{
    "query_cycle_4_0.graph": 6444.6303107789145,
    "query_cycle_4_1.graph": 5748.2654569892475,
    "query_cycle_4_10.graph": 268.1234746754332,
    "query_cycle_4_11.graph": 5273.855623257255,
    "query_cycle_4_12.graph": 5897.592297044214,
    "query_cycle_4_13.graph": 5893.971019877392,
    "query_cycle_4_14.graph": 686.2645865834634,
    "query_cycle_4_15.graph": 5893.971019877392,
    "query_cycle_4_16.graph": 364.6539157990041,
    "query_cycle_4_17.graph": 612.9647473560517,
    "query_cycle_4_18.graph": 5748.2654569892475,
    "query_cycle_4_19.graph": 6394.071842200507,
    "query_cycle_4_2.graph": 5667.174087484098,
    "query_cycle_4_20.graph": 6012.951005453306,
    "query_cycle_4_21.graph": 6855.0691567726835,
    "query_cycle_4_22.graph": 5748.2654569892475,
    "query_cycle_4_23.graph": 6112.681389629022,
    "query_cycle_4_24.graph": 5897.592297044214,
    "query_cycle_4_25.graph": 321.9294890947117,
    "query_cycle_4_26.graph": 6715.028941430393,
    "query_cycle_4_27.graph": 6072.650923811501,
    "query_cycle_4_28.graph": 6777.572225220363,
    "query_cycle_4_29.graph": 5667.174087484098,
    "query_cycle_4_3.graph": 6600.937534126898,
    "query_cycle_4_30.graph": 6855.0691567726835,
    "query_cycle_4_31.graph": 6416.5835127918,
    "query_cycle_4_32.graph": 348.9375,
    "query_cycle_4_33.graph": 6062.064890135577,
    "query_cycle_4_34.graph": 727.2874635568513,
    "query_cycle_4_35.graph": 5100.260146528666,
    "query_cycle_4_36.graph": 6012.951005453306,
    "query_cycle_4_37.graph": 6297.225078424538,
    "query_cycle_4_38.graph": 5594.769833399445,
    "query_cycle_4_39.graph": 5100.260146528666,
    "query_cycle_4_4.graph": 154.864406779661,
    "query_cycle_4_40.graph": 1181.5882352941176,
    "query_cycle_4_41.graph": 243.93453444125186,
    "query_cycle_4_42.graph": 7093.130101258054,
    "query_cycle_4_43.graph": 5919.218995558593,
    "query_cycle_4_44.graph": 769.35173553719,
    "query_cycle_4_45.graph": 6297.225078424538,
    "query_cycle_4_46.graph": 332.0472189173111,
    "query_cycle_4_47.graph": 6637.503195987806,
    "query_cycle_4_48.graph": 671.8127320954907,
    "query_cycle_4_49.graph": 6422.736687631027,
    "query_cycle_4_5.graph": 6072.650923811501,
    "query_cycle_4_6.graph": 5273.855623257255,
    "query_cycle_4_7.graph": 364.6539157990041,
    "query_cycle_4_8.graph": 876.2362012987013,
    "query_cycle_4_9.graph": 4202.0611216131065,
    "query_cycle_6_1.graph": 3131.420986490732,
    "query_cycle_6_10.graph": 3560.495327102804,
    "query_cycle_6_11.graph": 7541.933060378657,
    "query_cycle_6_15.graph": 4002.119974874372,
    "query_cycle_6_16.graph": 1410.1501191421764,
    "query_cycle_6_17.graph": 17.0,
    "query_cycle_6_18.graph": 2382.359781950333,
    "query_cycle_6_20.graph": 677.8245614035088,
    "query_cycle_6_21.graph": 2242.472888638003,
    "query_cycle_6_22.graph": 2066.4213909799482,
    "query_cycle_6_25.graph": 232.4747182895117,
    "query_cycle_6_27.graph": 6362.726050420168,
    "query_cycle_6_28.graph": 5534.007117437723,
    "query_cycle_6_29.graph": 6838.870594065539,
    "query_cycle_6_31.graph": 4439.72966507177,
    "query_cycle_6_32.graph": 10550.149677419355,
    "query_cycle_6_33.graph": 1220.6031009506564,
    "query_cycle_6_35.graph": 2151.1018518518517,
    "query_cycle_6_36.graph": 1188.0148443898445,
    "query_cycle_6_37.graph": 109.16938110749186,
    "query_cycle_6_38.graph": 2439.476923076923,
    "query_cycle_6_39.graph": 125.24327784891165,
    "query_cycle_6_4.graph": 398.0913961506907,
    "query_cycle_6_40.graph": 2751.859054280067,
    "query_cycle_6_42.graph": 1112.0449514125748,
    "query_cycle_6_43.graph": 334.7999190742821,
    "query_cycle_6_44.graph": 7377.414068124438,
    "query_cycle_6_45.graph": 4376.512916600223,
    "query_cycle_6_46.graph": 5335.978723404255,
    "query_cycle_6_48.graph": 579.1980198019802,
    "query_cycle_6_6.graph": 1160.0396809571287,
    "query_cycle_6_7.graph": 1996.6035923704253,
    "query_cycle_6_8.graph": 2742.9429217840984,
    "query_cycle_6_9.graph": 9138.639249248232,
    "query_cycle_8_0.graph": 186.06896551724137,
    "query_cycle_8_10.graph": 981.1151586368977,
    "query_cycle_8_12.graph": 201.00155210643015,
    "query_cycle_8_18.graph": 289.1642512077295,
    "query_cycle_8_19.graph": 1718.4164024128233,
    "query_cycle_8_20.graph": 12059.289124508767,
    "query_cycle_8_23.graph": 215.4915254237288,
    "query_cycle_8_24.graph": 1474.4634061837382,
    "query_cycle_8_26.graph": 2251.1408450704225,
    "query_cycle_8_28.graph": null,
    "query_cycle_8_29.graph": 9681.353447135107,
    "query_cycle_8_3.graph": 127.1497641509434,
    "query_cycle_8_31.graph": 691.3188188188188,
    "query_cycle_8_33.graph": 4943.011047282369,
    "query_cycle_8_35.graph": 51.77607563880079,
    "query_cycle_8_36.graph": 478.6237623762376,
    "query_cycle_8_37.graph": 7708.451534822313,
    "query_cycle_8_39.graph": 2760.0014717605936,
    "query_cycle_8_40.graph": 2505.1199069841396,
    "query_cycle_8_41.graph": 234.0,
    "query_cycle_8_42.graph": 316.3529411764706,
    "query_cycle_8_44.graph": 890.7058823529412,
    "query_cycle_8_46.graph": 862.8143118870568,
    "query_cycle_8_47.graph": null,
    "query_cycle_8_48.graph": 5785.937897032331,
    "query_cycle_8_49.graph": null,
    "query_cycle_8_5.graph": 3040.7809576244745,
    "query_cycle_8_6.graph": 665.1129797326433,
    "query_cycle_8_8.graph": 1061.3050570094542
}