======================================================================
 🚀 FaSTest-Oracle 批量实验启动 | 总任务数: 2 | 并发模式: False
======================================================================

[任务启动] 数据集: amazon | 模式: COUNT
🚀 正在运行: /home/wangshuo/projects/PROXY/cProject/build/Fastest -d amazon --ROOT_LABEL 1 --SAMPLE_BUDGET 60000 --BASE_DIR /home/wangshuo/projects/PROXY/datasets --ESTIMATE_WITH_PREDICATE --POST_ORACLE_COL ML3_oracle2_probability --COMMENT_ORACLE_COL ML2_oracle1_probability --AGG_FUNC count --MULTI_PROXY_PROB ML3_proxy2_probability --BUDGET_CURVE_IN /home/wangshuo/projects/PROXY/datasets/amazon/results/efficiency/allocation_strategy_comparison_count.csv --FASTESTO_BUDGET_CURVE --FASTESTO_RUNS 5 --FASTESTO_BUDGET_CURVE_OUT /home/wangshuo/projects/PROXY/datasets/amazon/results/efficiency/FastestO_budget_curve_count.csv --ORACLE_TABLE1 product --ORACLE_TABLE2 review

[CLI] Root label set to 1
[CLI] Sample budget set to 60000
[CLI] Base Dir set to /home/wangshuo/projects/PROXY/datasets
[CLI] Mode: Estimate with Predicate enabled.
[CLI] Post Oracle Col: ML3_oracle2_probability
[CLI] Comment Oracle Col: ML2_oracle1_probability
[CLI] Multi Proxy Prob Dir Name: ML3_proxy2_probability
[CLI] Budget curve input: /home/wangshuo/projects/PROXY/datasets/amazon/results/efficiency/allocation_strategy_comparison_count.csv
[CLI] FastestO budget curve enabled.
[CLI] FastestO runs set to 5
[CLI] FastestO budget curve output: /home/wangshuo/projects/PROXY/datasets/amazon/results/efficiency/FastestO_budget_curve_count.csv
[info] SAMPLE_BUDGET:60000
[Info] Cleared old estimate file: /home/wangshuo/projects/PROXY/datasets/amazon/results/in_estimateW_result_count.txt
[Info] Cleared old FastestO curve file: /home/wangshuo/projects/PROXY/datasets/amazon/results/efficiency/FastestO_budget_curve_count.csv
[info] args:0x7fff3c565138
[info] summary_run1_path:/home/wangshuo/projects/PROXY/datasets/amazon/results/result_summarys/ML3_proxy2_probability/results_summary_run_1.csv
[Info] Reading core nodes configuration from: /home/wangshuo/projects/PROXY/datasets/amazon/data_graph/core_nodes_config_count.json
[Info] Loaded core query-node configs for 764 queries.
[Info] Loaded predicate-label configs for 764 queries.
[infor] root label1
Constructing Candidate Space: 12 16
[info] Query Size:764
[Info] Initializing Oracle Manager from: /home/wangshuo/projects/PROXY/datasets/amazon
[Info] Loaded ID Mapping size: 315526
[Info] Loading Oracle 1 from /home/wangshuo/projects/PROXY/datasets/amazon/csv_data/product.csv col: ML3_oracle2_probability
[Info] Loading Oracle 2 from /home/wangshuo/projects/PROXY/datasets/amazon/csv_data/review.csv col: ML2_oracle1_probability
[Info] OracleManager Ready. Total vertices with probability: 219501
[Warning] Summary file not found: /home/wangshuo/projects/PROXY/datasets/amazon/results/result_summarys/ML3_proxy2_probability/results_summary_run_1.csv
[Info] Loaded budget curve entries from /home/wangshuo/projects/PROXY/datasets/amazon/results/efficiency/allocation_strategy_comparison_count.csv

Start Processing (Multi-Predicate) /home/wangshuo/projects/PROXY/datasets/amazon/query_graph_count/query_3_0.graph
[Info] Using explicit query nodes for predicates: 1 2 
[Info] FOIS_nrs base budget not found, will rely strictly on Curve CSV.
[Warning] Requested root label 1 not found in query. Falling back to default root 2
  [FastestO Curve] run=1 frac=0.01 budget_n=500 est=994.4
  [FastestO Curve] run=1 frac=0.05 budget_n=500 est=743.797
  [FastestO Curve] run=1 frac=0.075 budget_n=500 est=780.864
  [FastestO Curve] run=1 frac=0.1 budget_n=906 est=922.14
  [FastestO Curve] run=1 frac=0.15 budget_n=500 est=862.368
  [FastestO Curve] run=1 frac=0.2 budget_n=500 est=834.904
  [FastestO Curve] run=1 frac=0.3 budget_n=500 est=868.079
  [FastestO Curve] run=1 frac=0.4 budget_n=500 est=1065.32
  [FastestO Curve] run=1 frac=0.5 budget_n=500 est=937.258
  [FastestO Curve] run=1 frac=0.6 budget_n=500 est=598.675
  [FastestO Curve] run=1 frac=0.7 budget_n=500 est=821.818
  [FastestO Curve] run=1 frac=0.8 budget_n=500 est=700.067
  [FastestO Curve] run=1 frac=0.9 budget_n=500 est=713.684
  [FastestO Curve] run=2 frac=0.01 budget_n=500 est=881.258
  [FastestO Curve] run=2 frac=0.05 budget_n=500 est=874.839
  [FastestO Curve] run=2 frac=0.075 budget_n=500 est=641.548
  [FastestO Curve] run=2 frac=0.1 budget_n=906 est=565.956
  [FastestO Curve] run=2 frac=0.15 budget_n=500 est=610.811
  [FastestO Curve] run=2 frac=0.2 budget_n=500 est=904
  [FastestO Curve] run=2 frac=0.3 budget_n=500 est=602.667
  [FastestO Curve] run=2 frac=0.4 budget_n=500 est=778.278
  [FastestO Curve] run=2 frac=0.5 budget_n=500 est=937.258
  [FastestO Curve] run=2 frac=0.6 budget_n=500 est=600.664
  [FastestO Curve] run=2 frac=0.7 budget_n=500 est=1023.95
  [FastestO Curve] run=2 frac=0.8 budget_n=500 est=738.562
  [FastestO Curve] run=2 frac=0.9 budget_n=500 est=953.197
  [FastestO Curve] run=3 frac=0.01 budget_n=500 est=686.205
  [FastestO Curve] run=3 frac=0.05 budget_n=500 est=652.066
  [FastestO Curve] run=3 frac=0.075 budget_n=500 est=683.947
  [FastestO Curve] run=3 frac=0.1 budget_n=906 est=656.622
  [FastestO Curve] run=3 frac=0.15 budget_n=500 est=931.03
  [FastestO Curve] run=3 frac=0.2 budget_n=500 est=805.545
  [FastestO Curve] run=3 frac=0.3 budget_n=500 est=634.916
  [FastestO Curve] run=3 frac=0.4 budget_n=500 est=773.158
  [FastestO Curve] run=3 frac=0.5 budget_n=500 est=851.169
  [FastestO Curve] run=3 frac=0.6 budget_n=500 est=620.392
  [FastestO Curve] run=3 frac=0.7 budget_n=500 est=647.818
  [FastestO Curve] run=3 frac=0.8 budget_n=500 est=961.063
  [FastestO Curve] run=3 frac=0.9 budget_n=500 est=718.411
  [FastestO Curve] run=4 frac=0.01 budget_n=500 est=706.71
  [FastestO Curve] run=4 frac=0.05 budget_n=500 est=851.169
  [FastestO Curve] run=4 frac=0.075 budget_n=500 est=602.667
  [FastestO Curve] run=4 frac=0.1 budget_n=906 est=869.828
  [FastestO Curve] run=4 frac=0.15 budget_n=500 est=637.047
  [FastestO Curve] run=4 frac=0.2 budget_n=500 est=758.194
  [FastestO Curve] run=4 frac=0.3 budget_n=500 est=608.462
  [FastestO Curve] run=4 frac=0.4 budget_n=500 est=745.875
  [FastestO Curve] run=4 frac=0.5 budget_n=500 est=618.371
  [FastestO Curve] run=4 frac=0.6 budget_n=500 est=805.545
  [FastestO Curve] run=4 frac=0.7 budget_n=500 est=927.947
  [FastestO Curve] run=4 frac=0.8 budget_n=500 est=672.88
  [FastestO Curve] run=4 frac=0.9 budget_n=500 est=876.789
  [FastestO Curve] run=5 frac=0.01 budget_n=500 est=738.562
  [FastestO Curve] run=5 frac=0.05 budget_n=500 est=683.947
  [FastestO Curve] run=5 frac=0.075 budget_n=500 est=540.598
  [FastestO Curve] run=5 frac=0.1 budget_n=906 est=758.389
  [FastestO Curve] run=5 frac=0.15 budget_n=500 est=717.46
  [FastestO Curve] run=5 frac=0.2 budget_n=500 est=545.27
  [FastestO Curve] run=5 frac=0.3 budget_n=500 est=916.216
  [FastestO Curve] run=5 frac=0.4 budget_n=500 est=665.151
  [FastestO Curve] run=5 frac=0.5 budget_n=500 est=840.256
  [FastestO Curve] run=5 frac=0.6 budget_n=500 est=677.264
  [FastestO Curve] run=5 frac=0.7 budget_n=500 est=713.684
  [FastestO Curve] run=5 frac=0.8 budget_n=500 est=904
  [FastestO Curve] run=5 frac=0.9 budget_n=500 est=816.321
  [Result] #CandTree           : 9040
  [Result] #TreeTrials         : 299
  [Result] #TreeSuccess        : 27
  [Result] #UniqueOracleNodes  : 500.0000
  [Result] Truth               : 9040.0000
  [Result] Est                 : 816.3211
  [Result] logQError           : -1.0443
  [Result] TreeCountTime       : 4.8140
  [Result] QueryTime           : 0.3637
/home/wangshuo/projects/PROXY/datasets/amazon/query_graph_count/query_3_0.graph Finished!

Start Processing (Multi-Predicate) /home/wangshuo/projects/PROXY/datasets/amazon/query_graph_count/query_3_1.graph
[Info] Using explicit query nodes for predicates: 0 2 
[Info] FOIS_nrs base budget not found, will rely strictly on Curve CSV.
[Warning] Requested root label 1 not found in query. Falling back to default root 0
  [FastestO Curve] run=1 frac=0.01 budget_n=500 est=828.501
  [FastestO Curve] run=1 frac=0.05 budget_n=500 est=1042.31
  [FastestO Curve] run=1 frac=0.075 budget_n=500 est=911.2
  [FastestO Curve] run=1 frac=0.1 budget_n=933 est=913.313
  [FastestO Curve] run=1 frac=0.15 budget_n=500 est=784.372
  [FastestO Curve] run=1 frac=0.2 budget_n=500 est=949.901
  [FastestO Curve] run=1 frac=0.3 budget_n=500 est=933.924
  [FastestO Curve] run=1 frac=0.4 budget_n=500 est=996.013
  [FastestO Curve] run=1 frac=0.5 budget_n=500 est=853.238
  [FastestO Curve] run=1 frac=0.6 budget_n=500 est=893.899
  [FastestO Curve] run=1 frac=0.7 budget_n=500 est=919.128
  [FastestO Curve] run=1 frac=0.8 budget_n=500 est=1035.51
  [FastestO Curve] run=1 frac=0.9 budget_n=500 est=942.628
  [FastestO Curve] run=2 frac=0.01 budget_n=500 est=1100.4
  [FastestO Curve] run=2 frac=0.05 budget_n=500 est=1031.65
  [FastestO Curve] run=2 frac=0.075 budget_n=500 est=955.627
  [FastestO Curve] run=2 frac=0.1 budget_n=933 est=907.763
  [FastestO Curve] run=2 frac=0.15 budget_n=500 est=969.348
  [FastestO Curve] run=2 frac=0.2 budget_n=500 est=985.558
  [FastestO Curve] run=2 frac=0.3 budget_n=500 est=987.161
  [FastestO Curve] run=2 frac=0.4 budget_n=500 est=950.467
  [FastestO Curve] run=2 frac=0.5 budget_n=500 est=893.109
  [FastestO Curve] run=2 frac=0.6 budget_n=500 est=1184.19
  [FastestO Curve] run=2 frac=0.7 budget_n=500 est=917.678
  [FastestO Curve] run=2 frac=0.8 budget_n=500 est=831.324
  [FastestO Curve] run=2 frac=0.9 budget_n=500 est=965.189
  [FastestO Curve] run=3 frac=0.01 budget_n=500 est=984.177
  [FastestO Curve] run=3 frac=0.05 budget_n=500 est=803.048
  [FastestO Curve] run=3 frac=0.075 budget_n=500 est=1102.14
  [FastestO Curve] run=3 frac=0.1 budget_n=933 est=958.291
  [FastestO Curve] run=3 frac=0.15 budget_n=500 est=1085.05
  [FastestO Curve] run=3 frac=0.2 budget_n=500 est=813.039
  [FastestO Curve] run=3 frac=0.3 budget_n=500 est=843.2
  [FastestO Curve] run=3 frac=0.4 budget_n=500 est=1025.33
  [FastestO Curve] run=3 frac=0.5 budget_n=500 est=915.63
  [FastestO Curve] run=3 frac=0.6 budget_n=500 est=901.964
  [FastestO Curve] run=3 frac=0.7 budget_n=500 est=1208.59
  [FastestO Curve] run=3 frac=0.8 budget_n=500 est=1095.06
  [FastestO Curve] run=3 frac=0.9 budget_n=500 est=953.784
  [FastestO Curve] run=4 frac=0.01 budget_n=500 est=832.948
  [FastestO Curve] run=4 frac=0.05 budget_n=500 est=958.182
  [FastestO Curve] run=4 frac=0.075 budget_n=500 est=1108.37
  [FastestO Curve] run=4 frac=0.1 budget_n=933 est=930.035
  [FastestO Curve] run=4 frac=0.15 budget_n=500 est=963.3
  [FastestO Curve] run=4 frac=0.2 budget_n=500 est=898.708
  [FastestO Curve] run=4 frac=0.3 budget_n=500 est=879.743
  [FastestO Curve] run=4 frac=0.4 budget_n=500 est=850.936
  [FastestO Curve] run=4 frac=0.5 budget_n=500 est=875.019
  [FastestO Curve] run=4 frac=0.6 budget_n=500 est=1178.21
  [FastestO Curve] run=4 frac=0.7 budget_n=500 est=1027.32
  [FastestO Curve] run=4 frac=0.8 budget_n=500 est=912.672
  [FastestO Curve] run=4 frac=0.9 budget_n=500 est=843.2
  [FastestO Curve] run=5 frac=0.01 budget_n=500 est=890.977
  [FastestO Curve] run=5 frac=0.05 budget_n=500 est=622.241
  [FastestO Curve] run=5 frac=0.075 budget_n=500 est=978.595
  [FastestO Curve] run=5 frac=0.1 budget_n=933 est=923.596
  [FastestO Curve] run=5 frac=0.15 budget_n=500 est=800.024
  [FastestO Curve] run=5 frac=0.2 budget_n=500 est=1119.77
  [FastestO Curve] run=5 frac=0.3 budget_n=500 est=953.299
  [FastestO Curve] run=5 frac=0.4 budget_n=500 est=699.368
  [FastestO Curve] run=5 frac=0.5 budget_n=500 est=947.57
  [FastestO Curve] run=5 frac=0.6 budget_n=500 est=787.675
  [FastestO Curve] run=5 frac=0.7 budget_n=500 est=747.139
  [FastestO Curve] run=5 frac=0.8 budget_n=500 est=938.469
  [FastestO Curve] run=5 frac=0.9 budget_n=500 est=836.86
  [Result] #CandTree           : 8432
  [Result] #TreeTrials         : 665
  [Result] #TreeSuccess        : 66
  [Result] #UniqueOracleNodes  : 500.0000
  [Result] Truth               : 8432.0000
  [Result] Est                 : 836.8602
  [Result] logQError           : -1.0033
  [Result] TreeCountTime       : 6.5408
  [Result] QueryTime           : 0.5326
/home/wangshuo/projects/PROXY/datasets/amazon/query_graph_count/query_3_1.graph Finished!

Start Processing (Multi-Predicate) /home/wangshuo/projects/PROXY/datasets/amazon/query_graph_count/query_3_10.graph
[Info] Using explicit query nodes for predicates: 0 1 
[Info] FOIS_nrs base budget not found, will rely strictly on Curve CSV.
[Warning] Requested root label 1 not found in query. Falling back to default root 0
  [FastestO Curve] run=1 frac=0.01 budget_n=500 est=908.339
  [FastestO Curve] run=1 frac=0.05 budget_n=500 est=913.977
  [FastestO Curve] run=1 frac=0.075 budget_n=500 est=1070.4
  [FastestO Curve] run=1 frac=0.1 budget_n=994 est=955.177
  [FastestO Curve] run=1 frac=0.15 budget_n=500 est=1176.62
  [FastestO Curve] run=1 frac=0.2 budget_n=500 est=1120.7
  [FastestO Curve] run=1 frac=0.3 budget_n=500 est=998.828
  [FastestO Curve] run=1 frac=0.4 budget_n=500 est=1202.07
  [FastestO Curve] run=1 frac=0.5 budget_n=500 est=926.058
  [FastestO Curve] run=1 frac=0.6 budget_n=500 est=1089.89
  [FastestO Curve] run=1 frac=0.7 budget_n=500 est=982.888
  [FastestO Curve] run=1 frac=0.8 budget_n=500 est=1046.85
  [FastestO Curve] run=1 frac=0.9 budget_n=500 est=1130
  [FastestO Curve] run=2 frac=0.01 budget_n=500 est=1227.67
  [FastestO Curve] run=2 frac=0.05 budget_n=500 est=1167.9
  [FastestO Curve] run=2 frac=0.075 budget_n=500 est=1099.71
  [FastestO Curve] run=2 frac=0.1 budget_n=994 est=1129.83
  [FastestO Curve] run=2 frac=0.15 budget_n=500 est=980.745
  [FastestO Curve] run=2 frac=0.2 budget_n=500 est=1039.68
  [FastestO Curve] run=2 frac=0.3 budget_n=500 est=1295.49
  [FastestO Curve] run=2 frac=0.4 budget_n=500 est=1132.6
  [FastestO Curve] run=2 frac=0.5 budget_n=500 est=1246.63
  [FastestO Curve] run=2 frac=0.6 budget_n=500 est=1077.81
  [FastestO Curve] run=2 frac=0.7 budget_n=500 est=987.155
  [FastestO Curve] run=2 frac=0.8 budget_n=500 est=1005.73
  [FastestO Curve] run=2 frac=0.9 budget_n=500 est=1127.87
  [FastestO Curve] run=3 frac=0.01 budget_n=500 est=936.65
  [FastestO Curve] run=3 frac=0.05 budget_n=500 est=1023.32
  [FastestO Curve] run=3 frac=0.075 budget_n=500 est=1174.64
  [FastestO Curve] run=3 frac=0.1 budget_n=994 est=1086.92
  [FastestO Curve] run=3 frac=0.15 budget_n=500 est=1318.09
  [FastestO Curve] run=3 frac=0.2 budget_n=500 est=1022.72
  [FastestO Curve] run=3 frac=0.3 budget_n=500 est=1026.95
  [FastestO Curve] run=3 frac=0.4 budget_n=500 est=1215.57
  [FastestO Curve] run=3 frac=0.5 budget_n=500 est=963.283
  [FastestO Curve] run=3 frac=0.6 budget_n=500 est=1101.99
  [FastestO Curve] run=3 frac=0.7 budget_n=500 est=1074.37
  [FastestO Curve] run=3 frac=0.8 budget_n=500 est=1103.51
  [FastestO Curve] run=3 frac=0.9 budget_n=500 est=1038.02
  [FastestO Curve] run=4 frac=0.01 budget_n=500 est=1147.28
  [FastestO Curve] run=4 frac=0.05 budget_n=500 est=1166.79
  [FastestO Curve] run=4 frac=0.075 budget_n=500 est=1020.01
  [FastestO Curve] run=4 frac=0.1 budget_n=994 est=1180.18
  [FastestO Curve] run=4 frac=0.15 budget_n=500 est=916.14
  [FastestO Curve] run=4 frac=0.2 budget_n=500 est=976.443
  [FastestO Curve] run=4 frac=0.3 budget_n=500 est=1140.95
  [FastestO Curve] run=4 frac=0.4 budget_n=500 est=1145.71
  [FastestO Curve] run=4 frac=0.5 budget_n=500 est=954.535
  [FastestO Curve] run=4 frac=0.6 budget_n=500 est=887.777
  [FastestO Curve] run=4 frac=0.7 budget_n=500 est=816.653
  [FastestO Curve] run=4 frac=0.8 budget_n=500 est=984.965
  [FastestO Curve] run=4 frac=0.9 budget_n=500 est=1145.71
  [FastestO Curve] run=5 frac=0.01 budget_n=500 est=1051.97
  [FastestO Curve] run=5 frac=0.05 budget_n=500 est=998.709
  [FastestO Curve] run=5 frac=0.075 budget_n=500 est=1060.27
  [FastestO Curve] run=5 frac=0.1 budget_n=994 est=992.081
  [FastestO Curve] run=5 frac=0.15 budget_n=500 est=1148.37
  [FastestO Curve] run=5 frac=0.2 budget_n=500 est=977.11
  [FastestO Curve] run=5 frac=0.3 budget_n=500 est=889.396
  [FastestO Curve] run=5 frac=0.4 budget_n=500 est=1013.31
  [FastestO Curve] run=5 frac=0.5 budget_n=500 est=1151.7
  [FastestO Curve] run=5 frac=0.6 budget_n=500 est=1121.03
  [FastestO Curve] run=5 frac=0.7 budget_n=500 est=1176.16
  [FastestO Curve] run=5 frac=0.8 budget_n=500 est=1203.29
  [FastestO Curve] run=5 frac=0.9 budget_n=500 est=1145.99
  [Result] #CandTree           : 8509
  [Result] #TreeTrials         : 594
  [Result] #TreeSuccess        : 80
  [Result] #UniqueOracleNodes  : 500.0000
  [Result] Truth               : 8509.0000
  [Result] Est                 : 1145.9933
  [Result] logQError           : -0.8707
  [Result] TreeCountTime       : 6.4165
  [Result] QueryTime           : 0.4674
/home/wangshuo/projects/PROXY/datasets/amazon/query_graph_count/query_3_10.graph Finished!

Start Processing (Multi-Predicate) /home/wangshuo/projects/PROXY/datasets/amazon/query_graph_count/query_3_100.graph
[Info] Using explicit query nodes for predicates: 0 1 
[Info] FOIS_nrs base budget not found, will rely strictly on Curve CSV.
[Warning] Requested root label 1 not found in query. Falling back to default root 0
  [FastestO Curve] run=1 frac=0.01 budget_n=500 est=759.256
  [FastestO Curve] run=1 frac=0.05 budget_n=500 est=821.76
  [FastestO Curve] run=1 frac=0.075 budget_n=500 est=875.788
  [FastestO Curve] run=1 frac=0.1 budget_n=952 est=847.33
  [FastestO Curve] run=1 frac=0.15 budget_n=500 est=1029.63
  [FastestO Curve] run=1 frac=0.2 budget_n=500 est=871.858
  [FastestO Curve] run=1 frac=0.3 budget_n=500 est=887.954
  [FastestO Curve] run=1 frac=0.4 budget_n=500 est=879.832
  [FastestO Curve] run=1 frac=0.5 budget_n=500 est=915.637
  [FastestO Curve] run=1 frac=0.6 budget_n=500 est=761.015
  [FastestO Curve] run=1 frac=0.7 budget_n=500 est=892.347
  [FastestO Curve] run=1 frac=0.8 budget_n=500 est=905.631
  [FastestO Curve] run=1 frac=0.9 budget_n=500 est=810.974
  [FastestO Curve] run=2 frac=0.01 budget_n=500 est=759.834
  [FastestO Curve] run=2 frac=0.05 budget_n=500 est=818.167
  [FastestO Curve] run=2 frac=0.075 budget_n=500 est=1049.4
  [FastestO Curve] run=2 frac=0.1 budget_n=952 est=839.94
  [FastestO Curve] run=2 frac=0.15 budget_n=500 est=1000.2
  [FastestO Curve] run=2 frac=0.2 budget_n=500 est=1001.75
  [FastestO Curve] run=2 frac=0.3 budget_n=500 est=862.183
  [FastestO Curve] run=2 frac=0.4 budget_n=500 est=875.807
  [FastestO Curve] run=2 frac=0.5 budget_n=500 est=1174.49
  [FastestO Curve] run=2 frac=0.6 budget_n=500 est=781.75
  [FastestO Curve] run=2 frac=0.7 budget_n=500 est=991.011
  [FastestO Curve] run=2 frac=0.8 budget_n=500 est=983.321
  [FastestO Curve] run=2 frac=0.9 budget_n=500 est=1140.05
  [FastestO Curve] run=3 frac=0.01 budget_n=500 est=953.246
  [FastestO Curve] run=3 frac=0.05 budget_n=500 est=895.572
  [FastestO Curve] run=3 frac=0.075 budget_n=500 est=825.99
  [FastestO Curve] run=3 frac=0.1 budget_n=952 est=892.896
  [FastestO Curve] run=3 frac=0.15 budget_n=500 est=925.468
  [FastestO Curve] run=3 frac=0.2 budget_n=500 est=968.592
  [FastestO Curve] run=3 frac=0.3 budget_n=500 est=1084.65
  [FastestO Curve] run=3 frac=0.4 budget_n=500 est=933.311
  [FastestO Curve] run=3 frac=0.5 budget_n=500 est=874.5
  [FastestO Curve] run=3 frac=0.6 budget_n=500 est=963.906
  [FastestO Curve] run=3 frac=0.7 budget_n=500 est=1033.62
  [FastestO Curve] run=3 frac=0.8 budget_n=500 est=945.405
  [FastestO Curve] run=3 frac=0.9 budget_n=500 est=830.973
  [FastestO Curve] run=4 frac=0.01 budget_n=500 est=863.704
  [FastestO Curve] run=4 frac=0.05 budget_n=500 est=1006.42
  [FastestO Curve] run=4 frac=0.075 budget_n=500 est=870.42
  [FastestO Curve] run=4 frac=0.1 budget_n=952 est=882.523
  [FastestO Curve] run=4 frac=0.15 budget_n=500 est=906.143
  [FastestO Curve] run=4 frac=0.2 budget_n=500 est=1005.81
  [FastestO Curve] run=4 frac=0.3 budget_n=500 est=830.386
  [FastestO Curve] run=4 frac=0.4 budget_n=500 est=900.421
  [FastestO Curve] run=4 frac=0.5 budget_n=500 est=852.5
  [FastestO Curve] run=4 frac=0.6 budget_n=500 est=846.717
  [FastestO Curve] run=4 frac=0.7 budget_n=500 est=1005.94
  [FastestO Curve] run=4 frac=0.8 budget_n=500 est=881.386
  [FastestO Curve] run=4 frac=0.9 budget_n=500 est=998.657
  [FastestO Curve] run=5 frac=0.01 budget_n=500 est=951.743
  [FastestO Curve] run=5 frac=0.05 budget_n=500 est=1009.59
  [FastestO Curve] run=5 frac=0.075 budget_n=500 est=1023.8
  [FastestO Curve] run=5 frac=0.1 budget_n=952 est=985.155
  [FastestO Curve] run=5 frac=0.15 budget_n=500 est=859.947
  [FastestO Curve] run=5 frac=0.2 budget_n=500 est=923.564
  [FastestO Curve] run=5 frac=0.3 budget_n=500 est=945.405
  [FastestO Curve] run=5 frac=0.4 budget_n=500 est=962.5
  [FastestO Curve] run=5 frac=0.5 budget_n=500 est=844.992
  [FastestO Curve] run=5 frac=0.6 budget_n=500 est=1132.04
  [FastestO Curve] run=5 frac=0.7 budget_n=500 est=866.118
  [FastestO Curve] run=5 frac=0.8 budget_n=500 est=1255.54
  [FastestO Curve] run=5 frac=0.9 budget_n=500 est=851.872
  [Result] #CandTree           : 8745
  [Result] #TreeTrials         : 657
  [Result] #TreeSuccess        : 64
  [Result] #UniqueOracleNodes  : 500.0000
  [Result] Truth               : 8745.0000
  [Result] Est                 : 851.8721
  [Result] logQError           : -1.0114
  [Result] TreeCountTime       : 6.6207
  [Result] QueryTime           : 0.5041
/home/wangshuo/projects/PROXY/datasets/amazon/query_graph_count/query_3_100.graph Finished!

Start Processing (Multi-Predicate) /home/wangshuo/projects/PROXY/datasets/amazon/query_graph_count/query_3_101.graph
[Info] Using explicit query nodes for predicates: 0 1 
[Info] FOIS_nrs base budget not found, will rely strictly on Curve CSV.
[Warning] Requested root label 1 not found in query. Falling back to default root 0
  [FastestO Curve] run=1 frac=0.01 budget_n=500 est=1048.76
  [FastestO Curve] run=1 frac=0.05 budget_n=500 est=870.07
  [FastestO Curve] run=1 frac=0.075 budget_n=500 est=910.822
  [FastestO Curve] run=1 frac=0.1 budget_n=923 est=1062.51
  [FastestO Curve] run=1 frac=0.15 budget_n=500 est=980.465
  [FastestO Curve] run=1 frac=0.2 budget_n=500 est=881.697
  [FastestO Curve] run=1 frac=0.3 budget_n=500 est=1010.22
  [FastestO Curve] run=1 frac=0.4 budget_n=500 est=942.875
  [FastestO Curve] run=1 frac=0.5 budget_n=500 est=752.394
  [FastestO Curve] run=1 frac=0.6 budget_n=500 est=1010.78
  [FastestO Curve] run=1 frac=0.7 budget_n=500 est=986.436
  [FastestO Curve] run=1 frac=0.8 budget_n=500 est=853.546
  [FastestO Curve] run=1 frac=0.9 budget_n=500 est=729.818
  [FastestO Curve] run=2 frac=0.01 budget_n=500 est=1038.63
  [FastestO Curve] run=2 frac=0.05 budget_n=500 est=972.923
  [FastestO Curve] run=2 frac=0.075 budget_n=500 est=1116
  [FastestO Curve] run=2 frac=0.1 budget_n=923 est=852.246
  [FastestO Curve] run=2 frac=0.15 budget_n=500 est=1144.74
  [FastestO Curve] run=2 frac=0.2 budget_n=500 est=911.925
  [FastestO Curve] run=2 frac=0.3 budget_n=500 est=1059.16
  [FastestO Curve] run=2 frac=0.4 budget_n=500 est=964.045
  [FastestO Curve] run=2 frac=0.5 budget_n=500 est=852.674
  [FastestO Curve] run=2 frac=0.6 budget_n=500 est=862.809
  [FastestO Curve] run=2 frac=0.7 budget_n=500 est=920.104
  [FastestO Curve] run=2 frac=0.8 budget_n=500 est=788.154
  [FastestO Curve] run=2 frac=0.9 budget_n=500 est=984.177
  [FastestO Curve] run=3 frac=0.01 budget_n=500 est=942.963
  [FastestO Curve] run=3 frac=0.05 budget_n=500 est=765.366
  [FastestO Curve] run=3 frac=0.075 budget_n=500 est=1055.81
  [FastestO Curve] run=3 frac=0.1 budget_n=923 est=964.93
  [FastestO Curve] run=3 frac=0.15 budget_n=500 est=934.084
  [FastestO Curve] run=3 frac=0.2 budget_n=500 est=852.379
  [FastestO Curve] run=3 frac=0.3 budget_n=500 est=866.841
  [FastestO Curve] run=3 frac=0.4 budget_n=500 est=1021.27
  [FastestO Curve] run=3 frac=0.5 budget_n=500 est=986.436
  [FastestO Curve] run=3 frac=0.6 budget_n=500 est=1081.38
  [FastestO Curve] run=3 frac=0.7 budget_n=500 est=828.501
  [FastestO Curve] run=3 frac=0.8 budget_n=500 est=1028.94
  [FastestO Curve] run=3 frac=0.9 budget_n=500 est=805.445
  [FastestO Curve] run=4 frac=0.01 budget_n=500 est=996.754
  [FastestO Curve] run=4 frac=0.05 budget_n=500 est=1182.19
  [FastestO Curve] run=4 frac=0.075 budget_n=500 est=987.908
  [FastestO Curve] run=4 frac=0.1 budget_n=923 est=852.17
  [FastestO Curve] run=4 frac=0.15 budget_n=500 est=1057.18
  [FastestO Curve] run=4 frac=0.2 budget_n=500 est=918.608
  [FastestO Curve] run=4 frac=0.3 budget_n=500 est=1027.32
  [FastestO Curve] run=4 frac=0.4 budget_n=500 est=941.308
  [FastestO Curve] run=4 frac=0.5 budget_n=500 est=938.337
  [FastestO Curve] run=4 frac=0.6 budget_n=500 est=985.047
  [FastestO Curve] run=4 frac=0.7 budget_n=500 est=847.171
  [FastestO Curve] run=4 frac=0.8 budget_n=500 est=862.058
  [FastestO Curve] run=4 frac=0.9 budget_n=500 est=988.938
  [FastestO Curve] run=5 frac=0.01 budget_n=500 est=833.786
  [FastestO Curve] run=5 frac=0.05 budget_n=500 est=976.051
  [FastestO Curve] run=5 frac=0.075 budget_n=500 est=1052.22
  [FastestO Curve] run=5 frac=0.1 budget_n=923 est=910.806
  [FastestO Curve] run=5 frac=0.15 budget_n=500 est=862.058
  [FastestO Curve] run=5 frac=0.2 budget_n=500 est=924.973
  [FastestO Curve] run=5 frac=0.3 budget_n=500 est=778.142
  [FastestO Curve] run=5 frac=0.4 budget_n=500 est=944.174
  [FastestO Curve] run=5 frac=0.5 budget_n=500 est=1047.2
  [FastestO Curve] run=5 frac=0.6 budget_n=500 est=801.775
  [FastestO Curve] run=5 frac=0.7 budget_n=500 est=876.928
  [FastestO Curve] run=5 frac=0.8 budget_n=500 est=1037.16
  [FastestO Curve] run=5 frac=0.9 budget_n=500 est=1008.48
  [Result] #CandTree           : 8432
  [Result] #TreeTrials         : 602
  [Result] #TreeSuccess        : 72
  [Result] #UniqueOracleNodes  : 500.0000
  [Result] Truth               : 8432.0000
  [Result] Est                 : 1008.4784
  [Result] logQError           : -0.9223
  [Result] TreeCountTime       : 6.4902
  [Result] QueryTime           : 0.4846
/home/wangshuo/projects/PROXY/datasets/amazon/query_graph_count/query_3_101.graph Finished!

Start Processing (Multi-Predicate) /home/wangshuo/projects/PROXY/datasets/amazon/query_graph_count/query_3_102.graph
[Info] Using explicit query nodes for predicates: 1 2 
[Info] FOIS_nrs base budget not found, will rely strictly on Curve CSV.
[Warning] Requested root label 1 not found in query. Falling back to default root 2
  [FastestO Curve] run=1 frac=0.01 budget_n=500 est=915.817
  [FastestO Curve] run=1 frac=0.05 budget_n=500 est=643.625
  [FastestO Curve] run=1 frac=0.075 budget_n=500 est=971.726
  [FastestO Curve] run=1 frac=0.1 budget_n=933 est=671.793
  [FastestO Curve] run=1 frac=0.15 budget_n=500 est=773.158
  [FastestO Curve] run=1 frac=0.2 budget_n=500 est=662.933
  [FastestO Curve] run=1 frac=0.3 budget_n=500 est=686.205
  [FastestO Curve] run=1 frac=0.4 budget_n=500 est=760.647
  [FastestO Curve] run=1 frac=0.5 budget_n=500 est=743.421
  [FastestO Curve] run=1 frac=0.6 budget_n=500 est=802.895
  [FastestO Curve] run=1 frac=0.7 budget_n=500 est=606.711
  [FastestO Curve] run=1 frac=0.8 budget_n=500 est=961.063
  [FastestO Curve] run=1 frac=0.9 budget_n=500 est=984.554
  [FastestO Curve] run=2 frac=0.01 budget_n=500 est=853.941
  [FastestO Curve] run=2 frac=0.05 budget_n=500 est=797.647
  [FastestO Curve] run=2 frac=0.075 budget_n=500 est=939.221
  [FastestO Curve] run=2 frac=0.1 budget_n=933 est=650.033
  [FastestO Curve] run=2 frac=0.15 budget_n=500 est=679.477
  [FastestO Curve] run=2 frac=0.2 budget_n=500 est=763.117
  [FastestO Curve] run=2 frac=0.3 budget_n=500 est=632.8
  [FastestO Curve] run=2 frac=0.4 budget_n=500 est=778.278
  [FastestO Curve] run=2 frac=0.5 budget_n=500 est=542.4
  [FastestO Curve] run=2 frac=0.6 budget_n=500 est=885.676
  [FastestO Curve] run=2 frac=0.7 budget_n=500 est=763.117
  [FastestO Curve] run=2 frac=0.8 budget_n=500 est=786.087
  [FastestO Curve] run=2 frac=0.9 budget_n=500 est=948.459
  [FastestO Curve] run=3 frac=0.01 budget_n=500 est=775.71
  [FastestO Curve] run=3 frac=0.05 budget_n=500 est=618.371
  [FastestO Curve] run=3 frac=0.075 budget_n=500 est=586.212
  [FastestO Curve] run=3 frac=0.1 budget_n=933 est=678.369
  [FastestO Curve] run=3 frac=0.15 budget_n=500 est=743.421
  [FastestO Curve] run=3 frac=0.2 budget_n=500 est=535.263
  [FastestO Curve] run=3 frac=0.3 budget_n=500 est=686.205
  [FastestO Curve] run=3 frac=0.4 budget_n=500 est=626.535
  [FastestO Curve] run=3 frac=0.5 budget_n=500 est=699.871
  [FastestO Curve] run=3 frac=0.6 budget_n=500 est=610.811
  [FastestO Curve] run=3 frac=0.7 budget_n=500 est=665.151
  [FastestO Curve] run=3 frac=0.8 budget_n=500 est=1092.08
  [FastestO Curve] run=3 frac=0.9 budget_n=500 est=697.718
  [FastestO Curve] run=4 frac=0.01 budget_n=500 est=918.82
  [FastestO Curve] run=4 frac=0.05 budget_n=500 est=841.655
  [FastestO Curve] run=4 frac=0.075 budget_n=500 est=647.818
  [FastestO Curve] run=4 frac=0.1 budget_n=933 est=768.4
  [FastestO Curve] run=4 frac=0.15 budget_n=500 est=478.94
  [FastestO Curve] run=4 frac=0.2 budget_n=500 est=862.368
  [FastestO Curve] run=4 frac=0.3 budget_n=500 est=709.02
  [FastestO Curve] run=4 frac=0.4 budget_n=500 est=835.38
  [FastestO Curve] run=4 frac=0.5 budget_n=500 est=557.662
  [FastestO Curve] run=4 frac=0.6 budget_n=500 est=681.705
  [FastestO Curve] run=4 frac=0.7 budget_n=500 est=859.541
  [FastestO Curve] run=4 frac=0.8 budget_n=500 est=733.766
  [FastestO Curve] run=4 frac=0.9 budget_n=500 est=810.897
  [FastestO Curve] run=5 frac=0.01 budget_n=500 est=748.344
  [FastestO Curve] run=5 frac=0.05 budget_n=500 est=1118.96
  [FastestO Curve] run=5 frac=0.075 budget_n=500 est=934.133
  [FastestO Curve] run=5 frac=0.1 budget_n=933 est=819.11
  [FastestO Curve] run=5 frac=0.15 budget_n=500 est=488.649
  [FastestO Curve] run=5 frac=0.2 budget_n=500 est=718.411
  [FastestO Curve] run=5 frac=0.3 budget_n=500 est=722.045
  [FastestO Curve] run=5 frac=0.4 budget_n=500 est=614.966
  [FastestO Curve] run=5 frac=0.5 budget_n=500 est=786.087
  [FastestO Curve] run=5 frac=0.6 budget_n=500 est=748.344
  [FastestO Curve] run=5 frac=0.7 budget_n=500 est=792.468
  [FastestO Curve] run=5 frac=0.8 budget_n=500 est=622.426
  [FastestO Curve] run=5 frac=0.9 budget_n=500 est=510.565
  [Result] #CandTree           : 9040
  [Result] #TreeTrials         : 301
  [Result] #TreeSuccess        : 17
  [Result] #UniqueOracleNodes  : 500.0000
  [Result] Truth               : 9040.0000
  [Result] Est                 : 510.5648
  [Result] logQError           : -1.2481
  [Result] TreeCountTime       : 6.7229
  [Result] QueryTime           : 0.3477
/home/wangshuo/projects/PROXY/datasets/amazon/query_graph_count/query_3_102.graph Finished!

Start Processing (Multi-Predicate) /home/wangshuo/projects/PROXY/datasets/amazon/query_graph_count/query_3_103.graph
[Info] Using explicit query nodes for predicates: 2 
[Info] FOIS_nrs base budget not found, will rely strictly on Curve CSV.
[Warning] Requested root label 1 not found in query. Falling back to default root 1
  [FastestO Curve] run=1 frac=0.01 budget_n=500 est=10287.4
  [FastestO Curve] run=1 frac=0.05 budget_n=500 est=10416.2
  [FastestO Curve] run=1 frac=0.075 budget_n=500 est=10151.6
  [FastestO Curve] run=1 frac=0.1 budget_n=1320 est=10143
  [FastestO Curve] run=1 frac=0.15 budget_n=500 est=10007.2
  [FastestO Curve] run=1 frac=0.2 budget_n=500 est=9718.72
  [FastestO Curve] run=1 frac=0.3 budget_n=500 est=10358.8
  [FastestO Curve] run=1 frac=0.4 budget_n=500 est=10360.4
  [FastestO Curve] run=1 frac=0.5 budget_n=500 est=10210.6
  [FastestO Curve] run=1 frac=0.6 budget_n=500 est=9997.75
  [FastestO Curve] run=1 frac=0.7 budget_n=500 est=10513.7
  [FastestO Curve] run=1 frac=0.8 budget_n=500 est=10363.5
  [FastestO Curve] run=1 frac=0.9 budget_n=500 est=10493.2
  [FastestO Curve] run=2 frac=0.01 budget_n=500 est=10113.8
  [FastestO Curve] run=2 frac=0.05 budget_n=500 est=9707.87
  [FastestO Curve] run=2 frac=0.075 budget_n=500 est=10208.3
  [FastestO Curve] run=2 frac=0.1 budget_n=1320 est=10197.1
  [FastestO Curve] run=2 frac=0.15 budget_n=500 est=9896.06
  [FastestO Curve] run=2 frac=0.2 budget_n=500 est=10226
  [FastestO Curve] run=2 frac=0.3 budget_n=500 est=10175.6
  [FastestO Curve] run=2 frac=0.4 budget_n=500 est=10075.6
  [FastestO Curve] run=2 frac=0.5 budget_n=500 est=9369.79
  [FastestO Curve] run=2 frac=0.6 budget_n=500 est=10165
  [FastestO Curve] run=2 frac=0.7 budget_n=500 est=10145.6
  [FastestO Curve] run=2 frac=0.8 budget_n=500 est=9919.59
  [FastestO Curve] run=2 frac=0.9 budget_n=500 est=9988
  [FastestO Curve] run=3 frac=0.01 budget_n=500 est=9997.75
  [FastestO Curve] run=3 frac=0.05 budget_n=500 est=9710.56
  [FastestO Curve] run=3 frac=0.075 budget_n=500 est=10157.7
  [FastestO Curve] run=3 frac=0.1 budget_n=1320 est=10023.2
  [FastestO Curve] run=3 frac=0.15 budget_n=500 est=10203.9
  [FastestO Curve] run=3 frac=0.2 budget_n=500 est=9906.05
  [FastestO Curve] run=3 frac=0.3 budget_n=500 est=10180.1
  [FastestO Curve] run=3 frac=0.4 budget_n=500 est=10174.8
  [FastestO Curve] run=3 frac=0.5 budget_n=500 est=10237.2
  [FastestO Curve] run=3 frac=0.6 budget_n=500 est=10090.6
  [FastestO Curve] run=3 frac=0.7 budget_n=500 est=9905.25
  [FastestO Curve] run=3 frac=0.8 budget_n=500 est=10228.4
  [FastestO Curve] run=3 frac=0.9 budget_n=500 est=10481.5
  [FastestO Curve] run=4 frac=0.01 budget_n=500 est=9832.24
  [FastestO Curve] run=4 frac=0.05 budget_n=500 est=9904.44
  [FastestO Curve] run=4 frac=0.075 budget_n=500 est=9944.45
  [FastestO Curve] run=4 frac=0.1 budget_n=1320 est=10096.1
  [FastestO Curve] run=4 frac=0.15 budget_n=500 est=10197.3
  [FastestO Curve] run=4 frac=0.2 budget_n=500 est=9872.98
  [FastestO Curve] run=4 frac=0.3 budget_n=500 est=10119.7
  [FastestO Curve] run=4 frac=0.4 budget_n=500 est=10728.9
  [FastestO Curve] run=4 frac=0.5 budget_n=500 est=9988
  [FastestO Curve] run=4 frac=0.6 budget_n=500 est=10257.3
  [FastestO Curve] run=4 frac=0.7 budget_n=500 est=9631.98
  [FastestO Curve] run=4 frac=0.8 budget_n=500 est=9958.57
  [FastestO Curve] run=4 frac=0.9 budget_n=500 est=9875.83
  [FastestO Curve] run=5 frac=0.01 budget_n=500 est=10586.7
  [FastestO Curve] run=5 frac=0.05 budget_n=500 est=10153.2
  [FastestO Curve] run=5 frac=0.075 budget_n=500 est=10347.5
  [FastestO Curve] run=5 frac=0.1 budget_n=1320 est=10062.9
  [FastestO Curve] run=5 frac=0.15 budget_n=500 est=10162.2
  [FastestO Curve] run=5 frac=0.2 budget_n=500 est=10115
  [FastestO Curve] run=5 frac=0.3 budget_n=500 est=10359.9
  [FastestO Curve] run=5 frac=0.4 budget_n=500 est=10144.1
  [FastestO Curve] run=5 frac=0.5 budget_n=500 est=10554.8
  [FastestO Curve] run=5 frac=0.6 budget_n=500 est=9963.52
  [FastestO Curve] run=5 frac=0.7 budget_n=500 est=10184.5
  [FastestO Curve] run=5 frac=0.8 budget_n=500 est=10124.3
  [FastestO Curve] run=5 frac=0.9 budget_n=500 est=9958.57
  [Result] #CandTree           : 1.248e+04
  [Result] #TreeTrials         : 509
  [Result] #TreeSuccess        : 406
  [Result] #UniqueOracleNodes  : 500.0000
  [Result] Truth               : 12485.0000
  [Result] Est                 : 9958.5658
  [Result] logQError           : -0.0982
  [Result] TreeCountTime       : 9.9730
  [Result] QueryTime           : 0.4451
/home/wangshuo/projects/PROXY/datasets/amazon/query_graph_count/query_3_103.graph Finished!

Start Processing (Multi-Predicate) /home/wangshuo/projects/PROXY/datasets/amazon/query_graph_count/query_3_104.graph
[Info] Using explicit query nodes for predicates: 0 1 
[Info] FOIS_nrs base budget not found, will rely strictly on Curve CSV.
[Warning] Requested root label 1 not found in query. Falling back to default root 1
  [FastestO Curve] run=1 frac=0.01 budget_n=500 est=777.841
  [FastestO Curve] run=1 frac=0.05 budget_n=500 est=777.841
  [FastestO Curve] run=1 frac=0.075 budget_n=500 est=810.45
  [FastestO Curve] run=1 frac=0.1 budget_n=920 est=756.723
  [FastestO Curve] run=1 frac=0.15 budget_n=500 est=747.924
  [FastestO Curve] run=1 frac=0.2 budget_n=500 est=918.273
  [FastestO Curve] run=1 frac=0.3 budget_n=500 est=600.333
  [FastestO Curve] run=1 frac=0.4 budget_n=500 est=786.845
  [FastestO Curve] run=1 frac=0.5 budget_n=500 est=548.381
  [FastestO Curve] run=1 frac=0.6 budget_n=500 est=802.426
  [FastestO Curve] run=1 frac=0.7 budget_n=500 est=1094.36
  [FastestO Curve] run=1 frac=0.8 budget_n=500 est=802.994
  [FastestO Curve] run=1 frac=0.9 budget_n=500 est=676.846
  [FastestO Curve] run=2 frac=0.01 budget_n=500 est=681.299
  [FastestO Curve] run=2 frac=0.05 budget_n=500 est=805.083
  [FastestO Curve] run=2 frac=0.075 budget_n=500 est=797.164
  [FastestO Curve] run=2 frac=0.1 budget_n=920 est=850.388
  [FastestO Curve] run=2 frac=0.15 budget_n=500 est=839.695
  [FastestO Curve] run=2 frac=0.2 budget_n=500 est=505.231
  [FastestO Curve] run=2 frac=0.3 budget_n=500 est=775.265
  [FastestO Curve] run=2 frac=0.4 budget_n=500 est=924.354
  [FastestO Curve] run=2 frac=0.5 budget_n=500 est=867.591
  [FastestO Curve] run=2 frac=0.6 budget_n=500 est=669.291
  [FastestO Curve] run=2 frac=0.7 budget_n=500 est=555.503
  [FastestO Curve] run=2 frac=0.8 budget_n=500 est=617.99
  [FastestO Curve] run=2 frac=0.9 budget_n=500 est=859.03
  [FastestO Curve] run=3 frac=0.01 budget_n=500 est=611.99
  [FastestO Curve] run=3 frac=0.05 budget_n=500 est=762.638
  [FastestO Curve] run=3 frac=0.075 budget_n=500 est=865.865
  [FastestO Curve] run=3 frac=0.1 budget_n=920 est=843.278
  [FastestO Curve] run=3 frac=0.15 budget_n=500 est=846.107
  [FastestO Curve] run=3 frac=0.2 budget_n=500 est=821.303
  [FastestO Curve] run=3 frac=0.3 budget_n=500 est=770.164
  [FastestO Curve] run=3 frac=0.4 budget_n=500 est=543.159
  [FastestO Curve] run=3 frac=0.5 budget_n=500 est=738.115
  [FastestO Curve] run=3 frac=0.6 budget_n=500 est=726.21
  [FastestO Curve] run=3 frac=0.7 budget_n=500 est=785.671
  [FastestO Curve] run=3 frac=0.8 budget_n=500 est=785.671
  [FastestO Curve] run=3 frac=0.9 budget_n=500 est=584.74
  [FastestO Curve] run=4 frac=0.01 budget_n=500 est=676.846
  [FastestO Curve] run=4 frac=0.05 budget_n=500 est=771.857
  [FastestO Curve] run=4 frac=0.075 budget_n=500 est=797.164
  [FastestO Curve] run=4 frac=0.1 budget_n=920 est=704.218
  [FastestO Curve] run=4 frac=0.15 budget_n=500 est=1032.42
  [FastestO Curve] run=4 frac=0.2 budget_n=500 est=694.92
  [FastestO Curve] run=4 frac=0.3 budget_n=500 est=894.536
  [FastestO Curve] run=4 frac=0.4 budget_n=500 est=849.528
  [FastestO Curve] run=4 frac=0.5 budget_n=500 est=957.342
  [FastestO Curve] run=4 frac=0.6 budget_n=500 est=653.828
  [FastestO Curve] run=4 frac=0.7 budget_n=500 est=726.21
  [FastestO Curve] run=4 frac=0.8 budget_n=500 est=853.415
  [FastestO Curve] run=4 frac=0.9 budget_n=500 est=590.492
  [FastestO Curve] run=5 frac=0.01 budget_n=500 est=710.921
  [FastestO Curve] run=5 frac=0.05 budget_n=500 est=722.809
  [FastestO Curve] run=5 frac=0.075 budget_n=500 est=626.175
  [FastestO Curve] run=5 frac=0.1 budget_n=920 est=822.792
  [FastestO Curve] run=5 frac=0.15 budget_n=500 est=786.845
  [FastestO Curve] run=5 frac=0.2 budget_n=500 est=929.548
  [FastestO Curve] run=5 frac=0.3 budget_n=500 est=813.355
  [FastestO Curve] run=5 frac=0.4 budget_n=500 est=832.145
  [FastestO Curve] run=5 frac=0.5 budget_n=500 est=732.61
  [FastestO Curve] run=5 frac=0.6 budget_n=500 est=697.357
  [FastestO Curve] run=5 frac=0.7 budget_n=500 est=877.11
  [FastestO Curve] run=5 frac=0.8 budget_n=500 est=630.35
  [FastestO Curve] run=5 frac=0.9 budget_n=500 est=757.997
  [Result] #CandTree           : 9005
  [Result] #TreeTrials         : 297
  [Result] #TreeSuccess        : 25
  [Result] #UniqueOracleNodes  : 500.0000
  [Result] Truth               : 9005.0000
  [Result] Est                 : 757.9966
  [Result] logQError           : -1.0748
  [Result] TreeCountTime       : 7.9176
  [Result] QueryTime           : 0.3332
/home/wangshuo/projects/PROXY/datasets/amazon/query_graph_count/query_3_104.graph Finished!

Start Processing (Multi-Predicate) /home/wangshuo/projects/PROXY/datasets/amazon/query_graph_count/query_3_105.graph
[Info] Using explicit query nodes for predicates: 0 
[Info] FOIS_nrs base budget not found, will rely strictly on Curve CSV.
[Warning] Requested root label 1 not found in query. Falling back to default root 1
  [FastestO Curve] run=1 frac=0.01 budget_n=500 est=10131.9
  [FastestO Curve] run=1 frac=0.05 budget_n=500 est=10250.7
  [FastestO Curve] run=1 frac=0.075 budget_n=500 est=10288.1
  [FastestO Curve] run=1 frac=0.1 budget_n=1336 est=10089.9
  [FastestO Curve] run=1 frac=0.15 budget_n=500 est=10584.1
  [FastestO Curve] run=1 frac=0.2 budget_n=500 est=10432.4
  [FastestO Curve] run=1 frac=0.3 budget_n=500 est=10511.2
  [FastestO Curve] run=1 frac=0.4 budget_n=500 est=10480.4
  [FastestO Curve] run=1 frac=0.5 budget_n=500 est=10240.3
  [FastestO Curve] run=1 frac=0.6 budget_n=500 est=10712.2
  [FastestO Curve] run=1 frac=0.7 budget_n=500 est=10286
  [FastestO Curve] run=1 frac=0.8 budget_n=500 est=10221.1
  [FastestO Curve] run=1 frac=0.9 budget_n=500 est=10221.1
  [FastestO Curve] run=2 frac=0.01 budget_n=500 est=10151.9
  [FastestO Curve] run=2 frac=0.05 budget_n=500 est=10555.7
  [FastestO Curve] run=2 frac=0.075 budget_n=500 est=10467.3
  [FastestO Curve] run=2 frac=0.1 budget_n=1336 est=10368.8
  [FastestO Curve] run=2 frac=0.15 budget_n=500 est=9950.92
  [FastestO Curve] run=2 frac=0.2 budget_n=500 est=10052
  [FastestO Curve] run=2 frac=0.3 budget_n=500 est=10559.3
  [FastestO Curve] run=2 frac=0.4 budget_n=500 est=10181.5
  [FastestO Curve] run=2 frac=0.5 budget_n=500 est=10526
  [FastestO Curve] run=2 frac=0.6 budget_n=500 est=10419.1
  [FastestO Curve] run=2 frac=0.7 budget_n=500 est=10320.1
  [FastestO Curve] run=2 frac=0.8 budget_n=500 est=10439.5
  [FastestO Curve] run=2 frac=0.9 budget_n=500 est=10235.5
  [FastestO Curve] run=3 frac=0.01 budget_n=500 est=10303.3
  [FastestO Curve] run=3 frac=0.05 budget_n=500 est=10514.6
  [FastestO Curve] run=3 frac=0.075 budget_n=500 est=10360.5
  [FastestO Curve] run=3 frac=0.1 budget_n=1336 est=10604.8
  [FastestO Curve] run=3 frac=0.15 budget_n=500 est=10473
  [FastestO Curve] run=3 frac=0.2 budget_n=500 est=10448.3
  [FastestO Curve] run=3 frac=0.3 budget_n=500 est=10430.6
  [FastestO Curve] run=3 frac=0.4 budget_n=500 est=10231.5
  [FastestO Curve] run=3 frac=0.5 budget_n=500 est=10221.1
  [FastestO Curve] run=3 frac=0.6 budget_n=500 est=10137.1
  [FastestO Curve] run=3 frac=0.7 budget_n=500 est=10674.5
  [FastestO Curve] run=3 frac=0.8 budget_n=500 est=10342.1
  [FastestO Curve] run=3 frac=0.9 budget_n=500 est=10245.9
  [FastestO Curve] run=4 frac=0.01 budget_n=500 est=10706.9
  [FastestO Curve] run=4 frac=0.05 budget_n=500 est=10696.6
  [FastestO Curve] run=4 frac=0.075 budget_n=500 est=10290.7
  [FastestO Curve] run=4 frac=0.1 budget_n=1336 est=10352.9
  [FastestO Curve] run=4 frac=0.15 budget_n=500 est=10236.3
  [FastestO Curve] run=4 frac=0.2 budget_n=500 est=10559.3
  [FastestO Curve] run=4 frac=0.3 budget_n=500 est=10318.6
  [FastestO Curve] run=4 frac=0.4 budget_n=500 est=10358.6
  [FastestO Curve] run=4 frac=0.5 budget_n=500 est=10275.4
  [FastestO Curve] run=4 frac=0.6 budget_n=500 est=10737
  [FastestO Curve] run=4 frac=0.7 budget_n=500 est=10421
  [FastestO Curve] run=4 frac=0.8 budget_n=500 est=10380.8
  [FastestO Curve] run=4 frac=0.9 budget_n=500 est=10117.1
  [FastestO Curve] run=5 frac=0.01 budget_n=500 est=10270.6
  [FastestO Curve] run=5 frac=0.05 budget_n=500 est=10067.5
  [FastestO Curve] run=5 frac=0.075 budget_n=500 est=10473
  [FastestO Curve] run=5 frac=0.1 budget_n=1336 est=10265.8
  [FastestO Curve] run=5 frac=0.15 budget_n=500 est=10241.1
  [FastestO Curve] run=5 frac=0.2 budget_n=500 est=10025.7
  [FastestO Curve] run=5 frac=0.3 budget_n=500 est=10161.7
  [FastestO Curve] run=5 frac=0.4 budget_n=500 est=10584.1
  [FastestO Curve] run=5 frac=0.5 budget_n=500 est=10191.5
  [FastestO Curve] run=5 frac=0.6 budget_n=500 est=10435.1
  [FastestO Curve] run=5 frac=0.7 budget_n=500 est=10474.2
  [FastestO Curve] run=5 frac=0.8 budget_n=500 est=10455.5
  [FastestO Curve] run=5 frac=0.9 budget_n=500 est=10389.9
  [Result] #CandTree           : 1.27e+04
  [Result] #TreeTrials         : 512
  [Result] #TreeSuccess        : 419
  [Result] #UniqueOracleNodes  : 500.0000
  [Result] Truth               : 12696.0000
  [Result] Est                 : 10389.8906
  [Result] logQError           : -0.0871
  [Result] TreeCountTime       : 10.0327
  [Result] QueryTime           : 0.4444
/home/wangshuo/projects/PROXY/datasets/amazon/query_graph_count/query_3_105.graph Finished!

Start Processing (Multi-Predicate) /home/wangshuo/projects/PROXY/datasets/amazon/query_graph_count/query_3_106.graph
[Info] Using explicit query nodes for predicates: 1 2 
[Info] FOIS_nrs base budget not found, will rely strictly on Curve CSV.
[Warning] Requested root label 1 not found in query. Falling back to default root 1
  [FastestO Curve] run=1 frac=0.01 budget_n=500 est=729.452
  [FastestO Curve] run=1 frac=0.05 budget_n=500 est=581.52
  [FastestO Curve] run=1 frac=0.075 budget_n=500 est=716.323
  [FastestO Curve] run=1 frac=0.1 budget_n=912 est=836.152
  [FastestO Curve] run=1 frac=0.15 budget_n=500 est=774.107
  [FastestO Curve] run=1 frac=0.2 budget_n=500 est=731.269
  [FastestO Curve] run=1 frac=0.3 budget_n=500 est=826.589
  [FastestO Curve] run=1 frac=0.4 budget_n=500 est=733.333
  [FastestO Curve] run=1 frac=0.5 budget_n=500 est=758.981
  [FastestO Curve] run=1 frac=0.6 budget_n=500 est=818.219
  [FastestO Curve] run=1 frac=0.7 budget_n=500 est=727.041
  [FastestO Curve] run=1 frac=0.8 budget_n=500 est=617.796
  [FastestO Curve] run=1 frac=0.9 budget_n=500 est=634.613
  [FastestO Curve] run=2 frac=0.01 budget_n=500 est=833.786
  [FastestO Curve] run=2 frac=0.05 budget_n=500 est=796.414
  [FastestO Curve] run=2 frac=0.075 budget_n=500 est=711.917
  [FastestO Curve] run=2 frac=0.1 budget_n=912 est=703.373
  [FastestO Curve] run=2 frac=0.15 budget_n=500 est=604.419
  [FastestO Curve] run=2 frac=0.2 budget_n=500 est=722.655
  [FastestO Curve] run=2 frac=0.3 budget_n=500 est=870.23
  [FastestO Curve] run=2 frac=0.4 budget_n=500 est=561.657
  [FastestO Curve] run=2 frac=0.5 budget_n=500 est=766.322
  [FastestO Curve] run=2 frac=0.6 budget_n=500 est=888.725
  [FastestO Curve] run=2 frac=0.7 budget_n=500 est=708.757
  [FastestO Curve] run=2 frac=0.8 budget_n=500 est=724.273
  [FastestO Curve] run=2 frac=0.9 budget_n=500 est=721.21
  [FastestO Curve] run=3 frac=0.01 budget_n=500 est=787.829
  [FastestO Curve] run=3 frac=0.05 budget_n=500 est=820.554
  [FastestO Curve] run=3 frac=0.075 budget_n=500 est=644.793
  [FastestO Curve] run=3 frac=0.1 budget_n=912 est=807.393
  [FastestO Curve] run=3 frac=0.15 budget_n=500 est=717.46
  [FastestO Curve] run=3 frac=0.2 budget_n=500 est=870.311
  [FastestO Curve] run=3 frac=0.3 budget_n=500 est=700.566
  [FastestO Curve] run=3 frac=0.4 budget_n=500 est=660.149
  [FastestO Curve] run=3 frac=0.5 budget_n=500 est=949.342
  [FastestO Curve] run=3 frac=0.6 budget_n=500 est=875.75
  [FastestO Curve] run=3 frac=0.7 budget_n=500 est=675.244
  [FastestO Curve] run=3 frac=0.8 budget_n=500 est=753.333
  [FastestO Curve] run=3 frac=0.9 budget_n=500 est=670.585
  [FastestO Curve] run=4 frac=0.01 budget_n=500 est=653.031
  [FastestO Curve] run=4 frac=0.05 budget_n=500 est=890.706
  [FastestO Curve] run=4 frac=0.075 budget_n=500 est=635.724
  [FastestO Curve] run=4 frac=0.1 budget_n=912 est=902.06
  [FastestO Curve] run=4 frac=0.15 budget_n=500 est=683.481
  [FastestO Curve] run=4 frac=0.2 budget_n=500 est=876.252
  [FastestO Curve] run=4 frac=0.3 budget_n=500 est=775.621
  [FastestO Curve] run=4 frac=0.4 budget_n=500 est=641.224
  [FastestO Curve] run=4 frac=0.5 budget_n=500 est=681.536
  [FastestO Curve] run=4 frac=0.6 budget_n=500 est=915.265
  [FastestO Curve] run=4 frac=0.7 budget_n=500 est=725.939
  [FastestO Curve] run=4 frac=0.8 budget_n=500 est=721.626
  [FastestO Curve] run=4 frac=0.9 budget_n=500 est=759.191
  [FastestO Curve] run=5 frac=0.01 budget_n=500 est=673.051
  [FastestO Curve] run=5 frac=0.05 budget_n=500 est=666.544
  [FastestO Curve] run=5 frac=0.075 budget_n=500 est=787.309
  [FastestO Curve] run=5 frac=0.1 budget_n=912 est=729.578
  [FastestO Curve] run=5 frac=0.15 budget_n=500 est=839.33
  [FastestO Curve] run=5 frac=0.2 budget_n=500 est=882.977
  [FastestO Curve] run=5 frac=0.3 budget_n=500 est=759.884
  [FastestO Curve] run=5 frac=0.4 budget_n=500 est=690.375
  [FastestO Curve] run=5 frac=0.5 budget_n=500 est=770.853
  [FastestO Curve] run=5 frac=0.6 budget_n=500 est=756.595
  [FastestO Curve] run=5 frac=0.7 budget_n=500 est=677.004
  [FastestO Curve] run=5 frac=0.8 budget_n=500 est=818.219
  [FastestO Curve] run=5 frac=0.9 budget_n=500 est=748.953
  [Result] #CandTree           : 9040
  [Result] #TreeTrials         : 688
  [Result] #TreeSuccess        : 57
  [Result] #UniqueOracleNodes  : 500.0000
  [Result] Truth               : 9040.0000
  [Result] Est                 : 748.9535
  [Result] logQError           : -1.0817
  [Result] TreeCountTime       : 8.0355
  [Result] QueryTime           : 0.5804
/home/wangshuo/projects/PROXY/datasets/amazon/query_graph_count/query_3_106.graph Finished!

Start Processing (Multi-Predicate) /home/wangshuo/projects/PROXY/datasets/amazon/query_graph_count/query_3_107.graph
[Info] Using explicit query nodes for predicates: 0 2 
[Info] FOIS_nrs base budget not found, will rely strictly on Curve CSV.
[Warning] Requested root label 1 not found in query. Falling back to default root 0
  [FastestO Curve] run=1 frac=0.01 budget_n=500 est=822.709
  [FastestO Curve] run=1 frac=0.05 budget_n=500 est=922.255
  [FastestO Curve] run=1 frac=0.075 budget_n=500 est=677.525
  [FastestO Curve] run=1 frac=0.1 budget_n=896 est=936.173
  [FastestO Curve] run=1 frac=0.15 budget_n=500 est=913.043
  [FastestO Curve] run=1 frac=0.2 budget_n=500 est=971.791
  [FastestO Curve] run=1 frac=0.3 budget_n=500 est=861.58
  [FastestO Curve] run=1 frac=0.4 budget_n=500 est=1011.75
  [FastestO Curve] run=1 frac=0.5 budget_n=500 est=866.759
  [FastestO Curve] run=1 frac=0.6 budget_n=500 est=779.236
  [FastestO Curve] run=1 frac=0.7 budget_n=500 est=897.967
  [FastestO Curve] run=1 frac=0.8 budget_n=500 est=992.168
  [FastestO Curve] run=1 frac=0.9 budget_n=500 est=817.695
  [FastestO Curve] run=2 frac=0.01 budget_n=500 est=883.9
  [FastestO Curve] run=2 frac=0.05 budget_n=500 est=859.426
  [FastestO Curve] run=2 frac=0.075 budget_n=500 est=1006.91
  [FastestO Curve] run=2 frac=0.1 budget_n=896 est=889.766
  [FastestO Curve] run=2 frac=0.15 budget_n=500 est=876.744
  [FastestO Curve] run=2 frac=0.2 budget_n=500 est=810.628
  [FastestO Curve] run=2 frac=0.3 budget_n=500 est=846.431
  [FastestO Curve] run=2 frac=0.4 budget_n=500 est=926.499
  [FastestO Curve] run=2 frac=0.5 budget_n=500 est=795.063
  [FastestO Curve] run=2 frac=0.6 budget_n=500 est=749.444
  [FastestO Curve] run=2 frac=0.7 budget_n=500 est=779.86
  [FastestO Curve] run=2 frac=0.8 budget_n=500 est=796.753
  [FastestO Curve] run=2 frac=0.9 budget_n=500 est=863.193
  [FastestO Curve] run=3 frac=0.01 budget_n=500 est=1019.72
  [FastestO Curve] run=3 frac=0.05 budget_n=500 est=1019.43
  [FastestO Curve] run=3 frac=0.075 budget_n=500 est=947.715
  [FastestO Curve] run=3 frac=0.1 budget_n=896 est=928.148
  [FastestO Curve] run=3 frac=0.15 budget_n=500 est=877.952
  [FastestO Curve] run=3 frac=0.2 budget_n=500 est=933.923
  [FastestO Curve] run=3 frac=0.3 budget_n=500 est=1063.63
  [FastestO Curve] run=3 frac=0.4 budget_n=500 est=959.005
  [FastestO Curve] run=3 frac=0.5 budget_n=500 est=942.287
  [FastestO Curve] run=3 frac=0.6 budget_n=500 est=991.358
  [FastestO Curve] run=3 frac=0.7 budget_n=500 est=985.471
  [FastestO Curve] run=3 frac=0.8 budget_n=500 est=768.418
  [FastestO Curve] run=3 frac=0.9 budget_n=500 est=683.185
  [FastestO Curve] run=4 frac=0.01 budget_n=500 est=913.043
  [FastestO Curve] run=4 frac=0.05 budget_n=500 est=839.943
  [FastestO Curve] run=4 frac=0.075 budget_n=500 est=875.027
  [FastestO Curve] run=4 frac=0.1 budget_n=896 est=831.831
  [FastestO Curve] run=4 frac=0.15 budget_n=500 est=1023.23
  [FastestO Curve] run=4 frac=0.2 budget_n=500 est=942.624
  [FastestO Curve] run=4 frac=0.3 budget_n=500 est=992.417
  [FastestO Curve] run=4 frac=0.4 budget_n=500 est=865.87
  [FastestO Curve] run=4 frac=0.5 budget_n=500 est=764.501
  [FastestO Curve] run=4 frac=0.6 budget_n=500 est=906.23
  [FastestO Curve] run=4 frac=0.7 budget_n=500 est=1037.36
  [FastestO Curve] run=4 frac=0.8 budget_n=500 est=828.061
  [FastestO Curve] run=4 frac=0.9 budget_n=500 est=697.364
  [FastestO Curve] run=5 frac=0.01 budget_n=500 est=899.333
  [FastestO Curve] run=5 frac=0.05 budget_n=500 est=913.429
  [FastestO Curve] run=5 frac=0.075 budget_n=500 est=773.781
  [FastestO Curve] run=5 frac=0.1 budget_n=896 est=842.122
  [FastestO Curve] run=5 frac=0.15 budget_n=500 est=872.634
  [FastestO Curve] run=5 frac=0.2 budget_n=500 est=957.492
  [FastestO Curve] run=5 frac=0.3 budget_n=500 est=1036.03
  [FastestO Curve] run=5 frac=0.4 budget_n=500 est=876.42
  [FastestO Curve] run=5 frac=0.5 budget_n=500 est=837.31
  [FastestO Curve] run=5 frac=0.6 budget_n=500 est=1005.22
  [FastestO Curve] run=5 frac=0.7 budget_n=500 est=959.005
  [FastestO Curve] run=5 frac=0.8 budget_n=500 est=984.917
  [FastestO Curve] run=5 frac=0.9 budget_n=500 est=772.043
  [Result] #CandTree           : 8094
  [Result] #TreeTrials         : 650
  [Result] #TreeSuccess        : 62
  [Result] #UniqueOracleNodes  : 500.0000
  [Result] Truth               : 8094.0000
  [Result] Est                 : 772.0431
  [Result] logQError           : -1.0205
  [Result] TreeCountTime       : 6.4653
  [Result] QueryTime           : 0.5111
/home/wangshuo/projects/PROXY/datasets/amazon/query_graph_count/query_3_107.graph Finished!

Start Processing (Multi-Predicate) /home/wangshuo/projects/PROXY/datasets/amazon/query_graph_count/query_3_108.graph
[Info] Using explicit query nodes for predicates: 0 
[Info] FOIS_nrs base budget not found, will rely strictly on Curve CSV.
[Warning] Requested root label 1 not found in query. Falling back to default root 2
  [FastestO Curve] run=1 frac=0.01 budget_n=500 est=10360.5
  [FastestO Curve] run=1 frac=0.05 budget_n=500 est=10318.6
  [FastestO Curve] run=1 frac=0.075 budget_n=500 est=10432.4
  [FastestO Curve] run=1 frac=0.1 budget_n=1340 est=10355.6
  [FastestO Curve] run=1 frac=0.15 budget_n=500 est=10864.6
  [FastestO Curve] run=1 frac=0.2 budget_n=500 est=10112.1
  [FastestO Curve] run=1 frac=0.3 budget_n=500 est=10360.5
  [FastestO Curve] run=1 frac=0.4 budget_n=500 est=10360.5
  [FastestO Curve] run=1 frac=0.5 budget_n=500 est=10166.7
  [FastestO Curve] run=1 frac=0.6 budget_n=500 est=10442.7
  [FastestO Curve] run=1 frac=0.7 budget_n=500 est=10465.6
  [FastestO Curve] run=1 frac=0.8 budget_n=500 est=10507
  [FastestO Curve] run=1 frac=0.9 budget_n=500 est=9991.53
  [FastestO Curve] run=2 frac=0.01 budget_n=500 est=10344.9
  [FastestO Curve] run=2 frac=0.05 budget_n=500 est=10530.2
  [FastestO Curve] run=2 frac=0.075 budget_n=500 est=10269.5
  [FastestO Curve] run=2 frac=0.1 budget_n=1340 est=10310.5
  [FastestO Curve] run=2 frac=0.15 budget_n=500 est=10580
  [FastestO Curve] run=2 frac=0.2 budget_n=500 est=10412.7
  [FastestO Curve] run=2 frac=0.3 budget_n=500 est=9996.85
  [FastestO Curve] run=2 frac=0.4 budget_n=500 est=10629.2
  [FastestO Curve] run=2 frac=0.5 budget_n=500 est=10361.1
  [FastestO Curve] run=2 frac=0.6 budget_n=500 est=10340.3
  [FastestO Curve] run=2 frac=0.7 budget_n=500 est=10334
  [FastestO Curve] run=2 frac=0.8 budget_n=500 est=10161.8
  [FastestO Curve] run=2 frac=0.9 budget_n=500 est=10704.5
  [FastestO Curve] run=3 frac=0.01 budget_n=500 est=10410.2
  [FastestO Curve] run=3 frac=0.05 budget_n=500 est=10283.5
  [FastestO Curve] run=3 frac=0.075 budget_n=500 est=10186.6
  [FastestO Curve] run=3 frac=0.1 budget_n=1340 est=10482.7
  [FastestO Curve] run=3 frac=0.15 budget_n=500 est=10003.7
  [FastestO Curve] run=3 frac=0.2 budget_n=500 est=10378.7
  [FastestO Curve] run=3 frac=0.3 budget_n=500 est=10356.6
  [FastestO Curve] run=3 frac=0.4 budget_n=500 est=10331.1
  [FastestO Curve] run=3 frac=0.5 budget_n=500 est=10028.4
  [FastestO Curve] run=3 frac=0.6 budget_n=500 est=10380.8
  [FastestO Curve] run=3 frac=0.7 budget_n=500 est=10555.1
  [FastestO Curve] run=3 frac=0.8 budget_n=500 est=10306.2
  [FastestO Curve] run=3 frac=0.9 budget_n=500 est=10057.2
  [FastestO Curve] run=4 frac=0.01 budget_n=500 est=10457
  [FastestO Curve] run=4 frac=0.05 budget_n=500 est=10714.5
  [FastestO Curve] run=4 frac=0.075 budget_n=500 est=10446.7
  [FastestO Curve] run=4 frac=0.1 budget_n=1340 est=10568.2
  [FastestO Curve] run=4 frac=0.15 budget_n=500 est=10567.6
  [FastestO Curve] run=4 frac=0.2 budget_n=500 est=10477.3
  [FastestO Curve] run=4 frac=0.3 budget_n=500 est=9924.16
  [FastestO Curve] run=4 frac=0.4 budget_n=500 est=10041.6
  [FastestO Curve] run=4 frac=0.5 budget_n=500 est=10270.6
  [FastestO Curve] run=4 frac=0.6 budget_n=500 est=10438.4
  [FastestO Curve] run=4 frac=0.7 budget_n=500 est=10221.1
  [FastestO Curve] run=4 frac=0.8 budget_n=500 est=10255.4
  [FastestO Curve] run=4 frac=0.9 budget_n=500 est=10240.3
  [FastestO Curve] run=5 frac=0.01 budget_n=500 est=10385.4
  [FastestO Curve] run=5 frac=0.05 budget_n=500 est=10280.1
  [FastestO Curve] run=5 frac=0.075 budget_n=500 est=10256.4
  [FastestO Curve] run=5 frac=0.1 budget_n=1340 est=10474.6
  [FastestO Curve] run=5 frac=0.15 budget_n=500 est=10360.5
  [FastestO Curve] run=5 frac=0.2 budget_n=500 est=10306.2
  [FastestO Curve] run=5 frac=0.3 budget_n=500 est=10301.5
  [FastestO Curve] run=5 frac=0.4 budget_n=500 est=10326.4
  [FastestO Curve] run=5 frac=0.5 budget_n=500 est=10121.8
  [FastestO Curve] run=5 frac=0.6 budget_n=500 est=9959.58
  [FastestO Curve] run=5 frac=0.7 budget_n=500 est=10365.1
  [FastestO Curve] run=5 frac=0.8 budget_n=500 est=10230.8
  [FastestO Curve] run=5 frac=0.9 budget_n=500 est=10518.8
  [Result] #CandTree           : 1.27e+04
  [Result] #TreeTrials         : 519
  [Result] #TreeSuccess        : 430
  [Result] #UniqueOracleNodes  : 500.0000
  [Result] Truth               : 12696.0000
  [Result] Est                 : 10518.8439
  [Result] logQError           : -0.0817
  [Result] TreeCountTime       : 9.9209
  [Result] QueryTime           : 0.4579
/home/wangshuo/projects/PROXY/datasets/amazon/query_graph_count/query_3_108.graph Finished!

Start Processing (Multi-Predicate) /home/wangshuo/projects/PROXY/datasets/amazon/query_graph_count/query_3_109.graph
[Info] Using explicit query nodes for predicates: 1 2 
[Info] FOIS_nrs base budget not found, will rely strictly on Curve CSV.
[Warning] Requested root label 1 not found in query. Falling back to default root 2
  [FastestO Curve] run=1 frac=0.01 budget_n=500 est=1097.7
  [FastestO Curve] run=1 frac=0.05 budget_n=500 est=689.902
  [FastestO Curve] run=1 frac=0.075 budget_n=500 est=944.42
  [FastestO Curve] run=1 frac=0.1 budget_n=1002 est=1047.95
  [FastestO Curve] run=1 frac=0.15 budget_n=500 est=875.44
  [FastestO Curve] run=1 frac=0.2 budget_n=500 est=1003.26
  [FastestO Curve] run=1 frac=0.3 budget_n=500 est=780.316
  [FastestO Curve] run=1 frac=0.4 budget_n=500 est=1021.06
  [FastestO Curve] run=1 frac=0.5 budget_n=500 est=1086.87
  [FastestO Curve] run=1 frac=0.6 budget_n=500 est=1202.3
  [FastestO Curve] run=1 frac=0.7 budget_n=500 est=1153.99
  [FastestO Curve] run=1 frac=0.8 budget_n=500 est=1402.26
  [FastestO Curve] run=1 frac=0.9 budget_n=500 est=1107.45
  [FastestO Curve] run=2 frac=0.01 budget_n=500 est=965.863
  [FastestO Curve] run=2 frac=0.05 budget_n=500 est=929.187
  [FastestO Curve] run=2 frac=0.075 budget_n=500 est=903.68
  [FastestO Curve] run=2 frac=0.1 budget_n=1002 est=945.593
  [FastestO Curve] run=2 frac=0.15 budget_n=500 est=1076.71
  [FastestO Curve] run=2 frac=0.2 budget_n=500 est=1206.28
  [FastestO Curve] run=2 frac=0.3 budget_n=500 est=1222.19
  [FastestO Curve] run=2 frac=0.4 budget_n=500 est=910.671
  [FastestO Curve] run=2 frac=0.5 budget_n=500 est=1101.36
  [FastestO Curve] run=2 frac=0.6 budget_n=500 est=1162.82
  [FastestO Curve] run=2 frac=0.7 budget_n=500 est=1430.7
  [FastestO Curve] run=2 frac=0.8 budget_n=500 est=913.647
  [FastestO Curve] run=2 frac=0.9 budget_n=500 est=897.695
  [FastestO Curve] run=3 frac=0.01 budget_n=500 est=1044.88
  [FastestO Curve] run=3 frac=0.05 budget_n=500 est=998.384
  [FastestO Curve] run=3 frac=0.075 budget_n=500 est=969.02
  [FastestO Curve] run=3 frac=0.1 budget_n=1002 est=1138.22
  [FastestO Curve] run=3 frac=0.15 budget_n=500 est=1194.41
  [FastestO Curve] run=3 frac=0.2 budget_n=500 est=1097.7
  [FastestO Curve] run=3 frac=0.3 budget_n=500 est=890.369
  [FastestO Curve] run=3 frac=0.4 budget_n=500 est=1340.69
  [FastestO Curve] run=3 frac=0.5 budget_n=500 est=830.588
  [FastestO Curve] run=3 frac=0.6 budget_n=500 est=901.858
  [FastestO Curve] run=3 frac=0.7 budget_n=500 est=944.331
  [FastestO Curve] run=3 frac=0.8 budget_n=500 est=999.974
  [FastestO Curve] run=3 frac=0.9 budget_n=500 est=734.24
  [FastestO Curve] run=4 frac=0.01 budget_n=500 est=913.647
  [FastestO Curve] run=4 frac=0.05 budget_n=500 est=1062.5
  [FastestO Curve] run=4 frac=0.075 budget_n=500 est=1177.46
  [FastestO Curve] run=4 frac=0.1 budget_n=1002 est=1007.96
  [FastestO Curve] run=4 frac=0.15 budget_n=500 est=978.614
  [FastestO Curve] run=4 frac=0.2 budget_n=500 est=1318.49
  [FastestO Curve] run=4 frac=0.3 budget_n=500 est=613.105
  [FastestO Curve] run=4 frac=0.4 budget_n=500 est=1094.07
  [FastestO Curve] run=4 frac=0.5 budget_n=500 est=990.234
  [FastestO Curve] run=4 frac=0.6 budget_n=500 est=1076.25
  [FastestO Curve] run=4 frac=0.7 budget_n=500 est=1105.04
  [FastestO Curve] run=4 frac=0.8 budget_n=500 est=1194.04
  [FastestO Curve] run=4 frac=0.9 budget_n=500 est=1250.9
  [FastestO Curve] run=5 frac=0.01 budget_n=500 est=1037.96
  [FastestO Curve] run=5 frac=0.05 budget_n=500 est=1161.71
  [FastestO Curve] run=5 frac=0.075 budget_n=500 est=1254.08
  [FastestO Curve] run=5 frac=0.1 budget_n=1002 est=1132.14
  [FastestO Curve] run=5 frac=0.15 budget_n=500 est=1025.27
  [FastestO Curve] run=5 frac=0.2 budget_n=500 est=1040.93
  [FastestO Curve] run=5 frac=0.3 budget_n=500 est=990.234
  [FastestO Curve] run=5 frac=0.4 budget_n=500 est=1014.45
  [FastestO Curve] run=5 frac=0.5 budget_n=500 est=1003.26
  [FastestO Curve] run=5 frac=0.6 budget_n=500 est=717.498
  [FastestO Curve] run=5 frac=0.7 budget_n=500 est=847.2
  [FastestO Curve] run=5 frac=0.8 budget_n=500 est=1297.02
  [FastestO Curve] run=5 frac=0.9 budget_n=500 est=1003.26
  [Result] #CandTree           : 8472
  [Result] #TreeTrials         : 304
  [Result] #TreeSuccess        : 36
  [Result] #UniqueOracleNodes  : 500.0000
  [Result] Truth               : 8472.0000
  [Result] Est                 : 1003.2632
  [Result] logQError           : -0.9266
  [Result] TreeCountTime       : 7.7640
  [Result] QueryTime           : 0.3671
/home/wangshuo/projects/PROXY/datasets/amazon/query_graph_count/query_3_109.graph Finished!

Start Processing (Multi-Predicate) /home/wangshuo/projects/PROXY/datasets/amazon/query_graph_count/query_3_11.graph
[Info] Using explicit query nodes for predicates: 0 2 
[Info] FOIS_nrs base budget not found, will rely strictly on Curve CSV.
[Warning] Requested root label 1 not found in query. Falling back to default root 0
  [FastestO Curve] run=1 frac=0.01 budget_n=500 est=819.219
  [FastestO Curve] run=1 frac=0.05 budget_n=500 est=993.961
  [FastestO Curve] run=1 frac=0.075 budget_n=500 est=820.475
  [FastestO Curve] run=1 frac=0.1 budget_n=899 est=864.782
  [FastestO Curve] run=1 frac=0.15 budget_n=500 est=984.45
  [FastestO Curve] run=1 frac=0.2 budget_n=500 est=1057.56
  [FastestO Curve] run=1 frac=0.3 budget_n=500 est=888.04
  [FastestO Curve] run=1 frac=0.4 budget_n=500 est=776.651
  [FastestO Curve] run=1 frac=0.5 budget_n=500 est=862.926
  [FastestO Curve] run=1 frac=0.6 budget_n=500 est=888.229
  [FastestO Curve] run=1 frac=0.7 budget_n=500 est=759.89
  [FastestO Curve] run=1 frac=0.8 budget_n=500 est=966.021
  [FastestO Curve] run=1 frac=0.9 budget_n=500 est=810.53
  [FastestO Curve] run=2 frac=0.01 budget_n=500 est=784.402
  [FastestO Curve] run=2 frac=0.05 budget_n=500 est=843.135
  [FastestO Curve] run=2 frac=0.075 budget_n=500 est=808.422
  [FastestO Curve] run=2 frac=0.1 budget_n=899 est=818.324
  [FastestO Curve] run=2 frac=0.15 budget_n=500 est=905.694
  [FastestO Curve] run=2 frac=0.2 budget_n=500 est=876.645
  [FastestO Curve] run=2 frac=0.3 budget_n=500 est=834.555
  [FastestO Curve] run=2 frac=0.4 budget_n=500 est=975.788
  [FastestO Curve] run=2 frac=0.5 budget_n=500 est=924.573
  [FastestO Curve] run=2 frac=0.6 budget_n=500 est=739.507
  [FastestO Curve] run=2 frac=0.7 budget_n=500 est=754.417
  [FastestO Curve] run=2 frac=0.8 budget_n=500 est=779.172
  [FastestO Curve] run=2 frac=0.9 budget_n=500 est=685.833
  [FastestO Curve] run=3 frac=0.01 budget_n=500 est=824.288
  [FastestO Curve] run=3 frac=0.05 budget_n=500 est=978.639
  [FastestO Curve] run=3 frac=0.075 budget_n=500 est=901.744
  [FastestO Curve] run=3 frac=0.1 budget_n=899 est=891.083
  [FastestO Curve] run=3 frac=0.15 budget_n=500 est=897.109
  [FastestO Curve] run=3 frac=0.2 budget_n=500 est=777.835
  [FastestO Curve] run=3 frac=0.3 budget_n=500 est=783.236
  [FastestO Curve] run=3 frac=0.4 budget_n=500 est=751.487
  [FastestO Curve] run=3 frac=0.5 budget_n=500 est=870.835
  [FastestO Curve] run=3 frac=0.6 budget_n=500 est=898.299
  [FastestO Curve] run=3 frac=0.7 budget_n=500 est=944.638
  [FastestO Curve] run=3 frac=0.8 budget_n=500 est=814.096
  [FastestO Curve] run=3 frac=0.9 budget_n=500 est=949.135
  [FastestO Curve] run=4 frac=0.01 budget_n=500 est=946.702
  [FastestO Curve] run=4 frac=0.05 budget_n=500 est=947.697
  [FastestO Curve] run=4 frac=0.075 budget_n=500 est=953.083
  [FastestO Curve] run=4 frac=0.1 budget_n=899 est=801.109
  [FastestO Curve] run=4 frac=0.15 budget_n=500 est=799.272
  [FastestO Curve] run=4 frac=0.2 budget_n=500 est=705.429
  [FastestO Curve] run=4 frac=0.3 budget_n=500 est=838.804
  [FastestO Curve] run=4 frac=0.4 budget_n=500 est=877.697
  [FastestO Curve] run=4 frac=0.5 budget_n=500 est=784.942
  [FastestO Curve] run=4 frac=0.6 budget_n=500 est=981.32
  [FastestO Curve] run=4 frac=0.7 budget_n=500 est=795.286
  [FastestO Curve] run=4 frac=0.8 budget_n=500 est=838.981
  [FastestO Curve] run=4 frac=0.9 budget_n=500 est=1008.84
  [FastestO Curve] run=5 frac=0.01 budget_n=500 est=661.897
  [FastestO Curve] run=5 frac=0.05 budget_n=500 est=947.05
  [FastestO Curve] run=5 frac=0.075 budget_n=500 est=939.883
  [FastestO Curve] run=5 frac=0.1 budget_n=899 est=807.682
  [FastestO Curve] run=5 frac=0.15 budget_n=500 est=928.384
  [FastestO Curve] run=5 frac=0.2 budget_n=500 est=943.99
  [FastestO Curve] run=5 frac=0.3 budget_n=500 est=699.363
  [FastestO Curve] run=5 frac=0.4 budget_n=500 est=943.807
  [FastestO Curve] run=5 frac=0.5 budget_n=500 est=824.268
  [FastestO Curve] run=5 frac=0.6 budget_n=500 est=745.883
  [FastestO Curve] run=5 frac=0.7 budget_n=500 est=620.232
  [FastestO Curve] run=5 frac=0.8 budget_n=500 est=852.658
  [FastestO Curve] run=5 frac=0.9 budget_n=500 est=957.286
  [Result] #CandTree           : 8230
  [Result] #TreeTrials         : 619
  [Result] #TreeSuccess        : 72
  [Result] #UniqueOracleNodes  : 500.0000
  [Result] Truth               : 8230.0000
  [Result] Est                 : 957.2859
  [Result] logQError           : -0.9344
  [Result] TreeCountTime       : 6.3345
  [Result] QueryTime           : 0.5151
/home/wangshuo/projects/PROXY/datasets/amazon/query_graph_count/query_3_11.graph Finished!

Start Processing (Multi-Predicate) /home/wangshuo/projects/PROXY/datasets/amazon/query_graph_count/query_3_110.graph
[Info] Using explicit query nodes for predicates: 0 1 
[Info] FOIS_nrs base budget not found, will rely strictly on Curve CSV.
[Warning] Requested root label 1 not found in query. Falling back to default root 1
  [FastestO Curve] run=1 frac=0.01 budget_n=500 est=770.498
  [FastestO Curve] run=1 frac=0.05 budget_n=500 est=830.259
  [FastestO Curve] run=1 frac=0.075 budget_n=500 est=889.203
  [FastestO Curve] run=1 frac=0.1 budget_n=975 est=1104.46
  [FastestO Curve] run=1 frac=0.15 budget_n=500 est=836.361
  [FastestO Curve] run=1 frac=0.2 budget_n=500 est=887.519
  [FastestO Curve] run=1 frac=0.3 budget_n=500 est=720.124
  [FastestO Curve] run=1 frac=0.4 budget_n=500 est=762.728
  [FastestO Curve] run=1 frac=0.5 budget_n=500 est=944.778
  [FastestO Curve] run=1 frac=0.6 budget_n=500 est=1062.88
  [FastestO Curve] run=1 frac=0.7 budget_n=500 est=978.964
  [FastestO Curve] run=1 frac=0.8 budget_n=500 est=977.981
  [FastestO Curve] run=1 frac=0.9 budget_n=500 est=1150.57
  [FastestO Curve] run=2 frac=0.01 budget_n=500 est=833.627
  [FastestO Curve] run=2 frac=0.05 budget_n=500 est=992.017
  [FastestO Curve] run=2 frac=0.075 budget_n=500 est=975.754
  [FastestO Curve] run=2 frac=0.1 budget_n=975 est=924.522
  [FastestO Curve] run=2 frac=0.15 budget_n=500 est=1137.53
  [FastestO Curve] run=2 frac=0.2 budget_n=500 est=908.087
  [FastestO Curve] run=2 frac=0.3 budget_n=500 est=1165.96
  [FastestO Curve] run=2 frac=0.4 budget_n=500 est=969.397
  [FastestO Curve] run=2 frac=0.5 budget_n=500 est=1190.42
  [FastestO Curve] run=2 frac=0.6 budget_n=500 est=906.987
  [FastestO Curve] run=2 frac=0.7 budget_n=500 est=923.023
  [FastestO Curve] run=2 frac=0.8 budget_n=500 est=1169.88
  [FastestO Curve] run=2 frac=0.9 budget_n=500 est=963.123
  [FastestO Curve] run=3 frac=0.01 budget_n=500 est=1143.03
  [FastestO Curve] run=3 frac=0.05 budget_n=500 est=878.643
  [FastestO Curve] run=3 frac=0.075 budget_n=500 est=1010.26
  [FastestO Curve] run=3 frac=0.1 budget_n=975 est=990.901
  [FastestO Curve] run=3 frac=0.15 budget_n=500 est=995.334
  [FastestO Curve] run=3 frac=0.2 budget_n=500 est=1129.97
  [FastestO Curve] run=3 frac=0.3 budget_n=500 est=1238.85
  [FastestO Curve] run=3 frac=0.4 budget_n=500 est=839.112
  [FastestO Curve] run=3 frac=0.5 budget_n=500 est=1055.74
  [FastestO Curve] run=3 frac=0.6 budget_n=500 est=972.565
  [FastestO Curve] run=3 frac=0.7 budget_n=500 est=1218.67
  [FastestO Curve] run=3 frac=0.8 budget_n=500 est=861.415
  [FastestO Curve] run=3 frac=0.9 budget_n=500 est=1194.87
  [FastestO Curve] run=4 frac=0.01 budget_n=500 est=1042.3
  [FastestO Curve] run=4 frac=0.05 budget_n=500 est=1152.02
  [FastestO Curve] run=4 frac=0.075 budget_n=500 est=1186.47
  [FastestO Curve] run=4 frac=0.1 budget_n=975 est=917.119
  [FastestO Curve] run=4 frac=0.15 budget_n=500 est=1170.9
  [FastestO Curve] run=4 frac=0.2 budget_n=500 est=960.472
  [FastestO Curve] run=4 frac=0.3 budget_n=500 est=960.016
  [FastestO Curve] run=4 frac=0.4 budget_n=500 est=923.649
  [FastestO Curve] run=4 frac=0.5 budget_n=500 est=1198.78
  [FastestO Curve] run=4 frac=0.6 budget_n=500 est=690.179
  [FastestO Curve] run=4 frac=0.7 budget_n=500 est=900.98
  [FastestO Curve] run=4 frac=0.8 budget_n=500 est=1314.61
  [FastestO Curve] run=4 frac=0.9 budget_n=500 est=944.778
  [FastestO Curve] run=5 frac=0.01 budget_n=500 est=814.984
  [FastestO Curve] run=5 frac=0.05 budget_n=500 est=1421.81
  [FastestO Curve] run=5 frac=0.075 budget_n=500 est=900.98
  [FastestO Curve] run=5 frac=0.1 budget_n=975 est=941.745
  [FastestO Curve] run=5 frac=0.15 budget_n=500 est=1031.51
  [FastestO Curve] run=5 frac=0.2 budget_n=500 est=856.007
  [FastestO Curve] run=5 frac=0.3 budget_n=500 est=1080.19
  [FastestO Curve] run=5 frac=0.4 budget_n=500 est=1021.46
  [FastestO Curve] run=5 frac=0.5 budget_n=500 est=729.63
  [FastestO Curve] run=5 frac=0.6 budget_n=500 est=914.88
  [FastestO Curve] run=5 frac=0.7 budget_n=500 est=1154.38
  [FastestO Curve] run=5 frac=0.8 budget_n=500 est=1165.96
  [FastestO Curve] run=5 frac=0.9 budget_n=500 est=886.306
  [Result] #CandTree           : 8503
  [Result] #TreeTrials         : 307
  [Result] #TreeSuccess        : 32
  [Result] #UniqueOracleNodes  : 500.0000
  [Result] Truth               : 8503.0000
  [Result] Est                 : 886.3062
  [Result] logQError           : -0.9820
  [Result] TreeCountTime       : 6.5036
  [Result] QueryTime           : 0.3581
/home/wangshuo/projects/PROXY/datasets/amazon/query_graph_count/query_3_110.graph Finished!

Start Processing (Multi-Predicate) /home/wangshuo/projects/PROXY/datasets/amazon/query_graph_count/query_3_111.graph
[Info] Using explicit query nodes for predicates: 0 1 
[Info] FOIS_nrs base budget not found, will rely strictly on Curve CSV.
[Warning] Requested root label 1 not found in query. Falling back to default root 0
  [FastestO Curve] run=1 frac=0.01 budget_n=500 est=1202.6
  [FastestO Curve] run=1 frac=0.05 budget_n=500 est=915.101
  [FastestO Curve] run=1 frac=0.075 budget_n=500 est=1182.45
  [FastestO Curve] run=1 frac=0.1 budget_n=939 est=941.527
  [FastestO Curve] run=1 frac=0.15 budget_n=500 est=1095.76
  [FastestO Curve] run=1 frac=0.2 budget_n=500 est=932.511
  [FastestO Curve] run=1 frac=0.3 budget_n=500 est=780.741
  [FastestO Curve] run=1 frac=0.4 budget_n=500 est=815.138
  [FastestO Curve] run=1 frac=0.5 budget_n=500 est=863.437
  [FastestO Curve] run=1 frac=0.6 budget_n=500 est=1144.25
  [FastestO Curve] run=1 frac=0.7 budget_n=500 est=924.055
  [FastestO Curve] run=1 frac=0.8 budget_n=500 est=948.6
  [FastestO Curve] run=1 frac=0.9 budget_n=500 est=819.411
  [FastestO Curve] run=2 frac=0.01 budget_n=500 est=1135.85
  [FastestO Curve] run=2 frac=0.05 budget_n=500 est=1120.34
  [FastestO Curve] run=2 frac=0.075 budget_n=500 est=988.769
  [FastestO Curve] run=2 frac=0.1 budget_n=939 est=932.681
  [FastestO Curve] run=2 frac=0.15 budget_n=500 est=914.003
  [FastestO Curve] run=2 frac=0.2 budget_n=500 est=884.757
  [FastestO Curve] run=2 frac=0.3 budget_n=500 est=834.608
  [FastestO Curve] run=2 frac=0.4 budget_n=500 est=1078.98
  [FastestO Curve] run=2 frac=0.5 budget_n=500 est=979.475
  [FastestO Curve] run=2 frac=0.6 budget_n=500 est=808.012
  [FastestO Curve] run=2 frac=0.7 budget_n=500 est=861.761
  [FastestO Curve] run=2 frac=0.8 budget_n=500 est=1052.25
  [FastestO Curve] run=2 frac=0.9 budget_n=500 est=1102.42
  [FastestO Curve] run=3 frac=0.01 budget_n=500 est=832.948
  [FastestO Curve] run=3 frac=0.05 budget_n=500 est=1050.76
  [FastestO Curve] run=3 frac=0.075 budget_n=500 est=978.006
  [FastestO Curve] run=3 frac=0.1 budget_n=939 est=1000.83
  [FastestO Curve] run=3 frac=0.15 budget_n=500 est=857.492
  [FastestO Curve] run=3 frac=0.2 budget_n=500 est=867.81
  [FastestO Curve] run=3 frac=0.3 budget_n=500 est=972.411
  [FastestO Curve] run=3 frac=0.4 budget_n=500 est=1057.39
  [FastestO Curve] run=3 frac=0.5 budget_n=500 est=880.339
  [FastestO Curve] run=3 frac=0.6 budget_n=500 est=991.13
  [FastestO Curve] run=3 frac=0.7 budget_n=500 est=895.9
  [FastestO Curve] run=3 frac=0.8 budget_n=500 est=821.045
  [FastestO Curve] run=3 frac=0.9 budget_n=500 est=870.4
  [FastestO Curve] run=4 frac=0.01 budget_n=500 est=883.352
  [FastestO Curve] run=4 frac=0.05 budget_n=500 est=978.457
  [FastestO Curve] run=4 frac=0.075 budget_n=500 est=964.068
  [FastestO Curve] run=4 frac=0.1 budget_n=939 est=989.078
  [FastestO Curve] run=4 frac=0.15 budget_n=500 est=801.816
  [FastestO Curve] run=4 frac=0.2 budget_n=500 est=968.067
  [FastestO Curve] run=4 frac=0.3 budget_n=500 est=869.145
  [FastestO Curve] run=4 frac=0.4 budget_n=500 est=894.502
  [FastestO Curve] run=4 frac=0.5 budget_n=500 est=1009.08
  [FastestO Curve] run=4 frac=0.6 budget_n=500 est=917.402
  [FastestO Curve] run=4 frac=0.7 budget_n=500 est=844.424
  [FastestO Curve] run=4 frac=0.8 budget_n=500 est=1033.6
  [FastestO Curve] run=4 frac=0.9 budget_n=500 est=854.857
  [FastestO Curve] run=5 frac=0.01 budget_n=500 est=859.06
  [FastestO Curve] run=5 frac=0.05 budget_n=500 est=777.952
  [FastestO Curve] run=5 frac=0.075 budget_n=500 est=834.216
  [FastestO Curve] run=5 frac=0.1 budget_n=939 est=1046.73
  [FastestO Curve] run=5 frac=0.15 budget_n=500 est=927.793
  [FastestO Curve] run=5 frac=0.2 budget_n=500 est=935.361
  [FastestO Curve] run=5 frac=0.3 budget_n=500 est=1129.65
  [FastestO Curve] run=5 frac=0.4 budget_n=500 est=694.251
  [FastestO Curve] run=5 frac=0.5 budget_n=500 est=894.876
  [FastestO Curve] run=5 frac=0.6 budget_n=500 est=874.43
  [FastestO Curve] run=5 frac=0.7 budget_n=500 est=836.86
  [FastestO Curve] run=5 frac=0.8 budget_n=500 est=999.949
  [FastestO Curve] run=5 frac=0.9 budget_n=500 est=978.947
  [Result] #CandTree           : 8432
  [Result] #TreeTrials         : 646
  [Result] #TreeSuccess        : 75
  [Result] #UniqueOracleNodes  : 500.0000
  [Result] Truth               : 8432.0000
  [Result] Est                 : 978.9474
  [Result] logQError           : -0.9352
  [Result] TreeCountTime       : 6.4917
  [Result] QueryTime           : 0.5410
/home/wangshuo/projects/PROXY/datasets/amazon/query_graph_count/query_3_111.graph Finished!

Start Processing (Multi-Predicate) /home/wangshuo/projects/PROXY/datasets/amazon/query_graph_count/query_3_112.graph
[Info] Using explicit query nodes for predicates: 0 2 
[Info] FOIS_nrs base budget not found, will rely strictly on Curve CSV.
[Warning] Requested root label 1 not found in query. Falling back to default root 0
  [FastestO Curve] run=1 frac=0.01 budget_n=500 est=1151.11
  [FastestO Curve] run=1 frac=0.05 budget_n=500 est=1080.58
  [FastestO Curve] run=1 frac=0.075 budget_n=500 est=1023.83
  [FastestO Curve] run=1 frac=0.1 budget_n=986 est=1175.13
  [FastestO Curve] run=1 frac=0.15 budget_n=500 est=1241.32
  [FastestO Curve] run=1 frac=0.2 budget_n=500 est=1062.36
  [FastestO Curve] run=1 frac=0.3 budget_n=500 est=1119.24
  [FastestO Curve] run=1 frac=0.4 budget_n=500 est=1139.39
  [FastestO Curve] run=1 frac=0.5 budget_n=500 est=1039.9
  [FastestO Curve] run=1 frac=0.6 budget_n=500 est=1271.54
  [FastestO Curve] run=1 frac=0.7 budget_n=500 est=1021.24
  [FastestO Curve] run=1 frac=0.8 budget_n=500 est=1120.22
  [FastestO Curve] run=1 frac=0.9 budget_n=500 est=1016.3
  [FastestO Curve] run=2 frac=0.01 budget_n=500 est=1183.81
  [FastestO Curve] run=2 frac=0.05 budget_n=500 est=1032.69
  [FastestO Curve] run=2 frac=0.075 budget_n=500 est=966.941
  [FastestO Curve] run=2 frac=0.1 budget_n=986 est=1004.19
  [FastestO Curve] run=2 frac=0.15 budget_n=500 est=768.553
  [FastestO Curve] run=2 frac=0.2 budget_n=500 est=1040.63
  [FastestO Curve] run=2 frac=0.3 budget_n=500 est=994.005
  [FastestO Curve] run=2 frac=0.4 budget_n=500 est=1080.21
  [FastestO Curve] run=2 frac=0.5 budget_n=500 est=1137.53
  [FastestO Curve] run=2 frac=0.6 budget_n=500 est=1105.42
  [FastestO Curve] run=2 frac=0.7 budget_n=500 est=996.336
  [FastestO Curve] run=2 frac=0.8 budget_n=500 est=1050.17
  [FastestO Curve] run=2 frac=0.9 budget_n=500 est=983.24
  [FastestO Curve] run=3 frac=0.01 budget_n=500 est=1074.55
  [FastestO Curve] run=3 frac=0.05 budget_n=500 est=956.544
  [FastestO Curve] run=3 frac=0.075 budget_n=500 est=999.802
  [FastestO Curve] run=3 frac=0.1 budget_n=986 est=1105.13
  [FastestO Curve] run=3 frac=0.15 budget_n=500 est=1082.32
  [FastestO Curve] run=3 frac=0.2 budget_n=500 est=1112.4
  [FastestO Curve] run=3 frac=0.3 budget_n=500 est=889.922
  [FastestO Curve] run=3 frac=0.4 budget_n=500 est=1025.58
  [FastestO Curve] run=3 frac=0.5 budget_n=500 est=935
  [FastestO Curve] run=3 frac=0.6 budget_n=500 est=1075.17
  [FastestO Curve] run=3 frac=0.7 budget_n=500 est=1073.97
  [FastestO Curve] run=3 frac=0.8 budget_n=500 est=899.211
  [FastestO Curve] run=3 frac=0.9 budget_n=500 est=1024.55
  [FastestO Curve] run=4 frac=0.01 budget_n=500 est=1144.33
  [FastestO Curve] run=4 frac=0.05 budget_n=500 est=977.89
  [FastestO Curve] run=4 frac=0.075 budget_n=500 est=891.912
  [FastestO Curve] run=4 frac=0.1 budget_n=986 est=896.818
  [FastestO Curve] run=4 frac=0.15 budget_n=500 est=874.286
  [FastestO Curve] run=4 frac=0.2 budget_n=500 est=1117.62
  [FastestO Curve] run=4 frac=0.3 budget_n=500 est=948.955
  [FastestO Curve] run=4 frac=0.4 budget_n=500 est=999.281
  [FastestO Curve] run=4 frac=0.5 budget_n=500 est=927.532
  [FastestO Curve] run=4 frac=0.6 budget_n=500 est=1163.17
  [FastestO Curve] run=4 frac=0.7 budget_n=500 est=1055.35
  [FastestO Curve] run=4 frac=0.8 budget_n=500 est=997.933
  [FastestO Curve] run=4 frac=0.9 budget_n=500 est=1307.74
  [FastestO Curve] run=5 frac=0.01 budget_n=500 est=1177.02
  [FastestO Curve] run=5 frac=0.05 budget_n=500 est=1041.6
  [FastestO Curve] run=5 frac=0.075 budget_n=500 est=1053.59
  [FastestO Curve] run=5 frac=0.1 budget_n=986 est=1058.57
  [FastestO Curve] run=5 frac=0.15 budget_n=500 est=1217.43
  [FastestO Curve] run=5 frac=0.2 budget_n=500 est=992.399
  [FastestO Curve] run=5 frac=0.3 budget_n=500 est=1107.24
  [FastestO Curve] run=5 frac=0.4 budget_n=500 est=1024.9
  [FastestO Curve] run=5 frac=0.5 budget_n=500 est=1045.09
  [FastestO Curve] run=5 frac=0.6 budget_n=500 est=913.256
  [FastestO Curve] run=5 frac=0.7 budget_n=500 est=1133.05
  [FastestO Curve] run=5 frac=0.8 budget_n=500 est=1225.06
  [FastestO Curve] run=5 frac=0.9 budget_n=500 est=1287.32
  [Result] #CandTree           : 8415
  [Result] #TreeTrials         : 621
  [Result] #TreeSuccess        : 95
  [Result] #UniqueOracleNodes  : 500.0000
  [Result] Truth               : 8415.0000
  [Result] Est                 : 1287.3188
  [Result] logQError           : -0.8154
  [Result] TreeCountTime       : 6.4985
  [Result] QueryTime           : 0.5290
/home/wangshuo/projects/PROXY/datasets/amazon/query_graph_count/query_3_112.graph Finished!

Start Processing (Multi-Predicate) /home/wangshuo/projects/PROXY/datasets/amazon/query_graph_count/query_3_113.graph
[Info] Using explicit query nodes for predicates: 0 2 
[Info] FOIS_nrs base budget not found, will rely strictly on Curve CSV.
[Warning] Requested root label 1 not found in query. Falling back to default root 2
  [FastestO Curve] run=1 frac=0.01 budget_n=500 est=801.731
  [FastestO Curve] run=1 frac=0.05 budget_n=500 est=606.222
  [FastestO Curve] run=1 frac=0.075 budget_n=500 est=1188.4
  [FastestO Curve] run=1 frac=0.1 budget_n=946 est=739.169
  [FastestO Curve] run=1 frac=0.15 budget_n=500 est=1167.95
  [FastestO Curve] run=1 frac=0.2 budget_n=500 est=1043.7
  [FastestO Curve] run=1 frac=0.3 budget_n=500 est=900.505
  [FastestO Curve] run=1 frac=0.4 budget_n=500 est=1142.4
  [FastestO Curve] run=1 frac=0.5 budget_n=500 est=860.408
  [FastestO Curve] run=1 frac=0.6 budget_n=500 est=843.2
  [FastestO Curve] run=1 frac=0.7 budget_n=500 est=967.607
  [FastestO Curve] run=1 frac=0.8 budget_n=500 est=1097.32
  [FastestO Curve] run=1 frac=0.9 budget_n=500 est=900.505
  [FastestO Curve] run=2 frac=0.01 budget_n=500 est=1240
  [FastestO Curve] run=2 frac=0.05 budget_n=500 est=862.68
  [FastestO Curve] run=2 frac=0.075 budget_n=500 est=1157.33
  [FastestO Curve] run=2 frac=0.1 budget_n=946 est=881.158
  [FastestO Curve] run=2 frac=0.15 budget_n=500 est=857.023
  [FastestO Curve] run=2 frac=0.2 budget_n=500 est=698.013
  [FastestO Curve] run=2 frac=0.3 budget_n=500 est=905.45
  [FastestO Curve] run=2 frac=0.4 budget_n=500 est=1007.24
  [FastestO Curve] run=2 frac=0.5 budget_n=500 est=804.368
  [FastestO Curve] run=2 frac=0.6 budget_n=500 est=1078.84
  [FastestO Curve] run=2 frac=0.7 budget_n=500 est=1152.37
  [FastestO Curve] run=2 frac=0.8 budget_n=500 est=854.222
  [FastestO Curve] run=2 frac=0.9 budget_n=500 est=865.536
  [FastestO Curve] run=3 frac=0.01 budget_n=500 est=1363.59
  [FastestO Curve] run=3 frac=0.05 budget_n=500 est=997.027
  [FastestO Curve] run=3 frac=0.075 budget_n=500 est=1122.44
  [FastestO Curve] run=3 frac=0.1 budget_n=946 est=996.754
  [FastestO Curve] run=3 frac=0.15 budget_n=500 est=1057.48
  [FastestO Curve] run=3 frac=0.2 budget_n=500 est=893.457
  [FastestO Curve] run=3 frac=0.3 budget_n=500 est=1275.89
  [FastestO Curve] run=3 frac=0.4 budget_n=500 est=927.793
  [FastestO Curve] run=3 frac=0.5 budget_n=500 est=821.299
  [FastestO Curve] run=3 frac=0.6 budget_n=500 est=940.054
  [FastestO Curve] run=3 frac=0.7 budget_n=500 est=674.56
  [FastestO Curve] run=3 frac=0.8 budget_n=500 est=812.385
  [FastestO Curve] run=3 frac=0.9 budget_n=500 est=859.842
  [FastestO Curve] run=4 frac=0.01 budget_n=500 est=807.023
  [FastestO Curve] run=4 frac=0.05 budget_n=500 est=756.359
  [FastestO Curve] run=4 frac=0.075 budget_n=500 est=723.538
  [FastestO Curve] run=4 frac=0.1 budget_n=946 est=968.268
  [FastestO Curve] run=4 frac=0.15 budget_n=500 est=959.503
  [FastestO Curve] run=4 frac=0.2 budget_n=500 est=990.336
  [FastestO Curve] run=4 frac=0.3 budget_n=500 est=801.731
  [FastestO Curve] run=4 frac=0.4 budget_n=500 est=988.769
  [FastestO Curve] run=4 frac=0.5 budget_n=500 est=727.361
  [FastestO Curve] run=4 frac=0.6 budget_n=500 est=746.439
  [FastestO Curve] run=4 frac=0.7 budget_n=500 est=1036.94
  [FastestO Curve] run=4 frac=0.8 budget_n=500 est=1010.68
  [FastestO Curve] run=4 frac=0.9 budget_n=500 est=983.733
  [FastestO Curve] run=5 frac=0.01 budget_n=500 est=1043.13
  [FastestO Curve] run=5 frac=0.05 budget_n=500 est=1081.03
  [FastestO Curve] run=5 frac=0.075 budget_n=500 est=1095.06
  [FastestO Curve] run=5 frac=0.1 budget_n=946 est=899.967
  [FastestO Curve] run=5 frac=0.15 budget_n=500 est=964.444
  [FastestO Curve] run=5 frac=0.2 budget_n=500 est=870.4
  [FastestO Curve] run=5 frac=0.3 budget_n=500 est=868.412
  [FastestO Curve] run=5 frac=0.4 budget_n=500 est=998.526
  [FastestO Curve] run=5 frac=0.5 budget_n=500 est=1172.66
  [FastestO Curve] run=5 frac=0.6 budget_n=500 est=939.961
  [FastestO Curve] run=5 frac=0.7 budget_n=500 est=1322.67
  [FastestO Curve] run=5 frac=0.8 budget_n=500 est=1050.54
  [FastestO Curve] run=5 frac=0.9 budget_n=500 est=821.299
  [Result] #CandTree           : 8432
  [Result] #TreeTrials         : 308
  [Result] #TreeSuccess        : 30
  [Result] #UniqueOracleNodes  : 500.0000
  [Result] Truth               : 8432.0000
  [Result] Est                 : 821.2987
  [Result] logQError           : -1.0114
  [Result] TreeCountTime       : 6.4892
  [Result] QueryTime           : 0.3773
/home/wangshuo/projects/PROXY/datasets/amazon/query_graph_count/query_3_113.graph Finished!

Start Processing (Multi-Predicate) /home/wangshuo/projects/PROXY/datasets/amazon/query_graph_count/query_3_114.graph
[Info] Using explicit query nodes for predicates: 0 
[Info] FOIS_nrs base budget not found, will rely strictly on Curve CSV.
[Warning] Requested root label 1 not found in query. Falling back to default root 1
  [FastestO Curve] run=1 frac=0.01 budget_n=500 est=10033.6
  [FastestO Curve] run=1 frac=0.05 budget_n=500 est=10582.6
  [FastestO Curve] run=1 frac=0.075 budget_n=500 est=10247
  [FastestO Curve] run=1 frac=0.1 budget_n=1310 est=10196.7
  [FastestO Curve] run=1 frac=0.15 budget_n=500 est=9956.65
  [FastestO Curve] run=1 frac=0.2 budget_n=500 est=10163.2
  [FastestO Curve] run=1 frac=0.3 budget_n=500 est=9850.84
  [FastestO Curve] run=1 frac=0.4 budget_n=500 est=10502.2
  [FastestO Curve] run=1 frac=0.5 budget_n=500 est=10106.1
  [FastestO Curve] run=1 frac=0.6 budget_n=500 est=9971.04
  [FastestO Curve] run=1 frac=0.7 budget_n=500 est=10152.3
  [FastestO Curve] run=1 frac=0.8 budget_n=500 est=10238.6
  [FastestO Curve] run=1 frac=0.9 budget_n=500 est=9997.86
  [FastestO Curve] run=2 frac=0.01 budget_n=500 est=10335.8
  [FastestO Curve] run=2 frac=0.05 budget_n=500 est=10082
  [FastestO Curve] run=2 frac=0.075 budget_n=500 est=9975.28
  [FastestO Curve] run=2 frac=0.1 budget_n=1310 est=10310.7
  [FastestO Curve] run=2 frac=0.15 budget_n=500 est=10102.6
  [FastestO Curve] run=2 frac=0.2 budget_n=500 est=9748.66
  [FastestO Curve] run=2 frac=0.3 budget_n=500 est=10355.9
  [FastestO Curve] run=2 frac=0.4 budget_n=500 est=9922.4
  [FastestO Curve] run=2 frac=0.5 budget_n=500 est=10247
  [FastestO Curve] run=2 frac=0.6 budget_n=500 est=9990.63
  [FastestO Curve] run=2 frac=0.7 budget_n=500 est=10215.6
  [FastestO Curve] run=2 frac=0.8 budget_n=500 est=10063.7
  [FastestO Curve] run=2 frac=0.9 budget_n=500 est=9927.25
  [FastestO Curve] run=3 frac=0.01 budget_n=500 est=10038.2
  [FastestO Curve] run=3 frac=0.05 budget_n=500 est=10139.2
  [FastestO Curve] run=3 frac=0.075 budget_n=500 est=10275.4
  [FastestO Curve] run=3 frac=0.1 budget_n=1310 est=10088.6
  [FastestO Curve] run=3 frac=0.15 budget_n=500 est=9879.13
  [FastestO Curve] run=3 frac=0.2 budget_n=500 est=9830.17
  [FastestO Curve] run=3 frac=0.3 budget_n=500 est=9869.31
  [FastestO Curve] run=3 frac=0.4 budget_n=500 est=10478.4
  [FastestO Curve] run=3 frac=0.5 budget_n=500 est=9868.79
  [FastestO Curve] run=3 frac=0.6 budget_n=500 est=10174.3
  [FastestO Curve] run=3 frac=0.7 budget_n=500 est=10243.9
  [FastestO Curve] run=3 frac=0.8 budget_n=500 est=10095.5
  [FastestO Curve] run=3 frac=0.9 budget_n=500 est=10254.4
  [FastestO Curve] run=4 frac=0.01 budget_n=500 est=10235.5
  [FastestO Curve] run=4 frac=0.05 budget_n=500 est=10195.9
  [FastestO Curve] run=4 frac=0.075 budget_n=500 est=10262.9
  [FastestO Curve] run=4 frac=0.1 budget_n=1310 est=10284.3
  [FastestO Curve] run=4 frac=0.15 budget_n=500 est=10214.2
  [FastestO Curve] run=4 frac=0.2 budget_n=500 est=10271.2
  [FastestO Curve] run=4 frac=0.3 budget_n=500 est=10187.3
  [FastestO Curve] run=4 frac=0.4 budget_n=500 est=10239.7
  [FastestO Curve] run=4 frac=0.5 budget_n=500 est=9801.98
  [FastestO Curve] run=4 frac=0.6 budget_n=500 est=9941.7
  [FastestO Curve] run=4 frac=0.7 budget_n=500 est=10465
  [FastestO Curve] run=4 frac=0.8 budget_n=500 est=10009.4
  [FastestO Curve] run=4 frac=0.9 budget_n=500 est=10478
  [FastestO Curve] run=5 frac=0.01 budget_n=500 est=9941.52
  [FastestO Curve] run=5 frac=0.05 budget_n=500 est=10435.8
  [FastestO Curve] run=5 frac=0.075 budget_n=500 est=10351.9
  [FastestO Curve] run=5 frac=0.1 budget_n=1310 est=10210.6
  [FastestO Curve] run=5 frac=0.15 budget_n=500 est=10104.4
  [FastestO Curve] run=5 frac=0.2 budget_n=500 est=9883.64
  [FastestO Curve] run=5 frac=0.3 budget_n=500 est=10119.5
  [FastestO Curve] run=5 frac=0.4 budget_n=500 est=10174.3
  [FastestO Curve] run=5 frac=0.5 budget_n=500 est=10004.8
  [FastestO Curve] run=5 frac=0.6 budget_n=500 est=10136.8
  [FastestO Curve] run=5 frac=0.7 budget_n=500 est=10231.3
  [FastestO Curve] run=5 frac=0.8 budget_n=500 est=9989.96
  [FastestO Curve] run=5 frac=0.9 budget_n=500 est=9936.77
  [Result] #CandTree           : 1.24e+04
  [Result] #TreeTrials         : 518
  [Result] #TreeSuccess        : 415
  [Result] #UniqueOracleNodes  : 500.0000
  [Result] Truth               : 12403.0000
  [Result] Est                 : 9936.7664
  [Result] logQError           : -0.0963
  [Result] TreeCountTime       : 9.8926
  [Result] QueryTime           : 0.5277
/home/wangshuo/projects/PROXY/datasets/amazon/query_graph_count/query_3_114.graph Finished!

Start Processing (Multi-Predicate) /home/wangshuo/projects/PROXY/datasets/amazon/query_graph_count/query_3_115.graph
[Info] Using explicit query nodes for predicates: 0 1 
[Info] FOIS_nrs base budget not found, will rely strictly on Curve CSV.
[Warning] Requested root label 1 not found in query. Falling back to default root 0
  [FastestO Curve] run=1 frac=0.01 budget_n=500 est=701.86
  [FastestO Curve] run=1 frac=0.05 budget_n=500 est=573.401
  [FastestO Curve] run=1 frac=0.075 budget_n=500 est=732.218
  [FastestO Curve] run=1 frac=0.1 budget_n=922 est=796.862
  [FastestO Curve] run=1 frac=0.15 budget_n=500 est=883.402
  [FastestO Curve] run=1 frac=0.2 budget_n=500 est=848.572
  [FastestO Curve] run=1 frac=0.3 budget_n=500 est=842.097
  [FastestO Curve] run=1 frac=0.4 budget_n=500 est=755.078
  [FastestO Curve] run=1 frac=0.5 budget_n=500 est=731.233
  [FastestO Curve] run=1 frac=0.6 budget_n=500 est=703.319
  [FastestO Curve] run=1 frac=0.7 budget_n=500 est=858.248
  [FastestO Curve] run=1 frac=0.8 budget_n=500 est=852.208
  [FastestO Curve] run=1 frac=0.9 budget_n=500 est=1107.87
  [FastestO Curve] run=2 frac=0.01 budget_n=500 est=666.553
  [FastestO Curve] run=2 frac=0.05 budget_n=500 est=531.996
  [FastestO Curve] run=2 frac=0.075 budget_n=500 est=785.939
  [FastestO Curve] run=2 frac=0.1 budget_n=922 est=822.033
  [FastestO Curve] run=2 frac=0.15 budget_n=500 est=748.15
  [FastestO Curve] run=2 frac=0.2 budget_n=500 est=583.535
  [FastestO Curve] run=2 frac=0.3 budget_n=500 est=928.502
  [FastestO Curve] run=2 frac=0.4 budget_n=500 est=758.93
  [FastestO Curve] run=2 frac=0.5 budget_n=500 est=904.612
  [FastestO Curve] run=2 frac=0.6 budget_n=500 est=810.319
  [FastestO Curve] run=2 frac=0.7 budget_n=500 est=542.949
  [FastestO Curve] run=2 frac=0.8 budget_n=500 est=892.136
  [FastestO Curve] run=2 frac=0.9 budget_n=500 est=910.458
  [FastestO Curve] run=3 frac=0.01 budget_n=500 est=746.959
  [FastestO Curve] run=3 frac=0.05 budget_n=500 est=881.223
  [FastestO Curve] run=3 frac=0.075 budget_n=500 est=733.439
  [FastestO Curve] run=3 frac=0.1 budget_n=922 est=705.13
  [FastestO Curve] run=3 frac=0.15 budget_n=500 est=746.271
  [FastestO Curve] run=3 frac=0.2 budget_n=500 est=721.469
  [FastestO Curve] run=3 frac=0.3 budget_n=500 est=743.776
  [FastestO Curve] run=3 frac=0.4 budget_n=500 est=795.791
  [FastestO Curve] run=3 frac=0.5 budget_n=500 est=761.356
  [FastestO Curve] run=3 frac=0.6 budget_n=500 est=905.908
  [FastestO Curve] run=3 frac=0.7 budget_n=500 est=742.397
  [FastestO Curve] run=3 frac=0.8 budget_n=500 est=737.91
  [FastestO Curve] run=3 frac=0.9 budget_n=500 est=831.021
  [FastestO Curve] run=4 frac=0.01 budget_n=500 est=710.216
  [FastestO Curve] run=4 frac=0.05 budget_n=500 est=834.81
  [FastestO Curve] run=4 frac=0.075 budget_n=500 est=849.274
  [FastestO Curve] run=4 frac=0.1 budget_n=922 est=693.699
  [FastestO Curve] run=4 frac=0.15 budget_n=500 est=696.737
  [FastestO Curve] run=4 frac=0.2 budget_n=500 est=583.898
  [FastestO Curve] run=4 frac=0.3 budget_n=500 est=793.754
  [FastestO Curve] run=4 frac=0.4 budget_n=500 est=995.814
  [FastestO Curve] run=4 frac=0.5 budget_n=500 est=795.352
  [FastestO Curve] run=4 frac=0.6 budget_n=500 est=836.378
  [FastestO Curve] run=4 frac=0.7 budget_n=500 est=777.705
  [FastestO Curve] run=4 frac=0.8 budget_n=500 est=631.519
  [FastestO Curve] run=4 frac=0.9 budget_n=500 est=676.013
  [FastestO Curve] run=5 frac=0.01 budget_n=500 est=769.205
  [FastestO Curve] run=5 frac=0.05 budget_n=500 est=883.668
  [FastestO Curve] run=5 frac=0.075 budget_n=500 est=776.747
  [FastestO Curve] run=5 frac=0.1 budget_n=922 est=780.038
  [FastestO Curve] run=5 frac=0.15 budget_n=500 est=813.705
  [FastestO Curve] run=5 frac=0.2 budget_n=500 est=926.782
  [FastestO Curve] run=5 frac=0.3 budget_n=500 est=788.958
  [FastestO Curve] run=5 frac=0.4 budget_n=500 est=753.722
  [FastestO Curve] run=5 frac=0.5 budget_n=500 est=942.711
  [FastestO Curve] run=5 frac=0.6 budget_n=500 est=962.366
  [FastestO Curve] run=5 frac=0.7 budget_n=500 est=653.483
  [FastestO Curve] run=5 frac=0.8 budget_n=500 est=822.196
  [FastestO Curve] run=5 frac=0.9 budget_n=500 est=854.812
  [Result] #CandTree           : 9005
  [Result] #TreeTrials         : 611
  [Result] #TreeSuccess        : 58
  [Result] #UniqueOracleNodes  : 500.0000
  [Result] Truth               : 9005.0000
  [Result] Est                 : 854.8118
  [Result] logQError           : -1.0226
  [Result] TreeCountTime       : 7.9699
  [Result] QueryTime           : 0.5258
/home/wangshuo/projects/PROXY/datasets/amazon/query_graph_count/query_3_115.graph Finished!

Start Processing (Multi-Predicate) /home/wangshuo/projects/PROXY/datasets/amazon/query_graph_count/query_3_116.graph
[Info] Using explicit query nodes for predicates: 1 2 
[Info] FOIS_nrs base budget not found, will rely strictly on Curve CSV.
[Warning] Requested root label 1 not found in query. Falling back to default root 2
  [FastestO Curve] run=1 frac=0.01 budget_n=500 est=646.124
  [FastestO Curve] run=1 frac=0.05 budget_n=500 est=716.571
  [FastestO Curve] run=1 frac=0.075 budget_n=500 est=766.105
  [FastestO Curve] run=1 frac=0.1 budget_n=874 est=686.396
  [FastestO Curve] run=1 frac=0.15 budget_n=500 est=1025.36
  [FastestO Curve] run=1 frac=0.2 budget_n=500 est=731.84
  [FastestO Curve] run=1 frac=0.3 budget_n=500 est=618.777
  [FastestO Curve] run=1 frac=0.4 budget_n=500 est=763.601
  [FastestO Curve] run=1 frac=0.5 budget_n=500 est=1090.23
  [FastestO Curve] run=1 frac=0.6 budget_n=500 est=858.631
  [FastestO Curve] run=1 frac=0.7 budget_n=500 est=955.429
  [FastestO Curve] run=1 frac=0.8 budget_n=500 est=819.76
  [FastestO Curve] run=1 frac=0.9 budget_n=500 est=718.96
  [FastestO Curve] run=2 frac=0.01 budget_n=500 est=790.388
  [FastestO Curve] run=2 frac=0.05 budget_n=500 est=547.285
  [FastestO Curve] run=2 frac=0.075 budget_n=500 est=427.952
  [FastestO Curve] run=2 frac=0.1 budget_n=874 est=864.135
  [FastestO Curve] run=2 frac=0.15 budget_n=500 est=734.232
  [FastestO Curve] run=2 frac=0.2 budget_n=500 est=644.02
  [FastestO Curve] run=2 frac=0.3 budget_n=500 est=682.182
  [FastestO Curve] run=2 frac=0.4 budget_n=500 est=751.325
  [FastestO Curve] run=2 frac=0.5 budget_n=500 est=889.802
  [FastestO Curve] run=2 frac=0.6 budget_n=500 est=806.526
  [FastestO Curve] run=2 frac=0.7 budget_n=500 est=872.524
  [FastestO Curve] run=2 frac=0.8 budget_n=500 est=907.482
  [FastestO Curve] run=2 frac=0.9 budget_n=500 est=892.748
  [FastestO Curve] run=3 frac=0.01 budget_n=500 est=792.075
  [FastestO Curve] run=3 frac=0.05 budget_n=500 est=482.523
  [FastestO Curve] run=3 frac=0.075 budget_n=500 est=595.166
  [FastestO Curve] run=3 frac=0.1 budget_n=874 est=806.931
  [FastestO Curve] run=3 frac=0.15 budget_n=500 est=825.036
  [FastestO Curve] run=3 frac=0.2 budget_n=500 est=686.714
  [FastestO Curve] run=3 frac=0.3 budget_n=500 est=922.507
  [FastestO Curve] run=3 frac=0.4 budget_n=500 est=620.813
  [FastestO Curve] run=3 frac=0.5 budget_n=500 est=496.036
  [FastestO Curve] run=3 frac=0.6 budget_n=500 est=622.861
  [FastestO Curve] run=3 frac=0.7 budget_n=500 est=563.541
  [FastestO Curve] run=3 frac=0.8 budget_n=500 est=674.792
  [FastestO Curve] run=3 frac=0.9 budget_n=500 est=756.481
  [FastestO Curve] run=4 frac=0.01 budget_n=500 est=922.507
  [FastestO Curve] run=4 frac=0.05 budget_n=500 est=659.047
  [FastestO Curve] run=4 frac=0.075 budget_n=500 est=700.286
  [FastestO Curve] run=4 frac=0.1 budget_n=874 est=742.336
  [FastestO Curve] run=4 frac=0.15 budget_n=500 est=827.75
  [FastestO Curve] run=4 frac=0.2 budget_n=500 est=781.478
  [FastestO Curve] run=4 frac=0.3 budget_n=500 est=741.502
  [FastestO Curve] run=4 frac=0.4 budget_n=500 est=776.286
  [FastestO Curve] run=4 frac=0.5 budget_n=500 est=850.122
  [FastestO Curve] run=4 frac=0.6 budget_n=500 est=904.536
  [FastestO Curve] run=4 frac=0.7 budget_n=500 est=504.221
  [FastestO Curve] run=4 frac=0.8 budget_n=500 est=682.182
  [FastestO Curve] run=4 frac=0.9 budget_n=500 est=587.386
  [FastestO Curve] run=5 frac=0.01 budget_n=500 est=622.861
  [FastestO Curve] run=5 frac=0.05 budget_n=500 est=505.891
  [FastestO Curve] run=5 frac=0.075 budget_n=500 est=700.286
  [FastestO Curve] run=5 frac=0.1 budget_n=874 est=702.359
  [FastestO Curve] run=5 frac=0.15 budget_n=500 est=579.806
  [FastestO Curve] run=5 frac=0.2 budget_n=500 est=736.639
  [FastestO Curve] run=5 frac=0.3 budget_n=500 est=872.524
  [FastestO Curve] run=5 frac=0.4 budget_n=500 est=1034.69
  [FastestO Curve] run=5 frac=0.5 budget_n=500 est=936.756
  [FastestO Curve] run=5 frac=0.6 budget_n=500 est=731.84
  [FastestO Curve] run=5 frac=0.7 budget_n=500 est=587.386
  [FastestO Curve] run=5 frac=0.8 budget_n=500 est=871.649
  [FastestO Curve] run=5 frac=0.9 budget_n=500 est=941.206
  [Result] #CandTree           : 8987
  [Result] #TreeTrials         : 296
  [Result] #TreeSuccess        : 31
  [Result] #UniqueOracleNodes  : 500.0000
  [Result] Truth               : 8987.0000
  [Result] Est                 : 941.2061
  [Result] logQError           : -0.9799
  [Result] TreeCountTime       : 6.8998
  [Result] QueryTime           : 0.3802
/home/wangshuo/projects/PROXY/datasets/amazon/query_graph_count/query_3_116.graph Finished!

Start Processing (Multi-Predicate) /home/wangshuo/projects/PROXY/datasets/amazon/query_graph_count/query_3_117.graph
[Info] Using explicit query nodes for predicates: 0 2 
[Info] FOIS_nrs base budget not found, will rely strictly on Curve CSV.
[Warning] Requested root label 1 not found in query. Falling back to default root 2
  [FastestO Curve] run=1 frac=0.01 budget_n=500 est=800.262
  [FastestO Curve] run=1 frac=0.05 budget_n=500 est=758.194
  [FastestO Curve] run=1 frac=0.075 budget_n=500 est=658.543
  [FastestO Curve] run=1 frac=0.1 budget_n=909 est=754.617
  [FastestO Curve] run=1 frac=0.15 budget_n=500 est=502.222
  [FastestO Curve] run=1 frac=0.2 budget_n=500 est=720.797
  [FastestO Curve] run=1 frac=0.3 budget_n=500 est=704.814
  [FastestO Curve] run=1 frac=0.4 budget_n=500 est=797.647
  [FastestO Curve] run=1 frac=0.5 budget_n=500 est=967.492
  [FastestO Curve] run=1 frac=0.6 budget_n=500 est=879.732
  [FastestO Curve] run=1 frac=0.7 budget_n=500 est=700.067
  [FastestO Curve] run=1 frac=0.8 budget_n=500 est=840.93
  [FastestO Curve] run=1 frac=0.9 budget_n=500 est=1014.39
  [FastestO Curve] run=2 frac=0.01 budget_n=500 est=915.817
  [FastestO Curve] run=2 frac=0.05 budget_n=500 est=786.087
  [FastestO Curve] run=2 frac=0.075 budget_n=500 est=643.625
  [FastestO Curve] run=2 frac=0.1 budget_n=909 est=629.27
  [FastestO Curve] run=2 frac=0.15 budget_n=500 est=953.197
  [FastestO Curve] run=2 frac=0.2 budget_n=500 est=561.307
  [FastestO Curve] run=2 frac=0.3 budget_n=500 est=859.541
  [FastestO Curve] run=2 frac=0.4 budget_n=500 est=1144.68
  [FastestO Curve] run=2 frac=0.5 budget_n=500 est=853.941
  [FastestO Curve] run=2 frac=0.6 budget_n=500 est=704.814
  [FastestO Curve] run=2 frac=0.7 budget_n=500 est=600.664
  [FastestO Curve] run=2 frac=0.8 budget_n=500 est=1039.74
  [FastestO Curve] run=2 frac=0.9 budget_n=500 est=873.867
  [FastestO Curve] run=3 frac=0.01 budget_n=500 est=907.023
  [FastestO Curve] run=3 frac=0.05 budget_n=500 est=753.333
  [FastestO Curve] run=3 frac=0.075 budget_n=500 est=502.222
  [FastestO Curve] run=3 frac=0.1 budget_n=909 est=735.458
  [FastestO Curve] run=3 frac=0.15 budget_n=500 est=643.625
  [FastestO Curve] run=3 frac=0.2 budget_n=500 est=720.797
  [FastestO Curve] run=3 frac=0.3 budget_n=500 est=763.117
  [FastestO Curve] run=3 frac=0.4 budget_n=500 est=872.026
  [FastestO Curve] run=3 frac=0.5 budget_n=500 est=526.602
  [FastestO Curve] run=3 frac=0.6 budget_n=500 est=872.026
  [FastestO Curve] run=3 frac=0.7 budget_n=500 est=795.049
  [FastestO Curve] run=3 frac=0.8 budget_n=500 est=587.013
  [FastestO Curve] run=3 frac=0.9 budget_n=500 est=750.831
  [FastestO Curve] run=4 frac=0.01 budget_n=500 est=805.545
  [FastestO Curve] run=4 frac=0.05 budget_n=500 est=702.136
  [FastestO Curve] run=4 frac=0.075 budget_n=500 est=718.411
  [FastestO Curve] run=4 frac=0.1 budget_n=909 est=813.447
  [FastestO Curve] run=4 frac=0.15 budget_n=500 est=738.562
  [FastestO Curve] run=4 frac=0.2 budget_n=500 est=837.572
  [FastestO Curve] run=4 frac=0.3 budget_n=500 est=1031.41
  [FastestO Curve] run=4 frac=0.4 budget_n=500 est=693.163
  [FastestO Curve] run=4 frac=0.5 budget_n=500 est=970.738
  [FastestO Curve] run=4 frac=0.6 budget_n=500 est=528.312
  [FastestO Curve] run=4 frac=0.7 budget_n=500 est=797.647
  [FastestO Curve] run=4 frac=0.8 budget_n=500 est=669.63
  [FastestO Curve] run=4 frac=0.9 budget_n=500 est=964.267
  [FastestO Curve] run=5 frac=0.01 budget_n=500 est=765.603
  [FastestO Curve] run=5 frac=0.05 budget_n=500 est=796.746
  [FastestO Curve] run=5 frac=0.075 budget_n=500 est=888.678
  [FastestO Curve] run=5 frac=0.1 budget_n=909 est=777.47
  [FastestO Curve] run=5 frac=0.15 budget_n=500 est=800.262
  [FastestO Curve] run=5 frac=0.2 budget_n=500 est=784.823
  [FastestO Curve] run=5 frac=0.3 budget_n=500 est=859.541
  [FastestO Curve] run=5 frac=0.4 budget_n=500 est=497.346
  [FastestO Curve] run=5 frac=0.5 budget_n=500 est=824.495
  [FastestO Curve] run=5 frac=0.6 budget_n=500 est=665.151
  [FastestO Curve] run=5 frac=0.7 budget_n=500 est=537.03
  [FastestO Curve] run=5 frac=0.8 budget_n=500 est=945.359
  [FastestO Curve] run=5 frac=0.9 budget_n=500 est=652.066
  [Result] #CandTree           : 9040
  [Result] #TreeTrials         : 305
  [Result] #TreeSuccess        : 22
  [Result] #UniqueOracleNodes  : 500.0000
  [Result] Truth               : 9040.0000
  [Result] Est                 : 652.0656
  [Result] logQError           : -1.1419
  [Result] TreeCountTime       : 6.9695
  [Result] QueryTime           : 0.3959
/home/wangshuo/projects/PROXY/datasets/amazon/query_graph_count/query_3_117.graph Finished!

Start Processing (Multi-Predicate) /home/wangshuo/projects/PROXY/datasets/amazon/query_graph_count/query_3_118.graph
[Info] Using explicit query nodes for predicates: 0 2 
[Info] FOIS_nrs base budget not found, will rely strictly on Curve CSV.
[Warning] Requested root label 1 not found in query. Falling back to default root 0
  [FastestO Curve] run=1 frac=0.01 budget_n=500 est=893.655
  [FastestO Curve] run=1 frac=0.05 budget_n=500 est=837.535
  [FastestO Curve] run=1 frac=0.075 budget_n=500 est=981.426
  [FastestO Curve] run=1 frac=0.1 budget_n=959 est=1076.68
  [FastestO Curve] run=1 frac=0.15 budget_n=500 est=1192.96
  [FastestO Curve] run=1 frac=0.2 budget_n=500 est=911.375
  [FastestO Curve] run=1 frac=0.3 budget_n=500 est=1147.52
  [FastestO Curve] run=1 frac=0.4 budget_n=500 est=1145.24
  [FastestO Curve] run=1 frac=0.5 budget_n=500 est=847.031
  [FastestO Curve] run=1 frac=0.6 budget_n=500 est=1139.38
  [FastestO Curve] run=1 frac=0.7 budget_n=500 est=966.542
  [FastestO Curve] run=1 frac=0.8 budget_n=500 est=992.409
  [FastestO Curve] run=1 frac=0.9 budget_n=500 est=1084.43
  [FastestO Curve] run=2 frac=0.01 budget_n=500 est=1105.29
  [FastestO Curve] run=2 frac=0.05 budget_n=500 est=1219.03
  [FastestO Curve] run=2 frac=0.075 budget_n=500 est=792.068
  [FastestO Curve] run=2 frac=0.1 budget_n=959 est=1025.42
  [FastestO Curve] run=2 frac=0.15 budget_n=500 est=1051.33
  [FastestO Curve] run=2 frac=0.2 budget_n=500 est=1056.89
  [FastestO Curve] run=2 frac=0.3 budget_n=500 est=973.684
  [FastestO Curve] run=2 frac=0.4 budget_n=500 est=996.689
  [FastestO Curve] run=2 frac=0.5 budget_n=500 est=1002.61
  [FastestO Curve] run=2 frac=0.6 budget_n=500 est=1087.36
  [FastestO Curve] run=2 frac=0.7 budget_n=500 est=840.177
  [FastestO Curve] run=2 frac=0.8 budget_n=500 est=955.751
  [FastestO Curve] run=2 frac=0.9 budget_n=500 est=947.008
  [FastestO Curve] run=3 frac=0.01 budget_n=500 est=893.137
  [FastestO Curve] run=3 frac=0.05 budget_n=500 est=1176.08
  [FastestO Curve] run=3 frac=0.075 budget_n=500 est=1223.55
  [FastestO Curve] run=3 frac=0.1 budget_n=959 est=1036.34
  [FastestO Curve] run=3 frac=0.15 budget_n=500 est=1052.33
  [FastestO Curve] run=3 frac=0.2 budget_n=500 est=1148.97
  [FastestO Curve] run=3 frac=0.3 budget_n=500 est=1224.38
  [FastestO Curve] run=3 frac=0.4 budget_n=500 est=915.799
  [FastestO Curve] run=3 frac=0.5 budget_n=500 est=1183.1
  [FastestO Curve] run=3 frac=0.6 budget_n=500 est=1012.43
  [FastestO Curve] run=3 frac=0.7 budget_n=500 est=1028.69
  [FastestO Curve] run=3 frac=0.8 budget_n=500 est=937.446
  [FastestO Curve] run=3 frac=0.9 budget_n=500 est=930.687
  [FastestO Curve] run=4 frac=0.01 budget_n=500 est=1071.41
  [FastestO Curve] run=4 frac=0.05 budget_n=500 est=1060.51
  [FastestO Curve] run=4 frac=0.075 budget_n=500 est=1079.16
  [FastestO Curve] run=4 frac=0.1 budget_n=959 est=1007.33
  [FastestO Curve] run=4 frac=0.15 budget_n=500 est=1066
  [FastestO Curve] run=4 frac=0.2 budget_n=500 est=1100.56
  [FastestO Curve] run=4 frac=0.3 budget_n=500 est=1030.47
  [FastestO Curve] run=4 frac=0.4 budget_n=500 est=1093.33
  [FastestO Curve] run=4 frac=0.5 budget_n=500 est=1020.5
  [FastestO Curve] run=4 frac=0.6 budget_n=500 est=1063.06
  [FastestO Curve] run=4 frac=0.7 budget_n=500 est=1045.4
  [FastestO Curve] run=4 frac=0.8 budget_n=500 est=1113.44
  [FastestO Curve] run=4 frac=0.9 budget_n=500 est=1069.13
  [FastestO Curve] run=5 frac=0.01 budget_n=500 est=913.5
  [FastestO Curve] run=5 frac=0.05 budget_n=500 est=1013.35
  [FastestO Curve] run=5 frac=0.075 budget_n=500 est=932.071
  [FastestO Curve] run=5 frac=0.1 budget_n=959 est=858.822
  [FastestO Curve] run=5 frac=0.15 budget_n=500 est=960.867
  [FastestO Curve] run=5 frac=0.2 budget_n=500 est=1176.7
  [FastestO Curve] run=5 frac=0.3 budget_n=500 est=1332.21
  [FastestO Curve] run=5 frac=0.4 budget_n=500 est=1118.83
  [FastestO Curve] run=5 frac=0.5 budget_n=500 est=1050.22
  [FastestO Curve] run=5 frac=0.6 budget_n=500 est=1033.99
  [FastestO Curve] run=5 frac=0.7 budget_n=500 est=1086.8
  [FastestO Curve] run=5 frac=0.8 budget_n=500 est=1008.85
  [FastestO Curve] run=5 frac=0.9 budget_n=500 est=900.136
  [Result] #CandTree           : 8323
  [Result] #TreeTrials         : 638
  [Result] #TreeSuccess        : 69
  [Result] #UniqueOracleNodes  : 500.0000
  [Result] Truth               : 8323.0000
  [Result] Est                 : 900.1364
  [Result] logQError           : -0.9660
  [Result] TreeCountTime       : 6.5972
  [Result] QueryTime           : 0.5322
/home/wangshuo/projects/PROXY/datasets/amazon/query_graph_count/query_3_118.graph Finished!

Start Processing (Multi-Predicate) /home/wangshuo/projects/PROXY/datasets/amazon/query_graph_count/query_3_119.graph
[Info] Using explicit query nodes for predicates: 0 2 
[Info] FOIS_nrs base budget not found, will rely strictly on Curve CSV.
[Warning] Requested root label 1 not found in query. Falling back to default root 0
  [FastestO Curve] run=1 frac=0.01 budget_n=500 est=1133.38
  [FastestO Curve] run=1 frac=0.05 budget_n=500 est=1043.75
  [FastestO Curve] run=1 frac=0.075 budget_n=500 est=924.469
  [FastestO Curve] run=1 frac=0.1 budget_n=966 est=1069.19
  [FastestO Curve] run=1 frac=0.15 budget_n=500 est=1042.91
  [FastestO Curve] run=1 frac=0.2 budget_n=500 est=1122.12
  [FastestO Curve] run=1 frac=0.3 budget_n=500 est=947.1
  [FastestO Curve] run=1 frac=0.4 budget_n=500 est=1134.05
  [FastestO Curve] run=1 frac=0.5 budget_n=500 est=970.181
  [FastestO Curve] run=1 frac=0.6 budget_n=500 est=1052.25
  [FastestO Curve] run=1 frac=0.7 budget_n=500 est=1118.42
  [FastestO Curve] run=1 frac=0.8 budget_n=500 est=1148.98
  [FastestO Curve] run=1 frac=0.9 budget_n=500 est=1030.56
  [FastestO Curve] run=2 frac=0.01 budget_n=500 est=894.559
  [FastestO Curve] run=2 frac=0.05 budget_n=500 est=1036.83
  [FastestO Curve] run=2 frac=0.075 budget_n=500 est=1143.79
  [FastestO Curve] run=2 frac=0.1 budget_n=966 est=1065.1
  [FastestO Curve] run=2 frac=0.15 budget_n=500 est=1066.11
  [FastestO Curve] run=2 frac=0.2 budget_n=500 est=958.847
  [FastestO Curve] run=2 frac=0.3 budget_n=500 est=1014.53
  [FastestO Curve] run=2 frac=0.4 budget_n=500 est=975.974
  [FastestO Curve] run=2 frac=0.5 budget_n=500 est=1000.53
  [FastestO Curve] run=2 frac=0.6 budget_n=500 est=870.236
  [FastestO Curve] run=2 frac=0.7 budget_n=500 est=888.194
  [FastestO Curve] run=2 frac=0.8 budget_n=500 est=867.927
  [FastestO Curve] run=2 frac=0.9 budget_n=500 est=1254.56
  [FastestO Curve] run=3 frac=0.01 budget_n=500 est=961.546
  [FastestO Curve] run=3 frac=0.05 budget_n=500 est=836.233
  [FastestO Curve] run=3 frac=0.075 budget_n=500 est=1053.59
  [FastestO Curve] run=3 frac=0.1 budget_n=966 est=965.877
  [FastestO Curve] run=3 frac=0.15 budget_n=500 est=856.145
  [FastestO Curve] run=3 frac=0.2 budget_n=500 est=1072.41
  [FastestO Curve] run=3 frac=0.3 budget_n=500 est=975.483
  [FastestO Curve] run=3 frac=0.4 budget_n=500 est=1059
  [FastestO Curve] run=3 frac=0.5 budget_n=500 est=1141.62
  [FastestO Curve] run=3 frac=0.6 budget_n=500 est=1101.36
  [FastestO Curve] run=3 frac=0.7 budget_n=500 est=991.264
  [FastestO Curve] run=3 frac=0.8 budget_n=500 est=1216.8
  [FastestO Curve] run=3 frac=0.9 budget_n=500 est=1020.88
  [FastestO Curve] run=4 frac=0.01 budget_n=500 est=927.591
  [FastestO Curve] run=4 frac=0.05 budget_n=500 est=1087.24
  [FastestO Curve] run=4 frac=0.075 budget_n=500 est=1105.04
  [FastestO Curve] run=4 frac=0.1 budget_n=966 est=959.259
  [FastestO Curve] run=4 frac=0.15 budget_n=500 est=1062.64
  [FastestO Curve] run=4 frac=0.2 budget_n=500 est=1164.4
  [FastestO Curve] run=4 frac=0.3 budget_n=500 est=1077.76
  [FastestO Curve] run=4 frac=0.4 budget_n=500 est=929.694
  [FastestO Curve] run=4 frac=0.5 budget_n=500 est=759.468
  [FastestO Curve] run=4 frac=0.6 budget_n=500 est=932.059
  [FastestO Curve] run=4 frac=0.7 budget_n=500 est=939.883
  [FastestO Curve] run=4 frac=0.8 budget_n=500 est=967.869
  [FastestO Curve] run=4 frac=0.9 budget_n=500 est=848.547
  [FastestO Curve] run=5 frac=0.01 budget_n=500 est=868.923
  [FastestO Curve] run=5 frac=0.05 budget_n=500 est=950.256
  [FastestO Curve] run=5 frac=0.075 budget_n=500 est=1118.42
  [FastestO Curve] run=5 frac=0.1 budget_n=966 est=995.66
  [FastestO Curve] run=5 frac=0.15 budget_n=500 est=994.235
  [FastestO Curve] run=5 frac=0.2 budget_n=500 est=1236.68
  [FastestO Curve] run=5 frac=0.3 budget_n=500 est=845.918
  [FastestO Curve] run=5 frac=0.4 budget_n=500 est=1040.42
  [FastestO Curve] run=5 frac=0.5 budget_n=500 est=1168.07
  [FastestO Curve] run=5 frac=0.6 budget_n=500 est=1163.08
  [FastestO Curve] run=5 frac=0.7 budget_n=500 est=939.862
  [FastestO Curve] run=5 frac=0.8 budget_n=500 est=1038.5
  [FastestO Curve] run=5 frac=0.9 budget_n=500 est=1106.22
  [Result] #CandTree           : 8472
  [Result] #TreeTrials         : 628
  [Result] #TreeSuccess        : 82
  [Result] #UniqueOracleNodes  : 500.0000
  [Result] Truth               : 8472.0000
  [Result] Est                 : 1106.2166
  [Result] logQError           : -0.8841
  [Result] TreeCountTime       : 6.4724
  [Result] QueryTime           : 0.5259
/home/wangshuo/projects/PROXY/datasets/amazon/query_graph_count/query_3_119.graph Finished!

Start Processing (Multi-Predicate) /home/wangshuo/projects/PROXY/datasets/amazon/query_graph_count/query_3_12.graph
[Info] Using explicit query nodes for predicates: 0 2 
[Info] FOIS_nrs base budget not found, will rely strictly on Curve CSV.
[Warning] Requested root label 1 not found in query. Falling back to default root 0
  [FastestO Curve] run=1 frac=0.01 budget_n=500 est=864.149
  [FastestO Curve] run=1 frac=0.05 budget_n=500 est=972.923
  [FastestO Curve] run=1 frac=0.075 budget_n=500 est=759.64
  [FastestO Curve] run=1 frac=0.1 budget_n=938 est=980.002
  [FastestO Curve] run=1 frac=0.15 budget_n=500 est=854.405
  [FastestO Curve] run=1 frac=0.2 budget_n=500 est=865.493
  [FastestO Curve] run=1 frac=0.3 budget_n=500 est=1052.33
  [FastestO Curve] run=1 frac=0.4 budget_n=500 est=893.278
  [FastestO Curve] run=1 frac=0.5 budget_n=500 est=982.369
  [FastestO Curve] run=1 frac=0.6 budget_n=500 est=957.006
  [FastestO Curve] run=1 frac=0.7 budget_n=500 est=868.59
  [FastestO Curve] run=1 frac=0.8 budget_n=500 est=891.079
  [FastestO Curve] run=1 frac=0.9 budget_n=500 est=910.121
  [FastestO Curve] run=2 frac=0.01 budget_n=500 est=751.898
  [FastestO Curve] run=2 frac=0.05 budget_n=500 est=825.883
  [FastestO Curve] run=2 frac=0.075 budget_n=500 est=995.164
  [FastestO Curve] run=2 frac=0.1 budget_n=938 est=1036.2
  [FastestO Curve] run=2 frac=0.15 budget_n=500 est=793.442
  [FastestO Curve] run=2 frac=0.2 budget_n=500 est=973.993
  [FastestO Curve] run=2 frac=0.3 budget_n=500 est=819.411
  [FastestO Curve] run=2 frac=0.4 budget_n=500 est=919.619
  [FastestO Curve] run=2 frac=0.5 budget_n=500 est=894.714
  [FastestO Curve] run=2 frac=0.6 budget_n=500 est=932.571
  [FastestO Curve] run=2 frac=0.7 budget_n=500 est=1026.05
  [FastestO Curve] run=2 frac=0.8 budget_n=500 est=1016.53
  [FastestO Curve] run=2 frac=0.9 budget_n=500 est=1041.85
  [FastestO Curve] run=3 frac=0.01 budget_n=500 est=899.05
  [FastestO Curve] run=3 frac=0.05 budget_n=500 est=1040.83
  [FastestO Curve] run=3 frac=0.075 budget_n=500 est=1130.47
  [FastestO Curve] run=3 frac=0.1 budget_n=938 est=873.782
  [FastestO Curve] run=3 frac=0.15 budget_n=500 est=752.629
  [FastestO Curve] run=3 frac=0.2 budget_n=500 est=917.678
  [FastestO Curve] run=3 frac=0.3 budget_n=500 est=1014.58
  [FastestO Curve] run=3 frac=0.4 budget_n=500 est=1036.72
  [FastestO Curve] run=3 frac=0.5 budget_n=500 est=945.524
  [FastestO Curve] run=3 frac=0.6 budget_n=500 est=1011.31
  [FastestO Curve] run=3 frac=0.7 budget_n=500 est=1125.19
  [FastestO Curve] run=3 frac=0.8 budget_n=500 est=860.408
  [FastestO Curve] run=3 frac=0.9 budget_n=500 est=1074.4
  [FastestO Curve] run=4 frac=0.01 budget_n=500 est=965.189
  [FastestO Curve] run=4 frac=0.05 budget_n=500 est=887.579
  [FastestO Curve] run=4 frac=0.075 budget_n=500 est=963.657
  [FastestO Curve] run=4 frac=0.1 budget_n=938 est=880.602
  [FastestO Curve] run=4 frac=0.15 budget_n=500 est=995.252
  [FastestO Curve] run=4 frac=0.2 budget_n=500 est=964.856
  [FastestO Curve] run=4 frac=0.3 budget_n=500 est=833.934
  [FastestO Curve] run=4 frac=0.4 budget_n=500 est=898.387
  [FastestO Curve] run=4 frac=0.5 budget_n=500 est=1026.97
  [FastestO Curve] run=4 frac=0.6 budget_n=500 est=959.41
  [FastestO Curve] run=4 frac=0.7 budget_n=500 est=964.045
  [FastestO Curve] run=4 frac=0.8 budget_n=500 est=1059.09
  [FastestO Curve] run=4 frac=0.9 budget_n=500 est=989.608
  [FastestO Curve] run=5 frac=0.01 budget_n=500 est=981.988
  [FastestO Curve] run=5 frac=0.05 budget_n=500 est=863.518
  [FastestO Curve] run=5 frac=0.075 budget_n=500 est=1016.06
  [FastestO Curve] run=5 frac=0.1 budget_n=938 est=1010.31
  [FastestO Curve] run=5 frac=0.15 budget_n=500 est=1062.41
  [FastestO Curve] run=5 frac=0.2 budget_n=500 est=1063.97
  [FastestO Curve] run=5 frac=0.3 budget_n=500 est=1165.52
  [FastestO Curve] run=5 frac=0.4 budget_n=500 est=1011.29
  [FastestO Curve] run=5 frac=0.5 budget_n=500 est=1014.58
  [FastestO Curve] run=5 frac=0.6 budget_n=500 est=945.645
  [FastestO Curve] run=5 frac=0.7 budget_n=500 est=936.889
  [FastestO Curve] run=5 frac=0.8 budget_n=500 est=1008.03
  [FastestO Curve] run=5 frac=0.9 budget_n=500 est=945.524
  [Result] #CandTree           : 8432
  [Result] #TreeTrials         : 651
  [Result] #TreeSuccess        : 73
  [Result] #UniqueOracleNodes  : 500.0000
  [Result] Truth               : 8432.0000
  [Result] Est                 : 945.5238
  [Result] logQError           : -0.9503
  [Result] TreeCountTime       : 6.5302
  [Result] QueryTime           : 0.5851
/home/wangshuo/projects/PROXY/datasets/amazon/query_graph_count/query_3_12.graph Finished!

Start Processing (Multi-Predicate) /home/wangshuo/projects/PROXY/datasets/amazon/query_graph_count/query_3_120.graph
[Info] Using explicit query nodes for predicates: 0 2 
[Info] FOIS_nrs base budget not found, will rely strictly on Curve CSV.
[Info] Using user-specified root label 1 -> query node 2
  [FastestO Curve] run=1 frac=0.01 budget_n=500 est=691.613
  [FastestO Curve] run=1 frac=0.05 budget_n=500 est=756.706
  [FastestO Curve] run=1 frac=0.075 budget_n=500 est=914.773
  [FastestO Curve] run=1 frac=0.1 budget_n=934 est=860.375
  [FastestO Curve] run=1 frac=0.15 budget_n=500 est=846.316
  [FastestO Curve] run=1 frac=0.2 budget_n=500 est=838.046
  [FastestO Curve] run=1 frac=0.3 budget_n=500 est=863.356
  [FastestO Curve] run=1 frac=0.4 budget_n=500 est=1058.08
  [FastestO Curve] run=1 frac=0.5 budget_n=500 est=761.684
  [FastestO Curve] run=1 frac=0.6 budget_n=500 est=743.253
  [FastestO Curve] run=1 frac=0.7 budget_n=500 est=751.792
  [FastestO Curve] run=1 frac=0.8 budget_n=500 est=1010.64
  [FastestO Curve] run=1 frac=0.9 budget_n=500 est=651.342
  [FastestO Curve] run=2 frac=0.01 budget_n=500 est=962.323
  [FastestO Curve] run=2 frac=0.05 budget_n=500 est=1018.93
  [FastestO Curve] run=2 frac=0.075 budget_n=500 est=709.934
  [FastestO Curve] run=2 frac=0.1 budget_n=934 est=774.606
  [FastestO Curve] run=2 frac=0.15 budget_n=500 est=854.842
  [FastestO Curve] run=2 frac=0.2 budget_n=500 est=891.013
  [FastestO Curve] run=2 frac=0.3 budget_n=500 est=767.182
  [FastestO Curve] run=2 frac=0.4 budget_n=500 est=823.523
  [FastestO Curve] run=2 frac=0.5 budget_n=500 est=993.907
  [FastestO Curve] run=2 frac=0.6 budget_n=500 est=925.663
  [FastestO Curve] run=2 frac=0.7 budget_n=500 est=707.299
  [FastestO Curve] run=2 frac=0.8 budget_n=500 est=840.216
  [FastestO Curve] run=2 frac=0.9 budget_n=500 est=883.243
  [FastestO Curve] run=3 frac=0.01 budget_n=500 est=971.392
  [FastestO Curve] run=3 frac=0.05 budget_n=500 est=575.57
  [FastestO Curve] run=3 frac=0.075 budget_n=500 est=904.179
  [FastestO Curve] run=3 frac=0.1 budget_n=934 est=843.541
  [FastestO Curve] run=3 frac=0.15 budget_n=500 est=795.126
  [FastestO Curve] run=3 frac=0.2 budget_n=500 est=980.915
  [FastestO Curve] run=3 frac=0.3 budget_n=500 est=937.113
  [FastestO Curve] run=3 frac=0.4 budget_n=500 est=764.198
  [FastestO Curve] run=3 frac=0.5 budget_n=500 est=789.895
  [FastestO Curve] run=3 frac=0.6 budget_n=500 est=707.591
  [FastestO Curve] run=3 frac=0.7 budget_n=500 est=885.265
  [FastestO Curve] run=3 frac=0.8 budget_n=500 est=807.481
  [FastestO Curve] run=3 frac=0.9 budget_n=500 est=792.051
  [FastestO Curve] run=4 frac=0.01 budget_n=500 est=912.929
  [FastestO Curve] run=4 frac=0.05 budget_n=500 est=971.947
  [FastestO Curve] run=4 frac=0.075 budget_n=500 est=792.502
  [FastestO Curve] run=4 frac=0.1 budget_n=934 est=933.069
  [FastestO Curve] run=4 frac=0.15 budget_n=500 est=666.097
  [FastestO Curve] run=4 frac=0.2 budget_n=500 est=1245.36
  [FastestO Curve] run=4 frac=0.3 budget_n=500 est=740.784
  [FastestO Curve] run=4 frac=0.4 budget_n=500 est=810.111
  [FastestO Curve] run=4 frac=0.5 budget_n=500 est=838.046
  [FastestO Curve] run=4 frac=0.6 budget_n=500 est=714.667
  [FastestO Curve] run=4 frac=0.7 budget_n=500 est=899.777
  [FastestO Curve] run=4 frac=0.8 budget_n=500 est=885.265
  [FastestO Curve] run=4 frac=0.9 budget_n=500 est=1012.25
  [FastestO Curve] run=5 frac=0.01 budget_n=500 est=893.915
  [FastestO Curve] run=5 frac=0.05 budget_n=500 est=693.01
  [FastestO Curve] run=5 frac=0.075 budget_n=500 est=946.515
  [FastestO Curve] run=5 frac=0.1 budget_n=934 est=983.677
  [FastestO Curve] run=5 frac=0.15 budget_n=500 est=812.758
  [FastestO Curve] run=5 frac=0.2 budget_n=500 est=824.615
  [FastestO Curve] run=5 frac=0.3 budget_n=500 est=980.915
  [FastestO Curve] run=5 frac=0.4 budget_n=500 est=608.619
  [FastestO Curve] run=5 frac=0.5 budget_n=500 est=905.716
  [FastestO Curve] run=5 frac=0.6 budget_n=500 est=759.187
  [FastestO Curve] run=5 frac=0.7 budget_n=500 est=702.951
  [FastestO Curve] run=5 frac=0.8 budget_n=500 est=1043.79
  [FastestO Curve] run=5 frac=0.9 budget_n=500 est=868.81
  [Result] #CandTree           : 8576
  [Result] #TreeTrials         : 306
  [Result] #TreeSuccess        : 31
  [Result] #UniqueOracleNodes  : 500.0000
  [Result] Truth               : 8576.0000
  [Result] Est                 : 868.8105
  [Result] logQError           : -0.9944
  [Result] TreeCountTime       : 6.5879
  [Result] QueryTime           : 0.3767
/home/wangshuo/projects/PROXY/datasets/amazon/query_graph_count/query_3_120.graph Finished!

Start Processing (Multi-Predicate) /home/wangshuo/projects/PROXY/datasets/amazon/query_graph_count/query_3_121.graph
[Info] Using explicit query nodes for predicates: 0 1 
[Info] FOIS_nrs base budget not found, will rely strictly on Curve CSV.
[Warning] Requested root label 1 not found in query. Falling back to default root 0
  [FastestO Curve] run=1 frac=0.01 budget_n=500 est=901.435
  [FastestO Curve] run=1 frac=0.05 budget_n=500 est=1018.96
  [FastestO Curve] run=1 frac=0.075 budget_n=500 est=1175.12
  [FastestO Curve] run=1 frac=0.1 budget_n=977 est=1126.19
  [FastestO Curve] run=1 frac=0.15 budget_n=500 est=1049.44
  [FastestO Curve] run=1 frac=0.2 budget_n=500 est=1101.49
  [FastestO Curve] run=1 frac=0.3 budget_n=500 est=987.887
  [FastestO Curve] run=1 frac=0.4 budget_n=500 est=1241.18
  [FastestO Curve] run=1 frac=0.5 budget_n=500 est=994.733
  [FastestO Curve] run=1 frac=0.6 budget_n=500 est=1187.94
  [FastestO Curve] run=1 frac=0.7 budget_n=500 est=937.115
  [FastestO Curve] run=1 frac=0.8 budget_n=500 est=1160.32
  [FastestO Curve] run=1 frac=0.9 budget_n=500 est=1174.6
  [FastestO Curve] run=2 frac=0.01 budget_n=500 est=884.936
  [FastestO Curve] run=2 frac=0.05 budget_n=500 est=924.3
  [FastestO Curve] run=2 frac=0.075 budget_n=500 est=1016.8
  [FastestO Curve] run=2 frac=0.1 budget_n=977 est=1046.92
  [FastestO Curve] run=2 frac=0.15 budget_n=500 est=1129.77
  [FastestO Curve] run=2 frac=0.2 budget_n=500 est=1047.65
  [FastestO Curve] run=2 frac=0.3 budget_n=500 est=1068.9
  [FastestO Curve] run=2 frac=0.4 budget_n=500 est=1174.16
  [FastestO Curve] run=2 frac=0.5 budget_n=500 est=1145.99
  [FastestO Curve] run=2 frac=0.6 budget_n=500 est=1081.33
  [FastestO Curve] run=2 frac=0.7 budget_n=500 est=956.633
  [FastestO Curve] run=2 frac=0.8 budget_n=500 est=1055.17
  [FastestO Curve] run=2 frac=0.9 budget_n=500 est=1305.9
  [FastestO Curve] run=3 frac=0.01 budget_n=500 est=1024.58
  [FastestO Curve] run=3 frac=0.05 budget_n=500 est=919.182
  [FastestO Curve] run=3 frac=0.075 budget_n=500 est=1122.52
  [FastestO Curve] run=3 frac=0.1 budget_n=977 est=1037.25
  [FastestO Curve] run=3 frac=0.15 budget_n=500 est=861.671
  [FastestO Curve] run=3 frac=0.2 budget_n=500 est=1098.36
  [FastestO Curve] run=3 frac=0.3 budget_n=500 est=1110.47
  [FastestO Curve] run=3 frac=0.4 budget_n=500 est=1028.56
  [FastestO Curve] run=3 frac=0.5 budget_n=500 est=1151.7
  [FastestO Curve] run=3 frac=0.6 budget_n=500 est=1079.4
  [FastestO Curve] run=3 frac=0.7 budget_n=500 est=874.757
  [FastestO Curve] run=3 frac=0.8 budget_n=500 est=1236.1
  [FastestO Curve] run=3 frac=0.9 budget_n=500 est=1117.77
  [FastestO Curve] run=4 frac=0.01 budget_n=500 est=1116.57
  [FastestO Curve] run=4 frac=0.05 budget_n=500 est=1121.91
  [FastestO Curve] run=4 frac=0.075 budget_n=500 est=1146.29
  [FastestO Curve] run=4 frac=0.1 budget_n=977 est=1007.64
  [FastestO Curve] run=4 frac=0.15 budget_n=500 est=1001.87
  [FastestO Curve] run=4 frac=0.2 budget_n=500 est=1199.26
  [FastestO Curve] run=4 frac=0.3 budget_n=500 est=976.662
  [FastestO Curve] run=4 frac=0.4 budget_n=500 est=1070.76
  [FastestO Curve] run=4 frac=0.5 budget_n=500 est=1243.52
  [FastestO Curve] run=4 frac=0.6 budget_n=500 est=873.692
  [FastestO Curve] run=4 frac=0.7 budget_n=500 est=902.47
  [FastestO Curve] run=4 frac=0.8 budget_n=500 est=1035.22
  [FastestO Curve] run=4 frac=0.9 budget_n=500 est=1056.76
  [FastestO Curve] run=5 frac=0.01 budget_n=500 est=1028.11
  [FastestO Curve] run=5 frac=0.05 budget_n=500 est=1149.86
  [FastestO Curve] run=5 frac=0.075 budget_n=500 est=1083.69
  [FastestO Curve] run=5 frac=0.1 budget_n=977 est=1018.99
  [FastestO Curve] run=5 frac=0.15 budget_n=500 est=1000.25
  [FastestO Curve] run=5 frac=0.2 budget_n=500 est=1028.56
  [FastestO Curve] run=5 frac=0.3 budget_n=500 est=1002.61
  [FastestO Curve] run=5 frac=0.4 budget_n=500 est=940.899
  [FastestO Curve] run=5 frac=0.5 budget_n=500 est=1263.41
  [FastestO Curve] run=5 frac=0.6 budget_n=500 est=882.512
  [FastestO Curve] run=5 frac=0.7 budget_n=500 est=991.6
  [FastestO Curve] run=5 frac=0.8 budget_n=500 est=1234.02
  [FastestO Curve] run=5 frac=0.9 budget_n=500 est=1017.95
  [Result] #CandTree           : 8509
  [Result] #TreeTrials         : 652
  [Result] #TreeSuccess        : 78
  [Result] #UniqueOracleNodes  : 500.0000
  [Result] Truth               : 8509.0000
  [Result] Est                 : 1017.9479
  [Result] logQError           : -0.9222
  [Result] TreeCountTime       : 6.5830
  [Result] QueryTime           : 0.5503
/home/wangshuo/projects/PROXY/datasets/amazon/query_graph_count/query_3_121.graph Finished!

Start Processing (Multi-Predicate) /home/wangshuo/projects/PROXY/datasets/amazon/query_graph_count/query_3_122.graph
[Info] Using explicit query nodes for predicates: 0 2 
[Info] FOIS_nrs base budget not found, will rely strictly on Curve CSV.
[Info] Using user-specified root label 1 -> query node 2
  [FastestO Curve] run=1 frac=0.01 budget_n=500 est=532.37
  [FastestO Curve] run=1 frac=0.05 budget_n=500 est=763.967
  [FastestO Curve] run=1 frac=0.075 budget_n=500 est=874.281
  [FastestO Curve] run=1 frac=0.1 budget_n=926 est=808.161
  [FastestO Curve] run=1 frac=0.15 budget_n=500 est=828.709
  [FastestO Curve] run=1 frac=0.2 budget_n=500 est=940.449
  [FastestO Curve] run=1 frac=0.3 budget_n=500 est=851.645
  [FastestO Curve] run=1 frac=0.4 budget_n=500 est=971.222
  [FastestO Curve] run=1 frac=0.5 budget_n=500 est=550.235
  [FastestO Curve] run=1 frac=0.6 budget_n=500 est=800.132
  [FastestO Curve] run=1 frac=0.7 budget_n=500 est=939.901
  [FastestO Curve] run=1 frac=0.8 budget_n=500 est=917.475
  [FastestO Curve] run=1 frac=0.9 budget_n=500 est=851.645
  [FastestO Curve] run=2 frac=0.01 budget_n=500 est=659.435
  [FastestO Curve] run=2 frac=0.05 budget_n=500 est=1043.5
  [FastestO Curve] run=2 frac=0.075 budget_n=500 est=596.151
  [FastestO Curve] run=2 frac=0.1 budget_n=926 est=889.24
  [FastestO Curve] run=2 frac=0.15 budget_n=500 est=1023.9
  [FastestO Curve] run=2 frac=0.2 budget_n=500 est=946.146
  [FastestO Curve] run=2 frac=0.3 budget_n=500 est=851.645
  [FastestO Curve] run=2 frac=0.4 budget_n=500 est=792.551
  [FastestO Curve] run=2 frac=0.5 budget_n=500 est=917.475
  [FastestO Curve] run=2 frac=0.6 budget_n=500 est=832.476
  [FastestO Curve] run=2 frac=0.7 budget_n=500 est=834.233
  [FastestO Curve] run=2 frac=0.8 budget_n=500 est=1167.76
  [FastestO Curve] run=2 frac=0.9 budget_n=500 est=952.475
  [FastestO Curve] run=3 frac=0.01 budget_n=500 est=888.804
  [FastestO Curve] run=3 frac=0.05 budget_n=500 est=894.749
  [FastestO Curve] run=3 frac=0.075 budget_n=500 est=789.673
  [FastestO Curve] run=3 frac=0.1 budget_n=926 est=899.261
  [FastestO Curve] run=3 frac=0.15 budget_n=500 est=1000.17
  [FastestO Curve] run=3 frac=0.2 budget_n=500 est=728.506
  [FastestO Curve] run=3 frac=0.3 budget_n=500 est=860.133
  [FastestO Curve] run=3 frac=0.4 budget_n=500 est=1025.35
  [FastestO Curve] run=3 frac=0.5 budget_n=500 est=908.421
  [FastestO Curve] run=3 frac=0.6 budget_n=500 est=1394.75
  [FastestO Curve] run=3 frac=0.7 budget_n=500 est=982.034
  [FastestO Curve] run=3 frac=0.8 budget_n=500 est=760.61
  [FastestO Curve] run=3 frac=0.9 budget_n=500 est=764.684
  [FastestO Curve] run=4 frac=0.01 budget_n=500 est=1042.55
  [FastestO Curve] run=4 frac=0.05 budget_n=500 est=854.455
  [FastestO Curve] run=4 frac=0.075 budget_n=500 est=900.774
  [FastestO Curve] run=4 frac=0.1 budget_n=926 est=994.692
  [FastestO Curve] run=4 frac=0.15 budget_n=500 est=971.589
  [FastestO Curve] run=4 frac=0.2 budget_n=500 est=848.373
  [FastestO Curve] run=4 frac=0.3 budget_n=500 est=1075.21
  [FastestO Curve] run=4 frac=0.4 budget_n=500 est=923.612
  [FastestO Curve] run=4 frac=0.5 budget_n=500 est=1100.47
  [FastestO Curve] run=4 frac=0.6 budget_n=500 est=831.462
  [FastestO Curve] run=4 frac=0.7 budget_n=500 est=977.508
  [FastestO Curve] run=4 frac=0.8 budget_n=500 est=952.475
  [FastestO Curve] run=4 frac=0.9 budget_n=500 est=946.146
  [FastestO Curve] run=5 frac=0.01 budget_n=500 est=823.257
  [FastestO Curve] run=5 frac=0.05 budget_n=500 est=730.879
  [FastestO Curve] run=5 frac=0.075 budget_n=500 est=766.48
  [FastestO Curve] run=5 frac=0.1 budget_n=926 est=721.572
  [FastestO Curve] run=5 frac=0.15 budget_n=500 est=837.023
  [FastestO Curve] run=5 frac=0.2 budget_n=500 est=946.146
  [FastestO Curve] run=5 frac=0.3 budget_n=500 est=828.709
  [FastestO Curve] run=5 frac=0.4 budget_n=500 est=965.197
  [FastestO Curve] run=5 frac=0.5 budget_n=500 est=837.864
  [FastestO Curve] run=5 frac=0.6 budget_n=500 est=1097.29
  [FastestO Curve] run=5 frac=0.7 budget_n=500 est=784.545
  [FastestO Curve] run=5 frac=0.8 budget_n=500 est=890.839
  [FastestO Curve] run=5 frac=0.9 budget_n=500 est=579.195
  [Result] #CandTree           : 8630
  [Result] #TreeTrials         : 298
  [Result] #TreeSuccess        : 20
  [Result] #UniqueOracleNodes  : 500.0000
  [Result] Truth               : 8630.0000
  [Result] Est                 : 579.1946
  [Result] logQError           : -1.1732
  [Result] TreeCountTime       : 6.6537
  [Result] QueryTime           : 0.3732
/home/wangshuo/projects/PROXY/datasets/amazon/query_graph_count/query_3_122.graph Finished!

Start Processing (Multi-Predicate) /home/wangshuo/projects/PROXY/datasets/amazon/query_graph_count/query_3_123.graph
[Info] Using explicit query nodes for predicates: 0 
[Info] FOIS_nrs base budget not found, will rely strictly on Curve CSV.
[Warning] Requested root label 1 not found in query. Falling back to default root 1
  [FastestO Curve] run=1 frac=0.01 budget_n=500 est=10486.7
  [FastestO Curve] run=1 frac=0.05 budget_n=500 est=10210.3
  [FastestO Curve] run=1 frac=0.075 budget_n=500 est=9952.36
  [FastestO Curve] run=1 frac=0.1 budget_n=1336 est=10388.5
  [FastestO Curve] run=1 frac=0.15 budget_n=500 est=10254.6
  [FastestO Curve] run=1 frac=0.2 budget_n=500 est=10028.3
  [FastestO Curve] run=1 frac=0.3 budget_n=500 est=10053.1
  [FastestO Curve] run=1 frac=0.4 budget_n=500 est=10285.2
  [FastestO Curve] run=1 frac=0.5 budget_n=500 est=10215
  [FastestO Curve] run=1 frac=0.6 budget_n=500 est=9803
  [FastestO Curve] run=1 frac=0.7 budget_n=500 est=10368.1
  [FastestO Curve] run=1 frac=0.8 budget_n=500 est=10372.5
  [FastestO Curve] run=1 frac=0.9 budget_n=500 est=10269.8
  [FastestO Curve] run=2 frac=0.01 budget_n=500 est=10308
  [FastestO Curve] run=2 frac=0.05 budget_n=500 est=10186.5
  [FastestO Curve] run=2 frac=0.075 budget_n=500 est=9955.66
  [FastestO Curve] run=2 frac=0.1 budget_n=1336 est=10129.5
  [FastestO Curve] run=2 frac=0.15 budget_n=500 est=10147
  [FastestO Curve] run=2 frac=0.2 budget_n=500 est=9954.02
  [FastestO Curve] run=2 frac=0.3 budget_n=500 est=10392.7
  [FastestO Curve] run=2 frac=0.4 budget_n=500 est=10246.4
  [FastestO Curve] run=2 frac=0.5 budget_n=500 est=10185.9
  [FastestO Curve] run=2 frac=0.6 budget_n=500 est=10245.2
  [FastestO Curve] run=2 frac=0.7 budget_n=500 est=10479
  [FastestO Curve] run=2 frac=0.8 budget_n=500 est=10003.5
  [FastestO Curve] run=2 frac=0.9 budget_n=500 est=10032.6
  [FastestO Curve] run=3 frac=0.01 budget_n=500 est=9999.56
  [FastestO Curve] run=3 frac=0.05 budget_n=500 est=10305.3
  [FastestO Curve] run=3 frac=0.075 budget_n=500 est=10269.8
  [FastestO Curve] run=3 frac=0.1 budget_n=1336 est=10278.3
  [FastestO Curve] run=3 frac=0.15 budget_n=500 est=9950.42
  [FastestO Curve] run=3 frac=0.2 budget_n=500 est=9984.01
  [FastestO Curve] run=3 frac=0.3 budget_n=500 est=10411.3
  [FastestO Curve] run=3 frac=0.4 budget_n=500 est=10345.7
  [FastestO Curve] run=3 frac=0.5 budget_n=500 est=10420.1
  [FastestO Curve] run=3 frac=0.6 budget_n=500 est=10548.3
  [FastestO Curve] run=3 frac=0.7 budget_n=500 est=10286.8
  [FastestO Curve] run=3 frac=0.8 budget_n=500 est=10201.6
  [FastestO Curve] run=3 frac=0.9 budget_n=500 est=10352.5
  [FastestO Curve] run=4 frac=0.01 budget_n=500 est=10757.5
  [FastestO Curve] run=4 frac=0.05 budget_n=500 est=10107.6
  [FastestO Curve] run=4 frac=0.075 budget_n=500 est=10053.7
  [FastestO Curve] run=4 frac=0.1 budget_n=1336 est=10201.5
  [FastestO Curve] run=4 frac=0.15 budget_n=500 est=10030.1
  [FastestO Curve] run=4 frac=0.2 budget_n=500 est=9721.8
  [FastestO Curve] run=4 frac=0.3 budget_n=500 est=10087.9
  [FastestO Curve] run=4 frac=0.4 budget_n=500 est=10137.1
  [FastestO Curve] run=4 frac=0.5 budget_n=500 est=10259.2
  [FastestO Curve] run=4 frac=0.6 budget_n=500 est=10271.3
  [FastestO Curve] run=4 frac=0.7 budget_n=500 est=10171.5
  [FastestO Curve] run=4 frac=0.8 budget_n=500 est=10087.9
  [FastestO Curve] run=4 frac=0.9 budget_n=500 est=10515.2
  [FastestO Curve] run=5 frac=0.01 budget_n=500 est=10220.7
  [FastestO Curve] run=5 frac=0.05 budget_n=500 est=10221.6
  [FastestO Curve] run=5 frac=0.075 budget_n=500 est=10093.1
  [FastestO Curve] run=5 frac=0.1 budget_n=1336 est=10111.8
  [FastestO Curve] run=5 frac=0.15 budget_n=500 est=10068.2
  [FastestO Curve] run=5 frac=0.2 budget_n=500 est=10363.6
  [FastestO Curve] run=5 frac=0.3 budget_n=500 est=10107.6
  [FastestO Curve] run=5 frac=0.4 budget_n=500 est=10274.4
  [FastestO Curve] run=5 frac=0.5 budget_n=500 est=10323.5
  [FastestO Curve] run=5 frac=0.6 budget_n=500 est=10638.3
  [FastestO Curve] run=5 frac=0.7 budget_n=500 est=10564.9
  [FastestO Curve] run=5 frac=0.8 budget_n=500 est=9984.01
  [FastestO Curve] run=5 frac=0.9 budget_n=500 est=9827.57
  [Result] #CandTree           : 1.265e+04
  [Result] #TreeTrials         : 515
  [Result] #TreeSuccess        : 400
  [Result] #UniqueOracleNodes  : 500.0000
  [Result] Truth               : 12653.0000
  [Result] Est                 : 9827.5728
  [Result] logQError           : -0.1097
  [Result] TreeCountTime       : 10.1431
  [Result] QueryTime           : 0.4700
/home/wangshuo/projects/PROXY/datasets/amazon/query_graph_count/query_3_123.graph Finished!

Start Processing (Multi-Predicate) /home/wangshuo/projects/PROXY/datasets/amazon/query_graph_count/query_3_124.graph
[Info] Using explicit query nodes for predicates: 0 2 
[Info] FOIS_nrs base budget not found, will rely strictly on Curve CSV.
[Warning] Requested root label 1 not found in query. Falling back to default root 2
  [FastestO Curve] run=1 frac=0.01 budget_n=500 est=823
  [FastestO Curve] run=1 frac=0.05 budget_n=500 est=1001.68
  [FastestO Curve] run=1 frac=0.075 budget_n=500 est=844.103
  [FastestO Curve] run=1 frac=0.1 budget_n=880 est=912.86
  [FastestO Curve] run=1 frac=0.15 budget_n=500 est=950.66
  [FastestO Curve] run=1 frac=0.2 budget_n=500 est=831.042
  [FastestO Curve] run=1 frac=0.3 budget_n=500 est=1113.63
  [FastestO Curve] run=1 frac=0.4 budget_n=500 est=811.803
  [FastestO Curve] run=1 frac=0.5 budget_n=500 est=635.113
  [FastestO Curve] run=1 frac=0.6 budget_n=500 est=536.156
  [FastestO Curve] run=1 frac=0.7 budget_n=500 est=663.71
  [FastestO Curve] run=1 frac=0.8 budget_n=500 est=920.461
  [FastestO Curve] run=1 frac=0.9 budget_n=500 est=727.823
  [FastestO Curve] run=2 frac=0.01 budget_n=500 est=938.274
  [FastestO Curve] run=2 frac=0.05 budget_n=500 est=857.85
  [FastestO Curve] run=2 frac=0.075 budget_n=500 est=857.85
  [FastestO Curve] run=2 frac=0.1 budget_n=880 est=772.904
  [FastestO Curve] run=2 frac=0.15 budget_n=500 est=1109.97
  [FastestO Curve] run=2 frac=0.2 budget_n=500 est=1086.47
  [FastestO Curve] run=2 frac=0.3 budget_n=500 est=768.133
  [FastestO Curve] run=2 frac=0.4 budget_n=500 est=1059.31
  [FastestO Curve] run=2 frac=0.5 budget_n=500 est=733.366
  [FastestO Curve] run=2 frac=0.6 budget_n=500 est=637.161
  [FastestO Curve] run=2 frac=0.7 budget_n=500 est=972.875
  [FastestO Curve] run=2 frac=0.8 budget_n=500 est=1048.41
  [FastestO Curve] run=2 frac=0.9 budget_n=500 est=727.823
  [FastestO Curve] run=3 frac=0.01 budget_n=500 est=889.73
  [FastestO Curve] run=3 frac=0.05 budget_n=500 est=899.743
  [FastestO Curve] run=3 frac=0.075 budget_n=500 est=938.993
  [FastestO Curve] run=3 frac=0.1 budget_n=880 est=893.625
  [FastestO Curve] run=3 frac=0.15 budget_n=500 est=1025.38
  [FastestO Curve] run=3 frac=0.2 budget_n=500 est=748.182
  [FastestO Curve] run=3 frac=0.3 budget_n=500 est=578.027
  [FastestO Curve] run=3 frac=0.4 budget_n=500 est=926.556
  [FastestO Curve] run=3 frac=0.5 budget_n=500 est=743.355
  [FastestO Curve] run=3 frac=0.6 budget_n=500 est=887.549
  [FastestO Curve] run=3 frac=0.7 budget_n=500 est=876.097
  [FastestO Curve] run=3 frac=0.8 budget_n=500 est=706.205
  [FastestO Curve] run=3 frac=0.9 budget_n=500 est=841.406
  [FastestO Curve] run=4 frac=0.01 budget_n=500 est=697.003
  [FastestO Curve] run=4 frac=0.05 budget_n=500 est=960.167
  [FastestO Curve] run=4 frac=0.075 budget_n=500 est=643.388
  [FastestO Curve] run=4 frac=0.1 budget_n=880 est=880.754
  [FastestO Curve] run=4 frac=0.15 budget_n=500 est=995.131
  [FastestO Curve] run=4 frac=0.2 budget_n=500 est=1084.98
  [FastestO Curve] run=4 frac=0.3 budget_n=500 est=795.567
  [FastestO Curve] run=4 frac=0.4 budget_n=500 est=1021.85
  [FastestO Curve] run=4 frac=0.5 budget_n=500 est=987.6
  [FastestO Curve] run=4 frac=0.6 budget_n=500 est=774.903
  [FastestO Curve] run=4 frac=0.7 budget_n=500 est=1079.34
  [FastestO Curve] run=4 frac=0.8 budget_n=500 est=534.416
  [FastestO Curve] run=4 frac=0.9 budget_n=500 est=743.355
  [FastestO Curve] run=5 frac=0.01 budget_n=500 est=679.043
  [FastestO Curve] run=5 frac=0.05 budget_n=500 est=1102.71
  [FastestO Curve] run=5 frac=0.075 budget_n=500 est=728.557
  [FastestO Curve] run=5 frac=0.1 budget_n=880 est=787.217
  [FastestO Curve] run=5 frac=0.15 budget_n=500 est=721.461
  [FastestO Curve] run=5 frac=0.2 budget_n=500 est=981.06
  [FastestO Curve] run=5 frac=0.3 budget_n=500 est=765.581
  [FastestO Curve] run=5 frac=0.4 budget_n=500 est=600.921
  [FastestO Curve] run=5 frac=0.5 budget_n=500 est=796.452
  [FastestO Curve] run=5 frac=0.6 budget_n=500 est=917.443
  [FastestO Curve] run=5 frac=0.7 budget_n=500 est=733.366
  [FastestO Curve] run=5 frac=0.8 budget_n=500 est=884.658
  [FastestO Curve] run=5 frac=0.9 budget_n=500 est=899.305
  [Result] #CandTree           : 8230
  [Result] #TreeTrials         : 302
  [Result] #TreeSuccess        : 33
  [Result] #UniqueOracleNodes  : 500.0000
  [Result] Truth               : 8230.0000
  [Result] Est                 : 899.3046
  [Result] logQError           : -0.9615
  [Result] TreeCountTime       : 7.6943
  [Result] QueryTime           : 0.3459
/home/wangshuo/projects/PROXY/datasets/amazon/query_graph_count/query_3_124.graph Finished!

Start Processing (Multi-Predicate) /home/wangshuo/projects/PROXY/datasets/amazon/query_graph_count/query_3_125.graph
[Info] Using explicit query nodes for predicates: 2 
[Info] FOIS_nrs base budget not found, will rely strictly on Curve CSV.
[Warning] Requested root label 1 not found in query. Falling back to default root 0
  [FastestO Curve] run=1 frac=0.01 budget_n=500 est=10092.2
  [FastestO Curve] run=1 frac=0.05 budget_n=500 est=10102.9
  [FastestO Curve] run=1 frac=0.075 budget_n=500 est=10135.9
  [FastestO Curve] run=1 frac=0.1 budget_n=1314 est=10248
  [FastestO Curve] run=1 frac=0.15 budget_n=500 est=10280.3
  [FastestO Curve] run=1 frac=0.2 budget_n=500 est=10116.2
  [FastestO Curve] run=1 frac=0.3 budget_n=500 est=10186.6
  [FastestO Curve] run=1 frac=0.4 budget_n=500 est=10244.7
  [FastestO Curve] run=1 frac=0.5 budget_n=500 est=9981.43
  [FastestO Curve] run=1 frac=0.6 budget_n=500 est=10332.5
  [FastestO Curve] run=1 frac=0.7 budget_n=500 est=10240.6
  [FastestO Curve] run=1 frac=0.8 budget_n=500 est=9933.7
  [FastestO Curve] run=1 frac=0.9 budget_n=500 est=10093.9
  [FastestO Curve] run=2 frac=0.01 budget_n=500 est=10203.8
  [FastestO Curve] run=2 frac=0.05 budget_n=500 est=9511.56
  [FastestO Curve] run=2 frac=0.075 budget_n=500 est=10219.5
  [FastestO Curve] run=2 frac=0.1 budget_n=1314 est=10075.3
  [FastestO Curve] run=2 frac=0.15 budget_n=500 est=9880.83
  [FastestO Curve] run=2 frac=0.2 budget_n=500 est=9743.76
  [FastestO Curve] run=2 frac=0.3 budget_n=500 est=9962.62
  [FastestO Curve] run=2 frac=0.4 budget_n=500 est=10182.3
  [FastestO Curve] run=2 frac=0.5 budget_n=500 est=10131.8
  [FastestO Curve] run=2 frac=0.6 budget_n=500 est=9933.7
  [FastestO Curve] run=2 frac=0.7 budget_n=500 est=9836.21
  [FastestO Curve] run=2 frac=0.8 budget_n=500 est=10054.5
  [FastestO Curve] run=2 frac=0.9 budget_n=500 est=9938.31
  [FastestO Curve] run=3 frac=0.01 budget_n=500 est=9991.43
  [FastestO Curve] run=3 frac=0.05 budget_n=500 est=10029.3
  [FastestO Curve] run=3 frac=0.075 budget_n=500 est=10242.7
  [FastestO Curve] run=3 frac=0.1 budget_n=1314 est=10068.2
  [FastestO Curve] run=3 frac=0.15 budget_n=500 est=9948.6
  [FastestO Curve] run=3 frac=0.2 budget_n=500 est=10120.7
  [FastestO Curve] run=3 frac=0.3 budget_n=500 est=10264.5
  [FastestO Curve] run=3 frac=0.4 budget_n=500 est=10409.3
  [FastestO Curve] run=3 frac=0.5 budget_n=500 est=10272.1
  [FastestO Curve] run=3 frac=0.6 budget_n=500 est=10111.8
  [FastestO Curve] run=3 frac=0.7 budget_n=500 est=10344.4
  [FastestO Curve] run=3 frac=0.8 budget_n=500 est=10151.2
  [FastestO Curve] run=3 frac=0.9 budget_n=500 est=10260.4
  [FastestO Curve] run=4 frac=0.01 budget_n=500 est=9899.79
  [FastestO Curve] run=4 frac=0.05 budget_n=500 est=10066.5
  [FastestO Curve] run=4 frac=0.075 budget_n=500 est=10296.2
  [FastestO Curve] run=4 frac=0.1 budget_n=1314 est=10036.1
  [FastestO Curve] run=4 frac=0.15 budget_n=500 est=10280.3
  [FastestO Curve] run=4 frac=0.2 budget_n=500 est=9735.15
  [FastestO Curve] run=4 frac=0.3 budget_n=500 est=10125.1
  [FastestO Curve] run=4 frac=0.4 budget_n=500 est=10166.7
  [FastestO Curve] run=4 frac=0.5 budget_n=500 est=10057.8
  [FastestO Curve] run=4 frac=0.6 budget_n=500 est=9919.2
  [FastestO Curve] run=4 frac=0.7 budget_n=500 est=9999.96
  [FastestO Curve] run=4 frac=0.8 budget_n=500 est=9670.73
  [FastestO Curve] run=4 frac=0.9 budget_n=500 est=9880.45
  [FastestO Curve] run=5 frac=0.01 budget_n=500 est=9837.02
  [FastestO Curve] run=5 frac=0.05 budget_n=500 est=9880.45
  [FastestO Curve] run=5 frac=0.075 budget_n=500 est=9899.98
  [FastestO Curve] run=5 frac=0.1 budget_n=1314 est=10243.8
  [FastestO Curve] run=5 frac=0.15 budget_n=500 est=10083.2
  [FastestO Curve] run=5 frac=0.2 budget_n=500 est=10179.7
  [FastestO Curve] run=5 frac=0.3 budget_n=500 est=9774.75
  [FastestO Curve] run=5 frac=0.4 budget_n=500 est=10024.7
  [FastestO Curve] run=5 frac=0.5 budget_n=500 est=10062.3
  [FastestO Curve] run=5 frac=0.6 budget_n=500 est=10360.8
  [FastestO Curve] run=5 frac=0.7 budget_n=500 est=10172.9
  [FastestO Curve] run=5 frac=0.8 budget_n=500 est=10109.2
  [FastestO Curve] run=5 frac=0.9 budget_n=500 est=10296.2
  [Result] #CandTree           : 1.24e+04
  [Result] #TreeTrials         : 513
  [Result] #TreeSuccess        : 426
  [Result] #UniqueOracleNodes  : 500.0000
  [Result] Truth               : 12399.0000
  [Result] Est                 : 10296.2456
  [Result] logQError           : -0.0807
  [Result] TreeCountTime       : 9.8678
  [Result] QueryTime           : 0.5193
/home/wangshuo/projects/PROXY/datasets/amazon/query_graph_count/query_3_125.graph Finished!

Start Processing (Multi-Predicate) /home/wangshuo/projects/PROXY/datasets/amazon/query_graph_count/query_3_126.graph
[Info] Using explicit query nodes for predicates: 1 2 
[Info] FOIS_nrs base budget not found, will rely strictly on Curve CSV.
[Info] Using user-specified root label 1 -> query node 1
  [FastestO Curve] run=1 frac=0.01 budget_n=500 est=933.694
  [FastestO Curve] run=1 frac=0.05 budget_n=500 est=843.943
  [FastestO Curve] run=1 frac=0.075 budget_n=500 est=736.088
  [FastestO Curve] run=1 frac=0.1 budget_n=944 est=882.033
  [FastestO Curve] run=1 frac=0.15 budget_n=500 est=987.445
  [FastestO Curve] run=1 frac=0.2 budget_n=500 est=906.975
  [FastestO Curve] run=1 frac=0.3 budget_n=500 est=713.66
  [FastestO Curve] run=1 frac=0.4 budget_n=500 est=988.274
  [FastestO Curve] run=1 frac=0.5 budget_n=500 est=734.468
  [FastestO Curve] run=1 frac=0.6 budget_n=500 est=706.767
  [FastestO Curve] run=1 frac=0.7 budget_n=500 est=704.986
  [FastestO Curve] run=1 frac=0.8 budget_n=500 est=752.097
  [FastestO Curve] run=1 frac=0.9 budget_n=500 est=793.563
  [FastestO Curve] run=2 frac=0.01 budget_n=500 est=785.716
  [FastestO Curve] run=2 frac=0.05 budget_n=500 est=878.274
  [FastestO Curve] run=2 frac=0.075 budget_n=500 est=721.204
  [FastestO Curve] run=2 frac=0.1 budget_n=944 est=896.623
  [FastestO Curve] run=2 frac=0.15 budget_n=500 est=698.382
  [FastestO Curve] run=2 frac=0.2 budget_n=500 est=915.507
  [FastestO Curve] run=2 frac=0.3 budget_n=500 est=803.435
  [FastestO Curve] run=2 frac=0.4 budget_n=500 est=963.17
  [FastestO Curve] run=2 frac=0.5 budget_n=500 est=811.478
  [FastestO Curve] run=2 frac=0.6 budget_n=500 est=616.429
  [FastestO Curve] run=2 frac=0.7 budget_n=500 est=853.943
  [FastestO Curve] run=2 frac=0.8 budget_n=500 est=878.981
  [FastestO Curve] run=2 frac=0.9 budget_n=500 est=869.795
  [FastestO Curve] run=3 frac=0.01 budget_n=500 est=607.424
  [FastestO Curve] run=3 frac=0.05 budget_n=500 est=743.314
  [FastestO Curve] run=3 frac=0.075 budget_n=500 est=797.407
  [FastestO Curve] run=3 frac=0.1 budget_n=944 est=779.896
  [FastestO Curve] run=3 frac=0.15 budget_n=500 est=664.83
  [FastestO Curve] run=3 frac=0.2 budget_n=500 est=874.931
  [FastestO Curve] run=3 frac=0.3 budget_n=500 est=704.761
  [FastestO Curve] run=3 frac=0.4 budget_n=500 est=662.866
  [FastestO Curve] run=3 frac=0.5 budget_n=500 est=955.897
  [FastestO Curve] run=3 frac=0.6 budget_n=500 est=731.356
  [FastestO Curve] run=3 frac=0.7 budget_n=500 est=909.789
  [FastestO Curve] run=3 frac=0.8 budget_n=500 est=738.26
  [FastestO Curve] run=3 frac=0.9 budget_n=500 est=818.009
  [FastestO Curve] run=4 frac=0.01 budget_n=500 est=783.397
  [FastestO Curve] run=4 frac=0.05 budget_n=500 est=589.698
  [FastestO Curve] run=4 frac=0.075 budget_n=500 est=993.675
  [FastestO Curve] run=4 frac=0.1 budget_n=944 est=787.711
  [FastestO Curve] run=4 frac=0.15 budget_n=500 est=884.779
  [FastestO Curve] run=4 frac=0.2 budget_n=500 est=891.422
  [FastestO Curve] run=4 frac=0.3 budget_n=500 est=938.944
  [FastestO Curve] run=4 frac=0.4 budget_n=500 est=743.508
  [FastestO Curve] run=4 frac=0.5 budget_n=500 est=768.042
  [FastestO Curve] run=4 frac=0.6 budget_n=500 est=990.086
  [FastestO Curve] run=4 frac=0.7 budget_n=500 est=874.75
  [FastestO Curve] run=4 frac=0.8 budget_n=500 est=701.108
  [FastestO Curve] run=4 frac=0.9 budget_n=500 est=945.571
  [FastestO Curve] run=5 frac=0.01 budget_n=500 est=833.88
  [FastestO Curve] run=5 frac=0.05 budget_n=500 est=866.882
  [FastestO Curve] run=5 frac=0.075 budget_n=500 est=799.854
  [FastestO Curve] run=5 frac=0.1 budget_n=944 est=816.534
  [FastestO Curve] run=5 frac=0.15 budget_n=500 est=681.316
  [FastestO Curve] run=5 frac=0.2 budget_n=500 est=872.395
  [FastestO Curve] run=5 frac=0.3 budget_n=500 est=904.341
  [FastestO Curve] run=5 frac=0.4 budget_n=500 est=813.907
  [FastestO Curve] run=5 frac=0.5 budget_n=500 est=920.355
  [FastestO Curve] run=5 frac=0.6 budget_n=500 est=1018.53
  [FastestO Curve] run=5 frac=0.7 budget_n=500 est=895.566
  [FastestO Curve] run=5 frac=0.8 budget_n=500 est=844.526
  [FastestO Curve] run=5 frac=0.9 budget_n=500 est=620.044
  [Result] #CandTree           : 8630
  [Result] #TreeTrials         : 682
  [Result] #TreeSuccess        : 49
  [Result] #UniqueOracleNodes  : 500.0000
  [Result] Truth               : 8630.0000
  [Result] Est                 : 620.0440
  [Result] logQError           : -1.1436
  [Result] TreeCountTime       : 7.7982
  [Result] QueryTime           : 0.5378
/home/wangshuo/projects/PROXY/datasets/amazon/query_graph_count/query_3_126.graph Finished!

Start Processing (Multi-Predicate) /home/wangshuo/projects/PROXY/datasets/amazon/query_graph_count/query_3_127.graph
[Info] Using explicit query nodes for predicates: 0 
[Info] FOIS_nrs base budget not found, will rely strictly on Curve CSV.
[Warning] Requested root label 1 not found in query. Falling back to default root 1
  [FastestO Curve] run=1 frac=0.01 budget_n=500 est=10058.1
  [FastestO Curve] run=1 frac=0.05 budget_n=500 est=10127.3
  [FastestO Curve] run=1 frac=0.075 budget_n=500 est=10368.1
  [FastestO Curve] run=1 frac=0.1 budget_n=1336 est=10166.2
  [FastestO Curve] run=1 frac=0.15 budget_n=500 est=10427.5
  [FastestO Curve] run=1 frac=0.2 budget_n=500 est=10187.2
  [FastestO Curve] run=1 frac=0.3 budget_n=500 est=9868.36
  [FastestO Curve] run=1 frac=0.4 budget_n=500 est=9973.54
  [FastestO Curve] run=1 frac=0.5 budget_n=500 est=10161.9
  [FastestO Curve] run=1 frac=0.6 budget_n=500 est=10474.8
  [FastestO Curve] run=1 frac=0.7 budget_n=500 est=10254.6
  [FastestO Curve] run=1 frac=0.8 budget_n=500 est=10235.9
  [FastestO Curve] run=1 frac=0.9 budget_n=500 est=10507.6
  [FastestO Curve] run=2 frac=0.01 budget_n=500 est=10527.7
  [FastestO Curve] run=2 frac=0.05 budget_n=500 est=10029.2
  [FastestO Curve] run=2 frac=0.075 budget_n=500 est=10053.7
  [FastestO Curve] run=2 frac=0.1 budget_n=1336 est=10318
  [FastestO Curve] run=2 frac=0.15 budget_n=500 est=10053.1
  [FastestO Curve] run=2 frac=0.2 budget_n=500 est=10127.3
  [FastestO Curve] run=2 frac=0.3 budget_n=500 est=10450.4
  [FastestO Curve] run=2 frac=0.4 budget_n=500 est=9838.45
  [FastestO Curve] run=2 frac=0.5 budget_n=500 est=10127.4
  [FastestO Curve] run=2 frac=0.6 budget_n=500 est=9827.57
  [FastestO Curve] run=2 frac=0.7 budget_n=500 est=10167.1
  [FastestO Curve] run=2 frac=0.8 budget_n=500 est=10307.1
  [FastestO Curve] run=2 frac=0.9 budget_n=500 est=10576.7
  [FastestO Curve] run=3 frac=0.01 budget_n=500 est=10205.6
  [FastestO Curve] run=3 frac=0.05 budget_n=500 est=10350.2
  [FastestO Curve] run=3 frac=0.075 budget_n=500 est=10263.8
  [FastestO Curve] run=3 frac=0.1 budget_n=1336 est=10376.5
  [FastestO Curve] run=3 frac=0.15 budget_n=500 est=10142.3
  [FastestO Curve] run=3 frac=0.2 budget_n=500 est=10166.3
  [FastestO Curve] run=3 frac=0.3 budget_n=500 est=10453.6
  [FastestO Curve] run=3 frac=0.4 budget_n=500 est=10018
  [FastestO Curve] run=3 frac=0.5 budget_n=500 est=10279
  [FastestO Curve] run=3 frac=0.6 budget_n=500 est=9998.35
  [FastestO Curve] run=3 frac=0.7 budget_n=500 est=10275.9
  [FastestO Curve] run=3 frac=0.8 budget_n=500 est=10151.8
  [FastestO Curve] run=3 frac=0.9 budget_n=500 est=10181.1
  [FastestO Curve] run=4 frac=0.01 budget_n=500 est=10102.8
  [FastestO Curve] run=4 frac=0.05 budget_n=500 est=10761.2
  [FastestO Curve] run=4 frac=0.075 budget_n=500 est=9700.63
  [FastestO Curve] run=4 frac=0.1 budget_n=1336 est=10159.4
  [FastestO Curve] run=4 frac=0.15 budget_n=500 est=10305.3
  [FastestO Curve] run=4 frac=0.2 budget_n=500 est=9854.98
  [FastestO Curve] run=4 frac=0.3 budget_n=500 est=10058.1
  [FastestO Curve] run=4 frac=0.4 budget_n=500 est=10141.9
  [FastestO Curve] run=4 frac=0.5 budget_n=500 est=10332.5
  [FastestO Curve] run=4 frac=0.6 budget_n=500 est=10176.3
  [FastestO Curve] run=4 frac=0.7 budget_n=500 est=10334.5
  [FastestO Curve] run=4 frac=0.8 budget_n=500 est=10151.8
  [FastestO Curve] run=4 frac=0.9 budget_n=500 est=10038.5
  [FastestO Curve] run=5 frac=0.01 budget_n=500 est=9934.58
  [FastestO Curve] run=5 frac=0.05 budget_n=500 est=9888.27
  [FastestO Curve] run=5 frac=0.075 budget_n=500 est=10245.2
  [FastestO Curve] run=5 frac=0.1 budget_n=1336 est=10129.4
  [FastestO Curve] run=5 frac=0.15 budget_n=500 est=9920.54
  [FastestO Curve] run=5 frac=0.2 budget_n=500 est=10072.8
  [FastestO Curve] run=5 frac=0.3 budget_n=500 est=10176.3
  [FastestO Curve] run=5 frac=0.4 budget_n=500 est=10453.6
  [FastestO Curve] run=5 frac=0.5 budget_n=500 est=10491.5
  [FastestO Curve] run=5 frac=0.6 budget_n=500 est=10073.3
  [FastestO Curve] run=5 frac=0.7 budget_n=500 est=9816.56
  [FastestO Curve] run=5 frac=0.8 budget_n=500 est=9909.87
  [FastestO Curve] run=5 frac=0.9 budget_n=500 est=10107.4
  [Result] #CandTree           : 1.265e+04
  [Result] #TreeTrials         : 507
  [Result] #TreeSuccess        : 405
  [Result] #UniqueOracleNodes  : 500.0000
  [Result] Truth               : 12653.0000
  [Result] Est                 : 10107.4260
  [Result] logQError           : -0.0976
  [Result] TreeCountTime       : 10.1488
  [Result] QueryTime           : 0.5350
/home/wangshuo/projects/PROXY/datasets/amazon/query_graph_count/query_3_127.graph Finished!

Start Processing (Multi-Predicate) /home/wangshuo/projects/PROXY/datasets/amazon/query_graph_count/query_3_128.graph
[Info] Using explicit query nodes for predicates: 2 
[Info] FOIS_nrs base budget not found, will rely strictly on Curve CSV.
Traceback (most recent call last):
  File "/home/wangshuo/projects/PROXY/pythonProject/src/baseline/FASTEST-ORACLE.py", line 187, in <module>
    main()
  File "/home/wangshuo/projects/PROXY/pythonProject/src/baseline/FASTEST-ORACLE.py", line 180, in main
    results = [run_single_dataset_task(t) for t in task_list]
  File "/home/wangshuo/projects/PROXY/pythonProject/src/baseline/FASTEST-ORACLE.py", line 180, in <listcomp>
    results = [run_single_dataset_task(t) for t in task_list]
  File "/home/wangshuo/projects/PROXY/pythonProject/src/baseline/FASTEST-ORACLE.py", line 133, in run_single_dataset_task
    code, output = runner.run(
  File "/home/wangshuo/projects/PROXY/pythonProject/src/Structure_first/graph_sample.py", line 92, in run
    for line in proc.stdout:
KeyboardInterrupt
