bash: /home/wangshuo/software/anaconda3/lib/libtinfo.so.6: no version information available (required by bash)
==============================================================================
🚀 开始 Amazon [COUNT 模式] 一键评估
工作目录: /home/wangshuo/projects/PROXY
==============================================================================

[Step 1/2] 正在调用 C++ 引擎估计 COUNT 投影空间权重并生成 aggregated 文件...
======================================================================
🚀 开始执行核心实例抽取与聚合流水线 (极致提速版)
   • 数据集名称 : amazon
   • 聚合模式   : COUNT  <--- [当前模式]
======================================================================

[Step 0] 启动 C++ FastestRunner...
🚀 正在运行: /home/wangshuo/projects/PROXY/cProject/build/Fastest -d amazon --ROOT_LABEL -1 --SAMPLE_BUDGET 60000 --BASE_DIR /home/wangshuo/projects/PROXY/datasets --AGG_FUNC count

[CLI] Root label set to -1
[CLI] Sample budget set to 60000
[CLI] Base Dir set to /home/wangshuo/projects/PROXY/datasets
[info] SAMPLE_BUDGET:60000
[Info] Cleared old estimate file: /home/wangshuo/projects/PROXY/datasets/amazon/results/in_estimateW_result_count.txt
[Info] budget_curve_path: /home/wangshuo/projects/PROXY/datasets/amazon/results/efficiency/FOIS_rs_POSS_budget_curve_fast.csv
[info] args:0x7ffe9ae8bea8
[info] summary_run1_path:/home/wangshuo/projects/PROXY/datasets/amazon/results/result_summarys/ML1_proxy4b_probability/results_summary_run_1.csv
[Info] Reading core nodes configuration from: /home/wangshuo/projects/PROXY/datasets/amazon/data_graph/core_nodes_config_count.json
[Info] Loaded core query-node configs for 764 queries.
[Info] Loaded predicate-label configs for 764 queries.
[infor] root label-1
Constructing Candidate Space: 12 16
[info] Query Size:764

Start Processing /home/wangshuo/projects/PROXY/datasets/amazon/query_graph_count/query_3_0.graph for core instances with query nodes: 1 2 
[Info] Auto-selected query root index 2 with (transferred) label 3
[Check] Sample budget = 60000
[Check] Sum of instance estimates = 9040, Global estimate = 9040, Ratio = 1
[Info] Appended instance results for query_3_0.graph to CSV in long format.
Global Estimated Value: 9040.00
/home/wangshuo/projects/PROXY/datasets/amazon/query_graph_count/query_3_0.graph Finished!


Start Processing /home/wangshuo/projects/PROXY/datasets/amazon/query_graph_count/query_3_1.graph for core instances with query nodes: 0 2 
[Info] Auto-selected query root index 0 with (transferred) label 4
[Check] Sample budget = 60000
[Check] Sum of instance estimates = 8432.00, Global estimate = 8432.00, Ratio = 1.00
[Info] Appended instance results for query_3_1.graph to CSV in long format.
Global Estimated Value: 8432.00
/home/wangshuo/projects/PROXY/datasets/amazon/query_graph_count/query_3_1.graph Finished!


Start Processing /home/wangshuo/projects/PROXY/datasets/amazon/query_graph_count/query_3_10.graph for core instances with query nodes: 0 1 
[Info] Auto-selected query root index 0 with (transferred) label 2
[Check] Sample budget = 60000
[Check] Sum of instance estimates = 8509.00, Global estimate = 8509.00, Ratio = 1.00
[Info] Appended instance results for query_3_10.graph to CSV in long format.
Global Estimated Value: 8509.00
/home/wangshuo/projects/PROXY/datasets/amazon/query_graph_count/query_3_10.graph Finished!


Start Processing /home/wangshuo/projects/PROXY/datasets/amazon/query_graph_count/query_3_100.graph for core instances with query nodes: 0 1 
[Info] Auto-selected query root index 0 with (transferred) label 4
[Check] Sample budget = 60000
[Check] Sum of instance estimates = 8745.00, Global estimate = 8745.00, Ratio = 1.00
[Info] Appended instance results for query_3_100.graph to CSV in long format.
Global Estimated Value: 8745.00
/home/wangshuo/projects/PROXY/datasets/amazon/query_graph_count/query_3_100.graph Finished!


Start Processing /home/wangshuo/projects/PROXY/datasets/amazon/query_graph_count/query_3_101.graph for core instances with query nodes: 0 1 
[Info] Auto-selected query root index 0 with (transferred) label 4
[Check] Sample budget = 60000
[Check] Sum of instance estimates = 8432.00, Global estimate = 8432.00, Ratio = 1.00
[Info] Appended instance results for query_3_101.graph to CSV in long format.
Global Estimated Value: 8432.00
/home/wangshuo/projects/PROXY/datasets/amazon/query_graph_count/query_3_101.graph Finished!


Start Processing /home/wangshuo/projects/PROXY/datasets/amazon/query_graph_count/query_3_102.graph for core instances with query nodes: 1 2 
[Info] Auto-selected query root index 2 with (transferred) label 3
[Check] Sample budget = 60000
[Check] Sum of instance estimates = 9040.00, Global estimate = 9040.00, Ratio = 1.00
[Info] Appended instance results for query_3_102.graph to CSV in long format.
Global Estimated Value: 9040.00
/home/wangshuo/projects/PROXY/datasets/amazon/query_graph_count/query_3_102.graph Finished!


Start Processing /home/wangshuo/projects/PROXY/datasets/amazon/query_graph_count/query_3_103.graph for core instances with query nodes: 2 
[Info] Auto-selected query root index 1 with (transferred) label 6
[Check] Sample budget = 60000
[Check] Sum of instance estimates = 12485.00, Global estimate = 12485.00, Ratio = 1.00
[Info] Appended instance results for query_3_103.graph to CSV in long format.
Global Estimated Value: 12485.00
/home/wangshuo/projects/PROXY/datasets/amazon/query_graph_count/query_3_103.graph Finished!


Start Processing /home/wangshuo/projects/PROXY/datasets/amazon/query_graph_count/query_3_104.graph for core instances with query nodes: 0 1 
[Info] Auto-selected query root index 1 with (transferred) label 3
[Check] Sample budget = 60000
[Check] Sum of instance estimates = 9005.00, Global estimate = 9005.00, Ratio = 1.00
[Info] Appended instance results for query_3_104.graph to CSV in long format.
Global Estimated Value: 9005.00
/home/wangshuo/projects/PROXY/datasets/amazon/query_graph_count/query_3_104.graph Finished!


Start Processing /home/wangshuo/projects/PROXY/datasets/amazon/query_graph_count/query_3_105.graph for core instances with query nodes: 0 
[Info] Auto-selected query root index 1 with (transferred) label 6
[Check] Sample budget = 60000
[Check] Sum of instance estimates = 12696.00, Global estimate = 12696.00, Ratio = 1.00
[Info] Appended instance results for query_3_105.graph to CSV in long format.
Global Estimated Value: 12696.00
/home/wangshuo/projects/PROXY/datasets/amazon/query_graph_count/query_3_105.graph Finished!


Start Processing /home/wangshuo/projects/PROXY/datasets/amazon/query_graph_count/query_3_106.graph for core instances with query nodes: 1 2 
[Info] Auto-selected query root index 1 with (transferred) label 3
[Check] Sample budget = 60000
[Check] Sum of instance estimates = 9040.00, Global estimate = 9040.00, Ratio = 1.00
[Info] Appended instance results for query_3_106.graph to CSV in long format.
Global Estimated Value: 9040.00
/home/wangshuo/projects/PROXY/datasets/amazon/query_graph_count/query_3_106.graph Finished!


Start Processing /home/wangshuo/projects/PROXY/datasets/amazon/query_graph_count/query_3_107.graph for core instances with query nodes: 0 2 
[Info] Auto-selected query root index 0 with (transferred) label 0
[Check] Sample budget = 60000
[Check] Sum of instance estimates = 8094.00, Global estimate = 8094.00, Ratio = 1.00
[Info] Appended instance results for query_3_107.graph to CSV in long format.
Global Estimated Value: 8094.00
/home/wangshuo/projects/PROXY/datasets/amazon/query_graph_count/query_3_107.graph Finished!


Start Processing /home/wangshuo/projects/PROXY/datasets/amazon/query_graph_count/query_3_108.graph for core instances with query nodes: 0 
[Info] Auto-selected query root index 2 with (transferred) label 6
[Check] Sample budget = 60000
[Check] Sum of instance estimates = 12696.00, Global estimate = 12696.00, Ratio = 1.00
[Info] Appended instance results for query_3_108.graph to CSV in long format.
Global Estimated Value: 12696.00
/home/wangshuo/projects/PROXY/datasets/amazon/query_graph_count/query_3_108.graph Finished!


Start Processing /home/wangshuo/projects/PROXY/datasets/amazon/query_graph_count/query_3_109.graph for core instances with query nodes: 1 2 
[Info] Auto-selected query root index 2 with (transferred) label 2
[Check] Sample budget = 60000
[Check] Sum of instance estimates = 8472.00, Global estimate = 8472.00, Ratio = 1.00
[Info] Appended instance results for query_3_109.graph to CSV in long format.
Global Estimated Value: 8472.00
/home/wangshuo/projects/PROXY/datasets/amazon/query_graph_count/query_3_109.graph Finished!


Start Processing /home/wangshuo/projects/PROXY/datasets/amazon/query_graph_count/query_3_11.graph for core instances with query nodes: 0 2 
[Info] Auto-selected query root index 0 with (transferred) label 0
[Check] Sample budget = 60000
[Check] Sum of instance estimates = 8230.00, Global estimate = 8230.00, Ratio = 1.00
[Info] Appended instance results for query_3_11.graph to CSV in long format.
Global Estimated Value: 8230.00
/home/wangshuo/projects/PROXY/datasets/amazon/query_graph_count/query_3_11.graph Finished!


Start Processing /home/wangshuo/projects/PROXY/datasets/amazon/query_graph_count/query_3_110.graph for core instances with query nodes: 0 1 
[Info] Auto-selected query root index 1 with (transferred) label 2
[Check] Sample budget = 60000
[Check] Sum of instance estimates = 8503.00, Global estimate = 8503.00, Ratio = 1.00
[Info] Appended instance results for query_3_110.graph to CSV in long format.
Global Estimated Value: 8503.00
/home/wangshuo/projects/PROXY/datasets/amazon/query_graph_count/query_3_110.graph Finished!


Start Processing /home/wangshuo/projects/PROXY/datasets/amazon/query_graph_count/query_3_111.graph for core instances with query nodes: 0 1 
[Info] Auto-selected query root index 0 with (transferred) label 4
[Check] Sample budget = 60000
[Check] Sum of instance estimates = 8432.00, Global estimate = 8432.00, Ratio = 1.00
[Info] Appended instance results for query_3_111.graph to CSV in long format.
Global Estimated Value: 8432.00
/home/wangshuo/projects/PROXY/datasets/amazon/query_graph_count/query_3_111.graph Finished!


Start Processing /home/wangshuo/projects/PROXY/datasets/amazon/query_graph_count/query_3_112.graph for core instances with query nodes: 0 2 
[Info] Auto-selected query root index 0 with (transferred) label 2
[Check] Sample budget = 60000
[Check] Sum of instance estimates = 8415.00, Global estimate = 8415.00, Ratio = 1.00
[Info] Appended instance results for query_3_112.graph to CSV in long format.
Global Estimated Value: 8415.00
/home/wangshuo/projects/PROXY/datasets/amazon/query_graph_count/query_3_112.graph Finished!


Start Processing /home/wangshuo/projects/PROXY/datasets/amazon/query_graph_count/query_3_113.graph for core instances with query nodes: 0 2 
[Info] Auto-selected query root index 2 with (transferred) label 4
[Check] Sample budget = 60000
[Check] Sum of instance estimates = 8432.00, Global estimate = 8432.00, Ratio = 1.00
[Info] Appended instance results for query_3_113.graph to CSV in long format.
Global Estimated Value: 8432.00
/home/wangshuo/projects/PROXY/datasets/amazon/query_graph_count/query_3_113.graph Finished!


Start Processing /home/wangshuo/projects/PROXY/datasets/amazon/query_graph_count/query_3_114.graph for core instances with query nodes: 0 
[Info] Auto-selected query root index 1 with (transferred) label 6
[Check] Sample budget = 60000
[Check] Sum of instance estimates = 12403.00, Global estimate = 12403.00, Ratio = 1.00
[Info] Appended instance results for query_3_114.graph to CSV in long format.
Global Estimated Value: 12403.00
/home/wangshuo/projects/PROXY/datasets/amazon/query_graph_count/query_3_114.graph Finished!


Start Processing /home/wangshuo/projects/PROXY/datasets/amazon/query_graph_count/query_3_115.graph for core instances with query nodes: 0 1 
[Info] Auto-selected query root index 0 with (transferred) label 3
[Check] Sample budget = 60000
[Check] Sum of instance estimates = 9005.00, Global estimate = 9005.00, Ratio = 1.00
[Info] Appended instance results for query_3_115.graph to CSV in long format.
Global Estimated Value: 9005.00
/home/wangshuo/projects/PROXY/datasets/amazon/query_graph_count/query_3_115.graph Finished!


Start Processing /home/wangshuo/projects/PROXY/datasets/amazon/query_graph_count/query_3_116.graph for core instances with query nodes: 1 2 
[Info] Auto-selected query root index 2 with (transferred) label 3
[Check] Sample budget = 60000
[Check] Sum of instance estimates = 8987.00, Global estimate = 8987.00, Ratio = 1.00
[Info] Appended instance results for query_3_116.graph to CSV in long format.
Global Estimated Value: 8987.00
/home/wangshuo/projects/PROXY/datasets/amazon/query_graph_count/query_3_116.graph Finished!


Start Processing /home/wangshuo/projects/PROXY/datasets/amazon/query_graph_count/query_3_117.graph for core instances with query nodes: 0 2 
[Info] Auto-selected query root index 2 with (transferred) label 3
[Check] Sample budget = 60000
[Check] Sum of instance estimates = 9040.00, Global estimate = 9040.00, Ratio = 1.00
[Info] Appended instance results for query_3_117.graph to CSV in long format.
Global Estimated Value: 9040.00
/home/wangshuo/projects/PROXY/datasets/amazon/query_graph_count/query_3_117.graph Finished!


Start Processing /home/wangshuo/projects/PROXY/datasets/amazon/query_graph_count/query_3_118.graph for core instances with query nodes: 0 2 
[Info] Auto-selected query root index 0 with (transferred) label 2
[Check] Sample budget = 60000
[Check] Sum of instance estimates = 8323.00, Global estimate = 8323.00, Ratio = 1.00
[Info] Appended instance results for query_3_118.graph to CSV in long format.
Global Estimated Value: 8323.00
/home/wangshuo/projects/PROXY/datasets/amazon/query_graph_count/query_3_118.graph Finished!


Start Processing /home/wangshuo/projects/PROXY/datasets/amazon/query_graph_count/query_3_119.graph for core instances with query nodes: 0 2 
[Info] Auto-selected query root index 0 with (transferred) label 2
[Check] Sample budget = 60000
[Check] Sum of instance estimates = 8472.00, Global estimate = 8472.00, Ratio = 1.00
[Info] Appended instance results for query_3_119.graph to CSV in long format.
Global Estimated Value: 8472.00
/home/wangshuo/projects/PROXY/datasets/amazon/query_graph_count/query_3_119.graph Finished!


Start Processing /home/wangshuo/projects/PROXY/datasets/amazon/query_graph_count/query_3_12.graph for core instances with query nodes: 0 2 
[Info] Auto-selected query root index 0 with (transferred) label 4
[Check] Sample budget = 60000
[Check] Sum of instance estimates = 8432.00, Global estimate = 8432.00, Ratio = 1.00
[Info] Appended instance results for query_3_12.graph to CSV in long format.
Global Estimated Value: 8432.00
/home/wangshuo/projects/PROXY/datasets/amazon/query_graph_count/query_3_12.graph Finished!


Start Processing /home/wangshuo/projects/PROXY/datasets/amazon/query_graph_count/query_3_120.graph for core instances with query nodes: 0 2 
[Info] Auto-selected query root index 2 with (transferred) label 1
[Check] Sample budget = 60000
[Check] Sum of instance estimates = 8576.00, Global estimate = 8576.00, Ratio = 1.00
[Info] Appended instance results for query_3_120.graph to CSV in long format.
Global Estimated Value: 8576.00
/home/wangshuo/projects/PROXY/datasets/amazon/query_graph_count/query_3_120.graph Finished!


Start Processing /home/wangshuo/projects/PROXY/datasets/amazon/query_graph_count/query_3_121.graph for core instances with query nodes: 0 1 
[Info] Auto-selected query root index 0 with (transferred) label 2
[Check] Sample budget = 60000
[Check] Sum of instance estimates = 8509.00, Global estimate = 8509.00, Ratio = 1.00
[Info] Appended instance results for query_3_121.graph to CSV in long format.
Global Estimated Value: 8509.00
/home/wangshuo/projects/PROXY/datasets/amazon/query_graph_count/query_3_121.graph Finished!


Start Processing /home/wangshuo/projects/PROXY/datasets/amazon/query_graph_count/query_3_122.graph for core instances with query nodes: 0 2 
[Info] Auto-selected query root index 2 with (transferred) label 1
[Check] Sample budget = 60000
[Check] Sum of instance estimates = 8630.00, Global estimate = 8630.00, Ratio = 1.00
[Info] Appended instance results for query_3_122.graph to CSV in long format.
Global Estimated Value: 8630.00
/home/wangshuo/projects/PROXY/datasets/amazon/query_graph_count/query_3_122.graph Finished!


Start Processing /home/wangshuo/projects/PROXY/datasets/amazon/query_graph_count/query_3_123.graph for core instances with query nodes: 0 
[Info] Auto-selected query root index 1 with (transferred) label 6
[Check] Sample budget = 60000
[Check] Sum of instance estimates = 12653.00, Global estimate = 12653.00, Ratio = 1.00
[Info] Appended instance results for query_3_123.graph to CSV in long format.
Global Estimated Value: 12653.00
/home/wangshuo/projects/PROXY/datasets/amazon/query_graph_count/query_3_123.graph Finished!


Start Processing /home/wangshuo/projects/PROXY/datasets/amazon/query_graph_count/query_3_124.graph for core instances with query nodes: 0 2 
[Info] Auto-selected query root index 2 with (transferred) label 0
[Check] Sample budget = 60000
[Check] Sum of instance estimates = 8230.00, Global estimate = 8230.00, Ratio = 1.00
[Info] Appended instance results for query_3_124.graph to CSV in long format.
Global Estimated Value: 8230.00
/home/wangshuo/projects/PROXY/datasets/amazon/query_graph_count/query_3_124.graph Finished!


Start Processing /home/wangshuo/projects/PROXY/datasets/amazon/query_graph_count/query_3_125.graph for core instances with query nodes: 2 
[Info] Auto-selected query root index 0 with (transferred) label 6
[Check] Sample budget = 60000
[Check] Sum of instance estimates = 12399.00, Global estimate = 12399.00, Ratio = 1.00
[Info] Appended instance results for query_3_125.graph to CSV in long format.
Global Estimated Value: 12399.00
/home/wangshuo/projects/PROXY/datasets/amazon/query_graph_count/query_3_125.graph Finished!


Start Processing /home/wangshuo/projects/PROXY/datasets/amazon/query_graph_count/query_3_126.graph for core instances with query nodes: 1 2 
[Info] Auto-selected query root index 1 with (transferred) label 1
[Check] Sample budget = 60000
[Check] Sum of instance estimates = 8630.00, Global estimate = 8630.00, Ratio = 1.00
[Info] Appended instance results for query_3_126.graph to CSV in long format.
Global Estimated Value: 8630.00
/home/wangshuo/projects/PROXY/datasets/amazon/query_graph_count/query_3_126.graph Finished!


Start Processing /home/wangshuo/projects/PROXY/datasets/amazon/query_graph_count/query_3_127.graph for core instances with query nodes: 0 
[Info] Auto-selected query root index 1 with (transferred) label 6
[Check] Sample budget = 60000
[Check] Sum of instance estimates = 12653.00, Global estimate = 12653.00, Ratio = 1.00
[Info] Appended instance results for query_3_127.graph to CSV in long format.
Global Estimated Value: 12653.00
/home/wangshuo/projects/PROXY/datasets/amazon/query_graph_count/query_3_127.graph Finished!


Start Processing /home/wangshuo/projects/PROXY/datasets/amazon/query_graph_count/query_3_128.graph for core instances with query nodes: 2 
[Info] Auto-selected query root index 1 with (transferred) label 6
[Check] Sample budget = 60000
[Check] Sum of instance estimates = 12825.00, Global estimate = 12825.00, Ratio = 1.00
[Info] Appended instance results for query_3_128.graph to CSV in long format.
Global Estimated Value: 12825.00
/home/wangshuo/projects/PROXY/datasets/amazon/query_graph_count/query_3_128.graph Finished!


Start Processing /home/wangshuo/projects/PROXY/datasets/amazon/query_graph_count/query_3_129.graph for core instances with query nodes: 0 1 
[Info] Auto-selected query root index 0 with (transferred) label 2
[Check] Sample budget = 60000
[Check] Sum of instance estimates = 8503.00, Global estimate = 8503.00, Ratio = 1.00
[Info] Appended instance results for query_3_129.graph to CSV in long format.
Global Estimated Value: 8503.00
/home/wangshuo/projects/PROXY/datasets/amazon/query_graph_count/query_3_129.graph Finished!


Start Processing /home/wangshuo/projects/PROXY/datasets/amazon/query_graph_count/query_3_13.graph for core instances with query nodes: 0 2 
[Info] Auto-selected query root index 0 with (transferred) label 3
[Check] Sample budget = 60000
[Check] Sum of instance estimates = 9040.00, Global estimate = 9040.00, Ratio = 1.00
[Info] Appended instance results for query_3_13.graph to CSV in long format.
Global Estimated Value: 9040.00
/home/wangshuo/projects/PROXY/datasets/amazon/query_graph_count/query_3_13.graph Finished!


Start Processing /home/wangshuo/projects/PROXY/datasets/amazon/query_graph_count/query_3_130.graph for core instances with query nodes: 1 2 
[Info] Auto-selected query root index 2 with (transferred) label 1
[Check] Sample budget = 60000
[Check] Sum of instance estimates = 8630.00, Global estimate = 8630.00, Ratio = 1.00
[Info] Appended instance results for query_3_130.graph to CSV in long format.
Global Estimated Value: 8630.00
/home/wangshuo/projects/PROXY/datasets/amazon/query_graph_count/query_3_130.graph Finished!


Start Processing /home/wangshuo/projects/PROXY/datasets/amazon/query_graph_count/query_3_131.graph for core instances with query nodes: 0 2 
[Info] Auto-selected query root index 0 with (transferred) label 4
[Check] Sample budget = 60000
[Check] Sum of instance estimates = 8745.00, Global estimate = 8745.00, Ratio = 1.00
[Info] Appended instance results for query_3_131.graph to CSV in long format.
Global Estimated Value: 8745.00
/home/wangshuo/projects/PROXY/datasets/amazon/query_graph_count/query_3_131.graph Finished!


Start Processing /home/wangshuo/projects/PROXY/datasets/amazon/query_graph_count/query_3_132.graph for core instances with query nodes: 0 2 
[Info] Auto-selected query root index 2 with (transferred) label 3
[Check] Sample budget = 60000
[Check] Sum of instance estimates = 8987.00, Global estimate = 8987.00, Ratio = 1.00
[Info] Appended instance results for query_3_132.graph to CSV in long format.
Global Estimated Value: 8987.00
/home/wangshuo/projects/PROXY/datasets/amazon/query_graph_count/query_3_132.graph Finished!


Start Processing /home/wangshuo/projects/PROXY/datasets/amazon/query_graph_count/query_3_133.graph for core instances with query nodes: 1 2 
[Info] Auto-selected query root index 2 with (transferred) label 1
[Check] Sample budget = 60000
[Check] Sum of instance estimates = 8576.00, Global estimate = 8576.00, Ratio = 1.00
[Info] Appended instance results for query_3_133.graph to CSV in long format.
Global Estimated Value: 8576.00
/home/wangshuo/projects/PROXY/datasets/amazon/query_graph_count/query_3_133.graph Finished!


Start Processing /home/wangshuo/projects/PROXY/datasets/amazon/query_graph_count/query_3_134.graph for core instances with query nodes: 0 2 
[Info] Auto-selected query root index 2 with (transferred) label 0
[Check] Sample budget = 60000
[Check] Sum of instance estimates = 8376.00, Global estimate = 8376.00, Ratio = 1.00
[Info] Appended instance results for query_3_134.graph to CSV in long format.
Global Estimated Value: 8376.00
/home/wangshuo/projects/PROXY/datasets/amazon/query_graph_count/query_3_134.graph Finished!


Start Processing /home/wangshuo/projects/PROXY/datasets/amazon/query_graph_count/query_3_135.graph for core instances with query nodes: 0 
[Info] Auto-selected query root index 1 with (transferred) label 6
[Check] Sample budget = 60000
[Check] Sum of instance estimates = 12485.00, Global estimate = 12485.00, Ratio = 1.00
[Info] Appended instance results for query_3_135.graph to CSV in long format.
Global Estimated Value: 12485.00
/home/wangshuo/projects/PROXY/datasets/amazon/query_graph_count/query_3_135.graph Finished!


Start Processing /home/wangshuo/projects/PROXY/datasets/amazon/query_graph_count/query_3_136.graph for core instances with query nodes: 1 2 
[Info] Auto-selected query root index 2 with (transferred) label 0
[Check] Sample budget = 60000
[Check] Sum of instance estimates = 8130.00, Global estimate = 8130.00, Ratio = 1.00
[Info] Appended instance results for query_3_136.graph to CSV in long format.
Global Estimated Value: 8130.00
/home/wangshuo/projects/PROXY/datasets/amazon/query_graph_count/query_3_136.graph Finished!


Start Processing /home/wangshuo/projects/PROXY/datasets/amazon/query_graph_count/query_3_137.graph for core instances with query nodes: 0 2 
[Info] Auto-selected query root index 2 with (transferred) label 1
[Check] Sample budget = 60000
[Check] Sum of instance estimates = 8674.00, Global estimate = 8674.00, Ratio = 1.00
[Info] Appended instance results for query_3_137.graph to CSV in long format.
Global Estimated Value: 8674.00
/home/wangshuo/projects/PROXY/datasets/amazon/query_graph_count/query_3_137.graph Finished!


Start Processing /home/wangshuo/projects/PROXY/datasets/amazon/query_graph_count/query_3_138.graph for core instances with query nodes: 2 
[Info] Auto-selected query root index 1 with (transferred) label 6
[Check] Sample budget = 60000
[Check] Sum of instance estimates = 12403.00, Global estimate = 12403.00, Ratio = 1.00
[Info] Appended instance results for query_3_138.graph to CSV in long format.
Global Estimated Value: 12403.00
/home/wangshuo/projects/PROXY/datasets/amazon/query_graph_count/query_3_138.graph Finished!


Start Processing /home/wangshuo/projects/PROXY/datasets/amazon/query_graph_count/query_3_139.graph for core instances with query nodes: 1 2 
[Info] Auto-selected query root index 1 with (transferred) label 2
[Check] Sample budget = 60000
[Check] Sum of instance estimates = 8415.00, Global estimate = 8415.00, Ratio = 1.00
[Info] Appended instance results for query_3_139.graph to CSV in long format.
Global Estimated Value: 8415.00
/home/wangshuo/projects/PROXY/datasets/amazon/query_graph_count/query_3_139.graph Finished!


Start Processing /home/wangshuo/projects/PROXY/datasets/amazon/query_graph_count/query_3_14.graph for core instances with query nodes: 1 2 
[Info] Auto-selected query root index 2 with (transferred) label 2
[Check] Sample budget = 60000
[Check] Sum of instance estimates = 8472.00, Global estimate = 8472.00, Ratio = 1.00
[Info] Appended instance results for query_3_14.graph to CSV in long format.
Global Estimated Value: 8472.00
/home/wangshuo/projects/PROXY/datasets/amazon/query_graph_count/query_3_14.graph Finished!


Start Processing /home/wangshuo/projects/PROXY/datasets/amazon/query_graph_count/query_3_140.graph for core instances with query nodes: 0 1 
[Info] Auto-selected query root index 0 with (transferred) label 4
[Check] Sample budget = 60000
[Check] Sum of instance estimates = 8432.00, Global estimate = 8432.00, Ratio = 1.00
[Info] Appended instance results for query_3_140.graph to CSV in long format.
Global Estimated Value: 8432.00
/home/wangshuo/projects/PROXY/datasets/amazon/query_graph_count/query_3_140.graph Finished!


Start Processing /home/wangshuo/projects/PROXY/datasets/amazon/query_graph_count/query_3_141.graph for core instances with query nodes: 0 2 
[Info] Auto-selected query root index 2 with (transferred) label 2
[Check] Sample budget = 60000
[Check] Sum of instance estimates = 8323.00, Global estimate = 8323.00, Ratio = 1.00
[Info] Appended instance results for query_3_141.graph to CSV in long format.
Global Estimated Value: 8323.00
/home/wangshuo/projects/PROXY/datasets/amazon/query_graph_count/query_3_141.graph Finished!


Start Processing /home/wangshuo/projects/PROXY/datasets/amazon/query_graph_count/query_3_142.graph for core instances with query nodes: 2 
[Info] Auto-selected query root index 1 with (transferred) label 6
[Check] Sample budget = 60000
[Check] Sum of instance estimates = 12696.00, Global estimate = 12696.00, Ratio = 1.00
[Info] Appended instance results for query_3_142.graph to CSV in long format.
Global Estimated Value: 12696.00
/home/wangshuo/projects/PROXY/datasets/amazon/query_graph_count/query_3_142.graph Finished!


Start Processing /home/wangshuo/projects/PROXY/datasets/amazon/query_graph_count/query_3_143.graph for core instances with query nodes: 1 
[Info] Auto-selected query root index 2 with (transferred) label 6
[Check] Sample budget = 60000
[Check] Sum of instance estimates = 12564.00, Global estimate = 12564.00, Ratio = 1.00
[Info] Appended instance results for query_3_143.graph to CSV in long format.
Global Estimated Value: 12564.00
/home/wangshuo/projects/PROXY/datasets/amazon/query_graph_count/query_3_143.graph Finished!


Start Processing /home/wangshuo/projects/PROXY/datasets/amazon/query_graph_count/query_3_144.graph for core instances with query nodes: 0 2 
[Info] Auto-selected query root index 1 with (transferred) label 6
[Check] Sample budget = 60000
[Check] Sum of instance estimates = 12254.32, Global estimate = 12254.32, Ratio = 1.00
[Info] Appended instance results for query_3_144.graph to CSV in long format.
Global Estimated Value: 12254.32
/home/wangshuo/projects/PROXY/datasets/amazon/query_graph_count/query_3_144.graph Finished!


Start Processing /home/wangshuo/projects/PROXY/datasets/amazon/query_graph_count/query_3_145.graph for core instances with query nodes: 0 1 
[Info] Auto-selected query root index 0 with (transferred) label 2
[Check] Sample budget = 60000
[Check] Sum of instance estimates = 8472.00, Global estimate = 8472.00, Ratio = 1.00
[Info] Appended instance results for query_3_145.graph to CSV in long format.
Global Estimated Value: 8472.00
/home/wangshuo/projects/PROXY/datasets/amazon/query_graph_count/query_3_145.graph Finished!


Start Processing /home/wangshuo/projects/PROXY/datasets/amazon/query_graph_count/query_3_146.graph for core instances with query nodes: 1 2 
[Info] Auto-selected query root index 2 with (transferred) label 0
[Check] Sample budget = 60000
[Check] Sum of instance estimates = 8376.00, Global estimate = 8376.00, Ratio = 1.00
[Info] Appended instance results for query_3_146.graph to CSV in long format.
Global Estimated Value: 8376.00
/home/wangshuo/projects/PROXY/datasets/amazon/query_graph_count/query_3_146.graph Finished!


Start Processing /home/wangshuo/projects/PROXY/datasets/amazon/query_graph_count/query_3_147.graph for core instances with query nodes: 0 1 
[Info] Auto-selected query root index 0 with (transferred) label 3
[Check] Sample budget = 60000
[Check] Sum of instance estimates = 8894.00, Global estimate = 8894.00, Ratio = 1.00
[Info] Appended instance results for query_3_147.graph to CSV in long format.
Global Estimated Value: 8894.00
/home/wangshuo/projects/PROXY/datasets/amazon/query_graph_count/query_3_147.graph Finished!


Start Processing /home/wangshuo/projects/PROXY/datasets/amazon/query_graph_count/query_3_148.graph for core instances with query nodes: 1 
[Info] Auto-selected query root index 0 with (transferred) label 6
[Check] Sample budget = 60000
[Check] Sum of instance estimates = 12696.00, Global estimate = 12696.00, Ratio = 1.00
[Info] Appended instance results for query_3_148.graph to CSV in long format.
Global Estimated Value: 12696.00
/home/wangshuo/projects/PROXY/datasets/amazon/query_graph_count/query_3_148.graph Finished!


Start Processing /home/wangshuo/projects/PROXY/datasets/amazon/query_graph_count/query_3_149.graph for core instances with query nodes: 0 1 
[Info] Auto-selected query root index 1 with (transferred) label 2
[Check] Sample budget = 60000
[Check] Sum of instance estimates = 8503.00, Global estimate = 8503.00, Ratio = 1.00
[Info] Appended instance results for query_3_149.graph to CSV in long format.
Global Estimated Value: 8503.00
/home/wangshuo/projects/PROXY/datasets/amazon/query_graph_count/query_3_149.graph Finished!


Start Processing /home/wangshuo/projects/PROXY/datasets/amazon/query_graph_count/query_3_15.graph for core instances with query nodes: 0 
[Info] Auto-selected query root index 1 with (transferred) label 6
[Check] Sample budget = 60000
[Check] Sum of instance estimates = 12564.00, Global estimate = 12564.00, Ratio = 1.00
[Info] Appended instance results for query_3_15.graph to CSV in long format.
Global Estimated Value: 12564.00
/home/wangshuo/projects/PROXY/datasets/amazon/query_graph_count/query_3_15.graph Finished!


Start Processing /home/wangshuo/projects/PROXY/datasets/amazon/query_graph_count/query_3_16.graph for core instances with query nodes: 0 2 
[Info] Auto-selected query root index 2 with (transferred) label 2
[Check] Sample budget = 60000
[Check] Sum of instance estimates = 8472.00, Global estimate = 8472.00, Ratio = 1.00
[Info] Appended instance results for query_3_16.graph to CSV in long format.
Global Estimated Value: 8472.00
/home/wangshuo/projects/PROXY/datasets/amazon/query_graph_count/query_3_16.graph Finished!


Start Processing /home/wangshuo/projects/PROXY/datasets/amazon/query_graph_count/query_3_17.graph for core instances with query nodes: 0 2 
[Info] Auto-selected query root index 0 with (transferred) label 1
[Check] Sample budget = 60000
[Check] Sum of instance estimates = 8674.00, Global estimate = 8674.00, Ratio = 1.00
[Info] Appended instance results for query_3_17.graph to CSV in long format.
Global Estimated Value: 8674.00
/home/wangshuo/projects/PROXY/datasets/amazon/query_graph_count/query_3_17.graph Finished!


Start Processing /home/wangshuo/projects/PROXY/datasets/amazon/query_graph_count/query_3_18.graph for core instances with query nodes: 0 2 
[Info] Auto-selected query root index 1 with (transferred) label 6
[Check] Sample budget = 60000
[Check] Sum of instance estimates = 12817.15, Global estimate = 12817.15, Ratio = 1.00
[Info] Appended instance results for query_3_18.graph to CSV in long format.
Global Estimated Value: 12817.15
/home/wangshuo/projects/PROXY/datasets/amazon/query_graph_count/query_3_18.graph Finished!


Start Processing /home/wangshuo/projects/PROXY/datasets/amazon/query_graph_count/query_3_19.graph for core instances with query nodes: 1 2 
[Info] Auto-selected query root index 1 with (transferred) label 0
[Check] Sample budget = 60000
[Check] Sum of instance estimates = 102638.00, Global estimate = 102638.00, Ratio = 1.00
[Info] Appended instance results for query_3_19.graph to CSV in long format.
Global Estimated Value: 102638.00
/home/wangshuo/projects/PROXY/datasets/amazon/query_graph_count/query_3_19.graph Finished!


Start Processing /home/wangshuo/projects/PROXY/datasets/amazon/query_graph_count/query_3_2.graph for core instances with query nodes: 0 1 
[Info] Auto-selected query root index 0 with (transferred) label 4
[Check] Sample budget = 60000
[Check] Sum of instance estimates = 8641.00, Global estimate = 8641.00, Ratio = 1.00
[Info] Appended instance results for query_3_2.graph to CSV in long format.
Global Estimated Value: 8641.00
/home/wangshuo/projects/PROXY/datasets/amazon/query_graph_count/query_3_2.graph Finished!


Start Processing /home/wangshuo/projects/PROXY/datasets/amazon/query_graph_count/query_3_20.graph for core instances with query nodes: 0 
[Info] Auto-selected query root index 1 with (transferred) label 6
[Check] Sample budget = 60000
[Check] Sum of instance estimates = 12696.00, Global estimate = 12696.00, Ratio = 1.00
[Info] Appended instance results for query_3_20.graph to CSV in long format.
Global Estimated Value: 12696.00
/home/wangshuo/projects/PROXY/datasets/amazon/query_graph_count/query_3_20.graph Finished!


Start Processing /home/wangshuo/projects/PROXY/datasets/amazon/query_graph_count/query_3_21.graph for core instances with query nodes: 1 2 
[Info] Auto-selected query root index 1 with (transferred) label 1
[Check] Sample budget = 60000
[Check] Sum of instance estimates = 8659.00, Global estimate = 8659.00, Ratio = 1.00
[Info] Appended instance results for query_3_21.graph to CSV in long format.
Global Estimated Value: 8659.00
/home/wangshuo/projects/PROXY/datasets/amazon/query_graph_count/query_3_21.graph Finished!


Start Processing /home/wangshuo/projects/PROXY/datasets/amazon/query_graph_count/query_3_22.graph for core instances with query nodes: 1 2 
[Info] Auto-selected query root index 2 with (transferred) label 3
[Check] Sample budget = 60000
[Check] Sum of instance estimates = 9040.00, Global estimate = 9040.00, Ratio = 1.00
[Info] Appended instance results for query_3_22.graph to CSV in long format.
Global Estimated Value: 9040.00
/home/wangshuo/projects/PROXY/datasets/amazon/query_graph_count/query_3_22.graph Finished!


Start Processing /home/wangshuo/projects/PROXY/datasets/amazon/query_graph_count/query_3_23.graph for core instances with query nodes: 2 
[Info] Auto-selected query root index 1 with (transferred) label 6
[Check] Sample budget = 60000
[Check] Sum of instance estimates = 12696.00, Global estimate = 12696.00, Ratio = 1.00
[Info] Appended instance results for query_3_23.graph to CSV in long format.
Global Estimated Value: 12696.00
/home/wangshuo/projects/PROXY/datasets/amazon/query_graph_count/query_3_23.graph Finished!


Start Processing /home/wangshuo/projects/PROXY/datasets/amazon/query_graph_count/query_3_24.graph for core instances with query nodes: 0 
[Info] Auto-selected query root index 1 with (transferred) label 6
[Check] Sample budget = 60000
[Check] Sum of instance estimates = 12485.00, Global estimate = 12485.00, Ratio = 1.00
[Info] Appended instance results for query_3_24.graph to CSV in long format.
Global Estimated Value: 12485.00
/home/wangshuo/projects/PROXY/datasets/amazon/query_graph_count/query_3_24.graph Finished!


Start Processing /home/wangshuo/projects/PROXY/datasets/amazon/query_graph_count/query_3_25.graph for core instances with query nodes: 0 1 
[Info] Auto-selected query root index 0 with (transferred) label 1
[Check] Sample budget = 60000
[Check] Sum of instance estimates = 8630.00, Global estimate = 8630.00, Ratio = 1.00
[Info] Appended instance results for query_3_25.graph to CSV in long format.
Global Estimated Value: 8630.00
/home/wangshuo/projects/PROXY/datasets/amazon/query_graph_count/query_3_25.graph Finished!


Start Processing /home/wangshuo/projects/PROXY/datasets/amazon/query_graph_count/query_3_26.graph for core instances with query nodes: 0 2 
[Info] Auto-selected query root index 1 with (transferred) label 6
[Check] Sample budget = 60000
[Check] Sum of instance estimates = 12669.78, Global estimate = 12669.78, Ratio = 1.00
[Info] Appended instance results for query_3_26.graph to CSV in long format.
Global Estimated Value: 12669.78
/home/wangshuo/projects/PROXY/datasets/amazon/query_graph_count/query_3_26.graph Finished!


Start Processing /home/wangshuo/projects/PROXY/datasets/amazon/query_graph_count/query_3_27.graph for core instances with query nodes: 0 1 
[Info] Auto-selected query root index 2 with (transferred) label 6
[Check] Sample budget = 60000
[Check] Sum of instance estimates = 12736.62, Global estimate = 12736.62, Ratio = 1.00
[Info] Appended instance results for query_3_27.graph to CSV in long format.
Global Estimated Value: 12736.62
/home/wangshuo/projects/PROXY/datasets/amazon/query_graph_count/query_3_27.graph Finished!


Start Processing /home/wangshuo/projects/PROXY/datasets/amazon/query_graph_count/query_3_28.graph for core instances with query nodes: 1 2 
[Info] Auto-selected query root index 2 with (transferred) label 3
[Check] Sample budget = 60000
[Check] Sum of instance estimates = 8987.00, Global estimate = 8987.00, Ratio = 1.00
[Info] Appended instance results for query_3_28.graph to CSV in long format.
Global Estimated Value: 8987.00
/home/wangshuo/projects/PROXY/datasets/amazon/query_graph_count/query_3_28.graph Finished!


Start Processing /home/wangshuo/projects/PROXY/datasets/amazon/query_graph_count/query_3_29.graph for core instances with query nodes: 0 1 
[Info] Auto-selected query root index 0 with (transferred) label 3
[Check] Sample budget = 60000
[Check] Sum of instance estimates = 8894.00, Global estimate = 8894.00, Ratio = 1.00
[Info] Appended instance results for query_3_29.graph to CSV in long format.
Global Estimated Value: 8894.00
/home/wangshuo/projects/PROXY/datasets/amazon/query_graph_count/query_3_29.graph Finished!


Start Processing /home/wangshuo/projects/PROXY/datasets/amazon/query_graph_count/query_3_3.graph for core instances with query nodes: 0 2 
[Info] Auto-selected query root index 2 with (transferred) label 2
[Check] Sample budget = 60000
[Check] Sum of instance estimates = 8509.00, Global estimate = 8509.00, Ratio = 1.00
[Info] Appended instance results for query_3_3.graph to CSV in long format.
Global Estimated Value: 8509.00
/home/wangshuo/projects/PROXY/datasets/amazon/query_graph_count/query_3_3.graph Finished!


Start Processing /home/wangshuo/projects/PROXY/datasets/amazon/query_graph_count/query_3_30.graph for core instances with query nodes: 1 2 
[Info] Auto-selected query root index 1 with (transferred) label 3
[Check] Sample budget = 60000
[Check] Sum of instance estimates = 8987.00, Global estimate = 8987.00, Ratio = 1.00
[Info] Appended instance results for query_3_30.graph to CSV in long format.
Global Estimated Value: 8987.00
/home/wangshuo/projects/PROXY/datasets/amazon/query_graph_count/query_3_30.graph Finished!


Start Processing /home/wangshuo/projects/PROXY/datasets/amazon/query_graph_count/query_3_31.graph for core instances with query nodes: 0 2 
[Info] Auto-selected query root index 0 with (transferred) label 4
[Check] Sample budget = 60000
[Check] Sum of instance estimates = 8565.00, Global estimate = 8565.00, Ratio = 1.00
[Info] Appended instance results for query_3_31.graph to CSV in long format.
Global Estimated Value: 8565.00
/home/wangshuo/projects/PROXY/datasets/amazon/query_graph_count/query_3_31.graph Finished!


Start Processing /home/wangshuo/projects/PROXY/datasets/amazon/query_graph_count/query_3_32.graph for core instances with query nodes: 0 2 
[Info] Auto-selected query root index 1 with (transferred) label 6
[Check] Sample budget = 60000
[Check] Sum of instance estimates = 12741.46, Global estimate = 12741.46, Ratio = 1.00
[Info] Appended instance results for query_3_32.graph to CSV in long format.
Global Estimated Value: 12741.46
/home/wangshuo/projects/PROXY/datasets/amazon/query_graph_count/query_3_32.graph Finished!


Start Processing /home/wangshuo/projects/PROXY/datasets/amazon/query_graph_count/query_3_33.graph for core instances with query nodes: 0 2 
[Info] Auto-selected query root index 2 with (transferred) label 2
[Check] Sample budget = 60000
[Check] Sum of instance estimates = 8509.00, Global estimate = 8509.00, Ratio = 1.00
[Info] Appended instance results for query_3_33.graph to CSV in long format.
Global Estimated Value: 8509.00
/home/wangshuo/projects/PROXY/datasets/amazon/query_graph_count/query_3_33.graph Finished!


Start Processing /home/wangshuo/projects/PROXY/datasets/amazon/query_graph_count/query_3_34.graph for core instances with query nodes: 0 2 
[Info] Auto-selected query root index 1 with (transferred) label 6
[Check] Sample budget = 60000
[Check] Sum of instance estimates = 12734.21, Global estimate = 12734.21, Ratio = 1.00
[Info] Appended instance results for query_3_34.graph to CSV in long format.
Global Estimated Value: 12734.21
/home/wangshuo/projects/PROXY/datasets/amazon/query_graph_count/query_3_34.graph Finished!


Start Processing /home/wangshuo/projects/PROXY/datasets/amazon/query_graph_count/query_3_35.graph for core instances with query nodes: 2 
[Info] Auto-selected query root index 0 with (transferred) label 6
[Check] Sample budget = 60000
[Check] Sum of instance estimates = 12463.00, Global estimate = 12463.00, Ratio = 1.00
[Info] Appended instance results for query_3_35.graph to CSV in long format.
Global Estimated Value: 12463.00
/home/wangshuo/projects/PROXY/datasets/amazon/query_graph_count/query_3_35.graph Finished!


Start Processing /home/wangshuo/projects/PROXY/datasets/amazon/query_graph_count/query_3_36.graph for core instances with query nodes: 0 1 
[Info] Auto-selected query root index 0 with (transferred) label 1
[Check] Sample budget = 60000
[Check] Sum of instance estimates = 8630.00, Global estimate = 8630.00, Ratio = 1.00
[Info] Appended instance results for query_3_36.graph to CSV in long format.
Global Estimated Value: 8630.00
/home/wangshuo/projects/PROXY/datasets/amazon/query_graph_count/query_3_36.graph Finished!


Start Processing /home/wangshuo/projects/PROXY/datasets/amazon/query_graph_count/query_3_37.graph for core instances with query nodes: 0 1 
[Info] Auto-selected query root index 0 with (transferred) label 0
[Check] Sample budget = 60000
[Check] Sum of instance estimates = 8130.00, Global estimate = 8130.00, Ratio = 1.00
[Info] Appended instance results for query_3_37.graph to CSV in long format.
Global Estimated Value: 8130.00
/home/wangshuo/projects/PROXY/datasets/amazon/query_graph_count/query_3_37.graph Finished!


Start Processing /home/wangshuo/projects/PROXY/datasets/amazon/query_graph_count/query_3_38.graph for core instances with query nodes: 1 2 
[Info] Auto-selected query root index 2 with (transferred) label 0
[Check] Sample budget = 60000
[Check] Sum of instance estimates = 8376.00, Global estimate = 8376.00, Ratio = 1.00
[Info] Appended instance results for query_3_38.graph to CSV in long format.
Global Estimated Value: 8376.00
/home/wangshuo/projects/PROXY/datasets/amazon/query_graph_count/query_3_38.graph Finished!


Start Processing /home/wangshuo/projects/PROXY/datasets/amazon/query_graph_count/query_3_39.graph for core instances with query nodes: 0 1 
[Info] Auto-selected query root index 0 with (transferred) label 1
[Check] Sample budget = 60000
[Check] Sum of instance estimates = 8630.00, Global estimate = 8630.00, Ratio = 1.00
[Info] Appended instance results for query_3_39.graph to CSV in long format.
Global Estimated Value: 8630.00
/home/wangshuo/projects/PROXY/datasets/amazon/query_graph_count/query_3_39.graph Finished!


Start Processing /home/wangshuo/projects/PROXY/datasets/amazon/query_graph_count/query_3_4.graph for core instances with query nodes: 0 2 
[Info] Auto-selected query root index 0 with (transferred) label 4
[Check] Sample budget = 60000
[Check] Sum of instance estimates = 8565.00, Global estimate = 8565.00, Ratio = 1.00
[Info] Appended instance results for query_3_4.graph to CSV in long format.
Global Estimated Value: 8565.00
/home/wangshuo/projects/PROXY/datasets/amazon/query_graph_count/query_3_4.graph Finished!


Start Processing /home/wangshuo/projects/PROXY/datasets/amazon/query_graph_count/query_3_40.graph for core instances with query nodes: 1 2 
[Info] Auto-selected query root index 2 with (transferred) label 2
[Check] Sample budget = 60000
[Check] Sum of instance estimates = 8472.00, Global estimate = 8472.00, Ratio = 1.00
[Info] Appended instance results for query_3_40.graph to CSV in long format.
Global Estimated Value: 8472.00
/home/wangshuo/projects/PROXY/datasets/amazon/query_graph_count/query_3_40.graph Finished!


Start Processing /home/wangshuo/projects/PROXY/datasets/amazon/query_graph_count/query_3_41.graph for core instances with query nodes: 0 2 
[Info] Auto-selected query root index 2 with (transferred) label 1
[Check] Sample budget = 60000
[Check] Sum of instance estimates = 8659.00, Global estimate = 8659.00, Ratio = 1.00
[Info] Appended instance results for query_3_41.graph to CSV in long format.
Global Estimated Value: 8659.00
/home/wangshuo/projects/PROXY/datasets/amazon/query_graph_count/query_3_41.graph Finished!


Start Processing /home/wangshuo/projects/PROXY/datasets/amazon/query_graph_count/query_3_42.graph for core instances with query nodes: 1 
[Info] Auto-selected query root index 2 with (transferred) label 6
[Check] Sample budget = 60000
[Check] Sum of instance estimates = 12463.00, Global estimate = 12463.00, Ratio = 1.00
[Info] Appended instance results for query_3_42.graph to CSV in long format.
Global Estimated Value: 12463.00
/home/wangshuo/projects/PROXY/datasets/amazon/query_graph_count/query_3_42.graph Finished!


Start Processing /home/wangshuo/projects/PROXY/datasets/amazon/query_graph_count/query_3_43.graph for core instances with query nodes: 0 2 
[Info] Auto-selected query root index 2 with (transferred) label 2
[Check] Sample budget = 60000
[Check] Sum of instance estimates = 8503.00, Global estimate = 8503.00, Ratio = 1.00
[Info] Appended instance results for query_3_43.graph to CSV in long format.
Global Estimated Value: 8503.00
/home/wangshuo/projects/PROXY/datasets/amazon/query_graph_count/query_3_43.graph Finished!


Start Processing /home/wangshuo/projects/PROXY/datasets/amazon/query_graph_count/query_3_44.graph for core instances with query nodes: 1 2 
[Info] Auto-selected query root index 1 with (transferred) label 4
[Check] Sample budget = 60000
[Check] Sum of instance estimates = 8641.00, Global estimate = 8641.00, Ratio = 1.00
[Info] Appended instance results for query_3_44.graph to CSV in long format.
Global Estimated Value: 8641.00
/home/wangshuo/projects/PROXY/datasets/amazon/query_graph_count/query_3_44.graph Finished!


Start Processing /home/wangshuo/projects/PROXY/datasets/amazon/query_graph_count/query_3_45.graph for core instances with query nodes: 0 2 
[Info] Auto-selected query root index 0 with (transferred) label 3
[Check] Sample budget = 60000
[Check] Sum of instance estimates = 9040.00, Global estimate = 9040.00, Ratio = 1.00
[Info] Appended instance results for query_3_45.graph to CSV in long format.
Global Estimated Value: 9040.00
/home/wangshuo/projects/PROXY/datasets/amazon/query_graph_count/query_3_45.graph Finished!


Start Processing /home/wangshuo/projects/PROXY/datasets/amazon/query_graph_count/query_3_46.graph for core instances with query nodes: 1 2 
[Info] Auto-selected query root index 1 with (transferred) label 3
[Check] Sample budget = 60000
[Check] Sum of instance estimates = 9040.00, Global estimate = 9040.00, Ratio = 1.00
[Info] Appended instance results for query_3_46.graph to CSV in long format.
Global Estimated Value: 9040.00
/home/wangshuo/projects/PROXY/datasets/amazon/query_graph_count/query_3_46.graph Finished!


Start Processing /home/wangshuo/projects/PROXY/datasets/amazon/query_graph_count/query_3_47.graph for core instances with query nodes: 1 2 
[Info] Auto-selected query root index 1 with (transferred) label 2
[Check] Sample budget = 60000
[Check] Sum of instance estimates = 8472.00, Global estimate = 8472.00, Ratio = 1.00
[Info] Appended instance results for query_3_47.graph to CSV in long format.
Global Estimated Value: 8472.00
/home/wangshuo/projects/PROXY/datasets/amazon/query_graph_count/query_3_47.graph Finished!


Start Processing /home/wangshuo/projects/PROXY/datasets/amazon/query_graph_count/query_3_48.graph for core instances with query nodes: 0 2 
[Info] Auto-selected query root index 2 with (transferred) label 3
[Check] Sample budget = 60000
[Check] Sum of instance estimates = 9040.00, Global estimate = 9040.00, Ratio = 1.00
[Info] Appended instance results for query_3_48.graph to CSV in long format.
Global Estimated Value: 9040.00
/home/wangshuo/projects/PROXY/datasets/amazon/query_graph_count/query_3_48.graph Finished!


Start Processing /home/wangshuo/projects/PROXY/datasets/amazon/query_graph_count/query_3_49.graph for core instances with query nodes: 0 2 
[Info] Auto-selected query root index 2 with (transferred) label 0
[Check] Sample budget = 60000
[Check] Sum of instance estimates = 8239.00, Global estimate = 8239.00, Ratio = 1.00
[Info] Appended instance results for query_3_49.graph to CSV in long format.
Global Estimated Value: 8239.00
/home/wangshuo/projects/PROXY/datasets/amazon/query_graph_count/query_3_49.graph Finished!


Start Processing /home/wangshuo/projects/PROXY/datasets/amazon/query_graph_count/query_3_5.graph for core instances with query nodes: 0 
[Info] Auto-selected query root index 1 with (transferred) label 6
[Check] Sample budget = 60000
[Check] Sum of instance estimates = 12696.00, Global estimate = 12696.00, Ratio = 1.00
[Info] Appended instance results for query_3_5.graph to CSV in long format.
Global Estimated Value: 12696.00
/home/wangshuo/projects/PROXY/datasets/amazon/query_graph_count/query_3_5.graph Finished!


Start Processing /home/wangshuo/projects/PROXY/datasets/amazon/query_graph_count/query_3_50.graph for core instances with query nodes: 1 2 
[Info] Auto-selected query root index 1 with (transferred) label 0
[Check] Sample budget = 60000
[Check] Sum of instance estimates = 8239.00, Global estimate = 8239.00, Ratio = 1.00
[Info] Appended instance results for query_3_50.graph to CSV in long format.
Global Estimated Value: 8239.00
/home/wangshuo/projects/PROXY/datasets/amazon/query_graph_count/query_3_50.graph Finished!


Start Processing /home/wangshuo/projects/PROXY/datasets/amazon/query_graph_count/query_3_51.graph for core instances with query nodes: 1 2 
[Info] Auto-selected query root index 2 with (transferred) label 4
[Check] Sample budget = 60000
[Check] Sum of instance estimates = 8432.00, Global estimate = 8432.00, Ratio = 1.00
[Info] Appended instance results for query_3_51.graph to CSV in long format.
Global Estimated Value: 8432.00
/home/wangshuo/projects/PROXY/datasets/amazon/query_graph_count/query_3_51.graph Finished!


Start Processing /home/wangshuo/projects/PROXY/datasets/amazon/query_graph_count/query_3_52.graph for core instances with query nodes: 1 
[Info] Auto-selected query root index 2 with (transferred) label 6
[Check] Sample budget = 60000
[Check] Sum of instance estimates = 12399.00, Global estimate = 12399.00, Ratio = 1.00
[Info] Appended instance results for query_3_52.graph to CSV in long format.
Global Estimated Value: 12399.00
/home/wangshuo/projects/PROXY/datasets/amazon/query_graph_count/query_3_52.graph Finished!


Start Processing /home/wangshuo/projects/PROXY/datasets/amazon/query_graph_count/query_3_53.graph for core instances with query nodes: 0 1 
[Info] Auto-selected query root index 1 with (transferred) label 1
[Check] Sample budget = 60000
[Check] Sum of instance estimates = 8630.00, Global estimate = 8630.00, Ratio = 1.00
[Info] Appended instance results for query_3_53.graph to CSV in long format.
Global Estimated Value: 8630.00
/home/wangshuo/projects/PROXY/datasets/amazon/query_graph_count/query_3_53.graph Finished!


Start Processing /home/wangshuo/projects/PROXY/datasets/amazon/query_graph_count/query_3_54.graph for core instances with query nodes: 0 2 
[Info] Auto-selected query root index 0 with (transferred) label 0
[Check] Sample budget = 60000
[Check] Sum of instance estimates = 8239.00, Global estimate = 8239.00, Ratio = 1.00
[Info] Appended instance results for query_3_54.graph to CSV in long format.
Global Estimated Value: 8239.00
/home/wangshuo/projects/PROXY/datasets/amazon/query_graph_count/query_3_54.graph Finished!


Start Processing /home/wangshuo/projects/PROXY/datasets/amazon/query_graph_count/query_3_55.graph for core instances with query nodes: 0 1 
[Info] Auto-selected query root index 0 with (transferred) label 3
[Check] Sample budget = 60000
[Check] Sum of instance estimates = 8997.00, Global estimate = 8997.00, Ratio = 1.00
[Info] Appended instance results for query_3_55.graph to CSV in long format.
Global Estimated Value: 8997.00
/home/wangshuo/projects/PROXY/datasets/amazon/query_graph_count/query_3_55.graph Finished!


Start Processing /home/wangshuo/projects/PROXY/datasets/amazon/query_graph_count/query_3_56.graph for core instances with query nodes: 2 
[Info] Auto-selected query root index 1 with (transferred) label 6
[Check] Sample budget = 60000
[Check] Sum of instance estimates = 12399.00, Global estimate = 12399.00, Ratio = 1.00
[Info] Appended instance results for query_3_56.graph to CSV in long format.
Global Estimated Value: 12399.00
/home/wangshuo/projects/PROXY/datasets/amazon/query_graph_count/query_3_56.graph Finished!


Start Processing /home/wangshuo/projects/PROXY/datasets/amazon/query_graph_count/query_3_57.graph for core instances with query nodes: 2 
[Info] Auto-selected query root index 1 with (transferred) label 6
[Check] Sample budget = 60000
[Check] Sum of instance estimates = 12485.00, Global estimate = 12485.00, Ratio = 1.00
[Info] Appended instance results for query_3_57.graph to CSV in long format.
Global Estimated Value: 12485.00
/home/wangshuo/projects/PROXY/datasets/amazon/query_graph_count/query_3_57.graph Finished!


Start Processing /home/wangshuo/projects/PROXY/datasets/amazon/query_graph_count/query_3_58.graph for core instances with query nodes: 0 2 
[Info] Auto-selected query root index 0 with (transferred) label 4
[Check] Sample budget = 60000
[Check] Sum of instance estimates = 8641.00, Global estimate = 8641.00, Ratio = 1.00
[Info] Appended instance results for query_3_58.graph to CSV in long format.
Global Estimated Value: 8641.00
/home/wangshuo/projects/PROXY/datasets/amazon/query_graph_count/query_3_58.graph Finished!


Start Processing /home/wangshuo/projects/PROXY/datasets/amazon/query_graph_count/query_3_59.graph for core instances with query nodes: 2 
[Info] Auto-selected query root index 1 with (transferred) label 6
[Check] Sample budget = 60000
[Check] Sum of instance estimates = 12653.00, Global estimate = 12653.00, Ratio = 1.00
[Info] Appended instance results for query_3_59.graph to CSV in long format.
Global Estimated Value: 12653.00
/home/wangshuo/projects/PROXY/datasets/amazon/query_graph_count/query_3_59.graph Finished!


Start Processing /home/wangshuo/projects/PROXY/datasets/amazon/query_graph_count/query_3_6.graph for core instances with query nodes: 1 2 
[Info] Auto-selected query root index 2 with (transferred) label 4
[Check] Sample budget = 60000
[Check] Sum of instance estimates = 8673.00, Global estimate = 8673.00, Ratio = 1.00
[Info] Appended instance results for query_3_6.graph to CSV in long format.
Global Estimated Value: 8673.00
/home/wangshuo/projects/PROXY/datasets/amazon/query_graph_count/query_3_6.graph Finished!


Start Processing /home/wangshuo/projects/PROXY/datasets/amazon/query_graph_count/query_3_60.graph for core instances with query nodes: 0 2 
[Info] Auto-selected query root index 1 with (transferred) label 6
[Check] Sample budget = 60000
[Check] Sum of instance estimates = 12850.72, Global estimate = 12850.72, Ratio = 1.00
[Info] Appended instance results for query_3_60.graph to CSV in long format.
Global Estimated Value: 12850.72
/home/wangshuo/projects/PROXY/datasets/amazon/query_graph_count/query_3_60.graph Finished!


Start Processing /home/wangshuo/projects/PROXY/datasets/amazon/query_graph_count/query_3_61.graph for core instances with query nodes: 0 2 
[Info] Auto-selected query root index 2 with (transferred) label 0
[Check] Sample budget = 60000
[Check] Sum of instance estimates = 8239.00, Global estimate = 8239.00, Ratio = 1.00
[Info] Appended instance results for query_3_61.graph to CSV in long format.
Global Estimated Value: 8239.00
/home/wangshuo/projects/PROXY/datasets/amazon/query_graph_count/query_3_61.graph Finished!


Start Processing /home/wangshuo/projects/PROXY/datasets/amazon/query_graph_count/query_3_62.graph for core instances with query nodes: 1 2 
[Info] Auto-selected query root index 2 with (transferred) label 1
[Check] Sample budget = 60000
[Check] Sum of instance estimates = 8576.00, Global estimate = 8576.00, Ratio = 1.00
[Info] Appended instance results for query_3_62.graph to CSV in long format.
Global Estimated Value: 8576.00
/home/wangshuo/projects/PROXY/datasets/amazon/query_graph_count/query_3_62.graph Finished!


Start Processing /home/wangshuo/projects/PROXY/datasets/amazon/query_graph_count/query_3_63.graph for core instances with query nodes: 0 2 
[Info] Auto-selected query root index 0 with (transferred) label 0
[Check] Sample budget = 60000
[Check] Sum of instance estimates = 8239.00, Global estimate = 8239.00, Ratio = 1.00
[Info] Appended instance results for query_3_63.graph to CSV in long format.
Global Estimated Value: 8239.00
/home/wangshuo/projects/PROXY/datasets/amazon/query_graph_count/query_3_63.graph Finished!


Start Processing /home/wangshuo/projects/PROXY/datasets/amazon/query_graph_count/query_3_64.graph for core instances with query nodes: 2 
[Info] Auto-selected query root index 1 with (transferred) label 6
[Check] Sample budget = 60000
[Check] Sum of instance estimates = 12653.00, Global estimate = 12653.00, Ratio = 1.00
[Info] Appended instance results for query_3_64.graph to CSV in long format.
Global Estimated Value: 12653.00
/home/wangshuo/projects/PROXY/datasets/amazon/query_graph_count/query_3_64.graph Finished!


Start Processing /home/wangshuo/projects/PROXY/datasets/amazon/query_graph_count/query_3_65.graph for core instances with query nodes: 0 1 
[Info] Auto-selected query root index 0 with (transferred) label 4
[Check] Sample budget = 60000
[Check] Sum of instance estimates = 8432.00, Global estimate = 8432.00, Ratio = 1.00
[Info] Appended instance results for query_3_65.graph to CSV in long format.
Global Estimated Value: 8432.00
/home/wangshuo/projects/PROXY/datasets/amazon/query_graph_count/query_3_65.graph Finished!


Start Processing /home/wangshuo/projects/PROXY/datasets/amazon/query_graph_count/query_3_66.graph for core instances with query nodes: 0 1 
[Info] Auto-selected query root index 1 with (transferred) label 0
[Check] Sample budget = 60000
[Check] Sum of instance estimates = 8130.00, Global estimate = 8130.00, Ratio = 1.00
[Info] Appended instance results for query_3_66.graph to CSV in long format.
Global Estimated Value: 8130.00
/home/wangshuo/projects/PROXY/datasets/amazon/query_graph_count/query_3_66.graph Finished!


Start Processing /home/wangshuo/projects/PROXY/datasets/amazon/query_graph_count/query_3_67.graph for core instances with query nodes: 0 
[Info] Auto-selected query root index 1 with (transferred) label 6
[Check] Sample budget = 60000
[Check] Sum of instance estimates = 12463.00, Global estimate = 12463.00, Ratio = 1.00
[Info] Appended instance results for query_3_67.graph to CSV in long format.
Global Estimated Value: 12463.00
/home/wangshuo/projects/PROXY/datasets/amazon/query_graph_count/query_3_67.graph Finished!


Start Processing /home/wangshuo/projects/PROXY/datasets/amazon/query_graph_count/query_3_68.graph for core instances with query nodes: 0 2 
[Info] Auto-selected query root index 1 with (transferred) label 6
[Check] Sample budget = 60000
[Check] Sum of instance estimates = 12466.53, Global estimate = 12466.53, Ratio = 1.00
[Info] Appended instance results for query_3_68.graph to CSV in long format.
Global Estimated Value: 12466.53
/home/wangshuo/projects/PROXY/datasets/amazon/query_graph_count/query_3_68.graph Finished!


Start Processing /home/wangshuo/projects/PROXY/datasets/amazon/query_graph_count/query_3_69.graph for core instances with query nodes: 1 2 
[Info] Auto-selected query root index 2 with (transferred) label 3
[Check] Sample budget = 60000
[Check] Sum of instance estimates = 9005.00, Global estimate = 9005.00, Ratio = 1.00
[Info] Appended instance results for query_3_69.graph to CSV in long format.
Global Estimated Value: 9005.00
/home/wangshuo/projects/PROXY/datasets/amazon/query_graph_count/query_3_69.graph Finished!


Start Processing /home/wangshuo/projects/PROXY/datasets/amazon/query_graph_count/query_3_7.graph for core instances with query nodes: 0 1 
[Info] Auto-selected query root index 1 with (transferred) label 3
[Check] Sample budget = 60000
[Check] Sum of instance estimates = 9040.00, Global estimate = 9040.00, Ratio = 1.00
[Info] Appended instance results for query_3_7.graph to CSV in long format.
Global Estimated Value: 9040.00
/home/wangshuo/projects/PROXY/datasets/amazon/query_graph_count/query_3_7.graph Finished!


Start Processing /home/wangshuo/projects/PROXY/datasets/amazon/query_graph_count/query_3_70.graph for core instances with query nodes: 0 
[Info] Auto-selected query root index 1 with (transferred) label 6
[Check] Sample budget = 60000
[Check] Sum of instance estimates = 12463.00, Global estimate = 12463.00, Ratio = 1.00
[Info] Appended instance results for query_3_70.graph to CSV in long format.
Global Estimated Value: 12463.00
/home/wangshuo/projects/PROXY/datasets/amazon/query_graph_count/query_3_70.graph Finished!


Start Processing /home/wangshuo/projects/PROXY/datasets/amazon/query_graph_count/query_3_71.graph for core instances with query nodes: 0 
[Info] Auto-selected query root index 2 with (transferred) label 6
[Check] Sample budget = 60000
[Check] Sum of instance estimates = 12399.00, Global estimate = 12399.00, Ratio = 1.00
[Info] Appended instance results for query_3_71.graph to CSV in long format.
Global Estimated Value: 12399.00
/home/wangshuo/projects/PROXY/datasets/amazon/query_graph_count/query_3_71.graph Finished!


Start Processing /home/wangshuo/projects/PROXY/datasets/amazon/query_graph_count/query_3_72.graph for core instances with query nodes: 0 2 
[Info] Auto-selected query root index 1 with (transferred) label 6
[Check] Sample budget = 60000
[Check] Sum of instance estimates = 12446.28, Global estimate = 12446.28, Ratio = 1.00
[Info] Appended instance results for query_3_72.graph to CSV in long format.
Global Estimated Value: 12446.28
/home/wangshuo/projects/PROXY/datasets/amazon/query_graph_count/query_3_72.graph Finished!


Start Processing /home/wangshuo/projects/PROXY/datasets/amazon/query_graph_count/query_3_73.graph for core instances with query nodes: 1 2 
[Info] Auto-selected query root index 1 with (transferred) label 4
[Check] Sample budget = 60000
[Check] Sum of instance estimates = 8673.00, Global estimate = 8673.00, Ratio = 1.00
[Info] Appended instance results for query_3_73.graph to CSV in long format.
Global Estimated Value: 8673.00
/home/wangshuo/projects/PROXY/datasets/amazon/query_graph_count/query_3_73.graph Finished!


Start Processing /home/wangshuo/projects/PROXY/datasets/amazon/query_graph_count/query_3_74.graph for core instances with query nodes: 1 2 
[Info] Auto-selected query root index 2 with (transferred) label 3
[Check] Sample budget = 60000
[Check] Sum of instance estimates = 9040.00, Global estimate = 9040.00, Ratio = 1.00
[Info] Appended instance results for query_3_74.graph to CSV in long format.
Global Estimated Value: 9040.00
/home/wangshuo/projects/PROXY/datasets/amazon/query_graph_count/query_3_74.graph Finished!


Start Processing /home/wangshuo/projects/PROXY/datasets/amazon/query_graph_count/query_3_75.graph for core instances with query nodes: 2 
[Info] Auto-selected query root index 1 with (transferred) label 6
[Check] Sample budget = 60000
[Check] Sum of instance estimates = 12485.00, Global estimate = 12485.00, Ratio = 1.00
[Info] Appended instance results for query_3_75.graph to CSV in long format.
Global Estimated Value: 12485.00
/home/wangshuo/projects/PROXY/datasets/amazon/query_graph_count/query_3_75.graph Finished!


Start Processing /home/wangshuo/projects/PROXY/datasets/amazon/query_graph_count/query_3_76.graph for core instances with query nodes: 2 
[Info] Auto-selected query root index 0 with (transferred) label 6
[Check] Sample budget = 60000
[Check] Sum of instance estimates = 12696.00, Global estimate = 12696.00, Ratio = 1.00
[Info] Appended instance results for query_3_76.graph to CSV in long format.
Global Estimated Value: 12696.00
/home/wangshuo/projects/PROXY/datasets/amazon/query_graph_count/query_3_76.graph Finished!


Start Processing /home/wangshuo/projects/PROXY/datasets/amazon/query_graph_count/query_3_77.graph for core instances with query nodes: 2 
[Info] Auto-selected query root index 1 with (transferred) label 6
[Check] Sample budget = 60000
[Check] Sum of instance estimates = 12556.00, Global estimate = 12556.00, Ratio = 1.00
[Info] Appended instance results for query_3_77.graph to CSV in long format.
Global Estimated Value: 12556.00
/home/wangshuo/projects/PROXY/datasets/amazon/query_graph_count/query_3_77.graph Finished!


Start Processing /home/wangshuo/projects/PROXY/datasets/amazon/query_graph_count/query_3_78.graph for core instances with query nodes: 1 2 
[Info] Auto-selected query root index 1 with (transferred) label 2
[Check] Sample budget = 60000
[Check] Sum of instance estimates = 8503.00, Global estimate = 8503.00, Ratio = 1.00
[Info] Appended instance results for query_3_78.graph to CSV in long format.
Global Estimated Value: 8503.00
/home/wangshuo/projects/PROXY/datasets/amazon/query_graph_count/query_3_78.graph Finished!


Start Processing /home/wangshuo/projects/PROXY/datasets/amazon/query_graph_count/query_3_79.graph for core instances with query nodes: 0 1 
[Info] Auto-selected query root index 0 with (transferred) label 0
[Check] Sample budget = 60000
[Check] Sum of instance estimates = 8094.00, Global estimate = 8094.00, Ratio = 1.00
[Info] Appended instance results for query_3_79.graph to CSV in long format.
Global Estimated Value: 8094.00
/home/wangshuo/projects/PROXY/datasets/amazon/query_graph_count/query_3_79.graph Finished!


Start Processing /home/wangshuo/projects/PROXY/datasets/amazon/query_graph_count/query_3_8.graph for core instances with query nodes: 1 2 
[Info] Auto-selected query root index 2 with (transferred) label 1
[Check] Sample budget = 60000
[Check] Sum of instance estimates = 8674.00, Global estimate = 8674.00, Ratio = 1.00
[Info] Appended instance results for query_3_8.graph to CSV in long format.
Global Estimated Value: 8674.00
/home/wangshuo/projects/PROXY/datasets/amazon/query_graph_count/query_3_8.graph Finished!


Start Processing /home/wangshuo/projects/PROXY/datasets/amazon/query_graph_count/query_3_80.graph for core instances with query nodes: 0 2 
[Info] Auto-selected query root index 2 with (transferred) label 3
[Check] Sample budget = 60000
[Check] Sum of instance estimates = 9005.00, Global estimate = 9005.00, Ratio = 1.00
[Info] Appended instance results for query_3_80.graph to CSV in long format.
Global Estimated Value: 9005.00
/home/wangshuo/projects/PROXY/datasets/amazon/query_graph_count/query_3_80.graph Finished!


Start Processing /home/wangshuo/projects/PROXY/datasets/amazon/query_graph_count/query_3_81.graph for core instances with query nodes: 0 1 2 
[Info] Auto-selected query root index 2 with (transferred) label 3
[Check] Sample budget = 60000
[Check] Sum of instance estimates = 122462.14, Global estimate = 122462.14, Ratio = 1.00
[Info] Appended instance results for query_3_81.graph to CSV in long format.
Global Estimated Value: 122462.14
/home/wangshuo/projects/PROXY/datasets/amazon/query_graph_count/query_3_81.graph Finished!


Start Processing /home/wangshuo/projects/PROXY/datasets/amazon/query_graph_count/query_3_82.graph for core instances with query nodes: 1 2 
[Info] Auto-selected query root index 2 with (transferred) label 4
[Check] Sample budget = 60000
[Check] Sum of instance estimates = 8641.00, Global estimate = 8641.00, Ratio = 1.00
[Info] Appended instance results for query_3_82.graph to CSV in long format.
Global Estimated Value: 8641.00
/home/wangshuo/projects/PROXY/datasets/amazon/query_graph_count/query_3_82.graph Finished!


Start Processing /home/wangshuo/projects/PROXY/datasets/amazon/query_graph_count/query_3_83.graph for core instances with query nodes: 1 2 
[Info] Auto-selected query root index 0 with (transferred) label 6
[Check] Sample budget = 60000
[Check] Sum of instance estimates = 12459.06, Global estimate = 12459.06, Ratio = 1.00
[Info] Appended instance results for query_3_83.graph to CSV in long format.
Global Estimated Value: 12459.06
/home/wangshuo/projects/PROXY/datasets/amazon/query_graph_count/query_3_83.graph Finished!


Start Processing /home/wangshuo/projects/PROXY/datasets/amazon/query_graph_count/query_3_84.graph for core instances with query nodes: 2 
[Info] Auto-selected query root index 1 with (transferred) label 6
[Check] Sample budget = 60000
[Check] Sum of instance estimates = 12399.00, Global estimate = 12399.00, Ratio = 1.00
[Info] Appended instance results for query_3_84.graph to CSV in long format.
Global Estimated Value: 12399.00
/home/wangshuo/projects/PROXY/datasets/amazon/query_graph_count/query_3_84.graph Finished!


Start Processing /home/wangshuo/projects/PROXY/datasets/amazon/query_graph_count/query_3_85.graph for core instances with query nodes: 0 2 
[Info] Auto-selected query root index 2 with (transferred) label 2
[Check] Sample budget = 60000
[Check] Sum of instance estimates = 8509.00, Global estimate = 8509.00, Ratio = 1.00
[Info] Appended instance results for query_3_85.graph to CSV in long format.
Global Estimated Value: 8509.00
/home/wangshuo/projects/PROXY/datasets/amazon/query_graph_count/query_3_85.graph Finished!


Start Processing /home/wangshuo/projects/PROXY/datasets/amazon/query_graph_count/query_3_86.graph for core instances with query nodes: 0 2 
[Info] Auto-selected query root index 2 with (transferred) label 3
[Check] Sample budget = 60000
[Check] Sum of instance estimates = 8894.00, Global estimate = 8894.00, Ratio = 1.00
[Info] Appended instance results for query_3_86.graph to CSV in long format.
Global Estimated Value: 8894.00
/home/wangshuo/projects/PROXY/datasets/amazon/query_graph_count/query_3_86.graph Finished!


Start Processing /home/wangshuo/projects/PROXY/datasets/amazon/query_graph_count/query_3_87.graph for core instances with query nodes: 0 2 
[Info] Auto-selected query root index 0 with (transferred) label 0
[Check] Sample budget = 60000
[Check] Sum of instance estimates = 101903.00, Global estimate = 101903.00, Ratio = 1.00
[Info] Appended instance results for query_3_87.graph to CSV in long format.
Global Estimated Value: 101903.00
/home/wangshuo/projects/PROXY/datasets/amazon/query_graph_count/query_3_87.graph Finished!


Start Processing /home/wangshuo/projects/PROXY/datasets/amazon/query_graph_count/query_3_88.graph for core instances with query nodes: 0 2 
[Info] Auto-selected query root index 0 with (transferred) label 1
[Check] Sample budget = 60000
[Check] Sum of instance estimates = 8659.00, Global estimate = 8659.00, Ratio = 1.00
[Info] Appended instance results for query_3_88.graph to CSV in long format.
Global Estimated Value: 8659.00
/home/wangshuo/projects/PROXY/datasets/amazon/query_graph_count/query_3_88.graph Finished!


Start Processing /home/wangshuo/projects/PROXY/datasets/amazon/query_graph_count/query_3_89.graph for core instances with query nodes: 0 2 
[Info] Auto-selected query root index 0 with (transferred) label 0
[Check] Sample budget = 60000
[Check] Sum of instance estimates = 8239.00, Global estimate = 8239.00, Ratio = 1.00
[Info] Appended instance results for query_3_89.graph to CSV in long format.
Global Estimated Value: 8239.00
/home/wangshuo/projects/PROXY/datasets/amazon/query_graph_count/query_3_89.graph Finished!


Start Processing /home/wangshuo/projects/PROXY/datasets/amazon/query_graph_count/query_3_9.graph for core instances with query nodes: 1 2 
[Info] Auto-selected query root index 2 with (transferred) label 3
[Check] Sample budget = 60000
[Check] Sum of instance estimates = 9040.00, Global estimate = 9040.00, Ratio = 1.00
[Info] Appended instance results for query_3_9.graph to CSV in long format.
Global Estimated Value: 9040.00
/home/wangshuo/projects/PROXY/datasets/amazon/query_graph_count/query_3_9.graph Finished!


Start Processing /home/wangshuo/projects/PROXY/datasets/amazon/query_graph_count/query_3_90.graph for core instances with query nodes: 0 1 
[Info] Auto-selected query root index 0 with (transferred) label 0
[Check] Sample budget = 60000
[Check] Sum of instance estimates = 8230.00, Global estimate = 8230.00, Ratio = 1.00
[Info] Appended instance results for query_3_90.graph to CSV in long format.
Global Estimated Value: 8230.00
/home/wangshuo/projects/PROXY/datasets/amazon/query_graph_count/query_3_90.graph Finished!


Start Processing /home/wangshuo/projects/PROXY/datasets/amazon/query_graph_count/query_3_91.graph for core instances with query nodes: 2 
[Info] Auto-selected query root index 1 with (transferred) label 6
[Check] Sample budget = 60000
[Check] Sum of instance estimates = 12696.00, Global estimate = 12696.00, Ratio = 1.00
[Info] Appended instance results for query_3_91.graph to CSV in long format.
Global Estimated Value: 12696.00
/home/wangshuo/projects/PROXY/datasets/amazon/query_graph_count/query_3_91.graph Finished!


Start Processing /home/wangshuo/projects/PROXY/datasets/amazon/query_graph_count/query_3_92.graph for core instances with query nodes: 0 2 
[Info] Auto-selected query root index 2 with (transferred) label 3
[Check] Sample budget = 60000
[Check] Sum of instance estimates = 9040.00, Global estimate = 9040.00, Ratio = 1.00
[Info] Appended instance results for query_3_92.graph to CSV in long format.
Global Estimated Value: 9040.00
/home/wangshuo/projects/PROXY/datasets/amazon/query_graph_count/query_3_92.graph Finished!


Start Processing /home/wangshuo/projects/PROXY/datasets/amazon/query_graph_count/query_3_93.graph for core instances with query nodes: 0 2 
[Info] Auto-selected query root index 0 with (transferred) label 4
[Check] Sample budget = 60000
[Check] Sum of instance estimates = 8432.00, Global estimate = 8432.00, Ratio = 1.00
[Info] Appended instance results for query_3_93.graph to CSV in long format.
Global Estimated Value: 8432.00
/home/wangshuo/projects/PROXY/datasets/amazon/query_graph_count/query_3_93.graph Finished!


Start Processing /home/wangshuo/projects/PROXY/datasets/amazon/query_graph_count/query_3_94.graph for core instances with query nodes: 1 2 
[Info] Auto-selected query root index 1 with (transferred) label 2
[Check] Sample budget = 60000
[Check] Sum of instance estimates = 8503.00, Global estimate = 8503.00, Ratio = 1.00
[Info] Appended instance results for query_3_94.graph to CSV in long format.
Global Estimated Value: 8503.00
/home/wangshuo/projects/PROXY/datasets/amazon/query_graph_count/query_3_94.graph Finished!


Start Processing /home/wangshuo/projects/PROXY/datasets/amazon/query_graph_count/query_3_95.graph for core instances with query nodes: 1 2 
[Info] Auto-selected query root index 0 with (transferred) label 6
[Check] Sample budget = 60000
[Check] Sum of instance estimates = 12180.37, Global estimate = 12180.37, Ratio = 1.00
[Info] Appended instance results for query_3_95.graph to CSV in long format.
Global Estimated Value: 12180.37
/home/wangshuo/projects/PROXY/datasets/amazon/query_graph_count/query_3_95.graph Finished!


Start Processing /home/wangshuo/projects/PROXY/datasets/amazon/query_graph_count/query_3_96.graph for core instances with query nodes: 0 1 
[Info] Auto-selected query root index 0 with (transferred) label 1
[Check] Sample budget = 60000
[Check] Sum of instance estimates = 8576.00, Global estimate = 8576.00, Ratio = 1.00
[Info] Appended instance results for query_3_96.graph to CSV in long format.
Global Estimated Value: 8576.00
/home/wangshuo/projects/PROXY/datasets/amazon/query_graph_count/query_3_96.graph Finished!


Start Processing /home/wangshuo/projects/PROXY/datasets/amazon/query_graph_count/query_3_97.graph for core instances with query nodes: 0 2 
[Info] Auto-selected query root index 0 with (transferred) label 2
[Check] Sample budget = 60000
[Check] Sum of instance estimates = 8415.00, Global estimate = 8415.00, Ratio = 1.00
[Info] Appended instance results for query_3_97.graph to CSV in long format.
Global Estimated Value: 8415.00
/home/wangshuo/projects/PROXY/datasets/amazon/query_graph_count/query_3_97.graph Finished!


Start Processing /home/wangshuo/projects/PROXY/datasets/amazon/query_graph_count/query_3_98.graph for core instances with query nodes: 1 2 
[Info] Auto-selected query root index 1 with (transferred) label 0
[Check] Sample budget = 60000
[Check] Sum of instance estimates = 8094.00, Global estimate = 8094.00, Ratio = 1.00
[Info] Appended instance results for query_3_98.graph to CSV in long format.
Global Estimated Value: 8094.00
/home/wangshuo/projects/PROXY/datasets/amazon/query_graph_count/query_3_98.graph Finished!


Start Processing /home/wangshuo/projects/PROXY/datasets/amazon/query_graph_count/query_3_99.graph for core instances with query nodes: 1 2 
[Info] Auto-selected query root index 2 with (transferred) label 0
[Check] Sample budget = 60000
[Check] Sum of instance estimates = 8130.00, Global estimate = 8130.00, Ratio = 1.00
[Info] Appended instance results for query_3_99.graph to CSV in long format.
Global Estimated Value: 8130.00
/home/wangshuo/projects/PROXY/datasets/amazon/query_graph_count/query_3_99.graph Finished!


Start Processing /home/wangshuo/projects/PROXY/datasets/amazon/query_graph_count/query_4_0.graph for core instances with query nodes: 0 2 3 
[Info] Auto-selected query root index 3 with (transferred) label 1
[Check] Sample budget = 60000
[Check] Sum of instance estimates = 2462.95, Global estimate = 2462.95, Ratio = 1.00
[Info] Appended instance results for query_4_0.graph to CSV in long format.
Global Estimated Value: 2462.95
/home/wangshuo/projects/PROXY/datasets/amazon/query_graph_count/query_4_0.graph Finished!


Start Processing /home/wangshuo/projects/PROXY/datasets/amazon/query_graph_count/query_4_1.graph for core instances with query nodes: 2 3 
[Info] Auto-selected query root index 3 with (transferred) label 2
[Check] Sample budget = 60000
[Check] Sum of instance estimates = 111334.00, Global estimate = 111334.00, Ratio = 1.00
[Info] Appended instance results for query_4_1.graph to CSV in long format.
Global Estimated Value: 111334.00
/home/wangshuo/projects/PROXY/datasets/amazon/query_graph_count/query_4_1.graph Finished!


Start Processing /home/wangshuo/projects/PROXY/datasets/amazon/query_graph_count/query_4_10.graph for core instances with query nodes: 0 3 
[Info] Auto-selected query root index 3 with (transferred) label 4
[Check] Sample budget = 60000
[Check] Sum of instance estimates = 113236.00, Global estimate = 113236.00, Ratio = 1.00
[Info] Appended instance results for query_4_10.graph to CSV in long format.
Global Estimated Value: 113236.00
/home/wangshuo/projects/PROXY/datasets/amazon/query_graph_count/query_4_10.graph Finished!


Start Processing /home/wangshuo/projects/PROXY/datasets/amazon/query_graph_count/query_4_100.graph for core instances with query nodes: 0 2 3 
[Info] Auto-selected query root index 0 with (transferred) label 0
[Check] Sample budget = 60000
[Check] Sum of instance estimates = 2346.90, Global estimate = 2346.90, Ratio = 1.00
[Info] Appended instance results for query_4_100.graph to CSV in long format.
Global Estimated Value: 2346.90
/home/wangshuo/projects/PROXY/datasets/amazon/query_graph_count/query_4_100.graph Finished!


Start Processing /home/wangshuo/projects/PROXY/datasets/amazon/query_graph_count/query_4_101.graph for core instances with query nodes: 0 2 3 
[Info] Auto-selected query root index 3 with (transferred) label 3
[Check] Sample budget = 60000
[Check] Sum of instance estimates = 2595.53, Global estimate = 2595.53, Ratio = 1.00
[Info] Appended instance results for query_4_101.graph to CSV in long format.
Global Estimated Value: 2595.53
/home/wangshuo/projects/PROXY/datasets/amazon/query_graph_count/query_4_101.graph Finished!


Start Processing /home/wangshuo/projects/PROXY/datasets/amazon/query_graph_count/query_4_102.graph for core instances with query nodes: 1 3 
[Info] Auto-selected query root index 3 with (transferred) label 1
[Check] Sample budget = 60000
[Check] Sum of instance estimates = 2517.00, Global estimate = 2517.00, Ratio = 1.00
[Info] Appended instance results for query_4_102.graph to CSV in long format.
Global Estimated Value: 2517.00
/home/wangshuo/projects/PROXY/datasets/amazon/query_graph_count/query_4_102.graph Finished!


Start Processing /home/wangshuo/projects/PROXY/datasets/amazon/query_graph_count/query_4_103.graph for core instances with query nodes: 0 3 
[Info] Auto-selected query root index 3 with (transferred) label 1
[Check] Sample budget = 60000
[Check] Sum of instance estimates = 2491.00, Global estimate = 2491.00, Ratio = 1.00
[Info] Appended instance results for query_4_103.graph to CSV in long format.
Global Estimated Value: 2491.00
/home/wangshuo/projects/PROXY/datasets/amazon/query_graph_count/query_4_103.graph Finished!


Start Processing /home/wangshuo/projects/PROXY/datasets/amazon/query_graph_count/query_4_104.graph for core instances with query nodes: 1 2 
[Info] Auto-selected query root index 2 with (transferred) label 2
[Check] Sample budget = 60000
[Check] Sum of instance estimates = 110291.00, Global estimate = 110291.00, Ratio = 1.00
[Info] Appended instance results for query_4_104.graph to CSV in long format.
Global Estimated Value: 110291.00
/home/wangshuo/projects/PROXY/datasets/amazon/query_graph_count/query_4_104.graph Finished!


Start Processing /home/wangshuo/projects/PROXY/datasets/amazon/query_graph_count/query_4_105.graph for core instances with query nodes: 2 3 
[Info] Auto-selected query root index 3 with (transferred) label 2
[Check] Sample budget = 60000
[Check] Sum of instance estimates = 2425.00, Global estimate = 2425.00, Ratio = 1.00
[Info] Appended instance results for query_4_105.graph to CSV in long format.
Global Estimated Value: 2425.00
/home/wangshuo/projects/PROXY/datasets/amazon/query_graph_count/query_4_105.graph Finished!


Start Processing /home/wangshuo/projects/PROXY/datasets/amazon/query_graph_count/query_4_106.graph for core instances with query nodes: 2 3 
[Info] Auto-selected query root index 2 with (transferred) label 0
[Check] Sample budget = 60000
[Check] Sum of instance estimates = 2451.00, Global estimate = 2451.00, Ratio = 1.00
[Info] Appended instance results for query_4_106.graph to CSV in long format.
Global Estimated Value: 2451.00
/home/wangshuo/projects/PROXY/datasets/amazon/query_graph_count/query_4_106.graph Finished!


Start Processing /home/wangshuo/projects/PROXY/datasets/amazon/query_graph_count/query_4_107.graph for core instances with query nodes: 0 1 2 
[Info] Auto-selected query root index 1 with (transferred) label 0
[Check] Sample budget = 60000
[Check] Sum of instance estimates = 2381.63, Global estimate = 2381.63, Ratio = 1.00
[Info] Appended instance results for query_4_107.graph to CSV in long format.
Global Estimated Value: 2381.63
/home/wangshuo/projects/PROXY/datasets/amazon/query_graph_count/query_4_107.graph Finished!


Start Processing /home/wangshuo/projects/PROXY/datasets/amazon/query_graph_count/query_4_108.graph for core instances with query nodes: 0 1 
[Info] Auto-selected query root index 1 with (transferred) label 4
[Check] Sample budget = 60000
[Check] Sum of instance estimates = 2566.00, Global estimate = 2566.00, Ratio = 1.00
[Info] Appended instance results for query_4_108.graph to CSV in long format.
Global Estimated Value: 2566.00
/home/wangshuo/projects/PROXY/datasets/amazon/query_graph_count/query_4_108.graph Finished!


Start Processing /home/wangshuo/projects/PROXY/datasets/amazon/query_graph_count/query_4_109.graph for core instances with query nodes: 0 1 
[Info] Auto-selected query root index 0 with (transferred) label 4
[Check] Sample budget = 60000
[Check] Sum of instance estimates = 2491.00, Global estimate = 2491.00, Ratio = 1.00
[Info] Appended instance results for query_4_109.graph to CSV in long format.
Global Estimated Value: 2491.00
/home/wangshuo/projects/PROXY/datasets/amazon/query_graph_count/query_4_109.graph Finished!


Start Processing /home/wangshuo/projects/PROXY/datasets/amazon/query_graph_count/query_4_11.graph for core instances with query nodes: 0 1 3 
[Info] Auto-selected query root index 0 with (transferred) label 0
[Check] Sample budget = 60000
[Check] Sum of instance estimates = 2514.35, Global estimate = 2514.35, Ratio = 1.00
[Info] Appended instance results for query_4_11.graph to CSV in long format.
Global Estimated Value: 2514.35
/home/wangshuo/projects/PROXY/datasets/amazon/query_graph_count/query_4_11.graph Finished!


Start Processing /home/wangshuo/projects/PROXY/datasets/amazon/query_graph_count/query_4_110.graph for core instances with query nodes: 1 2 
[Info] Auto-selected query root index 2 with (transferred) label 2
[Check] Sample budget = 60000
[Check] Sum of instance estimates = 2431.00, Global estimate = 2431.00, Ratio = 1.00
[Info] Appended instance results for query_4_110.graph to CSV in long format.
Global Estimated Value: 2431.00
/home/wangshuo/projects/PROXY/datasets/amazon/query_graph_count/query_4_110.graph Finished!


Start Processing /home/wangshuo/projects/PROXY/datasets/amazon/query_graph_count/query_4_111.graph for core instances with query nodes: 0 1 
[Info] Auto-selected query root index 1 with (transferred) label 2
[Check] Sample budget = 60000
[Check] Sum of instance estimates = 104946.00, Global estimate = 104946.00, Ratio = 1.00
[Info] Appended instance results for query_4_111.graph to CSV in long format.
Global Estimated Value: 104946.00
/home/wangshuo/projects/PROXY/datasets/amazon/query_graph_count/query_4_111.graph Finished!


Start Processing /home/wangshuo/projects/PROXY/datasets/amazon/query_graph_count/query_4_112.graph for core instances with query nodes: 0 2 
[Info] Auto-selected query root index 2 with (transferred) label 4
[Check] Sample budget = 60000
[Check] Sum of instance estimates = 109448.00, Global estimate = 109448.00, Ratio = 1.00
[Info] Appended instance results for query_4_112.graph to CSV in long format.
Global Estimated Value: 109448.00
/home/wangshuo/projects/PROXY/datasets/amazon/query_graph_count/query_4_112.graph Finished!


Start Processing /home/wangshuo/projects/PROXY/datasets/amazon/query_graph_count/query_4_113.graph for core instances with query nodes: 2 3 
[Info] Auto-selected query root index 2 with (transferred) label 2
[Check] Sample budget = 60000
[Check] Sum of instance estimates = 2473.00, Global estimate = 2473.00, Ratio = 1.00
[Info] Appended instance results for query_4_113.graph to CSV in long format.
Global Estimated Value: 2473.00
/home/wangshuo/projects/PROXY/datasets/amazon/query_graph_count/query_4_113.graph Finished!


Start Processing /home/wangshuo/projects/PROXY/datasets/amazon/query_graph_count/query_4_114.graph for core instances with query nodes: 0 1 
[Info] Auto-selected query root index 1 with (transferred) label 2
[Check] Sample budget = 60000
[Check] Sum of instance estimates = 2534.00, Global estimate = 2534.00, Ratio = 1.00
[Info] Appended instance results for query_4_114.graph to CSV in long format.
Global Estimated Value: 2534.00
/home/wangshuo/projects/PROXY/datasets/amazon/query_graph_count/query_4_114.graph Finished!


Start Processing /home/wangshuo/projects/PROXY/datasets/amazon/query_graph_count/query_4_115.graph for core instances with query nodes: 1 2 
[Info] Auto-selected query root index 2 with (transferred) label 1
[Check] Sample budget = 60000
[Check] Sum of instance estimates = 114634.00, Global estimate = 114634.00, Ratio = 1.00
[Info] Appended instance results for query_4_115.graph to CSV in long format.
Global Estimated Value: 114634.00
/home/wangshuo/projects/PROXY/datasets/amazon/query_graph_count/query_4_115.graph Finished!


Start Processing /home/wangshuo/projects/PROXY/datasets/amazon/query_graph_count/query_4_116.graph for core instances with query nodes: 0 1 
[Info] Auto-selected query root index 1 with (transferred) label 3
[Check] Sample budget = 60000
[Check] Sum of instance estimates = 2680.00, Global estimate = 2680.00, Ratio = 1.00
[Info] Appended instance results for query_4_116.graph to CSV in long format.
Global Estimated Value: 2680.00
/home/wangshuo/projects/PROXY/datasets/amazon/query_graph_count/query_4_116.graph Finished!


Start Processing /home/wangshuo/projects/PROXY/datasets/amazon/query_graph_count/query_4_117.graph for core instances with query nodes: 2 3 
[Info] Auto-selected query root index 3 with (transferred) label 3
[Check] Sample budget = 60000
[Check] Sum of instance estimates = 2537.00, Global estimate = 2537.00, Ratio = 1.00
[Info] Appended instance results for query_4_117.graph to CSV in long format.
Global Estimated Value: 2537.00
/home/wangshuo/projects/PROXY/datasets/amazon/query_graph_count/query_4_117.graph Finished!


Start Processing /home/wangshuo/projects/PROXY/datasets/amazon/query_graph_count/query_4_118.graph for core instances with query nodes: 0 1 2 
[Info] Auto-selected query root index 0 with (transferred) label 3
[Check] Sample budget = 60000
[Check] Sum of instance estimates = 2527763.76, Global estimate = 2527763.76, Ratio = 1.00
[Info] Appended instance results for query_4_118.graph to CSV in long format.
Global Estimated Value: 2527763.76
/home/wangshuo/projects/PROXY/datasets/amazon/query_graph_count/query_4_118.graph Finished!


Start Processing /home/wangshuo/projects/PROXY/datasets/amazon/query_graph_count/query_4_119.graph for core instances with query nodes: 1 2 
[Info] Auto-selected query root index 1 with (transferred) label 1
[Check] Sample budget = 60000
[Check] Sum of instance estimates = 2534.00, Global estimate = 2534.00, Ratio = 1.00
[Info] Appended instance results for query_4_119.graph to CSV in long format.
Global Estimated Value: 2534.00
/home/wangshuo/projects/PROXY/datasets/amazon/query_graph_count/query_4_119.graph Finished!


Start Processing /home/wangshuo/projects/PROXY/datasets/amazon/query_graph_count/query_4_12.graph for core instances with query nodes: 1 3 
[Info] Auto-selected query root index 1 with (transferred) label 1
[Check] Sample budget = 60000
[Check] Sum of instance estimates = 114447.00, Global estimate = 114447.00, Ratio = 1.00
[Info] Appended instance results for query_4_12.graph to CSV in long format.
Global Estimated Value: 114447.00
/home/wangshuo/projects/PROXY/datasets/amazon/query_graph_count/query_4_12.graph Finished!


Start Processing /home/wangshuo/projects/PROXY/datasets/amazon/query_graph_count/query_4_120.graph for core instances with query nodes: 0 1 
[Info] Auto-selected query root index 0 with (transferred) label 1
[Check] Sample budget = 60000
[Check] Sum of instance estimates = 114369.00, Global estimate = 114369.00, Ratio = 1.00
[Info] Appended instance results for query_4_120.graph to CSV in long format.
Global Estimated Value: 114369.00
/home/wangshuo/projects/PROXY/datasets/amazon/query_graph_count/query_4_120.graph Finished!


Start Processing /home/wangshuo/projects/PROXY/datasets/amazon/query_graph_count/query_4_121.graph for core instances with query nodes: 0 2 
[Info] Auto-selected query root index 0 with (transferred) label 4
[Check] Sample budget = 60000
[Check] Sum of instance estimates = 108017.00, Global estimate = 108017.00, Ratio = 1.00
[Info] Appended instance results for query_4_121.graph to CSV in long format.
Global Estimated Value: 108017.00
/home/wangshuo/projects/PROXY/datasets/amazon/query_graph_count/query_4_121.graph Finished!


Start Processing /home/wangshuo/projects/PROXY/datasets/amazon/query_graph_count/query_4_122.graph for core instances with query nodes: 0 1 
[Info] Auto-selected query root index 0 with (transferred) label 0
[Check] Sample budget = 60000
[Check] Sum of instance estimates = 2470.00, Global estimate = 2470.00, Ratio = 1.00
[Info] Appended instance results for query_4_122.graph to CSV in long format.
Global Estimated Value: 2470.00
/home/wangshuo/projects/PROXY/datasets/amazon/query_graph_count/query_4_122.graph Finished!


Start Processing /home/wangshuo/projects/PROXY/datasets/amazon/query_graph_count/query_4_123.graph for core instances with query nodes: 0 2 
[Info] Auto-selected query root index 0 with (transferred) label 0
[Check] Sample budget = 60000
[Check] Sum of instance estimates = 2484.00, Global estimate = 2484.00, Ratio = 1.00
[Info] Appended instance results for query_4_123.graph to CSV in long format.
Global Estimated Value: 2484.00
/home/wangshuo/projects/PROXY/datasets/amazon/query_graph_count/query_4_123.graph Finished!


Start Processing /home/wangshuo/projects/PROXY/datasets/amazon/query_graph_count/query_4_124.graph for core instances with query nodes: 2 3 
[Info] Auto-selected query root index 3 with (transferred) label 1
[Check] Sample budget = 60000
[Check] Sum of instance estimates = 112092.00, Global estimate = 112092.00, Ratio = 1.00
[Info] Appended instance results for query_4_124.graph to CSV in long format.
Global Estimated Value: 112092.00
/home/wangshuo/projects/PROXY/datasets/amazon/query_graph_count/query_4_124.graph Finished!


Start Processing /home/wangshuo/projects/PROXY/datasets/amazon/query_graph_count/query_4_125.graph for core instances with query nodes: 0 1 3 
[Info] Auto-selected query root index 0 with (transferred) label 1
[Check] Sample budget = 60000
[Check] Sum of instance estimates = 2448.58, Global estimate = 2448.58, Ratio = 1.00
[Info] Appended instance results for query_4_125.graph to CSV in long format.
Global Estimated Value: 2448.58
/home/wangshuo/projects/PROXY/datasets/amazon/query_graph_count/query_4_125.graph Finished!


Start Processing /home/wangshuo/projects/PROXY/datasets/amazon/query_graph_count/query_4_126.graph for core instances with query nodes: 1 2 
[Info] Auto-selected query root index 2 with (transferred) label 2
[Check] Sample budget = 60000
[Check] Sum of instance estimates = 110291.00, Global estimate = 110291.00, Ratio = 1.00
[Info] Appended instance results for query_4_126.graph to CSV in long format.
Global Estimated Value: 110291.00
/home/wangshuo/projects/PROXY/datasets/amazon/query_graph_count/query_4_126.graph Finished!


Start Processing /home/wangshuo/projects/PROXY/datasets/amazon/query_graph_count/query_4_127.graph for core instances with query nodes: 0 3 
[Info] Auto-selected query root index 0 with (transferred) label 3
[Check] Sample budget = 60000
[Check] Sum of instance estimates = 2595.00, Global estimate = 2595.00, Ratio = 1.00
[Info] Appended instance results for query_4_127.graph to CSV in long format.
Global Estimated Value: 2595.00
/home/wangshuo/projects/PROXY/datasets/amazon/query_graph_count/query_4_127.graph Finished!


Start Processing /home/wangshuo/projects/PROXY/datasets/amazon/query_graph_count/query_4_128.graph for core instances with query nodes: 0 2 3 
[Info] Auto-selected query root index 2 with (transferred) label 4
[Check] Sample budget = 60000
[Check] Sum of instance estimates = 111427.69, Global estimate = 111427.69, Ratio = 1.00
[Info] Appended instance results for query_4_128.graph to CSV in long format.
Global Estimated Value: 111427.69
/home/wangshuo/projects/PROXY/datasets/amazon/query_graph_count/query_4_128.graph Finished!


Start Processing /home/wangshuo/projects/PROXY/datasets/amazon/query_graph_count/query_4_129.graph for core instances with query nodes: 0 1 
[Info] Auto-selected query root index 0 with (transferred) label 3
[Check] Sample budget = 60000
[Check] Sum of instance estimates = 2595.00, Global estimate = 2595.00, Ratio = 1.00
[Info] Appended instance results for query_4_129.graph to CSV in long format.
Global Estimated Value: 2595.00
/home/wangshuo/projects/PROXY/datasets/amazon/query_graph_count/query_4_129.graph Finished!


Start Processing /home/wangshuo/projects/PROXY/datasets/amazon/query_graph_count/query_4_13.graph for core instances with query nodes: 0 3 
[Info] Auto-selected query root index 3 with (transferred) label 4
[Check] Sample budget = 60000
[Check] Sum of instance estimates = 108017.00, Global estimate = 108017.00, Ratio = 1.00
[Info] Appended instance results for query_4_13.graph to CSV in long format.
Global Estimated Value: 108017.00
/home/wangshuo/projects/PROXY/datasets/amazon/query_graph_count/query_4_13.graph Finished!


Start Processing /home/wangshuo/projects/PROXY/datasets/amazon/query_graph_count/query_4_130.graph for core instances with query nodes: 2 3 
[Info] Auto-selected query root index 2 with (transferred) label 2
[Check] Sample budget = 60000
[Check] Sum of instance estimates = 2539.00, Global estimate = 2539.00, Ratio = 1.00
[Info] Appended instance results for query_4_130.graph to CSV in long format.
Global Estimated Value: 2539.00
/home/wangshuo/projects/PROXY/datasets/amazon/query_graph_count/query_4_130.graph Finished!


Start Processing /home/wangshuo/projects/PROXY/datasets/amazon/query_graph_count/query_4_131.graph for core instances with query nodes: 1 2 
[Info] Auto-selected query root index 1 with (transferred) label 3
[Check] Sample budget = 60000
[Check] Sum of instance estimates = 2502607.83, Global estimate = 2502607.83, Ratio = 1.00
[Info] Appended instance results for query_4_131.graph to CSV in long format.
Global Estimated Value: 2502607.83
/home/wangshuo/projects/PROXY/datasets/amazon/query_graph_count/query_4_131.graph Finished!


Start Processing /home/wangshuo/projects/PROXY/datasets/amazon/query_graph_count/query_4_132.graph for core instances with query nodes: 2 3 
[Info] Auto-selected query root index 3 with (transferred) label 0
[Check] Sample budget = 60000
[Check] Sum of instance estimates = 101111.00, Global estimate = 101111.00, Ratio = 1.00
[Info] Appended instance results for query_4_132.graph to CSV in long format.
Global Estimated Value: 101111.00
/home/wangshuo/projects/PROXY/datasets/amazon/query_graph_count/query_4_132.graph Finished!


Start Processing /home/wangshuo/projects/PROXY/datasets/amazon/query_graph_count/query_4_133.graph for core instances with query nodes: 0 3 
[Info] Auto-selected query root index 3 with (transferred) label 0
[Check] Sample budget = 60000
[Check] Sum of instance estimates = 103240.00, Global estimate = 103240.00, Ratio = 1.00
[Info] Appended instance results for query_4_133.graph to CSV in long format.
Global Estimated Value: 103240.00
/home/wangshuo/projects/PROXY/datasets/amazon/query_graph_count/query_4_133.graph Finished!


Start Processing /home/wangshuo/projects/PROXY/datasets/amazon/query_graph_count/query_4_134.graph for core instances with query nodes: 2 3 
[Info] Auto-selected query root index 3 with (transferred) label 3
[Check] Sample budget = 60000
[Check] Sum of instance estimates = 2674.00, Global estimate = 2674.00, Ratio = 1.00
[Info] Appended instance results for query_4_134.graph to CSV in long format.
Global Estimated Value: 2674.00
/home/wangshuo/projects/PROXY/datasets/amazon/query_graph_count/query_4_134.graph Finished!


Start Processing /home/wangshuo/projects/PROXY/datasets/amazon/query_graph_count/query_4_135.graph for core instances with query nodes: 0 3 
[Info] Auto-selected query root index 0 with (transferred) label 3
[Check] Sample budget = 60000
[Check] Sum of instance estimates = 123637.00, Global estimate = 123637.00, Ratio = 1.00
[Info] Appended instance results for query_4_135.graph to CSV in long format.
Global Estimated Value: 123637.00
/home/wangshuo/projects/PROXY/datasets/amazon/query_graph_count/query_4_135.graph Finished!


Start Processing /home/wangshuo/projects/PROXY/datasets/amazon/query_graph_count/query_4_136.graph for core instances with query nodes: 0 2 
[Info] Auto-selected query root index 0 with (transferred) label 1
[Check] Sample budget = 60000
[Check] Sum of instance estimates = 115088.00, Global estimate = 115088.00, Ratio = 1.00
[Info] Appended instance results for query_4_136.graph to CSV in long format.
Global Estimated Value: 115088.00
/home/wangshuo/projects/PROXY/datasets/amazon/query_graph_count/query_4_136.graph Finished!


Start Processing /home/wangshuo/projects/PROXY/datasets/amazon/query_graph_count/query_4_137.graph for core instances with query nodes: 0 1 3 
[Info] Auto-selected query root index 0 with (transferred) label 0
[Check] Sample budget = 60000
[Check] Sum of instance estimates = 2380.92, Global estimate = 2380.92, Ratio = 1.00
[Info] Appended instance results for query_4_137.graph to CSV in long format.
Global Estimated Value: 2380.92
/home/wangshuo/projects/PROXY/datasets/amazon/query_graph_count/query_4_137.graph Finished!


Start Processing /home/wangshuo/projects/PROXY/datasets/amazon/query_graph_count/query_4_138.graph for core instances with query nodes: 0 2 3 
[Info] Auto-selected query root index 3 with (transferred) label 2
[Check] Sample budget = 60000
[Check] Sum of instance estimates = 2488.91, Global estimate = 2488.91, Ratio = 1.00
[Info] Appended instance results for query_4_138.graph to CSV in long format.
Global Estimated Value: 2488.91
/home/wangshuo/projects/PROXY/datasets/amazon/query_graph_count/query_4_138.graph Finished!


Start Processing /home/wangshuo/projects/PROXY/datasets/amazon/query_graph_count/query_4_139.graph for core instances with query nodes: 1 2 3 
[Info] Auto-selected query root index 2 with (transferred) label 3
[Check] Sample budget = 60000
[Check] Sum of instance estimates = 125314.49, Global estimate = 125314.49, Ratio = 1.00
[Info] Appended instance results for query_4_139.graph to CSV in long format.
Global Estimated Value: 125314.49
/home/wangshuo/projects/PROXY/datasets/amazon/query_graph_count/query_4_139.graph Finished!


Start Processing /home/wangshuo/projects/PROXY/datasets/amazon/query_graph_count/query_4_14.graph for core instances with query nodes: 0 3 
[Info] Auto-selected query root index 0 with (transferred) label 4
[Check] Sample budget = 60000
[Check] Sum of instance estimates = 2474.00, Global estimate = 2474.00, Ratio = 1.00
[Info] Appended instance results for query_4_14.graph to CSV in long format.
Global Estimated Value: 2474.00
/home/wangshuo/projects/PROXY/datasets/amazon/query_graph_count/query_4_14.graph Finished!


Start Processing /home/wangshuo/projects/PROXY/datasets/amazon/query_graph_count/query_4_140.graph for core instances with query nodes: 0 3 
[Info] Auto-selected query root index 0 with (transferred) label 1
[Check] Sample budget = 60000
[Check] Sum of instance estimates = 2466.00, Global estimate = 2466.00, Ratio = 1.00
[Info] Appended instance results for query_4_140.graph to CSV in long format.
Global Estimated Value: 2466.00
/home/wangshuo/projects/PROXY/datasets/amazon/query_graph_count/query_4_140.graph Finished!


Start Processing /home/wangshuo/projects/PROXY/datasets/amazon/query_graph_count/query_4_141.graph for core instances with query nodes: 0 1 3 
[Info] Auto-selected query root index 0 with (transferred) label 4
[Check] Sample budget = 60000
[Check] Sum of instance estimates = 2592.96, Global estimate = 2592.96, Ratio = 1.00
[Info] Appended instance results for query_4_141.graph to CSV in long format.
Global Estimated Value: 2592.96
/home/wangshuo/projects/PROXY/datasets/amazon/query_graph_count/query_4_141.graph Finished!


Start Processing /home/wangshuo/projects/PROXY/datasets/amazon/query_graph_count/query_4_142.graph for core instances with query nodes: 0 2 
[Info] Auto-selected query root index 2 with (transferred) label 4
[Check] Sample budget = 60000
[Check] Sum of instance estimates = 112864.00, Global estimate = 112864.00, Ratio = 1.00
[Info] Appended instance results for query_4_142.graph to CSV in long format.
Global Estimated Value: 112864.00
/home/wangshuo/projects/PROXY/datasets/amazon/query_graph_count/query_4_142.graph Finished!


Start Processing /home/wangshuo/projects/PROXY/datasets/amazon/query_graph_count/query_4_143.graph for core instances with query nodes: 0 1 2 
[Info] Auto-selected query root index 1 with (transferred) label 3
[Check] Sample budget = 60000
[Check] Sum of instance estimates = 2720.64, Global estimate = 2720.64, Ratio = 1.00
[Info] Appended instance results for query_4_143.graph to CSV in long format.
Global Estimated Value: 2720.64
/home/wangshuo/projects/PROXY/datasets/amazon/query_graph_count/query_4_143.graph Finished!


Start Processing /home/wangshuo/projects/PROXY/datasets/amazon/query_graph_count/query_4_144.graph for core instances with query nodes: 2 3 
[Info] Auto-selected query root index 2 with (transferred) label 2
[Check] Sample budget = 60000
[Check] Sum of instance estimates = 111334.00, Global estimate = 111334.00, Ratio = 1.00
[Info] Appended instance results for query_4_144.graph to CSV in long format.
Global Estimated Value: 111334.00
/home/wangshuo/projects/PROXY/datasets/amazon/query_graph_count/query_4_144.graph Finished!


Start Processing /home/wangshuo/projects/PROXY/datasets/amazon/query_graph_count/query_4_145.graph for core instances with query nodes: 0 2 3 
[Info] Auto-selected query root index 3 with (transferred) label 3
[Check] Sample budget = 60000
[Check] Sum of instance estimates = 2721.95, Global estimate = 2721.95, Ratio = 1.00
[Info] Appended instance results for query_4_145.graph to CSV in long format.
Global Estimated Value: 2721.95
/home/wangshuo/projects/PROXY/datasets/amazon/query_graph_count/query_4_145.graph Finished!


Start Processing /home/wangshuo/projects/PROXY/datasets/amazon/query_graph_count/query_4_146.graph for core instances with query nodes: 0 1 3 
[Info] Auto-selected query root index 0 with (transferred) label 3
[Check] Sample budget = 60000
[Check] Sum of instance estimates = 2648.36, Global estimate = 2648.36, Ratio = 1.00
[Info] Appended instance results for query_4_146.graph to CSV in long format.
Global Estimated Value: 2648.36
/home/wangshuo/projects/PROXY/datasets/amazon/query_graph_count/query_4_146.graph Finished!


Start Processing /home/wangshuo/projects/PROXY/datasets/amazon/query_graph_count/query_4_147.graph for core instances with query nodes: 2 3 
[Info] Auto-selected query root index 2 with (transferred) label 1
[Check] Sample budget = 60000
[Check] Sum of instance estimates = 114634.00, Global estimate = 114634.00, Ratio = 1.00
[Info] Appended instance results for query_4_147.graph to CSV in long format.
Global Estimated Value: 114634.00
/home/wangshuo/projects/PROXY/datasets/amazon/query_graph_count/query_4_147.graph Finished!


Start Processing /home/wangshuo/projects/PROXY/datasets/amazon/query_graph_count/query_4_148.graph for core instances with query nodes: 2 3 
[Info] Auto-selected query root index 2 with (transferred) label 0
[Check] Sample budget = 60000
[Check] Sum of instance estimates = 101903.00, Global estimate = 101903.00, Ratio = 1.00
[Info] Appended instance results for query_4_148.graph to CSV in long format.
Global Estimated Value: 101903.00
/home/wangshuo/projects/PROXY/datasets/amazon/query_graph_count/query_4_148.graph Finished!


Start Processing /home/wangshuo/projects/PROXY/datasets/amazon/query_graph_count/query_4_149.graph for core instances with query nodes: 0 1 
[Info] Auto-selected query root index 0 with (transferred) label 2
[Check] Sample budget = 60000
[Check] Sum of instance estimates = 108269.00, Global estimate = 108269.00, Ratio = 1.00
[Info] Appended instance results for query_4_149.graph to CSV in long format.
Global Estimated Value: 108269.00
/home/wangshuo/projects/PROXY/datasets/amazon/query_graph_count/query_4_149.graph Finished!


Start Processing /home/wangshuo/projects/PROXY/datasets/amazon/query_graph_count/query_4_15.graph for core instances with query nodes: 1 2 3 
[Info] Auto-selected query root index 2 with (transferred) label 1
[Check] Sample budget = 60000
[Check] Sum of instance estimates = 2625.39, Global estimate = 2625.39, Ratio = 1.00
[Info] Appended instance results for query_4_15.graph to CSV in long format.
Global Estimated Value: 2625.39
/home/wangshuo/projects/PROXY/datasets/amazon/query_graph_count/query_4_15.graph Finished!


Start Processing /home/wangshuo/projects/PROXY/datasets/amazon/query_graph_count/query_4_16.graph for core instances with query nodes: 0 3 
[Info] Auto-selected query root index 0 with (transferred) label 3
[Check] Sample budget = 60000
[Check] Sum of instance estimates = 2479.00, Global estimate = 2479.00, Ratio = 1.00
[Info] Appended instance results for query_4_16.graph to CSV in long format.
Global Estimated Value: 2479.00
/home/wangshuo/projects/PROXY/datasets/amazon/query_graph_count/query_4_16.graph Finished!


Start Processing /home/wangshuo/projects/PROXY/datasets/amazon/query_graph_count/query_4_17.graph for core instances with query nodes: 0 3 
[Info] Auto-selected query root index 3 with (transferred) label 0
[Check] Sample budget = 60000
[Check] Sum of instance estimates = 2577.00, Global estimate = 2577.00, Ratio = 1.00
[Info] Appended instance results for query_4_17.graph to CSV in long format.
Global Estimated Value: 2577.00
/home/wangshuo/projects/PROXY/datasets/amazon/query_graph_count/query_4_17.graph Finished!


Start Processing /home/wangshuo/projects/PROXY/datasets/amazon/query_graph_count/query_4_18.graph for core instances with query nodes: 0 1 
[Info] Auto-selected query root index 0 with (transferred) label 1
[Check] Sample budget = 60000
[Check] Sum of instance estimates = 113597.00, Global estimate = 113597.00, Ratio = 1.00
[Info] Appended instance results for query_4_18.graph to CSV in long format.
Global Estimated Value: 113597.00
/home/wangshuo/projects/PROXY/datasets/amazon/query_graph_count/query_4_18.graph Finished!


Start Processing /home/wangshuo/projects/PROXY/datasets/amazon/query_graph_count/query_4_19.graph for core instances with query nodes: 0 1 3 
[Info] Auto-selected query root index 0 with (transferred) label 1
[Check] Sample budget = 60000
[Check] Sum of instance estimates = 113490.19, Global estimate = 113490.19, Ratio = 1.00
[Info] Appended instance results for query_4_19.graph to CSV in long format.
Global Estimated Value: 113490.19
/home/wangshuo/projects/PROXY/datasets/amazon/query_graph_count/query_4_19.graph Finished!


Start Processing /home/wangshuo/projects/PROXY/datasets/amazon/query_graph_count/query_4_2.graph for core instances with query nodes: 0 1 3 
[Info] Auto-selected query root index 1 with (transferred) label 0
[Check] Sample budget = 60000
[Check] Sum of instance estimates = 105557.30, Global estimate = 105557.30, Ratio = 1.00
[Info] Appended instance results for query_4_2.graph to CSV in long format.
Global Estimated Value: 105557.30
/home/wangshuo/projects/PROXY/datasets/amazon/query_graph_count/query_4_2.graph Finished!


Start Processing /home/wangshuo/projects/PROXY/datasets/amazon/query_graph_count/query_4_20.graph for core instances with query nodes: 0 3 
[Info] Auto-selected query root index 0 with (transferred) label 1
[Check] Sample budget = 60000
[Check] Sum of instance estimates = 112092.00, Global estimate = 112092.00, Ratio = 1.00
[Info] Appended instance results for query_4_20.graph to CSV in long format.
Global Estimated Value: 112092.00
/home/wangshuo/projects/PROXY/datasets/amazon/query_graph_count/query_4_20.graph Finished!


Start Processing /home/wangshuo/projects/PROXY/datasets/amazon/query_graph_count/query_4_21.graph for core instances with query nodes: 0 1 
[Info] Auto-selected query root index 1 with (transferred) label 0
[Check] Sample budget = 60000
[Check] Sum of instance estimates = 2410.00, Global estimate = 2410.00, Ratio = 1.00
[Info] Appended instance results for query_4_21.graph to CSV in long format.
Global Estimated Value: 2410.00
/home/wangshuo/projects/PROXY/datasets/amazon/query_graph_count/query_4_21.graph Finished!


Start Processing /home/wangshuo/projects/PROXY/datasets/amazon/query_graph_count/query_4_22.graph for core instances with query nodes: 2 3 
[Info] Auto-selected query root index 3 with (transferred) label 2
[Check] Sample budget = 60000
[Check] Sum of instance estimates = 104946.00, Global estimate = 104946.00, Ratio = 1.00
[Info] Appended instance results for query_4_22.graph to CSV in long format.
Global Estimated Value: 104946.00
/home/wangshuo/projects/PROXY/datasets/amazon/query_graph_count/query_4_22.graph Finished!


Start Processing /home/wangshuo/projects/PROXY/datasets/amazon/query_graph_count/query_4_23.graph for core instances with query nodes: 0 1 
[Info] Auto-selected query root index 1 with (transferred) label 3
[Check] Sample budget = 60000
[Check] Sum of instance estimates = 2617.00, Global estimate = 2617.00, Ratio = 1.00
[Info] Appended instance results for query_4_23.graph to CSV in long format.
Global Estimated Value: 2617.00
/home/wangshuo/projects/PROXY/datasets/amazon/query_graph_count/query_4_23.graph Finished!


Start Processing /home/wangshuo/projects/PROXY/datasets/amazon/query_graph_count/query_4_24.graph for core instances with query nodes: 0 2 
[Info] Auto-selected query root index 0 with (transferred) label 2
[Check] Sample budget = 60000
[Check] Sum of instance estimates = 2487.00, Global estimate = 2487.00, Ratio = 1.00
[Info] Appended instance results for query_4_24.graph to CSV in long format.
Global Estimated Value: 2487.00
/home/wangshuo/projects/PROXY/datasets/amazon/query_graph_count/query_4_24.graph Finished!


Start Processing /home/wangshuo/projects/PROXY/datasets/amazon/query_graph_count/query_4_25.graph for core instances with query nodes: 0 3 
[Info] Auto-selected query root index 0 with (transferred) label 1
[Check] Sample budget = 60000
[Check] Sum of instance estimates = 2561.00, Global estimate = 2561.00, Ratio = 1.00
[Info] Appended instance results for query_4_25.graph to CSV in long format.
Global Estimated Value: 2561.00
/home/wangshuo/projects/PROXY/datasets/amazon/query_graph_count/query_4_25.graph Finished!


Start Processing /home/wangshuo/projects/PROXY/datasets/amazon/query_graph_count/query_4_26.graph for core instances with query nodes: 1 2 
[Info] Auto-selected query root index 1 with (transferred) label 2
[Check] Sample budget = 60000
[Check] Sum of instance estimates = 106897.00, Global estimate = 106897.00, Ratio = 1.00
[Info] Appended instance results for query_4_26.graph to CSV in long format.
Global Estimated Value: 106897.00
/home/wangshuo/projects/PROXY/datasets/amazon/query_graph_count/query_4_26.graph Finished!


Start Processing /home/wangshuo/projects/PROXY/datasets/amazon/query_graph_count/query_4_27.graph for core instances with query nodes: 1 2 3 
[Info] Auto-selected query root index 2 with (transferred) label 1
[Check] Sample budget = 60000
[Check] Sum of instance estimates = 2503.27, Global estimate = 2503.27, Ratio = 1.00
[Info] Appended instance results for query_4_27.graph to CSV in long format.
Global Estimated Value: 2503.27
/home/wangshuo/projects/PROXY/datasets/amazon/query_graph_count/query_4_27.graph Finished!


Start Processing /home/wangshuo/projects/PROXY/datasets/amazon/query_graph_count/query_4_28.graph for core instances with query nodes: 2 3 
[Info] Auto-selected query root index 3 with (transferred) label 1
[Check] Sample budget = 60000
[Check] Sum of instance estimates = 2559.00, Global estimate = 2559.00, Ratio = 1.00
[Info] Appended instance results for query_4_28.graph to CSV in long format.
Global Estimated Value: 2559.00
/home/wangshuo/projects/PROXY/datasets/amazon/query_graph_count/query_4_28.graph Finished!


Start Processing /home/wangshuo/projects/PROXY/datasets/amazon/query_graph_count/query_4_29.graph for core instances with query nodes: 0 2 
[Info] Auto-selected query root index 2 with (transferred) label 1
[Check] Sample budget = 60000
[Check] Sum of instance estimates = 115088.00, Global estimate = 115088.00, Ratio = 1.00
[Info] Appended instance results for query_4_29.graph to CSV in long format.
Global Estimated Value: 115088.00
/home/wangshuo/projects/PROXY/datasets/amazon/query_graph_count/query_4_29.graph Finished!


Start Processing /home/wangshuo/projects/PROXY/datasets/amazon/query_graph_count/query_4_3.graph for core instances with query nodes: 1 3 
[Info] Auto-selected query root index 3 with (transferred) label 2
[Check] Sample budget = 60000
[Check] Sum of instance estimates = 2473.00, Global estimate = 2473.00, Ratio = 1.00
[Info] Appended instance results for query_4_3.graph to CSV in long format.
Global Estimated Value: 2473.00
/home/wangshuo/projects/PROXY/datasets/amazon/query_graph_count/query_4_3.graph Finished!


Start Processing /home/wangshuo/projects/PROXY/datasets/amazon/query_graph_count/query_4_30.graph for core instances with query nodes: 1 2 3 
[Info] Auto-selected query root index 1 with (transferred) label 3
[Check] Sample budget = 60000
[Check] Sum of instance estimates = 125540.49, Global estimate = 125540.49, Ratio = 1.00
[Info] Appended instance results for query_4_30.graph to CSV in long format.
Global Estimated Value: 125540.49
/home/wangshuo/projects/PROXY/datasets/amazon/query_graph_count/query_4_30.graph Finished!


Start Processing /home/wangshuo/projects/PROXY/datasets/amazon/query_graph_count/query_4_31.graph for core instances with query nodes: 0 2 3 
[Info] Auto-selected query root index 3 with (transferred) label 4
[Check] Sample budget = 60000
[Check] Sum of instance estimates = 2466.05, Global estimate = 2466.05, Ratio = 1.00
[Info] Appended instance results for query_4_31.graph to CSV in long format.
Global Estimated Value: 2466.05
/home/wangshuo/projects/PROXY/datasets/amazon/query_graph_count/query_4_31.graph Finished!


Start Processing /home/wangshuo/projects/PROXY/datasets/amazon/query_graph_count/query_4_32.graph for core instances with query nodes: 1 2 
[Info] Auto-selected query root index 1 with (transferred) label 4
[Check] Sample budget = 60000
[Check] Sum of instance estimates = 108153.00, Global estimate = 108153.00, Ratio = 1.00
[Info] Appended instance results for query_4_32.graph to CSV in long format.
Global Estimated Value: 108153.00
/home/wangshuo/projects/PROXY/datasets/amazon/query_graph_count/query_4_32.graph Finished!


Start Processing /home/wangshuo/projects/PROXY/datasets/amazon/query_graph_count/query_4_33.graph for core instances with query nodes: 2 3 
[Info] Auto-selected query root index 3 with (transferred) label 3
[Check] Sample budget = 60000
[Check] Sum of instance estimates = 124855.00, Global estimate = 124855.00, Ratio = 1.00
[Info] Appended instance results for query_4_33.graph to CSV in long format.
Global Estimated Value: 124855.00
/home/wangshuo/projects/PROXY/datasets/amazon/query_graph_count/query_4_33.graph Finished!


Start Processing /home/wangshuo/projects/PROXY/datasets/amazon/query_graph_count/query_4_34.graph for core instances with query nodes: 2 3 
[Info] Auto-selected query root index 3 with (transferred) label 0
[Check] Sample budget = 60000
[Check] Sum of instance estimates = 2410.00, Global estimate = 2410.00, Ratio = 1.00
[Info] Appended instance results for query_4_34.graph to CSV in long format.
Global Estimated Value: 2410.00
/home/wangshuo/projects/PROXY/datasets/amazon/query_graph_count/query_4_34.graph Finished!


Start Processing /home/wangshuo/projects/PROXY/datasets/amazon/query_graph_count/query_4_35.graph for core instances with query nodes: 0 1 
[Info] Auto-selected query root index 0 with (transferred) label 2
[Check] Sample budget = 60000
[Check] Sum of instance estimates = 2419.00, Global estimate = 2419.00, Ratio = 1.00
[Info] Appended instance results for query_4_35.graph to CSV in long format.
Global Estimated Value: 2419.00
/home/wangshuo/projects/PROXY/datasets/amazon/query_graph_count/query_4_35.graph Finished!


Start Processing /home/wangshuo/projects/PROXY/datasets/amazon/query_graph_count/query_4_36.graph for core instances with query nodes: 0 1 2 
[Info] Auto-selected query root index 2 with (transferred) label 4
[Check] Sample budget = 60000
[Check] Sum of instance estimates = 2101653.31, Global estimate = 2101653.31, Ratio = 1.00
[Info] Appended instance results for query_4_36.graph to CSV in long format.
Global Estimated Value: 2101653.31
/home/wangshuo/projects/PROXY/datasets/amazon/query_graph_count/query_4_36.graph Finished!


Start Processing /home/wangshuo/projects/PROXY/datasets/amazon/query_graph_count/query_4_37.graph for core instances with query nodes: 2 3 
[Info] Auto-selected query root index 3 with (transferred) label 0
[Check] Sample budget = 60000
[Check] Sum of instance estimates = 2341.00, Global estimate = 2341.00, Ratio = 1.00
[Info] Appended instance results for query_4_37.graph to CSV in long format.
Global Estimated Value: 2341.00
/home/wangshuo/projects/PROXY/datasets/amazon/query_graph_count/query_4_37.graph Finished!


Start Processing /home/wangshuo/projects/PROXY/datasets/amazon/query_graph_count/query_4_38.graph for core instances with query nodes: 0 3 
[Info] Auto-selected query root index 3 with (transferred) label 0
[Check] Sample budget = 60000
[Check] Sum of instance estimates = 2577.00, Global estimate = 2577.00, Ratio = 1.00
[Info] Appended instance results for query_4_38.graph to CSV in long format.
Global Estimated Value: 2577.00
/home/wangshuo/projects/PROXY/datasets/amazon/query_graph_count/query_4_38.graph Finished!


Start Processing /home/wangshuo/projects/PROXY/datasets/amazon/query_graph_count/query_4_39.graph for core instances with query nodes: 0 2 3 
[Info] Auto-selected query root index 3 with (transferred) label 4
[Check] Sample budget = 60000
[Check] Sum of instance estimates = 2605.26, Global estimate = 2605.26, Ratio = 1.00
[Info] Appended instance results for query_4_39.graph to CSV in long format.
Global Estimated Value: 2605.26
/home/wangshuo/projects/PROXY/datasets/amazon/query_graph_count/query_4_39.graph Finished!


Start Processing /home/wangshuo/projects/PROXY/datasets/amazon/query_graph_count/query_4_4.graph for core instances with query nodes: 0 2 3 
[Info] Auto-selected query root index 3 with (transferred) label 3
[Check] Sample budget = 60000
[Check] Sum of instance estimates = 125704.25, Global estimate = 125704.25, Ratio = 1.00
[Info] Appended instance results for query_4_4.graph to CSV in long format.
Global Estimated Value: 125704.25
/home/wangshuo/projects/PROXY/datasets/amazon/query_graph_count/query_4_4.graph Finished!


Start Processing /home/wangshuo/projects/PROXY/datasets/amazon/query_graph_count/query_4_40.graph for core instances with query nodes: 1 2 3 
[Info] Auto-selected query root index 3 with (transferred) label 3
[Check] Sample budget = 60000
[Check] Sum of instance estimates = 125580.87, Global estimate = 125580.87, Ratio = 1.00
[Info] Appended instance results for query_4_40.graph to CSV in long format.
Global Estimated Value: 125580.87
/home/wangshuo/projects/PROXY/datasets/amazon/query_graph_count/query_4_40.graph Finished!


Start Processing /home/wangshuo/projects/PROXY/datasets/amazon/query_graph_count/query_4_41.graph for core instances with query nodes: 0 2 
[Info] Auto-selected query root index 2 with (transferred) label 2
[Check] Sample budget = 60000
[Check] Sum of instance estimates = 106809.00, Global estimate = 106809.00, Ratio = 1.00
[Info] Appended instance results for query_4_41.graph to CSV in long format.
Global Estimated Value: 106809.00
/home/wangshuo/projects/PROXY/datasets/amazon/query_graph_count/query_4_41.graph Finished!


Start Processing /home/wangshuo/projects/PROXY/datasets/amazon/query_graph_count/query_4_42.graph for core instances with query nodes: 0 3 
[Info] Auto-selected query root index 0 with (transferred) label 1
[Check] Sample budget = 60000
[Check] Sum of instance estimates = 2550.00, Global estimate = 2550.00, Ratio = 1.00
[Info] Appended instance results for query_4_42.graph to CSV in long format.
Global Estimated Value: 2550.00
/home/wangshuo/projects/PROXY/datasets/amazon/query_graph_count/query_4_42.graph Finished!


Start Processing /home/wangshuo/projects/PROXY/datasets/amazon/query_graph_count/query_4_43.graph for core instances with query nodes: 0 1 
[Info] Auto-selected query root index 0 with (transferred) label 0
[Check] Sample budget = 60000
[Check] Sum of instance estimates = 100879.00, Global estimate = 100879.00, Ratio = 1.00
[Info] Appended instance results for query_4_43.graph to CSV in long format.
Global Estimated Value: 100879.00
/home/wangshuo/projects/PROXY/datasets/amazon/query_graph_count/query_4_43.graph Finished!


Start Processing /home/wangshuo/projects/PROXY/datasets/amazon/query_graph_count/query_4_44.graph for core instances with query nodes: 2 3 
[Info] Auto-selected query root index 2 with (transferred) label 3
[Check] Sample budget = 60000
[Check] Sum of instance estimates = 2476903.00, Global estimate = 2476903.00, Ratio = 1.00
[Info] Appended instance results for query_4_44.graph to CSV in long format.
Global Estimated Value: 2476903.00
/home/wangshuo/projects/PROXY/datasets/amazon/query_graph_count/query_4_44.graph Finished!


Start Processing /home/wangshuo/projects/PROXY/datasets/amazon/query_graph_count/query_4_45.graph for core instances with query nodes: 2 3 
[Info] Auto-selected query root index 3 with (transferred) label 0
[Check] Sample budget = 60000
[Check] Sum of instance estimates = 2320.00, Global estimate = 2320.00, Ratio = 1.00
[Info] Appended instance results for query_4_45.graph to CSV in long format.
Global Estimated Value: 2320.00
/home/wangshuo/projects/PROXY/datasets/amazon/query_graph_count/query_4_45.graph Finished!


Start Processing /home/wangshuo/projects/PROXY/datasets/amazon/query_graph_count/query_4_46.graph for core instances with query nodes: 0 1 2 
[Info] Auto-selected query root index 0 with (transferred) label 2
[Check] Sample budget = 60000
[Check] Sum of instance estimates = 109369.81, Global estimate = 109369.81, Ratio = 1.00
[Info] Appended instance results for query_4_46.graph to CSV in long format.
Global Estimated Value: 109369.81
/home/wangshuo/projects/PROXY/datasets/amazon/query_graph_count/query_4_46.graph Finished!


Start Processing /home/wangshuo/projects/PROXY/datasets/amazon/query_graph_count/query_4_47.graph for core instances with query nodes: 2 3 
[Info] Auto-selected query root index 3 with (transferred) label 0
[Check] Sample budget = 60000
[Check] Sum of instance estimates = 2382.00, Global estimate = 2382.00, Ratio = 1.00
[Info] Appended instance results for query_4_47.graph to CSV in long format.
Global Estimated Value: 2382.00
/home/wangshuo/projects/PROXY/datasets/amazon/query_graph_count/query_4_47.graph Finished!


Start Processing /home/wangshuo/projects/PROXY/datasets/amazon/query_graph_count/query_4_48.graph for core instances with query nodes: 0 3 
[Info] Auto-selected query root index 0 with (transferred) label 0
[Check] Sample budget = 60000
[Check] Sum of instance estimates = 2577.00, Global estimate = 2577.00, Ratio = 1.00
[Info] Appended instance results for query_4_48.graph to CSV in long format.
Global Estimated Value: 2577.00
/home/wangshuo/projects/PROXY/datasets/amazon/query_graph_count/query_4_48.graph Finished!


Start Processing /home/wangshuo/projects/PROXY/datasets/amazon/query_graph_count/query_4_49.graph for core instances with query nodes: 0 2 3 
[Info] Auto-selected query root index 3 with (transferred) label 4
[Check] Sample budget = 60000
[Check] Sum of instance estimates = 117502.92, Global estimate = 117502.92, Ratio = 1.00
[Info] Appended instance results for query_4_49.graph to CSV in long format.
Global Estimated Value: 117502.92
/home/wangshuo/projects/PROXY/datasets/amazon/query_graph_count/query_4_49.graph Finished!


Start Processing /home/wangshuo/projects/PROXY/datasets/amazon/query_graph_count/query_4_5.graph for core instances with query nodes: 2 3 
[Info] Auto-selected query root index 2 with (transferred) label 3
[Check] Sample budget = 60000
[Check] Sum of instance estimates = 2479.00, Global estimate = 2479.00, Ratio = 1.00
[Info] Appended instance results for query_4_5.graph to CSV in long format.
Global Estimated Value: 2479.00
/home/wangshuo/projects/PROXY/datasets/amazon/query_graph_count/query_4_5.graph Finished!


Start Processing /home/wangshuo/projects/PROXY/datasets/amazon/query_graph_count/query_4_50.graph for core instances with query nodes: 2 3 
[Info] Auto-selected query root index 3 with (transferred) label 4
[Check] Sample budget = 60000
[Check] Sum of instance estimates = 2561.00, Global estimate = 2561.00, Ratio = 1.00
[Info] Appended instance results for query_4_50.graph to CSV in long format.
Global Estimated Value: 2561.00
/home/wangshuo/projects/PROXY/datasets/amazon/query_graph_count/query_4_50.graph Finished!


Start Processing /home/wangshuo/projects/PROXY/datasets/amazon/query_graph_count/query_4_51.graph for core instances with query nodes: 1 2 
[Info] Auto-selected query root index 2 with (transferred) label 1
[Check] Sample budget = 60000
[Check] Sum of instance estimates = 112457.00, Global estimate = 112457.00, Ratio = 1.00
[Info] Appended instance results for query_4_51.graph to CSV in long format.
Global Estimated Value: 112457.00
/home/wangshuo/projects/PROXY/datasets/amazon/query_graph_count/query_4_51.graph Finished!


Start Processing /home/wangshuo/projects/PROXY/datasets/amazon/query_graph_count/query_4_52.graph for core instances with query nodes: 0 2 
[Info] Auto-selected query root index 2 with (transferred) label 0
[Check] Sample budget = 60000
[Check] Sum of instance estimates = 2320.00, Global estimate = 2320.00, Ratio = 1.00
[Info] Appended instance results for query_4_52.graph to CSV in long format.
Global Estimated Value: 2320.00
/home/wangshuo/projects/PROXY/datasets/amazon/query_graph_count/query_4_52.graph Finished!


Start Processing /home/wangshuo/projects/PROXY/datasets/amazon/query_graph_count/query_4_53.graph for core instances with query nodes: 0 3 
[Info] Auto-selected query root index 3 with (transferred) label 2
[Check] Sample budget = 60000
[Check] Sum of instance estimates = 2618.00, Global estimate = 2618.00, Ratio = 1.00
[Info] Appended instance results for query_4_53.graph to CSV in long format.
Global Estimated Value: 2618.00
/home/wangshuo/projects/PROXY/datasets/amazon/query_graph_count/query_4_53.graph Finished!


Start Processing /home/wangshuo/projects/PROXY/datasets/amazon/query_graph_count/query_4_54.graph for core instances with query nodes: 1 2 
[Info] Auto-selected query root index 2 with (transferred) label 2
[Check] Sample budget = 60000
[Check] Sum of instance estimates = 2540.00, Global estimate = 2540.00, Ratio = 1.00
[Info] Appended instance results for query_4_54.graph to CSV in long format.
Global Estimated Value: 2540.00
/home/wangshuo/projects/PROXY/datasets/amazon/query_graph_count/query_4_54.graph Finished!


Start Processing /home/wangshuo/projects/PROXY/datasets/amazon/query_graph_count/query_4_55.graph for core instances with query nodes: 2 3 
[Info] Auto-selected query root index 3 with (transferred) label 2
[Check] Sample budget = 60000
[Check] Sum of instance estimates = 2425.00, Global estimate = 2425.00, Ratio = 1.00
[Info] Appended instance results for query_4_55.graph to CSV in long format.
Global Estimated Value: 2425.00
/home/wangshuo/projects/PROXY/datasets/amazon/query_graph_count/query_4_55.graph Finished!


Start Processing /home/wangshuo/projects/PROXY/datasets/amazon/query_graph_count/query_4_56.graph for core instances with query nodes: 2 3 
[Info] Auto-selected query root index 3 with (transferred) label 0
[Check] Sample budget = 60000
[Check] Sum of instance estimates = 104869.00, Global estimate = 104869.00, Ratio = 1.00
[Info] Appended instance results for query_4_56.graph to CSV in long format.
Global Estimated Value: 104869.00
/home/wangshuo/projects/PROXY/datasets/amazon/query_graph_count/query_4_56.graph Finished!


Start Processing /home/wangshuo/projects/PROXY/datasets/amazon/query_graph_count/query_4_57.graph for core instances with query nodes: 0 1 
[Info] Auto-selected query root index 0 with (transferred) label 1
[Check] Sample budget = 60000
[Check] Sum of instance estimates = 2438.00, Global estimate = 2438.00, Ratio = 1.00
[Info] Appended instance results for query_4_57.graph to CSV in long format.
Global Estimated Value: 2438.00
/home/wangshuo/projects/PROXY/datasets/amazon/query_graph_count/query_4_57.graph Finished!


Start Processing /home/wangshuo/projects/PROXY/datasets/amazon/query_graph_count/query_4_58.graph for core instances with query nodes: 0 1 2 
[Info] Auto-selected query root index 1 with (transferred) label 4
[Check] Sample budget = 60000
[Check] Sum of instance estimates = 2603.93, Global estimate = 2603.93, Ratio = 1.00
[Info] Appended instance results for query_4_58.graph to CSV in long format.
Global Estimated Value: 2603.93
/home/wangshuo/projects/PROXY/datasets/amazon/query_graph_count/query_4_58.graph Finished!


Start Processing /home/wangshuo/projects/PROXY/datasets/amazon/query_graph_count/query_4_59.graph for core instances with query nodes: 0 2 3 
[Info] Auto-selected query root index 3 with (transferred) label 4
[Check] Sample budget = 60000
[Check] Sum of instance estimates = 117709.36, Global estimate = 117709.36, Ratio = 1.00
[Info] Appended instance results for query_4_59.graph to CSV in long format.
Global Estimated Value: 117709.36
/home/wangshuo/projects/PROXY/datasets/amazon/query_graph_count/query_4_59.graph Finished!


Start Processing /home/wangshuo/projects/PROXY/datasets/amazon/query_graph_count/query_4_6.graph for core instances with query nodes: 0 1 
[Info] Auto-selected query root index 1 with (transferred) label 3
[Check] Sample budget = 60000
[Check] Sum of instance estimates = 125374.00, Global estimate = 125374.00, Ratio = 1.00
[Info] Appended instance results for query_4_6.graph to CSV in long format.
Global Estimated Value: 125374.00
/home/wangshuo/projects/PROXY/datasets/amazon/query_graph_count/query_4_6.graph Finished!


Start Processing /home/wangshuo/projects/PROXY/datasets/amazon/query_graph_count/query_4_60.graph for core instances with query nodes: 0 3 
[Info] Auto-selected query root index 0 with (transferred) label 1
[Check] Sample budget = 60000
[Check] Sum of instance estimates = 2561.00, Global estimate = 2561.00, Ratio = 1.00
[Info] Appended instance results for query_4_60.graph to CSV in long format.
Global Estimated Value: 2561.00
/home/wangshuo/projects/PROXY/datasets/amazon/query_graph_count/query_4_60.graph Finished!


Start Processing /home/wangshuo/projects/PROXY/datasets/amazon/query_graph_count/query_4_61.graph for core instances with query nodes: 1 2 3 
[Info] Auto-selected query root index 3 with (transferred) label 1
[Check] Sample budget = 60000
[Check] Sum of instance estimates = 117118.88, Global estimate = 117118.88, Ratio = 1.00
[Info] Appended instance results for query_4_61.graph to CSV in long format.
Global Estimated Value: 117118.88
/home/wangshuo/projects/PROXY/datasets/amazon/query_graph_count/query_4_61.graph Finished!


Start Processing /home/wangshuo/projects/PROXY/datasets/amazon/query_graph_count/query_4_62.graph for core instances with query nodes: 0 1 
[Info] Auto-selected query root index 0 with (transferred) label 3
[Check] Sample budget = 60000
[Check] Sum of instance estimates = 2597.00, Global estimate = 2597.00, Ratio = 1.00
[Info] Appended instance results for query_4_62.graph to CSV in long format.
Global Estimated Value: 2597.00
/home/wangshuo/projects/PROXY/datasets/amazon/query_graph_count/query_4_62.graph Finished!


Start Processing /home/wangshuo/projects/PROXY/datasets/amazon/query_graph_count/query_4_63.graph for core instances with query nodes: 1 3 
[Info] Auto-selected query root index 1 with (transferred) label 2
[Check] Sample budget = 60000
[Check] Sum of instance estimates = 110345.00, Global estimate = 110345.00, Ratio = 1.00
[Info] Appended instance results for query_4_63.graph to CSV in long format.
Global Estimated Value: 110345.00
/home/wangshuo/projects/PROXY/datasets/amazon/query_graph_count/query_4_63.graph Finished!


Start Processing /home/wangshuo/projects/PROXY/datasets/amazon/query_graph_count/query_4_64.graph for core instances with query nodes: 0 3 
[Info] Auto-selected query root index 0 with (transferred) label 4
[Check] Sample budget = 60000
[Check] Sum of instance estimates = 2488.00, Global estimate = 2488.00, Ratio = 1.00
[Info] Appended instance results for query_4_64.graph to CSV in long format.
Global Estimated Value: 2488.00
/home/wangshuo/projects/PROXY/datasets/amazon/query_graph_count/query_4_64.graph Finished!


Start Processing /home/wangshuo/projects/PROXY/datasets/amazon/query_graph_count/query_4_65.graph for core instances with query nodes: 2 3 
[Info] Auto-selected query root index 2 with (transferred) label 4
[Check] Sample budget = 60000
[Check] Sum of instance estimates = 2506.00, Global estimate = 2506.00, Ratio = 1.00
[Info] Appended instance results for query_4_65.graph to CSV in long format.
Global Estimated Value: 2506.00
/home/wangshuo/projects/PROXY/datasets/amazon/query_graph_count/query_4_65.graph Finished!


Start Processing /home/wangshuo/projects/PROXY/datasets/amazon/query_graph_count/query_4_66.graph for core instances with query nodes: 0 2 3 
[Info] Auto-selected query root index 3 with (transferred) label 2
[Check] Sample budget = 60000
[Check] Sum of instance estimates = 2527.20, Global estimate = 2527.20, Ratio = 1.00
[Info] Appended instance results for query_4_66.graph to CSV in long format.
Global Estimated Value: 2527.20
/home/wangshuo/projects/PROXY/datasets/amazon/query_graph_count/query_4_66.graph Finished!


Start Processing /home/wangshuo/projects/PROXY/datasets/amazon/query_graph_count/query_4_67.graph for core instances with query nodes: 0 1 2 
[Info] Auto-selected query root index 1 with (transferred) label 1
[Check] Sample budget = 60000
[Check] Sum of instance estimates = 2460.22, Global estimate = 2460.22, Ratio = 1.00
[Info] Appended instance results for query_4_67.graph to CSV in long format.
Global Estimated Value: 2460.22
/home/wangshuo/projects/PROXY/datasets/amazon/query_graph_count/query_4_67.graph Finished!


Start Processing /home/wangshuo/projects/PROXY/datasets/amazon/query_graph_count/query_4_68.graph for core instances with query nodes: 0 1 3 
[Info] Auto-selected query root index 3 with (transferred) label 0
[Check] Sample budget = 60000
[Check] Sum of instance estimates = 104437.19, Global estimate = 104437.19, Ratio = 1.00
[Info] Appended instance results for query_4_68.graph to CSV in long format.
Global Estimated Value: 104437.19
/home/wangshuo/projects/PROXY/datasets/amazon/query_graph_count/query_4_68.graph Finished!


Start Processing /home/wangshuo/projects/PROXY/datasets/amazon/query_graph_count/query_4_69.graph for core instances with query nodes: 0 3 
[Info] Auto-selected query root index 0 with (transferred) label 2
[Check] Sample budget = 60000
[Check] Sum of instance estimates = 2535.00, Global estimate = 2535.00, Ratio = 1.00
[Info] Appended instance results for query_4_69.graph to CSV in long format.
Global Estimated Value: 2535.00
/home/wangshuo/projects/PROXY/datasets/amazon/query_graph_count/query_4_69.graph Finished!


Start Processing /home/wangshuo/projects/PROXY/datasets/amazon/query_graph_count/query_4_7.graph for core instances with query nodes: 2 3 
[Info] Auto-selected query root index 3 with (transferred) label 4
[Check] Sample budget = 60000
[Check] Sum of instance estimates = 2451.00, Global estimate = 2451.00, Ratio = 1.00
[Info] Appended instance results for query_4_7.graph to CSV in long format.
Global Estimated Value: 2451.00
/home/wangshuo/projects/PROXY/datasets/amazon/query_graph_count/query_4_7.graph Finished!


Start Processing /home/wangshuo/projects/PROXY/datasets/amazon/query_graph_count/query_4_70.graph for core instances with query nodes: 1 3 
[Info] Auto-selected query root index 3 with (transferred) label 3
[Check] Sample budget = 60000
[Check] Sum of instance estimates = 2537.00, Global estimate = 2537.00, Ratio = 1.00
[Info] Appended instance results for query_4_70.graph to CSV in long format.
Global Estimated Value: 2537.00
/home/wangshuo/projects/PROXY/datasets/amazon/query_graph_count/query_4_70.graph Finished!


Start Processing /home/wangshuo/projects/PROXY/datasets/amazon/query_graph_count/query_4_71.graph for core instances with query nodes: 0 1 
[Info] Auto-selected query root index 1 with (transferred) label 3
[Check] Sample budget = 60000
[Check] Sum of instance estimates = 2598.00, Global estimate = 2598.00, Ratio = 1.00
[Info] Appended instance results for query_4_71.graph to CSV in long format.
Global Estimated Value: 2598.00
/home/wangshuo/projects/PROXY/datasets/amazon/query_graph_count/query_4_71.graph Finished!


Start Processing /home/wangshuo/projects/PROXY/datasets/amazon/query_graph_count/query_4_72.graph for core instances with query nodes: 1 
[Info] Auto-selected query root index 3 with (transferred) label 6
[Check] Sample budget = 60000
[Check] Sum of instance estimates = 4720.00, Global estimate = 4720.00, Ratio = 1.00
[Info] Appended instance results for query_4_72.graph to CSV in long format.
Global Estimated Value: 4720.00
/home/wangshuo/projects/PROXY/datasets/amazon/query_graph_count/query_4_72.graph Finished!


Start Processing /home/wangshuo/projects/PROXY/datasets/amazon/query_graph_count/query_4_73.graph for core instances with query nodes: 0 1 2 
[Info] Auto-selected query root index 0 with (transferred) label 0
[Check] Sample budget = 60000
[Check] Sum of instance estimates = 104665.86, Global estimate = 104665.86, Ratio = 1.00
[Info] Appended instance results for query_4_73.graph to CSV in long format.
Global Estimated Value: 104665.86
/home/wangshuo/projects/PROXY/datasets/amazon/query_graph_count/query_4_73.graph Finished!


Start Processing /home/wangshuo/projects/PROXY/datasets/amazon/query_graph_count/query_4_74.graph for core instances with query nodes: 0 1 
[Info] Auto-selected query root index 0 with (transferred) label 3
[Check] Sample budget = 60000
[Check] Sum of instance estimates = 2554.00, Global estimate = 2554.00, Ratio = 1.00
[Info] Appended instance results for query_4_74.graph to CSV in long format.
Global Estimated Value: 2554.00
/home/wangshuo/projects/PROXY/datasets/amazon/query_graph_count/query_4_74.graph Finished!


Start Processing /home/wangshuo/projects/PROXY/datasets/amazon/query_graph_count/query_4_75.graph for core instances with query nodes: 0 3 
[Info] Auto-selected query root index 0 with (transferred) label 2
[Check] Sample budget = 60000
[Check] Sum of instance estimates = 2439.00, Global estimate = 2439.00, Ratio = 1.00
[Info] Appended instance results for query_4_75.graph to CSV in long format.
Global Estimated Value: 2439.00
/home/wangshuo/projects/PROXY/datasets/amazon/query_graph_count/query_4_75.graph Finished!


Start Processing /home/wangshuo/projects/PROXY/datasets/amazon/query_graph_count/query_4_76.graph for core instances with query nodes: 0 3 
[Info] Auto-selected query root index 3 with (transferred) label 3
[Check] Sample budget = 60000
[Check] Sum of instance estimates = 2554.00, Global estimate = 2554.00, Ratio = 1.00
[Info] Appended instance results for query_4_76.graph to CSV in long format.
Global Estimated Value: 2554.00
/home/wangshuo/projects/PROXY/datasets/amazon/query_graph_count/query_4_76.graph Finished!


Start Processing /home/wangshuo/projects/PROXY/datasets/amazon/query_graph_count/query_4_77.graph for core instances with query nodes: 0 2 3 
[Info] Auto-selected query root index 3 with (transferred) label 1
[Check] Sample budget = 60000
[Check] Sum of instance estimates = 2466.55, Global estimate = 2466.55, Ratio = 1.00
[Info] Appended instance results for query_4_77.graph to CSV in long format.
Global Estimated Value: 2466.55
/home/wangshuo/projects/PROXY/datasets/amazon/query_graph_count/query_4_77.graph Finished!


Start Processing /home/wangshuo/projects/PROXY/datasets/amazon/query_graph_count/query_4_78.graph for core instances with query nodes: 0 3 
[Info] Auto-selected query root index 3 with (transferred) label 0
[Check] Sample budget = 60000
[Check] Sum of instance estimates = 2451.00, Global estimate = 2451.00, Ratio = 1.00
[Info] Appended instance results for query_4_78.graph to CSV in long format.
Global Estimated Value: 2451.00
/home/wangshuo/projects/PROXY/datasets/amazon/query_graph_count/query_4_78.graph Finished!


Start Processing /home/wangshuo/projects/PROXY/datasets/amazon/query_graph_count/query_4_79.graph for core instances with query nodes: 0 1 
[Info] Auto-selected query root index 0 with (transferred) label 1
[Check] Sample budget = 60000
[Check] Sum of instance estimates = 2491.00, Global estimate = 2491.00, Ratio = 1.00
[Info] Appended instance results for query_4_79.graph to CSV in long format.
Global Estimated Value: 2491.00
/home/wangshuo/projects/PROXY/datasets/amazon/query_graph_count/query_4_79.graph Finished!


Start Processing /home/wangshuo/projects/PROXY/datasets/amazon/query_graph_count/query_4_8.graph for core instances with query nodes: 3 
[Info] Auto-selected query root index 1 with (transferred) label 6
[Check] Sample budget = 60000
[Check] Sum of instance estimates = 3902.41, Global estimate = 3902.41, Ratio = 1.00
[Info] Appended instance results for query_4_8.graph to CSV in long format.
Global Estimated Value: 3902.41
/home/wangshuo/projects/PROXY/datasets/amazon/query_graph_count/query_4_8.graph Finished!


Start Processing /home/wangshuo/projects/PROXY/datasets/amazon/query_graph_count/query_4_80.graph for core instances with query nodes: 0 1 
[Info] Auto-selected query root index 0 with (transferred) label 0
[Check] Sample budget = 60000
[Check] Sum of instance estimates = 2470.00, Global estimate = 2470.00, Ratio = 1.00
[Info] Appended instance results for query_4_80.graph to CSV in long format.
Global Estimated Value: 2470.00
/home/wangshuo/projects/PROXY/datasets/amazon/query_graph_count/query_4_80.graph Finished!


Start Processing /home/wangshuo/projects/PROXY/datasets/amazon/query_graph_count/query_4_81.graph for core instances with query nodes: 0 3 
[Info] Auto-selected query root index 2 with (transferred) label 6
[Check] Sample budget = 60000
[Check] Sum of instance estimates = 4160.58, Global estimate = 4160.58, Ratio = 1.00
[Info] Appended instance results for query_4_81.graph to CSV in long format.
Global Estimated Value: 4160.58
/home/wangshuo/projects/PROXY/datasets/amazon/query_graph_count/query_4_81.graph Finished!


Start Processing /home/wangshuo/projects/PROXY/datasets/amazon/query_graph_count/query_4_82.graph for core instances with query nodes: 1 2 
[Info] Auto-selected query root index 2 with (transferred) label 0
[Check] Sample budget = 60000
[Check] Sum of instance estimates = 2484.00, Global estimate = 2484.00, Ratio = 1.00
[Info] Appended instance results for query_4_82.graph to CSV in long format.
Global Estimated Value: 2484.00
/home/wangshuo/projects/PROXY/datasets/amazon/query_graph_count/query_4_82.graph Finished!


Start Processing /home/wangshuo/projects/PROXY/datasets/amazon/query_graph_count/query_4_83.graph for core instances with query nodes: 0 3 
[Info] Auto-selected query root index 3 with (transferred) label 1
[Check] Sample budget = 60000
[Check] Sum of instance estimates = 2559.00, Global estimate = 2559.00, Ratio = 1.00
[Info] Appended instance results for query_4_83.graph to CSV in long format.
Global Estimated Value: 2559.00
/home/wangshuo/projects/PROXY/datasets/amazon/query_graph_count/query_4_83.graph Finished!


Start Processing /home/wangshuo/projects/PROXY/datasets/amazon/query_graph_count/query_4_84.graph for core instances with query nodes: 2 3 
[Info] Auto-selected query root index 2 with (transferred) label 2
[Check] Sample budget = 60000
[Check] Sum of instance estimates = 106897.00, Global estimate = 106897.00, Ratio = 1.00
[Info] Appended instance results for query_4_84.graph to CSV in long format.
Global Estimated Value: 106897.00
/home/wangshuo/projects/PROXY/datasets/amazon/query_graph_count/query_4_84.graph Finished!


Start Processing /home/wangshuo/projects/PROXY/datasets/amazon/query_graph_count/query_4_85.graph for core instances with query nodes: 0 2 3 
[Info] Auto-selected query root index 2 with (transferred) label 3
[Check] Sample budget = 60000
[Check] Sum of instance estimates = 124397.43, Global estimate = 124397.43, Ratio = 1.00
[Info] Appended instance results for query_4_85.graph to CSV in long format.
Global Estimated Value: 124397.43
/home/wangshuo/projects/PROXY/datasets/amazon/query_graph_count/query_4_85.graph Finished!


Start Processing /home/wangshuo/projects/PROXY/datasets/amazon/query_graph_count/query_4_86.graph for core instances with query nodes: 0 2 
[Info] Auto-selected query root index 2 with (transferred) label 2
[Check] Sample budget = 60000
[Check] Sum of instance estimates = 2540.00, Global estimate = 2540.00, Ratio = 1.00
[Info] Appended instance results for query_4_86.graph to CSV in long format.
Global Estimated Value: 2540.00
/home/wangshuo/projects/PROXY/datasets/amazon/query_graph_count/query_4_86.graph Finished!


Start Processing /home/wangshuo/projects/PROXY/datasets/amazon/query_graph_count/query_4_87.graph for core instances with query nodes: 0 1 
[Info] Auto-selected query root index 1 with (transferred) label 1
[Check] Sample budget = 60000
[Check] Sum of instance estimates = 2514.00, Global estimate = 2514.00, Ratio = 1.00
[Info] Appended instance results for query_4_87.graph to CSV in long format.
Global Estimated Value: 2514.00
/home/wangshuo/projects/PROXY/datasets/amazon/query_graph_count/query_4_87.graph Finished!


Start Processing /home/wangshuo/projects/PROXY/datasets/amazon/query_graph_count/query_4_88.graph for core instances with query nodes: 0 3 
[Info] Auto-selected query root index 0 with (transferred) label 4
[Check] Sample budget = 60000
[Check] Sum of instance estimates = 2441.00, Global estimate = 2441.00, Ratio = 1.00
[Info] Appended instance results for query_4_88.graph to CSV in long format.
Global Estimated Value: 2441.00
/home/wangshuo/projects/PROXY/datasets/amazon/query_graph_count/query_4_88.graph Finished!


Start Processing /home/wangshuo/projects/PROXY/datasets/amazon/query_graph_count/query_4_89.graph for core instances with query nodes: 1 2 3 
[Info] Auto-selected query root index 3 with (transferred) label 4
[Check] Sample budget = 60000
[Check] Sum of instance estimates = 2465.03, Global estimate = 2465.03, Ratio = 1.00
[Info] Appended instance results for query_4_89.graph to CSV in long format.
Global Estimated Value: 2465.03
/home/wangshuo/projects/PROXY/datasets/amazon/query_graph_count/query_4_89.graph Finished!


Start Processing /home/wangshuo/projects/PROXY/datasets/amazon/query_graph_count/query_4_9.graph for core instances with query nodes: 0 2 3 
[Info] Auto-selected query root index 3 with (transferred) label 2
[Check] Sample budget = 60000
[Check] Sum of instance estimates = 2489.75, Global estimate = 2489.75, Ratio = 1.00
[Info] Appended instance results for query_4_9.graph to CSV in long format.
Global Estimated Value: 2489.75
/home/wangshuo/projects/PROXY/datasets/amazon/query_graph_count/query_4_9.graph Finished!


Start Processing /home/wangshuo/projects/PROXY/datasets/amazon/query_graph_count/query_4_90.graph for core instances with query nodes: 1 2 
[Info] Auto-selected query root index 2 with (transferred) label 3
[Check] Sample budget = 60000
[Check] Sum of instance estimates = 125172.00, Global estimate = 125172.00, Ratio = 1.00
[Info] Appended instance results for query_4_90.graph to CSV in long format.
Global Estimated Value: 125172.00
/home/wangshuo/projects/PROXY/datasets/amazon/query_graph_count/query_4_90.graph Finished!


Start Processing /home/wangshuo/projects/PROXY/datasets/amazon/query_graph_count/query_4_91.graph for core instances with query nodes: 2 3 
[Info] Auto-selected query root index 2 with (transferred) label 4
[Check] Sample budget = 60000
[Check] Sum of instance estimates = 108017.00, Global estimate = 108017.00, Ratio = 1.00
[Info] Appended instance results for query_4_91.graph to CSV in long format.
Global Estimated Value: 108017.00
/home/wangshuo/projects/PROXY/datasets/amazon/query_graph_count/query_4_91.graph Finished!


Start Processing /home/wangshuo/projects/PROXY/datasets/amazon/query_graph_count/query_4_92.graph for core instances with query nodes: 2 3 
[Info] Auto-selected query root index 3 with (transferred) label 0
[Check] Sample budget = 60000
[Check] Sum of instance estimates = 2341.00, Global estimate = 2341.00, Ratio = 1.00
[Info] Appended instance results for query_4_92.graph to CSV in long format.
Global Estimated Value: 2341.00
/home/wangshuo/projects/PROXY/datasets/amazon/query_graph_count/query_4_92.graph Finished!


Start Processing /home/wangshuo/projects/PROXY/datasets/amazon/query_graph_count/query_4_93.graph for core instances with query nodes: 0 1 3 
[Info] Auto-selected query root index 0 with (transferred) label 0
[Check] Sample budget = 60000
[Check] Sum of instance estimates = 104602.78, Global estimate = 104602.78, Ratio = 1.00
[Info] Appended instance results for query_4_93.graph to CSV in long format.
Global Estimated Value: 104602.78
/home/wangshuo/projects/PROXY/datasets/amazon/query_graph_count/query_4_93.graph Finished!


Start Processing /home/wangshuo/projects/PROXY/datasets/amazon/query_graph_count/query_4_94.graph for core instances with query nodes: 0 
[Info] Auto-selected query root index 1 with (transferred) label 6
[Check] Sample budget = 60000
[Check] Sum of instance estimates = 4238.00, Global estimate = 4238.00, Ratio = 1.00
[Info] Appended instance results for query_4_94.graph to CSV in long format.
Global Estimated Value: 4238.00
/home/wangshuo/projects/PROXY/datasets/amazon/query_graph_count/query_4_94.graph Finished!


Start Processing /home/wangshuo/projects/PROXY/datasets/amazon/query_graph_count/query_4_95.graph for core instances with query nodes: 0 3 
[Info] Auto-selected query root index 3 with (transferred) label 0
[Check] Sample budget = 60000
[Check] Sum of instance estimates = 2400.00, Global estimate = 2400.00, Ratio = 1.00
[Info] Appended instance results for query_4_95.graph to CSV in long format.
Global Estimated Value: 2400.00
/home/wangshuo/projects/PROXY/datasets/amazon/query_graph_count/query_4_95.graph Finished!


Start Processing /home/wangshuo/projects/PROXY/datasets/amazon/query_graph_count/query_4_96.graph for core instances with query nodes: 0 1 
[Info] Auto-selected query root index 0 with (transferred) label 1
[Check] Sample budget = 60000
[Check] Sum of instance estimates = 2628.00, Global estimate = 2628.00, Ratio = 1.00
[Info] Appended instance results for query_4_96.graph to CSV in long format.
Global Estimated Value: 2628.00
/home/wangshuo/projects/PROXY/datasets/amazon/query_graph_count/query_4_96.graph Finished!


Start Processing /home/wangshuo/projects/PROXY/datasets/amazon/query_graph_count/query_4_97.graph for core instances with query nodes: 2 3 
[Info] Auto-selected query root index 3 with (transferred) label 0
[Check] Sample budget = 60000
[Check] Sum of instance estimates = 2425.00, Global estimate = 2425.00, Ratio = 1.00
[Info] Appended instance results for query_4_97.graph to CSV in long format.
Global Estimated Value: 2425.00
/home/wangshuo/projects/PROXY/datasets/amazon/query_graph_count/query_4_97.graph Finished!


Start Processing /home/wangshuo/projects/PROXY/datasets/amazon/query_graph_count/query_4_98.graph for core instances with query nodes: 0 1 
[Info] Auto-selected query root index 0 with (transferred) label 4
[Check] Sample budget = 60000
[Check] Sum of instance estimates = 113890.00, Global estimate = 113890.00, Ratio = 1.00
[Info] Appended instance results for query_4_98.graph to CSV in long format.
Global Estimated Value: 113890.00
/home/wangshuo/projects/PROXY/datasets/amazon/query_graph_count/query_4_98.graph Finished!


Start Processing /home/wangshuo/projects/PROXY/datasets/amazon/query_graph_count/query_4_99.graph for core instances with query nodes: 0 1 3 
[Info] Auto-selected query root index 0 with (transferred) label 2
[Check] Sample budget = 60000
[Check] Sum of instance estimates = 2521.46, Global estimate = 2521.46, Ratio = 1.00
[Info] Appended instance results for query_4_99.graph to CSV in long format.
Global Estimated Value: 2521.46
/home/wangshuo/projects/PROXY/datasets/amazon/query_graph_count/query_4_99.graph Finished!


Start Processing /home/wangshuo/projects/PROXY/datasets/amazon/query_graph_count/query_5_0.graph for core instances with query nodes: 2 4 
[Info] Auto-selected query root index 4 with (transferred) label 3
[Check] Sample budget = 60000
[Check] Sum of instance estimates = 542.00, Global estimate = 542.00, Ratio = 1.00
[Info] Appended instance results for query_5_0.graph to CSV in long format.
Global Estimated Value: 542.00
/home/wangshuo/projects/PROXY/datasets/amazon/query_graph_count/query_5_0.graph Finished!


Start Processing /home/wangshuo/projects/PROXY/datasets/amazon/query_graph_count/query_5_1.graph for core instances with query nodes: 0 3 
[Info] Auto-selected query root index 3 with (transferred) label 1
[Check] Sample budget = 60000
[Check] Sum of instance estimates = 34200.33, Global estimate = 34200.33, Ratio = 1.00
[Info] Appended instance results for query_5_1.graph to CSV in long format.
Global Estimated Value: 34200.33
/home/wangshuo/projects/PROXY/datasets/amazon/query_graph_count/query_5_1.graph Finished!


Start Processing /home/wangshuo/projects/PROXY/datasets/amazon/query_graph_count/query_5_10.graph for core instances with query nodes: 0 4 
[Info] Auto-selected query root index 4 with (transferred) label 4
[Check] Sample budget = 60000
[Check] Sum of instance estimates = 32995.11, Global estimate = 32995.11, Ratio = 1.00
[Info] Appended instance results for query_5_10.graph to CSV in long format.
Global Estimated Value: 32995.11
/home/wangshuo/projects/PROXY/datasets/amazon/query_graph_count/query_5_10.graph Finished!


Start Processing /home/wangshuo/projects/PROXY/datasets/amazon/query_graph_count/query_5_100.graph for core instances with query nodes: 1 3 
[Info] Auto-selected query root index 1 with (transferred) label 3
[Check] Sample budget = 60000
[Check] Sum of instance estimates = 2467619.00, Global estimate = 2467619.00, Ratio = 1.00
[Info] Appended instance results for query_5_100.graph to CSV in long format.
Global Estimated Value: 2467619.00
/home/wangshuo/projects/PROXY/datasets/amazon/query_graph_count/query_5_100.graph Finished!


Start Processing /home/wangshuo/projects/PROXY/datasets/amazon/query_graph_count/query_5_101.graph for core instances with query nodes: 0 3 
[Info] Auto-selected query root index 3 with (transferred) label 1
[Check] Sample budget = 60000
[Check] Sum of instance estimates = 527.00, Global estimate = 527.00, Ratio = 1.00
[Info] Appended instance results for query_5_101.graph to CSV in long format.
Global Estimated Value: 527.00
/home/wangshuo/projects/PROXY/datasets/amazon/query_graph_count/query_5_101.graph Finished!


Start Processing /home/wangshuo/projects/PROXY/datasets/amazon/query_graph_count/query_5_102.graph for core instances with query nodes: 3 4 
[Info] Auto-selected query root index 4 with (transferred) label 2
[Check] Sample budget = 60000
[Check] Sum of instance estimates = 40499260.67, Global estimate = 40499260.67, Ratio = 1.00
[Info] Appended instance results for query_5_102.graph to CSV in long format.
Global Estimated Value: 40499260.67
/home/wangshuo/projects/PROXY/datasets/amazon/query_graph_count/query_5_102.graph Finished!


Start Processing /home/wangshuo/projects/PROXY/datasets/amazon/query_graph_count/query_5_103.graph for core instances with query nodes: 3 4 
[Info] Auto-selected query root index 4 with (transferred) label 0
[Check] Sample budget = 60000
[Check] Sum of instance estimates = 33329.42, Global estimate = 33329.42, Ratio = 1.00
[Info] Appended instance results for query_5_103.graph to CSV in long format.
Global Estimated Value: 33329.42
/home/wangshuo/projects/PROXY/datasets/amazon/query_graph_count/query_5_103.graph Finished!


Start Processing /home/wangshuo/projects/PROXY/datasets/amazon/query_graph_count/query_5_104.graph for core instances with query nodes: 1 4 
[Info] Auto-selected query root index 1 with (transferred) label 0
[Check] Sample budget = 60000
[Check] Sum of instance estimates = 29890.00, Global estimate = 29890.00, Ratio = 1.00
[Info] Appended instance results for query_5_104.graph to CSV in long format.
Global Estimated Value: 29890.00
/home/wangshuo/projects/PROXY/datasets/amazon/query_graph_count/query_5_104.graph Finished!


Start Processing /home/wangshuo/projects/PROXY/datasets/amazon/query_graph_count/query_5_105.graph for core instances with query nodes: 1 4 
[Info] Auto-selected query root index 4 with (transferred) label 1
[Check] Sample budget = 60000
[Check] Sum of instance estimates = 2192842.18, Global estimate = 2192842.18, Ratio = 1.00
[Info] Appended instance results for query_5_105.graph to CSV in long format.
Global Estimated Value: 2192842.18
/home/wangshuo/projects/PROXY/datasets/amazon/query_graph_count/query_5_105.graph Finished!


Start Processing /home/wangshuo/projects/PROXY/datasets/amazon/query_graph_count/query_5_106.graph for core instances with query nodes: 1 3 
[Info] Auto-selected query root index 2 with (transferred) label 4
[Check] Sample budget = 60000
[Check] Sum of instance estimates = 491.00, Global estimate = 491.00, Ratio = 1.00
[Info] Appended instance results for query_5_106.graph to CSV in long format.
Global Estimated Value: 491.00
/home/wangshuo/projects/PROXY/datasets/amazon/query_graph_count/query_5_106.graph Finished!


Start Processing /home/wangshuo/projects/PROXY/datasets/amazon/query_graph_count/query_5_107.graph for core instances with query nodes: 2 4 
[Info] Auto-selected query root index 4 with (transferred) label 2
[Check] Sample budget = 60000
[Check] Sum of instance estimates = 1824049.18, Global estimate = 1824049.18, Ratio = 1.00
[Info] Appended instance results for query_5_107.graph to CSV in long format.
Global Estimated Value: 1824049.18
/home/wangshuo/projects/PROXY/datasets/amazon/query_graph_count/query_5_107.graph Finished!


Start Processing /home/wangshuo/projects/PROXY/datasets/amazon/query_graph_count/query_5_108.graph for core instances with query nodes: 0 4 
[Info] Auto-selected query root index 0 with (transferred) label 4
[Check] Sample budget = 60000
[Check] Sum of instance estimates = 491.00, Global estimate = 491.00, Ratio = 1.00
[Info] Appended instance results for query_5_108.graph to CSV in long format.
Global Estimated Value: 491.00
/home/wangshuo/projects/PROXY/datasets/amazon/query_graph_count/query_5_108.graph Finished!


Start Processing /home/wangshuo/projects/PROXY/datasets/amazon/query_graph_count/query_5_109.graph for core instances with query nodes: 0 2 
[Info] Auto-selected query root index 0 with (transferred) label 0
[Check] Sample budget = 60000
[Check] Sum of instance estimates = 31548.00, Global estimate = 31548.00, Ratio = 1.00
[Info] Appended instance results for query_5_109.graph to CSV in long format.
Global Estimated Value: 31548.00
/home/wangshuo/projects/PROXY/datasets/amazon/query_graph_count/query_5_109.graph Finished!


Start Processing /home/wangshuo/projects/PROXY/datasets/amazon/query_graph_count/query_5_11.graph for core instances with query nodes: 0 2 4 
[Info] Auto-selected query root index 1 with (transferred) label 2
[Check] Sample budget = 60000
[Check] Sum of instance estimates = 464.00, Global estimate = 464.00, Ratio = 1.00
[Info] Appended instance results for query_5_11.graph to CSV in long format.
Global Estimated Value: 464.00
/home/wangshuo/projects/PROXY/datasets/amazon/query_graph_count/query_5_11.graph Finished!


Start Processing /home/wangshuo/projects/PROXY/datasets/amazon/query_graph_count/query_5_110.graph for core instances with query nodes: 0 2 4 
[Info] Auto-selected query root index 2 with (transferred) label 2
[Check] Sample budget = 60000
[Check] Sum of instance estimates = 922.74, Global estimate = 922.74, Ratio = 1.00
[Info] Appended instance results for query_5_110.graph to CSV in long format.
Global Estimated Value: 922.74
/home/wangshuo/projects/PROXY/datasets/amazon/query_graph_count/query_5_110.graph Finished!


Start Processing /home/wangshuo/projects/PROXY/datasets/amazon/query_graph_count/query_5_111.graph for core instances with query nodes: 1 2 4 
[Info] Auto-selected query root index 0 with (transferred) label 0
[Check] Sample budget = 60000
[Check] Sum of instance estimates = 443.00, Global estimate = 443.00, Ratio = 1.00
[Info] Appended instance results for query_5_111.graph to CSV in long format.
Global Estimated Value: 443.00
/home/wangshuo/projects/PROXY/datasets/amazon/query_graph_count/query_5_111.graph Finished!


Start Processing /home/wangshuo/projects/PROXY/datasets/amazon/query_graph_count/query_5_112.graph for core instances with query nodes: 3 4 
[Info] Auto-selected query root index 3 with (transferred) label 0
[Check] Sample budget = 60000
[Check] Sum of instance estimates = 1751419.32, Global estimate = 1751419.32, Ratio = 1.00
[Info] Appended instance results for query_5_112.graph to CSV in long format.
Global Estimated Value: 1751419.32
/home/wangshuo/projects/PROXY/datasets/amazon/query_graph_count/query_5_112.graph Finished!


Start Processing /home/wangshuo/projects/PROXY/datasets/amazon/query_graph_count/query_5_113.graph for core instances with query nodes: 0 1 3 
[Info] Auto-selected query root index 3 with (transferred) label 1
[Check] Sample budget = 60000
[Check] Sum of instance estimates = 503.99, Global estimate = 503.99, Ratio = 1.00
[Info] Appended instance results for query_5_113.graph to CSV in long format.
Global Estimated Value: 503.99
/home/wangshuo/projects/PROXY/datasets/amazon/query_graph_count/query_5_113.graph Finished!


Start Processing /home/wangshuo/projects/PROXY/datasets/amazon/query_graph_count/query_5_114.graph for core instances with query nodes: 1 3 
[Info] Auto-selected query root index 3 with (transferred) label 0
[Check] Sample budget = 60000
[Check] Sum of instance estimates = 32162.00, Global estimate = 32162.00, Ratio = 1.00
[Info] Appended instance results for query_5_114.graph to CSV in long format.
Global Estimated Value: 32162.00
/home/wangshuo/projects/PROXY/datasets/amazon/query_graph_count/query_5_114.graph Finished!


Start Processing /home/wangshuo/projects/PROXY/datasets/amazon/query_graph_count/query_5_115.graph for core instances with query nodes: 2 3 4 
[Info] Auto-selected query root index 4 with (transferred) label 1
[Check] Sample budget = 60000
[Check] Sum of instance estimates = 31038.37, Global estimate = 31038.37, Ratio = 1.00
[Info] Appended instance results for query_5_115.graph to CSV in long format.
Global Estimated Value: 31038.37
/home/wangshuo/projects/PROXY/datasets/amazon/query_graph_count/query_5_115.graph Finished!


Start Processing /home/wangshuo/projects/PROXY/datasets/amazon/query_graph_count/query_5_116.graph for core instances with query nodes: 0 3 
[Info] Auto-selected query root index 0 with (transferred) label 1
[Check] Sample budget = 60000
[Check] Sum of instance estimates = 814.33, Global estimate = 814.33, Ratio = 1.00
[Info] Appended instance results for query_5_116.graph to CSV in long format.
Global Estimated Value: 814.33
/home/wangshuo/projects/PROXY/datasets/amazon/query_graph_count/query_5_116.graph Finished!


Start Processing /home/wangshuo/projects/PROXY/datasets/amazon/query_graph_count/query_5_117.graph for core instances with query nodes: 2 3 4 
[Info] Auto-selected query root index 4 with (transferred) label 1
[Check] Sample budget = 60000
[Check] Sum of instance estimates = 790.10, Global estimate = 790.10, Ratio = 1.00
[Info] Appended instance results for query_5_117.graph to CSV in long format.
Global Estimated Value: 790.10
/home/wangshuo/projects/PROXY/datasets/amazon/query_graph_count/query_5_117.graph Finished!


Start Processing /home/wangshuo/projects/PROXY/datasets/amazon/query_graph_count/query_5_118.graph for core instances with query nodes: 2 3 4 
[Info] Auto-selected query root index 3 with (transferred) label 3
[Check] Sample budget = 60000
[Check] Sum of instance estimates = 2458462.16, Global estimate = 2458462.16, Ratio = 1.00
[Info] Appended instance results for query_5_118.graph to CSV in long format.
Global Estimated Value: 2458462.16
/home/wangshuo/projects/PROXY/datasets/amazon/query_graph_count/query_5_118.graph Finished!


Start Processing /home/wangshuo/projects/PROXY/datasets/amazon/query_graph_count/query_5_119.graph for core instances with query nodes: 1 2 4 
[Info] Auto-selected query root index 1 with (transferred) label 2
[Check] Sample budget = 60000
[Check] Sum of instance estimates = 1980590.62, Global estimate = 1980590.62, Ratio = 1.00
[Info] Appended instance results for query_5_119.graph to CSV in long format.
Global Estimated Value: 1980590.62
/home/wangshuo/projects/PROXY/datasets/amazon/query_graph_count/query_5_119.graph Finished!


Start Processing /home/wangshuo/projects/PROXY/datasets/amazon/query_graph_count/query_5_12.graph for core instances with query nodes: 0 3 
[Info] Auto-selected query root index 4 with (transferred) label 1
[Check] Sample budget = 60000
[Check] Sum of instance estimates = 461.00, Global estimate = 461.00, Ratio = 1.00
[Info] Appended instance results for query_5_12.graph to CSV in long format.
Global Estimated Value: 461.00
/home/wangshuo/projects/PROXY/datasets/amazon/query_graph_count/query_5_12.graph Finished!


Start Processing /home/wangshuo/projects/PROXY/datasets/amazon/query_graph_count/query_5_120.graph for core instances with query nodes: 2 3 4 
[Info] Auto-selected query root index 4 with (transferred) label 1
[Check] Sample budget = 60000
[Check] Sum of instance estimates = 862.44, Global estimate = 862.44, Ratio = 1.00
[Info] Appended instance results for query_5_120.graph to CSV in long format.
Global Estimated Value: 862.44
/home/wangshuo/projects/PROXY/datasets/amazon/query_graph_count/query_5_120.graph Finished!


Start Processing /home/wangshuo/projects/PROXY/datasets/amazon/query_graph_count/query_5_121.graph for core instances with query nodes: 1 4 
[Info] Auto-selected query root index 4 with (transferred) label 2
[Check] Sample budget = 60000
[Check] Sum of instance estimates = 32624.99, Global estimate = 32624.99, Ratio = 1.00
[Info] Appended instance results for query_5_121.graph to CSV in long format.
Global Estimated Value: 32624.99
/home/wangshuo/projects/PROXY/datasets/amazon/query_graph_count/query_5_121.graph Finished!


Start Processing /home/wangshuo/projects/PROXY/datasets/amazon/query_graph_count/query_5_122.graph for core instances with query nodes: 1 4 
[Info] Auto-selected query root index 1 with (transferred) label 4
[Check] Sample budget = 60000
[Check] Sum of instance estimates = 34505.00, Global estimate = 34505.00, Ratio = 1.00
[Info] Appended instance results for query_5_122.graph to CSV in long format.
Global Estimated Value: 34505.00
/home/wangshuo/projects/PROXY/datasets/amazon/query_graph_count/query_5_122.graph Finished!


Start Processing /home/wangshuo/projects/PROXY/datasets/amazon/query_graph_count/query_5_123.graph for core instances with query nodes: 1 2 
[Info] Auto-selected query root index 1 with (transferred) label 4
[Check] Sample budget = 60000
[Check] Sum of instance estimates = 502.00, Global estimate = 502.00, Ratio = 1.00
[Info] Appended instance results for query_5_123.graph to CSV in long format.
Global Estimated Value: 502.00
/home/wangshuo/projects/PROXY/datasets/amazon/query_graph_count/query_5_123.graph Finished!


Start Processing /home/wangshuo/projects/PROXY/datasets/amazon/query_graph_count/query_5_124.graph for core instances with query nodes: 0 4 
[Info] Auto-selected query root index 0 with (transferred) label 4
[Check] Sample budget = 60000
[Check] Sum of instance estimates = 981.00, Global estimate = 981.00, Ratio = 1.00
[Info] Appended instance results for query_5_124.graph to CSV in long format.
Global Estimated Value: 981.00
/home/wangshuo/projects/PROXY/datasets/amazon/query_graph_count/query_5_124.graph Finished!


Start Processing /home/wangshuo/projects/PROXY/datasets/amazon/query_graph_count/query_5_125.graph for core instances with query nodes: 1 2 
[Info] Auto-selected query root index 1 with (transferred) label 3
[Check] Sample budget = 60000
[Check] Sum of instance estimates = 857.00, Global estimate = 857.00, Ratio = 1.00
[Info] Appended instance results for query_5_125.graph to CSV in long format.
Global Estimated Value: 857.00
/home/wangshuo/projects/PROXY/datasets/amazon/query_graph_count/query_5_125.graph Finished!


Start Processing /home/wangshuo/projects/PROXY/datasets/amazon/query_graph_count/query_5_126.graph for core instances with query nodes: 0 2 
[Info] Auto-selected query root index 0 with (transferred) label 4
[Check] Sample budget = 60000
[Check] Sum of instance estimates = 476.00, Global estimate = 476.00, Ratio = 1.00
[Info] Appended instance results for query_5_126.graph to CSV in long format.
Global Estimated Value: 476.00
/home/wangshuo/projects/PROXY/datasets/amazon/query_graph_count/query_5_126.graph Finished!


Start Processing /home/wangshuo/projects/PROXY/datasets/amazon/query_graph_count/query_5_127.graph for core instances with query nodes: 0 3 
[Info] Auto-selected query root index 0 with (transferred) label 3
[Check] Sample budget = 60000
[Check] Sum of instance estimates = 38662.00, Global estimate = 38662.00, Ratio = 1.00
[Info] Appended instance results for query_5_127.graph to CSV in long format.
Global Estimated Value: 38662.00
/home/wangshuo/projects/PROXY/datasets/amazon/query_graph_count/query_5_127.graph Finished!


Start Processing /home/wangshuo/projects/PROXY/datasets/amazon/query_graph_count/query_5_128.graph for core instances with query nodes: 0 1 
[Info] Auto-selected query root index 1 with (transferred) label 0
[Check] Sample budget = 60000
[Check] Sum of instance estimates = 28537.00, Global estimate = 28537.00, Ratio = 1.00
[Info] Appended instance results for query_5_128.graph to CSV in long format.
Global Estimated Value: 28537.00
/home/wangshuo/projects/PROXY/datasets/amazon/query_graph_count/query_5_128.graph Finished!


Start Processing /home/wangshuo/projects/PROXY/datasets/amazon/query_graph_count/query_5_129.graph for core instances with query nodes: 3 4 
[Info] Auto-selected query root index 0 with (transferred) label 2
[Check] Sample budget = 60000
[Check] Sum of instance estimates = 517.00, Global estimate = 517.00, Ratio = 1.00
[Info] Appended instance results for query_5_129.graph to CSV in long format.
Global Estimated Value: 517.00
/home/wangshuo/projects/PROXY/datasets/amazon/query_graph_count/query_5_129.graph Finished!


Start Processing /home/wangshuo/projects/PROXY/datasets/amazon/query_graph_count/query_5_13.graph for core instances with query nodes: 1 2 
[Info] Auto-selected query root index 2 with (transferred) label 0
[Check] Sample budget = 60000
[Check] Sum of instance estimates = 1836330.00, Global estimate = 1836330.00, Ratio = 1.00
[Info] Appended instance results for query_5_13.graph to CSV in long format.
Global Estimated Value: 1836330.00
/home/wangshuo/projects/PROXY/datasets/amazon/query_graph_count/query_5_13.graph Finished!


Start Processing /home/wangshuo/projects/PROXY/datasets/amazon/query_graph_count/query_5_130.graph for core instances with query nodes: 1 2 4 
[Info] Auto-selected query root index 2 with (transferred) label 1
[Check] Sample budget = 60000
[Check] Sum of instance estimates = 2047056.58, Global estimate = 2047056.58, Ratio = 1.00
[Info] Appended instance results for query_5_130.graph to CSV in long format.
Global Estimated Value: 2047056.58
/home/wangshuo/projects/PROXY/datasets/amazon/query_graph_count/query_5_130.graph Finished!


Start Processing /home/wangshuo/projects/PROXY/datasets/amazon/query_graph_count/query_5_131.graph for core instances with query nodes: 0 1 4 
[Info] Auto-selected query root index 1 with (transferred) label 1
[Check] Sample budget = 60000
[Check] Sum of instance estimates = 33634.55, Global estimate = 33634.55, Ratio = 1.00
[Info] Appended instance results for query_5_131.graph to CSV in long format.
Global Estimated Value: 33634.55
/home/wangshuo/projects/PROXY/datasets/amazon/query_graph_count/query_5_131.graph Finished!


Start Processing /home/wangshuo/projects/PROXY/datasets/amazon/query_graph_count/query_5_132.graph for core instances with query nodes: 0 3 
[Info] Auto-selected query root index 0 with (transferred) label 3
[Check] Sample budget = 60000
[Check] Sum of instance estimates = 2479118.00, Global estimate = 2479118.00, Ratio = 1.00
[Info] Appended instance results for query_5_132.graph to CSV in long format.
Global Estimated Value: 2479118.00
/home/wangshuo/projects/PROXY/datasets/amazon/query_graph_count/query_5_132.graph Finished!


Start Processing /home/wangshuo/projects/PROXY/datasets/amazon/query_graph_count/query_5_133.graph for core instances with query nodes: 0 3 
[Info] Auto-selected query root index 0 with (transferred) label 2
[Check] Sample budget = 60000
[Check] Sum of instance estimates = 1083.00, Global estimate = 1083.00, Ratio = 1.00
[Info] Appended instance results for query_5_133.graph to CSV in long format.
Global Estimated Value: 1083.00
/home/wangshuo/projects/PROXY/datasets/amazon/query_graph_count/query_5_133.graph Finished!


Start Processing /home/wangshuo/projects/PROXY/datasets/amazon/query_graph_count/query_5_134.graph for core instances with query nodes: 1 2 
[Info] Auto-selected query root index 1 with (transferred) label 3
[Check] Sample budget = 60000
[Check] Sum of instance estimates = 2486113.00, Global estimate = 2486113.00, Ratio = 1.00
[Info] Appended instance results for query_5_134.graph to CSV in long format.
Global Estimated Value: 2486113.00
/home/wangshuo/projects/PROXY/datasets/amazon/query_graph_count/query_5_134.graph Finished!


Start Processing /home/wangshuo/projects/PROXY/datasets/amazon/query_graph_count/query_5_135.graph for core instances with query nodes: 0 4 
[Info] Auto-selected query root index 0 with (transferred) label 0
[Check] Sample budget = 60000
[Check] Sum of instance estimates = 1014.00, Global estimate = 1014.00, Ratio = 1.00
[Info] Appended instance results for query_5_135.graph to CSV in long format.
Global Estimated Value: 1014.00
/home/wangshuo/projects/PROXY/datasets/amazon/query_graph_count/query_5_135.graph Finished!


Start Processing /home/wangshuo/projects/PROXY/datasets/amazon/query_graph_count/query_5_136.graph for core instances with query nodes: 0 1 4 
[Info] Auto-selected query root index 0 with (transferred) label 0
[Check] Sample budget = 60000
[Check] Sum of instance estimates = 1822222.37, Global estimate = 1822222.37, Ratio = 1.00
[Info] Appended instance results for query_5_136.graph to CSV in long format.
Global Estimated Value: 1822222.37
/home/wangshuo/projects/PROXY/datasets/amazon/query_graph_count/query_5_136.graph Finished!


Start Processing /home/wangshuo/projects/PROXY/datasets/amazon/query_graph_count/query_5_137.graph for core instances with query nodes: 0 1 
[Info] Auto-selected query root index 1 with (transferred) label 4
[Check] Sample budget = 60000
[Check] Sum of instance estimates = 32489.26, Global estimate = 32489.26, Ratio = 1.00
[Info] Appended instance results for query_5_137.graph to CSV in long format.
Global Estimated Value: 32489.26
/home/wangshuo/projects/PROXY/datasets/amazon/query_graph_count/query_5_137.graph Finished!


Start Processing /home/wangshuo/projects/PROXY/datasets/amazon/query_graph_count/query_5_138.graph for core instances with query nodes: 0 4 
[Info] Auto-selected query root index 4 with (transferred) label 1
[Check] Sample budget = 60000
[Check] Sum of instance estimates = 32918.00, Global estimate = 32918.00, Ratio = 1.00
[Info] Appended instance results for query_5_138.graph to CSV in long format.
Global Estimated Value: 32918.00
/home/wangshuo/projects/PROXY/datasets/amazon/query_graph_count/query_5_138.graph Finished!


Start Processing /home/wangshuo/projects/PROXY/datasets/amazon/query_graph_count/query_5_139.graph for core instances with query nodes: 2 3 4 
[Info] Auto-selected query root index 4 with (transferred) label 1
[Check] Sample budget = 60000
[Check] Sum of instance estimates = 2191028.65, Global estimate = 2191028.65, Ratio = 1.00
[Info] Appended instance results for query_5_139.graph to CSV in long format.
Global Estimated Value: 2191028.65
/home/wangshuo/projects/PROXY/datasets/amazon/query_graph_count/query_5_139.graph Finished!


Start Processing /home/wangshuo/projects/PROXY/datasets/amazon/query_graph_count/query_5_14.graph for core instances with query nodes: 3 
[Info] Auto-selected query root index 1 with (transferred) label 6
[Check] Sample budget = 60000
[Check] Sum of instance estimates = 12317.50, Global estimate = 12317.50, Ratio = 1.00
[Info] Appended instance results for query_5_14.graph to CSV in long format.
Global Estimated Value: 12317.50
/home/wangshuo/projects/PROXY/datasets/amazon/query_graph_count/query_5_14.graph Finished!


Start Processing /home/wangshuo/projects/PROXY/datasets/amazon/query_graph_count/query_5_140.graph for core instances with query nodes: 1 2 4 
[Info] Auto-selected query root index 4 with (transferred) label 3
[Check] Sample budget = 60000
[Check] Sum of instance estimates = 2479332.92, Global estimate = 2479332.92, Ratio = 1.00
[Info] Appended instance results for query_5_140.graph to CSV in long format.
Global Estimated Value: 2479332.92
/home/wangshuo/projects/PROXY/datasets/amazon/query_graph_count/query_5_140.graph Finished!


Start Processing /home/wangshuo/projects/PROXY/datasets/amazon/query_graph_count/query_5_141.graph for core instances with query nodes: 0 1 2 
[Info] Auto-selected query root index 1 with (transferred) label 3
[Check] Sample budget = 60000
[Check] Sum of instance estimates = 544.19, Global estimate = 544.19, Ratio = 1.00
[Info] Appended instance results for query_5_141.graph to CSV in long format.
Global Estimated Value: 544.19
/home/wangshuo/projects/PROXY/datasets/amazon/query_graph_count/query_5_141.graph Finished!


Start Processing /home/wangshuo/projects/PROXY/datasets/amazon/query_graph_count/query_5_142.graph for core instances with query nodes: 0 2 
[Info] Auto-selected query root index 0 with (transferred) label 4
[Check] Sample budget = 60000
[Check] Sum of instance estimates = 2122262.00, Global estimate = 2122262.00, Ratio = 1.00
[Info] Appended instance results for query_5_142.graph to CSV in long format.
Global Estimated Value: 2122262.00
/home/wangshuo/projects/PROXY/datasets/amazon/query_graph_count/query_5_142.graph Finished!


Start Processing /home/wangshuo/projects/PROXY/datasets/amazon/query_graph_count/query_5_143.graph for core instances with query nodes: 0 1 4 
[Info] Auto-selected query root index 0 with (transferred) label 4
[Check] Sample budget = 60000
[Check] Sum of instance estimates = 32656.13, Global estimate = 32656.13, Ratio = 1.00
[Info] Appended instance results for query_5_143.graph to CSV in long format.
Global Estimated Value: 32656.13
/home/wangshuo/projects/PROXY/datasets/amazon/query_graph_count/query_5_143.graph Finished!


Start Processing /home/wangshuo/projects/PROXY/datasets/amazon/query_graph_count/query_5_144.graph for core instances with query nodes: 0 2 
[Info] Auto-selected query root index 0 with (transferred) label 1
[Check] Sample budget = 60000
[Check] Sum of instance estimates = 2194198.83, Global estimate = 2194198.83, Ratio = 1.00
[Info] Appended instance results for query_5_144.graph to CSV in long format.
Global Estimated Value: 2194198.83
/home/wangshuo/projects/PROXY/datasets/amazon/query_graph_count/query_5_144.graph Finished!


Start Processing /home/wangshuo/projects/PROXY/datasets/amazon/query_graph_count/query_5_145.graph for core instances with query nodes: 2 4 
[Info] Auto-selected query root index 2 with (transferred) label 2
[Check] Sample budget = 60000
[Check] Sum of instance estimates = 1921531.00, Global estimate = 1921531.00, Ratio = 1.00
[Info] Appended instance results for query_5_145.graph to CSV in long format.
Global Estimated Value: 1921531.00
/home/wangshuo/projects/PROXY/datasets/amazon/query_graph_count/query_5_145.graph Finished!


Start Processing /home/wangshuo/projects/PROXY/datasets/amazon/query_graph_count/query_5_146.graph for core instances with query nodes: 0 1 3 
[Info] Auto-selected query root index 0 with (transferred) label 2
[Check] Sample budget = 60000
[Check] Sum of instance estimates = 916.77, Global estimate = 916.77, Ratio = 1.00
[Info] Appended instance results for query_5_146.graph to CSV in long format.
Global Estimated Value: 916.77
/home/wangshuo/projects/PROXY/datasets/amazon/query_graph_count/query_5_146.graph Finished!


Start Processing /home/wangshuo/projects/PROXY/datasets/amazon/query_graph_count/query_5_147.graph for core instances with query nodes: 0 1 
[Info] Auto-selected query root index 0 with (transferred) label 2
[Check] Sample budget = 60000
[Check] Sum of instance estimates = 33237.57, Global estimate = 33237.57, Ratio = 1.00
[Info] Appended instance results for query_5_147.graph to CSV in long format.
Global Estimated Value: 33237.57
/home/wangshuo/projects/PROXY/datasets/amazon/query_graph_count/query_5_147.graph Finished!


Start Processing /home/wangshuo/projects/PROXY/datasets/amazon/query_graph_count/query_5_148.graph for core instances with query nodes: 0 1 2 
[Info] Auto-selected query root index 0 with (transferred) label 2
[Check] Sample budget = 60000
[Check] Sum of instance estimates = 33908.96, Global estimate = 33908.96, Ratio = 1.00
[Info] Appended instance results for query_5_148.graph to CSV in long format.
Global Estimated Value: 33908.96
/home/wangshuo/projects/PROXY/datasets/amazon/query_graph_count/query_5_148.graph Finished!


Start Processing /home/wangshuo/projects/PROXY/datasets/amazon/query_graph_count/query_5_149.graph for core instances with query nodes: 2 4 
[Info] Auto-selected query root index 2 with (transferred) label 3
[Check] Sample budget = 60000
[Check] Sum of instance estimates = 2455783.99, Global estimate = 2455783.99, Ratio = 1.00
[Info] Appended instance results for query_5_149.graph to CSV in long format.
Global Estimated Value: 2455783.99
/home/wangshuo/projects/PROXY/datasets/amazon/query_graph_count/query_5_149.graph Finished!


Start Processing /home/wangshuo/projects/PROXY/datasets/amazon/query_graph_count/query_5_15.graph for core instances with query nodes: 0 2 4 
[Info] Auto-selected query root index 4 with (transferred) label 4
[Check] Sample budget = 60000
[Check] Sum of instance estimates = 799.04, Global estimate = 799.04, Ratio = 1.00
[Info] Appended instance results for query_5_15.graph to CSV in long format.
Global Estimated Value: 799.04
/home/wangshuo/projects/PROXY/datasets/amazon/query_graph_count/query_5_15.graph Finished!


Start Processing /home/wangshuo/projects/PROXY/datasets/amazon/query_graph_count/query_5_16.graph for core instances with query nodes: 1 4 
[Info] Auto-selected query root index 4 with (transferred) label 3
[Check] Sample budget = 60000
[Check] Sum of instance estimates = 827.00, Global estimate = 827.00, Ratio = 1.00
[Info] Appended instance results for query_5_16.graph to CSV in long format.
Global Estimated Value: 827.00
/home/wangshuo/projects/PROXY/datasets/amazon/query_graph_count/query_5_16.graph Finished!


Start Processing /home/wangshuo/projects/PROXY/datasets/amazon/query_graph_count/query_5_17.graph for core instances with query nodes: 0 2 
[Info] Auto-selected query root index 0 with (transferred) label 4
[Check] Sample budget = 60000
[Check] Sum of instance estimates = 1106.00, Global estimate = 1106.00, Ratio = 1.00
[Info] Appended instance results for query_5_17.graph to CSV in long format.
Global Estimated Value: 1106.00
/home/wangshuo/projects/PROXY/datasets/amazon/query_graph_count/query_5_17.graph Finished!


Start Processing /home/wangshuo/projects/PROXY/datasets/amazon/query_graph_count/query_5_18.graph for core instances with query nodes: 0 1 3 4 
[Info] Auto-selected query root index 0 with (transferred) label 4
[Check] Sample budget = 60000
[Check] Sum of instance estimates = 822.64, Global estimate = 822.64, Ratio = 1.00
[Info] Appended instance results for query_5_18.graph to CSV in long format.
Global Estimated Value: 822.64
/home/wangshuo/projects/PROXY/datasets/amazon/query_graph_count/query_5_18.graph Finished!


Start Processing /home/wangshuo/projects/PROXY/datasets/amazon/query_graph_count/query_5_19.graph for core instances with query nodes: 2 4 
[Info] Auto-selected query root index 4 with (transferred) label 4
[Check] Sample budget = 60000
[Check] Sum of instance estimates = 2053003.00, Global estimate = 2053003.00, Ratio = 1.00
[Info] Appended instance results for query_5_19.graph to CSV in long format.
Global Estimated Value: 2053003.00
/home/wangshuo/projects/PROXY/datasets/amazon/query_graph_count/query_5_19.graph Finished!


Start Processing /home/wangshuo/projects/PROXY/datasets/amazon/query_graph_count/query_5_2.graph for core instances with query nodes: 1 4 
[Info] Auto-selected query root index 4 with (transferred) label 1
[Check] Sample budget = 60000
[Check] Sum of instance estimates = 489.00, Global estimate = 489.00, Ratio = 1.00
[Info] Appended instance results for query_5_2.graph to CSV in long format.
Global Estimated Value: 489.00
/home/wangshuo/projects/PROXY/datasets/amazon/query_graph_count/query_5_2.graph Finished!


Start Processing /home/wangshuo/projects/PROXY/datasets/amazon/query_graph_count/query_5_20.graph for core instances with query nodes: 0 4 
[Info] Auto-selected query root index 0 with (transferred) label 0
[Check] Sample budget = 60000
[Check] Sum of instance estimates = 30621.67, Global estimate = 30621.67, Ratio = 1.00
[Info] Appended instance results for query_5_20.graph to CSV in long format.
Global Estimated Value: 30621.67
/home/wangshuo/projects/PROXY/datasets/amazon/query_graph_count/query_5_20.graph Finished!


Start Processing /home/wangshuo/projects/PROXY/datasets/amazon/query_graph_count/query_5_21.graph for core instances with query nodes: 0 2 3 
[Info] Auto-selected query root index 0 with (transferred) label 4
[Check] Sample budget = 60000
[Check] Sum of instance estimates = 2107193.15, Global estimate = 2107193.15, Ratio = 1.00
[Info] Appended instance results for query_5_21.graph to CSV in long format.
Global Estimated Value: 2107193.15
/home/wangshuo/projects/PROXY/datasets/amazon/query_graph_count/query_5_21.graph Finished!


Start Processing /home/wangshuo/projects/PROXY/datasets/amazon/query_graph_count/query_5_22.graph for core instances with query nodes: 0 1 4 
[Info] Auto-selected query root index 1 with (transferred) label 2
[Check] Sample budget = 60000
[Check] Sum of instance estimates = 488.18, Global estimate = 488.18, Ratio = 1.00
[Info] Appended instance results for query_5_22.graph to CSV in long format.
Global Estimated Value: 488.18
/home/wangshuo/projects/PROXY/datasets/amazon/query_graph_count/query_5_22.graph Finished!


Start Processing /home/wangshuo/projects/PROXY/datasets/amazon/query_graph_count/query_5_23.graph for core instances with query nodes: 0 2 
[Info] Auto-selected query root index 2 with (transferred) label 2
[Check] Sample budget = 60000
[Check] Sum of instance estimates = 1957388.00, Global estimate = 1957388.00, Ratio = 1.00
[Info] Appended instance results for query_5_23.graph to CSV in long format.
Global Estimated Value: 1957388.00
/home/wangshuo/projects/PROXY/datasets/amazon/query_graph_count/query_5_23.graph Finished!


Start Processing /home/wangshuo/projects/PROXY/datasets/amazon/query_graph_count/query_5_24.graph for core instances with query nodes: 2 4 
[Info] Auto-selected query root index 4 with (transferred) label 2
[Check] Sample budget = 60000
[Check] Sum of instance estimates = 1957388.00, Global estimate = 1957388.00, Ratio = 1.00
[Info] Appended instance results for query_5_24.graph to CSV in long format.
Global Estimated Value: 1957388.00
/home/wangshuo/projects/PROXY/datasets/amazon/query_graph_count/query_5_24.graph Finished!


Start Processing /home/wangshuo/projects/PROXY/datasets/amazon/query_graph_count/query_5_25.graph for core instances with query nodes: 0 1 4 
[Info] Auto-selected query root index 0 with (transferred) label 2
[Check] Sample budget = 60000
[Check] Sum of instance estimates = 970.20, Global estimate = 970.20, Ratio = 1.00
[Info] Appended instance results for query_5_25.graph to CSV in long format.
Global Estimated Value: 970.20
/home/wangshuo/projects/PROXY/datasets/amazon/query_graph_count/query_5_25.graph Finished!


Start Processing /home/wangshuo/projects/PROXY/datasets/amazon/query_graph_count/query_5_26.graph for core instances with query nodes: 0 1 
[Info] Auto-selected query root index 0 with (transferred) label 4
[Check] Sample budget = 60000
[Check] Sum of instance estimates = 33851.92, Global estimate = 33851.92, Ratio = 1.00
[Info] Appended instance results for query_5_26.graph to CSV in long format.
Global Estimated Value: 33851.92
/home/wangshuo/projects/PROXY/datasets/amazon/query_graph_count/query_5_26.graph Finished!


Start Processing /home/wangshuo/projects/PROXY/datasets/amazon/query_graph_count/query_5_27.graph for core instances with query nodes: 1 4 
[Info] Auto-selected query root index 1 with (transferred) label 4
[Check] Sample budget = 60000
[Check] Sum of instance estimates = 1106.00, Global estimate = 1106.00, Ratio = 1.00
[Info] Appended instance results for query_5_27.graph to CSV in long format.
Global Estimated Value: 1106.00
/home/wangshuo/projects/PROXY/datasets/amazon/query_graph_count/query_5_27.graph Finished!


Start Processing /home/wangshuo/projects/PROXY/datasets/amazon/query_graph_count/query_5_28.graph for core instances with query nodes: 0 3 
[Info] Auto-selected query root index 4 with (transferred) label 4
[Check] Sample budget = 60000
[Check] Sum of instance estimates = 506.00, Global estimate = 506.00, Ratio = 1.00
[Info] Appended instance results for query_5_28.graph to CSV in long format.
Global Estimated Value: 506.00
/home/wangshuo/projects/PROXY/datasets/amazon/query_graph_count/query_5_28.graph Finished!


Start Processing /home/wangshuo/projects/PROXY/datasets/amazon/query_graph_count/query_5_29.graph for core instances with query nodes: 1 2 3 
[Info] Auto-selected query root index 2 with (transferred) label 3
[Check] Sample budget = 60000
[Check] Sum of instance estimates = 61321074.45, Global estimate = 61321074.45, Ratio = 1.00
[Info] Appended instance results for query_5_29.graph to CSV in long format.
Global Estimated Value: 61321074.45
/home/wangshuo/projects/PROXY/datasets/amazon/query_graph_count/query_5_29.graph Finished!


Start Processing /home/wangshuo/projects/PROXY/datasets/amazon/query_graph_count/query_5_3.graph for core instances with query nodes: 1 2 4 
[Info] Auto-selected query root index 2 with (transferred) label 2
[Check] Sample budget = 60000
[Check] Sum of instance estimates = 1986021.92, Global estimate = 1986021.92, Ratio = 1.00
[Info] Appended instance results for query_5_3.graph to CSV in long format.
Global Estimated Value: 1986021.92
/home/wangshuo/projects/PROXY/datasets/amazon/query_graph_count/query_5_3.graph Finished!


Start Processing /home/wangshuo/projects/PROXY/datasets/amazon/query_graph_count/query_5_30.graph for core instances with query nodes: 1 2 
[Info] Auto-selected query root index 1 with (transferred) label 2
[Check] Sample budget = 60000
[Check] Sum of instance estimates = 493.00, Global estimate = 493.00, Ratio = 1.00
[Info] Appended instance results for query_5_30.graph to CSV in long format.
Global Estimated Value: 493.00
/home/wangshuo/projects/PROXY/datasets/amazon/query_graph_count/query_5_30.graph Finished!


Start Processing /home/wangshuo/projects/PROXY/datasets/amazon/query_graph_count/query_5_31.graph for core instances with query nodes: 2 4 
[Info] Auto-selected query root index 2 with (transferred) label 3
[Check] Sample budget = 60000
[Check] Sum of instance estimates = 2470913.79, Global estimate = 2470913.79, Ratio = 1.00
[Info] Appended instance results for query_5_31.graph to CSV in long format.
Global Estimated Value: 2470913.79
/home/wangshuo/projects/PROXY/datasets/amazon/query_graph_count/query_5_31.graph Finished!


Start Processing /home/wangshuo/projects/PROXY/datasets/amazon/query_graph_count/query_5_32.graph for core instances with query nodes: 3 4 
[Info] Auto-selected query root index 3 with (transferred) label 4
[Check] Sample budget = 60000
[Check] Sum of instance estimates = 2122262.00, Global estimate = 2122262.00, Ratio = 1.00
[Info] Appended instance results for query_5_32.graph to CSV in long format.
Global Estimated Value: 2122262.00
/home/wangshuo/projects/PROXY/datasets/amazon/query_graph_count/query_5_32.graph Finished!


Start Processing /home/wangshuo/projects/PROXY/datasets/amazon/query_graph_count/query_5_33.graph for core instances with query nodes: 3 4 
[Info] Auto-selected query root index 0 with (transferred) label 1
[Check] Sample budget = 60000
[Check] Sum of instance estimates = 537.00, Global estimate = 537.00, Ratio = 1.00
[Info] Appended instance results for query_5_33.graph to CSV in long format.
Global Estimated Value: 537.00
/home/wangshuo/projects/PROXY/datasets/amazon/query_graph_count/query_5_33.graph Finished!


Start Processing /home/wangshuo/projects/PROXY/datasets/amazon/query_graph_count/query_5_34.graph for core instances with query nodes: 0 3 
[Info] Auto-selected query root index 0 with (transferred) label 2
[Check] Sample budget = 60000
[Check] Sum of instance estimates = 459.00, Global estimate = 459.00, Ratio = 1.00
[Info] Appended instance results for query_5_34.graph to CSV in long format.
Global Estimated Value: 459.00
/home/wangshuo/projects/PROXY/datasets/amazon/query_graph_count/query_5_34.graph Finished!


Start Processing /home/wangshuo/projects/PROXY/datasets/amazon/query_graph_count/query_5_35.graph for core instances with query nodes: 3 4 
[Info] Auto-selected query root index 3 with (transferred) label 1
[Check] Sample budget = 60000
[Check] Sum of instance estimates = 2159930.00, Global estimate = 2159930.00, Ratio = 1.00
[Info] Appended instance results for query_5_35.graph to CSV in long format.
Global Estimated Value: 2159930.00
/home/wangshuo/projects/PROXY/datasets/amazon/query_graph_count/query_5_35.graph Finished!


Start Processing /home/wangshuo/projects/PROXY/datasets/amazon/query_graph_count/query_5_36.graph for core instances with query nodes: 1 2 
[Info] Auto-selected query root index 1 with (transferred) label 4
[Check] Sample budget = 60000
[Check] Sum of instance estimates = 511.00, Global estimate = 511.00, Ratio = 1.00
[Info] Appended instance results for query_5_36.graph to CSV in long format.
Global Estimated Value: 511.00
/home/wangshuo/projects/PROXY/datasets/amazon/query_graph_count/query_5_36.graph Finished!


Start Processing /home/wangshuo/projects/PROXY/datasets/amazon/query_graph_count/query_5_37.graph for core instances with query nodes: 0 4 
[Info] Auto-selected query root index 4 with (transferred) label 4
[Check] Sample budget = 60000
[Check] Sum of instance estimates = 476.00, Global estimate = 476.00, Ratio = 1.00
[Info] Appended instance results for query_5_37.graph to CSV in long format.
Global Estimated Value: 476.00
/home/wangshuo/projects/PROXY/datasets/amazon/query_graph_count/query_5_37.graph Finished!


Start Processing /home/wangshuo/projects/PROXY/datasets/amazon/query_graph_count/query_5_38.graph for core instances with query nodes: 0 4 
[Info] Auto-selected query root index 4 with (transferred) label 1
[Check] Sample budget = 60000
[Check] Sum of instance estimates = 33204.29, Global estimate = 33204.29, Ratio = 1.00
[Info] Appended instance results for query_5_38.graph to CSV in long format.
Global Estimated Value: 33204.29
/home/wangshuo/projects/PROXY/datasets/amazon/query_graph_count/query_5_38.graph Finished!


Start Processing /home/wangshuo/projects/PROXY/datasets/amazon/query_graph_count/query_5_39.graph for core instances with query nodes: 0 1 2 
[Info] Auto-selected query root index 1 with (transferred) label 0
[Check] Sample budget = 60000
[Check] Sum of instance estimates = 30062.69, Global estimate = 30062.69, Ratio = 1.00
[Info] Appended instance results for query_5_39.graph to CSV in long format.
Global Estimated Value: 30062.69
/home/wangshuo/projects/PROXY/datasets/amazon/query_graph_count/query_5_39.graph Finished!


Start Processing /home/wangshuo/projects/PROXY/datasets/amazon/query_graph_count/query_5_4.graph for core instances with query nodes: 0 4 
[Info] Auto-selected query root index 4 with (transferred) label 4
[Check] Sample budget = 60000
[Check] Sum of instance estimates = 35200.20, Global estimate = 35200.20, Ratio = 1.00
[Info] Appended instance results for query_5_4.graph to CSV in long format.
Global Estimated Value: 35200.20
/home/wangshuo/projects/PROXY/datasets/amazon/query_graph_count/query_5_4.graph Finished!


Start Processing /home/wangshuo/projects/PROXY/datasets/amazon/query_graph_count/query_5_40.graph for core instances with query nodes: 2 3 
[Info] Auto-selected query root index 2 with (transferred) label 0
[Check] Sample budget = 60000
[Check] Sum of instance estimates = 1805890.72, Global estimate = 1805890.72, Ratio = 1.00
[Info] Appended instance results for query_5_40.graph to CSV in long format.
Global Estimated Value: 1805890.72
/home/wangshuo/projects/PROXY/datasets/amazon/query_graph_count/query_5_40.graph Finished!


Start Processing /home/wangshuo/projects/PROXY/datasets/amazon/query_graph_count/query_5_41.graph for core instances with query nodes: 3 4 
[Info] Auto-selected query root index 4 with (transferred) label 3
[Check] Sample budget = 60000
[Check] Sum of instance estimates = 62750686.80, Global estimate = 62750686.80, Ratio = 1.00
[Info] Appended instance results for query_5_41.graph to CSV in long format.
Global Estimated Value: 62750686.80
/home/wangshuo/projects/PROXY/datasets/amazon/query_graph_count/query_5_41.graph Finished!


Start Processing /home/wangshuo/projects/PROXY/datasets/amazon/query_graph_count/query_5_42.graph for core instances with query nodes: 0 3 4 
[Info] Auto-selected query root index 4 with (transferred) label 0
[Check] Sample budget = 60000
[Check] Sum of instance estimates = 1828243.10, Global estimate = 1828243.10, Ratio = 1.00
[Info] Appended instance results for query_5_42.graph to CSV in long format.
Global Estimated Value: 1828243.10
/home/wangshuo/projects/PROXY/datasets/amazon/query_graph_count/query_5_42.graph Finished!


Start Processing /home/wangshuo/projects/PROXY/datasets/amazon/query_graph_count/query_5_43.graph for core instances with query nodes: 2 4 
[Info] Auto-selected query root index 4 with (transferred) label 3
[Check] Sample budget = 60000
[Check] Sum of instance estimates = 2449138.00, Global estimate = 2449138.00, Ratio = 1.00
[Info] Appended instance results for query_5_43.graph to CSV in long format.
Global Estimated Value: 2449138.00
/home/wangshuo/projects/PROXY/datasets/amazon/query_graph_count/query_5_43.graph Finished!


Start Processing /home/wangshuo/projects/PROXY/datasets/amazon/query_graph_count/query_5_44.graph for core instances with query nodes: 0 2 
[Info] Auto-selected query root index 0 with (transferred) label 4
[Check] Sample budget = 60000
[Check] Sum of instance estimates = 32111.42, Global estimate = 32111.42, Ratio = 1.00
[Info] Appended instance results for query_5_44.graph to CSV in long format.
Global Estimated Value: 32111.42
/home/wangshuo/projects/PROXY/datasets/amazon/query_graph_count/query_5_44.graph Finished!


Start Processing /home/wangshuo/projects/PROXY/datasets/amazon/query_graph_count/query_5_45.graph for core instances with query nodes: 1 2 
[Info] Auto-selected query root index 2 with (transferred) label 1
[Check] Sample budget = 60000
[Check] Sum of instance estimates = 2075466.00, Global estimate = 2075466.00, Ratio = 1.00
[Info] Appended instance results for query_5_45.graph to CSV in long format.
Global Estimated Value: 2075466.00
/home/wangshuo/projects/PROXY/datasets/amazon/query_graph_count/query_5_45.graph Finished!


Start Processing /home/wangshuo/projects/PROXY/datasets/amazon/query_graph_count/query_5_46.graph for core instances with query nodes: 1 4 
[Info] Auto-selected query root index 1 with (transferred) label 0
[Check] Sample budget = 60000
[Check] Sum of instance estimates = 30093.00, Global estimate = 30093.00, Ratio = 1.00
[Info] Appended instance results for query_5_46.graph to CSV in long format.
Global Estimated Value: 30093.00
/home/wangshuo/projects/PROXY/datasets/amazon/query_graph_count/query_5_46.graph Finished!


Start Processing /home/wangshuo/projects/PROXY/datasets/amazon/query_graph_count/query_5_47.graph for core instances with query nodes: 0 4 
[Info] Auto-selected query root index 4 with (transferred) label 1
[Check] Sample budget = 60000
[Check] Sum of instance estimates = 33262.00, Global estimate = 33262.00, Ratio = 1.00
[Info] Appended instance results for query_5_47.graph to CSV in long format.
Global Estimated Value: 33262.00
/home/wangshuo/projects/PROXY/datasets/amazon/query_graph_count/query_5_47.graph Finished!


Start Processing /home/wangshuo/projects/PROXY/datasets/amazon/query_graph_count/query_5_48.graph for core instances with query nodes: 0 1 
[Info] Auto-selected query root index 0 with (transferred) label 1
[Check] Sample budget = 60000
[Check] Sum of instance estimates = 2049547.00, Global estimate = 2049547.00, Ratio = 1.00
[Info] Appended instance results for query_5_48.graph to CSV in long format.
Global Estimated Value: 2049547.00
/home/wangshuo/projects/PROXY/datasets/amazon/query_graph_count/query_5_48.graph Finished!


Start Processing /home/wangshuo/projects/PROXY/datasets/amazon/query_graph_count/query_5_49.graph for core instances with query nodes: 2 4 
[Info] Auto-selected query root index 4 with (transferred) label 4
[Check] Sample budget = 60000
[Check] Sum of instance estimates = 851.00, Global estimate = 851.00, Ratio = 1.00
[Info] Appended instance results for query_5_49.graph to CSV in long format.
Global Estimated Value: 851.00
/home/wangshuo/projects/PROXY/datasets/amazon/query_graph_count/query_5_49.graph Finished!


Start Processing /home/wangshuo/projects/PROXY/datasets/amazon/query_graph_count/query_5_5.graph for core instances with query nodes: 0 3 
[Info] Auto-selected query root index 4 with (transferred) label 1
[Check] Sample budget = 60000
[Check] Sum of instance estimates = 438.00, Global estimate = 438.00, Ratio = 1.00
[Info] Appended instance results for query_5_5.graph to CSV in long format.
Global Estimated Value: 438.00
/home/wangshuo/projects/PROXY/datasets/amazon/query_graph_count/query_5_5.graph Finished!


Start Processing /home/wangshuo/projects/PROXY/datasets/amazon/query_graph_count/query_5_50.graph for core instances with query nodes: 1 2 
[Info] Auto-selected query root index 1 with (transferred) label 4
[Check] Sample budget = 60000
[Check] Sum of instance estimates = 483.00, Global estimate = 483.00, Ratio = 1.00
[Info] Appended instance results for query_5_50.graph to CSV in long format.
Global Estimated Value: 483.00
/home/wangshuo/projects/PROXY/datasets/amazon/query_graph_count/query_5_50.graph Finished!


Start Processing /home/wangshuo/projects/PROXY/datasets/amazon/query_graph_count/query_5_51.graph for core instances with query nodes: 2 4 
[Info] Auto-selected query root index 2 with (transferred) label 1
[Check] Sample budget = 60000
[Check] Sum of instance estimates = 2021044.17, Global estimate = 2021044.17, Ratio = 1.00
[Info] Appended instance results for query_5_51.graph to CSV in long format.
Global Estimated Value: 2021044.17
/home/wangshuo/projects/PROXY/datasets/amazon/query_graph_count/query_5_51.graph Finished!


Start Processing /home/wangshuo/projects/PROXY/datasets/amazon/query_graph_count/query_5_52.graph for core instances with query nodes: 0 3 
[Info] Auto-selected query root index 0 with (transferred) label 4
[Check] Sample budget = 60000
[Check] Sum of instance estimates = 487.00, Global estimate = 487.00, Ratio = 1.00
[Info] Appended instance results for query_5_52.graph to CSV in long format.
Global Estimated Value: 487.00
/home/wangshuo/projects/PROXY/datasets/amazon/query_graph_count/query_5_52.graph Finished!


Start Processing /home/wangshuo/projects/PROXY/datasets/amazon/query_graph_count/query_5_53.graph for core instances with query nodes: 0 4 
[Info] Auto-selected query root index 0 with (transferred) label 2
[Check] Sample budget = 60000
[Check] Sum of instance estimates = 31759.11, Global estimate = 31759.11, Ratio = 1.00
[Info] Appended instance results for query_5_53.graph to CSV in long format.
Global Estimated Value: 31759.11
/home/wangshuo/projects/PROXY/datasets/amazon/query_graph_count/query_5_53.graph Finished!


Start Processing /home/wangshuo/projects/PROXY/datasets/amazon/query_graph_count/query_5_54.graph for core instances with query nodes: 0 2 3 
[Info] Auto-selected query root index 3 with (transferred) label 4
[Check] Sample budget = 60000
[Check] Sum of instance estimates = 33974.50, Global estimate = 33974.50, Ratio = 1.00
[Info] Appended instance results for query_5_54.graph to CSV in long format.
Global Estimated Value: 33974.50
/home/wangshuo/projects/PROXY/datasets/amazon/query_graph_count/query_5_54.graph Finished!


Start Processing /home/wangshuo/projects/PROXY/datasets/amazon/query_graph_count/query_5_55.graph for core instances with query nodes: 0 1 
[Info] Auto-selected query root index 1 with (transferred) label 1
[Check] Sample budget = 60000
[Check] Sum of instance estimates = 32228.26, Global estimate = 32228.26, Ratio = 1.00
[Info] Appended instance results for query_5_55.graph to CSV in long format.
Global Estimated Value: 32228.26
/home/wangshuo/projects/PROXY/datasets/amazon/query_graph_count/query_5_55.graph Finished!


Start Processing /home/wangshuo/projects/PROXY/datasets/amazon/query_graph_count/query_5_56.graph for core instances with query nodes: 0 2 4 
[Info] Auto-selected query root index 3 with (transferred) label 0
[Check] Sample budget = 60000
[Check] Sum of instance estimates = 478.00, Global estimate = 478.00, Ratio = 1.00
[Info] Appended instance results for query_5_56.graph to CSV in long format.
Global Estimated Value: 478.00
/home/wangshuo/projects/PROXY/datasets/amazon/query_graph_count/query_5_56.graph Finished!


Start Processing /home/wangshuo/projects/PROXY/datasets/amazon/query_graph_count/query_5_57.graph for core instances with query nodes: 0 4 
[Info] Auto-selected query root index 4 with (transferred) label 4
[Check] Sample budget = 60000
[Check] Sum of instance estimates = 2225374.00, Global estimate = 2225374.00, Ratio = 1.00
[Info] Appended instance results for query_5_57.graph to CSV in long format.
Global Estimated Value: 2225374.00
/home/wangshuo/projects/PROXY/datasets/amazon/query_graph_count/query_5_57.graph Finished!


Start Processing /home/wangshuo/projects/PROXY/datasets/amazon/query_graph_count/query_5_58.graph for core instances with query nodes: 0 1 
[Info] Auto-selected query root index 0 with (transferred) label 2
[Check] Sample budget = 60000
[Check] Sum of instance estimates = 2005196.00, Global estimate = 2005196.00, Ratio = 1.00
[Info] Appended instance results for query_5_58.graph to CSV in long format.
Global Estimated Value: 2005196.00
/home/wangshuo/projects/PROXY/datasets/amazon/query_graph_count/query_5_58.graph Finished!


Start Processing /home/wangshuo/projects/PROXY/datasets/amazon/query_graph_count/query_5_59.graph for core instances with query nodes: 1 2 
[Info] Auto-selected query root index 1 with (transferred) label 1
[Check] Sample budget = 60000
[Check] Sum of instance estimates = 2045457.50, Global estimate = 2045457.50, Ratio = 1.00
[Info] Appended instance results for query_5_59.graph to CSV in long format.
Global Estimated Value: 2045457.50
/home/wangshuo/projects/PROXY/datasets/amazon/query_graph_count/query_5_59.graph Finished!


Start Processing /home/wangshuo/projects/PROXY/datasets/amazon/query_graph_count/query_5_6.graph for core instances with query nodes: 2 3 
[Info] Auto-selected query root index 1 with (transferred) label 4
[Check] Sample budget = 60000
[Check] Sum of instance estimates = 497.00, Global estimate = 497.00, Ratio = 1.00
[Info] Appended instance results for query_5_6.graph to CSV in long format.
Global Estimated Value: 497.00
/home/wangshuo/projects/PROXY/datasets/amazon/query_graph_count/query_5_6.graph Finished!


Start Processing /home/wangshuo/projects/PROXY/datasets/amazon/query_graph_count/query_5_60.graph for core instances with query nodes: 2 4 
[Info] Auto-selected query root index 2 with (transferred) label 2
[Check] Sample budget = 60000
[Check] Sum of instance estimates = 1914164.00, Global estimate = 1914164.00, Ratio = 1.00
[Info] Appended instance results for query_5_60.graph to CSV in long format.
Global Estimated Value: 1914164.00
/home/wangshuo/projects/PROXY/datasets/amazon/query_graph_count/query_5_60.graph Finished!


Start Processing /home/wangshuo/projects/PROXY/datasets/amazon/query_graph_count/query_5_61.graph for core instances with query nodes: 1 3 
[Info] Auto-selected query root index 1 with (transferred) label 1
[Check] Sample budget = 60000
[Check] Sum of instance estimates = 34012.00, Global estimate = 34012.00, Ratio = 1.00
[Info] Appended instance results for query_5_61.graph to CSV in long format.
Global Estimated Value: 34012.00
/home/wangshuo/projects/PROXY/datasets/amazon/query_graph_count/query_5_61.graph Finished!


Start Processing /home/wangshuo/projects/PROXY/datasets/amazon/query_graph_count/query_5_62.graph for core instances with query nodes: 0 4 
[Info] Auto-selected query root index 4 with (transferred) label 1
[Check] Sample budget = 60000
[Check] Sum of instance estimates = 865.00, Global estimate = 865.00, Ratio = 1.00
[Info] Appended instance results for query_5_62.graph to CSV in long format.
Global Estimated Value: 865.00
/home/wangshuo/projects/PROXY/datasets/amazon/query_graph_count/query_5_62.graph Finished!


Start Processing /home/wangshuo/projects/PROXY/datasets/amazon/query_graph_count/query_5_63.graph for core instances with query nodes: 3 4 
[Info] Auto-selected query root index 4 with (transferred) label 4
[Check] Sample budget = 60000
[Check] Sum of instance estimates = 2097226.72, Global estimate = 2097226.72, Ratio = 1.00
[Info] Appended instance results for query_5_63.graph to CSV in long format.
Global Estimated Value: 2097226.72
/home/wangshuo/projects/PROXY/datasets/amazon/query_graph_count/query_5_63.graph Finished!


Start Processing /home/wangshuo/projects/PROXY/datasets/amazon/query_graph_count/query_5_64.graph for core instances with query nodes: 0 1 
[Info] Auto-selected query root index 0 with (transferred) label 4
[Check] Sample budget = 60000
[Check] Sum of instance estimates = 2108111.11, Global estimate = 2108111.11, Ratio = 1.00
[Info] Appended instance results for query_5_64.graph to CSV in long format.
Global Estimated Value: 2108111.11
/home/wangshuo/projects/PROXY/datasets/amazon/query_graph_count/query_5_64.graph Finished!


Start Processing /home/wangshuo/projects/PROXY/datasets/amazon/query_graph_count/query_5_65.graph for core instances with query nodes: 0 1 
[Info] Auto-selected query root index 0 with (transferred) label 4
[Check] Sample budget = 60000
[Check] Sum of instance estimates = 2163775.31, Global estimate = 2163775.31, Ratio = 1.00
[Info] Appended instance results for query_5_65.graph to CSV in long format.
Global Estimated Value: 2163775.31
/home/wangshuo/projects/PROXY/datasets/amazon/query_graph_count/query_5_65.graph Finished!


Start Processing /home/wangshuo/projects/PROXY/datasets/amazon/query_graph_count/query_5_66.graph for core instances with query nodes: 0 2 
[Info] Auto-selected query root index 2 with (transferred) label 3
[Check] Sample budget = 60000
[Check] Sum of instance estimates = 2476903.00, Global estimate = 2476903.00, Ratio = 1.00
[Info] Appended instance results for query_5_66.graph to CSV in long format.
Global Estimated Value: 2476903.00
/home/wangshuo/projects/PROXY/datasets/amazon/query_graph_count/query_5_66.graph Finished!


Start Processing /home/wangshuo/projects/PROXY/datasets/amazon/query_graph_count/query_5_67.graph for core instances with query nodes: 0 4 
[Info] Auto-selected query root index 4 with (transferred) label 4
[Check] Sample budget = 60000
[Check] Sum of instance estimates = 503.00, Global estimate = 503.00, Ratio = 1.00
[Info] Appended instance results for query_5_67.graph to CSV in long format.
Global Estimated Value: 503.00
/home/wangshuo/projects/PROXY/datasets/amazon/query_graph_count/query_5_67.graph Finished!


Start Processing /home/wangshuo/projects/PROXY/datasets/amazon/query_graph_count/query_5_68.graph for core instances with query nodes: 0 1 
[Info] Auto-selected query root index 0 with (transferred) label 2
[Check] Sample budget = 60000
[Check] Sum of instance estimates = 501.00, Global estimate = 501.00, Ratio = 1.00
[Info] Appended instance results for query_5_68.graph to CSV in long format.
Global Estimated Value: 501.00
/home/wangshuo/projects/PROXY/datasets/amazon/query_graph_count/query_5_68.graph Finished!


Start Processing /home/wangshuo/projects/PROXY/datasets/amazon/query_graph_count/query_5_69.graph for core instances with query nodes: 0 3 
[Info] Auto-selected query root index 0 with (transferred) label 4
[Check] Sample budget = 60000
[Check] Sum of instance estimates = 33981.00, Global estimate = 33981.00, Ratio = 1.00
[Info] Appended instance results for query_5_69.graph to CSV in long format.
Global Estimated Value: 33981.00
/home/wangshuo/projects/PROXY/datasets/amazon/query_graph_count/query_5_69.graph Finished!


Start Processing /home/wangshuo/projects/PROXY/datasets/amazon/query_graph_count/query_5_7.graph for core instances with query nodes: 1 2 
[Info] Auto-selected query root index 1 with (transferred) label 0
[Check] Sample budget = 60000
[Check] Sum of instance estimates = 30142.32, Global estimate = 30142.32, Ratio = 1.00
[Info] Appended instance results for query_5_7.graph to CSV in long format.
Global Estimated Value: 30142.32
/home/wangshuo/projects/PROXY/datasets/amazon/query_graph_count/query_5_7.graph Finished!


Start Processing /home/wangshuo/projects/PROXY/datasets/amazon/query_graph_count/query_5_70.graph for core instances with query nodes: 3 4 
[Info] Auto-selected query root index 0 with (transferred) label 4
[Check] Sample budget = 60000
[Check] Sum of instance estimates = 521.00, Global estimate = 521.00, Ratio = 1.00
[Info] Appended instance results for query_5_70.graph to CSV in long format.
Global Estimated Value: 521.00
/home/wangshuo/projects/PROXY/datasets/amazon/query_graph_count/query_5_70.graph Finished!


Start Processing /home/wangshuo/projects/PROXY/datasets/amazon/query_graph_count/query_5_71.graph for core instances with query nodes: 2 3 4 
[Info] Auto-selected query root index 4 with (transferred) label 2
[Check] Sample budget = 60000
[Check] Sum of instance estimates = 32464.37, Global estimate = 32464.37, Ratio = 1.00
[Info] Appended instance results for query_5_71.graph to CSV in long format.
Global Estimated Value: 32464.37
/home/wangshuo/projects/PROXY/datasets/amazon/query_graph_count/query_5_71.graph Finished!


Start Processing /home/wangshuo/projects/PROXY/datasets/amazon/query_graph_count/query_5_72.graph for core instances with query nodes: 0 1 4 
[Info] Auto-selected query root index 0 with (transferred) label 2
[Check] Sample budget = 60000
[Check] Sum of instance estimates = 1164.19, Global estimate = 1164.19, Ratio = 1.00
[Info] Appended instance results for query_5_72.graph to CSV in long format.
Global Estimated Value: 1164.19
/home/wangshuo/projects/PROXY/datasets/amazon/query_graph_count/query_5_72.graph Finished!


Start Processing /home/wangshuo/projects/PROXY/datasets/amazon/query_graph_count/query_5_73.graph for core instances with query nodes: 0 3 4 
[Info] Auto-selected query root index 4 with (transferred) label 3
[Check] Sample budget = 60000
[Check] Sum of instance estimates = 2498088.01, Global estimate = 2498088.01, Ratio = 1.00
[Info] Appended instance results for query_5_73.graph to CSV in long format.
Global Estimated Value: 2498088.01
/home/wangshuo/projects/PROXY/datasets/amazon/query_graph_count/query_5_73.graph Finished!


Start Processing /home/wangshuo/projects/PROXY/datasets/amazon/query_graph_count/query_5_74.graph for core instances with query nodes: 0 1 
[Info] Auto-selected query root index 0 with (transferred) label 2
[Check] Sample budget = 60000
[Check] Sum of instance estimates = 1916786.59, Global estimate = 1916786.59, Ratio = 1.00
[Info] Appended instance results for query_5_74.graph to CSV in long format.
Global Estimated Value: 1916786.59
/home/wangshuo/projects/PROXY/datasets/amazon/query_graph_count/query_5_74.graph Finished!


Start Processing /home/wangshuo/projects/PROXY/datasets/amazon/query_graph_count/query_5_75.graph for core instances with query nodes: 2 3 
[Info] Auto-selected query root index 2 with (transferred) label 1
[Check] Sample budget = 60000
[Check] Sum of instance estimates = 895.26, Global estimate = 895.26, Ratio = 1.00
[Info] Appended instance results for query_5_75.graph to CSV in long format.
Global Estimated Value: 895.26
/home/wangshuo/projects/PROXY/datasets/amazon/query_graph_count/query_5_75.graph Finished!


Start Processing /home/wangshuo/projects/PROXY/datasets/amazon/query_graph_count/query_5_76.graph for core instances with query nodes: 2 3 
[Info] Auto-selected query root index 2 with (transferred) label 3
[Check] Sample budget = 60000
[Check] Sum of instance estimates = 2493536.00, Global estimate = 2493536.00, Ratio = 1.00
[Info] Appended instance results for query_5_76.graph to CSV in long format.
Global Estimated Value: 2493536.00
/home/wangshuo/projects/PROXY/datasets/amazon/query_graph_count/query_5_76.graph Finished!


Start Processing /home/wangshuo/projects/PROXY/datasets/amazon/query_graph_count/query_5_77.graph for core instances with query nodes: 1 2 4 
[Info] Auto-selected query root index 0 with (transferred) label 6
[Check] Sample budget = 60000
[Check] Sum of instance estimates = 21.94, Global estimate = 21.94, Ratio = 1.00
[Info] Appended instance results for query_5_77.graph to CSV in long format.
Global Estimated Value: 21.94
/home/wangshuo/projects/PROXY/datasets/amazon/query_graph_count/query_5_77.graph Finished!


Start Processing /home/wangshuo/projects/PROXY/datasets/amazon/query_graph_count/query_5_78.graph for core instances with query nodes: 0 4 
[Info] Auto-selected query root index 4 with (transferred) label 0
[Check] Sample budget = 60000
[Check] Sum of instance estimates = 490.00, Global estimate = 490.00, Ratio = 1.00
[Info] Appended instance results for query_5_78.graph to CSV in long format.
Global Estimated Value: 490.00
/home/wangshuo/projects/PROXY/datasets/amazon/query_graph_count/query_5_78.graph Finished!


Start Processing /home/wangshuo/projects/PROXY/datasets/amazon/query_graph_count/query_5_79.graph for core instances with query nodes: 1 2 
[Info] Auto-selected query root index 1 with (transferred) label 0
[Check] Sample budget = 60000
[Check] Sum of instance estimates = 1827135.00, Global estimate = 1827135.00, Ratio = 1.00
[Info] Appended instance results for query_5_79.graph to CSV in long format.
Global Estimated Value: 1827135.00
/home/wangshuo/projects/PROXY/datasets/amazon/query_graph_count/query_5_79.graph Finished!


Start Processing /home/wangshuo/projects/PROXY/datasets/amazon/query_graph_count/query_5_8.graph for core instances with query nodes: 0 4 
[Info] Auto-selected query root index 0 with (transferred) label 1
[Check] Sample budget = 60000
[Check] Sum of instance estimates = 813.87, Global estimate = 813.87, Ratio = 1.00
[Info] Appended instance results for query_5_8.graph to CSV in long format.
Global Estimated Value: 813.87
/home/wangshuo/projects/PROXY/datasets/amazon/query_graph_count/query_5_8.graph Finished!


Start Processing /home/wangshuo/projects/PROXY/datasets/amazon/query_graph_count/query_5_80.graph for core instances with query nodes: 2 4 
[Info] Auto-selected query root index 4 with (transferred) label 0
[Check] Sample budget = 60000
[Check] Sum of instance estimates = 811.00, Global estimate = 811.00, Ratio = 1.00
[Info] Appended instance results for query_5_80.graph to CSV in long format.
Global Estimated Value: 811.00
/home/wangshuo/projects/PROXY/datasets/amazon/query_graph_count/query_5_80.graph Finished!


Start Processing /home/wangshuo/projects/PROXY/datasets/amazon/query_graph_count/query_5_81.graph for core instances with query nodes: 0 3 
[Info] Auto-selected query root index 0 with (transferred) label 4
[Check] Sample budget = 60000
[Check] Sum of instance estimates = 989.00, Global estimate = 989.00, Ratio = 1.00
[Info] Appended instance results for query_5_81.graph to CSV in long format.
Global Estimated Value: 989.00
/home/wangshuo/projects/PROXY/datasets/amazon/query_graph_count/query_5_81.graph Finished!


Start Processing /home/wangshuo/projects/PROXY/datasets/amazon/query_graph_count/query_5_82.graph for core instances with query nodes: 3 4 
[Info] Auto-selected query root index 4 with (transferred) label 0
[Check] Sample budget = 60000
[Check] Sum of instance estimates = 29.00, Global estimate = 29.00, Ratio = 1.00
[Info] Appended instance results for query_5_82.graph to CSV in long format.
Global Estimated Value: 29.00
/home/wangshuo/projects/PROXY/datasets/amazon/query_graph_count/query_5_82.graph Finished!


Start Processing /home/wangshuo/projects/PROXY/datasets/amazon/query_graph_count/query_5_83.graph for core instances with query nodes: 0 2 3 4 
[Info] Auto-selected query root index 1 with (transferred) label 6
[Check] Sample budget = 60000
[Check] Sum of instance estimates = 727.06, Global estimate = 727.06, Ratio = 1.00
[Info] Appended instance results for query_5_83.graph to CSV in long format.
Global Estimated Value: 727.06
/home/wangshuo/projects/PROXY/datasets/amazon/query_graph_count/query_5_83.graph Finished!


Start Processing /home/wangshuo/projects/PROXY/datasets/amazon/query_graph_count/query_5_84.graph for core instances with query nodes: 3 4 
[Info] Auto-selected query root index 3 with (transferred) label 4
[Check] Sample budget = 60000
[Check] Sum of instance estimates = 2089752.00, Global estimate = 2089752.00, Ratio = 1.00
[Info] Appended instance results for query_5_84.graph to CSV in long format.
Global Estimated Value: 2089752.00
/home/wangshuo/projects/PROXY/datasets/amazon/query_graph_count/query_5_84.graph Finished!


Start Processing /home/wangshuo/projects/PROXY/datasets/amazon/query_graph_count/query_5_85.graph for core instances with query nodes: 2 4 
[Info] Auto-selected query root index 2 with (transferred) label 0
[Check] Sample budget = 60000
[Check] Sum of instance estimates = 1827135.00, Global estimate = 1827135.00, Ratio = 1.00
[Info] Appended instance results for query_5_85.graph to CSV in long format.
Global Estimated Value: 1827135.00
/home/wangshuo/projects/PROXY/datasets/amazon/query_graph_count/query_5_85.graph Finished!


Start Processing /home/wangshuo/projects/PROXY/datasets/amazon/query_graph_count/query_5_86.graph for core instances with query nodes: 0 3 
[Info] Auto-selected query root index 3 with (transferred) label 1
[Check] Sample budget = 60000
[Check] Sum of instance estimates = 2108404.00, Global estimate = 2108404.00, Ratio = 1.00
[Info] Appended instance results for query_5_86.graph to CSV in long format.
Global Estimated Value: 2108404.00
/home/wangshuo/projects/PROXY/datasets/amazon/query_graph_count/query_5_86.graph Finished!


Start Processing /home/wangshuo/projects/PROXY/datasets/amazon/query_graph_count/query_5_87.graph for core instances with query nodes: 2 4 
[Info] Auto-selected query root index 4 with (transferred) label 0
[Check] Sample budget = 60000
[Check] Sum of instance estimates = 1879672.49, Global estimate = 1879672.49, Ratio = 1.00
[Info] Appended instance results for query_5_87.graph to CSV in long format.
Global Estimated Value: 1879672.49
/home/wangshuo/projects/PROXY/datasets/amazon/query_graph_count/query_5_87.graph Finished!


Start Processing /home/wangshuo/projects/PROXY/datasets/amazon/query_graph_count/query_5_88.graph for core instances with query nodes: 0 2 
[Info] Auto-selected query root index 0 with (transferred) label 4
[Check] Sample budget = 60000
[Check] Sum of instance estimates = 541.00, Global estimate = 541.00, Ratio = 1.00
[Info] Appended instance results for query_5_88.graph to CSV in long format.
Global Estimated Value: 541.00
/home/wangshuo/projects/PROXY/datasets/amazon/query_graph_count/query_5_88.graph Finished!


Start Processing /home/wangshuo/projects/PROXY/datasets/amazon/query_graph_count/query_5_89.graph for core instances with query nodes: 0 3 4 
[Info] Auto-selected query root index 0 with (transferred) label 1
[Check] Sample budget = 60000
[Check] Sum of instance estimates = 448.49, Global estimate = 448.49, Ratio = 1.00
[Info] Appended instance results for query_5_89.graph to CSV in long format.
Global Estimated Value: 448.49
/home/wangshuo/projects/PROXY/datasets/amazon/query_graph_count/query_5_89.graph Finished!


Start Processing /home/wangshuo/projects/PROXY/datasets/amazon/query_graph_count/query_5_9.graph for core instances with query nodes: 0 1 
[Info] Auto-selected query root index 4 with (transferred) label 2
[Check] Sample budget = 60000
[Check] Sum of instance estimates = 492.00, Global estimate = 492.00, Ratio = 1.00
[Info] Appended instance results for query_5_9.graph to CSV in long format.
Global Estimated Value: 492.00
/home/wangshuo/projects/PROXY/datasets/amazon/query_graph_count/query_5_9.graph Finished!


Start Processing /home/wangshuo/projects/PROXY/datasets/amazon/query_graph_count/query_5_90.graph for core instances with query nodes: 0 3 
[Info] Auto-selected query root index 0 with (transferred) label 1
[Check] Sample budget = 60000
[Check] Sum of instance estimates = 34666.56, Global estimate = 34666.56, Ratio = 1.00
[Info] Appended instance results for query_5_90.graph to CSV in long format.
Global Estimated Value: 34666.56
/home/wangshuo/projects/PROXY/datasets/amazon/query_graph_count/query_5_90.graph Finished!


Start Processing /home/wangshuo/projects/PROXY/datasets/amazon/query_graph_count/query_5_91.graph for core instances with query nodes: 0 2 
[Info] Auto-selected query root index 0 with (transferred) label 2
[Check] Sample budget = 60000
[Check] Sum of instance estimates = 1921531.00, Global estimate = 1921531.00, Ratio = 1.00
[Info] Appended instance results for query_5_91.graph to CSV in long format.
Global Estimated Value: 1921531.00
/home/wangshuo/projects/PROXY/datasets/amazon/query_graph_count/query_5_91.graph Finished!


Start Processing /home/wangshuo/projects/PROXY/datasets/amazon/query_graph_count/query_5_92.graph for core instances with query nodes: 0 2 
[Info] Auto-selected query root index 0 with (transferred) label 1
[Check] Sample budget = 60000
[Check] Sum of instance estimates = 461.00, Global estimate = 461.00, Ratio = 1.00
[Info] Appended instance results for query_5_92.graph to CSV in long format.
Global Estimated Value: 461.00
/home/wangshuo/projects/PROXY/datasets/amazon/query_graph_count/query_5_92.graph Finished!


Start Processing /home/wangshuo/projects/PROXY/datasets/amazon/query_graph_count/query_5_93.graph for core instances with query nodes: 0 2 
[Info] Auto-selected query root index 2 with (transferred) label 1
[Check] Sample budget = 60000
[Check] Sum of instance estimates = 33541.00, Global estimate = 33541.00, Ratio = 1.00
[Info] Appended instance results for query_5_93.graph to CSV in long format.
Global Estimated Value: 33541.00
/home/wangshuo/projects/PROXY/datasets/amazon/query_graph_count/query_5_93.graph Finished!


Start Processing /home/wangshuo/projects/PROXY/datasets/amazon/query_graph_count/query_5_94.graph for core instances with query nodes: 0 1 4 
[Info] Auto-selected query root index 0 with (transferred) label 3
[Check] Sample budget = 60000
[Check] Sum of instance estimates = 804.11, Global estimate = 804.11, Ratio = 1.00
[Info] Appended instance results for query_5_94.graph to CSV in long format.
Global Estimated Value: 804.11
/home/wangshuo/projects/PROXY/datasets/amazon/query_graph_count/query_5_94.graph Finished!


Start Processing /home/wangshuo/projects/PROXY/datasets/amazon/query_graph_count/query_5_95.graph for core instances with query nodes: 0 4 
[Info] Auto-selected query root index 3 with (transferred) label 1
[Check] Sample budget = 60000
[Check] Sum of instance estimates = 516.00, Global estimate = 516.00, Ratio = 1.00
[Info] Appended instance results for query_5_95.graph to CSV in long format.
Global Estimated Value: 516.00
/home/wangshuo/projects/PROXY/datasets/amazon/query_graph_count/query_5_95.graph Finished!


Start Processing /home/wangshuo/projects/PROXY/datasets/amazon/query_graph_count/query_5_96.graph for core instances with query nodes: 0 3 
[Info] Auto-selected query root index 0 with (transferred) label 3
[Check] Sample budget = 60000
[Check] Sum of instance estimates = 37412.12, Global estimate = 37412.12, Ratio = 1.00
[Info] Appended instance results for query_5_96.graph to CSV in long format.
Global Estimated Value: 37412.12
/home/wangshuo/projects/PROXY/datasets/amazon/query_graph_count/query_5_96.graph Finished!


Start Processing /home/wangshuo/projects/PROXY/datasets/amazon/query_graph_count/query_5_97.graph for core instances with query nodes: 0 1 4 
[Info] Auto-selected query root index 1 with (transferred) label 1
[Check] Sample budget = 60000
[Check] Sum of instance estimates = 47882281.73, Global estimate = 47882281.73, Ratio = 1.00
[Info] Appended instance results for query_5_97.graph to CSV in long format.
Global Estimated Value: 47882281.73
/home/wangshuo/projects/PROXY/datasets/amazon/query_graph_count/query_5_97.graph Finished!


Start Processing /home/wangshuo/projects/PROXY/datasets/amazon/query_graph_count/query_5_98.graph for core instances with query nodes: 2 3 
[Info] Auto-selected query root index 2 with (transferred) label 3
[Check] Sample budget = 60000
[Check] Sum of instance estimates = 894.00, Global estimate = 894.00, Ratio = 1.00
[Info] Appended instance results for query_5_98.graph to CSV in long format.
Global Estimated Value: 894.00
/home/wangshuo/projects/PROXY/datasets/amazon/query_graph_count/query_5_98.graph Finished!


Start Processing /home/wangshuo/projects/PROXY/datasets/amazon/query_graph_count/query_5_99.graph for core instances with query nodes: 0 1 
[Info] Auto-selected query root index 1 with (transferred) label 1
[Check] Sample budget = 60000
[Check] Sum of instance estimates = 36030.00, Global estimate = 36030.00, Ratio = 1.00
[Info] Appended instance results for query_5_99.graph to CSV in long format.
Global Estimated Value: 36030.00
/home/wangshuo/projects/PROXY/datasets/amazon/query_graph_count/query_5_99.graph Finished!


Start Processing /home/wangshuo/projects/PROXY/datasets/amazon/query_graph_count/query_6_0.graph for core instances with query nodes: 3 4 
[Info] Auto-selected query root index 4 with (transferred) label 1
[Check] Sample budget = 60000
[Check] Sum of instance estimates = 605530.19, Global estimate = 605530.19, Ratio = 1.00
[Info] Appended instance results for query_6_0.graph to CSV in long format.
Global Estimated Value: 605530.19
/home/wangshuo/projects/PROXY/datasets/amazon/query_graph_count/query_6_0.graph Finished!


Start Processing /home/wangshuo/projects/PROXY/datasets/amazon/query_graph_count/query_6_1.graph for core instances with query nodes: 3 5 
[Info] Auto-selected query root index 5 with (transferred) label 3
[Check] Sample budget = 60000
[Check] Sum of instance estimates = 757704.03, Global estimate = 757704.03, Ratio = 1.00
[Info] Appended instance results for query_6_1.graph to CSV in long format.
Global Estimated Value: 757704.03
/home/wangshuo/projects/PROXY/datasets/amazon/query_graph_count/query_6_1.graph Finished!


Start Processing /home/wangshuo/projects/PROXY/datasets/amazon/query_graph_count/query_6_10.graph for core instances with query nodes: 3 4 5 
[Info] Auto-selected query root index 5 with (transferred) label 1
[Check] Sample budget = 60000
[Check] Sum of instance estimates = 50802375.03, Global estimate = 50802375.03, Ratio = 1.00
[Info] Appended instance results for query_6_10.graph to CSV in long format.
Global Estimated Value: 50802375.03
/home/wangshuo/projects/PROXY/datasets/amazon/query_graph_count/query_6_10.graph Finished!


Start Processing /home/wangshuo/projects/PROXY/datasets/amazon/query_graph_count/query_6_100.graph for core instances with query nodes: 0 2 
[Info] Auto-selected query root index 2 with (transferred) label 3
[Check] Sample budget = 60000
[Check] Sum of instance estimates = 60767769.07, Global estimate = 60767769.07, Ratio = 1.00
[Info] Appended instance results for query_6_100.graph to CSV in long format.
Global Estimated Value: 60767769.07
/home/wangshuo/projects/PROXY/datasets/amazon/query_graph_count/query_6_100.graph Finished!


Start Processing /home/wangshuo/projects/PROXY/datasets/amazon/query_graph_count/query_6_101.graph for core instances with query nodes: 0 5 
[Info] Auto-selected query root index 0 with (transferred) label 1
[Check] Sample budget = 60000
[Check] Sum of instance estimates = 1269.81, Global estimate = 1269.81, Ratio = 1.00
[Info] Appended instance results for query_6_101.graph to CSV in long format.
Global Estimated Value: 1269.81
/home/wangshuo/projects/PROXY/datasets/amazon/query_graph_count/query_6_101.graph Finished!


Start Processing /home/wangshuo/projects/PROXY/datasets/amazon/query_graph_count/query_6_102.graph for core instances with query nodes: 1 5 
[Info] Auto-selected query root index 1 with (transferred) label 0
[Check] Sample budget = 60000
[Check] Sum of instance estimates = 527647.82, Global estimate = 527647.82, Ratio = 1.00
[Info] Appended instance results for query_6_102.graph to CSV in long format.
Global Estimated Value: 527647.82
/home/wangshuo/projects/PROXY/datasets/amazon/query_graph_count/query_6_102.graph Finished!


Start Processing /home/wangshuo/projects/PROXY/datasets/amazon/query_graph_count/query_6_103.graph for core instances with query nodes: 1 2 5 
[Info] Auto-selected query root index 0 with (transferred) label 0
[Check] Sample budget = 60000
[Check] Sum of instance estimates = 5783.46, Global estimate = 5783.46, Ratio = 1.00
[Info] Appended instance results for query_6_103.graph to CSV in long format.
Global Estimated Value: 5783.46
/home/wangshuo/projects/PROXY/datasets/amazon/query_graph_count/query_6_103.graph Finished!


Start Processing /home/wangshuo/projects/PROXY/datasets/amazon/query_graph_count/query_6_104.graph for core instances with query nodes: 3 4 
[Info] Auto-selected query root index 3 with (transferred) label 3
[Check] Sample budget = 60000
[Check] Sum of instance estimates = 750911.28, Global estimate = 750911.28, Ratio = 1.00
[Info] Appended instance results for query_6_104.graph to CSV in long format.
Global Estimated Value: 750911.28
/home/wangshuo/projects/PROXY/datasets/amazon/query_graph_count/query_6_104.graph Finished!


Start Processing /home/wangshuo/projects/PROXY/datasets/amazon/query_graph_count/query_6_105.graph for core instances with query nodes: 3 4 
[Info] Auto-selected query root index 4 with (transferred) label 0
[Check] Sample budget = 60000
[Check] Sum of instance estimates = 41420494.24, Global estimate = 41420494.24, Ratio = 1.00
[Info] Appended instance results for query_6_105.graph to CSV in long format.
Global Estimated Value: 41420494.24
/home/wangshuo/projects/PROXY/datasets/amazon/query_graph_count/query_6_105.graph Finished!


Start Processing /home/wangshuo/projects/PROXY/datasets/amazon/query_graph_count/query_6_106.graph for core instances with query nodes: 4 5 
[Info] Auto-selected query root index 5 with (transferred) label 1
[Check] Sample budget = 60000
[Check] Sum of instance estimates = 627099.00, Global estimate = 627099.00, Ratio = 1.00
[Info] Appended instance results for query_6_106.graph to CSV in long format.
Global Estimated Value: 627099.00
/home/wangshuo/projects/PROXY/datasets/amazon/query_graph_count/query_6_106.graph Finished!


Start Processing /home/wangshuo/projects/PROXY/datasets/amazon/query_graph_count/query_6_107.graph for core instances with query nodes: 2 3 
[Info] Auto-selected query root index 3 with (transferred) label 1
[Check] Sample budget = 60000
[Check] Sum of instance estimates = 13267.00, Global estimate = 13267.00, Ratio = 1.00
[Info] Appended instance results for query_6_107.graph to CSV in long format.
Global Estimated Value: 13267.00
/home/wangshuo/projects/PROXY/datasets/amazon/query_graph_count/query_6_107.graph Finished!


Start Processing /home/wangshuo/projects/PROXY/datasets/amazon/query_graph_count/query_6_108.graph for core instances with query nodes: 0 3 4 5 
[Info] Auto-selected query root index 5 with (transferred) label 4
[Check] Sample budget = 60000
[Check] Sum of instance estimates = 637883.85, Global estimate = 637883.85, Ratio = 1.00
[Info] Appended instance results for query_6_108.graph to CSV in long format.
Global Estimated Value: 637883.85
/home/wangshuo/projects/PROXY/datasets/amazon/query_graph_count/query_6_108.graph Finished!


Start Processing /home/wangshuo/projects/PROXY/datasets/amazon/query_graph_count/query_6_109.graph for core instances with query nodes: 1 2 
[Info] Auto-selected query root index 1 with (transferred) label 1
[Check] Sample budget = 60000
[Check] Sum of instance estimates = 6504.00, Global estimate = 6504.00, Ratio = 1.00
[Info] Appended instance results for query_6_109.graph to CSV in long format.
Global Estimated Value: 6504.00
/home/wangshuo/projects/PROXY/datasets/amazon/query_graph_count/query_6_109.graph Finished!


Start Processing /home/wangshuo/projects/PROXY/datasets/amazon/query_graph_count/query_6_11.graph for core instances with query nodes: 3 4 
[Info] Auto-selected query root index 0 with (transferred) label 2
[Check] Sample budget = 60000
[Check] Sum of instance estimates = 6654.00, Global estimate = 6654.00, Ratio = 1.00
[Info] Appended instance results for query_6_11.graph to CSV in long format.
Global Estimated Value: 6654.00
/home/wangshuo/projects/PROXY/datasets/amazon/query_graph_count/query_6_11.graph Finished!


Start Processing /home/wangshuo/projects/PROXY/datasets/amazon/query_graph_count/query_6_110.graph for core instances with query nodes: 2 4 
[Info] Auto-selected query root index 3 with (transferred) label 2
[Check] Sample budget = 60000
[Check] Sum of instance estimates = 6485.00, Global estimate = 6485.00, Ratio = 1.00
[Info] Appended instance results for query_6_110.graph to CSV in long format.
Global Estimated Value: 6485.00
/home/wangshuo/projects/PROXY/datasets/amazon/query_graph_count/query_6_110.graph Finished!


Start Processing /home/wangshuo/projects/PROXY/datasets/amazon/query_graph_count/query_6_111.graph for core instances with query nodes: 0 1 4 
[Info] Auto-selected query root index 0 with (transferred) label 4
[Check] Sample budget = 60000
[Check] Sum of instance estimates = 171.96, Global estimate = 171.96, Ratio = 1.00
[Info] Appended instance results for query_6_111.graph to CSV in long format.
Global Estimated Value: 171.96
/home/wangshuo/projects/PROXY/datasets/amazon/query_graph_count/query_6_111.graph Finished!


Start Processing /home/wangshuo/projects/PROXY/datasets/amazon/query_graph_count/query_6_112.graph for core instances with query nodes: 0 2 5 
[Info] Auto-selected query root index 5 with (transferred) label 2
[Check] Sample budget = 60000
[Check] Sum of instance estimates = 42499213.37, Global estimate = 42499213.37, Ratio = 1.00
[Info] Appended instance results for query_6_112.graph to CSV in long format.
Global Estimated Value: 42499213.37
/home/wangshuo/projects/PROXY/datasets/amazon/query_graph_count/query_6_112.graph Finished!


Start Processing /home/wangshuo/projects/PROXY/datasets/amazon/query_graph_count/query_6_113.graph for core instances with query nodes: 1 2 
[Info] Auto-selected query root index 5 with (transferred) label 0
[Check] Sample budget = 60000
[Check] Sum of instance estimates = 6123.00, Global estimate = 6123.00, Ratio = 1.00
[Info] Appended instance results for query_6_113.graph to CSV in long format.
Global Estimated Value: 6123.00
/home/wangshuo/projects/PROXY/datasets/amazon/query_graph_count/query_6_113.graph Finished!


Start Processing /home/wangshuo/projects/PROXY/datasets/amazon/query_graph_count/query_6_114.graph for core instances with query nodes: 1 2 
[Info] Auto-selected query root index 2 with (transferred) label 2
[Check] Sample budget = 60000
[Check] Sum of instance estimates = 40349816.18, Global estimate = 40349816.18, Ratio = 1.00
[Info] Appended instance results for query_6_114.graph to CSV in long format.
Global Estimated Value: 40349816.18
/home/wangshuo/projects/PROXY/datasets/amazon/query_graph_count/query_6_114.graph Finished!


Start Processing /home/wangshuo/projects/PROXY/datasets/amazon/query_graph_count/query_6_115.graph for core instances with query nodes: 1 2 3 
[Info] Auto-selected query root index 1 with (transferred) label 1
[Check] Sample budget = 60000
[Check] Sum of instance estimates = 5500.22, Global estimate = 5500.22, Ratio = 1.00
[Info] Appended instance results for query_6_115.graph to CSV in long format.
Global Estimated Value: 5500.22
/home/wangshuo/projects/PROXY/datasets/amazon/query_graph_count/query_6_115.graph Finished!


Start Processing /home/wangshuo/projects/PROXY/datasets/amazon/query_graph_count/query_6_116.graph for core instances with query nodes: 0 4 5 
[Info] Auto-selected query root index 0 with (transferred) label 0
[Check] Sample budget = 60000
[Check] Sum of instance estimates = 606462.72, Global estimate = 606462.72, Ratio = 1.00
[Info] Appended instance results for query_6_116.graph to CSV in long format.
Global Estimated Value: 606462.72
/home/wangshuo/projects/PROXY/datasets/amazon/query_graph_count/query_6_116.graph Finished!


Start Processing /home/wangshuo/projects/PROXY/datasets/amazon/query_graph_count/query_6_117.graph for core instances with query nodes: 0 3 
[Info] Auto-selected query root index 3 with (transferred) label 3
[Check] Sample budget = 60000
[Check] Sum of instance estimates = 775119.00, Global estimate = 775119.00, Ratio = 1.00
[Info] Appended instance results for query_6_117.graph to CSV in long format.
Global Estimated Value: 775119.00
/home/wangshuo/projects/PROXY/datasets/amazon/query_graph_count/query_6_117.graph Finished!


Start Processing /home/wangshuo/projects/PROXY/datasets/amazon/query_graph_count/query_6_118.graph for core instances with query nodes: 0 3 4 
[Info] Auto-selected query root index 0 with (transferred) label 1
[Check] Sample budget = 60000
[Check] Sum of instance estimates = 645076.73, Global estimate = 645076.73, Ratio = 1.00
[Info] Appended instance results for query_6_118.graph to CSV in long format.
Global Estimated Value: 645076.73
/home/wangshuo/projects/PROXY/datasets/amazon/query_graph_count/query_6_118.graph Finished!


Start Processing /home/wangshuo/projects/PROXY/datasets/amazon/query_graph_count/query_6_119.graph for core instances with query nodes: 2 3 
[Info] Auto-selected query root index 3 with (transferred) label 1
[Check] Sample budget = 60000
[Check] Sum of instance estimates = 49091838.00, Global estimate = 49091838.00, Ratio = 1.00
[Info] Appended instance results for query_6_119.graph to CSV in long format.
Global Estimated Value: 49091838.00
/home/wangshuo/projects/PROXY/datasets/amazon/query_graph_count/query_6_119.graph Finished!


Start Processing /home/wangshuo/projects/PROXY/datasets/amazon/query_graph_count/query_6_12.graph for core instances with query nodes: 0 2 4 5 
[Info] Auto-selected query root index 1 with (transferred) label 6
[Check] Sample budget = 60000
[Check] Sum of instance estimates = 1199.30, Global estimate = 1199.30, Ratio = 1.00
[Info] Appended instance results for query_6_12.graph to CSV in long format.
Global Estimated Value: 1199.30
/home/wangshuo/projects/PROXY/datasets/amazon/query_graph_count/query_6_12.graph Finished!


Start Processing /home/wangshuo/projects/PROXY/datasets/amazon/query_graph_count/query_6_120.graph for core instances with query nodes: 0 5 
[Info] Auto-selected query root index 5 with (transferred) label 0
[Check] Sample budget = 60000
[Check] Sum of instance estimates = 45995251.63, Global estimate = 45995251.63, Ratio = 1.00
[Info] Appended instance results for query_6_120.graph to CSV in long format.
Global Estimated Value: 45995251.63
/home/wangshuo/projects/PROXY/datasets/amazon/query_graph_count/query_6_120.graph Finished!


Start Processing /home/wangshuo/projects/PROXY/datasets/amazon/query_graph_count/query_6_121.graph for core instances with query nodes: 0 1 
[Info] Auto-selected query root index 0 with (transferred) label 0
[Check] Sample budget = 60000
[Check] Sum of instance estimates = 571507.63, Global estimate = 571507.63, Ratio = 1.00
[Info] Appended instance results for query_6_121.graph to CSV in long format.
Global Estimated Value: 571507.63
/home/wangshuo/projects/PROXY/datasets/amazon/query_graph_count/query_6_121.graph Finished!


Start Processing /home/wangshuo/projects/PROXY/datasets/amazon/query_graph_count/query_6_122.graph for core instances with query nodes: 0 1 
[Info] Auto-selected query root index 0 with (transferred) label 2
[Check] Sample budget = 60000
[Check] Sum of instance estimates = 590411.00, Global estimate = 590411.00, Ratio = 1.00
[Info] Appended instance results for query_6_122.graph to CSV in long format.
Global Estimated Value: 590411.00
/home/wangshuo/projects/PROXY/datasets/amazon/query_graph_count/query_6_122.graph Finished!


Start Processing /home/wangshuo/projects/PROXY/datasets/amazon/query_graph_count/query_6_123.graph for core instances with query nodes: 0 1 4 
[Info] Auto-selected query root index 4 with (transferred) label 3
[Check] Sample budget = 60000
[Check] Sum of instance estimates = 60704645.75, Global estimate = 60704645.75, Ratio = 1.00
[Info] Appended instance results for query_6_123.graph to CSV in long format.
Global Estimated Value: 60704645.75
/home/wangshuo/projects/PROXY/datasets/amazon/query_graph_count/query_6_123.graph Finished!


Start Processing /home/wangshuo/projects/PROXY/datasets/amazon/query_graph_count/query_6_124.graph for core instances with query nodes: 1 4 
[Info] Auto-selected query root index 4 with (transferred) label 2
[Check] Sample budget = 60000
[Check] Sum of instance estimates = 544089.00, Global estimate = 544089.00, Ratio = 1.00
[Info] Appended instance results for query_6_124.graph to CSV in long format.
Global Estimated Value: 544089.00
/home/wangshuo/projects/PROXY/datasets/amazon/query_graph_count/query_6_124.graph Finished!


Start Processing /home/wangshuo/projects/PROXY/datasets/amazon/query_graph_count/query_6_125.graph for core instances with query nodes: 0 3 5 
[Info] Auto-selected query root index 3 with (transferred) label 2
[Check] Sample budget = 60000
[Check] Sum of instance estimates = 40968150.79, Global estimate = 40968150.79, Ratio = 1.00
[Info] Appended instance results for query_6_125.graph to CSV in long format.
Global Estimated Value: 40968150.79
/home/wangshuo/projects/PROXY/datasets/amazon/query_graph_count/query_6_125.graph Finished!


Start Processing /home/wangshuo/projects/PROXY/datasets/amazon/query_graph_count/query_6_126.graph for core instances with query nodes: 0 5 
[Info] Auto-selected query root index 4 with (transferred) label 1
[Check] Sample budget = 60000
[Check] Sum of instance estimates = 6360.00, Global estimate = 6360.00, Ratio = 1.00
[Info] Appended instance results for query_6_126.graph to CSV in long format.
Global Estimated Value: 6360.00
/home/wangshuo/projects/PROXY/datasets/amazon/query_graph_count/query_6_126.graph Finished!


Start Processing /home/wangshuo/projects/PROXY/datasets/amazon/query_graph_count/query_6_127.graph for core instances with query nodes: 1 4 
[Info] Auto-selected query root index 4 with (transferred) label 1
[Check] Sample budget = 60000
[Check] Sum of instance estimates = 629009.23, Global estimate = 629009.23, Ratio = 1.00
[Info] Appended instance results for query_6_127.graph to CSV in long format.
Global Estimated Value: 629009.23
/home/wangshuo/projects/PROXY/datasets/amazon/query_graph_count/query_6_127.graph Finished!


Start Processing /home/wangshuo/projects/PROXY/datasets/amazon/query_graph_count/query_6_128.graph for core instances with query nodes: 2 5 
[Info] Auto-selected query root index 5 with (transferred) label 4
[Check] Sample budget = 60000
[Check] Sum of instance estimates = 54995680.00, Global estimate = 54995680.00, Ratio = 1.00
[Info] Appended instance results for query_6_128.graph to CSV in long format.
Global Estimated Value: 54995680.00
/home/wangshuo/projects/PROXY/datasets/amazon/query_graph_count/query_6_128.graph Finished!


Start Processing /home/wangshuo/projects/PROXY/datasets/amazon/query_graph_count/query_6_129.graph for core instances with query nodes: 3 4 5 
[Info] Auto-selected query root index 3 with (transferred) label 1
[Check] Sample budget = 60000
[Check] Sum of instance estimates = 661965.99, Global estimate = 661965.99, Ratio = 1.00
[Info] Appended instance results for query_6_129.graph to CSV in long format.
Global Estimated Value: 661965.99
/home/wangshuo/projects/PROXY/datasets/amazon/query_graph_count/query_6_129.graph Finished!


Start Processing /home/wangshuo/projects/PROXY/datasets/amazon/query_graph_count/query_6_13.graph for core instances with query nodes: 0 1 3 4 5 
[Info] Auto-selected query root index 0 with (transferred) label 4
[Check] Sample budget = 60000
[Check] Sum of instance estimates = 19.96, Global estimate = 19.96, Ratio = 1.00
[Info] Appended instance results for query_6_13.graph to CSV in long format.
Global Estimated Value: 19.96
/home/wangshuo/projects/PROXY/datasets/amazon/query_graph_count/query_6_13.graph Finished!


Start Processing /home/wangshuo/projects/PROXY/datasets/amazon/query_graph_count/query_6_130.graph for core instances with query nodes: 2 5 
[Info] Auto-selected query root index 5 with (transferred) label 1
[Check] Sample budget = 60000
[Check] Sum of instance estimates = 6520.00, Global estimate = 6520.00, Ratio = 1.00
[Info] Appended instance results for query_6_130.graph to CSV in long format.
Global Estimated Value: 6520.00
/home/wangshuo/projects/PROXY/datasets/amazon/query_graph_count/query_6_130.graph Finished!


Start Processing /home/wangshuo/projects/PROXY/datasets/amazon/query_graph_count/query_6_131.graph for core instances with query nodes: 0 3 4 
[Info] Auto-selected query root index 0 with (transferred) label 4
[Check] Sample budget = 60000
[Check] Sum of instance estimates = 57492519.65, Global estimate = 57492519.65, Ratio = 1.00
[Info] Appended instance results for query_6_131.graph to CSV in long format.
Global Estimated Value: 57492519.65
/home/wangshuo/projects/PROXY/datasets/amazon/query_graph_count/query_6_131.graph Finished!


Start Processing /home/wangshuo/projects/PROXY/datasets/amazon/query_graph_count/query_6_132.graph for core instances with query nodes: 0 3 4 
[Info] Auto-selected query root index 4 with (transferred) label 1
[Check] Sample budget = 60000
[Check] Sum of instance estimates = 11616.05, Global estimate = 11616.05, Ratio = 1.00
[Info] Appended instance results for query_6_132.graph to CSV in long format.
Global Estimated Value: 11616.05
/home/wangshuo/projects/PROXY/datasets/amazon/query_graph_count/query_6_132.graph Finished!


Start Processing /home/wangshuo/projects/PROXY/datasets/amazon/query_graph_count/query_6_133.graph for core instances with query nodes: 0 4 
[Info] Auto-selected query root index 5 with (transferred) label 0
[Check] Sample budget = 60000
[Check] Sum of instance estimates = 7074.00, Global estimate = 7074.00, Ratio = 1.00
[Info] Appended instance results for query_6_133.graph to CSV in long format.
Global Estimated Value: 7074.00
/home/wangshuo/projects/PROXY/datasets/amazon/query_graph_count/query_6_133.graph Finished!


Start Processing /home/wangshuo/projects/PROXY/datasets/amazon/query_graph_count/query_6_134.graph for core instances with query nodes: 1 2 
[Info] Auto-selected query root index 2 with (transferred) label 1
[Check] Sample budget = 60000
[Check] Sum of instance estimates = 47079719.03, Global estimate = 47079719.03, Ratio = 1.00
[Info] Appended instance results for query_6_134.graph to CSV in long format.
Global Estimated Value: 47079719.03
/home/wangshuo/projects/PROXY/datasets/amazon/query_graph_count/query_6_134.graph Finished!


Start Processing /home/wangshuo/projects/PROXY/datasets/amazon/query_graph_count/query_6_135.graph for core instances with query nodes: 0 2 3 
[Info] Auto-selected query root index 3 with (transferred) label 2
[Check] Sample budget = 60000
[Check] Sum of instance estimates = 41433938.82, Global estimate = 41433938.82, Ratio = 1.00
[Info] Appended instance results for query_6_135.graph to CSV in long format.
Global Estimated Value: 41433938.82
/home/wangshuo/projects/PROXY/datasets/amazon/query_graph_count/query_6_135.graph Finished!


Start Processing /home/wangshuo/projects/PROXY/datasets/amazon/query_graph_count/query_6_136.graph for core instances with query nodes: 2 4 
[Info] Auto-selected query root index 4 with (transferred) label 1
[Check] Sample budget = 60000
[Check] Sum of instance estimates = 616745.92, Global estimate = 616745.92, Ratio = 1.00
[Info] Appended instance results for query_6_136.graph to CSV in long format.
Global Estimated Value: 616745.92
/home/wangshuo/projects/PROXY/datasets/amazon/query_graph_count/query_6_136.graph Finished!


Start Processing /home/wangshuo/projects/PROXY/datasets/amazon/query_graph_count/query_6_137.graph for core instances with query nodes: 0 4 5 
[Info] Auto-selected query root index 4 with (transferred) label 1
[Check] Sample budget = 60000
[Check] Sum of instance estimates = 593834.49, Global estimate = 593834.49, Ratio = 1.00
[Info] Appended instance results for query_6_137.graph to CSV in long format.
Global Estimated Value: 593834.49
/home/wangshuo/projects/PROXY/datasets/amazon/query_graph_count/query_6_137.graph Finished!


Start Processing /home/wangshuo/projects/PROXY/datasets/amazon/query_graph_count/query_6_138.graph for core instances with query nodes: 0 5 
[Info] Auto-selected query root index 3 with (transferred) label 0
[Check] Sample budget = 60000
[Check] Sum of instance estimates = 6324.00, Global estimate = 6324.00, Ratio = 1.00
[Info] Appended instance results for query_6_138.graph to CSV in long format.
Global Estimated Value: 6324.00
/home/wangshuo/projects/PROXY/datasets/amazon/query_graph_count/query_6_138.graph Finished!


Start Processing /home/wangshuo/projects/PROXY/datasets/amazon/query_graph_count/query_6_139.graph for core instances with query nodes: 0 2 
[Info] Auto-selected query root index 2 with (transferred) label 3
[Check] Sample budget = 60000
[Check] Sum of instance estimates = 64594657.77, Global estimate = 64594657.77, Ratio = 1.00
[Info] Appended instance results for query_6_139.graph to CSV in long format.
Global Estimated Value: 64594657.77
/home/wangshuo/projects/PROXY/datasets/amazon/query_graph_count/query_6_139.graph Finished!


Start Processing /home/wangshuo/projects/PROXY/datasets/amazon/query_graph_count/query_6_14.graph for core instances with query nodes: 0 3 5 
[Info] Auto-selected query root index 3 with (transferred) label 1
[Check] Sample budget = 60000
[Check] Sum of instance estimates = 52261596.67, Global estimate = 52261596.67, Ratio = 1.00
[Info] Appended instance results for query_6_14.graph to CSV in long format.
Global Estimated Value: 52261596.67
/home/wangshuo/projects/PROXY/datasets/amazon/query_graph_count/query_6_14.graph Finished!


Start Processing /home/wangshuo/projects/PROXY/datasets/amazon/query_graph_count/query_6_140.graph for core instances with query nodes: 0 2 
[Info] Auto-selected query root index 2 with (transferred) label 1
[Check] Sample budget = 60000
[Check] Sum of instance estimates = 10877.47, Global estimate = 10877.47, Ratio = 1.00
[Info] Appended instance results for query_6_140.graph to CSV in long format.
Global Estimated Value: 10877.47
/home/wangshuo/projects/PROXY/datasets/amazon/query_graph_count/query_6_140.graph Finished!


Start Processing /home/wangshuo/projects/PROXY/datasets/amazon/query_graph_count/query_6_141.graph for core instances with query nodes: 1 5 
[Info] Auto-selected query root index 1 with (transferred) label 3
[Check] Sample budget = 60000
[Check] Sum of instance estimates = 7688.00, Global estimate = 7688.00, Ratio = 1.00
[Info] Appended instance results for query_6_141.graph to CSV in long format.
Global Estimated Value: 7688.00
/home/wangshuo/projects/PROXY/datasets/amazon/query_graph_count/query_6_141.graph Finished!


Start Processing /home/wangshuo/projects/PROXY/datasets/amazon/query_graph_count/query_6_142.graph for core instances with query nodes: 2 4 5 
[Info] Auto-selected query root index 2 with (transferred) label 1
[Check] Sample budget = 60000
[Check] Sum of instance estimates = 52245288.98, Global estimate = 52245288.98, Ratio = 1.00
[Info] Appended instance results for query_6_142.graph to CSV in long format.
Global Estimated Value: 52245288.98
/home/wangshuo/projects/PROXY/datasets/amazon/query_graph_count/query_6_142.graph Finished!


Start Processing /home/wangshuo/projects/PROXY/datasets/amazon/query_graph_count/query_6_143.graph for core instances with query nodes: 0 3 4 5 
[Info] Auto-selected query root index 4 with (transferred) label 4
[Check] Sample budget = 60000
[Check] Sum of instance estimates = 50026515.83, Global estimate = 50026515.83, Ratio = 1.00
[Info] Appended instance results for query_6_143.graph to CSV in long format.
Global Estimated Value: 50026515.83
/home/wangshuo/projects/PROXY/datasets/amazon/query_graph_count/query_6_143.graph Finished!


Start Processing /home/wangshuo/projects/PROXY/datasets/amazon/query_graph_count/query_6_144.graph for core instances with query nodes: 0 1 2 
[Info] Auto-selected query root index 1 with (transferred) label 2
[Check] Sample budget = 60000
[Check] Sum of instance estimates = 593391.91, Global estimate = 593391.91, Ratio = 1.00
[Info] Appended instance results for query_6_144.graph to CSV in long format.
Global Estimated Value: 593391.91
/home/wangshuo/projects/PROXY/datasets/amazon/query_graph_count/query_6_144.graph Finished!


Start Processing /home/wangshuo/projects/PROXY/datasets/amazon/query_graph_count/query_6_145.graph for core instances with query nodes: 2 3 4 
[Info] Auto-selected query root index 4 with (transferred) label 2
[Check] Sample budget = 60000
[Check] Sum of instance estimates = 18089.07, Global estimate = 18089.07, Ratio = 1.00
[Info] Appended instance results for query_6_145.graph to CSV in long format.
Global Estimated Value: 18089.07
/home/wangshuo/projects/PROXY/datasets/amazon/query_graph_count/query_6_145.graph Finished!


Start Processing /home/wangshuo/projects/PROXY/datasets/amazon/query_graph_count/query_6_147.graph for core instances with query nodes: 4 5 
[Info] Auto-selected query root index 5 with (transferred) label 2
[Check] Sample budget = 60000
[Check] Sum of instance estimates = 591984.00, Global estimate = 591984.00, Ratio = 1.00
[Info] Appended instance results for query_6_147.graph to CSV in long format.
Global Estimated Value: 591984.00
/home/wangshuo/projects/PROXY/datasets/amazon/query_graph_count/query_6_147.graph Finished!


Start Processing /home/wangshuo/projects/PROXY/datasets/amazon/query_graph_count/query_6_148.graph for core instances with query nodes: 0 4 5 
[Info] Auto-selected query root index 4 with (transferred) label 1
[Check] Sample budget = 60000
[Check] Sum of instance estimates = 45016892.70, Global estimate = 45016892.70, Ratio = 1.00
[Info] Appended instance results for query_6_148.graph to CSV in long format.
Global Estimated Value: 45016892.70
/home/wangshuo/projects/PROXY/datasets/amazon/query_graph_count/query_6_148.graph Finished!


Start Processing /home/wangshuo/projects/PROXY/datasets/amazon/query_graph_count/query_6_149.graph for core instances with query nodes: 0 1 4 5 
[Info] Auto-selected query root index 4 with (transferred) label 2
[Check] Sample budget = 60000
[Check] Sum of instance estimates = 6858.45, Global estimate = 6858.45, Ratio = 1.00
[Info] Appended instance results for query_6_149.graph to CSV in long format.
Global Estimated Value: 6858.45
/home/wangshuo/projects/PROXY/datasets/amazon/query_graph_count/query_6_149.graph Finished!


Start Processing /home/wangshuo/projects/PROXY/datasets/amazon/query_graph_count/query_6_15.graph for core instances with query nodes: 0 2 
[Info] Auto-selected query root index 2 with (transferred) label 1
[Check] Sample budget = 60000
[Check] Sum of instance estimates = 46773715.38, Global estimate = 46773715.38, Ratio = 1.00
[Info] Appended instance results for query_6_15.graph to CSV in long format.
Global Estimated Value: 46773715.38
/home/wangshuo/projects/PROXY/datasets/amazon/query_graph_count/query_6_15.graph Finished!


Start Processing /home/wangshuo/projects/PROXY/datasets/amazon/query_graph_count/query_6_16.graph for core instances with query nodes: 1 3 
[Info] Auto-selected query root index 1 with (transferred) label 4
[Check] Sample budget = 60000
[Check] Sum of instance estimates = 690802.22, Global estimate = 690802.22, Ratio = 1.00
[Info] Appended instance results for query_6_16.graph to CSV in long format.
Global Estimated Value: 690802.22
/home/wangshuo/projects/PROXY/datasets/amazon/query_graph_count/query_6_16.graph Finished!


Start Processing /home/wangshuo/projects/PROXY/datasets/amazon/query_graph_count/query_6_17.graph for core instances with query nodes: 0 1 5 
[Info] Auto-selected query root index 5 with (transferred) label 3
[Check] Sample budget = 60000
[Check] Sum of instance estimates = 721289.74, Global estimate = 721289.74, Ratio = 1.00
[Info] Appended instance results for query_6_17.graph to CSV in long format.
Global Estimated Value: 721289.74
/home/wangshuo/projects/PROXY/datasets/amazon/query_graph_count/query_6_17.graph Finished!


Start Processing /home/wangshuo/projects/PROXY/datasets/amazon/query_graph_count/query_6_18.graph for core instances with query nodes: 1 3 4 
[Info] Auto-selected query root index 3 with (transferred) label 4
[Check] Sample budget = 60000
[Check] Sum of instance estimates = 49791321.58, Global estimate = 49791321.58, Ratio = 1.00
[Info] Appended instance results for query_6_18.graph to CSV in long format.
Global Estimated Value: 49791321.58
/home/wangshuo/projects/PROXY/datasets/amazon/query_graph_count/query_6_18.graph Finished!


Start Processing /home/wangshuo/projects/PROXY/datasets/amazon/query_graph_count/query_6_19.graph for core instances with query nodes: 3 4 
[Info] Auto-selected query root index 3 with (transferred) label 0
[Check] Sample budget = 60000
[Check] Sum of instance estimates = 39641241.94, Global estimate = 39641241.94, Ratio = 1.00
[Info] Appended instance results for query_6_19.graph to CSV in long format.
Global Estimated Value: 39641241.94
/home/wangshuo/projects/PROXY/datasets/amazon/query_graph_count/query_6_19.graph Finished!


Start Processing /home/wangshuo/projects/PROXY/datasets/amazon/query_graph_count/query_6_2.graph for core instances with query nodes: 0 1 3 5 
[Info] Auto-selected query root index 0 with (transferred) label 2
[Check] Sample budget = 60000
[Check] Sum of instance estimates = 586737.21, Global estimate = 586737.21, Ratio = 1.00
[Info] Appended instance results for query_6_2.graph to CSV in long format.
Global Estimated Value: 586737.21
/home/wangshuo/projects/PROXY/datasets/amazon/query_graph_count/query_6_2.graph Finished!


Start Processing /home/wangshuo/projects/PROXY/datasets/amazon/query_graph_count/query_6_20.graph for core instances with query nodes: 4 5 
[Info] Auto-selected query root index 4 with (transferred) label 3
[Check] Sample budget = 60000
[Check] Sum of instance estimates = 61552574.99, Global estimate = 61552574.99, Ratio = 1.00
[Info] Appended instance results for query_6_20.graph to CSV in long format.
Global Estimated Value: 61552574.99
/home/wangshuo/projects/PROXY/datasets/amazon/query_graph_count/query_6_20.graph Finished!


Start Processing /home/wangshuo/projects/PROXY/datasets/amazon/query_graph_count/query_6_21.graph for core instances with query nodes: 1 4 5 
[Info] Auto-selected query root index 4 with (transferred) label 1
[Check] Sample budget = 60000
[Check] Sum of instance estimates = 624485.48, Global estimate = 624485.48, Ratio = 1.00
[Info] Appended instance results for query_6_21.graph to CSV in long format.
Global Estimated Value: 624485.48
/home/wangshuo/projects/PROXY/datasets/amazon/query_graph_count/query_6_21.graph Finished!


Start Processing /home/wangshuo/projects/PROXY/datasets/amazon/query_graph_count/query_6_22.graph for core instances with query nodes: 0 1 
[Info] Auto-selected query root index 1 with (transferred) label 4
[Check] Sample budget = 60000
[Check] Sum of instance estimates = 652438.00, Global estimate = 652438.00, Ratio = 1.00
[Info] Appended instance results for query_6_22.graph to CSV in long format.
Global Estimated Value: 652438.00
/home/wangshuo/projects/PROXY/datasets/amazon/query_graph_count/query_6_22.graph Finished!


Start Processing /home/wangshuo/projects/PROXY/datasets/amazon/query_graph_count/query_6_23.graph for core instances with query nodes: 4 5 
[Info] Auto-selected query root index 4 with (transferred) label 1
[Check] Sample budget = 60000
[Check] Sum of instance estimates = 48179615.12, Global estimate = 48179615.12, Ratio = 1.00
[Info] Appended instance results for query_6_23.graph to CSV in long format.
Global Estimated Value: 48179615.12
/home/wangshuo/projects/PROXY/datasets/amazon/query_graph_count/query_6_23.graph Finished!


Start Processing /home/wangshuo/projects/PROXY/datasets/amazon/query_graph_count/query_6_24.graph for core instances with query nodes: 1 3 4 5 
[Info] Auto-selected query root index 5 with (transferred) label 0
[Check] Sample budget = 60000
[Check] Sum of instance estimates = 45493628.09, Global estimate = 45493628.09, Ratio = 1.00
[Info] Appended instance results for query_6_24.graph to CSV in long format.
Global Estimated Value: 45493628.09
/home/wangshuo/projects/PROXY/datasets/amazon/query_graph_count/query_6_24.graph Finished!


Start Processing /home/wangshuo/projects/PROXY/datasets/amazon/query_graph_count/query_6_25.graph for core instances with query nodes: 2 3 
[Info] Auto-selected query root index 3 with (transferred) label 3
[Check] Sample budget = 60000
[Check] Sum of instance estimates = 61631906.64, Global estimate = 61631906.64, Ratio = 1.00
[Info] Appended instance results for query_6_25.graph to CSV in long format.
Global Estimated Value: 61631906.64
/home/wangshuo/projects/PROXY/datasets/amazon/query_graph_count/query_6_25.graph Finished!


Start Processing /home/wangshuo/projects/PROXY/datasets/amazon/query_graph_count/query_6_26.graph for core instances with query nodes: 0 3 5 
[Info] Auto-selected query root index 0 with (transferred) label 2
[Check] Sample budget = 60000
[Check] Sum of instance estimates = 42758166.06, Global estimate = 42758166.06, Ratio = 1.00
[Info] Appended instance results for query_6_26.graph to CSV in long format.
Global Estimated Value: 42758166.06
/home/wangshuo/projects/PROXY/datasets/amazon/query_graph_count/query_6_26.graph Finished!


Start Processing /home/wangshuo/projects/PROXY/datasets/amazon/query_graph_count/query_6_27.graph for core instances with query nodes: 1 3 
[Info] Auto-selected query root index 3 with (transferred) label 2
[Check] Sample budget = 60000
[Check] Sum of instance estimates = 44013890.00, Global estimate = 44013890.00, Ratio = 1.00
[Info] Appended instance results for query_6_27.graph to CSV in long format.
Global Estimated Value: 44013890.00
/home/wangshuo/projects/PROXY/datasets/amazon/query_graph_count/query_6_27.graph Finished!


Start Processing /home/wangshuo/projects/PROXY/datasets/amazon/query_graph_count/query_6_28.graph for core instances with query nodes: 0 2 5 
[Info] Auto-selected query root index 2 with (transferred) label 4
[Check] Sample budget = 60000
[Check] Sum of instance estimates = 6803.68, Global estimate = 6803.68, Ratio = 1.00
[Info] Appended instance results for query_6_28.graph to CSV in long format.
Global Estimated Value: 6803.68
/home/wangshuo/projects/PROXY/datasets/amazon/query_graph_count/query_6_28.graph Finished!


Start Processing /home/wangshuo/projects/PROXY/datasets/amazon/query_graph_count/query_6_29.graph for core instances with query nodes: 0 1 4 5 
[Info] Auto-selected query root index 1 with (transferred) label 1
[Check] Sample budget = 60000
[Check] Sum of instance estimates = 578714.80, Global estimate = 578714.80, Ratio = 1.00
[Info] Appended instance results for query_6_29.graph to CSV in long format.
Global Estimated Value: 578714.80
/home/wangshuo/projects/PROXY/datasets/amazon/query_graph_count/query_6_29.graph Finished!


Start Processing /home/wangshuo/projects/PROXY/datasets/amazon/query_graph_count/query_6_3.graph for core instances with query nodes: 3 4 
[Info] Auto-selected query root index 4 with (transferred) label 0
[Check] Sample budget = 60000
[Check] Sum of instance estimates = 42274118.89, Global estimate = 42274118.89, Ratio = 1.00
[Info] Appended instance results for query_6_3.graph to CSV in long format.
Global Estimated Value: 42274118.89
/home/wangshuo/projects/PROXY/datasets/amazon/query_graph_count/query_6_3.graph Finished!


Start Processing /home/wangshuo/projects/PROXY/datasets/amazon/query_graph_count/query_6_30.graph for core instances with query nodes: 3 5 
[Info] Auto-selected query root index 5 with (transferred) label 3
[Check] Sample budget = 60000
[Check] Sum of instance estimates = 6253.00, Global estimate = 6253.00, Ratio = 1.00
[Info] Appended instance results for query_6_30.graph to CSV in long format.
Global Estimated Value: 6253.00
/home/wangshuo/projects/PROXY/datasets/amazon/query_graph_count/query_6_30.graph Finished!


Start Processing /home/wangshuo/projects/PROXY/datasets/amazon/query_graph_count/query_6_31.graph for core instances with query nodes: 0 3 
[Info] Auto-selected query root index 3 with (transferred) label 3
[Check] Sample budget = 60000
[Check] Sum of instance estimates = 65854664.71, Global estimate = 65854664.71, Ratio = 1.00
[Info] Appended instance results for query_6_31.graph to CSV in long format.
Global Estimated Value: 65854664.71
/home/wangshuo/projects/PROXY/datasets/amazon/query_graph_count/query_6_31.graph Finished!


Start Processing /home/wangshuo/projects/PROXY/datasets/amazon/query_graph_count/query_6_32.graph for core instances with query nodes: 1 2 5 
[Info] Auto-selected query root index 2 with (transferred) label 3
[Check] Sample budget = 60000
[Check] Sum of instance estimates = 737672.41, Global estimate = 737672.41, Ratio = 1.00
[Info] Appended instance results for query_6_32.graph to CSV in long format.
Global Estimated Value: 737672.41
/home/wangshuo/projects/PROXY/datasets/amazon/query_graph_count/query_6_32.graph Finished!


Start Processing /home/wangshuo/projects/PROXY/datasets/amazon/query_graph_count/query_6_33.graph for core instances with query nodes: 1 4 
[Info] Auto-selected query root index 1 with (transferred) label 2
[Check] Sample budget = 60000
[Check] Sum of instance estimates = 44237034.79, Global estimate = 44237034.79, Ratio = 1.00
[Info] Appended instance results for query_6_33.graph to CSV in long format.
Global Estimated Value: 44237034.79
/home/wangshuo/projects/PROXY/datasets/amazon/query_graph_count/query_6_33.graph Finished!


Start Processing /home/wangshuo/projects/PROXY/datasets/amazon/query_graph_count/query_6_34.graph for core instances with query nodes: 1 2 3 
[Info] Auto-selected query root index 2 with (transferred) label 2
[Check] Sample budget = 60000
[Check] Sum of instance estimates = 39354455.00, Global estimate = 39354455.00, Ratio = 1.00
[Info] Appended instance results for query_6_34.graph to CSV in long format.
Global Estimated Value: 39354455.00
/home/wangshuo/projects/PROXY/datasets/amazon/query_graph_count/query_6_34.graph Finished!


Start Processing /home/wangshuo/projects/PROXY/datasets/amazon/query_graph_count/query_6_35.graph for core instances with query nodes: 2 4 
[Info] Auto-selected query root index 4 with (transferred) label 2
[Check] Sample budget = 60000
[Check] Sum of instance estimates = 6577.00, Global estimate = 6577.00, Ratio = 1.00
[Info] Appended instance results for query_6_35.graph to CSV in long format.
Global Estimated Value: 6577.00
/home/wangshuo/projects/PROXY/datasets/amazon/query_graph_count/query_6_35.graph Finished!


Start Processing /home/wangshuo/projects/PROXY/datasets/amazon/query_graph_count/query_6_36.graph for core instances with query nodes: 0 1 4 5 
[Info] Auto-selected query root index 5 with (transferred) label 3
[Check] Sample budget = 60000
[Check] Sum of instance estimates = 789779.86, Global estimate = 789779.86, Ratio = 1.00
[Info] Appended instance results for query_6_36.graph to CSV in long format.
Global Estimated Value: 789779.86
/home/wangshuo/projects/PROXY/datasets/amazon/query_graph_count/query_6_36.graph Finished!


Start Processing /home/wangshuo/projects/PROXY/datasets/amazon/query_graph_count/query_6_37.graph for core instances with query nodes: 0 4 
[Info] Auto-selected query root index 4 with (transferred) label 1
[Check] Sample budget = 60000
[Check] Sum of instance estimates = 6547.00, Global estimate = 6547.00, Ratio = 1.00
[Info] Appended instance results for query_6_37.graph to CSV in long format.
Global Estimated Value: 6547.00
/home/wangshuo/projects/PROXY/datasets/amazon/query_graph_count/query_6_37.graph Finished!


Start Processing /home/wangshuo/projects/PROXY/datasets/amazon/query_graph_count/query_6_38.graph for core instances with query nodes: 1 2 
[Info] Auto-selected query root index 1 with (transferred) label 4
[Check] Sample budget = 60000
[Check] Sum of instance estimates = 692369.22, Global estimate = 692369.22, Ratio = 1.00
[Info] Appended instance results for query_6_38.graph to CSV in long format.
Global Estimated Value: 692369.22
/home/wangshuo/projects/PROXY/datasets/amazon/query_graph_count/query_6_38.graph Finished!


Start Processing /home/wangshuo/projects/PROXY/datasets/amazon/query_graph_count/query_6_39.graph for core instances with query nodes: 0 4 
[Info] Auto-selected query root index 4 with (transferred) label 4
[Check] Sample budget = 60000
[Check] Sum of instance estimates = 6969.00, Global estimate = 6969.00, Ratio = 1.00
[Info] Appended instance results for query_6_39.graph to CSV in long format.
Global Estimated Value: 6969.00
/home/wangshuo/projects/PROXY/datasets/amazon/query_graph_count/query_6_39.graph Finished!


Start Processing /home/wangshuo/projects/PROXY/datasets/amazon/query_graph_count/query_6_4.graph for core instances with query nodes: 0 5 
[Info] Auto-selected query root index 0 with (transferred) label 0
[Check] Sample budget = 60000
[Check] Sum of instance estimates = 5895.52, Global estimate = 5895.52, Ratio = 1.00
[Info] Appended instance results for query_6_4.graph to CSV in long format.
Global Estimated Value: 5895.52
/home/wangshuo/projects/PROXY/datasets/amazon/query_graph_count/query_6_4.graph Finished!


Start Processing /home/wangshuo/projects/PROXY/datasets/amazon/query_graph_count/query_6_40.graph for core instances with query nodes: 2 4 5 
[Info] Auto-selected query root index 5 with (transferred) label 3
[Check] Sample budget = 60000
[Check] Sum of instance estimates = 7795.00, Global estimate = 7795.00, Ratio = 1.00
[Info] Appended instance results for query_6_40.graph to CSV in long format.
Global Estimated Value: 7795.00
/home/wangshuo/projects/PROXY/datasets/amazon/query_graph_count/query_6_40.graph Finished!


Start Processing /home/wangshuo/projects/PROXY/datasets/amazon/query_graph_count/query_6_41.graph for core instances with query nodes: 0 1 3 
[Info] Auto-selected query root index 4 with (transferred) label 2
[Check] Sample budget = 60000
[Check] Sum of instance estimates = 6117.00, Global estimate = 6117.00, Ratio = 1.00
[Info] Appended instance results for query_6_41.graph to CSV in long format.
Global Estimated Value: 6117.00
/home/wangshuo/projects/PROXY/datasets/amazon/query_graph_count/query_6_41.graph Finished!


Start Processing /home/wangshuo/projects/PROXY/datasets/amazon/query_graph_count/query_6_42.graph for core instances with query nodes: 2 4 
[Info] Auto-selected query root index 3 with (transferred) label 1
[Check] Sample budget = 60000
[Check] Sum of instance estimates = 6595.00, Global estimate = 6595.00, Ratio = 1.00
[Info] Appended instance results for query_6_42.graph to CSV in long format.
Global Estimated Value: 6595.00
/home/wangshuo/projects/PROXY/datasets/amazon/query_graph_count/query_6_42.graph Finished!


Start Processing /home/wangshuo/projects/PROXY/datasets/amazon/query_graph_count/query_6_43.graph for core instances with query nodes: 4 5 
[Info] Auto-selected query root index 5 with (transferred) label 0
[Check] Sample budget = 60000
[Check] Sum of instance estimates = 44859835.69, Global estimate = 44859835.69, Ratio = 1.00
[Info] Appended instance results for query_6_43.graph to CSV in long format.
Global Estimated Value: 44859835.69
/home/wangshuo/projects/PROXY/datasets/amazon/query_graph_count/query_6_43.graph Finished!


Start Processing /home/wangshuo/projects/PROXY/datasets/amazon/query_graph_count/query_6_44.graph for core instances with query nodes: 0 5 
[Info] Auto-selected query root index 0 with (transferred) label 0
[Check] Sample budget = 60000
[Check] Sum of instance estimates = 2123.00, Global estimate = 2123.00, Ratio = 1.00
[Info] Appended instance results for query_6_44.graph to CSV in long format.
Global Estimated Value: 2123.00
/home/wangshuo/projects/PROXY/datasets/amazon/query_graph_count/query_6_44.graph Finished!


Start Processing /home/wangshuo/projects/PROXY/datasets/amazon/query_graph_count/query_6_45.graph for core instances with query nodes: 1 4 5 
[Info] Auto-selected query root index 5 with (transferred) label 0
[Check] Sample budget = 60000
[Check] Sum of instance estimates = 572954.90, Global estimate = 572954.90, Ratio = 1.00
[Info] Appended instance results for query_6_45.graph to CSV in long format.
Global Estimated Value: 572954.90
/home/wangshuo/projects/PROXY/datasets/amazon/query_graph_count/query_6_45.graph Finished!


Start Processing /home/wangshuo/projects/PROXY/datasets/amazon/query_graph_count/query_6_46.graph for core instances with query nodes: 3 5 
[Info] Auto-selected query root index 5 with (transferred) label 0
[Check] Sample budget = 60000
[Check] Sum of instance estimates = 521135.32, Global estimate = 521135.32, Ratio = 1.00
[Info] Appended instance results for query_6_46.graph to CSV in long format.
Global Estimated Value: 521135.32
/home/wangshuo/projects/PROXY/datasets/amazon/query_graph_count/query_6_46.graph Finished!


Start Processing /home/wangshuo/projects/PROXY/datasets/amazon/query_graph_count/query_6_47.graph for core instances with query nodes: 3 4 5 
[Info] Auto-selected query root index 4 with (transferred) label 0
[Check] Sample budget = 60000
[Check] Sum of instance estimates = 6048.97, Global estimate = 6048.97, Ratio = 1.00
[Info] Appended instance results for query_6_47.graph to CSV in long format.
Global Estimated Value: 6048.97
/home/wangshuo/projects/PROXY/datasets/amazon/query_graph_count/query_6_47.graph Finished!


Start Processing /home/wangshuo/projects/PROXY/datasets/amazon/query_graph_count/query_6_48.graph for core instances with query nodes: 2 4 
[Info] Auto-selected query root index 2 with (transferred) label 2
[Check] Sample budget = 60000
[Check] Sum of instance estimates = 41226845.00, Global estimate = 41226845.00, Ratio = 1.00
[Info] Appended instance results for query_6_48.graph to CSV in long format.
Global Estimated Value: 41226845.00
/home/wangshuo/projects/PROXY/datasets/amazon/query_graph_count/query_6_48.graph Finished!


Start Processing /home/wangshuo/projects/PROXY/datasets/amazon/query_graph_count/query_6_49.graph for core instances with query nodes: 2 5 
[Info] Auto-selected query root index 2 with (transferred) label 0
[Check] Sample budget = 60000
[Check] Sum of instance estimates = 38801533.33, Global estimate = 38801533.33, Ratio = 1.00
[Info] Appended instance results for query_6_49.graph to CSV in long format.
Global Estimated Value: 38801533.33
/home/wangshuo/projects/PROXY/datasets/amazon/query_graph_count/query_6_49.graph Finished!


Start Processing /home/wangshuo/projects/PROXY/datasets/amazon/query_graph_count/query_6_5.graph for core instances with query nodes: 2 5 
[Info] Auto-selected query root index 2 with (transferred) label 4
[Check] Sample budget = 60000
[Check] Sum of instance estimates = 6224.00, Global estimate = 6224.00, Ratio = 1.00
[Info] Appended instance results for query_6_5.graph to CSV in long format.
Global Estimated Value: 6224.00
/home/wangshuo/projects/PROXY/datasets/amazon/query_graph_count/query_6_5.graph Finished!


Start Processing /home/wangshuo/projects/PROXY/datasets/amazon/query_graph_count/query_6_50.graph for core instances with query nodes: 1 4 
[Info] Auto-selected query root index 1 with (transferred) label 4
[Check] Sample budget = 60000
[Check] Sum of instance estimates = 6479.00, Global estimate = 6479.00, Ratio = 1.00
[Info] Appended instance results for query_6_50.graph to CSV in long format.
Global Estimated Value: 6479.00
/home/wangshuo/projects/PROXY/datasets/amazon/query_graph_count/query_6_50.graph Finished!


Start Processing /home/wangshuo/projects/PROXY/datasets/amazon/query_graph_count/query_6_51.graph for core instances with query nodes: 0 2 
[Info] Auto-selected query root index 2 with (transferred) label 2
[Check] Sample budget = 60000
[Check] Sum of instance estimates = 6578.00, Global estimate = 6578.00, Ratio = 1.00
[Info] Appended instance results for query_6_51.graph to CSV in long format.
Global Estimated Value: 6578.00
/home/wangshuo/projects/PROXY/datasets/amazon/query_graph_count/query_6_51.graph Finished!


Start Processing /home/wangshuo/projects/PROXY/datasets/amazon/query_graph_count/query_6_52.graph for core instances with query nodes: 0 3 
[Info] Auto-selected query root index 0 with (transferred) label 4
[Check] Sample budget = 60000
[Check] Sum of instance estimates = 7158.35, Global estimate = 7158.35, Ratio = 1.00
[Info] Appended instance results for query_6_52.graph to CSV in long format.
Global Estimated Value: 7158.35
/home/wangshuo/projects/PROXY/datasets/amazon/query_graph_count/query_6_52.graph Finished!


Start Processing /home/wangshuo/projects/PROXY/datasets/amazon/query_graph_count/query_6_53.graph for core instances with query nodes: 3 5 
[Info] Auto-selected query root index 5 with (transferred) label 0
[Check] Sample budget = 60000
[Check] Sum of instance estimates = 39364313.66, Global estimate = 39364313.66, Ratio = 1.00
[Info] Appended instance results for query_6_53.graph to CSV in long format.
Global Estimated Value: 39364313.66
/home/wangshuo/projects/PROXY/datasets/amazon/query_graph_count/query_6_53.graph Finished!


Start Processing /home/wangshuo/projects/PROXY/datasets/amazon/query_graph_count/query_6_54.graph for core instances with query nodes: 0 3 
[Info] Auto-selected query root index 0 with (transferred) label 0
[Check] Sample budget = 60000
[Check] Sum of instance estimates = 525984.67, Global estimate = 525984.67, Ratio = 1.00
[Info] Appended instance results for query_6_54.graph to CSV in long format.
Global Estimated Value: 525984.67
/home/wangshuo/projects/PROXY/datasets/amazon/query_graph_count/query_6_54.graph Finished!


Start Processing /home/wangshuo/projects/PROXY/datasets/amazon/query_graph_count/query_6_55.graph for core instances with query nodes: 2 3 5 
[Info] Auto-selected query root index 0 with (transferred) label 0
[Check] Sample budget = 60000
[Check] Sum of instance estimates = 6256.00, Global estimate = 6256.00, Ratio = 1.00
[Info] Appended instance results for query_6_55.graph to CSV in long format.
Global Estimated Value: 6256.00
/home/wangshuo/projects/PROXY/datasets/amazon/query_graph_count/query_6_55.graph Finished!


Start Processing /home/wangshuo/projects/PROXY/datasets/amazon/query_graph_count/query_6_56.graph for core instances with query nodes: 0 1 
[Info] Auto-selected query root index 1 with (transferred) label 2
[Check] Sample budget = 60000
[Check] Sum of instance estimates = 44013890.00, Global estimate = 44013890.00, Ratio = 1.00
[Info] Appended instance results for query_6_56.graph to CSV in long format.
Global Estimated Value: 44013890.00
/home/wangshuo/projects/PROXY/datasets/amazon/query_graph_count/query_6_56.graph Finished!


Start Processing /home/wangshuo/projects/PROXY/datasets/amazon/query_graph_count/query_6_57.graph for core instances with query nodes: 0 1 
[Info] Auto-selected query root index 0 with (transferred) label 1
[Check] Sample budget = 60000
[Check] Sum of instance estimates = 1729.65, Global estimate = 1729.65, Ratio = 1.00
[Info] Appended instance results for query_6_57.graph to CSV in long format.
Global Estimated Value: 1729.65
/home/wangshuo/projects/PROXY/datasets/amazon/query_graph_count/query_6_57.graph Finished!


Start Processing /home/wangshuo/projects/PROXY/datasets/amazon/query_graph_count/query_6_58.graph for core instances with query nodes: 0 2 
[Info] Auto-selected query root index 2 with (transferred) label 0
[Check] Sample budget = 60000
[Check] Sum of instance estimates = 567830.00, Global estimate = 567830.00, Ratio = 1.00
[Info] Appended instance results for query_6_58.graph to CSV in long format.
Global Estimated Value: 567830.00
/home/wangshuo/projects/PROXY/datasets/amazon/query_graph_count/query_6_58.graph Finished!


Start Processing /home/wangshuo/projects/PROXY/datasets/amazon/query_graph_count/query_6_59.graph for core instances with query nodes: 2 4 5 
[Info] Auto-selected query root index 0 with (transferred) label 2
[Check] Sample budget = 60000
[Check] Sum of instance estimates = 6273.00, Global estimate = 6273.00, Ratio = 1.00
[Info] Appended instance results for query_6_59.graph to CSV in long format.
Global Estimated Value: 6273.00
/home/wangshuo/projects/PROXY/datasets/amazon/query_graph_count/query_6_59.graph Finished!


Start Processing /home/wangshuo/projects/PROXY/datasets/amazon/query_graph_count/query_6_6.graph for core instances with query nodes: 0 1 2 4 5 
[Info] Auto-selected query root index 0 with (transferred) label 3
[Check] Sample budget = 60000
[Check] Sum of instance estimates = 732283.20, Global estimate = 732283.20, Ratio = 1.00
[Info] Appended instance results for query_6_6.graph to CSV in long format.
Global Estimated Value: 732283.20
/home/wangshuo/projects/PROXY/datasets/amazon/query_graph_count/query_6_6.graph Finished!


Start Processing /home/wangshuo/projects/PROXY/datasets/amazon/query_graph_count/query_6_60.graph for core instances with query nodes: 1 2 3 5 
[Info] Auto-selected query root index 2 with (transferred) label 3
[Check] Sample budget = 60000
[Check] Sum of instance estimates = 60524918.17, Global estimate = 60524918.17, Ratio = 1.00
[Info] Appended instance results for query_6_60.graph to CSV in long format.
Global Estimated Value: 60524918.17
/home/wangshuo/projects/PROXY/datasets/amazon/query_graph_count/query_6_60.graph Finished!


Start Processing /home/wangshuo/projects/PROXY/datasets/amazon/query_graph_count/query_6_61.graph for core instances with query nodes: 0 2 5 
[Info] Auto-selected query root index 3 with (transferred) label 0
[Check] Sample budget = 60000
[Check] Sum of instance estimates = 5794.00, Global estimate = 5794.00, Ratio = 1.00
[Info] Appended instance results for query_6_61.graph to CSV in long format.
Global Estimated Value: 5794.00
/home/wangshuo/projects/PROXY/datasets/amazon/query_graph_count/query_6_61.graph Finished!


Start Processing /home/wangshuo/projects/PROXY/datasets/amazon/query_graph_count/query_6_62.graph for core instances with query nodes: 2 4 5 
[Info] Auto-selected query root index 5 with (transferred) label 0
[Check] Sample budget = 60000
[Check] Sum of instance estimates = 5714.00, Global estimate = 5714.00, Ratio = 1.00
[Info] Appended instance results for query_6_62.graph to CSV in long format.
Global Estimated Value: 5714.00
/home/wangshuo/projects/PROXY/datasets/amazon/query_graph_count/query_6_62.graph Finished!


Start Processing /home/wangshuo/projects/PROXY/datasets/amazon/query_graph_count/query_6_63.graph for core instances with query nodes: 2 3 5 
[Info] Auto-selected query root index 3 with (transferred) label 3
[Check] Sample budget = 60000
[Check] Sum of instance estimates = 721934.13, Global estimate = 721934.13, Ratio = 1.00
[Info] Appended instance results for query_6_63.graph to CSV in long format.
Global Estimated Value: 721934.13
/home/wangshuo/projects/PROXY/datasets/amazon/query_graph_count/query_6_63.graph Finished!


Start Processing /home/wangshuo/projects/PROXY/datasets/amazon/query_graph_count/query_6_64.graph for core instances with query nodes: 2 4 
[Info] Auto-selected query root index 4 with (transferred) label 1
[Check] Sample budget = 60000
[Check] Sum of instance estimates = 52005192.51, Global estimate = 52005192.50, Ratio = 1.00
[Info] Appended instance results for query_6_64.graph to CSV in long format.
Global Estimated Value: 52005192.50
/home/wangshuo/projects/PROXY/datasets/amazon/query_graph_count/query_6_64.graph Finished!


Start Processing /home/wangshuo/projects/PROXY/datasets/amazon/query_graph_count/query_6_65.graph for core instances with query nodes: 0 3 4 
[Info] Auto-selected query root index 3 with (transferred) label 4
[Check] Sample budget = 60000
[Check] Sum of instance estimates = 6456.27, Global estimate = 6456.27, Ratio = 1.00
[Info] Appended instance results for query_6_65.graph to CSV in long format.
Global Estimated Value: 6456.27
/home/wangshuo/projects/PROXY/datasets/amazon/query_graph_count/query_6_65.graph Finished!


Start Processing /home/wangshuo/projects/PROXY/datasets/amazon/query_graph_count/query_6_66.graph for core instances with query nodes: 3 4 
[Info] Auto-selected query root index 4 with (transferred) label 0
[Check] Sample budget = 60000
[Check] Sum of instance estimates = 516007.80, Global estimate = 516007.80, Ratio = 1.00
[Info] Appended instance results for query_6_66.graph to CSV in long format.
Global Estimated Value: 516007.80
/home/wangshuo/projects/PROXY/datasets/amazon/query_graph_count/query_6_66.graph Finished!


Start Processing /home/wangshuo/projects/PROXY/datasets/amazon/query_graph_count/query_6_67.graph for core instances with query nodes: 1 4 
[Info] Auto-selected query root index 4 with (transferred) label 2
[Check] Sample budget = 60000
[Check] Sum of instance estimates = 6350.00, Global estimate = 6350.00, Ratio = 1.00
[Info] Appended instance results for query_6_67.graph to CSV in long format.
Global Estimated Value: 6350.00
/home/wangshuo/projects/PROXY/datasets/amazon/query_graph_count/query_6_67.graph Finished!


Start Processing /home/wangshuo/projects/PROXY/datasets/amazon/query_graph_count/query_6_68.graph for core instances with query nodes: 1 2 
[Info] Auto-selected query root index 1 with (transferred) label 2
[Check] Sample budget = 60000
[Check] Sum of instance estimates = 618510.00, Global estimate = 618510.00, Ratio = 1.00
[Info] Appended instance results for query_6_68.graph to CSV in long format.
Global Estimated Value: 618510.00
/home/wangshuo/projects/PROXY/datasets/amazon/query_graph_count/query_6_68.graph Finished!


Start Processing /home/wangshuo/projects/PROXY/datasets/amazon/query_graph_count/query_6_69.graph for core instances with query nodes: 0 2 
[Info] Auto-selected query root index 0 with (transferred) label 3
[Check] Sample budget = 60000
[Check] Sum of instance estimates = 173.00, Global estimate = 173.00, Ratio = 1.00
[Info] Appended instance results for query_6_69.graph to CSV in long format.
Global Estimated Value: 173.00
/home/wangshuo/projects/PROXY/datasets/amazon/query_graph_count/query_6_69.graph Finished!


Start Processing /home/wangshuo/projects/PROXY/datasets/amazon/query_graph_count/query_6_7.graph for core instances with query nodes: 3 5 
[Info] Auto-selected query root index 1 with (transferred) label 6
[Check] Sample budget = 60000
[Check] Sum of instance estimates = 218.00, Global estimate = 218.00, Ratio = 1.00
[Info] Appended instance results for query_6_7.graph to CSV in long format.
Global Estimated Value: 218.00
/home/wangshuo/projects/PROXY/datasets/amazon/query_graph_count/query_6_7.graph Finished!


Start Processing /home/wangshuo/projects/PROXY/datasets/amazon/query_graph_count/query_6_70.graph for core instances with query nodes: 4 5 
[Info] Auto-selected query root index 4 with (transferred) label 4
[Check] Sample budget = 60000
[Check] Sum of instance estimates = 672393.00, Global estimate = 672393.00, Ratio = 1.00
[Info] Appended instance results for query_6_70.graph to CSV in long format.
Global Estimated Value: 672393.00
/home/wangshuo/projects/PROXY/datasets/amazon/query_graph_count/query_6_70.graph Finished!


Start Processing /home/wangshuo/projects/PROXY/datasets/amazon/query_graph_count/query_6_71.graph for core instances with query nodes: 0 2 
[Info] Auto-selected query root index 0 with (transferred) label 1
[Check] Sample budget = 60000
[Check] Sum of instance estimates = 672860.42, Global estimate = 672860.42, Ratio = 1.00
[Info] Appended instance results for query_6_71.graph to CSV in long format.
Global Estimated Value: 672860.42
/home/wangshuo/projects/PROXY/datasets/amazon/query_graph_count/query_6_71.graph Finished!


Start Processing /home/wangshuo/projects/PROXY/datasets/amazon/query_graph_count/query_6_72.graph for core instances with query nodes: 0 3 
[Info] Auto-selected query root index 0 with (transferred) label 2
[Check] Sample budget = 60000
[Check] Sum of instance estimates = 518.06, Global estimate = 518.06, Ratio = 1.00
[Info] Appended instance results for query_6_72.graph to CSV in long format.
Global Estimated Value: 518.06
/home/wangshuo/projects/PROXY/datasets/amazon/query_graph_count/query_6_72.graph Finished!


Start Processing /home/wangshuo/projects/PROXY/datasets/amazon/query_graph_count/query_6_73.graph for core instances with query nodes: 1 4 
[Info] Auto-selected query root index 4 with (transferred) label 1
[Check] Sample budget = 60000
[Check] Sum of instance estimates = 13036.43, Global estimate = 13036.43, Ratio = 1.00
[Info] Appended instance results for query_6_73.graph to CSV in long format.
Global Estimated Value: 13036.43
/home/wangshuo/projects/PROXY/datasets/amazon/query_graph_count/query_6_73.graph Finished!


Start Processing /home/wangshuo/projects/PROXY/datasets/amazon/query_graph_count/query_6_74.graph for core instances with query nodes: 0 4 5 
[Info] Auto-selected query root index 1 with (transferred) label 0
[Check] Sample budget = 60000
[Check] Sum of instance estimates = 5802.00, Global estimate = 5802.00, Ratio = 1.00
[Info] Appended instance results for query_6_74.graph to CSV in long format.
Global Estimated Value: 5802.00
/home/wangshuo/projects/PROXY/datasets/amazon/query_graph_count/query_6_74.graph Finished!


Start Processing /home/wangshuo/projects/PROXY/datasets/amazon/query_graph_count/query_6_75.graph for core instances with query nodes: 0 1 
[Info] Auto-selected query root index 2 with (transferred) label 2
[Check] Sample budget = 60000
[Check] Sum of instance estimates = 6498.08, Global estimate = 6498.08, Ratio = 1.00
[Info] Appended instance results for query_6_75.graph to CSV in long format.
Global Estimated Value: 6498.08
/home/wangshuo/projects/PROXY/datasets/amazon/query_graph_count/query_6_75.graph Finished!


Start Processing /home/wangshuo/projects/PROXY/datasets/amazon/query_graph_count/query_6_76.graph for core instances with query nodes: 0 5 
[Info] Auto-selected query root index 5 with (transferred) label 4
[Check] Sample budget = 60000
[Check] Sum of instance estimates = 1412.87, Global estimate = 1412.87, Ratio = 1.00
[Info] Appended instance results for query_6_76.graph to CSV in long format.
Global Estimated Value: 1412.87
/home/wangshuo/projects/PROXY/datasets/amazon/query_graph_count/query_6_76.graph Finished!


Start Processing /home/wangshuo/projects/PROXY/datasets/amazon/query_graph_count/query_6_77.graph for core instances with query nodes: 3 4 
[Info] Auto-selected query root index 4 with (transferred) label 4
[Check] Sample budget = 60000
[Check] Sum of instance estimates = 51674959.00, Global estimate = 51674959.00, Ratio = 1.00
[Info] Appended instance results for query_6_77.graph to CSV in long format.
Global Estimated Value: 51674959.00
/home/wangshuo/projects/PROXY/datasets/amazon/query_graph_count/query_6_77.graph Finished!


Start Processing /home/wangshuo/projects/PROXY/datasets/amazon/query_graph_count/query_6_78.graph for core instances with query nodes: 3 4 
[Info] Auto-selected query root index 3 with (transferred) label 4
[Check] Sample budget = 60000
[Check] Sum of instance estimates = 54995680.00, Global estimate = 54995680.00, Ratio = 1.00
[Info] Appended instance results for query_6_78.graph to CSV in long format.
Global Estimated Value: 54995680.00
/home/wangshuo/projects/PROXY/datasets/amazon/query_graph_count/query_6_78.graph Finished!


Start Processing /home/wangshuo/projects/PROXY/datasets/amazon/query_graph_count/query_6_79.graph for core instances with query nodes: 0 5 
[Info] Auto-selected query root index 1 with (transferred) label 2
[Check] Sample budget = 60000
[Check] Sum of instance estimates = 5697.00, Global estimate = 5697.00, Ratio = 1.00
[Info] Appended instance results for query_6_79.graph to CSV in long format.
Global Estimated Value: 5697.00
/home/wangshuo/projects/PROXY/datasets/amazon/query_graph_count/query_6_79.graph Finished!


Start Processing /home/wangshuo/projects/PROXY/datasets/amazon/query_graph_count/query_6_8.graph for core instances with query nodes: 0 5 
[Info] Auto-selected query root index 0 with (transferred) label 1
[Check] Sample budget = 60000
[Check] Sum of instance estimates = 46541092.00, Global estimate = 46541092.00, Ratio = 1.00
[Info] Appended instance results for query_6_8.graph to CSV in long format.
Global Estimated Value: 46541092.00
/home/wangshuo/projects/PROXY/datasets/amazon/query_graph_count/query_6_8.graph Finished!


Start Processing /home/wangshuo/projects/PROXY/datasets/amazon/query_graph_count/query_6_80.graph for core instances with query nodes: 3 5 
[Info] Auto-selected query root index 5 with (transferred) label 1
[Check] Sample budget = 60000
[Check] Sum of instance estimates = 48777394.00, Global estimate = 48777394.00, Ratio = 1.00
[Info] Appended instance results for query_6_80.graph to CSV in long format.
Global Estimated Value: 48777394.00
/home/wangshuo/projects/PROXY/datasets/amazon/query_graph_count/query_6_80.graph Finished!


Start Processing /home/wangshuo/projects/PROXY/datasets/amazon/query_graph_count/query_6_81.graph for core instances with query nodes: 0 2 3 
[Info] Auto-selected query root index 0 with (transferred) label 1
[Check] Sample budget = 60000
[Check] Sum of instance estimates = 48168784.17, Global estimate = 48168784.17, Ratio = 1.00
[Info] Appended instance results for query_6_81.graph to CSV in long format.
Global Estimated Value: 48168784.17
/home/wangshuo/projects/PROXY/datasets/amazon/query_graph_count/query_6_81.graph Finished!


Start Processing /home/wangshuo/projects/PROXY/datasets/amazon/query_graph_count/query_6_82.graph for core instances with query nodes: 1 5 
[Info] Auto-selected query root index 1 with (transferred) label 0
[Check] Sample budget = 60000
[Check] Sum of instance estimates = 520311.00, Global estimate = 520311.00, Ratio = 1.00
[Info] Appended instance results for query_6_82.graph to CSV in long format.
Global Estimated Value: 520311.00
/home/wangshuo/projects/PROXY/datasets/amazon/query_graph_count/query_6_82.graph Finished!


Start Processing /home/wangshuo/projects/PROXY/datasets/amazon/query_graph_count/query_6_83.graph for core instances with query nodes: 1 2 
[Info] Auto-selected query root index 2 with (transferred) label 1
[Check] Sample budget = 60000
[Check] Sum of instance estimates = 598107.00, Global estimate = 598107.00, Ratio = 1.00
[Info] Appended instance results for query_6_83.graph to CSV in long format.
Global Estimated Value: 598107.00
/home/wangshuo/projects/PROXY/datasets/amazon/query_graph_count/query_6_83.graph Finished!


Start Processing /home/wangshuo/projects/PROXY/datasets/amazon/query_graph_count/query_6_84.graph for core instances with query nodes: 0 1 3 5 
[Info] Auto-selected query root index 2 with (transferred) label 1
[Check] Sample budget = 60000
[Check] Sum of instance estimates = 6596.11, Global estimate = 6596.11, Ratio = 1.00
[Info] Appended instance results for query_6_84.graph to CSV in long format.
Global Estimated Value: 6596.11
/home/wangshuo/projects/PROXY/datasets/amazon/query_graph_count/query_6_84.graph Finished!


Start Processing /home/wangshuo/projects/PROXY/datasets/amazon/query_graph_count/query_6_85.graph for core instances with query nodes: 0 4 
[Info] Auto-selected query root index 0 with (transferred) label 2
[Check] Sample budget = 60000
[Check] Sum of instance estimates = 646899.45, Global estimate = 646899.45, Ratio = 1.00
[Info] Appended instance results for query_6_85.graph to CSV in long format.
Global Estimated Value: 646899.45
/home/wangshuo/projects/PROXY/datasets/amazon/query_graph_count/query_6_85.graph Finished!


Start Processing /home/wangshuo/projects/PROXY/datasets/amazon/query_graph_count/query_6_86.graph for core instances with query nodes: 4 5 
[Info] Auto-selected query root index 4 with (transferred) label 4
[Check] Sample budget = 60000
[Check] Sum of instance estimates = 676127.00, Global estimate = 676127.00, Ratio = 1.00
[Info] Appended instance results for query_6_86.graph to CSV in long format.
Global Estimated Value: 676127.00
/home/wangshuo/projects/PROXY/datasets/amazon/query_graph_count/query_6_86.graph Finished!


Start Processing /home/wangshuo/projects/PROXY/datasets/amazon/query_graph_count/query_6_87.graph for core instances with query nodes: 0 2 
[Info] Auto-selected query root index 2 with (transferred) label 2
[Check] Sample budget = 60000
[Check] Sum of instance estimates = 44221975.45, Global estimate = 44221975.45, Ratio = 1.00
[Info] Appended instance results for query_6_87.graph to CSV in long format.
Global Estimated Value: 44221975.45
/home/wangshuo/projects/PROXY/datasets/amazon/query_graph_count/query_6_87.graph Finished!


Start Processing /home/wangshuo/projects/PROXY/datasets/amazon/query_graph_count/query_6_88.graph for core instances with query nodes: 1 2 3 
[Info] Auto-selected query root index 2 with (transferred) label 1
[Check] Sample budget = 60000
[Check] Sum of instance estimates = 45479549.07, Global estimate = 45479549.07, Ratio = 1.00
[Info] Appended instance results for query_6_88.graph to CSV in long format.
Global Estimated Value: 45479549.07
/home/wangshuo/projects/PROXY/datasets/amazon/query_graph_count/query_6_88.graph Finished!


Start Processing /home/wangshuo/projects/PROXY/datasets/amazon/query_graph_count/query_6_89.graph for core instances with query nodes: 3 4 
[Info] Auto-selected query root index 4 with (transferred) label 0
[Check] Sample budget = 60000
[Check] Sum of instance estimates = 43575835.06, Global estimate = 43575835.06, Ratio = 1.00
[Info] Appended instance results for query_6_89.graph to CSV in long format.
Global Estimated Value: 43575835.06
/home/wangshuo/projects/PROXY/datasets/amazon/query_graph_count/query_6_89.graph Finished!


Start Processing /home/wangshuo/projects/PROXY/datasets/amazon/query_graph_count/query_6_9.graph for core instances with query nodes: 2 5 
[Info] Auto-selected query root index 2 with (transferred) label 2
[Check] Sample budget = 60000
[Check] Sum of instance estimates = 1981.85, Global estimate = 1981.85, Ratio = 1.00
[Info] Appended instance results for query_6_9.graph to CSV in long format.
Global Estimated Value: 1981.85
/home/wangshuo/projects/PROXY/datasets/amazon/query_graph_count/query_6_9.graph Finished!


Start Processing /home/wangshuo/projects/PROXY/datasets/amazon/query_graph_count/query_6_90.graph for core instances with query nodes: 1 2 
[Info] Auto-selected query root index 1 with (transferred) label 2
[Check] Sample budget = 60000
[Check] Sum of instance estimates = 42032131.52, Global estimate = 42032131.52, Ratio = 1.00
[Info] Appended instance results for query_6_90.graph to CSV in long format.
Global Estimated Value: 42032131.52
/home/wangshuo/projects/PROXY/datasets/amazon/query_graph_count/query_6_90.graph Finished!


Start Processing /home/wangshuo/projects/PROXY/datasets/amazon/query_graph_count/query_6_91.graph for core instances with query nodes: 0 2 5 
[Info] Auto-selected query root index 4 with (transferred) label 2
[Check] Sample budget = 60000
[Check] Sum of instance estimates = 6361.00, Global estimate = 6361.00, Ratio = 1.00
[Info] Appended instance results for query_6_91.graph to CSV in long format.
Global Estimated Value: 6361.00
/home/wangshuo/projects/PROXY/datasets/amazon/query_graph_count/query_6_91.graph Finished!


Start Processing /home/wangshuo/projects/PROXY/datasets/amazon/query_graph_count/query_6_92.graph for core instances with query nodes: 3 5 
[Info] Auto-selected query root index 5 with (transferred) label 0
[Check] Sample budget = 60000
[Check] Sum of instance estimates = 11733.00, Global estimate = 11733.00, Ratio = 1.00
[Info] Appended instance results for query_6_92.graph to CSV in long format.
Global Estimated Value: 11733.00
/home/wangshuo/projects/PROXY/datasets/amazon/query_graph_count/query_6_92.graph Finished!


Start Processing /home/wangshuo/projects/PROXY/datasets/amazon/query_graph_count/query_6_93.graph for core instances with query nodes: 0 1 4 
[Info] Auto-selected query root index 0 with (transferred) label 3
[Check] Sample budget = 60000
[Check] Sum of instance estimates = 60869213.27, Global estimate = 60869213.27, Ratio = 1.00
[Info] Appended instance results for query_6_93.graph to CSV in long format.
Global Estimated Value: 60869213.27
/home/wangshuo/projects/PROXY/datasets/amazon/query_graph_count/query_6_93.graph Finished!


Start Processing /home/wangshuo/projects/PROXY/datasets/amazon/query_graph_count/query_6_94.graph for core instances with query nodes: 0 5 
[Info] Auto-selected query root index 0 with (transferred) label 2
[Check] Sample budget = 60000
[Check] Sum of instance estimates = 5697.00, Global estimate = 5697.00, Ratio = 1.00
[Info] Appended instance results for query_6_94.graph to CSV in long format.
Global Estimated Value: 5697.00
/home/wangshuo/projects/PROXY/datasets/amazon/query_graph_count/query_6_94.graph Finished!


Start Processing /home/wangshuo/projects/PROXY/datasets/amazon/query_graph_count/query_6_95.graph for core instances with query nodes: 0 3 4 
[Info] Auto-selected query root index 4 with (transferred) label 2
[Check] Sample budget = 60000
[Check] Sum of instance estimates = 582767.84, Global estimate = 582767.84, Ratio = 1.00
[Info] Appended instance results for query_6_95.graph to CSV in long format.
Global Estimated Value: 582767.84
/home/wangshuo/projects/PROXY/datasets/amazon/query_graph_count/query_6_95.graph Finished!


Start Processing /home/wangshuo/projects/PROXY/datasets/amazon/query_graph_count/query_6_96.graph for core instances with query nodes: 0 1 
[Info] Auto-selected query root index 0 with (transferred) label 0
[Check] Sample budget = 60000
[Check] Sum of instance estimates = 511711.58, Global estimate = 511711.58, Ratio = 1.00
[Info] Appended instance results for query_6_96.graph to CSV in long format.
Global Estimated Value: 511711.58
/home/wangshuo/projects/PROXY/datasets/amazon/query_graph_count/query_6_96.graph Finished!


Start Processing /home/wangshuo/projects/PROXY/datasets/amazon/query_graph_count/query_6_97.graph for core instances with query nodes: 0 4 
[Info] Auto-selected query root index 0 with (transferred) label 3
[Check] Sample budget = 60000
[Check] Sum of instance estimates = 1644.65, Global estimate = 1644.65, Ratio = 1.00
[Info] Appended instance results for query_6_97.graph to CSV in long format.
Global Estimated Value: 1644.65
/home/wangshuo/projects/PROXY/datasets/amazon/query_graph_count/query_6_97.graph Finished!


Start Processing /home/wangshuo/projects/PROXY/datasets/amazon/query_graph_count/query_6_98.graph for core instances with query nodes: 0 5 
[Info] Auto-selected query root index 0 with (transferred) label 3
[Check] Sample budget = 60000
[Check] Sum of instance estimates = 61514180.00, Global estimate = 61514180.00, Ratio = 1.00
[Info] Appended instance results for query_6_98.graph to CSV in long format.
Global Estimated Value: 61514180.00
/home/wangshuo/projects/PROXY/datasets/amazon/query_graph_count/query_6_98.graph Finished!


Start Processing /home/wangshuo/projects/PROXY/datasets/amazon/query_graph_count/query_6_99.graph for core instances with query nodes: 0 4 
[Info] Auto-selected query root index 5 with (transferred) label 0
[Check] Sample budget = 60000
[Check] Sum of instance estimates = 185.00, Global estimate = 185.00, Ratio = 1.00
[Info] Appended instance results for query_6_99.graph to CSV in long format.
Global Estimated Value: 185.00
/home/wangshuo/projects/PROXY/datasets/amazon/query_graph_count/query_6_99.graph Finished!


Start Processing /home/wangshuo/projects/PROXY/datasets/amazon/query_graph_count/query_7_0.graph for core instances with query nodes: 0 3 5 6 
[Info] Auto-selected query root index 6 with (transferred) label 0
[Check] Sample budget = 60000
[Check] Sum of instance estimates = 99674.05, Global estimate = 99674.05, Ratio = 1.00
[Info] Appended instance results for query_7_0.graph to CSV in long format.
Global Estimated Value: 99674.05
/home/wangshuo/projects/PROXY/datasets/amazon/query_graph_count/query_7_0.graph Finished!


Start Processing /home/wangshuo/projects/PROXY/datasets/amazon/query_graph_count/query_7_1.graph for core instances with query nodes: 2 4 
[Info] Auto-selected query root index 6 with (transferred) label 3
[Check] Sample budget = 60000
[Check] Sum of instance estimates = 136957.38, Global estimate = 136957.38, Ratio = 1.00
[Info] Appended instance results for query_7_1.graph to CSV in long format.
Global Estimated Value: 136957.38
/home/wangshuo/projects/PROXY/datasets/amazon/query_graph_count/query_7_1.graph Finished!


Start Processing /home/wangshuo/projects/PROXY/datasets/amazon/query_graph_count/query_7_10.graph for core instances with query nodes: 1 6 
[Info] Auto-selected query root index 0 with (transferred) label 2
[Check] Sample budget = 60000
[Check] Sum of instance estimates = 101736.00, Global estimate = 101736.00, Ratio = 1.00
[Info] Appended instance results for query_7_10.graph to CSV in long format.
Global Estimated Value: 101736.00
/home/wangshuo/projects/PROXY/datasets/amazon/query_graph_count/query_7_10.graph Finished!


Start Processing /home/wangshuo/projects/PROXY/datasets/amazon/query_graph_count/query_7_100.graph for core instances with query nodes: 1 2 
[Info] Auto-selected query root index 1 with (transferred) label 0
[Check] Sample budget = 60000
[Check] Sum of instance estimates = 14300344.70, Global estimate = 14300344.70, Ratio = 1.00
[Info] Appended instance results for query_7_100.graph to CSV in long format.
Global Estimated Value: 14300344.70
/home/wangshuo/projects/PROXY/datasets/amazon/query_graph_count/query_7_100.graph Finished!


Start Processing /home/wangshuo/projects/PROXY/datasets/amazon/query_graph_count/query_7_101.graph for core instances with query nodes: 0 5 6 
[Info] Auto-selected query root index 1 with (transferred) label 6
[Check] Sample budget = 60000
[Check] Sum of instance estimates = 477.01, Global estimate = 477.01, Ratio = 1.00
[Info] Appended instance results for query_7_101.graph to CSV in long format.
Global Estimated Value: 477.01
/home/wangshuo/projects/PROXY/datasets/amazon/query_graph_count/query_7_101.graph Finished!


Start Processing /home/wangshuo/projects/PROXY/datasets/amazon/query_graph_count/query_7_102.graph for core instances with query nodes: 5 6 
[Info] Auto-selected query root index 5 with (transferred) label 2
[Check] Sample budget = 60000
[Check] Sum of instance estimates = 13169033.08, Global estimate = 13169033.08, Ratio = 1.00
[Info] Appended instance results for query_7_102.graph to CSV in long format.
Global Estimated Value: 13169033.08
/home/wangshuo/projects/PROXY/datasets/amazon/query_graph_count/query_7_102.graph Finished!


Start Processing /home/wangshuo/projects/PROXY/datasets/amazon/query_graph_count/query_7_103.graph for core instances with query nodes: 3 6 
[Info] Auto-selected query root index 6 with (transferred) label 1
[Check] Sample budget = 60000
[Check] Sum of instance estimates = 410.00, Global estimate = 410.00, Ratio = 1.00
[Info] Appended instance results for query_7_103.graph to CSV in long format.
Global Estimated Value: 410.00
/home/wangshuo/projects/PROXY/datasets/amazon/query_graph_count/query_7_103.graph Finished!


Start Processing /home/wangshuo/projects/PROXY/datasets/amazon/query_graph_count/query_7_105.graph for core instances with query nodes: 1 6 
[Info] Auto-selected query root index 1 with (transferred) label 0
[Check] Sample budget = 60000
[Check] Sum of instance estimates = 197498.00, Global estimate = 197498.00, Ratio = 1.00
[Info] Appended instance results for query_7_105.graph to CSV in long format.
Global Estimated Value: 197498.00
/home/wangshuo/projects/PROXY/datasets/amazon/query_graph_count/query_7_105.graph Finished!


Start Processing /home/wangshuo/projects/PROXY/datasets/amazon/query_graph_count/query_7_106.graph for core instances with query nodes: 1 4 
[Info] Auto-selected query root index 1 with (transferred) label 3
[Check] Sample budget = 60000
[Check] Sum of instance estimates = 18663610.57, Global estimate = 18663610.57, Ratio = 1.00
[Info] Appended instance results for query_7_106.graph to CSV in long format.
Global Estimated Value: 18663610.57
/home/wangshuo/projects/PROXY/datasets/amazon/query_graph_count/query_7_106.graph Finished!


Start Processing /home/wangshuo/projects/PROXY/datasets/amazon/query_graph_count/query_7_108.graph for core instances with query nodes: 4 5 
[Info] Auto-selected query root index 5 with (transferred) label 4
[Check] Sample budget = 60000
[Check] Sum of instance estimates = 274502.28, Global estimate = 274502.28, Ratio = 1.00
[Info] Appended instance results for query_7_108.graph to CSV in long format.
Global Estimated Value: 274502.28
/home/wangshuo/projects/PROXY/datasets/amazon/query_graph_count/query_7_108.graph Finished!


Start Processing /home/wangshuo/projects/PROXY/datasets/amazon/query_graph_count/query_7_109.graph for core instances with query nodes: 0 3 
[Info] Auto-selected query root index 5 with (transferred) label 4
[Check] Sample budget = 60000
[Check] Sum of instance estimates = 139833.56, Global estimate = 139833.56, Ratio = 1.00
[Info] Appended instance results for query_7_109.graph to CSV in long format.
Global Estimated Value: 139833.56
/home/wangshuo/projects/PROXY/datasets/amazon/query_graph_count/query_7_109.graph Finished!


Start Processing /home/wangshuo/projects/PROXY/datasets/amazon/query_graph_count/query_7_11.graph for core instances with query nodes: 0 2 4 6 
[Info] Auto-selected query root index 0 with (transferred) label 3
[Check] Sample budget = 60000
[Check] Sum of instance estimates = 273007.64, Global estimate = 273007.64, Ratio = 1.00
[Info] Appended instance results for query_7_11.graph to CSV in long format.
Global Estimated Value: 273007.64
/home/wangshuo/projects/PROXY/datasets/amazon/query_graph_count/query_7_11.graph Finished!


Start Processing /home/wangshuo/projects/PROXY/datasets/amazon/query_graph_count/query_7_110.graph for core instances with query nodes: 0 2 3 5 
[Info] Auto-selected query root index 0 with (transferred) label 3
[Check] Sample budget = 60000
[Check] Sum of instance estimates = 17610033.00, Global estimate = 17610033.00, Ratio = 1.00
[Info] Appended instance results for query_7_110.graph to CSV in long format.
Global Estimated Value: 17610033.00
/home/wangshuo/projects/PROXY/datasets/amazon/query_graph_count/query_7_110.graph Finished!


Start Processing /home/wangshuo/projects/PROXY/datasets/amazon/query_graph_count/query_7_111.graph for core instances with query nodes: 0 5 6 
[Info] Auto-selected query root index 3 with (transferred) label 6
[Check] Sample budget = 60000
[Check] Sum of instance estimates = 156461.36, Global estimate = 156461.36, Ratio = 1.00
[Info] Appended instance results for query_7_111.graph to CSV in long format.
Global Estimated Value: 156461.36
/home/wangshuo/projects/PROXY/datasets/amazon/query_graph_count/query_7_111.graph Finished!


Start Processing /home/wangshuo/projects/PROXY/datasets/amazon/query_graph_count/query_7_112.graph for core instances with query nodes: 0 3 5 6 
[Info] Auto-selected query root index 1 with (transferred) label 6
[Check] Sample budget = 60000
[Check] Sum of instance estimates = 311.62, Global estimate = 311.62, Ratio = 1.00
[Info] Appended instance results for query_7_112.graph to CSV in long format.
Global Estimated Value: 311.62
/home/wangshuo/projects/PROXY/datasets/amazon/query_graph_count/query_7_112.graph Finished!


Start Processing /home/wangshuo/projects/PROXY/datasets/amazon/query_graph_count/query_7_113.graph for core instances with query nodes: 0 3 4 
[Info] Auto-selected query root index 0 with (transferred) label 1
[Check] Sample budget = 60000
[Check] Sum of instance estimates = 271471.88, Global estimate = 271471.88, Ratio = 1.00
[Info] Appended instance results for query_7_113.graph to CSV in long format.
Global Estimated Value: 271471.88
/home/wangshuo/projects/PROXY/datasets/amazon/query_graph_count/query_7_113.graph Finished!


Start Processing /home/wangshuo/projects/PROXY/datasets/amazon/query_graph_count/query_7_114.graph for core instances with query nodes: 0 1 5 
[Info] Auto-selected query root index 0 with (transferred) label 3
[Check] Sample budget = 60000
[Check] Sum of instance estimates = 17949666.21, Global estimate = 17949666.21, Ratio = 1.00
[Info] Appended instance results for query_7_114.graph to CSV in long format.
Global Estimated Value: 17949666.21
/home/wangshuo/projects/PROXY/datasets/amazon/query_graph_count/query_7_114.graph Finished!


Start Processing /home/wangshuo/projects/PROXY/datasets/amazon/query_graph_count/query_7_115.graph for core instances with query nodes: 2 5 
[Info] Auto-selected query root index 2 with (transferred) label 3
[Check] Sample budget = 60000
[Check] Sum of instance estimates = 36.07, Global estimate = 36.07, Ratio = 1.00
[Info] Appended instance results for query_7_115.graph to CSV in long format.
Global Estimated Value: 36.07
/home/wangshuo/projects/PROXY/datasets/amazon/query_graph_count/query_7_115.graph Finished!


Start Processing /home/wangshuo/projects/PROXY/datasets/amazon/query_graph_count/query_7_117.graph for core instances with query nodes: 2 4 5 
[Info] Auto-selected query root index 4 with (transferred) label 3
[Check] Sample budget = 60000
[Check] Sum of instance estimates = 146568.04, Global estimate = 146568.04, Ratio = 1.00
[Info] Appended instance results for query_7_117.graph to CSV in long format.
Global Estimated Value: 146568.04
/home/wangshuo/projects/PROXY/datasets/amazon/query_graph_count/query_7_117.graph Finished!


Start Processing /home/wangshuo/projects/PROXY/datasets/amazon/query_graph_count/query_7_118.graph for core instances with query nodes: 0 1 6 
[Info] Auto-selected query root index 0 with (transferred) label 1
[Check] Sample budget = 60000
[Check] Sum of instance estimates = 15038289.11, Global estimate = 15038289.11, Ratio = 1.00
[Info] Appended instance results for query_7_118.graph to CSV in long format.
Global Estimated Value: 15038289.11
/home/wangshuo/projects/PROXY/datasets/amazon/query_graph_count/query_7_118.graph Finished!


Start Processing /home/wangshuo/projects/PROXY/datasets/amazon/query_graph_count/query_7_119.graph for core instances with query nodes: 1 2 5 
[Info] Auto-selected query root index 5 with (transferred) label 2
[Check] Sample budget = 60000
[Check] Sum of instance estimates = 13274198.82, Global estimate = 13274198.82, Ratio = 1.00
[Info] Appended instance results for query_7_119.graph to CSV in long format.
Global Estimated Value: 13274198.82
/home/wangshuo/projects/PROXY/datasets/amazon/query_graph_count/query_7_119.graph Finished!


Start Processing /home/wangshuo/projects/PROXY/datasets/amazon/query_graph_count/query_7_12.graph for core instances with query nodes: 2 4 
[Info] Auto-selected query root index 4 with (transferred) label 2
[Check] Sample budget = 60000
[Check] Sum of instance estimates = 14040148.69, Global estimate = 14040148.69, Ratio = 1.00
[Info] Appended instance results for query_7_12.graph to CSV in long format.
Global Estimated Value: 14040148.69
/home/wangshuo/projects/PROXY/datasets/amazon/query_graph_count/query_7_12.graph Finished!


Start Processing /home/wangshuo/projects/PROXY/datasets/amazon/query_graph_count/query_7_120.graph for core instances with query nodes: 0 1 6 
[Info] Auto-selected query root index 0 with (transferred) label 0
[Check] Sample budget = 60000
[Check] Sum of instance estimates = 10160.95, Global estimate = 10160.95, Ratio = 1.00
[Info] Appended instance results for query_7_120.graph to CSV in long format.
Global Estimated Value: 10160.95
/home/wangshuo/projects/PROXY/datasets/amazon/query_graph_count/query_7_120.graph Finished!


Start Processing /home/wangshuo/projects/PROXY/datasets/amazon/query_graph_count/query_7_121.graph for core instances with query nodes: 2 4 
[Info] Auto-selected query root index 4 with (transferred) label 1
[Check] Sample budget = 60000
[Check] Sum of instance estimates = 16894942.05, Global estimate = 16894942.05, Ratio = 1.00
[Info] Appended instance results for query_7_121.graph to CSV in long format.
Global Estimated Value: 16894942.05
/home/wangshuo/projects/PROXY/datasets/amazon/query_graph_count/query_7_121.graph Finished!


Start Processing /home/wangshuo/projects/PROXY/datasets/amazon/query_graph_count/query_7_123.graph for core instances with query nodes: 0 2 4 
[Info] Auto-selected query root index 1 with (transferred) label 2
[Check] Sample budget = 60000
[Check] Sum of instance estimates = 108382.01, Global estimate = 108382.01, Ratio = 1.00
[Info] Appended instance results for query_7_123.graph to CSV in long format.
Global Estimated Value: 108382.01
/home/wangshuo/projects/PROXY/datasets/amazon/query_graph_count/query_7_123.graph Finished!


Start Processing /home/wangshuo/projects/PROXY/datasets/amazon/query_graph_count/query_7_124.graph for core instances with query nodes: 0 5 
[Info] Auto-selected query root index 0 with (transferred) label 4
[Check] Sample budget = 60000
[Check] Sum of instance estimates = 20010600.77, Global estimate = 20010600.77, Ratio = 1.00
[Info] Appended instance results for query_7_124.graph to CSV in long format.
Global Estimated Value: 20010600.77
/home/wangshuo/projects/PROXY/datasets/amazon/query_graph_count/query_7_124.graph Finished!


Start Processing /home/wangshuo/projects/PROXY/datasets/amazon/query_graph_count/query_7_125.graph for core instances with query nodes: 0 4 5 
[Info] Auto-selected query root index 1 with (transferred) label 2
[Check] Sample budget = 60000
[Check] Sum of instance estimates = 142685.40, Global estimate = 142685.40, Ratio = 1.00
[Info] Appended instance results for query_7_125.graph to CSV in long format.
Global Estimated Value: 142685.40
/home/wangshuo/projects/PROXY/datasets/amazon/query_graph_count/query_7_125.graph Finished!


Start Processing /home/wangshuo/projects/PROXY/datasets/amazon/query_graph_count/query_7_126.graph for core instances with query nodes: 0 1 5 
[Info] Auto-selected query root index 6 with (transferred) label 3
[Check] Sample budget = 60000
[Check] Sum of instance estimates = 147851.00, Global estimate = 147851.00, Ratio = 1.00
[Info] Appended instance results for query_7_126.graph to CSV in long format.
Global Estimated Value: 147851.00
/home/wangshuo/projects/PROXY/datasets/amazon/query_graph_count/query_7_126.graph Finished!


Start Processing /home/wangshuo/projects/PROXY/datasets/amazon/query_graph_count/query_7_127.graph for core instances with query nodes: 2 4 
[Info] Auto-selected query root index 2 with (transferred) label 4
[Check] Sample budget = 60000
[Check] Sum of instance estimates = 18133299.82, Global estimate = 18133299.82, Ratio = 1.00
[Info] Appended instance results for query_7_127.graph to CSV in long format.
Global Estimated Value: 18133299.82
/home/wangshuo/projects/PROXY/datasets/amazon/query_graph_count/query_7_127.graph Finished!


Start Processing /home/wangshuo/projects/PROXY/datasets/amazon/query_graph_count/query_7_128.graph for core instances with query nodes: 3 6 
[Info] Auto-selected query root index 6 with (transferred) label 3
[Check] Sample budget = 60000
[Check] Sum of instance estimates = 139039.00, Global estimate = 139039.00, Ratio = 1.00
[Info] Appended instance results for query_7_128.graph to CSV in long format.
Global Estimated Value: 139039.00
/home/wangshuo/projects/PROXY/datasets/amazon/query_graph_count/query_7_128.graph Finished!


Start Processing /home/wangshuo/projects/PROXY/datasets/amazon/query_graph_count/query_7_13.graph for core instances with query nodes: 0 1 5 6 
[Info] Auto-selected query root index 6 with (transferred) label 2
[Check] Sample budget = 60000
[Check] Sum of instance estimates = 53.88, Global estimate = 53.88, Ratio = 1.00
[Info] Appended instance results for query_7_13.graph to CSV in long format.
Global Estimated Value: 53.88
/home/wangshuo/projects/PROXY/datasets/amazon/query_graph_count/query_7_13.graph Finished!


Start Processing /home/wangshuo/projects/PROXY/datasets/amazon/query_graph_count/query_7_131.graph for core instances with query nodes: 2 4 6 
[Info] Auto-selected query root index 2 with (transferred) label 2
[Check] Sample budget = 60000
[Check] Sum of instance estimates = 12601599.17, Global estimate = 12601599.17, Ratio = 1.00
[Info] Appended instance results for query_7_131.graph to CSV in long format.
Global Estimated Value: 12601599.17
/home/wangshuo/projects/PROXY/datasets/amazon/query_graph_count/query_7_131.graph Finished!


Start Processing /home/wangshuo/projects/PROXY/datasets/amazon/query_graph_count/query_7_132.graph for core instances with query nodes: 2 3 4 
[Info] Auto-selected query root index 1 with (transferred) label 6
[Check] Sample budget = 60000
[Check] Sum of instance estimates = 36.00, Global estimate = 36.00, Ratio = 1.00
[Info] Appended instance results for query_7_132.graph to CSV in long format.
Global Estimated Value: 36.00
/home/wangshuo/projects/PROXY/datasets/amazon/query_graph_count/query_7_132.graph Finished!


Start Processing /home/wangshuo/projects/PROXY/datasets/amazon/query_graph_count/query_7_133.graph for core instances with query nodes: 0 6 
[Info] Auto-selected query root index 6 with (transferred) label 2
[Check] Sample budget = 60000
[Check] Sum of instance estimates = 13692161.76, Global estimate = 13692161.76, Ratio = 1.00
[Info] Appended instance results for query_7_133.graph to CSV in long format.
Global Estimated Value: 13692161.76
/home/wangshuo/projects/PROXY/datasets/amazon/query_graph_count/query_7_133.graph Finished!


Start Processing /home/wangshuo/projects/PROXY/datasets/amazon/query_graph_count/query_7_136.graph for core instances with query nodes: 1 2 
[Info] Auto-selected query root index 3 with (transferred) label 3
[Check] Sample budget = 60000
[Check] Sum of instance estimates = 103196.00, Global estimate = 103196.00, Ratio = 1.00
[Info] Appended instance results for query_7_136.graph to CSV in long format.
Global Estimated Value: 103196.00
/home/wangshuo/projects/PROXY/datasets/amazon/query_graph_count/query_7_136.graph Finished!


Start Processing /home/wangshuo/projects/PROXY/datasets/amazon/query_graph_count/query_7_137.graph for core instances with query nodes: 1 4 6 
[Info] Auto-selected query root index 1 with (transferred) label 3
[Check] Sample budget = 60000
[Check] Sum of instance estimates = 151948.00, Global estimate = 151948.00, Ratio = 1.00
[Info] Appended instance results for query_7_137.graph to CSV in long format.
Global Estimated Value: 151948.00
/home/wangshuo/projects/PROXY/datasets/amazon/query_graph_count/query_7_137.graph Finished!


Start Processing /home/wangshuo/projects/PROXY/datasets/amazon/query_graph_count/query_7_139.graph for core instances with query nodes: 2 3 
[Info] Auto-selected query root index 2 with (transferred) label 2
[Check] Sample budget = 60000
[Check] Sum of instance estimates = 11504750.47, Global estimate = 11504750.47, Ratio = 1.00
[Info] Appended instance results for query_7_139.graph to CSV in long format.
Global Estimated Value: 11504750.47
/home/wangshuo/projects/PROXY/datasets/amazon/query_graph_count/query_7_139.graph Finished!


Start Processing /home/wangshuo/projects/PROXY/datasets/amazon/query_graph_count/query_7_14.graph for core instances with query nodes: 2 5 
[Info] Auto-selected query root index 2 with (transferred) label 2
[Check] Sample budget = 60000
[Check] Sum of instance estimates = 13672972.49, Global estimate = 13672972.49, Ratio = 1.00
[Info] Appended instance results for query_7_14.graph to CSV in long format.
Global Estimated Value: 13672972.49
/home/wangshuo/projects/PROXY/datasets/amazon/query_graph_count/query_7_14.graph Finished!


Start Processing /home/wangshuo/projects/PROXY/datasets/amazon/query_graph_count/query_7_140.graph for core instances with query nodes: 3 4 
[Info] Auto-selected query root index 4 with (transferred) label 4
[Check] Sample budget = 60000
[Check] Sum of instance estimates = 127617.00, Global estimate = 127617.00, Ratio = 1.00
[Info] Appended instance results for query_7_140.graph to CSV in long format.
Global Estimated Value: 127617.00
/home/wangshuo/projects/PROXY/datasets/amazon/query_graph_count/query_7_140.graph Finished!


Start Processing /home/wangshuo/projects/PROXY/datasets/amazon/query_graph_count/query_7_143.graph for core instances with query nodes: 0 4 
[Info] Auto-selected query root index 4 with (transferred) label 4
[Check] Sample budget = 60000
[Check] Sum of instance estimates = 123648.33, Global estimate = 123648.33, Ratio = 1.00
[Info] Appended instance results for query_7_143.graph to CSV in long format.
Global Estimated Value: 123648.33
/home/wangshuo/projects/PROXY/datasets/amazon/query_graph_count/query_7_143.graph Finished!


Start Processing /home/wangshuo/projects/PROXY/datasets/amazon/query_graph_count/query_7_144.graph for core instances with query nodes: 1 6 
[Info] Auto-selected query root index 6 with (transferred) label 0
[Check] Sample budget = 60000
[Check] Sum of instance estimates = 104017.37, Global estimate = 104017.37, Ratio = 1.00
[Info] Appended instance results for query_7_144.graph to CSV in long format.
Global Estimated Value: 104017.37
/home/wangshuo/projects/PROXY/datasets/amazon/query_graph_count/query_7_144.graph Finished!


Start Processing /home/wangshuo/projects/PROXY/datasets/amazon/query_graph_count/query_7_145.graph for core instances with query nodes: 2 4 6 
[Info] Auto-selected query root index 0 with (transferred) label 10
[Check] Sample budget = 60000
[Check] Sum of instance estimates = 3.98, Global estimate = 3.98, Ratio = 1.00
[Info] Appended instance results for query_7_145.graph to CSV in long format.
Global Estimated Value: 3.98
/home/wangshuo/projects/PROXY/datasets/amazon/query_graph_count/query_7_145.graph Finished!


Start Processing /home/wangshuo/projects/PROXY/datasets/amazon/query_graph_count/query_7_146.graph for core instances with query nodes: 1 5 
[Info] Auto-selected query root index 5 with (transferred) label 2
[Check] Sample budget = 60000
[Check] Sum of instance estimates = 121904.00, Global estimate = 121904.00, Ratio = 1.00
[Info] Appended instance results for query_7_146.graph to CSV in long format.
Global Estimated Value: 121904.00
/home/wangshuo/projects/PROXY/datasets/amazon/query_graph_count/query_7_146.graph Finished!


Start Processing /home/wangshuo/projects/PROXY/datasets/amazon/query_graph_count/query_7_149.graph for core instances with query nodes: 2 4 6 
[Info] Auto-selected query root index 5 with (transferred) label 1
[Check] Sample budget = 60000
[Check] Sum of instance estimates = 122325.54, Global estimate = 122325.54, Ratio = 1.00
[Info] Appended instance results for query_7_149.graph to CSV in long format.
Global Estimated Value: 122325.54
/home/wangshuo/projects/PROXY/datasets/amazon/query_graph_count/query_7_149.graph Finished!


Start Processing /home/wangshuo/projects/PROXY/datasets/amazon/query_graph_count/query_7_15.graph for core instances with query nodes: 3 5 
[Info] Auto-selected query root index 3 with (transferred) label 0
[Check] Sample budget = 60000
[Check] Sum of instance estimates = 105263.00, Global estimate = 105263.00, Ratio = 1.00
[Info] Appended instance results for query_7_15.graph to CSV in long format.
Global Estimated Value: 105263.00
/home/wangshuo/projects/PROXY/datasets/amazon/query_graph_count/query_7_15.graph Finished!


Start Processing /home/wangshuo/projects/PROXY/datasets/amazon/query_graph_count/query_7_17.graph for core instances with query nodes: 0 3 
[Info] Auto-selected query root index 4 with (transferred) label 1
[Check] Sample budget = 60000
[Check] Sum of instance estimates = 124556.00, Global estimate = 124556.00, Ratio = 1.00
[Info] Appended instance results for query_7_17.graph to CSV in long format.
Global Estimated Value: 124556.00
/home/wangshuo/projects/PROXY/datasets/amazon/query_graph_count/query_7_17.graph Finished!


Start Processing /home/wangshuo/projects/PROXY/datasets/amazon/query_graph_count/query_7_19.graph for core instances with query nodes: 1 5 6 
[Info] Auto-selected query root index 2 with (transferred) label 6
[Check] Sample budget = 60000
[Check] Sum of instance estimates = 32.00, Global estimate = 32.00, Ratio = 1.00
[Info] Appended instance results for query_7_19.graph to CSV in long format.
Global Estimated Value: 32.00
/home/wangshuo/projects/PROXY/datasets/amazon/query_graph_count/query_7_19.graph Finished!


Start Processing /home/wangshuo/projects/PROXY/datasets/amazon/query_graph_count/query_7_2.graph for core instances with query nodes: 1 3 6 
[Info] Auto-selected query root index 1 with (transferred) label 0
[Check] Sample budget = 60000
[Check] Sum of instance estimates = 120758.00, Global estimate = 120758.00, Ratio = 1.00
[Info] Appended instance results for query_7_2.graph to CSV in long format.
Global Estimated Value: 120758.00
/home/wangshuo/projects/PROXY/datasets/amazon/query_graph_count/query_7_2.graph Finished!


Start Processing /home/wangshuo/projects/PROXY/datasets/amazon/query_graph_count/query_7_20.graph for core instances with query nodes: 3 6 
[Info] Auto-selected query root index 0 with (transferred) label 3
[Check] Sample budget = 60000
[Check] Sum of instance estimates = 147747.04, Global estimate = 147747.04, Ratio = 1.00
[Info] Appended instance results for query_7_20.graph to CSV in long format.
Global Estimated Value: 147747.04
/home/wangshuo/projects/PROXY/datasets/amazon/query_graph_count/query_7_20.graph Finished!


Start Processing /home/wangshuo/projects/PROXY/datasets/amazon/query_graph_count/query_7_23.graph for core instances with query nodes: 0 1 3 5 
[Info] Auto-selected query root index 0 with (transferred) label 3
[Check] Sample budget = 60000
[Check] Sum of instance estimates = 133636.62, Global estimate = 133636.62, Ratio = 1.00
[Info] Appended instance results for query_7_23.graph to CSV in long format.
Global Estimated Value: 133636.62
/home/wangshuo/projects/PROXY/datasets/amazon/query_graph_count/query_7_23.graph Finished!


Start Processing /home/wangshuo/projects/PROXY/datasets/amazon/query_graph_count/query_7_25.graph for core instances with query nodes: 1 6 
[Info] Auto-selected query root index 0 with (transferred) label 4
[Check] Sample budget = 60000
[Check] Sum of instance estimates = 18.00, Global estimate = 18.00, Ratio = 1.00
[Info] Appended instance results for query_7_25.graph to CSV in long format.
Global Estimated Value: 18.00
/home/wangshuo/projects/PROXY/datasets/amazon/query_graph_count/query_7_25.graph Finished!


Start Processing /home/wangshuo/projects/PROXY/datasets/amazon/query_graph_count/query_7_27.graph for core instances with query nodes: 0 3 
[Info] Auto-selected query root index 0 with (transferred) label 2
[Check] Sample budget = 60000
[Check] Sum of instance estimates = 11604135.93, Global estimate = 11604135.93, Ratio = 1.00
[Info] Appended instance results for query_7_27.graph to CSV in long format.
Global Estimated Value: 11604135.93
/home/wangshuo/projects/PROXY/datasets/amazon/query_graph_count/query_7_27.graph Finished!


Start Processing /home/wangshuo/projects/PROXY/datasets/amazon/query_graph_count/query_7_28.graph for core instances with query nodes: 0 5 
[Info] Auto-selected query root index 0 with (transferred) label 4
[Check] Sample budget = 60000
[Check] Sum of instance estimates = 389855.01, Global estimate = 389855.01, Ratio = 1.00
[Info] Appended instance results for query_7_28.graph to CSV in long format.
Global Estimated Value: 389855.01
/home/wangshuo/projects/PROXY/datasets/amazon/query_graph_count/query_7_28.graph Finished!


Start Processing /home/wangshuo/projects/PROXY/datasets/amazon/query_graph_count/query_7_29.graph for core instances with query nodes: 2 4 
[Info] Auto-selected query root index 1 with (transferred) label 4
[Check] Sample budget = 60000
[Check] Sum of instance estimates = 157404.46, Global estimate = 157404.46, Ratio = 1.00
[Info] Appended instance results for query_7_29.graph to CSV in long format.
Global Estimated Value: 157404.46
/home/wangshuo/projects/PROXY/datasets/amazon/query_graph_count/query_7_29.graph Finished!


Start Processing /home/wangshuo/projects/PROXY/datasets/amazon/query_graph_count/query_7_31.graph for core instances with query nodes: 1 4 
[Info] Auto-selected query root index 6 with (transferred) label 3
[Check] Sample budget = 60000
[Check] Sum of instance estimates = 146973.00, Global estimate = 146973.00, Ratio = 1.00
[Info] Appended instance results for query_7_31.graph to CSV in long format.
Global Estimated Value: 146973.00
/home/wangshuo/projects/PROXY/datasets/amazon/query_graph_count/query_7_31.graph Finished!


Start Processing /home/wangshuo/projects/PROXY/datasets/amazon/query_graph_count/query_7_32.graph for core instances with query nodes: 0 2 3 
[Info] Auto-selected query root index 4 with (transferred) label 6
[Check] Sample budget = 60000
[Check] Sum of instance estimates = 38.02, Global estimate = 38.02, Ratio = 1.00
[Info] Appended instance results for query_7_32.graph to CSV in long format.
Global Estimated Value: 38.02
/home/wangshuo/projects/PROXY/datasets/amazon/query_graph_count/query_7_32.graph Finished!


Start Processing /home/wangshuo/projects/PROXY/datasets/amazon/query_graph_count/query_7_33.graph for core instances with query nodes: 0 1 5 
[Info] Auto-selected query root index 2 with (transferred) label 6
[Check] Sample budget = 60000
[Check] Sum of instance estimates = 384.56, Global estimate = 384.56, Ratio = 1.00
[Info] Appended instance results for query_7_33.graph to CSV in long format.
Global Estimated Value: 384.56
/home/wangshuo/projects/PROXY/datasets/amazon/query_graph_count/query_7_33.graph Finished!


Start Processing /home/wangshuo/projects/PROXY/datasets/amazon/query_graph_count/query_7_35.graph for core instances with query nodes: 2 3 5 
[Info] Auto-selected query root index 5 with (transferred) label 1
[Check] Sample budget = 60000
[Check] Sum of instance estimates = 113564.91, Global estimate = 113564.91, Ratio = 1.00
[Info] Appended instance results for query_7_35.graph to CSV in long format.
Global Estimated Value: 113564.91
/home/wangshuo/projects/PROXY/datasets/amazon/query_graph_count/query_7_35.graph Finished!


Start Processing /home/wangshuo/projects/PROXY/datasets/amazon/query_graph_count/query_7_36.graph for core instances with query nodes: 4 5 
[Info] Auto-selected query root index 6 with (transferred) label 1
[Check] Sample budget = 60000
[Check] Sum of instance estimates = 118631.00, Global estimate = 118631.00, Ratio = 1.00
[Info] Appended instance results for query_7_36.graph to CSV in long format.
Global Estimated Value: 118631.00
/home/wangshuo/projects/PROXY/datasets/amazon/query_graph_count/query_7_36.graph Finished!


Start Processing /home/wangshuo/projects/PROXY/datasets/amazon/query_graph_count/query_7_37.graph for core instances with query nodes: 5 6 
[Info] Auto-selected query root index 6 with (transferred) label 4
[Check] Sample budget = 60000
[Check] Sum of instance estimates = 297371.78, Global estimate = 297371.78, Ratio = 1.00
[Info] Appended instance results for query_7_37.graph to CSV in long format.
Global Estimated Value: 297371.78
/home/wangshuo/projects/PROXY/datasets/amazon/query_graph_count/query_7_37.graph Finished!


Start Processing /home/wangshuo/projects/PROXY/datasets/amazon/query_graph_count/query_7_39.graph for core instances with query nodes: 3 5 
[Info] Auto-selected query root index 5 with (transferred) label 2
[Check] Sample budget = 60000
[Check] Sum of instance estimates = 13808125.30, Global estimate = 13808125.30, Ratio = 1.00
[Info] Appended instance results for query_7_39.graph to CSV in long format.
Global Estimated Value: 13808125.30
/home/wangshuo/projects/PROXY/datasets/amazon/query_graph_count/query_7_39.graph Finished!


Start Processing /home/wangshuo/projects/PROXY/datasets/amazon/query_graph_count/query_7_4.graph for core instances with query nodes: 0 4 5 
[Info] Auto-selected query root index 0 with (transferred) label 2
[Check] Sample budget = 60000
[Check] Sum of instance estimates = 107689.38, Global estimate = 107689.38, Ratio = 1.00
[Info] Appended instance results for query_7_4.graph to CSV in long format.
Global Estimated Value: 107689.38
/home/wangshuo/projects/PROXY/datasets/amazon/query_graph_count/query_7_4.graph Finished!


Start Processing /home/wangshuo/projects/PROXY/datasets/amazon/query_graph_count/query_7_40.graph for core instances with query nodes: 1 6 
[Info] Auto-selected query root index 1 with (transferred) label 0
[Check] Sample budget = 60000
[Check] Sum of instance estimates = 116017.00, Global estimate = 116017.00, Ratio = 1.00
[Info] Appended instance results for query_7_40.graph to CSV in long format.
Global Estimated Value: 116017.00
/home/wangshuo/projects/PROXY/datasets/amazon/query_graph_count/query_7_40.graph Finished!


Start Processing /home/wangshuo/projects/PROXY/datasets/amazon/query_graph_count/query_7_44.graph for core instances with query nodes: 0 4 6 
[Info] Auto-selected query root index 6 with (transferred) label 1
[Check] Sample budget = 60000
[Check] Sum of instance estimates = 140175.11, Global estimate = 140175.11, Ratio = 1.00
[Info] Appended instance results for query_7_44.graph to CSV in long format.
Global Estimated Value: 140175.11
/home/wangshuo/projects/PROXY/datasets/amazon/query_graph_count/query_7_44.graph Finished!


Start Processing /home/wangshuo/projects/PROXY/datasets/amazon/query_graph_count/query_7_45.graph for core instances with query nodes: 0 1 3 
[Info] Auto-selected query root index 0 with (transferred) label 2
[Check] Sample budget = 60000
[Check] Sum of instance estimates = 11741190.50, Global estimate = 11741190.50, Ratio = 1.00
[Info] Appended instance results for query_7_45.graph to CSV in long format.
Global Estimated Value: 11741190.50
/home/wangshuo/projects/PROXY/datasets/amazon/query_graph_count/query_7_45.graph Finished!


Start Processing /home/wangshuo/projects/PROXY/datasets/amazon/query_graph_count/query_7_50.graph for core instances with query nodes: 1 2 
[Info] Auto-selected query root index 1 with (transferred) label 0
[Check] Sample budget = 60000
[Check] Sum of instance estimates = 197141.38, Global estimate = 197141.38, Ratio = 1.00
[Info] Appended instance results for query_7_50.graph to CSV in long format.
Global Estimated Value: 197141.38
/home/wangshuo/projects/PROXY/datasets/amazon/query_graph_count/query_7_50.graph Finished!


Start Processing /home/wangshuo/projects/PROXY/datasets/amazon/query_graph_count/query_7_52.graph for core instances with query nodes: 0 1 
[Info] Auto-selected query root index 1 with (transferred) label 2
[Check] Sample budget = 60000
[Check] Sum of instance estimates = 5511.97, Global estimate = 5511.97, Ratio = 1.00
[Info] Appended instance results for query_7_52.graph to CSV in long format.
Global Estimated Value: 5511.97
/home/wangshuo/projects/PROXY/datasets/amazon/query_graph_count/query_7_52.graph Finished!


Start Processing /home/wangshuo/projects/PROXY/datasets/amazon/query_graph_count/query_7_53.graph for core instances with query nodes: 0 2 3 
[Info] Auto-selected query root index 2 with (transferred) label 1
[Check] Sample budget = 60000
[Check] Sum of instance estimates = 152.10, Global estimate = 152.10, Ratio = 1.00
[Info] Appended instance results for query_7_53.graph to CSV in long format.
Global Estimated Value: 152.10
/home/wangshuo/projects/PROXY/datasets/amazon/query_graph_count/query_7_53.graph Finished!


Start Processing /home/wangshuo/projects/PROXY/datasets/amazon/query_graph_count/query_7_55.graph for core instances with query nodes: 0 2 3 
[Info] Auto-selected query root index 1 with (transferred) label 3
[Check] Sample budget = 60000
[Check] Sum of instance estimates = 123371.29, Global estimate = 123371.29, Ratio = 1.00
[Info] Appended instance results for query_7_55.graph to CSV in long format.
Global Estimated Value: 123371.29
/home/wangshuo/projects/PROXY/datasets/amazon/query_graph_count/query_7_55.graph Finished!


Start Processing /home/wangshuo/projects/PROXY/datasets/amazon/query_graph_count/query_7_56.graph for core instances with query nodes: 3 6 
[Info] Auto-selected query root index 3 with (transferred) label 3
[Check] Sample budget = 60000
[Check] Sum of instance estimates = 16805241.57, Global estimate = 16805241.57, Ratio = 1.00
[Info] Appended instance results for query_7_56.graph to CSV in long format.
Global Estimated Value: 16805241.57
/home/wangshuo/projects/PROXY/datasets/amazon/query_graph_count/query_7_56.graph Finished!


Start Processing /home/wangshuo/projects/PROXY/datasets/amazon/query_graph_count/query_7_57.graph for core instances with query nodes: 0 5 6 
[Info] Auto-selected query root index 0 with (transferred) label 0
[Check] Sample budget = 60000
[Check] Sum of instance estimates = 12628.50, Global estimate = 12628.49, Ratio = 1.00
[Info] Appended instance results for query_7_57.graph to CSV in long format.
Global Estimated Value: 12628.49
/home/wangshuo/projects/PROXY/datasets/amazon/query_graph_count/query_7_57.graph Finished!


Start Processing /home/wangshuo/projects/PROXY/datasets/amazon/query_graph_count/query_7_58.graph for core instances with query nodes: 1 5 
[Info] Auto-selected query root index 1 with (transferred) label 4
[Check] Sample budget = 60000
[Check] Sum of instance estimates = 152818.00, Global estimate = 152818.00, Ratio = 1.00
[Info] Appended instance results for query_7_58.graph to CSV in long format.
Global Estimated Value: 152818.00
/home/wangshuo/projects/PROXY/datasets/amazon/query_graph_count/query_7_58.graph Finished!


Start Processing /home/wangshuo/projects/PROXY/datasets/amazon/query_graph_count/query_7_61.graph for core instances with query nodes: 0 1 4 
[Info] Auto-selected query root index 4 with (transferred) label 0
[Check] Sample budget = 60000
[Check] Sum of instance estimates = 11527164.46, Global estimate = 11527164.46, Ratio = 1.00
[Info] Appended instance results for query_7_61.graph to CSV in long format.
Global Estimated Value: 11527164.46
/home/wangshuo/projects/PROXY/datasets/amazon/query_graph_count/query_7_61.graph Finished!


Start Processing /home/wangshuo/projects/PROXY/datasets/amazon/query_graph_count/query_7_62.graph for core instances with query nodes: 1 3 6 
[Info] Auto-selected query root index 3 with (transferred) label 4
[Check] Sample budget = 60000
[Check] Sum of instance estimates = 90560.87, Global estimate = 90560.87, Ratio = 1.00
[Info] Appended instance results for query_7_62.graph to CSV in long format.
Global Estimated Value: 90560.87
/home/wangshuo/projects/PROXY/datasets/amazon/query_graph_count/query_7_62.graph Finished!


Start Processing /home/wangshuo/projects/PROXY/datasets/amazon/query_graph_count/query_7_63.graph for core instances with query nodes: 0 4 
[Info] Auto-selected query root index 3 with (transferred) label 4
[Check] Sample budget = 60000
[Check] Sum of instance estimates = 143763.09, Global estimate = 143763.09, Ratio = 1.00
[Info] Appended instance results for query_7_63.graph to CSV in long format.
Global Estimated Value: 143763.09
/home/wangshuo/projects/PROXY/datasets/amazon/query_graph_count/query_7_63.graph Finished!


Start Processing /home/wangshuo/projects/PROXY/datasets/amazon/query_graph_count/query_7_64.graph for core instances with query nodes: 1 5 
[Info] Auto-selected query root index 5 with (transferred) label 2
[Check] Sample budget = 60000
[Check] Sum of instance estimates = 12109997.56, Global estimate = 12109997.56, Ratio = 1.00
[Info] Appended instance results for query_7_64.graph to CSV in long format.
Global Estimated Value: 12109997.56
/home/wangshuo/projects/PROXY/datasets/amazon/query_graph_count/query_7_64.graph Finished!


Start Processing /home/wangshuo/projects/PROXY/datasets/amazon/query_graph_count/query_7_65.graph for core instances with query nodes: 2 6 
[Info] Auto-selected query root index 2 with (transferred) label 1
[Check] Sample budget = 60000
[Check] Sum of instance estimates = 14324678.79, Global estimate = 14324678.79, Ratio = 1.00
[Info] Appended instance results for query_7_65.graph to CSV in long format.
Global Estimated Value: 14324678.79
/home/wangshuo/projects/PROXY/datasets/amazon/query_graph_count/query_7_65.graph Finished!


Start Processing /home/wangshuo/projects/PROXY/datasets/amazon/query_graph_count/query_7_66.graph for core instances with query nodes: 0 2 3 
[Info] Auto-selected query root index 2 with (transferred) label 1
[Check] Sample budget = 60000
[Check] Sum of instance estimates = 13681686.39, Global estimate = 13681686.39, Ratio = 1.00
[Info] Appended instance results for query_7_66.graph to CSV in long format.
Global Estimated Value: 13681686.39
/home/wangshuo/projects/PROXY/datasets/amazon/query_graph_count/query_7_66.graph Finished!


Start Processing /home/wangshuo/projects/PROXY/datasets/amazon/query_graph_count/query_7_69.graph for core instances with query nodes: 0 4 6 
[Info] Auto-selected query root index 3 with (transferred) label 3
[Check] Sample budget = 60000
[Check] Sum of instance estimates = 128622.00, Global estimate = 128622.00, Ratio = 1.00
[Info] Appended instance results for query_7_69.graph to CSV in long format.
Global Estimated Value: 128622.00
/home/wangshuo/projects/PROXY/datasets/amazon/query_graph_count/query_7_69.graph Finished!


Start Processing /home/wangshuo/projects/PROXY/datasets/amazon/query_graph_count/query_7_7.graph for core instances with query nodes: 2 6 
[Info] Auto-selected query root index 2 with (transferred) label 2
[Check] Sample budget = 60000
[Check] Sum of instance estimates = 109573.00, Global estimate = 109573.00, Ratio = 1.00
[Info] Appended instance results for query_7_7.graph to CSV in long format.
Global Estimated Value: 109573.00
/home/wangshuo/projects/PROXY/datasets/amazon/query_graph_count/query_7_7.graph Finished!


Start Processing /home/wangshuo/projects/PROXY/datasets/amazon/query_graph_count/query_7_72.graph for core instances with query nodes: 1 3 
[Info] Auto-selected query root index 1 with (transferred) label 0
[Check] Sample budget = 60000
[Check] Sum of instance estimates = 11524552.98, Global estimate = 11524552.98, Ratio = 1.00
[Info] Appended instance results for query_7_72.graph to CSV in long format.
Global Estimated Value: 11524552.98
/home/wangshuo/projects/PROXY/datasets/amazon/query_graph_count/query_7_72.graph Finished!


Start Processing /home/wangshuo/projects/PROXY/datasets/amazon/query_graph_count/query_7_73.graph for core instances with query nodes: 3 5 6 
[Info] Auto-selected query root index 6 with (transferred) label 4
[Check] Sample budget = 60000
[Check] Sum of instance estimates = 122516.83, Global estimate = 122516.83, Ratio = 1.00
[Info] Appended instance results for query_7_73.graph to CSV in long format.
Global Estimated Value: 122516.83
/home/wangshuo/projects/PROXY/datasets/amazon/query_graph_count/query_7_73.graph Finished!


Start Processing /home/wangshuo/projects/PROXY/datasets/amazon/query_graph_count/query_7_75.graph for core instances with query nodes: 0 3 4 6 
[Info] Auto-selected query root index 4 with (transferred) label 2
[Check] Sample budget = 60000
[Check] Sum of instance estimates = 117680.20, Global estimate = 117680.20, Ratio = 1.00
[Info] Appended instance results for query_7_75.graph to CSV in long format.
Global Estimated Value: 117680.20
/home/wangshuo/projects/PROXY/datasets/amazon/query_graph_count/query_7_75.graph Finished!


Start Processing /home/wangshuo/projects/PROXY/datasets/amazon/query_graph_count/query_7_78.graph for core instances with query nodes: 3 5 
[Info] Auto-selected query root index 5 with (transferred) label 3
[Check] Sample budget = 60000
[Check] Sum of instance estimates = 18609488.35, Global estimate = 18609488.35, Ratio = 1.00
[Info] Appended instance results for query_7_78.graph to CSV in long format.
Global Estimated Value: 18609488.35
/home/wangshuo/projects/PROXY/datasets/amazon/query_graph_count/query_7_78.graph Finished!


Start Processing /home/wangshuo/projects/PROXY/datasets/amazon/query_graph_count/query_7_79.graph for core instances with query nodes: 2 6 
[Info] Auto-selected query root index 0 with (transferred) label 3
[Check] Sample budget = 60000
[Check] Sum of instance estimates = 18.98, Global estimate = 18.98, Ratio = 1.00
[Info] Appended instance results for query_7_79.graph to CSV in long format.
Global Estimated Value: 18.98
/home/wangshuo/projects/PROXY/datasets/amazon/query_graph_count/query_7_79.graph Finished!


Start Processing /home/wangshuo/projects/PROXY/datasets/amazon/query_graph_count/query_7_8.graph for core instances with query nodes: 0 5 
[Info] Auto-selected query root index 5 with (transferred) label 3
[Check] Sample budget = 60000
[Check] Sum of instance estimates = 18724243.62, Global estimate = 18724243.62, Ratio = 1.00
[Info] Appended instance results for query_7_8.graph to CSV in long format.
Global Estimated Value: 18724243.62
/home/wangshuo/projects/PROXY/datasets/amazon/query_graph_count/query_7_8.graph Finished!


Start Processing /home/wangshuo/projects/PROXY/datasets/amazon/query_graph_count/query_7_80.graph for core instances with query nodes: 0 3 
[Info] Auto-selected query root index 2 with (transferred) label 0
[Check] Sample budget = 60000
[Check] Sum of instance estimates = 100656.07, Global estimate = 100656.07, Ratio = 1.00
[Info] Appended instance results for query_7_80.graph to CSV in long format.
Global Estimated Value: 100656.07
/home/wangshuo/projects/PROXY/datasets/amazon/query_graph_count/query_7_80.graph Finished!


Start Processing /home/wangshuo/projects/PROXY/datasets/amazon/query_graph_count/query_7_81.graph for core instances with query nodes: 1 4 
[Info] Auto-selected query root index 4 with (transferred) label 0
[Check] Sample budget = 60000
[Check] Sum of instance estimates = 13517508.76, Global estimate = 13517508.76, Ratio = 1.00
[Info] Appended instance results for query_7_81.graph to CSV in long format.
Global Estimated Value: 13517508.76
/home/wangshuo/projects/PROXY/datasets/amazon/query_graph_count/query_7_81.graph Finished!


Start Processing /home/wangshuo/projects/PROXY/datasets/amazon/query_graph_count/query_7_82.graph for core instances with query nodes: 5 6 
[Info] Auto-selected query root index 6 with (transferred) label 2
[Check] Sample budget = 60000
[Check] Sum of instance estimates = 14979193.50, Global estimate = 14979193.50, Ratio = 1.00
[Info] Appended instance results for query_7_82.graph to CSV in long format.
Global Estimated Value: 14979193.50
/home/wangshuo/projects/PROXY/datasets/amazon/query_graph_count/query_7_82.graph Finished!


Start Processing /home/wangshuo/projects/PROXY/datasets/amazon/query_graph_count/query_7_83.graph for core instances with query nodes: 4 5 
[Info] Auto-selected query root index 4 with (transferred) label 1
[Check] Sample budget = 60000
[Check] Sum of instance estimates = 13699757.84, Global estimate = 13699757.84, Ratio = 1.00
[Info] Appended instance results for query_7_83.graph to CSV in long format.
Global Estimated Value: 13699757.84
/home/wangshuo/projects/PROXY/datasets/amazon/query_graph_count/query_7_83.graph Finished!


Start Processing /home/wangshuo/projects/PROXY/datasets/amazon/query_graph_count/query_7_84.graph for core instances with query nodes: 0 4 6 
[Info] Auto-selected query root index 0 with (transferred) label 1
[Check] Sample budget = 60000
[Check] Sum of instance estimates = 14007133.97, Global estimate = 14007133.97, Ratio = 1.00
[Info] Appended instance results for query_7_84.graph to CSV in long format.
Global Estimated Value: 14007133.97
/home/wangshuo/projects/PROXY/datasets/amazon/query_graph_count/query_7_84.graph Finished!


Start Processing /home/wangshuo/projects/PROXY/datasets/amazon/query_graph_count/query_7_86.graph for core instances with query nodes: 1 6 
[Info] Auto-selected query root index 4 with (transferred) label 6
[Check] Sample budget = 60000
[Check] Sum of instance estimates = 29.00, Global estimate = 29.00, Ratio = 1.00
[Info] Appended instance results for query_7_86.graph to CSV in long format.
Global Estimated Value: 29.00
/home/wangshuo/projects/PROXY/datasets/amazon/query_graph_count/query_7_86.graph Finished!


Start Processing /home/wangshuo/projects/PROXY/datasets/amazon/query_graph_count/query_7_87.graph for core instances with query nodes: 0 5 6 
[Info] Auto-selected query root index 6 with (transferred) label 1
[Check] Sample budget = 60000
[Check] Sum of instance estimates = 15315383.72, Global estimate = 15315383.72, Ratio = 1.00
[Info] Appended instance results for query_7_87.graph to CSV in long format.
Global Estimated Value: 15315383.72
/home/wangshuo/projects/PROXY/datasets/amazon/query_graph_count/query_7_87.graph Finished!


Start Processing /home/wangshuo/projects/PROXY/datasets/amazon/query_graph_count/query_7_88.graph for core instances with query nodes: 3 5 
[Info] Auto-selected query root index 5 with (transferred) label 2
[Check] Sample budget = 60000
[Check] Sum of instance estimates = 365360.92, Global estimate = 365360.92, Ratio = 1.00
[Info] Appended instance results for query_7_88.graph to CSV in long format.
Global Estimated Value: 365360.92
/home/wangshuo/projects/PROXY/datasets/amazon/query_graph_count/query_7_88.graph Finished!


Start Processing /home/wangshuo/projects/PROXY/datasets/amazon/query_graph_count/query_7_89.graph for core instances with query nodes: 0 4 5 
[Info] Auto-selected query root index 5 with (transferred) label 4
[Check] Sample budget = 60000
[Check] Sum of instance estimates = 140592.73, Global estimate = 140592.73, Ratio = 1.00
[Info] Appended instance results for query_7_89.graph to CSV in long format.
Global Estimated Value: 140592.73
/home/wangshuo/projects/PROXY/datasets/amazon/query_graph_count/query_7_89.graph Finished!


Start Processing /home/wangshuo/projects/PROXY/datasets/amazon/query_graph_count/query_7_9.graph for core instances with query nodes: 1 3 4 5 
[Info] Auto-selected query root index 1 with (transferred) label 3
[Check] Sample budget = 60000
[Check] Sum of instance estimates = 156794.39, Global estimate = 156794.39, Ratio = 1.00
[Info] Appended instance results for query_7_9.graph to CSV in long format.
Global Estimated Value: 156794.39
/home/wangshuo/projects/PROXY/datasets/amazon/query_graph_count/query_7_9.graph Finished!


Start Processing /home/wangshuo/projects/PROXY/datasets/amazon/query_graph_count/query_7_90.graph for core instances with query nodes: 0 1 3 6 
[Info] Auto-selected query root index 5 with (transferred) label 1
[Check] Sample budget = 60000
[Check] Sum of instance estimates = 109317.41, Global estimate = 109317.41, Ratio = 1.00
[Info] Appended instance results for query_7_90.graph to CSV in long format.
Global Estimated Value: 109317.41
/home/wangshuo/projects/PROXY/datasets/amazon/query_graph_count/query_7_90.graph Finished!


Start Processing /home/wangshuo/projects/PROXY/datasets/amazon/query_graph_count/query_7_91.graph for core instances with query nodes: 0 2 
[Info] Auto-selected query root index 2 with (transferred) label 4
[Check] Sample budget = 60000
[Check] Sum of instance estimates = 16709335.92, Global estimate = 16709335.92, Ratio = 1.00
[Info] Appended instance results for query_7_91.graph to CSV in long format.
Global Estimated Value: 16709335.92
/home/wangshuo/projects/PROXY/datasets/amazon/query_graph_count/query_7_91.graph Finished!


Start Processing /home/wangshuo/projects/PROXY/datasets/amazon/query_graph_count/query_7_94.graph for core instances with query nodes: 2 3 6 
[Info] Auto-selected query root index 2 with (transferred) label 3
[Check] Sample budget = 60000
[Check] Sum of instance estimates = 18585832.50, Global estimate = 18585832.50, Ratio = 1.00
[Info] Appended instance results for query_7_94.graph to CSV in long format.
Global Estimated Value: 18585832.50
/home/wangshuo/projects/PROXY/datasets/amazon/query_graph_count/query_7_94.graph Finished!


Start Processing /home/wangshuo/projects/PROXY/datasets/amazon/query_graph_count/query_7_95.graph for core instances with query nodes: 0 4 5 
[Info] Auto-selected query root index 5 with (transferred) label 4
[Check] Sample budget = 60000
[Check] Sum of instance estimates = 126004.42, Global estimate = 126004.42, Ratio = 1.00
[Info] Appended instance results for query_7_95.graph to CSV in long format.
Global Estimated Value: 126004.42
/home/wangshuo/projects/PROXY/datasets/amazon/query_graph_count/query_7_95.graph Finished!


Start Processing /home/wangshuo/projects/PROXY/datasets/amazon/query_graph_count/query_7_96.graph for core instances with query nodes: 0 4 
[Info] Auto-selected query root index 0 with (transferred) label 2
[Check] Sample budget = 60000
[Check] Sum of instance estimates = 13583299.53, Global estimate = 13583299.53, Ratio = 1.00
[Info] Appended instance results for query_7_96.graph to CSV in long format.
Global Estimated Value: 13583299.53
/home/wangshuo/projects/PROXY/datasets/amazon/query_graph_count/query_7_96.graph Finished!


Start Processing /home/wangshuo/projects/PROXY/datasets/amazon/query_graph_count/query_7_97.graph for core instances with query nodes: 4 5 
[Info] Auto-selected query root index 5 with (transferred) label 2
[Check] Sample budget = 60000
[Check] Sum of instance estimates = 13097959.00, Global estimate = 13097959.00, Ratio = 1.00
[Info] Appended instance results for query_7_97.graph to CSV in long format.
Global Estimated Value: 13097959.00
/home/wangshuo/projects/PROXY/datasets/amazon/query_graph_count/query_7_97.graph Finished!


Start Processing /home/wangshuo/projects/PROXY/datasets/amazon/query_graph_count/query_7_98.graph for core instances with query nodes: 0 6 
[Info] Auto-selected query root index 0 with (transferred) label 1
[Check] Sample budget = 60000
[Check] Sum of instance estimates = 143345.94, Global estimate = 143345.94, Ratio = 1.00
[Info] Appended instance results for query_7_98.graph to CSV in long format.
Global Estimated Value: 143345.94
/home/wangshuo/projects/PROXY/datasets/amazon/query_graph_count/query_7_98.graph Finished!


Start Processing /home/wangshuo/projects/PROXY/datasets/amazon/query_graph_count/query_7_99.graph for core instances with query nodes: 2 3 5 
[Info] Auto-selected query root index 3 with (transferred) label 4
[Check] Sample budget = 60000
[Check] Sum of instance estimates = 243737.81, Global estimate = 243737.81, Ratio = 1.00
[Info] Appended instance results for query_7_99.graph to CSV in long format.
Global Estimated Value: 243737.81
/home/wangshuo/projects/PROXY/datasets/amazon/query_graph_count/query_7_99.graph Finished!


Start Processing /home/wangshuo/projects/PROXY/datasets/amazon/query_graph_count/query_8_0.graph for core instances with query nodes: 4 7 
[Info] Auto-selected query root index 6 with (transferred) label 4
[Check] Sample budget = 60000
[Check] Sum of instance estimates = 420.08, Global estimate = 420.08, Ratio = 1.00
[Info] Appended instance results for query_8_0.graph to CSV in long format.
Global Estimated Value: 420.08
/home/wangshuo/projects/PROXY/datasets/amazon/query_graph_count/query_8_0.graph Finished!


Start Processing /home/wangshuo/projects/PROXY/datasets/amazon/query_graph_count/query_8_1.graph for core instances with query nodes: 3 5 
[Info] Auto-selected query root index 1 with (transferred) label 6
[Check] Sample budget = 60000
[Check] Sum of instance estimates = 583.00, Global estimate = 583.00, Ratio = 1.00
[Info] Appended instance results for query_8_1.graph to CSV in long format.
Global Estimated Value: 583.00
/home/wangshuo/projects/PROXY/datasets/amazon/query_graph_count/query_8_1.graph Finished!


Start Processing /home/wangshuo/projects/PROXY/datasets/amazon/query_graph_count/query_8_10.graph for core instances with query nodes: 0 1 
[Info] Auto-selected query root index 1 with (transferred) label 3
[Check] Sample budget = 60000
[Check] Sum of instance estimates = 4722024.98, Global estimate = 4722024.98, Ratio = 1.00
[Info] Appended instance results for query_8_10.graph to CSV in long format.
Global Estimated Value: 4722024.98
/home/wangshuo/projects/PROXY/datasets/amazon/query_graph_count/query_8_10.graph Finished!


Start Processing /home/wangshuo/projects/PROXY/datasets/amazon/query_graph_count/query_8_101.graph for core instances with query nodes: 4 7 
[Info] Auto-selected query root index 0 with (transferred) label 4
[Check] Sample budget = 60000
[Check] Sum of instance estimates = 2346882.07, Global estimate = 2346882.07, Ratio = 1.00
[Info] Appended instance results for query_8_101.graph to CSV in long format.
Global Estimated Value: 2346882.07
/home/wangshuo/projects/PROXY/datasets/amazon/query_graph_count/query_8_101.graph Finished!


Start Processing /home/wangshuo/projects/PROXY/datasets/amazon/query_graph_count/query_8_102.graph for core instances with query nodes: 1 5 7 
[Info] Auto-selected query root index 7 with (transferred) label 2
[Check] Sample budget = 60000
[Check] Sum of instance estimates = 275586225.23, Global estimate = 275586225.23, Ratio = 1.00
[Info] Appended instance results for query_8_102.graph to CSV in long format.
Global Estimated Value: 275586225.23
/home/wangshuo/projects/PROXY/datasets/amazon/query_graph_count/query_8_102.graph Finished!


Start Processing /home/wangshuo/projects/PROXY/datasets/amazon/query_graph_count/query_8_103.graph for core instances with query nodes: 4 5 6 
[Info] Auto-selected query root index 4 with (transferred) label 1
[Check] Sample budget = 60000
[Check] Sum of instance estimates = 2593033.59, Global estimate = 2593033.59, Ratio = 1.00
[Info] Appended instance results for query_8_103.graph to CSV in long format.
Global Estimated Value: 2593033.59
/home/wangshuo/projects/PROXY/datasets/amazon/query_graph_count/query_8_103.graph Finished!


Start Processing /home/wangshuo/projects/PROXY/datasets/amazon/query_graph_count/query_8_104.graph for core instances with query nodes: 1 3 
[Info] Auto-selected query root index 0 with (transferred) label 2
[Check] Sample budget = 60000
[Check] Sum of instance estimates = 368.00, Global estimate = 368.00, Ratio = 1.00
[Info] Appended instance results for query_8_104.graph to CSV in long format.
Global Estimated Value: 368.00
/home/wangshuo/projects/PROXY/datasets/amazon/query_graph_count/query_8_104.graph Finished!


Start Processing /home/wangshuo/projects/PROXY/datasets/amazon/query_graph_count/query_8_111.graph for core instances with query nodes: 0 5 7 
[Info] Auto-selected query root index 0 with (transferred) label 4
[Check] Sample budget = 60000
[Check] Sum of instance estimates = 3157278.62, Global estimate = 3157278.62, Ratio = 1.00
[Info] Appended instance results for query_8_111.graph to CSV in long format.
Global Estimated Value: 3157278.62
/home/wangshuo/projects/PROXY/datasets/amazon/query_graph_count/query_8_111.graph Finished!


Start Processing /home/wangshuo/projects/PROXY/datasets/amazon/query_graph_count/query_8_112.graph for core instances with query nodes: 2 6 
[Info] Auto-selected query root index 2 with (transferred) label 0
[Check] Sample budget = 60000
[Check] Sum of instance estimates = 282980703.19, Global estimate = 282980703.19, Ratio = 1.00
[Info] Appended instance results for query_8_112.graph to CSV in long format.
Global Estimated Value: 282980703.19
/home/wangshuo/projects/PROXY/datasets/amazon/query_graph_count/query_8_112.graph Finished!


Start Processing /home/wangshuo/projects/PROXY/datasets/amazon/query_graph_count/query_8_117.graph for core instances with query nodes: 1 5 
[Info] Auto-selected query root index 1 with (transferred) label 4
[Check] Sample budget = 60000
[Check] Sum of instance estimates = 2874378.24, Global estimate = 2874378.24, Ratio = 1.00
[Info] Appended instance results for query_8_117.graph to CSV in long format.
Global Estimated Value: 2874378.24
/home/wangshuo/projects/PROXY/datasets/amazon/query_graph_count/query_8_117.graph Finished!


Start Processing /home/wangshuo/projects/PROXY/datasets/amazon/query_graph_count/query_8_119.graph for core instances with query nodes: 0 4 5 6 
[Info] Auto-selected query root index 0 with (transferred) label 1
[Check] Sample budget = 60000
[Check] Sum of instance estimates = 5073596.14, Global estimate = 5073596.14, Ratio = 1.00
[Info] Appended instance results for query_8_119.graph to CSV in long format.
Global Estimated Value: 5073596.14
/home/wangshuo/projects/PROXY/datasets/amazon/query_graph_count/query_8_119.graph Finished!


Start Processing /home/wangshuo/projects/PROXY/datasets/amazon/query_graph_count/query_8_121.graph for core instances with query nodes: 3 5 
[Info] Auto-selected query root index 3 with (transferred) label 3
[Check] Sample budget = 60000
[Check] Sum of instance estimates = 5703239.86, Global estimate = 5703239.86, Ratio = 1.00
[Info] Appended instance results for query_8_121.graph to CSV in long format.
Global Estimated Value: 5703239.86
/home/wangshuo/projects/PROXY/datasets/amazon/query_graph_count/query_8_121.graph Finished!


Start Processing /home/wangshuo/projects/PROXY/datasets/amazon/query_graph_count/query_8_125.graph for core instances with query nodes: 0 6 7 
[Info] Auto-selected query root index 7 with (transferred) label 4
[Check] Sample budget = 60000
[Check] Sum of instance estimates = 3098276.33, Global estimate = 3098276.33, Ratio = 1.00
[Info] Appended instance results for query_8_125.graph to CSV in long format.
Global Estimated Value: 3098276.33
/home/wangshuo/projects/PROXY/datasets/amazon/query_graph_count/query_8_125.graph Finished!


Start Processing /home/wangshuo/projects/PROXY/datasets/amazon/query_graph_count/query_8_126.graph for core instances with query nodes: 1 2 3 4 
[Info] Auto-selected query root index 3 with (transferred) label 1
[Check] Sample budget = 60000
[Check] Sum of instance estimates = 3637785.47, Global estimate = 3637785.47, Ratio = 1.00
[Info] Appended instance results for query_8_126.graph to CSV in long format.
Global Estimated Value: 3637785.47
/home/wangshuo/projects/PROXY/datasets/amazon/query_graph_count/query_8_126.graph Finished!


Start Processing /home/wangshuo/projects/PROXY/datasets/amazon/query_graph_count/query_8_128.graph for core instances with query nodes: 1 2 6 
[Info] Auto-selected query root index 6 with (transferred) label 2
[Check] Sample budget = 60000
[Check] Sum of instance estimates = 2149982.41, Global estimate = 2149982.41, Ratio = 1.00
[Info] Appended instance results for query_8_128.graph to CSV in long format.
Global Estimated Value: 2149982.41
/home/wangshuo/projects/PROXY/datasets/amazon/query_graph_count/query_8_128.graph Finished!


Start Processing /home/wangshuo/projects/PROXY/datasets/amazon/query_graph_count/query_8_129.graph for core instances with query nodes: 0 5 7 
[Info] Auto-selected query root index 2 with (transferred) label 6
[Check] Sample budget = 60000
[Check] Sum of instance estimates = 368.34, Global estimate = 368.34, Ratio = 1.00
[Info] Appended instance results for query_8_129.graph to CSV in long format.
Global Estimated Value: 368.34
/home/wangshuo/projects/PROXY/datasets/amazon/query_graph_count/query_8_129.graph Finished!


Start Processing /home/wangshuo/projects/PROXY/datasets/amazon/query_graph_count/query_8_130.graph for core instances with query nodes: 0 2 3 
[Info] Auto-selected query root index 4 with (transferred) label 4
[Check] Sample budget = 60000
[Check] Sum of instance estimates = 3756636.69, Global estimate = 3756636.69, Ratio = 1.00
[Info] Appended instance results for query_8_130.graph to CSV in long format.
Global Estimated Value: 3756636.69
/home/wangshuo/projects/PROXY/datasets/amazon/query_graph_count/query_8_130.graph Finished!


Start Processing /home/wangshuo/projects/PROXY/datasets/amazon/query_graph_count/query_8_131.graph for core instances with query nodes: 0 2 5 
[Info] Auto-selected query root index 2 with (transferred) label 0
[Check] Sample budget = 60000
[Check] Sum of instance estimates = 2637210.81, Global estimate = 2637210.81, Ratio = 1.00
[Info] Appended instance results for query_8_131.graph to CSV in long format.
Global Estimated Value: 2637210.81
/home/wangshuo/projects/PROXY/datasets/amazon/query_graph_count/query_8_131.graph Finished!


Start Processing /home/wangshuo/projects/PROXY/datasets/amazon/query_graph_count/query_8_132.graph for core instances with query nodes: 0 1 
[Info] Auto-selected query root index 2 with (transferred) label 4
[Check] Sample budget = 60000
[Check] Sum of instance estimates = 3478451.00, Global estimate = 3478451.00, Ratio = 1.00
[Info] Appended instance results for query_8_132.graph to CSV in long format.
Global Estimated Value: 3478451.00
/home/wangshuo/projects/PROXY/datasets/amazon/query_graph_count/query_8_132.graph Finished!


Start Processing /home/wangshuo/projects/PROXY/datasets/amazon/query_graph_count/query_8_133.graph for core instances with query nodes: 0 5 
[Info] Auto-selected query root index 7 with (transferred) label 2
[Check] Sample budget = 60000
[Check] Sum of instance estimates = 2321913.15, Global estimate = 2321913.15, Ratio = 1.00
[Info] Appended instance results for query_8_133.graph to CSV in long format.
Global Estimated Value: 2321913.15
/home/wangshuo/projects/PROXY/datasets/amazon/query_graph_count/query_8_133.graph Finished!


Start Processing /home/wangshuo/projects/PROXY/datasets/amazon/query_graph_count/query_8_134.graph for core instances with query nodes: 0 5 7 
[Info] Auto-selected query root index 7 with (transferred) label 2
[Check] Sample budget = 60000
[Check] Sum of instance estimates = 2812397.87, Global estimate = 2812397.87, Ratio = 1.00
[Info] Appended instance results for query_8_134.graph to CSV in long format.
Global Estimated Value: 2812397.87
/home/wangshuo/projects/PROXY/datasets/amazon/query_graph_count/query_8_134.graph Finished!


Start Processing /home/wangshuo/projects/PROXY/datasets/amazon/query_graph_count/query_8_136.graph for core instances with query nodes: 2 6 7 
[Info] Auto-selected query root index 2 with (transferred) label 3
[Check] Sample budget = 60000
[Check] Sum of instance estimates = 2195127.12, Global estimate = 2195127.12, Ratio = 1.00
[Info] Appended instance results for query_8_136.graph to CSV in long format.
Global Estimated Value: 2195127.12
/home/wangshuo/projects/PROXY/datasets/amazon/query_graph_count/query_8_136.graph Finished!


Start Processing /home/wangshuo/projects/PROXY/datasets/amazon/query_graph_count/query_8_14.graph for core instances with query nodes: 0 3 
[Info] Auto-selected query root index 0 with (transferred) label 3
[Check] Sample budget = 60000
[Check] Sum of instance estimates = 4065174.08, Global estimate = 4065174.08, Ratio = 1.00
[Info] Appended instance results for query_8_14.graph to CSV in long format.
Global Estimated Value: 4065174.08
/home/wangshuo/projects/PROXY/datasets/amazon/query_graph_count/query_8_14.graph Finished!


Start Processing /home/wangshuo/projects/PROXY/datasets/amazon/query_graph_count/query_8_144.graph for core instances with query nodes: 2 4 
[Info] Auto-selected query root index 4 with (transferred) label 2
[Check] Sample budget = 60000
[Check] Sum of instance estimates = 290556499.42, Global estimate = 290556499.42, Ratio = 1.00
[Info] Appended instance results for query_8_144.graph to CSV in long format.
Global Estimated Value: 290556499.42
/home/wangshuo/projects/PROXY/datasets/amazon/query_graph_count/query_8_144.graph Finished!


Start Processing /home/wangshuo/projects/PROXY/datasets/amazon/query_graph_count/query_8_145.graph for core instances with query nodes: 0 3 4 5 6 7 
[Info] Auto-selected query root index 2 with (transferred) label 6
[Check] Sample budget = 60000
[Check] Sum of instance estimates = 467.67, Global estimate = 467.67, Ratio = 1.00
[Info] Appended instance results for query_8_145.graph to CSV in long format.
Global Estimated Value: 467.67
/home/wangshuo/projects/PROXY/datasets/amazon/query_graph_count/query_8_145.graph Finished!


Start Processing /home/wangshuo/projects/PROXY/datasets/amazon/query_graph_count/query_8_15.graph for core instances with query nodes: 0 1 4 6 
[Info] Auto-selected query root index 6 with (transferred) label 3
[Check] Sample budget = 60000
[Check] Sum of instance estimates = 7526870.42, Global estimate = 7526870.42, Ratio = 1.00
[Info] Appended instance results for query_8_15.graph to CSV in long format.
Global Estimated Value: 7526870.42
/home/wangshuo/projects/PROXY/datasets/amazon/query_graph_count/query_8_15.graph Finished!


Start Processing /home/wangshuo/projects/PROXY/datasets/amazon/query_graph_count/query_8_21.graph for core instances with query nodes: 2 3 5 
[Info] Auto-selected query root index 2 with (transferred) label 1
[Check] Sample budget = 60000
[Check] Sum of instance estimates = 5186443.84, Global estimate = 5186443.84, Ratio = 1.00
[Info] Appended instance results for query_8_21.graph to CSV in long format.
Global Estimated Value: 5186443.84
/home/wangshuo/projects/PROXY/datasets/amazon/query_graph_count/query_8_21.graph Finished!


Start Processing /home/wangshuo/projects/PROXY/datasets/amazon/query_graph_count/query_8_22.graph for core instances with query nodes: 0 6 7 
[Info] Auto-selected query root index 0 with (transferred) label 3
[Check] Sample budget = 60000
[Check] Sum of instance estimates = 3892662.06, Global estimate = 3892662.06, Ratio = 1.00
[Info] Appended instance results for query_8_22.graph to CSV in long format.
Global Estimated Value: 3892662.06
/home/wangshuo/projects/PROXY/datasets/amazon/query_graph_count/query_8_22.graph Finished!


Start Processing /home/wangshuo/projects/PROXY/datasets/amazon/query_graph_count/query_8_23.graph for core instances with query nodes: 1 6 7 
[Info] Auto-selected query root index 2 with (transferred) label 6
[Check] Sample budget = 60000
[Check] Sum of instance estimates = 341.74, Global estimate = 341.74, Ratio = 1.00
[Info] Appended instance results for query_8_23.graph to CSV in long format.
Global Estimated Value: 341.74
/home/wangshuo/projects/PROXY/datasets/amazon/query_graph_count/query_8_23.graph Finished!


Start Processing /home/wangshuo/projects/PROXY/datasets/amazon/query_graph_count/query_8_25.graph for core instances with query nodes: 0 2 3 
[Info] Auto-selected query root index 2 with (transferred) label 2
[Check] Sample budget = 60000
[Check] Sum of instance estimates = 2603223.44, Global estimate = 2603223.44, Ratio = 1.00
[Info] Appended instance results for query_8_25.graph to CSV in long format.
Global Estimated Value: 2603223.44
/home/wangshuo/projects/PROXY/datasets/amazon/query_graph_count/query_8_25.graph Finished!


Start Processing /home/wangshuo/projects/PROXY/datasets/amazon/query_graph_count/query_8_26.graph for core instances with query nodes: 3 6 
[Info] Auto-selected query root index 7 with (transferred) label 0
[Check] Sample budget = 60000
[Check] Sum of instance estimates = 2228146.66, Global estimate = 2228146.66, Ratio = 1.00
[Info] Appended instance results for query_8_26.graph to CSV in long format.
Global Estimated Value: 2228146.66
/home/wangshuo/projects/PROXY/datasets/amazon/query_graph_count/query_8_26.graph Finished!


Start Processing /home/wangshuo/projects/PROXY/datasets/amazon/query_graph_count/query_8_28.graph for core instances with query nodes: 0 3 
[Info] Auto-selected query root index 4 with (transferred) label 2
[Check] Sample budget = 60000
[Check] Sum of instance estimates = 2389355.01, Global estimate = 2389355.01, Ratio = 1.00
[Info] Appended instance results for query_8_28.graph to CSV in long format.
Global Estimated Value: 2389355.01
/home/wangshuo/projects/PROXY/datasets/amazon/query_graph_count/query_8_28.graph Finished!


Start Processing /home/wangshuo/projects/PROXY/datasets/amazon/query_graph_count/query_8_29.graph for core instances with query nodes: 3 6 
[Info] Auto-selected query root index 4 with (transferred) label 1
[Check] Sample budget = 60000
[Check] Sum of instance estimates = 3488246.09, Global estimate = 3488246.09, Ratio = 1.00
[Info] Appended instance results for query_8_29.graph to CSV in long format.
Global Estimated Value: 3488246.09
/home/wangshuo/projects/PROXY/datasets/amazon/query_graph_count/query_8_29.graph Finished!


Start Processing /home/wangshuo/projects/PROXY/datasets/amazon/query_graph_count/query_8_31.graph for core instances with query nodes: 4 7 
[Info] Auto-selected query root index 4 with (transferred) label 0
[Check] Sample budget = 60000
[Check] Sum of instance estimates = 2723540.76, Global estimate = 2723540.76, Ratio = 1.00
[Info] Appended instance results for query_8_31.graph to CSV in long format.
Global Estimated Value: 2723540.76
/home/wangshuo/projects/PROXY/datasets/amazon/query_graph_count/query_8_31.graph Finished!


Start Processing /home/wangshuo/projects/PROXY/datasets/amazon/query_graph_count/query_8_33.graph for core instances with query nodes: 4 5 
[Info] Auto-selected query root index 3 with (transferred) label 2
[Check] Sample budget = 60000
[Check] Sum of instance estimates = 423.29, Global estimate = 423.29, Ratio = 1.00
[Info] Appended instance results for query_8_33.graph to CSV in long format.
Global Estimated Value: 423.29
/home/wangshuo/projects/PROXY/datasets/amazon/query_graph_count/query_8_33.graph Finished!


Start Processing /home/wangshuo/projects/PROXY/datasets/amazon/query_graph_count/query_8_35.graph for core instances with query nodes: 1 4 5 
[Info] Auto-selected query root index 4 with (transferred) label 4
[Check] Sample budget = 60000
[Check] Sum of instance estimates = 2454672.91, Global estimate = 2454672.91, Ratio = 1.00
[Info] Appended instance results for query_8_35.graph to CSV in long format.
Global Estimated Value: 2454672.91
/home/wangshuo/projects/PROXY/datasets/amazon/query_graph_count/query_8_35.graph Finished!


Start Processing /home/wangshuo/projects/PROXY/datasets/amazon/query_graph_count/query_8_36.graph for core instances with query nodes: 1 2 
[Info] Auto-selected query root index 2 with (transferred) label 4
[Check] Sample budget = 60000
[Check] Sum of instance estimates = 5027631.06, Global estimate = 5027631.06, Ratio = 1.00
[Info] Appended instance results for query_8_36.graph to CSV in long format.
Global Estimated Value: 5027631.06
/home/wangshuo/projects/PROXY/datasets/amazon/query_graph_count/query_8_36.graph Finished!


Start Processing /home/wangshuo/projects/PROXY/datasets/amazon/query_graph_count/query_8_37.graph for core instances with query nodes: 0 5 
[Info] Auto-selected query root index 3 with (transferred) label 3
[Check] Sample budget = 60000
[Check] Sum of instance estimates = 3829750.32, Global estimate = 3829750.32, Ratio = 1.00
[Info] Appended instance results for query_8_37.graph to CSV in long format.
Global Estimated Value: 3829750.32
/home/wangshuo/projects/PROXY/datasets/amazon/query_graph_count/query_8_37.graph Finished!


Start Processing /home/wangshuo/projects/PROXY/datasets/amazon/query_graph_count/query_8_38.graph for core instances with query nodes: 6 7 
[Info] Auto-selected query root index 7 with (transferred) label 0
[Check] Sample budget = 60000
[Check] Sum of instance estimates = 2795011.36, Global estimate = 2795011.36, Ratio = 1.00
[Info] Appended instance results for query_8_38.graph to CSV in long format.
Global Estimated Value: 2795011.36
/home/wangshuo/projects/PROXY/datasets/amazon/query_graph_count/query_8_38.graph Finished!


Start Processing /home/wangshuo/projects/PROXY/datasets/amazon/query_graph_count/query_8_4.graph for core instances with query nodes: 0 3 4 
[Info] Auto-selected query root index 4 with (transferred) label 3
[Check] Sample budget = 60000
[Check] Sum of instance estimates = 3366163.76, Global estimate = 3366163.76, Ratio = 1.00
[Info] Appended instance results for query_8_4.graph to CSV in long format.
Global Estimated Value: 3366163.76
/home/wangshuo/projects/PROXY/datasets/amazon/query_graph_count/query_8_4.graph Finished!


Start Processing /home/wangshuo/projects/PROXY/datasets/amazon/query_graph_count/query_8_41.graph for core instances with query nodes: 2 7 
[Info] Auto-selected query root index 3 with (transferred) label 2
[Check] Sample budget = 60000
[Check] Sum of instance estimates = 3687051.11, Global estimate = 3687051.11, Ratio = 1.00
[Info] Appended instance results for query_8_41.graph to CSV in long format.
Global Estimated Value: 3687051.11
/home/wangshuo/projects/PROXY/datasets/amazon/query_graph_count/query_8_41.graph Finished!


Start Processing /home/wangshuo/projects/PROXY/datasets/amazon/query_graph_count/query_8_43.graph for core instances with query nodes: 1 7 
[Info] Auto-selected query root index 7 with (transferred) label 4
[Check] Sample budget = 60000
[Check] Sum of instance estimates = 6730219.14, Global estimate = 6730219.14, Ratio = 1.00
[Info] Appended instance results for query_8_43.graph to CSV in long format.
Global Estimated Value: 6730219.14
/home/wangshuo/projects/PROXY/datasets/amazon/query_graph_count/query_8_43.graph Finished!


Start Processing /home/wangshuo/projects/PROXY/datasets/amazon/query_graph_count/query_8_51.graph for core instances with query nodes: 5 7 
[Info] Auto-selected query root index 7 with (transferred) label 1
[Check] Sample budget = 60000
[Check] Sum of instance estimates = 3159889.82, Global estimate = 3159889.82, Ratio = 1.00
[Info] Appended instance results for query_8_51.graph to CSV in long format.
Global Estimated Value: 3159889.82
/home/wangshuo/projects/PROXY/datasets/amazon/query_graph_count/query_8_51.graph Finished!


Start Processing /home/wangshuo/projects/PROXY/datasets/amazon/query_graph_count/query_8_53.graph for core instances with query nodes: 1 3 6 
[Info] Auto-selected query root index 5 with (transferred) label 1
[Check] Sample budget = 60000
[Check] Sum of instance estimates = 2629704.01, Global estimate = 2629704.01, Ratio = 1.00
[Info] Appended instance results for query_8_53.graph to CSV in long format.
Global Estimated Value: 2629704.01
/home/wangshuo/projects/PROXY/datasets/amazon/query_graph_count/query_8_53.graph Finished!


Start Processing /home/wangshuo/projects/PROXY/datasets/amazon/query_graph_count/query_8_54.graph for core instances with query nodes: 2 7 
[Info] Auto-selected query root index 7 with (transferred) label 2
[Check] Sample budget = 60000
[Check] Sum of instance estimates = 2827961.95, Global estimate = 2827961.95, Ratio = 1.00
[Info] Appended instance results for query_8_54.graph to CSV in long format.
Global Estimated Value: 2827961.95
/home/wangshuo/projects/PROXY/datasets/amazon/query_graph_count/query_8_54.graph Finished!


Start Processing /home/wangshuo/projects/PROXY/datasets/amazon/query_graph_count/query_8_55.graph for core instances with query nodes: 1 2 4 5 7 
[Info] Auto-selected query root index 3 with (transferred) label 2
[Check] Sample budget = 60000
[Check] Sum of instance estimates = 2486084.98, Global estimate = 2486084.98, Ratio = 1.00
[Info] Appended instance results for query_8_55.graph to CSV in long format.
Global Estimated Value: 2486084.98
/home/wangshuo/projects/PROXY/datasets/amazon/query_graph_count/query_8_55.graph Finished!


Start Processing /home/wangshuo/projects/PROXY/datasets/amazon/query_graph_count/query_8_57.graph for core instances with query nodes: 0 2 3 
[Info] Auto-selected query root index 1 with (transferred) label 2
[Check] Sample budget = 60000
[Check] Sum of instance estimates = 325.00, Global estimate = 325.00, Ratio = 1.00
[Info] Appended instance results for query_8_57.graph to CSV in long format.
Global Estimated Value: 325.00
/home/wangshuo/projects/PROXY/datasets/amazon/query_graph_count/query_8_57.graph Finished!


Start Processing /home/wangshuo/projects/PROXY/datasets/amazon/query_graph_count/query_8_58.graph for core instances with query nodes: 3 7 
[Info] Auto-selected query root index 0 with (transferred) label 4
[Check] Sample budget = 60000
[Check] Sum of instance estimates = 3521084.86, Global estimate = 3521084.86, Ratio = 1.00
[Info] Appended instance results for query_8_58.graph to CSV in long format.
Global Estimated Value: 3521084.86
/home/wangshuo/projects/PROXY/datasets/amazon/query_graph_count/query_8_58.graph Finished!


Start Processing /home/wangshuo/projects/PROXY/datasets/amazon/query_graph_count/query_8_59.graph for core instances with query nodes: 0 1 
[Info] Auto-selected query root index 2 with (transferred) label 6
[Check] Sample budget = 60000
[Check] Sum of instance estimates = 26322.97, Global estimate = 26322.97, Ratio = 1.00
[Info] Appended instance results for query_8_59.graph to CSV in long format.
Global Estimated Value: 26322.97
/home/wangshuo/projects/PROXY/datasets/amazon/query_graph_count/query_8_59.graph Finished!


Start Processing /home/wangshuo/projects/PROXY/datasets/amazon/query_graph_count/query_8_62.graph for core instances with query nodes: 1 3 6 
[Info] Auto-selected query root index 4 with (transferred) label 4
[Check] Sample budget = 60000
[Check] Sum of instance estimates = 3465289.32, Global estimate = 3465289.32, Ratio = 1.00
[Info] Appended instance results for query_8_62.graph to CSV in long format.
Global Estimated Value: 3465289.32
/home/wangshuo/projects/PROXY/datasets/amazon/query_graph_count/query_8_62.graph Finished!


Start Processing /home/wangshuo/projects/PROXY/datasets/amazon/query_graph_count/query_8_66.graph for core instances with query nodes: 6 7 
[Info] Auto-selected query root index 2 with (transferred) label 6
[Check] Sample budget = 60000
[Check] Sum of instance estimates = 724.00, Global estimate = 724.00, Ratio = 1.00
[Info] Appended instance results for query_8_66.graph to CSV in long format.
Global Estimated Value: 724.00
/home/wangshuo/projects/PROXY/datasets/amazon/query_graph_count/query_8_66.graph Finished!


Start Processing /home/wangshuo/projects/PROXY/datasets/amazon/query_graph_count/query_8_7.graph for core instances with query nodes: 2 4 
[Info] Auto-selected query root index 4 with (transferred) label 0
[Check] Sample budget = 60000
[Check] Sum of instance estimates = 2522044.21, Global estimate = 2522044.21, Ratio = 1.00
[Info] Appended instance results for query_8_7.graph to CSV in long format.
Global Estimated Value: 2522044.21
/home/wangshuo/projects/PROXY/datasets/amazon/query_graph_count/query_8_7.graph Finished!


Start Processing /home/wangshuo/projects/PROXY/datasets/amazon/query_graph_count/query_8_74.graph for core instances with query nodes: 2 4 5 7 
[Info] Auto-selected query root index 0 with (transferred) label 4
[Check] Sample budget = 60000
[Check] Sum of instance estimates = 3781570.26, Global estimate = 3781570.26, Ratio = 1.00
[Info] Appended instance results for query_8_74.graph to CSV in long format.
Global Estimated Value: 3781570.26
/home/wangshuo/projects/PROXY/datasets/amazon/query_graph_count/query_8_74.graph Finished!


Start Processing /home/wangshuo/projects/PROXY/datasets/amazon/query_graph_count/query_8_78.graph for core instances with query nodes: 3 7 
[Info] Auto-selected query root index 3 with (transferred) label 3
[Check] Sample budget = 60000
[Check] Sum of instance estimates = 4223370.14, Global estimate = 4223370.14, Ratio = 1.00
[Info] Appended instance results for query_8_78.graph to CSV in long format.
Global Estimated Value: 4223370.14
/home/wangshuo/projects/PROXY/datasets/amazon/query_graph_count/query_8_78.graph Finished!


Start Processing /home/wangshuo/projects/PROXY/datasets/amazon/query_graph_count/query_8_79.graph for core instances with query nodes: 3 4 7 
[Info] Auto-selected query root index 7 with (transferred) label 0
[Check] Sample budget = 60000
[Check] Sum of instance estimates = 3237879.03, Global estimate = 3237879.03, Ratio = 1.00
[Info] Appended instance results for query_8_79.graph to CSV in long format.
Global Estimated Value: 3237879.03
/home/wangshuo/projects/PROXY/datasets/amazon/query_graph_count/query_8_79.graph Finished!


Start Processing /home/wangshuo/projects/PROXY/datasets/amazon/query_graph_count/query_8_84.graph for core instances with query nodes: 0 1 7 
[Info] Auto-selected query root index 6 with (transferred) label 0
[Check] Sample budget = 60000
[Check] Sum of instance estimates = 2561413.50, Global estimate = 2561413.50, Ratio = 1.00
[Info] Appended instance results for query_8_84.graph to CSV in long format.
Global Estimated Value: 2561413.50
/home/wangshuo/projects/PROXY/datasets/amazon/query_graph_count/query_8_84.graph Finished!


Start Processing /home/wangshuo/projects/PROXY/datasets/amazon/query_graph_count/query_8_85.graph for core instances with query nodes: 0 5 6 
[Info] Auto-selected query root index 1 with (transferred) label 6
[Check] Sample budget = 60000
[Check] Sum of instance estimates = 530226.70, Global estimate = 530226.70, Ratio = 1.00
[Info] Appended instance results for query_8_85.graph to CSV in long format.
Global Estimated Value: 530226.70
/home/wangshuo/projects/PROXY/datasets/amazon/query_graph_count/query_8_85.graph Finished!


Start Processing /home/wangshuo/projects/PROXY/datasets/amazon/query_graph_count/query_8_95.graph for core instances with query nodes: 2 4 
[Info] Auto-selected query root index 5 with (transferred) label 1
[Check] Sample budget = 60000
[Check] Sum of instance estimates = 2655012.29, Global estimate = 2655012.29, Ratio = 1.00
[Info] Appended instance results for query_8_95.graph to CSV in long format.
Global Estimated Value: 2655012.29
/home/wangshuo/projects/PROXY/datasets/amazon/query_graph_count/query_8_95.graph Finished!


Start Processing /home/wangshuo/projects/PROXY/datasets/amazon/query_graph_count/query_8_97.graph for core instances with query nodes: 5 6 
[Info] Auto-selected query root index 2 with (transferred) label 1
[Check] Sample budget = 60000
[Check] Sum of instance estimates = 3085919.00, Global estimate = 3085919.00, Ratio = 1.00
[Info] Appended instance results for query_8_97.graph to CSV in long format.
Global Estimated Value: 3085919.00
/home/wangshuo/projects/PROXY/datasets/amazon/query_graph_count/query_8_97.graph Finished!


Start Processing /home/wangshuo/projects/PROXY/datasets/amazon/query_graph_count/query_8_98.graph for core instances with query nodes: 2 6 7 
[Info] Auto-selected query root index 7 with (transferred) label 3
[Check] Sample budget = 60000
[Check] Sum of instance estimates = 435.26, Global estimate = 435.26, Ratio = 1.00
[Info] Appended instance results for query_8_98.graph to CSV in long format.
Global Estimated Value: 435.26
/home/wangshuo/projects/PROXY/datasets/amazon/query_graph_count/query_8_98.graph Finished!


Start Processing /home/wangshuo/projects/PROXY/datasets/amazon/query_graph_count/query_8_99.graph for core instances with query nodes: 0 5 6 
[Info] Auto-selected query root index 3 with (transferred) label 6
[Check] Sample budget = 60000
[Check] Sum of instance estimates = 1919523.07, Global estimate = 1919523.07, Ratio = 1.00
[Info] Appended instance results for query_8_99.graph to CSV in long format.
Global Estimated Value: 1919523.07
/home/wangshuo/projects/PROXY/datasets/amazon/query_graph_count/query_8_99.graph Finished!

[Info] Saved basic estimates to JSON: /home/wangshuo/projects/PROXY/datasets/amazon/results/basic_estimates_count.json

✅ Fastest 运行结束，退出码: 0

[*] 正在拆分多查询结果文件: /home/wangshuo/projects/PROXY/datasets/amazon/results/ins_estimateW_result_count.csv
[+] 成功读取 14610242 行实例数据。
[✓] 拆分完成，共生成 764 个文件。

[*] 正在预计算全局数据映射 (极大提升并发速度)...
[+] 预计算完成: product 表预置 5000 行, review 表预置 214501 行。

[Step 3] 启动多进程并发生成聚合列表 (Worker=16)...
Aggregating:   0%|                                                          | 0/765 [00:00<?, ?it/s]Aggregating:   0%|                                                  | 1/765 [00:00<03:55,  3.24it/s]Aggregating:   0%|▏                                                 | 3/765 [00:00<01:31,  8.29it/s]Aggregating:   1%|▍                                                 | 7/765 [00:00<01:09, 10.97it/s]Aggregating:   1%|▌                                                 | 9/765 [00:01<01:45,  7.16it/s]Aggregating:   1%|▋                                                | 10/765 [00:01<01:58,  6.37it/s]Aggregating:   1%|▋                                                | 11/765 [00:01<01:49,  6.88it/s]Aggregating:   2%|▊                                                | 12/765 [00:01<02:10,  5.77it/s]Aggregating:   2%|▊                                                | 13/765 [00:02<02:35,  4.85it/s]Aggregating:   2%|▉                                                | 14/765 [00:02<02:45,  4.55it/s]Aggregating:   2%|▉                                                | 15/765 [00:02<02:39,  4.69it/s]Aggregating:   2%|█                                                | 17/765 [00:02<01:54,  6.53it/s]Aggregating:   2%|█▏                                               | 19/765 [00:02<01:25,  8.77it/s]Aggregating:   3%|█▎                                               | 21/765 [00:03<01:24,  8.82it/s]Aggregating:   3%|█▍                                               | 23/765 [00:03<01:08, 10.83it/s]Aggregating:   3%|█▌                                               | 25/765 [00:03<01:18,  9.41it/s]Aggregating:   4%|█▋                                               | 27/765 [00:03<01:18,  9.39it/s]Aggregating:   4%|█▊                                               | 29/765 [00:03<01:30,  8.16it/s]Aggregating:   4%|█▉                                               | 31/765 [00:04<01:25,  8.57it/s]Aggregating:   4%|██                                               | 33/765 [00:04<01:41,  7.23it/s]Aggregating:   5%|██▏                                              | 35/765 [00:04<01:58,  6.15it/s]Aggregating:   5%|██▎                                              | 36/765 [00:05<02:14,  5.43it/s]Aggregating:   5%|██▍                                              | 39/765 [00:05<01:34,  7.71it/s]Aggregating:   5%|██▋                                              | 41/765 [00:05<01:35,  7.58it/s]Aggregating:   6%|██▊                                              | 44/765 [00:05<01:15,  9.56it/s]Aggregating:   6%|██▉                                              | 46/765 [00:06<01:23,  8.61it/s]Aggregating:   6%|███                                              | 48/765 [00:06<01:12,  9.83it/s]Aggregating:   7%|███▏                                             | 50/765 [00:06<01:13,  9.72it/s]Aggregating:   7%|███▎                                             | 52/765 [00:06<01:19,  8.99it/s]Aggregating:   7%|███▍                                             | 53/765 [00:06<01:21,  8.69it/s]Aggregating:   7%|███▍                                             | 54/765 [00:07<01:32,  7.72it/s]Aggregating:   7%|███▌                                             | 55/765 [00:07<01:36,  7.39it/s]Aggregating:   7%|███▋                                             | 57/765 [00:07<01:19,  8.95it/s]Aggregating:   8%|███▋                                             | 58/765 [00:07<01:25,  8.30it/s]Aggregating:   8%|███▊                                             | 59/765 [00:07<01:21,  8.63it/s]Aggregating:   8%|███▊                                             | 60/765 [00:07<01:29,  7.87it/s]Aggregating:   8%|███▉                                             | 61/765 [00:08<01:57,  5.99it/s]Aggregating:   8%|███▉                                             | 62/765 [00:08<01:49,  6.45it/s]Aggregating:   8%|████                                             | 63/765 [00:08<01:57,  5.95it/s]Aggregating:   8%|████                                             | 64/765 [00:08<01:48,  6.48it/s]Aggregating:   8%|████▏                                            | 65/765 [00:08<02:43,  4.27it/s]Aggregating:   9%|████▎                                            | 67/765 [00:09<02:01,  5.73it/s]Aggregating:   9%|████▍                                            | 69/765 [00:09<01:31,  7.57it/s]Aggregating:   9%|████▌                                            | 72/765 [00:09<01:04, 10.75it/s]Aggregating:  10%|████▋                                            | 74/765 [00:09<01:06, 10.43it/s]Aggregating:  10%|████▊                                            | 76/765 [00:09<01:04, 10.61it/s]Aggregating:  10%|████▉                                            | 78/765 [00:09<00:59, 11.57it/s]Aggregating:  10%|█████                                            | 80/765 [00:10<01:13,  9.29it/s]Aggregating:  11%|█████▍                                           | 84/765 [00:10<00:50, 13.56it/s]Aggregating:  11%|█████▌                                           | 86/765 [00:10<00:53, 12.78it/s]Aggregating:  12%|█████▋                                           | 88/765 [00:10<00:51, 13.05it/s]Aggregating:  12%|█████▊                                           | 90/765 [00:11<01:44,  6.47it/s]Aggregating:  12%|█████▉                                           | 93/765 [00:11<01:15,  8.86it/s]Aggregating:  12%|██████                                           | 95/765 [00:11<01:20,  8.36it/s]Aggregating:  13%|██████▏                                          | 97/765 [00:12<01:52,  5.96it/s]Aggregating:  13%|██████▎                                          | 99/765 [00:12<01:42,  6.47it/s]Aggregating:  13%|██████▎                                         | 101/765 [00:12<01:27,  7.63it/s]Aggregating:  13%|██████▍                                         | 103/765 [00:13<01:31,  7.27it/s]Aggregating:  14%|██████▌                                         | 104/765 [00:13<01:41,  6.50it/s]Aggregating:  14%|██████▋                                         | 107/765 [00:13<01:31,  7.18it/s]Aggregating:  14%|██████▊                                         | 108/765 [00:14<01:47,  6.13it/s]Aggregating:  15%|██████▉                                         | 111/765 [00:14<01:12,  8.96it/s]Aggregating:  15%|███████                                         | 113/765 [00:14<01:16,  8.53it/s]Aggregating:  15%|███████▎                                        | 116/765 [00:14<01:13,  8.83it/s]Aggregating:  16%|███████▍                                        | 119/765 [00:14<01:02, 10.29it/s]Aggregating:  16%|███████▌                                        | 121/765 [00:15<00:57, 11.20it/s]Aggregating:  16%|███████▊                                        | 124/765 [00:15<00:48, 13.27it/s]Aggregating:  16%|███████▉                                        | 126/765 [00:15<00:55, 11.51it/s]Aggregating:  17%|████████                                        | 128/765 [00:16<01:28,  7.17it/s]Aggregating:  17%|████████▏                                       | 130/765 [00:16<01:17,  8.18it/s]Aggregating:  17%|████████▎                                       | 132/765 [00:16<01:40,  6.29it/s]Aggregating:  18%|████████▍                                       | 134/765 [00:16<01:21,  7.74it/s]Aggregating:  18%|████████▌                                       | 136/765 [00:17<01:35,  6.58it/s]Aggregating:  18%|████████▌                                       | 137/765 [00:17<01:30,  6.92it/s]Aggregating:  18%|████████▋                                       | 139/765 [00:17<01:19,  7.84it/s]Aggregating:  18%|████████▊                                       | 141/765 [00:17<01:07,  9.31it/s]Aggregating:  19%|████████▉                                       | 143/765 [00:17<01:04,  9.65it/s]Aggregating:  19%|█████████                                       | 145/765 [00:18<01:14,  8.30it/s]Aggregating:  19%|█████████▏                                      | 146/765 [00:18<01:25,  7.21it/s]Aggregating:  19%|█████████▏                                      | 147/765 [00:18<01:59,  5.16it/s]Aggregating:  19%|█████████▎                                      | 148/765 [00:19<02:20,  4.39it/s]Aggregating:  19%|█████████▎                                      | 149/765 [00:19<02:11,  4.68it/s]Aggregating:  20%|█████████▍                                      | 151/765 [00:19<02:27,  4.16it/s]Aggregating:  20%|█████████▌                                      | 152/765 [00:20<02:38,  3.87it/s]Aggregating:  20%|█████████▋                                      | 154/765 [00:20<02:42,  3.76it/s]Aggregating:  20%|█████████▊                                      | 156/765 [00:21<02:22,  4.28it/s]Aggregating:  21%|█████████▊                                      | 157/765 [00:21<02:37,  3.86it/s]Aggregating:  21%|██████████                                      | 160/765 [00:22<02:24,  4.20it/s]Aggregating:  21%|██████████                                      | 161/765 [00:22<02:23,  4.22it/s]Aggregating:  21%|██████████▏                                     | 163/765 [00:22<01:58,  5.09it/s]Aggregating:  22%|██████████▎                                     | 165/765 [00:22<01:55,  5.21it/s]Aggregating:  22%|██████████▍                                     | 166/765 [00:23<02:33,  3.90it/s]Aggregating:  22%|██████████▌                                     | 168/765 [00:23<02:02,  4.86it/s]Aggregating:  22%|██████████▌                                     | 169/765 [00:23<02:08,  4.64it/s]Aggregating:  22%|██████████▋                                     | 170/765 [00:24<02:03,  4.83it/s]Aggregating:  22%|██████████▋                                     | 171/765 [00:24<01:57,  5.08it/s]Aggregating:  22%|██████████▊                                     | 172/765 [00:24<01:50,  5.39it/s]Aggregating:  23%|██████████▊                                     | 173/765 [00:24<01:42,  5.76it/s]Aggregating:  23%|██████████▉                                     | 174/765 [00:24<01:44,  5.67it/s]Aggregating:  23%|██████████▉                                     | 175/765 [00:24<01:56,  5.06it/s]Aggregating:  23%|███████████                                     | 177/765 [00:25<02:06,  4.64it/s]Aggregating:  23%|███████████▏                                    | 178/765 [00:25<01:57,  5.01it/s]Aggregating:  24%|███████████▎                                    | 180/765 [00:25<01:36,  6.03it/s]Aggregating:  24%|███████████▍                                    | 183/765 [00:25<01:03,  9.14it/s]Aggregating:  24%|███████████▋                                    | 186/765 [00:26<00:52, 11.01it/s]Aggregating:  25%|███████████▊                                    | 188/765 [00:26<01:23,  6.89it/s]Aggregating:  25%|███████████▉                                    | 190/765 [00:26<01:15,  7.57it/s]Aggregating:  25%|████████████                                    | 192/765 [00:27<01:05,  8.70it/s]Aggregating:  25%|████████████▏                                   | 195/765 [00:27<00:53, 10.75it/s]Aggregating:  26%|████████████▎                                   | 197/765 [00:27<01:22,  6.90it/s]Aggregating:  26%|████████████▍                                   | 199/765 [00:28<01:40,  5.66it/s]Aggregating:  26%|████████████▌                                   | 201/765 [00:28<01:39,  5.65it/s]Aggregating:  27%|████████████▋                                   | 203/765 [00:28<01:30,  6.19it/s]Aggregating:  27%|████████████▊                                   | 204/765 [00:29<01:33,  5.98it/s]Aggregating:  27%|████████████▊                                   | 205/765 [00:29<01:30,  6.20it/s]Aggregating:  27%|████████████▉                                   | 206/765 [00:29<01:28,  6.30it/s]Aggregating:  27%|█████████████                                   | 209/765 [00:29<00:56,  9.89it/s]Aggregating:  28%|█████████████▏                                  | 211/765 [00:30<01:38,  5.63it/s]Aggregating:  28%|█████████████▎                                  | 212/765 [00:30<01:43,  5.35it/s]Aggregating:  28%|█████████████▍                                  | 214/765 [00:30<01:51,  4.95it/s]Aggregating:  28%|█████████████▍                                  | 215/765 [00:31<01:44,  5.26it/s]Aggregating:  28%|█████████████▌                                  | 217/765 [00:31<01:42,  5.36it/s]Aggregating:  29%|█████████████▋                                  | 219/765 [00:31<01:17,  7.08it/s]Aggregating:  29%|█████████████▊                                  | 221/765 [00:31<01:28,  6.16it/s]Aggregating:  29%|█████████████▉                                  | 222/765 [00:32<01:29,  6.09it/s]Aggregating:  29%|█████████████▉                                  | 223/765 [00:32<01:25,  6.34it/s]Aggregating:  29%|██████████████                                  | 224/765 [00:32<01:26,  6.25it/s]Aggregating:  30%|██████████████▏                                 | 226/765 [00:32<01:12,  7.43it/s]Aggregating:  30%|██████████████▏                                 | 227/765 [00:32<01:14,  7.24it/s]Aggregating:  30%|██████████████▎                                 | 229/765 [00:33<01:31,  5.85it/s]Aggregating:  30%|██████████████▍                                 | 230/765 [00:33<01:46,  5.00it/s]Aggregating:  30%|██████████████▍                                 | 231/765 [00:33<01:40,  5.32it/s]Aggregating:  30%|██████████████▌                                 | 232/765 [00:33<01:34,  5.66it/s]Aggregating:  31%|██████████████▋                                 | 234/765 [00:34<01:14,  7.14it/s]Aggregating:  31%|██████████████▋                                 | 235/765 [00:34<02:13,  3.96it/s]Aggregating:  31%|██████████████▊                                 | 237/765 [00:35<02:59,  2.94it/s]Aggregating:  31%|███████████████                                 | 240/765 [00:35<02:07,  4.13it/s]Aggregating:  32%|███████████████                                 | 241/765 [00:36<02:13,  3.92it/s]Aggregating:  32%|███████████████▏                                | 242/765 [00:36<02:13,  3.90it/s]Aggregating:  32%|███████████████▎                                | 245/765 [00:37<01:51,  4.67it/s]Aggregating:  32%|███████████████▍                                | 246/765 [00:37<02:15,  3.82it/s]Aggregating:  32%|███████████████▌                                | 248/765 [00:37<01:38,  5.28it/s]Aggregating:  33%|███████████████▌                                | 249/765 [00:37<01:49,  4.72it/s]Aggregating:  33%|███████████████▋                                | 250/765 [00:38<01:43,  4.96it/s]Aggregating:  33%|███████████████▊                                | 252/765 [00:38<01:15,  6.77it/s]Aggregating:  33%|███████████████▊                                | 253/765 [00:38<01:38,  5.21it/s]Aggregating:  33%|███████████████▉                                | 254/765 [00:39<02:11,  3.89it/s]Aggregating:  34%|████████████████▏                               | 257/765 [00:39<01:32,  5.51it/s]Aggregating:  34%|████████████████▎                               | 259/765 [00:39<01:14,  6.75it/s]Aggregating:  34%|████████████████▍                               | 261/765 [00:39<01:05,  7.73it/s]Aggregating:  34%|████████████████▍                               | 262/765 [00:40<01:59,  4.20it/s]Aggregating:  35%|████████████████▌                               | 264/765 [00:40<01:35,  5.23it/s]Aggregating:  35%|████████████████▋                               | 266/765 [00:40<01:20,  6.18it/s]Aggregating:  35%|████████████████▊                               | 267/765 [00:40<01:22,  6.01it/s]Aggregating:  35%|████████████████▊                               | 268/765 [00:41<01:19,  6.27it/s]Aggregating:  35%|████████████████▉                               | 270/765 [00:41<01:04,  7.64it/s]Aggregating:  36%|█████████████████                               | 272/765 [00:41<01:00,  8.14it/s]Aggregating:  36%|█████████████████▏                              | 273/765 [00:41<01:32,  5.32it/s]Aggregating:  36%|█████████████████▏                              | 274/765 [00:42<01:23,  5.88it/s]Aggregating:  36%|█████████████████▎                              | 275/765 [00:42<01:26,  5.70it/s]Aggregating:  36%|█████████████████▎                              | 276/765 [00:42<01:24,  5.77it/s]Aggregating:  36%|█████████████████▍                              | 277/765 [00:42<01:32,  5.25it/s]Aggregating:  36%|█████████████████▍                              | 278/765 [00:42<01:30,  5.35it/s]Aggregating:  36%|█████████████████▌                              | 279/765 [00:42<01:24,  5.78it/s]Aggregating:  37%|█████████████████▌                              | 280/765 [00:43<01:29,  5.45it/s]Aggregating:  37%|█████████████████▊                              | 283/765 [00:43<01:18,  6.18it/s]Aggregating:  37%|█████████████████▊                              | 284/765 [00:43<01:30,  5.30it/s]Aggregating:  37%|█████████████████▉                              | 285/765 [00:44<01:30,  5.29it/s]Aggregating:  37%|█████████████████▉                              | 286/765 [00:44<01:26,  5.57it/s]Aggregating:  38%|██████████████████                              | 287/765 [00:44<01:23,  5.74it/s]Aggregating:  38%|██████████████████▏                             | 289/765 [00:44<01:02,  7.58it/s]Aggregating:  38%|██████████████████▎                             | 291/765 [00:44<01:06,  7.10it/s]Aggregating:  38%|██████████████████▎                             | 292/765 [00:45<01:24,  5.57it/s]Aggregating:  38%|██████████████████▍                             | 293/765 [00:45<01:16,  6.19it/s]Aggregating:  38%|██████████████████▍                             | 294/765 [00:45<01:10,  6.71it/s]Aggregating:  39%|██████████████████▌                             | 295/765 [00:45<01:23,  5.61it/s]Aggregating:  39%|██████████████████▋                             | 297/765 [00:45<01:01,  7.55it/s]Aggregating:  39%|██████████████████▊                             | 299/765 [00:46<01:13,  6.32it/s]Aggregating:  39%|██████████████████▊                             | 300/765 [00:46<01:44,  4.44it/s]Aggregating:  39%|██████████████████▉                             | 302/765 [00:46<01:24,  5.50it/s]Aggregating:  40%|███████████████████                             | 304/765 [00:47<01:02,  7.36it/s]Aggregating:  40%|███████████████████▏                            | 306/765 [00:47<00:55,  8.20it/s]Aggregating:  40%|███████████████████▎                            | 308/765 [00:47<00:59,  7.63it/s]Aggregating:  41%|███████████████████▍                            | 310/765 [00:47<00:54,  8.42it/s]Aggregating:  41%|███████████████████▌                            | 311/765 [00:47<01:04,  7.00it/s]Aggregating:  41%|███████████████████▋                            | 313/765 [00:48<01:02,  7.19it/s]Aggregating:  41%|███████████████████▋                            | 314/765 [00:48<01:11,  6.30it/s]Aggregating:  41%|███████████████████▊                            | 315/765 [00:48<01:28,  5.07it/s]Aggregating:  41%|███████████████████▊                            | 316/765 [00:49<01:37,  4.59it/s]Aggregating:  41%|███████████████████▉                            | 317/765 [00:49<02:30,  2.97it/s]Aggregating:  42%|████████████████████                            | 319/765 [00:49<01:49,  4.08it/s]Aggregating:  42%|████████████████████                            | 320/765 [00:50<01:47,  4.15it/s]Aggregating:  42%|████████████████████▏                           | 321/765 [00:50<01:38,  4.52it/s]Aggregating:  42%|████████████████████▎                           | 323/765 [00:50<01:17,  5.68it/s]Aggregating:  42%|████████████████████▎                           | 324/765 [00:50<01:33,  4.71it/s]Aggregating:  42%|████████████████████▍                           | 325/765 [00:51<01:58,  3.72it/s]Aggregating:  43%|████████████████████▌                           | 328/765 [00:51<01:31,  4.75it/s]Aggregating:  43%|████████████████████▋                           | 330/765 [00:52<01:21,  5.34it/s]Aggregating:  43%|████████████████████▊                           | 331/765 [00:52<01:16,  5.69it/s]Aggregating:  44%|████████████████████▉                           | 333/765 [00:52<01:11,  6.00it/s]Aggregating:  44%|████████████████████▉                           | 334/765 [00:52<01:15,  5.67it/s]Aggregating:  44%|█████████████████████                           | 336/765 [00:53<01:31,  4.67it/s]Aggregating:  44%|█████████████████████▏                          | 337/765 [00:53<01:22,  5.16it/s]Aggregating:  44%|█████████████████████▎                          | 339/765 [00:53<01:03,  6.70it/s]Aggregating:  44%|█████████████████████▎                          | 340/765 [00:53<01:16,  5.59it/s]Aggregating:  45%|█████████████████████▍                          | 342/765 [00:54<01:02,  6.73it/s]Aggregating:  45%|█████████████████████▌                          | 343/765 [00:54<01:17,  5.46it/s]Aggregating:  45%|█████████████████████▋                          | 345/765 [00:54<01:05,  6.40it/s]Aggregating:  45%|█████████████████████▋                          | 346/765 [00:54<01:00,  6.91it/s]Aggregating:  46%|█████████████████████▉                          | 349/765 [00:54<00:44,  9.34it/s]Aggregating:  46%|██████████████████████                          | 351/765 [00:55<00:51,  8.11it/s]Aggregating:  46%|██████████████████████                          | 352/765 [00:55<00:49,  8.31it/s]Aggregating:  46%|██████████████████████▎                         | 355/765 [00:55<00:47,  8.70it/s]Aggregating:  47%|██████████████████████▍                         | 357/765 [00:55<00:51,  7.91it/s]Aggregating:  47%|██████████████████████▍                         | 358/765 [00:56<01:07,  6.01it/s]Aggregating:  47%|██████████████████████▌                         | 359/765 [00:56<01:14,  5.45it/s]Aggregating:  47%|██████████████████████▋                         | 361/765 [00:56<01:05,  6.16it/s]Aggregating:  47%|██████████████████████▋                         | 362/765 [00:56<01:03,  6.32it/s]Aggregating:  48%|██████████████████████▉                         | 365/765 [00:57<00:45,  8.74it/s]Aggregating:  48%|██████████████████████▉                         | 366/765 [00:57<01:09,  5.74it/s]Aggregating:  48%|███████████████████████                         | 368/765 [00:57<01:04,  6.17it/s]Aggregating:  48%|███████████████████████▎                        | 371/765 [00:58<00:49,  7.90it/s]Aggregating:  49%|███████████████████████▎                        | 372/765 [00:58<00:48,  8.09it/s]Aggregating:  49%|███████████████████████▍                        | 373/765 [00:58<00:58,  6.68it/s]Aggregating:  49%|███████████████████████▌                        | 376/765 [00:58<00:42,  9.22it/s]Aggregating:  49%|███████████████████████▋                        | 378/765 [00:58<00:47,  8.10it/s]Aggregating:  50%|███████████████████████▊                        | 380/765 [00:59<00:40,  9.48it/s]Aggregating:  50%|███████████████████████▉                        | 382/765 [00:59<00:38,  9.84it/s]Aggregating:  50%|████████████████████████                        | 384/765 [00:59<00:42,  8.97it/s]Aggregating:  50%|████████████████████████▏                       | 386/765 [00:59<00:48,  7.76it/s]Aggregating:  51%|████████████████████████▎                       | 387/765 [01:00<01:03,  5.94it/s]Aggregating:  51%|████████████████████████▍                       | 390/765 [01:00<00:42,  8.77it/s]Aggregating:  51%|████████████████████████▌                       | 392/765 [01:00<00:38,  9.74it/s]Aggregating:  52%|████████████████████████▋                       | 394/765 [01:00<00:37,  9.85it/s]Aggregating:  52%|████████████████████████▊                       | 396/765 [01:01<00:49,  7.45it/s]Aggregating:  52%|█████████████████████████                       | 399/765 [01:01<00:39,  9.32it/s]Aggregating:  52%|█████████████████████████▏                      | 401/765 [01:01<00:35, 10.26it/s]Aggregating:  53%|█████████████████████████▎                      | 403/765 [01:01<00:37,  9.62it/s]Aggregating:  53%|█████████████████████████▍                      | 405/765 [01:02<00:46,  7.76it/s]Aggregating:  53%|█████████████████████████▌                      | 407/765 [01:02<00:42,  8.46it/s]Aggregating:  53%|█████████████████████████▌                      | 408/765 [01:02<00:54,  6.52it/s]Aggregating:  53%|█████████████████████████▋                      | 409/765 [01:02<01:01,  5.80it/s]Aggregating:  54%|█████████████████████████▉                      | 413/765 [01:02<00:34, 10.33it/s]Aggregating:  54%|██████████████████████████                      | 415/765 [01:03<00:52,  6.62it/s]Aggregating:  55%|██████████████████████████▏                     | 417/765 [01:03<00:46,  7.42it/s]Aggregating:  55%|██████████████████████████▎                     | 419/765 [01:04<00:49,  6.95it/s]Aggregating:  55%|██████████████████████████▍                     | 421/765 [01:04<00:49,  7.00it/s]Aggregating:  55%|██████████████████████████▍                     | 422/765 [01:05<01:20,  4.27it/s]Aggregating:  55%|██████████████████████████▌                     | 424/765 [01:05<01:12,  4.71it/s]Aggregating:  56%|██████████████████████████▋                     | 425/765 [01:05<01:38,  3.45it/s]Aggregating:  56%|██████████████████████████▊                     | 427/765 [01:06<01:13,  4.60it/s]Aggregating:  56%|██████████████████████████▉                     | 429/765 [01:06<00:54,  6.11it/s]Aggregating:  56%|███████████████████████████                     | 431/765 [01:06<00:47,  7.03it/s]Aggregating:  57%|███████████████████████████▏                    | 433/765 [01:06<00:45,  7.36it/s]Aggregating:  57%|███████████████████████████▏                    | 434/765 [01:07<00:59,  5.58it/s]Aggregating:  57%|███████████████████████████▎                    | 435/765 [01:07<01:00,  5.49it/s]Aggregating:  57%|███████████████████████████▍                    | 437/765 [01:07<00:47,  6.89it/s]Aggregating:  57%|███████████████████████████▍                    | 438/765 [01:07<01:07,  4.83it/s]Aggregating:  57%|███████████████████████████▌                    | 439/765 [01:09<02:30,  2.17it/s]Aggregating:  58%|███████████████████████████▌                    | 440/765 [01:09<02:05,  2.58it/s]Aggregating:  58%|███████████████████████████▋                    | 441/765 [01:09<02:08,  2.52it/s]Aggregating:  58%|███████████████████████████▋                    | 442/765 [01:09<01:46,  3.02it/s]Aggregating:  58%|███████████████████████████▊                    | 443/765 [01:10<01:43,  3.11it/s]Aggregating:  58%|███████████████████████████▊                    | 444/765 [01:10<01:33,  3.42it/s]Aggregating:  58%|███████████████████████████▉                    | 445/765 [01:10<01:31,  3.51it/s]Aggregating:  58%|███████████████████████████▉                    | 446/765 [01:10<01:31,  3.49it/s]Aggregating:  58%|████████████████████████████                    | 447/765 [01:11<01:48,  2.94it/s]Aggregating:  59%|████████████████████████████                    | 448/765 [01:11<01:43,  3.07it/s]Aggregating:  59%|████████████████████████████▏                   | 449/765 [01:11<01:28,  3.57it/s]Aggregating:  59%|████████████████████████████▏                   | 450/765 [01:12<01:15,  4.18it/s]Aggregating:  59%|████████████████████████████▎                   | 451/765 [01:12<01:05,  4.83it/s]Aggregating:  59%|████████████████████████████▎                   | 452/765 [01:13<02:49,  1.85it/s]Aggregating:  59%|████████████████████████████▍                   | 453/765 [01:14<02:47,  1.87it/s]Aggregating:  59%|████████████████████████████▍                   | 454/765 [01:14<02:35,  2.00it/s]Aggregating:  60%|████████████████████████████▌                   | 456/765 [01:14<01:50,  2.80it/s]Aggregating:  60%|████████████████████████████▋                   | 457/765 [01:15<01:50,  2.79it/s]Aggregating:  60%|████████████████████████████▋                   | 458/765 [01:15<02:11,  2.33it/s]Aggregating:  60%|████████████████████████████▊                   | 459/765 [01:15<01:46,  2.86it/s]Aggregating:  60%|████████████████████████████▊                   | 460/765 [01:16<01:31,  3.34it/s]Aggregating:  60%|████████████████████████████▉                   | 461/765 [01:16<01:15,  4.03it/s]Aggregating:  60%|████████████████████████████▉                   | 462/765 [01:17<01:58,  2.56it/s]Aggregating:  61%|█████████████████████████████                   | 463/765 [01:17<01:43,  2.93it/s]Aggregating:  61%|█████████████████████████████                   | 464/765 [01:17<01:46,  2.83it/s]Aggregating:  61%|█████████████████████████████▏                  | 465/765 [01:18<01:56,  2.57it/s]Aggregating:  61%|█████████████████████████████▎                  | 468/765 [01:18<00:58,  5.06it/s]Aggregating:  61%|█████████████████████████████▍                  | 469/765 [01:19<01:35,  3.10it/s]Aggregating:  62%|█████████████████████████████▌                  | 471/765 [01:19<01:06,  4.43it/s]Aggregating:  62%|█████████████████████████████▋                  | 474/765 [01:19<00:41,  6.93it/s]Aggregating:  62%|█████████████████████████████▊                  | 476/765 [01:19<00:42,  6.82it/s]Aggregating:  62%|█████████████████████████████▉                  | 478/765 [01:20<00:51,  5.57it/s]Aggregating:  63%|██████████████████████████████                  | 480/765 [01:20<00:49,  5.78it/s]Aggregating:  63%|██████████████████████████████▏                 | 481/765 [01:20<00:51,  5.50it/s]Aggregating:  63%|██████████████████████████████▏                 | 482/765 [01:20<00:57,  4.92it/s]Aggregating:  63%|██████████████████████████████▎                 | 484/765 [01:21<01:18,  3.56it/s]Aggregating:  63%|██████████████████████████████▍                 | 485/765 [01:21<01:09,  4.05it/s]Aggregating:  64%|██████████████████████████████▌                 | 487/765 [01:22<00:51,  5.40it/s]Aggregating:  64%|██████████████████████████████▌                 | 488/765 [01:22<00:46,  5.97it/s]Aggregating:  64%|██████████████████████████████▋                 | 490/765 [01:22<01:05,  4.19it/s]Aggregating:  64%|██████████████████████████████▊                 | 492/765 [01:23<00:50,  5.41it/s]Aggregating:  64%|██████████████████████████████▉                 | 493/765 [01:23<00:49,  5.47it/s]Aggregating:  65%|██████████████████████████████▉                 | 494/765 [01:23<00:47,  5.69it/s]Aggregating:  65%|███████████████████████████████                 | 495/765 [01:23<00:44,  6.06it/s]Aggregating:  65%|███████████████████████████████                 | 496/765 [01:23<00:40,  6.71it/s]Aggregating:  65%|███████████████████████████████▏                | 497/765 [01:23<00:43,  6.12it/s]Aggregating:  65%|███████████████████████████████▏                | 498/765 [01:24<01:28,  3.02it/s]Aggregating:  65%|███████████████████████████████▎                | 500/765 [01:25<01:23,  3.17it/s]Aggregating:  66%|███████████████████████████████▍                | 502/765 [01:25<01:05,  4.04it/s]Aggregating:  66%|███████████████████████████████▌                | 504/765 [01:25<00:49,  5.26it/s]Aggregating:  66%|███████████████████████████████▋                | 505/765 [01:25<00:46,  5.60it/s]Aggregating:  66%|███████████████████████████████▊                | 507/765 [01:26<00:42,  6.07it/s]Aggregating:  67%|████████████████████████████████                | 510/765 [01:26<00:29,  8.73it/s]Aggregating:  67%|████████████████████████████████▏               | 513/765 [01:26<00:21, 11.57it/s]Aggregating:  67%|████████████████████████████████▎               | 515/765 [01:26<00:37,  6.72it/s]Aggregating:  68%|████████████████████████████████▍               | 517/765 [01:27<00:31,  7.89it/s]Aggregating:  68%|████████████████████████████████▌               | 519/765 [01:27<00:31,  7.79it/s]Aggregating:  68%|████████████████████████████████▊               | 522/765 [01:27<00:23, 10.51it/s]Aggregating:  68%|████████████████████████████████▉               | 524/765 [01:27<00:27,  8.87it/s]Aggregating:  69%|█████████████████████████████████               | 526/765 [01:28<00:40,  5.95it/s]Aggregating:  69%|█████████████████████████████████               | 527/765 [01:28<00:37,  6.29it/s]Aggregating:  69%|█████████████████████████████████▏              | 529/765 [01:28<00:31,  7.38it/s]Aggregating:  69%|█████████████████████████████████▎              | 531/765 [01:28<00:30,  7.71it/s]Aggregating:  70%|█████████████████████████████████▍              | 532/765 [01:29<00:35,  6.53it/s]Aggregating:  70%|█████████████████████████████████▍              | 533/765 [01:29<00:34,  6.64it/s]Aggregating:  70%|█████████████████████████████████▌              | 535/765 [01:29<00:27,  8.23it/s]Aggregating:  70%|█████████████████████████████████▊              | 539/765 [01:29<00:20, 11.18it/s]Aggregating:  71%|█████████████████████████████████▉              | 541/765 [01:29<00:22,  9.83it/s]Aggregating:  71%|██████████████████████████████████              | 543/765 [01:30<00:27,  7.94it/s]Aggregating:  71%|██████████████████████████████████▏             | 545/765 [01:30<00:34,  6.44it/s]Aggregating:  71%|██████████████████████████████████▎             | 546/765 [01:31<00:42,  5.15it/s]Aggregating:  72%|██████████████████████████████████▍             | 548/765 [01:31<00:34,  6.34it/s]Aggregating:  72%|██████████████████████████████████▌             | 550/765 [01:31<00:35,  5.98it/s]Aggregating:  72%|██████████████████████████████████▌             | 551/765 [01:31<00:38,  5.60it/s]Aggregating:  72%|██████████████████████████████████▋             | 553/765 [01:32<00:31,  6.79it/s]Aggregating:  72%|██████████████████████████████████▊             | 554/765 [01:32<00:29,  7.06it/s]Aggregating:  73%|██████████████████████████████████▊             | 555/765 [01:32<00:28,  7.33it/s]Aggregating:  73%|██████████████████████████████████▉             | 556/765 [01:32<00:26,  7.80it/s]Aggregating:  73%|██████████████████████████████████▉             | 557/765 [01:32<00:35,  5.81it/s]Aggregating:  73%|███████████████████████████████████             | 559/765 [01:32<00:24,  8.27it/s]Aggregating:  73%|███████████████████████████████████▏            | 561/765 [01:33<00:31,  6.57it/s]Aggregating:  73%|███████████████████████████████████▎            | 562/765 [01:33<00:41,  4.87it/s]Aggregating:  74%|███████████████████████████████████▎            | 563/765 [01:34<00:58,  3.48it/s]Aggregating:  74%|███████████████████████████████████▍            | 564/765 [01:34<00:50,  3.95it/s]Aggregating:  74%|███████████████████████████████████▍            | 565/765 [01:34<00:51,  3.90it/s]Aggregating:  74%|███████████████████████████████████▌            | 567/765 [01:34<00:42,  4.61it/s]Aggregating:  74%|███████████████████████████████████▋            | 569/765 [01:35<00:34,  5.66it/s]Aggregating:  75%|███████████████████████████████████▉            | 572/765 [01:35<00:22,  8.71it/s]Aggregating:  75%|████████████████████████████████████▏           | 576/765 [01:35<00:19,  9.86it/s]Aggregating:  76%|████████████████████████████████████▎           | 578/765 [01:35<00:21,  8.68it/s]Aggregating:  76%|████████████████████████████████████▍           | 580/765 [01:36<00:23,  7.79it/s]Aggregating:  76%|████████████████████████████████████▍           | 581/765 [01:36<00:28,  6.36it/s]Aggregating:  76%|████████████████████████████████████▌           | 583/765 [01:36<00:29,  6.20it/s]Aggregating:  76%|████████████████████████████████████▋           | 584/765 [01:37<00:29,  6.24it/s]Aggregating:  76%|████████████████████████████████████▋           | 585/765 [01:37<00:36,  4.92it/s]Aggregating:  77%|████████████████████████████████████▊           | 586/765 [01:37<00:32,  5.51it/s]Aggregating:  77%|████████████████████████████████████▊           | 587/765 [01:37<00:30,  5.77it/s]Aggregating:  77%|████████████████████████████████████▉           | 588/765 [01:37<00:31,  5.57it/s]Aggregating:  77%|█████████████████████████████████████           | 590/765 [01:38<00:30,  5.73it/s]Aggregating:  77%|█████████████████████████████████████▏          | 592/765 [01:38<00:25,  6.81it/s]Aggregating:  78%|█████████████████████████████████████▎          | 594/765 [01:38<00:24,  6.95it/s]Aggregating:  78%|█████████████████████████████████████▎          | 595/765 [01:38<00:23,  7.14it/s]Aggregating:  78%|█████████████████████████████████████▍          | 596/765 [01:39<00:24,  6.82it/s]Aggregating:  78%|█████████████████████████████████████▍          | 597/765 [01:39<00:25,  6.58it/s]Aggregating:  78%|█████████████████████████████████████▌          | 599/765 [01:39<00:31,  5.31it/s]Aggregating:  78%|█████████████████████████████████████▋          | 600/765 [01:40<00:41,  3.99it/s]Aggregating:  79%|█████████████████████████████████████▋          | 601/765 [01:40<00:41,  3.99it/s]Aggregating:  79%|█████████████████████████████████████▊          | 602/765 [01:40<00:46,  3.51it/s]Aggregating:  79%|█████████████████████████████████████▊          | 603/765 [01:41<00:47,  3.40it/s]Aggregating:  79%|█████████████████████████████████████▉          | 604/765 [01:41<00:59,  2.70it/s]Aggregating:  79%|██████████████████████████████████████▏         | 608/765 [01:41<00:27,  5.75it/s]Aggregating:  80%|██████████████████████████████████████▎         | 610/765 [01:42<00:22,  6.96it/s]Aggregating:  80%|██████████████████████████████████████▍         | 613/765 [01:42<00:19,  7.82it/s]Aggregating:  80%|██████████████████████████████████████▌         | 614/765 [01:42<00:24,  6.20it/s]Aggregating:  81%|██████████████████████████████████████▋         | 616/765 [01:42<00:20,  7.33it/s]Aggregating:  81%|██████████████████████████████████████▊         | 618/765 [01:43<00:33,  4.45it/s]Aggregating:  81%|██████████████████████████████████████▊         | 619/765 [01:44<00:35,  4.15it/s]Aggregating:  81%|██████████████████████████████████████▉         | 620/765 [01:44<00:35,  4.13it/s]Aggregating:  81%|██████████████████████████████████████▉         | 621/765 [01:44<00:41,  3.43it/s]Aggregating:  82%|███████████████████████████████████████▏        | 624/765 [01:44<00:24,  5.76it/s]Aggregating:  82%|███████████████████████████████████████▏        | 625/765 [01:45<00:23,  5.85it/s]Aggregating:  82%|███████████████████████████████████████▎        | 627/765 [01:45<00:18,  7.52it/s]Aggregating:  82%|███████████████████████████████████████▍        | 629/765 [01:45<00:14,  9.23it/s]Aggregating:  82%|███████████████████████████████████████▌        | 631/765 [01:45<00:14,  9.42it/s]Aggregating:  83%|███████████████████████████████████████▋        | 633/765 [01:45<00:20,  6.60it/s]Aggregating:  83%|███████████████████████████████████████▊        | 634/765 [01:46<00:20,  6.35it/s]Aggregating:  83%|███████████████████████████████████████▊        | 635/765 [01:46<00:34,  3.74it/s]Aggregating:  83%|███████████████████████████████████████▉        | 637/765 [01:47<00:27,  4.59it/s]Aggregating:  84%|████████████████████████████████████████▏       | 640/765 [01:47<00:19,  6.41it/s]Aggregating:  84%|████████████████████████████████████████▏       | 641/765 [01:47<00:18,  6.82it/s]Aggregating:  84%|████████████████████████████████████████▍       | 644/765 [01:47<00:15,  7.61it/s]Aggregating:  85%|████████████████████████████████████████▌       | 647/765 [01:48<00:14,  7.98it/s]Aggregating:  85%|████████████████████████████████████████▋       | 649/765 [01:48<00:13,  8.36it/s]Aggregating:  85%|████████████████████████████████████████▊       | 650/765 [01:48<00:13,  8.57it/s]Aggregating:  85%|████████████████████████████████████████▉       | 652/765 [01:48<00:11,  9.70it/s]Aggregating:  85%|█████████████████████████████████████████       | 654/765 [01:48<00:13,  8.53it/s]Aggregating:  86%|█████████████████████████████████████████       | 655/765 [01:49<00:13,  8.03it/s]Aggregating:  86%|█████████████████████████████████████████▏      | 656/765 [01:49<00:13,  8.29it/s]Aggregating:  86%|█████████████████████████████████████████▏      | 657/765 [01:49<00:14,  7.53it/s]Aggregating:  86%|█████████████████████████████████████████▍      | 661/765 [01:49<00:12,  8.23it/s]Aggregating:  87%|█████████████████████████████████████████▌      | 662/765 [01:49<00:12,  8.19it/s]Aggregating:  87%|█████████████████████████████████████████▌      | 663/765 [01:50<00:30,  3.37it/s]Aggregating:  87%|█████████████████████████████████████████▋      | 664/765 [01:51<00:25,  3.93it/s]Aggregating:  87%|█████████████████████████████████████████▊      | 667/765 [01:51<00:17,  5.73it/s]Aggregating:  87%|█████████████████████████████████████████▉      | 669/765 [01:51<00:13,  7.25it/s]Aggregating:  88%|██████████████████████████████████████████      | 671/765 [01:51<00:12,  7.54it/s]Aggregating:  88%|██████████████████████████████████████████▏     | 673/765 [01:51<00:10,  8.40it/s]Aggregating:  88%|██████████████████████████████████████████▎     | 675/765 [01:52<00:11,  8.05it/s]Aggregating:  88%|██████████████████████████████████████████▍     | 676/765 [01:52<00:12,  7.37it/s]Aggregating:  88%|██████████████████████████████████████████▍     | 677/765 [01:52<00:11,  7.42it/s]Aggregating:  89%|██████████████████████████████████████████▋     | 680/765 [01:52<00:08,  9.97it/s]Aggregating:  89%|██████████████████████████████████████████▊     | 682/765 [01:53<00:14,  5.66it/s]Aggregating:  89%|██████████████████████████████████████████▊     | 683/765 [01:53<00:17,  4.66it/s]Aggregating:  89%|██████████████████████████████████████████▉     | 684/765 [01:53<00:17,  4.69it/s]Aggregating:  90%|██████████████████████████████████████████▉     | 685/765 [01:54<00:18,  4.38it/s]Aggregating:  90%|███████████████████████████████████████████▏    | 689/765 [01:54<00:08,  8.45it/s]Aggregating:  90%|███████████████████████████████████████████▎    | 691/765 [01:54<00:09,  7.55it/s]Aggregating:  91%|███████████████████████████████████████████▍    | 693/765 [01:55<00:11,  6.50it/s]Aggregating:  91%|███████████████████████████████████████████▌    | 695/765 [01:55<00:12,  5.43it/s]Aggregating:  91%|███████████████████████████████████████████▋    | 696/765 [01:55<00:11,  5.78it/s]Aggregating:  91%|███████████████████████████████████████████▋    | 697/765 [01:56<00:14,  4.61it/s]Aggregating:  91%|███████████████████████████████████████████▊    | 698/765 [01:56<00:19,  3.52it/s]Aggregating:  91%|███████████████████████████████████████████▊    | 699/765 [01:56<00:18,  3.62it/s]Aggregating:  92%|███████████████████████████████████████████▉    | 700/765 [01:57<00:16,  3.89it/s]Aggregating:  92%|████████████████████████████████████████████    | 702/765 [01:57<00:12,  4.87it/s]Aggregating:  92%|████████████████████████████████████████████▏   | 704/765 [01:57<00:10,  6.03it/s]Aggregating:  92%|████████████████████████████████████████████▎   | 706/765 [01:57<00:08,  7.31it/s]Aggregating:  92%|████████████████████████████████████████████▎   | 707/765 [01:57<00:09,  6.19it/s]Aggregating:  93%|████████████████████████████████████████████▍   | 709/765 [01:58<00:06,  8.23it/s]Aggregating:  93%|████████████████████████████████████████████▌   | 711/765 [01:58<00:06,  7.95it/s]Aggregating:  93%|████████████████████████████████████████████▋   | 713/765 [01:58<00:05,  8.83it/s]Aggregating:  93%|████████████████████████████████████████████▊   | 715/765 [01:59<00:08,  6.18it/s]Aggregating:  94%|████████████████████████████████████████████▉   | 717/765 [01:59<00:07,  6.43it/s]Aggregating:  94%|█████████████████████████████████████████████▏  | 720/765 [01:59<00:05,  8.88it/s]Aggregating:  94%|█████████████████████████████████████████████▎  | 722/765 [01:59<00:04,  9.06it/s]Aggregating:  95%|█████████████████████████████████████████████▍  | 724/765 [01:59<00:04, 10.02it/s]Aggregating:  95%|█████████████████████████████████████████████▌  | 726/765 [01:59<00:03, 10.63it/s]Aggregating:  95%|█████████████████████████████████████████████▋  | 728/765 [02:00<00:04,  8.79it/s]Aggregating:  95%|█████████████████████████████████████████████▊  | 730/765 [02:00<00:04,  7.34it/s]Aggregating:  96%|█████████████████████████████████████████████▉  | 732/765 [02:00<00:03,  8.70it/s]Aggregating:  96%|██████████████████████████████████████████████  | 734/765 [02:00<00:03, 10.23it/s]Aggregating:  96%|██████████████████████████████████████████████▏ | 736/765 [02:01<00:03,  8.41it/s]Aggregating:  96%|██████████████████████████████████████████████▎ | 738/765 [02:01<00:04,  6.49it/s]Aggregating:  97%|██████████████████████████████████████████████▎ | 739/765 [02:02<00:05,  4.84it/s]Aggregating:  97%|██████████████████████████████████████████████▍ | 741/765 [02:02<00:04,  5.93it/s]Aggregating:  97%|██████████████████████████████████████████████▌ | 742/765 [02:02<00:04,  5.63it/s]Aggregating:  97%|██████████████████████████████████████████████▋ | 744/765 [02:02<00:02,  7.25it/s]Aggregating:  97%|██████████████████████████████████████████████▋ | 745/765 [02:02<00:03,  6.04it/s]Aggregating:  98%|██████████████████████████████████████████████▉ | 749/765 [02:03<00:01,  9.14it/s]Aggregating:  98%|███████████████████████████████████████████████ | 751/765 [02:03<00:01, 10.55it/s]Aggregating:  98%|███████████████████████████████████████████████▏| 753/765 [02:03<00:01, 10.67it/s]Aggregating:  99%|███████████████████████████████████████████████▎| 755/765 [02:03<00:01,  8.62it/s]Aggregating:  99%|███████████████████████████████████████████████▍| 757/765 [02:04<00:00,  8.79it/s]Aggregating:  99%|███████████████████████████████████████████████▌| 758/765 [02:04<00:01,  5.31it/s]Aggregating:  99%|███████████████████████████████████████████████▌| 759/765 [02:04<00:01,  5.21it/s]Aggregating:  99%|███████████████████████████████████████████████▋| 760/765 [02:05<00:01,  2.73it/s]Aggregating:  99%|███████████████████████████████████████████████▋| 761/765 [02:06<00:01,  2.51it/s]Aggregating: 100%|███████████████████████████████████████████████▊| 763/765 [02:07<00:00,  2.16it/s]Aggregating: 100%|███████████████████████████████████████████████▉| 764/765 [02:10<00:00,  1.04it/s]Aggregating: 100%|████████████████████████████████████████████████| 765/765 [02:11<00:00,  1.16s/it]Aggregating: 100%|████████████████████████████████████████████████| 765/765 [02:11<00:00,  5.80it/s]

======================================================================
🎉 处理完毕！成功聚合 765/765 个查询。输出至: /home/wangshuo/projects/PROXY/datasets/amazon/results/aggregated_results_count
======================================================================

[Step 2/2] 正在执行 COUNT 模式的分层重要性采样实验 (POSSA)...

========== 启动采样评估 [amazon | COUNT] ==========
[*] 执行的方法集合: ['8_POSSA']
[*] 输出文件路径: /home/wangshuo/projects/PROXY/datasets/amazon/results/efficiency/allocation_strategy_comparison_count.csv
Sampling (amazon-count):   0%|          | 0/765 [00:00<?, ?it/s]Sampling (amazon-count):   0%|          | 2/765 [00:02<17:08,  1.35s/it]Sampling (amazon-count):   1%|          | 7/765 [00:03<04:23,  2.88it/s]Sampling (amazon-count):   1%|          | 8/765 [00:03<03:51,  3.27it/s]Sampling (amazon-count):   2%|▏         | 13/765 [00:03<01:48,  6.91it/s]Sampling (amazon-count):   2%|▏         | 16/765 [00:03<01:22,  9.10it/s]Sampling (amazon-count):   2%|▏         | 19/765 [00:05<03:27,  3.60it/s]Sampling (amazon-count):   3%|▎         | 21/765 [00:05<03:27,  3.59it/s]Sampling (amazon-count):   3%|▎         | 26/765 [00:06<02:03,  5.97it/s]Sampling (amazon-count):   4%|▎         | 28/765 [00:06<01:50,  6.69it/s]Sampling (amazon-count):   4%|▍         | 32/765 [00:06<01:18,  9.29it/s]Sampling (amazon-count):   4%|▍         | 34/765 [00:07<02:03,  5.93it/s]Sampling (amazon-count):   5%|▍         | 36/765 [00:08<03:09,  3.85it/s]Sampling (amazon-count):   5%|▍         | 38/765 [00:08<03:14,  3.74it/s]Sampling (amazon-count):   6%|▌         | 43/765 [00:08<01:50,  6.53it/s]Sampling (amazon-count):   6%|▌         | 45/765 [00:09<01:43,  6.93it/s]Sampling (amazon-count):   6%|▋         | 48/765 [00:09<01:22,  8.73it/s]Sampling (amazon-count):   7%|▋         | 50/765 [00:09<01:31,  7.83it/s]Sampling (amazon-count):   7%|▋         | 52/765 [00:10<02:17,  5.17it/s]Sampling (amazon-count):   7%|▋         | 54/765 [00:11<02:34,  4.61it/s]Sampling (amazon-count):   7%|▋         | 55/765 [00:11<03:01,  3.92it/s]Sampling (amazon-count):   7%|▋         | 57/765 [00:11<02:44,  4.31it/s]Sampling (amazon-count):   8%|▊         | 62/765 [00:11<01:26,  8.17it/s]Sampling (amazon-count):   8%|▊         | 64/765 [00:12<01:29,  7.81it/s]Sampling (amazon-count):   9%|▊         | 66/765 [00:12<01:23,  8.42it/s]Sampling (amazon-count):   9%|▉         | 68/765 [00:12<01:24,  8.21it/s]Sampling (amazon-count):   9%|▉         | 70/765 [00:13<02:00,  5.79it/s]Sampling (amazon-count):   9%|▉         | 72/765 [00:13<02:18,  5.00it/s]Sampling (amazon-count):  10%|▉         | 74/765 [00:14<01:59,  5.76it/s]Sampling (amazon-count):  10%|▉         | 75/765 [00:14<03:03,  3.77it/s]Sampling (amazon-count):  10%|█         | 78/765 [00:14<01:57,  5.82it/s]Sampling (amazon-count):  11%|█         | 81/765 [00:15<01:23,  8.22it/s]Sampling (amazon-count):  11%|█         | 83/765 [00:15<01:19,  8.56it/s]Sampling (amazon-count):  11%|█         | 85/765 [00:16<02:19,  4.89it/s]Sampling (amazon-count):  11%|█▏        | 87/765 [00:16<01:58,  5.74it/s]Sampling (amazon-count):  12%|█▏        | 89/765 [00:16<02:22,  4.75it/s]Sampling (amazon-count):  12%|█▏        | 90/765 [00:17<02:30,  4.49it/s]Sampling (amazon-count):  12%|█▏        | 91/765 [00:17<02:50,  3.95it/s]Sampling (amazon-count):  12%|█▏        | 92/765 [00:17<02:47,  4.03it/s]Sampling (amazon-count):  12%|█▏        | 93/765 [00:17<02:24,  4.64it/s]Sampling (amazon-count):  13%|█▎        | 97/765 [00:18<01:15,  8.79it/s]Sampling (amazon-count):  13%|█▎        | 100/765 [00:18<00:55, 11.92it/s]Sampling (amazon-count):  13%|█▎        | 102/765 [00:19<02:03,  5.35it/s]Sampling (amazon-count):  14%|█▎        | 104/765 [00:19<02:02,  5.39it/s]Sampling (amazon-count):  14%|█▍        | 106/765 [00:19<02:01,  5.40it/s]Sampling (amazon-count):  14%|█▍        | 107/765 [00:20<02:10,  5.03it/s]Sampling (amazon-count):  14%|█▍        | 108/765 [00:20<02:05,  5.23it/s]Sampling (amazon-count):  14%|█▍        | 109/765 [00:20<02:24,  4.55it/s]Sampling (amazon-count):  14%|█▍        | 110/765 [00:20<02:10,  5.02it/s]Sampling (amazon-count):  15%|█▍        | 113/765 [00:20<01:17,  8.43it/s]Sampling (amazon-count):  15%|█▌        | 115/765 [00:20<01:05,  9.99it/s]Sampling (amazon-count):  15%|█▌        | 117/765 [00:21<00:58, 10.98it/s]Sampling (amazon-count):  16%|█▌        | 119/765 [00:21<02:07,  5.06it/s]Sampling (amazon-count):  16%|█▌        | 121/765 [00:22<01:51,  5.80it/s]Sampling (amazon-count):  16%|█▌        | 123/765 [00:23<02:43,  3.92it/s]Sampling (amazon-count):  16%|█▋        | 125/765 [00:23<02:09,  4.93it/s]Sampling (amazon-count):  17%|█▋        | 127/765 [00:23<01:49,  5.82it/s]Sampling (amazon-count):  17%|█▋        | 129/765 [00:23<01:41,  6.29it/s]Sampling (amazon-count):  17%|█▋        | 131/765 [00:23<01:29,  7.07it/s]Sampling (amazon-count):  17%|█▋        | 132/765 [00:24<01:42,  6.17it/s]Sampling (amazon-count):  18%|█▊        | 134/765 [00:24<01:38,  6.44it/s]Sampling (amazon-count):  18%|█▊        | 135/765 [00:24<02:12,  4.75it/s]Sampling (amazon-count):  18%|█▊        | 136/765 [00:25<02:00,  5.21it/s]Sampling (amazon-count):  18%|█▊        | 137/765 [00:25<02:15,  4.62it/s]Sampling (amazon-count):  18%|█▊        | 138/765 [00:25<02:42,  3.86it/s]Sampling (amazon-count):  18%|█▊        | 139/765 [00:26<02:52,  3.63it/s]Sampling (amazon-count):  19%|█▊        | 142/765 [00:26<01:33,  6.69it/s]Sampling (amazon-count):  19%|█▉        | 144/765 [00:26<01:27,  7.11it/s]Sampling (amazon-count):  19%|█▉        | 145/765 [00:26<01:41,  6.12it/s]Sampling (amazon-count):  19%|█▉        | 148/765 [00:27<01:38,  6.24it/s]Sampling (amazon-count):  20%|█▉        | 152/765 [00:27<01:01,  9.97it/s]Sampling (amazon-count):  20%|██        | 156/765 [00:27<01:03,  9.63it/s]Sampling (amazon-count):  21%|██        | 158/765 [00:27<00:56, 10.72it/s]Sampling (amazon-count):  21%|██        | 160/765 [00:28<00:59, 10.24it/s]Sampling (amazon-count):  21%|██        | 162/765 [00:28<00:54, 11.08it/s]Sampling (amazon-count):  21%|██▏       | 164/765 [00:28<00:48, 12.38it/s]Sampling (amazon-count):  22%|██▏       | 166/765 [00:28<01:09,  8.57it/s]Sampling (amazon-count):  22%|██▏       | 169/765 [00:28<00:52, 11.38it/s]Sampling (amazon-count):  22%|██▏       | 171/765 [00:29<01:07,  8.82it/s]Sampling (amazon-count):  23%|██▎       | 173/765 [00:29<01:33,  6.34it/s]Sampling (amazon-count):  23%|██▎       | 175/765 [00:29<01:27,  6.73it/s]Sampling (amazon-count):  23%|██▎       | 177/765 [00:30<01:12,  8.06it/s]Sampling (amazon-count):  23%|██▎       | 179/765 [00:30<01:05,  9.00it/s]Sampling (amazon-count):  24%|██▎       | 181/765 [00:30<01:39,  5.87it/s]Sampling (amazon-count):  24%|██▍       | 182/765 [00:31<01:36,  6.06it/s]Sampling (amazon-count):  24%|██▍       | 183/765 [00:31<01:35,  6.12it/s]Sampling (amazon-count):  24%|██▍       | 185/765 [00:31<01:18,  7.43it/s]Sampling (amazon-count):  24%|██▍       | 186/765 [00:31<01:20,  7.16it/s]Sampling (amazon-count):  24%|██▍       | 187/765 [00:31<01:56,  4.97it/s]Sampling (amazon-count):  25%|██▍       | 189/765 [00:32<01:22,  6.94it/s]Sampling (amazon-count):  25%|██▍       | 191/765 [00:32<01:08,  8.35it/s]Sampling (amazon-count):  25%|██▌       | 193/765 [00:32<01:17,  7.33it/s]Sampling (amazon-count):  25%|██▌       | 194/765 [00:32<01:31,  6.26it/s]Sampling (amazon-count):  26%|██▌       | 196/765 [00:32<01:15,  7.52it/s]Sampling (amazon-count):  26%|██▌       | 198/765 [00:33<01:15,  7.54it/s]Sampling (amazon-count):  26%|██▌       | 200/765 [00:33<01:34,  6.01it/s]Sampling (amazon-count):  27%|██▋       | 203/765 [00:34<01:37,  5.75it/s]Sampling (amazon-count):  27%|██▋       | 204/765 [00:34<01:57,  4.78it/s]Sampling (amazon-count):  27%|██▋       | 207/765 [00:34<01:25,  6.52it/s]Sampling (amazon-count):  27%|██▋       | 208/765 [00:34<01:20,  6.90it/s]Sampling (amazon-count):  27%|██▋       | 210/765 [00:35<01:11,  7.77it/s]Sampling (amazon-count):  28%|██▊       | 211/765 [00:35<01:15,  7.36it/s]Sampling (amazon-count):  28%|██▊       | 212/765 [00:35<01:28,  6.27it/s]Sampling (amazon-count):  28%|██▊       | 213/765 [00:35<01:31,  6.04it/s]Sampling (amazon-count):  28%|██▊       | 214/765 [00:35<01:24,  6.56it/s]Sampling (amazon-count):  28%|██▊       | 217/765 [00:36<01:15,  7.22it/s]Sampling (amazon-count):  28%|██▊       | 218/765 [00:36<01:25,  6.39it/s]Sampling (amazon-count):  29%|██▉       | 220/765 [00:36<01:29,  6.07it/s]Sampling (amazon-count):  29%|██▉       | 222/765 [00:37<01:33,  5.84it/s]Sampling (amazon-count):  29%|██▉       | 223/765 [00:37<01:44,  5.16it/s]Sampling (amazon-count):  29%|██▉       | 225/765 [00:37<01:30,  5.94it/s]Sampling (amazon-count):  30%|██▉       | 226/765 [00:37<01:33,  5.77it/s]Sampling (amazon-count):  30%|██▉       | 227/765 [00:38<02:03,  4.37it/s]Sampling (amazon-count):  30%|██▉       | 228/765 [00:38<01:50,  4.88it/s]Sampling (amazon-count):  30%|██▉       | 229/765 [00:38<01:51,  4.79it/s]Sampling (amazon-count):  30%|███       | 230/765 [00:38<01:37,  5.49it/s]Sampling (amazon-count):  30%|███       | 231/765 [00:39<02:43,  3.27it/s]Sampling (amazon-count):  30%|███       | 232/765 [00:39<02:24,  3.68it/s]Sampling (amazon-count):  30%|███       | 233/765 [00:39<02:36,  3.40it/s]Sampling (amazon-count):  31%|███       | 234/765 [00:40<02:24,  3.66it/s]Sampling (amazon-count):  31%|███       | 236/765 [00:40<01:44,  5.07it/s]Sampling (amazon-count):  31%|███       | 237/765 [00:40<01:44,  5.07it/s]Sampling (amazon-count):  31%|███       | 239/765 [00:41<02:04,  4.23it/s]Sampling (amazon-count):  32%|███▏      | 241/765 [00:41<01:39,  5.25it/s]Sampling (amazon-count):  32%|███▏      | 242/765 [00:41<01:32,  5.65it/s]Sampling (amazon-count):  32%|███▏      | 243/765 [00:42<02:26,  3.57it/s]Sampling (amazon-count):  32%|███▏      | 244/765 [00:42<02:08,  4.06it/s]Sampling (amazon-count):  32%|███▏      | 245/765 [00:42<01:56,  4.45it/s]Sampling (amazon-count):  32%|███▏      | 246/765 [00:42<02:05,  4.14it/s]Sampling (amazon-count):  32%|███▏      | 247/765 [00:43<02:37,  3.29it/s]Sampling (amazon-count):  32%|███▏      | 248/765 [00:43<02:15,  3.80it/s]Sampling (amazon-count):  33%|███▎      | 249/765 [00:43<01:59,  4.33it/s]Sampling (amazon-count):  33%|███▎      | 250/765 [00:44<02:54,  2.95it/s]Sampling (amazon-count):  33%|███▎      | 251/765 [00:44<02:44,  3.13it/s]Sampling (amazon-count):  33%|███▎      | 252/765 [00:44<02:12,  3.86it/s]Sampling (amazon-count):  33%|███▎      | 253/765 [00:44<02:08,  3.97it/s]Sampling (amazon-count):  33%|███▎      | 254/765 [00:44<01:46,  4.79it/s]Sampling (amazon-count):  33%|███▎      | 255/765 [00:45<02:17,  3.70it/s]Sampling (amazon-count):  33%|███▎      | 256/765 [00:45<02:11,  3.87it/s]Sampling (amazon-count):  34%|███▎      | 258/765 [00:45<01:40,  5.04it/s]Sampling (amazon-count):  34%|███▍      | 260/765 [00:46<01:30,  5.60it/s]Sampling (amazon-count):  34%|███▍      | 261/765 [00:46<01:23,  6.06it/s]Sampling (amazon-count):  34%|███▍      | 263/765 [00:46<01:15,  6.67it/s]Sampling (amazon-count):  35%|███▍      | 264/765 [00:46<01:41,  4.92it/s]Sampling (amazon-count):  35%|███▍      | 266/765 [00:47<01:22,  6.04it/s]Sampling (amazon-count):  35%|███▍      | 267/765 [00:47<01:16,  6.53it/s]Sampling (amazon-count):  35%|███▌      | 269/765 [00:47<01:06,  7.49it/s]Sampling (amazon-count):  35%|███▌      | 271/765 [00:47<00:59,  8.35it/s]Sampling (amazon-count):  36%|███▌      | 272/765 [00:47<01:09,  7.11it/s]Sampling (amazon-count):  36%|███▌      | 273/765 [00:48<01:25,  5.76it/s]Sampling (amazon-count):  36%|███▌      | 275/765 [00:48<01:17,  6.34it/s]Sampling (amazon-count):  36%|███▌      | 276/765 [00:48<01:22,  5.93it/s]Sampling (amazon-count):  36%|███▌      | 277/765 [00:48<01:27,  5.61it/s]Sampling (amazon-count):  36%|███▋      | 278/765 [00:48<01:32,  5.27it/s]Sampling (amazon-count):  37%|███▋      | 280/765 [00:49<01:23,  5.80it/s]Sampling (amazon-count):  37%|███▋      | 281/765 [00:49<01:25,  5.68it/s]Sampling (amazon-count):  37%|███▋      | 282/765 [00:49<01:45,  4.58it/s]Sampling (amazon-count):  37%|███▋      | 283/765 [00:49<01:39,  4.83it/s]Sampling (amazon-count):  37%|███▋      | 284/765 [00:50<01:44,  4.62it/s]Sampling (amazon-count):  37%|███▋      | 285/765 [00:50<01:46,  4.50it/s]Sampling (amazon-count):  37%|███▋      | 286/765 [00:50<02:00,  3.98it/s]Sampling (amazon-count):  38%|███▊      | 288/765 [00:50<01:21,  5.84it/s]Sampling (amazon-count):  38%|███▊      | 289/765 [00:51<01:21,  5.81it/s]Sampling (amazon-count):  38%|███▊      | 291/765 [00:51<01:25,  5.57it/s]Sampling (amazon-count):  38%|███▊      | 294/765 [00:51<00:53,  8.89it/s]Sampling (amazon-count):  39%|███▊      | 296/765 [00:51<00:54,  8.68it/s]Sampling (amazon-count):  39%|███▉      | 298/765 [00:51<00:48,  9.71it/s]Sampling (amazon-count):  39%|███▉      | 300/765 [00:52<01:04,  7.26it/s]Sampling (amazon-count):  40%|███▉      | 303/765 [00:52<00:46,  9.97it/s]Sampling (amazon-count):  40%|███▉      | 305/765 [00:52<00:53,  8.55it/s]Sampling (amazon-count):  40%|████      | 308/765 [00:53<00:44, 10.24it/s]Sampling (amazon-count):  41%|████      | 310/765 [00:53<00:44, 10.24it/s]Sampling (amazon-count):  41%|████      | 312/765 [00:53<00:52,  8.69it/s]Sampling (amazon-count):  41%|████      | 315/765 [00:53<00:47,  9.57it/s]Sampling (amazon-count):  41%|████▏     | 317/765 [00:54<00:53,  8.37it/s]Sampling (amazon-count):  42%|████▏     | 319/765 [00:54<00:50,  8.75it/s]Sampling (amazon-count):  42%|████▏     | 320/765 [00:54<00:51,  8.66it/s]Sampling (amazon-count):  42%|████▏     | 322/765 [00:54<00:44,  9.96it/s]Sampling (amazon-count):  42%|████▏     | 324/765 [00:54<00:46,  9.48it/s]Sampling (amazon-count):  43%|████▎     | 326/765 [00:55<00:56,  7.72it/s]Sampling (amazon-count):  43%|████▎     | 328/765 [00:55<00:49,  8.80it/s]Sampling (amazon-count):  43%|████▎     | 329/765 [00:55<01:03,  6.87it/s]Sampling (amazon-count):  43%|████▎     | 330/765 [00:55<01:11,  6.07it/s]Sampling (amazon-count):  43%|████▎     | 331/765 [00:56<02:16,  3.18it/s]Sampling (amazon-count):  43%|████▎     | 332/765 [00:56<01:56,  3.73it/s]Sampling (amazon-count):  44%|████▎     | 333/765 [00:57<01:54,  3.76it/s]Sampling (amazon-count):  44%|████▎     | 334/765 [00:57<01:41,  4.25it/s]Sampling (amazon-count):  44%|████▍     | 336/765 [00:57<01:29,  4.79it/s]Sampling (amazon-count):  44%|████▍     | 338/765 [00:58<01:36,  4.40it/s]Sampling (amazon-count):  44%|████▍     | 339/765 [00:58<01:39,  4.28it/s]Sampling (amazon-count):  45%|████▍     | 341/765 [00:58<01:30,  4.69it/s]Sampling (amazon-count):  45%|████▍     | 342/765 [00:59<02:29,  2.83it/s]Sampling (amazon-count):  45%|████▍     | 343/765 [00:59<02:26,  2.87it/s]Sampling (amazon-count):  45%|████▍     | 344/765 [01:00<02:19,  3.03it/s]Sampling (amazon-count):  45%|████▌     | 345/765 [01:00<02:09,  3.24it/s]Sampling (amazon-count):  45%|████▌     | 347/765 [01:00<01:36,  4.35it/s]Sampling (amazon-count):  45%|████▌     | 348/765 [01:00<01:27,  4.75it/s]Sampling (amazon-count):  46%|████▌     | 351/765 [01:01<01:06,  6.26it/s]Sampling (amazon-count):  46%|████▌     | 353/765 [01:01<01:08,  6.05it/s]Sampling (amazon-count):  46%|████▋     | 354/765 [01:01<01:28,  4.63it/s]Sampling (amazon-count):  47%|████▋     | 356/765 [01:02<01:22,  4.95it/s]Sampling (amazon-count):  47%|████▋     | 357/765 [01:02<01:26,  4.72it/s]Sampling (amazon-count):  47%|████▋     | 358/765 [01:02<01:35,  4.26it/s]Sampling (amazon-count):  47%|████▋     | 361/765 [01:02<00:56,  7.17it/s]Sampling (amazon-count):  47%|████▋     | 363/765 [01:03<01:01,  6.51it/s]Sampling (amazon-count):  48%|████▊     | 364/765 [01:03<01:03,  6.32it/s]Sampling (amazon-count):  48%|████▊     | 365/765 [01:03<01:10,  5.70it/s]Sampling (amazon-count):  48%|████▊     | 367/765 [01:03<00:54,  7.30it/s]Sampling (amazon-count):  48%|████▊     | 368/765 [01:04<01:07,  5.90it/s]Sampling (amazon-count):  48%|████▊     | 370/765 [01:05<02:03,  3.21it/s]Sampling (amazon-count):  48%|████▊     | 371/765 [01:05<01:53,  3.47it/s]Sampling (amazon-count):  49%|████▊     | 372/765 [01:05<01:41,  3.88it/s]Sampling (amazon-count):  49%|████▉     | 373/765 [01:05<01:47,  3.63it/s]Sampling (amazon-count):  49%|████▉     | 374/765 [01:06<01:36,  4.05it/s]Sampling (amazon-count):  49%|████▉     | 375/765 [01:06<02:26,  2.67it/s]Sampling (amazon-count):  49%|████▉     | 376/765 [01:07<02:12,  2.94it/s]Sampling (amazon-count):  49%|████▉     | 377/765 [01:07<01:49,  3.53it/s]Sampling (amazon-count):  49%|████▉     | 378/765 [01:07<01:50,  3.50it/s]Sampling (amazon-count):  50%|████▉     | 379/765 [01:07<01:36,  4.01it/s]Sampling (amazon-count):  50%|████▉     | 382/765 [01:07<00:55,  6.86it/s]Sampling (amazon-count):  50%|█████     | 383/765 [01:08<00:59,  6.41it/s]Sampling (amazon-count):  50%|█████     | 386/765 [01:08<00:38,  9.74it/s]Sampling (amazon-count):  51%|█████     | 388/765 [01:08<00:45,  8.26it/s]Sampling (amazon-count):  51%|█████     | 390/765 [01:09<01:12,  5.21it/s]Sampling (amazon-count):  51%|█████     | 392/765 [01:09<00:59,  6.25it/s]Sampling (amazon-count):  52%|█████▏    | 394/765 [01:09<00:59,  6.20it/s]Sampling (amazon-count):  52%|█████▏    | 395/765 [01:10<01:10,  5.23it/s]Sampling (amazon-count):  52%|█████▏    | 397/765 [01:10<00:56,  6.52it/s]Sampling (amazon-count):  52%|█████▏    | 398/765 [01:10<00:55,  6.57it/s]Sampling (amazon-count):  52%|█████▏    | 400/765 [01:10<00:53,  6.88it/s]Sampling (amazon-count):  53%|█████▎    | 402/765 [01:10<00:52,  6.94it/s]Sampling (amazon-count):  53%|█████▎    | 404/765 [01:11<00:41,  8.62it/s]Sampling (amazon-count):  53%|█████▎    | 406/765 [01:11<00:49,  7.19it/s]Sampling (amazon-count):  53%|█████▎    | 407/765 [01:11<00:50,  7.14it/s]Sampling (amazon-count):  53%|█████▎    | 408/765 [01:11<00:48,  7.30it/s]Sampling (amazon-count):  53%|█████▎    | 409/765 [01:11<00:45,  7.77it/s]Sampling (amazon-count):  54%|█████▎    | 410/765 [01:11<00:45,  7.81it/s]Sampling (amazon-count):  54%|█████▍    | 415/765 [01:12<00:26, 13.33it/s]Sampling (amazon-count):  55%|█████▍    | 417/765 [01:12<00:27, 12.79it/s]Sampling (amazon-count):  55%|█████▌    | 421/765 [01:12<00:19, 17.73it/s]Sampling (amazon-count):  55%|█████▌    | 423/765 [01:12<00:22, 15.30it/s]Sampling (amazon-count):  56%|█████▌    | 425/765 [01:12<00:24, 13.89it/s]Sampling (amazon-count):  56%|█████▌    | 427/765 [01:13<00:26, 12.57it/s]Sampling (amazon-count):  56%|█████▌    | 429/765 [01:13<00:25, 13.38it/s]Sampling (amazon-count):  56%|█████▋    | 431/765 [01:13<00:45,  7.40it/s]Sampling (amazon-count):  57%|█████▋    | 433/765 [01:13<00:42,  7.76it/s]Sampling (amazon-count):  57%|█████▋    | 435/765 [01:14<00:37,  8.88it/s]Sampling (amazon-count):  57%|█████▋    | 437/765 [01:14<00:35,  9.19it/s]Sampling (amazon-count):  58%|█████▊    | 440/765 [01:14<00:37,  8.60it/s]Sampling (amazon-count):  58%|█████▊    | 442/765 [01:14<00:34,  9.27it/s]Sampling (amazon-count):  58%|█████▊    | 445/765 [01:14<00:26, 12.28it/s]Sampling (amazon-count):  58%|█████▊    | 447/765 [01:15<00:24, 12.86it/s]Sampling (amazon-count):  59%|█████▊    | 449/765 [01:15<00:30, 10.47it/s]Sampling (amazon-count):  59%|█████▉    | 451/765 [01:15<00:29, 10.82it/s]Sampling (amazon-count):  59%|█████▉    | 453/765 [01:15<00:27, 11.38it/s]Sampling (amazon-count):  59%|█████▉    | 455/765 [01:16<00:33,  9.25it/s]Sampling (amazon-count):  60%|█████▉    | 457/765 [01:16<00:38,  8.00it/s]Sampling (amazon-count):  60%|█████▉    | 458/765 [01:16<00:49,  6.14it/s]Sampling (amazon-count):  60%|██████    | 460/765 [01:16<00:40,  7.50it/s]Sampling (amazon-count):  60%|██████    | 461/765 [01:16<00:41,  7.41it/s]Sampling (amazon-count):  61%|██████    | 463/765 [01:17<00:38,  7.80it/s]Sampling (amazon-count):  61%|██████    | 465/765 [01:17<00:43,  6.93it/s]Sampling (amazon-count):  61%|██████    | 466/765 [01:17<00:46,  6.36it/s]Sampling (amazon-count):  61%|██████    | 467/765 [01:18<01:19,  3.74it/s]Sampling (amazon-count):  61%|██████    | 468/765 [01:18<01:14,  3.99it/s]Sampling (amazon-count):  61%|██████▏   | 470/765 [01:18<00:50,  5.80it/s]Sampling (amazon-count):  62%|██████▏   | 473/765 [01:19<00:42,  6.84it/s]Sampling (amazon-count):  62%|██████▏   | 475/765 [01:19<00:40,  7.13it/s]Sampling (amazon-count):  62%|██████▏   | 476/765 [01:19<00:39,  7.40it/s]Sampling (amazon-count):  62%|██████▏   | 477/765 [01:19<00:39,  7.38it/s]Sampling (amazon-count):  62%|██████▏   | 478/765 [01:19<00:37,  7.60it/s]Sampling (amazon-count):  63%|██████▎   | 479/765 [01:20<01:29,  3.18it/s]Sampling (amazon-count):  63%|██████▎   | 480/765 [01:21<01:54,  2.50it/s]Sampling (amazon-count):  63%|██████▎   | 481/765 [01:21<01:47,  2.64it/s]Sampling (amazon-count):  63%|██████▎   | 482/765 [01:21<01:27,  3.23it/s]Sampling (amazon-count):  63%|██████▎   | 483/765 [01:21<01:14,  3.80it/s]Sampling (amazon-count):  63%|██████▎   | 484/765 [01:22<01:18,  3.59it/s]Sampling (amazon-count):  63%|██████▎   | 485/765 [01:22<01:26,  3.22it/s]Sampling (amazon-count):  64%|██████▎   | 486/765 [01:23<02:11,  2.12it/s]Sampling (amazon-count):  64%|██████▎   | 487/765 [01:23<01:43,  2.68it/s]Sampling (amazon-count):  64%|██████▍   | 488/765 [01:24<02:12,  2.10it/s]Sampling (amazon-count):  64%|██████▍   | 489/765 [01:24<02:05,  2.20it/s]Sampling (amazon-count):  64%|██████▍   | 491/765 [01:25<01:46,  2.57it/s]Sampling (amazon-count):  64%|██████▍   | 492/765 [01:26<02:12,  2.05it/s]Sampling (amazon-count):  64%|██████▍   | 493/765 [01:26<01:49,  2.49it/s]Sampling (amazon-count):  65%|██████▍   | 494/765 [01:26<02:03,  2.20it/s]Sampling (amazon-count):  65%|██████▍   | 495/765 [01:27<01:55,  2.34it/s]Sampling (amazon-count):  65%|██████▍   | 496/765 [01:27<02:22,  1.89it/s]Sampling (amazon-count):  65%|██████▌   | 498/765 [01:28<01:47,  2.48it/s]Sampling (amazon-count):  65%|██████▌   | 499/765 [01:28<01:29,  2.96it/s]Sampling (amazon-count):  65%|██████▌   | 500/765 [01:29<01:39,  2.67it/s]Sampling (amazon-count):  65%|██████▌   | 501/765 [01:29<02:05,  2.10it/s]Sampling (amazon-count):  66%|██████▌   | 502/765 [01:30<02:03,  2.12it/s]Sampling (amazon-count):  66%|██████▌   | 504/765 [01:30<01:25,  3.05it/s]Sampling (amazon-count):  66%|██████▌   | 506/765 [01:31<01:30,  2.87it/s]Sampling (amazon-count):  66%|██████▋   | 507/765 [01:31<01:29,  2.87it/s]Sampling (amazon-count):  67%|██████▋   | 509/765 [01:32<01:19,  3.21it/s]Sampling (amazon-count):  67%|██████▋   | 510/765 [01:32<01:19,  3.21it/s]Sampling (amazon-count):  67%|██████▋   | 512/765 [01:32<00:58,  4.32it/s]Sampling (amazon-count):  67%|██████▋   | 513/765 [01:33<01:25,  2.95it/s]Sampling (amazon-count):  67%|██████▋   | 514/765 [01:33<01:14,  3.38it/s]Sampling (amazon-count):  67%|██████▋   | 515/765 [01:33<01:15,  3.32it/s]Sampling (amazon-count):  67%|██████▋   | 516/765 [01:34<01:18,  3.17it/s]Sampling (amazon-count):  68%|██████▊   | 517/765 [01:34<01:04,  3.84it/s]Sampling (amazon-count):  68%|██████▊   | 518/765 [01:35<01:32,  2.68it/s]Sampling (amazon-count):  68%|██████▊   | 520/765 [01:35<01:09,  3.53it/s]Sampling (amazon-count):  68%|██████▊   | 521/765 [01:35<01:15,  3.22it/s]Sampling (amazon-count):  68%|██████▊   | 523/765 [01:36<01:01,  3.95it/s]Sampling (amazon-count):  69%|██████▊   | 525/765 [01:36<00:45,  5.33it/s]Sampling (amazon-count):  69%|██████▉   | 527/765 [01:36<00:37,  6.41it/s]Sampling (amazon-count):  69%|██████▉   | 528/765 [01:36<00:34,  6.87it/s]Sampling (amazon-count):  69%|██████▉   | 530/765 [01:37<00:48,  4.81it/s]Sampling (amazon-count):  69%|██████▉   | 531/765 [01:37<00:54,  4.30it/s]Sampling (amazon-count):  70%|██████▉   | 532/765 [01:37<00:49,  4.70it/s]Sampling (amazon-count):  70%|██████▉   | 533/765 [01:37<00:47,  4.89it/s]Sampling (amazon-count):  70%|██████▉   | 535/765 [01:38<00:42,  5.38it/s]Sampling (amazon-count):  70%|███████   | 536/765 [01:38<00:46,  4.96it/s]Sampling (amazon-count):  70%|███████   | 539/765 [01:38<00:33,  6.84it/s]Sampling (amazon-count):  71%|███████   | 541/765 [01:38<00:30,  7.35it/s]Sampling (amazon-count):  71%|███████   | 543/765 [01:39<00:24,  9.03it/s]Sampling (amazon-count):  71%|███████   | 545/765 [01:39<00:28,  7.62it/s]Sampling (amazon-count):  72%|███████▏  | 547/765 [01:39<00:30,  7.23it/s]Sampling (amazon-count):  72%|███████▏  | 548/765 [01:39<00:32,  6.69it/s]Sampling (amazon-count):  72%|███████▏  | 549/765 [01:40<00:32,  6.64it/s]Sampling (amazon-count):  72%|███████▏  | 550/765 [01:40<00:41,  5.16it/s]Sampling (amazon-count):  72%|███████▏  | 551/765 [01:40<00:44,  4.82it/s]Sampling (amazon-count):  72%|███████▏  | 552/765 [01:40<00:38,  5.48it/s]Sampling (amazon-count):  73%|███████▎  | 555/765 [01:40<00:22,  9.51it/s]Sampling (amazon-count):  73%|███████▎  | 557/765 [01:41<00:24,  8.56it/s]Sampling (amazon-count):  73%|███████▎  | 559/765 [01:41<00:25,  8.18it/s]Sampling (amazon-count):  73%|███████▎  | 561/765 [01:41<00:21,  9.60it/s]Sampling (amazon-count):  74%|███████▎  | 563/765 [01:42<00:45,  4.47it/s]Sampling (amazon-count):  74%|███████▎  | 564/765 [01:43<00:55,  3.62it/s]Sampling (amazon-count):  74%|███████▍  | 567/765 [01:43<00:39,  5.07it/s]Sampling (amazon-count):  74%|███████▍  | 569/765 [01:43<00:30,  6.36it/s]Sampling (amazon-count):  75%|███████▍  | 571/765 [01:43<00:36,  5.35it/s]Sampling (amazon-count):  75%|███████▍  | 573/765 [01:44<00:32,  5.99it/s]Sampling (amazon-count):  75%|███████▌  | 574/765 [01:44<00:30,  6.23it/s]Sampling (amazon-count):  75%|███████▌  | 575/765 [01:44<00:31,  6.11it/s]Sampling (amazon-count):  75%|███████▌  | 577/765 [01:44<00:31,  5.88it/s]Sampling (amazon-count):  76%|███████▌  | 579/765 [01:45<00:28,  6.50it/s]Sampling (amazon-count):  76%|███████▌  | 580/765 [01:45<00:40,  4.60it/s]Sampling (amazon-count):  76%|███████▌  | 581/765 [01:45<00:38,  4.74it/s]Sampling (amazon-count):  76%|███████▌  | 582/765 [01:45<00:36,  4.96it/s]Sampling (amazon-count):  76%|███████▋  | 584/765 [01:46<00:25,  7.05it/s]Sampling (amazon-count):  76%|███████▋  | 585/765 [01:46<00:24,  7.35it/s]Sampling (amazon-count):  77%|███████▋  | 586/765 [01:46<00:25,  6.98it/s]Sampling (amazon-count):  77%|███████▋  | 587/765 [01:46<00:23,  7.42it/s]Sampling (amazon-count):  77%|███████▋  | 588/765 [01:46<00:26,  6.61it/s]Sampling (amazon-count):  77%|███████▋  | 589/765 [01:46<00:24,  7.17it/s]Sampling (amazon-count):  77%|███████▋  | 591/765 [01:47<00:26,  6.63it/s]Sampling (amazon-count):  78%|███████▊  | 593/765 [01:47<00:25,  6.79it/s]Sampling (amazon-count):  78%|███████▊  | 594/765 [01:47<00:25,  6.72it/s]Sampling (amazon-count):  78%|███████▊  | 595/765 [01:47<00:26,  6.46it/s]Sampling (amazon-count):  78%|███████▊  | 596/765 [01:47<00:27,  6.16it/s]Sampling (amazon-count):  78%|███████▊  | 598/765 [01:48<00:20,  8.20it/s]Sampling (amazon-count):  78%|███████▊  | 599/765 [01:48<00:22,  7.53it/s]Sampling (amazon-count):  78%|███████▊  | 600/765 [01:48<00:20,  7.94it/s]Sampling (amazon-count):  79%|███████▊  | 601/765 [01:48<00:26,  6.10it/s]Sampling (amazon-count):  79%|███████▉  | 603/765 [01:48<00:18,  8.59it/s]Sampling (amazon-count):  79%|███████▉  | 605/765 [01:49<00:27,  5.78it/s]Sampling (amazon-count):  79%|███████▉  | 606/765 [01:50<01:03,  2.50it/s]Sampling (amazon-count):  79%|███████▉  | 607/765 [01:50<00:59,  2.63it/s]Sampling (amazon-count):  80%|███████▉  | 609/765 [01:50<00:40,  3.82it/s]Sampling (amazon-count):  80%|███████▉  | 610/765 [01:51<00:43,  3.60it/s]Sampling (amazon-count):  80%|████████  | 612/765 [01:51<00:35,  4.30it/s]Sampling (amazon-count):  80%|████████  | 614/765 [01:52<00:35,  4.22it/s]Sampling (amazon-count):  80%|████████  | 615/765 [01:52<00:37,  3.95it/s]Sampling (amazon-count):  81%|████████  | 618/765 [01:52<00:22,  6.53it/s]Sampling (amazon-count):  81%|████████  | 620/765 [01:53<00:34,  4.17it/s]Sampling (amazon-count):  81%|████████  | 621/765 [01:53<00:38,  3.78it/s]Sampling (amazon-count):  82%|████████▏ | 624/765 [01:54<00:32,  4.30it/s]Sampling (amazon-count):  82%|████████▏ | 626/765 [01:54<00:26,  5.18it/s]Sampling (amazon-count):  82%|████████▏ | 629/765 [01:54<00:18,  7.26it/s]Sampling (amazon-count):  83%|████████▎ | 633/765 [01:54<00:12, 10.19it/s]Sampling (amazon-count):  83%|████████▎ | 635/765 [01:55<00:12, 10.42it/s]Sampling (amazon-count):  83%|████████▎ | 637/765 [01:55<00:15,  8.32it/s]Sampling (amazon-count):  84%|████████▎ | 639/765 [01:55<00:17,  7.23it/s]Sampling (amazon-count):  84%|████████▍ | 641/765 [01:55<00:14,  8.67it/s]Sampling (amazon-count):  84%|████████▍ | 644/765 [01:56<00:10, 11.72it/s]Sampling (amazon-count):  84%|████████▍ | 646/765 [01:56<00:09, 11.97it/s]Sampling (amazon-count):  85%|████████▍ | 648/765 [01:56<00:13,  8.63it/s]Sampling (amazon-count):  85%|████████▍ | 650/765 [01:56<00:12,  9.27it/s]Sampling (amazon-count):  85%|████████▌ | 652/765 [01:56<00:11, 10.09it/s]Sampling (amazon-count):  86%|████████▌ | 655/765 [01:57<00:08, 12.97it/s]Sampling (amazon-count):  86%|████████▌ | 657/765 [01:57<00:08, 12.11it/s]Sampling (amazon-count):  86%|████████▌ | 659/765 [01:57<00:07, 13.52it/s]Sampling (amazon-count):  86%|████████▋ | 661/765 [01:57<00:07, 13.49it/s]Sampling (amazon-count):  87%|████████▋ | 663/765 [01:57<00:08, 12.35it/s]Sampling (amazon-count):  87%|████████▋ | 665/765 [01:57<00:07, 13.19it/s]Sampling (amazon-count):  87%|████████▋ | 667/765 [01:58<00:08, 11.32it/s]Sampling (amazon-count):  87%|████████▋ | 669/765 [01:58<00:07, 12.08it/s]Sampling (amazon-count):  88%|████████▊ | 672/765 [01:58<00:06, 13.64it/s]Sampling (amazon-count):  88%|████████▊ | 674/765 [01:58<00:06, 13.15it/s]Sampling (amazon-count):  89%|████████▉ | 679/765 [01:58<00:05, 16.04it/s]Sampling (amazon-count):  89%|████████▉ | 681/765 [01:59<00:07, 11.77it/s]Sampling (amazon-count):  89%|████████▉ | 683/765 [01:59<00:06, 12.38it/s]Sampling (amazon-count):  90%|████████▉ | 685/765 [01:59<00:06, 12.13it/s]Sampling (amazon-count):  90%|████████▉ | 687/765 [01:59<00:07, 10.86it/s]Sampling (amazon-count):  90%|█████████ | 689/765 [02:00<00:09,  8.28it/s]Sampling (amazon-count):  91%|█████████ | 693/765 [02:00<00:06, 10.46it/s]Sampling (amazon-count):  91%|█████████ | 695/765 [02:01<00:12,  5.62it/s]Sampling (amazon-count):  91%|█████████▏| 699/765 [02:01<00:08,  7.81it/s]Sampling (amazon-count):  92%|█████████▏| 702/765 [02:01<00:06,  9.78it/s]Sampling (amazon-count):  92%|█████████▏| 704/765 [02:01<00:07,  8.70it/s]Sampling (amazon-count):  92%|█████████▏| 706/765 [02:02<00:07,  8.39it/s]Sampling (amazon-count):  93%|█████████▎| 708/765 [02:02<00:07,  7.68it/s]Sampling (amazon-count):  93%|█████████▎| 709/765 [02:03<00:15,  3.54it/s]Sampling (amazon-count):  93%|█████████▎| 710/765 [02:03<00:14,  3.68it/s]Sampling (amazon-count):  93%|█████████▎| 711/765 [02:03<00:13,  4.04it/s]Sampling (amazon-count):  93%|█████████▎| 713/765 [02:04<00:11,  4.68it/s]Sampling (amazon-count):  93%|█████████▎| 714/765 [02:04<00:10,  4.64it/s]Sampling (amazon-count):  94%|█████████▎| 717/765 [02:04<00:06,  7.68it/s]Sampling (amazon-count):  94%|█████████▍| 720/765 [02:04<00:04, 10.08it/s]Sampling (amazon-count):  94%|█████████▍| 722/765 [02:04<00:04, 10.21it/s]Sampling (amazon-count):  95%|█████████▍| 724/765 [02:05<00:08,  4.66it/s]Sampling (amazon-count):  95%|█████████▍| 725/765 [02:06<00:08,  4.97it/s]Sampling (amazon-count):  95%|█████████▌| 727/765 [02:06<00:07,  5.01it/s]Sampling (amazon-count):  95%|█████████▌| 729/765 [02:06<00:05,  6.50it/s]Sampling (amazon-count):  96%|█████████▌| 731/765 [02:06<00:05,  6.03it/s]Sampling (amazon-count):  96%|█████████▌| 732/765 [02:07<00:05,  6.23it/s]Sampling (amazon-count):  96%|█████████▌| 734/765 [02:07<00:03,  8.10it/s]Sampling (amazon-count):  96%|█████████▌| 736/765 [02:07<00:05,  5.12it/s]Sampling (amazon-count):  96%|█████████▋| 738/765 [02:07<00:04,  6.58it/s]Sampling (amazon-count):  97%|█████████▋| 740/765 [02:08<00:03,  6.72it/s]Sampling (amazon-count):  97%|█████████▋| 742/765 [02:08<00:03,  7.40it/s]Sampling (amazon-count):  97%|█████████▋| 743/765 [02:08<00:02,  7.76it/s]Sampling (amazon-count):  97%|█████████▋| 744/765 [02:08<00:03,  6.20it/s]Sampling (amazon-count):  98%|█████████▊| 746/765 [02:09<00:02,  6.83it/s]Sampling (amazon-count):  98%|█████████▊| 748/765 [02:09<00:02,  6.82it/s]Sampling (amazon-count):  98%|█████████▊| 751/765 [02:09<00:01,  9.38it/s]Sampling (amazon-count):  98%|█████████▊| 753/765 [02:09<00:01,  7.87it/s]Sampling (amazon-count):  99%|█████████▊| 754/765 [02:10<00:02,  5.40it/s]Sampling (amazon-count):  99%|█████████▊| 755/765 [02:10<00:02,  4.51it/s]Sampling (amazon-count):  99%|█████████▉| 756/765 [02:11<00:02,  4.29it/s]Sampling (amazon-count):  99%|█████████▉| 758/765 [02:11<00:01,  5.58it/s]Sampling (amazon-count):  99%|█████████▉| 759/765 [02:12<00:02,  2.70it/s]Sampling (amazon-count):  99%|█████████▉| 760/765 [02:13<00:02,  2.09it/s]Sampling (amazon-count):  99%|█████████▉| 761/765 [02:13<00:01,  2.55it/s]Sampling (amazon-count): 100%|█████████▉| 763/765 [02:14<00:00,  2.40it/s]Sampling (amazon-count): 100%|█████████▉| 764/765 [02:15<00:00,  1.73it/s]Sampling (amazon-count): 100%|██████████| 765/765 [02:23<00:00,  2.45s/it]Sampling (amazon-count): 100%|██████████| 765/765 [02:23<00:00,  5.33it/s]
[Auto-Tune] Budget=49, Reduced K from 5 to 4
[Auto-Tune] Budget=49, Reduced K from 5 to 4
[Auto-Tune] Budget=49, Reduced K from 5 to 4
[Auto-Tune] Budget=49, Reduced K from 5 to 4
[Auto-Tune] Budget=49, Reduced K from 5 to 4
[Auto-Tune] Budget=42, Reduced K from 5 to 4
[Auto-Tune] Budget=42, Reduced K from 5 to 4
[Auto-Tune] Budget=42, Reduced K from 5 to 4
[Auto-Tune] Budget=42, Reduced K from 5 to 4
[Auto-Tune] Budget=42, Reduced K from 5 to 4
[Auto-Tune] Budget=48, Reduced K from 5 to 4
[Auto-Tune] Budget=48, Reduced K from 5 to 4
[Auto-Tune] Budget=48, Reduced K from 5 to 4
[Auto-Tune] Budget=48, Reduced K from 5 to 4
[Auto-Tune] Budget=48, Reduced K from 5 to 4
[Auto-Tune] Budget=47, Reduced K from 5 to 4
[Auto-Tune] Budget=47, Reduced K from 5 to 4
[Auto-Tune] Budget=47, Reduced K from 5 to 4
[Auto-Tune] Budget=47, Reduced K from 5 to 4
[Auto-Tune] Budget=47, Reduced K from 5 to 4
[Auto-Tune] Budget=48, Reduced K from 5 to 4
[Auto-Tune] Budget=48, Reduced K from 5 to 4
[Auto-Tune] Budget=48, Reduced K from 5 to 4
[Auto-Tune] Budget=48, Reduced K from 5 to 4
[Auto-Tune] Budget=48, Reduced K from 5 to 4
[Auto-Tune] Budget=43, Reduced K from 5 to 4
[Auto-Tune] Budget=43, Reduced K from 5 to 4
[Auto-Tune] Budget=43, Reduced K from 5 to 4
[Auto-Tune] Budget=43, Reduced K from 5 to 4
[Auto-Tune] Budget=43, Reduced K from 5 to 4
[Auto-Tune] Budget=48, Reduced K from 5 to 4
[Auto-Tune] Budget=48, Reduced K from 5 to 4
[Auto-Tune] Budget=48, Reduced K from 5 to 4
[Auto-Tune] Budget=48, Reduced K from 5 to 4
[Auto-Tune] Budget=48, Reduced K from 5 to 4
[Auto-Tune] Budget=42, Reduced K from 5 to 4
[Auto-Tune] Budget=42, Reduced K from 5 to 4
[Auto-Tune] Budget=42, Reduced K from 5 to 4
[Auto-Tune] Budget=42, Reduced K from 5 to 4
[Auto-Tune] Budget=42, Reduced K from 5 to 4
[Auto-Tune] Budget=43, Reduced K from 5 to 4
[Auto-Tune] Budget=43, Reduced K from 5 to 4
[Auto-Tune] Budget=43, Reduced K from 5 to 4
[Auto-Tune] Budget=43, Reduced K from 5 to 4
[Auto-Tune] Budget=43, Reduced K from 5 to 4
[Auto-Tune] Budget=45, Reduced K from 5 to 4
[Auto-Tune] Budget=45, Reduced K from 5 to 4
[Auto-Tune] Budget=45, Reduced K from 5 to 4
[Auto-Tune] Budget=45, Reduced K from 5 to 4
[Auto-Tune] Budget=45, Reduced K from 5 to 4
[Auto-Tune] Budget=48, Reduced K from 5 to 4
[Auto-Tune] Budget=48, Reduced K from 5 to 4
[Auto-Tune] Budget=48, Reduced K from 5 to 4
[Auto-Tune] Budget=48, Reduced K from 5 to 4
[Auto-Tune] Budget=48, Reduced K from 5 to 4
[Auto-Tune] Budget=47, Reduced K from 5 to 4
[Auto-Tune] Budget=47, Reduced K from 5 to 4
[Auto-Tune] Budget=47, Reduced K from 5 to 4
[Auto-Tune] Budget=47, Reduced K from 5 to 4
[Auto-Tune] Budget=47, Reduced K from 5 to 4
[Auto-Tune] Budget=49, Reduced K from 5 to 4
[Auto-Tune] Budget=49, Reduced K from 5 to 4
[Auto-Tune] Budget=49, Reduced K from 5 to 4
[Auto-Tune] Budget=49, Reduced K from 5 to 4
[Auto-Tune] Budget=49, Reduced K from 5 to 4
[Auto-Tune] Budget=48, Reduced K from 5 to 4
[Auto-Tune] Budget=48, Reduced K from 5 to 4
[Auto-Tune] Budget=48, Reduced K from 5 to 4
[Auto-Tune] Budget=48, Reduced K from 5 to 4
[Auto-Tune] Budget=48, Reduced K from 5 to 4
[Auto-Tune] Budget=47, Reduced K from 5 to 4
[Auto-Tune] Budget=47, Reduced K from 5 to 4
[Auto-Tune] Budget=47, Reduced K from 5 to 4
[Auto-Tune] Budget=47, Reduced K from 5 to 4
[Auto-Tune] Budget=47, Reduced K from 5 to 4
[Auto-Tune] Budget=49, Reduced K from 5 to 4
[Auto-Tune] Budget=49, Reduced K from 5 to 4
[Auto-Tune] Budget=49, Reduced K from 5 to 4
[Auto-Tune] Budget=49, Reduced K from 5 to 4
[Auto-Tune] Budget=49, Reduced K from 5 to 4
[Auto-Tune] Budget=46, Reduced K from 5 to 4
[Auto-Tune] Budget=46, Reduced K from 5 to 4
[Auto-Tune] Budget=46, Reduced K from 5 to 4
[Auto-Tune] Budget=46, Reduced K from 5 to 4
[Auto-Tune] Budget=46, Reduced K from 5 to 4
[Auto-Tune] Budget=49, Reduced K from 5 to 4
[Auto-Tune] Budget=49, Reduced K from 5 to 4
[Auto-Tune] Budget=49, Reduced K from 5 to 4
[Auto-Tune] Budget=49, Reduced K from 5 to 4
[Auto-Tune] Budget=49, Reduced K from 5 to 4
[Auto-Tune] Budget=49, Reduced K from 5 to 4
[Auto-Tune] Budget=49, Reduced K from 5 to 4
[Auto-Tune] Budget=49, Reduced K from 5 to 4
[Auto-Tune] Budget=49, Reduced K from 5 to 4
[Auto-Tune] Budget=49, Reduced K from 5 to 4
[Auto-Tune] Budget=47, Reduced K from 5 to 4
[Auto-Tune] Budget=47, Reduced K from 5 to 4
[Auto-Tune] Budget=47, Reduced K from 5 to 4
[Auto-Tune] Budget=47, Reduced K from 5 to 4
[Auto-Tune] Budget=47, Reduced K from 5 to 4
[Auto-Tune] Budget=49, Reduced K from 5 to 4
[Auto-Tune] Budget=49, Reduced K from 5 to 4
[Auto-Tune] Budget=49, Reduced K from 5 to 4
[Auto-Tune] Budget=49, Reduced K from 5 to 4
[Auto-Tune] Budget=49, Reduced K from 5 to 4
[Auto-Tune] Budget=42, Reduced K from 5 to 4
[Auto-Tune] Budget=42, Reduced K from 5 to 4
[Auto-Tune] Budget=42, Reduced K from 5 to 4
[Auto-Tune] Budget=42, Reduced K from 5 to 4
[Auto-Tune] Budget=42, Reduced K from 5 to 4
[Auto-Tune] Budget=47, Reduced K from 5 to 4
[Auto-Tune] Budget=47, Reduced K from 5 to 4
[Auto-Tune] Budget=47, Reduced K from 5 to 4
[Auto-Tune] Budget=47, Reduced K from 5 to 4
[Auto-Tune] Budget=47, Reduced K from 5 to 4
[Auto-Tune] Budget=23, Reduced K from 5 to 2
[Auto-Tune] Budget=23, Reduced K from 5 to 2
[Auto-Tune] Budget=23, Reduced K from 5 to 2
[Auto-Tune] Budget=23, Reduced K from 5 to 2
[Auto-Tune] Budget=23, Reduced K from 5 to 2
[Auto-Tune] Budget=49, Reduced K from 5 to 4
[Auto-Tune] Budget=49, Reduced K from 5 to 4
[Auto-Tune] Budget=49, Reduced K from 5 to 4
[Auto-Tune] Budget=49, Reduced K from 5 to 4
[Auto-Tune] Budget=49, Reduced K from 5 to 4
[Auto-Tune] Budget=44, Reduced K from 5 to 4
[Auto-Tune] Budget=44, Reduced K from 5 to 4
[Auto-Tune] Budget=44, Reduced K from 5 to 4
[Auto-Tune] Budget=44, Reduced K from 5 to 4
[Auto-Tune] Budget=44, Reduced K from 5 to 4
[Auto-Tune] Budget=23, Reduced K from 5 to 2
[Auto-Tune] Budget=23, Reduced K from 5 to 2
[Auto-Tune] Budget=23, Reduced K from 5 to 2
[Auto-Tune] Budget=23, Reduced K from 5 to 2
[Auto-Tune] Budget=23, Reduced K from 5 to 2
[Auto-Tune] Budget=35, Reduced K from 5 to 3
[Auto-Tune] Budget=35, Reduced K from 5 to 3
[Auto-Tune] Budget=35, Reduced K from 5 to 3
[Auto-Tune] Budget=35, Reduced K from 5 to 3
[Auto-Tune] Budget=35, Reduced K from 5 to 3
[Auto-Tune] Budget=46, Reduced K from 5 to 4
[Auto-Tune] Budget=46, Reduced K from 5 to 4
[Auto-Tune] Budget=46, Reduced K from 5 to 4
[Auto-Tune] Budget=46, Reduced K from 5 to 4
[Auto-Tune] Budget=46, Reduced K from 5 to 4
[Auto-Tune] Budget=38, Reduced K from 5 to 3
[Auto-Tune] Budget=38, Reduced K from 5 to 3
[Auto-Tune] Budget=38, Reduced K from 5 to 3
[Auto-Tune] Budget=38, Reduced K from 5 to 3
[Auto-Tune] Budget=38, Reduced K from 5 to 3
[Auto-Tune] Budget=48, Reduced K from 5 to 4
[Auto-Tune] Budget=48, Reduced K from 5 to 4
[Auto-Tune] Budget=48, Reduced K from 5 to 4
[Auto-Tune] Budget=48, Reduced K from 5 to 4
[Auto-Tune] Budget=48, Reduced K from 5 to 4
[Auto-Tune] Budget=48, Reduced K from 5 to 4
[Auto-Tune] Budget=48, Reduced K from 5 to 4
[Auto-Tune] Budget=48, Reduced K from 5 to 4
[Auto-Tune] Budget=48, Reduced K from 5 to 4
[Auto-Tune] Budget=48, Reduced K from 5 to 4
[Auto-Tune] Budget=47, Reduced K from 5 to 4
[Auto-Tune] Budget=47, Reduced K from 5 to 4
[Auto-Tune] Budget=47, Reduced K from 5 to 4
[Auto-Tune] Budget=47, Reduced K from 5 to 4
[Auto-Tune] Budget=47, Reduced K from 5 to 4
[Auto-Tune] Budget=17, Reduced K from 5 to 1
[Auto-Tune] Budget=17, Reduced K from 5 to 1
[Auto-Tune] Budget=17, Reduced K from 5 to 1
[Auto-Tune] Budget=17, Reduced K from 5 to 1
[Auto-Tune] Budget=17, Reduced K from 5 to 1
[Auto-Tune] Budget=44, Reduced K from 5 to 4
[Auto-Tune] Budget=44, Reduced K from 5 to 4
[Auto-Tune] Budget=44, Reduced K from 5 to 4
[Auto-Tune] Budget=44, Reduced K from 5 to 4
[Auto-Tune] Budget=44, Reduced K from 5 to 4
[Auto-Tune] Budget=42, Reduced K from 5 to 4
[Auto-Tune] Budget=42, Reduced K from 5 to 4
[Auto-Tune] Budget=42, Reduced K from 5 to 4
[Auto-Tune] Budget=42, Reduced K from 5 to 4
[Auto-Tune] Budget=42, Reduced K from 5 to 4
[Auto-Tune] Budget=31, Reduced K from 5 to 3
[Auto-Tune] Budget=31, Reduced K from 5 to 3
[Auto-Tune] Budget=31, Reduced K from 5 to 3
[Auto-Tune] Budget=31, Reduced K from 5 to 3
[Auto-Tune] Budget=31, Reduced K from 5 to 3
[Auto-Tune] Budget=48, Reduced K from 5 to 4
[Auto-Tune] Budget=48, Reduced K from 5 to 4
[Auto-Tune] Budget=48, Reduced K from 5 to 4
[Auto-Tune] Budget=48, Reduced K from 5 to 4
[Auto-Tune] Budget=48, Reduced K from 5 to 4
[Auto-Tune] Budget=46, Reduced K from 5 to 4
[Auto-Tune] Budget=46, Reduced K from 5 to 4
[Auto-Tune] Budget=46, Reduced K from 5 to 4
[Auto-Tune] Budget=46, Reduced K from 5 to 4
[Auto-Tune] Budget=46, Reduced K from 5 to 4
[Auto-Tune] Budget=49, Reduced K from 5 to 4
[Auto-Tune] Budget=49, Reduced K from 5 to 4
[Auto-Tune] Budget=49, Reduced K from 5 to 4
[Auto-Tune] Budget=49, Reduced K from 5 to 4
[Auto-Tune] Budget=49, Reduced K from 5 to 4
[Auto-Tune] Budget=48, Reduced K from 5 to 4
[Auto-Tune] Budget=48, Reduced K from 5 to 4
[Auto-Tune] Budget=48, Reduced K from 5 to 4
[Auto-Tune] Budget=48, Reduced K from 5 to 4
[Auto-Tune] Budget=48, Reduced K from 5 to 4
[Auto-Tune] Budget=35, Reduced K from 5 to 3
[Auto-Tune] Budget=35, Reduced K from 5 to 3
[Auto-Tune] Budget=35, Reduced K from 5 to 3
[Auto-Tune] Budget=35, Reduced K from 5 to 3
[Auto-Tune] Budget=35, Reduced K from 5 to 3
[Auto-Tune] Budget=45, Reduced K from 5 to 4
[Auto-Tune] Budget=45, Reduced K from 5 to 4
[Auto-Tune] Budget=45, Reduced K from 5 to 4
[Auto-Tune] Budget=45, Reduced K from 5 to 4
[Auto-Tune] Budget=45, Reduced K from 5 to 4
[Auto-Tune] Budget=47, Reduced K from 5 to 4
[Auto-Tune] Budget=47, Reduced K from 5 to 4
[Auto-Tune] Budget=47, Reduced K from 5 to 4
[Auto-Tune] Budget=47, Reduced K from 5 to 4
[Auto-Tune] Budget=47, Reduced K from 5 to 4
[Auto-Tune] Budget=48, Reduced K from 5 to 4
[Auto-Tune] Budget=48, Reduced K from 5 to 4
[Auto-Tune] Budget=48, Reduced K from 5 to 4
[Auto-Tune] Budget=48, Reduced K from 5 to 4
[Auto-Tune] Budget=48, Reduced K from 5 to 4
[Auto-Tune] Budget=47, Reduced K from 5 to 4
[Auto-Tune] Budget=47, Reduced K from 5 to 4
[Auto-Tune] Budget=47, Reduced K from 5 to 4
[Auto-Tune] Budget=47, Reduced K from 5 to 4
[Auto-Tune] Budget=47, Reduced K from 5 to 4
[Auto-Tune] Budget=46, Reduced K from 5 to 4
[Auto-Tune] Budget=46, Reduced K from 5 to 4
[Auto-Tune] Budget=46, Reduced K from 5 to 4
[Auto-Tune] Budget=46, Reduced K from 5 to 4
[Auto-Tune] Budget=46, Reduced K from 5 to 4
[Auto-Tune] Budget=49, Reduced K from 5 to 4
[Auto-Tune] Budget=49, Reduced K from 5 to 4
[Auto-Tune] Budget=49, Reduced K from 5 to 4
[Auto-Tune] Budget=49, Reduced K from 5 to 4
[Auto-Tune] Budget=49, Reduced K from 5 to 4
[Auto-Tune] Budget=15, Reduced K from 5 to 1
[Auto-Tune] Budget=15, Reduced K from 5 to 1
[Auto-Tune] Budget=15, Reduced K from 5 to 1
[Auto-Tune] Budget=15, Reduced K from 5 to 1
[Auto-Tune] Budget=15, Reduced K from 5 to 1
[Auto-Tune] Budget=21, Reduced K from 5 to 2
[Auto-Tune] Budget=21, Reduced K from 5 to 2
[Auto-Tune] Budget=21, Reduced K from 5 to 2
[Auto-Tune] Budget=21, Reduced K from 5 to 2
[Auto-Tune] Budget=21, Reduced K from 5 to 2
[Auto-Tune] Budget=44, Reduced K from 5 to 4
[Auto-Tune] Budget=44, Reduced K from 5 to 4
[Auto-Tune] Budget=44, Reduced K from 5 to 4
[Auto-Tune] Budget=44, Reduced K from 5 to 4
[Auto-Tune] Budget=44, Reduced K from 5 to 4
[Auto-Tune] Budget=48, Reduced K from 5 to 4
[Auto-Tune] Budget=48, Reduced K from 5 to 4
[Auto-Tune] Budget=48, Reduced K from 5 to 4
[Auto-Tune] Budget=48, Reduced K from 5 to 4
[Auto-Tune] Budget=48, Reduced K from 5 to 4
[Auto-Tune] Budget=20, Reduced K from 5 to 2
[Auto-Tune] Budget=20, Reduced K from 5 to 2
[Auto-Tune] Budget=20, Reduced K from 5 to 2
[Auto-Tune] Budget=20, Reduced K from 5 to 2
[Auto-Tune] Budget=20, Reduced K from 5 to 2
[Auto-Tune] Budget=34, Reduced K from 5 to 3
[Auto-Tune] Budget=34, Reduced K from 5 to 3
[Auto-Tune] Budget=34, Reduced K from 5 to 3
[Auto-Tune] Budget=34, Reduced K from 5 to 3
[Auto-Tune] Budget=34, Reduced K from 5 to 3
[Auto-Tune] Budget=17, Reduced K from 5 to 1
[Auto-Tune] Budget=17, Reduced K from 5 to 1
[Auto-Tune] Budget=17, Reduced K from 5 to 1
[Auto-Tune] Budget=17, Reduced K from 5 to 1
[Auto-Tune] Budget=17, Reduced K from 5 to 1
[Auto-Tune] Budget=13, Reduced K from 5 to 1
[Auto-Tune] Budget=13, Reduced K from 5 to 1
[Auto-Tune] Budget=13, Reduced K from 5 to 1
[Auto-Tune] Budget=13, Reduced K from 5 to 1
[Auto-Tune] Budget=13, Reduced K from 5 to 1
[Auto-Tune] Budget=34, Reduced K from 5 to 3
[Auto-Tune] Budget=34, Reduced K from 5 to 3
[Auto-Tune] Budget=34, Reduced K from 5 to 3
[Auto-Tune] Budget=34, Reduced K from 5 to 3
[Auto-Tune] Budget=34, Reduced K from 5 to 3
[Auto-Tune] Budget=46, Reduced K from 5 to 4
[Auto-Tune] Budget=46, Reduced K from 5 to 4
[Auto-Tune] Budget=46, Reduced K from 5 to 4
[Auto-Tune] Budget=46, Reduced K from 5 to 4
[Auto-Tune] Budget=46, Reduced K from 5 to 4
[Auto-Tune] Budget=39, Reduced K from 5 to 3
[Auto-Tune] Budget=39, Reduced K from 5 to 3
[Auto-Tune] Budget=39, Reduced K from 5 to 3
[Auto-Tune] Budget=39, Reduced K from 5 to 3
[Auto-Tune] Budget=39, Reduced K from 5 to 3
[Auto-Tune] Budget=39, Reduced K from 5 to 3
[Auto-Tune] Budget=39, Reduced K from 5 to 3
[Auto-Tune] Budget=39, Reduced K from 5 to 3
[Auto-Tune] Budget=39, Reduced K from 5 to 3
[Auto-Tune] Budget=39, Reduced K from 5 to 3
[Auto-Tune] Budget=38, Reduced K from 5 to 3
[Auto-Tune] Budget=38, Reduced K from 5 to 3
[Auto-Tune] Budget=38, Reduced K from 5 to 3
[Auto-Tune] Budget=38, Reduced K from 5 to 3
[Auto-Tune] Budget=38, Reduced K from 5 to 3
[Auto-Tune] Budget=48, Reduced K from 5 to 4
[Auto-Tune] Budget=48, Reduced K from 5 to 4
[Auto-Tune] Budget=48, Reduced K from 5 to 4
[Auto-Tune] Budget=48, Reduced K from 5 to 4
[Auto-Tune] Budget=48, Reduced K from 5 to 4
[Auto-Tune] Budget=46, Reduced K from 5 to 4
[Auto-Tune] Budget=46, Reduced K from 5 to 4
[Auto-Tune] Budget=46, Reduced K from 5 to 4
[Auto-Tune] Budget=46, Reduced K from 5 to 4
[Auto-Tune] Budget=46, Reduced K from 5 to 4
[Auto-Tune] Budget=44, Reduced K from 5 to 4
[Auto-Tune] Budget=44, Reduced K from 5 to 4
[Auto-Tune] Budget=44, Reduced K from 5 to 4
[Auto-Tune] Budget=44, Reduced K from 5 to 4
[Auto-Tune] Budget=44, Reduced K from 5 to 4
[Auto-Tune] Budget=49, Reduced K from 5 to 4
[Auto-Tune] Budget=49, Reduced K from 5 to 4
[Auto-Tune] Budget=49, Reduced K from 5 to 4
[Auto-Tune] Budget=49, Reduced K from 5 to 4
[Auto-Tune] Budget=49, Reduced K from 5 to 4
[Auto-Tune] Budget=49, Reduced K from 5 to 4
[Auto-Tune] Budget=49, Reduced K from 5 to 4
[Auto-Tune] Budget=49, Reduced K from 5 to 4
[Auto-Tune] Budget=49, Reduced K from 5 to 4
[Auto-Tune] Budget=49, Reduced K from 5 to 4
[Auto-Tune] Budget=37, Reduced K from 5 to 3
[Auto-Tune] Budget=37, Reduced K from 5 to 3
[Auto-Tune] Budget=37, Reduced K from 5 to 3
[Auto-Tune] Budget=37, Reduced K from 5 to 3
[Auto-Tune] Budget=37, Reduced K from 5 to 3
[Auto-Tune] Budget=46, Reduced K from 5 to 4
[Auto-Tune] Budget=46, Reduced K from 5 to 4
[Auto-Tune] Budget=46, Reduced K from 5 to 4
[Auto-Tune] Budget=46, Reduced K from 5 to 4
[Auto-Tune] Budget=46, Reduced K from 5 to 4
[Auto-Tune] Budget=44, Reduced K from 5 to 4
[Auto-Tune] Budget=44, Reduced K from 5 to 4
[Auto-Tune] Budget=44, Reduced K from 5 to 4
[Auto-Tune] Budget=44, Reduced K from 5 to 4
[Auto-Tune] Budget=44, Reduced K from 5 to 4
[Auto-Tune] Budget=46, Reduced K from 5 to 4
[Auto-Tune] Budget=46, Reduced K from 5 to 4
[Auto-Tune] Budget=46, Reduced K from 5 to 4
[Auto-Tune] Budget=46, Reduced K from 5 to 4
[Auto-Tune] Budget=46, Reduced K from 5 to 4
[Auto-Tune] Budget=47, Reduced K from 5 to 4
[Auto-Tune] Budget=47, Reduced K from 5 to 4
[Auto-Tune] Budget=47, Reduced K from 5 to 4
[Auto-Tune] Budget=47, Reduced K from 5 to 4
[Auto-Tune] Budget=47, Reduced K from 5 to 4
[Auto-Tune] Budget=45, Reduced K from 5 to 4
[Auto-Tune] Budget=45, Reduced K from 5 to 4
[Auto-Tune] Budget=45, Reduced K from 5 to 4
[Auto-Tune] Budget=45, Reduced K from 5 to 4
[Auto-Tune] Budget=45, Reduced K from 5 to 4
[Auto-Tune] Budget=22, Reduced K from 5 to 2
[Auto-Tune] Budget=22, Reduced K from 5 to 2
[Auto-Tune] Budget=22, Reduced K from 5 to 2
[Auto-Tune] Budget=22, Reduced K from 5 to 2
[Auto-Tune] Budget=22, Reduced K from 5 to 2
[Auto-Tune] Budget=46, Reduced K from 5 to 4
[Auto-Tune] Budget=46, Reduced K from 5 to 4
[Auto-Tune] Budget=46, Reduced K from 5 to 4
[Auto-Tune] Budget=46, Reduced K from 5 to 4
[Auto-Tune] Budget=46, Reduced K from 5 to 4
[Auto-Tune] Budget=34, Reduced K from 5 to 3
[Auto-Tune] Budget=34, Reduced K from 5 to 3
[Auto-Tune] Budget=34, Reduced K from 5 to 3
[Auto-Tune] Budget=34, Reduced K from 5 to 3
[Auto-Tune] Budget=34, Reduced K from 5 to 3
[Auto-Tune] Budget=49, Reduced K from 5 to 4
[Auto-Tune] Budget=49, Reduced K from 5 to 4
[Auto-Tune] Budget=49, Reduced K from 5 to 4
[Auto-Tune] Budget=49, Reduced K from 5 to 4
[Auto-Tune] Budget=49, Reduced K from 5 to 4
[Auto-Tune] Budget=38, Reduced K from 5 to 3
[Auto-Tune] Budget=38, Reduced K from 5 to 3
[Auto-Tune] Budget=38, Reduced K from 5 to 3
[Auto-Tune] Budget=38, Reduced K from 5 to 3
[Auto-Tune] Budget=38, Reduced K from 5 to 3
[Auto-Tune] Budget=47, Reduced K from 5 to 4
[Auto-Tune] Budget=47, Reduced K from 5 to 4
[Auto-Tune] Budget=47, Reduced K from 5 to 4
[Auto-Tune] Budget=47, Reduced K from 5 to 4
[Auto-Tune] Budget=47, Reduced K from 5 to 4
[Auto-Tune] Budget=49, Reduced K from 5 to 4
[Auto-Tune] Budget=49, Reduced K from 5 to 4
[Auto-Tune] Budget=49, Reduced K from 5 to 4
[Auto-Tune] Budget=49, Reduced K from 5 to 4
[Auto-Tune] Budget=49, Reduced K from 5 to 4
[Auto-Tune] Budget=47, Reduced K from 5 to 4
[Auto-Tune] Budget=47, Reduced K from 5 to 4
[Auto-Tune] Budget=47, Reduced K from 5 to 4
[Auto-Tune] Budget=47, Reduced K from 5 to 4
[Auto-Tune] Budget=47, Reduced K from 5 to 4
[Auto-Tune] Budget=47, Reduced K from 5 to 4
[Auto-Tune] Budget=47, Reduced K from 5 to 4
[Auto-Tune] Budget=47, Reduced K from 5 to 4
[Auto-Tune] Budget=47, Reduced K from 5 to 4
[Auto-Tune] Budget=47, Reduced K from 5 to 4
[Auto-Tune] Budget=23, Reduced K from 5 to 2
[Auto-Tune] Budget=23, Reduced K from 5 to 2
[Auto-Tune] Budget=23, Reduced K from 5 to 2
[Auto-Tune] Budget=23, Reduced K from 5 to 2
[Auto-Tune] Budget=23, Reduced K from 5 to 2
[Auto-Tune] Budget=46, Reduced K from 5 to 4
[Auto-Tune] Budget=46, Reduced K from 5 to 4
[Auto-Tune] Budget=46, Reduced K from 5 to 4
[Auto-Tune] Budget=46, Reduced K from 5 to 4
[Auto-Tune] Budget=46, Reduced K from 5 to 4
[Auto-Tune] Budget=46, Reduced K from 5 to 4
[Auto-Tune] Budget=46, Reduced K from 5 to 4
[Auto-Tune] Budget=46, Reduced K from 5 to 4
[Auto-Tune] Budget=46, Reduced K from 5 to 4
[Auto-Tune] Budget=46, Reduced K from 5 to 4
[Auto-Tune] Budget=40, Reduced K from 5 to 4
[Auto-Tune] Budget=40, Reduced K from 5 to 4
[Auto-Tune] Budget=40, Reduced K from 5 to 4
[Auto-Tune] Budget=40, Reduced K from 5 to 4
[Auto-Tune] Budget=40, Reduced K from 5 to 4
[Auto-Tune] Budget=41, Reduced K from 5 to 4
[Auto-Tune] Budget=41, Reduced K from 5 to 4
[Auto-Tune] Budget=41, Reduced K from 5 to 4
[Auto-Tune] Budget=41, Reduced K from 5 to 4
[Auto-Tune] Budget=41, Reduced K from 5 to 4
[Auto-Tune] Budget=44, Reduced K from 5 to 4
[Auto-Tune] Budget=44, Reduced K from 5 to 4
[Auto-Tune] Budget=44, Reduced K from 5 to 4
[Auto-Tune] Budget=44, Reduced K from 5 to 4
[Auto-Tune] Budget=44, Reduced K from 5 to 4
[Auto-Tune] Budget=39, Reduced K from 5 to 3
[Auto-Tune] Budget=39, Reduced K from 5 to 3
[Auto-Tune] Budget=39, Reduced K from 5 to 3
[Auto-Tune] Budget=39, Reduced K from 5 to 3
[Auto-Tune] Budget=39, Reduced K from 5 to 3
[Auto-Tune] Budget=39, Reduced K from 5 to 3
[Auto-Tune] Budget=39, Reduced K from 5 to 3
[Auto-Tune] Budget=39, Reduced K from 5 to 3
[Auto-Tune] Budget=39, Reduced K from 5 to 3
[Auto-Tune] Budget=39, Reduced K from 5 to 3
[Auto-Tune] Budget=36, Reduced K from 5 to 3
[Auto-Tune] Budget=36, Reduced K from 5 to 3
[Auto-Tune] Budget=36, Reduced K from 5 to 3
[Auto-Tune] Budget=36, Reduced K from 5 to 3
[Auto-Tune] Budget=36, Reduced K from 5 to 3
[Auto-Tune] Budget=38, Reduced K from 5 to 3
[Auto-Tune] Budget=38, Reduced K from 5 to 3
[Auto-Tune] Budget=38, Reduced K from 5 to 3
[Auto-Tune] Budget=38, Reduced K from 5 to 3
[Auto-Tune] Budget=38, Reduced K from 5 to 3
[Auto-Tune] Budget=42, Reduced K from 5 to 4
[Auto-Tune] Budget=42, Reduced K from 5 to 4
[Auto-Tune] Budget=42, Reduced K from 5 to 4
[Auto-Tune] Budget=42, Reduced K from 5 to 4
[Auto-Tune] Budget=42, Reduced K from 5 to 4
[Auto-Tune] Budget=44, Reduced K from 5 to 4
[Auto-Tune] Budget=44, Reduced K from 5 to 4
[Auto-Tune] Budget=44, Reduced K from 5 to 4
[Auto-Tune] Budget=44, Reduced K from 5 to 4
[Auto-Tune] Budget=44, Reduced K from 5 to 4
[Auto-Tune] Budget=48, Reduced K from 5 to 4
[Auto-Tune] Budget=48, Reduced K from 5 to 4
[Auto-Tune] Budget=48, Reduced K from 5 to 4
[Auto-Tune] Budget=48, Reduced K from 5 to 4
[Auto-Tune] Budget=48, Reduced K from 5 to 4
[Auto-Tune] Budget=45, Reduced K from 5 to 4
[Auto-Tune] Budget=45, Reduced K from 5 to 4
[Auto-Tune] Budget=45, Reduced K from 5 to 4
[Auto-Tune] Budget=45, Reduced K from 5 to 4
[Auto-Tune] Budget=45, Reduced K from 5 to 4
[Auto-Tune] Budget=44, Reduced K from 5 to 4
[Auto-Tune] Budget=44, Reduced K from 5 to 4
[Auto-Tune] Budget=44, Reduced K from 5 to 4
[Auto-Tune] Budget=44, Reduced K from 5 to 4
[Auto-Tune] Budget=44, Reduced K from 5 to 4
[Auto-Tune] Budget=19, Reduced K from 5 to 1
[Auto-Tune] Budget=19, Reduced K from 5 to 1
[Auto-Tune] Budget=19, Reduced K from 5 to 1
[Auto-Tune] Budget=19, Reduced K from 5 to 1
[Auto-Tune] Budget=19, Reduced K from 5 to 1
[Auto-Tune] Budget=22, Reduced K from 5 to 2
[Auto-Tune] Budget=22, Reduced K from 5 to 2
[Auto-Tune] Budget=22, Reduced K from 5 to 2
[Auto-Tune] Budget=22, Reduced K from 5 to 2
[Auto-Tune] Budget=22, Reduced K from 5 to 2
[Auto-Tune] Budget=44, Reduced K from 5 to 4
[Auto-Tune] Budget=44, Reduced K from 5 to 4
[Auto-Tune] Budget=44, Reduced K from 5 to 4
[Auto-Tune] Budget=44, Reduced K from 5 to 4
[Auto-Tune] Budget=44, Reduced K from 5 to 4
[Auto-Tune] Budget=47, Reduced K from 5 to 4
[Auto-Tune] Budget=47, Reduced K from 5 to 4
[Auto-Tune] Budget=47, Reduced K from 5 to 4
[Auto-Tune] Budget=47, Reduced K from 5 to 4
[Auto-Tune] Budget=47, Reduced K from 5 to 4
[Auto-Tune] Budget=20, Reduced K from 5 to 2
[Auto-Tune] Budget=20, Reduced K from 5 to 2
[Auto-Tune] Budget=20, Reduced K from 5 to 2
[Auto-Tune] Budget=20, Reduced K from 5 to 2
[Auto-Tune] Budget=20, Reduced K from 5 to 2
[Auto-Tune] Budget=44, Reduced K from 5 to 4
[Auto-Tune] Budget=44, Reduced K from 5 to 4
[Auto-Tune] Budget=44, Reduced K from 5 to 4
[Auto-Tune] Budget=44, Reduced K from 5 to 4
[Auto-Tune] Budget=44, Reduced K from 5 to 4
[Auto-Tune] Budget=48, Reduced K from 5 to 4
[Auto-Tune] Budget=48, Reduced K from 5 to 4
[Auto-Tune] Budget=48, Reduced K from 5 to 4
[Auto-Tune] Budget=48, Reduced K from 5 to 4
[Auto-Tune] Budget=48, Reduced K from 5 to 4
[Auto-Tune] Budget=49, Reduced K from 5 to 4
[Auto-Tune] Budget=49, Reduced K from 5 to 4
[Auto-Tune] Budget=49, Reduced K from 5 to 4
[Auto-Tune] Budget=49, Reduced K from 5 to 4
[Auto-Tune] Budget=49, Reduced K from 5 to 4
[Auto-Tune] Budget=49, Reduced K from 5 to 4
[Auto-Tune] Budget=49, Reduced K from 5 to 4
[Auto-Tune] Budget=49, Reduced K from 5 to 4
[Auto-Tune] Budget=49, Reduced K from 5 to 4
[Auto-Tune] Budget=49, Reduced K from 5 to 4
[Auto-Tune] Budget=46, Reduced K from 5 to 4
[Auto-Tune] Budget=46, Reduced K from 5 to 4
[Auto-Tune] Budget=46, Reduced K from 5 to 4
[Auto-Tune] Budget=46, Reduced K from 5 to 4
[Auto-Tune] Budget=46, Reduced K from 5 to 4
[Auto-Tune] Budget=45, Reduced K from 5 to 4
[Auto-Tune] Budget=45, Reduced K from 5 to 4
[Auto-Tune] Budget=45, Reduced K from 5 to 4
[Auto-Tune] Budget=45, Reduced K from 5 to 4
[Auto-Tune] Budget=45, Reduced K from 5 to 4
[Auto-Tune] Budget=48, Reduced K from 5 to 4
[Auto-Tune] Budget=48, Reduced K from 5 to 4
[Auto-Tune] Budget=48, Reduced K from 5 to 4
[Auto-Tune] Budget=48, Reduced K from 5 to 4
[Auto-Tune] Budget=48, Reduced K from 5 to 4
[Auto-Tune] Budget=44, Reduced K from 5 to 4
[Auto-Tune] Budget=44, Reduced K from 5 to 4
[Auto-Tune] Budget=44, Reduced K from 5 to 4
[Auto-Tune] Budget=44, Reduced K from 5 to 4
[Auto-Tune] Budget=44, Reduced K from 5 to 4
[Auto-Tune] Budget=48, Reduced K from 5 to 4
[Auto-Tune] Budget=48, Reduced K from 5 to 4
[Auto-Tune] Budget=48, Reduced K from 5 to 4
[Auto-Tune] Budget=48, Reduced K from 5 to 4
[Auto-Tune] Budget=48, Reduced K from 5 to 4
[Auto-Tune] Budget=43, Reduced K from 5 to 4
[Auto-Tune] Budget=43, Reduced K from 5 to 4
[Auto-Tune] Budget=43, Reduced K from 5 to 4
[Auto-Tune] Budget=43, Reduced K from 5 to 4
[Auto-Tune] Budget=43, Reduced K from 5 to 4
[Auto-Tune] Budget=46, Reduced K from 5 to 4
[Auto-Tune] Budget=46, Reduced K from 5 to 4
[Auto-Tune] Budget=46, Reduced K from 5 to 4
[Auto-Tune] Budget=46, Reduced K from 5 to 4
[Auto-Tune] Budget=46, Reduced K from 5 to 4
[Auto-Tune] Budget=44, Reduced K from 5 to 4
[Auto-Tune] Budget=44, Reduced K from 5 to 4
[Auto-Tune] Budget=44, Reduced K from 5 to 4
[Auto-Tune] Budget=44, Reduced K from 5 to 4
[Auto-Tune] Budget=44, Reduced K from 5 to 4
[Auto-Tune] Budget=49, Reduced K from 5 to 4
[Auto-Tune] Budget=49, Reduced K from 5 to 4
[Auto-Tune] Budget=49, Reduced K from 5 to 4
[Auto-Tune] Budget=49, Reduced K from 5 to 4
[Auto-Tune] Budget=49, Reduced K from 5 to 4
[Auto-Tune] Budget=11, Reduced K from 5 to 1
[Auto-Tune] Budget=11, Reduced K from 5 to 1
[Auto-Tune] Budget=11, Reduced K from 5 to 1
[Auto-Tune] Budget=11, Reduced K from 5 to 1
[Auto-Tune] Budget=11, Reduced K from 5 to 1
[Auto-Tune] Budget=34, Reduced K from 5 to 3
[Auto-Tune] Budget=34, Reduced K from 5 to 3
[Auto-Tune] Budget=34, Reduced K from 5 to 3
[Auto-Tune] Budget=34, Reduced K from 5 to 3
[Auto-Tune] Budget=34, Reduced K from 5 to 3
[Auto-Tune] Budget=40, Reduced K from 5 to 4
[Auto-Tune] Budget=40, Reduced K from 5 to 4
[Auto-Tune] Budget=40, Reduced K from 5 to 4
[Auto-Tune] Budget=40, Reduced K from 5 to 4
[Auto-Tune] Budget=40, Reduced K from 5 to 4
[Done] 评估完成，已保存至: /home/wangshuo/projects/PROXY/datasets/amazon/results/efficiency/allocation_strategy_comparison_count.csv

==============================================================================
🎉 Amazon [COUNT 模式] 全部执行完毕！
==============================================================================
