bash: /home/wangshuo/software/anaconda3/lib/libtinfo.so.6: no version information available (required by bash)
==============================================================================
🚀 开始 Parler [SUM 模式] 一键评估
==============================================================================

[Step 1/2] 正在调用 C++ 引擎估计 SUM 投影空间权重并物化...
======================================================================
🚀 开始执行核心实例抽取与聚合流水线 (极致提速版)
   • 数据集名称 : parler
   • 聚合模式   : SUM  <--- [当前模式]
======================================================================

[Step 0] 启动 C++ FastestRunner...
🚀 正在运行: /home/wangshuo/projects/PROXY/cProject/build/Fastest -d parler --ROOT_LABEL -1 --SAMPLE_BUDGET 60000 --BASE_DIR /home/wangshuo/projects/PROXY/datasets --AGG_FUNC sum --SUM_TABLE post --SUM_COL upvotes --SUM_LABEL 1

[CLI] Root label set to -1
[CLI] Sample budget set to 60000
[CLI] Base Dir set to /home/wangshuo/projects/PROXY/datasets
[info] SAMPLE_BUDGET:60000
[Info] Cleared old estimate file: /home/wangshuo/projects/PROXY/datasets/parler/results/in_estimateW_result_sum.txt
[Info] budget_curve_path: /home/wangshuo/projects/PROXY/datasets/parler/results/efficiency/FOIS_rs_POSS_budget_curve_fast.csv
[info] args:0x7ffd123371c8
[info] summary_run1_path:/home/wangshuo/projects/PROXY/datasets/parler/results/result_summarys/ML1_proxy4b_probability/results_summary_run_1.csv
[Info] Reading core nodes configuration from: /home/wangshuo/projects/PROXY/datasets/parler/data_graph/core_nodes_config.json
[Info] Loaded core query-node configs for 246 queries.
[Info] Loaded predicate-label configs for 246 queries.
[infor] root label-1
Constructing Candidate Space: 12 24
[info] Query Size:246
[Info] Loading SUM column from /home/wangshuo/projects/PROXY/datasets/parler/csv_data/post.csv col: upvotes
[Info] Agg column ready. Updated rows: 24082

Start Processing /home/wangshuo/projects/PROXY/datasets/parler/query_graph/query_cycle_4_0.graph for core instances with query nodes: 1 
[Info] Auto-selected query root index 1 with (transferred) label 1
[Check] Sample budget = 60000
[Check] Sum of instance estimates = 1.62067e+10, Global estimate = 1.62067e+10, Ratio = 1
[Info] Appended instance results for query_cycle_4_0.graph to CSV in long format.
Global Estimated Value: 16206665866.90
/home/wangshuo/projects/PROXY/datasets/parler/query_graph/query_cycle_4_0.graph Finished!


Start Processing /home/wangshuo/projects/PROXY/datasets/parler/query_graph/query_cycle_4_1.graph for core instances with query nodes: 1 
[Info] Auto-selected query root index 1 with (transferred) label 1
[Check] Sample budget = 60000
[Check] Sum of instance estimates = 16262025534.51, Global estimate = 16262025534.51, Ratio = 1.00
[Info] Appended instance results for query_cycle_4_1.graph to CSV in long format.
Global Estimated Value: 16262025534.51
/home/wangshuo/projects/PROXY/datasets/parler/query_graph/query_cycle_4_1.graph Finished!


Start Processing /home/wangshuo/projects/PROXY/datasets/parler/query_graph/query_cycle_4_10.graph for core instances with query nodes: 0 
[Info] Auto-selected query root index 0 with (transferred) label 1
[Check] Sample budget = 60000
[Check] Sum of instance estimates = 4363033691.85, Global estimate = 4363033691.85, Ratio = 1.00
[Info] Appended instance results for query_cycle_4_10.graph to CSV in long format.
Global Estimated Value: 4363033691.85
/home/wangshuo/projects/PROXY/datasets/parler/query_graph/query_cycle_4_10.graph Finished!


Start Processing /home/wangshuo/projects/PROXY/datasets/parler/query_graph/query_cycle_4_11.graph for core instances with query nodes: 1 
[Info] Auto-selected query root index 0 with (transferred) label 0
[Check] Sample budget = 60000
[Check] Sum of instance estimates = 61355905.90, Global estimate = 61355905.90, Ratio = 1.00
[Info] Appended instance results for query_cycle_4_11.graph to CSV in long format.
Global Estimated Value: 61355905.90
/home/wangshuo/projects/PROXY/datasets/parler/query_graph/query_cycle_4_11.graph Finished!


Start Processing /home/wangshuo/projects/PROXY/datasets/parler/query_graph/query_cycle_4_12.graph for core instances with query nodes: 1 
[Info] Auto-selected query root index 0 with (transferred) label 0
[Check] Sample budget = 60000
[Check] Sum of instance estimates = 190967799.11, Global estimate = 190967799.11, Ratio = 1.00
[Info] Appended instance results for query_cycle_4_12.graph to CSV in long format.
Global Estimated Value: 190967799.11
/home/wangshuo/projects/PROXY/datasets/parler/query_graph/query_cycle_4_12.graph Finished!


Start Processing /home/wangshuo/projects/PROXY/datasets/parler/query_graph/query_cycle_4_13.graph for core instances with query nodes: 2 
[Info] Auto-selected query root index 2 with (transferred) label 1
[Check] Sample budget = 60000
[Check] Sum of instance estimates = 11999395126.32, Global estimate = 11999395126.32, Ratio = 1.00
[Info] Appended instance results for query_cycle_4_13.graph to CSV in long format.
Global Estimated Value: 11999395126.32
/home/wangshuo/projects/PROXY/datasets/parler/query_graph/query_cycle_4_13.graph Finished!


Start Processing /home/wangshuo/projects/PROXY/datasets/parler/query_graph/query_cycle_4_14.graph for core instances with query nodes: 2 
[Info] Auto-selected query root index 2 with (transferred) label 1
[Check] Sample budget = 60000
[Check] Sum of instance estimates = 12030963887.69, Global estimate = 12030963887.69, Ratio = 1.00
[Info] Appended instance results for query_cycle_4_14.graph to CSV in long format.
Global Estimated Value: 12030963887.69
/home/wangshuo/projects/PROXY/datasets/parler/query_graph/query_cycle_4_14.graph Finished!


Start Processing /home/wangshuo/projects/PROXY/datasets/parler/query_graph/query_cycle_4_2.graph for core instances with query nodes: 1 
[Info] Auto-selected query root index 0 with (transferred) label 0
[Check] Sample budget = 60000
[Check] Sum of instance estimates = 1305564791.98, Global estimate = 1305564791.98, Ratio = 1.00
[Info] Appended instance results for query_cycle_4_2.graph to CSV in long format.
Global Estimated Value: 1305564791.98
/home/wangshuo/projects/PROXY/datasets/parler/query_graph/query_cycle_4_2.graph Finished!


Start Processing /home/wangshuo/projects/PROXY/datasets/parler/query_graph/query_cycle_4_3.graph for core instances with query nodes: 0 
[Info] Auto-selected query root index 0 with (transferred) label 1
[Check] Sample budget = 60000
[Check] Sum of instance estimates = 35386764.58, Global estimate = 35386764.58, Ratio = 1.00
[Info] Appended instance results for query_cycle_4_3.graph to CSV in long format.
Global Estimated Value: 35386764.58
/home/wangshuo/projects/PROXY/datasets/parler/query_graph/query_cycle_4_3.graph Finished!


Start Processing /home/wangshuo/projects/PROXY/datasets/parler/query_graph/query_cycle_4_4.graph for core instances with query nodes: 1 
[Info] Auto-selected query root index 1 with (transferred) label 1
[Check] Sample budget = 60000
[Check] Sum of instance estimates = 23195613.81, Global estimate = 23195613.81, Ratio = 1.00
[Info] Appended instance results for query_cycle_4_4.graph to CSV in long format.
Global Estimated Value: 23195613.81
/home/wangshuo/projects/PROXY/datasets/parler/query_graph/query_cycle_4_4.graph Finished!


Start Processing /home/wangshuo/projects/PROXY/datasets/parler/query_graph/query_cycle_4_5.graph for core instances with query nodes: 1 
[Info] Auto-selected query root index 0 with (transferred) label 0
[Check] Sample budget = 60000
[Check] Sum of instance estimates = 1289346062.29, Global estimate = 1289346062.29, Ratio = 1.00
[Info] Appended instance results for query_cycle_4_5.graph to CSV in long format.
Global Estimated Value: 1289346062.29
/home/wangshuo/projects/PROXY/datasets/parler/query_graph/query_cycle_4_5.graph Finished!


Start Processing /home/wangshuo/projects/PROXY/datasets/parler/query_graph/query_cycle_4_6.graph for core instances with query nodes: 1 
[Info] Auto-selected query root index 1 with (transferred) label 1
[Check] Sample budget = 60000
[Check] Sum of instance estimates = 23390146.93, Global estimate = 23390146.93, Ratio = 1.00
[Info] Appended instance results for query_cycle_4_6.graph to CSV in long format.
Global Estimated Value: 23390146.93
/home/wangshuo/projects/PROXY/datasets/parler/query_graph/query_cycle_4_6.graph Finished!


Start Processing /home/wangshuo/projects/PROXY/datasets/parler/query_graph/query_cycle_4_7.graph for core instances with query nodes: 1 
[Info] Auto-selected query root index 1 with (transferred) label 1
[Check] Sample budget = 60000
[Check] Sum of instance estimates = 3010734546.99, Global estimate = 3010734546.99, Ratio = 1.00
[Info] Appended instance results for query_cycle_4_7.graph to CSV in long format.
Global Estimated Value: 3010734546.99
/home/wangshuo/projects/PROXY/datasets/parler/query_graph/query_cycle_4_7.graph Finished!


Start Processing /home/wangshuo/projects/PROXY/datasets/parler/query_graph/query_cycle_4_8.graph for core instances with query nodes: 0 
[Info] Auto-selected query root index 0 with (transferred) label 1
[Check] Sample budget = 60000
[Check] Sum of instance estimates = 4380920444.71, Global estimate = 4380920444.71, Ratio = 1.00
[Info] Appended instance results for query_cycle_4_8.graph to CSV in long format.
Global Estimated Value: 4380920444.71
/home/wangshuo/projects/PROXY/datasets/parler/query_graph/query_cycle_4_8.graph Finished!


Start Processing /home/wangshuo/projects/PROXY/datasets/parler/query_graph/query_cycle_4_9.graph for core instances with query nodes: 1 
[Info] Auto-selected query root index 0 with (transferred) label 0
[Check] Sample budget = 60000
[Check] Sum of instance estimates = 8296379.04, Global estimate = 8296379.04, Ratio = 1.00
[Info] Appended instance results for query_cycle_4_9.graph to CSV in long format.
Global Estimated Value: 8296379.04
/home/wangshuo/projects/PROXY/datasets/parler/query_graph/query_cycle_4_9.graph Finished!


Start Processing /home/wangshuo/projects/PROXY/datasets/parler/query_graph/query_cycle_6_104.graph for core instances with query nodes: 2 
[Info] Auto-selected query root index 2 with (transferred) label 1
[Check] Sample budget = 60000
[Check] Sum of instance estimates = 3793840060.57, Global estimate = 3793840060.57, Ratio = 1.00
[Info] Appended instance results for query_cycle_6_104.graph to CSV in long format.
Global Estimated Value: 3793840060.57
/home/wangshuo/projects/PROXY/datasets/parler/query_graph/query_cycle_6_104.graph Finished!


Start Processing /home/wangshuo/projects/PROXY/datasets/parler/query_graph/query_cycle_6_106.graph for core instances with query nodes: 2 
[Info] Auto-selected query root index 2 with (transferred) label 1
[Check] Sample budget = 60000
[Check] Sum of instance estimates = 3831054712.65, Global estimate = 3831054712.65, Ratio = 1.00
[Info] Appended instance results for query_cycle_6_106.graph to CSV in long format.
Global Estimated Value: 3831054712.65
/home/wangshuo/projects/PROXY/datasets/parler/query_graph/query_cycle_6_106.graph Finished!


Start Processing /home/wangshuo/projects/PROXY/datasets/parler/query_graph/query_cycle_6_109.graph for core instances with query nodes: 2 
[Info] Auto-selected query root index 2 with (transferred) label 1
[Check] Sample budget = 60000
[Check] Sum of instance estimates = 3789924942.88, Global estimate = 3789924942.88, Ratio = 1.00
[Info] Appended instance results for query_cycle_6_109.graph to CSV in long format.
Global Estimated Value: 3789924942.88
/home/wangshuo/projects/PROXY/datasets/parler/query_graph/query_cycle_6_109.graph Finished!


Start Processing /home/wangshuo/projects/PROXY/datasets/parler/query_graph/query_cycle_6_112.graph for core instances with query nodes: 2 
[Info] Auto-selected query root index 2 with (transferred) label 1
[Check] Sample budget = 60000
[Check] Sum of instance estimates = 139137225143.50, Global estimate = 139137225143.50, Ratio = 1.00
[Info] Appended instance results for query_cycle_6_112.graph to CSV in long format.
Global Estimated Value: 139137225143.50
/home/wangshuo/projects/PROXY/datasets/parler/query_graph/query_cycle_6_112.graph Finished!


Start Processing /home/wangshuo/projects/PROXY/datasets/parler/query_graph/query_cycle_6_113.graph for core instances with query nodes: 1 
[Info] Auto-selected query root index 0 with (transferred) label 0
[Check] Sample budget = 60000
[Check] Sum of instance estimates = 12148468312.77, Global estimate = 12148468312.77, Ratio = 1.00
[Info] Appended instance results for query_cycle_6_113.graph to CSV in long format.
Global Estimated Value: 12148468312.77
/home/wangshuo/projects/PROXY/datasets/parler/query_graph/query_cycle_6_113.graph Finished!


Start Processing /home/wangshuo/projects/PROXY/datasets/parler/query_graph/query_cycle_6_116.graph for core instances with query nodes: 1 
[Info] Auto-selected query root index 0 with (transferred) label 0
[Check] Sample budget = 60000
[Check] Sum of instance estimates = 5919890548.34, Global estimate = 5919890548.34, Ratio = 1.00
[Info] Appended instance results for query_cycle_6_116.graph to CSV in long format.
Global Estimated Value: 5919890548.34
/home/wangshuo/projects/PROXY/datasets/parler/query_graph/query_cycle_6_116.graph Finished!


Start Processing /home/wangshuo/projects/PROXY/datasets/parler/query_graph/query_cycle_6_118.graph for core instances with query nodes: 1 
[Info] Auto-selected query root index 0 with (transferred) label 0
[Check] Sample budget = 60000
[Check] Sum of instance estimates = 6070403230.07, Global estimate = 6070403230.07, Ratio = 1.00
[Info] Appended instance results for query_cycle_6_118.graph to CSV in long format.
Global Estimated Value: 6070403230.07
/home/wangshuo/projects/PROXY/datasets/parler/query_graph/query_cycle_6_118.graph Finished!


Start Processing /home/wangshuo/projects/PROXY/datasets/parler/query_graph/query_cycle_6_119.graph for core instances with query nodes: 2 
[Info] Auto-selected query root index 0 with (transferred) label 0
[Check] Sample budget = 60000
[Check] Sum of instance estimates = 21516169792.57, Global estimate = 21516169792.57, Ratio = 1.00
[Info] Appended instance results for query_cycle_6_119.graph to CSV in long format.
Global Estimated Value: 21516169792.57
/home/wangshuo/projects/PROXY/datasets/parler/query_graph/query_cycle_6_119.graph Finished!


Start Processing /home/wangshuo/projects/PROXY/datasets/parler/query_graph/query_cycle_6_120.graph for core instances with query nodes: 2 
[Info] Auto-selected query root index 0 with (transferred) label 0
[Check] Sample budget = 60000
[Check] Sum of instance estimates = 8868691432.08, Global estimate = 8868691432.08, Ratio = 1.00
[Info] Appended instance results for query_cycle_6_120.graph to CSV in long format.
Global Estimated Value: 8868691432.08
/home/wangshuo/projects/PROXY/datasets/parler/query_graph/query_cycle_6_120.graph Finished!


Start Processing /home/wangshuo/projects/PROXY/datasets/parler/query_graph/query_cycle_6_121.graph for core instances with query nodes: 2 
[Info] Auto-selected query root index 2 with (transferred) label 1
[Check] Sample budget = 60000
[Check] Sum of instance estimates = 267488292.46, Global estimate = 267488292.46, Ratio = 1.00
[Info] Appended instance results for query_cycle_6_121.graph to CSV in long format.
Global Estimated Value: 267488292.46
/home/wangshuo/projects/PROXY/datasets/parler/query_graph/query_cycle_6_121.graph Finished!


Start Processing /home/wangshuo/projects/PROXY/datasets/parler/query_graph/query_cycle_6_122.graph for core instances with query nodes: 1 
[Info] Auto-selected query root index 1 with (transferred) label 1
[Check] Sample budget = 60000
[Check] Sum of instance estimates = 53539078145.07, Global estimate = 53539078145.07, Ratio = 1.00
[Info] Appended instance results for query_cycle_6_122.graph to CSV in long format.
Global Estimated Value: 53539078145.07
/home/wangshuo/projects/PROXY/datasets/parler/query_graph/query_cycle_6_122.graph Finished!


Start Processing /home/wangshuo/projects/PROXY/datasets/parler/query_graph/query_cycle_6_123.graph for core instances with query nodes: 1 
[Info] Auto-selected query root index 0 with (transferred) label 0
[Check] Sample budget = 60000
[Check] Sum of instance estimates = 5997805942.42, Global estimate = 5997805942.42, Ratio = 1.00
[Info] Appended instance results for query_cycle_6_123.graph to CSV in long format.
Global Estimated Value: 5997805942.42
/home/wangshuo/projects/PROXY/datasets/parler/query_graph/query_cycle_6_123.graph Finished!


Start Processing /home/wangshuo/projects/PROXY/datasets/parler/query_graph/query_cycle_6_124.graph for core instances with query nodes: 1 
[Info] Auto-selected query root index 0 with (transferred) label 0
[Check] Sample budget = 60000
[Check] Sum of instance estimates = 56615515776.37, Global estimate = 56615515776.37, Ratio = 1.00
[Info] Appended instance results for query_cycle_6_124.graph to CSV in long format.
Global Estimated Value: 56615515776.37
/home/wangshuo/projects/PROXY/datasets/parler/query_graph/query_cycle_6_124.graph Finished!


Start Processing /home/wangshuo/projects/PROXY/datasets/parler/query_graph/query_cycle_6_125.graph for core instances with query nodes: 2 
[Info] Auto-selected query root index 2 with (transferred) label 1
[Check] Sample budget = 60000
[Check] Sum of instance estimates = 141106829221.20, Global estimate = 141106829221.20, Ratio = 1.00
[Info] Appended instance results for query_cycle_6_125.graph to CSV in long format.
Global Estimated Value: 141106829221.20
/home/wangshuo/projects/PROXY/datasets/parler/query_graph/query_cycle_6_125.graph Finished!


Start Processing /home/wangshuo/projects/PROXY/datasets/parler/query_graph/query_cycle_6_126.graph for core instances with query nodes: 1 
[Info] Auto-selected query root index 0 with (transferred) label 0
[Check] Sample budget = 60000
[Check] Sum of instance estimates = 6053094112.59, Global estimate = 6053094112.59, Ratio = 1.00
[Info] Appended instance results for query_cycle_6_126.graph to CSV in long format.
Global Estimated Value: 6053094112.59
/home/wangshuo/projects/PROXY/datasets/parler/query_graph/query_cycle_6_126.graph Finished!


Start Processing /home/wangshuo/projects/PROXY/datasets/parler/query_graph/query_cycle_6_127.graph for core instances with query nodes: 2 
[Info] Auto-selected query root index 0 with (transferred) label 0
[Check] Sample budget = 60000
[Check] Sum of instance estimates = 4759949.27, Global estimate = 4759949.27, Ratio = 1.00
[Info] Appended instance results for query_cycle_6_127.graph to CSV in long format.
Global Estimated Value: 4759949.27
/home/wangshuo/projects/PROXY/datasets/parler/query_graph/query_cycle_6_127.graph Finished!


Start Processing /home/wangshuo/projects/PROXY/datasets/parler/query_graph/query_cycle_6_128.graph for core instances with query nodes: 2 
[Info] Auto-selected query root index 2 with (transferred) label 1
[Check] Sample budget = 60000
[Check] Sum of instance estimates = 141355055602.42, Global estimate = 141355055602.43, Ratio = 1.00
[Info] Appended instance results for query_cycle_6_128.graph to CSV in long format.
Global Estimated Value: 141355055602.43
/home/wangshuo/projects/PROXY/datasets/parler/query_graph/query_cycle_6_128.graph Finished!


Start Processing /home/wangshuo/projects/PROXY/datasets/parler/query_graph/query_cycle_6_129.graph for core instances with query nodes: 1 
[Info] Auto-selected query root index 1 with (transferred) label 1
[Check] Sample budget = 60000
[Check] Sum of instance estimates = 49265127986.77, Global estimate = 49265127986.77, Ratio = 1.00
[Info] Appended instance results for query_cycle_6_129.graph to CSV in long format.
Global Estimated Value: 49265127986.77
/home/wangshuo/projects/PROXY/datasets/parler/query_graph/query_cycle_6_129.graph Finished!


Start Processing /home/wangshuo/projects/PROXY/datasets/parler/query_graph/query_cycle_6_130.graph for core instances with query nodes: 2 
[Info] Auto-selected query root index 1 with (transferred) label 0
[Check] Sample budget = 60000
[Check] Sum of instance estimates = 1349511097.35, Global estimate = 1349511097.35, Ratio = 1.00
[Info] Appended instance results for query_cycle_6_130.graph to CSV in long format.
Global Estimated Value: 1349511097.35
/home/wangshuo/projects/PROXY/datasets/parler/query_graph/query_cycle_6_130.graph Finished!


Start Processing /home/wangshuo/projects/PROXY/datasets/parler/query_graph/query_cycle_6_132.graph for core instances with query nodes: 2 
[Info] Auto-selected query root index 2 with (transferred) label 1
[Check] Sample budget = 60000
[Check] Sum of instance estimates = 2211701526.38, Global estimate = 2211701526.38, Ratio = 1.00
[Info] Appended instance results for query_cycle_6_132.graph to CSV in long format.
Global Estimated Value: 2211701526.38
/home/wangshuo/projects/PROXY/datasets/parler/query_graph/query_cycle_6_132.graph Finished!


Start Processing /home/wangshuo/projects/PROXY/datasets/parler/query_graph/query_cycle_6_133.graph for core instances with query nodes: 1 
[Info] Auto-selected query root index 1 with (transferred) label 1
[Check] Sample budget = 60000
[Check] Sum of instance estimates = 54298984328.62, Global estimate = 54298984328.62, Ratio = 1.00
[Info] Appended instance results for query_cycle_6_133.graph to CSV in long format.
Global Estimated Value: 54298984328.62
/home/wangshuo/projects/PROXY/datasets/parler/query_graph/query_cycle_6_133.graph Finished!


Start Processing /home/wangshuo/projects/PROXY/datasets/parler/query_graph/query_cycle_6_135.graph for core instances with query nodes: 1 
[Info] Auto-selected query root index 0 with (transferred) label 0
[Check] Sample budget = 60000
[Check] Sum of instance estimates = 57832817753.83, Global estimate = 57832817753.83, Ratio = 1.00
[Info] Appended instance results for query_cycle_6_135.graph to CSV in long format.
Global Estimated Value: 57832817753.83
/home/wangshuo/projects/PROXY/datasets/parler/query_graph/query_cycle_6_135.graph Finished!


Start Processing /home/wangshuo/projects/PROXY/datasets/parler/query_graph/query_cycle_6_136.graph for core instances with query nodes: 1 
[Info] Auto-selected query root index 0 with (transferred) label 0
[Check] Sample budget = 60000
[Check] Sum of instance estimates = 14330754609.21, Global estimate = 14330754609.21, Ratio = 1.00
[Info] Appended instance results for query_cycle_6_136.graph to CSV in long format.
Global Estimated Value: 14330754609.21
/home/wangshuo/projects/PROXY/datasets/parler/query_graph/query_cycle_6_136.graph Finished!


Start Processing /home/wangshuo/projects/PROXY/datasets/parler/query_graph/query_cycle_6_138.graph for core instances with query nodes: 2 
[Info] Auto-selected query root index 2 with (transferred) label 1
[Check] Sample budget = 60000
[Check] Sum of instance estimates = 3835535478.54, Global estimate = 3835535478.54, Ratio = 1.00
[Info] Appended instance results for query_cycle_6_138.graph to CSV in long format.
Global Estimated Value: 3835535478.54
/home/wangshuo/projects/PROXY/datasets/parler/query_graph/query_cycle_6_138.graph Finished!


Start Processing /home/wangshuo/projects/PROXY/datasets/parler/query_graph/query_cycle_6_140.graph for core instances with query nodes: 2 
[Info] Auto-selected query root index 0 with (transferred) label 0
[Check] Sample budget = 60000
[Check] Sum of instance estimates = 8866244252.61, Global estimate = 8866244252.61, Ratio = 1.00
[Info] Appended instance results for query_cycle_6_140.graph to CSV in long format.
Global Estimated Value: 8866244252.61
/home/wangshuo/projects/PROXY/datasets/parler/query_graph/query_cycle_6_140.graph Finished!


Start Processing /home/wangshuo/projects/PROXY/datasets/parler/query_graph/query_cycle_6_142.graph for core instances with query nodes: 2 
[Info] Auto-selected query root index 0 with (transferred) label 0
[Check] Sample budget = 60000
[Check] Sum of instance estimates = 21308139965.75, Global estimate = 21308139965.75, Ratio = 1.00
[Info] Appended instance results for query_cycle_6_142.graph to CSV in long format.
Global Estimated Value: 21308139965.75
/home/wangshuo/projects/PROXY/datasets/parler/query_graph/query_cycle_6_142.graph Finished!


Start Processing /home/wangshuo/projects/PROXY/datasets/parler/query_graph/query_cycle_6_143.graph for core instances with query nodes: 1 
[Info] Auto-selected query root index 0 with (transferred) label 0
[Check] Sample budget = 60000
[Check] Sum of instance estimates = 14157081958.65, Global estimate = 14157081958.65, Ratio = 1.00
[Info] Appended instance results for query_cycle_6_143.graph to CSV in long format.
Global Estimated Value: 14157081958.65
/home/wangshuo/projects/PROXY/datasets/parler/query_graph/query_cycle_6_143.graph Finished!


Start Processing /home/wangshuo/projects/PROXY/datasets/parler/query_graph/query_cycle_6_145.graph for core instances with query nodes: 1 
[Info] Auto-selected query root index 1 with (transferred) label 1
[Check] Sample budget = 60000
[Check] Sum of instance estimates = 53088166666.12, Global estimate = 53088166666.12, Ratio = 1.00
[Info] Appended instance results for query_cycle_6_145.graph to CSV in long format.
Global Estimated Value: 53088166666.12
/home/wangshuo/projects/PROXY/datasets/parler/query_graph/query_cycle_6_145.graph Finished!


Start Processing /home/wangshuo/projects/PROXY/datasets/parler/query_graph/query_cycle_6_147.graph for core instances with query nodes: 1 
[Info] Auto-selected query root index 0 with (transferred) label 0
[Check] Sample budget = 60000
[Check] Sum of instance estimates = 56805881310.29, Global estimate = 56805881310.29, Ratio = 1.00
[Info] Appended instance results for query_cycle_6_147.graph to CSV in long format.
Global Estimated Value: 56805881310.29
/home/wangshuo/projects/PROXY/datasets/parler/query_graph/query_cycle_6_147.graph Finished!


Start Processing /home/wangshuo/projects/PROXY/datasets/parler/query_graph/query_cycle_6_153.graph for core instances with query nodes: 2 
[Info] Auto-selected query root index 2 with (transferred) label 1
[Check] Sample budget = 60000
[Check] Sum of instance estimates = 3808798759.50, Global estimate = 3808798759.50, Ratio = 1.00
[Info] Appended instance results for query_cycle_6_153.graph to CSV in long format.
Global Estimated Value: 3808798759.50
/home/wangshuo/projects/PROXY/datasets/parler/query_graph/query_cycle_6_153.graph Finished!


Start Processing /home/wangshuo/projects/PROXY/datasets/parler/query_graph/query_cycle_6_154.graph for core instances with query nodes: 1 
[Info] Auto-selected query root index 0 with (transferred) label 0
[Check] Sample budget = 60000
[Check] Sum of instance estimates = 14291148858.55, Global estimate = 14291148858.55, Ratio = 1.00
[Info] Appended instance results for query_cycle_6_154.graph to CSV in long format.
Global Estimated Value: 14291148858.55
/home/wangshuo/projects/PROXY/datasets/parler/query_graph/query_cycle_6_154.graph Finished!


Start Processing /home/wangshuo/projects/PROXY/datasets/parler/query_graph/query_cycle_6_155.graph for core instances with query nodes: 1 
[Info] Auto-selected query root index 1 with (transferred) label 1
[Check] Sample budget = 60000
[Check] Sum of instance estimates = 810879141.13, Global estimate = 810879141.13, Ratio = 1.00
[Info] Appended instance results for query_cycle_6_155.graph to CSV in long format.
Global Estimated Value: 810879141.13
/home/wangshuo/projects/PROXY/datasets/parler/query_graph/query_cycle_6_155.graph Finished!


Start Processing /home/wangshuo/projects/PROXY/datasets/parler/query_graph/query_cycle_6_156.graph for core instances with query nodes: 1 
[Info] Auto-selected query root index 1 with (transferred) label 1
[Check] Sample budget = 60000
[Check] Sum of instance estimates = 48881254764.82, Global estimate = 48881254764.82, Ratio = 1.00
[Info] Appended instance results for query_cycle_6_156.graph to CSV in long format.
Global Estimated Value: 48881254764.82
/home/wangshuo/projects/PROXY/datasets/parler/query_graph/query_cycle_6_156.graph Finished!


Start Processing /home/wangshuo/projects/PROXY/datasets/parler/query_graph/query_cycle_6_157.graph for core instances with query nodes: 2 
[Info] Auto-selected query root index 2 with (transferred) label 1
[Check] Sample budget = 60000
[Check] Sum of instance estimates = 3829824850.50, Global estimate = 3829824850.50, Ratio = 1.00
[Info] Appended instance results for query_cycle_6_157.graph to CSV in long format.
Global Estimated Value: 3829824850.50
/home/wangshuo/projects/PROXY/datasets/parler/query_graph/query_cycle_6_157.graph Finished!


Start Processing /home/wangshuo/projects/PROXY/datasets/parler/query_graph/query_cycle_6_160.graph for core instances with query nodes: 2 
[Info] Auto-selected query root index 2 with (transferred) label 1
[Check] Sample budget = 60000
[Check] Sum of instance estimates = 141601096174.91, Global estimate = 141601096174.91, Ratio = 1.00
[Info] Appended instance results for query_cycle_6_160.graph to CSV in long format.
Global Estimated Value: 141601096174.91
/home/wangshuo/projects/PROXY/datasets/parler/query_graph/query_cycle_6_160.graph Finished!


Start Processing /home/wangshuo/projects/PROXY/datasets/parler/query_graph/query_cycle_6_161.graph for core instances with query nodes: 2 
[Info] Auto-selected query root index 1 with (transferred) label 0
[Check] Sample budget = 60000
[Check] Sum of instance estimates = 14617771.41, Global estimate = 14617771.41, Ratio = 1.00
[Info] Appended instance results for query_cycle_6_161.graph to CSV in long format.
Global Estimated Value: 14617771.41
/home/wangshuo/projects/PROXY/datasets/parler/query_graph/query_cycle_6_161.graph Finished!


Start Processing /home/wangshuo/projects/PROXY/datasets/parler/query_graph/query_cycle_6_164.graph for core instances with query nodes: 2 
[Info] Auto-selected query root index 1 with (transferred) label 0
[Check] Sample budget = 60000
[Check] Sum of instance estimates = 1353104851.82, Global estimate = 1353104851.82, Ratio = 1.00
[Info] Appended instance results for query_cycle_6_164.graph to CSV in long format.
Global Estimated Value: 1353104851.82
/home/wangshuo/projects/PROXY/datasets/parler/query_graph/query_cycle_6_164.graph Finished!


Start Processing /home/wangshuo/projects/PROXY/datasets/parler/query_graph/query_cycle_6_165.graph for core instances with query nodes: 2 
[Info] Auto-selected query root index 0 with (transferred) label 0
[Check] Sample budget = 60000
[Check] Sum of instance estimates = 32412207806.83, Global estimate = 32412207806.83, Ratio = 1.00
[Info] Appended instance results for query_cycle_6_165.graph to CSV in long format.
Global Estimated Value: 32412207806.83
/home/wangshuo/projects/PROXY/datasets/parler/query_graph/query_cycle_6_165.graph Finished!


Start Processing /home/wangshuo/projects/PROXY/datasets/parler/query_graph/query_cycle_6_167.graph for core instances with query nodes: 2 
[Info] Auto-selected query root index 2 with (transferred) label 1
[Check] Sample budget = 60000
[Check] Sum of instance estimates = 261716412.33, Global estimate = 261716412.33, Ratio = 1.00
[Info] Appended instance results for query_cycle_6_167.graph to CSV in long format.
Global Estimated Value: 261716412.33
/home/wangshuo/projects/PROXY/datasets/parler/query_graph/query_cycle_6_167.graph Finished!


Start Processing /home/wangshuo/projects/PROXY/datasets/parler/query_graph/query_cycle_6_172.graph for core instances with query nodes: 1 
[Info] Auto-selected query root index 1 with (transferred) label 1
[Check] Sample budget = 60000
[Check] Sum of instance estimates = 788902944.37, Global estimate = 788902944.37, Ratio = 1.00
[Info] Appended instance results for query_cycle_6_172.graph to CSV in long format.
Global Estimated Value: 788902944.37
/home/wangshuo/projects/PROXY/datasets/parler/query_graph/query_cycle_6_172.graph Finished!


Start Processing /home/wangshuo/projects/PROXY/datasets/parler/query_graph/query_cycle_6_173.graph for core instances with query nodes: 2 
[Info] Auto-selected query root index 0 with (transferred) label 0
[Check] Sample budget = 60000
[Check] Sum of instance estimates = 1338961619.78, Global estimate = 1338961619.78, Ratio = 1.00
[Info] Appended instance results for query_cycle_6_173.graph to CSV in long format.
Global Estimated Value: 1338961619.78
/home/wangshuo/projects/PROXY/datasets/parler/query_graph/query_cycle_6_173.graph Finished!


Start Processing /home/wangshuo/projects/PROXY/datasets/parler/query_graph/query_cycle_6_174.graph for core instances with query nodes: 2 
[Info] Auto-selected query root index 2 with (transferred) label 1
[Check] Sample budget = 60000
[Check] Sum of instance estimates = 142114071975.92, Global estimate = 142114071975.93, Ratio = 1.00
[Info] Appended instance results for query_cycle_6_174.graph to CSV in long format.
Global Estimated Value: 142114071975.93
/home/wangshuo/projects/PROXY/datasets/parler/query_graph/query_cycle_6_174.graph Finished!


Start Processing /home/wangshuo/projects/PROXY/datasets/parler/query_graph/query_cycle_6_175.graph for core instances with query nodes: 2 
[Info] Auto-selected query root index 2 with (transferred) label 1
[Check] Sample budget = 60000
[Check] Sum of instance estimates = 30631446385.00, Global estimate = 30631446385.00, Ratio = 1.00
[Info] Appended instance results for query_cycle_6_175.graph to CSV in long format.
Global Estimated Value: 30631446385.00
/home/wangshuo/projects/PROXY/datasets/parler/query_graph/query_cycle_6_175.graph Finished!


Start Processing /home/wangshuo/projects/PROXY/datasets/parler/query_graph/query_cycle_6_176.graph for core instances with query nodes: 2 
[Info] Auto-selected query root index 2 with (transferred) label 1
[Check] Sample budget = 60000
[Check] Sum of instance estimates = 261951622.95, Global estimate = 261951622.95, Ratio = 1.00
[Info] Appended instance results for query_cycle_6_176.graph to CSV in long format.
Global Estimated Value: 261951622.95
/home/wangshuo/projects/PROXY/datasets/parler/query_graph/query_cycle_6_176.graph Finished!


Start Processing /home/wangshuo/projects/PROXY/datasets/parler/query_graph/query_cycle_6_178.graph for core instances with query nodes: 1 
[Info] Auto-selected query root index 1 with (transferred) label 1
[Check] Sample budget = 60000
[Check] Sum of instance estimates = 48475970920.33, Global estimate = 48475970920.33, Ratio = 1.00
[Info] Appended instance results for query_cycle_6_178.graph to CSV in long format.
Global Estimated Value: 48475970920.33
/home/wangshuo/projects/PROXY/datasets/parler/query_graph/query_cycle_6_178.graph Finished!


Start Processing /home/wangshuo/projects/PROXY/datasets/parler/query_graph/query_cycle_6_180.graph for core instances with query nodes: 1 
[Info] Auto-selected query root index 0 with (transferred) label 0
[Check] Sample budget = 60000
[Check] Sum of instance estimates = 1894113610.76, Global estimate = 1894113610.76, Ratio = 1.00
[Info] Appended instance results for query_cycle_6_180.graph to CSV in long format.
Global Estimated Value: 1894113610.76
/home/wangshuo/projects/PROXY/datasets/parler/query_graph/query_cycle_6_180.graph Finished!


Start Processing /home/wangshuo/projects/PROXY/datasets/parler/query_graph/query_cycle_6_181.graph for core instances with query nodes: 1 
[Info] Auto-selected query root index 1 with (transferred) label 1
[Check] Sample budget = 60000
[Check] Sum of instance estimates = 794174209.89, Global estimate = 794174209.89, Ratio = 1.00
[Info] Appended instance results for query_cycle_6_181.graph to CSV in long format.
Global Estimated Value: 794174209.89
/home/wangshuo/projects/PROXY/datasets/parler/query_graph/query_cycle_6_181.graph Finished!


Start Processing /home/wangshuo/projects/PROXY/datasets/parler/query_graph/query_cycle_6_182.graph for core instances with query nodes: 2 
[Info] Auto-selected query root index 2 with (transferred) label 1
[Check] Sample budget = 60000
[Check] Sum of instance estimates = 141413423169.48, Global estimate = 141413423169.48, Ratio = 1.00
[Info] Appended instance results for query_cycle_6_182.graph to CSV in long format.
Global Estimated Value: 141413423169.48
/home/wangshuo/projects/PROXY/datasets/parler/query_graph/query_cycle_6_182.graph Finished!


Start Processing /home/wangshuo/projects/PROXY/datasets/parler/query_graph/query_cycle_6_184.graph for core instances with query nodes: 2 
[Info] Auto-selected query root index 0 with (transferred) label 0
[Check] Sample budget = 60000
[Check] Sum of instance estimates = 43006569.01, Global estimate = 43006569.01, Ratio = 1.00
[Info] Appended instance results for query_cycle_6_184.graph to CSV in long format.
Global Estimated Value: 43006569.01
/home/wangshuo/projects/PROXY/datasets/parler/query_graph/query_cycle_6_184.graph Finished!


Start Processing /home/wangshuo/projects/PROXY/datasets/parler/query_graph/query_cycle_6_186.graph for core instances with query nodes: 2 
[Info] Auto-selected query root index 1 with (transferred) label 0
[Check] Sample budget = 60000
[Check] Sum of instance estimates = 4910110.40, Global estimate = 4910110.40, Ratio = 1.00
[Info] Appended instance results for query_cycle_6_186.graph to CSV in long format.
Global Estimated Value: 4910110.40
/home/wangshuo/projects/PROXY/datasets/parler/query_graph/query_cycle_6_186.graph Finished!


Start Processing /home/wangshuo/projects/PROXY/datasets/parler/query_graph/query_cycle_6_187.graph for core instances with query nodes: 2 
[Info] Auto-selected query root index 2 with (transferred) label 1
[Check] Sample budget = 60000
[Check] Sum of instance estimates = 260650827.63, Global estimate = 260650827.63, Ratio = 1.00
[Info] Appended instance results for query_cycle_6_187.graph to CSV in long format.
Global Estimated Value: 260650827.63
/home/wangshuo/projects/PROXY/datasets/parler/query_graph/query_cycle_6_187.graph Finished!


Start Processing /home/wangshuo/projects/PROXY/datasets/parler/query_graph/query_cycle_6_190.graph for core instances with query nodes: 2 
[Info] Auto-selected query root index 2 with (transferred) label 1
[Check] Sample budget = 60000
[Check] Sum of instance estimates = 139633175246.10, Global estimate = 139633175246.10, Ratio = 1.00
[Info] Appended instance results for query_cycle_6_190.graph to CSV in long format.
Global Estimated Value: 139633175246.10
/home/wangshuo/projects/PROXY/datasets/parler/query_graph/query_cycle_6_190.graph Finished!


Start Processing /home/wangshuo/projects/PROXY/datasets/parler/query_graph/query_cycle_6_202.graph for core instances with query nodes: 1 
[Info] Auto-selected query root index 0 with (transferred) label 0
[Check] Sample budget = 60000
[Check] Sum of instance estimates = 13938673342.62, Global estimate = 13938673342.62, Ratio = 1.00
[Info] Appended instance results for query_cycle_6_202.graph to CSV in long format.
Global Estimated Value: 13938673342.62
/home/wangshuo/projects/PROXY/datasets/parler/query_graph/query_cycle_6_202.graph Finished!


Start Processing /home/wangshuo/projects/PROXY/datasets/parler/query_graph/query_cycle_6_39.graph for core instances with query nodes: 2 
[Info] Auto-selected query root index 2 with (transferred) label 1
[Check] Sample budget = 60000
[Check] Sum of instance estimates = 140844079016.72, Global estimate = 140844079016.73, Ratio = 1.00
[Info] Appended instance results for query_cycle_6_39.graph to CSV in long format.
Global Estimated Value: 140844079016.73
/home/wangshuo/projects/PROXY/datasets/parler/query_graph/query_cycle_6_39.graph Finished!


Start Processing /home/wangshuo/projects/PROXY/datasets/parler/query_graph/query_cycle_6_45.graph for core instances with query nodes: 1 
[Info] Auto-selected query root index 1 with (transferred) label 1
[Check] Sample budget = 60000
[Check] Sum of instance estimates = 47871181560.13, Global estimate = 47871181560.13, Ratio = 1.00
[Info] Appended instance results for query_cycle_6_45.graph to CSV in long format.
Global Estimated Value: 47871181560.13
/home/wangshuo/projects/PROXY/datasets/parler/query_graph/query_cycle_6_45.graph Finished!


Start Processing /home/wangshuo/projects/PROXY/datasets/parler/query_graph/query_cycle_6_54.graph for core instances with query nodes: 1 
[Info] Auto-selected query root index 1 with (transferred) label 1
[Check] Sample budget = 60000
[Check] Sum of instance estimates = 49723357479.23, Global estimate = 49723357479.23, Ratio = 1.00
[Info] Appended instance results for query_cycle_6_54.graph to CSV in long format.
Global Estimated Value: 49723357479.23
/home/wangshuo/projects/PROXY/datasets/parler/query_graph/query_cycle_6_54.graph Finished!


Start Processing /home/wangshuo/projects/PROXY/datasets/parler/query_graph/query_cycle_6_58.graph for core instances with query nodes: 2 
[Info] Auto-selected query root index 2 with (transferred) label 1
[Check] Sample budget = 60000
[Check] Sum of instance estimates = 18787155143.50, Global estimate = 18787155143.50, Ratio = 1.00
[Info] Appended instance results for query_cycle_6_58.graph to CSV in long format.
Global Estimated Value: 18787155143.50
/home/wangshuo/projects/PROXY/datasets/parler/query_graph/query_cycle_6_58.graph Finished!


Start Processing /home/wangshuo/projects/PROXY/datasets/parler/query_graph/query_cycle_6_59.graph for core instances with query nodes: 2 
[Info] Auto-selected query root index 2 with (transferred) label 1
[Check] Sample budget = 60000
[Check] Sum of instance estimates = 255986943.87, Global estimate = 255986943.87, Ratio = 1.00
[Info] Appended instance results for query_cycle_6_59.graph to CSV in long format.
Global Estimated Value: 255986943.87
/home/wangshuo/projects/PROXY/datasets/parler/query_graph/query_cycle_6_59.graph Finished!


Start Processing /home/wangshuo/projects/PROXY/datasets/parler/query_graph/query_cycle_6_60.graph for core instances with query nodes: 1 
[Info] Auto-selected query root index 1 with (transferred) label 1
[Check] Sample budget = 60000
[Check] Sum of instance estimates = 32718071245.55, Global estimate = 32718071245.55, Ratio = 1.00
[Info] Appended instance results for query_cycle_6_60.graph to CSV in long format.
Global Estimated Value: 32718071245.55
/home/wangshuo/projects/PROXY/datasets/parler/query_graph/query_cycle_6_60.graph Finished!


Start Processing /home/wangshuo/projects/PROXY/datasets/parler/query_graph/query_cycle_6_61.graph for core instances with query nodes: 1 
[Info] Auto-selected query root index 0 with (transferred) label 0
[Check] Sample budget = 60000
[Check] Sum of instance estimates = 14263298176.84, Global estimate = 14263298176.84, Ratio = 1.00
[Info] Appended instance results for query_cycle_6_61.graph to CSV in long format.
Global Estimated Value: 14263298176.84
/home/wangshuo/projects/PROXY/datasets/parler/query_graph/query_cycle_6_61.graph Finished!


Start Processing /home/wangshuo/projects/PROXY/datasets/parler/query_graph/query_cycle_6_62.graph for core instances with query nodes: 2 
[Info] Auto-selected query root index 0 with (transferred) label 0
[Check] Sample budget = 60000
[Check] Sum of instance estimates = 9429421467.75, Global estimate = 9429421467.75, Ratio = 1.00
[Info] Appended instance results for query_cycle_6_62.graph to CSV in long format.
Global Estimated Value: 9429421467.75
/home/wangshuo/projects/PROXY/datasets/parler/query_graph/query_cycle_6_62.graph Finished!


Start Processing /home/wangshuo/projects/PROXY/datasets/parler/query_graph/query_cycle_6_63.graph for core instances with query nodes: 2 
[Info] Auto-selected query root index 0 with (transferred) label 0
[Check] Sample budget = 60000
[Check] Sum of instance estimates = 7384721034.06, Global estimate = 7384721034.06, Ratio = 1.00
[Info] Appended instance results for query_cycle_6_63.graph to CSV in long format.
Global Estimated Value: 7384721034.06
/home/wangshuo/projects/PROXY/datasets/parler/query_graph/query_cycle_6_63.graph Finished!


Start Processing /home/wangshuo/projects/PROXY/datasets/parler/query_graph/query_cycle_6_65.graph for core instances with query nodes: 2 
[Info] Auto-selected query root index 0 with (transferred) label 0
[Check] Sample budget = 60000
[Check] Sum of instance estimates = 327285976.94, Global estimate = 327285976.94, Ratio = 1.00
[Info] Appended instance results for query_cycle_6_65.graph to CSV in long format.
Global Estimated Value: 327285976.94
/home/wangshuo/projects/PROXY/datasets/parler/query_graph/query_cycle_6_65.graph Finished!


Start Processing /home/wangshuo/projects/PROXY/datasets/parler/query_graph/query_cycle_6_66.graph for core instances with query nodes: 1 
[Info] Auto-selected query root index 0 with (transferred) label 0
[Check] Sample budget = 60000
[Check] Sum of instance estimates = 14742877592.61, Global estimate = 14742877592.61, Ratio = 1.00
[Info] Appended instance results for query_cycle_6_66.graph to CSV in long format.
Global Estimated Value: 14742877592.61
/home/wangshuo/projects/PROXY/datasets/parler/query_graph/query_cycle_6_66.graph Finished!


Start Processing /home/wangshuo/projects/PROXY/datasets/parler/query_graph/query_cycle_6_68.graph for core instances with query nodes: 2 
[Info] Auto-selected query root index 2 with (transferred) label 1
[Check] Sample budget = 60000
[Check] Sum of instance estimates = 140541439706.73, Global estimate = 140541439706.73, Ratio = 1.00
[Info] Appended instance results for query_cycle_6_68.graph to CSV in long format.
Global Estimated Value: 140541439706.73
/home/wangshuo/projects/PROXY/datasets/parler/query_graph/query_cycle_6_68.graph Finished!


Start Processing /home/wangshuo/projects/PROXY/datasets/parler/query_graph/query_cycle_6_72.graph for core instances with query nodes: 2 
[Info] Auto-selected query root index 1 with (transferred) label 0
[Check] Sample budget = 60000
[Check] Sum of instance estimates = 47086990.62, Global estimate = 47086990.62, Ratio = 1.00
[Info] Appended instance results for query_cycle_6_72.graph to CSV in long format.
Global Estimated Value: 47086990.62
/home/wangshuo/projects/PROXY/datasets/parler/query_graph/query_cycle_6_72.graph Finished!


Start Processing /home/wangshuo/projects/PROXY/datasets/parler/query_graph/query_cycle_6_73.graph for core instances with query nodes: 2 
[Info] Auto-selected query root index 0 with (transferred) label 0
[Check] Sample budget = 60000
[Check] Sum of instance estimates = 2041794.65, Global estimate = 2041794.65, Ratio = 1.00
[Info] Appended instance results for query_cycle_6_73.graph to CSV in long format.
Global Estimated Value: 2041794.65
/home/wangshuo/projects/PROXY/datasets/parler/query_graph/query_cycle_6_73.graph Finished!


Start Processing /home/wangshuo/projects/PROXY/datasets/parler/query_graph/query_cycle_6_76.graph for core instances with query nodes: 2 
[Info] Auto-selected query root index 2 with (transferred) label 1
[Check] Sample budget = 60000
[Check] Sum of instance estimates = 140751151680.97, Global estimate = 140751151680.97, Ratio = 1.00
[Info] Appended instance results for query_cycle_6_76.graph to CSV in long format.
Global Estimated Value: 140751151680.97
/home/wangshuo/projects/PROXY/datasets/parler/query_graph/query_cycle_6_76.graph Finished!


Start Processing /home/wangshuo/projects/PROXY/datasets/parler/query_graph/query_cycle_6_82.graph for core instances with query nodes: 3 
[Info] Auto-selected query root index 3 with (transferred) label 1
[Check] Sample budget = 60000
[Check] Sum of instance estimates = 1511149149.28, Global estimate = 1511149149.28, Ratio = 1.00
[Info] Appended instance results for query_cycle_6_82.graph to CSV in long format.
Global Estimated Value: 1511149149.28
/home/wangshuo/projects/PROXY/datasets/parler/query_graph/query_cycle_6_82.graph Finished!


Start Processing /home/wangshuo/projects/PROXY/datasets/parler/query_graph/query_cycle_6_87.graph for core instances with query nodes: 2 
[Info] Auto-selected query root index 2 with (transferred) label 1
[Check] Sample budget = 60000
[Check] Sum of instance estimates = 141844943322.60, Global estimate = 141844943322.60, Ratio = 1.00
[Info] Appended instance results for query_cycle_6_87.graph to CSV in long format.
Global Estimated Value: 141844943322.60
/home/wangshuo/projects/PROXY/datasets/parler/query_graph/query_cycle_6_87.graph Finished!


Start Processing /home/wangshuo/projects/PROXY/datasets/parler/query_graph/query_cycle_6_88.graph for core instances with query nodes: 2 
[Info] Auto-selected query root index 1 with (transferred) label 0
[Check] Sample budget = 60000
[Check] Sum of instance estimates = 15205725.07, Global estimate = 15205725.07, Ratio = 1.00
[Info] Appended instance results for query_cycle_6_88.graph to CSV in long format.
Global Estimated Value: 15205725.07
/home/wangshuo/projects/PROXY/datasets/parler/query_graph/query_cycle_6_88.graph Finished!


Start Processing /home/wangshuo/projects/PROXY/datasets/parler/query_graph/query_cycle_6_89.graph for core instances with query nodes: 2 
[Info] Auto-selected query root index 0 with (transferred) label 0
[Check] Sample budget = 60000
[Check] Sum of instance estimates = 44649635.39, Global estimate = 44649635.39, Ratio = 1.00
[Info] Appended instance results for query_cycle_6_89.graph to CSV in long format.
Global Estimated Value: 44649635.39
/home/wangshuo/projects/PROXY/datasets/parler/query_graph/query_cycle_6_89.graph Finished!


Start Processing /home/wangshuo/projects/PROXY/datasets/parler/query_graph/query_cycle_6_92.graph for core instances with query nodes: 2 
[Info] Auto-selected query root index 2 with (transferred) label 1
[Check] Sample budget = 60000
[Check] Sum of instance estimates = 140487251451.69, Global estimate = 140487251451.69, Ratio = 1.00
[Info] Appended instance results for query_cycle_6_92.graph to CSV in long format.
Global Estimated Value: 140487251451.69
/home/wangshuo/projects/PROXY/datasets/parler/query_graph/query_cycle_6_92.graph Finished!


Start Processing /home/wangshuo/projects/PROXY/datasets/parler/query_graph/query_cycle_6_96.graph for core instances with query nodes: 3 
[Info] Auto-selected query root index 3 with (transferred) label 1
[Check] Sample budget = 60000
[Check] Sum of instance estimates = 1540542388.40, Global estimate = 1540542388.40, Ratio = 1.00
[Info] Appended instance results for query_cycle_6_96.graph to CSV in long format.
Global Estimated Value: 1540542388.40
/home/wangshuo/projects/PROXY/datasets/parler/query_graph/query_cycle_6_96.graph Finished!


Start Processing /home/wangshuo/projects/PROXY/datasets/parler/query_graph/query_cycle_8_222.graph for core instances with query nodes: 2 
[Info] Auto-selected query root index 1 with (transferred) label 0
[Check] Sample budget = 60000
[Check] Sum of instance estimates = 31274618307.86, Global estimate = 31274618307.86, Ratio = 1.00
[Info] Appended instance results for query_cycle_8_222.graph to CSV in long format.
Global Estimated Value: 31274618307.86
/home/wangshuo/projects/PROXY/datasets/parler/query_graph/query_cycle_8_222.graph Finished!


Start Processing /home/wangshuo/projects/PROXY/datasets/parler/query_graph/query_cycle_8_223.graph for core instances with query nodes: 2 
[Info] Auto-selected query root index 1 with (transferred) label 0
[Check] Sample budget = 60000
[Check] Sum of instance estimates = 74300731.69, Global estimate = 74300731.69, Ratio = 1.00
[Info] Appended instance results for query_cycle_8_223.graph to CSV in long format.
Global Estimated Value: 74300731.69
/home/wangshuo/projects/PROXY/datasets/parler/query_graph/query_cycle_8_223.graph Finished!


Start Processing /home/wangshuo/projects/PROXY/datasets/parler/query_graph/query_cycle_8_225.graph for core instances with query nodes: 2 
[Info] Auto-selected query root index 0 with (transferred) label 0
[Check] Sample budget = 60000
[Check] Sum of instance estimates = 5474171063.38, Global estimate = 5474171063.38, Ratio = 1.00
[Info] Appended instance results for query_cycle_8_225.graph to CSV in long format.
Global Estimated Value: 5474171063.38
/home/wangshuo/projects/PROXY/datasets/parler/query_graph/query_cycle_8_225.graph Finished!


Start Processing /home/wangshuo/projects/PROXY/datasets/parler/query_graph/query_cycle_8_232.graph for core instances with query nodes: 2 
[Info] Auto-selected query root index 0 with (transferred) label 0
[Check] Sample budget = 60000
[Check] Sum of instance estimates = 4192555878.83, Global estimate = 4192555878.83, Ratio = 1.00
[Info] Appended instance results for query_cycle_8_232.graph to CSV in long format.
Global Estimated Value: 4192555878.83
/home/wangshuo/projects/PROXY/datasets/parler/query_graph/query_cycle_8_232.graph Finished!


Start Processing /home/wangshuo/projects/PROXY/datasets/parler/query_graph/query_cycle_8_249.graph for core instances with query nodes: 2 
[Info] Auto-selected query root index 2 with (transferred) label 1
[Check] Sample budget = 60000
[Check] Sum of instance estimates = 15019498763.51, Global estimate = 15019498763.51, Ratio = 1.00
[Info] Appended instance results for query_cycle_8_249.graph to CSV in long format.
Global Estimated Value: 15019498763.51
/home/wangshuo/projects/PROXY/datasets/parler/query_graph/query_cycle_8_249.graph Finished!


Start Processing /home/wangshuo/projects/PROXY/datasets/parler/query_graph/query_cycle_8_250.graph for core instances with query nodes: 2 
[Info] Auto-selected query root index 2 with (transferred) label 1
[Check] Sample budget = 60000
[Check] Sum of instance estimates = 15133533560.59, Global estimate = 15133533560.59, Ratio = 1.00
[Info] Appended instance results for query_cycle_8_250.graph to CSV in long format.
Global Estimated Value: 15133533560.59
/home/wangshuo/projects/PROXY/datasets/parler/query_graph/query_cycle_8_250.graph Finished!


Start Processing /home/wangshuo/projects/PROXY/datasets/parler/query_graph/query_cycle_8_251.graph for core instances with query nodes: 2 
[Info] Auto-selected query root index 0 with (transferred) label 0
[Check] Sample budget = 60000
[Check] Sum of instance estimates = 4272512892.22, Global estimate = 4272512892.22, Ratio = 1.00
[Info] Appended instance results for query_cycle_8_251.graph to CSV in long format.
Global Estimated Value: 4272512892.22
/home/wangshuo/projects/PROXY/datasets/parler/query_graph/query_cycle_8_251.graph Finished!


Start Processing /home/wangshuo/projects/PROXY/datasets/parler/query_graph/query_cycle_8_254.graph for core instances with query nodes: 3 
[Info] Auto-selected query root index 1 with (transferred) label 0
[Check] Sample budget = 60000
[Check] Sum of instance estimates = 6671217130.37, Global estimate = 6671217130.37, Ratio = 1.00
[Info] Appended instance results for query_cycle_8_254.graph to CSV in long format.
Global Estimated Value: 6671217130.37
/home/wangshuo/projects/PROXY/datasets/parler/query_graph/query_cycle_8_254.graph Finished!


Start Processing /home/wangshuo/projects/PROXY/datasets/parler/query_graph/query_cycle_8_261.graph for core instances with query nodes: 3 
[Info] Auto-selected query root index 1 with (transferred) label 0
[Check] Sample budget = 60000
[Check] Sum of instance estimates = 6803621661.56, Global estimate = 6803621661.56, Ratio = 1.00
[Info] Appended instance results for query_cycle_8_261.graph to CSV in long format.
Global Estimated Value: 6803621661.56
/home/wangshuo/projects/PROXY/datasets/parler/query_graph/query_cycle_8_261.graph Finished!


Start Processing /home/wangshuo/projects/PROXY/datasets/parler/query_graph/query_cycle_8_262.graph for core instances with query nodes: 3 
[Info] Auto-selected query root index 6 with (transferred) label 2
[Check] Sample budget = 60000
[Check] Sum of instance estimates = 31937894943.67, Global estimate = 31937894943.67, Ratio = 1.00
[Info] Appended instance results for query_cycle_8_262.graph to CSV in long format.
Global Estimated Value: 31937894943.67
/home/wangshuo/projects/PROXY/datasets/parler/query_graph/query_cycle_8_262.graph Finished!


Start Processing /home/wangshuo/projects/PROXY/datasets/parler/query_graph/query_cycle_8_264.graph for core instances with query nodes: 2 
[Info] Auto-selected query root index 2 with (transferred) label 1
[Check] Sample budget = 60000
[Check] Sum of instance estimates = 15294237239.46, Global estimate = 15294237239.46, Ratio = 1.00
[Info] Appended instance results for query_cycle_8_264.graph to CSV in long format.
Global Estimated Value: 15294237239.46
/home/wangshuo/projects/PROXY/datasets/parler/query_graph/query_cycle_8_264.graph Finished!


Start Processing /home/wangshuo/projects/PROXY/datasets/parler/query_graph/query_cycle_8_265.graph for core instances with query nodes: 2 
[Info] Auto-selected query root index 1 with (transferred) label 0
[Check] Sample budget = 60000
[Check] Sum of instance estimates = 4254133614.45, Global estimate = 4254133614.45, Ratio = 1.00
[Info] Appended instance results for query_cycle_8_265.graph to CSV in long format.
Global Estimated Value: 4254133614.45
/home/wangshuo/projects/PROXY/datasets/parler/query_graph/query_cycle_8_265.graph Finished!


Start Processing /home/wangshuo/projects/PROXY/datasets/parler/query_graph/query_cycle_8_268.graph for core instances with query nodes: 3 
[Info] Auto-selected query root index 2 with (transferred) label 0
[Check] Sample budget = 60000
[Check] Sum of instance estimates = 10540070841.04, Global estimate = 10540070841.04, Ratio = 1.00
[Info] Appended instance results for query_cycle_8_268.graph to CSV in long format.
Global Estimated Value: 10540070841.04
/home/wangshuo/projects/PROXY/datasets/parler/query_graph/query_cycle_8_268.graph Finished!


Start Processing /home/wangshuo/projects/PROXY/datasets/parler/query_graph/query_cycle_8_270.graph for core instances with query nodes: 2 
[Info] Auto-selected query root index 1 with (transferred) label 0
[Check] Sample budget = 60000
[Check] Sum of instance estimates = 657231118.10, Global estimate = 657231118.10, Ratio = 1.00
[Info] Appended instance results for query_cycle_8_270.graph to CSV in long format.
Global Estimated Value: 657231118.10
/home/wangshuo/projects/PROXY/datasets/parler/query_graph/query_cycle_8_270.graph Finished!


Start Processing /home/wangshuo/projects/PROXY/datasets/parler/query_graph/query_cycle_8_274.graph for core instances with query nodes: 3 
[Info] Auto-selected query root index 3 with (transferred) label 1
[Check] Sample budget = 60000
[Check] Sum of instance estimates = 26759642835.82, Global estimate = 26759642835.82, Ratio = 1.00
[Info] Appended instance results for query_cycle_8_274.graph to CSV in long format.
Global Estimated Value: 26759642835.82
/home/wangshuo/projects/PROXY/datasets/parler/query_graph/query_cycle_8_274.graph Finished!


Start Processing /home/wangshuo/projects/PROXY/datasets/parler/query_graph/query_cycle_8_281.graph for core instances with query nodes: 3 
[Info] Auto-selected query root index 1 with (transferred) label 0
[Check] Sample budget = 60000
[Check] Sum of instance estimates = 13137448282.83, Global estimate = 13137448282.83, Ratio = 1.00
[Info] Appended instance results for query_cycle_8_281.graph to CSV in long format.
Global Estimated Value: 13137448282.83
/home/wangshuo/projects/PROXY/datasets/parler/query_graph/query_cycle_8_281.graph Finished!


Start Processing /home/wangshuo/projects/PROXY/datasets/parler/query_graph/query_cycle_8_292.graph for core instances with query nodes: 3 
[Info] Auto-selected query root index 0 with (transferred) label 0
[Check] Sample budget = 60000
[Check] Sum of instance estimates = 1143558650.75, Global estimate = 1143558650.75, Ratio = 1.00
[Info] Appended instance results for query_cycle_8_292.graph to CSV in long format.
Global Estimated Value: 1143558650.75
/home/wangshuo/projects/PROXY/datasets/parler/query_graph/query_cycle_8_292.graph Finished!


Start Processing /home/wangshuo/projects/PROXY/datasets/parler/query_graph/query_cycle_8_302.graph for core instances with query nodes: 2 
[Info] Auto-selected query root index 1 with (transferred) label 0
[Check] Sample budget = 60000
[Check] Sum of instance estimates = 3877767255.48, Global estimate = 3877767255.48, Ratio = 1.00
[Info] Appended instance results for query_cycle_8_302.graph to CSV in long format.
Global Estimated Value: 3877767255.48
/home/wangshuo/projects/PROXY/datasets/parler/query_graph/query_cycle_8_302.graph Finished!


Start Processing /home/wangshuo/projects/PROXY/datasets/parler/query_graph/query_cycle_8_304.graph for core instances with query nodes: 3 
[Info] Auto-selected query root index 0 with (transferred) label 0
[Check] Sample budget = 60000
[Check] Sum of instance estimates = 74489123.35, Global estimate = 74489123.35, Ratio = 1.00
[Info] Appended instance results for query_cycle_8_304.graph to CSV in long format.
Global Estimated Value: 74489123.35
/home/wangshuo/projects/PROXY/datasets/parler/query_graph/query_cycle_8_304.graph Finished!


Start Processing /home/wangshuo/projects/PROXY/datasets/parler/query_graph/query_cycle_8_309.graph for core instances with query nodes: 2 
[Info] Auto-selected query root index 1 with (transferred) label 0
[Check] Sample budget = 60000
[Check] Sum of instance estimates = 1241547725.89, Global estimate = 1241547725.89, Ratio = 1.00
[Info] Appended instance results for query_cycle_8_309.graph to CSV in long format.
Global Estimated Value: 1241547725.89
/home/wangshuo/projects/PROXY/datasets/parler/query_graph/query_cycle_8_309.graph Finished!


Start Processing /home/wangshuo/projects/PROXY/datasets/parler/query_graph/query_cycle_8_314.graph for core instances with query nodes: 3 
[Info] Auto-selected query root index 1 with (transferred) label 0
[Check] Sample budget = 60000
[Check] Sum of instance estimates = 42181876645.38, Global estimate = 42181876645.38, Ratio = 1.00
[Info] Appended instance results for query_cycle_8_314.graph to CSV in long format.
Global Estimated Value: 42181876645.38
/home/wangshuo/projects/PROXY/datasets/parler/query_graph/query_cycle_8_314.graph Finished!


Start Processing /home/wangshuo/projects/PROXY/datasets/parler/query_graph/query_cycle_8_316.graph for core instances with query nodes: 3 
[Info] Auto-selected query root index 3 with (transferred) label 1
[Check] Sample budget = 60000
[Check] Sum of instance estimates = 26361275312.34, Global estimate = 26361275312.34, Ratio = 1.00
[Info] Appended instance results for query_cycle_8_316.graph to CSV in long format.
Global Estimated Value: 26361275312.34
/home/wangshuo/projects/PROXY/datasets/parler/query_graph/query_cycle_8_316.graph Finished!


Start Processing /home/wangshuo/projects/PROXY/datasets/parler/query_graph/query_cycle_8_318.graph for core instances with query nodes: 2 
[Info] Auto-selected query root index 1 with (transferred) label 0
[Check] Sample budget = 60000
[Check] Sum of instance estimates = 3965660720.60, Global estimate = 3965660720.60, Ratio = 1.00
[Info] Appended instance results for query_cycle_8_318.graph to CSV in long format.
Global Estimated Value: 3965660720.60
/home/wangshuo/projects/PROXY/datasets/parler/query_graph/query_cycle_8_318.graph Finished!


Start Processing /home/wangshuo/projects/PROXY/datasets/parler/query_graph/query_cycle_8_326.graph for core instances with query nodes: 3 
[Info] Auto-selected query root index 0 with (transferred) label 0
[Check] Sample budget = 60000
[Check] Sum of instance estimates = 31297557958.89, Global estimate = 31297557958.89, Ratio = 1.00
[Info] Appended instance results for query_cycle_8_326.graph to CSV in long format.
Global Estimated Value: 31297557958.89
/home/wangshuo/projects/PROXY/datasets/parler/query_graph/query_cycle_8_326.graph Finished!


Start Processing /home/wangshuo/projects/PROXY/datasets/parler/query_graph/query_cycle_8_329.graph for core instances with query nodes: 2 
[Info] Auto-selected query root index 0 with (transferred) label 0
[Check] Sample budget = 60000
[Check] Sum of instance estimates = 3909731658.99, Global estimate = 3909731658.99, Ratio = 1.00
[Info] Appended instance results for query_cycle_8_329.graph to CSV in long format.
Global Estimated Value: 3909731658.99
/home/wangshuo/projects/PROXY/datasets/parler/query_graph/query_cycle_8_329.graph Finished!


Start Processing /home/wangshuo/projects/PROXY/datasets/parler/query_graph/query_cycle_8_332.graph for core instances with query nodes: 2 
[Info] Auto-selected query root index 0 with (transferred) label 0
[Check] Sample budget = 60000
[Check] Sum of instance estimates = 63016282.06, Global estimate = 63016282.06, Ratio = 1.00
[Info] Appended instance results for query_cycle_8_332.graph to CSV in long format.
Global Estimated Value: 63016282.06
/home/wangshuo/projects/PROXY/datasets/parler/query_graph/query_cycle_8_332.graph Finished!


Start Processing /home/wangshuo/projects/PROXY/datasets/parler/query_graph/query_cycle_8_335.graph for core instances with query nodes: 3 
[Info] Auto-selected query root index 2 with (transferred) label 0
[Check] Sample budget = 60000
[Check] Sum of instance estimates = 30908444188.99, Global estimate = 30908444188.99, Ratio = 1.00
[Info] Appended instance results for query_cycle_8_335.graph to CSV in long format.
Global Estimated Value: 30908444188.99
/home/wangshuo/projects/PROXY/datasets/parler/query_graph/query_cycle_8_335.graph Finished!


Start Processing /home/wangshuo/projects/PROXY/datasets/parler/query_graph/query_cycle_8_337.graph for core instances with query nodes: 2 
[Info] Auto-selected query root index 1 with (transferred) label 0
[Check] Sample budget = 60000
[Check] Sum of instance estimates = 15125068947.11, Global estimate = 15125068947.11, Ratio = 1.00
[Info] Appended instance results for query_cycle_8_337.graph to CSV in long format.
Global Estimated Value: 15125068947.11
/home/wangshuo/projects/PROXY/datasets/parler/query_graph/query_cycle_8_337.graph Finished!


Start Processing /home/wangshuo/projects/PROXY/datasets/parler/query_graph/query_cycle_8_342.graph for core instances with query nodes: 3 
[Info] Auto-selected query root index 3 with (transferred) label 1
[Check] Sample budget = 60000
[Check] Sum of instance estimates = 26451038486.84, Global estimate = 26451038486.84, Ratio = 1.00
[Info] Appended instance results for query_cycle_8_342.graph to CSV in long format.
Global Estimated Value: 26451038486.84
/home/wangshuo/projects/PROXY/datasets/parler/query_graph/query_cycle_8_342.graph Finished!


Start Processing /home/wangshuo/projects/PROXY/datasets/parler/query_graph/query_cycle_8_347.graph for core instances with query nodes: 2 
[Info] Auto-selected query root index 0 with (transferred) label 0
[Check] Sample budget = 60000
[Check] Sum of instance estimates = 43789598845.11, Global estimate = 43789598845.11, Ratio = 1.00
[Info] Appended instance results for query_cycle_8_347.graph to CSV in long format.
Global Estimated Value: 43789598845.11
/home/wangshuo/projects/PROXY/datasets/parler/query_graph/query_cycle_8_347.graph Finished!


Start Processing /home/wangshuo/projects/PROXY/datasets/parler/query_graph/query_cycle_8_355.graph for core instances with query nodes: 3 
[Info] Auto-selected query root index 3 with (transferred) label 1
[Check] Sample budget = 60000
[Check] Sum of instance estimates = 26781871637.74, Global estimate = 26781871637.74, Ratio = 1.00
[Info] Appended instance results for query_cycle_8_355.graph to CSV in long format.
Global Estimated Value: 26781871637.74
/home/wangshuo/projects/PROXY/datasets/parler/query_graph/query_cycle_8_355.graph Finished!


Start Processing /home/wangshuo/projects/PROXY/datasets/parler/query_graph/query_cycle_8_362.graph for core instances with query nodes: 3 
[Info] Auto-selected query root index 1 with (transferred) label 0
[Check] Sample budget = 60000
[Check] Sum of instance estimates = 13007459347.17, Global estimate = 13007459347.17, Ratio = 1.00
[Info] Appended instance results for query_cycle_8_362.graph to CSV in long format.
Global Estimated Value: 13007459347.17
/home/wangshuo/projects/PROXY/datasets/parler/query_graph/query_cycle_8_362.graph Finished!


Start Processing /home/wangshuo/projects/PROXY/datasets/parler/query_graph/query_cycle_8_372.graph for core instances with query nodes: 2 
[Info] Auto-selected query root index 0 with (transferred) label 0
[Check] Sample budget = 60000
[Check] Sum of instance estimates = 14352880621.49, Global estimate = 14352880621.49, Ratio = 1.00
[Info] Appended instance results for query_cycle_8_372.graph to CSV in long format.
Global Estimated Value: 14352880621.49
/home/wangshuo/projects/PROXY/datasets/parler/query_graph/query_cycle_8_372.graph Finished!


Start Processing /home/wangshuo/projects/PROXY/datasets/parler/query_graph/query_cycle_8_375.graph for core instances with query nodes: 2 
[Info] Auto-selected query root index 1 with (transferred) label 0
[Check] Sample budget = 60000
[Check] Sum of instance estimates = 659722947.65, Global estimate = 659722947.65, Ratio = 1.00
[Info] Appended instance results for query_cycle_8_375.graph to CSV in long format.
Global Estimated Value: 659722947.65
/home/wangshuo/projects/PROXY/datasets/parler/query_graph/query_cycle_8_375.graph Finished!


Start Processing /home/wangshuo/projects/PROXY/datasets/parler/query_graph/query_cycle_8_376.graph for core instances with query nodes: 3 
[Info] Auto-selected query root index 3 with (transferred) label 1
[Check] Sample budget = 60000
[Check] Sum of instance estimates = 25765421155.93, Global estimate = 25765421155.93, Ratio = 1.00
[Info] Appended instance results for query_cycle_8_376.graph to CSV in long format.
Global Estimated Value: 25765421155.93
/home/wangshuo/projects/PROXY/datasets/parler/query_graph/query_cycle_8_376.graph Finished!


Start Processing /home/wangshuo/projects/PROXY/datasets/parler/query_graph/query_cycle_8_378.graph for core instances with query nodes: 2 
[Info] Auto-selected query root index 2 with (transferred) label 1
[Check] Sample budget = 60000
[Check] Sum of instance estimates = 12826787159.14, Global estimate = 12826787159.14, Ratio = 1.00
[Info] Appended instance results for query_cycle_8_378.graph to CSV in long format.
Global Estimated Value: 12826787159.14
/home/wangshuo/projects/PROXY/datasets/parler/query_graph/query_cycle_8_378.graph Finished!


Start Processing /home/wangshuo/projects/PROXY/datasets/parler/query_graph/query_cycle_8_383.graph for core instances with query nodes: 2 
[Info] Auto-selected query root index 1 with (transferred) label 0
[Check] Sample budget = 60000
[Check] Sum of instance estimates = 11817726269.37, Global estimate = 11817726269.37, Ratio = 1.00
[Info] Appended instance results for query_cycle_8_383.graph to CSV in long format.
Global Estimated Value: 11817726269.37
/home/wangshuo/projects/PROXY/datasets/parler/query_graph/query_cycle_8_383.graph Finished!


Start Processing /home/wangshuo/projects/PROXY/datasets/parler/query_graph/query_cycle_8_387.graph for core instances with query nodes: 2 
[Info] Auto-selected query root index 1 with (transferred) label 0
[Check] Sample budget = 60000
[Check] Sum of instance estimates = 5425486533.89, Global estimate = 5425486533.89, Ratio = 1.00
[Info] Appended instance results for query_cycle_8_387.graph to CSV in long format.
Global Estimated Value: 5425486533.89
/home/wangshuo/projects/PROXY/datasets/parler/query_graph/query_cycle_8_387.graph Finished!


Start Processing /home/wangshuo/projects/PROXY/datasets/parler/query_graph/query_cycle_8_543.graph for core instances with query nodes: 3 
[Info] Auto-selected query root index 3 with (transferred) label 1
[Check] Sample budget = 60000
[Check] Sum of instance estimates = 25930844005.98, Global estimate = 25930844005.98, Ratio = 1.00
[Info] Appended instance results for query_cycle_8_543.graph to CSV in long format.
Global Estimated Value: 25930844005.98
/home/wangshuo/projects/PROXY/datasets/parler/query_graph/query_cycle_8_543.graph Finished!


Start Processing /home/wangshuo/projects/PROXY/datasets/parler/query_graph/query_cycle_8_592.graph for core instances with query nodes: 2 
[Info] Auto-selected query root index 0 with (transferred) label 0
[Check] Sample budget = 60000
[Check] Sum of instance estimates = 22394223700.65, Global estimate = 22394223700.65, Ratio = 1.00
[Info] Appended instance results for query_cycle_8_592.graph to CSV in long format.
Global Estimated Value: 22394223700.65
/home/wangshuo/projects/PROXY/datasets/parler/query_graph/query_cycle_8_592.graph Finished!


Start Processing /home/wangshuo/projects/PROXY/datasets/parler/query_graph/query_path_4_0.graph for core instances with query nodes: 1 
[Info] Auto-selected query root index 1 with (transferred) label 1
[Check] Sample budget = 60000
[Check] Sum of instance estimates = 77283485690.22, Global estimate = 77283485690.22, Ratio = 1.00
[Info] Appended instance results for query_path_4_0.graph to CSV in long format.
Global Estimated Value: 77283485690.22
/home/wangshuo/projects/PROXY/datasets/parler/query_graph/query_path_4_0.graph Finished!


Start Processing /home/wangshuo/projects/PROXY/datasets/parler/query_graph/query_path_4_1.graph for core instances with query nodes: 1 
[Info] Auto-selected query root index 1 with (transferred) label 1
[Check] Sample budget = 60000
[Check] Sum of instance estimates = 78018749471.52, Global estimate = 78018749471.52, Ratio = 1.00
[Info] Appended instance results for query_path_4_1.graph to CSV in long format.
Global Estimated Value: 78018749471.52
/home/wangshuo/projects/PROXY/datasets/parler/query_graph/query_path_4_1.graph Finished!


Start Processing /home/wangshuo/projects/PROXY/datasets/parler/query_graph/query_path_4_10.graph for core instances with query nodes: 1 
[Info] Auto-selected query root index 1 with (transferred) label 1
[Check] Sample budget = 60000
[Check] Sum of instance estimates = 16370655780.71, Global estimate = 16370655780.71, Ratio = 1.00
[Info] Appended instance results for query_path_4_10.graph to CSV in long format.
Global Estimated Value: 16370655780.71
/home/wangshuo/projects/PROXY/datasets/parler/query_graph/query_path_4_10.graph Finished!


Start Processing /home/wangshuo/projects/PROXY/datasets/parler/query_graph/query_path_4_11.graph for core instances with query nodes: 0 
[Info] Auto-selected query root index 0 with (transferred) label 1
[Check] Sample budget = 60000
[Check] Sum of instance estimates = 4348110769.47, Global estimate = 4348110769.47, Ratio = 1.00
[Info] Appended instance results for query_path_4_11.graph to CSV in long format.
Global Estimated Value: 4348110769.47
/home/wangshuo/projects/PROXY/datasets/parler/query_graph/query_path_4_11.graph Finished!


Start Processing /home/wangshuo/projects/PROXY/datasets/parler/query_graph/query_path_4_12.graph for core instances with query nodes: 1 
[Info] Auto-selected query root index 0 with (transferred) label 0
[Check] Sample budget = 60000
[Check] Sum of instance estimates = 193957092.87, Global estimate = 193957092.87, Ratio = 1.00
[Info] Appended instance results for query_path_4_12.graph to CSV in long format.
Global Estimated Value: 193957092.87
/home/wangshuo/projects/PROXY/datasets/parler/query_graph/query_path_4_12.graph Finished!


Start Processing /home/wangshuo/projects/PROXY/datasets/parler/query_graph/query_path_4_13.graph for core instances with query nodes: 1 
[Info] Auto-selected query root index 0 with (transferred) label 0
[Check] Sample budget = 60000
[Check] Sum of instance estimates = 1347904358.64, Global estimate = 1347904358.64, Ratio = 1.00
[Info] Appended instance results for query_path_4_13.graph to CSV in long format.
Global Estimated Value: 1347904358.64
/home/wangshuo/projects/PROXY/datasets/parler/query_graph/query_path_4_13.graph Finished!


Start Processing /home/wangshuo/projects/PROXY/datasets/parler/query_graph/query_path_4_14.graph for core instances with query nodes: 2 
[Info] Auto-selected query root index 2 with (transferred) label 1
[Check] Sample budget = 60000
[Check] Sum of instance estimates = 57229033334.16, Global estimate = 57229033334.16, Ratio = 1.00
[Info] Appended instance results for query_path_4_14.graph to CSV in long format.
Global Estimated Value: 57229033334.16
/home/wangshuo/projects/PROXY/datasets/parler/query_graph/query_path_4_14.graph Finished!


Start Processing /home/wangshuo/projects/PROXY/datasets/parler/query_graph/query_path_4_15.graph for core instances with query nodes: 2 
[Info] Auto-selected query root index 2 with (transferred) label 1
[Check] Sample budget = 60000
[Check] Sum of instance estimates = 12063949288.35, Global estimate = 12063949288.35, Ratio = 1.00
[Info] Appended instance results for query_path_4_15.graph to CSV in long format.
Global Estimated Value: 12063949288.35
/home/wangshuo/projects/PROXY/datasets/parler/query_graph/query_path_4_15.graph Finished!


Start Processing /home/wangshuo/projects/PROXY/datasets/parler/query_graph/query_path_4_16.graph for core instances with query nodes: 0 
[Info] Auto-selected query root index 0 with (transferred) label 1
[Check] Sample budget = 60000
[Check] Sum of instance estimates = 4401196734.43, Global estimate = 4401196734.43, Ratio = 1.00
[Info] Appended instance results for query_path_4_16.graph to CSV in long format.
Global Estimated Value: 4401196734.43
/home/wangshuo/projects/PROXY/datasets/parler/query_graph/query_path_4_16.graph Finished!


Start Processing /home/wangshuo/projects/PROXY/datasets/parler/query_graph/query_path_4_17.graph for core instances with query nodes: 1 
[Info] Auto-selected query root index 1 with (transferred) label 1
[Check] Sample budget = 60000
[Check] Sum of instance estimates = 3052996571.41, Global estimate = 3052996571.41, Ratio = 1.00
[Info] Appended instance results for query_path_4_17.graph to CSV in long format.
Global Estimated Value: 3052996571.41
/home/wangshuo/projects/PROXY/datasets/parler/query_graph/query_path_4_17.graph Finished!


Start Processing /home/wangshuo/projects/PROXY/datasets/parler/query_graph/query_path_4_18.graph for core instances with query nodes: 1 
[Info] Auto-selected query root index 0 with (transferred) label 0
[Check] Sample budget = 60000
[Check] Sum of instance estimates = 1304607317.92, Global estimate = 1304607317.92, Ratio = 1.00
[Info] Appended instance results for query_path_4_18.graph to CSV in long format.
Global Estimated Value: 1304607317.92
/home/wangshuo/projects/PROXY/datasets/parler/query_graph/query_path_4_18.graph Finished!


Start Processing /home/wangshuo/projects/PROXY/datasets/parler/query_graph/query_path_4_19.graph for core instances with query nodes: 1 
[Info] Auto-selected query root index 1 with (transferred) label 1
[Check] Sample budget = 60000
[Check] Sum of instance estimates = 3023870902.36, Global estimate = 3023870902.36, Ratio = 1.00
[Info] Appended instance results for query_path_4_19.graph to CSV in long format.
Global Estimated Value: 3023870902.36
/home/wangshuo/projects/PROXY/datasets/parler/query_graph/query_path_4_19.graph Finished!


Start Processing /home/wangshuo/projects/PROXY/datasets/parler/query_graph/query_path_4_2.graph for core instances with query nodes: 1 
[Info] Auto-selected query root index 0 with (transferred) label 0
[Check] Sample budget = 60000
[Check] Sum of instance estimates = 190691599.53, Global estimate = 190691599.53, Ratio = 1.00
[Info] Appended instance results for query_path_4_2.graph to CSV in long format.
Global Estimated Value: 190691599.53
/home/wangshuo/projects/PROXY/datasets/parler/query_graph/query_path_4_2.graph Finished!


Start Processing /home/wangshuo/projects/PROXY/datasets/parler/query_graph/query_path_4_20.graph for core instances with query nodes: 0 
[Info] Auto-selected query root index 0 with (transferred) label 1
[Check] Sample budget = 60000
[Check] Sum of instance estimates = 4381657023.54, Global estimate = 4381657023.54, Ratio = 1.00
[Info] Appended instance results for query_path_4_20.graph to CSV in long format.
Global Estimated Value: 4381657023.54
/home/wangshuo/projects/PROXY/datasets/parler/query_graph/query_path_4_20.graph Finished!


Start Processing /home/wangshuo/projects/PROXY/datasets/parler/query_graph/query_path_4_21.graph for core instances with query nodes: 1 
[Info] Auto-selected query root index 1 with (transferred) label 1
[Check] Sample budget = 60000
[Check] Sum of instance estimates = 23976669.91, Global estimate = 23976669.91, Ratio = 1.00
[Info] Appended instance results for query_path_4_21.graph to CSV in long format.
Global Estimated Value: 23976669.91
/home/wangshuo/projects/PROXY/datasets/parler/query_graph/query_path_4_21.graph Finished!


Start Processing /home/wangshuo/projects/PROXY/datasets/parler/query_graph/query_path_4_3.graph for core instances with query nodes: 2 
[Info] Auto-selected query root index 2 with (transferred) label 1
[Check] Sample budget = 60000
[Check] Sum of instance estimates = 57485394280.28, Global estimate = 57485394280.28, Ratio = 1.00
[Info] Appended instance results for query_path_4_3.graph to CSV in long format.
Global Estimated Value: 57485394280.28
/home/wangshuo/projects/PROXY/datasets/parler/query_graph/query_path_4_3.graph Finished!


Start Processing /home/wangshuo/projects/PROXY/datasets/parler/query_graph/query_path_4_9.graph for core instances with query nodes: 1 
[Info] Auto-selected query root index 1 with (transferred) label 1
[Check] Sample budget = 60000
[Check] Sum of instance estimates = 16127852663.24, Global estimate = 16127852663.24, Ratio = 1.00
[Info] Appended instance results for query_path_4_9.graph to CSV in long format.
Global Estimated Value: 16127852663.24
/home/wangshuo/projects/PROXY/datasets/parler/query_graph/query_path_4_9.graph Finished!


Start Processing /home/wangshuo/projects/PROXY/datasets/parler/query_graph/query_path_6_100.graph for core instances with query nodes: 2 
[Info] Auto-selected query root index 5 with (transferred) label 2
[Check] Sample budget = 60000
[Check] Sum of instance estimates = 23071570352.52, Global estimate = 23071570352.52, Ratio = 1.00
[Info] Appended instance results for query_path_6_100.graph to CSV in long format.
Global Estimated Value: 23071570352.52
/home/wangshuo/projects/PROXY/datasets/parler/query_graph/query_path_6_100.graph Finished!


Start Processing /home/wangshuo/projects/PROXY/datasets/parler/query_graph/query_path_6_101.graph for core instances with query nodes: 2 
[Info] Auto-selected query root index 2 with (transferred) label 1
[Check] Sample budget = 60000
[Check] Sum of instance estimates = 18821447935.98, Global estimate = 18821447935.98, Ratio = 1.00
[Info] Appended instance results for query_path_6_101.graph to CSV in long format.
Global Estimated Value: 18821447935.98
/home/wangshuo/projects/PROXY/datasets/parler/query_graph/query_path_6_101.graph Finished!


Start Processing /home/wangshuo/projects/PROXY/datasets/parler/query_graph/query_path_6_102.graph for core instances with query nodes: 2 
[Info] Auto-selected query root index 1 with (transferred) label 0
[Check] Sample budget = 60000
[Check] Sum of instance estimates = 140686943560.01, Global estimate = 140686943560.01, Ratio = 1.00
[Info] Appended instance results for query_path_6_102.graph to CSV in long format.
Global Estimated Value: 140686943560.01
/home/wangshuo/projects/PROXY/datasets/parler/query_graph/query_path_6_102.graph Finished!


Start Processing /home/wangshuo/projects/PROXY/datasets/parler/query_graph/query_path_6_103.graph for core instances with query nodes: 1 
[Info] Auto-selected query root index 1 with (transferred) label 1
[Check] Sample budget = 60000
[Check] Sum of instance estimates = 55181117806.59, Global estimate = 55181117806.59, Ratio = 1.00
[Info] Appended instance results for query_path_6_103.graph to CSV in long format.
Global Estimated Value: 55181117806.59
/home/wangshuo/projects/PROXY/datasets/parler/query_graph/query_path_6_103.graph Finished!


Start Processing /home/wangshuo/projects/PROXY/datasets/parler/query_graph/query_path_6_104.graph for core instances with query nodes: 1 
[Info] Auto-selected query root index 1 with (transferred) label 1
[Check] Sample budget = 60000
[Check] Sum of instance estimates = 49983100357.98, Global estimate = 49983100357.98, Ratio = 1.00
[Info] Appended instance results for query_path_6_104.graph to CSV in long format.
Global Estimated Value: 49983100357.98
/home/wangshuo/projects/PROXY/datasets/parler/query_graph/query_path_6_104.graph Finished!


Start Processing /home/wangshuo/projects/PROXY/datasets/parler/query_graph/query_path_6_105.graph for core instances with query nodes: 2 
[Info] Auto-selected query root index 1 with (transferred) label 0
[Check] Sample budget = 60000
[Check] Sum of instance estimates = 140406793429.11, Global estimate = 140406793429.11, Ratio = 1.00
[Info] Appended instance results for query_path_6_105.graph to CSV in long format.
Global Estimated Value: 140406793429.11
/home/wangshuo/projects/PROXY/datasets/parler/query_graph/query_path_6_105.graph Finished!


Start Processing /home/wangshuo/projects/PROXY/datasets/parler/query_graph/query_path_6_107.graph for core instances with query nodes: 1 
[Info] Auto-selected query root index 1 with (transferred) label 1
[Check] Sample budget = 60000
[Check] Sum of instance estimates = 54813714560.42, Global estimate = 54813714560.42, Ratio = 1.00
[Info] Appended instance results for query_path_6_107.graph to CSV in long format.
Global Estimated Value: 54813714560.42
/home/wangshuo/projects/PROXY/datasets/parler/query_graph/query_path_6_107.graph Finished!


Start Processing /home/wangshuo/projects/PROXY/datasets/parler/query_graph/query_path_6_110.graph for core instances with query nodes: 1 
[Info] Auto-selected query root index 1 with (transferred) label 1
[Check] Sample budget = 60000
[Check] Sum of instance estimates = 49563334357.94, Global estimate = 49563334357.94, Ratio = 1.00
[Info] Appended instance results for query_path_6_110.graph to CSV in long format.
Global Estimated Value: 49563334357.94
/home/wangshuo/projects/PROXY/datasets/parler/query_graph/query_path_6_110.graph Finished!


Start Processing /home/wangshuo/projects/PROXY/datasets/parler/query_graph/query_path_6_113.graph for core instances with query nodes: 2 
[Info] Auto-selected query root index 2 with (transferred) label 1
[Check] Sample budget = 60000
[Check] Sum of instance estimates = 18491801512.57, Global estimate = 18491801512.57, Ratio = 1.00
[Info] Appended instance results for query_path_6_113.graph to CSV in long format.
Global Estimated Value: 18491801512.57
/home/wangshuo/projects/PROXY/datasets/parler/query_graph/query_path_6_113.graph Finished!


Start Processing /home/wangshuo/projects/PROXY/datasets/parler/query_graph/query_path_6_114.graph for core instances with query nodes: 2 
[Info] Auto-selected query root index 1 with (transferred) label 0
[Check] Sample budget = 60000
[Check] Sum of instance estimates = 6372013300.58, Global estimate = 6372013300.58, Ratio = 1.00
[Info] Appended instance results for query_path_6_114.graph to CSV in long format.
Global Estimated Value: 6372013300.58
/home/wangshuo/projects/PROXY/datasets/parler/query_graph/query_path_6_114.graph Finished!


Start Processing /home/wangshuo/projects/PROXY/datasets/parler/query_graph/query_path_6_115.graph for core instances with query nodes: 2 
[Info] Auto-selected query root index 2 with (transferred) label 1
[Check] Sample budget = 60000
[Check] Sum of instance estimates = 29832313515.17, Global estimate = 29832313515.17, Ratio = 1.00
[Info] Appended instance results for query_path_6_115.graph to CSV in long format.
Global Estimated Value: 29832313515.17
/home/wangshuo/projects/PROXY/datasets/parler/query_graph/query_path_6_115.graph Finished!


Start Processing /home/wangshuo/projects/PROXY/datasets/parler/query_graph/query_path_6_116.graph for core instances with query nodes: 2 
[Info] Auto-selected query root index 0 with (transferred) label 0
[Check] Sample budget = 60000
[Check] Sum of instance estimates = 21634020334.56, Global estimate = 21634020334.56, Ratio = 1.00
[Info] Appended instance results for query_path_6_116.graph to CSV in long format.
Global Estimated Value: 21634020334.56
/home/wangshuo/projects/PROXY/datasets/parler/query_graph/query_path_6_116.graph Finished!


Start Processing /home/wangshuo/projects/PROXY/datasets/parler/query_graph/query_path_6_117.graph for core instances with query nodes: 2 
[Info] Auto-selected query root index 0 with (transferred) label 0
[Check] Sample budget = 60000
[Check] Sum of instance estimates = 6308494295.45, Global estimate = 6308494295.45, Ratio = 1.00
[Info] Appended instance results for query_path_6_117.graph to CSV in long format.
Global Estimated Value: 6308494295.45
/home/wangshuo/projects/PROXY/datasets/parler/query_graph/query_path_6_117.graph Finished!


Start Processing /home/wangshuo/projects/PROXY/datasets/parler/query_graph/query_path_6_118.graph for core instances with query nodes: 2 
[Info] Auto-selected query root index 0 with (transferred) label 0
[Check] Sample budget = 60000
[Check] Sum of instance estimates = 13644595685.96, Global estimate = 13644595685.96, Ratio = 1.00
[Info] Appended instance results for query_path_6_118.graph to CSV in long format.
Global Estimated Value: 13644595685.96
/home/wangshuo/projects/PROXY/datasets/parler/query_graph/query_path_6_118.graph Finished!


Start Processing /home/wangshuo/projects/PROXY/datasets/parler/query_graph/query_path_6_119.graph for core instances with query nodes: 1 
[Info] Auto-selected query root index 0 with (transferred) label 0
[Check] Sample budget = 60000
[Check] Sum of instance estimates = 57648378988.13, Global estimate = 57648378988.13, Ratio = 1.00
[Info] Appended instance results for query_path_6_119.graph to CSV in long format.
Global Estimated Value: 57648378988.13
/home/wangshuo/projects/PROXY/datasets/parler/query_graph/query_path_6_119.graph Finished!


Start Processing /home/wangshuo/projects/PROXY/datasets/parler/query_graph/query_path_6_120.graph for core instances with query nodes: 2 
[Info] Auto-selected query root index 0 with (transferred) label 0
[Check] Sample budget = 60000
[Check] Sum of instance estimates = 138295353295.67, Global estimate = 138295353295.67, Ratio = 1.00
[Info] Appended instance results for query_path_6_120.graph to CSV in long format.
Global Estimated Value: 138295353295.67
/home/wangshuo/projects/PROXY/datasets/parler/query_graph/query_path_6_120.graph Finished!


Start Processing /home/wangshuo/projects/PROXY/datasets/parler/query_graph/query_path_6_122.graph for core instances with query nodes: 2 
[Info] Auto-selected query root index 2 with (transferred) label 1
[Check] Sample budget = 60000
[Check] Sum of instance estimates = 18930637455.18, Global estimate = 18930637455.18, Ratio = 1.00
[Info] Appended instance results for query_path_6_122.graph to CSV in long format.
Global Estimated Value: 18930637455.18
/home/wangshuo/projects/PROXY/datasets/parler/query_graph/query_path_6_122.graph Finished!


Start Processing /home/wangshuo/projects/PROXY/datasets/parler/query_graph/query_path_6_123.graph for core instances with query nodes: 1 
[Info] Auto-selected query root index 0 with (transferred) label 0
[Check] Sample budget = 60000
[Check] Sum of instance estimates = 56930120472.55, Global estimate = 56930120472.56, Ratio = 1.00
[Info] Appended instance results for query_path_6_123.graph to CSV in long format.
Global Estimated Value: 56930120472.56
/home/wangshuo/projects/PROXY/datasets/parler/query_graph/query_path_6_123.graph Finished!


Start Processing /home/wangshuo/projects/PROXY/datasets/parler/query_graph/query_path_6_124.graph for core instances with query nodes: 2 
[Info] Auto-selected query root index 0 with (transferred) label 0
[Check] Sample budget = 60000
[Check] Sum of instance estimates = 138217247531.43, Global estimate = 138217247531.43, Ratio = 1.00
[Info] Appended instance results for query_path_6_124.graph to CSV in long format.
Global Estimated Value: 138217247531.43
/home/wangshuo/projects/PROXY/datasets/parler/query_graph/query_path_6_124.graph Finished!


Start Processing /home/wangshuo/projects/PROXY/datasets/parler/query_graph/query_path_6_125.graph for core instances with query nodes: 2 
[Info] Auto-selected query root index 0 with (transferred) label 0
[Check] Sample budget = 60000
[Check] Sum of instance estimates = 141679918071.75, Global estimate = 141679918071.75, Ratio = 1.00
[Info] Appended instance results for query_path_6_125.graph to CSV in long format.
Global Estimated Value: 141679918071.75
/home/wangshuo/projects/PROXY/datasets/parler/query_graph/query_path_6_125.graph Finished!


Start Processing /home/wangshuo/projects/PROXY/datasets/parler/query_graph/query_path_6_127.graph for core instances with query nodes: 3 
[Info] Auto-selected query root index 0 with (transferred) label 0
[Check] Sample budget = 60000
[Check] Sum of instance estimates = 10015747395.18, Global estimate = 10015747395.18, Ratio = 1.00
[Info] Appended instance results for query_path_6_127.graph to CSV in long format.
Global Estimated Value: 10015747395.18
/home/wangshuo/projects/PROXY/datasets/parler/query_graph/query_path_6_127.graph Finished!


Start Processing /home/wangshuo/projects/PROXY/datasets/parler/query_graph/query_path_6_128.graph for core instances with query nodes: 2 
[Info] Auto-selected query root index 1 with (transferred) label 0
[Check] Sample budget = 60000
[Check] Sum of instance estimates = 21471523254.12, Global estimate = 21471523254.12, Ratio = 1.00
[Info] Appended instance results for query_path_6_128.graph to CSV in long format.
Global Estimated Value: 21471523254.12
/home/wangshuo/projects/PROXY/datasets/parler/query_graph/query_path_6_128.graph Finished!


Start Processing /home/wangshuo/projects/PROXY/datasets/parler/query_graph/query_path_6_129.graph for core instances with query nodes: 2 
[Info] Auto-selected query root index 0 with (transferred) label 0
[Check] Sample budget = 60000
[Check] Sum of instance estimates = 13717859921.48, Global estimate = 13717859921.48, Ratio = 1.00
[Info] Appended instance results for query_path_6_129.graph to CSV in long format.
Global Estimated Value: 13717859921.48
/home/wangshuo/projects/PROXY/datasets/parler/query_graph/query_path_6_129.graph Finished!


Start Processing /home/wangshuo/projects/PROXY/datasets/parler/query_graph/query_path_6_130.graph for core instances with query nodes: 1 
[Info] Auto-selected query root index 0 with (transferred) label 0
[Check] Sample budget = 60000
[Check] Sum of instance estimates = 58006870346.96, Global estimate = 58006870346.96, Ratio = 1.00
[Info] Appended instance results for query_path_6_130.graph to CSV in long format.
Global Estimated Value: 58006870346.96
/home/wangshuo/projects/PROXY/datasets/parler/query_graph/query_path_6_130.graph Finished!


Start Processing /home/wangshuo/projects/PROXY/datasets/parler/query_graph/query_path_6_131.graph for core instances with query nodes: 3 
[Info] Auto-selected query root index 0 with (transferred) label 0
[Check] Sample budget = 60000
[Check] Sum of instance estimates = 10227193880.46, Global estimate = 10227193880.46, Ratio = 1.00
[Info] Appended instance results for query_path_6_131.graph to CSV in long format.
Global Estimated Value: 10227193880.46
/home/wangshuo/projects/PROXY/datasets/parler/query_graph/query_path_6_131.graph Finished!


Start Processing /home/wangshuo/projects/PROXY/datasets/parler/query_graph/query_path_6_132.graph for core instances with query nodes: 1 
[Info] Auto-selected query root index 0 with (transferred) label 0
[Check] Sample budget = 60000
[Check] Sum of instance estimates = 57899750429.75, Global estimate = 57899750429.75, Ratio = 1.00
[Info] Appended instance results for query_path_6_132.graph to CSV in long format.
Global Estimated Value: 57899750429.75
/home/wangshuo/projects/PROXY/datasets/parler/query_graph/query_path_6_132.graph Finished!


Start Processing /home/wangshuo/projects/PROXY/datasets/parler/query_graph/query_path_6_22.graph for core instances with query nodes: 2 
[Info] Auto-selected query root index 1 with (transferred) label 0
[Check] Sample budget = 60000
[Check] Sum of instance estimates = 32268980580.24, Global estimate = 32268980580.24, Ratio = 1.00
[Info] Appended instance results for query_path_6_22.graph to CSV in long format.
Global Estimated Value: 32268980580.24
/home/wangshuo/projects/PROXY/datasets/parler/query_graph/query_path_6_22.graph Finished!


Start Processing /home/wangshuo/projects/PROXY/datasets/parler/query_graph/query_path_6_27.graph for core instances with query nodes: 1 
[Info] Auto-selected query root index 4 with (transferred) label 2
[Check] Sample budget = 60000
[Check] Sum of instance estimates = 32669345605.56, Global estimate = 32669345605.56, Ratio = 1.00
[Info] Appended instance results for query_path_6_27.graph to CSV in long format.
Global Estimated Value: 32669345605.56
/home/wangshuo/projects/PROXY/datasets/parler/query_graph/query_path_6_27.graph Finished!


Start Processing /home/wangshuo/projects/PROXY/datasets/parler/query_graph/query_path_6_28.graph for core instances with query nodes: 2 
[Info] Auto-selected query root index 1 with (transferred) label 0
[Check] Sample budget = 60000
[Check] Sum of instance estimates = 139724412389.66, Global estimate = 139724412389.66, Ratio = 1.00
[Info] Appended instance results for query_path_6_28.graph to CSV in long format.
Global Estimated Value: 139724412389.66
/home/wangshuo/projects/PROXY/datasets/parler/query_graph/query_path_6_28.graph Finished!


Start Processing /home/wangshuo/projects/PROXY/datasets/parler/query_graph/query_path_6_29.graph for core instances with query nodes: 1 
[Info] Auto-selected query root index 5 with (transferred) label 2
[Check] Sample budget = 60000
[Check] Sum of instance estimates = 33221983592.89, Global estimate = 33221983592.89, Ratio = 1.00
[Info] Appended instance results for query_path_6_29.graph to CSV in long format.
Global Estimated Value: 33221983592.89
/home/wangshuo/projects/PROXY/datasets/parler/query_graph/query_path_6_29.graph Finished!


Start Processing /home/wangshuo/projects/PROXY/datasets/parler/query_graph/query_path_6_30.graph for core instances with query nodes: 1 
[Info] Auto-selected query root index 1 with (transferred) label 1
[Check] Sample budget = 60000
[Check] Sum of instance estimates = 49909080446.44, Global estimate = 49909080446.44, Ratio = 1.00
[Info] Appended instance results for query_path_6_30.graph to CSV in long format.
Global Estimated Value: 49909080446.44
/home/wangshuo/projects/PROXY/datasets/parler/query_graph/query_path_6_30.graph Finished!


Start Processing /home/wangshuo/projects/PROXY/datasets/parler/query_graph/query_path_6_31.graph for core instances with query nodes: 1 
[Info] Auto-selected query root index 5 with (transferred) label 2
[Check] Sample budget = 60000
[Check] Sum of instance estimates = 33258105613.55, Global estimate = 33258105613.55, Ratio = 1.00
[Info] Appended instance results for query_path_6_31.graph to CSV in long format.
Global Estimated Value: 33258105613.55
/home/wangshuo/projects/PROXY/datasets/parler/query_graph/query_path_6_31.graph Finished!


Start Processing /home/wangshuo/projects/PROXY/datasets/parler/query_graph/query_path_6_32.graph for core instances with query nodes: 1 
[Info] Auto-selected query root index 1 with (transferred) label 1
[Check] Sample budget = 60000
[Check] Sum of instance estimates = 53312121273.09, Global estimate = 53312121273.09, Ratio = 1.00
[Info] Appended instance results for query_path_6_32.graph to CSV in long format.
Global Estimated Value: 53312121273.09
/home/wangshuo/projects/PROXY/datasets/parler/query_graph/query_path_6_32.graph Finished!


Start Processing /home/wangshuo/projects/PROXY/datasets/parler/query_graph/query_path_6_34.graph for core instances with query nodes: 1 
[Info] Auto-selected query root index 1 with (transferred) label 1
[Check] Sample budget = 60000
[Check] Sum of instance estimates = 49609411517.88, Global estimate = 49609411517.88, Ratio = 1.00
[Info] Appended instance results for query_path_6_34.graph to CSV in long format.
Global Estimated Value: 49609411517.88
/home/wangshuo/projects/PROXY/datasets/parler/query_graph/query_path_6_34.graph Finished!


Start Processing /home/wangshuo/projects/PROXY/datasets/parler/query_graph/query_path_6_36.graph for core instances with query nodes: 2 
[Info] Auto-selected query root index 0 with (transferred) label 0
[Check] Sample budget = 60000
[Check] Sum of instance estimates = 33024018448.99, Global estimate = 33024018448.99, Ratio = 1.00
[Info] Appended instance results for query_path_6_36.graph to CSV in long format.
Global Estimated Value: 33024018448.99
/home/wangshuo/projects/PROXY/datasets/parler/query_graph/query_path_6_36.graph Finished!


Start Processing /home/wangshuo/projects/PROXY/datasets/parler/query_graph/query_path_6_37.graph for core instances with query nodes: 2 
[Info] Auto-selected query root index 2 with (transferred) label 1
[Check] Sample budget = 60000
[Check] Sum of instance estimates = 18287232728.33, Global estimate = 18287232728.33, Ratio = 1.00
[Info] Appended instance results for query_path_6_37.graph to CSV in long format.
Global Estimated Value: 18287232728.33
/home/wangshuo/projects/PROXY/datasets/parler/query_graph/query_path_6_37.graph Finished!


Start Processing /home/wangshuo/projects/PROXY/datasets/parler/query_graph/query_path_6_38.graph for core instances with query nodes: 1 
[Info] Auto-selected query root index 1 with (transferred) label 1
[Check] Sample budget = 60000
[Check] Sum of instance estimates = 53888463073.37, Global estimate = 53888463073.37, Ratio = 1.00
[Info] Appended instance results for query_path_6_38.graph to CSV in long format.
Global Estimated Value: 53888463073.37
/home/wangshuo/projects/PROXY/datasets/parler/query_graph/query_path_6_38.graph Finished!


Start Processing /home/wangshuo/projects/PROXY/datasets/parler/query_graph/query_path_6_39.graph for core instances with query nodes: 1 
[Info] Auto-selected query root index 1 with (transferred) label 1
[Check] Sample budget = 60000
[Check] Sum of instance estimates = 49631657982.84, Global estimate = 49631657982.84, Ratio = 1.00
[Info] Appended instance results for query_path_6_39.graph to CSV in long format.
Global Estimated Value: 49631657982.84
/home/wangshuo/projects/PROXY/datasets/parler/query_graph/query_path_6_39.graph Finished!


Start Processing /home/wangshuo/projects/PROXY/datasets/parler/query_graph/query_path_6_40.graph for core instances with query nodes: 1 
[Info] Auto-selected query root index 0 with (transferred) label 0
[Check] Sample budget = 60000
[Check] Sum of instance estimates = 56597459899.39, Global estimate = 56597459899.39, Ratio = 1.00
[Info] Appended instance results for query_path_6_40.graph to CSV in long format.
Global Estimated Value: 56597459899.39
/home/wangshuo/projects/PROXY/datasets/parler/query_graph/query_path_6_40.graph Finished!


Start Processing /home/wangshuo/projects/PROXY/datasets/parler/query_graph/query_path_6_42.graph for core instances with query nodes: 1 
[Info] Auto-selected query root index 1 with (transferred) label 1
[Check] Sample budget = 60000
[Check] Sum of instance estimates = 49436572819.10, Global estimate = 49436572819.10, Ratio = 1.00
[Info] Appended instance results for query_path_6_42.graph to CSV in long format.
Global Estimated Value: 49436572819.10
/home/wangshuo/projects/PROXY/datasets/parler/query_graph/query_path_6_42.graph Finished!


Start Processing /home/wangshuo/projects/PROXY/datasets/parler/query_graph/query_path_6_45.graph for core instances with query nodes: 1 
[Info] Auto-selected query root index 1 with (transferred) label 1
[Check] Sample budget = 60000
[Check] Sum of instance estimates = 48585912886.63, Global estimate = 48585912886.63, Ratio = 1.00
[Info] Appended instance results for query_path_6_45.graph to CSV in long format.
Global Estimated Value: 48585912886.63
/home/wangshuo/projects/PROXY/datasets/parler/query_graph/query_path_6_45.graph Finished!


Start Processing /home/wangshuo/projects/PROXY/datasets/parler/query_graph/query_path_6_48.graph for core instances with query nodes: 2 
[Info] Auto-selected query root index 0 with (transferred) label 0
[Check] Sample budget = 60000
[Check] Sum of instance estimates = 13958950811.81, Global estimate = 13958950811.81, Ratio = 1.00
[Info] Appended instance results for query_path_6_48.graph to CSV in long format.
Global Estimated Value: 13958950811.81
/home/wangshuo/projects/PROXY/datasets/parler/query_graph/query_path_6_48.graph Finished!


Start Processing /home/wangshuo/projects/PROXY/datasets/parler/query_graph/query_path_6_49.graph for core instances with query nodes: 1 
[Info] Auto-selected query root index 1 with (transferred) label 1
[Check] Sample budget = 60000
[Check] Sum of instance estimates = 53693477515.79, Global estimate = 53693477515.79, Ratio = 1.00
[Info] Appended instance results for query_path_6_49.graph to CSV in long format.
Global Estimated Value: 53693477515.79
/home/wangshuo/projects/PROXY/datasets/parler/query_graph/query_path_6_49.graph Finished!


Start Processing /home/wangshuo/projects/PROXY/datasets/parler/query_graph/query_path_6_5.graph for core instances with query nodes: 2 
[Info] Auto-selected query root index 0 with (transferred) label 0
[Check] Sample budget = 60000
[Check] Sum of instance estimates = 13760460414.55, Global estimate = 13760460414.55, Ratio = 1.00
[Info] Appended instance results for query_path_6_5.graph to CSV in long format.
Global Estimated Value: 13760460414.55
/home/wangshuo/projects/PROXY/datasets/parler/query_graph/query_path_6_5.graph Finished!


Start Processing /home/wangshuo/projects/PROXY/datasets/parler/query_graph/query_path_6_50.graph for core instances with query nodes: 1 
[Info] Auto-selected query root index 1 with (transferred) label 1
[Check] Sample budget = 60000
[Check] Sum of instance estimates = 33719727427.34, Global estimate = 33719727427.34, Ratio = 1.00
[Info] Appended instance results for query_path_6_50.graph to CSV in long format.
Global Estimated Value: 33719727427.34
/home/wangshuo/projects/PROXY/datasets/parler/query_graph/query_path_6_50.graph Finished!


Start Processing /home/wangshuo/projects/PROXY/datasets/parler/query_graph/query_path_6_51.graph for core instances with query nodes: 1 
[Info] Auto-selected query root index 0 with (transferred) label 0
[Check] Sample budget = 60000
[Check] Sum of instance estimates = 57492891020.93, Global estimate = 57492891020.93, Ratio = 1.00
[Info] Appended instance results for query_path_6_51.graph to CSV in long format.
Global Estimated Value: 57492891020.93
/home/wangshuo/projects/PROXY/datasets/parler/query_graph/query_path_6_51.graph Finished!


Start Processing /home/wangshuo/projects/PROXY/datasets/parler/query_graph/query_path_6_52.graph for core instances with query nodes: 1 
[Info] Auto-selected query root index 5 with (transferred) label 2
[Check] Sample budget = 60000
[Check] Sum of instance estimates = 32936584427.34, Global estimate = 32936584427.34, Ratio = 1.00
[Info] Appended instance results for query_path_6_52.graph to CSV in long format.
Global Estimated Value: 32936584427.34
/home/wangshuo/projects/PROXY/datasets/parler/query_graph/query_path_6_52.graph Finished!


Start Processing /home/wangshuo/projects/PROXY/datasets/parler/query_graph/query_path_6_53.graph for core instances with query nodes: 2 
[Info] Auto-selected query root index 1 with (transferred) label 0
[Check] Sample budget = 60000
[Check] Sum of instance estimates = 21427491247.62, Global estimate = 21427491247.62, Ratio = 1.00
[Info] Appended instance results for query_path_6_53.graph to CSV in long format.
Global Estimated Value: 21427491247.62
/home/wangshuo/projects/PROXY/datasets/parler/query_graph/query_path_6_53.graph Finished!


Start Processing /home/wangshuo/projects/PROXY/datasets/parler/query_graph/query_path_6_54.graph for core instances with query nodes: 1 
[Info] Auto-selected query root index 1 with (transferred) label 1
[Check] Sample budget = 60000
[Check] Sum of instance estimates = 33135023306.08, Global estimate = 33135023306.08, Ratio = 1.00
[Info] Appended instance results for query_path_6_54.graph to CSV in long format.
Global Estimated Value: 33135023306.08
/home/wangshuo/projects/PROXY/datasets/parler/query_graph/query_path_6_54.graph Finished!


Start Processing /home/wangshuo/projects/PROXY/datasets/parler/query_graph/query_path_6_55.graph for core instances with query nodes: 2 
[Info] Auto-selected query root index 0 with (transferred) label 0
[Check] Sample budget = 60000
[Check] Sum of instance estimates = 32598812373.75, Global estimate = 32598812373.75, Ratio = 1.00
[Info] Appended instance results for query_path_6_55.graph to CSV in long format.
Global Estimated Value: 32598812373.75
/home/wangshuo/projects/PROXY/datasets/parler/query_graph/query_path_6_55.graph Finished!


Start Processing /home/wangshuo/projects/PROXY/datasets/parler/query_graph/query_path_6_57.graph for core instances with query nodes: 2 
[Info] Auto-selected query root index 0 with (transferred) label 0
[Check] Sample budget = 60000
[Check] Sum of instance estimates = 21241591132.78, Global estimate = 21241591132.78, Ratio = 1.00
[Info] Appended instance results for query_path_6_57.graph to CSV in long format.
Global Estimated Value: 21241591132.78
/home/wangshuo/projects/PROXY/datasets/parler/query_graph/query_path_6_57.graph Finished!


Start Processing /home/wangshuo/projects/PROXY/datasets/parler/query_graph/query_path_6_58.graph for core instances with query nodes: 1 
[Info] Auto-selected query root index 1 with (transferred) label 1
[Check] Sample budget = 60000
[Check] Sum of instance estimates = 48471991492.26, Global estimate = 48471991492.26, Ratio = 1.00
[Info] Appended instance results for query_path_6_58.graph to CSV in long format.
Global Estimated Value: 48471991492.26
/home/wangshuo/projects/PROXY/datasets/parler/query_graph/query_path_6_58.graph Finished!


Start Processing /home/wangshuo/projects/PROXY/datasets/parler/query_graph/query_path_6_59.graph for core instances with query nodes: 1 
[Info] Auto-selected query root index 1 with (transferred) label 1
[Check] Sample budget = 60000
[Check] Sum of instance estimates = 33057524114.19, Global estimate = 33057524114.19, Ratio = 1.00
[Info] Appended instance results for query_path_6_59.graph to CSV in long format.
Global Estimated Value: 33057524114.19
/home/wangshuo/projects/PROXY/datasets/parler/query_graph/query_path_6_59.graph Finished!


Start Processing /home/wangshuo/projects/PROXY/datasets/parler/query_graph/query_path_6_60.graph for core instances with query nodes: 1 
[Info] Auto-selected query root index 1 with (transferred) label 1
[Check] Sample budget = 60000
[Check] Sum of instance estimates = 53223437999.37, Global estimate = 53223437999.37, Ratio = 1.00
[Info] Appended instance results for query_path_6_60.graph to CSV in long format.
Global Estimated Value: 53223437999.37
/home/wangshuo/projects/PROXY/datasets/parler/query_graph/query_path_6_60.graph Finished!


Start Processing /home/wangshuo/projects/PROXY/datasets/parler/query_graph/query_path_6_62.graph for core instances with query nodes: 1 
[Info] Auto-selected query root index 0 with (transferred) label 0
[Check] Sample budget = 60000
[Check] Sum of instance estimates = 57002701989.02, Global estimate = 57002701989.02, Ratio = 1.00
[Info] Appended instance results for query_path_6_62.graph to CSV in long format.
Global Estimated Value: 57002701989.02
/home/wangshuo/projects/PROXY/datasets/parler/query_graph/query_path_6_62.graph Finished!


Start Processing /home/wangshuo/projects/PROXY/datasets/parler/query_graph/query_path_6_63.graph for core instances with query nodes: 2 
[Info] Auto-selected query root index 1 with (transferred) label 0
[Check] Sample budget = 60000
[Check] Sum of instance estimates = 142397685415.94, Global estimate = 142397685415.95, Ratio = 1.00
[Info] Appended instance results for query_path_6_63.graph to CSV in long format.
Global Estimated Value: 142397685415.95
/home/wangshuo/projects/PROXY/datasets/parler/query_graph/query_path_6_63.graph Finished!


Start Processing /home/wangshuo/projects/PROXY/datasets/parler/query_graph/query_path_6_66.graph for core instances with query nodes: 1 
[Info] Auto-selected query root index 1 with (transferred) label 1
[Check] Sample budget = 60000
[Check] Sum of instance estimates = 33261503427.91, Global estimate = 33261503427.91, Ratio = 1.00
[Info] Appended instance results for query_path_6_66.graph to CSV in long format.
Global Estimated Value: 33261503427.91
/home/wangshuo/projects/PROXY/datasets/parler/query_graph/query_path_6_66.graph Finished!


Start Processing /home/wangshuo/projects/PROXY/datasets/parler/query_graph/query_path_6_67.graph for core instances with query nodes: 1 
[Info] Auto-selected query root index 1 with (transferred) label 1
[Check] Sample budget = 60000
[Check] Sum of instance estimates = 33294040131.82, Global estimate = 33294040131.82, Ratio = 1.00
[Info] Appended instance results for query_path_6_67.graph to CSV in long format.
Global Estimated Value: 33294040131.82
/home/wangshuo/projects/PROXY/datasets/parler/query_graph/query_path_6_67.graph Finished!


Start Processing /home/wangshuo/projects/PROXY/datasets/parler/query_graph/query_path_6_68.graph for core instances with query nodes: 2 
[Info] Auto-selected query root index 0 with (transferred) label 0
[Check] Sample budget = 60000
[Check] Sum of instance estimates = 21431792682.99, Global estimate = 21431792682.99, Ratio = 1.00
[Info] Appended instance results for query_path_6_68.graph to CSV in long format.
Global Estimated Value: 21431792682.99
/home/wangshuo/projects/PROXY/datasets/parler/query_graph/query_path_6_68.graph Finished!


Start Processing /home/wangshuo/projects/PROXY/datasets/parler/query_graph/query_path_6_69.graph for core instances with query nodes: 1 
[Info] Auto-selected query root index 1 with (transferred) label 1
[Check] Sample budget = 60000
[Check] Sum of instance estimates = 48829932030.38, Global estimate = 48829932030.38, Ratio = 1.00
[Info] Appended instance results for query_path_6_69.graph to CSV in long format.
Global Estimated Value: 48829932030.38
/home/wangshuo/projects/PROXY/datasets/parler/query_graph/query_path_6_69.graph Finished!


Start Processing /home/wangshuo/projects/PROXY/datasets/parler/query_graph/query_path_6_70.graph for core instances with query nodes: 1 
[Info] Auto-selected query root index 1 with (transferred) label 1
[Check] Sample budget = 60000
[Check] Sum of instance estimates = 54606204177.25, Global estimate = 54606204177.25, Ratio = 1.00
[Info] Appended instance results for query_path_6_70.graph to CSV in long format.
Global Estimated Value: 54606204177.25
/home/wangshuo/projects/PROXY/datasets/parler/query_graph/query_path_6_70.graph Finished!


Start Processing /home/wangshuo/projects/PROXY/datasets/parler/query_graph/query_path_6_71.graph for core instances with query nodes: 1 
[Info] Auto-selected query root index 1 with (transferred) label 1
[Check] Sample budget = 60000
[Check] Sum of instance estimates = 48658585732.67, Global estimate = 48658585732.67, Ratio = 1.00
[Info] Appended instance results for query_path_6_71.graph to CSV in long format.
Global Estimated Value: 48658585732.67
/home/wangshuo/projects/PROXY/datasets/parler/query_graph/query_path_6_71.graph Finished!


Start Processing /home/wangshuo/projects/PROXY/datasets/parler/query_graph/query_path_6_73.graph for core instances with query nodes: 1 
[Info] Auto-selected query root index 4 with (transferred) label 2
[Check] Sample budget = 60000
[Check] Sum of instance estimates = 33055350376.90, Global estimate = 33055350376.90, Ratio = 1.00
[Info] Appended instance results for query_path_6_73.graph to CSV in long format.
Global Estimated Value: 33055350376.90
/home/wangshuo/projects/PROXY/datasets/parler/query_graph/query_path_6_73.graph Finished!


Start Processing /home/wangshuo/projects/PROXY/datasets/parler/query_graph/query_path_6_75.graph for core instances with query nodes: 2 
[Info] Auto-selected query root index 0 with (transferred) label 0
[Check] Sample budget = 60000
[Check] Sum of instance estimates = 139886851333.84, Global estimate = 139886851333.84, Ratio = 1.00
[Info] Appended instance results for query_path_6_75.graph to CSV in long format.
Global Estimated Value: 139886851333.84
/home/wangshuo/projects/PROXY/datasets/parler/query_graph/query_path_6_75.graph Finished!


Start Processing /home/wangshuo/projects/PROXY/datasets/parler/query_graph/query_path_6_76.graph for core instances with query nodes: 2 
[Info] Auto-selected query root index 5 with (transferred) label 2
[Check] Sample budget = 60000
[Check] Sum of instance estimates = 23554243353.52, Global estimate = 23554243353.52, Ratio = 1.00
[Info] Appended instance results for query_path_6_76.graph to CSV in long format.
Global Estimated Value: 23554243353.52
/home/wangshuo/projects/PROXY/datasets/parler/query_graph/query_path_6_76.graph Finished!


Start Processing /home/wangshuo/projects/PROXY/datasets/parler/query_graph/query_path_6_77.graph for core instances with query nodes: 1 
[Info] Auto-selected query root index 1 with (transferred) label 1
[Check] Sample budget = 60000
[Check] Sum of instance estimates = 32781943470.86, Global estimate = 32781943470.86, Ratio = 1.00
[Info] Appended instance results for query_path_6_77.graph to CSV in long format.
Global Estimated Value: 32781943470.86
/home/wangshuo/projects/PROXY/datasets/parler/query_graph/query_path_6_77.graph Finished!


Start Processing /home/wangshuo/projects/PROXY/datasets/parler/query_graph/query_path_6_78.graph for core instances with query nodes: 1 
[Info] Auto-selected query root index 1 with (transferred) label 1
[Check] Sample budget = 60000
[Check] Sum of instance estimates = 32988127291.27, Global estimate = 32988127291.27, Ratio = 1.00
[Info] Appended instance results for query_path_6_78.graph to CSV in long format.
Global Estimated Value: 32988127291.27
/home/wangshuo/projects/PROXY/datasets/parler/query_graph/query_path_6_78.graph Finished!


Start Processing /home/wangshuo/projects/PROXY/datasets/parler/query_graph/query_path_6_80.graph for core instances with query nodes: 2 
[Info] Auto-selected query root index 0 with (transferred) label 0
[Check] Sample budget = 60000
[Check] Sum of instance estimates = 32974583177.61, Global estimate = 32974583177.61, Ratio = 1.00
[Info] Appended instance results for query_path_6_80.graph to CSV in long format.
Global Estimated Value: 32974583177.61
/home/wangshuo/projects/PROXY/datasets/parler/query_graph/query_path_6_80.graph Finished!


Start Processing /home/wangshuo/projects/PROXY/datasets/parler/query_graph/query_path_6_81.graph for core instances with query nodes: 1 
[Info] Auto-selected query root index 5 with (transferred) label 2
[Check] Sample budget = 60000
[Check] Sum of instance estimates = 34032461317.50, Global estimate = 34032461317.50, Ratio = 1.00
[Info] Appended instance results for query_path_6_81.graph to CSV in long format.
Global Estimated Value: 34032461317.50
/home/wangshuo/projects/PROXY/datasets/parler/query_graph/query_path_6_81.graph Finished!


Start Processing /home/wangshuo/projects/PROXY/datasets/parler/query_graph/query_path_6_83.graph for core instances with query nodes: 2 
[Info] Auto-selected query root index 2 with (transferred) label 1
[Check] Sample budget = 60000
[Check] Sum of instance estimates = 30369713228.03, Global estimate = 30369713228.03, Ratio = 1.00
[Info] Appended instance results for query_path_6_83.graph to CSV in long format.
Global Estimated Value: 30369713228.03
/home/wangshuo/projects/PROXY/datasets/parler/query_graph/query_path_6_83.graph Finished!


Start Processing /home/wangshuo/projects/PROXY/datasets/parler/query_graph/query_path_6_84.graph for core instances with query nodes: 2 
[Info] Auto-selected query root index 0 with (transferred) label 0
[Check] Sample budget = 60000
[Check] Sum of instance estimates = 32814074563.03, Global estimate = 32814074563.03, Ratio = 1.00
[Info] Appended instance results for query_path_6_84.graph to CSV in long format.
Global Estimated Value: 32814074563.03
/home/wangshuo/projects/PROXY/datasets/parler/query_graph/query_path_6_84.graph Finished!


Start Processing /home/wangshuo/projects/PROXY/datasets/parler/query_graph/query_path_6_85.graph for core instances with query nodes: 1 
[Info] Auto-selected query root index 1 with (transferred) label 1
[Check] Sample budget = 60000
[Check] Sum of instance estimates = 6032573485.56, Global estimate = 6032573485.56, Ratio = 1.00
[Info] Appended instance results for query_path_6_85.graph to CSV in long format.
Global Estimated Value: 6032573485.56
/home/wangshuo/projects/PROXY/datasets/parler/query_graph/query_path_6_85.graph Finished!


Start Processing /home/wangshuo/projects/PROXY/datasets/parler/query_graph/query_path_6_86.graph for core instances with query nodes: 2 
[Info] Auto-selected query root index 5 with (transferred) label 2
[Check] Sample budget = 60000
[Check] Sum of instance estimates = 22739101612.66, Global estimate = 22739101612.66, Ratio = 1.00
[Info] Appended instance results for query_path_6_86.graph to CSV in long format.
Global Estimated Value: 22739101612.66
/home/wangshuo/projects/PROXY/datasets/parler/query_graph/query_path_6_86.graph Finished!


Start Processing /home/wangshuo/projects/PROXY/datasets/parler/query_graph/query_path_6_87.graph for core instances with query nodes: 1 
[Info] Auto-selected query root index 1 with (transferred) label 1
[Check] Sample budget = 60000
[Check] Sum of instance estimates = 33293769772.21, Global estimate = 33293769772.21, Ratio = 1.00
[Info] Appended instance results for query_path_6_87.graph to CSV in long format.
Global Estimated Value: 33293769772.21
/home/wangshuo/projects/PROXY/datasets/parler/query_graph/query_path_6_87.graph Finished!


Start Processing /home/wangshuo/projects/PROXY/datasets/parler/query_graph/query_path_6_89.graph for core instances with query nodes: 2 
[Info] Auto-selected query root index 1 with (transferred) label 0
[Check] Sample budget = 60000
[Check] Sum of instance estimates = 139926275261.15, Global estimate = 139926275261.15, Ratio = 1.00
[Info] Appended instance results for query_path_6_89.graph to CSV in long format.
Global Estimated Value: 139926275261.15
/home/wangshuo/projects/PROXY/datasets/parler/query_graph/query_path_6_89.graph Finished!


Start Processing /home/wangshuo/projects/PROXY/datasets/parler/query_graph/query_path_6_90.graph for core instances with query nodes: 2 
[Info] Auto-selected query root index 2 with (transferred) label 1
[Check] Sample budget = 60000
[Check] Sum of instance estimates = 30394213912.53, Global estimate = 30394213912.53, Ratio = 1.00
[Info] Appended instance results for query_path_6_90.graph to CSV in long format.
Global Estimated Value: 30394213912.53
/home/wangshuo/projects/PROXY/datasets/parler/query_graph/query_path_6_90.graph Finished!


Start Processing /home/wangshuo/projects/PROXY/datasets/parler/query_graph/query_path_6_91.graph for core instances with query nodes: 2 
[Info] Auto-selected query root index 1 with (transferred) label 0
[Check] Sample budget = 60000
[Check] Sum of instance estimates = 5864365025.86, Global estimate = 5864365025.86, Ratio = 1.00
[Info] Appended instance results for query_path_6_91.graph to CSV in long format.
Global Estimated Value: 5864365025.86
/home/wangshuo/projects/PROXY/datasets/parler/query_graph/query_path_6_91.graph Finished!


Start Processing /home/wangshuo/projects/PROXY/datasets/parler/query_graph/query_path_6_92.graph for core instances with query nodes: 1 
[Info] Auto-selected query root index 1 with (transferred) label 1
[Check] Sample budget = 60000
[Check] Sum of instance estimates = 48761497053.85, Global estimate = 48761497053.85, Ratio = 1.00
[Info] Appended instance results for query_path_6_92.graph to CSV in long format.
Global Estimated Value: 48761497053.85
/home/wangshuo/projects/PROXY/datasets/parler/query_graph/query_path_6_92.graph Finished!


Start Processing /home/wangshuo/projects/PROXY/datasets/parler/query_graph/query_path_6_93.graph for core instances with query nodes: 1 
[Info] Auto-selected query root index 5 with (transferred) label 2
[Check] Sample budget = 60000
[Check] Sum of instance estimates = 33291838154.59, Global estimate = 33291838154.59, Ratio = 1.00
[Info] Appended instance results for query_path_6_93.graph to CSV in long format.
Global Estimated Value: 33291838154.59
/home/wangshuo/projects/PROXY/datasets/parler/query_graph/query_path_6_93.graph Finished!


Start Processing /home/wangshuo/projects/PROXY/datasets/parler/query_graph/query_path_6_94.graph for core instances with query nodes: 1 
[Info] Auto-selected query root index 0 with (transferred) label 0
[Check] Sample budget = 60000
[Check] Sum of instance estimates = 57465101394.79, Global estimate = 57465101394.79, Ratio = 1.00
[Info] Appended instance results for query_path_6_94.graph to CSV in long format.
Global Estimated Value: 57465101394.79
/home/wangshuo/projects/PROXY/datasets/parler/query_graph/query_path_6_94.graph Finished!


Start Processing /home/wangshuo/projects/PROXY/datasets/parler/query_graph/query_path_6_95.graph for core instances with query nodes: 1 
[Info] Auto-selected query root index 1 with (transferred) label 1
[Check] Sample budget = 60000
[Check] Sum of instance estimates = 54623143270.75, Global estimate = 54623143270.75, Ratio = 1.00
[Info] Appended instance results for query_path_6_95.graph to CSV in long format.
Global Estimated Value: 54623143270.75
/home/wangshuo/projects/PROXY/datasets/parler/query_graph/query_path_6_95.graph Finished!


Start Processing /home/wangshuo/projects/PROXY/datasets/parler/query_graph/query_path_6_96.graph for core instances with query nodes: 2 
[Info] Auto-selected query root index 0 with (transferred) label 0
[Check] Sample budget = 60000
[Check] Sum of instance estimates = 140971584594.07, Global estimate = 140971584594.06, Ratio = 1.00
[Info] Appended instance results for query_path_6_96.graph to CSV in long format.
Global Estimated Value: 140971584594.06
/home/wangshuo/projects/PROXY/datasets/parler/query_graph/query_path_6_96.graph Finished!


Start Processing /home/wangshuo/projects/PROXY/datasets/parler/query_graph/query_path_6_98.graph for core instances with query nodes: 2 
[Info] Auto-selected query root index 2 with (transferred) label 1
[Check] Sample budget = 60000
[Check] Sum of instance estimates = 18673120622.35, Global estimate = 18673120622.35, Ratio = 1.00
[Info] Appended instance results for query_path_6_98.graph to CSV in long format.
Global Estimated Value: 18673120622.35
/home/wangshuo/projects/PROXY/datasets/parler/query_graph/query_path_6_98.graph Finished!


Start Processing /home/wangshuo/projects/PROXY/datasets/parler/query_graph/query_path_6_99.graph for core instances with query nodes: 1 
[Info] Auto-selected query root index 0 with (transferred) label 0
[Check] Sample budget = 60000
[Check] Sum of instance estimates = 57400326191.26, Global estimate = 57400326191.26, Ratio = 1.00
[Info] Appended instance results for query_path_6_99.graph to CSV in long format.
Global Estimated Value: 57400326191.26
/home/wangshuo/projects/PROXY/datasets/parler/query_graph/query_path_6_99.graph Finished!


Start Processing /home/wangshuo/projects/PROXY/datasets/parler/query_graph/query_path_8_169.graph for core instances with query nodes: 2 
[Info] Auto-selected query root index 2 with (transferred) label 1
[Check] Sample budget = 60000
[Check] Sum of instance estimates = 6252686354.89, Global estimate = 6252686354.89, Ratio = 1.00
[Info] Appended instance results for query_path_8_169.graph to CSV in long format.
Global Estimated Value: 6252686354.89
/home/wangshuo/projects/PROXY/datasets/parler/query_graph/query_path_8_169.graph Finished!


Start Processing /home/wangshuo/projects/PROXY/datasets/parler/query_graph/query_path_8_179.graph for core instances with query nodes: 3 
[Info] Auto-selected query root index 6 with (transferred) label 2
[Check] Sample budget = 60000
[Check] Sum of instance estimates = 31664066969.21, Global estimate = 31664066969.21, Ratio = 1.00
[Info] Appended instance results for query_path_8_179.graph to CSV in long format.
Global Estimated Value: 31664066969.21
/home/wangshuo/projects/PROXY/datasets/parler/query_graph/query_path_8_179.graph Finished!


Start Processing /home/wangshuo/projects/PROXY/datasets/parler/query_graph/query_path_8_185.graph for core instances with query nodes: 3 
[Info] Auto-selected query root index 6 with (transferred) label 2
[Check] Sample budget = 60000
[Check] Sum of instance estimates = 31137787497.39, Global estimate = 31137787497.39, Ratio = 1.00
[Info] Appended instance results for query_path_8_185.graph to CSV in long format.
Global Estimated Value: 31137787497.39
/home/wangshuo/projects/PROXY/datasets/parler/query_graph/query_path_8_185.graph Finished!


Start Processing /home/wangshuo/projects/PROXY/datasets/parler/query_graph/query_path_8_209.graph for core instances with query nodes: 3 
[Info] Auto-selected query root index 1 with (transferred) label 0
[Check] Sample budget = 60000
[Check] Sum of instance estimates = 21692470790.38, Global estimate = 21692470790.38, Ratio = 1.00
[Info] Appended instance results for query_path_8_209.graph to CSV in long format.
Global Estimated Value: 21692470790.38
/home/wangshuo/projects/PROXY/datasets/parler/query_graph/query_path_8_209.graph Finished!


Start Processing /home/wangshuo/projects/PROXY/datasets/parler/query_graph/query_path_8_221.graph for core instances with query nodes: 3 
[Info] Auto-selected query root index 0 with (transferred) label 0
[Check] Sample budget = 60000
[Check] Sum of instance estimates = 22719044499.95, Global estimate = 22719044499.95, Ratio = 1.00
[Info] Appended instance results for query_path_8_221.graph to CSV in long format.
Global Estimated Value: 22719044499.95
/home/wangshuo/projects/PROXY/datasets/parler/query_graph/query_path_8_221.graph Finished!


Start Processing /home/wangshuo/projects/PROXY/datasets/parler/query_graph/query_path_8_254.graph for core instances with query nodes: 2 
[Info] Auto-selected query root index 1 with (transferred) label 0
[Check] Sample budget = 60000
[Check] Sum of instance estimates = 15280301116.15, Global estimate = 15280301116.15, Ratio = 1.00
[Info] Appended instance results for query_path_8_254.graph to CSV in long format.
Global Estimated Value: 15280301116.15
/home/wangshuo/projects/PROXY/datasets/parler/query_graph/query_path_8_254.graph Finished!


Start Processing /home/wangshuo/projects/PROXY/datasets/parler/query_graph/query_path_8_275.graph for core instances with query nodes: 2 
[Info] Auto-selected query root index 6 with (transferred) label 2
[Check] Sample budget = 60000
[Check] Sum of instance estimates = 66924979316.22, Global estimate = 66924979316.22, Ratio = 1.00
[Info] Appended instance results for query_path_8_275.graph to CSV in long format.
Global Estimated Value: 66924979316.22
/home/wangshuo/projects/PROXY/datasets/parler/query_graph/query_path_8_275.graph Finished!


Start Processing /home/wangshuo/projects/PROXY/datasets/parler/query_graph/query_path_8_280.graph for core instances with query nodes: 3 
[Info] Auto-selected query root index 0 with (transferred) label 0
[Check] Sample budget = 60000
[Check] Sum of instance estimates = 22381371679.88, Global estimate = 22381371679.88, Ratio = 1.00
[Info] Appended instance results for query_path_8_280.graph to CSV in long format.
Global Estimated Value: 22381371679.88
/home/wangshuo/projects/PROXY/datasets/parler/query_graph/query_path_8_280.graph Finished!


Start Processing /home/wangshuo/projects/PROXY/datasets/parler/query_graph/query_path_8_295.graph for core instances with query nodes: 2 
[Info] Auto-selected query root index 2 with (transferred) label 1
[Check] Sample budget = 60000
[Check] Sum of instance estimates = 12788906980.16, Global estimate = 12788906980.16, Ratio = 1.00
[Info] Appended instance results for query_path_8_295.graph to CSV in long format.
Global Estimated Value: 12788906980.16
/home/wangshuo/projects/PROXY/datasets/parler/query_graph/query_path_8_295.graph Finished!


Start Processing /home/wangshuo/projects/PROXY/datasets/parler/query_graph/query_path_8_7.graph for core instances with query nodes: 3 
[Info] Auto-selected query root index 0 with (transferred) label 0
[Check] Sample budget = 60000
[Check] Sum of instance estimates = 2100500338.28, Global estimate = 2100500338.28, Ratio = 1.00
[Info] Appended instance results for query_path_8_7.graph to CSV in long format.
Global Estimated Value: 2100500338.28
/home/wangshuo/projects/PROXY/datasets/parler/query_graph/query_path_8_7.graph Finished!


Start Processing /home/wangshuo/projects/PROXY/datasets/parler/query_graph/query_star_4_10.graph for core instances with query nodes: 0 
[Info] Auto-selected query root index 0 with (transferred) label 1
[Check] Sample budget = 60000
[Check] Sum of instance estimates = 36080795.23, Global estimate = 36080795.23, Ratio = 1.00
[Info] Appended instance results for query_star_4_10.graph to CSV in long format.
Global Estimated Value: 36080795.23
/home/wangshuo/projects/PROXY/datasets/parler/query_graph/query_star_4_10.graph Finished!


Start Processing /home/wangshuo/projects/PROXY/datasets/parler/query_graph/query_star_4_6.graph for core instances with query nodes: 1 
[Info] Auto-selected query root index 1 with (transferred) label 1
[Check] Sample budget = 60000
[Check] Sum of instance estimates = 22885964.74, Global estimate = 22885964.74, Ratio = 1.00
[Info] Appended instance results for query_star_4_6.graph to CSV in long format.
Global Estimated Value: 22885964.74
/home/wangshuo/projects/PROXY/datasets/parler/query_graph/query_star_4_6.graph Finished!


Start Processing /home/wangshuo/projects/PROXY/datasets/parler/query_graph/query_star_4_7.graph for core instances with query nodes: 1 
[Info] Auto-selected query root index 1 with (transferred) label 1
[Check] Sample budget = 60000
[Check] Sum of instance estimates = 23207123.58, Global estimate = 23207123.58, Ratio = 1.00
[Info] Appended instance results for query_star_4_7.graph to CSV in long format.
Global Estimated Value: 23207123.58
/home/wangshuo/projects/PROXY/datasets/parler/query_graph/query_star_4_7.graph Finished!


Start Processing /home/wangshuo/projects/PROXY/datasets/parler/query_graph/query_star_4_8.graph for core instances with query nodes: 0 
[Info] Auto-selected query root index 0 with (transferred) label 1
[Check] Sample budget = 60000
[Check] Sum of instance estimates = 35320455.53, Global estimate = 35320455.53, Ratio = 1.00
[Info] Appended instance results for query_star_4_8.graph to CSV in long format.
Global Estimated Value: 35320455.53
/home/wangshuo/projects/PROXY/datasets/parler/query_graph/query_star_4_8.graph Finished!


Start Processing /home/wangshuo/projects/PROXY/datasets/parler/query_graph/query_star_4_9.graph for core instances with query nodes: 0 
[Info] Auto-selected query root index 0 with (transferred) label 1
[Check] Sample budget = 60000
[Check] Sum of instance estimates = 35599188.10, Global estimate = 35599188.10, Ratio = 1.00
[Info] Appended instance results for query_star_4_9.graph to CSV in long format.
Global Estimated Value: 35599188.10
/home/wangshuo/projects/PROXY/datasets/parler/query_graph/query_star_4_9.graph Finished!


Start Processing /home/wangshuo/projects/PROXY/datasets/parler/query_graph/query_tree_6_6.graph for core instances with query nodes: 1 
[Info] Auto-selected query root index 0 with (transferred) label 0
[Check] Sample budget = 60000
[Check] Sum of instance estimates = 37056108776.72, Global estimate = 37056108776.72, Ratio = 1.00
[Info] Appended instance results for query_tree_6_6.graph to CSV in long format.
Global Estimated Value: 37056108776.72
/home/wangshuo/projects/PROXY/datasets/parler/query_graph/query_tree_6_6.graph Finished!

[Info] Saved basic estimates to JSON: /home/wangshuo/projects/PROXY/datasets/parler/results/basic_estimates_sum.json

✅ Fastest 运行结束，退出码: 0

[*] 正在拆分多查询结果文件: /home/wangshuo/projects/PROXY/datasets/parler/results/ins_estimateW_result_sum.csv
[+] 成功读取 902627 行实例数据。
[✓] 拆分完成，共生成 246 个文件。

[*] 正在预计算全局数据映射 (极大提升并发速度)...
[+] 预计算完成: post 表预置 24082 行, comment 表预置 130388 行。

[Step 3] 启动多进程并发生成聚合列表 (Worker=16)...
Aggregating:   0%|                                                          | 0/246 [00:00<?, ?it/s]Aggregating:   0%|▏                                                 | 1/246 [00:00<03:08,  1.30it/s]Aggregating:   1%|▌                                                 | 3/246 [00:01<01:15,  3.20it/s]Aggregating:   2%|█                                                 | 5/246 [00:01<00:47,  5.03it/s]Aggregating:   4%|█▊                                                | 9/246 [00:01<00:26,  8.91it/s]Aggregating:   5%|██▍                                              | 12/246 [00:01<00:22, 10.26it/s]Aggregating:   6%|██▊                                              | 14/246 [00:01<00:21, 10.97it/s]Aggregating:   7%|███▏                                             | 16/246 [00:01<00:19, 11.96it/s]Aggregating:   7%|███▌                                             | 18/246 [00:02<00:17, 13.31it/s]Aggregating:   9%|████▏                                            | 21/246 [00:02<00:13, 16.48it/s]Aggregating:  10%|████▉                                            | 25/246 [00:02<00:14, 15.03it/s]Aggregating:  11%|█████▍                                           | 27/246 [00:02<00:16, 13.35it/s]Aggregating:  12%|█████▊                                           | 29/246 [00:02<00:19, 11.31it/s]Aggregating:  13%|██████▌                                          | 33/246 [00:03<00:13, 15.69it/s]Aggregating:  15%|███████▎                                         | 37/246 [00:03<00:12, 17.08it/s]Aggregating:  16%|███████▊                                         | 39/246 [00:03<00:14, 14.64it/s]Aggregating:  17%|████████▎                                        | 42/246 [00:03<00:14, 14.51it/s]Aggregating:  18%|████████▊                                        | 44/246 [00:03<00:14, 14.12it/s]Aggregating:  19%|█████████▏                                       | 46/246 [00:03<00:13, 14.56it/s]Aggregating:  20%|█████████▉                                       | 50/246 [00:04<00:10, 19.37it/s]Aggregating:  22%|██████████▌                                      | 53/246 [00:04<00:09, 21.28it/s]Aggregating:  23%|███████████▏                                     | 56/246 [00:04<00:13, 14.03it/s]Aggregating:  24%|███████████▊                                     | 59/246 [00:04<00:17, 10.78it/s]Aggregating:  25%|████████████▎                                    | 62/246 [00:05<00:14, 12.98it/s]Aggregating:  27%|█████████████▏                                   | 66/246 [00:05<00:10, 16.81it/s]Aggregating:  28%|█████████████▋                                   | 69/246 [00:05<00:16, 10.64it/s]Aggregating:  29%|██████████████▏                                  | 71/246 [00:06<00:17, 10.14it/s]Aggregating:  30%|██████████████▋                                  | 74/246 [00:06<00:15, 11.31it/s]Aggregating:  31%|███████████████▎                                 | 77/246 [00:06<00:12, 13.67it/s]Aggregating:  32%|███████████████▋                                 | 79/246 [00:06<00:11, 13.95it/s]Aggregating:  33%|████████████████▏                                | 81/246 [00:06<00:12, 13.07it/s]Aggregating:  34%|████████████████▌                                | 83/246 [00:06<00:14, 11.53it/s]Aggregating:  35%|█████████████████▏                               | 86/246 [00:07<00:11, 13.45it/s]Aggregating:  36%|█████████████████▌                               | 88/246 [00:07<00:12, 12.47it/s]Aggregating:  37%|█████████████████▉                               | 90/246 [00:07<00:12, 12.17it/s]Aggregating:  37%|██████████████████▎                              | 92/246 [00:07<00:11, 13.39it/s]Aggregating:  38%|██████████████████▋                              | 94/246 [00:07<00:15,  9.86it/s]Aggregating:  39%|███████████████████▎                             | 97/246 [00:07<00:11, 13.02it/s]Aggregating:  40%|███████████████████▋                             | 99/246 [00:08<00:10, 13.70it/s]Aggregating:  41%|███████████████████▋                            | 101/246 [00:08<00:13, 10.66it/s]Aggregating:  43%|████████████████████▋                           | 106/246 [00:08<00:09, 14.42it/s]Aggregating:  44%|█████████████████████▎                          | 109/246 [00:08<00:09, 15.21it/s]Aggregating:  45%|█████████████████████▋                          | 111/246 [00:08<00:08, 16.03it/s]Aggregating:  46%|██████████████████████                          | 113/246 [00:08<00:08, 15.90it/s]Aggregating:  47%|██████████████████████▍                         | 115/246 [00:09<00:10, 12.15it/s]Aggregating:  48%|███████████████████████▏                        | 119/246 [00:09<00:07, 16.75it/s]Aggregating:  50%|███████████████████████▊                        | 122/246 [00:09<00:08, 15.14it/s]Aggregating:  51%|████████████████████████▍                       | 125/246 [00:09<00:07, 17.18it/s]Aggregating:  52%|████████████████████████▊                       | 127/246 [00:09<00:07, 15.83it/s]Aggregating:  53%|█████████████████████████▎                      | 130/246 [00:10<00:07, 14.61it/s]Aggregating:  54%|█████████████████████████▊                      | 132/246 [00:10<00:07, 15.61it/s]Aggregating:  55%|██████████████████████████▎                     | 135/246 [00:10<00:06, 17.52it/s]Aggregating:  56%|██████████████████████████▋                     | 137/246 [00:10<00:07, 15.53it/s]Aggregating:  57%|███████████████████████████                     | 139/246 [00:10<00:07, 14.41it/s]Aggregating:  57%|███████████████████████████▌                    | 141/246 [00:10<00:07, 14.95it/s]Aggregating:  58%|███████████████████████████▉                    | 143/246 [00:10<00:07, 14.34it/s]Aggregating:  59%|████████████████████████████▎                   | 145/246 [00:11<00:09, 10.53it/s]Aggregating:  60%|████████████████████████████▋                   | 147/246 [00:11<00:09, 10.92it/s]Aggregating:  61%|█████████████████████████████▍                  | 151/246 [00:11<00:07, 13.09it/s]Aggregating:  63%|██████████████████████████████                  | 154/246 [00:11<00:06, 14.90it/s]Aggregating:  64%|██████████████████████████████▋                 | 157/246 [00:12<00:05, 16.14it/s]Aggregating:  65%|███████████████████████████████▏                | 160/246 [00:12<00:04, 17.58it/s]Aggregating:  66%|███████████████████████████████▌                | 162/246 [00:12<00:04, 17.15it/s]Aggregating:  67%|████████████████████████████████                | 164/246 [00:12<00:07, 11.70it/s]Aggregating:  68%|████████████████████████████████▌               | 167/246 [00:12<00:05, 14.28it/s]Aggregating:  69%|████████████████████████████████▉               | 169/246 [00:13<00:07, 10.58it/s]Aggregating:  70%|█████████████████████████████████▎              | 171/246 [00:13<00:07, 10.34it/s]Aggregating:  70%|█████████████████████████████████▊              | 173/246 [00:13<00:07,  9.85it/s]Aggregating:  72%|██████████████████████████████████▌             | 177/246 [00:13<00:04, 14.04it/s]Aggregating:  74%|███████████████████████████████████▎            | 181/246 [00:13<00:04, 16.20it/s]Aggregating:  75%|███████████████████████████████████▉            | 184/246 [00:14<00:04, 14.38it/s]Aggregating:  76%|████████████████████████████████████▎           | 186/246 [00:14<00:04, 14.80it/s]Aggregating:  77%|█████████████████████████████████████           | 190/246 [00:14<00:03, 14.62it/s]Aggregating:  78%|█████████████████████████████████████▍          | 192/246 [00:14<00:04, 12.14it/s]Aggregating:  80%|██████████████████████████████████████▍         | 197/246 [00:14<00:02, 17.62it/s]Aggregating:  81%|███████████████████████████████████████         | 200/246 [00:15<00:02, 17.07it/s]Aggregating:  83%|███████████████████████████████████████▌        | 203/246 [00:15<00:03, 13.34it/s]Aggregating:  84%|████████████████████████████████████████▍       | 207/246 [00:15<00:02, 14.94it/s]Aggregating:  85%|████████████████████████████████████████▊       | 209/246 [00:15<00:02, 15.41it/s]Aggregating:  86%|█████████████████████████████████████████▏      | 211/246 [00:15<00:02, 12.89it/s]Aggregating:  88%|██████████████████████████████████████████▏     | 216/246 [00:16<00:01, 18.92it/s]Aggregating:  89%|██████████████████████████████████████████▋     | 219/246 [00:16<00:01, 18.91it/s]Aggregating:  90%|███████████████████████████████████████████▎    | 222/246 [00:16<00:01, 17.61it/s]Aggregating:  91%|███████████████████████████████████████████▉    | 225/246 [00:16<00:01, 14.10it/s]Aggregating:  92%|████████████████████████████████████████████▎   | 227/246 [00:16<00:01, 13.36it/s]Aggregating:  93%|████████████████████████████████████████████▋   | 229/246 [00:17<00:01, 13.97it/s]Aggregating:  94%|█████████████████████████████████████████████   | 231/246 [00:17<00:01, 14.46it/s]Aggregating:  95%|█████████████████████████████████████████████▍  | 233/246 [00:17<00:00, 14.19it/s]Aggregating:  96%|█████████████████████████████████████████████▊  | 235/246 [00:17<00:00, 14.07it/s]Aggregating:  96%|██████████████████████████████████████████████▏ | 237/246 [00:17<00:00, 15.13it/s]Aggregating:  97%|██████████████████████████████████████████████▋ | 239/246 [00:17<00:00, 14.91it/s]Aggregating:  98%|███████████████████████████████████████████████ | 241/246 [00:18<00:00,  8.95it/s]Aggregating:  99%|███████████████████████████████████████████████▌| 244/246 [00:18<00:00, 11.18it/s]Aggregating: 100%|████████████████████████████████████████████████| 246/246 [00:18<00:00, 10.24it/s]Aggregating: 100%|████████████████████████████████████████████████| 246/246 [00:18<00:00, 13.25it/s]

======================================================================
🎉 处理完毕！成功聚合 246/246 个查询。输出至: /home/wangshuo/projects/PROXY/datasets/parler/results/aggregated_results_sum
======================================================================
✅ [Step 1/2] SUM 投影权重物化已完成！

[Step 2/2] 正在执行 SUM 模式的分层重要性采样实验 (RQ1 & RQ2)...

========== 启动采样评估 [parler | SUM] ==========
[*] 执行的方法集合: ['8_POSSA']
[*] 输出文件路径: /home/wangshuo/projects/PROXY/datasets/parler/results/efficiency/allocation_strategy_comparison_sum.csv
Sampling (parler-sum):   0%|          | 0/246 [00:00<?, ?it/s]Sampling (parler-sum):   0%|          | 1/246 [00:00<02:53,  1.41it/s]Sampling (parler-sum):   1%|          | 2/246 [00:01<02:01,  2.01it/s]Sampling (parler-sum):   2%|▏         | 6/246 [00:01<00:34,  6.88it/s]Sampling (parler-sum):   3%|▎         | 8/246 [00:01<00:27,  8.52it/s]Sampling (parler-sum):   5%|▍         | 12/246 [00:01<00:22, 10.33it/s]Sampling (parler-sum):   6%|▌         | 14/246 [00:01<00:19, 11.61it/s]Sampling (parler-sum):   7%|▋         | 16/246 [00:01<00:18, 12.18it/s]Sampling (parler-sum):   8%|▊         | 19/246 [00:02<00:14, 15.23it/s]Sampling (parler-sum):   9%|▉         | 22/246 [00:02<00:16, 13.23it/s]Sampling (parler-sum):  10%|▉         | 24/246 [00:02<00:16, 13.64it/s]Sampling (parler-sum):  11%|█         | 27/246 [00:02<00:13, 16.75it/s]Sampling (parler-sum):  12%|█▏        | 29/246 [00:02<00:14, 15.46it/s]Sampling (parler-sum):  14%|█▍        | 34/246 [00:02<00:10, 20.53it/s]Sampling (parler-sum):  15%|█▌        | 37/246 [00:02<00:09, 21.00it/s]Sampling (parler-sum):  16%|█▋        | 40/246 [00:03<00:11, 17.34it/s]Sampling (parler-sum):  17%|█▋        | 43/246 [00:03<00:11, 17.70it/s]Sampling (parler-sum):  18%|█▊        | 45/246 [00:03<00:13, 15.40it/s]Sampling (parler-sum):  20%|█▉        | 49/246 [00:03<00:09, 19.89it/s]Sampling (parler-sum):  21%|██        | 52/246 [00:03<00:10, 18.66it/s]Sampling (parler-sum):  22%|██▏       | 55/246 [00:04<00:12, 15.36it/s]Sampling (parler-sum):  24%|██▎       | 58/246 [00:04<00:10, 17.31it/s]Sampling (parler-sum):  26%|██▌       | 64/246 [00:04<00:07, 24.40it/s]Sampling (parler-sum):  27%|██▋       | 67/246 [00:04<00:10, 17.26it/s]Sampling (parler-sum):  29%|██▉       | 71/246 [00:04<00:08, 19.61it/s]Sampling (parler-sum):  30%|███       | 74/246 [00:04<00:08, 20.96it/s]Sampling (parler-sum):  31%|███▏      | 77/246 [00:05<00:10, 16.39it/s]Sampling (parler-sum):  33%|███▎      | 80/246 [00:05<00:09, 17.59it/s]Sampling (parler-sum):  34%|███▎      | 83/246 [00:05<00:09, 17.04it/s]Sampling (parler-sum):  35%|███▌      | 87/246 [00:05<00:07, 20.97it/s]Sampling (parler-sum):  37%|███▋      | 90/246 [00:05<00:07, 21.64it/s]Sampling (parler-sum):  38%|███▊      | 93/246 [00:06<00:07, 19.38it/s]Sampling (parler-sum):  39%|███▉      | 96/246 [00:06<00:07, 20.11it/s]Sampling (parler-sum):  41%|████      | 100/246 [00:06<00:06, 22.95it/s]Sampling (parler-sum):  43%|████▎     | 105/246 [00:06<00:06, 23.09it/s]Sampling (parler-sum):  44%|████▍     | 108/246 [00:06<00:06, 21.24it/s]Sampling (parler-sum):  45%|████▌     | 111/246 [00:06<00:06, 20.92it/s]Sampling (parler-sum):  46%|████▋     | 114/246 [00:06<00:06, 21.20it/s]Sampling (parler-sum):  48%|████▊     | 119/246 [00:07<00:04, 26.08it/s]Sampling (parler-sum):  50%|████▉     | 122/246 [00:07<00:04, 25.44it/s]Sampling (parler-sum):  51%|█████     | 125/246 [00:07<00:04, 25.07it/s]Sampling (parler-sum):  52%|█████▏    | 128/246 [00:07<00:04, 23.70it/s]Sampling (parler-sum):  53%|█████▎    | 131/246 [00:08<00:11, 10.41it/s]Sampling (parler-sum):  54%|█████▍    | 133/246 [00:08<00:11, 10.20it/s]Sampling (parler-sum):  55%|█████▌    | 136/246 [00:08<00:09, 11.27it/s]Sampling (parler-sum):  56%|█████▌    | 138/246 [00:08<00:09, 11.41it/s]Sampling (parler-sum):  57%|█████▋    | 140/246 [00:09<00:12,  8.27it/s]Sampling (parler-sum):  59%|█████▉    | 145/246 [00:09<00:07, 13.55it/s]Sampling (parler-sum):  60%|██████    | 148/246 [00:09<00:06, 14.92it/s]Sampling (parler-sum):  61%|██████▏   | 151/246 [00:09<00:05, 16.86it/s]Sampling (parler-sum):  63%|██████▎   | 154/246 [00:09<00:05, 16.29it/s]Sampling (parler-sum):  64%|██████▍   | 157/246 [00:10<00:09,  9.84it/s]Sampling (parler-sum):  65%|██████▍   | 159/246 [00:10<00:08, 10.45it/s]Sampling (parler-sum):  66%|██████▋   | 163/246 [00:10<00:05, 14.11it/s]Sampling (parler-sum):  68%|██████▊   | 167/246 [00:10<00:05, 15.42it/s]Sampling (parler-sum):  69%|██████▊   | 169/246 [00:11<00:05, 14.45it/s]Sampling (parler-sum):  70%|██████▉   | 171/246 [00:11<00:05, 13.76it/s]Sampling (parler-sum):  70%|███████   | 173/246 [00:11<00:04, 14.72it/s]Sampling (parler-sum):  71%|███████   | 175/246 [00:11<00:04, 14.59it/s]Sampling (parler-sum):  72%|███████▏  | 178/246 [00:11<00:04, 14.26it/s]Sampling (parler-sum):  74%|███████▎  | 181/246 [00:11<00:04, 15.99it/s]Sampling (parler-sum):  76%|███████▌  | 186/246 [00:12<00:02, 20.47it/s]Sampling (parler-sum):  77%|███████▋  | 189/246 [00:12<00:02, 20.43it/s]Sampling (parler-sum):  78%|███████▊  | 192/246 [00:12<00:04, 12.88it/s]Sampling (parler-sum):  79%|███████▉  | 195/246 [00:12<00:03, 15.27it/s]Sampling (parler-sum):  80%|████████  | 198/246 [00:12<00:02, 16.96it/s]Sampling (parler-sum):  82%|████████▏ | 201/246 [00:13<00:02, 17.14it/s]Sampling (parler-sum):  83%|████████▎ | 205/246 [00:13<00:02, 17.00it/s]Sampling (parler-sum):  85%|████████▍ | 209/246 [00:13<00:02, 18.19it/s]Sampling (parler-sum):  86%|████████▌ | 211/246 [00:13<00:02, 15.65it/s]Sampling (parler-sum):  87%|████████▋ | 213/246 [00:13<00:02, 14.16it/s]Sampling (parler-sum):  88%|████████▊ | 216/246 [00:14<00:02, 14.65it/s]Sampling (parler-sum):  89%|████████▉ | 219/246 [00:14<00:01, 17.21it/s]Sampling (parler-sum):  91%|█████████ | 223/246 [00:14<00:01, 21.33it/s]Sampling (parler-sum):  92%|█████████▏| 226/246 [00:14<00:01, 14.46it/s]Sampling (parler-sum):  93%|█████████▎| 228/246 [00:14<00:01, 15.21it/s]Sampling (parler-sum):  95%|█████████▌| 234/246 [00:14<00:00, 21.86it/s]Sampling (parler-sum):  97%|█████████▋| 239/246 [00:14<00:00, 26.93it/s]Sampling (parler-sum):  99%|█████████▉| 243/246 [00:15<00:00, 15.11it/s]Sampling (parler-sum): 100%|██████████| 246/246 [00:16<00:00,  8.94it/s]Sampling (parler-sum): 100%|██████████| 246/246 [00:16<00:00, 15.10it/s]
[Done] 评估完成，已保存至: /home/wangshuo/projects/PROXY/datasets/parler/results/efficiency/allocation_strategy_comparison_sum.csv
✅ [Step 2/2] SUM 分层采样评估已全部完成！

==============================================================================
🎉 SUM 流程全部执行完毕！
👉 结果: /home/wangshuo/projects/PROXY/datasets/parler/results/efficiency/allocation_strategy_comparison_sum.csv
==============================================================================
