query_basename,run_id,T_hat_abae,T_true,Signed_RE,ARE,oracle_cost,budget_limit_B
query_3_62.graph,1,18518.68175389195,19458.59,-0.04830299862981083,0.04830299862981083,717,754
query_3_62.graph,2,18434.82515412844,19458.59,-0.05261248866806687,0.05261248866806687,714,754
query_3_62.graph,3,19508.702963733325,19458.59,0.002575364593905579,0.002575364593905579,690,754
query_3_62.graph,4,21927.637517729334,19458.59,0.12688727794405114,0.12688727794405114,719,754
query_3_62.graph,5,18907.167004750394,19458.59,-0.02833828120380799,0.02833828120380799,691,754
query_3_62.graph,6,18219.22733106666,19458.59,-0.06369231629492884,0.06369231629492884,718,754
query_3_62.graph,7,18297.338244316314,19458.59,-0.059678103895692676,0.059678103895692676,721,754
query_3_62.graph,8,18071.858864705886,19458.59,-0.07126575642398109,0.07126575642398109,716,754
query_3_62.graph,9,18602.73813071657,19458.59,-0.043983241811633295,0.043983241811633295,645,754
query_3_62.graph,10,18013.477761782604,19458.59,-0.07426603048922847,0.07426603048922847,671,754
query_3_41.graph,1,20052.56704463505,20168.849999999995,-0.005765472764433583,0.005765472764433583,701,759
query_3_41.graph,2,21028.016830271772,20168.849999999995,0.042598701972188666,0.042598701972188666,705,759
query_3_41.graph,3,19875.420731182574,20168.849999999995,-0.014548636576573331,0.014548636576573331,707,759
query_3_41.graph,4,18714.437905230527,20168.849999999995,-0.07211180085971529,0.07211180085971529,707,759
query_3_41.graph,5,21112.012031687384,20168.849999999995,0.046763302403825154,0.046763302403825154,706,759
query_3_41.graph,6,19147.782331315786,20168.849999999995,-0.05062597365165635,0.05062597365165635,712,759
query_3_41.graph,7,20653.45527311415,20168.849999999995,0.02402741222797302,0.02402741222797302,693,759
query_3_41.graph,8,21558.58804023436,20168.849999999995,0.06890517011303898,0.06890517011303898,730,759
query_3_41.graph,9,26711.012261749347,20168.849999999995,0.32436962254909696,0.32436962254909696,680,759
query_3_41.graph,10,19672.39818047141,20168.849999999995,-0.024614780690450155,0.024614780690450155,701,759
query_3_53.graph,1,19029.422887869747,18684.51,0.01845983051574531,0.01845983051574531,717,750
query_3_53.graph,2,17501.96893615279,18684.51,-0.06328991575627135,0.06328991575627135,684,750
query_3_53.graph,3,17347.91572561473,18684.51,-0.07153488501358979,0.07153488501358979,680,750
query_3_53.graph,4,18953.066798789012,18684.51,0.014373232093804632,0.014373232093804632,665,750
query_3_53.graph,5,18182.75499013333,18684.51,-0.026854063064360206,0.026854063064360206,692,750
query_3_53.graph,6,16716.93369817634,18684.51,-0.10530521281123549,0.10530521281123549,706,750
query_3_53.graph,7,19499.146865097406,18684.51,0.04359958409920342,0.04359958409920342,699,750
query_3_53.graph,8,16782.048124504254,18684.51,-0.101820271203031,0.101820271203031,703,750
query_3_53.graph,9,17107.97934868422,18684.51,-0.08437634443267593,0.08437634443267593,687,750
query_3_53.graph,10,17715.365329918015,18684.51,-0.05186888337355293,0.05186888337355293,690,750
query_3_8.graph,1,16490.41740879383,18296.02,-0.09868827161350777,0.09868827161350777,570,755
query_3_8.graph,2,17504.32593617301,18296.02,-0.043271381635295085,0.043271381635295085,686,755
query_3_8.graph,3,18619.188966202903,18296.02,0.01766334788674816,0.01766334788674816,713,755
query_3_8.graph,4,19181.719720269008,18296.02,0.04840942020554236,0.04840942020554236,709,755
query_3_8.graph,5,23977.207519418764,18296.02,0.3105149381897682,0.3105149381897682,706,755
query_3_8.graph,6,17974.49737142406,18296.02,-0.01757336451184147,0.01757336451184147,667,755
query_3_8.graph,7,19932.859284187354,18296.02,0.08946422687488065,0.08946422687488065,686,755
query_3_8.graph,8,17342.74099987033,18296.02,-0.052103080349150836,0.052103080349150836,711,755
query_3_8.graph,9,18265.70397503286,18296.02,-0.0016569737553381477,0.0016569737553381477,701,755
query_3_8.graph,10,17854.080333743277,18296.02,-0.024154961912848983,0.024154961912848983,683,755
query_4_0.graph,1,3530.771196428572,4277.439999999999,-0.17455973749986609,0.17455973749986609,292,366
query_4_0.graph,2,4283.557044651162,4277.439999999999,0.0014300714098066298,0.0014300714098066298,358,366
query_4_0.graph,3,4252.2539074766355,4277.439999999999,-0.005888122924778184,0.005888122924778184,348,366
query_4_0.graph,4,3940.576338604652,4277.439999999999,-0.07875356788063581,0.07875356788063581,334,366
query_4_0.graph,5,4407.082204225351,4277.439999999999,0.03030836299874518,0.03030836299874518,323,366
query_4_0.graph,6,3628.511513432835,4277.439999999999,-0.1517095474319135,0.1517095474319135,316,366
query_4_0.graph,7,3652.71895269461,4277.439999999999,-0.14605021866008383,0.14605021866008383,310,366
query_4_0.graph,8,4699.050522222222,4277.439999999999,0.09856608677672236,0.09856608677672236,353,366
query_4_0.graph,9,3595.1140188118816,4277.439999999999,-0.15951737048050174,0.15951737048050174,328,366
query_4_0.graph,10,3221.2843718309864,4277.439999999999,-0.24691301997667123,0.24691301997667123,320,366
query_4_102.graph,1,4414.083261261261,4583.18,-0.03689506821437061,0.03689506821437061,254,271
query_4_102.graph,2,4148.515599082568,4583.18,-0.09483904208812056,0.09483904208812056,259,271
query_4_102.graph,3,4597.115812093021,4583.18,0.00304064254360968,0.00304064254360968,254,271
query_4_102.graph,4,5203.831523230972,4583.18,0.1354194081905952,0.1354194081905952,241,271
query_4_102.graph,5,6512.747765777778,4583.18,0.42101068816362824,0.42101068816362824,255,271
query_4_102.graph,6,4191.409773708921,4583.18,-0.0854799999762346,0.0854799999762346,261,271
query_4_102.graph,7,4484.410861187215,4583.18,-0.021550351243631072,0.021550351243631072,271,271
query_4_102.graph,8,4512.291264285714,4583.18,-0.015467150693249374,0.015467150693249374,271,271
query_4_102.graph,9,4906.476431683166,4583.18,0.0705397631520398,0.0705397631520398,262,271
query_4_102.graph,10,5011.641481395347,4583.18,0.09348563255105553,0.09348563255105553,269,271
query_3_130.graph,1,18468.265609012054,18684.51,-0.011573457959986317,0.011573457959986317,719,748
query_3_130.graph,2,18326.94138319327,18684.51,-0.019137168531940606,0.019137168531940606,714,748
query_3_130.graph,3,26455.152979602222,18684.51,0.41588690201681633,0.41588690201681633,695,748
query_3_130.graph,4,17753.734307459243,18684.51,-0.04981536537702919,0.04981536537702919,700,748
query_3_130.graph,5,17439.875276172093,18684.51,-0.06661318513720216,0.06661318513720216,669,748
query_3_130.graph,6,14949.257008791197,18684.51,-0.19991174460602934,0.19991174460602934,687,748
query_3_130.graph,7,17564.752103512237,18684.51,-0.0599297437550014,0.0599297437550014,723,748
query_3_130.graph,8,16257.086644081623,18684.51,-0.12991635081243105,0.12991635081243105,679,748
query_3_130.graph,9,17183.119352246067,18684.51,-0.08035483123474639,0.08035483123474639,664,748
query_3_130.graph,10,19224.313840171424,18684.51,0.028890446694691256,0.028890446694691256,696,748
query_3_120.graph,1,21695.651131872335,19458.59,0.11496522265345716,0.11496522265345716,717,755
query_3_120.graph,2,18376.17048113174,19458.59,-0.05562682182358848,0.05562682182358848,656,755
query_3_120.graph,3,19830.581773337508,19458.59,0.019117098070184312,0.019117098070184312,703,755
query_3_120.graph,4,17732.952697622193,19458.59,-0.08868254597983753,0.08868254597983753,705,755
query_3_120.graph,5,20165.855868402927,19458.59,0.03634723114074178,0.03634723114074178,714,755
query_3_120.graph,6,18098.59625094267,19458.59,-0.06989169045944893,0.06989169045944893,690,755
query_3_120.graph,7,17731.82198200103,19458.59,-0.08874065479559255,0.08874065479559255,727,755
query_3_120.graph,8,22758.31394979866,19458.59,0.16957672420245554,0.16957672420245554,715,755
query_3_120.graph,9,17906.338701897814,19458.59,-0.07977203374459231,0.07977203374459231,708,755
query_3_120.graph,10,20634.66215023041,19458.59,0.060439741534736656,0.060439741534736656,747,755
query_3_126.graph,1,15307.77562445044,18684.51,-0.18072373188002033,0.18072373188002033,685,748
query_3_126.graph,2,18320.224473059003,18684.51,-0.019496659368696084,0.019496659368696084,667,748
query_3_126.graph,3,18444.859694109196,18684.51,-0.012826148820108314,0.012826148820108314,706,748
query_3_126.graph,4,14742.224934143042,18684.51,-0.21099215691805442,0.21099215691805442,697,748
query_3_126.graph,5,15266.085710105002,18684.51,-0.18295498730740042,0.18295498730740042,681,748
query_3_126.graph,6,18298.000944639512,18684.51,-0.02068606858625064,0.02068606858625064,687,748
query_3_126.graph,7,21715.050663085764,18684.51,0.1621953512875513,0.1621953512875513,688,748
query_3_126.graph,8,21844.345988310222,18684.51,0.16911527186478126,0.16911527186478126,683,748
query_3_126.graph,9,18541.05752081081,18684.51,-0.0076776152646865796,0.0076776152646865796,714,748
query_3_126.graph,10,19603.20126075703,18684.51,0.04916860333811432,0.04916860333811432,675,748
query_3_36.graph,1,15685.698560824749,18684.51,-0.16049719469096327,0.16049719469096327,703,757
query_3_36.graph,2,20124.69734157335,18684.51,0.07707921382863933,0.07707921382863933,687,757
query_3_36.graph,3,18976.016478893725,18684.51,0.015601505144835324,0.015601505144835324,684,757
query_3_36.graph,4,16316.56573735101,18684.51,-0.12673301374502136,0.12673301374502136,676,757
query_3_36.graph,5,15462.24775027028,18684.51,-0.1724563421641626,0.1724563421641626,695,757
query_3_36.graph,6,18491.080719578124,18684.51,-0.010352387106853479,0.010352387106853479,713,757
query_3_36.graph,7,22008.687797910665,18684.51,0.1779108897108175,0.1779108897108175,702,757
query_3_36.graph,8,20023.27153833091,18684.51,0.07165087756280004,0.07165087756280004,708,757
query_3_36.graph,9,16665.51882032163,18684.51,-0.1080569509009531,0.1080569509009531,698,757
query_3_36.graph,10,19239.956694411372,18684.51,0.029727656460424908,0.029727656460424908,702,757
query_3_39.graph,1,18201.325070370385,18684.51,-0.025860187376046426,0.025860187376046426,714,746
query_3_39.graph,2,18950.013750382324,18684.51,0.014209832122026533,0.014209832122026533,706,746
query_3_39.graph,3,17075.04403348417,18684.51,-0.08613905135943244,0.08613905135943244,688,746
query_3_39.graph,4,18528.166922473556,18684.51,-0.008367523554347552,0.008367523554347552,666,746
query_3_39.graph,5,17257.233919886366,18684.51,-0.07638819964310715,0.07638819964310715,690,746
query_3_39.graph,6,17176.88341024966,18684.51,-0.08068858052741763,0.08068858052741763,699,746
query_3_39.graph,7,20552.22977488776,18684.51,0.09996086463534568,0.09996086463534568,691,746
query_3_39.graph,8,17151.368764372473,18684.51,-0.08205413123638378,0.08205413123638378,685,746
query_3_39.graph,9,18078.153628456384,18684.51,-0.03245235607161301,0.03245235607161301,689,746
query_3_39.graph,10,19548.01648668437,18684.51,0.04621509938897897,0.04621509938897897,666,746
query_4_119.graph,1,6500.021211079384,5542.0999999999985,0.172844447245518,0.172844447245518,261,278
query_4_119.graph,2,5236.2017384615365,5542.0999999999985,-0.05519537026370187,0.05519537026370187,258,278
query_4_119.graph,3,4848.938835746606,5542.0999999999985,-0.12507193378924825,0.12507193378924825,261,278
query_4_119.graph,4,8477.374621425308,5542.0999999999985,0.5296322010474929,0.5296322010474929,264,278
query_4_119.graph,5,4524.5393502334255,5542.0999999999985,-0.18360560974478507,0.18360560974478507,260,278
query_4_119.graph,6,5251.899078374838,5542.0999999999985,-0.05236298905201294,0.05236298905201294,251,278
query_4_119.graph,7,5761.268309387185,5542.0999999999985,0.03954607628645932,0.03954607628645932,262,278
query_4_119.graph,8,5361.971696729775,5542.0999999999985,-0.032501813982104825,0.032501813982104825,266,278
query_4_119.graph,9,5413.804272850678,5542.0999999999985,-0.023149298487815193,0.023149298487815193,258,278
query_4_119.graph,10,5955.729310936431,5542.0999999999985,0.07463403961249931,0.07463403961249931,247,278
query_3_25.graph,1,16699.777619354838,18684.51,-0.1062234107635234,0.1062234107635234,689,749
query_3_25.graph,2,19263.152634540373,18684.51,0.03096910941418182,0.03096910941418182,692,749
query_3_25.graph,3,16808.427908850714,18684.51,-0.10040841805052875,0.10040841805052875,689,749
query_3_25.graph,4,18073.998327988258,18684.51,-0.032674748870146465,0.032674748870146465,705,749
query_3_25.graph,5,18773.03259629629,18684.51,0.004737753160039543,0.004737753160039543,696,749
query_3_25.graph,6,17763.111012746904,18684.51,-0.04931352158836891,0.04931352158836891,702,749
query_3_25.graph,7,29341.810891359368,18684.51,0.5703816097590663,0.5703816097590663,673,749
query_3_25.graph,8,17222.928171177264,18684.51,-0.07822425253981694,0.07822425253981694,707,749
query_3_25.graph,9,19192.62554308093,18684.51,0.027194480512517074,0.027194480512517074,710,749
query_3_25.graph,10,18303.773053042638,18684.51,-0.020377143792230063,0.020377143792230063,682,749
query_3_137.graph,1,16254.093488506187,18296.02,-0.11160495624151118,0.11160495624151118,672,754
query_3_137.graph,2,16831.83997804066,18296.02,-0.0800272420974255,0.0800272420974255,645,754
query_3_137.graph,3,17878.772977263805,18296.02,-0.022805343606762316,0.022805343606762316,650,754
query_3_137.graph,4,17699.548461998493,18296.02,-0.0326011634225098,0.0326011634225098,705,754
query_3_137.graph,5,17442.525873444705,18296.02,-0.04664916886597715,0.04664916886597715,685,754
query_3_137.graph,6,19693.877854349885,18296.02,0.0764022915557528,0.0764022915557528,701,754
query_3_137.graph,7,16678.295110638373,18296.02,-0.08841949721095774,0.08841949721095774,700,754
query_3_137.graph,8,19517.219389926424,18296.02,0.06674672360034715,0.06674672360034715,665,754
query_3_137.graph,9,18396.64749810193,18296.02,0.00549996655567334,0.00549996655567334,682,754
query_3_137.graph,10,16857.412799629637,18296.02,-0.07862951616637733,0.07862951616637733,699,754
query_3_17.graph,1,17651.26242409805,18296.02,-0.035240318708765574,0.035240318708765574,713,754
query_3_17.graph,2,19718.47541611222,18296.02,0.07774671300710306,0.07774671300710306,711,754
query_3_17.graph,3,17487.258808076753,18296.02,-0.04420421446430686,0.04420421446430686,699,754
query_3_17.graph,4,16495.556978491753,18296.02,-0.09840735971584241,0.09840735971584241,695,754
query_3_17.graph,5,16024.456112799877,18296.02,-0.12415617643619342,0.12415617643619342,680,754
query_3_17.graph,6,16983.61986540086,18296.02,-0.07173145496119604,0.07173145496119604,710,754
query_3_17.graph,7,19033.90022431565,18296.02,0.0403300949777957,0.0403300949777957,696,754
query_3_17.graph,8,18751.608251379763,18296.02,0.024900948478399257,0.024900948478399257,712,754
query_3_17.graph,9,19208.902820200008,18296.02,0.04989515863012872,0.04989515863012872,714,754
query_3_17.graph,10,18211.500261030935,18296.02,-0.0046195696642803,0.0046195696642803,653,754
query_4_140.graph,1,3734.9286457556927,4344.4,-0.1402889591760213,0.1402889591760213,244,266
query_4_140.graph,2,4626.594606532664,4344.4,0.06495594478700505,0.06495594478700505,260,266
query_4_140.graph,3,4789.659800000002,4344.4,0.10249051652702389,0.10249051652702389,236,266
query_4_140.graph,4,6115.040754545455,4344.4,0.40756853755304645,0.40756853755304645,249,266
query_4_140.graph,5,4144.990145933013,4344.4,-0.04590043597895833,0.04590043597895833,246,266
query_4_140.graph,6,4429.442698113208,4344.4,0.019575245859775492,0.019575245859775492,247,266
query_4_140.graph,7,4241.615149302325,4344.4,-0.02365915907781841,0.02365915907781841,253,266
query_4_140.graph,8,3659.5740902325597,4344.4,-0.1576341749763926,0.1576341749763926,250,266
query_4_140.graph,9,3836.4149792982435,4344.4,-0.11692869457272724,0.11692869457272724,248,266
query_4_140.graph,10,5836.609538967135,4344.4,0.343478855300418,0.343478855300418,255,266
query_3_96.graph,1,18000.21825291372,19458.59,-0.07494745236352066,0.07494745236352066,683,747
query_3_96.graph,2,18078.52298722452,19458.59,-0.07092327927025947,0.07092327927025947,713,747
query_3_96.graph,3,18788.076402942937,19458.59,-0.03445848836205823,0.03445848836205823,677,747
query_3_96.graph,4,16770.162652040817,19458.59,-0.13816146740124455,0.13816146740124455,717,747
query_3_96.graph,5,20782.530892837774,19458.59,0.06803889145296624,0.06803889145296624,731,747
query_3_96.graph,6,17585.632018171527,19458.59,-0.0962535302829482,0.0962535302829482,729,747
query_3_96.graph,7,21098.753276554027,19458.59,0.08428993449957202,0.08428993449957202,744,747
query_3_96.graph,8,19254.938758871045,19458.59,-0.010465878623731472,0.010465878623731472,718,747
query_3_96.graph,9,18794.03890903343,19458.59,-0.03415206810804749,0.03415206810804749,728,747
query_3_96.graph,10,19127.106855510134,19458.59,-0.01703531162791684,0.01703531162791684,727,747
query_3_21.graph,1,21742.687927363033,20168.849999999995,0.07803310190531629,0.07803310190531629,721,761
query_3_21.graph,2,20533.962038169775,20168.849999999995,0.0181027692788523,0.0181027692788523,712,761
query_3_21.graph,3,19133.669439101715,20168.849999999995,-0.051325710732058584,0.051325710732058584,699,761
query_3_21.graph,4,27623.683614974612,20168.849999999995,0.36962115415477925,0.36962115415477925,711,761
query_3_21.graph,5,19523.874939578174,20168.849999999995,-0.03197877223648452,0.03197877223648452,729,761
query_3_21.graph,6,19279.38055976096,20168.849999999995,-0.04410114806937601,0.04410114806937601,713,761
query_3_21.graph,7,23081.690542551707,20168.849999999995,0.14442273816066423,0.14442273816066423,686,761
query_3_21.graph,8,20776.380191216824,20168.849999999995,0.030122202863169144,0.030122202863169144,711,761
query_3_21.graph,9,20237.35651078299,20168.849999999995,0.003396649327204782,0.003396649327204782,683,761
query_3_21.graph,10,18896.551151296582,20168.849999999995,-0.06308236953041016,0.06308236953041016,716,761
query_4_125.graph,1,5176.760899674797,4491.78,0.15249653804834543,0.15249653804834543,300,352
query_4_125.graph,2,3947.8335900000006,4491.78,-0.12109818601979597,0.12109818601979597,319,352
query_4_125.graph,3,3664.044781690142,4491.78,-0.1842777736910218,0.1842777736910218,312,352
query_4_125.graph,4,4169.462928229666,4491.78,-0.07175709223745004,0.07175709223745004,313,352
query_4_125.graph,5,3457.542546329966,4491.78,-0.23025113733754404,0.23025113733754404,277,352
query_4_125.graph,6,4145.833251162791,4491.78,-0.0770177410374525,0.0770177410374525,321,352
query_4_125.graph,7,4508.075608653848,4491.78,0.0036278732827181924,0.0036278732827181924,310,352
query_4_125.graph,8,4241.221058064518,4491.78,-0.055781659372338345,0.055781659372338345,306,352
query_4_125.graph,9,3758.681962325581,4491.78,-0.163208803119124,0.163208803119124,300,352
query_4_125.graph,10,4737.799136915888,4491.78,0.054770967615486145,0.054770967615486145,309,352
query_4_115.graph,1,211383.08232570646,197581.66,0.06985173788754714,0.06985173788754714,639,662
query_4_115.graph,2,185094.87616927564,197581.66,-0.06319809151681571,0.06319809151681571,622,662
query_4_115.graph,3,193792.01441687945,197581.66,-0.019180148517430985,0.019180148517430985,629,662
query_4_115.graph,4,177434.28843434903,197581.66,-0.1019698466226621,0.1019698466226621,623,662
query_4_115.graph,5,193562.7081291739,197581.66,-0.020340713155391557,0.020340713155391557,612,662
query_4_115.graph,6,186475.17853960948,197581.66,-0.056212107239055106,0.056212107239055106,630,662
query_4_115.graph,7,193574.71906424573,197581.66,-0.020279923428896566,0.020279923428896566,617,662
query_4_115.graph,8,198311.9375844828,197581.66,0.0036960798106605605,0.0036960798106605605,628,662
query_4_115.graph,9,447676.46612255194,197581.66,1.26577945606162,1.26577945606162,626,662
query_4_115.graph,10,272890.043530303,197581.66,0.38115067729617713,0.38115067729617713,621,662
query_4_12.graph,1,210134.3269927017,191887.27000000002,0.0950925873962441,0.0950925873962441,624,667
query_4_12.graph,2,178605.0168866271,191887.27000000002,-0.06921904258355918,0.06921904258355918,617,667
query_4_12.graph,3,212461.80202189003,191887.27000000002,0.10722197476617398,0.10722197476617398,613,667
query_4_12.graph,4,195355.68515882356,191887.27000000002,0.01807527491961056,0.01807527491961056,638,667
query_4_12.graph,5,186929.20805058684,191887.27000000002,-0.025838409965461398,0.025838409965461398,621,667
query_4_12.graph,6,194875.2557480973,191887.27000000002,0.015571568390635143,0.015571568390635143,583,667
query_4_12.graph,7,188560.41809411786,191887.27000000002,-0.017337533156223207,0.017337533156223207,603,667
query_4_12.graph,8,195357.45390932146,191887.27000000002,0.018084492573798336,0.018084492573798336,629,667
query_4_12.graph,9,201789.1796739153,191887.27000000002,0.05160274401691823,0.05160274401691823,638,667
query_4_12.graph,10,195181.33063983722,191887.27000000002,0.017166644977737205,0.017166644977737205,650,667
query_4_15.graph,1,3311.7511875000014,4537.54,-0.2701439133318932,0.2701439133318932,324,386
query_4_15.graph,2,3632.893159482759,4537.54,-0.19936944699490053,0.19936944699490053,348,386
query_4_15.graph,3,4182.68561371795,4537.54,-0.07820413402020693,0.07820413402020693,332,386
query_4_15.graph,4,3607.8679243478255,4537.54,-0.20488460171197928,0.20488460171197928,328,386
query_4_15.graph,5,4392.183431975868,4537.54,-0.03203422295431705,0.03203422295431705,341,386
query_4_15.graph,6,4265.277187735849,4537.54,-0.060002294693633745,0.060002294693633745,337,386
query_4_15.graph,7,4466.795273913045,4537.54,-0.015590986765285787,0.015590986765285787,379,386
query_4_15.graph,8,4156.861448394392,4537.54,-0.08389535995398563,0.08389535995398563,310,386
query_4_15.graph,9,3387.077517333333,4537.54,-0.25354321563372817,0.25354321563372817,343,386
query_4_15.graph,10,3824.2240944206014,4537.54,-0.1572032214767029,0.1572032214767029,357,386
query_4_124.graph,1,200807.76575264471,201105.59,-0.001480934703780645,0.001480934703780645,633,659
query_4_124.graph,2,212211.7812853537,201105.59,0.05522567167503254,0.05522567167503254,609,659
query_4_124.graph,3,174264.4585213546,201105.59,-0.13346785377097375,0.13346785377097375,589,659
query_4_124.graph,4,203925.21119053251,201105.59,0.014020600772621577,0.014020600772621577,616,659
query_4_124.graph,5,189145.92020269722,201105.59,-0.059469603989142104,0.059469603989142104,573,659
query_4_124.graph,6,193621.68940224513,201105.59,-0.037213787034735664,0.037213787034735664,629,659
query_4_124.graph,7,179376.21787709504,201105.59,-0.10804956800507115,0.10804956800507115,622,659
query_4_124.graph,8,200327.03578049756,201105.59,-0.0038713703557540684,0.0038713703557540684,636,659
query_4_124.graph,9,236083.15643042632,201105.59,0.17392637584279144,0.17392637584279144,596,659
query_4_124.graph,10,227883.99480704224,201105.59,0.1331559446310878,0.1331559446310878,608,659
query_4_28.graph,1,5562.98275027624,5480.3499999999985,0.015078006017178012,0.015078006017178012,265,273
query_4_28.graph,2,3484.81368877551,5480.3499999999985,-0.36412570569844793,0.36412570569844793,244,273
query_4_28.graph,3,5385.284436882593,5480.3499999999985,-0.01734662259114945,0.01734662259114945,267,273
query_4_28.graph,4,4482.308066169154,5480.3499999999985,-0.18211280918752362,0.18211280918752362,264,273
query_4_28.graph,5,5035.60919787234,5480.3499999999985,-0.0811518976210751,0.0811518976210751,258,273
query_4_28.graph,6,5207.436223880599,5480.3499999999985,-0.049798603395658995,0.049798603395658995,260,273
query_4_28.graph,7,4854.645095454545,5480.3499999999985,-0.11417243507174786,0.11417243507174786,255,273
query_4_28.graph,8,5549.831418407959,5480.3499999999985,0.012678281206120145,0.012678281206120145,261,273
query_4_28.graph,9,5775.781933455433,5480.3499999999985,0.05390749376507611,0.05390749376507611,240,273
query_4_28.graph,10,8831.336384251414,5480.3499999999985,0.6114548129684082,0.6114548129684082,252,273
query_4_25.graph,1,6403.0395831656615,5182.200000000002,0.2355832625459572,0.2355832625459572,282,284
query_4_25.graph,2,3886.981253153154,5182.200000000002,-0.24993607866289363,0.24993607866289363,268,284
query_4_25.graph,3,4979.859665581396,5182.200000000002,-0.0390452576933745,0.0390452576933745,264,284
query_4_25.graph,4,5565.947461242938,5182.200000000002,0.07405107121356487,0.07405107121356487,275,284
query_4_25.graph,5,4744.597225136613,5182.200000000002,-0.08444343615904222,0.08444343615904222,263,284
query_4_25.graph,6,5398.9667744705885,5182.200000000002,0.041829102402567785,0.041829102402567785,278,284
query_4_25.graph,7,3871.0392119178605,5182.200000000002,-0.2530123862610746,0.2530123862610746,278,284
query_4_25.graph,8,5220.882278821115,5182.200000000002,0.007464451163813235,0.007464451163813235,241,284
query_4_25.graph,9,5202.080798928571,5182.200000000002,0.003836362727908932,0.003836362727908932,262,284
query_4_25.graph,10,5870.6511473684195,5182.200000000002,0.13284920446304999,0.13284920446304999,281,284
query_4_103.graph,1,4040.453815128205,4394.049999999999,-0.08047158882393109,0.08047158882393109,242,273
query_4_103.graph,2,3899.772608095237,4394.049999999999,-0.11248788518673258,0.11248788518673258,244,273
query_4_103.graph,3,5033.844126373626,4394.049999999999,0.14560465319548632,0.14560465319548632,250,273
query_4_103.graph,4,3727.7205197183093,4394.049999999999,-0.15164358172567222,0.15164358172567222,251,273
query_4_103.graph,5,4319.226764090909,4394.049999999999,-0.017028307804665566,0.017028307804665566,256,273
query_4_103.graph,6,4956.666490338162,4394.049999999999,0.12804052988431228,0.12804052988431228,270,273
query_4_103.graph,7,3838.608210215055,4394.049999999999,-0.1264077081018524,0.1264077081018524,252,273
query_4_103.graph,8,4592.6969976415085,4394.049999999999,0.045208178705638126,0.045208178705638126,258,273
query_4_103.graph,9,4428.172189573458,4394.049999999999,0.00776554421853617,0.00776554421853617,267,273
query_4_103.graph,10,3904.648858333334,4394.049999999999,-0.1113781458259841,0.1113781458259841,254,273
query_4_27.graph,1,3145.9577630630642,3603.8,-0.12704429683582216,0.12704429683582216,305,359
query_4_27.graph,2,3455.4869449541297,3603.8,-0.04115462984790234,0.04115462984790234,330,359
query_4_27.graph,3,3212.7194622641528,3603.8,-0.10851893493974343,0.10851893493974343,332,359
query_4_27.graph,4,3541.334995454545,3603.8,-0.017333094107734898,0.017333094107734898,331,359
query_4_27.graph,5,3355.685037914693,3603.8,-0.06884814975451109,0.06884814975451109,305,359
query_4_27.graph,6,3401.9552467889907,3603.8,-0.05600886653282908,0.05600886653282908,303,359
query_4_27.graph,7,3116.4723642201843,3603.8,-0.13522604910922245,0.13522604910922245,332,359
query_4_27.graph,8,3554.7053068027203,3603.8,-0.013623034906842739,0.013623034906842739,263,359
query_4_27.graph,9,2791.018510909091,3603.8,-0.22553457158857565,0.22553457158857565,311,359
query_4_27.graph,10,2846.5577914285723,3603.8,-0.21012326116083796,0.21012326116083796,304,359
query_4_42.graph,1,4341.67051971831,4437.269999999999,-0.02154466153326,0.02154466153326,255,271
query_4_42.graph,2,5133.275559999999,4437.269999999999,0.1568544533012417,0.1568544533012417,264,271
query_4_42.graph,3,5014.747596969696,4437.269999999999,0.13014254191647065,0.13014254191647065,262,271
query_4_42.graph,4,4144.4754425164965,4437.269999999999,-0.06598529219170846,0.06598529219170846,255,271
query_4_42.graph,5,3798.820819354838,4437.269999999999,-0.14388332930949904,0.14388332930949904,258,271
query_4_42.graph,6,4365.8780727272715,4437.269999999999,-0.016089155555719426,0.016089155555719426,261,271
query_4_42.graph,7,4671.070371090047,4437.269999999999,0.05269013855141754,0.05269013855141754,265,271
query_4_42.graph,8,5326.465185714284,4437.269999999999,0.2003924002177659,0.2003924002177659,250,271
query_4_42.graph,9,4535.600503981264,4437.269999999999,0.02216013539434513,0.02216013539434513,266,271
query_4_42.graph,10,3907.3171560000005,4437.269999999999,-0.11943218330189469,0.11943218330189469,257,271
query_3_133.graph,1,23643.03509165997,19458.59,0.21504359214413638,0.21504359214413638,644,756
query_3_133.graph,2,21618.29036035021,19458.59,0.11098956092657325,0.11098956092657325,688,756
query_3_133.graph,3,19378.71343575221,19458.59,-0.004104951296460244,0.004104951296460244,717,756
query_3_133.graph,4,21585.42580308383,19458.59,0.10930061238166938,0.10930061238166938,710,756
query_3_133.graph,5,18363.2112117647,19458.59,-0.05629281403407436,0.05629281403407436,692,756
query_3_133.graph,6,19481.515244109316,19458.59,0.0011781554629248998,0.0011781554629248998,630,756
query_3_133.graph,7,19903.7896925382,19458.59,0.02287933979482588,0.02287933979482588,700,756
query_3_133.graph,8,18780.459784685383,19458.59,-0.03484991540058232,0.03484991540058232,663,756
query_3_133.graph,9,19049.33608431199,19458.59,-0.021032043724031824,0.021032043724031824,715,756
query_3_133.graph,10,19489.762410593597,19458.59,0.0016019871220678016,0.0016019871220678016,712,756
query_4_67.graph,1,3373.4447120192285,4277.439999999999,-0.2113402614603058,0.2113402614603058,323,358
query_4_67.graph,2,4267.216522758621,4277.439999999999,-0.002390092494898263,0.002390092494898263,306,358
query_4_67.graph,3,3873.3113799999987,4277.439999999999,-0.09447908562130622,0.09447908562130622,345,358
query_4_67.graph,4,3438.395921126761,4277.439999999999,-0.1961556629369992,0.1961556629369992,305,358
query_4_67.graph,5,5104.88299,4277.439999999999,0.1934435059287802,0.1934435059287802,340,358
query_4_67.graph,6,4069.282335211267,4277.439999999999,-0.04866407589322864,0.04866407589322864,318,358
query_4_67.graph,7,3973.3594173076926,4277.439999999999,-0.07108938586918954,0.07108938586918954,315,358
query_4_67.graph,8,3307.2427401869154,4277.439999999999,-0.22681726916405223,0.22681726916405223,324,358
query_4_67.graph,9,3782.4529087957494,4277.439999999999,-0.11572040547716611,0.11572040547716611,268,358
query_4_67.graph,10,4159.711264186047,4277.439999999999,-0.02752317643589437,0.02752317643589437,318,358
query_4_77.graph,1,3239.5920679611636,4204.01,-0.22940429067457893,0.22940429067457893,296,357
query_4_77.graph,2,3829.345130232557,4204.01,-0.08912083219769772,0.08912083219769772,305,357
query_4_77.graph,3,3850.528182843138,4204.01,-0.08408205907142519,0.08408205907142519,314,357
query_4_77.graph,4,4009.942039667202,4204.01,-0.046162582946472075,0.046162582946472075,297,357
query_4_77.graph,5,4558.567157276994,4204.01,0.0843378482156308,0.0843378482156308,322,357
query_4_77.graph,6,3881.5685091743117,4204.01,-0.07669855467177493,0.07669855467177493,322,357
query_4_77.graph,7,3078.7783244022144,4204.01,-0.2676567552403029,0.2676567552403029,297,357
query_4_77.graph,8,4425.430105140187,4204.01,0.052668786501503785,0.052668786501503785,325,357
query_4_77.graph,9,4543.176045327101,4204.01,0.0806767931872428,0.0806767931872428,355,357
query_4_77.graph,10,4089.838418055554,4204.01,-0.027157780772273658,0.027157780772273658,319,357
query_4_57.graph,1,4584.72073076923,4866.56,-0.05791344794490783,0.05791344794490783,258,275
query_4_57.graph,2,5187.07095,4866.56,0.06585985788729613,0.06585985788729613,250,275
query_4_57.graph,3,4714.297894339623,4866.56,-0.03128741979147026,0.03128741979147026,242,275
query_4_57.graph,4,3784.1629046728963,4866.56,-0.2224152369080221,0.2224152369080221,246,275
query_4_57.graph,5,5493.988773056997,4866.56,0.1289265462784794,0.1289265462784794,264,275
query_4_57.graph,6,5483.520878817734,4866.56,0.12677556196116635,0.12677556196116635,242,275
query_4_57.graph,7,6475.41465707317,4866.56,0.33059381926312825,0.33059381926312825,255,275
query_4_57.graph,8,5394.529172763157,4866.56,0.10848919416654806,0.10848919416654806,239,275
query_4_57.graph,9,5208.655198211091,4866.56,0.07029507459295498,0.07029507459295498,257,275
query_4_57.graph,10,6625.663424131453,4866.56,0.3614675302742497,0.3614675302742497,264,275
query_4_60.graph,1,5783.237136815921,4999.6900000000005,0.156719143950109,0.156719143950109,250,260
query_4_60.graph,2,5098.645777905759,4999.6900000000005,0.019792382708879674,0.019792382708879674,249,260
query_4_60.graph,3,5828.266619129603,4999.6900000000005,0.16572559881304688,0.16572559881304688,248,260
query_4_60.graph,4,4750.036545652174,4999.6900000000005,-0.04993378676434468,0.04993378676434468,220,260
query_4_60.graph,5,4845.024703125001,4999.6900000000005,-0.030934977343595203,0.030934977343595203,244,260
query_4_60.graph,6,5549.086233333334,4999.6900000000005,0.1098860596023621,0.1098860596023621,251,260
query_4_60.graph,7,2807.1301085748787,4999.6900000000005,-0.43853916771342255,0.43853916771342255,217,260
query_4_60.graph,8,4982.4570654639165,4999.6900000000005,-0.0034468006088545547,0.0034468006088545547,240,260
query_4_60.graph,9,4546.6464435643575,4999.6900000000005,-0.09061432937554988,0.09061432937554988,243,260
query_4_60.graph,10,5917.336191542291,4999.6900000000005,0.18354061782676337,0.18354061782676337,260,260
query_4_18.graph,1,186465.22241352117,195410.7,-0.045777828882854615,0.045777828882854615,607,668
query_4_18.graph,2,176621.0270075618,195410.7,-0.09615478063605638,0.09615478063605638,610,668
query_4_18.graph,3,190292.04966677885,195410.7,-0.026194319621295852,0.026194319621295852,613,668
query_4_18.graph,4,198618.70727052842,195410.7,0.01641674314931788,0.01641674314931788,621,668
query_4_18.graph,5,202503.93129828473,195410.7,0.03629909364371921,0.03629909364371921,641,668
query_4_18.graph,6,173231.40254618748,195410.7,-0.11350093650865856,0.11350093650865856,633,668
query_4_18.graph,7,172581.52307070917,195410.7,-0.11682664730892854,0.11682664730892854,599,668
query_4_18.graph,8,190078.59800398105,195410.7,-0.027286642932137076,0.027286642932137076,613,668
query_4_18.graph,9,198905.52824038852,195410.7,0.017884528535993725,0.017884528535993725,594,668
query_4_18.graph,10,204351.6835665699,195410.7,0.045754831063856236,0.045754831063856236,603,668
query_3_88.graph,1,19506.241399751678,20168.849999999995,-0.03285306798594453,0.03285306798594453,604,763
query_3_88.graph,2,19240.034814501163,20168.849999999995,-0.04605196555573729,0.04605196555573729,717,763
query_3_88.graph,3,19784.778809146344,20168.849999999995,-0.019042790781509635,0.019042790781509635,698,763
query_3_88.graph,4,18157.18474549959,20168.849999999995,-0.09974119766374405,0.09974119766374405,704,763
query_3_88.graph,5,22330.40284656422,20168.849999999995,0.10717283566312528,0.10717283566312528,683,763
query_3_88.graph,6,18951.512952407676,20168.849999999995,-0.060357285992623216,0.060357285992623216,649,763
query_3_88.graph,7,17557.34071617978,20168.849999999995,-0.12948230979060357,0.12948230979060357,689,763
query_3_88.graph,8,19204.059246955858,20168.849999999995,-0.04783568488258564,0.04783568488258564,709,763
query_3_88.graph,9,20394.12064748288,20168.849999999995,0.011169236098383632,0.011169236098383632,719,763
query_3_88.graph,10,19478.6652686366,20168.849999999995,-0.03422033142015511,0.03422033142015511,696,763
query_4_83.graph,1,4662.23181627907,5281.399999999999,-0.11723561626101585,0.11723561626101585,268,278
query_4_83.graph,2,4447.229788995214,5281.399999999999,-0.15794490305691383,0.15794490305691383,271,278
query_4_83.graph,3,5303.649449999995,5281.399999999999,0.004212793956147351,0.004212793956147351,278,278
query_4_83.graph,4,4908.5428145977,5281.399999999999,-0.070598171962415,0.070598171962415,264,278
query_4_83.graph,5,5615.85051872146,5281.399999999999,0.06332611025892017,0.06332611025892017,265,278
query_4_83.graph,6,5444.0830199095035,5281.399999999999,0.030803010548245694,0.030803010548245694,278,278
query_4_83.graph,7,5571.0546314553985,5281.399999999999,0.05484428966853483,0.05484428966853483,277,278
query_4_83.graph,8,4608.608739351851,5281.399999999999,-0.12738880990800694,0.12738880990800694,269,278
query_4_83.graph,9,4231.823202325581,5281.399999999999,-0.19873079063778876,0.19873079063778876,261,278
query_4_83.graph,10,4205.251766850828,5281.399999999999,-0.2037619254646819,0.2037619254646819,256,278
query_5_101.graph,1,1436.5146894736843,1147.1999999999998,0.2521920235997947,0.2521920235997947,64,68
query_5_101.graph,2,1071.196505263158,1147.1999999999998,-0.06625130294355103,0.06625130294355103,65,68
query_5_101.graph,3,1338.9722052631582,1147.1999999999998,0.1671654508918745,0.1671654508918745,65,68
query_5_101.graph,4,1092.1870540540542,1147.1999999999998,-0.04795410211466668,0.04795410211466668,67,68
query_5_101.graph,5,1357.644547368421,1147.1999999999998,0.18344189972840058,0.18344189972840058,65,68
query_5_101.graph,6,2197.816005555556,1147.1999999999998,0.915808930923602,0.915808930923602,66,68
query_5_101.graph,7,1388.0905432432435,1147.1999999999998,0.20998129641147462,0.20998129641147462,65,68
query_5_101.graph,8,925.9123111111112,1147.1999999999998,-0.19289373159770629,0.19289373159770629,61,68
query_5_101.graph,9,817.1500388888891,1147.1999999999998,-0.2877004542460868,0.2877004542460868,55,68
query_5_101.graph,10,914.1781837837837,1147.1999999999998,-0.20312222473519542,0.20312222473519542,63,68
query_4_51.graph,1,252599.4897125,208152.82,0.21352902983730898,0.21352902983730898,621,669
query_4_51.graph,2,203003.74274410494,208152.82,-0.02473700455220866,0.02473700455220866,617,669
query_4_51.graph,3,221427.7282060375,208152.82,0.06377481797285993,0.06377481797285993,612,669
query_4_51.graph,4,221460.39534340866,208152.82,0.06393175621357737,0.06393175621357737,642,669
query_4_51.graph,5,188789.5400622039,208152.82,-0.09302434594830913,0.09302434594830913,613,669
query_4_51.graph,6,180558.28937914388,208152.82,-0.13256861291072647,0.13256861291072647,623,669
query_4_51.graph,7,218246.70098497494,208152.82,0.04849264585978195,0.04849264585978195,644,669
query_4_51.graph,8,200237.39453019545,208152.82,-0.03802699127402912,0.03802699127402912,620,669
query_4_51.graph,9,261789.20377083318,208152.82,0.25767791073324475,0.25767791073324475,609,669
query_4_51.graph,10,223141.52953105044,208152.82,0.07200819826053971,0.07200819826053971,641,669
query_5_11.graph,1,1083.238475,657.4000000000001,0.647761598722239,0.647761598722239,62,76
query_5_11.graph,2,416.50752000000006,657.4000000000001,-0.3664321265591725,0.3664321265591725,55,76
query_5_11.graph,3,397.6894722222222,657.4000000000001,-0.39505708515025534,0.39505708515025534,56,76
query_5_11.graph,4,524.0799200000001,657.4000000000001,-0.20279902646790376,0.20279902646790376,60,76
query_5_11.graph,5,356.0728925925926,657.4000000000001,-0.4583618914015933,0.4583618914015933,61,76
query_5_11.graph,6,574.67542,657.4000000000001,-0.12583599026467912,0.12583599026467912,64,76
query_5_11.graph,7,592.5194611111111,657.4000000000001,-0.09869263597336318,0.09869263597336318,54,76
query_5_11.graph,8,617.8072027777778,657.4000000000001,-0.0602263419869521,0.0602263419869521,66,76
query_5_11.graph,9,361.5033222222222,657.4000000000001,-0.4501014264949465,0.4501014264949465,63,76
query_5_11.graph,10,660.08124,657.4000000000001,0.004078551871006828,0.004078551871006828,62,76
query_4_87.graph,1,5420.029359296481,6058.63,-0.10540347251829527,0.10540347251829527,260,265
query_4_87.graph,2,5807.222199999997,6058.63,-0.04149581671103907,0.04149581671103907,252,265
query_4_87.graph,3,5937.840436557284,6058.63,-0.019936778354630653,0.019936778354630653,240,265
query_4_87.graph,4,5779.569752432431,6058.63,-0.04605995869818238,0.04605995869818238,246,265
query_4_87.graph,5,6247.528233333331,6058.63,0.031178374208910366,0.031178374208910366,256,265
query_4_87.graph,6,5667.834266666663,6058.63,-0.06450232698371365,0.06450232698371365,257,265
query_4_87.graph,7,5116.670133333331,6058.63,-0.1554740703206284,0.1554740703206284,246,265
query_4_87.graph,8,6306.017246113991,6058.63,0.04083220895053681,0.04083220895053681,259,265
query_4_87.graph,9,5935.521908000001,6058.63,-0.020319460340043786,0.020319460340043786,257,265
query_4_87.graph,10,6667.641941531098,6058.63,0.10051974481542829,0.10051974481542829,239,265
query_4_96.graph,1,4464.904354385966,4654.24,-0.04068024975378013,0.04068024975378013,268,277
query_4_96.graph,2,4477.957823111109,4654.24,-0.03787560952784788,0.03787560952784788,270,277
query_4_96.graph,3,4430.567972173914,4654.24,-0.048057691014233364,0.048057691014233364,256,277
query_4_96.graph,4,4361.078187203791,4654.24,-0.06298811681310144,0.06298811681310144,253,277
query_4_96.graph,5,4230.2958575757575,4654.24,-0.09108772698104144,0.09108772698104144,265,277
query_4_96.graph,6,4315.8804644444435,4654.24,-0.0726992023521684,0.0726992023521684,260,277
query_4_96.graph,7,4832.589832,4654.24,0.038319861459658267,0.038319861459658267,269,277
query_4_96.graph,8,3710.8499625,4654.24,-0.20269475521245142,0.20269475521245142,252,277
query_4_96.graph,9,3839.504935416667,4654.24,-0.17505222433379727,0.17505222433379727,259,277
query_4_96.graph,10,4540.803476085764,4654.24,-0.024372727644950885,0.024372727644950885,259,277
query_5_113.graph,1,235.980855,225.31,0.04736076960632013,0.04736076960632013,60,69
query_5_113.graph,2,216.07938000000001,225.31,-0.040968532244463125,0.040968532244463125,65,69
query_5_113.graph,3,312.1823925,225.31,0.3855682947938395,0.3855682947938395,61,69
query_5_113.graph,4,348.91634250000004,225.31,0.5486056655274956,0.5486056655274956,67,69
query_5_113.graph,5,348.96980249999996,225.31,0.548842938617904,0.548842938617904,59,69
query_5_113.graph,6,172.30454999999998,225.31,-0.2352556477741779,0.2352556477741779,64,69
query_5_113.graph,7,112.9354875,225.31,-0.4987551040788248,0.4987551040788248,53,69
query_5_113.graph,8,348.96980249999996,225.31,0.548842938617904,0.548842938617904,62,69
query_5_113.graph,9,461.90529,225.31,1.0500878345390794,1.0500878345390794,60,69
query_5_113.graph,10,227.966525,225.31,0.011790533043362424,0.011790533043362424,60,69
query_4_29.graph,1,192386.06255040315,184476.88,0.042873570663180906,0.042873570663180906,593,643
query_4_29.graph,2,177742.58825999981,184476.88,-0.03650480070998702,0.03650480070998702,592,643
query_4_29.graph,3,185632.1464515791,184476.88,0.0062623915342620825,0.0062623915342620825,634,643
query_4_29.graph,4,175679.30838580965,184476.88,-0.04768929100595345,0.04768929100595345,601,643
query_4_29.graph,5,162705.42178671493,184476.88,-0.11801727248035135,0.11801727248035135,587,643
query_4_29.graph,6,198761.79501652234,184476.88,0.0774347171120974,0.0774347171120974,587,643
query_4_29.graph,7,175145.93941216043,184476.88,-0.05058054205946879,0.05058054205946879,602,643
query_4_29.graph,8,169817.79229622136,184476.88,-0.07946300752581376,0.07946300752581376,614,643
query_4_29.graph,9,186778.85400126217,184476.88,0.012478387542450644,0.012478387542450644,623,643
query_4_29.graph,10,151992.17419272073,184476.88,-0.1760909324099544,0.1760909324099544,591,643
query_5_116.graph,1,785.5473472222222,1180.7599999999998,-0.33471040074001285,0.33471040074001285,44,48
query_5_116.graph,2,1010.0109722222221,1180.7599999999998,-0.1446094276379431,0.1446094276379431,47,48
query_5_116.graph,3,921.5065972222222,1180.7599999999998,-0.219564858885614,0.219564858885614,46,48
query_5_116.graph,4,827.0175470588235,1180.7599999999998,-0.2995887842924695,0.2995887842924695,48,48
query_5_116.graph,5,881.4695681034482,1180.7599999999998,-0.2534727056273516,0.2534727056273516,44,48
query_5_116.graph,6,906.8469000000001,1180.7599999999998,-0.23198033469968468,0.23198033469968468,46,48
query_5_116.graph,7,1181.5023333333334,1180.7599999999998,0.0006286911254900154,0.0006286911254900154,48,48
query_5_116.graph,8,799.3032272727272,1180.7599999999998,-0.32306037867752346,0.32306037867752346,47,48
query_5_116.graph,9,657.3748285714285,1180.7599999999998,-0.4432612651415795,0.4432612651415795,48,48
query_5_116.graph,10,984.5440545454545,1180.7599999999998,-0.1661776698520828,0.1661776698520828,45,48
query_5_12.graph,1,1070.8864625,1202.53,-0.10947214414609188,0.10947214414609188,47,59
query_5_12.graph,2,1349.4433,1202.53,0.12217017454865986,0.12217017454865986,58,59
query_5_12.graph,3,1066.91346875,1202.53,-0.11277600662769327,0.11277600662769327,57,59
query_5_12.graph,4,1024.5693529411767,1202.53,-0.14798853006479945,0.14798853006479945,59,59
query_5_12.graph,5,1001.5629428571427,1202.53,-0.16712020252539,0.16712020252539,57,59
query_5_12.graph,6,1209.7573529411764,1202.53,0.006010122775462049,0.006010122775462049,59,59
query_5_12.graph,7,1355.4477499999998,1202.53,0.12716335559196015,0.12716335559196015,57,59
query_5_12.graph,8,977.3343642857143,1202.53,-0.18726820596100363,0.18726820596100363,54,59
query_5_12.graph,9,1452.986670967742,1202.53,0.20827477981234727,0.20827477981234727,59,59
query_5_12.graph,10,1102.5039545454545,1202.53,-0.08317966741332483,0.08317966741332483,59,59
query_5_117.graph,1,636.6970999999999,754.8300000000004,-0.15650265622723059,0.15650265622723059,53,58
query_5_117.graph,2,589.1204800000002,754.8300000000004,-0.21953223904720287,0.21953223904720287,54,58
query_5_117.graph,3,782.02874,754.8300000000004,0.03603293456804787,0.03603293456804787,53,58
query_5_117.graph,4,865.0103799999999,754.8300000000004,0.14596714492004756,0.14596714492004756,55,58
query_5_117.graph,5,614.1221400000001,754.8300000000004,-0.18640999960255986,0.18640999960255986,50,58
query_5_117.graph,6,1332.45174,754.8300000000004,0.7652342116768005,0.7652342116768005,56,58
query_5_117.graph,7,933.5723800000001,754.8300000000004,0.23679819297060212,0.23679819297060212,49,58
query_5_117.graph,8,644.6663399999999,754.8300000000004,-0.14594499423711357,0.14594499423711357,56,58
query_5_117.graph,9,1008.4625352941176,754.8300000000004,0.33601279134920065,0.33601279134920065,56,58
query_5_117.graph,10,771.110662962963,754.8300000000004,0.02156864852080951,0.02156864852080951,54,58
query_4_79.graph,1,5014.773575000001,4394.049999999999,0.1412645679953578,0.1412645679953578,259,271
query_4_79.graph,2,4427.577240211639,4394.049999999999,0.007630145358300377,0.007630145358300377,258,271
query_4_79.graph,3,4237.115904147465,4394.049999999999,-0.03571513657162174,0.03571513657162174,253,271
query_4_79.graph,4,4330.67499398148,4394.049999999999,-0.01442291417223731,0.01442291417223731,262,271
query_4_79.graph,5,3962.120775000001,4394.049999999999,-0.0982986595509834,0.0982986595509834,250,271
query_4_79.graph,6,3906.0419729357795,4394.049999999999,-0.11106110013864653,0.11106110013864653,256,271
query_4_79.graph,7,4536.631982949308,4394.049999999999,0.03244887585469179,0.03244887585469179,262,271
query_4_79.graph,8,3977.5736400921655,4394.049999999999,-0.09478188912457387,0.09478188912457387,252,271
query_4_79.graph,9,4318.166654339117,4394.049999999999,-0.017269568088866243,0.017269568088866243,255,271
query_4_79.graph,10,4045.154642654028,4394.049999999999,-0.07940177224791964,0.07940177224791964,257,271
query_5_120.graph,1,503.6972344827586,503.95000000000005,-0.0005015686422094873,0.0005015686422094873,46,46
query_5_120.graph,2,925.6976166666667,503.95000000000005,0.8368838509111353,0.8368838509111353,46,46
query_5_120.graph,3,698.3654583333333,503.95000000000005,0.3857832291563315,0.3857832291563315,46,46
query_5_120.graph,4,344.2625806451613,503.95000000000005,-0.3168715534375211,0.3168715534375211,43,46
query_5_120.graph,5,596.2200580645161,503.95000000000005,0.18309367608793747,0.18309367608793747,39,46
query_5_120.graph,6,793.9682621212121,503.95000000000005,0.5754901520412978,0.5754901520412978,45,46
query_5_120.graph,7,275.38929666666667,503.95000000000005,-0.45353845288884487,0.45353845288884487,45,46
query_5_120.graph,8,173.9647392857143,503.95000000000005,-0.6547976202287642,0.6547976202287642,46,46
query_5_120.graph,9,343.00663,503.95000000000005,-0.3193637662466516,0.3193637662466516,45,46
query_5_120.graph,10,247.48829565217395,503.95000000000005,-0.5089030744078302,0.5089030744078302,46,46
query_3_122.graph,1,17789.945538207634,18684.51,-0.047877330569137996,0.047877330569137996,687,753
query_3_122.graph,2,19243.782159858532,18684.51,0.029932396399934173,0.029932396399934173,702,753
query_3_122.graph,3,27864.913436086288,18684.51,0.4913376607728161,0.4913376607728161,697,753
query_3_122.graph,4,18231.048450609225,18684.51,-0.024269384072195265,0.024269384072195265,638,753
query_3_122.graph,5,20283.303806303476,18684.51,0.08556787447481781,0.08556787447481781,705,753
query_3_122.graph,6,17743.433849270405,18684.51,-0.0503666486693841,0.0503666486693841,676,753
query_3_122.graph,7,20631.014354784667,18684.51,0.10417743653885861,0.10417743653885861,652,753
query_3_122.graph,8,17874.002393258426,18684.51,-0.04337858508152326,0.04337858508152326,694,753
query_3_122.graph,9,19780.393422977875,18684.51,0.05865197551222252,0.05865197551222252,699,753
query_3_122.graph,10,19465.61716086506,18684.51,0.041805065311590194,0.041805065311590194,698,753
query_5_1.graph,1,38968.765196385546,56178.7,-0.3063427029036708,0.3063427029036708,214,247
query_5_1.graph,2,51639.65325221677,56178.7,-0.08079657855705505,0.08079657855705505,227,247
query_5_1.graph,3,59808.50688307695,56178.7,0.06461179918860628,0.06461179918860628,243,247
query_5_1.graph,4,55237.8707135593,56178.7,-0.016747081837790792,0.016747081837790792,231,247
query_5_1.graph,5,60071.5417705691,56178.7,0.06929390980156364,0.06929390980156364,246,247
query_5_1.graph,6,50224.82889782611,56178.7,-0.10598093409377372,0.10598093409377372,241,247
query_5_1.graph,7,51069.79201122446,56178.7,-0.0909403027976001,0.0909403027976001,241,247
query_5_1.graph,8,52053.664671621635,56178.7,-0.07342703423857018,0.07342703423857018,222,247
query_5_1.graph,9,55053.593330243915,56178.7,-0.020027282043836577,0.020027282043836577,229,247
query_5_1.graph,10,53418.43806984127,56178.7,-0.04913360277398241,0.04913360277398241,247,247
query_4_120.graph,1,184989.62407270103,196388.50000000003,-0.058042481750708405,0.058042481750708405,612,648
query_4_120.graph,2,200858.21048213643,196388.50000000003,0.022759532671904944,0.022759532671904944,617,648
query_4_120.graph,3,184015.23224975623,196388.50000000003,-0.0630040340969242,0.0630040340969242,605,648
query_4_120.graph,4,173222.5536950723,196388.50000000003,-0.11795979044051827,0.11795979044051827,626,648
query_4_120.graph,5,227662.67756834292,196388.50000000003,0.15924648117554174,0.15924648117554174,633,648
query_4_120.graph,6,186006.6800355742,196388.50000000003,-0.052863685828986116,0.052863685828986116,629,648
query_4_120.graph,7,182617.6412608783,196388.50000000003,-0.07012049452550291,0.07012049452550291,608,648
query_4_120.graph,8,184441.20754774183,196388.50000000003,-0.06083499009493021,0.06083499009493021,617,648
query_4_120.graph,9,191875.73993879659,196388.50000000003,-0.02297873888340429,0.02297873888340429,620,648
query_4_120.graph,10,189462.79703935573,196388.50000000003,-0.03526531828821084,0.03526531828821084,598,648
query_5_138.graph,1,73942.16761491228,61633.84,0.19970080746084104,0.19970080746084104,204,260
query_5_138.graph,2,57368.56269074074,61633.84,-0.06920349777426256,0.06920349777426256,256,260
query_5_138.graph,3,52948.81869099528,61633.84,-0.14091319491053483,0.14091319491053483,256,260
query_5_138.graph,4,57636.53283928572,61633.84,-0.06485572147888688,0.06485572147888688,260,260
query_5_138.graph,5,61078.977364903854,61633.84,-0.009002564745213704,0.009002564745213704,251,260
query_5_138.graph,6,68852.17768125,61633.84,0.1171164685057755,0.1171164685057755,257,260
query_5_138.graph,7,62257.86503944953,61633.84,0.010124714595902683,0.010124714595902683,250,260
query_5_138.graph,8,73482.06235,61633.84,0.19223566712701978,0.19223566712701978,253,260
query_5_138.graph,9,64532.44611924243,61633.84,0.047029458479991376,0.047029458479991376,254,260
query_5_138.graph,10,51391.10182146117,61633.84,-0.16618692229039808,0.16618692229039808,251,260
query_5_33.graph,1,1004.4719384615385,1291.2899999999997,-0.2221174651228317,0.2221174651228317,65,70
query_5_33.graph,2,1038.7763729729731,1291.2899999999997,-0.19555144624912035,0.19555144624912035,67,70
query_5_33.graph,3,1231.8634833333333,1291.2899999999997,-0.046021046137325036,0.046021046137325036,68,70
query_5_33.graph,4,971.0998344827588,1291.2899999999997,-0.24796146916435582,0.24796146916435582,64,70
query_5_33.graph,5,1008.8233578947368,1291.2899999999997,-0.21874764158729876,0.21874764158729876,61,70
query_5_33.graph,6,1155.9033666666667,1291.2899999999997,-0.10484603252045094,0.10484603252045094,69,70
query_5_33.graph,7,1034.0406923076926,1291.2899999999997,-0.19921884912940332,0.19921884912940332,69,70
query_5_33.graph,8,40.55677567567567,1291.2899999999997,-0.96859204696414,0.96859204696414,53,70
query_5_33.graph,9,1024.604565,1291.2899999999997,-0.20652636897985713,0.20652636897985713,67,70
query_5_33.graph,10,1261.9832137931035,1291.2899999999997,-0.02269574317689774,0.02269574317689774,62,70
query_5_2.graph,1,663.7601999999999,792.7200000000001,-0.16268013926733296,0.16268013926733296,58,61
query_5_2.graph,2,1128.1452029411764,792.7200000000001,0.4231320049212537,0.4231320049212537,58,61
query_5_2.graph,3,876.6129571428572,792.7200000000001,0.10582924253564571,0.10582924253564571,56,61
query_5_2.graph,4,662.8173,792.7200000000001,-0.16386958825310333,0.16386958825310333,52,61
query_5_2.graph,5,1168.1334181818181,792.7200000000001,0.4735763172139191,0.4735763172139191,60,61
query_5_2.graph,6,675.9417203703704,792.7200000000001,-0.14731340149060165,0.14731340149060165,58,61
query_5_2.graph,7,719.9404516129032,792.7200000000001,-0.09180990562505921,0.09180990562505921,57,61
query_5_2.graph,8,537.6723529411764,792.7200000000001,-0.3217373688803407,0.3217373688803407,55,61
query_5_2.graph,9,891.7176999999998,792.7200000000001,0.12488356544555411,0.12488356544555411,60,61
query_5_2.graph,10,700.7181999999999,792.7200000000001,-0.1160583812695532,0.1160583812695532,59,61
query_5_35.graph,1,2574388.6567852,2842172.7300000004,-0.09421808547674036,0.09421808547674036,470,514
query_5_35.graph,2,2575560.0433810893,2842172.7300000004,-0.0938059407173719,0.0938059407173719,462,514
query_5_35.graph,3,2717448.6614550003,2842172.7300000004,-0.04388335277039976,0.04388335277039976,469,514
query_5_35.graph,4,2899696.9927909244,2842172.7300000004,0.02023953793650111,0.02023953793650111,494,514
query_5_35.graph,5,2707959.130723836,2842172.7300000004,-0.04722218247311258,0.04722218247311258,432,514
query_5_35.graph,6,2853233.1984962374,2842172.7300000004,0.003891553943745336,0.003891553943745336,473,514
query_5_35.graph,7,2800057.6777053885,2842172.7300000004,-0.014817907388271902,0.014817907388271902,499,514
query_5_35.graph,8,2555166.071548763,2842172.7300000004,-0.10098142713910185,0.10098142713910185,454,514
query_5_35.graph,9,2638937.747225171,2842172.7300000004,-0.07150690759559482,0.07150690759559482,457,514
query_5_35.graph,10,2993333.4466690673,2842172.7300000004,0.05318491556601023,0.05318491556601023,456,514
query_4_20.graph,1,189682.9732030387,198247.94,-0.043203307923206126,0.043203307923206126,613,650
query_4_20.graph,2,230837.60408034432,198247.94,0.1643884122091978,0.1643884122091978,610,650
query_4_20.graph,3,286616.97985915677,198247.94,0.44575010393125275,0.44575010393125275,604,650
query_4_20.graph,4,215104.8702532646,198247.94,0.08502953550621818,0.08502953550621818,604,650
query_4_20.graph,5,190095.1124999376,198247.94,-0.041124399577934644,0.041124399577934644,619,650
query_4_20.graph,6,201305.71234776854,198247.94,0.015423980434644293,0.015423980434644293,617,650
query_4_20.graph,7,188913.4151499999,198247.94,-0.04708510388556927,0.04708510388556927,615,650
query_4_20.graph,8,201679.3164014046,198247.94,0.017308509744941553,0.017308509744941553,597,650
query_4_20.graph,9,206074.67174931424,198247.94,0.039479511107728196,0.039479511107728196,607,650
query_4_20.graph,10,173766.41711504848,198247.94,-0.12348941878009691,0.12348941878009691,611,650
query_5_37.graph,1,828.0946285714284,866.3299999999997,-0.04413488096749656,0.04413488096749656,50,58
query_5_37.graph,2,951.0397485714285,866.3299999999997,0.09778000135217392,0.09778000135217392,52,58
query_5_37.graph,3,696.2668742857143,866.3299999999997,-0.1963029396584275,0.1963029396584275,51,58
query_5_37.graph,4,699.1658285714285,866.3299999999997,-0.1929566925173678,0.1929566925173678,54,58
query_5_37.graph,5,986.8521314285714,866.3299999999997,0.1391180398099705,0.1391180398099705,49,58
query_5_37.graph,6,580.1512114285714,866.3299999999997,-0.3303346167989431,0.3303346167989431,49,58
query_5_37.graph,7,811.4799542857144,866.3299999999997,-0.06331310899343824,0.06331310899343824,50,58
query_5_37.graph,8,602.0279588235295,866.3299999999997,-0.3050824064461236,0.3050824064461236,52,58
query_5_37.graph,9,956.0554228571427,866.3299999999997,0.10356956685921423,0.10356956685921423,51,58
query_5_37.graph,10,796.1798888888889,866.3299999999997,-0.08097389113976299,0.08097389113976299,51,58
query_4_147.graph,1,216475.0513622531,197581.66,0.09562320390593494,0.09562320390593494,608,648
query_4_147.graph,2,166689.3562676231,197581.66,-0.1563520811211774,0.1563520811211774,611,648
query_4_147.graph,3,198328.77145115376,197581.66,0.0037812793513009244,0.0037812793513009244,617,648
query_4_147.graph,4,185785.76172976696,197581.66,-0.05970138255864962,0.05970138255864962,611,648
query_4_147.graph,5,194953.8951178562,197581.66,-0.013299639663639786,0.013299639663639786,635,648
query_4_147.graph,6,171581.5257866739,197581.66,-0.13159184011980712,0.13159184011980712,581,648
query_4_147.graph,7,179024.01176274504,197581.66,-0.09392394130738128,0.09392394130738128,628,648
query_4_147.graph,8,202354.33297668595,197581.66,0.024155445281135658,0.024155445281135658,640,648
query_4_147.graph,9,180583.0546957986,197581.66,-0.08603331556279765,0.08603331556279765,616,648
query_4_147.graph,10,170937.01534033613,197581.66,-0.13485383542006818,0.13485383542006818,611,648
query_4_136.graph,1,208387.3717439882,192014.97,0.08526627764485335,0.08526627764485335,611,665
query_4_136.graph,2,199346.77289946636,192014.97,0.03818349631524231,0.03818349631524231,616,665
query_4_136.graph,3,162718.60556355424,192014.97,-0.15257333548757035,0.15257333548757035,575,665
query_4_136.graph,4,211598.44944023516,192014.97,0.10198933677012346,0.10198933677012346,622,665
query_4_136.graph,5,181436.75789566105,192014.97,-0.055090559368047964,0.055090559368047964,603,665
query_4_136.graph,6,193309.78340573338,192014.97,0.00674329405531965,0.00674329405531965,649,665
query_4_136.graph,7,183527.5480639587,192014.97,-0.04420187621851201,0.04420187621851201,612,665
query_4_136.graph,8,196290.03942476434,192014.97,0.022264250671519728,0.022264250671519728,614,665
query_4_136.graph,9,194881.18352962224,192014.97,0.014927031624785507,0.014927031624785507,608,665
query_4_136.graph,10,184733.55488876434,192014.97,-0.03792108037844999,0.03792108037844999,621,665
query_5_47.graph,1,53755.177736405516,61315.369999999995,-0.12330011648946226,0.12330011648946226,243,253
query_5_47.graph,2,56481.253645701225,61315.369999999995,-0.07884020522584746,0.07884020522584746,253,253
query_5_47.graph,3,58653.84005591875,61315.369999999995,-0.043407223084216004,0.043407223084216004,253,253
query_5_47.graph,4,51224.63497695035,61315.369999999995,-0.16457105327831578,0.16457105327831578,243,253
query_5_47.graph,5,58977.79925265699,61315.369999999995,-0.03812373222803693,0.03812373222803693,246,253
query_5_47.graph,6,49159.437278475336,61315.369999999995,-0.19825261955566215,0.19825261955566215,249,253
query_5_47.graph,7,58286.425652409656,61315.369999999995,-0.04939943031560177,0.04939943031560177,251,253
query_5_47.graph,8,72886.20404814389,61315.369999999995,0.1887101724762306,0.1887101724762306,253,253
query_5_47.graph,9,50866.77134902912,61315.369999999995,-0.17040749572204938,0.17040749572204938,229,253
query_5_47.graph,10,60731.9630581081,61315.369999999995,-0.009514856420044359,0.009514856420044359,246,253
query_4_19.graph,1,168479.55083026353,152598.52000000002,0.10407067401612746,0.10407067401612746,1222,1222
query_4_19.graph,2,161806.83572718492,152598.52000000002,0.060343414386882024,0.060343414386882024,1222,1222
query_4_19.graph,3,153999.95365969135,152598.52000000002,0.009183795882760425,0.009183795882760425,1183,1222
query_4_19.graph,4,161068.30620130952,152598.52000000002,0.05550372442216018,0.05550372442216018,1195,1222
query_4_19.graph,5,148367.61164521473,152598.52000000002,-0.027725749599572084,0.027725749599572084,1208,1222
query_4_19.graph,6,158807.64222171332,152598.52000000002,0.04068926895040203,0.04068926895040203,1211,1222
query_4_19.graph,7,154226.8617565494,152598.52000000002,0.010670757203604416,0.010670757203604416,1160,1222
query_4_19.graph,8,161464.37668113806,152598.52000000002,0.058099231114024194,0.058099231114024194,1222,1222
query_4_19.graph,9,152197.6697422772,152598.52000000002,-0.0026268292623205414,0.0026268292623205414,1222,1222
query_4_19.graph,10,149990.53534342736,152598.52000000002,-0.01709049770975932,0.01709049770975932,1210,1222
query_5_5.graph,1,870.8564,776.8600000000001,0.12099528872641127,0.12099528872641127,44,51
query_5_5.graph,2,514.1653888888889,776.8600000000001,-0.33814923037755995,0.33814923037755995,50,51
query_5_5.graph,3,649.6877032258064,776.8600000000001,-0.16370040518779916,0.16370040518779916,49,51
query_5_5.graph,4,1015.7476965517241,776.8600000000001,0.30750417906923244,0.30750417906923244,51,51
query_5_5.graph,5,572.0960903225806,776.8600000000001,-0.26357890698120573,0.26357890698120573,51,51
query_5_5.graph,6,667.6630483870968,776.8600000000001,-0.1405619437387732,0.1405619437387732,50,51
query_5_5.graph,7,579.6834580645161,776.8600000000001,-0.2538121951644878,0.2538121951644878,49,51
query_5_5.graph,8,564.4436903225806,776.8600000000001,-0.2734293304809355,0.2734293304809355,51,51
query_5_5.graph,9,452.5700999999999,776.8600000000001,-0.41743673248719226,0.41743673248719226,47,51
query_5_5.graph,10,796.7293384615385,776.8600000000001,0.02557647254529568,0.02557647254529568,51,51
query_5_56.graph,1,760.4287388888889,907.7400000000002,-0.16228354056349978,0.16228354056349978,77,83
query_5_56.graph,2,1065.2286277777778,907.7400000000002,0.1734953045781584,0.1734953045781584,76,83
query_5_56.graph,3,989.8704666666667,907.7400000000002,0.09047796358722375,0.09047796358722375,75,83
query_5_56.graph,4,753.7841828571428,907.7400000000002,-0.16960342955345956,0.16960342955345956,77,83
query_5_56.graph,5,1120.8853378378376,907.7400000000002,0.23480879749469816,0.23480879749469816,82,83
query_5_56.graph,6,709.0715285714286,907.7400000000002,-0.21886054534180663,0.21886054534180663,72,83
query_5_56.graph,7,1233.9761371428574,907.7400000000002,0.3593938100588903,0.3593938100588903,80,83
query_5_56.graph,8,769.1910333333333,907.7400000000002,-0.15263067251268747,0.15263067251268747,73,83
query_5_56.graph,9,707.6283457142857,907.7400000000002,-0.22045040902209273,0.22045040902209273,72,83
query_5_56.graph,10,1079.5863945945946,907.7400000000002,0.18931235220943696,0.18931235220943696,77,83
query_5_144.graph,1,2875415.8795383596,2692960.4,0.06775275252408453,0.06775275252408453,443,480
query_5_144.graph,2,2700350.0835671313,2692960.4,0.0027440743529431044,0.0027440743529431044,437,480
query_5_144.graph,3,2925393.56869125,2692960.4,0.08631139495822146,0.08631139495822146,427,480
query_5_144.graph,4,3328087.9618182527,2692960.4,0.23584734547832667,0.23584734547832667,416,480
query_5_144.graph,5,2669417.4420243595,2692960.4,-0.008742407788707338,0.008742407788707338,445,480
query_5_144.graph,6,3567681.1554133696,2692960.4,0.3248175336753447,0.3248175336753447,427,480
query_5_144.graph,7,2719383.8061493887,2692960.4,0.009812029226047571,0.009812029226047571,445,480
query_5_144.graph,8,2502680.7739471537,2692960.4,-0.07065815971629075,0.07065815971629075,428,480
query_5_144.graph,9,2810449.44593395,2692960.4,0.0436282115154572,0.0436282115154572,461,480
query_5_144.graph,10,3063196.1429409957,2692960.4,0.13748280254733633,0.13748280254733633,435,480
query_5_70.graph,1,1165.228623076923,1210.9700000000003,-0.03777251040329427,0.03777251040329427,71,71
query_5_70.graph,2,1508.34706,1210.9700000000003,0.2455693039464229,0.2455693039464229,68,71
query_5_70.graph,3,1127.2422900000001,1210.9700000000003,-0.06914102744081199,0.06914102744081199,65,71
query_5_70.graph,4,1337.8620899999999,1210.9700000000003,0.1047854942731856,0.1047854942731856,71,71
query_5_70.graph,5,1268.4821,1210.9700000000003,0.0474925885860093,0.0474925885860093,70,71
query_5_70.graph,6,1858.0944391304347,1210.9700000000003,0.5343851946211998,0.5343851946211998,64,71
query_5_70.graph,7,1539.652557894737,1210.9700000000003,0.2714208922555774,0.2714208922555774,71,71
query_5_70.graph,8,1172.5591049999998,1210.9700000000003,-0.031719113603144944,0.031719113603144944,69,71
query_5_70.graph,9,1024.3488999999997,1210.9700000000003,-0.1541087723064985,0.1541087723064985,69,71
query_5_70.graph,10,969.248115,1210.9700000000003,-0.19961013485057452,0.19961013485057452,68,71
query_5_55.graph,1,48483.07868000001,45833.71,0.05780393252040941,0.05780393252040941,308,342
query_5_55.graph,2,40645.28721162791,45833.71,-0.11320102143972392,0.11320102143972392,312,342
query_5_55.graph,3,48374.31393168111,45833.71,0.055430902968167044,0.055430902968167044,306,342
query_5_55.graph,4,40494.154299065405,45833.71,-0.11649843970594119,0.11649843970594119,312,342
query_5_55.graph,5,39797.84952790697,45833.71,-0.1316904189534958,0.1316904189534958,308,342
query_5_55.graph,6,63140.30325274725,45833.71,0.3775952950949695,0.3775952950949695,328,342
query_5_55.graph,7,39949.47350719619,45833.71,-0.12838228659220055,0.12838228659220055,304,342
query_5_55.graph,8,44571.64726230365,45833.71,-0.02753568798372084,0.02753568798372084,317,342
query_5_55.graph,9,39783.611644186036,45833.71,-0.13200106113631133,0.13200106113631133,304,342
query_5_55.graph,10,42221.197029411785,45833.71,-0.07881781707368253,0.07881781707368253,300,342
query_5_61.graph,1,64416.57961826144,45793.950000000004,0.40666135195285485,0.40666135195285485,238,246
query_5_61.graph,2,50072.40856065385,45793.950000000004,0.09342846731181402,0.09342846731181402,245,246
query_5_61.graph,3,199609.1977762712,45793.950000000004,3.358855215072541,3.358855215072541,226,246
query_5_61.graph,4,45672.90670424184,45793.950000000004,-0.0026432158780398977,0.0026432158780398977,245,246
query_5_61.graph,5,33730.32466384976,45793.950000000004,-0.2634327315322274,0.2634327315322274,222,246
query_5_61.graph,6,42087.66887061613,45793.950000000004,-0.08093385980864011,0.08093385980864011,238,246
query_5_61.graph,7,45990.83902203595,45793.950000000004,0.0042994548851091954,0.0042994548851091954,244,246
query_5_61.graph,8,39858.19289103774,45793.950000000004,-0.12961880573661508,0.12961880573661508,242,246
query_5_61.graph,9,35912.61773055295,45793.950000000004,-0.21577811631115146,0.21577811631115146,219,246
query_5_61.graph,10,42391.018791019196,45793.950000000004,-0.07430962406564202,0.07430962406564202,246,246
query_5_88.graph,1,1227.5983075,930.6700000000001,0.31904789828832975,0.31904789828832975,67,71
query_5_88.graph,2,496.23359736842093,930.6700000000001,-0.46679962030749794,0.46679962030749794,56,71
query_5_88.graph,3,1020.856529032258,930.6700000000001,0.09690494915733601,0.09690494915733601,66,71
query_5_88.graph,4,751.8034925000001,930.6700000000001,-0.19219111768940655,0.19219111768940655,65,71
query_5_88.graph,5,843.6395349999999,930.6700000000001,-0.09351377502229594,0.09351377502229594,67,71
query_5_88.graph,6,915.5366097560978,930.6700000000001,-0.016260747895497037,0.016260747895497037,70,71
query_5_88.graph,7,1233.7928682926831,930.6700000000001,0.3257039211457155,0.3257039211457155,68,71
query_5_88.graph,8,901.6865314285714,930.6700000000001,-0.031142583914200214,0.031142583914200214,65,71
query_5_88.graph,9,870.3193243243243,930.6700000000001,-0.06484648229305318,0.06484648229305318,65,71
query_5_88.graph,10,1056.4710051282052,930.6700000000001,0.13517251563734206,0.13517251563734206,68,71
query_5_8.graph,1,345.4183,1043.6800000000017,-0.6690381151310751,0.6690381151310751,19,23
query_5_8.graph,2,149.9308,1043.6800000000017,-0.8563440901425727,0.8563440901425727,22,23
query_5_8.graph,3,509.367775,1043.6800000000017,-0.5119502385788756,0.5119502385788756,23,23
query_5_8.graph,4,1624.2053666666666,1043.6800000000017,0.5562292720629541,0.5562292720629541,23,23
query_5_8.graph,5,621.1194599999999,1043.6800000000017,-0.4048755748888559,0.4048755748888559,20,23
query_5_8.graph,6,1816.07325,1043.6800000000017,0.7400671182737976,0.7400671182737976,23,23
query_5_8.graph,7,711.6448666666665,1043.6800000000017,-0.3181388292707866,0.3181388292707866,23,23
query_5_8.graph,8,188.90065,1043.6800000000017,-0.8190052027441364,0.8190052027441364,22,23
query_5_8.graph,9,1649.56662,1043.6800000000017,0.5805291085390133,0.5805291085390133,22,23
query_5_8.graph,10,1582.0909000000001,1043.6800000000017,0.5158773762072644,0.5158773762072644,22,23
query_5_89.graph,1,72.58265882352941,205.01,-0.6459555201037539,0.6459555201037539,51,64
query_5_89.graph,2,112.45338823529411,205.01,-0.4514736440403194,0.4514736440403194,51,64
query_5_89.graph,3,136.82992941176474,205.01,-0.33256948728469465,0.33256948728469465,55,64
query_5_89.graph,4,256.4772941176471,205.01,0.25104772507510414,0.25104772507510414,54,64
query_5_89.graph,5,289.1721411764706,205.01,0.41052700442159207,0.41052700442159207,58,64
query_5_89.graph,6,93.03862352941177,205.01,-0.5461751937495157,0.5461751937495157,57,64
query_5_89.graph,7,125.76727058823529,205.01,-0.3865310443966865,0.3865310443966865,53,64
query_5_89.graph,8,362.91665882352936,205.01,0.7702388118800516,0.7702388118800516,55,64
query_5_89.graph,9,264.62169411764705,205.01,0.2907745676681482,0.2907745676681482,54,64
query_5_89.graph,10,111.2915294117647,205.01,-0.45714097160253303,0.45714097160253303,52,64
query_5_75.graph,1,944.1010294117647,921.5500000000003,0.02447076057920283,0.02447076057920283,59,61
query_5_75.graph,2,960.0616081081083,921.5500000000003,0.04179003646910966,0.04179003646910966,61,61
query_5_75.graph,3,1087.286372972973,921.5500000000003,0.17984523137428524,0.17984523137428524,60,61
query_5_75.graph,4,755.8597777777778,921.5500000000003,-0.17979515188782205,0.17979515188782205,59,61
query_5_75.graph,5,653.377925,921.5500000000003,-0.29100111225652453,0.29100111225652453,58,61
query_5_75.graph,6,788.4354216216218,921.5500000000003,-0.14444639832714282,0.14444639832714282,61,61
query_5_75.graph,7,1573.9366870967742,921.5500000000003,0.7079232674263727,0.7079232674263727,61,61
query_5_75.graph,8,723.0638625000001,921.5500000000003,-0.21538292821876195,0.21538292821876195,60,61
query_5_75.graph,9,1281.5294171428573,921.5500000000003,0.39062385887131124,0.39062385887131124,61,61
query_5_75.graph,10,776.2296384615386,921.5500000000003,-0.15769123925827322,0.15769123925827322,60,61
query_5_92.graph,1,961.5961058823531,1202.5299999999997,-0.20035582822686063,0.20035582822686063,57,59
query_5_92.graph,2,1370.652,1202.5299999999997,0.13980690710418894,0.13980690710418894,58,59
query_5_92.graph,3,1235.2572714285711,1202.5299999999997,0.02721534716686602,0.02721534716686602,58,59
query_5_92.graph,4,1081.9253142857144,1202.5299999999997,-0.10029245483629128,0.10029245483629128,57,59
query_5_92.graph,5,1616.169342857143,1202.5299999999997,0.34397424002490024,0.34397424002490024,59,59
query_5_92.graph,6,1036.0270857142855,1202.5299999999997,-0.13846050766776238,0.13846050766776238,55,59
query_5_92.graph,7,873.258942857143,1202.5299999999997,-0.2738152537923019,0.2738152537923019,53,59
query_5_92.graph,8,888.1434250000003,1202.5299999999997,-0.26143761486199885,0.26143761486199885,58,59
query_5_92.graph,9,1347.3498818181818,1202.5299999999997,0.12042932967841305,0.12042932967841305,57,59
query_5_92.graph,10,937.0713862068967,1202.5299999999997,-0.2207500967070286,0.2207500967070286,54,59
query_5_95.graph,1,931.2186351351351,1005.5700000000003,-0.07393952172883558,0.07393952172883558,64,65
query_5_95.graph,2,848.5075342105264,1005.5700000000003,-0.1561924737109041,0.1561924737109041,65,65
query_5_95.graph,3,1067.336435135135,1005.5700000000003,0.06142430177425206,0.06142430177425206,65,65
query_5_95.graph,4,794.6771641025641,1005.5700000000003,-0.20972466948838578,0.20972466948838578,63,65
query_5_95.graph,5,914.6808111111111,1005.5700000000003,-0.09038574031533275,0.09038574031533275,65,65
query_5_95.graph,6,590.3639972222223,1005.5700000000003,-0.412906115713255,0.412906115713255,64,65
query_5_95.graph,7,894.0128948717947,1005.5700000000003,-0.11093917392941864,0.11093917392941864,59,65
query_5_95.graph,8,828.8338351351351,1005.5700000000003,-0.17575719727603756,0.17575719727603756,60,65
query_5_95.graph,9,810.1873368421052,1005.5700000000003,-0.1943004098748919,0.1943004098748919,65,65
query_5_95.graph,10,777.5764305555556,1005.5700000000003,-0.22673067955929932,0.22673067955929932,65,65
query_5_51.graph,1,2841789.458899275,2976278.52,-0.045186987775836615,0.045186987775836615,445,492
query_5_51.graph,2,2492518.506207903,2976278.52,-0.16253855630154435,0.16253855630154435,445,492
query_5_51.graph,3,2895465.7750393245,2976278.52,-0.027152279068517915,0.027152279068517915,461,492
query_5_51.graph,4,3064990.208449618,2976278.52,0.0298062455692547,0.0298062455692547,466,492
query_5_51.graph,5,3308083.499270176,2976278.52,0.11148317505922666,0.11148317505922666,453,492
query_5_51.graph,6,2701879.0290848385,2976278.52,-0.09219550155378656,0.09219550155378656,425,492
query_5_51.graph,7,2522509.5627786806,2976278.52,-0.1524618593898663,0.1524618593898663,456,492
query_5_51.graph,8,2467508.0195845454,2976278.52,-0.17094183121526363,0.17094183121526363,430,492
query_5_51.graph,9,5698296.945195718,2976278.52,0.9145711353639436,0.9145711353639436,436,492
query_5_51.graph,10,2972272.107774214,2976278.52,-0.0013461146861302924,0.0013461146861302924,451,492
query_5_62.graph,1,717.8240214285712,779.4000000000003,-0.07900433483632165,0.07900433483632165,45,47
query_5_62.graph,2,471.9976534883721,779.4000000000003,-0.39440896396154485,0.39440896396154485,42,47
query_5_62.graph,3,636.6547555555554,779.4000000000003,-0.18314760642089406,0.18314760642089406,47,47
query_5_62.graph,4,1574.634597368421,779.4000000000003,1.0203163938522202,1.0203163938522202,43,47
query_5_62.graph,5,968.5055973684209,779.4000000000003,0.24262971178909484,0.24262971178909484,47,47
query_5_62.graph,6,1020.0784500000001,779.4000000000003,0.30879965357967626,0.30879965357967626,46,47
query_5_62.graph,7,1052.377944736842,779.4000000000003,0.35024114028334813,0.35024114028334813,47,47
query_5_62.graph,8,776.6057511627907,779.4000000000003,-0.003585128094957119,0.003585128094957119,47,47
query_5_62.graph,9,735.1437488372094,779.4000000000003,-0.05678246235923905,0.05678246235923905,45,47
query_5_62.graph,10,625.0487116279069,779.4000000000003,-0.19803860453181085,0.19803860453181085,41,47
query_5_45.graph,1,2981341.81798929,2918611.83,0.021493090428983203,0.021493090428983203,463,516
query_5_45.graph,2,2629706.012404982,2918611.83,-0.09898740717261399,0.09898740717261399,480,516
query_5_45.graph,3,2817939.679088092,2918611.83,-0.03449316208380754,0.03449316208380754,472,516
query_5_45.graph,4,3096388.7282723784,2918611.83,0.06091145675661103,0.06091145675661103,492,516
query_5_45.graph,5,2910858.0667495574,2918611.83,-0.0026566613520656794,0.0026566613520656794,467,516
query_5_45.graph,6,2754017.6976705766,2918611.83,-0.05639466359917531,0.05639466359917531,476,516
query_5_45.graph,7,2825499.0651227343,2918611.83,-0.031903099932705264,0.031903099932705264,460,516
query_5_45.graph,8,2587107.160424629,2918611.83,-0.11358299386300057,0.11358299386300057,469,516
query_5_45.graph,9,2735346.6713478356,2918611.83,-0.06279189194274064,0.06279189194274064,470,516
query_5_45.graph,10,2670484.0561776957,2918611.83,-0.0850156815208634,0.0850156815208634,464,516
query_5_38.graph,1,48018.83620485133,50996.149999999994,-0.05838310921802262,0.05838310921802262,515,561
query_5_38.graph,2,43596.10690883699,50996.149999999994,-0.14510983851061313,0.14510983851061313,488,561
query_5_38.graph,3,50293.657391627195,50996.149999999994,-0.013775404778062633,0.013775404778062633,526,561
query_5_38.graph,4,50285.987330686825,50996.149999999994,-0.013925809483915343,0.013925809483915343,528,561
query_5_38.graph,5,42912.27707952293,50996.149999999994,-0.15851927881765712,0.15851927881765712,528,561
query_5_38.graph,6,51070.47933786749,50996.149999999994,0.001457548027988259,0.001457548027988259,516,561
query_5_38.graph,7,50402.09532659373,50996.149999999994,-0.011649010237170188,0.011649010237170188,510,561
query_5_38.graph,8,62903.31624038473,50996.149999999994,0.2334914741678487,0.2334914741678487,490,561
query_5_38.graph,9,48698.09986781253,50996.149999999994,-0.045063208343913454,0.045063208343913454,518,561
query_5_38.graph,10,50149.92452931855,50996.149999999994,-0.01659390896531291,0.01659390896531291,536,561
query_5_105.graph,1,2489636.057676832,2905204.68,-0.1430428035532312,0.1430428035532312,455,481
query_5_105.graph,2,2614342.0706687225,2905204.68,-0.10011776840841302,0.10011776840841302,434,481
query_5_105.graph,3,2553155.4224862065,2905204.68,-0.12117881398765805,0.12117881398765805,425,481
query_5_105.graph,4,2693662.5303006032,2905204.68,-0.07281488672921899,0.07281488672921899,437,481
query_5_105.graph,5,4948452.862776058,2905204.68,0.7033061032987381,0.7033061032987381,418,481
query_5_105.graph,6,2573570.57151358,2905204.68,-0.11415171907489148,0.11415171907489148,428,481
query_5_105.graph,7,2995089.3285343177,2905204.68,0.030939179312597518,0.030939179312597518,431,481
query_5_105.graph,8,13040708.832683213,2905204.68,3.488740129897909,3.488740129897909,421,481
query_5_105.graph,9,2863543.34157536,2905204.68,-0.014340242087397518,0.014340242087397518,433,481
query_5_105.graph,10,2664217.0933013842,2905204.68,-0.08295029550159472,0.08295029550159472,430,481
query_6_101.graph,1,1106.1143181818184,959.2800000000021,0.15306721518411298,0.15306721518411298,18,18
query_6_101.graph,2,519.5526000000001,959.2800000000021,-0.45839316987740913,0.45839316987740913,17,18
query_6_101.graph,3,687.330076923077,959.2800000000021,-0.2834937902144573,0.2834937902144573,17,18
query_6_101.graph,4,180.599625,959.2800000000021,-0.8117341912684518,0.8117341912684518,16,18
query_6_101.graph,5,1221.0021,959.2800000000021,0.272831811358516,0.272831811358516,18,18
query_6_101.graph,6,225.37992500000001,959.2800000000021,-0.7650530345675928,0.7650530345675928,18,18
query_6_101.graph,7,1307.8619999999999,959.2800000000021,0.36337878408806285,0.36337878408806285,17,18
query_6_101.graph,8,421.936875,959.2800000000021,-0.5601525362772088,0.5601525362772088,16,18
query_6_101.graph,9,440.46787500000005,959.2800000000021,-0.5408349230673014,0.5408349230673014,16,18
query_6_101.graph,10,608.238375,959.2800000000021,-0.36594281648736693,0.36594281648736693,18,18
query_5_59.graph,1,3332313.2028051466,2998339.3600000003,0.11138627176783157,0.11138627176783157,456,484
query_5_59.graph,2,2903323.7989136986,2998339.3600000003,-0.03168939525454573,0.03168939525454573,443,484
query_5_59.graph,3,2619749.3305993876,2998339.3600000003,-0.1262665709063075,0.1262665709063075,449,484
query_5_59.graph,4,2654420.5277806083,2998339.3600000003,-0.11470310426081723,0.11470310426081723,444,484
query_5_59.graph,5,2657800.6999743357,2998339.3600000003,-0.11357575615645607,0.11357575615645607,434,484
query_5_59.graph,6,2914889.902955454,2998339.3600000003,-0.02783189193252177,0.02783189193252177,432,484
query_5_59.graph,7,2719531.500389096,2998339.3600000003,-0.09298742608338519,0.09298742608338519,425,484
query_5_59.graph,8,2668958.4746155217,2998339.3600000003,-0.10985443801947707,0.10985443801947707,419,484
query_5_59.graph,9,3000751.7260848875,2998339.3600000003,0.0008045673938947258,0.0008045673938947258,439,484
query_5_59.graph,10,3279189.684053103,2998339.3600000003,0.09366862463930788,0.09366862463930788,431,484
query_5_99.graph,1,51162.87559534681,48019.9,0.06545152312576269,0.06545152312576269,257,257
query_5_99.graph,2,45589.70952951541,48019.9,-0.05060798690719045,0.05060798690719045,229,257
query_5_99.graph,3,40731.53913071182,48019.9,-0.15177792684466612,0.15177792684466612,247,257
query_5_99.graph,4,44750.62281314791,48019.9,-0.06808171584805661,0.06808171584805661,234,257
query_5_99.graph,5,43888.8278566651,48019.9,-0.08602833707139962,0.08602833707139962,245,257
query_5_99.graph,6,37569.434273684215,48019.9,-0.21762781110155968,0.21762781110155968,242,257
query_5_99.graph,7,54876.67386555024,48019.9,0.1427902570715524,0.1427902570715524,253,257
query_5_99.graph,8,47541.088269230764,48019.9,-0.009971110534783232,0.009971110534783232,234,257
query_5_99.graph,9,39610.82987894735,48019.9,-0.17511636053079355,0.17511636053079355,246,257
query_5_99.graph,10,45169.79415323053,48019.9,-0.05935259854288482,0.05935259854288482,246,257
query_6_107.graph,1,12155.550149999997,10049.67,0.20954719408696973,0.20954719408696973,45,53
query_6_107.graph,2,9809.809592682928,10049.67,-0.0238674909043851,0.0238674909043851,44,53
query_6_107.graph,3,10943.950975609752,10049.67,0.08898610358447115,0.08898610358447115,51,53
query_6_107.graph,4,6840.04448108108,10049.67,-0.31937621025555263,0.31937621025555263,44,53
query_6_107.graph,5,13498.162970731708,10049.67,0.34314489637288664,0.34314489637288664,47,53
query_6_107.graph,6,8822.232056410257,10049.67,-0.12213713918862437,0.12213713918862437,51,53
query_6_107.graph,7,10389.981804878049,10049.67,0.033862983050990614,0.033862983050990614,51,53
query_6_107.graph,8,10357.397768571429,10049.67,0.030620683920111694,0.030620683920111694,53,53
query_6_107.graph,9,5649.189373333334,10049.67,-0.4378731467467754,0.4378731467467754,53,53
query_6_107.graph,10,10621.448522499999,10049.67,0.05689525352573755,0.05689525352573755,50,53
query_5_97.graph,1,56508961.378405884,53409501.66,0.058031990976751005,0.058031990976751005,325,369
query_5_97.graph,2,49874604.09994407,53409501.66,-0.06618480701353031,0.06618480701353031,305,369
query_5_97.graph,3,45591997.350050986,53409501.66,-0.14636916778805628,0.14636916778805628,306,369
query_5_97.graph,4,46702409.49559167,53409501.66,-0.12557863218992496,0.12557863218992496,315,369
query_5_97.graph,5,47353377.123588294,53409501.66,-0.11339039586934245,0.11339039586934245,318,369
query_5_97.graph,6,44803124.971255325,53409501.66,-0.16113943064910208,0.16113943064910208,308,369
query_5_97.graph,7,42700004.44017346,53409501.66,-0.20051670371317476,0.20051670371317476,305,369
query_5_97.graph,8,53925398.92117053,53409501.66,0.009659278688924886,0.009659278688924886,308,369
query_5_97.graph,9,62531233.90640764,53409501.66,0.17078856688227043,0.17078856688227043,313,369
query_5_97.graph,10,55112338.780404136,53409501.66,0.03188266258772165,0.03188266258772165,328,369
query_5_130.graph,1,4453065.512960701,2852543.92,0.5610856967841888,0.5610856967841888,474,498
query_5_130.graph,2,2340598.1389146997,2852543.92,-0.17946990316114056,0.17946990316114056,428,498
query_5_130.graph,3,2874817.4733108943,2852543.92,0.007808312136660952,0.007808312136660952,446,498
query_5_130.graph,4,2960161.1843893793,2852543.92,0.03772676859936986,0.03772676859936986,455,498
query_5_130.graph,5,2420486.704860553,2852543.92,-0.1514638257136622,0.1514638257136622,442,498
query_5_130.graph,6,2697612.089388117,2852543.92,-0.05431356534972571,0.05431356534972571,455,498
query_5_130.graph,7,2712543.188987219,2852543.92,-0.04907925519785902,0.04907925519785902,453,498
query_5_130.graph,8,2366678.3373813084,2852543.92,-0.17032711721356827,0.17032711721356827,435,498
query_5_130.graph,9,2489601.954019485,2852543.92,-0.1272344882880944,0.1272344882880944,466,498
query_5_130.graph,10,2611342.5796258217,2852543.92,-0.08455657375967002,0.08455657375967002,427,498
query_5_93.graph,1,42163.23042466367,53213.12,-0.2076534804825639,0.2076534804825639,249,261
query_5_93.graph,2,49624.75144229664,53213.12,-0.06743390648214878,0.06743390648214878,248,261
query_5_93.graph,3,59650.45631926495,53213.12,0.12097272851629351,0.12097272851629351,257,261
query_5_93.graph,4,47694.56576950673,53213.12,-0.1037066466031925,0.1037066466031925,252,261
query_5_93.graph,5,43221.69401548269,53213.12,-0.18776245378052092,0.18776245378052092,215,261
query_5_93.graph,6,42863.853973373785,53213.12,-0.1944871119495759,0.1944871119495759,241,261
query_5_93.graph,7,44957.97443782197,53213.12,-0.15513365053915337,0.15513365053915337,249,261
query_5_93.graph,8,54185.59215201793,53213.12,0.01827504480131836,0.01827504480131836,261,261
query_5_93.graph,9,51956.40107149322,53213.12,-0.02361671197830121,0.02361671197830121,254,261
query_5_93.graph,10,53684.94489678819,53213.12,0.008866702361902255,0.008866702361902255,246,261
query_5_48.graph,1,2523527.172607805,2830628.03,-0.10849212759056678,0.10849212759056678,465,505
query_5_48.graph,2,2480818.0919175213,2830628.03,-0.12358032718360332,0.12358032718360332,466,505
query_5_48.graph,3,2825638.7050694623,2830628.03,-0.0017626211842950953,0.0017626211842950953,446,505
query_5_48.graph,4,2507322.3577592047,2830628.03,-0.11421694013282103,0.11421694013282103,469,505
query_5_48.graph,5,2583625.495442548,2830628.03,-0.08726068276708614,0.08726068276708614,499,505
query_5_48.graph,6,2545066.749796975,2830628.03,-0.10088265825694691,0.10088265825694691,469,505
query_5_48.graph,7,2461426.28861082,2830628.03,-0.13043103420027238,0.13043103420027238,437,505
query_5_48.graph,8,2584519.187285885,2830628.03,-0.08694496066094372,0.08694496066094372,452,505
query_5_48.graph,9,2528014.4015968544,2830628.03,-0.10690688610299157,0.10690688610299157,453,505
query_5_48.graph,10,2715794.6247229553,2830628.03,-0.04056817217239402,0.04056817217239402,475,505
query_5_90.graph,1,70537.35932621527,68893.98000000003,0.02385374347969512,0.02385374347969512,235,236
query_5_90.graph,2,65053.61341714071,68893.98000000003,-0.055743137250298405,0.055743137250298405,236,236
query_5_90.graph,3,55681.39817180851,68893.98000000003,-0.19178136940544743,0.19178136940544743,233,236
query_5_90.graph,4,65350.14254060912,68893.98000000003,-0.05143900032181189,0.05143900032181189,232,236
query_5_90.graph,5,63362.776445685304,68893.98000000003,-0.08028573112360063,0.08028573112360063,234,236
query_5_90.graph,6,64490.13208455971,68893.98000000003,-0.06392210052954288,0.06392210052954288,213,236
query_5_90.graph,7,68032.54647247985,68893.98000000003,-0.012503756170280387,0.012503756170280387,235,236
query_5_90.graph,8,69291.27245656567,68893.98000000003,0.005766722383663173,0.005766722383663173,233,236
query_5_90.graph,9,49462.688201530604,68893.98000000003,-0.28204629487902155,0.28204629487902155,220,236
query_5_90.graph,10,71425.05893508771,68893.98000000003,0.036738753300182204,0.036738753300182204,236,236
query_6_0.graph,1,717398.2216105926,904255.2599999999,-0.20664191479450986,0.20664191479450986,422,475
query_6_0.graph,2,793297.0126685714,904255.2599999999,-0.12270677566357586,0.12270677566357586,427,475
query_6_0.graph,3,879950.0054815194,904255.2599999999,-0.026878753813918105,0.026878753813918105,423,475
query_6_0.graph,4,871671.261901502,904255.2599999999,-0.0360340708424498,0.0360340708424498,423,475
query_6_0.graph,5,864109.1691208744,904255.2599999999,-0.04439685634687436,0.04439685634687436,441,475
query_6_0.graph,6,675945.9316723446,904255.2599999999,-0.2524832737247836,0.2524832737247836,446,475
query_6_0.graph,7,852614.4271129972,904255.2599999999,-0.05710868951650084,0.05710868951650084,439,475
query_6_0.graph,8,710200.1527101123,904255.2599999999,-0.2146021326874976,0.2146021326874976,302,475
query_6_0.graph,9,671552.7284210814,904255.2599999999,-0.2573416399910336,0.2573416399910336,414,475
query_6_0.graph,10,798768.0341375223,904255.2599999999,-0.11665646917273953,0.11665646917273953,419,475
query_6_113.graph,1,11606.547577575755,14077.74,-0.17553900146076323,0.17553900146076323,254,297
query_6_113.graph,2,12429.087670570569,14077.74,-0.11711058233988063,0.11711058233988063,272,297
query_6_113.graph,3,13222.12859008746,14077.74,-0.06077761131492263,0.06077761131492263,271,297
query_6_113.graph,4,12176.12811507122,14077.74,-0.13507934405158636,0.13507934405158636,257,297
query_6_113.graph,5,10921.57017947977,14077.74,-0.2241957743586847,0.2241957743586847,270,297
query_6_113.graph,6,13342.972506686929,14077.74,-0.0521935689473645,0.0521935689473645,278,297
query_6_113.graph,7,13730.628080923072,14077.74,-0.02465679285715802,0.02465679285715802,282,297
query_6_113.graph,8,14157.457619571853,14077.74,0.005662671676835415,0.005662671676835415,266,297
query_6_113.graph,9,10599.305577219535,14077.74,-0.24708755970634952,0.24708755970634952,269,297
query_6_113.graph,10,12934.437096209916,14077.74,-0.08121352601980739,0.08121352601980739,277,297
query_6_115.graph,1,3187.1624271255064,3247.340000000002,-0.018531343460954364,0.018531343460954364,210,242
query_6_115.graph,2,3591.158546464647,3247.340000000002,0.10587697822360599,0.10587697822360599,220,242
query_6_115.graph,3,2724.34597368421,3247.340000000002,-0.16105305459723698,0.16105305459723698,209,242
query_6_115.graph,4,3099.700447474747,3247.340000000002,-0.045464765785305825,0.045464765785305825,214,242
query_6_115.graph,5,2858.422913360324,3247.340000000002,-0.11976481878696958,0.11976481878696958,219,242
query_6_115.graph,6,2731.3336858585863,3247.340000000002,-0.15890122812560908,0.15890122812560908,210,242
query_6_115.graph,7,3002.438611740891,3247.340000000002,-0.07541599840457452,0.07541599840457452,214,242
query_6_115.graph,8,3430.717933468561,3247.340000000002,0.056470198214094935,0.056470198214094935,217,242
query_6_115.graph,9,3495.534539271256,3247.340000000002,0.07643010564685374,0.07643010564685374,220,242
query_6_115.graph,10,3562.917874089069,3247.340000000002,0.09718042277342892,0.09718042277342892,222,242
query_5_115.graph,1,38545.18845176155,41524.99,-0.07175923578159683,0.07175923578159683,823,905
query_5_115.graph,2,37207.800091249796,41524.99,-0.1039660673909904,0.1039660673909904,855,905
query_5_115.graph,3,41903.185120736336,41524.99,0.009107651097238992,0.009107651097238992,870,905
query_5_115.graph,4,44058.66509971901,41524.99,0.061015670316091834,0.061015670316091834,885,905
query_5_115.graph,5,35339.063381106,41524.99,-0.14896876841858347,0.14896876841858347,867,905
query_5_115.graph,6,43956.77417787708,41524.99,0.058561944936701534,0.058561944936701534,905,905
query_5_115.graph,7,45060.13693841833,41524.99,0.08513299915107335,0.08513299915107335,871,905
query_5_115.graph,8,36124.580794107475,41524.99,-0.13005202905268667,0.13005202905268667,846,905
query_5_115.graph,9,36601.7359237903,41524.99,-0.11856123448096431,0.11856123448096431,831,905
query_5_115.graph,10,41745.36929308132,41524.99,0.005307148612951419,0.005307148612951419,889,905
query_6_126.graph,1,6639.65801764706,7037.969999999999,-0.05659472580203377,0.05659472580203377,54,55
query_6_126.graph,2,6974.337364705883,7037.969999999999,-0.009041333693396814,0.009041333693396814,54,55
query_6_126.graph,3,7946.99205625,7037.969999999999,0.12915969466337607,0.12915969466337607,54,55
query_6_126.graph,4,9956.373866666667,7037.969999999999,0.41466557354843336,0.41466557354843336,55,55
query_6_126.graph,5,3068.8224250000003,7037.969999999999,-0.5639619911707494,0.5639619911707494,55,55
query_6_126.graph,6,8669.882748387095,7037.969999999999,0.2318726491285266,0.2318726491285266,55,55
query_6_126.graph,7,3651.2722676470585,7037.969999999999,-0.48120377500230055,0.48120377500230055,53,55
query_6_126.graph,8,4177.32064117647,7037.969999999999,-0.40645944197311573,0.40645944197311573,52,55
query_6_126.graph,9,10749.190419047618,7037.969999999999,0.5273140435448885,0.5273140435448885,55,55
query_6_126.graph,10,7535.477748148148,7037.969999999999,0.07068909758753569,0.07068909758753569,55,55
query_5_86.graph,1,1834140.7128707154,2822930.24,-0.3502706206191212,0.3502706206191212,409,508
query_5_86.graph,2,2479256.8870115248,2822930.24,-0.12174348062829758,0.12174348062829758,487,508
query_5_86.graph,3,3409381.481079911,2822930.24,0.20774556620992185,0.20774556620992185,453,508
query_5_86.graph,4,2522113.820555256,2822930.24,-0.10656176166958486,0.10656176166958486,467,508
query_5_86.graph,5,2707911.1357979258,2822930.24,-0.04074457900953105,0.04074457900953105,468,508
query_5_86.graph,6,2591640.8186775586,2822930.24,-0.08193238998440204,0.08193238998440204,452,508
query_5_86.graph,7,2715464.0611557714,2822930.24,-0.03806901683983124,0.03806901683983124,439,508
query_5_86.graph,8,2519942.50587876,2822930.24,-0.10733093217395276,0.10733093217395276,440,508
query_5_86.graph,9,2785590.497638381,2822930.24,-0.013227299007438149,0.013227299007438149,474,508
query_5_86.graph,10,2816903.2554339664,2822930.24,-0.002135010097179666,0.002135010097179666,465,508
query_6_110.graph,1,10702.989402997282,10761.460000000001,-0.005433333116762867,0.005433333116762867,279,310
query_6_110.graph,2,9877.569720754718,10761.460000000001,-0.08213479204915343,0.08213479204915343,271,310
query_6_110.graph,3,12061.443679670332,10761.460000000001,0.1207999360375201,0.1207999360375201,275,310
query_6_110.graph,4,8982.394224523163,10761.460000000001,-0.16531825379426565,0.16531825379426565,273,310
query_6_110.graph,5,11021.158939779007,10761.460000000001,0.024132314739729155,0.024132314739729155,299,310
query_6_110.graph,6,9284.594487534625,10761.460000000001,-0.13723653783644374,0.13723653783644374,274,310
query_6_110.graph,7,11352.451097993313,10761.460000000001,0.05491737161995788,0.05491737161995788,279,310
query_6_110.graph,8,10379.774235612536,10761.460000000001,-0.03546784213177994,0.03546784213177994,273,310
query_6_110.graph,9,12583.918049390244,10761.460000000001,0.16935044588654727,0.16935044588654727,288,310
query_6_110.graph,10,8767.651105516703,10761.460000000001,-0.18527308510957602,0.18527308510957602,244,310
query_6_10.graph,1,44483849.307123736,54792812.42,-0.18814444189970758,0.18814444189970758,302,346
query_6_10.graph,2,64331552.36137078,54792812.42,0.1740874308158168,0.1740874308158168,321,346
query_6_10.graph,3,114512608.22242615,54792812.42,1.0899202498433487,1.0899202498433487,308,346
query_6_10.graph,4,44378885.663310334,54792812.42,-0.19006008811638342,0.19006008811638342,302,346
query_6_10.graph,5,51147761.32246328,54792812.42,-0.06652425631297282,0.06652425631297282,313,346
query_6_10.graph,6,56947867.15711281,54792812.42,0.03933097502996918,0.03933097502996918,321,346
query_6_10.graph,7,62118042.49580126,54792812.42,0.13368961643457214,0.13368961643457214,330,346
query_6_10.graph,8,53212411.91972431,54792812.42,-0.028843208269025256,0.028843208269025256,317,346
query_6_10.graph,9,52974498.00588199,54792812.42,-0.03318527255327213,0.03318527255327213,297,346
query_6_10.graph,10,47163829.26838708,54792812.42,-0.13923328288270628,0.13923328288270628,313,346
query_6_133.graph,1,12257.314461538464,11331.499999999996,0.08170272792997117,0.08170272792997117,63,69
query_6_133.graph,2,11734.857941463415,11331.499999999996,0.0355961648028433,0.0355961648028433,64,69
query_6_133.graph,3,6513.573749999999,11331.499999999996,-0.42517991881039574,0.42517991881039574,67,69
query_6_133.graph,4,9423.341413513514,11331.499999999996,-0.1683941743358323,0.1683941743358323,68,69
query_6_133.graph,5,12423.780120000001,11331.499999999996,0.09639325067290343,0.09639325067290343,67,69
query_6_133.graph,6,14707.298144999997,11331.499999999996,0.29791273397167206,0.29791273397167206,68,69
query_6_133.graph,7,9642.344894594595,11331.499999999996,-0.14906721134937143,0.14906721134937143,69,69
query_6_133.graph,8,12825.880276923077,11331.499999999996,0.13187841653118132,0.13187841653118132,69,69
query_6_133.graph,9,6730.937557142857,11331.499999999996,-0.405997656343568,0.405997656343568,63,69
query_6_133.graph,10,10555.561111711711,11331.499999999996,-0.06847627306960995,0.06847627306960995,62,69
query_6_132.graph,1,7071.341810964082,6261.179999999999,0.12939442899965858,0.12939442899965858,228,229
query_6_132.graph,2,5047.491692592594,6261.179999999999,-0.19384338214320718,0.19384338214320718,229,229
query_6_132.graph,3,5540.485806722688,6261.179999999999,-0.11510517079485204,0.11510517079485204,227,229
query_6_132.graph,4,4762.149414084505,6261.179999999999,-0.2394166252871654,0.2394166252871654,228,229
query_6_132.graph,5,10063.465762118125,6261.179999999999,0.6072794205114892,0.6072794205114892,229,229
query_6_132.graph,6,5472.697082125601,6261.179999999999,-0.12593199969884247,0.12593199969884247,229,229
query_6_132.graph,7,4111.494197188049,6261.179999999999,-0.3433355697826848,0.3433355697826848,212,229
query_6_132.graph,8,5976.580591472869,6261.179999999999,-0.04545459618268928,0.04545459618268928,229,229
query_6_132.graph,9,4815.160697683399,6261.179999999999,-0.23094996507313326,0.23094996507313326,229,229
query_6_132.graph,10,4399.938497632058,6261.179999999999,-0.29726688936717066,0.29726688936717066,229,229
query_5_131.graph,1,40100.376909558574,42617.24,-0.05905739298090219,0.05905739298090219,913,920
query_5_131.graph,2,38257.406755783406,42617.24,-0.10230210225290498,0.10230210225290498,880,920
query_5_131.graph,3,38324.47693366438,42617.24,-0.10072832183256396,0.10072832183256396,868,920
query_5_131.graph,4,40115.297467671924,42617.24,-0.05870728682401943,0.05870728682401943,848,920
query_5_131.graph,5,45597.09766934917,42617.24,0.06992141371306942,0.06992141371306942,920,920
query_5_131.graph,6,41665.143417128784,42617.24,-0.022340643900712817,0.022340643900712817,864,920
query_5_131.graph,7,36453.858441571676,42617.24,-0.1446217905811902,0.1446217905811902,884,920
query_5_131.graph,8,45431.48891984826,42617.24,0.06603545700867221,0.06603545700867221,916,920
query_5_131.graph,9,41456.930222442024,42617.24,-0.027226300378860143,0.027226300378860143,900,920
query_5_131.graph,10,37890.99970198255,42617.24,-0.11089972738772959,0.11089972738772959,861,920
query_6_109.graph,1,9580.459787500009,10638.510000000002,-0.09945473684754658,0.09945473684754658,402,468
query_6_109.graph,2,10087.47746621563,10638.510000000002,-0.05179602536298517,0.05179602536298517,391,468
query_6_109.graph,3,9612.805105633806,10638.510000000002,-0.09641433756853127,0.09641433756853127,389,468
query_6_109.graph,4,11398.932040281701,10638.510000000002,0.07147824651024429,0.07147824651024429,405,468
query_6_109.graph,5,12831.71667889782,10638.510000000002,0.20615731703949303,0.20615731703949303,391,468
query_6_109.graph,6,10865.24155066965,10638.510000000002,0.02131234079487152,0.02131234079487152,387,468
query_6_109.graph,7,9723.499068,10638.510000000002,-0.08600931258230736,0.08600931258230736,394,468
query_6_109.graph,8,10101.899802439028,10638.510000000002,-0.050440352790096954,0.050440352790096954,415,468
query_6_109.graph,9,9767.74534697544,10638.510000000002,-0.08185024529041772,0.08185024529041772,382,468
query_6_109.graph,10,12637.629823411999,10638.510000000002,0.1879135164052105,0.1879135164052105,412,468
query_6_134.graph,1,59343569.57871087,60372718.32,-0.017046586105900083,0.017046586105900083,282,350
query_6_134.graph,2,53608610.4698691,60372718.32,-0.11203914679273465,0.11203914679273465,290,350
query_6_134.graph,3,42531507.90378033,60372718.32,-0.29551775889324683,0.29551775889324683,291,350
query_6_134.graph,4,64084294.59568236,60372718.32,0.061477706801431296,0.061477706801431296,299,350
query_6_134.graph,5,59731092.75403715,60372718.32,-0.01062774020811808,0.01062774020811808,278,350
query_6_134.graph,6,61097342.448728375,60372718.32,0.012002509558830393,0.012002509558830393,309,350
query_6_134.graph,7,62419271.6167158,60372718.32,0.03389864418342454,0.03389864418342454,298,350
query_6_134.graph,8,57249898.180522636,60372718.32,-0.051725683825020866,0.051725683825020866,297,350
query_6_134.graph,9,73482736.62791389,60372718.32,0.21715136692082432,0.21715136692082432,315,350
query_6_134.graph,10,64010712.98151432,60372718.32,0.060258917649383716,0.060258917649383716,283,350
query_6_136.graph,1,594460.0883643563,554800.5599999999,0.07148429764446593,0.07148429764446593,249,272
query_6_136.graph,2,558960.8561848485,554800.5599999999,0.007498723838433993,0.007498723838433993,262,272
query_6_136.graph,3,554078.2875626866,554800.5599999999,-0.0013018596039509024,0.0013018596039509024,257,272
query_6_136.graph,4,685298.402344256,554800.5599999999,0.2352157725728614,0.2352157725728614,215,272
query_6_136.graph,5,502487.1745772276,554800.5599999999,-0.09429223615558774,0.09429223615558774,246,272
query_6_136.graph,6,444079.2088718919,554800.5599999999,-0.1995696455823838,0.1995696455823838,248,272
query_6_136.graph,7,613673.5997117648,554800.5599999999,0.10611568184387721,0.10611568184387721,263,272
query_6_136.graph,8,634430.3921253331,554800.5599999999,0.1435287522516797,0.1435287522516797,240,272
query_6_136.graph,9,420365.1133465346,554800.5599999999,-0.24231310554817276,0.24231310554817276,245,272
query_6_136.graph,10,409661.6297641792,554800.5599999999,-0.261605594334333,0.261605594334333,236,272
query_6_140.graph,1,4538.394912500001,6466.280000000001,-0.29814438711283764,0.29814438711283764,40,42
query_6_140.graph,2,4309.884433333334,6466.280000000001,-0.3334831721896773,0.3334831721896773,39,42
query_6_140.graph,3,6610.214975,6466.280000000001,0.022259316794199943,0.022259316794199943,39,42
query_6_140.graph,4,4712.3311,6466.280000000001,-0.2712454301391217,0.2712454301391217,37,42
query_6_140.graph,5,4982.712391666668,6466.280000000001,-0.22943138996970944,0.22943138996970944,38,42
query_6_140.graph,6,5419.2721083333345,6466.280000000001,-0.16191811855760438,0.16191811855760438,35,42
query_6_140.graph,7,8239.041930555557,6466.280000000001,0.27415483563278364,0.27415483563278364,42,42
query_6_140.graph,8,4037.4084888888897,6466.280000000001,-0.3756211471063905,0.3756211471063905,39,42
query_6_140.graph,9,2948.6251608695648,6466.280000000001,-0.5439997709858583,0.5439997709858583,37,42
query_6_140.graph,10,3080.0110733333336,6466.280000000001,-0.5236811469139392,0.5236811469139392,42,42
query_6_21.graph,1,1026963.4279734801,660832.1299999999,0.5540458481845916,0.5540458481845916,207,224
query_6_21.graph,2,553113.9978344827,660832.1299999999,-0.16300377550576606,0.16300377550576606,208,224
query_6_21.graph,3,630990.7278770335,660832.1299999999,-0.04515731116609958,0.04515731116609958,211,224
query_6_21.graph,4,617532.4805998696,660832.1299999999,-0.06552291790069328,0.06552291790069328,214,224
query_6_21.graph,5,556172.8997725771,660832.1299999999,-0.15837491168509438,0.15837491168509438,197,224
query_6_21.graph,6,816711.1054046702,660832.1299999999,0.23588286393500627,0.23588286393500627,212,224
query_6_21.graph,7,1082457.1676779408,660832.1299999999,0.6380213953548853,0.6380213953548853,202,224
query_6_21.graph,8,573874.3969036844,660832.1299999999,-0.13158823421057864,0.13158823421057864,212,224
query_6_21.graph,9,680850.1011242425,660832.1299999999,0.03029206694935164,0.03029206694935164,199,224
query_6_21.graph,10,553267.9569868932,660832.1299999999,-0.1627707978017151,0.1627707978017151,193,224
query_6_141.graph,1,16569.731032473454,17227.550000000003,-0.038184127605292065,0.038184127605292065,467,524
query_6_141.graph,2,17816.711047133835,17227.550000000003,0.03419877156843728,0.03419877156843728,468,524
query_6_141.graph,3,15226.747807339458,17227.550000000003,-0.11613968281389662,0.11613968281389662,456,524
query_6_141.graph,4,17386.218003082977,17227.550000000003,0.009210131625389209,0.009210131625389209,464,524
query_6_141.graph,5,16277.444860180998,17227.550000000003,-0.05515033419255812,0.05515033419255812,470,524
query_6_141.graph,6,15974.050399611137,17227.550000000003,-0.07276133869231935,0.07276133869231935,464,524
query_6_141.graph,7,16261.119477990074,17227.550000000003,-0.05609796645546978,0.05609796645546978,469,524
query_6_141.graph,8,17651.559278009827,17227.550000000003,0.024612279634064264,0.024612279634064264,476,524
query_6_141.graph,9,16802.91473378996,17227.550000000003,-0.02464861609515244,0.02464861609515244,479,524
query_6_141.graph,10,16972.04807744772,17227.550000000003,-0.014831007459115465,0.014831007459115465,440,524
query_6_106.graph,1,596628.320267857,707705.6,-0.15695407770143818,0.15695407770143818,410,465
query_6_106.graph,2,579996.2727709801,707705.6,-0.18045544253008572,0.18045544253008572,423,465
query_6_106.graph,3,537266.9983448035,707705.6,-0.24083263104770758,0.24083263104770758,409,465
query_6_106.graph,4,617049.9119,707705.6,-0.1280980228219192,0.1280980228219192,419,465
query_6_106.graph,5,648084.7247707042,707705.6,-0.08424530656433382,0.08424530656433382,414,465
query_6_106.graph,6,1068713.1061791396,707705.6,0.510109721018372,0.510109721018372,413,465
query_6_106.graph,7,714456.984628072,707705.6,0.009539820835206096,0.009539820835206096,444,465
query_6_106.graph,8,1383392.3636914468,707705.6,0.9547568419572303,0.9547568419572303,364,465
query_6_106.graph,9,729456.7192874164,707705.6,0.030734699976115006,0.030734699976115006,446,465
query_6_106.graph,10,667600.0782987961,707705.6,-0.056669781475805606,0.056669781475805606,449,465
query_5_139.graph,1,2185760.045986656,2392426.38,-0.08638357098091512,0.08638357098091512,889,936
query_5_139.graph,2,2110295.356047891,2392426.38,-0.11792673175260207,0.11792673175260207,918,936
query_5_139.graph,3,2535064.9217479164,2392426.38,0.05962086981665722,0.05962086981665722,888,936
query_5_139.graph,4,2250928.8963189004,2392426.38,-0.05914392386908035,0.05914392386908035,900,936
query_5_139.graph,5,2182363.913220785,2392426.38,-0.08780310589085497,0.08780310589085497,909,936
query_5_139.graph,6,2359949.7057166253,2392426.38,-0.013574785228448521,0.013574785228448521,906,936
query_5_139.graph,7,2212430.6363146068,2392426.38,-0.07523564578208385,0.07523564578208385,906,936
query_5_139.graph,8,2352957.984199762,2392426.38,-0.01649722479662593,0.01649722479662593,851,936
query_5_139.graph,9,2304738.1026415504,2392426.38,-0.03665244543844628,0.03665244543844628,900,936
query_5_139.graph,10,2087161.5514044052,2392426.38,-0.1275963311337483,0.1275963311337483,888,936
query_6_42.graph,1,11390.88716744186,8649.320000000002,0.3169690990091543,0.3169690990091543,64,65
query_6_42.graph,2,5632.710559523811,8649.320000000002,-0.34876839340852117,0.34876839340852117,63,65
query_6_42.graph,3,7585.089371428573,8649.320000000002,-0.12304211528437245,0.12304211528437245,64,65
query_6_42.graph,4,6132.2955048780495,8649.320000000002,-0.29100836772393107,0.29100836772393107,64,65
query_6_42.graph,5,7555.182955,8649.320000000002,-0.12649977628299117,0.12649977628299117,65,65
query_6_42.graph,6,7715.298597560974,8649.320000000002,-0.10798784210076952,0.10798784210076952,65,65
query_6_42.graph,7,9929.2041,8649.320000000002,0.14797511249439252,0.14797511249439252,64,65
query_6_42.graph,8,5599.674472093023,8649.320000000002,-0.3525878945289315,0.3525878945289315,63,65
query_6_42.graph,9,6836.757692682927,8649.320000000002,-0.20956124959153716,0.20956124959153716,65,65
query_6_42.graph,10,8109.712849999999,8649.320000000002,-0.062387233909718044,0.062387233909718044,65,65
query_6_15.graph,1,42962655.43096767,52947190.64,-0.1885753538260312,0.1885753538260312,307,376
query_6_15.graph,2,53756838.80638715,52947190.64,0.015291617111323817,0.015291617111323817,336,376
query_6_15.graph,3,55341476.648393676,52947190.64,0.04522026531441433,0.04522026531441433,334,376
query_6_15.graph,4,66658038.05996458,52947190.64,0.25895325614512305,0.25895325614512305,339,376
query_6_15.graph,5,47181792.597350344,52947190.64,-0.10888959306358499,0.10888959306358499,334,376
query_6_15.graph,6,52901558.62278285,52947190.64,-0.0008618401971015665,0.0008618401971015665,342,376
query_6_15.graph,7,51410384.593481705,52947190.64,-0.029025261358386133,0.029025261358386133,323,376
query_6_15.graph,8,46549780.03790932,52947190.64,-0.12082625205911546,0.12082625205911546,320,376
query_6_15.graph,9,45421554.3769779,52947190.64,-0.14213476054264362,0.14213476054264362,318,376
query_6_15.graph,10,48515991.731432684,52947190.64,-0.08369091645855295,0.08369091645855295,347,376
query_6_37.graph,1,9988.038938099548,9416.91,0.060649293462457184,0.060649293462457184,264,300
query_6_37.graph,2,10092.773904444439,9416.91,0.07177130337280901,0.07177130337280901,291,300
query_6_37.graph,3,8699.192453735634,9416.91,-0.07621582305282373,0.07621582305282373,265,300
query_6_37.graph,4,8542.34834985836,9416.91,-0.09287140369204343,0.09287140369204343,267,300
query_6_37.graph,5,7854.525321714285,9416.91,-0.16591266968524862,0.16591266968524862,268,300
query_6_37.graph,6,9184.06950615243,9416.91,-0.02472578519361134,0.02472578519361134,282,300
query_6_37.graph,7,8813.489531518626,9416.91,-0.06407839391917029,0.06407839391917029,268,300
query_6_37.graph,8,9230.082396000005,9416.91,-0.01983958687085197,0.01983958687085197,273,300
query_6_37.graph,9,8373.86316281437,9416.91,-0.11076317360850105,0.11076317360850105,270,300
query_6_37.graph,10,10004.273296951218,9416.91,0.0623732516240697,0.0623732516240697,297,300
query_6_137.graph,1,741825.2662215602,821074.1399999999,-0.09651853580291753,0.09651853580291753,448,478
query_6_137.graph,2,909813.1648930794,821074.1399999999,0.1080767504053648,0.1080767504053648,435,478
query_6_137.graph,3,802761.6250373237,821074.1399999999,-0.022303119865248973,0.022303119865248973,434,478
query_6_137.graph,4,752438.9733351541,821074.1399999999,-0.08359192345875828,0.08359192345875828,430,478
query_6_137.graph,5,773614.952604049,821074.1399999999,-0.05780134227093171,0.05780134227093171,443,478
query_6_137.graph,6,828242.7487739433,821074.1399999999,0.008730769153128348,0.008730769153128348,449,478
query_6_137.graph,7,749695.3260275564,821074.1399999999,-0.08693345764420674,0.08693345764420674,442,478
query_6_137.graph,8,767996.5452442142,821074.1399999999,-0.06464409505795136,0.06464409505795136,436,478
query_6_137.graph,9,818454.5317774303,821074.1399999999,-0.0031904648982972136,0.0031904648982972136,434,478
query_6_137.graph,10,808090.800625301,821074.1399999999,-0.01581262731608979,0.01581262731608979,433,478
query_6_51.graph,1,12863.65958235294,11382.599999999999,0.13011610549021685,0.13011610549021685,59,59
query_6_51.graph,2,10582.09315625,11382.599999999999,-0.07032724015163476,0.07032724015163476,59,59
query_6_51.graph,3,8082.073046875,11382.599999999999,-0.28996248248423023,0.28996248248423023,59,59
query_6_51.graph,4,10722.32286857143,11382.599999999999,-0.058007584508686004,0.058007584508686004,59,59
query_6_51.graph,5,12321.69004411765,11382.599999999999,0.08250224413733691,0.08250224413733691,59,59
query_6_51.graph,6,10366.807790909092,11382.599999999999,-0.089240789370698,0.089240789370698,59,59
query_6_51.graph,7,13943.5196,11382.599999999999,0.22498546904925074,0.22498546904925074,59,59
query_6_51.graph,8,8453.447805882353,11382.599999999999,-0.2573359508475784,0.2573359508475784,58,59
query_6_51.graph,9,14304.355058333334,11382.599999999999,0.256686087390696,0.256686087390696,59,59
query_6_51.graph,10,7517.82257826087,11382.599999999999,-0.33953379910909015,0.33953379910909015,59,59
query_6_57.graph,1,685.4178769230771,560.1599999999996,0.22361089139366883,0.22361089139366883,23,23
query_6_57.graph,2,625.1115363636364,560.1599999999996,0.11595175729012579,0.11595175729012579,23,23
query_6_57.graph,3,647.9895666666666,560.1599999999996,0.15679371370084808,0.15679371370084808,23,23
query_6_57.graph,4,511.8127,560.1599999999996,-0.08630980434161606,0.08630980434161606,23,23
query_6_57.graph,5,416.68975384615385,560.1599999999996,-0.25612368993474344,0.25612368993474344,19,23
query_6_57.graph,6,460.38204285714284,560.1599999999996,-0.1781240308891332,0.1781240308891332,23,23
query_6_57.graph,7,270.08658461538465,560.1599999999996,-0.5178402873904155,0.5178402873904155,20,23
query_6_57.graph,8,431.44449999999995,560.1599999999996,-0.22978345472722037,0.22978345472722037,23,23
query_6_57.graph,9,263.3694230769231,560.1599999999996,-0.5298317925647613,0.5298317925647613,22,23
query_6_57.graph,10,1508.7835,560.1599999999996,1.6934866823764656,1.6934866823764656,23,23
query_6_130.graph,1,13266.922614917115,12887.26,0.02946030536491971,0.02946030536491971,370,445
query_6_130.graph,2,12503.215236749375,12887.26,-0.029800342605846835,0.029800342605846835,323,445
query_6_130.graph,3,14288.600013333324,12887.26,0.10873839849070503,0.10873839849070503,373,445
query_6_130.graph,4,12194.71023033707,12887.26,-0.05373910122577879,0.05373910122577879,376,445
query_6_130.graph,5,11312.074060060972,12887.26,-0.12222814934586783,0.12222814934586783,369,445
query_6_130.graph,6,10760.787839739993,12887.26,-0.16500576230013264,0.16500576230013264,356,445
query_6_130.graph,7,14102.415368550717,12887.26,0.0942912122942128,0.0942912122942128,332,445
query_6_130.graph,8,12906.50820330881,12887.26,0.0014935838424000932,0.0014935838424000932,373,445
query_6_130.graph,9,10875.20312975048,12887.26,-0.1561275919202003,0.1561275919202003,356,445
query_6_130.graph,10,10647.544543828715,12887.26,-0.17379299061020612,0.17379299061020612,371,445
query_6_119.graph,1,49866749.243437275,55901019.20999999,-0.10794561623096958,0.10794561623096958,314,374
query_6_119.graph,2,59368983.593446694,55901019.20999999,0.06203758773017729,0.06203758773017729,349,374
query_6_119.graph,3,66047565.96176327,55901019.20999999,0.18150915484467922,0.18150915484467922,335,374
query_6_119.graph,4,85978926.9633094,55901019.20999999,0.5380565180809593,0.5380565180809593,328,374
query_6_119.graph,5,62623045.43419035,55901019.20999999,0.12024872389067046,0.12024872389067046,320,374
query_6_119.graph,6,63192115.58920002,55901019.20999999,0.1304286841678146,0.1304286841678146,318,374
query_6_119.graph,7,61407130.2279765,55901019.20999999,0.09849750676802567,0.09849750676802567,330,374
query_6_119.graph,8,57376368.1888031,55901019.20999999,0.026392166004357648,0.026392166004357648,306,374
query_6_119.graph,9,47040662.39026864,55901019.20999999,-0.1585008099127171,0.1585008099127171,305,374
query_6_119.graph,10,53957650.342726365,55901019.20999999,-0.03476446216433178,0.03476446216433178,325,374
query_6_61.graph,1,11660.32623537549,11848.049999999997,-0.01584427518659245,0.01584427518659245,347,393
query_6_61.graph,2,12447.234421499017,11848.049999999997,0.05057240824431192,0.05057240824431192,343,393
query_6_61.graph,3,10032.384497740386,11848.049999999997,-0.15324593517579785,0.15324593517579785,331,393
query_6_61.graph,4,11830.022718962076,11848.049999999997,-0.0015215399190517478,0.0015215399190517478,351,393
query_6_61.graph,5,12068.03775557769,11848.049999999997,0.018567422958013596,0.018567422958013596,355,393
query_6_61.graph,6,11072.402786507939,11848.049999999997,-0.06546623397876096,0.06546623397876096,332,393
query_6_61.graph,7,10620.830995608778,11848.049999999997,-0.10357982996283945,0.10357982996283945,335,393
query_6_61.graph,8,12248.83330408163,11848.049999999997,0.03382694233073233,0.03382694233073233,339,393
query_6_61.graph,9,12693.988731651136,11848.049999999997,0.0713989839383813,0.0713989839383813,348,393
query_6_61.graph,10,10685.27412956878,11848.049999999997,-0.09814069576269668,0.09814069576269668,333,393
query_6_129.graph,1,508968.2069088277,536846.56,-0.051929834646183344,0.051929834646183344,825,871
query_6_129.graph,2,543188.9947260118,536846.56,0.011814241160475547,0.011814241160475547,849,871
query_6_129.graph,3,502099.24528115254,536846.56,-0.06472485307319005,0.06472485307319005,825,871
query_6_129.graph,4,484908.23357100587,536846.56,-0.09674706014507047,0.09674706014507047,812,871
query_6_129.graph,5,493248.8834323723,536846.56,-0.0812106844228037,0.0812106844228037,770,871
query_6_129.graph,6,504973.8552053224,536846.56,-0.05937023196102378,0.05937023196102378,851,871
query_6_129.graph,7,505010.62118750066,536846.56,-0.05930174687623852,0.05930174687623852,826,871
query_6_129.graph,8,541700.9954683441,536846.56,0.009042500837378967,0.009042500837378967,826,871
query_6_129.graph,9,512204.3430706644,536846.56,-0.04590178789510296,0.04590178789510296,800,871
query_6_129.graph,10,485754.59590836073,536846.56,-0.09517051593222339,0.09517051593222339,826,871
query_6_127.graph,1,903322.2025852097,803982.86,0.12355903033207669,0.12355903033207669,767,768
query_6_127.graph,2,729745.7074405218,803982.86,-0.09233673533721626,0.09233673533721626,768,768
query_6_127.graph,3,742196.1928108496,803982.86,-0.07685072687886699,0.07685072687886699,759,768
query_6_127.graph,4,810993.328455078,803982.86,0.008719674017774414,0.008719674017774414,768,768
query_6_127.graph,5,751570.7716013204,803982.86,-0.06519055443380924,0.06519055443380924,686,768
query_6_127.graph,6,793146.5859578687,803982.86,-0.013478240123342011,0.013478240123342011,768,768
query_6_127.graph,7,1005593.3373276559,803982.86,0.2507646460618027,0.2507646460618027,757,768
query_6_127.graph,8,861167.4333796735,803982.86,0.07112660757428775,0.07112660757428775,766,768
query_6_127.graph,9,749257.2445190524,803982.86,-0.06806813702589075,0.06806813702589075,682,768
query_6_127.graph,10,932099.334885316,803982.86,0.15935224649604593,0.15935224649604593,768,768
query_6_81.graph,1,48886655.046368405,51116628.81999999,-0.04362521209065109,0.04362521209065109,315,364
query_6_81.graph,2,52307812.06023874,51116628.81999999,0.023303243342461658,0.023303243342461658,326,364
query_6_81.graph,3,49033734.74811528,51116628.81999999,-0.04074787637540285,0.04074787637540285,323,364
query_6_81.graph,4,43205192.07896021,51116628.81999999,-0.1547722712485362,0.1547722712485362,306,364
query_6_81.graph,5,53631355.54721195,51116628.81999999,0.049195864149555235,0.049195864149555235,319,364
query_6_81.graph,6,52822572.75578372,51116628.81999999,0.03337356111239202,0.03337356111239202,343,364
query_6_81.graph,7,54019850.10216523,51116628.81999999,0.056796024095965354,0.056796024095965354,329,364
query_6_81.graph,8,54689526.403683804,51116628.81999999,0.06989697220184975,0.06989697220184975,336,364
query_6_81.graph,9,50230595.734602526,51116628.81999999,-0.017333558684347272,0.017333558684347272,317,364
query_6_81.graph,10,51231221.38012317,51116628.81999999,0.002241786337802067,0.002241786337802067,327,364
query_6_40.graph,1,11221.266953993214,13404.49,-0.1628725185372055,0.1628725185372055,386,494
query_6_40.graph,2,11820.524009734518,13404.49,-0.1181668224800408,0.1181668224800408,426,494
query_6_40.graph,3,10927.560701754384,13404.49,-0.18478355373800984,0.18478355373800984,427,494
query_6_40.graph,4,12557.429490449478,13404.49,-0.06319229672673272,0.06319229672673272,384,494
query_6_40.graph,5,11893.484148444442,13404.49,-0.11272385980783733,0.11272385980783733,439,494
query_6_40.graph,6,14928.877748834362,13404.49,0.11372217434862217,0.11372217434862217,438,494
query_6_40.graph,7,14465.585280073747,13404.49,0.07915969052711046,0.07915969052711046,435,494
query_6_40.graph,8,18602.731819681616,13404.49,0.38779855255079576,0.38779855255079576,454,494
query_6_40.graph,9,14053.29598820834,13404.49,0.04840213900031556,0.04840213900031556,383,494
query_6_40.graph,10,14867.743435763685,13404.49,0.1091614403654063,0.1091614403654063,434,494
query_6_83.graph,1,792277.118655046,912692.27,-0.13193401029347387,0.13193401029347387,422,476
query_6_83.graph,2,1030848.8948047563,912692.27,0.1294594341253227,0.1294594341253227,444,476
query_6_83.graph,3,798736.683142687,912692.27,-0.12485652678674823,0.12485652678674823,429,476
query_6_83.graph,4,860979.4435672616,912692.27,-0.056659652034456755,0.056659652034456755,447,476
query_6_83.graph,5,899190.0372287885,912692.27,-0.014793850254929339,0.014793850254929339,431,476
query_6_83.graph,6,993976.252972889,912692.27,0.0890595720427094,0.0890595720427094,445,476
query_6_83.graph,7,904267.3984359269,912692.27,-0.009230790969746177,0.009230790969746177,426,476
query_6_83.graph,8,981232.8337226151,912692.27,0.07509712306713755,0.07509712306713755,443,476
query_6_83.graph,9,814079.6194610765,912692.27,-0.10804589211533869,0.10804589211533869,446,476
query_6_83.graph,10,797084.3854508265,912692.27,-0.12666688252895308,0.12666688252895308,469,476
query_7_103.graph,1,0.0,77.52,-1.0,1.0,5,29
query_7_103.graph,2,139.1236,77.52,0.7946800825593398,0.7946800825593398,6,29
query_7_103.graph,3,302.2453,77.52,2.898933178534572,2.898933178534572,6,29
query_7_103.graph,4,384.7571,77.52,3.963326883384933,3.963326883384933,7,29
query_7_103.graph,5,0.0,77.52,-1.0,1.0,5,29
query_7_103.graph,6,302.2453,77.52,2.898933178534572,2.898933178534572,6,29
query_7_103.graph,7,0.0,77.52,-1.0,1.0,5,29
query_7_103.graph,8,82.5118,77.52,0.06439370485036117,0.06439370485036117,6,29
query_7_103.graph,9,0.0,77.52,-1.0,1.0,5,29
query_7_103.graph,10,0.0,77.52,-1.0,1.0,5,29
query_6_73.graph,1,6411.659759268292,6283.429999999999,0.020407605283784908,0.020407605283784908,269,275
query_6_73.graph,2,6004.875555938041,6283.429999999999,-0.044331590240037494,0.044331590240037494,237,275
query_6_73.graph,3,5949.775803866215,6283.429999999999,-0.05310064664264333,0.05310064664264333,243,275
query_6_73.graph,4,8487.41149550173,6283.429999999999,0.3507608894348678,0.3507608894348678,238,275
query_6_73.graph,5,6770.634252023926,6283.429999999999,0.07753794536167771,0.07753794536167771,237,275
query_6_73.graph,6,4428.319604545113,6283.429999999999,-0.2952384916287579,0.2952384916287579,248,275
query_6_73.graph,7,6583.472489166665,6283.429999999999,0.047751385655074585,0.047751385655074585,247,275
query_6_73.graph,8,6663.474131660232,6283.429999999999,0.06048354667120232,0.06048354667120232,256,275
query_6_73.graph,9,5594.061642654868,6283.429999999999,-0.10971210904635395,0.10971210904635395,230,275
query_6_73.graph,10,6189.018741250002,6283.429999999999,-0.015025433362032778,0.015025433362032778,249,275
query_7_113.graph,1,70311.73866666667,71746.22,-0.019993824529478062,0.019993824529478062,47,47
query_7_113.graph,2,79632.05059459459,71746.22,0.10991283714451563,0.10991283714451563,47,47
query_7_113.graph,3,88358.9412,71746.22,0.23154838261862437,0.23154838261862437,47,47
query_7_113.graph,4,71012.90412972972,71746.22,-0.010220968718216494,0.010220968718216494,47,47
query_7_113.graph,5,72515.33418918919,71746.22,0.010719926278892315,0.010719926278892315,46,47
query_7_113.graph,6,48218.2472,71746.22,-0.32793327369720665,0.32793327369720665,46,47
query_7_113.graph,7,45233.839582857145,71746.22,-0.36952999638368206,0.36952999638368206,42,47
query_7_113.graph,8,167160.27972413792,71746.22,1.3298827411972074,1.3298827411972074,47,47
query_7_113.graph,9,119059.44092903225,71746.22,0.6594524551820604,0.6594524551820604,47,47
query_7_113.graph,10,75431.57446206897,71746.22,0.05136653139453151,0.05136653139453151,47,47
query_6_71.graph,1,685200.4262653235,694089.2000000001,-0.012806385309952286,0.012806385309952286,411,438
query_6_71.graph,2,684916.0832119199,694089.2000000001,-0.013216048871067572,0.013216048871067572,407,438
query_6_71.graph,3,694021.6842916037,694089.2000000001,-9.72723799712309e-05,9.72723799712309e-05,410,438
query_6_71.graph,4,760196.3395500638,694089.2000000001,0.0952430027006093,0.0952430027006093,425,438
query_6_71.graph,5,673528.1552444372,694089.2000000001,-0.029623058182670043,0.029623058182670043,435,438
query_6_71.graph,6,670440.056652627,694089.2000000001,-0.03407219612028701,0.03407219612028701,413,438
query_6_71.graph,7,620769.1552030372,694089.2000000001,-0.10563490225314393,0.10563490225314393,419,438
query_6_71.graph,8,724672.041822142,694089.2000000001,0.044061832142240354,0.044061832142240354,382,438
query_6_71.graph,9,758624.3570847899,694089.2000000001,0.09297818938083148,0.09297818938083148,434,438
query_6_71.graph,10,690619.3392218568,694089.2000000001,-0.00499915684921085,0.00499915684921085,424,438
query_6_8.graph,1,57615439.078878805,58247134.37999998,-0.010845088051886673,0.010845088051886673,340,376
query_6_8.graph,2,55040666.270171925,58247134.37999998,-0.055049370994104105,0.055049370994104105,324,376
query_6_8.graph,3,64675120.56705175,58247134.37999998,0.11035712323830506,0.11035712323830506,350,376
query_6_8.graph,4,52523807.67979285,58247134.37999998,-0.09825936951453389,0.09825936951453389,331,376
query_6_8.graph,5,63760320.50846604,58247134.37999998,0.09465162856765529,0.09465162856765529,332,376
query_6_8.graph,6,59135164.92038556,58247134.37999998,0.015245909517061153,0.015245909517061153,342,376
query_6_8.graph,7,56742373.653267816,58247134.37999998,-0.025834073087874457,0.025834073087874457,343,376
query_6_8.graph,8,46375766.30921309,58247134.37999998,-0.20381033671697854,0.20381033671697854,311,376
query_6_8.graph,9,51215999.83350466,58247134.37999998,-0.12071211092763326,0.12071211092763326,344,376
query_6_8.graph,10,53245829.35391504,58247134.37999998,-0.08586353782585757,0.08586353782585757,323,376
query_6_64.graph,1,46741066.42451515,55072599.66,-0.15128273019470617,0.15128273019470617,301,361
query_6_64.graph,2,55797399.044322744,55072599.66,0.013160798451451704,0.013160798451451704,326,361
query_6_64.graph,3,56027097.80333473,55072599.66,0.017331634047193834,0.017331634047193834,314,361
query_6_64.graph,4,51704306.67282405,55072599.66,-0.06116095858867522,0.06116095858867522,332,361
query_6_64.graph,5,53190679.41824747,55072599.66,-0.034171625334029634,0.034171625334029634,332,361
query_6_64.graph,6,49884954.14160909,55072599.66,-0.0941964888241651,0.0941964888241651,304,361
query_6_64.graph,7,48582415.47234895,55072599.66,-0.11784779051142119,0.11784779051142119,330,361
query_6_64.graph,8,53768991.93794212,55072599.66,-0.023670713387527038,0.023670713387527038,321,361
query_6_64.graph,9,53431630.48094005,55072599.66,-0.029796472096664143,0.029796472096664143,314,361
query_6_64.graph,10,48896709.78032766,55072599.66,-0.11214088163261283,0.11214088163261283,308,361
query_6_23.graph,1,68858017.02083425,53517609.58,0.2866422390914691,0.2866422390914691,327,355
query_6_23.graph,2,59411332.66061073,53517609.58,0.11012679988631753,0.11012679988631753,323,355
query_6_23.graph,3,48982337.20790501,53517609.58,-0.08474355277986594,0.08474355277986594,300,355
query_6_23.graph,4,63638445.03849737,53517609.58,0.18911224806048924,0.18911224806048924,340,355
query_6_23.graph,5,50147717.30767339,53517609.58,-0.06296791465039517,0.06296791465039517,322,355
query_6_23.graph,6,57811647.91801969,53517609.58,0.08023598908319723,0.08023598908319723,315,355
query_6_23.graph,7,55739849.462230235,53517609.58,0.04152352654892695,0.04152352654892695,323,355
query_6_23.graph,8,45212831.049486026,53517609.58,-0.15517842810411211,0.15517842810411211,290,355
query_6_23.graph,9,56441763.188102715,53517609.58,0.05463909227357379,0.05463909227357379,329,355
query_6_23.graph,10,43457881.72282094,53517609.58,-0.18797042573699835,0.18797042573699835,304,355
query_6_84.graph,1,7943.81638182548,8006.9299999999985,-0.00788237416519424,0.00788237416519424,389,447
query_6_84.graph,2,9738.105336726678,8006.9299999999985,0.2162096255027432,0.2162096255027432,401,447
query_6_84.graph,3,6667.693830795261,8006.9299999999985,-0.1672596324939443,0.1672596324939443,361,447
query_6_84.graph,4,7872.000791108221,8006.9299999999985,-0.016851553453293252,0.016851553453293252,377,447
query_6_84.graph,5,7887.292979381443,8006.9299999999985,-0.014941684343257112,0.014941684343257112,355,447
query_6_84.graph,6,7475.459513851304,8006.9299999999985,-0.06637631228806727,0.06637631228806727,368,447
query_6_84.graph,7,6430.785149484539,8006.9299999999985,-0.19684758709211392,0.19684758709211392,347,447
query_6_84.graph,8,8389.857325170067,8006.9299999999985,0.047824487683802513,0.047824487683802513,379,447
query_6_84.graph,9,7147.633011270983,8006.9299999999985,-0.10731915837018878,0.10731915837018878,396,447
query_6_84.graph,10,6770.741501568321,8006.9299999999985,-0.1543898221205478,0.1543898221205478,372,447
query_6_148.graph,1,44935755.582800806,43909570.8,0.023370412511543124,0.023370412511543124,614,679
query_6_148.graph,2,48104385.33979702,43909570.8,0.09553303444717394,0.09553303444717394,633,679
query_6_148.graph,3,42674120.85664179,43909570.8,-0.02813623364677036,0.02813623364677036,616,679
query_6_148.graph,4,41322009.961233504,43909570.8,-0.05892931294073348,0.05892931294073348,647,679
query_6_148.graph,5,42077077.8728283,43909570.8,-0.04173333726076183,0.04173333726076183,664,679
query_6_148.graph,6,42981275.63502406,43909570.8,-0.021141066698286512,0.021141066698286512,603,679
query_6_148.graph,7,43682697.86372798,43909570.8,-0.0051668219966298935,0.0051668219966298935,621,679
query_6_148.graph,8,86950917.59595564,43909570.8,0.9802269986195276,0.9802269986195276,651,679
query_6_148.graph,9,39111274.51244869,43909570.8,-0.1092767749747922,0.1092767749747922,615,679
query_6_148.graph,10,44764407.47497897,43909570.8,0.019468117301182353,0.019468117301182353,679,679
query_7_146.graph,1,142302.13158000002,155524.63,-0.08501867787758112,0.08501867787758112,50,56
query_7_146.graph,2,164038.63060000003,155524.63,0.054743744447423075,0.054743744447423075,53,56
query_7_146.graph,3,105791.97686,155524.63,-0.3197734862960292,0.3197734862960292,54,56
query_7_146.graph,4,226505.90923999998,155524.63,0.45639895905876754,0.45639895905876754,50,56
query_7_146.graph,5,220836.2371333333,155524.63,0.4199438194023243,0.4199438194023243,56,56
query_7_146.graph,6,150183.8832,155524.63,-0.034340199362634674,0.034340199362634674,52,56
query_7_146.graph,7,237874.55041999999,155524.63,0.5294976134648254,0.5294976134648254,49,56
query_7_146.graph,8,168991.9213625,155524.63,0.08659265971248407,0.08659265971248407,52,56
query_7_146.graph,9,202035.7245235294,155524.63,0.2990593485001662,0.2990593485001662,52,56
query_7_146.graph,10,219780.11373055555,155524.63,0.41315310462757915,0.41315310462757915,54,56
query_7_15.graph,1,175232.27079000004,179927.19,-0.02609343929619511,0.02609343929619511,52,52
query_7_15.graph,2,145298.01396666668,179927.19,-0.1924621622409227,0.1924621622409227,49,52
query_7_15.graph,3,153943.29989666666,179927.19,-0.14441336022272863,0.14441336022272863,51,52
query_7_15.graph,4,123122.25117407406,179927.19,-0.31571069845489136,0.31571069845489136,50,52
query_7_15.graph,5,112830.68095357143,179927.19,-0.3729092253729332,0.3729092253729332,50,52
query_7_15.graph,6,136914.10888965515,179927.19,-0.23905826079062786,0.23905826079062786,48,52
query_7_15.graph,7,234445.14427307693,179927.19,0.30300008727461886,0.30300008727461886,49,52
query_7_15.graph,8,158124.08398333332,179927.19,-0.12117738301068719,0.12117738301068719,52,52
query_7_15.graph,9,174457.9796766667,179927.19,-0.030396797300804305,0.030396797300804305,48,52
query_7_15.graph,10,287876.95740666665,179927.19,0.5999636153194337,0.5999636153194337,51,52
query_7_125.graph,1,102593.11472234264,108469.7,-0.05417720596311559,0.05417720596311559,311,379
query_7_125.graph,2,107855.45054607722,108469.7,-0.005662866716905987,0.005662866716905987,324,379
query_7_125.graph,3,113910.81465071304,108469.7,0.05016253064877147,0.05016253064877147,340,379
query_7_125.graph,4,112007.88043430472,108469.7,0.03261906720775227,0.03261906720775227,334,379
query_7_125.graph,5,97771.26071455164,108469.7,-0.09863067091960574,0.09863067091960574,325,379
query_7_125.graph,6,100821.71617672415,108469.7,-0.07050802042667997,0.07050802042667997,322,379
query_7_125.graph,7,96337.24282888885,108469.7,-0.11185111760345193,0.11185111760345193,316,379
query_7_125.graph,8,111627.50297668396,108469.7,0.029112304880385593,0.029112304880385593,331,379
query_7_125.graph,9,105839.34021313988,108469.7,-0.024249719385783505,0.024249719385783505,315,379
query_7_125.graph,10,114516.25660150452,108469.7,0.05574419954609,0.05574419954609,325,379
query_7_140.graph,1,168062.18950813948,153671.37999999998,0.09364664720352939,0.09364664720352939,246,272
query_7_140.graph,2,158833.55844204544,153671.37999999998,0.03359232175858293,0.03359232175858293,238,272
query_7_140.graph,3,179439.421332153,153671.37999999998,0.16768276130632148,0.16768276130632148,228,272
query_7_140.graph,4,156499.5459250712,153671.37999999998,0.01840398599317079,0.01840398599317079,231,272
query_7_140.graph,5,137726.54628912194,153671.37999999998,-0.1037592927900956,0.1037592927900956,233,272
query_7_140.graph,6,144696.77070509744,153671.37999999998,-0.05840130605258139,0.05840130605258139,234,272
query_7_140.graph,7,126869.93184606738,153671.37999999998,-0.17440754520414015,0.17440754520414015,236,272
query_7_140.graph,8,138845.1072183673,153671.37999999998,-0.09648037768407278,0.09648037768407278,236,272
query_7_140.graph,9,152877.41323361965,153671.37999999998,-0.005166653454796376,0.005166653454796376,238,272
query_7_140.graph,10,168974.23171372546,153671.37999999998,0.09958166389685238,0.09958166389685238,247,272
query_7_32.graph,1,0.0,6.32,-1.0,1.0,5,25
query_7_32.graph,2,0.0,6.32,-1.0,1.0,5,25
query_7_32.graph,3,31.398000000000003,6.32,3.968037974683545,3.968037974683545,6,25
query_7_32.graph,4,0.0,6.32,-1.0,1.0,5,25
query_7_32.graph,5,0.0,6.32,-1.0,1.0,5,25
query_7_32.graph,6,0.0,6.32,-1.0,1.0,5,25
query_7_32.graph,7,0.0,6.32,-1.0,1.0,5,25
query_7_32.graph,8,0.0,6.32,-1.0,1.0,5,25
query_7_32.graph,9,31.398000000000003,6.32,3.968037974683545,3.968037974683545,6,25
query_7_32.graph,10,0.0,6.32,-1.0,1.0,5,25
query_7_33.graph,1,0.0,51.34,-1.0,1.0,4,34
query_7_33.graph,2,0.0,51.34,-1.0,1.0,6,34
query_7_33.graph,3,0.0,51.34,-1.0,1.0,4,34
query_7_33.graph,4,0.0,51.34,-1.0,1.0,4,34
query_7_33.graph,5,0.0,51.34,-1.0,1.0,5,34
query_7_33.graph,6,0.0,51.34,-1.0,1.0,6,34
query_7_33.graph,7,0.0,51.34,-1.0,1.0,5,34
query_7_33.graph,8,0.0,51.34,-1.0,1.0,5,34
query_7_33.graph,9,0.0,51.34,-1.0,1.0,5,34
query_7_33.graph,10,0.0,51.34,-1.0,1.0,5,34
query_7_149.graph,1,50807.58665342106,71000.43000000001,-0.2844045218680922,0.2844045218680922,304,352
query_7_149.graph,2,71049.62861423493,71000.43000000001,0.0006929340320181111,0.0006929340320181111,313,352
query_7_149.graph,3,72452.6691237884,71000.43000000001,0.020453948290008746,0.020453948290008746,320,352
query_7_149.graph,4,74175.18541349353,71000.43000000001,0.044714594172084864,0.044714594172084864,313,352
query_7_149.graph,5,71286.09142375694,71000.43000000001,0.004023375967679775,0.004023375967679775,310,352
query_7_149.graph,6,56236.07057611112,71000.43000000001,-0.20794746487998578,0.20794746487998578,295,352
query_7_149.graph,7,69868.7348087287,71000.43000000001,-0.015939272357523918,0.015939272357523918,325,352
query_7_149.graph,8,62497.52017394498,71000.43000000001,-0.11975856802634899,0.11975856802634899,302,352
query_7_149.graph,9,71058.06535772815,71000.43000000001,0.0008117606855076885,0.0008117606855076885,308,352
query_7_149.graph,10,73321.96482899082,71000.43000000001,0.032697475620792914,0.032697475620792914,308,352
query_7_35.graph,1,0.0,2212.9799999999977,-1.0,1.0,54,60
query_7_35.graph,2,0.0,2212.9799999999977,-1.0,1.0,59,60
query_7_35.graph,3,7362.827368421053,2212.9799999999977,2.3271097653033737,2.3271097653033737,56,60
query_7_35.graph,4,0.0,2212.9799999999977,-1.0,1.0,53,60
query_7_35.graph,5,0.0,2212.9799999999977,-1.0,1.0,57,60
query_7_35.graph,6,0.0,2212.9799999999977,-1.0,1.0,55,60
query_7_35.graph,7,0.0,2212.9799999999977,-1.0,1.0,57,60
query_7_35.graph,8,7362.827368421053,2212.9799999999977,2.3271097653033737,2.3271097653033737,59,60
query_7_35.graph,9,0.0,2212.9799999999977,-1.0,1.0,58,60
query_7_35.graph,10,0.0,2212.9799999999977,-1.0,1.0,51,60
query_7_44.graph,1,127298.37502820512,140654.78,-0.09495877048611416,0.09495877048611416,64,65
query_7_44.graph,2,133299.37936754388,140654.78,-0.052293996922508565,0.052293996922508565,65,65
query_7_44.graph,3,89568.17039024389,140654.78,-0.3632056415697789,0.3632056415697789,59,65
query_7_44.graph,4,104682.85530614034,140654.78,-0.255746194291155,0.255746194291155,64,65
query_7_44.graph,5,125392.79036585368,140654.78,-0.10850672571629856,0.10850672571629856,64,65
query_7_44.graph,6,218120.47621463417,140654.78,0.5507505412516671,0.5507505412516671,64,65
query_7_44.graph,7,188727.52941351352,140654.78,0.34177828448854364,0.34177828448854364,65,65
query_7_44.graph,8,91751.90801000001,140654.78,-0.3476801285388238,0.3476801285388238,64,65
query_7_44.graph,9,239681.47338518518,140654.78,0.7040407257057683,0.7040407257057683,63,65
query_7_44.graph,10,129196.5067585366,140654.78,-0.08146380266254295,0.08146380266254295,63,65
query_7_55.graph,1,138435.630846875,184236.34999999998,-0.24859762556696868,0.24859762556696868,50,57
query_7_55.graph,2,86301.10163870966,184236.34999999998,-0.5315739720271832,0.5315739720271832,54,57
query_7_55.graph,3,228070.41055151515,184236.34999999998,0.237922975305987,0.237922975305987,50,57
query_7_55.graph,4,213716.0150521739,184236.34999999998,0.16001003630485475,0.16001003630485475,50,57
query_7_55.graph,5,235304.32700000005,184236.34999999998,0.2771873031570593,0.2771873031570593,51,57
query_7_55.graph,6,211939.0353290322,184236.34999999998,0.15036492705718618,0.15036492705718618,51,57
query_7_55.graph,7,254066.823775,184236.34999999998,0.3790265806666276,0.3790265806666276,51,57
query_7_55.graph,8,63411.808070370374,184236.34999999998,-0.6558127206147409,0.6558127206147409,50,57
query_7_55.graph,9,166833.79893939392,184236.34999999998,-0.09445774984472965,0.09445774984472965,54,57
query_7_55.graph,10,176158.65861818183,184236.34999999998,-0.04384417831670107,0.04384417831670107,49,57
query_7_17.graph,1,194996.65822142857,393805.38,-0.5048400348887347,0.5048400348887347,61,63
query_7_17.graph,2,464436.536,393805.38,0.17935548772848156,0.17935548772848156,58,63
query_7_17.graph,3,481755.0618833334,393805.38,0.22333286021469123,0.22333286021469123,63,63
query_7_17.graph,4,562899.709154054,393805.38,0.4293855232603832,0.4293855232603832,56,63
query_7_17.graph,5,480866.3306027027,393805.38,0.22107608230924292,0.22107608230924292,61,63
query_7_17.graph,6,278495.2997470589,393805.38,-0.29280981446454873,0.29280981446454873,59,63
query_7_17.graph,7,389898.3755756757,393805.38,-0.009921155532015122,0.009921155532015122,57,63
query_7_17.graph,8,351451.8296500001,393805.38,-0.10754944574398632,0.10754944574398632,61,63
query_7_17.graph,9,371442.9386135135,393805.38,-0.056785515186426654,0.056785515186426654,59,63
query_7_17.graph,10,418216.99166176474,393805.38,0.06198902529407987,0.06198902529407987,63,63
query_4_61.graph,1,171051.3637156127,161522.08,0.05899678678984769,0.05899678678984769,1213,1240
query_4_61.graph,2,174896.25799733866,161522.08,0.08280092726232026,0.08280092726232026,1203,1240
query_4_61.graph,3,158035.2090762619,161522.08,-0.02158758061893509,0.02158758061893509,1228,1240
query_4_61.graph,4,156384.96448656978,161522.08,-0.03180441654435239,0.03180441654435239,1217,1240
query_4_61.graph,5,153866.77995835943,161522.08,-0.04739475891866026,0.04739475891866026,1178,1240
query_4_61.graph,6,160456.16348782042,161522.08,-0.006599200011413714,0.006599200011413714,1199,1240
query_4_61.graph,7,163777.05275501715,161522.08,0.013960770905235783,0.013960770905235783,1209,1240
query_4_61.graph,8,171558.3127934257,161522.08,0.06213536126717601,0.06213536126717601,1211,1240
query_4_61.graph,9,155313.75152763317,161522.08,-0.03843640740861447,0.03843640740861447,1206,1240
query_4_61.graph,10,156400.1270717309,161522.08,-0.031710543402295704,0.031710543402295704,1164,1240
query_6_80.graph,1,60547457.61705659,58654279.97999999,0.03227688819472581,0.03227688819472581,324,369
query_6_80.graph,2,66538378.246869385,58654279.97999999,0.1344164188795383,0.1344164188795383,332,369
query_6_80.graph,3,45183978.78973849,58654279.97999999,-0.22965589544112755,0.22965589544112755,330,369
query_6_80.graph,4,58359071.29367621,58654279.97999999,-0.005033028901291389,0.005033028901291389,352,369
query_6_80.graph,5,55522864.051374406,58654279.97999999,-0.053387679973112584,0.053387679973112584,326,369
query_6_80.graph,6,51317631.05189455,58654279.97999999,-0.12508292541664642,0.12508292541664642,327,369
query_6_80.graph,7,68868767.11508548,58654279.97999999,0.17414734506277194,0.17414734506277194,310,369
query_6_80.graph,8,61601487.796499886,58654279.97999999,0.05024710588050589,0.05024710588050589,340,369
query_6_80.graph,9,45712154.56612313,58654279.97999999,-0.22065099798838012,0.22065099798838012,315,369
query_6_80.graph,10,57224504.51348233,58654279.97999999,-0.02437631946049263,0.02437631946049263,344,369
query_7_23.graph,1,242685.22931991125,232398.19999999998,0.04426466865884187,0.04426466865884187,361,368
query_7_23.graph,2,250341.13679464065,232398.19999999998,0.07720772705916255,0.07720772705916255,357,368
query_7_23.graph,3,287280.3466305184,232398.19999999998,0.2361556441939671,0.2361556441939671,368,368
query_7_23.graph,4,249777.42901839735,232398.19999999998,0.07478211543117533,0.07478211543117533,368,368
query_7_23.graph,5,209564.01090629896,232398.19999999998,-0.09825458671237995,0.09825458671237995,326,368
query_7_23.graph,6,240635.0230836621,232398.19999999998,0.03544271463230829,0.03544271463230829,354,368
query_7_23.graph,7,254423.45644502234,232398.19999999998,0.09477378243472781,0.09477378243472781,353,368
query_7_23.graph,8,209067.67063358307,232398.19999999998,-0.10039031871338469,0.10039031871338469,368,368
query_7_23.graph,9,220647.95131122088,232398.19999999998,-0.05056084207527899,0.05056084207527899,353,368
query_7_23.graph,10,267351.4371814309,232398.19999999998,0.15040235759756723,0.15040235759756723,317,368
query_7_65.graph,1,10361862.590458581,11691242.999999998,-0.11370736281346792,0.11370736281346792,187,221
query_7_65.graph,2,11081555.95736607,11691242.999999998,-0.05214903519103387,0.05214903519103387,163,221
query_7_65.graph,3,7575195.297500003,11691242.999999998,-0.352062454137682,0.352062454137682,197,221
query_7_65.graph,4,9565852.82719304,11691242.999999998,-0.18179334505381148,0.18179334505381148,195,221
query_7_65.graph,5,11618792.324375851,11691242.999999998,-0.006197003656852147,0.006197003656852147,212,221
query_7_65.graph,6,10583005.176497608,11691242.999999998,-0.09479212975920438,0.09479212975920438,198,221
query_7_65.graph,7,9800276.582366072,11691242.999999998,-0.16174211909152234,0.16174211909152234,192,221
query_7_65.graph,8,12827909.051362503,11691242.999999998,0.09722371277053307,0.09722371277053307,208,221
query_7_65.graph,9,10979748.78169643,11691242.999999998,-0.0608570207892838,0.0608570207892838,197,221
query_7_65.graph,10,10624273.035714287,11691242.999999998,-0.09126232037822762,0.09126232037822762,190,221
query_6_91.graph,1,10087.107933187295,9738.119999999999,0.0358373005454129,0.0358373005454129,317,374
query_6_91.graph,2,8679.19270167832,9738.119999999999,-0.10874042405738273,0.10874042405738273,288,374
query_6_91.graph,3,12946.462937729815,9738.119999999999,0.32946225120760647,0.32946225120760647,300,374
query_6_91.graph,4,8001.865770093458,9738.119999999999,-0.1782946020285785,0.1782946020285785,335,374
query_6_91.graph,5,9115.226719847331,9738.119999999999,-0.06396442846798643,0.06396442846798643,318,374
query_6_91.graph,6,8759.362898198196,9738.119999999999,-0.10050780867372784,0.10050780867372784,320,374
query_6_91.graph,7,9295.126097841721,9738.119999999999,-0.04549070068537641,0.04549070068537641,324,374
query_6_91.graph,8,6880.1371206489275,9738.119999999999,-0.29348404818908286,0.29348404818908286,231,374
query_6_91.graph,9,8632.729375627243,9738.119999999999,-0.11351170702073461,0.11351170702073461,326,374
query_6_91.graph,10,10050.979078705037,9738.119999999999,0.0321272564627503,0.0321272564627503,332,374
query_7_86.graph,1,0.0,21.23,-1.0,1.0,5,19
query_7_86.graph,2,0.0,21.23,-1.0,1.0,5,19
query_7_86.graph,3,0.0,21.23,-1.0,1.0,5,19
query_7_86.graph,4,82.3356,21.23,2.8782666038624587,2.8782666038624587,6,19
query_7_86.graph,5,0.0,21.23,-1.0,1.0,5,19
query_7_86.graph,6,0.0,21.23,-1.0,1.0,5,19
query_7_86.graph,7,0.0,21.23,-1.0,1.0,5,19
query_7_86.graph,8,0.0,21.23,-1.0,1.0,5,19
query_7_86.graph,9,82.3356,21.23,2.8782666038624587,2.8782666038624587,6,19
query_7_86.graph,10,0.0,21.23,-1.0,1.0,5,19
query_6_14.graph,1,48154510.333155826,48983415.2,-0.01692215341579893,0.01692215341579893,665,677
query_6_14.graph,2,45270817.19641742,48983415.2,-0.07579295948279616,0.07579295948279616,643,677
query_6_14.graph,3,44192558.10887915,48983415.2,-0.09780569753169954,0.09780569753169954,639,677
query_6_14.graph,4,43987767.31907055,48983415.2,-0.10198651646750541,0.10198651646750541,677,677
query_6_14.graph,5,46871286.79044998,48983415.2,-0.04311925579149953,0.04311925579149953,677,677
query_6_14.graph,6,46939494.51836481,48983415.2,-0.04172679004291219,0.04172679004291219,672,677
query_6_14.graph,7,48041213.87470417,48983415.2,-0.0192351088924448,0.0192351088924448,676,677
query_6_14.graph,8,47474459.11358859,48983415.2,-0.030805448747302056,0.030805448747302056,677,677
query_6_14.graph,9,44656609.29620752,48983415.2,-0.08833205863915518,0.08833205863915518,638,677
query_6_14.graph,10,44696486.09984109,48983415.2,-0.08751797077960613,0.08751797077960613,676,677
query_7_87.graph,1,15668176.112600693,14699917.760000002,0.06586828364682577,0.06586828364682577,135,153
query_7_87.graph,2,9732471.169687325,14699917.760000002,-0.3379234272881181,0.3379234272881181,128,153
query_7_87.graph,3,14568335.813684182,14699917.760000002,-0.008951202888622105,0.008951202888622105,136,153
query_7_87.graph,4,15424904.143967126,14699917.760000002,0.04931907754884772,0.04931907754884772,138,153
query_7_87.graph,5,16400037.341639234,14699917.760000002,0.11565504034760204,0.11565504034760204,139,153
query_7_87.graph,6,19610198.473431725,14699917.760000002,0.3340345703697136,0.3340345703697136,124,153
query_7_87.graph,7,11572785.52304276,14699917.760000002,-0.21273127428416583,0.21273127428416583,140,153
query_7_87.graph,8,10214144.504028767,14699917.760000002,-0.30515635047819706,0.30515635047819706,125,153
query_7_87.graph,9,7674673.462382758,14699917.760000002,-0.4779104490457532,0.4779104490457532,123,153
query_7_87.graph,10,12462193.06795862,14699917.760000002,-0.1522270211694968,0.1522270211694968,139,153
query_6_88.graph,1,41341514.70270443,45873406.88000001,-0.0987912711421354,0.0987912711421354,610,682
query_6_88.graph,2,46084768.47651476,45873406.88000001,0.004607497260180526,0.004607497260180526,682,682
query_6_88.graph,3,43802045.67437616,45873406.88000001,-0.04515385593754378,0.04515385593754378,651,682
query_6_88.graph,4,46228505.82196555,45873406.88000001,0.007740845211136031,0.007740845211136031,664,682
query_6_88.graph,5,42559854.69138255,45873406.88000001,-0.07223252890907718,0.07223252890907718,672,682
query_6_88.graph,6,44386974.74478061,45873406.88000001,-0.03240291568288687,0.03240291568288687,682,682
query_6_88.graph,7,47843061.47098608,45873406.88000001,0.04293674102162243,0.04293674102162243,659,682
query_6_88.graph,8,43315921.02516079,45873406.88000001,-0.05575094654576961,0.05575094654576961,666,682
query_6_88.graph,9,41535100.39130822,45873406.88000001,-0.09457127306982765,0.09457127306982765,678,682
query_6_88.graph,10,47143159.79624466,45873406.88000001,0.027679498921154646,0.027679498921154646,648,682
query_8_1.graph,1,1470.3984,667.1900000000005,1.203867563962288,1.203867563962288,7,40
query_8_1.graph,2,1470.3984,667.1900000000005,1.203867563962288,1.203867563962288,7,40
query_8_1.graph,3,2678.5072,667.1900000000005,3.0146093316746323,3.0146093316746323,6,40
query_8_1.graph,4,0.0,667.1900000000005,-1.0,1.0,5,40
query_8_1.graph,5,340.736,667.1900000000005,-0.4892969019319838,0.4892969019319838,5,40
query_8_1.graph,6,0.0,667.1900000000005,-1.0,1.0,5,40
query_8_1.graph,7,0.0,667.1900000000005,-1.0,1.0,5,40
query_8_1.graph,8,0.0,667.1900000000005,-1.0,1.0,5,40
query_8_1.graph,9,2678.5072,667.1900000000005,3.0146093316746323,3.0146093316746323,6,40
query_8_1.graph,10,1470.3984,667.1900000000005,1.203867563962288,1.203867563962288,6,40
query_7_83.graph,1,10993832.236152882,11870933.52,-0.07388646245633408,0.07388646245633408,278,345
query_7_83.graph,2,11368842.811669141,11870933.52,-0.04229580660063022,0.04229580660063022,302,345
query_7_83.graph,3,11947147.290561251,11870933.52,0.006420200267556699,0.006420200267556699,306,345
query_7_83.graph,4,12017997.421206333,11870933.52,0.01238857087006357,0.01238857087006357,319,345
query_7_83.graph,5,12154260.933235008,11870933.52,0.023867323724596913,0.023867323724596913,305,345
query_7_83.graph,6,12271813.496631835,11870933.52,0.033769877992866994,0.033769877992866994,315,345
query_7_83.graph,7,12290010.723121597,11870933.52,0.03530280094783961,0.03530280094783961,310,345
query_7_83.graph,8,11831879.229764977,11870933.52,-0.003289908933381179,0.003289908933381179,295,345
query_7_83.graph,9,11749425.112722112,11870933.52,-0.010235792077613092,0.010235792077613092,306,345
query_7_83.graph,10,11642468.78736041,11870933.52,-0.019245725894654852,0.019245725894654852,305,345
query_6_118.graph,1,641463.4975558724,660923.73,-0.02944399113060679,0.02944399113060679,735,762
query_6_118.graph,2,634532.2327379741,660923.73,-0.039931229677629874,0.039931229677629874,728,762
query_6_118.graph,3,667022.9796342175,660923.73,0.009228371379882926,0.009228371379882926,741,762
query_6_118.graph,4,626976.0794714817,660923.73,-0.05136394562276989,0.05136394562276989,725,762
query_6_118.graph,5,662357.255321963,660923.73,0.002168972389541847,0.002168972389541847,761,762
query_6_118.graph,6,730124.1766790797,660923.73,0.10470262079874129,0.10470262079874129,761,762
query_6_118.graph,7,696451.9323634765,660923.73,0.053755374108713734,0.053755374108713734,732,762
query_6_118.graph,8,710724.6630266936,660923.73,0.07535049925759761,0.07535049925759761,699,762
query_6_118.graph,9,625599.2079001039,660923.73,-0.05344719896786896,0.05344719896786896,732,762
query_6_118.graph,10,628309.1930395297,660923.73,-0.0493468996195223,0.0493468996195223,742,762
query_7_36.graph,1,116222.48207305202,117613.98999999999,-0.011831142935869923,0.011831142935869923,249,253
query_7_36.graph,2,120306.62193573825,117613.98999999999,0.02289380655939196,0.02289380655939196,253,253
query_7_36.graph,3,106039.55201831124,117613.98999999999,-0.09841038452728926,0.09841038452728926,250,253
query_7_36.graph,4,140732.20064127937,117613.98999999999,0.19656004052986709,0.19656004052986709,241,253
query_7_36.graph,5,112095.38417435896,117613.98999999999,-0.0469213384023536,0.0469213384023536,236,253
query_7_36.graph,6,119103.6942607792,117613.98999999999,0.012666046452290329,0.012666046452290329,236,253
query_7_36.graph,7,103549.81992940397,117613.98999999999,-0.11957905747943783,0.11957905747943783,244,253
query_7_36.graph,8,100240.38894474795,117613.98999999999,-0.14771713003913944,0.14771713003913944,227,253
query_7_36.graph,9,112816.57523663362,117613.98999999999,-0.04078949080263638,0.04078949080263638,239,253
query_7_36.graph,10,103177.7841921136,117613.98999999999,-0.1227422503724803,0.1227422503724803,244,253
query_7_118.graph,1,14208715.386047961,14720624.279999997,-0.034774944609348886,0.034774944609348886,605,645
query_7_118.graph,2,15042062.785575915,14720624.279999997,0.021835928929497664,0.021835928929497664,601,645
query_7_118.graph,3,14252855.206228642,14720624.279999997,-0.031776442688431675,0.031776442688431675,645,645
query_7_118.graph,4,15556316.722384878,14720624.279999997,0.05677017675943837,0.05677017675943837,612,645
query_7_118.graph,5,14255022.751424579,14720624.279999997,-0.03162919722147943,0.03162919722147943,609,645
query_7_118.graph,6,15093124.062997071,14720624.279999997,0.025304618602566064,0.025304618602566064,599,645
query_7_118.graph,7,13960201.111288488,14720624.279999997,-0.05165699186716215,0.05165699186716215,611,645
query_7_118.graph,8,13482819.54310824,14720624.279999997,-0.08408642957985732,0.08408642957985732,641,645
query_7_118.graph,9,14803340.179249324,14720624.279999997,0.005619048328113871,0.005619048328113871,645,645
query_7_118.graph,10,13437002.330847798,14720624.279999997,-0.08719887993447244,0.08719887993447244,623,645
query_7_66.graph,1,8347522.6002624165,9434808.6,-0.1152419774300014,0.1152419774300014,517,517
query_7_66.graph,2,8769599.721914876,9434808.6,-0.07050581588747051,0.07050581588747051,515,517
query_7_66.graph,3,7835286.037135769,9434808.6,-0.16953418248084343,0.16953418248084343,498,517
query_7_66.graph,4,51192390.525414065,9434808.6,4.425906628928759,4.425906628928759,496,517
query_7_66.graph,5,9900093.928978695,9434808.6,0.049315820670564,0.049315820670564,479,517
query_7_66.graph,6,9157051.716849195,9434808.6,-0.02943958854139392,0.02943958854139392,508,517
query_7_66.graph,7,9576081.593938177,9434808.6,0.014973594052366661,0.014973594052366661,517,517
query_7_66.graph,8,8564043.64347921,9434808.6,-0.09229280565593989,0.09229280565593989,465,517
query_7_66.graph,9,7491186.412531298,9434808.6,-0.20600547079128897,0.20600547079128897,516,517
query_7_66.graph,10,8005502.110039845,9434808.6,-0.15149289726557405,0.15149289726557405,517,517
query_8_21.graph,1,53757.0565,810659.76,-0.9336872765215336,0.9336872765215336,18,22
query_8_21.graph,2,65409.3125,810659.76,-0.9193134830079638,0.9193134830079638,21,22
query_8_21.graph,3,627839.8884,810659.76,-0.2255198550869232,0.2255198550869232,22,22
query_8_21.graph,4,358128.5824,810659.76,-0.558225780936752,0.558225780936752,20,22
query_8_21.graph,5,430963.1242833333,810659.76,-0.46837977466238945,0.46837977466238945,22,22
query_8_21.graph,6,204140.4273666667,810659.76,-0.7481798931691556,0.7481798931691556,22,22
query_8_21.graph,7,574940.9536818182,810659.76,-0.2907740311646674,0.2907740311646674,22,22
query_8_21.graph,8,204140.4273666667,810659.76,-0.7481798931691556,0.7481798931691556,18,22
query_8_21.graph,9,53757.0565,810659.76,-0.9336872765215336,0.9336872765215336,17,22
query_8_21.graph,10,2021266.14938,810659.76,1.4933594204552598,1.4933594204552598,22,22
query_8_103.graph,1,994325.6081484538,1396459.9400000002,-0.28796696584904996,0.28796696584904996,240,288
query_8_103.graph,2,1580767.0449917696,1396459.9400000002,0.13198166285512594,0.13198166285512594,198,288
query_8_103.graph,3,1328224.50275611,1396459.9400000002,-0.04886315410085465,0.04886315410085465,261,288
query_8_103.graph,4,1210671.3865426008,1396459.9400000002,-0.13304252283627938,0.13304252283627938,219,288
query_8_103.graph,5,1147988.4921994691,1396459.9400000002,-0.17792952069969942,0.17792952069969942,249,288
query_8_103.graph,6,1153578.841376057,1396459.9400000002,-0.17392629152250744,0.17392629152250744,249,288
query_8_103.graph,7,1159604.4408866386,1396459.9400000002,-0.16961138112802687,0.16961138112802687,232,288
query_8_103.graph,8,734164.5295831622,1396459.9400000002,-0.47426738959431797,0.47426738959431797,215,288
query_8_103.graph,9,1504093.699073645,1396459.9400000002,0.07707615234107243,0.07707615234107243,279,288
query_8_103.graph,10,1058629.29637551,1396459.9400000002,-0.24191932324567084,0.24191932324567084,217,288
query_8_51.graph,1,51534.790109090914,1776295.2999999998,-0.9709874872105494,0.9709874872105494,46,58
query_8_51.graph,2,730016.8975272727,1776295.2999999998,-0.5890227838089349,0.5890227838089349,52,58
query_8_51.graph,3,940314.9463272728,1776295.2999999998,-0.47063140552853294,0.47063140552853294,54,58
query_8_51.graph,4,828590.8629090909,1776295.2999999998,-0.5335286520720451,0.5335286520720451,54,58
query_8_51.graph,5,2436688.0119749997,1776295.2999999998,0.3717809262767288,0.3717809262767288,58,58
query_8_51.graph,6,521829.0854363637,1776295.2999999998,-0.7062261632756874,0.7062261632756874,57,58
query_8_51.graph,7,2364343.4651181814,1776295.2999999998,0.331053156036714,0.331053156036714,58,58
query_8_51.graph,8,2716625.220145455,1776295.2999999998,0.5293770242737541,0.5293770242737541,51,58
query_8_51.graph,9,1771296.168727273,1776295.2999999998,-0.0028143582166360094,0.0028143582166360094,47,58
query_8_51.graph,10,863261.7117625,1776295.2999999998,-0.5140100231293186,0.5140100231293186,54,58
query_8_29.graph,1,3302553.6642803214,3302857.7800000003,-9.207654096411372e-05,9.207654096411372e-05,194,235
query_8_29.graph,2,3165371.9873422575,3302857.7800000003,-0.041626313276420496,0.041626313276420496,195,235
query_8_29.graph,3,3151299.646644217,3302857.7800000003,-0.045886969240250874,0.045886969240250874,201,235
query_8_29.graph,4,3249464.3428245173,3302857.7800000003,-0.016165829936365887,0.016165829936365887,192,235
query_8_29.graph,5,3467644.8368517817,3302857.7800000003,0.04989226537383073,0.04989226537383073,197,235
query_8_29.graph,6,3507544.3893961785,3302857.7800000003,0.06197257739513636,0.06197257739513636,190,235
query_8_29.graph,7,3037190.0516702896,3302857.7800000003,-0.08043571537909533,0.08043571537909533,179,235
query_8_29.graph,8,2809318.8939014887,3302857.7800000003,-0.14942783461251893,0.14942783461251893,200,235
query_8_29.graph,9,3146454.8662621425,3302857.7800000003,-0.04735381422867614,0.04735381422867614,200,235
query_8_29.graph,10,2905572.712158668,3302857.7800000003,-0.12028524820143251,0.12028524820143251,197,235
query_7_98.graph,1,221978.0035623693,245884.84,-0.09722777718882832,0.09722777718882832,349,385
query_7_98.graph,2,246914.50544056977,245884.84,0.004187592210116643,0.004187592210116643,376,385
query_7_98.graph,3,259154.9161321722,245884.84,0.05396866326599149,0.05396866326599149,334,385
query_7_98.graph,4,222530.44653145177,245884.84,-0.09498102228892283,0.09498102228892283,336,385
query_7_98.graph,5,202626.21848984234,245884.84,-0.17593041323799244,0.17593041323799244,350,385
query_7_98.graph,6,191685.66553930443,245884.84,-0.22042503499075242,0.22042503499075242,336,385
query_7_98.graph,7,228525.4312561499,245884.84,-0.07059975207845308,0.07059975207845308,356,385
query_7_98.graph,8,215824.69278569173,245884.84,-0.12225295066710198,0.12225295066710198,341,385
query_7_98.graph,9,243183.35742517377,245884.84,-0.01098677972511938,0.01098677972511938,339,385
query_7_98.graph,10,222932.5304813795,245884.84,-0.09334576917641807,0.09334576917641807,364,385
query_8_54.graph,1,2359187.5375870964,2182732.0799999996,0.08084155595820852,0.08084155595820852,48,50
query_8_54.graph,2,1223619.8244483874,2182732.0799999996,-0.4394090618540835,0.4394090618540835,48,50
query_8_54.graph,3,1020106.6634900001,2182732.0799999996,-0.5326468727714854,0.5326468727714854,50,50
query_8_54.graph,4,1724729.7731387098,2182732.0799999996,-0.2098298325561284,0.2098298325561284,44,50
query_8_54.graph,5,3507524.099041936,2182732.0799999996,0.6069421122183427,0.6069421122183427,48,50
query_8_54.graph,6,4404828.106024139,2182732.0799999996,1.0180342545861787,1.0180342545861787,50,50
query_8_54.graph,7,555611.4504290322,2182732.0799999996,-0.7454513746693858,0.7454513746693858,44,50
query_8_54.graph,8,3612409.8368096775,2182732.0799999996,0.6549946142770203,0.6549946142770203,44,50
query_8_54.graph,9,3793506.2795125004,2182732.0799999996,0.7379623978003297,0.7379623978003297,48,50
query_8_54.graph,10,3150601.0069709686,2182732.0799999996,0.4434208558344775,0.4434208558344775,49,50
query_8_133.graph,1,5094246.318485784,4348276.720000001,0.171555226707325,0.171555226707325,334,354
query_8_133.graph,2,4649425.419596969,4348276.720000001,0.06925702272162854,0.06925702272162854,324,354
query_8_133.graph,3,4521212.014747239,4348276.720000001,0.03977099570315249,0.03977099570315249,309,354
query_8_133.graph,4,3855167.0704846755,4348276.720000001,-0.11340346561828869,0.11340346561828869,311,354
query_8_133.graph,5,3970972.6010822156,4348276.720000001,-0.08677095392350859,0.08677095392350859,308,354
query_8_133.graph,6,3933059.076880487,4348276.720000001,-0.0954901607824797,0.0954901607824797,307,354
query_8_133.graph,7,4021347.5127832633,4348276.720000001,-0.07518592496954454,0.07518592496954454,324,354
query_8_133.graph,8,3235035.3289424726,4348276.720000001,-0.2560189847019506,0.2560189847019506,330,354
query_8_133.graph,9,4810735.626526853,4348276.720000001,0.10635452532258625,0.10635452532258625,317,354
query_8_133.graph,10,3303013.34899422,4348276.720000001,-0.24038566041532433,0.24038566041532433,294,354
query_8_66.graph,1,926.9032,1588.089999999999,-0.41634088748118775,0.41634088748118775,6,34
query_8_66.graph,2,1814.7191,1588.089999999999,0.1427054512023885,0.1427054512023885,7,34
query_8_66.graph,3,1712.6864,1588.089999999999,0.07845676252605402,0.07845676252605402,6,34
query_8_66.graph,4,926.9032,1588.089999999999,-0.41634088748118775,0.41634088748118775,6,34
query_8_66.graph,5,0.0,1588.089999999999,-1.0,1.0,5,34
query_8_66.graph,6,1551.816,1588.089999999999,-0.02284127473883659,0.02284127473883659,6,34
query_8_66.graph,7,102.0327,1588.089999999999,-0.9357513113236655,0.9357513113236655,6,34
query_8_66.graph,8,897.9144,1588.089999999999,-0.43459476478033326,0.43459476478033326,6,34
query_8_66.graph,9,0.0,1588.089999999999,-1.0,1.0,5,34
query_8_66.graph,10,0.0,1588.089999999999,-1.0,1.0,4,34
query_8_132.graph,1,3276482.6270462554,3202003.1,0.023260291986055635,0.023260291986055635,300,346
query_8_132.graph,2,2759603.718003186,3202003.1,-0.13816332095269182,0.13816332095269182,289,346
query_8_132.graph,3,3235943.793415301,3202003.1,0.010599831528989126,0.010599831528989126,307,346
query_8_132.graph,4,3528411.786392775,3202003.1,0.10193890392947302,0.10193890392947302,291,346
query_8_132.graph,5,3099459.068838377,3202003.1,-0.03202496311187927,0.03202496311187927,278,346
query_8_132.graph,6,2580846.465133083,3202003.1,-0.1939900167076406,0.1939900167076406,288,346
query_8_132.graph,7,14080048.044848673,3202003.1,3.3972624651264933,3.3972624651264933,285,346
query_8_132.graph,8,3414215.113496891,3202003.1,0.06627476828391925,0.06627476828391925,310,346
query_8_132.graph,9,3358558.6832393277,3202003.1,0.04889301426326778,0.04889301426326778,311,346
query_8_132.graph,10,3243890.6373936334,3202003.1,0.013081666720945172,0.013081666720945172,281,346
query_8_35.graph,1,1743711.0344477023,1682458.4100000001,0.03640662026688802,0.03640662026688802,256,292
query_8_35.graph,2,1580626.1544072742,1682458.4100000001,-0.060525867972407076,0.060525867972407076,263,292
query_8_35.graph,3,1495600.4355705357,1682458.4100000001,-0.11106246271458467,0.11106246271458467,263,292
query_8_35.graph,4,2758219.395278355,1682458.4100000001,0.6393982632107708,0.6393982632107708,246,292
query_8_35.graph,5,2421801.5230012606,1682458.4100000001,0.43944213337271165,0.43944213337271165,250,292
query_8_35.graph,6,1507265.7425289473,1682458.4100000001,-0.10412897366720217,0.10412897366720217,241,292
query_8_35.graph,7,1707281.2625115388,1682458.4100000001,0.014753917460306586,0.014753917460306586,250,292
query_8_35.graph,8,1636224.7650377303,1682458.4100000001,-0.027479814471176027,0.027479814471176027,258,292
query_8_35.graph,9,1426857.3107105258,1682458.4100000001,-0.15192119922267458,0.15192119922267458,254,292
query_8_35.graph,10,1526614.8987805494,1682458.4100000001,-0.09262844792665675,0.09262844792665675,237,292
query_8_53.graph,1,2291314.740584365,2036161.0799999998,0.12531113726246318,0.12531113726246318,204,221
query_8_53.graph,2,2246321.665816589,2036161.0799999998,0.10321412577858967,0.10321412577858967,178,221
query_8_53.graph,3,2101888.6691362485,2036161.0799999998,0.03228015198888326,0.03228015198888326,207,221
query_8_53.graph,4,2109859.287002326,2036161.0799999998,0.036194684068082746,0.036194684068082746,199,221
query_8_53.graph,5,1738243.211138676,2036161.0799999998,-0.14631350721099332,0.14631350721099332,191,221
query_8_53.graph,6,1942115.8739763154,2036161.0799999998,-0.04618750792726304,0.04618750792726304,202,221
query_8_53.graph,7,2869301.9563816236,2036161.0799999998,0.40917238059654093,0.40917238059654093,221,221
query_8_53.graph,8,1675519.5249437038,2036161.0799999998,-0.17711838154587262,0.17711838154587262,198,221
query_8_53.graph,9,1616221.7620015664,2036161.0799999998,-0.20624071549311487,0.20624071549311487,196,221
query_8_53.graph,10,1885452.753075601,2036161.0799999998,-0.07401591573707851,0.07401591573707851,191,221
query_8_59.graph,1,28093.9636,7214.4,2.8941510867154583,2.8941510867154583,6,19
query_8_59.graph,2,0.0,7214.4,-1.0,1.0,5,19
query_8_59.graph,3,0.0,7214.4,-1.0,1.0,5,19
query_8_59.graph,4,28093.9636,7214.4,2.8941510867154583,2.8941510867154583,6,19
query_8_59.graph,5,0.0,7214.4,-1.0,1.0,5,19
query_8_59.graph,6,28093.9636,7214.4,2.8941510867154583,2.8941510867154583,6,19
query_8_59.graph,7,0.0,7214.4,-1.0,1.0,5,19
query_8_59.graph,8,0.0,7214.4,-1.0,1.0,5,19
query_8_59.graph,9,0.0,7214.4,-1.0,1.0,5,19
query_8_59.graph,10,28093.9636,7214.4,2.8941510867154583,2.8941510867154583,6,19
query_8_85.graph,1,101463.63326086957,63627.00000000001,0.5946631659652278,0.5946631659652278,19,20
query_8_85.graph,2,17002.6569375,63627.00000000001,-0.7327760708897166,0.7327760708897166,20,20
query_8_85.graph,3,30913.565625000003,63627.00000000001,-0.5141439070677543,0.5141439070677543,15,20
query_8_85.graph,4,35711.6334,63627.00000000001,-0.438734603234476,0.438734603234476,20,20
query_8_85.graph,5,0.0,63627.00000000001,-1.0,1.0,15,20
query_8_85.graph,6,57966.86317777778,63627.00000000001,-0.08895809675487182,0.08895809675487182,20,20
query_8_85.graph,7,0.0,63627.00000000001,-1.0,1.0,14,20
query_8_85.graph,8,44639.541750000004,63627.00000000001,-0.2984182540430949,0.2984182540430949,18,20
query_8_85.graph,9,93346.54259999999,63627.00000000001,0.46709011268800943,0.46709011268800943,20,20
query_8_85.graph,10,4724.287211538462,63627.00000000001,-0.9257502756449548,0.9257502756449548,17,20
query_8_130.graph,1,10535793.948588677,8618200.54,0.22250508092593976,0.22250508092593976,369,417
query_8_130.graph,2,7902974.439420754,8618200.54,-0.0829901900355692,0.0829901900355692,354,417
query_8_130.graph,3,8665978.027973082,8618200.54,0.00554378930396563,0.00554378930396563,370,417
query_8_130.graph,4,8078425.723491781,8618200.54,-0.06263196290257336,0.06263196290257336,355,417
query_8_130.graph,5,7613460.870244103,8618200.54,-0.11658346369321045,0.11658346369321045,374,417
query_8_130.graph,6,7655800.413358539,8618200.54,-0.11167065818144212,0.11167065818144212,383,417
query_8_130.graph,7,7775984.00518075,8618200.54,-0.09772533499426427,0.09772533499426427,359,417
query_8_130.graph,8,8735438.6549961,8618200.54,0.013603549192428252,0.013603549192428252,377,417
query_8_130.graph,9,8579506.458582928,8618200.54,-0.004489809820214592,0.004489809820214592,373,417
query_8_130.graph,10,8324405.777464853,8618200.54,-0.03409003552093561,0.03409003552093561,354,417
query_6_142.graph,1,44975698.33477072,48983415.2,-0.08181783260447888,0.08181783260447888,638,671
query_6_142.graph,2,44804131.88738523,48983415.2,-0.08532037416237111,0.08532037416237111,644,671
query_6_142.graph,3,46444387.145003475,48983415.2,-0.05183444324226147,0.05183444324226147,619,671
query_6_142.graph,4,49897355.73501572,48983415.2,0.01865816279416379,0.01865816279416379,656,671
query_6_142.graph,5,47784033.48072854,48983415.2,-0.024485465424866213,0.024485465424866213,617,671
query_6_142.graph,6,48351472.76391373,48983415.2,-0.012901151001947178,0.012901151001947178,630,671
query_6_142.graph,7,44820635.2707188,48983415.2,-0.08498345638589129,0.08498345638589129,647,671
query_6_142.graph,8,49168592.302137956,48983415.2,0.00378040406904811,0.00378040406904811,613,671
query_6_142.graph,9,48624540.99479923,48983415.2,-0.007326443118257227,0.007326443118257227,647,671
query_6_142.graph,10,45911393.45126682,48983415.2,-0.06271554844001945,0.06271554844001945,637,671
query_7_121.graph,1,11885119.134115988,12217577.12,-0.02721144975134078,0.02721144975134078,605,641
query_7_121.graph,2,11450660.925869878,12217577.12,-0.06277154517606359,0.06277154517606359,621,641
query_7_121.graph,3,11795252.953105692,12217577.12,-0.0345669327679519,0.0345669327679519,624,641
query_7_121.graph,4,14411812.570144877,12217577.12,0.17959661138974484,0.17959661138974484,622,641
query_7_121.graph,5,11686020.676893035,12217577.12,-0.04350751690667161,0.04350751690667161,633,641
query_7_121.graph,6,12405247.11339985,12217577.12,0.015360655517585227,0.015360655517585227,634,641
query_7_121.graph,7,12454425.53857977,12217577.12,0.01938587465038815,0.01938587465038815,639,641
query_7_121.graph,8,11337789.633216979,12217577.12,-0.07200998022290529,0.07200998022290529,597,641
query_7_121.graph,9,11076386.280385315,12217577.12,-0.0934056587820977,0.0934056587820977,619,641
query_7_121.graph,10,11954182.84616382,12217577.12,-0.02155863402777348,0.02155863402777348,633,641
query_8_117.graph,1,1956750.3233166118,2117379.22,-0.07586212954493261,0.07586212954493261,447,457
query_8_117.graph,2,2194228.0164930047,2117379.22,0.03629429993792257,0.03629429993792257,456,457
query_8_117.graph,3,1965967.598530234,2117379.22,-0.07150897677637835,0.07150897677637835,456,457
query_8_117.graph,4,1943234.5337894517,2117379.22,-0.0822453930621594,0.0822453930621594,432,457
query_8_117.graph,5,2087883.4757727238,2117379.22,-0.013930307782692046,0.013930307782692046,443,457
query_8_117.graph,6,2018976.0768920796,2117379.22,-0.046474028921432715,0.046474028921432715,448,457
query_8_117.graph,7,1949116.4436503376,2117379.22,-0.07946747316697599,0.07946747316697599,433,457
query_8_117.graph,8,1966393.945335052,2117379.22,-0.07130762087338716,0.07130762087338716,419,457
query_8_117.graph,9,2329011.1598802987,2117379.22,0.09994994655718706,0.09994994655718706,447,457
query_8_117.graph,10,1831816.1161842847,2117379.22,-0.13486630128339291,0.13486630128339291,437,457
query_8_119.graph,1,2520939.120009072,2157631.0399999996,0.16838285752928017,0.16838285752928017,295,296
query_8_119.graph,2,1860207.568420896,2157631.0399999996,-0.13784723433488588,0.13784723433488588,289,296
query_8_119.graph,3,2278484.693210369,2157631.0399999996,0.05601219623275786,0.05601219623275786,284,296
query_8_119.graph,4,1738223.6697392324,2157631.0399999996,-0.19438326687252666,0.19438326687252666,296,296
query_8_119.graph,5,2114259.993653247,2157631.0399999996,-0.020101233965725877,0.020101233965725877,296,296
query_8_119.graph,6,2078757.6852311397,2157631.0399999996,-0.03655553396602041,0.03655553396602041,295,296
query_8_119.graph,7,2408792.0296039316,2157631.0399999996,0.11640590302405553,0.11640590302405553,295,296
query_8_119.graph,8,2125771.0929533374,2157631.0399999996,-0.014766170144948517,0.014766170144948517,294,296
query_8_119.graph,9,2338315.139780499,2157631.0399999996,0.08374188933641755,0.08374188933641755,296,296
query_8_119.graph,10,1976152.733490059,2157631.0399999996,-0.08410998133857987,0.08410998133857987,296,296
query_8_97.graph,1,4124049.155483292,5014607.300000001,-0.17759279864580996,0.17759279864580996,275,290
query_8_97.graph,2,5027721.751329334,5014607.300000001,0.002615249917841763,0.002615249917841763,251,290
query_8_97.graph,3,5136439.0581440795,5014607.300000001,0.024295373666464122,0.024295373666464122,265,290
query_8_97.graph,4,4274544.043937567,5014607.300000001,-0.14758149777001162,0.14758149777001162,257,290
query_8_97.graph,5,4906684.060125768,5014607.300000001,-0.021521772975968138,0.021521772975968138,275,290
query_8_97.graph,6,4458473.535625153,5014607.300000001,-0.11090275491260251,0.11090275491260251,255,290
query_8_97.graph,7,4031817.066521795,5014607.300000001,-0.19598548294663184,0.19598548294663184,276,290
query_8_97.graph,8,5376522.465495432,5014607.300000001,0.07217218494764904,0.07217218494764904,287,290
query_8_97.graph,9,5269317.74562595,5014607.300000001,0.05079369737007115,0.05079369737007115,269,290
query_8_97.graph,10,7113857.069085745,5014607.300000001,0.41862695192218624,0.41862695192218624,266,290
query_7_84.graph,1,10422523.094115611,11862638.790000001,-0.12139927054833553,0.12139927054833553,572,572
query_7_84.graph,2,10642033.328708544,11862638.790000001,-0.10289493618573346,0.10289493618573346,521,572
query_7_84.graph,3,11142121.04867429,11862638.790000001,-0.06073840349358827,0.06073840349358827,566,572
query_7_84.graph,4,10835279.765827168,11862638.790000001,-0.08660459467406856,0.08660459467406856,570,572
query_7_84.graph,5,11173899.021852005,11862638.790000001,-0.058059575136738664,0.058059575136738664,569,572
query_7_84.graph,6,11637346.749859635,11862638.790000001,-0.01899173060299901,0.01899173060299901,571,572
query_7_84.graph,7,10698496.305612253,11862638.790000001,-0.09813520456924811,0.09813520456924811,545,572
query_7_84.graph,8,10961715.098978437,11862638.790000001,-0.07594631405122329,0.07594631405122329,556,572
query_7_84.graph,9,9907307.970682578,11862638.790000001,-0.16483101727464997,0.16483101727464997,564,572
query_7_84.graph,10,11765150.00340348,11862638.790000001,-0.008218136649216959,0.008218136649216959,572,572
query_8_126.graph,1,1314496.811889919,1313472.6,0.0007797740812552112,0.0007797740812552112,354,365
query_8_126.graph,2,1279645.7185467242,1313472.6,-0.025753777774485672,0.025753777774485672,354,365
query_8_126.graph,3,1335541.592557838,1313472.6,0.016802019743569725,0.016802019743569725,357,365
query_8_126.graph,4,1286815.4539027337,1313472.6,-0.020295167251502884,0.020295167251502884,365,365
query_8_126.graph,5,1422371.5824792862,1313472.6,0.08290921522023843,0.08290921522023843,349,365
query_8_126.graph,6,1380536.880162001,1313472.6,0.05105875841033973,0.05105875841033973,351,365
query_8_126.graph,7,1483897.219361534,1313472.6,0.12975117970602051,0.12975117970602051,335,365
query_8_126.graph,8,1362024.444938564,1313472.6,0.03696449011465019,0.03696449011465019,330,365
query_8_126.graph,9,1253208.201335575,1313472.6,-0.04588173264095888,0.04588173264095888,347,365
query_8_126.graph,10,1380637.9817682356,1313472.6,0.05113573116655457,0.05113573116655457,348,365
query_6_29.graph,1,630540.8740708992,645999.8,-0.023930233305181882,0.023930233305181882,884,903
query_6_29.graph,2,626367.3992728487,645999.8,-0.030390722608817075,0.030390722608817075,868,903
query_6_29.graph,3,642780.1594884555,645999.8,-0.004983965183185099,0.004983965183185099,822,903
query_6_29.graph,4,640628.6459676807,645999.8,-0.008314482500334085,0.008314482500334085,843,903
query_6_29.graph,5,662533.6787414836,645999.8,0.025594247461815857,0.025594247461815857,864,903
query_6_29.graph,6,637252.5978214279,645999.8,-0.0135405648400699,0.0135405648400699,857,903
query_6_29.graph,7,643738.9512887809,645999.8,-0.003499766890359951,0.003499766890359951,855,903
query_6_29.graph,8,716618.9474424453,645999.8,0.10931759954483773,0.10931759954483773,892,903
query_6_29.graph,9,619679.9417507541,645999.8,-0.04074282724119405,0.04074282724119405,850,903
query_6_29.graph,10,692856.9707132162,645999.8,0.0725343424459515,0.0725343424459515,871,903
query_7_90.graph,1,217624.94624758544,225373.8,-0.03438222966651204,0.03438222966651204,778,778
query_7_90.graph,2,214433.59070557432,225373.8,-0.04854250713448357,0.04854250713448357,778,778
query_7_90.graph,3,685741.2373125142,225373.8,2.042683920280504,2.042683920280504,778,778
query_7_90.graph,4,218884.52674850327,225373.8,-0.02879337905070031,0.02879337905070031,778,778
query_7_90.graph,5,196927.42606765125,225373.8,-0.12621863735868472,0.12621863735868472,777,778
query_7_90.graph,6,209319.29211520287,225373.8,-0.0712350232582364,0.0712350232582364,778,778
query_7_90.graph,7,218878.44924846772,225373.8,-0.028820345361937685,0.028820345361937685,778,778
query_7_90.graph,8,242560.64479981124,225373.8,0.07625928479624186,0.07625928479624186,778,778
query_7_90.graph,9,230216.52120208816,225373.8,0.021487507430269937,0.021487507430269937,778,778
query_7_90.graph,10,208276.4701860912,225373.8,-0.07586210027034547,0.07586210027034547,778,778
query_7_144.graph,1,157376.09303856484,173712.74,-0.09404403477508416,0.09404403477508416,708,710
query_7_144.graph,2,172963.6804450555,173712.74,-0.0043120588331315495,0.0043120588331315495,674,710
query_7_144.graph,3,187757.5395533829,173712.74,0.08085071684081956,0.08085071684081956,688,710
query_7_144.graph,4,181324.83565930577,173712.74,0.043820019529401115,0.043820019529401115,710,710
query_7_144.graph,5,170079.94844504507,173712.74,-0.020912637466629806,0.020912637466629806,710,710
query_7_144.graph,6,174363.81378941587,173712.74,0.0037479910190575606,0.0037479910190575606,710,710
query_7_144.graph,7,164832.15407300348,173712.74,-0.051122248874760225,0.051122248874760225,707,710
query_7_144.graph,8,189006.04554985452,173712.74,0.08803790412755294,0.08803790412755294,709,710
query_7_144.graph,9,164860.8916758193,173712.74,-0.050956817123376776,0.050956817123376776,701,710
query_7_144.graph,10,178712.77752445306,173712.74,0.028783366864474497,0.028783366864474497,709,710
query_8_95.graph,1,1203504.6147828542,1418561.6600000001,-0.15160218359288374,0.15160218359288374,423,430
query_8_95.graph,2,1425212.6536688562,1418561.6600000001,0.004688547460711788,0.004688547460711788,430,430
query_8_95.graph,3,1341782.089410404,1418561.6600000001,-0.05412494412798113,0.05412494412798113,406,430
query_8_95.graph,4,1411574.8089062134,1418561.6600000001,-0.004925306591034448,0.004925306591034448,428,430
query_8_95.graph,5,1281793.7849161157,1418561.6600000001,-0.09641306327416493,0.09641306327416493,408,430
query_8_95.graph,6,1230717.733707629,1418561.6600000001,-0.13241858397073217,0.13241858397073217,429,430
query_8_95.graph,7,1214680.8094233556,1418561.6600000001,-0.1437236436917691,0.1437236436917691,423,430
query_8_95.graph,8,1174874.136185978,1418561.6600000001,-0.17178493588641192,0.17178493588641192,405,430
query_8_95.graph,9,1425065.2413225723,1418561.6600000001,0.004584630690337559,0.004584630690337559,430,430
query_8_95.graph,10,1215623.7963031498,1418561.6600000001,-0.14305889509015093,0.14305889509015093,429,430
