======================================================================
 🚀 FaSTest-Oracle 批量实验启动 | 总任务数: 2 | 并发模式: False
======================================================================

[任务启动] 数据集: amazon | 模式: COUNT
🚀 正在运行: /home/wangshuo/projects/PROXY/cProject/build/Fastest -d amazon --ROOT_LABEL 1 --SAMPLE_BUDGET 60000 --BASE_DIR /home/wangshuo/projects/PROXY/datasets --ESTIMATE_WITH_PREDICATE --POST_ORACLE_COL ML3_oracle2_probability --COMMENT_ORACLE_COL ML2_oracle1_probability --AGG_FUNC count --MULTI_PROXY_PROB ML3_proxy2_probability --BUDGET_CURVE_IN /home/wangshuo/projects/PROXY/datasets/amazon/results/efficiency/allocation_strategy_comparison_count.csv --FASTESTO_BUDGET_CURVE --FASTESTO_RUNS 5 --FASTESTO_BUDGET_CURVE_OUT /home/wangshuo/projects/PROXY/datasets/amazon/results/efficiency/FastestO_budget_curve_count.csv --ORACLE_TABLE1 product --ORACLE_TABLE2 review

[CLI] Root label set to 1
[CLI] Sample budget set to 60000
[CLI] Base Dir set to /home/wangshuo/projects/PROXY/datasets
[CLI] Mode: Estimate with Predicate enabled.
[CLI] Post Oracle Col: ML3_oracle2_probability
[CLI] Comment Oracle Col: ML2_oracle1_probability
[CLI] Multi Proxy Prob Dir Name: ML3_proxy2_probability
[CLI] Budget curve input: /home/wangshuo/projects/PROXY/datasets/amazon/results/efficiency/allocation_strategy_comparison_count.csv
[CLI] FastestO budget curve enabled.
[CLI] FastestO runs set to 5
[CLI] FastestO budget curve output: /home/wangshuo/projects/PROXY/datasets/amazon/results/efficiency/FastestO_budget_curve_count.csv
[info] SAMPLE_BUDGET:60000
[Info] Cleared old estimate file: /home/wangshuo/projects/PROXY/datasets/amazon/results/in_estimateW_result_count.txt
[Info] Cleared old FastestO curve file: /home/wangshuo/projects/PROXY/datasets/amazon/results/efficiency/FastestO_budget_curve_count.csv
[info] args:0x7ffcfdd81b08
[info] summary_run1_path:/home/wangshuo/projects/PROXY/datasets/amazon/results/result_summarys/ML3_proxy2_probability/results_summary_run_1.csv
[Info] Reading core nodes configuration from: /home/wangshuo/projects/PROXY/datasets/amazon/data_graph/core_nodes_config_count.json
[Info] Loaded core query-node configs for 764 queries.
[Info] Loaded predicate-label configs for 764 queries.
[infor] root label1
Constructing Candidate Space: 12 16
[info] Query Size:764
[Info] Initializing Oracle Manager from: /home/wangshuo/projects/PROXY/datasets/amazon
[Info] Loaded ID Mapping size: 315526
[Info] Loading Oracle 1 from /home/wangshuo/projects/PROXY/datasets/amazon/csv_data/product.csv col: ML3_oracle2_probability
[Info] Loading Oracle 2 from /home/wangshuo/projects/PROXY/datasets/amazon/csv_data/review.csv col: ML2_oracle1_probability
[Info] OracleManager Ready. Total vertices with probability: 219501
[Warning] Summary file not found: /home/wangshuo/projects/PROXY/datasets/amazon/results/result_summarys/ML3_proxy2_probability/results_summary_run_1.csv
[Info] Loaded budget curve entries from /home/wangshuo/projects/PROXY/datasets/amazon/results/efficiency/allocation_strategy_comparison_count.csv

Start Processing (Multi-Predicate) /home/wangshuo/projects/PROXY/datasets/amazon/query_graph_count/query_3_0.graph
[Info] Using explicit query nodes for predicates: 1 2 
[Info] FOIS_nrs base budget not found, will rely strictly on Curve CSV.
[Warning] Requested root label 1 not found in query. Falling back to default root 2
  [FastestO Curve] run=1 frac=0.01 budget_n=135 est=475.789
  [FastestO Curve] run=1 frac=0.05 budget_n=543 est=1013.58
  [FastestO Curve] run=1 frac=0.075 budget_n=742 est=953.586
  [FastestO Curve] run=1 frac=0.1 budget_n=918 est=783.467
  [FastestO Curve] run=1 frac=0.15 budget_n=1238 est=769.804
  [FastestO Curve] run=1 frac=0.2 budget_n=1482 est=750.522
  [FastestO Curve] run=1 frac=0.3 budget_n=1720 est=697.553
  [FastestO Curve] run=1 frac=0.4 budget_n=1907 est=755.414
  [FastestO Curve] run=1 frac=0.5 budget_n=2000 est=768.987
  [FastestO Curve] run=1 frac=0.6 budget_n=2111 est=721.887
  [FastestO Curve] run=1 frac=0.7 budget_n=2204 est=765.043
  [FastestO Curve] run=1 frac=0.8 budget_n=2301 est=692.32
  [FastestO Curve] run=1 frac=0.9 budget_n=500 est=1133.73
  [FastestO Curve] run=2 frac=0.01 budget_n=135 est=704.416
  [FastestO Curve] run=2 frac=0.05 budget_n=543 est=1044.13
  [FastestO Curve] run=2 frac=0.075 budget_n=742 est=768.105
  [FastestO Curve] run=2 frac=0.1 budget_n=918 est=1092.58
  [FastestO Curve] run=2 frac=0.15 budget_n=1238 est=740.627
  [FastestO Curve] run=2 frac=0.2 budget_n=1482 est=789.82
  [FastestO Curve] run=2 frac=0.3 budget_n=1720 est=750.356
  [FastestO Curve] run=2 frac=0.4 budget_n=1907 est=685.034
  [FastestO Curve] run=2 frac=0.5 budget_n=2000 est=742.304
  [FastestO Curve] run=2 frac=0.6 budget_n=2111 est=846.463
  [FastestO Curve] run=2 frac=0.7 budget_n=2204 est=706.169
  [FastestO Curve] run=2 frac=0.8 budget_n=2301 est=788.659
  [FastestO Curve] run=2 frac=0.9 budget_n=500 est=816.516
  [FastestO Curve] run=3 frac=0.01 budget_n=135 est=482.133
  [FastestO Curve] run=3 frac=0.05 budget_n=543 est=606.341
  [FastestO Curve] run=3 frac=0.075 budget_n=742 est=832.377
  [FastestO Curve] run=3 frac=0.1 budget_n=918 est=800.818
  [FastestO Curve] run=3 frac=0.15 budget_n=1238 est=887.298
  [FastestO Curve] run=3 frac=0.2 budget_n=1482 est=653.701
  [FastestO Curve] run=3 frac=0.3 budget_n=1720 est=842.281
  [FastestO Curve] run=3 frac=0.4 budget_n=1907 est=830.397
  [FastestO Curve] run=3 frac=0.5 budget_n=2000 est=729.227
  [FastestO Curve] run=3 frac=0.6 budget_n=2111 est=733.122
  [FastestO Curve] run=3 frac=0.7 budget_n=2204 est=730.609
  [FastestO Curve] run=3 frac=0.8 budget_n=2301 est=799.692
  [FastestO Curve] run=3 frac=0.9 budget_n=500 est=842.958
  [FastestO Curve] run=4 frac=0.01 budget_n=135 est=1446.4
  [FastestO Curve] run=4 frac=0.05 budget_n=543 est=728.597
  [FastestO Curve] run=4 frac=0.075 budget_n=742 est=764.482
  [FastestO Curve] run=4 frac=0.1 budget_n=918 est=632.8
  [FastestO Curve] run=4 frac=0.15 budget_n=1238 est=881.951
  [FastestO Curve] run=4 frac=0.2 budget_n=1482 est=649.376
  [FastestO Curve] run=4 frac=0.3 budget_n=1720 est=844.316
  [FastestO Curve] run=4 frac=0.4 budget_n=1907 est=790.763
  [FastestO Curve] run=4 frac=0.5 budget_n=2000 est=846.223
  [FastestO Curve] run=4 frac=0.6 budget_n=2111 est=721.424
  [FastestO Curve] run=4 frac=0.7 budget_n=2204 est=665.836
  [FastestO Curve] run=4 frac=0.8 budget_n=2301 est=716.676
  [FastestO Curve] run=4 frac=0.9 budget_n=500 est=572.152
  [FastestO Curve] run=5 frac=0.01 budget_n=135 est=977.297
  [FastestO Curve] run=5 frac=0.05 budget_n=543 est=655.468
  [FastestO Curve] run=5 frac=0.075 budget_n=742 est=614.183
  [FastestO Curve] run=5 frac=0.1 budget_n=918 est=653.311
  [FastestO Curve] run=5 frac=0.15 budget_n=1238 est=801.418
  [FastestO Curve] run=5 frac=0.2 budget_n=1482 est=827.135
  [FastestO Curve] run=5 frac=0.3 budget_n=1720 est=804.496
  [FastestO Curve] run=5 frac=0.4 budget_n=1907 est=825.202
  [FastestO Curve] run=5 frac=0.5 budget_n=2000 est=778.794
  [FastestO Curve] run=5 frac=0.6 budget_n=2111 est=753.795
  [FastestO Curve] run=5 frac=0.7 budget_n=2204 est=779.758
  [FastestO Curve] run=5 frac=0.8 budget_n=2301 est=814.146
  [FastestO Curve] run=5 frac=0.9 budget_n=500 est=856.732
  [Result] #CandTree           : 9040
  [Result] #TreeTrials         : 306
  [Result] #TreeSuccess        : 29
  [Result] #UniqueOracleNodes  : 500.0000
  [Result] Truth               : 9040.0000
  [Result] Est                 : 856.7320
  [Result] logQError           : -1.0233
  [Result] TreeCountTime       : 4.9384
  [Result] QueryTime           : 0.4180
/home/wangshuo/projects/PROXY/datasets/amazon/query_graph_count/query_3_0.graph Finished!

Start Processing (Multi-Predicate) /home/wangshuo/projects/PROXY/datasets/amazon/query_graph_count/query_3_1.graph
[Info] Using explicit query nodes for predicates: 0 2 
[Info] FOIS_nrs base budget not found, will rely strictly on Curve CSV.
[Warning] Requested root label 1 not found in query. Falling back to default root 0
  [FastestO Curve] run=1 frac=0.01 budget_n=135 est=1204.57
  [FastestO Curve] run=1 frac=0.05 budget_n=542 est=964.678
  [FastestO Curve] run=1 frac=0.075 budget_n=726 est=1014.32
  [FastestO Curve] run=1 frac=0.1 budget_n=917 est=919.005
  [FastestO Curve] run=1 frac=0.15 budget_n=1286 est=973.305
  [FastestO Curve] run=1 frac=0.2 budget_n=1566 est=1010.81
  [FastestO Curve] run=1 frac=0.3 budget_n=1874 est=950.946
  [FastestO Curve] run=1 frac=0.4 budget_n=2069 est=978.1
  [FastestO Curve] run=1 frac=0.5 budget_n=2205 est=959.843
  [FastestO Curve] run=1 frac=0.6 budget_n=2327 est=950.146
  [FastestO Curve] run=1 frac=0.7 budget_n=2451 est=946.492
  [FastestO Curve] run=1 frac=0.8 budget_n=2553 est=948.6
  [FastestO Curve] run=1 frac=0.9 budget_n=500 est=828.02
  [FastestO Curve] run=2 frac=0.01 budget_n=135 est=1054
  [FastestO Curve] run=2 frac=0.05 budget_n=542 est=1107.85
  [FastestO Curve] run=2 frac=0.075 budget_n=726 est=937.69
  [FastestO Curve] run=2 frac=0.1 budget_n=917 est=922.784
  [FastestO Curve] run=2 frac=0.15 budget_n=1286 est=918.431
  [FastestO Curve] run=2 frac=0.2 budget_n=1566 est=931.986
  [FastestO Curve] run=2 frac=0.3 budget_n=1874 est=960.769
  [FastestO Curve] run=2 frac=0.4 budget_n=2069 est=963.507
  [FastestO Curve] run=2 frac=0.5 budget_n=2205 est=961.389
  [FastestO Curve] run=2 frac=0.6 budget_n=2327 est=962.794
  [FastestO Curve] run=2 frac=0.7 budget_n=2451 est=941.714
  [FastestO Curve] run=2 frac=0.8 budget_n=2553 est=960.826
  [FastestO Curve] run=2 frac=0.9 budget_n=500 est=830.424
  [FastestO Curve] run=3 frac=0.01 budget_n=135 est=766.545
  [FastestO Curve] run=3 frac=0.05 budget_n=542 est=1148.71
  [FastestO Curve] run=3 frac=0.075 budget_n=726 est=956.284
  [FastestO Curve] run=3 frac=0.1 budget_n=917 est=951.126
  [FastestO Curve] run=3 frac=0.15 budget_n=1286 est=944.782
  [FastestO Curve] run=3 frac=0.2 budget_n=1566 est=979.795
  [FastestO Curve] run=3 frac=0.3 budget_n=1874 est=936.585
  [FastestO Curve] run=3 frac=0.4 budget_n=2069 est=982.566
  [FastestO Curve] run=3 frac=0.5 budget_n=2205 est=967.291
  [FastestO Curve] run=3 frac=0.6 budget_n=2327 est=950.146
  [FastestO Curve] run=3 frac=0.7 budget_n=2451 est=972.35
  [FastestO Curve] run=3 frac=0.8 budget_n=2553 est=959.843
  [FastestO Curve] run=3 frac=0.9 budget_n=500 est=968.725
  [FastestO Curve] run=4 frac=0.01 budget_n=135 est=749.511
  [FastestO Curve] run=4 frac=0.05 budget_n=542 est=851.826
  [FastestO Curve] run=4 frac=0.075 budget_n=726 est=927.817
  [FastestO Curve] run=4 frac=0.1 budget_n=917 est=835.118
  [FastestO Curve] run=4 frac=0.15 budget_n=1286 est=962.025
  [FastestO Curve] run=4 frac=0.2 budget_n=1566 est=981.043
  [FastestO Curve] run=4 frac=0.3 budget_n=1874 est=939.378
  [FastestO Curve] run=4 frac=0.4 budget_n=2069 est=975.939
  [FastestO Curve] run=4 frac=0.5 budget_n=2205 est=949.162
  [FastestO Curve] run=4 frac=0.6 budget_n=2327 est=976.566
  [FastestO Curve] run=4 frac=0.7 budget_n=2451 est=961.951
  [FastestO Curve] run=4 frac=0.8 budget_n=2553 est=957.454
  [FastestO Curve] run=4 frac=0.9 budget_n=500 est=896.468
  [FastestO Curve] run=5 frac=0.01 budget_n=135 est=1472.25
  [FastestO Curve] run=5 frac=0.05 budget_n=542 est=1075.89
  [FastestO Curve] run=5 frac=0.075 budget_n=726 est=1063.92
  [FastestO Curve] run=5 frac=0.1 budget_n=917 est=1100.98
  [FastestO Curve] run=5 frac=0.15 budget_n=1286 est=892.827
  [FastestO Curve] run=5 frac=0.2 budget_n=1566 est=938.525
  [FastestO Curve] run=5 frac=0.3 budget_n=1874 est=920.251
  [FastestO Curve] run=5 frac=0.4 budget_n=2069 est=975.381
  [FastestO Curve] run=5 frac=0.5 budget_n=2205 est=943.541
  [FastestO Curve] run=5 frac=0.6 budget_n=2327 est=929.206
  [FastestO Curve] run=5 frac=0.7 budget_n=2451 est=951.551
  [FastestO Curve] run=5 frac=0.8 budget_n=2553 est=939.465
  [FastestO Curve] run=5 frac=0.9 budget_n=500 est=886.882
  [Result] #CandTree           : 8432
  [Result] #TreeTrials         : 637
  [Result] #TreeSuccess        : 67
  [Result] #UniqueOracleNodes  : 500.0000
  [Result] Truth               : 8432.0000
  [Result] Est                 : 886.8823
  [Result] logQError           : -0.9781
  [Result] TreeCountTime       : 6.3437
  [Result] QueryTime           : 0.5931
/home/wangshuo/projects/PROXY/datasets/amazon/query_graph_count/query_3_1.graph Finished!

Start Processing (Multi-Predicate) /home/wangshuo/projects/PROXY/datasets/amazon/query_graph_count/query_3_10.graph
[Info] Using explicit query nodes for predicates: 0 1 
[Info] FOIS_nrs base budget not found, will rely strictly on Curve CSV.
[Warning] Requested root label 1 not found in query. Falling back to default root 0
  [FastestO Curve] run=1 frac=0.01 budget_n=144 est=1407
  [FastestO Curve] run=1 frac=0.05 budget_n=552 est=1039.61
  [FastestO Curve] run=1 frac=0.075 budget_n=809 est=1189.21
  [FastestO Curve] run=1 frac=0.1 budget_n=987 est=1119.61
  [FastestO Curve] run=1 frac=0.15 budget_n=1325 est=1075.59
  [FastestO Curve] run=1 frac=0.2 budget_n=1652 est=1015.96
  [FastestO Curve] run=1 frac=0.3 budget_n=2015 est=1075.01
  [FastestO Curve] run=1 frac=0.4 budget_n=2210 est=1110.12
  [FastestO Curve] run=1 frac=0.5 budget_n=2332 est=1046.32
  [FastestO Curve] run=1 frac=0.6 budget_n=2458 est=1071.71
  [FastestO Curve] run=1 frac=0.7 budget_n=2556 est=1049.59
  [FastestO Curve] run=1 frac=0.8 budget_n=2668 est=1065.04
  [FastestO Curve] run=1 frac=0.9 budget_n=500 est=1110.5
  [FastestO Curve] run=2 frac=0.01 budget_n=144 est=1001.06
  [FastestO Curve] run=2 frac=0.05 budget_n=552 est=1251.7
  [FastestO Curve] run=2 frac=0.075 budget_n=809 est=1040.89
  [FastestO Curve] run=2 frac=0.1 budget_n=987 est=1082.71
  [FastestO Curve] run=2 frac=0.15 budget_n=1325 est=998.25
  [FastestO Curve] run=2 frac=0.2 budget_n=1652 est=1116.79
  [FastestO Curve] run=2 frac=0.3 budget_n=2015 est=1082.01
  [FastestO Curve] run=2 frac=0.4 budget_n=2210 est=1075.65
  [FastestO Curve] run=2 frac=0.5 budget_n=2332 est=1067.88
  [FastestO Curve] run=2 frac=0.6 budget_n=2458 est=1073.41
  [FastestO Curve] run=2 frac=0.7 budget_n=2556 est=1070.43
  [FastestO Curve] run=2 frac=0.8 budget_n=2668 est=1062.77
  [FastestO Curve] run=2 frac=0.9 budget_n=500 est=946.992
  [FastestO Curve] run=3 frac=0.01 budget_n=144 est=799.503
  [FastestO Curve] run=3 frac=0.05 budget_n=552 est=1118.67
  [FastestO Curve] run=3 frac=0.075 budget_n=809 est=1114.93
  [FastestO Curve] run=3 frac=0.1 budget_n=987 est=1099.06
  [FastestO Curve] run=3 frac=0.15 budget_n=1325 est=1130.55
  [FastestO Curve] run=3 frac=0.2 budget_n=1652 est=1076.42
  [FastestO Curve] run=3 frac=0.3 budget_n=2015 est=1092.79
  [FastestO Curve] run=3 frac=0.4 budget_n=2210 est=1042.44
  [FastestO Curve] run=3 frac=0.5 budget_n=2332 est=1063.2
  [FastestO Curve] run=3 frac=0.6 budget_n=2458 est=1055.12
  [FastestO Curve] run=3 frac=0.7 budget_n=2556 est=1088.73
  [FastestO Curve] run=3 frac=0.8 budget_n=2668 est=1077.95
  [FastestO Curve] run=3 frac=0.9 budget_n=500 est=1122.07
  [FastestO Curve] run=4 frac=0.01 budget_n=144 est=1063.62
  [FastestO Curve] run=4 frac=0.05 budget_n=552 est=1149.24
  [FastestO Curve] run=4 frac=0.075 budget_n=809 est=1077.09
  [FastestO Curve] run=4 frac=0.1 budget_n=987 est=1129.88
  [FastestO Curve] run=4 frac=0.15 budget_n=1325 est=1119.54
  [FastestO Curve] run=4 frac=0.2 budget_n=1652 est=1076.74
  [FastestO Curve] run=4 frac=0.3 budget_n=2015 est=1078.85
  [FastestO Curve] run=4 frac=0.4 budget_n=2210 est=1098.34
  [FastestO Curve] run=4 frac=0.5 budget_n=2332 est=1050.01
  [FastestO Curve] run=4 frac=0.6 budget_n=2458 est=1074.69
  [FastestO Curve] run=4 frac=0.7 budget_n=2556 est=1066.32
  [FastestO Curve] run=4 frac=0.8 budget_n=2668 est=1074.97
  [FastestO Curve] run=4 frac=0.9 budget_n=500 est=1231.38
  [FastestO Curve] run=5 frac=0.01 budget_n=144 est=463.075
  [FastestO Curve] run=5 frac=0.05 budget_n=552 est=1121.16
  [FastestO Curve] run=5 frac=0.075 budget_n=809 est=1012.82
  [FastestO Curve] run=5 frac=0.1 budget_n=987 est=1005.65
  [FastestO Curve] run=5 frac=0.15 budget_n=1325 est=1051.42
  [FastestO Curve] run=5 frac=0.2 budget_n=1652 est=1051.65
  [FastestO Curve] run=5 frac=0.3 budget_n=2015 est=1027.51
  [FastestO Curve] run=5 frac=0.4 budget_n=2210 est=1090.45
  [FastestO Curve] run=5 frac=0.5 budget_n=2332 est=1054.12
  [FastestO Curve] run=5 frac=0.6 budget_n=2458 est=1053.56
  [FastestO Curve] run=5 frac=0.7 budget_n=2556 est=1061.07
  [FastestO Curve] run=5 frac=0.8 budget_n=2668 est=1062.63
  [FastestO Curve] run=5 frac=0.9 budget_n=500 est=1003.42
  [Result] #CandTree           : 8509
  [Result] #TreeTrials         : 636
  [Result] #TreeSuccess        : 75
  [Result] #UniqueOracleNodes  : 500.0000
  [Result] Truth               : 8509.0000
  [Result] Est                 : 1003.4198
  [Result] logQError           : -0.9284
  [Result] TreeCountTime       : 6.5435
  [Result] QueryTime           : 0.5259
/home/wangshuo/projects/PROXY/datasets/amazon/query_graph_count/query_3_10.graph Finished!

Start Processing (Multi-Predicate) /home/wangshuo/projects/PROXY/datasets/amazon/query_graph_count/query_3_100.graph
[Info] Using explicit query nodes for predicates: 0 1 
[Info] FOIS_nrs base budget not found, will rely strictly on Curve CSV.
[Warning] Requested root label 1 not found in query. Falling back to default root 0
  [FastestO Curve] run=1 frac=0.01 budget_n=131 est=1020.25
  [FastestO Curve] run=1 frac=0.05 budget_n=548 est=941.588
  [FastestO Curve] run=1 frac=0.075 budget_n=764 est=964.123
  [FastestO Curve] run=1 frac=0.1 budget_n=934 est=864.415
  [FastestO Curve] run=1 frac=0.15 budget_n=1248 est=905.809
  [FastestO Curve] run=1 frac=0.2 budget_n=1572 est=945.405
  [FastestO Curve] run=1 frac=0.3 budget_n=1884 est=920.562
  [FastestO Curve] run=1 frac=0.4 budget_n=2057 est=950.518
  [FastestO Curve] run=1 frac=0.5 budget_n=2196 est=926.387
  [FastestO Curve] run=1 frac=0.6 budget_n=2326 est=939.067
  [FastestO Curve] run=1 frac=0.7 budget_n=2426 est=930.177
  [FastestO Curve] run=1 frac=0.8 budget_n=2543 est=929.594
  [FastestO Curve] run=1 frac=0.9 budget_n=500 est=906.075
  [FastestO Curve] run=2 frac=0.01 budget_n=131 est=751.523
  [FastestO Curve] run=2 frac=0.05 budget_n=548 est=868.631
  [FastestO Curve] run=2 frac=0.075 budget_n=764 est=799.311
  [FastestO Curve] run=2 frac=0.1 budget_n=934 est=934.071
  [FastestO Curve] run=2 frac=0.15 budget_n=1248 est=956.248
  [FastestO Curve] run=2 frac=0.2 budget_n=1572 est=921.272
  [FastestO Curve] run=2 frac=0.3 budget_n=1884 est=909.099
  [FastestO Curve] run=2 frac=0.4 budget_n=2057 est=933.123
  [FastestO Curve] run=2 frac=0.5 budget_n=2196 est=938.484
  [FastestO Curve] run=2 frac=0.6 budget_n=2326 est=920.849
  [FastestO Curve] run=2 frac=0.7 budget_n=2426 est=938.339
  [FastestO Curve] run=2 frac=0.8 budget_n=2543 est=927.261
  [FastestO Curve] run=2 frac=0.9 budget_n=500 est=914.691
  [FastestO Curve] run=3 frac=0.01 budget_n=131 est=1269.44
  [FastestO Curve] run=3 frac=0.05 budget_n=548 est=844.345
  [FastestO Curve] run=3 frac=0.075 budget_n=764 est=941.663
  [FastestO Curve] run=3 frac=0.1 budget_n=934 est=913.304
  [FastestO Curve] run=3 frac=0.15 budget_n=1248 est=900.549
  [FastestO Curve] run=3 frac=0.2 budget_n=1572 est=908.653
  [FastestO Curve] run=3 frac=0.3 budget_n=1884 est=919.674
  [FastestO Curve] run=3 frac=0.4 budget_n=2057 est=950.212
  [FastestO Curve] run=3 frac=0.5 budget_n=2196 est=918.954
  [FastestO Curve] run=3 frac=0.6 budget_n=2326 est=932.946
  [FastestO Curve] run=3 frac=0.7 budget_n=2426 est=927.99
  [FastestO Curve] run=3 frac=0.8 budget_n=2543 est=936.735
  [FastestO Curve] run=3 frac=0.9 budget_n=500 est=902.367
  [FastestO Curve] run=4 frac=0.01 budget_n=131 est=1057.86
  [FastestO Curve] run=4 frac=0.05 budget_n=548 est=942.503
  [FastestO Curve] run=4 frac=0.075 budget_n=764 est=876.621
  [FastestO Curve] run=4 frac=0.1 budget_n=934 est=967.189
  [FastestO Curve] run=4 frac=0.15 budget_n=1248 est=907.147
  [FastestO Curve] run=4 frac=0.2 budget_n=1572 est=966.374
  [FastestO Curve] run=4 frac=0.3 budget_n=1884 est=947.455
  [FastestO Curve] run=4 frac=0.4 budget_n=2057 est=889.454
  [FastestO Curve] run=4 frac=0.5 budget_n=2196 est=930.177
  [FastestO Curve] run=4 frac=0.6 budget_n=2326 est=930.76
  [FastestO Curve] run=4 frac=0.7 budget_n=2426 est=929.302
  [FastestO Curve] run=4 frac=0.8 budget_n=2543 est=923.035
  [FastestO Curve] run=4 frac=0.9 budget_n=500 est=873.157
  [FastestO Curve] run=5 frac=0.01 budget_n=131 est=542.326
  [FastestO Curve] run=5 frac=0.05 budget_n=548 est=982.059
  [FastestO Curve] run=5 frac=0.075 budget_n=764 est=758.023
  [FastestO Curve] run=5 frac=0.1 budget_n=934 est=861.505
  [FastestO Curve] run=5 frac=0.15 budget_n=1248 est=971.373
  [FastestO Curve] run=5 frac=0.2 budget_n=1572 est=892.613
  [FastestO Curve] run=5 frac=0.3 budget_n=1884 est=927.618
  [FastestO Curve] run=5 frac=0.4 budget_n=2057 est=929.505
  [FastestO Curve] run=5 frac=0.5 budget_n=2196 est=925.221
  [FastestO Curve] run=5 frac=0.6 budget_n=2326 est=938.922
  [FastestO Curve] run=5 frac=0.7 budget_n=2426 est=918.079
  [FastestO Curve] run=5 frac=0.8 budget_n=2543 est=938.922
  [FastestO Curve] run=5 frac=0.9 budget_n=500 est=735.315
  [Result] #CandTree           : 8745
  [Result] #TreeTrials         : 666
  [Result] #TreeSuccess        : 56
  [Result] #UniqueOracleNodes  : 500.0000
  [Result] Truth               : 8745.0000
  [Result] Est                 : 735.3153
  [Result] logQError           : -1.0753
  [Result] TreeCountTime       : 6.6758
  [Result] QueryTime           : 0.8558
/home/wangshuo/projects/PROXY/datasets/amazon/query_graph_count/query_3_100.graph Finished!

Start Processing (Multi-Predicate) /home/wangshuo/projects/PROXY/datasets/amazon/query_graph_count/query_3_101.graph
[Info] Using explicit query nodes for predicates: 0 1 
[Info] FOIS_nrs base budget not found, will rely strictly on Curve CSV.
[Warning] Requested root label 1 not found in query. Falling back to default root 0
  [FastestO Curve] run=1 frac=0.01 budget_n=131 est=905.917
  [FastestO Curve] run=1 frac=0.05 budget_n=555 est=1021.7
  [FastestO Curve] run=1 frac=0.075 budget_n=748 est=972.923
  [FastestO Curve] run=1 frac=0.1 budget_n=942 est=919.435
  [FastestO Curve] run=1 frac=0.15 budget_n=1244 est=946.978
  [FastestO Curve] run=1 frac=0.2 budget_n=1569 est=933.894
  [FastestO Curve] run=1 frac=0.3 budget_n=1872 est=967.213
  [FastestO Curve] run=1 frac=0.4 budget_n=2043 est=945.032
  [FastestO Curve] run=1 frac=0.5 budget_n=2199 est=971.647
  [FastestO Curve] run=1 frac=0.6 budget_n=2337 est=938.622
  [FastestO Curve] run=1 frac=0.7 budget_n=2448 est=967.15
  [FastestO Curve] run=1 frac=0.8 budget_n=2550 est=941.854
  [FastestO Curve] run=1 frac=0.9 budget_n=500 est=1014.96
  [FastestO Curve] run=2 frac=0.01 budget_n=131 est=719.008
  [FastestO Curve] run=2 frac=0.05 budget_n=555 est=947.284
  [FastestO Curve] run=2 frac=0.075 budget_n=748 est=1046.47
  [FastestO Curve] run=2 frac=0.1 budget_n=942 est=896.615
  [FastestO Curve] run=2 frac=0.15 budget_n=1244 est=888.09
  [FastestO Curve] run=2 frac=0.2 budget_n=1569 est=959.452
  [FastestO Curve] run=2 frac=0.3 budget_n=1872 est=939.135
  [FastestO Curve] run=2 frac=0.4 budget_n=2043 est=961.365
  [FastestO Curve] run=2 frac=0.5 budget_n=2199 est=956.891
  [FastestO Curve] run=2 frac=0.6 budget_n=2337 est=952.113
  [FastestO Curve] run=2 frac=0.7 budget_n=2448 est=953.94
  [FastestO Curve] run=2 frac=0.8 budget_n=2550 est=986.544
  [FastestO Curve] run=2 frac=0.9 budget_n=500 est=831.857
  [FastestO Curve] run=3 frac=0.01 budget_n=131 est=1054
  [FastestO Curve] run=3 frac=0.05 budget_n=555 est=1036.53
  [FastestO Curve] run=3 frac=0.075 budget_n=748 est=889.019
  [FastestO Curve] run=3 frac=0.1 budget_n=942 est=870.67
  [FastestO Curve] run=3 frac=0.15 budget_n=1244 est=934.364
  [FastestO Curve] run=3 frac=0.2 budget_n=1569 est=982.616
  [FastestO Curve] run=3 frac=0.3 budget_n=1872 est=967.747
  [FastestO Curve] run=3 frac=0.4 budget_n=2043 est=976.361
  [FastestO Curve] run=3 frac=0.5 budget_n=2199 est=963.356
  [FastestO Curve] run=3 frac=0.6 budget_n=2337 est=950.005
  [FastestO Curve] run=3 frac=0.7 budget_n=2448 est=936.233
  [FastestO Curve] run=3 frac=0.8 budget_n=2550 est=957.313
  [FastestO Curve] run=3 frac=0.9 budget_n=500 est=1041.52
  [FastestO Curve] run=4 frac=0.01 budget_n=131 est=1133.71
  [FastestO Curve] run=4 frac=0.05 budget_n=555 est=1022.43
  [FastestO Curve] run=4 frac=0.075 budget_n=748 est=1059.33
  [FastestO Curve] run=4 frac=0.1 budget_n=942 est=1069.05
  [FastestO Curve] run=4 frac=0.15 budget_n=1244 est=925.658
  [FastestO Curve] run=4 frac=0.2 budget_n=1569 est=916.8
  [FastestO Curve] run=4 frac=0.3 budget_n=1872 est=948.741
  [FastestO Curve] run=4 frac=0.4 budget_n=2043 est=961.54
  [FastestO Curve] run=4 frac=0.5 budget_n=2199 est=941.573
  [FastestO Curve] run=4 frac=0.6 budget_n=2337 est=958.859
  [FastestO Curve] run=4 frac=0.7 budget_n=2448 est=964.902
  [FastestO Curve] run=4 frac=0.8 budget_n=2550 est=955.908
  [FastestO Curve] run=4 frac=0.9 budget_n=500 est=897.6
  [FastestO Curve] run=5 frac=0.01 budget_n=131 est=638.788
  [FastestO Curve] run=5 frac=0.05 budget_n=555 est=1095.68
  [FastestO Curve] run=5 frac=0.075 budget_n=748 est=1041.99
  [FastestO Curve] run=5 frac=0.1 budget_n=942 est=955.533
  [FastestO Curve] run=5 frac=0.15 budget_n=1244 est=857.693
  [FastestO Curve] run=5 frac=0.2 budget_n=1569 est=949.103
  [FastestO Curve] run=5 frac=0.3 budget_n=1872 est=945.425
  [FastestO Curve] run=5 frac=0.4 budget_n=2043 est=924.641
  [FastestO Curve] run=5 frac=0.5 budget_n=2199 est=944.665
  [FastestO Curve] run=5 frac=0.6 budget_n=2337 est=949.303
  [FastestO Curve] run=5 frac=0.7 budget_n=2448 est=956.891
  [FastestO Curve] run=5 frac=0.8 budget_n=2550 est=934.266
  [FastestO Curve] run=5 frac=0.9 budget_n=500 est=988.769
  [Result] #CandTree           : 8432
  [Result] #TreeTrials         : 614
  [Result] #TreeSuccess        : 72
  [Result] #UniqueOracleNodes  : 500.0000
  [Result] Truth               : 8432.0000
  [Result] Est                 : 988.7687
  [Result] logQError           : -0.9308
  [Result] TreeCountTime       : 6.6845
  [Result] QueryTime           : 0.6461
/home/wangshuo/projects/PROXY/datasets/amazon/query_graph_count/query_3_101.graph Finished!

Start Processing (Multi-Predicate) /home/wangshuo/projects/PROXY/datasets/amazon/query_graph_count/query_3_102.graph
[Info] Using explicit query nodes for predicates: 1 2 
[Info] FOIS_nrs base budget not found, will rely strictly on Curve CSV.
[Warning] Requested root label 1 not found in query. Falling back to default root 2
  [FastestO Curve] run=1 frac=0.01 budget_n=138 est=343.291
  [FastestO Curve] run=1 frac=0.05 budget_n=563 est=869.738
  [FastestO Curve] run=1 frac=0.075 budget_n=725 est=823.644
  [FastestO Curve] run=1 frac=0.1 budget_n=916 est=732.973
  [FastestO Curve] run=1 frac=0.15 budget_n=1230 est=880.38
  [FastestO Curve] run=1 frac=0.2 budget_n=1467 est=741.832
  [FastestO Curve] run=1 frac=0.3 budget_n=1728 est=756.938
  [FastestO Curve] run=1 frac=0.4 budget_n=1904 est=605.188
  [FastestO Curve] run=1 frac=0.5 budget_n=1985 est=791.44
  [FastestO Curve] run=1 frac=0.6 budget_n=2085 est=775.654
  [FastestO Curve] run=1 frac=0.7 budget_n=2202 est=774.708
  [FastestO Curve] run=1 frac=0.8 budget_n=2306 est=749.659
  [FastestO Curve] run=1 frac=0.9 budget_n=500 est=745.875
  [FastestO Curve] run=2 frac=0.01 budget_n=138 est=904
  [FastestO Curve] run=2 frac=0.05 budget_n=563 est=917.101
  [FastestO Curve] run=2 frac=0.075 budget_n=725 est=681.897
  [FastestO Curve] run=2 frac=0.1 budget_n=916 est=499.698
  [FastestO Curve] run=2 frac=0.15 budget_n=1230 est=954.401
  [FastestO Curve] run=2 frac=0.2 budget_n=1467 est=810.954
  [FastestO Curve] run=2 frac=0.3 budget_n=1728 est=652.371
  [FastestO Curve] run=2 frac=0.4 budget_n=1904 est=898.385
  [FastestO Curve] run=2 frac=0.5 budget_n=1985 est=675.162
  [FastestO Curve] run=2 frac=0.6 budget_n=2085 est=705.131
  [FastestO Curve] run=2 frac=0.7 budget_n=2202 est=707.157
  [FastestO Curve] run=2 frac=0.8 budget_n=2306 est=722.408
  [FastestO Curve] run=2 frac=0.9 budget_n=500 est=851.169
  [FastestO Curve] run=3 frac=0.01 budget_n=138 est=704.416
  [FastestO Curve] run=3 frac=0.05 budget_n=563 est=935.172
  [FastestO Curve] run=3 frac=0.075 budget_n=725 est=728.715
  [FastestO Curve] run=3 frac=0.1 budget_n=916 est=735.814
  [FastestO Curve] run=3 frac=0.15 budget_n=1230 est=812.95
  [FastestO Curve] run=3 frac=0.2 budget_n=1467 est=815.373
  [FastestO Curve] run=3 frac=0.3 budget_n=1728 est=936.641
  [FastestO Curve] run=3 frac=0.4 budget_n=1904 est=758.071
  [FastestO Curve] run=3 frac=0.5 budget_n=1985 est=800.262
  [FastestO Curve] run=3 frac=0.6 budget_n=2085 est=821.317
  [FastestO Curve] run=3 frac=0.7 budget_n=2202 est=807.786
  [FastestO Curve] run=3 frac=0.8 budget_n=2306 est=897.589
  [FastestO Curve] run=3 frac=0.9 budget_n=500 est=827.19
  [FastestO Curve] run=4 frac=0.01 budget_n=138 est=1687.47
  [FastestO Curve] run=4 frac=0.05 budget_n=563 est=729.452
  [FastestO Curve] run=4 frac=0.075 budget_n=725 est=866.58
  [FastestO Curve] run=4 frac=0.1 budget_n=916 est=657.455
  [FastestO Curve] run=4 frac=0.15 budget_n=1230 est=604.08
  [FastestO Curve] run=4 frac=0.2 budget_n=1467 est=912.777
  [FastestO Curve] run=4 frac=0.3 budget_n=1728 est=709.16
  [FastestO Curve] run=4 frac=0.4 budget_n=1904 est=768.022
  [FastestO Curve] run=4 frac=0.5 budget_n=1985 est=788.196
  [FastestO Curve] run=4 frac=0.6 budget_n=2085 est=706.076
  [FastestO Curve] run=4 frac=0.7 budget_n=2202 est=775.762
  [FastestO Curve] run=4 frac=0.8 budget_n=2306 est=739.368
  [FastestO Curve] run=4 frac=0.9 budget_n=500 est=706.71
  [FastestO Curve] run=5 frac=0.01 budget_n=138 est=1029.87
  [FastestO Curve] run=5 frac=0.05 budget_n=563 est=666.667
  [FastestO Curve] run=5 frac=0.075 budget_n=725 est=480
  [FastestO Curve] run=5 frac=0.1 budget_n=916 est=1004.44
  [FastestO Curve] run=5 frac=0.15 budget_n=1230 est=681.461
  [FastestO Curve] run=5 frac=0.2 budget_n=1467 est=742.541
  [FastestO Curve] run=5 frac=0.3 budget_n=1728 est=775.663
  [FastestO Curve] run=5 frac=0.4 budget_n=1904 est=804.248
  [FastestO Curve] run=5 frac=0.5 budget_n=1985 est=711.344
  [FastestO Curve] run=5 frac=0.6 budget_n=2085 est=781.508
  [FastestO Curve] run=5 frac=0.7 budget_n=2202 est=743.23
  [FastestO Curve] run=5 frac=0.8 budget_n=2306 est=785.451
  [FastestO Curve] run=5 frac=0.9 budget_n=500 est=730.505
  [Result] #CandTree           : 9040
  [Result] #TreeTrials         : 297
  [Result] #TreeSuccess        : 24
  [Result] #UniqueOracleNodes  : 500.0000
  [Result] Truth               : 9040.0000
  [Result] Est                 : 730.5051
  [Result] logQError           : -1.0925
  [Result] TreeCountTime       : 6.9599
  [Result] QueryTime           : 0.4243
/home/wangshuo/projects/PROXY/datasets/amazon/query_graph_count/query_3_102.graph Finished!

Start Processing (Multi-Predicate) /home/wangshuo/projects/PROXY/datasets/amazon/query_graph_count/query_3_103.graph
[Info] Using explicit query nodes for predicates: 2 
[Info] FOIS_nrs base budget not found, will rely strictly on Curve CSV.
[Warning] Requested root label 1 not found in query. Falling back to default root 1
  [FastestO Curve] run=1 frac=0.01 budget_n=132 est=10357.9
  [FastestO Curve] run=1 frac=0.05 budget_n=660 est=10049.8
  [FastestO Curve] run=1 frac=0.075 budget_n=990 est=10047.5
  [FastestO Curve] run=1 frac=0.1 budget_n=1320 est=10230.9
  [FastestO Curve] run=1 frac=0.15 budget_n=1980 est=10016.2
  [FastestO Curve] run=1 frac=0.2 budget_n=2640 est=10154.9
  [FastestO Curve] run=1 frac=0.3 budget_n=3960 est=9962.68
  [FastestO Curve] run=1 frac=0.4 budget_n=5280 est=10096.3
  [FastestO Curve] run=1 frac=0.5 budget_n=6602 est=10029.4
  [FastestO Curve] run=1 frac=0.6 budget_n=7922 est=10139.2
  [FastestO Curve] run=1 frac=0.7 budget_n=9242 est=10151.2
  [FastestO Curve] run=1 frac=0.8 budget_n=10562 est=10133.7
  [FastestO Curve] run=1 frac=0.9 budget_n=500 est=10173
  [FastestO Curve] run=2 frac=0.01 budget_n=132 est=9481.09
  [FastestO Curve] run=2 frac=0.05 budget_n=660 est=10013.1
  [FastestO Curve] run=2 frac=0.075 budget_n=990 est=9947.5
  [FastestO Curve] run=2 frac=0.1 budget_n=1320 est=9901.59
  [FastestO Curve] run=2 frac=0.15 budget_n=1980 est=10225.9
  [FastestO Curve] run=2 frac=0.2 budget_n=2640 est=10117.6
  [FastestO Curve] run=2 frac=0.3 budget_n=3960 est=9994.44
  [FastestO Curve] run=2 frac=0.4 budget_n=5280 est=9985.68
  [FastestO Curve] run=2 frac=0.5 budget_n=6602 est=10179.8
  [FastestO Curve] run=2 frac=0.6 budget_n=7922 est=10063.9
  [FastestO Curve] run=2 frac=0.7 budget_n=9242 est=10169.7
  [FastestO Curve] run=2 frac=0.8 budget_n=10562 est=10156.9
  [FastestO Curve] run=2 frac=0.9 budget_n=500 est=10525.1
  [FastestO Curve] run=3 frac=0.01 budget_n=132 est=9387.22
  [FastestO Curve] run=3 frac=0.05 budget_n=660 est=10134.9
  [FastestO Curve] run=3 frac=0.075 budget_n=990 est=10310.6
  [FastestO Curve] run=3 frac=0.1 budget_n=1320 est=10256.8
  [FastestO Curve] run=3 frac=0.15 budget_n=1980 est=10118.1
  [FastestO Curve] run=3 frac=0.2 budget_n=2640 est=10114.1
  [FastestO Curve] run=3 frac=0.3 budget_n=3960 est=10051.1
  [FastestO Curve] run=3 frac=0.4 budget_n=5280 est=10203.7
  [FastestO Curve] run=3 frac=0.5 budget_n=6602 est=10124.7
  [FastestO Curve] run=3 frac=0.6 budget_n=7922 est=10187.4
  [FastestO Curve] run=3 frac=0.7 budget_n=9242 est=10136.1
  [FastestO Curve] run=3 frac=0.8 budget_n=10562 est=10084.7
  [FastestO Curve] run=3 frac=0.9 budget_n=500 est=10392
  [FastestO Curve] run=4 frac=0.01 budget_n=132 est=9950.45
  [FastestO Curve] run=4 frac=0.05 budget_n=660 est=10035.9
  [FastestO Curve] run=4 frac=0.075 budget_n=990 est=10088.6
  [FastestO Curve] run=4 frac=0.1 budget_n=1320 est=10367.7
  [FastestO Curve] run=4 frac=0.15 budget_n=1980 est=10091.4
  [FastestO Curve] run=4 frac=0.2 budget_n=2640 est=10227.2
  [FastestO Curve] run=4 frac=0.3 budget_n=3960 est=10118
  [FastestO Curve] run=4 frac=0.4 budget_n=5280 est=10117.7
  [FastestO Curve] run=4 frac=0.5 budget_n=6602 est=10159.2
  [FastestO Curve] run=4 frac=0.6 budget_n=7922 est=10081
  [FastestO Curve] run=4 frac=0.7 budget_n=9242 est=10123.7
  [FastestO Curve] run=4 frac=0.8 budget_n=10562 est=10142
  [FastestO Curve] run=4 frac=0.9 budget_n=500 est=10294.6
  [FastestO Curve] run=5 frac=0.01 budget_n=132 est=10435.2
  [FastestO Curve] run=5 frac=0.05 budget_n=660 est=9940.4
  [FastestO Curve] run=5 frac=0.075 budget_n=990 est=10224.7
  [FastestO Curve] run=5 frac=0.1 budget_n=1320 est=10399.8
  [FastestO Curve] run=5 frac=0.15 budget_n=1980 est=10121.9
  [FastestO Curve] run=5 frac=0.2 budget_n=2640 est=10173.1
  [FastestO Curve] run=5 frac=0.3 budget_n=3960 est=10140.6
  [FastestO Curve] run=5 frac=0.4 budget_n=5280 est=10029.5
  [FastestO Curve] run=5 frac=0.5 budget_n=6602 est=10091.4
  [FastestO Curve] run=5 frac=0.6 budget_n=7922 est=10071.8
  [FastestO Curve] run=5 frac=0.7 budget_n=9242 est=10053.8
  [FastestO Curve] run=5 frac=0.8 budget_n=10562 est=10097.2
  [FastestO Curve] run=5 frac=0.9 budget_n=500 est=9838.85
  [Result] #CandTree           : 1.248e+04
  [Result] #TreeTrials         : 519
  [Result] #TreeSuccess        : 409
  [Result] #UniqueOracleNodes  : 500.0000
  [Result] Truth               : 12485.0000
  [Result] Est                 : 9838.8536
  [Result] logQError           : -0.1034
  [Result] TreeCountTime       : 10.0981
  [Result] QueryTime           : 0.6341
/home/wangshuo/projects/PROXY/datasets/amazon/query_graph_count/query_3_103.graph Finished!

Start Processing (Multi-Predicate) /home/wangshuo/projects/PROXY/datasets/amazon/query_graph_count/query_3_104.graph
[Info] Using explicit query nodes for predicates: 0 1 
[Info] FOIS_nrs base budget not found, will rely strictly on Curve CSV.
[Warning] Requested root label 1 not found in query. Falling back to default root 1
  [FastestO Curve] run=1 frac=0.01 budget_n=138 est=1013.06
  [FastestO Curve] run=1 frac=0.05 budget_n=531 est=617.165
  [FastestO Curve] run=1 frac=0.075 budget_n=723 est=776.293
  [FastestO Curve] run=1 frac=0.1 budget_n=921 est=730.135
  [FastestO Curve] run=1 frac=0.15 budget_n=1218 est=686.822
  [FastestO Curve] run=1 frac=0.2 budget_n=1466 est=823.314
  [FastestO Curve] run=1 frac=0.3 budget_n=1724 est=774.472
  [FastestO Curve] run=1 frac=0.4 budget_n=1893 est=805.678
  [FastestO Curve] run=1 frac=0.5 budget_n=2020 est=747.474
  [FastestO Curve] run=1 frac=0.6 budget_n=2111 est=686.456
  [FastestO Curve] run=1 frac=0.7 budget_n=2214 est=760.696
  [FastestO Curve] run=1 frac=0.8 budget_n=2304 est=843.294
  [FastestO Curve] run=1 frac=0.9 budget_n=500 est=701.688
  [FastestO Curve] run=2 frac=0.01 budget_n=138 est=325.482
  [FastestO Curve] run=2 frac=0.05 budget_n=531 est=1090.67
  [FastestO Curve] run=2 frac=0.075 budget_n=723 est=768.479
  [FastestO Curve] run=2 frac=0.1 budget_n=921 est=658.173
  [FastestO Curve] run=2 frac=0.15 budget_n=1218 est=695.987
  [FastestO Curve] run=2 frac=0.2 budget_n=1466 est=746.129
  [FastestO Curve] run=2 frac=0.3 budget_n=1724 est=840.179
  [FastestO Curve] run=2 frac=0.4 budget_n=1893 est=690.322
  [FastestO Curve] run=2 frac=0.5 budget_n=2020 est=763.531
  [FastestO Curve] run=2 frac=0.6 budget_n=2111 est=812.107
  [FastestO Curve] run=2 frac=0.7 budget_n=2214 est=725.303
  [FastestO Curve] run=2 frac=0.8 budget_n=2304 est=889.139
  [FastestO Curve] run=2 frac=0.9 budget_n=500 est=843.278
  [FastestO Curve] run=3 frac=0.01 budget_n=138 est=973.514
  [FastestO Curve] run=3 frac=0.05 budget_n=531 est=900.5
  [FastestO Curve] run=3 frac=0.075 budget_n=723 est=808.141
  [FastestO Curve] run=3 frac=0.1 budget_n=921 est=739.327
  [FastestO Curve] run=3 frac=0.15 budget_n=1218 est=1022.07
  [FastestO Curve] run=3 frac=0.2 budget_n=1466 est=941.872
  [FastestO Curve] run=3 frac=0.3 budget_n=1724 est=787.401
  [FastestO Curve] run=3 frac=0.4 budget_n=1893 est=908.067
  [FastestO Curve] run=3 frac=0.5 budget_n=2020 est=794.9
  [FastestO Curve] run=3 frac=0.6 budget_n=2111 est=732.647
  [FastestO Curve] run=3 frac=0.7 budget_n=2214 est=716.073
  [FastestO Curve] run=3 frac=0.8 budget_n=2304 est=713.364
  [FastestO Curve] run=3 frac=0.9 budget_n=500 est=853.415
  [FastestO Curve] run=4 frac=0.01 budget_n=138 est=935.584
  [FastestO Curve] run=4 frac=0.05 budget_n=531 est=811.261
  [FastestO Curve] run=4 frac=0.075 budget_n=723 est=818.636
  [FastestO Curve] run=4 frac=0.1 budget_n=921 est=838.701
  [FastestO Curve] run=4 frac=0.15 budget_n=1218 est=764.061
  [FastestO Curve] run=4 frac=0.2 budget_n=1466 est=869.448
  [FastestO Curve] run=4 frac=0.3 budget_n=1724 est=658.726
  [FastestO Curve] run=4 frac=0.4 budget_n=1893 est=787.938
  [FastestO Curve] run=4 frac=0.5 budget_n=2020 est=726.021
  [FastestO Curve] run=4 frac=0.6 budget_n=2111 est=851.602
  [FastestO Curve] run=4 frac=0.7 budget_n=2214 est=786.644
  [FastestO Curve] run=4 frac=0.8 budget_n=2304 est=767.331
  [FastestO Curve] run=4 frac=0.9 budget_n=500 est=765.131
  [FastestO Curve] run=5 frac=0.01 budget_n=138 est=555.864
  [FastestO Curve] run=5 frac=0.05 budget_n=531 est=705.211
  [FastestO Curve] run=5 frac=0.075 budget_n=723 est=811.609
  [FastestO Curve] run=5 frac=0.1 budget_n=921 est=692.692
  [FastestO Curve] run=5 frac=0.15 budget_n=1218 est=636.281
  [FastestO Curve] run=5 frac=0.2 budget_n=1466 est=788.696
  [FastestO Curve] run=5 frac=0.3 budget_n=1724 est=794.142
  [FastestO Curve] run=5 frac=0.4 budget_n=1893 est=793.64
  [FastestO Curve] run=5 frac=0.5 budget_n=2020 est=753.314
  [FastestO Curve] run=5 frac=0.6 budget_n=2111 est=726.565
  [FastestO Curve] run=5 frac=0.7 budget_n=2214 est=664.729
  [FastestO Curve] run=5 frac=0.8 budget_n=2304 est=734.8
  [FastestO Curve] run=5 frac=0.9 budget_n=500 est=582.848
  [Result] #CandTree           : 9005
  [Result] #TreeTrials         : 309
  [Result] #TreeSuccess        : 20
  [Result] #UniqueOracleNodes  : 500.0000
  [Result] Truth               : 9005.0000
  [Result] Est                 : 582.8479
  [Result] logQError           : -1.1889
  [Result] TreeCountTime       : 8.0746
  [Result] QueryTime           : 0.4452
/home/wangshuo/projects/PROXY/datasets/amazon/query_graph_count/query_3_104.graph Finished!

Start Processing (Multi-Predicate) /home/wangshuo/projects/PROXY/datasets/amazon/query_graph_count/query_3_105.graph
[Info] Using explicit query nodes for predicates: 0 
[Info] FOIS_nrs base budget not found, will rely strictly on Curve CSV.
[Warning] Requested root label 1 not found in query. Falling back to default root 1
  [FastestO Curve] run=1 frac=0.01 budget_n=134 est=10990.6
  [FastestO Curve] run=1 frac=0.05 budget_n=668 est=10284.7
  [FastestO Curve] run=1 frac=0.075 budget_n=1001 est=10490.6
  [FastestO Curve] run=1 frac=0.1 budget_n=1336 est=10032.1
  [FastestO Curve] run=1 frac=0.15 budget_n=2003 est=10379.4
  [FastestO Curve] run=1 frac=0.2 budget_n=2672 est=10067.7
  [FastestO Curve] run=1 frac=0.3 budget_n=4007 est=10344.9
  [FastestO Curve] run=1 frac=0.4 budget_n=5344 est=10327.9
  [FastestO Curve] run=1 frac=0.5 budget_n=6680 est=10340.5
  [FastestO Curve] run=1 frac=0.6 budget_n=8015 est=10376.7
  [FastestO Curve] run=1 frac=0.7 budget_n=9352 est=10415.4
  [FastestO Curve] run=1 frac=0.8 budget_n=10688 est=10345.5
  [FastestO Curve] run=1 frac=0.9 budget_n=500 est=10473
  [FastestO Curve] run=2 frac=0.01 budget_n=134 est=10564.6
  [FastestO Curve] run=2 frac=0.05 budget_n=668 est=10438.1
  [FastestO Curve] run=2 frac=0.075 budget_n=1001 est=10142.4
  [FastestO Curve] run=2 frac=0.1 budget_n=1336 est=10263
  [FastestO Curve] run=2 frac=0.15 budget_n=2003 est=10450.5
  [FastestO Curve] run=2 frac=0.2 budget_n=2672 est=10295.5
  [FastestO Curve] run=2 frac=0.3 budget_n=4007 est=10330.1
  [FastestO Curve] run=2 frac=0.4 budget_n=5344 est=10370.1
  [FastestO Curve] run=2 frac=0.5 budget_n=6680 est=10307
  [FastestO Curve] run=2 frac=0.6 budget_n=8015 est=10369.1
  [FastestO Curve] run=2 frac=0.7 budget_n=9352 est=10311.2
  [FastestO Curve] run=2 frac=0.8 budget_n=10688 est=10371.5
  [FastestO Curve] run=2 frac=0.9 budget_n=500 est=10346.7
  [FastestO Curve] run=3 frac=0.01 budget_n=134 est=10422.1
  [FastestO Curve] run=3 frac=0.05 budget_n=668 est=10444.7
  [FastestO Curve] run=3 frac=0.075 budget_n=1001 est=10477.5
  [FastestO Curve] run=3 frac=0.1 budget_n=1336 est=10475.3
  [FastestO Curve] run=3 frac=0.15 budget_n=2003 est=10521.3
  [FastestO Curve] run=3 frac=0.2 budget_n=2672 est=10286.2
  [FastestO Curve] run=3 frac=0.3 budget_n=4007 est=10344.6
  [FastestO Curve] run=3 frac=0.4 budget_n=5344 est=10374.9
  [FastestO Curve] run=3 frac=0.5 budget_n=6680 est=10365.3
  [FastestO Curve] run=3 frac=0.6 budget_n=8015 est=10295.2
  [FastestO Curve] run=3 frac=0.7 budget_n=9352 est=10369.5
  [FastestO Curve] run=3 frac=0.8 budget_n=10688 est=10385.4
  [FastestO Curve] run=3 frac=0.9 budget_n=500 est=10314
  [FastestO Curve] run=4 frac=0.01 budget_n=134 est=10828.9
  [FastestO Curve] run=4 frac=0.05 budget_n=668 est=10362.6
  [FastestO Curve] run=4 frac=0.075 budget_n=1001 est=10506.6
  [FastestO Curve] run=4 frac=0.1 budget_n=1336 est=10516.8
  [FastestO Curve] run=4 frac=0.15 budget_n=2003 est=10381.4
  [FastestO Curve] run=4 frac=0.2 budget_n=2672 est=10210.7
  [FastestO Curve] run=4 frac=0.3 budget_n=4007 est=10421.3
  [FastestO Curve] run=4 frac=0.4 budget_n=5344 est=10425.6
  [FastestO Curve] run=4 frac=0.5 budget_n=6680 est=10387.7
  [FastestO Curve] run=4 frac=0.6 budget_n=8015 est=10340.5
  [FastestO Curve] run=4 frac=0.7 budget_n=9352 est=10408.6
  [FastestO Curve] run=4 frac=0.8 budget_n=10688 est=10375.9
  [FastestO Curve] run=4 frac=0.9 budget_n=500 est=10567.6
  [FastestO Curve] run=5 frac=0.01 budget_n=134 est=10922.3
  [FastestO Curve] run=5 frac=0.05 budget_n=668 est=10540.4
  [FastestO Curve] run=5 frac=0.075 budget_n=1001 est=10373.3
  [FastestO Curve] run=5 frac=0.1 budget_n=1336 est=10399.8
  [FastestO Curve] run=5 frac=0.15 budget_n=2003 est=10304.9
  [FastestO Curve] run=5 frac=0.2 budget_n=2672 est=10189.3
  [FastestO Curve] run=5 frac=0.3 budget_n=4007 est=10311
  [FastestO Curve] run=5 frac=0.4 budget_n=5344 est=10293.4
  [FastestO Curve] run=5 frac=0.5 budget_n=6680 est=10338.8
  [FastestO Curve] run=5 frac=0.6 budget_n=8015 est=10408.7
  [FastestO Curve] run=5 frac=0.7 budget_n=9352 est=10356.9
  [FastestO Curve] run=5 frac=0.8 budget_n=10688 est=10344.8
  [FastestO Curve] run=5 frac=0.9 budget_n=500 est=10186.6
  [Result] #CandTree           : 1.27e+04
  [Result] #TreeTrials         : 511
  [Result] #TreeSuccess        : 410
  [Result] #UniqueOracleNodes  : 500.0000
  [Result] Truth               : 12696.0000
  [Result] Est                 : 10186.6145
  [Result] logQError           : -0.0956
  [Result] TreeCountTime       : 8.8709
  [Result] QueryTime           : 0.7014
/home/wangshuo/projects/PROXY/datasets/amazon/query_graph_count/query_3_105.graph Finished!

Start Processing (Multi-Predicate) /home/wangshuo/projects/PROXY/datasets/amazon/query_graph_count/query_3_106.graph
[Info] Using explicit query nodes for predicates: 1 2 
[Info] FOIS_nrs base budget not found, will rely strictly on Curve CSV.
[Warning] Requested root label 1 not found in query. Falling back to default root 1
  [FastestO Curve] run=1 frac=0.01 budget_n=138 est=1035.11
  [FastestO Curve] run=1 frac=0.05 budget_n=527 est=697.371
  [FastestO Curve] run=1 frac=0.075 budget_n=735 est=865.368
  [FastestO Curve] run=1 frac=0.1 budget_n=930 est=812.737
  [FastestO Curve] run=1 frac=0.15 budget_n=1236 est=768.804
  [FastestO Curve] run=1 frac=0.2 budget_n=1468 est=796.892
  [FastestO Curve] run=1 frac=0.3 budget_n=1725 est=761.356
  [FastestO Curve] run=1 frac=0.4 budget_n=1890 est=743.283
  [FastestO Curve] run=1 frac=0.5 budget_n=2002 est=762.976
  [FastestO Curve] run=1 frac=0.6 budget_n=2098 est=763.428
  [FastestO Curve] run=1 frac=0.7 budget_n=2199 est=753.785
  [FastestO Curve] run=1 frac=0.8 budget_n=2304 est=776.084
  [FastestO Curve] run=1 frac=0.9 budget_n=500 est=694.357
  [FastestO Curve] run=2 frac=0.01 budget_n=138 est=857.81
  [FastestO Curve] run=2 frac=0.05 budget_n=527 est=802.441
  [FastestO Curve] run=2 frac=0.075 budget_n=735 est=634.386
  [FastestO Curve] run=2 frac=0.1 budget_n=930 est=723.553
  [FastestO Curve] run=2 frac=0.15 budget_n=1236 est=788.091
  [FastestO Curve] run=2 frac=0.2 budget_n=1468 est=767.807
  [FastestO Curve] run=2 frac=0.3 budget_n=1725 est=773.988
  [FastestO Curve] run=2 frac=0.4 budget_n=1890 est=735.387
  [FastestO Curve] run=2 frac=0.5 budget_n=2002 est=780.604
  [FastestO Curve] run=2 frac=0.6 budget_n=2098 est=767.496
  [FastestO Curve] run=2 frac=0.7 budget_n=2199 est=760.565
  [FastestO Curve] run=2 frac=0.8 budget_n=2304 est=764.784
  [FastestO Curve] run=2 frac=0.9 budget_n=500 est=780.031
  [FastestO Curve] run=3 frac=0.01 budget_n=138 est=705.248
  [FastestO Curve] run=3 frac=0.05 budget_n=527 est=759.664
  [FastestO Curve] run=3 frac=0.075 budget_n=735 est=841.1
  [FastestO Curve] run=3 frac=0.1 budget_n=930 est=744.311
  [FastestO Curve] run=3 frac=0.15 budget_n=1236 est=686.366
  [FastestO Curve] run=3 frac=0.2 budget_n=1468 est=765.991
  [FastestO Curve] run=3 frac=0.3 budget_n=1725 est=801.088
  [FastestO Curve] run=3 frac=0.4 budget_n=1890 est=775.912
  [FastestO Curve] run=3 frac=0.5 budget_n=2002 est=764.332
  [FastestO Curve] run=3 frac=0.6 budget_n=2098 est=758.607
  [FastestO Curve] run=3 frac=0.7 budget_n=2199 est=760.867
  [FastestO Curve] run=3 frac=0.8 budget_n=2304 est=763.729
  [FastestO Curve] run=3 frac=0.9 budget_n=500 est=713.684
  [FastestO Curve] run=4 frac=0.01 budget_n=138 est=1271.25
  [FastestO Curve] run=4 frac=0.05 budget_n=527 est=647.396
  [FastestO Curve] run=4 frac=0.075 budget_n=735 est=698.642
  [FastestO Curve] run=4 frac=0.1 budget_n=930 est=746.706
  [FastestO Curve] run=4 frac=0.15 budget_n=1236 est=775.289
  [FastestO Curve] run=4 frac=0.2 budget_n=1468 est=764.709
  [FastestO Curve] run=4 frac=0.3 budget_n=1725 est=750.465
  [FastestO Curve] run=4 frac=0.4 budget_n=1890 est=777.059
  [FastestO Curve] run=4 frac=0.5 budget_n=2002 est=755.593
  [FastestO Curve] run=4 frac=0.6 budget_n=2098 est=756.347
  [FastestO Curve] run=4 frac=0.7 budget_n=2199 est=772.92
  [FastestO Curve] run=4 frac=0.8 budget_n=2304 est=772.317
  [FastestO Curve] run=4 frac=0.9 budget_n=500 est=834.251
  [FastestO Curve] run=5 frac=0.01 budget_n=138 est=821.818
  [FastestO Curve] run=5 frac=0.05 budget_n=527 est=770.949
  [FastestO Curve] run=5 frac=0.075 budget_n=735 est=772.05
  [FastestO Curve] run=5 frac=0.1 budget_n=930 est=754.831
  [FastestO Curve] run=5 frac=0.15 budget_n=1236 est=735.506
  [FastestO Curve] run=5 frac=0.2 budget_n=1468 est=781.72
  [FastestO Curve] run=5 frac=0.3 budget_n=1725 est=760.921
  [FastestO Curve] run=5 frac=0.4 budget_n=1890 est=763.901
  [FastestO Curve] run=5 frac=0.5 budget_n=2002 est=759.812
  [FastestO Curve] run=5 frac=0.6 budget_n=2098 est=780.604
  [FastestO Curve] run=5 frac=0.7 budget_n=2199 est=758.456
  [FastestO Curve] run=5 frac=0.8 budget_n=2304 est=764.332
  [FastestO Curve] run=5 frac=0.9 budget_n=500 est=929.747
  [Result] #CandTree           : 9040
  [Result] #TreeTrials         : 632
  [Result] #TreeSuccess        : 65
  [Result] #UniqueOracleNodes  : 500.0000
  [Result] Truth               : 9040.0000
  [Result] Est                 : 929.7468
  [Result] logQError           : -0.9878
  [Result] TreeCountTime       : 8.1467
  [Result] QueryTime           : 0.6311
/home/wangshuo/projects/PROXY/datasets/amazon/query_graph_count/query_3_106.graph Finished!

Start Processing (Multi-Predicate) /home/wangshuo/projects/PROXY/datasets/amazon/query_graph_count/query_3_107.graph
[Info] Using explicit query nodes for predicates: 0 2 
[Info] FOIS_nrs base budget not found, will rely strictly on Curve CSV.
[Warning] Requested root label 1 not found in query. Falling back to default root 0
  [FastestO Curve] run=1 frac=0.01 budget_n=132 est=839.378
  [FastestO Curve] run=1 frac=0.05 budget_n=513 est=996.374
  [FastestO Curve] run=1 frac=0.075 budget_n=701 est=931.103
  [FastestO Curve] run=1 frac=0.1 budget_n=886 est=991.102
  [FastestO Curve] run=1 frac=0.15 budget_n=1191 est=929.577
  [FastestO Curve] run=1 frac=0.2 budget_n=1487 est=885.63
  [FastestO Curve] run=1 frac=0.3 budget_n=1800 est=853.422
  [FastestO Curve] run=1 frac=0.4 budget_n=1984 est=891.474
  [FastestO Curve] run=1 frac=0.5 budget_n=2082 est=871.994
  [FastestO Curve] run=1 frac=0.6 budget_n=2194 est=890.745
  [FastestO Curve] run=1 frac=0.7 budget_n=2315 est=888.586
  [FastestO Curve] run=1 frac=0.8 budget_n=2414 est=908.686
  [FastestO Curve] run=1 frac=0.9 budget_n=500 est=873.005
  [FastestO Curve] run=2 frac=0.01 budget_n=132 est=828.52
  [FastestO Curve] run=2 frac=0.05 budget_n=513 est=1056.27
  [FastestO Curve] run=2 frac=0.075 budget_n=701 est=878.018
  [FastestO Curve] run=2 frac=0.1 budget_n=886 est=924.228
  [FastestO Curve] run=2 frac=0.15 budget_n=1191 est=969.847
  [FastestO Curve] run=2 frac=0.2 budget_n=1487 est=890.746
  [FastestO Curve] run=2 frac=0.3 budget_n=1800 est=883.406
  [FastestO Curve] run=2 frac=0.4 budget_n=1984 est=866.649
  [FastestO Curve] run=2 frac=0.5 budget_n=2082 est=886.968
  [FastestO Curve] run=2 frac=0.6 budget_n=2194 est=882.921
  [FastestO Curve] run=2 frac=0.7 budget_n=2315 est=889.126
  [FastestO Curve] run=2 frac=0.8 budget_n=2414 est=898.839
  [FastestO Curve] run=2 frac=0.9 budget_n=500 est=1043.17
  [FastestO Curve] run=3 frac=0.01 budget_n=132 est=878.419
  [FastestO Curve] run=3 frac=0.05 budget_n=513 est=742.245
  [FastestO Curve] run=3 frac=0.075 budget_n=701 est=986.711
  [FastestO Curve] run=3 frac=0.1 budget_n=886 est=865.668
  [FastestO Curve] run=3 frac=0.15 budget_n=1191 est=897.431
  [FastestO Curve] run=3 frac=0.2 budget_n=1487 est=894.564
  [FastestO Curve] run=3 frac=0.3 budget_n=1800 est=880.144
  [FastestO Curve] run=3 frac=0.4 budget_n=1984 est=904.157
  [FastestO Curve] run=3 frac=0.5 budget_n=2082 est=865.114
  [FastestO Curve] run=3 frac=0.6 budget_n=2194 est=885.888
  [FastestO Curve] run=3 frac=0.7 budget_n=2315 est=894.117
  [FastestO Curve] run=3 frac=0.8 budget_n=2414 est=883.865
  [FastestO Curve] run=3 frac=0.9 budget_n=500 est=851.351
  [FastestO Curve] run=4 frac=0.01 budget_n=132 est=1070.28
  [FastestO Curve] run=4 frac=0.05 budget_n=513 est=890.967
  [FastestO Curve] run=4 frac=0.075 budget_n=701 est=933.088
  [FastestO Curve] run=4 frac=0.1 budget_n=886 est=860.776
  [FastestO Curve] run=4 frac=0.15 budget_n=1191 est=900.384
  [FastestO Curve] run=4 frac=0.2 budget_n=1487 est=880.681
  [FastestO Curve] run=4 frac=0.3 budget_n=1800 est=918.371
  [FastestO Curve] run=4 frac=0.4 budget_n=1984 est=884.497
  [FastestO Curve] run=4 frac=0.5 budget_n=2082 est=895.331
  [FastestO Curve] run=4 frac=0.6 budget_n=2194 est=901.807
  [FastestO Curve] run=4 frac=0.7 budget_n=2315 est=885.618
  [FastestO Curve] run=4 frac=0.8 budget_n=2414 est=891.689
  [FastestO Curve] run=4 frac=0.9 budget_n=500 est=884.322
  [FastestO Curve] run=5 frac=0.01 budget_n=132 est=669.429
  [FastestO Curve] run=5 frac=0.05 budget_n=513 est=909.154
  [FastestO Curve] run=5 frac=0.075 budget_n=701 est=1023.12
  [FastestO Curve] run=5 frac=0.1 budget_n=886 est=888.072
  [FastestO Curve] run=5 frac=0.15 budget_n=1191 est=924.744
  [FastestO Curve] run=5 frac=0.2 budget_n=1487 est=892.711
  [FastestO Curve] run=5 frac=0.3 budget_n=1800 est=908.851
  [FastestO Curve] run=5 frac=0.4 budget_n=1984 est=900.84
  [FastestO Curve] run=5 frac=0.5 budget_n=2082 est=877.39
  [FastestO Curve] run=5 frac=0.6 budget_n=2194 est=890.745
  [FastestO Curve] run=5 frac=0.7 budget_n=2315 est=891.419
  [FastestO Curve] run=5 frac=0.8 budget_n=2414 est=879.683
  [FastestO Curve] run=5 frac=0.9 budget_n=500 est=961.406
  [Result] #CandTree           : 8094
  [Result] #TreeTrials         : 623
  [Result] #TreeSuccess        : 74
  [Result] #UniqueOracleNodes  : 500.0000
  [Result] Truth               : 8094.0000
  [Result] Est                 : 961.4061
  [Result] logQError           : -0.9253
  [Result] TreeCountTime       : 6.5209
  [Result] QueryTime           : 0.5992
/home/wangshuo/projects/PROXY/datasets/amazon/query_graph_count/query_3_107.graph Finished!

Start Processing (Multi-Predicate) /home/wangshuo/projects/PROXY/datasets/amazon/query_graph_count/query_3_108.graph
[Info] Using explicit query nodes for predicates: 0 
[Info] FOIS_nrs base budget not found, will rely strictly on Curve CSV.
[Warning] Requested root label 1 not found in query. Falling back to default root 2
  [FastestO Curve] run=1 frac=0.01 budget_n=134 est=10082.1
  [FastestO Curve] run=1 frac=0.05 budget_n=669 est=10439.3
  [FastestO Curve] run=1 frac=0.075 budget_n=1004 est=10421.2
  [FastestO Curve] run=1 frac=0.1 budget_n=1338 est=10361.2
  [FastestO Curve] run=1 frac=0.15 budget_n=2007 est=10446.8
  [FastestO Curve] run=1 frac=0.2 budget_n=2676 est=10442.5
  [FastestO Curve] run=1 frac=0.3 budget_n=4014 est=10434.6
  [FastestO Curve] run=1 frac=0.4 budget_n=5354 est=10395.1
  [FastestO Curve] run=1 frac=0.5 budget_n=6692 est=10370.9
  [FastestO Curve] run=1 frac=0.6 budget_n=8030 est=10395.4
  [FastestO Curve] run=1 frac=0.7 budget_n=9369 est=10355.8
  [FastestO Curve] run=1 frac=0.8 budget_n=10707 est=10400.7
  [FastestO Curve] run=1 frac=0.9 budget_n=500 est=10126.9
  [FastestO Curve] run=2 frac=0.01 budget_n=134 est=10327.3
  [FastestO Curve] run=2 frac=0.05 budget_n=669 est=10263.7
  [FastestO Curve] run=2 frac=0.075 budget_n=1004 est=10332
  [FastestO Curve] run=2 frac=0.1 budget_n=1338 est=10249.4
  [FastestO Curve] run=2 frac=0.15 budget_n=2007 est=10170.5
  [FastestO Curve] run=2 frac=0.2 budget_n=2676 est=10445.6
  [FastestO Curve] run=2 frac=0.3 budget_n=4014 est=10425.3
  [FastestO Curve] run=2 frac=0.4 budget_n=5354 est=10294
  [FastestO Curve] run=2 frac=0.5 budget_n=6692 est=10388.7
  [FastestO Curve] run=2 frac=0.6 budget_n=8030 est=10350.9
  [FastestO Curve] run=2 frac=0.7 budget_n=9369 est=10387.7
  [FastestO Curve] run=2 frac=0.8 budget_n=10707 est=10347.6
  [FastestO Curve] run=2 frac=0.9 budget_n=500 est=10716.1
  [FastestO Curve] run=3 frac=0.01 budget_n=134 est=10137.9
  [FastestO Curve] run=3 frac=0.05 budget_n=669 est=10110.1
  [FastestO Curve] run=3 frac=0.075 budget_n=1004 est=10404
  [FastestO Curve] run=3 frac=0.1 budget_n=1338 est=10588.9
  [FastestO Curve] run=3 frac=0.15 budget_n=2007 est=10325.5
  [FastestO Curve] run=3 frac=0.2 budget_n=2676 est=10370.7
  [FastestO Curve] run=3 frac=0.3 budget_n=4014 est=10213.7
  [FastestO Curve] run=3 frac=0.4 budget_n=5354 est=10253
  [FastestO Curve] run=3 frac=0.5 budget_n=6692 est=10446.9
  [FastestO Curve] run=3 frac=0.6 budget_n=8030 est=10322.9
  [FastestO Curve] run=3 frac=0.7 budget_n=9369 est=10319
  [FastestO Curve] run=3 frac=0.8 budget_n=10707 est=10357.2
  [FastestO Curve] run=3 frac=0.9 budget_n=500 est=10310.8
  [FastestO Curve] run=4 frac=0.01 budget_n=134 est=10516.8
  [FastestO Curve] run=4 frac=0.05 budget_n=669 est=10306.4
  [FastestO Curve] run=4 frac=0.075 budget_n=1004 est=10464.7
  [FastestO Curve] run=4 frac=0.1 budget_n=1338 est=10481.1
  [FastestO Curve] run=4 frac=0.15 budget_n=2007 est=10171.5
  [FastestO Curve] run=4 frac=0.2 budget_n=2676 est=10256.9
  [FastestO Curve] run=4 frac=0.3 budget_n=4014 est=10327.1
  [FastestO Curve] run=4 frac=0.4 budget_n=5354 est=10319.8
  [FastestO Curve] run=4 frac=0.5 budget_n=6692 est=10398.4
  [FastestO Curve] run=4 frac=0.6 budget_n=8030 est=10431.7
  [FastestO Curve] run=4 frac=0.7 budget_n=9369 est=10342.1
  [FastestO Curve] run=4 frac=0.8 budget_n=10707 est=10384.9
  [FastestO Curve] run=4 frac=0.9 budget_n=500 est=10455.5
  [FastestO Curve] run=5 frac=0.01 budget_n=134 est=9915.85
  [FastestO Curve] run=5 frac=0.05 budget_n=669 est=10021.2
  [FastestO Curve] run=5 frac=0.075 budget_n=1004 est=10413.8
  [FastestO Curve] run=5 frac=0.1 budget_n=1338 est=10151.6
  [FastestO Curve] run=5 frac=0.15 budget_n=2007 est=10308.4
  [FastestO Curve] run=5 frac=0.2 budget_n=2676 est=10460.8
  [FastestO Curve] run=5 frac=0.3 budget_n=4014 est=10411.4
  [FastestO Curve] run=5 frac=0.4 budget_n=5354 est=10409.7
  [FastestO Curve] run=5 frac=0.5 budget_n=6692 est=10339.6
  [FastestO Curve] run=5 frac=0.6 budget_n=8030 est=10231.9
  [FastestO Curve] run=5 frac=0.7 budget_n=9369 est=10303.3
  [FastestO Curve] run=5 frac=0.8 budget_n=10707 est=10342.1
  [FastestO Curve] run=5 frac=0.9 budget_n=500 est=10567.6
  [Result] #CandTree           : 1.27e+04
  [Result] #TreeTrials         : 513
  [Result] #TreeSuccess        : 427
  [Result] #UniqueOracleNodes  : 500.0000
  [Result] Truth               : 12696.0000
  [Result] Est                 : 10567.6257
  [Result] logQError           : -0.0797
  [Result] TreeCountTime       : 9.9775
  [Result] QueryTime           : 0.6392
/home/wangshuo/projects/PROXY/datasets/amazon/query_graph_count/query_3_108.graph Finished!

Start Processing (Multi-Predicate) /home/wangshuo/projects/PROXY/datasets/amazon/query_graph_count/query_3_109.graph
[Info] Using explicit query nodes for predicates: 1 2 
[Info] FOIS_nrs base budget not found, will rely strictly on Curve CSV.
[Warning] Requested root label 1 not found in query. Falling back to default root 2
  [FastestO Curve] run=1 frac=0.01 budget_n=142 est=1164.9
  [FastestO Curve] run=1 frac=0.05 budget_n=555 est=1261.79
  [FastestO Curve] run=1 frac=0.075 budget_n=778 est=1101.36
  [FastestO Curve] run=1 frac=0.1 budget_n=1004 est=985.414
  [FastestO Curve] run=1 frac=0.15 budget_n=1337 est=893.709
  [FastestO Curve] run=1 frac=0.2 budget_n=1641 est=907.714
  [FastestO Curve] run=1 frac=0.3 budget_n=1977 est=945.712
  [FastestO Curve] run=1 frac=0.4 budget_n=2164 est=942.418
  [FastestO Curve] run=1 frac=0.5 budget_n=2284 est=976.101
  [FastestO Curve] run=1 frac=0.6 budget_n=2404 est=1012.81
  [FastestO Curve] run=1 frac=0.7 budget_n=2532 est=860.596
  [FastestO Curve] run=1 frac=0.8 budget_n=2645 est=1126.56
  [FastestO Curve] run=1 frac=0.9 budget_n=500 est=956.516
  [FastestO Curve] run=2 frac=0.01 budget_n=142 est=1343.12
  [FastestO Curve] run=2 frac=0.05 budget_n=555 est=902.343
  [FastestO Curve] run=2 frac=0.075 budget_n=778 est=1129.6
  [FastestO Curve] run=2 frac=0.1 budget_n=1004 est=949.891
  [FastestO Curve] run=2 frac=0.15 budget_n=1337 est=914.941
  [FastestO Curve] run=2 frac=0.2 budget_n=1641 est=1074.7
  [FastestO Curve] run=2 frac=0.3 budget_n=1977 est=1250.6
  [FastestO Curve] run=2 frac=0.4 budget_n=2164 est=990.234
  [FastestO Curve] run=2 frac=0.5 budget_n=2284 est=1012.96
  [FastestO Curve] run=2 frac=0.6 budget_n=2404 est=892.72
  [FastestO Curve] run=2 frac=0.7 budget_n=2532 est=1027.64
  [FastestO Curve] run=2 frac=0.8 budget_n=2645 est=988.021
  [FastestO Curve] run=2 frac=0.9 budget_n=500 est=1001.48
  [FastestO Curve] run=3 frac=0.01 budget_n=142 est=516.585
  [FastestO Curve] run=3 frac=0.05 budget_n=555 est=791.06
  [FastestO Curve] run=3 frac=0.075 budget_n=778 est=1152.99
  [FastestO Curve] run=3 frac=0.1 budget_n=1004 est=844.716
  [FastestO Curve] run=3 frac=0.15 budget_n=1337 est=996.706
  [FastestO Curve] run=3 frac=0.2 budget_n=1641 est=1098.88
  [FastestO Curve] run=3 frac=0.3 budget_n=1977 est=1091.55
  [FastestO Curve] run=3 frac=0.4 budget_n=2164 est=1073.35
  [FastestO Curve] run=3 frac=0.5 budget_n=2284 est=1066.54
  [FastestO Curve] run=3 frac=0.6 budget_n=2404 est=1059.53
  [FastestO Curve] run=3 frac=0.7 budget_n=2532 est=1035.65
  [FastestO Curve] run=3 frac=0.8 budget_n=2645 est=956.335
  [FastestO Curve] run=3 frac=0.9 budget_n=500 est=1034.53
  [FastestO Curve] run=4 frac=0.01 budget_n=142 est=1045.93
  [FastestO Curve] run=4 frac=0.05 budget_n=555 est=1055.86
  [FastestO Curve] run=4 frac=0.075 budget_n=778 est=993.734
  [FastestO Curve] run=4 frac=0.1 budget_n=1004 est=969.687
  [FastestO Curve] run=4 frac=0.15 budget_n=1337 est=908.698
  [FastestO Curve] run=4 frac=0.2 budget_n=1641 est=836.654
  [FastestO Curve] run=4 frac=0.3 budget_n=1977 est=956.246
  [FastestO Curve] run=4 frac=0.4 budget_n=2164 est=1010.24
  [FastestO Curve] run=4 frac=0.5 budget_n=2284 est=994.801
  [FastestO Curve] run=4 frac=0.6 budget_n=2404 est=996.706
  [FastestO Curve] run=4 frac=0.7 budget_n=2532 est=1138.45
  [FastestO Curve] run=4 frac=0.8 budget_n=2645 est=1117.48
  [FastestO Curve] run=4 frac=0.9 budget_n=500 est=1034.53
  [FastestO Curve] run=5 frac=0.01 budget_n=142 est=770.182
  [FastestO Curve] run=5 frac=0.05 budget_n=555 est=1046.83
  [FastestO Curve] run=5 frac=0.075 budget_n=778 est=1061.14
  [FastestO Curve] run=5 frac=0.1 budget_n=1004 est=989.246
  [FastestO Curve] run=5 frac=0.15 budget_n=1337 est=1002.06
  [FastestO Curve] run=5 frac=0.2 budget_n=1641 est=1037.68
  [FastestO Curve] run=5 frac=0.3 budget_n=1977 est=1019.15
  [FastestO Curve] run=5 frac=0.4 budget_n=2164 est=1012.69
  [FastestO Curve] run=5 frac=0.5 budget_n=2284 est=927.125
  [FastestO Curve] run=5 frac=0.6 budget_n=2404 est=1018.59
  [FastestO Curve] run=5 frac=0.7 budget_n=2532 est=1029.72
  [FastestO Curve] run=5 frac=0.8 budget_n=2645 est=985.205
  [FastestO Curve] run=5 frac=0.9 budget_n=500 est=1321.06
  [Result] #CandTree           : 8472
  [Result] #TreeTrials         : 295
  [Result] #TreeSuccess        : 46
  [Result] #UniqueOracleNodes  : 500.0000
  [Result] Truth               : 8472.0000
  [Result] Est                 : 1321.0576
  [Result] logQError           : -0.8071
  [Result] TreeCountTime       : 7.9404
  [Result] QueryTime           : 0.4110
/home/wangshuo/projects/PROXY/datasets/amazon/query_graph_count/query_3_109.graph Finished!

Start Processing (Multi-Predicate) /home/wangshuo/projects/PROXY/datasets/amazon/query_graph_count/query_3_11.graph
[Info] Using explicit query nodes for predicates: 0 2 
[Info] FOIS_nrs base budget not found, will rely strictly on Curve CSV.
[Warning] Requested root label 1 not found in query. Falling back to default root 0
  [FastestO Curve] run=1 frac=0.01 budget_n=134 est=990.075
  [FastestO Curve] run=1 frac=0.05 budget_n=512 est=851.379
  [FastestO Curve] run=1 frac=0.075 budget_n=718 est=849.183
  [FastestO Curve] run=1 frac=0.1 budget_n=881 est=815.586
  [FastestO Curve] run=1 frac=0.15 budget_n=1210 est=825.776
  [FastestO Curve] run=1 frac=0.2 budget_n=1473 est=857.263
  [FastestO Curve] run=1 frac=0.3 budget_n=1764 est=837.918
  [FastestO Curve] run=1 frac=0.4 budget_n=1941 est=800.551
  [FastestO Curve] run=1 frac=0.5 budget_n=2050 est=826.566
  [FastestO Curve] run=1 frac=0.6 budget_n=2195 est=830.818
  [FastestO Curve] run=1 frac=0.7 budget_n=2304 est=842.478
  [FastestO Curve] run=1 frac=0.8 budget_n=2390 est=820.668
  [FastestO Curve] run=1 frac=0.9 budget_n=500 est=964.453
  [FastestO Curve] run=2 frac=0.01 budget_n=134 est=886.308
  [FastestO Curve] run=2 frac=0.05 budget_n=512 est=748.182
  [FastestO Curve] run=2 frac=0.075 budget_n=718 est=815.135
  [FastestO Curve] run=2 frac=0.1 budget_n=881 est=815.415
  [FastestO Curve] run=2 frac=0.15 budget_n=1210 est=889.477
  [FastestO Curve] run=2 frac=0.2 budget_n=1473 est=864.604
  [FastestO Curve] run=2 frac=0.3 budget_n=1764 est=825.104
  [FastestO Curve] run=2 frac=0.4 budget_n=1941 est=861.044
  [FastestO Curve] run=2 frac=0.5 budget_n=2050 est=829.858
  [FastestO Curve] run=2 frac=0.6 budget_n=2195 est=837.814
  [FastestO Curve] run=2 frac=0.7 budget_n=2304 est=827.527
  [FastestO Curve] run=2 frac=0.8 budget_n=2390 est=820.942
  [FastestO Curve] run=2 frac=0.9 budget_n=500 est=796.057
  [FastestO Curve] run=3 frac=0.01 budget_n=134 est=907.244
  [FastestO Curve] run=3 frac=0.05 budget_n=512 est=871.822
  [FastestO Curve] run=3 frac=0.075 budget_n=718 est=715.652
  [FastestO Curve] run=3 frac=0.1 budget_n=881 est=840.3
  [FastestO Curve] run=3 frac=0.15 budget_n=1210 est=944.634
  [FastestO Curve] run=3 frac=0.2 budget_n=1473 est=833.197
  [FastestO Curve] run=3 frac=0.3 budget_n=1764 est=840.051
  [FastestO Curve] run=3 frac=0.4 budget_n=1941 est=847.212
  [FastestO Curve] run=3 frac=0.5 budget_n=2050 est=836.305
  [FastestO Curve] run=3 frac=0.6 budget_n=2195 est=837.951
  [FastestO Curve] run=3 frac=0.7 budget_n=2304 est=825.743
  [FastestO Curve] run=3 frac=0.8 budget_n=2390 est=836.854
  [FastestO Curve] run=3 frac=0.9 budget_n=500 est=708.625
  [FastestO Curve] run=4 frac=0.01 budget_n=134 est=536.739
  [FastestO Curve] run=4 frac=0.05 budget_n=512 est=1049.55
  [FastestO Curve] run=4 frac=0.075 budget_n=718 est=785.169
  [FastestO Curve] run=4 frac=0.1 budget_n=881 est=736.292
  [FastestO Curve] run=4 frac=0.15 budget_n=1210 est=764.813
  [FastestO Curve] run=4 frac=0.2 budget_n=1473 est=929.35
  [FastestO Curve] run=4 frac=0.3 budget_n=1764 est=836.055
  [FastestO Curve] run=4 frac=0.4 budget_n=1941 est=843.417
  [FastestO Curve] run=4 frac=0.5 budget_n=2050 est=831.093
  [FastestO Curve] run=4 frac=0.6 budget_n=2195 est=813.81
  [FastestO Curve] run=4 frac=0.7 budget_n=2304 est=840.557
  [FastestO Curve] run=4 frac=0.8 budget_n=2390 est=834.248
  [FastestO Curve] run=4 frac=0.9 budget_n=500 est=787.324
  [FastestO Curve] run=5 frac=0.01 budget_n=134 est=1061.94
  [FastestO Curve] run=5 frac=0.05 budget_n=512 est=823
  [FastestO Curve] run=5 frac=0.075 budget_n=718 est=739.05
  [FastestO Curve] run=5 frac=0.1 budget_n=881 est=844.867
  [FastestO Curve] run=5 frac=0.15 budget_n=1210 est=821.343
  [FastestO Curve] run=5 frac=0.2 budget_n=1473 est=826.716
  [FastestO Curve] run=5 frac=0.3 budget_n=1764 est=842.954
  [FastestO Curve] run=5 frac=0.4 budget_n=1941 est=831.38
  [FastestO Curve] run=5 frac=0.5 budget_n=2050 est=839.871
  [FastestO Curve] run=5 frac=0.6 budget_n=2195 est=829.721
  [FastestO Curve] run=5 frac=0.7 budget_n=2304 est=849.473
  [FastestO Curve] run=5 frac=0.8 budget_n=2390 est=835.482
  [FastestO Curve] run=5 frac=0.9 budget_n=500 est=891.476
  [Result] #CandTree           : 8230
  [Result] #TreeTrials         : 637
  [Result] #TreeSuccess        : 69
  [Result] #UniqueOracleNodes  : 500.0000
  [Result] Truth               : 8230.0000
  [Result] Est                 : 891.4757
  [Result] logQError           : -0.9653
  [Result] TreeCountTime       : 6.4312
  [Result] QueryTime           : 0.8847
/home/wangshuo/projects/PROXY/datasets/amazon/query_graph_count/query_3_11.graph Finished!

Start Processing (Multi-Predicate) /home/wangshuo/projects/PROXY/datasets/amazon/query_graph_count/query_3_110.graph
[Info] Using explicit query nodes for predicates: 0 1 
[Info] FOIS_nrs base budget not found, will rely strictly on Curve CSV.
[Warning] Requested root label 1 not found in query. Falling back to default root 1
  [FastestO Curve] run=1 frac=0.01 budget_n=147 est=829.561
  [FastestO Curve] run=1 frac=0.05 budget_n=570 est=939.285
  [FastestO Curve] run=1 frac=0.075 budget_n=785 est=912.265
  [FastestO Curve] run=1 frac=0.1 budget_n=983 est=860.733
  [FastestO Curve] run=1 frac=0.15 budget_n=1316 est=914.003
  [FastestO Curve] run=1 frac=0.2 budget_n=1619 est=1084.13
  [FastestO Curve] run=1 frac=0.3 budget_n=1954 est=1038.32
  [FastestO Curve] run=1 frac=0.4 budget_n=2157 est=1032.79
  [FastestO Curve] run=1 frac=0.5 budget_n=2256 est=919.499
  [FastestO Curve] run=1 frac=0.6 budget_n=2384 est=983.638
  [FastestO Curve] run=1 frac=0.7 budget_n=2492 est=1149.49
  [FastestO Curve] run=1 frac=0.8 budget_n=2603 est=973.895
  [FastestO Curve] run=1 frac=0.9 budget_n=500 est=1190.97
  [FastestO Curve] run=2 frac=0.01 budget_n=147 est=1062.88
  [FastestO Curve] run=2 frac=0.05 budget_n=570 est=922.613
  [FastestO Curve] run=2 frac=0.075 budget_n=785 est=990.641
  [FastestO Curve] run=2 frac=0.1 budget_n=983 est=1197.42
  [FastestO Curve] run=2 frac=0.15 budget_n=1316 est=1073.02
  [FastestO Curve] run=2 frac=0.2 budget_n=1619 est=1020.65
  [FastestO Curve] run=2 frac=0.3 budget_n=1954 est=957.926
  [FastestO Curve] run=2 frac=0.4 budget_n=2157 est=908.23
  [FastestO Curve] run=2 frac=0.5 budget_n=2256 est=914.553
  [FastestO Curve] run=2 frac=0.6 budget_n=2384 est=1045.31
  [FastestO Curve] run=2 frac=0.7 budget_n=2492 est=1019.53
  [FastestO Curve] run=2 frac=0.8 budget_n=2603 est=924.492
  [FastestO Curve] run=2 frac=0.9 budget_n=500 est=1148.32
  [FastestO Curve] run=3 frac=0.01 budget_n=147 est=1140.65
  [FastestO Curve] run=3 frac=0.05 budget_n=570 est=1184.26
  [FastestO Curve] run=3 frac=0.075 budget_n=785 est=698.643
  [FastestO Curve] run=3 frac=0.1 budget_n=983 est=1025.55
  [FastestO Curve] run=3 frac=0.15 budget_n=1316 est=988.936
  [FastestO Curve] run=3 frac=0.2 budget_n=1619 est=1136.57
  [FastestO Curve] run=3 frac=0.3 budget_n=1954 est=1133.35
  [FastestO Curve] run=3 frac=0.4 budget_n=2157 est=1006
  [FastestO Curve] run=3 frac=0.5 budget_n=2256 est=999.517
  [FastestO Curve] run=3 frac=0.6 budget_n=2384 est=910.88
  [FastestO Curve] run=3 frac=0.7 budget_n=2492 est=952.705
  [FastestO Curve] run=3 frac=0.8 budget_n=2603 est=1007.97
  [FastestO Curve] run=3 frac=0.9 budget_n=500 est=971.771
  [FastestO Curve] run=4 frac=0.01 budget_n=147 est=390.943
  [FastestO Curve] run=4 frac=0.05 budget_n=570 est=1014.56
  [FastestO Curve] run=4 frac=0.075 budget_n=785 est=894.165
  [FastestO Curve] run=4 frac=0.1 budget_n=983 est=1054.53
  [FastestO Curve] run=4 frac=0.15 budget_n=1316 est=974.986
  [FastestO Curve] run=4 frac=0.2 budget_n=1619 est=993.208
  [FastestO Curve] run=4 frac=0.3 budget_n=1954 est=952.922
  [FastestO Curve] run=4 frac=0.4 budget_n=2157 est=1024.64
  [FastestO Curve] run=4 frac=0.5 budget_n=2256 est=987.205
  [FastestO Curve] run=4 frac=0.6 budget_n=2384 est=1014.04
  [FastestO Curve] run=4 frac=0.7 budget_n=2492 est=994.184
  [FastestO Curve] run=4 frac=0.8 budget_n=2603 est=971.99
  [FastestO Curve] run=4 frac=0.9 budget_n=500 est=1066.38
  [FastestO Curve] run=5 frac=0.01 budget_n=147 est=829.561
  [FastestO Curve] run=5 frac=0.05 budget_n=570 est=1004.68
  [FastestO Curve] run=5 frac=0.075 budget_n=785 est=935.658
  [FastestO Curve] run=5 frac=0.1 budget_n=983 est=944.778
  [FastestO Curve] run=5 frac=0.15 budget_n=1316 est=1024.02
  [FastestO Curve] run=5 frac=0.2 budget_n=1619 est=965.917
  [FastestO Curve] run=5 frac=0.3 budget_n=1954 est=997.336
  [FastestO Curve] run=5 frac=0.4 budget_n=2157 est=920.174
  [FastestO Curve] run=5 frac=0.5 budget_n=2256 est=945.303
  [FastestO Curve] run=5 frac=0.6 budget_n=2384 est=980.11
  [FastestO Curve] run=5 frac=0.7 budget_n=2492 est=959.753
  [FastestO Curve] run=5 frac=0.8 budget_n=2603 est=1017.25
  [FastestO Curve] run=5 frac=0.9 budget_n=500 est=929.136
  [Result] #CandTree           : 8503
  [Result] #TreeTrials         : 302
  [Result] #TreeSuccess        : 33
  [Result] #UniqueOracleNodes  : 500.0000
  [Result] Truth               : 8503.0000
  [Result] Est                 : 929.1358
  [Result] logQError           : -0.9615
  [Result] TreeCountTime       : 6.6032
  [Result] QueryTime           : 0.4781
/home/wangshuo/projects/PROXY/datasets/amazon/query_graph_count/query_3_110.graph Finished!

Start Processing (Multi-Predicate) /home/wangshuo/projects/PROXY/datasets/amazon/query_graph_count/query_3_111.graph
[Info] Using explicit query nodes for predicates: 0 1 
[Info] FOIS_nrs base budget not found, will rely strictly on Curve CSV.
[Warning] Requested root label 1 not found in query. Falling back to default root 0
  [FastestO Curve] run=1 frac=0.01 budget_n=142 est=1394.77
  [FastestO Curve] run=1 frac=0.05 budget_n=546 est=870.631
  [FastestO Curve] run=1 frac=0.075 budget_n=752 est=900.57
  [FastestO Curve] run=1 frac=0.1 budget_n=922 est=952.796
  [FastestO Curve] run=1 frac=0.15 budget_n=1248 est=1009.46
  [FastestO Curve] run=1 frac=0.2 budget_n=1554 est=970.261
  [FastestO Curve] run=1 frac=0.3 budget_n=1876 est=989.097
  [FastestO Curve] run=1 frac=0.4 budget_n=2086 est=942.512
  [FastestO Curve] run=1 frac=0.5 budget_n=2211 est=953.097
  [FastestO Curve] run=1 frac=0.6 budget_n=2331 est=953.378
  [FastestO Curve] run=1 frac=0.7 budget_n=2442 est=959.281
  [FastestO Curve] run=1 frac=0.8 budget_n=2558 est=957.594
  [FastestO Curve] run=1 frac=0.9 budget_n=500 est=862.68
  [FastestO Curve] run=2 frac=0.01 budget_n=142 est=1258.51
  [FastestO Curve] run=2 frac=0.05 budget_n=546 est=1033.45
  [FastestO Curve] run=2 frac=0.075 budget_n=752 est=1036.59
  [FastestO Curve] run=2 frac=0.1 budget_n=922 est=1011.65
  [FastestO Curve] run=2 frac=0.15 budget_n=1248 est=972.546
  [FastestO Curve] run=2 frac=0.2 budget_n=1554 est=1012.9
  [FastestO Curve] run=2 frac=0.3 budget_n=1876 est=942.575
  [FastestO Curve] run=2 frac=0.4 budget_n=2086 est=922.502
  [FastestO Curve] run=2 frac=0.5 budget_n=2211 est=930.752
  [FastestO Curve] run=2 frac=0.6 budget_n=2331 est=961.67
  [FastestO Curve] run=2 frac=0.7 budget_n=2442 est=955.767
  [FastestO Curve] run=2 frac=0.8 budget_n=2558 est=969.258
  [FastestO Curve] run=2 frac=0.9 budget_n=500 est=963.28
  [FastestO Curve] run=3 frac=0.01 budget_n=142 est=916.522
  [FastestO Curve] run=3 frac=0.05 budget_n=546 est=903.01
  [FastestO Curve] run=3 frac=0.075 budget_n=752 est=993.243
  [FastestO Curve] run=3 frac=0.1 budget_n=922 est=867.155
  [FastestO Curve] run=3 frac=0.15 budget_n=1248 est=938.219
  [FastestO Curve] run=3 frac=0.2 budget_n=1554 est=893.365
  [FastestO Curve] run=3 frac=0.3 budget_n=1876 est=974.089
  [FastestO Curve] run=3 frac=0.4 budget_n=2086 est=930.901
  [FastestO Curve] run=3 frac=0.5 budget_n=2211 est=936.936
  [FastestO Curve] run=3 frac=0.6 budget_n=2331 est=956.751
  [FastestO Curve] run=3 frac=0.7 budget_n=2442 est=956.891
  [FastestO Curve] run=3 frac=0.8 budget_n=2558 est=936.936
  [FastestO Curve] run=3 frac=0.9 budget_n=500 est=950.085
  [FastestO Curve] run=4 frac=0.01 budget_n=142 est=1222.96
  [FastestO Curve] run=4 frac=0.05 budget_n=546 est=968.381
  [FastestO Curve] run=4 frac=0.075 budget_n=752 est=826.801
  [FastestO Curve] run=4 frac=0.1 budget_n=922 est=929.43
  [FastestO Curve] run=4 frac=0.15 budget_n=1248 est=912.704
  [FastestO Curve] run=4 frac=0.2 budget_n=1554 est=899.884
  [FastestO Curve] run=4 frac=0.3 budget_n=1876 est=974.484
  [FastestO Curve] run=4 frac=0.4 budget_n=2086 est=932.443
  [FastestO Curve] run=4 frac=0.5 budget_n=2211 est=943.962
  [FastestO Curve] run=4 frac=0.6 budget_n=2331 est=958.578
  [FastestO Curve] run=4 frac=0.7 budget_n=2442 est=958.297
  [FastestO Curve] run=4 frac=0.8 budget_n=2558 est=952.816
  [FastestO Curve] run=4 frac=0.9 budget_n=500 est=759.28
  [FastestO Curve] run=5 frac=0.01 budget_n=142 est=908.062
  [FastestO Curve] run=5 frac=0.05 budget_n=546 est=954.116
  [FastestO Curve] run=5 frac=0.075 budget_n=752 est=775.744
  [FastestO Curve] run=5 frac=0.1 budget_n=922 est=916.522
  [FastestO Curve] run=5 frac=0.15 budget_n=1248 est=957.507
  [FastestO Curve] run=5 frac=0.2 budget_n=1554 est=1006.66
  [FastestO Curve] run=5 frac=0.3 budget_n=1876 est=934.508
  [FastestO Curve] run=5 frac=0.4 budget_n=2086 est=948.796
  [FastestO Curve] run=5 frac=0.5 budget_n=2211 est=966.588
  [FastestO Curve] run=5 frac=0.6 budget_n=2331 est=945.368
  [FastestO Curve] run=5 frac=0.7 budget_n=2442 est=964.48
  [FastestO Curve] run=5 frac=0.8 budget_n=2558 est=972.21
  [FastestO Curve] run=5 frac=0.9 budget_n=500 est=911.568
  [Result] #CandTree           : 8432
  [Result] #TreeTrials         : 629
  [Result] #TreeSuccess        : 68
  [Result] #UniqueOracleNodes  : 500.0000
  [Result] Truth               : 8432.0000
  [Result] Est                 : 911.5676
  [Result] logQError           : -0.9661
  [Result] TreeCountTime       : 5.7866
  [Result] QueryTime           : 0.6354
/home/wangshuo/projects/PROXY/datasets/amazon/query_graph_count/query_3_111.graph Finished!

Start Processing (Multi-Predicate) /home/wangshuo/projects/PROXY/datasets/amazon/query_graph_count/query_3_112.graph
[Info] Using explicit query nodes for predicates: 0 2 
[Info] FOIS_nrs base budget not found, will rely strictly on Curve CSV.
[Warning] Requested root label 1 not found in query. Falling back to default root 0
  [FastestO Curve] run=1 frac=0.01 budget_n=142 est=1147.5
  [FastestO Curve] run=1 frac=0.05 budget_n=568 est=890.597
  [FastestO Curve] run=1 frac=0.075 budget_n=782 est=1043.08
  [FastestO Curve] run=1 frac=0.1 budget_n=972 est=1060.01
  [FastestO Curve] run=1 frac=0.15 budget_n=1352 est=1023.63
  [FastestO Curve] run=1 frac=0.2 budget_n=1614 est=995.309
  [FastestO Curve] run=1 frac=0.3 budget_n=1982 est=1077.57
  [FastestO Curve] run=1 frac=0.4 budget_n=2178 est=1053.44
  [FastestO Curve] run=1 frac=0.5 budget_n=2289 est=1052.72
  [FastestO Curve] run=1 frac=0.6 budget_n=2403 est=1041.22
  [FastestO Curve] run=1 frac=0.7 budget_n=2502 est=1010.92
  [FastestO Curve] run=1 frac=0.8 budget_n=2620 est=1062.11
  [FastestO Curve] run=1 frac=0.9 budget_n=500 est=943.99
  [FastestO Curve] run=2 frac=0.01 budget_n=142 est=724.47
  [FastestO Curve] run=2 frac=0.05 budget_n=568 est=1104.76
  [FastestO Curve] run=2 frac=0.075 budget_n=782 est=994.5
  [FastestO Curve] run=2 frac=0.1 budget_n=972 est=1127.83
  [FastestO Curve] run=2 frac=0.15 budget_n=1352 est=1080.19
  [FastestO Curve] run=2 frac=0.2 budget_n=1614 est=1049.46
  [FastestO Curve] run=2 frac=0.3 budget_n=1982 est=1034.76
  [FastestO Curve] run=2 frac=0.4 budget_n=2178 est=1033.2
  [FastestO Curve] run=2 frac=0.5 budget_n=2289 est=1032.66
  [FastestO Curve] run=2 frac=0.6 budget_n=2403 est=1026.63
  [FastestO Curve] run=2 frac=0.7 budget_n=2502 est=1054.12
  [FastestO Curve] run=2 frac=0.8 budget_n=2620 est=1033.78
  [FastestO Curve] run=2 frac=0.9 budget_n=500 est=856.454
  [FastestO Curve] run=3 frac=0.01 budget_n=142 est=1029.17
  [FastestO Curve] run=3 frac=0.05 budget_n=568 est=1046.25
  [FastestO Curve] run=3 frac=0.075 budget_n=782 est=1025.89
  [FastestO Curve] run=3 frac=0.1 budget_n=972 est=1046.4
  [FastestO Curve] run=3 frac=0.15 budget_n=1352 est=972.364
  [FastestO Curve] run=3 frac=0.2 budget_n=1614 est=1042.09
  [FastestO Curve] run=3 frac=0.3 budget_n=1982 est=1061.12
  [FastestO Curve] run=3 frac=0.4 budget_n=2178 est=1010.78
  [FastestO Curve] run=3 frac=0.5 budget_n=2289 est=1056.5
  [FastestO Curve] run=3 frac=0.6 budget_n=2403 est=1036.31
  [FastestO Curve] run=3 frac=0.7 budget_n=2502 est=1042.34
  [FastestO Curve] run=3 frac=0.8 budget_n=2620 est=1049.07
  [FastestO Curve] run=3 frac=0.9 budget_n=500 est=1157.4
  [FastestO Curve] run=4 frac=0.01 budget_n=142 est=1059.67
  [FastestO Curve] run=4 frac=0.05 budget_n=568 est=1239.6
  [FastestO Curve] run=4 frac=0.075 budget_n=782 est=1058.37
  [FastestO Curve] run=4 frac=0.1 budget_n=972 est=1088.11
  [FastestO Curve] run=4 frac=0.15 budget_n=1352 est=1000.77
  [FastestO Curve] run=4 frac=0.2 budget_n=1614 est=963.254
  [FastestO Curve] run=4 frac=0.3 budget_n=1982 est=1075.7
  [FastestO Curve] run=4 frac=0.4 budget_n=2178 est=1067.44
  [FastestO Curve] run=4 frac=0.5 budget_n=2289 est=1017.65
  [FastestO Curve] run=4 frac=0.6 budget_n=2403 est=1029.01
  [FastestO Curve] run=4 frac=0.7 budget_n=2502 est=1030.7
  [FastestO Curve] run=4 frac=0.8 budget_n=2620 est=1032.52
  [FastestO Curve] run=4 frac=0.9 budget_n=500 est=989.244
  [FastestO Curve] run=5 frac=0.01 budget_n=142 est=1027.79
  [FastestO Curve] run=5 frac=0.05 budget_n=568 est=860.387
  [FastestO Curve] run=5 frac=0.075 budget_n=782 est=931.48
  [FastestO Curve] run=5 frac=0.1 budget_n=972 est=1019.48
  [FastestO Curve] run=5 frac=0.15 budget_n=1352 est=1011.88
  [FastestO Curve] run=5 frac=0.2 budget_n=1614 est=1037.1
  [FastestO Curve] run=5 frac=0.3 budget_n=1982 est=1039.69
  [FastestO Curve] run=5 frac=0.4 budget_n=2178 est=1043.39
  [FastestO Curve] run=5 frac=0.5 budget_n=2289 est=1049.91
  [FastestO Curve] run=5 frac=0.6 budget_n=2403 est=1046.27
  [FastestO Curve] run=5 frac=0.7 budget_n=2502 est=1029.86
  [FastestO Curve] run=5 frac=0.8 budget_n=2620 est=1025.51
  [FastestO Curve] run=5 frac=0.9 budget_n=500 est=1123.83
  [Result] #CandTree           : 8415
  [Result] #TreeTrials         : 614
  [Result] #TreeSuccess        : 82
  [Result] #UniqueOracleNodes  : 500.0000
  [Result] Truth               : 8415.0000
  [Result] Est                 : 1123.8274
  [Result] logQError           : -0.8744
  [Result] TreeCountTime       : 6.6103
  [Result] QueryTime           : 0.7329
/home/wangshuo/projects/PROXY/datasets/amazon/query_graph_count/query_3_112.graph Finished!

Start Processing (Multi-Predicate) /home/wangshuo/projects/PROXY/datasets/amazon/query_graph_count/query_3_113.graph
[Info] Using explicit query nodes for predicates: 0 2 
[Info] FOIS_nrs base budget not found, will rely strictly on Curve CSV.
[Warning] Requested root label 1 not found in query. Falling back to default root 2
  [FastestO Curve] run=1 frac=0.01 budget_n=137 est=899.413
  [FastestO Curve] run=1 frac=0.05 budget_n=548 est=833.102
  [FastestO Curve] run=1 frac=0.075 budget_n=760 est=1075.34
  [FastestO Curve] run=1 frac=0.1 budget_n=927 est=832.105
  [FastestO Curve] run=1 frac=0.15 budget_n=1250 est=1018.17
  [FastestO Curve] run=1 frac=0.2 budget_n=1550 est=918.486
  [FastestO Curve] run=1 frac=0.3 budget_n=1893 est=935.565
  [FastestO Curve] run=1 frac=0.4 budget_n=2070 est=1000.58
  [FastestO Curve] run=1 frac=0.5 budget_n=2204 est=877.318
  [FastestO Curve] run=1 frac=0.6 budget_n=2328 est=866.672
  [FastestO Curve] run=1 frac=0.7 budget_n=2433 est=963.901
  [FastestO Curve] run=1 frac=0.8 budget_n=2562 est=1007.82
  [FastestO Curve] run=1 frac=0.9 budget_n=500 est=654.913
  [FastestO Curve] run=2 frac=0.01 budget_n=137 est=1314.08
  [FastestO Curve] run=2 frac=0.05 budget_n=548 est=888.916
  [FastestO Curve] run=2 frac=0.075 budget_n=760 est=960.608
  [FastestO Curve] run=2 frac=0.1 budget_n=927 est=947.729
  [FastestO Curve] run=2 frac=0.15 budget_n=1250 est=1101.52
  [FastestO Curve] run=2 frac=0.2 budget_n=1550 est=1004.17
  [FastestO Curve] run=2 frac=0.3 budget_n=1893 est=916.141
  [FastestO Curve] run=2 frac=0.4 budget_n=2070 est=857.128
  [FastestO Curve] run=2 frac=0.5 budget_n=2204 est=879.861
  [FastestO Curve] run=2 frac=0.6 budget_n=2328 est=1004.99
  [FastestO Curve] run=2 frac=0.7 budget_n=2433 est=999.093
  [FastestO Curve] run=2 frac=0.8 budget_n=2562 est=1032.49
  [FastestO Curve] run=2 frac=0.9 budget_n=500 est=1043.42
  [FastestO Curve] run=3 frac=0.01 budget_n=137 est=1067.34
  [FastestO Curve] run=3 frac=0.05 budget_n=548 est=895.434
  [FastestO Curve] run=3 frac=0.075 budget_n=760 est=895.9
  [FastestO Curve] run=3 frac=0.1 budget_n=927 est=914.658
  [FastestO Curve] run=3 frac=0.15 budget_n=1250 est=990.27
  [FastestO Curve] run=3 frac=0.2 budget_n=1550 est=1017.92
  [FastestO Curve] run=3 frac=0.3 budget_n=1893 est=912.373
  [FastestO Curve] run=3 frac=0.4 budget_n=2070 est=843.718
  [FastestO Curve] run=3 frac=0.5 budget_n=2204 est=968.804
  [FastestO Curve] run=3 frac=0.6 budget_n=2328 est=992
  [FastestO Curve] run=3 frac=0.7 budget_n=2433 est=1072.23
  [FastestO Curve] run=3 frac=0.8 budget_n=2562 est=994.34
  [FastestO Curve] run=3 frac=0.9 budget_n=500 est=1018.63
  [FastestO Curve] run=4 frac=0.01 budget_n=137 est=1095.06
  [FastestO Curve] run=4 frac=0.05 budget_n=548 est=947.976
  [FastestO Curve] run=4 frac=0.075 budget_n=760 est=803.862
  [FastestO Curve] run=4 frac=0.1 budget_n=927 est=1045.4
  [FastestO Curve] run=4 frac=0.15 budget_n=1250 est=907.303
  [FastestO Curve] run=4 frac=0.2 budget_n=1550 est=992.446
  [FastestO Curve] run=4 frac=0.3 budget_n=1893 est=1006.89
  [FastestO Curve] run=4 frac=0.4 budget_n=2070 est=941.024
  [FastestO Curve] run=4 frac=0.5 budget_n=2204 est=1006.23
  [FastestO Curve] run=4 frac=0.6 budget_n=2328 est=1046.67
  [FastestO Curve] run=4 frac=0.7 budget_n=2433 est=923.055
  [FastestO Curve] run=4 frac=0.8 budget_n=2562 est=893.51
  [FastestO Curve] run=4 frac=0.9 budget_n=500 est=1224.45
  [FastestO Curve] run=5 frac=0.01 budget_n=137 est=1124.27
  [FastestO Curve] run=5 frac=0.05 budget_n=548 est=759.64
  [FastestO Curve] run=5 frac=0.075 budget_n=760 est=1005.49
  [FastestO Curve] run=5 frac=0.1 budget_n=927 est=1014.58
  [FastestO Curve] run=5 frac=0.15 budget_n=1250 est=983.897
  [FastestO Curve] run=5 frac=0.2 budget_n=1550 est=981.544
  [FastestO Curve] run=5 frac=0.3 budget_n=1893 est=806.176
  [FastestO Curve] run=5 frac=0.4 budget_n=2070 est=883.703
  [FastestO Curve] run=5 frac=0.5 budget_n=2204 est=994.841
  [FastestO Curve] run=5 frac=0.6 budget_n=2328 est=979.727
  [FastestO Curve] run=5 frac=0.7 budget_n=2433 est=927.392
  [FastestO Curve] run=5 frac=0.8 budget_n=2562 est=896.597
  [FastestO Curve] run=5 frac=0.9 budget_n=500 est=990.425
  [Result] #CandTree           : 8432
  [Result] #TreeTrials         : 315
  [Result] #TreeSuccess        : 37
  [Result] #UniqueOracleNodes  : 500.0000
  [Result] Truth               : 8432.0000
  [Result] Est                 : 990.4254
  [Result] logQError           : -0.9301
  [Result] TreeCountTime       : 6.6302
  [Result] QueryTime           : 0.4929
/home/wangshuo/projects/PROXY/datasets/amazon/query_graph_count/query_3_113.graph Finished!

Start Processing (Multi-Predicate) /home/wangshuo/projects/PROXY/datasets/amazon/query_graph_count/query_3_114.graph
[Info] Using explicit query nodes for predicates: 0 
[Info] FOIS_nrs base budget not found, will rely strictly on Curve CSV.
[Warning] Requested root label 1 not found in query. Falling back to default root 1
  [FastestO Curve] run=1 frac=0.01 budget_n=131 est=10366.7
  [FastestO Curve] run=1 frac=0.05 budget_n=654 est=10220.7
  [FastestO Curve] run=1 frac=0.075 budget_n=982 est=10029.2
  [FastestO Curve] run=1 frac=0.1 budget_n=1310 est=9979.43
  [FastestO Curve] run=1 frac=0.15 budget_n=1964 est=9996.28
  [FastestO Curve] run=1 frac=0.2 budget_n=2619 est=10060.2
  [FastestO Curve] run=1 frac=0.3 budget_n=3928 est=10175.6
  [FastestO Curve] run=1 frac=0.4 budget_n=5238 est=10132.3
  [FastestO Curve] run=1 frac=0.5 budget_n=6548 est=10058
  [FastestO Curve] run=1 frac=0.6 budget_n=7857 est=10153
  [FastestO Curve] run=1 frac=0.7 budget_n=9167 est=10146.9
  [FastestO Curve] run=1 frac=0.8 budget_n=10476 est=10129.2
  [FastestO Curve] run=1 frac=0.9 budget_n=500 est=10086.5
  [FastestO Curve] run=2 frac=0.01 budget_n=131 est=10053.9
  [FastestO Curve] run=2 frac=0.05 budget_n=654 est=10194.8
  [FastestO Curve] run=2 frac=0.075 budget_n=982 est=10383.6
  [FastestO Curve] run=2 frac=0.1 budget_n=1310 est=10058.9
  [FastestO Curve] run=2 frac=0.15 budget_n=1964 est=10058.6
  [FastestO Curve] run=2 frac=0.2 budget_n=2619 est=10115
  [FastestO Curve] run=2 frac=0.3 budget_n=3928 est=10132
  [FastestO Curve] run=2 frac=0.4 budget_n=5238 est=10143.6
  [FastestO Curve] run=2 frac=0.5 budget_n=6548 est=10100.9
  [FastestO Curve] run=2 frac=0.6 budget_n=7857 est=10085
  [FastestO Curve] run=2 frac=0.7 budget_n=9167 est=10130.7
  [FastestO Curve] run=2 frac=0.8 budget_n=10476 est=10083.8
  [FastestO Curve] run=2 frac=0.9 budget_n=500 est=9927.3
  [FastestO Curve] run=3 frac=0.01 budget_n=131 est=10036
  [FastestO Curve] run=3 frac=0.05 budget_n=654 est=10014.3
  [FastestO Curve] run=3 frac=0.075 budget_n=982 est=10165.4
  [FastestO Curve] run=3 frac=0.1 budget_n=1310 est=10234.5
  [FastestO Curve] run=3 frac=0.15 budget_n=1964 est=10214.6
  [FastestO Curve] run=3 frac=0.2 budget_n=2619 est=10172.7
  [FastestO Curve] run=3 frac=0.3 budget_n=3928 est=10216.3
  [FastestO Curve] run=3 frac=0.4 budget_n=5238 est=10070.4
  [FastestO Curve] run=3 frac=0.5 budget_n=6548 est=10145.5
  [FastestO Curve] run=3 frac=0.6 budget_n=7857 est=10081.3
  [FastestO Curve] run=3 frac=0.7 budget_n=9167 est=10134.5
  [FastestO Curve] run=3 frac=0.8 budget_n=10476 est=10126.5
  [FastestO Curve] run=3 frac=0.9 budget_n=500 est=9912.82
  [FastestO Curve] run=4 frac=0.01 budget_n=131 est=10071.6
  [FastestO Curve] run=4 frac=0.05 budget_n=654 est=10305.2
  [FastestO Curve] run=4 frac=0.075 budget_n=982 est=10105.3
  [FastestO Curve] run=4 frac=0.1 budget_n=1310 est=10015.8
  [FastestO Curve] run=4 frac=0.15 budget_n=1964 est=9955.34
  [FastestO Curve] run=4 frac=0.2 budget_n=2619 est=10144.7
  [FastestO Curve] run=4 frac=0.3 budget_n=3928 est=10197.6
  [FastestO Curve] run=4 frac=0.4 budget_n=5238 est=10140.9
  [FastestO Curve] run=4 frac=0.5 budget_n=6548 est=10023
  [FastestO Curve] run=4 frac=0.6 budget_n=7857 est=10138.4
  [FastestO Curve] run=4 frac=0.7 budget_n=9167 est=10091.2
  [FastestO Curve] run=4 frac=0.8 budget_n=10476 est=10110.5
  [FastestO Curve] run=4 frac=0.9 budget_n=500 est=9980.54
  [FastestO Curve] run=5 frac=0.01 budget_n=131 est=10130.7
  [FastestO Curve] run=5 frac=0.05 budget_n=654 est=10293.4
  [FastestO Curve] run=5 frac=0.075 budget_n=982 est=10252.7
  [FastestO Curve] run=5 frac=0.1 budget_n=1310 est=10077.4
  [FastestO Curve] run=5 frac=0.15 budget_n=1964 est=10173.8
  [FastestO Curve] run=5 frac=0.2 budget_n=2619 est=10038.2
  [FastestO Curve] run=5 frac=0.3 budget_n=3928 est=10114.9
  [FastestO Curve] run=5 frac=0.4 budget_n=5238 est=10135.7
  [FastestO Curve] run=5 frac=0.5 budget_n=6548 est=10187
  [FastestO Curve] run=5 frac=0.6 budget_n=7857 est=10085.6
  [FastestO Curve] run=5 frac=0.7 budget_n=9167 est=10131.5
  [FastestO Curve] run=5 frac=0.8 budget_n=10476 est=10065.4
  [FastestO Curve] run=5 frac=0.9 budget_n=500 est=10062.4
  [Result] #CandTree           : 1.24e+04
  [Result] #TreeTrials         : 514
  [Result] #TreeSuccess        : 417
  [Result] #UniqueOracleNodes  : 500.0000
  [Result] Truth               : 12403.0000
  [Result] Est                 : 10062.3560
  [Result] logQError           : -0.0908
  [Result] TreeCountTime       : 10.0405
  [Result] QueryTime           : 0.6852
/home/wangshuo/projects/PROXY/datasets/amazon/query_graph_count/query_3_114.graph Finished!

Start Processing (Multi-Predicate) /home/wangshuo/projects/PROXY/datasets/amazon/query_graph_count/query_3_115.graph
[Info] Using explicit query nodes for predicates: 0 1 
[Info] FOIS_nrs base budget not found, will rely strictly on Curve CSV.
[Warning] Requested root label 1 not found in query. Falling back to default root 0
  [FastestO Curve] run=1 frac=0.01 budget_n=131 est=1089.31
  [FastestO Curve] run=1 frac=0.05 budget_n=551 est=757.108
  [FastestO Curve] run=1 frac=0.075 budget_n=741 est=666.793
  [FastestO Curve] run=1 frac=0.1 budget_n=920 est=841.231
  [FastestO Curve] run=1 frac=0.15 budget_n=1235 est=848.891
  [FastestO Curve] run=1 frac=0.2 budget_n=1486 est=776.617
  [FastestO Curve] run=1 frac=0.3 budget_n=1734 est=741.859
  [FastestO Curve] run=1 frac=0.4 budget_n=1900 est=752.474
  [FastestO Curve] run=1 frac=0.5 budget_n=2002 est=762.423
  [FastestO Curve] run=1 frac=0.6 budget_n=2116 est=766.476
  [FastestO Curve] run=1 frac=0.7 budget_n=2201 est=770.978
  [FastestO Curve] run=1 frac=0.8 budget_n=2307 est=758.071
  [FastestO Curve] run=1 frac=0.9 budget_n=500 est=599.465
  [FastestO Curve] run=2 frac=0.01 budget_n=131 est=554.154
  [FastestO Curve] run=2 frac=0.05 budget_n=551 est=901.702
  [FastestO Curve] run=2 frac=0.075 budget_n=741 est=730.734
  [FastestO Curve] run=2 frac=0.1 budget_n=920 est=741.192
  [FastestO Curve] run=2 frac=0.15 budget_n=1235 est=704.516
  [FastestO Curve] run=2 frac=0.2 budget_n=1486 est=707.205
  [FastestO Curve] run=2 frac=0.3 budget_n=1734 est=753.574
  [FastestO Curve] run=2 frac=0.4 budget_n=1900 est=760.136
  [FastestO Curve] run=2 frac=0.5 budget_n=2002 est=770.978
  [FastestO Curve] run=2 frac=0.6 budget_n=2116 est=776.231
  [FastestO Curve] run=2 frac=0.7 budget_n=2201 est=764.224
  [FastestO Curve] run=2 frac=0.8 budget_n=2307 est=774.58
  [FastestO Curve] run=2 frac=0.9 budget_n=500 est=836.179
  [FastestO Curve] run=3 frac=0.01 budget_n=131 est=844.219
  [FastestO Curve] run=3 frac=0.05 budget_n=551 est=853.105
  [FastestO Curve] run=3 frac=0.075 budget_n=741 est=825.516
  [FastestO Curve] run=3 frac=0.1 budget_n=920 est=912.702
  [FastestO Curve] run=3 frac=0.15 budget_n=1235 est=755.461
  [FastestO Curve] run=3 frac=0.2 budget_n=1486 est=754.453
  [FastestO Curve] run=3 frac=0.3 budget_n=1734 est=752.481
  [FastestO Curve] run=3 frac=0.4 budget_n=1900 est=750.537
  [FastestO Curve] run=3 frac=0.5 budget_n=2002 est=792.14
  [FastestO Curve] run=3 frac=0.6 budget_n=2116 est=757.02
  [FastestO Curve] run=3 frac=0.7 budget_n=2201 est=762.123
  [FastestO Curve] run=3 frac=0.8 budget_n=2307 est=739.16
  [FastestO Curve] run=3 frac=0.9 budget_n=500 est=780.169
  [FastestO Curve] run=4 frac=0.01 budget_n=131 est=944.073
  [FastestO Curve] run=4 frac=0.05 budget_n=551 est=826.874
  [FastestO Curve] run=4 frac=0.075 budget_n=741 est=675.903
  [FastestO Curve] run=4 frac=0.1 budget_n=920 est=783.628
  [FastestO Curve] run=4 frac=0.15 budget_n=1235 est=782.061
  [FastestO Curve] run=4 frac=0.2 budget_n=1486 est=761.685
  [FastestO Curve] run=4 frac=0.3 budget_n=1734 est=763.136
  [FastestO Curve] run=4 frac=0.4 budget_n=1900 est=774.803
  [FastestO Curve] run=4 frac=0.5 budget_n=2002 est=776.681
  [FastestO Curve] run=4 frac=0.6 budget_n=2116 est=777.732
  [FastestO Curve] run=4 frac=0.7 budget_n=2201 est=763.774
  [FastestO Curve] run=4 frac=0.8 budget_n=2307 est=759.272
  [FastestO Curve] run=4 frac=0.9 budget_n=500 est=925.748
  [FastestO Curve] run=5 frac=0.01 budget_n=131 est=900.5
  [FastestO Curve] run=5 frac=0.05 budget_n=551 est=708.626
  [FastestO Curve] run=5 frac=0.075 budget_n=741 est=676.051
  [FastestO Curve] run=5 frac=0.1 budget_n=920 est=696.125
  [FastestO Curve] run=5 frac=0.15 budget_n=1235 est=783.845
  [FastestO Curve] run=5 frac=0.2 budget_n=1486 est=850.569
  [FastestO Curve] run=5 frac=0.3 budget_n=1734 est=740.68
  [FastestO Curve] run=5 frac=0.4 budget_n=1900 est=770.05
  [FastestO Curve] run=5 frac=0.5 budget_n=2002 est=743.663
  [FastestO Curve] run=5 frac=0.6 budget_n=2116 est=741.862
  [FastestO Curve] run=5 frac=0.7 budget_n=2201 est=757.771
  [FastestO Curve] run=5 frac=0.8 budget_n=2307 est=778.932
  [FastestO Curve] run=5 frac=0.9 budget_n=500 est=799.871
  [Result] #CandTree           : 9005
  [Result] #TreeTrials         : 698
  [Result] #TreeSuccess        : 62
  [Result] #UniqueOracleNodes  : 500.0000
  [Result] Truth               : 9005.0000
  [Result] Est                 : 799.8711
  [Result] logQError           : -1.0515
  [Result] TreeCountTime       : 8.1349
  [Result] QueryTime           : 0.8885
/home/wangshuo/projects/PROXY/datasets/amazon/query_graph_count/query_3_115.graph Finished!

Start Processing (Multi-Predicate) /home/wangshuo/projects/PROXY/datasets/amazon/query_graph_count/query_3_116.graph
[Info] Using explicit query nodes for predicates: 1 2 
[Info] FOIS_nrs base budget not found, will rely strictly on Curve CSV.
[Warning] Requested root label 1 not found in query. Falling back to default root 2
  [FastestO Curve] run=1 frac=0.01 budget_n=125 est=670.672
  [FastestO Curve] run=1 frac=0.05 budget_n=555 est=840.889
  [FastestO Curve] run=1 frac=0.075 budget_n=744 est=614.019
  [FastestO Curve] run=1 frac=0.1 budget_n=892 est=683.966
  [FastestO Curve] run=1 frac=0.15 budget_n=1186 est=741.428
  [FastestO Curve] run=1 frac=0.2 budget_n=1443 est=705.038
  [FastestO Curve] run=1 frac=0.3 budget_n=1664 est=708.731
  [FastestO Curve] run=1 frac=0.4 budget_n=1822 est=681.727
  [FastestO Curve] run=1 frac=0.5 budget_n=1931 est=672.954
  [FastestO Curve] run=1 frac=0.6 budget_n=2067 est=677.744
  [FastestO Curve] run=1 frac=0.7 budget_n=2151 est=716.624
  [FastestO Curve] run=1 frac=0.8 budget_n=2273 est=729.756
  [FastestO Curve] run=1 frac=0.9 budget_n=500 est=739.062
  [FastestO Curve] run=2 frac=0.01 budget_n=125 est=632.887
  [FastestO Curve] run=2 frac=0.05 budget_n=555 est=655.029
  [FastestO Curve] run=2 frac=0.075 budget_n=744 est=589
  [FastestO Curve] run=2 frac=0.1 budget_n=892 est=627.365
  [FastestO Curve] run=2 frac=0.15 budget_n=1186 est=668.178
  [FastestO Curve] run=2 frac=0.2 budget_n=1443 est=846.665
  [FastestO Curve] run=2 frac=0.3 budget_n=1664 est=890.537
  [FastestO Curve] run=2 frac=0.4 budget_n=1822 est=636.189
  [FastestO Curve] run=2 frac=0.5 budget_n=1931 est=835.429
  [FastestO Curve] run=2 frac=0.6 budget_n=2067 est=815.487
  [FastestO Curve] run=2 frac=0.7 budget_n=2151 est=751.563
  [FastestO Curve] run=2 frac=0.8 budget_n=2273 est=723.884
  [FastestO Curve] run=2 frac=0.9 budget_n=500 est=787.821
  [FastestO Curve] run=3 frac=0.01 budget_n=125 est=651.232
  [FastestO Curve] run=3 frac=0.05 budget_n=555 est=609.737
  [FastestO Curve] run=3 frac=0.075 budget_n=744 est=783.972
  [FastestO Curve] run=3 frac=0.1 budget_n=892 est=675.596
  [FastestO Curve] run=3 frac=0.15 budget_n=1186 est=642.72
  [FastestO Curve] run=3 frac=0.2 budget_n=1443 est=738.777
  [FastestO Curve] run=3 frac=0.3 budget_n=1664 est=746.453
  [FastestO Curve] run=3 frac=0.4 budget_n=1822 est=793.353
  [FastestO Curve] run=3 frac=0.5 budget_n=1931 est=655.757
  [FastestO Curve] run=3 frac=0.6 budget_n=2067 est=672.764
  [FastestO Curve] run=3 frac=0.7 budget_n=2151 est=649.534
  [FastestO Curve] run=3 frac=0.8 budget_n=2273 est=753.401
  [FastestO Curve] run=3 frac=0.9 budget_n=500 est=631.194
  [FastestO Curve] run=4 frac=0.01 budget_n=125 est=632.887
  [FastestO Curve] run=4 frac=0.05 budget_n=555 est=643.768
  [FastestO Curve] run=4 frac=0.075 budget_n=744 est=939.215
  [FastestO Curve] run=4 frac=0.1 budget_n=892 est=667.428
  [FastestO Curve] run=4 frac=0.15 budget_n=1186 est=780.986
  [FastestO Curve] run=4 frac=0.2 budget_n=1443 est=725.329
  [FastestO Curve] run=4 frac=0.3 budget_n=1664 est=785.992
  [FastestO Curve] run=4 frac=0.4 budget_n=1822 est=698.019
  [FastestO Curve] run=4 frac=0.5 budget_n=1931 est=817.546
  [FastestO Curve] run=4 frac=0.6 budget_n=2067 est=607.305
  [FastestO Curve] run=4 frac=0.7 budget_n=2151 est=650.691
  [FastestO Curve] run=4 frac=0.8 budget_n=2273 est=595.494
  [FastestO Curve] run=4 frac=0.9 budget_n=500 est=985.286
  [FastestO Curve] run=5 frac=0.01 budget_n=125 est=861.767
  [FastestO Curve] run=5 frac=0.05 budget_n=555 est=896.065
  [FastestO Curve] run=5 frac=0.075 budget_n=744 est=769.764
  [FastestO Curve] run=5 frac=0.1 budget_n=892 est=874.574
  [FastestO Curve] run=5 frac=0.15 budget_n=1186 est=847.409
  [FastestO Curve] run=5 frac=0.2 budget_n=1443 est=909.506
  [FastestO Curve] run=5 frac=0.3 budget_n=1664 est=753.748
  [FastestO Curve] run=5 frac=0.4 budget_n=1822 est=689.249
  [FastestO Curve] run=5 frac=0.5 budget_n=1931 est=914.036
  [FastestO Curve] run=5 frac=0.6 budget_n=2067 est=767.734
  [FastestO Curve] run=5 frac=0.7 budget_n=2151 est=708.519
  [FastestO Curve] run=5 frac=0.8 budget_n=2273 est=741.598
  [FastestO Curve] run=5 frac=0.9 budget_n=500 est=877.519
  [Result] #CandTree           : 8987
  [Result] #TreeTrials         : 297
  [Result] #TreeSuccess        : 29
  [Result] #UniqueOracleNodes  : 500.0000
  [Result] Truth               : 8987.0000
  [Result] Est                 : 877.5185
  [Result] logQError           : -1.0104
  [Result] TreeCountTime       : 7.0979
  [Result] QueryTime           : 0.5030
/home/wangshuo/projects/PROXY/datasets/amazon/query_graph_count/query_3_116.graph Finished!

Start Processing (Multi-Predicate) /home/wangshuo/projects/PROXY/datasets/amazon/query_graph_count/query_3_117.graph
[Info] Using explicit query nodes for predicates: 0 2 
[Info] FOIS_nrs base budget not found, will rely strictly on Curve CSV.
[Warning] Requested root label 1 not found in query. Falling back to default root 2
  [FastestO Curve] run=1 frac=0.01 budget_n=130 est=619.178
  [FastestO Curve] run=1 frac=0.05 budget_n=563 est=653.179
  [FastestO Curve] run=1 frac=0.075 budget_n=774 est=937.759
  [FastestO Curve] run=1 frac=0.1 budget_n=911 est=828.667
  [FastestO Curve] run=1 frac=0.15 budget_n=1224 est=904
  [FastestO Curve] run=1 frac=0.2 budget_n=1473 est=756.877
  [FastestO Curve] run=1 frac=0.3 budget_n=1726 est=790.733
  [FastestO Curve] run=1 frac=0.4 budget_n=1906 est=773.973
  [FastestO Curve] run=1 frac=0.5 budget_n=1992 est=780.942
  [FastestO Curve] run=1 frac=0.6 budget_n=2104 est=795.211
  [FastestO Curve] run=1 frac=0.7 budget_n=2214 est=664.783
  [FastestO Curve] run=1 frac=0.8 budget_n=2308 est=814.637
  [FastestO Curve] run=1 frac=0.9 budget_n=500 est=840.93
  [FastestO Curve] run=2 frac=0.01 budget_n=130 est=475.789
  [FastestO Curve] run=2 frac=0.05 budget_n=563 est=757.688
  [FastestO Curve] run=2 frac=0.075 budget_n=774 est=628.548
  [FastestO Curve] run=2 frac=0.1 budget_n=911 est=727.534
  [FastestO Curve] run=2 frac=0.15 budget_n=1224 est=679.618
  [FastestO Curve] run=2 frac=0.2 budget_n=1473 est=790.24
  [FastestO Curve] run=2 frac=0.3 budget_n=1726 est=824.403
  [FastestO Curve] run=2 frac=0.4 budget_n=1906 est=587.256
  [FastestO Curve] run=2 frac=0.5 budget_n=1992 est=807.757
  [FastestO Curve] run=2 frac=0.6 budget_n=2104 est=737.167
  [FastestO Curve] run=2 frac=0.7 budget_n=2214 est=702.136
  [FastestO Curve] run=2 frac=0.8 budget_n=2308 est=775.139
  [FastestO Curve] run=2 frac=0.9 budget_n=500 est=565
  [FastestO Curve] run=3 frac=0.01 budget_n=130 est=743.014
  [FastestO Curve] run=3 frac=0.05 budget_n=563 est=705.434
  [FastestO Curve] run=3 frac=0.075 budget_n=774 est=885.551
  [FastestO Curve] run=3 frac=0.1 budget_n=911 est=619.799
  [FastestO Curve] run=3 frac=0.15 budget_n=1224 est=604.789
  [FastestO Curve] run=3 frac=0.2 budget_n=1473 est=743.853
  [FastestO Curve] run=3 frac=0.3 budget_n=1726 est=802.282
  [FastestO Curve] run=3 frac=0.4 budget_n=1906 est=825.308
  [FastestO Curve] run=3 frac=0.5 budget_n=1992 est=729.317
  [FastestO Curve] run=3 frac=0.6 budget_n=2104 est=625.931
  [FastestO Curve] run=3 frac=0.7 budget_n=2214 est=802.86
  [FastestO Curve] run=3 frac=0.8 budget_n=2308 est=801.454
  [FastestO Curve] run=3 frac=0.9 budget_n=500 est=546.04
  [FastestO Curve] run=4 frac=0.01 budget_n=130 est=866.849
  [FastestO Curve] run=4 frac=0.05 budget_n=563 est=814.651
  [FastestO Curve] run=4 frac=0.075 budget_n=774 est=532.846
  [FastestO Curve] run=4 frac=0.1 budget_n=911 est=592.787
  [FastestO Curve] run=4 frac=0.15 budget_n=1224 est=793.547
  [FastestO Curve] run=4 frac=0.2 budget_n=1473 est=759.736
  [FastestO Curve] run=4 frac=0.3 budget_n=1726 est=796.196
  [FastestO Curve] run=4 frac=0.4 budget_n=1906 est=753.844
  [FastestO Curve] run=4 frac=0.5 budget_n=1992 est=855.463
  [FastestO Curve] run=4 frac=0.6 budget_n=2104 est=716.654
  [FastestO Curve] run=4 frac=0.7 budget_n=2214 est=726.104
  [FastestO Curve] run=4 frac=0.8 budget_n=2308 est=716.284
  [FastestO Curve] run=4 frac=0.9 budget_n=500 est=1088.43
  [FastestO Curve] run=5 frac=0.01 budget_n=130 est=1238.36
  [FastestO Curve] run=5 frac=0.05 budget_n=563 est=734.342
  [FastestO Curve] run=5 frac=0.075 budget_n=774 est=684.303
  [FastestO Curve] run=5 frac=0.1 budget_n=911 est=816.42
  [FastestO Curve] run=5 frac=0.15 budget_n=1224 est=867.146
  [FastestO Curve] run=5 frac=0.2 budget_n=1473 est=748.979
  [FastestO Curve] run=5 frac=0.3 budget_n=1726 est=684.957
  [FastestO Curve] run=5 frac=0.4 budget_n=1906 est=728.728
  [FastestO Curve] run=5 frac=0.5 budget_n=1992 est=843.733
  [FastestO Curve] run=5 frac=0.6 budget_n=2104 est=720.05
  [FastestO Curve] run=5 frac=0.7 budget_n=2214 est=644.627
  [FastestO Curve] run=5 frac=0.8 budget_n=2308 est=729.352
  [FastestO Curve] run=5 frac=0.9 budget_n=500 est=876.789
  [Result] #CandTree           : 9040
  [Result] #TreeTrials         : 299
  [Result] #TreeSuccess        : 29
  [Result] #UniqueOracleNodes  : 500.0000
  [Result] Truth               : 9040.0000
  [Result] Est                 : 876.7893
  [Result] logQError           : -1.0133
  [Result] TreeCountTime       : 5.7013
  [Result] QueryTime           : 0.6019
/home/wangshuo/projects/PROXY/datasets/amazon/query_graph_count/query_3_117.graph Finished!

Start Processing (Multi-Predicate) /home/wangshuo/projects/PROXY/datasets/amazon/query_graph_count/query_3_118.graph
[Info] Using explicit query nodes for predicates: 0 2 
[Info] FOIS_nrs base budget not found, will rely strictly on Curve CSV.
[Warning] Requested root label 1 not found in query. Falling back to default root 0
  [FastestO Curve] run=1 frac=0.01 budget_n=137 est=1040.38
  [FastestO Curve] run=1 frac=0.05 budget_n=573 est=1015.27
  [FastestO Curve] run=1 frac=0.075 budget_n=771 est=1098.22
  [FastestO Curve] run=1 frac=0.1 budget_n=958 est=1036.87
  [FastestO Curve] run=1 frac=0.15 budget_n=1283 est=1109.23
  [FastestO Curve] run=1 frac=0.2 budget_n=1608 est=1036.39
  [FastestO Curve] run=1 frac=0.3 budget_n=1965 est=1021.99
  [FastestO Curve] run=1 frac=0.4 budget_n=2153 est=1009.89
  [FastestO Curve] run=1 frac=0.5 budget_n=2276 est=1009.44
  [FastestO Curve] run=1 frac=0.6 budget_n=2387 est=1017.21
  [FastestO Curve] run=1 frac=0.7 budget_n=2490 est=1021.23
  [FastestO Curve] run=1 frac=0.8 budget_n=2626 est=1036.49
  [FastestO Curve] run=1 frac=0.9 budget_n=500 est=1132.47
  [FastestO Curve] run=2 frac=0.01 budget_n=137 est=1170.42
  [FastestO Curve] run=2 frac=0.05 budget_n=573 est=934.324
  [FastestO Curve] run=2 frac=0.075 budget_n=771 est=1116.5
  [FastestO Curve] run=2 frac=0.1 budget_n=958 est=900.989
  [FastestO Curve] run=2 frac=0.15 budget_n=1283 est=968.123
  [FastestO Curve] run=2 frac=0.2 budget_n=1608 est=997.06
  [FastestO Curve] run=2 frac=0.3 budget_n=1965 est=1061.21
  [FastestO Curve] run=2 frac=0.4 budget_n=2153 est=1013.78
  [FastestO Curve] run=2 frac=0.5 budget_n=2276 est=1017.49
  [FastestO Curve] run=2 frac=0.6 budget_n=2387 est=1031.91
  [FastestO Curve] run=2 frac=0.7 budget_n=2490 est=1028.31
  [FastestO Curve] run=2 frac=0.8 budget_n=2626 est=1009.58
  [FastestO Curve] run=2 frac=0.9 budget_n=500 est=1107.93
  [FastestO Curve] run=3 frac=0.01 budget_n=137 est=1519.28
  [FastestO Curve] run=3 frac=0.05 budget_n=573 est=898.884
  [FastestO Curve] run=3 frac=0.075 budget_n=771 est=1074.39
  [FastestO Curve] run=3 frac=0.1 budget_n=958 est=1087.4
  [FastestO Curve] run=3 frac=0.15 budget_n=1283 est=1045.88
  [FastestO Curve] run=3 frac=0.2 budget_n=1608 est=1009.01
  [FastestO Curve] run=3 frac=0.3 budget_n=1965 est=1024.23
  [FastestO Curve] run=3 frac=0.4 budget_n=2153 est=1030.47
  [FastestO Curve] run=3 frac=0.5 budget_n=2276 est=1013.05
  [FastestO Curve] run=3 frac=0.6 budget_n=2387 est=1016.1
  [FastestO Curve] run=3 frac=0.7 budget_n=2490 est=1013.05
  [FastestO Curve] run=3 frac=0.8 budget_n=2626 est=1008.61
  [FastestO Curve] run=3 frac=0.9 budget_n=500 est=893.907
  [FastestO Curve] run=4 frac=0.01 budget_n=137 est=838.288
  [FastestO Curve] run=4 frac=0.05 budget_n=573 est=1077.23
  [FastestO Curve] run=4 frac=0.075 budget_n=771 est=1213.63
  [FastestO Curve] run=4 frac=0.1 budget_n=958 est=897.829
  [FastestO Curve] run=4 frac=0.15 budget_n=1283 est=1071.18
  [FastestO Curve] run=4 frac=0.2 budget_n=1608 est=1005.89
  [FastestO Curve] run=4 frac=0.3 budget_n=1965 est=1023.78
  [FastestO Curve] run=4 frac=0.4 budget_n=2153 est=1047.44
  [FastestO Curve] run=4 frac=0.5 budget_n=2276 est=1024.42
  [FastestO Curve] run=4 frac=0.6 budget_n=2387 est=1012.08
  [FastestO Curve] run=4 frac=0.7 budget_n=2490 est=1028.45
  [FastestO Curve] run=4 frac=0.8 budget_n=2626 est=1001.4
  [FastestO Curve] run=4 frac=0.9 budget_n=500 est=1033.75
  [FastestO Curve] run=5 frac=0.01 budget_n=137 est=1208.18
  [FastestO Curve] run=5 frac=0.05 budget_n=573 est=1021.36
  [FastestO Curve] run=5 frac=0.075 budget_n=771 est=1075.71
  [FastestO Curve] run=5 frac=0.1 budget_n=958 est=946.796
  [FastestO Curve] run=5 frac=0.15 budget_n=1283 est=993.39
  [FastestO Curve] run=5 frac=0.2 budget_n=1608 est=1016.66
  [FastestO Curve] run=5 frac=0.3 budget_n=1965 est=968.3
  [FastestO Curve] run=5 frac=0.4 budget_n=2153 est=1001.89
  [FastestO Curve] run=5 frac=0.5 budget_n=2276 est=1002.37
  [FastestO Curve] run=5 frac=0.6 budget_n=2387 est=1023.31
  [FastestO Curve] run=5 frac=0.7 budget_n=2490 est=1010.27
  [FastestO Curve] run=5 frac=0.8 budget_n=2626 est=1009.03
  [FastestO Curve] run=5 frac=0.9 budget_n=500 est=1009.68
  [Result] #CandTree           : 8323
  [Result] #TreeTrials         : 610
  [Result] #TreeSuccess        : 74
  [Result] #UniqueOracleNodes  : 500.0000
  [Result] Truth               : 8323.0000
  [Result] Est                 : 1009.6754
  [Result] logQError           : -0.9161
  [Result] TreeCountTime       : 5.6218
  [Result] QueryTime           : 0.9515
/home/wangshuo/projects/PROXY/datasets/amazon/query_graph_count/query_3_118.graph Finished!

Start Processing (Multi-Predicate) /home/wangshuo/projects/PROXY/datasets/amazon/query_graph_count/query_3_119.graph
[Info] Using explicit query nodes for predicates: 0 2 
[Info] FOIS_nrs base budget not found, will rely strictly on Curve CSV.
[Warning] Requested root label 1 not found in query. Falling back to default root 0
  [FastestO Curve] run=1 frac=0.01 budget_n=140 est=588.333
  [FastestO Curve] run=1 frac=0.05 budget_n=570 est=853.522
  [FastestO Curve] run=1 frac=0.075 budget_n=770 est=1169.72
  [FastestO Curve] run=1 frac=0.1 budget_n=980 est=1001.16
  [FastestO Curve] run=1 frac=0.15 budget_n=1317 est=995.117
  [FastestO Curve] run=1 frac=0.2 budget_n=1638 est=1033.79
  [FastestO Curve] run=1 frac=0.3 budget_n=1982 est=1010.67
  [FastestO Curve] run=1 frac=0.4 budget_n=2165 est=986.537
  [FastestO Curve] run=1 frac=0.5 budget_n=2288 est=1035.84
  [FastestO Curve] run=1 frac=0.6 budget_n=2421 est=1022.43
  [FastestO Curve] run=1 frac=0.7 budget_n=2517 est=1001.11
  [FastestO Curve] run=1 frac=0.8 budget_n=2650 est=1027.94
  [FastestO Curve] run=1 frac=0.9 budget_n=500 est=930.989
  [FastestO Curve] run=2 frac=0.01 budget_n=140 est=891.789
  [FastestO Curve] run=2 frac=0.05 budget_n=570 est=1067.43
  [FastestO Curve] run=2 frac=0.075 budget_n=770 est=992.536
  [FastestO Curve] run=2 frac=0.1 budget_n=980 est=1001.4
  [FastestO Curve] run=2 frac=0.15 budget_n=1317 est=986.541
  [FastestO Curve] run=2 frac=0.2 budget_n=1638 est=1072.75
  [FastestO Curve] run=2 frac=0.3 budget_n=1982 est=1034.55
  [FastestO Curve] run=2 frac=0.4 budget_n=2165 est=1007.12
  [FastestO Curve] run=2 frac=0.5 budget_n=2288 est=1017.91
  [FastestO Curve] run=2 frac=0.6 budget_n=2421 est=1019.18
  [FastestO Curve] run=2 frac=0.7 budget_n=2517 est=1019.04
  [FastestO Curve] run=2 frac=0.8 budget_n=2650 est=1017.77
  [FastestO Curve] run=2 frac=0.9 budget_n=500 est=939.862
  [FastestO Curve] run=3 frac=0.01 budget_n=140 est=847.2
  [FastestO Curve] run=3 frac=0.05 budget_n=570 est=1252.49
  [FastestO Curve] run=3 frac=0.075 budget_n=770 est=1053.87
  [FastestO Curve] run=3 frac=0.1 budget_n=980 est=1030.32
  [FastestO Curve] run=3 frac=0.15 budget_n=1317 est=1052.22
  [FastestO Curve] run=3 frac=0.2 budget_n=1638 est=1002.59
  [FastestO Curve] run=3 frac=0.3 budget_n=1982 est=1059.39
  [FastestO Curve] run=3 frac=0.4 budget_n=2165 est=1002.55
  [FastestO Curve] run=3 frac=0.5 budget_n=2288 est=1013.96
  [FastestO Curve] run=3 frac=0.6 budget_n=2421 est=1004.92
  [FastestO Curve] run=3 frac=0.7 budget_n=2517 est=1017.77
  [FastestO Curve] run=3 frac=0.8 budget_n=2650 est=1016.22
  [FastestO Curve] run=3 frac=0.9 budget_n=500 est=1150.86
  [FastestO Curve] run=4 frac=0.01 budget_n=140 est=685.235
  [FastestO Curve] run=4 frac=0.05 budget_n=570 est=1070.03
  [FastestO Curve] run=4 frac=0.075 budget_n=770 est=1102.86
  [FastestO Curve] run=4 frac=0.1 budget_n=980 est=883.532
  [FastestO Curve] run=4 frac=0.15 budget_n=1317 est=1011.01
  [FastestO Curve] run=4 frac=0.2 budget_n=1638 est=1085.89
  [FastestO Curve] run=4 frac=0.3 budget_n=1982 est=999.275
  [FastestO Curve] run=4 frac=0.4 budget_n=2165 est=1022.97
  [FastestO Curve] run=4 frac=0.5 budget_n=2288 est=1022.99
  [FastestO Curve] run=4 frac=0.6 budget_n=2421 est=1011.27
  [FastestO Curve] run=4 frac=0.7 budget_n=2517 est=1014.95
  [FastestO Curve] run=4 frac=0.8 budget_n=2650 est=1014.1
  [FastestO Curve] run=4 frac=0.9 budget_n=500 est=1036.24
  [FastestO Curve] run=5 frac=0.01 budget_n=140 est=1252.9
  [FastestO Curve] run=5 frac=0.05 budget_n=570 est=970.162
  [FastestO Curve] run=5 frac=0.075 budget_n=770 est=1043.94
  [FastestO Curve] run=5 frac=0.1 budget_n=980 est=995.218
  [FastestO Curve] run=5 frac=0.15 budget_n=1317 est=1014.61
  [FastestO Curve] run=5 frac=0.2 budget_n=1638 est=1027.13
  [FastestO Curve] run=5 frac=0.3 budget_n=1982 est=1021.54
  [FastestO Curve] run=5 frac=0.4 budget_n=2165 est=999.463
  [FastestO Curve] run=5 frac=0.5 budget_n=2288 est=998.425
  [FastestO Curve] run=5 frac=0.6 budget_n=2421 est=1012.69
  [FastestO Curve] run=5 frac=0.7 budget_n=2517 est=1018.19
  [FastestO Curve] run=5 frac=0.8 budget_n=2650 est=1031.75
  [FastestO Curve] run=5 frac=0.9 budget_n=500 est=913.15
  [Result] #CandTree           : 8472
  [Result] #TreeTrials         : 668
  [Result] #TreeSuccess        : 72
  [Result] #UniqueOracleNodes  : 500.0000
  [Result] Truth               : 8472.0000
  [Result] Est                 : 913.1497
  [Result] logQError           : -0.9674
  [Result] TreeCountTime       : 6.6002
  [Result] QueryTime           : 0.6948
/home/wangshuo/projects/PROXY/datasets/amazon/query_graph_count/query_3_119.graph Finished!

Start Processing (Multi-Predicate) /home/wangshuo/projects/PROXY/datasets/amazon/query_graph_count/query_3_12.graph
[Info] Using explicit query nodes for predicates: 0 2 
[Info] FOIS_nrs base budget not found, will rely strictly on Curve CSV.
[Warning] Requested root label 1 not found in query. Falling back to default root 0
  [FastestO Curve] run=1 frac=0.01 budget_n=141 est=916.522
  [FastestO Curve] run=1 frac=0.05 budget_n=513 est=1122.53
  [FastestO Curve] run=1 frac=0.075 budget_n=735 est=963.45
  [FastestO Curve] run=1 frac=0.1 budget_n=948 est=959.024
  [FastestO Curve] run=1 frac=0.15 budget_n=1263 est=979.967
  [FastestO Curve] run=1 frac=0.2 budget_n=1547 est=1021.24
  [FastestO Curve] run=1 frac=0.3 budget_n=1875 est=927.17
  [FastestO Curve] run=1 frac=0.4 budget_n=2073 est=935.673
  [FastestO Curve] run=1 frac=0.5 budget_n=2199 est=931.877
  [FastestO Curve] run=1 frac=0.6 budget_n=2325 est=963.918
  [FastestO Curve] run=1 frac=0.7 budget_n=2447 est=957.594
  [FastestO Curve] run=1 frac=0.8 budget_n=2550 est=963.918
  [FastestO Curve] run=1 frac=0.9 budget_n=500 est=998.526
  [FastestO Curve] run=2 frac=0.01 budget_n=141 est=977.623
  [FastestO Curve] run=2 frac=0.05 budget_n=513 est=941.187
  [FastestO Curve] run=2 frac=0.075 budget_n=735 est=941.681
  [FastestO Curve] run=2 frac=0.1 budget_n=948 est=977.267
  [FastestO Curve] run=2 frac=0.15 budget_n=1263 est=924.671
  [FastestO Curve] run=2 frac=0.2 budget_n=1547 est=1020.03
  [FastestO Curve] run=2 frac=0.3 budget_n=1875 est=970.559
  [FastestO Curve] run=2 frac=0.4 budget_n=2073 est=930.032
  [FastestO Curve] run=2 frac=0.5 budget_n=2199 est=959.983
  [FastestO Curve] run=2 frac=0.6 budget_n=2325 est=962.232
  [FastestO Curve] run=2 frac=0.7 budget_n=2447 est=952.394
  [FastestO Curve] run=2 frac=0.8 budget_n=2550 est=945.087
  [FastestO Curve] run=2 frac=0.9 budget_n=500 est=877.538
  [FastestO Curve] run=3 frac=0.01 budget_n=141 est=1014.38
  [FastestO Curve] run=3 frac=0.05 budget_n=513 est=1055.57
  [FastestO Curve] run=3 frac=0.075 budget_n=735 est=1014.26
  [FastestO Curve] run=3 frac=0.1 budget_n=948 est=1018.2
  [FastestO Curve] run=3 frac=0.15 budget_n=1263 est=913.887
  [FastestO Curve] run=3 frac=0.2 budget_n=1547 est=991.657
  [FastestO Curve] run=3 frac=0.3 budget_n=1875 est=949.84
  [FastestO Curve] run=3 frac=0.4 budget_n=2073 est=934.675
  [FastestO Curve] run=3 frac=0.5 budget_n=2199 est=955.767
  [FastestO Curve] run=3 frac=0.6 budget_n=2325 est=954.643
  [FastestO Curve] run=3 frac=0.7 budget_n=2447 est=950.286
  [FastestO Curve] run=3 frac=0.8 budget_n=2550 est=958.999
  [FastestO Curve] run=3 frac=0.9 budget_n=500 est=1019.1
  [FastestO Curve] run=4 frac=0.01 budget_n=141 est=894.303
  [FastestO Curve] run=4 frac=0.05 budget_n=513 est=966.726
  [FastestO Curve] run=4 frac=0.075 budget_n=735 est=880.389
  [FastestO Curve] run=4 frac=0.1 budget_n=948 est=896.333
  [FastestO Curve] run=4 frac=0.15 budget_n=1263 est=967.917
  [FastestO Curve] run=4 frac=0.2 budget_n=1547 est=967.137
  [FastestO Curve] run=4 frac=0.3 budget_n=1875 est=912.306
  [FastestO Curve] run=4 frac=0.4 budget_n=2073 est=962.078
  [FastestO Curve] run=4 frac=0.5 budget_n=2199 est=942.698
  [FastestO Curve] run=4 frac=0.6 budget_n=2325 est=960.967
  [FastestO Curve] run=4 frac=0.7 budget_n=2447 est=939.887
  [FastestO Curve] run=4 frac=0.8 budget_n=2550 est=957.735
  [FastestO Curve] run=4 frac=0.9 budget_n=500 est=1079.3
  [FastestO Curve] run=5 frac=0.01 budget_n=141 est=722.743
  [FastestO Curve] run=5 frac=0.05 budget_n=513 est=785.514
  [FastestO Curve] run=5 frac=0.075 budget_n=735 est=888.333
  [FastestO Curve] run=5 frac=0.1 budget_n=948 est=898.566
  [FastestO Curve] run=5 frac=0.15 budget_n=1263 est=954.141
  [FastestO Curve] run=5 frac=0.2 budget_n=1547 est=921.654
  [FastestO Curve] run=5 frac=0.3 budget_n=1875 est=935.093
  [FastestO Curve] run=5 frac=0.4 budget_n=2073 est=946.057
  [FastestO Curve] run=5 frac=0.5 budget_n=2199 est=945.508
  [FastestO Curve] run=5 frac=0.6 budget_n=2325 est=960.686
  [FastestO Curve] run=5 frac=0.7 budget_n=2447 est=965.042
  [FastestO Curve] run=5 frac=0.8 budget_n=2550 est=963.215
  [FastestO Curve] run=5 frac=0.9 budget_n=500 est=1061.07
  [Result] #CandTree           : 8432
  [Result] #TreeTrials         : 596
  [Result] #TreeSuccess        : 75
  [Result] #UniqueOracleNodes  : 500.0000
  [Result] Truth               : 8432.0000
  [Result] Est                 : 1061.0738
  [Result] logQError           : -0.9002
  [Result] TreeCountTime       : 6.6762
  [Result] QueryTime           : 0.7314
/home/wangshuo/projects/PROXY/datasets/amazon/query_graph_count/query_3_12.graph Finished!

Start Processing (Multi-Predicate) /home/wangshuo/projects/PROXY/datasets/amazon/query_graph_count/query_3_120.graph
[Info] Using explicit query nodes for predicates: 0 2 
[Info] FOIS_nrs base budget not found, will rely strictly on Curve CSV.
[Info] Using user-specified root label 1 -> query node 2
  [FastestO Curve] run=1 frac=0.01 budget_n=141 est=529.383
  [FastestO Curve] run=1 frac=0.05 budget_n=575 est=847.91
  [FastestO Curve] run=1 frac=0.075 budget_n=760 est=927.135
  [FastestO Curve] run=1 frac=0.1 budget_n=927 est=759.549
  [FastestO Curve] run=1 frac=0.15 budget_n=1283 est=867.978
  [FastestO Curve] run=1 frac=0.2 budget_n=1535 est=879.194
  [FastestO Curve] run=1 frac=0.3 budget_n=1828 est=765.168
  [FastestO Curve] run=1 frac=0.4 budget_n=1985 est=898.22
  [FastestO Curve] run=1 frac=0.5 budget_n=2097 est=942.418
  [FastestO Curve] run=1 frac=0.6 budget_n=2207 est=825.549
  [FastestO Curve] run=1 frac=0.7 budget_n=2320 est=920.821
  [FastestO Curve] run=1 frac=0.8 budget_n=2451 est=828.558
  [FastestO Curve] run=1 frac=0.9 budget_n=500 est=716.965
  [FastestO Curve] run=2 frac=0.01 budget_n=141 est=750.4
  [FastestO Curve] run=2 frac=0.05 budget_n=575 est=777.428
  [FastestO Curve] run=2 frac=0.075 budget_n=760 est=850.512
  [FastestO Curve] run=2 frac=0.1 budget_n=927 est=1055.73
  [FastestO Curve] run=2 frac=0.15 budget_n=1283 est=968.258
  [FastestO Curve] run=2 frac=0.2 budget_n=1535 est=870.468
  [FastestO Curve] run=2 frac=0.3 budget_n=1828 est=919.982
  [FastestO Curve] run=2 frac=0.4 budget_n=1985 est=837.235
  [FastestO Curve] run=2 frac=0.5 budget_n=2097 est=849.78
  [FastestO Curve] run=2 frac=0.6 budget_n=2207 est=803.849
  [FastestO Curve] run=2 frac=0.7 budget_n=2320 est=858.978
  [FastestO Curve] run=2 frac=0.8 budget_n=2451 est=900.312
  [FastestO Curve] run=2 frac=0.9 budget_n=500 est=622.68
  [FastestO Curve] run=3 frac=0.01 budget_n=141 est=536
  [FastestO Curve] run=3 frac=0.05 budget_n=575 est=760.199
  [FastestO Curve] run=3 frac=0.075 budget_n=760 est=760.774
  [FastestO Curve] run=3 frac=0.1 budget_n=927 est=912.051
  [FastestO Curve] run=3 frac=0.15 budget_n=1283 est=883.243
  [FastestO Curve] run=3 frac=0.2 budget_n=1535 est=859.148
  [FastestO Curve] run=3 frac=0.3 budget_n=1828 est=765.378
  [FastestO Curve] run=3 frac=0.4 budget_n=1985 est=892.172
  [FastestO Curve] run=3 frac=0.5 budget_n=2097 est=960.512
  [FastestO Curve] run=3 frac=0.6 budget_n=2207 est=792.821
  [FastestO Curve] run=3 frac=0.7 budget_n=2320 est=916.378
  [FastestO Curve] run=3 frac=0.8 budget_n=2451 est=890.682
  [FastestO Curve] run=3 frac=0.9 budget_n=500 est=849.109
  [FastestO Curve] run=4 frac=0.01 budget_n=141 est=836.683
  [FastestO Curve] run=4 frac=0.05 budget_n=575 est=708.76
  [FastestO Curve] run=4 frac=0.075 budget_n=760 est=922.734
  [FastestO Curve] run=4 frac=0.1 budget_n=927 est=810.667
  [FastestO Curve] run=4 frac=0.15 budget_n=1283 est=786.528
  [FastestO Curve] run=4 frac=0.2 budget_n=1535 est=820.046
  [FastestO Curve] run=4 frac=0.3 budget_n=1828 est=817.361
  [FastestO Curve] run=4 frac=0.4 budget_n=1985 est=937.912
  [FastestO Curve] run=4 frac=0.5 budget_n=2097 est=856.555
  [FastestO Curve] run=4 frac=0.6 budget_n=2207 est=825.549
  [FastestO Curve] run=4 frac=0.7 budget_n=2320 est=821.734
  [FastestO Curve] run=4 frac=0.8 budget_n=2451 est=882.322
  [FastestO Curve] run=4 frac=0.9 budget_n=500 est=829.935
  [FastestO Curve] run=5 frac=0.01 budget_n=141 est=651.342
  [FastestO Curve] run=5 frac=0.05 budget_n=575 est=835.484
  [FastestO Curve] run=5 frac=0.075 budget_n=760 est=859.354
  [FastestO Curve] run=5 frac=0.1 budget_n=927 est=777.068
  [FastestO Curve] run=5 frac=0.15 budget_n=1283 est=1059.85
  [FastestO Curve] run=5 frac=0.2 budget_n=1535 est=867.763
  [FastestO Curve] run=5 frac=0.3 budget_n=1828 est=957.087
  [FastestO Curve] run=5 frac=0.4 budget_n=1985 est=741.136
  [FastestO Curve] run=5 frac=0.5 budget_n=2097 est=752.373
  [FastestO Curve] run=5 frac=0.6 budget_n=2207 est=807.955
  [FastestO Curve] run=5 frac=0.7 budget_n=2320 est=805.86
  [FastestO Curve] run=5 frac=0.8 budget_n=2451 est=873.797
  [FastestO Curve] run=5 frac=0.9 budget_n=500 est=899.777
  [Result] #CandTree           : 8576
  [Result] #TreeTrials         : 305
  [Result] #TreeSuccess        : 32
  [Result] #UniqueOracleNodes  : 500.0000
  [Result] Truth               : 8576.0000
  [Result] Est                 : 899.7770
  [Result] logQError           : -0.9791
  [Result] TreeCountTime       : 6.7206
  [Result] QueryTime           : 0.5670
/home/wangshuo/projects/PROXY/datasets/amazon/query_graph_count/query_3_120.graph Finished!

Start Processing (Multi-Predicate) /home/wangshuo/projects/PROXY/datasets/amazon/query_graph_count/query_3_121.graph
[Info] Using explicit query nodes for predicates: 0 1 
[Info] FOIS_nrs base budget not found, will rely strictly on Curve CSV.
[Warning] Requested root label 1 not found in query. Falling back to default root 0
  [FastestO Curve] run=1 frac=0.01 budget_n=150 est=1109.87
  [FastestO Curve] run=1 frac=0.05 budget_n=569 est=1309.08
  [FastestO Curve] run=1 frac=0.075 budget_n=778 est=1077.76
  [FastestO Curve] run=1 frac=0.1 budget_n=968 est=1046.23
  [FastestO Curve] run=1 frac=0.15 budget_n=1356 est=1112.95
  [FastestO Curve] run=1 frac=0.2 budget_n=1666 est=1016.24
  [FastestO Curve] run=1 frac=0.3 budget_n=2003 est=1064.38
  [FastestO Curve] run=1 frac=0.4 budget_n=2194 est=1056.41
  [FastestO Curve] run=1 frac=0.5 budget_n=2340 est=1074.69
  [FastestO Curve] run=1 frac=0.6 budget_n=2457 est=1079.22
  [FastestO Curve] run=1 frac=0.7 budget_n=2558 est=1068.73
  [FastestO Curve] run=1 frac=0.8 budget_n=2673 est=1070.86
  [FastestO Curve] run=1 frac=0.9 budget_n=500 est=1032.16
  [FastestO Curve] run=2 frac=0.01 budget_n=150 est=1018.68
  [FastestO Curve] run=2 frac=0.05 budget_n=569 est=870.74
  [FastestO Curve] run=2 frac=0.075 budget_n=778 est=1067.93
  [FastestO Curve] run=2 frac=0.1 budget_n=968 est=1159.69
  [FastestO Curve] run=2 frac=0.15 budget_n=1356 est=1081.78
  [FastestO Curve] run=2 frac=0.2 budget_n=1666 est=1116.14
  [FastestO Curve] run=2 frac=0.3 budget_n=2003 est=1021.15
  [FastestO Curve] run=2 frac=0.4 budget_n=2194 est=1059.43
  [FastestO Curve] run=2 frac=0.5 budget_n=2340 est=1083.62
  [FastestO Curve] run=2 frac=0.6 budget_n=2457 est=1071.42
  [FastestO Curve] run=2 frac=0.7 budget_n=2558 est=1056.39
  [FastestO Curve] run=2 frac=0.8 budget_n=2673 est=1085.04
  [FastestO Curve] run=2 frac=0.9 budget_n=500 est=1077.44
  [FastestO Curve] run=3 frac=0.01 budget_n=150 est=1018.68
  [FastestO Curve] run=3 frac=0.05 budget_n=569 est=1136.08
  [FastestO Curve] run=3 frac=0.075 budget_n=778 est=1087.3
  [FastestO Curve] run=3 frac=0.1 budget_n=968 est=946.418
  [FastestO Curve] run=3 frac=0.15 budget_n=1356 est=1061.12
  [FastestO Curve] run=3 frac=0.2 budget_n=1666 est=1068.92
  [FastestO Curve] run=3 frac=0.3 budget_n=2003 est=1067.83
  [FastestO Curve] run=3 frac=0.4 budget_n=2194 est=1073.32
  [FastestO Curve] run=3 frac=0.5 budget_n=2340 est=1068.16
  [FastestO Curve] run=3 frac=0.6 budget_n=2457 est=1070.57
  [FastestO Curve] run=3 frac=0.7 budget_n=2558 est=1069.44
  [FastestO Curve] run=3 frac=0.8 budget_n=2673 est=1071.85
  [FastestO Curve] run=3 frac=0.9 budget_n=500 est=1035.42
  [FastestO Curve] run=4 frac=0.01 budget_n=150 est=722.987
  [FastestO Curve] run=4 frac=0.05 budget_n=569 est=976.627
  [FastestO Curve] run=4 frac=0.075 budget_n=778 est=1081.18
  [FastestO Curve] run=4 frac=0.1 budget_n=968 est=1015.93
  [FastestO Curve] run=4 frac=0.15 budget_n=1356 est=1069.61
  [FastestO Curve] run=4 frac=0.2 budget_n=1666 est=1092.69
  [FastestO Curve] run=4 frac=0.3 budget_n=2003 est=1047.52
  [FastestO Curve] run=4 frac=0.4 budget_n=2194 est=1075.39
  [FastestO Curve] run=4 frac=0.5 budget_n=2340 est=1058.24
  [FastestO Curve] run=4 frac=0.6 budget_n=2457 est=1059.51
  [FastestO Curve] run=4 frac=0.7 budget_n=2558 est=1064.33
  [FastestO Curve] run=4 frac=0.8 budget_n=2673 est=1053.56
  [FastestO Curve] run=4 frac=0.9 budget_n=500 est=1229.23
  [FastestO Curve] run=5 frac=0.01 budget_n=150 est=719.07
  [FastestO Curve] run=5 frac=0.05 budget_n=569 est=1032.43
  [FastestO Curve] run=5 frac=0.075 budget_n=778 est=983.622
  [FastestO Curve] run=5 frac=0.1 budget_n=968 est=1047.33
  [FastestO Curve] run=5 frac=0.15 budget_n=1356 est=1101.66
  [FastestO Curve] run=5 frac=0.2 budget_n=1666 est=1103.24
  [FastestO Curve] run=5 frac=0.3 budget_n=2003 est=1059.12
  [FastestO Curve] run=5 frac=0.4 budget_n=2194 est=1087.68
  [FastestO Curve] run=5 frac=0.5 budget_n=2340 est=1052.28
  [FastestO Curve] run=5 frac=0.6 budget_n=2457 est=1069.16
  [FastestO Curve] run=5 frac=0.7 budget_n=2558 est=1086.6
  [FastestO Curve] run=5 frac=0.8 budget_n=2673 est=1078.09
  [FastestO Curve] run=5 frac=0.9 budget_n=500 est=1188.26
  [Result] #CandTree           : 8509
  [Result] #TreeTrials         : 623
  [Result] #TreeSuccess        : 87
  [Result] #UniqueOracleNodes  : 500.0000
  [Result] Truth               : 8509.0000
  [Result] Est                 : 1188.2552
  [Result] logQError           : -0.8550
  [Result] TreeCountTime       : 6.8473
  [Result] QueryTime           : 0.7418
/home/wangshuo/projects/PROXY/datasets/amazon/query_graph_count/query_3_121.graph Finished!

Start Processing (Multi-Predicate) /home/wangshuo/projects/PROXY/datasets/amazon/query_graph_count/query_3_122.graph
[Info] Using explicit query nodes for predicates: 0 2 
[Info] FOIS_nrs base budget not found, will rely strictly on Curve CSV.
[Info] Using user-specified root label 1 -> query node 2
  [FastestO Curve] run=1 frac=0.01 budget_n=136 est=719.167
  [FastestO Curve] run=1 frac=0.05 budget_n=533 est=694.675
  [FastestO Curve] run=1 frac=0.075 budget_n=772 est=822.738
  [FastestO Curve] run=1 frac=0.1 budget_n=929 est=906.22
  [FastestO Curve] run=1 frac=0.15 budget_n=1275 est=822.838
  [FastestO Curve] run=1 frac=0.2 budget_n=1521 est=736.512
  [FastestO Curve] run=1 frac=0.3 budget_n=1814 est=993.11
  [FastestO Curve] run=1 frac=0.4 budget_n=1984 est=899.433
  [FastestO Curve] run=1 frac=0.5 budget_n=2105 est=798.487
  [FastestO Curve] run=1 frac=0.6 budget_n=2184 est=960.583
  [FastestO Curve] run=1 frac=0.7 budget_n=2288 est=867.742
  [FastestO Curve] run=1 frac=0.8 budget_n=2420 est=826.277
  [FastestO Curve] run=1 frac=0.9 budget_n=500 est=730.879
  [FastestO Curve] run=2 frac=0.01 budget_n=136 est=1008.7
  [FastestO Curve] run=2 frac=0.05 budget_n=533 est=920.884
  [FastestO Curve] run=2 frac=0.075 budget_n=772 est=944.758
  [FastestO Curve] run=2 frac=0.1 budget_n=929 est=1031.53
  [FastestO Curve] run=2 frac=0.15 budget_n=1275 est=782.788
  [FastestO Curve] run=2 frac=0.2 budget_n=1521 est=755.912
  [FastestO Curve] run=2 frac=0.3 budget_n=1814 est=822.802
  [FastestO Curve] run=2 frac=0.4 budget_n=1984 est=812.235
  [FastestO Curve] run=2 frac=0.5 budget_n=2105 est=839.392
  [FastestO Curve] run=2 frac=0.6 budget_n=2184 est=905.802
  [FastestO Curve] run=2 frac=0.7 budget_n=2288 est=813.699
  [FastestO Curve] run=2 frac=0.8 budget_n=2420 est=789.329
  [FastestO Curve] run=2 frac=0.9 budget_n=500 est=800.132
  [FastestO Curve] run=3 frac=0.01 budget_n=136 est=1052.44
  [FastestO Curve] run=3 frac=0.05 budget_n=533 est=873.589
  [FastestO Curve] run=3 frac=0.075 budget_n=772 est=962.779
  [FastestO Curve] run=3 frac=0.1 budget_n=929 est=680.197
  [FastestO Curve] run=3 frac=0.15 budget_n=1275 est=758.041
  [FastestO Curve] run=3 frac=0.2 budget_n=1521 est=778.824
  [FastestO Curve] run=3 frac=0.3 budget_n=1814 est=907.757
  [FastestO Curve] run=3 frac=0.4 budget_n=1984 est=956.328
  [FastestO Curve] run=3 frac=0.5 budget_n=2105 est=865.623
  [FastestO Curve] run=3 frac=0.6 budget_n=2184 est=892.759
  [FastestO Curve] run=3 frac=0.7 budget_n=2288 est=821.227
  [FastestO Curve] run=3 frac=0.8 budget_n=2420 est=817.947
  [FastestO Curve] run=3 frac=0.9 budget_n=500 est=612.452
  [FastestO Curve] run=4 frac=0.01 budget_n=136 est=567.763
  [FastestO Curve] run=4 frac=0.05 budget_n=533 est=982.492
  [FastestO Curve] run=4 frac=0.075 budget_n=772 est=950.915
  [FastestO Curve] run=4 frac=0.1 budget_n=929 est=668.129
  [FastestO Curve] run=4 frac=0.15 budget_n=1275 est=816.75
  [FastestO Curve] run=4 frac=0.2 budget_n=1521 est=878.029
  [FastestO Curve] run=4 frac=0.3 budget_n=1814 est=907.095
  [FastestO Curve] run=4 frac=0.4 budget_n=1984 est=761.303
  [FastestO Curve] run=4 frac=0.5 budget_n=2105 est=914.129
  [FastestO Curve] run=4 frac=0.6 budget_n=2184 est=861.009
  [FastestO Curve] run=4 frac=0.7 budget_n=2288 est=939.064
  [FastestO Curve] run=4 frac=0.8 budget_n=2420 est=827.412
  [FastestO Curve] run=4 frac=0.9 budget_n=500 est=874.281
  [FastestO Curve] run=5 frac=0.01 budget_n=136 est=745.802
  [FastestO Curve] run=5 frac=0.05 budget_n=533 est=818.135
  [FastestO Curve] run=5 frac=0.075 budget_n=772 est=931.548
  [FastestO Curve] run=5 frac=0.1 budget_n=929 est=878.588
  [FastestO Curve] run=5 frac=0.15 budget_n=1275 est=788.128
  [FastestO Curve] run=5 frac=0.2 budget_n=1521 est=851.285
  [FastestO Curve] run=5 frac=0.3 budget_n=1814 est=842.574
  [FastestO Curve] run=5 frac=0.4 budget_n=1984 est=822.434
  [FastestO Curve] run=5 frac=0.5 budget_n=2105 est=900.061
  [FastestO Curve] run=5 frac=0.6 budget_n=2184 est=826.591
  [FastestO Curve] run=5 frac=0.7 budget_n=2288 est=833.633
  [FastestO Curve] run=5 frac=0.8 budget_n=2420 est=846.684
  [FastestO Curve] run=5 frac=0.9 budget_n=500 est=678.459
  [Result] #CandTree           : 8630
  [Result] #TreeTrials         : 318
  [Result] #TreeSuccess        : 25
  [Result] #UniqueOracleNodes  : 500.0000
  [Result] Truth               : 8630.0000
  [Result] Est                 : 678.4591
  [Result] logQError           : -1.1045
  [Result] TreeCountTime       : 6.8504
  [Result] QueryTime           : 0.5428
/home/wangshuo/projects/PROXY/datasets/amazon/query_graph_count/query_3_122.graph Finished!

Start Processing (Multi-Predicate) /home/wangshuo/projects/PROXY/datasets/amazon/query_graph_count/query_3_123.graph
[Info] Using explicit query nodes for predicates: 0 
[Info] FOIS_nrs base budget not found, will rely strictly on Curve CSV.
[Warning] Requested root label 1 not found in query. Falling back to default root 1
  [FastestO Curve] run=1 frac=0.01 budget_n=134 est=10481.2
  [FastestO Curve] run=1 frac=0.05 budget_n=668 est=10400.7
  [FastestO Curve] run=1 frac=0.075 budget_n=1002 est=10309.9
  [FastestO Curve] run=1 frac=0.1 budget_n=1336 est=10213.5
  [FastestO Curve] run=1 frac=0.15 budget_n=2004 est=10041.7
  [FastestO Curve] run=1 frac=0.2 budget_n=2673 est=10120.8
  [FastestO Curve] run=1 frac=0.3 budget_n=4008 est=10223.5
  [FastestO Curve] run=1 frac=0.4 budget_n=5345 est=10281.9
  [FastestO Curve] run=1 frac=0.5 budget_n=6681 est=10292.4
  [FastestO Curve] run=1 frac=0.6 budget_n=8018 est=10228.5
  [FastestO Curve] run=1 frac=0.7 budget_n=9353 est=10149.1
  [FastestO Curve] run=1 frac=0.8 budget_n=10690 est=10177.9
  [FastestO Curve] run=1 frac=0.9 budget_n=500 est=10282.1
  [FastestO Curve] run=2 frac=0.01 budget_n=134 est=10965.9
  [FastestO Curve] run=2 frac=0.05 budget_n=668 est=10173.4
  [FastestO Curve] run=2 frac=0.075 budget_n=1002 est=10076.4
  [FastestO Curve] run=2 frac=0.1 budget_n=1336 est=10234.8
  [FastestO Curve] run=2 frac=0.15 budget_n=2004 est=10073.9
  [FastestO Curve] run=2 frac=0.2 budget_n=2673 est=10198.5
  [FastestO Curve] run=2 frac=0.3 budget_n=4008 est=10138.8
  [FastestO Curve] run=2 frac=0.4 budget_n=5345 est=10199
  [FastestO Curve] run=2 frac=0.5 budget_n=6681 est=10225.1
  [FastestO Curve] run=2 frac=0.6 budget_n=8018 est=10237.8
  [FastestO Curve] run=2 frac=0.7 budget_n=9353 est=10181.2
  [FastestO Curve] run=2 frac=0.8 budget_n=10690 est=10221.6
  [FastestO Curve] run=2 frac=0.9 budget_n=500 est=9852.14
  [FastestO Curve] run=3 frac=0.01 budget_n=134 est=10764.5
  [FastestO Curve] run=3 frac=0.05 budget_n=668 est=9957.36
  [FastestO Curve] run=3 frac=0.075 budget_n=1002 est=10172.7
  [FastestO Curve] run=3 frac=0.1 budget_n=1336 est=10248
  [FastestO Curve] run=3 frac=0.15 budget_n=2004 est=10320.5
  [FastestO Curve] run=3 frac=0.2 budget_n=2673 est=10179.7
  [FastestO Curve] run=3 frac=0.3 budget_n=4008 est=10180.5
  [FastestO Curve] run=3 frac=0.4 budget_n=5345 est=10244.7
  [FastestO Curve] run=3 frac=0.5 budget_n=6681 est=10211.4
  [FastestO Curve] run=3 frac=0.6 budget_n=8018 est=10185.1
  [FastestO Curve] run=3 frac=0.7 budget_n=9353 est=10147.9
  [FastestO Curve] run=3 frac=0.8 budget_n=10690 est=10191.2
  [FastestO Curve] run=3 frac=0.9 budget_n=500 est=10279
  [FastestO Curve] run=4 frac=0.01 budget_n=134 est=10386.8
  [FastestO Curve] run=4 frac=0.05 budget_n=668 est=10049.6
  [FastestO Curve] run=4 frac=0.075 budget_n=1002 est=10225.3
  [FastestO Curve] run=4 frac=0.1 budget_n=1336 est=10192.5
  [FastestO Curve] run=4 frac=0.15 budget_n=2004 est=10326.2
  [FastestO Curve] run=4 frac=0.2 budget_n=2673 est=10121.6
  [FastestO Curve] run=4 frac=0.3 budget_n=4008 est=10114
  [FastestO Curve] run=4 frac=0.4 budget_n=5345 est=10125.4
  [FastestO Curve] run=4 frac=0.5 budget_n=6681 est=10217.5
  [FastestO Curve] run=4 frac=0.6 budget_n=8018 est=10147
  [FastestO Curve] run=4 frac=0.7 budget_n=9353 est=10228.3
  [FastestO Curve] run=4 frac=0.8 budget_n=10690 est=10176.3
  [FastestO Curve] run=4 frac=0.9 budget_n=500 est=10544.2
  [FastestO Curve] run=5 frac=0.01 budget_n=134 est=9747.5
  [FastestO Curve] run=5 frac=0.05 budget_n=668 est=10052.3
  [FastestO Curve] run=5 frac=0.075 budget_n=1002 est=10214.2
  [FastestO Curve] run=5 frac=0.1 budget_n=1336 est=10102.9
  [FastestO Curve] run=5 frac=0.15 budget_n=2004 est=10246.1
  [FastestO Curve] run=5 frac=0.2 budget_n=2673 est=10140.3
  [FastestO Curve] run=5 frac=0.3 budget_n=4008 est=10175.7
  [FastestO Curve] run=5 frac=0.4 budget_n=5345 est=10174.8
  [FastestO Curve] run=5 frac=0.5 budget_n=6681 est=10268.4
  [FastestO Curve] run=5 frac=0.6 budget_n=8018 est=10189.9
  [FastestO Curve] run=5 frac=0.7 budget_n=9353 est=10196.3
  [FastestO Curve] run=5 frac=0.8 budget_n=10690 est=10208.6
  [FastestO Curve] run=5 frac=0.9 budget_n=500 est=10147.2
  [Result] #CandTree           : 1.265e+04
  [Result] #TreeTrials         : 510
  [Result] #TreeSuccess        : 409
  [Result] #UniqueOracleNodes  : 500.0000
  [Result] Truth               : 12653.0000
  [Result] Est                 : 10147.2098
  [Result] logQError           : -0.0958
  [Result] TreeCountTime       : 10.2996
  [Result] QueryTime           : 0.6771
/home/wangshuo/projects/PROXY/datasets/amazon/query_graph_count/query_3_123.graph Finished!

Start Processing (Multi-Predicate) /home/wangshuo/projects/PROXY/datasets/amazon/query_graph_count/query_3_124.graph
[Info] Using explicit query nodes for predicates: 0 2 
[Info] FOIS_nrs base budget not found, will rely strictly on Curve CSV.
[Warning] Requested root label 1 not found in query. Falling back to default root 2
  [FastestO Curve] run=1 frac=0.01 budget_n=125 est=954.203
  [FastestO Curve] run=1 frac=0.05 budget_n=524 est=897.352
  [FastestO Curve] run=1 frac=0.075 budget_n=700 est=791.7
  [FastestO Curve] run=1 frac=0.1 budget_n=887 est=947.44
  [FastestO Curve] run=1 frac=0.15 budget_n=1184 est=857.717
  [FastestO Curve] run=1 frac=0.2 budget_n=1450 est=843.896
  [FastestO Curve] run=1 frac=0.3 budget_n=1788 est=783.81
  [FastestO Curve] run=1 frac=0.4 budget_n=1943 est=809.867
  [FastestO Curve] run=1 frac=0.5 budget_n=2060 est=868.667
  [FastestO Curve] run=1 frac=0.6 budget_n=2171 est=867.838
  [FastestO Curve] run=1 frac=0.7 budget_n=2302 est=938.043
  [FastestO Curve] run=1 frac=0.8 budget_n=2388 est=885.587
  [FastestO Curve] run=1 frac=0.9 budget_n=500 est=743.177
  [FastestO Curve] run=2 frac=0.01 budget_n=125 est=800.139
  [FastestO Curve] run=2 frac=0.05 budget_n=524 est=595.252
  [FastestO Curve] run=2 frac=0.075 budget_n=700 est=998.697
  [FastestO Curve] run=2 frac=0.1 budget_n=887 est=789.178
  [FastestO Curve] run=2 frac=0.15 budget_n=1184 est=800.139
  [FastestO Curve] run=2 frac=0.2 budget_n=1450 est=830.184
  [FastestO Curve] run=2 frac=0.3 budget_n=1788 est=780.904
  [FastestO Curve] run=2 frac=0.4 budget_n=1943 est=970.181
  [FastestO Curve] run=2 frac=0.5 budget_n=2060 est=924.493
  [FastestO Curve] run=2 frac=0.6 budget_n=2171 est=794.783
  [FastestO Curve] run=2 frac=0.7 budget_n=2302 est=909.562
  [FastestO Curve] run=2 frac=0.8 budget_n=2388 est=816.468
  [FastestO Curve] run=2 frac=0.9 budget_n=500 est=568.52
  [FastestO Curve] run=3 frac=0.01 budget_n=125 est=914.444
  [FastestO Curve] run=3 frac=0.05 budget_n=524 est=776.415
  [FastestO Curve] run=3 frac=0.075 budget_n=700 est=691.903
  [FastestO Curve] run=3 frac=0.1 budget_n=887 est=949.071
  [FastestO Curve] run=3 frac=0.15 budget_n=1184 est=897.635
  [FastestO Curve] run=3 frac=0.2 budget_n=1450 est=979.571
  [FastestO Curve] run=3 frac=0.3 budget_n=1788 est=837.784
  [FastestO Curve] run=3 frac=0.4 budget_n=1943 est=743.177
  [FastestO Curve] run=3 frac=0.5 budget_n=2060 est=779.261
  [FastestO Curve] run=3 frac=0.6 budget_n=2171 est=892.697
  [FastestO Curve] run=3 frac=0.7 budget_n=2302 est=811.034
  [FastestO Curve] run=3 frac=0.8 budget_n=2388 est=872.166
  [FastestO Curve] run=3 frac=0.9 budget_n=500 est=553.942
  [FastestO Curve] run=4 frac=0.01 budget_n=125 est=866.316
  [FastestO Curve] run=4 frac=0.05 budget_n=524 est=874.438
  [FastestO Curve] run=4 frac=0.075 budget_n=700 est=778.514
  [FastestO Curve] run=4 frac=0.1 budget_n=887 est=805.734
  [FastestO Curve] run=4 frac=0.15 budget_n=1184 est=857.497
  [FastestO Curve] run=4 frac=0.2 budget_n=1450 est=859.488
  [FastestO Curve] run=4 frac=0.3 budget_n=1788 est=802.18
  [FastestO Curve] run=4 frac=0.4 budget_n=1943 est=799.082
  [FastestO Curve] run=4 frac=0.5 budget_n=2060 est=757.017
  [FastestO Curve] run=4 frac=0.6 budget_n=2171 est=814.804
  [FastestO Curve] run=4 frac=0.7 budget_n=2302 est=717.532
  [FastestO Curve] run=4 frac=0.8 budget_n=2388 est=785.418
  [FastestO Curve] run=4 frac=0.9 budget_n=500 est=760.528
  [FastestO Curve] run=5 frac=0.01 budget_n=125 est=1143.06
  [FastestO Curve] run=5 frac=0.05 budget_n=524 est=984.571
  [FastestO Curve] run=5 frac=0.075 budget_n=700 est=875.92
  [FastestO Curve] run=5 frac=0.1 budget_n=887 est=898.84
  [FastestO Curve] run=5 frac=0.15 budget_n=1184 est=704.553
  [FastestO Curve] run=5 frac=0.2 budget_n=1450 est=751.817
  [FastestO Curve] run=5 frac=0.3 budget_n=1788 est=910.344
  [FastestO Curve] run=5 frac=0.4 budget_n=1943 est=930.066
  [FastestO Curve] run=5 frac=0.5 budget_n=2060 est=886.544
  [FastestO Curve] run=5 frac=0.6 budget_n=2171 est=768.762
  [FastestO Curve] run=5 frac=0.7 budget_n=2302 est=802.817
  [FastestO Curve] run=5 frac=0.8 budget_n=2388 est=832.722
  [FastestO Curve] run=5 frac=0.9 budget_n=500 est=856.141
  [Result] #CandTree           : 8230
  [Result] #TreeTrials         : 298
  [Result] #TreeSuccess        : 31
  [Result] #UniqueOracleNodes  : 500.0000
  [Result] Truth               : 8230.0000
  [Result] Est                 : 856.1409
  [Result] logQError           : -0.9829
  [Result] TreeCountTime       : 7.8671
  [Result] QueryTime           : 0.5122
/home/wangshuo/projects/PROXY/datasets/amazon/query_graph_count/query_3_124.graph Finished!

Start Processing (Multi-Predicate) /home/wangshuo/projects/PROXY/datasets/amazon/query_graph_count/query_3_125.graph
[Info] Using explicit query nodes for predicates: 2 
[Info] FOIS_nrs base budget not found, will rely strictly on Curve CSV.
[Warning] Requested root label 1 not found in query. Falling back to default root 0
  [FastestO Curve] run=1 frac=0.01 budget_n=131 est=10332.5
  [FastestO Curve] run=1 frac=0.05 budget_n=657 est=10006.9
  [FastestO Curve] run=1 frac=0.075 budget_n=986 est=10132.8
  [FastestO Curve] run=1 frac=0.1 budget_n=1314 est=9968.51
  [FastestO Curve] run=1 frac=0.15 budget_n=1972 est=9989.64
  [FastestO Curve] run=1 frac=0.2 budget_n=2630 est=10147.2
  [FastestO Curve] run=1 frac=0.3 budget_n=3945 est=10088
  [FastestO Curve] run=1 frac=0.4 budget_n=5260 est=10035.5
  [FastestO Curve] run=1 frac=0.5 budget_n=6575 est=10060.6
  [FastestO Curve] run=1 frac=0.6 budget_n=7889 est=9973.29
  [FastestO Curve] run=1 frac=0.7 budget_n=9204 est=10048.9
  [FastestO Curve] run=1 frac=0.8 budget_n=10520 est=10075.1
  [FastestO Curve] run=1 frac=0.9 budget_n=500 est=10316.4
  [FastestO Curve] run=2 frac=0.01 budget_n=131 est=10254.8
  [FastestO Curve] run=2 frac=0.05 budget_n=657 est=9995.67
  [FastestO Curve] run=2 frac=0.075 budget_n=986 est=10077.9
  [FastestO Curve] run=2 frac=0.1 budget_n=1314 est=9954.37
  [FastestO Curve] run=2 frac=0.15 budget_n=1972 est=9894.09
  [FastestO Curve] run=2 frac=0.2 budget_n=2630 est=10024.4
  [FastestO Curve] run=2 frac=0.3 budget_n=3945 est=10065.9
  [FastestO Curve] run=2 frac=0.4 budget_n=5260 est=10063.9
  [FastestO Curve] run=2 frac=0.5 budget_n=6575 est=10110.6
  [FastestO Curve] run=2 frac=0.6 budget_n=7889 est=10062.7
  [FastestO Curve] run=2 frac=0.7 budget_n=9204 est=10003.2
  [FastestO Curve] run=2 frac=0.8 budget_n=10520 est=10074.1
  [FastestO Curve] run=2 frac=0.9 budget_n=500 est=10030.4
  [FastestO Curve] run=3 frac=0.01 budget_n=131 est=10050.7
  [FastestO Curve] run=3 frac=0.05 budget_n=657 est=10229.2
  [FastestO Curve] run=3 frac=0.075 budget_n=986 est=10235.4
  [FastestO Curve] run=3 frac=0.1 budget_n=1314 est=10027.6
  [FastestO Curve] run=3 frac=0.15 budget_n=1972 est=10107.1
  [FastestO Curve] run=3 frac=0.2 budget_n=2630 est=9996.89
  [FastestO Curve] run=3 frac=0.3 budget_n=3945 est=10098.5
  [FastestO Curve] run=3 frac=0.4 budget_n=5260 est=10058.4
  [FastestO Curve] run=3 frac=0.5 budget_n=6575 est=10135.2
  [FastestO Curve] run=3 frac=0.6 budget_n=7889 est=10121.2
  [FastestO Curve] run=3 frac=0.7 budget_n=9204 est=10065.2
  [FastestO Curve] run=3 frac=0.8 budget_n=10520 est=10022
  [FastestO Curve] run=3 frac=0.9 budget_n=500 est=9914.42
  [FastestO Curve] run=4 frac=0.01 budget_n=131 est=9559.53
  [FastestO Curve] run=4 frac=0.05 budget_n=657 est=9897.45
  [FastestO Curve] run=4 frac=0.075 budget_n=986 est=9885.69
  [FastestO Curve] run=4 frac=0.1 budget_n=1314 est=10063.8
  [FastestO Curve] run=4 frac=0.15 budget_n=1972 est=10148.7
  [FastestO Curve] run=4 frac=0.2 budget_n=2630 est=10028.4
  [FastestO Curve] run=4 frac=0.3 budget_n=3945 est=10167.7
  [FastestO Curve] run=4 frac=0.4 budget_n=5260 est=10195.6
  [FastestO Curve] run=4 frac=0.5 budget_n=6575 est=10165
  [FastestO Curve] run=4 frac=0.6 budget_n=7889 est=10050.2
  [FastestO Curve] run=4 frac=0.7 budget_n=9204 est=10102.4
  [FastestO Curve] run=4 frac=0.8 budget_n=10520 est=10085.8
  [FastestO Curve] run=4 frac=0.9 budget_n=500 est=9889.97
  [FastestO Curve] run=5 frac=0.01 budget_n=131 est=10144.6
  [FastestO Curve] run=5 frac=0.05 budget_n=657 est=9966.75
  [FastestO Curve] run=5 frac=0.075 budget_n=986 est=10008.5
  [FastestO Curve] run=5 frac=0.1 budget_n=1314 est=10215
  [FastestO Curve] run=5 frac=0.15 budget_n=1972 est=10126.6
  [FastestO Curve] run=5 frac=0.2 budget_n=2630 est=10222.8
  [FastestO Curve] run=5 frac=0.3 budget_n=3945 est=10112.9
  [FastestO Curve] run=5 frac=0.4 budget_n=5260 est=10099.4
  [FastestO Curve] run=5 frac=0.5 budget_n=6575 est=10084.4
  [FastestO Curve] run=5 frac=0.6 budget_n=7889 est=10097.9
  [FastestO Curve] run=5 frac=0.7 budget_n=9204 est=10099.9
  [FastestO Curve] run=5 frac=0.8 budget_n=10520 est=10085.5
  [FastestO Curve] run=5 frac=0.9 budget_n=500 est=10059.1
  [Result] #CandTree           : 1.24e+04
  [Result] #TreeTrials         : 514
  [Result] #TreeSuccess        : 417
  [Result] #UniqueOracleNodes  : 500.0000
  [Result] Truth               : 12399.0000
  [Result] Est                 : 10059.1109
  [Result] logQError           : -0.0908
  [Result] TreeCountTime       : 10.1069
  [Result] QueryTime           : 0.7546
/home/wangshuo/projects/PROXY/datasets/amazon/query_graph_count/query_3_125.graph Finished!

Start Processing (Multi-Predicate) /home/wangshuo/projects/PROXY/datasets/amazon/query_graph_count/query_3_126.graph
[Info] Using explicit query nodes for predicates: 1 2 
[Info] FOIS_nrs base budget not found, will rely strictly on Curve CSV.
[Info] Using user-specified root label 1 -> query node 1
  [FastestO Curve] run=1 frac=0.01 budget_n=138 est=1054.05
  [FastestO Curve] run=1 frac=0.05 budget_n=536 est=986.643
  [FastestO Curve] run=1 frac=0.075 budget_n=755 est=900.583
  [FastestO Curve] run=1 frac=0.1 budget_n=914 est=804.625
  [FastestO Curve] run=1 frac=0.15 budget_n=1244 est=811.505
  [FastestO Curve] run=1 frac=0.2 budget_n=1517 est=837.522
  [FastestO Curve] run=1 frac=0.3 budget_n=1805 est=808.329
  [FastestO Curve] run=1 frac=0.4 budget_n=1973 est=842.157
  [FastestO Curve] run=1 frac=0.5 budget_n=2074 est=849.48
  [FastestO Curve] run=1 frac=0.6 budget_n=2177 est=848.473
  [FastestO Curve] run=1 frac=0.7 budget_n=2307 est=837.829
  [FastestO Curve] run=1 frac=0.8 budget_n=2418 est=826.035
  [FastestO Curve] run=1 frac=0.9 budget_n=500 est=798.555
  [FastestO Curve] run=2 frac=0.01 budget_n=138 est=966.56
  [FastestO Curve] run=2 frac=0.05 budget_n=536 est=691.807
  [FastestO Curve] run=2 frac=0.075 budget_n=755 est=957.401
  [FastestO Curve] run=2 frac=0.1 budget_n=914 est=833.339
  [FastestO Curve] run=2 frac=0.15 budget_n=1244 est=881.88
  [FastestO Curve] run=2 frac=0.2 budget_n=1517 est=842.151
  [FastestO Curve] run=2 frac=0.3 budget_n=1805 est=819.937
  [FastestO Curve] run=2 frac=0.4 budget_n=1973 est=838.303
  [FastestO Curve] run=2 frac=0.5 budget_n=2074 est=842.288
  [FastestO Curve] run=2 frac=0.6 budget_n=2177 est=824.021
  [FastestO Curve] run=2 frac=0.7 budget_n=2307 est=849.911
  [FastestO Curve] run=2 frac=0.8 budget_n=2418 est=828.768
  [FastestO Curve] run=2 frac=0.9 budget_n=500 est=881.183
  [FastestO Curve] run=3 frac=0.01 budget_n=138 est=1062.15
  [FastestO Curve] run=3 frac=0.05 budget_n=536 est=948.22
  [FastestO Curve] run=3 frac=0.075 budget_n=755 est=860.157
  [FastestO Curve] run=3 frac=0.1 budget_n=914 est=847.061
  [FastestO Curve] run=3 frac=0.15 budget_n=1244 est=813.021
  [FastestO Curve] run=3 frac=0.2 budget_n=1517 est=834.775
  [FastestO Curve] run=3 frac=0.3 budget_n=1805 est=877.95
  [FastestO Curve] run=3 frac=0.4 budget_n=1973 est=848.116
  [FastestO Curve] run=3 frac=0.5 budget_n=2074 est=822.727
  [FastestO Curve] run=3 frac=0.6 budget_n=2177 est=831.213
  [FastestO Curve] run=3 frac=0.7 budget_n=2307 est=827.617
  [FastestO Curve] run=3 frac=0.8 budget_n=2418 est=832.507
  [FastestO Curve] run=3 frac=0.9 budget_n=500 est=961.9
  [FastestO Curve] run=4 frac=0.01 budget_n=138 est=708.433
  [FastestO Curve] run=4 frac=0.05 budget_n=536 est=696.539
  [FastestO Curve] run=4 frac=0.075 budget_n=755 est=754.61
  [FastestO Curve] run=4 frac=0.1 budget_n=914 est=741.092
  [FastestO Curve] run=4 frac=0.15 budget_n=1244 est=810.24
  [FastestO Curve] run=4 frac=0.2 budget_n=1517 est=864.434
  [FastestO Curve] run=4 frac=0.3 budget_n=1805 est=873.253
  [FastestO Curve] run=4 frac=0.4 budget_n=1973 est=824.674
  [FastestO Curve] run=4 frac=0.5 budget_n=2074 est=829.343
  [FastestO Curve] run=4 frac=0.6 budget_n=2177 est=839.124
  [FastestO Curve] run=4 frac=0.7 budget_n=2307 est=853.075
  [FastestO Curve] run=4 frac=0.8 budget_n=2418 est=831.213
  [FastestO Curve] run=4 frac=0.9 budget_n=500 est=888.986
  [FastestO Curve] run=5 frac=0.01 budget_n=138 est=966.045
  [FastestO Curve] run=5 frac=0.05 budget_n=536 est=759.066
  [FastestO Curve] run=5 frac=0.075 budget_n=755 est=844.895
  [FastestO Curve] run=5 frac=0.1 budget_n=914 est=744.942
  [FastestO Curve] run=5 frac=0.15 budget_n=1244 est=791.289
  [FastestO Curve] run=5 frac=0.2 budget_n=1517 est=806.88
  [FastestO Curve] run=5 frac=0.3 budget_n=1805 est=880.069
  [FastestO Curve] run=5 frac=0.4 budget_n=1973 est=827.04
  [FastestO Curve] run=5 frac=0.5 budget_n=2074 est=833.802
  [FastestO Curve] run=5 frac=0.6 budget_n=2177 est=839.699
  [FastestO Curve] run=5 frac=0.7 budget_n=2307 est=839.699
  [FastestO Curve] run=5 frac=0.8 budget_n=2418 est=833.514
  [FastestO Curve] run=5 frac=0.9 budget_n=500 est=967.85
  [Result] #CandTree           : 8630
  [Result] #TreeTrials         : 642
  [Result] #TreeSuccess        : 72
  [Result] #UniqueOracleNodes  : 500.0000
  [Result] Truth               : 8630.0000
  [Result] Est                 : 967.8505
  [Result] logQError           : -0.9502
  [Result] TreeCountTime       : 8.8462
  [Result] QueryTime           : 1.2948
/home/wangshuo/projects/PROXY/datasets/amazon/query_graph_count/query_3_126.graph Finished!

Start Processing (Multi-Predicate) /home/wangshuo/projects/PROXY/datasets/amazon/query_graph_count/query_3_127.graph
[Info] Using explicit query nodes for predicates: 0 
[Info] FOIS_nrs base budget not found, will rely strictly on Curve CSV.
[Warning] Requested root label 1 not found in query. Falling back to default root 1
  [FastestO Curve] run=1 frac=0.01 budget_n=134 est=10513.2
  [FastestO Curve] run=1 frac=0.05 budget_n=668 est=10129.8
  [FastestO Curve] run=1 frac=0.075 budget_n=1002 est=10150.9
  [FastestO Curve] run=1 frac=0.1 budget_n=1336 est=10182.2
  [FastestO Curve] run=1 frac=0.15 budget_n=2004 est=10146.8
  [FastestO Curve] run=1 frac=0.2 budget_n=2673 est=9999.49
  [FastestO Curve] run=1 frac=0.3 budget_n=4010 est=10152.6
  [FastestO Curve] run=1 frac=0.4 budget_n=5346 est=10328.4
  [FastestO Curve] run=1 frac=0.5 budget_n=6683 est=10137.5
  [FastestO Curve] run=1 frac=0.6 budget_n=8020 est=10150.4
  [FastestO Curve] run=1 frac=0.7 budget_n=9357 est=10186.4
  [FastestO Curve] run=1 frac=0.8 budget_n=10694 est=10213.8
  [FastestO Curve] run=1 frac=0.9 budget_n=500 est=10034.3
  [FastestO Curve] run=2 frac=0.01 budget_n=134 est=10403.6
  [FastestO Curve] run=2 frac=0.05 budget_n=668 est=9994.96
  [FastestO Curve] run=2 frac=0.075 budget_n=1002 est=10343.7
  [FastestO Curve] run=2 frac=0.1 budget_n=1336 est=10212.3
  [FastestO Curve] run=2 frac=0.15 budget_n=2004 est=10043.3
  [FastestO Curve] run=2 frac=0.2 budget_n=2673 est=10191.4
  [FastestO Curve] run=2 frac=0.3 budget_n=4010 est=10217.8
  [FastestO Curve] run=2 frac=0.4 budget_n=5346 est=10224.3
  [FastestO Curve] run=2 frac=0.5 budget_n=6683 est=10192.2
  [FastestO Curve] run=2 frac=0.6 budget_n=8020 est=10170.9
  [FastestO Curve] run=2 frac=0.7 budget_n=9357 est=10198.3
  [FastestO Curve] run=2 frac=0.8 budget_n=10694 est=10150.7
  [FastestO Curve] run=2 frac=0.9 budget_n=500 est=10172
  [FastestO Curve] run=3 frac=0.01 budget_n=134 est=9024.57
  [FastestO Curve] run=3 frac=0.05 budget_n=668 est=10071.1
  [FastestO Curve] run=3 frac=0.075 budget_n=1002 est=10060
  [FastestO Curve] run=3 frac=0.1 budget_n=1336 est=10211.5
  [FastestO Curve] run=3 frac=0.15 budget_n=2004 est=10203.7
  [FastestO Curve] run=3 frac=0.2 budget_n=2673 est=10219.1
  [FastestO Curve] run=3 frac=0.3 budget_n=4010 est=10067.6
