======================================================================
 🚀 FaSTest-Oracle 批量实验启动 | 总任务数: 2 | 并发模式: False
======================================================================

[任务启动] 数据集: parler-E | 模式: COUNT
🚀 正在运行: /home/wangshuo/projects/PROXY/cProject/build/Fastest -d parler-E --ROOT_LABEL 1 --SAMPLE_BUDGET 20000 --BASE_DIR /home/wangshuo/projects/PROXY/datasets --ESTIMATE_WITH_PREDICATE --POST_ORACLE_COL ML1_oracle2_probability --COMMENT_ORACLE_COL ML2_oracle2_probability --AGG_FUNC count --MULTI_PROXY_PROB ML1_proxy4b_probability --BUDGET_CURVE_IN /home/wangshuo/projects/PROXY/datasets/parler-E/results/efficiency/allocation_strategy_comparison_count.csv --FASTESTO_BUDGET_CURVE --FASTESTO_RUNS 5 --FASTESTO_BUDGET_CURVE_OUT /home/wangshuo/projects/PROXY/datasets/parler-E/results/efficiency/FastestO_budget_curve_count.csv --ORACLE_TABLE1 post --ORACLE_TABLE2 comment

[CLI] Root label set to 1
[CLI] Sample budget set to 20000
[CLI] Base Dir set to /home/wangshuo/projects/PROXY/datasets
[CLI] Mode: Estimate with Predicate enabled.
[CLI] Post Oracle Col: ML1_oracle2_probability
[CLI] Comment Oracle Col: ML2_oracle2_probability
[CLI] Multi Proxy Prob Dir Name: ML1_proxy4b_probability
[CLI] Budget curve input: /home/wangshuo/projects/PROXY/datasets/parler-E/results/efficiency/allocation_strategy_comparison_count.csv
[CLI] FastestO budget curve enabled.
[CLI] FastestO runs set to 5
[CLI] FastestO budget curve output: /home/wangshuo/projects/PROXY/datasets/parler-E/results/efficiency/FastestO_budget_curve_count.csv
[info] SAMPLE_BUDGET:20000
[Info] Cleared old estimate file: /home/wangshuo/projects/PROXY/datasets/parler-E/results/in_estimateW_result_count.txt
[Info] Cleared old FastestO curve file: /home/wangshuo/projects/PROXY/datasets/parler-E/results/efficiency/FastestO_budget_curve_count.csv
[info] args:0x7fff8c3f37c8
[info] summary_run1_path:/home/wangshuo/projects/PROXY/datasets/parler-E/results/result_summarys/ML1_proxy4b_probability/results_summary_run_1.csv
[Info] Reading core nodes configuration from: /home/wangshuo/projects/PROXY/datasets/parler-E/data_graph/core_nodes_config.json
[Info] Loaded core query-node configs for 150 queries.
[Info] Loaded predicate-label configs for 150 queries.
[infor] root label1
Constructing Candidate Space: 12 26
[info] Query Size:113
[Info] Initializing Oracle Manager from: /home/wangshuo/projects/PROXY/datasets/parler-E
[Info] Loaded ID Mapping size: 195812
[Info] Loading Oracle 1 from /home/wangshuo/projects/PROXY/datasets/parler-E/csv_data/post.csv col: ML1_oracle2_probability
[Info] Loading Oracle 2 from /home/wangshuo/projects/PROXY/datasets/parler-E/csv_data/comment.csv col: ML2_oracle2_probability
[Info] OracleManager Ready. Total vertices with probability: 154470
[Warning] Summary file not found: /home/wangshuo/projects/PROXY/datasets/parler-E/results/result_summarys/ML1_proxy4b_probability/results_summary_run_1.csv
[Info] Loaded budget curve entries from /home/wangshuo/projects/PROXY/datasets/parler-E/results/efficiency/allocation_strategy_comparison_count.csv

Start Processing (Multi-Predicate) /home/wangshuo/projects/PROXY/datasets/parler-E/query_graph/query_cycle_4_0.graph
[Info] Using explicit query nodes for predicates: 1 3 
[Info] FOIS_nrs base budget not found, will rely strictly on Curve CSV.
[Warning] Requested root label 1 not found in query. Falling back to default root 1
  [FastestO Curve] run=1 frac=0.01 budget_n=156 est=10497.2
  [FastestO Curve] run=1 frac=0.05 budget_n=634 est=9597.03
  [FastestO Curve] run=1 frac=0.075 budget_n=929 est=10888.8
  [FastestO Curve] run=1 frac=0.1 budget_n=1210 est=11522.1
  [FastestO Curve] run=1 frac=0.15 budget_n=1696 est=11149.9
  [FastestO Curve] run=1 frac=0.2 budget_n=2080 est=10782.4
  [FastestO Curve] run=1 frac=0.3 budget_n=2818 est=9738.99
  [FastestO Curve] run=1 frac=0.4 budget_n=3348 est=10403.8
  [FastestO Curve] run=1 frac=0.5 budget_n=3876 est=10092
  [FastestO Curve] run=1 frac=0.6 budget_n=4421 est=10230.6
  [FastestO Curve] run=1 frac=0.7 budget_n=4974 est=10115.1
  [FastestO Curve] run=1 frac=0.8 budget_n=5482 est=9964.97
  [FastestO Curve] run=1 frac=0.9 budget_n=500 est=8585.06
  [FastestO Curve] run=2 frac=0.01 budget_n=156 est=11595.2
  [FastestO Curve] run=2 frac=0.05 budget_n=634 est=9944.7
  [FastestO Curve] run=2 frac=0.075 budget_n=929 est=8775.46
  [FastestO Curve] run=2 frac=0.1 budget_n=1210 est=8658.63
  [FastestO Curve] run=2 frac=0.15 budget_n=1696 est=10669.9
  [FastestO Curve] run=2 frac=0.2 budget_n=2080 est=9797.67
  [FastestO Curve] run=2 frac=0.3 budget_n=2818 est=10414.1
  [FastestO Curve] run=2 frac=0.4 budget_n=3348 est=9918.79
  [FastestO Curve] run=2 frac=0.5 budget_n=3876 est=10011.2
  [FastestO Curve] run=2 frac=0.6 budget_n=4421 est=9803.32
  [FastestO Curve] run=2 frac=0.7 budget_n=4974 est=10161.3
  [FastestO Curve] run=2 frac=0.8 budget_n=5482 est=9988.07
  [FastestO Curve] run=2 frac=0.9 budget_n=500 est=10942.8
  [FastestO Curve] run=3 frac=0.01 budget_n=156 est=15475.2
  [FastestO Curve] run=3 frac=0.05 budget_n=634 est=9090.79
  [FastestO Curve] run=3 frac=0.075 budget_n=929 est=8326.88
  [FastestO Curve] run=3 frac=0.1 budget_n=1210 est=9792.86
  [FastestO Curve] run=3 frac=0.15 budget_n=1696 est=9794.63
  [FastestO Curve] run=3 frac=0.2 budget_n=2080 est=10307.2
  [FastestO Curve] run=3 frac=0.3 budget_n=2818 est=9796.56
  [FastestO Curve] run=3 frac=0.4 budget_n=3348 est=10438.4
  [FastestO Curve] run=3 frac=0.5 budget_n=3876 est=9780.22
  [FastestO Curve] run=3 frac=0.6 budget_n=4421 est=11108.1
  [FastestO Curve] run=3 frac=0.7 budget_n=4974 est=9941.88
  [FastestO Curve] run=3 frac=0.8 budget_n=5482 est=10045.8
  [FastestO Curve] run=3 frac=0.9 budget_n=500 est=10307.8
  [FastestO Curve] run=4 frac=0.01 budget_n=156 est=7963.38
  [FastestO Curve] run=4 frac=0.05 budget_n=634 est=10020.7
  [FastestO Curve] run=4 frac=0.075 budget_n=929 est=11602.6
  [FastestO Curve] run=4 frac=0.1 budget_n=1210 est=9559.79
  [FastestO Curve] run=4 frac=0.15 budget_n=1696 est=9437.03
  [FastestO Curve] run=4 frac=0.2 budget_n=2080 est=9834.9
  [FastestO Curve] run=4 frac=0.3 budget_n=2818 est=10353.1
  [FastestO Curve] run=4 frac=0.4 budget_n=3348 est=10126.6
  [FastestO Curve] run=4 frac=0.5 budget_n=3876 est=9814.87
  [FastestO Curve] run=4 frac=0.6 budget_n=4421 est=10484.6
  [FastestO Curve] run=4 frac=0.7 budget_n=4974 est=10715.5
  [FastestO Curve] run=4 frac=0.8 budget_n=5482 est=9549.29
  [FastestO Curve] run=4 frac=0.9 budget_n=500 est=9330.83
  [FastestO Curve] run=5 frac=0.01 budget_n=156 est=4316.6
  [FastestO Curve] run=5 frac=0.05 budget_n=634 est=10725.7
  [FastestO Curve] run=5 frac=0.075 budget_n=929 est=11759.5
  [FastestO Curve] run=5 frac=0.1 budget_n=1210 est=10356
  [FastestO Curve] run=5 frac=0.15 budget_n=1696 est=10589.9
  [FastestO Curve] run=5 frac=0.2 budget_n=2080 est=9786.15
  [FastestO Curve] run=5 frac=0.3 budget_n=2818 est=10202.5
  [FastestO Curve] run=5 frac=0.4 budget_n=3348 est=10207.5
  [FastestO Curve] run=5 frac=0.5 budget_n=3876 est=9722.49
  [FastestO Curve] run=5 frac=0.6 budget_n=4421 est=9999.62
  [FastestO Curve] run=5 frac=0.7 budget_n=4974 est=9861.05
  [FastestO Curve] run=5 frac=0.8 budget_n=5482 est=10103.5
  [FastestO Curve] run=5 frac=0.9 budget_n=500 est=8747.65
  [Result] #CandTree           : 2.309e+05
  [Result] #TreeTrials         : 1056
  [Result] #TreeSuccess        : 40
  [Result] #UniqueOracleNodes  : 500.0000
  [Result] Truth               : 230938.0000
  [Result] Est                 : 8747.6515
  [Result] logQError           : -1.4216
  [Result] TreeCountTime       : 18.7683
  [Result] QueryTime           : 1.7422
/home/wangshuo/projects/PROXY/datasets/parler-E/query_graph/query_cycle_4_0.graph Finished!

Start Processing (Multi-Predicate) /home/wangshuo/projects/PROXY/datasets/parler-E/query_graph/query_cycle_4_1.graph
[Info] Using explicit query nodes for predicates: 0 1 3 
[Info] FOIS_nrs base budget not found, will rely strictly on Curve CSV.
[Warning] Requested root label 1 not found in query. Falling back to default root 1
  [FastestO Curve] run=1 frac=0.01 budget_n=573 est=3019.93
  [FastestO Curve] run=1 frac=0.05 budget_n=1516 est=5613.66
  [FastestO Curve] run=1 frac=0.075 budget_n=1880 est=6033.83
  [FastestO Curve] run=1 frac=0.1 budget_n=2183 est=5466.84
  [FastestO Curve] run=1 frac=0.15 budget_n=2619 est=5286.01
  [FastestO Curve] run=1 frac=0.2 budget_n=3000 est=5362.52
  [FastestO Curve] run=1 frac=0.3 budget_n=3758 est=6072.73
  [FastestO Curve] run=1 frac=0.4 budget_n=4353 est=6097.01
  [FastestO Curve] run=1 frac=0.5 budget_n=4872 est=6352.69
  [FastestO Curve] run=1 frac=0.6 budget_n=5338 est=5447.26
  [FastestO Curve] run=1 frac=0.7 budget_n=5768 est=6319.58
  [FastestO Curve] run=1 frac=0.8 budget_n=6086 est=5621.88
  [FastestO Curve] run=1 frac=0.9 budget_n=500 est=9795.98
  [FastestO Curve] run=2 frac=0.01 budget_n=573 est=10997
  [FastestO Curve] run=2 frac=0.05 budget_n=1516 est=7916.78
  [FastestO Curve] run=2 frac=0.075 budget_n=1880 est=6184.02
  [FastestO Curve] run=2 frac=0.1 budget_n=2183 est=5824.04
  [FastestO Curve] run=2 frac=0.15 budget_n=2619 est=5042.35
  [FastestO Curve] run=2 frac=0.2 budget_n=3000 est=5641.35
  [FastestO Curve] run=2 frac=0.3 budget_n=3758 est=5212.18
  [FastestO Curve] run=2 frac=0.4 budget_n=4353 est=5530.31
  [FastestO Curve] run=2 frac=0.5 budget_n=4872 est=6383.75
  [FastestO Curve] run=2 frac=0.6 budget_n=5338 est=6668.57
  [FastestO Curve] run=2 frac=0.7 budget_n=5768 est=6185.93
  [FastestO Curve] run=2 frac=0.8 budget_n=6086 est=6293.12
  [FastestO Curve] run=2 frac=0.9 budget_n=500 est=3008.85
  [FastestO Curve] run=3 frac=0.01 budget_n=573 est=4663.4
  [FastestO Curve] run=3 frac=0.05 budget_n=1516 est=7042.17
  [FastestO Curve] run=3 frac=0.075 budget_n=1880 est=5118.94
  [FastestO Curve] run=3 frac=0.1 budget_n=2183 est=5799.34
  [FastestO Curve] run=3 frac=0.15 budget_n=2619 est=7702.98
  [FastestO Curve] run=3 frac=0.2 budget_n=3000 est=6039.85
  [FastestO Curve] run=3 frac=0.3 budget_n=3758 est=6560.81
  [FastestO Curve] run=3 frac=0.4 budget_n=4353 est=4742.86
  [FastestO Curve] run=3 frac=0.5 budget_n=4872 est=5603.52
  [FastestO Curve] run=3 frac=0.6 budget_n=5338 est=5181.16
  [FastestO Curve] run=3 frac=0.7 budget_n=5768 est=6091.66
  [FastestO Curve] run=3 frac=0.8 budget_n=6086 est=5709.87
  [FastestO Curve] run=3 frac=0.9 budget_n=500 est=7600.03
  [FastestO Curve] run=4 frac=0.01 budget_n=573 est=4962.18
  [FastestO Curve] run=4 frac=0.05 budget_n=1516 est=6246.8
  [FastestO Curve] run=4 frac=0.075 budget_n=1880 est=6729.95
  [FastestO Curve] run=4 frac=0.1 budget_n=2183 est=6385.29
  [FastestO Curve] run=4 frac=0.15 budget_n=2619 est=5490.1
  [FastestO Curve] run=4 frac=0.2 budget_n=3000 est=6714.65
  [FastestO Curve] run=4 frac=0.3 budget_n=3758 est=6098.22
  [FastestO Curve] run=4 frac=0.4 budget_n=4353 est=5593.73
  [FastestO Curve] run=4 frac=0.5 budget_n=4872 est=6289.88
  [FastestO Curve] run=4 frac=0.6 budget_n=5338 est=6583.96
  [FastestO Curve] run=4 frac=0.7 budget_n=5768 est=5580.42
  [FastestO Curve] run=4 frac=0.8 budget_n=6086 est=6431.25
  [FastestO Curve] run=4 frac=0.9 budget_n=500 est=6017.7
  [FastestO Curve] run=5 frac=0.01 budget_n=573 est=6975.17
  [FastestO Curve] run=5 frac=0.05 budget_n=1516 est=4972.2
  [FastestO Curve] run=5 frac=0.075 budget_n=1880 est=4688.08
  [FastestO Curve] run=5 frac=0.1 budget_n=2183 est=7221.81
  [FastestO Curve] run=5 frac=0.15 budget_n=2619 est=4525.36
  [FastestO Curve] run=5 frac=0.2 budget_n=3000 est=5620.34
  [FastestO Curve] run=5 frac=0.3 budget_n=3758 est=5652.49
  [FastestO Curve] run=5 frac=0.4 budget_n=4353 est=5848.09
  [FastestO Curve] run=5 frac=0.5 budget_n=4872 est=5989.46
  [FastestO Curve] run=5 frac=0.6 budget_n=5338 est=6097.49
  [FastestO Curve] run=5 frac=0.7 budget_n=5768 est=6493.4
  [FastestO Curve] run=5 frac=0.8 budget_n=6086 est=5636.91
  [FastestO Curve] run=5 frac=0.9 budget_n=500 est=5988.42
  [Result] #CandTree           : 2.461e+05
  [Result] #TreeTrials         : 411
  [Result] #TreeSuccess        : 10
  [Result] #UniqueOracleNodes  : 500.0000
  [Result] Truth               : 230398.0000
  [Result] Est                 : 5988.4185
  [Result] logQError           : -1.5852
  [Result] TreeCountTime       : 28.5505
  [Result] QueryTime           : 0.7417
/home/wangshuo/projects/PROXY/datasets/parler-E/query_graph/query_cycle_4_1.graph Finished!

Start Processing (Multi-Predicate) /home/wangshuo/projects/PROXY/datasets/parler-E/query_graph/query_cycle_4_10.graph
[Info] Using explicit query nodes for predicates: 1 2 
[Info] FOIS_nrs base budget not found, will rely strictly on Curve CSV.
[Warning] Requested root label 1 not found in query. Falling back to default root 3
  [FastestO Curve] run=1 frac=0.01 budget_n=129 est=13871.5
  [FastestO Curve] run=1 frac=0.05 budget_n=551 est=16497.3
  [FastestO Curve] run=1 frac=0.075 budget_n=825 est=18526.4
  [FastestO Curve] run=1 frac=0.1 budget_n=1060 est=21522.8
  [FastestO Curve] run=1 frac=0.15 budget_n=1490 est=15320.8
  [FastestO Curve] run=1 frac=0.2 budget_n=1860 est=15312.7
  [FastestO Curve] run=1 frac=0.3 budget_n=2636 est=17051.3
  [FastestO Curve] run=1 frac=0.4 budget_n=3308 est=19395.3
  [FastestO Curve] run=1 frac=0.5 budget_n=3963 est=15824
  [FastestO Curve] run=1 frac=0.6 budget_n=4558 est=19012.8
  [FastestO Curve] run=1 frac=0.7 budget_n=5151 est=17864.8
  [FastestO Curve] run=1 frac=0.8 budget_n=5727 est=18376.7
  [FastestO Curve] run=1 frac=0.9 budget_n=500 est=12387.6
  [FastestO Curve] run=2 frac=0.01 budget_n=129 est=23119.1
  [FastestO Curve] run=2 frac=0.05 budget_n=551 est=15681.8
  [FastestO Curve] run=2 frac=0.075 budget_n=825 est=23082.4
  [FastestO Curve] run=2 frac=0.1 budget_n=1060 est=17541.5
  [FastestO Curve] run=2 frac=0.15 budget_n=1490 est=16114.9
  [FastestO Curve] run=2 frac=0.2 budget_n=1860 est=18350.5
  [FastestO Curve] run=2 frac=0.3 budget_n=2636 est=16469.9
  [FastestO Curve] run=2 frac=0.4 budget_n=3308 est=19908.8
  [FastestO Curve] run=2 frac=0.5 budget_n=3963 est=19804.1
  [FastestO Curve] run=2 frac=0.6 budget_n=4558 est=18696.1
  [FastestO Curve] run=2 frac=0.7 budget_n=5151 est=18394.9
  [FastestO Curve] run=2 frac=0.8 budget_n=5727 est=17233.9
  [FastestO Curve] run=2 frac=0.9 budget_n=500 est=17565.4
  [FastestO Curve] run=3 frac=0.01 budget_n=129 est=14036.6
  [FastestO Curve] run=3 frac=0.05 budget_n=551 est=16957.9
  [FastestO Curve] run=3 frac=0.075 budget_n=825 est=21834.7
  [FastestO Curve] run=3 frac=0.1 budget_n=1060 est=16517.7
  [FastestO Curve] run=3 frac=0.15 budget_n=1490 est=18516.4
  [FastestO Curve] run=3 frac=0.2 budget_n=1860 est=20352.3
  [FastestO Curve] run=3 frac=0.3 budget_n=2636 est=19998.2
  [FastestO Curve] run=3 frac=0.4 budget_n=3308 est=19340.4
  [FastestO Curve] run=3 frac=0.5 budget_n=3963 est=17524.8
  [FastestO Curve] run=3 frac=0.6 budget_n=4558 est=17973.5
  [FastestO Curve] run=3 frac=0.7 budget_n=5151 est=17435
  [FastestO Curve] run=3 frac=0.8 budget_n=5727 est=17979.2
  [FastestO Curve] run=3 frac=0.9 budget_n=500 est=15766
  [FastestO Curve] run=4 frac=0.01 budget_n=129 est=19651.2
  [FastestO Curve] run=4 frac=0.05 budget_n=551 est=14849.8
  [FastestO Curve] run=4 frac=0.075 budget_n=825 est=17540
  [FastestO Curve] run=4 frac=0.1 budget_n=1060 est=20361.5
  [FastestO Curve] run=4 frac=0.15 budget_n=1490 est=16477.8
  [FastestO Curve] run=4 frac=0.2 budget_n=1860 est=16995.7
  [FastestO Curve] run=4 frac=0.3 budget_n=2636 est=20074.2
  [FastestO Curve] run=4 frac=0.4 budget_n=3308 est=20381.3
  [FastestO Curve] run=4 frac=0.5 budget_n=3963 est=18668.3
  [FastestO Curve] run=4 frac=0.6 budget_n=4558 est=17826.3
  [FastestO Curve] run=4 frac=0.7 budget_n=5151 est=18052.9
  [FastestO Curve] run=4 frac=0.8 budget_n=5727 est=17738.9
  [FastestO Curve] run=4 frac=0.9 budget_n=500 est=19928
  [FastestO Curve] run=5 frac=0.01 budget_n=129 est=33146.7
  [FastestO Curve] run=5 frac=0.05 budget_n=551 est=23297.9
  [FastestO Curve] run=5 frac=0.075 budget_n=825 est=15312.7
  [FastestO Curve] run=5 frac=0.1 budget_n=1060 est=14344
  [FastestO Curve] run=5 frac=0.15 budget_n=1490 est=18330.8
  [FastestO Curve] run=5 frac=0.2 budget_n=1860 est=14677.3
  [FastestO Curve] run=5 frac=0.3 budget_n=2636 est=20361
  [FastestO Curve] run=5 frac=0.4 budget_n=3308 est=18215.8
  [FastestO Curve] run=5 frac=0.5 budget_n=3963 est=16916.6
  [FastestO Curve] run=5 frac=0.6 budget_n=4558 est=19310.6
  [FastestO Curve] run=5 frac=0.7 budget_n=5151 est=18344.6
  [FastestO Curve] run=5 frac=0.8 budget_n=5727 est=18909.6
  [FastestO Curve] run=5 frac=0.9 budget_n=500 est=13210.9
  [Result] #CandTree           : 3.93e+05
  [Result] #TreeTrials         : 357
  [Result] #TreeSuccess        : 12
  [Result] #UniqueOracleNodes  : 500.0000
  [Result] Truth               : 393025.0000
  [Result] Est                 : 13210.9244
  [Result] logQError           : -1.4735
  [Result] TreeCountTime       : 20.6514
  [Result] QueryTime           : 0.5845
/home/wangshuo/projects/PROXY/datasets/parler-E/query_graph/query_cycle_4_10.graph Finished!

Start Processing (Multi-Predicate) /home/wangshuo/projects/PROXY/datasets/parler-E/query_graph/query_cycle_4_11.graph
[Info] Using explicit query nodes for predicates: 2 3 
[Info] FOIS_nrs base budget not found, will rely strictly on Curve CSV.
[Warning] Requested root label 1 not found in query. Falling back to default root 2
  [FastestO Curve] run=1 frac=0.01 budget_n=210 est=8800.52
  [FastestO Curve] run=1 frac=0.05 budget_n=881 est=9971.18
  [FastestO Curve] run=1 frac=0.075 budget_n=1197 est=7468.99
  [FastestO Curve] run=1 frac=0.1 budget_n=1552 est=9853.51
  [FastestO Curve] run=1 frac=0.15 budget_n=2180 est=9597.24
  [FastestO Curve] run=1 frac=0.2 budget_n=2664 est=8963.95
  [FastestO Curve] run=1 frac=0.3 budget_n=3476 est=10334.3
  [FastestO Curve] run=1 frac=0.4 budget_n=4080 est=9859.04
  [FastestO Curve] run=1 frac=0.5 budget_n=4612 est=9537.68
  [FastestO Curve] run=1 frac=0.6 budget_n=5183 est=9583.59
  [FastestO Curve] run=1 frac=0.7 budget_n=5678 est=9549.16
  [FastestO Curve] run=1 frac=0.8 budget_n=6192 est=9904.95
  [FastestO Curve] run=1 frac=0.9 budget_n=500 est=10357.3
  [FastestO Curve] run=2 frac=0.01 budget_n=210 est=9949.41
  [FastestO Curve] run=2 frac=0.05 budget_n=881 est=10434
  [FastestO Curve] run=2 frac=0.075 budget_n=1197 est=9891.52
  [FastestO Curve] run=2 frac=0.1 budget_n=1552 est=9399.55
  [FastestO Curve] run=2 frac=0.15 budget_n=2180 est=9279.24
  [FastestO Curve] run=2 frac=0.2 budget_n=2664 est=9362.73
  [FastestO Curve] run=2 frac=0.3 budget_n=3476 est=9445.86
  [FastestO Curve] run=2 frac=0.4 budget_n=4080 est=9652.45
  [FastestO Curve] run=2 frac=0.5 budget_n=4612 est=10146
  [FastestO Curve] run=2 frac=0.6 budget_n=5183 est=9583.59
  [FastestO Curve] run=2 frac=0.7 budget_n=5678 est=10559.2
  [FastestO Curve] run=2 frac=0.8 budget_n=6192 est=9216.31
  [FastestO Curve] run=2 frac=0.9 budget_n=500 est=9439.32
  [FastestO Curve] run=3 frac=0.01 budget_n=210 est=6521.22
  [FastestO Curve] run=3 frac=0.05 budget_n=881 est=10150
  [FastestO Curve] run=3 frac=0.075 budget_n=1197 est=10552.3
  [FastestO Curve] run=3 frac=0.1 budget_n=1552 est=10023.3
  [FastestO Curve] run=3 frac=0.15 budget_n=2180 est=9195.87
  [FastestO Curve] run=3 frac=0.2 budget_n=2664 est=9638.42
  [FastestO Curve] run=3 frac=0.3 budget_n=3476 est=8926.83
  [FastestO Curve] run=3 frac=0.4 budget_n=4080 est=10249.3
  [FastestO Curve] run=3 frac=0.5 budget_n=4612 est=9721.32
  [FastestO Curve] run=3 frac=0.6 budget_n=5183 est=9526.2
  [FastestO Curve] run=3 frac=0.7 budget_n=5678 est=9824.61
  [FastestO Curve] run=3 frac=0.8 budget_n=6192 est=9652.45
  [FastestO Curve] run=3 frac=0.9 budget_n=500 est=11747.5
  [FastestO Curve] run=4 frac=0.01 budget_n=210 est=11266.1
  [FastestO Curve] run=4 frac=0.05 budget_n=881 est=9249.15
  [FastestO Curve] run=4 frac=0.075 budget_n=1197 est=9734.82
  [FastestO Curve] run=4 frac=0.1 budget_n=1552 est=9231.83
  [FastestO Curve] run=4 frac=0.15 budget_n=2180 est=8928.65
  [FastestO Curve] run=4 frac=0.2 budget_n=2664 est=9863.87
  [FastestO Curve] run=4 frac=0.3 budget_n=3476 est=9526.2
  [FastestO Curve] run=4 frac=0.4 budget_n=4080 est=10214.8
  [FastestO Curve] run=4 frac=0.5 budget_n=4612 est=9927.91
  [FastestO Curve] run=4 frac=0.6 budget_n=5183 est=9514.72
  [FastestO Curve] run=4 frac=0.7 budget_n=5678 est=9273.7
  [FastestO Curve] run=4 frac=0.8 budget_n=6192 est=9491.77
  [FastestO Curve] run=4 frac=0.9 budget_n=500 est=9289.22
  [FastestO Curve] run=5 frac=0.01 budget_n=210 est=4086.89
  [FastestO Curve] run=5 frac=0.05 budget_n=881 est=9486.19
  [FastestO Curve] run=5 frac=0.075 budget_n=1197 est=8401.72
  [FastestO Curve] run=5 frac=0.1 budget_n=1552 est=10793.3
  [FastestO Curve] run=5 frac=0.15 budget_n=2180 est=10196.4
  [FastestO Curve] run=5 frac=0.2 budget_n=2664 est=9747.26
  [FastestO Curve] run=5 frac=0.3 budget_n=3476 est=10214.8
  [FastestO Curve] run=5 frac=0.4 budget_n=4080 est=9721.32
  [FastestO Curve] run=5 frac=0.5 budget_n=4612 est=9859.04
  [FastestO Curve] run=5 frac=0.6 budget_n=5183 est=10306.7
  [FastestO Curve] run=5 frac=0.7 budget_n=5678 est=9204.83
  [FastestO Curve] run=5 frac=0.8 budget_n=6192 est=9790.18
  [FastestO Curve] run=5 frac=0.9 budget_n=500 est=8015.22
  [Result] #CandTree           : 2.295e+05
  [Result] #TreeTrials         : 1031
  [Result] #TreeSuccess        : 36
  [Result] #UniqueOracleNodes  : 500.0000
  [Result] Truth               : 229547.0000
  [Result] Est                 : 8015.2202
  [Result] logQError           : -1.4570
  [Result] TreeCountTime       : 24.8757
  [Result] QueryTime           : 2.2607
/home/wangshuo/projects/PROXY/datasets/parler-E/query_graph/query_cycle_4_11.graph Finished!

Start Processing (Multi-Predicate) /home/wangshuo/projects/PROXY/datasets/parler-E/query_graph/query_cycle_4_12.graph
[Info] Using explicit query nodes for predicates: 1 2 
[Info] FOIS_nrs base budget not found, will rely strictly on Curve CSV.
[Info] Using user-specified root label 1 -> query node 0
  [FastestO Curve] run=1 frac=0.01 budget_n=158 est=12940.1
  [FastestO Curve] run=1 frac=0.05 budget_n=675 est=11856.2
  [FastestO Curve] run=1 frac=0.075 budget_n=923 est=12730
  [FastestO Curve] run=1 frac=0.1 budget_n=1202 est=11905.2
  [FastestO Curve] run=1 frac=0.15 budget_n=1704 est=11411
  [FastestO Curve] run=1 frac=0.2 budget_n=2076 est=12971.9
  [FastestO Curve] run=1 frac=0.3 budget_n=2787 est=12400.2
  [FastestO Curve] run=1 frac=0.4 budget_n=3371 est=12966.9
  [FastestO Curve] run=1 frac=0.5 budget_n=3873 est=12272.9
  [FastestO Curve] run=1 frac=0.6 budget_n=4408 est=12784.2
  [FastestO Curve] run=1 frac=0.7 budget_n=4913 est=12638.1
  [FastestO Curve] run=1 frac=0.8 budget_n=5482 est=12345.9
  [FastestO Curve] run=1 frac=0.9 budget_n=500 est=10146.2
  [FastestO Curve] run=2 frac=0.01 budget_n=158 est=12877.9
  [FastestO Curve] run=2 frac=0.05 budget_n=675 est=12511.7
  [FastestO Curve] run=2 frac=0.075 budget_n=923 est=12943.4
  [FastestO Curve] run=2 frac=0.1 budget_n=1202 est=12465.9
  [FastestO Curve] run=2 frac=0.15 budget_n=1704 est=11956.1
  [FastestO Curve] run=2 frac=0.2 budget_n=2076 est=11850.3
  [FastestO Curve] run=2 frac=0.3 budget_n=2787 est=12014.1
  [FastestO Curve] run=2 frac=0.4 budget_n=3371 est=11895.4
  [FastestO Curve] run=2 frac=0.5 budget_n=3873 est=11871.1
  [FastestO Curve] run=2 frac=0.6 budget_n=4408 est=11968.5
  [FastestO Curve] run=2 frac=0.7 budget_n=4913 est=11858.9
  [FastestO Curve] run=2 frac=0.8 budget_n=5482 est=12053.7
  [FastestO Curve] run=2 frac=0.9 budget_n=500 est=12562
  [FastestO Curve] run=3 frac=0.01 budget_n=158 est=8433.21
  [FastestO Curve] run=3 frac=0.05 budget_n=675 est=11685.9
  [FastestO Curve] run=3 frac=0.075 budget_n=923 est=12532.1
  [FastestO Curve] run=3 frac=0.1 budget_n=1202 est=12336.2
  [FastestO Curve] run=3 frac=0.15 budget_n=1704 est=12904.2
  [FastestO Curve] run=3 frac=0.2 budget_n=2076 est=12831.1
  [FastestO Curve] run=3 frac=0.3 budget_n=2787 est=12024
  [FastestO Curve] run=3 frac=0.4 budget_n=3371 est=12126.7
  [FastestO Curve] run=3 frac=0.5 budget_n=3873 est=12455.5
  [FastestO Curve] run=3 frac=0.6 budget_n=4408 est=12065.9
  [FastestO Curve] run=3 frac=0.7 budget_n=4913 est=12053.7
  [FastestO Curve] run=3 frac=0.8 budget_n=5482 est=12455.5
  [FastestO Curve] run=3 frac=0.9 budget_n=500 est=13514.6
  [FastestO Curve] run=4 frac=0.01 budget_n=158 est=11326
  [FastestO Curve] run=4 frac=0.05 budget_n=675 est=12065.1
  [FastestO Curve] run=4 frac=0.075 budget_n=923 est=12268.2
  [FastestO Curve] run=4 frac=0.1 budget_n=1202 est=12670.4
  [FastestO Curve] run=4 frac=0.15 budget_n=1704 est=12539.7
  [FastestO Curve] run=4 frac=0.2 budget_n=2076 est=11743.1
  [FastestO Curve] run=4 frac=0.3 budget_n=2787 est=12397.9
  [FastestO Curve] run=4 frac=0.4 budget_n=3371 est=11907.6
  [FastestO Curve] run=4 frac=0.5 budget_n=3873 est=12467.7
  [FastestO Curve] run=4 frac=0.6 budget_n=4408 est=12552.9
  [FastestO Curve] run=4 frac=0.7 budget_n=4913 est=12394.6
  [FastestO Curve] run=4 frac=0.8 budget_n=5482 est=12662.5
  [FastestO Curve] run=4 frac=0.9 budget_n=500 est=12080.7
  [FastestO Curve] run=5 frac=0.01 budget_n=158 est=11852.2
  [FastestO Curve] run=5 frac=0.05 budget_n=675 est=13332
  [FastestO Curve] run=5 frac=0.075 budget_n=923 est=12257.5
  [FastestO Curve] run=5 frac=0.1 budget_n=1202 est=11905.2
  [FastestO Curve] run=5 frac=0.15 budget_n=1704 est=11827.7
  [FastestO Curve] run=5 frac=0.2 budget_n=2076 est=12373.7
  [FastestO Curve] run=5 frac=0.3 budget_n=2787 est=12342.1
  [FastestO Curve] run=5 frac=0.4 budget_n=3371 est=12906
  [FastestO Curve] run=5 frac=0.5 budget_n=3873 est=11931.9
  [FastestO Curve] run=5 frac=0.6 budget_n=4408 est=12151.1
  [FastestO Curve] run=5 frac=0.7 budget_n=4913 est=12029.3
  [FastestO Curve] run=5 frac=0.8 budget_n=5482 est=12565.1
  [FastestO Curve] run=5 frac=0.9 budget_n=500 est=12710.6
  [Result] #CandTree           : 2.435e+05
  [Result] #TreeTrials         : 1092
  [Result] #TreeSuccess        : 57
  [Result] #UniqueOracleNodes  : 500.0000
  [Result] Truth               : 243509.0000
  [Result] Est                 : 12710.6346
  [Result] logQError           : -1.2823
  [Result] TreeCountTime       : 30.3273
  [Result] QueryTime           : 2.6051
/home/wangshuo/projects/PROXY/datasets/parler-E/query_graph/query_cycle_4_12.graph Finished!

Start Processing (Multi-Predicate) /home/wangshuo/projects/PROXY/datasets/parler-E/query_graph/query_cycle_4_13.graph
[Info] Using explicit query nodes for predicates: 0 1 2 
[Info] FOIS_nrs base budget not found, will rely strictly on Curve CSV.
[Info] Using user-specified root label 1 -> query node 3
  [FastestO Curve] run=1 frac=0.01 budget_n=512 est=5430.5
  [FastestO Curve] run=1 frac=0.05 budget_n=1474 est=6299.87
  [FastestO Curve] run=1 frac=0.075 budget_n=1824 est=5081.49
  [FastestO Curve] run=1 frac=0.1 budget_n=2093 est=5533.09
  [FastestO Curve] run=1 frac=0.15 budget_n=2504 est=5587.77
  [FastestO Curve] run=1 frac=0.2 budget_n=2900 est=7094.52
  [FastestO Curve] run=1 frac=0.3 budget_n=3644 est=5509.06
  [FastestO Curve] run=1 frac=0.4 budget_n=4193 est=5249.56
  [FastestO Curve] run=1 frac=0.5 budget_n=4662 est=4986.02
  [FastestO Curve] run=1 frac=0.6 budget_n=5122 est=6181.59
  [FastestO Curve] run=1 frac=0.7 budget_n=5556 est=5817.19
  [FastestO Curve] run=1 frac=0.8 budget_n=5921 est=5385.43
  [FastestO Curve] run=1 frac=0.9 budget_n=500 est=5557.98
  [FastestO Curve] run=2 frac=0.01 budget_n=512 est=3827.69
  [FastestO Curve] run=2 frac=0.05 budget_n=1474 est=6048.87
  [FastestO Curve] run=2 frac=0.075 budget_n=1824 est=4006.03
  [FastestO Curve] run=2 frac=0.1 budget_n=2093 est=5966.04
  [FastestO Curve] run=2 frac=0.15 budget_n=2504 est=5554.45
  [FastestO Curve] run=2 frac=0.2 budget_n=2900 est=5326.93
  [FastestO Curve] run=2 frac=0.3 budget_n=3644 est=6515.51
  [FastestO Curve] run=2 frac=0.4 budget_n=4193 est=5838.72
  [FastestO Curve] run=2 frac=0.5 budget_n=4662 est=4577.5
  [FastestO Curve] run=2 frac=0.6 budget_n=5122 est=5570.16
  [FastestO Curve] run=2 frac=0.7 budget_n=5556 est=5614.83
  [FastestO Curve] run=2 frac=0.8 budget_n=5921 est=4777.32
  [FastestO Curve] run=2 frac=0.9 budget_n=500 est=3456.5
  [FastestO Curve] run=3 frac=0.01 budget_n=512 est=4932.71
  [FastestO Curve] run=3 frac=0.05 budget_n=1474 est=5678.35
  [FastestO Curve] run=3 frac=0.075 budget_n=1824 est=4975.9
  [FastestO Curve] run=3 frac=0.1 budget_n=2093 est=4171.66
  [FastestO Curve] run=3 frac=0.15 budget_n=2504 est=6651.36
  [FastestO Curve] run=3 frac=0.2 budget_n=2900 est=4935.97
  [FastestO Curve] run=3 frac=0.3 budget_n=3644 est=5345.09
  [FastestO Curve] run=3 frac=0.4 budget_n=4193 est=4304.91
  [FastestO Curve] run=3 frac=0.5 budget_n=4662 est=4712.06
  [FastestO Curve] run=3 frac=0.6 budget_n=5122 est=5893.25
  [FastestO Curve] run=3 frac=0.7 budget_n=5556 est=4950.95
  [FastestO Curve] run=3 frac=0.8 budget_n=5921 est=5168.45
  [FastestO Curve] run=3 frac=0.9 budget_n=500 est=6275.83
  [FastestO Curve] run=4 frac=0.01 budget_n=512 est=5610.66
  [FastestO Curve] run=4 frac=0.05 budget_n=1474 est=6533.96
  [FastestO Curve] run=4 frac=0.075 budget_n=1824 est=3810.09
  [FastestO Curve] run=4 frac=0.1 budget_n=2093 est=5222.87
  [FastestO Curve] run=4 frac=0.15 budget_n=2504 est=4855.36
  [FastestO Curve] run=4 frac=0.2 budget_n=2900 est=5193.36
  [FastestO Curve] run=4 frac=0.3 budget_n=3644 est=5408.45
  [FastestO Curve] run=4 frac=0.4 budget_n=4193 est=5836.4
  [FastestO Curve] run=4 frac=0.5 budget_n=4662 est=5792.8
  [FastestO Curve] run=4 frac=0.6 budget_n=5122 est=4938.38
  [FastestO Curve] run=4 frac=0.7 budget_n=5556 est=6401.97
  [FastestO Curve] run=4 frac=0.8 budget_n=5921 est=5566.02
  [FastestO Curve] run=4 frac=0.9 budget_n=500 est=3908.94
  [FastestO Curve] run=5 frac=0.01 budget_n=512 est=2177.2
  [FastestO Curve] run=5 frac=0.05 budget_n=1474 est=5420.88
  [FastestO Curve] run=5 frac=0.075 budget_n=1824 est=5912.38
  [FastestO Curve] run=5 frac=0.1 budget_n=2093 est=5851.95
  [FastestO Curve] run=5 frac=0.15 budget_n=2504 est=6104.74
  [FastestO Curve] run=5 frac=0.2 budget_n=2900 est=5012.27
  [FastestO Curve] run=5 frac=0.3 budget_n=3644 est=5350.06
  [FastestO Curve] run=5 frac=0.4 budget_n=4193 est=6730.67
  [FastestO Curve] run=5 frac=0.5 budget_n=4662 est=5587.88
  [FastestO Curve] run=5 frac=0.6 budget_n=5122 est=6577.98
  [FastestO Curve] run=5 frac=0.7 budget_n=5556 est=4332.6
  [FastestO Curve] run=5 frac=0.8 budget_n=5921 est=5552.45
  [FastestO Curve] run=5 frac=0.9 budget_n=500 est=3311.47
  [Result] #CandTree           : 2.368e+05
  [Result] #TreeTrials         : 429
  [Result] #TreeSuccess        : 6
  [Result] #UniqueOracleNodes  : 500.0000
  [Result] Truth               : 222241.0000
  [Result] Est                 : 3311.4685
  [Result] logQError           : -1.8268
  [Result] TreeCountTime       : 27.9742
  [Result] QueryTime           : 0.9812
/home/wangshuo/projects/PROXY/datasets/parler-E/query_graph/query_cycle_4_13.graph Finished!

Start Processing (Multi-Predicate) /home/wangshuo/projects/PROXY/datasets/parler-E/query_graph/query_cycle_4_14.graph
[Info] Using explicit query nodes for predicates: 0 3 
[Info] FOIS_nrs base budget not found, will rely strictly on Curve CSV.
[Info] Using user-specified root label 1 -> query node 2
  [FastestO Curve] run=1 frac=0.01 budget_n=566 est=3497.65
  [FastestO Curve] run=1 frac=0.05 budget_n=1995 est=2599.26
  [FastestO Curve] run=1 frac=0.075 budget_n=2603 est=3525.74
  [FastestO Curve] run=1 frac=0.1 budget_n=3077 est=2861.15
  [FastestO Curve] run=1 frac=0.15 budget_n=3778 est=3006.13
  [FastestO Curve] run=1 frac=0.2 budget_n=4232 est=3292.91
  [FastestO Curve] run=1 frac=0.3 budget_n=5478 est=3193.5
  [FastestO Curve] run=1 frac=0.4 budget_n=6274 est=3169.78
  [FastestO Curve] run=1 frac=0.5 budget_n=6988 est=3114.45
  [FastestO Curve] run=1 frac=0.6 budget_n=7580 est=3201.4
  [FastestO Curve] run=1 frac=0.7 budget_n=8067 est=3233.02
  [FastestO Curve] run=1 frac=0.8 budget_n=8493 est=3335.78
  [FastestO Curve] run=1 frac=0.9 budget_n=500 est=3050.94
  [FastestO Curve] run=2 frac=0.01 budget_n=566 est=4430.36
  [FastestO Curve] run=2 frac=0.05 budget_n=1995 est=2290.6
  [FastestO Curve] run=2 frac=0.075 budget_n=2603 est=3636.37
  [FastestO Curve] run=2 frac=0.1 budget_n=3077 est=3537.16
  [FastestO Curve] run=2 frac=0.15 budget_n=3778 est=3603.86
  [FastestO Curve] run=2 frac=0.2 budget_n=4232 est=2914.23
  [FastestO Curve] run=2 frac=0.3 budget_n=5478 est=3359.5
  [FastestO Curve] run=2 frac=0.4 budget_n=6274 est=3327.88
  [FastestO Curve] run=2 frac=0.5 budget_n=6988 est=3161.88
  [FastestO Curve] run=2 frac=0.6 budget_n=7580 est=3256.74
  [FastestO Curve] run=2 frac=0.7 budget_n=8067 est=3406.93
  [FastestO Curve] run=2 frac=0.8 budget_n=8493 est=3161.88
  [FastestO Curve] run=2 frac=0.9 budget_n=500 est=2147.29
  [FastestO Curve] run=3 frac=0.01 budget_n=566 est=2659.07
  [FastestO Curve] run=3 frac=0.05 budget_n=1995 est=3851.73
  [FastestO Curve] run=3 frac=0.075 budget_n=2603 est=3578.43
  [FastestO Curve] run=3 frac=0.1 budget_n=3077 est=3608.13
  [FastestO Curve] run=3 frac=0.15 budget_n=3778 est=3075.87
  [FastestO Curve] run=3 frac=0.2 budget_n=4232 est=3040.9
  [FastestO Curve] run=3 frac=0.3 budget_n=5478 est=3319.97
  [FastestO Curve] run=3 frac=0.4 budget_n=6274 est=3240.93
  [FastestO Curve] run=3 frac=0.5 budget_n=6988 est=3304.16
  [FastestO Curve] run=3 frac=0.6 budget_n=7580 est=3185.59
  [FastestO Curve] run=3 frac=0.7 budget_n=8067 est=2948.45
  [FastestO Curve] run=3 frac=0.8 budget_n=8493 est=3130.26
  [FastestO Curve] run=3 frac=0.9 budget_n=500 est=1610.47
  [FastestO Curve] run=4 frac=0.01 budget_n=566 est=2615.09
  [FastestO Curve] run=4 frac=0.05 budget_n=1995 est=2980.42
  [FastestO Curve] run=4 frac=0.075 budget_n=2603 est=2991.43
  [FastestO Curve] run=4 frac=0.1 budget_n=3077 est=3065.36
  [FastestO Curve] run=4 frac=0.15 budget_n=3778 est=3216.99
  [FastestO Curve] run=4 frac=0.2 budget_n=4232 est=3195.09
  [FastestO Curve] run=4 frac=0.3 budget_n=5478 est=3319.97
  [FastestO Curve] run=4 frac=0.4 budget_n=6274 est=3193.5
  [FastestO Curve] run=4 frac=0.5 budget_n=6988 est=3169.78
  [FastestO Curve] run=4 frac=0.6 budget_n=7580 est=3264.64
  [FastestO Curve] run=4 frac=0.7 budget_n=8067 est=3169.78
  [FastestO Curve] run=4 frac=0.8 budget_n=8493 est=2877.31
  [FastestO Curve] run=4 frac=0.9 budget_n=500 est=3663.5
  [FastestO Curve] run=5 frac=0.01 budget_n=566 est=3576.79
  [FastestO Curve] run=5 frac=0.05 budget_n=1995 est=3451.07
  [FastestO Curve] run=5 frac=0.075 budget_n=2603 est=2812.87
  [FastestO Curve] run=5 frac=0.1 budget_n=3077 est=3265.28
  [FastestO Curve] run=5 frac=0.15 budget_n=3778 est=3017.99
  [FastestO Curve] run=5 frac=0.2 budget_n=4232 est=3392.08
  [FastestO Curve] run=5 frac=0.3 budget_n=5478 est=3193.5
  [FastestO Curve] run=5 frac=0.4 budget_n=6274 est=3161.88
  [FastestO Curve] run=5 frac=0.5 budget_n=6988 est=3240.93
  [FastestO Curve] run=5 frac=0.6 budget_n=7580 est=3312.07
  [FastestO Curve] run=5 frac=0.7 budget_n=8067 est=3161.88
  [FastestO Curve] run=5 frac=0.8 budget_n=8493 est=3130.26
  [FastestO Curve] run=5 frac=0.9 budget_n=500 est=3818.7
  [Result] #CandTree           : 1.581e+05
  [Result] #TreeTrials         : 621
  [Result] #TreeSuccess        : 15
  [Result] #UniqueOracleNodes  : 500.0000
  [Result] Truth               : 158094.0000
  [Result] Est                 : 3818.6957
  [Result] logQError           : -1.6170
  [Result] TreeCountTime       : 19.6897
  [Result] QueryTime           : 1.0151
/home/wangshuo/projects/PROXY/datasets/parler-E/query_graph/query_cycle_4_14.graph Finished!

Start Processing (Multi-Predicate) /home/wangshuo/projects/PROXY/datasets/parler-E/query_graph/query_cycle_4_15.graph
[Info] Using explicit query nodes for predicates: 0 1 2 
[Info] FOIS_nrs base budget not found, will rely strictly on Curve CSV.
[Info] Using user-specified root label 1 -> query node 3
  [FastestO Curve] run=1 frac=0.01 budget_n=524 est=4745.95
  [FastestO Curve] run=1 frac=0.05 budget_n=1534 est=4943.36
  [FastestO Curve] run=1 frac=0.075 budget_n=1833 est=5579.06
  [FastestO Curve] run=1 frac=0.1 budget_n=2112 est=5498.12
  [FastestO Curve] run=1 frac=0.15 budget_n=2619 est=4373.29
  [FastestO Curve] run=1 frac=0.2 budget_n=2969 est=6285.25
  [FastestO Curve] run=1 frac=0.3 budget_n=3722 est=5303.83
  [FastestO Curve] run=1 frac=0.4 budget_n=4263 est=5124.89
  [FastestO Curve] run=1 frac=0.5 budget_n=4752 est=5131.5
  [FastestO Curve] run=1 frac=0.6 budget_n=5231 est=6259.22
  [FastestO Curve] run=1 frac=0.7 budget_n=5648 est=5783.95
  [FastestO Curve] run=1 frac=0.8 budget_n=5996 est=5603.84
  [FastestO Curve] run=1 frac=0.9 budget_n=500 est=4092.32
  [FastestO Curve] run=2 frac=0.01 budget_n=524 est=3192.4
  [FastestO Curve] run=2 frac=0.05 budget_n=1534 est=5746.84
  [FastestO Curve] run=2 frac=0.075 budget_n=1833 est=5734.91
  [FastestO Curve] run=2 frac=0.1 budget_n=2112 est=4960.9
  [FastestO Curve] run=2 frac=0.15 budget_n=2619 est=5375.03
  [FastestO Curve] run=2 frac=0.2 budget_n=2969 est=4872.44
  [FastestO Curve] run=2 frac=0.3 budget_n=3722 est=5623.72
  [FastestO Curve] run=2 frac=0.4 budget_n=4263 est=5817.44
  [FastestO Curve] run=2 frac=0.5 budget_n=4752 est=5464.9
  [FastestO Curve] run=2 frac=0.6 budget_n=5231 est=4461.2
  [FastestO Curve] run=2 frac=0.7 budget_n=5648 est=5614.17
  [FastestO Curve] run=2 frac=0.8 budget_n=5996 est=5181.89
  [FastestO Curve] run=2 frac=0.9 budget_n=500 est=5393.39
  [FastestO Curve] run=3 frac=0.01 budget_n=524 est=6442.72
  [FastestO Curve] run=3 frac=0.05 budget_n=1534 est=5460.1
  [FastestO Curve] run=3 frac=0.075 budget_n=1833 est=6373.53
  [FastestO Curve] run=3 frac=0.1 budget_n=2112 est=5397.14
  [FastestO Curve] run=3 frac=0.15 budget_n=2619 est=7125.02
  [FastestO Curve] run=3 frac=0.2 budget_n=2969 est=4445.67
  [FastestO Curve] run=3 frac=0.3 budget_n=3722 est=6490.02
  [FastestO Curve] run=3 frac=0.4 budget_n=4263 est=4460.95
  [FastestO Curve] run=3 frac=0.5 budget_n=4752 est=6387.52
  [FastestO Curve] run=3 frac=0.6 budget_n=5231 est=5296.37
  [FastestO Curve] run=3 frac=0.7 budget_n=5648 est=5094.33
  [FastestO Curve] run=3 frac=0.8 budget_n=5996 est=6022.67
  [FastestO Curve] run=3 frac=0.9 budget_n=500 est=3358.44
  [FastestO Curve] run=4 frac=0.01 budget_n=524 est=5932.73
  [FastestO Curve] run=4 frac=0.05 budget_n=1534 est=5889.8
  [FastestO Curve] run=4 frac=0.075 budget_n=1833 est=5409.51
  [FastestO Curve] run=4 frac=0.1 budget_n=2112 est=5749.12
  [FastestO Curve] run=4 frac=0.15 budget_n=2619 est=4497.31
  [FastestO Curve] run=4 frac=0.2 budget_n=2969 est=5995.14
  [FastestO Curve] run=4 frac=0.3 budget_n=3722 est=4919.75
  [FastestO Curve] run=4 frac=0.4 budget_n=4263 est=4850.04
  [FastestO Curve] run=4 frac=0.5 budget_n=4752 est=4950.04
  [FastestO Curve] run=4 frac=0.6 budget_n=5231 est=5606.92
  [FastestO Curve] run=4 frac=0.7 budget_n=5648 est=5422.98
  [FastestO Curve] run=4 frac=0.8 budget_n=5996 est=5750.88
  [FastestO Curve] run=4 frac=0.9 budget_n=500 est=4446.38
  [FastestO Curve] run=5 frac=0.01 budget_n=524 est=4256.54
  [FastestO Curve] run=5 frac=0.05 budget_n=1534 est=5838.16
  [FastestO Curve] run=5 frac=0.075 budget_n=1833 est=6111.91
  [FastestO Curve] run=5 frac=0.1 budget_n=2112 est=5642.76
  [FastestO Curve] run=5 frac=0.15 budget_n=2619 est=5259.57
  [FastestO Curve] run=5 frac=0.2 budget_n=2969 est=5771.22
  [FastestO Curve] run=5 frac=0.3 budget_n=3722 est=5644.38
  [FastestO Curve] run=5 frac=0.4 budget_n=4263 est=4979.49
  [FastestO Curve] run=5 frac=0.5 budget_n=4752 est=5234.57
  [FastestO Curve] run=5 frac=0.6 budget_n=5231 est=5424.99
  [FastestO Curve] run=5 frac=0.7 budget_n=5648 est=6017.58
  [FastestO Curve] run=5 frac=0.8 budget_n=5996 est=5373.5
  [FastestO Curve] run=5 frac=0.9 budget_n=500 est=551.911
  [Result] #CandTree           : 2.368e+05
  [Result] #TreeTrials         : 429
  [Result] #TreeSuccess        : 1
  [Result] #UniqueOracleNodes  : 500.0000
  [Result] Truth               : 222241.0000
  [Result] Est                 : 551.9114
  [Result] logQError           : -2.6050
  [Result] TreeCountTime       : 22.8229
  [Result] QueryTime           : 0.9359
/home/wangshuo/projects/PROXY/datasets/parler-E/query_graph/query_cycle_4_15.graph Finished!

Start Processing (Multi-Predicate) /home/wangshuo/projects/PROXY/datasets/parler-E/query_graph/query_cycle_4_16.graph
[Info] Using explicit query nodes for predicates: 2 3 
[Info] FOIS_nrs base budget not found, will rely strictly on Curve CSV.
[Warning] Requested root label 1 not found in query. Falling back to default root 1
  [FastestO Curve] run=1 frac=0.01 budget_n=131 est=0
  [FastestO Curve] run=1 frac=0.05 budget_n=574 est=15906.1
  [FastestO Curve] run=1 frac=0.075 budget_n=838 est=12030.9
  [FastestO Curve] run=1 frac=0.1 budget_n=1106 est=18538.6
  [FastestO Curve] run=1 frac=0.15 budget_n=1541 est=19256.8
  [FastestO Curve] run=1 frac=0.2 budget_n=1876 est=18160.9
  [FastestO Curve] run=1 frac=0.3 budget_n=2632 est=16671.6
  [FastestO Curve] run=1 frac=0.4 budget_n=3360 est=18345.6
  [FastestO Curve] run=1 frac=0.5 budget_n=3987 est=17992.7
  [FastestO Curve] run=1 frac=0.6 budget_n=4638 est=18263
  [FastestO Curve] run=1 frac=0.7 budget_n=5228 est=18159.5
  [FastestO Curve] run=1 frac=0.8 budget_n=5777 est=18121.9
  [FastestO Curve] run=1 frac=0.9 budget_n=500 est=16373.9
  [FastestO Curve] run=2 frac=0.01 budget_n=131 est=8836.73
  [FastestO Curve] run=2 frac=0.05 budget_n=574 est=11870.2
  [FastestO Curve] run=2 frac=0.075 budget_n=838 est=15729.9
  [FastestO Curve] run=2 frac=0.1 budget_n=1106 est=14476.6
  [FastestO Curve] run=2 frac=0.15 budget_n=1541 est=19992
  [FastestO Curve] run=2 frac=0.2 budget_n=1876 est=16997.8
  [FastestO Curve] run=2 frac=0.3 budget_n=2632 est=19882.7
  [FastestO Curve] run=2 frac=0.4 budget_n=3360 est=18799.2
  [FastestO Curve] run=2 frac=0.5 budget_n=3987 est=18531.5
  [FastestO Curve] run=2 frac=0.6 budget_n=4638 est=19070.9
  [FastestO Curve] run=2 frac=0.7 budget_n=5228 est=18085.1
  [FastestO Curve] run=2 frac=0.8 budget_n=5777 est=19123.4
  [FastestO Curve] run=2 frac=0.9 budget_n=500 est=11170
  [FastestO Curve] run=3 frac=0.01 budget_n=131 est=4518.78
  [FastestO Curve] run=3 frac=0.05 budget_n=574 est=15518.2
  [FastestO Curve] run=3 frac=0.075 budget_n=838 est=20134.3
  [FastestO Curve] run=3 frac=0.1 budget_n=1106 est=14554
  [FastestO Curve] run=3 frac=0.15 budget_n=1541 est=16713.4
  [FastestO Curve] run=3 frac=0.2 budget_n=1876 est=20244.2
  [FastestO Curve] run=3 frac=0.3 budget_n=2632 est=15344.5
  [FastestO Curve] run=3 frac=0.4 budget_n=3360 est=19716.7
  [FastestO Curve] run=3 frac=0.5 budget_n=3987 est=17701.9
  [FastestO Curve] run=3 frac=0.6 budget_n=4638 est=17523.1
  [FastestO Curve] run=3 frac=0.7 budget_n=5228 est=16415.6
  [FastestO Curve] run=3 frac=0.8 budget_n=5777 est=16739.6
  [FastestO Curve] run=3 frac=0.9 budget_n=500 est=16325.9
  [FastestO Curve] run=4 frac=0.01 budget_n=131 est=18713.1
  [FastestO Curve] run=4 frac=0.05 budget_n=574 est=20730.7
  [FastestO Curve] run=4 frac=0.075 budget_n=838 est=22508.7
  [FastestO Curve] run=4 frac=0.1 budget_n=1106 est=21520
  [FastestO Curve] run=4 frac=0.15 budget_n=1541 est=21358.9
  [FastestO Curve] run=4 frac=0.2 budget_n=1876 est=19678.7
  [FastestO Curve] run=4 frac=0.3 budget_n=2632 est=17535
  [FastestO Curve] run=4 frac=0.4 budget_n=3360 est=16191.2
  [FastestO Curve] run=4 frac=0.5 budget_n=3987 est=17475.2
  [FastestO Curve] run=4 frac=0.6 budget_n=4638 est=17551.7
  [FastestO Curve] run=4 frac=0.7 budget_n=5228 est=17389.3
  [FastestO Curve] run=4 frac=0.8 budget_n=5777 est=18192.3
  [FastestO Curve] run=4 frac=0.9 budget_n=500 est=14897.7
  [FastestO Curve] run=5 frac=0.01 budget_n=131 est=14548.3
  [FastestO Curve] run=5 frac=0.05 budget_n=574 est=15632.6
  [FastestO Curve] run=5 frac=0.075 budget_n=838 est=16463.3
  [FastestO Curve] run=5 frac=0.1 budget_n=1106 est=18484.5
  [FastestO Curve] run=5 frac=0.15 budget_n=1541 est=18004.6
  [FastestO Curve] run=5 frac=0.2 budget_n=1876 est=17320.2
  [FastestO Curve] run=5 frac=0.3 budget_n=2632 est=19739.5
  [FastestO Curve] run=5 frac=0.4 budget_n=3360 est=16990.4
  [FastestO Curve] run=5 frac=0.5 budget_n=3987 est=18486.6
  [FastestO Curve] run=5 frac=0.6 budget_n=4638 est=16353.3
  [FastestO Curve] run=5 frac=0.7 budget_n=5228 est=19443.5
  [FastestO Curve] run=5 frac=0.8 budget_n=5777 est=17805.4
  [FastestO Curve] run=5 frac=0.9 budget_n=500 est=22985.7
  [Result] #CandTree           : 3.977e+05
  [Result] #TreeTrials         : 346
  [Result] #TreeSuccess        : 20
  [Result] #UniqueOracleNodes  : 500.0000
  [Result] Truth               : 397653.0000
  [Result] Est                 : 22985.7225
  [Result] logQError           : -1.2380
  [Result] TreeCountTime       : 20.6880
  [Result] QueryTime           : 0.6603
/home/wangshuo/projects/PROXY/datasets/parler-E/query_graph/query_cycle_4_16.graph Finished!

Start Processing (Multi-Predicate) /home/wangshuo/projects/PROXY/datasets/parler-E/query_graph/query_cycle_4_17.graph
[Info] Using explicit query nodes for predicates: 0 3 
[Info] FOIS_nrs base budget not found, will rely strictly on Curve CSV.
[Info] Using user-specified root label 1 -> query node 2
  [FastestO Curve] run=1 frac=0.01 budget_n=568 est=3023.76
  [FastestO Curve] run=1 frac=0.05 budget_n=1986 est=2999.54
  [FastestO Curve] run=1 frac=0.075 budget_n=2591 est=3234.18
  [FastestO Curve] run=1 frac=0.1 budget_n=3028 est=3314.8
  [FastestO Curve] run=1 frac=0.15 budget_n=3855 est=3376.06
  [FastestO Curve] run=1 frac=0.2 budget_n=4380 est=3456.56
  [FastestO Curve] run=1 frac=0.3 budget_n=5655 est=3185.42
  [FastestO Curve] run=1 frac=0.4 budget_n=6526 est=3431.04
  [FastestO Curve] run=1 frac=0.5 budget_n=7131 est=3346.61
  [FastestO Curve] run=1 frac=0.6 budget_n=7796 est=3569.2
  [FastestO Curve] run=1 frac=0.7 budget_n=8285 est=3684.34
  [FastestO Curve] run=1 frac=0.8 budget_n=8682 est=3292.88
  [FastestO Curve] run=1 frac=0.9 budget_n=500 est=4482.16
  [FastestO Curve] run=2 frac=0.01 budget_n=568 est=3381.37
  [FastestO Curve] run=2 frac=0.05 budget_n=1986 est=3192.96
  [FastestO Curve] run=2 frac=0.075 budget_n=2591 est=4250.17
  [FastestO Curve] run=2 frac=0.1 budget_n=3028 est=3696.2
  [FastestO Curve] run=2 frac=0.15 budget_n=3855 est=3475.53
  [FastestO Curve] run=2 frac=0.2 budget_n=4380 est=3356.03
  [FastestO Curve] run=2 frac=0.3 budget_n=5655 est=3446.39
  [FastestO Curve] run=2 frac=0.4 budget_n=6526 est=3361.96
  [FastestO Curve] run=2 frac=0.5 budget_n=7131 est=3116.33
  [FastestO Curve] run=2 frac=0.6 budget_n=7796 est=3193.09
  [FastestO Curve] run=2 frac=0.7 budget_n=8285 est=3154.71
  [FastestO Curve] run=2 frac=0.8 budget_n=8682 est=3400.34
  [FastestO Curve] run=2 frac=0.9 budget_n=500 est=3929.06
  [FastestO Curve] run=3 frac=0.01 budget_n=568 est=3483.68
  [FastestO Curve] run=3 frac=0.05 budget_n=1986 est=3027.64
  [FastestO Curve] run=3 frac=0.075 budget_n=2591 est=3481.04
  [FastestO Curve] run=3 frac=0.1 budget_n=3028 est=3843.96
  [FastestO Curve] run=3 frac=0.15 budget_n=3855 est=3315.76
  [FastestO Curve] run=3 frac=0.2 budget_n=4380 est=3589.95
  [FastestO Curve] run=3 frac=0.3 budget_n=5655 est=3461.74
  [FastestO Curve] run=3 frac=0.4 budget_n=6526 est=3308.23
  [FastestO Curve] run=3 frac=0.5 budget_n=7131 est=3070.28
  [FastestO Curve] run=3 frac=0.6 budget_n=7796 est=3369.63
  [FastestO Curve] run=3 frac=0.7 budget_n=8285 est=3454.07
  [FastestO Curve] run=3 frac=0.8 budget_n=8682 est=3254.5
  [FastestO Curve] run=3 frac=0.9 budget_n=500 est=3452.74
  [FastestO Curve] run=4 frac=0.01 budget_n=568 est=3462.72
  [FastestO Curve] run=4 frac=0.05 budget_n=1986 est=3598.31
  [FastestO Curve] run=4 frac=0.075 budget_n=2591 est=3122.6
  [FastestO Curve] run=4 frac=0.1 budget_n=3028 est=2818.34
  [FastestO Curve] run=4 frac=0.15 budget_n=3855 est=3334.88
  [FastestO Curve] run=4 frac=0.2 budget_n=4380 est=3513.62
  [FastestO Curve] run=4 frac=0.3 budget_n=5655 est=3561.52
  [FastestO Curve] run=4 frac=0.4 budget_n=6526 est=3384.98
  [FastestO Curve] run=4 frac=0.5 budget_n=7131 est=3246.82
  [FastestO Curve] run=4 frac=0.6 budget_n=7796 est=3569.2
  [FastestO Curve] run=4 frac=0.7 budget_n=8285 est=3246.82
  [FastestO Curve] run=4 frac=0.8 budget_n=8682 est=3323.58
  [FastestO Curve] run=4 frac=0.9 budget_n=500 est=5090.34
  [FastestO Curve] run=5 frac=0.01 budget_n=568 est=2947.47
  [FastestO Curve] run=5 frac=0.05 budget_n=1986 est=3411.42
  [FastestO Curve] run=5 frac=0.075 budget_n=2591 est=3723.01
  [FastestO Curve] run=5 frac=0.1 budget_n=3028 est=3265.34
  [FastestO Curve] run=5 frac=0.15 budget_n=3855 est=3391.97
  [FastestO Curve] run=5 frac=0.2 budget_n=4380 est=3366.21
  [FastestO Curve] run=5 frac=0.3 budget_n=5655 est=3285.2
  [FastestO Curve] run=5 frac=0.4 budget_n=6526 est=3446.39
  [FastestO Curve] run=5 frac=0.5 budget_n=7131 est=3446.39
  [FastestO Curve] run=5 frac=0.6 budget_n=7796 est=3300.55
  [FastestO Curve] run=5 frac=0.7 budget_n=8285 est=3377.31
  [FastestO Curve] run=5 frac=0.8 budget_n=8682 est=3461.74
  [FastestO Curve] run=5 frac=0.9 budget_n=500 est=3777.15
  [Result] #CandTree           : 1.535e+05
  [Result] #TreeTrials         : 569
  [Result] #TreeSuccess        : 14
  [Result] #UniqueOracleNodes  : 500.0000
  [Result] Truth               : 153514.0000
  [Result] Est                 : 3777.1459
  [Result] logQError           : -1.6090
  [Result] TreeCountTime       : 16.9312
  [Result] QueryTime           : 0.9802
/home/wangshuo/projects/PROXY/datasets/parler-E/query_graph/query_cycle_4_17.graph Finished!

Start Processing (Multi-Predicate) /home/wangshuo/projects/PROXY/datasets/parler-E/query_graph/query_cycle_4_18.graph
[Info] Using explicit query nodes for predicates: 1 2 3 
[Info] FOIS_nrs base budget not found, will rely strictly on Curve CSV.
[Warning] Requested root label 1 not found in query. Falling back to default root 2
  [FastestO Curve] run=1 frac=0.01 budget_n=533 est=7110.25
  [FastestO Curve] run=1 frac=0.05 budget_n=1505 est=5763.23
  [FastestO Curve] run=1 frac=0.075 budget_n=1862 est=5489.28
  [FastestO Curve] run=1 frac=0.1 budget_n=2136 est=5153.26
  [FastestO Curve] run=1 frac=0.15 budget_n=2589 est=5878.62
  [FastestO Curve] run=1 frac=0.2 budget_n=2946 est=6426.41
  [FastestO Curve] run=1 frac=0.3 budget_n=3774 est=5747.47
  [FastestO Curve] run=1 frac=0.4 budget_n=4300 est=6165.51
  [FastestO Curve] run=1 frac=0.5 budget_n=4858 est=6410.74
  [FastestO Curve] run=1 frac=0.6 budget_n=5304 est=6111.99
  [FastestO Curve] run=1 frac=0.7 budget_n=5730 est=6122.9
  [FastestO Curve] run=1 frac=0.8 budget_n=6084 est=5463.32
  [FastestO Curve] run=1 frac=0.9 budget_n=500 est=5324.8
  [FastestO Curve] run=2 frac=0.01 budget_n=533 est=4857.71
  [FastestO Curve] run=2 frac=0.05 budget_n=1505 est=6089.01
  [FastestO Curve] run=2 frac=0.075 budget_n=1862 est=7839.98
  [FastestO Curve] run=2 frac=0.1 budget_n=2136 est=4796.7
  [FastestO Curve] run=2 frac=0.15 budget_n=2589 est=5523.35
  [FastestO Curve] run=2 frac=0.2 budget_n=2946 est=7002.11
  [FastestO Curve] run=2 frac=0.3 budget_n=3774 est=5073.17
  [FastestO Curve] run=2 frac=0.4 budget_n=4300 est=5758.02
  [FastestO Curve] run=2 frac=0.5 budget_n=4858 est=6202.16
  [FastestO Curve] run=2 frac=0.6 budget_n=5304 est=6211.82
  [FastestO Curve] run=2 frac=0.7 budget_n=5730 est=6430.6
  [FastestO Curve] run=2 frac=0.8 budget_n=6084 est=6129.57
  [FastestO Curve] run=2 frac=0.9 budget_n=500 est=6281.59
  [FastestO Curve] run=3 frac=0.01 budget_n=533 est=5457.29
  [FastestO Curve] run=3 frac=0.05 budget_n=1505 est=6790.77
  [FastestO Curve] run=3 frac=0.075 budget_n=1862 est=5407.87
  [FastestO Curve] run=3 frac=0.1 budget_n=2136 est=4776.02
  [FastestO Curve] run=3 frac=0.15 budget_n=2589 est=5216.99
  [FastestO Curve] run=3 frac=0.2 budget_n=2946 est=5839.5
  [FastestO Curve] run=3 frac=0.3 budget_n=3774 est=6026.49
  [FastestO Curve] run=3 frac=0.4 budget_n=4300 est=6473.65
  [FastestO Curve] run=3 frac=0.5 budget_n=4858 est=6033.65
  [FastestO Curve] run=3 frac=0.6 budget_n=5304 est=6030.56
  [FastestO Curve] run=3 frac=0.7 budget_n=5730 est=6040.49
  [FastestO Curve] run=3 frac=0.8 budget_n=6084 est=6261.18
  [FastestO Curve] run=3 frac=0.9 budget_n=500 est=6340.43
  [FastestO Curve] run=4 frac=0.01 budget_n=533 est=4857.71
  [FastestO Curve] run=4 frac=0.05 budget_n=1505 est=5496.14
  [FastestO Curve] run=4 frac=0.075 budget_n=1862 est=8217.18
  [FastestO Curve] run=4 frac=0.1 budget_n=2136 est=5979.16
  [FastestO Curve] run=4 frac=0.15 budget_n=2589 est=5428.56
  [FastestO Curve] run=4 frac=0.2 budget_n=2946 est=6439.94
  [FastestO Curve] run=4 frac=0.3 budget_n=3774 est=6952.37
  [FastestO Curve] run=4 frac=0.4 budget_n=4300 est=5383.18
  [FastestO Curve] run=4 frac=0.5 budget_n=4858 est=6731.48
  [FastestO Curve] run=4 frac=0.6 budget_n=5304 est=6671.38
  [FastestO Curve] run=4 frac=0.7 budget_n=5730 est=6787.62
  [FastestO Curve] run=4 frac=0.8 budget_n=6084 est=5544.3
  [FastestO Curve] run=4 frac=0.9 budget_n=500 est=6400.39
  [FastestO Curve] run=5 frac=0.01 budget_n=533 est=6940.59
  [FastestO Curve] run=5 frac=0.05 budget_n=1505 est=5578.36
  [FastestO Curve] run=5 frac=0.075 budget_n=1862 est=6691
  [FastestO Curve] run=5 frac=0.1 budget_n=2136 est=5860.1
  [FastestO Curve] run=5 frac=0.15 budget_n=2589 est=5904.28
  [FastestO Curve] run=5 frac=0.2 budget_n=2946 est=4714.21
  [FastestO Curve] run=5 frac=0.3 budget_n=3774 est=4995.53
  [FastestO Curve] run=5 frac=0.4 budget_n=4300 est=5433.58
  [FastestO Curve] run=5 frac=0.5 budget_n=4858 est=6596.64
  [FastestO Curve] run=5 frac=0.6 budget_n=5304 est=6127.57
  [FastestO Curve] run=5 frac=0.7 budget_n=5730 est=6446.6
  [FastestO Curve] run=5 frac=0.8 budget_n=6084 est=6106.22
  [FastestO Curve] run=5 frac=0.9 budget_n=500 est=5187.63
  [Result] #CandTree           : 2.461e+05
  [Result] #TreeTrials         : 427
  [Result] #TreeSuccess        : 9
  [Result] #UniqueOracleNodes  : 500.0000
  [Result] Truth               : 230398.0000
  [Result] Est                 : 5187.6253
  [Result] logQError           : -1.6475
  [Result] TreeCountTime       : 22.3400
  [Result] QueryTime           : 1.0324
/home/wangshuo/projects/PROXY/datasets/parler-E/query_graph/query_cycle_4_18.graph Finished!

Start Processing (Multi-Predicate) /home/wangshuo/projects/PROXY/datasets/parler-E/query_graph/query_cycle_4_19.graph
[Info] Using explicit query nodes for predicates: 1 2 
[Info] FOIS_nrs base budget not found, will rely strictly on Curve CSV.
[Warning] Requested root label 1 not found in query. Falling back to default root 2
  [FastestO Curve] run=1 frac=0.01 budget_n=152 est=10366.5
  [FastestO Curve] run=1 frac=0.05 budget_n=618 est=14711.5
  [FastestO Curve] run=1 frac=0.075 budget_n=906 est=10892.3
  [FastestO Curve] run=1 frac=0.1 budget_n=1162 est=11958.9
  [FastestO Curve] run=1 frac=0.15 budget_n=1629 est=12137.7
  [FastestO Curve] run=1 frac=0.2 budget_n=2018 est=10628.8
  [FastestO Curve] run=1 frac=0.3 budget_n=2662 est=12384.7
  [FastestO Curve] run=1 frac=0.4 budget_n=3142 est=10430
  [FastestO Curve] run=1 frac=0.5 budget_n=3600 est=11490.4
  [FastestO Curve] run=1 frac=0.6 budget_n=4115 est=11260.7
  [FastestO Curve] run=1 frac=0.7 budget_n=4563 est=10638.3
  [FastestO Curve] run=1 frac=0.8 budget_n=5063 est=10929.6
  [FastestO Curve] run=1 frac=0.9 budget_n=500 est=13561
  [FastestO Curve] run=2 frac=0.01 budget_n=152 est=12542.6
  [FastestO Curve] run=2 frac=0.05 budget_n=618 est=14153.9
  [FastestO Curve] run=2 frac=0.075 budget_n=906 est=11073.5
  [FastestO Curve] run=2 frac=0.1 budget_n=1162 est=7758.99
  [FastestO Curve] run=2 frac=0.15 budget_n=1629 est=12856.4
  [FastestO Curve] run=2 frac=0.2 budget_n=2018 est=11072.7
  [FastestO Curve] run=2 frac=0.3 budget_n=2662 est=12008.2
  [FastestO Curve] run=2 frac=0.4 budget_n=3142 est=9918.11
  [FastestO Curve] run=2 frac=0.5 budget_n=3600 est=11144.5
  [FastestO Curve] run=2 frac=0.6 budget_n=4115 est=11152.4
  [FastestO Curve] run=2 frac=0.7 budget_n=4563 est=11982.9
  [FastestO Curve] run=2 frac=0.8 budget_n=5063 est=11045.4
  [FastestO Curve] run=2 frac=0.9 budget_n=500 est=7829.19
  [FastestO Curve] run=3 frac=0.01 budget_n=152 est=14633.1
  [FastestO Curve] run=3 frac=0.05 budget_n=618 est=14959
  [FastestO Curve] run=3 frac=0.075 budget_n=906 est=10895.1
  [FastestO Curve] run=3 frac=0.1 budget_n=1162 est=8245.72
  [FastestO Curve] run=3 frac=0.15 budget_n=1629 est=10482.3
  [FastestO Curve] run=3 frac=0.2 budget_n=2018 est=10967.4
  [FastestO Curve] run=3 frac=0.3 budget_n=2662 est=10518.9
  [FastestO Curve] run=3 frac=0.4 budget_n=3142 est=11119.1
  [FastestO Curve] run=3 frac=0.5 budget_n=3600 est=9944.49
  [FastestO Curve] run=3 frac=0.6 budget_n=4115 est=10450.8
  [FastestO Curve] run=3 frac=0.7 budget_n=4563 est=11393.2
  [FastestO Curve] run=3 frac=0.8 budget_n=5063 est=10724.9
  [FastestO Curve] run=3 frac=0.9 budget_n=500 est=13249.4
  [FastestO Curve] run=4 frac=0.01 budget_n=152 est=16188.4
  [FastestO Curve] run=4 frac=0.05 budget_n=618 est=10082.6
  [FastestO Curve] run=4 frac=0.075 budget_n=906 est=11023.4
  [FastestO Curve] run=4 frac=0.1 budget_n=1162 est=12428.5
  [FastestO Curve] run=4 frac=0.15 budget_n=1629 est=9197.93
  [FastestO Curve] run=4 frac=0.2 budget_n=2018 est=10838.7
  [FastestO Curve] run=4 frac=0.3 budget_n=2662 est=11768.4
  [FastestO Curve] run=4 frac=0.4 budget_n=3142 est=11710.9
  [FastestO Curve] run=4 frac=0.5 budget_n=3600 est=9960.96
  [FastestO Curve] run=4 frac=0.6 budget_n=4115 est=10685.3
  [FastestO Curve] run=4 frac=0.7 budget_n=4563 est=10816
  [FastestO Curve] run=4 frac=0.8 budget_n=5063 est=11524
  [FastestO Curve] run=4 frac=0.9 budget_n=500 est=14339.2
  [FastestO Curve] run=5 frac=0.01 budget_n=152 est=14164.8
  [FastestO Curve] run=5 frac=0.05 budget_n=618 est=10173.2
  [FastestO Curve] run=5 frac=0.075 budget_n=906 est=11984.8
  [FastestO Curve] run=5 frac=0.1 budget_n=1162 est=12635.9
  [FastestO Curve] run=5 frac=0.15 budget_n=1629 est=12030.8
  [FastestO Curve] run=5 frac=0.2 budget_n=2018 est=12148.6
  [FastestO Curve] run=5 frac=0.3 budget_n=2662 est=10841.6
  [FastestO Curve] run=5 frac=0.4 budget_n=3142 est=10887
  [FastestO Curve] run=5 frac=0.5 budget_n=3600 est=11851.8
  [FastestO Curve] run=5 frac=0.6 budget_n=4115 est=9974.85
  [FastestO Curve] run=5 frac=0.7 budget_n=4563 est=11749.4
  [FastestO Curve] run=5 frac=0.8 budget_n=5063 est=10937.7
  [FastestO Curve] run=5 frac=0.9 budget_n=500 est=11471.3
  [Result] #CandTree           : 2.529e+05
  [Result] #TreeTrials         : 441
  [Result] #TreeSuccess        : 20
  [Result] #UniqueOracleNodes  : 500.0000
  [Result] Truth               : 239086.0000
  [Result] Est                 : 11471.3379
  [Result] logQError           : -1.3189
  [Result] TreeCountTime       : 26.3479
  [Result] QueryTime           : 1.2567
/home/wangshuo/projects/PROXY/datasets/parler-E/query_graph/query_cycle_4_19.graph Finished!

Start Processing (Multi-Predicate) /home/wangshuo/projects/PROXY/datasets/parler-E/query_graph/query_cycle_4_2.graph
[Info] Using explicit query nodes for predicates: 1 2 
[Info] FOIS_nrs base budget not found, will rely strictly on Curve CSV.
[Warning] Requested root label 1 not found in query. Falling back to default root 1
  [FastestO Curve] run=1 frac=0.01 budget_n=152 est=7906.05
  [FastestO Curve] run=1 frac=0.05 budget_n=659 est=9918.1
  [FastestO Curve] run=1 frac=0.075 budget_n=940 est=9949.9
  [FastestO Curve] run=1 frac=0.1 budget_n=1203 est=10709.2
  [FastestO Curve] run=1 frac=0.15 budget_n=1750 est=10398.2
  [FastestO Curve] run=1 frac=0.2 budget_n=2112 est=10332.2
  [FastestO Curve] run=1 frac=0.3 budget_n=2841 est=10106.7
  [FastestO Curve] run=1 frac=0.4 budget_n=3394 est=10333.7
  [FastestO Curve] run=1 frac=0.5 budget_n=3921 est=10034.1
  [FastestO Curve] run=1 frac=0.6 budget_n=4479 est=10172.4
  [FastestO Curve] run=1 frac=0.7 budget_n=4952 est=9849.81
  [FastestO Curve] run=1 frac=0.8 budget_n=5498 est=10114.8
  [FastestO Curve] run=1 frac=0.9 budget_n=500 est=11448.7
  [FastestO Curve] run=2 frac=0.01 budget_n=152 est=11755.4
  [FastestO Curve] run=2 frac=0.05 budget_n=659 est=10167
  [FastestO Curve] run=2 frac=0.075 budget_n=940 est=10622.8
  [FastestO Curve] run=2 frac=0.1 budget_n=1203 est=9990.63
  [FastestO Curve] run=2 frac=0.15 budget_n=1750 est=10271.5
  [FastestO Curve] run=2 frac=0.2 budget_n=2112 est=9590.33
  [FastestO Curve] run=2 frac=0.3 budget_n=2841 est=10438.2
  [FastestO Curve] run=2 frac=0.4 budget_n=3394 est=10852.1
  [FastestO Curve] run=2 frac=0.5 budget_n=3921 est=9872.85
  [FastestO Curve] run=2 frac=0.6 budget_n=4479 est=9884.37
  [FastestO Curve] run=2 frac=0.7 budget_n=4952 est=10299.1
  [FastestO Curve] run=2 frac=0.8 budget_n=5498 est=9630.93
  [FastestO Curve] run=2 frac=0.9 budget_n=500 est=9696.4
  [FastestO Curve] run=3 frac=0.01 budget_n=152 est=8455.23
  [FastestO Curve] run=3 frac=0.05 budget_n=659 est=9580.58
  [FastestO Curve] run=3 frac=0.075 budget_n=940 est=9695.26
  [FastestO Curve] run=3 frac=0.1 budget_n=1203 est=9890.62
  [FastestO Curve] run=3 frac=0.15 budget_n=1750 est=10443.4
  [FastestO Curve] run=3 frac=0.2 budget_n=2112 est=10140.8
  [FastestO Curve] run=3 frac=0.3 budget_n=2841 est=10872.4
  [FastestO Curve] run=3 frac=0.4 budget_n=3394 est=10598.6
  [FastestO Curve] run=3 frac=0.5 budget_n=3921 est=10391.3
  [FastestO Curve] run=3 frac=0.6 budget_n=4479 est=10206.9
  [FastestO Curve] run=3 frac=0.7 budget_n=4952 est=10011.1
  [FastestO Curve] run=3 frac=0.8 budget_n=5498 est=10103.3
  [FastestO Curve] run=3 frac=0.9 budget_n=500 est=11509.2
  [FastestO Curve] run=4 frac=0.01 budget_n=152 est=7536.61
  [FastestO Curve] run=4 frac=0.05 budget_n=659 est=10674
  [FastestO Curve] run=4 frac=0.075 budget_n=940 est=9022.98
  [FastestO Curve] run=4 frac=0.1 budget_n=1203 est=10882.7
  [FastestO Curve] run=4 frac=0.15 budget_n=1750 est=9694.31
  [FastestO Curve] run=4 frac=0.2 budget_n=2112 est=10904.7
  [FastestO Curve] run=4 frac=0.3 budget_n=2841 est=10703.2
  [FastestO Curve] run=4 frac=0.4 budget_n=3394 est=11289.8
  [FastestO Curve] run=4 frac=0.5 budget_n=3921 est=10806
  [FastestO Curve] run=4 frac=0.6 budget_n=4479 est=10080.2
  [FastestO Curve] run=4 frac=0.7 budget_n=4952 est=9965.02
  [FastestO Curve] run=4 frac=0.8 budget_n=5498 est=10471.9
  [FastestO Curve] run=4 frac=0.9 budget_n=500 est=10645
  [FastestO Curve] run=5 frac=0.01 budget_n=152 est=9827.7
  [FastestO Curve] run=5 frac=0.05 budget_n=659 est=9509.27
  [FastestO Curve] run=5 frac=0.075 budget_n=940 est=11602.4
  [FastestO Curve] run=5 frac=0.1 budget_n=1203 est=11229.9
  [FastestO Curve] run=5 frac=0.15 budget_n=1750 est=10863.5
  [FastestO Curve] run=5 frac=0.2 budget_n=2112 est=9618.98
  [FastestO Curve] run=5 frac=0.3 budget_n=2841 est=9976.09
  [FastestO Curve] run=5 frac=0.4 budget_n=3394 est=9792.21
  [FastestO Curve] run=5 frac=0.5 budget_n=3921 est=10299.1
  [FastestO Curve] run=5 frac=0.6 budget_n=4479 est=10356.7
  [FastestO Curve] run=5 frac=0.7 budget_n=4952 est=10057.2
  [FastestO Curve] run=5 frac=0.8 budget_n=5498 est=10667.8
  [FastestO Curve] run=5 frac=0.9 budget_n=500 est=11627
  [Result] #CandTree           : 2.304e+05
  [Result] #TreeTrials         : 971
  [Result] #TreeSuccess        : 49
  [Result] #UniqueOracleNodes  : 500.0000
  [Result] Truth               : 230405.0000
  [Result] Est                 : 11627.0288
  [Result] logQError           : -1.2970
  [Result] TreeCountTime       : 26.1590
  [Result] QueryTime           : 3.3241
/home/wangshuo/projects/PROXY/datasets/parler-E/query_graph/query_cycle_4_2.graph Finished!

Start Processing (Multi-Predicate) /home/wangshuo/projects/PROXY/datasets/parler-E/query_graph/query_cycle_4_20.graph
[Info] Using explicit query nodes for predicates: 1 2 
[Info] FOIS_nrs base budget not found, will rely strictly on Curve CSV.
[Warning] Requested root label 1 not found in query. Falling back to default root 1
  [FastestO Curve] run=1 frac=0.01 budget_n=173 est=9104.39
  [FastestO Curve] run=1 frac=0.05 budget_n=663 est=10804.2
  [FastestO Curve] run=1 frac=0.075 budget_n=922 est=12653.9
  [FastestO Curve] run=1 frac=0.1 budget_n=1185 est=10960.7
  [FastestO Curve] run=1 frac=0.15 budget_n=1667 est=11887.7
  [FastestO Curve] run=1 frac=0.2 budget_n=2033 est=12369.6
  [FastestO Curve] run=1 frac=0.3 budget_n=2748 est=12065.9
  [FastestO Curve] run=1 frac=0.4 budget_n=3269 est=11044
  [FastestO Curve] run=1 frac=0.5 budget_n=3776 est=11156.5
  [FastestO Curve] run=1 frac=0.6 budget_n=4284 est=11456.3
  [FastestO Curve] run=1 frac=0.7 budget_n=4773 est=12043.5
  [FastestO Curve] run=1 frac=0.8 budget_n=5234 est=11493.8
  [FastestO Curve] run=1 frac=0.9 budget_n=500 est=10411
  [FastestO Curve] run=2 frac=0.01 budget_n=173 est=11310.8
  [FastestO Curve] run=2 frac=0.05 budget_n=663 est=13607.3
  [FastestO Curve] run=2 frac=0.075 budget_n=922 est=11251.8
  [FastestO Curve] run=2 frac=0.1 budget_n=1185 est=11871.1
  [FastestO Curve] run=2 frac=0.15 budget_n=1667 est=11189.1
  [FastestO Curve] run=2 frac=0.2 budget_n=2033 est=11277.7
  [FastestO Curve] run=2 frac=0.3 budget_n=2748 est=11785.1
  [FastestO Curve] run=2 frac=0.4 budget_n=3269 est=11643.7
  [FastestO Curve] run=2 frac=0.5 budget_n=3776 est=11631.2
  [FastestO Curve] run=2 frac=0.6 budget_n=4284 est=11456.3
  [FastestO Curve] run=2 frac=0.7 budget_n=4773 est=11731.2
  [FastestO Curve] run=2 frac=0.8 budget_n=5234 est=11706.2
  [FastestO Curve] run=2 frac=0.9 budget_n=500 est=12716.3
  [FastestO Curve] run=3 frac=0.01 budget_n=173 est=11758.4
  [FastestO Curve] run=3 frac=0.05 budget_n=663 est=11648.3
  [FastestO Curve] run=3 frac=0.075 budget_n=922 est=11077.3
  [FastestO Curve] run=3 frac=0.1 budget_n=1185 est=11218.4
  [FastestO Curve] run=3 frac=0.15 budget_n=1667 est=12286
  [FastestO Curve] run=3 frac=0.2 budget_n=2033 est=12221.5
  [FastestO Curve] run=3 frac=0.3 budget_n=2748 est=12001.4
  [FastestO Curve] run=3 frac=0.4 budget_n=3269 est=11843.6
  [FastestO Curve] run=3 frac=0.5 budget_n=3776 est=11843.6
  [FastestO Curve] run=3 frac=0.6 budget_n=4284 est=11756.1
  [FastestO Curve] run=3 frac=0.7 budget_n=4773 est=11893.6
  [FastestO Curve] run=3 frac=0.8 budget_n=5234 est=11194
  [FastestO Curve] run=3 frac=0.9 budget_n=500 est=10670.4
  [FastestO Curve] run=4 frac=0.01 budget_n=173 est=14278
  [FastestO Curve] run=4 frac=0.05 budget_n=663 est=10018.9
  [FastestO Curve] run=4 frac=0.075 budget_n=922 est=12336.7
  [FastestO Curve] run=4 frac=0.1 budget_n=1185 est=11385.2
  [FastestO Curve] run=4 frac=0.15 budget_n=1667 est=12022
  [FastestO Curve] run=4 frac=0.2 budget_n=2033 est=11851.3
  [FastestO Curve] run=4 frac=0.3 budget_n=2748 est=11104.4
  [FastestO Curve] run=4 frac=0.4 budget_n=3269 est=11868.6
  [FastestO Curve] run=4 frac=0.5 budget_n=3776 est=11293.9
  [FastestO Curve] run=4 frac=0.6 budget_n=4284 est=11643.7
  [FastestO Curve] run=4 frac=0.7 budget_n=4773 est=11268.9
  [FastestO Curve] run=4 frac=0.8 budget_n=5234 est=11731.2
  [FastestO Curve] run=4 frac=0.9 budget_n=500 est=12075.3
  [FastestO Curve] run=5 frac=0.01 budget_n=173 est=15112.8
  [FastestO Curve] run=5 frac=0.05 budget_n=663 est=12697
  [FastestO Curve] run=5 frac=0.075 budget_n=922 est=12403.3
  [FastestO Curve] run=5 frac=0.1 budget_n=1185 est=11558.5
  [FastestO Curve] run=5 frac=0.15 budget_n=1667 est=11863.6
  [FastestO Curve] run=5 frac=0.2 budget_n=2033 est=12058.1
  [FastestO Curve] run=5 frac=0.3 budget_n=2748 est=11803.1
  [FastestO Curve] run=5 frac=0.4 budget_n=3269 est=11606.2
  [FastestO Curve] run=5 frac=0.5 budget_n=3776 est=11631.2
  [FastestO Curve] run=5 frac=0.6 budget_n=4284 est=11993.5
  [FastestO Curve] run=5 frac=0.7 budget_n=4773 est=11268.9
  [FastestO Curve] run=5 frac=0.8 budget_n=5234 est=11893.6
  [FastestO Curve] run=5 frac=0.9 budget_n=500 est=10095.6
  [Result] #CandTree           : 2.499e+05
  [Result] #TreeTrials         : 1089
  [Result] #TreeSuccess        : 44
  [Result] #UniqueOracleNodes  : 500.0000
  [Result] Truth               : 236094.0000
  [Result] Est                 : 10095.5556
  [Result] logQError           : -1.3690
  [Result] TreeCountTime       : 27.2522
  [Result] QueryTime           : 2.1289
/home/wangshuo/projects/PROXY/datasets/parler-E/query_graph/query_cycle_4_20.graph Finished!

Start Processing (Multi-Predicate) /home/wangshuo/projects/PROXY/datasets/parler-E/query_graph/query_cycle_4_21.graph
[Info] Using explicit query nodes for predicates: 0 2 
[Info] FOIS_nrs base budget not found, will rely strictly on Curve CSV.
[Info] Using user-specified root label 1 -> query node 1
  [FastestO Curve] run=1 frac=0.01 budget_n=149 est=6314.65
  [FastestO Curve] run=1 frac=0.05 budget_n=604 est=9961.48
  [FastestO Curve] run=1 frac=0.075 budget_n=903 est=11235.6
  [FastestO Curve] run=1 frac=0.1 budget_n=1151 est=9111.39
  [FastestO Curve] run=1 frac=0.15 budget_n=1636 est=9957.57
  [FastestO Curve] run=1 frac=0.2 budget_n=2004 est=12918.2
  [FastestO Curve] run=1 frac=0.3 budget_n=2681 est=12015.4
  [FastestO Curve] run=1 frac=0.4 budget_n=3219 est=11896.5
  [FastestO Curve] run=1 frac=0.5 budget_n=3726 est=12453.9
  [FastestO Curve] run=1 frac=0.6 budget_n=4283 est=11535.5
  [FastestO Curve] run=1 frac=0.7 budget_n=4767 est=11493.2
  [FastestO Curve] run=1 frac=0.8 budget_n=5324 est=11894.5
  [FastestO Curve] run=1 frac=0.9 budget_n=500 est=8404.39
  [FastestO Curve] run=2 frac=0.01 budget_n=149 est=4063.34
  [FastestO Curve] run=2 frac=0.05 budget_n=604 est=10138.3
  [FastestO Curve] run=2 frac=0.075 budget_n=903 est=12853.2
  [FastestO Curve] run=2 frac=0.1 budget_n=1151 est=11029.3
  [FastestO Curve] run=2 frac=0.15 budget_n=1636 est=9818.09
  [FastestO Curve] run=2 frac=0.2 budget_n=2004 est=11350.6
  [FastestO Curve] run=2 frac=0.3 budget_n=2681 est=11655.8
  [FastestO Curve] run=2 frac=0.4 budget_n=3219 est=10220
  [FastestO Curve] run=2 frac=0.5 budget_n=3726 est=10948
  [FastestO Curve] run=2 frac=0.6 budget_n=4283 est=10823.6
  [FastestO Curve] run=2 frac=0.7 budget_n=4767 est=11649.4
  [FastestO Curve] run=2 frac=0.8 budget_n=5324 est=12326.6
  [FastestO Curve] run=2 frac=0.9 budget_n=500 est=16688.7
  [FastestO Curve] run=3 frac=0.01 budget_n=149 est=12980.1
  [FastestO Curve] run=3 frac=0.05 budget_n=604 est=8860.67
  [FastestO Curve] run=3 frac=0.075 budget_n=903 est=11696.4
  [FastestO Curve] run=3 frac=0.1 budget_n=1151 est=10783.5
  [FastestO Curve] run=3 frac=0.15 budget_n=1636 est=11674.9
  [FastestO Curve] run=3 frac=0.2 budget_n=2004 est=11885.9
  [FastestO Curve] run=3 frac=0.3 budget_n=2681 est=11451.5
  [FastestO Curve] run=3 frac=0.4 budget_n=3219 est=11335.4
  [FastestO Curve] run=3 frac=0.5 budget_n=3726 est=11739.1
  [FastestO Curve] run=3 frac=0.6 budget_n=4283 est=11682.1
  [FastestO Curve] run=3 frac=0.7 budget_n=4767 est=10931.6
  [FastestO Curve] run=3 frac=0.8 budget_n=5324 est=12148
  [FastestO Curve] run=3 frac=0.9 budget_n=500 est=8384.28
  [FastestO Curve] run=4 frac=0.01 budget_n=149 est=10717.5
  [FastestO Curve] run=4 frac=0.05 budget_n=604 est=7638.3
  [FastestO Curve] run=4 frac=0.075 budget_n=903 est=8707.16
  [FastestO Curve] run=4 frac=0.1 budget_n=1151 est=10288.8
  [FastestO Curve] run=4 frac=0.15 budget_n=1636 est=12161.4
  [FastestO Curve] run=4 frac=0.2 budget_n=2004 est=11862.9
  [FastestO Curve] run=4 frac=0.3 budget_n=2681 est=10379
  [FastestO Curve] run=4 frac=0.4 budget_n=3219 est=12215.4
  [FastestO Curve] run=4 frac=0.5 budget_n=3726 est=12465.3
  [FastestO Curve] run=4 frac=0.6 budget_n=4283 est=10812.4
  [FastestO Curve] run=4 frac=0.7 budget_n=4767 est=11075.7
  [FastestO Curve] run=4 frac=0.8 budget_n=5324 est=12197.6
  [FastestO Curve] run=4 frac=0.9 budget_n=500 est=12144.8
  [FastestO Curve] run=5 frac=0.01 budget_n=149 est=10247.5
  [FastestO Curve] run=5 frac=0.05 budget_n=604 est=10059
  [FastestO Curve] run=5 frac=0.075 budget_n=903 est=12526.9
  [FastestO Curve] run=5 frac=0.1 budget_n=1151 est=11407.5
  [FastestO Curve] run=5 frac=0.15 budget_n=1636 est=12597.6
  [FastestO Curve] run=5 frac=0.2 budget_n=2004 est=12098.7
  [FastestO Curve] run=5 frac=0.3 budget_n=2681 est=11525.6
  [FastestO Curve] run=5 frac=0.4 budget_n=3219 est=10478.6
  [FastestO Curve] run=5 frac=0.5 budget_n=3726 est=12155.1
  [FastestO Curve] run=5 frac=0.6 budget_n=4283 est=12257.8
  [FastestO Curve] run=5 frac=0.7 budget_n=4767 est=12220.5
  [FastestO Curve] run=5 frac=0.8 budget_n=5324 est=12228.4
  [FastestO Curve] run=5 frac=0.9 budget_n=500 est=8900.65
  [Result] #CandTree           : 2.336e+05
  [Result] #TreeTrials         : 420
  [Result] #TreeSuccess        : 16
  [Result] #UniqueOracleNodes  : 500.0000
  [Result] Truth               : 233642.0000
  [Result] Est                 : 8900.6476
  [Result] logQError           : -1.4191
  [Result] TreeCountTime       : 26.0767
  [Result] QueryTime           : 1.2052
/home/wangshuo/projects/PROXY/datasets/parler-E/query_graph/query_cycle_4_21.graph Finished!

Start Processing (Multi-Predicate) /home/wangshuo/projects/PROXY/datasets/parler-E/query_graph/query_cycle_4_22.graph
[Info] Using explicit query nodes for predicates: 0 1 2 
[Info] FOIS_nrs base budget not found, will rely strictly on Curve CSV.
[Warning] Requested root label 1 not found in query. Falling back to default root 1
  [FastestO Curve] run=1 frac=0.01 budget_n=510 est=5737.16
  [FastestO Curve] run=1 frac=0.05 budget_n=1434 est=6641.74
  [FastestO Curve] run=1 frac=0.075 budget_n=1770 est=4939.91
  [FastestO Curve] run=1 frac=0.1 budget_n=2044 est=6260.71
  [FastestO Curve] run=1 frac=0.15 budget_n=2535 est=6053.03
  [FastestO Curve] run=1 frac=0.2 budget_n=2916 est=6395.02
  [FastestO Curve] run=1 frac=0.3 budget_n=3684 est=5731.06
  [FastestO Curve] run=1 frac=0.4 budget_n=4257 est=5383.65
  [FastestO Curve] run=1 frac=0.5 budget_n=4793 est=7163.97
  [FastestO Curve] run=1 frac=0.6 budget_n=5255 est=5979.2
  [FastestO Curve] run=1 frac=0.7 budget_n=5663 est=5870.91
  [FastestO Curve] run=1 frac=0.8 budget_n=5999 est=6045.73
  [FastestO Curve] run=1 frac=0.9 budget_n=500 est=4688.08
  [FastestO Curve] run=2 frac=0.01 budget_n=510 est=6400.39
  [FastestO Curve] run=2 frac=0.05 budget_n=1434 est=3521.35
  [FastestO Curve] run=2 frac=0.075 budget_n=1770 est=6109.46
  [FastestO Curve] run=2 frac=0.1 budget_n=2044 est=5422.86
  [FastestO Curve] run=2 frac=0.15 budget_n=2535 est=6303.18
  [FastestO Curve] run=2 frac=0.2 budget_n=2916 est=6455.44
  [FastestO Curve] run=2 frac=0.3 budget_n=3684 est=5907.98
  [FastestO Curve] run=2 frac=0.4 budget_n=4257 est=5505.67
  [FastestO Curve] run=2 frac=0.5 budget_n=4793 est=6746.14
  [FastestO Curve] run=2 frac=0.6 budget_n=5255 est=6285.84
  [FastestO Curve] run=2 frac=0.7 budget_n=5663 est=6690.61
  [FastestO Curve] run=2 frac=0.8 budget_n=5999 est=5832.63
  [FastestO Curve] run=2 frac=0.9 budget_n=500 est=3410.49
  [FastestO Curve] run=3 frac=0.01 budget_n=510 est=6619.47
  [FastestO Curve] run=3 frac=0.05 budget_n=1434 est=6016.78
  [FastestO Curve] run=3 frac=0.075 budget_n=1770 est=6627.57
  [FastestO Curve] run=3 frac=0.1 budget_n=2044 est=5210.29
  [FastestO Curve] run=3 frac=0.15 budget_n=2535 est=5855.45
  [FastestO Curve] run=3 frac=0.2 budget_n=2916 est=6296
  [FastestO Curve] run=3 frac=0.3 budget_n=3684 est=6398.48
  [FastestO Curve] run=3 frac=0.4 budget_n=4257 est=5581.98
  [FastestO Curve] run=3 frac=0.5 budget_n=4793 est=4800.06
  [FastestO Curve] run=3 frac=0.6 budget_n=5255 est=5873.99
  [FastestO Curve] run=3 frac=0.7 budget_n=5663 est=6255.05
  [FastestO Curve] run=3 frac=0.8 budget_n=5999 est=5392.39
  [FastestO Curve] run=3 frac=0.9 budget_n=500 est=9398.53
  [FastestO Curve] run=4 frac=0.01 budget_n=510 est=5710.53
  [FastestO Curve] run=4 frac=0.05 budget_n=1434 est=5666.71
  [FastestO Curve] run=4 frac=0.075 budget_n=1770 est=4834.58
  [FastestO Curve] run=4 frac=0.1 budget_n=2044 est=6156.24
  [FastestO Curve] run=4 frac=0.15 budget_n=2535 est=7004.32
  [FastestO Curve] run=4 frac=0.2 budget_n=2916 est=5220.81
  [FastestO Curve] run=4 frac=0.3 budget_n=3684 est=5839.61
  [FastestO Curve] run=4 frac=0.4 budget_n=4257 est=4973.76
  [FastestO Curve] run=4 frac=0.5 budget_n=4793 est=5585.73
  [FastestO Curve] run=4 frac=0.6 budget_n=5255 est=5924.55
  [FastestO Curve] run=4 frac=0.7 budget_n=5663 est=5855.09
  [FastestO Curve] run=4 frac=0.8 budget_n=5999 est=6163.76
  [FastestO Curve] run=4 frac=0.9 budget_n=500 est=2958.22
  [FastestO Curve] run=5 frac=0.01 budget_n=510 est=2882.01
  [FastestO Curve] run=5 frac=0.05 budget_n=1434 est=6325.18
  [FastestO Curve] run=5 frac=0.075 budget_n=1770 est=4201.06
  [FastestO Curve] run=5 frac=0.1 budget_n=2044 est=4353.91
  [FastestO Curve] run=5 frac=0.15 budget_n=2535 est=6852.86
  [FastestO Curve] run=5 frac=0.2 budget_n=2916 est=5972.68
  [FastestO Curve] run=5 frac=0.3 budget_n=3684 est=4963.95
  [FastestO Curve] run=5 frac=0.4 budget_n=4257 est=5874.82
  [FastestO Curve] run=5 frac=0.5 budget_n=4793 est=5422.02
  [FastestO Curve] run=5 frac=0.6 budget_n=5255 est=5604.99
  [FastestO Curve] run=5 frac=0.7 budget_n=5663 est=5523.02
  [FastestO Curve] run=5 frac=0.8 budget_n=5999 est=5185.38
  [FastestO Curve] run=5 frac=0.9 budget_n=500 est=5376.5
  [Result] #CandTree           : 2.461e+05
  [Result] #TreeTrials         : 412
  [Result] #TreeSuccess        : 9
  [Result] #UniqueOracleNodes  : 500.0000
  [Result] Truth               : 230398.0000
  [Result] Est                 : 5376.4951
  [Result] logQError           : -1.6320
  [Result] TreeCountTime       : 25.3490
  [Result] QueryTime           : 1.0417
/home/wangshuo/projects/PROXY/datasets/parler-E/query_graph/query_cycle_4_22.graph Finished!

Start Processing (Multi-Predicate) /home/wangshuo/projects/PROXY/datasets/parler-E/query_graph/query_cycle_4_23.graph
[Info] Using explicit query nodes for predicates: 0 1 
[Info] FOIS_nrs base budget not found, will rely strictly on Curve CSV.
[Warning] Requested root label 1 not found in query. Falling back to default root 1
  [FastestO Curve] run=1 frac=0.01 budget_n=207 est=7189.05
  [FastestO Curve] run=1 frac=0.05 budget_n=854 est=7079.08
  [FastestO Curve] run=1 frac=0.075 budget_n=1199 est=11781
  [FastestO Curve] run=1 frac=0.1 budget_n=1565 est=11641.4
  [FastestO Curve] run=1 frac=0.15 budget_n=2250 est=8284.66
  [FastestO Curve] run=1 frac=0.2 budget_n=2723 est=8599.92
  [FastestO Curve] run=1 frac=0.3 budget_n=3573 est=9323.4
  [FastestO Curve] run=1 frac=0.4 budget_n=4208 est=8837.32
  [FastestO Curve] run=1 frac=0.5 budget_n=4754 est=8394.62
  [FastestO Curve] run=1 frac=0.6 budget_n=5373 est=9978.94
  [FastestO Curve] run=1 frac=0.7 budget_n=5906 est=8949.38
  [FastestO Curve] run=1 frac=0.8 budget_n=6419 est=8869.08
  [FastestO Curve] run=1 frac=0.9 budget_n=500 est=14015.9
  [FastestO Curve] run=2 frac=0.01 budget_n=207 est=10326.1
  [FastestO Curve] run=2 frac=0.05 budget_n=854 est=10485
  [FastestO Curve] run=2 frac=0.075 budget_n=1199 est=10287.1
  [FastestO Curve] run=2 frac=0.1 budget_n=1565 est=10641.2
  [FastestO Curve] run=2 frac=0.15 budget_n=2250 est=10020.8
  [FastestO Curve] run=2 frac=0.2 budget_n=2723 est=9652.31
  [FastestO Curve] run=2 frac=0.3 budget_n=3573 est=7986.11
  [FastestO Curve] run=2 frac=0.4 budget_n=4208 est=9712.18
  [FastestO Curve] run=2 frac=0.5 budget_n=4754 est=8882.45
  [FastestO Curve] run=2 frac=0.6 budget_n=5373 est=10685.4
  [FastestO Curve] run=2 frac=0.7 budget_n=5906 est=9597.55
  [FastestO Curve] run=2 frac=0.8 budget_n=6419 est=10808.2
  [FastestO Curve] run=2 frac=0.9 budget_n=500 est=11001.2
  [FastestO Curve] run=3 frac=0.01 budget_n=207 est=7143.84
  [FastestO Curve] run=3 frac=0.05 budget_n=854 est=13081.6
  [FastestO Curve] run=3 frac=0.075 budget_n=1199 est=9611.21
  [FastestO Curve] run=3 frac=0.1 budget_n=1565 est=7237.98
  [FastestO Curve] run=3 frac=0.15 budget_n=2250 est=10130.9
  [FastestO Curve] run=3 frac=0.2 budget_n=2723 est=9998.71
  [FastestO Curve] run=3 frac=0.3 budget_n=3573 est=8831.82
  [FastestO Curve] run=3 frac=0.4 budget_n=4208 est=9684.76
  [FastestO Curve] run=3 frac=0.5 budget_n=4754 est=9610.88
  [FastestO Curve] run=3 frac=0.6 budget_n=5373 est=10184.4
  [FastestO Curve] run=3 frac=0.7 budget_n=5906 est=9476.25
  [FastestO Curve] run=3 frac=0.8 budget_n=6419 est=10065.6
  [FastestO Curve] run=3 frac=0.9 budget_n=500 est=9109.73
  [FastestO Curve] run=4 frac=0.01 budget_n=207 est=11575.7
  [FastestO Curve] run=4 frac=0.05 budget_n=854 est=7478.98
  [FastestO Curve] run=4 frac=0.075 budget_n=1199 est=10870.6
  [FastestO Curve] run=4 frac=0.1 budget_n=1565 est=9932.85
  [FastestO Curve] run=4 frac=0.15 budget_n=2250 est=10519.3
  [FastestO Curve] run=4 frac=0.2 budget_n=2723 est=11031.2
  [FastestO Curve] run=4 frac=0.3 budget_n=3573 est=10166.5
  [FastestO Curve] run=4 frac=0.4 budget_n=4208 est=10886.5
  [FastestO Curve] run=4 frac=0.5 budget_n=4754 est=9750.5
  [FastestO Curve] run=4 frac=0.6 budget_n=5373 est=9019.77
  [FastestO Curve] run=4 frac=0.7 budget_n=5906 est=10110.2
  [FastestO Curve] run=4 frac=0.8 budget_n=6419 est=9857.48
  [FastestO Curve] run=4 frac=0.9 budget_n=500 est=9064.3
  [FastestO Curve] run=5 frac=0.01 budget_n=207 est=8626.86
  [FastestO Curve] run=5 frac=0.05 budget_n=854 est=10742.6
  [FastestO Curve] run=5 frac=0.075 budget_n=1199 est=10442.3
  [FastestO Curve] run=5 frac=0.1 budget_n=1565 est=8035.63
  [FastestO Curve] run=5 frac=0.15 budget_n=2250 est=9177.66
  [FastestO Curve] run=5 frac=0.2 budget_n=2723 est=8029.2
  [FastestO Curve] run=5 frac=0.3 budget_n=3573 est=9426.04
  [FastestO Curve] run=5 frac=0.4 budget_n=4208 est=10457.4
  [FastestO Curve] run=5 frac=0.5 budget_n=4754 est=9144.01
  [FastestO Curve] run=5 frac=0.6 budget_n=5373 est=10863.6
  [FastestO Curve] run=5 frac=0.7 budget_n=5906 est=9695.48
  [FastestO Curve] run=5 frac=0.8 budget_n=6419 est=9315.75
  [FastestO Curve] run=5 frac=0.9 budget_n=500 est=10404.9
  [Result] #CandTree           : 2.272e+05
  [Result] #TreeTrials         : 393
  [Result] #TreeSuccess        : 18
  [Result] #UniqueOracleNodes  : 500.0000
  [Result] Truth               : 227174.0000
  [Result] Est                 : 10404.9160
  [Result] logQError           : -1.3391
  [Result] TreeCountTime       : 25.7974
  [Result] QueryTime           : 0.8876
/home/wangshuo/projects/PROXY/datasets/parler-E/query_graph/query_cycle_4_23.graph Finished!

Start Processing (Multi-Predicate) /home/wangshuo/projects/PROXY/datasets/parler-E/query_graph/query_cycle_4_24.graph
[Info] Using explicit query nodes for predicates: 1 2 
[Info] FOIS_nrs base budget not found, will rely strictly on Curve CSV.
[Info] Using user-specified root label 1 -> query node 0
  [FastestO Curve] run=1 frac=0.01 budget_n=165 est=18037.7
  [FastestO Curve] run=1 frac=0.05 budget_n=616 est=12114.9
  [FastestO Curve] run=1 frac=0.075 budget_n=932 est=11520.6
  [FastestO Curve] run=1 frac=0.1 budget_n=1160 est=11783.8
  [FastestO Curve] run=1 frac=0.15 budget_n=1694 est=10927.9
  [FastestO Curve] run=1 frac=0.2 budget_n=2084 est=12672.1
  [FastestO Curve] run=1 frac=0.3 budget_n=2769 est=12091.3
  [FastestO Curve] run=1 frac=0.4 budget_n=3321 est=12625.9
  [FastestO Curve] run=1 frac=0.5 budget_n=3842 est=12333.7
  [FastestO Curve] run=1 frac=0.6 budget_n=4368 est=11944.1
  [FastestO Curve] run=1 frac=0.7 budget_n=4894 est=11956.3
  [FastestO Curve] run=1 frac=0.8 budget_n=5418 est=12199.8
  [FastestO Curve] run=1 frac=0.9 budget_n=500 est=11250.4
  [FastestO Curve] run=2 frac=0.01 budget_n=165 est=14932.2
  [FastestO Curve] run=2 frac=0.05 budget_n=616 est=13870.8
  [FastestO Curve] run=2 frac=0.075 budget_n=932 est=13046.9
  [FastestO Curve] run=2 frac=0.1 budget_n=1160 est=12371.2
  [FastestO Curve] run=2 frac=0.15 budget_n=1694 est=10704.9
  [FastestO Curve] run=2 frac=0.2 budget_n=2084 est=12473.3
  [FastestO Curve] run=2 frac=0.3 budget_n=2769 est=12918.7
  [FastestO Curve] run=2 frac=0.4 budget_n=3321 est=12199.8
  [FastestO Curve] run=2 frac=0.5 budget_n=3842 est=11822.4
  [FastestO Curve] run=2 frac=0.6 budget_n=4368 est=12175.5
  [FastestO Curve] run=2 frac=0.7 budget_n=4894 est=12041.5
  [FastestO Curve] run=2 frac=0.8 budget_n=5418 est=12479.8
  [FastestO Curve] run=2 frac=0.9 budget_n=500 est=16597.3
  [FastestO Curve] run=3 frac=0.01 budget_n=165 est=7928.2
  [FastestO Curve] run=3 frac=0.05 budget_n=616 est=13058.8
  [FastestO Curve] run=3 frac=0.075 budget_n=932 est=11702.5
  [FastestO Curve] run=3 frac=0.1 budget_n=1160 est=12749.5
  [FastestO Curve] run=3 frac=0.15 budget_n=1694 est=13001.4
  [FastestO Curve] run=3 frac=0.2 budget_n=2084 est=11815.2
  [FastestO Curve] run=3 frac=0.3 budget_n=2769 est=11785.2
  [FastestO Curve] run=3 frac=0.4 budget_n=3321 est=11250.1
  [FastestO Curve] run=3 frac=0.5 budget_n=3842 est=11761.5
  [FastestO Curve] run=3 frac=0.6 budget_n=4368 est=12601.6
  [FastestO Curve] run=3 frac=0.7 budget_n=4894 est=12041.5
  [FastestO Curve] run=3 frac=0.8 budget_n=5418 est=12394.6
  [FastestO Curve] run=3 frac=0.9 budget_n=500 est=11595.7
  [FastestO Curve] run=4 frac=0.01 budget_n=165 est=13763.6
  [FastestO Curve] run=4 frac=0.05 budget_n=616 est=11750.6
  [FastestO Curve] run=4 frac=0.075 budget_n=932 est=13435.7
  [FastestO Curve] run=4 frac=0.1 budget_n=1160 est=11512.8
  [FastestO Curve] run=4 frac=0.15 budget_n=1694 est=11942.1
  [FastestO Curve] run=4 frac=0.2 budget_n=2084 est=12268.5
  [FastestO Curve] run=4 frac=0.3 budget_n=2769 est=12394.4
  [FastestO Curve] run=4 frac=0.4 budget_n=3321 est=11931.9
  [FastestO Curve] run=4 frac=0.5 budget_n=3842 est=11907.6
  [FastestO Curve] run=4 frac=0.6 budget_n=4368 est=12954.7
  [FastestO Curve] run=4 frac=0.7 budget_n=4894 est=12601.6
  [FastestO Curve] run=4 frac=0.8 budget_n=5418 est=11651.9
  [FastestO Curve] run=4 frac=0.9 budget_n=500 est=11741
  [FastestO Curve] run=5 frac=0.01 budget_n=165 est=9365.73
  [FastestO Curve] run=5 frac=0.05 budget_n=616 est=14303.3
  [FastestO Curve] run=5 frac=0.075 budget_n=932 est=12588.3
  [FastestO Curve] run=5 frac=0.1 budget_n=1160 est=12722.7
  [FastestO Curve] run=5 frac=0.15 budget_n=1694 est=12907.2
  [FastestO Curve] run=5 frac=0.2 budget_n=2084 est=12607.4
  [FastestO Curve] run=5 frac=0.3 budget_n=2769 est=11704.7
  [FastestO Curve] run=5 frac=0.4 budget_n=3321 est=12345.9
  [FastestO Curve] run=5 frac=0.5 budget_n=3842 est=11664.1
  [FastestO Curve] run=5 frac=0.6 budget_n=4368 est=12516.4
  [FastestO Curve] run=5 frac=0.7 budget_n=4894 est=12492
  [FastestO Curve] run=5 frac=0.8 budget_n=5418 est=12565.1
  [FastestO Curve] run=5 frac=0.9 budget_n=500 est=9544.57
  [Result] #CandTree           : 2.435e+05
  [Result] #TreeTrials         : 995
  [Result] #TreeSuccess        : 39
  [Result] #UniqueOracleNodes  : 500.0000
  [Result] Truth               : 243509.0000
  [Result] Est                 : 9544.5739
  [Result] logQError           : -1.4068
  [Result] TreeCountTime       : 29.6732
  [Result] QueryTime           : 4.0640
/home/wangshuo/projects/PROXY/datasets/parler-E/query_graph/query_cycle_4_24.graph Finished!

Start Processing (Multi-Predicate) /home/wangshuo/projects/PROXY/datasets/parler-E/query_graph/query_cycle_4_25.graph
[Info] Using explicit query nodes for predicates: 0 2 3 
[Info] FOIS_nrs base budget not found, will rely strictly on Curve CSV.
[Warning] Requested root label 1 not found in query. Falling back to default root 1
  [FastestO Curve] run=1 frac=0.01 budget_n=606 est=11309.2
  [FastestO Curve] run=1 frac=0.05 budget_n=1590 est=14225.6
  [FastestO Curve] run=1 frac=0.075 budget_n=2015 est=12911.6
  [FastestO Curve] run=1 frac=0.1 budget_n=2394 est=14648.6
  [FastestO Curve] run=1 frac=0.15 budget_n=3077 est=12514.4
  [FastestO Curve] run=1 frac=0.2 budget_n=3604 est=11452.5
  [FastestO Curve] run=1 frac=0.3 budget_n=4832 est=12546.7
  [FastestO Curve] run=1 frac=0.4 budget_n=5532 est=13841.1
  [FastestO Curve] run=1 frac=0.5 budget_n=6032 est=13373.1
  [FastestO Curve] run=1 frac=0.6 budget_n=6478 est=14652.6
  [FastestO Curve] run=1 frac=0.7 budget_n=6786 est=13187.3
  [FastestO Curve] run=1 frac=0.8 budget_n=7196 est=13348.6
  [FastestO Curve] run=1 frac=0.9 budget_n=500 est=17021.3
  [FastestO Curve] run=2 frac=0.01 budget_n=606 est=15335.5
  [FastestO Curve] run=2 frac=0.05 budget_n=1590 est=15400.4
  [FastestO Curve] run=2 frac=0.075 budget_n=2015 est=14793.4
  [FastestO Curve] run=2 frac=0.1 budget_n=2394 est=14135.1
  [FastestO Curve] run=2 frac=0.15 budget_n=3077 est=13739.4
  [FastestO Curve] run=2 frac=0.2 budget_n=3604 est=13791.2
  [FastestO Curve] run=2 frac=0.3 budget_n=4832 est=13587.8
  [FastestO Curve] run=2 frac=0.4 budget_n=5532 est=12458.4
  [FastestO Curve] run=2 frac=0.5 budget_n=6032 est=12788.6
  [FastestO Curve] run=2 frac=0.6 budget_n=6478 est=13185
  [FastestO Curve] run=2 frac=0.7 budget_n=6786 est=14834.2
  [FastestO Curve] run=2 frac=0.8 budget_n=7196 est=12932.3
  [FastestO Curve] run=2 frac=0.9 budget_n=500 est=12766
  [FastestO Curve] run=3 frac=0.01 budget_n=606 est=15237.3
  [FastestO Curve] run=3 frac=0.05 budget_n=1590 est=12091.6
  [FastestO Curve] run=3 frac=0.075 budget_n=2015 est=11272.9
  [FastestO Curve] run=3 frac=0.1 budget_n=2394 est=13869.8
  [FastestO Curve] run=3 frac=0.15 budget_n=3077 est=15124.4
  [FastestO Curve] run=3 frac=0.2 budget_n=3604 est=11328.9
  [FastestO Curve] run=3 frac=0.3 budget_n=4832 est=13942
  [FastestO Curve] run=3 frac=0.4 budget_n=5532 est=12919.7
  [FastestO Curve] run=3 frac=0.5 budget_n=6032 est=13502.9
  [FastestO Curve] run=3 frac=0.6 budget_n=6478 est=12640.2
  [FastestO Curve] run=3 frac=0.7 budget_n=6786 est=14114.1
  [FastestO Curve] run=3 frac=0.8 budget_n=7196 est=13183.7
  [FastestO Curve] run=3 frac=0.9 budget_n=500 est=19592.6
  [FastestO Curve] run=4 frac=0.01 budget_n=606 est=18494.6
  [FastestO Curve] run=4 frac=0.05 budget_n=1590 est=15984.6
  [FastestO Curve] run=4 frac=0.075 budget_n=2015 est=16613
  [FastestO Curve] run=4 frac=0.1 budget_n=2394 est=13653.9
  [FastestO Curve] run=4 frac=0.15 budget_n=3077 est=12209.2
  [FastestO Curve] run=4 frac=0.2 budget_n=3604 est=13433.8
  [FastestO Curve] run=4 frac=0.3 budget_n=4832 est=13334.6
  [FastestO Curve] run=4 frac=0.4 budget_n=5532 est=12455.5
  [FastestO Curve] run=4 frac=0.5 budget_n=6032 est=12251.7
  [FastestO Curve] run=4 frac=0.6 budget_n=6478 est=13864.8
  [FastestO Curve] run=4 frac=0.7 budget_n=6786 est=12755.1
  [FastestO Curve] run=4 frac=0.8 budget_n=7196 est=12522.5
  [FastestO Curve] run=4 frac=0.9 budget_n=500 est=16438.8
  [FastestO Curve] run=5 frac=0.01 budget_n=606 est=8069.11
  [FastestO Curve] run=5 frac=0.05 budget_n=1590 est=12612.6
  [FastestO Curve] run=5 frac=0.075 budget_n=2015 est=11407
  [FastestO Curve] run=5 frac=0.1 budget_n=2394 est=11864.7
  [FastestO Curve] run=5 frac=0.15 budget_n=3077 est=11943.8
  [FastestO Curve] run=5 frac=0.2 budget_n=3604 est=14619.4
  [FastestO Curve] run=5 frac=0.3 budget_n=4832 est=13188
  [FastestO Curve] run=5 frac=0.4 budget_n=5532 est=14790.1
  [FastestO Curve] run=5 frac=0.5 budget_n=6032 est=13342.8
  [FastestO Curve] run=5 frac=0.6 budget_n=6478 est=13052.3
  [FastestO Curve] run=5 frac=0.7 budget_n=6786 est=12902.7
  [FastestO Curve] run=5 frac=0.8 budget_n=7196 est=14025.3
  [FastestO Curve] run=5 frac=0.9 budget_n=500 est=13896.6
  [Result] #CandTree           : 4.184e+05
  [Result] #TreeTrials         : 271
  [Result] #TreeSuccess        : 9
  [Result] #UniqueOracleNodes  : 500.0000
  [Result] Truth               : 403138.0000
  [Result] Est                 : 13896.5646
  [Result] logQError           : -1.4625
  [Result] TreeCountTime       : 22.6697
  [Result] QueryTime           : 0.8391
/home/wangshuo/projects/PROXY/datasets/parler-E/query_graph/query_cycle_4_25.graph Finished!

Start Processing (Multi-Predicate) /home/wangshuo/projects/PROXY/datasets/parler-E/query_graph/query_cycle_4_26.graph
[Info] Using explicit query nodes for predicates: 1 2 
[Info] FOIS_nrs base budget not found, will rely strictly on Curve CSV.
[Info] Using user-specified root label 1 -> query node 3
  [FastestO Curve] run=1 frac=0.01 budget_n=155 est=7817.64
  [FastestO Curve] run=1 frac=0.05 budget_n=629 est=10110.5
  [FastestO Curve] run=1 frac=0.075 budget_n=916 est=9367.1
  [FastestO Curve] run=1 frac=0.1 budget_n=1180 est=9001.27
  [FastestO Curve] run=1 frac=0.15 budget_n=1631 est=9159.53
  [FastestO Curve] run=1 frac=0.2 budget_n=2024 est=10036.3
  [FastestO Curve] run=1 frac=0.3 budget_n=2747 est=9950.61
  [FastestO Curve] run=1 frac=0.4 budget_n=3274 est=10450.5
  [FastestO Curve] run=1 frac=0.5 budget_n=3772 est=10182
  [FastestO Curve] run=1 frac=0.6 budget_n=4342 est=10260.3
  [FastestO Curve] run=1 frac=0.7 budget_n=4821 est=10193.2
  [FastestO Curve] run=1 frac=0.8 budget_n=5320 est=9700.86
  [FastestO Curve] run=1 frac=0.9 budget_n=500 est=8866.75
  [FastestO Curve] run=2 frac=0.01 budget_n=155 est=6020.99
  [FastestO Curve] run=2 frac=0.05 budget_n=629 est=9756.5
  [FastestO Curve] run=2 frac=0.075 budget_n=916 est=9208.01
  [FastestO Curve] run=2 frac=0.1 budget_n=1180 est=10665.2
  [FastestO Curve] run=2 frac=0.15 budget_n=1631 est=10999.8
  [FastestO Curve] run=2 frac=0.2 budget_n=2024 est=9384.07
  [FastestO Curve] run=2 frac=0.3 budget_n=2747 est=9924.35
  [FastestO Curve] run=2 frac=0.4 budget_n=3274 est=10204.4
  [FastestO Curve] run=2 frac=0.5 budget_n=3772 est=9588.97
  [FastestO Curve] run=2 frac=0.6 budget_n=4342 est=10417
  [FastestO Curve] run=2 frac=0.7 budget_n=4821 est=9779.19
  [FastestO Curve] run=2 frac=0.8 budget_n=5320 est=10260.3
  [FastestO Curve] run=2 frac=0.9 budget_n=500 est=9664.2
  [FastestO Curve] run=3 frac=0.01 budget_n=155 est=11675.5
  [FastestO Curve] run=3 frac=0.05 budget_n=629 est=10912.5
  [FastestO Curve] run=3 frac=0.075 budget_n=916 est=10151.4
  [FastestO Curve] run=3 frac=0.1 budget_n=1180 est=10419
  [FastestO Curve] run=3 frac=0.15 budget_n=1631 est=9176.64
  [FastestO Curve] run=3 frac=0.2 budget_n=2024 est=10528.2
  [FastestO Curve] run=3 frac=0.3 budget_n=2747 est=10361.2
  [FastestO Curve] run=3 frac=0.4 budget_n=3274 est=10853.3
  [FastestO Curve] run=3 frac=0.5 budget_n=3772 est=9980.59
  [FastestO Curve] run=3 frac=0.6 budget_n=4342 est=10237.9
  [FastestO Curve] run=3 frac=0.7 budget_n=4821 est=10036.5
  [FastestO Curve] run=3 frac=0.8 budget_n=5320 est=10081.3
  [FastestO Curve] run=3 frac=0.9 budget_n=500 est=6228.04
  [FastestO Curve] run=4 frac=0.01 budget_n=155 est=13853
  [FastestO Curve] run=4 frac=0.05 budget_n=629 est=12032.9
  [FastestO Curve] run=4 frac=0.075 budget_n=916 est=10329.6
  [FastestO Curve] run=4 frac=0.1 budget_n=1180 est=10883.9
  [FastestO Curve] run=4 frac=0.15 budget_n=1631 est=9187.12
  [FastestO Curve] run=4 frac=0.2 budget_n=2024 est=10326.7
  [FastestO Curve] run=4 frac=0.3 budget_n=2747 est=10322.7
  [FastestO Curve] run=4 frac=0.4 budget_n=3274 est=9801.56
  [FastestO Curve] run=4 frac=0.5 budget_n=3772 est=9991.78
  [FastestO Curve] run=4 frac=0.6 budget_n=4342 est=10551.2
  [FastestO Curve] run=4 frac=0.7 budget_n=4821 est=10528.8
  [FastestO Curve] run=4 frac=0.8 budget_n=5320 est=10842.1
  [FastestO Curve] run=4 frac=0.9 budget_n=500 est=8007.19
  [FastestO Curve] run=5 frac=0.01 budget_n=155 est=12787.4
  [FastestO Curve] run=5 frac=0.05 budget_n=629 est=10109.2
  [FastestO Curve] run=5 frac=0.075 budget_n=916 est=9641.91
  [FastestO Curve] run=5 frac=0.1 budget_n=1180 est=9737.76
  [FastestO Curve] run=5 frac=0.15 budget_n=1631 est=10036.8
  [FastestO Curve] run=5 frac=0.2 budget_n=2024 est=9293.62
  [FastestO Curve] run=5 frac=0.3 budget_n=2747 est=9666.46
  [FastestO Curve] run=5 frac=0.4 budget_n=3274 est=10562.4
  [FastestO Curve] run=5 frac=0.5 budget_n=3772 est=9969.4
  [FastestO Curve] run=5 frac=0.6 budget_n=4342 est=9622.54
  [FastestO Curve] run=5 frac=0.7 budget_n=4821 est=9600.16
  [FastestO Curve] run=5 frac=0.8 budget_n=5320 est=10260.3
  [FastestO Curve] run=5 frac=0.9 budget_n=500 est=12293.3
  [Result] #CandTree           : 2.238e+05
  [Result] #TreeTrials         : 1074
  [Result] #TreeSuccess        : 59
  [Result] #UniqueOracleNodes  : 500.0000
  [Result] Truth               : 223780.0000
  [Result] Est                 : 12293.3147
  [Result] logQError           : -1.2602
  [Result] TreeCountTime       : 25.4027
  [Result] QueryTime           : 3.2446
/home/wangshuo/projects/PROXY/datasets/parler-E/query_graph/query_cycle_4_26.graph Finished!

Start Processing (Multi-Predicate) /home/wangshuo/projects/PROXY/datasets/parler-E/query_graph/query_cycle_4_27.graph
[Info] Using explicit query nodes for predicates: 0 2 
[Info] FOIS_nrs base budget not found, will rely strictly on Curve CSV.
[Warning] Requested root label 1 not found in query. Falling back to default root 2
  [FastestO Curve] run=1 frac=0.01 budget_n=160 est=1945.31
  [FastestO Curve] run=1 frac=0.05 budget_n=654 est=8046.85
  [FastestO Curve] run=1 frac=0.075 budget_n=964 est=10930.8
  [FastestO Curve] run=1 frac=0.1 budget_n=1212 est=11396
  [FastestO Curve] run=1 frac=0.15 budget_n=1785 est=10184.7
  [FastestO Curve] run=1 frac=0.2 budget_n=2148 est=9697.72
  [FastestO Curve] run=1 frac=0.3 budget_n=2888 est=9254.75
  [FastestO Curve] run=1 frac=0.4 budget_n=3476 est=10632.2
  [FastestO Curve] run=1 frac=0.5 budget_n=3968 est=8869.67
  [FastestO Curve] run=1 frac=0.6 budget_n=4535 est=10047.2
  [FastestO Curve] run=1 frac=0.7 budget_n=5075 est=9961.06
  [FastestO Curve] run=1 frac=0.8 budget_n=5616 est=8687.25
  [FastestO Curve] run=1 frac=0.9 budget_n=500 est=12562.3
  [FastestO Curve] run=2 frac=0.01 budget_n=160 est=9809.7
  [FastestO Curve] run=2 frac=0.05 budget_n=654 est=7651.57
  [FastestO Curve] run=2 frac=0.075 budget_n=964 est=10349.5
  [FastestO Curve] run=2 frac=0.1 budget_n=1212 est=9206.99
  [FastestO Curve] run=2 frac=0.15 budget_n=1785 est=8953.5
  [FastestO Curve] run=2 frac=0.2 budget_n=2148 est=10211.4
  [FastestO Curve] run=2 frac=0.3 budget_n=2888 est=8945.22
  [FastestO Curve] run=2 frac=0.4 budget_n=3476 est=9355.79
  [FastestO Curve] run=2 frac=0.5 budget_n=3968 est=9894.27
  [FastestO Curve] run=2 frac=0.6 budget_n=4535 est=8979.13
  [FastestO Curve] run=2 frac=0.7 budget_n=5075 est=9155.63
  [FastestO Curve] run=2 frac=0.8 budget_n=5616 est=9802.81
  [FastestO Curve] run=2 frac=0.9 budget_n=500 est=8439.23
  [FastestO Curve] run=3 frac=0.01 budget_n=160 est=7464.94
  [FastestO Curve] run=3 frac=0.05 budget_n=654 est=9283.15
  [FastestO Curve] run=3 frac=0.075 budget_n=964 est=8868.86
  [FastestO Curve] run=3 frac=0.1 budget_n=1212 est=9247.64
  [FastestO Curve] run=3 frac=0.15 budget_n=1785 est=10592.4
  [FastestO Curve] run=3 frac=0.2 budget_n=2148 est=9198.6
  [FastestO Curve] run=3 frac=0.3 budget_n=2888 est=8152.53
  [FastestO Curve] run=3 frac=0.4 budget_n=3476 est=8330.33
  [FastestO Curve] run=3 frac=0.5 budget_n=3968 est=9258.88
  [FastestO Curve] run=3 frac=0.6 budget_n=4535 est=9126.83
  [FastestO Curve] run=3 frac=0.7 budget_n=5075 est=9831.62
  [FastestO Curve] run=3 frac=0.8 budget_n=5616 est=9945.43
  [FastestO Curve] run=3 frac=0.9 budget_n=500 est=11622.6
  [FastestO Curve] run=4 frac=0.01 budget_n=160 est=7345.5
  [FastestO Curve] run=4 frac=0.05 budget_n=654 est=8969.87
  [FastestO Curve] run=4 frac=0.075 budget_n=964 est=8777.58
  [FastestO Curve] run=4 frac=0.1 budget_n=1212 est=10453.3
  [FastestO Curve] run=4 frac=0.15 budget_n=1785 est=6809.15
  [FastestO Curve] run=4 frac=0.2 budget_n=2148 est=11108.8
  [FastestO Curve] run=4 frac=0.3 budget_n=2888 est=9928.62
  [FastestO Curve] run=4 frac=0.4 budget_n=3476 est=9828.52
  [FastestO Curve] run=4 frac=0.5 budget_n=3968 est=9549.23
  [FastestO Curve] run=4 frac=0.6 budget_n=4535 est=9864.65
  [FastestO Curve] run=4 frac=0.7 budget_n=5075 est=9908.73
  [FastestO Curve] run=4 frac=0.8 budget_n=5616 est=10352.9
  [FastestO Curve] run=4 frac=0.9 budget_n=500 est=4568.1
  [FastestO Curve] run=5 frac=0.01 budget_n=160 est=11771.6
  [FastestO Curve] run=5 frac=0.05 budget_n=654 est=11994.3
  [FastestO Curve] run=5 frac=0.075 budget_n=964 est=9126.57
  [FastestO Curve] run=5 frac=0.1 budget_n=1212 est=9687.3
  [FastestO Curve] run=5 frac=0.15 budget_n=1785 est=10670.6
  [FastestO Curve] run=5 frac=0.2 budget_n=2148 est=11033.9
  [FastestO Curve] run=5 frac=0.3 budget_n=2888 est=10080.7
  [FastestO Curve] run=5 frac=0.4 budget_n=3476 est=9587.03
  [FastestO Curve] run=5 frac=0.5 budget_n=3968 est=10394.6
  [FastestO Curve] run=5 frac=0.6 budget_n=4535 est=9282.88
  [FastestO Curve] run=5 frac=0.7 budget_n=5075 est=8436.32
  [FastestO Curve] run=5 frac=0.8 budget_n=5616 est=10025.6
  [FastestO Curve] run=5 frac=0.9 budget_n=500 est=7915.41
  [Result] #CandTree           : 2.295e+05
  [Result] #TreeTrials         : 406
  [Result] #TreeSuccess        : 14
  [Result] #UniqueOracleNodes  : 500.0000
  [Result] Truth               : 229547.0000
  [Result] Est                 : 7915.4138
  [Result] logQError           : -1.4624
  [Result] TreeCountTime       : 31.0388
  [Result] QueryTime           : 1.3998
/home/wangshuo/projects/PROXY/datasets/parler-E/query_graph/query_cycle_4_27.graph Finished!

Start Processing (Multi-Predicate) /home/wangshuo/projects/PROXY/datasets/parler-E/query_graph/query_cycle_4_28.graph
[Info] Using explicit query nodes for predicates: 0 1 2 
[Info] FOIS_nrs base budget not found, will rely strictly on Curve CSV.
[Info] Using user-specified root label 1 -> query node 3
  [FastestO Curve] run=1 frac=0.01 budget_n=549 est=7357.71
  [FastestO Curve] run=1 frac=0.05 budget_n=1484 est=6219.46
  [FastestO Curve] run=1 frac=0.075 budget_n=1806 est=5524.4
  [FastestO Curve] run=1 frac=0.1 budget_n=2114 est=4866.42
  [FastestO Curve] run=1 frac=0.15 budget_n=2555 est=7467.72
  [FastestO Curve] run=1 frac=0.2 budget_n=2931 est=5341.71
  [FastestO Curve] run=1 frac=0.3 budget_n=3726 est=5539.16
  [FastestO Curve] run=1 frac=0.4 budget_n=4230 est=4915.15
  [FastestO Curve] run=1 frac=0.5 budget_n=4738 est=5939.79
  [FastestO Curve] run=1 frac=0.6 budget_n=5162 est=5173.2
  [FastestO Curve] run=1 frac=0.7 budget_n=5553 est=5547.35
  [FastestO Curve] run=1 frac=0.8 budget_n=5888 est=5210.79
  [FastestO Curve] run=1 frac=0.9 budget_n=500 est=7216.68
  [FastestO Curve] run=2 frac=0.01 budget_n=549 est=4086.86
  [FastestO Curve] run=2 frac=0.05 budget_n=1484 est=4377.23
  [FastestO Curve] run=2 frac=0.075 budget_n=1806 est=6462.01
  [FastestO Curve] run=2 frac=0.1 budget_n=2114 est=4958.55
  [FastestO Curve] run=2 frac=0.15 budget_n=2555 est=5955.27
  [FastestO Curve] run=2 frac=0.2 budget_n=2931 est=6317.36
  [FastestO Curve] run=2 frac=0.3 budget_n=3726 est=6120.61
  [FastestO Curve] run=2 frac=0.4 budget_n=4230 est=5745.14
  [FastestO Curve] run=2 frac=0.5 budget_n=4738 est=5708.28
  [FastestO Curve] run=2 frac=0.6 budget_n=5162 est=6254.36
  [FastestO Curve] run=2 frac=0.7 budget_n=5553 est=5717.14
  [FastestO Curve] run=2 frac=0.8 budget_n=5888 est=5607.31
  [FastestO Curve] run=2 frac=0.9 budget_n=500 est=7082.88
  [FastestO Curve] run=3 frac=0.01 budget_n=549 est=7227.66
  [FastestO Curve] run=3 frac=0.05 budget_n=1484 est=6154.12
  [FastestO Curve] run=3 frac=0.075 budget_n=1806 est=6123.11
  [FastestO Curve] run=3 frac=0.1 budget_n=2114 est=6138.52
  [FastestO Curve] run=3 frac=0.15 budget_n=2555 est=5552.37
  [FastestO Curve] run=3 frac=0.2 budget_n=2931 est=5661.55
  [FastestO Curve] run=3 frac=0.3 budget_n=3726 est=6044.8
  [FastestO Curve] run=3 frac=0.4 budget_n=4230 est=6579.49
  [FastestO Curve] run=3 frac=0.5 budget_n=4738 est=5323.94
  [FastestO Curve] run=3 frac=0.6 budget_n=5162 est=5104.92
  [FastestO Curve] run=3 frac=0.7 budget_n=5553 est=5429.49
  [FastestO Curve] run=3 frac=0.8 budget_n=5888 est=5465.23
  [FastestO Curve] run=3 frac=0.9 budget_n=500 est=6770.99
  [FastestO Curve] run=4 frac=0.01 budget_n=549 est=6156.78
  [FastestO Curve] run=4 frac=0.05 budget_n=1484 est=4146.31
  [FastestO Curve] run=4 frac=0.075 budget_n=1806 est=3529.3
  [FastestO Curve] run=4 frac=0.1 budget_n=2114 est=6320.85
  [FastestO Curve] run=4 frac=0.15 budget_n=2555 est=5731.75
  [FastestO Curve] run=4 frac=0.2 budget_n=2931 est=5182.89
  [FastestO Curve] run=4 frac=0.3 budget_n=3726 est=5934.4
  [FastestO Curve] run=4 frac=0.4 budget_n=4230 est=5247.26
  [FastestO Curve] run=4 frac=0.5 budget_n=4738 est=4910.47
  [FastestO Curve] run=4 frac=0.6 budget_n=5162 est=5332.27
  [FastestO Curve] run=4 frac=0.7 budget_n=5553 est=5121.11
  [FastestO Curve] run=4 frac=0.8 budget_n=5888 est=5719.93
  [FastestO Curve] run=4 frac=0.9 budget_n=500 est=5642.49
  [FastestO Curve] run=5 frac=0.01 budget_n=549 est=7136.67
  [FastestO Curve] run=5 frac=0.05 budget_n=1484 est=4765.1
  [FastestO Curve] run=5 frac=0.075 budget_n=1806 est=6108.8
  [FastestO Curve] run=5 frac=0.1 budget_n=2114 est=5234.92
  [FastestO Curve] run=5 frac=0.15 budget_n=2555 est=5882.7
  [FastestO Curve] run=5 frac=0.2 budget_n=2931 est=5676.58
  [FastestO Curve] run=5 frac=0.3 budget_n=3726 est=5845.72
  [FastestO Curve] run=5 frac=0.4 budget_n=4230 est=6112.84
  [FastestO Curve] run=5 frac=0.5 budget_n=4738 est=5400.77
  [FastestO Curve] run=5 frac=0.6 budget_n=5162 est=5384.09
  [FastestO Curve] run=5 frac=0.7 budget_n=5553 est=5111.13
  [FastestO Curve] run=5 frac=0.8 budget_n=5888 est=5218.42
  [FastestO Curve] run=5 frac=0.9 budget_n=500 est=4026.25
  [Result] #CandTree           : 2.375e+05
  [Result] #TreeTrials         : 413
  [Result] #TreeSuccess        : 7
  [Result] #UniqueOracleNodes  : 500.0000
  [Result] Truth               : 222755.0000
  [Result] Est                 : 4026.2542
  [Result] logQError           : -1.7429
  [Result] TreeCountTime       : 28.8650
  [Result] QueryTime           : 1.4804
/home/wangshuo/projects/PROXY/datasets/parler-E/query_graph/query_cycle_4_28.graph Finished!

Start Processing (Multi-Predicate) /home/wangshuo/projects/PROXY/datasets/parler-E/query_graph/query_cycle_4_29.graph
[Info] Using explicit query nodes for predicates: 1 2 
[Info] FOIS_nrs base budget not found, will rely strictly on Curve CSV.
[Warning] Requested root label 1 not found in query. Falling back to default root 1
  [FastestO Curve] run=1 frac=0.01 budget_n=154 est=8819.33
  [FastestO Curve] run=1 frac=0.05 budget_n=639 est=12585.1
  [FastestO Curve] run=1 frac=0.075 budget_n=953 est=9018.15
  [FastestO Curve] run=1 frac=0.1 budget_n=1212 est=11340.2
  [FastestO Curve] run=1 frac=0.15 budget_n=1696 est=9586.33
  [FastestO Curve] run=1 frac=0.2 budget_n=2104 est=9905.21
  [FastestO Curve] run=1 frac=0.3 budget_n=2800 est=9767.64
  [FastestO Curve] run=1 frac=0.4 budget_n=3369 est=10783
  [FastestO Curve] run=1 frac=0.5 budget_n=3899 est=9965.02
  [FastestO Curve] run=1 frac=0.6 budget_n=4473 est=9792.21
  [FastestO Curve] run=1 frac=0.7 budget_n=4997 est=10287.6
  [FastestO Curve] run=1 frac=0.8 budget_n=5524 est=10518
  [FastestO Curve] run=1 frac=0.9 budget_n=500 est=10606.3
  [FastestO Curve] run=2 frac=0.01 budget_n=154 est=8824.02
  [FastestO Curve] run=2 frac=0.05 budget_n=639 est=12018.4
  [FastestO Curve] run=2 frac=0.075 budget_n=953 est=9545.48
  [FastestO Curve] run=2 frac=0.1 budget_n=1212 est=10473
  [FastestO Curve] run=2 frac=0.15 budget_n=1696 est=10062.9
  [FastestO Curve] run=2 frac=0.2 budget_n=2104 est=9737.22
  [FastestO Curve] run=2 frac=0.3 budget_n=2800 est=10257.7
  [FastestO Curve] run=2 frac=0.4 budget_n=3369 est=9884.37
  [FastestO Curve] run=2 frac=0.5 budget_n=3899 est=10633.2
  [FastestO Curve] run=2 frac=0.6 budget_n=4473 est=10817.5
  [FastestO Curve] run=2 frac=0.7 budget_n=4997 est=9838.29
  [FastestO Curve] run=2 frac=0.8 budget_n=5524 est=10091.7
  [FastestO Curve] run=2 frac=0.9 budget_n=500 est=10188.8
  [FastestO Curve] run=3 frac=0.01 budget_n=154 est=8302.88
  [FastestO Curve] run=3 frac=0.05 budget_n=639 est=8712.79
  [FastestO Curve] run=3 frac=0.075 budget_n=953 est=10340.4
  [FastestO Curve] run=3 frac=0.1 budget_n=1212 est=10713.5
  [FastestO Curve] run=3 frac=0.15 budget_n=1696 est=10168.8
  [FastestO Curve] run=3 frac=0.2 budget_n=2104 est=9614.97
  [FastestO Curve] run=3 frac=0.3 budget_n=2800 est=10673
  [FastestO Curve] run=3 frac=0.4 budget_n=3369 est=10114.8
  [FastestO Curve] run=3 frac=0.5 budget_n=3899 est=10114.8
  [FastestO Curve] run=3 frac=0.6 budget_n=4473 est=10310.6
  [FastestO Curve] run=3 frac=0.7 budget_n=4997 est=10575.6
  [FastestO Curve] run=3 frac=0.8 budget_n=5524 est=10011.1
  [FastestO Curve] run=3 frac=0.9 budget_n=500 est=11675.1
  [FastestO Curve] run=4 frac=0.01 budget_n=154 est=11695.7
  [FastestO Curve] run=4 frac=0.05 budget_n=639 est=10213.5
  [FastestO Curve] run=4 frac=0.075 budget_n=953 est=10741.1
  [FastestO Curve] run=4 frac=0.1 budget_n=1212 est=9673.24
  [FastestO Curve] run=4 frac=0.15 budget_n=1696 est=10098.7
  [FastestO Curve] run=4 frac=0.2 budget_n=2104 est=10190.7
  [FastestO Curve] run=4 frac=0.3 budget_n=2800 est=10351.7
  [FastestO Curve] run=4 frac=0.4 budget_n=3369 est=10967.3
  [FastestO Curve] run=4 frac=0.5 budget_n=3899 est=10437.3
  [FastestO Curve] run=4 frac=0.6 budget_n=4473 est=9965.02
  [FastestO Curve] run=4 frac=0.7 budget_n=4997 est=10091.7
  [FastestO Curve] run=4 frac=0.8 budget_n=5524 est=9999.58
  [FastestO Curve] run=4 frac=0.9 budget_n=500 est=10573.5
  [FastestO Curve] run=5 frac=0.01 budget_n=154 est=4189.18
  [FastestO Curve] run=5 frac=0.05 budget_n=639 est=8363.46
  [FastestO Curve] run=5 frac=0.075 budget_n=953 est=9508.78
  [FastestO Curve] run=5 frac=0.1 budget_n=1212 est=8731.14
  [FastestO Curve] run=5 frac=0.15 budget_n=1696 est=9860.16
  [FastestO Curve] run=5 frac=0.2 budget_n=2104 est=10361.3
  [FastestO Curve] run=5 frac=0.3 budget_n=2800 est=10039.4
  [FastestO Curve] run=5 frac=0.4 budget_n=3369 est=10172.4
  [FastestO Curve] run=5 frac=0.5 budget_n=3899 est=10379.7
  [FastestO Curve] run=5 frac=0.6 budget_n=4473 est=9941.98
  [FastestO Curve] run=5 frac=0.7 budget_n=4997 est=10080.2
  [FastestO Curve] run=5 frac=0.8 budget_n=5524 est=9976.54
  [FastestO Curve] run=5 frac=0.9 budget_n=500 est=12800.3
  [Result] #CandTree           : 2.304e+05
  [Result] #TreeTrials         : 936
  [Result] #TreeSuccess        : 52
  [Result] #UniqueOracleNodes  : 500.0000
  [Result] Truth               : 230405.0000
  [Result] Est                 : 12800.2778
  [Result] logQError           : -1.2553
  [Result] TreeCountTime       : 28.2477
  [Result] QueryTime           : 3.1472
/home/wangshuo/projects/PROXY/datasets/parler-E/query_graph/query_cycle_4_29.graph Finished!

Start Processing (Multi-Predicate) /home/wangshuo/projects/PROXY/datasets/parler-E/query_graph/query_cycle_4_3.graph
[Info] Using explicit query nodes for predicates: 2 3 
[Info] FOIS_nrs base budget not found, will rely strictly on Curve CSV.
[Info] Using user-specified root label 1 -> query node 1
  [FastestO Curve] run=1 frac=0.01 budget_n=200 est=8267.66
  [FastestO Curve] run=1 frac=0.05 budget_n=858 est=8247.94
  [FastestO Curve] run=1 frac=0.075 budget_n=1223 est=9285.34
  [FastestO Curve] run=1 frac=0.1 budget_n=1548 est=8474.66
  [FastestO Curve] run=1 frac=0.15 budget_n=2141 est=7977.36
  [FastestO Curve] run=1 frac=0.2 budget_n=2614 est=9403.37
  [FastestO Curve] run=1 frac=0.3 budget_n=3470 est=8792.7
  [FastestO Curve] run=1 frac=0.4 budget_n=4089 est=9476.71
  [FastestO Curve] run=1 frac=0.5 budget_n=4583 est=8636.3
  [FastestO Curve] run=1 frac=0.6 budget_n=5100 est=9277.66
  [FastestO Curve] run=1 frac=0.7 budget_n=5619 est=9797.39
  [FastestO Curve] run=1 frac=0.8 budget_n=6119 est=9310.84
  [FastestO Curve] run=1 frac=0.9 budget_n=500 est=11835.4
  [FastestO Curve] run=2 frac=0.01 budget_n=200 est=12206.9
  [FastestO Curve] run=2 frac=0.05 budget_n=858 est=8323.79
  [FastestO Curve] run=2 frac=0.075 budget_n=1223 est=10178.4
  [FastestO Curve] run=2 frac=0.1 budget_n=1548 est=9048.37
  [FastestO Curve] run=2 frac=0.15 budget_n=2141 est=9639.54
  [FastestO Curve] run=2 frac=0.2 budget_n=2614 est=9198.93
  [FastestO Curve] run=2 frac=0.3 budget_n=3470 est=9011.94
  [FastestO Curve] run=2 frac=0.4 budget_n=4089 est=9742.1
  [FastestO Curve] run=2 frac=0.5 budget_n=4583 est=8846.4
  [FastestO Curve] run=2 frac=0.6 budget_n=5100 est=9399.3
  [FastestO Curve] run=2 frac=0.7 budget_n=5619 est=9653.63
  [FastestO Curve] run=2 frac=0.8 budget_n=6119 est=9388.24
  [FastestO Curve] run=2 frac=0.9 budget_n=500 est=8611.17
  [FastestO Curve] run=3 frac=0.01 budget_n=200 est=9583.6
  [FastestO Curve] run=3 frac=0.05 budget_n=858 est=8703.06
  [FastestO Curve] run=3 frac=0.075 budget_n=1223 est=7619.9
  [FastestO Curve] run=3 frac=0.1 budget_n=1548 est=8533.24
  [FastestO Curve] run=3 frac=0.15 budget_n=2141 est=9312.78
  [FastestO Curve] run=3 frac=0.2 budget_n=2614 est=8339.86
  [FastestO Curve] run=3 frac=0.3 budget_n=3470 est=9133.91
  [FastestO Curve] run=3 frac=0.4 budget_n=4089 est=9554.11
  [FastestO Curve] run=3 frac=0.5 budget_n=4583 est=8791.11
  [FastestO Curve] run=3 frac=0.6 budget_n=5100 est=8415.14
  [FastestO Curve] run=3 frac=0.7 budget_n=5619 est=9399.3
  [FastestO Curve] run=3 frac=0.8 budget_n=6119 est=9664.69
  [FastestO Curve] run=3 frac=0.9 budget_n=500 est=9500.38
  [FastestO Curve] run=4 frac=0.01 budget_n=200 est=8533.5
  [FastestO Curve] run=4 frac=0.05 budget_n=858 est=9704.48
  [FastestO Curve] run=4 frac=0.075 budget_n=1223 est=8499.15
  [FastestO Curve] run=4 frac=0.1 budget_n=1548 est=8059.9
  [FastestO Curve] run=4 frac=0.15 budget_n=2141 est=9377.63
  [FastestO Curve] run=4 frac=0.2 budget_n=2614 est=9377.48
  [FastestO Curve] run=4 frac=0.3 budget_n=3470 est=9100.73
  [FastestO Curve] run=4 frac=0.4 budget_n=4089 est=9344.01
  [FastestO Curve] run=4 frac=0.5 budget_n=4583 est=9355.07
  [FastestO Curve] run=4 frac=0.6 budget_n=5100 est=9067.56
  [FastestO Curve] run=4 frac=0.7 budget_n=5619 est=9056.5
  [FastestO Curve] run=4 frac=0.8 budget_n=6119 est=9111.79
  [FastestO Curve] run=4 frac=0.9 budget_n=500 est=7618.91
  [FastestO Curve] run=5 frac=0.01 budget_n=200 est=10805.9
  [FastestO Curve] run=5 frac=0.05 budget_n=858 est=8736.46
  [FastestO Curve] run=5 frac=0.075 budget_n=1223 est=8943.08
  [FastestO Curve] run=5 frac=0.1 budget_n=1548 est=9685.84
  [FastestO Curve] run=5 frac=0.15 budget_n=2141 est=8802.01
  [FastestO Curve] run=5 frac=0.2 budget_n=2614 est=8978.2
  [FastestO Curve] run=5 frac=0.3 budget_n=3470 est=9332.95
  [FastestO Curve] run=5 frac=0.4 budget_n=4089 est=9377.18
  [FastestO Curve] run=5 frac=0.5 budget_n=4583 est=9576.23
  [FastestO Curve] run=5 frac=0.6 budget_n=5100 est=9476.71
  [FastestO Curve] run=5 frac=0.7 budget_n=5619 est=9509.88
  [FastestO Curve] run=5 frac=0.8 budget_n=6119 est=9211.31
  [FastestO Curve] run=5 frac=0.9 budget_n=500 est=9833.98
  [Result] #CandTree           : 2.212e+05
  [Result] #TreeTrials         : 1057
  [Result] #TreeSuccess        : 47
  [Result] #UniqueOracleNodes  : 500.0000
  [Result] Truth               : 221160.0000
  [Result] Est                 : 9833.9830
  [Result] logQError           : -1.3520
  [Result] TreeCountTime       : 29.1701
  [Result] QueryTime           : 3.7755
/home/wangshuo/projects/PROXY/datasets/parler-E/query_graph/query_cycle_4_3.graph Finished!

Start Processing (Multi-Predicate) /home/wangshuo/projects/PROXY/datasets/parler-E/query_graph/query_cycle_4_30.graph
[Info] Using explicit query nodes for predicates: 1 3 
[Info] FOIS_nrs base budget not found, will rely strictly on Curve CSV.
[Info] Using user-specified root label 1 -> query node 2
  [FastestO Curve] run=1 frac=0.01 budget_n=152 est=14816.3
  [FastestO Curve] run=1 frac=0.05 budget_n=630 est=9959.58
  [FastestO Curve] run=1 frac=0.075 budget_n=892 est=10572
  [FastestO Curve] run=1 frac=0.1 budget_n=1162 est=10714
  [FastestO Curve] run=1 frac=0.15 budget_n=1606 est=11942.6
  [FastestO Curve] run=1 frac=0.2 budget_n=1978 est=11692
  [FastestO Curve] run=1 frac=0.3 budget_n=2663 est=11812.2
  [FastestO Curve] run=1 frac=0.4 budget_n=3201 est=11331.6
  [FastestO Curve] run=1 frac=0.5 budget_n=3684 est=11798.9
  [FastestO Curve] run=1 frac=0.6 budget_n=4218 est=11693.8
  [FastestO Curve] run=1 frac=0.7 budget_n=4744 est=11658.7
  [FastestO Curve] run=1 frac=0.8 budget_n=5255 est=11436.8
  [FastestO Curve] run=1 frac=0.9 budget_n=500 est=12495.5
  [FastestO Curve] run=2 frac=0.01 budget_n=152 est=10952
  [FastestO Curve] run=2 frac=0.05 budget_n=630 est=12868.7
  [FastestO Curve] run=2 frac=0.075 budget_n=892 est=10069.9
  [FastestO Curve] run=2 frac=0.1 budget_n=1162 est=12774.7
  [FastestO Curve] run=2 frac=0.15 budget_n=1606 est=11378.9
  [FastestO Curve] run=2 frac=0.2 budget_n=1978 est=11606.8
  [FastestO Curve] run=2 frac=0.3 budget_n=2663 est=10625.7
  [FastestO Curve] run=2 frac=0.4 budget_n=3201 est=11775.6
  [FastestO Curve] run=2 frac=0.5 budget_n=3684 est=11693.8
  [FastestO Curve] run=2 frac=0.6 budget_n=4218 est=12161.1
  [FastestO Curve] run=2 frac=0.7 budget_n=4744 est=10934.4
  [FastestO Curve] run=2 frac=0.8 budget_n=5255 est=11109.7
  [FastestO Curve] run=2 frac=0.9 budget_n=500 est=11896.2
  [FastestO Curve] run=3 frac=0.01 budget_n=152 est=16688.7
  [FastestO Curve] run=3 frac=0.05 budget_n=630 est=11724.6
  [FastestO Curve] run=3 frac=0.075 budget_n=892 est=9438.21
  [FastestO Curve] run=3 frac=0.1 budget_n=1162 est=11827.6
  [FastestO Curve] run=3 frac=0.15 budget_n=1606 est=12311.6
  [FastestO Curve] run=3 frac=0.2 budget_n=1978 est=11800.7
  [FastestO Curve] run=3 frac=0.3 budget_n=2663 est=11933.7
  [FastestO Curve] run=3 frac=0.4 budget_n=3201 est=10829.3
  [FastestO Curve] run=3 frac=0.5 budget_n=3684 est=11343.3
  [FastestO Curve] run=3 frac=0.6 budget_n=4218 est=11530.2
  [FastestO Curve] run=3 frac=0.7 budget_n=4744 est=11553.6
  [FastestO Curve] run=3 frac=0.8 budget_n=5255 est=11366.7
  [FastestO Curve] run=3 frac=0.9 budget_n=500 est=8360.5
  [FastestO Curve] run=4 frac=0.01 budget_n=152 est=4228.81
  [FastestO Curve] run=4 frac=0.05 budget_n=630 est=12262.1
  [FastestO Curve] run=4 frac=0.075 budget_n=892 est=10914.7
  [FastestO Curve] run=4 frac=0.1 budget_n=1162 est=11081.8
  [FastestO Curve] run=4 frac=0.15 budget_n=1606 est=11855.5
  [FastestO Curve] run=4 frac=0.2 budget_n=1978 est=11472.7
  [FastestO Curve] run=4 frac=0.3 budget_n=2663 est=12184.4
  [FastestO Curve] run=4 frac=0.4 budget_n=3201 est=11717.1
  [FastestO Curve] run=4 frac=0.5 budget_n=3684 est=11950.8
  [FastestO Curve] run=4 frac=0.6 budget_n=4218 est=11658.7
  [FastestO Curve] run=4 frac=0.7 budget_n=4744 est=11109.7
  [FastestO Curve] run=4 frac=0.8 budget_n=5255 est=10981.2
  [FastestO Curve] run=4 frac=0.9 budget_n=500 est=12092.8
  [FastestO Curve] run=5 frac=0.01 budget_n=152 est=10338.1
  [FastestO Curve] run=5 frac=0.05 budget_n=630 est=13346
  [FastestO Curve] run=5 frac=0.075 budget_n=892 est=11490.6
  [FastestO Curve] run=5 frac=0.1 budget_n=1162 est=11820.2
  [FastestO Curve] run=5 frac=0.15 budget_n=1606 est=11298.7
  [FastestO Curve] run=5 frac=0.2 budget_n=1978 est=11750.3
  [FastestO Curve] run=5 frac=0.3 budget_n=2663 est=12463.5
  [FastestO Curve] run=5 frac=0.4 budget_n=3201 est=11658.7
  [FastestO Curve] run=5 frac=0.5 budget_n=3684 est=11518.6
  [FastestO Curve] run=5 frac=0.6 budget_n=4218 est=10992.9
  [FastestO Curve] run=5 frac=0.7 budget_n=4744 est=11203.1
  [FastestO Curve] run=5 frac=0.8 budget_n=5255 est=11670.4
  [FastestO Curve] run=5 frac=0.9 budget_n=500 est=13133.7
  [Result] #CandTree           : 2.336e+05
  [Result] #TreeTrials         : 1014
  [Result] #TreeSuccess        : 57
  [Result] #UniqueOracleNodes  : 500.0000
  [Result] Truth               : 233642.0000
  [Result] Est                 : 13133.7219
  [Result] logQError           : -1.2502
  [Result] TreeCountTime       : 25.8828
  [Result] QueryTime           : 4.0023
/home/wangshuo/projects/PROXY/datasets/parler-E/query_graph/query_cycle_4_30.graph Finished!

Start Processing (Multi-Predicate) /home/wangshuo/projects/PROXY/datasets/parler-E/query_graph/query_cycle_4_31.graph
[Info] Using explicit query nodes for predicates: 0 2 
[Info] FOIS_nrs base budget not found, will rely strictly on Curve CSV.
[Info] Using user-specified root label 1 -> query node 1
  [FastestO Curve] run=1 frac=0.01 budget_n=153 est=12562
  [FastestO Curve] run=1 frac=0.05 budget_n=617 est=13194.1
  [FastestO Curve] run=1 frac=0.075 budget_n=908 est=11533.5
  [FastestO Curve] run=1 frac=0.1 budget_n=1182 est=10397
  [FastestO Curve] run=1 frac=0.15 budget_n=1646 est=11238.5
  [FastestO Curve] run=1 frac=0.2 budget_n=2008 est=11817.7
  [FastestO Curve] run=1 frac=0.3 budget_n=2747 est=10470.9
  [FastestO Curve] run=1 frac=0.4 budget_n=3282 est=11327.7
  [FastestO Curve] run=1 frac=0.5 budget_n=3819 est=11865.4
  [FastestO Curve] run=1 frac=0.6 budget_n=4341 est=12429.4
  [FastestO Curve] run=1 frac=0.7 budget_n=4871 est=11722.5
  [FastestO Curve] run=1 frac=0.8 budget_n=5394 est=11535
  [FastestO Curve] run=1 frac=0.9 budget_n=500 est=14149.8
  [FastestO Curve] run=2 frac=0.01 budget_n=153 est=7820.96
  [FastestO Curve] run=2 frac=0.05 budget_n=617 est=9970.97
  [FastestO Curve] run=2 frac=0.075 budget_n=908 est=11916.4
  [FastestO Curve] run=2 frac=0.1 budget_n=1182 est=13190.1
  [FastestO Curve] run=2 frac=0.15 budget_n=1646 est=10727.8
  [FastestO Curve] run=2 frac=0.2 budget_n=2008 est=12637.5
  [FastestO Curve] run=2 frac=0.3 budget_n=2747 est=12321.3
  [FastestO Curve] run=2 frac=0.4 budget_n=3282 est=11164.6
  [FastestO Curve] run=2 frac=0.5 budget_n=3819 est=11927.4
  [FastestO Curve] run=2 frac=0.6 budget_n=4341 est=12235.8
  [FastestO Curve] run=2 frac=0.7 budget_n=4871 est=11449.1
  [FastestO Curve] run=2 frac=0.8 budget_n=5394 est=12475.8
  [FastestO Curve] run=2 frac=0.9 budget_n=500 est=9761.96
  [FastestO Curve] run=3 frac=0.01 budget_n=153 est=9617.24
  [FastestO Curve] run=3 frac=0.05 budget_n=617 est=13944
  [FastestO Curve] run=3 frac=0.075 budget_n=908 est=10389.5
  [FastestO Curve] run=3 frac=0.1 budget_n=1182 est=13346.9
  [FastestO Curve] run=3 frac=0.15 budget_n=1646 est=11880.5
  [FastestO Curve] run=3 frac=0.2 budget_n=2008 est=12135.4
  [FastestO Curve] run=3 frac=0.3 budget_n=2747 est=12107.4
  [FastestO Curve] run=3 frac=0.4 budget_n=3282 est=11644.9
  [FastestO Curve] run=3 frac=0.5 budget_n=3819 est=10942.9
  [FastestO Curve] run=3 frac=0.6 budget_n=4341 est=11720.4
  [FastestO Curve] run=3 frac=0.7 budget_n=4871 est=11997.9
  [FastestO Curve] run=3 frac=0.8 budget_n=5394 est=12076
  [FastestO Curve] run=3 frac=0.9 budget_n=500 est=8449.43
  [FastestO Curve] run=4 frac=0.01 budget_n=153 est=12132.5
  [FastestO Curve] run=4 frac=0.05 budget_n=617 est=11738.9
  [FastestO Curve] run=4 frac=0.075 budget_n=908 est=11768.8
  [FastestO Curve] run=4 frac=0.1 budget_n=1182 est=8202.73
  [FastestO Curve] run=4 frac=0.15 budget_n=1646 est=11814.6
  [FastestO Curve] run=4 frac=0.2 budget_n=2008 est=11885.8
  [FastestO Curve] run=4 frac=0.3 budget_n=2747 est=11750.1
  [FastestO Curve] run=4 frac=0.4 budget_n=3282 est=11540.7
  [FastestO Curve] run=4 frac=0.5 budget_n=3819 est=11150.9
  [FastestO Curve] run=4 frac=0.6 budget_n=4341 est=12124.7
  [FastestO Curve] run=4 frac=0.7 budget_n=4871 est=11244.2
  [FastestO Curve] run=4 frac=0.8 budget_n=5394 est=11162.6
  [FastestO Curve] run=4 frac=0.9 budget_n=500 est=11107.2
  [FastestO Curve] run=5 frac=0.01 budget_n=153 est=10468.3
  [FastestO Curve] run=5 frac=0.05 budget_n=617 est=15649.5
  [FastestO Curve] run=5 frac=0.075 budget_n=908 est=12706.6
  [FastestO Curve] run=5 frac=0.1 budget_n=1182 est=12059.4
  [FastestO Curve] run=5 frac=0.15 budget_n=1646 est=10039.5
  [FastestO Curve] run=5 frac=0.2 budget_n=2008 est=13574.5
  [FastestO Curve] run=5 frac=0.3 budget_n=2747 est=10076.7
  [FastestO Curve] run=5 frac=0.4 budget_n=3282 est=12632.6
  [FastestO Curve] run=5 frac=0.5 budget_n=3819 est=9807.07
  [FastestO Curve] run=5 frac=0.6 budget_n=4341 est=11537.9
  [FastestO Curve] run=5 frac=0.7 budget_n=4871 est=11094.9
  [FastestO Curve] run=5 frac=0.8 budget_n=5394 est=11383.8
  [FastestO Curve] run=5 frac=0.9 budget_n=500 est=11429.2
  [Result] #CandTree           : 2.366e+05
  [Result] #TreeTrials         : 414
  [Result] #TreeSuccess        : 20
  [Result] #UniqueOracleNodes  : 500.0000
  [Result] Truth               : 236584.0000
  [Result] Est                 : 11429.1787
  [Result] logQError           : -1.3160
  [Result] TreeCountTime       : 27.6626
  [Result] QueryTime           : 1.5644
/home/wangshuo/projects/PROXY/datasets/parler-E/query_graph/query_cycle_4_31.graph Finished!

Start Processing (Multi-Predicate) /home/wangshuo/projects/PROXY/datasets/parler-E/query_graph/query_cycle_4_32.graph
[Info] Using explicit query nodes for predicates: 0 1 3 
[Info] FOIS_nrs base budget not found, will rely strictly on Curve CSV.
[Info] Using user-specified root label 1 -> query node 2
  [FastestO Curve] run=1 frac=0.01 budget_n=99 est=299.896
  [FastestO Curve] run=1 frac=0.05 budget_n=401 est=212.634
  [FastestO Curve] run=1 frac=0.075 budget_n=566 est=191.834
  [FastestO Curve] run=1 frac=0.1 budget_n=711 est=275.7
  [FastestO Curve] run=1 frac=0.15 budget_n=958 est=152.15
  [FastestO Curve] run=1 frac=0.2 budget_n=1176 est=133.326
  [FastestO Curve] run=1 frac=0.3 budget_n=1648 est=175.697
  [FastestO Curve] run=1 frac=0.4 budget_n=2046 est=167.994
  [FastestO Curve] run=1 frac=0.5 budget_n=2427 est=161.644
  [FastestO Curve] run=1 frac=0.6 budget_n=2747 est=163.376
  [FastestO Curve] run=1 frac=0.7 budget_n=3010 est=159.912
  [FastestO Curve] run=1 frac=0.8 budget_n=3220 est=158.757
  [FastestO Curve] run=1 frac=0.9 budget_n=500 est=310.059
  [FastestO Curve] run=2 frac=0.01 budget_n=99 est=140.805
  [FastestO Curve] run=2 frac=0.05 budget_n=401 est=170.072
  [FastestO Curve] run=2 frac=0.075 budget_n=566 est=195.488
  [FastestO Curve] run=2 frac=0.1 budget_n=711 est=135.935
  [FastestO Curve] run=2 frac=0.15 budget_n=958 est=133.083
  [FastestO Curve] run=2 frac=0.2 budget_n=1176 est=130.913
  [FastestO Curve] run=2 frac=0.3 budget_n=1648 est=157.13
  [FastestO Curve] run=2 frac=0.4 budget_n=2046 est=178.386
  [FastestO Curve] run=2 frac=0.5 budget_n=2427 est=168.572
  [FastestO Curve] run=2 frac=0.6 budget_n=2747 est=161.067
  [FastestO Curve] run=2 frac=0.7 budget_n=3010 est=152.407
  [FastestO Curve] run=2 frac=0.8 budget_n=3220 est=152.984
  [FastestO Curve] run=2 frac=0.9 budget_n=500 est=161.38
  [FastestO Curve] run=3 frac=0.01 budget_n=99 est=0
  [FastestO Curve] run=3 frac=0.05 budget_n=401 est=201.775
  [FastestO Curve] run=3 frac=0.075 budget_n=566 est=216.886
  [FastestO Curve] run=3 frac=0.1 budget_n=711 est=123.443
  [FastestO Curve] run=3 frac=0.15 budget_n=958 est=153.064
  [FastestO Curve] run=3 frac=0.2 budget_n=1176 est=149.463
  [FastestO Curve] run=3 frac=0.3 budget_n=1648 est=171.501
  [FastestO Curve] run=3 frac=0.4 budget_n=2046 est=164.531
  [FastestO Curve] run=3 frac=0.5 budget_n=2427 est=161.067
  [FastestO Curve] run=3 frac=0.6 budget_n=2747 est=149.521
  [FastestO Curve] run=3 frac=0.7 budget_n=3010 est=158.757
  [FastestO Curve] run=3 frac=0.8 budget_n=3220 est=164.531
  [FastestO Curve] run=3 frac=0.9 budget_n=500 est=142.348
  [FastestO Curve] run=4 frac=0.01 budget_n=99 est=360.812
  [FastestO Curve] run=4 frac=0.05 budget_n=401 est=169.172
  [FastestO Curve] run=4 frac=0.075 budget_n=566 est=189.862
  [FastestO Curve] run=4 frac=0.1 budget_n=711 est=159.255
  [FastestO Curve] run=4 frac=0.15 budget_n=958 est=140.857
  [FastestO Curve] run=4 frac=0.2 budget_n=1176 est=165.098
  [FastestO Curve] run=4 frac=0.3 budget_n=1648 est=177.5
  [FastestO Curve] run=4 frac=0.4 budget_n=2046 est=169.149
  [FastestO Curve] run=4 frac=0.5 budget_n=2427 est=145.48
  [FastestO Curve] run=4 frac=0.6 budget_n=2747 est=143.17
  [FastestO Curve] run=4 frac=0.7 budget_n=3010 est=147.789
  [FastestO Curve] run=4 frac=0.8 budget_n=3220 est=165.108
  [FastestO Curve] run=4 frac=0.9 budget_n=500 est=163.967
  [FastestO Curve] run=5 frac=0.01 budget_n=99 est=0
  [FastestO Curve] run=5 frac=0.05 budget_n=401 est=277.445
  [FastestO Curve] run=5 frac=0.075 budget_n=566 est=181.731
  [FastestO Curve] run=5 frac=0.1 budget_n=711 est=138.83
  [FastestO Curve] run=5 frac=0.15 budget_n=958 est=148.868
  [FastestO Curve] run=5 frac=0.2 budget_n=1176 est=213.46
  [FastestO Curve] run=5 frac=0.3 budget_n=1648 est=158.24
  [FastestO Curve] run=5 frac=0.4 budget_n=2046 est=152.984
  [FastestO Curve] run=5 frac=0.5 budget_n=2427 est=165.108
  [FastestO Curve] run=5 frac=0.6 budget_n=2747 est=163.376
  [FastestO Curve] run=5 frac=0.7 budget_n=3010 est=157.026
  [FastestO Curve] run=5 frac=0.8 budget_n=3220 est=159.912
  [FastestO Curve] run=5 frac=0.9 budget_n=500 est=163.457
  [Result] #CandTree           : 1.155e+04
  [Result] #TreeTrials         : 777
  [Result] #TreeSuccess        : 11
  [Result] #UniqueOracleNodes  : 500.0000
  [Result] Truth               : 11546.0000
  [Result] Est                 : 163.4569
  [Result] logQError           : -1.8490
  [Result] TreeCountTime       : 8.4462
  [Result] QueryTime           : 1.0460
/home/wangshuo/projects/PROXY/datasets/parler-E/query_graph/query_cycle_4_32.graph Finished!

Start Processing (Multi-Predicate) /home/wangshuo/projects/PROXY/datasets/parler-E/query_graph/query_cycle_4_33.graph
[Info] Using explicit query nodes for predicates: 2 3 
[Info] FOIS_nrs base budget not found, will rely strictly on Curve CSV.
[Warning] Requested root label 1 not found in query. Falling back to default root 2
  [FastestO Curve] run=1 frac=0.01 budget_n=203 est=13487
  [FastestO Curve] run=1 frac=0.05 budget_n=846 est=10532.8
  [FastestO Curve] run=1 frac=0.075 budget_n=1218 est=10560.1
  [FastestO Curve] run=1 frac=0.1 budget_n=1565 est=10617.9
  [FastestO Curve] run=1 frac=0.15 budget_n=2225 est=11288.8
  [FastestO Curve] run=1 frac=0.2 budget_n=2732 est=10212.8
  [FastestO Curve] run=1 frac=0.3 budget_n=3614 est=10599.8
  [FastestO Curve] run=1 frac=0.4 budget_n=4187 est=10146.5
  [FastestO Curve] run=1 frac=0.5 budget_n=4704 est=10692.8
  [FastestO Curve] run=1 frac=0.6 budget_n=5254 est=10472
  [FastestO Curve] run=1 frac=0.7 budget_n=5752 est=10425.5
  [FastestO Curve] run=1 frac=0.8 budget_n=6248 est=10483.6
  [FastestO Curve] run=1 frac=0.9 budget_n=500 est=10646.7
  [FastestO Curve] run=2 frac=0.01 budget_n=203 est=8609.33
  [FastestO Curve] run=2 frac=0.05 budget_n=846 est=10763.7
  [FastestO Curve] run=2 frac=0.075 budget_n=1218 est=10228.6
  [FastestO Curve] run=2 frac=0.1 budget_n=1565 est=11659.8
  [FastestO Curve] run=2 frac=0.15 budget_n=2225 est=11251.5
  [FastestO Curve] run=2 frac=0.2 budget_n=2732 est=12104.1
  [FastestO Curve] run=2 frac=0.3 budget_n=3614 est=10646.3
  [FastestO Curve] run=2 frac=0.4 budget_n=4187 est=10088.4
  [FastestO Curve] run=2 frac=0.5 budget_n=4704 est=11053.1
  [FastestO Curve] run=2 frac=0.6 budget_n=5254 est=11250.7
  [FastestO Curve] run=2 frac=0.7 budget_n=5752 est=10541.7
  [FastestO Curve] run=2 frac=0.8 budget_n=6248 est=10785.8
  [FastestO Curve] run=2 frac=0.9 budget_n=500 est=10321.2
  [FastestO Curve] run=3 frac=0.01 budget_n=203 est=6057.38
  [FastestO Curve] run=3 frac=0.05 budget_n=846 est=9148.18
  [FastestO Curve] run=3 frac=0.075 budget_n=1218 est=10464.9
  [FastestO Curve] run=3 frac=0.1 budget_n=1565 est=11035
  [FastestO Curve] run=3 frac=0.15 budget_n=2225 est=10880.3
  [FastestO Curve] run=3 frac=0.2 budget_n=2732 est=10155.9
  [FastestO Curve] run=3 frac=0.3 budget_n=3614 est=11076.3
  [FastestO Curve] run=3 frac=0.4 budget_n=4187 est=11053.1
  [FastestO Curve] run=3 frac=0.5 budget_n=4704 est=10948.5
  [FastestO Curve] run=3 frac=0.6 budget_n=5254 est=10878.8
  [FastestO Curve] run=3 frac=0.7 budget_n=5752 est=10123.3
  [FastestO Curve] run=3 frac=0.8 budget_n=6248 est=10599.8
  [FastestO Curve] run=3 frac=0.9 budget_n=500 est=12003.5
  [FastestO Curve] run=4 frac=0.01 budget_n=203 est=12830.1
  [FastestO Curve] run=4 frac=0.05 budget_n=846 est=9610.13
  [FastestO Curve] run=4 frac=0.075 budget_n=1218 est=11143.2
  [FastestO Curve] run=4 frac=0.1 budget_n=1565 est=10622.6
  [FastestO Curve] run=4 frac=0.15 budget_n=2225 est=11093.8
  [FastestO Curve] run=4 frac=0.2 budget_n=2732 est=10925.2
  [FastestO Curve] run=4 frac=0.3 budget_n=3614 est=10599.8
  [FastestO Curve] run=4 frac=0.4 budget_n=4187 est=10855.5
  [FastestO Curve] run=4 frac=0.5 budget_n=4704 est=10541.7
  [FastestO Curve] run=4 frac=0.6 budget_n=5254 est=10564.9
  [FastestO Curve] run=4 frac=0.7 budget_n=5752 est=11018.2
  [FastestO Curve] run=4 frac=0.8 budget_n=6248 est=11006.6
  [FastestO Curve] run=4 frac=0.9 budget_n=500 est=8404.54
  [FastestO Curve] run=5 frac=0.01 budget_n=203 est=11791
  [FastestO Curve] run=5 frac=0.05 budget_n=846 est=10187.1
  [FastestO Curve] run=5 frac=0.075 budget_n=1218 est=9567.28
  [FastestO Curve] run=5 frac=0.1 budget_n=1565 est=11702.2
  [FastestO Curve] run=5 frac=0.15 budget_n=2225 est=10817.1
  [FastestO Curve] run=5 frac=0.2 budget_n=2732 est=10758.4
  [FastestO Curve] run=5 frac=0.3 budget_n=3614 est=10262.8
  [FastestO Curve] run=5 frac=0.4 budget_n=4187 est=10878.8
  [FastestO Curve] run=5 frac=0.5 budget_n=4704 est=11006.6
  [FastestO Curve] run=5 frac=0.6 budget_n=5254 est=10599.8
  [FastestO Curve] run=5 frac=0.7 budget_n=5752 est=10437.1
  [FastestO Curve] run=5 frac=0.8 budget_n=6248 est=10983.4
  [FastestO Curve] run=5 frac=0.9 budget_n=500 est=6747.86
  [Result] #CandTree           : 2.325e+05
  [Result] #TreeTrials         : 999
  [Result] #TreeSuccess        : 29
  [Result] #UniqueOracleNodes  : 500.0000
  [Result] Truth               : 232452.0000
  [Result] Est                 : 6747.8559
  [Result] logQError           : -1.5372
  [Result] TreeCountTime       : 19.3859
  [Result] QueryTime           : 2.7490
/home/wangshuo/projects/PROXY/datasets/parler-E/query_graph/query_cycle_4_33.graph Finished!

Start Processing (Multi-Predicate) /home/wangshuo/projects/PROXY/datasets/parler-E/query_graph/query_cycle_4_34.graph
[Info] Using explicit query nodes for predicates: 0 2 3 
[Info] FOIS_nrs base budget not found, will rely strictly on Curve CSV.
[Info] Using user-specified root label 1 -> query node 1
  [FastestO Curve] run=1 frac=0.01 budget_n=606 est=1558.1
  [FastestO Curve] run=1 frac=0.05 budget_n=1989 est=956.541
  [FastestO Curve] run=1 frac=0.075 budget_n=2504 est=1330.62
  [FastestO Curve] run=1 frac=0.1 budget_n=2949 est=1339.03
  [FastestO Curve] run=1 frac=0.15 budget_n=3566 est=1279.8
  [FastestO Curve] run=1 frac=0.2 budget_n=3982 est=1905.57
  [FastestO Curve] run=1 frac=0.3 budget_n=5156 est=1838.43
  [FastestO Curve] run=1 frac=0.4 budget_n=5927 est=1684.32
  [FastestO Curve] run=1 frac=0.5 budget_n=6526 est=1733.61
  [FastestO Curve] run=1 frac=0.6 budget_n=7132 est=1818.22
  [FastestO Curve] run=1 frac=0.7 budget_n=7676 est=1945.49
  [FastestO Curve] run=1 frac=0.8 budget_n=8110 est=1685.82
  [FastestO Curve] run=1 frac=0.9 budget_n=500 est=1474.87
  [FastestO Curve] run=2 frac=0.01 budget_n=606 est=2380.14
  [FastestO Curve] run=2 frac=0.05 budget_n=1989 est=2482.88
  [FastestO Curve] run=2 frac=0.075 budget_n=2504 est=1395.17
  [FastestO Curve] run=2 frac=0.1 budget_n=2949 est=1451.49
  [FastestO Curve] run=2 frac=0.15 budget_n=3566 est=1364.45
  [FastestO Curve] run=2 frac=0.2 budget_n=3982 est=1043.64
  [FastestO Curve] run=2 frac=0.3 budget_n=5156 est=1872.85
  [FastestO Curve] run=2 frac=0.4 budget_n=5927 est=1480.82
  [FastestO Curve] run=2 frac=0.5 budget_n=6526 est=1456.77
  [FastestO Curve] run=2 frac=0.6 budget_n=7132 est=1583.91
  [FastestO Curve] run=2 frac=0.7 budget_n=7676 est=1817.58
  [FastestO Curve] run=2 frac=0.8 budget_n=8110 est=1585.46
  [FastestO Curve] run=2 frac=0.9 budget_n=500 est=475.372
  [FastestO Curve] run=3 frac=0.01 budget_n=606 est=2025.35
  [FastestO Curve] run=3 frac=0.05 budget_n=1989 est=2326.65
  [FastestO Curve] run=3 frac=0.075 budget_n=2504 est=2128.56
  [FastestO Curve] run=3 frac=0.1 budget_n=2949 est=1209.94
  [FastestO Curve] run=3 frac=0.15 budget_n=3566 est=1857.75
  [FastestO Curve] run=3 frac=0.2 budget_n=3982 est=1724.52
  [FastestO Curve] run=3 frac=0.3 budget_n=5156 est=1936.09
  [FastestO Curve] run=3 frac=0.4 budget_n=5927 est=1948.08
  [FastestO Curve] run=3 frac=0.5 budget_n=6526 est=1437.51
  [FastestO Curve] run=3 frac=0.6 budget_n=7132 est=1492.92
  [FastestO Curve] run=3 frac=0.7 budget_n=7676 est=1564.21
  [FastestO Curve] run=3 frac=0.8 budget_n=8110 est=1654.67
  [FastestO Curve] run=3 frac=0.9 budget_n=500 est=2924.75
  [FastestO Curve] run=4 frac=0.01 budget_n=606 est=1179.23
  [FastestO Curve] run=4 frac=0.05 budget_n=1989 est=1546.76
  [FastestO Curve] run=4 frac=0.075 budget_n=2504 est=2300.8
  [FastestO Curve] run=4 frac=0.1 budget_n=2949 est=1819.51
  [FastestO Curve] run=4 frac=0.15 budget_n=3566 est=1635.64
  [FastestO Curve] run=4 frac=0.2 budget_n=3982 est=1339.98
  [FastestO Curve] run=4 frac=0.3 budget_n=5156 est=1812.21
  [FastestO Curve] run=4 frac=0.4 budget_n=5927 est=1394.1
  [FastestO Curve] run=4 frac=0.5 budget_n=6526 est=1664.42
  [FastestO Curve] run=4 frac=0.6 budget_n=7132 est=1435.82
  [FastestO Curve] run=4 frac=0.7 budget_n=7676 est=1887.46
  [FastestO Curve] run=4 frac=0.8 budget_n=8110 est=1669.6
  [FastestO Curve] run=4 frac=0.9 budget_n=500 est=991.724
  [FastestO Curve] run=5 frac=0.01 budget_n=606 est=1268.82
  [FastestO Curve] run=5 frac=0.05 budget_n=1989 est=698.22
  [FastestO Curve] run=5 frac=0.075 budget_n=2504 est=1926.39
  [FastestO Curve] run=5 frac=0.1 budget_n=2949 est=2513.01
  [FastestO Curve] run=5 frac=0.15 budget_n=3566 est=2355.92
  [FastestO Curve] run=5 frac=0.2 budget_n=3982 est=1819.94
  [FastestO Curve] run=5 frac=0.3 budget_n=5156 est=1621.15
  [FastestO Curve] run=5 frac=0.4 budget_n=5927 est=1682.29
  [FastestO Curve] run=5 frac=0.5 budget_n=6526 est=1657.89
  [FastestO Curve] run=5 frac=0.6 budget_n=7132 est=1760.82
  [FastestO Curve] run=5 frac=0.7 budget_n=7676 est=1830.24
  [FastestO Curve] run=5 frac=0.8 budget_n=8110 est=1715.86
  [FastestO Curve] run=5 frac=0.9 budget_n=500 est=4314
  [Result] #CandTree           : 1.726e+05
  [Result] #TreeTrials         : 320
  [Result] #TreeSuccess        : 8
  [Result] #UniqueOracleNodes  : 500.0000
  [Result] Truth               : 158464.0000
  [Result] Est                 : 4314.0000
  [Result] logQError           : -1.5651
  [Result] TreeCountTime       : 19.6707
  [Result] QueryTime           : 0.7152
/home/wangshuo/projects/PROXY/datasets/parler-E/query_graph/query_cycle_4_34.graph Finished!

Start Processing (Multi-Predicate) /home/wangshuo/projects/PROXY/datasets/parler-E/query_graph/query_cycle_4_35.graph
[Info] Using explicit query nodes for predicates: 1 2 
[Info] FOIS_nrs base budget not found, will rely strictly on Curve CSV.
[Warning] Requested root label 1 not found in query. Falling back to default root 2
  [FastestO Curve] run=1 frac=0.01 budget_n=155 est=12062.3
  [FastestO Curve] run=1 frac=0.05 budget_n=669 est=7421.29
  [FastestO Curve] run=1 frac=0.075 budget_n=945 est=10648.8
  [FastestO Curve] run=1 frac=0.1 budget_n=1192 est=8346
  [FastestO Curve] run=1 frac=0.15 budget_n=1686 est=8834.54
  [FastestO Curve] run=1 frac=0.2 budget_n=2082 est=10444.8
  [FastestO Curve] run=1 frac=0.3 budget_n=2799 est=8677.28
  [FastestO Curve] run=1 frac=0.4 budget_n=3389 est=8489.31
  [FastestO Curve] run=1 frac=0.5 budget_n=3922 est=8605.42
  [FastestO Curve] run=1 frac=0.6 budget_n=4482 est=8206.25
  [FastestO Curve] run=1 frac=0.7 budget_n=4978 est=8700.82
  [FastestO Curve] run=1 frac=0.8 budget_n=5512 est=8218.6
  [FastestO Curve] run=1 frac=0.9 budget_n=500 est=7220.69
  [FastestO Curve] run=2 frac=0.01 budget_n=155 est=14456.5
  [FastestO Curve] run=2 frac=0.05 budget_n=669 est=6670.05
  [FastestO Curve] run=2 frac=0.075 budget_n=945 est=6673.41
  [FastestO Curve] run=2 frac=0.1 budget_n=1192 est=7396.36
  [FastestO Curve] run=2 frac=0.15 budget_n=1686 est=9198.46
  [FastestO Curve] run=2 frac=0.2 budget_n=2082 est=9595.86
  [FastestO Curve] run=2 frac=0.3 budget_n=2799 est=9526.18
  [FastestO Curve] run=2 frac=0.4 budget_n=3389 est=8017.25
  [FastestO Curve] run=2 frac=0.5 budget_n=3922 est=8307.35
  [FastestO Curve] run=2 frac=0.6 budget_n=4482 est=8069.93
  [FastestO Curve] run=2 frac=0.7 budget_n=4978 est=8784.15
  [FastestO Curve] run=2 frac=0.8 budget_n=5512 est=9033.51
  [FastestO Curve] run=2 frac=0.9 budget_n=500 est=7256.17
  [FastestO Curve] run=3 frac=0.01 budget_n=155 est=5978.26
  [FastestO Curve] run=3 frac=0.05 budget_n=669 est=10210.1
  [FastestO Curve] run=3 frac=0.075 budget_n=945 est=9239.13
  [FastestO Curve] run=3 frac=0.1 budget_n=1192 est=8818.21
  [FastestO Curve] run=3 frac=0.15 budget_n=1686 est=8933.04
  [FastestO Curve] run=3 frac=0.2 budget_n=2082 est=9483.54
  [FastestO Curve] run=3 frac=0.3 budget_n=2799 est=7391.94
  [FastestO Curve] run=3 frac=0.4 budget_n=3389 est=9834.37
  [FastestO Curve] run=3 frac=0.5 budget_n=3922 est=9631.51
  [FastestO Curve] run=3 frac=0.6 budget_n=4482 est=8224.68
  [FastestO Curve] run=3 frac=0.7 budget_n=4978 est=9058.02
  [FastestO Curve] run=3 frac=0.8 budget_n=5512 est=8595.63
  [FastestO Curve] run=3 frac=0.9 budget_n=500 est=8930.67
  [FastestO Curve] run=4 frac=0.01 budget_n=155 est=11264.8
  [FastestO Curve] run=4 frac=0.05 budget_n=669 est=8127.87
  [FastestO Curve] run=4 frac=0.075 budget_n=945 est=9865.54
  [FastestO Curve] run=4 frac=0.1 budget_n=1192 est=7963.66
  [FastestO Curve] run=4 frac=0.15 budget_n=1686 est=9506.97
  [FastestO Curve] run=4 frac=0.2 budget_n=2082 est=8417.85
  [FastestO Curve] run=4 frac=0.3 budget_n=2799 est=9221.91
  [FastestO Curve] run=4 frac=0.4 budget_n=3389 est=9023.79
  [FastestO Curve] run=4 frac=0.5 budget_n=3922 est=8374.65
  [FastestO Curve] run=4 frac=0.6 budget_n=4482 est=7718.97
  [FastestO Curve] run=4 frac=0.7 budget_n=4978 est=8662.47
  [FastestO Curve] run=4 frac=0.8 budget_n=5512 est=9369.12
  [FastestO Curve] run=4 frac=0.9 budget_n=500 est=4986.75
  [FastestO Curve] run=5 frac=0.01 budget_n=155 est=3724.16
  [FastestO Curve] run=5 frac=0.05 budget_n=669 est=9247.79
  [FastestO Curve] run=5 frac=0.075 budget_n=945 est=7989.71
  [FastestO Curve] run=5 frac=0.1 budget_n=1192 est=7410.15
  [FastestO Curve] run=5 frac=0.15 budget_n=1686 est=9442.44
  [FastestO Curve] run=5 frac=0.2 budget_n=2082 est=8629.59
  [FastestO Curve] run=5 frac=0.3 budget_n=2799 est=7221.04
  [FastestO Curve] run=5 frac=0.4 budget_n=3389 est=8897.01
  [FastestO Curve] run=5 frac=0.5 budget_n=3922 est=8305.68
  [FastestO Curve] run=5 frac=0.6 budget_n=4482 est=7785.37
  [FastestO Curve] run=5 frac=0.7 budget_n=4978 est=8190.1
  [FastestO Curve] run=5 frac=0.8 budget_n=5512 est=8565.15
  [FastestO Curve] run=5 frac=0.9 budget_n=500 est=9419.41
  [Result] #CandTree           : 2.272e+05
  [Result] #TreeTrials         : 410
  [Result] #TreeSuccess        : 17
  [Result] #UniqueOracleNodes  : 500.0000
  [Result] Truth               : 227174.0000
  [Result] Est                 : 9419.4098
  [Result] logQError           : -1.3823
  [Result] TreeCountTime       : 22.8078
  [Result] QueryTime           : 1.3888
/home/wangshuo/projects/PROXY/datasets/parler-E/query_graph/query_cycle_4_35.graph Finished!

Start Processing (Multi-Predicate) /home/wangshuo/projects/PROXY/datasets/parler-E/query_graph/query_cycle_4_36.graph
[Info] Using explicit query nodes for predicates: 0 2 
[Info] FOIS_nrs base budget not found, will rely strictly on Curve CSV.
[Warning] Requested root label 1 not found in query. Falling back to default root 2
  [FastestO Curve] run=1 frac=0.01 budget_n=161 est=5856.21
  [FastestO Curve] run=1 frac=0.05 budget_n=645 est=12188.5
  [FastestO Curve] run=1 frac=0.075 budget_n=885 est=7881.26
  [FastestO Curve] run=1 frac=0.1 budget_n=1156 est=11347.6
  [FastestO Curve] run=1 frac=0.15 budget_n=1649 est=13522.5
  [FastestO Curve] run=1 frac=0.2 budget_n=2018 est=12337.6
  [FastestO Curve] run=1 frac=0.3 budget_n=2682 est=11883.3
  [FastestO Curve] run=1 frac=0.4 budget_n=3176 est=11259.6
  [FastestO Curve] run=1 frac=0.5 budget_n=3656 est=9984.36
  [FastestO Curve] run=1 frac=0.6 budget_n=4192 est=11994.2
  [FastestO Curve] run=1 frac=0.7 budget_n=4634 est=11245.7
  [FastestO Curve] run=1 frac=0.8 budget_n=5134 est=11354.8
  [FastestO Curve] run=1 frac=0.9 budget_n=500 est=15799.4
  [FastestO Curve] run=2 frac=0.01 budget_n=161 est=9837.2
  [FastestO Curve] run=2 frac=0.05 budget_n=645 est=11300.4
  [FastestO Curve] run=2 frac=0.075 budget_n=885 est=10665
  [FastestO Curve] run=2 frac=0.1 budget_n=1156 est=10511.4
  [FastestO Curve] run=2 frac=0.15 budget_n=1649 est=8724.54
  [FastestO Curve] run=2 frac=0.2 budget_n=2018 est=10714.8
  [FastestO Curve] run=2 frac=0.3 budget_n=2682 est=13002.9
  [FastestO Curve] run=2 frac=0.4 budget_n=3176 est=11948.5
  [FastestO Curve] run=2 frac=0.5 budget_n=3656 est=11162.4
  [FastestO Curve] run=2 frac=0.6 budget_n=4192 est=11827.4
  [FastestO Curve] run=2 frac=0.7 budget_n=4634 est=11125.6
  [FastestO Curve] run=2 frac=0.8 budget_n=5134 est=11719.4
  [FastestO Curve] run=2 frac=0.9 budget_n=500 est=10597
  [FastestO Curve] run=3 frac=0.01 budget_n=161 est=11532.2
  [FastestO Curve] run=3 frac=0.05 budget_n=645 est=9428.87
  [FastestO Curve] run=3 frac=0.075 budget_n=885 est=10281.2
  [FastestO Curve] run=3 frac=0.1 budget_n=1156 est=13481.9
  [FastestO Curve] run=3 frac=0.15 budget_n=1649 est=10585
  [FastestO Curve] run=3 frac=0.2 budget_n=2018 est=11494.7
  [FastestO Curve] run=3 frac=0.3 budget_n=2682 est=10597.5
  [FastestO Curve] run=3 frac=0.4 budget_n=3176 est=12527.2
  [FastestO Curve] run=3 frac=0.5 budget_n=3656 est=11173
  [FastestO Curve] run=3 frac=0.6 budget_n=4192 est=11754.9
  [FastestO Curve] run=3 frac=0.7 budget_n=4634 est=11722.4
  [FastestO Curve] run=3 frac=0.8 budget_n=5134 est=12266.3
  [FastestO Curve] run=3 frac=0.9 budget_n=500 est=8576.6
  [FastestO Curve] run=4 frac=0.01 budget_n=161 est=10075.2
  [FastestO Curve] run=4 frac=0.05 budget_n=645 est=12083.3
  [FastestO Curve] run=4 frac=0.075 budget_n=885 est=16248.9
  [FastestO Curve] run=4 frac=0.1 budget_n=1156 est=10844.8
  [FastestO Curve] run=4 frac=0.15 budget_n=1649 est=11827.9
  [FastestO Curve] run=4 frac=0.2 budget_n=2018 est=12742.6
  [FastestO Curve] run=4 frac=0.3 budget_n=2682 est=12871.6
  [FastestO Curve] run=4 frac=0.4 budget_n=3176 est=11898.3
  [FastestO Curve] run=4 frac=0.5 budget_n=3656 est=12457.5
  [FastestO Curve] run=4 frac=0.6 budget_n=4192 est=11114.3
  [FastestO Curve] run=4 frac=0.7 budget_n=4634 est=12387.9
  [FastestO Curve] run=4 frac=0.8 budget_n=5134 est=10432.3
  [FastestO Curve] run=4 frac=0.9 budget_n=500 est=14210.3
  [FastestO Curve] run=5 frac=0.01 budget_n=161 est=15991.4
  [FastestO Curve] run=5 frac=0.05 budget_n=645 est=13785.7
  [FastestO Curve] run=5 frac=0.075 budget_n=885 est=11797.5
  [FastestO Curve] run=5 frac=0.1 budget_n=1156 est=11678
  [FastestO Curve] run=5 frac=0.15 budget_n=1649 est=11461.7
  [FastestO Curve] run=5 frac=0.2 budget_n=2018 est=11798.2
  [FastestO Curve] run=5 frac=0.3 budget_n=2682 est=11067
  [FastestO Curve] run=5 frac=0.4 budget_n=3176 est=12518.5
  [FastestO Curve] run=5 frac=0.5 budget_n=3656 est=11999.2
  [FastestO Curve] run=5 frac=0.6 budget_n=4192 est=11313.4
  [FastestO Curve] run=5 frac=0.7 budget_n=4634 est=11533.8
  [FastestO Curve] run=5 frac=0.8 budget_n=5134 est=12431.7
  [FastestO Curve] run=5 frac=0.9 budget_n=500 est=14533.5
  [Result] #CandTree           : 2.499e+05
  [Result] #TreeTrials         : 447
  [Result] #TreeSuccess        : 26
  [Result] #UniqueOracleNodes  : 500.0000
  [Result] Truth               : 236094.0000
  [Result] Est                 : 14533.5347
  [Result] logQError           : -1.2107
  [Result] TreeCountTime       : 26.1006
  [Result] QueryTime           : 1.2472
/home/wangshuo/projects/PROXY/datasets/parler-E/query_graph/query_cycle_4_36.graph Finished!

Start Processing (Multi-Predicate) /home/wangshuo/projects/PROXY/datasets/parler-E/query_graph/query_cycle_4_37.graph
[Info] Using explicit query nodes for predicates: 0 2 
[Info] FOIS_nrs base budget not found, will rely strictly on Curve CSV.
[Info] Using user-specified root label 1 -> query node 3
  [FastestO Curve] run=1 frac=0.01 budget_n=154 est=10349.6
  [FastestO Curve] run=1 frac=0.05 budget_n=622 est=13195.8
  [FastestO Curve] run=1 frac=0.075 budget_n=874 est=10614.6
  [FastestO Curve] run=1 frac=0.1 budget_n=1131 est=12552.9
  [FastestO Curve] run=1 frac=0.15 budget_n=1638 est=13084.4
  [FastestO Curve] run=1 frac=0.2 budget_n=2049 est=12742.8
  [FastestO Curve] run=1 frac=0.3 budget_n=2729 est=10556.6
  [FastestO Curve] run=1 frac=0.4 budget_n=3261 est=12105
  [FastestO Curve] run=1 frac=0.5 budget_n=3795 est=11312.7
  [FastestO Curve] run=1 frac=0.6 budget_n=4296 est=11987.1
  [FastestO Curve] run=1 frac=0.7 budget_n=4823 est=10892.9
  [FastestO Curve] run=1 frac=0.8 budget_n=5374 est=12421.9
  [FastestO Curve] run=1 frac=0.9 budget_n=500 est=13818
  [FastestO Curve] run=2 frac=0.01 budget_n=154 est=18171.2
  [FastestO Curve] run=2 frac=0.05 budget_n=622 est=15246.2
  [FastestO Curve] run=2 frac=0.075 budget_n=874 est=9135.08
  [FastestO Curve] run=2 frac=0.1 budget_n=1131 est=13805.6
  [FastestO Curve] run=2 frac=0.15 budget_n=1638 est=10823.9
  [FastestO Curve] run=2 frac=0.2 budget_n=2049 est=13422.8
  [FastestO Curve] run=2 frac=0.3 budget_n=2729 est=10567.7
  [FastestO Curve] run=2 frac=0.4 budget_n=3261 est=13556.7
  [FastestO Curve] run=2 frac=0.5 budget_n=3795 est=12064.7
  [FastestO Curve] run=2 frac=0.6 budget_n=4296 est=11398.9
  [FastestO Curve] run=2 frac=0.7 budget_n=4823 est=12887.9
  [FastestO Curve] run=2 frac=0.8 budget_n=5374 est=10381.3
  [FastestO Curve] run=2 frac=0.9 budget_n=500 est=12316.1
  [FastestO Curve] run=3 frac=0.01 budget_n=154 est=22392.8
  [FastestO Curve] run=3 frac=0.05 budget_n=622 est=13630.4
  [FastestO Curve] run=3 frac=0.075 budget_n=874 est=10224.6
  [FastestO Curve] run=3 frac=0.1 budget_n=1131 est=12072.3
  [FastestO Curve] run=3 frac=0.15 budget_n=1638 est=13157.5
  [FastestO Curve] run=3 frac=0.2 budget_n=2049 est=11933.3
  [FastestO Curve] run=3 frac=0.3 budget_n=2729 est=12579.4
  [FastestO Curve] run=3 frac=0.4 budget_n=3261 est=12399.7
  [FastestO Curve] run=3 frac=0.5 budget_n=3795 est=11198.7
  [FastestO Curve] run=3 frac=0.6 budget_n=4296 est=11153.4
  [FastestO Curve] run=3 frac=0.7 budget_n=4823 est=10792.7
  [FastestO Curve] run=3 frac=0.8 budget_n=5374 est=11190
  [FastestO Curve] run=3 frac=0.9 budget_n=500 est=15093.2
  [FastestO Curve] run=4 frac=0.01 budget_n=154 est=12740.7
  [FastestO Curve] run=4 frac=0.05 budget_n=622 est=10421.3
  [FastestO Curve] run=4 frac=0.075 budget_n=874 est=10848.3
  [FastestO Curve] run=4 frac=0.1 budget_n=1131 est=12208.3
  [FastestO Curve] run=4 frac=0.15 budget_n=1638 est=12223.2
  [FastestO Curve] run=4 frac=0.2 budget_n=2049 est=11196.4
  [FastestO Curve] run=4 frac=0.3 budget_n=2729 est=10260
  [FastestO Curve] run=4 frac=0.4 budget_n=3261 est=12462.5
  [FastestO Curve] run=4 frac=0.5 budget_n=3795 est=12170.7
  [FastestO Curve] run=4 frac=0.6 budget_n=4296 est=11818.8
  [FastestO Curve] run=4 frac=0.7 budget_n=4823 est=10639.7
  [FastestO Curve] run=4 frac=0.8 budget_n=5374 est=12742.7
  [FastestO Curve] run=4 frac=0.9 budget_n=500 est=13217.2
  [FastestO Curve] run=5 frac=0.01 budget_n=154 est=13314.6
  [FastestO Curve] run=5 frac=0.05 budget_n=622 est=10874.1
  [FastestO Curve] run=5 frac=0.075 budget_n=874 est=10060.5
  [FastestO Curve] run=5 frac=0.1 budget_n=1131 est=15290.5
  [FastestO Curve] run=5 frac=0.15 budget_n=1638 est=11020.4
  [FastestO Curve] run=5 frac=0.2 budget_n=2049 est=10481.7
  [FastestO Curve] run=5 frac=0.3 budget_n=2729 est=12695.3
  [FastestO Curve] run=5 frac=0.4 budget_n=3261 est=11088.8
  [FastestO Curve] run=5 frac=0.5 budget_n=3795 est=10417.5
  [FastestO Curve] run=5 frac=0.6 budget_n=4296 est=11275.7
  [FastestO Curve] run=5 frac=0.7 budget_n=4823 est=11802
  [FastestO Curve] run=5 frac=0.8 budget_n=5374 est=11180.7
  [FastestO Curve] run=5 frac=0.9 budget_n=500 est=13784.4
  [Result] #CandTree           : 2.463e+05
  [Result] #TreeTrials         : 411
  [Result] #TreeSuccess        : 23
  [Result] #UniqueOracleNodes  : 500.0000
  [Result] Truth               : 246321.0000
  [Result] Est                 : 13784.3869
  [Result] logQError           : -1.2521
  [Result] TreeCountTime       : 29.2250
  [Result] QueryTime           : 1.6022
/home/wangshuo/projects/PROXY/datasets/parler-E/query_graph/query_cycle_4_37.graph Finished!

Start Processing (Multi-Predicate) /home/wangshuo/projects/PROXY/datasets/parler-E/query_graph/query_cycle_4_38.graph
[Info] Using explicit query nodes for predicates: 2 3 
[Info] FOIS_nrs base budget not found, will rely strictly on Curve CSV.
[Warning] Requested root label 1 not found in query. Falling back to default root 2
  [FastestO Curve] run=1 frac=0.01 budget_n=218 est=13207.9
  [FastestO Curve] run=1 frac=0.05 budget_n=873 est=11531.2
  [FastestO Curve] run=1 frac=0.075 budget_n=1209 est=9986.59
  [FastestO Curve] run=1 frac=0.1 budget_n=1587 est=9633.37
  [FastestO Curve] run=1 frac=0.15 budget_n=2222 est=10119.7
  [FastestO Curve] run=1 frac=0.2 budget_n=2702 est=10297.2
  [FastestO Curve] run=1 frac=0.3 budget_n=3536 est=10129.2
  [FastestO Curve] run=1 frac=0.4 budget_n=4164 est=10103.3
  [FastestO Curve] run=1 frac=0.5 budget_n=4684 est=9746.13
  [FastestO Curve] run=1 frac=0.6 budget_n=5276 est=9757.65
  [FastestO Curve] run=1 frac=0.7 budget_n=5766 est=9239.24
  [FastestO Curve] run=1 frac=0.8 budget_n=6294 est=10702.3
  [FastestO Curve] run=1 frac=0.9 budget_n=500 est=10887
  [FastestO Curve] run=2 frac=0.01 budget_n=218 est=13642.4
  [FastestO Curve] run=2 frac=0.05 budget_n=873 est=9700.17
  [FastestO Curve] run=2 frac=0.075 budget_n=1209 est=10508.1
  [FastestO Curve] run=2 frac=0.1 budget_n=1587 est=10380.6
  [FastestO Curve] run=2 frac=0.15 budget_n=2222 est=10044.1
  [FastestO Curve] run=2 frac=0.2 budget_n=2702 est=10102.1
  [FastestO Curve] run=2 frac=0.3 budget_n=3536 est=10284.3
  [FastestO Curve] run=2 frac=0.4 budget_n=4164 est=9976.54
  [FastestO Curve] run=2 frac=0.5 budget_n=4684 est=9941.98
  [FastestO Curve] run=2 frac=0.6 budget_n=5276 est=10137.8
  [FastestO Curve] run=2 frac=0.7 budget_n=5766 est=9907.41
  [FastestO Curve] run=2 frac=0.8 budget_n=6294 est=9999.58
  [FastestO Curve] run=2 frac=0.9 budget_n=500 est=11862.4
  [FastestO Curve] run=3 frac=0.01 budget_n=218 est=8947.77
  [FastestO Curve] run=3 frac=0.05 budget_n=873 est=8838.81
  [FastestO Curve] run=3 frac=0.075 budget_n=1209 est=8720.51
  [FastestO Curve] run=3 frac=0.1 budget_n=1587 est=9209.28
  [FastestO Curve] run=3 frac=0.15 budget_n=2222 est=10048.2
  [FastestO Curve] run=3 frac=0.2 budget_n=2702 est=10124.1
  [FastestO Curve] run=3 frac=0.3 budget_n=3536 est=10127.2
  [FastestO Curve] run=3 frac=0.4 budget_n=4164 est=10045.7
  [FastestO Curve] run=3 frac=0.5 budget_n=4684 est=10206.9
  [FastestO Curve] run=3 frac=0.6 budget_n=5276 est=9826.77
  [FastestO Curve] run=3 frac=0.7 budget_n=5766 est=10068.7
  [FastestO Curve] run=3 frac=0.8 budget_n=6294 est=10587.1
  [FastestO Curve] run=3 frac=0.9 budget_n=500 est=9006.74
  [FastestO Curve] run=4 frac=0.01 budget_n=218 est=10164.9
  [FastestO Curve] run=4 frac=0.05 budget_n=873 est=9583.74
  [FastestO Curve] run=4 frac=0.075 budget_n=1209 est=9638.46
  [FastestO Curve] run=4 frac=0.1 budget_n=1587 est=10381.6
  [FastestO Curve] run=4 frac=0.15 budget_n=2222 est=9723.83
  [FastestO Curve] run=4 frac=0.2 budget_n=2702 est=9724.16
  [FastestO Curve] run=4 frac=0.3 budget_n=3536 est=9514.83
  [FastestO Curve] run=4 frac=0.4 budget_n=4164 est=10322.1
  [FastestO Curve] run=4 frac=0.5 budget_n=4684 est=10253
  [FastestO Curve] run=4 frac=0.6 budget_n=5276 est=9999.58
  [FastestO Curve] run=4 frac=0.7 budget_n=5766 est=10045.7
  [FastestO Curve] run=4 frac=0.8 budget_n=6294 est=10679.3
  [FastestO Curve] run=4 frac=0.9 budget_n=500 est=12850.4
  [FastestO Curve] run=5 frac=0.01 budget_n=218 est=8861.73
  [FastestO Curve] run=5 frac=0.05 budget_n=873 est=10758.2
  [FastestO Curve] run=5 frac=0.075 budget_n=1209 est=10515.9
  [FastestO Curve] run=5 frac=0.1 budget_n=1587 est=10036.5
  [FastestO Curve] run=5 frac=0.15 budget_n=2222 est=10094.3
  [FastestO Curve] run=5 frac=0.2 budget_n=2702 est=9429.16
  [FastestO Curve] run=5 frac=0.3 budget_n=3536 est=10318.2
  [FastestO Curve] run=5 frac=0.4 budget_n=4164 est=10011.1
  [FastestO Curve] run=5 frac=0.5 budget_n=4684 est=10149.3
  [FastestO Curve] run=5 frac=0.6 budget_n=5276 est=11278.3
  [FastestO Curve] run=5 frac=0.7 budget_n=5766 est=10206.9
  [FastestO Curve] run=5 frac=0.8 budget_n=6294 est=10011.1
  [FastestO Curve] run=5 frac=0.9 budget_n=500 est=9234.67
  [Result] #CandTree           : 2.304e+05
  [Result] #TreeTrials         : 998
  [Result] #TreeSuccess        : 40
  [Result] #UniqueOracleNodes  : 500.0000
  [Result] Truth               : 230405.0000
  [Result] Est                 : 9234.6693
  [Result] logQError           : -1.3971
  [Result] TreeCountTime       : 25.6785
  [Result] QueryTime           : 1.7395
/home/wangshuo/projects/PROXY/datasets/parler-E/query_graph/query_cycle_4_38.graph Finished!

Start Processing (Multi-Predicate) /home/wangshuo/projects/PROXY/datasets/parler-E/query_graph/query_cycle_4_39.graph
[Info] Using explicit query nodes for predicates: 1 2 
[Info] FOIS_nrs base budget not found, will rely strictly on Curve CSV.
[Warning] Requested root label 1 not found in query. Falling back to default root 1
  [FastestO Curve] run=1 frac=0.01 budget_n=167 est=12513.8
  [FastestO Curve] run=1 frac=0.05 budget_n=657 est=8680.87
  [FastestO Curve] run=1 frac=0.075 budget_n=909 est=9148.59
  [FastestO Curve] run=1 frac=0.1 budget_n=1182 est=8554.4
  [FastestO Curve] run=1 frac=0.15 budget_n=1708 est=7883.79
  [FastestO Curve] run=1 frac=0.2 budget_n=2117 est=8286.82
  [FastestO Curve] run=1 frac=0.3 budget_n=2861 est=8507.88
  [FastestO Curve] run=1 frac=0.4 budget_n=3453 est=8598.54
  [FastestO Curve] run=1 frac=0.5 budget_n=3980 est=8973.37
  [FastestO Curve] run=1 frac=0.6 budget_n=4532 est=7769.35
  [FastestO Curve] run=1 frac=0.7 budget_n=5051 est=9030.17
  [FastestO Curve] run=1 frac=0.8 budget_n=5558 est=8871.14
  [FastestO Curve] run=1 frac=0.9 budget_n=500 est=8954.99
  [FastestO Curve] run=2 frac=0.01 budget_n=167 est=8077.3
  [FastestO Curve] run=2 frac=0.05 budget_n=657 est=7799.97
  [FastestO Curve] run=2 frac=0.075 budget_n=909 est=8471.56
  [FastestO Curve] run=2 frac=0.1 budget_n=1182 est=9304.5
  [FastestO Curve] run=2 frac=0.15 budget_n=1708 est=9089.85
  [FastestO Curve] run=2 frac=0.2 budget_n=2117 est=8938.32
  [FastestO Curve] run=2 frac=0.3 budget_n=2861 est=8493.3
  [FastestO Curve] run=2 frac=0.4 budget_n=3453 est=8280.49
  [FastestO Curve] run=2 frac=0.5 budget_n=3980 est=8780.28
  [FastestO Curve] run=2 frac=0.6 budget_n=4532 est=8246.42
  [FastestO Curve] run=2 frac=0.7 budget_n=5051 est=8746.2
  [FastestO Curve] run=2 frac=0.8 budget_n=5558 est=8780.28
  [FastestO Curve] run=2 frac=0.9 budget_n=500 est=11766
  [FastestO Curve] run=3 frac=0.01 budget_n=167 est=10588.6
  [FastestO Curve] run=3 frac=0.05 budget_n=657 est=10169.6
  [FastestO Curve] run=3 frac=0.075 budget_n=909 est=8615.58
  [FastestO Curve] run=3 frac=0.1 budget_n=1182 est=8778.08
  [FastestO Curve] run=3 frac=0.15 budget_n=1708 est=8749.58
  [FastestO Curve] run=3 frac=0.2 budget_n=2117 est=8304.01
  [FastestO Curve] run=3 frac=0.3 budget_n=2861 est=8330.82
  [FastestO Curve] run=3 frac=0.4 budget_n=3453 est=8666.69
  [FastestO Curve] run=3 frac=0.5 budget_n=3980 est=8382.72
  [FastestO Curve] run=3 frac=0.6 budget_n=4532 est=7905.66
  [FastestO Curve] run=3 frac=0.7 budget_n=5051 est=8621.25
  [FastestO Curve] run=3 frac=0.8 budget_n=5558 est=8689.41
  [FastestO Curve] run=3 frac=0.9 budget_n=500 est=6623.15
  [FastestO Curve] run=4 frac=0.01 budget_n=167 est=9920.26
  [FastestO Curve] run=4 frac=0.05 budget_n=657 est=7994.84
  [FastestO Curve] run=4 frac=0.075 budget_n=909 est=8498.73
  [FastestO Curve] run=4 frac=0.1 budget_n=1182 est=7774.02
  [FastestO Curve] run=4 frac=0.15 budget_n=1708 est=7893.54
  [FastestO Curve] run=4 frac=0.2 budget_n=2117 est=8463.68
  [FastestO Curve] run=4 frac=0.3 budget_n=2861 est=8864.62
  [FastestO Curve] run=4 frac=0.4 budget_n=3453 est=8632.61
  [FastestO Curve] run=4 frac=0.5 budget_n=3980 est=8950.66
  [FastestO Curve] run=4 frac=0.6 budget_n=4532 est=8212.34
  [FastestO Curve] run=4 frac=0.7 budget_n=5051 est=8416.8
  [FastestO Curve] run=4 frac=0.8 budget_n=5558 est=8609.89
  [FastestO Curve] run=4 frac=0.9 budget_n=500 est=9513.93
  [FastestO Curve] run=5 frac=0.01 budget_n=167 est=6092.79
  [FastestO Curve] run=5 frac=0.05 budget_n=657 est=7993.46
  [FastestO Curve] run=5 frac=0.075 budget_n=909 est=7594.08
  [FastestO Curve] run=5 frac=0.1 budget_n=1182 est=9143.62
  [FastestO Curve] run=5 frac=0.15 budget_n=1708 est=7868.44
  [FastestO Curve] run=5 frac=0.2 budget_n=2117 est=8720.64
  [FastestO Curve] run=5 frac=0.3 budget_n=2861 est=8401.32
  [FastestO Curve] run=5 frac=0.4 budget_n=3453 est=8428.16
  [FastestO Curve] run=5 frac=0.5 budget_n=3980 est=8575.82
  [FastestO Curve] run=5 frac=0.6 budget_n=4532 est=8575.82
  [FastestO Curve] run=5 frac=0.7 budget_n=5051 est=8621.25
  [FastestO Curve] run=5 frac=0.8 budget_n=5558 est=8541.74
  [FastestO Curve] run=5 frac=0.9 budget_n=500 est=10366.2
  [Result] #CandTree           : 2.272e+05
  [Result] #TreeTrials         : 1030
  [Result] #TreeSuccess        : 47
  [Result] #UniqueOracleNodes  : 500.0000
  [Result] Truth               : 227174.0000
  [Result] Est                 : 10366.1922
  [Result] logQError           : -1.3407
  [Result] TreeCountTime       : 25.0624
  [Result] QueryTime           : 1.7673
/home/wangshuo/projects/PROXY/datasets/parler-E/query_graph/query_cycle_4_39.graph Finished!

Start Processing (Multi-Predicate) /home/wangshuo/projects/PROXY/datasets/parler-E/query_graph/query_cycle_4_4.graph
[Info] Using explicit query nodes for predicates: 0 1 3 
[Info] FOIS_nrs base budget not found, will rely strictly on Curve CSV.
[Warning] Requested root label 1 not found in query. Falling back to default root 2
  [FastestO Curve] run=1 frac=0.01 budget_n=34 est=0
  [FastestO Curve] run=1 frac=0.05 budget_n=170 est=83.2
  [FastestO Curve] run=1 frac=0.075 budget_n=245 est=83.7073
  [FastestO Curve] run=1 frac=0.1 budget_n=293 est=84.2947
  [FastestO Curve] run=1 frac=0.15 budget_n=388 est=42.0588
  [FastestO Curve] run=1 frac=0.2 budget_n=461 est=27.2381
  [FastestO Curve] run=1 frac=0.3 budget_n=614 est=65.2162
  [FastestO Curve] run=1 frac=0.4 budget_n=746 est=36.8372
  [FastestO Curve] run=1 frac=0.5 budget_n=890 est=69.621
  [FastestO Curve] run=1 frac=0.6 budget_n=1028 est=61.236
  [FastestO Curve] run=1 frac=0.7 budget_n=1160 est=78.5868
  [FastestO Curve] run=1 frac=0.8 budget_n=1282 est=50.6195
  [FastestO Curve] run=1 frac=0.9 budget_n=500 est=64.6328
  [FastestO Curve] run=2 frac=0.01 budget_n=34 est=108.952
  [FastestO Curve] run=2 frac=0.05 budget_n=170 est=18.7541
  [FastestO Curve] run=2 frac=0.075 budget_n=245 est=14.6667
  [FastestO Curve] run=2 frac=0.1 budget_n=293 est=46.6939
  [FastestO Curve] run=2 frac=0.15 budget_n=388 est=34.0223
  [FastestO Curve] run=2 frac=0.2 budget_n=461 est=43.7197
  [FastestO Curve] run=2 frac=0.3 budget_n=614 est=34.5918
  [FastestO Curve] run=2 frac=0.4 budget_n=746 est=50.9315
  [FastestO Curve] run=2 frac=0.5 budget_n=890 est=66.1272
  [FastestO Curve] run=2 frac=0.6 budget_n=1028 est=72.3887
  [FastestO Curve] run=2 frac=0.7 budget_n=1160 est=49.3306
  [FastestO Curve] run=2 frac=0.8 budget_n=1282 est=58.6182
  [FastestO Curve] run=2 frac=0.9 budget_n=500 est=56.2623
  [FastestO Curve] run=3 frac=0.01 budget_n=34 est=0
  [FastestO Curve] run=3 frac=0.05 budget_n=170 est=62.9725
  [FastestO Curve] run=3 frac=0.075 budget_n=245 est=89.7255
  [FastestO Curve] run=3 frac=0.1 budget_n=293 est=46.4569
  [FastestO Curve] run=3 frac=0.15 budget_n=388 est=41.1511
  [FastestO Curve] run=3 frac=0.2 budget_n=461 est=52.5115
  [FastestO Curve] run=3 frac=0.3 budget_n=614 est=47.6667
  [FastestO Curve] run=3 frac=0.4 budget_n=746 est=94.9892
  [FastestO Curve] run=3 frac=0.5 budget_n=890 est=75.2407
  [FastestO Curve] run=3 frac=0.6 budget_n=1028 est=71.0886
  [FastestO Curve] run=3 frac=0.7 budget_n=1160 est=38.9631
  [FastestO Curve] run=3 frac=0.8 budget_n=1282 est=81.5013
  [FastestO Curve] run=3 frac=0.9 budget_n=500 est=51.2717
  [FastestO Curve] run=4 frac=0.01 budget_n=34 est=0
  [FastestO Curve] run=4 frac=0.05 budget_n=170 est=62.4
  [FastestO Curve] run=4 frac=0.075 budget_n=245 est=29.7143
  [FastestO Curve] run=4 frac=0.1 budget_n=293 est=56.3547
  [FastestO Curve] run=4 frac=0.15 budget_n=388 est=25.1429
  [FastestO Curve] run=4 frac=0.2 budget_n=461 est=64.7547
  [FastestO Curve] run=4 frac=0.3 budget_n=614 est=49.8475
  [FastestO Curve] run=4 frac=0.4 budget_n=746 est=62.7422
  [FastestO Curve] run=4 frac=0.5 budget_n=890 est=49.1691
  [FastestO Curve] run=4 frac=0.6 budget_n=1028 est=65.5963
  [FastestO Curve] run=4 frac=0.7 budget_n=1160 est=65.695
  [FastestO Curve] run=4 frac=0.8 budget_n=1282 est=60.0525
  [FastestO Curve] run=4 frac=0.9 budget_n=500 est=12.7465
  [FastestO Curve] run=5 frac=0.01 budget_n=34 est=0
  [FastestO Curve] run=5 frac=0.05 budget_n=170 est=40.1404
  [FastestO Curve] run=5 frac=0.075 budget_n=245 est=58.293
  [FastestO Curve] run=5 frac=0.1 budget_n=293 est=76.2667
  [FastestO Curve] run=5 frac=0.15 budget_n=388 est=61.1298
  [FastestO Curve] run=5 frac=0.2 budget_n=461 est=62.7805
  [FastestO Curve] run=5 frac=0.3 budget_n=614 est=51.8821
  [FastestO Curve] run=5 frac=0.4 budget_n=746 est=45.3477
  [FastestO Curve] run=5 frac=0.5 budget_n=890 est=62.5897
  [FastestO Curve] run=5 frac=0.6 budget_n=1028 est=75.7258
  [FastestO Curve] run=5 frac=0.7 budget_n=1160 est=47.2913
  [FastestO Curve] run=5 frac=0.8 budget_n=1282 est=57.2
  [FastestO Curve] run=5 frac=0.9 budget_n=500 est=41.2252
  [Result] #CandTree           : 2288
  [Result] #TreeTrials         : 333
  [Result] #TreeSuccess        : 6
  [Result] #UniqueOracleNodes  : 500.0000
  [Result] Truth               : 2288.0000
  [Result] Est                 : 41.2252
  [Result] logQError           : -1.7443
  [Result] TreeCountTime       : 10.3766
  [Result] QueryTime           : 0.4369
/home/wangshuo/projects/PROXY/datasets/parler-E/query_graph/query_cycle_4_4.graph Finished!

Start Processing (Multi-Predicate) /home/wangshuo/projects/PROXY/datasets/parler-E/query_graph/query_cycle_4_40.graph
[Info] Using explicit query nodes for predicates: 1 3 
[Info] FOIS_nrs base budget not found, will rely strictly on Curve CSV.
[Info] Using user-specified root label 1 -> query node 2
  [FastestO Curve] run=1 frac=0.01 budget_n=26 est=0
  [FastestO Curve] run=1 frac=0.05 budget_n=148 est=55.3333
  [FastestO Curve] run=1 frac=0.075 budget_n=210 est=65.3939
  [FastestO Curve] run=1 frac=0.1 budget_n=270 est=59.9444
  [FastestO Curve] run=1 frac=0.15 budget_n=386 est=83.8058
  [FastestO Curve] run=1 frac=0.2 budget_n=490 est=72.8
  [FastestO Curve] run=1 frac=0.3 budget_n=677 est=76.7141
  [FastestO Curve] run=1 frac=0.4 budget_n=857 est=66.5575
  [FastestO Curve] run=1 frac=0.5 budget_n=1036 est=77.7119
  [FastestO Curve] run=1 frac=0.6 budget_n=1215 est=75.7476
  [FastestO Curve] run=1 frac=0.7 budget_n=1394 est=73.1083
  [FastestO Curve] run=1 frac=0.8 budget_n=1556 est=69.3376
  [FastestO Curve] run=1 frac=0.9 budget_n=500 est=62.8544
  [FastestO Curve] run=2 frac=0.01 budget_n=26 est=215.8
  [FastestO Curve] run=2 frac=0.05 budget_n=148 est=57.8036
  [FastestO Curve] run=2 frac=0.075 budget_n=210 est=78.9512
  [FastestO Curve] run=2 frac=0.1 budget_n=270 est=41.5
  [FastestO Curve] run=2 frac=0.15 budget_n=386 est=84.7553
  [FastestO Curve] run=2 frac=0.2 budget_n=490 est=54.5701
  [FastestO Curve] run=2 frac=0.3 budget_n=677 est=79.2588
  [FastestO Curve] run=2 frac=0.4 budget_n=857 est=76.6936
  [FastestO Curve] run=2 frac=0.5 budget_n=1036 est=35.343
  [FastestO Curve] run=2 frac=0.6 budget_n=1215 est=71.9879
  [FastestO Curve] run=2 frac=0.7 budget_n=1394 est=64.7136
  [FastestO Curve] run=2 frac=0.8 budget_n=1556 est=74.0853
  [FastestO Curve] run=2 frac=0.9 budget_n=500 est=64.9398
  [FastestO Curve] run=3 frac=0.01 budget_n=26 est=107.9
  [FastestO Curve] run=3 frac=0.05 budget_n=148 est=79.1927
  [FastestO Curve] run=3 frac=0.075 budget_n=210 est=51.6886
  [FastestO Curve] run=3 frac=0.1 budget_n=270 est=88.2818
  [FastestO Curve] run=3 frac=0.15 budget_n=386 est=75.8403
  [FastestO Curve] run=3 frac=0.2 budget_n=490 est=71.7625
  [FastestO Curve] run=3 frac=0.3 budget_n=677 est=69.0269
  [FastestO Curve] run=3 frac=0.4 budget_n=857 est=73.9584
  [FastestO Curve] run=3 frac=0.5 budget_n=1036 est=62.5215
  [FastestO Curve] run=3 frac=0.6 budget_n=1215 est=64.1968
  [FastestO Curve] run=3 frac=0.7 budget_n=1394 est=71.4044
  [FastestO Curve] run=3 frac=0.8 budget_n=1556 est=57.9541
  [FastestO Curve] run=3 frac=0.9 budget_n=500 est=69.7629
  [FastestO Curve] run=4 frac=0.01 budget_n=26 est=107.9
  [FastestO Curve] run=4 frac=0.05 budget_n=148 est=73.7778
  [FastestO Curve] run=4 frac=0.075 budget_n=210 est=144.744
  [FastestO Curve] run=4 frac=0.1 budget_n=270 est=70.2605
  [FastestO Curve] run=4 frac=0.15 budget_n=386 est=68.9457
  [FastestO Curve] run=4 frac=0.2 budget_n=490 est=66.7952
  [FastestO Curve] run=4 frac=0.3 budget_n=677 est=75.7826
  [FastestO Curve] run=4 frac=0.4 budget_n=857 est=64.9023
  [FastestO Curve] run=4 frac=0.5 budget_n=1036 est=61.3649
  [FastestO Curve] run=4 frac=0.6 budget_n=1215 est=69.1063
  [FastestO Curve] run=4 frac=0.7 budget_n=1394 est=81.1078
  [FastestO Curve] run=4 frac=0.8 budget_n=1556 est=78.5733
  [FastestO Curve] run=4 frac=0.9 budget_n=500 est=88.1875
  [FastestO Curve] run=5 frac=0.01 budget_n=26 est=134.875
  [FastestO Curve] run=5 frac=0.05 budget_n=148 est=41.9029
  [FastestO Curve] run=5 frac=0.075 budget_n=210 est=84.0779
  [FastestO Curve] run=5 frac=0.1 budget_n=270 est=62.25
  [FastestO Curve] run=5 frac=0.15 budget_n=386 est=73.4923
  [FastestO Curve] run=5 frac=0.2 budget_n=490 est=70.5888
  [FastestO Curve] run=5 frac=0.3 budget_n=677 est=54.3748
  [FastestO Curve] run=5 frac=0.4 budget_n=857 est=37.6395
  [FastestO Curve] run=5 frac=0.5 budget_n=1036 est=78.4362
  [FastestO Curve] run=5 frac=0.6 budget_n=1215 est=67.9555
  [FastestO Curve] run=5 frac=0.7 budget_n=1394 est=70.6012
  [FastestO Curve] run=5 frac=0.8 budget_n=1556 est=56.1483
  [FastestO Curve] run=5 frac=0.9 budget_n=500 est=87.7656
  [Result] #CandTree           : 2158
  [Result] #TreeTrials         : 418
  [Result] #TreeSuccess        : 17
  [Result] #UniqueOracleNodes  : 500.0000
  [Result] Truth               : 2158.0000
  [Result] Est                 : 87.7656
  [Result] logQError           : -1.3907
  [Result] TreeCountTime       : 3.5720
  [Result] QueryTime           : 0.5769
/home/wangshuo/projects/PROXY/datasets/parler-E/query_graph/query_cycle_4_40.graph Finished!

Start Processing (Multi-Predicate) /home/wangshuo/projects/PROXY/datasets/parler-E/query_graph/query_cycle_4_41.graph
[Info] Using explicit query nodes for predicates: 0 2 3 
[Info] FOIS_nrs base budget not found, will rely strictly on Curve CSV.
[Warning] Requested root label 1 not found in query. Falling back to default root 1
  [FastestO Curve] run=1 frac=0.01 budget_n=549 est=13948.9
  [FastestO Curve] run=1 frac=0.05 budget_n=1500 est=9536.69
  [FastestO Curve] run=1 frac=0.075 budget_n=1907 est=12585.1
  [FastestO Curve] run=1 frac=0.1 budget_n=2259 est=11385.6
  [FastestO Curve] run=1 frac=0.15 budget_n=2877 est=13381.5
  [FastestO Curve] run=1 frac=0.2 budget_n=3418 est=15093.4
  [FastestO Curve] run=1 frac=0.3 budget_n=4679 est=12632.1
  [FastestO Curve] run=1 frac=0.4 budget_n=5300 est=13239.3
  [FastestO Curve] run=1 frac=0.5 budget_n=5783 est=12238.9
  [FastestO Curve] run=1 frac=0.6 budget_n=6234 est=11584.2
  [FastestO Curve] run=1 frac=0.7 budget_n=6588 est=13315.4
  [FastestO Curve] run=1 frac=0.8 budget_n=7054 est=12430.1
  [FastestO Curve] run=1 frac=0.9 budget_n=500 est=8543.72
  [FastestO Curve] run=2 frac=0.01 budget_n=549 est=22497.6
  [FastestO Curve] run=2 frac=0.05 budget_n=1500 est=12496.2
  [FastestO Curve] run=2 frac=0.075 budget_n=1907 est=10991.2
  [FastestO Curve] run=2 frac=0.1 budget_n=2259 est=15525.6
  [FastestO Curve] run=2 frac=0.15 budget_n=2877 est=13918.5
  [FastestO Curve] run=2 frac=0.2 budget_n=3418 est=13362.1
  [FastestO Curve] run=2 frac=0.3 budget_n=4679 est=12906.9
  [FastestO Curve] run=2 frac=0.4 budget_n=5300 est=12103.3
  [FastestO Curve] run=2 frac=0.5 budget_n=5783 est=12939.2
  [FastestO Curve] run=2 frac=0.6 budget_n=6234 est=12874.5
  [FastestO Curve] run=2 frac=0.7 budget_n=6588 est=12714.8
  [FastestO Curve] run=2 frac=0.8 budget_n=7054 est=12738.3
  [FastestO Curve] run=2 frac=0.9 budget_n=500 est=6922
  [FastestO Curve] run=3 frac=0.01 budget_n=549 est=13923.1
  [FastestO Curve] run=3 frac=0.05 budget_n=1500 est=10711.5
  [FastestO Curve] run=3 frac=0.075 budget_n=1907 est=13458.5
  [FastestO Curve] run=3 frac=0.1 budget_n=2259 est=13496.7
  [FastestO Curve] run=3 frac=0.15 budget_n=2877 est=14436.2
  [FastestO Curve] run=3 frac=0.2 budget_n=3418 est=14098.6
  [FastestO Curve] run=3 frac=0.3 budget_n=4679 est=14305
  [FastestO Curve] run=3 frac=0.4 budget_n=5300 est=12529.6
  [FastestO Curve] run=3 frac=0.5 budget_n=5783 est=13148.4
  [FastestO Curve] run=3 frac=0.6 budget_n=6234 est=12099.2
  [FastestO Curve] run=3 frac=0.7 budget_n=6588 est=12360.3
  [FastestO Curve] run=3 frac=0.8 budget_n=7054 est=11944.8
  [FastestO Curve] run=3 frac=0.9 budget_n=500 est=9967.68
  [FastestO Curve] run=4 frac=0.01 budget_n=549 est=9844.62
  [FastestO Curve] run=4 frac=0.05 budget_n=1500 est=13683
  [FastestO Curve] run=4 frac=0.075 budget_n=1907 est=12939.8
  [FastestO Curve] run=4 frac=0.1 budget_n=2259 est=14475.2
  [FastestO Curve] run=4 frac=0.15 budget_n=2877 est=14641.3
  [FastestO Curve] run=4 frac=0.2 budget_n=3418 est=11203.9
  [FastestO Curve] run=4 frac=0.3 budget_n=4679 est=12183.4
  [FastestO Curve] run=4 frac=0.4 budget_n=5300 est=13142.8
  [FastestO Curve] run=4 frac=0.5 budget_n=5783 est=12830.3
  [FastestO Curve] run=4 frac=0.6 budget_n=6234 est=11791.4
  [FastestO Curve] run=4 frac=0.7 budget_n=6588 est=13048
  [FastestO Curve] run=4 frac=0.8 budget_n=7054 est=13845.8
  [FastestO Curve] run=4 frac=0.9 budget_n=500 est=20838.3
  [FastestO Curve] run=5 frac=0.01 budget_n=549 est=16047
  [FastestO Curve] run=5 frac=0.05 budget_n=1500 est=15733.7
  [FastestO Curve] run=5 frac=0.075 budget_n=1907 est=13439.6
  [FastestO Curve] run=5 frac=0.1 budget_n=2259 est=10376.1
  [FastestO Curve] run=5 frac=0.15 budget_n=2877 est=11987.8
  [FastestO Curve] run=5 frac=0.2 budget_n=3418 est=13479
  [FastestO Curve] run=5 frac=0.3 budget_n=4679 est=13364.5
  [FastestO Curve] run=5 frac=0.4 budget_n=5300 est=13385.7
  [FastestO Curve] run=5 frac=0.5 budget_n=5783 est=12486.8
  [FastestO Curve] run=5 frac=0.6 budget_n=6234 est=13161.8
  [FastestO Curve] run=5 frac=0.7 budget_n=6588 est=12408.1
  [FastestO Curve] run=5 frac=0.8 budget_n=7054 est=12374.6
  [FastestO Curve] run=5 frac=0.9 budget_n=500 est=9365.6
  [Result] #CandTree           : 3.987e+05
  [Result] #TreeTrials         : 298
  [Result] #TreeSuccess        : 7
  [Result] #UniqueOracleNodes  : 500.0000
  [Result] Truth               : 383586.0000
  [Result] Est                 : 9365.6007
  [Result] logQError           : -1.6123
  [Result] TreeCountTime       : 12.8423
  [Result] QueryTime           : 0.5273
/home/wangshuo/projects/PROXY/datasets/parler-E/query_graph/query_cycle_4_41.graph Finished!

Start Processing (Multi-Predicate) /home/wangshuo/projects/PROXY/datasets/parler-E/query_graph/query_cycle_4_42.graph
[Info] Using explicit query nodes for predicates: 2 3 
[Info] FOIS_nrs base budget not found, will rely strictly on Curve CSV.
[Info] Using user-specified root label 1 -> query node 0
  [FastestO Curve] run=1 frac=0.01 budget_n=218 est=10141.1
  [FastestO Curve] run=1 frac=0.05 budget_n=836 est=9121.74
  [FastestO Curve] run=1 frac=0.075 budget_n=1196 est=9577.66
  [FastestO Curve] run=1 frac=0.1 budget_n=1554 est=9718.35
  [FastestO Curve] run=1 frac=0.15 budget_n=2153 est=9434.36
  [FastestO Curve] run=1 frac=0.2 budget_n=2658 est=9495.52
  [FastestO Curve] run=1 frac=0.3 budget_n=3488 est=9376.38
  [FastestO Curve] run=1 frac=0.4 budget_n=4098 est=9219.74
  [FastestO Curve] run=1 frac=0.5 budget_n=4595 est=10249.1
  [FastestO Curve] run=1 frac=0.6 budget_n=5128 est=9376.38
  [FastestO Curve] run=1 frac=0.7 budget_n=5573 est=9566.6
  [FastestO Curve] run=1 frac=0.8 budget_n=6093 est=10260.3
  [FastestO Curve] run=1 frac=0.9 budget_n=500 est=9758.49
  [FastestO Curve] run=2 frac=0.01 budget_n=218 est=8288.15
  [FastestO Curve] run=2 frac=0.05 budget_n=836 est=9584.62
  [FastestO Curve] run=2 frac=0.075 budget_n=1196 est=9906.27
  [FastestO Curve] run=2 frac=0.1 budget_n=1554 est=9550.06
  [FastestO Curve] run=2 frac=0.15 budget_n=2153 est=9571.67
  [FastestO Curve] run=2 frac=0.2 budget_n=2658 est=9702.76
  [FastestO Curve] run=2 frac=0.3 budget_n=3488 est=9775.7
  [FastestO Curve] run=2 frac=0.4 budget_n=4098 est=9745.62
  [FastestO Curve] run=2 frac=0.5 budget_n=4595 est=10226.7
  [FastestO Curve] run=2 frac=0.6 budget_n=5128 est=9611.35
  [FastestO Curve] run=2 frac=0.7 budget_n=5573 est=9812.75
  [FastestO Curve] run=2 frac=0.8 budget_n=6093 est=9577.78
  [FastestO Curve] run=2 frac=0.9 budget_n=500 est=7746.23
  [FastestO Curve] run=3 frac=0.01 budget_n=218 est=8064.14
  [FastestO Curve] run=3 frac=0.05 budget_n=836 est=10705.7
  [FastestO Curve] run=3 frac=0.075 budget_n=1196 est=9806.36
  [FastestO Curve] run=3 frac=0.1 budget_n=1554 est=8800.1
  [FastestO Curve] run=3 frac=0.15 budget_n=2153 est=10139.3
  [FastestO Curve] run=3 frac=0.2 budget_n=2658 est=10940
  [FastestO Curve] run=3 frac=0.3 budget_n=3488 est=9924.64
  [FastestO Curve] run=3 frac=0.4 budget_n=4098 est=9712.05
  [FastestO Curve] run=3 frac=0.5 budget_n=4595 est=10293.9
  [FastestO Curve] run=3 frac=0.6 budget_n=5128 est=9734.43
  [FastestO Curve] run=3 frac=0.7 budget_n=5573 est=9499.46
  [FastestO Curve] run=3 frac=0.8 budget_n=6093 est=10137.2
  [FastestO Curve] run=3 frac=0.9 budget_n=500 est=9155.6
  [FastestO Curve] run=4 frac=0.01 budget_n=218 est=9786.3
  [FastestO Curve] run=4 frac=0.05 budget_n=836 est=9712.15
  [FastestO Curve] run=4 frac=0.075 budget_n=1196 est=11232.9
  [FastestO Curve] run=4 frac=0.1 budget_n=1554 est=9936.26
  [FastestO Curve] run=4 frac=0.15 budget_n=2153 est=9309.29
  [FastestO Curve] run=4 frac=0.2 budget_n=2658 est=10024
  [FastestO Curve] run=4 frac=0.3 budget_n=3488 est=10233.9
  [FastestO Curve] run=4 frac=0.4 budget_n=4098 est=9902.26
  [FastestO Curve] run=4 frac=0.5 budget_n=4595 est=10338.6
  [FastestO Curve] run=4 frac=0.6 budget_n=5128 est=9611.35
  [FastestO Curve] run=4 frac=0.7 budget_n=5573 est=9734.43
  [FastestO Curve] run=4 frac=0.8 budget_n=6093 est=9779.19
  [FastestO Curve] run=4 frac=0.9 budget_n=500 est=9264.12
  [FastestO Curve] run=5 frac=0.01 budget_n=218 est=11119.5
  [FastestO Curve] run=5 frac=0.05 budget_n=836 est=9679.25
  [FastestO Curve] run=5 frac=0.075 budget_n=1196 est=9837.18
  [FastestO Curve] run=5 frac=0.1 budget_n=1554 est=10230.2
  [FastestO Curve] run=5 frac=0.15 budget_n=2153 est=9136.92
  [FastestO Curve] run=5 frac=0.2 budget_n=2658 est=9052.38
  [FastestO Curve] run=5 frac=0.3 budget_n=3488 est=9678.48
  [FastestO Curve] run=5 frac=0.4 budget_n=4098 est=9779.19
  [FastestO Curve] run=5 frac=0.5 budget_n=4595 est=9588.97
  [FastestO Curve] run=5 frac=0.6 budget_n=5128 est=10226.7
  [FastestO Curve] run=5 frac=0.7 budget_n=5573 est=9991.78
  [FastestO Curve] run=5 frac=0.8 budget_n=6093 est=10842.1
  [FastestO Curve] run=5 frac=0.9 budget_n=500 est=11155.5
  [Result] #CandTree           : 2.238e+05
  [Result] #TreeTrials         : 1003
  [Result] #TreeSuccess        : 50
  [Result] #UniqueOracleNodes  : 500.0000
  [Result] Truth               : 223780.0000
  [Result] Est                 : 11155.5334
  [Result] logQError           : -1.3023
  [Result] TreeCountTime       : 22.9389
  [Result] QueryTime           : 1.8760
/home/wangshuo/projects/PROXY/datasets/parler-E/query_graph/query_cycle_4_42.graph Finished!

Start Processing (Multi-Predicate) /home/wangshuo/projects/PROXY/datasets/parler-E/query_graph/query_cycle_4_43.graph
[Info] Using explicit query nodes for predicates: 0 1 2 
[Info] FOIS_nrs base budget not found, will rely strictly on Curve CSV.
[Warning] Requested root label 1 not found in query. Falling back to default root 1
  [FastestO Curve] run=1 frac=0.01 budget_n=552 est=4168.07
  [FastestO Curve] run=1 frac=0.05 budget_n=1410 est=6964.16
  [FastestO Curve] run=1 frac=0.075 budget_n=1770 est=8056.03
  [FastestO Curve] run=1 frac=0.1 budget_n=2090 est=6513.66
  [FastestO Curve] run=1 frac=0.15 budget_n=2567 est=6193.67
  [FastestO Curve] run=1 frac=0.2 budget_n=2984 est=6661.22
  [FastestO Curve] run=1 frac=0.3 budget_n=3766 est=5095.66
  [FastestO Curve] run=1 frac=0.4 budget_n=4343 est=5539.79
  [FastestO Curve] run=1 frac=0.5 budget_n=4832 est=6231.55
  [FastestO Curve] run=1 frac=0.6 budget_n=5319 est=4885.68
  [FastestO Curve] run=1 frac=0.7 budget_n=5762 est=6293.9
  [FastestO Curve] run=1 frac=0.8 budget_n=6144 est=5939.1
  [FastestO Curve] run=1 frac=0.9 budget_n=500 est=2328.07
  [FastestO Curve] run=2 frac=0.01 budget_n=552 est=5498.25
  [FastestO Curve] run=2 frac=0.05 budget_n=1410 est=4794
  [FastestO Curve] run=2 frac=0.075 budget_n=1770 est=5509.45
  [FastestO Curve] run=2 frac=0.1 budget_n=2090 est=5978.17
  [FastestO Curve] run=2 frac=0.15 budget_n=2567 est=5171.54
  [FastestO Curve] run=2 frac=0.2 budget_n=2984 est=6351.72
  [FastestO Curve] run=2 frac=0.3 budget_n=3766 est=5430.49
  [FastestO Curve] run=2 frac=0.4 budget_n=4343 est=5814.84
  [FastestO Curve] run=2 frac=0.5 budget_n=4832 est=5507.02
  [FastestO Curve] run=2 frac=0.6 budget_n=5319 est=6502.69
  [FastestO Curve] run=2 frac=0.7 budget_n=5762 est=5194
  [FastestO Curve] run=2 frac=0.8 budget_n=6144 est=5976.2
  [FastestO Curve] run=2 frac=0.9 budget_n=500 est=8486.08
  [FastestO Curve] run=3 frac=0.01 budget_n=552 est=5891.66
  [FastestO Curve] run=3 frac=0.05 budget_n=1410 est=6738.21
  [FastestO Curve] run=3 frac=0.075 budget_n=1770 est=6983.49
  [FastestO Curve] run=3 frac=0.1 budget_n=2090 est=4293.3
  [FastestO Curve] run=3 frac=0.15 budget_n=2567 est=5555.18
  [FastestO Curve] run=3 frac=0.2 budget_n=2984 est=6198.75
  [FastestO Curve] run=3 frac=0.3 budget_n=3766 est=6085.24
  [FastestO Curve] run=3 frac=0.4 budget_n=4343 est=6599.26
  [FastestO Curve] run=3 frac=0.5 budget_n=4832 est=6157.25
  [FastestO Curve] run=3 frac=0.6 budget_n=5319 est=6333.48
  [FastestO Curve] run=3 frac=0.7 budget_n=5762 est=6489.43
  [FastestO Curve] run=3 frac=0.8 budget_n=6144 est=6103.14
  [FastestO Curve] run=3 frac=0.9 budget_n=500 est=5889.12
  [FastestO Curve] run=4 frac=0.01 budget_n=552 est=5767.36
  [FastestO Curve] run=4 frac=0.05 budget_n=1410 est=6318.33
  [FastestO Curve] run=4 frac=0.075 budget_n=1770 est=7019.52
  [FastestO Curve] run=4 frac=0.1 budget_n=2090 est=6638.92
  [FastestO Curve] run=4 frac=0.15 budget_n=2567 est=6555.25
  [FastestO Curve] run=4 frac=0.2 budget_n=2984 est=6645.37
  [FastestO Curve] run=4 frac=0.3 budget_n=3766 est=5246.62
  [FastestO Curve] run=4 frac=0.4 budget_n=4343 est=5858.25
  [FastestO Curve] run=4 frac=0.5 budget_n=4832 est=5953.13
  [FastestO Curve] run=4 frac=0.6 budget_n=5319 est=6430.29
  [FastestO Curve] run=4 frac=0.7 budget_n=5762 est=5958.06
  [FastestO Curve] run=4 frac=0.8 budget_n=6144 est=5487.04
  [FastestO Curve] run=4 frac=0.9 budget_n=500 est=6417.21
  [FastestO Curve] run=5 frac=0.01 budget_n=552 est=5414.4
  [FastestO Curve] run=5 frac=0.05 budget_n=1410 est=6407.18
  [FastestO Curve] run=5 frac=0.075 budget_n=1770 est=6679.86
  [FastestO Curve] run=5 frac=0.1 budget_n=2090 est=4700.75
  [FastestO Curve] run=5 frac=0.15 budget_n=2567 est=6203.18
  [FastestO Curve] run=5 frac=0.2 budget_n=2984 est=6378.54
  [FastestO Curve] run=5 frac=0.3 budget_n=3766 est=5425.42
  [FastestO Curve] run=5 frac=0.4 budget_n=4343 est=6817.79
  [FastestO Curve] run=5 frac=0.5 budget_n=4832 est=5537.46
  [FastestO Curve] run=5 frac=0.6 budget_n=5319 est=6199.63
  [FastestO Curve] run=5 frac=0.7 budget_n=5762 est=6143.61
  [FastestO Curve] run=5 frac=0.8 budget_n=6144 est=6371.51
  [FastestO Curve] run=5 frac=0.9 budget_n=500 est=4074.11
  [Result] #CandTree           : 2.485e+05
  [Result] #TreeTrials         : 427
  [Result] #TreeSuccess        : 7
  [Result] #UniqueOracleNodes  : 500.0000
  [Result] Truth               : 232609.0000
  [Result] Est                 : 4074.1148
  [Result] logQError           : -1.7566
  [Result] TreeCountTime       : 25.2792
  [Result] QueryTime           : 0.8352
/home/wangshuo/projects/PROXY/datasets/parler-E/query_graph/query_cycle_4_43.graph Finished!

Start Processing (Multi-Predicate) /home/wangshuo/projects/PROXY/datasets/parler-E/query_graph/query_cycle_4_44.graph
[Info] Using explicit query nodes for predicates: 0 3 
[Info] FOIS_nrs base budget not found, will rely strictly on Curve CSV.
[Info] Using user-specified root label 1 -> query node 1
  [FastestO Curve] run=1 frac=0.01 budget_n=549 est=2662.58
  [FastestO Curve] run=1 frac=0.05 budget_n=1905 est=3326.57
  [FastestO Curve] run=1 frac=0.075 budget_n=2512 est=2956.41
  [FastestO Curve] run=1 frac=0.1 budget_n=3056 est=3217.15
  [FastestO Curve] run=1 frac=0.15 budget_n=3767 est=3233.62
  [FastestO Curve] run=1 frac=0.2 budget_n=4236 est=2940.02
  [FastestO Curve] run=1 frac=0.3 budget_n=5566 est=2823.26
  [FastestO Curve] run=1 frac=0.4 budget_n=6386 est=3200.79
  [FastestO Curve] run=1 frac=0.5 budget_n=7018 est=3088.17
  [FastestO Curve] run=1 frac=0.6 budget_n=7635 est=2938.87
  [FastestO Curve] run=1 frac=0.7 budget_n=8088 est=3091.47
  [FastestO Curve] run=1 frac=0.8 budget_n=8496 est=3055.97
  [FastestO Curve] run=1 frac=0.9 budget_n=500 est=3555.32
  [FastestO Curve] run=2 frac=0.01 budget_n=549 est=1925.68
  [FastestO Curve] run=2 frac=0.05 budget_n=1905 est=3281.52
  [FastestO Curve] run=2 frac=0.075 budget_n=2512 est=2555.83
  [FastestO Curve] run=2 frac=0.1 budget_n=3056 est=3759.93
  [FastestO Curve] run=2 frac=0.15 budget_n=3767 est=3557.85
  [FastestO Curve] run=2 frac=0.2 budget_n=4236 est=2533.68
  [FastestO Curve] run=2 frac=0.3 budget_n=5566 est=2614.22
  [FastestO Curve] run=2 frac=0.4 budget_n=6386 est=2978.26
  [FastestO Curve] run=2 frac=0.5 budget_n=7018 est=3125.69
  [FastestO Curve] run=2 frac=0.6 budget_n=7635 est=3110.07
  [FastestO Curve] run=2 frac=0.7 budget_n=8088 est=2979.73
  [FastestO Curve] run=2 frac=0.8 budget_n=8496 est=3294.39
  [FastestO Curve] run=2 frac=0.9 budget_n=500 est=3322.57
  [FastestO Curve] run=3 frac=0.01 budget_n=549 est=3013.12
  [FastestO Curve] run=3 frac=0.05 budget_n=1905 est=3168.43
  [FastestO Curve] run=3 frac=0.075 budget_n=2512 est=2740.67
  [FastestO Curve] run=3 frac=0.1 budget_n=3056 est=2610.4
  [FastestO Curve] run=3 frac=0.15 budget_n=3767 est=2669.99
  [FastestO Curve] run=3 frac=0.2 budget_n=4236 est=3118.01
  [FastestO Curve] run=3 frac=0.3 budget_n=5566 est=3050.55
  [FastestO Curve] run=3 frac=0.4 budget_n=6386 est=3316.48
  [FastestO Curve] run=3 frac=0.5 budget_n=7018 est=2550.95
  [FastestO Curve] run=3 frac=0.6 budget_n=7635 est=2895.15
  [FastestO Curve] run=3 frac=0.7 budget_n=8088 est=3146.74
  [FastestO Curve] run=3 frac=0.8 budget_n=8496 est=2840.86
  [FastestO Curve] run=3 frac=0.9 budget_n=500 est=2568.28
  [FastestO Curve] run=4 frac=0.01 budget_n=549 est=4153.22
  [FastestO Curve] run=4 frac=0.05 budget_n=1905 est=2895.89
  [FastestO Curve] run=4 frac=0.075 budget_n=2512 est=2323.43
  [FastestO Curve] run=4 frac=0.1 budget_n=3056 est=2963.58
  [FastestO Curve] run=4 frac=0.15 budget_n=3767 est=3063.9
  [FastestO Curve] run=4 frac=0.2 budget_n=4236 est=3228.6
  [FastestO Curve] run=4 frac=0.3 budget_n=5566 est=3584.53
  [FastestO Curve] run=4 frac=0.4 budget_n=6386 est=3196.66
  [FastestO Curve] run=4 frac=0.5 budget_n=7018 est=2645.06
  [FastestO Curve] run=4 frac=0.6 budget_n=7635 est=3130.29
  [FastestO Curve] run=4 frac=0.7 budget_n=8088 est=3329
  [FastestO Curve] run=4 frac=0.8 budget_n=8496 est=2800.74
  [FastestO Curve] run=4 frac=0.9 budget_n=500 est=4878.38
  [FastestO Curve] run=5 frac=0.01 budget_n=549 est=4530.78
  [FastestO Curve] run=5 frac=0.05 budget_n=1905 est=2825.47
  [FastestO Curve] run=5 frac=0.075 budget_n=2512 est=3570.68
  [FastestO Curve] run=5 frac=0.1 budget_n=3056 est=2680.56
  [FastestO Curve] run=5 frac=0.15 budget_n=3767 est=2803.91
  [FastestO Curve] run=5 frac=0.2 budget_n=4236 est=2811.02
  [FastestO Curve] run=5 frac=0.3 budget_n=5566 est=3267.04
  [FastestO Curve] run=5 frac=0.4 budget_n=6386 est=2859.46
  [FastestO Curve] run=5 frac=0.5 budget_n=7018 est=2927.15
  [FastestO Curve] run=5 frac=0.6 budget_n=7635 est=3095.79
  [FastestO Curve] run=5 frac=0.7 budget_n=8088 est=2887.23
  [FastestO Curve] run=5 frac=0.8 budget_n=8496 est=3079.61
  [FastestO Curve] run=5 frac=0.9 budget_n=500 est=3453.24
  [Result] #CandTree           : 1.537e+05
  [Result] #TreeTrials         : 356
  [Result] #TreeSuccess        : 8
  [Result] #UniqueOracleNodes  : 500.0000
  [Result] Truth               : 153669.0000
  [Result] Est                 : 3453.2360
  [Result] logQError           : -1.6484
  [Result] TreeCountTime       : 19.3955
  [Result] QueryTime           : 0.6682
/home/wangshuo/projects/PROXY/datasets/parler-E/query_graph/query_cycle_4_44.graph Finished!

Start Processing (Multi-Predicate) /home/wangshuo/projects/PROXY/datasets/parler-E/query_graph/query_cycle_4_45.graph
[Info] Using explicit query nodes for predicates: 1 3 
[Info] FOIS_nrs base budget not found, will rely strictly on Curve CSV.
[Info] Using user-specified root label 1 -> query node 0
  [FastestO Curve] run=1 frac=0.01 budget_n=156 est=8329.7
  [FastestO Curve] run=1 frac=0.05 budget_n=632 est=12064
  [FastestO Curve] run=1 frac=0.075 budget_n=909 est=10166.6
  [FastestO Curve] run=1 frac=0.1 budget_n=1173 est=11126.3
  [FastestO Curve] run=1 frac=0.15 budget_n=1670 est=12332.8
  [FastestO Curve] run=1 frac=0.2 budget_n=2074 est=11534.3
  [FastestO Curve] run=1 frac=0.3 budget_n=2777 est=11345.6
  [FastestO Curve] run=1 frac=0.4 budget_n=3261 est=12168.3
  [FastestO Curve] run=1 frac=0.5 budget_n=3803 est=11503.2
  [FastestO Curve] run=1 frac=0.6 budget_n=4329 est=10776.5
  [FastestO Curve] run=1 frac=0.7 budget_n=4851 est=11183
  [FastestO Curve] run=1 frac=0.8 budget_n=5452 est=11195.3
  [FastestO Curve] run=1 frac=0.9 budget_n=500 est=11314.3
  [FastestO Curve] run=2 frac=0.01 budget_n=156 est=11247.5
  [FastestO Curve] run=2 frac=0.05 budget_n=632 est=11079.6
  [FastestO Curve] run=2 frac=0.075 budget_n=909 est=9966.75
  [FastestO Curve] run=2 frac=0.1 budget_n=1173 est=10675.4
  [FastestO Curve] run=2 frac=0.15 budget_n=1670 est=11652.4
  [FastestO Curve] run=2 frac=0.2 budget_n=2074 est=12379.2
  [FastestO Curve] run=2 frac=0.3 budget_n=2777 est=11706.8
  [FastestO Curve] run=2 frac=0.4 budget_n=3261 est=11527.8
  [FastestO Curve] run=2 frac=0.5 budget_n=3803 est=11195.3
  [FastestO Curve] run=2 frac=0.6 budget_n=4329 est=11256.9
  [FastestO Curve] run=2 frac=0.7 budget_n=4851 est=11712.6
  [FastestO Curve] run=2 frac=0.8 budget_n=5452 est=11577.1
  [FastestO Curve] run=2 frac=0.9 budget_n=500 est=9664.27
  [FastestO Curve] run=3 frac=0.01 budget_n=156 est=14279.5
  [FastestO Curve] run=3 frac=0.05 budget_n=632 est=11396.2
  [FastestO Curve] run=3 frac=0.075 budget_n=909 est=9894.7
  [FastestO Curve] run=3 frac=0.1 budget_n=1173 est=12129.4
  [FastestO Curve] run=3 frac=0.15 budget_n=1670 est=11791.6
  [FastestO Curve] run=3 frac=0.2 budget_n=2074 est=12587.9
  [FastestO Curve] run=3 frac=0.3 budget_n=2777 est=11625.1
  [FastestO Curve] run=3 frac=0.4 budget_n=3261 est=11392.3
  [FastestO Curve] run=3 frac=0.5 budget_n=3803 est=11848
  [FastestO Curve] run=3 frac=0.6 budget_n=4329 est=11589.4
  [FastestO Curve] run=3 frac=0.7 budget_n=4851 est=11552.5
  [FastestO Curve] run=3 frac=0.8 budget_n=5452 est=11872.7
  [FastestO Curve] run=3 frac=0.9 budget_n=500 est=10445.6
  [FastestO Curve] run=4 frac=0.01 budget_n=156 est=5978.67
  [FastestO Curve] run=4 frac=0.05 budget_n=632 est=11698.6
  [FastestO Curve] run=4 frac=0.075 budget_n=909 est=11803.3
  [FastestO Curve] run=4 frac=0.1 budget_n=1173 est=12316.1
  [FastestO Curve] run=4 frac=0.15 budget_n=1670 est=10435.5
  [FastestO Curve] run=4 frac=0.2 budget_n=2074 est=11016.4
  [FastestO Curve] run=4 frac=0.3 budget_n=2777 est=11550.6
  [FastestO Curve] run=4 frac=0.4 budget_n=3261 est=11306.1
  [FastestO Curve] run=4 frac=0.5 budget_n=3803 est=11269.2
  [FastestO Curve] run=4 frac=0.6 budget_n=4329 est=11281.5
  [FastestO Curve] run=4 frac=0.7 budget_n=4851 est=11207.6
  [FastestO Curve] run=4 frac=0.8 budget_n=5452 est=11441.6
  [FastestO Curve] run=4 frac=0.9 budget_n=500 est=11586.1
  [FastestO Curve] run=5 frac=0.01 budget_n=156 est=16343.6
  [FastestO Curve] run=5 frac=0.05 budget_n=632 est=14723.8
  [FastestO Curve] run=5 frac=0.075 budget_n=909 est=9907.77
  [FastestO Curve] run=5 frac=0.1 budget_n=1173 est=11707.6
  [FastestO Curve] run=5 frac=0.15 budget_n=1670 est=11421.3
  [FastestO Curve] run=5 frac=0.2 budget_n=2074 est=13208.7
  [FastestO Curve] run=5 frac=0.3 budget_n=2777 est=11527.8
  [FastestO Curve] run=5 frac=0.4 budget_n=3261 est=10665.7
  [FastestO Curve] run=5 frac=0.5 budget_n=3803 est=11798.8
  [FastestO Curve] run=5 frac=0.6 budget_n=4329 est=11256.9
  [FastestO Curve] run=5 frac=0.7 budget_n=4851 est=11306.1
  [FastestO Curve] run=5 frac=0.8 budget_n=5452 est=11835.7
  [FastestO Curve] run=5 frac=0.9 budget_n=500 est=11350.1
  [Result] #CandTree           : 2.463e+05
  [Result] #TreeTrials         : 1020
  [Result] #TreeSuccess        : 47
  [Result] #UniqueOracleNodes  : 500.0000
  [Result] Truth               : 246321.0000
  [Result] Est                 : 11350.0853
  [Result] logQError           : -1.3365
  [Result] TreeCountTime       : 26.7403
  [Result] QueryTime           : 2.2125
/home/wangshuo/projects/PROXY/datasets/parler-E/query_graph/query_cycle_4_45.graph Finished!

Start Processing (Multi-Predicate) /home/wangshuo/projects/PROXY/datasets/parler-E/query_graph/query_cycle_4_46.graph
[Info] Using explicit query nodes for predicates: 0 2 3 
[Info] FOIS_nrs base budget not found, will rely strictly on Curve CSV.
[Warning] Requested root label 1 not found in query. Falling back to default root 1
  [FastestO Curve] run=1 frac=0.01 budget_n=598 est=11049.4
  [FastestO Curve] run=1 frac=0.05 budget_n=1583 est=12717.9
  [FastestO Curve] run=1 frac=0.075 budget_n=2013 est=13833.8
  [FastestO Curve] run=1 frac=0.1 budget_n=2439 est=12103.4
  [FastestO Curve] run=1 frac=0.15 budget_n=3170 est=12085
  [FastestO Curve] run=1 frac=0.2 budget_n=3680 est=15171.1
  [FastestO Curve] run=1 frac=0.3 budget_n=4922 est=14154.5
  [FastestO Curve] run=1 frac=0.4 budget_n=5631 est=14040.6
  [FastestO Curve] run=1 frac=0.5 budget_n=6063 est=13679.8
  [FastestO Curve] run=1 frac=0.6 budget_n=6494 est=13786.8
  [FastestO Curve] run=1 frac=0.7 budget_n=6814 est=12516.8
  [FastestO Curve] run=1 frac=0.8 budget_n=7252 est=15118.1
  [FastestO Curve] run=1 frac=0.9 budget_n=500 est=15938.5
  [FastestO Curve] run=2 frac=0.01 budget_n=598 est=11285.9
  [FastestO Curve] run=2 frac=0.05 budget_n=1583 est=13900.2
  [FastestO Curve] run=2 frac=0.075 budget_n=2013 est=13731.3
  [FastestO Curve] run=2 frac=0.1 budget_n=2439 est=16580.1
  [FastestO Curve] run=2 frac=0.15 budget_n=3170 est=12505
  [FastestO Curve] run=2 frac=0.2 budget_n=3680 est=13312.2
  [FastestO Curve] run=2 frac=0.3 budget_n=4922 est=12398.8
  [FastestO Curve] run=2 frac=0.4 budget_n=5631 est=12928.6
  [FastestO Curve] run=2 frac=0.5 budget_n=6063 est=14385.9
  [FastestO Curve] run=2 frac=0.6 budget_n=6494 est=13880.8
  [FastestO Curve] run=2 frac=0.7 budget_n=6814 est=14245.6
  [FastestO Curve] run=2 frac=0.8 budget_n=7252 est=14172.1
  [FastestO Curve] run=2 frac=0.9 budget_n=500 est=9932.13
  [FastestO Curve] run=3 frac=0.01 budget_n=598 est=14807.5
  [FastestO Curve] run=3 frac=0.05 budget_n=1583 est=14862.6
  [FastestO Curve] run=3 frac=0.075 budget_n=2013 est=13209.8
  [FastestO Curve] run=3 frac=0.1 budget_n=2439 est=14040.2
  [FastestO Curve] run=3 frac=0.15 budget_n=3170 est=15325.3
  [FastestO Curve] run=3 frac=0.2 budget_n=3680 est=12374.6
  [FastestO Curve] run=3 frac=0.3 budget_n=4922 est=13219.9
  [FastestO Curve] run=3 frac=0.4 budget_n=5631 est=12434
  [FastestO Curve] run=3 frac=0.5 budget_n=6063 est=13864.4
  [FastestO Curve] run=3 frac=0.6 budget_n=6494 est=13977.7
  [FastestO Curve] run=3 frac=0.7 budget_n=6814 est=12377.2
  [FastestO Curve] run=3 frac=0.8 budget_n=7252 est=12827.1
  [FastestO Curve] run=3 frac=0.9 budget_n=500 est=11390.4
  [FastestO Curve] run=4 frac=0.01 budget_n=598 est=15724.8
  [FastestO Curve] run=4 frac=0.05 budget_n=1583 est=10627
  [FastestO Curve] run=4 frac=0.075 budget_n=2013 est=14130.6
  [FastestO Curve] run=4 frac=0.1 budget_n=2439 est=12495.3
  [FastestO Curve] run=4 frac=0.15 budget_n=3170 est=12084.7
  [FastestO Curve] run=4 frac=0.2 budget_n=3680 est=13281.1
  [FastestO Curve] run=4 frac=0.3 budget_n=4922 est=13733.3
  [FastestO Curve] run=4 frac=0.4 budget_n=5631 est=11589.4
  [FastestO Curve] run=4 frac=0.5 budget_n=6063 est=13219.3
  [FastestO Curve] run=4 frac=0.6 budget_n=6494 est=14039.7
  [FastestO Curve] run=4 frac=0.7 budget_n=6814 est=13423.8
  [FastestO Curve] run=4 frac=0.8 budget_n=7252 est=12986.6
  [FastestO Curve] run=4 frac=0.9 budget_n=500 est=19864.3
  [FastestO Curve] run=5 frac=0.01 budget_n=598 est=14732.5
  [FastestO Curve] run=5 frac=0.05 budget_n=1583 est=14381.4
  [FastestO Curve] run=5 frac=0.075 budget_n=2013 est=15022.4
  [FastestO Curve] run=5 frac=0.1 budget_n=2439 est=15916.3
  [FastestO Curve] run=5 frac=0.15 budget_n=3170 est=13218.5
  [FastestO Curve] run=5 frac=0.2 budget_n=3680 est=13027.5
  [FastestO Curve] run=5 frac=0.3 budget_n=4922 est=14726.9
  [FastestO Curve] run=5 frac=0.4 budget_n=5631 est=12533.5
  [FastestO Curve] run=5 frac=0.5 budget_n=6063 est=12486.4
  [FastestO Curve] run=5 frac=0.6 budget_n=6494 est=14056.4
  [FastestO Curve] run=5 frac=0.7 budget_n=6814 est=14115.6
  [FastestO Curve] run=5 frac=0.8 budget_n=7252 est=13594.5
  [FastestO Curve] run=5 frac=0.9 budget_n=500 est=15020.3
  [Result] #CandTree           : 4.101e+05
  [Result] #TreeTrials         : 273
  [Result] #TreeSuccess        : 10
  [Result] #UniqueOracleNodes  : 500.0000
  [Result] Truth               : 394626.0000
  [Result] Est                 : 15020.3297
  [Result] logQError           : -1.4195
  [Result] TreeCountTime       : 22.7579
  [Result] QueryTime           : 0.5070
/home/wangshuo/projects/PROXY/datasets/parler-E/query_graph/query_cycle_4_46.graph Finished!

Start Processing (Multi-Predicate) /home/wangshuo/projects/PROXY/datasets/parler-E/query_graph/query_cycle_4_47.graph
[Info] Using explicit query nodes for predicates: 1 2 
[Info] FOIS_nrs base budget not found, will rely strictly on Curve CSV.
[Info] Using user-specified root label 1 -> query node 3
  [FastestO Curve] run=1 frac=0.01 budget_n=149 est=9744.03
  [FastestO Curve] run=1 frac=0.05 budget_n=622 est=10332.4
  [FastestO Curve] run=1 frac=0.075 budget_n=915 est=11201.2
  [FastestO Curve] run=1 frac=0.1 budget_n=1181 est=11592.2
  [FastestO Curve] run=1 frac=0.15 budget_n=1664 est=10685.4
  [FastestO Curve] run=1 frac=0.2 budget_n=2040 est=10188.4
  [FastestO Curve] run=1 frac=0.3 budget_n=2738 est=10079
  [FastestO Curve] run=1 frac=0.4 budget_n=3317 est=9915.08
  [FastestO Curve] run=1 frac=0.5 budget_n=3802 est=10725.4
  [FastestO Curve] run=1 frac=0.6 budget_n=4336 est=10624.1
  [FastestO Curve] run=1 frac=0.7 budget_n=4812 est=10646.6
  [FastestO Curve] run=1 frac=0.8 budget_n=5325 est=10140.2
  [FastestO Curve] run=1 frac=0.9 budget_n=500 est=10087.9
  [FastestO Curve] run=2 frac=0.01 budget_n=149 est=4307.89
  [FastestO Curve] run=2 frac=0.05 budget_n=622 est=12162.8
  [FastestO Curve] run=2 frac=0.075 budget_n=915 est=10301.1
  [FastestO Curve] run=2 frac=0.1 budget_n=1181 est=10864.1
  [FastestO Curve] run=2 frac=0.15 budget_n=1664 est=9713.9
  [FastestO Curve] run=2 frac=0.2 budget_n=2040 est=10428.1
  [FastestO Curve] run=2 frac=0.3 budget_n=2738 est=10108.8
  [FastestO Curve] run=2 frac=0.4 budget_n=3317 est=9870.06
  [FastestO Curve] run=2 frac=0.5 budget_n=3802 est=10399
  [FastestO Curve] run=2 frac=0.6 budget_n=4336 est=10083.9
  [FastestO Curve] run=2 frac=0.7 budget_n=4812 est=10331.5
  [FastestO Curve] run=2 frac=0.8 budget_n=5325 est=10173.9
  [FastestO Curve] run=2 frac=0.9 budget_n=500 est=9786.39
  [FastestO Curve] run=3 frac=0.01 budget_n=149 est=12257.2
  [FastestO Curve] run=3 frac=0.05 budget_n=622 est=10436.6
  [FastestO Curve] run=3 frac=0.075 budget_n=915 est=9849.25
  [FastestO Curve] run=3 frac=0.1 budget_n=1181 est=10179.8
  [FastestO Curve] run=3 frac=0.15 budget_n=1664 est=10745.7
  [FastestO Curve] run=3 frac=0.2 budget_n=2040 est=10585.2
  [FastestO Curve] run=3 frac=0.3 budget_n=2738 est=10518.9
  [FastestO Curve] run=3 frac=0.4 budget_n=3317 est=9971.35
  [FastestO Curve] run=3 frac=0.5 budget_n=3802 est=10534.1
  [FastestO Curve] run=3 frac=0.6 budget_n=4336 est=10601.6
  [FastestO Curve] run=3 frac=0.7 budget_n=4812 est=9982.61
  [FastestO Curve] run=3 frac=0.8 budget_n=5325 est=9937.59
  [FastestO Curve] run=3 frac=0.9 budget_n=500 est=9467.38
  [FastestO Curve] run=4 frac=0.01 budget_n=149 est=5463.28
  [FastestO Curve] run=4 frac=0.05 budget_n=622 est=10381
  [FastestO Curve] run=4 frac=0.075 budget_n=915 est=9102.46
  [FastestO Curve] run=4 frac=0.1 budget_n=1181 est=9791.75
  [FastestO Curve] run=4 frac=0.15 budget_n=1664 est=9166.44
  [FastestO Curve] run=4 frac=0.2 budget_n=2040 est=9830.03
  [FastestO Curve] run=4 frac=0.3 budget_n=2738 est=10269.3
  [FastestO Curve] run=4 frac=0.4 budget_n=3317 est=10264
  [FastestO Curve] run=4 frac=0.5 budget_n=3802 est=10072.6
  [FastestO Curve] run=4 frac=0.6 budget_n=4336 est=9791.28
  [FastestO Curve] run=4 frac=0.7 budget_n=4812 est=9768.78
  [FastestO Curve] run=4 frac=0.8 budget_n=5325 est=9802.54
  [FastestO Curve] run=4 frac=0.9 budget_n=500 est=9475.13
  [FastestO Curve] run=5 frac=0.01 budget_n=149 est=10388.6
  [FastestO Curve] run=5 frac=0.05 budget_n=622 est=10400.6
  [FastestO Curve] run=5 frac=0.075 budget_n=915 est=10402.8
  [FastestO Curve] run=5 frac=0.1 budget_n=1181 est=10871.4
  [FastestO Curve] run=5 frac=0.15 budget_n=1664 est=11011.2
  [FastestO Curve] run=5 frac=0.2 budget_n=2040 est=9680.36
  [FastestO Curve] run=5 frac=0.3 budget_n=2738 est=9656.8
  [FastestO Curve] run=5 frac=0.4 budget_n=3317 est=10128.9
  [FastestO Curve] run=5 frac=0.5 budget_n=3802 est=10264
  [FastestO Curve] run=5 frac=0.6 budget_n=4336 est=10117.7
  [FastestO Curve] run=5 frac=0.7 budget_n=4812 est=10590.3
  [FastestO Curve] run=5 frac=0.8 budget_n=5325 est=10489.1
  [FastestO Curve] run=5 frac=0.9 budget_n=500 est=10831.9
  [Result] #CandTree           : 2.251e+05
  [Result] #TreeTrials         : 1039
  [Result] #TreeSuccess        : 50
  [Result] #UniqueOracleNodes  : 500.0000
  [Result] Truth               : 225087.0000
  [Result] Est                 : 10831.9057
  [Result] logQError           : -1.3176
  [Result] TreeCountTime       : 23.4200
  [Result] QueryTime           : 1.7737
/home/wangshuo/projects/PROXY/datasets/parler-E/query_graph/query_cycle_4_47.graph Finished!

Start Processing (Multi-Predicate) /home/wangshuo/projects/PROXY/datasets/parler-E/query_graph/query_cycle_4_48.graph
[Info] Using explicit query nodes for predicates: 0 1 
[Info] FOIS_nrs base budget not found, will rely strictly on Curve CSV.
[Info] Using user-specified root label 1 -> query node 2
  [FastestO Curve] run=1 frac=0.01 budget_n=165 est=3411.42
  [FastestO Curve] run=1 frac=0.05 budget_n=756 est=4972.76
  [FastestO Curve] run=1 frac=0.075 budget_n=1035 est=3755.02
  [FastestO Curve] run=1 frac=0.1 budget_n=1367 est=3103.48
  [FastestO Curve] run=1 frac=0.15 budget_n=1877 est=3423.6
  [FastestO Curve] run=1 frac=0.2 budget_n=2355 est=3704.43
  [FastestO Curve] run=1 frac=0.3 budget_n=3236 est=3684.34
  [FastestO Curve] run=1 frac=0.4 budget_n=4074 est=3475.18
  [FastestO Curve] run=1 frac=0.5 budget_n=4838 est=3776.44
  [FastestO Curve] run=1 frac=0.6 budget_n=5600 est=3692.01
  [FastestO Curve] run=1 frac=0.7 budget_n=6310 est=3668.98
  [FastestO Curve] run=1 frac=0.8 budget_n=7005 est=3515.47
  [FastestO Curve] run=1 frac=0.9 budget_n=500 est=5090.34
  [FastestO Curve] run=2 frac=0.01 budget_n=165 est=4623.92
  [FastestO Curve] run=2 frac=0.05 budget_n=756 est=2243.42
  [FastestO Curve] run=2 frac=0.075 budget_n=1035 est=3391.97
  [FastestO Curve] run=2 frac=0.1 budget_n=1367 est=3784.06
  [FastestO Curve] run=2 frac=0.15 budget_n=1877 est=3712.49
  [FastestO Curve] run=2 frac=0.2 budget_n=2355 est=3386.59
  [FastestO Curve] run=2 frac=0.3 budget_n=3236 est=4101.45
  [FastestO Curve] run=2 frac=0.4 budget_n=4074 est=3636.13
  [FastestO Curve] run=2 frac=0.5 budget_n=4838 est=3668.98
  [FastestO Curve] run=2 frac=0.6 budget_n=5600 est=3822.5
  [FastestO Curve] run=2 frac=0.7 budget_n=6310 est=3699.69
  [FastestO Curve] run=2 frac=0.8 budget_n=7005 est=3768.77
  [FastestO Curve] run=2 frac=0.9 budget_n=500 est=3977.05
  [FastestO Curve] run=3 frac=0.01 budget_n=165 est=5650.82
  [FastestO Curve] run=3 frac=0.05 budget_n=756 est=3218.32
  [FastestO Curve] run=3 frac=0.075 budget_n=1035 est=3832.38
  [FastestO Curve] run=3 frac=0.1 budget_n=1367 est=5186.81
  [FastestO Curve] run=3 frac=0.15 budget_n=1877 est=3166.2
  [FastestO Curve] run=3 frac=0.2 budget_n=2355 est=3176.82
  [FastestO Curve] run=3 frac=0.3 budget_n=3236 est=4043.21
  [FastestO Curve] run=3 frac=0.4 budget_n=4074 est=3806.78
  [FastestO Curve] run=3 frac=0.5 budget_n=4838 est=3530.82
  [FastestO Curve] run=3 frac=0.6 budget_n=5600 est=3853.2
  [FastestO Curve] run=3 frac=0.7 budget_n=6310 est=3630.61
  [FastestO Curve] run=3 frac=0.8 budget_n=7005 est=4052.77
  [FastestO Curve] run=3 frac=0.9 budget_n=500 est=4908.09
  [FastestO Curve] run=4 frac=0.01 budget_n=165 est=1724.88
  [FastestO Curve] run=4 frac=0.05 budget_n=756 est=5044.27
  [FastestO Curve] run=4 frac=0.075 budget_n=1035 est=3908.42
  [FastestO Curve] run=4 frac=0.1 budget_n=1367 est=3207.53
  [FastestO Curve] run=4 frac=0.15 budget_n=1877 est=3156.87
  [FastestO Curve] run=4 frac=0.2 budget_n=2355 est=4241.07
  [FastestO Curve] run=4 frac=0.3 budget_n=3236 est=3939.02
  [FastestO Curve] run=4 frac=0.4 budget_n=4074 est=3549.66
  [FastestO Curve] run=4 frac=0.5 budget_n=4838 est=3622.93
  [FastestO Curve] run=4 frac=0.6 budget_n=5600 est=3968.34
  [FastestO Curve] run=4 frac=0.7 budget_n=6310 est=3530.82
  [FastestO Curve] run=4 frac=0.8 budget_n=7005 est=3999.04
  [FastestO Curve] run=4 frac=0.9 budget_n=500 est=4586.53
  [FastestO Curve] run=5 frac=0.01 budget_n=165 est=3767.21
  [FastestO Curve] run=5 frac=0.05 budget_n=756 est=3527.13
  [FastestO Curve] run=5 frac=0.075 budget_n=1035 est=4267.4
  [FastestO Curve] run=5 frac=0.1 budget_n=1367 est=3220.05
  [FastestO Curve] run=5 frac=0.15 budget_n=1877 est=4256.31
  [FastestO Curve] run=5 frac=0.2 budget_n=2355 est=3828.53
  [FastestO Curve] run=5 frac=0.3 budget_n=3236 est=4054.74
  [FastestO Curve] run=5 frac=0.4 budget_n=4074 est=3579.14
  [FastestO Curve] run=5 frac=0.5 budget_n=4838 est=4129.53
  [FastestO Curve] run=5 frac=0.6 budget_n=5600 est=3653.63
  [FastestO Curve] run=5 frac=0.7 budget_n=6310 est=3868.55
  [FastestO Curve] run=5 frac=0.8 budget_n=7005 est=4129.53
  [FastestO Curve] run=5 frac=0.9 budget_n=500 est=3170.69
  [Result] #CandTree           : 1.535e+05
  [Result] #TreeTrials         : 581
  [Result] #TreeSuccess        : 12
  [Result] #UniqueOracleNodes  : 500.0000
  [Result] Truth               : 153514.0000
  [Result] Est                 : 3170.6850
  [Result] logQError           : -1.6850
  [Result] TreeCountTime       : 19.6830
  [Result] QueryTime           : 0.9976
/home/wangshuo/projects/PROXY/datasets/parler-E/query_graph/query_cycle_4_48.graph Finished!

Start Processing (Multi-Predicate) /home/wangshuo/projects/PROXY/datasets/parler-E/query_graph/query_cycle_4_49.graph
[Info] Using explicit query nodes for predicates: 1 2 
[Info] FOIS_nrs base budget not found, will rely strictly on Curve CSV.
[Info] Using user-specified root label 1 -> query node 3
  [FastestO Curve] run=1 frac=0.01 budget_n=150 est=6747.24
  [FastestO Curve] run=1 frac=0.05 budget_n=632 est=12679
  [FastestO Curve] run=1 frac=0.075 budget_n=874 est=11752.2
  [FastestO Curve] run=1 frac=0.1 budget_n=1131 est=13098.7
  [FastestO Curve] run=1 frac=0.15 budget_n=1655 est=11641.7
  [FastestO Curve] run=1 frac=0.2 budget_n=2030 est=12722.1
  [FastestO Curve] run=1 frac=0.3 budget_n=2715 est=11904.7
  [FastestO Curve] run=1 frac=0.4 budget_n=3254 est=12018.1
  [FastestO Curve] run=1 frac=0.5 budget_n=3735 est=11970.7
  [FastestO Curve] run=1 frac=0.6 budget_n=4284 est=12480.8
  [FastestO Curve] run=1 frac=0.7 budget_n=4760 est=11496.1
  [FastestO Curve] run=1 frac=0.8 budget_n=5334 est=12291
  [FastestO Curve] run=1 frac=0.9 budget_n=500 est=11254.3
  [FastestO Curve] run=2 frac=0.01 budget_n=150 est=16583.9
  [FastestO Curve] run=2 frac=0.05 budget_n=632 est=11600.9
  [FastestO Curve] run=2 frac=0.075 budget_n=874 est=11844.3
  [FastestO Curve] run=2 frac=0.1 budget_n=1131 est=10400
  [FastestO Curve] run=2 frac=0.15 budget_n=1655 est=11605.4
  [FastestO Curve] run=2 frac=0.2 budget_n=2030 est=12640.6
  [FastestO Curve] run=2 frac=0.3 budget_n=2715 est=11860.8
  [FastestO Curve] run=2 frac=0.4 budget_n=3254 est=11424.9
  [FastestO Curve] run=2 frac=0.5 budget_n=3735 est=11543.6
  [FastestO Curve] run=2 frac=0.6 budget_n=4284 est=11626.6
  [FastestO Curve] run=2 frac=0.7 budget_n=4760 est=12314.7
  [FastestO Curve] run=2 frac=0.8 budget_n=5334 est=11258.8
  [FastestO Curve] run=2 frac=0.9 budget_n=500 est=12363.2
  [FastestO Curve] run=3 frac=0.01 budget_n=150 est=3405.9
  [FastestO Curve] run=3 frac=0.05 budget_n=632 est=13156.3
  [FastestO Curve] run=3 frac=0.075 budget_n=874 est=12138.9
  [FastestO Curve] run=3 frac=0.1 budget_n=1131 est=12052.8
  [FastestO Curve] run=3 frac=0.15 budget_n=1655 est=12012.7
  [FastestO Curve] run=3 frac=0.2 budget_n=2030 est=12145.2
  [FastestO Curve] run=3 frac=0.3 budget_n=2715 est=11583.4
  [FastestO Curve] run=3 frac=0.4 budget_n=3254 est=12184.2
  [FastestO Curve] run=3 frac=0.5 budget_n=3735 est=12326.6
  [FastestO Curve] run=3 frac=0.6 budget_n=4284 est=12421.5
  [FastestO Curve] run=3 frac=0.7 budget_n=4760 est=11460.5
  [FastestO Curve] run=3 frac=0.8 budget_n=5334 est=11472.4
  [FastestO Curve] run=3 frac=0.9 budget_n=500 est=11136.6
  [FastestO Curve] run=4 frac=0.01 budget_n=150 est=11983.7
  [FastestO Curve] run=4 frac=0.05 budget_n=632 est=11962.2
  [FastestO Curve] run=4 frac=0.075 budget_n=874 est=12292.1
  [FastestO Curve] run=4 frac=0.1 budget_n=1131 est=12437.1
  [FastestO Curve] run=4 frac=0.15 budget_n=1655 est=11468.3
  [FastestO Curve] run=4 frac=0.2 budget_n=2030 est=12233.5
  [FastestO Curve] run=4 frac=0.3 budget_n=2715 est=12407.5
  [FastestO Curve] run=4 frac=0.4 budget_n=3254 est=11852
  [FastestO Curve] run=4 frac=0.5 budget_n=3735 est=11674.1
  [FastestO Curve] run=4 frac=0.6 budget_n=4284 est=12682.5
  [FastestO Curve] run=4 frac=0.7 budget_n=4760 est=11401.2
  [FastestO Curve] run=4 frac=0.8 budget_n=5334 est=12113
  [FastestO Curve] run=4 frac=0.9 budget_n=500 est=10705.9
  [FastestO Curve] run=5 frac=0.01 budget_n=150 est=5787.27
  [FastestO Curve] run=5 frac=0.05 budget_n=632 est=9578.19
  [FastestO Curve] run=5 frac=0.075 budget_n=874 est=13436.3
  [FastestO Curve] run=5 frac=0.1 budget_n=1131 est=11524.6
  [FastestO Curve] run=5 frac=0.15 budget_n=1655 est=12567.3
  [FastestO Curve] run=5 frac=0.2 budget_n=2030 est=12224.8
  [FastestO Curve] run=5 frac=0.3 budget_n=2715 est=12120.7
  [FastestO Curve] run=5 frac=0.4 budget_n=3254 est=11840.2
  [FastestO Curve] run=5 frac=0.5 budget_n=3735 est=12208
  [FastestO Curve] run=5 frac=0.6 budget_n=4284 est=11330
  [FastestO Curve] run=5 frac=0.7 budget_n=4760 est=12113
  [FastestO Curve] run=5 frac=0.8 budget_n=5334 est=11626.6
  [FastestO Curve] run=5 frac=0.9 budget_n=500 est=12431.9
  [Result] #CandTree           : 2.373e+05
  [Result] #TreeTrials         : 1107
  [Result] #TreeSuccess        : 58
  [Result] #UniqueOracleNodes  : 500.0000
  [Result] Truth               : 237278.0000
  [Result] Est                 : 12431.9097
  [Result] logQError           : -1.2807
  [Result] TreeCountTime       : 23.3549
  [Result] QueryTime           : 2.1141
/home/wangshuo/projects/PROXY/datasets/parler-E/query_graph/query_cycle_4_49.graph Finished!

Start Processing (Multi-Predicate) /home/wangshuo/projects/PROXY/datasets/parler-E/query_graph/query_cycle_4_5.graph
[Info] Using explicit query nodes for predicates: 1 2 
[Info] FOIS_nrs base budget not found, will rely strictly on Curve CSV.
[Warning] Requested root label 1 not found in query. Falling back to default root 1
  [FastestO Curve] run=1 frac=0.01 budget_n=155 est=6040.71
  [FastestO Curve] run=1 frac=0.05 budget_n=638 est=9089.44
  [FastestO Curve] run=1 frac=0.075 budget_n=928 est=9843.95
  [FastestO Curve] run=1 frac=0.1 budget_n=1192 est=10618.9
  [FastestO Curve] run=1 frac=0.15 budget_n=1721 est=10233.3
  [FastestO Curve] run=1 frac=0.2 budget_n=2102 est=9809.91
  [FastestO Curve] run=1 frac=0.3 budget_n=2822 est=9746.99
  [FastestO Curve] run=1 frac=0.4 budget_n=3354 est=9055.63
  [FastestO Curve] run=1 frac=0.5 budget_n=3888 est=9927.91
  [FastestO Curve] run=1 frac=0.6 budget_n=4455 est=9790.18
  [FastestO Curve] run=1 frac=0.7 budget_n=4944 est=9698.36
  [FastestO Curve] run=1 frac=0.8 budget_n=5480 est=9376.99
  [FastestO Curve] run=1 frac=0.9 budget_n=500 est=7592.02
  [FastestO Curve] run=2 frac=0.01 budget_n=155 est=16961.6
  [FastestO Curve] run=2 frac=0.05 budget_n=638 est=10804.2
  [FastestO Curve] run=2 frac=0.075 budget_n=928 est=10612.9
  [FastestO Curve] run=2 frac=0.1 budget_n=1192 est=10679.5
  [FastestO Curve] run=2 frac=0.15 budget_n=1721 est=10825.4
  [FastestO Curve] run=2 frac=0.2 budget_n=2102 est=9662.58
  [FastestO Curve] run=2 frac=0.3 budget_n=2822 est=9308.45
  [FastestO Curve] run=2 frac=0.4 budget_n=3354 est=9629.5
  [FastestO Curve] run=2 frac=0.5 budget_n=3888 est=9411.43
  [FastestO Curve] run=2 frac=0.6 budget_n=4455 est=9686.88
  [FastestO Curve] run=2 frac=0.7 budget_n=4944 est=8998.24
  [FastestO Curve] run=2 frac=0.8 budget_n=5480 est=9319.61
  [FastestO Curve] run=2 frac=0.9 budget_n=500 est=10038.5
  [FastestO Curve] run=3 frac=0.01 budget_n=155 est=13911.9
  [FastestO Curve] run=3 frac=0.05 budget_n=638 est=10771.9
  [FastestO Curve] run=3 frac=0.075 budget_n=928 est=11403.8
  [FastestO Curve] run=3 frac=0.1 budget_n=1192 est=9510.77
  [FastestO Curve] run=3 frac=0.15 budget_n=1721 est=8975.18
  [FastestO Curve] run=3 frac=0.2 budget_n=2102 est=9210.91
  [FastestO Curve] run=3 frac=0.3 budget_n=2822 est=9289.59
  [FastestO Curve] run=3 frac=0.4 budget_n=3354 est=9686.88
  [FastestO Curve] run=3 frac=0.5 budget_n=3888 est=9354.04
  [FastestO Curve] run=3 frac=0.6 budget_n=4455 est=9698.36
  [FastestO Curve] run=3 frac=0.7 budget_n=4944 est=9422.9
  [FastestO Curve] run=3 frac=0.8 budget_n=5480 est=8837.56
  [FastestO Curve] run=3 frac=0.9 budget_n=500 est=7715.87
  [FastestO Curve] run=4 frac=0.01 budget_n=155 est=5936.56
  [FastestO Curve] run=4 frac=0.05 budget_n=638 est=8587.37
  [FastestO Curve] run=4 frac=0.075 budget_n=928 est=9411.95
  [FastestO Curve] run=4 frac=0.1 budget_n=1192 est=9099.38
  [FastestO Curve] run=4 frac=0.15 budget_n=1721 est=9876.39
  [FastestO Curve] run=4 frac=0.2 budget_n=2102 est=9449.04
  [FastestO Curve] run=4 frac=0.3 budget_n=2822 est=9361.38
  [FastestO Curve] run=4 frac=0.4 budget_n=3354 est=9434.38
  [FastestO Curve] run=4 frac=0.5 budget_n=3888 est=9319.61
  [FastestO Curve] run=4 frac=0.6 budget_n=4455 est=9331.09
  [FastestO Curve] run=4 frac=0.7 budget_n=4944 est=9824.61
  [FastestO Curve] run=4 frac=0.8 budget_n=5480 est=9882
  [FastestO Curve] run=4 frac=0.9 budget_n=500 est=10155.1
  [FastestO Curve] run=5 frac=0.01 budget_n=155 est=6808.6
  [FastestO Curve] run=5 frac=0.05 budget_n=638 est=9835.46
  [FastestO Curve] run=5 frac=0.075 budget_n=928 est=9323.6
  [FastestO Curve] run=5 frac=0.1 budget_n=1192 est=8954.39
  [FastestO Curve] run=5 frac=0.15 budget_n=1721 est=9965.36
  [FastestO Curve] run=5 frac=0.2 budget_n=2102 est=9663.83
  [FastestO Curve] run=5 frac=0.3 budget_n=2822 est=9702.85
  [FastestO Curve] run=5 frac=0.4 budget_n=3354 est=9709.84
  [FastestO Curve] run=5 frac=0.5 budget_n=3888 est=9193.36
  [FastestO Curve] run=5 frac=0.6 budget_n=4455 est=9973.82
  [FastestO Curve] run=5 frac=0.7 budget_n=4944 est=8986.77
  [FastestO Curve] run=5 frac=0.8 budget_n=5480 est=8849.04
  [FastestO Curve] run=5 frac=0.9 budget_n=500 est=10832
  [Result] #CandTree           : 2.295e+05
  [Result] #TreeTrials         : 996
  [Result] #TreeSuccess        : 47
  [Result] #UniqueOracleNodes  : 500.0000
  [Result] Truth               : 229547.0000
  [Result] Est                 : 10832.0371
  [Result] logQError           : -1.3262
  [Result] TreeCountTime       : 26.0712
  [Result] QueryTime           : 1.6200
/home/wangshuo/projects/PROXY/datasets/parler-E/query_graph/query_cycle_4_5.graph Finished!

Start Processing (Multi-Predicate) /home/wangshuo/projects/PROXY/datasets/parler-E/query_graph/query_cycle_4_6.graph
[Info] Using explicit query nodes for predicates: 0 1 
[Info] FOIS_nrs base budget not found, will rely strictly on Curve CSV.
[Warning] Requested root label 1 not found in query. Falling back to default root 1
  [FastestO Curve] run=1 frac=0.01 budget_n=231 est=13268.6
  [FastestO Curve] run=1 frac=0.05 budget_n=839 est=7781.25
  [FastestO Curve] run=1 frac=0.075 budget_n=1227 est=8634.34
  [FastestO Curve] run=1 frac=0.1 budget_n=1560 est=10224.1
  [FastestO Curve] run=1 frac=0.15 budget_n=2174 est=7371.82
  [FastestO Curve] run=1 frac=0.2 budget_n=2681 est=9677.07
  [FastestO Curve] run=1 frac=0.3 budget_n=3526 est=8375.79
  [FastestO Curve] run=1 frac=0.4 budget_n=4158 est=10120.2
  [FastestO Curve] run=1 frac=0.5 budget_n=4666 est=10020.8
  [FastestO Curve] run=1 frac=0.6 budget_n=5230 est=9392.64
  [FastestO Curve] run=1 frac=0.7 budget_n=5722 est=9574.26
  [FastestO Curve] run=1 frac=0.8 budget_n=6218 est=8840.38
  [FastestO Curve] run=1 frac=0.9 budget_n=500 est=12469.2
  [FastestO Curve] run=2 frac=0.01 budget_n=231 est=17249.2
  [FastestO Curve] run=2 frac=0.05 budget_n=839 est=10493.6
  [FastestO Curve] run=2 frac=0.075 budget_n=1227 est=9637.47
  [FastestO Curve] run=2 frac=0.1 budget_n=1560 est=9830.71
  [FastestO Curve] run=2 frac=0.15 budget_n=2174 est=9015.1
  [FastestO Curve] run=2 frac=0.2 budget_n=2681 est=8409.57
  [FastestO Curve] run=2 frac=0.3 budget_n=3526 est=9869.57
  [FastestO Curve] run=2 frac=0.4 budget_n=4158 est=10643.3
  [FastestO Curve] run=2 frac=0.5 budget_n=4666 est=8021.8
  [FastestO Curve] run=2 frac=0.6 budget_n=5230 est=8503.16
  [FastestO Curve] run=2 frac=0.7 budget_n=5722 est=9258.36
  [FastestO Curve] run=2 frac=0.8 budget_n=6218 est=9385.23
  [FastestO Curve] run=2 frac=0.9 budget_n=500 est=12423.9
  [FastestO Curve] run=3 frac=0.01 budget_n=231 est=13950.4
  [FastestO Curve] run=3 frac=0.05 budget_n=839 est=7786.99
  [FastestO Curve] run=3 frac=0.075 budget_n=1227 est=7694.31
  [FastestO Curve] run=3 frac=0.1 budget_n=1560 est=9659.97
  [FastestO Curve] run=3 frac=0.15 budget_n=2174 est=8610.85
  [FastestO Curve] run=3 frac=0.2 budget_n=2681 est=11289.2
  [FastestO Curve] run=3 frac=0.3 budget_n=3526 est=9102.95
  [FastestO Curve] run=3 frac=0.4 budget_n=4158 est=9575.24
  [FastestO Curve] run=3 frac=0.5 budget_n=4666 est=9852.74
  [FastestO Curve] run=3 frac=0.6 budget_n=5230 est=10442.6
  [FastestO Curve] run=3 frac=0.7 budget_n=5722 est=10124.1
  [FastestO Curve] run=3 frac=0.8 budget_n=6218 est=9414.72
  [FastestO Curve] run=3 frac=0.9 budget_n=500 est=12142.3
  [FastestO Curve] run=4 frac=0.01 budget_n=231 est=10434
  [FastestO Curve] run=4 frac=0.05 budget_n=839 est=9375.86
  [FastestO Curve] run=4 frac=0.075 budget_n=1227 est=8175.06
  [FastestO Curve] run=4 frac=0.1 budget_n=1560 est=11189.4
  [FastestO Curve] run=4 frac=0.15 budget_n=2174 est=9058.16
  [FastestO Curve] run=4 frac=0.2 budget_n=2681 est=9614.99
  [FastestO Curve] run=4 frac=0.3 budget_n=3526 est=8994.49
  [FastestO Curve] run=4 frac=0.4 budget_n=4158 est=8891.62
  [FastestO Curve] run=4 frac=0.5 budget_n=4666 est=9955.41
  [FastestO Curve] run=4 frac=0.6 budget_n=5230 est=10875.3
  [FastestO Curve] run=4 frac=0.7 budget_n=5722 est=9600.32
  [FastestO Curve] run=4 frac=0.8 budget_n=6218 est=9303.56
  [FastestO Curve] run=4 frac=0.9 budget_n=500 est=7573.89
  [FastestO Curve] run=5 frac=0.01 budget_n=231 est=9288.03
  [FastestO Curve] run=5 frac=0.05 budget_n=839 est=7847.76
  [FastestO Curve] run=5 frac=0.075 budget_n=1227 est=8621.48
  [FastestO Curve] run=5 frac=0.1 budget_n=1560 est=9490.73
  [FastestO Curve] run=5 frac=0.15 budget_n=2174 est=9483.52
  [FastestO Curve] run=5 frac=0.2 budget_n=2681 est=9715.34
  [FastestO Curve] run=5 frac=0.3 budget_n=3526 est=10637.1
  [FastestO Curve] run=5 frac=0.4 budget_n=4158 est=9464.27
  [FastestO Curve] run=5 frac=0.5 budget_n=4666 est=10481.4
  [FastestO Curve] run=5 frac=0.6 budget_n=5230 est=10136.5
  [FastestO Curve] run=5 frac=0.7 budget_n=5722 est=9855.57
  [FastestO Curve] run=5 frac=0.8 budget_n=6218 est=9614.53
  [FastestO Curve] run=5 frac=0.9 budget_n=500 est=14491.6
  [Result] #CandTree           : 2.295e+05
  [Result] #TreeTrials         : 396
  [Result] #TreeSuccess        : 25
  [Result] #UniqueOracleNodes  : 500.0000
  [Result] Truth               : 229547.0000
  [Result] Est                 : 14491.6035
  [Result] logQError           : -1.1998
  [Result] TreeCountTime       : 25.0356
  [Result] QueryTime           : 0.7463
/home/wangshuo/projects/PROXY/datasets/parler-E/query_graph/query_cycle_4_6.graph Finished!

Start Processing (Multi-Predicate) /home/wangshuo/projects/PROXY/datasets/parler-E/query_graph/query_cycle_4_7.graph
[Info] Using explicit query nodes for predicates: 2 3 
[Info] FOIS_nrs base budget not found, will rely strictly on Curve CSV.
[Warning] Requested root label 1 not found in query. Falling back to default root 1
  [FastestO Curve] run=1 frac=0.01 budget_n=125 est=28403.8
  [FastestO Curve] run=1 frac=0.05 budget_n=556 est=22582.8
  [FastestO Curve] run=1 frac=0.075 budget_n=833 est=21512.4
  [FastestO Curve] run=1 frac=0.1 budget_n=1072 est=13318.5
  [FastestO Curve] run=1 frac=0.15 budget_n=1508 est=15210.8
  [FastestO Curve] run=1 frac=0.2 budget_n=1868 est=18847.2
  [FastestO Curve] run=1 frac=0.3 budget_n=2646 est=15121.6
  [FastestO Curve] run=1 frac=0.4 budget_n=3311 est=18734.4
  [FastestO Curve] run=1 frac=0.5 budget_n=3960 est=17944.4
  [FastestO Curve] run=1 frac=0.6 budget_n=4577 est=18385.5
  [FastestO Curve] run=1 frac=0.7 budget_n=5163 est=19037.3
  [FastestO Curve] run=1 frac=0.8 budget_n=5733 est=17671.8
  [FastestO Curve] run=1 frac=0.9 budget_n=500 est=14439.9
  [FastestO Curve] run=2 frac=0.01 budget_n=125 est=14912
  [FastestO Curve] run=2 frac=0.05 budget_n=556 est=25167.9
  [FastestO Curve] run=2 frac=0.075 budget_n=833 est=16086.3
  [FastestO Curve] run=2 frac=0.1 budget_n=1072 est=21058
  [FastestO Curve] run=2 frac=0.15 budget_n=1508 est=16450.2
  [FastestO Curve] run=2 frac=0.2 budget_n=1868 est=18550.8
  [FastestO Curve] run=2 frac=0.3 budget_n=2646 est=20295.8
  [FastestO Curve] run=2 frac=0.4 budget_n=3311 est=20912.6
  [FastestO Curve] run=2 frac=0.5 budget_n=3960 est=18584.8
  [FastestO Curve] run=2 frac=0.6 budget_n=4577 est=17591.8
  [FastestO Curve] run=2 frac=0.7 budget_n=5163 est=18597.9
  [FastestO Curve] run=2 frac=0.8 budget_n=5733 est=17360.9
  [FastestO Curve] run=2 frac=0.9 budget_n=500 est=24275.3
  [FastestO Curve] run=3 frac=0.01 budget_n=125 est=30201.5
  [FastestO Curve] run=3 frac=0.05 budget_n=556 est=11420.8
  [FastestO Curve] run=3 frac=0.075 budget_n=833 est=24771.8
  [FastestO Curve] run=3 frac=0.1 budget_n=1072 est=11877.3
  [FastestO Curve] run=3 frac=0.15 budget_n=1508 est=18457.8
  [FastestO Curve] run=3 frac=0.2 budget_n=1868 est=14667.5
  [FastestO Curve] run=3 frac=0.3 budget_n=2646 est=17015.7
  [FastestO Curve] run=3 frac=0.4 budget_n=3311 est=15538.1
  [FastestO Curve] run=3 frac=0.5 budget_n=3960 est=16711.4
  [FastestO Curve] run=3 frac=0.6 budget_n=4577 est=17404
  [FastestO Curve] run=3 frac=0.7 budget_n=5163 est=17389.3
  [FastestO Curve] run=3 frac=0.8 budget_n=5733 est=17129.7
  [FastestO Curve] run=3 frac=0.9 budget_n=500 est=19537.9
  [FastestO Curve] run=4 frac=0.01 budget_n=125 est=4570.72
  [FastestO Curve] run=4 frac=0.05 budget_n=556 est=15255.2
  [FastestO Curve] run=4 frac=0.075 budget_n=833 est=11992.7
  [FastestO Curve] run=4 frac=0.1 budget_n=1072 est=19690.5
  [FastestO Curve] run=4 frac=0.15 budget_n=1508 est=20134.3
  [FastestO Curve] run=4 frac=0.2 budget_n=1868 est=15438.3
  [FastestO Curve] run=4 frac=0.3 budget_n=2646 est=18056
  [FastestO Curve] run=4 frac=0.4 budget_n=3311 est=16389.6
  [FastestO Curve] run=4 frac=0.5 budget_n=3960 est=17100.9
  [FastestO Curve] run=4 frac=0.6 budget_n=4577 est=18273.6
  [FastestO Curve] run=4 frac=0.7 budget_n=5163 est=17324.5
  [FastestO Curve] run=4 frac=0.8 budget_n=5733 est=19200.7
  [FastestO Curve] run=4 frac=0.9 budget_n=500 est=20747.1
  [FastestO Curve] run=5 frac=0.01 budget_n=125 est=9467.93
  [FastestO Curve] run=5 frac=0.05 budget_n=556 est=22431.7
  [FastestO Curve] run=5 frac=0.075 budget_n=833 est=21358.9
  [FastestO Curve] run=5 frac=0.1 budget_n=1072 est=21353.7
  [FastestO Curve] run=5 frac=0.15 budget_n=1508 est=18368.1
  [FastestO Curve] run=5 frac=0.2 budget_n=1868 est=18323.9
  [FastestO Curve] run=5 frac=0.3 budget_n=2646 est=15721.5
  [FastestO Curve] run=5 frac=0.4 budget_n=3311 est=15820.9
  [FastestO Curve] run=5 frac=0.5 budget_n=3960 est=19573.6
  [FastestO Curve] run=5 frac=0.6 budget_n=4577 est=19759.9
  [FastestO Curve] run=5 frac=0.7 budget_n=5163 est=16986
  [FastestO Curve] run=5 frac=0.8 budget_n=5733 est=18555.7
  [FastestO Curve] run=5 frac=0.9 budget_n=500 est=20179.4
  [Result] #CandTree           : 3.977e+05
  [Result] #TreeTrials         : 335
  [Result] #TreeSuccess        : 17
  [Result] #UniqueOracleNodes  : 500.0000
  [Result] Truth               : 397653.0000
  [Result] Est                 : 20179.4060
  [Result] logQError           : -1.2946
  [Result] TreeCountTime       : 20.1606
  [Result] QueryTime           : 0.6275
/home/wangshuo/projects/PROXY/datasets/parler-E/query_graph/query_cycle_4_7.graph Finished!

Start Processing (Multi-Predicate) /home/wangshuo/projects/PROXY/datasets/parler-E/query_graph/query_cycle_4_8.graph
[Info] Using explicit query nodes for predicates: 0 2 3 
[Info] FOIS_nrs base budget not found, will rely strictly on Curve CSV.
[Warning] Requested root label 1 not found in query. Falling back to default root 1
  [FastestO Curve] run=1 frac=0.01 budget_n=566 est=826.403
  [FastestO Curve] run=1 frac=0.05 budget_n=1859 est=1624.05
  [FastestO Curve] run=1 frac=0.075 budget_n=2554 est=2209.81
  [FastestO Curve] run=1 frac=0.1 budget_n=3129 est=2196.28
  [FastestO Curve] run=1 frac=0.15 budget_n=4182 est=1950.77
  [FastestO Curve] run=1 frac=0.2 budget_n=5009 est=2163.89
  [FastestO Curve] run=1 frac=0.3 budget_n=6352 est=2511.01
  [FastestO Curve] run=1 frac=0.4 budget_n=7254 est=2719.82
  [FastestO Curve] run=1 frac=0.5 budget_n=7941 est=2376.78
  [FastestO Curve] run=1 frac=0.6 budget_n=8403 est=2278.77
  [FastestO Curve] run=1 frac=0.7 budget_n=8846 est=2744.32
  [FastestO Curve] run=1 frac=0.8 budget_n=9142 est=2768.82
  [FastestO Curve] run=1 frac=0.9 budget_n=500 est=976.209
  [FastestO Curve] run=2 frac=0.01 budget_n=566 est=3403.17
  [FastestO Curve] run=2 frac=0.05 budget_n=1859 est=4342.28
  [FastestO Curve] run=2 frac=0.075 budget_n=2554 est=2562.21
  [FastestO Curve] run=2 frac=0.1 budget_n=3129 est=2210.93
  [FastestO Curve] run=2 frac=0.15 budget_n=4182 est=2582.48
  [FastestO Curve] run=2 frac=0.2 budget_n=5009 est=2354.58
  [FastestO Curve] run=2 frac=0.3 budget_n=6352 est=2398
  [FastestO Curve] run=2 frac=0.4 budget_n=7254 est=2278.77
  [FastestO Curve] run=2 frac=0.5 budget_n=7941 est=2695.31
  [FastestO Curve] run=2 frac=0.6 budget_n=8403 est=2156.25
  [FastestO Curve] run=2 frac=0.7 budget_n=8846 est=2327.77
  [FastestO Curve] run=2 frac=0.8 budget_n=9142 est=2016.5
  [FastestO Curve] run=2 frac=0.9 budget_n=500 est=4083.81
  [FastestO Curve] run=3 frac=0.01 budget_n=566 est=1664.03
  [FastestO Curve] run=3 frac=0.05 budget_n=1859 est=2793.48
  [FastestO Curve] run=3 frac=0.075 budget_n=2554 est=2145.26
  [FastestO Curve] run=3 frac=0.1 budget_n=3129 est=2700.57
  [FastestO Curve] run=3 frac=0.15 budget_n=4182 est=1971.7
  [FastestO Curve] run=3 frac=0.2 budget_n=5009 est=2314.95
  [FastestO Curve] run=3 frac=0.3 budget_n=6352 est=2691.71
  [FastestO Curve] run=3 frac=0.4 budget_n=7254 est=2278.77
  [FastestO Curve] run=3 frac=0.5 budget_n=7941 est=2597.3
  [FastestO Curve] run=3 frac=0.6 budget_n=8403 est=2499.29
  [FastestO Curve] run=3 frac=0.7 budget_n=8846 est=2205.26
  [FastestO Curve] run=3 frac=0.8 budget_n=9142 est=2327.77
  [FastestO Curve] run=3 frac=0.9 budget_n=500 est=0
  [FastestO Curve] run=4 frac=0.01 budget_n=566 est=1707.52
  [FastestO Curve] run=4 frac=0.05 budget_n=1859 est=1864.91
  [FastestO Curve] run=4 frac=0.075 budget_n=2554 est=1974.97
  [FastestO Curve] run=4 frac=0.1 budget_n=3129 est=2054.95
  [FastestO Curve] run=4 frac=0.15 budget_n=4182 est=3476.01
  [FastestO Curve] run=4 frac=0.2 budget_n=5009 est=2397.41
  [FastestO Curve] run=4 frac=0.3 budget_n=6352 est=2057.45
  [FastestO Curve] run=4 frac=0.4 budget_n=7254 est=2425.78
  [FastestO Curve] run=4 frac=0.5 budget_n=7941 est=2646.31
  [FastestO Curve] run=4 frac=0.6 budget_n=8403 est=2597.3
  [FastestO Curve] run=4 frac=0.7 budget_n=8846 est=2376.78
  [FastestO Curve] run=4 frac=0.8 budget_n=9142 est=2376.78
  [FastestO Curve] run=4 frac=0.9 budget_n=500 est=2811.03
  [FastestO Curve] run=5 frac=0.01 budget_n=566 est=1734.72
  [FastestO Curve] run=5 frac=0.05 budget_n=1859 est=2804.91
  [FastestO Curve] run=5 frac=0.075 budget_n=2554 est=2936.87
  [FastestO Curve] run=5 frac=0.1 budget_n=3129 est=2879.86
  [FastestO Curve] run=5 frac=0.15 budget_n=4182 est=2249.87
  [FastestO Curve] run=5 frac=0.2 budget_n=5009 est=2063.59
  [FastestO Curve] run=5 frac=0.3 budget_n=6352 est=2527.73
  [FastestO Curve] run=5 frac=0.4 budget_n=7254 est=2499.29
  [FastestO Curve] run=5 frac=0.5 budget_n=7941 est=2254.26
  [FastestO Curve] run=5 frac=0.6 budget_n=8403 est=2376.78
  [FastestO Curve] run=5 frac=0.7 budget_n=8846 est=2229.76
  [FastestO Curve] run=5 frac=0.8 budget_n=9142 est=2107.25
  [FastestO Curve] run=5 frac=0.9 budget_n=500 est=1980.03
  [Result] #CandTree           : 4.901e+05
  [Result] #TreeTrials         : 495
  [Result] #TreeSuccess        : 2
  [Result] #UniqueOracleNodes  : 500.0000
  [Result] Truth               : 475704.0000
  [Result] Est                 : 1980.0283
  [Result] logQError           : -2.3807
  [Result] TreeCountTime       : 20.7065
  [Result] QueryTime           : 0.7926
/home/wangshuo/projects/PROXY/datasets/parler-E/query_graph/query_cycle_4_8.graph Finished!

Start Processing (Multi-Predicate) /home/wangshuo/projects/PROXY/datasets/parler-E/query_graph/query_cycle_4_9.graph
[Info] Using explicit query nodes for predicates: 0 1 
[Info] FOIS_nrs base budget not found, will rely strictly on Curve CSV.
[Warning] Requested root label 1 not found in query. Falling back to default root 1
  [FastestO Curve] run=1 frac=0.01 budget_n=128 est=1491.76
  [FastestO Curve] run=1 frac=0.05 budget_n=514 est=1731.09
  [FastestO Curve] run=1 frac=0.075 budget_n=747 est=1790.11
  [FastestO Curve] run=1 frac=0.1 budget_n=1022 est=1116.51
  [FastestO Curve] run=1 frac=0.15 budget_n=1386 est=1565.16
  [FastestO Curve] run=1 frac=0.2 budget_n=1661 est=1446.18
  [FastestO Curve] run=1 frac=0.3 budget_n=2129 est=2012.8
  [FastestO Curve] run=1 frac=0.4 budget_n=2484 est=1940.02
  [FastestO Curve] run=1 frac=0.5 budget_n=2746 est=1642.47
  [FastestO Curve] run=1 frac=0.6 budget_n=3041 est=1380.59
  [FastestO Curve] run=1 frac=0.7 budget_n=3233 est=1708.54
  [FastestO Curve] run=1 frac=0.8 budget_n=3401 est=1677.45
  [FastestO Curve] run=1 frac=0.9 budget_n=500 est=2455.55
  [FastestO Curve] run=2 frac=0.01 budget_n=128 est=1506.98
  [FastestO Curve] run=2 frac=0.05 budget_n=514 est=1843.34
  [FastestO Curve] run=2 frac=0.075 budget_n=747 est=1514.71
  [FastestO Curve] run=2 frac=0.1 budget_n=1022 est=2072.76
  [FastestO Curve] run=2 frac=0.15 budget_n=1386 est=1611.63
  [FastestO Curve] run=2 frac=0.2 budget_n=1661 est=1698.51
  [FastestO Curve] run=2 frac=0.3 budget_n=2129 est=1643.74
  [FastestO Curve] run=2 frac=0.4 budget_n=2484 est=1598.65
  [FastestO Curve] run=2 frac=0.5 budget_n=2746 est=1835.05
  [FastestO Curve] run=2 frac=0.6 budget_n=3041 est=1273.14
  [FastestO Curve] run=2 frac=0.7 budget_n=3233 est=1655.33
  [FastestO Curve] run=2 frac=0.8 budget_n=3401 est=1526.45
  [FastestO Curve] run=2 frac=0.9 budget_n=500 est=1921.09
  [FastestO Curve] run=3 frac=0.01 budget_n=128 est=1447.88
  [FastestO Curve] run=3 frac=0.05 budget_n=514 est=1946.22
  [FastestO Curve] run=3 frac=0.075 budget_n=747 est=1725.98
  [FastestO Curve] run=3 frac=0.1 budget_n=1022 est=1811.76
  [FastestO Curve] run=3 frac=0.15 budget_n=1386 est=1397.3
  [FastestO Curve] run=3 frac=0.2 budget_n=1661 est=1567.96
  [FastestO Curve] run=3 frac=0.3 budget_n=2129 est=1612.64
  [FastestO Curve] run=3 frac=0.4 budget_n=2484 est=1579.98
  [FastestO Curve] run=3 frac=0.5 budget_n=2746 est=1745.89
  [FastestO Curve] run=3 frac=0.6 budget_n=3041 est=1687.36
  [FastestO Curve] run=3 frac=0.7 budget_n=3233 est=1382.53
  [FastestO Curve] run=3 frac=0.8 budget_n=3401 est=1578.25
  [FastestO Curve] run=3 frac=0.9 budget_n=500 est=1775.05
  [FastestO Curve] run=4 frac=0.01 budget_n=128 est=2486.26
  [FastestO Curve] run=4 frac=0.05 budget_n=514 est=1009.23
  [FastestO Curve] run=4 frac=0.075 budget_n=747 est=1378.08
  [FastestO Curve] run=4 frac=0.1 budget_n=1022 est=1399.11
  [FastestO Curve] run=4 frac=0.15 budget_n=1386 est=1377.51
  [FastestO Curve] run=4 frac=0.2 budget_n=1661 est=1284.45
  [FastestO Curve] run=4 frac=0.3 budget_n=2129 est=1683.55
  [FastestO Curve] run=4 frac=0.4 budget_n=2484 est=1836.87
  [FastestO Curve] run=4 frac=0.5 budget_n=2746 est=1611.77
  [FastestO Curve] run=4 frac=0.6 budget_n=3041 est=1590.94
  [FastestO Curve] run=4 frac=0.7 budget_n=3233 est=1451.8
  [FastestO Curve] run=4 frac=0.8 budget_n=3401 est=1698.7
  [FastestO Curve] run=4 frac=0.9 budget_n=500 est=1902.53
  [FastestO Curve] run=5 frac=0.01 budget_n=128 est=2437.03
  [FastestO Curve] run=5 frac=0.05 budget_n=514 est=2150.19
  [FastestO Curve] run=5 frac=0.075 budget_n=747 est=1798.28
  [FastestO Curve] run=5 frac=0.1 budget_n=1022 est=1588
  [FastestO Curve] run=5 frac=0.15 budget_n=1386 est=1618.16
  [FastestO Curve] run=5 frac=0.2 budget_n=1661 est=1549.13
  [FastestO Curve] run=5 frac=0.3 budget_n=2129 est=1588
  [FastestO Curve] run=5 frac=0.4 budget_n=2484 est=1540.54
  [FastestO Curve] run=5 frac=0.5 budget_n=2746 est=1467.26
  [FastestO Curve] run=5 frac=0.6 budget_n=3041 est=1426.33
  [FastestO Curve] run=5 frac=0.7 budget_n=3233 est=1679.19
  [FastestO Curve] run=5 frac=0.8 budget_n=3401 est=1403.99
  [FastestO Curve] run=5 frac=0.9 budget_n=500 est=1502.26
  [Result] #CandTree           : 4.923e+04
  [Result] #TreeTrials         : 426
  [Result] #TreeSuccess        : 13
  [Result] #UniqueOracleNodes  : 500.0000
  [Result] Truth               : 49228.0000
  [Result] Est                 : 1502.2629
  [Result] logQError           : -1.5155
  [Result] TreeCountTime       : 10.8178
  [Result] QueryTime           : 0.6122
/home/wangshuo/projects/PROXY/datasets/parler-E/query_graph/query_cycle_4_9.graph Finished!

Start Processing (Multi-Predicate) /home/wangshuo/projects/PROXY/datasets/parler-E/query_graph/query_cycle_6_1.graph
[Info] Using explicit query nodes for predicates: 1 4 5 
[Info] FOIS_nrs base budget not found, will rely strictly on Curve CSV.
[Info] Using user-specified root label 1 -> query node 3
  [FastestO Curve] run=1 frac=0.01 budget_n=287 est=4348.25
  [FastestO Curve] run=1 frac=0.05 budget_n=978 est=3471.07
  [FastestO Curve] run=1 frac=0.075 budget_n=1283 est=3923.27
  [FastestO Curve] run=1 frac=0.1 budget_n=1565 est=2596.87
  [FastestO Curve] run=1 frac=0.15 budget_n=2073 est=3246.9
  [FastestO Curve] run=1 frac=0.2 budget_n=2483 est=2067.8
  [FastestO Curve] run=1 frac=0.3 budget_n=3255 est=2899.72
  [FastestO Curve] run=1 frac=0.4 budget_n=3842 est=3148.41
  [FastestO Curve] run=1 frac=0.5 budget_n=4295 est=2932.49
  [FastestO Curve] run=1 frac=0.6 budget_n=4706 est=2657.82
  [FastestO Curve] run=1 frac=0.7 budget_n=5050 est=2897.27
  [FastestO Curve] run=1 frac=0.8 budget_n=5385 est=3768.71
  [FastestO Curve] run=1 frac=0.9 budget_n=500 est=3240
  [FastestO Curve] run=2 frac=0.01 budget_n=287 est=1842.12
  [FastestO Curve] run=2 frac=0.05 budget_n=978 est=2530.25
  [FastestO Curve] run=2 frac=0.075 budget_n=1283 est=3756.44
  [FastestO Curve] run=2 frac=0.1 budget_n=1565 est=2621.86
  [FastestO Curve] run=2 frac=0.15 budget_n=2073 est=2836.19
  [FastestO Curve] run=2 frac=0.2 budget_n=2483 est=3417.82
  [FastestO Curve] run=2 frac=0.3 budget_n=3255 est=3521.13
  [FastestO Curve] run=2 frac=0.4 budget_n=3842 est=2968.59
  [FastestO Curve] run=2 frac=0.5 budget_n=4295 est=3483
  [FastestO Curve] run=2 frac=0.6 budget_n=4706 est=2845.99
  [FastestO Curve] run=2 frac=0.7 budget_n=5050 est=3292.8
  [FastestO Curve] run=2 frac=0.8 budget_n=5385 est=3433.42
  [FastestO Curve] run=2 frac=0.9 budget_n=500 est=1805.07
  [FastestO Curve] run=3 frac=0.01 budget_n=287 est=0
  [FastestO Curve] run=3 frac=0.05 budget_n=978 est=2011.68
  [FastestO Curve] run=3 frac=0.075 budget_n=1283 est=2506.16
  [FastestO Curve] run=3 frac=0.1 budget_n=1565 est=3119.28
  [FastestO Curve] run=3 frac=0.15 budget_n=2073 est=3054.54
  [FastestO Curve] run=3 frac=0.2 budget_n=2483 est=3133.84
  [FastestO Curve] run=3 frac=0.3 budget_n=3255 est=2561.84
  [FastestO Curve] run=3 frac=0.4 budget_n=3842 est=3682.41
  [FastestO Curve] run=3 frac=0.5 budget_n=4295 est=3142.64
  [FastestO Curve] run=3 frac=0.6 budget_n=4706 est=3062.83
  [FastestO Curve] run=3 frac=0.7 budget_n=5050 est=3601.51
  [FastestO Curve] run=3 frac=0.8 budget_n=5385 est=3640.72
  [FastestO Curve] run=3 frac=0.9 budget_n=500 est=3727.07
  [FastestO Curve] run=4 frac=0.01 budget_n=287 est=1882.3
  [FastestO Curve] run=4 frac=0.05 budget_n=978 est=3025.66
  [FastestO Curve] run=4 frac=0.075 budget_n=1283 est=3719.8
  [FastestO Curve] run=4 frac=0.1 budget_n=1565 est=3822.86
  [FastestO Curve] run=4 frac=0.15 budget_n=2073 est=3913.1
  [FastestO Curve] run=4 frac=0.2 budget_n=2483 est=3645.87
  [FastestO Curve] run=4 frac=0.3 budget_n=3255 est=3109.47
  [FastestO Curve] run=4 frac=0.4 budget_n=3842 est=3033.93
  [FastestO Curve] run=4 frac=0.5 budget_n=4295 est=3710.73
  [FastestO Curve] run=4 frac=0.6 budget_n=4706 est=3142.64
  [FastestO Curve] run=4 frac=0.7 budget_n=5050 est=3508.33
  [FastestO Curve] run=4 frac=0.8 budget_n=5385 est=3024.42
  [FastestO Curve] run=4 frac=0.9 budget_n=500 est=2530.49
  [FastestO Curve] run=5 frac=0.01 budget_n=287 est=5437.07
  [FastestO Curve] run=5 frac=0.05 budget_n=978 est=2306.98
  [FastestO Curve] run=5 frac=0.075 budget_n=1283 est=1491.25
  [FastestO Curve] run=5 frac=0.1 budget_n=1565 est=2408.05
  [FastestO Curve] run=5 frac=0.15 budget_n=2073 est=3036.9
  [FastestO Curve] run=5 frac=0.2 budget_n=2483 est=3558.44
  [FastestO Curve] run=5 frac=0.3 budget_n=3255 est=3213.64
  [FastestO Curve] run=5 frac=0.4 budget_n=3842 est=3874.66
  [FastestO Curve] run=5 frac=0.5 budget_n=4295 est=2941.43
  [FastestO Curve] run=5 frac=0.6 budget_n=4706 est=2538.92
  [FastestO Curve] run=5 frac=0.7 budget_n=5050 est=3033.93
  [FastestO Curve] run=5 frac=0.8 budget_n=5385 est=2748.69
  [FastestO Curve] run=5 frac=0.9 budget_n=500 est=3336.35
  [Result] #CandTree           : 1.122e+06
  [Result] #TreeTrials         : 1345
  [Result] #TreeSuccess        : 4
  [Result] #UniqueOracleNodes  : 500.0000
  [Result] Truth               : 847718.0000
  [Result] Est                 : 3336.3539
  [Result] logQError           : -2.4050
  [Result] TreeCountTime       : 20.6987
  [Result] QueryTime           : 2.4637
/home/wangshuo/projects/PROXY/datasets/parler-E/query_graph/query_cycle_6_1.graph Finished!

Start Processing (Multi-Predicate) /home/wangshuo/projects/PROXY/datasets/parler-E/query_graph/query_cycle_6_10.graph
[Info] Using explicit query nodes for predicates: 1 2 
[Info] FOIS_nrs base budget not found, will rely strictly on Curve CSV.
[Warning] Requested root label 1 not found in query. Falling back to default root 2
  [FastestO Curve] run=1 frac=0.01 budget_n=50 est=726.652
  [FastestO Curve] run=1 frac=0.05 budget_n=190 est=589.871
  [FastestO Curve] run=1 frac=0.075 budget_n=264 est=187.261
  [FastestO Curve] run=1 frac=0.1 budget_n=346 est=349.279
  [FastestO Curve] run=1 frac=0.15 budget_n=520 est=225.298
  [FastestO Curve] run=1 frac=0.2 budget_n=624 est=271.342
  [FastestO Curve] run=1 frac=0.3 budget_n=831 est=323.317
  [FastestO Curve] run=1 frac=0.4 budget_n=952 est=336.68
  [FastestO Curve] run=1 frac=0.5 budget_n=1054 est=244.113
  [FastestO Curve] run=1 frac=0.6 budget_n=1156 est=311.399
  [FastestO Curve] run=1 frac=0.7 budget_n=1246 est=387.807
  [FastestO Curve] run=1 frac=0.8 budget_n=1336 est=265.286
  [FastestO Curve] run=1 frac=0.9 budget_n=500 est=401.916
  [FastestO Curve] run=2 frac=0.01 budget_n=50 est=0
  [FastestO Curve] run=2 frac=0.05 budget_n=190 est=417.825
  [FastestO Curve] run=2 frac=0.075 budget_n=264 est=327.706
  [FastestO Curve] run=2 frac=0.1 budget_n=346 est=203.817
  [FastestO Curve] run=2 frac=0.15 budget_n=520 est=320.963
  [FastestO Curve] run=2 frac=0.2 budget_n=624 est=264.865
  [FastestO Curve] run=2 frac=0.3 budget_n=831 est=307.45
  [FastestO Curve] run=2 frac=0.4 budget_n=952 est=381.285
  [FastestO Curve] run=2 frac=0.5 budget_n=1054 est=258.288
  [FastestO Curve] run=2 frac=0.6 budget_n=1156 est=277.53
  [FastestO Curve] run=2 frac=0.7 budget_n=1246 est=326.725
  [FastestO Curve] run=2 frac=0.8 budget_n=1336 est=325.454
  [FastestO Curve] run=2 frac=0.9 budget_n=500 est=379.587
  [FastestO Curve] run=3 frac=0.01 budget_n=50 est=557.1
  [FastestO Curve] run=3 frac=0.05 budget_n=190 est=351.853
  [FastestO Curve] run=3 frac=0.075 budget_n=264 est=430.378
  [FastestO Curve] run=3 frac=0.1 budget_n=346 est=134.241
  [FastestO Curve] run=3 frac=0.15 budget_n=520 est=350.929
  [FastestO Curve] run=3 frac=0.2 budget_n=624 est=298.29
  [FastestO Curve] run=3 frac=0.3 budget_n=831 est=357.036
  [FastestO Curve] run=3 frac=0.4 budget_n=952 est=322.373
  [FastestO Curve] run=3 frac=0.5 budget_n=1054 est=344.224
  [FastestO Curve] run=3 frac=0.6 budget_n=1156 est=373.519
  [FastestO Curve] run=3 frac=0.7 budget_n=1246 est=308.247
  [FastestO Curve] run=3 frac=0.8 budget_n=1336 est=345.646
  [FastestO Curve] run=3 frac=0.9 budget_n=500 est=339.695
  [FastestO Curve] run=4 frac=0.01 budget_n=50 est=586.421
  [FastestO Curve] run=4 frac=0.05 budget_n=190 est=469.843
  [FastestO Curve] run=4 frac=0.075 budget_n=264 est=547.152
  [FastestO Curve] run=4 frac=0.1 budget_n=346 est=550.222
  [FastestO Curve] run=4 frac=0.15 budget_n=520 est=258.615
  [FastestO Curve] run=4 frac=0.2 budget_n=624 est=327.199
  [FastestO Curve] run=4 frac=0.3 budget_n=831 est=352.515
  [FastestO Curve] run=4 frac=0.4 budget_n=952 est=378.032
  [FastestO Curve] run=4 frac=0.5 budget_n=1054 est=374.444
  [FastestO Curve] run=4 frac=0.6 budget_n=1156 est=317.9
  [FastestO Curve] run=4 frac=0.7 budget_n=1246 est=308.455
  [FastestO Curve] run=4 frac=0.8 budget_n=1336 est=284.674
  [FastestO Curve] run=4 frac=0.9 budget_n=500 est=158.524
  [FastestO Curve] run=5 frac=0.01 budget_n=50 est=242.217
  [FastestO Curve] run=5 frac=0.05 budget_n=190 est=141.936
  [FastestO Curve] run=5 frac=0.075 budget_n=264 est=278.55
  [FastestO Curve] run=5 frac=0.1 budget_n=346 est=99.4821
  [FastestO Curve] run=5 frac=0.15 budget_n=520 est=353.014
  [FastestO Curve] run=5 frac=0.2 budget_n=624 est=233.623
  [FastestO Curve] run=5 frac=0.3 budget_n=831 est=388.966
  [FastestO Curve] run=5 frac=0.4 budget_n=952 est=255.785
  [FastestO Curve] run=5 frac=0.5 budget_n=1054 est=366.337
  [FastestO Curve] run=5 frac=0.6 budget_n=1156 est=289.821
  [FastestO Curve] run=5 frac=0.7 budget_n=1246 est=277.483
  [FastestO Curve] run=5 frac=0.8 budget_n=1336 est=372.271
  [FastestO Curve] run=5 frac=0.9 budget_n=500 est=332.928
  [Result] #CandTree           : 1.114e+04
  [Result] #TreeTrials         : 502
  [Result] #TreeSuccess        : 15
  [Result] #UniqueOracleNodes  : 500.0000
  [Result] Truth               : 10279.0000
  [Result] Est                 : 332.9283
  [Result] logQError           : -1.4896
  [Result] TreeCountTime       : 11.8526
  [Result] QueryTime           : 0.9120
/home/wangshuo/projects/PROXY/datasets/parler-E/query_graph/query_cycle_6_10.graph Finished!

Start Processing (Multi-Predicate) /home/wangshuo/projects/PROXY/datasets/parler-E/query_graph/query_cycle_6_11.graph
[Info] Using explicit query nodes for predicates: 3 5 
[Info] FOIS_nrs base budget not found, will rely strictly on Curve CSV.
[Warning] Requested root label 1 not found in query. Falling back to default root 3
  [FastestO Curve] run=1 frac=0.01 budget_n=59 est=380574
  [FastestO Curve] run=1 frac=0.05 budget_n=226 est=241777
  [FastestO Curve] run=1 frac=0.075 budget_n=306 est=280261
  [FastestO Curve] run=1 frac=0.1 budget_n=407 est=251707
  [FastestO Curve] run=1 frac=0.15 budget_n=579 est=257240
  [FastestO Curve] run=1 frac=0.2 budget_n=713 est=254780
  [FastestO Curve] run=1 frac=0.3 budget_n=934 est=235220
  [FastestO Curve] run=1 frac=0.4 budget_n=1053 est=264545
  [FastestO Curve] run=1 frac=0.5 budget_n=1164 est=266706
  [FastestO Curve] run=1 frac=0.6 budget_n=1272 est=271336
  [FastestO Curve] run=1 frac=0.7 budget_n=1352 est=258989
  [FastestO Curve] run=1 frac=0.8 budget_n=1444 est=258680
  [FastestO Curve] run=1 frac=0.9 budget_n=500 est=241400
  [FastestO Curve] run=2 frac=0.01 budget_n=59 est=312595
  [FastestO Curve] run=2 frac=0.05 budget_n=226 est=219579
  [FastestO Curve] run=2 frac=0.075 budget_n=306 est=283449
  [FastestO Curve] run=2 frac=0.1 budget_n=407 est=262455
  [FastestO Curve] run=2 frac=0.15 budget_n=579 est=259470
  [FastestO Curve] run=2 frac=0.2 budget_n=713 est=264860
  [FastestO Curve] run=2 frac=0.3 budget_n=934 est=237072
  [FastestO Curve] run=2 frac=0.4 budget_n=1053 est=271954
  [FastestO Curve] run=2 frac=0.5 budget_n=1164 est=243863
  [FastestO Curve] run=2 frac=0.6 budget_n=1272 est=246950
  [FastestO Curve] run=2 frac=0.7 budget_n=1352 est=242937
  [FastestO Curve] run=2 frac=0.8 budget_n=1444 est=262076
  [FastestO Curve] run=2 frac=0.9 budget_n=500 est=273223
  [FastestO Curve] run=3 frac=0.01 budget_n=59 est=296002
  [FastestO Curve] run=3 frac=0.05 budget_n=226 est=287151
  [FastestO Curve] run=3 frac=0.075 budget_n=306 est=245380
  [FastestO Curve] run=3 frac=0.1 budget_n=407 est=250137
  [FastestO Curve] run=3 frac=0.15 budget_n=579 est=256454
  [FastestO Curve] run=3 frac=0.2 budget_n=713 est=255252
  [FastestO Curve] run=3 frac=0.3 budget_n=934 est=258680
  [FastestO Curve] run=3 frac=0.4 budget_n=1053 est=266706
  [FastestO Curve] run=3 frac=0.5 budget_n=1164 est=260224
  [FastestO Curve] run=3 frac=0.6 budget_n=1272 est=262076
  [FastestO Curve] run=3 frac=0.7 budget_n=1352 est=270719
  [FastestO Curve] run=3 frac=0.8 budget_n=1444 est=237998
  [FastestO Curve] run=3 frac=0.9 budget_n=500 est=278295
  [FastestO Curve] run=4 frac=0.01 budget_n=59 est=94980.8
  [FastestO Curve] run=4 frac=0.05 budget_n=226 est=215943
  [FastestO Curve] run=4 frac=0.075 budget_n=306 est=258621
  [FastestO Curve] run=4 frac=0.1 budget_n=407 est=272134
  [FastestO Curve] run=4 frac=0.15 budget_n=579 est=273096
  [FastestO Curve] run=4 frac=0.2 budget_n=713 est=260120
  [FastestO Curve] run=4 frac=0.3 budget_n=934 est=249573
  [FastestO Curve] run=4 frac=0.4 budget_n=1053 est=243246
  [FastestO Curve] run=4 frac=0.5 budget_n=1164 est=259915
  [FastestO Curve] run=4 frac=0.6 budget_n=1272 est=268558
  [FastestO Curve] run=4 frac=0.7 budget_n=1352 est=262693
  [FastestO Curve] run=4 frac=0.8 budget_n=1444 est=249111
  [FastestO Curve] run=4 frac=0.9 budget_n=500 est=276657
  [FastestO Curve] run=5 frac=0.01 budget_n=59 est=422137
  [FastestO Curve] run=5 frac=0.05 budget_n=226 est=232096
  [FastestO Curve] run=5 frac=0.075 budget_n=306 est=242711
  [FastestO Curve] run=5 frac=0.1 budget_n=407 est=278366
  [FastestO Curve] run=5 frac=0.15 budget_n=579 est=258139
  [FastestO Curve] run=5 frac=0.2 budget_n=713 est=278511
  [FastestO Curve] run=5 frac=0.3 budget_n=934 est=239233
  [FastestO Curve] run=5 frac=0.4 budget_n=1053 est=265163
  [FastestO Curve] run=5 frac=0.5 budget_n=1164 est=281214
  [FastestO Curve] run=5 frac=0.6 budget_n=1272 est=265471
  [FastestO Curve] run=5 frac=0.7 budget_n=1352 est=259606
  [FastestO Curve] run=5 frac=0.8 budget_n=1444 est=248802
  [FastestO Curve] run=5 frac=0.9 budget_n=500 est=224290
  [Result] #CandTree           : 6.174e+06
  [Result] #TreeTrials         : 4817
  [Result] #TreeSuccess        : 175
  [Result] #UniqueOracleNodes  : 500.0000
  [Result] Truth               : 5779363.0000
  [Result] Est                 : 224290.3830
  [Result] logQError           : -1.4111
  [Result] TreeCountTime       : 19.0054
  [Result] QueryTime           : 7.4872
/home/wangshuo/projects/PROXY/datasets/parler-E/query_graph/query_cycle_6_11.graph Finished!

Start Processing (Multi-Predicate) /home/wangshuo/projects/PROXY/datasets/parler-E/query_graph/query_cycle_6_15.graph
[Info] Using explicit query nodes for predicates: 3 4 
[Info] FOIS_nrs base budget not found, will rely strictly on Curve CSV.
[Info] Using user-specified root label 1 -> query node 1
  [FastestO Curve] run=1 frac=0.01 budget_n=107 est=13386.4
  [FastestO Curve] run=1 frac=0.05 budget_n=456 est=12134.7
  [FastestO Curve] run=1 frac=0.075 budget_n=694 est=9586.52
  [FastestO Curve] run=1 frac=0.1 budget_n=858 est=12584.4
  [FastestO Curve] run=1 frac=0.15 budget_n=1227 est=13416.3
  [FastestO Curve] run=1 frac=0.2 budget_n=1480 est=13148.4
  [FastestO Curve] run=1 frac=0.3 budget_n=1956 est=12412.1
  [FastestO Curve] run=1 frac=0.4 budget_n=2334 est=12735
  [FastestO Curve] run=1 frac=0.5 budget_n=2678 est=12791.9
  [FastestO Curve] run=1 frac=0.6 budget_n=3027 est=12068.2
  [FastestO Curve] run=1 frac=0.7 budget_n=3350 est=12940.9
  [FastestO Curve] run=1 frac=0.8 budget_n=3650 est=13175
  [FastestO Curve] run=1 frac=0.9 budget_n=500 est=13755.8
  [FastestO Curve] run=2 frac=0.01 budget_n=107 est=5528.4
  [FastestO Curve] run=2 frac=0.05 budget_n=456 est=14247.1
  [FastestO Curve] run=2 frac=0.075 budget_n=694 est=12241.7
  [FastestO Curve] run=2 frac=0.1 budget_n=858 est=11771.6
  [FastestO Curve] run=2 frac=0.15 budget_n=1227 est=12891.7
  [FastestO Curve] run=2 frac=0.2 budget_n=1480 est=12914.7
  [FastestO Curve] run=2 frac=0.3 budget_n=1956 est=12921
  [FastestO Curve] run=2 frac=0.4 budget_n=2334 est=12850.6
  [FastestO Curve] run=2 frac=0.5 budget_n=2678 est=12451.3
  [FastestO Curve] run=2 frac=0.6 budget_n=3027 est=12642.9
  [FastestO Curve] run=2 frac=0.7 budget_n=3350 est=12898.3
  [FastestO Curve] run=2 frac=0.8 budget_n=3650 est=12408.8
  [FastestO Curve] run=2 frac=0.9 budget_n=500 est=15635.9
  [FastestO Curve] run=3 frac=0.01 budget_n=107 est=11743.1
  [FastestO Curve] run=3 frac=0.05 budget_n=456 est=11617.2
  [FastestO Curve] run=3 frac=0.075 budget_n=694 est=12629.1
  [FastestO Curve] run=3 frac=0.1 budget_n=858 est=13242.9
  [FastestO Curve] run=3 frac=0.15 budget_n=1227 est=12252
  [FastestO Curve] run=3 frac=0.2 budget_n=1480 est=13284.2
  [FastestO Curve] run=3 frac=0.3 budget_n=1956 est=13946
  [FastestO Curve] run=3 frac=0.4 budget_n=2334 est=12647.4
  [FastestO Curve] run=3 frac=0.5 budget_n=2678 est=12791.9
  [FastestO Curve] run=3 frac=0.6 budget_n=3027 est=12728
  [FastestO Curve] run=3 frac=0.7 budget_n=3350 est=12238.5
  [FastestO Curve] run=3 frac=0.8 budget_n=3650 est=13813.5
  [FastestO Curve] run=3 frac=0.9 budget_n=500 est=14163.3
  [FastestO Curve] run=4 frac=0.01 budget_n=107 est=17141.8
  [FastestO Curve] run=4 frac=0.05 budget_n=456 est=15203.1
  [FastestO Curve] run=4 frac=0.075 budget_n=694 est=11469.3
  [FastestO Curve] run=4 frac=0.1 budget_n=858 est=16545.5
  [FastestO Curve] run=4 frac=0.15 budget_n=1227 est=13838.4
  [FastestO Curve] run=4 frac=0.2 budget_n=1480 est=13694.8
  [FastestO Curve] run=4 frac=0.3 budget_n=1956 est=13816.7
  [FastestO Curve] run=4 frac=0.4 budget_n=2334 est=12024.8
  [FastestO Curve] run=4 frac=0.5 budget_n=2678 est=11919.2
  [FastestO Curve] run=4 frac=0.6 budget_n=3027 est=12536.5
  [FastestO Curve] run=4 frac=0.7 budget_n=3350 est=12770.6
  [FastestO Curve] run=4 frac=0.8 budget_n=3650 est=12557.8
  [FastestO Curve] run=4 frac=0.9 budget_n=500 est=10467.7
  [FastestO Curve] run=5 frac=0.01 budget_n=107 est=21437.5
  [FastestO Curve] run=5 frac=0.05 budget_n=456 est=13091.6
  [FastestO Curve] run=5 frac=0.075 budget_n=694 est=10994
  [FastestO Curve] run=5 frac=0.1 budget_n=858 est=15326.7
  [FastestO Curve] run=5 frac=0.15 budget_n=1227 est=13609
  [FastestO Curve] run=5 frac=0.2 budget_n=1480 est=11871
  [FastestO Curve] run=5 frac=0.3 budget_n=1956 est=12837.2
  [FastestO Curve] run=5 frac=0.4 budget_n=2334 est=12299
  [FastestO Curve] run=5 frac=0.5 budget_n=2678 est=12153.4
  [FastestO Curve] run=5 frac=0.6 budget_n=3027 est=13749.7
  [FastestO Curve] run=5 frac=0.7 budget_n=3350 est=13026
  [FastestO Curve] run=5 frac=0.8 budget_n=3650 est=12408.8
  [FastestO Curve] run=5 frac=0.9 budget_n=500 est=15092.5
  [Result] #CandTree           : 4.257e+05
  [Result] #TreeTrials         : 1100
  [Result] #TreeSuccess        : 39
  [Result] #UniqueOracleNodes  : 500.0000
  [Result] Truth               : 425687.0000
  [Result] Est                 : 15092.5391
  [Result] logQError           : -1.4503
  [Result] TreeCountTime       : 22.9341
  [Result] QueryTime           : 2.5730
/home/wangshuo/projects/PROXY/datasets/parler-E/query_graph/query_cycle_6_15.graph Finished!

Start Processing (Multi-Predicate) /home/wangshuo/projects/PROXY/datasets/parler-E/query_graph/query_cycle_6_16.graph
[Info] Using explicit query nodes for predicates: 1 5 
[Info] FOIS_nrs base budget not found, will rely strictly on Curve CSV.
[Info] Using user-specified root label 1 -> query node 2
  [FastestO Curve] run=1 frac=0.01 budget_n=222 est=2620
  [FastestO Curve] run=1 frac=0.05 budget_n=792 est=2914.56
  [FastestO Curve] run=1 frac=0.075 budget_n=1084 est=2611.99
  [FastestO Curve] run=1 frac=0.1 budget_n=1332 est=2803.1
  [FastestO Curve] run=1 frac=0.15 budget_n=1593 est=2453.61
  [FastestO Curve] run=1 frac=0.2 budget_n=1827 est=2347.71
  [FastestO Curve] run=1 frac=0.3 budget_n=2105 est=2582.65
  [FastestO Curve] run=1 frac=0.4 budget_n=2222 est=2721.46
  [FastestO Curve] run=1 frac=0.5 budget_n=2300 est=2479.13
  [FastestO Curve] run=1 frac=0.6 budget_n=2344 est=2469.02
  [FastestO Curve] run=1 frac=0.7 budget_n=2372 est=2404.79
  [FastestO Curve] run=1 frac=0.8 budget_n=2384 est=2861.5
  [FastestO Curve] run=1 frac=0.9 budget_n=500 est=3368.8
  [FastestO Curve] run=2 frac=0.01 budget_n=222 est=684.391
  [FastestO Curve] run=2 frac=0.05 budget_n=792 est=2996.36
  [FastestO Curve] run=2 frac=0.075 budget_n=1084 est=2632.27
  [FastestO Curve] run=2 frac=0.1 budget_n=1332 est=3441.39
  [FastestO Curve] run=2 frac=0.15 budget_n=1593 est=2767.27
  [FastestO Curve] run=2 frac=0.2 budget_n=1827 est=2959.37
  [FastestO Curve] run=2 frac=0.3 budget_n=2105 est=2417.15
  [FastestO Curve] run=2 frac=0.4 budget_n=2222 est=2336.68
  [FastestO Curve] run=2 frac=0.5 budget_n=2300 est=1894.28
  [FastestO Curve] run=2 frac=0.6 budget_n=2344 est=2465.34
  [FastestO Curve] run=2 frac=0.7 budget_n=2372 est=2571.71
  [FastestO Curve] run=2 frac=0.8 budget_n=2384 est=2781.14
  [FastestO Curve] run=2 frac=0.9 budget_n=500 est=2662.47
  [FastestO Curve] run=3 frac=0.01 budget_n=222 est=1286.33
  [FastestO Curve] run=3 frac=0.05 budget_n=792 est=2838.66
  [FastestO Curve] run=3 frac=0.075 budget_n=1084 est=1767.29
  [FastestO Curve] run=3 frac=0.1 budget_n=1332 est=2714.36
  [FastestO Curve] run=3 frac=0.15 budget_n=1593 est=2592.67
  [FastestO Curve] run=3 frac=0.2 budget_n=1827 est=2723.31
  [FastestO Curve] run=3 frac=0.3 budget_n=2105 est=2527.54
  [FastestO Curve] run=3 frac=0.4 budget_n=2222 est=2571.13
  [FastestO Curve] run=3 frac=0.5 budget_n=2300 est=2766.78
  [FastestO Curve] run=3 frac=0.6 budget_n=2344 est=2558.46
  [FastestO Curve] run=3 frac=0.7 budget_n=2372 est=2150.16
  [FastestO Curve] run=3 frac=0.8 budget_n=2384 est=2210.54
  [FastestO Curve] run=3 frac=0.9 budget_n=500 est=2936.04
  [FastestO Curve] run=4 frac=0.01 budget_n=222 est=1895.24
  [FastestO Curve] run=4 frac=0.05 budget_n=792 est=3369.91
  [FastestO Curve] run=4 frac=0.075 budget_n=1084 est=2669.12
  [FastestO Curve] run=4 frac=0.1 budget_n=1332 est=2012.85
  [FastestO Curve] run=4 frac=0.15 budget_n=1593 est=2210.72
  [FastestO Curve] run=4 frac=0.2 budget_n=1827 est=2272.78
  [FastestO Curve] run=4 frac=0.3 budget_n=2105 est=2586
  [FastestO Curve] run=4 frac=0.4 budget_n=2222 est=2870.49
  [FastestO Curve] run=4 frac=0.5 budget_n=2300 est=2813.9
  [FastestO Curve] run=4 frac=0.6 budget_n=2344 est=2814.75
  [FastestO Curve] run=4 frac=0.7 budget_n=2372 est=2421.07
  [FastestO Curve] run=4 frac=0.8 budget_n=2384 est=2589.17
  [FastestO Curve] run=4 frac=0.9 budget_n=500 est=783.117
  [FastestO Curve] run=5 frac=0.01 budget_n=222 est=2604.02
  [FastestO Curve] run=5 frac=0.05 budget_n=792 est=3366.46
  [FastestO Curve] run=5 frac=0.075 budget_n=1084 est=2710.83
  [FastestO Curve] run=5 frac=0.1 budget_n=1332 est=2677.49
  [FastestO Curve] run=5 frac=0.15 budget_n=1593 est=1959.61
  [FastestO Curve] run=5 frac=0.2 budget_n=1827 est=2542.02
  [FastestO Curve] run=5 frac=0.3 budget_n=2105 est=2452.28
  [FastestO Curve] run=5 frac=0.4 budget_n=2222 est=2388.67
  [FastestO Curve] run=5 frac=0.5 budget_n=2300 est=3045.79
  [FastestO Curve] run=5 frac=0.6 budget_n=2344 est=2276.69
  [FastestO Curve] run=5 frac=0.7 budget_n=2372 est=3088.41
  [FastestO Curve] run=5 frac=0.8 budget_n=2384 est=2885.54
  [FastestO Curve] run=5 frac=0.9 budget_n=500 est=2642.7
  [Result] #CandTree           : 1.068e+05
  [Result] #TreeTrials         : 404
  [Result] #TreeSuccess        : 10
  [Result] #UniqueOracleNodes  : 500.0000
  [Result] Truth               : 106765.0000
  [Result] Est                 : 2642.6980
  [Result] logQError           : -1.6064
  [Result] TreeCountTime       : 11.3369
  [Result] QueryTime           : 0.8230
/home/wangshuo/projects/PROXY/datasets/parler-E/query_graph/query_cycle_6_16.graph Finished!

Start Processing (Multi-Predicate) /home/wangshuo/projects/PROXY/datasets/parler-E/query_graph/query_cycle_6_17.graph
[Info] Using explicit query nodes for predicates: 2 3 4 5 
[Info] FOIS_nrs base budget not found, will rely strictly on Curve CSV.
[Info] Using user-specified root label 1 -> query node 0
  [FastestO Curve] run=1 frac=0.01 budget_n=16 est=0
  [FastestO Curve] run=1 frac=0.05 budget_n=60 est=0
  [FastestO Curve] run=1 frac=0.075 budget_n=81 est=0
  [FastestO Curve] run=1 frac=0.1 budget_n=88 est=0
  [FastestO Curve] run=1 frac=0.15 budget_n=101 est=0
  [FastestO Curve] run=1 frac=0.2 budget_n=116 est=0
  [FastestO Curve] run=1 frac=0.3 budget_n=146 est=0
  [FastestO Curve] run=1 frac=0.4 budget_n=156 est=0
  [FastestO Curve] run=1 frac=0.5 budget_n=168 est=0
  [FastestO Curve] run=1 frac=0.6 budget_n=188 est=59.0015
  [FastestO Curve] run=1 frac=0.7 budget_n=197 est=0
  [FastestO Curve] run=1 frac=0.8 budget_n=212 est=0
  [FastestO Curve] run=1 frac=0.9 budget_n=500 est=11.0507
  [FastestO Curve] run=2 frac=0.01 budget_n=16 est=0
  [FastestO Curve] run=2 frac=0.05 budget_n=60 est=0
  [FastestO Curve] run=2 frac=0.075 budget_n=81 est=0
  [FastestO Curve] run=2 frac=0.1 budget_n=88 est=0
  [FastestO Curve] run=2 frac=0.15 budget_n=101 est=0
  [FastestO Curve] run=2 frac=0.2 budget_n=116 est=0
  [FastestO Curve] run=2 frac=0.3 budget_n=146 est=0
  [FastestO Curve] run=2 frac=0.4 budget_n=156 est=0
  [FastestO Curve] run=2 frac=0.5 budget_n=168 est=0
  [FastestO Curve] run=2 frac=0.6 budget_n=188 est=0
  [FastestO Curve] run=2 frac=0.7 budget_n=197 est=0
  [FastestO Curve] run=2 frac=0.8 budget_n=212 est=0
  [FastestO Curve] run=2 frac=0.9 budget_n=500 est=0
  [FastestO Curve] run=3 frac=0.01 budget_n=16 est=0
  [FastestO Curve] run=3 frac=0.05 budget_n=60 est=0
  [FastestO Curve] run=3 frac=0.075 budget_n=81 est=0
  [FastestO Curve] run=3 frac=0.1 budget_n=88 est=0
  [FastestO Curve] run=3 frac=0.15 budget_n=101 est=0
  [FastestO Curve] run=3 frac=0.2 budget_n=116 est=0
  [FastestO Curve] run=3 frac=0.3 budget_n=146 est=0
  [FastestO Curve] run=3 frac=0.4 budget_n=156 est=0
  [FastestO Curve] run=3 frac=0.5 budget_n=168 est=0
  [FastestO Curve] run=3 frac=0.6 budget_n=188 est=0
  [FastestO Curve] run=3 frac=0.7 budget_n=197 est=0
  [FastestO Curve] run=3 frac=0.8 budget_n=212 est=0
  [FastestO Curve] run=3 frac=0.9 budget_n=500 est=8.42354
  [FastestO Curve] run=4 frac=0.01 budget_n=16 est=0
  [FastestO Curve] run=4 frac=0.05 budget_n=60 est=0
  [FastestO Curve] run=4 frac=0.075 budget_n=81 est=0
  [FastestO Curve] run=4 frac=0.1 budget_n=88 est=0
  [FastestO Curve] run=4 frac=0.15 budget_n=101 est=0
  [FastestO Curve] run=4 frac=0.2 budget_n=116 est=155.16
  [FastestO Curve] run=4 frac=0.3 budget_n=146 est=0
  [FastestO Curve] run=4 frac=0.4 budget_n=156 est=87.9913
  [FastestO Curve] run=4 frac=0.5 budget_n=168 est=0
  [FastestO Curve] run=4 frac=0.6 budget_n=188 est=0
  [FastestO Curve] run=4 frac=0.7 budget_n=197 est=0
  [FastestO Curve] run=4 frac=0.8 budget_n=212 est=0
  [FastestO Curve] run=4 frac=0.9 budget_n=500 est=4.49591
  [FastestO Curve] run=5 frac=0.01 budget_n=16 est=0
  [FastestO Curve] run=5 frac=0.05 budget_n=60 est=0
  [FastestO Curve] run=5 frac=0.075 budget_n=81 est=0
  [FastestO Curve] run=5 frac=0.1 budget_n=88 est=0
  [FastestO Curve] run=5 frac=0.15 budget_n=101 est=0
  [FastestO Curve] run=5 frac=0.2 budget_n=116 est=0
  [FastestO Curve] run=5 frac=0.3 budget_n=146 est=0
  [FastestO Curve] run=5 frac=0.4 budget_n=156 est=0
  [FastestO Curve] run=5 frac=0.5 budget_n=168 est=0
  [FastestO Curve] run=5 frac=0.6 budget_n=188 est=0
  [FastestO Curve] run=5 frac=0.7 budget_n=197 est=0
  [FastestO Curve] run=5 frac=0.8 budget_n=212 est=0
  [FastestO Curve] run=5 frac=0.9 budget_n=500 est=4.61692
  [Result] #CandTree           : 4.065e+04
  [Result] #TreeTrials         : 8805
  [Result] #TreeSuccess        : 1
  [Result] #UniqueOracleNodes  : 500.0000
  [Result] Truth               : 34218.0000
  [Result] Est                 : 4.6169
  [Result] logQError           : -3.8699
  [Result] TreeCountTime       : 2.7824
  [Result] QueryTime           : 7.1528
/home/wangshuo/projects/PROXY/datasets/parler-E/query_graph/query_cycle_6_17.graph Finished!

Start Processing (Multi-Predicate) /home/wangshuo/projects/PROXY/datasets/parler-E/query_graph/query_cycle_6_18.graph
[Info] Using explicit query nodes for predicates: 0 5 
[Info] FOIS_nrs base budget not found, will rely strictly on Curve CSV.
[Info] Using user-specified root label 1 -> query node 4
  [FastestO Curve] run=1 frac=0.01 budget_n=21 est=0
  [FastestO Curve] run=1 frac=0.05 budget_n=77 est=0
  [FastestO Curve] run=1 frac=0.075 budget_n=122 est=1217.73
  [FastestO Curve] run=1 frac=0.1 budget_n=160 est=670.635
  [FastestO Curve] run=1 frac=0.15 budget_n=227 est=1662.53
  [FastestO Curve] run=1 frac=0.2 budget_n=284 est=1974.94
  [FastestO Curve] run=1 frac=0.3 budget_n=400 est=1234.75
  [FastestO Curve] run=1 frac=0.4 budget_n=498 est=925.697
  [FastestO Curve] run=1 frac=0.5 budget_n=560 est=1759.32
  [FastestO Curve] run=1 frac=0.6 budget_n=639 est=1333.75
  [FastestO Curve] run=1 frac=0.7 budget_n=698 est=782.313
  [FastestO Curve] run=1 frac=0.8 budget_n=780 est=1750.46
  [FastestO Curve] run=1 frac=0.9 budget_n=500 est=2789.6
  [FastestO Curve] run=2 frac=0.01 budget_n=21 est=13221.1
  [FastestO Curve] run=2 frac=0.05 budget_n=77 est=0
  [FastestO Curve] run=2 frac=0.075 budget_n=122 est=2173.33
  [FastestO Curve] run=2 frac=0.1 budget_n=160 est=2350.42
  [FastestO Curve] run=2 frac=0.15 budget_n=227 est=1742.07
  [FastestO Curve] run=2 frac=0.2 budget_n=284 est=1328.44
  [FastestO Curve] run=2 frac=0.3 budget_n=400 est=1710.91
  [FastestO Curve] run=2 frac=0.4 budget_n=498 est=1606.56
  [FastestO Curve] run=2 frac=0.5 budget_n=560 est=1139.52
  [FastestO Curve] run=2 frac=0.6 budget_n=639 est=1990.27
  [FastestO Curve] run=2 frac=0.7 budget_n=698 est=1504.23
  [FastestO Curve] run=2 frac=0.8 budget_n=780 est=2346.66
  [FastestO Curve] run=2 frac=0.9 budget_n=500 est=2098.81
  [FastestO Curve] run=3 frac=0.01 budget_n=21 est=0
  [FastestO Curve] run=3 frac=0.05 budget_n=77 est=0
  [FastestO Curve] run=3 frac=0.075 budget_n=122 est=0
  [FastestO Curve] run=3 frac=0.1 budget_n=160 est=1300.44
  [FastestO Curve] run=3 frac=0.15 budget_n=227 est=3259.2
  [FastestO Curve] run=3 frac=0.2 budget_n=284 est=1850.95
  [FastestO Curve] run=3 frac=0.3 budget_n=400 est=2298.53
  [FastestO Curve] run=3 frac=0.4 budget_n=498 est=1455.53
  [FastestO Curve] run=3 frac=0.5 budget_n=560 est=1948.77
  [FastestO Curve] run=3 frac=0.6 budget_n=639 est=1445.39
  [FastestO Curve] run=3 frac=0.7 budget_n=698 est=1754.06
  [FastestO Curve] run=3 frac=0.8 budget_n=780 est=1315.84
  [FastestO Curve] run=3 frac=0.9 budget_n=500 est=1254.41
  [FastestO Curve] run=4 frac=0.01 budget_n=21 est=7606.66
  [FastestO Curve] run=4 frac=0.05 budget_n=77 est=0
  [FastestO Curve] run=4 frac=0.075 budget_n=122 est=986.298
  [FastestO Curve] run=4 frac=0.1 budget_n=160 est=3309.21
  [FastestO Curve] run=4 frac=0.15 budget_n=227 est=2395.54
  [FastestO Curve] run=4 frac=0.2 budget_n=284 est=647.942
  [FastestO Curve] run=4 frac=0.3 budget_n=400 est=1372.35
  [FastestO Curve] run=4 frac=0.4 budget_n=498 est=1926.29
  [FastestO Curve] run=4 frac=0.5 budget_n=560 est=1816.97
  [FastestO Curve] run=4 frac=0.6 budget_n=639 est=1804.93
  [FastestO Curve] run=4 frac=0.7 budget_n=698 est=2161.32
  [FastestO Curve] run=4 frac=0.8 budget_n=780 est=1893.51
  [FastestO Curve] run=4 frac=0.9 budget_n=500 est=1966.11
  [FastestO Curve] run=5 frac=0.01 budget_n=21 est=0
  [FastestO Curve] run=5 frac=0.05 budget_n=77 est=1857.14
  [FastestO Curve] run=5 frac=0.075 budget_n=122 est=1108.36
  [FastestO Curve] run=5 frac=0.1 budget_n=160 est=798.973
  [FastestO Curve] run=5 frac=0.15 budget_n=227 est=2418.49
  [FastestO Curve] run=5 frac=0.2 budget_n=284 est=1621.75
  [FastestO Curve] run=5 frac=0.3 budget_n=400 est=1587.1
  [FastestO Curve] run=5 frac=0.4 budget_n=498 est=1105.6
  [FastestO Curve] run=5 frac=0.5 budget_n=560 est=1871.5
  [FastestO Curve] run=5 frac=0.6 budget_n=639 est=820.889
  [FastestO Curve] run=5 frac=0.7 budget_n=698 est=1672.78
  [FastestO Curve] run=5 frac=0.8 budget_n=780 est=1710.33
  [FastestO Curve] run=5 frac=0.9 budget_n=500 est=1456.05
  [Result] #CandTree           : 5.553e+05
  [Result] #TreeTrials         : 4195
  [Result] #TreeSuccess        : 11
  [Result] #UniqueOracleNodes  : 500.0000
  [Result] Truth               : 182305.0000
  [Result] Est                 : 1456.0539
  [Result] logQError           : -2.0976
  [Result] TreeCountTime       : 7.1727
  [Result] QueryTime           : 3.3630
/home/wangshuo/projects/PROXY/datasets/parler-E/query_graph/query_cycle_6_18.graph Finished!

Start Processing (Multi-Predicate) /home/wangshuo/projects/PROXY/datasets/parler-E/query_graph/query_cycle_6_20.graph
[Info] Using explicit query nodes for predicates: 3 5 
[Info] FOIS_nrs base budget not found, will rely strictly on Curve CSV.
[Warning] Requested root label 1 not found in query. Falling back to default root 3
  [FastestO Curve] run=1 frac=0.01 budget_n=28 est=0
  [FastestO Curve] run=1 frac=0.05 budget_n=118 est=12296.3
  [FastestO Curve] run=1 frac=0.075 budget_n=167 est=7490.77
  [FastestO Curve] run=1 frac=0.1 budget_n=221 est=10301.3
  [FastestO Curve] run=1 frac=0.15 budget_n=320 est=7974.98
  [FastestO Curve] run=1 frac=0.2 budget_n=408 est=9562.6
  [FastestO Curve] run=1 frac=0.3 budget_n=592 est=11082.3
  [FastestO Curve] run=1 frac=0.4 budget_n=729 est=11920.3
  [FastestO Curve] run=1 frac=0.5 budget_n=857 est=11145.7
  [FastestO Curve] run=1 frac=0.6 budget_n=987 est=11584
  [FastestO Curve] run=1 frac=0.7 budget_n=1108 est=11796.6
  [FastestO Curve] run=1 frac=0.8 budget_n=1233 est=12157.9
  [FastestO Curve] run=1 frac=0.9 budget_n=500 est=12544
  [FastestO Curve] run=2 frac=0.01 budget_n=28 est=25005.9
  [FastestO Curve] run=2 frac=0.05 budget_n=118 est=9281.68
  [FastestO Curve] run=2 frac=0.075 budget_n=167 est=11517.5
  [FastestO Curve] run=2 frac=0.1 budget_n=221 est=11274.1
  [FastestO Curve] run=2 frac=0.15 budget_n=320 est=11317.2
  [FastestO Curve] run=2 frac=0.2 budget_n=408 est=11324.8
  [FastestO Curve] run=2 frac=0.3 budget_n=592 est=12376.6
  [FastestO Curve] run=2 frac=0.4 budget_n=729 est=11533.1
  [FastestO Curve] run=2 frac=0.5 budget_n=857 est=11145.1
  [FastestO Curve] run=2 frac=0.6 budget_n=987 est=11243.9
  [FastestO Curve] run=2 frac=0.7 budget_n=1108 est=11987.8
  [FastestO Curve] run=2 frac=0.8 budget_n=1233 est=11052.6
  [FastestO Curve] run=2 frac=0.9 budget_n=500 est=12088.2
  [FastestO Curve] run=3 frac=0.01 budget_n=28 est=9446.69
  [FastestO Curve] run=3 frac=0.05 budget_n=118 est=10453.3
  [FastestO Curve] run=3 frac=0.075 budget_n=167 est=9735.14
  [FastestO Curve] run=3 frac=0.1 budget_n=221 est=17809.3
  [FastestO Curve] run=3 frac=0.15 budget_n=320 est=11774.5
  [FastestO Curve] run=3 frac=0.2 budget_n=408 est=7910.79
  [FastestO Curve] run=3 frac=0.3 budget_n=592 est=13622.4
  [FastestO Curve] run=3 frac=0.4 budget_n=729 est=11708.9
  [FastestO Curve] run=3 frac=0.5 budget_n=857 est=11837.4
  [FastestO Curve] run=3 frac=0.6 budget_n=987 est=11286.4
  [FastestO Curve] run=3 frac=0.7 budget_n=1108 est=11605.3
  [FastestO Curve] run=3 frac=0.8 budget_n=1233 est=12009.1
  [FastestO Curve] run=3 frac=0.9 budget_n=500 est=12982.2
  [FastestO Curve] run=4 frac=0.01 budget_n=28 est=10900
  [FastestO Curve] run=4 frac=0.05 budget_n=118 est=13389
  [FastestO Curve] run=4 frac=0.075 budget_n=167 est=5549.62
  [FastestO Curve] run=4 frac=0.1 budget_n=221 est=12903.6
  [FastestO Curve] run=4 frac=0.15 budget_n=320 est=10946.8
  [FastestO Curve] run=4 frac=0.2 budget_n=408 est=8276.3
  [FastestO Curve] run=4 frac=0.3 budget_n=592 est=12165.9
  [FastestO Curve] run=4 frac=0.4 budget_n=729 est=10677.2
  [FastestO Curve] run=4 frac=0.5 budget_n=857 est=12339.7
  [FastestO Curve] run=4 frac=0.6 budget_n=987 est=11796.6
  [FastestO Curve] run=4 frac=0.7 budget_n=1108 est=11328.9
  [FastestO Curve] run=4 frac=0.8 budget_n=1233 est=12009.1
  [FastestO Curve] run=4 frac=0.9 budget_n=500 est=10269.5
  [FastestO Curve] run=5 frac=0.01 budget_n=28 est=10900
  [FastestO Curve] run=5 frac=0.05 budget_n=118 est=5426.82
  [FastestO Curve] run=5 frac=0.075 budget_n=167 est=8274.47
  [FastestO Curve] run=5 frac=0.1 budget_n=221 est=11918.7
  [FastestO Curve] run=5 frac=0.15 budget_n=320 est=12689.6
  [FastestO Curve] run=5 frac=0.2 budget_n=408 est=12483.3
  [FastestO Curve] run=5 frac=0.3 budget_n=592 est=12824.3
  [FastestO Curve] run=5 frac=0.4 budget_n=729 est=10976.9
  [FastestO Curve] run=5 frac=0.5 budget_n=857 est=11991.4
  [FastestO Curve] run=5 frac=0.6 budget_n=987 est=11158.9
  [FastestO Curve] run=5 frac=0.7 budget_n=1108 est=11711.5
  [FastestO Curve] run=5 frac=0.8 budget_n=1233 est=11711.5
  [FastestO Curve] run=5 frac=0.9 budget_n=500 est=10015.5
  [Result] #CandTree           : 4.251e+05
  [Result] #TreeTrials         : 3056
  [Result] #TreeSuccess        : 72
  [Result] #UniqueOracleNodes  : 500.0000
  [Result] Truth               : 410329.0000
  [Result] Est                 : 10015.4686
  [Result] logQError           : -1.6125
  [Result] TreeCountTime       : 9.3494
  [Result] QueryTime           : 4.2540
/home/wangshuo/projects/PROXY/datasets/parler-E/query_graph/query_cycle_6_20.graph Finished!

Start Processing (Multi-Predicate) /home/wangshuo/projects/PROXY/datasets/parler-E/query_graph/query_cycle_6_21.graph
[Info] Using explicit query nodes for predicates: 2 3 
[Info] FOIS_nrs base budget not found, will rely strictly on Curve CSV.
[Warning] Requested root label 1 not found in query. Falling back to default root 4
  [FastestO Curve] run=1 frac=0.01 budget_n=54 est=15491.2
  [FastestO Curve] run=1 frac=0.05 budget_n=246 est=24856.8
  [FastestO Curve] run=1 frac=0.075 budget_n=366 est=28064.1
  [FastestO Curve] run=1 frac=0.1 budget_n=470 est=30754.7
  [FastestO Curve] run=1 frac=0.15 budget_n=665 est=30821.5
  [FastestO Curve] run=1 frac=0.2 budget_n=801 est=32529.2
  [FastestO Curve] run=1 frac=0.3 budget_n=1137 est=31945.2
  [FastestO Curve] run=1 frac=0.4 budget_n=1380 est=33664.4
  [FastestO Curve] run=1 frac=0.5 budget_n=1600 est=31083.9
  [FastestO Curve] run=1 frac=0.6 budget_n=1853 est=30087.1
  [FastestO Curve] run=1 frac=0.7 budget_n=2080 est=31174.6
  [FastestO Curve] run=1 frac=0.8 budget_n=2297 est=30268.3
  [FastestO Curve] run=1 frac=0.9 budget_n=500 est=29527.3
  [FastestO Curve] run=2 frac=0.01 budget_n=54 est=21706.3
  [FastestO Curve] run=2 frac=0.05 budget_n=246 est=36635.1
  [FastestO Curve] run=2 frac=0.075 budget_n=366 est=38246.8
  [FastestO Curve] run=2 frac=0.1 budget_n=470 est=33118.3
  [FastestO Curve] run=2 frac=0.15 budget_n=665 est=32263
  [FastestO Curve] run=2 frac=0.2 budget_n=801 est=35321.6
  [FastestO Curve] run=2 frac=0.3 budget_n=1137 est=34687.8
  [FastestO Curve] run=2 frac=0.4 budget_n=1380 est=33043.8
  [FastestO Curve] run=2 frac=0.5 budget_n=1600 est=31990.2
  [FastestO Curve] run=2 frac=0.6 budget_n=1853 est=30630.8
  [FastestO Curve] run=2 frac=0.7 budget_n=2080 est=30630.8
  [FastestO Curve] run=2 frac=0.8 budget_n=2297 est=27549.6
  [FastestO Curve] run=2 frac=0.9 budget_n=500 est=36822.3
  [FastestO Curve] run=3 frac=0.01 budget_n=54 est=10182.4
  [FastestO Curve] run=3 frac=0.05 budget_n=246 est=35023.7
  [FastestO Curve] run=3 frac=0.075 budget_n=366 est=27662.9
  [FastestO Curve] run=3 frac=0.1 budget_n=470 est=35220
  [FastestO Curve] run=3 frac=0.15 budget_n=665 est=32473.9
  [FastestO Curve] run=3 frac=0.2 budget_n=801 est=32454.8
  [FastestO Curve] run=3 frac=0.3 budget_n=1137 est=30717.3
  [FastestO Curve] run=3 frac=0.4 budget_n=1380 est=33693.1
  [FastestO Curve] run=3 frac=0.5 budget_n=1600 est=30721.5
  [FastestO Curve] run=3 frac=0.6 budget_n=1853 est=31627.7
  [FastestO Curve] run=3 frac=0.7 budget_n=2080 est=30540.2
  [FastestO Curve] run=3 frac=0.8 budget_n=2297 est=31174.6
  [FastestO Curve] run=3 frac=0.9 budget_n=500 est=31457.3
  [FastestO Curve] run=4 frac=0.01 budget_n=54 est=39118.2
  [FastestO Curve] run=4 frac=0.05 budget_n=246 est=28946.2
  [FastestO Curve] run=4 frac=0.075 budget_n=366 est=30888.2
  [FastestO Curve] run=4 frac=0.1 budget_n=470 est=27360.9
  [FastestO Curve] run=4 frac=0.15 budget_n=665 est=34511.7
  [FastestO Curve] run=4 frac=0.2 budget_n=801 est=32489.9
  [FastestO Curve] run=4 frac=0.3 budget_n=1137 est=32793.8
  [FastestO Curve] run=4 frac=0.4 budget_n=1380 est=30152.3
  [FastestO Curve] run=4 frac=0.5 budget_n=1600 est=31808.9
  [FastestO Curve] run=4 frac=0.6 budget_n=1853 est=31627.7
  [FastestO Curve] run=4 frac=0.7 budget_n=2080 est=32443.3
  [FastestO Curve] run=4 frac=0.8 budget_n=2297 est=35252.6
  [FastestO Curve] run=4 frac=0.9 budget_n=500 est=31336
  [FastestO Curve] run=5 frac=0.01 budget_n=54 est=29958.3
  [FastestO Curve] run=5 frac=0.05 budget_n=246 est=46911.1
  [FastestO Curve] run=5 frac=0.075 budget_n=366 est=31098.8
  [FastestO Curve] run=5 frac=0.1 budget_n=470 est=27940.8
  [FastestO Curve] run=5 frac=0.15 budget_n=665 est=32487.8
  [FastestO Curve] run=5 frac=0.2 budget_n=801 est=35156.4
  [FastestO Curve] run=5 frac=0.3 budget_n=1137 est=32425.2
  [FastestO Curve] run=5 frac=0.4 budget_n=1380 est=33995
  [FastestO Curve] run=5 frac=0.5 budget_n=1600 est=33621.4
  [FastestO Curve] run=5 frac=0.6 budget_n=1853 est=35887
  [FastestO Curve] run=5 frac=0.7 budget_n=2080 est=33168.3
  [FastestO Curve] run=5 frac=0.8 budget_n=2297 est=32262.1
  [FastestO Curve] run=5 frac=0.9 budget_n=500 est=35577.5
  [Result] #CandTree           : 1.812e+06
  [Result] #TreeTrials         : 2751
  [Result] #TreeSuccess        : 54
  [Result] #UniqueOracleNodes  : 500.0000
  [Result] Truth               : 851226.0000
  [Result] Est                 : 35577.4809
  [Result] logQError           : -1.3789
  [Result] TreeCountTime       : 18.8918
  [Result] QueryTime           : 3.8375
/home/wangshuo/projects/PROXY/datasets/parler-E/query_graph/query_cycle_6_21.graph Finished!

Start Processing (Multi-Predicate) /home/wangshuo/projects/PROXY/datasets/parler-E/query_graph/query_cycle_6_22.graph
[Info] Using explicit query nodes for predicates: 3 4 
[Info] FOIS_nrs base budget not found, will rely strictly on Curve CSV.
[Info] Using user-specified root label 1 -> query node 5
  [FastestO Curve] run=1 frac=0.01 budget_n=98 est=17190.6
  [FastestO Curve] run=1 frac=0.05 budget_n=368 est=44914.6
  [FastestO Curve] run=1 frac=0.075 budget_n=557 est=26174.4
  [FastestO Curve] run=1 frac=0.1 budget_n=692 est=29922.6
  [FastestO Curve] run=1 frac=0.15 budget_n=1006 est=28327.1
  [FastestO Curve] run=1 frac=0.2 budget_n=1244 est=32022.9
  [FastestO Curve] run=1 frac=0.3 budget_n=1696 est=30488.5
  [FastestO Curve] run=1 frac=0.4 budget_n=2032 est=30621.6
  [FastestO Curve] run=1 frac=0.5 budget_n=2334 est=29908.8
  [FastestO Curve] run=1 frac=0.6 budget_n=2646 est=32039.2
  [FastestO Curve] run=1 frac=0.7 budget_n=2918 est=32162.2
  [FastestO Curve] run=1 frac=0.8 budget_n=3152 est=29417.1
  [FastestO Curve] run=1 frac=0.9 budget_n=500 est=38003.9
  [FastestO Curve] run=2 frac=0.01 budget_n=98 est=17943.5
  [FastestO Curve] run=2 frac=0.05 budget_n=368 est=30960.4
  [FastestO Curve] run=2 frac=0.075 budget_n=557 est=28880.7
  [FastestO Curve] run=2 frac=0.1 budget_n=692 est=27237.2
  [FastestO Curve] run=2 frac=0.15 budget_n=1006 est=31637
  [FastestO Curve] run=2 frac=0.2 budget_n=1244 est=29891.5
  [FastestO Curve] run=2 frac=0.3 budget_n=1696 est=29613.6
  [FastestO Curve] run=2 frac=0.4 budget_n=2032 est=31759.4
  [FastestO Curve] run=2 frac=0.5 budget_n=2334 est=32367
  [FastestO Curve] run=2 frac=0.6 budget_n=2646 est=29744.9
  [FastestO Curve] run=2 frac=0.7 budget_n=2918 est=29949.7
  [FastestO Curve] run=2 frac=0.8 budget_n=3152 est=32203.1
  [FastestO Curve] run=2 frac=0.9 budget_n=500 est=31151.4
  [FastestO Curve] run=3 frac=0.01 budget_n=98 est=12230.1
  [FastestO Curve] run=3 frac=0.05 budget_n=368 est=32896.3
  [FastestO Curve] run=3 frac=0.075 budget_n=557 est=25451.2
  [FastestO Curve] run=3 frac=0.1 budget_n=692 est=30128.6
  [FastestO Curve] run=3 frac=0.15 budget_n=1006 est=29797
  [FastestO Curve] run=3 frac=0.2 budget_n=1244 est=32291.1
  [FastestO Curve] run=3 frac=0.3 budget_n=1696 est=31334.9
  [FastestO Curve] run=3 frac=0.4 budget_n=2032 est=29703.9
  [FastestO Curve] run=3 frac=0.5 budget_n=2334 est=30236.5
  [FastestO Curve] run=3 frac=0.6 budget_n=2646 est=30687.2
  [FastestO Curve] run=3 frac=0.7 budget_n=2918 est=30195.6
  [FastestO Curve] run=3 frac=0.8 budget_n=3152 est=29417.1
  [FastestO Curve] run=3 frac=0.9 budget_n=500 est=34282.5
  [FastestO Curve] run=4 frac=0.01 budget_n=98 est=36690.4
  [FastestO Curve] run=4 frac=0.05 budget_n=368 est=30865.1
  [FastestO Curve] run=4 frac=0.075 budget_n=557 est=29611.4
  [FastestO Curve] run=4 frac=0.1 budget_n=692 est=28518
  [FastestO Curve] run=4 frac=0.15 budget_n=1006 est=29914.3
  [FastestO Curve] run=4 frac=0.2 budget_n=1244 est=32580.7
  [FastestO Curve] run=4 frac=0.3 budget_n=1696 est=27121.4
  [FastestO Curve] run=4 frac=0.4 budget_n=2032 est=30658.2
  [FastestO Curve] run=4 frac=0.5 budget_n=2334 est=29908.8
  [FastestO Curve] run=4 frac=0.6 budget_n=2646 est=30195.6
  [FastestO Curve] run=4 frac=0.7 budget_n=2918 est=28802.5
  [FastestO Curve] run=4 frac=0.8 budget_n=3152 est=31178.9
  [FastestO Curve] run=4 frac=0.9 budget_n=500 est=25484.3
  [FastestO Curve] run=5 frac=0.01 budget_n=98 est=18075.4
  [FastestO Curve] run=5 frac=0.05 budget_n=368 est=35501.7
  [FastestO Curve] run=5 frac=0.075 budget_n=557 est=23962.6
  [FastestO Curve] run=5 frac=0.1 budget_n=692 est=27852.1
  [FastestO Curve] run=5 frac=0.15 budget_n=1006 est=32163.7
  [FastestO Curve] run=5 frac=0.2 budget_n=1244 est=30455.8
  [FastestO Curve] run=5 frac=0.3 budget_n=1696 est=32372.7
  [FastestO Curve] run=5 frac=0.4 budget_n=2032 est=30277.5
  [FastestO Curve] run=5 frac=0.5 budget_n=2334 est=30851.1
  [FastestO Curve] run=5 frac=0.6 budget_n=2646 est=30318.5
  [FastestO Curve] run=5 frac=0.7 budget_n=2918 est=30154.6
  [FastestO Curve] run=5 frac=0.8 budget_n=3152 est=29048.4
  [FastestO Curve] run=5 frac=0.9 budget_n=500 est=30651.5
  [Result] #CandTree           : 8.194e+05
  [Result] #TreeTrials         : 1203
  [Result] #TreeSuccess        : 45
  [Result] #UniqueOracleNodes  : 500.0000
  [Result] Truth               : 761918.0000
  [Result] Est                 : 30651.5461
  [Result] logQError           : -1.3955
  [Result] TreeCountTime       : 24.2374
  [Result] QueryTime           : 2.6777
/home/wangshuo/projects/PROXY/datasets/parler-E/query_graph/query_cycle_6_22.graph Finished!

Start Processing (Multi-Predicate) /home/wangshuo/projects/PROXY/datasets/parler-E/query_graph/query_cycle_6_25.graph
[Info] Using explicit query nodes for predicates: 1 2 4 
[Info] FOIS_nrs base budget not found, will rely strictly on Curve CSV.
[Warning] Requested root label 1 not found in query. Falling back to default root 3
  [FastestO Curve] run=1 frac=0.01 budget_n=114 est=2633.61
  [FastestO Curve] run=1 frac=0.05 budget_n=327 est=2582.55
  [FastestO Curve] run=1 frac=0.075 budget_n=340 est=4417.98
  [FastestO Curve] run=1 frac=0.1 budget_n=407 est=3502.4
  [FastestO Curve] run=1 frac=0.15 budget_n=509 est=3239.73
  [FastestO Curve] run=1 frac=0.2 budget_n=627 est=2959.63
  [FastestO Curve] run=1 frac=0.3 budget_n=934 est=3688.13
  [FastestO Curve] run=1 frac=0.4 budget_n=1098 est=3349.17
  [FastestO Curve] run=1 frac=0.5 budget_n=1239 est=3208.59
  [FastestO Curve] run=1 frac=0.6 budget_n=1338 est=3464.94
  [FastestO Curve] run=1 frac=0.7 budget_n=1436 est=3398.79
  [FastestO Curve] run=1 frac=0.8 budget_n=1542 est=3531.1
  [FastestO Curve] run=1 frac=0.9 budget_n=500 est=3582.67
  [FastestO Curve] run=2 frac=0.01 budget_n=114 est=4710.5
  [FastestO Curve] run=2 frac=0.05 budget_n=327 est=3448.41
  [FastestO Curve] run=2 frac=0.075 budget_n=340 est=3638.6
  [FastestO Curve] run=2 frac=0.1 budget_n=407 est=2953.41
  [FastestO Curve] run=2 frac=0.15 budget_n=509 est=3818.05
  [FastestO Curve] run=2 frac=0.2 budget_n=627 est=3051.36
  [FastestO Curve] run=2 frac=0.3 budget_n=934 est=3098.08
  [FastestO Curve] run=2 frac=0.4 budget_n=1098 est=3450.18
  [FastestO Curve] run=2 frac=0.5 budget_n=1239 est=3175.51
  [FastestO Curve] run=2 frac=0.6 budget_n=1338 est=3357.44
  [FastestO Curve] run=2 frac=0.7 budget_n=1436 est=3663.41
  [FastestO Curve] run=2 frac=0.8 budget_n=1542 est=3770.91
  [FastestO Curve] run=2 frac=0.9 budget_n=500 est=4639.98
  [FastestO Curve] run=3 frac=0.01 budget_n=114 est=2676.23
  [FastestO Curve] run=3 frac=0.05 budget_n=327 est=3516.54
  [FastestO Curve] run=3 frac=0.075 budget_n=340 est=3108.45
  [FastestO Curve] run=3 frac=0.1 budget_n=407 est=3599.1
  [FastestO Curve] run=3 frac=0.15 budget_n=509 est=3215.94
  [FastestO Curve] run=3 frac=0.2 budget_n=627 est=3696.53
  [FastestO Curve] run=3 frac=0.3 budget_n=934 est=3229.54
  [FastestO Curve] run=3 frac=0.4 budget_n=1098 est=3299.55
  [FastestO Curve] run=3 frac=0.5 budget_n=1239 est=3679.95
  [FastestO Curve] run=3 frac=0.6 budget_n=1338 est=3522.83
  [FastestO Curve] run=3 frac=0.7 budget_n=1436 est=3481.48
  [FastestO Curve] run=3 frac=0.8 budget_n=1542 est=3605.52
  [FastestO Curve] run=3 frac=0.9 budget_n=500 est=4090.32
  [FastestO Curve] run=4 frac=0.01 budget_n=114 est=4691.94
  [FastestO Curve] run=4 frac=0.05 budget_n=327 est=3070.55
  [FastestO Curve] run=4 frac=0.075 budget_n=340 est=3404.46
  [FastestO Curve] run=4 frac=0.1 budget_n=407 est=3295.84
  [FastestO Curve] run=4 frac=0.15 budget_n=509 est=3020.36
  [FastestO Curve] run=4 frac=0.2 budget_n=627 est=2946.83
  [FastestO Curve] run=4 frac=0.3 budget_n=934 est=3771.45
  [FastestO Curve] run=4 frac=0.4 budget_n=1098 est=3556.89
  [FastestO Curve] run=4 frac=0.5 budget_n=1239 est=3283.01
  [FastestO Curve] run=4 frac=0.6 budget_n=1338 est=3531.1
  [FastestO Curve] run=4 frac=0.7 budget_n=1436 est=3158.97
  [FastestO Curve] run=4 frac=0.8 budget_n=1542 est=3696.49
  [FastestO Curve] run=4 frac=0.9 budget_n=500 est=3586.51
  [FastestO Curve] run=5 frac=0.01 budget_n=114 est=3110.8
  [FastestO Curve] run=5 frac=0.05 budget_n=327 est=4838.23
  [FastestO Curve] run=5 frac=0.075 budget_n=340 est=2633.61
  [FastestO Curve] run=5 frac=0.1 budget_n=407 est=2665.07
  [FastestO Curve] run=5 frac=0.15 budget_n=509 est=3088.8
  [FastestO Curve] run=5 frac=0.2 budget_n=627 est=3853.62
  [FastestO Curve] run=5 frac=0.3 budget_n=934 est=3645.29
  [FastestO Curve] run=5 frac=0.4 budget_n=1098 est=3332.63
  [FastestO Curve] run=5 frac=0.5 budget_n=1239 est=3828.8
  [FastestO Curve] run=5 frac=0.6 budget_n=1338 est=3324.36
  [FastestO Curve] run=5 frac=0.7 budget_n=1436 est=3547.64
  [FastestO Curve] run=5 frac=0.8 budget_n=1542 est=3382.25
  [FastestO Curve] run=5 frac=0.9 budget_n=500 est=2917.52
  [Result] #CandTree           : 1.654e+05
  [Result] #TreeTrials         : 2551
  [Result] #TreeSuccess        : 45
  [Result] #UniqueOracleNodes  : 500.0000
  [Result] Truth               : 149278.0000
  [Result] Est                 : 2917.5206
  [Result] logQError           : -1.7090
  [Result] TreeCountTime       : 10.9251
  [Result] QueryTime           : 2.7476
/home/wangshuo/projects/PROXY/datasets/parler-E/query_graph/query_cycle_6_25.graph Finished!

Start Processing (Multi-Predicate) /home/wangshuo/projects/PROXY/datasets/parler-E/query_graph/query_cycle_6_27.graph
[Info] Using explicit query nodes for predicates: 2 3 
[Info] FOIS_nrs base budget not found, will rely strictly on Curve CSV.
[Info] Using user-specified root label 1 -> query node 4
  [FastestO Curve] run=1 frac=0.01 budget_n=21 est=0
  [FastestO Curve] run=1 frac=0.05 budget_n=104 est=548.198
  [FastestO Curve] run=1 frac=0.075 budget_n=146 est=1454.37
  [FastestO Curve] run=1 frac=0.1 budget_n=192 est=476.312
  [FastestO Curve] run=1 frac=0.15 budget_n=282 est=378.201
  [FastestO Curve] run=1 frac=0.2 budget_n=357 est=564.117
  [FastestO Curve] run=1 frac=0.3 budget_n=492 est=518.672
  [FastestO Curve] run=1 frac=0.4 budget_n=587 est=652.359
  [FastestO Curve] run=1 frac=0.5 budget_n=683 est=573.303
  [FastestO Curve] run=1 frac=0.6 budget_n=759 est=692.511
  [FastestO Curve] run=1 frac=0.7 budget_n=873 est=607.001
  [FastestO Curve] run=1 frac=0.8 budget_n=948 est=641.418
  [FastestO Curve] run=1 frac=0.9 budget_n=500 est=448.003
  [FastestO Curve] run=2 frac=0.01 budget_n=21 est=0
  [FastestO Curve] run=2 frac=0.05 budget_n=104 est=447.228
  [FastestO Curve] run=2 frac=0.075 budget_n=146 est=722.362
  [FastestO Curve] run=2 frac=0.1 budget_n=192 est=526.476
  [FastestO Curve] run=2 frac=0.15 budget_n=282 est=576.598
  [FastestO Curve] run=2 frac=0.2 budget_n=357 est=762.38
  [FastestO Curve] run=2 frac=0.3 budget_n=492 est=428.85
  [FastestO Curve] run=2 frac=0.4 budget_n=587 est=472.506
  [FastestO Curve] run=2 frac=0.5 budget_n=683 est=543.576
  [FastestO Curve] run=2 frac=0.6 budget_n=759 est=640.386
  [FastestO Curve] run=2 frac=0.7 budget_n=873 est=561.742
  [FastestO Curve] run=2 frac=0.8 budget_n=948 est=561.742
  [FastestO Curve] run=2 frac=0.9 budget_n=500 est=491.679
  [FastestO Curve] run=3 frac=0.01 budget_n=21 est=0
  [FastestO Curve] run=3 frac=0.05 budget_n=104 est=831.994
  [FastestO Curve] run=3 frac=0.075 budget_n=146 est=906.512
  [FastestO Curve] run=3 frac=0.1 budget_n=192 est=156.026
  [FastestO Curve] run=3 frac=0.15 budget_n=282 est=776.513
  [FastestO Curve] run=3 frac=0.2 budget_n=357 est=679.288
  [FastestO Curve] run=3 frac=0.3 budget_n=492 est=619.629
  [FastestO Curve] run=3 frac=0.4 budget_n=587 est=553.841
  [FastestO Curve] run=3 frac=0.5 budget_n=683 est=542.342
  [FastestO Curve] run=3 frac=0.6 budget_n=759 est=520.639
  [FastestO Curve] run=3 frac=0.7 budget_n=873 est=581.016
  [FastestO Curve] run=3 frac=0.8 budget_n=948 est=527.067
  [FastestO Curve] run=3 frac=0.9 budget_n=500 est=703.266
  [FastestO Curve] run=4 frac=0.01 budget_n=21 est=0
  [FastestO Curve] run=4 frac=0.05 budget_n=104 est=535.709
  [FastestO Curve] run=4 frac=0.075 budget_n=146 est=368.936
  [FastestO Curve] run=4 frac=0.1 budget_n=192 est=544.665
  [FastestO Curve] run=4 frac=0.15 budget_n=282 est=562.747
  [FastestO Curve] run=4 frac=0.2 budget_n=357 est=812.737
  [FastestO Curve] run=4 frac=0.3 budget_n=492 est=569.075
  [FastestO Curve] run=4 frac=0.4 budget_n=587 est=597.456
  [FastestO Curve] run=4 frac=0.5 budget_n=683 est=560.894
  [FastestO Curve] run=4 frac=0.6 budget_n=759 est=699.957
  [FastestO Curve] run=4 frac=0.7 budget_n=873 est=637.2
  [FastestO Curve] run=4 frac=0.8 budget_n=948 est=561.742
  [FastestO Curve] run=4 frac=0.9 budget_n=500 est=563.596
  [FastestO Curve] run=5 frac=0.01 budget_n=21 est=0
  [FastestO Curve] run=5 frac=0.05 budget_n=104 est=769.649
  [FastestO Curve] run=5 frac=0.075 budget_n=146 est=362.353
  [FastestO Curve] run=5 frac=0.1 budget_n=192 est=593.335
  [FastestO Curve] run=5 frac=0.15 budget_n=282 est=611.43
  [FastestO Curve] run=5 frac=0.2 budget_n=357 est=458.159
  [FastestO Curve] run=5 frac=0.3 budget_n=492 est=651.344
  [FastestO Curve] run=5 frac=0.4 budget_n=587 est=647.31
  [FastestO Curve] run=5 frac=0.5 budget_n=683 est=544.397
  [FastestO Curve] run=5 frac=0.6 budget_n=759 est=576.924
  [FastestO Curve] run=5 frac=0.7 budget_n=873 est=781.867
  [FastestO Curve] run=5 frac=0.8 budget_n=948 est=531.441
  [FastestO Curve] run=5 frac=0.9 budget_n=500 est=614.536
  [Result] #CandTree           : 1.489e+05
  [Result] #TreeTrials         : 11390
  [Result] #TreeSuccess        : 47
  [Result] #UniqueOracleNodes  : 500.0000
  [Result] Truth               : 84044.0000
  [Result] Est                 : 614.5363
  [Result] logQError           : -2.1360
  [Result] TreeCountTime       : 6.5840
  [Result] QueryTime           : 13.2534
/home/wangshuo/projects/PROXY/datasets/parler-E/query_graph/query_cycle_6_27.graph Finished!

Start Processing (Multi-Predicate) /home/wangshuo/projects/PROXY/datasets/parler-E/query_graph/query_cycle_6_28.graph
[Info] Using explicit query nodes for predicates: 2 3 
[Info] FOIS_nrs base budget not found, will rely strictly on Curve CSV.
[Info] Using user-specified root label 1 -> query node 5
  [FastestO Curve] run=1 frac=0.01 budget_n=20 est=409.13
  [FastestO Curve] run=1 frac=0.05 budget_n=80 est=78.4167
  [FastestO Curve] run=1 frac=0.075 budget_n=118 est=372.147
  [FastestO Curve] run=1 frac=0.1 budget_n=159 est=303.548
  [FastestO Curve] run=1 frac=0.15 budget_n=216 est=353.916
  [FastestO Curve] run=1 frac=0.2 budget_n=281 est=266.093
  [FastestO Curve] run=1 frac=0.3 budget_n=376 est=231.149
  [FastestO Curve] run=1 frac=0.4 budget_n=479 est=299.655
  [FastestO Curve] run=1 frac=0.5 budget_n=568 est=274.912
  [FastestO Curve] run=1 frac=0.6 budget_n=666 est=320.348
  [FastestO Curve] run=1 frac=0.7 budget_n=770 est=281.272
  [FastestO Curve] run=1 frac=0.8 budget_n=866 est=282.771
  [FastestO Curve] run=1 frac=0.9 budget_n=500 est=282.216
  [FastestO Curve] run=2 frac=0.01 budget_n=20 est=409.13
  [FastestO Curve] run=2 frac=0.05 budget_n=80 est=420.089
  [FastestO Curve] run=2 frac=0.075 budget_n=118 est=598.324
  [FastestO Curve] run=2 frac=0.1 budget_n=159 est=376.4
  [FastestO Curve] run=2 frac=0.15 budget_n=216 est=333.097
  [FastestO Curve] run=2 frac=0.2 budget_n=281 est=218.24
  [FastestO Curve] run=2 frac=0.3 budget_n=376 est=235.054
  [FastestO Curve] run=2 frac=0.4 budget_n=479 est=327.342
  [FastestO Curve] run=2 frac=0.5 budget_n=568 est=260.109
  [FastestO Curve] run=2 frac=0.6 budget_n=666 est=296.641
  [FastestO Curve] run=2 frac=0.7 budget_n=770 est=278.78
  [FastestO Curve] run=2 frac=0.8 budget_n=866 est=286.064
  [FastestO Curve] run=2 frac=0.9 budget_n=500 est=282.344
  [FastestO Curve] run=3 frac=0.01 budget_n=20 est=0
  [FastestO Curve] run=3 frac=0.05 budget_n=80 est=508.649
  [FastestO Curve] run=3 frac=0.075 budget_n=118 est=144.769
  [FastestO Curve] run=3 frac=0.1 budget_n=159 est=351.119
  [FastestO Curve] run=3 frac=0.15 budget_n=216 est=162.592
  [FastestO Curve] run=3 frac=0.2 budget_n=281 est=263.314
  [FastestO Curve] run=3 frac=0.3 budget_n=376 est=317.849
  [FastestO Curve] run=3 frac=0.4 budget_n=479 est=232.177
  [FastestO Curve] run=3 frac=0.5 budget_n=568 est=273.803
  [FastestO Curve] run=3 frac=0.6 budget_n=666 est=249.705
  [FastestO Curve] run=3 frac=0.7 budget_n=770 est=276.142
  [FastestO Curve] run=3 frac=0.8 budget_n=866 est=276.654
  [FastestO Curve] run=3 frac=0.9 budget_n=500 est=279.987
  [FastestO Curve] run=4 frac=0.01 budget_n=20 est=0
  [FastestO Curve] run=4 frac=0.05 budget_n=80 est=306.016
  [FastestO Curve] run=4 frac=0.075 budget_n=118 est=151.774
  [FastestO Curve] run=4 frac=0.1 budget_n=159 est=163.937
  [FastestO Curve] run=4 frac=0.15 budget_n=216 est=393.811
  [FastestO Curve] run=4 frac=0.2 budget_n=281 est=334.083
  [FastestO Curve] run=4 frac=0.3 budget_n=376 est=223.87
  [FastestO Curve] run=4 frac=0.4 budget_n=479 est=318.755
  [FastestO Curve] run=4 frac=0.5 budget_n=568 est=230.754
  [FastestO Curve] run=4 frac=0.6 budget_n=666 est=276.219
  [FastestO Curve] run=4 frac=0.7 budget_n=770 est=273.441
  [FastestO Curve] run=4 frac=0.8 budget_n=866 est=286.535
  [FastestO Curve] run=4 frac=0.9 budget_n=500 est=256.636
  [FastestO Curve] run=5 frac=0.01 budget_n=20 est=495.263
  [FastestO Curve] run=5 frac=0.05 budget_n=80 est=245.478
  [FastestO Curve] run=5 frac=0.075 budget_n=118 est=382.965
  [FastestO Curve] run=5 frac=0.1 budget_n=159 est=261.389
  [FastestO Curve] run=5 frac=0.15 budget_n=216 est=207.726
  [FastestO Curve] run=5 frac=0.2 budget_n=281 est=308.985
  [FastestO Curve] run=5 frac=0.3 budget_n=376 est=222.042
  [FastestO Curve] run=5 frac=0.4 budget_n=479 est=268.328
  [FastestO Curve] run=5 frac=0.5 budget_n=568 est=259.318
  [FastestO Curve] run=5 frac=0.6 budget_n=666 est=272.334
  [FastestO Curve] run=5 frac=0.7 budget_n=770 est=304.676
  [FastestO Curve] run=5 frac=0.8 budget_n=866 est=297.826
  [FastestO Curve] run=5 frac=0.9 budget_n=500 est=279.668
  [Result] #CandTree           : 9410
  [Result] #TreeTrials         : 2288
  [Result] #TreeSuccess        : 68
  [Result] #UniqueOracleNodes  : 500.0000
  [Result] Truth               : 9410.0000
  [Result] Est                 : 279.6678
  [Result] logQError           : -1.5269
  [Result] TreeCountTime       : 6.1579
  [Result] QueryTime           : 3.7315
/home/wangshuo/projects/PROXY/datasets/parler-E/query_graph/query_cycle_6_28.graph Finished!

Start Processing (Multi-Predicate) /home/wangshuo/projects/PROXY/datasets/parler-E/query_graph/query_cycle_6_29.graph
[Info] Using explicit query nodes for predicates: 2 4 
[Info] FOIS_nrs base budget not found, will rely strictly on Curve CSV.
[Info] Using user-specified root label 1 -> query node 5
  [FastestO Curve] run=1 frac=0.01 budget_n=50 est=0
  [FastestO Curve] run=1 frac=0.05 budget_n=154 est=22990.7
  [FastestO Curve] run=1 frac=0.075 budget_n=256 est=37551.6
  [FastestO Curve] run=1 frac=0.1 budget_n=370 est=31659.4
  [FastestO Curve] run=1 frac=0.15 budget_n=549 est=25358.8
  [FastestO Curve] run=1 frac=0.2 budget_n=664 est=27673.6
  [FastestO Curve] run=1 frac=0.3 budget_n=905 est=20307.8
  [FastestO Curve] run=1 frac=0.4 budget_n=998 est=32839.4
  [FastestO Curve] run=1 frac=0.5 budget_n=1048 est=26668.6
  [FastestO Curve] run=1 frac=0.6 budget_n=1115 est=29802.8
  [FastestO Curve] run=1 frac=0.7 budget_n=1160 est=27031.6
  [FastestO Curve] run=1 frac=0.8 budget_n=1198 est=27537.8
  [FastestO Curve] run=1 frac=0.9 budget_n=500 est=40903.4
  [FastestO Curve] run=2 frac=0.01 budget_n=50 est=0
  [FastestO Curve] run=2 frac=0.05 budget_n=154 est=34961.8
  [FastestO Curve] run=2 frac=0.075 budget_n=256 est=37551.6
  [FastestO Curve] run=2 frac=0.1 budget_n=370 est=66651.8
  [FastestO Curve] run=2 frac=0.15 budget_n=549 est=35253.5
  [FastestO Curve] run=2 frac=0.2 budget_n=664 est=38141.2
  [FastestO Curve] run=2 frac=0.3 budget_n=905 est=35575.2
  [FastestO Curve] run=2 frac=0.4 budget_n=998 est=39447.5
  [FastestO Curve] run=2 frac=0.5 budget_n=1048 est=27490.7
  [FastestO Curve] run=2 frac=0.6 budget_n=1115 est=36001.5
  [FastestO Curve] run=2 frac=0.7 budget_n=1160 est=30724
  [FastestO Curve] run=2 frac=0.8 budget_n=1198 est=28859.6
  [FastestO Curve] run=2 frac=0.9 budget_n=500 est=48063.7
  [FastestO Curve] run=3 frac=0.01 budget_n=50 est=0
  [FastestO Curve] run=3 frac=0.05 budget_n=154 est=11417.7
  [FastestO Curve] run=3 frac=0.075 budget_n=256 est=18637.7
  [FastestO Curve] run=3 frac=0.1 budget_n=370 est=27318.1
  [FastestO Curve] run=3 frac=0.15 budget_n=549 est=20468.9
  [FastestO Curve] run=3 frac=0.2 budget_n=664 est=23539.8
  [FastestO Curve] run=3 frac=0.3 budget_n=905 est=28109.6
  [FastestO Curve] run=3 frac=0.4 budget_n=998 est=41983.1
  [FastestO Curve] run=3 frac=0.5 budget_n=1048 est=41755.5
  [FastestO Curve] run=3 frac=0.6 budget_n=1115 est=27974.6
  [FastestO Curve] run=3 frac=0.7 budget_n=1160 est=31203.1
  [FastestO Curve] run=3 frac=0.8 budget_n=1198 est=36662.8
  [FastestO Curve] run=3 frac=0.9 budget_n=500 est=37022.7
  [FastestO Curve] run=4 frac=0.01 budget_n=50 est=0
  [FastestO Curve] run=4 frac=0.05 budget_n=154 est=22530.9
  [FastestO Curve] run=4 frac=0.075 budget_n=256 est=39298.1
  [FastestO Curve] run=4 frac=0.1 budget_n=370 est=30864.3
  [FastestO Curve] run=4 frac=0.15 budget_n=549 est=35858.2
  [FastestO Curve] run=4 frac=0.2 budget_n=664 est=22693.9
  [FastestO Curve] run=4 frac=0.3 budget_n=905 est=36712.4
  [FastestO Curve] run=4 frac=0.4 budget_n=998 est=35584.8
  [FastestO Curve] run=4 frac=0.5 budget_n=1048 est=35140.9
  [FastestO Curve] run=4 frac=0.6 budget_n=1115 est=26379.9
  [FastestO Curve] run=4 frac=0.7 budget_n=1160 est=32548.7
  [FastestO Curve] run=4 frac=0.8 budget_n=1198 est=33310.6
  [FastestO Curve] run=4 frac=0.9 budget_n=500 est=45239.3
  [FastestO Curve] run=5 frac=0.01 budget_n=50 est=41215.1
  [FastestO Curve] run=5 frac=0.05 budget_n=154 est=34486.1
  [FastestO Curve] run=5 frac=0.075 budget_n=256 est=36868.8
  [FastestO Curve] run=5 frac=0.1 budget_n=370 est=11956.3
  [FastestO Curve] run=5 frac=0.15 budget_n=549 est=23666.9
  [FastestO Curve] run=5 frac=0.2 budget_n=664 est=34451
  [FastestO Curve] run=5 frac=0.3 budget_n=905 est=20037.4
  [FastestO Curve] run=5 frac=0.4 budget_n=998 est=22894.9
  [FastestO Curve] run=5 frac=0.5 budget_n=1048 est=28360.6
  [FastestO Curve] run=5 frac=0.6 budget_n=1115 est=40537.7
  [FastestO Curve] run=5 frac=0.7 budget_n=1160 est=38962.5
  [FastestO Curve] run=5 frac=0.8 budget_n=1198 est=28814.7
  [FastestO Curve] run=5 frac=0.9 budget_n=500 est=23763.1
  [Result] #CandTree           : 1.69e+06
  [Result] #TreeTrials         : 640
  [Result] #TreeSuccess        : 9
  [Result] #UniqueOracleNodes  : 500.0000
  [Result] Truth               : 1670906.0000
  [Result] Est                 : 23763.0938
  [Result] logQError           : -1.8470
  [Result] TreeCountTime       : 5.2706
  [Result] QueryTime           : 0.9680
/home/wangshuo/projects/PROXY/datasets/parler-E/query_graph/query_cycle_6_29.graph Finished!

Start Processing (Multi-Predicate) /home/wangshuo/projects/PROXY/datasets/parler-E/query_graph/query_cycle_6_31.graph
[Info] Using explicit query nodes for predicates: 2 3 
[Info] FOIS_nrs base budget not found, will rely strictly on Curve CSV.
[Warning] Requested root label 1 not found in query. Falling back to default root 3
  [FastestO Curve] run=1 frac=0.01 budget_n=21 est=0
  [FastestO Curve] run=1 frac=0.05 budget_n=90 est=441.477
  [FastestO Curve] run=1 frac=0.075 budget_n=130 est=321.739
  [FastestO Curve] run=1 frac=0.1 budget_n=171 est=193.284
  [FastestO Curve] run=1 frac=0.15 budget_n=234 est=441.98
  [FastestO Curve] run=1 frac=0.2 budget_n=305 est=606.034
  [FastestO Curve] run=1 frac=0.3 budget_n=412 est=351.584
  [FastestO Curve] run=1 frac=0.4 budget_n=496 est=345.887
  [FastestO Curve] run=1 frac=0.5 budget_n=594 est=352.935
  [FastestO Curve] run=1 frac=0.6 budget_n=680 est=368.068
  [FastestO Curve] run=1 frac=0.7 budget_n=774 est=378.476
  [FastestO Curve] run=1 frac=0.8 budget_n=878 est=392.551
  [FastestO Curve] run=1 frac=0.9 budget_n=500 est=375.725
  [FastestO Curve] run=2 frac=0.01 budget_n=21 est=0
  [FastestO Curve] run=2 frac=0.05 budget_n=90 est=267.01
  [FastestO Curve] run=2 frac=0.075 budget_n=130 est=277.5
  [FastestO Curve] run=2 frac=0.1 budget_n=171 est=402.591
  [FastestO Curve] run=2 frac=0.15 budget_n=234 est=398.462
  [FastestO Curve] run=2 frac=0.2 budget_n=305 est=390.603
  [FastestO Curve] run=2 frac=0.3 budget_n=412 est=563.81
  [FastestO Curve] run=2 frac=0.4 budget_n=496 est=415.953
  [FastestO Curve] run=2 frac=0.5 budget_n=594 est=463.655
  [FastestO Curve] run=2 frac=0.6 budget_n=680 est=313.37
  [FastestO Curve] run=2 frac=0.7 budget_n=774 est=426.749
  [FastestO Curve] run=2 frac=0.8 budget_n=878 est=458.333
  [FastestO Curve] run=2 frac=0.9 budget_n=500 est=435.817
  [FastestO Curve] run=3 frac=0.01 budget_n=21 est=0
  [FastestO Curve] run=3 frac=0.05 budget_n=90 est=284.615
  [FastestO Curve] run=3 frac=0.075 budget_n=130 est=588.636
  [FastestO Curve] run=3 frac=0.1 budget_n=171 est=466.667
  [FastestO Curve] run=3 frac=0.15 budget_n=234 est=322.741
  [FastestO Curve] run=3 frac=0.2 budget_n=305 est=493.333
  [FastestO Curve] run=3 frac=0.3 budget_n=412 est=465.827
  [FastestO Curve] run=3 frac=0.4 budget_n=496 est=358.3
  [FastestO Curve] run=3 frac=0.5 budget_n=594 est=402.243
  [FastestO Curve] run=3 frac=0.6 budget_n=680 est=429.876
  [FastestO Curve] run=3 frac=0.7 budget_n=774 est=304.573
  [FastestO Curve] run=3 frac=0.8 budget_n=878 est=441.338
  [FastestO Curve] run=3 frac=0.9 budget_n=500 est=308.653
  [FastestO Curve] run=4 frac=0.01 budget_n=21 est=1726.67
  [FastestO Curve] run=4 frac=0.05 budget_n=90 est=413.298
  [FastestO Curve] run=4 frac=0.075 budget_n=130 est=425.987
  [FastestO Curve] run=4 frac=0.1 budget_n=171 est=696.237
  [FastestO Curve] run=4 frac=0.15 budget_n=234 est=203.616
  [FastestO Curve] run=4 frac=0.2 budget_n=305 est=662.558
  [FastestO Curve] run=4 frac=0.3 budget_n=412 est=436.706
  [FastestO Curve] run=4 frac=0.4 budget_n=496 est=459.516
  [FastestO Curve] run=4 frac=0.5 budget_n=594 est=539.583
  [FastestO Curve] run=4 frac=0.6 budget_n=680 est=408.801
  [FastestO Curve] run=4 frac=0.7 budget_n=774 est=496.398
  [FastestO Curve] run=4 frac=0.8 budget_n=878 est=341.548
  [FastestO Curve] run=4 frac=0.9 budget_n=500 est=401.229
  [FastestO Curve] run=5 frac=0.01 budget_n=21 est=1618.75
  [FastestO Curve] run=5 frac=0.05 budget_n=90 est=0
  [FastestO Curve] run=5 frac=0.075 budget_n=130 est=518
  [FastestO Curve] run=5 frac=0.1 budget_n=171 est=510.345
  [FastestO Curve] run=5 frac=0.15 budget_n=234 est=335.275
  [FastestO Curve] run=5 frac=0.2 budget_n=305 est=607.531
  [FastestO Curve] run=5 frac=0.3 budget_n=412 est=348.513
  [FastestO Curve] run=5 frac=0.4 budget_n=496 est=404.688
  [FastestO Curve] run=5 frac=0.5 budget_n=594 est=557.937
  [FastestO Curve] run=5 frac=0.6 budget_n=680 est=411.614
  [FastestO Curve] run=5 frac=0.7 budget_n=774 est=339.951
  [FastestO Curve] run=5 frac=0.8 budget_n=878 est=451.038
  [FastestO Curve] run=5 frac=0.9 budget_n=500 est=502.143
  [Result] #CandTree           : 1.295e+04
  [Result] #TreeTrials         : 980
  [Result] #TreeSuccess        : 38
  [Result] #UniqueOracleNodes  : 500.0000
  [Result] Truth               : 11127.0000
  [Result] Est                 : 502.1429
  [Result] logQError           : -1.3456
  [Result] TreeCountTime       : 5.2418
  [Result] QueryTime           : 1.3246
/home/wangshuo/projects/PROXY/datasets/parler-E/query_graph/query_cycle_6_31.graph Finished!

Start Processing (Multi-Predicate) /home/wangshuo/projects/PROXY/datasets/parler-E/query_graph/query_cycle_6_32.graph
[Info] Using explicit query nodes for predicates: 1 2 3 
[Info] FOIS_nrs base budget not found, will rely strictly on Curve CSV.
[Info] Using user-specified root label 1 -> query node 0
  [FastestO Curve] run=1 frac=0.01 budget_n=101 est=1634.09
  [FastestO Curve] run=1 frac=0.05 budget_n=322 est=772.88
  [FastestO Curve] run=1 frac=0.075 budget_n=412 est=1023.54
  [FastestO Curve] run=1 frac=0.1 budget_n=492 est=809.025
  [FastestO Curve] run=1 frac=0.15 budget_n=590 est=1012.96
  [FastestO Curve] run=1 frac=0.2 budget_n=668 est=792.253
  [FastestO Curve] run=1 frac=0.3 budget_n=790 est=679.138
  [FastestO Curve] run=1 frac=0.4 budget_n=874 est=811.009
  [FastestO Curve] run=1 frac=0.5 budget_n=959 est=555.714
  [FastestO Curve] run=1 frac=0.6 budget_n=1041 est=573.351
  [FastestO Curve] run=1 frac=0.7 budget_n=1104 est=693.01
  [FastestO Curve] run=1 frac=0.8 budget_n=1149 est=815.812
  [FastestO Curve] run=1 frac=0.9 budget_n=500 est=376.625
  [FastestO Curve] run=2 frac=0.01 budget_n=101 est=0
  [FastestO Curve] run=2 frac=0.05 budget_n=322 est=174.674
  [FastestO Curve] run=2 frac=0.075 budget_n=412 est=689.786
  [FastestO Curve] run=2 frac=0.1 budget_n=492 est=819.554
  [FastestO Curve] run=2 frac=0.15 budget_n=590 est=569.838
  [FastestO Curve] run=2 frac=0.2 budget_n=668 est=464.445
  [FastestO Curve] run=2 frac=0.3 budget_n=790 est=722.657
  [FastestO Curve] run=2 frac=0.4 budget_n=874 est=583.745
  [FastestO Curve] run=2 frac=0.5 budget_n=959 est=785.004
  [FastestO Curve] run=2 frac=0.6 budget_n=1041 est=492.784
  [FastestO Curve] run=2 frac=0.7 budget_n=1104 est=959.584
  [FastestO Curve] run=2 frac=0.8 budget_n=1149 est=450.238
  [FastestO Curve] run=2 frac=0.9 budget_n=500 est=665.037
  [FastestO Curve] run=3 frac=0.01 budget_n=101 est=749.723
  [FastestO Curve] run=3 frac=0.05 budget_n=322 est=733.245
  [FastestO Curve] run=3 frac=0.075 budget_n=412 est=1794.57
  [FastestO Curve] run=3 frac=0.1 budget_n=492 est=216.524
  [FastestO Curve] run=3 frac=0.15 budget_n=590 est=413.416
  [FastestO Curve] run=3 frac=0.2 budget_n=668 est=1029.18
  [FastestO Curve] run=3 frac=0.3 budget_n=790 est=720.257
  [FastestO Curve] run=3 frac=0.4 budget_n=874 est=698.939
  [FastestO Curve] run=3 frac=0.5 budget_n=959 est=798.946
  [FastestO Curve] run=3 frac=0.6 budget_n=1041 est=668.426
  [FastestO Curve] run=3 frac=0.7 budget_n=1104 est=951.924
  [FastestO Curve] run=3 frac=0.8 budget_n=1149 est=916.21
  [FastestO Curve] run=3 frac=0.9 budget_n=500 est=1105.94
  [FastestO Curve] run=4 frac=0.01 budget_n=101 est=0
  [FastestO Curve] run=4 frac=0.05 budget_n=322 est=579.101
  [FastestO Curve] run=4 frac=0.075 budget_n=412 est=307.726
  [FastestO Curve] run=4 frac=0.1 budget_n=492 est=659.196
  [FastestO Curve] run=4 frac=0.15 budget_n=590 est=326.02
  [FastestO Curve] run=4 frac=0.2 budget_n=668 est=617.351
  [FastestO Curve] run=4 frac=0.3 budget_n=790 est=606.093
  [FastestO Curve] run=4 frac=0.4 budget_n=874 est=827.934
  [FastestO Curve] run=4 frac=0.5 budget_n=959 est=849.06
  [FastestO Curve] run=4 frac=0.6 budget_n=1041 est=666.435
  [FastestO Curve] run=4 frac=0.7 budget_n=1104 est=980.134
  [FastestO Curve] run=4 frac=0.8 budget_n=1149 est=722.005
  [FastestO Curve] run=4 frac=0.9 budget_n=500 est=555.119
  [FastestO Curve] run=5 frac=0.01 budget_n=101 est=0
  [FastestO Curve] run=5 frac=0.05 budget_n=322 est=910.926
  [FastestO Curve] run=5 frac=0.075 budget_n=412 est=1662.36
  [FastestO Curve] run=5 frac=0.1 budget_n=492 est=585.995
  [FastestO Curve] run=5 frac=0.15 budget_n=590 est=810.794
  [FastestO Curve] run=5 frac=0.2 budget_n=668 est=789.791
  [FastestO Curve] run=5 frac=0.3 budget_n=790 est=695.919
  [FastestO Curve] run=5 frac=0.4 budget_n=874 est=780.794
  [FastestO Curve] run=5 frac=0.5 budget_n=959 est=772.409
  [FastestO Curve] run=5 frac=0.6 budget_n=1041 est=988.872
  [FastestO Curve] run=5 frac=0.7 budget_n=1104 est=801.691
  [FastestO Curve] run=5 frac=0.8 budget_n=1149 est=618.591
  [FastestO Curve] run=5 frac=0.9 budget_n=500 est=530.127
  [Result] #CandTree           : 2.002e+05
  [Result] #TreeTrials         : 1888
  [Result] #TreeSuccess        : 5
  [Result] #UniqueOracleNodes  : 500.0000
  [Result] Truth               : 71541.0000
  [Result] Est                 : 530.1271
  [Result] logQError           : -2.1302
  [Result] TreeCountTime       : 8.0673
  [Result] QueryTime           : 1.8641
/home/wangshuo/projects/PROXY/datasets/parler-E/query_graph/query_cycle_6_32.graph Finished!

Start Processing (Multi-Predicate) /home/wangshuo/projects/PROXY/datasets/parler-E/query_graph/query_cycle_6_33.graph
[Info] Using explicit query nodes for predicates: 1 2 5 
[Info] FOIS_nrs base budget not found, will rely strictly on Curve CSV.
[Warning] Requested root label 1 not found in query. Falling back to default root 4
  [FastestO Curve] run=1 frac=0.01 budget_n=190 est=27748.9
  [FastestO Curve] run=1 frac=0.05 budget_n=666 est=21555.5
  [FastestO Curve] run=1 frac=0.075 budget_n=899 est=24333.4
  [FastestO Curve] run=1 frac=0.1 budget_n=1066 est=13451.6
  [FastestO Curve] run=1 frac=0.15 budget_n=1328 est=16012.1
  [FastestO Curve] run=1 frac=0.2 budget_n=1599 est=17860
  [FastestO Curve] run=1 frac=0.3 budget_n=2111 est=21816.5
  [FastestO Curve] run=1 frac=0.4 budget_n=2464 est=15603.9
  [FastestO Curve] run=1 frac=0.5 budget_n=2717 est=16018.1
  [FastestO Curve] run=1 frac=0.6 budget_n=2948 est=16819.6
  [FastestO Curve] run=1 frac=0.7 budget_n=3094 est=15968.1
  [FastestO Curve] run=1 frac=0.8 budget_n=3249 est=16444
  [FastestO Curve] run=1 frac=0.9 budget_n=500 est=13190
  [FastestO Curve] run=2 frac=0.01 budget_n=190 est=39570
  [FastestO Curve] run=2 frac=0.05 budget_n=666 est=15079.5
  [FastestO Curve] run=2 frac=0.075 budget_n=899 est=27570.4
  [FastestO Curve] run=2 frac=0.1 budget_n=1066 est=12378.8
  [FastestO Curve] run=2 frac=0.15 budget_n=1328 est=11688
  [FastestO Curve] run=2 frac=0.2 budget_n=1599 est=18898.1
  [FastestO Curve] run=2 frac=0.3 budget_n=2111 est=19647.9
  [FastestO Curve] run=2 frac=0.4 budget_n=2464 est=20057.4
  [FastestO Curve] run=2 frac=0.5 budget_n=2717 est=19834.9
  [FastestO Curve] run=2 frac=0.6 budget_n=2948 est=18311.8
  [FastestO Curve] run=2 frac=0.7 budget_n=3094 est=15854.4
  [FastestO Curve] run=2 frac=0.8 budget_n=3249 est=17423.5
  [FastestO Curve] run=2 frac=0.9 budget_n=500 est=23385.6
  [FastestO Curve] run=3 frac=0.01 budget_n=190 est=10740.4
  [FastestO Curve] run=3 frac=0.05 budget_n=666 est=12600.9
  [FastestO Curve] run=3 frac=0.075 budget_n=899 est=18759
  [FastestO Curve] run=3 frac=0.1 budget_n=1066 est=18230.7
  [FastestO Curve] run=3 frac=0.15 budget_n=1328 est=15243.4
  [FastestO Curve] run=3 frac=0.2 budget_n=1599 est=19961.6
  [FastestO Curve] run=3 frac=0.3 budget_n=2111 est=16545.5
  [FastestO Curve] run=3 frac=0.4 budget_n=2464 est=16530.4
  [FastestO Curve] run=3 frac=0.5 budget_n=2717 est=15433.5
  [FastestO Curve] run=3 frac=0.6 budget_n=2948 est=18053.8
  [FastestO Curve] run=3 frac=0.7 budget_n=3094 est=15914.8
  [FastestO Curve] run=3 frac=0.8 budget_n=3249 est=15413.1
  [FastestO Curve] run=3 frac=0.9 budget_n=500 est=27333.5
  [FastestO Curve] run=4 frac=0.01 budget_n=190 est=19900.5
  [FastestO Curve] run=4 frac=0.05 budget_n=666 est=23681.9
  [FastestO Curve] run=4 frac=0.075 budget_n=899 est=17508.4
  [FastestO Curve] run=4 frac=0.1 budget_n=1066 est=18638.4
  [FastestO Curve] run=4 frac=0.15 budget_n=1328 est=24057
  [FastestO Curve] run=4 frac=0.2 budget_n=1599 est=24085.8
  [FastestO Curve] run=4 frac=0.3 budget_n=2111 est=19079.2
  [FastestO Curve] run=4 frac=0.4 budget_n=2464 est=16942.9
  [FastestO Curve] run=4 frac=0.5 budget_n=2717 est=17143.5
  [FastestO Curve] run=4 frac=0.6 budget_n=2948 est=17945.9
  [FastestO Curve] run=4 frac=0.7 budget_n=3094 est=17134.5
  [FastestO Curve] run=4 frac=0.8 budget_n=3249 est=17611.2
  [FastestO Curve] run=4 frac=0.9 budget_n=500 est=20946.9
  [FastestO Curve] run=5 frac=0.01 budget_n=190 est=16063.4
  [FastestO Curve] run=5 frac=0.05 budget_n=666 est=13389.8
  [FastestO Curve] run=5 frac=0.075 budget_n=899 est=18518
  [FastestO Curve] run=5 frac=0.1 budget_n=1066 est=19900.5
  [FastestO Curve] run=5 frac=0.15 budget_n=1328 est=13770.6
  [FastestO Curve] run=5 frac=0.2 budget_n=1599 est=23936.3
  [FastestO Curve] run=5 frac=0.3 budget_n=2111 est=15577.7
  [FastestO Curve] run=5 frac=0.4 budget_n=2464 est=18794
  [FastestO Curve] run=5 frac=0.5 budget_n=2717 est=16299.1
  [FastestO Curve] run=5 frac=0.6 budget_n=2948 est=15891.3
  [FastestO Curve] run=5 frac=0.7 budget_n=3094 est=20821.8
  [FastestO Curve] run=5 frac=0.8 budget_n=3249 est=19292.6
  [FastestO Curve] run=5 frac=0.9 budget_n=500 est=18683.4
  [Result] #CandTree           : 1.826e+06
  [Result] #TreeTrials         : 1075
  [Result] #TreeSuccess        : 11
  [Result] #UniqueOracleNodes  : 500.0000
  [Result] Truth               : 823186.0000
  [Result] Est                 : 18683.3721
  [Result] logQError           : -1.6440
  [Result] TreeCountTime       : 18.8237
  [Result] QueryTime           : 1.4497
/home/wangshuo/projects/PROXY/datasets/parler-E/query_graph/query_cycle_6_33.graph Finished!

Start Processing (Multi-Predicate) /home/wangshuo/projects/PROXY/datasets/parler-E/query_graph/query_cycle_6_35.graph
[Info] Using explicit query nodes for predicates: 1 2 4 5 
[Info] FOIS_nrs base budget not found, will rely strictly on Curve CSV.
[Warning] Requested root label 1 not found in query. Falling back to default root 3
  [FastestO Curve] run=1 frac=0.01 budget_n=196 est=459.361
  [FastestO Curve] run=1 frac=0.05 budget_n=544 est=224.484
  [FastestO Curve] run=1 frac=0.075 budget_n=657 est=56.8282
  [FastestO Curve] run=1 frac=0.1 budget_n=783 est=332.164
  [FastestO Curve] run=1 frac=0.15 budget_n=941 est=356.486
  [FastestO Curve] run=1 frac=0.2 budget_n=1074 est=233.385
  [FastestO Curve] run=1 frac=0.3 budget_n=1413 est=303.004
  [FastestO Curve] run=1 frac=0.4 budget_n=1625 est=237.515
  [FastestO Curve] run=1 frac=0.5 budget_n=1782 est=196.869
  [FastestO Curve] run=1 frac=0.6 budget_n=1923 est=262.622
  [FastestO Curve] run=1 frac=0.7 budget_n=2033 est=150.816
  [FastestO Curve] run=1 frac=0.8 budget_n=2152 est=233.399
  [FastestO Curve] run=1 frac=0.9 budget_n=500 est=0
  [FastestO Curve] run=2 frac=0.01 budget_n=196 est=209.329
  [FastestO Curve] run=2 frac=0.05 budget_n=544 est=437.101
  [FastestO Curve] run=2 frac=0.075 budget_n=657 est=232.915
  [FastestO Curve] run=2 frac=0.1 budget_n=783 est=283.491
  [FastestO Curve] run=2 frac=0.15 budget_n=941 est=113.397
  [FastestO Curve] run=2 frac=0.2 budget_n=1074 est=99.222
  [FastestO Curve] run=2 frac=0.3 budget_n=1413 est=140.641
  [FastestO Curve] run=2 frac=0.4 budget_n=1625 est=251.587
  [FastestO Curve] run=2 frac=0.5 budget_n=1782 est=253.997
  [FastestO Curve] run=2 frac=0.6 budget_n=1923 est=193.793
  [FastestO Curve] run=2 frac=0.7 budget_n=2033 est=177.103
  [FastestO Curve] run=2 frac=0.8 budget_n=2152 est=186.373
  [FastestO Curve] run=2 frac=0.9 budget_n=500 est=159.01
  [FastestO Curve] run=3 frac=0.01 budget_n=196 est=0
  [FastestO Curve] run=3 frac=0.05 budget_n=544 est=201.262
  [FastestO Curve] run=3 frac=0.075 budget_n=657 est=173.465
  [FastestO Curve] run=3 frac=0.1 budget_n=783 est=332.164
  [FastestO Curve] run=3 frac=0.15 budget_n=941 est=286.887
  [FastestO Curve] run=3 frac=0.2 budget_n=1074 est=65.7535
  [FastestO Curve] run=3 frac=0.3 budget_n=1413 est=260.799
  [FastestO Curve] run=3 frac=0.4 budget_n=1625 est=219.429
  [FastestO Curve] run=3 frac=0.5 budget_n=1782 est=293.502
  [FastestO Curve] run=3 frac=0.6 budget_n=1923 est=126.478
  [FastestO Curve] run=3 frac=0.7 budget_n=2033 est=254.3
  [FastestO Curve] run=3 frac=0.8 budget_n=2152 est=202.411
  [FastestO Curve] run=3 frac=0.9 budget_n=500 est=334.927
  [FastestO Curve] run=4 frac=0.01 budget_n=196 est=0
  [FastestO Curve] run=4 frac=0.05 budget_n=544 est=295.964
  [FastestO Curve] run=4 frac=0.075 budget_n=657 est=56.3441
  [FastestO Curve] run=4 frac=0.1 budget_n=783 est=141.948
  [FastestO Curve] run=4 frac=0.15 budget_n=941 est=113.787
  [FastestO Curve] run=4 frac=0.2 budget_n=1074 est=300.673
  [FastestO Curve] run=4 frac=0.3 budget_n=1413 est=171.877
  [FastestO Curve] run=4 frac=0.4 budget_n=1625 est=225.411
  [FastestO Curve] run=4 frac=0.5 budget_n=1782 est=196.444
  [FastestO Curve] run=4 frac=0.6 budget_n=1923 est=173.08
  [FastestO Curve] run=4 frac=0.7 budget_n=2033 est=199.889
  [FastestO Curve] run=4 frac=0.8 budget_n=2152 est=164.616
  [FastestO Curve] run=4 frac=0.9 budget_n=500 est=478.178
  [FastestO Curve] run=5 frac=0.01 budget_n=196 est=0
  [FastestO Curve] run=5 frac=0.05 budget_n=544 est=287.6
  [FastestO Curve] run=5 frac=0.075 budget_n=657 est=294.253
  [FastestO Curve] run=5 frac=0.1 budget_n=783 est=240.713
  [FastestO Curve] run=5 frac=0.15 budget_n=941 est=402.36
  [FastestO Curve] run=5 frac=0.2 budget_n=1074 est=167.04
  [FastestO Curve] run=5 frac=0.3 budget_n=1413 est=120.094
  [FastestO Curve] run=5 frac=0.4 budget_n=1625 est=180.076
  [FastestO Curve] run=5 frac=0.5 budget_n=1782 est=142.177
  [FastestO Curve] run=5 frac=0.6 budget_n=1923 est=177.904
  [FastestO Curve] run=5 frac=0.7 budget_n=2033 est=238.801
  [FastestO Curve] run=5 frac=0.8 budget_n=2152 est=267.407
  [FastestO Curve] run=5 frac=0.9 budget_n=500 est=235.123
  [Result] #CandTree           : 3.307e+04
  [Result] #TreeTrials         : 422
  [Result] #TreeSuccess        : 3
  [Result] #UniqueOracleNodes  : 500.0000
  [Result] Truth               : 30316.0000
  [Result] Est                 : 235.1232
  [Result] logQError           : -2.1104
  [Result] TreeCountTime       : 11.5645
  [Result] QueryTime           : 0.6957
/home/wangshuo/projects/PROXY/datasets/parler-E/query_graph/query_cycle_6_35.graph Finished!

Start Processing (Multi-Predicate) /home/wangshuo/projects/PROXY/datasets/parler-E/query_graph/query_cycle_6_36.graph
[Info] Using explicit query nodes for predicates: 0 1 3 4 
[Info] FOIS_nrs base budget not found, will rely strictly on Curve CSV.
[Warning] Requested root label 1 not found in query. Falling back to default root 2
  [FastestO Curve] run=1 frac=0.01 budget_n=228 est=11323.9
  [FastestO Curve] run=1 frac=0.05 budget_n=537 est=19976.9
  [FastestO Curve] run=1 frac=0.075 budget_n=742 est=16985.9
  [FastestO Curve] run=1 frac=0.1 budget_n=951 est=14551.1
  [FastestO Curve] run=1 frac=0.15 budget_n=1258 est=13786.8
  [FastestO Curve] run=1 frac=0.2 budget_n=1586 est=18320.7
  [FastestO Curve] run=1 frac=0.3 budget_n=2288 est=20280.4
  [FastestO Curve] run=1 frac=0.4 budget_n=2831 est=22211.8
  [FastestO Curve] run=1 frac=0.5 budget_n=3382 est=22720.7
  [FastestO Curve] run=1 frac=0.6 budget_n=3765 est=20660.4
  [FastestO Curve] run=1 frac=0.7 budget_n=4138 est=18914.8
  [FastestO Curve] run=1 frac=0.8 budget_n=4406 est=21063.6
  [FastestO Curve] run=1 frac=0.9 budget_n=500 est=18978.1
  [FastestO Curve] run=2 frac=0.01 budget_n=228 est=10146.7
  [FastestO Curve] run=2 frac=0.05 budget_n=537 est=42435.4
  [FastestO Curve] run=2 frac=0.075 budget_n=742 est=38829.3
  [FastestO Curve] run=2 frac=0.1 budget_n=951 est=21021.9
  [FastestO Curve] run=2 frac=0.15 budget_n=1258 est=9867.55
  [FastestO Curve] run=2 frac=0.2 budget_n=1586 est=20346.4
  [FastestO Curve] run=2 frac=0.3 budget_n=2288 est=17240.5
  [FastestO Curve] run=2 frac=0.4 budget_n=2831 est=17579.1
  [FastestO Curve] run=2 frac=0.5 budget_n=3382 est=22102.4
  [FastestO Curve] run=2 frac=0.6 budget_n=3765 est=17671.9
  [FastestO Curve] run=2 frac=0.7 budget_n=4138 est=22078.1
  [FastestO Curve] run=2 frac=0.8 budget_n=4406 est=15972.4
  [FastestO Curve] run=2 frac=0.9 budget_n=500 est=24546.5
  [FastestO Curve] run=3 frac=0.01 budget_n=228 est=19613.7
  [FastestO Curve] run=3 frac=0.05 budget_n=537 est=21043.4
  [FastestO Curve] run=3 frac=0.075 budget_n=742 est=20122.6
  [FastestO Curve] run=3 frac=0.1 budget_n=951 est=12783.6
  [FastestO Curve] run=3 frac=0.15 budget_n=1258 est=16058.4
  [FastestO Curve] run=3 frac=0.2 budget_n=1586 est=25023.2
  [FastestO Curve] run=3 frac=0.3 budget_n=2288 est=18863.6
  [FastestO Curve] run=3 frac=0.4 budget_n=2831 est=19511.2
  [FastestO Curve] run=3 frac=0.5 budget_n=3382 est=23735.5
  [FastestO Curve] run=3 frac=0.6 budget_n=3765 est=15622.2
  [FastestO Curve] run=3 frac=0.7 budget_n=4138 est=19044.2
  [FastestO Curve] run=3 frac=0.8 budget_n=4406 est=20439.9
  [FastestO Curve] run=3 frac=0.9 budget_n=500 est=12917.8
  [FastestO Curve] run=4 frac=0.01 budget_n=228 est=10146.7
  [FastestO Curve] run=4 frac=0.05 budget_n=537 est=16629.9
  [FastestO Curve] run=4 frac=0.075 budget_n=742 est=24793.9
  [FastestO Curve] run=4 frac=0.1 budget_n=951 est=27842.4
  [FastestO Curve] run=4 frac=0.15 budget_n=1258 est=18870.5
  [FastestO Curve] run=4 frac=0.2 budget_n=1586 est=20758.5
  [FastestO Curve] run=4 frac=0.3 budget_n=2288 est=23520.4
  [FastestO Curve] run=4 frac=0.4 budget_n=2831 est=16263.1
  [FastestO Curve] run=4 frac=0.5 budget_n=3382 est=17405.9
  [FastestO Curve] run=4 frac=0.6 budget_n=3765 est=20121.3
  [FastestO Curve] run=4 frac=0.7 budget_n=4138 est=20040.6
  [FastestO Curve] run=4 frac=0.8 budget_n=4406 est=21226.1
  [FastestO Curve] run=4 frac=0.9 budget_n=500 est=21217.7
  [FastestO Curve] run=5 frac=0.01 budget_n=228 est=0
  [FastestO Curve] run=5 frac=0.05 budget_n=537 est=28694.8
  [FastestO Curve] run=5 frac=0.075 budget_n=742 est=25131.7
  [FastestO Curve] run=5 frac=0.1 budget_n=951 est=25046.4
  [FastestO Curve] run=5 frac=0.15 budget_n=1258 est=20308.8
  [FastestO Curve] run=5 frac=0.2 budget_n=1586 est=26001.9
  [FastestO Curve] run=5 frac=0.3 budget_n=2288 est=9191.17
  [FastestO Curve] run=5 frac=0.4 budget_n=2831 est=16339.4
  [FastestO Curve] run=5 frac=0.5 budget_n=3382 est=20499.9
  [FastestO Curve] run=5 frac=0.6 budget_n=3765 est=14640.2
  [FastestO Curve] run=5 frac=0.7 budget_n=4138 est=19285.6
  [FastestO Curve] run=5 frac=0.8 budget_n=4406 est=17082.2
  [FastestO Curve] run=5 frac=0.9 budget_n=500 est=13055
  [Result] #CandTree           : 2.05e+06
  [Result] #TreeTrials         : 471
  [Result] #TreeSuccess        : 3
  [Result] #UniqueOracleNodes  : 500.0000
  [Result] Truth               : 1548499.0000
  [Result] Est                 : 13054.9745
  [Result] logQError           : -2.0741
  [Result] TreeCountTime       : 20.9907
  [Result] QueryTime           : 1.0120
/home/wangshuo/projects/PROXY/datasets/parler-E/query_graph/query_cycle_6_36.graph Finished!

Start Processing (Multi-Predicate) /home/wangshuo/projects/PROXY/datasets/parler-E/query_graph/query_cycle_6_37.graph
[Info] Using explicit query nodes for predicates: 0 5 
[Info] FOIS_nrs base budget not found, will rely strictly on Curve CSV.
[Info] Using user-specified root label 1 -> query node 4
  [FastestO Curve] run=1 frac=0.01 budget_n=99 est=511.233
  [FastestO Curve] run=1 frac=0.05 budget_n=334 est=240.996
  [FastestO Curve] run=1 frac=0.075 budget_n=442 est=213.122
  [FastestO Curve] run=1 frac=0.1 budget_n=512 est=294.853
  [FastestO Curve] run=1 frac=0.15 budget_n=617 est=299.358
  [FastestO Curve] run=1 frac=0.2 budget_n=640 est=317.688
  [FastestO Curve] run=1 frac=0.3 budget_n=762 est=321.281
  [FastestO Curve] run=1 frac=0.4 budget_n=850 est=341.758
  [FastestO Curve] run=1 frac=0.5 budget_n=881 est=268.103
  [FastestO Curve] run=1 frac=0.6 budget_n=912 est=254.085
  [FastestO Curve] run=1 frac=0.7 budget_n=939 est=351.18
  [FastestO Curve] run=1 frac=0.8 budget_n=971 est=243.627
  [FastestO Curve] run=1 frac=0.9 budget_n=500 est=459.195
  [FastestO Curve] run=2 frac=0.01 budget_n=99 est=399.857
  [FastestO Curve] run=2 frac=0.05 budget_n=334 est=455.977
  [FastestO Curve] run=2 frac=0.075 budget_n=442 est=345.556
  [FastestO Curve] run=2 frac=0.1 budget_n=512 est=339.636
  [FastestO Curve] run=2 frac=0.15 budget_n=617 est=192.041
  [FastestO Curve] run=2 frac=0.2 budget_n=640 est=334.923
  [FastestO Curve] run=2 frac=0.3 budget_n=762 est=409.547
  [FastestO Curve] run=2 frac=0.4 budget_n=850 est=303.415
  [FastestO Curve] run=2 frac=0.5 budget_n=881 est=353.252
  [FastestO Curve] run=2 frac=0.6 budget_n=912 est=324.778
  [FastestO Curve] run=2 frac=0.7 budget_n=939 est=345.911
  [FastestO Curve] run=2 frac=0.8 budget_n=971 est=331.86
  [FastestO Curve] run=2 frac=0.9 budget_n=500 est=359.66
  [FastestO Curve] run=3 frac=0.01 budget_n=99 est=0
  [FastestO Curve] run=3 frac=0.05 budget_n=334 est=174.067
  [FastestO Curve] run=3 frac=0.075 budget_n=442 est=298.56
  [FastestO Curve] run=3 frac=0.1 budget_n=512 est=349.361
  [FastestO Curve] run=3 frac=0.15 budget_n=617 est=294.116
  [FastestO Curve] run=3 frac=0.2 budget_n=640 est=191.385
  [FastestO Curve] run=3 frac=0.3 budget_n=762 est=389.798
  [FastestO Curve] run=3 frac=0.4 budget_n=850 est=355.942
  [FastestO Curve] run=3 frac=0.5 budget_n=881 est=432.04
  [FastestO Curve] run=3 frac=0.6 budget_n=912 est=348.506
  [FastestO Curve] run=3 frac=0.7 budget_n=939 est=305.902
  [FastestO Curve] run=3 frac=0.8 budget_n=971 est=379.342
  [FastestO Curve] run=3 frac=0.9 budget_n=500 est=282.07
  [FastestO Curve] run=4 frac=0.01 budget_n=99 est=411.618
  [FastestO Curve] run=4 frac=0.05 budget_n=334 est=255.117
  [FastestO Curve] run=4 frac=0.075 budget_n=442 est=370.238
  [FastestO Curve] run=4 frac=0.1 budget_n=512 est=396.577
  [FastestO Curve] run=4 frac=0.15 budget_n=617 est=365.231
  [FastestO Curve] run=4 frac=0.2 budget_n=640 est=314.141
  [FastestO Curve] run=4 frac=0.3 budget_n=762 est=338.326
  [FastestO Curve] run=4 frac=0.4 budget_n=850 est=248.198
  [FastestO Curve] run=4 frac=0.5 budget_n=881 est=367.578
  [FastestO Curve] run=4 frac=0.6 budget_n=912 est=324.522
  [FastestO Curve] run=4 frac=0.7 budget_n=939 est=332.554
  [FastestO Curve] run=4 frac=0.8 budget_n=971 est=380.249
  [FastestO Curve] run=4 frac=0.9 budget_n=500 est=456.713
  [FastestO Curve] run=5 frac=0.01 budget_n=99 est=0
  [FastestO Curve] run=5 frac=0.05 budget_n=334 est=300.968
  [FastestO Curve] run=5 frac=0.075 budget_n=442 est=275.887
  [FastestO Curve] run=5 frac=0.1 budget_n=512 est=145.457
  [FastestO Curve] run=5 frac=0.15 budget_n=617 est=298.295
  [FastestO Curve] run=5 frac=0.2 budget_n=640 est=302.509
  [FastestO Curve] run=5 frac=0.3 budget_n=762 est=261.939
  [FastestO Curve] run=5 frac=0.4 budget_n=850 est=326.381
  [FastestO Curve] run=5 frac=0.5 budget_n=881 est=167.354
  [FastestO Curve] run=5 frac=0.6 budget_n=912 est=345.556
  [FastestO Curve] run=5 frac=0.7 budget_n=939 est=232.041
  [FastestO Curve] run=5 frac=0.8 budget_n=971 est=314.079
  [FastestO Curve] run=5 frac=0.9 budget_n=500 est=252.162
  [Result] #CandTree           : 9330
  [Result] #TreeTrials         : 444
  [Result] #TreeSuccess        : 12
  [Result] #UniqueOracleNodes  : 500.0000
  [Result] Truth               : 9330.0000
  [Result] Est                 : 252.1622
  [Result] logQError           : -1.5682
  [Result] TreeCountTime       : 9.8257
  [Result] QueryTime           : 0.7180
/home/wangshuo/projects/PROXY/datasets/parler-E/query_graph/query_cycle_6_37.graph Finished!

Start Processing (Multi-Predicate) /home/wangshuo/projects/PROXY/datasets/parler-E/query_graph/query_cycle_6_38.graph
[Info] Using explicit query nodes for predicates: 0 2 3 4 
[Info] FOIS_nrs base budget not found, will rely strictly on Curve CSV.
[Info] Using user-specified root label 1 -> query node 5
  [FastestO Curve] run=1 frac=0.01 budget_n=107 est=1367.21
  [FastestO Curve] run=1 frac=0.05 budget_n=248 est=435.3
  [FastestO Curve] run=1 frac=0.075 budget_n=309 est=309.343
  [FastestO Curve] run=1 frac=0.1 budget_n=344 est=273.596
  [FastestO Curve] run=1 frac=0.15 budget_n=426 est=202.824
  [FastestO Curve] run=1 frac=0.2 budget_n=497 est=715.447
  [FastestO Curve] run=1 frac=0.3 budget_n=644 est=429.047
  [FastestO Curve] run=1 frac=0.4 budget_n=719 est=810.884
  [FastestO Curve] run=1 frac=0.5 budget_n=777 est=799.274
  [FastestO Curve] run=1 frac=0.6 budget_n=802 est=334.961
  [FastestO Curve] run=1 frac=0.7 budget_n=809 est=856.138
  [FastestO Curve] run=1 frac=0.8 budget_n=831 est=641.538
  [FastestO Curve] run=1 frac=0.9 budget_n=500 est=520.771
  [FastestO Curve] run=2 frac=0.01 budget_n=107 est=0
  [FastestO Curve] run=2 frac=0.05 budget_n=248 est=451.917
  [FastestO Curve] run=2 frac=0.075 budget_n=309 est=317.228
  [FastestO Curve] run=2 frac=0.1 budget_n=344 est=873.996
  [FastestO Curve] run=2 frac=0.15 budget_n=426 est=431.814
  [FastestO Curve] run=2 frac=0.2 budget_n=497 est=469.702
  [FastestO Curve] run=2 frac=0.3 budget_n=644 est=223.822
  [FastestO Curve] run=2 frac=0.4 budget_n=719 est=659.968
  [FastestO Curve] run=2 frac=0.5 budget_n=777 est=833.299
  [FastestO Curve] run=2 frac=0.6 budget_n=802 est=332.074
  [FastestO Curve] run=2 frac=0.7 budget_n=809 est=751.33
  [FastestO Curve] run=2 frac=0.8 budget_n=831 est=946.382
  [FastestO Curve] run=2 frac=0.9 budget_n=500 est=821.25
  [FastestO Curve] run=3 frac=0.01 budget_n=107 est=0
  [FastestO Curve] run=3 frac=0.05 budget_n=248 est=500.37
  [FastestO Curve] run=3 frac=0.075 budget_n=309 est=642.434
  [FastestO Curve] run=3 frac=0.1 budget_n=344 est=488.534
  [FastestO Curve] run=3 frac=0.15 budget_n=426 est=885.692
  [FastestO Curve] run=3 frac=0.2 budget_n=497 est=364.52
  [FastestO Curve] run=3 frac=0.3 budget_n=644 est=775.688
  [FastestO Curve] run=3 frac=0.4 budget_n=719 est=976.577
  [FastestO Curve] run=3 frac=0.5 budget_n=777 est=391.355
  [FastestO Curve] run=3 frac=0.6 budget_n=802 est=533.142
  [FastestO Curve] run=3 frac=0.7 budget_n=809 est=741.119
  [FastestO Curve] run=3 frac=0.8 budget_n=831 est=807.474
  [FastestO Curve] run=3 frac=0.9 budget_n=500 est=0
  [FastestO Curve] run=4 frac=0.01 budget_n=107 est=0
  [FastestO Curve] run=4 frac=0.05 budget_n=248 est=1059.74
  [FastestO Curve] run=4 frac=0.075 budget_n=309 est=346.19
  [FastestO Curve] run=4 frac=0.1 budget_n=344 est=272.215
  [FastestO Curve] run=4 frac=0.15 budget_n=426 est=1014.55
  [FastestO Curve] run=4 frac=0.2 budget_n=497 est=177.268
  [FastestO Curve] run=4 frac=0.3 budget_n=644 est=800.922
  [FastestO Curve] run=4 frac=0.4 budget_n=719 est=589.232
  [FastestO Curve] run=4 frac=0.5 budget_n=777 est=730.962
  [FastestO Curve] run=4 frac=0.6 budget_n=802 est=745.872
  [FastestO Curve] run=4 frac=0.7 budget_n=809 est=588.671
  [FastestO Curve] run=4 frac=0.8 budget_n=831 est=545.5
  [FastestO Curve] run=4 frac=0.9 budget_n=500 est=961.424
  [FastestO Curve] run=5 frac=0.01 budget_n=107 est=0
  [FastestO Curve] run=5 frac=0.05 budget_n=248 est=0
  [FastestO Curve] run=5 frac=0.075 budget_n=309 est=0
  [FastestO Curve] run=5 frac=0.1 budget_n=344 est=289.421
  [FastestO Curve] run=5 frac=0.15 budget_n=426 est=614.897
  [FastestO Curve] run=5 frac=0.2 budget_n=497 est=1192.11
  [FastestO Curve] run=5 frac=0.3 budget_n=644 est=540.73
  [FastestO Curve] run=5 frac=0.4 budget_n=719 est=579.418
  [FastestO Curve] run=5 frac=0.5 budget_n=777 est=946.119
  [FastestO Curve] run=5 frac=0.6 budget_n=802 est=290.808
  [FastestO Curve] run=5 frac=0.7 budget_n=809 est=582.052
  [FastestO Curve] run=5 frac=0.8 budget_n=831 est=472.796
  [FastestO Curve] run=5 frac=0.9 budget_n=500 est=1007.67
  [Result] #CandTree           : 4.854e+05
  [Result] #TreeTrials         : 2890
  [Result] #TreeSuccess        : 6
  [Result] #UniqueOracleNodes  : 500.0000
  [Result] Truth               : 165594.0000
  [Result] Est                 : 1007.6657
  [Result] logQError           : -2.2157
  [Result] TreeCountTime       : 6.2361
  [Result] QueryTime           : 2.5216
/home/wangshuo/projects/PROXY/datasets/parler-E/query_graph/query_cycle_6_38.graph Finished!

Start Processing (Multi-Predicate) /home/wangshuo/projects/PROXY/datasets/parler-E/query_graph/query_cycle_6_39.graph
[Info] Using explicit query nodes for predicates: 1 5 
[Info] FOIS_nrs base budget not found, will rely strictly on Curve CSV.
[Warning] Requested root label 1 not found in query. Falling back to default root 3
  [FastestO Curve] run=1 frac=0.01 budget_n=83 est=1188.49
  [FastestO Curve] run=1 frac=0.05 budget_n=273 est=685.288
  [FastestO Curve] run=1 frac=0.075 budget_n=383 est=731.281
  [FastestO Curve] run=1 frac=0.1 budget_n=501 est=987.605
  [FastestO Curve] run=1 frac=0.15 budget_n=687 est=731.175
  [FastestO Curve] run=1 frac=0.2 budget_n=857 est=691.486
  [FastestO Curve] run=1 frac=0.3 budget_n=1266 est=819.461
  [FastestO Curve] run=1 frac=0.4 budget_n=1548 est=761.225
  [FastestO Curve] run=1 frac=0.5 budget_n=1740 est=765.385
  [FastestO Curve] run=1 frac=0.6 budget_n=1937 est=786.183
  [FastestO Curve] run=1 frac=0.7 budget_n=2092 est=759.145
  [FastestO Curve] run=1 frac=0.8 budget_n=2250 est=740.427
  [FastestO Curve] run=1 frac=0.9 budget_n=500 est=658.032
  [FastestO Curve] run=2 frac=0.01 budget_n=83 est=452.141
  [FastestO Curve] run=2 frac=0.05 budget_n=273 est=541.98
  [FastestO Curve] run=2 frac=0.075 budget_n=383 est=790.531
  [FastestO Curve] run=2 frac=0.1 budget_n=501 est=640.282
  [FastestO Curve] run=2 frac=0.15 budget_n=687 est=725.931
  [FastestO Curve] run=2 frac=0.2 budget_n=857 est=693.065
  [FastestO Curve] run=2 frac=0.3 budget_n=1266 est=773.704
  [FastestO Curve] run=2 frac=0.4 budget_n=1548 est=696.75
  [FastestO Curve] run=2 frac=0.5 budget_n=1740 est=794.503
  [FastestO Curve] run=2 frac=0.6 budget_n=1937 est=736.267
  [FastestO Curve] run=2 frac=0.7 budget_n=2092 est=792.423
  [FastestO Curve] run=2 frac=0.8 budget_n=2250 est=725.868
  [FastestO Curve] run=2 frac=0.9 budget_n=500 est=727.948
  [FastestO Curve] run=3 frac=0.01 budget_n=83 est=978.753
  [FastestO Curve] run=3 frac=0.05 budget_n=273 est=731.054
  [FastestO Curve] run=3 frac=0.075 budget_n=383 est=937.397
  [FastestO Curve] run=3 frac=0.1 budget_n=501 est=750.52
  [FastestO Curve] run=3 frac=0.15 budget_n=687 est=710.25
  [FastestO Curve] run=3 frac=0.2 budget_n=857 est=845.055
  [FastestO Curve] run=3 frac=0.3 budget_n=1266 est=690.51
  [FastestO Curve] run=3 frac=0.4 budget_n=1548 est=784.103
  [FastestO Curve] run=3 frac=0.5 budget_n=1740 est=779.944
  [FastestO Curve] run=3 frac=0.6 budget_n=1937 est=800.742
  [FastestO Curve] run=3 frac=0.7 budget_n=2092 est=730.027
  [FastestO Curve] run=3 frac=0.8 budget_n=2250 est=700.909
  [FastestO Curve] run=3 frac=0.9 budget_n=500 est=523.389
  [FastestO Curve] run=4 frac=0.01 budget_n=83 est=978.753
  [FastestO Curve] run=4 frac=0.05 budget_n=273 est=546.302
  [FastestO Curve] run=4 frac=0.075 budget_n=383 est=832.817
  [FastestO Curve] run=4 frac=0.1 budget_n=501 est=602.519
  [FastestO Curve] run=4 frac=0.15 budget_n=687 est=758.856
  [FastestO Curve] run=4 frac=0.2 budget_n=857 est=759.913
  [FastestO Curve] run=4 frac=0.3 budget_n=1266 est=752.906
  [FastestO Curve] run=4 frac=0.4 budget_n=1548 est=811.141
  [FastestO Curve] run=4 frac=0.5 budget_n=1740 est=838.18
  [FastestO Curve] run=4 frac=0.6 budget_n=1937 est=740.427
  [FastestO Curve] run=4 frac=0.7 budget_n=2092 est=773.704
  [FastestO Curve] run=4 frac=0.8 budget_n=2250 est=779.944
  [FastestO Curve] run=4 frac=0.9 budget_n=500 est=921.683
  [FastestO Curve] run=5 frac=0.01 budget_n=83 est=0
  [FastestO Curve] run=5 frac=0.05 budget_n=273 est=879.286
  [FastestO Curve] run=5 frac=0.075 budget_n=383 est=1092.53
  [FastestO Curve] run=5 frac=0.1 budget_n=501 est=724.035
  [FastestO Curve] run=5 frac=0.15 budget_n=687 est=728.256
  [FastestO Curve] run=5 frac=0.2 budget_n=857 est=710.476
  [FastestO Curve] run=5 frac=0.3 budget_n=1266 est=761.225
  [FastestO Curve] run=5 frac=0.4 budget_n=1548 est=838.18
  [FastestO Curve] run=5 frac=0.5 budget_n=1740 est=738.347
  [FastestO Curve] run=5 frac=0.6 budget_n=1937 est=702.989
  [FastestO Curve] run=5 frac=0.7 budget_n=2092 est=723.788
  [FastestO Curve] run=5 frac=0.8 budget_n=2250 est=802.822
  [FastestO Curve] run=5 frac=0.9 budget_n=500 est=706.272
  [Result] #CandTree           : 4.16e+04
  [Result] #TreeTrials         : 1708
  [Result] #TreeSuccess        : 29
  [Result] #UniqueOracleNodes  : 500.0000
  [Result] Truth               : 41097.0000
  [Result] Est                 : 706.2722
  [Result] logQError           : -1.7648
  [Result] TreeCountTime       : 4.8554
  [Result] QueryTime           : 1.7637
/home/wangshuo/projects/PROXY/datasets/parler-E/query_graph/query_cycle_6_39.graph Finished!

Start Processing (Multi-Predicate) /home/wangshuo/projects/PROXY/datasets/parler-E/query_graph/query_cycle_6_4.graph
[Info] Using explicit query nodes for predicates: 2 3 5 
[Info] FOIS_nrs base budget not found, will rely strictly on Curve CSV.
[Warning] Requested root label 1 not found in query. Falling back to default root 1
  [FastestO Curve] run=1 frac=0.01 budget_n=221 est=0
  [FastestO Curve] run=1 frac=0.05 budget_n=737 est=296290
  [FastestO Curve] run=1 frac=0.075 budget_n=933 est=403380
  [FastestO Curve] run=1 frac=0.1 budget_n=1078 est=413876
  [FastestO Curve] run=1 frac=0.15 budget_n=1372 est=297854
  [FastestO Curve] run=1 frac=0.2 budget_n=1550 est=371681
  [FastestO Curve] run=1 frac=0.3 budget_n=1947 est=288726
  [FastestO Curve] run=1 frac=0.4 budget_n=2153 est=343856
  [FastestO Curve] run=1 frac=0.5 budget_n=2274 est=424124
  [FastestO Curve] run=1 frac=0.6 budget_n=2367 est=426377
  [FastestO Curve] run=1 frac=0.7 budget_n=2475 est=294240
  [FastestO Curve] run=1 frac=0.8 budget_n=2570 est=344238
  [FastestO Curve] run=1 frac=0.9 budget_n=500 est=373571
  [FastestO Curve] run=2 frac=0.01 budget_n=221 est=266491
  [FastestO Curve] run=2 frac=0.05 budget_n=737 est=399000
  [FastestO Curve] run=2 frac=0.075 budget_n=933 est=446755
  [FastestO Curve] run=2 frac=0.1 budget_n=1078 est=267946
  [FastestO Curve] run=2 frac=0.15 budget_n=1372 est=295999
  [FastestO Curve] run=2 frac=0.2 budget_n=1550 est=415303
  [FastestO Curve] run=2 frac=0.3 budget_n=1947 est=313747
  [FastestO Curve] run=2 frac=0.4 budget_n=2153 est=315727
  [FastestO Curve] run=2 frac=0.5 budget_n=2274 est=359875
  [FastestO Curve] run=2 frac=0.6 budget_n=2367 est=314042
  [FastestO Curve] run=2 frac=0.7 budget_n=2475 est=347071
  [FastestO Curve] run=2 frac=0.8 budget_n=2570 est=320145
  [FastestO Curve] run=2 frac=0.9 budget_n=500 est=417743
  [FastestO Curve] run=3 frac=0.01 budget_n=221 est=421541
  [FastestO Curve] run=3 frac=0.05 budget_n=737 est=373517
  [FastestO Curve] run=3 frac=0.075 budget_n=933 est=266163
  [FastestO Curve] run=3 frac=0.1 budget_n=1078 est=461880
  [FastestO Curve] run=3 frac=0.15 budget_n=1372 est=341637
  [FastestO Curve] run=3 frac=0.2 budget_n=1550 est=294721
  [FastestO Curve] run=3 frac=0.3 budget_n=1947 est=390836
  [FastestO Curve] run=3 frac=0.4 budget_n=2153 est=341023
  [FastestO Curve] run=3 frac=0.5 budget_n=2274 est=350268
  [FastestO Curve] run=3 frac=0.6 budget_n=2367 est=398250
  [FastestO Curve] run=3 frac=0.7 budget_n=2475 est=353332
  [FastestO Curve] run=3 frac=0.8 budget_n=2570 est=348568
  [FastestO Curve] run=3 frac=0.9 budget_n=500 est=343477
  [FastestO Curve] run=4 frac=0.01 budget_n=221 est=469326
  [FastestO Curve] run=4 frac=0.05 budget_n=737 est=288661
  [FastestO Curve] run=4 frac=0.075 budget_n=933 est=271962
  [FastestO Curve] run=4 frac=0.1 budget_n=1078 est=243809
  [FastestO Curve] run=4 frac=0.15 budget_n=1372 est=396223
  [FastestO Curve] run=4 frac=0.2 budget_n=1550 est=524427
  [FastestO Curve] run=4 frac=0.3 budget_n=1947 est=358275
  [FastestO Curve] run=4 frac=0.4 budget_n=2153 est=341279
  [FastestO Curve] run=4 frac=0.5 budget_n=2274 est=343260
  [FastestO Curve] run=4 frac=0.6 budget_n=2367 est=382886
  [FastestO Curve] run=4 frac=0.7 budget_n=2475 est=327649
  [FastestO Curve] run=4 frac=0.8 budget_n=2570 est=366402
  [FastestO Curve] run=4 frac=0.9 budget_n=500 est=339392
  [FastestO Curve] run=5 frac=0.01 budget_n=221 est=745889
  [FastestO Curve] run=5 frac=0.05 budget_n=737 est=322757
  [FastestO Curve] run=5 frac=0.075 budget_n=933 est=552487
  [FastestO Curve] run=5 frac=0.1 budget_n=1078 est=347929
  [FastestO Curve] run=5 frac=0.15 budget_n=1372 est=473276
  [FastestO Curve] run=5 frac=0.2 budget_n=1550 est=327231
  [FastestO Curve] run=5 frac=0.3 budget_n=1947 est=305138
  [FastestO Curve] run=5 frac=0.4 budget_n=2153 est=349729
  [FastestO Curve] run=5 frac=0.5 budget_n=2274 est=300710
  [FastestO Curve] run=5 frac=0.6 budget_n=2367 est=355503
  [FastestO Curve] run=5 frac=0.7 budget_n=2475 est=334369
  [FastestO Curve] run=5 frac=0.8 budget_n=2570 est=332779
  [FastestO Curve] run=5 frac=0.9 budget_n=500 est=485775
  [Result] #CandTree           : 4.637e+07
  [Result] #TreeTrials         : 1050
  [Result] #TreeSuccess        : 11
  [Result] #UniqueOracleNodes  : 500.0000
  [Result] Truth               : 16766923.0000
  [Result] Est                 : 485775.2743
  [Result] logQError           : -1.5380
  [Result] TreeCountTime       : 18.6114
  [Result] QueryTime           : 1.1124
/home/wangshuo/projects/PROXY/datasets/parler-E/query_graph/query_cycle_6_4.graph Finished!

Start Processing (Multi-Predicate) /home/wangshuo/projects/PROXY/datasets/parler-E/query_graph/query_cycle_6_40.graph
[Info] Using explicit query nodes for predicates: 2 3 4 
[Info] FOIS_nrs base budget not found, will rely strictly on Curve CSV.
[Info] Using user-specified root label 1 -> query node 1
  [FastestO Curve] run=1 frac=0.01 budget_n=309 est=3349.7
  [FastestO Curve] run=1 frac=0.05 budget_n=921 est=5467.02
  [FastestO Curve] run=1 frac=0.075 budget_n=1209 est=7223.82
  [FastestO Curve] run=1 frac=0.1 budget_n=1440 est=7279.19
  [FastestO Curve] run=1 frac=0.15 budget_n=1791 est=5416.15
  [FastestO Curve] run=1 frac=0.2 budget_n=2102 est=5138.53
  [FastestO Curve] run=1 frac=0.3 budget_n=2704 est=6892.22
  [FastestO Curve] run=1 frac=0.4 budget_n=3113 est=7072.91
  [FastestO Curve] run=1 frac=0.5 budget_n=3452 est=8000.34
  [FastestO Curve] run=1 frac=0.6 budget_n=3776 est=6125.77
  [FastestO Curve] run=1 frac=0.7 budget_n=4040 est=6007.28
  [FastestO Curve] run=1 frac=0.8 budget_n=4238 est=7218.1
  [FastestO Curve] run=1 frac=0.9 budget_n=500 est=8097.53
  [FastestO Curve] run=2 frac=0.01 budget_n=309 est=1711.79
  [FastestO Curve] run=2 frac=0.05 budget_n=921 est=5712.98
  [FastestO Curve] run=2 frac=0.075 budget_n=1209 est=6974.16
  [FastestO Curve] run=2 frac=0.1 budget_n=1440 est=7078.5
  [FastestO Curve] run=2 frac=0.15 budget_n=1791 est=6233.29
  [FastestO Curve] run=2 frac=0.2 budget_n=2102 est=5153.3
  [FastestO Curve] run=2 frac=0.3 budget_n=2704 est=4667.98
  [FastestO Curve] run=2 frac=0.4 budget_n=3113 est=6754.33
  [FastestO Curve] run=2 frac=0.5 budget_n=3452 est=6988.97
  [FastestO Curve] run=2 frac=0.6 budget_n=3776 est=6319.33
  [FastestO Curve] run=2 frac=0.7 budget_n=4040 est=6899.26
  [FastestO Curve] run=2 frac=0.8 budget_n=4238 est=6969.67
  [FastestO Curve] run=2 frac=0.9 budget_n=500 est=2965.66
  [FastestO Curve] run=3 frac=0.01 budget_n=309 est=1686.99
  [FastestO Curve] run=3 frac=0.05 budget_n=921 est=7744
  [FastestO Curve] run=3 frac=0.075 budget_n=1209 est=6974.16
  [FastestO Curve] run=3 frac=0.1 budget_n=1440 est=7254.88
  [FastestO Curve] run=3 frac=0.15 budget_n=1791 est=4358.56
  [FastestO Curve] run=3 frac=0.2 budget_n=2102 est=7172.21
  [FastestO Curve] run=3 frac=0.3 budget_n=2704 est=7217.26
  [FastestO Curve] run=3 frac=0.4 budget_n=3113 est=6883.89
  [FastestO Curve] run=3 frac=0.5 budget_n=3452 est=5913.9
  [FastestO Curve] run=3 frac=0.6 budget_n=3776 est=7053.11
  [FastestO Curve] run=3 frac=0.7 budget_n=4040 est=6548.95
  [FastestO Curve] run=3 frac=0.8 budget_n=4238 est=7492.36
  [FastestO Curve] run=3 frac=0.9 budget_n=500 est=11356.3
  [FastestO Curve] run=4 frac=0.01 budget_n=309 est=3278.93
  [FastestO Curve] run=4 frac=0.05 budget_n=921 est=4674.78
  [FastestO Curve] run=4 frac=0.075 budget_n=1209 est=5764.99
  [FastestO Curve] run=4 frac=0.1 budget_n=1440 est=8617.53
  [FastestO Curve] run=4 frac=0.15 budget_n=1791 est=8939.37
  [FastestO Curve] run=4 frac=0.2 budget_n=2102 est=6178.81
  [FastestO Curve] run=4 frac=0.3 budget_n=2704 est=6894.3
  [FastestO Curve] run=4 frac=0.4 budget_n=3113 est=6521.12
  [FastestO Curve] run=4 frac=0.5 budget_n=3452 est=6570.83
  [FastestO Curve] run=4 frac=0.6 budget_n=3776 est=7673.72
  [FastestO Curve] run=4 frac=0.7 budget_n=4040 est=6711.3
  [FastestO Curve] run=4 frac=0.8 budget_n=4238 est=6934.76
  [FastestO Curve] run=4 frac=0.9 budget_n=500 est=6994.11
  [FastestO Curve] run=5 frac=0.01 budget_n=309 est=12535.6
  [FastestO Curve] run=5 frac=0.05 budget_n=921 est=8917.9
  [FastestO Curve] run=5 frac=0.075 budget_n=1209 est=6457.81
  [FastestO Curve] run=5 frac=0.1 budget_n=1440 est=7522.36
  [FastestO Curve] run=5 frac=0.15 budget_n=1791 est=7620.73
  [FastestO Curve] run=5 frac=0.2 budget_n=2102 est=6745.72
  [FastestO Curve] run=5 frac=0.3 budget_n=2704 est=7802.4
  [FastestO Curve] run=5 frac=0.4 budget_n=3113 est=7083.43
  [FastestO Curve] run=5 frac=0.5 budget_n=3452 est=6920.94
  [FastestO Curve] run=5 frac=0.6 budget_n=3776 est=8219.79
  [FastestO Curve] run=5 frac=0.7 budget_n=4040 est=6098.51
  [FastestO Curve] run=5 frac=0.8 budget_n=4238 est=6491.11
  [FastestO Curve] run=5 frac=0.9 budget_n=500 est=7792.6
  [Result] #CandTree           : 4.656e+05
  [Result] #TreeTrials         : 478
  [Result] #TreeSuccess        : 8
  [Result] #UniqueOracleNodes  : 500.0000
  [Result] Truth               : 465608.0000
  [Result] Est                 : 7792.6025
  [Result] logQError           : -1.7763
  [Result] TreeCountTime       : 23.5809
  [Result] QueryTime           : 1.1425
/home/wangshuo/projects/PROXY/datasets/parler-E/query_graph/query_cycle_6_40.graph Finished!

Start Processing (Multi-Predicate) /home/wangshuo/projects/PROXY/datasets/parler-E/query_graph/query_cycle_6_42.graph
[Info] Using explicit query nodes for predicates: 3 4 
[Info] FOIS_nrs base budget not found, will rely strictly on Curve CSV.
[Warning] Requested root label 1 not found in query. Falling back to default root 1
  [FastestO Curve] run=1 frac=0.01 budget_n=58 est=57019.5
  [FastestO Curve] run=1 frac=0.05 budget_n=274 est=25281
  [FastestO Curve] run=1 frac=0.075 budget_n=413 est=36968.1
  [FastestO Curve] run=1 frac=0.1 budget_n=521 est=25416.9
  [FastestO Curve] run=1 frac=0.15 budget_n=743 est=32293.1
  [FastestO Curve] run=1 frac=0.2 budget_n=915 est=23287.4
  [FastestO Curve] run=1 frac=0.3 budget_n=1258 est=32777.6
  [FastestO Curve] run=1 frac=0.4 budget_n=1532 est=32076.8
  [FastestO Curve] run=1 frac=0.5 budget_n=1766 est=33942.8
  [FastestO Curve] run=1 frac=0.6 budget_n=1964 est=31721.4
  [FastestO Curve] run=1 frac=0.7 budget_n=2192 est=28256
  [FastestO Curve] run=1 frac=0.8 budget_n=2375 est=32165.7
  [FastestO Curve] run=1 frac=0.9 budget_n=500 est=28079.3
  [FastestO Curve] run=2 frac=0.01 budget_n=58 est=39935
  [FastestO Curve] run=2 frac=0.05 budget_n=274 est=43610
  [FastestO Curve] run=2 frac=0.075 budget_n=413 est=30408.5
  [FastestO Curve] run=2 frac=0.1 budget_n=521 est=21219.2
  [FastestO Curve] run=2 frac=0.15 budget_n=743 est=31573.8
  [FastestO Curve] run=2 frac=0.2 budget_n=915 est=33426.7
  [FastestO Curve] run=2 frac=0.3 budget_n=1258 est=30902.1
  [FastestO Curve] run=2 frac=0.4 budget_n=1532 est=29588.9
  [FastestO Curve] run=2 frac=0.5 budget_n=1766 est=32521.1
  [FastestO Curve] run=2 frac=0.6 budget_n=1964 est=33409.6
  [FastestO Curve] run=2 frac=0.7 budget_n=2192 est=31988
  [FastestO Curve] run=2 frac=0.8 budget_n=2375 est=30832.8
  [FastestO Curve] run=2 frac=0.9 budget_n=500 est=29618.5
  [FastestO Curve] run=3 frac=0.01 budget_n=58 est=32909.4
  [FastestO Curve] run=3 frac=0.05 budget_n=274 est=38440
  [FastestO Curve] run=3 frac=0.075 budget_n=413 est=31946
  [FastestO Curve] run=3 frac=0.1 budget_n=521 est=31606.3
  [FastestO Curve] run=3 frac=0.15 budget_n=743 est=29393.9
  [FastestO Curve] run=3 frac=0.2 budget_n=915 est=27472
  [FastestO Curve] run=3 frac=0.3 budget_n=1258 est=31067.9
  [FastestO Curve] run=3 frac=0.4 budget_n=1532 est=29855.4
  [FastestO Curve] run=3 frac=0.5 budget_n=1766 est=32165.7
  [FastestO Curve] run=3 frac=0.6 budget_n=1964 est=32698.8
  [FastestO Curve] run=3 frac=0.7 budget_n=2192 est=33231.9
  [FastestO Curve] run=3 frac=0.8 budget_n=2375 est=31188.3
  [FastestO Curve] run=3 frac=0.9 budget_n=500 est=40608.6
  [FastestO Curve] run=4 frac=0.01 budget_n=58 est=0
  [FastestO Curve] run=4 frac=0.05 budget_n=274 est=36144.6
  [FastestO Curve] run=4 frac=0.075 budget_n=413 est=31017.3
  [FastestO Curve] run=4 frac=0.1 budget_n=521 est=28716.5
  [FastestO Curve] run=4 frac=0.15 budget_n=743 est=34554
  [FastestO Curve] run=4 frac=0.2 budget_n=915 est=28780
  [FastestO Curve] run=4 frac=0.3 budget_n=1258 est=30988.2
  [FastestO Curve] run=4 frac=0.4 budget_n=1532 est=30388.6
  [FastestO Curve] run=4 frac=0.5 budget_n=1766 est=31366
  [FastestO Curve] run=4 frac=0.6 budget_n=1964 est=30210.9
  [FastestO Curve] run=4 frac=0.7 budget_n=2192 est=32698.8
  [FastestO Curve] run=4 frac=0.8 budget_n=2375 est=32787.7
  [FastestO Curve] run=4 frac=0.9 budget_n=500 est=30486.5
  [FastestO Curve] run=5 frac=0.01 budget_n=58 est=25029.7
  [FastestO Curve] run=5 frac=0.05 budget_n=274 est=36641.4
  [FastestO Curve] run=5 frac=0.075 budget_n=413 est=31968.3
  [FastestO Curve] run=5 frac=0.1 budget_n=521 est=31641.6
  [FastestO Curve] run=5 frac=0.15 budget_n=743 est=29306.1
  [FastestO Curve] run=5 frac=0.2 budget_n=915 est=33963.3
  [FastestO Curve] run=5 frac=0.3 budget_n=1258 est=31573.3
  [FastestO Curve] run=5 frac=0.4 budget_n=1532 est=31988
  [FastestO Curve] run=5 frac=0.5 budget_n=1766 est=29411.2
  [FastestO Curve] run=5 frac=0.6 budget_n=1964 est=30299.7
  [FastestO Curve] run=5 frac=0.7 budget_n=2192 est=31277.1
  [FastestO Curve] run=5 frac=0.8 budget_n=2375 est=32787.7
  [FastestO Curve] run=5 frac=0.9 budget_n=500 est=27666.8
  [Result] #CandTree           : 1.777e+06
  [Result] #TreeTrials         : 2762
  [Result] #TreeSuccess        : 43
  [Result] #UniqueOracleNodes  : 500.0000
  [Result] Truth               : 798330.0000
  [Result] Est                 : 27666.7947
  [Result] logQError           : -1.4602
  [Result] TreeCountTime       : 22.2545
  [Result] QueryTime           : 3.2709
/home/wangshuo/projects/PROXY/datasets/parler-E/query_graph/query_cycle_6_42.graph Finished!

Start Processing (Multi-Predicate) /home/wangshuo/projects/PROXY/datasets/parler-E/query_graph/query_cycle_6_43.graph
[Info] Using explicit query nodes for predicates: 2 3 
[Info] FOIS_nrs base budget not found, will rely strictly on Curve CSV.
[Warning] Requested root label 1 not found in query. Falling back to default root 1
  [FastestO Curve] run=1 frac=0.01 budget_n=54 est=916563
  [FastestO Curve] run=1 frac=0.05 budget_n=191 est=913726
  [FastestO Curve] run=1 frac=0.075 budget_n=282 est=209067
  [FastestO Curve] run=1 frac=0.1 budget_n=369 est=449062
  [FastestO Curve] run=1 frac=0.15 budget_n=527 est=749242
  [FastestO Curve] run=1 frac=0.2 budget_n=651 est=268376
  [FastestO Curve] run=1 frac=0.3 budget_n=916 est=455312
  [FastestO Curve] run=1 frac=0.4 budget_n=1158 est=477221
  [FastestO Curve] run=1 frac=0.5 budget_n=1332 est=456661
  [FastestO Curve] run=1 frac=0.6 budget_n=1536 est=437928
  [FastestO Curve] run=1 frac=0.7 budget_n=1706 est=513019
  [FastestO Curve] run=1 frac=0.8 budget_n=1851 est=465040
  [FastestO Curve] run=1 frac=0.9 budget_n=500 est=304785
  [FastestO Curve] run=2 frac=0.01 budget_n=54 est=947459
  [FastestO Curve] run=2 frac=0.05 budget_n=191 est=621552
  [FastestO Curve] run=2 frac=0.075 budget_n=282 est=584567
  [FastestO Curve] run=2 frac=0.1 budget_n=369 est=280332
  [FastestO Curve] run=2 frac=0.15 budget_n=527 est=435004
  [FastestO Curve] run=2 frac=0.2 budget_n=651 est=269750
  [FastestO Curve] run=2 frac=0.3 budget_n=916 est=341721
  [FastestO Curve] run=2 frac=0.4 budget_n=1158 est=469584
  [FastestO Curve] run=2 frac=0.5 budget_n=1332 est=499071
  [FastestO Curve] run=2 frac=0.6 budget_n=1536 est=408762
  [FastestO Curve] run=2 frac=0.7 budget_n=1706 est=421741
  [FastestO Curve] run=2 frac=0.8 budget_n=1851 est=462414
  [FastestO Curve] run=2 frac=0.9 budget_n=500 est=381556
  [FastestO Curve] run=3 frac=0.01 budget_n=54 est=507975
  [FastestO Curve] run=3 frac=0.05 budget_n=191 est=939541
  [FastestO Curve] run=3 frac=0.075 budget_n=282 est=487019
  [FastestO Curve] run=3 frac=0.1 budget_n=369 est=202458
  [FastestO Curve] run=3 frac=0.15 budget_n=527 est=237055
  [FastestO Curve] run=3 frac=0.2 budget_n=651 est=617757
  [FastestO Curve] run=3 frac=0.3 budget_n=916 est=373866
  [FastestO Curve] run=3 frac=0.4 budget_n=1158 est=443810
  [FastestO Curve] run=3 frac=0.5 budget_n=1332 est=497758
  [FastestO Curve] run=3 frac=0.6 budget_n=1536 est=398392
  [FastestO Curve] run=3 frac=0.7 budget_n=1706 est=299021
  [FastestO Curve] run=3 frac=0.8 budget_n=1851 est=520120
  [FastestO Curve] run=3 frac=0.9 budget_n=500 est=457517
  [FastestO Curve] run=4 frac=0.01 budget_n=54 est=0
  [FastestO Curve] run=4 frac=0.05 budget_n=191 est=224864
  [FastestO Curve] run=4 frac=0.075 budget_n=282 est=131550
  [FastestO Curve] run=4 frac=0.1 budget_n=369 est=559446
  [FastestO Curve] run=4 frac=0.15 budget_n=527 est=733831
  [FastestO Curve] run=4 frac=0.2 budget_n=651 est=351124
  [FastestO Curve] run=4 frac=0.3 budget_n=916 est=432272
  [FastestO Curve] run=4 frac=0.4 budget_n=1158 est=665396
  [FastestO Curve] run=4 frac=0.5 budget_n=1332 est=419522
  [FastestO Curve] run=4 frac=0.6 budget_n=1536 est=505851
  [FastestO Curve] run=4 frac=0.7 budget_n=1706 est=440653
  [FastestO Curve] run=4 frac=0.8 budget_n=1851 est=430939
  [FastestO Curve] run=4 frac=0.9 budget_n=500 est=645723
  [FastestO Curve] run=5 frac=0.01 budget_n=54 est=507975
  [FastestO Curve] run=5 frac=0.05 budget_n=191 est=313084
  [FastestO Curve] run=5 frac=0.075 budget_n=282 est=200453
  [FastestO Curve] run=5 frac=0.1 budget_n=369 est=365717
  [FastestO Curve] run=5 frac=0.15 budget_n=527 est=297380
  [FastestO Curve] run=5 frac=0.2 budget_n=651 est=584844
  [FastestO Curve] run=5 frac=0.3 budget_n=916 est=311158
  [FastestO Curve] run=5 frac=0.4 budget_n=1158 est=448406
  [FastestO Curve] run=5 frac=0.5 budget_n=1332 est=396564
  [FastestO Curve] run=5 frac=0.6 budget_n=1536 est=483313
  [FastestO Curve] run=5 frac=0.7 budget_n=1706 est=403969
  [FastestO Curve] run=5 frac=0.8 budget_n=1851 est=480252
  [FastestO Curve] run=5 frac=0.9 budget_n=500 est=498115
  [Result] #CandTree           : 4.216e+07
  [Result] #TreeTrials         : 1185
  [Result] #TreeSuccess        : 14
  [Result] #UniqueOracleNodes  : 500.0000
  [Result] Truth               : 15354035.0000
  [Result] Est                 : 498115.4869
  [Result] logQError           : -1.4889
  [Result] TreeCountTime       : 24.8754
  [Result] QueryTime           : 1.3364
/home/wangshuo/projects/PROXY/datasets/parler-E/query_graph/query_cycle_6_43.graph Finished!

Start Processing (Multi-Predicate) /home/wangshuo/projects/PROXY/datasets/parler-E/query_graph/query_cycle_6_44.graph
[Info] Using explicit query nodes for predicates: 0 1 5 
[Info] FOIS_nrs base budget not found, will rely strictly on Curve CSV.
[Info] Using user-specified root label 1 -> query node 2
  [FastestO Curve] run=1 frac=0.01 budget_n=308 est=497558
  [FastestO Curve] run=1 frac=0.05 budget_n=909 est=230321
  [FastestO Curve] run=1 frac=0.075 budget_n=1169 est=313656
  [FastestO Curve] run=1 frac=0.1 budget_n=1332 est=329247
  [FastestO Curve] run=1 frac=0.15 budget_n=1612 est=256306
  [FastestO Curve] run=1 frac=0.2 budget_n=1811 est=215759
  [FastestO Curve] run=1 frac=0.3 budget_n=2090 est=433920
  [FastestO Curve] run=1 frac=0.4 budget_n=2253 est=286075
  [FastestO Curve] run=1 frac=0.5 budget_n=2370 est=270289
  [FastestO Curve] run=1 frac=0.6 budget_n=2508 est=284536
  [FastestO Curve] run=1 frac=0.7 budget_n=2578 est=269608
  [FastestO Curve] run=1 frac=0.8 budget_n=2656 est=368224
  [FastestO Curve] run=1 frac=0.9 budget_n=500 est=402932
  [FastestO Curve] run=2 frac=0.01 budget_n=308 est=131733
  [FastestO Curve] run=2 frac=0.05 budget_n=909 est=339280
  [FastestO Curve] run=2 frac=0.075 budget_n=1169 est=262070
  [FastestO Curve] run=2 frac=0.1 budget_n=1332 est=396114
  [FastestO Curve] run=2 frac=0.15 budget_n=1612 est=172093
  [FastestO Curve] run=2 frac=0.2 budget_n=1811 est=436694
  [FastestO Curve] run=2 frac=0.3 budget_n=2090 est=364283
  [FastestO Curve] run=2 frac=0.4 budget_n=2253 est=215781
  [FastestO Curve] run=2 frac=0.5 budget_n=2370 est=327321
  [FastestO Curve] run=2 frac=0.6 budget_n=2508 est=266343
  [FastestO Curve] run=2 frac=0.7 budget_n=2578 est=268852
  [FastestO Curve] run=2 frac=0.8 budget_n=2656 est=319671
  [FastestO Curve] run=2 frac=0.9 budget_n=500 est=411288
  [FastestO Curve] run=3 frac=0.01 budget_n=308 est=138910
  [FastestO Curve] run=3 frac=0.05 budget_n=909 est=408932
  [FastestO Curve] run=3 frac=0.075 budget_n=1169 est=344648
  [FastestO Curve] run=3 frac=0.1 budget_n=1332 est=253549
  [FastestO Curve] run=3 frac=0.15 budget_n=1612 est=436985
  [FastestO Curve] run=3 frac=0.2 budget_n=1811 est=424026
  [FastestO Curve] run=3 frac=0.3 budget_n=2090 est=285707
  [FastestO Curve] run=3 frac=0.4 budget_n=2253 est=325600
  [FastestO Curve] run=3 frac=0.5 budget_n=2370 est=424997
  [FastestO Curve] run=3 frac=0.6 budget_n=2508 est=331018
  [FastestO Curve] run=3 frac=0.7 budget_n=2578 est=275271
  [FastestO Curve] run=3 frac=0.8 budget_n=2656 est=386575
  [FastestO Curve] run=3 frac=0.9 budget_n=500 est=494685
  [FastestO Curve] run=4 frac=0.01 budget_n=308 est=261537
  [FastestO Curve] run=4 frac=0.05 budget_n=909 est=113093
  [FastestO Curve] run=4 frac=0.075 budget_n=1169 est=454196
  [FastestO Curve] run=4 frac=0.1 budget_n=1332 est=293624
  [FastestO Curve] run=4 frac=0.15 budget_n=1612 est=310433
  [FastestO Curve] run=4 frac=0.2 budget_n=1811 est=417541
  [FastestO Curve] run=4 frac=0.3 budget_n=2090 est=243641
  [FastestO Curve] run=4 frac=0.4 budget_n=2253 est=318643
  [FastestO Curve] run=4 frac=0.5 budget_n=2370 est=346166
  [FastestO Curve] run=4 frac=0.6 budget_n=2508 est=310085
  [FastestO Curve] run=4 frac=0.7 budget_n=2578 est=279633
  [FastestO Curve] run=4 frac=0.8 budget_n=2656 est=258226
  [FastestO Curve] run=4 frac=0.9 budget_n=500 est=0
  [FastestO Curve] run=5 frac=0.01 budget_n=308 est=132713
  [FastestO Curve] run=5 frac=0.05 budget_n=909 est=374037
  [FastestO Curve] run=5 frac=0.075 budget_n=1169 est=347161
  [FastestO Curve] run=5 frac=0.1 budget_n=1332 est=310433
  [FastestO Curve] run=5 frac=0.15 budget_n=1612 est=280512
  [FastestO Curve] run=5 frac=0.2 budget_n=1811 est=439382
  [FastestO Curve] run=5 frac=0.3 budget_n=2090 est=314998
  [FastestO Curve] run=5 frac=0.4 budget_n=2253 est=251246
  [FastestO Curve] run=5 frac=0.5 budget_n=2370 est=278817
  [FastestO Curve] run=5 frac=0.6 budget_n=2508 est=335448
  [FastestO Curve] run=5 frac=0.7 budget_n=2578 est=268195
  [FastestO Curve] run=5 frac=0.8 budget_n=2656 est=348508
  [FastestO Curve] run=5 frac=0.9 budget_n=500 est=80586.4
  [Result] #CandTree           : 3.57e+07
  [Result] #TreeTrials         : 443
  [Result] #TreeSuccess        : 1
  [Result] #UniqueOracleNodes  : 500.0000
  [Result] Truth               : 34701809.0000
  [Result] Est                 : 80586.3815
  [Result] logQError           : -2.6341
  [Result] TreeCountTime       : 23.5686
  [Result] QueryTime           : 0.8500
/home/wangshuo/projects/PROXY/datasets/parler-E/query_graph/query_cycle_6_44.graph Finished!

Start Processing (Multi-Predicate) /home/wangshuo/projects/PROXY/datasets/parler-E/query_graph/query_cycle_6_45.graph
[Info] Using explicit query nodes for predicates: 3 4 
[Info] FOIS_nrs base budget not found, will rely strictly on Curve CSV.
[Info] Using user-specified root label 1 -> query node 1
  [FastestO Curve] run=1 frac=0.01 budget_n=95 est=5582.88
  [FastestO Curve] run=1 frac=0.05 budget_n=399 est=13185.7
  [FastestO Curve] run=1 frac=0.075 budget_n=585 est=11376.2
  [FastestO Curve] run=1 frac=0.1 budget_n=747 est=10995
  [FastestO Curve] run=1 frac=0.15 budget_n=1064 est=11779.1
  [FastestO Curve] run=1 frac=0.2 budget_n=1317 est=11189.1
  [FastestO Curve] run=1 frac=0.3 budget_n=1748 est=12990.7
  [FastestO Curve] run=1 frac=0.4 budget_n=2086 est=11755.3
  [FastestO Curve] run=1 frac=0.5 budget_n=2375 est=12385.1
  [FastestO Curve] run=1 frac=0.6 budget_n=2686 est=12096.4
  [FastestO Curve] run=1 frac=0.7 budget_n=2946 est=11912.8
  [FastestO Curve] run=1 frac=0.8 budget_n=3209 est=12148.9
  [FastestO Curve] run=1 frac=0.9 budget_n=500 est=16011.7
  [FastestO Curve] run=2 frac=0.01 budget_n=95 est=13630.9
  [FastestO Curve] run=2 frac=0.05 budget_n=399 est=12410.6
  [FastestO Curve] run=2 frac=0.075 budget_n=585 est=15067.1
  [FastestO Curve] run=2 frac=0.1 budget_n=747 est=11782.5
  [FastestO Curve] run=2 frac=0.15 budget_n=1064 est=12779.7
  [FastestO Curve] run=2 frac=0.2 budget_n=1317 est=13029.3
  [FastestO Curve] run=2 frac=0.3 budget_n=1748 est=12451.7
  [FastestO Curve] run=2 frac=0.4 budget_n=2086 est=13191
  [FastestO Curve] run=2 frac=0.5 budget_n=2375 est=10994.4
  [FastestO Curve] run=2 frac=0.6 budget_n=2686 est=11204.3
  [FastestO Curve] run=2 frac=0.7 budget_n=2946 est=12463.8
  [FastestO Curve] run=2 frac=0.8 budget_n=3209 est=12726.2
  [FastestO Curve] run=2 frac=0.9 budget_n=500 est=10615.2
  [FastestO Curve] run=3 frac=0.01 budget_n=95 est=3051.11
  [FastestO Curve] run=3 frac=0.05 budget_n=399 est=9883.07
  [FastestO Curve] run=3 frac=0.075 budget_n=585 est=11560.5
  [FastestO Curve] run=3 frac=0.1 budget_n=747 est=12460.6
  [FastestO Curve] run=3 frac=0.15 budget_n=1064 est=12760.3
  [FastestO Curve] run=3 frac=0.2 budget_n=1317 est=13079.1
  [FastestO Curve] run=3 frac=0.3 budget_n=1748 est=12214.1
  [FastestO Curve] run=3 frac=0.4 budget_n=2086 est=13385.6
  [FastestO Curve] run=3 frac=0.5 budget_n=2375 est=12227.6
  [FastestO Curve] run=3 frac=0.6 budget_n=2686 est=12962.3
  [FastestO Curve] run=3 frac=0.7 budget_n=2946 est=11702.8
  [FastestO Curve] run=3 frac=0.8 budget_n=3209 est=12778.7
  [FastestO Curve] run=3 frac=0.9 budget_n=500 est=14805
  [FastestO Curve] run=4 frac=0.01 budget_n=95 est=12989.9
  [FastestO Curve] run=4 frac=0.05 budget_n=399 est=9996.02
  [FastestO Curve] run=4 frac=0.075 budget_n=585 est=11429.6
  [FastestO Curve] run=4 frac=0.1 budget_n=747 est=13056.3
  [FastestO Curve] run=4 frac=0.15 budget_n=1064 est=12440.5
  [FastestO Curve] run=4 frac=0.2 budget_n=1317 est=12541
  [FastestO Curve] run=4 frac=0.3 budget_n=1748 est=12751.6
  [FastestO Curve] run=4 frac=0.4 budget_n=2086 est=11799.9
  [FastestO Curve] run=4 frac=0.5 budget_n=2375 est=11807.8
  [FastestO Curve] run=4 frac=0.6 budget_n=2686 est=13014.8
  [FastestO Curve] run=4 frac=0.7 budget_n=2946 est=13251
  [FastestO Curve] run=4 frac=0.8 budget_n=3209 est=13172.3
  [FastestO Curve] run=4 frac=0.9 budget_n=500 est=13676.4
  [FastestO Curve] run=5 frac=0.01 budget_n=95 est=3033.47
  [FastestO Curve] run=5 frac=0.05 budget_n=399 est=11317.4
  [FastestO Curve] run=5 frac=0.075 budget_n=585 est=10725.7
  [FastestO Curve] run=5 frac=0.1 budget_n=747 est=14003.8
  [FastestO Curve] run=5 frac=0.15 budget_n=1064 est=11475.7
  [FastestO Curve] run=5 frac=0.2 budget_n=1317 est=11414.1
  [FastestO Curve] run=5 frac=0.3 budget_n=1748 est=13399.8
  [FastestO Curve] run=5 frac=0.4 budget_n=2086 est=11729.1
  [FastestO Curve] run=5 frac=0.5 budget_n=2375 est=12804.9
  [FastestO Curve] run=5 frac=0.6 budget_n=2686 est=12385.1
  [FastestO Curve] run=5 frac=0.7 budget_n=2946 est=12175.2
  [FastestO Curve] run=5 frac=0.8 budget_n=3209 est=12726.2
  [FastestO Curve] run=5 frac=0.9 budget_n=500 est=9597.75
  [Result] #CandTree           : 5.248e+05
  [Result] #TreeTrials         : 1531
  [Result] #TreeSuccess        : 28
  [Result] #UniqueOracleNodes  : 500.0000
  [Result] Truth               : 382506.0000
  [Result] Est                 : 9597.7453
  [Result] logQError           : -1.6005
  [Result] TreeCountTime       : 21.1274
  [Result] QueryTime           : 2.5981
/home/wangshuo/projects/PROXY/datasets/parler-E/query_graph/query_cycle_6_45.graph Finished!

Start Processing (Multi-Predicate) /home/wangshuo/projects/PROXY/datasets/parler-E/query_graph/query_cycle_6_46.graph
[Info] Using explicit query nodes for predicates: 1 2 3 
[Info] FOIS_nrs base budget not found, will rely strictly on Curve CSV.
[Info] Using user-specified root label 1 -> query node 0
  [FastestO Curve] run=1 frac=0.01 budget_n=70 est=0
  [FastestO Curve] run=1 frac=0.05 budget_n=246 est=149.101
  [FastestO Curve] run=1 frac=0.075 budget_n=336 est=135.235
  [FastestO Curve] run=1 frac=0.1 budget_n=376 est=182.282
  [FastestO Curve] run=1 frac=0.15 budget_n=506 est=84.0936
  [FastestO Curve] run=1 frac=0.2 budget_n=614 est=185.657
  [FastestO Curve] run=1 frac=0.3 budget_n=784 est=137.468
  [FastestO Curve] run=1 frac=0.4 budget_n=874 est=201.292
  [FastestO Curve] run=1 frac=0.5 budget_n=1000 est=75.6842
  [FastestO Curve] run=1 frac=0.6 budget_n=1102 est=164.358
  [FastestO Curve] run=1 frac=0.7 budget_n=1161 est=145.536
  [FastestO Curve] run=1 frac=0.8 budget_n=1246 est=142.264
  [FastestO Curve] run=1 frac=0.9 budget_n=500 est=126.882
  [FastestO Curve] run=2 frac=0.01 budget_n=70 est=207.404
  [FastestO Curve] run=2 frac=0.05 budget_n=246 est=93.3766
  [FastestO Curve] run=2 frac=0.075 budget_n=336 est=33.5981
  [FastestO Curve] run=2 frac=0.1 budget_n=376 est=94.0552
  [FastestO Curve] run=2 frac=0.15 budget_n=506 est=209.825
  [FastestO Curve] run=2 frac=0.2 budget_n=614 est=83.6047
  [FastestO Curve] run=2 frac=0.3 budget_n=784 est=120.638
  [FastestO Curve] run=2 frac=0.4 budget_n=874 est=99.0459
  [FastestO Curve] run=2 frac=0.5 budget_n=1000 est=155.114
  [FastestO Curve] run=2 frac=0.6 budget_n=1102 est=116.505
  [FastestO Curve] run=2 frac=0.7 budget_n=1161 est=109.752
  [FastestO Curve] run=2 frac=0.8 budget_n=1246 est=179.861
  [FastestO Curve] run=2 frac=0.9 budget_n=500 est=146.877
  [FastestO Curve] run=3 frac=0.01 budget_n=70 est=179.75
  [FastestO Curve] run=3 frac=0.05 budget_n=246 est=250.814
  [FastestO Curve] run=3 frac=0.075 budget_n=336 est=106.431
  [FastestO Curve] run=3 frac=0.1 budget_n=376 est=116.595
  [FastestO Curve] run=3 frac=0.15 budget_n=506 est=164.656
  [FastestO Curve] run=3 frac=0.2 budget_n=614 est=113.186
  [FastestO Curve] run=3 frac=0.3 budget_n=784 est=136.206
  [FastestO Curve] run=3 frac=0.4 budget_n=874 est=150.689
  [FastestO Curve] run=3 frac=0.5 budget_n=1000 est=145.375
  [FastestO Curve] run=3 frac=0.6 budget_n=1102 est=166.045
  [FastestO Curve] run=3 frac=0.7 budget_n=1161 est=141.126
  [FastestO Curve] run=3 frac=0.8 budget_n=1246 est=134.309
  [FastestO Curve] run=3 frac=0.9 budget_n=500 est=246.131
  [FastestO Curve] run=4 frac=0.01 budget_n=70 est=182.797
  [FastestO Curve] run=4 frac=0.05 budget_n=246 est=96.2946
  [FastestO Curve] run=4 frac=0.075 budget_n=336 est=173.392
  [FastestO Curve] run=4 frac=0.1 budget_n=376 est=119.171
  [FastestO Curve] run=4 frac=0.15 budget_n=506 est=41.2428
  [FastestO Curve] run=4 frac=0.2 budget_n=614 est=87.1163
  [FastestO Curve] run=4 frac=0.3 budget_n=784 est=178.898
  [FastestO Curve] run=4 frac=0.4 budget_n=874 est=100.17
  [FastestO Curve] run=4 frac=0.5 budget_n=1000 est=186.715
  [FastestO Curve] run=4 frac=0.6 budget_n=1102 est=79.185
  [FastestO Curve] run=4 frac=0.7 budget_n=1161 est=203.918
  [FastestO Curve] run=4 frac=0.8 budget_n=1246 est=109.981
  [FastestO Curve] run=4 frac=0.9 budget_n=500 est=65.8961
  [FastestO Curve] run=5 frac=0.01 budget_n=70 est=0
  [FastestO Curve] run=5 frac=0.05 budget_n=246 est=233.442
  [FastestO Curve] run=5 frac=0.075 budget_n=336 est=174.515
  [FastestO Curve] run=5 frac=0.1 budget_n=376 est=170.739
  [FastestO Curve] run=5 frac=0.15 budget_n=506 est=236.796
  [FastestO Curve] run=5 frac=0.2 budget_n=614 est=178.398
  [FastestO Curve] run=5 frac=0.3 budget_n=784 est=133.9
  [FastestO Curve] run=5 frac=0.4 budget_n=874 est=158.603
  [FastestO Curve] run=5 frac=0.5 budget_n=1000 est=152.28
  [FastestO Curve] run=5 frac=0.6 budget_n=1102 est=229.992
  [FastestO Curve] run=5 frac=0.7 budget_n=1161 est=104.564
  [FastestO Curve] run=5 frac=0.8 budget_n=1246 est=143.254
  [FastestO Curve] run=5 frac=0.9 budget_n=500 est=67.6883
  [Result] #CandTree           : 1.078e+04
  [Result] #TreeTrials         : 478
  [Result] #TreeSuccess        : 3
  [Result] #UniqueOracleNodes  : 500.0000
  [Result] Truth               : 9681.0000
  [Result] Est                 : 67.6883
  [Result] logQError           : -2.1554
  [Result] TreeCountTime       : 11.1956
  [Result] QueryTime           : 0.8904
/home/wangshuo/projects/PROXY/datasets/parler-E/query_graph/query_cycle_6_46.graph Finished!

Start Processing (Multi-Predicate) /home/wangshuo/projects/PROXY/datasets/parler-E/query_graph/query_cycle_6_48.graph
[Info] Using explicit query nodes for predicates: 4 5 
[Info] FOIS_nrs base budget not found, will rely strictly on Curve CSV.
[Info] Using user-specified root label 1 -> query node 0
  [FastestO Curve] run=1 frac=0.01 budget_n=41 est=0
  [FastestO Curve] run=1 frac=0.05 budget_n=186 est=48.3018
  [FastestO Curve] run=1 frac=0.075 budget_n=272 est=183.059
  [FastestO Curve] run=1 frac=0.1 budget_n=351 est=76.1956
  [FastestO Curve] run=1 frac=0.15 budget_n=486 est=70.4143
  [FastestO Curve] run=1 frac=0.2 budget_n=609 est=115.465
  [FastestO Curve] run=1 frac=0.3 budget_n=852 est=80.7127
  [FastestO Curve] run=1 frac=0.4 budget_n=1101 est=157.76
  [FastestO Curve] run=1 frac=0.5 budget_n=1290 est=111.466
  [FastestO Curve] run=1 frac=0.6 budget_n=1524 est=101.854
  [FastestO Curve] run=1 frac=0.7 budget_n=1745 est=90.7711
  [FastestO Curve] run=1 frac=0.8 budget_n=1972 est=97.7963
  [FastestO Curve] run=1 frac=0.9 budget_n=500 est=69.0025
  [FastestO Curve] run=2 frac=0.01 budget_n=41 est=0
  [FastestO Curve] run=2 frac=0.05 budget_n=186 est=56.1878
  [FastestO Curve] run=2 frac=0.075 budget_n=272 est=185.526
  [FastestO Curve] run=2 frac=0.1 budget_n=351 est=90.3676
  [FastestO Curve] run=2 frac=0.15 budget_n=486 est=99.6333
  [FastestO Curve] run=2 frac=0.2 budget_n=609 est=63.7315
  [FastestO Curve] run=2 frac=0.3 budget_n=852 est=113.701
  [FastestO Curve] run=2 frac=0.4 budget_n=1101 est=90.7363
  [FastestO Curve] run=2 frac=0.5 budget_n=1290 est=109.784
  [FastestO Curve] run=2 frac=0.6 budget_n=1524 est=146.219
  [FastestO Curve] run=2 frac=0.7 budget_n=1745 est=109.254
  [FastestO Curve] run=2 frac=0.8 budget_n=1972 est=97.3617
  [FastestO Curve] run=2 frac=0.9 budget_n=500 est=89.7392
  [FastestO Curve] run=3 frac=0.01 budget_n=41 est=0
  [FastestO Curve] run=3 frac=0.05 budget_n=186 est=0
  [FastestO Curve] run=3 frac=0.075 budget_n=272 est=212.329
  [FastestO Curve] run=3 frac=0.1 budget_n=351 est=110.57
  [FastestO Curve] run=3 frac=0.15 budget_n=486 est=130.927
  [FastestO Curve] run=3 frac=0.2 budget_n=609 est=94.1955
  [FastestO Curve] run=3 frac=0.3 budget_n=852 est=101.532
  [FastestO Curve] run=3 frac=0.4 budget_n=1101 est=89.3896
  [FastestO Curve] run=3 frac=0.5 budget_n=1290 est=100.149
  [FastestO Curve] run=3 frac=0.6 budget_n=1524 est=101.194
  [FastestO Curve] run=3 frac=0.7 budget_n=1745 est=97.7127
  [FastestO Curve] run=3 frac=0.8 budget_n=1972 est=95.5648
  [FastestO Curve] run=3 frac=0.9 budget_n=500 est=96.4907
  [FastestO Curve] run=4 frac=0.01 budget_n=41 est=598.522
  [FastestO Curve] run=4 frac=0.05 budget_n=186 est=0
  [FastestO Curve] run=4 frac=0.075 budget_n=272 est=97.6312
  [FastestO Curve] run=4 frac=0.1 budget_n=351 est=51.6548
  [FastestO Curve] run=4 frac=0.15 budget_n=486 est=125.471
  [FastestO Curve] run=4 frac=0.2 budget_n=609 est=139.191
  [FastestO Curve] run=4 frac=0.3 budget_n=852 est=106.507
  [FastestO Curve] run=4 frac=0.4 budget_n=1101 est=34.8212
  [FastestO Curve] run=4 frac=0.5 budget_n=1290 est=116.489
  [FastestO Curve] run=4 frac=0.6 budget_n=1524 est=112.898
  [FastestO Curve] run=4 frac=0.7 budget_n=1745 est=88.5181
  [FastestO Curve] run=4 frac=0.8 budget_n=1972 est=88.7376
  [FastestO Curve] run=4 frac=0.9 budget_n=500 est=234.238
  [FastestO Curve] run=5 frac=0.01 budget_n=41 est=0
  [FastestO Curve] run=5 frac=0.05 budget_n=186 est=282.09
  [FastestO Curve] run=5 frac=0.075 budget_n=272 est=109.544
  [FastestO Curve] run=5 frac=0.1 budget_n=351 est=51.1747
  [FastestO Curve] run=5 frac=0.15 budget_n=486 est=53.0823
  [FastestO Curve] run=5 frac=0.2 budget_n=609 est=111.579
  [FastestO Curve] run=5 frac=0.3 budget_n=852 est=83.3181
  [FastestO Curve] run=5 frac=0.4 budget_n=1101 est=84.2325
  [FastestO Curve] run=5 frac=0.5 budget_n=1290 est=82.9865
  [FastestO Curve] run=5 frac=0.6 budget_n=1524 est=87.1986
  [FastestO Curve] run=5 frac=0.7 budget_n=1745 est=110.57
  [FastestO Curve] run=5 frac=0.8 budget_n=1972 est=75.2771
  [FastestO Curve] run=5 frac=0.9 budget_n=500 est=65.1645
  [Result] #CandTree           : 1.377e+04
  [Result] #TreeTrials         : 845
  [Result] #TreeSuccess        : 4
  [Result] #UniqueOracleNodes  : 500.0000
  [Result] Truth               : 7000.0000
  [Result] Est                 : 65.1645
  [Result] logQError           : -2.0311
  [Result] TreeCountTime       : 5.7193
  [Result] QueryTime           : 0.7436
/home/wangshuo/projects/PROXY/datasets/parler-E/query_graph/query_cycle_6_48.graph Finished!

Start Processing (Multi-Predicate) /home/wangshuo/projects/PROXY/datasets/parler-E/query_graph/query_cycle_6_6.graph
[Info] Using explicit query nodes for predicates: 0 3 
[Info] FOIS_nrs base budget not found, will rely strictly on Curve CSV.
[Warning] Requested root label 1 not found in query. Falling back to default root 3
  [FastestO Curve] run=1 frac=0.01 budget_n=119 est=15746.5
  [FastestO Curve] run=1 frac=0.05 budget_n=399 est=13674.6
  [FastestO Curve] run=1 frac=0.075 budget_n=566 est=4870.06
  [FastestO Curve] run=1 frac=0.1 budget_n=738 est=11492.3
  [FastestO Curve] run=1 frac=0.15 budget_n=969 est=9374.55
  [FastestO Curve] run=1 frac=0.2 budget_n=1144 est=11714.9
  [FastestO Curve] run=1 frac=0.3 budget_n=1486 est=8534.71
  [FastestO Curve] run=1 frac=0.4 budget_n=1655 est=11018.5
  [FastestO Curve] run=1 frac=0.5 budget_n=1736 est=9948.79
  [FastestO Curve] run=1 frac=0.6 budget_n=1827 est=11809.9
  [FastestO Curve] run=1 frac=0.7 budget_n=1895 est=6957.44
  [FastestO Curve] run=1 frac=0.8 budget_n=1946 est=8804.79
  [FastestO Curve] run=1 frac=0.9 budget_n=500 est=8857.42
  [FastestO Curve] run=2 frac=0.01 budget_n=119 est=14762.4
  [FastestO Curve] run=2 frac=0.05 budget_n=399 est=10051
  [FastestO Curve] run=2 frac=0.075 budget_n=566 est=9790.59
  [FastestO Curve] run=2 frac=0.1 budget_n=738 est=8780.59
  [FastestO Curve] run=2 frac=0.15 budget_n=969 est=9977.49
  [FastestO Curve] run=2 frac=0.2 budget_n=1144 est=11277.4
  [FastestO Curve] run=2 frac=0.3 budget_n=1486 est=8844.86
  [FastestO Curve] run=2 frac=0.4 budget_n=1655 est=10784.5
  [FastestO Curve] run=2 frac=0.5 budget_n=1736 est=10857.8
  [FastestO Curve] run=2 frac=0.6 budget_n=1827 est=11503.1
  [FastestO Curve] run=2 frac=0.7 budget_n=1895 est=9352.99
  [FastestO Curve] run=2 frac=0.8 budget_n=1946 est=11266.7
  [FastestO Curve] run=2 frac=0.9 budget_n=500 est=11592.5
  [FastestO Curve] run=3 frac=0.01 budget_n=119 est=9084.54
  [FastestO Curve] run=3 frac=0.05 budget_n=399 est=10845.8
  [FastestO Curve] run=3 frac=0.075 budget_n=566 est=10811.9
  [FastestO Curve] run=3 frac=0.1 budget_n=738 est=9106.43
  [FastestO Curve] run=3 frac=0.15 budget_n=969 est=6353.43
  [FastestO Curve] run=3 frac=0.2 budget_n=1144 est=10283
  [FastestO Curve] run=3 frac=0.3 budget_n=1486 est=12905.9
  [FastestO Curve] run=3 frac=0.4 budget_n=1655 est=7421.64
  [FastestO Curve] run=3 frac=0.5 budget_n=1736 est=9278.63
  [FastestO Curve] run=3 frac=0.6 budget_n=1827 est=10307.9
  [FastestO Curve] run=3 frac=0.7 budget_n=1895 est=8718.47
  [FastestO Curve] run=3 frac=0.8 budget_n=1946 est=10118.8
  [FastestO Curve] run=3 frac=0.9 budget_n=500 est=9065.17
  [FastestO Curve] run=4 frac=0.01 budget_n=119 est=18895.8
  [FastestO Curve] run=4 frac=0.05 budget_n=399 est=6401.03
  [FastestO Curve] run=4 frac=0.075 budget_n=566 est=9706.77
  [FastestO Curve] run=4 frac=0.1 budget_n=738 est=11621.1
  [FastestO Curve] run=4 frac=0.15 budget_n=969 est=6700.65
  [FastestO Curve] run=4 frac=0.2 budget_n=1144 est=8182.74
  [FastestO Curve] run=4 frac=0.3 budget_n=1486 est=9287.5
  [FastestO Curve] run=4 frac=0.4 budget_n=1655 est=8971.73
  [FastestO Curve] run=4 frac=0.5 budget_n=1736 est=10885.4
  [FastestO Curve] run=4 frac=0.6 budget_n=1827 est=10446.1
  [FastestO Curve] run=4 frac=0.7 budget_n=1895 est=9316.06
  [FastestO Curve] run=4 frac=0.8 budget_n=1946 est=9232.07
  [FastestO Curve] run=4 frac=0.9 budget_n=500 est=6574.1
  [FastestO Curve] run=5 frac=0.01 budget_n=119 est=10859.7
  [FastestO Curve] run=5 frac=0.05 budget_n=399 est=3729.44
  [FastestO Curve] run=5 frac=0.075 budget_n=566 est=14711.3
  [FastestO Curve] run=5 frac=0.1 budget_n=738 est=9796.23
  [FastestO Curve] run=5 frac=0.15 budget_n=969 est=9432.2
  [FastestO Curve] run=5 frac=0.2 budget_n=1144 est=10913.4
  [FastestO Curve] run=5 frac=0.3 budget_n=1486 est=8321.6
  [FastestO Curve] run=5 frac=0.4 budget_n=1655 est=8848.4
  [FastestO Curve] run=5 frac=0.5 budget_n=1736 est=10859.7
  [FastestO Curve] run=5 frac=0.6 budget_n=1827 est=8794.22
  [FastestO Curve] run=5 frac=0.7 budget_n=1895 est=10314.9
  [FastestO Curve] run=5 frac=0.8 budget_n=1946 est=10503.7
  [FastestO Curve] run=5 frac=0.9 budget_n=500 est=12874.5
  [Result] #CandTree           : 4.724e+05
  [Result] #TreeTrials         : 477
  [Result] #TreeSuccess        : 13
  [Result] #UniqueOracleNodes  : 500.0000
  [Result] Truth               : 443652.0000
  [Result] Est                 : 12874.5241
  [Result] logQError           : -1.5373
  [Result] TreeCountTime       : 8.0983
  [Result] QueryTime           : 0.7915
/home/wangshuo/projects/PROXY/datasets/parler-E/query_graph/query_cycle_6_6.graph Finished!

Start Processing (Multi-Predicate) /home/wangshuo/projects/PROXY/datasets/parler-E/query_graph/query_cycle_6_7.graph
[Info] Using explicit query nodes for predicates: 2 5 
[Info] FOIS_nrs base budget not found, will rely strictly on Curve CSV.
[Info] Using user-specified root label 1 -> query node 1
  [FastestO Curve] run=1 frac=0.01 budget_n=249 est=28299.1
  [FastestO Curve] run=1 frac=0.05 budget_n=814 est=24776.4
  [FastestO Curve] run=1 frac=0.075 budget_n=1113 est=24195.7
  [FastestO Curve] run=1 frac=0.1 budget_n=1317 est=29524.3
  [FastestO Curve] run=1 frac=0.15 budget_n=1829 est=29614.5
  [FastestO Curve] run=1 frac=0.2 budget_n=2229 est=31766.6
  [FastestO Curve] run=1 frac=0.3 budget_n=2930 est=30726.5
  [FastestO Curve] run=1 frac=0.4 budget_n=3335 est=29652.7
  [FastestO Curve] run=1 frac=0.5 budget_n=3590 est=31180.7
  [FastestO Curve] run=1 frac=0.6 budget_n=3827 est=29570.1
  [FastestO Curve] run=1 frac=0.7 budget_n=3984 est=29570.1
  [FastestO Curve] run=1 frac=0.8 budget_n=4155 est=28083.3
  [FastestO Curve] run=1 frac=0.9 budget_n=500 est=33117.1
  [FastestO Curve] run=2 frac=0.01 budget_n=249 est=24627.8
  [FastestO Curve] run=2 frac=0.05 budget_n=814 est=26885.4
  [FastestO Curve] run=2 frac=0.075 budget_n=1113 est=29310.2
  [FastestO Curve] run=2 frac=0.1 budget_n=1317 est=29624
  [FastestO Curve] run=2 frac=0.15 budget_n=1829 est=29172.4
  [FastestO Curve] run=2 frac=0.2 budget_n=2229 est=28733.5
  [FastestO Curve] run=2 frac=0.3 budget_n=2930 est=30643.9
  [FastestO Curve] run=2 frac=0.4 budget_n=3335 est=29694
  [FastestO Curve] run=2 frac=0.5 budget_n=3590 est=29404.9
  [FastestO Curve] run=2 frac=0.6 budget_n=3827 est=30850.4
  [FastestO Curve] run=2 frac=0.7 budget_n=3984 est=29941.8
  [FastestO Curve] run=2 frac=0.8 budget_n=4155 est=30024.4
  [FastestO Curve] run=2 frac=0.9 budget_n=500 est=23146
  [FastestO Curve] run=3 frac=0.01 budget_n=249 est=29192.6
  [FastestO Curve] run=3 frac=0.05 budget_n=814 est=31781.5
  [FastestO Curve] run=3 frac=0.075 budget_n=1113 est=29387.8
  [FastestO Curve] run=3 frac=0.1 budget_n=1317 est=28732
  [FastestO Curve] run=3 frac=0.15 budget_n=1829 est=28809.3
  [FastestO Curve] run=3 frac=0.2 budget_n=2229 est=28858.6
  [FastestO Curve] run=3 frac=0.3 budget_n=2930 est=29652.7
  [FastestO Curve] run=3 frac=0.4 budget_n=3335 est=30767.8
  [FastestO Curve] run=3 frac=0.5 budget_n=3590 est=29074.5
  [FastestO Curve] run=3 frac=0.6 budget_n=3827 est=29528.8
  [FastestO Curve] run=3 frac=0.7 budget_n=3984 est=30396.1
  [FastestO Curve] run=3 frac=0.8 budget_n=4155 est=30850.4
  [FastestO Curve] run=3 frac=0.9 budget_n=500 est=27787.4
  [FastestO Curve] run=4 frac=0.01 budget_n=249 est=33680.7
  [FastestO Curve] run=4 frac=0.05 budget_n=814 est=30441.5
  [FastestO Curve] run=4 frac=0.075 budget_n=1113 est=33558.6
  [FastestO Curve] run=4 frac=0.1 budget_n=1317 est=28904.5
  [FastestO Curve] run=4 frac=0.15 budget_n=1829 est=29983
  [FastestO Curve] run=4 frac=0.2 budget_n=2229 est=28483.8
  [FastestO Curve] run=4 frac=0.3 budget_n=2930 est=27835.5
  [FastestO Curve] run=4 frac=0.4 budget_n=3335 est=30024.4
  [FastestO Curve] run=4 frac=0.5 budget_n=3590 est=32254.5
  [FastestO Curve] run=4 frac=0.6 budget_n=3827 est=28950.6
  [FastestO Curve] run=4 frac=0.7 budget_n=3984 est=28413.7
  [FastestO Curve] run=4 frac=0.8 budget_n=4155 est=29115.8
  [FastestO Curve] run=4 frac=0.9 budget_n=500 est=32731.1
  [FastestO Curve] run=5 frac=0.01 budget_n=249 est=35373.9
  [FastestO Curve] run=5 frac=0.05 budget_n=814 est=30338.5
  [FastestO Curve] run=5 frac=0.075 budget_n=1113 est=29677
  [FastestO Curve] run=5 frac=0.1 budget_n=1317 est=29294.7
  [FastestO Curve] run=5 frac=0.15 budget_n=1829 est=29512.3
  [FastestO Curve] run=5 frac=0.2 budget_n=2229 est=28298.6
  [FastestO Curve] run=5 frac=0.3 budget_n=2930 est=30230.9
  [FastestO Curve] run=5 frac=0.4 budget_n=3335 est=29570.1
  [FastestO Curve] run=5 frac=0.5 budget_n=3590 est=29198.4
  [FastestO Curve] run=5 frac=0.6 budget_n=3827 est=30437.4
  [FastestO Curve] run=5 frac=0.7 budget_n=3984 est=29198.4
  [FastestO Curve] run=5 frac=0.8 budget_n=4155 est=29157.1
  [FastestO Curve] run=5 frac=0.9 budget_n=500 est=23487.6
  [Result] #CandTree           : 8.26e+05
  [Result] #TreeTrials         : 1266
  [Result] #TreeSuccess        : 36
  [Result] #UniqueOracleNodes  : 500.0000
  [Result] Truth               : 825980.0000
  [Result] Est                 : 23487.5829
  [Result] logQError           : -1.5461
  [Result] TreeCountTime       : 20.2222
  [Result] QueryTime           : 3.1018
/home/wangshuo/projects/PROXY/datasets/parler-E/query_graph/query_cycle_6_7.graph Finished!

Start Processing (Multi-Predicate) /home/wangshuo/projects/PROXY/datasets/parler-E/query_graph/query_cycle_6_8.graph
[Info] Using explicit query nodes for predicates: 3 4 
[Info] FOIS_nrs base budget not found, will rely strictly on Curve CSV.
[Info] Using user-specified root label 1 -> query node 2
  [FastestO Curve] run=1 frac=0.01 budget_n=86 est=11857.4
  [FastestO Curve] run=1 frac=0.05 budget_n=323 est=27466.8
  [FastestO Curve] run=1 frac=0.075 budget_n=467 est=32682.5
  [FastestO Curve] run=1 frac=0.1 budget_n=608 est=30978.9
  [FastestO Curve] run=1 frac=0.15 budget_n=863 est=30507
  [FastestO Curve] run=1 frac=0.2 budget_n=1074 est=36798.2
  [FastestO Curve] run=1 frac=0.3 budget_n=1493 est=32473.8
  [FastestO Curve] run=1 frac=0.4 budget_n=1822 est=30168.4
  [FastestO Curve] run=1 frac=0.5 budget_n=2127 est=27795.2
  [FastestO Curve] run=1 frac=0.6 budget_n=2417 est=30804.6
  [FastestO Curve] run=1 frac=0.7 budget_n=2720 est=31556.9
  [FastestO Curve] run=1 frac=0.8 budget_n=2981 est=31431.5
  [FastestO Curve] run=1 frac=0.9 budget_n=500 est=28139.4
  [FastestO Curve] run=2 frac=0.01 budget_n=86 est=30287.9
  [FastestO Curve] run=2 frac=0.05 budget_n=323 est=28579.3
  [FastestO Curve] run=2 frac=0.075 budget_n=467 est=36812.3
  [FastestO Curve] run=2 frac=0.1 budget_n=608 est=35805.8
  [FastestO Curve] run=2 frac=0.15 budget_n=863 est=30570.8
  [FastestO Curve] run=2 frac=0.2 budget_n=1074 est=34024.1
  [FastestO Curve] run=2 frac=0.3 budget_n=1493 est=32717.1
  [FastestO Curve] run=2 frac=0.4 budget_n=1822 est=32067.4
  [FastestO Curve] run=2 frac=0.5 budget_n=2127 est=31097.2
  [FastestO Curve] run=2 frac=0.6 budget_n=2417 est=31431.5
  [FastestO Curve] run=2 frac=0.7 budget_n=2720 est=31556.9
  [FastestO Curve] run=2 frac=0.8 budget_n=2981 est=29759.6
  [FastestO Curve] run=2 frac=0.9 budget_n=500 est=31771.6
  [FastestO Curve] run=3 frac=0.01 budget_n=86 est=40125.4
  [FastestO Curve] run=3 frac=0.05 budget_n=323 est=28912.4
  [FastestO Curve] run=3 frac=0.075 budget_n=467 est=28928
  [FastestO Curve] run=3 frac=0.1 budget_n=608 est=29706.3
  [FastestO Curve] run=3 frac=0.15 budget_n=863 est=34486.7
  [FastestO Curve] run=3 frac=0.2 budget_n=1074 est=29311.5
  [FastestO Curve] run=3 frac=0.3 budget_n=1493 est=28848.1
  [FastestO Curve] run=3 frac=0.4 budget_n=1822 est=32482
  [FastestO Curve] run=3 frac=0.5 budget_n=2127 est=30553.8
  [FastestO Curve] run=3 frac=0.6 budget_n=2417 est=31515.1
  [FastestO Curve] run=3 frac=0.7 budget_n=2720 est=29717.8
  [FastestO Curve] run=3 frac=0.8 budget_n=2981 est=30553.8
  [FastestO Curve] run=3 frac=0.9 budget_n=500 est=35134.9
  [FastestO Curve] run=4 frac=0.01 budget_n=86 est=25525
  [FastestO Curve] run=4 frac=0.05 budget_n=323 est=29855.2
  [FastestO Curve] run=4 frac=0.075 budget_n=467 est=22911.6
  [FastestO Curve] run=4 frac=0.1 budget_n=608 est=26742.3
  [FastestO Curve] run=4 frac=0.15 budget_n=863 est=38144
  [FastestO Curve] run=4 frac=0.2 budget_n=1074 est=33987.7
  [FastestO Curve] run=4 frac=0.3 budget_n=1493 est=30927.2
  [FastestO Curve] run=4 frac=0.4 budget_n=1822 est=33274.6
  [FastestO Curve] run=4 frac=0.5 budget_n=2127 est=31347.9
  [FastestO Curve] run=4 frac=0.6 budget_n=2417 est=31180.7
  [FastestO Curve] run=4 frac=0.7 budget_n=2720 est=32309.3
  [FastestO Curve] run=4 frac=0.8 budget_n=2981 est=33730.4
  [FastestO Curve] run=4 frac=0.9 budget_n=500 est=25486.1
  [FastestO Curve] run=5 frac=0.01 budget_n=86 est=35724.1
  [FastestO Curve] run=5 frac=0.05 budget_n=323 est=40920.4
  [FastestO Curve] run=5 frac=0.075 budget_n=467 est=28987.8
  [FastestO Curve] run=5 frac=0.1 budget_n=608 est=25961
  [FastestO Curve] run=5 frac=0.15 budget_n=863 est=33882.2
  [FastestO Curve] run=5 frac=0.2 budget_n=1074 est=27514.6
  [FastestO Curve] run=5 frac=0.3 budget_n=1493 est=28467.6
  [FastestO Curve] run=5 frac=0.4 budget_n=1822 est=31821.2
  [FastestO Curve] run=5 frac=0.5 budget_n=2127 est=30679.2
  [FastestO Curve] run=5 frac=0.6 budget_n=2417 est=31013.6
  [FastestO Curve] run=5 frac=0.7 budget_n=2720 est=31556.9
  [FastestO Curve] run=5 frac=0.8 budget_n=2981 est=29801.4
  [FastestO Curve] run=5 frac=0.9 budget_n=500 est=28455
  [Result] #CandTree           : 8.359e+05
  [Result] #TreeTrials         : 1322
  [Result] #TreeSuccess        : 45
  [Result] #UniqueOracleNodes  : 500.0000
  [Result] Truth               : 835945.0000
  [Result] Est                 : 28455.0113
  [Result] logQError           : -1.4680
  [Result] TreeCountTime       : 25.2296
  [Result] QueryTime           : 3.1148
/home/wangshuo/projects/PROXY/datasets/parler-E/query_graph/query_cycle_6_8.graph Finished!

Start Processing (Multi-Predicate) /home/wangshuo/projects/PROXY/datasets/parler-E/query_graph/query_cycle_6_9.graph
[Info] Using explicit query nodes for predicates: 0 2 
[Info] FOIS_nrs base budget not found, will rely strictly on Curve CSV.
[Info] Using user-specified root label 1 -> query node 1
  [FastestO Curve] run=1 frac=0.01 budget_n=45 est=265994
  [FastestO Curve] run=1 frac=0.05 budget_n=226 est=240679
  [FastestO Curve] run=1 frac=0.075 budget_n=318 est=239286
  [FastestO Curve] run=1 frac=0.1 budget_n=405 est=235986
  [FastestO Curve] run=1 frac=0.15 budget_n=555 est=286366
  [FastestO Curve] run=1 frac=0.2 budget_n=669 est=268013
  [FastestO Curve] run=1 frac=0.3 budget_n=885 est=260348
  [FastestO Curve] run=1 frac=0.4 budget_n=1019 est=256438
  [FastestO Curve] run=1 frac=0.5 budget_n=1113 est=263281
  [FastestO Curve] run=1 frac=0.6 budget_n=1205 est=270123
  [FastestO Curve] run=1 frac=0.7 budget_n=1286 est=271753
  [FastestO Curve] run=1 frac=0.8 budget_n=1400 est=264258
  [FastestO Curve] run=1 frac=0.9 budget_n=500 est=272086
  [FastestO Curve] run=2 frac=0.01 budget_n=45 est=161575
  [FastestO Curve] run=2 frac=0.05 budget_n=226 est=261957
  [FastestO Curve] run=2 frac=0.075 budget_n=318 est=290465
  [FastestO Curve] run=2 frac=0.1 budget_n=405 est=285496
  [FastestO Curve] run=2 frac=0.15 budget_n=555 est=237140
  [FastestO Curve] run=2 frac=0.2 budget_n=669 est=253831
  [FastestO Curve] run=2 frac=0.3 budget_n=885 est=265900
  [FastestO Curve] run=2 frac=0.4 budget_n=1019 est=274359
  [FastestO Curve] run=2 frac=0.5 budget_n=1113 est=260674
  [FastestO Curve] run=2 frac=0.6 budget_n=1205 est=254157
  [FastestO Curve] run=2 frac=0.7 budget_n=1286 est=260022
  [FastestO Curve] run=2 frac=0.8 budget_n=1400 est=269472
  [FastestO Curve] run=2 frac=0.9 budget_n=500 est=257106
  [FastestO Curve] run=3 frac=0.01 budget_n=45 est=191672
  [FastestO Curve] run=3 frac=0.05 budget_n=226 est=273254
  [FastestO Curve] run=3 frac=0.075 budget_n=318 est=283204
  [FastestO Curve] run=3 frac=0.1 budget_n=405 est=271850
  [FastestO Curve] run=3 frac=0.15 budget_n=555 est=284470
  [FastestO Curve] run=3 frac=0.2 budget_n=669 est=266167
  [FastestO Curve] run=3 frac=0.3 budget_n=885 est=259078
  [FastestO Curve] run=3 frac=0.4 budget_n=1019 est=266213
  [FastestO Curve] run=3 frac=0.5 budget_n=1113 est=274359
  [FastestO Curve] run=3 frac=0.6 budget_n=1205 est=271753
  [FastestO Curve] run=3 frac=0.7 budget_n=1286 est=269472
  [FastestO Curve] run=3 frac=0.8 budget_n=1400 est=255786
  [FastestO Curve] run=3 frac=0.9 budget_n=500 est=261359
  [FastestO Curve] run=4 frac=0.01 budget_n=45 est=79473.7
  [FastestO Curve] run=4 frac=0.05 budget_n=226 est=234841
  [FastestO Curve] run=4 frac=0.075 budget_n=318 est=232081
  [FastestO Curve] run=4 frac=0.1 budget_n=405 est=289464
  [FastestO Curve] run=4 frac=0.15 budget_n=555 est=275495
  [FastestO Curve] run=4 frac=0.2 budget_n=669 est=287580
  [FastestO Curve] run=4 frac=0.3 budget_n=885 est=284764
  [FastestO Curve] run=4 frac=0.4 budget_n=1019 est=269146
  [FastestO Curve] run=4 frac=0.5 budget_n=1113 est=267842
  [FastestO Curve] run=4 frac=0.6 budget_n=1205 est=283483
  [FastestO Curve] run=4 frac=0.7 budget_n=1286 est=290000
  [FastestO Curve] run=4 frac=0.8 budget_n=1400 est=265562
  [FastestO Curve] run=4 frac=0.9 budget_n=500 est=278936
  [FastestO Curve] run=5 frac=0.01 budget_n=45 est=75777.3
  [FastestO Curve] run=5 frac=0.05 budget_n=226 est=288506
  [FastestO Curve] run=5 frac=0.075 budget_n=318 est=285796
  [FastestO Curve] run=5 frac=0.1 budget_n=405 est=223974
  [FastestO Curve] run=5 frac=0.15 budget_n=555 est=248823
  [FastestO Curve] run=5 frac=0.2 budget_n=669 est=253798
  [FastestO Curve] run=5 frac=0.3 budget_n=885 est=261977
  [FastestO Curve] run=5 frac=0.4 budget_n=1019 est=255786
  [FastestO Curve] run=5 frac=0.5 budget_n=1113 est=265562
  [FastestO Curve] run=5 frac=0.6 budget_n=1205 est=286415
  [FastestO Curve] run=5 frac=0.7 budget_n=1286 est=261326
  [FastestO Curve] run=5 frac=0.8 budget_n=1400 est=266213
  [FastestO Curve] run=5 frac=0.9 budget_n=500 est=310395
  [Result] #CandTree           : 6.517e+06
  [Result] #TreeTrials         : 4472
  [Result] #TreeSuccess        : 213
  [Result] #UniqueOracleNodes  : 500.0000
  [Result] Truth               : 6149000.0000
  [Result] Est                 : 310395.4407
  [Result] logQError           : -1.2969
  [Result] TreeCountTime       : 26.2718
  [Result] QueryTime           : 9.9166
/home/wangshuo/projects/PROXY/datasets/parler-E/query_graph/query_cycle_6_9.graph Finished!

Start Processing (Multi-Predicate) /home/wangshuo/projects/PROXY/datasets/parler-E/query_graph/query_cycle_8_0.graph
[Info] Using explicit query nodes for predicates: 2 5 7 
[Info] FOIS_nrs base budget not found, will rely strictly on Curve CSV.
[Info] Using user-specified root label 1 -> query node 1
  [FastestO Curve] run=1 frac=0.01 budget_n=77 est=0
  [FastestO Curve] run=1 frac=0.05 budget_n=270 est=0
  [FastestO Curve] run=1 frac=0.075 budget_n=356 est=0
  [FastestO Curve] run=1 frac=0.1 budget_n=453 est=26.6604
  [FastestO Curve] run=1 frac=0.15 budget_n=581 est=19.2735
  [FastestO Curve] run=1 frac=0.2 budget_n=672 est=38.4752
  [FastestO Curve] run=1 frac=0.3 budget_n=893 est=6.97097
  [FastestO Curve] run=1 frac=0.4 budget_n=1055 est=41.8526
  [FastestO Curve] run=1 frac=0.5 budget_n=1176 est=37.7579
  [FastestO Curve] run=1 frac=0.6 budget_n=1292 est=25.5539
  [FastestO Curve] run=1 frac=0.7 budget_n=1404 est=35.8505
  [FastestO Curve] run=1 frac=0.8 budget_n=1520 est=34.0394
  [FastestO Curve] run=1 frac=0.9 budget_n=500 est=50.7521
  [FastestO Curve] run=2 frac=0.01 budget_n=77 est=0
  [FastestO Curve] run=2 frac=0.05 budget_n=270 est=0
  [FastestO Curve] run=2 frac=0.075 budget_n=356 est=40.4446
  [FastestO Curve] run=2 frac=0.1 budget_n=453 est=94.6181
  [FastestO Curve] run=2 frac=0.15 budget_n=581 est=18.6197
  [FastestO Curve] run=2 frac=0.2 budget_n=672 est=13.4482
  [FastestO Curve] run=2 frac=0.3 budget_n=893 est=7.55646
  [FastestO Curve] run=2 frac=0.4 budget_n=1055 est=46.0563
  [FastestO Curve] run=2 frac=0.5 budget_n=1176 est=32.1271
  [FastestO Curve] run=2 frac=0.6 budget_n=1292 est=36.111
  [FastestO Curve] run=2 frac=0.7 budget_n=1404 est=32.0313
  [FastestO Curve] run=2 frac=0.8 budget_n=1520 est=48.3364
  [FastestO Curve] run=2 frac=0.9 budget_n=500 est=24.921
  [FastestO Curve] run=3 frac=0.01 budget_n=77 est=0
  [FastestO Curve] run=3 frac=0.05 budget_n=270 est=0
  [FastestO Curve] run=3 frac=0.075 budget_n=356 est=0
  [FastestO Curve] run=3 frac=0.1 budget_n=453 est=0
  [FastestO Curve] run=3 frac=0.15 budget_n=581 est=38.0752
  [FastestO Curve] run=3 frac=0.2 budget_n=672 est=96.7674
  [FastestO Curve] run=3 frac=0.3 budget_n=893 est=48.4315
  [FastestO Curve] run=3 frac=0.4 budget_n=1055 est=9.8134
  [FastestO Curve] run=3 frac=0.5 budget_n=1176 est=40.1073
  [FastestO Curve] run=3 frac=0.6 budget_n=1292 est=28.5231
  [FastestO Curve] run=3 frac=0.7 budget_n=1404 est=27.7719
  [FastestO Curve] run=3 frac=0.8 budget_n=1520 est=30.5264
  [FastestO Curve] run=3 frac=0.9 budget_n=500 est=49.5021
  [FastestO Curve] run=4 frac=0.01 budget_n=77 est=0
  [FastestO Curve] run=4 frac=0.05 budget_n=270 est=0
  [FastestO Curve] run=4 frac=0.075 budget_n=356 est=0
  [FastestO Curve] run=4 frac=0.1 budget_n=453 est=0
  [FastestO Curve] run=4 frac=0.15 budget_n=581 est=55.907
  [FastestO Curve] run=4 frac=0.2 budget_n=672 est=91.3751
  [FastestO Curve] run=4 frac=0.3 budget_n=893 est=22.27
  [FastestO Curve] run=4 frac=0.4 budget_n=1055 est=16.7482
  [FastestO Curve] run=4 frac=0.5 budget_n=1176 est=34.114
  [FastestO Curve] run=4 frac=0.6 budget_n=1292 est=52.048
  [FastestO Curve] run=4 frac=0.7 budget_n=1404 est=37.9903
  [FastestO Curve] run=4 frac=0.8 budget_n=1520 est=26.7421
  [FastestO Curve] run=4 frac=0.9 budget_n=500 est=0
  [FastestO Curve] run=5 frac=0.01 budget_n=77 est=0
  [FastestO Curve] run=5 frac=0.05 budget_n=270 est=71.0751
  [FastestO Curve] run=5 frac=0.075 budget_n=356 est=0
  [FastestO Curve] run=5 frac=0.1 budget_n=453 est=0
  [FastestO Curve] run=5 frac=0.15 budget_n=581 est=19.1436
  [FastestO Curve] run=5 frac=0.2 budget_n=672 est=28.2578
  [FastestO Curve] run=5 frac=0.3 budget_n=893 est=27.9615
  [FastestO Curve] run=5 frac=0.4 budget_n=1055 est=32.4297
  [FastestO Curve] run=5 frac=0.5 budget_n=1176 est=19.1109
  [FastestO Curve] run=5 frac=0.6 budget_n=1292 est=19.4495
  [FastestO Curve] run=5 frac=0.7 budget_n=1404 est=23.9776
  [FastestO Curve] run=5 frac=0.8 budget_n=1520 est=37.065
  [FastestO Curve] run=5 frac=0.9 budget_n=500 est=0
  [Result] #CandTree           : 6.532e+04
  [Result] #TreeTrials         : 2606
  [Result] #TreeSuccess        : 0
  [Result] #UniqueOracleNodes  : 500.0000
  [Result] Truth               : 41272.0000
  [Result] Est                 : 0.0000
  [Result] logQError           : -4.6157
  [Result] TreeCountTime       : 15.9667
  [Result] QueryTime           : 3.7869
/home/wangshuo/projects/PROXY/datasets/parler-E/query_graph/query_cycle_8_0.graph Finished!

Start Processing (Multi-Predicate) /home/wangshuo/projects/PROXY/datasets/parler-E/query_graph/query_cycle_8_10.graph
[Info] Using explicit query nodes for predicates: 4 7 
[Info] FOIS_nrs base budget not found, will rely strictly on Curve CSV.
[Info] Using user-specified root label 1 -> query node 3
  [FastestO Curve] run=1 frac=0.01 budget_n=11 est=3717
  [FastestO Curve] run=1 frac=0.05 budget_n=57 est=531
  [FastestO Curve] run=1 frac=0.075 budget_n=70 est=944
  [FastestO Curve] run=1 frac=0.1 budget_n=107 est=571.846
  [FastestO Curve] run=1 frac=0.15 budget_n=141 est=1173.79
  [FastestO Curve] run=1 frac=0.2 budget_n=184 est=576.279
  [FastestO Curve] run=1 frac=0.3 budget_n=248 est=1059.09
  [FastestO Curve] run=1 frac=0.4 budget_n=286 est=663.481
  [FastestO Curve] run=1 frac=0.5 budget_n=327 est=698.497
  [FastestO Curve] run=1 frac=0.6 budget_n=350 est=520.163
  [FastestO Curve] run=1 frac=0.7 budget_n=378 est=720.388
  [FastestO Curve] run=1 frac=0.8 budget_n=392 est=564.608
  [FastestO Curve] run=1 frac=0.9 budget_n=500 est=751.525
  [FastestO Curve] run=2 frac=0.01 budget_n=11 est=0
  [FastestO Curve] run=2 frac=0.05 budget_n=57 est=594.72
  [FastestO Curve] run=2 frac=0.075 budget_n=70 est=0
  [FastestO Curve] run=2 frac=0.1 budget_n=107 est=1016.62
  [FastestO Curve] run=2 frac=0.15 budget_n=141 est=194.353
  [FastestO Curve] run=2 frac=0.2 budget_n=184 est=1025.38
  [FastestO Curve] run=2 frac=0.3 budget_n=248 est=774.375
  [FastestO Curve] run=2 frac=0.4 budget_n=286 est=898.995
  [FastestO Curve] run=2 frac=0.5 budget_n=327 est=1143.69
  [FastestO Curve] run=2 frac=0.6 budget_n=350 est=808.532
  [FastestO Curve] run=2 frac=0.7 budget_n=378 est=852.923
  [FastestO Curve] run=2 frac=0.8 budget_n=392 est=571.062
  [FastestO Curve] run=2 frac=0.9 budget_n=500 est=786.551
  [FastestO Curve] run=3 frac=0.01 budget_n=11 est=0
  [FastestO Curve] run=3 frac=0.05 budget_n=57 est=959.226
  [FastestO Curve] run=3 frac=0.075 budget_n=70 est=1438.84
  [FastestO Curve] run=3 frac=0.1 budget_n=107 est=263.15
  [FastestO Curve] run=3 frac=0.15 budget_n=141 est=362.634
  [FastestO Curve] run=3 frac=0.2 budget_n=184 est=370.158
  [FastestO Curve] run=3 frac=0.3 budget_n=248 est=917.778
  [FastestO Curve] run=3 frac=0.4 budget_n=286 est=743.4
  [FastestO Curve] run=3 frac=0.5 budget_n=327 est=1074.8
  [FastestO Curve] run=3 frac=0.6 budget_n=350 est=1012.68
  [FastestO Curve] run=3 frac=0.7 budget_n=378 est=1123.53
  [FastestO Curve] run=3 frac=0.8 budget_n=392 est=1018.62
  [FastestO Curve] run=3 frac=0.9 budget_n=500 est=859.945
  [FastestO Curve] run=4 frac=0.01 budget_n=11 est=0
  [FastestO Curve] run=4 frac=0.05 budget_n=57 est=619.5
  [FastestO Curve] run=4 frac=0.075 budget_n=70 est=0
  [FastestO Curve] run=4 frac=0.1 budget_n=107 est=517.148
  [FastestO Curve] run=4 frac=0.15 budget_n=141 est=547.288
  [FastestO Curve] run=4 frac=0.2 budget_n=184 est=832.608
  [FastestO Curve] run=4 frac=0.3 budget_n=248 est=996.737
  [FastestO Curve] run=4 frac=0.4 budget_n=286 est=794.473
  [FastestO Curve] run=4 frac=0.5 budget_n=327 est=1047.04
  [FastestO Curve] run=4 frac=0.6 budget_n=350 est=1088.92
  [FastestO Curve] run=4 frac=0.7 budget_n=378 est=959.226
  [FastestO Curve] run=4 frac=0.8 budget_n=392 est=1324.12
  [FastestO Curve] run=4 frac=0.9 budget_n=500 est=945.429
  [FastestO Curve] run=5 frac=0.01 budget_n=11 est=0
  [FastestO Curve] run=5 frac=0.05 budget_n=57 est=1122.11
  [FastestO Curve] run=5 frac=0.075 budget_n=70 est=424.8
  [FastestO Curve] run=5 frac=0.1 budget_n=107 est=818.422
  [FastestO Curve] run=5 frac=0.15 budget_n=141 est=997.852
  [FastestO Curve] run=5 frac=0.2 budget_n=184 est=1254.68
  [FastestO Curve] run=5 frac=0.3 budget_n=248 est=683.586
  [FastestO Curve] run=5 frac=0.4 budget_n=286 est=1141.11
  [FastestO Curve] run=5 frac=0.5 budget_n=327 est=769.508
  [FastestO Curve] run=5 frac=0.6 budget_n=350 est=712.993
  [FastestO Curve] run=5 frac=0.7 budget_n=378 est=1122.11
  [FastestO Curve] run=5 frac=0.8 budget_n=392 est=826
  [FastestO Curve] run=5 frac=0.9 budget_n=500 est=830.069
  [Result] #CandTree           : 2.974e+04
  [Result] #TreeTrials         : 1218
  [Result] #TreeSuccess        : 34
  [Result] #UniqueOracleNodes  : 500.0000
  [Result] Truth               : 29192.0000
  [Result] Est                 : 830.0690
  [Result] logQError           : -1.5461
  [Result] TreeCountTime       : 5.3087
  [Result] QueryTime           : 1.9770
/home/wangshuo/projects/PROXY/datasets/parler-E/query_graph/query_cycle_8_10.graph Finished!

Start Processing (Multi-Predicate) /home/wangshuo/projects/PROXY/datasets/parler-E/query_graph/query_cycle_8_12.graph
[Info] Using explicit query nodes for predicates: 0 4 7 
[Info] FOIS_nrs base budget not found, will rely strictly on Curve CSV.
[Warning] Requested root label 1 not found in query. Falling back to default root 2
  [FastestO Curve] run=1 frac=0.01 budget_n=44 est=0
  [FastestO Curve] run=1 frac=0.05 budget_n=104 est=20216.4
  [FastestO Curve] run=1 frac=0.075 budget_n=162 est=24663
  [FastestO Curve] run=1 frac=0.1 budget_n=180 est=0
  [FastestO Curve] run=1 frac=0.15 budget_n=232 est=0
  [FastestO Curve] run=1 frac=0.2 budget_n=287 est=29245
  [FastestO Curve] run=1 frac=0.3 budget_n=405 est=11553.5
  [FastestO Curve] run=1 frac=0.4 budget_n=484 est=10173.2
  [FastestO Curve] run=1 frac=0.5 budget_n=536 est=20204.9
  [FastestO Curve] run=1 frac=0.6 budget_n=573 est=8650.21
  [FastestO Curve] run=1 frac=0.7 budget_n=603 est=17757.8
  [FastestO Curve] run=1 frac=0.8 budget_n=635 est=24332.7
  [FastestO Curve] run=1 frac=0.9 budget_n=500 est=20335.2
  [FastestO Curve] run=2 frac=0.01 budget_n=44 est=0
  [FastestO Curve] run=2 frac=0.05 budget_n=104 est=0
  [FastestO Curve] run=2 frac=0.075 budget_n=162 est=10906.7
  [FastestO Curve] run=2 frac=0.1 budget_n=180 est=27391.3
  [FastestO Curve] run=2 frac=0.15 budget_n=232 est=17440.9
  [FastestO Curve] run=2 frac=0.2 budget_n=287 est=9786.18
  [FastestO Curve] run=2 frac=0.3 budget_n=405 est=19293.4
  [FastestO Curve] run=2 frac=0.4 budget_n=484 est=22591.7
  [FastestO Curve] run=2 frac=0.5 budget_n=536 est=18829.1
  [FastestO Curve] run=2 frac=0.6 budget_n=573 est=18499.5
  [FastestO Curve] run=2 frac=0.7 budget_n=603 est=19759.1
  [FastestO Curve] run=2 frac=0.8 budget_n=635 est=22998.7
  [FastestO Curve] run=2 frac=0.9 budget_n=500 est=17200.6
  [FastestO Curve] run=3 frac=0.01 budget_n=44 est=0
  [FastestO Curve] run=3 frac=0.05 budget_n=104 est=37756.8
  [FastestO Curve] run=3 frac=0.075 budget_n=162 est=29386.2
  [FastestO Curve] run=3 frac=0.1 budget_n=180 est=8444.32
  [FastestO Curve] run=3 frac=0.15 budget_n=232 est=27238
  [FastestO Curve] run=3 frac=0.2 budget_n=287 est=31688.1
  [FastestO Curve] run=3 frac=0.3 budget_n=405 est=8866.39
  [FastestO Curve] run=3 frac=0.4 budget_n=484 est=9092.06
  [FastestO Curve] run=3 frac=0.5 budget_n=536 est=19987.1
  [FastestO Curve] run=3 frac=0.6 budget_n=573 est=14900.3
  [FastestO Curve] run=3 frac=0.7 budget_n=603 est=17072.8
  [FastestO Curve] run=3 frac=0.8 budget_n=635 est=11489.2
  [FastestO Curve] run=3 frac=0.9 budget_n=500 est=10899.3
  [FastestO Curve] run=4 frac=0.01 budget_n=44 est=63466.6
  [FastestO Curve] run=4 frac=0.05 budget_n=104 est=17742.9
  [FastestO Curve] run=4 frac=0.075 budget_n=162 est=31746.2
  [FastestO Curve] run=4 frac=0.1 budget_n=180 est=8731.19
  [FastestO Curve] run=4 frac=0.15 budget_n=232 est=20148.4
  [FastestO Curve] run=4 frac=0.2 budget_n=287 est=13763.4
  [FastestO Curve] run=4 frac=0.3 budget_n=405 est=16597.1
  [FastestO Curve] run=4 frac=0.4 budget_n=484 est=16022.1
  [FastestO Curve] run=4 frac=0.5 budget_n=536 est=15537.4
  [FastestO Curve] run=4 frac=0.6 budget_n=573 est=17413.9
  [FastestO Curve] run=4 frac=0.7 budget_n=603 est=28673.6
  [FastestO Curve] run=4 frac=0.8 budget_n=635 est=12442.2
  [FastestO Curve] run=4 frac=0.9 budget_n=500 est=8634.19
  [FastestO Curve] run=5 frac=0.01 budget_n=44 est=0
  [FastestO Curve] run=5 frac=0.05 budget_n=104 est=46602.9
  [FastestO Curve] run=5 frac=0.075 budget_n=162 est=19914
  [FastestO Curve] run=5 frac=0.1 budget_n=180 est=25777.4
  [FastestO Curve] run=5 frac=0.15 budget_n=232 est=13308.3
  [FastestO Curve] run=5 frac=0.2 budget_n=287 est=9903.79
  [FastestO Curve] run=5 frac=0.3 budget_n=405 est=11181.5
  [FastestO Curve] run=5 frac=0.4 budget_n=484 est=20304.9
  [FastestO Curve] run=5 frac=0.5 budget_n=536 est=8297.48
  [FastestO Curve] run=5 frac=0.6 budget_n=573 est=22727.3
  [FastestO Curve] run=5 frac=0.7 budget_n=603 est=28798.3
  [FastestO Curve] run=5 frac=0.8 budget_n=635 est=14807.7
  [FastestO Curve] run=5 frac=0.9 budget_n=500 est=13902.4
  [Result] #CandTree           : 2.596e+07
  [Result] #TreeTrials         : 13070
  [Result] #TreeSuccess        : 7
  [Result] #UniqueOracleNodes  : 500.0000
  [Result] Truth               : 1628441.0000
  [Result] Est                 : 13902.4360
  [Result] logQError           : -2.0687
  [Result] TreeCountTime       : 8.7385
  [Result] QueryTime           : 6.0738
/home/wangshuo/projects/PROXY/datasets/parler-E/query_graph/query_cycle_8_12.graph Finished!

Start Processing (Multi-Predicate) /home/wangshuo/projects/PROXY/datasets/parler-E/query_graph/query_cycle_8_18.graph
[Info] Using explicit query nodes for predicates: 2 6 
[Info] FOIS_nrs base budget not found, will rely strictly on Curve CSV.
[Warning] Requested root label 1 not found in query. Falling back to default root 0
  [FastestO Curve] run=1 frac=0.01 budget_n=23 est=0
  [FastestO Curve] run=1 frac=0.05 budget_n=74 est=1105.81
  [FastestO Curve] run=1 frac=0.075 budget_n=106 est=799.723
  [FastestO Curve] run=1 frac=0.1 budget_n=144 est=1038.36
  [FastestO Curve] run=1 frac=0.15 budget_n=202 est=781.898
  [FastestO Curve] run=1 frac=0.2 budget_n=262 est=599.515
  [FastestO Curve] run=1 frac=0.3 budget_n=375 est=593.561
  [FastestO Curve] run=1 frac=0.4 budget_n=467 est=863.673
  [FastestO Curve] run=1 frac=0.5 budget_n=552 est=745.948
  [FastestO Curve] run=1 frac=0.6 budget_n=646 est=884.693
  [FastestO Curve] run=1 frac=0.7 budget_n=732 est=852.32
  [FastestO Curve] run=1 frac=0.8 budget_n=830 est=860.974
  [FastestO Curve] run=1 frac=0.9 budget_n=500 est=790.457
  [FastestO Curve] run=2 frac=0.01 budget_n=23 est=0
  [FastestO Curve] run=2 frac=0.05 budget_n=74 est=1281.93
  [FastestO Curve] run=2 frac=0.075 budget_n=106 est=500.173
  [FastestO Curve] run=2 frac=0.1 budget_n=144 est=1193.52
  [FastestO Curve] run=2 frac=0.15 budget_n=202 est=600.439
  [FastestO Curve] run=2 frac=0.2 budget_n=262 est=897.529
  [FastestO Curve] run=2 frac=0.3 budget_n=375 est=1027.48
  [FastestO Curve] run=2 frac=0.4 budget_n=467 est=908.001
  [FastestO Curve] run=2 frac=0.5 budget_n=552 est=742.747
  [FastestO Curve] run=2 frac=0.6 budget_n=646 est=858.491
  [FastestO Curve] run=2 frac=0.7 budget_n=732 est=878.279
  [FastestO Curve] run=2 frac=0.8 budget_n=830 est=908.565
  [FastestO Curve] run=2 frac=0.9 budget_n=500 est=813.173
  [FastestO Curve] run=3 frac=0.01 budget_n=23 est=0
  [FastestO Curve] run=3 frac=0.05 budget_n=74 est=461.493
  [FastestO Curve] run=3 frac=0.075 budget_n=106 est=640.963
  [FastestO Curve] run=3 frac=0.1 budget_n=144 est=745.948
  [FastestO Curve] run=3 frac=0.15 budget_n=202 est=704.724
  [FastestO Curve] run=3 frac=0.2 budget_n=262 est=765.752
  [FastestO Curve] run=3 frac=0.3 budget_n=375 est=885.692
  [FastestO Curve] run=3 frac=0.4 budget_n=467 est=936.417
  [FastestO Curve] run=3 frac=0.5 budget_n=552 est=703.753
  [FastestO Curve] run=3 frac=0.6 budget_n=646 est=859.425
  [FastestO Curve] run=3 frac=0.7 budget_n=732 est=843.668
  [FastestO Curve] run=3 frac=0.8 budget_n=830 est=822.035
  [FastestO Curve] run=3 frac=0.9 budget_n=500 est=773.803
  [FastestO Curve] run=4 frac=0.01 budget_n=23 est=0
  [FastestO Curve] run=4 frac=0.05 budget_n=74 est=0
  [FastestO Curve] run=4 frac=0.075 budget_n=106 est=827.247
  [FastestO Curve] run=4 frac=0.1 budget_n=144 est=910.842
  [FastestO Curve] run=4 frac=0.15 budget_n=202 est=754.622
  [FastestO Curve] run=4 frac=0.2 budget_n=262 est=824.095
  [FastestO Curve] run=4 frac=0.3 budget_n=375 est=987.114
  [FastestO Curve] run=4 frac=0.4 budget_n=467 est=772.285
  [FastestO Curve] run=4 frac=0.5 budget_n=552 est=761.599
  [FastestO Curve] run=4 frac=0.6 budget_n=646 est=766.331
  [FastestO Curve] run=4 frac=0.7 budget_n=732 est=839.341
  [FastestO Curve] run=4 frac=0.8 budget_n=830 est=800.402
  [FastestO Curve] run=4 frac=0.9 budget_n=500 est=935.572
  [FastestO Curve] run=5 frac=0.01 budget_n=23 est=1545.18
  [FastestO Curve] run=5 frac=0.05 budget_n=74 est=1088.43
  [FastestO Curve] run=5 frac=0.075 budget_n=106 est=850
  [FastestO Curve] run=5 frac=0.1 budget_n=144 est=583.348
  [FastestO Curve] run=5 frac=0.15 budget_n=202 est=748.252
  [FastestO Curve] run=5 frac=0.2 budget_n=262 est=826.6
  [FastestO Curve] run=5 frac=0.3 budget_n=375 est=813.443
  [FastestO Curve] run=5 frac=0.4 budget_n=467 est=716.919
  [FastestO Curve] run=5 frac=0.5 budget_n=552 est=672.031
  [FastestO Curve] run=5 frac=0.6 budget_n=646 est=981.502
  [FastestO Curve] run=5 frac=0.7 budget_n=732 est=765.791
  [FastestO Curve] run=5 frac=0.8 budget_n=830 est=826.361
  [FastestO Curve] run=5 frac=0.9 budget_n=500 est=764.798
  [Result] #CandTree           : 8.653e+04
  [Result] #TreeTrials         : 8825
  [Result] #TreeSuccess        : 78
  [Result] #UniqueOracleNodes  : 500.0000
  [Result] Truth               : 41135.0000
  [Result] Est                 : 764.7977
  [Result] logQError           : -1.7307
  [Result] TreeCountTime       : 5.6405
  [Result] QueryTime           : 6.3518
/home/wangshuo/projects/PROXY/datasets/parler-E/query_graph/query_cycle_8_18.graph Finished!

Start Processing (Multi-Predicate) /home/wangshuo/projects/PROXY/datasets/parler-E/query_graph/query_cycle_8_19.graph
[Info] Using explicit query nodes for predicates: 0 2 3 5 6 
[Info] FOIS_nrs base budget not found, will rely strictly on Curve CSV.
[Info] Using user-specified root label 1 -> query node 4
  [FastestO Curve] run=1 frac=0.01 budget_n=350 est=0
  [FastestO Curve] run=1 frac=0.05 budget_n=942 est=70443.6
  [FastestO Curve] run=1 frac=0.075 budget_n=1130 est=0
  [FastestO Curve] run=1 frac=0.1 budget_n=1325 est=184066
  [FastestO Curve] run=1 frac=0.15 budget_n=1642 est=221009
  [FastestO Curve] run=1 frac=0.2 budget_n=1893 est=206971
  [FastestO Curve] run=1 frac=0.3 budget_n=2333 est=178593
  [FastestO Curve] run=1 frac=0.4 budget_n=2670 est=176781
  [FastestO Curve] run=1 frac=0.5 budget_n=2948 est=236007
  [FastestO Curve] run=1 frac=0.6 budget_n=3150 est=119716
  [FastestO Curve] run=1 frac=0.7 budget_n=3369 est=148706
  [FastestO Curve] run=1 frac=0.8 budget_n=3527 est=125139
  [FastestO Curve] run=1 frac=0.9 budget_n=500 est=293035
  [FastestO Curve] run=2 frac=0.01 budget_n=350 est=222046
  [FastestO Curve] run=2 frac=0.05 budget_n=942 est=272050
  [FastestO Curve] run=2 frac=0.075 budget_n=1130 est=181349
  [FastestO Curve] run=2 frac=0.1 budget_n=1325 est=140845
  [FastestO Curve] run=2 frac=0.15 budget_n=1642 est=110659
  [FastestO Curve] run=2 frac=0.2 budget_n=1893 est=256022
  [FastestO Curve] run=2 frac=0.3 budget_n=2333 est=131050
  [FastestO Curve] run=2 frac=0.4 budget_n=2670 est=146144
  [FastestO Curve] run=2 frac=0.5 budget_n=2948 est=106502
  [FastestO Curve] run=2 frac=0.6 budget_n=3150 est=148678
  [FastestO Curve] run=2 frac=0.7 budget_n=3369 est=260645
  [FastestO Curve] run=2 frac=0.8 budget_n=3527 est=210322
  [FastestO Curve] run=2 frac=0.9 budget_n=500 est=313425
  [FastestO Curve] run=3 frac=0.01 budget_n=350 est=226513
  [FastestO Curve] run=3 frac=0.05 budget_n=942 est=289803
  [FastestO Curve] run=3 frac=0.075 budget_n=1130 est=237967
  [FastestO Curve] run=3 frac=0.1 budget_n=1325 est=147064
  [FastestO Curve] run=3 frac=0.15 budget_n=1642 est=366805
  [FastestO Curve] run=3 frac=0.2 budget_n=1893 est=120576
  [FastestO Curve] run=3 frac=0.3 budget_n=2333 est=153530
  [FastestO Curve] run=3 frac=0.4 budget_n=2670 est=147477
  [FastestO Curve] run=3 frac=0.5 budget_n=2948 est=202713
  [FastestO Curve] run=3 frac=0.6 budget_n=3150 est=231642
  [FastestO Curve] run=3 frac=0.7 budget_n=3369 est=86717.8
  [FastestO Curve] run=3 frac=0.8 budget_n=3527 est=217213
  [FastestO Curve] run=3 frac=0.9 budget_n=500 est=146518
  [FastestO Curve] run=4 frac=0.01 budget_n=350 est=0
  [FastestO Curve] run=4 frac=0.05 budget_n=942 est=76013.9
  [FastestO Curve] run=4 frac=0.075 budget_n=1130 est=412087
  [FastestO Curve] run=4 frac=0.1 budget_n=1325 est=221174
  [FastestO Curve] run=4 frac=0.15 budget_n=1642 est=331513
  [FastestO Curve] run=4 frac=0.2 budget_n=1893 est=285707
  [FastestO Curve] run=4 frac=0.3 budget_n=2333 est=133115
  [FastestO Curve] run=4 frac=0.4 budget_n=2670 est=215079
  [FastestO Curve] run=4 frac=0.5 budget_n=2948 est=162395
  [FastestO Curve] run=4 frac=0.6 budget_n=3150 est=180508
  [FastestO Curve] run=4 frac=0.7 budget_n=3369 est=338042
  [FastestO Curve] run=4 frac=0.8 budget_n=3527 est=140761
  [FastestO Curve] run=4 frac=0.9 budget_n=500 est=152175
  [FastestO Curve] run=5 frac=0.01 budget_n=350 est=480649
  [FastestO Curve] run=5 frac=0.05 budget_n=942 est=145975
  [FastestO Curve] run=5 frac=0.075 budget_n=1130 est=467218
  [FastestO Curve] run=5 frac=0.1 budget_n=1325 est=96778.9
  [FastestO Curve] run=5 frac=0.15 budget_n=1642 est=262006
  [FastestO Curve] run=5 frac=0.2 budget_n=1893 est=259677
  [FastestO Curve] run=5 frac=0.3 budget_n=2333 est=131670
  [FastestO Curve] run=5 frac=0.4 budget_n=2670 est=87897.5
  [FastestO Curve] run=5 frac=0.5 budget_n=2948 est=153002
  [FastestO Curve] run=5 frac=0.6 budget_n=3150 est=158551
  [FastestO Curve] run=5 frac=0.7 budget_n=3369 est=152129
  [FastestO Curve] run=5 frac=0.8 budget_n=3527 est=148708
  [FastestO Curve] run=5 frac=0.9 budget_n=500 est=165255
  [Result] #CandTree           : 7.883e+07
  [Result] #TreeTrials         : 477
  [Result] #TreeSuccess        : 1
  [Result] #UniqueOracleNodes  : 500.0000
  [Result] Truth               : 46558745.0000
  [Result] Est                 : 165254.5807
  [Result] logQError           : -2.4498
  [Result] TreeCountTime       : 30.8893
  [Result] QueryTime           : 1.3230
/home/wangshuo/projects/PROXY/datasets/parler-E/query_graph/query_cycle_8_19.graph Finished!

Start Processing (Multi-Predicate) /home/wangshuo/projects/PROXY/datasets/parler-E/query_graph/query_cycle_8_20.graph
[Info] Using explicit query nodes for predicates: 1 4 7 
[Info] FOIS_nrs base budget not found, will rely strictly on Curve CSV.
[Info] Using user-specified root label 1 -> query node 3
  [FastestO Curve] run=1 frac=0.01 budget_n=131 est=0
  [FastestO Curve] run=1 frac=0.05 budget_n=378 est=35398.6
  [FastestO Curve] run=1 frac=0.075 budget_n=504 est=71607.5
  [FastestO Curve] run=1 frac=0.1 budget_n=600 est=79168.9
  [FastestO Curve] run=1 frac=0.15 budget_n=780 est=175585
  [FastestO Curve] run=1 frac=0.2 budget_n=916 est=79458.9
  [FastestO Curve] run=1 frac=0.3 budget_n=1164 est=128991
  [FastestO Curve] run=1 frac=0.4 budget_n=1288 est=120767
  [FastestO Curve] run=1 frac=0.5 budget_n=1392 est=111129
  [FastestO Curve] run=1 frac=0.6 budget_n=1480 est=121677
  [FastestO Curve] run=1 frac=0.7 budget_n=1538 est=87131.6
  [FastestO Curve] run=1 frac=0.8 budget_n=1608 est=113120
  [FastestO Curve] run=1 frac=0.9 budget_n=500 est=101937
  [FastestO Curve] run=2 frac=0.01 budget_n=131 est=121051
  [FastestO Curve] run=2 frac=0.05 budget_n=378 est=34497.9
  [FastestO Curve] run=2 frac=0.075 budget_n=504 est=121051
  [FastestO Curve] run=2 frac=0.1 budget_n=600 est=35962
  [FastestO Curve] run=2 frac=0.15 budget_n=780 est=208179
  [FastestO Curve] run=2 frac=0.2 budget_n=916 est=126216
  [FastestO Curve] run=2 frac=0.3 budget_n=1164 est=158702
  [FastestO Curve] run=2 frac=0.4 budget_n=1288 est=127574
  [FastestO Curve] run=2 frac=0.5 budget_n=1392 est=109673
  [FastestO Curve] run=2 frac=0.6 budget_n=1480 est=116076
  [FastestO Curve] run=2 frac=0.7 budget_n=1538 est=161897
  [FastestO Curve] run=2 frac=0.8 budget_n=1608 est=101240
  [FastestO Curve] run=2 frac=0.9 budget_n=500 est=78519.4
  [FastestO Curve] run=3 frac=0.01 budget_n=131 est=271154
  [FastestO Curve] run=3 frac=0.05 budget_n=378 est=110225
  [FastestO Curve] run=3 frac=0.075 budget_n=504 est=95814
  [FastestO Curve] run=3 frac=0.1 budget_n=600 est=137343
  [FastestO Curve] run=3 frac=0.15 budget_n=780 est=107815
  [FastestO Curve] run=3 frac=0.2 budget_n=916 est=99909.2
  [FastestO Curve] run=3 frac=0.3 budget_n=1164 est=123626
  [FastestO Curve] run=3 frac=0.4 budget_n=1288 est=63787.2
  [FastestO Curve] run=3 frac=0.5 budget_n=1392 est=105919
  [FastestO Curve] run=3 frac=0.6 budget_n=1480 est=116877
  [FastestO Curve] run=3 frac=0.7 budget_n=1538 est=104034
  [FastestO Curve] run=3 frac=0.8 budget_n=1608 est=89221.9
  [FastestO Curve] run=3 frac=0.9 budget_n=500 est=79439.5
  [FastestO Curve] run=4 frac=0.01 budget_n=131 est=135577
  [FastestO Curve] run=4 frac=0.05 budget_n=378 est=72307.6
  [FastestO Curve] run=4 frac=0.075 budget_n=504 est=163910
  [FastestO Curve] run=4 frac=0.1 budget_n=600 est=90264.2
  [FastestO Curve] run=4 frac=0.15 budget_n=780 est=160288
  [FastestO Curve] run=4 frac=0.2 budget_n=916 est=73341.4
  [FastestO Curve] run=4 frac=0.3 budget_n=1164 est=98909.6
  [FastestO Curve] run=4 frac=0.4 budget_n=1288 est=91877.5
  [FastestO Curve] run=4 frac=0.5 budget_n=1392 est=116351
  [FastestO Curve] run=4 frac=0.6 budget_n=1480 est=140737
  [FastestO Curve] run=4 frac=0.7 budget_n=1538 est=161127
  [FastestO Curve] run=4 frac=0.8 budget_n=1608 est=128765
  [FastestO Curve] run=4 frac=0.9 budget_n=500 est=123701
  [FastestO Curve] run=5 frac=0.01 budget_n=131 est=131628
  [FastestO Curve] run=5 frac=0.05 budget_n=378 est=146967
  [FastestO Curve] run=5 frac=0.075 budget_n=504 est=125534
  [FastestO Curve] run=5 frac=0.1 budget_n=600 est=118580
  [FastestO Curve] run=5 frac=0.15 budget_n=780 est=147804
  [FastestO Curve] run=5 frac=0.2 budget_n=916 est=108288
  [FastestO Curve] run=5 frac=0.3 budget_n=1164 est=120216
  [FastestO Curve] run=5 frac=0.4 budget_n=1288 est=161401
  [FastestO Curve] run=5 frac=0.5 budget_n=1392 est=95618.4
  [FastestO Curve] run=5 frac=0.6 budget_n=1480 est=106389
  [FastestO Curve] run=5 frac=0.7 budget_n=1538 est=125494
  [FastestO Curve] run=5 frac=0.8 budget_n=1608 est=114445
  [FastestO Curve] run=5 frac=0.9 budget_n=500 est=130866
  [Result] #CandTree           : 1.356e+07
  [Result] #TreeTrials         : 518
  [Result] #TreeSuccess        : 5
  [Result] #UniqueOracleNodes  : 500.0000
  [Result] Truth               : 13001153.0000
  [Result] Est                 : 130865.6178
  [Result] logQError           : -1.9972
  [Result] TreeCountTime       : 31.4204
  [Result] QueryTime           : 1.2104
/home/wangshuo/projects/PROXY/datasets/parler-E/query_graph/query_cycle_8_20.graph Finished!

Start Processing (Multi-Predicate) /home/wangshuo/projects/PROXY/datasets/parler-E/query_graph/query_cycle_8_23.graph
[Info] Using explicit query nodes for predicates: 0 2 6 
[Info] FOIS_nrs base budget not found, will rely strictly on Curve CSV.
[Warning] Requested root label 1 not found in query. Falling back to default root 1
  [FastestO Curve] run=1 frac=0.01 budget_n=27 est=512.181
  [FastestO Curve] run=1 frac=0.05 budget_n=70 est=263.198
  [FastestO Curve] run=1 frac=0.075 budget_n=77 est=277.271
  [FastestO Curve] run=1 frac=0.1 budget_n=82 est=266.556
  [FastestO Curve] run=1 frac=0.15 budget_n=90 est=148.172
  [FastestO Curve] run=1 frac=0.2 budget_n=92 est=208.502
  [FastestO Curve] run=1 frac=0.3 budget_n=104 est=247.076
  [FastestO Curve] run=1 frac=0.4 budget_n=110 est=232.325
  [FastestO Curve] run=1 frac=0.5 budget_n=108 est=223.106
  [FastestO Curve] run=1 frac=0.6 budget_n=114 est=224.95
  [FastestO Curve] run=1 frac=0.7 budget_n=117 est=265.514
  [FastestO Curve] run=1 frac=0.8 budget_n=119 est=237.857
  [FastestO Curve] run=1 frac=0.9 budget_n=500 est=224.95
  [FastestO Curve] run=2 frac=0.01 budget_n=27 est=419.057
  [FastestO Curve] run=2 frac=0.05 budget_n=70 est=213.573
  [FastestO Curve] run=2 frac=0.075 budget_n=77 est=235.586
  [FastestO Curve] run=2 frac=0.1 budget_n=82 est=390.769
  [FastestO Curve] run=2 frac=0.15 budget_n=90 est=280.789
  [FastestO Curve] run=2 frac=0.2 budget_n=92 est=296.333
  [FastestO Curve] run=2 frac=0.3 budget_n=104 est=241.544
  [FastestO Curve] run=2 frac=0.4 budget_n=110 est=228.637
  [FastestO Curve] run=2 frac=0.5 budget_n=108 est=248.92
  [FastestO Curve] run=2 frac=0.6 budget_n=114 est=232.325
  [FastestO Curve] run=2 frac=0.7 budget_n=117 est=250.764
  [FastestO Curve] run=2 frac=0.8 budget_n=119 est=234.169
  [FastestO Curve] run=2 frac=0.9 budget_n=500 est=271.046
  [FastestO Curve] run=3 frac=0.01 budget_n=27 est=370.623
  [FastestO Curve] run=3 frac=0.05 budget_n=70 est=186.247
  [FastestO Curve] run=3 frac=0.075 budget_n=77 est=202.823
  [FastestO Curve] run=3 frac=0.1 budget_n=82 est=183.671
  [FastestO Curve] run=3 frac=0.15 budget_n=90 est=252.027
  [FastestO Curve] run=3 frac=0.2 budget_n=92 est=212.577
  [FastestO Curve] run=3 frac=0.3 budget_n=104 est=241.544
  [FastestO Curve] run=3 frac=0.4 budget_n=110 est=226.794
  [FastestO Curve] run=3 frac=0.5 budget_n=108 est=206.511
  [FastestO Curve] run=3 frac=0.6 budget_n=114 est=261.827
  [FastestO Curve] run=3 frac=0.7 budget_n=117 est=241.544
  [FastestO Curve] run=3 frac=0.8 budget_n=119 est=213.887
  [FastestO Curve] run=3 frac=0.9 budget_n=500 est=232.325
  [FastestO Curve] run=4 frac=0.01 budget_n=27 est=0
  [FastestO Curve] run=4 frac=0.05 budget_n=70 est=187.193
  [FastestO Curve] run=4 frac=0.075 budget_n=77 est=248.281
  [FastestO Curve] run=4 frac=0.1 budget_n=82 est=120.148
  [FastestO Curve] run=4 frac=0.15 budget_n=90 est=228.722
  [FastestO Curve] run=4 frac=0.2 budget_n=92 est=262.926
  [FastestO Curve] run=4 frac=0.3 budget_n=104 est=243.388
  [FastestO Curve] run=4 frac=0.4 budget_n=110 est=217.574
  [FastestO Curve] run=4 frac=0.5 budget_n=108 est=258.139
  [FastestO Curve] run=4 frac=0.6 budget_n=114 est=250.764
  [FastestO Curve] run=4 frac=0.7 budget_n=117 est=230.481
  [FastestO Curve] run=4 frac=0.8 budget_n=119 est=219.418
  [FastestO Curve] run=4 frac=0.9 budget_n=500 est=259.983
  [FastestO Curve] run=5 frac=0.01 budget_n=27 est=0
  [FastestO Curve] run=5 frac=0.05 budget_n=70 est=348.115
  [FastestO Curve] run=5 frac=0.075 budget_n=77 est=189.113
  [FastestO Curve] run=5 frac=0.1 budget_n=82 est=196.528
  [FastestO Curve] run=5 frac=0.15 budget_n=90 est=290.168
  [FastestO Curve] run=5 frac=0.2 budget_n=92 est=226.02
  [FastestO Curve] run=5 frac=0.3 budget_n=104 est=215.73
  [FastestO Curve] run=5 frac=0.4 budget_n=110 est=248.92
  [FastestO Curve] run=5 frac=0.5 budget_n=108 est=221.262
  [FastestO Curve] run=5 frac=0.6 budget_n=114 est=259.983
  [FastestO Curve] run=5 frac=0.7 budget_n=117 est=223.106
  [FastestO Curve] run=5 frac=0.8 budget_n=119 est=259.983
  [FastestO Curve] run=5 frac=0.9 budget_n=500 est=224.95
  [Result] #CandTree           : 3.688e+04
  [Result] #TreeTrials         : 20000
  [Result] #TreeSuccess        : 122
  [Result] #UniqueOracleNodes  : 103.0000
  [Result] Truth               : 27508.0000
  [Result] Est                 : 224.9497
  [Result] logQError           : -2.0874
  [Result] TreeCountTime       : 8.7345
  [Result] QueryTime           : 17.6932
/home/wangshuo/projects/PROXY/datasets/parler-E/query_graph/query_cycle_8_23.graph Finished!

Start Processing (Multi-Predicate) /home/wangshuo/projects/PROXY/datasets/parler-E/query_graph/query_cycle_8_24.graph
[Info] Using explicit query nodes for predicates: 2 3 6 
[Info] FOIS_nrs base budget not found, will rely strictly on Curve CSV.
[Info] Using user-specified root label 1 -> query node 1
  [FastestO Curve] run=1 frac=0.01 budget_n=110 est=843885
  [FastestO Curve] run=1 frac=0.05 budget_n=338 est=327533
  [FastestO Curve] run=1 frac=0.075 budget_n=462 est=425466
  [FastestO Curve] run=1 frac=0.1 budget_n=566 est=462795
  [FastestO Curve] run=1 frac=0.15 budget_n=790 est=349269
  [FastestO Curve] run=1 frac=0.2 budget_n=959 est=445327
  [FastestO Curve] run=1 frac=0.3 budget_n=1412 est=372613
  [FastestO Curve] run=1 frac=0.4 budget_n=1776 est=406141
  [FastestO Curve] run=1 frac=0.5 budget_n=2112 est=410508
  [FastestO Curve] run=1 frac=0.6 budget_n=2393 est=419242
  [FastestO Curve] run=1 frac=0.7 budget_n=2616 est=449812
  [FastestO Curve] run=1 frac=0.8 budget_n=2796 est=393040
  [FastestO Curve] run=1 frac=0.9 budget_n=500 est=546571
  [FastestO Curve] run=2 frac=0.01 budget_n=110 est=0
  [FastestO Curve] run=2 frac=0.05 budget_n=338 est=98915.2
  [FastestO Curve] run=2 frac=0.075 budget_n=462 est=236219
  [FastestO Curve] run=2 frac=0.1 budget_n=566 est=521304
  [FastestO Curve] run=2 frac=0.15 budget_n=790 est=586531
  [FastestO Curve] run=2 frac=0.2 budget_n=959 est=480488
  [FastestO Curve] run=2 frac=0.3 budget_n=1412 est=402035
  [FastestO Curve] run=2 frac=0.4 budget_n=1776 est=454179
  [FastestO Curve] run=2 frac=0.5 budget_n=2112 est=341428
  [FastestO Curve] run=2 frac=0.6 budget_n=2393 est=445445
  [FastestO Curve] run=2 frac=0.7 budget_n=2616 est=519686
  [FastestO Curve] run=2 frac=0.8 budget_n=2796 est=406141
  [FastestO Curve] run=2 frac=0.9 budget_n=500 est=99648.7
  [FastestO Curve] run=3 frac=0.01 budget_n=110 est=430257
  [FastestO Curve] run=3 frac=0.05 budget_n=338 est=418907
  [FastestO Curve] run=3 frac=0.075 budget_n=462 est=560604
  [FastestO Curve] run=3 frac=0.1 budget_n=566 est=280242
  [FastestO Curve] run=3 frac=0.15 budget_n=790 est=423870
  [FastestO Curve] run=3 frac=0.2 budget_n=959 est=552122
  [FastestO Curve] run=3 frac=0.3 budget_n=1412 est=480122
  [FastestO Curve] run=3 frac=0.4 budget_n=1776 est=437851
  [FastestO Curve] run=3 frac=0.5 budget_n=2112 est=545888
  [FastestO Curve] run=3 frac=0.6 budget_n=2393 est=419242
  [FastestO Curve] run=3 frac=0.7 budget_n=2616 est=427976
  [FastestO Curve] run=3 frac=0.8 budget_n=2796 est=441078
  [FastestO Curve] run=3 frac=0.9 budget_n=500 est=820114
  [FastestO Curve] run=4 frac=0.01 budget_n=110 est=352186
  [FastestO Curve] run=4 frac=0.05 budget_n=338 est=411991
  [FastestO Curve] run=4 frac=0.075 budget_n=462 est=260528
  [FastestO Curve] run=4 frac=0.1 budget_n=566 est=448829
  [FastestO Curve] run=4 frac=0.15 budget_n=790 est=386898
  [FastestO Curve] run=4 frac=0.2 budget_n=959 est=495636
  [FastestO Curve] run=4 frac=0.3 budget_n=1412 est=492346
  [FastestO Curve] run=4 frac=0.4 budget_n=1776 est=472602
  [FastestO Curve] run=4 frac=0.5 budget_n=2112 est=493483
  [FastestO Curve] run=4 frac=0.6 budget_n=2393 est=384305
  [FastestO Curve] run=4 frac=0.7 budget_n=2616 est=406141
  [FastestO Curve] run=4 frac=0.8 budget_n=2796 est=480382
  [FastestO Curve] run=4 frac=0.9 budget_n=500 est=632081
  [FastestO Curve] run=5 frac=0.01 budget_n=110 est=0
  [FastestO Curve] run=5 frac=0.05 budget_n=338 est=210717
  [FastestO Curve] run=5 frac=0.075 budget_n=462 est=330591
  [FastestO Curve] run=5 frac=0.1 budget_n=566 est=393630
  [FastestO Curve] run=5 frac=0.15 budget_n=790 est=428965
  [FastestO Curve] run=5 frac=0.2 budget_n=959 est=416095
  [FastestO Curve] run=5 frac=0.3 budget_n=1412 est=503413
  [FastestO Curve] run=5 frac=0.4 budget_n=1776 est=414875
  [FastestO Curve] run=5 frac=0.5 budget_n=2112 est=361846
  [FastestO Curve] run=5 frac=0.6 budget_n=2393 est=419242
  [FastestO Curve] run=5 frac=0.7 budget_n=2616 est=361126
  [FastestO Curve] run=5 frac=0.8 budget_n=2796 est=519686
  [FastestO Curve] run=5 frac=0.9 budget_n=500 est=420781
  [Result] #CandTree           : 8.734e+07
  [Result] #TreeTrials         : 1453
  [Result] #TreeSuccess        : 7
  [Result] #UniqueOracleNodes  : 500.0000
  [Result] Truth               : 59803383.0000
  [Result] Est                 : 420781.0275
  [Result] logQError           : -2.1527
  [Result] TreeCountTime       : 26.3976
  [Result] QueryTime           : 4.1902
/home/wangshuo/projects/PROXY/datasets/parler-E/query_graph/query_cycle_8_24.graph Finished!

Start Processing (Multi-Predicate) /home/wangshuo/projects/PROXY/datasets/parler-E/query_graph/query_cycle_8_26.graph
[Info] Using explicit query nodes for predicates: 0 2 3 5 
[Info] FOIS_nrs base budget not found, will rely strictly on Curve CSV.
[Info] Using user-specified root label 1 -> query node 4
  [FastestO Curve] run=1 frac=0.01 budget_n=83 est=0
  [FastestO Curve] run=1 frac=0.05 budget_n=261 est=65.1208
  [FastestO Curve] run=1 frac=0.075 budget_n=344 est=72.7106
  [FastestO Curve] run=1 frac=0.1 budget_n=429 est=71.4959
  [FastestO Curve] run=1 frac=0.15 budget_n=575 est=67.5817
  [FastestO Curve] run=1 frac=0.2 budget_n=698 est=92.8876
  [FastestO Curve] run=1 frac=0.3 budget_n=970 est=79.8901
  [FastestO Curve] run=1 frac=0.4 budget_n=1184 est=73.9841
  [FastestO Curve] run=1 frac=0.5 budget_n=1370 est=71.2347
  [FastestO Curve] run=1 frac=0.6 budget_n=1508 est=65.8921
  [FastestO Curve] run=1 frac=0.7 budget_n=1667 est=92.8876
  [FastestO Curve] run=1 frac=0.8 budget_n=1782 est=75.8471
  [FastestO Curve] run=1 frac=0.9 budget_n=500 est=73.5892
  [FastestO Curve] run=2 frac=0.01 budget_n=83 est=0
  [FastestO Curve] run=2 frac=0.05 budget_n=261 est=67.9169
  [FastestO Curve] run=2 frac=0.075 budget_n=344 est=64.8196
  [FastestO Curve] run=2 frac=0.1 budget_n=429 est=68.0619
  [FastestO Curve] run=2 frac=0.15 budget_n=575 est=65.6869
  [FastestO Curve] run=2 frac=0.2 budget_n=698 est=82.3652
  [FastestO Curve] run=2 frac=0.3 budget_n=970 est=70.2849
  [FastestO Curve] run=2 frac=0.4 budget_n=1184 est=74.7712
  [FastestO Curve] run=2 frac=0.5 budget_n=1370 est=82.3652
  [FastestO Curve] run=2 frac=0.6 budget_n=1508 est=68.4594
  [FastestO Curve] run=2 frac=0.7 budget_n=1667 est=88.2238
  [FastestO Curve] run=2 frac=0.8 budget_n=1782 est=67.5817
  [FastestO Curve] run=2 frac=0.9 budget_n=500 est=70.0833
  [FastestO Curve] run=3 frac=0.01 budget_n=83 est=0
  [FastestO Curve] run=3 frac=0.05 budget_n=261 est=0
  [FastestO Curve] run=3 frac=0.075 budget_n=344 est=107.85
  [FastestO Curve] run=3 frac=0.1 budget_n=429 est=51.0598
  [FastestO Curve] run=3 frac=0.15 budget_n=575 est=62.1782
  [FastestO Curve] run=3 frac=0.2 budget_n=698 est=72.9601
  [FastestO Curve] run=3 frac=0.3 budget_n=970 est=68.2378
  [FastestO Curve] run=3 frac=0.4 budget_n=1184 est=78.6772
  [FastestO Curve] run=3 frac=0.5 budget_n=1370 est=71.7193
  [FastestO Curve] run=3 frac=0.6 budget_n=1508 est=70.7566
  [FastestO Curve] run=3 frac=0.7 budget_n=1667 est=65.2801
  [FastestO Curve] run=3 frac=0.8 budget_n=1782 est=65.8921
  [FastestO Curve] run=3 frac=0.9 budget_n=500 est=89.3896
  [FastestO Curve] run=4 frac=0.01 budget_n=83 est=0
  [FastestO Curve] run=4 frac=0.05 budget_n=261 est=32.3884
  [FastestO Curve] run=4 frac=0.075 budget_n=344 est=56.6236
  [FastestO Curve] run=4 frac=0.1 budget_n=429 est=54.3636
  [FastestO Curve] run=4 frac=0.15 budget_n=575 est=69.3601
  [FastestO Curve] run=4 frac=0.2 budget_n=698 est=73.2135
  [FastestO Curve] run=4 frac=0.3 budget_n=970 est=64.285
  [FastestO Curve] run=4 frac=0.4 budget_n=1184 est=78.9718
  [FastestO Curve] run=4 frac=0.5 budget_n=1370 est=59.3957
  [FastestO Curve] run=4 frac=0.6 budget_n=1508 est=73.9841
  [FastestO Curve] run=4 frac=0.7 budget_n=1667 est=74.5827
  [FastestO Curve] run=4 frac=0.8 budget_n=1782 est=85.7133
  [FastestO Curve] run=4 frac=0.9 budget_n=500 est=70.7102
  [FastestO Curve] run=5 frac=0.01 budget_n=83 est=0
  [FastestO Curve] run=5 frac=0.05 budget_n=261 est=104.927
  [FastestO Curve] run=5 frac=0.075 budget_n=344 est=76.3325
  [FastestO Curve] run=5 frac=0.1 budget_n=429 est=87.4682
  [FastestO Curve] run=5 frac=0.15 budget_n=575 est=73.2135
  [FastestO Curve] run=5 frac=0.2 budget_n=698 est=72.9601
  [FastestO Curve] run=5 frac=0.3 budget_n=970 est=68.9068
  [FastestO Curve] run=5 frac=0.4 budget_n=1184 est=58.7621
  [FastestO Curve] run=5 frac=0.5 budget_n=1370 est=79.8692
  [FastestO Curve] run=5 frac=0.6 budget_n=1508 est=72.7086
  [FastestO Curve] run=5 frac=0.7 budget_n=1667 est=84.6806
  [FastestO Curve] run=5 frac=0.8 budget_n=1782 est=71.5794
  [FastestO Curve] run=5 frac=0.9 budget_n=500 est=51.9335
  [Result] #CandTree           : 2.452e+04
  [Result] #TreeTrials         : 13691
  [Result] #TreeSuccess        : 29
  [Result] #UniqueOracleNodes  : 500.0000
  [Result] Truth               : 22509.0000
  [Result] Est                 : 51.9335
  [Result] logQError           : -2.6369
  [Result] TreeCountTime       : 17.5205
  [Result] QueryTime           : 24.3257
/home/wangshuo/projects/PROXY/datasets/parler-E/query_graph/query_cycle_8_26.graph Finished!

Start Processing (Multi-Predicate) /home/wangshuo/projects/PROXY/datasets/parler-E/query_graph/query_cycle_8_28.graph
[Info] Using explicit query nodes for predicates: 1 2 3 5 6 7 
[Info] FOIS_nrs base budget not found, will rely strictly on Curve CSV.
[Warning] Requested root label 1 not found in query. Falling back to default root 3
  [FastestO Curve] run=1 frac=0.01 budget_n=5 est=0
  [FastestO Curve] run=1 frac=0.05 budget_n=8 est=0
  [FastestO Curve] run=1 frac=0.075 budget_n=10 est=0
  [FastestO Curve] run=1 frac=0.1 budget_n=9 est=0
  [FastestO Curve] run=1 frac=0.15 budget_n=11 est=0
  [FastestO Curve] run=1 frac=0.2 budget_n=11 est=0
  [FastestO Curve] run=1 frac=0.3 budget_n=14 est=0
  [FastestO Curve] run=1 frac=0.4 budget_n=20 est=0
  [FastestO Curve] run=1 frac=0.5 budget_n=21 est=0
  [FastestO Curve] run=1 frac=0.6 budget_n=28 est=0
  [FastestO Curve] run=1 frac=0.7 budget_n=35 est=0
  [FastestO Curve] run=1 frac=0.8 budget_n=35 est=0
  [FastestO Curve] run=1 frac=0.9 budget_n=500 est=0
  [FastestO Curve] run=2 frac=0.01 budget_n=5 est=0
  [FastestO Curve] run=2 frac=0.05 budget_n=8 est=0
  [FastestO Curve] run=2 frac=0.075 budget_n=10 est=0
  [FastestO Curve] run=2 frac=0.1 budget_n=9 est=0
  [FastestO Curve] run=2 frac=0.15 budget_n=11 est=0
  [FastestO Curve] run=2 frac=0.2 budget_n=11 est=0
  [FastestO Curve] run=2 frac=0.3 budget_n=14 est=0
  [FastestO Curve] run=2 frac=0.4 budget_n=20 est=0
  [FastestO Curve] run=2 frac=0.5 budget_n=21 est=0
  [FastestO Curve] run=2 frac=0.6 budget_n=28 est=0
  [FastestO Curve] run=2 frac=0.7 budget_n=35 est=0
  [FastestO Curve] run=2 frac=0.8 budget_n=35 est=0
  [FastestO Curve] run=2 frac=0.9 budget_n=500 est=0
  [FastestO Curve] run=3 frac=0.01 budget_n=5 est=0
  [FastestO Curve] run=3 frac=0.05 budget_n=8 est=0
  [FastestO Curve] run=3 frac=0.075 budget_n=10 est=0
  [FastestO Curve] run=3 frac=0.1 budget_n=9 est=0
  [FastestO Curve] run=3 frac=0.15 budget_n=11 est=0
  [FastestO Curve] run=3 frac=0.2 budget_n=11 est=0
  [FastestO Curve] run=3 frac=0.3 budget_n=14 est=0
  [FastestO Curve] run=3 frac=0.4 budget_n=20 est=0
  [FastestO Curve] run=3 frac=0.5 budget_n=21 est=0
  [FastestO Curve] run=3 frac=0.6 budget_n=28 est=0
  [FastestO Curve] run=3 frac=0.7 budget_n=35 est=0
  [FastestO Curve] run=3 frac=0.8 budget_n=35 est=0
  [FastestO Curve] run=3 frac=0.9 budget_n=500 est=0
  [FastestO Curve] run=4 frac=0.01 budget_n=5 est=0
  [FastestO Curve] run=4 frac=0.05 budget_n=8 est=0
  [FastestO Curve] run=4 frac=0.075 budget_n=10 est=0
  [FastestO Curve] run=4 frac=0.1 budget_n=9 est=0
  [FastestO Curve] run=4 frac=0.15 budget_n=11 est=0
  [FastestO Curve] run=4 frac=0.2 budget_n=11 est=0
  [FastestO Curve] run=4 frac=0.3 budget_n=14 est=0
  [FastestO Curve] run=4 frac=0.4 budget_n=20 est=0
  [FastestO Curve] run=4 frac=0.5 budget_n=21 est=0
  [FastestO Curve] run=4 frac=0.6 budget_n=28 est=0
  [FastestO Curve] run=4 frac=0.7 budget_n=35 est=0
  [FastestO Curve] run=4 frac=0.8 budget_n=35 est=0
  [FastestO Curve] run=4 frac=0.9 budget_n=500 est=0
  [FastestO Curve] run=5 frac=0.01 budget_n=5 est=0
  [FastestO Curve] run=5 frac=0.05 budget_n=8 est=0
  [FastestO Curve] run=5 frac=0.075 budget_n=10 est=0
  [FastestO Curve] run=5 frac=0.1 budget_n=9 est=0
  [FastestO Curve] run=5 frac=0.15 budget_n=11 est=0
  [FastestO Curve] run=5 frac=0.2 budget_n=11 est=0
  [FastestO Curve] run=5 frac=0.3 budget_n=14 est=0
  [FastestO Curve] run=5 frac=0.4 budget_n=20 est=0
  [FastestO Curve] run=5 frac=0.5 budget_n=21 est=0
  [FastestO Curve] run=5 frac=0.6 budget_n=28 est=0
  [FastestO Curve] run=5 frac=0.7 budget_n=35 est=0
  [FastestO Curve] run=5 frac=0.8 budget_n=35 est=0
  [FastestO Curve] run=5 frac=0.9 budget_n=500 est=0
  [Result] #CandTree           : 3.217e+07
  [Result] #TreeTrials         : 50000
  [Result] #TreeSuccess        : 0
  [Result] #UniqueOracleNodes  : 221.0000
  [Result] Truth               : 17272560.0000
  [Result] Est                 : 0.0000
  [Result] logQError           : -7.2374
  [Result] TreeCountTime       : 2.9594
  [Result] QueryTime           : 37.9489
/home/wangshuo/projects/PROXY/datasets/parler-E/query_graph/query_cycle_8_28.graph Finished!

Start Processing (Multi-Predicate) /home/wangshuo/projects/PROXY/datasets/parler-E/query_graph/query_cycle_8_29.graph
[Info] Using explicit query nodes for predicates: 1 4 5 7 
[Info] FOIS_nrs base budget not found, will rely strictly on Curve CSV.
[Info] Using user-specified root label 1 -> query node 0
  [FastestO Curve] run=1 frac=0.01 budget_n=225 est=0
  [FastestO Curve] run=1 frac=0.05 budget_n=425 est=10521.1
  [FastestO Curve] run=1 frac=0.075 budget_n=497 est=11864.9
  [FastestO Curve] run=1 frac=0.1 budget_n=558 est=5785.18
  [FastestO Curve] run=1 frac=0.15 budget_n=624 est=7605.69
  [FastestO Curve] run=1 frac=0.2 budget_n=663 est=6858.31
  [FastestO Curve] run=1 frac=0.3 budget_n=696 est=1900.59
  [FastestO Curve] run=1 frac=0.4 budget_n=719 est=6253.65
  [FastestO Curve] run=1 frac=0.5 budget_n=740 est=5632.87
  [FastestO Curve] run=1 frac=0.6 budget_n=753 est=7478.22
  [FastestO Curve] run=1 frac=0.7 budget_n=760 est=6700.74
  [FastestO Curve] run=1 frac=0.8 budget_n=762 est=7572.6
  [FastestO Curve] run=1 frac=0.9 budget_n=500 est=3806.17
  [FastestO Curve] run=2 frac=0.01 budget_n=225 est=13103.8
  [FastestO Curve] run=2 frac=0.05 budget_n=425 est=9765.34
  [FastestO Curve] run=2 frac=0.075 budget_n=497 est=3991.24
  [FastestO Curve] run=2 frac=0.1 budget_n=558 est=6657.16
  [FastestO Curve] run=2 frac=0.15 budget_n=624 est=10610.9
  [FastestO Curve] run=2 frac=0.2 budget_n=663 est=6625.06
  [FastestO Curve] run=2 frac=0.3 budget_n=696 est=12628.3
  [FastestO Curve] run=2 frac=0.4 budget_n=719 est=8112.74
  [FastestO Curve] run=2 frac=0.5 budget_n=740 est=5458.54
  [FastestO Curve] run=2 frac=0.6 budget_n=753 est=10529.5
  [FastestO Curve] run=2 frac=0.7 budget_n=760 est=7345.64
  [FastestO Curve] run=2 frac=0.8 budget_n=762 est=1692.78
  [FastestO Curve] run=2 frac=0.9 budget_n=500 est=3773.16
  [FastestO Curve] run=3 frac=0.01 budget_n=225 est=0
  [FastestO Curve] run=3 frac=0.05 budget_n=425 est=5493
  [FastestO Curve] run=3 frac=0.075 budget_n=497 est=0
  [FastestO Curve] run=3 frac=0.1 budget_n=558 est=6223.83
  [FastestO Curve] run=3 frac=0.15 budget_n=624 est=11292.6
  [FastestO Curve] run=3 frac=0.2 budget_n=663 est=10129.1
  [FastestO Curve] run=3 frac=0.3 budget_n=696 est=9641.97
  [FastestO Curve] run=3 frac=0.4 budget_n=719 est=11832.6
  [FastestO Curve] run=3 frac=0.5 budget_n=740 est=3937.07
  [FastestO Curve] run=3 frac=0.6 budget_n=753 est=15211.4
  [FastestO Curve] run=3 frac=0.7 budget_n=760 est=8742.88
  [FastestO Curve] run=3 frac=0.8 budget_n=762 est=6739.67
  [FastestO Curve] run=3 frac=0.9 budget_n=500 est=10585.1
  [FastestO Curve] run=4 frac=0.01 budget_n=225 est=0
  [FastestO Curve] run=4 frac=0.05 budget_n=425 est=16458.2
  [FastestO Curve] run=4 frac=0.075 budget_n=497 est=11309.7
  [FastestO Curve] run=4 frac=0.1 budget_n=558 est=3114.14
  [FastestO Curve] run=4 frac=0.15 budget_n=624 est=4989.06
  [FastestO Curve] run=4 frac=0.2 budget_n=663 est=13406.6
  [FastestO Curve] run=4 frac=0.3 budget_n=696 est=8623.3
  [FastestO Curve] run=4 frac=0.4 budget_n=719 est=10363.2
  [FastestO Curve] run=4 frac=0.5 budget_n=740 est=11174.1
  [FastestO Curve] run=4 frac=0.6 budget_n=753 est=10538
  [FastestO Curve] run=4 frac=0.7 budget_n=760 est=5420
  [FastestO Curve] run=4 frac=0.8 budget_n=762 est=9093.76
  [FastestO Curve] run=4 frac=0.9 budget_n=500 est=7997.16
  [FastestO Curve] run=5 frac=0.01 budget_n=225 est=26608.3
  [FastestO Curve] run=5 frac=0.05 budget_n=425 est=4416.71
  [FastestO Curve] run=5 frac=0.075 budget_n=497 est=3727.9
  [FastestO Curve] run=5 frac=0.1 budget_n=558 est=5867.1
  [FastestO Curve] run=5 frac=0.15 budget_n=624 est=9955.28
  [FastestO Curve] run=5 frac=0.2 budget_n=663 est=6519.17
  [FastestO Curve] run=5 frac=0.3 budget_n=696 est=4104.2
  [FastestO Curve] run=5 frac=0.4 budget_n=719 est=5984.12
  [FastestO Curve] run=5 frac=0.5 budget_n=740 est=3320.96
  [FastestO Curve] run=5 frac=0.6 budget_n=753 est=9968.97
  [FastestO Curve] run=5 frac=0.7 budget_n=760 est=6327.94
  [FastestO Curve] run=5 frac=0.8 budget_n=762 est=5379.79
  [FastestO Curve] run=5 frac=0.9 budget_n=500 est=7775.62
  [Result] #CandTree           : 4.35e+06
  [Result] #TreeTrials         : 1119
  [Result] #TreeSuccess        : 2
  [Result] #UniqueOracleNodes  : 500.0000
  [Result] Truth               : 2506456.0000
  [Result] Est                 : 7775.6157
  [Result] logQError           : -2.5083
  [Result] TreeCountTime       : 6.5123
  [Result] QueryTime           : 1.5029
/home/wangshuo/projects/PROXY/datasets/parler-E/query_graph/query_cycle_8_29.graph Finished!

Start Processing (Multi-Predicate) /home/wangshuo/projects/PROXY/datasets/parler-E/query_graph/query_cycle_8_3.graph
[Info] Using explicit query nodes for predicates: 1 3 6 
[Info] FOIS_nrs base budget not found, will rely strictly on Curve CSV.
[Info] Using user-specified root label 1 -> query node 0
  [FastestO Curve] run=1 frac=0.01 budget_n=32 est=0
  [FastestO Curve] run=1 frac=0.05 budget_n=69 est=802.839
  [FastestO Curve] run=1 frac=0.075 budget_n=90 est=887.951
  [FastestO Curve] run=1 frac=0.1 budget_n=110 est=621.423
  [FastestO Curve] run=1 frac=0.15 budget_n=135 est=625.568
  [FastestO Curve] run=1 frac=0.2 budget_n=173 est=1005.71
  [FastestO Curve] run=1 frac=0.3 budget_n=296 est=802.638
  [FastestO Curve] run=1 frac=0.4 budget_n=366 est=949.892
  [FastestO Curve] run=1 frac=0.5 budget_n=418 est=806.786
  [FastestO Curve] run=1 frac=0.6 budget_n=483 est=862.784
  [FastestO Curve] run=1 frac=0.7 budget_n=528 est=806.786
  [FastestO Curve] run=1 frac=0.8 budget_n=620 est=796.416
  [FastestO Curve] run=1 frac=0.9 budget_n=500 est=862.784
  [FastestO Curve] run=2 frac=0.01 budget_n=32 est=0
  [FastestO Curve] run=2 frac=0.05 budget_n=69 est=306.125
  [FastestO Curve] run=2 frac=0.075 budget_n=90 est=898.484
  [FastestO Curve] run=2 frac=0.1 budget_n=110 est=1280.69
  [FastestO Curve] run=2 frac=0.15 budget_n=135 est=1127.85
  [FastestO Curve] run=2 frac=0.2 budget_n=173 est=806.416
  [FastestO Curve] run=2 frac=0.3 budget_n=296 est=785.094
  [FastestO Curve] run=2 frac=0.4 budget_n=366 est=810.934
  [FastestO Curve] run=2 frac=0.5 budget_n=418 est=831.674
  [FastestO Curve] run=2 frac=0.6 budget_n=483 est=864.858
  [FastestO Curve] run=2 frac=0.7 budget_n=528 est=898.042
  [FastestO Curve] run=2 frac=0.8 budget_n=620 est=829.6
  [FastestO Curve] run=2 frac=0.9 budget_n=500 est=831.674
  [FastestO Curve] run=3 frac=0.01 budget_n=32 est=1121.08
  [FastestO Curve] run=3 frac=0.05 budget_n=69 est=234.35
  [FastestO Curve] run=3 frac=0.075 budget_n=90 est=174.286
  [FastestO Curve] run=3 frac=0.1 budget_n=110 est=561.806
  [FastestO Curve] run=3 frac=0.15 budget_n=135 est=739.698
  [FastestO Curve] run=3 frac=0.2 budget_n=173 est=923.442
  [FastestO Curve] run=3 frac=0.3 budget_n=296 est=834.045
  [FastestO Curve] run=3 frac=0.4 budget_n=366 est=798.49
  [FastestO Curve] run=3 frac=0.5 budget_n=418 est=769.454
  [FastestO Curve] run=3 frac=0.6 budget_n=483 est=781.898
  [FastestO Curve] run=3 frac=0.7 budget_n=528 est=790.194
  [FastestO Curve] run=3 frac=0.8 budget_n=620 est=829.6
  [FastestO Curve] run=3 frac=0.9 budget_n=500 est=800.564
  [FastestO Curve] run=4 frac=0.01 budget_n=32 est=1152.22
  [FastestO Curve] run=4 frac=0.05 budget_n=69 est=607.024
  [FastestO Curve] run=4 frac=0.075 budget_n=90 est=705.042
  [FastestO Curve] run=4 frac=0.1 budget_n=110 est=525.063
  [FastestO Curve] run=4 frac=0.15 budget_n=135 est=894.873
  [FastestO Curve] run=4 frac=0.2 budget_n=173 est=630.562
  [FastestO Curve] run=4 frac=0.3 budget_n=296 est=842.044
  [FastestO Curve] run=4 frac=0.4 budget_n=366 est=852.414
  [FastestO Curve] run=4 frac=0.5 budget_n=418 est=862.784
  [FastestO Curve] run=4 frac=0.6 budget_n=483 est=854.488
  [FastestO Curve] run=4 frac=0.7 budget_n=528 est=885.598
  [FastestO Curve] run=4 frac=0.8 budget_n=620 est=804.712
  [FastestO Curve] run=4 frac=0.9 budget_n=500 est=817.156
  [FastestO Curve] run=5 frac=0.01 budget_n=32 est=0
  [FastestO Curve] run=5 frac=0.05 budget_n=69 est=251.394
  [FastestO Curve] run=5 frac=0.075 budget_n=90 est=417.584
  [FastestO Curve] run=5 frac=0.1 budget_n=110 est=490.888
  [FastestO Curve] run=5 frac=0.15 budget_n=135 est=546.989
  [FastestO Curve] run=5 frac=0.2 budget_n=173 est=936.181
  [FastestO Curve] run=5 frac=0.3 budget_n=296 est=830.117
  [FastestO Curve] run=5 frac=0.4 budget_n=366 est=879.376
  [FastestO Curve] run=5 frac=0.5 budget_n=418 est=831.674
  [FastestO Curve] run=5 frac=0.6 budget_n=483 est=810.934
  [FastestO Curve] run=5 frac=0.7 budget_n=528 est=808.86
  [FastestO Curve] run=5 frac=0.8 budget_n=620 est=864.858
  [FastestO Curve] run=5 frac=0.9 budget_n=500 est=885.598
  [Result] #CandTree           : 4.148e+04
  [Result] #TreeTrials         : 20000
  [Result] #TreeSuccess        : 427
  [Result] #UniqueOracleNodes  : 296.0000
  [Result] Truth               : 40231.0000
  [Result] Est                 : 885.5980
  [Result] logQError           : -1.6573
  [Result] TreeCountTime       : 3.9271
  [Result] QueryTime           : 22.1440
/home/wangshuo/projects/PROXY/datasets/parler-E/query_graph/query_cycle_8_3.graph Finished!

Start Processing (Multi-Predicate) /home/wangshuo/projects/PROXY/datasets/parler-E/query_graph/query_cycle_8_31.graph
[Info] Using explicit query nodes for predicates: 0 5 7 
[Info] FOIS_nrs base budget not found, will rely strictly on Curve CSV.
[Warning] Requested root label 1 not found in query. Falling back to default root 1
  [FastestO Curve] run=1 frac=0.01 budget_n=171 est=0
  [FastestO Curve] run=1 frac=0.05 budget_n=404 est=1521.31
  [FastestO Curve] run=1 frac=0.075 budget_n=483 est=5508.5
  [FastestO Curve] run=1 frac=0.1 budget_n=531 est=2078.96
  [FastestO Curve] run=1 frac=0.15 budget_n=572 est=3985.77
  [FastestO Curve] run=1 frac=0.2 budget_n=585 est=2799.15
  [FastestO Curve] run=1 frac=0.3 budget_n=630 est=3209.06
  [FastestO Curve] run=1 frac=0.4 budget_n=659 est=4209.19
  [FastestO Curve] run=1 frac=0.5 budget_n=671 est=3423.23
  [FastestO Curve] run=1 frac=0.6 budget_n=681 est=3660.88
  [FastestO Curve] run=1 frac=0.7 budget_n=695 est=3579.9
  [FastestO Curve] run=1 frac=0.8 budget_n=700 est=8414.95
  [FastestO Curve] run=1 frac=0.9 budget_n=500 est=1085.14
  [FastestO Curve] run=2 frac=0.01 budget_n=171 est=0
  [FastestO Curve] run=2 frac=0.05 budget_n=404 est=2844.39
  [FastestO Curve] run=2 frac=0.075 budget_n=483 est=3546.53
  [FastestO Curve] run=2 frac=0.1 budget_n=531 est=6720.64
  [FastestO Curve] run=2 frac=0.15 budget_n=572 est=1929.39
  [FastestO Curve] run=2 frac=0.2 budget_n=585 est=3758.35
  [FastestO Curve] run=2 frac=0.3 budget_n=630 est=4052.89
  [FastestO Curve] run=2 frac=0.4 budget_n=659 est=2317.65
  [FastestO Curve] run=2 frac=0.5 budget_n=671 est=5403.41
  [FastestO Curve] run=2 frac=0.6 budget_n=681 est=1567.03
  [FastestO Curve] run=2 frac=0.7 budget_n=695 est=3035.24
  [FastestO Curve] run=2 frac=0.8 budget_n=700 est=5157.41
  [FastestO Curve] run=2 frac=0.9 budget_n=500 est=1124.13
  [FastestO Curve] run=3 frac=0.01 budget_n=171 est=4512.74
  [FastestO Curve] run=3 frac=0.05 budget_n=404 est=4234.51
  [FastestO Curve] run=3 frac=0.075 budget_n=483 est=8434.59
  [FastestO Curve] run=3 frac=0.1 budget_n=531 est=2072.07
  [FastestO Curve] run=3 frac=0.15 budget_n=572 est=0
  [FastestO Curve] run=3 frac=0.2 budget_n=585 est=3706.41
  [FastestO Curve] run=3 frac=0.3 budget_n=630 est=5124.56
  [FastestO Curve] run=3 frac=0.4 budget_n=659 est=2421.28
  [FastestO Curve] run=3 frac=0.5 budget_n=671 est=6812.78
  [FastestO Curve] run=3 frac=0.6 budget_n=681 est=3775.74
  [FastestO Curve] run=3 frac=0.7 budget_n=695 est=5058.15
  [FastestO Curve] run=3 frac=0.8 budget_n=700 est=5745.36
  [FastestO Curve] run=3 frac=0.9 budget_n=500 est=3459.39
  [FastestO Curve] run=4 frac=0.01 budget_n=171 est=4228.15
  [FastestO Curve] run=4 frac=0.05 budget_n=404 est=5646.01
  [FastestO Curve] run=4 frac=0.075 budget_n=483 est=3573.54
  [FastestO Curve] run=4 frac=0.1 budget_n=531 est=978.779
  [FastestO Curve] run=4 frac=0.15 budget_n=572 est=2879.29
  [FastestO Curve] run=4 frac=0.2 budget_n=585 est=1759.42
  [FastestO Curve] run=4 frac=0.3 budget_n=630 est=6592.79
  [FastestO Curve] run=4 frac=0.4 budget_n=659 est=2378.33
  [FastestO Curve] run=4 frac=0.5 budget_n=671 est=4666.03
  [FastestO Curve] run=4 frac=0.6 budget_n=681 est=4348.95
  [FastestO Curve] run=4 frac=0.7 budget_n=695 est=2915.06
  [FastestO Curve] run=4 frac=0.8 budget_n=700 est=4332.23
  [FastestO Curve] run=4 frac=0.9 budget_n=500 est=3153.36
  [FastestO Curve] run=5 frac=0.01 budget_n=171 est=0
  [FastestO Curve] run=5 frac=0.05 budget_n=404 est=6205.94
  [FastestO Curve] run=5 frac=0.075 budget_n=483 est=4523.61
  [FastestO Curve] run=5 frac=0.1 budget_n=531 est=2104.59
  [FastestO Curve] run=5 frac=0.15 budget_n=572 est=6916.36
  [FastestO Curve] run=5 frac=0.2 budget_n=585 est=3673.77
  [FastestO Curve] run=5 frac=0.3 budget_n=630 est=7757.43
  [FastestO Curve] run=5 frac=0.4 budget_n=659 est=2342.72
  [FastestO Curve] run=5 frac=0.5 budget_n=671 est=3856.41
  [FastestO Curve] run=5 frac=0.6 budget_n=681 est=3713.01
  [FastestO Curve] run=5 frac=0.7 budget_n=695 est=1528.74
  [FastestO Curve] run=5 frac=0.8 budget_n=700 est=3032.79
  [FastestO Curve] run=5 frac=0.9 budget_n=500 est=1088.92
  [Result] #CandTree           : 9.386e+05
  [Result] #TreeTrials         : 862
  [Result] #TreeSuccess        : 1
  [Result] #UniqueOracleNodes  : 500.0000
  [Result] Truth               : 558178.0000
  [Result] Est                 : 1088.9200
  [Result] logQError           : -2.7098
  [Result] TreeCountTime       : 3.0274
  [Result] QueryTime           : 1.0277
/home/wangshuo/projects/PROXY/datasets/parler-E/query_graph/query_cycle_8_31.graph Finished!

Start Processing (Multi-Predicate) /home/wangshuo/projects/PROXY/datasets/parler-E/query_graph/query_cycle_8_33.graph
[Info] Using explicit query nodes for predicates: 0 2 4 5 6 
[Info] FOIS_nrs base budget not found, will rely strictly on Curve CSV.
[Warning] Requested root label 1 not found in query. Falling back to default root 5
  [FastestO Curve] run=1 frac=0.01 budget_n=290 est=0
  [FastestO Curve] run=1 frac=0.05 budget_n=680 est=5409.48
  [FastestO Curve] run=1 frac=0.075 budget_n=831 est=4474.14
  [FastestO Curve] run=1 frac=0.1 budget_n=947 est=3762.17
  [FastestO Curve] run=1 frac=0.15 budget_n=1180 est=10810.1
  [FastestO Curve] run=1 frac=0.2 budget_n=1329 est=9992.42
  [FastestO Curve] run=1 frac=0.3 budget_n=1667 est=7689.4
  [FastestO Curve] run=1 frac=0.4 budget_n=1912 est=6339.54
  [FastestO Curve] run=1 frac=0.5 budget_n=2156 est=4139.73
  [FastestO Curve] run=1 frac=0.6 budget_n=2357 est=10036.3
  [FastestO Curve] run=1 frac=0.7 budget_n=2534 est=11119.1
  [FastestO Curve] run=1 frac=0.8 budget_n=2709 est=9085.03
  [FastestO Curve] run=1 frac=0.9 budget_n=500 est=7485.78
  [FastestO Curve] run=2 frac=0.01 budget_n=290 est=12989.2
  [FastestO Curve] run=2 frac=0.05 budget_n=680 est=5343.51
  [FastestO Curve] run=2 frac=0.075 budget_n=831 est=12193.9
  [FastestO Curve] run=2 frac=0.1 budget_n=947 est=23021.1
  [FastestO Curve] run=2 frac=0.15 budget_n=1180 est=5648.92
  [FastestO Curve] run=2 frac=0.2 budget_n=1329 est=7595.36
  [FastestO Curve] run=2 frac=0.3 budget_n=1667 est=7349.75
  [FastestO Curve] run=2 frac=0.4 budget_n=1912 est=9651.27
  [FastestO Curve] run=2 frac=0.5 budget_n=2156 est=5498.86
  [FastestO Curve] run=2 frac=0.6 budget_n=2357 est=6147.13
  [FastestO Curve] run=2 frac=0.7 budget_n=2534 est=4437.14
  [FastestO Curve] run=2 frac=0.8 budget_n=2709 est=2958.37
  [FastestO Curve] run=2 frac=0.9 budget_n=500 est=7598.28
  [FastestO Curve] run=3 frac=0.01 budget_n=290 est=22703
  [FastestO Curve] run=3 frac=0.05 budget_n=680 est=10065.1
  [FastestO Curve] run=3 frac=0.075 budget_n=831 est=13215.5
  [FastestO Curve] run=3 frac=0.1 budget_n=947 est=3665.65
  [FastestO Curve] run=3 frac=0.15 budget_n=1180 est=14140.5
  [FastestO Curve] run=3 frac=0.2 budget_n=1329 est=5048.01
  [FastestO Curve] run=3 frac=0.3 budget_n=1667 est=3874.16
  [FastestO Curve] run=3 frac=0.4 budget_n=1912 est=3134.99
  [FastestO Curve] run=3 frac=0.5 budget_n=2156 est=12344
  [FastestO Curve] run=3 frac=0.6 budget_n=2357 est=4969.76
  [FastestO Curve] run=3 frac=0.7 budget_n=2534 est=5566.15
  [FastestO Curve] run=3 frac=0.8 budget_n=2709 est=8277.73
  [FastestO Curve] run=3 frac=0.9 budget_n=500 est=0
  [FastestO Curve] run=4 frac=0.01 budget_n=290 est=0
  [FastestO Curve] run=4 frac=0.05 budget_n=680 est=10566.7
  [FastestO Curve] run=4 frac=0.075 budget_n=831 est=17171.8
  [FastestO Curve] run=4 frac=0.1 budget_n=947 est=13947
  [FastestO Curve] run=4 frac=0.15 budget_n=1180 est=5950.67
  [FastestO Curve] run=4 frac=0.2 budget_n=1329 est=2411.93
  [FastestO Curve] run=4 frac=0.3 budget_n=1667 est=7252.43
  [FastestO Curve] run=4 frac=0.4 budget_n=1912 est=8102.21
  [FastestO Curve] run=4 frac=0.5 budget_n=2156 est=2728.32
  [FastestO Curve] run=4 frac=0.6 budget_n=2357 est=9996.22
  [FastestO Curve] run=4 frac=0.7 budget_n=2534 est=3416.07
  [FastestO Curve] run=4 frac=0.8 budget_n=2709 est=7160.72
  [FastestO Curve] run=4 frac=0.9 budget_n=500 est=6911.16
  [FastestO Curve] run=5 frac=0.01 budget_n=290 est=12836.9
  [FastestO Curve] run=5 frac=0.05 budget_n=680 est=10285.6
  [FastestO Curve] run=5 frac=0.075 budget_n=831 est=8636.68
  [FastestO Curve] run=5 frac=0.1 budget_n=947 est=10698.6
  [FastestO Curve] run=5 frac=0.15 budget_n=1180 est=5816.38
  [FastestO Curve] run=5 frac=0.2 budget_n=1329 est=9798.75
  [FastestO Curve] run=5 frac=0.3 budget_n=1667 est=5527.77
  [FastestO Curve] run=5 frac=0.4 budget_n=1912 est=4602.6
  [FastestO Curve] run=5 frac=0.5 budget_n=2156 est=9564.99
  [FastestO Curve] run=5 frac=0.6 budget_n=2357 est=11102.2
  [FastestO Curve] run=5 frac=0.7 budget_n=2534 est=5475.27
  [FastestO Curve] run=5 frac=0.8 budget_n=2709 est=4087.38
  [FastestO Curve] run=5 frac=0.9 budget_n=500 est=21787.3
  [Result] #CandTree           : 6.573e+06
  [Result] #TreeTrials         : 905
  [Result] #TreeSuccess        : 3
  [Result] #UniqueOracleNodes  : 500.0000
  [Result] Truth               : 2740718.0000
  [Result] Est                 : 21787.3392
  [Result] logQError           : -2.0997
  [Result] TreeCountTime       : 27.5863
  [Result] QueryTime           : 1.8931
/home/wangshuo/projects/PROXY/datasets/parler-E/query_graph/query_cycle_8_33.graph Finished!

Start Processing (Multi-Predicate) /home/wangshuo/projects/PROXY/datasets/parler-E/query_graph/query_cycle_8_35.graph
[Info] Using explicit query nodes for predicates: 3 4 5 7 
[Info] FOIS_nrs base budget not found, will rely strictly on Curve CSV.
[Warning] Requested root label 1 not found in query. Falling back to default root 1
  [FastestO Curve] run=1 frac=0.01 budget_n=162 est=15718.8
  [FastestO Curve] run=1 frac=0.05 budget_n=447 est=15795.3
  [FastestO Curve] run=1 frac=0.075 budget_n=576 est=17292
  [FastestO Curve] run=1 frac=0.1 budget_n=626 est=16326
  [FastestO Curve] run=1 frac=0.15 budget_n=730 est=16673.5
  [FastestO Curve] run=1 frac=0.2 budget_n=759 est=17417
  [FastestO Curve] run=1 frac=0.3 budget_n=840 est=16301.7
  [FastestO Curve] run=1 frac=0.4 budget_n=870 est=16387.5
  [FastestO Curve] run=1 frac=0.5 budget_n=888 est=17245.4
  [FastestO Curve] run=1 frac=0.6 budget_n=917 est=16959.4
  [FastestO Curve] run=1 frac=0.7 budget_n=933 est=16387.5
  [FastestO Curve] run=1 frac=0.8 budget_n=953 est=17274
  [FastestO Curve] run=1 frac=0.9 budget_n=500 est=16096.8
  [FastestO Curve] run=2 frac=0.01 budget_n=162 est=21373.2
  [FastestO Curve] run=2 frac=0.05 budget_n=447 est=15275.1
  [FastestO Curve] run=2 frac=0.075 budget_n=576 est=16116.8
  [FastestO Curve] run=2 frac=0.1 budget_n=626 est=16564.6
  [FastestO Curve] run=2 frac=0.15 budget_n=730 est=15615.3
  [FastestO Curve] run=2 frac=0.2 budget_n=759 est=16787.8
  [FastestO Curve] run=2 frac=0.3 budget_n=840 est=16387.5
  [FastestO Curve] run=2 frac=0.4 budget_n=870 est=15357.9
  [FastestO Curve] run=2 frac=0.5 budget_n=888 est=15558.1
  [FastestO Curve] run=2 frac=0.6 budget_n=917 est=17617.2
  [FastestO Curve] run=2 frac=0.7 budget_n=933 est=17073.8
  [FastestO Curve] run=2 frac=0.8 budget_n=953 est=18275
  [FastestO Curve] run=2 frac=0.9 budget_n=500 est=17352.8
  [FastestO Curve] run=3 frac=0.01 budget_n=162 est=20069.8
  [FastestO Curve] run=3 frac=0.05 budget_n=447 est=15355.4
  [FastestO Curve] run=3 frac=0.075 budget_n=576 est=16786
  [FastestO Curve] run=3 frac=0.1 budget_n=626 est=16194.5
  [FastestO Curve] run=3 frac=0.15 budget_n=730 est=17588.6
  [FastestO Curve] run=3 frac=0.2 budget_n=759 est=15987.1
  [FastestO Curve] run=3 frac=0.3 budget_n=840 est=17302.6
  [FastestO Curve] run=3 frac=0.4 budget_n=870 est=15758.3
  [FastestO Curve] run=3 frac=0.5 budget_n=888 est=16644.9
  [FastestO Curve] run=3 frac=0.6 budget_n=917 est=16845
  [FastestO Curve] run=3 frac=0.7 budget_n=933 est=16559.1
  [FastestO Curve] run=3 frac=0.8 budget_n=953 est=17159.6
  [FastestO Curve] run=3 frac=0.9 budget_n=500 est=16613.2
  [FastestO Curve] run=4 frac=0.01 budget_n=162 est=22213.1
  [FastestO Curve] run=4 frac=0.05 budget_n=447 est=15619.7
  [FastestO Curve] run=4 frac=0.075 budget_n=576 est=16439
  [FastestO Curve] run=4 frac=0.1 budget_n=626 est=15283.2
  [FastestO Curve] run=4 frac=0.15 budget_n=730 est=17588.6
  [FastestO Curve] run=4 frac=0.2 budget_n=759 est=16358.9
  [FastestO Curve] run=4 frac=0.3 budget_n=840 est=18017.6
  [FastestO Curve] run=4 frac=0.4 budget_n=870 est=16673.5
  [FastestO Curve] run=4 frac=0.5 budget_n=888 est=16530.5
  [FastestO Curve] run=4 frac=0.6 budget_n=917 est=17788.8
  [FastestO Curve] run=4 frac=0.7 budget_n=933 est=16072.9
  [FastestO Curve] run=4 frac=0.8 budget_n=953 est=17216.8
  [FastestO Curve] run=4 frac=0.9 budget_n=500 est=14898.8
  [FastestO Curve] run=5 frac=0.01 budget_n=162 est=18126.4
  [FastestO Curve] run=5 frac=0.05 budget_n=447 est=18020.6
  [FastestO Curve] run=5 frac=0.075 budget_n=576 est=15231.4
  [FastestO Curve] run=5 frac=0.1 budget_n=626 est=17065.5
  [FastestO Curve] run=5 frac=0.15 budget_n=730 est=17474.2
  [FastestO Curve] run=5 frac=0.2 budget_n=759 est=17445.6
  [FastestO Curve] run=5 frac=0.3 budget_n=840 est=16845
  [FastestO Curve] run=5 frac=0.4 budget_n=870 est=16930.8
  [FastestO Curve] run=5 frac=0.5 budget_n=888 est=17674.4
  [FastestO Curve] run=5 frac=0.6 budget_n=917 est=16330.3
  [FastestO Curve] run=5 frac=0.7 budget_n=933 est=15786.9
  [FastestO Curve] run=5 frac=0.8 budget_n=953 est=16988
  [FastestO Curve] run=5 frac=0.9 budget_n=500 est=18909.9
  [Result] #CandTree           : 5.72e+05
  [Result] #TreeTrials         : 7683
  [Result] #TreeSuccess        : 254
  [Result] #UniqueOracleNodes  : 500.0000
  [Result] Truth               : 522537.0000
  [Result] Est                 : 18909.9248
  [Result] logQError           : -1.4414
  [Result] TreeCountTime       : 13.9906
  [Result] QueryTime           : 10.6026
/home/wangshuo/projects/PROXY/datasets/parler-E/query_graph/query_cycle_8_35.graph Finished!

Start Processing (Multi-Predicate) /home/wangshuo/projects/PROXY/datasets/parler-E/query_graph/query_cycle_8_36.graph
[Info] Using explicit query nodes for predicates: 1 6 
[Info] FOIS_nrs base budget not found, will rely strictly on Curve CSV.
[Warning] Requested root label 1 not found in query. Falling back to default root 2
  [FastestO Curve] run=1 frac=0.01 budget_n=96 est=890.951
  [FastestO Curve] run=1 frac=0.05 budget_n=309 est=1500.32
  [FastestO Curve] run=1 frac=0.075 budget_n=407 est=1431.26
  [FastestO Curve] run=1 frac=0.1 budget_n=490 est=1028.04
  [FastestO Curve] run=1 frac=0.15 budget_n=639 est=1619.2
  [FastestO Curve] run=1 frac=0.2 budget_n=770 est=1622.31
  [FastestO Curve] run=1 frac=0.3 budget_n=1128 est=1834.56
  [FastestO Curve] run=1 frac=0.4 budget_n=1418 est=1554.71
  [FastestO Curve] run=1 frac=0.5 budget_n=1625 est=1679.09
  [FastestO Curve] run=1 frac=0.6 budget_n=1788 est=1585.8
  [FastestO Curve] run=1 frac=0.7 budget_n=1901 est=1850.1
  [FastestO Curve] run=1 frac=0.8 budget_n=2006 est=1819.01
  [FastestO Curve] run=1 frac=0.9 budget_n=500 est=2649.59
  [FastestO Curve] run=2 frac=0.01 budget_n=96 est=0
  [FastestO Curve] run=2 frac=0.05 budget_n=309 est=2242.86
  [FastestO Curve] run=2 frac=0.075 budget_n=407 est=1553.42
  [FastestO Curve] run=2 frac=0.1 budget_n=490 est=1886.06
  [FastestO Curve] run=2 frac=0.15 budget_n=639 est=2472.93
  [FastestO Curve] run=2 frac=0.2 budget_n=770 est=1980.28
  [FastestO Curve] run=2 frac=0.3 budget_n=1128 est=1570.26
  [FastestO Curve] run=2 frac=0.4 budget_n=1418 est=1710.18
  [FastestO Curve] run=2 frac=0.5 budget_n=1625 est=1819.01
  [FastestO Curve] run=2 frac=0.6 budget_n=1788 est=1974.48
  [FastestO Curve] run=2 frac=0.7 budget_n=1901 est=1850.1
  [FastestO Curve] run=2 frac=0.8 budget_n=2006 est=1694.63
  [FastestO Curve] run=2 frac=0.9 budget_n=500 est=1545.62
  [FastestO Curve] run=3 frac=0.01 budget_n=96 est=0
  [FastestO Curve] run=3 frac=0.05 budget_n=309 est=1593.55
  [FastestO Curve] run=3 frac=0.075 budget_n=407 est=1437.13
  [FastestO Curve] run=3 frac=0.1 budget_n=490 est=1225.21
  [FastestO Curve] run=3 frac=0.15 budget_n=639 est=1753.54
  [FastestO Curve] run=3 frac=0.2 budget_n=770 est=1773.51
  [FastestO Curve] run=3 frac=0.3 budget_n=1128 est=1958.93
  [FastestO Curve] run=3 frac=0.4 budget_n=1418 est=1927.84
  [FastestO Curve] run=3 frac=0.5 budget_n=1625 est=1632.45
  [FastestO Curve] run=3 frac=0.6 budget_n=1788 est=1756.82
  [FastestO Curve] run=3 frac=0.7 budget_n=1901 est=2005.58
  [FastestO Curve] run=3 frac=0.8 budget_n=2006 est=2021.12
  [FastestO Curve] run=3 frac=0.9 budget_n=500 est=1463.26
  [FastestO Curve] run=4 frac=0.01 budget_n=96 est=4274.12
  [FastestO Curve] run=4 frac=0.05 budget_n=309 est=3034.57
  [FastestO Curve] run=4 frac=0.075 budget_n=407 est=1415.52
  [FastestO Curve] run=4 frac=0.1 budget_n=490 est=2303.27
  [FastestO Curve] run=4 frac=0.15 budget_n=639 est=1671.42
  [FastestO Curve] run=4 frac=0.2 budget_n=770 est=1724.39
  [FastestO Curve] run=4 frac=0.3 budget_n=1128 est=2036.67
  [FastestO Curve] run=4 frac=0.4 budget_n=1418 est=2021.12
  [FastestO Curve] run=4 frac=0.5 budget_n=1625 est=1927.84
  [FastestO Curve] run=4 frac=0.6 budget_n=1788 est=1756.82
  [FastestO Curve] run=4 frac=0.7 budget_n=1901 est=1710.18
  [FastestO Curve] run=4 frac=0.8 budget_n=2006 est=1756.82
  [FastestO Curve] run=4 frac=0.9 budget_n=500 est=1542.53
  [FastestO Curve] run=5 frac=0.01 budget_n=96 est=0
  [FastestO Curve] run=5 frac=0.05 budget_n=309 est=2624.72
  [FastestO Curve] run=5 frac=0.075 budget_n=407 est=2912.53
  [FastestO Curve] run=5 frac=0.1 budget_n=490 est=1880.16
  [FastestO Curve] run=5 frac=0.15 budget_n=639 est=1625.31
  [FastestO Curve] run=5 frac=0.2 budget_n=770 est=1817.75
  [FastestO Curve] run=5 frac=0.3 budget_n=1128 est=1787.92
  [FastestO Curve] run=5 frac=0.4 budget_n=1418 est=1601.35
  [FastestO Curve] run=5 frac=0.5 budget_n=1625 est=1725.73
  [FastestO Curve] run=5 frac=0.6 budget_n=1788 est=1787.92
  [FastestO Curve] run=5 frac=0.7 budget_n=1901 est=1943.39
  [FastestO Curve] run=5 frac=0.8 budget_n=2006 est=1710.18
  [FastestO Curve] run=5 frac=0.9 budget_n=500 est=1936.78
  [Result] #CandTree           : 3.109e+05
  [Result] #TreeTrials         : 3532
  [Result] #TreeSuccess        : 22
  [Result] #UniqueOracleNodes  : 500.0000
  [Result] Truth               : 106801.0000
  [Result] Est                 : 1936.7848
  [Result] logQError           : -1.7415
  [Result] TreeCountTime       : 3.7322
  [Result] QueryTime           : 2.5189
/home/wangshuo/projects/PROXY/datasets/parler-E/query_graph/query_cycle_8_36.graph Finished!

Start Processing (Multi-Predicate) /home/wangshuo/projects/PROXY/datasets/parler-E/query_graph/query_cycle_8_37.graph
[Info] Using explicit query nodes for predicates: 2 3 6 
[Info] FOIS_nrs base budget not found, will rely strictly on Curve CSV.
[Info] Using user-specified root label 1 -> query node 0
  [FastestO Curve] run=1 frac=0.01 budget_n=108 est=0
  [FastestO Curve] run=1 frac=0.05 budget_n=369 est=22079.8
  [FastestO Curve] run=1 frac=0.075 budget_n=502 est=27173.1
  [FastestO Curve] run=1 frac=0.1 budget_n=591 est=22302
  [FastestO Curve] run=1 frac=0.15 budget_n=760 est=23370.4
  [FastestO Curve] run=1 frac=0.2 budget_n=933 est=19744.9
  [FastestO Curve] run=1 frac=0.3 budget_n=1254 est=18537.5
  [FastestO Curve] run=1 frac=0.4 budget_n=1450 est=17141.2
  [FastestO Curve] run=1 frac=0.5 budget_n=1670 est=17599
  [FastestO Curve] run=1 frac=0.6 budget_n=1856 est=16753.7
  [FastestO Curve] run=1 frac=0.7 budget_n=2044 est=20313.9
  [FastestO Curve] run=1 frac=0.8 budget_n=2181 est=19747.8
  [FastestO Curve] run=1 frac=0.9 budget_n=500 est=22376.1
  [FastestO Curve] run=2 frac=0.01 budget_n=108 est=18480.8
  [FastestO Curve] run=2 frac=0.05 budget_n=369 est=10512.7
  [FastestO Curve] run=2 frac=0.075 budget_n=502 est=15917.7
  [FastestO Curve] run=2 frac=0.1 budget_n=591 est=10476.3
  [FastestO Curve] run=2 frac=0.15 budget_n=760 est=13464.8
  [FastestO Curve] run=2 frac=0.2 budget_n=933 est=23483.5
  [FastestO Curve] run=2 frac=0.3 budget_n=1254 est=15834.6
  [FastestO Curve] run=2 frac=0.4 budget_n=1450 est=15656.5
  [FastestO Curve] run=2 frac=0.5 budget_n=1670 est=22808.5
  [FastestO Curve] run=2 frac=0.6 budget_n=1856 est=17616.4
  [FastestO Curve] run=2 frac=0.7 budget_n=2044 est=17259.9
  [FastestO Curve] run=2 frac=0.8 budget_n=2181 est=20441.6
  [FastestO Curve] run=2 frac=0.9 budget_n=500 est=6207.48
  [FastestO Curve] run=3 frac=0.01 budget_n=108 est=44462.6
  [FastestO Curve] run=3 frac=0.05 budget_n=369 est=10991.7
  [FastestO Curve] run=3 frac=0.075 budget_n=502 est=21851.5
  [FastestO Curve] run=3 frac=0.1 budget_n=591 est=26851.3
  [FastestO Curve] run=3 frac=0.15 budget_n=760 est=4309.38
  [FastestO Curve] run=3 frac=0.2 budget_n=933 est=13569
  [FastestO Curve] run=3 frac=0.3 budget_n=1254 est=15997.1
  [FastestO Curve] run=3 frac=0.4 budget_n=1450 est=22210.7
  [FastestO Curve] run=3 frac=0.5 budget_n=1670 est=21105.3
  [FastestO Curve] run=3 frac=0.6 budget_n=1856 est=16090.2
  [FastestO Curve] run=3 frac=0.7 budget_n=2044 est=18208.5
  [FastestO Curve] run=3 frac=0.8 budget_n=2181 est=18679.4
  [FastestO Curve] run=3 frac=0.9 budget_n=500 est=11417.9
  [FastestO Curve] run=4 frac=0.01 budget_n=108 est=0
  [FastestO Curve] run=4 frac=0.05 budget_n=369 est=15246.9
  [FastestO Curve] run=4 frac=0.075 budget_n=502 est=18914.3
  [FastestO Curve] run=4 frac=0.1 budget_n=591 est=22921
  [FastestO Curve] run=4 frac=0.15 budget_n=760 est=15281
  [FastestO Curve] run=4 frac=0.2 budget_n=933 est=20710.6
  [FastestO Curve] run=4 frac=0.3 budget_n=1254 est=19899.9
  [FastestO Curve] run=4 frac=0.4 budget_n=1450 est=21972.8
  [FastestO Curve] run=4 frac=0.5 budget_n=1670 est=16559
  [FastestO Curve] run=4 frac=0.6 budget_n=1856 est=23299.1
  [FastestO Curve] run=4 frac=0.7 budget_n=2044 est=21596.1
  [FastestO Curve] run=4 frac=0.8 budget_n=2181 est=16928.2
  [FastestO Curve] run=4 frac=0.9 budget_n=500 est=23271.7
  [FastestO Curve] run=5 frac=0.01 budget_n=108 est=19684
  [FastestO Curve] run=5 frac=0.05 budget_n=369 est=14945.4
  [FastestO Curve] run=5 frac=0.075 budget_n=502 est=10926.1
  [FastestO Curve] run=5 frac=0.1 budget_n=591 est=8789.12
  [FastestO Curve] run=5 frac=0.15 budget_n=760 est=20230.2
  [FastestO Curve] run=5 frac=0.2 budget_n=933 est=23579.3
  [FastestO Curve] run=5 frac=0.3 budget_n=1254 est=17421.8
  [FastestO Curve] run=5 frac=0.4 budget_n=1450 est=23082.5
  [FastestO Curve] run=5 frac=0.5 budget_n=1670 est=16917.6
  [FastestO Curve] run=5 frac=0.6 budget_n=1856 est=18107.1
  [FastestO Curve] run=5 frac=0.7 budget_n=2044 est=18472
  [FastestO Curve] run=5 frac=0.8 budget_n=2181 est=19346.5
  [FastestO Curve] run=5 frac=0.9 budget_n=500 est=14006.1
  [Result] #CandTree           : 7.559e+06
  [Result] #TreeTrials         : 3238
  [Result] #TreeSuccess        : 6
  [Result] #UniqueOracleNodes  : 500.0000
  [Result] Truth               : 3050810.0000
  [Result] Est                 : 14006.1384
  [Result] logQError           : -2.3381
  [Result] TreeCountTime       : 23.9313
  [Result] QueryTime           : 6.1431
/home/wangshuo/projects/PROXY/datasets/parler-E/query_graph/query_cycle_8_37.graph Finished!

Start Processing (Multi-Predicate) /home/wangshuo/projects/PROXY/datasets/parler-E/query_graph/query_cycle_8_39.graph
[Info] Using explicit query nodes for predicates: 0 2 6 
[Info] FOIS_nrs base budget not found, will rely strictly on Curve CSV.
[Info] Using user-specified root label 1 -> query node 1
  [FastestO Curve] run=1 frac=0.01 budget_n=93 est=9178.26
  [FastestO Curve] run=1 frac=0.05 budget_n=305 est=16109.8
  [FastestO Curve] run=1 frac=0.075 budget_n=408 est=17435.2
  [FastestO Curve] run=1 frac=0.1 budget_n=498 est=18179.2
  [FastestO Curve] run=1 frac=0.15 budget_n=651 est=13897
  [FastestO Curve] run=1 frac=0.2 budget_n=744 est=13684
  [FastestO Curve] run=1 frac=0.3 budget_n=980 est=17358.2
  [FastestO Curve] run=1 frac=0.4 budget_n=1110 est=15054.4
  [FastestO Curve] run=1 frac=0.5 budget_n=1220 est=16357.6
  [FastestO Curve] run=1 frac=0.6 budget_n=1330 est=17422.3
  [FastestO Curve] run=1 frac=0.7 budget_n=1391 est=16334.2
  [FastestO Curve] run=1 frac=0.8 budget_n=1469 est=14765.1
  [FastestO Curve] run=1 frac=0.9 budget_n=500 est=12444.9
  [FastestO Curve] run=2 frac=0.01 budget_n=93 est=15119.5
  [FastestO Curve] run=2 frac=0.05 budget_n=305 est=15239.9
  [FastestO Curve] run=2 frac=0.075 budget_n=408 est=15194.2
  [FastestO Curve] run=2 frac=0.1 budget_n=498 est=14208.5
  [FastestO Curve] run=2 frac=0.15 budget_n=651 est=16258.5
  [FastestO Curve] run=2 frac=0.2 budget_n=744 est=17838.6
  [FastestO Curve] run=2 frac=0.3 budget_n=980 est=16265.2
  [FastestO Curve] run=2 frac=0.4 budget_n=1110 est=17468.3
  [FastestO Curve] run=2 frac=0.5 budget_n=1220 est=15770.6
  [FastestO Curve] run=2 frac=0.6 budget_n=1330 est=15853.6
  [FastestO Curve] run=2 frac=0.7 budget_n=1391 est=14916.5
  [FastestO Curve] run=2 frac=0.8 budget_n=1469 est=17960.4
  [FastestO Curve] run=2 frac=0.9 budget_n=500 est=16733.7
  [FastestO Curve] run=3 frac=0.01 budget_n=93 est=9567.17
  [FastestO Curve] run=3 frac=0.05 budget_n=305 est=27203
  [FastestO Curve] run=3 frac=0.075 budget_n=408 est=13787.2
  [FastestO Curve] run=3 frac=0.1 budget_n=498 est=18507
  [FastestO Curve] run=3 frac=0.15 budget_n=651 est=13410.6
  [FastestO Curve] run=3 frac=0.2 budget_n=744 est=12968.3
  [FastestO Curve] run=3 frac=0.3 budget_n=980 est=17117.3
  [FastestO Curve] run=3 frac=0.4 budget_n=1110 est=18772.5
  [FastestO Curve] run=3 frac=0.5 budget_n=1220 est=18111.8
  [FastestO Curve] run=3 frac=0.6 budget_n=1330 est=13925.9
  [FastestO Curve] run=3 frac=0.7 budget_n=1391 est=14131.8
  [FastestO Curve] run=3 frac=0.8 budget_n=1469 est=17808.1
  [FastestO Curve] run=3 frac=0.9 budget_n=500 est=13967.3
  [FastestO Curve] run=4 frac=0.01 budget_n=93 est=5131.48
  [FastestO Curve] run=4 frac=0.05 budget_n=305 est=8675.7
  [FastestO Curve] run=4 frac=0.075 budget_n=408 est=16127.5
  [FastestO Curve] run=4 frac=0.1 budget_n=498 est=16509.8
  [FastestO Curve] run=4 frac=0.15 budget_n=651 est=15802.7
  [FastestO Curve] run=4 frac=0.2 budget_n=744 est=12932.7
  [FastestO Curve] run=4 frac=0.3 budget_n=980 est=16208.6
  [FastestO Curve] run=4 frac=0.4 budget_n=1110 est=16042.7
  [FastestO Curve] run=4 frac=0.5 budget_n=1220 est=16954.6
  [FastestO Curve] run=4 frac=0.6 budget_n=1330 est=16416.9
  [FastestO Curve] run=4 frac=0.7 budget_n=1391 est=17357.6
  [FastestO Curve] run=4 frac=0.8 budget_n=1469 est=13162.1
  [FastestO Curve] run=4 frac=0.9 budget_n=500 est=16054.1
  [FastestO Curve] run=5 frac=0.01 budget_n=93 est=14598.2
  [FastestO Curve] run=5 frac=0.05 budget_n=305 est=14613.9
  [FastestO Curve] run=5 frac=0.075 budget_n=408 est=14631.4
  [FastestO Curve] run=5 frac=0.1 budget_n=498 est=12449
  [FastestO Curve] run=5 frac=0.15 budget_n=651 est=13968.7
  [FastestO Curve] run=5 frac=0.2 budget_n=744 est=12745.4
  [FastestO Curve] run=5 frac=0.3 budget_n=980 est=17919.5
  [FastestO Curve] run=5 frac=0.4 budget_n=1110 est=12861
  [FastestO Curve] run=5 frac=0.5 budget_n=1220 est=15994.2
  [FastestO Curve] run=5 frac=0.6 budget_n=1330 est=18364.7
  [FastestO Curve] run=5 frac=0.7 budget_n=1391 est=17034.3
  [FastestO Curve] run=5 frac=0.8 budget_n=1469 est=15641.1
  [FastestO Curve] run=5 frac=0.9 budget_n=500 est=16332.8
  [Result] #CandTree           : 1.129e+06
  [Result] #TreeTrials         : 1728
  [Result] #TreeSuccess        : 25
  [Result] #UniqueOracleNodes  : 500.0000
  [Result] Truth               : 310564.0000
  [Result] Est                 : 16332.8414
  [Result] logQError           : -1.2791
  [Result] TreeCountTime       : 14.6651
  [Result] QueryTime           : 1.3101
/home/wangshuo/projects/PROXY/datasets/parler-E/query_graph/query_cycle_8_39.graph Finished!

Start Processing (Multi-Predicate) /home/wangshuo/projects/PROXY/datasets/parler-E/query_graph/query_cycle_8_40.graph
[Info] Using explicit query nodes for predicates: 3 6 7 
[Info] FOIS_nrs base budget not found, will rely strictly on Curve CSV.
[Info] Using user-specified root label 1 -> query node 5
  [FastestO Curve] run=1 frac=0.01 budget_n=32 est=0
  [FastestO Curve] run=1 frac=0.05 budget_n=96 est=0
  [FastestO Curve] run=1 frac=0.075 budget_n=106 est=117335
  [FastestO Curve] run=1 frac=0.1 budget_n=134 est=157410
  [FastestO Curve] run=1 frac=0.15 budget_n=158 est=73638.9
  [FastestO Curve] run=1 frac=0.2 budget_n=194 est=165829
  [FastestO Curve] run=1 frac=0.3 budget_n=239 est=94791.6
  [FastestO Curve] run=1 frac=0.4 budget_n=274 est=99364.7
  [FastestO Curve] run=1 frac=0.5 budget_n=299 est=112294
  [FastestO Curve] run=1 frac=0.6 budget_n=324 est=95414
  [FastestO Curve] run=1 frac=0.7 budget_n=338 est=84448.9
  [FastestO Curve] run=1 frac=0.8 budget_n=347 est=97613.4
  [FastestO Curve] run=1 frac=0.9 budget_n=500 est=110764
  [FastestO Curve] run=2 frac=0.01 budget_n=32 est=0
  [FastestO Curve] run=2 frac=0.05 budget_n=96 est=169337
  [FastestO Curve] run=2 frac=0.075 budget_n=106 est=65073.2
  [FastestO Curve] run=2 frac=0.1 budget_n=134 est=157517
  [FastestO Curve] run=2 frac=0.15 budget_n=158 est=148920
  [FastestO Curve] run=2 frac=0.2 budget_n=194 est=107838
  [FastestO Curve] run=2 frac=0.3 budget_n=239 est=90399.6
  [FastestO Curve] run=2 frac=0.4 budget_n=274 est=63775.1
  [FastestO Curve] run=2 frac=0.5 budget_n=299 est=116959
  [FastestO Curve] run=2 frac=0.6 budget_n=324 est=108389
  [FastestO Curve] run=2 frac=0.7 budget_n=338 est=99321.2
  [FastestO Curve] run=2 frac=0.8 budget_n=347 est=91687.7
  [FastestO Curve] run=2 frac=0.9 budget_n=500 est=106221
  [FastestO Curve] run=3 frac=0.01 budget_n=32 est=0
  [FastestO Curve] run=3 frac=0.05 budget_n=96 est=165617
  [FastestO Curve] run=3 frac=0.075 budget_n=106 est=67437.2
  [FastestO Curve] run=3 frac=0.1 budget_n=134 est=82326.7
  [FastestO Curve] run=3 frac=0.15 budget_n=158 est=43765.2
  [FastestO Curve] run=3 frac=0.2 budget_n=194 est=140032
  [FastestO Curve] run=3 frac=0.3 budget_n=239 est=86135.8
  [FastestO Curve] run=3 frac=0.4 budget_n=274 est=111524
  [FastestO Curve] run=3 frac=0.5 budget_n=299 est=107608
  [FastestO Curve] run=3 frac=0.6 budget_n=324 est=94804.6
  [FastestO Curve] run=3 frac=0.7 budget_n=338 est=101287
  [FastestO Curve] run=3 frac=0.8 budget_n=347 est=94448.8
  [FastestO Curve] run=3 frac=0.9 budget_n=500 est=96775.8
  [FastestO Curve] run=4 frac=0.01 budget_n=32 est=0
  [FastestO Curve] run=4 frac=0.05 budget_n=96 est=155718
  [FastestO Curve] run=4 frac=0.075 budget_n=106 est=74264
  [FastestO Curve] run=4 frac=0.1 budget_n=134 est=106673
  [FastestO Curve] run=4 frac=0.15 budget_n=158 est=73576.2
  [FastestO Curve] run=4 frac=0.2 budget_n=194 est=66229.9
  [FastestO Curve] run=4 frac=0.3 budget_n=239 est=94030
  [FastestO Curve] run=4 frac=0.4 budget_n=274 est=92192.2
  [FastestO Curve] run=4 frac=0.5 budget_n=299 est=115793
  [FastestO Curve] run=4 frac=0.6 budget_n=324 est=77431.5
  [FastestO Curve] run=4 frac=0.7 budget_n=338 est=100787
  [FastestO Curve] run=4 frac=0.8 budget_n=347 est=87742.5
  [FastestO Curve] run=4 frac=0.9 budget_n=500 est=95423.2
  [FastestO Curve] run=5 frac=0.01 budget_n=32 est=0
  [FastestO Curve] run=5 frac=0.05 budget_n=96 est=0
  [FastestO Curve] run=5 frac=0.075 budget_n=106 est=59695.4
  [FastestO Curve] run=5 frac=0.1 budget_n=134 est=189713
  [FastestO Curve] run=5 frac=0.15 budget_n=158 est=121555
  [FastestO Curve] run=5 frac=0.2 budget_n=194 est=118209
  [FastestO Curve] run=5 frac=0.3 budget_n=239 est=115212
  [FastestO Curve] run=5 frac=0.4 budget_n=274 est=157031
  [FastestO Curve] run=5 frac=0.5 budget_n=299 est=115137
  [FastestO Curve] run=5 frac=0.6 budget_n=324 est=91405.5
  [FastestO Curve] run=5 frac=0.7 budget_n=338 est=108458
  [FastestO Curve] run=5 frac=0.8 budget_n=347 est=88111.2
  [FastestO Curve] run=5 frac=0.9 budget_n=500 est=108523
  [Result] #CandTree           : 8.632e+07
  [Result] #TreeTrials         : 69200
  [Result] #TreeSuccess        : 87
  [Result] #UniqueOracleNodes  : 403.0000
  [Result] Truth               : 85123574.0000
  [Result] Est                 : 108523.1613
  [Result] logQError           : -2.8945
  [Result] TreeCountTime       : 5.1863
  [Result] QueryTime           : 145.9873
/home/wangshuo/projects/PROXY/datasets/parler-E/query_graph/query_cycle_8_40.graph Finished!

Start Processing (Multi-Predicate) /home/wangshuo/projects/PROXY/datasets/parler-E/query_graph/query_cycle_8_41.graph
[Info] Using explicit query nodes for predicates: 0 1 3 5 
[Info] FOIS_nrs base budget not found, will rely strictly on Curve CSV.
[Warning] Requested root label 1 not found in query. Falling back to default root 0
  [FastestO Curve] run=1 frac=0.01 budget_n=15 est=0
  [FastestO Curve] run=1 frac=0.05 budget_n=29 est=89.7093
  [FastestO Curve] run=1 frac=0.075 budget_n=30 est=0
  [FastestO Curve] run=1 frac=0.1 budget_n=32 est=0
  [FastestO Curve] run=1 frac=0.15 budget_n=32 est=0
  [FastestO Curve] run=1 frac=0.2 budget_n=32 est=69.8299
  [FastestO Curve] run=1 frac=0.3 budget_n=33 est=85.4588
  [FastestO Curve] run=1 frac=0.4 budget_n=39 est=0
  [FastestO Curve] run=1 frac=0.5 budget_n=42 est=124.308
  [FastestO Curve] run=1 frac=0.6 budget_n=41 est=62.1542
  [FastestO Curve] run=1 frac=0.7 budget_n=41 est=62.1542
  [FastestO Curve] run=1 frac=0.8 budget_n=42 est=31.0771
  [FastestO Curve] run=1 frac=0.9 budget_n=500 est=62.1542
  [FastestO Curve] run=2 frac=0.01 budget_n=15 est=0
  [FastestO Curve] run=2 frac=0.05 budget_n=29 est=216.218
  [FastestO Curve] run=2 frac=0.075 budget_n=30 est=55.8478
  [FastestO Curve] run=2 frac=0.1 budget_n=32 est=157.003
  [FastestO Curve] run=2 frac=0.15 budget_n=32 est=0
  [FastestO Curve] run=2 frac=0.2 budget_n=32 est=114.583
  [FastestO Curve] run=2 frac=0.3 budget_n=33 est=0
  [FastestO Curve] run=2 frac=0.4 budget_n=39 est=31.0771
  [FastestO Curve] run=2 frac=0.5 budget_n=42 est=93.2312
  [FastestO Curve] run=2 frac=0.6 budget_n=41 est=93.2312
  [FastestO Curve] run=2 frac=0.7 budget_n=41 est=62.1542
  [FastestO Curve] run=2 frac=0.8 budget_n=42 est=124.308
  [FastestO Curve] run=2 frac=0.9 budget_n=500 est=0
  [FastestO Curve] run=3 frac=0.01 budget_n=15 est=0
  [FastestO Curve] run=3 frac=0.05 budget_n=29 est=0
  [FastestO Curve] run=3 frac=0.075 budget_n=30 est=57.3886
  [FastestO Curve] run=3 frac=0.1 budget_n=32 est=0
  [FastestO Curve] run=3 frac=0.15 budget_n=32 est=76.537
  [FastestO Curve] run=3 frac=0.2 budget_n=32 est=0
  [FastestO Curve] run=3 frac=0.3 budget_n=33 est=38.8726
  [FastestO Curve] run=3 frac=0.4 budget_n=39 est=62.1542
  [FastestO Curve] run=3 frac=0.5 budget_n=42 est=31.0771
  [FastestO Curve] run=3 frac=0.6 budget_n=41 est=0
  [FastestO Curve] run=3 frac=0.7 budget_n=41 est=93.2312
  [FastestO Curve] run=3 frac=0.8 budget_n=42 est=124.308
  [FastestO Curve] run=3 frac=0.9 budget_n=500 est=62.1542
  [FastestO Curve] run=4 frac=0.01 budget_n=15 est=0
  [FastestO Curve] run=4 frac=0.05 budget_n=29 est=128.78
  [FastestO Curve] run=4 frac=0.075 budget_n=30 est=0
  [FastestO Curve] run=4 frac=0.1 budget_n=32 est=0
  [FastestO Curve] run=4 frac=0.15 budget_n=32 est=79.7175
  [FastestO Curve] run=4 frac=0.2 budget_n=32 est=0
  [FastestO Curve] run=4 frac=0.3 budget_n=33 est=180.696
  [FastestO Curve] run=4 frac=0.4 budget_n=39 est=93.2312
  [FastestO Curve] run=4 frac=0.5 budget_n=42 est=31.0771
  [FastestO Curve] run=4 frac=0.6 budget_n=41 est=62.1542
  [FastestO Curve] run=4 frac=0.7 budget_n=41 est=0
  [FastestO Curve] run=4 frac=0.8 budget_n=42 est=93.2312
  [FastestO Curve] run=4 frac=0.9 budget_n=500 est=62.1542
  [FastestO Curve] run=5 frac=0.01 budget_n=15 est=0
  [FastestO Curve] run=5 frac=0.05 budget_n=29 est=0
  [FastestO Curve] run=5 frac=0.075 budget_n=30 est=0
  [FastestO Curve] run=5 frac=0.1 budget_n=32 est=152.406
  [FastestO Curve] run=5 frac=0.15 budget_n=32 est=0
  [FastestO Curve] run=5 frac=0.2 budget_n=32 est=54.771
  [FastestO Curve] run=5 frac=0.3 budget_n=33 est=0
  [FastestO Curve] run=5 frac=0.4 budget_n=39 est=0
  [FastestO Curve] run=5 frac=0.5 budget_n=42 est=31.0771
  [FastestO Curve] run=5 frac=0.6 budget_n=41 est=62.1542
  [FastestO Curve] run=5 frac=0.7 budget_n=41 est=93.2312
  [FastestO Curve] run=5 frac=0.8 budget_n=42 est=0
  [FastestO Curve] run=5 frac=0.9 budget_n=500 est=62.1542
  [Result] #CandTree           : 1.554e+06
  [Result] #TreeTrials         : 50000
  [Result] #TreeSuccess        : 2
  [Result] #UniqueOracleNodes  : 37.0000
  [Result] Truth               : 1327806.0000
  [Result] Est                 : 62.1542
  [Result] logQError           : -4.3297
  [Result] TreeCountTime       : 1.7480
  [Result] QueryTime           : 47.2119
/home/wangshuo/projects/PROXY/datasets/parler-E/query_graph/query_cycle_8_41.graph Finished!

Start Processing (Multi-Predicate) /home/wangshuo/projects/PROXY/datasets/parler-E/query_graph/query_cycle_8_42.graph
[Info] Using explicit query nodes for predicates: 1 3 4 7 
[Info] FOIS_nrs base budget not found, will rely strictly on Curve CSV.
[Info] Using user-specified root label 1 -> query node 2
  [FastestO Curve] run=1 frac=0.01 budget_n=52 est=0
  [FastestO Curve] run=1 frac=0.05 budget_n=180 est=8.28694
  [FastestO Curve] run=1 frac=0.075 budget_n=234 est=17.4759
  [FastestO Curve] run=1 frac=0.1 budget_n=281 est=12.1436
  [FastestO Curve] run=1 frac=0.15 budget_n=381 est=14.7945
  [FastestO Curve] run=1 frac=0.2 budget_n=461 est=18.047
  [FastestO Curve] run=1 frac=0.3 budget_n=573 est=18.7308
  [FastestO Curve] run=1 frac=0.4 budget_n=678 est=17.8627
  [FastestO Curve] run=1 frac=0.5 budget_n=770 est=17.0204
  [FastestO Curve] run=1 frac=0.6 budget_n=848 est=19.9117
  [FastestO Curve] run=1 frac=0.7 budget_n=944 est=16.4657
  [FastestO Curve] run=1 frac=0.8 budget_n=1046 est=17.3449
  [FastestO Curve] run=1 frac=0.9 budget_n=500 est=18.7
  [FastestO Curve] run=2 frac=0.01 budget_n=52 est=0
  [FastestO Curve] run=2 frac=0.05 budget_n=180 est=31.6237
  [FastestO Curve] run=2 frac=0.075 budget_n=234 est=13.4963
  [FastestO Curve] run=2 frac=0.1 budget_n=281 est=16.4423
  [FastestO Curve] run=2 frac=0.15 budget_n=381 est=17.11
  [FastestO Curve] run=2 frac=0.2 budget_n=461 est=15.6822
  [FastestO Curve] run=2 frac=0.3 budget_n=573 est=14.5858
  [FastestO Curve] run=2 frac=0.4 budget_n=678 est=18.7154
  [FastestO Curve] run=2 frac=0.5 budget_n=770 est=16.7077
  [FastestO Curve] run=2 frac=0.6 budget_n=848 est=17.5592
  [FastestO Curve] run=2 frac=0.7 budget_n=944 est=15.4899
  [FastestO Curve] run=2 frac=0.8 budget_n=1046 est=17.5728
  [FastestO Curve] run=2 frac=0.9 budget_n=500 est=14.8428
  [FastestO Curve] run=3 frac=0.01 budget_n=52 est=0
  [FastestO Curve] run=3 frac=0.05 budget_n=180 est=37.9347
  [FastestO Curve] run=3 frac=0.075 budget_n=234 est=0
  [FastestO Curve] run=3 frac=0.1 budget_n=281 est=21.6288
  [FastestO Curve] run=3 frac=0.15 budget_n=381 est=17.1358
  [FastestO Curve] run=3 frac=0.2 budget_n=461 est=16.1385
  [FastestO Curve] run=3 frac=0.3 budget_n=573 est=18.0327
  [FastestO Curve] run=3 frac=0.4 budget_n=678 est=20.7096
  [FastestO Curve] run=3 frac=0.5 budget_n=770 est=18.4272
  [FastestO Curve] run=3 frac=0.6 budget_n=848 est=17.5864
  [FastestO Curve] run=3 frac=0.7 budget_n=944 est=18.8707
  [FastestO Curve] run=3 frac=0.8 budget_n=1046 est=18.9335
  [FastestO Curve] run=3 frac=0.9 budget_n=500 est=16.8065
  [FastestO Curve] run=4 frac=0.01 budget_n=52 est=0
  [FastestO Curve] run=4 frac=0.05 budget_n=180 est=24.3815
  [FastestO Curve] run=4 frac=0.075 budget_n=234 est=23.5973
  [FastestO Curve] run=4 frac=0.1 budget_n=281 est=11.1655
  [FastestO Curve] run=4 frac=0.15 budget_n=381 est=18.4871
  [FastestO Curve] run=4 frac=0.2 budget_n=461 est=17.1746
  [FastestO Curve] run=4 frac=0.3 budget_n=573 est=21.0353
  [FastestO Curve] run=4 frac=0.4 budget_n=678 est=18.2644
  [FastestO Curve] run=4 frac=0.5 budget_n=770 est=16.7765
  [FastestO Curve] run=4 frac=0.6 budget_n=848 est=15.5322
  [FastestO Curve] run=4 frac=0.7 budget_n=944 est=15.3023
  [FastestO Curve] run=4 frac=0.8 budget_n=1046 est=16.9443
  [FastestO Curve] run=4 frac=0.9 budget_n=500 est=17.8347
  [FastestO Curve] run=5 frac=0.01 budget_n=52 est=0
  [FastestO Curve] run=5 frac=0.05 budget_n=180 est=0
  [FastestO Curve] run=5 frac=0.075 budget_n=234 est=25.1613
  [FastestO Curve] run=5 frac=0.1 budget_n=281 est=24.1823
  [FastestO Curve] run=5 frac=0.15 budget_n=381 est=19.569
  [FastestO Curve] run=5 frac=0.2 budget_n=461 est=18.3974
  [FastestO Curve] run=5 frac=0.3 budget_n=573 est=20.3939
  [FastestO Curve] run=5 frac=0.4 budget_n=678 est=14.1325
  [FastestO Curve] run=5 frac=0.5 budget_n=770 est=18.5475
  [FastestO Curve] run=5 frac=0.6 budget_n=848 est=16.2772
  [FastestO Curve] run=5 frac=0.7 budget_n=944 est=17.5321
  [FastestO Curve] run=5 frac=0.8 budget_n=1046 est=17.3582
  [FastestO Curve] run=5 frac=0.9 budget_n=500 est=15.8461
  [Result] #CandTree           : 2.614e+04
  [Result] #TreeTrials         : 143500
  [Result] #TreeSuccess        : 87
  [Result] #UniqueOracleNodes  : 346.0000
  [Result] Truth               : 23933.0000
  [Result] Est                 : 15.8461
  [Result] logQError           : -3.1791
  [Result] TreeCountTime       : 2.0926
  [Result] QueryTime           : 192.8784
/home/wangshuo/projects/PROXY/datasets/parler-E/query_graph/query_cycle_8_42.graph Finished!

Start Processing (Multi-Predicate) /home/wangshuo/projects/PROXY/datasets/parler-E/query_graph/query_cycle_8_44.graph
[Info] Using explicit query nodes for predicates: 1 3 4 
[Info] FOIS_nrs base budget not found, will rely strictly on Curve CSV.
[Info] Using user-specified root label 1 -> query node 2
  [FastestO Curve] run=1 frac=0.01 budget_n=22 est=0
  [FastestO Curve] run=1 frac=0.05 budget_n=70 est=0
  [FastestO Curve] run=1 frac=0.075 budget_n=74 est=0
  [FastestO Curve] run=1 frac=0.1 budget_n=90 est=0
  [FastestO Curve] run=1 frac=0.15 budget_n=111 est=27.6393
  [FastestO Curve] run=1 frac=0.2 budget_n=128 est=15.8403
  [FastestO Curve] run=1 frac=0.3 budget_n=166 est=47.3618
  [FastestO Curve] run=1 frac=0.4 budget_n=182 est=8.10404
  [FastestO Curve] run=1 frac=0.5 budget_n=198 est=27.2006
  [FastestO Curve] run=1 frac=0.6 budget_n=219 est=32.7745
  [FastestO Curve] run=1 frac=0.7 budget_n=227 est=11.0709
  [FastestO Curve] run=1 frac=0.8 budget_n=237 est=27.92
  [FastestO Curve] run=1 frac=0.9 budget_n=500 est=18.0122
  [FastestO Curve] run=2 frac=0.01 budget_n=22 est=0
  [FastestO Curve] run=2 frac=0.05 budget_n=70 est=0
  [FastestO Curve] run=2 frac=0.075 budget_n=74 est=0
  [FastestO Curve] run=2 frac=0.1 budget_n=90 est=0
  [FastestO Curve] run=2 frac=0.15 budget_n=111 est=23.3871
  [FastestO Curve] run=2 frac=0.2 budget_n=128 est=0
  [FastestO Curve] run=2 frac=0.3 budget_n=166 est=0
  [FastestO Curve] run=2 frac=0.4 budget_n=182 est=14.6124
  [FastestO Curve] run=2 frac=0.5 budget_n=198 est=15.8049
  [FastestO Curve] run=2 frac=0.6 budget_n=219 est=27.2925
  [FastestO Curve] run=2 frac=0.7 budget_n=227 est=11.8516
  [FastestO Curve] run=2 frac=0.8 budget_n=237 est=16.3742
  [FastestO Curve] run=2 frac=0.9 budget_n=500 est=18.0926
  [FastestO Curve] run=3 frac=0.01 budget_n=22 est=0
  [FastestO Curve] run=3 frac=0.05 budget_n=70 est=0
  [FastestO Curve] run=3 frac=0.075 budget_n=74 est=0
  [FastestO Curve] run=3 frac=0.1 budget_n=90 est=0
  [FastestO Curve] run=3 frac=0.15 budget_n=111 est=24.354
  [FastestO Curve] run=3 frac=0.2 budget_n=128 est=44.9881
  [FastestO Curve] run=3 frac=0.3 budget_n=166 est=0
  [FastestO Curve] run=3 frac=0.4 budget_n=182 est=17.1676
  [FastestO Curve] run=3 frac=0.5 budget_n=198 est=27.7206
  [FastestO Curve] run=3 frac=0.6 budget_n=219 est=17.7579
  [FastestO Curve] run=3 frac=0.7 budget_n=227 est=10.5112
  [FastestO Curve] run=3 frac=0.8 budget_n=237 est=19.4973
  [FastestO Curve] run=3 frac=0.9 budget_n=500 est=16.0426
  [FastestO Curve] run=4 frac=0.01 budget_n=22 est=0
  [FastestO Curve] run=4 frac=0.05 budget_n=70 est=0
  [FastestO Curve] run=4 frac=0.075 budget_n=74 est=0
  [FastestO Curve] run=4 frac=0.1 budget_n=90 est=0
  [FastestO Curve] run=4 frac=0.15 budget_n=111 est=27.3188
  [FastestO Curve] run=4 frac=0.2 budget_n=128 est=44.881
  [FastestO Curve] run=4 frac=0.3 budget_n=166 est=0
  [FastestO Curve] run=4 frac=0.4 budget_n=182 est=14.2372
  [FastestO Curve] run=4 frac=0.5 budget_n=198 est=20.8826
  [FastestO Curve] run=4 frac=0.6 budget_n=219 est=15.4508
  [FastestO Curve] run=4 frac=0.7 budget_n=227 est=22.3235
  [FastestO Curve] run=4 frac=0.8 budget_n=237 est=5.74345
  [FastestO Curve] run=4 frac=0.9 budget_n=500 est=17.5444
  [FastestO Curve] run=5 frac=0.01 budget_n=22 est=0
  [FastestO Curve] run=5 frac=0.05 budget_n=70 est=0
  [FastestO Curve] run=5 frac=0.075 budget_n=74 est=0
  [FastestO Curve] run=5 frac=0.1 budget_n=90 est=47.3618
  [FastestO Curve] run=5 frac=0.15 budget_n=111 est=67.9688
  [FastestO Curve] run=5 frac=0.2 budget_n=128 est=0
  [FastestO Curve] run=5 frac=0.3 budget_n=166 est=10.3914
  [FastestO Curve] run=5 frac=0.4 budget_n=182 est=6.99703
  [FastestO Curve] run=5 frac=0.5 budget_n=198 est=6.15209
  [FastestO Curve] run=5 frac=0.6 budget_n=219 est=13.9354
  [FastestO Curve] run=5 frac=0.7 budget_n=227 est=13.383
  [FastestO Curve] run=5 frac=0.8 budget_n=237 est=3.02763
  [FastestO Curve] run=5 frac=0.9 budget_n=500 est=20.7302
  [Result] #CandTree           : 9425
  [Result] #TreeTrials         : 39100
  [Result] #TreeSuccess        : 86
  [Result] #UniqueOracleNodes  : 323.0000
  [Result] Truth               : 7293.0000
  [Result] Est                 : 20.7302
  [Result] logQError           : -2.5463
  [Result] TreeCountTime       : 1.5575
  [Result] QueryTime           : 39.0220
/home/wangshuo/projects/PROXY/datasets/parler-E/query_graph/query_cycle_8_44.graph Finished!

Start Processing (Multi-Predicate) /home/wangshuo/projects/PROXY/datasets/parler-E/query_graph/query_cycle_8_46.graph
[Info] Using explicit query nodes for predicates: 0 1 3 4 5 7 
[Info] FOIS_nrs base budget not found, will rely strictly on Curve CSV.
[Info] Using user-specified root label 1 -> query node 6
  [FastestO Curve] run=1 frac=0.01 budget_n=334 est=0
  [FastestO Curve] run=1 frac=0.05 budget_n=939 est=0
  [FastestO Curve] run=1 frac=0.075 budget_n=1264 est=9169.53
  [FastestO Curve] run=1 frac=0.1 budget_n=1586 est=6554.8
  [FastestO Curve] run=1 frac=0.15 budget_n=2156 est=12172.8
  [FastestO Curve] run=1 frac=0.2 budget_n=2724 est=5700.96
  [FastestO Curve] run=1 frac=0.3 budget_n=3642 est=4835.46
  [FastestO Curve] run=1 frac=0.4 budget_n=4284 est=9026.05
  [FastestO Curve] run=1 frac=0.5 budget_n=4781 est=10586
  [FastestO Curve] run=1 frac=0.6 budget_n=5165 est=12160.2
  [FastestO Curve] run=1 frac=0.7 budget_n=5495 est=9305.14
  [FastestO Curve] run=1 frac=0.8 budget_n=5778 est=9392.42
  [FastestO Curve] run=1 frac=0.9 budget_n=500 est=54617.4
  [FastestO Curve] run=2 frac=0.01 budget_n=334 est=0
  [FastestO Curve] run=2 frac=0.05 budget_n=939 est=0
  [FastestO Curve] run=2 frac=0.075 budget_n=1264 est=0
  [FastestO Curve] run=2 frac=0.1 budget_n=1586 est=0
  [FastestO Curve] run=2 frac=0.15 budget_n=2156 est=4065.84
  [FastestO Curve] run=2 frac=0.2 budget_n=2724 est=11264.2
  [FastestO Curve] run=2 frac=0.3 budget_n=3642 est=6503.76
  [FastestO Curve] run=2 frac=0.4 budget_n=4284 est=3557.79
  [FastestO Curve] run=2 frac=0.5 budget_n=4781 est=11916
  [FastestO Curve] run=2 frac=0.6 budget_n=5165 est=6069.98
  [FastestO Curve] run=2 frac=0.7 budget_n=5495 est=10131.2
  [FastestO Curve] run=2 frac=0.8 budget_n=5778 est=9008.81
  [FastestO Curve] run=2 frac=0.9 budget_n=500 est=0
  [FastestO Curve] run=3 frac=0.01 budget_n=334 est=0
  [FastestO Curve] run=3 frac=0.05 budget_n=939 est=12104.2
  [FastestO Curve] run=3 frac=0.075 budget_n=1264 est=18123.5
  [FastestO Curve] run=3 frac=0.1 budget_n=1586 est=6486.92
  [FastestO Curve] run=3 frac=0.15 budget_n=2156 est=12548.8
  [FastestO Curve] run=3 frac=0.2 budget_n=2724 est=11684.4
  [FastestO Curve] run=3 frac=0.3 budget_n=3642 est=4711.2
  [FastestO Curve] run=3 frac=0.4 budget_n=4284 est=6992.3
  [FastestO Curve] run=3 frac=0.5 budget_n=4781 est=11348.1
  [FastestO Curve] run=3 frac=0.6 budget_n=5165 est=10280
  [FastestO Curve] run=3 frac=0.7 budget_n=5495 est=6362.15
  [FastestO Curve] run=3 frac=0.8 budget_n=5778 est=9686.13
  [FastestO Curve] run=3 frac=0.9 budget_n=500 est=0
  [FastestO Curve] run=4 frac=0.01 budget_n=334 est=0
  [FastestO Curve] run=4 frac=0.05 budget_n=939 est=0
  [FastestO Curve] run=4 frac=0.075 budget_n=1264 est=27383.3
  [FastestO Curve] run=4 frac=0.1 budget_n=1586 est=6507.98
  [FastestO Curve] run=4 frac=0.15 budget_n=2156 est=8235.25
  [FastestO Curve] run=4 frac=0.2 budget_n=2724 est=14329.8
  [FastestO Curve] run=4 frac=0.3 budget_n=3642 est=8094.25
  [FastestO Curve] run=4 frac=0.4 budget_n=4284 est=9072
  [FastestO Curve] run=4 frac=0.5 budget_n=4781 est=6350.12
  [FastestO Curve] run=4 frac=0.6 budget_n=5165 est=16263.7
  [FastestO Curve] run=4 frac=0.7 budget_n=5495 est=10196.9
  [FastestO Curve] run=4 frac=0.8 budget_n=5778 est=10506.2
  [FastestO Curve] run=4 frac=0.9 budget_n=500 est=0
  [FastestO Curve] run=5 frac=0.01 budget_n=334 est=39457.9
  [FastestO Curve] run=5 frac=0.05 budget_n=939 est=0
  [FastestO Curve] run=5 frac=0.075 budget_n=1264 est=0
  [FastestO Curve] run=5 frac=0.1 budget_n=1586 est=18838.9
  [FastestO Curve] run=5 frac=0.15 budget_n=2156 est=8443.38
  [FastestO Curve] run=5 frac=0.2 budget_n=2724 est=5750.03
  [FastestO Curve] run=5 frac=0.3 budget_n=3642 est=9725.66
  [FastestO Curve] run=5 frac=0.4 budget_n=4284 est=7942.5
  [FastestO Curve] run=5 frac=0.5 budget_n=4781 est=8179.98
  [FastestO Curve] run=5 frac=0.6 budget_n=5165 est=11195.6
  [FastestO Curve] run=5 frac=0.7 budget_n=5495 est=5789.52
  [FastestO Curve] run=5 frac=0.8 budget_n=5778 est=8075.52
  [FastestO Curve] run=5 frac=0.9 budget_n=500 est=0
  [Result] #CandTree           : 1.002e+07
  [Result] #TreeTrials         : 364
  [Result] #TreeSuccess        : 0
  [Result] #UniqueOracleNodes  : 500.0000
  [Result] Truth               : 8699777.0000
  [Result] Est                 : 0.0000
  [Result] logQError           : -6.9395
  [Result] TreeCountTime       : 21.4692
  [Result] QueryTime           : 1.1912
/home/wangshuo/projects/PROXY/datasets/parler-E/query_graph/query_cycle_8_46.graph Finished!

Start Processing (Multi-Predicate) /home/wangshuo/projects/PROXY/datasets/parler-E/query_graph/query_cycle_8_47.graph
[Info] Using explicit query nodes for predicates: 0 4 6 
[Info] FOIS_nrs base budget not found, will rely strictly on Curve CSV.
[Info] Using user-specified root label 1 -> query node 7
  [FastestO Curve] run=1 frac=0.01 budget_n=15 est=0
  [FastestO Curve] run=1 frac=0.05 budget_n=24 est=0
  [FastestO Curve] run=1 frac=0.075 budget_n=30 est=0
  [FastestO Curve] run=1 frac=0.1 budget_n=32 est=0
  [FastestO Curve] run=1 frac=0.15 budget_n=38 est=0
  [FastestO Curve] run=1 frac=0.2 budget_n=44 est=0
  [FastestO Curve] run=1 frac=0.3 budget_n=45 est=0
  [FastestO Curve] run=1 frac=0.4 budget_n=47 est=0
  [FastestO Curve] run=1 frac=0.5 budget_n=51 est=0
  [FastestO Curve] run=1 frac=0.6 budget_n=52 est=0
  [FastestO Curve] run=1 frac=0.7 budget_n=54 est=0
  [FastestO Curve] run=1 frac=0.8 budget_n=58 est=0
  [FastestO Curve] run=1 frac=0.9 budget_n=500 est=0
  [FastestO Curve] run=2 frac=0.01 budget_n=15 est=0
  [FastestO Curve] run=2 frac=0.05 budget_n=24 est=0
  [FastestO Curve] run=2 frac=0.075 budget_n=30 est=0
  [FastestO Curve] run=2 frac=0.1 budget_n=32 est=0
  [FastestO Curve] run=2 frac=0.15 budget_n=38 est=0
  [FastestO Curve] run=2 frac=0.2 budget_n=44 est=0
  [FastestO Curve] run=2 frac=0.3 budget_n=45 est=0
  [FastestO Curve] run=2 frac=0.4 budget_n=47 est=0
  [FastestO Curve] run=2 frac=0.5 budget_n=51 est=0
  [FastestO Curve] run=2 frac=0.6 budget_n=52 est=0
  [FastestO Curve] run=2 frac=0.7 budget_n=54 est=0
  [FastestO Curve] run=2 frac=0.8 budget_n=58 est=0
  [FastestO Curve] run=2 frac=0.9 budget_n=500 est=0
  [FastestO Curve] run=3 frac=0.01 budget_n=15 est=0
  [FastestO Curve] run=3 frac=0.05 budget_n=24 est=0
  [FastestO Curve] run=3 frac=0.075 budget_n=30 est=0
  [FastestO Curve] run=3 frac=0.1 budget_n=32 est=0
  [FastestO Curve] run=3 frac=0.15 budget_n=38 est=0
  [FastestO Curve] run=3 frac=0.2 budget_n=44 est=0
  [FastestO Curve] run=3 frac=0.3 budget_n=45 est=0
  [FastestO Curve] run=3 frac=0.4 budget_n=47 est=0
  [FastestO Curve] run=3 frac=0.5 budget_n=51 est=0
  [FastestO Curve] run=3 frac=0.6 budget_n=52 est=0
  [FastestO Curve] run=3 frac=0.7 budget_n=54 est=0
  [FastestO Curve] run=3 frac=0.8 budget_n=58 est=0
  [FastestO Curve] run=3 frac=0.9 budget_n=500 est=0
  [FastestO Curve] run=4 frac=0.01 budget_n=15 est=0
  [FastestO Curve] run=4 frac=0.05 budget_n=24 est=0
  [FastestO Curve] run=4 frac=0.075 budget_n=30 est=0
  [FastestO Curve] run=4 frac=0.1 budget_n=32 est=0
  [FastestO Curve] run=4 frac=0.15 budget_n=38 est=0
  [FastestO Curve] run=4 frac=0.2 budget_n=44 est=0
  [FastestO Curve] run=4 frac=0.3 budget_n=45 est=0
  [FastestO Curve] run=4 frac=0.4 budget_n=47 est=0
  [FastestO Curve] run=4 frac=0.5 budget_n=51 est=0
  [FastestO Curve] run=4 frac=0.6 budget_n=52 est=0
  [FastestO Curve] run=4 frac=0.7 budget_n=54 est=0
  [FastestO Curve] run=4 frac=0.8 budget_n=58 est=0
  [FastestO Curve] run=4 frac=0.9 budget_n=500 est=0
  [FastestO Curve] run=5 frac=0.01 budget_n=15 est=0
  [FastestO Curve] run=5 frac=0.05 budget_n=24 est=0
  [FastestO Curve] run=5 frac=0.075 budget_n=30 est=0
  [FastestO Curve] run=5 frac=0.1 budget_n=32 est=0
  [FastestO Curve] run=5 frac=0.15 budget_n=38 est=0
  [FastestO Curve] run=5 frac=0.2 budget_n=44 est=0
  [FastestO Curve] run=5 frac=0.3 budget_n=45 est=0
  [FastestO Curve] run=5 frac=0.4 budget_n=47 est=0
  [FastestO Curve] run=5 frac=0.5 budget_n=51 est=0
  [FastestO Curve] run=5 frac=0.6 budget_n=52 est=0
  [FastestO Curve] run=5 frac=0.7 budget_n=54 est=0
  [FastestO Curve] run=5 frac=0.8 budget_n=58 est=0
  [FastestO Curve] run=5 frac=0.9 budget_n=500 est=0
  [Result] #CandTree           : 5444
  [Result] #TreeTrials         : 1267
  [Result] #TreeSuccess        : 0
  [Result] #UniqueOracleNodes  : 500.0000
  [Result] Truth               : 5092.0000
  [Result] Est                 : 0.0000
  [Result] logQError           : -3.7069
  [Result] TreeCountTime       : 10.0171
  [Result] QueryTime           : 1.4478
/home/wangshuo/projects/PROXY/datasets/parler-E/query_graph/query_cycle_8_47.graph Finished!

Start Processing (Multi-Predicate) /home/wangshuo/projects/PROXY/datasets/parler-E/query_graph/query_cycle_8_48.graph
[Info] Using explicit query nodes for predicates: 0 2 3 4 5 
[Info] FOIS_nrs base budget not found, will rely strictly on Curve CSV.
[Info] Using user-specified root label 1 -> query node 1
  [FastestO Curve] run=1 frac=0.01 budget_n=81 est=0
  [FastestO Curve] run=1 frac=0.05 budget_n=137 est=1.10457e+06
  [FastestO Curve] run=1 frac=0.075 budget_n=144 est=614843
  [FastestO Curve] run=1 frac=0.1 budget_n=162 est=477953
  [FastestO Curve] run=1 frac=0.15 budget_n=186 est=472603
  [FastestO Curve] run=1 frac=0.2 budget_n=210 est=173504
  [FastestO Curve] run=1 frac=0.3 budget_n=296 est=425026
  [FastestO Curve] run=1 frac=0.4 budget_n=341 est=243885
  [FastestO Curve] run=1 frac=0.5 budget_n=360 est=523379
  [FastestO Curve] run=1 frac=0.6 budget_n=381 est=619656
  [FastestO Curve] run=1 frac=0.7 budget_n=392 est=307123
  [FastestO Curve] run=1 frac=0.8 budget_n=404 est=521463
  [FastestO Curve] run=1 frac=0.9 budget_n=500 est=269612
  [FastestO Curve] run=2 frac=0.01 budget_n=81 est=772303
  [FastestO Curve] run=2 frac=0.05 budget_n=137 est=0
  [FastestO Curve] run=2 frac=0.075 budget_n=144 est=370344
  [FastestO Curve] run=2 frac=0.1 budget_n=162 est=580998
  [FastestO Curve] run=2 frac=0.15 budget_n=186 est=0
  [FastestO Curve] run=2 frac=0.2 budget_n=210 est=187363
  [FastestO Curve] run=2 frac=0.3 budget_n=296 est=341856
  [FastestO Curve] run=2 frac=0.4 budget_n=341 est=365640
  [FastestO Curve] run=2 frac=0.5 budget_n=360 est=371793
  [FastestO Curve] run=2 frac=0.6 budget_n=381 est=112385
  [FastestO Curve] run=2 frac=0.7 budget_n=392 est=343556
  [FastestO Curve] run=2 frac=0.8 budget_n=404 est=300707
  [FastestO Curve] run=2 frac=0.9 budget_n=500 est=276545
  [FastestO Curve] run=3 frac=0.01 budget_n=81 est=0
  [FastestO Curve] run=3 frac=0.05 budget_n=137 est=383811
  [FastestO Curve] run=3 frac=0.075 budget_n=144 est=0
  [FastestO Curve] run=3 frac=0.1 budget_n=162 est=0
  [FastestO Curve] run=3 frac=0.15 budget_n=186 est=413914
  [FastestO Curve] run=3 frac=0.2 budget_n=210 est=885718
  [FastestO Curve] run=3 frac=0.3 budget_n=296 est=186811
  [FastestO Curve] run=3 frac=0.4 budget_n=341 est=216880
  [FastestO Curve] run=3 frac=0.5 budget_n=360 est=234986
  [FastestO Curve] run=3 frac=0.6 budget_n=381 est=290499
  [FastestO Curve] run=3 frac=0.7 budget_n=392 est=297784
  [FastestO Curve] run=3 frac=0.8 budget_n=404 est=421490
  [FastestO Curve] run=3 frac=0.9 budget_n=500 est=366911
  [FastestO Curve] run=4 frac=0.01 budget_n=81 est=0
  [FastestO Curve] run=4 frac=0.05 budget_n=137 est=772303
  [FastestO Curve] run=4 frac=0.075 budget_n=144 est=0
  [FastestO Curve] run=4 frac=0.1 budget_n=162 est=0
  [FastestO Curve] run=4 frac=0.15 budget_n=186 est=498652
  [FastestO Curve] run=4 frac=0.2 budget_n=210 est=161553
  [FastestO Curve] run=4 frac=0.3 budget_n=296 est=459571
  [FastestO Curve] run=4 frac=0.4 budget_n=341 est=388044
  [FastestO Curve] run=4 frac=0.5 budget_n=360 est=266929
  [FastestO Curve] run=4 frac=0.6 budget_n=381 est=163640
  [FastestO Curve] run=4 frac=0.7 budget_n=392 est=235862
  [FastestO Curve] run=4 frac=0.8 budget_n=404 est=347961
  [FastestO Curve] run=4 frac=0.9 budget_n=500 est=328639
  [FastestO Curve] run=5 frac=0.01 budget_n=81 est=0
  [FastestO Curve] run=5 frac=0.05 budget_n=137 est=0
  [FastestO Curve] run=5 frac=0.075 budget_n=144 est=0
  [FastestO Curve] run=5 frac=0.1 budget_n=162 est=506631
  [FastestO Curve] run=5 frac=0.15 budget_n=186 est=629094
  [FastestO Curve] run=5 frac=0.2 budget_n=210 est=523379
  [FastestO Curve] run=5 frac=0.3 budget_n=296 est=306925
  [FastestO Curve] run=5 frac=0.4 budget_n=341 est=290166
  [FastestO Curve] run=5 frac=0.5 budget_n=360 est=360848
  [FastestO Curve] run=5 frac=0.6 budget_n=381 est=307720
  [FastestO Curve] run=5 frac=0.7 budget_n=392 est=472603
  [FastestO Curve] run=5 frac=0.8 budget_n=404 est=376637
  [FastestO Curve] run=5 frac=0.9 budget_n=500 est=396631
  [Result] #CandTree           : 6.333e+07
  [Result] #TreeTrials         : 1916
  [Result] #TreeSuccess        : 12
  [Result] #UniqueOracleNodes  : 500.0000
  [Result] Truth               : 57595764.0000
  [Result] Est                 : 396631.4656
  [Result] logQError           : -2.1620
  [Result] TreeCountTime       : 6.6605
  [Result] QueryTime           : 3.0109
/home/wangshuo/projects/PROXY/datasets/parler-E/query_graph/query_cycle_8_48.graph Finished!

Start Processing (Multi-Predicate) /home/wangshuo/projects/PROXY/datasets/parler-E/query_graph/query_cycle_8_49.graph
[Info] Using explicit query nodes for predicates: 1 2 4 5 6 
[Info] FOIS_nrs base budget not found, will rely strictly on Curve CSV.
[Warning] Requested root label 1 not found in query. Falling back to default root 3
  [FastestO Curve] run=1 frac=0.01 budget_n=12 est=0
  [FastestO Curve] run=1 frac=0.05 budget_n=18 est=0
  [FastestO Curve] run=1 frac=0.075 budget_n=23 est=0
  [FastestO Curve] run=1 frac=0.1 budget_n=29 est=0
  [FastestO Curve] run=1 frac=0.15 budget_n=32 est=0
  [FastestO Curve] run=1 frac=0.2 budget_n=36 est=0
  [FastestO Curve] run=1 frac=0.3 budget_n=48 est=0
  [FastestO Curve] run=1 frac=0.4 budget_n=57 est=0
  [FastestO Curve] run=1 frac=0.5 budget_n=68 est=0
  [FastestO Curve] run=1 frac=0.6 budget_n=74 est=0
  [FastestO Curve] run=1 frac=0.7 budget_n=74 est=0
  [FastestO Curve] run=1 frac=0.8 budget_n=74 est=0
  [FastestO Curve] run=1 frac=0.9 budget_n=500 est=0
  [FastestO Curve] run=2 frac=0.01 budget_n=12 est=0
  [FastestO Curve] run=2 frac=0.05 budget_n=18 est=0
  [FastestO Curve] run=2 frac=0.075 budget_n=23 est=0
  [FastestO Curve] run=2 frac=0.1 budget_n=29 est=0
  [FastestO Curve] run=2 frac=0.15 budget_n=32 est=0
  [FastestO Curve] run=2 frac=0.2 budget_n=36 est=0
  [FastestO Curve] run=2 frac=0.3 budget_n=48 est=0
  [FastestO Curve] run=2 frac=0.4 budget_n=57 est=0
  [FastestO Curve] run=2 frac=0.5 budget_n=68 est=0
  [FastestO Curve] run=2 frac=0.6 budget_n=74 est=0
  [FastestO Curve] run=2 frac=0.7 budget_n=74 est=0
  [FastestO Curve] run=2 frac=0.8 budget_n=74 est=0
  [FastestO Curve] run=2 frac=0.9 budget_n=500 est=0
  [FastestO Curve] run=3 frac=0.01 budget_n=12 est=0
  [FastestO Curve] run=3 frac=0.05 budget_n=18 est=0
  [FastestO Curve] run=3 frac=0.075 budget_n=23 est=0
  [FastestO Curve] run=3 frac=0.1 budget_n=29 est=0
  [FastestO Curve] run=3 frac=0.15 budget_n=32 est=0
  [FastestO Curve] run=3 frac=0.2 budget_n=36 est=0
  [FastestO Curve] run=3 frac=0.3 budget_n=48 est=0
  [FastestO Curve] run=3 frac=0.4 budget_n=57 est=0
  [FastestO Curve] run=3 frac=0.5 budget_n=68 est=0
  [FastestO Curve] run=3 frac=0.6 budget_n=74 est=0
  [FastestO Curve] run=3 frac=0.7 budget_n=74 est=0
  [FastestO Curve] run=3 frac=0.8 budget_n=74 est=0
  [FastestO Curve] run=3 frac=0.9 budget_n=500 est=0
  [FastestO Curve] run=4 frac=0.01 budget_n=12 est=0
  [FastestO Curve] run=4 frac=0.05 budget_n=18 est=0
  [FastestO Curve] run=4 frac=0.075 budget_n=23 est=0
  [FastestO Curve] run=4 frac=0.1 budget_n=29 est=0
  [FastestO Curve] run=4 frac=0.15 budget_n=32 est=0
  [FastestO Curve] run=4 frac=0.2 budget_n=36 est=0
  [FastestO Curve] run=4 frac=0.3 budget_n=48 est=0
  [FastestO Curve] run=4 frac=0.4 budget_n=57 est=0
  [FastestO Curve] run=4 frac=0.5 budget_n=68 est=0
  [FastestO Curve] run=4 frac=0.6 budget_n=74 est=0
  [FastestO Curve] run=4 frac=0.7 budget_n=74 est=0
  [FastestO Curve] run=4 frac=0.8 budget_n=74 est=0
  [FastestO Curve] run=4 frac=0.9 budget_n=500 est=0
  [FastestO Curve] run=5 frac=0.01 budget_n=12 est=0
  [FastestO Curve] run=5 frac=0.05 budget_n=18 est=0
  [FastestO Curve] run=5 frac=0.075 budget_n=23 est=0
  [FastestO Curve] run=5 frac=0.1 budget_n=29 est=0
  [FastestO Curve] run=5 frac=0.15 budget_n=32 est=0
  [FastestO Curve] run=5 frac=0.2 budget_n=36 est=0
  [FastestO Curve] run=5 frac=0.3 budget_n=48 est=0
  [FastestO Curve] run=5 frac=0.4 budget_n=57 est=0
  [FastestO Curve] run=5 frac=0.5 budget_n=68 est=0
  [FastestO Curve] run=5 frac=0.6 budget_n=74 est=0
  [FastestO Curve] run=5 frac=0.7 budget_n=74 est=0
  [FastestO Curve] run=5 frac=0.8 budget_n=74 est=0
  [FastestO Curve] run=5 frac=0.9 budget_n=500 est=0
  [Result] #CandTree           : 6.806e+04
  [Result] #TreeTrials         : 50000
  [Result] #TreeSuccess        : 0
  [Result] #UniqueOracleNodes  : 154.0000
  [Result] Truth               : 17582.0000
  [Result] Est                 : 0.0000
  [Result] logQError           : -4.2451
  [Result] TreeCountTime       : 3.3492
  [Result] QueryTime           : 27.4209
/home/wangshuo/projects/PROXY/datasets/parler-E/query_graph/query_cycle_8_49.graph Finished!

Start Processing (Multi-Predicate) /home/wangshuo/projects/PROXY/datasets/parler-E/query_graph/query_cycle_8_5.graph
[Info] Using explicit query nodes for predicates: 3 6 7 
[Info] FOIS_nrs base budget not found, will rely strictly on Curve CSV.
[Warning] Requested root label 1 not found in query. Falling back to default root 1
  [FastestO Curve] run=1 frac=0.01 budget_n=95 est=0
  [FastestO Curve] run=1 frac=0.05 budget_n=278 est=0
  [FastestO Curve] run=1 frac=0.075 budget_n=407 est=367125
  [FastestO Curve] run=1 frac=0.1 budget_n=522 est=296391
  [FastestO Curve] run=1 frac=0.15 budget_n=665 est=194273
  [FastestO Curve] run=1 frac=0.2 budget_n=820 est=404601
  [FastestO Curve] run=1 frac=0.3 budget_n=1079 est=293175
  [FastestO Curve] run=1 frac=0.4 budget_n=1265 est=272167
  [FastestO Curve] run=1 frac=0.5 budget_n=1449 est=254421
  [FastestO Curve] run=1 frac=0.6 budget_n=1608 est=256584
  [FastestO Curve] run=1 frac=0.7 budget_n=1754 est=380224
  [FastestO Curve] run=1 frac=0.8 budget_n=1888 est=272478
  [FastestO Curve] run=1 frac=0.9 budget_n=500 est=379703
  [FastestO Curve] run=2 frac=0.01 budget_n=95 est=660976
  [FastestO Curve] run=2 frac=0.05 budget_n=278 est=501535
  [FastestO Curve] run=2 frac=0.075 budget_n=407 est=485186
  [FastestO Curve] run=2 frac=0.1 budget_n=522 est=230285
  [FastestO Curve] run=2 frac=0.15 budget_n=665 est=404666
  [FastestO Curve] run=2 frac=0.2 budget_n=820 est=220218
  [FastestO Curve] run=2 frac=0.3 budget_n=1079 est=352016
  [FastestO Curve] run=2 frac=0.4 budget_n=1265 est=296325
  [FastestO Curve] run=2 frac=0.5 budget_n=1449 est=241290
  [FastestO Curve] run=2 frac=0.6 budget_n=1608 est=239029
  [FastestO Curve] run=2 frac=0.7 budget_n=1754 est=272816
  [FastestO Curve] run=2 frac=0.8 budget_n=1888 est=295107
  [FastestO Curve] run=2 frac=0.9 budget_n=500 est=453905
  [FastestO Curve] run=3 frac=0.01 budget_n=95 est=0
  [FastestO Curve] run=3 frac=0.05 budget_n=278 est=158498
  [FastestO Curve] run=3 frac=0.075 budget_n=407 est=246592
  [FastestO Curve] run=3 frac=0.1 budget_n=522 est=237747
  [FastestO Curve] run=3 frac=0.15 budget_n=665 est=226888
  [FastestO Curve] run=3 frac=0.2 budget_n=820 est=224939
  [FastestO Curve] run=3 frac=0.3 budget_n=1079 est=228018
  [FastestO Curve] run=3 frac=0.4 budget_n=1265 est=292726
  [FastestO Curve] run=3 frac=0.5 budget_n=1449 est=297327
  [FastestO Curve] run=3 frac=0.6 budget_n=1608 est=288098
  [FastestO Curve] run=3 frac=0.7 budget_n=1754 est=337883
  [FastestO Curve] run=3 frac=0.8 budget_n=1888 est=265643
  [FastestO Curve] run=3 frac=0.9 budget_n=500 est=422122
  [FastestO Curve] run=4 frac=0.01 budget_n=95 est=0
  [FastestO Curve] run=4 frac=0.05 budget_n=278 est=171848
  [FastestO Curve] run=4 frac=0.075 budget_n=407 est=294760
  [FastestO Curve] run=4 frac=0.1 budget_n=522 est=234094
  [FastestO Curve] run=4 frac=0.15 budget_n=665 est=151660
  [FastestO Curve] run=4 frac=0.2 budget_n=820 est=221287
  [FastestO Curve] run=4 frac=0.3 budget_n=1079 est=223668
  [FastestO Curve] run=4 frac=0.4 budget_n=1265 est=210864
  [FastestO Curve] run=4 frac=0.5 budget_n=1449 est=283222
  [FastestO Curve] run=4 frac=0.6 budget_n=1608 est=371343
  [FastestO Curve] run=4 frac=0.7 budget_n=1754 est=293433
  [FastestO Curve] run=4 frac=0.8 budget_n=1888 est=232356
  [FastestO Curve] run=4 frac=0.9 budget_n=500 est=469749
  [FastestO Curve] run=5 frac=0.01 budget_n=95 est=0
  [FastestO Curve] run=5 frac=0.05 budget_n=278 est=159383
  [FastestO Curve] run=5 frac=0.075 budget_n=407 est=472015
  [FastestO Curve] run=5 frac=0.1 budget_n=522 est=359291
  [FastestO Curve] run=5 frac=0.15 budget_n=665 est=181868
  [FastestO Curve] run=5 frac=0.2 budget_n=820 est=169159
  [FastestO Curve] run=5 frac=0.3 budget_n=1079 est=246643
  [FastestO Curve] run=5 frac=0.4 budget_n=1265 est=321205
  [FastestO Curve] run=5 frac=0.5 budget_n=1449 est=253336
  [FastestO Curve] run=5 frac=0.6 budget_n=1608 est=266638
  [FastestO Curve] run=5 frac=0.7 budget_n=1754 est=244285
  [FastestO Curve] run=5 frac=0.8 budget_n=1888 est=218780
  [FastestO Curve] run=5 frac=0.9 budget_n=500 est=122609
  [Result] #CandTree           : 3.999e+08
  [Result] #TreeTrials         : 6523
  [Result] #TreeSuccess        : 2
  [Result] #UniqueOracleNodes  : 500.0000
  [Result] Truth               : 76770445.0000
  [Result] Est                 : 122609.4469
  [Result] logQError           : -2.7967
  [Result] TreeCountTime       : 25.0240
  [Result] QueryTime           : 6.0257
/home/wangshuo/projects/PROXY/datasets/parler-E/query_graph/query_cycle_8_5.graph Finished!

Start Processing (Multi-Predicate) /home/wangshuo/projects/PROXY/datasets/parler-E/query_graph/query_cycle_8_6.graph
[Info] Using explicit query nodes for predicates: 0 2 3 5 6 
[Info] FOIS_nrs base budget not found, will rely strictly on Curve CSV.
[Info] Using user-specified root label 1 -> query node 4
  [FastestO Curve] run=1 frac=0.01 budget_n=279 est=0
  [FastestO Curve] run=1 frac=0.05 budget_n=646 est=2360.46
  [FastestO Curve] run=1 frac=0.075 budget_n=798 est=2399.13
  [FastestO Curve] run=1 frac=0.1 budget_n=924 est=4036.47
  [FastestO Curve] run=1 frac=0.15 budget_n=1048 est=1071.43
  [FastestO Curve] run=1 frac=0.2 budget_n=1112 est=3943
  [FastestO Curve] run=1 frac=0.3 budget_n=1347 est=3262.99
  [FastestO Curve] run=1 frac=0.4 budget_n=1454 est=1625.41
  [FastestO Curve] run=1 frac=0.5 budget_n=1560 est=1077.58
  [FastestO Curve] run=1 frac=0.6 budget_n=1619 est=2062.29
  [FastestO Curve] run=1 frac=0.7 budget_n=1674 est=1709.87
  [FastestO Curve] run=1 frac=0.8 budget_n=1738 est=3172.93
  [FastestO Curve] run=1 frac=0.9 budget_n=500 est=1605.73
  [FastestO Curve] run=2 frac=0.01 budget_n=279 est=0
  [FastestO Curve] run=2 frac=0.05 budget_n=646 est=3473.5
  [FastestO Curve] run=2 frac=0.075 budget_n=798 est=0
  [FastestO Curve] run=2 frac=0.1 budget_n=924 est=5340.74
  [FastestO Curve] run=2 frac=0.15 budget_n=1048 est=1062.1
  [FastestO Curve] run=2 frac=0.2 budget_n=1112 est=1896.44
  [FastestO Curve] run=2 frac=0.3 budget_n=1347 est=2271.14
  [FastestO Curve] run=2 frac=0.4 budget_n=1454 est=1658.1
  [FastestO Curve] run=2 frac=0.5 budget_n=1560 est=3332.79
  [FastestO Curve] run=2 frac=0.6 budget_n=1619 est=1883.27
  [FastestO Curve] run=2 frac=0.7 budget_n=1674 est=2545.59
  [FastestO Curve] run=2 frac=0.8 budget_n=1738 est=1104.6
  [FastestO Curve] run=2 frac=0.9 budget_n=500 est=4610.92
  [FastestO Curve] run=3 frac=0.01 budget_n=279 est=6596.53
  [FastestO Curve] run=3 frac=0.05 budget_n=646 est=2175.33
  [FastestO Curve] run=3 frac=0.075 budget_n=798 est=2618.79
  [FastestO Curve] run=3 frac=0.1 budget_n=924 est=664.683
  [FastestO Curve] run=3 frac=0.15 budget_n=1048 est=556.733
  [FastestO Curve] run=3 frac=0.2 budget_n=1112 est=2073.68
  [FastestO Curve] run=3 frac=0.3 budget_n=1347 est=2628.46
  [FastestO Curve] run=3 frac=0.4 budget_n=1454 est=3254.29
  [FastestO Curve] run=3 frac=0.5 budget_n=1560 est=2228.96
  [FastestO Curve] run=3 frac=0.6 budget_n=1619 est=2658.73
  [FastestO Curve] run=3 frac=0.7 budget_n=1674 est=2651.9
  [FastestO Curve] run=3 frac=0.8 budget_n=1738 est=2089.65
  [FastestO Curve] run=3 frac=0.9 budget_n=500 est=0
  [FastestO Curve] run=4 frac=0.01 budget_n=279 est=0
  [FastestO Curve] run=4 frac=0.05 budget_n=646 est=0
  [FastestO Curve] run=4 frac=0.075 budget_n=798 est=0
  [FastestO Curve] run=4 frac=0.1 budget_n=924 est=2018.23
  [FastestO Curve] run=4 frac=0.15 budget_n=1048 est=1117.54
  [FastestO Curve] run=4 frac=0.2 budget_n=1112 est=488.534
  [FastestO Curve] run=4 frac=0.3 budget_n=1347 est=1496.45
  [FastestO Curve] run=4 frac=0.4 budget_n=1454 est=1868.85
  [FastestO Curve] run=4 frac=0.5 budget_n=1560 est=3694.61
  [FastestO Curve] run=4 frac=0.6 budget_n=1619 est=785.976
  [FastestO Curve] run=4 frac=0.7 budget_n=1674 est=3258.97
  [FastestO Curve] run=4 frac=0.8 budget_n=1738 est=2322.72
  [FastestO Curve] run=4 frac=0.9 budget_n=500 est=3466.93
  [FastestO Curve] run=5 frac=0.01 budget_n=279 est=3547.55
  [FastestO Curve] run=5 frac=0.05 budget_n=646 est=4730.07
  [FastestO Curve] run=5 frac=0.075 budget_n=798 est=2556.62
  [FastestO Curve] run=5 frac=0.1 budget_n=924 est=3356.32
  [FastestO Curve] run=5 frac=0.15 budget_n=1048 est=3313.19
  [FastestO Curve] run=5 frac=0.2 budget_n=1112 est=2028.86
  [FastestO Curve] run=5 frac=0.3 budget_n=1347 est=1468.54
  [FastestO Curve] run=5 frac=0.4 budget_n=1454 est=1692.12
  [FastestO Curve] run=5 frac=0.5 budget_n=1560 est=2511.02
  [FastestO Curve] run=5 frac=0.6 budget_n=1619 est=2788.52
  [FastestO Curve] run=5 frac=0.7 budget_n=1674 est=3004.57
  [FastestO Curve] run=5 frac=0.8 budget_n=1738 est=2519.51
  [FastestO Curve] run=5 frac=0.9 budget_n=500 est=0
  [Result] #CandTree           : 6.102e+05
  [Result] #TreeTrials         : 399
  [Result] #TreeSuccess        : 0
  [Result] #UniqueOracleNodes  : 500.0000
  [Result] Truth               : 547862.0000
  [Result] Est                 : 0.0000
  [Result] logQError           : -5.7387
  [Result] TreeCountTime       : 13.9496
  [Result] QueryTime           : 0.7210
/home/wangshuo/projects/PROXY/datasets/parler-E/query_graph/query_cycle_8_6.graph Finished!

Start Processing (Multi-Predicate) /home/wangshuo/projects/PROXY/datasets/parler-E/query_graph/query_cycle_8_8.graph
[Info] Using explicit query nodes for predicates: 1 4 5 
[Info] FOIS_nrs base budget not found, will rely strictly on Curve CSV.
[Warning] Requested root label 1 not found in query. Falling back to default root 3
  [FastestO Curve] run=1 frac=0.01 budget_n=75 est=0
  [FastestO Curve] run=1 frac=0.05 budget_n=220 est=432116
  [FastestO Curve] run=1 frac=0.075 budget_n=312 est=475258
  [FastestO Curve] run=1 frac=0.1 budget_n=384 est=241953
  [FastestO Curve] run=1 frac=0.15 budget_n=528 est=426234
  [FastestO Curve] run=1 frac=0.2 budget_n=642 est=587440
  [FastestO Curve] run=1 frac=0.3 budget_n=917 est=673437
  [FastestO Curve] run=1 frac=0.4 budget_n=1140 est=725161
  [FastestO Curve] run=1 frac=0.5 budget_n=1349 est=406839
  [FastestO Curve] run=1 frac=0.6 budget_n=1480 est=458818
  [FastestO Curve] run=1 frac=0.7 budget_n=1610 est=610891
  [FastestO Curve] run=1 frac=0.8 budget_n=1748 est=553791
  [FastestO Curve] run=1 frac=0.9 budget_n=500 est=757605
  [FastestO Curve] run=2 frac=0.01 budget_n=75 est=0
  [FastestO Curve] run=2 frac=0.05 budget_n=220 est=738242
  [FastestO Curve] run=2 frac=0.075 budget_n=312 est=1.19303e+06
  [FastestO Curve] run=2 frac=0.1 budget_n=384 est=576852
  [FastestO Curve] run=2 frac=0.15 budget_n=528 est=615435
  [FastestO Curve] run=2 frac=0.2 budget_n=642 est=587519
  [FastestO Curve] run=2 frac=0.3 budget_n=917 est=690410
  [FastestO Curve] run=2 frac=0.4 budget_n=1140 est=614059
  [FastestO Curve] run=2 frac=0.5 budget_n=1349 est=679073
  [FastestO Curve] run=2 frac=0.6 budget_n=1480 est=484494
  [FastestO Curve] run=2 frac=0.7 budget_n=1610 est=616039
  [FastestO Curve] run=2 frac=0.8 budget_n=1748 est=624117
  [FastestO Curve] run=2 frac=0.9 budget_n=500 est=447050
  [FastestO Curve] run=3 frac=0.01 budget_n=75 est=0
  [FastestO Curve] run=3 frac=0.05 budget_n=220 est=678863
  [FastestO Curve] run=3 frac=0.075 budget_n=312 est=618126
  [FastestO Curve] run=3 frac=0.1 budget_n=384 est=1.08713e+06
  [FastestO Curve] run=3 frac=0.15 budget_n=528 est=838947
  [FastestO Curve] run=3 frac=0.2 budget_n=642 est=442561
  [FastestO Curve] run=3 frac=0.3 budget_n=917 est=599716
  [FastestO Curve] run=3 frac=0.4 budget_n=1140 est=474666
  [FastestO Curve] run=3 frac=0.5 budget_n=1349 est=606948
  [FastestO Curve] run=3 frac=0.6 budget_n=1480 est=673885
  [FastestO Curve] run=3 frac=0.7 budget_n=1610 est=662125
  [FastestO Curve] run=3 frac=0.8 budget_n=1748 est=646378
  [FastestO Curve] run=3 frac=0.9 budget_n=500 est=563812
  [FastestO Curve] run=4 frac=0.01 budget_n=75 est=881516
  [FastestO Curve] run=4 frac=0.05 budget_n=220 est=720367
  [FastestO Curve] run=4 frac=0.075 budget_n=312 est=615727
  [FastestO Curve] run=4 frac=0.1 budget_n=384 est=978925
  [FastestO Curve] run=4 frac=0.15 budget_n=528 est=511353
  [FastestO Curve] run=4 frac=0.2 budget_n=642 est=792911
  [FastestO Curve] run=4 frac=0.3 budget_n=917 est=594491
  [FastestO Curve] run=4 frac=0.4 budget_n=1140 est=588695
  [FastestO Curve] run=4 frac=0.5 budget_n=1349 est=685164
  [FastestO Curve] run=4 frac=0.6 budget_n=1480 est=679166
  [FastestO Curve] run=4 frac=0.7 budget_n=1610 est=667375
  [FastestO Curve] run=4 frac=0.8 budget_n=1748 est=555566
  [FastestO Curve] run=4 frac=0.9 budget_n=500 est=942798
  [FastestO Curve] run=5 frac=0.01 budget_n=75 est=0
  [FastestO Curve] run=5 frac=0.05 budget_n=220 est=245472
  [FastestO Curve] run=5 frac=0.075 budget_n=312 est=533713
  [FastestO Curve] run=5 frac=0.1 budget_n=384 est=471539
  [FastestO Curve] run=5 frac=0.15 budget_n=528 est=1.04528e+06
  [FastestO Curve] run=5 frac=0.2 budget_n=642 est=597263
  [FastestO Curve] run=5 frac=0.3 budget_n=917 est=988539
  [FastestO Curve] run=5 frac=0.4 budget_n=1140 est=631039
  [FastestO Curve] run=5 frac=0.5 budget_n=1349 est=625177
  [FastestO Curve] run=5 frac=0.6 budget_n=1480 est=628813
  [FastestO Curve] run=5 frac=0.7 budget_n=1610 est=678960
  [FastestO Curve] run=5 frac=0.8 budget_n=1748 est=640773
  [FastestO Curve] run=5 frac=0.9 budget_n=500 est=371843
  [Result] #CandTree           : 3.967e+08
  [Result] #TreeTrials         : 5334
  [Result] #TreeSuccess        : 5
  [Result] #UniqueOracleNodes  : 500.0000
  [Result] Truth               : 89040609.0000
  [Result] Est                 : 371843.0615
  [Result] logQError           : -2.3792
  [Result] TreeCountTime       : 26.0697
  [Result] QueryTime           : 5.0534
/home/wangshuo/projects/PROXY/datasets/parler-E/query_graph/query_cycle_8_8.graph Finished!

✅ Fastest 运行结束，退出码: 0
✅ [成功] parler-E (COUNT) 执行完毕，耗时: 154.10 秒。

[任务启动] 数据集: parler-E | 模式: SUM
🚀 正在运行: /home/wangshuo/projects/PROXY/cProject/build/Fastest -d parler-E --ROOT_LABEL 2 --SAMPLE_BUDGET 60000 --BASE_DIR /home/wangshuo/projects/PROXY/datasets --ESTIMATE_WITH_PREDICATE --POST_ORACLE_COL ML1_oracle2_probability --COMMENT_ORACLE_COL ML2_oracle2_probability --AGG_FUNC sum --MULTI_PROXY_PROB ML1_proxy4b_probability --BUDGET_CURVE_IN /home/wangshuo/projects/PROXY/datasets/parler-E/results/efficiency/allocation_strategy_comparison_sum.csv --FASTESTO_BUDGET_CURVE --FASTESTO_RUNS 5 --FASTESTO_BUDGET_CURVE_OUT /home/wangshuo/projects/PROXY/datasets/parler-E/results/efficiency/FastestO_budget_curve_sum.csv --ORACLE_TABLE1 post --ORACLE_TABLE2 comment --SUM_TABLE post --SUM_COL upvotes --SUM_LABEL 2

[CLI] Root label set to 2
[CLI] Sample budget set to 60000
[CLI] Base Dir set to /home/wangshuo/projects/PROXY/datasets
[CLI] Mode: Estimate with Predicate enabled.
[CLI] Post Oracle Col: ML1_oracle2_probability
[CLI] Comment Oracle Col: ML2_oracle2_probability
[CLI] Multi Proxy Prob Dir Name: ML1_proxy4b_probability
[CLI] Budget curve input: /home/wangshuo/projects/PROXY/datasets/parler-E/results/efficiency/allocation_strategy_comparison_sum.csv
[CLI] FastestO budget curve enabled.
[CLI] FastestO runs set to 5
[CLI] FastestO budget curve output: /home/wangshuo/projects/PROXY/datasets/parler-E/results/efficiency/FastestO_budget_curve_sum.csv
[info] SAMPLE_BUDGET:60000
[Info] Cleared old estimate file: /home/wangshuo/projects/PROXY/datasets/parler-E/results/in_estimateW_result_sum.txt
[Info] Cleared old FastestO curve file: /home/wangshuo/projects/PROXY/datasets/parler-E/results/efficiency/FastestO_budget_curve_sum.csv
[info] args:0x7ffe107543a8
[info] summary_run1_path:/home/wangshuo/projects/PROXY/datasets/parler-E/results/result_summarys/ML1_proxy4b_probability/results_summary_run_1.csv
[Info] Reading core nodes configuration from: /home/wangshuo/projects/PROXY/datasets/parler-E/data_graph/core_nodes_config.json
[Info] Loaded core query-node configs for 150 queries.
[Info] Loaded predicate-label configs for 150 queries.
[infor] root label2
Constructing Candidate Space: 12 26
[info] Query Size:113
[Info] Loading SUM column from /home/wangshuo/projects/PROXY/datasets/parler-E/csv_data/post.csv col: upvotes
[Info] Agg column ready. Updated rows: 24082
[Info] Initializing Oracle Manager from: /home/wangshuo/projects/PROXY/datasets/parler-E
[Info] Loaded ID Mapping size: 195812
[Info] Loading Oracle 1 from /home/wangshuo/projects/PROXY/datasets/parler-E/csv_data/post.csv col: ML1_oracle2_probability
[Info] Loading Oracle 2 from /home/wangshuo/projects/PROXY/datasets/parler-E/csv_data/comment.csv col: ML2_oracle2_probability
[Info] OracleManager Ready. Total vertices with probability: 154470
[Warning] Summary file not found: /home/wangshuo/projects/PROXY/datasets/parler-E/results/result_summarys/ML1_proxy4b_probability/results_summary_run_1.csv
[Info] Loaded budget curve entries from /home/wangshuo/projects/PROXY/datasets/parler-E/results/efficiency/allocation_strategy_comparison_sum.csv

Start Processing (Multi-Predicate) /home/wangshuo/projects/PROXY/datasets/parler-E/query_graph/query_cycle_4_0.graph
[Info] Using explicit query nodes for predicates: 1 3 
[Info] FOIS_nrs base budget not found, will rely strictly on Curve CSV.
[Info] Using user-specified root label 2 -> query node 1
  [FastestO Curve] run=1 frac=0.01 budget_n=500 est=6.12352e+07
  [FastestO Curve] run=1 frac=0.05 budget_n=500 est=6.24764e+07
  [FastestO Curve] run=1 frac=0.075 budget_n=500 est=6.16855e+07
  [FastestO Curve] run=1 frac=0.1 budget_n=500 est=5.8983e+07
  [FastestO Curve] run=1 frac=0.15 budget_n=500 est=7.29572e+07
  [FastestO Curve] run=1 frac=0.2 budget_n=500 est=6.99124e+07
  [FastestO Curve] run=1 frac=0.3 budget_n=500 est=1.02961e+08
  [FastestO Curve] run=1 frac=0.4 budget_n=500 est=1.12302e+08
  [FastestO Curve] run=1 frac=0.5 budget_n=500 est=6.28924e+07
  [FastestO Curve] run=1 frac=0.6 budget_n=500 est=4.35464e+07
  [FastestO Curve] run=1 frac=0.7 budget_n=500 est=4.00232e+07
  [FastestO Curve] run=1 frac=0.8 budget_n=500 est=8.59458e+07
  [FastestO Curve] run=1 frac=0.9 budget_n=500 est=5.42961e+07
  [FastestO Curve] run=2 frac=0.01 budget_n=500 est=9.14015e+07
  [FastestO Curve] run=2 frac=0.05 budget_n=500 est=4.90469e+07
  [FastestO Curve] run=2 frac=0.075 budget_n=500 est=7.20356e+07
  [FastestO Curve] run=2 frac=0.1 budget_n=500 est=5.46042e+07
  [FastestO Curve] run=2 frac=0.15 budget_n=500 est=3.70382e+07
  [FastestO Curve] run=2 frac=0.2 budget_n=500 est=4.72663e+07
  [FastestO Curve] run=2 frac=0.3 budget_n=500 est=5.08787e+07
  [FastestO Curve] run=2 frac=0.4 budget_n=500 est=9.78479e+07
  [FastestO Curve] run=2 frac=0.5 budget_n=500 est=7.86368e+07
  [FastestO Curve] run=2 frac=0.6 budget_n=500 est=9.3726e+07
  [FastestO Curve] run=2 frac=0.7 budget_n=500 est=7.52279e+07
  [FastestO Curve] run=2 frac=0.8 budget_n=500 est=7.00608e+07
  [FastestO Curve] run=2 frac=0.9 budget_n=500 est=6.90142e+07
  [FastestO Curve] run=3 frac=0.01 budget_n=500 est=7.33733e+07
  [FastestO Curve] run=3 frac=0.05 budget_n=500 est=6.15114e+07
  [FastestO Curve] run=3 frac=0.075 budget_n=500 est=4.09461e+07
  [FastestO Curve] run=3 frac=0.1 budget_n=500 est=5.97045e+07
  [FastestO Curve] run=3 frac=0.15 budget_n=500 est=9.78198e+07
  [FastestO Curve] run=3 frac=0.2 budget_n=500 est=6.13792e+07
  [FastestO Curve] run=3 frac=0.3 budget_n=500 est=5.36667e+07
  [FastestO Curve] run=3 frac=0.4 budget_n=500 est=7.09481e+07
  [FastestO Curve] run=3 frac=0.5 budget_n=500 est=7.24295e+07
  [FastestO Curve] run=3 frac=0.6 budget_n=500 est=6.48417e+07
  [FastestO Curve] run=3 frac=0.7 budget_n=500 est=6.7025e+07
  [FastestO Curve] run=3 frac=0.8 budget_n=500 est=4.89906e+07
  [FastestO Curve] run=3 frac=0.9 budget_n=500 est=8.41466e+07
  [FastestO Curve] run=4 frac=0.01 budget_n=500 est=6.97005e+07
  [FastestO Curve] run=4 frac=0.05 budget_n=500 est=8.51974e+07
  [FastestO Curve] run=4 frac=0.075 budget_n=500 est=5.29638e+07
  [FastestO Curve] run=4 frac=0.1 budget_n=500 est=7.70435e+07
  [FastestO Curve] run=4 frac=0.15 budget_n=500 est=6.2487e+07
  [FastestO Curve] run=4 frac=0.2 budget_n=500 est=6.63582e+07
  [FastestO Curve] run=4 frac=0.3 budget_n=500 est=5.48676e+07
  [FastestO Curve] run=4 frac=0.4 budget_n=500 est=5.2734e+07
  [FastestO Curve] run=4 frac=0.5 budget_n=500 est=7.33767e+07
  [FastestO Curve] run=4 frac=0.6 budget_n=500 est=6.46364e+07
  [FastestO Curve] run=4 frac=0.7 budget_n=500 est=5.11308e+07
  [FastestO Curve] run=4 frac=0.8 budget_n=500 est=8.87044e+07
  [FastestO Curve] run=4 frac=0.9 budget_n=500 est=6.77148e+07
  [FastestO Curve] run=5 frac=0.01 budget_n=500 est=7.90798e+07
  [FastestO Curve] run=5 frac=0.05 budget_n=500 est=6.77219e+07
  [FastestO Curve] run=5 frac=0.075 budget_n=500 est=4.66495e+07
  [FastestO Curve] run=5 frac=0.1 budget_n=500 est=8.52587e+07
  [FastestO Curve] run=5 frac=0.15 budget_n=500 est=5.42856e+07
  [FastestO Curve] run=5 frac=0.2 budget_n=500 est=8.64837e+07
  [FastestO Curve] run=5 frac=0.3 budget_n=500 est=7.17808e+07
  [FastestO Curve] run=5 frac=0.4 budget_n=500 est=7.08209e+07
  [FastestO Curve] run=5 frac=0.5 budget_n=500 est=5.23636e+07
  [FastestO Curve] run=5 frac=0.6 budget_n=500 est=6.0893e+07
  [FastestO Curve] run=5 frac=0.7 budget_n=500 est=6.00276e+07
  [FastestO Curve] run=5 frac=0.8 budget_n=500 est=4.80233e+07
  [FastestO Curve] run=5 frac=0.9 budget_n=500 est=7.70437e+07
  [Result] #CandTree           : 2.309e+05
  [Result] #TreeTrials         : 1111
  [Result] #TreeSuccess        : 51
  [Result] #UniqueOracleNodes  : 500.0000
  [Result] Truth               : 230938.0000
  [Result] Est                 : 77043702.1908
  [Result] logQError           : 2.5232
  [Result] TreeCountTime       : 17.7194
  [Result] QueryTime           : 2.0676
/home/wangshuo/projects/PROXY/datasets/parler-E/query_graph/query_cycle_4_0.graph Finished!

Start Processing (Multi-Predicate) /home/wangshuo/projects/PROXY/datasets/parler-E/query_graph/query_cycle_4_1.graph
[Info] Using explicit query nodes for predicates: 0 1 3 
[Info] FOIS_nrs base budget not found, will rely strictly on Curve CSV.
[Info] Using user-specified root label 2 -> query node 1
  [FastestO Curve] run=1 frac=0.01 budget_n=500 est=1.3084e+07
  [FastestO Curve] run=1 frac=0.05 budget_n=500 est=1.05307e+07
  [FastestO Curve] run=1 frac=0.075 budget_n=500 est=3.18921e+07
  [FastestO Curve] run=1 frac=0.1 budget_n=500 est=2.05042e+07
  [FastestO Curve] run=1 frac=0.15 budget_n=500 est=7.08661e+07
  [FastestO Curve] run=1 frac=0.2 budget_n=500 est=2.43454e+07
  [FastestO Curve] run=1 frac=0.3 budget_n=500 est=2.25275e+07
  [FastestO Curve] run=1 frac=0.4 budget_n=500 est=4.21598e+07
  [FastestO Curve] run=1 frac=0.5 budget_n=500 est=3.81304e+07
  [FastestO Curve] run=1 frac=0.6 budget_n=500 est=3.29581e+07
  [FastestO Curve] run=1 frac=0.7 budget_n=500 est=2.45506e+07
  [FastestO Curve] run=1 frac=0.8 budget_n=500 est=4.3465e+07
  [FastestO Curve] run=1 frac=0.9 budget_n=500 est=1.12274e+07
  [FastestO Curve] run=2 frac=0.01 budget_n=500 est=2.12642e+07
  [FastestO Curve] run=2 frac=0.05 budget_n=500 est=1.2691e+07
  [FastestO Curve] run=2 frac=0.075 budget_n=500 est=1.53342e+07
  [FastestO Curve] run=2 frac=0.1 budget_n=500 est=5.03351e+07
  [FastestO Curve] run=2 frac=0.15 budget_n=500 est=3.81437e+07
  [FastestO Curve] run=2 frac=0.2 budget_n=500 est=3.05856e+07
  [FastestO Curve] run=2 frac=0.3 budget_n=500 est=4.01696e+07
  [FastestO Curve] run=2 frac=0.4 budget_n=500 est=1.13048e+07
  [FastestO Curve] run=2 frac=0.5 budget_n=500 est=1.69935e+07
  [FastestO Curve] run=2 frac=0.6 budget_n=500 est=4.39873e+07
  [FastestO Curve] run=2 frac=0.7 budget_n=500 est=3.78014e+07
  [FastestO Curve] run=2 frac=0.8 budget_n=500 est=2.17081e+07
  [FastestO Curve] run=2 frac=0.9 budget_n=500 est=4.23541e+07
  [FastestO Curve] run=3 frac=0.01 budget_n=500 est=5.42646e+07
  [FastestO Curve] run=3 frac=0.05 budget_n=500 est=5.57263e+07
  [FastestO Curve] run=3 frac=0.075 budget_n=500 est=3.3987e+07
  [FastestO Curve] run=3 frac=0.1 budget_n=500 est=2.22781e+07
  [FastestO Curve] run=3 frac=0.15 budget_n=500 est=3.16961e+07
  [FastestO Curve] run=3 frac=0.2 budget_n=500 est=2.68072e+07
  [FastestO Curve] run=3 frac=0.3 budget_n=500 est=1.37768e+07
  [FastestO Curve] run=3 frac=0.4 budget_n=500 est=5.23956e+07
  [FastestO Curve] run=3 frac=0.5 budget_n=500 est=4.00637e+07
  [FastestO Curve] run=3 frac=0.6 budget_n=500 est=2.43234e+07
  [FastestO Curve] run=3 frac=0.7 budget_n=500 est=2.50794e+07
  [FastestO Curve] run=3 frac=0.8 budget_n=500 est=3.17221e+07
  [FastestO Curve] run=3 frac=0.9 budget_n=500 est=3.79191e+07
  [FastestO Curve] run=4 frac=0.01 budget_n=500 est=1.62373e+07
  [FastestO Curve] run=4 frac=0.05 budget_n=500 est=1.63372e+07
  [FastestO Curve] run=4 frac=0.075 budget_n=500 est=6.74579e+06
  [FastestO Curve] run=4 frac=0.1 budget_n=500 est=4.02562e+07
  [FastestO Curve] run=4 frac=0.15 budget_n=500 est=3.00076e+07
  [FastestO Curve] run=4 frac=0.2 budget_n=500 est=4.08419e+07
  [FastestO Curve] run=4 frac=0.3 budget_n=500 est=1.05037e+07
  [FastestO Curve] run=4 frac=0.4 budget_n=500 est=2.15503e+07
  [FastestO Curve] run=4 frac=0.5 budget_n=500 est=2.26308e+07
  [FastestO Curve] run=4 frac=0.6 budget_n=500 est=1.81524e+07
  [FastestO Curve] run=4 frac=0.7 budget_n=500 est=2.0874e+07
  [FastestO Curve] run=4 frac=0.8 budget_n=500 est=3.17589e+07
  [FastestO Curve] run=4 frac=0.9 budget_n=500 est=4.31691e+07
  [FastestO Curve] run=5 frac=0.01 budget_n=500 est=1.91057e+07
  [FastestO Curve] run=5 frac=0.05 budget_n=500 est=9.54004e+07
  [FastestO Curve] run=5 frac=0.075 budget_n=500 est=3.90623e+07
  [FastestO Curve] run=5 frac=0.1 budget_n=500 est=3.78996e+07
  [FastestO Curve] run=5 frac=0.15 budget_n=500 est=2.91522e+07
  [FastestO Curve] run=5 frac=0.2 budget_n=500 est=3.89071e+07
  [FastestO Curve] run=5 frac=0.3 budget_n=500 est=2.52592e+07
  [FastestO Curve] run=5 frac=0.4 budget_n=500 est=7.22222e+07
  [FastestO Curve] run=5 frac=0.5 budget_n=500 est=1.29518e+07
  [FastestO Curve] run=5 frac=0.6 budget_n=500 est=5.19755e+07
  [FastestO Curve] run=5 frac=0.7 budget_n=500 est=2.24541e+07
  [FastestO Curve] run=5 frac=0.8 budget_n=500 est=3.06442e+07
  [FastestO Curve] run=5 frac=0.9 budget_n=500 est=2.44328e+07
  [Result] #CandTree           : 2.461e+05
  [Result] #TreeTrials         : 418
  [Result] #TreeSuccess        : 11
  [Result] #UniqueOracleNodes  : 500.0000
  [Result] Truth               : 230398.0000
  [Result] Est                 : 24432811.9139
  [Result] logQError           : 2.0255
  [Result] TreeCountTime       : 28.1544
  [Result] QueryTime           : 1.0441
/home/wangshuo/projects/PROXY/datasets/parler-E/query_graph/query_cycle_4_1.graph Finished!

Start Processing (Multi-Predicate) /home/wangshuo/projects/PROXY/datasets/parler-E/query_graph/query_cycle_4_10.graph
[Info] Using explicit query nodes for predicates: 1 2 
[Info] FOIS_nrs base budget not found, will rely strictly on Curve CSV.
[Info] Using user-specified root label 2 -> query node 2
  [FastestO Curve] run=1 frac=0.01 budget_n=500 est=4.04578e+06
  [FastestO Curve] run=1 frac=0.05 budget_n=500 est=3.44619e+06
  [FastestO Curve] run=1 frac=0.075 budget_n=500 est=977552
  [FastestO Curve] run=1 frac=0.1 budget_n=500 est=2.74672e+06
  [FastestO Curve] run=1 frac=0.15 budget_n=500 est=4.18685e+06
  [FastestO Curve] run=1 frac=0.2 budget_n=500 est=4.12785e+06
  [FastestO Curve] run=1 frac=0.3 budget_n=500 est=6.84205e+06
  [FastestO Curve] run=1 frac=0.4 budget_n=500 est=6.24697e+06
  [FastestO Curve] run=1 frac=0.5 budget_n=500 est=2.5181e+06
  [FastestO Curve] run=1 frac=0.6 budget_n=500 est=2.03362e+06
  [FastestO Curve] run=1 frac=0.7 budget_n=500 est=4.8963e+06
  [FastestO Curve] run=1 frac=0.8 budget_n=500 est=5.1266e+06
  [FastestO Curve] run=1 frac=0.9 budget_n=500 est=5.46259e+06
  [FastestO Curve] run=2 frac=0.01 budget_n=500 est=3.17382e+06
  [FastestO Curve] run=2 frac=0.05 budget_n=500 est=5.65818e+06
  [FastestO Curve] run=2 frac=0.075 budget_n=500 est=2.65043e+06
  [FastestO Curve] run=2 frac=0.1 budget_n=500 est=1.02819e+07
  [FastestO Curve] run=2 frac=0.15 budget_n=500 est=4.49076e+06
  [FastestO Curve] run=2 frac=0.2 budget_n=500 est=4.25233e+06
  [FastestO Curve] run=2 frac=0.3 budget_n=500 est=3.16191e+06
  [FastestO Curve] run=2 frac=0.4 budget_n=500 est=4.70089e+06
  [FastestO Curve] run=2 frac=0.5 budget_n=500 est=2.76746e+06
  [FastestO Curve] run=2 frac=0.6 budget_n=500 est=2.08802e+06
  [FastestO Curve] run=2 frac=0.7 budget_n=500 est=3.42305e+06
  [FastestO Curve] run=2 frac=0.8 budget_n=500 est=4.79405e+06
  [FastestO Curve] run=2 frac=0.9 budget_n=500 est=3.31997e+06
  [FastestO Curve] run=3 frac=0.01 budget_n=500 est=3.60962e+06
  [FastestO Curve] run=3 frac=0.05 budget_n=500 est=3.90434e+06
  [FastestO Curve] run=3 frac=0.075 budget_n=500 est=5.39607e+06
  [FastestO Curve] run=3 frac=0.1 budget_n=500 est=2.56365e+06
  [FastestO Curve] run=3 frac=0.15 budget_n=500 est=4.43809e+06
  [FastestO Curve] run=3 frac=0.2 budget_n=500 est=8.8386e+06
  [FastestO Curve] run=3 frac=0.3 budget_n=500 est=1.18694e+07
  [FastestO Curve] run=3 frac=0.4 budget_n=500 est=956835
  [FastestO Curve] run=3 frac=0.5 budget_n=500 est=2.12611e+06
  [FastestO Curve] run=3 frac=0.6 budget_n=500 est=4.54898e+06
  [FastestO Curve] run=3 frac=0.7 budget_n=500 est=3.30209e+06
  [FastestO Curve] run=3 frac=0.8 budget_n=500 est=3.44851e+06
  [FastestO Curve] run=3 frac=0.9 budget_n=500 est=2.81668e+06
  [FastestO Curve] run=4 frac=0.01 budget_n=500 est=2.285e+06
  [FastestO Curve] run=4 frac=0.05 budget_n=500 est=4.49411e+06
  [FastestO Curve] run=4 frac=0.075 budget_n=500 est=9.86582e+06
  [FastestO Curve] run=4 frac=0.1 budget_n=500 est=2.91719e+06
  [FastestO Curve] run=4 frac=0.15 budget_n=500 est=3.92121e+06
  [FastestO Curve] run=4 frac=0.2 budget_n=500 est=9.11585e+06
  [FastestO Curve] run=4 frac=0.3 budget_n=500 est=4.53499e+06
  [FastestO Curve] run=4 frac=0.4 budget_n=500 est=4.94884e+06
  [FastestO Curve] run=4 frac=0.5 budget_n=500 est=3.71628e+06
  [FastestO Curve] run=4 frac=0.6 budget_n=500 est=3.10317e+06
  [FastestO Curve] run=4 frac=0.7 budget_n=500 est=3.08264e+06
  [FastestO Curve] run=4 frac=0.8 budget_n=500 est=4.34926e+06
  [FastestO Curve] run=4 frac=0.9 budget_n=500 est=7.24761e+06
  [FastestO Curve] run=5 frac=0.01 budget_n=500 est=8.4301e+06
  [FastestO Curve] run=5 frac=0.05 budget_n=500 est=3.18985e+06
  [FastestO Curve] run=5 frac=0.075 budget_n=500 est=2.57314e+06
  [FastestO Curve] run=5 frac=0.1 budget_n=500 est=5.0829e+06
  [FastestO Curve] run=5 frac=0.15 budget_n=500 est=3.71214e+06
  [FastestO Curve] run=5 frac=0.2 budget_n=500 est=3.29371e+06
  [FastestO Curve] run=5 frac=0.3 budget_n=500 est=5.55391e+06
  [FastestO Curve] run=5 frac=0.4 budget_n=500 est=9.03187e+06
  [FastestO Curve] run=5 frac=0.5 budget_n=500 est=2.76533e+06
  [FastestO Curve] run=5 frac=0.6 budget_n=500 est=1.66053e+07
  [FastestO Curve] run=5 frac=0.7 budget_n=500 est=1.08369e+07
  [FastestO Curve] run=5 frac=0.8 budget_n=500 est=8.87368e+06
  [FastestO Curve] run=5 frac=0.9 budget_n=500 est=9.30898e+06
  [Result] #CandTree           : 3.93e+05
  [Result] #TreeTrials         : 337
  [Result] #TreeSuccess        : 15
  [Result] #UniqueOracleNodes  : 500.0000
  [Result] Truth               : 393025.0000
  [Result] Est                 : 9308977.8932
  [Result] logQError           : 1.3745
  [Result] TreeCountTime       : 23.3605
  [Result] QueryTime           : 0.8463
/home/wangshuo/projects/PROXY/datasets/parler-E/query_graph/query_cycle_4_10.graph Finished!

Start Processing (Multi-Predicate) /home/wangshuo/projects/PROXY/datasets/parler-E/query_graph/query_cycle_4_11.graph
[Info] Using explicit query nodes for predicates: 2 3 
[Info] FOIS_nrs base budget not found, will rely strictly on Curve CSV.
[Info] Using user-specified root label 2 -> query node 2
  [FastestO Curve] run=1 frac=0.01 budget_n=500 est=5.31617e+07
  [FastestO Curve] run=1 frac=0.05 budget_n=500 est=6.32788e+07
  [FastestO Curve] run=1 frac=0.075 budget_n=500 est=6.27449e+07
  [FastestO Curve] run=1 frac=0.1 budget_n=500 est=5.50548e+07
  [FastestO Curve] run=1 frac=0.15 budget_n=500 est=4.01429e+07
  [FastestO Curve] run=1 frac=0.2 budget_n=500 est=6.05173e+07
  [FastestO Curve] run=1 frac=0.3 budget_n=500 est=5.32756e+07
  [FastestO Curve] run=1 frac=0.4 budget_n=500 est=5.16661e+07
  [FastestO Curve] run=1 frac=0.5 budget_n=500 est=3.24101e+07
  [FastestO Curve] run=1 frac=0.6 budget_n=500 est=4.87885e+07
  [FastestO Curve] run=1 frac=0.7 budget_n=500 est=6.79246e+07
  [FastestO Curve] run=1 frac=0.8 budget_n=500 est=3.64927e+07
  [FastestO Curve] run=1 frac=0.9 budget_n=500 est=5.06711e+07
  [FastestO Curve] run=2 frac=0.01 budget_n=500 est=4.19272e+07
  [FastestO Curve] run=2 frac=0.05 budget_n=500 est=2.99561e+07
  [FastestO Curve] run=2 frac=0.075 budget_n=500 est=5.41352e+07
  [FastestO Curve] run=2 frac=0.1 budget_n=500 est=4.78443e+07
  [FastestO Curve] run=2 frac=0.15 budget_n=500 est=7.02227e+07
  [FastestO Curve] run=2 frac=0.2 budget_n=500 est=6.02325e+07
  [FastestO Curve] run=2 frac=0.3 budget_n=500 est=6.11372e+07
  [FastestO Curve] run=2 frac=0.4 budget_n=500 est=5.89095e+07
  [FastestO Curve] run=2 frac=0.5 budget_n=500 est=4.02859e+07
  [FastestO Curve] run=2 frac=0.6 budget_n=500 est=7.16349e+07
  [FastestO Curve] run=2 frac=0.7 budget_n=500 est=5.14199e+07
  [FastestO Curve] run=2 frac=0.8 budget_n=500 est=7.05501e+07
  [FastestO Curve] run=2 frac=0.9 budget_n=500 est=5.29178e+07
  [FastestO Curve] run=3 frac=0.01 budget_n=500 est=5.05927e+07
  [FastestO Curve] run=3 frac=0.05 budget_n=500 est=5.32298e+07
  [FastestO Curve] run=3 frac=0.075 budget_n=500 est=4.10366e+07
  [FastestO Curve] run=3 frac=0.1 budget_n=500 est=7.01763e+07
  [FastestO Curve] run=3 frac=0.15 budget_n=500 est=3.64884e+07
  [FastestO Curve] run=3 frac=0.2 budget_n=500 est=4.9541e+07
  [FastestO Curve] run=3 frac=0.3 budget_n=500 est=2.98536e+07
  [FastestO Curve] run=3 frac=0.4 budget_n=500 est=3.8924e+07
  [FastestO Curve] run=3 frac=0.5 budget_n=500 est=5.52251e+07
  [FastestO Curve] run=3 frac=0.6 budget_n=500 est=7.859e+07
  [FastestO Curve] run=3 frac=0.7 budget_n=500 est=4.83133e+07
  [FastestO Curve] run=3 frac=0.8 budget_n=500 est=4.51391e+07
  [FastestO Curve] run=3 frac=0.9 budget_n=500 est=5.86649e+07
  [FastestO Curve] run=4 frac=0.01 budget_n=500 est=5.28447e+07
  [FastestO Curve] run=4 frac=0.05 budget_n=500 est=5.51135e+07
  [FastestO Curve] run=4 frac=0.075 budget_n=500 est=4.68195e+07
  [FastestO Curve] run=4 frac=0.1 budget_n=500 est=3.81803e+07
  [FastestO Curve] run=4 frac=0.15 budget_n=500 est=4.0475e+07
  [FastestO Curve] run=4 frac=0.2 budget_n=500 est=5.74598e+07
  [FastestO Curve] run=4 frac=0.3 budget_n=500 est=5.70246e+07
  [FastestO Curve] run=4 frac=0.4 budget_n=500 est=6.67749e+07
  [FastestO Curve] run=4 frac=0.5 budget_n=500 est=4.75222e+07
  [FastestO Curve] run=4 frac=0.6 budget_n=500 est=4.51579e+07
  [FastestO Curve] run=4 frac=0.7 budget_n=500 est=6.47411e+07
  [FastestO Curve] run=4 frac=0.8 budget_n=500 est=5.6103e+07
  [FastestO Curve] run=4 frac=0.9 budget_n=500 est=5.69793e+07
  [FastestO Curve] run=5 frac=0.01 budget_n=500 est=6.2e+07
  [FastestO Curve] run=5 frac=0.05 budget_n=500 est=3.54352e+07
  [FastestO Curve] run=5 frac=0.075 budget_n=500 est=3.45859e+07
  [FastestO Curve] run=5 frac=0.1 budget_n=500 est=7.45231e+07
  [FastestO Curve] run=5 frac=0.15 budget_n=500 est=4.20549e+07
  [FastestO Curve] run=5 frac=0.2 budget_n=500 est=5.59003e+07
  [FastestO Curve] run=5 frac=0.3 budget_n=500 est=3.77712e+07
  [FastestO Curve] run=5 frac=0.4 budget_n=500 est=6.12679e+07
  [FastestO Curve] run=5 frac=0.5 budget_n=500 est=4.38964e+07
  [FastestO Curve] run=5 frac=0.6 budget_n=500 est=4.94527e+07
  [FastestO Curve] run=5 frac=0.7 budget_n=500 est=4.72963e+07
  [FastestO Curve] run=5 frac=0.8 budget_n=500 est=7.06131e+07
  [FastestO Curve] run=5 frac=0.9 budget_n=500 est=4.03493e+07
  [Result] #CandTree           : 2.295e+05
  [Result] #TreeTrials         : 1076
  [Result] #TreeSuccess        : 38
  [Result] #UniqueOracleNodes  : 500.0000
  [Result] Truth               : 229547.0000
  [Result] Est                 : 40349285.2593
  [Result] logQError           : 2.2450
  [Result] TreeCountTime       : 26.5098
  [Result] QueryTime           : 1.9357
/home/wangshuo/projects/PROXY/datasets/parler-E/query_graph/query_cycle_4_11.graph Finished!

Start Processing (Multi-Predicate) /home/wangshuo/projects/PROXY/datasets/parler-E/query_graph/query_cycle_4_12.graph
[Info] Using explicit query nodes for predicates: 1 2 
[Info] FOIS_nrs base budget not found, will rely strictly on Curve CSV.
[Info] Using user-specified root label 2 -> query node 1
  [FastestO Curve] run=1 frac=0.01 budget_n=500 est=5.82047e+07
  [FastestO Curve] run=1 frac=0.05 budget_n=500 est=9.81602e+07
  [FastestO Curve] run=1 frac=0.075 budget_n=500 est=4.51794e+07
  [FastestO Curve] run=1 frac=0.1 budget_n=500 est=8.0252e+07
  [FastestO Curve] run=1 frac=0.15 budget_n=500 est=9.19823e+07
  [FastestO Curve] run=1 frac=0.2 budget_n=500 est=6.76985e+07
  [FastestO Curve] run=1 frac=0.3 budget_n=500 est=7.06997e+07
  [FastestO Curve] run=1 frac=0.4 budget_n=500 est=7.63984e+07
  [FastestO Curve] run=1 frac=0.5 budget_n=500 est=8.8789e+07
  [FastestO Curve] run=1 frac=0.6 budget_n=500 est=6.62786e+07
  [FastestO Curve] run=1 frac=0.7 budget_n=500 est=6.39263e+07
  [FastestO Curve] run=1 frac=0.8 budget_n=500 est=6.39318e+07
  [FastestO Curve] run=1 frac=0.9 budget_n=500 est=7.05704e+07
  [FastestO Curve] run=2 frac=0.01 budget_n=500 est=7.14793e+07
  [FastestO Curve] run=2 frac=0.05 budget_n=500 est=8.59243e+07
  [FastestO Curve] run=2 frac=0.075 budget_n=500 est=6.81297e+07
  [FastestO Curve] run=2 frac=0.1 budget_n=500 est=6.39363e+07
  [FastestO Curve] run=2 frac=0.15 budget_n=500 est=7.26241e+07
  [FastestO Curve] run=2 frac=0.2 budget_n=500 est=7.04578e+07
  [FastestO Curve] run=2 frac=0.3 budget_n=500 est=9.28379e+07
  [FastestO Curve] run=2 frac=0.4 budget_n=500 est=8.67053e+07
  [FastestO Curve] run=2 frac=0.5 budget_n=500 est=6.58576e+07
  [FastestO Curve] run=2 frac=0.6 budget_n=500 est=5.5876e+07
  [FastestO Curve] run=2 frac=0.7 budget_n=500 est=6.34932e+07
  [FastestO Curve] run=2 frac=0.8 budget_n=500 est=6.67784e+07
  [FastestO Curve] run=2 frac=0.9 budget_n=500 est=6.6357e+07
  [FastestO Curve] run=3 frac=0.01 budget_n=500 est=8.49903e+07
  [FastestO Curve] run=3 frac=0.05 budget_n=500 est=7.03073e+07
  [FastestO Curve] run=3 frac=0.075 budget_n=500 est=9.61848e+07
  [FastestO Curve] run=3 frac=0.1 budget_n=500 est=8.4226e+07
  [FastestO Curve] run=3 frac=0.15 budget_n=500 est=6.89513e+07
  [FastestO Curve] run=3 frac=0.2 budget_n=500 est=4.70991e+07
  [FastestO Curve] run=3 frac=0.3 budget_n=500 est=8.3189e+07
  [FastestO Curve] run=3 frac=0.4 budget_n=500 est=6.32026e+07
  [FastestO Curve] run=3 frac=0.5 budget_n=500 est=5.23615e+07
  [FastestO Curve] run=3 frac=0.6 budget_n=500 est=6.45115e+07
  [FastestO Curve] run=3 frac=0.7 budget_n=500 est=7.70754e+07
  [FastestO Curve] run=3 frac=0.8 budget_n=500 est=9.56292e+07
  [FastestO Curve] run=3 frac=0.9 budget_n=500 est=8.29772e+07
  [FastestO Curve] run=4 frac=0.01 budget_n=500 est=6.22795e+07
  [FastestO Curve] run=4 frac=0.05 budget_n=500 est=7.77466e+07
  [FastestO Curve] run=4 frac=0.075 budget_n=500 est=8.79353e+07
  [FastestO Curve] run=4 frac=0.1 budget_n=500 est=6.96334e+07
  [FastestO Curve] run=4 frac=0.15 budget_n=500 est=5.38984e+07
  [FastestO Curve] run=4 frac=0.2 budget_n=500 est=6.29369e+07
  [FastestO Curve] run=4 frac=0.3 budget_n=500 est=6.90084e+07
  [FastestO Curve] run=4 frac=0.4 budget_n=500 est=9.11391e+07
  [FastestO Curve] run=4 frac=0.5 budget_n=500 est=8.05224e+07
  [FastestO Curve] run=4 frac=0.6 budget_n=500 est=7.37335e+07
  [FastestO Curve] run=4 frac=0.7 budget_n=500 est=8.07223e+07
  [FastestO Curve] run=4 frac=0.8 budget_n=500 est=7.70126e+07
  [FastestO Curve] run=4 frac=0.9 budget_n=500 est=4.20937e+07
  [FastestO Curve] run=5 frac=0.01 budget_n=500 est=8.31179e+07
  [FastestO Curve] run=5 frac=0.05 budget_n=500 est=5.85212e+07
  [FastestO Curve] run=5 frac=0.075 budget_n=500 est=8.39904e+07
  [FastestO Curve] run=5 frac=0.1 budget_n=500 est=8.57604e+07
  [FastestO Curve] run=5 frac=0.15 budget_n=500 est=8.49076e+07
  [FastestO Curve] run=5 frac=0.2 budget_n=500 est=7.07297e+07
  [FastestO Curve] run=5 frac=0.3 budget_n=500 est=7.0681e+07
  [FastestO Curve] run=5 frac=0.4 budget_n=500 est=5.63473e+07
  [FastestO Curve] run=5 frac=0.5 budget_n=500 est=6.98721e+07
  [FastestO Curve] run=5 frac=0.6 budget_n=500 est=9.42809e+07
  [FastestO Curve] run=5 frac=0.7 budget_n=500 est=6.50943e+07
  [FastestO Curve] run=5 frac=0.8 budget_n=500 est=7.35977e+07
  [FastestO Curve] run=5 frac=0.9 budget_n=500 est=6.94248e+07
  [Result] #CandTree           : 2.435e+05
  [Result] #TreeTrials         : 1014
  [Result] #TreeSuccess        : 55
  [Result] #UniqueOracleNodes  : 500.0000
  [Result] Truth               : 243509.0000
  [Result] Est                 : 69424800.1351
  [Result] logQError           : 2.4550
  [Result] TreeCountTime       : 27.5604
  [Result] QueryTime           : 2.9070
/home/wangshuo/projects/PROXY/datasets/parler-E/query_graph/query_cycle_4_12.graph Finished!

Start Processing (Multi-Predicate) /home/wangshuo/projects/PROXY/datasets/parler-E/query_graph/query_cycle_4_13.graph
[Info] Using explicit query nodes for predicates: 0 1 2 
[Info] FOIS_nrs base budget not found, will rely strictly on Curve CSV.
[Info] Using user-specified root label 2 -> query node 1
  [FastestO Curve] run=1 frac=0.01 budget_n=500 est=2.01987e+07
  [FastestO Curve] run=1 frac=0.05 budget_n=500 est=3.35027e+07
  [FastestO Curve] run=1 frac=0.075 budget_n=500 est=4.98867e+07
  [FastestO Curve] run=1 frac=0.1 budget_n=500 est=2.34046e+07
  [FastestO Curve] run=1 frac=0.15 budget_n=500 est=2.94044e+06
  [FastestO Curve] run=1 frac=0.2 budget_n=500 est=2.99679e+07
  [FastestO Curve] run=1 frac=0.3 budget_n=500 est=2.48772e+07
  [FastestO Curve] run=1 frac=0.4 budget_n=500 est=1.36472e+07
  [FastestO Curve] run=1 frac=0.5 budget_n=500 est=1.54984e+07
  [FastestO Curve] run=1 frac=0.6 budget_n=500 est=8.10531e+06
  [FastestO Curve] run=1 frac=0.7 budget_n=500 est=1.38565e+07
  [FastestO Curve] run=1 frac=0.8 budget_n=500 est=3.71587e+07
  [FastestO Curve] run=1 frac=0.9 budget_n=500 est=3.88687e+07
  [FastestO Curve] run=2 frac=0.01 budget_n=500 est=1.76368e+07
  [FastestO Curve] run=2 frac=0.05 budget_n=500 est=3.44283e+07
  [FastestO Curve] run=2 frac=0.075 budget_n=500 est=3.23623e+07
  [FastestO Curve] run=2 frac=0.1 budget_n=500 est=2.0834e+07
  [FastestO Curve] run=2 frac=0.15 budget_n=500 est=3.60601e+07
  [FastestO Curve] run=2 frac=0.2 budget_n=500 est=5.44167e+07
  [FastestO Curve] run=2 frac=0.3 budget_n=500 est=4.61088e+07
  [FastestO Curve] run=2 frac=0.4 budget_n=500 est=2.7949e+07
  [FastestO Curve] run=2 frac=0.5 budget_n=500 est=2.30586e+07
  [FastestO Curve] run=2 frac=0.6 budget_n=500 est=2.0921e+07
  [FastestO Curve] run=2 frac=0.7 budget_n=500 est=2.8296e+07
  [FastestO Curve] run=2 frac=0.8 budget_n=500 est=3.10876e+07
  [FastestO Curve] run=2 frac=0.9 budget_n=500 est=4.94781e+07
  [FastestO Curve] run=3 frac=0.01 budget_n=500 est=2.10331e+07
  [FastestO Curve] run=3 frac=0.05 budget_n=500 est=3.83027e+07
  [FastestO Curve] run=3 frac=0.075 budget_n=500 est=2.58339e+07
  [FastestO Curve] run=3 frac=0.1 budget_n=500 est=2.20613e+07
  [FastestO Curve] run=3 frac=0.15 budget_n=500 est=3.50046e+07
  [FastestO Curve] run=3 frac=0.2 budget_n=500 est=3.41291e+06
  [FastestO Curve] run=3 frac=0.3 budget_n=500 est=2.22153e+07
  [FastestO Curve] run=3 frac=0.4 budget_n=500 est=2.13657e+07
  [FastestO Curve] run=3 frac=0.5 budget_n=500 est=2.3127e+07
  [FastestO Curve] run=3 frac=0.6 budget_n=500 est=1.7026e+07
  [FastestO Curve] run=3 frac=0.7 budget_n=500 est=2.59909e+07
  [FastestO Curve] run=3 frac=0.8 budget_n=500 est=5.32716e+07
  [FastestO Curve] run=3 frac=0.9 budget_n=500 est=2.73616e+07
  [FastestO Curve] run=4 frac=0.01 budget_n=500 est=5.28943e+07
  [FastestO Curve] run=4 frac=0.05 budget_n=500 est=5.05807e+07
  [FastestO Curve] run=4 frac=0.075 budget_n=500 est=3.79304e+07
  [FastestO Curve] run=4 frac=0.1 budget_n=500 est=2.66511e+07
  [FastestO Curve] run=4 frac=0.15 budget_n=500 est=5.11156e+07
  [FastestO Curve] run=4 frac=0.2 budget_n=500 est=2.14148e+07
  [FastestO Curve] run=4 frac=0.3 budget_n=500 est=2.29251e+07
  [FastestO Curve] run=4 frac=0.4 budget_n=500 est=2.14691e+07
  [FastestO Curve] run=4 frac=0.5 budget_n=500 est=1.35249e+07
  [FastestO Curve] run=4 frac=0.6 budget_n=500 est=5.3352e+07
  [FastestO Curve] run=4 frac=0.7 budget_n=500 est=3.24263e+07
  [FastestO Curve] run=4 frac=0.8 budget_n=500 est=5.37928e+07
  [FastestO Curve] run=4 frac=0.9 budget_n=500 est=2.3046e+07
  [FastestO Curve] run=5 frac=0.01 budget_n=500 est=5.41552e+07
  [FastestO Curve] run=5 frac=0.05 budget_n=500 est=6.44366e+07
  [FastestO Curve] run=5 frac=0.075 budget_n=500 est=5.30304e+07
  [FastestO Curve] run=5 frac=0.1 budget_n=500 est=4.19363e+07
  [FastestO Curve] run=5 frac=0.15 budget_n=500 est=1.57656e+07
  [FastestO Curve] run=5 frac=0.2 budget_n=500 est=1.59218e+07
  [FastestO Curve] run=5 frac=0.3 budget_n=500 est=2.61971e+07
  [FastestO Curve] run=5 frac=0.4 budget_n=500 est=1.9742e+07
  [FastestO Curve] run=5 frac=0.5 budget_n=500 est=4.28982e+07
  [FastestO Curve] run=5 frac=0.6 budget_n=500 est=2.28856e+07
  [FastestO Curve] run=5 frac=0.7 budget_n=500 est=2.73259e+06
  [FastestO Curve] run=5 frac=0.8 budget_n=500 est=3.83117e+07
  [FastestO Curve] run=5 frac=0.9 budget_n=500 est=9.58341e+06
  [Result] #CandTree           : 2.368e+05
  [Result] #TreeTrials         : 410
  [Result] #TreeSuccess        : 8
  [Result] #UniqueOracleNodes  : 500.0000
  [Result] Truth               : 222241.0000
  [Result] Est                 : 9583410.1220
  [Result] logQError           : 1.6347
  [Result] TreeCountTime       : 25.9671
  [Result] QueryTime           : 1.3305
/home/wangshuo/projects/PROXY/datasets/parler-E/query_graph/query_cycle_4_13.graph Finished!

Start Processing (Multi-Predicate) /home/wangshuo/projects/PROXY/datasets/parler-E/query_graph/query_cycle_4_14.graph
[Info] Using explicit query nodes for predicates: 0 3 
[Info] FOIS_nrs base budget not found, will rely strictly on Curve CSV.
[Info] Using user-specified root label 2 -> query node 0
  [FastestO Curve] run=1 frac=0.01 budget_n=500 est=2.34717e+06
  [FastestO Curve] run=1 frac=0.05 budget_n=500 est=7.44856e+06
  [FastestO Curve] run=1 frac=0.075 budget_n=500 est=5.15474e+06
  [FastestO Curve] run=1 frac=0.1 budget_n=500 est=2.48813e+06
  [FastestO Curve] run=1 frac=0.15 budget_n=500 est=248044
  [FastestO Curve] run=1 frac=0.2 budget_n=500 est=2.54365e+06
  [FastestO Curve] run=1 frac=0.3 budget_n=500 est=7.65761e+06
  [FastestO Curve] run=1 frac=0.4 budget_n=500 est=278485
  [FastestO Curve] run=1 frac=0.5 budget_n=500 est=276595
  [FastestO Curve] run=1 frac=0.6 budget_n=500 est=3.5049e+06
  [FastestO Curve] run=1 frac=0.7 budget_n=500 est=1.99611e+06
  [FastestO Curve] run=1 frac=0.8 budget_n=500 est=2.36673e+06
  [FastestO Curve] run=1 frac=0.9 budget_n=500 est=2.30174e+06
  [FastestO Curve] run=2 frac=0.01 budget_n=500 est=2.17386e+06
  [FastestO Curve] run=2 frac=0.05 budget_n=500 est=1.40766e+06
  [FastestO Curve] run=2 frac=0.075 budget_n=500 est=1.18584e+06
  [FastestO Curve] run=2 frac=0.1 budget_n=500 est=134633
  [FastestO Curve] run=2 frac=0.15 budget_n=500 est=720755
  [FastestO Curve] run=2 frac=0.2 budget_n=500 est=7.10799e+06
  [FastestO Curve] run=2 frac=0.3 budget_n=500 est=2.40252e+06
  [FastestO Curve] run=2 frac=0.4 budget_n=500 est=2.33162e+06
  [FastestO Curve] run=2 frac=0.5 budget_n=500 est=2.29655e+06
  [FastestO Curve] run=2 frac=0.6 budget_n=500 est=2.21854e+06
  [FastestO Curve] run=2 frac=0.7 budget_n=500 est=137605
  [FastestO Curve] run=2 frac=0.8 budget_n=500 est=1.0811e+06
  [FastestO Curve] run=2 frac=0.9 budget_n=500 est=3.24163e+06
  [FastestO Curve] run=3 frac=0.01 budget_n=500 est=1.19007e+06
  [FastestO Curve] run=3 frac=0.05 budget_n=500 est=408504
  [FastestO Curve] run=3 frac=0.075 budget_n=500 est=2.10219e+06
  [FastestO Curve] run=3 frac=0.1 budget_n=500 est=3.46616e+06
  [FastestO Curve] run=3 frac=0.15 budget_n=500 est=499690
  [FastestO Curve] run=3 frac=0.2 budget_n=500 est=1.95387e+06
  [FastestO Curve] run=3 frac=0.3 budget_n=500 est=1.09445e+06
  [FastestO Curve] run=3 frac=0.4 budget_n=500 est=462289
  [FastestO Curve] run=3 frac=0.5 budget_n=500 est=2.0642e+06
  [FastestO Curve] run=3 frac=0.6 budget_n=500 est=1.34406e+06
  [FastestO Curve] run=3 frac=0.7 budget_n=500 est=2.29125e+06
  [FastestO Curve] run=3 frac=0.8 budget_n=500 est=2.8024e+06
  [FastestO Curve] run=3 frac=0.9 budget_n=500 est=2.47462e+06
  [FastestO Curve] run=4 frac=0.01 budget_n=500 est=1.97396e+06
  [FastestO Curve] run=4 frac=0.05 budget_n=500 est=537300
  [FastestO Curve] run=4 frac=0.075 budget_n=500 est=712477
  [FastestO Curve] run=4 frac=0.1 budget_n=500 est=2.64151e+06
  [FastestO Curve] run=4 frac=0.15 budget_n=500 est=1.03767e+06
  [FastestO Curve] run=4 frac=0.2 budget_n=500 est=390726
  [FastestO Curve] run=4 frac=0.3 budget_n=500 est=1.04104e+06
  [FastestO Curve] run=4 frac=0.4 budget_n=500 est=2.74461e+06
  [FastestO Curve] run=4 frac=0.5 budget_n=500 est=2.2948e+06
  [FastestO Curve] run=4 frac=0.6 budget_n=500 est=306981
  [FastestO Curve] run=4 frac=0.7 budget_n=500 est=1.45878e+06
  [FastestO Curve] run=4 frac=0.8 budget_n=500 est=5.7318e+06
  [FastestO Curve] run=4 frac=0.9 budget_n=500 est=1.35961e+06
  [FastestO Curve] run=5 frac=0.01 budget_n=500 est=7.38577e+06
  [FastestO Curve] run=5 frac=0.05 budget_n=500 est=585846
  [FastestO Curve] run=5 frac=0.075 budget_n=500 est=3.06246e+06
  [FastestO Curve] run=5 frac=0.1 budget_n=500 est=2.13495e+06
  [FastestO Curve] run=5 frac=0.15 budget_n=500 est=4.20341e+06
  [FastestO Curve] run=5 frac=0.2 budget_n=500 est=3.04203e+06
  [FastestO Curve] run=5 frac=0.3 budget_n=500 est=3.80648e+06
  [FastestO Curve] run=5 frac=0.4 budget_n=500 est=3.82383e+06
  [FastestO Curve] run=5 frac=0.5 budget_n=500 est=2.80929e+06
  [FastestO Curve] run=5 frac=0.6 budget_n=500 est=3.94746e+06
  [FastestO Curve] run=5 frac=0.7 budget_n=500 est=1.43829e+06
  [FastestO Curve] run=5 frac=0.8 budget_n=500 est=2.23859e+06
  [FastestO Curve] run=5 frac=0.9 budget_n=500 est=2.04543e+06
  [Result] #CandTree           : 1.581e+05
  [Result] #TreeTrials         : 581
  [Result] #TreeSuccess        : 13
  [Result] #UniqueOracleNodes  : 500.0000
  [Result] Truth               : 158094.0000
  [Result] Est                 : 2045426.1583
  [Result] logQError           : 1.1119
  [Result] TreeCountTime       : 22.4878
  [Result] QueryTime           : 1.2489
/home/wangshuo/projects/PROXY/datasets/parler-E/query_graph/query_cycle_4_14.graph Finished!

Start Processing (Multi-Predicate) /home/wangshuo/projects/PROXY/datasets/parler-E/query_graph/query_cycle_4_15.graph
[Info] Using explicit query nodes for predicates: 0 1 2 
[Info] FOIS_nrs base budget not found, will rely strictly on Curve CSV.
[Info] Using user-specified root label 2 -> query node 1
  [FastestO Curve] run=1 frac=0.01 budget_n=500 est=7.73222e+06
  [FastestO Curve] run=1 frac=0.05 budget_n=500 est=2.63147e+07
  [FastestO Curve] run=1 frac=0.075 budget_n=500 est=5.21227e+07
  [FastestO Curve] run=1 frac=0.1 budget_n=500 est=2.84906e+07
  [FastestO Curve] run=1 frac=0.15 budget_n=500 est=1.46328e+07
  [FastestO Curve] run=1 frac=0.2 budget_n=500 est=1.85161e+07
  [FastestO Curve] run=1 frac=0.3 budget_n=500 est=5.29e+07
  [FastestO Curve] run=1 frac=0.4 budget_n=500 est=1.22743e+07
  [FastestO Curve] run=1 frac=0.5 budget_n=500 est=1.13484e+07
  [FastestO Curve] run=1 frac=0.6 budget_n=500 est=4.2911e+07
  [FastestO Curve] run=1 frac=0.7 budget_n=500 est=2.01157e+07
  [FastestO Curve] run=1 frac=0.8 budget_n=500 est=3.64082e+07
  [FastestO Curve] run=1 frac=0.9 budget_n=500 est=3.55719e+07
  [FastestO Curve] run=2 frac=0.01 budget_n=500 est=4.51121e+07
  [FastestO Curve] run=2 frac=0.05 budget_n=500 est=2.20872e+07
  [FastestO Curve] run=2 frac=0.075 budget_n=500 est=2.83181e+07
  [FastestO Curve] run=2 frac=0.1 budget_n=500 est=6.77942e+07
  [FastestO Curve] run=2 frac=0.15 budget_n=500 est=3.85604e+07
  [FastestO Curve] run=2 frac=0.2 budget_n=500 est=4.12729e+07
  [FastestO Curve] run=2 frac=0.3 budget_n=500 est=2.72854e+07
  [FastestO Curve] run=2 frac=0.4 budget_n=500 est=2.18439e+07
  [FastestO Curve] run=2 frac=0.5 budget_n=500 est=5.44305e+07
  [FastestO Curve] run=2 frac=0.6 budget_n=500 est=7.18428e+07
  [FastestO Curve] run=2 frac=0.7 budget_n=500 est=3.40773e+07
  [FastestO Curve] run=2 frac=0.8 budget_n=500 est=8.98313e+07
  [FastestO Curve] run=2 frac=0.9 budget_n=500 est=2.75234e+07
  [FastestO Curve] run=3 frac=0.01 budget_n=500 est=5.53664e+07
  [FastestO Curve] run=3 frac=0.05 budget_n=500 est=7.70056e+06
  [FastestO Curve] run=3 frac=0.075 budget_n=500 est=1.09765e+07
  [FastestO Curve] run=3 frac=0.1 budget_n=500 est=4.80574e+07
  [FastestO Curve] run=3 frac=0.15 budget_n=500 est=2.43862e+07
  [FastestO Curve] run=3 frac=0.2 budget_n=500 est=6.09652e+07
  [FastestO Curve] run=3 frac=0.3 budget_n=500 est=4.02112e+07
  [FastestO Curve] run=3 frac=0.4 budget_n=500 est=2.8668e+07
  [FastestO Curve] run=3 frac=0.5 budget_n=500 est=5.01895e+07
  [FastestO Curve] run=3 frac=0.6 budget_n=500 est=5.52648e+07
  [FastestO Curve] run=3 frac=0.7 budget_n=500 est=3.28413e+07
  [FastestO Curve] run=3 frac=0.8 budget_n=500 est=4.44992e+06
  [FastestO Curve] run=3 frac=0.9 budget_n=500 est=4.83747e+07
  [FastestO Curve] run=4 frac=0.01 budget_n=500 est=2.37348e+07
  [FastestO Curve] run=4 frac=0.05 budget_n=500 est=1.56607e+07
  [FastestO Curve] run=4 frac=0.075 budget_n=500 est=4.57785e+07
  [FastestO Curve] run=4 frac=0.1 budget_n=500 est=4.36708e+07
  [FastestO Curve] run=4 frac=0.15 budget_n=500 est=2.55598e+07
  [FastestO Curve] run=4 frac=0.2 budget_n=500 est=4.43183e+07
  [FastestO Curve] run=4 frac=0.3 budget_n=500 est=2.14444e+07
  [FastestO Curve] run=4 frac=0.4 budget_n=500 est=5.18175e+07
  [FastestO Curve] run=4 frac=0.5 budget_n=500 est=3.4917e+07
  [FastestO Curve] run=4 frac=0.6 budget_n=500 est=9.94889e+06
  [FastestO Curve] run=4 frac=0.7 budget_n=500 est=1.58321e+07
  [FastestO Curve] run=4 frac=0.8 budget_n=500 est=1.32798e+07
  [FastestO Curve] run=4 frac=0.9 budget_n=500 est=4.19373e+07
  [FastestO Curve] run=5 frac=0.01 budget_n=500 est=3.43897e+07
  [FastestO Curve] run=5 frac=0.05 budget_n=500 est=1.43908e+07
  [FastestO Curve] run=5 frac=0.075 budget_n=500 est=2.98142e+07
  [FastestO Curve] run=5 frac=0.1 budget_n=500 est=4.05152e+07
  [FastestO Curve] run=5 frac=0.15 budget_n=500 est=3.8582e+07
  [FastestO Curve] run=5 frac=0.2 budget_n=500 est=4.90985e+07
  [FastestO Curve] run=5 frac=0.3 budget_n=500 est=2.25547e+07
  [FastestO Curve] run=5 frac=0.4 budget_n=500 est=1.54684e+07
  [FastestO Curve] run=5 frac=0.5 budget_n=500 est=2.86687e+07
  [FastestO Curve] run=5 frac=0.6 budget_n=500 est=3.8448e+07
  [FastestO Curve] run=5 frac=0.7 budget_n=500 est=4.85841e+07
  [FastestO Curve] run=5 frac=0.8 budget_n=500 est=3.46862e+07
  [FastestO Curve] run=5 frac=0.9 budget_n=500 est=6.62218e+07
  [Result] #CandTree           : 2.368e+05
  [Result] #TreeTrials         : 433
  [Result] #TreeSuccess        : 14
  [Result] #UniqueOracleNodes  : 500.0000
  [Result] Truth               : 222241.0000
  [Result] Est                 : 66221780.2540
  [Result] logQError           : 2.4742
  [Result] TreeCountTime       : 23.5720
  [Result] QueryTime           : 1.0922
/home/wangshuo/projects/PROXY/datasets/parler-E/query_graph/query_cycle_4_15.graph Finished!

Start Processing (Multi-Predicate) /home/wangshuo/projects/PROXY/datasets/parler-E/query_graph/query_cycle_4_16.graph
[Info] Using explicit query nodes for predicates: 2 3 
[Info] FOIS_nrs base budget not found, will rely strictly on Curve CSV.
[Info] Using user-specified root label 2 -> query node 3
  [FastestO Curve] run=1 frac=0.01 budget_n=500 est=1.94187e+07
  [FastestO Curve] run=1 frac=0.05 budget_n=500 est=2.93705e+06
  [FastestO Curve] run=1 frac=0.075 budget_n=500 est=9.10956e+06
  [FastestO Curve] run=1 frac=0.1 budget_n=500 est=1.66243e+06
  [FastestO Curve] run=1 frac=0.15 budget_n=500 est=8.62261e+06
  [FastestO Curve] run=1 frac=0.2 budget_n=500 est=4.2462e+06
  [FastestO Curve] run=1 frac=0.3 budget_n=500 est=2.62873e+06
  [FastestO Curve] run=1 frac=0.4 budget_n=500 est=9.44622e+06
  [FastestO Curve] run=1 frac=0.5 budget_n=500 est=4.70634e+06
  [FastestO Curve] run=1 frac=0.6 budget_n=500 est=3.10076e+06
  [FastestO Curve] run=1 frac=0.7 budget_n=500 est=4.39499e+06
  [FastestO Curve] run=1 frac=0.8 budget_n=500 est=9.87505e+06
  [FastestO Curve] run=1 frac=0.9 budget_n=500 est=3.29892e+06
  [FastestO Curve] run=2 frac=0.01 budget_n=500 est=1.30458e+07
  [FastestO Curve] run=2 frac=0.05 budget_n=500 est=2.203e+06
  [FastestO Curve] run=2 frac=0.075 budget_n=500 est=3.65022e+06
  [FastestO Curve] run=2 frac=0.1 budget_n=500 est=6.44221e+06
  [FastestO Curve] run=2 frac=0.15 budget_n=500 est=1.22138e+07
  [FastestO Curve] run=2 frac=0.2 budget_n=500 est=2.39352e+06
  [FastestO Curve] run=2 frac=0.3 budget_n=500 est=6.33329e+06
  [FastestO Curve] run=2 frac=0.4 budget_n=500 est=4.36945e+06
  [FastestO Curve] run=2 frac=0.5 budget_n=500 est=2.42545e+06
  [FastestO Curve] run=2 frac=0.6 budget_n=500 est=1.32555e+07
  [FastestO Curve] run=2 frac=0.7 budget_n=500 est=1.38437e+07
  [FastestO Curve] run=2 frac=0.8 budget_n=500 est=4.15131e+06
  [FastestO Curve] run=2 frac=0.9 budget_n=500 est=6.79676e+06
  [FastestO Curve] run=3 frac=0.01 budget_n=500 est=4.22057e+06
  [FastestO Curve] run=3 frac=0.05 budget_n=500 est=2.30415e+06
  [FastestO Curve] run=3 frac=0.075 budget_n=500 est=4.48007e+06
  [FastestO Curve] run=3 frac=0.1 budget_n=500 est=2.97199e+06
  [FastestO Curve] run=3 frac=0.15 budget_n=500 est=4.85794e+06
  [FastestO Curve] run=3 frac=0.2 budget_n=500 est=5.19335e+06
  [FastestO Curve] run=3 frac=0.3 budget_n=500 est=3.36888e+06
  [FastestO Curve] run=3 frac=0.4 budget_n=500 est=4.07885e+07
  [FastestO Curve] run=3 frac=0.5 budget_n=500 est=1.08349e+07
  [FastestO Curve] run=3 frac=0.6 budget_n=500 est=5.69126e+06
  [FastestO Curve] run=3 frac=0.7 budget_n=500 est=5.99295e+06
  [FastestO Curve] run=3 frac=0.8 budget_n=500 est=3.09728e+06
  [FastestO Curve] run=3 frac=0.9 budget_n=500 est=2.58359e+06
  [FastestO Curve] run=4 frac=0.01 budget_n=500 est=3.04182e+06
  [FastestO Curve] run=4 frac=0.05 budget_n=500 est=5.82425e+06
  [FastestO Curve] run=4 frac=0.075 budget_n=500 est=3.41303e+07
  [FastestO Curve] run=4 frac=0.1 budget_n=500 est=1.15343e+06
  [FastestO Curve] run=4 frac=0.15 budget_n=500 est=2.84852e+06
  [FastestO Curve] run=4 frac=0.2 budget_n=500 est=5.34346e+06
  [FastestO Curve] run=4 frac=0.3 budget_n=500 est=1.99168e+06
  [FastestO Curve] run=4 frac=0.4 budget_n=500 est=2.65325e+06
  [FastestO Curve] run=4 frac=0.5 budget_n=500 est=1.12911e+07
  [FastestO Curve] run=4 frac=0.6 budget_n=500 est=1.12933e+07
  [FastestO Curve] run=4 frac=0.7 budget_n=500 est=2.39178e+06
  [FastestO Curve] run=4 frac=0.8 budget_n=500 est=4.04863e+06
  [FastestO Curve] run=4 frac=0.9 budget_n=500 est=5.54138e+06
  [FastestO Curve] run=5 frac=0.01 budget_n=500 est=3.13961e+06
  [FastestO Curve] run=5 frac=0.05 budget_n=500 est=2.73926e+06
  [FastestO Curve] run=5 frac=0.075 budget_n=500 est=1.39753e+06
  [FastestO Curve] run=5 frac=0.1 budget_n=500 est=3.32518e+06
  [FastestO Curve] run=5 frac=0.15 budget_n=500 est=3.46657e+06
  [FastestO Curve] run=5 frac=0.2 budget_n=500 est=2.61077e+06
  [FastestO Curve] run=5 frac=0.3 budget_n=500 est=3.32905e+06
  [FastestO Curve] run=5 frac=0.4 budget_n=500 est=8.95435e+06
  [FastestO Curve] run=5 frac=0.5 budget_n=500 est=4.02263e+06
  [FastestO Curve] run=5 frac=0.6 budget_n=500 est=3.38062e+06
  [FastestO Curve] run=5 frac=0.7 budget_n=500 est=1.94064e+06
  [FastestO Curve] run=5 frac=0.8 budget_n=500 est=4.77653e+06
  [FastestO Curve] run=5 frac=0.9 budget_n=500 est=3.39208e+06
  [Result] #CandTree           : 3.977e+05
  [Result] #TreeTrials         : 347
  [Result] #TreeSuccess        : 12
  [Result] #UniqueOracleNodes  : 500.0000
  [Result] Truth               : 397653.0000
  [Result] Est                 : 3392083.2277
  [Result] logQError           : 0.9310
  [Result] TreeCountTime       : 24.5918
  [Result] QueryTime           : 1.0194
/home/wangshuo/projects/PROXY/datasets/parler-E/query_graph/query_cycle_4_16.graph Finished!

Start Processing (Multi-Predicate) /home/wangshuo/projects/PROXY/datasets/parler-E/query_graph/query_cycle_4_17.graph
[Info] Using explicit query nodes for predicates: 0 3 
[Info] FOIS_nrs base budget not found, will rely strictly on Curve CSV.
[Info] Using user-specified root label 2 -> query node 0
  [FastestO Curve] run=1 frac=0.01 budget_n=500 est=582358
  [FastestO Curve] run=1 frac=0.05 budget_n=500 est=1.39695e+06
  [FastestO Curve] run=1 frac=0.075 budget_n=500 est=1.58199e+06
  [FastestO Curve] run=1 frac=0.1 budget_n=500 est=1.95379e+06
  [FastestO Curve] run=1 frac=0.15 budget_n=500 est=6.77531e+06
  [FastestO Curve] run=1 frac=0.2 budget_n=500 est=767570
  [FastestO Curve] run=1 frac=0.3 budget_n=500 est=787570
  [FastestO Curve] run=1 frac=0.4 budget_n=500 est=763565
  [FastestO Curve] run=1 frac=0.5 budget_n=500 est=2.80707e+06
  [FastestO Curve] run=1 frac=0.6 budget_n=500 est=979959
  [FastestO Curve] run=1 frac=0.7 budget_n=500 est=644863
  [FastestO Curve] run=1 frac=0.8 budget_n=500 est=6.85928e+06
  [FastestO Curve] run=1 frac=0.9 budget_n=500 est=1.41181e+06
  [FastestO Curve] run=2 frac=0.01 budget_n=500 est=774347
  [FastestO Curve] run=2 frac=0.05 budget_n=500 est=857231
  [FastestO Curve] run=2 frac=0.075 budget_n=500 est=2.58328e+06
  [FastestO Curve] run=2 frac=0.1 budget_n=500 est=946219
  [FastestO Curve] run=2 frac=0.15 budget_n=500 est=4.62916e+06
  [FastestO Curve] run=2 frac=0.2 budget_n=500 est=1.84771e+06
  [FastestO Curve] run=2 frac=0.3 budget_n=500 est=1.01513e+07
  [FastestO Curve] run=2 frac=0.4 budget_n=500 est=361673
  [FastestO Curve] run=2 frac=0.5 budget_n=500 est=1.0417e+06
  [FastestO Curve] run=2 frac=0.6 budget_n=500 est=692548
  [FastestO Curve] run=2 frac=0.7 budget_n=500 est=1.51481e+06
  [FastestO Curve] run=2 frac=0.8 budget_n=500 est=3.79864e+06
  [FastestO Curve] run=2 frac=0.9 budget_n=500 est=3.55565e+06
  [FastestO Curve] run=3 frac=0.01 budget_n=500 est=1.11854e+06
  [FastestO Curve] run=3 frac=0.05 budget_n=500 est=1.7356e+06
  [FastestO Curve] run=3 frac=0.075 budget_n=500 est=2.01323e+06
  [FastestO Curve] run=3 frac=0.1 budget_n=500 est=1.078e+06
  [FastestO Curve] run=3 frac=0.15 budget_n=500 est=985538
  [FastestO Curve] run=3 frac=0.2 budget_n=500 est=3.34109e+06
  [FastestO Curve] run=3 frac=0.3 budget_n=500 est=253325
  [FastestO Curve] run=3 frac=0.4 budget_n=500 est=239239
  [FastestO Curve] run=3 frac=0.5 budget_n=500 est=1.9734e+06
  [FastestO Curve] run=3 frac=0.6 budget_n=500 est=362206
  [FastestO Curve] run=3 frac=0.7 budget_n=500 est=2.64792e+06
  [FastestO Curve] run=3 frac=0.8 budget_n=500 est=900413
  [FastestO Curve] run=3 frac=0.9 budget_n=500 est=3.63111e+06
  [FastestO Curve] run=4 frac=0.01 budget_n=500 est=5.0937e+06
  [FastestO Curve] run=4 frac=0.05 budget_n=500 est=247343
  [FastestO Curve] run=4 frac=0.075 budget_n=500 est=1.2149e+06
  [FastestO Curve] run=4 frac=0.1 budget_n=500 est=2.53421e+06
  [FastestO Curve] run=4 frac=0.15 budget_n=500 est=1.22005e+06
  [FastestO Curve] run=4 frac=0.2 budget_n=500 est=2.29687e+06
  [FastestO Curve] run=4 frac=0.3 budget_n=500 est=2.08313e+06
  [FastestO Curve] run=4 frac=0.4 budget_n=500 est=2.69529e+06
  [FastestO Curve] run=4 frac=0.5 budget_n=500 est=324812
  [FastestO Curve] run=4 frac=0.6 budget_n=500 est=803118
  [FastestO Curve] run=4 frac=0.7 budget_n=500 est=2.32052e+06
  [FastestO Curve] run=4 frac=0.8 budget_n=500 est=2.18304e+06
  [FastestO Curve] run=4 frac=0.9 budget_n=500 est=639331
  [FastestO Curve] run=5 frac=0.01 budget_n=500 est=854535
  [FastestO Curve] run=5 frac=0.05 budget_n=500 est=1.09565e+06
  [FastestO Curve] run=5 frac=0.075 budget_n=500 est=953902
  [FastestO Curve] run=5 frac=0.1 budget_n=500 est=1.51946e+06
  [FastestO Curve] run=5 frac=0.15 budget_n=500 est=1.61027e+06
  [FastestO Curve] run=5 frac=0.2 budget_n=500 est=2.29572e+06
  [FastestO Curve] run=5 frac=0.3 budget_n=500 est=539844
  [FastestO Curve] run=5 frac=0.4 budget_n=500 est=4.03313e+06
  [FastestO Curve] run=5 frac=0.5 budget_n=500 est=6.69741e+06
  [FastestO Curve] run=5 frac=0.6 budget_n=500 est=1.11351e+06
  [FastestO Curve] run=5 frac=0.7 budget_n=500 est=1.30832e+06
  [FastestO Curve] run=5 frac=0.8 budget_n=500 est=2.06643e+06
  [FastestO Curve] run=5 frac=0.9 budget_n=500 est=366815
  [Result] #CandTree           : 1.535e+05
  [Result] #TreeTrials         : 588
  [Result] #TreeSuccess        : 14
  [Result] #UniqueOracleNodes  : 500.0000
  [Result] Truth               : 153514.0000
  [Result] Est                 : 366814.9150
  [Result] logQError           : 0.3783
  [Result] TreeCountTime       : 21.3815
  [Result] QueryTime           : 1.8449
/home/wangshuo/projects/PROXY/datasets/parler-E/query_graph/query_cycle_4_17.graph Finished!

Start Processing (Multi-Predicate) /home/wangshuo/projects/PROXY/datasets/parler-E/query_graph/query_cycle_4_18.graph
[Info] Using explicit query nodes for predicates: 1 2 3 
[Info] FOIS_nrs base budget not found, will rely strictly on Curve CSV.
[Info] Using user-specified root label 2 -> query node 2
  [FastestO Curve] run=1 frac=0.01 budget_n=500 est=2.68246e+07
  [FastestO Curve] run=1 frac=0.05 budget_n=500 est=3.3326e+07
  [FastestO Curve] run=1 frac=0.075 budget_n=500 est=3.8104e+07
  [FastestO Curve] run=1 frac=0.1 budget_n=500 est=3.26741e+07
  [FastestO Curve] run=1 frac=0.15 budget_n=500 est=3.02445e+07
  [FastestO Curve] run=1 frac=0.2 budget_n=500 est=2.28352e+07
  [FastestO Curve] run=1 frac=0.3 budget_n=500 est=2.82023e+07
  [FastestO Curve] run=1 frac=0.4 budget_n=500 est=5.69489e+07
  [FastestO Curve] run=1 frac=0.5 budget_n=500 est=3.41321e+07
  [FastestO Curve] run=1 frac=0.6 budget_n=500 est=7.68861e+07
  [FastestO Curve] run=1 frac=0.7 budget_n=500 est=3.23461e+07
  [FastestO Curve] run=1 frac=0.8 budget_n=500 est=1.08595e+07
  [FastestO Curve] run=1 frac=0.9 budget_n=500 est=4.09575e+07
  [FastestO Curve] run=2 frac=0.01 budget_n=500 est=6.74676e+07
  [FastestO Curve] run=2 frac=0.05 budget_n=500 est=5.50142e+07
  [FastestO Curve] run=2 frac=0.075 budget_n=500 est=3.92968e+07
  [FastestO Curve] run=2 frac=0.1 budget_n=500 est=1.93512e+07
  [FastestO Curve] run=2 frac=0.15 budget_n=500 est=2.46228e+07
  [FastestO Curve] run=2 frac=0.2 budget_n=500 est=3.40059e+07
  [FastestO Curve] run=2 frac=0.3 budget_n=500 est=4.24207e+07
  [FastestO Curve] run=2 frac=0.4 budget_n=500 est=2.34333e+07
  [FastestO Curve] run=2 frac=0.5 budget_n=500 est=5.17097e+07
  [FastestO Curve] run=2 frac=0.6 budget_n=500 est=2.86775e+07
  [FastestO Curve] run=2 frac=0.7 budget_n=500 est=8.22363e+07
  [FastestO Curve] run=2 frac=0.8 budget_n=500 est=6.41514e+07
  [FastestO Curve] run=2 frac=0.9 budget_n=500 est=2.4516e+07
  [FastestO Curve] run=3 frac=0.01 budget_n=500 est=1.35543e+07
  [FastestO Curve] run=3 frac=0.05 budget_n=500 est=2.82781e+07
  [FastestO Curve] run=3 frac=0.075 budget_n=500 est=7.54338e+07
  [FastestO Curve] run=3 frac=0.1 budget_n=500 est=1.05653e+07
  [FastestO Curve] run=3 frac=0.15 budget_n=500 est=3.86495e+07
  [FastestO Curve] run=3 frac=0.2 budget_n=500 est=5.45447e+07
  [FastestO Curve] run=3 frac=0.3 budget_n=500 est=4.2828e+07
  [FastestO Curve] run=3 frac=0.4 budget_n=500 est=1.65267e+07
  [FastestO Curve] run=3 frac=0.5 budget_n=500 est=1.42875e+07
  [FastestO Curve] run=3 frac=0.6 budget_n=500 est=1.10708e+07
  [FastestO Curve] run=3 frac=0.7 budget_n=500 est=1.74421e+07
  [FastestO Curve] run=3 frac=0.8 budget_n=500 est=7.42201e+07
  [FastestO Curve] run=3 frac=0.9 budget_n=500 est=5.64765e+07
  [FastestO Curve] run=4 frac=0.01 budget_n=500 est=1.65986e+07
  [FastestO Curve] run=4 frac=0.05 budget_n=500 est=3.27381e+07
  [FastestO Curve] run=4 frac=0.075 budget_n=500 est=2.45483e+07
  [FastestO Curve] run=4 frac=0.1 budget_n=500 est=4.33676e+07
  [FastestO Curve] run=4 frac=0.15 budget_n=500 est=2.94233e+07
  [FastestO Curve] run=4 frac=0.2 budget_n=500 est=4.71801e+07
  [FastestO Curve] run=4 frac=0.3 budget_n=500 est=4.63866e+07
  [FastestO Curve] run=4 frac=0.4 budget_n=500 est=2.20391e+07
  [FastestO Curve] run=4 frac=0.5 budget_n=500 est=2.36449e+07
  [FastestO Curve] run=4 frac=0.6 budget_n=500 est=3.8276e+07
  [FastestO Curve] run=4 frac=0.7 budget_n=500 est=3.55201e+07
  [FastestO Curve] run=4 frac=0.8 budget_n=500 est=1.13018e+07
  [FastestO Curve] run=4 frac=0.9 budget_n=500 est=7.1605e+07
  [FastestO Curve] run=5 frac=0.01 budget_n=500 est=5.41976e+07
  [FastestO Curve] run=5 frac=0.05 budget_n=500 est=3.85984e+07
  [FastestO Curve] run=5 frac=0.075 budget_n=500 est=4.18306e+07
  [FastestO Curve] run=5 frac=0.1 budget_n=500 est=4.4443e+07
  [FastestO Curve] run=5 frac=0.15 budget_n=500 est=5.89877e+06
  [FastestO Curve] run=5 frac=0.2 budget_n=500 est=4.16948e+07
  [FastestO Curve] run=5 frac=0.3 budget_n=500 est=1.04552e+07
  [FastestO Curve] run=5 frac=0.4 budget_n=500 est=4.73885e+07
  [FastestO Curve] run=5 frac=0.5 budget_n=500 est=2.2116e+07
  [FastestO Curve] run=5 frac=0.6 budget_n=500 est=2.41418e+07
  [FastestO Curve] run=5 frac=0.7 budget_n=500 est=7.85664e+07
  [FastestO Curve] run=5 frac=0.8 budget_n=500 est=2.31386e+07
  [FastestO Curve] run=5 frac=0.9 budget_n=500 est=3.1816e+07
  [Result] #CandTree           : 2.461e+05
  [Result] #TreeTrials         : 425
  [Result] #TreeSuccess        : 8
  [Result] #UniqueOracleNodes  : 500.0000
  [Result] Truth               : 230398.0000
  [Result] Est                 : 31816015.1435
  [Result] logQError           : 2.1402
  [Result] TreeCountTime       : 24.6277
  [Result] QueryTime           : 1.2847
/home/wangshuo/projects/PROXY/datasets/parler-E/query_graph/query_cycle_4_18.graph Finished!

Start Processing (Multi-Predicate) /home/wangshuo/projects/PROXY/datasets/parler-E/query_graph/query_cycle_4_19.graph
[Info] Using explicit query nodes for predicates: 1 2 
[Info] FOIS_nrs base budget not found, will rely strictly on Curve CSV.
[Info] Using user-specified root label 2 -> query node 2
  [FastestO Curve] run=1 frac=0.01 budget_n=500 est=1.00366e+08
  [FastestO Curve] run=1 frac=0.05 budget_n=500 est=1.0878e+08
  [FastestO Curve] run=1 frac=0.075 budget_n=500 est=6.33581e+07
  [FastestO Curve] run=1 frac=0.1 budget_n=500 est=6.75285e+07
  [FastestO Curve] run=1 frac=0.15 budget_n=500 est=7.74656e+07
  [FastestO Curve] run=1 frac=0.2 budget_n=500 est=7.11989e+07
  [FastestO Curve] run=1 frac=0.3 budget_n=500 est=4.9178e+07
  [FastestO Curve] run=1 frac=0.4 budget_n=500 est=4.89148e+07
  [FastestO Curve] run=1 frac=0.5 budget_n=500 est=7.48892e+07
  [FastestO Curve] run=1 frac=0.6 budget_n=500 est=4.31728e+07
  [FastestO Curve] run=1 frac=0.7 budget_n=500 est=9.04925e+07
  [FastestO Curve] run=1 frac=0.8 budget_n=500 est=7.8616e+07
  [FastestO Curve] run=1 frac=0.9 budget_n=500 est=6.54789e+07
  [FastestO Curve] run=2 frac=0.01 budget_n=500 est=7.53047e+07
  [FastestO Curve] run=2 frac=0.05 budget_n=500 est=5.43827e+07
  [FastestO Curve] run=2 frac=0.075 budget_n=500 est=5.48154e+07
  [FastestO Curve] run=2 frac=0.1 budget_n=500 est=5.43567e+07
  [FastestO Curve] run=2 frac=0.15 budget_n=500 est=7.67539e+07
  [FastestO Curve] run=2 frac=0.2 budget_n=500 est=7.39196e+07
  [FastestO Curve] run=2 frac=0.3 budget_n=500 est=4.8066e+07
  [FastestO Curve] run=2 frac=0.4 budget_n=500 est=6.74013e+07
  [FastestO Curve] run=2 frac=0.5 budget_n=500 est=8.05629e+07
  [FastestO Curve] run=2 frac=0.6 budget_n=500 est=5.53787e+07
  [FastestO Curve] run=2 frac=0.7 budget_n=500 est=5.60586e+07
  [FastestO Curve] run=2 frac=0.8 budget_n=500 est=2.02893e+07
  [FastestO Curve] run=2 frac=0.9 budget_n=500 est=4.53883e+07
  [FastestO Curve] run=3 frac=0.01 budget_n=500 est=6.02926e+07
  [FastestO Curve] run=3 frac=0.05 budget_n=500 est=7.79605e+07
  [FastestO Curve] run=3 frac=0.075 budget_n=500 est=1.09755e+08
  [FastestO Curve] run=3 frac=0.1 budget_n=500 est=3.36249e+07
  [FastestO Curve] run=3 frac=0.15 budget_n=500 est=5.43473e+07
  [FastestO Curve] run=3 frac=0.2 budget_n=500 est=9.05739e+07
  [FastestO Curve] run=3 frac=0.3 budget_n=500 est=8.47262e+07
  [FastestO Curve] run=3 frac=0.4 budget_n=500 est=5.01558e+07
  [FastestO Curve] run=3 frac=0.5 budget_n=500 est=9.2092e+07
  [FastestO Curve] run=3 frac=0.6 budget_n=500 est=8.95018e+07
  [FastestO Curve] run=3 frac=0.7 budget_n=500 est=8.34158e+07
  [FastestO Curve] run=3 frac=0.8 budget_n=500 est=6.16479e+07
  [FastestO Curve] run=3 frac=0.9 budget_n=500 est=6.20658e+07
  [FastestO Curve] run=4 frac=0.01 budget_n=500 est=7.07336e+07
  [FastestO Curve] run=4 frac=0.05 budget_n=500 est=6.38077e+07
  [FastestO Curve] run=4 frac=0.075 budget_n=500 est=9.46921e+07
  [FastestO Curve] run=4 frac=0.1 budget_n=500 est=7.24539e+07
  [FastestO Curve] run=4 frac=0.15 budget_n=500 est=8.76815e+07
  [FastestO Curve] run=4 frac=0.2 budget_n=500 est=1.12403e+08
  [FastestO Curve] run=4 frac=0.3 budget_n=500 est=3.06523e+07
  [FastestO Curve] run=4 frac=0.4 budget_n=500 est=6.99844e+07
  [FastestO Curve] run=4 frac=0.5 budget_n=500 est=3.53974e+07
  [FastestO Curve] run=4 frac=0.6 budget_n=500 est=5.21989e+07
  [FastestO Curve] run=4 frac=0.7 budget_n=500 est=7.3411e+07
  [FastestO Curve] run=4 frac=0.8 budget_n=500 est=7.26718e+07
  [FastestO Curve] run=4 frac=0.9 budget_n=500 est=7.52118e+07
  [FastestO Curve] run=5 frac=0.01 budget_n=500 est=5.11818e+07
  [FastestO Curve] run=5 frac=0.05 budget_n=500 est=3.03379e+07
  [FastestO Curve] run=5 frac=0.075 budget_n=500 est=4.04424e+07
  [FastestO Curve] run=5 frac=0.1 budget_n=500 est=6.62233e+07
  [FastestO Curve] run=5 frac=0.15 budget_n=500 est=2.34337e+07
  [FastestO Curve] run=5 frac=0.2 budget_n=500 est=6.52934e+07
  [FastestO Curve] run=5 frac=0.3 budget_n=500 est=4.23137e+07
  [FastestO Curve] run=5 frac=0.4 budget_n=500 est=9.08077e+07
  [FastestO Curve] run=5 frac=0.5 budget_n=500 est=8.21453e+07
  [FastestO Curve] run=5 frac=0.6 budget_n=500 est=9.47606e+07
  [FastestO Curve] run=5 frac=0.7 budget_n=500 est=6.31896e+07
  [FastestO Curve] run=5 frac=0.8 budget_n=500 est=2.66439e+07
  [FastestO Curve] run=5 frac=0.9 budget_n=500 est=7.37727e+07
  [Result] #CandTree           : 2.529e+05
  [Result] #TreeTrials         : 429
  [Result] #TreeSuccess        : 21
  [Result] #UniqueOracleNodes  : 500.0000
  [Result] Truth               : 239086.0000
  [Result] Est                 : 73772683.2238
  [Result] logQError           : 2.4893
  [Result] TreeCountTime       : 27.6295
  [Result] QueryTime           : 0.9816
/home/wangshuo/projects/PROXY/datasets/parler-E/query_graph/query_cycle_4_19.graph Finished!

Start Processing (Multi-Predicate) /home/wangshuo/projects/PROXY/datasets/parler-E/query_graph/query_cycle_4_2.graph
[Info] Using explicit query nodes for predicates: 1 2 
[Info] FOIS_nrs base budget not found, will rely strictly on Curve CSV.
[Info] Using user-specified root label 2 -> query node 1
  [FastestO Curve] run=1 frac=0.01 budget_n=500 est=4.23698e+07
  [FastestO Curve] run=1 frac=0.05 budget_n=500 est=6.71284e+07
  [FastestO Curve] run=1 frac=0.075 budget_n=500 est=6.63882e+07
  [FastestO Curve] run=1 frac=0.1 budget_n=500 est=4.74798e+07
  [FastestO Curve] run=1 frac=0.15 budget_n=500 est=4.44701e+07
  [FastestO Curve] run=1 frac=0.2 budget_n=500 est=5.2578e+07
  [FastestO Curve] run=1 frac=0.3 budget_n=500 est=7.24538e+07
  [FastestO Curve] run=1 frac=0.4 budget_n=500 est=8.24386e+07
  [FastestO Curve] run=1 frac=0.5 budget_n=500 est=5.80888e+07
  [FastestO Curve] run=1 frac=0.6 budget_n=500 est=4.72669e+07
  [FastestO Curve] run=1 frac=0.7 budget_n=500 est=5.61324e+07
  [FastestO Curve] run=1 frac=0.8 budget_n=500 est=6.97703e+07
  [FastestO Curve] run=1 frac=0.9 budget_n=500 est=5.27691e+07
  [FastestO Curve] run=2 frac=0.01 budget_n=500 est=5.91016e+07
  [FastestO Curve] run=2 frac=0.05 budget_n=500 est=7.51967e+07
  [FastestO Curve] run=2 frac=0.075 budget_n=500 est=6.1727e+07
  [FastestO Curve] run=2 frac=0.1 budget_n=500 est=4.38971e+07
  [FastestO Curve] run=2 frac=0.15 budget_n=500 est=6.07232e+07
  [FastestO Curve] run=2 frac=0.2 budget_n=500 est=7.22947e+07
  [FastestO Curve] run=2 frac=0.3 budget_n=500 est=6.59515e+07
  [FastestO Curve] run=2 frac=0.4 budget_n=500 est=4.94305e+07
  [FastestO Curve] run=2 frac=0.5 budget_n=500 est=6.86649e+07
  [FastestO Curve] run=2 frac=0.6 budget_n=500 est=5.85211e+07
  [FastestO Curve] run=2 frac=0.7 budget_n=500 est=4.57237e+07
  [FastestO Curve] run=2 frac=0.8 budget_n=500 est=6.10399e+07
  [FastestO Curve] run=2 frac=0.9 budget_n=500 est=5.25368e+07
  [FastestO Curve] run=3 frac=0.01 budget_n=500 est=7.99752e+07
  [FastestO Curve] run=3 frac=0.05 budget_n=500 est=5.57958e+07
  [FastestO Curve] run=3 frac=0.075 budget_n=500 est=5.31604e+07
  [FastestO Curve] run=3 frac=0.1 budget_n=500 est=3.9736e+07
  [FastestO Curve] run=3 frac=0.15 budget_n=500 est=6.31185e+07
  [FastestO Curve] run=3 frac=0.2 budget_n=500 est=4.65756e+07
  [FastestO Curve] run=3 frac=0.3 budget_n=500 est=5.25708e+07
  [FastestO Curve] run=3 frac=0.4 budget_n=500 est=8.06294e+07
  [FastestO Curve] run=3 frac=0.5 budget_n=500 est=6.35885e+07
  [FastestO Curve] run=3 frac=0.6 budget_n=500 est=4.56152e+07
  [FastestO Curve] run=3 frac=0.7 budget_n=500 est=7.14071e+07
  [FastestO Curve] run=3 frac=0.8 budget_n=500 est=7.43309e+07
  [FastestO Curve] run=3 frac=0.9 budget_n=500 est=4.69632e+07
  [FastestO Curve] run=4 frac=0.01 budget_n=500 est=4.30245e+07
  [FastestO Curve] run=4 frac=0.05 budget_n=500 est=7.42954e+07
  [FastestO Curve] run=4 frac=0.075 budget_n=500 est=8.06911e+07
  [FastestO Curve] run=4 frac=0.1 budget_n=500 est=3.98642e+07
  [FastestO Curve] run=4 frac=0.15 budget_n=500 est=5.70561e+07
  [FastestO Curve] run=4 frac=0.2 budget_n=500 est=5.47086e+07
  [FastestO Curve] run=4 frac=0.3 budget_n=500 est=4.75491e+07
  [FastestO Curve] run=4 frac=0.4 budget_n=500 est=4.69626e+07
  [FastestO Curve] run=4 frac=0.5 budget_n=500 est=4.93737e+07
  [FastestO Curve] run=4 frac=0.6 budget_n=500 est=5.98001e+07
  [FastestO Curve] run=4 frac=0.7 budget_n=500 est=3.27953e+07
  [FastestO Curve] run=4 frac=0.8 budget_n=500 est=4.84497e+07
  [FastestO Curve] run=4 frac=0.9 budget_n=500 est=6.60772e+07
  [FastestO Curve] run=5 frac=0.01 budget_n=500 est=6.91311e+07
  [FastestO Curve] run=5 frac=0.05 budget_n=500 est=6.23393e+07
  [FastestO Curve] run=5 frac=0.075 budget_n=500 est=5.47409e+07
  [FastestO Curve] run=5 frac=0.1 budget_n=500 est=5.77956e+07
  [FastestO Curve] run=5 frac=0.15 budget_n=500 est=5.27699e+07
  [FastestO Curve] run=5 frac=0.2 budget_n=500 est=4.6848e+07
  [FastestO Curve] run=5 frac=0.3 budget_n=500 est=7.49165e+07
  [FastestO Curve] run=5 frac=0.4 budget_n=500 est=6.19302e+07
  [FastestO Curve] run=5 frac=0.5 budget_n=500 est=6.23487e+07
  [FastestO Curve] run=5 frac=0.6 budget_n=500 est=4.96852e+07
  [FastestO Curve] run=5 frac=0.7 budget_n=500 est=7.14842e+07
  [FastestO Curve] run=5 frac=0.8 budget_n=500 est=5.91931e+07
  [FastestO Curve] run=5 frac=0.9 budget_n=500 est=8.52248e+07
  [Result] #CandTree           : 2.304e+05
  [Result] #TreeTrials         : 955
  [Result] #TreeSuccess        : 53
  [Result] #UniqueOracleNodes  : 500.0000
  [Result] Truth               : 230405.0000
  [Result] Est                 : 85224758.7749
  [Result] logQError           : 2.5681
  [Result] TreeCountTime       : 27.0736
  [Result] QueryTime           : 1.7993
/home/wangshuo/projects/PROXY/datasets/parler-E/query_graph/query_cycle_4_2.graph Finished!

Start Processing (Multi-Predicate) /home/wangshuo/projects/PROXY/datasets/parler-E/query_graph/query_cycle_4_20.graph
[Info] Using explicit query nodes for predicates: 1 2 
[Info] FOIS_nrs base budget not found, will rely strictly on Curve CSV.
[Info] Using user-specified root label 2 -> query node 1
  [FastestO Curve] run=1 frac=0.01 budget_n=500 est=6.90886e+07
  [FastestO Curve] run=1 frac=0.05 budget_n=500 est=4.43644e+07
  [FastestO Curve] run=1 frac=0.075 budget_n=500 est=8.29031e+07
  [FastestO Curve] run=1 frac=0.1 budget_n=500 est=7.35279e+07
  [FastestO Curve] run=1 frac=0.15 budget_n=500 est=7.29902e+07
  [FastestO Curve] run=1 frac=0.2 budget_n=500 est=4.40407e+07
  [FastestO Curve] run=1 frac=0.3 budget_n=500 est=6.94104e+07
  [FastestO Curve] run=1 frac=0.4 budget_n=500 est=7.56467e+07
  [FastestO Curve] run=1 frac=0.5 budget_n=500 est=9.57631e+07
  [FastestO Curve] run=1 frac=0.6 budget_n=500 est=8.84919e+07
  [FastestO Curve] run=1 frac=0.7 budget_n=500 est=7.31388e+07
  [FastestO Curve] run=1 frac=0.8 budget_n=500 est=9.86648e+07
  [FastestO Curve] run=1 frac=0.9 budget_n=500 est=6.56918e+07
  [FastestO Curve] run=2 frac=0.01 budget_n=500 est=7.88229e+07
  [FastestO Curve] run=2 frac=0.05 budget_n=500 est=8.6658e+07
  [FastestO Curve] run=2 frac=0.075 budget_n=500 est=6.86813e+07
  [FastestO Curve] run=2 frac=0.1 budget_n=500 est=9.22531e+07
  [FastestO Curve] run=2 frac=0.15 budget_n=500 est=6.77874e+07
  [FastestO Curve] run=2 frac=0.2 budget_n=500 est=7.1783e+07
  [FastestO Curve] run=2 frac=0.3 budget_n=500 est=7.05305e+07
  [FastestO Curve] run=2 frac=0.4 budget_n=500 est=6.50991e+07
  [FastestO Curve] run=2 frac=0.5 budget_n=500 est=6.18674e+07
  [FastestO Curve] run=2 frac=0.6 budget_n=500 est=5.89517e+07
  [FastestO Curve] run=2 frac=0.7 budget_n=500 est=8.30339e+07
  [FastestO Curve] run=2 frac=0.8 budget_n=500 est=7.08122e+07
  [FastestO Curve] run=2 frac=0.9 budget_n=500 est=5.24899e+07
  [FastestO Curve] run=3 frac=0.01 budget_n=500 est=6.36473e+07
  [FastestO Curve] run=3 frac=0.05 budget_n=500 est=7.30658e+07
  [FastestO Curve] run=3 frac=0.075 budget_n=500 est=6.94353e+07
  [FastestO Curve] run=3 frac=0.1 budget_n=500 est=6.38774e+07
  [FastestO Curve] run=3 frac=0.15 budget_n=500 est=7.66457e+07
  [FastestO Curve] run=3 frac=0.2 budget_n=500 est=7.20342e+07
  [FastestO Curve] run=3 frac=0.3 budget_n=500 est=8.56167e+07
  [FastestO Curve] run=3 frac=0.4 budget_n=500 est=4.34776e+07
  [FastestO Curve] run=3 frac=0.5 budget_n=500 est=6.62774e+07
  [FastestO Curve] run=3 frac=0.6 budget_n=500 est=9.16278e+07
  [FastestO Curve] run=3 frac=0.7 budget_n=500 est=4.45056e+07
  [FastestO Curve] run=3 frac=0.8 budget_n=500 est=7.53214e+07
  [FastestO Curve] run=3 frac=0.9 budget_n=500 est=8.20385e+07
  [FastestO Curve] run=4 frac=0.01 budget_n=500 est=6.30215e+07
  [FastestO Curve] run=4 frac=0.05 budget_n=500 est=7.1607e+07
  [FastestO Curve] run=4 frac=0.075 budget_n=500 est=6.80053e+07
  [FastestO Curve] run=4 frac=0.1 budget_n=500 est=8.86858e+07
  [FastestO Curve] run=4 frac=0.15 budget_n=500 est=5.08884e+07
  [FastestO Curve] run=4 frac=0.2 budget_n=500 est=7.23739e+07
  [FastestO Curve] run=4 frac=0.3 budget_n=500 est=7.16885e+07
  [FastestO Curve] run=4 frac=0.4 budget_n=500 est=9.59715e+07
  [FastestO Curve] run=4 frac=0.5 budget_n=500 est=4.63982e+07
  [FastestO Curve] run=4 frac=0.6 budget_n=500 est=9.99251e+07
  [FastestO Curve] run=4 frac=0.7 budget_n=500 est=8.48019e+07
  [FastestO Curve] run=4 frac=0.8 budget_n=500 est=7.10175e+07
  [FastestO Curve] run=4 frac=0.9 budget_n=500 est=6.77057e+07
  [FastestO Curve] run=5 frac=0.01 budget_n=500 est=8.1515e+07
  [FastestO Curve] run=5 frac=0.05 budget_n=500 est=6.36092e+07
  [FastestO Curve] run=5 frac=0.075 budget_n=500 est=6.5348e+07
  [FastestO Curve] run=5 frac=0.1 budget_n=500 est=7.82947e+07
  [FastestO Curve] run=5 frac=0.15 budget_n=500 est=6.36144e+07
  [FastestO Curve] run=5 frac=0.2 budget_n=500 est=6.11658e+07
  [FastestO Curve] run=5 frac=0.3 budget_n=500 est=8.87365e+07
  [FastestO Curve] run=5 frac=0.4 budget_n=500 est=8.03122e+07
  [FastestO Curve] run=5 frac=0.5 budget_n=500 est=5.16834e+07
  [FastestO Curve] run=5 frac=0.6 budget_n=500 est=6.07658e+07
  [FastestO Curve] run=5 frac=0.7 budget_n=500 est=6.4847e+07
  [FastestO Curve] run=5 frac=0.8 budget_n=500 est=7.13565e+07
  [FastestO Curve] run=5 frac=0.9 budget_n=500 est=1.09468e+08
  [Result] #CandTree           : 2.499e+05
  [Result] #TreeTrials         : 1043
  [Result] #TreeSuccess        : 62
  [Result] #UniqueOracleNodes  : 500.0000
  [Result] Truth               : 236094.0000
  [Result] Est                 : 109467940.7047
  [Result] logQError           : 2.6662
  [Result] TreeCountTime       : 27.4962
  [Result] QueryTime           : 2.7613
/home/wangshuo/projects/PROXY/datasets/parler-E/query_graph/query_cycle_4_20.graph Finished!

Start Processing (Multi-Predicate) /home/wangshuo/projects/PROXY/datasets/parler-E/query_graph/query_cycle_4_21.graph
[Info] Using explicit query nodes for predicates: 0 2 
[Info] FOIS_nrs base budget not found, will rely strictly on Curve CSV.
[Info] Using user-specified root label 2 -> query node 2
  [FastestO Curve] run=1 frac=0.01 budget_n=500 est=6.62477e+07
  [FastestO Curve] run=1 frac=0.05 budget_n=500 est=9.37609e+07
  [FastestO Curve] run=1 frac=0.075 budget_n=500 est=9.94345e+07
  [FastestO Curve] run=1 frac=0.1 budget_n=500 est=7.33653e+07
  [FastestO Curve] run=1 frac=0.15 budget_n=500 est=5.00784e+07
  [FastestO Curve] run=1 frac=0.2 budget_n=500 est=5.59547e+07
  [FastestO Curve] run=1 frac=0.3 budget_n=500 est=7.51973e+07
  [FastestO Curve] run=1 frac=0.4 budget_n=500 est=5.49862e+07
  [FastestO Curve] run=1 frac=0.5 budget_n=500 est=7.05917e+07
  [FastestO Curve] run=1 frac=0.6 budget_n=500 est=1.29253e+08
  [FastestO Curve] run=1 frac=0.7 budget_n=500 est=1.18935e+08
  [FastestO Curve] run=1 frac=0.8 budget_n=500 est=4.91402e+07
  [FastestO Curve] run=1 frac=0.9 budget_n=500 est=4.86982e+07
  [FastestO Curve] run=2 frac=0.01 budget_n=500 est=7.14643e+07
  [FastestO Curve] run=2 frac=0.05 budget_n=500 est=7.53926e+07
  [FastestO Curve] run=2 frac=0.075 budget_n=500 est=5.69716e+07
  [FastestO Curve] run=2 frac=0.1 budget_n=500 est=1.0941e+08
  [FastestO Curve] run=2 frac=0.15 budget_n=500 est=7.1976e+07
  [FastestO Curve] run=2 frac=0.2 budget_n=500 est=4.48245e+07
  [FastestO Curve] run=2 frac=0.3 budget_n=500 est=6.82746e+07
  [FastestO Curve] run=2 frac=0.4 budget_n=500 est=9.95179e+07
  [FastestO Curve] run=2 frac=0.5 budget_n=500 est=9.60853e+07
  [FastestO Curve] run=2 frac=0.6 budget_n=500 est=7.37046e+07
  [FastestO Curve] run=2 frac=0.7 budget_n=500 est=4.96772e+07
  [FastestO Curve] run=2 frac=0.8 budget_n=500 est=5.30072e+07
  [FastestO Curve] run=2 frac=0.9 budget_n=500 est=6.03079e+07
  [FastestO Curve] run=3 frac=0.01 budget_n=500 est=5.29837e+07
  [FastestO Curve] run=3 frac=0.05 budget_n=500 est=4.72606e+07
  [FastestO Curve] run=3 frac=0.075 budget_n=500 est=1.07089e+08
  [FastestO Curve] run=3 frac=0.1 budget_n=500 est=1.04006e+08
  [FastestO Curve] run=3 frac=0.15 budget_n=500 est=5.60993e+07
  [FastestO Curve] run=3 frac=0.2 budget_n=500 est=5.02262e+07
  [FastestO Curve] run=3 frac=0.3 budget_n=500 est=8.96052e+07
  [FastestO Curve] run=3 frac=0.4 budget_n=500 est=4.08006e+07
  [FastestO Curve] run=3 frac=0.5 budget_n=500 est=8.01901e+07
  [FastestO Curve] run=3 frac=0.6 budget_n=500 est=8.99213e+07
  [FastestO Curve] run=3 frac=0.7 budget_n=500 est=1.47401e+08
  [FastestO Curve] run=3 frac=0.8 budget_n=500 est=1.20884e+08
  [FastestO Curve] run=3 frac=0.9 budget_n=500 est=6.4005e+07
  [FastestO Curve] run=4 frac=0.01 budget_n=500 est=8.12439e+07
  [FastestO Curve] run=4 frac=0.05 budget_n=500 est=1.00863e+08
  [FastestO Curve] run=4 frac=0.075 budget_n=500 est=3.12307e+07
  [FastestO Curve] run=4 frac=0.1 budget_n=500 est=7.66357e+07
  [FastestO Curve] run=4 frac=0.15 budget_n=500 est=5.67436e+07
  [FastestO Curve] run=4 frac=0.2 budget_n=500 est=6.73556e+07
  [FastestO Curve] run=4 frac=0.3 budget_n=500 est=7.43978e+07
  [FastestO Curve] run=4 frac=0.4 budget_n=500 est=5.65969e+07
  [FastestO Curve] run=4 frac=0.5 budget_n=500 est=5.60258e+07
  [FastestO Curve] run=4 frac=0.6 budget_n=500 est=7.51419e+07
  [FastestO Curve] run=4 frac=0.7 budget_n=500 est=1.21992e+08
  [FastestO Curve] run=4 frac=0.8 budget_n=500 est=1.16243e+08
  [FastestO Curve] run=4 frac=0.9 budget_n=500 est=4.8436e+07
  [FastestO Curve] run=5 frac=0.01 budget_n=500 est=7.01382e+07
  [FastestO Curve] run=5 frac=0.05 budget_n=500 est=9.98911e+07
  [FastestO Curve] run=5 frac=0.075 budget_n=500 est=8.25856e+07
  [FastestO Curve] run=5 frac=0.1 budget_n=500 est=9.08693e+07
  [FastestO Curve] run=5 frac=0.15 budget_n=500 est=5.67167e+07
  [FastestO Curve] run=5 frac=0.2 budget_n=500 est=7.37249e+07
  [FastestO Curve] run=5 frac=0.3 budget_n=500 est=7.42903e+07
  [FastestO Curve] run=5 frac=0.4 budget_n=500 est=7.89721e+07
  [FastestO Curve] run=5 frac=0.5 budget_n=500 est=9.13864e+07
  [FastestO Curve] run=5 frac=0.6 budget_n=500 est=5.38241e+07
  [FastestO Curve] run=5 frac=0.7 budget_n=500 est=6.93713e+07
  [FastestO Curve] run=5 frac=0.8 budget_n=500 est=1.03337e+08
  [FastestO Curve] run=5 frac=0.9 budget_n=500 est=1.18261e+08
  [Result] #CandTree           : 2.336e+05
  [Result] #TreeTrials         : 406
  [Result] #TreeSuccess        : 23
  [Result] #UniqueOracleNodes  : 500.0000
  [Result] Truth               : 233642.0000
  [Result] Est                 : 118260833.2118
  [Result] logQError           : 2.7043
  [Result] TreeCountTime       : 27.0015
  [Result] QueryTime           : 1.0233
/home/wangshuo/projects/PROXY/datasets/parler-E/query_graph/query_cycle_4_21.graph Finished!

Start Processing (Multi-Predicate) /home/wangshuo/projects/PROXY/datasets/parler-E/query_graph/query_cycle_4_22.graph
[Info] Using explicit query nodes for predicates: 0 1 2 
[Info] FOIS_nrs base budget not found, will rely strictly on Curve CSV.
[Info] Using user-specified root label 2 -> query node 1
  [FastestO Curve] run=1 frac=0.01 budget_n=500 est=3.20725e+07
  [FastestO Curve] run=1 frac=0.05 budget_n=500 est=7.20397e+07
  [FastestO Curve] run=1 frac=0.075 budget_n=500 est=2.63975e+07
  [FastestO Curve] run=1 frac=0.1 budget_n=500 est=7.25415e+06
  [FastestO Curve] run=1 frac=0.15 budget_n=500 est=4.02279e+07
  [FastestO Curve] run=1 frac=0.2 budget_n=500 est=4.32886e+07
  [FastestO Curve] run=1 frac=0.3 budget_n=500 est=4.32953e+07
  [FastestO Curve] run=1 frac=0.4 budget_n=500 est=1.97117e+07
  [FastestO Curve] run=1 frac=0.5 budget_n=500 est=7.08187e+06
  [FastestO Curve] run=1 frac=0.6 budget_n=500 est=3.91728e+07
  [FastestO Curve] run=1 frac=0.7 budget_n=500 est=1.1185e+07
  [FastestO Curve] run=1 frac=0.8 budget_n=500 est=1.03427e+07
  [FastestO Curve] run=1 frac=0.9 budget_n=500 est=3.75253e+07
  [FastestO Curve] run=2 frac=0.01 budget_n=500 est=4.72017e+07
  [FastestO Curve] run=2 frac=0.05 budget_n=500 est=1.56242e+07
  [FastestO Curve] run=2 frac=0.075 budget_n=500 est=1.457e+07
  [FastestO Curve] run=2 frac=0.1 budget_n=500 est=8.83213e+06
  [FastestO Curve] run=2 frac=0.15 budget_n=500 est=3.81012e+07
  [FastestO Curve] run=2 frac=0.2 budget_n=500 est=425871
  [FastestO Curve] run=2 frac=0.3 budget_n=500 est=5.97911e+07
  [FastestO Curve] run=2 frac=0.4 budget_n=500 est=1.81675e+07
  [FastestO Curve] run=2 frac=0.5 budget_n=500 est=7.72638e+07
  [FastestO Curve] run=2 frac=0.6 budget_n=500 est=3.45836e+07
  [FastestO Curve] run=2 frac=0.7 budget_n=500 est=7.59606e+07
  [FastestO Curve] run=2 frac=0.8 budget_n=500 est=2.91302e+07
  [FastestO Curve] run=2 frac=0.9 budget_n=500 est=9.71101e+06
  [FastestO Curve] run=3 frac=0.01 budget_n=500 est=4.97214e+07
  [FastestO Curve] run=3 frac=0.05 budget_n=500 est=3.29411e+07
  [FastestO Curve] run=3 frac=0.075 budget_n=500 est=5.72451e+07
  [FastestO Curve] run=3 frac=0.1 budget_n=500 est=3.26443e+07
  [FastestO Curve] run=3 frac=0.15 budget_n=500 est=4.2261e+07
  [FastestO Curve] run=3 frac=0.2 budget_n=500 est=4.04071e+07
  [FastestO Curve] run=3 frac=0.3 budget_n=500 est=2.50649e+07
  [FastestO Curve] run=3 frac=0.4 budget_n=500 est=1.53968e+07
  [FastestO Curve] run=3 frac=0.5 budget_n=500 est=2.57497e+07
  [FastestO Curve] run=3 frac=0.6 budget_n=500 est=2.65318e+07
  [FastestO Curve] run=3 frac=0.7 budget_n=500 est=4.35365e+07
  [FastestO Curve] run=3 frac=0.8 budget_n=500 est=2.23894e+07
  [FastestO Curve] run=3 frac=0.9 budget_n=500 est=5.09584e+07
  [FastestO Curve] run=4 frac=0.01 budget_n=500 est=7.04985e+07
  [FastestO Curve] run=4 frac=0.05 budget_n=500 est=2.65838e+07
  [FastestO Curve] run=4 frac=0.075 budget_n=500 est=7.39504e+06
  [FastestO Curve] run=4 frac=0.1 budget_n=500 est=4.68667e+07
  [FastestO Curve] run=4 frac=0.15 budget_n=500 est=2.93154e+07
  [FastestO Curve] run=4 frac=0.2 budget_n=500 est=5.11962e+07
  [FastestO Curve] run=4 frac=0.3 budget_n=500 est=2.03586e+07
  [FastestO Curve] run=4 frac=0.4 budget_n=500 est=4.40303e+07
  [FastestO Curve] run=4 frac=0.5 budget_n=500 est=3.45241e+07
  [FastestO Curve] run=4 frac=0.6 budget_n=500 est=5.35278e+07
  [FastestO Curve] run=4 frac=0.7 budget_n=500 est=4.31429e+07
  [FastestO Curve] run=4 frac=0.8 budget_n=500 est=2.4669e+07
  [FastestO Curve] run=4 frac=0.9 budget_n=500 est=2.20707e+07
  [FastestO Curve] run=5 frac=0.01 budget_n=500 est=4.78133e+07
  [FastestO Curve] run=5 frac=0.05 budget_n=500 est=2.2276e+07
  [FastestO Curve] run=5 frac=0.075 budget_n=500 est=2.11733e+07
  [FastestO Curve] run=5 frac=0.1 budget_n=500 est=3.29782e+07
  [FastestO Curve] run=5 frac=0.15 budget_n=500 est=3.54896e+07
  [FastestO Curve] run=5 frac=0.2 budget_n=500 est=3.84758e+07
  [FastestO Curve] run=5 frac=0.3 budget_n=500 est=6.30493e+07
  [FastestO Curve] run=5 frac=0.4 budget_n=500 est=1.43034e+07
  [FastestO Curve] run=5 frac=0.5 budget_n=500 est=4.99317e+07
  [FastestO Curve] run=5 frac=0.6 budget_n=500 est=2.73004e+07
  [FastestO Curve] run=5 frac=0.7 budget_n=500 est=2.67601e+07
  [FastestO Curve] run=5 frac=0.8 budget_n=500 est=3.36813e+07
  [FastestO Curve] run=5 frac=0.9 budget_n=500 est=2.73322e+07
  [Result] #CandTree           : 2.461e+05
  [Result] #TreeTrials         : 415
  [Result] #TreeSuccess        : 11
  [Result] #UniqueOracleNodes  : 500.0000
  [Result] Truth               : 230398.0000
  [Result] Est                 : 27332218.4675
  [Result] logQError           : 2.0742
  [Result] TreeCountTime       : 26.6205
  [Result] QueryTime           : 1.1025
/home/wangshuo/projects/PROXY/datasets/parler-E/query_graph/query_cycle_4_22.graph Finished!

Start Processing (Multi-Predicate) /home/wangshuo/projects/PROXY/datasets/parler-E/query_graph/query_cycle_4_23.graph
[Info] Using explicit query nodes for predicates: 0 1 
[Info] FOIS_nrs base budget not found, will rely strictly on Curve CSV.
[Info] Using user-specified root label 2 -> query node 1
  [FastestO Curve] run=1 frac=0.01 budget_n=500 est=6.8676e+07
  [FastestO Curve] run=1 frac=0.05 budget_n=500 est=9.78929e+07
  [FastestO Curve] run=1 frac=0.075 budget_n=500 est=6.05799e+07
  [FastestO Curve] run=1 frac=0.1 budget_n=500 est=4.69193e+07
  [FastestO Curve] run=1 frac=0.15 budget_n=500 est=3.57319e+07
  [FastestO Curve] run=1 frac=0.2 budget_n=500 est=8.81799e+07
  [FastestO Curve] run=1 frac=0.3 budget_n=500 est=6.8741e+07
  [FastestO Curve] run=1 frac=0.4 budget_n=500 est=9.3354e+07
  [FastestO Curve] run=1 frac=0.5 budget_n=500 est=7.88992e+07
  [FastestO Curve] run=1 frac=0.6 budget_n=500 est=5.7586e+07
  [FastestO Curve] run=1 frac=0.7 budget_n=500 est=5.3185e+07
  [FastestO Curve] run=1 frac=0.8 budget_n=500 est=6.17374e+07
  [FastestO Curve] run=1 frac=0.9 budget_n=500 est=6.64568e+07
  [FastestO Curve] run=2 frac=0.01 budget_n=500 est=4.26383e+07
  [FastestO Curve] run=2 frac=0.05 budget_n=500 est=5.97664e+07
  [FastestO Curve] run=2 frac=0.075 budget_n=500 est=7.07509e+07
  [FastestO Curve] run=2 frac=0.1 budget_n=500 est=8.68789e+07
  [FastestO Curve] run=2 frac=0.15 budget_n=500 est=9.70501e+07
  [FastestO Curve] run=2 frac=0.2 budget_n=500 est=4.06822e+07
  [FastestO Curve] run=2 frac=0.3 budget_n=500 est=8.65739e+07
  [FastestO Curve] run=2 frac=0.4 budget_n=500 est=6.40625e+07
  [FastestO Curve] run=2 frac=0.5 budget_n=500 est=1.03889e+08
  [FastestO Curve] run=2 frac=0.6 budget_n=500 est=5.93108e+07
  [FastestO Curve] run=2 frac=0.7 budget_n=500 est=7.61612e+07
  [FastestO Curve] run=2 frac=0.8 budget_n=500 est=9.12896e+07
  [FastestO Curve] run=2 frac=0.9 budget_n=500 est=5.67614e+07
  [FastestO Curve] run=3 frac=0.01 budget_n=500 est=2.78693e+07
  [FastestO Curve] run=3 frac=0.05 budget_n=500 est=6.52324e+07
  [FastestO Curve] run=3 frac=0.075 budget_n=500 est=7.42452e+07
  [FastestO Curve] run=3 frac=0.1 budget_n=500 est=3.63478e+07
  [FastestO Curve] run=3 frac=0.15 budget_n=500 est=5.7658e+07
  [FastestO Curve] run=3 frac=0.2 budget_n=500 est=4.12786e+07
  [FastestO Curve] run=3 frac=0.3 budget_n=500 est=9.02278e+07
  [FastestO Curve] run=3 frac=0.4 budget_n=500 est=5.41372e+07
  [FastestO Curve] run=3 frac=0.5 budget_n=500 est=4.10965e+07
  [FastestO Curve] run=3 frac=0.6 budget_n=500 est=3.88144e+07
  [FastestO Curve] run=3 frac=0.7 budget_n=500 est=5.313e+07
  [FastestO Curve] run=3 frac=0.8 budget_n=500 est=5.15319e+07
  [FastestO Curve] run=3 frac=0.9 budget_n=500 est=7.49161e+07
  [FastestO Curve] run=4 frac=0.01 budget_n=500 est=3.35343e+07
  [FastestO Curve] run=4 frac=0.05 budget_n=500 est=4.41194e+07
  [FastestO Curve] run=4 frac=0.075 budget_n=500 est=8.74874e+07
  [FastestO Curve] run=4 frac=0.1 budget_n=500 est=9.32034e+07
  [FastestO Curve] run=4 frac=0.15 budget_n=500 est=6.90111e+07
  [FastestO Curve] run=4 frac=0.2 budget_n=500 est=1.14074e+08
  [FastestO Curve] run=4 frac=0.3 budget_n=500 est=3.78267e+07
  [FastestO Curve] run=4 frac=0.4 budget_n=500 est=5.58243e+07
  [FastestO Curve] run=4 frac=0.5 budget_n=500 est=7.50712e+07
  [FastestO Curve] run=4 frac=0.6 budget_n=500 est=7.44828e+07
  [FastestO Curve] run=4 frac=0.7 budget_n=500 est=5.57962e+07
  [FastestO Curve] run=4 frac=0.8 budget_n=500 est=3.88192e+07
  [FastestO Curve] run=4 frac=0.9 budget_n=500 est=2.48315e+07
  [FastestO Curve] run=5 frac=0.01 budget_n=500 est=2.985e+07
  [FastestO Curve] run=5 frac=0.05 budget_n=500 est=5.77189e+07
  [FastestO Curve] run=5 frac=0.075 budget_n=500 est=8.60019e+07
  [FastestO Curve] run=5 frac=0.1 budget_n=500 est=5.45405e+07
  [FastestO Curve] run=5 frac=0.15 budget_n=500 est=9.18527e+07
  [FastestO Curve] run=5 frac=0.2 budget_n=500 est=3.70271e+07
  [FastestO Curve] run=5 frac=0.3 budget_n=500 est=3.82881e+07
  [FastestO Curve] run=5 frac=0.4 budget_n=500 est=4.11833e+07
  [FastestO Curve] run=5 frac=0.5 budget_n=500 est=3.29494e+07
  [FastestO Curve] run=5 frac=0.6 budget_n=500 est=6.27295e+07
  [FastestO Curve] run=5 frac=0.7 budget_n=500 est=6.64526e+07
  [FastestO Curve] run=5 frac=0.8 budget_n=500 est=6.47547e+07
  [FastestO Curve] run=5 frac=0.9 budget_n=500 est=5.50812e+07
  [Result] #CandTree           : 2.272e+05
  [Result] #TreeTrials         : 400
  [Result] #TreeSuccess        : 20
  [Result] #UniqueOracleNodes  : 500.0000
  [Result] Truth               : 227174.0000
  [Result] Est                 : 55081175.9750
  [Result] logQError           : 2.3846
  [Result] TreeCountTime       : 27.1769
  [Result] QueryTime           : 1.2164
/home/wangshuo/projects/PROXY/datasets/parler-E/query_graph/query_cycle_4_23.graph Finished!

Start Processing (Multi-Predicate) /home/wangshuo/projects/PROXY/datasets/parler-E/query_graph/query_cycle_4_24.graph
[Info] Using explicit query nodes for predicates: 1 2 
[Info] FOIS_nrs base budget not found, will rely strictly on Curve CSV.
[Info] Using user-specified root label 2 -> query node 1
  [FastestO Curve] run=1 frac=0.01 budget_n=500 est=8.00341e+07
  [FastestO Curve] run=1 frac=0.05 budget_n=500 est=6.6269e+07
  [FastestO Curve] run=1 frac=0.075 budget_n=500 est=1.01556e+08
  [FastestO Curve] run=1 frac=0.1 budget_n=500 est=7.19902e+07
  [FastestO Curve] run=1 frac=0.15 budget_n=500 est=5.78591e+07
  [FastestO Curve] run=1 frac=0.2 budget_n=500 est=6.37647e+07
  [FastestO Curve] run=1 frac=0.3 budget_n=500 est=9.19923e+07
  [FastestO Curve] run=1 frac=0.4 budget_n=500 est=7.59694e+07
  [FastestO Curve] run=1 frac=0.5 budget_n=500 est=8.08732e+07
  [FastestO Curve] run=1 frac=0.6 budget_n=500 est=1.0487e+08
  [FastestO Curve] run=1 frac=0.7 budget_n=500 est=6.15782e+07
  [FastestO Curve] run=1 frac=0.8 budget_n=500 est=1.0043e+08
  [FastestO Curve] run=1 frac=0.9 budget_n=500 est=7.70057e+07
  [FastestO Curve] run=2 frac=0.01 budget_n=500 est=8.75025e+07
  [FastestO Curve] run=2 frac=0.05 budget_n=500 est=7.75938e+07
  [FastestO Curve] run=2 frac=0.075 budget_n=500 est=6.45986e+07
  [FastestO Curve] run=2 frac=0.1 budget_n=500 est=5.23479e+07
  [FastestO Curve] run=2 frac=0.15 budget_n=500 est=7.79613e+07
  [FastestO Curve] run=2 frac=0.2 budget_n=500 est=8.11222e+07
  [FastestO Curve] run=2 frac=0.3 budget_n=500 est=5.57702e+07
  [FastestO Curve] run=2 frac=0.4 budget_n=500 est=5.3078e+07
  [FastestO Curve] run=2 frac=0.5 budget_n=500 est=8.11622e+07
  [FastestO Curve] run=2 frac=0.6 budget_n=500 est=7.88186e+07
  [FastestO Curve] run=2 frac=0.7 budget_n=500 est=6.95947e+07
  [FastestO Curve] run=2 frac=0.8 budget_n=500 est=7.76573e+07
  [FastestO Curve] run=2 frac=0.9 budget_n=500 est=6.83551e+07
  [FastestO Curve] run=3 frac=0.01 budget_n=500 est=6.16189e+07
  [FastestO Curve] run=3 frac=0.05 budget_n=500 est=5.93643e+07
  [FastestO Curve] run=3 frac=0.075 budget_n=500 est=7.08964e+07
  [FastestO Curve] run=3 frac=0.1 budget_n=500 est=1.00455e+08
  [FastestO Curve] run=3 frac=0.15 budget_n=500 est=6.12216e+07
  [FastestO Curve] run=3 frac=0.2 budget_n=500 est=6.46462e+07
  [FastestO Curve] run=3 frac=0.3 budget_n=500 est=6.08883e+07
  [FastestO Curve] run=3 frac=0.4 budget_n=500 est=6.29655e+07
  [FastestO Curve] run=3 frac=0.5 budget_n=500 est=6.74346e+07
  [FastestO Curve] run=3 frac=0.6 budget_n=500 est=7.3059e+07
  [FastestO Curve] run=3 frac=0.7 budget_n=500 est=6.06374e+07
  [FastestO Curve] run=3 frac=0.8 budget_n=500 est=5.89068e+07
  [FastestO Curve] run=3 frac=0.9 budget_n=500 est=1.16075e+08
  [FastestO Curve] run=4 frac=0.01 budget_n=500 est=7.60643e+07
  [FastestO Curve] run=4 frac=0.05 budget_n=500 est=9.0958e+07
  [FastestO Curve] run=4 frac=0.075 budget_n=500 est=9.97048e+07
  [FastestO Curve] run=4 frac=0.1 budget_n=500 est=6.65277e+07
  [FastestO Curve] run=4 frac=0.15 budget_n=500 est=8.46533e+07
  [FastestO Curve] run=4 frac=0.2 budget_n=500 est=8.0063e+07
  [FastestO Curve] run=4 frac=0.3 budget_n=500 est=7.50801e+07
  [FastestO Curve] run=4 frac=0.4 budget_n=500 est=4.62064e+07
  [FastestO Curve] run=4 frac=0.5 budget_n=500 est=5.63269e+07
  [FastestO Curve] run=4 frac=0.6 budget_n=500 est=6.87202e+07
  [FastestO Curve] run=4 frac=0.7 budget_n=500 est=3.8162e+07
  [FastestO Curve] run=4 frac=0.8 budget_n=500 est=5.42243e+07
  [FastestO Curve] run=4 frac=0.9 budget_n=500 est=8.92657e+07
  [FastestO Curve] run=5 frac=0.01 budget_n=500 est=5.85723e+07
  [FastestO Curve] run=5 frac=0.05 budget_n=500 est=6.27635e+07
  [FastestO Curve] run=5 frac=0.075 budget_n=500 est=7.64076e+07
  [FastestO Curve] run=5 frac=0.1 budget_n=500 est=4.85501e+07
  [FastestO Curve] run=5 frac=0.15 budget_n=500 est=7.64942e+07
  [FastestO Curve] run=5 frac=0.2 budget_n=500 est=6.1267e+07
  [FastestO Curve] run=5 frac=0.3 budget_n=500 est=6.07246e+07
  [FastestO Curve] run=5 frac=0.4 budget_n=500 est=6.60413e+07
  [FastestO Curve] run=5 frac=0.5 budget_n=500 est=8.12379e+07
  [FastestO Curve] run=5 frac=0.6 budget_n=500 est=5.97182e+07
  [FastestO Curve] run=5 frac=0.7 budget_n=500 est=6.79986e+07
  [FastestO Curve] run=5 frac=0.8 budget_n=500 est=5.73252e+07
  [FastestO Curve] run=5 frac=0.9 budget_n=500 est=6.38117e+07
  [Result] #CandTree           : 2.435e+05
  [Result] #TreeTrials         : 1003
  [Result] #TreeSuccess        : 53
  [Result] #UniqueOracleNodes  : 500.0000
  [Result] Truth               : 243509.0000
  [Result] Est                 : 63811739.8136
  [Result] logQError           : 2.4184
  [Result] TreeCountTime       : 28.0740
  [Result] QueryTime           : 2.2447
/home/wangshuo/projects/PROXY/datasets/parler-E/query_graph/query_cycle_4_24.graph Finished!

Start Processing (Multi-Predicate) /home/wangshuo/projects/PROXY/datasets/parler-E/query_graph/query_cycle_4_25.graph
[Info] Using explicit query nodes for predicates: 0 2 3 
[Info] FOIS_nrs base budget not found, will rely strictly on Curve CSV.
[Info] Using user-specified root label 2 -> query node 3
  [FastestO Curve] run=1 frac=0.01 budget_n=500 est=2.35656e+06
  [FastestO Curve] run=1 frac=0.05 budget_n=500 est=1.5924e+06
  [FastestO Curve] run=1 frac=0.075 budget_n=500 est=4.3609e+06
  [FastestO Curve] run=1 frac=0.1 budget_n=500 est=4.96659e+06
  [FastestO Curve] run=1 frac=0.15 budget_n=500 est=3.7976e+06
  [FastestO Curve] run=1 frac=0.2 budget_n=500 est=2.59752e+06
  [FastestO Curve] run=1 frac=0.3 budget_n=500 est=3.91435e+06
  [FastestO Curve] run=1 frac=0.4 budget_n=500 est=1.8888e+06
  [FastestO Curve] run=1 frac=0.5 budget_n=500 est=3.5412e+06
  [FastestO Curve] run=1 frac=0.6 budget_n=500 est=3.7999e+06
  [FastestO Curve] run=1 frac=0.7 budget_n=500 est=4.60285e+06
  [FastestO Curve] run=1 frac=0.8 budget_n=500 est=2.38692e+06
  [FastestO Curve] run=1 frac=0.9 budget_n=500 est=3.07904e+06
  [FastestO Curve] run=2 frac=0.01 budget_n=500 est=7.05862e+06
  [FastestO Curve] run=2 frac=0.05 budget_n=500 est=3.63921e+06
  [FastestO Curve] run=2 frac=0.075 budget_n=500 est=3.6778e+06
  [FastestO Curve] run=2 frac=0.1 budget_n=500 est=3.09703e+06
  [FastestO Curve] run=2 frac=0.15 budget_n=500 est=1.26927e+06
  [FastestO Curve] run=2 frac=0.2 budget_n=500 est=9.28633e+06
  [FastestO Curve] run=2 frac=0.3 budget_n=500 est=1.94858e+06
  [FastestO Curve] run=2 frac=0.4 budget_n=500 est=8.07167e+06
  [FastestO Curve] run=2 frac=0.5 budget_n=500 est=3.36845e+06
  [FastestO Curve] run=2 frac=0.6 budget_n=500 est=2.00907e+06
  [FastestO Curve] run=2 frac=0.7 budget_n=500 est=1.52434e+07
  [FastestO Curve] run=2 frac=0.8 budget_n=500 est=1.90398e+06
  [FastestO Curve] run=2 frac=0.9 budget_n=500 est=1.30954e+06
  [FastestO Curve] run=3 frac=0.01 budget_n=500 est=4.51242e+06
  [FastestO Curve] run=3 frac=0.05 budget_n=500 est=2.44556e+06
  [FastestO Curve] run=3 frac=0.075 budget_n=500 est=1.67231e+06
  [FastestO Curve] run=3 frac=0.1 budget_n=500 est=1.93114e+06
  [FastestO Curve] run=3 frac=0.15 budget_n=500 est=1.24406e+07
  [FastestO Curve] run=3 frac=0.2 budget_n=500 est=1.80944e+06
  [FastestO Curve] run=3 frac=0.3 budget_n=500 est=1.12027e+07
  [FastestO Curve] run=3 frac=0.4 budget_n=500 est=3.34029e+06
  [FastestO Curve] run=3 frac=0.5 budget_n=500 est=719836
  [FastestO Curve] run=3 frac=0.6 budget_n=500 est=8.80697e+06
  [FastestO Curve] run=3 frac=0.7 budget_n=500 est=3.2971e+06
  [FastestO Curve] run=3 frac=0.8 budget_n=500 est=4.26278e+06
  [FastestO Curve] run=3 frac=0.9 budget_n=500 est=3.01926e+06
  [FastestO Curve] run=4 frac=0.01 budget_n=500 est=1.77044e+06
  [FastestO Curve] run=4 frac=0.05 budget_n=500 est=3.00391e+06
  [FastestO Curve] run=4 frac=0.075 budget_n=500 est=2.10537e+06
  [FastestO Curve] run=4 frac=0.1 budget_n=500 est=2.00264e+06
  [FastestO Curve] run=4 frac=0.15 budget_n=500 est=1.00112e+06
  [FastestO Curve] run=4 frac=0.2 budget_n=500 est=1.55e+06
  [FastestO Curve] run=4 frac=0.3 budget_n=500 est=3.91047e+06
  [FastestO Curve] run=4 frac=0.4 budget_n=500 est=2.72128e+06
  [FastestO Curve] run=4 frac=0.5 budget_n=500 est=1.6126e+06
  [FastestO Curve] run=4 frac=0.6 budget_n=500 est=5.61194e+06
  [FastestO Curve] run=4 frac=0.7 budget_n=500 est=3.40252e+06
  [FastestO Curve] run=4 frac=0.8 budget_n=500 est=303920
  [FastestO Curve] run=4 frac=0.9 budget_n=500 est=3.414e+06
  [FastestO Curve] run=5 frac=0.01 budget_n=500 est=4.06243e+06
  [FastestO Curve] run=5 frac=0.05 budget_n=500 est=4.49172e+06
  [FastestO Curve] run=5 frac=0.075 budget_n=500 est=2.00968e+06
  [FastestO Curve] run=5 frac=0.1 budget_n=500 est=1.98209e+06
  [FastestO Curve] run=5 frac=0.15 budget_n=500 est=2.29504e+06
  [FastestO Curve] run=5 frac=0.2 budget_n=500 est=2.76465e+06
  [FastestO Curve] run=5 frac=0.3 budget_n=500 est=3.23492e+06
  [FastestO Curve] run=5 frac=0.4 budget_n=500 est=1.69813e+06
  [FastestO Curve] run=5 frac=0.5 budget_n=500 est=1.74838e+06
  [FastestO Curve] run=5 frac=0.6 budget_n=500 est=2.38784e+06
  [FastestO Curve] run=5 frac=0.7 budget_n=500 est=829541
  [FastestO Curve] run=5 frac=0.8 budget_n=500 est=2.43712e+06
  [FastestO Curve] run=5 frac=0.9 budget_n=500 est=1.93547e+06
  [Result] #CandTree           : 4.184e+05
  [Result] #TreeTrials         : 283
  [Result] #TreeSuccess        : 11
  [Result] #UniqueOracleNodes  : 500.0000
  [Result] Truth               : 403138.0000
  [Result] Est                 : 1935474.4488
  [Result] logQError           : 0.6813
  [Result] TreeCountTime       : 24.0034
  [Result] QueryTime           : 0.6509
/home/wangshuo/projects/PROXY/datasets/parler-E/query_graph/query_cycle_4_25.graph Finished!

Start Processing (Multi-Predicate) /home/wangshuo/projects/PROXY/datasets/parler-E/query_graph/query_cycle_4_26.graph
[Info] Using explicit query nodes for predicates: 1 2 
[Info] FOIS_nrs base budget not found, will rely strictly on Curve CSV.
[Info] Using user-specified root label 2 -> query node 1
  [FastestO Curve] run=1 frac=0.01 budget_n=500 est=5.0483e+07
  [FastestO Curve] run=1 frac=0.05 budget_n=500 est=6.03883e+07
  [FastestO Curve] run=1 frac=0.075 budget_n=500 est=4.60559e+07
  [FastestO Curve] run=1 frac=0.1 budget_n=500 est=7.40471e+07
  [FastestO Curve] run=1 frac=0.15 budget_n=500 est=6.23768e+07
  [FastestO Curve] run=1 frac=0.2 budget_n=500 est=8.97506e+07
  [FastestO Curve] run=1 frac=0.3 budget_n=500 est=8.58855e+07
  [FastestO Curve] run=1 frac=0.4 budget_n=500 est=4.84652e+07
  [FastestO Curve] run=1 frac=0.5 budget_n=500 est=6.71422e+07
  [FastestO Curve] run=1 frac=0.6 budget_n=500 est=4.90254e+07
  [FastestO Curve] run=1 frac=0.7 budget_n=500 est=4.94711e+07
  [FastestO Curve] run=1 frac=0.8 budget_n=500 est=8.63193e+07
  [FastestO Curve] run=1 frac=0.9 budget_n=500 est=5.31562e+07
  [FastestO Curve] run=2 frac=0.01 budget_n=500 est=6.20177e+07
  [FastestO Curve] run=2 frac=0.05 budget_n=500 est=6.6165e+07
  [FastestO Curve] run=2 frac=0.075 budget_n=500 est=6.24601e+07
  [FastestO Curve] run=2 frac=0.1 budget_n=500 est=6.50731e+07
  [FastestO Curve] run=2 frac=0.15 budget_n=500 est=4.08774e+07
  [FastestO Curve] run=2 frac=0.2 budget_n=500 est=8.5411e+07
  [FastestO Curve] run=2 frac=0.3 budget_n=500 est=1.01309e+08
  [FastestO Curve] run=2 frac=0.4 budget_n=500 est=8.71948e+07
  [FastestO Curve] run=2 frac=0.5 budget_n=500 est=5.39982e+07
  [FastestO Curve] run=2 frac=0.6 budget_n=500 est=7.79028e+07
  [FastestO Curve] run=2 frac=0.7 budget_n=500 est=5.70855e+07
  [FastestO Curve] run=2 frac=0.8 budget_n=500 est=4.05008e+07
  [FastestO Curve] run=2 frac=0.9 budget_n=500 est=1.05976e+08
  [FastestO Curve] run=3 frac=0.01 budget_n=500 est=7.94246e+07
  [FastestO Curve] run=3 frac=0.05 budget_n=500 est=9.32593e+07
  [FastestO Curve] run=3 frac=0.075 budget_n=500 est=4.80377e+07
  [FastestO Curve] run=3 frac=0.1 budget_n=500 est=5.5759e+07
  [FastestO Curve] run=3 frac=0.15 budget_n=500 est=6.77005e+07
  [FastestO Curve] run=3 frac=0.2 budget_n=500 est=7.56717e+07
  [FastestO Curve] run=3 frac=0.3 budget_n=500 est=7.95174e+07
  [FastestO Curve] run=3 frac=0.4 budget_n=500 est=6.46034e+07
  [FastestO Curve] run=3 frac=0.5 budget_n=500 est=6.98621e+07
  [FastestO Curve] run=3 frac=0.6 budget_n=500 est=8.17165e+07
  [FastestO Curve] run=3 frac=0.7 budget_n=500 est=7.40513e+07
  [FastestO Curve] run=3 frac=0.8 budget_n=500 est=6.3983e+07
  [FastestO Curve] run=3 frac=0.9 budget_n=500 est=8.00663e+07
  [FastestO Curve] run=4 frac=0.01 budget_n=500 est=6.32792e+07
  [FastestO Curve] run=4 frac=0.05 budget_n=500 est=7.45228e+07
  [FastestO Curve] run=4 frac=0.075 budget_n=500 est=6.17848e+07
  [FastestO Curve] run=4 frac=0.1 budget_n=500 est=8.16795e+07
  [FastestO Curve] run=4 frac=0.15 budget_n=500 est=6.22191e+07
  [FastestO Curve] run=4 frac=0.2 budget_n=500 est=6.60963e+07
  [FastestO Curve] run=4 frac=0.3 budget_n=500 est=7.0631e+07
  [FastestO Curve] run=4 frac=0.4 budget_n=500 est=7.23715e+07
  [FastestO Curve] run=4 frac=0.5 budget_n=500 est=5.0649e+07
  [FastestO Curve] run=4 frac=0.6 budget_n=500 est=5.2282e+07
  [FastestO Curve] run=4 frac=0.7 budget_n=500 est=6.49851e+07
  [FastestO Curve] run=4 frac=0.8 budget_n=500 est=5.41754e+07
  [FastestO Curve] run=4 frac=0.9 budget_n=500 est=5.97948e+07
  [FastestO Curve] run=5 frac=0.01 budget_n=500 est=5.66766e+07
  [FastestO Curve] run=5 frac=0.05 budget_n=500 est=6.02537e+07
  [FastestO Curve] run=5 frac=0.075 budget_n=500 est=6.41261e+07
  [FastestO Curve] run=5 frac=0.1 budget_n=500 est=6.15985e+07
  [FastestO Curve] run=5 frac=0.15 budget_n=500 est=6.41223e+07
  [FastestO Curve] run=5 frac=0.2 budget_n=500 est=8.54149e+07
  [FastestO Curve] run=5 frac=0.3 budget_n=500 est=8.2128e+07
  [FastestO Curve] run=5 frac=0.4 budget_n=500 est=7.34375e+07
  [FastestO Curve] run=5 frac=0.5 budget_n=500 est=8.53787e+07
  [FastestO Curve] run=5 frac=0.6 budget_n=500 est=5.57495e+07
  [FastestO Curve] run=5 frac=0.7 budget_n=500 est=8.01247e+07
  [FastestO Curve] run=5 frac=0.8 budget_n=500 est=6.16935e+07
  [FastestO Curve] run=5 frac=0.9 budget_n=500 est=6.82328e+07
  [Result] #CandTree           : 2.238e+05
  [Result] #TreeTrials         : 1191
  [Result] #TreeSuccess        : 48
  [Result] #UniqueOracleNodes  : 500.0000
  [Result] Truth               : 223780.0000
  [Result] Est                 : 68232795.4996
  [Result] logQError           : 2.4842
  [Result] TreeCountTime       : 25.3304
  [Result] QueryTime           : 2.5422
/home/wangshuo/projects/PROXY/datasets/parler-E/query_graph/query_cycle_4_26.graph Finished!

Start Processing (Multi-Predicate) /home/wangshuo/projects/PROXY/datasets/parler-E/query_graph/query_cycle_4_27.graph
[Info] Using explicit query nodes for predicates: 0 2 
[Info] FOIS_nrs base budget not found, will rely strictly on Curve CSV.
[Info] Using user-specified root label 2 -> query node 2
  [FastestO Curve] run=1 frac=0.01 budget_n=500 est=4.37905e+07
  [FastestO Curve] run=1 frac=0.05 budget_n=500 est=4.07048e+07
  [FastestO Curve] run=1 frac=0.075 budget_n=500 est=8.63661e+07
  [FastestO Curve] run=1 frac=0.1 budget_n=500 est=6.55371e+07
  [FastestO Curve] run=1 frac=0.15 budget_n=500 est=6.52137e+07
  [FastestO Curve] run=1 frac=0.2 budget_n=500 est=1.83851e+07
  [FastestO Curve] run=1 frac=0.3 budget_n=500 est=9.55874e+07
  [FastestO Curve] run=1 frac=0.4 budget_n=500 est=7.09636e+07
  [FastestO Curve] run=1 frac=0.5 budget_n=500 est=4.98874e+07
  [FastestO Curve] run=1 frac=0.6 budget_n=500 est=2.27199e+07
  [FastestO Curve] run=1 frac=0.7 budget_n=500 est=5.37036e+07
  [FastestO Curve] run=1 frac=0.8 budget_n=500 est=6.47311e+07
  [FastestO Curve] run=1 frac=0.9 budget_n=500 est=6.63268e+07
  [FastestO Curve] run=2 frac=0.01 budget_n=500 est=3.70648e+07
  [FastestO Curve] run=2 frac=0.05 budget_n=500 est=6.74416e+07
  [FastestO Curve] run=2 frac=0.075 budget_n=500 est=3.69206e+07
  [FastestO Curve] run=2 frac=0.1 budget_n=500 est=3.18769e+07
  [FastestO Curve] run=2 frac=0.15 budget_n=500 est=6.05158e+07
  [FastestO Curve] run=2 frac=0.2 budget_n=500 est=6.31455e+07
  [FastestO Curve] run=2 frac=0.3 budget_n=500 est=7.70125e+07
  [FastestO Curve] run=2 frac=0.4 budget_n=500 est=6.23629e+07
  [FastestO Curve] run=2 frac=0.5 budget_n=500 est=8.31342e+07
  [FastestO Curve] run=2 frac=0.6 budget_n=500 est=4.30009e+07
  [FastestO Curve] run=2 frac=0.7 budget_n=500 est=3.53991e+07
  [FastestO Curve] run=2 frac=0.8 budget_n=500 est=8.26696e+07
  [FastestO Curve] run=2 frac=0.9 budget_n=500 est=4.50001e+07
  [FastestO Curve] run=3 frac=0.01 budget_n=500 est=6.61939e+07
  [FastestO Curve] run=3 frac=0.05 budget_n=500 est=6.64817e+07
  [FastestO Curve] run=3 frac=0.075 budget_n=500 est=8.22739e+07
  [FastestO Curve] run=3 frac=0.1 budget_n=500 est=5.01448e+07
  [FastestO Curve] run=3 frac=0.15 budget_n=500 est=9.85408e+07
  [FastestO Curve] run=3 frac=0.2 budget_n=500 est=6.34273e+07
  [FastestO Curve] run=3 frac=0.3 budget_n=500 est=6.96876e+07
  [FastestO Curve] run=3 frac=0.4 budget_n=500 est=5.00967e+07
  [FastestO Curve] run=3 frac=0.5 budget_n=500 est=5.80249e+07
  [FastestO Curve] run=3 frac=0.6 budget_n=500 est=1.20508e+08
  [FastestO Curve] run=3 frac=0.7 budget_n=500 est=7.1392e+07
  [FastestO Curve] run=3 frac=0.8 budget_n=500 est=6.46305e+07
  [FastestO Curve] run=3 frac=0.9 budget_n=500 est=5.85765e+07
  [FastestO Curve] run=4 frac=0.01 budget_n=500 est=9.24503e+07
  [FastestO Curve] run=4 frac=0.05 budget_n=500 est=5.53051e+07
  [FastestO Curve] run=4 frac=0.075 budget_n=500 est=5.66156e+07
  [FastestO Curve] run=4 frac=0.1 budget_n=500 est=2.29183e+07
  [FastestO Curve] run=4 frac=0.15 budget_n=500 est=6.01902e+07
  [FastestO Curve] run=4 frac=0.2 budget_n=500 est=9.51221e+07
  [FastestO Curve] run=4 frac=0.3 budget_n=500 est=8.05686e+07
  [FastestO Curve] run=4 frac=0.4 budget_n=500 est=4.30918e+07
  [FastestO Curve] run=4 frac=0.5 budget_n=500 est=5.8347e+07
  [FastestO Curve] run=4 frac=0.6 budget_n=500 est=6.72178e+07
  [FastestO Curve] run=4 frac=0.7 budget_n=500 est=8.31901e+07
  [FastestO Curve] run=4 frac=0.8 budget_n=500 est=6.53744e+07
  [FastestO Curve] run=4 frac=0.9 budget_n=500 est=8.02013e+07
  [FastestO Curve] run=5 frac=0.01 budget_n=500 est=5.05864e+07
  [FastestO Curve] run=5 frac=0.05 budget_n=500 est=4.22383e+07
  [FastestO Curve] run=5 frac=0.075 budget_n=500 est=5.83511e+07
  [FastestO Curve] run=5 frac=0.1 budget_n=500 est=2.23364e+07
  [FastestO Curve] run=5 frac=0.15 budget_n=500 est=6.79382e+07
  [FastestO Curve] run=5 frac=0.2 budget_n=500 est=1.70493e+07
  [FastestO Curve] run=5 frac=0.3 budget_n=500 est=3.82674e+07
  [FastestO Curve] run=5 frac=0.4 budget_n=500 est=1.08259e+08
  [FastestO Curve] run=5 frac=0.5 budget_n=500 est=3.8964e+07
  [FastestO Curve] run=5 frac=0.6 budget_n=500 est=5.08791e+07
  [FastestO Curve] run=5 frac=0.7 budget_n=500 est=8.33401e+07
  [FastestO Curve] run=5 frac=0.8 budget_n=500 est=6.33078e+07
  [FastestO Curve] run=5 frac=0.9 budget_n=500 est=5.10421e+07
  [Result] #CandTree           : 2.295e+05
  [Result] #TreeTrials         : 411
  [Result] #TreeSuccess        : 21
  [Result] #UniqueOracleNodes  : 500.0000
  [Result] Truth               : 229547.0000
  [Result] Est                 : 51042093.2603
  [Result] logQError           : 2.3471
  [Result] TreeCountTime       : 29.3792
  [Result] QueryTime           : 1.1792
/home/wangshuo/projects/PROXY/datasets/parler-E/query_graph/query_cycle_4_27.graph Finished!

Start Processing (Multi-Predicate) /home/wangshuo/projects/PROXY/datasets/parler-E/query_graph/query_cycle_4_28.graph
[Info] Using explicit query nodes for predicates: 0 1 2 
[Info] FOIS_nrs base budget not found, will rely strictly on Curve CSV.
[Info] Using user-specified root label 2 -> query node 1
  [FastestO Curve] run=1 frac=0.01 budget_n=500 est=4.69681e+07
  [FastestO Curve] run=1 frac=0.05 budget_n=500 est=3.18698e+07
  [FastestO Curve] run=1 frac=0.075 budget_n=500 est=1.92714e+07
  [FastestO Curve] run=1 frac=0.1 budget_n=500 est=3.17114e+07
  [FastestO Curve] run=1 frac=0.15 budget_n=500 est=4.75837e+07
  [FastestO Curve] run=1 frac=0.2 budget_n=500 est=1.42529e+07
  [FastestO Curve] run=1 frac=0.3 budget_n=500 est=5.63997e+07
  [FastestO Curve] run=1 frac=0.4 budget_n=500 est=6.65311e+07
  [FastestO Curve] run=1 frac=0.5 budget_n=500 est=3.17222e+07
  [FastestO Curve] run=1 frac=0.6 budget_n=500 est=2.06901e+07
  [FastestO Curve] run=1 frac=0.7 budget_n=500 est=2.36977e+07
  [FastestO Curve] run=1 frac=0.8 budget_n=500 est=1.77934e+07
  [FastestO Curve] run=1 frac=0.9 budget_n=500 est=1.98165e+07
  [FastestO Curve] run=2 frac=0.01 budget_n=500 est=3.19697e+07
  [FastestO Curve] run=2 frac=0.05 budget_n=500 est=1.06494e+07
  [FastestO Curve] run=2 frac=0.075 budget_n=500 est=5.90171e+07
  [FastestO Curve] run=2 frac=0.1 budget_n=500 est=3.04386e+07
  [FastestO Curve] run=2 frac=0.15 budget_n=500 est=5.16785e+07
  [FastestO Curve] run=2 frac=0.2 budget_n=500 est=3.9432e+07
  [FastestO Curve] run=2 frac=0.3 budget_n=500 est=7.01148e+07
  [FastestO Curve] run=2 frac=0.4 budget_n=500 est=5.04341e+07
  [FastestO Curve] run=2 frac=0.5 budget_n=500 est=1.72087e+07
  [FastestO Curve] run=2 frac=0.6 budget_n=500 est=1.74479e+07
  [FastestO Curve] run=2 frac=0.7 budget_n=500 est=1.84845e+07
  [FastestO Curve] run=2 frac=0.8 budget_n=500 est=5.13677e+07
  [FastestO Curve] run=2 frac=0.9 budget_n=500 est=2.09495e+07
  [FastestO Curve] run=3 frac=0.01 budget_n=500 est=2.71603e+07
  [FastestO Curve] run=3 frac=0.05 budget_n=500 est=1.15607e+07
  [FastestO Curve] run=3 frac=0.075 budget_n=500 est=3.26725e+07
  [FastestO Curve] run=3 frac=0.1 budget_n=500 est=3.46088e+07
  [FastestO Curve] run=3 frac=0.15 budget_n=500 est=2.67895e+07
  [FastestO Curve] run=3 frac=0.2 budget_n=500 est=3.72179e+07
  [FastestO Curve] run=3 frac=0.3 budget_n=500 est=3.47045e+07
  [FastestO Curve] run=3 frac=0.4 budget_n=500 est=9.79576e+07
  [FastestO Curve] run=3 frac=0.5 budget_n=500 est=3.57717e+07
  [FastestO Curve] run=3 frac=0.6 budget_n=500 est=2.09153e+07
  [FastestO Curve] run=3 frac=0.7 budget_n=500 est=3.70495e+07
  [FastestO Curve] run=3 frac=0.8 budget_n=500 est=3.436e+07
  [FastestO Curve] run=3 frac=0.9 budget_n=500 est=6.26448e+07
  [FastestO Curve] run=4 frac=0.01 budget_n=500 est=6.43869e+07
  [FastestO Curve] run=4 frac=0.05 budget_n=500 est=2.84925e+07
  [FastestO Curve] run=4 frac=0.075 budget_n=500 est=3.89115e+07
  [FastestO Curve] run=4 frac=0.1 budget_n=500 est=9.80763e+06
  [FastestO Curve] run=4 frac=0.15 budget_n=500 est=4.57549e+07
  [FastestO Curve] run=4 frac=0.2 budget_n=500 est=3.40212e+07
  [FastestO Curve] run=4 frac=0.3 budget_n=500 est=995388
  [FastestO Curve] run=4 frac=0.4 budget_n=500 est=4.51325e+07
  [FastestO Curve] run=4 frac=0.5 budget_n=500 est=2.57866e+07
  [FastestO Curve] run=4 frac=0.6 budget_n=500 est=3.0479e+07
  [FastestO Curve] run=4 frac=0.7 budget_n=500 est=7.73236e+07
  [FastestO Curve] run=4 frac=0.8 budget_n=500 est=5.88621e+07
  [FastestO Curve] run=4 frac=0.9 budget_n=500 est=1.57802e+07
  [FastestO Curve] run=5 frac=0.01 budget_n=500 est=7.63173e+06
  [FastestO Curve] run=5 frac=0.05 budget_n=500 est=2.72257e+07
  [FastestO Curve] run=5 frac=0.075 budget_n=500 est=7.05362e+07
  [FastestO Curve] run=5 frac=0.1 budget_n=500 est=4.00051e+07
  [FastestO Curve] run=5 frac=0.15 budget_n=500 est=6.42642e+07
  [FastestO Curve] run=5 frac=0.2 budget_n=500 est=8.27424e+07
  [FastestO Curve] run=5 frac=0.3 budget_n=500 est=3.75977e+07
  [FastestO Curve] run=5 frac=0.4 budget_n=500 est=3.24045e+07
  [FastestO Curve] run=5 frac=0.5 budget_n=500 est=2.58739e+07
  [FastestO Curve] run=5 frac=0.6 budget_n=500 est=7.21364e+07
  [FastestO Curve] run=5 frac=0.7 budget_n=500 est=9.06859e+07
  [FastestO Curve] run=5 frac=0.8 budget_n=500 est=4.37769e+06
  [FastestO Curve] run=5 frac=0.9 budget_n=500 est=4.39297e+07
  [Result] #CandTree           : 2.375e+05
  [Result] #TreeTrials         : 409
  [Result] #TreeSuccess        : 11
  [Result] #UniqueOracleNodes  : 500.0000
  [Result] Truth               : 222755.0000
  [Result] Est                 : 43929721.6724
  [Result] logQError           : 2.2949
  [Result] TreeCountTime       : 26.1338
  [Result] QueryTime           : 0.9281
/home/wangshuo/projects/PROXY/datasets/parler-E/query_graph/query_cycle_4_28.graph Finished!

Start Processing (Multi-Predicate) /home/wangshuo/projects/PROXY/datasets/parler-E/query_graph/query_cycle_4_29.graph
[Info] Using explicit query nodes for predicates: 1 2 
[Info] FOIS_nrs base budget not found, will rely strictly on Curve CSV.
[Info] Using user-specified root label 2 -> query node 1
  [FastestO Curve] run=1 frac=0.01 budget_n=500 est=5.90929e+07
  [FastestO Curve] run=1 frac=0.05 budget_n=500 est=5.5914e+07
  [FastestO Curve] run=1 frac=0.075 budget_n=500 est=5.87659e+07
  [FastestO Curve] run=1 frac=0.1 budget_n=500 est=5.57417e+07
  [FastestO Curve] run=1 frac=0.15 budget_n=500 est=6.4522e+07
  [FastestO Curve] run=1 frac=0.2 budget_n=500 est=5.16705e+07
  [FastestO Curve] run=1 frac=0.3 budget_n=500 est=5.68333e+07
  [FastestO Curve] run=1 frac=0.4 budget_n=500 est=6.02297e+07
  [FastestO Curve] run=1 frac=0.5 budget_n=500 est=4.3289e+07
  [FastestO Curve] run=1 frac=0.6 budget_n=500 est=4.81986e+07
  [FastestO Curve] run=1 frac=0.7 budget_n=500 est=6.67837e+07
  [FastestO Curve] run=1 frac=0.8 budget_n=500 est=6.96484e+07
  [FastestO Curve] run=1 frac=0.9 budget_n=500 est=5.28587e+07
  [FastestO Curve] run=2 frac=0.01 budget_n=500 est=6.52121e+07
  [FastestO Curve] run=2 frac=0.05 budget_n=500 est=4.49632e+07
  [FastestO Curve] run=2 frac=0.075 budget_n=500 est=6.09316e+07
  [FastestO Curve] run=2 frac=0.1 budget_n=500 est=3.65393e+07
  [FastestO Curve] run=2 frac=0.15 budget_n=500 est=7.44526e+07
  [FastestO Curve] run=2 frac=0.2 budget_n=500 est=6.68405e+07
  [FastestO Curve] run=2 frac=0.3 budget_n=500 est=5.08135e+07
  [FastestO Curve] run=2 frac=0.4 budget_n=500 est=7.1078e+07
  [FastestO Curve] run=2 frac=0.5 budget_n=500 est=7.06523e+07
  [FastestO Curve] run=2 frac=0.6 budget_n=500 est=6.30605e+07
  [FastestO Curve] run=2 frac=0.7 budget_n=500 est=6.65197e+07
  [FastestO Curve] run=2 frac=0.8 budget_n=500 est=5.8275e+07
  [FastestO Curve] run=2 frac=0.9 budget_n=500 est=7.10869e+07
  [FastestO Curve] run=3 frac=0.01 budget_n=500 est=3.76434e+07
  [FastestO Curve] run=3 frac=0.05 budget_n=500 est=5.81496e+07
  [FastestO Curve] run=3 frac=0.075 budget_n=500 est=4.19039e+07
  [FastestO Curve] run=3 frac=0.1 budget_n=500 est=4.15707e+07
  [FastestO Curve] run=3 frac=0.15 budget_n=500 est=3.21561e+07
  [FastestO Curve] run=3 frac=0.2 budget_n=500 est=7.60481e+07
  [FastestO Curve] run=3 frac=0.3 budget_n=500 est=5.22971e+07
  [FastestO Curve] run=3 frac=0.4 budget_n=500 est=6.39251e+07
  [FastestO Curve] run=3 frac=0.5 budget_n=500 est=5.04152e+07
  [FastestO Curve] run=3 frac=0.6 budget_n=500 est=5.42188e+07
  [FastestO Curve] run=3 frac=0.7 budget_n=500 est=7.98357e+07
  [FastestO Curve] run=3 frac=0.8 budget_n=500 est=5.95687e+07
  [FastestO Curve] run=3 frac=0.9 budget_n=500 est=5.64601e+07
  [FastestO Curve] run=4 frac=0.01 budget_n=500 est=3.74261e+07
  [FastestO Curve] run=4 frac=0.05 budget_n=500 est=5.42156e+07
  [FastestO Curve] run=4 frac=0.075 budget_n=500 est=5.34586e+07
  [FastestO Curve] run=4 frac=0.1 budget_n=500 est=4.86242e+07
  [FastestO Curve] run=4 frac=0.15 budget_n=500 est=4.4873e+07
  [FastestO Curve] run=4 frac=0.2 budget_n=500 est=7.44947e+07
  [FastestO Curve] run=4 frac=0.3 budget_n=500 est=4.31579e+07
  [FastestO Curve] run=4 frac=0.4 budget_n=500 est=5.9303e+07
  [FastestO Curve] run=4 frac=0.5 budget_n=500 est=3.9894e+07
  [FastestO Curve] run=4 frac=0.6 budget_n=500 est=4.88661e+07
  [FastestO Curve] run=4 frac=0.7 budget_n=500 est=6.24525e+07
  [FastestO Curve] run=4 frac=0.8 budget_n=500 est=2.28917e+07
  [FastestO Curve] run=4 frac=0.9 budget_n=500 est=4.90993e+07
  [FastestO Curve] run=5 frac=0.01 budget_n=500 est=4.21469e+07
  [FastestO Curve] run=5 frac=0.05 budget_n=500 est=4.95208e+07
  [FastestO Curve] run=5 frac=0.075 budget_n=500 est=4.78454e+07
  [FastestO Curve] run=5 frac=0.1 budget_n=500 est=5.80009e+07
  [FastestO Curve] run=5 frac=0.15 budget_n=500 est=6.14377e+07
  [FastestO Curve] run=5 frac=0.2 budget_n=500 est=3.97683e+07
  [FastestO Curve] run=5 frac=0.3 budget_n=500 est=9.09059e+07
  [FastestO Curve] run=5 frac=0.4 budget_n=500 est=3.86828e+07
  [FastestO Curve] run=5 frac=0.5 budget_n=500 est=7.27973e+07
  [FastestO Curve] run=5 frac=0.6 budget_n=500 est=6.556e+07
  [FastestO Curve] run=5 frac=0.7 budget_n=500 est=7.24774e+07
  [FastestO Curve] run=5 frac=0.8 budget_n=500 est=6.04987e+07
  [FastestO Curve] run=5 frac=0.9 budget_n=500 est=6.14916e+07
  [Result] #CandTree           : 2.304e+05
  [Result] #TreeTrials         : 1042
  [Result] #TreeSuccess        : 48
  [Result] #UniqueOracleNodes  : 500.0000
  [Result] Truth               : 230405.0000
  [Result] Est                 : 61491600.8349
  [Result] logQError           : 2.4263
  [Result] TreeCountTime       : 27.7177
  [Result] QueryTime           : 1.9316
/home/wangshuo/projects/PROXY/datasets/parler-E/query_graph/query_cycle_4_29.graph Finished!

Start Processing (Multi-Predicate) /home/wangshuo/projects/PROXY/datasets/parler-E/query_graph/query_cycle_4_3.graph
[Info] Using explicit query nodes for predicates: 2 3 
[Info] FOIS_nrs base budget not found, will rely strictly on Curve CSV.
[Info] Using user-specified root label 2 -> query node 2
  [FastestO Curve] run=1 frac=0.01 budget_n=500 est=6.21818e+07
  [FastestO Curve] run=1 frac=0.05 budget_n=500 est=5.12139e+07
  [FastestO Curve] run=1 frac=0.075 budget_n=500 est=6.01631e+07
  [FastestO Curve] run=1 frac=0.1 budget_n=500 est=4.11507e+07
  [FastestO Curve] run=1 frac=0.15 budget_n=500 est=3.2577e+07
  [FastestO Curve] run=1 frac=0.2 budget_n=500 est=4.52679e+07
  [FastestO Curve] run=1 frac=0.3 budget_n=500 est=5.31394e+07
  [FastestO Curve] run=1 frac=0.4 budget_n=500 est=6.01819e+07
  [FastestO Curve] run=1 frac=0.5 budget_n=500 est=7.28655e+07
  [FastestO Curve] run=1 frac=0.6 budget_n=500 est=6.24465e+07
  [FastestO Curve] run=1 frac=0.7 budget_n=500 est=8.13527e+07
  [FastestO Curve] run=1 frac=0.8 budget_n=500 est=7.38611e+07
  [FastestO Curve] run=1 frac=0.9 budget_n=500 est=3.9724e+07
  [FastestO Curve] run=2 frac=0.01 budget_n=500 est=4.64129e+07
  [FastestO Curve] run=2 frac=0.05 budget_n=500 est=6.0726e+07
  [FastestO Curve] run=2 frac=0.075 budget_n=500 est=5.7992e+07
  [FastestO Curve] run=2 frac=0.1 budget_n=500 est=6.40549e+07
  [FastestO Curve] run=2 frac=0.15 budget_n=500 est=7.65791e+07
  [FastestO Curve] run=2 frac=0.2 budget_n=500 est=6.67347e+07
  [FastestO Curve] run=2 frac=0.3 budget_n=500 est=7.2633e+07
  [FastestO Curve] run=2 frac=0.4 budget_n=500 est=8.79027e+07
  [FastestO Curve] run=2 frac=0.5 budget_n=500 est=4.2366e+07
  [FastestO Curve] run=2 frac=0.6 budget_n=500 est=5.53441e+07
  [FastestO Curve] run=2 frac=0.7 budget_n=500 est=4.56157e+07
  [FastestO Curve] run=2 frac=0.8 budget_n=500 est=6.29586e+07
  [FastestO Curve] run=2 frac=0.9 budget_n=500 est=7.60122e+07
  [FastestO Curve] run=3 frac=0.01 budget_n=500 est=3.12537e+07
  [FastestO Curve] run=3 frac=0.05 budget_n=500 est=3.20046e+07
  [FastestO Curve] run=3 frac=0.075 budget_n=500 est=5.86543e+07
  [FastestO Curve] run=3 frac=0.1 budget_n=500 est=5.56521e+07
  [FastestO Curve] run=3 frac=0.15 budget_n=500 est=5.46464e+07
  [FastestO Curve] run=3 frac=0.2 budget_n=500 est=5.72232e+07
  [FastestO Curve] run=3 frac=0.3 budget_n=500 est=8.44926e+07
  [FastestO Curve] run=3 frac=0.4 budget_n=500 est=6.11066e+07
  [FastestO Curve] run=3 frac=0.5 budget_n=500 est=9.82771e+07
  [FastestO Curve] run=3 frac=0.6 budget_n=500 est=5.28643e+07
  [FastestO Curve] run=3 frac=0.7 budget_n=500 est=4.22326e+07
  [FastestO Curve] run=3 frac=0.8 budget_n=500 est=4.01239e+07
  [FastestO Curve] run=3 frac=0.9 budget_n=500 est=5.79662e+07
  [FastestO Curve] run=4 frac=0.01 budget_n=500 est=9.67258e+07
  [FastestO Curve] run=4 frac=0.05 budget_n=500 est=6.13677e+07
  [FastestO Curve] run=4 frac=0.075 budget_n=500 est=6.98329e+07
  [FastestO Curve] run=4 frac=0.1 budget_n=500 est=5.19922e+07
  [FastestO Curve] run=4 frac=0.15 budget_n=500 est=6.38937e+07
  [FastestO Curve] run=4 frac=0.2 budget_n=500 est=7.29884e+07
  [FastestO Curve] run=4 frac=0.3 budget_n=500 est=4.71645e+07
  [FastestO Curve] run=4 frac=0.4 budget_n=500 est=4.92238e+07
  [FastestO Curve] run=4 frac=0.5 budget_n=500 est=4.61678e+07
  [FastestO Curve] run=4 frac=0.6 budget_n=500 est=8.58822e+07
  [FastestO Curve] run=4 frac=0.7 budget_n=500 est=7.06167e+07
  [FastestO Curve] run=4 frac=0.8 budget_n=500 est=4.37505e+07
  [FastestO Curve] run=4 frac=0.9 budget_n=500 est=8.16319e+07
  [FastestO Curve] run=5 frac=0.01 budget_n=500 est=6.48819e+07
  [FastestO Curve] run=5 frac=0.05 budget_n=500 est=4.0344e+07
  [FastestO Curve] run=5 frac=0.075 budget_n=500 est=3.69885e+07
  [FastestO Curve] run=5 frac=0.1 budget_n=500 est=6.62309e+07
  [FastestO Curve] run=5 frac=0.15 budget_n=500 est=4.4808e+07
  [FastestO Curve] run=5 frac=0.2 budget_n=500 est=4.68612e+07
  [FastestO Curve] run=5 frac=0.3 budget_n=500 est=3.5524e+07
  [FastestO Curve] run=5 frac=0.4 budget_n=500 est=5.66507e+07
  [FastestO Curve] run=5 frac=0.5 budget_n=500 est=6.6922e+07
  [FastestO Curve] run=5 frac=0.6 budget_n=500 est=7.28486e+07
  [FastestO Curve] run=5 frac=0.7 budget_n=500 est=7.74194e+07
  [FastestO Curve] run=5 frac=0.8 budget_n=500 est=3.89739e+07
  [FastestO Curve] run=5 frac=0.9 budget_n=500 est=4.61006e+07
  [Result] #CandTree           : 2.212e+05
  [Result] #TreeTrials         : 1035
  [Result] #TreeSuccess        : 41
  [Result] #UniqueOracleNodes  : 500.0000
  [Result] Truth               : 221160.0000
  [Result] Est                 : 46100641.7391
  [Result] logQError           : 2.3190
  [Result] TreeCountTime       : 27.0790
  [Result] QueryTime           : 2.6639
/home/wangshuo/projects/PROXY/datasets/parler-E/query_graph/query_cycle_4_3.graph Finished!

Start Processing (Multi-Predicate) /home/wangshuo/projects/PROXY/datasets/parler-E/query_graph/query_cycle_4_30.graph
[Info] Using explicit query nodes for predicates: 1 3 
[Info] FOIS_nrs base budget not found, will rely strictly on Curve CSV.
[Info] Using user-specified root label 2 -> query node 1
  [FastestO Curve] run=1 frac=0.01 budget_n=500 est=5.22699e+07
  [FastestO Curve] run=1 frac=0.05 budget_n=500 est=7.11039e+07
  [FastestO Curve] run=1 frac=0.075 budget_n=500 est=6.71975e+07
  [FastestO Curve] run=1 frac=0.1 budget_n=500 est=7.71452e+07
  [FastestO Curve] run=1 frac=0.15 budget_n=500 est=4.18488e+07
  [FastestO Curve] run=1 frac=0.2 budget_n=500 est=5.42758e+07
  [FastestO Curve] run=1 frac=0.3 budget_n=500 est=7.37641e+07
  [FastestO Curve] run=1 frac=0.4 budget_n=500 est=7.65672e+07
  [FastestO Curve] run=1 frac=0.5 budget_n=500 est=6.79423e+07
  [FastestO Curve] run=1 frac=0.6 budget_n=500 est=8.10964e+07
  [FastestO Curve] run=1 frac=0.7 budget_n=500 est=8.74923e+07
  [FastestO Curve] run=1 frac=0.8 budget_n=500 est=7.084e+07
  [FastestO Curve] run=1 frac=0.9 budget_n=500 est=9.96044e+07
  [FastestO Curve] run=2 frac=0.01 budget_n=500 est=5.10976e+07
  [FastestO Curve] run=2 frac=0.05 budget_n=500 est=9.99003e+07
  [FastestO Curve] run=2 frac=0.075 budget_n=500 est=4.2671e+07
  [FastestO Curve] run=2 frac=0.1 budget_n=500 est=6.25705e+07
  [FastestO Curve] run=2 frac=0.15 budget_n=500 est=6.38308e+07
  [FastestO Curve] run=2 frac=0.2 budget_n=500 est=7.04636e+07
  [FastestO Curve] run=2 frac=0.3 budget_n=500 est=8.85429e+07
  [FastestO Curve] run=2 frac=0.4 budget_n=500 est=9.659e+07
  [FastestO Curve] run=2 frac=0.5 budget_n=500 est=6.5756e+07
  [FastestO Curve] run=2 frac=0.6 budget_n=500 est=8.93825e+07
  [FastestO Curve] run=2 frac=0.7 budget_n=500 est=9.94035e+07
  [FastestO Curve] run=2 frac=0.8 budget_n=500 est=9.12945e+07
  [FastestO Curve] run=2 frac=0.9 budget_n=500 est=7.79839e+07
  [FastestO Curve] run=3 frac=0.01 budget_n=500 est=1.02657e+08
  [FastestO Curve] run=3 frac=0.05 budget_n=500 est=8.85258e+07
  [FastestO Curve] run=3 frac=0.075 budget_n=500 est=6.67954e+07
  [FastestO Curve] run=3 frac=0.1 budget_n=500 est=5.8378e+07
  [FastestO Curve] run=3 frac=0.15 budget_n=500 est=1.00106e+08
  [FastestO Curve] run=3 frac=0.2 budget_n=500 est=9.72253e+07
  [FastestO Curve] run=3 frac=0.3 budget_n=500 est=7.7427e+07
  [FastestO Curve] run=3 frac=0.4 budget_n=500 est=5.0274e+07
  [FastestO Curve] run=3 frac=0.5 budget_n=500 est=8.28824e+07
  [FastestO Curve] run=3 frac=0.6 budget_n=500 est=9.54238e+07
  [FastestO Curve] run=3 frac=0.7 budget_n=500 est=6.11114e+07
  [FastestO Curve] run=3 frac=0.8 budget_n=500 est=1.28974e+08
  [FastestO Curve] run=3 frac=0.9 budget_n=500 est=8.30487e+07
  [FastestO Curve] run=4 frac=0.01 budget_n=500 est=7.30947e+07
  [FastestO Curve] run=4 frac=0.05 budget_n=500 est=1.15627e+08
  [FastestO Curve] run=4 frac=0.075 budget_n=500 est=8.29384e+07
  [FastestO Curve] run=4 frac=0.1 budget_n=500 est=9.77991e+07
  [FastestO Curve] run=4 frac=0.15 budget_n=500 est=9.01374e+07
  [FastestO Curve] run=4 frac=0.2 budget_n=500 est=8.48376e+07
  [FastestO Curve] run=4 frac=0.3 budget_n=500 est=1.03672e+08
  [FastestO Curve] run=4 frac=0.4 budget_n=500 est=1.1382e+08
  [FastestO Curve] run=4 frac=0.5 budget_n=500 est=8.04598e+07
  [FastestO Curve] run=4 frac=0.6 budget_n=500 est=6.80784e+07
  [FastestO Curve] run=4 frac=0.7 budget_n=500 est=7.81075e+07
  [FastestO Curve] run=4 frac=0.8 budget_n=500 est=1.06171e+08
  [FastestO Curve] run=4 frac=0.9 budget_n=500 est=1.00765e+08
  [FastestO Curve] run=5 frac=0.01 budget_n=500 est=9.23525e+07
  [FastestO Curve] run=5 frac=0.05 budget_n=500 est=8.86416e+07
  [FastestO Curve] run=5 frac=0.075 budget_n=500 est=9.60699e+07
  [FastestO Curve] run=5 frac=0.1 budget_n=500 est=1.02575e+08
  [FastestO Curve] run=5 frac=0.15 budget_n=500 est=6.56666e+07
  [FastestO Curve] run=5 frac=0.2 budget_n=500 est=1.00017e+08
  [FastestO Curve] run=5 frac=0.3 budget_n=500 est=8.64651e+07
  [FastestO Curve] run=5 frac=0.4 budget_n=500 est=5.63911e+07
  [FastestO Curve] run=5 frac=0.5 budget_n=500 est=5.00007e+07
  [FastestO Curve] run=5 frac=0.6 budget_n=500 est=8.4288e+07
  [FastestO Curve] run=5 frac=0.7 budget_n=500 est=6.37028e+07
  [FastestO Curve] run=5 frac=0.8 budget_n=500 est=8.14478e+07
  [FastestO Curve] run=5 frac=0.9 budget_n=500 est=6.31661e+07
  [Result] #CandTree           : 2.336e+05
  [Result] #TreeTrials         : 1013
  [Result] #TreeSuccess        : 36
  [Result] #UniqueOracleNodes  : 500.0000
  [Result] Truth               : 233642.0000
  [Result] Est                 : 63166141.0642
  [Result] logQError           : 2.4319
  [Result] TreeCountTime       : 27.3042
  [Result] QueryTime           : 1.9921
/home/wangshuo/projects/PROXY/datasets/parler-E/query_graph/query_cycle_4_30.graph Finished!

Start Processing (Multi-Predicate) /home/wangshuo/projects/PROXY/datasets/parler-E/query_graph/query_cycle_4_31.graph
[Info] Using explicit query nodes for predicates: 0 2 
[Info] FOIS_nrs base budget not found, will rely strictly on Curve CSV.
[Info] Using user-specified root label 2 -> query node 2
  [FastestO Curve] run=1 frac=0.01 budget_n=500 est=3.30662e+07
  [FastestO Curve] run=1 frac=0.05 budget_n=500 est=6.15007e+07
  [FastestO Curve] run=1 frac=0.075 budget_n=500 est=5.4911e+07
  [FastestO Curve] run=1 frac=0.1 budget_n=500 est=6.9827e+07
  [FastestO Curve] run=1 frac=0.15 budget_n=500 est=7.61164e+07
  [FastestO Curve] run=1 frac=0.2 budget_n=500 est=6.64703e+07
  [FastestO Curve] run=1 frac=0.3 budget_n=500 est=8.66221e+07
  [FastestO Curve] run=1 frac=0.4 budget_n=500 est=6.07854e+07
  [FastestO Curve] run=1 frac=0.5 budget_n=500 est=5.11033e+07
  [FastestO Curve] run=1 frac=0.6 budget_n=500 est=6.62089e+07
  [FastestO Curve] run=1 frac=0.7 budget_n=500 est=6.26424e+07
  [FastestO Curve] run=1 frac=0.8 budget_n=500 est=8.76097e+07
  [FastestO Curve] run=1 frac=0.9 budget_n=500 est=7.35443e+07
  [FastestO Curve] run=2 frac=0.01 budget_n=500 est=5.64213e+07
  [FastestO Curve] run=2 frac=0.05 budget_n=500 est=1.26958e+08
  [FastestO Curve] run=2 frac=0.075 budget_n=500 est=9.94718e+07
  [FastestO Curve] run=2 frac=0.1 budget_n=500 est=6.12811e+07
  [FastestO Curve] run=2 frac=0.15 budget_n=500 est=8.43292e+07
  [FastestO Curve] run=2 frac=0.2 budget_n=500 est=3.27943e+07
  [FastestO Curve] run=2 frac=0.3 budget_n=500 est=9.9207e+07
  [FastestO Curve] run=2 frac=0.4 budget_n=500 est=6.77472e+07
  [FastestO Curve] run=2 frac=0.5 budget_n=500 est=7.76934e+07
  [FastestO Curve] run=2 frac=0.6 budget_n=500 est=5.813e+07
  [FastestO Curve] run=2 frac=0.7 budget_n=500 est=8.5586e+07
  [FastestO Curve] run=2 frac=0.8 budget_n=500 est=3.94941e+07
  [FastestO Curve] run=2 frac=0.9 budget_n=500 est=8.87047e+07
  [FastestO Curve] run=3 frac=0.01 budget_n=500 est=3.67054e+07
  [FastestO Curve] run=3 frac=0.05 budget_n=500 est=6.88759e+07
  [FastestO Curve] run=3 frac=0.075 budget_n=500 est=1.01978e+08
  [FastestO Curve] run=3 frac=0.1 budget_n=500 est=6.41288e+07
  [FastestO Curve] run=3 frac=0.15 budget_n=500 est=4.2878e+07
  [FastestO Curve] run=3 frac=0.2 budget_n=500 est=4.30922e+07
  [FastestO Curve] run=3 frac=0.3 budget_n=500 est=7.34214e+07
  [FastestO Curve] run=3 frac=0.4 budget_n=500 est=8.52173e+07
  [FastestO Curve] run=3 frac=0.5 budget_n=500 est=5.87787e+07
  [FastestO Curve] run=3 frac=0.6 budget_n=500 est=4.74995e+07
  [FastestO Curve] run=3 frac=0.7 budget_n=500 est=6.871e+07
  [FastestO Curve] run=3 frac=0.8 budget_n=500 est=7.07916e+07
  [FastestO Curve] run=3 frac=0.9 budget_n=500 est=1.2242e+08
  [FastestO Curve] run=4 frac=0.01 budget_n=500 est=6.39603e+07
  [FastestO Curve] run=4 frac=0.05 budget_n=500 est=7.03393e+07
  [FastestO Curve] run=4 frac=0.075 budget_n=500 est=5.06541e+07
  [FastestO Curve] run=4 frac=0.1 budget_n=500 est=1.00984e+08
  [FastestO Curve] run=4 frac=0.15 budget_n=500 est=4.12928e+07
  [FastestO Curve] run=4 frac=0.2 budget_n=500 est=7.54532e+07
  [FastestO Curve] run=4 frac=0.3 budget_n=500 est=4.26653e+07
  [FastestO Curve] run=4 frac=0.4 budget_n=500 est=8.59365e+07
  [FastestO Curve] run=4 frac=0.5 budget_n=500 est=8.49996e+07
  [FastestO Curve] run=4 frac=0.6 budget_n=500 est=5.62633e+07
  [FastestO Curve] run=4 frac=0.7 budget_n=500 est=7.39301e+07
  [FastestO Curve] run=4 frac=0.8 budget_n=500 est=5.30968e+07
  [FastestO Curve] run=4 frac=0.9 budget_n=500 est=9.87151e+07
  [FastestO Curve] run=5 frac=0.01 budget_n=500 est=1.06866e+08
  [FastestO Curve] run=5 frac=0.05 budget_n=500 est=6.81113e+07
  [FastestO Curve] run=5 frac=0.075 budget_n=500 est=7.36409e+07
  [FastestO Curve] run=5 frac=0.1 budget_n=500 est=5.97935e+07
  [FastestO Curve] run=5 frac=0.15 budget_n=500 est=8.16698e+07
  [FastestO Curve] run=5 frac=0.2 budget_n=500 est=4.11047e+07
  [FastestO Curve] run=5 frac=0.3 budget_n=500 est=6.66924e+07
  [FastestO Curve] run=5 frac=0.4 budget_n=500 est=8.0152e+07
  [FastestO Curve] run=5 frac=0.5 budget_n=500 est=5.32714e+07
  [FastestO Curve] run=5 frac=0.6 budget_n=500 est=5.53032e+07
  [FastestO Curve] run=5 frac=0.7 budget_n=500 est=9.05375e+07
  [FastestO Curve] run=5 frac=0.8 budget_n=500 est=1.39278e+08
  [FastestO Curve] run=5 frac=0.9 budget_n=500 est=5.31969e+07
  [Result] #CandTree           : 2.366e+05
  [Result] #TreeTrials         : 405
  [Result] #TreeSuccess        : 16
  [Result] #UniqueOracleNodes  : 500.0000
  [Result] Truth               : 236584.0000
  [Result] Est                 : 53196934.6765
  [Result] logQError           : 2.3519
  [Result] TreeCountTime       : 26.7887
  [Result] QueryTime           : 1.2337
/home/wangshuo/projects/PROXY/datasets/parler-E/query_graph/query_cycle_4_31.graph Finished!

Start Processing (Multi-Predicate) /home/wangshuo/projects/PROXY/datasets/parler-E/query_graph/query_cycle_4_32.graph
[Info] Using explicit query nodes for predicates: 0 1 3 
[Info] FOIS_nrs base budget not found, will rely strictly on Curve CSV.
[Info] Using user-specified root label 2 -> query node 3
  [FastestO Curve] run=1 frac=0.01 budget_n=500 est=20162.7
  [FastestO Curve] run=1 frac=0.05 budget_n=500 est=27051
  [FastestO Curve] run=1 frac=0.075 budget_n=500 est=31098.7
  [FastestO Curve] run=1 frac=0.1 budget_n=500 est=31624.2
  [FastestO Curve] run=1 frac=0.15 budget_n=500 est=160214
  [FastestO Curve] run=1 frac=0.2 budget_n=500 est=47153.9
  [FastestO Curve] run=1 frac=0.3 budget_n=500 est=15812
  [FastestO Curve] run=1 frac=0.4 budget_n=500 est=121287
  [FastestO Curve] run=1 frac=0.5 budget_n=500 est=17897.8
  [FastestO Curve] run=1 frac=0.6 budget_n=500 est=134912
  [FastestO Curve] run=1 frac=0.7 budget_n=500 est=134542
  [FastestO Curve] run=1 frac=0.8 budget_n=500 est=132199
  [FastestO Curve] run=1 frac=0.9 budget_n=500 est=44150.2
  [FastestO Curve] run=2 frac=0.01 budget_n=500 est=19172
  [FastestO Curve] run=2 frac=0.05 budget_n=500 est=6972.69
  [FastestO Curve] run=2 frac=0.075 budget_n=500 est=13199.6
  [FastestO Curve] run=2 frac=0.1 budget_n=500 est=43656.5
  [FastestO Curve] run=2 frac=0.15 budget_n=500 est=137537
  [FastestO Curve] run=2 frac=0.2 budget_n=500 est=40419.3
  [FastestO Curve] run=2 frac=0.3 budget_n=500 est=267601
  [FastestO Curve] run=2 frac=0.4 budget_n=500 est=34623.4
  [FastestO Curve] run=2 frac=0.5 budget_n=500 est=38192.9
  [FastestO Curve] run=2 frac=0.6 budget_n=500 est=198392
  [FastestO Curve] run=2 frac=0.7 budget_n=500 est=30742.4
  [FastestO Curve] run=2 frac=0.8 budget_n=500 est=26402
  [FastestO Curve] run=2 frac=0.9 budget_n=500 est=30004.6
  [FastestO Curve] run=3 frac=0.01 budget_n=500 est=129605
  [FastestO Curve] run=3 frac=0.05 budget_n=500 est=63561.7
  [FastestO Curve] run=3 frac=0.075 budget_n=500 est=2446.06
  [FastestO Curve] run=3 frac=0.1 budget_n=500 est=25069.6
  [FastestO Curve] run=3 frac=0.15 budget_n=500 est=27448.7
  [FastestO Curve] run=3 frac=0.2 budget_n=500 est=36989.7
  [FastestO Curve] run=3 frac=0.3 budget_n=500 est=29675.1
  [FastestO Curve] run=3 frac=0.4 budget_n=500 est=119904
  [FastestO Curve] run=3 frac=0.5 budget_n=500 est=47069.8
  [FastestO Curve] run=3 frac=0.6 budget_n=500 est=44809.1
  [FastestO Curve] run=3 frac=0.7 budget_n=500 est=22899.8
  [FastestO Curve] run=3 frac=0.8 budget_n=500 est=117581
  [FastestO Curve] run=3 frac=0.9 budget_n=500 est=68856.4
  [FastestO Curve] run=4 frac=0.01 budget_n=500 est=164034
  [FastestO Curve] run=4 frac=0.05 budget_n=500 est=32039
  [FastestO Curve] run=4 frac=0.075 budget_n=500 est=16087.6
  [FastestO Curve] run=4 frac=0.1 budget_n=500 est=122611
  [FastestO Curve] run=4 frac=0.15 budget_n=500 est=28321.8
  [FastestO Curve] run=4 frac=0.2 budget_n=500 est=13820.2
  [FastestO Curve] run=4 frac=0.3 budget_n=500 est=42068.4
  [FastestO Curve] run=4 frac=0.4 budget_n=500 est=58328.9
  [FastestO Curve] run=4 frac=0.5 budget_n=500 est=45879.7
  [FastestO Curve] run=4 frac=0.6 budget_n=500 est=25802.3
  [FastestO Curve] run=4 frac=0.7 budget_n=500 est=34073.1
  [FastestO Curve] run=4 frac=0.8 budget_n=500 est=40178.8
  [FastestO Curve] run=4 frac=0.9 budget_n=500 est=144939
  [FastestO Curve] run=5 frac=0.01 budget_n=500 est=112901
  [FastestO Curve] run=5 frac=0.05 budget_n=500 est=31083.2
  [FastestO Curve] run=5 frac=0.075 budget_n=500 est=26303
  [FastestO Curve] run=5 frac=0.1 budget_n=500 est=6962.41
  [FastestO Curve] run=5 frac=0.15 budget_n=500 est=17455.2
  [FastestO Curve] run=5 frac=0.2 budget_n=500 est=119536
  [FastestO Curve] run=5 frac=0.3 budget_n=500 est=17182.4
  [FastestO Curve] run=5 frac=0.4 budget_n=500 est=32560.3
  [FastestO Curve] run=5 frac=0.5 budget_n=500 est=47729.8
  [FastestO Curve] run=5 frac=0.6 budget_n=500 est=44400.2
  [FastestO Curve] run=5 frac=0.7 budget_n=500 est=17626.2
  [FastestO Curve] run=5 frac=0.8 budget_n=500 est=45775.2
  [FastestO Curve] run=5 frac=0.9 budget_n=500 est=149325
  [Result] #CandTree           : 1.155e+04
  [Result] #TreeTrials         : 717
  [Result] #TreeSuccess        : 12
  [Result] #UniqueOracleNodes  : 500.0000
  [Result] Truth               : 11546.0000
  [Result] Est                 : 149325.0460
  [Result] logQError           : 1.1117
  [Result] TreeCountTime       : 10.1090
  [Result] QueryTime           : 0.8407
/home/wangshuo/projects/PROXY/datasets/parler-E/query_graph/query_cycle_4_32.graph Finished!

Start Processing (Multi-Predicate) /home/wangshuo/projects/PROXY/datasets/parler-E/query_graph/query_cycle_4_33.graph
[Info] Using explicit query nodes for predicates: 2 3 
[Info] FOIS_nrs base budget not found, will rely strictly on Curve CSV.
[Info] Using user-specified root label 2 -> query node 2
  [FastestO Curve] run=1 frac=0.01 budget_n=500 est=7.16781e+07
  [FastestO Curve] run=1 frac=0.05 budget_n=500 est=6.8918e+07
  [FastestO Curve] run=1 frac=0.075 budget_n=500 est=6.10262e+07
  [FastestO Curve] run=1 frac=0.1 budget_n=500 est=6.43003e+07
  [FastestO Curve] run=1 frac=0.15 budget_n=500 est=7.79392e+07
  [FastestO Curve] run=1 frac=0.2 budget_n=500 est=6.73535e+07
  [FastestO Curve] run=1 frac=0.3 budget_n=500 est=7.77514e+07
  [FastestO Curve] run=1 frac=0.4 budget_n=500 est=4.13873e+07
  [FastestO Curve] run=1 frac=0.5 budget_n=500 est=3.09628e+07
  [FastestO Curve] run=1 frac=0.6 budget_n=500 est=2.9289e+07
  [FastestO Curve] run=1 frac=0.7 budget_n=500 est=4.63114e+07
  [FastestO Curve] run=1 frac=0.8 budget_n=500 est=7.81876e+07
  [FastestO Curve] run=1 frac=0.9 budget_n=500 est=7.31292e+07
  [FastestO Curve] run=2 frac=0.01 budget_n=500 est=7.18185e+07
  [FastestO Curve] run=2 frac=0.05 budget_n=500 est=7.22459e+07
  [FastestO Curve] run=2 frac=0.075 budget_n=500 est=5.62122e+07
  [FastestO Curve] run=2 frac=0.1 budget_n=500 est=6.3407e+07
  [FastestO Curve] run=2 frac=0.15 budget_n=500 est=5.98147e+07
  [FastestO Curve] run=2 frac=0.2 budget_n=500 est=4.86268e+07
  [FastestO Curve] run=2 frac=0.3 budget_n=500 est=4.75552e+07
  [FastestO Curve] run=2 frac=0.4 budget_n=500 est=5.2215e+07
  [FastestO Curve] run=2 frac=0.5 budget_n=500 est=6.31249e+07
  [FastestO Curve] run=2 frac=0.6 budget_n=500 est=6.22542e+07
  [FastestO Curve] run=2 frac=0.7 budget_n=500 est=7.57915e+07
  [FastestO Curve] run=2 frac=0.8 budget_n=500 est=6.04702e+07
  [FastestO Curve] run=2 frac=0.9 budget_n=500 est=6.97993e+07
  [FastestO Curve] run=3 frac=0.01 budget_n=500 est=9.07884e+07
  [FastestO Curve] run=3 frac=0.05 budget_n=500 est=6.3821e+07
  [FastestO Curve] run=3 frac=0.075 budget_n=500 est=5.72582e+07
  [FastestO Curve] run=3 frac=0.1 budget_n=500 est=8.2317e+07
  [FastestO Curve] run=3 frac=0.15 budget_n=500 est=6.14424e+07
  [FastestO Curve] run=3 frac=0.2 budget_n=500 est=7.79754e+07
  [FastestO Curve] run=3 frac=0.3 budget_n=500 est=6.25168e+07
  [FastestO Curve] run=3 frac=0.4 budget_n=500 est=6.39816e+07
  [FastestO Curve] run=3 frac=0.5 budget_n=500 est=3.94352e+07
  [FastestO Curve] run=3 frac=0.6 budget_n=500 est=7.44106e+07
  [FastestO Curve] run=3 frac=0.7 budget_n=500 est=4.29977e+07
  [FastestO Curve] run=3 frac=0.8 budget_n=500 est=6.01975e+07
  [FastestO Curve] run=3 frac=0.9 budget_n=500 est=6.2784e+07
  [FastestO Curve] run=4 frac=0.01 budget_n=500 est=7.01549e+07
  [FastestO Curve] run=4 frac=0.05 budget_n=500 est=6.24538e+07
  [FastestO Curve] run=4 frac=0.075 budget_n=500 est=5.85908e+07
  [FastestO Curve] run=4 frac=0.1 budget_n=500 est=9.92265e+07
  [FastestO Curve] run=4 frac=0.15 budget_n=500 est=8.60502e+07
  [FastestO Curve] run=4 frac=0.2 budget_n=500 est=5.69417e+07
  [FastestO Curve] run=4 frac=0.3 budget_n=500 est=7.1409e+07
  [FastestO Curve] run=4 frac=0.4 budget_n=500 est=6.74984e+07
  [FastestO Curve] run=4 frac=0.5 budget_n=500 est=3.7257e+07
  [FastestO Curve] run=4 frac=0.6 budget_n=500 est=4.27518e+07
  [FastestO Curve] run=4 frac=0.7 budget_n=500 est=6.92355e+07
  [FastestO Curve] run=4 frac=0.8 budget_n=500 est=6.64644e+07
  [FastestO Curve] run=4 frac=0.9 budget_n=500 est=7.91183e+07
  [FastestO Curve] run=5 frac=0.01 budget_n=500 est=6.72086e+07
  [FastestO Curve] run=5 frac=0.05 budget_n=500 est=5.98229e+07
  [FastestO Curve] run=5 frac=0.075 budget_n=500 est=8.86998e+07
  [FastestO Curve] run=5 frac=0.1 budget_n=500 est=8.2939e+07
  [FastestO Curve] run=5 frac=0.15 budget_n=500 est=4.2247e+07
  [FastestO Curve] run=5 frac=0.2 budget_n=500 est=5.28502e+07
  [FastestO Curve] run=5 frac=0.3 budget_n=500 est=8.50357e+07
  [FastestO Curve] run=5 frac=0.4 budget_n=500 est=6.7969e+07
  [FastestO Curve] run=5 frac=0.5 budget_n=500 est=6.28106e+07
  [FastestO Curve] run=5 frac=0.6 budget_n=500 est=7.25877e+07
  [FastestO Curve] run=5 frac=0.7 budget_n=500 est=7.10776e+07
  [FastestO Curve] run=5 frac=0.8 budget_n=500 est=6.36174e+07
  [FastestO Curve] run=5 frac=0.9 budget_n=500 est=6.50195e+07
  [Result] #CandTree           : 2.325e+05
  [Result] #TreeTrials         : 999
  [Result] #TreeSuccess        : 51
  [Result] #UniqueOracleNodes  : 500.0000
  [Result] Truth               : 232452.0000
  [Result] Est                 : 65019546.8108
  [Result] logQError           : 2.4467
  [Result] TreeCountTime       : 19.7472
  [Result] QueryTime           : 2.3883
/home/wangshuo/projects/PROXY/datasets/parler-E/query_graph/query_cycle_4_33.graph Finished!

Start Processing (Multi-Predicate) /home/wangshuo/projects/PROXY/datasets/parler-E/query_graph/query_cycle_4_34.graph
[Info] Using explicit query nodes for predicates: 0 2 3 
[Info] FOIS_nrs base budget not found, will rely strictly on Curve CSV.
[Info] Using user-specified root label 2 -> query node 3
  [FastestO Curve] run=1 frac=0.01 budget_n=500 est=119427
  [FastestO Curve] run=1 frac=0.05 budget_n=500 est=1.53434e+06
  [FastestO Curve] run=1 frac=0.075 budget_n=500 est=1.06055e+06
  [FastestO Curve] run=1 frac=0.1 budget_n=500 est=1.5296e+06
  [FastestO Curve] run=1 frac=0.15 budget_n=500 est=12039.1
  [FastestO Curve] run=1 frac=0.2 budget_n=500 est=115360
  [FastestO Curve] run=1 frac=0.3 budget_n=500 est=173506
  [FastestO Curve] run=1 frac=0.4 budget_n=500 est=526086
  [FastestO Curve] run=1 frac=0.5 budget_n=500 est=320838
  [FastestO Curve] run=1 frac=0.6 budget_n=500 est=76633.8
  [FastestO Curve] run=1 frac=0.7 budget_n=500 est=2.82166e+06
  [FastestO Curve] run=1 frac=0.8 budget_n=500 est=1.2538e+06
  [FastestO Curve] run=1 frac=0.9 budget_n=500 est=119160
  [FastestO Curve] run=2 frac=0.01 budget_n=500 est=334367
  [FastestO Curve] run=2 frac=0.05 budget_n=500 est=22597.1
  [FastestO Curve] run=2 frac=0.075 budget_n=500 est=3.07982e+06
  [FastestO Curve] run=2 frac=0.1 budget_n=500 est=934152
  [FastestO Curve] run=2 frac=0.15 budget_n=500 est=262188
  [FastestO Curve] run=2 frac=0.2 budget_n=500 est=163026
  [FastestO Curve] run=2 frac=0.3 budget_n=500 est=500981
  [FastestO Curve] run=2 frac=0.4 budget_n=500 est=1.44563e+06
  [FastestO Curve] run=2 frac=0.5 budget_n=500 est=2.2182e+06
  [FastestO Curve] run=2 frac=0.6 budget_n=500 est=1.00494e+06
  [FastestO Curve] run=2 frac=0.7 budget_n=500 est=1.41735e+07
  [FastestO Curve] run=2 frac=0.8 budget_n=500 est=947472
  [FastestO Curve] run=2 frac=0.9 budget_n=500 est=1.20086e+06
  [FastestO Curve] run=3 frac=0.01 budget_n=500 est=170109
  [FastestO Curve] run=3 frac=0.05 budget_n=500 est=21634.4
  [FastestO Curve] run=3 frac=0.075 budget_n=500 est=116302
  [FastestO Curve] run=3 frac=0.1 budget_n=500 est=178510
  [FastestO Curve] run=3 frac=0.15 budget_n=500 est=2.75014e+06
  [FastestO Curve] run=3 frac=0.2 budget_n=500 est=183345
  [FastestO Curve] run=3 frac=0.3 budget_n=500 est=316441
  [FastestO Curve] run=3 frac=0.4 budget_n=500 est=67340.5
  [FastestO Curve] run=3 frac=0.5 budget_n=500 est=660524
  [FastestO Curve] run=3 frac=0.6 budget_n=500 est=780251
  [FastestO Curve] run=3 frac=0.7 budget_n=500 est=1.57626e+06
  [FastestO Curve] run=3 frac=0.8 budget_n=500 est=152668
  [FastestO Curve] run=3 frac=0.9 budget_n=500 est=123703
  [FastestO Curve] run=4 frac=0.01 budget_n=500 est=0
  [FastestO Curve] run=4 frac=0.05 budget_n=500 est=74525.9
  [FastestO Curve] run=4 frac=0.075 budget_n=500 est=56712.1
  [FastestO Curve] run=4 frac=0.1 budget_n=500 est=116674
  [FastestO Curve] run=4 frac=0.15 budget_n=500 est=2.83469e+06
  [FastestO Curve] run=4 frac=0.2 budget_n=500 est=131614
  [FastestO Curve] run=4 frac=0.3 budget_n=500 est=1.40916e+06
  [FastestO Curve] run=4 frac=0.4 budget_n=500 est=470850
  [FastestO Curve] run=4 frac=0.5 budget_n=500 est=303332
  [FastestO Curve] run=4 frac=0.6 budget_n=500 est=722846
  [FastestO Curve] run=4 frac=0.7 budget_n=500 est=1.56021e+06
  [FastestO Curve] run=4 frac=0.8 budget_n=500 est=2.05312e+06
  [FastestO Curve] run=4 frac=0.9 budget_n=500 est=17921.7
  [FastestO Curve] run=5 frac=0.01 budget_n=500 est=3.30041e+06
  [FastestO Curve] run=5 frac=0.05 budget_n=500 est=175660
  [FastestO Curve] run=5 frac=0.075 budget_n=500 est=176460
  [FastestO Curve] run=5 frac=0.1 budget_n=500 est=2.85333e+06
  [FastestO Curve] run=5 frac=0.15 budget_n=500 est=3.3603e+06
  [FastestO Curve] run=5 frac=0.2 budget_n=500 est=76965.7
  [FastestO Curve] run=5 frac=0.3 budget_n=500 est=51163.3
  [FastestO Curve] run=5 frac=0.4 budget_n=500 est=668852
  [FastestO Curve] run=5 frac=0.5 budget_n=500 est=418053
  [FastestO Curve] run=5 frac=0.6 budget_n=500 est=265836
  [FastestO Curve] run=5 frac=0.7 budget_n=500 est=141527
  [FastestO Curve] run=5 frac=0.8 budget_n=500 est=1.07291e+06
  [FastestO Curve] run=5 frac=0.9 budget_n=500 est=350960
  [Result] #CandTree           : 1.726e+05
  [Result] #TreeTrials         : 325
  [Result] #TreeSuccess        : 4
  [Result] #UniqueOracleNodes  : 500.0000
  [Result] Truth               : 158464.0000
  [Result] Est                 : 350960.4923
  [Result] logQError           : 0.3453
  [Result] TreeCountTime       : 23.3775
  [Result] QueryTime           : 0.9008
/home/wangshuo/projects/PROXY/datasets/parler-E/query_graph/query_cycle_4_34.graph Finished!

Start Processing (Multi-Predicate) /home/wangshuo/projects/PROXY/datasets/parler-E/query_graph/query_cycle_4_35.graph
[Info] Using explicit query nodes for predicates: 1 2 
[Info] FOIS_nrs base budget not found, will rely strictly on Curve CSV.
[Info] Using user-specified root label 2 -> query node 2
  [FastestO Curve] run=1 frac=0.01 budget_n=500 est=3.64263e+07
  [FastestO Curve] run=1 frac=0.05 budget_n=500 est=4.95077e+07
  [FastestO Curve] run=1 frac=0.075 budget_n=500 est=1.87135e+07
  [FastestO Curve] run=1 frac=0.1 budget_n=500 est=4.73678e+07
  [FastestO Curve] run=1 frac=0.15 budget_n=500 est=6.67686e+07
  [FastestO Curve] run=1 frac=0.2 budget_n=500 est=4.22321e+07
  [FastestO Curve] run=1 frac=0.3 budget_n=500 est=3.642e+07
  [FastestO Curve] run=1 frac=0.4 budget_n=500 est=6.47252e+07
  [FastestO Curve] run=1 frac=0.5 budget_n=500 est=2.59928e+07
  [FastestO Curve] run=1 frac=0.6 budget_n=500 est=3.41292e+07
  [FastestO Curve] run=1 frac=0.7 budget_n=500 est=5.64158e+07
  [FastestO Curve] run=1 frac=0.8 budget_n=500 est=1.82806e+07
  [FastestO Curve] run=1 frac=0.9 budget_n=500 est=6.25817e+07
  [FastestO Curve] run=2 frac=0.01 budget_n=500 est=2.53836e+07
  [FastestO Curve] run=2 frac=0.05 budget_n=500 est=5.19141e+07
  [FastestO Curve] run=2 frac=0.075 budget_n=500 est=1.81106e+07
  [FastestO Curve] run=2 frac=0.1 budget_n=500 est=3.97006e+07
  [FastestO Curve] run=2 frac=0.15 budget_n=500 est=3.53997e+07
  [FastestO Curve] run=2 frac=0.2 budget_n=500 est=2.40209e+07
  [FastestO Curve] run=2 frac=0.3 budget_n=500 est=2.65199e+07
  [FastestO Curve] run=2 frac=0.4 budget_n=500 est=3.21966e+07
  [FastestO Curve] run=2 frac=0.5 budget_n=500 est=3.36649e+07
  [FastestO Curve] run=2 frac=0.6 budget_n=500 est=4.18828e+07
  [FastestO Curve] run=2 frac=0.7 budget_n=500 est=3.12255e+07
  [FastestO Curve] run=2 frac=0.8 budget_n=500 est=1.17662e+07
  [FastestO Curve] run=2 frac=0.9 budget_n=500 est=2.42665e+07
  [FastestO Curve] run=3 frac=0.01 budget_n=500 est=5.68513e+07
  [FastestO Curve] run=3 frac=0.05 budget_n=500 est=6.0242e+07
  [FastestO Curve] run=3 frac=0.075 budget_n=500 est=4.23966e+07
  [FastestO Curve] run=3 frac=0.1 budget_n=500 est=2.25451e+07
  [FastestO Curve] run=3 frac=0.15 budget_n=500 est=2.49662e+07
  [FastestO Curve] run=3 frac=0.2 budget_n=500 est=4.27315e+07
  [FastestO Curve] run=3 frac=0.3 budget_n=500 est=3.72792e+07
  [FastestO Curve] run=3 frac=0.4 budget_n=500 est=5.22981e+07
  [FastestO Curve] run=3 frac=0.5 budget_n=500 est=4.98784e+07
  [FastestO Curve] run=3 frac=0.6 budget_n=500 est=3.20841e+07
  [FastestO Curve] run=3 frac=0.7 budget_n=500 est=6.95708e+07
  [FastestO Curve] run=3 frac=0.8 budget_n=500 est=3.84519e+07
  [FastestO Curve] run=3 frac=0.9 budget_n=500 est=3.87934e+07
  [FastestO Curve] run=4 frac=0.01 budget_n=500 est=6.01092e+07
  [FastestO Curve] run=4 frac=0.05 budget_n=500 est=6.42383e+07
  [FastestO Curve] run=4 frac=0.075 budget_n=500 est=6.96491e+07
  [FastestO Curve] run=4 frac=0.1 budget_n=500 est=6.44892e+07
  [FastestO Curve] run=4 frac=0.15 budget_n=500 est=2.21307e+07
  [FastestO Curve] run=4 frac=0.2 budget_n=500 est=3.67599e+07
  [FastestO Curve] run=4 frac=0.3 budget_n=500 est=4.06248e+07
  [FastestO Curve] run=4 frac=0.4 budget_n=500 est=3.24842e+07
  [FastestO Curve] run=4 frac=0.5 budget_n=500 est=5.12971e+07
  [FastestO Curve] run=4 frac=0.6 budget_n=500 est=5.08385e+07
  [FastestO Curve] run=4 frac=0.7 budget_n=500 est=5.72335e+07
  [FastestO Curve] run=4 frac=0.8 budget_n=500 est=2.00216e+07
  [FastestO Curve] run=4 frac=0.9 budget_n=500 est=3.56831e+07
  [FastestO Curve] run=5 frac=0.01 budget_n=500 est=3.17215e+07
  [FastestO Curve] run=5 frac=0.05 budget_n=500 est=3.4785e+07
  [FastestO Curve] run=5 frac=0.075 budget_n=500 est=1.29866e+07
  [FastestO Curve] run=5 frac=0.1 budget_n=500 est=4.04207e+07
  [FastestO Curve] run=5 frac=0.15 budget_n=500 est=8.12645e+06
  [FastestO Curve] run=5 frac=0.2 budget_n=500 est=2.33253e+07
  [FastestO Curve] run=5 frac=0.3 budget_n=500 est=3.72967e+06
  [FastestO Curve] run=5 frac=0.4 budget_n=500 est=4.00688e+07
  [FastestO Curve] run=5 frac=0.5 budget_n=500 est=3.86557e+07
  [FastestO Curve] run=5 frac=0.6 budget_n=500 est=5.7628e+07
  [FastestO Curve] run=5 frac=0.7 budget_n=500 est=6.95727e+07
  [FastestO Curve] run=5 frac=0.8 budget_n=500 est=2.05606e+07
  [FastestO Curve] run=5 frac=0.9 budget_n=500 est=4.78046e+07
  [Result] #CandTree           : 2.272e+05
  [Result] #TreeTrials         : 403
  [Result] #TreeSuccess        : 17
  [Result] #UniqueOracleNodes  : 500.0000
  [Result] Truth               : 227174.0000
  [Result] Est                 : 47804625.0521
  [Result] logQError           : 2.3231
  [Result] TreeCountTime       : 24.5714
  [Result] QueryTime           : 1.1339
/home/wangshuo/projects/PROXY/datasets/parler-E/query_graph/query_cycle_4_35.graph Finished!

Start Processing (Multi-Predicate) /home/wangshuo/projects/PROXY/datasets/parler-E/query_graph/query_cycle_4_36.graph
[Info] Using explicit query nodes for predicates: 0 2 
[Info] FOIS_nrs base budget not found, will rely strictly on Curve CSV.
[Info] Using user-specified root label 2 -> query node 2
  [FastestO Curve] run=1 frac=0.01 budget_n=500 est=1.32913e+08
  [FastestO Curve] run=1 frac=0.05 budget_n=500 est=3.94891e+07
  [FastestO Curve] run=1 frac=0.075 budget_n=500 est=7.18129e+07
  [FastestO Curve] run=1 frac=0.1 budget_n=500 est=6.33161e+07
  [FastestO Curve] run=1 frac=0.15 budget_n=500 est=5.3302e+07
  [FastestO Curve] run=1 frac=0.2 budget_n=500 est=7.40952e+07
  [FastestO Curve] run=1 frac=0.3 budget_n=500 est=9.45546e+07
  [FastestO Curve] run=1 frac=0.4 budget_n=500 est=5.16839e+07
  [FastestO Curve] run=1 frac=0.5 budget_n=500 est=6.58969e+07
  [FastestO Curve] run=1 frac=0.6 budget_n=500 est=4.23093e+07
  [FastestO Curve] run=1 frac=0.7 budget_n=500 est=8.65598e+07
  [FastestO Curve] run=1 frac=0.8 budget_n=500 est=8.87528e+07
  [FastestO Curve] run=1 frac=0.9 budget_n=500 est=9.02297e+07
  [FastestO Curve] run=2 frac=0.01 budget_n=500 est=8.02506e+07
  [FastestO Curve] run=2 frac=0.05 budget_n=500 est=6.63362e+07
  [FastestO Curve] run=2 frac=0.075 budget_n=500 est=5.16938e+07
  [FastestO Curve] run=2 frac=0.1 budget_n=500 est=4.51407e+07
  [FastestO Curve] run=2 frac=0.15 budget_n=500 est=6.02912e+07
  [FastestO Curve] run=2 frac=0.2 budget_n=500 est=5.17845e+07
  [FastestO Curve] run=2 frac=0.3 budget_n=500 est=5.12606e+07
  [FastestO Curve] run=2 frac=0.4 budget_n=500 est=6.52464e+07
  [FastestO Curve] run=2 frac=0.5 budget_n=500 est=6.15968e+07
  [FastestO Curve] run=2 frac=0.6 budget_n=500 est=3.85191e+07
  [FastestO Curve] run=2 frac=0.7 budget_n=500 est=4.59687e+07
  [FastestO Curve] run=2 frac=0.8 budget_n=500 est=7.53959e+07
  [FastestO Curve] run=2 frac=0.9 budget_n=500 est=6.49043e+07
  [FastestO Curve] run=3 frac=0.01 budget_n=500 est=7.59474e+07
  [FastestO Curve] run=3 frac=0.05 budget_n=500 est=8.63338e+07
  [FastestO Curve] run=3 frac=0.075 budget_n=500 est=7.78832e+07
  [FastestO Curve] run=3 frac=0.1 budget_n=500 est=8.59663e+07
  [FastestO Curve] run=3 frac=0.15 budget_n=500 est=4.86722e+07
  [FastestO Curve] run=3 frac=0.2 budget_n=500 est=1.03368e+08
  [FastestO Curve] run=3 frac=0.3 budget_n=500 est=9.0474e+07
  [FastestO Curve] run=3 frac=0.4 budget_n=500 est=8.28889e+07
  [FastestO Curve] run=3 frac=0.5 budget_n=500 est=4.37931e+07
  [FastestO Curve] run=3 frac=0.6 budget_n=500 est=8.03836e+07
  [FastestO Curve] run=3 frac=0.7 budget_n=500 est=8.68497e+07
  [FastestO Curve] run=3 frac=0.8 budget_n=500 est=3.8079e+07
  [FastestO Curve] run=3 frac=0.9 budget_n=500 est=4.58819e+07
  [FastestO Curve] run=4 frac=0.01 budget_n=500 est=8.64088e+07
  [FastestO Curve] run=4 frac=0.05 budget_n=500 est=9.41832e+07
  [FastestO Curve] run=4 frac=0.075 budget_n=500 est=9.96967e+07
  [FastestO Curve] run=4 frac=0.1 budget_n=500 est=9.07876e+07
  [FastestO Curve] run=4 frac=0.15 budget_n=500 est=6.3445e+07
  [FastestO Curve] run=4 frac=0.2 budget_n=500 est=6.86697e+07
  [FastestO Curve] run=4 frac=0.3 budget_n=500 est=8.86523e+07
  [FastestO Curve] run=4 frac=0.4 budget_n=500 est=4.19923e+07
  [FastestO Curve] run=4 frac=0.5 budget_n=500 est=6.41186e+07
  [FastestO Curve] run=4 frac=0.6 budget_n=500 est=5.76338e+07
  [FastestO Curve] run=4 frac=0.7 budget_n=500 est=1.0043e+08
  [FastestO Curve] run=4 frac=0.8 budget_n=500 est=9.28226e+07
  [FastestO Curve] run=4 frac=0.9 budget_n=500 est=4.79988e+07
  [FastestO Curve] run=5 frac=0.01 budget_n=500 est=1.07383e+08
  [FastestO Curve] run=5 frac=0.05 budget_n=500 est=4.4402e+07
  [FastestO Curve] run=5 frac=0.075 budget_n=500 est=7.26419e+07
  [FastestO Curve] run=5 frac=0.1 budget_n=500 est=6.37615e+07
  [FastestO Curve] run=5 frac=0.15 budget_n=500 est=6.59516e+07
  [FastestO Curve] run=5 frac=0.2 budget_n=500 est=6.53639e+07
  [FastestO Curve] run=5 frac=0.3 budget_n=500 est=8.08118e+07
  [FastestO Curve] run=5 frac=0.4 budget_n=500 est=3.6648e+07
  [FastestO Curve] run=5 frac=0.5 budget_n=500 est=7.80263e+07
  [FastestO Curve] run=5 frac=0.6 budget_n=500 est=1.1535e+08
  [FastestO Curve] run=5 frac=0.7 budget_n=500 est=5.01427e+07
  [FastestO Curve] run=5 frac=0.8 budget_n=500 est=8.8532e+07
  [FastestO Curve] run=5 frac=0.9 budget_n=500 est=1.16922e+08
  [Result] #CandTree           : 2.499e+05
  [Result] #TreeTrials         : 411
  [Result] #TreeSuccess        : 24
  [Result] #UniqueOracleNodes  : 500.0000
  [Result] Truth               : 236094.0000
  [Result] Est                 : 116922229.3431
  [Result] logQError           : 2.6948
  [Result] TreeCountTime       : 27.9682
  [Result] QueryTime           : 1.1975
/home/wangshuo/projects/PROXY/datasets/parler-E/query_graph/query_cycle_4_36.graph Finished!

Start Processing (Multi-Predicate) /home/wangshuo/projects/PROXY/datasets/parler-E/query_graph/query_cycle_4_37.graph
[Info] Using explicit query nodes for predicates: 0 2 
[Info] FOIS_nrs base budget not found, will rely strictly on Curve CSV.
[Info] Using user-specified root label 2 -> query node 2
  [FastestO Curve] run=1 frac=0.01 budget_n=500 est=8.2604e+07
  [FastestO Curve] run=1 frac=0.05 budget_n=500 est=9.07451e+07
  [FastestO Curve] run=1 frac=0.075 budget_n=500 est=6.69881e+07
  [FastestO Curve] run=1 frac=0.1 budget_n=500 est=6.38818e+07
  [FastestO Curve] run=1 frac=0.15 budget_n=500 est=5.93041e+07
  [FastestO Curve] run=1 frac=0.2 budget_n=500 est=9.51801e+07
  [FastestO Curve] run=1 frac=0.3 budget_n=500 est=7.17542e+07
  [FastestO Curve] run=1 frac=0.4 budget_n=500 est=1.16779e+08
  [FastestO Curve] run=1 frac=0.5 budget_n=500 est=1.02976e+08
  [FastestO Curve] run=1 frac=0.6 budget_n=500 est=6.15054e+07
  [FastestO Curve] run=1 frac=0.7 budget_n=500 est=8.49864e+07
  [FastestO Curve] run=1 frac=0.8 budget_n=500 est=7.6503e+07
  [FastestO Curve] run=1 frac=0.9 budget_n=500 est=6.81514e+07
  [FastestO Curve] run=2 frac=0.01 budget_n=500 est=2.52197e+07
  [FastestO Curve] run=2 frac=0.05 budget_n=500 est=8.45354e+07
  [FastestO Curve] run=2 frac=0.075 budget_n=500 est=8.37933e+07
  [FastestO Curve] run=2 frac=0.1 budget_n=500 est=1.03912e+08
  [FastestO Curve] run=2 frac=0.15 budget_n=500 est=7.6212e+07
  [FastestO Curve] run=2 frac=0.2 budget_n=500 est=9.71264e+07
  [FastestO Curve] run=2 frac=0.3 budget_n=500 est=1.34629e+08
  [FastestO Curve] run=2 frac=0.4 budget_n=500 est=6.75097e+07
  [FastestO Curve] run=2 frac=0.5 budget_n=500 est=6.61249e+07
  [FastestO Curve] run=2 frac=0.6 budget_n=500 est=7.64223e+07
  [FastestO Curve] run=2 frac=0.7 budget_n=500 est=1.11718e+08
  [FastestO Curve] run=2 frac=0.8 budget_n=500 est=5.37582e+07
  [FastestO Curve] run=2 frac=0.9 budget_n=500 est=4.29171e+07
  [FastestO Curve] run=3 frac=0.01 budget_n=500 est=9.20236e+07
  [FastestO Curve] run=3 frac=0.05 budget_n=500 est=5.53741e+07
  [FastestO Curve] run=3 frac=0.075 budget_n=500 est=6.51567e+07
  [FastestO Curve] run=3 frac=0.1 budget_n=500 est=9.17808e+07
  [FastestO Curve] run=3 frac=0.15 budget_n=500 est=7.29081e+07
  [FastestO Curve] run=3 frac=0.2 budget_n=500 est=6.64444e+07
  [FastestO Curve] run=3 frac=0.3 budget_n=500 est=7.32258e+07
  [FastestO Curve] run=3 frac=0.4 budget_n=500 est=6.63673e+07
  [FastestO Curve] run=3 frac=0.5 budget_n=500 est=1.00218e+08
  [FastestO Curve] run=3 frac=0.6 budget_n=500 est=5.02625e+07
  [FastestO Curve] run=3 frac=0.7 budget_n=500 est=6.52929e+07
  [FastestO Curve] run=3 frac=0.8 budget_n=500 est=8.24273e+07
  [FastestO Curve] run=3 frac=0.9 budget_n=500 est=5.01953e+07
  [FastestO Curve] run=4 frac=0.01 budget_n=500 est=5.04526e+07
  [FastestO Curve] run=4 frac=0.05 budget_n=500 est=5.18928e+07
  [FastestO Curve] run=4 frac=0.075 budget_n=500 est=8.91507e+07
  [FastestO Curve] run=4 frac=0.1 budget_n=500 est=7.30593e+07
  [FastestO Curve] run=4 frac=0.15 budget_n=500 est=3.50256e+07
  [FastestO Curve] run=4 frac=0.2 budget_n=500 est=4.20396e+07
  [FastestO Curve] run=4 frac=0.3 budget_n=500 est=5.72817e+07
  [FastestO Curve] run=4 frac=0.4 budget_n=500 est=7.9389e+07
  [FastestO Curve] run=4 frac=0.5 budget_n=500 est=6.79326e+07
  [FastestO Curve] run=4 frac=0.6 budget_n=500 est=4.00915e+07
  [FastestO Curve] run=4 frac=0.7 budget_n=500 est=6.98092e+07
  [FastestO Curve] run=4 frac=0.8 budget_n=500 est=6.98251e+07
  [FastestO Curve] run=4 frac=0.9 budget_n=500 est=6.06833e+07
  [FastestO Curve] run=5 frac=0.01 budget_n=500 est=9.96408e+07
  [FastestO Curve] run=5 frac=0.05 budget_n=500 est=3.9766e+07
  [FastestO Curve] run=5 frac=0.075 budget_n=500 est=6.74423e+07
  [FastestO Curve] run=5 frac=0.1 budget_n=500 est=1.04091e+08
  [FastestO Curve] run=5 frac=0.15 budget_n=500 est=8.10592e+07
  [FastestO Curve] run=5 frac=0.2 budget_n=500 est=4.72003e+07
  [FastestO Curve] run=5 frac=0.3 budget_n=500 est=4.20847e+07
  [FastestO Curve] run=5 frac=0.4 budget_n=500 est=2.40324e+07
  [FastestO Curve] run=5 frac=0.5 budget_n=500 est=7.62674e+07
  [FastestO Curve] run=5 frac=0.6 budget_n=500 est=6.48865e+07
  [FastestO Curve] run=5 frac=0.7 budget_n=500 est=9.1364e+07
  [FastestO Curve] run=5 frac=0.8 budget_n=500 est=6.07896e+07
  [FastestO Curve] run=5 frac=0.9 budget_n=500 est=6.45017e+07
  [Result] #CandTree           : 2.463e+05
  [Result] #TreeTrials         : 422
  [Result] #TreeSuccess        : 17
  [Result] #UniqueOracleNodes  : 500.0000
  [Result] Truth               : 246321.0000
  [Result] Est                 : 64501663.7559
  [Result] logQError           : 2.4181
  [Result] TreeCountTime       : 27.8861
  [Result] QueryTime           : 1.1257
/home/wangshuo/projects/PROXY/datasets/parler-E/query_graph/query_cycle_4_37.graph Finished!

Start Processing (Multi-Predicate) /home/wangshuo/projects/PROXY/datasets/parler-E/query_graph/query_cycle_4_38.graph
[Info] Using explicit query nodes for predicates: 2 3 
[Info] FOIS_nrs base budget not found, will rely strictly on Curve CSV.
[Info] Using user-specified root label 2 -> query node 2
  [FastestO Curve] run=1 frac=0.01 budget_n=500 est=6.82399e+07
  [FastestO Curve] run=1 frac=0.05 budget_n=500 est=6.27957e+07
  [FastestO Curve] run=1 frac=0.075 budget_n=500 est=4.73756e+07
  [FastestO Curve] run=1 frac=0.1 budget_n=500 est=2.26933e+07
  [FastestO Curve] run=1 frac=0.15 budget_n=500 est=7.66139e+07
  [FastestO Curve] run=1 frac=0.2 budget_n=500 est=4.06741e+07
  [FastestO Curve] run=1 frac=0.3 budget_n=500 est=8.55411e+07
  [FastestO Curve] run=1 frac=0.4 budget_n=500 est=6.93951e+07
  [FastestO Curve] run=1 frac=0.5 budget_n=500 est=4.39783e+07
  [FastestO Curve] run=1 frac=0.6 budget_n=500 est=4.88692e+07
  [FastestO Curve] run=1 frac=0.7 budget_n=500 est=5.53943e+07
  [FastestO Curve] run=1 frac=0.8 budget_n=500 est=5.62709e+07
  [FastestO Curve] run=1 frac=0.9 budget_n=500 est=5.71243e+07
  [FastestO Curve] run=2 frac=0.01 budget_n=500 est=4.47255e+07
  [FastestO Curve] run=2 frac=0.05 budget_n=500 est=5.80155e+07
  [FastestO Curve] run=2 frac=0.075 budget_n=500 est=5.63109e+07
  [FastestO Curve] run=2 frac=0.1 budget_n=500 est=4.1341e+07
  [FastestO Curve] run=2 frac=0.15 budget_n=500 est=4.66939e+07
  [FastestO Curve] run=2 frac=0.2 budget_n=500 est=6.70327e+07
  [FastestO Curve] run=2 frac=0.3 budget_n=500 est=3.58544e+07
  [FastestO Curve] run=2 frac=0.4 budget_n=500 est=4.04419e+07
  [FastestO Curve] run=2 frac=0.5 budget_n=500 est=4.36044e+07
  [FastestO Curve] run=2 frac=0.6 budget_n=500 est=7.51647e+07
  [FastestO Curve] run=2 frac=0.7 budget_n=500 est=7.51325e+07
  [FastestO Curve] run=2 frac=0.8 budget_n=500 est=5.02218e+07
  [FastestO Curve] run=2 frac=0.9 budget_n=500 est=4.80338e+07
  [FastestO Curve] run=3 frac=0.01 budget_n=500 est=7.17458e+07
  [FastestO Curve] run=3 frac=0.05 budget_n=500 est=5.99057e+07
  [FastestO Curve] run=3 frac=0.075 budget_n=500 est=4.99336e+07
  [FastestO Curve] run=3 frac=0.1 budget_n=500 est=4.96974e+07
  [FastestO Curve] run=3 frac=0.15 budget_n=500 est=4.16723e+07
  [FastestO Curve] run=3 frac=0.2 budget_n=500 est=5.34408e+07
  [FastestO Curve] run=3 frac=0.3 budget_n=500 est=5.86272e+07
  [FastestO Curve] run=3 frac=0.4 budget_n=500 est=5.35745e+07
  [FastestO Curve] run=3 frac=0.5 budget_n=500 est=6.22404e+07
  [FastestO Curve] run=3 frac=0.6 budget_n=500 est=6.0156e+07
  [FastestO Curve] run=3 frac=0.7 budget_n=500 est=6.10449e+07
  [FastestO Curve] run=3 frac=0.8 budget_n=500 est=7.09752e+07
  [FastestO Curve] run=3 frac=0.9 budget_n=500 est=4.42029e+07
  [FastestO Curve] run=4 frac=0.01 budget_n=500 est=6.69344e+07
  [FastestO Curve] run=4 frac=0.05 budget_n=500 est=3.59119e+07
  [FastestO Curve] run=4 frac=0.075 budget_n=500 est=5.18785e+07
  [FastestO Curve] run=4 frac=0.1 budget_n=500 est=5.83259e+07
  [FastestO Curve] run=4 frac=0.15 budget_n=500 est=6.86481e+07
  [FastestO Curve] run=4 frac=0.2 budget_n=500 est=6.44878e+07
  [FastestO Curve] run=4 frac=0.3 budget_n=500 est=4.53328e+07
  [FastestO Curve] run=4 frac=0.4 budget_n=500 est=6.07028e+07
  [FastestO Curve] run=4 frac=0.5 budget_n=500 est=5.55787e+07
  [FastestO Curve] run=4 frac=0.6 budget_n=500 est=6.01012e+07
  [FastestO Curve] run=4 frac=0.7 budget_n=500 est=4.48689e+07
  [FastestO Curve] run=4 frac=0.8 budget_n=500 est=4.76781e+07
  [FastestO Curve] run=4 frac=0.9 budget_n=500 est=2.50454e+07
  [FastestO Curve] run=5 frac=0.01 budget_n=500 est=6.85965e+07
  [FastestO Curve] run=5 frac=0.05 budget_n=500 est=4.31944e+07
  [FastestO Curve] run=5 frac=0.075 budget_n=500 est=8.41468e+07
  [FastestO Curve] run=5 frac=0.1 budget_n=500 est=3.44562e+07
  [FastestO Curve] run=5 frac=0.15 budget_n=500 est=4.44021e+07
  [FastestO Curve] run=5 frac=0.2 budget_n=500 est=3.93043e+07
  [FastestO Curve] run=5 frac=0.3 budget_n=500 est=6.61917e+07
  [FastestO Curve] run=5 frac=0.4 budget_n=500 est=3.48957e+07
  [FastestO Curve] run=5 frac=0.5 budget_n=500 est=3.13467e+07
  [FastestO Curve] run=5 frac=0.6 budget_n=500 est=7.14648e+07
  [FastestO Curve] run=5 frac=0.7 budget_n=500 est=5.16446e+07
  [FastestO Curve] run=5 frac=0.8 budget_n=500 est=8.79181e+07
  [FastestO Curve] run=5 frac=0.9 budget_n=500 est=4.36905e+07
  [Result] #CandTree           : 2.304e+05
  [Result] #TreeTrials         : 949
  [Result] #TreeSuccess        : 38
  [Result] #UniqueOracleNodes  : 500.0000
  [Result] Truth               : 230405.0000
  [Result] Est                 : 43690517.7766
  [Result] logQError           : 2.2779
  [Result] TreeCountTime       : 27.3843
  [Result] QueryTime           : 2.3629
/home/wangshuo/projects/PROXY/datasets/parler-E/query_graph/query_cycle_4_38.graph Finished!

Start Processing (Multi-Predicate) /home/wangshuo/projects/PROXY/datasets/parler-E/query_graph/query_cycle_4_39.graph
[Info] Using explicit query nodes for predicates: 1 2 
[Info] FOIS_nrs base budget not found, will rely strictly on Curve CSV.
[Info] Using user-specified root label 2 -> query node 1
  [FastestO Curve] run=1 frac=0.01 budget_n=500 est=6.06839e+07
  [FastestO Curve] run=1 frac=0.05 budget_n=500 est=3.41161e+07
  [FastestO Curve] run=1 frac=0.075 budget_n=500 est=4.95849e+07
  [FastestO Curve] run=1 frac=0.1 budget_n=500 est=3.43537e+07
  [FastestO Curve] run=1 frac=0.15 budget_n=500 est=7.02237e+07
  [FastestO Curve] run=1 frac=0.2 budget_n=500 est=4.03622e+07
  [FastestO Curve] run=1 frac=0.3 budget_n=500 est=4.34314e+07
  [FastestO Curve] run=1 frac=0.4 budget_n=500 est=3.43162e+07
  [FastestO Curve] run=1 frac=0.5 budget_n=500 est=3.21011e+07
  [FastestO Curve] run=1 frac=0.6 budget_n=500 est=5.78102e+07
  [FastestO Curve] run=1 frac=0.7 budget_n=500 est=5.09948e+07
  [FastestO Curve] run=1 frac=0.8 budget_n=500 est=2.80368e+07
  [FastestO Curve] run=1 frac=0.9 budget_n=500 est=4.95666e+07
  [FastestO Curve] run=2 frac=0.01 budget_n=500 est=6.97419e+07
  [FastestO Curve] run=2 frac=0.05 budget_n=500 est=5.01869e+07
  [FastestO Curve] run=2 frac=0.075 budget_n=500 est=4.34854e+07
  [FastestO Curve] run=2 frac=0.1 budget_n=500 est=4.1893e+07
  [FastestO Curve] run=2 frac=0.15 budget_n=500 est=5.07816e+07
  [FastestO Curve] run=2 frac=0.2 budget_n=500 est=4.46938e+07
  [FastestO Curve] run=2 frac=0.3 budget_n=500 est=2.99155e+07
  [FastestO Curve] run=2 frac=0.4 budget_n=500 est=3.39479e+07
  [FastestO Curve] run=2 frac=0.5 budget_n=500 est=3.13027e+07
  [FastestO Curve] run=2 frac=0.6 budget_n=500 est=4.89533e+07
  [FastestO Curve] run=2 frac=0.7 budget_n=500 est=3.59466e+07
  [FastestO Curve] run=2 frac=0.8 budget_n=500 est=4.82688e+07
  [FastestO Curve] run=2 frac=0.9 budget_n=500 est=5.0822e+07
  [FastestO Curve] run=3 frac=0.01 budget_n=500 est=3.84441e+07
  [FastestO Curve] run=3 frac=0.05 budget_n=500 est=3.84611e+07
  [FastestO Curve] run=3 frac=0.075 budget_n=500 est=1.81817e+07
  [FastestO Curve] run=3 frac=0.1 budget_n=500 est=5.60436e+07
  [FastestO Curve] run=3 frac=0.15 budget_n=500 est=4.96837e+07
  [FastestO Curve] run=3 frac=0.2 budget_n=500 est=4.90339e+07
  [FastestO Curve] run=3 frac=0.3 budget_n=500 est=3.25748e+07
  [FastestO Curve] run=3 frac=0.4 budget_n=500 est=5.11404e+07
  [FastestO Curve] run=3 frac=0.5 budget_n=500 est=1.915e+07
  [FastestO Curve] run=3 frac=0.6 budget_n=500 est=5.42422e+07
  [FastestO Curve] run=3 frac=0.7 budget_n=500 est=4.29775e+07
  [FastestO Curve] run=3 frac=0.8 budget_n=500 est=4.73131e+07
  [FastestO Curve] run=3 frac=0.9 budget_n=500 est=3.86005e+07
  [FastestO Curve] run=4 frac=0.01 budget_n=500 est=4.00688e+07
  [FastestO Curve] run=4 frac=0.05 budget_n=500 est=6.22353e+07
  [FastestO Curve] run=4 frac=0.075 budget_n=500 est=4.75917e+07
  [FastestO Curve] run=4 frac=0.1 budget_n=500 est=3.67317e+07
  [FastestO Curve] run=4 frac=0.15 budget_n=500 est=3.6496e+07
  [FastestO Curve] run=4 frac=0.2 budget_n=500 est=4.66057e+07
  [FastestO Curve] run=4 frac=0.3 budget_n=500 est=6.88724e+07
  [FastestO Curve] run=4 frac=0.4 budget_n=500 est=3.53699e+07
  [FastestO Curve] run=4 frac=0.5 budget_n=500 est=3.67764e+07
  [FastestO Curve] run=4 frac=0.6 budget_n=500 est=3.97172e+07
  [FastestO Curve] run=4 frac=0.7 budget_n=500 est=4.59182e+07
  [FastestO Curve] run=4 frac=0.8 budget_n=500 est=4.5956e+07
  [FastestO Curve] run=4 frac=0.9 budget_n=500 est=4.80021e+07
  [FastestO Curve] run=5 frac=0.01 budget_n=500 est=5.30707e+07
  [FastestO Curve] run=5 frac=0.05 budget_n=500 est=5.15149e+07
  [FastestO Curve] run=5 frac=0.075 budget_n=500 est=4.1831e+07
  [FastestO Curve] run=5 frac=0.1 budget_n=500 est=5.30638e+07
  [FastestO Curve] run=5 frac=0.15 budget_n=500 est=4.80718e+07
  [FastestO Curve] run=5 frac=0.2 budget_n=500 est=3.71864e+07
  [FastestO Curve] run=5 frac=0.3 budget_n=500 est=3.92158e+07
  [FastestO Curve] run=5 frac=0.4 budget_n=500 est=2.96895e+07
  [FastestO Curve] run=5 frac=0.5 budget_n=500 est=3.57709e+07
  [FastestO Curve] run=5 frac=0.6 budget_n=500 est=5.51932e+07
  [FastestO Curve] run=5 frac=0.7 budget_n=500 est=3.50625e+07
  [FastestO Curve] run=5 frac=0.8 budget_n=500 est=3.50365e+07
  [FastestO Curve] run=5 frac=0.9 budget_n=500 est=5.56191e+07
  [Result] #CandTree           : 2.272e+05
  [Result] #TreeTrials         : 991
  [Result] #TreeSuccess        : 41
  [Result] #UniqueOracleNodes  : 500.0000
  [Result] Truth               : 227174.0000
  [Result] Est                 : 55619118.1615
  [Result] logQError           : 2.3889
  [Result] TreeCountTime       : 27.6149
  [Result] QueryTime           : 2.6462
/home/wangshuo/projects/PROXY/datasets/parler-E/query_graph/query_cycle_4_39.graph Finished!

Start Processing (Multi-Predicate) /home/wangshuo/projects/PROXY/datasets/parler-E/query_graph/query_cycle_4_4.graph
[Info] Using explicit query nodes for predicates: 0 1 3 
[Info] FOIS_nrs base budget not found, will rely strictly on Curve CSV.
[Info] Using user-specified root label 2 -> query node 3
  [FastestO Curve] run=1 frac=0.01 budget_n=500 est=5782.17
  [FastestO Curve] run=1 frac=0.05 budget_n=500 est=8453.23
  [FastestO Curve] run=1 frac=0.075 budget_n=500 est=3321.5
  [FastestO Curve] run=1 frac=0.1 budget_n=500 est=5169.88
  [FastestO Curve] run=1 frac=0.15 budget_n=500 est=6928.82
  [FastestO Curve] run=1 frac=0.2 budget_n=500 est=8905.32
  [FastestO Curve] run=1 frac=0.3 budget_n=500 est=14690.3
  [FastestO Curve] run=1 frac=0.4 budget_n=500 est=8479.45
  [FastestO Curve] run=1 frac=0.5 budget_n=500 est=6018.71
  [FastestO Curve] run=1 frac=0.6 budget_n=500 est=7411.13
  [FastestO Curve] run=1 frac=0.7 budget_n=500 est=9054.78
  [FastestO Curve] run=1 frac=0.8 budget_n=500 est=24553
  [FastestO Curve] run=1 frac=0.9 budget_n=500 est=4990.15
  [FastestO Curve] run=2 frac=0.01 budget_n=500 est=7821.16
  [FastestO Curve] run=2 frac=0.05 budget_n=500 est=9601.18
  [FastestO Curve] run=2 frac=0.075 budget_n=500 est=12098.1
  [FastestO Curve] run=2 frac=0.1 budget_n=500 est=7312.5
  [FastestO Curve] run=2 frac=0.15 budget_n=500 est=7396.25
  [FastestO Curve] run=2 frac=0.2 budget_n=500 est=6099.06
  [FastestO Curve] run=2 frac=0.3 budget_n=500 est=6492.12
  [FastestO Curve] run=2 frac=0.4 budget_n=500 est=6471.58
  [FastestO Curve] run=2 frac=0.5 budget_n=500 est=21289.8
  [FastestO Curve] run=2 frac=0.6 budget_n=500 est=7710.43
  [FastestO Curve] run=2 frac=0.7 budget_n=500 est=1193.74
  [FastestO Curve] run=2 frac=0.8 budget_n=500 est=9277.37
  [FastestO Curve] run=2 frac=0.9 budget_n=500 est=4965.71
  [FastestO Curve] run=3 frac=0.01 budget_n=500 est=5242.79
  [FastestO Curve] run=3 frac=0.05 budget_n=500 est=3374.29
  [FastestO Curve] run=3 frac=0.075 budget_n=500 est=5221.16
  [FastestO Curve] run=3 frac=0.1 budget_n=500 est=18471.4
  [FastestO Curve] run=3 frac=0.15 budget_n=500 est=19672.9
  [FastestO Curve] run=3 frac=0.2 budget_n=500 est=8722.58
  [FastestO Curve] run=3 frac=0.3 budget_n=500 est=6977.73
  [FastestO Curve] run=3 frac=0.4 budget_n=500 est=4857.31
  [FastestO Curve] run=3 frac=0.5 budget_n=500 est=8725.87
  [FastestO Curve] run=3 frac=0.6 budget_n=500 est=8024.11
  [FastestO Curve] run=3 frac=0.7 budget_n=500 est=25643.3
  [FastestO Curve] run=3 frac=0.8 budget_n=500 est=7288.44
  [FastestO Curve] run=3 frac=0.9 budget_n=500 est=4892.28
  [FastestO Curve] run=4 frac=0.01 budget_n=500 est=6909.37
  [FastestO Curve] run=4 frac=0.05 budget_n=500 est=13212.7
  [FastestO Curve] run=4 frac=0.075 budget_n=500 est=5053.21
  [FastestO Curve] run=4 frac=0.1 budget_n=500 est=11245.6
  [FastestO Curve] run=4 frac=0.15 budget_n=500 est=5610.57
  [FastestO Curve] run=4 frac=0.2 budget_n=500 est=21045.5
  [FastestO Curve] run=4 frac=0.3 budget_n=500 est=6811.1
  [FastestO Curve] run=4 frac=0.4 budget_n=500 est=5491.2
  [FastestO Curve] run=4 frac=0.5 budget_n=500 est=13497.2
  [FastestO Curve] run=4 frac=0.6 budget_n=500 est=21029.7
  [FastestO Curve] run=4 frac=0.7 budget_n=500 est=19013
  [FastestO Curve] run=4 frac=0.8 budget_n=500 est=4588.57
  [FastestO Curve] run=4 frac=0.9 budget_n=500 est=6463.77
  [FastestO Curve] run=5 frac=0.01 budget_n=500 est=3536
  [FastestO Curve] run=5 frac=0.05 budget_n=500 est=6398.3
  [FastestO Curve] run=5 frac=0.075 budget_n=500 est=7430.94
  [FastestO Curve] run=5 frac=0.1 budget_n=500 est=13023
  [FastestO Curve] run=5 frac=0.15 budget_n=500 est=2994.09
  [FastestO Curve] run=5 frac=0.2 budget_n=500 est=4700.56
  [FastestO Curve] run=5 frac=0.3 budget_n=500 est=4042.13
  [FastestO Curve] run=5 frac=0.4 budget_n=500 est=2852.08
  [FastestO Curve] run=5 frac=0.5 budget_n=500 est=6283.36
  [FastestO Curve] run=5 frac=0.6 budget_n=500 est=7226.65
  [FastestO Curve] run=5 frac=0.7 budget_n=500 est=4142.07
  [FastestO Curve] run=5 frac=0.8 budget_n=500 est=8223.34
  [FastestO Curve] run=5 frac=0.9 budget_n=500 est=3942.2
  [Result] #CandTree           : 2288
  [Result] #TreeTrials         : 361
  [Result] #TreeSuccess        : 9
  [Result] #UniqueOracleNodes  : 500.0000
  [Result] Truth               : 2288.0000
  [Result] Est                 : 3942.2050
  [Result] logQError           : 0.2363
  [Result] TreeCountTime       : 11.2662
  [Result] QueryTime           : 0.4887
/home/wangshuo/projects/PROXY/datasets/parler-E/query_graph/query_cycle_4_4.graph Finished!

Start Processing (Multi-Predicate) /home/wangshuo/projects/PROXY/datasets/parler-E/query_graph/query_cycle_4_40.graph
[Info] Using explicit query nodes for predicates: 1 3 
[Info] FOIS_nrs base budget not found, will rely strictly on Curve CSV.
[Info] Using user-specified root label 2 -> query node 3
  [FastestO Curve] run=1 frac=0.01 budget_n=500 est=42076
  [FastestO Curve] run=1 frac=0.05 budget_n=500 est=106844
  [FastestO Curve] run=1 frac=0.075 budget_n=500 est=164111
  [FastestO Curve] run=1 frac=0.1 budget_n=500 est=76092.3
  [FastestO Curve] run=1 frac=0.15 budget_n=500 est=68242.4
  [FastestO Curve] run=1 frac=0.2 budget_n=500 est=37780.2
  [FastestO Curve] run=1 frac=0.3 budget_n=500 est=50926.7
  [FastestO Curve] run=1 frac=0.4 budget_n=500 est=30000.2
  [FastestO Curve] run=1 frac=0.5 budget_n=500 est=65973.8
  [FastestO Curve] run=1 frac=0.6 budget_n=500 est=44930.5
  [FastestO Curve] run=1 frac=0.7 budget_n=500 est=380190
  [FastestO Curve] run=1 frac=0.8 budget_n=500 est=40376
  [FastestO Curve] run=1 frac=0.9 budget_n=500 est=139507
  [FastestO Curve] run=2 frac=0.01 budget_n=500 est=64004.8
  [FastestO Curve] run=2 frac=0.05 budget_n=500 est=46361.4
  [FastestO Curve] run=2 frac=0.075 budget_n=500 est=19016.1
  [FastestO Curve] run=2 frac=0.1 budget_n=500 est=98109.2
  [FastestO Curve] run=2 frac=0.15 budget_n=500 est=83172.7
  [FastestO Curve] run=2 frac=0.2 budget_n=500 est=114309
  [FastestO Curve] run=2 frac=0.3 budget_n=500 est=68471.4
  [FastestO Curve] run=2 frac=0.4 budget_n=500 est=5462.91
  [FastestO Curve] run=2 frac=0.5 budget_n=500 est=47815.7
  [FastestO Curve] run=2 frac=0.6 budget_n=500 est=7840.25
  [FastestO Curve] run=2 frac=0.7 budget_n=500 est=53071
  [FastestO Curve] run=2 frac=0.8 budget_n=500 est=159718
  [FastestO Curve] run=2 frac=0.9 budget_n=500 est=71852.8
  [FastestO Curve] run=3 frac=0.01 budget_n=500 est=25628.2
  [FastestO Curve] run=3 frac=0.05 budget_n=500 est=109479
  [FastestO Curve] run=3 frac=0.075 budget_n=500 est=47104.3
  [FastestO Curve] run=3 frac=0.1 budget_n=500 est=39816.9
  [FastestO Curve] run=3 frac=0.15 budget_n=500 est=54924.3
  [FastestO Curve] run=3 frac=0.2 budget_n=500 est=62147.4
  [FastestO Curve] run=3 frac=0.3 budget_n=500 est=69006.6
  [FastestO Curve] run=3 frac=0.4 budget_n=500 est=34826
  [FastestO Curve] run=3 frac=0.5 budget_n=500 est=50335.3
  [FastestO Curve] run=3 frac=0.6 budget_n=500 est=61023.2
  [FastestO Curve] run=3 frac=0.7 budget_n=500 est=48882.5
  [FastestO Curve] run=3 frac=0.8 budget_n=500 est=68945.8
  [FastestO Curve] run=3 frac=0.9 budget_n=500 est=62971.1
  [FastestO Curve] run=4 frac=0.01 budget_n=500 est=57395.1
  [FastestO Curve] run=4 frac=0.05 budget_n=500 est=71938.3
  [FastestO Curve] run=4 frac=0.075 budget_n=500 est=70924.6
  [FastestO Curve] run=4 frac=0.1 budget_n=500 est=41291.7
  [FastestO Curve] run=4 frac=0.15 budget_n=500 est=54890.7
  [FastestO Curve] run=4 frac=0.2 budget_n=500 est=184390
  [FastestO Curve] run=4 frac=0.3 budget_n=500 est=43469
  [FastestO Curve] run=4 frac=0.4 budget_n=500 est=94001.3
  [FastestO Curve] run=4 frac=0.5 budget_n=500 est=145071
  [FastestO Curve] run=4 frac=0.6 budget_n=500 est=35500.1
  [FastestO Curve] run=4 frac=0.7 budget_n=500 est=53075.5
  [FastestO Curve] run=4 frac=0.8 budget_n=500 est=52340.5
  [FastestO Curve] run=4 frac=0.9 budget_n=500 est=33733.9
  [FastestO Curve] run=5 frac=0.01 budget_n=500 est=194440
  [FastestO Curve] run=5 frac=0.05 budget_n=500 est=38300.7
  [FastestO Curve] run=5 frac=0.075 budget_n=500 est=63049.4
  [FastestO Curve] run=5 frac=0.1 budget_n=500 est=34586.3
  [FastestO Curve] run=5 frac=0.15 budget_n=500 est=82919.8
  [FastestO Curve] run=5 frac=0.2 budget_n=500 est=29229.3
  [FastestO Curve] run=5 frac=0.3 budget_n=500 est=80015.2
  [FastestO Curve] run=5 frac=0.4 budget_n=500 est=24332.6
  [FastestO Curve] run=5 frac=0.5 budget_n=500 est=78240.6
  [FastestO Curve] run=5 frac=0.6 budget_n=500 est=59585.3
  [FastestO Curve] run=5 frac=0.7 budget_n=500 est=24059.9
  [FastestO Curve] run=5 frac=0.8 budget_n=500 est=50452.7
  [FastestO Curve] run=5 frac=0.9 budget_n=500 est=4367.26
  [Result] #CandTree           : 2158
  [Result] #TreeTrials         : 421
  [Result] #TreeSuccess        : 11
  [Result] #UniqueOracleNodes  : 500.0000
  [Result] Truth               : 2158.0000
  [Result] Est                 : 4367.2589
  [Result] logQError           : 0.3062
  [Result] TreeCountTime       : 3.8498
  [Result] QueryTime           : 0.5184
/home/wangshuo/projects/PROXY/datasets/parler-E/query_graph/query_cycle_4_40.graph Finished!

Start Processing (Multi-Predicate) /home/wangshuo/projects/PROXY/datasets/parler-E/query_graph/query_cycle_4_41.graph
[Info] Using explicit query nodes for predicates: 0 2 3 
[Info] FOIS_nrs base budget not found, will rely strictly on Curve CSV.
[Info] Using user-specified root label 2 -> query node 3
  [FastestO Curve] run=1 frac=0.01 budget_n=500 est=3.68368e+06
  [FastestO Curve] run=1 frac=0.05 budget_n=500 est=1.40414e+06
  [FastestO Curve] run=1 frac=0.075 budget_n=500 est=1.50637e+06
  [FastestO Curve] run=1 frac=0.1 budget_n=500 est=1.57888e+06
  [FastestO Curve] run=1 frac=0.15 budget_n=500 est=2.92163e+06
  [FastestO Curve] run=1 frac=0.2 budget_n=500 est=1.94319e+06
  [FastestO Curve] run=1 frac=0.3 budget_n=500 est=1.40235e+06
  [FastestO Curve] run=1 frac=0.4 budget_n=500 est=1.7052e+06
  [FastestO Curve] run=1 frac=0.5 budget_n=500 est=5.42803e+06
  [FastestO Curve] run=1 frac=0.6 budget_n=500 est=1.11559e+06
  [FastestO Curve] run=1 frac=0.7 budget_n=500 est=2.60723e+06
  [FastestO Curve] run=1 frac=0.8 budget_n=500 est=1.16218e+07
  [FastestO Curve] run=1 frac=0.9 budget_n=500 est=3.30167e+06
  [FastestO Curve] run=2 frac=0.01 budget_n=500 est=2.48771e+06
  [FastestO Curve] run=2 frac=0.05 budget_n=500 est=8.88276e+06
  [FastestO Curve] run=2 frac=0.075 budget_n=500 est=2.16695e+06
  [FastestO Curve] run=2 frac=0.1 budget_n=500 est=2.87123e+06
  [FastestO Curve] run=2 frac=0.15 budget_n=500 est=2.86961e+06
  [FastestO Curve] run=2 frac=0.2 budget_n=500 est=2.7675e+06
  [FastestO Curve] run=2 frac=0.3 budget_n=500 est=2.44781e+06
  [FastestO Curve] run=2 frac=0.4 budget_n=500 est=3.12044e+06
  [FastestO Curve] run=2 frac=0.5 budget_n=500 est=2.94615e+06
  [FastestO Curve] run=2 frac=0.6 budget_n=500 est=943935
  [FastestO Curve] run=2 frac=0.7 budget_n=500 est=712840
  [FastestO Curve] run=2 frac=0.8 budget_n=500 est=1.02289e+06
  [FastestO Curve] run=2 frac=0.9 budget_n=500 est=6.68077e+06
  [FastestO Curve] run=3 frac=0.01 budget_n=500 est=1.89672e+06
  [FastestO Curve] run=3 frac=0.05 budget_n=500 est=1.27361e+06
  [FastestO Curve] run=3 frac=0.075 budget_n=500 est=1.079e+07
  [FastestO Curve] run=3 frac=0.1 budget_n=500 est=1.94491e+06
  [FastestO Curve] run=3 frac=0.15 budget_n=500 est=2.17661e+06
  [FastestO Curve] run=3 frac=0.2 budget_n=500 est=510447
  [FastestO Curve] run=3 frac=0.3 budget_n=500 est=835110
  [FastestO Curve] run=3 frac=0.4 budget_n=500 est=1.35139e+06
  [FastestO Curve] run=3 frac=0.5 budget_n=500 est=2.64633e+06
  [FastestO Curve] run=3 frac=0.6 budget_n=500 est=8.60487e+06
  [FastestO Curve] run=3 frac=0.7 budget_n=500 est=3.13085e+06
  [FastestO Curve] run=3 frac=0.8 budget_n=500 est=5.44809e+06
  [FastestO Curve] run=3 frac=0.9 budget_n=500 est=3.33427e+06
  [FastestO Curve] run=4 frac=0.01 budget_n=500 est=1.82775e+06
  [FastestO Curve] run=4 frac=0.05 budget_n=500 est=2.46122e+06
  [FastestO Curve] run=4 frac=0.075 budget_n=500 est=1.11255e+07
  [FastestO Curve] run=4 frac=0.1 budget_n=500 est=2.52367e+06
  [FastestO Curve] run=4 frac=0.15 budget_n=500 est=1.15212e+06
  [FastestO Curve] run=4 frac=0.2 budget_n=500 est=8.34466e+06
  [FastestO Curve] run=4 frac=0.3 budget_n=500 est=4.19663e+06
  [FastestO Curve] run=4 frac=0.4 budget_n=500 est=565640
  [FastestO Curve] run=4 frac=0.5 budget_n=500 est=1.81279e+06
  [FastestO Curve] run=4 frac=0.6 budget_n=500 est=2.03454e+06
  [FastestO Curve] run=4 frac=0.7 budget_n=500 est=1.61387e+06
  [FastestO Curve] run=4 frac=0.8 budget_n=500 est=2.82339e+06
  [FastestO Curve] run=4 frac=0.9 budget_n=500 est=2.13259e+06
  [FastestO Curve] run=5 frac=0.01 budget_n=500 est=1.26146e+06
  [FastestO Curve] run=5 frac=0.05 budget_n=500 est=1.22823e+06
  [FastestO Curve] run=5 frac=0.075 budget_n=500 est=7.33316e+06
  [FastestO Curve] run=5 frac=0.1 budget_n=500 est=613503
  [FastestO Curve] run=5 frac=0.15 budget_n=500 est=1.59621e+06
  [FastestO Curve] run=5 frac=0.2 budget_n=500 est=1.90759e+06
  [FastestO Curve] run=5 frac=0.3 budget_n=500 est=1.4271e+06
  [FastestO Curve] run=5 frac=0.4 budget_n=500 est=3.08856e+06
  [FastestO Curve] run=5 frac=0.5 budget_n=500 est=2.87999e+06
  [FastestO Curve] run=5 frac=0.6 budget_n=500 est=3.71145e+06
  [FastestO Curve] run=5 frac=0.7 budget_n=500 est=2.65893e+06
  [FastestO Curve] run=5 frac=0.8 budget_n=500 est=3.0585e+06
  [FastestO Curve] run=5 frac=0.9 budget_n=500 est=3.46889e+06
  [Result] #CandTree           : 3.987e+05
  [Result] #TreeTrials         : 287
  [Result] #TreeSuccess        : 16
  [Result] #UniqueOracleNodes  : 500.0000
  [Result] Truth               : 383586.0000
  [Result] Est                 : 3468889.8223
  [Result] logQError           : 0.9563
  [Result] TreeCountTime       : 16.7698
  [Result] QueryTime           : 0.6136
/home/wangshuo/projects/PROXY/datasets/parler-E/query_graph/query_cycle_4_41.graph Finished!

Start Processing (Multi-Predicate) /home/wangshuo/projects/PROXY/datasets/parler-E/query_graph/query_cycle_4_42.graph
[Info] Using explicit query nodes for predicates: 2 3 
[Info] FOIS_nrs base budget not found, will rely strictly on Curve CSV.
[Info] Using user-specified root label 2 -> query node 2
  [FastestO Curve] run=1 frac=0.01 budget_n=500 est=7.14917e+07
  [FastestO Curve] run=1 frac=0.05 budget_n=500 est=1.01532e+08
  [FastestO Curve] run=1 frac=0.075 budget_n=500 est=5.91037e+07
  [FastestO Curve] run=1 frac=0.1 budget_n=500 est=6.45127e+07
  [FastestO Curve] run=1 frac=0.15 budget_n=500 est=9.17706e+07
  [FastestO Curve] run=1 frac=0.2 budget_n=500 est=6.43229e+07
  [FastestO Curve] run=1 frac=0.3 budget_n=500 est=6.84948e+07
  [FastestO Curve] run=1 frac=0.4 budget_n=500 est=7.59686e+07
  [FastestO Curve] run=1 frac=0.5 budget_n=500 est=7.4865e+07
  [FastestO Curve] run=1 frac=0.6 budget_n=500 est=6.15887e+07
  [FastestO Curve] run=1 frac=0.7 budget_n=500 est=8.12004e+07
  [FastestO Curve] run=1 frac=0.8 budget_n=500 est=4.70029e+07
  [FastestO Curve] run=1 frac=0.9 budget_n=500 est=6.64036e+07
  [FastestO Curve] run=2 frac=0.01 budget_n=500 est=7.65309e+07
  [FastestO Curve] run=2 frac=0.05 budget_n=500 est=6.37015e+07
  [FastestO Curve] run=2 frac=0.075 budget_n=500 est=5.19072e+07
  [FastestO Curve] run=2 frac=0.1 budget_n=500 est=9.12332e+07
  [FastestO Curve] run=2 frac=0.15 budget_n=500 est=5.72202e+07
  [FastestO Curve] run=2 frac=0.2 budget_n=500 est=6.09313e+07
  [FastestO Curve] run=2 frac=0.3 budget_n=500 est=7.161e+07
  [FastestO Curve] run=2 frac=0.4 budget_n=500 est=6.77728e+07
  [FastestO Curve] run=2 frac=0.5 budget_n=500 est=6.35432e+07
  [FastestO Curve] run=2 frac=0.6 budget_n=500 est=7.82697e+07
  [FastestO Curve] run=2 frac=0.7 budget_n=500 est=7.93614e+07
  [FastestO Curve] run=2 frac=0.8 budget_n=500 est=7.86674e+07
  [FastestO Curve] run=2 frac=0.9 budget_n=500 est=5.36386e+07
  [FastestO Curve] run=3 frac=0.01 budget_n=500 est=6.40697e+07
  [FastestO Curve] run=3 frac=0.05 budget_n=500 est=8.74919e+07
  [FastestO Curve] run=3 frac=0.075 budget_n=500 est=8.07499e+07
  [FastestO Curve] run=3 frac=0.1 budget_n=500 est=7.77689e+07
  [FastestO Curve] run=3 frac=0.15 budget_n=500 est=7.63542e+07
  [FastestO Curve] run=3 frac=0.2 budget_n=500 est=7.92852e+07
  [FastestO Curve] run=3 frac=0.3 budget_n=500 est=6.93307e+07
  [FastestO Curve] run=3 frac=0.4 budget_n=500 est=8.53992e+07
  [FastestO Curve] run=3 frac=0.5 budget_n=500 est=1.00146e+08
  [FastestO Curve] run=3 frac=0.6 budget_n=500 est=8.54282e+07
  [FastestO Curve] run=3 frac=0.7 budget_n=500 est=7.91129e+07
  [FastestO Curve] run=3 frac=0.8 budget_n=500 est=5.23289e+07
  [FastestO Curve] run=3 frac=0.9 budget_n=500 est=7.22619e+07
  [FastestO Curve] run=4 frac=0.01 budget_n=500 est=7.96365e+07
  [FastestO Curve] run=4 frac=0.05 budget_n=500 est=6.7696e+07
  [FastestO Curve] run=4 frac=0.075 budget_n=500 est=4.05989e+07
  [FastestO Curve] run=4 frac=0.1 budget_n=500 est=4.77593e+07
  [FastestO Curve] run=4 frac=0.15 budget_n=500 est=8.44316e+07
  [FastestO Curve] run=4 frac=0.2 budget_n=500 est=6.86402e+07
  [FastestO Curve] run=4 frac=0.3 budget_n=500 est=7.13276e+07
  [FastestO Curve] run=4 frac=0.4 budget_n=500 est=8.41108e+07
  [FastestO Curve] run=4 frac=0.5 budget_n=500 est=8.12115e+07
  [FastestO Curve] run=4 frac=0.6 budget_n=500 est=5.77134e+07
  [FastestO Curve] run=4 frac=0.7 budget_n=500 est=4.96957e+07
  [FastestO Curve] run=4 frac=0.8 budget_n=500 est=9.06267e+07
  [FastestO Curve] run=4 frac=0.9 budget_n=500 est=7.49625e+07
  [FastestO Curve] run=5 frac=0.01 budget_n=500 est=9.35511e+07
  [FastestO Curve] run=5 frac=0.05 budget_n=500 est=7.44552e+07
  [FastestO Curve] run=5 frac=0.075 budget_n=500 est=4.42795e+07
  [FastestO Curve] run=5 frac=0.1 budget_n=500 est=8.06864e+07
  [FastestO Curve] run=5 frac=0.15 budget_n=500 est=6.64455e+07
  [FastestO Curve] run=5 frac=0.2 budget_n=500 est=6.33464e+07
  [FastestO Curve] run=5 frac=0.3 budget_n=500 est=8.5844e+07
  [FastestO Curve] run=5 frac=0.4 budget_n=500 est=6.03479e+07
  [FastestO Curve] run=5 frac=0.5 budget_n=500 est=6.50807e+07
  [FastestO Curve] run=5 frac=0.6 budget_n=500 est=9.00078e+07
  [FastestO Curve] run=5 frac=0.7 budget_n=500 est=6.6946e+07
  [FastestO Curve] run=5 frac=0.8 budget_n=500 est=5.64166e+07
  [FastestO Curve] run=5 frac=0.9 budget_n=500 est=8.35018e+07
  [Result] #CandTree           : 2.238e+05
  [Result] #TreeTrials         : 1019
  [Result] #TreeSuccess        : 49
  [Result] #UniqueOracleNodes  : 500.0000
  [Result] Truth               : 223780.0000
  [Result] Est                 : 83501783.0815
  [Result] logQError           : 2.5719
  [Result] TreeCountTime       : 24.7364
  [Result] QueryTime           : 1.9641
/home/wangshuo/projects/PROXY/datasets/parler-E/query_graph/query_cycle_4_42.graph Finished!

Start Processing (Multi-Predicate) /home/wangshuo/projects/PROXY/datasets/parler-E/query_graph/query_cycle_4_43.graph
[Info] Using explicit query nodes for predicates: 0 1 2 
[Info] FOIS_nrs base budget not found, will rely strictly on Curve CSV.
[Info] Using user-specified root label 2 -> query node 1
  [FastestO Curve] run=1 frac=0.01 budget_n=500 est=5.23441e+07
  [FastestO Curve] run=1 frac=0.05 budget_n=500 est=2.18256e+07
  [FastestO Curve] run=1 frac=0.075 budget_n=500 est=4.44605e+07
  [FastestO Curve] run=1 frac=0.1 budget_n=500 est=4.09549e+07
  [FastestO Curve] run=1 frac=0.15 budget_n=500 est=5.35178e+07
  [FastestO Curve] run=1 frac=0.2 budget_n=500 est=3.42567e+07
  [FastestO Curve] run=1 frac=0.3 budget_n=500 est=4.86643e+07
  [FastestO Curve] run=1 frac=0.4 budget_n=500 est=6.98411e+07
  [FastestO Curve] run=1 frac=0.5 budget_n=500 est=3.14917e+07
  [FastestO Curve] run=1 frac=0.6 budget_n=500 est=1.70143e+07
  [FastestO Curve] run=1 frac=0.7 budget_n=500 est=4.37901e+07
  [FastestO Curve] run=1 frac=0.8 budget_n=500 est=8.90748e+06
  [FastestO Curve] run=1 frac=0.9 budget_n=500 est=4.66359e+07
  [FastestO Curve] run=2 frac=0.01 budget_n=500 est=1.25933e+07
  [FastestO Curve] run=2 frac=0.05 budget_n=500 est=4.02574e+07
  [FastestO Curve] run=2 frac=0.075 budget_n=500 est=2.75418e+07
  [FastestO Curve] run=2 frac=0.1 budget_n=500 est=2.36236e+07
  [FastestO Curve] run=2 frac=0.15 budget_n=500 est=4.02396e+07
  [FastestO Curve] run=2 frac=0.2 budget_n=500 est=2.83072e+07
  [FastestO Curve] run=2 frac=0.3 budget_n=500 est=6.91426e+07
  [FastestO Curve] run=2 frac=0.4 budget_n=500 est=5.07399e+07
  [FastestO Curve] run=2 frac=0.5 budget_n=500 est=5.49941e+07
  [FastestO Curve] run=2 frac=0.6 budget_n=500 est=4.69835e+07
  [FastestO Curve] run=2 frac=0.7 budget_n=500 est=8.2114e+06
  [FastestO Curve] run=2 frac=0.8 budget_n=500 est=2.13505e+07
  [FastestO Curve] run=2 frac=0.9 budget_n=500 est=8.64682e+06
  [FastestO Curve] run=3 frac=0.01 budget_n=500 est=3.10935e+07
  [FastestO Curve] run=3 frac=0.05 budget_n=500 est=2.41269e+07
  [FastestO Curve] run=3 frac=0.075 budget_n=500 est=5.56752e+07
  [FastestO Curve] run=3 frac=0.1 budget_n=500 est=4.05842e+07
  [FastestO Curve] run=3 frac=0.15 budget_n=500 est=5.75771e+07
  [FastestO Curve] run=3 frac=0.2 budget_n=500 est=2.62369e+07
  [FastestO Curve] run=3 frac=0.3 budget_n=500 est=3.44974e+07
  [FastestO Curve] run=3 frac=0.4 budget_n=500 est=4.31741e+07
  [FastestO Curve] run=3 frac=0.5 budget_n=500 est=5.27954e+07
  [FastestO Curve] run=3 frac=0.6 budget_n=500 est=2.28602e+07
  [FastestO Curve] run=3 frac=0.7 budget_n=500 est=2.74926e+07
  [FastestO Curve] run=3 frac=0.8 budget_n=500 est=1.09895e+07
  [FastestO Curve] run=3 frac=0.9 budget_n=500 est=3.28417e+07
  [FastestO Curve] run=4 frac=0.01 budget_n=500 est=3.91686e+07
  [FastestO Curve] run=4 frac=0.05 budget_n=500 est=2.45705e+07
  [FastestO Curve] run=4 frac=0.075 budget_n=500 est=4.2366e+07
  [FastestO Curve] run=4 frac=0.1 budget_n=500 est=2.25562e+07
  [FastestO Curve] run=4 frac=0.15 budget_n=500 est=2.22743e+07
  [FastestO Curve] run=4 frac=0.2 budget_n=500 est=9.19125e+06
  [FastestO Curve] run=4 frac=0.3 budget_n=500 est=5.41788e+07
  [FastestO Curve] run=4 frac=0.4 budget_n=500 est=2.15887e+07
  [FastestO Curve] run=4 frac=0.5 budget_n=500 est=4.95762e+07
  [FastestO Curve] run=4 frac=0.6 budget_n=500 est=2.94341e+07
  [FastestO Curve] run=4 frac=0.7 budget_n=500 est=2.13417e+07
  [FastestO Curve] run=4 frac=0.8 budget_n=500 est=1.13527e+07
  [FastestO Curve] run=4 frac=0.9 budget_n=500 est=1.44035e+07
  [FastestO Curve] run=5 frac=0.01 budget_n=500 est=2.39455e+07
  [FastestO Curve] run=5 frac=0.05 budget_n=500 est=3.95369e+07
  [FastestO Curve] run=5 frac=0.075 budget_n=500 est=8.94063e+07
  [FastestO Curve] run=5 frac=0.1 budget_n=500 est=2.32748e+07
  [FastestO Curve] run=5 frac=0.15 budget_n=500 est=4.20971e+07
  [FastestO Curve] run=5 frac=0.2 budget_n=500 est=4.28551e+07
  [FastestO Curve] run=5 frac=0.3 budget_n=500 est=3.83997e+07
  [FastestO Curve] run=5 frac=0.4 budget_n=500 est=3.95866e+07
  [FastestO Curve] run=5 frac=0.5 budget_n=500 est=3.85645e+07
  [FastestO Curve] run=5 frac=0.6 budget_n=500 est=3.11691e+07
  [FastestO Curve] run=5 frac=0.7 budget_n=500 est=3.32553e+07
  [FastestO Curve] run=5 frac=0.8 budget_n=500 est=2.42253e+07
  [FastestO Curve] run=5 frac=0.9 budget_n=500 est=6.30674e+07
  [Result] #CandTree           : 2.485e+05
  [Result] #TreeTrials         : 419
  [Result] #TreeSuccess        : 11
  [Result] #UniqueOracleNodes  : 500.0000
  [Result] Truth               : 232609.0000
  [Result] Est                 : 63067393.6277
  [Result] logQError           : 2.4332
  [Result] TreeCountTime       : 26.7609
  [Result] QueryTime           : 1.1838
/home/wangshuo/projects/PROXY/datasets/parler-E/query_graph/query_cycle_4_43.graph Finished!

Start Processing (Multi-Predicate) /home/wangshuo/projects/PROXY/datasets/parler-E/query_graph/query_cycle_4_44.graph
[Info] Using explicit query nodes for predicates: 0 3 
[Info] FOIS_nrs base budget not found, will rely strictly on Curve CSV.
[Info] Using user-specified root label 2 -> query node 3
  [FastestO Curve] run=1 frac=0.01 budget_n=500 est=938081
  [FastestO Curve] run=1 frac=0.05 budget_n=500 est=2.03381e+06
  [FastestO Curve] run=1 frac=0.075 budget_n=500 est=106355
  [FastestO Curve] run=1 frac=0.1 budget_n=500 est=1.26437e+06
  [FastestO Curve] run=1 frac=0.15 budget_n=500 est=753848
  [FastestO Curve] run=1 frac=0.2 budget_n=500 est=1.05111e+06
  [FastestO Curve] run=1 frac=0.3 budget_n=500 est=1.33696e+06
  [FastestO Curve] run=1 frac=0.4 budget_n=500 est=4.31198e+06
  [FastestO Curve] run=1 frac=0.5 budget_n=500 est=2.25311e+06
  [FastestO Curve] run=1 frac=0.6 budget_n=500 est=2.89431e+06
  [FastestO Curve] run=1 frac=0.7 budget_n=500 est=576785
  [FastestO Curve] run=1 frac=0.8 budget_n=500 est=996583
  [FastestO Curve] run=1 frac=0.9 budget_n=500 est=6.53807e+06
  [FastestO Curve] run=2 frac=0.01 budget_n=500 est=2.99529e+06
  [FastestO Curve] run=2 frac=0.05 budget_n=500 est=2.81189e+06
  [FastestO Curve] run=2 frac=0.075 budget_n=500 est=4.21755e+06
  [FastestO Curve] run=2 frac=0.1 budget_n=500 est=219884
  [FastestO Curve] run=2 frac=0.15 budget_n=500 est=475662
  [FastestO Curve] run=2 frac=0.2 budget_n=500 est=727367
  [FastestO Curve] run=2 frac=0.3 budget_n=500 est=536615
  [FastestO Curve] run=2 frac=0.4 budget_n=500 est=1.22764e+06
  [FastestO Curve] run=2 frac=0.5 budget_n=500 est=3.02017e+06
  [FastestO Curve] run=2 frac=0.6 budget_n=500 est=12011.9
  [FastestO Curve] run=2 frac=0.7 budget_n=500 est=5.01577e+06
  [FastestO Curve] run=2 frac=0.8 budget_n=500 est=5.45861e+06
  [FastestO Curve] run=2 frac=0.9 budget_n=500 est=1.21172e+06
  [FastestO Curve] run=3 frac=0.01 budget_n=500 est=2.51307e+06
  [FastestO Curve] run=3 frac=0.05 budget_n=500 est=255164
  [FastestO Curve] run=3 frac=0.075 budget_n=500 est=960114
  [FastestO Curve] run=3 frac=0.1 budget_n=500 est=1.25029e+06
  [FastestO Curve] run=3 frac=0.15 budget_n=500 est=4.98285e+06
  [FastestO Curve] run=3 frac=0.2 budget_n=500 est=610813
  [FastestO Curve] run=3 frac=0.3 budget_n=500 est=1.90218e+06
  [FastestO Curve] run=3 frac=0.4 budget_n=500 est=3.08182e+06
  [FastestO Curve] run=3 frac=0.5 budget_n=500 est=1.93323e+06
  [FastestO Curve] run=3 frac=0.6 budget_n=500 est=3.10395e+06
  [FastestO Curve] run=3 frac=0.7 budget_n=500 est=1.91823e+06
  [FastestO Curve] run=3 frac=0.8 budget_n=500 est=161091
  [FastestO Curve] run=3 frac=0.9 budget_n=500 est=1.00075e+06
  [FastestO Curve] run=4 frac=0.01 budget_n=500 est=1.20806e+06
  [FastestO Curve] run=4 frac=0.05 budget_n=500 est=1.48602e+06
  [FastestO Curve] run=4 frac=0.075 budget_n=500 est=292905
  [FastestO Curve] run=4 frac=0.1 budget_n=500 est=1.08946e+06
  [FastestO Curve] run=4 frac=0.15 budget_n=500 est=451845
  [FastestO Curve] run=4 frac=0.2 budget_n=500 est=945687
  [FastestO Curve] run=4 frac=0.3 budget_n=500 est=2.17221e+06
  [FastestO Curve] run=4 frac=0.4 budget_n=500 est=500595
  [FastestO Curve] run=4 frac=0.5 budget_n=500 est=86519.5
  [FastestO Curve] run=4 frac=0.6 budget_n=500 est=93669
  [FastestO Curve] run=4 frac=0.7 budget_n=500 est=4.74774e+06
  [FastestO Curve] run=4 frac=0.8 budget_n=500 est=301924
  [FastestO Curve] run=4 frac=0.9 budget_n=500 est=1.39338e+06
  [FastestO Curve] run=5 frac=0.01 budget_n=500 est=573075
  [FastestO Curve] run=5 frac=0.05 budget_n=500 est=1.31669e+07
  [FastestO Curve] run=5 frac=0.075 budget_n=500 est=1.88586e+06
  [FastestO Curve] run=5 frac=0.1 budget_n=500 est=216033
  [FastestO Curve] run=5 frac=0.15 budget_n=500 est=65373
  [FastestO Curve] run=5 frac=0.2 budget_n=500 est=1.92511e+06
  [FastestO Curve] run=5 frac=0.3 budget_n=500 est=1.36256e+06
  [FastestO Curve] run=5 frac=0.4 budget_n=500 est=884624
  [FastestO Curve] run=5 frac=0.5 budget_n=500 est=3.01107e+06
  [FastestO Curve] run=5 frac=0.6 budget_n=500 est=1.15896e+06
  [FastestO Curve] run=5 frac=0.7 budget_n=500 est=60637
  [FastestO Curve] run=5 frac=0.8 budget_n=500 est=322574
  [FastestO Curve] run=5 frac=0.9 budget_n=500 est=1.07664e+07
  [Result] #CandTree           : 1.537e+05
  [Result] #TreeTrials         : 353
  [Result] #TreeSuccess        : 9
  [Result] #UniqueOracleNodes  : 500.0000
  [Result] Truth               : 153669.0000
  [Result] Est                 : 10766407.1048
  [Result] logQError           : 1.8455
  [Result] TreeCountTime       : 23.1823
  [Result] QueryTime           : 1.1005
/home/wangshuo/projects/PROXY/datasets/parler-E/query_graph/query_cycle_4_44.graph Finished!

Start Processing (Multi-Predicate) /home/wangshuo/projects/PROXY/datasets/parler-E/query_graph/query_cycle_4_45.graph
[Info] Using explicit query nodes for predicates: 1 3 
[Info] FOIS_nrs base budget not found, will rely strictly on Curve CSV.
[Info] Using user-specified root label 2 -> query node 1
  [FastestO Curve] run=1 frac=0.01 budget_n=500 est=9.77735e+07
  [FastestO Curve] run=1 frac=0.05 budget_n=500 est=8.25637e+07
  [FastestO Curve] run=1 frac=0.075 budget_n=500 est=8.08902e+07
  [FastestO Curve] run=1 frac=0.1 budget_n=500 est=3.88644e+07
  [FastestO Curve] run=1 frac=0.15 budget_n=500 est=8.45842e+07
  [FastestO Curve] run=1 frac=0.2 budget_n=500 est=9.1521e+07
  [FastestO Curve] run=1 frac=0.3 budget_n=500 est=6.41604e+07
  [FastestO Curve] run=1 frac=0.4 budget_n=500 est=5.92951e+07
  [FastestO Curve] run=1 frac=0.5 budget_n=500 est=7.33392e+07
  [FastestO Curve] run=1 frac=0.6 budget_n=500 est=6.50862e+07
  [FastestO Curve] run=1 frac=0.7 budget_n=500 est=7.33413e+07
  [FastestO Curve] run=1 frac=0.8 budget_n=500 est=6.7026e+07
  [FastestO Curve] run=1 frac=0.9 budget_n=500 est=7.54951e+07
  [FastestO Curve] run=2 frac=0.01 budget_n=500 est=9.17212e+07
  [FastestO Curve] run=2 frac=0.05 budget_n=500 est=5.19133e+07
  [FastestO Curve] run=2 frac=0.075 budget_n=500 est=7.03554e+07
  [FastestO Curve] run=2 frac=0.1 budget_n=500 est=7.0261e+07
  [FastestO Curve] run=2 frac=0.15 budget_n=500 est=8.85056e+07
  [FastestO Curve] run=2 frac=0.2 budget_n=500 est=4.1399e+07
  [FastestO Curve] run=2 frac=0.3 budget_n=500 est=8.56884e+07
  [FastestO Curve] run=2 frac=0.4 budget_n=500 est=5.57079e+07
  [FastestO Curve] run=2 frac=0.5 budget_n=500 est=6.56716e+07
  [FastestO Curve] run=2 frac=0.6 budget_n=500 est=6.09881e+07
  [FastestO Curve] run=2 frac=0.7 budget_n=500 est=7.4461e+07
  [FastestO Curve] run=2 frac=0.8 budget_n=500 est=5.44438e+07
  [FastestO Curve] run=2 frac=0.9 budget_n=500 est=8.35653e+07
  [FastestO Curve] run=3 frac=0.01 budget_n=500 est=7.06962e+07
  [FastestO Curve] run=3 frac=0.05 budget_n=500 est=7.41978e+07
  [FastestO Curve] run=3 frac=0.075 budget_n=500 est=6.31811e+07
  [FastestO Curve] run=3 frac=0.1 budget_n=500 est=5.65494e+07
  [FastestO Curve] run=3 frac=0.15 budget_n=500 est=7.74622e+07
  [FastestO Curve] run=3 frac=0.2 budget_n=500 est=6.66375e+07
  [FastestO Curve] run=3 frac=0.3 budget_n=500 est=7.63795e+07
  [FastestO Curve] run=3 frac=0.4 budget_n=500 est=6.17005e+07
  [FastestO Curve] run=3 frac=0.5 budget_n=500 est=3.6486e+07
  [FastestO Curve] run=3 frac=0.6 budget_n=500 est=7.00123e+07
  [FastestO Curve] run=3 frac=0.7 budget_n=500 est=8.29652e+07
  [FastestO Curve] run=3 frac=0.8 budget_n=500 est=5.01399e+07
  [FastestO Curve] run=3 frac=0.9 budget_n=500 est=8.38432e+07
  [FastestO Curve] run=4 frac=0.01 budget_n=500 est=7.81027e+07
  [FastestO Curve] run=4 frac=0.05 budget_n=500 est=7.96747e+07
  [FastestO Curve] run=4 frac=0.075 budget_n=500 est=4.45743e+07
  [FastestO Curve] run=4 frac=0.1 budget_n=500 est=6.01421e+07
  [FastestO Curve] run=4 frac=0.15 budget_n=500 est=7.30597e+07
  [FastestO Curve] run=4 frac=0.2 budget_n=500 est=4.13632e+07
  [FastestO Curve] run=4 frac=0.3 budget_n=500 est=8.25293e+07
  [FastestO Curve] run=4 frac=0.4 budget_n=500 est=6.40178e+07
  [FastestO Curve] run=4 frac=0.5 budget_n=500 est=7.86863e+07
  [FastestO Curve] run=4 frac=0.6 budget_n=500 est=9.52679e+07
  [FastestO Curve] run=4 frac=0.7 budget_n=500 est=5.38967e+07
  [FastestO Curve] run=4 frac=0.8 budget_n=500 est=7.06963e+07
  [FastestO Curve] run=4 frac=0.9 budget_n=500 est=8.16551e+07
  [FastestO Curve] run=5 frac=0.01 budget_n=500 est=5.75076e+07
  [FastestO Curve] run=5 frac=0.05 budget_n=500 est=4.27395e+07
  [FastestO Curve] run=5 frac=0.075 budget_n=500 est=7.07701e+07
  [FastestO Curve] run=5 frac=0.1 budget_n=500 est=7.35746e+07
  [FastestO Curve] run=5 frac=0.15 budget_n=500 est=8.34883e+07
  [FastestO Curve] run=5 frac=0.2 budget_n=500 est=7.47167e+07
  [FastestO Curve] run=5 frac=0.3 budget_n=500 est=7.95909e+07
  [FastestO Curve] run=5 frac=0.4 budget_n=500 est=5.34931e+07
  [FastestO Curve] run=5 frac=0.5 budget_n=500 est=1.13527e+08
  [FastestO Curve] run=5 frac=0.6 budget_n=500 est=4.00508e+07
  [FastestO Curve] run=5 frac=0.7 budget_n=500 est=7.46839e+07
  [FastestO Curve] run=5 frac=0.8 budget_n=500 est=4.55444e+07
  [FastestO Curve] run=5 frac=0.9 budget_n=500 est=7.13723e+07
  [Result] #CandTree           : 2.463e+05
  [Result] #TreeTrials         : 1005
  [Result] #TreeSuccess        : 48
  [Result] #UniqueOracleNodes  : 500.0000
  [Result] Truth               : 246321.0000
  [Result] Est                 : 71372306.3104
  [Result] logQError           : 2.4620
  [Result] TreeCountTime       : 25.2613
  [Result] QueryTime           : 2.5698
/home/wangshuo/projects/PROXY/datasets/parler-E/query_graph/query_cycle_4_45.graph Finished!

Start Processing (Multi-Predicate) /home/wangshuo/projects/PROXY/datasets/parler-E/query_graph/query_cycle_4_46.graph
[Info] Using explicit query nodes for predicates: 0 2 3 
[Info] FOIS_nrs base budget not found, will rely strictly on Curve CSV.
[Info] Using user-specified root label 2 -> query node 3
  [FastestO Curve] run=1 frac=0.01 budget_n=500 est=1.9892e+06
  [FastestO Curve] run=1 frac=0.05 budget_n=500 est=2.8819e+06
  [FastestO Curve] run=1 frac=0.075 budget_n=500 est=1.82948e+06
  [FastestO Curve] run=1 frac=0.1 budget_n=500 est=3.95302e+07
  [FastestO Curve] run=1 frac=0.15 budget_n=500 est=6.13205e+06
  [FastestO Curve] run=1 frac=0.2 budget_n=500 est=3.23728e+06
  [FastestO Curve] run=1 frac=0.3 budget_n=500 est=7.20656e+06
  [FastestO Curve] run=1 frac=0.4 budget_n=500 est=457871
  [FastestO Curve] run=1 frac=0.5 budget_n=500 est=2.4221e+07
  [FastestO Curve] run=1 frac=0.6 budget_n=500 est=1.42224e+06
  [FastestO Curve] run=1 frac=0.7 budget_n=500 est=2.20422e+06
  [FastestO Curve] run=1 frac=0.8 budget_n=500 est=2.24744e+06
  [FastestO Curve] run=1 frac=0.9 budget_n=500 est=3.06318e+06
  [FastestO Curve] run=2 frac=0.01 budget_n=500 est=1.84525e+06
  [FastestO Curve] run=2 frac=0.05 budget_n=500 est=2.3756e+06
  [FastestO Curve] run=2 frac=0.075 budget_n=500 est=1.0955e+06
  [FastestO Curve] run=2 frac=0.1 budget_n=500 est=4.0223e+06
  [FastestO Curve] run=2 frac=0.15 budget_n=500 est=1.86464e+06
  [FastestO Curve] run=2 frac=0.2 budget_n=500 est=2.75766e+06
  [FastestO Curve] run=2 frac=0.3 budget_n=500 est=2.48577e+06
  [FastestO Curve] run=2 frac=0.4 budget_n=500 est=4.34481e+06
  [FastestO Curve] run=2 frac=0.5 budget_n=500 est=2.47951e+06
  [FastestO Curve] run=2 frac=0.6 budget_n=500 est=971336
  [FastestO Curve] run=2 frac=0.7 budget_n=500 est=2.29924e+06
  [FastestO Curve] run=2 frac=0.8 budget_n=500 est=5.81881e+06
  [FastestO Curve] run=2 frac=0.9 budget_n=500 est=4.63581e+06
  [FastestO Curve] run=3 frac=0.01 budget_n=500 est=1.20973e+07
  [FastestO Curve] run=3 frac=0.05 budget_n=500 est=4.59597e+06
  [FastestO Curve] run=3 frac=0.075 budget_n=500 est=3.91551e+06
  [FastestO Curve] run=3 frac=0.1 budget_n=500 est=2.07219e+06
  [FastestO Curve] run=3 frac=0.15 budget_n=500 est=2.00674e+06
  [FastestO Curve] run=3 frac=0.2 budget_n=500 est=1.68473e+06
  [FastestO Curve] run=3 frac=0.3 budget_n=500 est=1.48977e+06
  [FastestO Curve] run=3 frac=0.4 budget_n=500 est=1.94951e+06
  [FastestO Curve] run=3 frac=0.5 budget_n=500 est=4.33266e+07
  [FastestO Curve] run=3 frac=0.6 budget_n=500 est=2.07988e+06
  [FastestO Curve] run=3 frac=0.7 budget_n=500 est=3.6811e+07
  [FastestO Curve] run=3 frac=0.8 budget_n=500 est=2.84704e+06
  [FastestO Curve] run=3 frac=0.9 budget_n=500 est=3.35552e+06
  [FastestO Curve] run=4 frac=0.01 budget_n=500 est=2.50931e+06
  [FastestO Curve] run=4 frac=0.05 budget_n=500 est=1.27117e+06
  [FastestO Curve] run=4 frac=0.075 budget_n=500 est=2.10011e+06
  [FastestO Curve] run=4 frac=0.1 budget_n=500 est=5.25456e+06
  [FastestO Curve] run=4 frac=0.15 budget_n=500 est=8.88359e+06
  [FastestO Curve] run=4 frac=0.2 budget_n=500 est=1.9474e+06
  [FastestO Curve] run=4 frac=0.3 budget_n=500 est=1.01206e+07
  [FastestO Curve] run=4 frac=0.4 budget_n=500 est=2.66176e+06
  [FastestO Curve] run=4 frac=0.5 budget_n=500 est=1.69965e+06
  [FastestO Curve] run=4 frac=0.6 budget_n=500 est=1.391e+06
  [FastestO Curve] run=4 frac=0.7 budget_n=500 est=3.00757e+06
  [FastestO Curve] run=4 frac=0.8 budget_n=500 est=4.43271e+06
  [FastestO Curve] run=4 frac=0.9 budget_n=500 est=9.96645e+06
  [FastestO Curve] run=5 frac=0.01 budget_n=500 est=880911
  [FastestO Curve] run=5 frac=0.05 budget_n=500 est=6.14358e+06
  [FastestO Curve] run=5 frac=0.075 budget_n=500 est=1.86347e+06
  [FastestO Curve] run=5 frac=0.1 budget_n=500 est=1.8149e+06
  [FastestO Curve] run=5 frac=0.15 budget_n=500 est=2.27339e+06
  [FastestO Curve] run=5 frac=0.2 budget_n=500 est=2.853e+06
  [FastestO Curve] run=5 frac=0.3 budget_n=500 est=1.63963e+07
  [FastestO Curve] run=5 frac=0.4 budget_n=500 est=2.94047e+06
  [FastestO Curve] run=5 frac=0.5 budget_n=500 est=1.63563e+06
  [FastestO Curve] run=5 frac=0.6 budget_n=500 est=2.49362e+06
  [FastestO Curve] run=5 frac=0.7 budget_n=500 est=1.56839e+07
  [FastestO Curve] run=5 frac=0.8 budget_n=500 est=2.69039e+06
  [FastestO Curve] run=5 frac=0.9 budget_n=500 est=5.81008e+06
  [Result] #CandTree           : 4.101e+05
  [Result] #TreeTrials         : 284
  [Result] #TreeSuccess        : 8
  [Result] #UniqueOracleNodes  : 500.0000
  [Result] Truth               : 394626.0000
  [Result] Est                 : 5810075.0704
  [Result] logQError           : 1.1680
  [Result] TreeCountTime       : 24.9827
  [Result] QueryTime           : 0.9238
/home/wangshuo/projects/PROXY/datasets/parler-E/query_graph/query_cycle_4_46.graph Finished!

Start Processing (Multi-Predicate) /home/wangshuo/projects/PROXY/datasets/parler-E/query_graph/query_cycle_4_47.graph
[Info] Using explicit query nodes for predicates: 1 2 
[Info] FOIS_nrs base budget not found, will rely strictly on Curve CSV.
[Info] Using user-specified root label 2 -> query node 1
  [FastestO Curve] run=1 frac=0.01 budget_n=500 est=6.34387e+07
  [FastestO Curve] run=1 frac=0.05 budget_n=500 est=7.68835e+07
  [FastestO Curve] run=1 frac=0.075 budget_n=500 est=5.76762e+07
  [FastestO Curve] run=1 frac=0.1 budget_n=500 est=6.43657e+07
  [FastestO Curve] run=1 frac=0.15 budget_n=500 est=1.05656e+08
  [FastestO Curve] run=1 frac=0.2 budget_n=500 est=7.15464e+07
  [FastestO Curve] run=1 frac=0.3 budget_n=500 est=7.22694e+07
  [FastestO Curve] run=1 frac=0.4 budget_n=500 est=6.11432e+07
  [FastestO Curve] run=1 frac=0.5 budget_n=500 est=8.62632e+07
  [FastestO Curve] run=1 frac=0.6 budget_n=500 est=6.42995e+07
  [FastestO Curve] run=1 frac=0.7 budget_n=500 est=6.99232e+07
  [FastestO Curve] run=1 frac=0.8 budget_n=500 est=8.46058e+07
  [FastestO Curve] run=1 frac=0.9 budget_n=500 est=5.66461e+07
  [FastestO Curve] run=2 frac=0.01 budget_n=500 est=8.62247e+07
  [FastestO Curve] run=2 frac=0.05 budget_n=500 est=7.34252e+07
  [FastestO Curve] run=2 frac=0.075 budget_n=500 est=3.86137e+07
  [FastestO Curve] run=2 frac=0.1 budget_n=500 est=9.4229e+07
  [FastestO Curve] run=2 frac=0.15 budget_n=500 est=6.2791e+07
  [FastestO Curve] run=2 frac=0.2 budget_n=500 est=4.7128e+07
  [FastestO Curve] run=2 frac=0.3 budget_n=500 est=8.50796e+07
  [FastestO Curve] run=2 frac=0.4 budget_n=500 est=6.08826e+07
  [FastestO Curve] run=2 frac=0.5 budget_n=500 est=7.59764e+07
  [FastestO Curve] run=2 frac=0.6 budget_n=500 est=5.55977e+07
  [FastestO Curve] run=2 frac=0.7 budget_n=500 est=4.81206e+07
  [FastestO Curve] run=2 frac=0.8 budget_n=500 est=7.73072e+07
  [FastestO Curve] run=2 frac=0.9 budget_n=500 est=6.00448e+07
  [FastestO Curve] run=3 frac=0.01 budget_n=500 est=4.74526e+07
  [FastestO Curve] run=3 frac=0.05 budget_n=500 est=5.49376e+07
  [FastestO Curve] run=3 frac=0.075 budget_n=500 est=6.58603e+07
  [FastestO Curve] run=3 frac=0.1 budget_n=500 est=6.20325e+07
  [FastestO Curve] run=3 frac=0.15 budget_n=500 est=5.68773e+07
  [FastestO Curve] run=3 frac=0.2 budget_n=500 est=7.8601e+07
  [FastestO Curve] run=3 frac=0.3 budget_n=500 est=6.15325e+07
  [FastestO Curve] run=3 frac=0.4 budget_n=500 est=7.54429e+07
  [FastestO Curve] run=3 frac=0.5 budget_n=500 est=5.66917e+07
  [FastestO Curve] run=3 frac=0.6 budget_n=500 est=1.04492e+08
  [FastestO Curve] run=3 frac=0.7 budget_n=500 est=5.76919e+07
  [FastestO Curve] run=3 frac=0.8 budget_n=500 est=5.77131e+07
  [FastestO Curve] run=3 frac=0.9 budget_n=500 est=4.30223e+07
  [FastestO Curve] run=4 frac=0.01 budget_n=500 est=8.07015e+07
  [FastestO Curve] run=4 frac=0.05 budget_n=500 est=8.35525e+07
  [FastestO Curve] run=4 frac=0.075 budget_n=500 est=7.66952e+07
  [FastestO Curve] run=4 frac=0.1 budget_n=500 est=5.00653e+07
  [FastestO Curve] run=4 frac=0.15 budget_n=500 est=6.89286e+07
  [FastestO Curve] run=4 frac=0.2 budget_n=500 est=7.59546e+07
  [FastestO Curve] run=4 frac=0.3 budget_n=500 est=5.83071e+07
  [FastestO Curve] run=4 frac=0.4 budget_n=500 est=6.55129e+07
  [FastestO Curve] run=4 frac=0.5 budget_n=500 est=7.16787e+07
  [FastestO Curve] run=4 frac=0.6 budget_n=500 est=4.39924e+07
  [FastestO Curve] run=4 frac=0.7 budget_n=500 est=4.73771e+07
  [FastestO Curve] run=4 frac=0.8 budget_n=500 est=6.45383e+07
  [FastestO Curve] run=4 frac=0.9 budget_n=500 est=5.07381e+07
  [FastestO Curve] run=5 frac=0.01 budget_n=500 est=7.04144e+07
  [FastestO Curve] run=5 frac=0.05 budget_n=500 est=6.91428e+07
  [FastestO Curve] run=5 frac=0.075 budget_n=500 est=7.40541e+07
  [FastestO Curve] run=5 frac=0.1 budget_n=500 est=5.12999e+07
  [FastestO Curve] run=5 frac=0.15 budget_n=500 est=4.74157e+07
  [FastestO Curve] run=5 frac=0.2 budget_n=500 est=5.2629e+07
  [FastestO Curve] run=5 frac=0.3 budget_n=500 est=3.58106e+07
  [FastestO Curve] run=5 frac=0.4 budget_n=500 est=8.67911e+07
  [FastestO Curve] run=5 frac=0.5 budget_n=500 est=6.65838e+07
  [FastestO Curve] run=5 frac=0.6 budget_n=500 est=8.69183e+07
  [FastestO Curve] run=5 frac=0.7 budget_n=500 est=5.83889e+07
  [FastestO Curve] run=5 frac=0.8 budget_n=500 est=7.36249e+07
  [FastestO Curve] run=5 frac=0.9 budget_n=500 est=7.68527e+07
  [Result] #CandTree           : 2.251e+05
  [Result] #TreeTrials         : 1045
  [Result] #TreeSuccess        : 50
  [Result] #UniqueOracleNodes  : 500.0000
  [Result] Truth               : 225087.0000
  [Result] Est                 : 76852671.3876
  [Result] logQError           : 2.5333
  [Result] TreeCountTime       : 24.7976
  [Result] QueryTime           : 1.8298
/home/wangshuo/projects/PROXY/datasets/parler-E/query_graph/query_cycle_4_47.graph Finished!

Start Processing (Multi-Predicate) /home/wangshuo/projects/PROXY/datasets/parler-E/query_graph/query_cycle_4_48.graph
[Info] Using explicit query nodes for predicates: 0 1 
[Info] FOIS_nrs base budget not found, will rely strictly on Curve CSV.
[Info] Using user-specified root label 2 -> query node 0
  [FastestO Curve] run=1 frac=0.01 budget_n=500 est=3.06247e+06
  [FastestO Curve] run=1 frac=0.05 budget_n=500 est=3.6162e+06
  [FastestO Curve] run=1 frac=0.075 budget_n=500 est=3.52845e+06
  [FastestO Curve] run=1 frac=0.1 budget_n=500 est=556680
  [FastestO Curve] run=1 frac=0.15 budget_n=500 est=322602
  [FastestO Curve] run=1 frac=0.2 budget_n=500 est=1.40689e+06
  [FastestO Curve] run=1 frac=0.3 budget_n=500 est=2.88152e+06
  [FastestO Curve] run=1 frac=0.4 budget_n=500 est=1.25088e+06
  [FastestO Curve] run=1 frac=0.5 budget_n=500 est=2.0859e+06
  [FastestO Curve] run=1 frac=0.6 budget_n=500 est=1.46534e+06
  [FastestO Curve] run=1 frac=0.7 budget_n=500 est=2.28398e+06
  [FastestO Curve] run=1 frac=0.8 budget_n=500 est=2.15578e+06
  [FastestO Curve] run=1 frac=0.9 budget_n=500 est=800920
  [FastestO Curve] run=2 frac=0.01 budget_n=500 est=2.92427e+06
  [FastestO Curve] run=2 frac=0.05 budget_n=500 est=2.19865e+06
  [FastestO Curve] run=2 frac=0.075 budget_n=500 est=1.71132e+06
  [FastestO Curve] run=2 frac=0.1 budget_n=500 est=478461
  [FastestO Curve] run=2 frac=0.15 budget_n=500 est=1.56028e+06
  [FastestO Curve] run=2 frac=0.2 budget_n=500 est=1.75441e+06
  [FastestO Curve] run=2 frac=0.3 budget_n=500 est=9.62148e+06
  [FastestO Curve] run=2 frac=0.4 budget_n=500 est=547427
  [FastestO Curve] run=2 frac=0.5 budget_n=500 est=2.97311e+06
  [FastestO Curve] run=2 frac=0.6 budget_n=500 est=820954
  [FastestO Curve] run=2 frac=0.7 budget_n=500 est=1.14004e+06
  [FastestO Curve] run=2 frac=0.8 budget_n=500 est=1.77439e+06
  [FastestO Curve] run=2 frac=0.9 budget_n=500 est=1.54789e+06
  [FastestO Curve] run=3 frac=0.01 budget_n=500 est=913072
  [FastestO Curve] run=3 frac=0.05 budget_n=500 est=1.9941e+06
  [FastestO Curve] run=3 frac=0.075 budget_n=500 est=1.42852e+06
  [FastestO Curve] run=3 frac=0.1 budget_n=500 est=1.89012e+06
  [FastestO Curve] run=3 frac=0.15 budget_n=500 est=1.44749e+06
  [FastestO Curve] run=3 frac=0.2 budget_n=500 est=1.28608e+06
  [FastestO Curve] run=3 frac=0.3 budget_n=500 est=1.29282e+06
  [FastestO Curve] run=3 frac=0.4 budget_n=500 est=1.22087e+06
  [FastestO Curve] run=3 frac=0.5 budget_n=500 est=2.5199e+06
  [FastestO Curve] run=3 frac=0.6 budget_n=500 est=2.08318e+06
  [FastestO Curve] run=3 frac=0.7 budget_n=500 est=3.27014e+06
  [FastestO Curve] run=3 frac=0.8 budget_n=500 est=1.9907e+06
  [FastestO Curve] run=3 frac=0.9 budget_n=500 est=676619
  [FastestO Curve] run=4 frac=0.01 budget_n=500 est=3.45178e+06
  [FastestO Curve] run=4 frac=0.05 budget_n=500 est=1.3039e+06
  [FastestO Curve] run=4 frac=0.075 budget_n=500 est=1.25887e+06
  [FastestO Curve] run=4 frac=0.1 budget_n=500 est=849462
  [FastestO Curve] run=4 frac=0.15 budget_n=500 est=572653
  [FastestO Curve] run=4 frac=0.2 budget_n=500 est=9.1329e+06
  [FastestO Curve] run=4 frac=0.3 budget_n=500 est=947152
  [FastestO Curve] run=4 frac=0.4 budget_n=500 est=989426
  [FastestO Curve] run=4 frac=0.5 budget_n=500 est=2.13658e+06
  [FastestO Curve] run=4 frac=0.6 budget_n=500 est=2.96171e+06
  [FastestO Curve] run=4 frac=0.7 budget_n=500 est=3.96182e+06
  [FastestO Curve] run=4 frac=0.8 budget_n=500 est=4.7527e+06
  [FastestO Curve] run=4 frac=0.9 budget_n=500 est=334450
  [FastestO Curve] run=5 frac=0.01 budget_n=500 est=635729
  [FastestO Curve] run=5 frac=0.05 budget_n=500 est=885078
  [FastestO Curve] run=5 frac=0.075 budget_n=500 est=731768
  [FastestO Curve] run=5 frac=0.1 budget_n=500 est=2.94523e+06
  [FastestO Curve] run=5 frac=0.15 budget_n=500 est=687488
  [FastestO Curve] run=5 frac=0.2 budget_n=500 est=1.5412e+06
  [FastestO Curve] run=5 frac=0.3 budget_n=500 est=1.40546e+06
  [FastestO Curve] run=5 frac=0.4 budget_n=500 est=4.63487e+06
  [FastestO Curve] run=5 frac=0.5 budget_n=500 est=279164
  [FastestO Curve] run=5 frac=0.6 budget_n=500 est=374477
  [FastestO Curve] run=5 frac=0.7 budget_n=500 est=2.98688e+06
  [FastestO Curve] run=5 frac=0.8 budget_n=500 est=1.11597e+06
  [FastestO Curve] run=5 frac=0.9 budget_n=500 est=1.39959e+06
  [Result] #CandTree           : 1.535e+05
  [Result] #TreeTrials         : 564
  [Result] #TreeSuccess        : 14
  [Result] #UniqueOracleNodes  : 500.0000
  [Result] Truth               : 153514.0000
  [Result] Est                 : 1399590.4043
  [Result] logQError           : 0.9599
  [Result] TreeCountTime       : 24.7973
  [Result] QueryTime           : 0.9701
/home/wangshuo/projects/PROXY/datasets/parler-E/query_graph/query_cycle_4_48.graph Finished!

Start Processing (Multi-Predicate) /home/wangshuo/projects/PROXY/datasets/parler-E/query_graph/query_cycle_4_49.graph
[Info] Using explicit query nodes for predicates: 1 2 
[Info] FOIS_nrs base budget not found, will rely strictly on Curve CSV.
[Info] Using user-specified root label 2 -> query node 1
  [FastestO Curve] run=1 frac=0.01 budget_n=500 est=8.39766e+07
  [FastestO Curve] run=1 frac=0.05 budget_n=500 est=7.949e+07
  [FastestO Curve] run=1 frac=0.075 budget_n=500 est=5.33873e+07
  [FastestO Curve] run=1 frac=0.1 budget_n=500 est=5.45287e+07
  [FastestO Curve] run=1 frac=0.15 budget_n=500 est=5.18167e+07
  [FastestO Curve] run=1 frac=0.2 budget_n=500 est=7.86698e+07
  [FastestO Curve] run=1 frac=0.3 budget_n=500 est=7.14768e+07
  [FastestO Curve] run=1 frac=0.4 budget_n=500 est=5.14907e+07
  [FastestO Curve] run=1 frac=0.5 budget_n=500 est=9.77294e+07
  [FastestO Curve] run=1 frac=0.6 budget_n=500 est=9.10446e+07
  [FastestO Curve] run=1 frac=0.7 budget_n=500 est=9.61999e+07
  [FastestO Curve] run=1 frac=0.8 budget_n=500 est=7.17203e+07
  [FastestO Curve] run=1 frac=0.9 budget_n=500 est=7.40494e+07
  [FastestO Curve] run=2 frac=0.01 budget_n=500 est=8.89153e+07
  [FastestO Curve] run=2 frac=0.05 budget_n=500 est=7.04361e+07
  [FastestO Curve] run=2 frac=0.075 budget_n=500 est=8.73293e+07
  [FastestO Curve] run=2 frac=0.1 budget_n=500 est=9.57061e+07
  [FastestO Curve] run=2 frac=0.15 budget_n=500 est=7.38859e+07
  [FastestO Curve] run=2 frac=0.2 budget_n=500 est=8.67876e+07
  [FastestO Curve] run=2 frac=0.3 budget_n=500 est=1.23528e+08
  [FastestO Curve] run=2 frac=0.4 budget_n=500 est=8.27421e+07
  [FastestO Curve] run=2 frac=0.5 budget_n=500 est=9.1339e+07
  [FastestO Curve] run=2 frac=0.6 budget_n=500 est=1.18623e+08
  [FastestO Curve] run=2 frac=0.7 budget_n=500 est=8.22402e+07
  [FastestO Curve] run=2 frac=0.8 budget_n=500 est=7.68195e+07
  [FastestO Curve] run=2 frac=0.9 budget_n=500 est=5.74147e+07
  [FastestO Curve] run=3 frac=0.01 budget_n=500 est=8.01809e+07
  [FastestO Curve] run=3 frac=0.05 budget_n=500 est=1.19089e+08
  [FastestO Curve] run=3 frac=0.075 budget_n=500 est=7.68742e+07
  [FastestO Curve] run=3 frac=0.1 budget_n=500 est=8.18725e+07
  [FastestO Curve] run=3 frac=0.15 budget_n=500 est=9.94093e+07
  [FastestO Curve] run=3 frac=0.2 budget_n=500 est=8.88655e+07
  [FastestO Curve] run=3 frac=0.3 budget_n=500 est=7.48887e+07
  [FastestO Curve] run=3 frac=0.4 budget_n=500 est=8.98258e+07
  [FastestO Curve] run=3 frac=0.5 budget_n=500 est=6.30971e+07
  [FastestO Curve] run=3 frac=0.6 budget_n=500 est=1.19929e+08
  [FastestO Curve] run=3 frac=0.7 budget_n=500 est=6.65343e+07
  [FastestO Curve] run=3 frac=0.8 budget_n=500 est=5.99862e+07
  [FastestO Curve] run=3 frac=0.9 budget_n=500 est=7.33637e+07
  [FastestO Curve] run=4 frac=0.01 budget_n=500 est=4.54876e+07
  [FastestO Curve] run=4 frac=0.05 budget_n=500 est=9.9845e+07
  [FastestO Curve] run=4 frac=0.075 budget_n=500 est=6.67019e+07
  [FastestO Curve] run=4 frac=0.1 budget_n=500 est=8.86789e+07
  [FastestO Curve] run=4 frac=0.15 budget_n=500 est=6.06512e+07
  [FastestO Curve] run=4 frac=0.2 budget_n=500 est=8.60453e+07
  [FastestO Curve] run=4 frac=0.3 budget_n=500 est=7.33332e+07
  [FastestO Curve] run=4 frac=0.4 budget_n=500 est=5.4067e+07
  [FastestO Curve] run=4 frac=0.5 budget_n=500 est=6.96174e+07
  [FastestO Curve] run=4 frac=0.6 budget_n=500 est=6.4005e+07
  [FastestO Curve] run=4 frac=0.7 budget_n=500 est=7.9625e+07
  [FastestO Curve] run=4 frac=0.8 budget_n=500 est=6.70329e+07
  [FastestO Curve] run=4 frac=0.9 budget_n=500 est=8.33448e+07
  [FastestO Curve] run=5 frac=0.01 budget_n=500 est=9.24529e+07
  [FastestO Curve] run=5 frac=0.05 budget_n=500 est=4.97066e+07
  [FastestO Curve] run=5 frac=0.075 budget_n=500 est=1.01071e+08
  [FastestO Curve] run=5 frac=0.1 budget_n=500 est=6.65945e+07
  [FastestO Curve] run=5 frac=0.15 budget_n=500 est=6.6649e+07
  [FastestO Curve] run=5 frac=0.2 budget_n=500 est=8.24463e+07
  [FastestO Curve] run=5 frac=0.3 budget_n=500 est=6.2049e+07
  [FastestO Curve] run=5 frac=0.4 budget_n=500 est=6.46338e+07
  [FastestO Curve] run=5 frac=0.5 budget_n=500 est=8.84317e+07
  [FastestO Curve] run=5 frac=0.6 budget_n=500 est=8.4446e+07
  [FastestO Curve] run=5 frac=0.7 budget_n=500 est=7.93523e+07
  [FastestO Curve] run=5 frac=0.8 budget_n=500 est=7.47498e+07
  [FastestO Curve] run=5 frac=0.9 budget_n=500 est=8.38059e+07
  [Result] #CandTree           : 2.373e+05
  [Result] #TreeTrials         : 1157
  [Result] #TreeSuccess        : 54
  [Result] #UniqueOracleNodes  : 500.0000
  [Result] Truth               : 237278.0000
  [Result] Est                 : 83805892.3267
  [Result] logQError           : 2.5480
  [Result] TreeCountTime       : 25.0505
  [Result] QueryTime           : 2.1944
/home/wangshuo/projects/PROXY/datasets/parler-E/query_graph/query_cycle_4_49.graph Finished!

Start Processing (Multi-Predicate) /home/wangshuo/projects/PROXY/datasets/parler-E/query_graph/query_cycle_4_5.graph
[Info] Using explicit query nodes for predicates: 1 2 
[Info] FOIS_nrs base budget not found, will rely strictly on Curve CSV.
[Info] Using user-specified root label 2 -> query node 1
  [FastestO Curve] run=1 frac=0.01 budget_n=500 est=6.73468e+07
  [FastestO Curve] run=1 frac=0.05 budget_n=500 est=2.15947e+07
  [FastestO Curve] run=1 frac=0.075 budget_n=500 est=5.09524e+07
  [FastestO Curve] run=1 frac=0.1 budget_n=500 est=3.34414e+07
  [FastestO Curve] run=1 frac=0.15 budget_n=500 est=4.95114e+07
  [FastestO Curve] run=1 frac=0.2 budget_n=500 est=4.40056e+07
  [FastestO Curve] run=1 frac=0.3 budget_n=500 est=5.81827e+07
  [FastestO Curve] run=1 frac=0.4 budget_n=500 est=5.35265e+07
  [FastestO Curve] run=1 frac=0.5 budget_n=500 est=6.13776e+07
  [FastestO Curve] run=1 frac=0.6 budget_n=500 est=3.75831e+07
  [FastestO Curve] run=1 frac=0.7 budget_n=500 est=7.18865e+07
  [FastestO Curve] run=1 frac=0.8 budget_n=500 est=7.32313e+07
  [FastestO Curve] run=1 frac=0.9 budget_n=500 est=5.42947e+07
  [FastestO Curve] run=2 frac=0.01 budget_n=500 est=5.06533e+07
  [FastestO Curve] run=2 frac=0.05 budget_n=500 est=5.04145e+07
  [FastestO Curve] run=2 frac=0.075 budget_n=500 est=5.52262e+07
  [FastestO Curve] run=2 frac=0.1 budget_n=500 est=9.35945e+07
  [FastestO Curve] run=2 frac=0.15 budget_n=500 est=3.51685e+07
  [FastestO Curve] run=2 frac=0.2 budget_n=500 est=3.80535e+07
  [FastestO Curve] run=2 frac=0.3 budget_n=500 est=7.44466e+07
  [FastestO Curve] run=2 frac=0.4 budget_n=500 est=4.61112e+07
  [FastestO Curve] run=2 frac=0.5 budget_n=500 est=7.57727e+07
  [FastestO Curve] run=2 frac=0.6 budget_n=500 est=7.52308e+07
  [FastestO Curve] run=2 frac=0.7 budget_n=500 est=5.14683e+07
  [FastestO Curve] run=2 frac=0.8 budget_n=500 est=5.92456e+07
  [FastestO Curve] run=2 frac=0.9 budget_n=500 est=5.43051e+07
  [FastestO Curve] run=3 frac=0.01 budget_n=500 est=8.6241e+07
  [FastestO Curve] run=3 frac=0.05 budget_n=500 est=5.61831e+07
  [FastestO Curve] run=3 frac=0.075 budget_n=500 est=4.477e+07
  [FastestO Curve] run=3 frac=0.1 budget_n=500 est=7.0398e+07
  [FastestO Curve] run=3 frac=0.15 budget_n=500 est=4.5722e+07
  [FastestO Curve] run=3 frac=0.2 budget_n=500 est=5.96743e+07
  [FastestO Curve] run=3 frac=0.3 budget_n=500 est=4.92926e+07
  [FastestO Curve] run=3 frac=0.4 budget_n=500 est=5.34103e+07
  [FastestO Curve] run=3 frac=0.5 budget_n=500 est=7.77445e+07
  [FastestO Curve] run=3 frac=0.6 budget_n=500 est=6.17937e+07
  [FastestO Curve] run=3 frac=0.7 budget_n=500 est=4.6451e+07
  [FastestO Curve] run=3 frac=0.8 budget_n=500 est=6.16022e+07
  [FastestO Curve] run=3 frac=0.9 budget_n=500 est=7.09108e+07
  [FastestO Curve] run=4 frac=0.01 budget_n=500 est=4.27008e+07
  [FastestO Curve] run=4 frac=0.05 budget_n=500 est=5.17759e+07
  [FastestO Curve] run=4 frac=0.075 budget_n=500 est=6.68465e+07
  [FastestO Curve] run=4 frac=0.1 budget_n=500 est=7.37857e+07
  [FastestO Curve] run=4 frac=0.15 budget_n=500 est=7.61247e+07
  [FastestO Curve] run=4 frac=0.2 budget_n=500 est=6.05439e+07
  [FastestO Curve] run=4 frac=0.3 budget_n=500 est=5.56382e+07
  [FastestO Curve] run=4 frac=0.4 budget_n=500 est=5.8402e+07
  [FastestO Curve] run=4 frac=0.5 budget_n=500 est=6.65655e+07
  [FastestO Curve] run=4 frac=0.6 budget_n=500 est=5.23957e+07
  [FastestO Curve] run=4 frac=0.7 budget_n=500 est=4.86032e+07
  [FastestO Curve] run=4 frac=0.8 budget_n=500 est=4.09299e+07
  [FastestO Curve] run=4 frac=0.9 budget_n=500 est=5.03072e+07
  [FastestO Curve] run=5 frac=0.01 budget_n=500 est=7.07232e+07
  [FastestO Curve] run=5 frac=0.05 budget_n=500 est=6.05817e+07
  [FastestO Curve] run=5 frac=0.075 budget_n=500 est=6.30749e+07
  [FastestO Curve] run=5 frac=0.1 budget_n=500 est=4.81649e+07
  [FastestO Curve] run=5 frac=0.15 budget_n=500 est=7.28723e+07
  [FastestO Curve] run=5 frac=0.2 budget_n=500 est=5.92908e+07
  [FastestO Curve] run=5 frac=0.3 budget_n=500 est=5.97121e+07
  [FastestO Curve] run=5 frac=0.4 budget_n=500 est=2.79659e+07
  [FastestO Curve] run=5 frac=0.5 budget_n=500 est=5.42795e+07
  [FastestO Curve] run=5 frac=0.6 budget_n=500 est=7.0745e+07
  [FastestO Curve] run=5 frac=0.7 budget_n=500 est=5.0682e+07
  [FastestO Curve] run=5 frac=0.8 budget_n=500 est=3.88235e+07
  [FastestO Curve] run=5 frac=0.9 budget_n=500 est=7.95231e+07
  [Result] #CandTree           : 2.295e+05
  [Result] #TreeTrials         : 1028
  [Result] #TreeSuccess        : 52
  [Result] #UniqueOracleNodes  : 500.0000
  [Result] Truth               : 229547.0000
  [Result] Est                 : 79523074.7519
  [Result] logQError           : 2.5396
  [Result] TreeCountTime       : 25.9892
  [Result] QueryTime           : 1.5540
/home/wangshuo/projects/PROXY/datasets/parler-E/query_graph/query_cycle_4_5.graph Finished!

Start Processing (Multi-Predicate) /home/wangshuo/projects/PROXY/datasets/parler-E/query_graph/query_cycle_4_6.graph
[Info] Using explicit query nodes for predicates: 0 1 
[Info] FOIS_nrs base budget not found, will rely strictly on Curve CSV.
[Info] Using user-specified root label 2 -> query node 1
  [FastestO Curve] run=1 frac=0.01 budget_n=500 est=5.28838e+07
  [FastestO Curve] run=1 frac=0.05 budget_n=500 est=5.67883e+07
  [FastestO Curve] run=1 frac=0.075 budget_n=500 est=4.46129e+07
  [FastestO Curve] run=1 frac=0.1 budget_n=500 est=5.25857e+07
  [FastestO Curve] run=1 frac=0.15 budget_n=500 est=4.00969e+07
  [FastestO Curve] run=1 frac=0.2 budget_n=500 est=3.36645e+07
  [FastestO Curve] run=1 frac=0.3 budget_n=500 est=4.3876e+07
  [FastestO Curve] run=1 frac=0.4 budget_n=500 est=4.56942e+07
  [FastestO Curve] run=1 frac=0.5 budget_n=500 est=5.92049e+07
  [FastestO Curve] run=1 frac=0.6 budget_n=500 est=3.63102e+07
  [FastestO Curve] run=1 frac=0.7 budget_n=500 est=7.60214e+07
  [FastestO Curve] run=1 frac=0.8 budget_n=500 est=7.88471e+07
  [FastestO Curve] run=1 frac=0.9 budget_n=500 est=3.72771e+07
  [FastestO Curve] run=2 frac=0.01 budget_n=500 est=4.09614e+07
  [FastestO Curve] run=2 frac=0.05 budget_n=500 est=7.21133e+07
  [FastestO Curve] run=2 frac=0.075 budget_n=500 est=5.97559e+07
  [FastestO Curve] run=2 frac=0.1 budget_n=500 est=9.07346e+07
  [FastestO Curve] run=2 frac=0.15 budget_n=500 est=5.89165e+07
  [FastestO Curve] run=2 frac=0.2 budget_n=500 est=4.41679e+07
  [FastestO Curve] run=2 frac=0.3 budget_n=500 est=3.30881e+07
  [FastestO Curve] run=2 frac=0.4 budget_n=500 est=2.87687e+07
  [FastestO Curve] run=2 frac=0.5 budget_n=500 est=3.27442e+07
  [FastestO Curve] run=2 frac=0.6 budget_n=500 est=7.75045e+07
  [FastestO Curve] run=2 frac=0.7 budget_n=500 est=4.28447e+07
  [FastestO Curve] run=2 frac=0.8 budget_n=500 est=4.93264e+07
  [FastestO Curve] run=2 frac=0.9 budget_n=500 est=7.6094e+07
  [FastestO Curve] run=3 frac=0.01 budget_n=500 est=3.51604e+07
  [FastestO Curve] run=3 frac=0.05 budget_n=500 est=3.88819e+07
  [FastestO Curve] run=3 frac=0.075 budget_n=500 est=6.17107e+07
  [FastestO Curve] run=3 frac=0.1 budget_n=500 est=2.42122e+07
  [FastestO Curve] run=3 frac=0.15 budget_n=500 est=6.79205e+07
  [FastestO Curve] run=3 frac=0.2 budget_n=500 est=5.86892e+07
  [FastestO Curve] run=3 frac=0.3 budget_n=500 est=7.37245e+07
  [FastestO Curve] run=3 frac=0.4 budget_n=500 est=8.36185e+07
  [FastestO Curve] run=3 frac=0.5 budget_n=500 est=5.03704e+07
  [FastestO Curve] run=3 frac=0.6 budget_n=500 est=3.78049e+07
  [FastestO Curve] run=3 frac=0.7 budget_n=500 est=5.38786e+07
  [FastestO Curve] run=3 frac=0.8 budget_n=500 est=7.07531e+07
  [FastestO Curve] run=3 frac=0.9 budget_n=500 est=7.00876e+07
  [FastestO Curve] run=4 frac=0.01 budget_n=500 est=7.73391e+07
  [FastestO Curve] run=4 frac=0.05 budget_n=500 est=5.18787e+07
  [FastestO Curve] run=4 frac=0.075 budget_n=500 est=1.66487e+07
  [FastestO Curve] run=4 frac=0.1 budget_n=500 est=4.89126e+07
  [FastestO Curve] run=4 frac=0.15 budget_n=500 est=8.93595e+07
  [FastestO Curve] run=4 frac=0.2 budget_n=500 est=5.70119e+07
  [FastestO Curve] run=4 frac=0.3 budget_n=500 est=7.87537e+07
  [FastestO Curve] run=4 frac=0.4 budget_n=500 est=4.22651e+07
  [FastestO Curve] run=4 frac=0.5 budget_n=500 est=3.84336e+07
  [FastestO Curve] run=4 frac=0.6 budget_n=500 est=4.95471e+07
  [FastestO Curve] run=4 frac=0.7 budget_n=500 est=3.44077e+07
  [FastestO Curve] run=4 frac=0.8 budget_n=500 est=3.75759e+07
  [FastestO Curve] run=4 frac=0.9 budget_n=500 est=6.34321e+07
  [FastestO Curve] run=5 frac=0.01 budget_n=500 est=3.57702e+07
  [FastestO Curve] run=5 frac=0.05 budget_n=500 est=2.67502e+07
  [FastestO Curve] run=5 frac=0.075 budget_n=500 est=1.69298e+07
  [FastestO Curve] run=5 frac=0.1 budget_n=500 est=2.41103e+07
  [FastestO Curve] run=5 frac=0.15 budget_n=500 est=1.68008e+07
  [FastestO Curve] run=5 frac=0.2 budget_n=500 est=4.02768e+07
  [FastestO Curve] run=5 frac=0.3 budget_n=500 est=3.66489e+07
  [FastestO Curve] run=5 frac=0.4 budget_n=500 est=7.48837e+07
  [FastestO Curve] run=5 frac=0.5 budget_n=500 est=5.87824e+07
  [FastestO Curve] run=5 frac=0.6 budget_n=500 est=4.59951e+07
  [FastestO Curve] run=5 frac=0.7 budget_n=500 est=3.1287e+07
  [FastestO Curve] run=5 frac=0.8 budget_n=500 est=4.8642e+07
  [FastestO Curve] run=5 frac=0.9 budget_n=500 est=5.07696e+07
  [Result] #CandTree           : 2.295e+05
  [Result] #TreeTrials         : 410
  [Result] #TreeSuccess        : 13
  [Result] #UniqueOracleNodes  : 500.0000
  [Result] Truth               : 229547.0000
  [Result] Est                 : 50769637.8220
  [Result] logQError           : 2.3447
  [Result] TreeCountTime       : 26.3547
  [Result] QueryTime           : 0.8637
/home/wangshuo/projects/PROXY/datasets/parler-E/query_graph/query_cycle_4_6.graph Finished!

Start Processing (Multi-Predicate) /home/wangshuo/projects/PROXY/datasets/parler-E/query_graph/query_cycle_4_7.graph
[Info] Using explicit query nodes for predicates: 2 3 
[Info] FOIS_nrs base budget not found, will rely strictly on Curve CSV.
[Info] Using user-specified root label 2 -> query node 3
  [FastestO Curve] run=1 frac=0.01 budget_n=500 est=3.71822e+06
  [FastestO Curve] run=1 frac=0.05 budget_n=500 est=2.50704e+06
  [FastestO Curve] run=1 frac=0.075 budget_n=500 est=3.60071e+06
  [FastestO Curve] run=1 frac=0.1 budget_n=500 est=5.0037e+06
  [FastestO Curve] run=1 frac=0.15 budget_n=500 est=8.0995e+06
  [FastestO Curve] run=1 frac=0.2 budget_n=500 est=1.28956e+06
  [FastestO Curve] run=1 frac=0.3 budget_n=500 est=2.85513e+06
  [FastestO Curve] run=1 frac=0.4 budget_n=500 est=1.10843e+07
  [FastestO Curve] run=1 frac=0.5 budget_n=500 est=6.52351e+06
  [FastestO Curve] run=1 frac=0.6 budget_n=500 est=8.25293e+06
  [FastestO Curve] run=1 frac=0.7 budget_n=500 est=5.90503e+06
  [FastestO Curve] run=1 frac=0.8 budget_n=500 est=3.80133e+06
  [FastestO Curve] run=1 frac=0.9 budget_n=500 est=1.53364e+06
  [FastestO Curve] run=2 frac=0.01 budget_n=500 est=4.7862e+06
  [FastestO Curve] run=2 frac=0.05 budget_n=500 est=1.97789e+06
  [FastestO Curve] run=2 frac=0.075 budget_n=500 est=3.3392e+06
  [FastestO Curve] run=2 frac=0.1 budget_n=500 est=2.77451e+06
  [FastestO Curve] run=2 frac=0.15 budget_n=500 est=5.94907e+06
  [FastestO Curve] run=2 frac=0.2 budget_n=500 est=1.00583e+07
  [FastestO Curve] run=2 frac=0.3 budget_n=500 est=3.74714e+07
  [FastestO Curve] run=2 frac=0.4 budget_n=500 est=3.14192e+06
  [FastestO Curve] run=2 frac=0.5 budget_n=500 est=2.52841e+06
  [FastestO Curve] run=2 frac=0.6 budget_n=500 est=4.87097e+06
  [FastestO Curve] run=2 frac=0.7 budget_n=500 est=5.09789e+06
  [FastestO Curve] run=2 frac=0.8 budget_n=500 est=2.13681e+06
  [FastestO Curve] run=2 frac=0.9 budget_n=500 est=2.8192e+06
  [FastestO Curve] run=3 frac=0.01 budget_n=500 est=3.07572e+06
  [FastestO Curve] run=3 frac=0.05 budget_n=500 est=1.34614e+07
  [FastestO Curve] run=3 frac=0.075 budget_n=500 est=2.24276e+06
  [FastestO Curve] run=3 frac=0.1 budget_n=500 est=9.258e+06
  [FastestO Curve] run=3 frac=0.15 budget_n=500 est=4.70793e+06
  [FastestO Curve] run=3 frac=0.2 budget_n=500 est=7.75251e+06
  [FastestO Curve] run=3 frac=0.3 budget_n=500 est=8.10703e+06
  [FastestO Curve] run=3 frac=0.4 budget_n=500 est=5.23246e+06
  [FastestO Curve] run=3 frac=0.5 budget_n=500 est=8.44468e+06
  [FastestO Curve] run=3 frac=0.6 budget_n=500 est=8.57432e+06
  [FastestO Curve] run=3 frac=0.7 budget_n=500 est=2.86704e+06
  [FastestO Curve] run=3 frac=0.8 budget_n=500 est=4.10144e+06
  [FastestO Curve] run=3 frac=0.9 budget_n=500 est=8.1196e+06
  [FastestO Curve] run=4 frac=0.01 budget_n=500 est=2.94454e+07
  [FastestO Curve] run=4 frac=0.05 budget_n=500 est=3.98234e+06
  [FastestO Curve] run=4 frac=0.075 budget_n=500 est=1.86125e+06
  [FastestO Curve] run=4 frac=0.1 budget_n=500 est=6.64388e+06
  [FastestO Curve] run=4 frac=0.15 budget_n=500 est=1.64181e+06
  [FastestO Curve] run=4 frac=0.2 budget_n=500 est=1.00197e+07
  [FastestO Curve] run=4 frac=0.3 budget_n=500 est=2.38953e+06
  [FastestO Curve] run=4 frac=0.4 budget_n=500 est=2.1681e+06
  [FastestO Curve] run=4 frac=0.5 budget_n=500 est=5.62679e+06
  [FastestO Curve] run=4 frac=0.6 budget_n=500 est=4.63337e+06
  [FastestO Curve] run=4 frac=0.7 budget_n=500 est=1.46264e+07
  [FastestO Curve] run=4 frac=0.8 budget_n=500 est=4.94765e+06
  [FastestO Curve] run=4 frac=0.9 budget_n=500 est=2.88671e+06
  [FastestO Curve] run=5 frac=0.01 budget_n=500 est=1.20467e+07
  [FastestO Curve] run=5 frac=0.05 budget_n=500 est=3.85701e+06
  [FastestO Curve] run=5 frac=0.075 budget_n=500 est=7.53959e+06
  [FastestO Curve] run=5 frac=0.1 budget_n=500 est=2.54267e+06
  [FastestO Curve] run=5 frac=0.15 budget_n=500 est=3.46358e+06
  [FastestO Curve] run=5 frac=0.2 budget_n=500 est=4.15001e+06
  [FastestO Curve] run=5 frac=0.3 budget_n=500 est=6.37682e+06
  [FastestO Curve] run=5 frac=0.4 budget_n=500 est=1.03094e+07
  [FastestO Curve] run=5 frac=0.5 budget_n=500 est=3.14405e+06
  [FastestO Curve] run=5 frac=0.6 budget_n=500 est=5.83263e+06
  [FastestO Curve] run=5 frac=0.7 budget_n=500 est=2.86083e+06
  [FastestO Curve] run=5 frac=0.8 budget_n=500 est=2.29364e+06
  [FastestO Curve] run=5 frac=0.9 budget_n=500 est=3.0593e+07
  [Result] #CandTree           : 3.977e+05
  [Result] #TreeTrials         : 348
  [Result] #TreeSuccess        : 16
  [Result] #UniqueOracleNodes  : 500.0000
  [Result] Truth               : 397653.0000
  [Result] Est                 : 30592999.3362
  [Result] logQError           : 1.8861
  [Result] TreeCountTime       : 23.2437
  [Result] QueryTime           : 0.6225
/home/wangshuo/projects/PROXY/datasets/parler-E/query_graph/query_cycle_4_7.graph Finished!

Start Processing (Multi-Predicate) /home/wangshuo/projects/PROXY/datasets/parler-E/query_graph/query_cycle_4_8.graph
[Info] Using explicit query nodes for predicates: 0 2 3 
[Info] FOIS_nrs base budget not found, will rely strictly on Curve CSV.
[Info] Using user-specified root label 2 -> query node 0
  [FastestO Curve] run=1 frac=0.01 budget_n=500 est=185402
  [FastestO Curve] run=1 frac=0.05 budget_n=500 est=658050
  [FastestO Curve] run=1 frac=0.075 budget_n=500 est=1.66857e+06
  [FastestO Curve] run=1 frac=0.1 budget_n=500 est=0
  [FastestO Curve] run=1 frac=0.15 budget_n=500 est=254321
  [FastestO Curve] run=1 frac=0.2 budget_n=500 est=1.25237e+06
  [FastestO Curve] run=1 frac=0.3 budget_n=500 est=5.58264e+06
  [FastestO Curve] run=1 frac=0.4 budget_n=500 est=1.01677e+06
  [FastestO Curve] run=1 frac=0.5 budget_n=500 est=244104
  [FastestO Curve] run=1 frac=0.6 budget_n=500 est=860217
  [FastestO Curve] run=1 frac=0.7 budget_n=500 est=316415
  [FastestO Curve] run=1 frac=0.8 budget_n=500 est=366124
  [FastestO Curve] run=1 frac=0.9 budget_n=500 est=1.05879e+06
  [FastestO Curve] run=2 frac=0.01 budget_n=500 est=543114
  [FastestO Curve] run=2 frac=0.05 budget_n=500 est=654348
  [FastestO Curve] run=2 frac=0.075 budget_n=500 est=506297
  [FastestO Curve] run=2 frac=0.1 budget_n=500 est=1.79486e+06
  [FastestO Curve] run=2 frac=0.15 budget_n=500 est=2.25368e+06
  [FastestO Curve] run=2 frac=0.2 budget_n=500 est=571569
  [FastestO Curve] run=2 frac=0.3 budget_n=500 est=2.18749e+06
  [FastestO Curve] run=2 frac=0.4 budget_n=500 est=337204
  [FastestO Curve] run=2 frac=0.5 budget_n=500 est=1.50316e+06
  [FastestO Curve] run=2 frac=0.6 budget_n=500 est=529741
  [FastestO Curve] run=2 frac=0.7 budget_n=500 est=1.01951e+06
  [FastestO Curve] run=2 frac=0.8 budget_n=500 est=401733
  [FastestO Curve] run=2 frac=0.9 budget_n=500 est=3.3679e+06
  [FastestO Curve] run=3 frac=0.01 budget_n=500 est=0
  [FastestO Curve] run=3 frac=0.05 budget_n=500 est=227386
  [FastestO Curve] run=3 frac=0.075 budget_n=500 est=132372
  [FastestO Curve] run=3 frac=0.1 budget_n=500 est=0
  [FastestO Curve] run=3 frac=0.15 budget_n=500 est=6.23044e+06
  [FastestO Curve] run=3 frac=0.2 budget_n=500 est=1.51798e+06
  [FastestO Curve] run=3 frac=0.3 budget_n=500 est=1.12838e+06
  [FastestO Curve] run=3 frac=0.4 budget_n=500 est=259004
  [FastestO Curve] run=3 frac=0.5 budget_n=500 est=390105
  [FastestO Curve] run=3 frac=0.6 budget_n=500 est=811534
  [FastestO Curve] run=3 frac=0.7 budget_n=500 est=0
  [FastestO Curve] run=3 frac=0.8 budget_n=500 est=1.24161e+06
  [FastestO Curve] run=3 frac=0.9 budget_n=500 est=2.39985e+07
  [FastestO Curve] run=4 frac=0.01 budget_n=500 est=2.4987e+07
  [FastestO Curve] run=4 frac=0.05 budget_n=500 est=9.97022e+06
  [FastestO Curve] run=4 frac=0.075 budget_n=500 est=698821
  [FastestO Curve] run=4 frac=0.1 budget_n=500 est=1.49201e+06
  [FastestO Curve] run=4 frac=0.15 budget_n=500 est=1.07341e+06
  [FastestO Curve] run=4 frac=0.2 budget_n=500 est=320678
  [FastestO Curve] run=4 frac=0.3 budget_n=500 est=1.2628e+06
  [FastestO Curve] run=4 frac=0.4 budget_n=500 est=1.04236e+06
  [FastestO Curve] run=4 frac=0.5 budget_n=500 est=2.85047e+06
  [FastestO Curve] run=4 frac=0.6 budget_n=500 est=2.48723e+06
  [FastestO Curve] run=4 frac=0.7 budget_n=500 est=0
  [FastestO Curve] run=4 frac=0.8 budget_n=500 est=0
  [FastestO Curve] run=4 frac=0.9 budget_n=500 est=2.48541e+07
  [FastestO Curve] run=5 frac=0.01 budget_n=500 est=1.97563e+06
  [FastestO Curve] run=5 frac=0.05 budget_n=500 est=567289
  [FastestO Curve] run=5 frac=0.075 budget_n=500 est=2.4198e+07
  [FastestO Curve] run=5 frac=0.1 budget_n=500 est=760853
  [FastestO Curve] run=5 frac=0.15 budget_n=500 est=512632
  [FastestO Curve] run=5 frac=0.2 budget_n=500 est=0
  [FastestO Curve] run=5 frac=0.3 budget_n=500 est=2.17065e+06
  [FastestO Curve] run=5 frac=0.4 budget_n=500 est=4.23542e+06
  [FastestO Curve] run=5 frac=0.5 budget_n=500 est=1.91745e+06
  [FastestO Curve] run=5 frac=0.6 budget_n=500 est=0
  [FastestO Curve] run=5 frac=0.7 budget_n=500 est=0
  [FastestO Curve] run=5 frac=0.8 budget_n=500 est=0
  [FastestO Curve] run=5 frac=0.9 budget_n=500 est=917885
  [Result] #CandTree           : 4.901e+05
  [Result] #TreeTrials         : 504
  [Result] #TreeSuccess        : 2
  [Result] #UniqueOracleNodes  : 500.0000
  [Result] Truth               : 475704.0000
  [Result] Est                 : 917884.5397
  [Result] logQError           : 0.2855
  [Result] TreeCountTime       : 27.6192
  [Result] QueryTime           : 0.9240
/home/wangshuo/projects/PROXY/datasets/parler-E/query_graph/query_cycle_4_8.graph Finished!

Start Processing (Multi-Predicate) /home/wangshuo/projects/PROXY/datasets/parler-E/query_graph/query_cycle_4_9.graph
[Info] Using explicit query nodes for predicates: 0 1 
[Info] FOIS_nrs base budget not found, will rely strictly on Curve CSV.
[Info] Using user-specified root label 2 -> query node 1
  [FastestO Curve] run=1 frac=0.01 budget_n=500 est=1.27852e+07
  [FastestO Curve] run=1 frac=0.05 budget_n=500 est=3.83393e+06
  [FastestO Curve] run=1 frac=0.075 budget_n=500 est=2.27012e+06
  [FastestO Curve] run=1 frac=0.1 budget_n=500 est=6.89731e+06
  [FastestO Curve] run=1 frac=0.15 budget_n=500 est=9.65555e+06
  [FastestO Curve] run=1 frac=0.2 budget_n=500 est=4.39564e+06
  [FastestO Curve] run=1 frac=0.3 budget_n=500 est=4.19264e+06
  [FastestO Curve] run=1 frac=0.4 budget_n=500 est=4.48407e+06
  [FastestO Curve] run=1 frac=0.5 budget_n=500 est=6.10122e+06
  [FastestO Curve] run=1 frac=0.6 budget_n=500 est=9.27942e+06
  [FastestO Curve] run=1 frac=0.7 budget_n=500 est=7.53371e+06
  [FastestO Curve] run=1 frac=0.8 budget_n=500 est=6.82902e+06
  [FastestO Curve] run=1 frac=0.9 budget_n=500 est=1.14365e+07
  [FastestO Curve] run=2 frac=0.01 budget_n=500 est=8.21058e+06
  [FastestO Curve] run=2 frac=0.05 budget_n=500 est=3.91315e+06
  [FastestO Curve] run=2 frac=0.075 budget_n=500 est=8.19773e+06
  [FastestO Curve] run=2 frac=0.1 budget_n=500 est=6.84733e+06
  [FastestO Curve] run=2 frac=0.15 budget_n=500 est=6.98626e+06
  [FastestO Curve] run=2 frac=0.2 budget_n=500 est=4.65535e+06
  [FastestO Curve] run=2 frac=0.3 budget_n=500 est=1.33673e+07
  [FastestO Curve] run=2 frac=0.4 budget_n=500 est=5.0712e+06
  [FastestO Curve] run=2 frac=0.5 budget_n=500 est=2.8727e+06
  [FastestO Curve] run=2 frac=0.6 budget_n=500 est=5.17659e+06
  [FastestO Curve] run=2 frac=0.7 budget_n=500 est=8.97017e+06
  [FastestO Curve] run=2 frac=0.8 budget_n=500 est=6.97696e+06
  [FastestO Curve] run=2 frac=0.9 budget_n=500 est=8.37886e+06
  [FastestO Curve] run=3 frac=0.01 budget_n=500 est=7.02266e+06
  [FastestO Curve] run=3 frac=0.05 budget_n=500 est=9.83009e+06
  [FastestO Curve] run=3 frac=0.075 budget_n=500 est=5.0801e+06
  [FastestO Curve] run=3 frac=0.1 budget_n=500 est=7.03049e+06
  [FastestO Curve] run=3 frac=0.15 budget_n=500 est=8.08025e+06
  [FastestO Curve] run=3 frac=0.2 budget_n=500 est=2.79769e+06
  [FastestO Curve] run=3 frac=0.3 budget_n=500 est=9.39817e+06
  [FastestO Curve] run=3 frac=0.4 budget_n=500 est=2.36435e+06
  [FastestO Curve] run=3 frac=0.5 budget_n=500 est=8.18258e+06
  [FastestO Curve] run=3 frac=0.6 budget_n=500 est=6.08775e+06
  [FastestO Curve] run=3 frac=0.7 budget_n=500 est=1.14705e+07
  [FastestO Curve] run=3 frac=0.8 budget_n=500 est=2.99353e+06
  [FastestO Curve] run=3 frac=0.9 budget_n=500 est=6.88104e+06
  [FastestO Curve] run=4 frac=0.01 budget_n=500 est=8.848e+06
  [FastestO Curve] run=4 frac=0.05 budget_n=500 est=6.70176e+06
  [FastestO Curve] run=4 frac=0.075 budget_n=500 est=5.03049e+06
  [FastestO Curve] run=4 frac=0.1 budget_n=500 est=6.61716e+06
  [FastestO Curve] run=4 frac=0.15 budget_n=500 est=8.98068e+06
  [FastestO Curve] run=4 frac=0.2 budget_n=500 est=6.80972e+06
  [FastestO Curve] run=4 frac=0.3 budget_n=500 est=6.91694e+06
  [FastestO Curve] run=4 frac=0.4 budget_n=500 est=4.12261e+06
  [FastestO Curve] run=4 frac=0.5 budget_n=500 est=1.22133e+07
  [FastestO Curve] run=4 frac=0.6 budget_n=500 est=7.84815e+06
  [FastestO Curve] run=4 frac=0.7 budget_n=500 est=2.78156e+06
  [FastestO Curve] run=4 frac=0.8 budget_n=500 est=5.67198e+06
  [FastestO Curve] run=4 frac=0.9 budget_n=500 est=1.11404e+07
  [FastestO Curve] run=5 frac=0.01 budget_n=500 est=1.12812e+07
  [FastestO Curve] run=5 frac=0.05 budget_n=500 est=5.22232e+06
  [FastestO Curve] run=5 frac=0.075 budget_n=500 est=8.97047e+06
  [FastestO Curve] run=5 frac=0.1 budget_n=500 est=2.20487e+06
  [FastestO Curve] run=5 frac=0.15 budget_n=500 est=6.26152e+06
  [FastestO Curve] run=5 frac=0.2 budget_n=500 est=9.38084e+06
  [FastestO Curve] run=5 frac=0.3 budget_n=500 est=1.181e+07
  [FastestO Curve] run=5 frac=0.4 budget_n=500 est=6.38823e+06
  [FastestO Curve] run=5 frac=0.5 budget_n=500 est=7.54956e+06
  [FastestO Curve] run=5 frac=0.6 budget_n=500 est=7.61279e+06
  [FastestO Curve] run=5 frac=0.7 budget_n=500 est=7.50633e+06
  [FastestO Curve] run=5 frac=0.8 budget_n=500 est=8.17896e+06
  [FastestO Curve] run=5 frac=0.9 budget_n=500 est=5.50418e+06
  [Result] #CandTree           : 4.923e+04
  [Result] #TreeTrials         : 426
  [Result] #TreeSuccess        : 18
  [Result] #UniqueOracleNodes  : 500.0000
  [Result] Truth               : 49228.0000
  [Result] Est                 : 5504175.7465
  [Result] logQError           : 2.0485
  [Result] TreeCountTime       : 13.6634
  [Result] QueryTime           : 0.5245
/home/wangshuo/projects/PROXY/datasets/parler-E/query_graph/query_cycle_4_9.graph Finished!

Start Processing (Multi-Predicate) /home/wangshuo/projects/PROXY/datasets/parler-E/query_graph/query_cycle_6_1.graph
[Info] Using explicit query nodes for predicates: 1 4 5 
[Info] FOIS_nrs base budget not found, will rely strictly on Curve CSV.
[Info] Using user-specified root label 2 -> query node 1
  [FastestO Curve] run=1 frac=0.01 budget_n=500 est=1.81753e+07
  [FastestO Curve] run=1 frac=0.05 budget_n=500 est=6.49487e+06
  [FastestO Curve] run=1 frac=0.075 budget_n=500 est=9.13322e+06
  [FastestO Curve] run=1 frac=0.1 budget_n=500 est=9.95886e+06
  [FastestO Curve] run=1 frac=0.15 budget_n=500 est=264368
  [FastestO Curve] run=1 frac=0.2 budget_n=500 est=1.09426e+07
  [FastestO Curve] run=1 frac=0.3 budget_n=500 est=876312
  [FastestO Curve] run=1 frac=0.4 budget_n=500 est=3.16505e+07
  [FastestO Curve] run=1 frac=0.5 budget_n=500 est=2.09739e+07
  [FastestO Curve] run=1 frac=0.6 budget_n=500 est=7.98151e+06
  [FastestO Curve] run=1 frac=0.7 budget_n=500 est=7.94726e+06
  [FastestO Curve] run=1 frac=0.8 budget_n=500 est=5.46619e+06
  [FastestO Curve] run=1 frac=0.9 budget_n=500 est=2.6479e+06
  [FastestO Curve] run=2 frac=0.01 budget_n=500 est=4.44684e+06
  [FastestO Curve] run=2 frac=0.05 budget_n=500 est=1.48172e+07
  [FastestO Curve] run=2 frac=0.075 budget_n=500 est=1.20885e+07
  [FastestO Curve] run=2 frac=0.1 budget_n=500 est=3.11404e+06
  [FastestO Curve] run=2 frac=0.15 budget_n=500 est=3.41182e+06
  [FastestO Curve] run=2 frac=0.2 budget_n=500 est=1.18989e+07
  [FastestO Curve] run=2 frac=0.3 budget_n=500 est=1.02308e+07
  [FastestO Curve] run=2 frac=0.4 budget_n=500 est=756735
  [FastestO Curve] run=2 frac=0.5 budget_n=500 est=4.31047e+07
  [FastestO Curve] run=2 frac=0.6 budget_n=500 est=2.20209e+07
  [FastestO Curve] run=2 frac=0.7 budget_n=500 est=891792
  [FastestO Curve] run=2 frac=0.8 budget_n=500 est=2.37738e+06
  [FastestO Curve] run=2 frac=0.9 budget_n=500 est=4.55876e+07
  [FastestO Curve] run=3 frac=0.01 budget_n=500 est=8.93197e+06
  [FastestO Curve] run=3 frac=0.05 budget_n=500 est=1.10076e+07
  [FastestO Curve] run=3 frac=0.075 budget_n=500 est=2.07637e+07
  [FastestO Curve] run=3 frac=0.1 budget_n=500 est=1.59198e+07
  [FastestO Curve] run=3 frac=0.15 budget_n=500 est=0
  [FastestO Curve] run=3 frac=0.2 budget_n=500 est=9.20183e+06
  [FastestO Curve] run=3 frac=0.3 budget_n=500 est=7.01822e+06
  [FastestO Curve] run=3 frac=0.4 budget_n=500 est=1.67679e+07
  [FastestO Curve] run=3 frac=0.5 budget_n=500 est=1.33894e+07
  [FastestO Curve] run=3 frac=0.6 budget_n=500 est=2.58947e+07
  [FastestO Curve] run=3 frac=0.7 budget_n=500 est=4.0017e+06
  [FastestO Curve] run=3 frac=0.8 budget_n=500 est=5.11775e+06
  [FastestO Curve] run=3 frac=0.9 budget_n=500 est=2.6337e+07
  [FastestO Curve] run=4 frac=0.01 budget_n=500 est=3.56644e+07
  [FastestO Curve] run=4 frac=0.05 budget_n=500 est=6.96633e+06
  [FastestO Curve] run=4 frac=0.075 budget_n=500 est=4.52124e+06
  [FastestO Curve] run=4 frac=0.1 budget_n=500 est=8.46227e+06
  [FastestO Curve] run=4 frac=0.15 budget_n=500 est=1.81056e+07
  [FastestO Curve] run=4 frac=0.2 budget_n=500 est=2.38178e+07
  [FastestO Curve] run=4 frac=0.3 budget_n=500 est=0
  [FastestO Curve] run=4 frac=0.4 budget_n=500 est=7.82537e+06
  [FastestO Curve] run=4 frac=0.5 budget_n=500 est=1.88462e+07
  [FastestO Curve] run=4 frac=0.6 budget_n=500 est=678160
  [FastestO Curve] run=4 frac=0.7 budget_n=500 est=1.03312e+07
  [FastestO Curve] run=4 frac=0.8 budget_n=500 est=1.37522e+07
  [FastestO Curve] run=4 frac=0.9 budget_n=500 est=366282
  [FastestO Curve] run=5 frac=0.01 budget_n=500 est=1.54562e+07
  [FastestO Curve] run=5 frac=0.05 budget_n=500 est=1.08715e+07
  [FastestO Curve] run=5 frac=0.075 budget_n=500 est=1.58054e+06
  [FastestO Curve] run=5 frac=0.1 budget_n=500 est=7.64249e+06
  [FastestO Curve] run=5 frac=0.15 budget_n=500 est=1.00102e+07
  [FastestO Curve] run=5 frac=0.2 budget_n=500 est=1.1989e+06
  [FastestO Curve] run=5 frac=0.3 budget_n=500 est=2.23356e+07
  [FastestO Curve] run=5 frac=0.4 budget_n=500 est=8.5126e+06
  [FastestO Curve] run=5 frac=0.5 budget_n=500 est=9.34297e+06
  [FastestO Curve] run=5 frac=0.6 budget_n=500 est=7.93083e+06
  [FastestO Curve] run=5 frac=0.7 budget_n=500 est=3.60014e+06
  [FastestO Curve] run=5 frac=0.8 budget_n=500 est=2.16509e+07
  [FastestO Curve] run=5 frac=0.9 budget_n=500 est=2.60196e+06
  [Result] #CandTree           : 1.122e+06
  [Result] #TreeTrials         : 1287
  [Result] #TreeSuccess        : 5
  [Result] #UniqueOracleNodes  : 500.0000
  [Result] Truth               : 847718.0000
  [Result] Est                 : 2601957.4709
  [Result] logQError           : 0.4870
  [Result] TreeCountTime       : 21.8143
  [Result] QueryTime           : 2.3401
/home/wangshuo/projects/PROXY/datasets/parler-E/query_graph/query_cycle_6_1.graph Finished!

Start Processing (Multi-Predicate) /home/wangshuo/projects/PROXY/datasets/parler-E/query_graph/query_cycle_6_10.graph
[Info] Using explicit query nodes for predicates: 1 2 
[Info] FOIS_nrs base budget not found, will rely strictly on Curve CSV.
[Info] Using user-specified root label 2 -> query node 2
  [FastestO Curve] run=1 frac=0.01 budget_n=500 est=1.14904e+06
  [FastestO Curve] run=1 frac=0.05 budget_n=500 est=987508
  [FastestO Curve] run=1 frac=0.075 budget_n=500 est=1.63642e+06
  [FastestO Curve] run=1 frac=0.1 budget_n=500 est=494023
  [FastestO Curve] run=1 frac=0.15 budget_n=500 est=1.99131e+06
  [FastestO Curve] run=1 frac=0.2 budget_n=500 est=1.08641e+06
  [FastestO Curve] run=1 frac=0.3 budget_n=500 est=1.35155e+06
  [FastestO Curve] run=1 frac=0.4 budget_n=500 est=1.80599e+06
  [FastestO Curve] run=1 frac=0.5 budget_n=500 est=836004
  [FastestO Curve] run=1 frac=0.6 budget_n=500 est=793371
  [FastestO Curve] run=1 frac=0.7 budget_n=500 est=1.0745e+06
  [FastestO Curve] run=1 frac=0.8 budget_n=500 est=296125
  [FastestO Curve] run=1 frac=0.9 budget_n=500 est=938775
  [FastestO Curve] run=2 frac=0.01 budget_n=500 est=613258
  [FastestO Curve] run=2 frac=0.05 budget_n=500 est=1.45248e+06
  [FastestO Curve] run=2 frac=0.075 budget_n=500 est=1.43267e+06
  [FastestO Curve] run=2 frac=0.1 budget_n=500 est=1.22117e+06
  [FastestO Curve] run=2 frac=0.15 budget_n=500 est=541702
  [FastestO Curve] run=2 frac=0.2 budget_n=500 est=1.25791e+06
  [FastestO Curve] run=2 frac=0.3 budget_n=500 est=479583
  [FastestO Curve] run=2 frac=0.4 budget_n=500 est=1.15369e+06
  [FastestO Curve] run=2 frac=0.5 budget_n=500 est=617560
  [FastestO Curve] run=2 frac=0.6 budget_n=500 est=1.46711e+06
  [FastestO Curve] run=2 frac=0.7 budget_n=500 est=1.31977e+06
  [FastestO Curve] run=2 frac=0.8 budget_n=500 est=1.97383e+06
  [FastestO Curve] run=2 frac=0.9 budget_n=500 est=715970
  [FastestO Curve] run=3 frac=0.01 budget_n=500 est=232612
  [FastestO Curve] run=3 frac=0.05 budget_n=500 est=1.27046e+06
  [FastestO Curve] run=3 frac=0.075 budget_n=500 est=1.12592e+06
  [FastestO Curve] run=3 frac=0.1 budget_n=500 est=2.06516e+06
  [FastestO Curve] run=3 frac=0.15 budget_n=500 est=662551
  [FastestO Curve] run=3 frac=0.2 budget_n=500 est=1.18739e+06
  [FastestO Curve] run=3 frac=0.3 budget_n=500 est=1.02409e+06
  [FastestO Curve] run=3 frac=0.4 budget_n=500 est=1.17147e+06
  [FastestO Curve] run=3 frac=0.5 budget_n=500 est=1.03327e+06
  [FastestO Curve] run=3 frac=0.6 budget_n=500 est=1.46402e+06
  [FastestO Curve] run=3 frac=0.7 budget_n=500 est=602753
  [FastestO Curve] run=3 frac=0.8 budget_n=500 est=2.0704e+06
  [FastestO Curve] run=3 frac=0.9 budget_n=500 est=1.04516e+06
  [FastestO Curve] run=4 frac=0.01 budget_n=500 est=407502
  [FastestO Curve] run=4 frac=0.05 budget_n=500 est=1.22883e+06
  [FastestO Curve] run=4 frac=0.075 budget_n=500 est=601010
  [FastestO Curve] run=4 frac=0.1 budget_n=500 est=2.15492e+06
  [FastestO Curve] run=4 frac=0.15 budget_n=500 est=559342
  [FastestO Curve] run=4 frac=0.2 budget_n=500 est=1.93878e+06
  [FastestO Curve] run=4 frac=0.3 budget_n=500 est=459983
  [FastestO Curve] run=4 frac=0.4 budget_n=500 est=824906
  [FastestO Curve] run=4 frac=0.5 budget_n=500 est=917924
  [FastestO Curve] run=4 frac=0.6 budget_n=500 est=1.0479e+06
  [FastestO Curve] run=4 frac=0.7 budget_n=500 est=1.2459e+06
  [FastestO Curve] run=4 frac=0.8 budget_n=500 est=1.42215e+06
  [FastestO Curve] run=4 frac=0.9 budget_n=500 est=1.7187e+06
  [FastestO Curve] run=5 frac=0.01 budget_n=500 est=1.51191e+06
  [FastestO Curve] run=5 frac=0.05 budget_n=500 est=2.20394e+06
  [FastestO Curve] run=5 frac=0.075 budget_n=500 est=479310
  [FastestO Curve] run=5 frac=0.1 budget_n=500 est=558295
  [FastestO Curve] run=5 frac=0.15 budget_n=500 est=1.76658e+06
  [FastestO Curve] run=5 frac=0.2 budget_n=500 est=427727
  [FastestO Curve] run=5 frac=0.3 budget_n=500 est=1.16905e+06
  [FastestO Curve] run=5 frac=0.4 budget_n=500 est=1.97633e+06
  [FastestO Curve] run=5 frac=0.5 budget_n=500 est=1.36348e+06
  [FastestO Curve] run=5 frac=0.6 budget_n=500 est=422233
  [FastestO Curve] run=5 frac=0.7 budget_n=500 est=2.3349e+06
  [FastestO Curve] run=5 frac=0.8 budget_n=500 est=1.50475e+06
  [FastestO Curve] run=5 frac=0.9 budget_n=500 est=2.45647e+06
  [Result] #CandTree           : 1.114e+04
  [Result] #TreeTrials         : 471
  [Result] #TreeSuccess        : 18
  [Result] #UniqueOracleNodes  : 500.0000
  [Result] Truth               : 10279.0000
  [Result] Est                 : 2456467.9873
  [Result] logQError           : 2.3784
  [Result] TreeCountTime       : 14.0097
  [Result] QueryTime           : 0.7333
/home/wangshuo/projects/PROXY/datasets/parler-E/query_graph/query_cycle_6_10.graph Finished!

Start Processing (Multi-Predicate) /home/wangshuo/projects/PROXY/datasets/parler-E/query_graph/query_cycle_6_11.graph
[Info] Using explicit query nodes for predicates: 3 5 
[Info] FOIS_nrs base budget not found, will rely strictly on Curve CSV.
Traceback (most recent call last):
  File "/home/wangshuo/projects/PROXY/pythonProject/src/baseline/FASTEST-ORACLE.py", line 187, in <module>
    main()
  File "/home/wangshuo/projects/PROXY/pythonProject/src/baseline/FASTEST-ORACLE.py", line 180, in main
    results = [run_single_dataset_task(t) for t in task_list]
  File "/home/wangshuo/projects/PROXY/pythonProject/src/baseline/FASTEST-ORACLE.py", line 180, in <listcomp>
    results = [run_single_dataset_task(t) for t in task_list]
  File "/home/wangshuo/projects/PROXY/pythonProject/src/baseline/FASTEST-ORACLE.py", line 133, in run_single_dataset_task
    code, output = runner.run(
  File "/home/wangshuo/projects/PROXY/pythonProject/src/Structure_first/graph_sample.py", line 92, in run
    for line in proc.stdout:
KeyboardInterrupt
