{
    "query_cycle_4_0.graph": 5874.683194573747,
    "query_cycle_4_1.graph": 5874.683194573747,
    "query_cycle_4_10.graph": 5121.468583985834,
    "query_cycle_4_11.graph": 673.0402269210933,
    "query_cycle_4_12.graph": 1525.8646281254978,
    "query_cycle_4_13.graph": 5970.711749004785,
    "query_cycle_4_14.graph": 5970.711749004785,
    "query_cycle_4_2.graph": 453.9140126205758,
    "query_cycle_4_3.graph": 1346.537704918033,
    "query_cycle_4_4.graph": 1298.3528072837632,
    "query_cycle_4_5.graph": 453.9140126205758,
    "query_cycle_4_6.graph": 1298.3528072837632,
    "query_cycle_4_7.graph": 5204.433210731902,
    "query_cycle_4_8.graph": 5121.468583985834,
    "query_cycle_4_9.graph": 1536.32,
    "query_cycle_6_104.graph": 5054.709117309711,
    "query_cycle_6_106.graph": 5054.709117309711,
    "query_cycle_6_109.graph": 5054.709117309711,
    "query_cycle_6_112.graph": 2872.5452500209376,
    "query_cycle_6_113.graph": 2690.6817688367805,
    "query_cycle_6_116.graph": 320.18136098169174,
    "query_cycle_6_118.graph": 320.18136098169174,
    "query_cycle_6_119.graph": 3179.014672838812,
    "query_cycle_6_120.graph": 3779.483404017574,
    "query_cycle_6_121.graph": 319.03919423168645,
    "query_cycle_6_122.graph": 1709.7493949898221,
    "query_cycle_6_123.graph": 320.18136098169174,
    "query_cycle_6_124.graph": 1990.2806816762702,
    "query_cycle_6_125.graph": 2872.5452500209376,
    "query_cycle_6_126.graph": 320.18136098169174,
    "query_cycle_6_127.graph": 1085.2712215320912,
    "query_cycle_6_128.graph": 2872.5452500209376,
    "query_cycle_6_129.graph": 1440.986907367272,
    "query_cycle_6_130.graph": 5411.897102192589,
    "query_cycle_6_132.graph": 4174.244863367647,
    "query_cycle_6_133.graph": 1709.7493949898221,
    "query_cycle_6_135.graph": 1990.2806816762702,
    "query_cycle_6_136.graph": 2661.3587440603746,
    "query_cycle_6_138.graph": 5054.709117309711,
    "query_cycle_6_140.graph": 3779.483404017574,
    "query_cycle_6_142.graph": 3179.014672838812,
    "query_cycle_6_143.graph": 2045.9078746770372,
    "query_cycle_6_145.graph": 1709.7493949898221,
    "query_cycle_6_147.graph": 1990.2806816762702,
    "query_cycle_6_153.graph": 5054.709117309711,
    "query_cycle_6_154.graph": 2045.9078746770372,
    "query_cycle_6_155.graph": 386.0507574156274,
    "query_cycle_6_156.graph": 1440.986907367272,
    "query_cycle_6_157.graph": 5054.709117309711,
    "query_cycle_6_160.graph": 2872.5452500209376,
    "query_cycle_6_161.graph": 981.3477523324851,
    "query_cycle_6_164.graph": 5411.897102192589,
    "query_cycle_6_165.graph": 2480.791833792202,
    "query_cycle_6_167.graph": 319.03919423168645,
    "query_cycle_6_172.graph": 386.0507574156274,
    "query_cycle_6_173.graph": 5411.897102192589,
    "query_cycle_6_174.graph": 2872.5452500209376,
    "query_cycle_6_175.graph": 1734.8857739363905,
    "query_cycle_6_176.graph": 319.03919423168645,
    "query_cycle_6_178.graph": 1440.986907367272,
    "query_cycle_6_180.graph": 473.25195152013146,
    "query_cycle_6_181.graph": 386.0507574156274,
    "query_cycle_6_182.graph": 2872.5452500209376,
    "query_cycle_6_184.graph": 835.2571855169839,
    "query_cycle_6_186.graph": 1085.2712215320912,
    "query_cycle_6_187.graph": 319.03919423168645,
    "query_cycle_6_190.graph": 2872.5452500209376,
    "query_cycle_6_202.graph": 2045.9078746770372,
    "query_cycle_6_39.graph": 2872.5452500209376,
    "query_cycle_6_45.graph": 1440.986907367272,
    "query_cycle_6_54.graph": 1440.986907367272,
    "query_cycle_6_58.graph": 2936.26155161499,
    "query_cycle_6_59.graph": 319.03919423168645,
    "query_cycle_6_60.graph": 2315.4937853527836,
    "query_cycle_6_61.graph": 2045.9078746770372,
    "query_cycle_6_62.graph": 2239.2607863702233,
    "query_cycle_6_63.graph": 3762.768119913408,
    "query_cycle_6_65.graph": 351.3812811612496,
    "query_cycle_6_66.graph": 3370.863917132832,
    "query_cycle_6_68.graph": 2872.5452500209376,
    "query_cycle_6_72.graph": 835.2571855169839,
    "query_cycle_6_73.graph": 400.94930875576034,
    "query_cycle_6_76.graph": 2872.5452500209376,
    "query_cycle_6_82.graph": 4559.01121573802,
    "query_cycle_6_87.graph": 2872.5452500209376,
    "query_cycle_6_88.graph": 981.3477523324851,
    "query_cycle_6_89.graph": 835.2571855169839,
    "query_cycle_6_92.graph": 2872.5452500209376,
    "query_cycle_6_96.graph": 4559.01121573802,
    "query_cycle_8_222.graph": 805.3812721678194,
    "query_cycle_8_223.graph": 345.68016147635524,
    "query_cycle_8_225.graph": 232.16110780168415,
    "query_cycle_8_232.graph": 2869.4739241306165,
    "query_cycle_8_249.graph": 1740.4713274715848,
    "query_cycle_8_250.graph": 1740.4713274715848,
    "query_cycle_8_251.graph": 150.53662471013158,
    "query_cycle_8_254.graph": 2459.154796910474,
    "query_cycle_8_261.graph": 2790.667938863227,
    "query_cycle_8_262.graph": 2219.649717821244,
    "query_cycle_8_264.graph": 1740.4713274715848,
    "query_cycle_8_265.graph": 150.53662471013158,
    "query_cycle_8_268.graph": 2583.7002753459756,
    "query_cycle_8_270.graph": 66.53850331319254,
    "query_cycle_8_274.graph": 1719.7632110395691,
    "query_cycle_8_281.graph": 2125.6001164228014,
    "query_cycle_8_292.graph": 2328.8340497186155,
    "query_cycle_8_302.graph": 150.53662471013158,
    "query_cycle_8_304.graph": 281.2654117183265,
    "query_cycle_8_309.graph": 203.04906782291545,
    "query_cycle_8_314.graph": 1169.9713681044186,
    "query_cycle_8_316.graph": 1719.7632110395691,
    "query_cycle_8_318.graph": 150.53662471013158,
    "query_cycle_8_326.graph": 2078.956098246877,
    "query_cycle_8_329.graph": 150.53662471013158,
    "query_cycle_8_332.graph": 249.84014254804632,
    "query_cycle_8_335.graph": 2078.956098246877,
    "query_cycle_8_337.graph": 2493.9058589849806,
    "query_cycle_8_342.graph": 1719.7632110395691,
    "query_cycle_8_347.graph": 1351.3006639209634,
    "query_cycle_8_355.graph": 1719.7632110395691,
    "query_cycle_8_362.graph": 2125.6001164228014,
    "query_cycle_8_372.graph": 1426.6952043406454,
    "query_cycle_8_375.graph": 66.53850331319254,
    "query_cycle_8_376.graph": 1719.7632110395691,
    "query_cycle_8_378.graph": 1166.4019895797971,
    "query_cycle_8_383.graph": 975.5452244909198,
    "query_cycle_8_387.graph": 1890.983076494246,
    "query_cycle_8_543.graph": 1719.7632110395691,
    "query_cycle_8_592.graph": 1014.864647683705,
    "query_path_4_0.graph": 3393.6913622449,
    "query_path_4_1.graph": 3393.6913622449,
    "query_path_4_10.graph": 5874.683194573747,
    "query_path_4_11.graph": 5121.468583985834,
    "query_path_4_12.graph": 507.7540548636967,
    "query_path_4_13.graph": 453.9140126205758,
    "query_path_4_14.graph": 3712.790942316635,
    "query_path_4_15.graph": 5970.711749004785,
    "query_path_4_16.graph": 5121.468583985834,
    "query_path_4_17.graph": 5204.433210731902,
    "query_path_4_18.graph": 453.9140126205758,
    "query_path_4_19.graph": 5204.433210731902,
    "query_path_4_2.graph": 507.7540548636967,
    "query_path_4_20.graph": 5121.468583985834,
    "query_path_4_21.graph": 1298.3528072837632,
    "query_path_4_3.graph": 3712.790942316635,
    "query_path_4_9.graph": 5874.683194573747,
    "query_path_6_100.graph": 2732.941012501577,
    "query_path_6_101.graph": 2936.26155161499,
    "query_path_6_102.graph": 2872.5452500209376,
    "query_path_6_103.graph": 1709.7493949898221,
    "query_path_6_104.graph": 1440.986907367272,
    "query_path_6_105.graph": 2872.5452500209376,
    "query_path_6_107.graph": 1709.7493949898221,
    "query_path_6_110.graph": 1440.986907367272,
    "query_path_6_113.graph": 2936.26155161499,
    "query_path_6_114.graph": 281.45127146247205,
    "query_path_6_115.graph": 1734.8857739363905,
    "query_path_6_116.graph": 3179.014672838812,
    "query_path_6_117.graph": 281.45127146247205,
    "query_path_6_118.graph": 2471.0802903756594,