{
    "query_3_120.graph": 22.59998838559814,
    "query_3_122.graph": 22.269976162097734,
    "query_3_126.graph": 22.269976162097734,
    "query_3_130.graph": 22.269976162097734,
    "query_3_133.graph": 22.59998838559814,
    "query_3_137.graph": 20.981674311926607,
    "query_3_17.graph": 20.981674311926607,
    "query_3_21.graph": 22.535027932960887,
    "query_3_25.graph": 22.269976162097734,
    "query_3_36.graph": 22.269976162097734,
    "query_3_39.graph": 22.269976162097734,
    "query_3_41.graph": 22.535027932960887,
    "query_3_53.graph": 22.269976162097734,
    "query_3_62.graph": 22.59998838559814,
    "query_3_8.graph": 20.981674311926607,
    "query_3_88.graph": 22.535027932960887,
    "query_3_96.graph": 22.59998838559814,
    "query_4_0.graph": 20.3687619047619,
    "query_4_102.graph": 20.190220264317183,
    "query_4_103.graph": 19.442699115044245,
    "query_4_115.graph": 19.697104974578806,
    "query_4_119.graph": 22.437651821862342,
    "query_4_12.graph": 19.89293696869169,
    "query_4_120.graph": 20.16930265995687,
    "query_4_124.graph": 21.018560827759195,
    "query_4_125.graph": 25.814827586206896,
    "query_4_136.graph": 20.9990124671916,
    "query_4_140.graph": 19.657918552036197,
    "query_4_147.graph": 19.697104974578806,
    "query_4_15.graph": 20.62518181818182,
    "query_4_18.graph": 19.802462505066885,
    "query_4_19.graph": 20.875310533515734,
    "query_4_20.graph": 20.188181262729124,
    "query_4_25.graph": 22.72894736842106,
    "query_4_27.graph": 19.801098901098904,
    "query_4_28.graph": 22.277845528455277,
    "query_4_29.graph": 19.455481965829993,
    "query_4_42.graph": 18.111306122448973,
    "query_4_51.graph": 21.20330243455231,
    "query_4_57.graph": 21.629155555555556,
    "query_4_60.graph": 20.659876033057852,
    "query_4_61.graph": 20.77187242798354,
    "query_4_67.graph": 20.3687619047619,
    "query_4_77.graph": 22.010523560209425,
    "query_4_79.graph": 19.442699115044245,
    "query_4_83.graph": 21.469105691056907,
    "query_4_87.graph": 22.862754716981133,
    "query_4_96.graph": 19.721355932203387,
    "query_5_1.graph": 20.53315058479532,
    "query_5_101.graph": 22.061538461538458,
    "query_5_105.graph": 17.76774925081035,
    "query_5_11.graph": 28.582608695652176,
    "query_5_113.graph": 45.062,
    "query_5_115.graph": 20.59771329365079,
    "query_5_116.graph": 19.356721311475408,
    "query_5_117.graph": 13.97833333333334,
    "query_5_12.graph": 20.38186440677966,
    "query_5_120.graph": 14.822058823529414,
    "query_5_130.graph": 20.97304551135946,
    "query_5_131.graph": 19.95189138576779,
    "query_5_138.graph": 23.275619335347432,
    "query_5_139.graph": 18.969745635040198,
    "query_5_144.graph": 17.84031852028513,
    "query_5_2.graph": 16.515000000000004,
    "query_5_33.graph": 21.886271186440673,
    "query_5_35.graph": 17.267463744782713,
    "query_5_37.graph": 17.680204081632645,
    "query_5_38.graph": 20.100965707528573,
    "query_5_45.graph": 16.730554835825004,
    "query_5_47.graph": 21.23108379501385,
    "query_5_48.graph": 16.70391085749355,
    "query_5_5.graph": 14.124727272727275,
    "query_5_51.graph": 18.04723932183657,
    "query_5_55.graph": 18.481334677419355,
    "query_5_56.graph": 21.11023255813954,
    "query_5_59.graph": 17.87918521168754,
    "query_5_61.graph": 18.071803472770327,
    "query_5_62.graph": 22.268571428571438,
    "query_5_70.graph": 20.524915254237293,
    "query_5_75.graph": 14.399218750000005,
    "query_5_8.graph": 12.135813953488391,
    "query_5_86.graph": 16.89911904505346,
    "query_5_88.graph": 15.25688524590164,
    "query_5_89.graph": 29.287142857142857,
    "query_5_90.graph": 22.514372549019615,
    "query_5_92.graph": 27.330227272727267,
    "query_5_93.graph": 19.23829356471439,
    "query_5_95.graph": 24.526097560975618,
    "query_5_97.graph": 18.117014297683536,
    "query_5_99.graph": 19.607962433646385,
    "query_6_0.graph": 18.02346494987144,
    "query_6_10.graph": 20.599003005292534,
    "query_6_101.graph": 7.9940000000000175,
    "query_6_106.graph": 17.743653002381848,
    "query_6_107.graph": 19.476104651162792,
    "query_6_109.graph": 17.526375617792425,
    "query_6_110.graph": 21.917433808553973,
    "query_6_113.graph": 21.691432973805856,
    "query_6_115.graph": 31.527572815534,
    "query_6_118.graph": 16.428220277895154,
    "query_6_119.graph": 15.40272124751501,
    "query_6_126.graph": 13.179719101123593,
    "query_6_127.graph": 18.24911158525513,
    "query_6_129.graph": 17.66175023029346,
    "query_6_130.graph": 18.51617816091954,
    "query_6_132.graph": 17.296077348066298,
    "query_6_133.graph": 18.94899665551839,
    "query_6_134.graph": 16.895224192356775,
    "query_6_136.graph": 16.610297895272595,
    "query_6_137.graph": 23.583919000430846,
    "query_6_14.graph": 16.335896780872126,
    "query_6_140.graph": 15.69485436893204,
    "query_6_141.graph": 40.064069767441865,
    "query_6_142.graph": 16.335896780872126,
    "query_6_148.graph": 15.513403202625184,
    "query_6_15.graph": 14.796678281068525,
    "query_6_21.graph": 17.903392755547124,
    "query_6_23.graph": 15.756090472026685,
    "query_6_29.graph": 18.36792152402616,
    "query_6_37.graph": 15.091201923076923,
    "query_6_40.graph": 39.194415204678364,
    "query_6_42.graph": 11.203782383419691,
    "query_6_51.graph": 13.681009615384614,
    "query_6_57.graph": 8.360597014925368,
    "query_6_61.graph": 27.112242562929055,
    "query_6_64.graph": 15.007908186567805,
    "query_6_71.graph": 15.6849227153575,
    "query_6_73.graph": 14.056890380313197,
    "query_6_8.graph": 14.60380970838831,
    "query_6_80.graph": 15.377545592472078,
    "query_6_81.graph": 17.350302638831938,
    "query_6_83.graph": 19.1862995585453,
    "query_6_84.graph": 15.10741509433962,
    "query_6_88.graph": 15.506133334054446,
    "query_6_91.graph": 32.245430463576156,
    "query_7_103.graph": 19.38,
    "query_7_113.graph": 19.448690702087287,
    "query_7_118.graph": 14.856951668510247,
    "query_7_121.graph": 9.905784860764502,
    "query_7_125.graph": 16.191924167786237,
    "query_7_140.graph": 11.724374761577781,
    "query_7_144.graph": 21.293544986516302,
    "query_7_146.graph": 10.159032595205435,
    "query_7_149.graph": 6.955371277429468,
    "query_7_15.graph": 13.445463308922433,
    "query_7_17.graph": 20.437250505994083,
    "query_7_23.graph": 102.51354212615792,
    "query_7_32.graph": null,
    "query_7_33.graph": 25.67,
    "query_7_35.graph": 52.68999999999995,
    "query_7_36.graph": 13.793126539228332,
    "query_7_44.graph": 16.768571769194086,
    "query_7_53.graph": null,
    "query_7_55.graph": 20.55979801361455,
    "query_7_65.graph": 12.197054865262432,
    "query_7_66.graph": 14.712509395301257,
    "query_7_83.graph": 16.21311331487706,
    "query_7_84.graph": 21.78081692944108,
    "query_7_86.graph": 21.23,
    "query_7_87.graph": 19.891257486326378,
    "query_7_90.graph": 27.63288376655223,
    "query_7_98.graph": 22.359265254160224,
    "query_8_1.graph": 12.588490566037745,
    "query_8_103.graph": 17.925394588211134,
    "query_8_117.graph": 4.02311063567824,
    "query_8_119.graph": 16.275655060044652,
    "query_8_126.graph": 17.190249712072035,
    "query_8_130.graph": 23.926485764655254,
    "query_8_132.graph": 13.224040721085345,
    "query_8_133.graph": 25.076277782263183,
    "query_8_21.graph": 16.224877111520296,
    "query_8_29.graph": 7.761787191442162,
    "query_8_35.graph": 4.442756108445539,
    "query_8_51.graph": 12.551194850343403,
    "query_8_53.graph": 11.442449929192797,
    "query_8_54.graph": 7.753216683361393,
    "query_8_59.graph": 13.36,
    "query_8_66.graph": 19.366951219512185,
    "query_8_85.graph": 15.26559500959693,
    "query_8_95.graph": 4.435028669330382,
    "query_8_97.graph": 17.065136072363206
}