{
    "query_3_120.graph": 19458.59,
    "query_3_122.graph": 18684.51,
    "query_3_126.graph": 18684.51,
    "query_3_130.graph": 18684.51,
    "query_3_133.graph": 19458.59,
    "query_3_137.graph": 18296.02,
    "query_3_17.graph": 18296.02,
    "query_3_21.graph": 20168.849999999995,
    "query_3_25.graph": 18684.51,
    "query_3_36.graph": 18684.51,
    "query_3_39.graph": 18684.51,
    "query_3_41.graph": 20168.849999999995,
    "query_3_53.graph": 18684.51,
    "query_3_62.graph": 19458.59,
    "query_3_8.graph": 18296.02,
    "query_3_88.graph": 20168.849999999995,
    "query_3_96.graph": 19458.59,
    "query_4_0.graph": 4277.439999999999,
    "query_4_102.graph": 4583.18,
    "query_4_103.graph": 4394.049999999999,
    "query_4_115.graph": 197581.66,
    "query_4_119.graph": 5542.0999999999985,
    "query_4_12.graph": 191887.27000000002,
    "query_4_120.graph": 196388.50000000003,
    "query_4_124.graph": 201105.59,
    "query_4_125.graph": 4491.78,
    "query_4_136.graph": 192014.97,
    "query_4_140.graph": 4344.4,
    "query_4_147.graph": 197581.66,
    "query_4_15.graph": 4537.54,
    "query_4_18.graph": 195410.7,
    "query_4_19.graph": 152598.52000000002,
    "query_4_20.graph": 198247.94,
    "query_4_25.graph": 5182.200000000002,
    "query_4_27.graph": 3603.8,
    "query_4_28.graph": 5480.3499999999985,
    "query_4_29.graph": 184476.88,
    "query_4_42.graph": 4437.269999999999,
    "query_4_51.graph": 208152.82,
    "query_4_57.graph": 4866.56,
    "query_4_60.graph": 4999.6900000000005,
    "query_4_61.graph": 161522.08,
    "query_4_67.graph": 4277.439999999999,
    "query_4_77.graph": 4204.01,
    "query_4_79.graph": 4394.049999999999,
    "query_4_83.graph": 5281.399999999999,
    "query_4_87.graph": 6058.63,
    "query_4_96.graph": 4654.24,
    "query_5_1.graph": 56178.7,
    "query_5_101.graph": 1147.1999999999998,
    "query_5_105.graph": 2905204.68,
    "query_5_11.graph": 657.4000000000001,
    "query_5_113.graph": 225.31,
    "query_5_115.graph": 41524.99,
    "query_5_116.graph": 1180.7599999999998,
    "query_5_117.graph": 754.8300000000004,
    "query_5_12.graph": 1202.53,
    "query_5_120.graph": 503.95000000000005,
    "query_5_130.graph": 2852543.92,
    "query_5_131.graph": 42617.24,
    "query_5_138.graph": 61633.84,
    "query_5_139.graph": 2392426.38,
    "query_5_144.graph": 2692960.4,
    "query_5_2.graph": 792.7200000000001,
    "query_5_33.graph": 1291.2899999999997,
    "query_5_35.graph": 2842172.7300000004,
    "query_5_37.graph": 866.3299999999997,
    "query_5_38.graph": 50996.149999999994,
    "query_5_45.graph": 2918611.83,
    "query_5_47.graph": 61315.369999999995,
    "query_5_48.graph": 2830628.03,
    "query_5_5.graph": 776.8600000000001,
    "query_5_51.graph": 2976278.52,
    "query_5_55.graph": 45833.71,
    "query_5_56.graph": 907.7400000000002,
    "query_5_59.graph": 2998339.3600000003,
    "query_5_61.graph": 45793.950000000004,
    "query_5_62.graph": 779.4000000000003,
    "query_5_70.graph": 1210.9700000000003,
    "query_5_75.graph": 921.5500000000003,
    "query_5_8.graph": 1043.6800000000017,
    "query_5_86.graph": 2822930.24,
    "query_5_88.graph": 930.6700000000001,
    "query_5_89.graph": 205.01,
    "query_5_90.graph": 68893.98000000003,
    "query_5_92.graph": 1202.5299999999997,
    "query_5_93.graph": 53213.12,
    "query_5_95.graph": 1005.5700000000003,
    "query_5_97.graph": 53409501.66,
    "query_5_99.graph": 48019.9,
    "query_6_0.graph": 904255.2599999999,
    "query_6_10.graph": 54792812.42,
    "query_6_101.graph": 959.2800000000021,
    "query_6_106.graph": 707705.6,
    "query_6_107.graph": 10049.67,
    "query_6_109.graph": 10638.510000000002,
    "query_6_110.graph": 10761.460000000001,
    "query_6_113.graph": 14077.74,
    "query_6_115.graph": 3247.340000000002,
    "query_6_118.graph": 660923.73,
    "query_6_119.graph": 55901019.20999999,
    "query_6_126.graph": 7037.969999999999,
    "query_6_127.graph": 803982.86,
    "query_6_129.graph": 536846.56,
    "query_6_130.graph": 12887.26,
    "query_6_132.graph": 6261.179999999999,
    "query_6_133.graph": 11331.499999999996,
    "query_6_134.graph": 60372718.32,
    "query_6_136.graph": 554800.5599999999,
    "query_6_137.graph": 821074.1399999999,
    "query_6_14.graph": 48983415.2,
    "query_6_140.graph": 6466.280000000001,
    "query_6_141.graph": 17227.550000000003,
    "query_6_142.graph": 48983415.2,
    "query_6_148.graph": 43909570.8,
    "query_6_15.graph": 52947190.64,
    "query_6_21.graph": 660832.1299999999,
    "query_6_23.graph": 53517609.58,
    "query_6_29.graph": 645999.8,
    "query_6_37.graph": 9416.91,
    "query_6_40.graph": 13404.49,
    "query_6_42.graph": 8649.320000000002,
    "query_6_51.graph": 11382.599999999999,
    "query_6_57.graph": 560.1599999999996,
    "query_6_61.graph": 11848.049999999997,
    "query_6_64.graph": 55072599.66,
    "query_6_71.graph": 694089.2000000001,
    "query_6_73.graph": 6283.429999999999,
    "query_6_8.graph": 58247134.37999998,
    "query_6_80.graph": 58654279.97999999,
    "query_6_81.graph": 51116628.81999999,
    "query_6_83.graph": 912692.27,
    "query_6_84.graph": 8006.9299999999985,
    "query_6_88.graph": 45873406.88000001,
    "query_6_91.graph": 9738.119999999999,
    "query_7_103.graph": 77.52,
    "query_7_113.graph": 71746.22,
    "query_7_118.graph": 14720624.279999997,
    "query_7_121.graph": 12217577.12,
    "query_7_125.graph": 108469.7,
    "query_7_140.graph": 153671.37999999998,
    "query_7_144.graph": 173712.74,
    "query_7_146.graph": 155524.63,
    "query_7_149.graph": 71000.43000000001,
    "query_7_15.graph": 179927.19,
    "query_7_17.graph": 393805.38,
    "query_7_23.graph": 232398.19999999998,
    "query_7_32.graph": 6.32,
    "query_7_33.graph": 51.34,
    "query_7_35.graph": 2212.9799999999977,
    "query_7_36.graph": 117613.98999999999,
    "query_7_44.graph": 140654.78,
    "query_7_53.graph": 0.0,
    "query_7_55.graph": 184236.34999999998,
    "query_7_65.graph": 11691242.999999998,
    "query_7_66.graph": 9434808.6,
    "query_7_83.graph": 11870933.52,
    "query_7_84.graph": 11862638.790000001,
    "query_7_86.graph": 21.23,
    "query_7_87.graph": 14699917.760000002,
    "query_7_90.graph": 225373.8,
    "query_7_98.graph": 245884.84,
    "query_8_1.graph": 667.1900000000005,
    "query_8_103.graph": 1396459.9400000002,
    "query_8_117.graph": 2117379.22,
    "query_8_119.graph": 2157631.0399999996,
    "query_8_126.graph": 1313472.6,
    "query_8_130.graph": 8618200.54,
    "query_8_132.graph": 3202003.1,
    "query_8_133.graph": 4348276.720000001,
    "query_8_21.graph": 810659.76,
    "query_8_29.graph": 3302857.7800000003,
    "query_8_35.graph": 1682458.4100000001,
    "query_8_51.graph": 1776295.2999999998,
    "query_8_53.graph": 2036161.0799999998,
    "query_8_54.graph": 2182732.0799999996,
    "query_8_59.graph": 7214.4,
    "query_8_66.graph": 1588.089999999999,
    "query_8_85.graph": 63627.00000000001,
    "query_8_95.graph": 1418561.6600000001,
    "query_8_97.graph": 5014607.300000001
}