query_basename,run_id,budget_frac,budget_n,T_true,T_hat,Qerror,n_post,n_comment,oracle_cost,method
query_cycle_4_16.graph,1,0.1,823,6444164.0,18868579.769053712,1.9280104865508874,743,63,806,UN
query_cycle_4_16.graph,2,0.1,823,6444164.0,4465601.450184206,0.30703168786762636,752,59,811,UN
query_cycle_4_16.graph,3,0.1,823,6444164.0,4030529.63660559,0.3745457693805449,748,45,793,UN
query_cycle_4_16.graph,4,0.1,823,6444164.0,5820933.326924909,0.09671241654853772,751,62,813,UN
query_cycle_4_16.graph,5,0.1,823,6444164.0,4055388.992293561,0.3706881152786365,746,51,797,UN
query_cycle_4_16.graph,1,0.1,823,6444164.0,6460976.674520627,0.0026089768231576144,518,398,916,PO
query_cycle_4_16.graph,2,0.1,823,6444164.0,6529321.206709762,0.013214624381030977,520,402,922,PO
query_cycle_4_16.graph,3,0.1,823,6444164.0,6513241.437397975,0.010719379177496808,520,401,921,PO
query_cycle_4_16.graph,4,0.1,823,6444164.0,6481223.911497877,0.0057509261865273725,521,396,917,PO
query_cycle_4_16.graph,5,0.1,823,6444164.0,6433260.787684124,0.0016919514022107503,519,391,910,PO
query_cycle_4_16.graph,1,0.1,823,6444164.0,6100531.17434726,0.053324655556987684,543,78,621,WO
query_cycle_4_16.graph,2,0.1,823,6444164.0,5944843.402747698,0.07748415422889639,575,79,654,WO
query_cycle_4_16.graph,3,0.1,823,6444164.0,7408587.214484066,0.14965839082991458,542,102,644,WO
query_cycle_4_16.graph,4,0.1,823,6444164.0,6613148.794628567,0.02622291962596965,540,74,614,WO
query_cycle_4_16.graph,5,0.1,823,6444164.0,6483943.739191453,0.006172986781753688,588,74,662,WO
query_cycle_4_16.graph,1,0.1,823,6444164.0,6756136.157738541,0.04841157949092252,483,336,819,MAB
query_cycle_4_16.graph,2,0.1,823,6444164.0,7118784.714337157,0.10468708033146845,477,343,820,MAB
query_cycle_4_16.graph,3,0.1,823,6444164.0,6574256.890285771,0.020187706316253176,492,340,832,MAB
query_cycle_4_16.graph,4,0.1,823,6444164.0,6666546.364065394,0.03450910995831171,489,345,834,MAB
query_cycle_4_16.graph,5,0.1,823,6444164.0,5947150.033735213,0.07712621315422562,494,345,839,MAB
query_cycle_4_19.graph,1,0.1,1083,70667282.0,46793105.971000016,0.3378391718673995,820,106,926,UN
query_cycle_4_19.graph,2,0.1,1083,70667282.0,67007720.332,0.05178579909157958,811,104,915,UN
query_cycle_4_19.graph,3,0.1,1083,70667282.0,57529693.17800001,0.1859076569833263,817,98,915,UN
query_cycle_4_19.graph,4,0.1,1083,70667282.0,43117633.39599998,0.3898501233427942,802,91,893,UN
query_cycle_4_19.graph,5,0.1,1083,70667282.0,50155983.15800001,0.29025170151584423,810,93,903,UN
query_cycle_4_19.graph,1,0.1,1083,70667282.0,70047268.96543063,0.008773692959768395,483,582,1065,PO
query_cycle_4_19.graph,2,0.1,1083,70667282.0,68908041.93666528,0.024894689784937793,484,578,1062,PO
query_cycle_4_19.graph,3,0.1,1083,70667282.0,71500317.34156077,0.011788133319755614,485,581,1066,PO
query_cycle_4_19.graph,4,0.1,1083,70667282.0,75033805.77101196,0.06178989268346225,483,584,1067,PO
query_cycle_4_19.graph,5,0.1,1083,70667282.0,70160241.63750613,0.007175036992279859,476,590,1066,PO
query_cycle_4_19.graph,1,0.1,1083,70667282.0,72855690.71374635,0.03096777818264404,363,128,491,WO
query_cycle_4_19.graph,2,0.1,1083,70667282.0,70163562.54295594,0.007128043456433842,368,133,501,WO
query_cycle_4_19.graph,3,0.1,1083,70667282.0,66078755.1089897,0.06493141891335653,369,123,492,WO
query_cycle_4_19.graph,4,0.1,1083,70667282.0,59439433.41156055,0.15888326635287103,377,122,499,WO
query_cycle_4_19.graph,5,0.1,1083,70667282.0,84388320.49415255,0.19416394837645723,360,141,501,WO
query_cycle_4_19.graph,1,0.1,1083,70667282.0,74859796.63933988,0.05932752075196382,308,474,782,MAB
query_cycle_4_19.graph,2,0.1,1083,70667282.0,72436210.21619895,0.025031785093969666,328,484,812,MAB
query_cycle_4_19.graph,3,0.1,1083,70667282.0,68946339.24244392,0.024352751497589517,315,484,799,MAB
query_cycle_4_19.graph,4,0.1,1083,70667282.0,74405569.12070535,0.05289982881618896,307,474,781,MAB
query_cycle_4_19.graph,5,0.1,1083,70667282.0,74050941.62412843,0.047881558882205646,328,490,818,MAB
query_cycle_4_24.graph,1,0.1,1104,72428331.0,77264195.80157608,0.06676758576110331,837,111,948,UN
query_cycle_4_24.graph,2,0.1,1104,72428331.0,91223773.01542422,0.25950400562763515,815,81,896,UN
query_cycle_4_24.graph,3,0.1,1104,72428331.0,64019755.285559505,0.11609511911078683,836,91,927,UN
query_cycle_4_24.graph,4,0.1,1104,72428331.0,49530645.6451215,0.31614266183875617,853,102,955,UN
query_cycle_4_24.graph,5,0.1,1104,72428331.0,40071769.24954891,0.44673902192294185,831,110,941,UN
query_cycle_4_24.graph,1,0.1,1104,72428331.0,71504214.75445303,0.012759043771793759,491,582,1073,PO
query_cycle_4_24.graph,2,0.1,1104,72428331.0,77647648.55312629,0.0720618227848753,483,581,1064,PO
query_cycle_4_24.graph,3,0.1,1104,72428331.0,72791935.17866172,0.005020192701412918,482,591,1073,PO
query_cycle_4_24.graph,4,0.1,1104,72428331.0,77606776.2250953,0.0714975086902845,488,584,1072,PO
query_cycle_4_24.graph,5,0.1,1104,72428331.0,72420078.94341941,0.00011393409825484204,479,590,1069,PO
query_cycle_4_24.graph,1,0.1,1104,72428331.0,75289344.0078468,0.03950129691441879,352,149,501,WO
query_cycle_4_24.graph,2,0.1,1104,72428331.0,77037847.55574131,0.06364245167738726,367,143,510,WO
query_cycle_4_24.graph,3,0.1,1104,72428331.0,67531699.93312614,0.06760657051277164,385,149,534,WO
query_cycle_4_24.graph,4,0.1,1104,72428331.0,66458309.02375272,0.0824266125398814,377,141,518,WO
query_cycle_4_24.graph,5,0.1,1104,72428331.0,74097755.90282033,0.023049335526181512,355,154,509,WO
query_cycle_4_24.graph,1,0.1,1104,72428331.0,75494667.78588614,0.04233615138648078,328,515,843,MAB
query_cycle_4_24.graph,2,0.1,1104,72428331.0,74638552.66818173,0.030515982318876467,326,498,824,MAB
query_cycle_4_24.graph,3,0.1,1104,72428331.0,75741344.46912605,0.045741955162905044,328,490,818,MAB
query_cycle_4_24.graph,4,0.1,1104,72428331.0,77640258.70011637,0.07195979291744782,326,505,831,MAB
query_cycle_4_24.graph,5,0.1,1104,72428331.0,76647603.17270644,0.058254444282396074,325,501,826,MAB
query_cycle_4_10.graph,1,0.1,814,4812012.0,7484055.185075186,0.5552860601917007,732,47,779,UN
query_cycle_4_10.graph,2,0.1,814,4812012.0,4633616.938289926,0.03707286301656638,729,57,786,UN
query_cycle_4_10.graph,3,0.1,814,4812012.0,6530566.747518428,0.3571384999701638,746,58,804,UN
query_cycle_4_10.graph,4,0.1,814,4812012.0,6181454.581888945,0.28458835553380685,734,58,792,UN
query_cycle_4_10.graph,5,0.1,814,4812012.0,5070351.211317936,0.05368631901124435,752,59,811,UN
query_cycle_4_10.graph,1,0.1,814,4812012.0,4679963.207292229,0.02744149281169105,516,367,883,PO
query_cycle_4_10.graph,2,0.1,814,4812012.0,4714138.077855232,0.02033950084595962,522,373,895,PO
query_cycle_4_10.graph,3,0.1,814,4812012.0,5204731.354039573,0.08161229731754059,522,366,888,PO
query_cycle_4_10.graph,4,0.1,814,4812012.0,4689056.490927698,0.02555178770799032,514,367,881,PO
query_cycle_4_10.graph,5,0.1,814,4812012.0,4712308.751522575,0.020719659152434663,525,369,894,PO
query_cycle_4_10.graph,1,0.1,814,4812012.0,5210268.819129747,0.08276305610413011,554,84,638,WO
query_cycle_4_10.graph,2,0.1,814,4812012.0,5036546.649875891,0.04666128219877494,548,88,636,WO
query_cycle_4_10.graph,3,0.1,814,4812012.0,4738340.67000656,0.015309880772001367,559,88,647,WO
query_cycle_4_10.graph,4,0.1,814,4812012.0,4409611.045789126,0.08362426241058286,552,60,612,WO
query_cycle_4_10.graph,5,0.1,814,4812012.0,5482422.611345048,0.13932022849175107,538,88,626,WO
query_cycle_4_10.graph,1,0.1,814,4812012.0,5068816.027695757,0.053367287466398114,467,332,799,MAB
query_cycle_4_10.graph,2,0.1,814,4812012.0,4962282.578014094,0.031228221794562104,469,334,803,MAB
query_cycle_4_10.graph,3,0.1,814,4812012.0,4973904.23566329,0.0336433565966357,469,330,799,MAB
query_cycle_4_10.graph,4,0.1,814,4812012.0,4849716.197718654,0.007835433020253031,529,276,805,MAB
query_cycle_4_10.graph,5,0.1,814,4812012.0,4589286.852607171,0.046285243551518356,474,328,802,MAB
query_cycle_4_20.graph,1,0.1,1101,70567993.0,85249482.076,0.2080474228025729,805,102,907,UN
query_cycle_4_20.graph,2,0.1,1101,70567993.0,118536830.52699997,0.6797534617004053,808,117,925,UN
query_cycle_4_20.graph,3,0.1,1101,70567993.0,62330198.50899999,0.11673556439390322,836,97,933,UN
query_cycle_4_20.graph,4,0.1,1101,70567993.0,107879546.90399998,0.5287319692371013,827,100,927,UN
query_cycle_4_20.graph,5,0.1,1101,70567993.0,80125667.09799998,0.13543922239647618,817,97,914,UN
query_cycle_4_20.graph,1,0.1,1101,70567993.0,68420345.4077391,0.030433734912382972,474,609,1083,PO
query_cycle_4_20.graph,2,0.1,1101,70567993.0,67152370.80130176,0.0484018611482721,470,600,1070,PO
query_cycle_4_20.graph,3,0.1,1101,70567993.0,67014924.08599065,0.05034958148815919,470,611,1081,PO
query_cycle_4_20.graph,4,0.1,1101,70567993.0,67694005.03854766,0.04072650842503534,479,609,1088,PO
query_cycle_4_20.graph,5,0.1,1101,70567993.0,66156565.88641563,0.06251314407630056,475,592,1067,PO
query_cycle_4_20.graph,1,0.1,1101,70567993.0,62632211.262177944,0.11245582310697225,384,155,539,WO
query_cycle_4_20.graph,2,0.1,1101,70567993.0,62872790.29202275,0.10904664254766676,394,133,527,WO
query_cycle_4_20.graph,3,0.1,1101,70567993.0,75409846.6077999,0.0686126018604483,363,148,511,WO
query_cycle_4_20.graph,4,0.1,1101,70567993.0,68624960.3633921,0.02753419155066377,374,143,517,WO
query_cycle_4_20.graph,5,0.1,1101,70567993.0,72393118.65580721,0.02586336351959467,375,149,524,WO
query_cycle_4_20.graph,1,0.1,1101,70567993.0,70162540.27599077,0.005745561220782214,337,506,843,MAB
query_cycle_4_20.graph,2,0.1,1101,70567993.0,18992.134135592914,0.9997308675884322,641,78,719,MAB
query_cycle_4_20.graph,3,0.1,1101,70567993.0,68298337.23050007,0.03216267989228385,310,515,825,MAB
query_cycle_4_20.graph,4,0.1,1101,70567993.0,66837716.89326732,0.05286073683196122,322,519,841,MAB
query_cycle_4_20.graph,5,0.1,1101,70567993.0,66034987.81956341,0.06423599407789009,314,497,811,MAB
query_cycle_4_23.graph,1,0.1,1695,59647545.0,82264996.1772398,0.37918494679437026,1038,177,1215,UN
query_cycle_4_23.graph,2,0.1,1695,59647545.0,60946418.416750446,0.021775806812341498,1044,149,1193,UN
query_cycle_4_23.graph,3,0.1,1695,59647545.0,36168058.36048172,0.39363710006033414,1076,171,1247,UN
query_cycle_4_23.graph,4,0.1,1695,59647545.0,54732550.78999882,0.08240061196150116,1044,159,1203,UN
query_cycle_4_23.graph,5,0.1,1695,59647545.0,39815617.47831916,0.33248522670431513,1029,167,1196,UN
query_cycle_4_23.graph,1,0.1,1695,59647545.0,59896853.78846615,0.004179699071707781,541,913,1454,PO
query_cycle_4_23.graph,2,0.1,1695,59647545.0,60015615.29462412,0.00617075345890799,538,914,1452,PO
query_cycle_4_23.graph,3,0.1,1695,59647545.0,61598270.448083945,0.03270420346862465,553,911,1464,PO
query_cycle_4_23.graph,4,0.1,1695,59647545.0,59313313.240121916,0.005603445370267696,551,910,1461,PO
query_cycle_4_23.graph,5,0.1,1695,59647545.0,59996819.18243249,0.005855633830905993,531,904,1435,PO
query_cycle_4_23.graph,1,0.1,1695,59647545.0,57752540.58632161,0.03177003200514611,459,210,669,WO
query_cycle_4_23.graph,2,0.1,1695,59647545.0,60552574.91879764,0.015172961750523713,446,217,663,WO
query_cycle_4_23.graph,3,0.1,1695,59647545.0,61426591.75683334,0.0298259845704184,457,226,683,WO
query_cycle_4_23.graph,4,0.1,1695,59647545.0,59024031.57287694,0.01045329572446045,455,205,660,WO
query_cycle_4_23.graph,5,0.1,1695,59647545.0,56334512.163069084,0.055543490296724125,458,203,661,WO
query_cycle_4_23.graph,1,0.1,1695,59647545.0,59863804.05770188,0.0036256153996258897,322,774,1096,MAB
query_cycle_4_23.graph,2,0.1,1695,59647545.0,59969545.11169233,0.005398379961695518,334,792,1126,MAB
query_cycle_4_23.graph,3,0.1,1695,59647545.0,59094435.93238823,0.009272956122699917,343,809,1152,MAB
query_cycle_4_23.graph,4,0.1,1695,59647545.0,60374457.33966437,0.012186793935347546,331,796,1127,MAB
query_cycle_4_23.graph,5,0.1,1695,59647545.0,61400968.86672944,0.02939641299117069,347,806,1153,MAB
query_cycle_4_21.graph,1,0.1,1071,79100643.0,67024225.35377266,0.15267154839976885,836,100,936,UN
query_cycle_4_21.graph,2,0.1,1071,79100643.0,60675507.15311486,0.2329328201148142,829,85,914,UN
query_cycle_4_21.graph,3,0.1,1071,79100643.0,123440437.26827873,0.5605491003186754,802,90,892,UN
query_cycle_4_21.graph,4,0.1,1071,79100643.0,58259650.82164848,0.2634743712304781,814,100,914,UN
query_cycle_4_21.graph,5,0.1,1071,79100643.0,98933740.65023673,0.25073244537641404,816,92,908,UN
query_cycle_4_21.graph,1,0.1,1071,79100643.0,81000402.1097463,0.024016986938352792,506,559,1065,PO
query_cycle_4_21.graph,2,0.1,1071,79100643.0,81906900.96526873,0.03547705630242135,501,557,1058,PO
query_cycle_4_21.graph,3,0.1,1071,79100643.0,82165535.85038996,0.03874675014196734,510,552,1062,PO
query_cycle_4_21.graph,4,0.1,1071,79100643.0,81152884.91692965,0.025944693229986097,505,553,1058,PO
query_cycle_4_21.graph,5,0.1,1071,79100643.0,81655351.92637977,0.03229694259729052,503,557,1060,PO
query_cycle_4_21.graph,1,0.1,1071,79100643.0,82426248.12713858,0.042042706620458004,340,131,471,WO
query_cycle_4_21.graph,2,0.1,1071,79100643.0,95283799.14830087,0.20458943865097115,353,152,505,WO
query_cycle_4_21.graph,3,0.1,1071,79100643.0,83433502.13881965,0.05477653498745452,370,132,502,WO
query_cycle_4_21.graph,4,0.1,1071,79100643.0,82093455.24686593,0.03783549833932359,367,144,511,WO
query_cycle_4_21.graph,5,0.1,1071,79100643.0,76060245.01531628,0.038437083054858635,345,131,476,WO
query_cycle_4_21.graph,1,0.1,1071,79100643.0,84353284.38609338,0.06640453461412922,312,486,798,MAB
query_cycle_4_21.graph,2,0.1,1071,79100643.0,80736009.73657566,0.020674506230950147,321,482,803,MAB
query_cycle_4_21.graph,3,0.1,1071,79100643.0,78433396.25919911,0.008435414877738572,311,484,795,MAB
query_cycle_4_21.graph,4,0.1,1071,79100643.0,82790318.70207117,0.046645331341632394,315,484,799,MAB
query_cycle_4_21.graph,5,0.1,1071,79100643.0,79623683.09445643,0.006612336823310454,314,476,790,MAB
query_cycle_4_2.graph,1,0.1,1142,57912852.0,56572184.46900001,0.02314974111445916,872,97,969,UN
query_cycle_4_2.graph,2,0.1,1142,57912852.0,71899531.48700002,0.24151253139803958,871,101,972,UN
query_cycle_4_2.graph,3,0.1,1142,57912852.0,76097088.18,0.31399310432855226,866,105,971,UN
query_cycle_4_2.graph,4,0.1,1142,57912852.0,39708420.11,0.31434183020376893,867,116,983,UN
query_cycle_4_2.graph,5,0.1,1142,57912852.0,53083238.35299999,0.08339450536816953,870,111,981,UN
query_cycle_4_2.graph,1,0.1,1142,57912852.0,55190078.09727557,0.047015020132740656,508,612,1120,PO
query_cycle_4_2.graph,2,0.1,1142,57912852.0,60063469.11482327,0.03713540329223066,495,613,1108,PO
query_cycle_4_2.graph,3,0.1,1142,57912852.0,55748960.55232011,0.037364615503306456,503,606,1109,PO
query_cycle_4_2.graph,4,0.1,1142,57912852.0,55889075.321615905,0.03494520833448326,496,620,1116,PO
query_cycle_4_2.graph,5,0.1,1142,57912852.0,56791154.004585594,0.019368723118909876,500,613,1113,PO
query_cycle_4_2.graph,1,0.1,1142,57912852.0,58255261.126482725,0.005912489450229892,377,152,529,WO
query_cycle_4_2.graph,2,0.1,1142,57912852.0,54832786.86871968,0.05318448366660164,392,154,546,WO
query_cycle_4_2.graph,3,0.1,1142,57912852.0,51931818.3699914,0.10327644768744251,365,145,510,WO
query_cycle_4_2.graph,4,0.1,1142,57912852.0,61045579.06675696,0.054093814387814236,393,158,551,WO
query_cycle_4_2.graph,5,0.1,1142,57912852.0,53098058.823957816,0.08313859548899757,370,135,505,WO
query_cycle_4_2.graph,1,0.1,1142,57912852.0,59345535.528434604,0.024738611188318,339,533,872,MAB
query_cycle_4_2.graph,2,0.1,1142,57912852.0,57010098.45327993,0.01558813830684893,328,521,849,MAB
query_cycle_4_2.graph,3,0.1,1142,57912852.0,56795344.009497315,0.019296372945036194,342,527,869,MAB
query_cycle_4_2.graph,4,0.1,1142,57912852.0,55923426.31556882,0.034352058579867215,342,523,865,MAB
query_cycle_4_2.graph,5,0.1,1142,57912852.0,58381520.878695756,0.00809265754509476,333,523,856,MAB
query_cycle_4_11.graph,1,0.1,1676,51066744.0,45317503.19894778,0.11258287391599159,1020,164,1184,UN
query_cycle_4_11.graph,2,0.1,1676,51066744.0,49617581.287782684,0.028377816925577164,1016,165,1181,UN
query_cycle_4_11.graph,3,0.1,1676,51066744.0,49703018.627398744,0.026704764505864242,1023,148,1171,UN
query_cycle_4_11.graph,4,0.1,1676,51066744.0,30382811.420669746,0.4050372308704517,1037,152,1189,UN
query_cycle_4_11.graph,5,0.1,1676,51066744.0,53801369.67639665,0.05355003006255212,1033,146,1179,UN
query_cycle_4_11.graph,1,0.1,1676,51066744.0,51367908.567226104,0.005897469539591254,524,892,1416,PO
query_cycle_4_11.graph,2,0.1,1676,51066744.0,53926557.64980291,0.05600148797038849,530,877,1407,PO
query_cycle_4_11.graph,3,0.1,1676,51066744.0,51899950.57306391,0.016316030899951445,527,882,1409,PO
query_cycle_4_11.graph,4,0.1,1676,51066744.0,53318031.79995157,0.044085203473156,544,880,1424,PO
query_cycle_4_11.graph,5,0.1,1676,51066744.0,53294636.53736418,0.043627072393027,537,895,1432,PO
query_cycle_4_11.graph,1,0.1,1676,51066744.0,45362117.89634098,0.11170921928484454,444,204,648,WO
query_cycle_4_11.graph,2,0.1,1676,51066744.0,58090817.15205768,0.13754691609196149,419,218,637,WO
query_cycle_4_11.graph,3,0.1,1676,51066744.0,52948400.146039784,0.036846996668512565,428,188,616,WO
query_cycle_4_11.graph,4,0.1,1676,51066744.0,60212363.80649697,0.1790915004586345,419,197,616,WO
query_cycle_4_11.graph,5,0.1,1676,51066744.0,55305320.90960813,0.0830007276283002,431,215,646,WO
query_cycle_4_11.graph,1,0.1,1676,51066744.0,49534076.53678569,0.030013024977944707,323,757,1080,MAB
query_cycle_4_11.graph,2,0.1,1676,51066744.0,51487727.60703076,0.008243791831152517,341,753,1094,MAB
query_cycle_4_11.graph,3,0.1,1676,51066744.0,49906123.15227071,0.02272752787468275,330,775,1105,MAB
query_cycle_4_11.graph,4,0.1,1676,51066744.0,13011.204711081504,0.9997452117818383,650,103,753,MAB
query_cycle_4_11.graph,5,0.1,1676,51066744.0,51514035.41175546,0.008758956939871818,329,775,1104,MAB
query_cycle_4_12.graph,1,0.1,1095,72428331.0,36592928.035196714,0.49477051962999513,840,101,941,UN
query_cycle_4_12.graph,2,0.1,1095,72428331.0,68974643.2801507,0.04768420964786974,833,116,949,UN
query_cycle_4_12.graph,3,0.1,1095,72428331.0,54128491.47566385,0.25266134496922416,812,112,924,UN
query_cycle_4_12.graph,4,0.1,1095,72428331.0,84516869.0173529,0.1669034457987565,818,102,920,UN
query_cycle_4_12.graph,5,0.1,1095,72428331.0,85260141.2933685,0.17716562174225034,840,104,944,UN
query_cycle_4_12.graph,1,0.1,1095,72428331.0,72410266.91157009,0.00024940638808745885,489,584,1073,PO
query_cycle_4_12.graph,2,0.1,1095,72428331.0,74810312.48548417,0.03288742751070942,488,586,1074,PO
query_cycle_4_12.graph,3,0.1,1095,72428331.0,72925661.20144336,0.006866514726721499,493,586,1079,PO
query_cycle_4_12.graph,4,0.1,1095,72428331.0,76054552.90788345,0.050066346384309894,491,593,1084,PO
query_cycle_4_12.graph,5,0.1,1095,72428331.0,76814574.76943554,0.0605597797005089,475,589,1064,PO
query_cycle_4_12.graph,1,0.1,1095,72428331.0,83154687.26444216,0.14809614023057027,357,157,514,WO
query_cycle_4_12.graph,2,0.1,1095,72428331.0,73853316.27915469,0.01967441827638812,361,145,506,WO
query_cycle_4_12.graph,3,0.1,1095,72428331.0,75565303.72660026,0.04331140429841272,384,146,530,WO
query_cycle_4_12.graph,4,0.1,1095,72428331.0,73262508.99214171,0.011517288616545765,366,152,518,WO
query_cycle_4_12.graph,5,0.1,1095,72428331.0,79658225.0066613,0.09982135314786277,359,147,506,WO
query_cycle_4_12.graph,1,0.1,1095,72428331.0,77672170.69849794,0.07240039396321221,320,503,823,MAB
query_cycle_4_12.graph,2,0.1,1095,72428331.0,75044834.63031407,0.03612541659028519,327,515,842,MAB
query_cycle_4_12.graph,3,0.1,1095,72428331.0,71541975.92688347,0.012237684630845987,320,508,828,MAB
query_cycle_4_12.graph,4,0.1,1095,72428331.0,73396235.7353442,0.01336362058852635,331,508,839,MAB
query_cycle_4_12.graph,5,0.1,1095,72428331.0,74927263.93088451,0.034502147107110755,323,520,843,MAB
query_cycle_4_0.graph,1,0.1,1152,65529001.0,64990740.928970754,0.008214074117034774,874,101,975,UN
query_cycle_4_0.graph,2,0.1,1152,65529001.0,78442580.59914184,0.19706663312541323,823,104,927,UN
query_cycle_4_0.graph,3,0.1,1152,65529001.0,31472714.070551474,0.5197132019370863,851,97,948,UN
query_cycle_4_0.graph,4,0.1,1152,65529001.0,65268612.61908092,0.003973635748225072,879,100,979,UN
query_cycle_4_0.graph,5,0.1,1152,65529001.0,115398898.90942632,0.7610355285200566,868,97,965,UN
query_cycle_4_0.graph,1,0.1,1152,65529001.0,62447111.13106896,0.04703093015153764,501,602,1103,PO
query_cycle_4_0.graph,2,0.1,1152,65529001.0,62641456.52228393,0.04406513808620512,507,601,1108,PO
query_cycle_4_0.graph,3,0.1,1152,65529001.0,62436075.72620335,0.04719933505161551,501,601,1102,PO
query_cycle_4_0.graph,4,0.1,1152,65529001.0,63361591.82885916,0.033075571702074966,502,609,1111,PO
query_cycle_4_0.graph,5,0.1,1152,65529001.0,71582405.36452314,0.09237748587870495,509,602,1111,PO
query_cycle_4_0.graph,1,0.1,1152,65529001.0,68086732.49150552,0.039032053784942004,378,150,528,WO
query_cycle_4_0.graph,2,0.1,1152,65529001.0,62192214.30757112,0.050920762433550294,364,138,502,WO
query_cycle_4_0.graph,3,0.1,1152,65529001.0,58998975.46998403,0.09965092448175683,384,124,508,WO
query_cycle_4_0.graph,4,0.1,1152,65529001.0,64256839.68602153,0.019413714455657136,371,140,511,WO
query_cycle_4_0.graph,5,0.1,1152,65529001.0,62168649.9518941,0.05128036437036333,391,142,533,WO
query_cycle_4_0.graph,1,0.1,1152,65529001.0,65628115.89713677,0.001512534841432577,347,501,848,MAB
query_cycle_4_0.graph,2,0.1,1152,65529001.0,62822315.63268417,0.04130515231440548,337,504,841,MAB
query_cycle_4_0.graph,3,0.1,1152,65529001.0,61489131.78321996,0.06165009621892506,340,491,831,MAB
query_cycle_4_0.graph,4,0.1,1152,65529001.0,62347160.190805174,0.04855622336123857,350,502,852,MAB
query_cycle_4_0.graph,5,0.1,1152,65529001.0,64709766.286743075,0.012501864834730585,352,509,861,MAB
query_cycle_4_18.graph,1,0.1,4694,34213676.0,36555237.59900233,0.06843934568744765,1044,434,1478,UN
query_cycle_4_18.graph,2,0.1,4694,34213676.0,35614306.484908834,0.040937737438936236,1093,470,1563,UN
query_cycle_4_18.graph,3,0.1,4694,34213676.0,39839204.94595594,0.1644234003372201,1064,444,1508,UN
query_cycle_4_18.graph,4,0.1,4694,34213676.0,39171031.85892782,0.14489398505228795,1064,492,1556,UN
query_cycle_4_18.graph,5,0.1,4694,34213676.0,33989244.55689597,0.006559699785080934,1079,463,1542,UN
query_cycle_4_18.graph,1,0.1,4694,34213676.0,35693661.66632829,0.04325713689251891,487,1145,1632,PO
query_cycle_4_18.graph,2,0.1,4694,34213676.0,35937089.70365837,0.0503720706204844,495,1147,1642,PO
query_cycle_4_18.graph,3,0.1,4694,34213676.0,35401874.27191659,0.03472875209073093,508,1145,1653,PO
query_cycle_4_18.graph,4,0.1,4694,34213676.0,37252843.40567056,0.08882902280569212,511,1143,1654,PO
query_cycle_4_18.graph,5,0.1,4694,34213676.0,35608177.358942516,0.040758594865471814,494,1142,1636,PO
query_cycle_4_18.graph,1,0.1,4694,34213676.0,35167191.64573709,0.027869429924369693,517,466,983,WO
query_cycle_4_18.graph,2,0.1,4694,34213676.0,36215031.52393024,0.05849577589763335,518,447,965,WO
query_cycle_4_18.graph,3,0.1,4694,34213676.0,36009733.91888537,0.05249532142893305,507,448,955,WO
query_cycle_4_18.graph,4,0.1,4694,34213676.0,32914312.815453902,0.037977888857838545,540,456,996,WO
query_cycle_4_18.graph,5,0.1,4694,34213676.0,38721181.646385886,0.13174572783076235,506,441,947,WO
query_cycle_4_18.graph,1,0.1,4694,34213676.0,35231387.77018641,0.029745759274344252,305,949,1254,MAB
query_cycle_4_18.graph,2,0.1,4694,34213676.0,35006259.66554374,0.023165697411284963,305,968,1273,MAB
query_cycle_4_18.graph,3,0.1,4694,34213676.0,35935496.6150201,0.050325507701075335,326,988,1314,MAB
query_cycle_4_18.graph,4,0.1,4694,34213676.0,36358159.15353092,0.062679121458066,348,958,1306,MAB
query_cycle_4_18.graph,5,0.1,4694,34213676.0,35448788.96875654,0.03609997852193788,301,950,1251,MAB
query_cycle_4_32.graph,1,0.1,569,55830.0,45474.26393040422,0.18548694375059616,507,29,536,UN
query_cycle_4_32.graph,2,0.1,569,55830.0,6630.9408502636215,0.8812297895349521,517,30,547,UN
query_cycle_4_32.graph,3,0.1,569,55830.0,164334.023199297,1.9434716675496506,517,47,564,UN
query_cycle_4_32.graph,4,0.1,569,55830.0,27637.591216871704,0.5049688121642181,516,34,550,UN
query_cycle_4_32.graph,5,0.1,569,55830.0,193191.4300390158,2.460351603779613,512,35,547,UN
query_cycle_4_32.graph,1,0.1,569,55830.0,60643.05570000001,0.08620912950026888,414,154,568,PO
query_cycle_4_32.graph,2,0.1,569,55830.0,62023.130061335,0.11092835503018096,407,154,561,PO
query_cycle_4_32.graph,3,0.1,569,55830.0,63712.57459052285,0.14118886961352045,409,153,562,PO
query_cycle_4_32.graph,4,0.1,569,55830.0,62386.48279225646,0.11743655368541032,407,155,562,PO
query_cycle_4_32.graph,5,0.1,569,55830.0,62023.130061335,0.11092835503018096,402,158,560,PO
query_cycle_4_32.graph,1,0.1,569,55830.0,55969.59364673102,0.0025003339912415662,438,69,507,WO
query_cycle_4_32.graph,2,0.1,569,55830.0,70830.1154894779,0.2686748251742415,426,77,503,WO
query_cycle_4_32.graph,3,0.1,569,55830.0,58914.757402826304,0.05525268498703751,426,59,485,WO
query_cycle_4_32.graph,4,0.1,569,55830.0,60479.69191530997,0.08328303627637423,439,71,510,WO
query_cycle_4_32.graph,5,0.1,569,55830.0,54518.43320332284,0.02349215111368723,442,56,498,WO
query_cycle_4_32.graph,1,0.1,569,55830.0,68316.58509688891,0.22365368255219262,446,154,600,MAB
query_cycle_4_32.graph,2,0.1,569,55830.0,63285.922646906474,0.13354688602734147,428,162,590,MAB
query_cycle_4_32.graph,3,0.1,569,55830.0,64779.83601016103,0.16030514078740876,446,142,588,MAB
query_cycle_4_32.graph,4,0.1,569,55830.0,60766.47601887796,0.08841977465301741,421,152,573,MAB
query_cycle_4_32.graph,5,0.1,569,55830.0,57986.87009923461,0.038632815676779744,425,167,592,MAB
query_cycle_4_26.graph,1,0.1,1091,68446290.0,61209938.92735106,0.1057230577822252,811,91,902,UN
query_cycle_4_26.graph,2,0.1,1091,68446290.0,61186393.94274197,0.10606704990523273,825,105,930,UN
query_cycle_4_26.graph,3,0.1,1091,68446290.0,48065458.166202106,0.2977638646856958,791,99,890,UN
query_cycle_4_26.graph,4,0.1,1091,68446290.0,74009939.06202199,0.08128488866265776,837,100,937,UN
query_cycle_4_26.graph,5,0.1,1091,68446290.0,42668060.160036206,0.37661982614344464,820,95,915,UN
query_cycle_4_26.graph,1,0.1,1091,68446290.0,65066717.634435326,0.049375537601302776,526,559,1085,PO
query_cycle_4_26.graph,2,0.1,1091,68446290.0,64690559.87934475,0.054871200771513744,519,560,1079,PO
query_cycle_4_26.graph,3,0.1,1091,68446290.0,63846524.95770136,0.0672025473155468,524,548,1072,PO
query_cycle_4_26.graph,4,0.1,1091,68446290.0,64232434.80751499,0.06156440608373386,515,556,1071,PO
query_cycle_4_26.graph,5,0.1,1091,68446290.0,64576507.82461208,0.05653750079643351,528,564,1092,PO
query_cycle_4_26.graph,1,0.1,1091,68446290.0,63061810.93574641,0.0786672157724486,347,138,485,WO
query_cycle_4_26.graph,2,0.1,1091,68446290.0,65230724.62524875,0.046979396176933,359,139,498,WO
query_cycle_4_26.graph,3,0.1,1091,68446290.0,66333715.250682615,0.030864707923795216,380,146,526,WO
query_cycle_4_26.graph,4,0.1,1091,68446290.0,77508384.10141782,0.13239715551299894,356,155,511,WO
query_cycle_4_26.graph,5,0.1,1091,68446290.0,58761166.33653211,0.1414996147120303,353,129,482,WO
query_cycle_4_26.graph,1,0.1,1091,68446290.0,62502605.22691484,0.08683720875280694,333,478,811,MAB
query_cycle_4_26.graph,2,0.1,1091,68446290.0,5986.070676436301,0.9999125435333832,577,89,666,MAB
query_cycle_4_26.graph,3,0.1,1091,68446290.0,66790180.04798515,0.024195759215216026,311,477,788,MAB
query_cycle_4_26.graph,4,0.1,1091,68446290.0,64250980.102925405,0.06129345939823174,306,468,774,MAB
query_cycle_4_26.graph,5,0.1,1091,68446290.0,63928796.01052664,0.06600056759063724,314,477,791,MAB
query_cycle_4_27.graph,1,0.1,1151,58503919.0,54331876.293203056,0.07131219203959557,860,120,980,UN
query_cycle_4_27.graph,2,0.1,1151,58503919.0,36266220.47079931,0.3801061349274856,875,106,981,UN
query_cycle_4_27.graph,3,0.1,1151,58503919.0,100491360.71173008,0.717685967528604,872,117,989,UN
query_cycle_4_27.graph,4,0.1,1151,58503919.0,62746040.41846264,0.07251003848926157,877,114,991,UN
query_cycle_4_27.graph,5,0.1,1151,58503919.0,29820860.712319035,0.490275844387125,879,95,974,UN
query_cycle_4_27.graph,1,0.1,1151,58503919.0,55583975.05946413,0.04991022807439401,513,639,1152,PO
query_cycle_4_27.graph,2,0.1,1151,58503919.0,62687681.75189305,0.07151252127046483,517,633,1150,PO
query_cycle_4_27.graph,3,0.1,1151,58503919.0,55712737.40104365,0.047709309849077744,522,628,1150,PO
query_cycle_4_27.graph,4,0.1,1151,58503919.0,56637545.8786506,0.03190167690047229,527,625,1152,PO
query_cycle_4_27.graph,5,0.1,1151,58503919.0,57363012.28444571,0.019501372473086625,517,630,1147,PO
query_cycle_4_27.graph,1,0.1,1151,58503919.0,63021239.364854835,0.07721397885934504,364,141,505,WO
query_cycle_4_27.graph,2,0.1,1151,58503919.0,59143439.2538749,0.010931237852200943,368,140,508,WO
query_cycle_4_27.graph,3,0.1,1151,58503919.0,59231496.72425844,0.012436392923667862,393,143,536,WO
query_cycle_4_27.graph,4,0.1,1151,58503919.0,64081984.2110881,0.095345154759429,383,131,514,WO
query_cycle_4_27.graph,5,0.1,1151,58503919.0,52062666.96435232,0.11009949667897774,363,124,487,WO
query_cycle_4_27.graph,1,0.1,1151,58503919.0,61395451.58868811,0.049424596473410826,347,510,857,MAB
query_cycle_4_27.graph,2,0.1,1151,58503919.0,56383000.168592215,0.03625259414515095,335,513,848,MAB
query_cycle_4_27.graph,3,0.1,1151,58503919.0,57416291.502409175,0.01859067761923479,360,514,874,MAB
query_cycle_4_27.graph,4,0.1,1151,58503919.0,31264.79167524729,0.9994655949172354,766,18,784,MAB
query_cycle_4_27.graph,5,0.1,1151,58503919.0,59931781.9278718,0.024406278284909443,346,487,833,MAB
query_cycle_4_29.graph,1,0.1,1153,57912852.0,68836830.36376859,0.18862787769057882,876,114,990,UN
query_cycle_4_29.graph,2,0.1,1153,57912852.0,49517130.961522624,0.14497163839344981,845,97,942,UN
query_cycle_4_29.graph,3,0.1,1153,57912852.0,80136852.91181374,0.3837490322841247,861,115,976,UN
query_cycle_4_29.graph,4,0.1,1153,57912852.0,46972980.129287764,0.18890231603016608,838,121,959,UN
query_cycle_4_29.graph,5,0.1,1153,57912852.0,47028248.51450893,0.18794797889579098,876,115,991,UN
query_cycle_4_29.graph,1,0.1,1153,57912852.0,57705064.06611338,0.0035879416521675954,504,623,1127,PO
query_cycle_4_29.graph,2,0.1,1153,57912852.0,60890090.489657246,0.05140894269301822,497,624,1121,PO
query_cycle_4_29.graph,3,0.1,1153,57912852.0,62985522.3262958,0.08759144388702875,496,632,1128,PO
query_cycle_4_29.graph,4,0.1,1153,57912852.0,57138844.50118068,0.013365038537893479,510,629,1139,PO
query_cycle_4_29.graph,5,0.1,1153,57912852.0,57453168.76968003,0.007937499440020142,498,629,1127,PO
query_cycle_4_29.graph,1,0.1,1153,57912852.0,53642055.76035067,0.07374522393836402,378,140,518,WO
query_cycle_4_29.graph,2,0.1,1153,57912852.0,62638688.337297045,0.08160254890049354,383,157,540,WO
query_cycle_4_29.graph,3,0.1,1153,57912852.0,63441448.73436868,0.09546407305875183,386,162,548,WO
query_cycle_4_29.graph,4,0.1,1153,57912852.0,51244910.07140436,0.11513751608357399,382,128,510,WO
query_cycle_4_29.graph,5,0.1,1153,57912852.0,55314142.76418042,0.044872755287886326,379,130,509,WO
query_cycle_4_29.graph,1,0.1,1153,57912852.0,59617166.93065814,0.029428958716419963,337,524,861,MAB
query_cycle_4_29.graph,2,0.1,1153,57912852.0,57852894.13834569,0.001035311845016913,346,524,870,MAB
query_cycle_4_29.graph,3,0.1,1153,57912852.0,24490.123742439744,0.9995771210897636,568,90,658,MAB
query_cycle_4_29.graph,4,0.1,1153,57912852.0,61229939.87481526,0.05727723225952096,348,528,876,MAB
query_cycle_4_29.graph,5,0.1,1153,57912852.0,61425477.661278576,0.06065364664269298,344,525,869,MAB
query_cycle_4_31.graph,1,0.1,1068,74490118.0,72501689.80441779,0.02669385213730244,796,114,910,UN
query_cycle_4_31.graph,2,0.1,1068,74490118.0,73075434.56414008,0.018991558529413508,790,116,906,UN
query_cycle_4_31.graph,3,0.1,1068,74490118.0,47721894.91921872,0.3593526738779133,831,100,931,UN
query_cycle_4_31.graph,4,0.1,1068,74490118.0,88120459.32799982,0.1829818732197446,812,114,926,UN
query_cycle_4_31.graph,5,0.1,1068,74490118.0,59249006.1251129,0.20460582267955463,813,102,915,UN
query_cycle_4_31.graph,1,0.1,1068,74490118.0,75449074.3502777,0.012873604929417711,495,580,1075,PO
query_cycle_4_31.graph,2,0.1,1068,74490118.0,74155407.92590025,0.004493348689550329,492,574,1066,PO
query_cycle_4_31.graph,3,0.1,1068,74490118.0,73649125.64266253,0.011289985570132601,483,581,1064,PO
query_cycle_4_31.graph,4,0.1,1068,74490118.0,80095831.37090136,0.07525445685159689,488,576,1064,PO
query_cycle_4_31.graph,5,0.1,1068,74490118.0,76309606.05427286,0.02442589840269632,499,571,1070,PO
query_cycle_4_31.graph,1,0.1,1068,74490118.0,81077861.00501966,0.08843781137545875,344,137,481,WO
query_cycle_4_31.graph,2,0.1,1068,74490118.0,77718308.32130423,0.04333716213611357,365,136,501,WO
query_cycle_4_31.graph,3,0.1,1068,74490118.0,83963221.65146053,0.127172622433764,354,156,510,WO
query_cycle_4_31.graph,4,0.1,1068,74490118.0,76590294.87983657,0.028194033466782457,355,150,505,WO
query_cycle_4_31.graph,5,0.1,1068,74490118.0,77353201.02469417,0.03843574290879999,340,149,489,WO
query_cycle_4_31.graph,1,0.1,1068,74490118.0,78170012.5398161,0.04940111035689454,303,500,803,MAB
query_cycle_4_31.graph,2,0.1,1068,74490118.0,76464263.89586543,0.02650211798383009,305,489,794,MAB
query_cycle_4_31.graph,3,0.1,1068,74490118.0,72431059.0340984,0.0276420419404034,338,468,806,MAB
query_cycle_4_31.graph,4,0.1,1068,74490118.0,77939645.77715895,0.046308528832763374,304,496,800,MAB
query_cycle_4_31.graph,5,0.1,1068,74490118.0,79756975.73368753,0.07070545563758585,301,503,804,MAB
query_cycle_4_30.graph,1,0.1,1071,79100643.0,65760645.229188874,0.16864588282564436,811,99,910,UN
query_cycle_4_30.graph,2,0.1,1071,79100643.0,173472789.265251,1.1930642114407466,796,81,877,UN
query_cycle_4_30.graph,3,0.1,1071,79100643.0,109178231.67839603,0.3802445534911269,788,102,890,UN
query_cycle_4_30.graph,4,0.1,1071,79100643.0,73103786.28995161,0.07581299573062121,799,108,907,UN
query_cycle_4_30.graph,5,0.1,1071,79100643.0,84782961.92215425,0.07183657055928418,787,101,888,UN
query_cycle_4_30.graph,1,0.1,1071,79100643.0,78618930.48409343,0.0060898685223908025,511,577,1088,PO
query_cycle_4_30.graph,2,0.1,1071,79100643.0,80647289.84248082,0.019552898482517057,514,573,1087,PO
query_cycle_4_30.graph,3,0.1,1071,79100643.0,80630906.41187072,0.019345777149633512,518,557,1075,PO
query_cycle_4_30.graph,4,0.1,1071,79100643.0,79360820.06384493,0.003289190251524682,514,573,1087,PO
query_cycle_4_30.graph,5,0.1,1071,79100643.0,79190893.08502789,0.0011409526092965947,510,561,1071,PO
query_cycle_4_30.graph,1,0.1,1071,79100643.0,75083090.6675492,0.05079038779053676,343,143,486,WO
query_cycle_4_30.graph,2,0.1,1071,79100643.0,80199350.38089712,0.013889993042118756,361,148,509,WO
query_cycle_4_30.graph,3,0.1,1071,79100643.0,85268738.50087242,0.07797781746062947,363,134,497,WO
query_cycle_4_30.graph,4,0.1,1071,79100643.0,69576245.40812749,0.12040859885137108,361,139,500,WO
query_cycle_4_30.graph,5,0.1,1071,79100643.0,68914292.93637004,0.12877708293256168,363,137,500,WO
query_cycle_4_30.graph,1,0.1,1071,79100643.0,80470195.83754434,0.017314054419814727,320,476,796,MAB
query_cycle_4_30.graph,2,0.1,1071,79100643.0,77837747.57546128,0.015965678364191258,321,491,812,MAB
query_cycle_4_30.graph,3,0.1,1071,79100643.0,81867142.77049494,0.03497442834307855,314,487,801,MAB
query_cycle_4_30.graph,4,0.1,1071,79100643.0,82890204.17892438,0.047908095752450225,325,496,821,MAB
query_cycle_4_30.graph,5,0.1,1071,79100643.0,80233060.06877278,0.014316155037738162,331,489,820,MAB
query_cycle_4_3.graph,1,0.1,1644,60444785.0,41490975.66988685,0.31357228469111353,973,164,1137,UN
query_cycle_4_3.graph,2,0.1,1644,60444785.0,43906332.34195984,0.2736125648894302,1002,161,1163,UN
query_cycle_4_3.graph,3,0.1,1644,60444785.0,49173780.76383577,0.1864677694885378,971,169,1140,UN
query_cycle_4_3.graph,4,0.1,1644,60444785.0,33896535.4844197,0.43921488868858244,996,172,1168,UN
query_cycle_4_3.graph,5,0.1,1644,60444785.0,69666805.33458392,0.1525693297541537,977,168,1145,UN
query_cycle_4_3.graph,1,0.1,1644,60444785.0,61430212.05119178,0.01630292921369109,543,874,1417,PO
query_cycle_4_3.graph,2,0.1,1644,60444785.0,64544915.39858511,0.06783265750031389,547,891,1438,PO
query_cycle_4_3.graph,3,0.1,1644,60444785.0,55553631.78822399,0.08091935825027768,561,872,1433,PO
query_cycle_4_3.graph,4,0.1,1644,60444785.0,52915449.0223128,0.12456551839314513,560,869,1429,PO
query_cycle_4_3.graph,5,0.1,1644,60444785.0,53933847.73934036,0.10771710513420872,557,874,1431,PO
query_cycle_4_3.graph,1,0.1,1644,60444785.0,64732492.4088054,0.07093593614081678,446,201,647,WO
query_cycle_4_3.graph,2,0.1,1644,60444785.0,55806796.82794746,0.07673098964703969,425,206,631,WO
query_cycle_4_3.graph,3,0.1,1644,60444785.0,68102501.4101599,0.12668944740493163,389,218,607,WO
query_cycle_4_3.graph,4,0.1,1644,60444785.0,52458381.347030126,0.13212725718140736,425,194,619,WO
query_cycle_4_3.graph,5,0.1,1644,60444785.0,59793326.43918575,0.010777746348411141,429,214,643,WO
query_cycle_4_3.graph,1,0.1,1644,60444785.0,60060555.278146744,0.0063567059069406275,315,737,1052,MAB
query_cycle_4_3.graph,2,0.1,1644,60444785.0,61711112.029757604,0.020950145322836438,332,758,1090,MAB
query_cycle_4_3.graph,3,0.1,1644,60444785.0,60650233.033105195,0.0033989372797867436,315,770,1085,MAB
query_cycle_4_3.graph,4,0.1,1644,60444785.0,62931006.32364682,0.04113210632888877,321,769,1090,MAB
query_cycle_4_3.graph,5,0.1,1644,60444785.0,58727326.747058466,0.028413671302520704,333,758,1091,MAB
query_cycle_4_14.graph,1,0.1,4234,2199478.0,1797017.89255529,0.18297982859783554,2116,175,2291,UN
query_cycle_4_14.graph,2,0.1,4234,2199478.0,2500342.011502574,0.13678882512240367,2146,192,2338,UN
query_cycle_4_14.graph,3,0.1,4234,2199478.0,2117429.2999582184,0.03730371480950555,2119,184,2303,UN
query_cycle_4_14.graph,4,0.1,4234,2199478.0,2007498.6756420168,0.08728403937569877,2173,189,2362,UN
query_cycle_4_14.graph,5,0.1,4234,2199478.0,2280559.8117371285,0.03686411582072134,2116,185,2301,UN
query_cycle_4_14.graph,1,0.1,4234,2199478.0,2361722.2016925807,0.0737648667968403,1156,1218,2374,PO
query_cycle_4_14.graph,2,0.1,4234,2199478.0,2343428.63730353,0.06544763680451897,1149,1220,2369,PO
query_cycle_4_14.graph,3,0.1,4234,2199478.0,2440093.4027200677,0.10939659442834511,1168,1221,2389,PO
query_cycle_4_14.graph,4,0.1,4234,2199478.0,2349216.135536588,0.0680789421565425,1185,1208,2393,PO
query_cycle_4_14.graph,5,0.1,4234,2199478.0,2396368.250506506,0.0895168083092924,1154,1216,2370,PO
query_cycle_4_14.graph,1,0.1,4234,2199478.0,2431289.6509677777,0.10539393936551204,1763,309,2072,WO
query_cycle_4_14.graph,2,0.1,4234,2199478.0,2430526.758438971,0.10504708773580408,1729,337,2066,WO
query_cycle_4_14.graph,3,0.1,4234,2199478.0,2404851.925528633,0.09337393942045928,1773,324,2097,WO
query_cycle_4_14.graph,4,0.1,4234,2199478.0,2421943.5211520363,0.1011446903092626,1761,322,2083,WO
query_cycle_4_14.graph,5,0.1,4234,2199478.0,2281674.935062928,0.03737111035569718,1760,330,2090,WO
query_cycle_4_14.graph,1,0.1,4234,2199478.0,2375772.854455068,0.08015304288338769,1176,1133,2309,MAB
query_cycle_4_14.graph,2,0.1,4234,2199478.0,2347785.5929132383,0.06742854118715365,1170,1146,2316,MAB
query_cycle_4_14.graph,3,0.1,4234,2199478.0,2380222.821100076,0.08217623504307667,1148,1159,2307,MAB
query_cycle_4_14.graph,4,0.1,4234,2199478.0,2389665.936491302,0.08646957891431613,1178,1145,2323,MAB
query_cycle_4_14.graph,5,0.1,4234,2199478.0,2399129.517668635,0.09077222762338842,1151,1137,2288,MAB
query_cycle_4_33.graph,1,0.1,1681,64833784.0,60250025.47516597,0.07070015417940173,1013,131,1144,UN
query_cycle_4_33.graph,2,0.1,1681,64833784.0,45334763.118904814,0.30075401554682024,1017,129,1146,UN
query_cycle_4_33.graph,3,0.1,1681,64833784.0,68672289.98344502,0.059205336271056126,1025,168,1193,UN
query_cycle_4_33.graph,4,0.1,1681,64833784.0,48080217.7375913,0.2584079661678964,1033,179,1212,UN
query_cycle_4_33.graph,5,0.1,1681,64833784.0,41776453.34484948,0.35563758942637863,987,137,1124,UN
query_cycle_4_33.graph,1,0.1,1681,64833784.0,60382502.95281289,0.0686568139719735,521,894,1415,PO
query_cycle_4_33.graph,2,0.1,1681,64833784.0,62439423.76006867,0.03693074956000301,534,900,1434,PO
query_cycle_4_33.graph,3,0.1,1681,64833784.0,58708373.987469815,0.09447867507671903,528,895,1423,PO
query_cycle_4_33.graph,4,0.1,1681,64833784.0,62354483.74963365,0.038240869148812175,533,905,1438,PO
query_cycle_4_33.graph,5,0.1,1681,64833784.0,60253705.2924869,0.0706433964661557,539,893,1432,PO
query_cycle_4_33.graph,1,0.1,1681,64833784.0,66700857.68157885,0.028797851465508357,434,201,635,WO
query_cycle_4_33.graph,2,0.1,1681,64833784.0,64166823.15471564,0.01028724230077883,431,232,663,WO
query_cycle_4_33.graph,3,0.1,1681,64833784.0,66022468.23588987,0.01833433377712254,418,221,639,WO
query_cycle_4_33.graph,4,0.1,1681,64833784.0,52848703.096431345,0.18485857471420541,426,187,613,WO
query_cycle_4_33.graph,5,0.1,1681,64833784.0,64955864.56183619,0.001882977582122779,439,223,662,WO
query_cycle_4_33.graph,1,0.1,1681,64833784.0,64084136.03722135,0.01156261313975828,338,796,1134,MAB
query_cycle_4_33.graph,2,0.1,1681,64833784.0,60368915.87895504,0.0688663817778238,334,790,1124,MAB
query_cycle_4_33.graph,3,0.1,1681,64833784.0,63902784.16546451,0.014359794802899164,336,772,1108,MAB
query_cycle_4_33.graph,4,0.1,1681,64833784.0,61834663.82586827,0.04625860144352717,322,775,1097,MAB
query_cycle_4_33.graph,5,0.1,1681,64833784.0,61536388.08018228,0.05085922363898617,316,773,1089,MAB
query_cycle_4_40.graph,1,0.1,178,80348.0,21825.031132022472,0.7283687069743805,166,13,179,UN
query_cycle_4_40.graph,2,0.1,178,80348.0,11718.989228089888,0.8541470947865548,167,9,176,UN
query_cycle_4_40.graph,3,0.1,178,80348.0,7557.571201685392,0.9059395230536492,168,16,184,UN
query_cycle_4_40.graph,4,0.1,178,80348.0,10761.41491741573,0.8660649310820961,169,13,182,UN
query_cycle_4_40.graph,5,0.1,178,80348.0,21981.192741011233,0.7264251413723897,172,11,183,UN
query_cycle_4_40.graph,1,0.1,178,80348.0,79622.25019615634,0.009032580821472354,145,83,228,PO
query_cycle_4_40.graph,2,0.1,178,80348.0,79635.19485965156,0.008871473345303459,146,84,230,PO
query_cycle_4_40.graph,3,0.1,178,80348.0,79549.68148737431,0.00993576084813171,144,79,223,PO
query_cycle_4_40.graph,4,0.1,178,80348.0,78272.19775524724,0.02583514517788572,145,81,226,PO
query_cycle_4_40.graph,5,0.1,178,80348.0,75313.75347227723,0.06265553004085696,143,82,225,PO
query_cycle_4_40.graph,1,0.1,178,80348.0,104834.88017943513,0.30476029495986373,145,25,170,WO
query_cycle_4_40.graph,2,0.1,178,80348.0,54302.02677304248,0.32416454954644197,153,16,169,WO
query_cycle_4_40.graph,3,0.1,178,80348.0,93669.75442641621,0.1658006972969609,142,22,164,WO
query_cycle_4_40.graph,4,0.1,178,80348.0,103614.39417473046,0.28957029639481335,145,22,167,WO
query_cycle_4_40.graph,5,0.1,178,80348.0,44922.19911440639,0.44090457616360845,140,17,157,WO
query_cycle_4_40.graph,1,0.1,178,80348.0,89395.63593271872,0.11260561473488728,138,70,208,MAB
query_cycle_4_40.graph,2,0.1,178,80348.0,83557.22411385928,0.0399415556561368,141,63,204,MAB
query_cycle_4_40.graph,3,0.1,178,80348.0,78126.42452277584,0.027649418494849448,135,72,207,MAB
query_cycle_4_40.graph,4,0.1,178,80348.0,40272.93012042252,0.49876872952130086,167,11,178,MAB
query_cycle_4_40.graph,5,0.1,178,80348.0,91529.38544613951,0.13916196353536503,139,71,210,MAB
query_cycle_4_4.graph,1,0.1,152,9137.0,19583.664519078946,1.1433363816437503,144,16,160,UN
query_cycle_4_4.graph,2,0.1,152,9137.0,6053.0706651315795,0.3375209953889045,147,22,169,UN
query_cycle_4_4.graph,3,0.1,152,9137.0,30642.738442105263,2.3536979798736195,141,18,159,UN
query_cycle_4_4.graph,4,0.1,152,9137.0,5755.053730263158,0.37013749258365347,145,16,161,UN
query_cycle_4_4.graph,5,0.1,152,9137.0,20636.073438157895,1.2585173950046946,142,20,162,UN
query_cycle_4_4.graph,1,0.1,152,9137.0,9371.4574,0.025660216701324214,131,113,244,PO
query_cycle_4_4.graph,2,0.1,152,9137.0,9371.4574,0.025660216701324214,134,110,244,PO
query_cycle_4_4.graph,3,0.1,152,9137.0,9371.457400000001,0.02566021670132441,131,115,246,PO
query_cycle_4_4.graph,4,0.1,152,9137.0,9371.4574,0.025660216701324214,132,113,245,PO
query_cycle_4_4.graph,5,0.1,152,9137.0,9371.4574,0.025660216701324214,133,118,251,PO
query_cycle_4_4.graph,1,0.1,152,9137.0,11759.479565818168,0.28701757314415766,129,18,147,WO
query_cycle_4_4.graph,2,0.1,152,9137.0,6768.20964768552,0.2592525284354252,124,14,138,WO
query_cycle_4_4.graph,3,0.1,152,9137.0,12764.911248289929,0.3970571575232493,128,22,150,WO
query_cycle_4_4.graph,4,0.1,152,9137.0,0.0,1.0,126,22,148,WO
query_cycle_4_4.graph,5,0.1,152,9137.0,18080.154572603642,0.9787845652406306,130,23,153,WO
query_cycle_4_4.graph,1,0.1,152,9137.0,10504.958854779725,0.14971641181785322,133,99,232,MAB
query_cycle_4_4.graph,2,0.1,152,9137.0,7939.378003337166,0.1310738750862246,137,101,238,MAB
query_cycle_4_4.graph,3,0.1,152,9137.0,8674.088244519175,0.05066342951524848,133,88,221,MAB
query_cycle_4_4.graph,4,0.1,152,9137.0,10192.8677178145,0.11555956198035469,136,94,230,MAB
query_cycle_4_4.graph,5,0.1,152,9137.0,9992.171974635978,0.09359439363423198,140,99,239,MAB
query_cycle_4_35.graph,1,0.1,1147,43857137.0,17364494.57539756,0.6040668460552371,874,117,991,UN
query_cycle_4_35.graph,2,0.1,1147,43857137.0,40684765.88648456,0.07233420443097863,886,96,982,UN
query_cycle_4_35.graph,3,0.1,1147,43857137.0,28396767.451023716,0.35251661659939826,863,127,990,UN
query_cycle_4_35.graph,4,0.1,1147,43857137.0,30870343.03774229,0.2961158627900793,832,113,945,UN
query_cycle_4_35.graph,5,0.1,1147,43857137.0,51737718.802467644,0.17968755695264932,863,98,961,UN
query_cycle_4_35.graph,1,0.1,1147,43857137.0,45015896.4631023,0.026421229071617317,510,577,1087,PO
query_cycle_4_35.graph,2,0.1,1147,43857137.0,40488821.56948102,0.07680199075737609,513,586,1099,PO
query_cycle_4_35.graph,3,0.1,1147,43857137.0,42032035.447473146,0.04161469893775451,513,590,1103,PO
query_cycle_4_35.graph,4,0.1,1147,43857137.0,40506207.523286745,0.07640556830495468,499,598,1097,PO
query_cycle_4_35.graph,5,0.1,1147,43857137.0,40706446.13571725,0.07183986643457255,518,581,1099,PO
query_cycle_4_35.graph,1,0.1,1147,43857137.0,35368009.33359253,0.19356319739720979,383,137,520,WO
query_cycle_4_35.graph,2,0.1,1147,43857137.0,44374410.083477326,0.011794501849888782,362,143,505,WO
query_cycle_4_35.graph,3,0.1,1147,43857137.0,37516627.1993634,0.1445719040127174,385,140,525,WO
query_cycle_4_35.graph,4,0.1,1147,43857137.0,44350110.00686891,0.011240428367882435,382,139,521,WO
query_cycle_4_35.graph,5,0.1,1147,43857137.0,45696689.92234211,0.041944209042694844,373,149,522,WO
query_cycle_4_35.graph,1,0.1,1147,43857137.0,42362639.91204758,0.03407648538372261,353,496,849,MAB
query_cycle_4_35.graph,2,0.1,1147,43857137.0,45265776.1159771,0.03211881149417257,342,486,828,MAB
query_cycle_4_35.graph,3,0.1,1147,43857137.0,42610963.15229413,0.02841439120173008,336,485,821,MAB
query_cycle_4_35.graph,4,0.1,1147,43857137.0,41245609.23724936,0.05954624358518069,346,505,851,MAB
query_cycle_4_35.graph,5,0.1,1147,43857137.0,42044174.50172053,0.04133791264759182,331,494,825,MAB
query_cycle_4_36.graph,1,0.1,1093,70567993.0,46062759.057044834,0.3472570623193884,831,82,913,UN
query_cycle_4_36.graph,2,0.1,1093,70567993.0,56979274.71576451,0.19256206258034705,830,96,926,UN
query_cycle_4_36.graph,3,0.1,1093,70567993.0,72825272.0564043,0.03198729282841149,836,98,934,UN
query_cycle_4_36.graph,4,0.1,1093,70567993.0,57858707.68394829,0.18009985512910515,804,96,900,UN
query_cycle_4_36.graph,5,0.1,1093,70567993.0,68774973.40508546,0.025408397188149315,823,105,928,UN
query_cycle_4_36.graph,1,0.1,1093,70567993.0,73915481.13728721,0.04743635173650488,460,595,1055,PO
query_cycle_4_36.graph,2,0.1,1093,70567993.0,70434989.45882134,0.0018847573173670761,460,595,1055,PO
query_cycle_4_36.graph,3,0.1,1093,70567993.0,73859837.62731162,0.046647842561026456,469,602,1071,PO
query_cycle_4_36.graph,4,0.1,1093,70567993.0,71966530.37319992,0.019818295997165808,473,606,1079,PO
query_cycle_4_36.graph,5,0.1,1093,70567993.0,70714497.79684827,0.002076079970820019,471,598,1069,PO
query_cycle_4_36.graph,1,0.1,1093,70567993.0,77419322.34202684,0.09708834063095495,384,159,543,WO
query_cycle_4_36.graph,2,0.1,1093,70567993.0,75448790.99573343,0.06916447228042075,377,136,513,WO
query_cycle_4_36.graph,3,0.1,1093,70567993.0,66933268.65274425,0.051506698614140145,381,130,511,WO
query_cycle_4_36.graph,4,0.1,1093,70567993.0,60622281.01512886,0.1409380026561212,374,136,510,WO
query_cycle_4_36.graph,5,0.1,1093,70567993.0,79797560.68889901,0.13078971494766772,370,165,535,WO
query_cycle_4_36.graph,1,0.1,1093,70567993.0,75272053.23058902,0.06665996906825758,332,505,837,MAB
query_cycle_4_36.graph,2,0.1,1093,70567993.0,74140186.98673096,0.0506205977365824,323,499,822,MAB
query_cycle_4_36.graph,3,0.1,1093,70567993.0,73708713.5721636,0.044506304326433044,329,529,858,MAB
query_cycle_4_36.graph,4,0.1,1093,70567993.0,74142692.41180699,0.05065610143974175,332,504,836,MAB
query_cycle_4_36.graph,5,0.1,1093,70567993.0,74212852.49564925,0.05165032106906099,307,525,832,MAB
query_cycle_4_37.graph,1,0.1,1089,72266955.0,44999869.09955501,0.3773105688546721,805,89,894,UN
query_cycle_4_37.graph,2,0.1,1089,72266955.0,57894869.121920824,0.19887493361356068,826,94,920,UN
query_cycle_4_37.graph,3,0.1,1089,72266955.0,85192866.32689384,0.178863372988302,819,96,915,UN
query_cycle_4_37.graph,4,0.1,1089,72266955.0,77632223.00777154,0.0742423422679361,836,98,934,UN
query_cycle_4_37.graph,5,0.1,1089,72266955.0,58645109.930283196,0.18849341403296713,817,101,918,UN
query_cycle_4_37.graph,1,0.1,1089,72266955.0,70440280.11141656,0.02527676568887449,509,575,1084,PO
query_cycle_4_37.graph,2,0.1,1089,72266955.0,71239786.11809415,0.014213534829381614,502,577,1079,PO
query_cycle_4_37.graph,3,0.1,1089,72266955.0,69487233.36898518,0.03846462924880153,499,578,1077,PO
query_cycle_4_37.graph,4,0.1,1089,72266955.0,71301407.81611824,0.01336083945811415,489,582,1071,PO
query_cycle_4_37.graph,5,0.1,1089,72266955.0,71629279.80461751,0.008823883549299825,506,587,1093,PO
query_cycle_4_37.graph,1,0.1,1089,72266955.0,74796959.68243814,0.03500915020479464,356,130,486,WO
query_cycle_4_37.graph,2,0.1,1089,72266955.0,80929703.66055472,0.11987150504064717,372,141,513,WO
query_cycle_4_37.graph,3,0.1,1089,72266955.0,73250770.36388984,0.013613626918276039,362,143,505,WO
query_cycle_4_37.graph,4,0.1,1089,72266955.0,67682494.34771547,0.06343785554939367,357,124,481,WO
query_cycle_4_37.graph,5,0.1,1089,72266955.0,68769740.49657004,0.04839299654219503,352,143,495,WO
query_cycle_4_37.graph,1,0.1,1089,72266955.0,72503521.5960238,0.0032735099468878684,318,474,792,MAB
query_cycle_4_37.graph,2,0.1,1089,72266955.0,70809938.50217646,0.020161586963551133,336,488,824,MAB
query_cycle_4_37.graph,3,0.1,1089,72266955.0,73659890.09879631,0.01927485527508815,328,499,827,MAB
query_cycle_4_37.graph,4,0.1,1089,72266955.0,73735001.55832788,0.020314216343111226,321,497,818,MAB
query_cycle_4_37.graph,5,0.1,1089,72266955.0,70115006.67392062,0.029777763932068033,314,469,783,MAB
query_cycle_4_42.graph,1,0.1,1638,69349533.0,79022342.89413187,0.13947909200962996,971,143,1114,UN
query_cycle_4_42.graph,2,0.1,1638,69349533.0,49184527.03130332,0.2907734932936994,994,134,1128,UN
query_cycle_4_42.graph,3,0.1,1638,69349533.0,70463241.62120551,0.01605935286118666,985,164,1149,UN
query_cycle_4_42.graph,4,0.1,1638,69349533.0,55323046.12675641,0.20225784178306713,1001,152,1153,UN
query_cycle_4_42.graph,5,0.1,1638,69349533.0,54092402.253517225,0.22000336680685037,970,159,1129,UN
query_cycle_4_42.graph,1,0.1,1638,69349533.0,72610414.02460003,0.04702095145471317,512,873,1385,PO
query_cycle_4_42.graph,2,0.1,1638,69349533.0,71500538.29580091,0.031016867781949006,524,853,1377,PO
query_cycle_4_42.graph,3,0.1,1638,69349533.0,66779779.10140232,0.0370551002643043,531,846,1377,PO
query_cycle_4_42.graph,4,0.1,1638,69349533.0,68965717.18069197,0.005534511952777355,512,857,1369,PO
query_cycle_4_42.graph,5,0.1,1638,69349533.0,65862583.68237713,0.05028079017666738,531,864,1395,PO
query_cycle_4_42.graph,1,0.1,1638,69349533.0,64588951.739480495,0.06864619060260296,432,201,633,WO
query_cycle_4_42.graph,2,0.1,1638,69349533.0,62620120.4496405,0.09703616245490078,400,213,613,WO
query_cycle_4_42.graph,3,0.1,1638,69349533.0,70081015.0798832,0.010547757832532237,382,214,596,WO
query_cycle_4_42.graph,4,0.1,1638,69349533.0,77292235.50696628,0.11453144907214123,383,223,606,WO
query_cycle_4_42.graph,5,0.1,1638,69349533.0,65194019.29867177,0.05992129321661377,411,209,620,WO
query_cycle_4_42.graph,1,0.1,1638,69349533.0,72377806.12751542,0.04366681355324224,432,667,1099,MAB
query_cycle_4_42.graph,2,0.1,1638,69349533.0,68930878.77317604,0.006036871608406588,286,740,1026,MAB
query_cycle_4_42.graph,3,0.1,1638,69349533.0,71509366.4456795,0.03114416712336766,294,780,1074,MAB
query_cycle_4_42.graph,4,0.1,1638,69349533.0,70692115.90240277,0.019359653112628366,305,742,1047,MAB
query_cycle_4_42.graph,5,0.1,1638,69349533.0,67786781.96550687,0.02253441323812712,324,756,1080,MAB
query_cycle_4_28.graph,1,0.1,4662,37676524.0,45130263.546279564,0.19783511733406098,1016,475,1491,UN
query_cycle_4_28.graph,2,0.1,4662,37676524.0,34288507.65350014,0.08992380365290227,1034,505,1539,UN
query_cycle_4_28.graph,3,0.1,4662,37676524.0,36898880.42149259,0.02064000326854485,1025,480,1505,UN
query_cycle_4_28.graph,4,0.1,4662,37676524.0,37356518.24648856,0.008493505226528761,1011,484,1495,UN
query_cycle_4_28.graph,5,0.1,4662,37676524.0,39945668.14971362,0.060227003683079164,1035,480,1515,UN
query_cycle_4_28.graph,1,0.1,4662,37676524.0,37683232.78856386,0.00017806283201344272,508,1141,1649,PO
query_cycle_4_28.graph,2,0.1,4662,37676524.0,37562965.3759415,0.0030140419551044554,510,1161,1671,PO
query_cycle_4_28.graph,3,0.1,4662,37676524.0,37652285.14591864,0.0006433410386096787,515,1166,1681,PO
query_cycle_4_28.graph,4,0.1,4662,37676524.0,37722251.11066904,0.0012136764705002825,501,1147,1648,PO
query_cycle_4_28.graph,5,0.1,4662,37676524.0,37820862.31116231,0.003830987995662972,513,1138,1651,PO
query_cycle_4_28.graph,1,0.1,4662,37676524.0,39231279.73160006,0.041265901589012326,485,435,920,WO
query_cycle_4_28.graph,2,0.1,4662,37676524.0,40450952.342691876,0.0736381185985171,478,415,893,WO
query_cycle_4_28.graph,3,0.1,4662,37676524.0,40055198.175341375,0.063134119679973,487,446,933,WO
query_cycle_4_28.graph,4,0.1,4662,37676524.0,43946617.752669916,0.16641911426515663,502,439,941,WO
query_cycle_4_28.graph,5,0.1,4662,37676524.0,37715829.09428601,0.0010432250673127294,489,426,915,WO
query_cycle_4_28.graph,1,0.1,4662,37676524.0,37978511.461424306,0.008015268643792777,302,925,1227,MAB
query_cycle_4_28.graph,2,0.1,4662,37676524.0,37765715.37143099,0.0023672929973846068,303,954,1257,MAB
query_cycle_4_28.graph,3,0.1,4662,37676524.0,38043000.29701581,0.009726913688104787,295,939,1234,MAB
query_cycle_4_28.graph,4,0.1,4662,37676524.0,39370474.8959054,0.04496038158683104,285,915,1200,MAB
query_cycle_4_28.graph,5,0.1,4662,37676524.0,38024638.40202404,0.009239557291008007,295,938,1233,MAB
query_cycle_4_38.graph,1,0.1,1669,56417659.0,56197134.49344968,0.00390878512967579,1023,142,1165,UN
query_cycle_4_38.graph,2,0.1,1669,56417659.0,99128414.58868363,0.7570458672998757,973,155,1128,UN
query_cycle_4_38.graph,3,0.1,1669,56417659.0,50044092.62461473,0.11297112443792234,989,164,1153,UN
query_cycle_4_38.graph,4,0.1,1669,56417659.0,51228421.81638947,0.09197895261146033,1007,175,1182,UN
query_cycle_4_38.graph,5,0.1,1669,56417659.0,40183914.48432924,0.28774225665178277,1045,146,1191,UN
query_cycle_4_38.graph,1,0.1,1669,56417659.0,50983328.480716884,0.09632321892836986,532,871,1403,PO
query_cycle_4_38.graph,2,0.1,1669,56417659.0,48776408.743973844,0.1354407536836322,532,870,1402,PO
query_cycle_4_38.graph,3,0.1,1669,56417659.0,52134407.80781592,0.07592039918182503,546,853,1399,PO
query_cycle_4_38.graph,4,0.1,1669,56417659.0,65866442.35522331,0.16747918156659625,533,878,1411,PO
query_cycle_4_38.graph,5,0.1,1669,56417659.0,50331705.38565722,0.10787320357164729,536,880,1416,PO
query_cycle_4_38.graph,1,0.1,1669,56417659.0,55309018.507735796,0.019650593660119852,432,206,638,WO
query_cycle_4_38.graph,2,0.1,1669,56417659.0,55095306.93312349,0.02343861993416828,432,217,649,WO
query_cycle_4_38.graph,3,0.1,1669,56417659.0,52048013.82965107,0.07745172784196748,425,212,637,WO
query_cycle_4_38.graph,4,0.1,1669,56417659.0,52737834.23298736,0.06522469794453259,441,208,649,WO
query_cycle_4_38.graph,5,0.1,1669,56417659.0,55210619.235207416,0.0213947155232475,448,204,652,WO
query_cycle_4_38.graph,1,0.1,1669,56417659.0,54796992.75890294,0.028726222778883165,462,726,1188,MAB
query_cycle_4_38.graph,2,0.1,1669,56417659.0,55120005.75191509,0.02300083468697115,333,766,1099,MAB
query_cycle_4_38.graph,3,0.1,1669,56417659.0,54595796.29592344,0.032292419366010176,342,765,1107,MAB
query_cycle_4_38.graph,4,0.1,1669,56417659.0,56589426.27902883,0.003044565869506087,328,767,1095,MAB
query_cycle_4_38.graph,5,0.1,1669,56417659.0,55109416.12459689,0.0231885352670006,338,788,1126,MAB
query_cycle_4_39.graph,1,0.1,1147,43857137.0,27721694.928813245,0.36790915173479644,894,95,989,UN
query_cycle_4_39.graph,2,0.1,1147,43857137.0,60510921.50748839,0.3797280362256294,851,120,971,UN
query_cycle_4_39.graph,3,0.1,1147,43857137.0,38478593.54485371,0.1226378150298842,846,112,958,UN
query_cycle_4_39.graph,4,0.1,1147,43857137.0,38653646.91104969,0.11864636966499463,859,99,958,UN
query_cycle_4_39.graph,5,0.1,1147,43857137.0,23694823.52261134,0.4597270787965175,871,106,977,UN
query_cycle_4_39.graph,1,0.1,1147,43857137.0,46171741.0174645,0.052775994417157315,503,570,1073,PO
query_cycle_4_39.graph,2,0.1,1147,43857137.0,43049298.12963117,0.018419781263168886,503,583,1086,PO
query_cycle_4_39.graph,3,0.1,1147,43857137.0,42419848.3863779,0.032772057456055534,510,584,1094,PO
query_cycle_4_39.graph,4,0.1,1147,43857137.0,43538589.725791425,0.007263293867280381,496,574,1070,PO
query_cycle_4_39.graph,5,0.1,1147,43857137.0,47409135.69432842,0.08099020905829808,501,590,1091,PO
query_cycle_4_39.graph,1,0.1,1147,43857137.0,40093174.43244665,0.08582326218771072,385,136,521,WO
query_cycle_4_39.graph,2,0.1,1147,43857137.0,42262919.49541267,0.03635024111554135,387,157,544,WO
query_cycle_4_39.graph,3,0.1,1147,43857137.0,50057871.55110068,0.14138484578007632,381,159,540,WO
query_cycle_4_39.graph,4,0.1,1147,43857137.0,44259968.29483895,0.009185079610621871,375,140,515,WO
query_cycle_4_39.graph,5,0.1,1147,43857137.0,44616248.240619995,0.017308727667745268,385,151,536,WO
query_cycle_4_39.graph,1,0.1,1147,43857137.0,41751548.37488602,0.04801017050232848,341,505,846,MAB
query_cycle_4_39.graph,2,0.1,1147,43857137.0,44275059.18804414,0.009529171684055397,344,470,814,MAB
query_cycle_4_39.graph,3,0.1,1147,43857137.0,44754871.60158217,0.020469521336565346,323,480,803,MAB
query_cycle_4_39.graph,4,0.1,1147,43857137.0,42285017.966366276,0.035846367117710484,469,415,884,MAB
query_cycle_4_39.graph,5,0.1,1147,43857137.0,45505944.89126161,0.0375949732254891,331,474,805,MAB
query_cycle_4_13.graph,1,0.1,4668,31727246.0,31173319.949939054,0.01745900195878793,1042,447,1489,UN
query_cycle_4_13.graph,2,0.1,4668,31727246.0,29458763.666620597,0.07149950340409006,1070,470,1540,UN
query_cycle_4_13.graph,3,0.1,4668,31727246.0,29146746.31631843,0.08133386943454121,1033,441,1474,UN
query_cycle_4_13.graph,4,0.1,4668,31727246.0,31439438.465440117,0.00907130529261453,1061,458,1519,UN
query_cycle_4_13.graph,5,0.1,4668,31727246.0,34546903.98642694,0.08887181655876915,991,480,1471,UN
query_cycle_4_13.graph,1,0.1,4668,31727246.0,33344344.437878154,0.050968761608812634,494,1137,1631,PO
query_cycle_4_13.graph,2,0.1,4668,31727246.0,32996274.52405725,0.03999806740418788,482,1130,1612,PO
query_cycle_4_13.graph,3,0.1,4668,31727246.0,38684339.47805136,0.21927820265431663,485,1114,1599,PO
query_cycle_4_13.graph,4,0.1,4668,31727246.0,31552782.7765741,0.005498845485230539,497,1127,1624,PO
query_cycle_4_13.graph,5,0.1,4668,31727246.0,29103897.259838816,0.08268441389968685,492,1110,1602,PO
query_cycle_4_13.graph,1,0.1,4668,31727246.0,38407006.33207882,0.21053703596205048,479,439,918,WO
query_cycle_4_13.graph,2,0.1,4668,31727246.0,33965732.36270816,0.0705540708672968,516,438,954,WO
query_cycle_4_13.graph,3,0.1,4668,31727246.0,31220429.18403013,0.01597418244148482,498,419,917,WO
query_cycle_4_13.graph,4,0.1,4668,31727246.0,36791773.40783851,0.1596270728268854,499,426,925,WO
query_cycle_4_13.graph,5,0.1,4668,31727246.0,29437091.900954235,0.07218256822687241,472,389,861,WO
query_cycle_4_13.graph,1,0.1,4668,31727246.0,31573177.385705795,0.004856034913783719,291,926,1217,MAB
query_cycle_4_13.graph,2,0.1,4668,31727246.0,30458170.901874594,0.03999953535599672,295,934,1229,MAB
query_cycle_4_13.graph,3,0.1,4668,31727246.0,31636477.94607295,0.00286088663122696,295,940,1235,MAB
query_cycle_4_13.graph,4,0.1,4668,31727246.0,31207493.836423613,0.016381887150759535,297,962,1259,MAB
query_cycle_4_13.graph,5,0.1,4668,31727246.0,32287513.219831917,0.017658867076957057,386,953,1339,MAB
query_cycle_4_47.graph,1,0.1,1091,67496770.0,66411387.12899723,0.016080515719534002,827,98,925,UN
query_cycle_4_47.graph,2,0.1,1091,67496770.0,48617027.65827331,0.2797132713421204,820,85,905,UN
query_cycle_4_47.graph,3,0.1,1091,67496770.0,58861640.59474923,0.12793396491788825,830,100,930,UN
query_cycle_4_47.graph,4,0.1,1091,67496770.0,108596522.3564975,0.608914357775898,824,102,926,UN
query_cycle_4_47.graph,5,0.1,1091,67496770.0,27580865.00904088,0.5913750389975568,833,114,947,UN
query_cycle_4_47.graph,1,0.1,1091,67496770.0,67236963.06302653,0.0038491758490586656,513,581,1094,PO
query_cycle_4_47.graph,2,0.1,1091,67496770.0,66296808.816360325,0.01777805343336689,513,583,1096,PO
query_cycle_4_47.graph,3,0.1,1091,67496770.0,71386913.9334152,0.057634519895029115,508,584,1092,PO
query_cycle_4_47.graph,4,0.1,1091,67496770.0,67477923.48813672,0.00027922094439891514,512,583,1095,PO
query_cycle_4_47.graph,5,0.1,1091,67496770.0,66595343.69725092,0.013355102810832022,514,589,1103,PO
query_cycle_4_47.graph,1,0.1,1091,67496770.0,71872435.74755387,0.06482777987085708,366,151,517,WO
query_cycle_4_47.graph,2,0.1,1091,67496770.0,71524095.95997438,0.05966694346965608,366,157,523,WO
query_cycle_4_47.graph,3,0.1,1091,67496770.0,72804694.90411983,0.07863968756015784,360,151,511,WO
query_cycle_4_47.graph,4,0.1,1091,67496770.0,64259235.41108885,0.047965770642227075,339,148,487,WO
query_cycle_4_47.graph,5,0.1,1091,67496770.0,60027148.78192334,0.11066635067243456,341,138,479,WO
query_cycle_4_47.graph,1,0.1,1091,67496770.0,72762831.85060243,0.07801946449589267,308,508,816,MAB
query_cycle_4_47.graph,2,0.1,1091,67496770.0,71537277.94082314,0.05986224142019148,316,507,823,MAB
query_cycle_4_47.graph,3,0.1,1091,67496770.0,70009241.50480019,0.03722358128841107,321,489,810,MAB
query_cycle_4_47.graph,4,0.1,1091,67496770.0,67476110.58929487,0.0003060799902741164,313,494,807,MAB
query_cycle_4_47.graph,5,0.1,1091,67496770.0,67451252.80995245,0.0006743610108683307,295,507,802,MAB
query_cycle_4_17.graph,1,0.1,4261,2086532.0,1776736.8706019477,0.14847370152868605,2146,192,2338,UN
query_cycle_4_17.graph,2,0.1,4261,2086532.0,1859140.1119762738,0.10898078151867605,2207,197,2404,UN
query_cycle_4_17.graph,3,0.1,4261,2086532.0,1252299.0512739024,0.3998179508994339,2175,228,2403,UN
query_cycle_4_17.graph,4,0.1,4261,2086532.0,1444590.3670887584,0.3076596155300957,2153,189,2342,UN
query_cycle_4_17.graph,5,0.1,4261,2086532.0,2078225.2669377835,0.003981119418353779,2155,238,2393,UN
query_cycle_4_17.graph,1,0.1,4261,2086532.0,1636648.2456432849,0.21561315827253794,1158,1252,2410,PO
query_cycle_4_17.graph,2,0.1,4261,2086532.0,1609071.8564535233,0.2288295331902299,1126,1252,2378,PO
query_cycle_4_17.graph,3,0.1,4261,2086532.0,1620821.4240709029,0.22319838657116073,1158,1247,2405,PO
query_cycle_4_17.graph,4,0.1,4261,2086532.0,1669069.8354815575,0.20007465235061933,1170,1247,2417,PO
query_cycle_4_17.graph,5,0.1,4261,2086532.0,1607896.3772387942,0.22939289824512912,1123,1250,2373,PO
query_cycle_4_17.graph,1,0.1,4261,2086532.0,1606666.5185008035,0.22998232545640157,1762,345,2107,WO
query_cycle_4_17.graph,2,0.1,4261,2086532.0,1601916.8149369557,0.23225868813085268,1787,340,2127,WO
query_cycle_4_17.graph,3,0.1,4261,2086532.0,1683004.8671292805,0.19339609115542897,1741,343,2084,WO
query_cycle_4_17.graph,4,0.1,4261,2086532.0,1753427.2677910211,0.15964515866949505,1756,359,2115,WO
query_cycle_4_17.graph,5,0.1,4261,2086532.0,1750899.5060756593,0.1608566242570642,1762,371,2133,WO
query_cycle_4_17.graph,1,0.1,4261,2086532.0,1688505.4678467251,0.19075985038967763,1164,1158,2322,MAB
query_cycle_4_17.graph,2,0.1,4261,2086532.0,1714402.8614833236,0.17834815786035219,1161,1178,2339,MAB
query_cycle_4_17.graph,3,0.1,4261,2086532.0,1637899.1568135375,0.21501364138506504,1174,1180,2354,MAB
query_cycle_4_17.graph,4,0.1,4261,2086532.0,1677133.8568821345,0.19620985593217144,1165,1172,2337,MAB
query_cycle_4_17.graph,5,0.1,4261,2086532.0,1679878.840640116,0.19489428360546782,1154,1168,2322,MAB
query_cycle_4_45.graph,1,0.1,1110,72266955.0,52484207.85331487,0.27374540890349025,831,91,922,UN
query_cycle_4_45.graph,2,0.1,1110,72266955.0,47729050.88300676,0.3395452889497453,828,99,927,UN
query_cycle_4_45.graph,3,0.1,1110,72266955.0,97647707.06032942,0.3512082674623474,819,115,934,UN
query_cycle_4_45.graph,4,0.1,1110,72266955.0,76743487.24874865,0.06194438728944156,846,102,948,UN
query_cycle_4_45.graph,5,0.1,1110,72266955.0,42920468.875400804,0.40608444239278096,842,111,953,UN
query_cycle_4_45.graph,1,0.1,1110,72266955.0,72910164.91982517,0.008900470759078842,492,593,1085,PO
query_cycle_4_45.graph,2,0.1,1110,72266955.0,73706547.23567283,0.01992047728692639,488,588,1076,PO
query_cycle_4_45.graph,3,0.1,1110,72266955.0,72457196.81352036,0.0026324869163278984,496,582,1078,PO
query_cycle_4_45.graph,4,0.1,1110,72266955.0,72286043.08159219,0.0002641329165202448,491,584,1075,PO
query_cycle_4_45.graph,5,0.1,1110,72266955.0,80294840.8814291,0.11108653853520058,502,592,1094,PO
query_cycle_4_45.graph,1,0.1,1110,72266955.0,61602269.84297007,0.14757346780461314,366,137,503,WO
query_cycle_4_45.graph,2,0.1,1110,72266955.0,74940746.3569133,0.036998810271074774,387,134,521,WO
query_cycle_4_45.graph,3,0.1,1110,72266955.0,67214825.94211537,0.0699092560062152,378,126,504,WO
query_cycle_4_45.graph,4,0.1,1110,72266955.0,61350373.57748773,0.15105910332754813,379,124,503,WO
query_cycle_4_45.graph,5,0.1,1110,72266955.0,77933584.60544772,0.07841245843896044,371,128,499,WO
query_cycle_4_45.graph,1,0.1,1110,72266955.0,75046932.70730355,0.03846817272574379,333,491,824,MAB
query_cycle_4_45.graph,2,0.1,1110,72266955.0,76305101.86737448,0.05587819311571215,332,510,842,MAB
query_cycle_4_45.graph,3,0.1,1110,72266955.0,73309497.76833387,0.014426272261421104,414,445,859,MAB
query_cycle_4_45.graph,4,0.1,1110,72266955.0,71883795.80868818,0.0053019971757744784,335,500,835,MAB
query_cycle_4_45.graph,5,0.1,1110,72266955.0,75807418.71399614,0.048991461090288665,339,466,805,MAB
query_cycle_4_7.graph,1,0.1,825,6444164.0,6985278.4474996375,0.0839696890860688,749,59,808,UN
query_cycle_4_7.graph,2,0.1,825,6444164.0,4821401.400436363,0.2518189480534072,736,53,789,UN
query_cycle_4_7.graph,3,0.1,825,6444164.0,5427798.993361455,0.15771867485659033,754,64,818,UN
query_cycle_4_7.graph,4,0.1,825,6444164.0,10124379.186711272,0.5710927261800401,751,52,803,UN
query_cycle_4_7.graph,5,0.1,825,6444164.0,8637202.855959274,0.3403139423452404,758,65,823,UN
query_cycle_4_7.graph,1,0.1,825,6444164.0,7119821.652263755,0.1048479914949022,520,408,928,PO
query_cycle_4_7.graph,2,0.1,825,6444164.0,7973143.45815615,0.23726575831343674,520,409,929,PO
query_cycle_4_7.graph,3,0.1,825,6444164.0,7168425.065644437,0.11239022868512308,509,406,915,PO
query_cycle_4_7.graph,4,0.1,825,6444164.0,7810793.47821822,0.2120724237027829,518,410,928,PO
query_cycle_4_7.graph,5,0.1,825,6444164.0,7130874.551988338,0.10656317126447094,517,413,930,PO
query_cycle_4_7.graph,1,0.1,825,6444164.0,7531858.521487008,0.16878752953633827,560,100,660,WO
query_cycle_4_7.graph,2,0.1,825,6444164.0,7158715.159083023,0.11088345347558236,560,81,641,WO
query_cycle_4_7.graph,3,0.1,825,6444164.0,7353836.701523147,0.14116225184882733,575,86,661,WO
query_cycle_4_7.graph,4,0.1,825,6444164.0,7382625.459538611,0.14562966732979027,555,90,645,WO
query_cycle_4_7.graph,5,0.1,825,6444164.0,7494519.504094143,0.16299329192958828,552,85,637,WO
query_cycle_4_7.graph,1,0.1,825,6444164.0,7434621.602820746,0.1536983855191683,471,358,829,MAB
query_cycle_4_7.graph,2,0.1,825,6444164.0,1535.5691922143435,0.9997617116522463,691,25,716,MAB
query_cycle_4_7.graph,3,0.1,825,6444164.0,7371240.331523916,0.14386293265098712,478,361,839,MAB
query_cycle_4_7.graph,4,0.1,825,6444164.0,7506249.7752252985,0.1648135856296175,486,354,840,MAB
query_cycle_4_7.graph,5,0.1,825,6444164.0,7708960.609472773,0.1962700839818436,554,286,840,MAB
query_cycle_4_48.graph,1,0.1,962,2532734.0,2742756.5156076928,0.0829232424754012,885,88,973,UN
query_cycle_4_48.graph,2,0.1,962,2532734.0,2265057.3882361744,0.10568682371059324,893,87,980,UN
query_cycle_4_48.graph,3,0.1,962,2532734.0,1016106.0146688152,0.5988106075613091,876,75,951,UN
query_cycle_4_48.graph,4,0.1,962,2532734.0,1523429.2974046774,0.3985040286880986,864,82,946,UN
query_cycle_4_48.graph,5,0.1,962,2532734.0,652473.9679397091,0.742383539708588,880,61,941,UN
query_cycle_4_48.graph,1,0.1,962,2532734.0,2187459.9235494467,0.13632465014113335,672,496,1168,PO
query_cycle_4_48.graph,2,0.1,962,2532734.0,2251629.642173647,0.11098850405386158,668,494,1162,PO
query_cycle_4_48.graph,3,0.1,962,2532734.0,2168624.777079824,0.14376133574239383,680,482,1162,PO
query_cycle_4_48.graph,4,0.1,962,2532734.0,2358820.0497573004,0.06866648856243869,676,487,1163,PO
query_cycle_4_48.graph,5,0.1,962,2532734.0,2269178.49004315,0.10405968805127194,675,486,1161,PO
query_cycle_4_48.graph,1,0.1,962,2532734.0,2282110.3891199934,0.09895378309763543,638,106,744,WO
query_cycle_4_48.graph,2,0.1,962,2532734.0,2385409.8057539677,0.05816804853807477,646,105,751,WO
query_cycle_4_48.graph,3,0.1,962,2532734.0,2351156.764714792,0.0716921853164241,666,93,759,WO
query_cycle_4_48.graph,4,0.1,962,2532734.0,1774195.717455445,0.2994938602097792,664,104,768,WO
query_cycle_4_48.graph,5,0.1,962,2532734.0,1704329.2480694586,0.32707925582810565,669,94,763,WO
query_cycle_4_48.graph,1,0.1,962,2532734.0,2093644.7053520654,0.17336573625494608,627,425,1052,MAB
query_cycle_4_48.graph,2,0.1,962,2532734.0,2253767.1961312317,0.11014453308905249,643,399,1042,MAB
query_cycle_4_48.graph,3,0.1,962,2532734.0,2163314.216244221,0.14585810580810254,620,415,1035,MAB
query_cycle_4_48.graph,4,0.1,962,2532734.0,2219681.2799979546,0.12360268389891926,622,434,1056,MAB
query_cycle_4_48.graph,5,0.1,962,2532734.0,2121530.562775721,0.1623555561793221,621,416,1037,MAB
query_cycle_4_9.graph,1,0.1,1089,6668671.0,6163665.584000001,0.07572804476334179,590,116,706,UN
query_cycle_4_9.graph,2,0.1,1089,6668671.0,7900757.611000002,0.18475744432436422,593,125,718,UN
query_cycle_4_9.graph,3,0.1,1089,6668671.0,6565505.543000001,0.015470167444157695,586,103,689,UN
query_cycle_4_9.graph,4,0.1,1089,6668671.0,7327940.601000002,0.09886071767523119,591,110,701,UN
query_cycle_4_9.graph,5,0.1,1089,6668671.0,9381585.079000004,0.40681480297948475,593,115,708,UN
query_cycle_4_9.graph,1,0.1,1089,6668671.0,6583846.084205635,0.01271991312727305,245,621,866,PO
query_cycle_4_9.graph,2,0.1,1089,6668671.0,6659625.145508009,0.0013564703509876242,242,617,859,PO
query_cycle_4_9.graph,3,0.1,1089,6668671.0,6353824.604432454,0.0472127648173895,254,606,860,PO
query_cycle_4_9.graph,4,0.1,1089,6668671.0,6123900.944946393,0.0816909478745625,245,608,853,PO
query_cycle_4_9.graph,5,0.1,1089,6668671.0,6626759.479312594,0.006284838566395906,246,614,860,PO
query_cycle_4_9.graph,1,0.1,1089,6668671.0,6286147.545611131,0.057361272491755703,258,145,403,WO
query_cycle_4_9.graph,2,0.1,1089,6668671.0,5904735.298086263,0.11455591405150094,270,147,417,WO
query_cycle_4_9.graph,3,0.1,1089,6668671.0,6841907.366719297,0.02597764482897674,267,133,400,WO
query_cycle_4_9.graph,4,0.1,1089,6668671.0,7140885.145289889,0.07081083251668716,260,151,411,WO
query_cycle_4_9.graph,5,0.1,1089,6668671.0,6464020.493533655,0.03068834951766925,260,138,398,WO
query_cycle_4_9.graph,1,0.1,1089,6668671.0,6791441.733897639,0.018410075095568433,166,561,727,MAB
query_cycle_4_9.graph,2,0.1,1089,6668671.0,6572725.732858655,0.01438746448000583,169,532,701,MAB
query_cycle_4_9.graph,3,0.1,1089,6668671.0,6428562.240961021,0.03600548880563746,158,542,700,MAB
query_cycle_4_9.graph,4,0.1,1089,6668671.0,6531195.667254908,0.020615101981353103,168,536,704,MAB
query_cycle_4_9.graph,5,0.1,1089,6668671.0,6517418.268380181,0.022681090673062003,177,549,726,MAB
query_cycle_6_11.graph,1,0.1,474,1950728528.0,2159834672.1552267,0.10719387200925105,272,57,329,UN
query_cycle_6_11.graph,2,0.1,474,1950728528.0,1288600250.111639,0.3394261520167613,271,44,315,UN
query_cycle_6_11.graph,3,0.1,474,1950728528.0,2485653750.1775494,0.2742181777215232,275,54,329,UN
query_cycle_6_11.graph,4,0.1,474,1950728528.0,2166794836.2500587,0.11076185391699908,271,59,330,UN
query_cycle_6_11.graph,5,0.1,474,1950728528.0,2067889463.0187116,0.06006009208202422,279,50,329,UN
query_cycle_6_11.graph,1,0.1,474,1950728528.0,1820327330.5602295,0.06684743446770901,117,269,386,PO
query_cycle_6_11.graph,2,0.1,474,1950728528.0,1926872103.3809612,0.012229494917725845,121,268,389,PO
query_cycle_6_11.graph,3,0.1,474,1950728528.0,1819148623.27488,0.06745167399588062,121,268,389,PO
query_cycle_6_11.graph,4,0.1,474,1950728528.0,1953635346.0523014,0.001490119209607113,123,267,390,PO
query_cycle_6_11.graph,5,0.1,474,1950728528.0,1821158053.6175344,0.06642158174377485,126,273,399,PO
query_cycle_6_11.graph,1,0.1,474,1950728528.0,1911194760.1893513,0.020266155563522206,141,64,205,WO
query_cycle_6_11.graph,2,0.1,474,1950728528.0,1544089554.5067933,0.2084549273035529,140,49,189,WO
query_cycle_6_11.graph,3,0.1,474,1950728528.0,1649993188.5286753,0.1541656540900932,134,52,186,WO
query_cycle_6_11.graph,4,0.1,474,1950728528.0,1458422857.3233836,0.252370159973698,135,52,187,WO
query_cycle_6_11.graph,5,0.1,474,1950728528.0,2098518490.1157432,0.07576141938482132,146,60,206,WO
query_cycle_6_11.graph,1,0.1,474,1950728528.0,1914580025.021715,0.018530770663074587,156,180,336,MAB
query_cycle_6_11.graph,2,0.1,474,1950728528.0,1817263657.97143,0.06841796186033423,92,234,326,MAB
query_cycle_6_11.graph,3,0.1,474,1950728528.0,1970715122.1182344,0.010245707606852816,101,220,321,MAB
query_cycle_6_11.graph,4,0.1,474,1950728528.0,1983495991.7594311,0.01679755193462323,102,229,331,MAB
query_cycle_6_11.graph,5,0.1,474,1950728528.0,1846928061.8516767,0.05321112838532461,93,242,335,MAB
query_cycle_4_15.graph,1,0.1,4680,31727246.0,29153179.82882197,0.08113109379799406,1044,455,1499,UN
query_cycle_4_15.graph,2,0.1,4680,31727246.0,29200458.946426842,0.07964091978147607,1010,469,1479,UN
query_cycle_4_15.graph,3,0.1,4680,31727246.0,30512316.32540667,0.038292944637972344,1030,493,1523,UN
query_cycle_4_15.graph,4,0.1,4680,31727246.0,27359335.922933158,0.13767063416304215,992,464,1456,UN
query_cycle_4_15.graph,5,0.1,4680,31727246.0,33897982.59286128,0.06841868950306244,1025,450,1475,UN
query_cycle_4_15.graph,1,0.1,4680,31727246.0,30077734.332858596,0.05199038287601149,471,1151,1622,PO
query_cycle_4_15.graph,2,0.1,4680,31727246.0,29225522.089978036,0.07885096330207685,485,1136,1621,PO
query_cycle_4_15.graph,3,0.1,4680,31727246.0,29816666.00140481,0.06021890455273645,478,1164,1642,PO
query_cycle_4_15.graph,4,0.1,4680,31727246.0,32414940.18099168,0.021675193018381722,475,1156,1631,PO
query_cycle_4_15.graph,5,0.1,4680,31727246.0,27802667.722147163,0.12369741382069017,491,1152,1643,PO
query_cycle_4_15.graph,1,0.1,4680,31727246.0,34011040.69079584,0.0719821282564468,525,391,916,WO
query_cycle_4_15.graph,2,0.1,4680,31727246.0,32616367.616391733,0.028023914095529543,499,410,909,WO
query_cycle_4_15.graph,3,0.1,4680,31727246.0,32243319.80373989,0.01626595021010933,475,405,880,WO
query_cycle_4_15.graph,4,0.1,4680,31727246.0,31217847.324828748,0.016055559161083578,498,413,911,WO
query_cycle_4_15.graph,5,0.1,4680,31727246.0,31748777.466566373,0.0006786427843870426,507,418,925,WO
query_cycle_4_15.graph,1,0.1,4680,31727246.0,30079809.588075247,0.05192497363070067,378,905,1283,MAB
query_cycle_4_15.graph,2,0.1,4680,31727246.0,31961591.971230157,0.007386268925773032,306,937,1243,MAB
query_cycle_4_15.graph,3,0.1,4680,31727246.0,31053649.948649846,0.02123083898773168,311,948,1259,MAB
query_cycle_4_15.graph,4,0.1,4680,31727246.0,30682084.675569937,0.03294207522550376,309,955,1264,MAB
query_cycle_4_15.graph,5,0.1,4680,31727246.0,30842510.279255413,0.027885676580456667,373,971,1344,MAB
query_cycle_4_49.graph,1,0.1,1056,76591135.0,81133086.39507073,0.05930126763457327,808,104,912,UN
query_cycle_4_49.graph,2,0.1,1056,76591135.0,124695067.09798409,0.6280613558995318,804,111,915,UN
query_cycle_4_49.graph,3,0.1,1056,76591135.0,16085452.137870736,0.7899828467371487,802,107,909,UN
query_cycle_4_49.graph,4,0.1,1056,76591135.0,108623301.8763375,0.41822290368640574,819,100,919,UN
query_cycle_4_49.graph,5,0.1,1056,76591135.0,121132908.09440625,0.5815525921427623,787,81,868,UN
query_cycle_4_49.graph,1,0.1,1056,76591135.0,68997725.14271495,0.09914215081530066,480,581,1061,PO
query_cycle_4_49.graph,2,0.1,1056,76591135.0,70884427.34965505,0.07450872284821151,482,583,1065,PO
query_cycle_4_49.graph,3,0.1,1056,76591135.0,77037409.93083711,0.005826717815803482,481,585,1066,PO
query_cycle_4_49.graph,4,0.1,1056,76591135.0,68093238.50007245,0.11095143713339084,482,565,1047,PO
query_cycle_4_49.graph,5,0.1,1056,76591135.0,69590845.80489528,0.09139816501093394,492,580,1072,PO
query_cycle_4_49.graph,1,0.1,1056,76591135.0,62964066.36414078,0.1779196591858734,358,136,494,WO
query_cycle_4_49.graph,2,0.1,1056,76591135.0,80281101.03957519,0.04817745604077012,351,141,492,WO
query_cycle_4_49.graph,3,0.1,1056,76591135.0,77001049.20691928,0.00535197979399682,362,136,498,WO
query_cycle_4_49.graph,4,0.1,1056,76591135.0,67531788.15942775,0.1182819244103414,357,138,495,WO
query_cycle_4_49.graph,5,0.1,1056,76591135.0,79678689.04154053,0.040312159384249015,373,144,517,WO
query_cycle_4_49.graph,1,0.1,1056,76591135.0,74438743.19270413,0.0281023620722669,306,506,812,MAB
query_cycle_4_49.graph,2,0.1,1056,76591135.0,74736159.92588252,0.024219187692119743,317,514,831,MAB
query_cycle_4_49.graph,3,0.1,1056,76591135.0,76551039.8023901,0.0005234965849494387,298,491,789,MAB
query_cycle_4_49.graph,4,0.1,1056,76591135.0,73090423.61523263,0.045706482672797165,312,505,817,MAB
query_cycle_4_49.graph,5,0.1,1056,76591135.0,78808593.68055761,0.028951897377648323,309,491,800,MAB
query_cycle_4_22.graph,1,0.1,4700,34213676.0,36028211.62941231,0.05303538939844723,1064,470,1534,UN
query_cycle_4_22.graph,2,0.1,4700,34213676.0,34611086.49197772,0.011615544964467468,1059,455,1514,UN
query_cycle_4_22.graph,3,0.1,4700,34213676.0,41392485.70016961,0.20982281179518997,1086,500,1586,UN
query_cycle_4_22.graph,4,0.1,4700,34213676.0,34879782.27851167,0.019469006443846408,1091,504,1595,UN
query_cycle_4_22.graph,5,0.1,4700,34213676.0,36958779.53215034,0.08023410089434246,1081,494,1575,UN
query_cycle_4_22.graph,1,0.1,4700,34213676.0,36403599.41454255,0.06400725296348012,477,1095,1572,PO
query_cycle_4_22.graph,2,0.1,4700,34213676.0,35555058.8812642,0.03920604384235714,473,1091,1564,PO
query_cycle_4_22.graph,3,0.1,4700,34213676.0,35612521.426328324,0.04088556360703024,482,1095,1577,PO
query_cycle_4_22.graph,4,0.1,4700,34213676.0,35616894.272916056,0.041013373509355036,467,1095,1562,PO
query_cycle_4_22.graph,5,0.1,4700,34213676.0,35473920.376038946,0.03683452126099944,480,1088,1568,PO
query_cycle_4_22.graph,1,0.1,4700,34213676.0,34369914.72662246,0.00456655773037841,534,451,985,WO
query_cycle_4_22.graph,2,0.1,4700,34213676.0,37216253.517850064,0.08775957070061878,502,442,944,WO
query_cycle_4_22.graph,3,0.1,4700,34213676.0,40898954.176899165,0.1953978338047968,511,471,982,WO
query_cycle_4_22.graph,4,0.1,4700,34213676.0,35586668.319304734,0.04012992697144658,513,444,957,WO
query_cycle_4_22.graph,5,0.1,4700,34213676.0,34664506.16616367,0.013176899382681594,517,441,958,WO
query_cycle_4_22.graph,1,0.1,4700,34213676.0,35585740.511106886,0.040102808920821194,293,937,1230,MAB
query_cycle_4_22.graph,2,0.1,4700,34213676.0,35834863.77743004,0.047384203247556406,302,928,1230,MAB
query_cycle_4_22.graph,3,0.1,4700,34213676.0,35233329.2610129,0.029802505320179477,377,948,1325,MAB
query_cycle_4_22.graph,4,0.1,4700,34213676.0,35275154.32019978,0.03102497142370145,300,908,1208,MAB
query_cycle_4_22.graph,5,0.1,4700,34213676.0,36507745.96019004,0.06705125635111651,310,952,1262,MAB
query_cycle_6_10.graph,1,0.1,393,1142919.0,1056413.7435847328,0.07568800275020998,225,41,266,UN
query_cycle_6_10.graph,2,0.1,393,1142919.0,707057.2606671756,0.38135838089385543,252,33,285,UN
query_cycle_6_10.graph,3,0.1,393,1142919.0,988581.502745038,0.13503800116627862,242,35,277,UN
query_cycle_6_10.graph,4,0.1,393,1142919.0,1550799.2742526717,0.35687592406169794,237,46,283,UN
query_cycle_6_10.graph,5,0.1,393,1142919.0,799173.443727481,0.30076108304483434,235,40,275,UN
query_cycle_6_10.graph,1,0.1,393,1142919.0,1018837.1013229756,0.10856578521927136,115,221,336,PO
query_cycle_6_10.graph,2,0.1,393,1142919.0,1006420.5397547119,0.11942968858273253,111,218,329,PO
query_cycle_6_10.graph,3,0.1,393,1142919.0,1104672.65983579,0.03346373641895003,120,214,334,PO
query_cycle_6_10.graph,4,0.1,393,1142919.0,1069881.4708577048,0.0639043791749855,118,223,341,PO
query_cycle_6_10.graph,5,0.1,393,1142919.0,1092377.4078308577,0.04422149965933048,118,221,339,PO
query_cycle_6_10.graph,1,0.1,393,1142919.0,1142011.7609098875,0.0007937912398975813,134,48,182,WO
query_cycle_6_10.graph,2,0.1,393,1142919.0,510732.39165038435,0.5531333439636718,128,35,163,WO
query_cycle_6_10.graph,3,0.1,393,1142919.0,978812.1223537809,0.14358574636191987,132,40,172,WO
query_cycle_6_10.graph,4,0.1,393,1142919.0,1356685.008884163,0.18703513449698808,120,50,170,WO
query_cycle_6_10.graph,5,0.1,393,1142919.0,1074398.1602548785,0.0599524898484683,138,40,178,WO
query_cycle_6_10.graph,1,0.1,393,1142919.0,1098952.480140936,0.0384686227624739,95,169,264,MAB
query_cycle_6_10.graph,2,0.1,393,1142919.0,1118280.1976479709,0.021557785242899218,92,177,269,MAB
query_cycle_6_10.graph,3,0.1,393,1142919.0,948797.1549976956,0.16984742138533387,92,166,258,MAB
query_cycle_6_10.graph,4,0.1,393,1142919.0,1038297.3961995419,0.09153894877979817,91,177,268,MAB
query_cycle_6_10.graph,5,0.1,393,1142919.0,901362.9457079328,0.21135010818095348,95,165,260,MAB
query_cycle_4_1.graph,1,0.1,4693,34213676.0,44339406.46414486,0.29595564253735446,1086,465,1551,UN
query_cycle_4_1.graph,2,0.1,4693,34213676.0,33793959.812614046,0.01226749757570493,1066,480,1546,UN
query_cycle_4_1.graph,3,0.1,4693,34213676.0,32945967.408169128,0.03705268594438294,1069,464,1533,UN
query_cycle_4_1.graph,4,0.1,4693,34213676.0,32983544.740146324,0.03595437274421129,1078,454,1532,UN
query_cycle_4_1.graph,5,0.1,4693,34213676.0,37117133.37988768,0.08486247955021488,1052,474,1526,UN
query_cycle_4_1.graph,1,0.1,4693,34213676.0,36178041.0814992,0.057414616351052036,477,1148,1625,PO
query_cycle_4_1.graph,2,0.1,4693,34213676.0,36148919.83232748,0.056563458200968454,473,1154,1627,PO
query_cycle_4_1.graph,3,0.1,4693,34213676.0,36633434.24540043,0.07072488338874866,500,1143,1643,PO
query_cycle_4_1.graph,4,0.1,4693,34213676.0,36420573.64591299,0.06450337712653238,487,1157,1644,PO
query_cycle_4_1.graph,5,0.1,4693,34213676.0,36784062.937904395,0.07512747060281962,498,1147,1645,PO
query_cycle_4_1.graph,1,0.1,4693,34213676.0,33999259.90910939,0.006266970286694967,504,431,935,WO
query_cycle_4_1.graph,2,0.1,4693,34213676.0,38622614.46264787,0.12886479846970755,519,469,988,WO
query_cycle_4_1.graph,3,0.1,4693,34213676.0,41913012.192523316,0.22503680085481945,516,459,975,WO
query_cycle_4_1.graph,4,0.1,4693,34213676.0,34942781.08952375,0.02131034062296456,529,451,980,WO
query_cycle_4_1.graph,5,0.1,4693,34213676.0,38351269.34350758,0.12093390208954982,504,472,976,WO
query_cycle_4_1.graph,1,0.1,4693,34213676.0,37602540.21985889,0.09904998866122694,351,947,1298,MAB
query_cycle_4_1.graph,2,0.1,4693,34213676.0,36005951.8090905,0.052384777627826444,322,966,1288,MAB
query_cycle_4_1.graph,3,0.1,4693,34213676.0,36433223.06458287,0.06487309532547363,361,951,1312,MAB
query_cycle_4_1.graph,4,0.1,4693,34213676.0,36311236.028445445,0.06130764868543927,295,930,1225,MAB
query_cycle_4_1.graph,5,0.1,4693,34213676.0,36347186.12272393,0.06235840085479063,299,947,1246,MAB
query_cycle_6_17.graph,1,0.1,225,102.0,0.0,1.0,65,15,80,UN
query_cycle_6_17.graph,2,0.1,225,102.0,0.0,1.0,65,7,72,UN
query_cycle_6_17.graph,3,0.1,225,102.0,230.361,1.258441176470588,71,16,87,UN
query_cycle_6_17.graph,4,0.1,225,102.0,0.0,1.0,74,9,83,UN
query_cycle_6_17.graph,5,0.1,225,102.0,0.0,1.0,69,8,77,UN
query_cycle_6_17.graph,1,0.1,225,102.0,115.1806,0.12922156862745096,42,30,72,PO
query_cycle_6_17.graph,2,0.1,225,102.0,115.1806,0.12922156862745096,43,29,72,PO
query_cycle_6_17.graph,3,0.1,225,102.0,115.1806,0.12922156862745096,41,28,69,PO
query_cycle_6_17.graph,4,0.1,225,102.0,115.1806,0.12922156862745096,40,28,68,PO
query_cycle_6_17.graph,5,0.1,225,102.0,115.18060000000001,0.1292215686274511,45,31,76,PO
query_cycle_6_17.graph,1,0.1,225,102.0,0.0,1.0,60,12,72,WO
query_cycle_6_17.graph,2,0.1,225,102.0,0.0,1.0,59,8,67,WO
query_cycle_6_17.graph,3,0.1,225,102.0,0.0,1.0,56,11,67,WO
query_cycle_6_17.graph,4,0.1,225,102.0,0.0,1.0,53,6,59,WO
query_cycle_6_17.graph,5,0.1,225,102.0,0.0,1.0,53,5,58,WO
query_cycle_6_17.graph,1,0.1,225,102.0,0.0,1.0,61,10,71,MAB
query_cycle_6_17.graph,2,0.1,225,102.0,125.13389386507274,0.22680288103012486,49,21,70,MAB
query_cycle_6_17.graph,3,0.1,225,102.0,0.0,1.0,62,12,74,MAB
query_cycle_6_17.graph,4,0.1,225,102.0,0.0,1.0,61,10,71,MAB
query_cycle_6_17.graph,5,0.1,225,102.0,113.28769222360802,0.11066364925105901,47,22,69,MAB
query_cycle_6_20.graph,1,0.1,183,7804472.0,1766948.3358994536,0.7735979658970583,160,10,170,UN
query_cycle_6_20.graph,2,0.1,183,7804472.0,2890937.987838251,0.6295792991712634,161,11,172,UN
query_cycle_6_20.graph,3,0.1,183,7804472.0,5654348.15616612,0.27549895032410643,165,17,182,UN
query_cycle_6_20.graph,4,0.1,183,7804472.0,3676532.0713005457,0.5289198204182748,165,16,181,UN
query_cycle_6_20.graph,5,0.1,183,7804472.0,29268557.249416392,2.750229003245369,161,19,180,UN
query_cycle_6_20.graph,1,0.1,183,7804472.0,8037813.647661617,0.029898454073717867,115,83,198,PO
query_cycle_6_20.graph,2,0.1,183,7804472.0,8281482.986127104,0.06112021237658405,114,81,195,PO
query_cycle_6_20.graph,3,0.1,183,7804472.0,7390484.373675062,0.05304492428506857,114,81,195,PO
query_cycle_6_20.graph,4,0.1,183,7804472.0,7202538.213109653,0.07712677896600136,115,81,196,PO
query_cycle_6_20.graph,5,0.1,183,7804472.0,7353111.840419231,0.05783352923564451,114,80,194,PO
query_cycle_6_20.graph,1,0.1,183,7804472.0,7785638.703914219,0.0024131416046827277,109,15,124,WO
query_cycle_6_20.graph,2,0.1,183,7804472.0,5656174.946431783,0.2752648806438433,119,19,138,WO
query_cycle_6_20.graph,3,0.1,183,7804472.0,3874619.2033928363,0.5035385861602378,106,13,119,WO
query_cycle_6_20.graph,4,0.1,183,7804472.0,8375898.960404082,0.07321788846242029,107,17,124,WO
query_cycle_6_20.graph,5,0.1,183,7804472.0,8320617.178459932,0.06613454163970761,105,16,121,WO
query_cycle_6_20.graph,1,0.1,183,7804472.0,6480800.689402209,0.16960421032938441,109,66,175,MAB
query_cycle_6_20.graph,2,0.1,183,7804472.0,9212803.823147558,0.18045190285102666,125,50,175,MAB
query_cycle_6_20.graph,3,0.1,183,7804472.0,4841716.796282765,0.3796227603503779,121,46,167,MAB
query_cycle_6_20.graph,4,0.1,183,7804472.0,7955554.081181346,0.01935839877205613,102,66,168,MAB
query_cycle_6_20.graph,5,0.1,183,7804472.0,7891103.071392529,0.011100183509214809,110,66,176,MAB
query_cycle_6_18.graph,1,0.1,163,3933276.0,1658605.499597546,0.5783144890931768,131,11,142,UN
query_cycle_6_18.graph,2,0.1,163,3933276.0,13522677.092247855,2.438018865761735,127,21,148,UN
query_cycle_6_18.graph,3,0.1,163,3933276.0,61901.443682208585,0.9842621154268837,125,7,132,UN
query_cycle_6_18.graph,4,0.1,163,3933276.0,828047.991307362,0.7894762555927014,113,11,124,UN
query_cycle_6_18.graph,5,0.1,163,3933276.0,2322419.4794104295,0.40954576302033485,126,15,141,UN
query_cycle_6_18.graph,1,0.1,163,3933276.0,4254357.632535968,0.08163211341791625,79,80,159,PO
query_cycle_6_18.graph,2,0.1,163,3933276.0,5050221.28466565,0.28397327944076384,79,74,153,PO
query_cycle_6_18.graph,3,0.1,163,3933276.0,3356627.832013922,0.1466076034293241,81,76,157,PO
query_cycle_6_18.graph,4,0.1,163,3933276.0,4499861.000349074,0.1440491336862894,83,80,163,PO
query_cycle_6_18.graph,5,0.1,163,3933276.0,4547473.450024646,0.1561541702195945,84,75,159,PO
query_cycle_6_18.graph,1,0.1,163,3933276.0,1287631.252683771,0.6726313503848266,64,12,76,WO
query_cycle_6_18.graph,2,0.1,163,3933276.0,5307541.328945379,0.34939458328003903,60,16,76,WO
query_cycle_6_18.graph,3,0.1,163,3933276.0,2443287.3278985685,0.3788162010754983,62,9,71,WO
query_cycle_6_18.graph,4,0.1,163,3933276.0,2885628.0603496055,0.2663550535610505,72,11,83,WO
query_cycle_6_18.graph,5,0.1,163,3933276.0,3614602.745702328,0.08101980494063266,65,15,80,WO
query_cycle_6_18.graph,1,0.1,163,3933276.0,4446919.881253295,0.1305893309427802,65,53,118,MAB
query_cycle_6_18.graph,2,0.1,163,3933276.0,3922775.507192553,0.0026696557290785032,90,35,125,MAB
query_cycle_6_18.graph,3,0.1,163,3933276.0,3980478.5698660836,0.012000828283111473,90,29,119,MAB
query_cycle_6_18.graph,4,0.1,163,3933276.0,3503097.5512512857,0.10936899641640055,103,34,137,MAB
query_cycle_6_18.graph,5,0.1,163,3933276.0,4007620.592912528,0.018901443202187743,92,41,133,MAB
query_cycle_4_5.graph,1,0.1,1142,58503919.0,55189882.27010807,0.05664640568594958,855,116,971,UN
query_cycle_4_5.graph,2,0.1,1142,58503919.0,71196142.25633486,0.21694654774041472,887,89,976,UN
query_cycle_4_5.graph,3,0.1,1142,58503919.0,72480455.39923422,0.23889914792262412,861,106,967,UN
query_cycle_4_5.graph,4,0.1,1142,58503919.0,57557178.20382242,0.016182519262984432,872,86,958,UN
query_cycle_4_5.graph,5,0.1,1142,58503919.0,67459784.65330902,0.1530814654195904,873,101,974,UN
query_cycle_4_5.graph,1,0.1,1142,58503919.0,58142247.548185945,0.006182003838307916,512,590,1102,PO
query_cycle_4_5.graph,2,0.1,1142,58503919.0,57877710.83491136,0.010703696022289357,513,592,1105,PO
query_cycle_4_5.graph,3,0.1,1142,58503919.0,59600608.70976266,0.018745576852085118,506,602,1108,PO
query_cycle_4_5.graph,4,0.1,1142,58503919.0,60298493.11411478,0.030674425658814133,508,596,1104,PO
query_cycle_4_5.graph,5,0.1,1142,58503919.0,64827882.51798606,0.10809469905744364,509,593,1102,PO
query_cycle_4_5.graph,1,0.1,1142,58503919.0,60824122.78269747,0.03965894631259607,368,125,493,WO
query_cycle_4_5.graph,2,0.1,1142,58503919.0,65324472.303236976,0.11658284470202716,356,138,494,WO
query_cycle_4_5.graph,3,0.1,1142,58503919.0,65373402.02615922,0.11741919419379784,358,148,506,WO
query_cycle_4_5.graph,4,0.1,1142,58503919.0,59628535.65199168,0.019222928501450992,354,146,500,WO
query_cycle_4_5.graph,5,0.1,1142,58503919.0,57117514.26701253,0.023697638665667355,373,137,510,WO
query_cycle_4_5.graph,1,0.1,1142,58503919.0,60729501.044981934,0.03804158905973349,340,512,852,MAB
query_cycle_4_5.graph,2,0.1,1142,58503919.0,58701582.48981623,0.0033786367339978286,337,486,823,MAB
query_cycle_4_5.graph,3,0.1,1142,58503919.0,61774411.26198802,0.05590210566898982,352,494,846,MAB
query_cycle_4_5.graph,4,0.1,1142,58503919.0,37846.76227374094,0.9993530901361711,648,61,709,MAB
query_cycle_4_5.graph,5,0.1,1142,58503919.0,60512835.71630121,0.034338156325924254,340,499,839,MAB
query_cycle_6_21.graph,1,0.1,443,71505733.0,10075131.206701355,0.8591003716205335,345,28,373,UN
query_cycle_6_21.graph,2,0.1,443,71505733.0,63912336.065928884,0.10619284098620618,348,36,384,UN
query_cycle_6_21.graph,3,0.1,443,71505733.0,10898992.53438826,0.8475787593927852,361,33,394,UN
query_cycle_6_21.graph,4,0.1,443,71505733.0,11326504.860024378,0.8416000454114025,364,29,393,UN
query_cycle_6_21.graph,5,0.1,443,71505733.0,295418579.88806826,3.13139712710963,359,37,396,UN
query_cycle_6_21.graph,1,0.1,443,71505733.0,66324809.391240664,0.072454660506163,210,212,422,PO
query_cycle_6_21.graph,2,0.1,443,71505733.0,66303495.46547846,0.0727527334699379,203,218,421,PO
query_cycle_6_21.graph,3,0.1,443,71505733.0,68273102.16731456,0.04520799517830886,216,216,432,PO
query_cycle_6_21.graph,4,0.1,443,71505733.0,65642246.73323102,0.08200022600661931,207,208,415,PO
query_cycle_6_21.graph,5,0.1,443,71505733.0,64841424.538376845,0.0931996384349092,204,206,410,PO
query_cycle_6_21.graph,1,0.1,443,71505733.0,48570197.07546026,0.3207510078183485,197,33,230,WO
query_cycle_6_21.graph,2,0.1,443,71505733.0,66339094.450986184,0.072254885479096,205,44,249,WO
query_cycle_6_21.graph,3,0.1,443,71505733.0,69971882.42381737,0.021450735651960012,212,43,255,WO
query_cycle_6_21.graph,4,0.1,443,71505733.0,68673217.0941798,0.0396124308776781,216,45,261,WO
query_cycle_6_21.graph,5,0.1,443,71505733.0,65340908.92725438,0.08621440287515997,208,43,251,WO
query_cycle_6_21.graph,1,0.1,443,71505733.0,80241286.31671524,0.12216577538915992,181,163,344,MAB
query_cycle_6_21.graph,2,0.1,443,71505733.0,65262309.39492713,0.08731360889724564,177,168,345,MAB
query_cycle_6_21.graph,3,0.1,443,71505733.0,67820883.57498087,0.05153222364728616,177,173,350,MAB
query_cycle_6_21.graph,4,0.1,443,71505733.0,59037251.965978496,0.17437036879296802,174,171,345,MAB
query_cycle_6_21.graph,5,0.1,443,71505733.0,61411793.321763396,0.14116266283483317,203,148,351,MAB
query_cycle_4_25.graph,1,0.1,5313,4309992.0,5685995.136470127,0.31925886091438843,1909,374,2283,UN
query_cycle_4_25.graph,2,0.1,5313,4309992.0,6743335.666507549,0.5645819450494453,1936,388,2324,UN
query_cycle_4_25.graph,3,0.1,5313,4309992.0,3576405.5076851896,0.17020599859925736,1919,399,2318,UN
query_cycle_4_25.graph,4,0.1,5313,4309992.0,3893677.4073465858,0.0965928922033763,1862,376,2238,UN
query_cycle_4_25.graph,5,0.1,5313,4309992.0,4938463.760288425,0.14581738441473321,1896,386,2282,UN
query_cycle_4_25.graph,1,0.1,5313,4309992.0,4493755.667493139,0.04263666092492501,532,1218,1750,PO
query_cycle_4_25.graph,2,0.1,5313,4309992.0,4120458.5465916814,0.043975360837866656,542,1215,1757,PO
query_cycle_4_25.graph,3,0.1,5313,4309992.0,4384215.009730449,0.01722114791174762,527,1212,1739,PO
query_cycle_4_25.graph,4,0.1,5313,4309992.0,4437805.910490962,0.029655254694431393,556,1212,1768,PO
query_cycle_4_25.graph,5,0.1,5313,4309992.0,4198427.161935836,0.02588516128664831,519,1217,1736,PO
query_cycle_4_25.graph,1,0.1,5313,4309992.0,4164312.18870782,0.03380048299212153,1468,476,1944,WO
query_cycle_4_25.graph,2,0.1,5313,4309992.0,4080888.779285638,0.05315629836769114,1488,507,1995,WO
query_cycle_4_25.graph,3,0.1,5313,4309992.0,4149239.756226877,0.0372975735855479,1502,496,1998,WO
query_cycle_4_25.graph,4,0.1,5313,4309992.0,4131973.7507771016,0.041303614768402906,1477,506,1983,WO
query_cycle_4_25.graph,5,0.1,5313,4309992.0,3955770.7192993476,0.08218606454505076,1487,469,1956,WO
query_cycle_4_25.graph,1,0.1,5313,4309992.0,4211432.420519192,0.022867694297531927,573,1098,1671,MAB
query_cycle_4_25.graph,2,0.1,5313,4309992.0,4198686.622178342,0.025824961582679922,572,1130,1702,MAB
query_cycle_4_25.graph,3,0.1,5313,4309992.0,4181688.170475038,0.02976892521493363,566,1084,1650,MAB
query_cycle_4_25.graph,4,0.1,5313,4309992.0,4065001.789225799,0.056842381789618396,562,1085,1647,MAB
query_cycle_4_25.graph,5,0.1,5313,4309992.0,4300570.5682717925,0.0021859510941569047,567,1075,1642,MAB
query_cycle_6_28.graph,1,0.1,110,1555056.0,499380.35009454546,0.6788666452561545,103,5,108,UN
query_cycle_6_28.graph,2,0.1,110,1555056.0,0.0,1.0,105,4,109,UN
query_cycle_6_28.graph,3,0.1,110,1555056.0,60534.29114181819,0.9610725972943622,101,12,113,UN
query_cycle_6_28.graph,4,0.1,110,1555056.0,1604223.2320145452,0.0316176600807593,106,11,117,UN
query_cycle_6_28.graph,5,0.1,110,1555056.0,2752751.91984,0.7701947195728001,105,10,115,UN
query_cycle_6_28.graph,1,0.1,110,1555056.0,1638439.2447000002,0.05362073436583644,94,47,141,PO
query_cycle_6_28.graph,2,0.1,110,1555056.0,1686359.02091068,0.08443620095397211,95,45,140,PO
query_cycle_6_28.graph,3,0.1,110,1555056.0,1638439.2447,0.053620734365836295,90,44,134,PO
query_cycle_6_28.graph,4,0.1,110,1555056.0,1638439.2447000006,0.05362073436583674,90,48,138,PO
query_cycle_6_28.graph,5,0.1,110,1555056.0,1638439.2446999995,0.053620734365836,92,45,137,PO
query_cycle_6_28.graph,1,0.1,110,1555056.0,1367467.3303113228,0.12063145615892751,78,19,97,WO
query_cycle_6_28.graph,2,0.1,110,1555056.0,2502892.3911313144,0.6095191370158467,69,16,85,WO
query_cycle_6_28.graph,3,0.1,110,1555056.0,1683557.8317876467,0.0826348580293229,76,17,93,WO
query_cycle_6_28.graph,4,0.1,110,1555056.0,1065116.4820128374,0.3150622987128197,72,12,84,WO
query_cycle_6_28.graph,5,0.1,110,1555056.0,1896180.3220883557,0.2193646544486859,70,16,86,WO
query_cycle_6_28.graph,1,0.1,110,1555056.0,1812326.9932670158,0.1654416260681389,79,37,116,MAB
query_cycle_6_28.graph,2,0.1,110,1555056.0,2016654.9710697173,0.2968375229378989,80,34,114,MAB
query_cycle_6_28.graph,3,0.1,110,1555056.0,1781060.5728474073,0.14533532737561047,83,36,119,MAB
query_cycle_6_28.graph,4,0.1,110,1555056.0,1684496.8983020938,0.0832387375773566,81,32,113,MAB
query_cycle_6_28.graph,5,0.1,110,1555056.0,1874793.8823672188,0.2056118122866436,77,35,112,MAB
query_cycle_6_15.graph,1,0.1,817,50971000.0,41723245.500174284,0.18143168664192807,564,72,636,UN
query_cycle_6_15.graph,2,0.1,817,50971000.0,43484756.360597044,0.14687260676468886,590,77,667,UN
query_cycle_6_15.graph,3,0.1,817,50971000.0,75964738.6598372,0.4903521347400914,583,79,662,UN
query_cycle_6_15.graph,4,0.1,817,50971000.0,35100768.483621426,0.31135805686328644,597,82,679,UN
query_cycle_6_15.graph,5,0.1,817,50971000.0,48303614.401667684,0.052331435489441365,585,76,661,UN
query_cycle_6_15.graph,1,0.1,817,50971000.0,50621705.01934785,0.006852817889626522,327,452,779,PO
query_cycle_6_15.graph,2,0.1,817,50971000.0,49519136.03386677,0.02848411775584606,327,451,778,PO
query_cycle_6_15.graph,3,0.1,817,50971000.0,49055189.6196293,0.03758628201076492,323,451,774,PO
query_cycle_6_15.graph,4,0.1,817,50971000.0,48330309.219655685,0.05180770988099733,321,449,770,PO
query_cycle_6_15.graph,5,0.1,817,50971000.0,49107869.73333517,0.03655275091061256,319,452,771,PO
query_cycle_6_15.graph,1,0.1,817,50971000.0,43619474.70192707,0.14422956775564394,324,107,431,WO
query_cycle_6_15.graph,2,0.1,817,50971000.0,47601904.94391042,0.06609827266660612,294,110,404,WO
query_cycle_6_15.graph,3,0.1,817,50971000.0,50439457.072778754,0.010428340178164958,305,109,414,WO
query_cycle_6_15.graph,4,0.1,817,50971000.0,64352121.61938871,0.26252421218710065,296,119,415,WO
query_cycle_6_15.graph,5,0.1,817,50971000.0,49853125.96070924,0.02193156970219857,286,99,385,WO
query_cycle_6_15.graph,1,0.1,817,50971000.0,49446378.04403491,0.02991155668841276,231,401,632,MAB
query_cycle_6_15.graph,2,0.1,817,50971000.0,47396359.88418388,0.0701308609957842,236,406,642,MAB
query_cycle_6_15.graph,3,0.1,817,50971000.0,50017069.695307426,0.018715157730720876,231,411,642,MAB
query_cycle_6_15.graph,4,0.1,817,50971000.0,48634323.08770051,0.04584326209608388,239,409,648,MAB
query_cycle_6_15.graph,5,0.1,817,50971000.0,49888913.4623171,0.0212294547425575,228,405,633,MAB
query_cycle_6_31.graph,1,0.1,114,1855807.0,1125911.8114649123,0.39330339228976274,109,10,119,UN
query_cycle_6_31.graph,2,0.1,114,1855807.0,397877.9583333334,0.7856038056040668,104,16,120,UN
query_cycle_6_31.graph,3,0.1,114,1855807.0,51248.95255263158,0.9723845461555908,108,8,116,UN
query_cycle_6_31.graph,4,0.1,114,1855807.0,93122.17203947369,0.9498211979804615,108,7,115,UN
query_cycle_6_31.graph,5,0.1,114,1855807.0,2564420.342105263,0.381835687711741,107,14,121,UN
query_cycle_6_31.graph,1,0.1,114,1855807.0,1803426.3395485708,0.02822527366877547,86,67,153,PO
query_cycle_6_31.graph,2,0.1,114,1855807.0,1791138.853854307,0.03484637472845669,85,63,148,PO
query_cycle_6_31.graph,3,0.1,114,1855807.0,1564817.3298636198,0.1567995325679773,85,62,147,PO
query_cycle_6_31.graph,4,0.1,114,1855807.0,1977937.1939320052,0.06580974957633268,83,67,150,PO
query_cycle_6_31.graph,5,0.1,114,1855807.0,1564817.32986362,0.15679953256797718,84,66,150,PO
query_cycle_6_31.graph,1,0.1,114,1855807.0,1855241.2095476568,0.0003048756968494994,82,18,100,WO
query_cycle_6_31.graph,2,0.1,114,1855807.0,1962235.53805022,0.05734892585824933,80,16,96,WO
query_cycle_6_31.graph,3,0.1,114,1855807.0,2015651.5978143786,0.08613212355292256,79,19,98,WO
query_cycle_6_31.graph,4,0.1,114,1855807.0,647500.0,0.6510951839280701,75,10,85,WO
query_cycle_6_31.graph,5,0.1,114,1855807.0,1811338.4862037934,0.02396182027344792,74,17,91,WO
query_cycle_6_31.graph,1,0.1,114,1855807.0,1563136.4531344415,0.15770527154254643,82,46,128,MAB
query_cycle_6_31.graph,2,0.1,114,1855807.0,2095543.4358046371,0.12918177149058988,80,53,133,MAB
query_cycle_6_31.graph,3,0.1,114,1855807.0,1818513.219677088,0.020095721334660293,82,47,129,MAB
query_cycle_6_31.graph,4,0.1,114,1855807.0,2122561.4084250033,0.14374038271490694,80,46,126,MAB
query_cycle_6_31.graph,5,0.1,114,1855807.0,1865119.6690309104,0.005018123668522835,78,44,122,MAB
query_cycle_6_27.graph,1,0.1,178,3785822.0,1019404.6446617977,0.7307309628762795,144,15,159,UN
query_cycle_6_27.graph,2,0.1,178,3785822.0,17184.335129213483,0.9954608708150532,150,15,165,UN
query_cycle_6_27.graph,3,0.1,178,3785822.0,981723.6337191011,0.7406841542684518,156,16,172,UN
query_cycle_6_27.graph,4,0.1,178,3785822.0,100192.14575505618,0.9735349031848153,141,12,153,UN
query_cycle_6_27.graph,5,0.1,178,3785822.0,803330.3100404495,0.7878055782758805,138,13,151,UN
query_cycle_6_27.graph,1,0.1,178,3785822.0,3738045.7253779247,0.012619788944666512,109,80,189,PO
query_cycle_6_27.graph,2,0.1,178,3785822.0,3884021.7581763854,0.025938820730711964,109,78,187,PO
query_cycle_6_27.graph,3,0.1,178,3785822.0,3738045.725377924,0.012619788944666756,115,80,195,PO
query_cycle_6_27.graph,4,0.1,178,3785822.0,3754380.2161370493,0.008305140564704506,114,81,195,PO
query_cycle_6_27.graph,5,0.1,178,3785822.0,3709199.2038889984,0.020239408009938564,108,81,189,PO
query_cycle_6_27.graph,1,0.1,178,3785822.0,694392.3873460104,0.8165808145903293,74,14,88,WO
query_cycle_6_27.graph,2,0.1,178,3785822.0,3454877.3092489867,0.08741686501663663,71,21,92,WO
query_cycle_6_27.graph,3,0.1,178,3785822.0,6236663.328468488,0.6473736294174653,72,23,95,WO
query_cycle_6_27.graph,4,0.1,178,3785822.0,7330208.762315443,0.9362264687339877,77,23,100,WO
query_cycle_6_27.graph,5,0.1,178,3785822.0,3727939.81858381,0.01528919780596928,78,23,101,WO
query_cycle_6_27.graph,1,0.1,178,3785822.0,3387000.6914519216,0.1053460275068607,94,60,154,MAB
query_cycle_6_27.graph,2,0.1,178,3785822.0,0.0,1.0,145,3,148,MAB
query_cycle_6_27.graph,3,0.1,178,3785822.0,3647889.034756562,0.036434086241624086,98,70,168,MAB
query_cycle_6_27.graph,4,0.1,178,3785822.0,3408002.8185411408,0.09979845366709245,93,71,164,MAB
query_cycle_6_27.graph,5,0.1,178,3785822.0,92.0797197702477,0.999975677747192,153,6,159,MAB
query_cycle_6_29.graph,1,0.1,492,220799776.0,222933259.9155744,0.009662527536143885,192,61,253,UN
query_cycle_6_29.graph,2,0.1,492,220799776.0,212786232.72768715,0.03629325816124401,179,62,241,UN
query_cycle_6_29.graph,3,0.1,492,220799776.0,197543260.8758335,0.10532852680143338,184,57,241,UN
query_cycle_6_29.graph,4,0.1,492,220799776.0,341390766.40282077,0.5461554019095598,196,67,263,UN
query_cycle_6_29.graph,5,0.1,492,220799776.0,230250021.83735487,0.042800069857656324,187,54,241,UN
query_cycle_6_29.graph,1,0.1,492,220799776.0,199472232.32513833,0.09659223420073429,65,300,365,PO
query_cycle_6_29.graph,2,0.1,492,220799776.0,218506736.6911204,0.010385152333123806,62,304,366,PO
query_cycle_6_29.graph,3,0.1,492,220799776.0,252896941.3394598,0.14536774412062722,57,311,368,PO
query_cycle_6_29.graph,4,0.1,492,220799776.0,221195242.76600614,0.0017910650688619445,57,306,363,PO
query_cycle_6_29.graph,5,0.1,492,220799776.0,221878215.7871931,0.004884243121664624,63,297,360,PO
query_cycle_6_29.graph,1,0.1,492,220799776.0,251701706.47667742,0.13995453725767104,96,66,162,WO
query_cycle_6_29.graph,2,0.1,492,220799776.0,129083264.69074434,0.41538317189803514,89,45,134,WO
query_cycle_6_29.graph,3,0.1,492,220799776.0,169066851.1284678,0.23429790468416145,90,57,147,WO
query_cycle_6_29.graph,4,0.1,492,220799776.0,248818702.65454203,0.1268974414835549,88,55,143,WO
query_cycle_6_29.graph,5,0.1,492,220799776.0,239912935.37378824,0.0865633096194275,93,57,150,WO
query_cycle_6_29.graph,1,0.1,492,220799776.0,211563478.440041,0.041831100227017415,57,237,294,MAB
query_cycle_6_29.graph,2,0.1,492,220799776.0,213208259.4681733,0.03438190323085611,117,156,273,MAB
query_cycle_6_29.graph,3,0.1,492,220799776.0,224820464.14176953,0.018209656796796425,129,166,295,MAB
query_cycle_6_29.graph,4,0.1,492,220799776.0,221109726.89329636,0.0014037645278062282,56,247,303,MAB
query_cycle_6_29.graph,5,0.1,492,220799776.0,501526.2880056987,0.9977285924057925,162,59,221,MAB
query_cycle_6_22.graph,1,0.1,664,62038103.0,95235218.89273481,0.5351084944156789,470,59,529,UN
query_cycle_6_22.graph,2,0.1,664,62038103.0,145122753.14727136,1.3392519456513905,486,64,550,UN
query_cycle_6_22.graph,3,0.1,664,62038103.0,80362591.22144635,0.2953747348052591,464,58,522,UN
query_cycle_6_22.graph,4,0.1,664,62038103.0,52596801.55628071,0.15218552771865526,490,60,550,UN
query_cycle_6_22.graph,5,0.1,664,62038103.0,34662776.96266431,0.4412663301025772,460,60,520,UN
query_cycle_6_22.graph,1,0.1,664,62038103.0,59478351.695267856,0.04126095384851055,255,361,616,PO
query_cycle_6_22.graph,2,0.1,664,62038103.0,52273986.04013216,0.15738903170311064,261,358,619,PO
query_cycle_6_22.graph,3,0.1,664,62038103.0,65458393.95096243,0.05513210084715891,259,357,616,PO
query_cycle_6_22.graph,4,0.1,664,62038103.0,60561140.72010307,0.023807341109332917,251,361,612,PO
query_cycle_6_22.graph,5,0.1,664,62038103.0,55273247.96841978,0.10904355072849692,253,358,611,PO
query_cycle_6_22.graph,1,0.1,664,62038103.0,54725823.017120056,0.1178675625023535,259,69,328,WO
query_cycle_6_22.graph,2,0.1,664,62038103.0,61399628.27941725,0.01029165447858316,262,70,332,WO
query_cycle_6_22.graph,3,0.1,664,62038103.0,60769104.24855795,0.020455150787606326,279,74,353,WO
query_cycle_6_22.graph,4,0.1,664,62038103.0,49240659.84254721,0.20628359892714307,268,63,331,WO
query_cycle_6_22.graph,5,0.1,664,62038103.0,67029366.97407731,0.08045481297320305,265,82,347,WO
query_cycle_6_22.graph,1,0.1,664,62038103.0,59069417.97454439,0.04785260802471038,200,303,503,MAB
query_cycle_6_22.graph,2,0.1,664,62038103.0,64629814.6454655,0.041776126608279764,193,312,505,MAB
query_cycle_6_22.graph,3,0.1,664,62038103.0,62661086.06913827,0.010041942596766275,200,307,507,MAB
query_cycle_6_22.graph,4,0.1,664,62038103.0,66813455.88750194,0.07697451496061929,201,303,504,MAB
query_cycle_6_22.graph,5,0.1,664,62038103.0,64202026.4221673,0.034880554329124173,199,315,514,MAB
query_cycle_4_6.graph,1,0.1,1677,51066744.0,42902544.90753988,0.15987310826905507,1012,162,1174,UN
query_cycle_4_6.graph,2,0.1,1677,51066744.0,50288470.31741753,0.015240323185329141,1029,149,1178,UN
query_cycle_4_6.graph,3,0.1,1677,51066744.0,70804564.0275553,0.38651025073294865,1024,177,1201,UN
query_cycle_4_6.graph,4,0.1,1677,51066744.0,38427114.99611108,0.24751194248626698,1027,137,1164,UN
query_cycle_4_6.graph,5,0.1,1677,51066744.0,33812351.8354499,0.3378792304547575,1032,148,1180,UN
query_cycle_4_6.graph,1,0.1,1677,51066744.0,46367553.972541034,0.09202055309143982,550,873,1423,PO
query_cycle_4_6.graph,2,0.1,1677,51066744.0,55460938.675862275,0.08604806830571135,546,876,1422,PO
query_cycle_4_6.graph,3,0.1,1677,51066744.0,45545804.020680234,0.10811223796292488,535,869,1404,PO
query_cycle_4_6.graph,4,0.1,1677,51066744.0,46542165.456580386,0.08860127333396495,530,868,1398,PO
query_cycle_4_6.graph,5,0.1,1677,51066744.0,49443514.36612646,0.03178643294496193,539,879,1418,PO
query_cycle_4_6.graph,1,0.1,1677,51066744.0,52127427.70214231,0.0207705371257332,437,203,640,WO
query_cycle_4_6.graph,2,0.1,1677,51066744.0,52499018.74811794,0.0280471131685611,440,199,639,WO
query_cycle_4_6.graph,3,0.1,1677,51066744.0,57286074.36363147,0.1217882691645951,430,191,621,WO
query_cycle_4_6.graph,4,0.1,1677,51066744.0,55600160.07659284,0.08877433181549307,425,196,621,WO
query_cycle_4_6.graph,5,0.1,1677,51066744.0,52371412.90381715,0.025548307991148742,428,224,652,WO
query_cycle_4_6.graph,1,0.1,1677,51066744.0,52075488.84029453,0.019753459125855615,324,763,1087,MAB
query_cycle_4_6.graph,2,0.1,1677,51066744.0,48428302.072655566,0.051666539134440095,339,749,1088,MAB
query_cycle_4_6.graph,3,0.1,1677,51066744.0,52246400.36422627,0.023100285466139504,341,746,1087,MAB
query_cycle_4_6.graph,4,0.1,1677,51066744.0,50917639.99794961,0.002919786741257526,338,779,1117,MAB
query_cycle_4_6.graph,5,0.1,1677,51066744.0,49349591.469808936,0.033625651366984824,345,765,1110,MAB
query_cycle_4_41.graph,1,0.1,5298,3141145.0,3543575.780270481,0.12811595143505983,1928,409,2337,UN
query_cycle_4_41.graph,2,0.1,5298,3141145.0,2770985.3570100423,0.11784226547642904,1914,394,2308,UN
query_cycle_4_41.graph,3,0.1,5298,3141145.0,3193697.1828189907,0.0167302632699193,1853,363,2216,UN
query_cycle_4_41.graph,4,0.1,5298,3141145.0,2386218.572575918,0.24033479111091086,1906,372,2278,UN
query_cycle_4_41.graph,5,0.1,5298,3141145.0,2432403.878009739,0.22563145667909668,1882,395,2277,UN
query_cycle_4_41.graph,1,0.1,5298,3141145.0,2966311.980321396,0.05565900959000742,515,1116,1631,PO
query_cycle_4_41.graph,2,0.1,5298,3141145.0,2998284.067151145,0.04548052791222784,533,1138,1671,PO
query_cycle_4_41.graph,3,0.1,5298,3141145.0,3047509.307178793,0.029809414344516727,527,1137,1664,PO
query_cycle_4_41.graph,4,0.1,5298,3141145.0,2858513.391310039,0.08997725628392227,527,1129,1656,PO
query_cycle_4_41.graph,5,0.1,5298,3141145.0,2779679.1376353474,0.11507455477688949,511,1124,1635,PO
query_cycle_4_41.graph,1,0.1,5298,3141145.0,2966576.9532361496,0.05557465407163642,1526,444,1970,WO
query_cycle_4_41.graph,2,0.1,5298,3141145.0,3221384.0420910157,0.025544520259655548,1511,450,1961,WO
query_cycle_4_41.graph,3,0.1,5298,3141145.0,2850157.3128773905,0.09263745771768239,1514,440,1954,WO
query_cycle_4_41.graph,4,0.1,5298,3141145.0,3018590.8189912788,0.039015766864860184,1516,419,1935,WO
query_cycle_4_41.graph,5,0.1,5298,3141145.0,2988168.511780355,0.048700868065512694,1530,471,2001,WO
query_cycle_4_41.graph,1,0.1,5298,3141145.0,2894685.2263027867,0.07846176273212897,662,1013,1675,MAB
query_cycle_4_41.graph,2,0.1,5298,3141145.0,2934488.6276678033,0.06579014096203667,587,1024,1611,MAB
query_cycle_4_41.graph,3,0.1,5298,3141145.0,3118714.724768581,0.007140795866290519,574,1024,1598,MAB
query_cycle_4_41.graph,4,0.1,5298,3141145.0,2961753.699430633,0.05711016224000074,568,1000,1568,MAB
query_cycle_4_41.graph,5,0.1,5298,3141145.0,2809125.708137932,0.10570008447940743,581,1036,1617,MAB
query_cycle_6_37.graph,1,0.1,785,33515.0,65048.18058917197,0.9408676887713552,225,47,272,UN
query_cycle_6_37.graph,2,0.1,785,33515.0,17638.707694267516,0.47370706566410514,237,36,273,UN
query_cycle_6_37.graph,3,0.1,785,33515.0,16495.054716560513,0.5078306812901533,247,41,288,UN
query_cycle_6_37.graph,4,0.1,785,33515.0,13737.839646496814,0.590098772296082,246,38,284,UN
query_cycle_6_37.graph,5,0.1,785,33515.0,68728.09799363057,1.0506668057177553,242,38,280,UN
query_cycle_6_37.graph,1,0.1,785,33515.0,31796.916048531122,0.05126313446125251,111,300,411,PO
query_cycle_6_37.graph,2,0.1,785,33515.0,31776.593620650503,0.051869502591361985,113,307,420,PO
query_cycle_6_37.graph,3,0.1,785,33515.0,31776.59362065048,0.05186950259136264,116,300,416,PO
query_cycle_6_37.graph,4,0.1,785,33515.0,31796.916048531155,0.05126313446125153,122,305,427,PO
query_cycle_6_37.graph,5,0.1,785,33515.0,31796.916048531122,0.05126313446125251,123,307,430,PO
query_cycle_6_37.graph,1,0.1,785,33515.0,30569.923509549382,0.08787338476654089,237,37,274,WO
query_cycle_6_37.graph,2,0.1,785,33515.0,37579.676575090634,0.1212793249318405,217,53,270,WO
query_cycle_6_37.graph,3,0.1,785,33515.0,24043.972856006578,0.28259069503187895,223,36,259,WO
query_cycle_6_37.graph,4,0.1,785,33515.0,34685.129412286835,0.03491360323099612,220,41,261,WO
query_cycle_6_37.graph,5,0.1,785,33515.0,28140.20996669557,0.1603696862092923,228,35,263,WO
query_cycle_6_37.graph,1,0.1,785,33515.0,30163.102570701816,0.10001185825147497,127,247,374,MAB
query_cycle_6_37.graph,2,0.1,785,33515.0,30310.212505176103,0.09562248231609419,130,260,390,MAB
query_cycle_6_37.graph,3,0.1,785,33515.0,30312.805791100687,0.09554510544231874,132,237,369,MAB
query_cycle_6_37.graph,4,0.1,785,33515.0,33413.82157486998,0.003018899750261662,135,243,378,MAB
query_cycle_6_37.graph,5,0.1,785,33515.0,32828.12632716577,0.020494515077852497,127,260,387,MAB
query_cycle_6_32.graph,1,0.1,860,8176366.0,11661362.05772058,0.42622799147207685,216,79,295,UN
query_cycle_6_32.graph,2,0.1,860,8176366.0,4142274.5767325577,0.4933843987986157,217,75,292,UN
query_cycle_6_32.graph,3,0.1,860,8176366.0,6687113.275432674,0.18214115226340477,224,86,310,UN
query_cycle_6_32.graph,4,0.1,860,8176366.0,20028884.923000813,1.4496071877165004,226,94,320,UN
query_cycle_6_32.graph,5,0.1,860,8176366.0,14224832.275276743,0.739749942123034,201,81,282,UN
query_cycle_6_32.graph,1,0.1,860,8176366.0,10824873.646333756,0.32392234475973264,136,285,421,PO
query_cycle_6_32.graph,2,0.1,860,8176366.0,8710299.178134987,0.06530201536171291,133,298,431,PO
query_cycle_6_32.graph,3,0.1,860,8176366.0,9029916.429625258,0.10439239505976834,132,283,415,PO
query_cycle_6_32.graph,4,0.1,860,8176366.0,7404410.280642039,0.09441305824102797,134,293,427,PO
query_cycle_6_32.graph,5,0.1,860,8176366.0,7634563.635776333,0.06626444611501826,137,282,419,PO
query_cycle_6_32.graph,1,0.1,860,8176366.0,8970093.043886673,0.09707577227911186,107,75,182,WO
query_cycle_6_32.graph,2,0.1,860,8176366.0,9556563.026274845,0.16880323438002226,122,75,197,WO
query_cycle_6_32.graph,3,0.1,860,8176366.0,7628870.417556867,0.06696074789743181,109,75,184,WO
query_cycle_6_32.graph,4,0.1,860,8176366.0,7146180.632228607,0.12599550555483852,110,61,171,WO
query_cycle_6_32.graph,5,0.1,860,8176366.0,11030581.831679408,0.3490812216184314,101,81,182,WO
query_cycle_6_32.graph,1,0.1,860,8176366.0,7805524.327878132,0.04535531703471537,101,239,340,MAB
query_cycle_6_32.graph,2,0.1,860,8176366.0,9557702.96690663,0.1689426533629524,95,252,347,MAB
query_cycle_6_32.graph,3,0.1,860,8176366.0,8738692.975380825,0.06877468246661474,100,256,356,MAB
query_cycle_6_32.graph,4,0.1,860,8176366.0,8863874.913817713,0.08408489955289587,98,245,343,MAB
query_cycle_6_32.graph,5,0.1,860,8176366.0,8546265.207066396,0.04524005004991169,96,247,343,MAB
query_cycle_6_25.graph,1,0.1,1588,804595.0,751603.7875061712,0.06586072806048862,474,99,573,UN
query_cycle_6_25.graph,2,0.1,1588,804595.0,841780.8023826194,0.04621679526049671,494,96,590,UN
query_cycle_6_25.graph,3,0.1,1588,804595.0,842249.4724016376,0.046799287096784825,484,89,573,UN
query_cycle_6_25.graph,4,0.1,1588,804595.0,898048.395088791,0.1161496095411866,497,111,608,UN
query_cycle_6_25.graph,5,0.1,1588,804595.0,546189.8669931989,0.321161743494306,501,99,600,UN
query_cycle_6_25.graph,1,0.1,1588,804595.0,790337.0082423757,0.017720706389704532,108,206,314,PO
query_cycle_6_25.graph,2,0.1,1588,804595.0,787071.73336169,0.021778990222795374,104,208,312,PO
query_cycle_6_25.graph,3,0.1,1588,804595.0,786408.3863070804,0.02260343861560115,105,214,319,PO
query_cycle_6_25.graph,4,0.1,1588,804595.0,767502.3950051395,0.04610096383256232,104,206,310,PO
query_cycle_6_25.graph,5,0.1,1588,804595.0,813682.6989896871,0.011294749519555973,114,213,327,PO
query_cycle_6_25.graph,1,0.1,1588,804595.0,748155.1934665832,0.07014685218453613,214,63,277,WO
query_cycle_6_25.graph,2,0.1,1588,804595.0,879120.1088463139,0.09262437480510555,211,70,281,WO
query_cycle_6_25.graph,3,0.1,1588,804595.0,742084.0529856404,0.07769243782817398,208,57,265,WO
query_cycle_6_25.graph,4,0.1,1588,804595.0,982493.3704356158,0.22110300267291713,226,72,298,WO
query_cycle_6_25.graph,5,0.1,1588,804595.0,886060.2864381468,0.10125005305544633,207,69,276,WO
query_cycle_6_25.graph,1,0.1,1588,804595.0,799183.9638746915,0.006725167475945643,211,159,370,MAB
query_cycle_6_25.graph,2,0.1,1588,804595.0,727962.9109720316,0.09524305896503005,109,163,272,MAB
query_cycle_6_25.graph,3,0.1,1588,804595.0,7481.442068678866,0.9907016050700304,265,100,365,MAB
query_cycle_6_25.graph,4,0.1,1588,804595.0,5269.552497934391,0.9934506770512688,254,101,355,MAB
query_cycle_6_25.graph,5,0.1,1588,804595.0,782505.2493081725,0.027454496599938483,110,157,267,MAB
query_cycle_6_42.graph,1,0.1,537,34560133.0,50759940.9698324,0.46874263967191326,404,46,450,UN
query_cycle_6_42.graph,2,0.1,537,34560133.0,33481670.763119556,0.03120538444919885,385,41,426,UN
query_cycle_6_42.graph,3,0.1,537,34560133.0,39904498.7699486,0.15463961813887123,391,36,427,UN
query_cycle_6_42.graph,4,0.1,537,34560133.0,44182035.21315756,0.278410450942349,403,55,458,UN
query_cycle_6_42.graph,5,0.1,537,34560133.0,43924066.49564246,0.27094610705469396,383,43,426,UN
query_cycle_6_42.graph,1,0.1,537,34560133.0,37730748.59230109,0.09174199625623816,220,271,491,PO
query_cycle_6_42.graph,2,0.1,537,34560133.0,35770618.666698106,0.03502549213853157,211,261,472,PO
query_cycle_6_42.graph,3,0.1,537,34560133.0,35919462.76879384,0.03933230722213493,212,261,473,PO
query_cycle_6_42.graph,4,0.1,537,34560133.0,36454807.15884383,0.05482253667379782,221,261,482,PO
query_cycle_6_42.graph,5,0.1,537,34560133.0,36190626.83621785,0.04717845953364388,218,260,478,PO
query_cycle_6_42.graph,1,0.1,537,34560133.0,41247998.76345586,0.19351388964434427,216,53,269,WO
query_cycle_6_42.graph,2,0.1,537,34560133.0,41697152.82171138,0.20651019548192642,231,52,283,WO
query_cycle_6_42.graph,3,0.1,537,34560133.0,31353573.552311976,0.09278203436566707,226,45,271,WO
query_cycle_6_42.graph,4,0.1,537,34560133.0,27588290.11608531,0.20173078859142962,211,41,252,WO
query_cycle_6_42.graph,5,0.1,537,34560133.0,34456912.589626566,0.002986690195128428,225,53,278,WO
query_cycle_6_42.graph,1,0.1,537,34560133.0,77334.5196902515,0.9977623199629975,335,5,340,MAB
query_cycle_6_42.graph,2,0.1,537,34560133.0,150170.78123278453,0.9956547973576149,341,8,349,MAB
query_cycle_6_42.graph,3,0.1,537,34560133.0,36442683.926528156,0.05447175005166085,178,217,395,MAB
query_cycle_6_42.graph,4,0.1,537,34560133.0,39381806.12318477,0.1395154678132972,180,221,401,MAB
query_cycle_6_42.graph,5,0.1,537,34560133.0,38033735.05722741,0.10050893198898889,177,227,404,MAB
query_cycle_6_1.graph,1,0.1,1980,9967313.0,5524168.467457272,0.4457715467090005,1325,15,1340,UN
query_cycle_6_1.graph,2,0.1,1980,9967313.0,10527185.437665958,0.05617084942210182,1329,26,1355,UN
query_cycle_6_1.graph,3,0.1,1980,9967313.0,10248751.787895454,0.028236174372717512,1282,24,1306,UN
query_cycle_6_1.graph,4,0.1,1980,9967313.0,450093.8834367676,0.9548430069932822,1256,13,1269,UN
query_cycle_6_1.graph,5,0.1,1980,9967313.0,12102794.519024037,0.21424846586276933,1312,12,1324,UN
query_cycle_6_1.graph,1,0.1,1980,9967313.0,8995209.6519,0.09752912827158124,1114,167,1281,PO
query_cycle_6_1.graph,2,0.1,1980,9967313.0,8995209.651899999,0.09752912827158142,1100,167,1267,PO
query_cycle_6_1.graph,3,0.1,1980,9967313.0,8995209.6519,0.09752912827158124,1095,167,1262,PO
query_cycle_6_1.graph,4,0.1,1980,9967313.0,8995209.651900005,0.09752912827158086,1092,167,1259,PO
query_cycle_6_1.graph,5,0.1,1980,9967313.0,8995209.651900005,0.09752912827158086,1110,166,1276,PO
query_cycle_6_1.graph,1,0.1,1980,9967313.0,10789625.034080558,0.08250087401494842,1059,29,1088,WO
query_cycle_6_1.graph,2,0.1,1980,9967313.0,10727270.222082295,0.07624494405686814,1047,28,1075,WO
query_cycle_6_1.graph,3,0.1,1980,9967313.0,6975601.989231655,0.3001522086010888,1059,25,1084,WO
query_cycle_6_1.graph,4,0.1,1980,9967313.0,11003587.307445262,0.10396726855525272,1057,31,1088,WO
query_cycle_6_1.graph,5,0.1,1980,9967313.0,10099843.47786072,0.013296510088598685,1036,30,1066,WO
query_cycle_6_1.graph,1,0.1,1980,9967313.0,9194237.894637719,0.07756103428900861,1115,152,1267,MAB
query_cycle_6_1.graph,2,0.1,1980,9967313.0,8790943.775450245,0.1180227032651383,1089,153,1242,MAB
query_cycle_6_1.graph,3,0.1,1980,9967313.0,9066150.330965849,0.09041179594080685,1115,157,1272,MAB
query_cycle_6_1.graph,4,0.1,1980,9967313.0,9078369.68368398,0.08918585343071093,1110,155,1265,MAB
query_cycle_6_1.graph,5,0.1,1980,9967313.0,8937165.19039803,0.10335260963531194,1112,154,1266,MAB
query_cycle_6_43.graph,1,0.1,343,148109123.0,190944299.63500002,0.28921362686753616,273,21,294,UN
query_cycle_6_43.graph,2,0.1,343,148109123.0,83354111.88599999,0.43721149516225283,293,26,319,UN
query_cycle_6_43.graph,3,0.1,343,148109123.0,182055161.925,0.229196137533,284,20,304,UN
query_cycle_6_43.graph,4,0.1,343,148109123.0,123429014.94500002,0.16663462422230382,284,16,300,UN
query_cycle_6_43.graph,5,0.1,343,148109123.0,114076096.135,0.22978346084055873,281,29,310,UN
query_cycle_6_43.graph,1,0.1,343,148109123.0,134210367.27078754,0.09384132082945669,161,148,309,PO
query_cycle_6_43.graph,2,0.1,343,148109123.0,161219682.09185734,0.08851959167874719,163,153,316,PO
query_cycle_6_43.graph,3,0.1,343,148109123.0,170005755.5340492,0.14784121390043753,154,150,304,PO
query_cycle_6_43.graph,4,0.1,343,148109123.0,141114597.0970636,0.047225489971582636,157,149,306,PO
query_cycle_6_43.graph,5,0.1,343,148109123.0,183390562.39598477,0.23821246579108277,157,150,307,PO
query_cycle_6_43.graph,1,0.1,343,148109123.0,171367815.74357623,0.15703754280940702,190,26,216,WO
query_cycle_6_43.graph,2,0.1,343,148109123.0,153681670.73987857,0.03762460830909494,201,29,230,WO
query_cycle_6_43.graph,3,0.1,343,148109123.0,211128671.92309833,0.4254940387642315,191,28,219,WO
query_cycle_6_43.graph,4,0.1,343,148109123.0,175840954.52640757,0.18723918530263373,193,31,224,WO
query_cycle_6_43.graph,5,0.1,343,148109123.0,200768363.1640081,0.3555435282943922,187,29,216,WO
query_cycle_6_43.graph,1,0.1,343,148109123.0,125870633.1727208,0.15014935864065035,235,34,269,MAB
query_cycle_6_43.graph,2,0.1,343,148109123.0,169366850.11189958,0.14352746597452734,240,44,284,MAB
query_cycle_6_43.graph,3,0.1,343,148109123.0,110577724.32101405,0.2534036926205144,237,36,273,MAB
query_cycle_6_43.graph,4,0.1,343,148109123.0,150834910.57937708,0.018403914115250584,152,122,274,MAB
query_cycle_6_43.graph,5,0.1,343,148109123.0,151422070.83294994,0.022368290121803882,145,112,257,MAB
query_cycle_6_39.graph,1,0.1,723,97815.0,88355.96365145229,0.09670333127380988,547,27,574,UN
query_cycle_6_39.graph,2,0.1,723,97815.0,205361.35204481328,1.0994873183541714,532,26,558,UN
query_cycle_6_39.graph,3,0.1,723,97815.0,61385.677229875524,0.37243084158998596,530,27,557,UN
query_cycle_6_39.graph,4,0.1,723,97815.0,18144.405112033193,0.8145028358428341,542,29,571,UN
query_cycle_6_39.graph,5,0.1,723,97815.0,167657.07313195022,0.7140221145218036,536,26,562,UN
query_cycle_6_39.graph,1,0.1,723,97815.0,102033.1887776979,0.043124150464631174,291,90,381,PO
query_cycle_6_39.graph,2,0.1,723,97815.0,100121.32364043818,0.02357842499042248,294,90,384,PO
query_cycle_6_39.graph,3,0.1,723,97815.0,102033.18877769796,0.04312415046463177,287,90,377,PO
query_cycle_6_39.graph,4,0.1,723,97815.0,94835.98068558062,0.03045564907651563,297,91,388,PO
query_cycle_6_39.graph,5,0.1,723,97815.0,102033.18877769799,0.04312415046463207,296,92,388,PO
query_cycle_6_39.graph,1,0.1,723,97815.0,118080.64051303102,0.20718336158085177,462,39,501,WO
query_cycle_6_39.graph,2,0.1,723,97815.0,100496.49220097014,0.027413916075961154,467,38,505,WO
query_cycle_6_39.graph,3,0.1,723,97815.0,107989.85514368722,0.10402141945189615,460,37,497,WO
query_cycle_6_39.graph,4,0.1,723,97815.0,85824.45620439464,0.12258389608552231,451,39,490,WO
query_cycle_6_39.graph,5,0.1,723,97815.0,96967.31871146367,0.008666168670820758,450,39,489,WO
query_cycle_6_39.graph,1,0.1,723,97815.0,100183.0179618881,0.024209149536247955,304,82,386,MAB
query_cycle_6_39.graph,2,0.1,723,97815.0,98292.79107590523,0.004884640146247835,307,86,393,MAB
query_cycle_6_39.graph,3,0.1,723,97815.0,102437.89011918652,0.04726156641810065,308,83,391,MAB
query_cycle_6_39.graph,4,0.1,723,97815.0,94811.22495740734,0.0307087363143962,300,79,379,MAB
query_cycle_6_39.graph,5,0.1,723,97815.0,92770.87301323838,0.05156803135267209,308,81,389,MAB
query_cycle_4_34.graph,1,0.1,4493,1247298.0,610760.9533087024,0.5103327726744511,2052,234,2286,UN
query_cycle_4_34.graph,2,0.1,4493,1247298.0,2318395.199011796,0.8587339986208558,2095,260,2355,UN
query_cycle_4_34.graph,3,0.1,4493,1247298.0,1593138.1374377916,0.2772714599380353,2086,244,2330,UN
query_cycle_4_34.graph,4,0.1,4493,1247298.0,2129466.5541500114,0.7072636644570995,2104,265,2369,UN
query_cycle_4_34.graph,5,0.1,4493,1247298.0,1676889.1214288892,0.34441738977284436,2109,284,2393,UN
query_cycle_4_34.graph,1,0.1,4493,1247298.0,1436049.6107283202,0.15132840005220902,1117,1202,2319,PO
query_cycle_4_34.graph,2,0.1,4493,1247298.0,1486100.1962908402,0.19145560747378748,1105,1210,2315,PO
query_cycle_4_34.graph,3,0.1,4493,1247298.0,1436049.6107283195,0.15132840005220846,1115,1203,2318,PO
query_cycle_4_34.graph,4,0.1,4493,1247298.0,1436087.6567074028,0.15135890277015018,1094,1185,2279,PO
query_cycle_4_34.graph,5,0.1,4493,1247298.0,1478369.573043048,0.18525771150362458,1119,1200,2319,PO
query_cycle_4_34.graph,1,0.1,4493,1247298.0,1547235.9876258408,0.24047019046438045,1680,409,2089,WO
query_cycle_4_34.graph,2,0.1,4493,1247298.0,1456219.7538222198,0.16749946991193748,1714,385,2099,WO
query_cycle_4_34.graph,3,0.1,4493,1247298.0,1521992.0361392084,0.22023128084804783,1682,394,2076,WO
query_cycle_4_34.graph,4,0.1,4493,1247298.0,1574705.6649712569,0.26249353800876524,1709,398,2107,WO
query_cycle_4_34.graph,5,0.1,4493,1247298.0,1552790.6782495326,0.24492356938721346,1704,397,2101,WO
query_cycle_4_34.graph,1,0.1,4493,1247298.0,1517612.753281813,0.21672026515060003,1123,1159,2282,MAB
query_cycle_4_34.graph,2,0.1,4493,1247298.0,1461810.1279689372,0.17198145749366803,1126,1177,2303,MAB
query_cycle_4_34.graph,3,0.1,4493,1247298.0,1472393.5975046477,0.18046657455126816,1127,1163,2290,MAB
query_cycle_4_34.graph,4,0.1,4493,1247298.0,1469440.5287808338,0.17809900182701632,1124,1167,2291,MAB
query_cycle_4_34.graph,5,0.1,4493,1247298.0,1438634.4170667687,0.1534007246598397,1123,1161,2284,MAB
query_cycle_6_48.graph,1,0.1,257,58499.0,256.966,0.9956073437152771,235,10,245,UN
query_cycle_6_48.graph,2,0.1,257,58499.0,73794.938,0.2614734952734234,236,11,247,UN
query_cycle_6_48.graph,3,0.1,257,58499.0,97594.057,0.6683029966324211,242,12,254,UN
query_cycle_6_48.graph,4,0.1,257,58499.0,6112.1050000000005,0.8955177866288312,244,10,254,UN
query_cycle_6_48.graph,5,0.1,257,58499.0,7073.43,0.8790845997367477,241,10,251,UN
query_cycle_6_48.graph,1,0.1,257,58499.0,54894.47261041754,0.061616906093821394,200,92,292,PO
query_cycle_6_48.graph,2,0.1,257,58499.0,54744.45589983073,0.06418133814542586,207,91,298,PO
query_cycle_6_48.graph,3,0.1,257,58499.0,57462.810812636526,0.017712938466699843,199,87,286,PO
query_cycle_6_48.graph,4,0.1,257,58499.0,60082.98612140232,0.027077148693179686,203,94,297,PO
query_cycle_6_48.graph,5,0.1,257,58499.0,57275.805635605364,0.02090966280440069,203,95,298,PO
query_cycle_6_48.graph,1,0.1,257,58499.0,56643.06592988173,0.03172591104323606,212,16,228,WO
query_cycle_6_48.graph,2,0.1,257,58499.0,85146.88412573964,0.45552717355407174,213,22,235,WO
query_cycle_6_48.graph,3,0.1,257,58499.0,70808.33938951121,0.2104196548575396,204,16,220,WO
query_cycle_6_48.graph,4,0.1,257,58499.0,85729.36388777969,0.4654842627699566,201,16,217,WO
query_cycle_6_48.graph,5,0.1,257,58499.0,52068.06045807497,0.10993246964777224,203,18,221,WO
query_cycle_6_48.graph,1,0.1,257,58499.0,59336.30893626867,0.014313217939942106,215,71,286,MAB
query_cycle_6_48.graph,2,0.1,257,58499.0,78890.59828012252,0.34858028821214926,239,19,258,MAB
query_cycle_6_48.graph,3,0.1,257,58499.0,55005.868101995904,0.05971267710566157,214,68,282,MAB
query_cycle_6_48.graph,4,0.1,257,58499.0,48855.851361463305,0.16484296549576394,210,74,284,MAB
query_cycle_6_48.graph,5,0.1,257,58499.0,43783.1349943363,0.25155754808909037,246,20,266,MAB
query_cycle_4_43.graph,1,0.1,4692,34651108.0,29216718.89952704,0.15683161128564665,1088,441,1529,UN
query_cycle_4_43.graph,2,0.1,4692,34651108.0,38750242.80969546,0.11829736612449622,1052,455,1507,UN
query_cycle_4_43.graph,3,0.1,4692,34651108.0,41429175.99793075,0.19560898306428615,1047,442,1489,UN
query_cycle_4_43.graph,4,0.1,4692,34651108.0,35205894.815808,0.01601065154418722,1061,452,1513,UN
query_cycle_4_43.graph,5,0.1,4692,34651108.0,29966054.618722584,0.1352064523096178,1069,473,1542,UN
query_cycle_4_43.graph,1,0.1,4692,34651108.0,31586466.568324454,0.08844281203578096,474,1104,1578,PO
query_cycle_4_43.graph,2,0.1,4692,34651108.0,32096498.85086131,0.07372373631280965,489,1104,1593,PO
query_cycle_4_43.graph,3,0.1,4692,34651108.0,31775452.1341463,0.08298885755265606,466,1117,1583,PO
query_cycle_4_43.graph,4,0.1,4692,34651108.0,32243408.274328806,0.06948406168342999,482,1110,1592,PO
query_cycle_4_43.graph,5,0.1,4692,34651108.0,31921203.244329732,0.07878261080916281,469,1106,1575,PO
query_cycle_4_43.graph,1,0.1,4692,34651108.0,31448866.178570185,0.09241383627414786,489,412,901,WO
query_cycle_4_43.graph,2,0.1,4692,34651108.0,30601711.095014516,0.1168619746585155,522,417,939,WO
query_cycle_4_43.graph,3,0.1,4692,34651108.0,30725640.217972178,0.11328549095826379,506,403,909,WO
query_cycle_4_43.graph,4,0.1,4692,34651108.0,34178316.74798652,0.013644332874246969,490,431,921,WO
query_cycle_4_43.graph,5,0.1,4692,34651108.0,31633347.203093503,0.0870898788259959,511,421,932,WO
query_cycle_4_43.graph,1,0.1,4692,34651108.0,32268820.264983565,0.06875069435056551,308,938,1246,MAB
query_cycle_4_43.graph,2,0.1,4692,34651108.0,32021576.47690198,0.07588592904729112,284,914,1198,MAB
query_cycle_4_43.graph,3,0.1,4692,34651108.0,33260772.035744384,0.04012385301663705,285,913,1198,MAB
query_cycle_4_43.graph,4,0.1,4692,34651108.0,32433477.872302737,0.06399882300148275,292,952,1244,MAB
query_cycle_4_43.graph,5,0.1,4692,34651108.0,31927518.035209827,0.0786003715895657,304,945,1249,MAB
query_cycle_6_45.graph,1,0.1,702,54890225.0,133214784.20999996,1.4269309191208446,486,90,576,UN
query_cycle_6_45.graph,2,0.1,702,54890225.0,68801149.685,0.2534317300575832,496,77,573,UN
query_cycle_6_45.graph,3,0.1,702,54890225.0,62339398.099,0.13571037646502632,513,75,588,UN
query_cycle_6_45.graph,4,0.1,702,54890225.0,45072724.617000006,0.17885698925446186,487,65,552,UN
query_cycle_6_45.graph,5,0.1,702,54890225.0,47655221.128000006,0.13180860293431104,506,68,574,UN
query_cycle_6_45.graph,1,0.1,702,54890225.0,58651159.17942334,0.06851737589749977,272,396,668,PO
query_cycle_6_45.graph,2,0.1,702,54890225.0,55885691.81721792,0.018135593672970438,270,402,672,PO
query_cycle_6_45.graph,3,0.1,702,54890225.0,58500215.79745293,0.06576746219300297,274,401,675,PO
query_cycle_6_45.graph,4,0.1,702,54890225.0,55542476.498280086,0.011882835209367162,273,394,667,PO
query_cycle_6_45.graph,5,0.1,702,54890225.0,58451846.315870516,0.06488625827040272,268,392,660,PO
query_cycle_6_45.graph,1,0.1,702,54890225.0,67099855.26685503,0.22243724209283222,242,100,342,WO
query_cycle_6_45.graph,2,0.1,702,54890225.0,57714497.557229966,0.0514531058531818,255,91,346,WO
query_cycle_6_45.graph,3,0.1,702,54890225.0,58036022.8430393,0.057310711388763605,232,104,336,WO
query_cycle_6_45.graph,4,0.1,702,54890225.0,74812404.09975603,0.36294584508910344,249,108,357,WO
query_cycle_6_45.graph,5,0.1,702,54890225.0,59376127.468642525,0.08172497869415775,239,97,336,WO
query_cycle_6_45.graph,1,0.1,702,54890225.0,55803271.16033415,0.01663403930907821,304,255,559,MAB
query_cycle_6_45.graph,2,0.1,702,54890225.0,57385160.57944938,0.0454531855070621,190,355,545,MAB
query_cycle_6_45.graph,3,0.1,702,54890225.0,59953342.89285578,0.09224079319871213,190,358,548,MAB
query_cycle_6_45.graph,4,0.1,702,54890225.0,60987316.82282744,0.11107791638360826,180,350,530,MAB
query_cycle_6_45.graph,5,0.1,702,54890225.0,59134831.22877144,0.07732900035974422,183,352,535,MAB
query_cycle_6_4.graph,1,0.1,2004,143628191.0,294872099.6769044,1.0530238362251905,628,129,757,UN
query_cycle_6_4.graph,2,0.1,2004,143628191.0,114576266.32524113,0.20227174395560596,635,142,777,UN
query_cycle_6_4.graph,3,0.1,2004,143628191.0,68943691.66760075,0.5199849612559644,603,122,725,UN
query_cycle_6_4.graph,4,0.1,2004,143628191.0,77703723.3665344,0.45899392852107707,637,136,773,UN
query_cycle_6_4.graph,5,0.1,2004,143628191.0,93267663.18114476,0.350631219875597,637,119,756,UN
query_cycle_6_4.graph,1,0.1,2004,143628191.0,112583117.21001403,0.2161488881384433,233,631,864,PO
query_cycle_6_4.graph,2,0.1,2004,143628191.0,113370608.97318324,0.21066603858302968,230,642,872,PO
query_cycle_6_4.graph,3,0.1,2004,143628191.0,111070590.10896742,0.22667973929319055,222,624,846,PO
query_cycle_6_4.graph,4,0.1,2004,143628191.0,113895586.55003859,0.20701092343327926,236,632,868,PO
query_cycle_6_4.graph,5,0.1,2004,143628191.0,108900537.36749057,0.2417885610806685,225,636,861,PO
query_cycle_6_4.graph,1,0.1,2004,143628191.0,106814685.22125186,0.2563111428364933,485,138,623,WO
query_cycle_6_4.graph,2,0.1,2004,143628191.0,117366059.83055842,0.1828480257712191,503,144,647,WO
query_cycle_6_4.graph,3,0.1,2004,143628191.0,113099662.57305494,0.21255248161515214,480,136,616,WO
query_cycle_6_4.graph,4,0.1,2004,143628191.0,111140515.36971202,0.2261928901568354,498,154,652,WO
query_cycle_6_4.graph,5,0.1,2004,143628191.0,101721556.24438465,0.291771653349135,511,144,655,WO
query_cycle_6_4.graph,1,0.1,2004,143628191.0,112385873.38826022,0.2175221827568641,331,513,844,MAB
query_cycle_6_4.graph,2,0.1,2004,143628191.0,109376850.86616807,0.2384722657533989,247,547,794,MAB
query_cycle_6_4.graph,3,0.1,2004,143628191.0,119768666.94721597,0.1661200624101993,335,508,843,MAB
query_cycle_6_4.graph,4,0.1,2004,143628191.0,107180376.6637158,0.25376504488790924,256,534,790,MAB
query_cycle_6_4.graph,5,0.1,2004,143628191.0,114108738.93086821,0.20552686672167159,260,549,809,MAB
query_cycle_6_16.graph,1,0.1,2583,3550758.0,3711917.8971237717,0.04538746293714517,444,156,600,UN
query_cycle_6_16.graph,2,0.1,2583,3550758.0,4362604.58327073,0.228640358839079,456,150,606,UN
query_cycle_6_16.graph,3,0.1,2583,3550758.0,3361661.754596748,0.05325517689553951,464,125,589,UN
query_cycle_6_16.graph,4,0.1,2583,3550758.0,4311889.246919087,0.21435739831300446,458,152,610,UN
query_cycle_6_16.graph,5,0.1,2583,3550758.0,3639581.807764151,0.02501544959249578,457,147,604,UN
query_cycle_6_16.graph,1,0.1,2583,3550758.0,3675246.666508693,0.035059744006404485,180,926,1106,PO
query_cycle_6_16.graph,2,0.1,2583,3550758.0,3630789.5262477812,0.0225392792884734,170,924,1094,PO
query_cycle_6_16.graph,3,0.1,2583,3550758.0,3637261.7826571735,0.024362060905635773,164,929,1093,PO
query_cycle_6_16.graph,4,0.1,2583,3550758.0,3632805.166789259,0.02310694414805482,171,939,1110,PO
query_cycle_6_16.graph,5,0.1,2583,3550758.0,3637568.3453990193,0.024448398172733626,173,931,1104,PO
query_cycle_6_16.graph,1,0.1,2583,3550758.0,3562640.2147612227,0.0033463882250558087,307,170,477,WO
query_cycle_6_16.graph,2,0.1,2583,3550758.0,3525303.4837366,0.007168755590609161,320,186,506,WO
query_cycle_6_16.graph,3,0.1,2583,3550758.0,4667785.241360398,0.3145883896791609,312,210,522,WO
query_cycle_6_16.graph,4,0.1,2583,3550758.0,3651462.367211771,0.02836137163157027,320,190,510,WO
query_cycle_6_16.graph,5,0.1,2583,3550758.0,2965050.9174046917,0.16495268970605947,311,191,502,WO
query_cycle_6_16.graph,1,0.1,2583,3550758.0,3781402.1136201024,0.06495630330766063,245,760,1005,MAB
query_cycle_6_16.graph,2,0.1,2583,3550758.0,3769250.911308916,0.061534160117055516,264,775,1039,MAB
query_cycle_6_16.graph,3,0.1,2583,3550758.0,3841210.4828265267,0.08180013473926602,148,834,982,MAB
query_cycle_6_16.graph,4,0.1,2583,3550758.0,3637764.1715563117,0.024503548694760853,155,814,969,MAB
query_cycle_6_16.graph,5,0.1,2583,3550758.0,3653678.003034998,0.028985361163728476,154,820,974,MAB
query_cycle_8_10.graph,1,0.1,130,834929.0,1103091.1164,0.3211795450870672,69,13,82,UN
query_cycle_8_10.graph,2,0.1,130,834929.0,630380.3261538461,0.24498930309781297,70,12,82,UN
query_cycle_8_10.graph,3,0.1,130,834929.0,1113415.4556,0.3335450746111346,66,12,78,UN
query_cycle_8_10.graph,4,0.1,130,834929.0,858632.6040923076,0.028389963808069456,77,13,90,UN
query_cycle_8_10.graph,5,0.1,130,834929.0,1177704.3216184615,0.41054427576292296,72,11,83,UN
query_cycle_8_10.graph,1,0.1,130,834929.0,1873308.1895592907,1.2436736411830116,32,57,89,PO
query_cycle_8_10.graph,2,0.1,130,834929.0,730167.1699755655,0.12547393853182065,34,60,94,PO
query_cycle_8_10.graph,3,0.1,130,834929.0,614801.8172768255,0.2636477864862455,33,56,89,PO
query_cycle_8_10.graph,4,0.1,130,834929.0,662001.3774074737,0.20711656032132822,30,58,88,PO
query_cycle_8_10.graph,5,0.1,130,834929.0,684200.7407536207,0.18052823563007064,33,56,89,PO
query_cycle_8_10.graph,1,0.1,130,834929.0,1216359.5296796379,0.45684187479371047,52,8,60,WO
query_cycle_8_10.graph,2,0.1,130,834929.0,1033874.2505647528,0.2382780458754611,49,10,59,WO
query_cycle_8_10.graph,3,0.1,130,834929.0,953797.5345254038,0.1423696320590179,49,8,57,WO
query_cycle_8_10.graph,4,0.1,130,834929.0,1585289.2140119486,0.8987114042175425,48,11,59,WO
query_cycle_8_10.graph,5,0.1,130,834929.0,381767.4194788578,0.5427546300597323,46,7,53,WO
query_cycle_8_10.graph,1,0.1,130,834929.0,751421.655267623,0.10001730055175587,42,32,74,MAB
query_cycle_8_10.graph,2,0.1,130,834929.0,1226476.7763018203,0.4689593681640239,53,15,68,MAB
query_cycle_8_10.graph,3,0.1,130,834929.0,993090.9537408131,0.1894316208214268,39,34,73,MAB
query_cycle_8_10.graph,4,0.1,130,834929.0,1144711.4637274614,0.37102851107993784,37,35,72,MAB
query_cycle_8_10.graph,5,0.1,130,834929.0,1115608.8587401449,0.33617212809729313,40,34,74,MAB
query_cycle_4_44.graph,1,0.1,4200,2327289.0,2019214.1966195002,0.13237496648697253,2119,183,2302,UN
query_cycle_4_44.graph,2,0.1,4200,2327289.0,2313718.6905225,0.005830951582506579,2173,202,2375,UN
query_cycle_4_44.graph,3,0.1,4200,2327289.0,2280981.729271499,0.019897516263988283,2163,195,2358,UN
query_cycle_4_44.graph,4,0.1,4200,2327289.0,2812457.703839833,0.20846946977355751,2131,189,2320,UN
query_cycle_4_44.graph,5,0.1,4200,2327289.0,2502020.2078790003,0.0750792909170285,2133,199,2332,UN
query_cycle_4_44.graph,1,0.1,4200,2327289.0,2072321.7228694854,0.10955548585951921,1199,1171,2370,PO
query_cycle_4_44.graph,2,0.1,4200,2327289.0,2201254.5955713606,0.05415502949081075,1190,1157,2347,PO
query_cycle_4_44.graph,3,0.1,4200,2327289.0,2122062.644002415,0.08818258325355606,1207,1161,2368,PO
query_cycle_4_44.graph,4,0.1,4200,2327289.0,2087905.5562746897,0.10285935426382811,1191,1148,2339,PO
query_cycle_4_44.graph,5,0.1,4200,2327289.0,2087749.926474557,0.10292622597599309,1192,1163,2355,PO
query_cycle_4_44.graph,1,0.1,4200,2327289.0,2098096.224011751,0.09848058233775397,1723,334,2057,WO
query_cycle_4_44.graph,2,0.1,4200,2327289.0,2096300.637045621,0.0992521182175394,1772,303,2075,WO
query_cycle_4_44.graph,3,0.1,4200,2327289.0,2092537.7150517972,0.10086898745630765,1738,332,2070,WO
query_cycle_4_44.graph,4,0.1,4200,2327289.0,2044198.687468246,0.12163951813966976,1737,326,2063,WO
query_cycle_4_44.graph,5,0.1,4200,2327289.0,2247336.275861967,0.03435444594033363,1764,329,2093,WO
query_cycle_4_44.graph,1,0.1,4200,2327289.0,2125373.654189556,0.08675989351148228,1170,1115,2285,MAB
query_cycle_4_44.graph,2,0.1,4200,2327289.0,2115024.670199095,0.09120669147703839,1168,1108,2276,MAB
query_cycle_4_44.graph,3,0.1,4200,2327289.0,2166507.207764033,0.06908544329301895,1160,1084,2244,MAB
query_cycle_4_44.graph,4,0.1,4200,2327289.0,2109237.584485399,0.09369331248272171,1214,1092,2306,MAB
query_cycle_4_44.graph,5,0.1,4200,2327289.0,2035422.8331119423,0.12541036669191394,1186,1112,2298,MAB
query_cycle_6_9.graph,1,0.1,457,2428200419.0,2230529122.286062,0.08140649971362114,243,50,293,UN
query_cycle_6_9.graph,2,0.1,457,2428200419.0,2506230342.860622,0.03213487785030397,264,52,316,UN
query_cycle_6_9.graph,3,0.1,457,2428200419.0,4194130619.4685173,0.7272588319525025,275,53,328,UN
query_cycle_6_9.graph,4,0.1,457,2428200419.0,2883469961.183215,0.18749257212084153,255,45,300,UN
query_cycle_6_9.graph,5,0.1,457,2428200419.0,3464669600.9986744,0.426846636664992,262,57,319,UN
query_cycle_6_9.graph,1,0.1,457,2428200419.0,2463786916.3594728,0.01465550251989836,122,257,379,PO
query_cycle_6_9.graph,2,0.1,457,2428200419.0,2461307846.78805,0.013634553197913016,129,260,389,PO
query_cycle_6_9.graph,3,0.1,457,2428200419.0,2443288710.4629865,0.006213775166549162,122,258,380,PO
query_cycle_6_9.graph,4,0.1,457,2428200419.0,2458240477.5433292,0.0123713258214907,129,257,386,PO
query_cycle_6_9.graph,5,0.1,457,2428200419.0,2479281868.3445716,0.02103675172151084,124,259,383,PO
query_cycle_6_9.graph,1,0.1,457,2428200419.0,1951606959.681001,0.19627435016886843,129,54,183,WO
query_cycle_6_9.graph,2,0.1,457,2428200419.0,1562347987.7369702,0.3565819462380341,134,53,187,WO
query_cycle_6_9.graph,3,0.1,457,2428200419.0,2349821404.412116,0.032278643053756904,134,59,193,WO
query_cycle_6_9.graph,4,0.1,457,2428200419.0,2699094763.0270734,0.11156177303463079,128,61,189,WO
query_cycle_6_9.graph,5,0.1,457,2428200419.0,2782501623.1683927,0.14591102175754656,127,62,189,WO
query_cycle_6_9.graph,1,0.1,457,2428200419.0,2399683250.1741524,0.01174415777326642,86,218,304,MAB
query_cycle_6_9.graph,2,0.1,457,2428200419.0,2452156334.4422393,0.00986570764702569,91,213,304,MAB
query_cycle_6_9.graph,3,0.1,457,2428200419.0,2555664389.641471,0.052493183694434946,88,217,305,MAB
query_cycle_6_9.graph,4,0.1,457,2428200419.0,2410950745.904285,0.007103891820766153,90,226,316,MAB
query_cycle_6_9.graph,5,0.1,457,2428200419.0,2348668706.710748,0.03275335580495664,91,226,317,MAB
query_cycle_6_35.graph,1,0.1,1470,464638.0,89248.5690904762,0.8079180585951296,582,106,688,UN
query_cycle_6_35.graph,2,0.1,1470,464638.0,14443.675667142857,0.9689141317172878,571,90,661,UN
query_cycle_6_35.graph,3,0.1,1470,464638.0,706135.253837619,0.5197535583349165,595,96,691,UN
query_cycle_6_35.graph,4,0.1,1470,464638.0,1594120.7438095238,2.4308875808899053,570,87,657,UN
query_cycle_6_35.graph,5,0.1,1470,464638.0,619754.4647066665,0.333843690586363,588,86,674,UN
query_cycle_6_35.graph,1,0.1,1470,464638.0,363586.8920999998,0.21748352028891346,283,304,587,PO
query_cycle_6_35.graph,2,0.1,1470,464638.0,363586.8920999999,0.21748352028891335,288,305,593,PO
query_cycle_6_35.graph,3,0.1,1470,464638.0,365610.3651022453,0.21312857514399317,283,308,591,PO
query_cycle_6_35.graph,4,0.1,1470,464638.0,365610.36510224536,0.21312857514399305,279,304,583,PO
query_cycle_6_35.graph,5,0.1,1470,464638.0,365610.36510224524,0.2131285751439933,285,302,587,PO
query_cycle_6_35.graph,1,0.1,1470,464638.0,458762.91908084165,0.012644426239692736,316,87,403,WO
query_cycle_6_35.graph,2,0.1,1470,464638.0,206866.79803520412,0.5547785630206653,289,77,366,WO
query_cycle_6_35.graph,3,0.1,1470,464638.0,448312.84363694873,0.03513521572288807,315,98,413,WO
query_cycle_6_35.graph,4,0.1,1470,464638.0,323815.02979591285,0.3030810441765141,308,103,411,WO
query_cycle_6_35.graph,5,0.1,1470,464638.0,249424.27840036113,0.46318579539262583,307,97,404,WO
query_cycle_6_35.graph,1,0.1,1470,464638.0,361484.74943605193,0.2220077793119548,259,276,535,MAB
query_cycle_6_35.graph,2,0.1,1470,464638.0,382338.1490025234,0.17712681915270945,227,293,520,MAB
query_cycle_6_35.graph,3,0.1,1470,464638.0,346318.45421327814,0.25464887888360804,224,281,505,MAB
query_cycle_6_35.graph,4,0.1,1470,464638.0,345982.82589429984,0.25537122255540906,224,284,508,MAB
query_cycle_6_35.graph,5,0.1,1470,464638.0,373743.59063632163,0.19562414043551832,255,275,530,MAB
query_cycle_8_0.graph,1,0.1,501,5396.0,3435.355230538922,0.36335151398463267,371,2,373,UN
query_cycle_8_0.graph,2,0.1,501,5396.0,11832.89057245509,1.1929004026047239,364,3,367,UN
query_cycle_8_0.graph,3,0.1,501,5396.0,0.0,1.0,375,3,378,UN
query_cycle_8_0.graph,4,0.1,501,5396.0,1046.9654035928143,0.8059737947381738,376,5,381,UN
query_cycle_8_0.graph,5,0.1,501,5396.0,4242.391396407185,0.21378958554351643,375,4,379,UN
query_cycle_8_0.graph,1,0.1,501,5396.0,4829.177500000001,0.10504494069681232,353,19,372,PO
query_cycle_8_0.graph,2,0.1,501,5396.0,4829.1775,0.1050449406968125,356,19,375,PO
query_cycle_8_0.graph,3,0.1,501,5396.0,4829.1775,0.1050449406968125,356,19,375,PO
query_cycle_8_0.graph,4,0.1,501,5396.0,4829.1775,0.1050449406968125,357,19,376,PO
query_cycle_8_0.graph,5,0.1,501,5396.0,4829.177500000001,0.10504494069681232,356,19,375,PO
query_cycle_8_0.graph,1,0.1,501,5396.0,23309.48116257201,3.3197704155989642,336,3,339,WO
query_cycle_8_0.graph,2,0.1,501,5396.0,0.0,1.0,349,3,352,WO
query_cycle_8_0.graph,3,0.1,501,5396.0,16225.921515291991,2.0070277085418815,338,5,343,WO
query_cycle_8_0.graph,4,0.1,501,5396.0,0.0,1.0,337,3,340,WO
query_cycle_8_0.graph,5,0.1,501,5396.0,0.0,1.0,328,3,331,WO
query_cycle_8_0.graph,1,0.1,501,5396.0,5427.630256789297,0.005861797032857147,387,18,405,MAB
query_cycle_8_0.graph,2,0.1,501,5396.0,0.0,1.0,364,6,370,MAB
query_cycle_8_0.graph,3,0.1,501,5396.0,4826.54862566365,0.10553213015870097,376,17,393,MAB
query_cycle_8_0.graph,4,0.1,501,5396.0,4787.16955476899,0.11282995649203305,376,18,394,MAB
query_cycle_8_0.graph,5,0.1,501,5396.0,4442.447701361159,0.17671465875441836,374,18,392,MAB
query_cycle_8_18.graph,1,0.1,135,239428.0,122703.83545259258,0.4875125906218463,123,8,131,UN
query_cycle_8_18.graph,2,0.1,135,239428.0,86377.61105555556,0.639233460349017,117,11,128,UN
query_cycle_8_18.graph,3,0.1,135,239428.0,154224.0855037037,0.35586445401664085,116,10,126,UN
query_cycle_8_18.graph,4,0.1,135,239428.0,57671.66813333334,0.7591273028495693,127,7,134,UN
query_cycle_8_18.graph,5,0.1,135,239428.0,47670.0500111111,0.8009002705986304,114,6,120,UN
query_cycle_8_18.graph,1,0.1,135,239428.0,272590.33300260303,0.13850649465644382,67,80,147,PO
query_cycle_8_18.graph,2,0.1,135,239428.0,264143.4962186016,0.10322725921196181,61,78,139,PO
query_cycle_8_18.graph,3,0.1,135,239428.0,257217.8441991732,0.07430143591882825,67,73,140,PO
query_cycle_8_18.graph,4,0.1,135,239428.0,193200.83654525172,0.19307333918651237,62,79,141,PO
query_cycle_8_18.graph,5,0.1,135,239428.0,194391.50797952563,0.18810035593361832,64,79,143,PO
query_cycle_8_18.graph,1,0.1,135,239428.0,95139.88232237007,0.6026367746363414,71,4,75,WO
query_cycle_8_18.graph,2,0.1,135,239428.0,307129.84360323264,0.2827649381159791,64,9,73,WO
query_cycle_8_18.graph,3,0.1,135,239428.0,323220.90493071347,0.3499712019091897,60,9,69,WO
query_cycle_8_18.graph,4,0.1,135,239428.0,208218.51961324067,0.13035016951550918,75,9,84,WO
query_cycle_8_18.graph,5,0.1,135,239428.0,236738.38241511618,0.01123351314334087,70,8,78,WO
query_cycle_8_18.graph,1,0.1,135,239428.0,192833.25380538782,0.19460859295743263,66,43,109,MAB
query_cycle_8_18.graph,2,0.1,135,239428.0,0.0,1.0,120,0,120,MAB
query_cycle_8_18.graph,3,0.1,135,239428.0,191558.8923380382,0.19993111775549147,64,45,109,MAB
query_cycle_8_18.graph,4,0.1,135,239428.0,0.0,1.0,118,1,119,MAB
query_cycle_8_18.graph,5,0.1,135,239428.0,0.0,1.0,124,1,125,MAB
query_cycle_6_8.graph,1,0.1,565,84866654.0,89619295.67927487,0.05600128501914158,468,51,519,UN
query_cycle_6_8.graph,2,0.1,565,84866654.0,84601497.04959488,0.003124395011556846,452,50,502,UN
query_cycle_6_8.graph,3,0.1,565,84866654.0,40284167.85062054,0.525323952908282,439,50,489,UN
query_cycle_6_8.graph,4,0.1,565,84866654.0,27409226.12174425,0.677031851382473,457,52,509,UN
query_cycle_6_8.graph,5,0.1,565,84866654.0,29174763.363210797,0.6562281887157847,452,54,506,UN
query_cycle_6_8.graph,1,0.1,565,84866654.0,81112239.45669897,0.04423898393945201,262,303,565,PO
query_cycle_6_8.graph,2,0.1,565,84866654.0,82104046.6771103,0.032552329951522546,266,296,562,PO
query_cycle_6_8.graph,3,0.1,565,84866654.0,80618251.45101464,0.05005973899931723,269,298,567,PO
query_cycle_6_8.graph,4,0.1,565,84866654.0,81112239.45669897,0.04423898393945201,266,308,574,PO
query_cycle_6_8.graph,5,0.1,565,84866654.0,83177187.53473273,0.019907306175488793,271,310,581,PO
query_cycle_6_8.graph,1,0.1,565,84866654.0,92497805.59921883,0.08991931741787335,258,70,328,WO
query_cycle_6_8.graph,2,0.1,565,84866654.0,69708181.7119255,0.17861517537941926,268,63,331,WO
query_cycle_6_8.graph,3,0.1,565,84866654.0,81500436.87502426,0.039664779584402385,252,62,314,WO
query_cycle_6_8.graph,4,0.1,565,84866654.0,81042355.80734377,0.045062436332840856,250,58,308,WO
query_cycle_6_8.graph,5,0.1,565,84866654.0,80323539.97056471,0.05353238068553159,266,52,318,WO
query_cycle_6_8.graph,1,0.1,565,84866654.0,71668715.6691151,0.15551382915231823,220,254,474,MAB
query_cycle_6_8.graph,2,0.1,565,84866654.0,77908803.55928566,0.08198568121602089,208,253,461,MAB
query_cycle_6_8.graph,3,0.1,565,84866654.0,80021341.21129608,0.057093246408700386,220,259,479,MAB
query_cycle_6_8.graph,4,0.1,565,84866654.0,68618069.64568177,0.191460174149416,309,190,499,MAB
query_cycle_6_8.graph,5,0.1,565,84866654.0,84746538.9663058,0.001415338393029997,220,258,478,MAB
query_cycle_6_33.graph,1,0.1,2386,21570498.0,10166593.418901928,0.5286806350552533,691,193,884,UN
query_cycle_6_33.graph,2,0.1,2386,21570498.0,22817305.6663953,0.05780152439666897,685,171,856,UN
query_cycle_6_33.graph,3,0.1,2386,21570498.0,25059739.613520443,0.16175990065321827,637,175,812,UN
query_cycle_6_33.graph,4,0.1,2386,21570498.0,20338970.22776932,0.057093154373657994,674,157,831,UN
query_cycle_6_33.graph,5,0.1,2386,21570498.0,18674266.65618113,0.13426817238150318,672,175,847,UN
query_cycle_6_33.graph,1,0.1,2386,21570498.0,22715348.86429718,0.053074846222705724,194,602,796,PO
query_cycle_6_33.graph,2,0.1,2386,21570498.0,24403948.76187296,0.13135768872248377,193,590,783,PO
query_cycle_6_33.graph,3,0.1,2386,21570498.0,21196358.466730572,0.01734496501978896,200,588,788,PO
query_cycle_6_33.graph,4,0.1,2386,21570498.0,20662583.488004517,0.042090567959788557,197,588,785,PO
query_cycle_6_33.graph,5,0.1,2386,21570498.0,19995003.79320457,0.0730393061298553,202,581,783,PO
query_cycle_6_33.graph,1,0.1,2386,21570498.0,22222800.03208415,0.03024047159616567,361,197,558,WO
query_cycle_6_33.graph,2,0.1,2386,21570498.0,20269386.869028464,0.06031901215129739,399,200,599,WO
query_cycle_6_33.graph,3,0.1,2386,21570498.0,22349636.81912965,0.036120576313520884,382,228,610,WO
query_cycle_6_33.graph,4,0.1,2386,21570498.0,23732011.698220592,0.10020694460649875,401,222,623,WO
query_cycle_6_33.graph,5,0.1,2386,21570498.0,21310195.28701534,0.012067533766937545,385,217,602,WO
query_cycle_6_33.graph,1,0.1,2386,21570498.0,19880660.42072787,0.07834022094770964,263,514,777,MAB
query_cycle_6_33.graph,2,0.1,2386,21570498.0,20911770.914062757,0.030538334624320818,263,527,790,MAB
query_cycle_6_33.graph,3,0.1,2386,21570498.0,11815.758373776063,0.9994522259813485,442,220,662,MAB
query_cycle_6_33.graph,4,0.1,2386,21570498.0,23248634.37305254,0.07779775752291584,181,537,718,MAB
query_cycle_6_33.graph,5,0.1,2386,21570498.0,21415288.499151796,0.007195452828590416,185,532,717,MAB
query_cycle_8_12.graph,1,0.1,354,3626068.0,4605358.493101696,0.27006953347308865,127,20,147,UN
query_cycle_8_12.graph,2,0.1,354,3626068.0,3825523.5648813564,0.055006018883638264,139,18,157,UN
query_cycle_8_12.graph,3,0.1,354,3626068.0,2954707.8950353106,0.18514823907458144,138,22,160,UN
query_cycle_8_12.graph,4,0.1,354,3626068.0,454903.70812853106,0.874546283156154,128,15,143,UN
query_cycle_8_12.graph,5,0.1,354,3626068.0,2148878.4692076272,0.40738053748368,143,16,159,UN
query_cycle_8_12.graph,1,0.1,354,3626068.0,7588342.626355283,1.0927193385108285,43,112,155,PO
query_cycle_8_12.graph,2,0.1,354,3626068.0,7432998.61546337,1.049878440079825,43,107,150,PO
query_cycle_8_12.graph,3,0.1,354,3626068.0,7588342.626355283,1.0927193385108285,41,106,147,PO
query_cycle_8_12.graph,4,0.1,354,3626068.0,7588342.626355285,1.0927193385108291,41,110,151,PO
query_cycle_8_12.graph,5,0.1,354,3626068.0,7569334.031691911,1.0874771327211488,41,107,148,PO
query_cycle_8_12.graph,1,0.1,354,3626068.0,7730664.258848483,1.131968914771726,106,23,129,WO
query_cycle_8_12.graph,2,0.1,354,3626068.0,10274041.667106532,1.833383617490497,97,30,127,WO
query_cycle_8_12.graph,3,0.1,354,3626068.0,13275038.447030077,2.6610009649653774,94,14,108,WO
query_cycle_8_12.graph,4,0.1,354,3626068.0,13059364.301235637,2.601522172566989,95,18,113,WO
query_cycle_8_12.graph,5,0.1,354,3626068.0,7621822.408223473,1.1019524201486217,91,18,109,WO
query_cycle_8_12.graph,1,0.1,354,3626068.0,7331883.59996936,1.0219928583714812,50,73,123,MAB
query_cycle_8_12.graph,2,0.1,354,3626068.0,2164319.3667193865,0.4031222341336714,113,39,152,MAB
query_cycle_8_12.graph,3,0.1,354,3626068.0,8149575.136517669,1.2474964993810567,50,69,119,MAB
query_cycle_8_12.graph,4,0.1,354,3626068.0,7087682.992818076,0.9546470151188771,56,75,131,MAB
query_cycle_8_12.graph,5,0.1,354,3626068.0,7731178.671360283,1.1321107798751384,120,45,165,MAB
query_cycle_6_46.graph,1,0.1,828,752373.0,491887.89523369574,0.34621803914588145,262,66,328,UN
query_cycle_6_46.graph,2,0.1,828,752373.0,1063777.707655435,0.41389670769077963,249,63,312,UN
query_cycle_6_46.graph,3,0.1,828,752373.0,589713.4018532609,0.21619542188082116,263,67,330,UN
query_cycle_6_46.graph,4,0.1,828,752373.0,124353.05560434784,0.834718875339296,239,54,293,UN
query_cycle_6_46.graph,5,0.1,828,752373.0,328098.01205543487,0.5639157544789155,267,70,337,UN
query_cycle_6_46.graph,1,0.1,828,752373.0,632525.1398154284,0.1592931434070223,89,207,296,PO
query_cycle_6_46.graph,2,0.1,828,752373.0,615922.137736072,0.18136065789698466,96,208,304,PO
query_cycle_6_46.graph,3,0.1,828,752373.0,715276.0181629215,0.04930663625233556,91,209,300,PO
query_cycle_6_46.graph,4,0.1,828,752373.0,675561.6714111533,0.10209208542683844,89,211,300,PO
query_cycle_6_46.graph,5,0.1,828,752373.0,722831.1468879337,0.03926490332862328,96,206,302,PO
query_cycle_6_46.graph,1,0.1,828,752373.0,903943.7061135801,0.20145686529630935,165,69,234,WO
query_cycle_6_46.graph,2,0.1,828,752373.0,653158.9554227765,0.13186816190536274,159,70,229,WO
query_cycle_6_46.graph,3,0.1,828,752373.0,702696.4400039677,0.06602650546475256,149,68,217,WO
query_cycle_6_46.graph,4,0.1,828,752373.0,687333.7173655968,0.086445529856073,170,55,225,WO
query_cycle_6_46.graph,5,0.1,828,752373.0,551782.8933420625,0.26660992175149495,147,67,214,WO
query_cycle_6_46.graph,1,0.1,828,752373.0,629980.2226187583,0.162675664040631,89,180,269,MAB
query_cycle_6_46.graph,2,0.1,828,752373.0,567042.1083299279,0.24632847227382176,84,171,255,MAB
query_cycle_6_46.graph,3,0.1,828,752373.0,700937.5206249494,0.06836433441265255,141,167,308,MAB
query_cycle_6_46.graph,4,0.1,828,752373.0,649812.3405263422,0.13631624137715978,73,173,246,MAB
query_cycle_6_46.graph,5,0.1,828,752373.0,531535.2748326949,0.2935215978873579,83,188,271,MAB
query_cycle_6_40.graph,1,0.1,2564,18098977.0,26595275.27664618,0.46943527673670055,729,255,984,UN
query_cycle_6_40.graph,2,0.1,2564,18098977.0,26156405.506104838,0.4451869575890857,745,225,970,UN
query_cycle_6_40.graph,3,0.1,2564,18098977.0,11523687.994508661,0.363296168921113,722,249,971,UN
query_cycle_6_40.graph,4,0.1,2564,18098977.0,14384917.121900238,0.20520827658379598,743,249,992,UN
query_cycle_6_40.graph,5,0.1,2564,18098977.0,26160363.482815295,0.44540564269545707,714,261,975,UN
query_cycle_6_40.graph,1,0.1,2564,18098977.0,17576432.261195958,0.028871506870473528,350,777,1127,PO
query_cycle_6_40.graph,2,0.1,2564,18098977.0,17802354.310482375,0.016388920186904746,348,794,1142,PO
query_cycle_6_40.graph,3,0.1,2564,18098977.0,18021436.783088155,0.004284232026586083,338,783,1121,PO
query_cycle_6_40.graph,4,0.1,2564,18098977.0,18161562.978802025,0.0034579843270713764,346,783,1129,PO
query_cycle_6_40.graph,5,0.1,2564,18098977.0,18079885.924519558,0.0010548151688596816,354,775,1129,PO
query_cycle_6_40.graph,1,0.1,2564,18098977.0,21270153.48862661,0.1752130238425415,363,211,574,WO
query_cycle_6_40.graph,2,0.1,2564,18098977.0,19852474.265936404,0.0968837777923252,356,212,568,WO
query_cycle_6_40.graph,3,0.1,2564,18098977.0,16723310.247827843,0.07600798388616976,373,207,580,WO
query_cycle_6_40.graph,4,0.1,2564,18098977.0,17173641.057610437,0.05112642236020095,363,211,574,WO
query_cycle_6_40.graph,5,0.1,2564,18098977.0,15990968.269239783,0.11647115363261784,369,195,564,WO
query_cycle_6_40.graph,1,0.1,2564,18098977.0,17041223.302534588,0.05844273394376999,250,652,902,MAB
query_cycle_6_40.graph,2,0.1,2564,18098977.0,17503588.571674682,0.032896247579369695,248,679,927,MAB
query_cycle_6_40.graph,3,0.1,2564,18098977.0,18346511.847728923,0.013676731437855463,276,651,927,MAB
query_cycle_6_40.graph,4,0.1,2564,18098977.0,17752841.702031016,0.019124578033829408,287,673,960,MAB
query_cycle_6_40.graph,5,0.1,2564,18098977.0,17432276.179048855,0.036836381467921925,273,637,910,MAB
query_cycle_8_23.graph,1,0.1,232,50856.0,313218.455075431,5.158928249870831,44,7,51,UN
query_cycle_8_23.graph,2,0.1,232,50856.0,71215.12981681035,0.40032896446457356,43,6,49,UN
query_cycle_8_23.graph,3,0.1,232,50856.0,8573.9025,0.8314082409155262,41,5,46,UN
query_cycle_8_23.graph,4,0.1,232,50856.0,6787.672144396551,0.8665315371952856,40,3,43,UN
query_cycle_8_23.graph,5,0.1,232,50856.0,11074.624396551722,0.7822356379473077,41,6,47,UN
query_cycle_8_23.graph,1,0.1,232,50856.0,41292.40610000001,0.18805242056001245,29,34,63,PO
query_cycle_8_23.graph,2,0.1,232,50856.0,41292.406100000015,0.18805242056001228,30,34,64,PO
query_cycle_8_23.graph,3,0.1,232,50856.0,41292.4061,0.1880524205600126,30,34,64,PO
query_cycle_8_23.graph,4,0.1,232,50856.0,41292.4061,0.1880524205600126,32,34,66,PO
query_cycle_8_23.graph,5,0.1,232,50856.0,41292.4061,0.1880524205600126,29,34,63,PO
query_cycle_8_23.graph,1,0.1,232,50856.0,95863.7460652762,0.8850036586691088,39,7,46,WO
query_cycle_8_23.graph,2,0.1,232,50856.0,0.0,1.0,36,0,36,WO
query_cycle_8_23.graph,3,0.1,232,50856.0,63115.22712638947,0.24105763580284476,33,4,37,WO
query_cycle_8_23.graph,4,0.1,232,50856.0,63115.22712638947,0.24105763580284476,38,6,44,WO
query_cycle_8_23.graph,5,0.1,232,50856.0,78884.70391342846,0.5511385856816985,35,7,42,WO
query_cycle_8_23.graph,1,0.1,232,50856.0,36701.44783911387,0.2783261003792302,37,34,71,MAB
query_cycle_8_23.graph,2,0.1,232,50856.0,41216.688217173694,0.18954128879240023,40,34,74,MAB
query_cycle_8_23.graph,3,0.1,232,50856.0,36858.33641263891,0.2752411433726814,38,34,72,MAB
query_cycle_8_23.graph,4,0.1,232,50856.0,44062.752498049915,0.13357809308538,35,34,69,MAB
query_cycle_8_23.graph,5,0.1,232,50856.0,45853.38261397007,0.09836828272042496,45,28,73,MAB
query_cycle_8_3.graph,1,0.1,255,107823.0,36455.79499843138,0.6618922215257285,166,18,184,UN
query_cycle_8_3.graph,2,0.1,255,107823.0,72475.3688,0.3278301586859947,173,24,197,UN
query_cycle_8_3.graph,3,0.1,255,107823.0,91696.88497568628,0.1495609937055519,180,19,199,UN
query_cycle_8_3.graph,4,0.1,255,107823.0,93767.2164682353,0.13035978902242282,180,21,201,UN
query_cycle_8_3.graph,5,0.1,255,107823.0,99396.57099843137,0.07815057085750375,186,26,212,UN
query_cycle_8_3.graph,1,0.1,255,107823.0,86495.70380854864,0.1977991355411309,53,29,82,PO
query_cycle_8_3.graph,2,0.1,255,107823.0,123025.90308205319,0.14099870233672956,52,27,79,PO
query_cycle_8_3.graph,3,0.1,255,107823.0,88869.03237703179,0.1757877968797771,53,28,81,PO
query_cycle_8_3.graph,4,0.1,255,107823.0,125961.25848362021,0.1682225358561737,49,27,76,PO
query_cycle_8_3.graph,5,0.1,255,107823.0,125921.68234537903,0.16785548858201893,53,27,80,PO
query_cycle_8_3.graph,1,0.1,255,107823.0,91980.24524314863,0.14693298050370857,100,25,125,WO
query_cycle_8_3.graph,2,0.1,255,107823.0,95409.88063446102,0.11512496745164742,88,20,108,WO
query_cycle_8_3.graph,3,0.1,255,107823.0,107638.90617320611,0.0017073706611195284,100,18,118,WO
query_cycle_8_3.graph,4,0.1,255,107823.0,111404.91719322195,0.03322034439054698,100,22,122,WO
query_cycle_8_3.graph,5,0.1,255,107823.0,148652.0579443814,0.3786674266564778,95,16,111,WO
query_cycle_8_3.graph,1,0.1,255,107823.0,105012.56017514695,0.026065309116357818,76,21,97,MAB
query_cycle_8_3.graph,2,0.1,255,107823.0,107537.97906842013,0.002643414963225574,71,21,92,MAB
query_cycle_8_3.graph,3,0.1,255,107823.0,9.653189535969437,0.999910471888781,148,17,165,MAB
query_cycle_8_3.graph,4,0.1,255,107823.0,108225.8144647805,0.0037358862652727342,76,22,98,MAB
query_cycle_8_3.graph,5,0.1,255,107823.0,28.04553385546292,0.9997398928442405,101,28,129,MAB
query_cycle_8_28.graph,1,0.1,419,0.0,0.0,0.0,15,0,15,UN
query_cycle_8_28.graph,2,0.1,419,0.0,0.0,0.0,16,0,16,UN
query_cycle_8_28.graph,3,0.1,419,0.0,0.0,0.0,19,0,19,UN
query_cycle_8_28.graph,4,0.1,419,0.0,0.0,0.0,18,0,18,UN
query_cycle_8_28.graph,5,0.1,419,0.0,0.0,0.0,15,0,15,UN
query_cycle_8_28.graph,1,0.1,419,0.0,0.0,0.0,7,0,7,PO
query_cycle_8_28.graph,2,0.1,419,0.0,0.0,0.0,7,0,7,PO
query_cycle_8_28.graph,3,0.1,419,0.0,0.0,0.0,4,0,4,PO
query_cycle_8_28.graph,4,0.1,419,0.0,0.0,0.0,4,0,4,PO
query_cycle_8_28.graph,5,0.1,419,0.0,0.0,0.0,4,0,4,PO
query_cycle_8_28.graph,1,0.1,419,0.0,0.0,0.0,15,0,15,WO
query_cycle_8_28.graph,2,0.1,419,0.0,0.0,0.0,12,0,12,WO
query_cycle_8_28.graph,3,0.1,419,0.0,0.0,0.0,14,0,14,WO
query_cycle_8_28.graph,4,0.1,419,0.0,0.0,0.0,14,0,14,WO
query_cycle_8_28.graph,5,0.1,419,0.0,0.0,0.0,16,0,16,WO
query_cycle_8_28.graph,1,0.1,419,0.0,0.0,0.0,15,0,15,MAB
query_cycle_8_28.graph,2,0.1,419,0.0,0.0,0.0,18,0,18,MAB
query_cycle_8_28.graph,3,0.1,419,0.0,0.0,0.0,18,0,18,MAB
query_cycle_8_28.graph,4,0.1,419,0.0,0.0,0.0,16,0,16,MAB
query_cycle_8_28.graph,5,0.1,419,0.0,0.0,0.0,14,0,14,MAB
query_cycle_6_38.graph,1,0.1,1821,1585660.0,929394.0297682593,0.41387559138260455,167,37,204,UN
query_cycle_6_38.graph,2,0.1,1821,1585660.0,1456395.884271005,0.08152070161888114,189,38,227,UN
query_cycle_6_38.graph,3,0.1,1821,1585660.0,1377503.3923577706,0.13127442682682883,179,43,222,UN
query_cycle_6_38.graph,4,0.1,1821,1585660.0,536388.0380010984,0.6617256927707715,183,42,225,UN
query_cycle_6_38.graph,5,0.1,1821,1585660.0,79539.81560296539,0.949838038669724,174,38,212,UN
query_cycle_6_38.graph,1,0.1,1821,1585660.0,1351999.8502999994,0.14735829225685246,129,170,299,PO
query_cycle_6_38.graph,2,0.1,1821,1585660.0,1351999.8502999991,0.1473582922568526,123,166,289,PO
query_cycle_6_38.graph,3,0.1,1821,1585660.0,1351999.8503,0.147358292256852,122,167,289,PO
query_cycle_6_38.graph,4,0.1,1821,1585660.0,1351999.8502999996,0.1473582922568523,132,172,304,PO
query_cycle_6_38.graph,5,0.1,1821,1585660.0,1351999.8502999996,0.1473582922568523,125,170,295,PO
query_cycle_6_38.graph,1,0.1,1821,1585660.0,1240978.5927390016,0.21737409486333664,126,42,168,WO
query_cycle_6_38.graph,2,0.1,1821,1585660.0,2864784.634248561,0.806682790918962,115,60,175,WO
query_cycle_6_38.graph,3,0.1,1821,1585660.0,840074.9848153128,0.4702048454174837,134,47,181,WO
query_cycle_6_38.graph,4,0.1,1821,1585660.0,651615.1031542034,0.5890574882672178,135,56,191,WO
query_cycle_6_38.graph,5,0.1,1821,1585660.0,1375750.194903776,0.13238008469421184,120,50,170,WO
query_cycle_6_38.graph,1,0.1,1821,1585660.0,1400154.1788815793,0.11698965800891786,115,161,276,MAB
query_cycle_6_38.graph,2,0.1,1821,1585660.0,1365576.5325358128,0.13879612745745443,126,145,271,MAB
query_cycle_6_38.graph,3,0.1,1821,1585660.0,1410434.3612203891,0.11050643818953046,127,154,281,MAB
query_cycle_6_38.graph,4,0.1,1821,1585660.0,1268512.1744970542,0.20000998038857373,115,157,272,MAB
query_cycle_6_38.graph,5,0.1,1821,1585660.0,1470894.9224778344,0.07237685097824603,115,155,270,MAB
query_cycle_4_46.graph,1,0.1,5308,4465371.0,3726722.1437027333,0.16541713024455676,1945,387,2332,UN
query_cycle_4_46.graph,2,0.1,5308,4465371.0,5375509.791379412,0.2038215394374648,1920,412,2332,UN
query_cycle_4_46.graph,3,0.1,5308,4465371.0,3195670.89919904,0.2843436974891806,1951,380,2331,UN
query_cycle_4_46.graph,4,0.1,5308,4465371.0,3602946.88151055,0.19313605039524148,1914,366,2280,UN
query_cycle_4_46.graph,5,0.1,5308,4465371.0,2803636.1682509417,0.37213813404285073,1927,361,2288,UN
query_cycle_4_46.graph,1,0.1,5308,4465371.0,4504506.3111366965,0.008764179087627095,562,1257,1819,PO
query_cycle_4_46.graph,2,0.1,5308,4465371.0,4464201.267512739,0.00026195639449920184,578,1233,1811,PO
query_cycle_4_46.graph,3,0.1,5308,4465371.0,4405431.213107218,0.013423249018453778,558,1236,1794,PO
query_cycle_4_46.graph,4,0.1,5308,4465371.0,4429905.129678274,0.007942424116994182,559,1231,1790,PO
query_cycle_4_46.graph,5,0.1,5308,4465371.0,4419317.2192710815,0.010313539620541832,563,1228,1791,PO
query_cycle_4_46.graph,1,0.1,5308,4465371.0,4261187.888565494,0.04572590081193841,1594,462,2056,WO
query_cycle_4_46.graph,2,0.1,5308,4465371.0,4433425.458774701,0.007154062053365608,1596,462,2058,WO
query_cycle_4_46.graph,3,0.1,5308,4465371.0,4166259.1253292356,0.06698477565934934,1609,478,2087,WO
query_cycle_4_46.graph,4,0.1,5308,4465371.0,4716948.77980761,0.05633972626409103,1604,497,2101,WO
query_cycle_4_46.graph,5,0.1,5308,4465371.0,4584274.152702879,0.02662783287276223,1587,492,2079,WO
query_cycle_4_46.graph,1,0.1,5308,4465371.0,4334199.787652843,0.029375210334630045,691,1093,1784,MAB
query_cycle_4_46.graph,2,0.1,5308,4465371.0,4393272.5913693905,0.016146118347301827,624,1135,1759,MAB
query_cycle_4_46.graph,3,0.1,5308,4465371.0,4430744.703571777,0.0077544052729825,619,1133,1752,MAB
query_cycle_4_46.graph,4,0.1,5308,4465371.0,4491565.995583196,0.005866252901090676,614,1125,1739,MAB
query_cycle_4_46.graph,5,0.1,5308,4465371.0,4383076.693969039,0.01842944427931313,639,1109,1748,MAB
query_cycle_6_6.graph,1,0.1,2107,11635198.0,2507045.8178655445,0.7845291659097211,540,75,615,UN
query_cycle_6_6.graph,2,0.1,2107,11635198.0,21896751.249991965,0.8819405780625276,540,89,629,UN
query_cycle_6_6.graph,3,0.1,2107,11635198.0,23907049.10389838,1.0547178573066294,536,85,621,UN
query_cycle_6_6.graph,4,0.1,2107,11635198.0,14453090.417326719,0.24218688992887946,548,88,636,UN
query_cycle_6_6.graph,5,0.1,2107,11635198.0,4587576.543925203,0.6057156445532595,533,66,599,UN
query_cycle_6_6.graph,1,0.1,2107,11635198.0,11612726.86178353,0.0019313069031115274,152,467,619,PO
query_cycle_6_6.graph,2,0.1,2107,11635198.0,12856717.435352558,0.10498484300418079,154,471,625,PO
query_cycle_6_6.graph,3,0.1,2107,11635198.0,11942764.288910974,0.026434125909243128,154,471,625,PO
query_cycle_6_6.graph,4,0.1,2107,11635198.0,11944698.324653815,0.026600348756747886,146,462,608,PO
query_cycle_6_6.graph,5,0.1,2107,11635198.0,11712321.898460777,0.006628499013147647,155,469,624,PO
query_cycle_6_6.graph,1,0.1,2107,11635198.0,12745648.847698882,0.09543893002069086,357,135,492,WO
query_cycle_6_6.graph,2,0.1,2107,11635198.0,10949316.86400365,0.05894881513802766,353,132,485,WO
query_cycle_6_6.graph,3,0.1,2107,11635198.0,11725320.128864992,0.007745646345252776,343,135,478,WO
query_cycle_6_6.graph,4,0.1,2107,11635198.0,11206048.256282147,0.03688375081522918,369,126,495,WO
query_cycle_6_6.graph,5,0.1,2107,11635198.0,11587045.491358215,0.004138520774789136,329,131,460,WO
query_cycle_6_6.graph,1,0.1,2107,11635198.0,11824608.71139424,0.016279113719787082,281,379,660,MAB
query_cycle_6_6.graph,2,0.1,2107,11635198.0,11148954.312602298,0.041790753143840065,164,415,579,MAB
query_cycle_6_6.graph,3,0.1,2107,11635198.0,11391193.015906999,0.020971279052836155,280,379,659,MAB
query_cycle_6_6.graph,4,0.1,2107,11635198.0,12318784.553364072,0.058751604688125805,281,390,671,MAB
query_cycle_6_6.graph,5,0.1,2107,11635198.0,11848887.532229427,0.01836578391097661,295,389,684,MAB
query_cycle_8_26.graph,1,0.1,558,159831.0,343788.8083225806,1.1509519950609117,414,4,418,UN
query_cycle_8_26.graph,2,0.1,558,159831.0,0.0,1.0,405,6,411,UN
query_cycle_8_26.graph,3,0.1,558,159831.0,405644.6945870967,1.537960061484297,402,6,408,UN
query_cycle_8_26.graph,4,0.1,558,159831.0,99539.6659344086,0.3772192757699783,416,6,422,UN
query_cycle_8_26.graph,5,0.1,558,159831.0,0.0,1.0,409,2,411,UN
query_cycle_8_26.graph,1,0.1,558,159831.0,171277.0271,0.0716133109346748,339,30,369,PO
query_cycle_8_26.graph,2,0.1,558,159831.0,171277.0271,0.0716133109346748,332,30,362,PO
query_cycle_8_26.graph,3,0.1,558,159831.0,171277.0271,0.0716133109346748,332,29,361,PO
query_cycle_8_26.graph,4,0.1,558,159831.0,171277.0271,0.0716133109346748,338,29,367,PO
query_cycle_8_26.graph,5,0.1,558,159831.0,171277.0271,0.0716133109346748,326,30,356,PO
query_cycle_8_26.graph,1,0.1,558,159831.0,223743.05910984904,0.39987273501291387,350,10,360,WO
query_cycle_8_26.graph,2,0.1,558,159831.0,267221.4400689875,0.6718999447478117,361,12,373,WO
query_cycle_8_26.graph,3,0.1,558,159831.0,195440.53082712973,0.22279489477716916,369,10,379,WO
query_cycle_8_26.graph,4,0.1,558,159831.0,121516.14493509203,0.2397210495142242,365,8,373,WO
query_cycle_8_26.graph,5,0.1,558,159831.0,193297.0541769498,0.2093840004564184,370,11,381,WO
query_cycle_8_26.graph,1,0.1,558,159831.0,180435.2143612383,0.12891250358965592,385,24,409,MAB
query_cycle_8_26.graph,2,0.1,558,159831.0,169689.86204139065,0.061683040470188175,380,29,409,MAB
query_cycle_8_26.graph,3,0.1,558,159831.0,168610.4191690383,0.054929388973592744,343,28,371,MAB
query_cycle_8_26.graph,4,0.1,558,159831.0,170176.02048193934,0.06472474352246649,358,29,387,MAB
query_cycle_8_26.graph,5,0.1,558,159831.0,160358.6669825884,0.0033014057510019168,390,28,418,MAB
query_cycle_8_36.graph,1,0.1,716,870138.0,969217.7516134077,0.11386671035330918,542,28,570,UN
query_cycle_8_36.graph,2,0.1,716,870138.0,444667.5851371508,0.48896889328227156,538,29,567,UN
query_cycle_8_36.graph,3,0.1,716,870138.0,261575.26831368718,0.6993864555809686,551,26,577,UN
query_cycle_8_36.graph,4,0.1,716,870138.0,2349563.8104667603,1.7002197472892349,527,30,557,UN
query_cycle_8_36.graph,5,0.1,716,870138.0,2259987.500138269,1.5972748002480857,537,31,568,UN
query_cycle_8_36.graph,1,0.1,716,870138.0,746206.9337434692,0.14242690958966372,283,75,358,PO
query_cycle_8_36.graph,2,0.1,716,870138.0,1034295.9945220997,0.18865742505453129,277,69,346,PO
query_cycle_8_36.graph,3,0.1,716,870138.0,742093.7390250699,0.14715396980126155,283,69,352,PO
query_cycle_8_36.graph,4,0.1,716,870138.0,1031902.120296304,0.18590628187287994,276,70,346,PO
query_cycle_8_36.graph,5,0.1,716,870138.0,756662.2433574605,0.13041121826944638,277,72,349,PO
query_cycle_8_36.graph,1,0.1,716,870138.0,727878.2920872174,0.16349097259605092,387,44,431,WO
query_cycle_8_36.graph,2,0.1,716,870138.0,885468.9140750865,0.017618945586891362,379,47,426,WO
query_cycle_8_36.graph,3,0.1,716,870138.0,1045465.1348241164,0.20149348129160705,375,45,420,WO
query_cycle_8_36.graph,4,0.1,716,870138.0,692326.8416035026,0.20434822797820273,375,42,417,WO
query_cycle_8_36.graph,5,0.1,716,870138.0,811080.0934151185,0.06787188536172593,377,45,422,WO
query_cycle_8_36.graph,1,0.1,716,870138.0,866594.0681368235,0.004072838863693483,286,71,357,MAB
query_cycle_8_36.graph,2,0.1,716,870138.0,915514.081034292,0.05214814320750502,321,72,393,MAB
query_cycle_8_36.graph,3,0.1,716,870138.0,882408.0562213616,0.014101276143969832,298,69,367,MAB
query_cycle_8_36.graph,4,0.1,716,870138.0,846664.3349847479,0.026976945053832926,297,72,369,MAB
query_cycle_8_36.graph,5,0.1,716,870138.0,943376.7501818992,0.08416912050950444,302,72,374,MAB
query_cycle_8_37.graph,1,0.1,708,140124232.0,199418543.55069745,0.42315530086685826,458,5,463,UN
query_cycle_8_37.graph,2,0.1,708,140124232.0,46880624.9647644,0.6654352762856577,481,7,488,UN
query_cycle_8_37.graph,3,0.1,708,140124232.0,235434493.53001273,0.6801840065036912,497,12,509,UN
query_cycle_8_37.graph,4,0.1,708,140124232.0,69853165.08855593,0.5014911832768801,480,11,491,UN
query_cycle_8_37.graph,5,0.1,708,140124232.0,389220645.6352593,1.7776826326174566,478,9,487,UN
query_cycle_8_37.graph,1,0.1,708,140124232.0,129165292.28390001,0.07820874062738836,427,91,518,PO
query_cycle_8_37.graph,2,0.1,708,140124232.0,129165292.2839,0.07820874062738847,416,91,507,PO
query_cycle_8_37.graph,3,0.1,708,140124232.0,129165292.28390001,0.07820874062738836,439,90,529,PO
query_cycle_8_37.graph,4,0.1,708,140124232.0,129165292.28390004,0.07820874062738815,415,91,506,PO
query_cycle_8_37.graph,5,0.1,708,140124232.0,130342306.4948785,0.06980894999746724,421,92,513,PO
query_cycle_8_37.graph,1,0.1,708,140124232.0,108022036.28778583,0.2290981028335925,341,9,350,WO
query_cycle_8_37.graph,2,0.1,708,140124232.0,99834848.4418404,0.2875261686227091,354,15,369,WO
query_cycle_8_37.graph,3,0.1,708,140124232.0,137191859.93951175,0.020926944744919306,357,12,369,WO
query_cycle_8_37.graph,4,0.1,708,140124232.0,205358596.1598925,0.4655466312200198,358,19,377,WO
query_cycle_8_37.graph,5,0.1,708,140124232.0,95887258.16297996,0.3156982429492997,339,15,354,WO
query_cycle_8_37.graph,1,0.1,708,140124232.0,125914598.97473311,0.10140739272895273,425,76,501,MAB
query_cycle_8_37.graph,2,0.1,708,140124232.0,129290796.73630342,0.07731307504112908,399,83,482,MAB
query_cycle_8_37.graph,3,0.1,708,140124232.0,136793316.8252614,0.023771157402229945,436,75,511,MAB
query_cycle_8_37.graph,4,0.1,708,140124232.0,133921350.70091194,0.04426701371029146,391,85,476,MAB
query_cycle_8_37.graph,5,0.1,708,140124232.0,121974468.00512561,0.12952623351308992,429,73,502,MAB
query_cycle_8_24.graph,1,0.1,1603,638357136.0,283966942.48377854,0.5551597585904037,762,29,791,UN
query_cycle_8_24.graph,2,0.1,1603,638357136.0,274402383.8248309,0.5701428426973347,799,19,818,UN
query_cycle_8_24.graph,3,0.1,1603,638357136.0,451412229.6958614,0.2928531628479181,800,25,825,UN
query_cycle_8_24.graph,4,0.1,1603,638357136.0,1656066209.170599,1.5942628597334252,778,27,805,UN
query_cycle_8_24.graph,5,0.1,1603,638357136.0,175481263.44337264,0.7251048769612679,761,17,778,UN
query_cycle_8_24.graph,1,0.1,1603,638357136.0,793156622.1247525,0.24249667998503038,324,124,448,PO
query_cycle_8_24.graph,2,0.1,1603,638357136.0,793156622.1247526,0.24249667998503058,324,126,450,PO
query_cycle_8_24.graph,3,0.1,1603,638357136.0,793156622.1247517,0.24249667998502908,310,123,433,PO
query_cycle_8_24.graph,4,0.1,1603,638357136.0,793156622.1247517,0.24249667998502908,332,123,455,PO
query_cycle_8_24.graph,5,0.1,1603,638357136.0,793156622.124752,0.24249667998502963,323,123,446,PO
query_cycle_8_24.graph,1,0.1,1603,638357136.0,1001148494.1056283,0.5683203611992336,604,26,630,WO
query_cycle_8_24.graph,2,0.1,1603,638357136.0,577763905.8216586,0.0949205809118446,599,23,622,WO
query_cycle_8_24.graph,3,0.1,1603,638357136.0,546018896.992952,0.14464981089683943,594,26,620,WO
query_cycle_8_24.graph,4,0.1,1603,638357136.0,561545932.6143421,0.12032638009964677,640,17,657,WO
query_cycle_8_24.graph,5,0.1,1603,638357136.0,1276343759.739712,0.9994195846816882,603,31,634,WO
query_cycle_8_24.graph,1,0.1,1603,638357136.0,899937521.2022125,0.40977122436712676,433,115,548,MAB
query_cycle_8_24.graph,2,0.1,1603,638357136.0,776418510.6875203,0.21627607322231027,368,115,483,MAB
query_cycle_8_24.graph,3,0.1,1603,638357136.0,759192821.809419,0.18929166605168027,362,118,480,MAB
query_cycle_8_24.graph,4,0.1,1603,638357136.0,757097825.9829233,0.1860098106319646,446,116,562,MAB
query_cycle_8_24.graph,5,0.1,1603,638357136.0,829860750.1303961,0.29999447539722673,368,114,482,MAB
query_cycle_8_40.graph,1,0.1,411,252085206.0,228811083.92083067,0.09232640998047832,64,24,88,UN
query_cycle_8_40.graph,2,0.1,411,252085206.0,475234097.8335354,0.8852121684345704,68,22,90,UN
query_cycle_8_40.graph,3,0.1,411,252085206.0,0.0,1.0,73,23,96,UN
query_cycle_8_40.graph,4,0.1,411,252085206.0,54290250.26043747,0.7846353178677312,74,26,100,UN
query_cycle_8_40.graph,5,0.1,411,252085206.0,79894511.52402434,0.6830654492115482,75,26,101,UN
query_cycle_8_40.graph,1,0.1,411,252085206.0,290491510.7415398,0.15235445725259963,32,102,134,PO
query_cycle_8_40.graph,2,0.1,411,252085206.0,290491510.7415397,0.1523544572525994,33,99,132,PO
query_cycle_8_40.graph,3,0.1,411,252085206.0,290491510.7415398,0.15235445725259963,29,106,135,PO
query_cycle_8_40.graph,4,0.1,411,252085206.0,295246535.5892795,0.1712172256125156,32,104,136,PO
query_cycle_8_40.graph,5,0.1,411,252085206.0,290491510.7415397,0.1523544572525994,30,106,136,PO
query_cycle_8_40.graph,1,0.1,411,252085206.0,455685997.4485288,0.807666561156821,37,13,50,WO
query_cycle_8_40.graph,2,0.1,411,252085206.0,0.0,1.0,41,9,50,WO
query_cycle_8_40.graph,3,0.1,411,252085206.0,0.0,1.0,37,11,48,WO
query_cycle_8_40.graph,4,0.1,411,252085206.0,647832092.0914366,1.5698933403154036,41,16,57,WO
query_cycle_8_40.graph,5,0.1,411,252085206.0,372066058.89293146,0.4759535666402076,39,15,54,WO
query_cycle_8_40.graph,1,0.1,411,252085206.0,320189290.4414571,0.27016295609769775,50,48,98,MAB
query_cycle_8_40.graph,2,0.1,411,252085206.0,62026043.72331547,0.7539481006937175,65,20,85,MAB
query_cycle_8_40.graph,3,0.1,411,252085206.0,3019048.4718461987,0.9880236983369576,62,28,90,MAB
query_cycle_8_40.graph,4,0.1,411,252085206.0,229050201.3233682,0.09137785212445909,56,44,100,MAB
query_cycle_8_40.graph,5,0.1,411,252085206.0,309419622.20063215,0.2274406225989801,58,45,103,MAB
query_cycle_8_20.graph,1,0.1,1954,1402362673.0,1125369719.9236422,0.19751877200482065,275,135,410,UN
query_cycle_8_20.graph,2,0.1,1954,1402362673.0,1084572579.0502448,0.22661049104360695,269,134,403,UN
query_cycle_8_20.graph,3,0.1,1954,1402362673.0,1122226437.3848753,0.1997601911464487,287,119,406,UN
query_cycle_8_20.graph,4,0.1,1954,1402362673.0,1466570666.7917044,0.045785583877776544,290,150,440,UN
query_cycle_8_20.graph,5,0.1,1954,1402362673.0,1443464941.4438322,0.02930930010844075,284,157,441,UN
query_cycle_8_20.graph,1,0.1,1954,1402362673.0,1337693236.5284057,0.046114630485172885,133,386,519,PO
query_cycle_8_20.graph,2,0.1,1954,1402362673.0,1349861630.8057563,0.03743756390914982,125,388,513,PO
query_cycle_8_20.graph,3,0.1,1954,1402362673.0,1330476894.4589033,0.05126047628415213,129,391,520,PO
query_cycle_8_20.graph,4,0.1,1954,1402362673.0,1345330143.4712026,0.04066888731913459,123,403,526,PO
query_cycle_8_20.graph,5,0.1,1954,1402362673.0,1331374544.470519,0.050620377949464244,131,400,531,PO
query_cycle_8_20.graph,1,0.1,1954,1402362673.0,867914426.272154,0.38110558489447616,159,108,267,WO
query_cycle_8_20.graph,2,0.1,1954,1402362673.0,1332269447.7098591,0.0499822382894677,160,125,285,WO
query_cycle_8_20.graph,3,0.1,1954,1402362673.0,1314589343.6873102,0.06258960752636189,161,127,288,WO
query_cycle_8_20.graph,4,0.1,1954,1402362673.0,1223762711.1839285,0.12735647151389312,154,108,262,WO
query_cycle_8_20.graph,5,0.1,1954,1402362673.0,1335982033.2288175,0.047334859269448436,174,117,291,WO
query_cycle_8_20.graph,1,0.1,1954,1402362673.0,1375921928.0835748,0.01885442719311827,87,314,401,MAB
query_cycle_8_20.graph,2,0.1,1954,1402362673.0,1260635787.2572298,0.10106293362727731,135,278,413,MAB
query_cycle_8_20.graph,3,0.1,1954,1402362673.0,1312632157.4406357,0.06398524239625446,138,290,428,MAB
query_cycle_8_20.graph,4,0.1,1954,1402362673.0,1454477379.7096074,0.03716207491327556,85,307,392,MAB
query_cycle_8_20.graph,5,0.1,1954,1402362673.0,1373403090.2197132,0.02065056588987433,141,296,437,MAB
query_cycle_8_44.graph,1,0.1,303,15142.0,1298.7926613861387,0.9142258181623208,66,7,73,UN
query_cycle_8_44.graph,2,0.1,303,15142.0,11404.53444950495,0.2468277341497193,70,7,77,UN
query_cycle_8_44.graph,3,0.1,303,15142.0,36968.4292009901,1.4414495575875113,68,5,73,UN
query_cycle_8_44.graph,4,0.1,303,15142.0,0.0,1.0,63,4,67,UN
query_cycle_8_44.graph,5,0.1,303,15142.0,39762.563934653466,1.6259783340809315,72,8,80,UN
query_cycle_8_44.graph,1,0.1,303,15142.0,14001.4659,0.07532255316338665,35,30,65,PO
query_cycle_8_44.graph,2,0.1,303,15142.0,14001.4659,0.07532255316338665,39,33,72,PO
query_cycle_8_44.graph,3,0.1,303,15142.0,14001.4659,0.07532255316338665,37,31,68,PO
query_cycle_8_44.graph,4,0.1,303,15142.0,14001.4659,0.07532255316338665,42,31,73,PO
query_cycle_8_44.graph,5,0.1,303,15142.0,14001.4659,0.07532255316338665,35,31,66,PO
query_cycle_8_44.graph,1,0.1,303,15142.0,31911.976601788763,1.1075139744940405,43,5,48,WO
query_cycle_8_44.graph,2,0.1,303,15142.0,19988.457602122515,0.32006720394416294,43,9,52,WO
query_cycle_8_44.graph,3,0.1,303,15142.0,37652.32361561615,1.4866149528210375,46,7,53,WO
query_cycle_8_44.graph,4,0.1,303,15142.0,16355.40732822038,0.0801352085735293,46,6,52,WO
query_cycle_8_44.graph,5,0.1,303,15142.0,33371.292589997414,1.2038893534537984,43,3,46,WO
query_cycle_8_44.graph,1,0.1,303,15142.0,15801.102677576344,0.043528112374609955,50,20,70,MAB
query_cycle_8_44.graph,2,0.1,303,15142.0,0.0,1.0,65,1,66,MAB
query_cycle_8_44.graph,3,0.1,303,15142.0,12982.914959767299,0.1425891586469886,54,17,71,MAB
query_cycle_8_44.graph,4,0.1,303,15142.0,15848.489342345507,0.04665759756607495,56,23,79,MAB
query_cycle_8_44.graph,5,0.1,303,15142.0,15435.647124515677,0.01939288895229674,56,19,75,MAB
query_cycle_8_47.graph,1,0.1,215,0.0,0.0,0.0,28,1,29,UN
query_cycle_8_47.graph,2,0.1,215,0.0,0.0,0.0,32,1,33,UN
query_cycle_8_47.graph,3,0.1,215,0.0,0.0,0.0,26,1,27,UN
query_cycle_8_47.graph,4,0.1,215,0.0,0.0,0.0,33,2,35,UN
query_cycle_8_47.graph,5,0.1,215,0.0,0.0,0.0,32,0,32,UN
query_cycle_8_47.graph,1,0.1,215,0.0,0.0,0.0,22,1,23,PO
query_cycle_8_47.graph,2,0.1,215,0.0,0.0,0.0,18,1,19,PO
query_cycle_8_47.graph,3,0.1,215,0.0,0.0,0.0,17,2,19,PO
query_cycle_8_47.graph,4,0.1,215,0.0,0.0,0.0,19,2,21,PO
query_cycle_8_47.graph,5,0.1,215,0.0,0.0,0.0,23,2,25,PO
query_cycle_8_47.graph,1,0.1,215,0.0,0.0,0.0,31,1,32,WO
query_cycle_8_47.graph,2,0.1,215,0.0,0.0,0.0,27,2,29,WO
query_cycle_8_47.graph,3,0.1,215,0.0,0.0,0.0,27,2,29,WO
query_cycle_8_47.graph,4,0.1,215,0.0,0.0,0.0,31,1,32,WO
query_cycle_8_47.graph,5,0.1,215,0.0,0.0,0.0,29,1,30,WO
query_cycle_8_47.graph,1,0.1,215,0.0,0.0,0.0,25,0,25,MAB
query_cycle_8_47.graph,2,0.1,215,0.0,0.0,0.0,24,0,24,MAB
query_cycle_8_47.graph,3,0.1,215,0.0,0.0,0.0,27,0,27,MAB
query_cycle_8_47.graph,4,0.1,215,0.0,0.0,0.0,32,1,33,MAB
query_cycle_8_47.graph,5,0.1,215,0.0,0.0,0.0,30,0,30,MAB
query_cycle_8_42.graph,1,0.1,321,5378.0,0.0,1.0,229,0,229,UN
query_cycle_8_42.graph,2,0.1,321,5378.0,0.0,1.0,237,5,242,UN
query_cycle_8_42.graph,3,0.1,321,5378.0,0.0,1.0,221,2,223,UN
query_cycle_8_42.graph,4,0.1,321,5378.0,8827.37684517134,0.6413865461456565,216,5,221,UN
query_cycle_8_42.graph,5,0.1,321,5378.0,0.0,1.0,217,3,220,UN
query_cycle_8_42.graph,1,0.1,321,5378.0,4267.7365,0.2064454258088509,232,15,247,PO
query_cycle_8_42.graph,2,0.1,321,5378.0,4267.7365,0.2064454258088509,224,14,238,PO
query_cycle_8_42.graph,3,0.1,321,5378.0,4267.736500000001,0.2064454258088507,234,15,249,PO
query_cycle_8_42.graph,4,0.1,321,5378.0,4267.7365,0.2064454258088509,227,15,242,PO
query_cycle_8_42.graph,5,0.1,321,5378.0,4267.7365,0.2064454258088509,230,15,245,PO
query_cycle_8_42.graph,1,0.1,321,5378.0,26283.36726335899,3.887201053060429,224,9,233,WO
query_cycle_8_42.graph,2,0.1,321,5378.0,0.0,1.0,205,6,211,WO
query_cycle_8_42.graph,3,0.1,321,5378.0,0.0,1.0,224,5,229,WO
query_cycle_8_42.graph,4,0.1,321,5378.0,0.0,1.0,214,8,222,WO
query_cycle_8_42.graph,5,0.1,321,5378.0,14841.516654457893,1.7596721187166033,208,11,219,WO
query_cycle_8_42.graph,1,0.1,321,5378.0,4801.190888877564,0.10725346060290736,243,14,257,MAB
query_cycle_8_42.graph,2,0.1,321,5378.0,4446.421064219371,0.17322033019349736,257,14,271,MAB
query_cycle_8_42.graph,3,0.1,321,5378.0,4344.927803436115,0.1920922641435264,253,14,267,MAB
query_cycle_8_42.graph,4,0.1,321,5378.0,4105.071731102463,0.23669175695380015,244,14,258,MAB
query_cycle_8_42.graph,5,0.1,321,5378.0,1527.1405874710945,0.7160393106227047,232,8,240,MAB
query_cycle_8_39.graph,1,0.1,795,45007344.0,64508452.34565824,0.4332872507575262,331,86,417,UN
query_cycle_8_39.graph,2,0.1,795,45007344.0,47135743.67600869,0.0472900528413471,313,87,400,UN
query_cycle_8_39.graph,3,0.1,795,45007344.0,55755150.248976596,0.23880116651577118,327,92,419,UN
query_cycle_8_39.graph,4,0.1,795,45007344.0,41709491.083733074,0.07327366209983255,319,79,398,UN
query_cycle_8_39.graph,5,0.1,795,45007344.0,29039697.86603207,0.3547786808741242,318,73,391,UN
query_cycle_8_39.graph,1,0.1,795,45007344.0,45681140.26162654,0.014970807022661493,87,320,407,PO
query_cycle_8_39.graph,2,0.1,795,45007344.0,46061042.128095716,0.023411693169357345,83,308,391,PO
query_cycle_8_39.graph,3,0.1,795,45007344.0,48579552.6638196,0.07936946165540458,90,316,406,PO
query_cycle_8_39.graph,4,0.1,795,45007344.0,47290066.492224544,0.05071888917116603,85,313,398,PO
query_cycle_8_39.graph,5,0.1,795,45007344.0,47280621.41093799,0.050509032724481304,90,319,409,PO
query_cycle_8_39.graph,1,0.1,795,45007344.0,46795030.95500493,0.0397198944911064,140,121,261,WO
query_cycle_8_39.graph,2,0.1,795,45007344.0,49389153.18976499,0.09735764878205191,158,120,278,WO
query_cycle_8_39.graph,3,0.1,795,45007344.0,50259594.795261525,0.11669763928441378,143,112,255,WO
query_cycle_8_39.graph,4,0.1,795,45007344.0,49683536.80742977,0.10389843949533588,138,113,251,WO
query_cycle_8_39.graph,5,0.1,795,45007344.0,50808401.44866673,0.12889135267939225,135,117,252,WO
query_cycle_8_39.graph,1,0.1,795,45007344.0,46054928.67136782,0.02327586074325596,78,303,381,MAB
query_cycle_8_39.graph,2,0.1,795,45007344.0,45963118.697874285,0.021235972019906024,82,316,398,MAB
query_cycle_8_39.graph,3,0.1,795,45007344.0,46198775.32461579,0.026471931438917868,86,310,396,MAB
query_cycle_8_39.graph,4,0.1,795,45007344.0,47726184.09066737,0.060408809963710966,75,319,394,MAB
query_cycle_8_39.graph,5,0.1,795,45007344.0,47711606.419492476,0.06008491457510747,79,315,394,MAB
query_cycle_8_49.graph,1,0.1,265,0.0,0.0,0.0,30,0,30,UN
query_cycle_8_49.graph,2,0.1,265,0.0,0.0,0.0,28,0,28,UN
query_cycle_8_49.graph,3,0.1,265,0.0,0.0,0.0,29,0,29,UN
query_cycle_8_49.graph,4,0.1,265,0.0,0.0,0.0,27,0,27,UN
query_cycle_8_49.graph,5,0.1,265,0.0,0.0,0.0,28,2,30,UN
query_cycle_8_49.graph,1,0.1,265,0.0,0.0,0.0,20,2,22,PO
query_cycle_8_49.graph,2,0.1,265,0.0,0.0,0.0,21,2,23,PO
query_cycle_8_49.graph,3,0.1,265,0.0,0.0,0.0,20,2,22,PO
query_cycle_8_49.graph,4,0.1,265,0.0,0.0,0.0,21,2,23,PO
query_cycle_8_49.graph,5,0.1,265,0.0,0.0,0.0,21,2,23,PO
query_cycle_8_49.graph,1,0.1,265,0.0,0.0,0.0,16,2,18,WO
query_cycle_8_49.graph,2,0.1,265,0.0,0.0,0.0,20,0,20,WO
query_cycle_8_49.graph,3,0.1,265,0.0,0.0,0.0,21,0,21,WO
query_cycle_8_49.graph,4,0.1,265,0.0,0.0,0.0,17,0,17,WO
query_cycle_8_49.graph,5,0.1,265,0.0,0.0,0.0,24,0,24,WO
query_cycle_8_49.graph,1,0.1,265,0.0,0.0,0.0,33,2,35,MAB
query_cycle_8_49.graph,2,0.1,265,0.0,0.0,0.0,28,2,30,MAB
query_cycle_8_49.graph,3,0.1,265,0.0,0.0,0.0,31,0,31,MAB
query_cycle_8_49.graph,4,0.1,265,0.0,0.0,0.0,27,0,27,MAB
query_cycle_8_49.graph,5,0.1,265,0.0,0.0,0.0,31,0,31,MAB
query_cycle_6_7.graph,1,0.1,2696,59247215.0,58208291.43069268,0.017535399247159883,926,201,1127,UN
query_cycle_6_7.graph,2,0.1,2696,59247215.0,35138601.2067996,0.40691556207663776,919,185,1104,UN
query_cycle_6_7.graph,3,0.1,2696,59247215.0,51565687.96380467,0.12965212012404853,951,212,1163,UN
query_cycle_6_7.graph,4,0.1,2696,59247215.0,27164998.462751813,0.5414974617329809,973,202,1175,UN
query_cycle_6_7.graph,5,0.1,2696,59247215.0,68123726.55383079,0.14982158323949551,952,200,1152,UN
query_cycle_6_7.graph,1,0.1,2696,59247215.0,59265637.34642362,0.000310940293541536,281,827,1108,PO
query_cycle_6_7.graph,2,0.1,2696,59247215.0,60600363.343040325,0.022839020248299008,282,830,1112,PO
query_cycle_6_7.graph,3,0.1,2696,59247215.0,57522234.71741615,0.029114959793196147,292,814,1106,PO
query_cycle_6_7.graph,4,0.1,2696,59247215.0,63181953.329421885,0.06641220738260668,289,814,1103,PO
query_cycle_6_7.graph,5,0.1,2696,59247215.0,59774012.36633853,0.008891512729138892,287,814,1101,PO
query_cycle_6_7.graph,1,0.1,2696,59247215.0,56520349.7884235,0.04602520492442554,548,248,796,WO
query_cycle_6_7.graph,2,0.1,2696,59247215.0,62739714.95693384,0.05894791775332969,552,261,813,WO
query_cycle_6_7.graph,3,0.1,2696,59247215.0,59516518.04823227,0.004545412779862687,551,247,798,WO
query_cycle_6_7.graph,4,0.1,2696,59247215.0,59372300.29197919,0.0021112434057734813,535,247,782,WO
query_cycle_6_7.graph,5,0.1,2696,59247215.0,57492429.65763425,0.029618022422923156,566,242,808,WO
query_cycle_6_7.graph,1,0.1,2696,59247215.0,55836619.876469865,0.0575654927160734,366,706,1072,MAB
query_cycle_6_7.graph,2,0.1,2696,59247215.0,58464100.05204575,0.013217751213356652,287,780,1067,MAB
query_cycle_6_7.graph,3,0.1,2696,59247215.0,58757599.999852724,0.008263932745991109,287,760,1047,MAB
query_cycle_6_7.graph,4,0.1,2696,59247215.0,58511842.62423331,0.012411931527358495,271,761,1032,MAB
query_cycle_6_7.graph,5,0.1,2696,59247215.0,61091410.38908083,0.03112712368135498,364,739,1103,MAB
query_cycle_6_36.graph,1,0.1,3427,23209058.0,15547576.609896762,0.33010738264789713,1254,76,1330,UN
query_cycle_6_36.graph,2,0.1,3427,23209058.0,16324887.102135655,0.29661569624516193,1265,93,1358,UN
query_cycle_6_36.graph,3,0.1,3427,23209058.0,13122367.863229176,0.43460144469331,1266,74,1340,UN
query_cycle_6_36.graph,4,0.1,3427,23209058.0,10219839.222974438,0.5596616104378541,1281,74,1355,UN
query_cycle_6_36.graph,5,0.1,3427,23209058.0,11444402.218480973,0.506899322735073,1262,75,1337,UN
query_cycle_6_36.graph,1,0.1,3427,23209058.0,18508851.14150001,0.20251605465848674,529,215,744,PO
query_cycle_6_36.graph,2,0.1,3427,23209058.0,18508851.1415,0.2025160546584872,522,210,732,PO
query_cycle_6_36.graph,3,0.1,3427,23209058.0,18508851.141499996,0.20251605465848738,508,208,716,PO
query_cycle_6_36.graph,4,0.1,3427,23209058.0,18508851.14150001,0.20251605465848674,520,209,729,PO
query_cycle_6_36.graph,5,0.1,3427,23209058.0,18508851.141500015,0.20251605465848657,518,210,728,PO
query_cycle_6_36.graph,1,0.1,3427,23209058.0,18714952.5558575,0.19363584011649684,1131,80,1211,WO
query_cycle_6_36.graph,2,0.1,3427,23209058.0,21388889.535970192,0.07842491772090912,1091,85,1176,WO
query_cycle_6_36.graph,3,0.1,3427,23209058.0,19832760.801937446,0.14547325436743508,1110,88,1198,WO
query_cycle_6_36.graph,4,0.1,3427,23209058.0,17687869.309631296,0.2378893917352744,1089,81,1170,WO
query_cycle_6_36.graph,5,0.1,3427,23209058.0,23040248.270518135,0.007273441665829984,1099,83,1182,WO
query_cycle_6_36.graph,1,0.1,3427,23209058.0,19174532.464194875,0.17383409252564774,602,209,811,MAB
query_cycle_6_36.graph,2,0.1,3427,23209058.0,19023805.859780442,0.18032839334623396,558,202,760,MAB
query_cycle_6_36.graph,3,0.1,3427,23209058.0,19175776.84070447,0.17378047654047524,567,210,777,MAB
query_cycle_6_36.graph,4,0.1,3427,23209058.0,18311611.396740768,0.21101444975747108,554,209,763,MAB
query_cycle_6_36.graph,5,0.1,3427,23209058.0,18275916.33952644,0.21255242933485535,551,205,756,MAB
query_cycle_8_35.graph,1,0.1,1817,865230.0,805097.158567859,0.06949925618869089,126,113,239,UN
query_cycle_8_35.graph,2,0.1,1817,865230.0,754552.0885576776,0.12791733000742278,119,123,242,UN
query_cycle_8_35.graph,3,0.1,1817,865230.0,865560.5051266922,0.00038198528332609625,124,113,237,UN
query_cycle_8_35.graph,4,0.1,1817,865230.0,818830.1581741881,0.053627176387563875,116,125,241,UN
query_cycle_8_35.graph,5,0.1,1817,865230.0,741200.5558550357,0.14334852483728527,116,109,225,UN
query_cycle_8_35.graph,1,0.1,1817,865230.0,1053430.297500002,0.2175147619708077,39,450,489,PO
query_cycle_8_35.graph,2,0.1,1817,865230.0,1053430.2975000036,0.2175147619708096,38,456,494,PO
query_cycle_8_35.graph,3,0.1,1817,865230.0,1053430.2975000038,0.21751476197080988,41,453,494,PO
query_cycle_8_35.graph,4,0.1,1817,865230.0,1053430.2975000045,0.21751476197081068,37,458,495,PO
query_cycle_8_35.graph,5,0.1,1817,865230.0,1053430.297500002,0.2175147619708077,43,452,495,PO
query_cycle_8_35.graph,1,0.1,1817,865230.0,939001.3598247094,0.0852621381883538,109,110,219,WO
query_cycle_8_35.graph,2,0.1,1817,865230.0,730306.140971066,0.15593987613574892,113,113,226,WO
query_cycle_8_35.graph,3,0.1,1817,865230.0,1469990.9630856556,0.6989597714892637,117,113,230,WO
query_cycle_8_35.graph,4,0.1,1817,865230.0,805444.8981600557,0.06909735196415318,106,114,220,WO
query_cycle_8_35.graph,5,0.1,1817,865230.0,1070658.802037504,0.23742681372294538,109,99,208,WO
query_cycle_8_35.graph,1,0.1,1817,865230.0,1035561.5050647348,0.1968626897642648,58,454,512,MAB
query_cycle_8_35.graph,2,0.1,1817,865230.0,1108756.2281889706,0.28145837313658867,50,450,500,MAB
query_cycle_8_35.graph,3,0.1,1817,865230.0,1037385.1599672817,0.1989704008960412,54,460,514,MAB
query_cycle_8_35.graph,4,0.1,1817,865230.0,1065820.3724979754,0.2318347404712913,54,457,511,MAB
query_cycle_8_35.graph,5,0.1,1817,865230.0,1068216.1509685903,0.23460369031192896,68,437,505,MAB
query_cycle_8_41.graph,1,0.1,578,14040.0,0.0,1.0,13,2,15,UN
query_cycle_8_41.graph,2,0.1,578,14040.0,0.0,1.0,14,2,16,UN
query_cycle_8_41.graph,3,0.1,578,14040.0,0.0,1.0,12,2,14,UN
query_cycle_8_41.graph,4,0.1,578,14040.0,0.0,1.0,13,1,14,UN
query_cycle_8_41.graph,5,0.1,578,14040.0,60631.759446020755,3.3185013850442133,15,4,19,UN
query_cycle_8_41.graph,1,0.1,578,14040.0,24240.1224,0.7265044444444445,20,9,29,PO
query_cycle_8_41.graph,2,0.1,578,14040.0,24240.1224,0.7265044444444445,18,9,27,PO
query_cycle_8_41.graph,3,0.1,578,14040.0,24240.1224,0.7265044444444445,20,9,29,PO
query_cycle_8_41.graph,4,0.1,578,14040.0,24240.1224,0.7265044444444445,19,9,28,PO
query_cycle_8_41.graph,5,0.1,578,14040.0,24240.1224,0.7265044444444445,20,9,29,PO
query_cycle_8_41.graph,1,0.1,578,14040.0,0.0,1.0,10,2,12,WO
query_cycle_8_41.graph,2,0.1,578,14040.0,0.0,1.0,10,2,12,WO
query_cycle_8_41.graph,3,0.1,578,14040.0,270313.5968154854,18.253105186288135,9,4,13,WO
query_cycle_8_41.graph,4,0.1,578,14040.0,0.0,1.0,11,1,12,WO
query_cycle_8_41.graph,5,0.1,578,14040.0,0.0,1.0,9,2,11,WO
query_cycle_8_41.graph,1,0.1,578,14040.0,25682.25606516166,0.8292205174616566,13,9,22,MAB
query_cycle_8_41.graph,2,0.1,578,14040.0,19456.424945348383,0.3857852525176911,16,9,25,MAB
query_cycle_8_41.graph,3,0.1,578,14040.0,23315.741750820416,0.6606653668675511,16,9,25,MAB
query_cycle_8_41.graph,4,0.1,578,14040.0,25735.51674808424,0.8330140133963133,15,9,24,MAB
query_cycle_8_41.graph,5,0.1,578,14040.0,22227.688613100672,0.5831687046368,14,9,23,MAB
query_cycle_8_8.graph,1,0.1,790,658272339.0,329802633.99812347,0.4989875550609708,457,10,467,UN
query_cycle_8_8.graph,2,0.1,790,658272339.0,156828299.07129914,0.7617577258228085,433,5,438,UN
query_cycle_8_8.graph,3,0.1,790,658272339.0,545987466.516775,0.17057510369310078,440,9,449,UN
query_cycle_8_8.graph,4,0.1,790,658272339.0,393857399.1891687,0.4016801620625765,462,11,473,UN
query_cycle_8_8.graph,5,0.1,790,658272339.0,1441232216.7910104,1.1894163424524669,427,10,437,UN
query_cycle_8_8.graph,1,0.1,790,658272339.0,879583227.3880997,0.33619958682192125,233,56,289,PO
query_cycle_8_8.graph,2,0.1,790,658272339.0,879583227.3880998,0.3361995868219214,238,56,294,PO
query_cycle_8_8.graph,3,0.1,790,658272339.0,879583227.3880997,0.33619958682192125,234,56,290,PO
query_cycle_8_8.graph,4,0.1,790,658272339.0,879583227.3880999,0.3361995868219216,239,57,296,PO
query_cycle_8_8.graph,5,0.1,790,658272339.0,879583227.3881,0.3361995868219218,237,56,293,PO
query_cycle_8_8.graph,1,0.1,790,658272339.0,855937479.78752,0.3002786674703645,351,9,360,WO
query_cycle_8_8.graph,2,0.1,790,658272339.0,798943945.8511935,0.2136981892097908,359,12,371,WO
query_cycle_8_8.graph,3,0.1,790,658272339.0,850220161.7667181,0.29159332907457647,348,10,358,WO
query_cycle_8_8.graph,4,0.1,790,658272339.0,170304186.01588652,0.7412861274490123,340,6,346,WO
query_cycle_8_8.graph,5,0.1,790,658272339.0,944078170.9206371,0.43417566710278727,349,8,357,WO
query_cycle_8_8.graph,1,0.1,790,658272339.0,920666730.0127138,0.39861068962934776,252,53,305,MAB
query_cycle_8_8.graph,2,0.1,790,658272339.0,893563115.1343354,0.3574368269700839,284,50,334,MAB
query_cycle_8_8.graph,3,0.1,790,658272339.0,951147401.8727922,0.4449147344056823,288,52,340,MAB
query_cycle_8_8.graph,4,0.1,790,658272339.0,822896329.7158198,0.25008492832298673,249,54,303,MAB
query_cycle_8_8.graph,5,0.1,790,658272339.0,889066691.6322924,0.35060618373073155,269,52,321,MAB
query_cycle_8_5.graph,1,0.1,1023,828445568.0,879989511.1318254,0.06221765813324436,505,4,509,UN
query_cycle_8_5.graph,2,0.1,1023,828445568.0,1993495978.2367887,1.4063089419977304,493,6,499,UN
query_cycle_8_5.graph,3,0.1,1023,828445568.0,406887625.74146724,0.5088541221558358,500,6,506,UN
query_cycle_8_5.graph,4,0.1,1023,828445568.0,884590501.982887,0.06777142174642792,527,9,536,UN
query_cycle_8_5.graph,5,0.1,1023,828445568.0,1646221190.484122,0.9871205231483863,511,6,517,UN
query_cycle_8_5.graph,1,0.1,1023,828445568.0,573070048.2441,0.30825865889103293,352,53,405,PO
query_cycle_8_5.graph,2,0.1,1023,828445568.0,573070048.2440999,0.3082586588910331,357,53,410,PO
query_cycle_8_5.graph,3,0.1,1023,828445568.0,573070048.2441001,0.30825865889103277,352,53,405,PO
query_cycle_8_5.graph,4,0.1,1023,828445568.0,573070048.2441,0.30825865889103293,347,53,400,PO
query_cycle_8_5.graph,5,0.1,1023,828445568.0,573070048.2440997,0.3082586588910332,343,53,396,PO
query_cycle_8_5.graph,1,0.1,1023,828445568.0,829988690.0559391,0.0018626716293074289,386,9,395,WO
query_cycle_8_5.graph,2,0.1,1023,828445568.0,231156527.6490013,0.720975599873085,385,5,390,WO
query_cycle_8_5.graph,3,0.1,1023,828445568.0,158119536.38153234,0.8091370845724263,369,6,375,WO
query_cycle_8_5.graph,4,0.1,1023,828445568.0,242990093.22209156,0.7066915406298708,388,4,392,WO
query_cycle_8_5.graph,5,0.1,1023,828445568.0,1066656697.1076579,0.2875398678065689,379,10,389,WO
query_cycle_8_5.graph,1,0.1,1023,828445568.0,567061080.3389939,0.31551196331707104,324,51,375,MAB
query_cycle_8_5.graph,2,0.1,1023,828445568.0,555733353.8778167,0.32918543433161723,383,45,428,MAB
query_cycle_8_5.graph,3,0.1,1023,828445568.0,543675096.3630778,0.3437407147030838,322,52,374,MAB
query_cycle_8_5.graph,4,0.1,1023,828445568.0,638725089.0158947,0.22900777831683125,376,48,424,MAB
query_cycle_8_5.graph,5,0.1,1023,828445568.0,581516532.1063023,0.29806307792776765,383,49,432,MAB
query_cycle_6_44.graph,1,0.1,4397,2223692771.0,1810518682.615478,0.18580538362712606,385,305,690,UN
query_cycle_6_44.graph,2,0.1,4397,2223692771.0,2095540736.2560592,0.057630278973435055,370,300,670,UN
query_cycle_6_44.graph,3,0.1,4397,2223692771.0,2559343454.6801305,0.15094292163804066,383,275,658,UN
query_cycle_6_44.graph,4,0.1,4397,2223692771.0,2007721265.0610635,0.09712290688511506,377,317,694,UN
query_cycle_6_44.graph,5,0.1,4397,2223692771.0,3118689045.1794195,0.4024819821566167,384,317,701,UN
query_cycle_6_44.graph,1,0.1,4397,2223692771.0,2151168015.8807983,0.03261455721987489,200,837,1037,PO
query_cycle_6_44.graph,2,0.1,4397,2223692771.0,2467472637.318715,0.10962839358833132,198,848,1046,PO
query_cycle_6_44.graph,3,0.1,4397,2223692771.0,2120174137.2362099,0.04655257916642754,199,830,1029,PO
query_cycle_6_44.graph,4,0.1,4397,2223692771.0,2151533143.205777,0.0324503585815825,205,830,1035,PO
query_cycle_6_44.graph,5,0.1,4397,2223692771.0,2233491257.9959855,0.004406403224299328,211,821,1032,PO
query_cycle_6_44.graph,1,0.1,4397,2223692771.0,2570118252.7229996,0.15578837429381542,223,261,484,WO
query_cycle_6_44.graph,2,0.1,4397,2223692771.0,2053771826.1273222,0.0764138585548686,216,261,477,WO
query_cycle_6_44.graph,3,0.1,4397,2223692771.0,2656933876.533389,0.19482956961656153,216,284,500,WO
query_cycle_6_44.graph,4,0.1,4397,2223692771.0,1872066610.055165,0.15812713227767872,214,268,482,WO
query_cycle_6_44.graph,5,0.1,4397,2223692771.0,2338557823.317614,0.051655090944042144,225,279,504,WO
query_cycle_6_44.graph,1,0.1,4397,2223692771.0,2174920005.2394476,0.021933230343964816,132,730,862,MAB
query_cycle_6_44.graph,2,0.1,4397,2223692771.0,2296918857.426221,0.032929947599411834,150,712,862,MAB
query_cycle_6_44.graph,3,0.1,4397,2223692771.0,2197277960.1025925,0.011878804141423156,137,748,885,MAB
query_cycle_6_44.graph,4,0.1,4397,2223692771.0,2173827654.879702,0.022424462934181977,135,739,874,MAB
query_cycle_6_44.graph,5,0.1,4397,2223692771.0,2346330002.204128,0.05515025852648589,150,747,897,MAB
query_cycle_8_31.graph,1,0.1,3426,2762510.0,5627826.531000002,1.0372148991315877,188,74,262,UN
query_cycle_8_31.graph,2,0.1,3426,2762510.0,1406721.9800000002,0.490781217081567,189,79,268,UN
query_cycle_8_31.graph,3,0.1,3426,2762510.0,1184887.931,0.5710828445869879,193,82,275,UN
query_cycle_8_31.graph,4,0.1,3426,2762510.0,1022658.0959999999,0.6298083641326185,179,72,251,UN
query_cycle_8_31.graph,5,0.1,3426,2762510.0,4699971.9920000015,0.7013411687197518,191,76,267,UN
query_cycle_8_31.graph,1,0.1,3426,2762510.0,2740071.39676619,0.00812254190348996,143,313,456,PO
query_cycle_8_31.graph,2,0.1,3426,2762510.0,2719825.7219569595,0.015451266436335268,141,304,445,PO
query_cycle_8_31.graph,3,0.1,3426,2762510.0,2719815.8315542378,0.015454846659654534,134,304,438,PO
query_cycle_8_31.graph,4,0.1,3426,2762510.0,2740081.287168912,0.008118961680170525,137,308,445,PO
query_cycle_8_31.graph,5,0.1,3426,2762510.0,2750365.1987500214,0.0043962922306086125,137,307,444,PO
query_cycle_8_31.graph,1,0.1,3426,2762510.0,3074324.0561678093,0.11287345789438202,193,120,313,WO
query_cycle_8_31.graph,2,0.1,3426,2762510.0,2935570.6406924594,0.0626461589975998,184,125,309,WO
query_cycle_8_31.graph,3,0.1,3426,2762510.0,2535604.4010397955,0.08213747604902952,186,123,309,WO
query_cycle_8_31.graph,4,0.1,3426,2762510.0,2870372.5186489583,0.03904511427975222,188,122,310,WO
query_cycle_8_31.graph,5,0.1,3426,2762510.0,2510082.5842770366,0.09137610930746437,190,121,311,WO
query_cycle_8_31.graph,1,0.1,3426,2762510.0,2782613.032316786,0.007277089428377009,120,299,419,MAB
query_cycle_8_31.graph,2,0.1,3426,2762510.0,2709444.029073941,0.019209331704159966,151,297,448,MAB
query_cycle_8_31.graph,3,0.1,3426,2762510.0,2653635.3209353043,0.03941150586412202,164,298,462,MAB
query_cycle_8_31.graph,4,0.1,3426,2762510.0,2728530.2627253965,0.01230031285845244,163,299,462,MAB
query_cycle_8_31.graph,5,0.1,3426,2762510.0,2805959.7681324845,0.01572836591812682,155,294,449,MAB
query_cycle_8_33.graph,1,0.1,2468,33558102.0,38169743.897660255,0.1374226080384479,726,34,760,UN
query_cycle_8_33.graph,2,0.1,2468,33558102.0,29433491.045757134,0.12290954220959417,713,58,771,UN
query_cycle_8_33.graph,3,0.1,2468,33558102.0,8360417.566790518,0.750867389139275,735,40,775,UN
query_cycle_8_33.graph,4,0.1,2468,33558102.0,61111036.50524781,0.8210516347214097,744,55,799,UN
query_cycle_8_33.graph,5,0.1,2468,33558102.0,1562510.5439375204,0.9534386496608921,723,39,762,UN
query_cycle_8_33.graph,1,0.1,2468,33558102.0,27646951.515300002,0.1761467464608099,548,246,794,PO
query_cycle_8_33.graph,2,0.1,2468,33558102.0,27646951.515300002,0.1761467464608099,533,247,780,PO
query_cycle_8_33.graph,3,0.1,2468,33558102.0,27646951.515299994,0.17614674646081013,544,249,793,PO
query_cycle_8_33.graph,4,0.1,2468,33558102.0,27646951.5153,0.17614674646081002,545,251,796,PO
query_cycle_8_33.graph,5,0.1,2468,33558102.0,27646951.5153,0.17614674646081002,525,252,777,PO
query_cycle_8_33.graph,1,0.1,2468,33558102.0,28594498.037007608,0.14791074784242542,511,47,558,WO
query_cycle_8_33.graph,2,0.1,2468,33558102.0,38852171.602324806,0.15775831429098125,516,44,560,WO
query_cycle_8_33.graph,3,0.1,2468,33558102.0,42877954.73023885,0.2777228798648639,547,47,594,WO
query_cycle_8_33.graph,4,0.1,2468,33558102.0,23546645.42392624,0.2983320265274168,509,27,536,WO
query_cycle_8_33.graph,5,0.1,2468,33558102.0,39914704.730206385,0.18942080604577652,523,73,596,WO
query_cycle_8_33.graph,1,0.1,2468,33558102.0,28943840.323115572,0.13750067500493407,493,244,737,MAB
query_cycle_8_33.graph,2,0.1,2468,33558102.0,26833319.278303236,0.20039222485517103,490,236,726,MAB
query_cycle_8_33.graph,3,0.1,2468,33558102.0,25934832.135749184,0.22716629993707083,498,249,747,MAB
query_cycle_8_33.graph,4,0.1,2468,33558102.0,27296973.79754314,0.18657575456612122,486,247,733,MAB
query_cycle_8_33.graph,5,0.1,2468,33558102.0,27736673.695267085,0.17347310955586567,479,250,729,MAB
query_cycle_8_29.graph,1,0.1,3249,73161988.0,109516829.83468257,0.49690888436058583,120,115,235,UN
query_cycle_8_29.graph,2,0.1,3249,73161988.0,85872799.02244905,0.1737351781973044,122,128,250,UN
query_cycle_8_29.graph,3,0.1,3249,73161988.0,72527701.87837286,0.008669612991204355,110,105,215,UN
query_cycle_8_29.graph,4,0.1,3249,73161988.0,22048421.37056122,0.69863556235567,113,118,231,UN
query_cycle_8_29.graph,5,0.1,3249,73161988.0,77894751.8160881,0.06468883562989151,121,124,245,UN
query_cycle_8_29.graph,1,0.1,3249,73161988.0,67395322.1372,0.07882051896676184,107,360,467,PO
query_cycle_8_29.graph,2,0.1,3249,73161988.0,67395322.13720007,0.07882051896676082,107,365,472,PO
query_cycle_8_29.graph,3,0.1,3249,73161988.0,67395322.13720003,0.07882051896676143,105,362,467,PO
query_cycle_8_29.graph,4,0.1,3249,73161988.0,67395322.13720004,0.07882051896676123,110,361,471,PO
query_cycle_8_29.graph,5,0.1,3249,73161988.0,67395322.13720001,0.07882051896676164,111,360,471,PO
query_cycle_8_29.graph,1,0.1,3249,73161988.0,44522440.03659527,0.391453933201005,77,97,174,WO
query_cycle_8_29.graph,2,0.1,3249,73161988.0,63183280.30082142,0.13639197036552064,80,125,205,WO
query_cycle_8_29.graph,3,0.1,3249,73161988.0,59213853.73435868,0.19064728347241353,82,99,181,WO
query_cycle_8_29.graph,4,0.1,3249,73161988.0,68932890.64798999,0.05780457130292867,78,99,177,WO
query_cycle_8_29.graph,5,0.1,3249,73161988.0,71219861.0291273,0.02654557406057228,77,103,180,WO
query_cycle_8_29.graph,1,0.1,3249,73161988.0,68772818.56420797,0.059992484564416554,100,350,450,MAB
query_cycle_8_29.graph,2,0.1,3249,73161988.0,68542327.94717081,0.0631428994634371,90,343,433,MAB
query_cycle_8_29.graph,3,0.1,3249,73161988.0,68447323.66734661,0.0644414464606045,93,338,431,MAB
query_cycle_8_29.graph,4,0.1,3249,73161988.0,67775386.30347636,0.07362568792586167,88,345,433,MAB
query_cycle_8_29.graph,5,0.1,3249,73161988.0,67003056.93356426,0.08418211744650432,94,338,432,MAB
query_cycle_8_48.graph,1,0.1,4365,1952777184.0,1596032608.6822267,0.18268575556942462,102,95,197,UN
query_cycle_8_48.graph,2,0.1,4365,1952777184.0,2254712732.900289,0.15461853578287663,105,90,195,UN
query_cycle_8_48.graph,3,0.1,4365,1952777184.0,1655144927.522309,0.1524148576275515,109,86,195,UN
query_cycle_8_48.graph,4,0.1,4365,1952777184.0,2080542507.7464736,0.06542749720414265,106,77,183,UN
query_cycle_8_48.graph,5,0.1,4365,1952777184.0,1545364906.8192995,0.2086322395196013,108,90,198,UN
query_cycle_8_48.graph,1,0.1,4365,1952777184.0,2114676371.6255856,0.08290714831784185,27,87,114,PO
query_cycle_8_48.graph,2,0.1,4365,1952777184.0,2091698196.3595881,0.07114022710723568,25,88,113,PO
query_cycle_8_48.graph,3,0.1,4365,1952777184.0,2003849125.0054462,0.026153491255378265,21,89,110,PO
query_cycle_8_48.graph,4,0.1,4365,1952777184.0,2038529259.2001204,0.0439128825872847,22,93,115,PO
query_cycle_8_48.graph,5,0.1,4365,1952777184.0,2059839983.5602396,0.054825916872367327,26,93,119,PO
query_cycle_8_48.graph,1,0.1,4365,1952777184.0,2615735346.2325797,0.33949503694763555,88,86,174,WO
query_cycle_8_48.graph,2,0.1,4365,1952777184.0,2263582183.1475563,0.15916050315116562,88,78,166,WO
query_cycle_8_48.graph,3,0.1,4365,1952777184.0,2401851076.0147243,0.22996678560882053,85,77,162,WO
query_cycle_8_48.graph,4,0.1,4365,1952777184.0,2989704024.5900383,0.5310011040102557,83,85,168,WO
query_cycle_8_48.graph,5,0.1,4365,1952777184.0,2611250037.0188713,0.3371981495964013,90,80,170,WO
query_cycle_8_48.graph,1,0.1,4365,1952777184.0,2103707576.515468,0.07729012493187133,28,84,112,MAB
query_cycle_8_48.graph,2,0.1,4365,1952777184.0,2102359475.66865,0.07659977435943348,36,82,118,MAB
query_cycle_8_48.graph,3,0.1,4365,1952777184.0,2258361828.462479,0.15648720548676745,34,81,115,MAB
query_cycle_8_48.graph,4,0.1,4365,1952777184.0,2029935946.3816874,0.03951232276466796,25,80,105,MAB
query_cycle_8_48.graph,5,0.1,4365,1952777184.0,2020088125.8869226,0.03446934060804891,39,91,130,MAB
query_cycle_8_19.graph,1,0.1,3543,315932574.0,164499209.5249734,0.47932178235925305,1035,64,1099,UN
query_cycle_8_19.graph,2,0.1,3543,315932574.0,381531995.1891905,0.20763740933276006,1042,83,1125,UN
query_cycle_8_19.graph,3,0.1,3543,315932574.0,282128167.4010469,0.10699880094970242,1057,86,1143,UN
query_cycle_8_19.graph,4,0.1,3543,315932574.0,390020411.9422812,0.2345052205420299,1078,70,1148,UN
query_cycle_8_19.graph,5,0.1,3543,315932574.0,314754698.0555621,0.0037282510300375707,1043,68,1111,UN
query_cycle_8_19.graph,1,0.1,3543,315932574.0,319461206.8990999,0.011168942962810433,646,425,1071,PO
query_cycle_8_19.graph,2,0.1,3543,315932574.0,319461206.8990998,0.011168942962810244,637,427,1064,PO
query_cycle_8_19.graph,3,0.1,3543,315932574.0,319461206.8990999,0.011168942962810433,636,429,1065,PO
query_cycle_8_19.graph,4,0.1,3543,315932574.0,319461206.8990998,0.011168942962810244,660,426,1086,PO
query_cycle_8_19.graph,5,0.1,3543,315932574.0,319461206.8990999,0.011168942962810433,647,429,1076,PO
query_cycle_8_19.graph,1,0.1,3543,315932574.0,117575534.63981152,0.6278461155454913,796,50,846,WO
query_cycle_8_19.graph,2,0.1,3543,315932574.0,343196964.3800925,0.0862981301196644,767,67,834,WO
query_cycle_8_19.graph,3,0.1,3543,315932574.0,286815694.83228546,0.09216168753689366,770,68,838,WO
query_cycle_8_19.graph,4,0.1,3543,315932574.0,438440206.9301352,0.3877651214595403,783,91,874,WO
query_cycle_8_19.graph,5,0.1,3543,315932574.0,342751750.8491375,0.08488892585396239,765,68,833,WO
query_cycle_8_19.graph,1,0.1,3543,315932574.0,317041775.1599159,0.003510879381231275,612,423,1035,MAB
query_cycle_8_19.graph,2,0.1,3543,315932574.0,312114785.7175,0.012084186933190461,610,420,1030,MAB
query_cycle_8_19.graph,3,0.1,3543,315932574.0,321859639.04672855,0.01876053795810416,680,420,1100,MAB
query_cycle_8_19.graph,4,0.1,3543,315932574.0,305905913.4184649,0.03173671031950982,671,417,1088,MAB
query_cycle_8_19.graph,5,0.1,3543,315932574.0,308439068.50602996,0.023718685917996023,617,424,1041,MAB
query_cycle_8_6.graph,1,0.1,3529,1542397.0,1653052.5249423631,0.07174257013101241,560,125,685,UN
query_cycle_8_6.graph,2,0.1,3529,1542397.0,1623352.095138566,0.052486548624359426,569,99,668,UN
query_cycle_8_6.graph,3,0.1,3529,1542397.0,1398462.9070154722,0.09331844718611863,557,122,679,UN
query_cycle_8_6.graph,4,0.1,3529,1542397.0,405431.17062329274,0.7371421426368875,555,96,651,UN
query_cycle_8_6.graph,5,0.1,3529,1542397.0,804149.2280782089,0.47863667520216335,566,128,694,UN
query_cycle_8_6.graph,1,0.1,3529,1542397.0,1636967.8846000019,0.06131423012363344,298,426,724,PO
query_cycle_8_6.graph,2,0.1,3529,1542397.0,1636967.8846000019,0.06131423012363344,292,432,724,PO
query_cycle_8_6.graph,3,0.1,3529,1542397.0,1636967.8846000007,0.06131423012363269,283,418,701,PO
query_cycle_8_6.graph,4,0.1,3529,1542397.0,1636967.8846000037,0.06131423012363465,282,421,703,PO
query_cycle_8_6.graph,5,0.1,3529,1542397.0,1636967.8846000016,0.061314230123633295,288,420,708,PO
query_cycle_8_6.graph,1,0.1,3529,1542397.0,1686038.585447892,0.09312880240812973,451,130,581,WO
query_cycle_8_6.graph,2,0.1,3529,1542397.0,1398913.7141975292,0.09302617017698475,435,133,568,WO
query_cycle_8_6.graph,3,0.1,3529,1542397.0,1696345.7012616,0.09981133343853756,447,134,581,WO
query_cycle_8_6.graph,4,0.1,3529,1542397.0,1576139.3267670078,0.021876551087046864,430,129,559,WO
query_cycle_8_6.graph,5,0.1,3529,1542397.0,2007332.4770038272,0.30143696921339136,447,134,581,WO
query_cycle_8_6.graph,1,0.1,3529,1542397.0,1791149.5457547014,0.16127660113103265,310,393,703,MAB
query_cycle_8_6.graph,2,0.1,3529,1542397.0,1656192.5925375945,0.07377840629720785,305,406,711,MAB
query_cycle_8_6.graph,3,0.1,3529,1542397.0,1556162.0830949743,0.008924474759075828,310,396,706,MAB
query_cycle_8_6.graph,4,0.1,3529,1542397.0,1641307.2644540835,0.06412763021069381,233,408,641,MAB
query_cycle_8_6.graph,5,0.1,3529,1542397.0,1621328.7015795577,0.05117469858898697,236,405,641,MAB
query_cycle_4_8.graph,1,0.1,5479,2159046.0,4031208.885,0.8671250566222303,2732,37,2769,UN
query_cycle_4_8.graph,2,0.1,5479,2159046.0,3100508.968,0.4360550761771634,2803,49,2852,UN
query_cycle_4_8.graph,3,0.1,5479,2159046.0,1581985.674,0.26727560505890097,2695,39,2734,UN
query_cycle_4_8.graph,4,0.1,5479,2159046.0,1804471.5519999994,0.16422737079247063,2774,40,2814,UN
query_cycle_4_8.graph,5,0.1,5479,2159046.0,1882063.911,0.128289109634533,2753,43,2796,UN
query_cycle_4_8.graph,1,0.1,5479,2159046.0,1907571.3775999998,0.11647487936801727,2317,252,2569,PO
query_cycle_4_8.graph,2,0.1,5479,2159046.0,1907571.377600001,0.11647487936801673,2295,253,2548,PO
query_cycle_4_8.graph,3,0.1,5479,2159046.0,1907571.377599999,0.11647487936801759,2310,253,2563,PO
query_cycle_4_8.graph,4,0.1,5479,2159046.0,1907571.377599999,0.11647487936801759,2296,252,2548,PO
query_cycle_4_8.graph,5,0.1,5479,2159046.0,1907571.377599999,0.11647487936801759,2320,253,2573,PO
query_cycle_4_8.graph,1,0.1,5479,2159046.0,1767579.066357089,0.18131477219239933,2767,64,2831,WO
query_cycle_4_8.graph,2,0.1,5479,2159046.0,1816210.2196354435,0.15879040111445356,2742,69,2811,WO
query_cycle_4_8.graph,3,0.1,5479,2159046.0,2005782.5644002804,0.07098664669475298,2789,61,2850,WO
query_cycle_4_8.graph,4,0.1,5479,2159046.0,1554675.719721687,0.2799246890887517,2735,62,2797,WO
query_cycle_4_8.graph,5,0.1,5479,2159046.0,2115331.473431443,0.020247149235614773,2737,65,2802,WO
query_cycle_4_8.graph,1,0.1,5479,2159046.0,1909906.6030482138,0.11539327876839411,2394,252,2646,MAB
query_cycle_4_8.graph,2,0.1,5479,2159046.0,1935665.8397133206,0.10346243678304186,2384,250,2634,MAB
query_cycle_4_8.graph,3,0.1,5479,2159046.0,1932750.134206382,0.10481289689687849,2309,250,2559,MAB
query_cycle_4_8.graph,4,0.1,5479,2159046.0,1919386.8694330999,0.11100232721623353,2306,250,2556,MAB
query_cycle_4_8.graph,5,0.1,5479,2159046.0,1890863.8167157238,0.12421327905207956,2318,250,2568,MAB
query_cycle_8_46.graph,1,0.1,5192,8006054.0,2779623.82621252,0.6528097579391146,1914,12,1926,UN
query_cycle_8_46.graph,2,0.1,5192,8006054.0,9149038.278709708,0.14276499742691065,1893,28,1921,UN
query_cycle_8_46.graph,3,0.1,5192,8006054.0,6581561.223245994,0.1779269508741767,1887,28,1915,UN
query_cycle_8_46.graph,4,0.1,5192,8006054.0,19038084.587023616,1.377961051352341,1849,34,1883,UN
query_cycle_8_46.graph,5,0.1,5192,8006054.0,17155490.80579615,1.142814775643051,1888,21,1909,UN
query_cycle_8_46.graph,1,0.1,5192,8006054.0,7756588.950700001,0.031159551172150367,1232,108,1340,PO
query_cycle_8_46.graph,2,0.1,5192,8006054.0,7756588.950699999,0.0311595511721506,1231,107,1338,PO
query_cycle_8_46.graph,3,0.1,5192,8006054.0,7756588.950700001,0.031159551172150367,1220,107,1327,PO
query_cycle_8_46.graph,4,0.1,5192,8006054.0,7756588.9507,0.031159551172150485,1224,108,1332,PO
query_cycle_8_46.graph,5,0.1,5192,8006054.0,7756588.950700001,0.031159551172150367,1217,107,1324,PO
query_cycle_8_46.graph,1,0.1,5192,8006054.0,4355866.594260147,0.4559284018993443,1909,21,1930,WO
query_cycle_8_46.graph,2,0.1,5192,8006054.0,9698854.581429292,0.21144006540916305,1876,43,1919,WO
query_cycle_8_46.graph,3,0.1,5192,8006054.0,11025730.454165675,0.37717413024764446,1878,31,1909,WO
query_cycle_8_46.graph,4,0.1,5192,8006054.0,10739659.742860489,0.3414423313732943,1940,39,1979,WO
query_cycle_8_46.graph,5,0.1,5192,8006054.0,8868691.249552498,0.10774811780591258,1895,29,1924,WO
query_cycle_8_46.graph,1,0.1,5192,8006054.0,7680469.653163166,0.04066726839924315,1255,109,1364,MAB
query_cycle_8_46.graph,2,0.1,5192,8006054.0,7764322.976903929,0.030193528933988033,1224,108,1332,MAB
query_cycle_8_46.graph,3,0.1,5192,8006054.0,7807031.1055013705,0.024859049726448198,1235,109,1344,MAB
query_cycle_8_46.graph,4,0.1,5192,8006054.0,7691187.715885102,0.039328523654087046,1271,109,1380,MAB
query_cycle_8_46.graph,5,0.1,5192,8006054.0,7802171.400084415,0.025466053553421516,1251,109,1360,MAB
