query_basename,run_id,budget_frac,budget_n,T_true,T_hat,Qerror,n_post,n_comment,oracle_cost,method
query_cycle_4_0.graph,1,0.01,116,6444.6303107789145,2817.9512195121956,0.56274431835150360,89,8,97,Exact_structureO
query_cycle_4_0.graph,2,0.01,116,6444.6303107789145,2311.5596590909095,0.6413200528780172,89,14,103,Exact_structureO
query_cycle_4_0.graph,3,0.01,116,6444.6303107789145,12737.041666666666,0.9763804985622573,93,13,106,Exact_structureO
query_cycle_4_0.graph,4,0.01,116,6444.6303107789145,5240.262376237623,0.1868792896509417,94,11,105,Exact_structureO
query_cycle_4_0.graph,5,0.01,116,6444.6303107789145,1282.7469135802467,0.8009588057464214,99,14,113,Exact_structureO
query_cycle_4_0.graph,1,0.05,581,6444.6303107789145,7413.32277257177,0.15031001237924796,339,57,396,Exact_structureO
query_cycle_4_0.graph,2,0.05,581,6444.6303107789145,4206.625230202579,0.3472666348034236,352,78,430,Exact_structureO
query_cycle_4_0.graph,3,0.05,581,6444.6303107789145,6758.528,0.04870685735007619,359,68,427,Exact_structureO
query_cycle_4_0.graph,4,0.05,581,6444.6303107789145,7068.108747412009,0.0967438637388246,349,61,410,Exact_structureO
query_cycle_4_0.graph,5,0.05,581,6444.6303107789145,7021.978170144463,0.08958587716038725,343,67,410,Exact_structureO
query_cycle_4_0.graph,1,0.075,872,6444.6303107789145,7234.668109668108,0.1225885366252618,488,99,587,Exact_structureO
query_cycle_4_0.graph,2,0.075,872,6444.6303107789145,4179.191000509165,0.3515235476704858,477,113,590,Exact_structureO
query_cycle_4_0.graph,3,0.075,872,6444.6303107789145,7998.8105381797695,0.24115894201121568,483,108,591,Exact_structureO
query_cycle_4_0.graph,4,0.075,872,6444.6303107789145,6641.42030322246,0.03053549745350103,500,93,593,Exact_structureO
query_cycle_4_0.graph,5,0.075,872,6444.6303107789145,7468.254725210817,0.15883369023043073,492,103,595,Exact_structureO
query_cycle_4_0.graph,1,0.1,1163,6444.6303107789145,6268.601233767373,0.027314069003636348,636,153,789,Exact_structureO
query_cycle_4_0.graph,2,0.1,1163,6444.6303107789145,4901.137508999281,0.2395005962092313,631,160,791,Exact_structureO
query_cycle_4_0.graph,3,0.1,1163,6444.6303107789145,7597.8021077864105,0.17893529052842144,625,150,775,Exact_structureO
query_cycle_4_0.graph,4,0.1,1163,6444.6303107789145,5447.119999999999,0.15478161859967943,633,138,771,Exact_structureO
query_cycle_4_0.graph,5,0.1,1163,6444.6303107789145,7640.468885217527,0.18555580642671188,644,136,780,Exact_structureO
query_cycle_4_0.graph,1,0.125,1453,6444.6303107789145,6928.978224782735,0.07515526735392851,773,198,971,Exact_structureO
query_cycle_4_0.graph,2,0.125,1453,6444.6303107789145,5326.539547763576,0.1734918388018759,766,202,968,Exact_structureO
query_cycle_4_0.graph,3,0.125,1453,6444.6303107789145,8110.119475386275,0.2584305203390425,780,187,967,Exact_structureO
query_cycle_4_0.graph,4,0.125,1453,6444.6303107789145,6016.725187642947,0.06639715584930883,759,180,939,Exact_structureO
query_cycle_4_0.graph,5,0.125,1453,6444.6303107789145,7238.074782065235,0.12311714295841786,791,176,967,Exact_structureO
query_cycle_4_0.graph,1,0.15,1744,6444.6303107789145,6733.330457598655,0.04479700663929122,897,234,1131,Exact_structureO
query_cycle_4_0.graph,2,0.15,1744,6444.6303107789145,5271.183146145203,0.18208137752619757,895,243,1138,Exact_structureO
query_cycle_4_0.graph,3,0.15,1744,6444.6303107789145,7471.292105827963,0.15930499431936587,899,241,1140,Exact_structureO
query_cycle_4_0.graph,4,0.15,1744,6444.6303107789145,6054.35228318288,0.060558637000989575,904,221,1125,Exact_structureO
query_cycle_4_0.graph,5,0.15,1744,6444.6303107789145,6803.186705899733,0.05563645668256845,914,215,1129,Exact_structureO
query_cycle_4_0.graph,1,0.2,2326,6444.6303107789145,6096.483909316188,0.05402115942638895,1082,302,1384,Exact_structureO
query_cycle_4_0.graph,2,0.2,2326,6444.6303107789145,6729.724340141422,0.044237452827305776,1110,306,1416,Exact_structureO
query_cycle_4_0.graph,3,0.2,2326,6444.6303107789145,6938.029544769371,0.0765597420173544,1120,314,1434,Exact_structureO
query_cycle_4_0.graph,4,0.2,2326,6444.6303107789145,6305.960551265364,0.021517100722072323,1124,292,1416,Exact_structureO
query_cycle_4_0.graph,5,0.2,2326,6444.6303107789145,6595.905245901639,0.023473019836329663,1111,291,1402,Exact_structureO
query_cycle_4_0.graph,1,0.3,3489,6444.6303107789145,5613.215880256185,0.12900886325972083,1595,441,2036,Exact_structureO
query_cycle_4_0.graph,2,0.3,3489,6444.6303107789145,6655.029622706762,0.03264722750286325,1598,433,2031,Exact_structureO
query_cycle_4_0.graph,3,0.3,3489,6444.6303107789145,6182.73290298562,0.04063808087723201,1610,467,2077,Exact_structureO
query_cycle_4_0.graph,4,0.3,3489,6444.6303107789145,6288.979577617954,0.024152003397406314,1604,433,2037,Exact_structureO
query_cycle_4_0.graph,5,0.3,3489,6444.6303107789145,6280.011124996592,0.02554361970259021,1600,416,2016,Exact_structureO
query_cycle_4_0.graph,1,0.4,4652,6444.6303107789145,5731.586914912128,0.11064147382886981,1995,551,2546,Exact_structureO
query_cycle_4_0.graph,2,0.4,4652,6444.6303107789145,6479.020222825393,0.005336211758952237,2012,534,2546,Exact_structureO
query_cycle_4_0.graph,3,0.4,4652,6444.6303107789145,6659.562002901392,0.03335050759436037,2028,565,2593,Exact_structureO
query_cycle_4_0.graph,4,0.4,4652,6444.6303107789145,5956.162040566614,0.07579461453286411,1994,539,2533,Exact_structureO
query_cycle_4_0.graph,5,0.4,4652,6444.6303107789145,6663.800331276148,0.03400816027114277,2025,524,2549,Exact_structureO
query_cycle_4_0.graph,1,0.5,5815,6444.6303107789145,5866.286622204716,0.08974039792583516,2406,634,3040,Exact_structureO
query_cycle_4_0.graph,2,0.5,5815,6444.6303107789145,6280.946015801922,0.025398554623563694,2430,629,3059,Exact_structureO
query_cycle_4_0.graph,3,0.5,5815,6444.6303107789145,6218.557008719769,0.03507932824029147,2388,647,3035,Exact_structureO
query_cycle_4_0.graph,4,0.5,5815,6444.6303107789145,6197.54308726769,0.03834001511273051,2420,627,3047,Exact_structureO
query_cycle_4_0.graph,5,0.5,5815,6444.6303107789145,6721.357059312225,0.04293911910982285,2407,608,3015,Exact_structureO
query_cycle_4_0.graph,1,0.6,6978,6444.6303107789145,6285.138024380893,0.024748089294007188,2833,728,3561,Exact_structureO
query_cycle_4_0.graph,2,0.6,6978,6444.6303107789145,6029.007652265301,0.06449131113362196,2836,720,3556,Exact_structureO
query_cycle_4_0.graph,3,0.6,6978,6444.6303107789145,6313.3017997097795,0.02037797433461505,2831,720,3551,Exact_structureO
query_cycle_4_0.graph,4,0.6,6978,6444.6303107789145,6167.667062107229,0.04297581634875981,2832,717,3549,Exact_structureO
query_cycle_4_0.graph,5,0.6,6978,6444.6303107789145,6190.885786605965,0.03937301473267611,2828,697,3525,Exact_structureO
query_cycle_4_0.graph,1,0.7,8141,6444.6303107789145,6045.419279839226,0.06194475271482855,3228,795,4023,Exact_structureO
query_cycle_4_0.graph,2,0.7,8141,6444.6303107789145,6584.10315660361,0.02164171396944543,3241,791,4032,Exact_structureO
query_cycle_4_0.graph,3,0.7,8141,6444.6303107789145,6324.590812188859,0.018626281540041888,3228,780,4008,Exact_structureO
query_cycle_4_0.graph,4,0.7,8141,6444.6303107789145,6289.065701234433,0.024138639773377445,3228,800,4028,Exact_structureO
query_cycle_4_0.graph,5,0.7,8141,6444.6303107789145,6387.86368849081,0.008808359758535694,3200,780,3980,Exact_structureO
query_cycle_4_0.graph,1,0.8,9304,6444.6303107789145,5885.2718079122305,0.08679450579673025,3659,887,4546,Exact_structureO
query_cycle_4_0.graph,2,0.8,9304,6444.6303107789145,6243.398945359982,0.03122465614239579,3652,861,4513,Exact_structureO
query_cycle_4_0.graph,3,0.8,9304,6444.6303107789145,6414.705942139807,0.004643302593952919,3672,851,4523,Exact_structureO
query_cycle_4_0.graph,4,0.8,9304,6444.6303107789145,6239.174023495176,0.03188022855866603,3630,876,4506,Exact_structureO
query_cycle_4_0.graph,5,0.8,9304,6444.6303107789145,6388.264973345105,0.008746093214925883,3669,863,4532,Exact_structureO
query_cycle_4_1.graph,1,0.01,471,5748.2654569892475,6101.898870888562,0.061520021395208124,249,75,324,Exact_structureO
query_cycle_4_1.graph,2,0.01,471,5748.2654569892475,3169.6112115732367,0.4485969314935962,239,71,310,Exact_structureO
query_cycle_4_1.graph,3,0.01,471,5748.2654569892475,5008.9208333333345,0.12862047328676388,231,74,305,Exact_structureO
query_cycle_4_1.graph,4,0.01,471,5748.2654569892475,7866.232867132867,0.36845330578260055,236,59,295,Exact_structureO
query_cycle_4_1.graph,5,0.01,471,5748.2654569892475,4379.838060856112,0.23805918609226387,240,63,303,Exact_structureO
query_cycle_4_1.graph,1,0.05,2358,5748.2654569892475,5106.676767155344,0.11161431124476047,625,255,880,Exact_structureO
query_cycle_4_1.graph,2,0.05,2358,5748.2654569892475,5396.638731186893,0.06117092685321548,607,264,871,Exact_structureO
query_cycle_4_1.graph,3,0.05,2358,5748.2654569892475,5335.830935934417,0.07174938668731046,629,234,863,Exact_structureO
query_cycle_4_1.graph,4,0.05,2358,5748.2654569892475,3918.8633941093967,0.31825288455589723,614,236,850,Exact_structureO
query_cycle_4_1.graph,5,0.05,2358,5748.2654569892475,5772.427392009435,0.004203343634871458,635,217,852,Exact_structureO
query_cycle_4_1.graph,1,0.075,3537,5748.2654569892475,7650.24046827898,0.3308780753987525,781,336,1117,Exact_structureO
query_cycle_4_1.graph,2,0.075,3537,5748.2654569892475,7314.279372017914,0.272432427963912,766,332,1098,Exact_structureO
query_cycle_4_1.graph,3,0.075,3537,5748.2654569892475,5315.618033618033,0.07526573478703275,794,315,1109,Exact_structureO
query_cycle_4_1.graph,4,0.075,3537,5748.2654569892475,6964.215088938868,0.21153331227442906,768,309,1077,Exact_structureO
query_cycle_4_1.graph,5,0.075,3537,5748.2654569892475,6443.252788688138,0.1209038338432794,785,312,1097,Exact_structureO
query_cycle_4_1.graph,1,0.1,4716,5748.2654569892475,6101.319593173927,0.06141924704528139,877,381,1258,Exact_structureO
query_cycle_4_1.graph,2,0.1,4716,5748.2654569892475,6197.998151014792,0.0782379828124882,895,391,1286,Exact_structureO
query_cycle_4_1.graph,3,0.1,4716,5748.2654569892475,5976.712073627731,0.03974183488007119,896,366,1262,Exact_structureO
query_cycle_4_1.graph,4,0.1,4716,5748.2654569892475,7648.547456738332,0.330583549762573,901,378,1279,Exact_structureO
query_cycle_4_1.graph,5,0.1,4716,5748.2654569892475,5420.002154369761,0.057106496746832526,898,382,1280,Exact_structureO
query_cycle_4_1.graph,1,0.125,5895,5748.2654569892475,5792.95288383428,0.007774071531560525,1004,438,1442,Exact_structureO
query_cycle_4_1.graph,2,0.125,5895,5748.2654569892475,6364.056130477788,0.1071263458683538,1013,443,1456,Exact_structureO
query_cycle_4_1.graph,3,0.125,5895,5748.2654569892475,5413.54976827246,0.05822898946147498,1013,420,1433,Exact_structureO
query_cycle_4_1.graph,4,0.125,5895,5748.2654569892475,7099.4058983810255,0.23505185198935838,1017,436,1453,Exact_structureO
query_cycle_4_1.graph,5,0.125,5895,5748.2654569892475,5606.995527642177,0.024576096981621137,999,431,1430,Exact_structureO
query_cycle_4_1.graph,1,0.15,7074,5748.2654569892475,6205.762053272345,0.07958863412037327,1126,501,1627,Exact_structureO
query_cycle_4_1.graph,2,0.15,7074,5748.2654569892475,5908.699474340882,0.027909987552256304,1091,492,1583,Exact_structureO
query_cycle_4_1.graph,3,0.15,7074,5748.2654569892475,5985.423268274014,0.041257282402713175,1118,484,1602,Exact_structureO
query_cycle_4_1.graph,4,0.15,7074,5748.2654569892475,6951.107552083333,0.20925305278509085,1111,485,1596,Exact_structureO
query_cycle_4_1.graph,5,0.15,7074,5748.2654569892475,5821.883001011122,0.01280691446362558,1090,482,1572,Exact_structureO
query_cycle_4_1.graph,1,0.2,9432,5748.2654569892475,5978.943895530146,0.040130094942017525,1307,593,1900,Exact_structureO
query_cycle_4_1.graph,2,0.2,9432,5748.2654569892475,6185.509612031063,0.07606540761094728,1299,592,1891,Exact_structureO
query_cycle_4_1.graph,3,0.2,9432,5748.2654569892475,6119.4853266154005,0.06457945834334967,1296,600,1896,Exact_structureO
query_cycle_4_1.graph,4,0.2,9432,5748.2654569892475,7821.62449244908,0.3606929866015252,1306,574,1880,Exact_structureO
query_cycle_4_1.graph,5,0.2,9432,5748.2654569892475,5953.899713279753,0.03577327070733614,1294,597,1891,Exact_structureO
query_cycle_4_1.graph,1,0.3,14148,5748.2654569892475,6445.758868060778,0.12133980524915675,1822,834,2656,Exact_structureO
query_cycle_4_1.graph,2,0.3,14148,5748.2654569892475,6368.317217598543,0.10786762811299569,1833,845,2678,Exact_structureO
query_cycle_4_1.graph,3,0.3,14148,5748.2654569892475,6212.861721617425,0.08082373162903964,1828,844,2672,Exact_structureO
query_cycle_4_1.graph,4,0.3,14148,5748.2654569892475,6385.089839704625,0.11078548607059721,1839,821,2660,Exact_structureO
query_cycle_4_1.graph,5,0.3,14148,5748.2654569892475,5646.687279554788,0.017671100646709327,1826,854,2680,Exact_structureO
query_cycle_4_1.graph,1,0.4,18865,5748.2654569892475,6381.232445086152,0.11011443240278473,2222,995,3217,Exact_structureO
query_cycle_4_1.graph,2,0.4,18865,5748.2654569892475,6819.587404590433,0.1863730816917263,2216,1008,3224,Exact_structureO
query_cycle_4_1.graph,3,0.4,18865,5748.2654569892475,6113.350324617314,0.06351217951915639,2204,999,3203,Exact_structureO
query_cycle_4_1.graph,4,0.4,18865,5748.2654569892475,6490.183964077213,0.12906824026122105,2226,981,3207,Exact_structureO
query_cycle_4_1.graph,5,0.4,18865,5748.2654569892475,5601.270816291204,0.025571999379276126,2166,1001,3167,Exact_structureO
query_cycle_4_1.graph,1,0.5,23581,5748.2654569892475,5872.104918812116,0.021543796602554885,2575,1141,3716,Exact_structureO
query_cycle_4_1.graph,2,0.5,23581,5748.2654569892475,6270.16921818015,0.0907932601749152,2564,1156,3720,Exact_structureO
query_cycle_4_1.graph,3,0.5,23581,5748.2654569892475,5657.372345833148,0.015812267515513533,2558,1145,3703,Exact_structureO
query_cycle_4_1.graph,4,0.5,23581,5748.2654569892475,6522.909519208199,0.13476135853765603,2578,1141,3719,Exact_structureO
query_cycle_4_1.graph,5,0.5,23581,5748.2654569892475,5742.375787582906,0.001024599411841754,2561,1184,3745,Exact_structureO
query_cycle_4_1.graph,1,0.6,28297,5748.2654569892475,5953.124963460748,0.03563849095076406,2886,1283,4169,Exact_structureO
query_cycle_4_1.graph,2,0.6,28297,5748.2654569892475,6042.865710113832,0.051250286774140535,2916,1299,4215,Exact_structureO
query_cycle_4_1.graph,3,0.6,28297,5748.2654569892475,5667.161420977298,0.014109305949560166,2924,1323,4247,Exact_structureO
query_cycle_4_1.graph,4,0.6,28297,5748.2654569892475,6426.879618136834,0.11805546668386165,2911,1272,4183,Exact_structureO
query_cycle_4_1.graph,5,0.6,28297,5748.2654569892475,5764.643246629698,0.002849170721671747,2908,1326,4234,Exact_structureO
query_cycle_4_1.graph,1,0.7,33014,5748.2654569892475,5978.601828867559,0.040070587136550546,3198,1417,4615,Exact_structureO
query_cycle_4_1.graph,2,0.7,33014,5748.2654569892475,6079.20943274387,0.05757284144771561,3222,1427,4649,Exact_structureO
query_cycle_4_1.graph,3,0.7,33014,5748.2654569892475,5527.4692678425745,0.038410924269026155,3193,1431,4624,Exact_structureO
query_cycle_4_1.graph,4,0.7,33014,5748.2654569892475,6457.607138588496,0.12340099581461893,3225,1393,4618,Exact_structureO
query_cycle_4_1.graph,5,0.7,33014,5748.2654569892475,5390.468725705926,0.06224429507657494,3178,1438,4616,Exact_structureO
query_cycle_4_1.graph,1,0.8,37730,5748.2654569892475,5916.597893278211,0.02928404012453705,3457,1513,4970,Exact_structureO
query_cycle_4_1.graph,2,0.8,37730,5748.2654569892475,6235.792445403994,0.08481288695913795,3466,1515,4981,Exact_structureO
query_cycle_4_1.graph,3,0.8,37730,5748.2654569892475,5757.272079374703,0.0015668417634583163,3452,1509,4961,Exact_structureO
query_cycle_4_1.graph,4,0.8,37730,5748.2654569892475,6273.851948223515,0.09143392822876914,3469,1488,4957,Exact_structureO
query_cycle_4_1.graph,5,0.8,37730,5748.2654569892475,5692.5323069546785,0.009695646530520565,3457,1523,4980,Exact_structureO
query_cycle_4_10.graph,1,0.01,82,268.1234746754332,,,82,1,83,Exact_structureO
query_cycle_4_10.graph,2,0.01,82,268.1234746754332,0.0,1.0,84,3,87,Exact_structureO
query_cycle_4_10.graph,3,0.01,82,268.1234746754332,447.17999999999995,0.6678136837563995,79,2,81,Exact_structureO
query_cycle_4_10.graph,4,0.01,82,268.1234746754332,297.5342465753424,0.10969114858559591,82,7,89,Exact_structureO
query_cycle_4_10.graph,5,0.01,82,268.1234746754332,34.66216216216216,0.8707231352863782,88,4,92,Exact_structureO
query_cycle_4_10.graph,1,0.05,410,268.1234746754332,196.6581005586592,0.26653904214572677,322,25,347,Exact_structureO
query_cycle_4_10.graph,2,0.05,410,268.1234746754332,170.74336870026525,0.36319127257711314,329,17,346,Exact_structureO
query_cycle_4_10.graph,3,0.05,410,268.1234746754332,178.07460317460317,0.335848517590022,337,24,361,Exact_structureO
query_cycle_4_10.graph,4,0.05,410,268.1234746754332,168.72749208264216,0.37070973630008014,333,25,358,Exact_structureO
query_cycle_4_10.graph,5,0.05,410,268.1234746754332,75.40058479532163,0.7187840979362401,333,24,357,Exact_structureO
query_cycle_4_10.graph,1,0.075,615,268.1234746754332,174.1245760098674,0.3505806374445678,487,36,523,Exact_structureO
query_cycle_4_10.graph,2,0.075,615,268.1234746754332,823.2861768018018,2.0705486634409764,494,32,526,Exact_structureO
query_cycle_4_10.graph,3,0.075,615,268.1234746754332,201.1994601889339,0.24960147397579294,491,37,528,Exact_structureO
query_cycle_4_10.graph,4,0.075,615,268.1234746754332,189.93880208333337,0.29159950536499407,491,41,532,Exact_structureO
query_cycle_4_10.graph,5,0.075,615,268.1234746754332,156.82999842445247,0.415082925453293,494,33,527,Exact_structureO
query_cycle_4_10.graph,1,0.1,820,268.1234746754332,188.1651315789474,0.29821463112573926,646,53,699,Exact_structureO
query_cycle_4_10.graph,2,0.1,820,268.1234746754332,612.7974321401158,1.2855045903083073,658,45,703,Exact_structureO
query_cycle_4_10.graph,3,0.1,820,268.1234746754332,175.9267331847977,0.3438592670867062,643,54,697,Exact_structureO
query_cycle_4_10.graph,4,0.1,820,268.1234746754332,324.1262143938352,0.20886921514870713,649,53,702,Exact_structureO
query_cycle_4_10.graph,5,0.1,820,268.1234746754332,167.6292168674699,0.37480589094115263,642,49,691,Exact_structureO
query_cycle_4_10.graph,1,0.125,1025,268.1234746754332,175.52566452795602,0.3453551027546842,799,71,870,Exact_structureO
query_cycle_4_10.graph,2,0.125,1025,268.1234746754332,520.3545553190601,0.9407273307529515,804,55,859,Exact_structureO
query_cycle_4_10.graph,3,0.125,1025,268.1234746754332,176.22415385105236,0.34274999955011815,810,72,882,Exact_structureO
query_cycle_4_10.graph,4,0.125,1025,268.1234746754332,272.90736734953555,0.017842125460641945,790,70,860,Exact_structureO
query_cycle_4_10.graph,5,0.125,1025,268.1234746754332,148.0379353680431,0.4478740231632279,798,62,860,Exact_structureO
query_cycle_4_10.graph,1,0.15,1231,268.1234746754332,177.02469378397853,0.33976428584528406,929,87,1016,Exact_structureO
query_cycle_4_10.graph,2,0.15,1231,268.1234746754332,425.01870318352064,0.5851603582939205,954,77,1031,Exact_structureO
query_cycle_4_10.graph,3,0.15,1231,268.1234746754332,197.80527252142974,0.2622605209749893,936,82,1018,Exact_structureO
query_cycle_4_10.graph,4,0.15,1231,268.1234746754332,278.7833898305085,0.03975748549424567,952,85,1037,Exact_structureO
query_cycle_4_10.graph,5,0.15,1231,268.1234746754332,154.76001138736004,0.42280320074660027,951,77,1028,Exact_structureO
query_cycle_4_10.graph,1,0.2,1641,268.1234746754332,312.7351211401425,0.16638470957722828,1197,115,1312,Exact_structureO
query_cycle_4_10.graph,2,0.2,1641,268.1234746754332,402.7508130744548,0.5021094798282383,1203,111,1314,Exact_structureO
query_cycle_4_10.graph,3,0.2,1641,268.1234746754332,222.64225630875802,0.16962788663592687,1204,106,1310,Exact_structureO
query_cycle_4_10.graph,4,0.2,1641,268.1234746754332,251.78777039686597,0.060926050202586034,1203,107,1310,Exact_structureO
query_cycle_4_10.graph,5,0.2,1641,268.1234746754332,188.3034980717639,0.2976985760023153,1199,103,1302,Exact_structureO
query_cycle_4_10.graph,1,0.3,2462,268.1234746754332,300.6202792921978,0.12120089319334067,1770,184,1954,Exact_structureO
query_cycle_4_10.graph,2,0.3,2462,268.1234746754332,331.58221507781195,0.2366773013037979,1787,179,1966,Exact_structureO
query_cycle_4_10.graph,3,0.3,2462,268.1234746754332,241.30177701778038,0.10003487270229074,1799,163,1962,Exact_structureO
query_cycle_4_10.graph,4,0.3,2462,268.1234746754332,259.3416978864777,0.032752733790228514,1788,169,1957,Exact_structureO
query_cycle_4_10.graph,5,0.3,2462,268.1234746754332,270.9340507070196,0.01048239448257418,1787,168,1955,Exact_structureO
query_cycle_4_10.graph,1,0.4,3282,268.1234746754332,328.10127883111664,0.22369471463954174,2297,235,2532,Exact_structureO
query_cycle_4_10.graph,2,0.4,3282,268.1234746754332,416.48594626865673,0.553336375238379,2308,244,2552,Exact_structureO
query_cycle_4_10.graph,3,0.4,3282,268.1234746754332,267.8262624432567,0.0011084901556503788,2323,222,2545,Exact_structureO
query_cycle_4_10.graph,4,0.4,3282,268.1234746754332,244.87868316766375,0.08669435429295241,2308,226,2534,Exact_structureO
query_cycle_4_10.graph,5,0.4,3282,268.1234746754332,261.5743719242665,0.024425697000587183,2330,217,2547,Exact_structureO
query_cycle_4_10.graph,1,0.5,4103,268.1234746754332,333.6283447927355,0.24430859773317776,2802,295,3097,Exact_structureO
query_cycle_4_10.graph,2,0.5,4103,268.1234746754332,359.07053374292025,0.33919842034562464,2790,284,3074,Exact_structureO
query_cycle_4_10.graph,3,0.5,4103,268.1234746754332,268.82822212602906,0.002628443673009056,2795,284,3079,Exact_structureO
query_cycle_4_10.graph,4,0.5,4103,268.1234746754332,261.671525438951,0.024063350828540418,2788,278,3066,Exact_structureO
query_cycle_4_10.graph,5,0.5,4103,268.1234746754332,218.83226517759408,0.18383772460619777,2812,276,3088,Exact_structureO
query_cycle_4_10.graph,1,0.6,4924,268.1234746754332,321.4765318131966,0.1989868928945811,3300,350,3650,Exact_structureO
query_cycle_4_10.graph,2,0.6,4924,268.1234746754332,337.98322615749044,0.26055067191197384,3300,333,3633,Exact_structureO
query_cycle_4_10.graph,3,0.6,4924,268.1234746754332,295.29476928450003,0.10133873821364582,3287,330,3617,Exact_structureO
query_cycle_4_10.graph,4,0.6,4924,268.1234746754332,267.02734646922625,0.004088147102874326,3280,340,3620,Exact_structureO
query_cycle_4_10.graph,5,0.6,4924,268.1234746754332,218.45967049267756,0.18522736303814616,3277,325,3602,Exact_structureO
query_cycle_4_10.graph,1,0.7,5744,268.1234746754332,311.20885546215516,0.1606923110290038,3724,395,4119,Exact_structureO
query_cycle_4_10.graph,2,0.7,5744,268.1234746754332,309.01294936480883,0.152502404867283,3736,383,4119,Exact_structureO
query_cycle_4_10.graph,3,0.7,5744,268.1234746754332,284.8073443907589,0.06222457670116987,3727,387,4114,Exact_structureO
query_cycle_4_10.graph,4,0.7,5744,268.1234746754332,283.6904070645259,0.05805881938512345,3730,400,4130,Exact_structureO
query_cycle_4_10.graph,5,0.7,5744,268.1234746754332,226.79491765297317,0.15414001729049936,3728,378,4106,Exact_structureO
query_cycle_4_10.graph,1,0.8,6565,268.1234746754332,308.575583454124,0.1508711940558676,4180,451,4631,Exact_structureO
query_cycle_4_10.graph,2,0.8,6565,268.1234746754332,305.86856073095896,0.14077501457571606,4187,453,4640,Exact_structureO
query_cycle_4_10.graph,3,0.8,6565,268.1234746754332,285.9086843648197,0.06633216174344933,4182,446,4628,Exact_structureO
query_cycle_4_10.graph,4,0.8,6565,268.1234746754332,289.32673052618685,0.07908019197655274,4178,449,4627,Exact_structureO
query_cycle_4_10.graph,5,0.8,6565,268.1234746754332,233.13793147327442,0.13048295470774884,4185,438,4623,Exact_structureO
query_cycle_4_11.graph,1,0.01,169,5273.855623257255,432.6795977011494,0.9179576331606293,135,14,149,Exact_structureO
query_cycle_4_11.graph,2,0.01,169,5273.855623257255,8043.347858752819,0.5251361495908874,121,21,142,Exact_structureO
query_cycle_4_11.graph,3,0.01,169,5273.855623257255,4220.247652582159,0.19977944902942996,123,22,145,Exact_structureO
query_cycle_4_11.graph,4,0.01,169,5273.855623257255,6345.953201970444,0.20328534857596975,117,18,135,Exact_structureO
query_cycle_4_11.graph,5,0.01,169,5273.855623257255,2018.217821782178,0.6173164443709819,123,17,140,Exact_structureO
query_cycle_4_11.graph,1,0.05,848,5273.855623257255,4250.373907742329,0.1940670713474708,454,93,547,Exact_structureO
query_cycle_4_11.graph,2,0.05,848,5273.855623257255,6883.765632028791,0.3052624348819808,449,99,548,Exact_structureO
query_cycle_4_11.graph,3,0.05,848,5273.855623257255,5491.566012573824,0.04128106737630154,454,102,556,Exact_structureO
query_cycle_4_11.graph,4,0.05,848,5273.855623257255,4302.097209032395,0.18425957850258315,454,100,554,Exact_structureO
query_cycle_4_11.graph,5,0.05,848,5273.855623257255,6982.959159584514,0.3240709754719599,437,97,534,Exact_structureO
query_cycle_4_11.graph,1,0.075,1273,5273.855623257255,4282.600478632478,0.18795644314823967,628,143,771,Exact_structureO
query_cycle_4_11.graph,2,0.075,1273,5273.855623257255,6491.635819881056,0.23090889922232496,622,147,769,Exact_structureO
query_cycle_4_11.graph,3,0.075,1273,5273.855623257255,5044.018813655226,0.04358041365191489,625,161,786,Exact_structureO
query_cycle_4_11.graph,4,0.075,1273,5273.855623257255,5736.456444254349,0.08771586748735856,630,161,791,Exact_structureO
query_cycle_4_11.graph,5,0.075,1273,5273.855623257255,5785.50118858954,0.09701546683909436,613,148,761,Exact_structureO
query_cycle_4_11.graph,1,0.1,1697,5273.855623257255,4143.753529411764,0.2142838512419332,811,187,998,Exact_structureO
query_cycle_4_11.graph,2,0.1,1697,5273.855623257255,5928.608260265184,0.12415065632827074,795,205,1000,Exact_structureO
query_cycle_4_11.graph,3,0.1,1697,5273.855623257255,5997.029372659891,0.13712429786919114,781,209,990,Exact_structureO
query_cycle_4_11.graph,4,0.1,1697,5273.855623257255,6712.607912794936,0.2728084332064204,785,209,994,Exact_structureO
query_cycle_4_11.graph,5,0.1,1697,5273.855623257255,5156.340834545507,0.022282519110594742,772,202,974,Exact_structureO
query_cycle_4_11.graph,1,0.125,2121,5273.855623257255,4570.638175351056,0.1333402918360278,951,244,1195,Exact_structureO
query_cycle_4_11.graph,2,0.125,2121,5273.855623257255,4944.98914630451,0.062357883955425665,940,259,1199,Exact_structureO
query_cycle_4_11.graph,3,0.125,2121,5273.855623257255,5428.293184613184,0.029283615705153754,930,267,1197,Exact_structureO
query_cycle_4_11.graph,4,0.125,2121,5273.855623257255,6210.021060954571,0.17751063066059422,948,270,1218,Exact_structureO
query_cycle_4_11.graph,5,0.125,2121,5273.855623257255,5387.698437657017,0.021586259187249164,926,260,1186,Exact_structureO
query_cycle_4_11.graph,1,0.15,2546,5273.855623257255,4440.69565010404,0.15797929118101936,1084,303,1387,Exact_structureO
query_cycle_4_11.graph,2,0.15,2546,5273.855623257255,5117.4778795393895,0.02965150259864008,1082,318,1400,Exact_structureO
query_cycle_4_11.graph,3,0.15,2546,5273.855623257255,4763.958435072142,0.09668394901379358,1103,337,1440,Exact_structureO
query_cycle_4_11.graph,4,0.15,2546,5273.855623257255,5571.8893195521105,0.05651153872710368,1085,337,1422,Exact_structureO
query_cycle_4_11.graph,5,0.15,2546,5273.855623257255,5075.715828552144,0.03757019699806178,1090,319,1409,Exact_structureO
query_cycle_4_11.graph,1,0.2,3394,5273.855623257255,4448.49513386311,0.15650039522401318,1330,402,1732,Exact_structureO
query_cycle_4_11.graph,2,0.2,3394,5273.855623257255,5367.267187884541,0.01771219602890713,1317,434,1751,Exact_structureO
query_cycle_4_11.graph,3,0.2,3394,5273.855623257255,5221.355500108583,0.009954789607275213,1319,418,1737,Exact_structureO
query_cycle_4_11.graph,4,0.2,3394,5273.855623257255,5480.649644778946,0.03921116471405612,1305,435,1740,Exact_structureO
query_cycle_4_11.graph,5,0.2,3394,5273.855623257255,5017.213124131974,0.048663163624257946,1333,416,1749,Exact_structureO
query_cycle_4_11.graph,1,0.3,5092,5273.855623257255,4890.036937317928,0.07277762482664837,1835,615,2450,Exact_structureO
query_cycle_4_11.graph,2,0.3,5092,5273.855623257255,6030.877023468499,0.14354230648120975,1846,637,2483,Exact_structureO
query_cycle_4_11.graph,3,0.3,5092,5273.855623257255,5372.648115346407,0.018732498412259584,1858,637,2495,Exact_structureO
query_cycle_4_11.graph,4,0.3,5092,5273.855623257255,5260.441960680173,0.0025434262018718306,1844,683,2527,Exact_structureO
query_cycle_4_11.graph,5,0.3,5092,5273.855623257255,4971.280767148785,0.05737260890763484,1865,629,2494,Exact_structureO
query_cycle_4_11.graph,1,0.4,6789,5273.855623257255,4516.810174277441,0.14354686647873102,2223,790,3013,Exact_structureO
query_cycle_4_11.graph,2,0.4,6789,5273.855623257255,5618.185267884751,0.06528992623708389,2254,820,3074,Exact_structureO
query_cycle_4_11.graph,3,0.4,6789,5273.855623257255,5292.931010108149,0.0036169717591004466,2249,811,3060,Exact_structureO
query_cycle_4_11.graph,4,0.4,6789,5273.855623257255,5423.876991169826,0.028446240972352436,2224,827,3051,Exact_structureO
query_cycle_4_11.graph,5,0.4,6789,5273.855623257255,4821.007446437039,0.08586662380805299,2253,771,3024,Exact_structureO
query_cycle_4_11.graph,1,0.5,8487,5273.855623257255,4753.165577806616,0.0987304322769929,2628,935,3563,Exact_structureO
query_cycle_4_11.graph,2,0.5,8487,5273.855623257255,5252.212211913717,0.004103906684151987,2629,957,3586,Exact_structureO
query_cycle_4_11.graph,3,0.5,8487,5273.855623257255,5585.583401403575,0.05910813651621934,2613,960,3573,Exact_structureO
query_cycle_4_11.graph,4,0.5,8487,5273.855623257255,5474.158698288981,0.03798038652184696,2620,970,3590,Exact_structureO
query_cycle_4_11.graph,5,0.5,8487,5273.855623257255,5095.999693837526,0.03372408008960256,2659,945,3604,Exact_structureO
query_cycle_4_11.graph,1,0.6,10184,5273.855623257255,5405.761748984645,0.025011326655529943,3047,1099,4146,Exact_structureO
query_cycle_4_11.graph,2,0.6,10184,5273.855623257255,4969.028723628424,0.05779962922848513,3044,1101,4145,Exact_structureO
query_cycle_4_11.graph,3,0.6,10184,5273.855623257255,5529.638974074929,0.04850025656555552,3054,1117,4171,Exact_structureO
query_cycle_4_11.graph,4,0.6,10184,5273.855623257255,5181.708228805079,0.017472490912685146,3032,1120,4152,Exact_structureO
query_cycle_4_11.graph,5,0.6,10184,5273.855623257255,4960.359196185554,0.059443498166542215,3051,1099,4150,Exact_structureO
query_cycle_4_11.graph,1,0.7,11881,5273.855623257255,5354.266563501053,0.01524708789698235,3419,1219,4638,Exact_structureO
query_cycle_4_11.graph,2,0.7,11881,5273.855623257255,5159.695551660165,0.02164641578234597,3409,1222,4631,Exact_structureO
query_cycle_4_11.graph,3,0.7,11881,5273.855623257255,5584.056234103557,0.05881856330657663,3407,1235,4642,Exact_structureO
query_cycle_4_11.graph,4,0.7,11881,5273.855623257255,5300.545717310505,0.005060831384073061,3441,1247,4688,Exact_structureO
query_cycle_4_11.graph,5,0.7,11881,5273.855623257255,4944.574641372166,0.06243648014044738,3421,1234,4655,Exact_structureO
query_cycle_4_11.graph,1,0.8,13579,5273.855623257255,5247.768250529166,0.004946546623886625,3813,1355,5168,Exact_structureO
query_cycle_4_11.graph,2,0.8,13579,5273.855623257255,5079.216814699919,0.036906358926284355,3830,1368,5198,Exact_structureO
query_cycle_4_11.graph,3,0.8,13579,5273.855623257255,5312.766985378095,0.007378162183516165,3828,1397,5225,Exact_structureO
query_cycle_4_11.graph,4,0.8,13579,5273.855623257255,5337.946871096296,0.012152636025226789,3785,1365,5150,Exact_structureO
query_cycle_4_11.graph,5,0.8,13579,5273.855623257255,5236.045329792836,0.007169383495763192,3800,1364,5164,Exact_structureO
query_cycle_4_12.graph,1,0.01,110,5897.592297044214,2615.4782608695655,0.556517621236652,89,20,109,Exact_structureO
query_cycle_4_12.graph,2,0.01,110,5897.592297044214,8132.589473684212,0.3789677319268314,85,13,98,Exact_structureO
query_cycle_4_12.graph,3,0.01,110,5897.592297044214,5185.446808510638,0.12075190224500477,82,10,92,Exact_structureO
query_cycle_4_12.graph,4,0.01,110,5897.592297044214,4363.839285714285,0.2600642659036677,85,11,96,Exact_structureO
query_cycle_4_12.graph,5,0.01,110,5897.592297044214,774.0952380952381,0.8687438535750932,90,6,96,Exact_structureO
query_cycle_4_12.graph,1,0.05,553,5897.592297044214,5525.981983133146,0.06301051262857113,332,86,418,Exact_structureO
query_cycle_4_12.graph,2,0.05,553,5897.592297044214,6411.848719644713,0.08719768961619075,346,72,418,Exact_structureO
query_cycle_4_12.graph,3,0.05,553,5897.592297044214,8864.631812283738,0.5030933584077285,348,68,416,Exact_structureO
query_cycle_4_12.graph,4,0.05,553,5897.592297044214,5426.488284992595,0.07988073578564076,342,73,415,Exact_structureO
query_cycle_4_12.graph,5,0.05,553,5897.592297044214,6195.738195700221,0.050553833435626395,332,67,399,Exact_structureO
query_cycle_4_12.graph,1,0.075,830,5897.592297044214,5847.4213531566475,0.008507021401379643,489,123,612,Exact_structureO
query_cycle_4_12.graph,2,0.075,830,5897.592297044214,6654.570426651081,0.1283537571741358,478,110,588,Exact_structureO
query_cycle_4_12.graph,3,0.075,830,5897.592297044214,6094.201682692309,0.033337229117487904,471,119,590,Exact_structureO
query_cycle_4_12.graph,4,0.075,830,5897.592297044214,5507.367127496161,0.06616686096521604,486,119,605,Exact_structureO
query_cycle_4_12.graph,5,0.075,830,5897.592297044214,7127.708562019759,0.20857940037531253,467,109,576,Exact_structureO
query_cycle_4_12.graph,1,0.1,1106,5897.592297044214,5952.405817587975,0.009294220044887273,608,173,781,Exact_structureO
query_cycle_4_12.graph,2,0.1,1106,5897.592297044214,5465.150646664133,0.07332511787849672,607,156,763,Exact_structureO
query_cycle_4_12.graph,3,0.1,1106,5897.592297044214,6783.666580570174,0.15024339406609152,601,163,764,Exact_structureO
query_cycle_4_12.graph,4,0.1,1106,5897.592297044214,6388.507494584837,0.08323993467413175,618,160,778,Exact_structureO
query_cycle_4_12.graph,5,0.1,1106,5897.592297044214,5595.273519325902,0.05126138981662563,606,171,777,Exact_structureO
query_cycle_4_12.graph,1,0.125,1383,5897.592297044214,5262.9806060666415,0.10760521565650287,727,209,936,Exact_structureO
query_cycle_4_12.graph,2,0.125,1383,5897.592297044214,5324.7474761709545,0.09713198064918138,753,201,954,Exact_structureO
query_cycle_4_12.graph,3,0.125,1383,5897.592297044214,6912.709173314303,0.17212394908662143,726,204,930,Exact_structureO
query_cycle_4_12.graph,4,0.125,1383,5897.592297044214,5418.145262061784,0.08129538476620743,731,199,930,Exact_structureO
query_cycle_4_12.graph,5,0.125,1383,5897.592297044214,5744.180450108459,0.026012623323019998,728,219,947,Exact_structureO
query_cycle_4_12.graph,1,0.15,1660,5897.592297044214,5555.144796851708,0.058065644918204366,854,265,1119,Exact_structureO
query_cycle_4_12.graph,2,0.15,1660,5897.592297044214,5611.7269591327895,0.04847153270576135,863,230,1093,Exact_structureO
query_cycle_4_12.graph,3,0.15,1660,5897.592297044214,6267.4369387755105,0.06271112398133334,853,264,1117,Exact_structureO
query_cycle_4_12.graph,4,0.15,1660,5897.592297044214,4987.3254343178305,0.15434550522975216,846,248,1094,Exact_structureO
query_cycle_4_12.graph,5,0.15,1660,5897.592297044214,5437.616214491309,0.07799387604047144,868,268,1136,Exact_structureO
query_cycle_4_12.graph,1,0.2,2213,5897.592297044214,5437.645206940428,0.07798896005990534,1060,344,1404,Exact_structureO
query_cycle_4_12.graph,2,0.2,2213,5897.592297044214,4576.199950254569,0.22405623858602566,1070,325,1395,Exact_structureO
query_cycle_4_12.graph,3,0.2,2213,5897.592297044214,6839.997707697312,0.15979494057692276,1073,324,1397,Exact_structureO
query_cycle_4_12.graph,4,0.2,2213,5897.592297044214,4906.963620311525,0.16797171232558372,1052,341,1393,Exact_structureO
query_cycle_4_12.graph,5,0.2,2213,5897.592297044214,5617.069553376907,0.04756563857557625,1057,333,1390,Exact_structureO
query_cycle_4_12.graph,1,0.3,3320,5897.592297044214,6066.852330256562,0.028699853209110112,1519,481,2000,Exact_structureO
query_cycle_4_12.graph,2,0.3,3320,5897.592297044214,5624.731541864406,0.04626646628600664,1530,471,2001,Exact_structureO
query_cycle_4_12.graph,3,0.3,3320,5897.592297044214,6390.470048289282,0.08357270669457617,1524,470,1994,Exact_structureO
query_cycle_4_12.graph,4,0.3,3320,5897.592297044214,5437.016278686646,0.07809560158785515,1523,486,2009,Exact_structureO
query_cycle_4_12.graph,5,0.3,3320,5897.592297044214,6003.6906333988945,0.017990110372304833,1548,465,2013,Exact_structureO
query_cycle_4_12.graph,1,0.4,4427,5897.592297044214,5848.771495375484,0.008278090313770697,1911,592,2503,Exact_structureO
query_cycle_4_12.graph,2,0.4,4427,5897.592297044214,5676.910531065126,0.037418959274226365,1918,566,2484,Exact_structureO
query_cycle_4_12.graph,3,0.4,4427,5897.592297044214,6235.269468806262,0.05725678459178782,1911,572,2483,Exact_structureO
query_cycle_4_12.graph,4,0.4,4427,5897.592297044214,5584.808726925356,0.05303580755753856,1888,579,2467,Exact_structureO
query_cycle_4_12.graph,5,0.4,4427,5897.592297044214,5811.351479049109,0.014623055248889946,1934,570,2504,Exact_structureO
query_cycle_4_12.graph,1,0.5,5534,5897.592297044214,5804.176954653937,0.01583957277567246,2278,694,2972,Exact_structureO
query_cycle_4_12.graph,2,0.5,5534,5897.592297044214,5945.081033468499,0.008052224370966712,2307,661,2968,Exact_structureO
query_cycle_4_12.graph,3,0.5,5534,5897.592297044214,6104.2079947362745,0.03503390659873401,2302,655,2957,Exact_structureO
query_cycle_4_12.graph,4,0.5,5534,5897.592297044214,5635.645378761802,0.04441590823660296,2279,682,2961,Exact_structureO
query_cycle_4_12.graph,5,0.5,5534,5897.592297044214,5554.366452094412,0.05819762161616731,2304,660,2964,Exact_structureO
query_cycle_4_12.graph,1,0.6,6641,5897.592297044214,6114.881555141952,0.03684372319304607,2730,784,3514,Exact_structureO
query_cycle_4_12.graph,2,0.6,6641,5897.592297044214,6003.601994876397,0.01797508076055259,2738,731,3469,Exact_structureO
query_cycle_4_12.graph,3,0.6,6641,5897.592297044214,6228.134249772349,0.05604693171038585,2737,757,3494,Exact_structureO
query_cycle_4_12.graph,4,0.6,6641,5897.592297044214,5999.051287676336,0.01720345956823285,2720,775,3495,Exact_structureO
query_cycle_4_12.graph,5,0.6,6641,5897.592297044214,5627.110566455502,0.04586307716189099,2704,765,3469,Exact_structureO
query_cycle_4_12.graph,1,0.7,7748,5897.592297044214,6165.530039103935,0.045431716633584106,3096,850,3946,Exact_structureO
query_cycle_4_12.graph,2,0.7,7748,5897.592297044214,5760.3882653598785,0.023264414488790703,3130,814,3944,Exact_structureO
query_cycle_4_12.graph,3,0.7,7748,5897.592297044214,6013.281110893205,0.01961627864763928,3107,827,3934,Exact_structureO
query_cycle_4_12.graph,4,0.7,7748,5897.592297044214,5661.647671659891,0.04000694071419202,3091,859,3950,Exact_structureO
query_cycle_4_12.graph,5,0.7,7748,5897.592297044214,5767.762258067664,0.022014074971174063,3099,852,3951,Exact_structureO
query_cycle_4_12.graph,1,0.8,8855,5897.592297044214,6232.500084238896,0.05678720574878206,3547,919,4466,Exact_structureO
query_cycle_4_12.graph,2,0.8,8855,5897.592297044214,5982.695608178228,0.0144301787657764,3522,889,4411,Exact_structureO
query_cycle_4_12.graph,3,0.8,8855,5897.592297044214,5923.068451686915,0.00431975514066461,3537,910,4447,Exact_structureO
query_cycle_4_12.graph,4,0.8,8855,5897.592297044214,5740.723588449828,0.02659877127705265,3525,937,4462,Exact_structureO
query_cycle_4_12.graph,5,0.8,8855,5897.592297044214,5842.524354264046,0.009337360062642361,3506,930,4436,Exact_structureO
query_cycle_4_13.graph,1,0.01,469,5893.971019877392,1777.551236749117,0.6984119482850639,243,59,302,Exact_structureO
query_cycle_4_13.graph,2,0.01,469,5893.971019877392,6315.793749999999,0.07156851105986298,227,57,284,Exact_structureO
query_cycle_4_13.graph,3,0.01,469,5893.971019877392,8557.16287878788,0.4518501787553561,248,61,309,Exact_structureO
query_cycle_4_13.graph,4,0.01,469,5893.971019877392,254.9822134387352,0.9567384684147905,251,60,311,Exact_structureO
query_cycle_4_13.graph,5,0.01,469,5893.971019877392,583.4448906738063,0.9010098813336305,230,61,291,Exact_structureO
query_cycle_4_13.graph,1,0.05,2345,5893.971019877392,2441.610298914086,0.5857444343245385,636,247,883,Exact_structureO
query_cycle_4_13.graph,2,0.05,2345,5893.971019877392,4820.9035444234405,0.18206188524426672,629,267,896,Exact_structureO
query_cycle_4_13.graph,3,0.05,2345,5893.971019877392,5455.742600062054,0.07435198075073902,628,256,884,Exact_structureO
query_cycle_4_13.graph,4,0.05,2345,5893.971019877392,3535.2212389380534,0.40019704423120933,681,225,906,Exact_structureO
query_cycle_4_13.graph,5,0.05,2345,5893.971019877392,3119.765145848916,0.47068536045943876,641,252,893,Exact_structureO
query_cycle_4_13.graph,1,0.075,3518,5893.971019877392,5076.261486550037,0.1387366056890393,780,319,1099,Exact_structureO
query_cycle_4_13.graph,2,0.075,3518,5893.971019877392,4245.939197748065,0.27961315326650676,782,349,1131,Exact_structureO
query_cycle_4_13.graph,3,0.075,3518,5893.971019877392,4707.922761449078,0.20123075841879287,779,337,1116,Exact_structureO
query_cycle_4_13.graph,4,0.075,3518,5893.971019877392,4474.911139684627,0.24076465177840053,795,294,1089,Exact_structureO
query_cycle_4_13.graph,5,0.075,3518,5893.971019877392,3927.067235123367,0.3337145327183745,786,341,1127,Exact_structureO
query_cycle_4_13.graph,1,0.1,4691,5893.971019877392,5369.435203293876,0.08899531653863264,904,393,1297,Exact_structureO
query_cycle_4_13.graph,2,0.1,4691,5893.971019877392,4277.645160617874,0.274233764266649,909,413,1322,Exact_structureO
query_cycle_4_13.graph,3,0.1,4691,5893.971019877392,5903.817065562613,0.0016705283504135104,907,405,1312,Exact_structureO
query_cycle_4_13.graph,4,0.1,4691,5893.971019877392,4885.960573300573,0.17102399098626514,914,373,1287,Exact_structureO
query_cycle_4_13.graph,5,0.1,4691,5893.971019877392,5380.606367451195,0.08709996209599209,871,385,1256,Exact_structureO
query_cycle_4_13.graph,1,0.125,5864,5893.971019877392,5410.0144167758845,0.0821104483665369,1015,450,1465,Exact_structureO
query_cycle_4_13.graph,2,0.125,5864,5893.971019877392,5466.6353854940035,0.07250385740652623,1021,481,1502,Exact_structureO
query_cycle_4_13.graph,3,0.125,5864,5893.971019877392,5951.369900058789,0.0097385752301496,1014,465,1479,Exact_structureO
query_cycle_4_13.graph,4,0.125,5864,5893.971019877392,3997.229822491738,0.32181040439270947,1055,440,1495,Exact_structureO
query_cycle_4_13.graph,5,0.125,5864,5893.971019877392,5979.110836164495,0.014445238363061023,1022,481,1503,Exact_structureO
query_cycle_4_13.graph,1,0.15,7037,5893.971019877392,5567.493245669395,0.055391818708804635,1135,518,1653,Exact_structureO
query_cycle_4_13.graph,2,0.15,7037,5893.971019877392,5161.786275441952,0.12422605098772117,1123,553,1676,Exact_structureO
query_cycle_4_13.graph,3,0.15,7037,5893.971019877392,6310.908196599782,0.07073960413382953,1136,520,1656,Exact_structureO
query_cycle_4_13.graph,4,0.15,7037,5893.971019877392,4128.492224097352,0.2995397822327206,1141,485,1626,Exact_structureO
query_cycle_4_13.graph,5,0.15,7037,5893.971019877392,5979.353852299373,0.014486469671131395,1128,541,1669,Exact_structureO
query_cycle_4_13.graph,1,0.2,9383,5893.971019877392,6881.71167903771,0.16758491954391486,1313,600,1913,Exact_structureO
query_cycle_4_13.graph,2,0.2,9383,5893.971019877392,4869.5510547737385,0.17380811029589413,1299,672,1971,Exact_structureO
query_cycle_4_13.graph,3,0.2,9383,5893.971019877392,6009.281103215382,0.019564073686332627,1323,608,1931,Exact_structureO
query_cycle_4_13.graph,4,0.2,9383,5893.971019877392,4990.982129291322,0.15320551925700748,1337,584,1921,Exact_structureO
query_cycle_4_13.graph,5,0.2,9383,5893.971019877392,5942.464654755141,0.008227667681806477,1300,617,1917,Exact_structureO
query_cycle_4_13.graph,1,0.3,14074,5893.971019877392,5939.023530442619,0.007643829671589399,1829,867,2696,Exact_structureO
query_cycle_4_13.graph,2,0.3,14074,5893.971019877392,4961.603301526618,0.15819007511342817,1795,930,2725,Exact_structureO
query_cycle_4_13.graph,3,0.3,14074,5893.971019877392,5726.219628055041,0.02846152301336576,1806,849,2655,Exact_structureO
query_cycle_4_13.graph,4,0.3,14074,5893.971019877392,5743.615032414126,0.025510133483213723,1818,841,2659,Exact_structureO
query_cycle_4_13.graph,5,0.3,14074,5893.971019877392,5431.344919965993,0.0784914106891932,1788,890,2678,Exact_structureO
query_cycle_4_13.graph,1,0.4,18766,5893.971019877392,5929.459314889993,0.006021118002263166,2132,1035,3167,Exact_structureO
query_cycle_4_13.graph,2,0.4,18766,5893.971019877392,4770.240695661893,0.19065759238138819,2176,1082,3258,Exact_structureO
query_cycle_4_13.graph,3,0.4,18766,5893.971019877392,5754.569977122778,0.023651463891573986,2170,1007,3177,Exact_structureO
query_cycle_4_13.graph,4,0.4,18766,5893.971019877392,6035.574455722284,0.024025132693617834,2193,1033,3226,Exact_structureO
query_cycle_4_13.graph,5,0.4,18766,5893.971019877392,5396.9412409896195,0.08432850742081045,2170,1066,3236,Exact_structureO
query_cycle_4_13.graph,1,0.5,23458,5893.971019877392,5774.212180631704,0.020318871409751096,2539,1189,3728,Exact_structureO
query_cycle_4_13.graph,2,0.5,23458,5893.971019877392,4929.4312318161865,0.16364854608349771,2514,1219,3733,Exact_structureO
query_cycle_4_13.graph,3,0.5,23458,5893.971019877392,6300.511265876171,0.06897560992881095,2521,1172,3693,Exact_structureO
query_cycle_4_13.graph,4,0.5,23458,5893.971019877392,5756.586838391492,0.023309273327366584,2493,1176,3669,Exact_structureO
query_cycle_4_13.graph,5,0.5,23458,5893.971019877392,6329.247102407875,0.07385107274238648,2518,1212,3730,Exact_structureO
query_cycle_4_13.graph,1,0.6,28149,5893.971019877392,6060.280941566483,0.028216956128255793,2844,1331,4175,Exact_structureO
query_cycle_4_13.graph,2,0.6,28149,5893.971019877392,5045.793699816782,0.14390591965928165,2859,1354,4213,Exact_structureO
query_cycle_4_13.graph,3,0.6,28149,5893.971019877392,5692.796946031006,0.03413217899577843,2845,1299,4144,Exact_structureO
query_cycle_4_13.graph,4,0.6,28149,5893.971019877392,5885.284869087354,0.001473734899737981,2848,1318,4166,Exact_structureO
query_cycle_4_13.graph,5,0.6,28149,5893.971019877392,6633.307411400738,0.12543943447124817,2844,1326,4170,Exact_structureO
query_cycle_4_13.graph,1,0.7,32841,5893.971019877392,6042.373363665878,0.025178668725719878,3157,1441,4598,Exact_structureO
query_cycle_4_13.graph,2,0.7,32841,5893.971019877392,5362.240430711049,0.09021601690491582,3122,1441,4563,Exact_structureO
query_cycle_4_13.graph,3,0.7,32841,5893.971019877392,5727.77614992596,0.028197435886762923,3162,1418,4580,Exact_structureO
query_cycle_4_13.graph,4,0.7,32841,5893.971019877392,5660.846591413745,0.039553032696875455,3155,1471,4626,Exact_structureO
query_cycle_4_13.graph,5,0.7,32841,5893.971019877392,6567.621574330529,0.11429485353444287,3142,1446,4588,Exact_structureO
query_cycle_4_13.graph,1,0.8,37532,5893.971019877392,5820.051177720457,0.012541602581288594,3421,1531,4952,Exact_structureO
query_cycle_4_13.graph,2,0.8,37532,5893.971019877392,5536.316279987846,0.06068145545394716,3407,1543,4950,Exact_structureO
query_cycle_4_13.graph,3,0.8,37532,5893.971019877392,5952.066635777668,0.009856786825783335,3425,1509,4934,Exact_structureO
query_cycle_4_13.graph,4,0.8,37532,5893.971019877392,5514.496183723576,0.06438355989095275,3408,1585,4993,Exact_structureO
query_cycle_4_13.graph,5,0.8,37532,5893.971019877392,6320.148396605888,0.07230734173805986,3418,1538,4956,Exact_structureO
query_cycle_4_14.graph,1,0.01,433,686.2645865834634,185.45281899109793,0.7297648419913866,380,13,393,Exact_structureO
query_cycle_4_14.graph,2,0.01,433,686.2645865834634,0.32132564841498557,0.9995317758562849,379,16,395,Exact_structureO
query_cycle_4_14.graph,3,0.01,433,686.2645865834634,5409.27556818182,6.882201229574804,371,23,394,Exact_structureO
query_cycle_4_14.graph,4,0.01,433,686.2645865834634,1246.5158371040725,0.816377912358547,362,31,393,Exact_structureO
query_cycle_4_14.graph,5,0.01,433,686.2645865834634,295.8260694108152,0.5689329229655116,347,18,365,Exact_structureO
query_cycle_4_14.graph,1,0.05,2169,686.2645865834634,255.25262179742467,0.6280550872249024,1176,71,1247,Exact_structureO
query_cycle_4_14.graph,2,0.05,2169,686.2645865834634,984.2605952122659,0.43422903418688985,1182,78,1260,Exact_structureO
query_cycle_4_14.graph,3,0.05,2169,686.2645865834634,1105.786192916268,0.6113117513776627,1204,93,1297,Exact_structureO
query_cycle_4_14.graph,4,0.05,2169,686.2645865834634,858.9709526226229,0.2516614865688615,1156,89,1245,Exact_structureO
query_cycle_4_14.graph,5,0.05,2169,686.2645865834634,325.67604080507306,0.5254366214255114,1160,82,1242,Exact_structureO
query_cycle_4_14.graph,1,0.075,3254,686.2645865834634,428.98147818976855,0.3749036645975963,1547,105,1652,Exact_structureO
query_cycle_4_14.graph,2,0.075,3254,686.2645865834634,862.7819916012891,0.2572147950932591,1504,114,1618,Exact_structureO
query_cycle_4_14.graph,3,0.075,3254,686.2645865834634,991.3539054966249,0.44456515005682373,1498,126,1624,Exact_structureO
query_cycle_4_14.graph,4,0.075,3254,686.2645865834634,587.8109364503562,0.1434631074630474,1525,125,1650,Exact_structureO
query_cycle_4_14.graph,5,0.075,3254,686.2645865834634,616.496614190548,0.10166337263627717,1512,114,1626,Exact_structureO
query_cycle_4_14.graph,1,0.1,4339,686.2645865834634,382.9884892849565,0.4419229889281523,1807,133,1940,Exact_structureO
query_cycle_4_14.graph,2,0.1,4339,686.2645865834634,847.2067986781088,0.23451918580833211,1805,152,1957,Exact_structureO
query_cycle_4_14.graph,3,0.1,4339,686.2645865834634,880.0927666388193,0.28243943202769733,1819,161,1980,Exact_structureO
query_cycle_4_14.graph,4,0.1,4339,686.2645865834634,529.96996996997,0.22774687732555016,1783,168,1951,Exact_structureO
query_cycle_4_14.graph,5,0.1,4339,686.2645865834634,651.0992822966508,0.051241612891437985,1774,147,1921,Exact_structureO
query_cycle_4_14.graph,1,0.125,5424,686.2645865834634,408.83828249230464,0.4042556027439982,2021,162,2183,Exact_structureO
query_cycle_4_14.graph,2,0.125,5424,686.2645865834634,770.641809565454,0.1229514455963096,2048,188,2236,Exact_structureO
query_cycle_4_14.graph,3,0.125,5424,686.2645865834634,764.9417706693993,0.1146455545340415,2021,191,2212,Exact_structureO
query_cycle_4_14.graph,4,0.125,5424,686.2645865834634,489.38382692234956,0.2868875409137394,2026,203,2229,Exact_structureO
query_cycle_4_14.graph,5,0.125,5424,686.2645865834634,572.0787480376766,0.1663874849119866,2026,179,2205,Exact_structureO
query_cycle_4_14.graph,1,0.15,6509,686.2645865834634,437.6755355908777,0.3622349977727611,2208,189,2397,Exact_structureO
query_cycle_4_14.graph,2,0.15,6509,686.2645865834634,828.6775171154724,0.2075189851206008,2183,208,2391,Exact_structureO
query_cycle_4_14.graph,3,0.15,6509,686.2645865834634,705.2581054833408,0.02767667058916129,2197,218,2415,Exact_structureO
query_cycle_4_14.graph,4,0.15,6509,686.2645865834634,552.9384693189481,0.194278008615122,2249,225,2474,Exact_structureO
query_cycle_4_14.graph,5,0.15,6509,686.2645865834634,580.9248167815811,0.1534973126419236,2229,207,2436,Exact_structureO
query_cycle_4_14.graph,1,0.2,8679,686.2645865834634,518.8262275573034,0.24398513678192862,2541,249,2790,Exact_structureO
query_cycle_4_14.graph,2,0.2,8679,686.2645865834634,631.69888969128,0.07951116516712044,2529,284,2813,Exact_structureO
query_cycle_4_14.graph,3,0.2,8679,686.2645865834634,668.6033650338085,0.025735294950276356,2547,274,2821,Exact_structureO
query_cycle_4_14.graph,4,0.2,8679,686.2645865834634,467.4656143212177,0.3188259696621186,2534,286,2820,Exact_structureO
query_cycle_4_14.graph,5,0.2,8679,686.2645865834634,630.5996476609059,0.08111294100090867,2554,239,2793,Exact_structureO
query_cycle_4_14.graph,1,0.3,13018,686.2645865834634,728.1784190816252,0.06107532476187923,3425,427,3852,Exact_structureO
query_cycle_4_14.graph,2,0.3,13018,686.2645865834634,677.1172183319538,0.013329215043791323,3418,473,3891,Exact_structureO
query_cycle_4_14.graph,3,0.3,13018,686.2645865834634,616.7371319015685,0.1013128989039549,3422,474,3896,Exact_structureO
query_cycle_4_14.graph,4,0.3,13018,686.2645865834634,690.78390831251,0.006585392598423093,3444,471,3915,Exact_structureO
query_cycle_4_14.graph,5,0.3,13018,686.2645865834634,718.7006752230126,0.04726469830103107,3444,458,3902,Exact_structureO
query_cycle_4_14.graph,1,0.4,17358,686.2645865834634,670.9184149476065,0.022361887726506602,4056,608,4664,Exact_structureO
query_cycle_4_14.graph,2,0.4,17358,686.2645865834634,790.8970165316497,0.15246660252293368,4017,668,4685,Exact_structureO
query_cycle_4_14.graph,3,0.4,17358,686.2645865834634,620.8209819374122,0.09536205994813046,4024,641,4665,Exact_structureO
query_cycle_4_14.graph,4,0.4,17358,686.2645865834634,668.22523899601,0.02628628657244489,4031,654,4685,Exact_structureO
query_cycle_4_14.graph,5,0.4,17358,686.2645865834634,825.5615118458974,0.2029784546451935,4064,636,4700,Exact_structureO
query_cycle_4_14.graph,1,0.5,21698,686.2645865834634,654.8155996945227,0.04582632923768952,4486,772,5258,Exact_structureO
query_cycle_4_14.graph,2,0.5,21698,686.2645865834634,757.1784981000569,0.10333319378992756,4434,815,5249,Exact_structureO
query_cycle_4_14.graph,3,0.5,21698,686.2645865834634,728.2901230575069,0.06123809576604516,4487,826,5313,Exact_structureO
query_cycle_4_14.graph,4,0.5,21698,686.2645865834634,643.6217083636019,0.06213766388872997,4428,793,5221,Exact_structureO
query_cycle_4_14.graph,5,0.5,21698,686.2645865834634,722.4284448828932,0.05269666977786218,4466,796,5262,Exact_structureO
query_cycle_4_14.graph,1,0.6,26037,686.2645865834634,674.565131859546,0.017048023390165833,4933,996,5929,Exact_structureO
query_cycle_4_14.graph,2,0.6,26037,686.2645865834634,683.3788530437594,0.004204986817213602,4897,1029,5926,Exact_structureO
query_cycle_4_14.graph,3,0.6,26037,686.2645865834634,701.4323596442744,0.022101931758307748,4903,1028,5931,Exact_structureO
query_cycle_4_14.graph,4,0.6,26037,686.2645865834634,665.4110379235988,0.030387038858704675,4912,989,5901,Exact_structureO
query_cycle_4_14.graph,5,0.6,26037,686.2645865834634,646.6384286102879,0.057741807967175623,4897,979,5876,Exact_structureO
query_cycle_4_14.graph,1,0.7,30377,686.2645865834634,641.3206762870338,0.06549064482575256,5237,1152,6389,Exact_structureO
query_cycle_4_14.graph,2,0.7,30377,686.2645865834634,758.0013228396203,0.10453218431872612,5193,1195,6388,Exact_structureO
query_cycle_4_14.graph,3,0.7,30377,686.2645865834634,733.4957147034983,0.06882349613167844,5234,1193,6427,Exact_structureO
query_cycle_4_14.graph,4,0.7,30377,686.2645865834634,666.1260292779765,0.029345179248933345,5227,1147,6374,Exact_structureO
query_cycle_4_14.graph,5,0.7,30377,686.2645865834634,625.193518488783,0.08899055741564622,5209,1131,6340,Exact_structureO
query_cycle_4_14.graph,1,0.8,34716,686.2645865834634,617.1112101437853,0.10076780558349212,5506,1319,6825,Exact_structureO
query_cycle_4_14.graph,2,0.8,34716,686.2645865834634,790.45518299427,0.15182277863049107,5491,1360,6851,Exact_structureO
query_cycle_4_14.graph,3,0.8,34716,686.2645865834634,737.8627444178051,0.07518697429984074,5504,1346,6850,Exact_structureO
query_cycle_4_14.graph,4,0.8,34716,686.2645865834634,648.2290386000428,0.05542402846805598,5530,1299,6829,Exact_structureO
query_cycle_4_14.graph,5,0.8,34716,686.2645865834634,582.5912659491804,0.1510690230285899,5515,1321,6836,Exact_structureO
query_cycle_4_15.graph,1,0.01,469,5893.971019877392,2020.8835341365464,0.6571269985344133,241,70,311,Exact_structureO
query_cycle_4_15.graph,2,0.01,469,5893.971019877392,6449.805447470817,0.09430559222617076,232,60,292,Exact_structureO
query_cycle_4_15.graph,3,0.01,469,5893.971019877392,5875.6637931034475,0.0031060937884158876,237,65,302,Exact_structureO
query_cycle_4_15.graph,4,0.01,469,5893.971019877392,5936.743892508143,0.00725705513082777,224,79,303,Exact_structureO
query_cycle_4_15.graph,5,0.01,469,5893.971019877392,3750.7101363366914,0.3636361421378833,241,73,314,Exact_structureO
query_cycle_4_15.graph,1,0.05,2348,5893.971019877392,5023.655864197531,0.1476619333119771,633,249,882,Exact_structureO
query_cycle_4_15.graph,2,0.05,2348,5893.971019877392,6198.812264150943,0.05172085903467712,632,238,870,Exact_structureO
query_cycle_4_15.graph,3,0.05,2348,5893.971019877392,5643.231525104322,0.042541691149727764,651,234,885,Exact_structureO
query_cycle_4_15.graph,4,0.05,2348,5893.971019877392,6847.995051102743,0.16186439125810237,616,277,893,Exact_structureO
query_cycle_4_15.graph,5,0.05,2348,5893.971019877392,8486.108028324272,0.4397946647014227,629,251,880,Exact_structureO
query_cycle_4_15.graph,1,0.075,3522,5893.971019877392,5173.733146624369,0.12219908629072389,797,325,1122,Exact_structureO
query_cycle_4_15.graph,2,0.075,3522,5893.971019877392,6368.334682103307,0.08048286301818013,769,326,1095,Exact_structureO
query_cycle_4_15.graph,3,0.075,3522,5893.971019877392,5969.775869660942,0.012861422210577261,786,294,1080,Exact_structureO
query_cycle_4_15.graph,4,0.075,3522,5893.971019877392,6227.364151820553,0.05656511218307562,769,336,1105,Exact_structureO
query_cycle_4_15.graph,5,0.075,3522,5893.971019877392,8012.984129165236,0.3595221459592321,772,324,1096,Exact_structureO
query_cycle_4_15.graph,1,0.1,4697,5893.971019877392,5006.989751958886,0.15048958756790043,912,392,1304,Exact_structureO
query_cycle_4_15.graph,2,0.1,4697,5893.971019877392,6321.94427402863,0.0726120391002773,900,394,1294,Exact_structureO
query_cycle_4_15.graph,3,0.1,4697,5893.971019877392,5643.378384210818,0.042516774314202005,931,367,1298,Exact_structureO
query_cycle_4_15.graph,4,0.1,4697,5893.971019877392,7289.405045343102,0.23675617351351316,905,408,1313,Exact_structureO
query_cycle_4_15.graph,5,0.1,4697,5893.971019877392,6566.837789237789,0.11416187271555242,891,388,1279,Exact_structureO
query_cycle_4_15.graph,1,0.125,5871,5893.971019877392,4701.395137108044,0.2023382671457649,1007,450,1457,Exact_structureO
query_cycle_4_15.graph,2,0.125,5871,5893.971019877392,5872.395005601648,0.003660692290983198,1015,473,1488,Exact_structureO
query_cycle_4_15.graph,3,0.125,5871,5893.971019877392,4646.556001087147,0.2116425436405003,1028,411,1439,Exact_structureO
query_cycle_4_15.graph,4,0.125,5871,5893.971019877392,7165.859476878281,0.21579482707184192,1020,465,1485,Exact_structureO
query_cycle_4_15.graph,5,0.125,5871,5893.971019877392,5609.114236653738,0.048330197461605384,1035,463,1498,Exact_structureO
query_cycle_4_15.graph,1,0.15,7045,5893.971019877392,4919.473130084857,0.16533808641169848,1129,531,1660,Exact_structureO
query_cycle_4_15.graph,2,0.15,7045,5893.971019877392,5265.001040771648,0.10671412821416074,1142,543,1685,Exact_structureO
query_cycle_4_15.graph,3,0.15,7045,5893.971019877392,4664.266153239672,0.20863775245764615,1138,491,1629,Exact_structureO
query_cycle_4_15.graph,4,0.15,7045,5893.971019877392,6086.713676623943,0.032701663461955806,1121,519,1640,Exact_structureO
query_cycle_4_15.graph,5,0.15,7045,5893.971019877392,5431.303653454203,0.07849841216776343,1145,514,1659,Exact_structureO
query_cycle_4_15.graph,1,0.2,9394,5893.971019877392,5708.210353675736,0.03151706473872691,1310,613,1923,Exact_structureO
query_cycle_4_15.graph,2,0.2,9394,5893.971019877392,5502.588276363358,0.06640391379497747,1328,632,1960,Exact_structureO
query_cycle_4_15.graph,3,0.2,9394,5893.971019877392,4796.571349305715,0.18619020468046102,1344,596,1940,Exact_structureO
query_cycle_4_15.graph,4,0.2,9394,5893.971019877392,5492.029258400928,0.06819540851506013,1327,618,1945,Exact_structureO
query_cycle_4_15.graph,5,0.2,9394,5893.971019877392,5566.134612411911,0.05562233108372167,1329,621,1950,Exact_structureO
query_cycle_4_15.graph,1,0.3,14091,5893.971019877392,6075.759342134805,0.030843097403148483,1807,866,2673,Exact_structureO
query_cycle_4_15.graph,2,0.3,14091,5893.971019877392,6391.173587378762,0.08435782358354947,1805,881,2686,Exact_structureO
query_cycle_4_15.graph,3,0.3,14091,5893.971019877392,4394.547667621808,0.2543995121792736,1846,852,2698,Exact_structureO
query_cycle_4_15.graph,4,0.3,14091,5893.971019877392,6071.475056443134,0.030116204502382306,1826,883,2709,Exact_structureO
query_cycle_4_15.graph,5,0.3,14091,5893.971019877392,5756.757949686283,0.023280241746754218,1831,866,2697,Exact_structureO
query_cycle_4_15.graph,1,0.4,18788,5893.971019877392,5926.2519292927045,0.005476937247646011,2167,1063,3230,Exact_structureO
query_cycle_4_15.graph,2,0.4,18788,5893.971019877392,5525.347441295717,0.06254248236689557,2165,1049,3214,Exact_structureO
query_cycle_4_15.graph,3,0.4,18788,5893.971019877392,4898.289770005536,0.16893215906795686,2168,989,3157,Exact_structureO
query_cycle_4_15.graph,4,0.4,18788,5893.971019877392,6131.572867758232,0.04031269361174815,2180,1046,3226,Exact_structureO
query_cycle_4_15.graph,5,0.4,18788,5893.971019877392,5527.578783343526,0.06216390194288529,2152,1029,3181,Exact_structureO
query_cycle_4_15.graph,1,0.5,23485,5893.971019877392,5585.406671449163,0.052352539126439064,2454,1181,3635,Exact_structureO
query_cycle_4_15.graph,2,0.5,23485,5893.971019877392,5914.680981385795,0.0035137535353599826,2468,1178,3646,Exact_structureO
query_cycle_4_15.graph,3,0.5,23485,5893.971019877392,5204.888333423897,0.11691314465740776,2498,1162,3660,Exact_structureO
query_cycle_4_15.graph,4,0.5,23485,5893.971019877392,5954.72329931119,0.010307529376868586,2506,1205,3711,Exact_structureO
query_cycle_4_15.graph,5,0.5,23485,5893.971019877392,5653.727993718226,0.04076080885856881,2505,1170,3675,Exact_structureO
query_cycle_4_15.graph,1,0.6,28182,5893.971019877392,5502.9666810849585,0.06633971179596454,2864,1320,4184,Exact_structureO
query_cycle_4_15.graph,2,0.6,28182,5893.971019877392,6041.735495762943,0.025070444932154608,2826,1317,4143,Exact_structureO
query_cycle_4_15.graph,3,0.6,28182,5893.971019877392,5574.738840799781,0.05416249554010383,2824,1288,4112,Exact_structureO
query_cycle_4_15.graph,4,0.6,28182,5893.971019877392,6378.522177358292,0.0822113233754888,2833,1320,4153,Exact_structureO
query_cycle_4_15.graph,5,0.6,28182,5893.971019877392,5559.435304993949,0.056758968402664776,2848,1308,4156,Exact_structureO
query_cycle_4_15.graph,1,0.7,32879,5893.971019877392,5417.148417825676,0.08090005879629093,3122,1424,4546,Exact_structureO
query_cycle_4_15.graph,2,0.7,32879,5893.971019877392,5678.524644990094,0.0365536875157183,3143,1440,4583,Exact_structureO
query_cycle_4_15.graph,3,0.7,32879,5893.971019877392,5771.213372025879,0.02082766397009984,3176,1409,4585,Exact_structureO
query_cycle_4_15.graph,4,0.7,32879,5893.971019877392,6230.935760964599,0.05717108888910287,3122,1432,4554,Exact_structureO
query_cycle_4_15.graph,5,0.7,32879,5893.971019877392,5565.248418928985,0.055772687011828026,3147,1416,4563,Exact_structureO
query_cycle_4_15.graph,1,0.8,37576,5893.971019877392,5391.751810508401,0.08520897162121409,3406,1543,4949,Exact_structureO
query_cycle_4_15.graph,2,0.8,37576,5893.971019877392,5488.452378335223,0.06880227951148024,3394,1530,4924,Exact_structureO
query_cycle_4_15.graph,3,0.8,37576,5893.971019877392,5695.737728708024,0.033633231398801686,3422,1503,4925,Exact_structureO
query_cycle_4_15.graph,4,0.8,37576,5893.971019877392,6452.927785624672,0.09483534341485572,3417,1522,4939,Exact_structureO
query_cycle_4_15.graph,5,0.8,37576,5893.971019877392,5608.18989349319,0.048487026050926724,3434,1505,4939,Exact_structureO
query_cycle_4_16.graph,1,0.01,84,364.6539157990041,5615.328,14.39906129266729,82,9,91,Exact_structureO
query_cycle_4_16.graph,2,0.01,84,364.6539157990041,10123.333333333332,26.76148258589735,87,4,91,Exact_structureO
query_cycle_4_16.graph,3,0.01,84,364.6539157990041,124.46428571428571,0.6586783239621373,79,7,86,Exact_structureO
query_cycle_4_16.graph,4,0.01,84,364.6539157990041,69.53125,0.8093226289709573,86,7,93,Exact_structureO
query_cycle_4_16.graph,5,0.01,84,364.6539157990041,6978.052631578947,18.13609680096024,82,6,88,Exact_structureO
query_cycle_4_16.graph,1,0.05,421,364.6539157990041,1504.9689963215972,3.127115961511107,333,35,368,Exact_structureO
query_cycle_4_16.graph,2,0.05,421,364.6539157990041,1919.8712000000003,4.264913159627843,352,27,379,Exact_structureO
query_cycle_4_16.graph,3,0.05,421,364.6539157990041,318.47165991902835,0.12664681189226892,340,22,362,Exact_structureO
query_cycle_4_16.graph,4,0.05,421,364.6539157990041,121.56253526424675,0.6666358703487731,346,20,366,Exact_structureO
query_cycle_4_16.graph,5,0.05,421,364.6539157990041,1641.2085769980504,3.5007293378488726,347,28,375,Exact_structureO
query_cycle_4_16.graph,1,0.075,632,364.6539157990041,1190.197125489973,2.2639088020818217,500,45,545,Exact_structureO
query_cycle_4_16.graph,2,0.075,632,364.6539157990041,1237.9517197180091,2.3948674786763116,508,39,547,Exact_structureO
query_cycle_4_16.graph,3,0.075,632,364.6539157990041,458.6596782700422,0.2577944686678032,512,39,551,Exact_structureO
query_cycle_4_16.graph,4,0.075,632,364.6539157990041,117.58373983739838,0.6775470254316147,507,28,535,Exact_structureO
query_cycle_4_16.graph,5,0.075,632,364.6539157990041,1119.008966624232,2.0686876464012127,510,44,554,Exact_structureO
query_cycle_4_16.graph,1,0.1,843,364.6539157990041,965.722232627833,1.6483254142816763,670,56,726,Exact_structureO
query_cycle_4_16.graph,2,0.1,843,364.6539157990041,870.8763434338533,1.3882270440608053,679,58,737,Exact_structureO
query_cycle_4_16.graph,3,0.1,843,364.6539157990041,348.1117973505191,0.045363885404162065,675,55,730,Exact_structureO
query_cycle_4_16.graph,4,0.1,843,364.6539157990041,136.61422586683304,0.6253592243278301,684,42,726,Exact_structureO
query_cycle_4_16.graph,5,0.1,843,364.6539157990041,801.5110913930789,1.1980048935903074,660,62,722,Exact_structureO
query_cycle_4_16.graph,1,0.125,1054,364.6539157990041,686.9460994659341,0.8838303106131358,825,69,894,Exact_structureO
query_cycle_4_16.graph,2,0.125,1054,364.6539157990041,846.372331731555,1.321029049906247,822,66,888,Exact_structureO
query_cycle_4_16.graph,3,0.125,1054,364.6539157990041,317.675037593985,0.1288314101936415,825,74,899,Exact_structureO
query_cycle_4_16.graph,4,0.125,1054,364.6539157990041,288.96703296703294,0.20755812443733498,822,60,882,Exact_structureO
query_cycle_4_16.graph,5,0.125,1054,364.6539157990041,623.2392648357657,0.7091253866564615,818,81,899,Exact_structureO
query_cycle_4_16.graph,1,0.15,1264,364.6539157990041,632.6160653505787,0.7348396327088239,952,78,1030,Exact_structureO
query_cycle_4_16.graph,2,0.15,1264,364.6539157990041,765.7501452945329,1.09993671291497,959,83,1042,Exact_structureO
query_cycle_4_16.graph,3,0.15,1264,364.6539157990041,259.0868686868687,0.2894992828496694,961,93,1054,Exact_structureO
query_cycle_4_16.graph,4,0.15,1264,364.6539157990041,260.4030983118173,0.2858897518178564,956,75,1031,Exact_structureO
query_cycle_4_16.graph,5,0.15,1264,364.6539157990041,557.0605643496215,0.527641800113484,959,92,1051,Exact_structureO
query_cycle_4_16.graph,1,0.2,1686,364.6539157990041,500.430625,0.3723440317471746,1216,106,1322,Exact_structureO
query_cycle_4_16.graph,2,0.2,1686,364.6539157990041,631.5250801802914,0.7318477954543225,1224,110,1334,Exact_structureO
query_cycle_4_16.graph,3,0.2,1686,364.6539157990041,271.48400412796695,0.2555022930903944,1210,117,1327,Exact_structureO
query_cycle_4_16.graph,4,0.2,1686,364.6539157990041,267.144813646739,0.26740176898583407,1218,104,1322,Exact_structureO
query_cycle_4_16.graph,5,0.2,1686,364.6539157990041,525.5065105659368,0.4411102906011135,1221,110,1331,Exact_structureO
query_cycle_4_16.graph,1,0.3,2529,364.6539157990041,480.0065896188159,0.3163346636962861,1807,162,1969,Exact_structureO
query_cycle_4_16.graph,2,0.3,2529,364.6539157990041,423.0910716001402,0.16025374545366586,1784,181,1965,Exact_structureO
query_cycle_4_16.graph,3,0.3,2529,364.6539157990041,265.48616588410886,0.27195032225995935,1797,188,1985,Exact_structureO
query_cycle_4_16.graph,4,0.3,2529,364.6539157990041,272.0242702504215,0.2540207071288923,1817,172,1989,Exact_structureO
query_cycle_4_16.graph,5,0.3,2529,364.6539157990041,445.7863398154632,0.22249157489146223,1804,174,1978,Exact_structureO
query_cycle_4_16.graph,1,0.4,3373,364.6539157990041,364.2810023640663,0.0010226502960230066,2335,224,2559,Exact_structureO
query_cycle_4_16.graph,2,0.4,3373,364.6539157990041,337.5071458005346,0.07444529956297712,2343,249,2592,Exact_structureO
query_cycle_4_16.graph,3,0.4,3373,364.6539157990041,228.88157245043556,0.37233205915552475,2344,243,2587,Exact_structureO
query_cycle_4_16.graph,4,0.4,3373,364.6539157990041,264.80450204031706,0.2738196669022572,2345,232,2577,Exact_structureO
query_cycle_4_16.graph,5,0.4,3373,364.6539157990041,414.1933349373301,0.13585324877090302,2350,226,2576,Exact_structureO
query_cycle_4_16.graph,1,0.5,4216,364.6539157990041,370.7541165771985,0.01672874063295895,2825,281,3106,Exact_structureO
query_cycle_4_16.graph,2,0.5,4216,364.6539157990041,312.58756744479774,0.14278291305366136,2824,300,3124,Exact_structureO
query_cycle_4_16.graph,3,0.5,4216,364.6539157990041,239.51328508621992,0.34317643467117254,2826,295,3121,Exact_structureO
query_cycle_4_16.graph,4,0.5,4216,364.6539157990041,345.0395364962799,0.05378902694558089,2814,279,3093,Exact_structureO
query_cycle_4_16.graph,5,0.5,4216,364.6539157990041,357.54535681171626,0.019493987804058158,2836,289,3125,Exact_structureO
query_cycle_4_16.graph,1,0.6,5059,364.6539157990041,402.1436568717135,0.10280910048796413,3351,338,3689,Exact_structureO
query_cycle_4_16.graph,2,0.6,5059,364.6539157990041,396.442398191962,0.08717438923782081,3320,363,3683,Exact_structureO
query_cycle_4_16.graph,3,0.6,5059,364.6539157990041,286.48332063813626,0.21436927391712196,3352,344,3696,Exact_structureO
query_cycle_4_16.graph,4,0.6,5059,364.6539157990041,350.140712784875,0.0397999373798819,3337,333,3670,Exact_structureO
query_cycle_4_16.graph,5,0.6,5059,364.6539157990041,368.60985543908333,0.010848477059162408,3348,336,3684,Exact_structureO
query_cycle_4_16.graph,1,0.7,5903,364.6539157990041,393.55496366023704,0.0792561017695559,3827,387,4214,Exact_structureO
query_cycle_4_16.graph,2,0.7,5903,364.6539157990041,400.57830091993065,0.09851638379423834,3826,429,4255,Exact_structureO
query_cycle_4_16.graph,3,0.7,5903,364.6539157990041,320.7020583113067,0.1205303318665677,3847,410,4257,Exact_structureO
query_cycle_4_16.graph,4,0.7,5903,364.6539157990041,358.2393067590255,0.01759095065775818,3812,393,4205,Exact_structureO
query_cycle_4_16.graph,5,0.7,5903,364.6539157990041,382.554990496133,0.0490905867770686,3816,388,4204,Exact_structureO
query_cycle_4_16.graph,1,0.8,6746,364.6539157990041,393.2299011884872,0.07836467442525441,4282,449,4731,Exact_structureO
query_cycle_4_16.graph,2,0.8,6746,364.6539157990041,393.8865334765019,0.08016537437544123,4271,481,4752,Exact_structureO
query_cycle_4_16.graph,3,0.8,6746,364.6539157990041,326.7681637819948,0.10389509168987443,4279,468,4747,Exact_structureO
query_cycle_4_16.graph,4,0.8,6746,364.6539157990041,331.7857900130636,0.09013512363886772,4281,456,4737,Exact_structureO
query_cycle_4_16.graph,5,0.8,6746,364.6539157990041,407.93079221944845,0.11867931357769489,4262,468,4730,Exact_structureO
query_cycle_4_17.graph,1,0.01,434,612.9647473560517,175.18882466281306,0.7141942902614407,378,16,394,Exact_structureO
query_cycle_4_17.graph,2,0.01,434,612.9647473560517,91.9515306122449,0.8499888761811073,376,19,395,Exact_structureO
query_cycle_4_17.graph,3,0.01,434,612.9647473560517,768.8517258142926,0.25431638463817097,394,21,415,Exact_structureO
query_cycle_4_17.graph,4,0.01,434,612.9647473560517,84.97847556343378,0.8613648241110471,362,19,381,Exact_structureO
query_cycle_4_17.graph,5,0.01,434,612.9647473560517,379.9068354430379,0.38021421773157515,365,17,382,Exact_structureO
query_cycle_4_17.graph,1,0.05,2172,612.9647473560517,953.6167439510135,0.5557448418760172,1169,80,1249,Exact_structureO
query_cycle_4_17.graph,2,0.05,2172,612.9647473560517,607.4179370201402,0.009049150640125628,1169,85,1254,Exact_structureO
query_cycle_4_17.graph,3,0.05,2172,612.9647473560517,305.8104803693039,0.5010961369501592,1189,94,1283,Exact_structureO
query_cycle_4_17.graph,4,0.05,2172,612.9647473560517,240.9747250280584,0.6068701730931945,1138,94,1232,Exact_structureO
query_cycle_4_17.graph,5,0.05,2172,612.9647473560517,1287.3804506151796,1.1002520229232389,1168,89,1257,Exact_structureO
query_cycle_4_17.graph,1,0.075,3258,612.9647473560517,746.8996431757358,0.2185034235612992,1501,116,1617,Exact_structureO
query_cycle_4_17.graph,2,0.075,3258,612.9647473560517,540.0003763905539,0.11903518314914625,1519,132,1651,Exact_structureO
query_cycle_4_17.graph,3,0.075,3258,612.9647473560517,536.0207869889762,0.12552754575032882,1507,126,1633,Exact_structureO
query_cycle_4_17.graph,4,0.075,3258,612.9647473560517,327.90840235396684,0.4650452513486958,1498,131,1629,Exact_structureO
query_cycle_4_17.graph,5,0.075,3258,612.9647473560517,1019.936244439922,0.6639394823915926,1492,130,1622,Exact_structureO
query_cycle_4_17.graph,1,0.1,4344,612.9647473560517,926.1354692524283,0.5109114728819236,1764,160,1924,Exact_structureO
query_cycle_4_17.graph,2,0.1,4344,612.9647473560517,490.1697523787688,0.20032962010775343,1760,165,1925,Exact_structureO
query_cycle_4_17.graph,3,0.1,4344,612.9647473560517,481.83610099337744,0.21392526556915648,1794,150,1944,Exact_structureO
query_cycle_4_17.graph,4,0.1,4344,612.9647473560517,302.1980510752688,0.5069895089745976,1770,152,1922,Exact_structureO
query_cycle_4_17.graph,5,0.1,4344,612.9647473560517,967.3551043366808,0.5781578117000178,1779,161,1940,Exact_structureO
query_cycle_4_17.graph,1,0.125,5430,612.9647473560517,838.1836276083468,0.36742550240246136,1990,187,2177,Exact_structureO
query_cycle_4_17.graph,2,0.125,5430,612.9647473560517,443.88147477633095,0.27584501932458716,2012,203,2215,Exact_structureO
query_cycle_4_17.graph,3,0.125,5430,612.9647473560517,421.76019385026734,0.31193401305788265,1997,181,2178,Exact_structureO
query_cycle_4_17.graph,4,0.125,5430,612.9647473560517,298.7182924814101,0.5126664400034506,2021,188,2209,Exact_structureO
query_cycle_4_17.graph,5,0.125,5430,612.9647473560517,802.348342201032,0.30896327343760505,2033,195,2228,Exact_structureO
query_cycle_4_17.graph,1,0.15,6516,612.9647473560517,776.5008388061642,0.26679526376599205,2212,217,2429,Exact_structureO
query_cycle_4_17.graph,2,0.15,6516,612.9647473560517,484.7383288522645,0.20919052695424353,2222,247,2469,Exact_structureO
query_cycle_4_17.graph,3,0.15,6516,612.9647473560517,478.30865741045375,0.21967999061352303,2202,214,2416,Exact_structureO
query_cycle_4_17.graph,4,0.15,6516,612.9647473560517,287.51286373492866,0.5309471466751062,2221,229,2450,Exact_structureO
query_cycle_4_17.graph,5,0.15,6516,612.9647473560517,728.7046078013373,0.1888197664621257,2213,230,2443,Exact_structureO
query_cycle_4_17.graph,1,0.2,8688,612.9647473560517,915.1078866329142,0.4929209070833517,2591,298,2889,Exact_structureO
query_cycle_4_17.graph,2,0.2,8688,612.9647473560517,445.97911288515235,0.27242290064994995,2544,297,2841,Exact_structureO
query_cycle_4_17.graph,3,0.2,8688,612.9647473560517,570.6896945640615,0.0689681632986864,2564,273,2837,Exact_structureO
query_cycle_4_17.graph,4,0.2,8688,612.9647473560517,334.94070797104433,0.453572641141648,2535,289,2824,Exact_structureO
query_cycle_4_17.graph,5,0.2,8688,612.9647473560517,645.4052641232576,0.052923951837579634,2551,291,2842,Exact_structureO
query_cycle_4_17.graph,1,0.3,13032,612.9647473560517,694.2091597007636,0.13254336843211575,3472,492,3964,Exact_structureO
query_cycle_4_17.graph,2,0.3,13032,612.9647473560517,386.66018507177193,0.3691967005613565,3524,521,4045,Exact_structureO
query_cycle_4_17.graph,3,0.3,13032,612.9647473560517,489.47274346785036,0.20146673103285134,3529,469,3998,Exact_structureO
query_cycle_4_17.graph,4,0.3,13032,612.9647473560517,486.53845735506627,0.20625376997014874,3475,521,3996,Exact_structureO
query_cycle_4_17.graph,5,0.3,13032,612.9647473560517,613.9970046353342,0.0016840402057948537,3442,501,3943,Exact_structureO
query_cycle_4_17.graph,1,0.4,17377,612.9647473560517,722.1287114887065,0.17809174932738,4123,676,4799,Exact_structureO
query_cycle_4_17.graph,2,0.4,17377,612.9647473560517,389.20781850575037,0.36504045267766116,4091,727,4818,Exact_structureO
query_cycle_4_17.graph,3,0.4,17377,612.9647473560517,609.4904741146727,0.005667982141493251,4163,693,4856,Exact_structureO
query_cycle_4_17.graph,4,0.4,17377,612.9647473560517,496.8527994480519,0.1894267956009452,4086,707,4793,Exact_structureO
query_cycle_4_17.graph,5,0.4,17377,612.9647473560517,782.5268157842779,0.2766261341449266,4093,696,4789,Exact_structureO
query_cycle_4_17.graph,1,0.5,21721,612.9647473560517,665.8731942485377,0.08631564395946119,4554,865,5419,Exact_structureO
query_cycle_4_17.graph,2,0.5,21721,612.9647473560517,572.4507733840979,0.0660951125602342,4533,905,5438,Exact_structureO
query_cycle_4_17.graph,3,0.5,21721,612.9647473560517,658.353695668149,0.07404821975142455,4553,876,5429,Exact_structureO
query_cycle_4_17.graph,4,0.5,21721,612.9647473560517,579.9318112394279,0.05389043376329111,4566,897,5463,Exact_structureO
query_cycle_4_17.graph,5,0.5,21721,612.9647473560517,718.3897605612715,0.17199196798830219,4566,851,5417,Exact_structureO
query_cycle_4_17.graph,1,0.6,26065,612.9647473560517,587.8860341734888,0.0409137936410484,5020,1088,6108,Exact_structureO
query_cycle_4_17.graph,2,0.6,26065,612.9647473560517,580.6833304480693,0.05266439391045618,5022,1123,6145,Exact_structureO
query_cycle_4_17.graph,3,0.6,26065,612.9647473560517,607.6144062798198,0.00872862770544295,5016,1094,6110,Exact_structureO
query_cycle_4_17.graph,4,0.6,26065,612.9647473560517,566.1116369852762,0.0764368759751204,5020,1127,6147,Exact_structureO
query_cycle_4_17.graph,5,0.6,26065,612.9647473560517,640.8846984256505,0.04554903228942302,5060,1093,6153,Exact_structureO
query_cycle_4_17.graph,1,0.7,30410,612.9647473560517,658.4459996768524,0.07419880591335547,5355,1264,6619,Exact_structureO
query_cycle_4_17.graph,2,0.7,30410,612.9647473560517,641.1446138919724,0.04597306232939353,5336,1286,6622,Exact_structureO
query_cycle_4_17.graph,3,0.7,30410,612.9647473560517,664.7193546963225,0.08443325258672373,5352,1280,6632,Exact_structureO
query_cycle_4_17.graph,4,0.7,30410,612.9647473560517,588.1975689227334,0.04040555111880175,5306,1270,6576,Exact_structureO
query_cycle_4_17.graph,5,0.7,30410,612.9647473560517,720.7491452679211,0.17584110403866485,5336,1270,6606,Exact_structureO
query_cycle_4_17.graph,1,0.8,34754,612.9647473560517,627.1230511221739,0.023098071833971428,5624,1459,7083,Exact_structureO
query_cycle_4_17.graph,2,0.8,34754,612.9647473560517,615.5177831720129,0.004165061411726138,5623,1465,7088,Exact_structureO
query_cycle_4_17.graph,3,0.8,34754,612.9647473560517,642.7103256716407,0.048527388310490784,5618,1444,7062,Exact_structureO
query_cycle_4_17.graph,4,0.8,34754,612.9647473560517,606.7347850439776,0.01016365515137094,5609,1459,7068,Exact_structureO
query_cycle_4_17.graph,5,0.8,34754,612.9647473560517,693.0929772943348,0.13072241149904032,5624,1459,7083,Exact_structureO
query_cycle_4_18.graph,1,0.01,470,5748.2654569892475,7555.764705882353,0.31444255009054756,239,60,299,Exact_structureO
query_cycle_4_18.graph,2,0.01,470,5748.2654569892475,6955.250512505125,0.20997378505690245,250,70,320,Exact_structureO
query_cycle_4_18.graph,3,0.01,470,5748.2654569892475,2455.8394160583944,0.5727686143874291,249,57,306,Exact_structureO
query_cycle_4_18.graph,4,0.01,470,5748.2654569892475,4331.812865497076,0.24641391426520215,238,69,307,Exact_structureO
query_cycle_4_18.graph,5,0.01,470,5748.2654569892475,3194.803215434084,0.44421439139531027,233,52,285,Exact_structureO
query_cycle_4_18.graph,1,0.05,2352,5748.2654569892475,7610.52108629548,0.3239682723841395,643,224,867,Exact_structureO
query_cycle_4_18.graph,2,0.05,2352,5748.2654569892475,6600.789194915254,0.14830973696411892,645,250,895,Exact_structureO
query_cycle_4_18.graph,3,0.05,2352,5748.2654569892475,6029.915185974886,0.048997342083981925,644,224,868,Exact_structureO
query_cycle_4_18.graph,4,0.05,2352,5748.2654569892475,3280.068667255075,0.4293811425728645,625,251,876,Exact_structureO
query_cycle_4_18.graph,5,0.05,2352,5748.2654569892475,2443.9150168350166,0.57484304872116,639,219,858,Exact_structureO
query_cycle_4_18.graph,1,0.075,3528,5748.2654569892475,7031.3480870603735,0.22321213932648867,792,289,1081,Exact_structureO
query_cycle_4_18.graph,2,0.075,3528,5748.2654569892475,6959.451106636205,0.2107045436070269,808,340,1148,Exact_structureO
query_cycle_4_18.graph,3,0.075,3528,5748.2654569892475,7100.90304214015,0.23531230338471007,769,288,1057,Exact_structureO
query_cycle_4_18.graph,4,0.075,3528,5748.2654569892475,4863.917500384793,0.15384605377421917,795,338,1133,Exact_structureO
query_cycle_4_18.graph,5,0.075,3528,5748.2654569892475,5331.914097304927,0.07243078156352083,803,297,1100,Exact_structureO
query_cycle_4_18.graph,1,0.1,4704,5748.2654569892475,6721.656346187727,0.169336454010652,921,355,1276,Exact_structureO
query_cycle_4_18.graph,2,0.1,4704,5748.2654569892475,6242.527678571429,0.08598458531194199,910,405,1315,Exact_structureO
query_cycle_4_18.graph,3,0.1,4704,5748.2654569892475,6187.858213148529,0.0764739832299822,914,368,1282,Exact_structureO
query_cycle_4_18.graph,4,0.1,4704,5748.2654569892475,5182.068962264151,0.09849866867868197,920,410,1330,Exact_structureO
query_cycle_4_18.graph,5,0.1,4704,5748.2654569892475,5363.490204108165,0.06693762766527053,926,355,1281,Exact_structureO
query_cycle_4_18.graph,1,0.125,5880,5748.2654569892475,6509.888406959588,0.1324961339501627,1051,437,1488,Exact_structureO
query_cycle_4_18.graph,2,0.125,5880,5748.2654569892475,5517.28299616898,0.0401829843365042,1011,481,1492,Exact_structureO
query_cycle_4_18.graph,3,0.125,5880,5748.2654569892475,6353.256854680769,0.1052476442186433,1021,422,1443,Exact_structureO
query_cycle_4_18.graph,4,0.125,5880,5748.2654569892475,4941.4945140131185,0.14035032811422893,1005,467,1472,Exact_structureO
query_cycle_4_18.graph,5,0.125,5880,5748.2654569892475,5062.079972533761,0.11937261589427149,1029,425,1454,Exact_structureO
query_cycle_4_18.graph,1,0.15,7056,5748.2654569892475,6483.890089966558,0.1279733231670561,1119,473,1592,Exact_structureO
query_cycle_4_18.graph,2,0.15,7056,5748.2654569892475,6140.757865342138,0.0682801466441783,1120,537,1657,Exact_structureO
query_cycle_4_18.graph,3,0.15,7056,5748.2654569892475,6024.105788808161,0.04798670727419572,1136,476,1612,Exact_structureO
query_cycle_4_18.graph,4,0.15,7056,5748.2654569892475,4775.679591017677,0.16919640772487549,1134,524,1658,Exact_structureO
query_cycle_4_18.graph,5,0.15,7056,5748.2654569892475,4562.1441670260865,0.2063442091946137,1122,495,1617,Exact_structureO
query_cycle_4_18.graph,1,0.2,9409,5748.2654569892475,6566.09903745539,0.14227484561829842,1322,574,1896,Exact_structureO
query_cycle_4_18.graph,2,0.2,9409,5748.2654569892475,6941.582501855733,0.20759602245152858,1322,634,1956,Exact_structureO
query_cycle_4_18.graph,3,0.2,9409,5748.2654569892475,5927.363650349445,0.03115691067162435,1330,560,1890,Exact_structureO
query_cycle_4_18.graph,4,0.2,9409,5748.2654569892475,4621.361772843192,0.19604238749549516,1296,618,1914,Exact_structureO
query_cycle_4_18.graph,5,0.2,9409,5748.2654569892475,5105.8631038026715,0.11175586061452444,1302,579,1881,Exact_structureO
query_cycle_4_18.graph,1,0.3,14113,5748.2654569892475,6357.205147278409,0.10593451100083744,1815,831,2646,Exact_structureO
query_cycle_4_18.graph,2,0.3,14113,5748.2654569892475,6122.637797914265,0.06512787965799717,1809,857,2666,Exact_structureO
query_cycle_4_18.graph,3,0.3,14113,5748.2654569892475,4394.542370368876,0.2355011432143232,1827,803,2630,Exact_structureO
query_cycle_4_18.graph,4,0.3,14113,5748.2654569892475,5292.503946788146,0.07928678896465131,1786,868,2654,Exact_structureO
query_cycle_4_18.graph,5,0.3,14113,5748.2654569892475,4577.911251707337,0.2036012800798701,1817,835,2652,Exact_structureO
query_cycle_4_18.graph,1,0.4,18818,5748.2654569892475,6475.84938444575,0.12657451763502706,2235,999,3234,Exact_structureO
query_cycle_4_18.graph,2,0.4,18818,5748.2654569892475,6080.843815947152,0.05785716777458948,2170,1036,3206,Exact_structureO
query_cycle_4_18.graph,3,0.4,18818,5748.2654569892475,4848.072470474017,0.15660254267149348,2166,1000,3166,Exact_structureO
query_cycle_4_18.graph,4,0.4,18818,5748.2654569892475,5170.997263012373,0.10042476261686575,2174,1057,3231,Exact_structureO
query_cycle_4_18.graph,5,0.4,18818,5748.2654569892475,4794.469518564994,0.16592760817344368,2191,1032,3223,Exact_structureO
query_cycle_4_18.graph,1,0.5,23522,5748.2654569892475,6457.4344419341205,0.12337095255101745,2561,1151,3712,Exact_structureO
query_cycle_4_18.graph,2,0.5,23522,5748.2654569892475,5928.485326524631,0.03135204365279554,2565,1192,3757,Exact_structureO
query_cycle_4_18.graph,3,0.5,23522,5748.2654569892475,5175.988633786376,0.09955643619538249,2554,1163,3717,Exact_structureO
query_cycle_4_18.graph,4,0.5,23522,5748.2654569892475,5136.667812049321,0.10639690346873117,2531,1197,3728,Exact_structureO
query_cycle_4_18.graph,5,0.5,23522,5748.2654569892475,5254.809015335287,0.08584440738622688,2521,1188,3709,Exact_structureO
query_cycle_4_18.graph,1,0.6,28227,5748.2654569892475,6227.998746728778,0.08345705210190474,2872,1270,4142,Exact_structureO
query_cycle_4_18.graph,2,0.6,28227,5748.2654569892475,6060.800347979977,0.054370295409847905,2865,1309,4174,Exact_structureO
query_cycle_4_18.graph,3,0.6,28227,5748.2654569892475,5511.564270039148,0.04117784551204001,2885,1315,4200,Exact_structureO
query_cycle_4_18.graph,4,0.6,28227,5748.2654569892475,5427.930266332062,0.05572727861196693,2900,1353,4253,Exact_structureO
query_cycle_4_18.graph,5,0.6,28227,5748.2654569892475,5491.7514235629405,0.044624597688754014,2861,1336,4197,Exact_structureO
query_cycle_4_18.graph,1,0.7,32931,5748.2654569892475,6132.541741848686,0.06685082443299509,3183,1400,4583,Exact_structureO
query_cycle_4_18.graph,2,0.7,32931,5748.2654569892475,5884.573410236034,0.023712884219891265,3176,1405,4581,Exact_structureO
query_cycle_4_18.graph,3,0.7,32931,5748.2654569892475,5757.245045401869,0.001562138784266365,3167,1423,4590,Exact_structureO
query_cycle_4_18.graph,4,0.7,32931,5748.2654569892475,5572.87554521772,0.03051179752985708,3174,1453,4627,Exact_structureO
query_cycle_4_18.graph,5,0.7,32931,5748.2654569892475,5491.868288397234,0.04460426723686934,3165,1460,4625,Exact_structureO
query_cycle_4_18.graph,1,0.8,37636,5748.2654569892475,5741.878694944926,0.0011110763920194392,3453,1493,4946,Exact_structureO
query_cycle_4_18.graph,2,0.8,37636,5748.2654569892475,5733.470435305494,0.002573823668105721,3450,1514,4964,Exact_structureO
query_cycle_4_18.graph,3,0.8,37636,5748.2654569892475,5552.555012155233,0.034046869668493164,3423,1505,4928,Exact_structureO
query_cycle_4_18.graph,4,0.8,37636,5748.2654569892475,5377.707554773016,0.06446429883743,3416,1558,4974,Exact_structureO
query_cycle_4_18.graph,5,0.8,37636,5748.2654569892475,5947.185535931536,0.0346052353411104,3421,1516,4937,Exact_structureO
query_cycle_4_19.graph,1,0.01,108,6394.071842200507,1188.1856540084389,0.8141738655223606,95,16,111,Exact_structureO
query_cycle_4_19.graph,2,0.01,108,6394.071842200507,5243.233296823659,0.17998523848002138,97,14,111,Exact_structureO
query_cycle_4_19.graph,3,0.01,108,6394.071842200507,1116.523333333333,0.8253814844612251,81,12,93,Exact_structureO
query_cycle_4_19.graph,4,0.01,108,6394.071842200507,3673.863636363636,0.4254265940341259,89,10,99,Exact_structureO
query_cycle_4_19.graph,5,0.01,108,6394.071842200507,6415.584415584416,0.00336445600156191,81,11,92,Exact_structureO
query_cycle_4_19.graph,1,0.05,540,6394.071842200507,4689.937414965987,0.26651787300657626,322,72,394,Exact_structureO
query_cycle_4_19.graph,2,0.05,540,6394.071842200507,6063.149415575271,0.051754568104969804,343,78,421,Exact_structureO
query_cycle_4_19.graph,3,0.05,540,6394.071842200507,4959.9143953934745,0.22429485970765536,321,77,398,Exact_structureO
query_cycle_4_19.graph,4,0.05,540,6394.071842200507,4584.560798548095,0.28299823466319896,333,63,396,Exact_structureO
query_cycle_4_19.graph,5,0.05,540,6394.071842200507,6579.522676371781,0.029003558100068504,325,60,385,Exact_structureO
query_cycle_4_19.graph,1,0.075,810,6394.071842200507,5001.208804385063,0.2178366262047023,453,117,570,Exact_structureO
query_cycle_4_19.graph,2,0.075,810,6394.071842200507,6310.76782778865,0.013028320054531615,450,103,553,Exact_structureO
query_cycle_4_19.graph,3,0.075,810,6394.071842200507,5619.787682963434,0.12109406624536831,451,110,561,Exact_structureO
query_cycle_4_19.graph,4,0.075,810,6394.071842200507,5172.482434335901,0.19105031003908735,460,98,558,Exact_structureO
query_cycle_4_19.graph,5,0.075,810,6394.071842200507,6026.945826423437,0.057416623528384336,456,98,554,Exact_structureO
query_cycle_4_19.graph,1,0.1,1081,6394.071842200507,5852.842479538441,0.0846454928907716,577,164,741,Exact_structureO
query_cycle_4_19.graph,2,0.1,1081,6394.071842200507,6936.989250952181,0.08490949463039346,578,142,720,Exact_structureO
query_cycle_4_19.graph,3,0.1,1081,6394.071842200507,6925.458137485312,0.08310608770106191,585,158,743,Exact_structureO
query_cycle_4_19.graph,4,0.1,1081,6394.071842200507,5525.676016681277,0.13581264755079334,594,145,739,Exact_structureO
query_cycle_4_19.graph,5,0.1,1081,6394.071842200507,6870.17910110455,0.07446073029110538,576,138,714,Exact_structureO
query_cycle_4_19.graph,1,0.125,1351,6394.071842200507,5307.638772446333,0.16991255284055112,700,207,907,Exact_structureO
query_cycle_4_19.graph,2,0.125,1351,6394.071842200507,6412.196967494272,0.002834676516166219,713,188,901,Exact_structureO
query_cycle_4_19.graph,3,0.125,1351,6394.071842200507,7144.829121108341,0.11741458298183,715,199,914,Exact_structureO
query_cycle_4_19.graph,4,0.125,1351,6394.071842200507,5602.557170057121,0.12378882997832999,706,185,891,Exact_structureO
query_cycle_4_19.graph,5,0.125,1351,6394.071842200507,6815.653958848097,0.06593327805064263,724,176,900,Exact_structureO
query_cycle_4_19.graph,1,0.15,1621,6394.071842200507,5180.1498208078465,0.18985117016997596,818,246,1064,Exact_structureO
query_cycle_4_19.graph,2,0.15,1621,6394.071842200507,6624.188045634922,0.03598899247826111,813,226,1039,Exact_structureO
query_cycle_4_19.graph,3,0.15,1621,6394.071842200507,7000.502573595812,0.09484265212550429,827,233,1060,Exact_structureO
query_cycle_4_19.graph,4,0.15,1621,6394.071842200507,6320.819002080666,0.011456368012066434,815,229,1044,Exact_structureO
query_cycle_4_19.graph,5,0.15,1621,6394.071842200507,5704.08838643371,0.1079098691404975,827,214,1041,Exact_structureO
query_cycle_4_19.graph,1,0.2,2162,6394.071842200507,5875.797735136835,0.08105540879961527,1020,321,1341,Exact_structureO
query_cycle_4_19.graph,2,0.2,2162,6394.071842200507,6240.103675136116,0.02407983064065833,1013,290,1303,Exact_structureO
query_cycle_4_19.graph,3,0.2,2162,6394.071842200507,6815.160136773721,0.06585604681418436,1017,296,1313,Exact_structureO
query_cycle_4_19.graph,4,0.2,2162,6394.071842200507,5832.177716665993,0.08787735568218745,1025,310,1335,Exact_structureO
query_cycle_4_19.graph,5,0.2,2162,6394.071842200507,6486.664536030636,0.014481021814459857,1026,286,1312,Exact_structureO
query_cycle_4_19.graph,1,0.3,3243,6394.071842200507,5811.772798337579,0.0910685801213223,1441,440,1881,Exact_structureO
query_cycle_4_19.graph,2,0.3,3243,6394.071842200507,6098.116651661312,0.04628587195187694,1454,432,1886,Exact_structureO
query_cycle_4_19.graph,3,0.3,3243,6394.071842200507,6617.897008457995,0.035005106570785656,1451,428,1879,Exact_structureO
query_cycle_4_19.graph,4,0.3,3243,6394.071842200507,6389.565615554997,0.0007047507060788565,1417,438,1855,Exact_structureO
query_cycle_4_19.graph,5,0.3,3243,6394.071842200507,6787.681399419414,0.06155851340629416,1463,436,1899,Exact_structureO
query_cycle_4_19.graph,1,0.4,4324,6394.071842200507,6344.521343243437,0.007749443575225341,1792,530,2322,Exact_structureO
query_cycle_4_19.graph,2,0.4,4324,6394.071842200507,6445.068024111168,0.007975540965005936,1804,519,2323,Exact_structureO
query_cycle_4_19.graph,3,0.4,4324,6394.071842200507,6176.926334358633,0.03396044229730515,1799,519,2318,Exact_structureO
query_cycle_4_19.graph,4,0.4,4324,6394.071842200507,6441.682886320835,0.007446122798636393,1812,545,2357,Exact_structureO
query_cycle_4_19.graph,5,0.4,4324,6394.071842200507,5992.066436522308,0.06287158098928225,1790,535,2325,Exact_structureO
query_cycle_4_19.graph,1,0.5,5405,6394.071842200507,6086.980044826131,0.04802758006996217,2113,613,2726,Exact_structureO
query_cycle_4_19.graph,2,0.5,5405,6394.071842200507,6772.923519955592,0.05925045684577494,2124,596,2720,Exact_structureO
query_cycle_4_19.graph,3,0.5,5405,6394.071842200507,5850.940541484312,0.08494294623522354,2131,596,2727,Exact_structureO
query_cycle_4_19.graph,4,0.5,5405,6394.071842200507,6548.164810114509,0.02409934885263533,2137,615,2752,Exact_structureO
query_cycle_4_19.graph,5,0.5,5405,6394.071842200507,6303.114270916286,0.014225297045289029,2137,611,2748,Exact_structureO
query_cycle_4_19.graph,1,0.6,6486,6394.071842200507,6260.6215950721,0.020870933330408147,2530,713,3243,Exact_structureO
query_cycle_4_19.graph,2,0.6,6486,6394.071842200507,6629.8508987835785,0.036874633629691754,2498,689,3187,Exact_structureO
query_cycle_4_19.graph,3,0.6,6486,6394.071842200507,6108.5291469052045,0.04465741116806614,2511,671,3182,Exact_structureO
query_cycle_4_19.graph,4,0.6,6486,6394.071842200507,6850.5678403192305,0.07139362981596119,2501,714,3215,Exact_structureO
query_cycle_4_19.graph,5,0.6,6486,6394.071842200507,6160.859498710572,0.036473212883025005,2539,687,3226,Exact_structureO
query_cycle_4_19.graph,1,0.7,7567,6394.071842200507,6274.076968195352,0.018766582072662324,2884,785,3669,Exact_structureO
query_cycle_4_19.graph,2,0.7,7567,6394.071842200507,6641.343782571929,0.03867206163362791,2882,776,3658,Exact_structureO
query_cycle_4_19.graph,3,0.7,7567,6394.071842200507,6307.390027392764,0.013556590690090116,2879,739,3618,Exact_structureO
query_cycle_4_19.graph,4,0.7,7567,6394.071842200507,6807.944072719157,0.06472749145342992,2879,779,3658,Exact_structureO
query_cycle_4_19.graph,5,0.7,7567,6394.071842200507,6436.06653393697,0.0065677541280191225,2860,756,3616,Exact_structureO
query_cycle_4_19.graph,1,0.8,8648,6394.071842200507,6125.147944697471,0.04205831653753927,3250,868,4118,Exact_structureO
query_cycle_4_19.graph,2,0.8,8648,6394.071842200507,6390.140842786815,0.0006147881210448148,3245,839,4084,Exact_structureO
query_cycle_4_19.graph,3,0.8,8648,6394.071842200507,6274.348008541486,0.01872419275442768,3255,821,4076,Exact_structureO
query_cycle_4_19.graph,4,0.8,8648,6394.071842200507,6714.200621406374,0.05006649707828365,3274,845,4119,Exact_structureO
query_cycle_4_19.graph,5,0.8,8648,6394.071842200507,6391.355466972608,0.00042482713596843005,3259,834,4093,Exact_structureO
query_cycle_4_2.graph,1,0.01,114,5667.174087484098,10729.788659793814,0.8933225791475956,87,9,96,Exact_structureO
query_cycle_4_2.graph,2,0.01,114,5667.174087484098,8036.69724770642,0.4181137059924438,94,9,103,Exact_structureO
query_cycle_4_2.graph,3,0.01,114,5667.174087484098,11632.030927835052,1.0525275469345976,98,18,116,Exact_structureO
query_cycle_4_2.graph,4,0.01,114,5667.174087484098,12699.666666666666,1.240916984483283,96,15,111,Exact_structureO
query_cycle_4_2.graph,5,0.01,114,5667.174087484098,2933.8750000000005,0.48230370997788186,95,13,108,Exact_structureO
query_cycle_4_2.graph,1,0.05,574,5667.174087484098,6052.162194702441,0.0679329946945844,355,63,418,Exact_structureO
query_cycle_4_2.graph,2,0.05,574,5667.174087484098,5212.011542239686,0.08031561025267153,367,61,428,Exact_structureO
query_cycle_4_2.graph,3,0.05,574,5667.174087484098,7705.606617311031,0.3596911791237881,353,87,440,Exact_structureO
query_cycle_4_2.graph,4,0.05,574,5667.174087484098,6775.418091529822,0.19555496036256778,355,69,424,Exact_structureO
query_cycle_4_2.graph,5,0.05,574,5667.174087484098,3518.258435950744,0.37918645489984404,347,81,428,Exact_structureO
query_cycle_4_2.graph,1,0.075,861,5667.174087484098,5261.987134502924,0.07149717773378896,495,113,608,Exact_structureO
query_cycle_4_2.graph,2,0.075,861,5667.174087484098,3736.4765678564227,0.34068082078007855,499,109,608,Exact_structureO
query_cycle_4_2.graph,3,0.075,861,5667.174087484098,6493.992440089544,0.14589605680747783,482,122,604,Exact_structureO
query_cycle_4_2.graph,4,0.075,861,5667.174087484098,5127.741254664179,0.09518550594929692,496,113,609,Exact_structureO
query_cycle_4_2.graph,5,0.075,861,5667.174087484098,4983.746709956709,0.1205940327537726,485,117,602,Exact_structureO
query_cycle_4_2.graph,1,0.1,1148,5667.174087484098,5257.188423246122,0.0723439333094471,636,157,793,Exact_structureO
query_cycle_4_2.graph,2,0.1,1148,5667.174087484098,5141.5497372926375,0.09274893307976846,644,145,789,Exact_structureO
query_cycle_4_2.graph,3,0.1,1148,5667.174087484098,6371.331688311689,0.12425197990347892,619,160,779,Exact_structureO
query_cycle_4_2.graph,4,0.1,1148,5667.174087484098,6513.302666882172,0.14930343877502217,632,154,786,Exact_structureO
query_cycle_4_2.graph,5,0.1,1148,5667.174087484098,5125.438144927535,0.09559190068873685,623,150,773,Exact_structureO
query_cycle_4_2.graph,1,0.125,1435,5667.174087484098,5319.396728980436,0.06136697993303668,757,193,950,Exact_structureO
query_cycle_4_2.graph,2,0.125,1435,5667.174087484098,5228.008025275005,0.07749295423604284,763,190,953,Exact_structureO
query_cycle_4_2.graph,3,0.125,1435,5667.174087484098,6021.298744388784,0.06248699112433606,764,194,958,Exact_structureO
query_cycle_4_2.graph,4,0.125,1435,5667.174087484098,6130.2452894858725,0.08171113060113382,760,201,961,Exact_structureO
query_cycle_4_2.graph,5,0.125,1435,5667.174087484098,5388.4635946539,0.04917980081919972,773,197,970,Exact_structureO
query_cycle_4_2.graph,1,0.15,1722,5667.174087484098,5338.969604400749,0.05791325235767609,890,229,1119,Exact_structureO
query_cycle_4_2.graph,2,0.15,1722,5667.174087484098,4991.088138521953,0.11929860253548147,895,245,1140,Exact_structureO
query_cycle_4_2.graph,3,0.15,1722,5667.174087484098,5678.471412986766,0.0019934671722222565,886,229,1115,Exact_structureO
query_cycle_4_2.graph,4,0.15,1722,5667.174087484098,6545.349364592463,0.15495823201334274,874,247,1121,Exact_structureO
query_cycle_4_2.graph,5,0.15,1722,5667.174087484098,4883.8372381889185,0.13822353737556284,876,242,1118,Exact_structureO
query_cycle_4_2.graph,1,0.2,2296,5667.174087484098,5122.818025870842,0.096054233240419,1099,311,1410,Exact_structureO
query_cycle_4_2.graph,2,0.2,2296,5667.174087484098,5636.01894186806,0.005497474602878995,1084,303,1387,Exact_structureO
query_cycle_4_2.graph,3,0.2,2296,5667.174087484098,5304.646102168156,0.06396979865442665,1074,297,1371,Exact_structureO
query_cycle_4_2.graph,4,0.2,2296,5667.174087484098,7029.909785369526,0.24046123814954212,1078,325,1403,Exact_structureO
query_cycle_4_2.graph,5,0.2,2296,5667.174087484098,5481.508956530194,0.03276150125049865,1099,301,1400,Exact_structureO
query_cycle_4_2.graph,1,0.3,3445,5667.174087484098,5455.111083287823,0.03741953236704236,1553,449,2002,Exact_structureO
query_cycle_4_2.graph,2,0.3,3445,5667.174087484098,5593.332211372707,0.013029752566533976,1547,456,2003,Exact_structureO
query_cycle_4_2.graph,3,0.3,3445,5667.174087484098,5535.633559355015,0.023210955954148165,1571,456,2027,Exact_structureO
query_cycle_4_2.graph,4,0.3,3445,5667.174087484098,5761.784907980655,0.016694532237063943,1560,462,2022,Exact_structureO
query_cycle_4_2.graph,5,0.3,3445,5667.174087484098,5442.2817952022215,0.039683321671474515,1584,442,2026,Exact_structureO
query_cycle_4_2.graph,1,0.4,4593,5667.174087484098,5731.337599633491,0.011321958909132032,1965,580,2545,Exact_structureO
query_cycle_4_2.graph,2,0.4,4593,5667.174087484098,5489.610335308105,0.03133197417883114,1960,554,2514,Exact_structureO
query_cycle_4_2.graph,3,0.4,4593,5667.174087484098,5588.558264726951,0.013872138308009478,1954,567,2521,Exact_structureO
query_cycle_4_2.graph,4,0.4,4593,5667.174087484098,5725.92220575607,0.01036638673262513,1961,573,2534,Exact_structureO
query_cycle_4_2.graph,5,0.4,4593,5667.174087484098,5196.231792668748,0.08310002261187308,1966,546,2512,Exact_structureO
query_cycle_4_2.graph,1,0.5,5742,5667.174087484098,5702.6541524967315,0.006260627336469322,2320,655,2975,Exact_structureO
query_cycle_4_2.graph,2,0.5,5742,5667.174087484098,5561.372953436702,0.018669116638053648,2349,649,2998,Exact_structureO
query_cycle_4_2.graph,3,0.5,5742,5667.174087484098,5468.638315455776,0.03503258748778978,2340,663,3003,Exact_structureO
query_cycle_4_2.graph,4,0.5,5742,5667.174087484098,5540.319026083627,0.02238418291766067,2327,651,2978,Exact_structureO
query_cycle_4_2.graph,5,0.5,5742,5667.174087484098,5553.39541896224,0.020076790789458388,2344,621,2965,Exact_structureO
query_cycle_4_2.graph,1,0.6,6890,5667.174087484098,6072.822404990111,0.07157858771303383,2772,765,3537,Exact_structureO
query_cycle_4_2.graph,2,0.6,6890,5667.174087484098,5492.556012928719,0.03081219525989535,2777,748,3525,Exact_structureO
query_cycle_4_2.graph,3,0.6,6890,5667.174087484098,5750.663330587275,0.014732076660140358,2780,761,3541,Exact_structureO
query_cycle_4_2.graph,4,0.6,6890,5667.174087484098,5860.7057410465,0.03414958682667175,2791,743,3534,Exact_structureO
query_cycle_4_2.graph,5,0.6,6890,5667.174087484098,5960.895047113937,0.051828469550374144,2791,720,3511,Exact_structureO
query_cycle_4_2.graph,1,0.7,8038,5667.174087484098,5859.689555892868,0.03397027609120722,3171,844,4015,Exact_structureO
query_cycle_4_2.graph,2,0.7,8038,5667.174087484098,5517.892820697521,0.026341394226138858,3171,832,4003,Exact_structureO
query_cycle_4_2.graph,3,0.7,8038,5667.174087484098,5854.693040299555,0.03308861699336021,3201,841,4042,Exact_structureO
query_cycle_4_2.graph,4,0.7,8038,5667.174087484098,5809.532830481042,0.02511988176106004,3202,828,4030,Exact_structureO
query_cycle_4_2.graph,5,0.7,8038,5667.174087484098,5734.917700406627,0.011953684830706019,3201,809,4010,Exact_structureO
query_cycle_4_2.graph,1,0.8,9187,5667.174087484098,5817.844132901657,0.02658645086451681,3564,923,4487,Exact_structureO
query_cycle_4_2.graph,2,0.8,9187,5667.174087484098,5382.749204572405,0.050188132307395134,3590,914,4504,Exact_structureO
query_cycle_4_2.graph,3,0.8,9187,5667.174087484098,5836.73641592168,0.029920084652430085,3595,903,4498,Exact_structureO
query_cycle_4_2.graph,4,0.8,9187,5667.174087484098,5564.787080661504,0.018066677543701188,3591,914,4505,Exact_structureO
query_cycle_4_2.graph,5,0.8,9187,5667.174087484098,5761.481695767379,0.016641028990367315,3608,878,4486,Exact_structureO
query_cycle_4_20.graph,1,0.01,109,6012.951005453306,5292.307692307693,0.11984852570593736,94,9,103,Exact_structureO
query_cycle_4_20.graph,2,0.01,109,6012.951005453306,5328.615384615385,0.11381027721950149,93,17,110,Exact_structureO
query_cycle_4_20.graph,3,0.01,109,6012.951005453306,5562.608695652174,0.07489538986642404,91,13,104,Exact_structureO
query_cycle_4_20.graph,4,0.01,109,6012.951005453306,3982.229591836736,0.33772459010140854,91,14,105,Exact_structureO
query_cycle_4_20.graph,5,0.01,109,6012.951005453306,5433.488372093023,0.09636909278568088,94,14,108,Exact_structureO
query_cycle_4_20.graph,1,0.05,545,6012.951005453306,6968.072038203617,0.15884397392962069,350,74,424,Exact_structureO
query_cycle_4_20.graph,2,0.05,545,6012.951005453306,6916.502150023889,0.15026750488256577,331,69,400,Exact_structureO
query_cycle_4_20.graph,3,0.05,545,6012.951005453306,6697.399891481279,0.113829114091771,338,70,408,Exact_structureO
query_cycle_4_20.graph,4,0.05,545,6012.951005453306,5599.177551020407,0.06881370795432001,335,73,408,Exact_structureO
query_cycle_4_20.graph,5,0.05,545,6012.951005453306,7343.486591719221,0.22127830162913636,338,70,408,Exact_structureO
query_cycle_4_20.graph,1,0.075,817,6012.951005453306,7218.123595505618,0.20042947114641535,470,111,581,Exact_structureO
query_cycle_4_20.graph,2,0.075,817,6012.951005453306,5188.083895367161,0.13718174476027672,469,111,580,Exact_structureO
query_cycle_4_20.graph,3,0.075,817,6012.951005453306,5512.399033679125,0.08324564283331377,468,111,579,Exact_structureO
query_cycle_4_20.graph,4,0.075,817,6012.951005453306,6895.984959776146,0.1468553383391937,467,114,581,Exact_structureO
query_cycle_4_20.graph,5,0.075,817,6012.951005453306,6621.049088826409,0.10113138836847387,464,99,563,Exact_structureO
query_cycle_4_20.graph,1,0.1,1090,6012.951005453306,6356.5138592750545,0.057137145057420645,602,153,755,Exact_structureO
query_cycle_4_20.graph,2,0.1,1090,6012.951005453306,5979.4066950723945,0.005578676817836853,592,154,746,Exact_structureO
query_cycle_4_20.graph,3,0.1,1090,6012.951005453306,6051.128111852719,0.006349146428232833,595,167,762,Exact_structureO
query_cycle_4_20.graph,4,0.1,1090,6012.951005453306,6046.835713064294,0.005635287495317649,597,152,749,Exact_structureO
query_cycle_4_20.graph,5,0.1,1090,6012.951005453306,6481.168658698539,0.07786819696694586,598,145,743,Exact_structureO
query_cycle_4_20.graph,1,0.125,1362,6012.951005453306,5261.453426977485,0.12497982734172748,712,191,903,Exact_structureO
query_cycle_4_20.graph,2,0.125,1362,6012.951005453306,6087.600384615386,0.012414765910179384,718,180,898,Exact_structureO
query_cycle_4_20.graph,3,0.125,1362,6012.951005453306,5925.601922245142,0.014526824371085708,701,208,909,Exact_structureO
query_cycle_4_20.graph,4,0.125,1362,6012.951005453306,5547.994809782608,0.07732579148724418,717,201,918,Exact_structureO
query_cycle_4_20.graph,5,0.125,1362,6012.951005453306,6602.250586854461,0.09800505290442314,717,197,914,Exact_structureO
query_cycle_4_20.graph,1,0.15,1635,6012.951005453306,6442.036968836484,0.07136029596682715,837,214,1051,Exact_structureO
query_cycle_4_20.graph,2,0.15,1635,6012.951005453306,6075.0809507854965,0.010332687772749769,840,221,1061,Exact_structureO
query_cycle_4_20.graph,3,0.15,1635,6012.951005453306,6671.514958205015,0.10952425059749205,828,247,1075,Exact_structureO
query_cycle_4_20.graph,4,0.15,1635,6012.951005453306,5455.936991378616,0.0926357147379912,829,237,1066,Exact_structureO
query_cycle_4_20.graph,5,0.15,1635,6012.951005453306,6310.854334854334,0.04954361496224603,829,239,1068,Exact_structureO
query_cycle_4_20.graph,1,0.2,2180,6012.951005453306,6106.479857031502,0.015554567381868391,1029,267,1296,Exact_structureO
query_cycle_4_20.graph,2,0.2,2180,6012.951005453306,5413.536772538686,0.09968719724657576,1023,288,1311,Exact_structureO
query_cycle_4_20.graph,3,0.2,2180,6012.951005453306,5914.201200723724,0.01642285204719335,1000,316,1316,Exact_structureO
query_cycle_4_20.graph,4,0.2,2180,6012.951005453306,5330.117430954045,0.11356047536059764,1037,307,1344,Exact_structureO
query_cycle_4_20.graph,5,0.2,2180,6012.951005453306,5994.201633815918,0.003118164711534005,1008,306,1314,Exact_structureO
query_cycle_4_20.graph,1,0.3,3270,6012.951005453306,5976.741619732062,0.006021899344997939,1465,442,1907,Exact_structureO
query_cycle_4_20.graph,2,0.3,3270,6012.951005453306,5469.42901101563,0.09039188810032565,1450,429,1879,Exact_structureO
query_cycle_4_20.graph,3,0.3,3270,6012.951005453306,6029.68077145748,0.0027822887612091603,1460,476,1936,Exact_structureO
query_cycle_4_20.graph,4,0.3,3270,6012.951005453306,6029.69697858185,0.0027849841306468357,1463,436,1899,Exact_structureO
query_cycle_4_20.graph,5,0.3,3270,6012.951005453306,6129.526839489083,0.019387457827288342,1457,446,1903,Exact_structureO
query_cycle_4_20.graph,1,0.4,4360,6012.951005453306,5798.845298675616,0.03560742580199172,1797,561,2358,Exact_structureO
query_cycle_4_20.graph,2,0.4,4360,6012.951005453306,5910.862812940196,0.016978051612348628,1803,531,2334,Exact_structureO
query_cycle_4_20.graph,3,0.4,4360,6012.951005453306,6421.180528067778,0.06789170945251977,1811,560,2371,Exact_structureO
query_cycle_4_20.graph,4,0.4,4360,6012.951005453306,6169.038382021716,0.025958531248109328,1828,525,2353,Exact_structureO
query_cycle_4_20.graph,5,0.4,4360,6012.951005453306,6300.342010720356,0.04779533460465706,1806,556,2362,Exact_structureO
query_cycle_4_20.graph,1,0.5,5450,6012.951005453306,5911.152335651943,0.01692990175856063,2168,658,2826,Exact_structureO
query_cycle_4_20.graph,2,0.5,5450,6012.951005453306,5610.626122964182,0.06690972238493949,2180,639,2819,Exact_structureO
query_cycle_4_20.graph,3,0.5,5450,6012.951005453306,6135.281748656469,0.020344543484924184,2171,641,2812,Exact_structureO
query_cycle_4_20.graph,4,0.5,5450,6012.951005453306,5842.125368992259,0.02840961722557205,2171,623,2794,Exact_structureO
query_cycle_4_20.graph,5,0.5,5450,6012.951005453306,6118.722639690297,0.0175906363017201,2173,649,2822,Exact_structureO
query_cycle_4_20.graph,1,0.6,6540,6012.951005453306,6114.1485641496065,0.01682993235842468,2545,765,3310,Exact_structureO
query_cycle_4_20.graph,2,0.6,6540,6012.951005453306,6090.522647982785,0.012900760784368227,2570,726,3296,Exact_structureO
query_cycle_4_20.graph,3,0.6,6540,6012.951005453306,6251.4144836388905,0.03965831053160352,2567,738,3305,Exact_structureO
query_cycle_4_20.graph,4,0.6,6540,6012.951005453306,6173.43312548797,0.02668941088811777,2595,717,3312,Exact_structureO
query_cycle_4_20.graph,5,0.6,6540,6012.951005453306,6099.251083524109,0.014352366748462714,2570,748,3318,Exact_structureO
query_cycle_4_20.graph,1,0.7,7630,6012.951005453306,5929.354404544737,0.013902757702956951,2908,844,3752,Exact_structureO
query_cycle_4_20.graph,2,0.7,7630,6012.951005453306,5968.853414704192,0.007333768512186533,2923,809,3732,Exact_structureO
query_cycle_4_20.graph,3,0.7,7630,6012.951005453306,6017.49448288058,0.0007556152416931071,2928,811,3739,Exact_structureO
query_cycle_4_20.graph,4,0.7,7630,6012.951005453306,6050.20047851289,0.006194873869053971,2931,798,3729,Exact_structureO
query_cycle_4_20.graph,5,0.7,7630,6012.951005453306,6152.988478680973,0.023289308876899735,2926,809,3735,Exact_structureO
query_cycle_4_20.graph,1,0.8,8720,6012.951005453306,5667.170445714229,0.05750596660865512,3294,931,4225,Exact_structureO
query_cycle_4_20.graph,2,0.8,8720,6012.951005453306,6037.593933354802,0.004098308447740078,3298,893,4191,Exact_structureO
query_cycle_4_20.graph,3,0.8,8720,6012.951005453306,6008.728976060357,0.000702155961210976,3285,890,4175,Exact_structureO
query_cycle_4_20.graph,4,0.8,8720,6012.951005453306,5822.709852449586,0.031638566958417755,3289,897,4186,Exact_structureO
query_cycle_4_20.graph,5,0.8,8720,6012.951005453306,6046.175084644607,0.005525419907990122,3299,893,4192,Exact_structureO
query_cycle_4_21.graph,1,0.01,107,6855.0691567726835,3679.0697674418607,0.4633066883348643,88,12,100,Exact_structureO
query_cycle_4_21.graph,2,0.01,107,6855.0691567726835,3663.413373860182,0.46559060308811084,88,11,99,Exact_structureO
query_cycle_4_21.graph,3,0.01,107,6855.0691567726835,3714.666666666666,0.4581139034904348,86,15,101,Exact_structureO
query_cycle_4_21.graph,4,0.01,107,6855.0691567726835,3289.156626506024,0.5201862225917302,92,11,103,Exact_structureO
query_cycle_4_21.graph,5,0.01,107,6855.0691567726835,6101.79211469534,0.10988613314471367,99,7,106,Exact_structureO
query_cycle_4_21.graph,1,0.05,536,6855.0691567726835,8071.579252390611,0.1774613891992669,327,64,391,Exact_structureO
query_cycle_4_21.graph,2,0.05,536,6855.0691567726835,4476.588548975582,0.346966683107377,339,73,412,Exact_structureO
query_cycle_4_21.graph,3,0.05,536,6855.0691567726835,7202.212446901068,0.05064037753512859,329,72,401,Exact_structureO
query_cycle_4_21.graph,4,0.05,536,6855.0691567726835,6937.699576271187,0.012053914790467996,331,60,391,Exact_structureO
query_cycle_4_21.graph,5,0.05,536,6855.0691567726835,5629.637240396733,0.17876288165017937,320,56,376,Exact_structureO
query_cycle_4_21.graph,1,0.075,804,6855.0691567726835,6318.490444035196,0.07827473369941977,448,112,560,Exact_structureO
query_cycle_4_21.graph,2,0.075,804,6855.0691567726835,5104.093593296384,0.25542784812701236,459,117,576,Exact_structureO
query_cycle_4_21.graph,3,0.075,804,6855.0691567726835,6433.436788154897,0.061506654269303976,458,123,581,Exact_structureO
query_cycle_4_21.graph,4,0.075,804,6855.0691567726835,6627.89504716981,0.03313957954434781,461,96,557,Exact_structureO
query_cycle_4_21.graph,5,0.075,804,6855.0691567726835,7042.82044641756,0.027388679144014362,480,96,576,Exact_structureO
query_cycle_4_21.graph,1,0.1,1072,6855.0691567726835,7611.492574130222,0.11034511834358464,614,162,776,Exact_structureO
query_cycle_4_21.graph,2,0.1,1072,6855.0691567726835,6739.0686019778295,0.016921864993914404,606,159,765,Exact_structureO
query_cycle_4_21.graph,3,0.1,1072,6855.0691567726835,7034.407820615418,0.026161466754212284,613,168,781,Exact_structureO
query_cycle_4_21.graph,4,0.1,1072,6855.0691567726835,7045.980877725436,0.02784971480034375,610,146,756,Exact_structureO
query_cycle_4_21.graph,5,0.1,1072,6855.0691567726835,6848.9467219808585,0.0008931251679315616,604,132,736,Exact_structureO
query_cycle_4_21.graph,1,0.125,1341,6855.0691567726835,7383.071058309977,0.07702357036261806,734,207,941,Exact_structureO
query_cycle_4_21.graph,2,0.125,1341,6855.0691567726835,6526.079231073752,0.04799221104485795,726,197,923,Exact_structureO
query_cycle_4_21.graph,3,0.125,1341,6855.0691567726835,6743.315450628157,0.01630234554732621,730,219,949,Exact_structureO
query_cycle_4_21.graph,4,0.125,1341,6855.0691567726835,9095.750431262099,0.32686486791685576,740,184,924,Exact_structureO
query_cycle_4_21.graph,5,0.125,1341,6855.0691567726835,5875.7199035658205,0.14286497055092198,752,187,939,Exact_structureO
query_cycle_4_21.graph,1,0.15,1609,6855.0691567726835,6721.3574802602625,0.019505518245620662,825,258,1083,Exact_structureO
query_cycle_4_21.graph,2,0.15,1609,6855.0691567726835,6039.241305970045,0.11901088554250626,853,240,1093,Exact_structureO
query_cycle_4_21.graph,3,0.15,1609,6855.0691567726835,7611.861356076757,0.11039891531311201,836,251,1087,Exact_structureO
query_cycle_4_21.graph,4,0.15,1609,6855.0691567726835,7882.276570142537,0.14984639686019668,844,242,1086,Exact_structureO
query_cycle_4_21.graph,5,0.15,1609,6855.0691567726835,5888.54862194815,0.14099354984181725,853,228,1081,Exact_structureO
query_cycle_4_21.graph,1,0.2,2145,6855.0691567726835,7297.380468525726,0.06452324573794378,1043,332,1375,Exact_structureO
query_cycle_4_21.graph,2,0.2,2145,6855.0691567726835,6204.623285076667,0.09488538435143101,1059,308,1367,Exact_structureO
query_cycle_4_21.graph,3,0.2,2145,6855.0691567726835,6758.468023994354,0.01409192680177263,1034,329,1363,Exact_structureO
query_cycle_4_21.graph,4,0.2,2145,6855.0691567726835,7456.835976544518,0.08778420844628536,1046,311,1357,Exact_structureO
query_cycle_4_21.graph,5,0.2,2145,6855.0691567726835,5970.300709954193,0.12906776380867807,1052,304,1356,Exact_structureO
query_cycle_4_21.graph,1,0.3,3218,6855.0691567726835,8011.457654926933,0.16869100394293746,1502,459,1961,Exact_structureO
query_cycle_4_21.graph,2,0.3,3218,6855.0691567726835,6496.530629141594,0.05230268571059715,1522,456,1978,Exact_structureO
query_cycle_4_21.graph,3,0.3,3218,6855.0691567726835,7425.845453284603,0.08326338997586953,1515,480,1995,Exact_structureO
query_cycle_4_21.graph,4,0.3,3218,6855.0691567726835,6961.198073794933,0.015481815660079293,1520,450,1970,Exact_structureO
query_cycle_4_21.graph,5,0.3,3218,6855.0691567726835,6751.328398879728,0.015133437098947593,1529,436,1965,Exact_structureO
query_cycle_4_21.graph,1,0.4,4291,6855.0691567726835,7396.13250889831,0.07892894145219032,1899,562,2461,Exact_structureO
query_cycle_4_21.graph,2,0.4,4291,6855.0691567726835,6487.919041112031,0.05355892220254484,1884,545,2429,Exact_structureO
query_cycle_4_21.graph,3,0.4,4291,6855.0691567726835,6961.591539138789,0.015539213380635731,1883,585,2468,Exact_structureO
query_cycle_4_21.graph,4,0.4,4291,6855.0691567726835,7607.532736870189,0.10976746738639177,1908,543,2451,Exact_structureO
query_cycle_4_21.graph,5,0.4,4291,6855.0691567726835,6489.892238308861,0.05327107722947394,1893,549,2442,Exact_structureO
query_cycle_4_21.graph,1,0.5,5364,6855.0691567726835,7649.001380725214,0.11581680735753633,2255,633,2888,Exact_structureO
query_cycle_4_21.graph,2,0.5,5364,6855.0691567726835,6807.550094533037,0.006931959569320863,2241,633,2874,Exact_structureO
query_cycle_4_21.graph,3,0.5,5364,6855.0691567726835,7019.997483595971,0.024059323553335905,2253,680,2933,Exact_structureO
query_cycle_4_21.graph,4,0.5,5364,6855.0691567726835,7193.628838998689,0.04938822271275193,2243,624,2867,Exact_structureO
query_cycle_4_21.graph,5,0.5,5364,6855.0691567726835,6524.98505417448,0.048151826779469685,2249,612,2861,Exact_structureO
query_cycle_4_21.graph,1,0.6,6437,6855.0691567726835,7079.541662382884,0.03274547644620418,2660,696,3356,Exact_structureO
query_cycle_4_21.graph,2,0.6,6437,6855.0691567726835,6751.845124591193,0.015058058470425085,2633,699,3332,Exact_structureO
query_cycle_4_21.graph,3,0.6,6437,6855.0691567726835,6948.627027068677,0.013647983434792968,2622,745,3367,Exact_structureO
query_cycle_4_21.graph,4,0.6,6437,6855.0691567726835,7207.531916449147,0.051416368181820056,2660,718,3378,Exact_structureO
query_cycle_4_21.graph,5,0.6,6437,6855.0691567726835,6778.155023748901,0.011220037502873743,2647,700,3347,Exact_structureO
query_cycle_4_21.graph,1,0.7,7510,6855.0691567726835,7019.056072591365,0.023921992917703108,3032,774,3806,Exact_structureO
query_cycle_4_21.graph,2,0.7,7510,6855.0691567726835,6725.461419997756,0.018906845986648803,3011,767,3778,Exact_structureO
query_cycle_4_21.graph,3,0.7,7510,6855.0691567726835,6980.731518541699,0.01833130474619115,3006,807,3813,Exact_structureO
query_cycle_4_21.graph,4,0.7,7510,6855.0691567726835,7022.421475404204,0.024412929294255117,3030,786,3816,Exact_structureO
query_cycle_4_21.graph,5,0.7,7510,6855.0691567726835,6727.63233983306,0.01859015773950561,3033,768,3801,Exact_structureO
query_cycle_4_21.graph,1,0.8,8583,6855.0691567726835,6833.134515907706,0.003199769449926866,3418,848,4266,Exact_structureO
query_cycle_4_21.graph,2,0.8,8583,6855.0691567726835,6668.783693129852,0.027174848186438103,3443,836,4279,Exact_structureO
query_cycle_4_21.graph,3,0.8,8583,6855.0691567726835,6870.652008147446,0.002273186603721903,3427,868,4295,Exact_structureO
query_cycle_4_21.graph,4,0.8,8583,6855.0691567726835,7086.127897492061,0.033706259621187805,3422,853,4275,Exact_structureO
query_cycle_4_21.graph,5,0.8,8583,6855.0691567726835,6947.572945396189,0.013494216689573998,3442,835,4277,Exact_structureO
query_cycle_4_22.graph,1,0.01,470,5748.2654569892475,5557.3515625,0.033212435284650524,250,67,317,Exact_structureO
query_cycle_4_22.graph,2,0.01,470,5748.2654569892475,11078.210144927536,0.927226609108261,248,78,326,Exact_structureO
query_cycle_4_22.graph,3,0.01,470,5748.2654569892475,13319.10414489725,1.3170649032401087,237,59,296,Exact_structureO
query_cycle_4_22.graph,4,0.01,470,5748.2654569892475,5597.15625,0.026287792051342303,237,51,288,Exact_structureO
query_cycle_4_22.graph,5,0.01,470,5748.2654569892475,8508.222727272729,0.4801374068289908,242,43,285,Exact_structureO
query_cycle_4_22.graph,1,0.05,2352,5748.2654569892475,6028.775017253279,0.04879899203732198,645,231,876,Exact_structureO
query_cycle_4_22.graph,2,0.05,2352,5748.2654569892475,10694.222889947006,0.8604260659089827,645,237,882,Exact_structureO
query_cycle_4_22.graph,3,0.05,2352,5748.2654569892475,9975.417114938558,0.7353786441455252,636,234,870,Exact_structureO
query_cycle_4_22.graph,4,0.05,2352,5748.2654569892475,5982.597699295812,0.04076573082087622,628,256,884,Exact_structureO
query_cycle_4_22.graph,5,0.05,2352,5748.2654569892475,3474.151686082158,0.3956173889189515,655,208,863,Exact_structureO
query_cycle_4_22.graph,1,0.075,3529,5748.2654569892475,6586.2157827881865,0.14577446571819072,806,304,1110,Exact_structureO
query_cycle_4_22.graph,2,0.075,3529,5748.2654569892475,8169.162277580071,0.42115257875700285,792,322,1114,Exact_structureO
query_cycle_4_22.graph,3,0.075,3529,5748.2654569892475,7724.911619958988,0.34386828126845814,780,295,1075,Exact_structureO
query_cycle_4_22.graph,4,0.075,3529,5748.2654569892475,5950.695740365111,0.0352158898872235,783,352,1135,Exact_structureO
query_cycle_4_22.graph,5,0.075,3529,5748.2654569892475,3823.4014091968634,0.33485997857874933,782,276,1058,Exact_structureO
query_cycle_4_22.graph,1,0.1,4705,5748.2654569892475,5999.353247777144,0.0436806185564381,920,367,1287,Exact_structureO
query_cycle_4_22.graph,2,0.1,4705,5748.2654569892475,6432.133371330863,0.11896943859997086,902,399,1301,Exact_structureO
query_cycle_4_22.graph,3,0.1,4705,5748.2654569892475,7059.919554455446,0.22818258956210413,898,352,1250,Exact_structureO
query_cycle_4_22.graph,4,0.1,4705,5748.2654569892475,6842.48058362053,0.19035570552867195,902,405,1307,Exact_structureO
query_cycle_4_22.graph,5,0.1,4705,5748.2654569892475,4002.0931291040783,0.30377378027349433,925,362,1287,Exact_structureO
query_cycle_4_22.graph,1,0.125,5882,5748.2654569892475,7323.353849966954,0.27401107425590016,1019,418,1437,Exact_structureO
query_cycle_4_22.graph,2,0.125,5882,5748.2654569892475,6059.74505697988,0.054186711160304615,1010,450,1460,Exact_structureO
query_cycle_4_22.graph,3,0.125,5882,5748.2654569892475,7462.544767083432,0.2982254947898783,1018,410,1428,Exact_structureO
query_cycle_4_22.graph,4,0.125,5882,5748.2654569892475,6238.062693417257,0.08520783183951097,1007,464,1471,Exact_structureO
query_cycle_4_22.graph,5,0.125,5882,5748.2654569892475,5579.271738310709,0.029399080460534542,1015,415,1430,Exact_structureO
query_cycle_4_22.graph,1,0.15,7058,5748.2654569892475,6336.045423655516,0.10225344863842256,1125,460,1585,Exact_structureO
query_cycle_4_22.graph,2,0.15,7058,5748.2654569892475,5995.029254801321,0.042928392861891346,1100,495,1595,Exact_structureO
query_cycle_4_22.graph,3,0.15,7058,5748.2654569892475,7681.541001878033,0.33632328906072684,1114,462,1576,Exact_structureO
query_cycle_4_22.graph,4,0.15,7058,5748.2654569892475,5609.096302966854,0.024210634505958596,1120,532,1652,Exact_structureO
query_cycle_4_22.graph,5,0.15,7058,5748.2654569892475,6935.872270657124,0.20660263910113613,1111,470,1581,Exact_structureO
query_cycle_4_22.graph,1,0.2,9411,5748.2654569892475,5347.464987282031,0.06972546287330694,1321,575,1896,Exact_structureO
query_cycle_4_22.graph,2,0.2,9411,5748.2654569892475,6184.119118055667,0.075823509600878,1309,581,1890,Exact_structureO
query_cycle_4_22.graph,3,0.2,9411,5748.2654569892475,7610.773783358497,0.32401223296057907,1319,584,1903,Exact_structureO
query_cycle_4_22.graph,4,0.2,9411,5748.2654569892475,5636.7815355318335,0.019394358575048412,1291,611,1902,Exact_structureO
query_cycle_4_22.graph,5,0.2,9411,5748.2654569892475,6046.627485426288,0.05190470597948221,1313,600,1913,Exact_structureO
query_cycle_4_22.graph,1,0.3,14117,5748.2654569892475,5049.541865447646,0.12155381423661143,1828,833,2661,Exact_structureO
query_cycle_4_22.graph,2,0.3,14117,5748.2654569892475,5968.7991104727735,0.0383652521153806,1836,840,2676,Exact_structureO
query_cycle_4_22.graph,3,0.3,14117,5748.2654569892475,6332.964194965628,0.10171742108142418,1823,841,2664,Exact_structureO
query_cycle_4_22.graph,4,0.3,14117,5748.2654569892475,6198.81665791479,0.07838037479249027,1801,845,2646,Exact_structureO
query_cycle_4_22.graph,5,0.3,14117,5748.2654569892475,6001.656902876683,0.04408137511800877,1827,875,2702,Exact_structureO
query_cycle_4_22.graph,1,0.4,18823,5748.2654569892475,5229.780343194584,0.09019853339658201,2186,1005,3191,Exact_structureO
query_cycle_4_22.graph,2,0.4,18823,5748.2654569892475,6157.735284904972,0.07123363229821879,2204,1032,3236,Exact_structureO
query_cycle_4_22.graph,3,0.4,18823,5748.2654569892475,6197.728546123091,0.0781910808568082,2205,1027,3232,Exact_structureO
query_cycle_4_22.graph,4,0.4,18823,5748.2654569892475,6025.477353756577,0.04822531228620817,2192,1007,3199,Exact_structureO
query_cycle_4_22.graph,5,0.4,18823,5748.2654569892475,5751.780237886748,0.0006114506930481322,2177,1054,3231,Exact_structureO
query_cycle_4_22.graph,1,0.5,23529,5748.2654569892475,5613.304269108596,0.023478593480152188,2570,1173,3743,Exact_structureO
query_cycle_4_22.graph,2,0.5,23529,5748.2654569892475,5942.796105033064,0.03384162570420076,2545,1173,3718,Exact_structureO
query_cycle_4_22.graph,3,0.5,23529,5748.2654569892475,6074.813805078032,0.05680815378693724,2525,1145,3670,Exact_structureO
query_cycle_4_22.graph,4,0.5,23529,5748.2654569892475,5916.8893154612015,0.02933473753668183,2531,1148,3679,Exact_structureO
query_cycle_4_22.graph,5,0.5,23529,5748.2654569892475,6101.223004732845,0.06140244398672307,2556,1190,3746,Exact_structureO
query_cycle_4_22.graph,1,0.6,28235,5748.2654569892475,5859.260368011477,0.019309287619497854,2931,1301,4232,Exact_structureO
query_cycle_4_22.graph,2,0.6,28235,5748.2654569892475,6004.533740620018,0.044581845697327156,2901,1316,4217,Exact_structureO
query_cycle_4_22.graph,3,0.6,28235,5748.2654569892475,6177.070751681546,0.07459733686636195,2896,1318,4214,Exact_structureO
query_cycle_4_22.graph,4,0.6,28235,5748.2654569892475,5707.493272842937,0.007092954292278965,2908,1324,4232,Exact_structureO
query_cycle_4_22.graph,5,0.6,28235,5748.2654569892475,6329.005643033992,0.10102876952883749,2911,1329,4240,Exact_structureO
query_cycle_4_22.graph,1,0.7,32941,5748.2654569892475,5795.420839509377,0.008203410728499718,3201,1414,4615,Exact_structureO
query_cycle_4_22.graph,2,0.7,32941,5748.2654569892475,5585.245752788864,0.02835980791425874,3182,1423,4605,Exact_structureO
query_cycle_4_22.graph,3,0.7,32941,5748.2654569892475,6038.017879821694,0.05040693144749255,3217,1430,4647,Exact_structureO
query_cycle_4_22.graph,4,0.7,32941,5748.2654569892475,5693.041415572804,0.009607079184086256,3196,1418,4614,Exact_structureO
query_cycle_4_22.graph,5,0.7,32941,5748.2654569892475,6230.368697300499,0.08386934178989032,3205,1419,4624,Exact_structureO
query_cycle_4_22.graph,1,0.8,37647,5748.2654569892475,6014.538307220044,0.04632229534685779,3466,1498,4964,Exact_structureO
query_cycle_4_22.graph,2,0.8,37647,5748.2654569892475,5661.309016782351,0.015127422499454516,3433,1515,4948,Exact_structureO
query_cycle_4_22.graph,3,0.8,37647,5748.2654569892475,5950.438538257025,0.03517114558826751,3440,1507,4947,Exact_structureO
query_cycle_4_22.graph,4,0.8,37647,5748.2654569892475,5751.412162296064,0.0005474182308317526,3435,1500,4935,Exact_structureO
query_cycle_4_22.graph,5,0.8,37647,5748.2654569892475,5697.17237083619,0.008888435395921797,3444,1513,4957,Exact_structureO
query_cycle_4_23.graph,1,0.01,171,6112.681389629022,8979.787199999997,0.4690422463757724,130,15,145,Exact_structureO
query_cycle_4_23.graph,2,0.01,171,6112.681389629022,670.364771151179,0.8903321262108407,138,19,157,Exact_structureO
query_cycle_4_23.graph,3,0.01,171,6112.681389629022,8883.293430656935,0.453256413090436,122,14,136,Exact_structureO
query_cycle_4_23.graph,4,0.01,171,6112.681389629022,4141.491549295775,0.3224754759306829,135,15,150,Exact_structureO
query_cycle_4_23.graph,5,0.01,171,6112.681389629022,10519.538057742782,0.7209367521740261,133,23,156,Exact_structureO
query_cycle_4_23.graph,1,0.05,855,6112.681389629022,6316.455026455027,0.03333621104017198,443,108,551,Exact_structureO
query_cycle_4_23.graph,2,0.05,855,6112.681389629022,6139.150014281634,0.004330116844879106,454,117,571,Exact_structureO
query_cycle_4_23.graph,3,0.05,855,6112.681389629022,6074.164127066116,0.006301205658822042,441,101,542,Exact_structureO
query_cycle_4_23.graph,4,0.05,855,6112.681389629022,5523.8849574266815,0.0963237562489863,451,104,555,Exact_structureO
query_cycle_4_23.graph,5,0.05,855,6112.681389629022,4393.611380597014,0.28123010172731056,452,95,547,Exact_structureO
query_cycle_4_23.graph,1,0.075,1283,6112.681389629022,4748.274975923269,0.22320914942837528,608,163,771,Exact_structureO
query_cycle_4_23.graph,2,0.075,1283,6112.681389629022,5460.190887497302,0.1067437447727534,613,174,787,Exact_structureO
query_cycle_4_23.graph,3,0.075,1283,6112.681389629022,7322.688122767438,0.19795023754899982,615,161,776,Exact_structureO
query_cycle_4_23.graph,4,0.075,1283,6112.681389629022,6745.071465905874,0.1034554291263709,621,143,764,Exact_structureO
query_cycle_4_23.graph,5,0.075,1283,6112.681389629022,5121.032916392364,0.1622280649076724,627,150,777,Exact_structureO
query_cycle_4_23.graph,1,0.1,1711,6112.681389629022,6258.344471296114,0.023829653859307656,782,243,1025,Exact_structureO
query_cycle_4_23.graph,2,0.1,1711,6112.681389629022,6369.087592597033,0.04194660029280081,763,224,987,Exact_structureO
query_cycle_4_23.graph,3,0.1,1711,6112.681389629022,7546.924605465742,0.2346340540945099,768,203,971,Exact_structureO
query_cycle_4_23.graph,4,0.1,1711,6112.681389629022,5658.083861551293,0.0743695768029092,759,207,966,Exact_structureO
query_cycle_4_23.graph,5,0.1,1711,6112.681389629022,4521.185950413224,0.2603596257962965,766,210,976,Exact_structureO
query_cycle_4_23.graph,1,0.125,2139,6112.681389629022,6890.831555283055,0.1273009528967547,921,304,1225,Exact_structureO
query_cycle_4_23.graph,2,0.125,2139,6112.681389629022,6121.338583091568,0.0014162677409022897,930,284,1214,Exact_structureO
query_cycle_4_23.graph,3,0.125,2139,6112.681389629022,6834.521763484475,0.11808899038646949,950,265,1215,Exact_structureO
query_cycle_4_23.graph,4,0.125,2139,6112.681389629022,6070.855290864495,0.0068425124914069145,924,274,1198,Exact_structureO
query_cycle_4_23.graph,5,0.125,2139,6112.681389629022,5381.017088312255,0.11969612919105085,923,274,1197,Exact_structureO
query_cycle_4_23.graph,1,0.15,2566,6112.681389629022,6944.599485680515,0.1360970813010068,1045,360,1405,Exact_structureO
query_cycle_4_23.graph,2,0.15,2566,6112.681389629022,5164.369901960784,0.15513837990594032,1034,334,1368,Exact_structureO
query_cycle_4_23.graph,3,0.15,2566,6112.681389629022,6198.704576965011,0.01407290546533944,1077,315,1392,Exact_structureO
query_cycle_4_23.graph,4,0.15,2566,6112.681389629022,5481.60252232564,0.1032409227763926,1062,336,1398,Exact_structureO
query_cycle_4_23.graph,5,0.15,2566,6112.681389629022,5845.236188161282,0.043752517826546024,1076,342,1418,Exact_structureO
query_cycle_4_23.graph,1,0.2,3422,6112.681389629022,6122.484535730386,0.0016037390919794582,1265,475,1740,Exact_structureO
query_cycle_4_23.graph,2,0.2,3422,6112.681389629022,6140.099783681847,0.00448549373100708,1281,421,1702,Exact_structureO
query_cycle_4_23.graph,3,0.2,3422,6112.681389629022,6003.42211228716,0.01787419797917732,1302,414,1716,Exact_structureO
query_cycle_4_23.graph,4,0.2,3422,6112.681389629022,5630.778153558323,0.07883663573375715,1270,442,1712,Exact_structureO
query_cycle_4_23.graph,5,0.2,3422,6112.681389629022,6373.296980787166,0.04263523232215451,1296,415,1711,Exact_structureO
query_cycle_4_23.graph,1,0.3,5133,6112.681389629022,5903.88340753008,0.03415816542527404,1810,706,2516,Exact_structureO
query_cycle_4_23.graph,2,0.3,5133,6112.681389629022,7125.907176257776,0.1657579909772209,1842,640,2482,Exact_structureO
query_cycle_4_23.graph,3,0.3,5133,6112.681389629022,6460.458525632507,0.056894366618475335,1825,668,2493,Exact_structureO
query_cycle_4_23.graph,4,0.3,5133,6112.681389629022,5502.804151014944,0.09977245659307812,1794,676,2470,Exact_structureO
query_cycle_4_23.graph,5,0.3,5133,6112.681389629022,5996.191886596382,0.019057021887363634,1826,657,2483,Exact_structureO
query_cycle_4_23.graph,1,0.4,6844,6112.681389629022,6004.272516212969,0.01773507672099241,2240,847,3087,Exact_structureO
query_cycle_4_23.graph,2,0.4,6844,6112.681389629022,6545.123945107188,0.07074514896390019,2252,807,3059,Exact_structureO
query_cycle_4_23.graph,3,0.4,6844,6112.681389629022,6173.487162145516,0.009947479451433318,2233,849,3082,Exact_structureO
query_cycle_4_23.graph,4,0.4,6844,6112.681389629022,5442.862261751735,0.10957860964481557,2224,853,3077,Exact_structureO
query_cycle_4_23.graph,5,0.4,6844,6112.681389629022,6023.99378721023,0.014508788658486697,2249,829,3078,Exact_structureO
query_cycle_4_23.graph,1,0.5,8556,6112.681389629022,5850.011594826668,0.04297128838548794,2610,989,3599,Exact_structureO
query_cycle_4_23.graph,2,0.5,8556,6112.681389629022,5958.5720431606605,0.025211414867758162,2642,973,3615,Exact_structureO
query_cycle_4_23.graph,3,0.5,8556,6112.681389629022,6858.6724383611845,0.12203990379702029,2628,995,3623,Exact_structureO
query_cycle_4_23.graph,4,0.5,8556,6112.681389629022,5444.269721030635,0.10934835729086692,2624,1000,3624,Exact_structureO
query_cycle_4_23.graph,5,0.5,8556,6112.681389629022,5830.463553848742,0.04616923699951065,2623,997,3620,Exact_structureO
query_cycle_4_23.graph,1,0.6,10267,6112.681389629022,5974.2050694600075,0.02265394044648856,3059,1127,4186,Exact_structureO
query_cycle_4_23.graph,2,0.6,10267,6112.681389629022,6053.029746695949,0.009758670398604468,3041,1111,4152,Exact_structureO
query_cycle_4_23.graph,3,0.6,10267,6112.681389629022,6772.448920353981,0.10793422537028377,3025,1150,4175,Exact_structureO
query_cycle_4_23.graph,4,0.6,10267,6112.681389629022,5553.721270316283,0.0914427047123852,3065,1166,4231,Exact_structureO
query_cycle_4_23.graph,5,0.6,10267,6112.681389629022,5736.799880755873,0.06149208259257254,3031,1146,4177,Exact_structureO
query_cycle_4_23.graph,1,0.7,11978,6112.681389629022,6105.4939544775,0.0011758236187014409,3451,1260,4711,Exact_structureO
query_cycle_4_23.graph,2,0.7,11978,6112.681389629022,6119.763381384536,0.0011585736772620227,3466,1263,4729,Exact_structureO
query_cycle_4_23.graph,3,0.7,11978,6112.681389629022,6421.825589574898,0.05057423743209977,3415,1287,4702,Exact_structureO
query_cycle_4_23.graph,4,0.7,11978,6112.681389629022,5574.417636061014,0.08805689668060318,3422,1287,4709,Exact_structureO
query_cycle_4_23.graph,5,0.7,11978,6112.681389629022,6150.591465193352,0.006201873310238107,3436,1294,4730,Exact_structureO
query_cycle_4_23.graph,1,0.8,13689,6112.681389629022,6172.149421274341,0.009728632633497648,3809,1395,5204,Exact_structureO
query_cycle_4_23.graph,2,0.8,13689,6112.681389629022,6202.390756532208,0.01467594353198082,3830,1387,5217,Exact_structureO
query_cycle_4_23.graph,3,0.8,13689,6112.681389629022,6472.461911715201,0.05885805249012223,3804,1441,5245,Exact_structureO
query_cycle_4_23.graph,4,0.8,13689,6112.681389629022,5955.849987955073,0.02565672765801845,3807,1422,5229,Exact_structureO
query_cycle_4_23.graph,5,0.8,13689,6112.681389629022,6159.1115442775745,0.007595709916654105,3797,1415,5212,Exact_structureO
query_cycle_4_24.graph,1,0.01,110,5897.592297044214,6931.188216039281,0.17525726888803236,87,21,108,Exact_structureO
query_cycle_4_24.graph,2,0.01,110,5897.592297044214,9219.166666666668,0.56320854381324,94,10,104,Exact_structureO
query_cycle_4_24.graph,3,0.01,110,5897.592297044214,7227.5,0.225500108514167,94,13,107,Exact_structureO
query_cycle_4_24.graph,4,0.01,110,5897.592297044214,7757.470170454543,0.31536223254063733,92,12,104,Exact_structureO
query_cycle_4_24.graph,5,0.01,110,5897.592297044214,4471.890189018902,0.24174307687220992,94,16,110,Exact_structureO
query_cycle_4_24.graph,1,0.05,551,5897.592297044214,4491.610821072615,0.23839923228946433,347,77,424,Exact_structureO
query_cycle_4_24.graph,2,0.05,551,5897.592297044214,7819.703389830509,0.3259145420665359,345,82,427,Exact_structureO
query_cycle_4_24.graph,3,0.05,551,5897.592297044214,4311.818677776125,0.26888491767443057,350,73,423,Exact_structureO
query_cycle_4_24.graph,4,0.05,551,5897.592297044214,6763.180747126435,0.146769801384209,347,61,408,Exact_structureO
query_cycle_4_24.graph,5,0.05,551,5897.592297044214,6851.744760264142,0.16178677927569443,333,73,406,Exact_structureO
query_cycle_4_24.graph,1,0.075,827,5897.592297044214,7030.077586206898,0.19202502175850103,456,106,562,Exact_structureO
query_cycle_4_24.graph,2,0.075,827,5897.592297044214,5915.672126997903,0.003065628996217737,474,122,596,Exact_structureO
query_cycle_4_24.graph,3,0.075,827,5897.592297044214,5314.177676537584,0.09892420349216556,457,110,567,Exact_structureO
query_cycle_4_24.graph,4,0.075,827,5897.592297044214,6827.610684397568,0.15769458797948185,468,95,563,Exact_structureO
query_cycle_4_24.graph,5,0.075,827,5897.592297044214,5304.092491819916,0.10063425468080447,456,111,567,Exact_structureO
query_cycle_4_24.graph,1,0.1,1102,5897.592297044214,6398.394437048307,0.08491637176328501,602,149,751,Exact_structureO
query_cycle_4_24.graph,2,0.1,1102,5897.592297044214,5060.546162104133,0.14193014585962416,601,157,758,Exact_structureO
query_cycle_4_24.graph,3,0.1,1102,5897.592297044214,5636.315328832208,0.04430231101986385,601,165,766,Exact_structureO
query_cycle_4_24.graph,4,0.1,1102,5897.592297044214,6166.708522114346,0.04563154106210578,612,139,751,Exact_structureO
query_cycle_4_24.graph,5,0.1,1102,5897.592297044214,7564.000927225341,0.28255744823464757,591,152,743,Exact_structureO
query_cycle_4_24.graph,1,0.125,1378,5897.592297044214,5839.652678670463,0.00982428344576993,729,194,923,Exact_structureO
query_cycle_4_24.graph,2,0.125,1378,5897.592297044214,5165.667163337629,0.12410575313478608,721,214,935,Exact_structureO
query_cycle_4_24.graph,3,0.125,1378,5897.592297044214,5763.017428087987,0.02281861176190051,727,210,937,Exact_structureO
query_cycle_4_24.graph,4,0.125,1378,5897.592297044214,5337.021670261024,0.09505075945384353,736,187,923,Exact_structureO
query_cycle_4_24.graph,5,0.125,1378,5897.592297044214,6667.822823175603,0.13060084307920314,716,196,912,Exact_structureO
query_cycle_4_24.graph,1,0.15,1654,5897.592297044214,5840.066308576217,0.009754148060866868,850,235,1085,Exact_structureO
query_cycle_4_24.graph,2,0.15,1654,5897.592297044214,5244.487078676245,0.11074099148822072,836,261,1097,Exact_structureO
query_cycle_4_24.graph,3,0.15,1654,5897.592297044214,6136.709772423025,0.04054493144577882,846,264,1110,Exact_structureO
query_cycle_4_24.graph,4,0.15,1654,5897.592297044214,6271.147310831416,0.06334025734102063,859,235,1094,Exact_structureO
query_cycle_4_24.graph,5,0.15,1654,5897.592297044214,6975.083105882352,0.18270011804277492,828,250,1078,Exact_structureO
query_cycle_4_24.graph,1,0.2,2205,5897.592297044214,4852.34680855563,0.17723257828664185,1064,323,1387,Exact_structureO
query_cycle_4_24.graph,2,0.2,2205,5897.592297044214,5801.787622267298,0.016244709697028837,1064,328,1392,Exact_structureO
query_cycle_4_24.graph,3,0.2,2205,5897.592297044214,6152.540470571298,0.04322919603222827,1046,332,1378,Exact_structureO
query_cycle_4_24.graph,4,0.2,2205,5897.592297044214,6029.337410973358,0.02233879646023888,1058,310,1368,Exact_structureO
query_cycle_4_24.graph,5,0.2,2205,5897.592297044214,6637.442035836828,0.12544945488405757,1058,318,1376,Exact_structureO
query_cycle_4_24.graph,1,0.3,3308,5897.592297044214,5400.572196592815,0.08427508641119501,1512,475,1987,Exact_structureO
query_cycle_4_24.graph,2,0.3,3308,5897.592297044214,5499.15134786979,0.0675599344793836,1532,483,2015,Exact_structureO
query_cycle_4_24.graph,3,0.3,3308,5897.592297044214,6558.7131130667485,0.11210012200298725,1509,483,1992,Exact_structureO
query_cycle_4_24.graph,4,0.3,3308,5897.592297044214,6190.912810773481,0.04973563769002394,1530,460,1990,Exact_structureO
query_cycle_4_24.graph,5,0.3,3308,5897.592297044214,6029.92231413329,0.022437973061548704,1529,473,2002,Exact_structureO
query_cycle_4_24.graph,1,0.4,4411,5897.592297044214,5920.335686543628,0.003856385513595506,1874,569,2443,Exact_structureO
query_cycle_4_24.graph,2,0.4,4411,5897.592297044214,5757.402983645573,0.023770601007618346,1905,582,2487,Exact_structureO
query_cycle_4_24.graph,3,0.4,4411,5897.592297044214,6515.236238923009,0.10472815189146746,1901,586,2487,Exact_structureO
query_cycle_4_24.graph,4,0.4,4411,5897.592297044214,5978.214076900423,0.01367028709268608,1894,566,2460,Exact_structureO
query_cycle_4_24.graph,5,0.4,4411,5897.592297044214,6056.528611001694,0.026949355932443197,1900,574,2474,Exact_structureO
query_cycle_4_24.graph,1,0.5,5514,5897.592297044214,5823.58885403339,0.012548077127663409,2263,648,2911,Exact_structureO
query_cycle_4_24.graph,2,0.5,5514,5897.592297044214,6123.327418787461,0.03827580991930928,2278,679,2957,Exact_structureO
query_cycle_4_24.graph,3,0.5,5514,5897.592297044214,6430.34288265244,0.0903335732236411,2272,676,2948,Exact_structureO
query_cycle_4_24.graph,4,0.5,5514,5897.592297044214,5807.41997916605,0.015289683202305629,2255,647,2902,Exact_structureO
query_cycle_4_24.graph,5,0.5,5514,5897.592297044214,5744.383117849528,0.025978258834791292,2251,672,2923,Exact_structureO
query_cycle_4_24.graph,1,0.6,6617,5897.592297044214,5822.658931029106,0.012705755542420968,2700,742,3442,Exact_structureO
query_cycle_4_24.graph,2,0.6,6617,5897.592297044214,5980.39931967975,0.014040818433148966,2691,765,3456,Exact_structureO
query_cycle_4_24.graph,3,0.6,6617,5897.592297044214,6055.125379482366,0.02671142298478397,2713,754,3467,Exact_structureO
query_cycle_4_24.graph,4,0.6,6617,5897.592297044214,5871.180267873246,0.0044784427001178136,2685,749,3434,Exact_structureO
query_cycle_4_24.graph,5,0.6,6617,5897.592297044214,6091.838727524871,0.032936564736428066,2723,776,3499,Exact_structureO
query_cycle_4_24.graph,1,0.7,7720,5897.592297044214,5720.911919272819,0.029958052180030226,3096,814,3910,Exact_structureO
query_cycle_4_24.graph,2,0.7,7720,5897.592297044214,6003.379290034013,0.017937318766985247,3081,846,3927,Exact_structureO
query_cycle_4_24.graph,3,0.7,7720,5897.592297044214,6129.785107030485,0.03937078019154398,3124,835,3959,Exact_structureO
query_cycle_4_24.graph,4,0.7,7720,5897.592297044214,5924.646311206499,0.004587298137893344,3088,821,3909,Exact_structureO
query_cycle_4_24.graph,5,0.7,7720,5897.592297044214,5893.752141588531,0.00065113952648231,3095,833,3928,Exact_structureO
query_cycle_4_24.graph,1,0.8,8823,5897.592297044214,5778.236363541108,0.020238078098909165,3489,901,4390,Exact_structureO
query_cycle_4_24.graph,2,0.8,8823,5897.592297044214,6207.72196279776,0.052585809620813946,3506,917,4423,Exact_structureO
query_cycle_4_24.graph,3,0.8,8823,5897.592297044214,5925.616491854387,0.004751802667712088,3487,904,4391,Exact_structureO
query_cycle_4_24.graph,4,0.8,8823,5897.592297044214,5892.330925477681,0.0008921219544406054,3481,886,4367,Exact_structureO
query_cycle_4_24.graph,5,0.8,8823,5897.592297044214,5940.189029547093,0.00722273266061941,3500,914,4414,Exact_structureO
query_cycle_4_25.graph,1,0.01,536,321.9294890947117,109.79560707748627,0.6589451703034748,300,36,336,Exact_structureO
query_cycle_4_25.graph,2,0.01,536,321.9294890947117,178.9683794466403,0.4440758442169683,299,44,343,Exact_structureO
query_cycle_4_25.graph,3,0.01,536,321.9294890947117,202.17806041335453,0.37198030232678153,289,55,344,Exact_structureO
query_cycle_4_25.graph,4,0.01,536,321.9294890947117,71.70225385527876,0.7772734207825741,300,33,333,Exact_structureO
query_cycle_4_25.graph,5,0.01,536,321.9294890947117,130.81320450885664,0.5936588323215977,321,44,365,Exact_structureO
query_cycle_4_25.graph,1,0.05,2682,321.9294890947117,330.80624368393745,0.027573598846715817,772,128,900,Exact_structureO
query_cycle_4_25.graph,2,0.05,2682,321.9294890947117,185.3481898720332,0.42425842878437353,794,133,927,Exact_structureO
query_cycle_4_25.graph,3,0.05,2682,321.9294890947117,241.06393861892585,0.2511902550561163,789,155,944,Exact_structureO
query_cycle_4_25.graph,4,0.05,2682,321.9294890947117,137.41974248927042,0.5731371398261639,817,121,938,Exact_structureO
query_cycle_4_25.graph,5,0.05,2682,321.9294890947117,196.48506829957606,0.38966427445927415,791,125,916,Exact_structureO
query_cycle_4_25.graph,1,0.075,4023,321.9294890947117,389.22738630684654,0.20904545713218523,997,181,1178,Exact_structureO
query_cycle_4_25.graph,2,0.075,4023,321.9294890947117,168.91673838209982,0.475298957988889,996,180,1176,Exact_structureO
query_cycle_4_25.graph,3,0.075,4023,321.9294890947117,724.7479247662079,1.251262929669009,971,196,1167,Exact_structureO
query_cycle_4_25.graph,4,0.075,4023,321.9294890947117,249.86197897789054,0.22386116388243912,1023,154,1177,Exact_structureO
query_cycle_4_25.graph,5,0.075,4023,321.9294890947117,186.34253131045716,0.4211697355390914,994,166,1160,Exact_structureO
query_cycle_4_25.graph,1,0.1,5365,321.9294890947117,335.60630943818427,0.042483900378100646,1199,226,1425,Exact_structureO
query_cycle_4_25.graph,2,0.1,5365,321.9294890947117,274.61819790704834,0.1469616571029452,1186,220,1406,Exact_structureO
query_cycle_4_25.graph,3,0.1,5365,321.9294890947117,703.4297606511655,1.1850429503344329,1211,237,1448,Exact_structureO
query_cycle_4_25.graph,4,0.1,5365,321.9294890947117,230.04534187775832,0.2854169944957141,1222,190,1412,Exact_structureO
query_cycle_4_25.graph,5,0.1,5365,321.9294890947117,191.5482779594009,0.40499927950667675,1198,207,1405,Exact_structureO
query_cycle_4_25.graph,1,0.125,6706,321.9294890947117,381.8147840531562,0.18601991115149513,1392,250,1642,Exact_structureO
query_cycle_4_25.graph,2,0.125,6706,321.9294890947117,258.4980752744205,0.19703511473479732,1420,261,1681,Exact_structureO
query_cycle_4_25.graph,3,0.125,6706,321.9294890947117,616.8213027599278,0.9160136727283746,1416,280,1696,Exact_structureO
query_cycle_4_25.graph,4,0.125,6706,321.9294890947117,239.85421776122573,0.2549479749875893,1434,241,1675,Exact_structureO
query_cycle_4_25.graph,5,0.125,6706,321.9294890947117,239.72992336182585,0.2553340669847822,1393,257,1650,Exact_structureO
query_cycle_4_25.graph,1,0.15,8047,321.9294890947117,341.441924764402,0.060610898754757316,1552,285,1837,Exact_structureO
query_cycle_4_25.graph,2,0.15,8047,321.9294890947117,292.6287592270389,0.09101598598521832,1609,310,1919,Exact_structureO
query_cycle_4_25.graph,3,0.15,8047,321.9294890947117,498.71111585721815,0.5491315109393327,1570,325,1895,Exact_structureO
query_cycle_4_25.graph,4,0.15,8047,321.9294890947117,246.1801629327902,0.23529787959137854,1590,263,1853,Exact_structureO
query_cycle_4_25.graph,5,0.15,8047,321.9294890947117,257.7007724664477,0.19951175274088642,1572,301,1873,Exact_structureO
query_cycle_4_25.graph,1,0.2,10730,321.9294890947117,320.5595273931367,0.004255471300337915,1889,368,2257,Exact_structureO
query_cycle_4_25.graph,2,0.2,10730,321.9294890947117,273.3775500141557,0.15081544476427883,1842,371,2213,Exact_structureO
query_cycle_4_25.graph,3,0.2,10730,321.9294890947117,432.9957884659865,0.3450019433870473,1893,391,2284,Exact_structureO
query_cycle_4_25.graph,4,0.2,10730,321.9294890947117,273.8717319462352,0.14928038212224146,1888,339,2227,Exact_structureO
query_cycle_4_25.graph,5,0.2,10730,321.9294890947117,241.16242471205666,0.250884330633325,1863,375,2238,Exact_structureO
query_cycle_4_25.graph,1,0.3,16095,321.9294890947117,337.1343077153378,0.04723027599423438,2771,689,3460,Exact_structureO
query_cycle_4_25.graph,2,0.3,16095,321.9294890947117,441.8695455526821,0.3725662311807789,2757,688,3445,Exact_structureO
query_cycle_4_25.graph,3,0.3,16095,321.9294890947117,384.40759347980344,0.1940738779811211,2756,660,3416,Exact_structureO
query_cycle_4_25.graph,4,0.3,16095,321.9294890947117,318.6753321376957,0.010108290999271024,2786,620,3406,Exact_structureO
query_cycle_4_25.graph,5,0.3,16095,321.9294890947117,396.9583777033526,0.23306000584049444,2780,661,3441,Exact_structureO
query_cycle_4_25.graph,1,0.4,21460,321.9294890947117,342.2767242266289,0.06320401150306258,3207,870,4077,Exact_structureO
query_cycle_4_25.graph,2,0.4,21460,321.9294890947117,391.2225552649513,0.21524299114410608,3225,867,4092,Exact_structureO
query_cycle_4_25.graph,3,0.4,21460,321.9294890947117,449.9173856612405,0.3975649976224288,3211,825,4036,Exact_structureO
query_cycle_4_25.graph,4,0.4,21460,321.9294890947117,298.809271692969,0.07181764387834857,3227,791,4018,Exact_structureO
query_cycle_4_25.graph,5,0.4,21460,321.9294890947117,348.52629594143934,0.082616870301381,3202,810,4012,Exact_structureO
query_cycle_4_25.graph,1,0.5,26825,321.9294890947117,316.3320738637941,0.017387084503062814,3516,998,4514,Exact_structureO
query_cycle_4_25.graph,2,0.5,26825,321.9294890947117,469.14773318093614,0.4572996543442245,3526,993,4519,Exact_structureO
query_cycle_4_25.graph,3,0.5,26825,321.9294890947117,413.6582350850877,0.2849342762861634,3518,982,4500,Exact_structureO
query_cycle_4_25.graph,4,0.5,26825,321.9294890947117,302.10808644280274,0.0615706337050642,3545,926,4471,Exact_structureO
query_cycle_4_25.graph,5,0.5,26825,321.9294890947117,319.8346651658281,0.006507089284595845,3495,950,4445,Exact_structureO
query_cycle_4_25.graph,1,0.6,32190,321.9294890947117,343.02367398839357,0.0655242393388695,3860,1140,5000,Exact_structureO
query_cycle_4_25.graph,2,0.6,32190,321.9294890947117,413.65895973600794,0.2849365272477708,3853,1134,4987,Exact_structureO
query_cycle_4_25.graph,3,0.6,32190,321.9294890947117,397.1240992690935,0.23357478181273272,3850,1146,4996,Exact_structureO
query_cycle_4_25.graph,4,0.6,32190,321.9294890947117,292.3881469739892,0.09176339267270864,3856,1080,4936,Exact_structureO
query_cycle_4_25.graph,5,0.6,32190,321.9294890947117,308.8342032735524,0.04067749698228684,3847,1096,4943,Exact_structureO
query_cycle_4_25.graph,1,0.7,37555,321.9294890947117,337.3704932301244,0.047963932036278766,4119,1238,5357,Exact_structureO
query_cycle_4_25.graph,2,0.7,37555,321.9294890947117,391.75894871389323,0.21690917416589225,4076,1215,5291,Exact_structureO
query_cycle_4_25.graph,3,0.7,37555,321.9294890947117,375.5867117679613,0.1666738353921458,4059,1238,5297,Exact_structureO
query_cycle_4_25.graph,4,0.7,37555,321.9294890947117,305.092781963321,0.05229936275405124,4124,1201,5325,Exact_structureO
query_cycle_4_25.graph,5,0.7,37555,321.9294890947117,310.50525515858425,0.03548675819743385,4088,1212,5300,Exact_structureO
query_cycle_4_25.graph,1,0.8,42920,321.9294890947117,340.74463053166335,0.05844491441234895,4395,1393,5788,Exact_structureO
query_cycle_4_25.graph,2,0.8,42920,321.9294890947117,394.14304829327716,0.22431483180256354,4400,1395,5795,Exact_structureO
query_cycle_4_25.graph,3,0.8,42920,321.9294890947117,387.58893309321013,0.2039559786310269,4406,1417,5823,Exact_structureO
query_cycle_4_25.graph,4,0.8,42920,321.9294890947117,311.08432443268464,0.0336880125288442,4398,1343,5741,Exact_structureO
query_cycle_4_25.graph,5,0.8,42920,321.9294890947117,296.5280542970086,0.0789037216476617,4394,1361,5755,Exact_structureO
query_cycle_4_26.graph,1,0.01,111,6715.028941430393,10688.215053763444,0.5916856274169249,87,9,96,Exact_structureO
query_cycle_4_26.graph,2,0.01,111,6715.028941430393,3435.0,0.48846087932596494,93,12,105,Exact_structureO
query_cycle_4_26.graph,3,0.01,111,6715.028941430393,9772.07142857143,0.45525380661871634,95,14,109,Exact_structureO
query_cycle_4_26.graph,4,0.01,111,6715.028941430393,8257.210401891252,0.2296611785164329,93,16,109,Exact_structureO
query_cycle_4_26.graph,5,0.01,111,6715.028941430393,4357.783653846153,0.35104022754697384,94,9,103,Exact_structureO
query_cycle_4_26.graph,1,0.05,555,6715.028941430393,8945.839539119754,0.3322116132554102,350,65,415,Exact_structureO
query_cycle_4_26.graph,2,0.05,555,6715.028941430393,4720.4364342883655,0.29703408943419274,343,67,410,Exact_structureO
query_cycle_4_26.graph,3,0.05,555,6715.028941430393,5677.100957459702,0.15456790924114744,348,70,418,Exact_structureO
query_cycle_4_26.graph,4,0.05,555,6715.028941430393,7100.8676338483665,0.05745897683886738,331,75,406,Exact_structureO
query_cycle_4_26.graph,5,0.05,555,6715.028941430393,7134.058414887682,0.062401737522225775,343,69,412,Exact_structureO
query_cycle_4_26.graph,1,0.075,833,6715.028941430393,8606.558701347305,0.2816860175012127,490,98,588,Exact_structureO
query_cycle_4_26.graph,2,0.075,833,6715.028941430393,7448.414089274382,0.10921548577685909,495,104,599,Exact_structureO
query_cycle_4_26.graph,3,0.075,833,6715.028941430393,6394.284135240573,0.047765215755197814,479,104,583,Exact_structureO
query_cycle_4_26.graph,4,0.075,833,6715.028941430393,7520.356642614599,0.11992914821490847,490,116,606,Exact_structureO
query_cycle_4_26.graph,5,0.075,833,6715.028941430393,7446.574836871983,0.10894158488701325,488,101,589,Exact_structureO
query_cycle_4_26.graph,1,0.1,1111,6715.028941430393,7989.270683339649,0.18975967982020706,642,156,798,Exact_structureO
query_cycle_4_26.graph,2,0.1,1111,6715.028941430393,5474.818388338487,0.18469176587461203,627,151,778,Exact_structureO
query_cycle_4_26.graph,3,0.1,1111,6715.028941430393,8005.524372686136,0.19218017413054508,620,164,784,Exact_structureO
query_cycle_4_26.graph,4,0.1,1111,6715.028941430393,8369.216040545654,0.24634102303107816,638,149,787,Exact_structureO
query_cycle_4_26.graph,5,0.1,1111,6715.028941430393,7471.289886804925,0.11262214235720595,628,143,771,Exact_structureO
query_cycle_4_26.graph,1,0.125,1388,6715.028941430393,7074.474656269239,0.05352854291083348,760,190,950,Exact_structureO
query_cycle_4_26.graph,2,0.125,1388,6715.028941430393,6830.05841323916,0.017130152797861706,770,195,965,Exact_structureO
query_cycle_4_26.graph,3,0.125,1388,6715.028941430393,7541.840205193647,0.12312847360373874,739,214,953,Exact_structureO
query_cycle_4_26.graph,4,0.125,1388,6715.028941430393,8284.554275863677,0.23373321963657132,760,191,951,Exact_structureO
query_cycle_4_26.graph,5,0.125,1388,6715.028941430393,8190.965149469625,0.21979595634100682,771,187,958,Exact_structureO
query_cycle_4_26.graph,1,0.15,1666,6715.028941430393,6091.012328389363,0.0929283579391553,877,229,1106,Exact_structureO
query_cycle_4_26.graph,2,0.15,1666,6715.028941430393,6785.0175287356315,0.010422678430084256,885,232,1117,Exact_structureO
query_cycle_4_26.graph,3,0.15,1666,6715.028941430393,7680.56999508116,0.14378807032290966,884,253,1137,Exact_structureO
query_cycle_4_26.graph,4,0.15,1666,6715.028941430393,7328.311638332557,0.09132986652050465,883,231,1114,Exact_structureO
query_cycle_4_26.graph,5,0.15,1666,6715.028941430393,7650.47136378453,0.13930579160763443,881,222,1103,Exact_structureO
query_cycle_4_26.graph,1,0.2,2222,6715.028941430393,6054.195180093187,0.09841115609494891,1098,303,1401,Exact_structureO
query_cycle_4_26.graph,2,0.2,2222,6715.028941430393,7052.78260182454,0.05029816897888158,1094,295,1389,Exact_structureO
query_cycle_4_26.graph,3,0.2,2222,6715.028941430393,6873.832743189193,0.023649012259502226,1079,330,1409,Exact_structureO
query_cycle_4_26.graph,4,0.2,2222,6715.028941430393,7141.83531972634,0.06355987174718424,1096,306,1402,Exact_structureO
query_cycle_4_26.graph,5,0.2,2222,6715.028941430393,6978.550063171194,0.03924348264754714,1081,297,1378,Exact_structureO
query_cycle_4_26.graph,1,0.3,3333,6715.028941430393,6922.80169203492,0.03094145273486613,1593,451,2044,Exact_structureO
query_cycle_4_26.graph,2,0.3,3333,6715.028941430393,7055.592993741646,0.050716691660111834,1579,451,2030,Exact_structureO
query_cycle_4_26.graph,3,0.3,3333,6715.028941430393,6918.721998240844,0.030333906016950296,1568,465,2033,Exact_structureO
query_cycle_4_26.graph,4,0.3,3333,6715.028941430393,7254.657342799992,0.08036129197302466,1578,437,2015,Exact_structureO
query_cycle_4_26.graph,5,0.3,3333,6715.028941430393,6944.9541352161095,0.03424038761279544,1574,449,2023,Exact_structureO
query_cycle_4_26.graph,1,0.4,4444,6715.028941430393,6661.35101043016,0.007993700618183615,1970,537,2507,Exact_structureO
query_cycle_4_26.graph,2,0.4,4444,6715.028941430393,6889.45735254811,0.025975824175757167,1966,558,2524,Exact_structureO
query_cycle_4_26.graph,3,0.4,4444,6715.028941430393,6506.665995093966,0.031029344497812927,1956,567,2523,Exact_structureO
query_cycle_4_26.graph,4,0.4,4444,6715.028941430393,7000.398292102816,0.0424971140350194,1984,533,2517,Exact_structureO
query_cycle_4_26.graph,5,0.4,4444,6715.028941430393,6476.997496133736,0.035447568040705084,1947,546,2493,Exact_structureO
query_cycle_4_26.graph,1,0.5,5555,6715.028941430393,6887.675075631547,0.02571040805735939,2328,628,2956,Exact_structureO
query_cycle_4_26.graph,2,0.5,5555,6715.028941430393,6888.420098651459,0.025821356651387826,2333,628,2961,Exact_structureO
query_cycle_4_26.graph,3,0.5,5555,6715.028941430393,6742.805157042742,0.004136425301308127,2332,646,2978,Exact_structureO
query_cycle_4_26.graph,4,0.5,5555,6715.028941430393,7197.987176804525,0.0719219886595537,2337,621,2958,Exact_structureO
query_cycle_4_26.graph,5,0.5,5555,6715.028941430393,6758.472695011423,0.006469630132640236,2334,632,2966,Exact_structureO
query_cycle_4_26.graph,1,0.6,6666,6715.028941430393,6780.168394581661,0.009700546895542084,2733,723,3456,Exact_structureO
query_cycle_4_26.graph,2,0.6,6666,6715.028941430393,6724.3135879863075,0.0013826666477384376,2743,725,3468,Exact_structureO
query_cycle_4_26.graph,3,0.6,6666,6715.028941430393,6991.863664059433,0.041226139908500554,2756,746,3502,Exact_structureO
query_cycle_4_26.graph,4,0.6,6666,6715.028941430393,7214.960865215187,0.07444970500429468,2758,709,3467,Exact_structureO
query_cycle_4_26.graph,5,0.6,6666,6715.028941430393,6809.999141227529,0.014142932312798952,2736,720,3456,Exact_structureO
query_cycle_4_26.graph,1,0.7,7777,6715.028941430393,6703.000866647094,0.0017912171173363955,3141,796,3937,Exact_structureO
query_cycle_4_26.graph,2,0.7,7777,6715.028941430393,6755.231505265861,0.005986953174159266,3117,792,3909,Exact_structureO
query_cycle_4_26.graph,3,0.7,7777,6715.028941430393,6921.225471396314,0.030706722452635893,3135,821,3956,Exact_structureO
query_cycle_4_26.graph,4,0.7,7777,6715.028941430393,6824.88177503597,0.01635924946321628,3127,772,3899,Exact_structureO
query_cycle_4_26.graph,5,0.7,7777,6715.028941430393,6696.235234370695,0.0027987529500795895,3131,802,3933,Exact_structureO
query_cycle_4_26.graph,1,0.8,8888,6715.028941430393,6779.9808346649415,0.009672615531678187,3544,862,4406,Exact_structureO
query_cycle_4_26.graph,2,0.8,8888,6715.028941430393,6761.893225746152,0.006979014494876601,3533,866,4399,Exact_structureO
query_cycle_4_26.graph,3,0.8,8888,6715.028941430393,6649.0242720444285,0.009829394625349897,3509,899,4408,Exact_structureO
query_cycle_4_26.graph,4,0.8,8888,6715.028941430393,7055.340288867402,0.05067905892964289,3531,854,4385,Exact_structureO
query_cycle_4_26.graph,5,0.8,8888,6715.028941430393,6613.702908463143,0.015089440991398981,3533,887,4420,Exact_structureO
query_cycle_4_27.graph,1,0.01,115,6072.650923811501,4246.222222222222,0.30076299864819517,88,9,97,Exact_structureO
query_cycle_4_27.graph,2,0.01,115,6072.650923811501,13739.444444444443,1.2625118118630267,101,9,110,Exact_structureO
query_cycle_4_27.graph,3,0.01,115,6072.650923811501,6772.413549753,0.11523182127885133,81,15,96,Exact_structureO
query_cycle_4_27.graph,4,0.01,115,6072.650923811501,5394.285714285714,0.11170825032373365,97,12,109,Exact_structureO
query_cycle_4_27.graph,5,0.01,115,6072.650923811501,10280.142857142857,0.6928591789844758,94,7,101,Exact_structureO
query_cycle_4_27.graph,1,0.05,578,6072.650923811501,5579.142182696531,0.08126743119382528,355,65,420,Exact_structureO
query_cycle_4_27.graph,2,0.05,578,6072.650923811501,7191.873351926977,0.1843054116163482,351,71,422,Exact_structureO
query_cycle_4_27.graph,3,0.05,578,6072.650923811501,6762.465692007797,0.1135936803960622,363,63,426,Exact_structureO
query_cycle_4_27.graph,4,0.05,578,6072.650923811501,3807.167479674797,0.3730633412919399,348,61,409,Exact_structureO
query_cycle_4_27.graph,5,0.05,578,6072.650923811501,6684.554361054767,0.10076380890657285,347,57,404,Exact_structureO
query_cycle_4_27.graph,1,0.075,867,6072.650923811501,5454.457530335473,0.10179959316482808,485,103,588,Exact_structureO
query_cycle_4_27.graph,2,0.075,867,6072.650923811501,6064.187461327677,0.0013937014641560229,509,103,612,Exact_structureO
query_cycle_4_27.graph,3,0.075,867,6072.650923811501,5653.590739230873,0.06900778421783635,501,95,596,Exact_structureO
query_cycle_4_27.graph,4,0.075,867,6072.650923811501,4483.669986980513,0.26166182722613396,478,104,582,Exact_structureO
query_cycle_4_27.graph,5,0.075,867,6072.650923811501,5564.052243576937,0.08375233264936989,483,97,580,Exact_structureO
query_cycle_4_27.graph,1,0.1,1156,6072.650923811501,5978.9927595200825,0.015422945508719327,617,134,751,Exact_structureO
query_cycle_4_27.graph,2,0.1,1156,6072.650923811501,5392.168618764414,0.11205687822081872,628,133,761,Exact_structureO
query_cycle_4_27.graph,3,0.1,1156,6072.650923811501,6563.813383746829,0.08088106266892893,622,127,749,Exact_structureO
query_cycle_4_27.graph,4,0.1,1156,6072.650923811501,6009.879000883343,0.010336823854310982,637,146,783,Exact_structureO
query_cycle_4_27.graph,5,0.1,1156,6072.650923811501,5716.643697587648,0.05862468149254421,626,143,769,Exact_structureO
query_cycle_4_27.graph,1,0.125,1445,6072.650923811501,6142.115896938313,0.011438986695980237,768,174,942,Exact_structureO
query_cycle_4_27.graph,2,0.125,1445,6072.650923811501,5247.26800397878,0.13591805789400938,766,183,949,Exact_structureO
query_cycle_4_27.graph,3,0.125,1445,6072.650923811501,6880.892053293586,0.13309527249670924,766,164,930,Exact_structureO
query_cycle_4_27.graph,4,0.125,1445,6072.650923811501,5271.847445430559,0.1318704941923976,763,189,952,Exact_structureO
query_cycle_4_27.graph,5,0.125,1445,6072.650923811501,6141.4687792567265,0.011332424061357314,779,181,960,Exact_structureO
query_cycle_4_27.graph,1,0.15,1734,6072.650923811501,6481.091062553079,0.06725895228721952,905,206,1111,Exact_structureO
query_cycle_4_27.graph,2,0.15,1734,6072.650923811501,5282.88659576102,0.13005264718143653,898,231,1129,Exact_structureO
query_cycle_4_27.graph,3,0.15,1734,6072.650923811501,5808.32518116535,0.04352724139135059,881,204,1085,Exact_structureO
query_cycle_4_27.graph,4,0.15,1734,6072.650923811501,5681.012960701599,0.0644920921725056,888,217,1105,Exact_structureO
query_cycle_4_27.graph,5,0.15,1734,6072.650923811501,6330.764095114049,0.04250420031397805,889,210,1099,Exact_structureO
query_cycle_4_27.graph,1,0.2,2312,6072.650923811501,6113.609345251542,0.006744735034816315,1117,268,1385,Exact_structureO
query_cycle_4_27.graph,2,0.2,2312,6072.650923811501,6039.991001989664,0.005378198455928713,1098,287,1385,Exact_structureO
query_cycle_4_27.graph,3,0.2,2312,6072.650923811501,5681.458055524906,0.06441879719327967,1111,279,1390,Exact_structureO
query_cycle_4_27.graph,4,0.2,2312,6072.650923811501,5234.447656060238,0.13802921957272077,1107,296,1403,Exact_structureO
query_cycle_4_27.graph,5,0.2,2312,6072.650923811501,5927.143072062585,0.023961175041095295,1098,283,1381,Exact_structureO
query_cycle_4_27.graph,1,0.3,3468,6072.650923811501,5783.385585246724,0.04763411271188626,1611,408,2019,Exact_structureO
query_cycle_4_27.graph,2,0.3,3468,6072.650923811501,5467.360907008162,0.09967475891458434,1608,434,2042,Exact_structureO
query_cycle_4_27.graph,3,0.3,3468,6072.650923811501,5609.871102573304,0.07620721609793005,1596,438,2034,Exact_structureO
query_cycle_4_27.graph,4,0.3,3468,6072.650923811501,5332.529158156916,0.12187787095623921,1591,443,2034,Exact_structureO
query_cycle_4_27.graph,5,0.3,3468,6072.650923811501,5198.482227211751,0.14395174489151738,1574,445,2019,Exact_structureO
query_cycle_4_27.graph,1,0.4,4624,6072.650923811501,5748.003873205688,0.05346051579102595,1994,499,2493,Exact_structureO
query_cycle_4_27.graph,2,0.4,4624,6072.650923811501,6787.585987789363,0.11773030805616143,1986,523,2509,Exact_structureO
query_cycle_4_27.graph,3,0.4,4624,6072.650923811501,5453.904800173313,0.1018906127490418,1977,538,2515,Exact_structureO
query_cycle_4_27.graph,4,0.4,4624,6072.650923811501,5376.352079775719,0.11466143085971257,1999,552,2551,Exact_structureO
query_cycle_4_27.graph,5,0.4,4624,6072.650923811501,5240.87606605312,0.13697063575594393,1981,555,2536,Exact_structureO
query_cycle_4_27.graph,1,0.5,5780,6072.650923811501,6044.3588573729785,0.004658931790000754,2379,600,2979,Exact_structureO
query_cycle_4_27.graph,2,0.5,5780,6072.650923811501,6023.307543174087,0.008125509148555466,2383,602,2985,Exact_structureO
query_cycle_4_27.graph,3,0.5,5780,6072.650923811501,5687.476371282409,0.06342774471339736,2360,630,2990,Exact_structureO
query_cycle_4_27.graph,4,0.5,5780,6072.650923811501,5781.777084913039,0.0478989888514611,2364,634,2998,Exact_structureO
query_cycle_4_27.graph,5,0.5,5780,6072.650923811501,5574.125460432237,0.08209354853981382,2344,622,2966,Exact_structureO
query_cycle_4_27.graph,1,0.6,6936,6072.650923811501,6074.90829694323,0.0003717277940145477,2794,700,3494,Exact_structureO
query_cycle_4_27.graph,2,0.6,6936,6072.650923811501,6002.881460556252,0.011489127916389189,2777,694,3471,Exact_structureO
query_cycle_4_27.graph,3,0.6,6936,6072.650923811501,5820.151562546801,0.04157975889485495,2806,710,3516,Exact_structureO
query_cycle_4_27.graph,4,0.6,6936,6072.650923811501,5663.995287329001,0.06729443888831457,2801,717,3518,Exact_structureO
query_cycle_4_27.graph,5,0.6,6936,6072.650923811501,5896.788383175356,0.028959764498659023,2815,717,3532,Exact_structureO
query_cycle_4_27.graph,1,0.7,8092,6072.650923811501,5990.806266530238,0.013477583070079348,3191,784,3975,Exact_structureO
query_cycle_4_27.graph,2,0.7,8092,6072.650923811501,5877.802304678301,0.03208625385812619,3196,786,3982,Exact_structureO
query_cycle_4_27.graph,3,0.7,8092,6072.650923811501,5793.7451368907105,0.045928177071264224,3200,778,3978,Exact_structureO
query_cycle_4_27.graph,4,0.7,8092,6072.650923811501,5643.4130022361005,0.07068377994399677,3210,804,4014,Exact_structureO
query_cycle_4_27.graph,5,0.7,8092,6072.650923811501,5658.701607795381,0.06816616354366449,3176,787,3963,Exact_structureO
query_cycle_4_27.graph,1,0.8,9248,6072.650923811501,6012.2656203381075,0.00994381271556656,3602,867,4469,Exact_structureO
query_cycle_4_27.graph,2,0.8,9248,6072.650923811501,6174.719968506299,0.016807988138190847,3583,869,4452,Exact_structureO
query_cycle_4_27.graph,3,0.8,9248,6072.650923811501,5687.046770603201,0.0634984882296306,3616,848,4464,Exact_structureO
query_cycle_4_27.graph,4,0.8,9248,6072.650923811501,5706.376949597664,0.06031533490219876,3600,866,4466,Exact_structureO
query_cycle_4_27.graph,5,0.8,9248,6072.650923811501,5918.34021507418,0.02541076552453435,3632,874,4506,Exact_structureO
query_cycle_4_28.graph,1,0.01,470,6777.572225220363,8888.449197860962,0.31145031030222137,238,63,301,Exact_structureO
query_cycle_4_28.graph,2,0.01,470,6777.572225220363,9277.93471629042,0.36891712961255246,215,51,266,Exact_structureO
query_cycle_4_28.graph,3,0.01,470,6777.572225220363,14290.767605633804,1.1085378555547831,231,63,294,Exact_structureO
query_cycle_4_28.graph,4,0.01,470,6777.572225220363,10960.023194912084,0.6171016450593021,242,59,301,Exact_structureO
query_cycle_4_28.graph,5,0.01,470,6777.572225220363,4760.770975056691,0.2975698647162847,243,55,298,Exact_structureO
query_cycle_4_28.graph,1,0.05,2351,6777.572225220363,6541.622140497414,0.034813363381793784,626,232,858,Exact_structureO
query_cycle_4_28.graph,2,0.05,2351,6777.572225220363,7460.359480519481,0.10074215849126088,627,224,851,Exact_structureO
query_cycle_4_28.graph,3,0.05,2351,6777.572225220363,6709.1430963944795,0.010096407172357182,619,265,884,Exact_structureO
query_cycle_4_28.graph,4,0.05,2351,6777.572225220363,9238.794974560813,0.3631422384820734,639,217,856,Exact_structureO
query_cycle_4_28.graph,5,0.05,2351,6777.572225220363,5979.426761762828,0.11776273818042333,624,227,851,Exact_structureO
query_cycle_4_28.graph,1,0.075,3527,6777.572225220363,7409.057758916324,0.0931728224667394,761,320,1081,Exact_structureO
query_cycle_4_28.graph,2,0.075,3527,6777.572225220363,6439.277247789059,0.04991388747912673,788,320,1108,Exact_structureO
query_cycle_4_28.graph,3,0.075,3527,6777.572225220363,5890.637461316549,0.13086319620518344,768,350,1118,Exact_structureO
query_cycle_4_28.graph,4,0.075,3527,6777.572225220363,9207.527730819997,0.3585288986751634,805,294,1099,Exact_structureO
query_cycle_4_28.graph,5,0.075,3527,6777.572225220363,5141.731207289294,0.24136091266484178,771,304,1075,Exact_structureO
query_cycle_4_28.graph,1,0.1,4703,6777.572225220363,7628.39314756587,0.12553476290219004,897,369,1266,Exact_structureO
query_cycle_4_28.graph,2,0.1,4703,6777.572225220363,6164.886745051886,0.0903989599533271,912,386,1298,Exact_structureO
query_cycle_4_28.graph,3,0.1,4703,6777.572225220363,6669.3968772348035,0.015960781293192717,889,422,1311,Exact_structureO
query_cycle_4_28.graph,4,0.1,4703,6777.572225220363,7897.340565002743,0.16521673286129707,904,346,1250,Exact_structureO
query_cycle_4_28.graph,5,0.1,4703,6777.572225220363,6629.200232453026,0.021891613668862563,896,375,1271,Exact_structureO
query_cycle_4_28.graph,1,0.125,5879,6777.572225220363,7459.888707037642,0.10067269800213667,1016,445,1461,Exact_structureO
query_cycle_4_28.graph,2,0.125,5879,6777.572225220363,6966.370320470627,0.02785630148620444,1043,449,1492,Exact_structureO
query_cycle_4_28.graph,3,0.125,5879,6777.572225220363,7486.517574180256,0.1046016664081868,988,485,1473,Exact_structureO
query_cycle_4_28.graph,4,0.125,5879,6777.572225220363,6831.401655723665,0.00794228799259328,1015,396,1411,Exact_structureO
query_cycle_4_28.graph,5,0.125,5879,6777.572225220363,6350.288351005112,0.06304379503699914,1015,440,1455,Exact_structureO
query_cycle_4_28.graph,1,0.15,7055,6777.572225220363,7913.3850451041035,0.1675840230307263,1138,518,1656,Exact_structureO
query_cycle_4_28.graph,2,0.15,7055,6777.572225220363,6347.010430244572,0.06352743735782063,1140,493,1633,Exact_structureO
query_cycle_4_28.graph,3,0.15,7055,6777.572225220363,7186.43974578218,0.06032654569734559,1096,535,1631,Exact_structureO
query_cycle_4_28.graph,4,0.15,7055,6777.572225220363,6123.513380266172,0.0965034120212456,1137,474,1611,Exact_structureO
query_cycle_4_28.graph,5,0.15,7055,6777.572225220363,7763.836336308184,0.14551879025616052,1113,488,1601,Exact_structureO
query_cycle_4_28.graph,1,0.2,9407,6777.572225220363,7373.503999752433,0.087927026777305,1287,593,1880,Exact_structureO
query_cycle_4_28.graph,2,0.2,9407,6777.572225220363,7433.855260049398,0.09683158113563244,1315,590,1905,Exact_structureO
query_cycle_4_28.graph,3,0.2,9407,6777.572225220363,8183.766614559636,0.20747759560667053,1308,617,1925,Exact_structureO
query_cycle_4_28.graph,4,0.2,9407,6777.572225220363,5836.713586193056,0.1388194190725451,1319,580,1899,Exact_structureO
query_cycle_4_28.graph,5,0.2,9407,6777.572225220363,7271.145965471448,0.07282456370061584,1289,596,1885,Exact_structureO
query_cycle_4_28.graph,1,0.3,14110,6777.572225220363,6701.584985595355,0.011211572093949589,1828,860,2688,Exact_structureO
query_cycle_4_28.graph,2,0.3,14110,6777.572225220363,6817.589821556913,0.005904414590764306,1822,835,2657,Exact_structureO
query_cycle_4_28.graph,3,0.3,14110,6777.572225220363,7570.255114379539,0.11695676015218014,1799,857,2656,Exact_structureO
query_cycle_4_28.graph,4,0.3,14110,6777.572225220363,5931.63079696643,0.12481481571027127,1819,833,2652,Exact_structureO
query_cycle_4_28.graph,5,0.3,14110,6777.572225220363,6475.73668679727,0.044534462842006795,1832,830,2662,Exact_structureO
query_cycle_4_28.graph,1,0.4,18814,6777.572225220363,6690.084099522331,0.012908475600226885,2166,1022,3188,Exact_structureO
query_cycle_4_28.graph,2,0.4,18814,6777.572225220363,6812.878718587793,0.0052093127441783325,2226,1000,3226,Exact_structureO
query_cycle_4_28.graph,3,0.4,18814,6777.572225220363,7255.257859221955,0.07048034578282354,2167,1024,3191,Exact_structureO
query_cycle_4_28.graph,4,0.4,18814,6777.572225220363,6619.959063905469,0.02325510611726015,2180,1008,3188,Exact_structureO
query_cycle_4_28.graph,5,0.4,18814,6777.572225220363,6464.8449437565105,0.046141490060430126,2187,1007,3194,Exact_structureO
query_cycle_4_28.graph,1,0.5,23517,6777.572225220363,7158.949745493113,0.0562705210065615,2510,1171,3681,Exact_structureO
query_cycle_4_28.graph,2,0.5,23517,6777.572225220363,6370.496505996231,0.06006217354782924,2564,1179,3743,Exact_structureO
query_cycle_4_28.graph,3,0.5,23517,6777.572225220363,6678.1487492100705,0.014669482331788811,2534,1175,3709,Exact_structureO
query_cycle_4_28.graph,4,0.5,23517,6777.572225220363,6641.798356934966,0.020032817618698625,2542,1180,3722,Exact_structureO
query_cycle_4_28.graph,5,0.5,23517,6777.572225220363,6611.677935417855,0.024476949015045595,2551,1173,3724,Exact_structureO
query_cycle_4_28.graph,1,0.6,28221,6777.572225220363,6883.580226087521,0.01564099906935493,2859,1338,4197,Exact_structureO
query_cycle_4_28.graph,2,0.6,28221,6777.572225220363,6613.771406172359,0.02416806691317529,2845,1309,4154,Exact_structureO
query_cycle_4_28.graph,3,0.6,28221,6777.572225220363,6798.944463130797,0.0031533766369769537,2875,1312,4187,Exact_structureO
query_cycle_4_28.graph,4,0.6,28221,6777.572225220363,6241.785560009816,0.07905288905912418,2884,1322,4206,Exact_structureO
query_cycle_4_28.graph,5,0.6,28221,6777.572225220363,6654.805382813141,0.018113690024635778,2889,1313,4202,Exact_structureO
query_cycle_4_28.graph,1,0.7,32924,6777.572225220363,6806.244965101353,0.004230532545901068,3152,1438,4590,Exact_structureO
query_cycle_4_28.graph,2,0.7,32924,6777.572225220363,6710.156568310566,0.00994687399404362,3148,1475,4623,Exact_structureO
query_cycle_4_28.graph,3,0.7,32924,6777.572225220363,6854.925640675455,0.011413145132891092,3158,1420,4578,Exact_structureO
query_cycle_4_28.graph,4,0.7,32924,6777.572225220363,6541.331202701651,0.034856289932200794,3165,1435,4600,Exact_structureO
query_cycle_4_28.graph,5,0.7,32924,6777.572225220363,6650.90270677147,0.01868951214972483,3180,1412,4592,Exact_structureO
query_cycle_4_28.graph,1,0.8,37628,6777.572225220363,6701.070634974775,0.011287462191979908,3405,1526,4931,Exact_structureO
query_cycle_4_28.graph,2,0.8,37628,6777.572225220363,6470.842325237052,0.04525660366140003,3405,1561,4966,Exact_structureO
query_cycle_4_28.graph,3,0.8,37628,6777.572225220363,6913.4534410591405,0.02004865626265743,3424,1507,4931,Exact_structureO
query_cycle_4_28.graph,4,0.8,37628,6777.572225220363,6627.9855550641005,0.022070833800874635,3403,1509,4912,Exact_structureO
query_cycle_4_28.graph,5,0.8,37628,6777.572225220363,6785.245988624839,0.0011322289382502625,3413,1498,4911,Exact_structureO
query_cycle_4_29.graph,1,0.01,116,5667.174087484098,1142.857142857143,0.7983373855796785,102,8,110,Exact_structureO
query_cycle_4_29.graph,2,0.01,116,5667.174087484098,4085.4375,0.27910499361178065,90,10,100,Exact_structureO
query_cycle_4_29.graph,3,0.01,116,5667.174087484098,1515.7047619047617,0.7325466381468355,89,9,98,Exact_structureO
query_cycle_4_29.graph,4,0.01,116,5667.174087484098,6186.990291262136,0.0917240578379351,90,10,100,Exact_structureO
query_cycle_4_29.graph,5,0.01,116,5667.174087484098,2283.2972477064222,0.5971012690876987,99,12,111,Exact_structureO
query_cycle_4_29.graph,1,0.05,582,5667.174087484098,5050.407435946831,0.1088314285067385,344,74,418,Exact_structureO
query_cycle_4_29.graph,2,0.05,582,5667.174087484098,9251.961165048542,0.6325528424266008,373,69,442,Exact_structureO
query_cycle_4_29.graph,3,0.05,582,5667.174087484098,6391.313762626263,0.12777791258281992,364,53,417,Exact_structureO
query_cycle_4_29.graph,4,0.05,582,5667.174087484098,4909.537209302325,0.13368865443096356,354,67,421,Exact_structureO
query_cycle_4_29.graph,5,0.05,582,5667.174087484098,4340.386917960089,0.23411794821235624,371,79,450,Exact_structureO
query_cycle_4_29.graph,1,0.075,873,5667.174087484098,5519.103364203707,0.0261277880288526,486,123,609,Exact_structureO
query_cycle_4_29.graph,2,0.075,873,5667.174087484098,7321.490491867722,0.29191204978812396,486,105,591,Exact_structureO
query_cycle_4_29.graph,3,0.075,873,5667.174087484098,4763.612353883582,0.15943779380203335,496,94,590,Exact_structureO
query_cycle_4_29.graph,4,0.075,873,5667.174087484098,4471.500023557126,0.21098241301032328,493,103,596,Exact_structureO
query_cycle_4_29.graph,5,0.075,873,5667.174087484098,5437.736509758897,0.04048535904903849,494,120,614,Exact_structureO
query_cycle_4_29.graph,1,0.1,1164,5667.174087484098,5448.988070012482,0.03849996737412347,618,165,783,Exact_structureO
query_cycle_4_29.graph,2,0.1,1164,5667.174087484098,6130.050456253354,0.08167675134446893,627,157,784,Exact_structureO
query_cycle_4_29.graph,3,0.1,1164,5667.174087484098,5693.305696202533,0.004611047466522413,633,136,769,Exact_structureO
query_cycle_4_29.graph,4,0.1,1164,5667.174087484098,4681.266398791126,0.17396813181905593,618,145,763,Exact_structureO
query_cycle_4_29.graph,5,0.1,1164,5667.174087484098,4837.371950653067,0.14642255981930066,622,155,777,Exact_structureO
query_cycle_4_29.graph,1,0.125,1455,5667.174087484098,4917.321620957455,0.13231505772562827,736,210,946,Exact_structureO
query_cycle_4_29.graph,2,0.125,1455,5667.174087484098,8017.500207725277,0.41472629637968106,763,198,961,Exact_structureO
query_cycle_4_29.graph,3,0.125,1455,5667.174087484098,6298.726755334091,0.11144049187491364,753,174,927,Exact_structureO
query_cycle_4_29.graph,4,0.125,1455,5667.174087484098,4335.924086223055,0.23490543623868834,755,190,945,Exact_structureO
query_cycle_4_29.graph,5,0.125,1455,5667.174087484098,4824.325354474768,0.14872469417707743,756,204,960,Exact_structureO
query_cycle_4_29.graph,1,0.15,1746,5667.174087484098,5498.369973228526,0.029786294129974668,874,253,1127,Exact_structureO
query_cycle_4_29.graph,2,0.15,1746,5667.174087484098,8146.071072920297,0.43741324109150287,882,236,1118,Exact_structureO
query_cycle_4_29.graph,3,0.15,1746,5667.174087484098,5661.600494501466,0.0009834871660183498,889,218,1107,Exact_structureO
query_cycle_4_29.graph,4,0.15,1746,5667.174087484098,4949.4364000142905,0.12664825120776235,878,243,1121,Exact_structureO
query_cycle_4_29.graph,5,0.15,1746,5667.174087484098,4837.181536997382,0.14645615922047409,874,235,1109,Exact_structureO
query_cycle_4_29.graph,1,0.2,2328,5667.174087484098,5702.72275574962,0.006272732708887625,1096,308,1404,Exact_structureO
query_cycle_4_29.graph,2,0.2,2328,5667.174087484098,6867.208655480894,0.21175184482987053,1104,301,1405,Exact_structureO
query_cycle_4_29.graph,3,0.2,2328,5667.174087484098,5635.211489219967,0.005639953488409696,1111,298,1409,Exact_structureO
query_cycle_4_29.graph,4,0.2,2328,5667.174087484098,4673.821609862219,0.17528180046836553,1088,310,1398,Exact_structureO
query_cycle_4_29.graph,5,0.2,2328,5667.174087484098,4041.889489287072,0.2867892485933072,1090,324,1414,Exact_structureO
query_cycle_4_29.graph,1,0.3,3493,5667.174087484098,5520.611414388499,0.02586168535377826,1578,431,2009,Exact_structureO
query_cycle_4_29.graph,2,0.3,3493,5667.174087484098,6903.2273103912985,0.21810750893236414,1563,457,2020,Exact_structureO
query_cycle_4_29.graph,3,0.3,3493,5667.174087484098,5406.156718216508,0.04605776445866456,1589,441,2030,Exact_structureO
query_cycle_4_29.graph,4,0.3,3493,5667.174087484098,5470.991480798018,0.03461736019709503,1601,471,2072,Exact_structureO
query_cycle_4_29.graph,5,0.3,3493,5667.174087484098,4688.123038184911,0.17275824497105396,1589,475,2064,Exact_structureO
query_cycle_4_29.graph,1,0.4,4657,5667.174087484098,5409.933415853558,0.045391348079222425,2012,556,2568,Exact_structureO
query_cycle_4_29.graph,2,0.4,4657,5667.174087484098,6072.483752114535,0.07151883079179785,1996,551,2547,Exact_structureO
query_cycle_4_29.graph,3,0.4,4657,5667.174087484098,5673.953811499592,0.0011963147612611897,1987,549,2536,Exact_structureO
query_cycle_4_29.graph,4,0.4,4657,5667.174087484098,5396.649669848724,0.0477353286592738,1976,560,2536,Exact_structureO
query_cycle_4_29.graph,5,0.4,4657,5667.174087484098,5028.135365704936,0.1127614419310805,1983,578,2561,Exact_structureO
query_cycle_4_29.graph,1,0.5,5822,5667.174087484098,5297.130812799406,0.0652959074438756,2388,637,3025,Exact_structureO
query_cycle_4_29.graph,2,0.5,5822,5667.174087484098,5869.322943793767,0.03567013350730005,2371,646,3017,Exact_structureO
query_cycle_4_29.graph,3,0.5,5822,5667.174087484098,5714.411626014604,0.00833528982898717,2398,639,3037,Exact_structureO
query_cycle_4_29.graph,4,0.5,5822,5667.174087484098,5560.5730858144,0.01881025710946935,2372,656,3028,Exact_structureO
query_cycle_4_29.graph,5,0.5,5822,5667.174087484098,5290.58856759915,0.06645031793123019,2385,656,3041,Exact_structureO
query_cycle_4_29.graph,1,0.6,6986,5667.174087484098,5489.439401367142,0.03136213629108053,2844,739,3583,Exact_structureO
query_cycle_4_29.graph,2,0.6,6986,5667.174087484098,5969.597877259967,0.05336412559546557,2842,739,3581,Exact_structureO
query_cycle_4_29.graph,3,0.6,6986,5667.174087484098,5949.9794506306935,0.04990236029120202,2819,733,3552,Exact_structureO
query_cycle_4_29.graph,4,0.6,6986,5667.174087484098,5521.805630946705,0.025650960124630404,2826,755,3581,Exact_structureO
query_cycle_4_29.graph,5,0.6,6986,5667.174087484098,5666.914155050077,4.5866322440115214e-05,2803,757,3560,Exact_structureO
query_cycle_4_29.graph,1,0.7,8150,5667.174087484098,5282.946892967304,0.06779872800543683,3244,833,4077,Exact_structureO
query_cycle_4_29.graph,2,0.7,8150,5667.174087484098,5742.912228096422,0.013364357516313298,3245,833,4078,Exact_structureO
query_cycle_4_29.graph,3,0.7,8150,5667.174087484098,6062.567574865385,0.06976907384131885,3243,821,4064,Exact_structureO
query_cycle_4_29.graph,4,0.7,8150,5667.174087484098,5625.4259447545355,0.007366659658781764,3236,833,4069,Exact_structureO
query_cycle_4_29.graph,5,0.7,8150,5667.174087484098,5523.519638156056,0.025348515346528915,3238,841,4079,Exact_structureO
query_cycle_4_29.graph,1,0.8,9315,5667.174087484098,5530.02393297284,0.02420080138602989,3641,912,4553,Exact_structureO
query_cycle_4_29.graph,2,0.8,9315,5667.174087484098,5697.019510550603,0.005266367788562924,3636,925,4561,Exact_structureO
query_cycle_4_29.graph,3,0.8,9315,5667.174087484098,5919.5431119074265,0.044531722605925084,3657,908,4565,Exact_structureO
query_cycle_4_29.graph,4,0.8,9315,5667.174087484098,5630.354326818208,0.006497023048437085,3647,910,4557,Exact_structureO
query_cycle_4_29.graph,5,0.8,9315,5667.174087484098,5397.086320334641,0.04765827959051824,3655,908,4563,Exact_structureO
query_cycle_4_3.graph,1,0.01,166,6600.937534126898,6913.612804878049,0.047368312324517214,122,18,140,Exact_structureO
query_cycle_4_3.graph,2,0.01,166,6600.937534126898,2421.0894308943093,0.6332203693221974,125,14,139,Exact_structureO
query_cycle_4_3.graph,3,0.01,166,6600.937534126898,10736.977401129941,0.62658370051522,115,19,134,Exact_structureO
query_cycle_4_3.graph,4,0.01,166,6600.937534126898,4140.566371681415,0.37273056285191986,130,21,151,Exact_structureO
query_cycle_4_3.graph,5,0.01,166,6600.937534126898,6361.712895377129,0.03624100932829249,128,16,144,Exact_structureO
query_cycle_4_3.graph,1,0.05,831,6600.937534126898,6286.628571428571,0.04761580625075555,428,108,536,Exact_structureO
query_cycle_4_3.graph,2,0.05,831,6600.937534126898,8396.466841004185,0.27201125561246214,439,88,527,Exact_structureO
query_cycle_4_3.graph,3,0.05,831,6600.937534126898,8535.785934065934,0.29311721099250754,447,99,546,Exact_structureO
query_cycle_4_3.graph,4,0.05,831,6600.937534126898,5654.657296881018,0.14335542979366248,434,106,540,Exact_structureO
query_cycle_4_3.graph,5,0.05,831,6600.937534126898,9927.956104640873,0.5040221261469697,442,94,536,Exact_structureO
query_cycle_4_3.graph,1,0.075,1246,6600.937534126898,6716.734841628959,0.017542554660362704,588,176,764,Exact_structureO
query_cycle_4_3.graph,2,0.075,1246,6600.937534126898,7445.242702404994,0.12790685624777265,583,140,723,Exact_structureO
query_cycle_4_3.graph,3,0.075,1246,6600.937534126898,8763.001737441873,0.32753895823693024,599,142,741,Exact_structureO
query_cycle_4_3.graph,4,0.075,1246,6600.937534126898,5313.3994138102325,0.1950538258633843,598,159,757,Exact_structureO
query_cycle_4_3.graph,5,0.075,1246,6600.937534126898,8823.044776119403,0.336635096227497,587,158,745,Exact_structureO
query_cycle_4_3.graph,1,0.1,1662,6600.937534126898,7579.070636878496,0.1481809360707691,751,236,987,Exact_structureO
query_cycle_4_3.graph,2,0.1,1662,6600.937534126898,7363.377884883876,0.1155048577289446,771,211,982,Exact_structureO
query_cycle_4_3.graph,3,0.1,1662,6600.937534126898,7203.376574033868,0.09126567806351073,751,194,945,Exact_structureO
query_cycle_4_3.graph,4,0.1,1662,6600.937534126898,4786.866818208312,0.2748201610058914,754,226,980,Exact_structureO
query_cycle_4_3.graph,5,0.1,1662,6600.937534126898,7367.778734021081,0.11617155834752381,747,215,962,Exact_structureO
query_cycle_4_3.graph,1,0.125,2077,6600.937534126898,8008.476140213488,0.21323313526443857,901,285,1186,Exact_structureO
query_cycle_4_3.graph,2,0.125,2077,6600.937534126898,6613.115512367492,0.0018448861510404486,894,268,1162,Exact_structureO
query_cycle_4_3.graph,3,0.125,2077,6600.937534126898,6838.740586663791,0.036025648070058154,908,264,1172,Exact_structureO
query_cycle_4_3.graph,4,0.125,2077,6600.937534126898,5403.21161669041,0.18144784907359537,892,288,1180,Exact_structureO
query_cycle_4_3.graph,5,0.125,2077,6600.937534126898,8889.20344171957,0.3466577127510024,898,264,1162,Exact_structureO
query_cycle_4_3.graph,1,0.15,2493,6600.937534126898,7114.185614527101,0.07775381568856043,1030,344,1374,Exact_structureO
query_cycle_4_3.graph,2,0.15,2493,6600.937534126898,6165.877526844347,0.06590882053243004,1026,334,1360,Exact_structureO
query_cycle_4_3.graph,3,0.15,2493,6600.937534126898,7689.901058632696,0.16497103917070086,1048,323,1371,Exact_structureO
query_cycle_4_3.graph,4,0.15,2493,6600.937534126898,5381.571195853897,0.18472623501871782,1017,348,1365,Exact_structureO
query_cycle_4_3.graph,5,0.15,2493,6600.937534126898,8710.360801919975,0.3195641917359984,1041,326,1367,Exact_structureO
query_cycle_4_3.graph,1,0.2,3324,6600.937534126898,6936.49646141189,0.05083504056054913,1255,447,1702,Exact_structureO
query_cycle_4_3.graph,2,0.2,3324,6600.937534126898,6266.530576423147,0.05066052450502133,1260,442,1702,Exact_structureO
query_cycle_4_3.graph,3,0.2,3324,6600.937534126898,6835.306175793834,0.03550535669444658,1267,423,1690,Exact_structureO
query_cycle_4_3.graph,4,0.2,3324,6600.937534126898,5512.475659619769,0.164895042390535,1255,464,1719,Exact_structureO
query_cycle_4_3.graph,5,0.2,3324,6600.937534126898,7999.338175803761,0.21184879184920646,1262,439,1701,Exact_structureO
query_cycle_4_3.graph,1,0.3,4986,6600.937534126898,7123.3087294622665,0.0791359095029616,1769,667,2436,Exact_structureO
query_cycle_4_3.graph,2,0.3,4986,6600.937534126898,6100.529392772508,0.07580864669106108,1745,678,2423,Exact_structureO
query_cycle_4_3.graph,3,0.3,4986,6600.937534126898,7078.5625695492445,0.07235715123087008,1778,636,2414,Exact_structureO
query_cycle_4_3.graph,4,0.3,4986,6600.937534126898,5803.049563232584,0.12087494644044534,1737,687,2424,Exact_structureO
query_cycle_4_3.graph,5,0.3,4986,6600.937534126898,7289.358876055222,0.10429144926295401,1771,656,2427,Exact_structureO
query_cycle_4_3.graph,1,0.4,6648,6600.937534126898,7036.304276516001,0.06595528894770682,2142,833,2975,Exact_structureO
query_cycle_4_3.graph,2,0.4,6648,6600.937534126898,6231.339727325011,0.05599171403926536,2159,847,3006,Exact_structureO
query_cycle_4_3.graph,3,0.4,6648,6600.937534126898,6946.896593964811,0.052410594411672846,2170,812,2982,Exact_structureO
query_cycle_4_3.graph,4,0.4,6648,6600.937534126898,5824.055044718768,0.11769274976344518,2145,853,2998,Exact_structureO
query_cycle_4_3.graph,5,0.4,6648,6600.937534126898,6711.701515800652,0.0167800378508512,2181,829,3010,Exact_structureO
query_cycle_4_3.graph,1,0.5,8310,6600.937534126898,6675.864275632091,0.011350924185817814,2499,970,3469,Exact_structureO
query_cycle_4_3.graph,2,0.5,8310,6600.937534126898,6193.674604487967,0.06169774028816028,2503,990,3493,Exact_structureO
query_cycle_4_3.graph,3,0.5,8310,6600.937534126898,6795.5001682540715,0.029475000046778704,2503,929,3432,Exact_structureO
query_cycle_4_3.graph,4,0.5,8310,6600.937534126898,6048.667458659714,0.08366539943938926,2480,977,3457,Exact_structureO
query_cycle_4_3.graph,5,0.5,8310,6600.937534126898,6923.316014840606,0.04883828684137804,2506,947,3453,Exact_structureO
query_cycle_4_3.graph,1,0.6,9972,6600.937534126898,6882.149358847492,0.04260180061797694,2901,1132,4033,Exact_structureO
query_cycle_4_3.graph,2,0.6,9972,6600.937534126898,6594.669746776115,0.0009495298688070102,2895,1128,4023,Exact_structureO
query_cycle_4_3.graph,3,0.6,9972,6600.937534126898,6874.643284818005,0.04146467820306526,2935,1095,4030,Exact_structureO
query_cycle_4_3.graph,4,0.6,9972,6600.937534126898,6336.785219489495,0.04001739347959792,2905,1118,4023,Exact_structureO
query_cycle_4_3.graph,5,0.6,9972,6600.937534126898,6970.555663366374,0.05599479275914175,2945,1069,4014,Exact_structureO
query_cycle_4_3.graph,1,0.7,11634,6600.937534126898,6809.791489716434,0.03164004423761917,3279,1243,4522,Exact_structureO
query_cycle_4_3.graph,2,0.7,11634,6600.937534126898,6540.674758135704,0.009129426794244732,3262,1253,4515,Exact_structureO
query_cycle_4_3.graph,3,0.7,11634,6600.937534126898,6981.75201530516,0.05769096877670004,3286,1215,4501,Exact_structureO
query_cycle_4_3.graph,4,0.7,11634,6600.937534126898,6451.910659325587,0.022576622492008196,3293,1251,4544,Exact_structureO
query_cycle_4_3.graph,5,0.7,11634,6600.937534126898,6637.004072856229,0.00546385093675964,3286,1210,4496,Exact_structureO
query_cycle_4_3.graph,1,0.8,13296,6600.937534126898,6782.9540757455925,0.027574346928397327,3633,1331,4964,Exact_structureO
query_cycle_4_3.graph,2,0.8,13296,6600.937534126898,6380.222527530778,0.033436917930978936,3634,1392,5026,Exact_structureO
query_cycle_4_3.graph,3,0.8,13296,6600.937534126898,6747.273607760338,0.02216898325077024,3650,1344,4994,Exact_structureO
query_cycle_4_3.graph,4,0.8,13296,6600.937534126898,6457.967137218503,0.021659104660396614,3642,1361,5003,Exact_structureO
query_cycle_4_3.graph,5,0.8,13296,6600.937534126898,6703.91441398335,0.015600341515740851,3645,1342,4987,Exact_structureO
query_cycle_4_30.graph,1,0.01,106,6855.0691567726835,6753.2588235294115,0.014851831675933604,96,14,110,Exact_structureO
query_cycle_4_30.graph,2,0.01,106,6855.0691567726835,4799.107142857143,0.29991849343843413,91,12,103,Exact_structureO
query_cycle_4_30.graph,3,0.01,106,6855.0691567726835,7405.923344947736,0.08035720363678879,87,12,99,Exact_structureO
query_cycle_4_30.graph,4,0.01,106,6855.0691567726835,13670.886075949365,0.9942739837194463,86,12,98,Exact_structureO
query_cycle_4_30.graph,5,0.01,106,6855.0691567726835,11891.369047619046,0.7346825795142548,91,11,102,Exact_structureO
query_cycle_4_30.graph,1,0.05,534,6855.0691567726835,4315.22445799458,0.3705060650290863,339,64,403,Exact_structureO
query_cycle_4_30.graph,2,0.05,534,6855.0691567726835,6423.5470019342365,0.06294935105244139,329,64,393,Exact_structureO
query_cycle_4_30.graph,3,0.05,534,6855.0691567726835,7374.0988835725675,0.07571473240165522,322,71,393,Exact_structureO
query_cycle_4_30.graph,4,0.05,534,6855.0691567726835,7408.121874999999,0.08067791959194305,323,64,387,Exact_structureO
query_cycle_4_30.graph,5,0.05,534,6855.0691567726835,8114.809810907098,0.18376775278624485,330,70,400,Exact_structureO
query_cycle_4_30.graph,1,0.075,801,6855.0691567726835,4927.76758136883,0.2811498369056882,464,95,559,Exact_structureO
query_cycle_4_30.graph,2,0.075,801,6855.0691567726835,4454.038196033562,0.35025627106430385,456,106,562,Exact_structureO
query_cycle_4_30.graph,3,0.075,801,6855.0691567726835,7231.252948428189,0.05487673181004196,476,107,583,Exact_structureO
query_cycle_4_30.graph,4,0.075,801,6855.0691567726835,7437.139078498292,0.0849108752098488,471,114,585,Exact_structureO
query_cycle_4_30.graph,5,0.075,801,6855.0691567726835,7454.093617884275,0.08738416016120946,458,117,575,Exact_structureO
query_cycle_4_30.graph,1,0.1,1068,6855.0691567726835,5766.001955034212,0.158870344971282,620,143,763,Exact_structureO
query_cycle_4_30.graph,2,0.1,1068,6855.0691567726835,5619.852232781095,0.18019029359772637,609,153,762,Exact_structureO
query_cycle_4_30.graph,3,0.1,1068,6855.0691567726835,5970.903361425015,0.12897985054959352,588,150,738,Exact_structureO
query_cycle_4_30.graph,4,0.1,1068,6855.0691567726835,6384.725850463889,0.06861248158876757,592,159,751,Exact_structureO
query_cycle_4_30.graph,5,0.1,1068,6855.0691567726835,7324.324964662041,0.06845384009375616,594,163,757,Exact_structureO
query_cycle_4_30.graph,1,0.125,1335,6855.0691567726835,5841.922205341094,0.1477952925435652,719,200,919,Exact_structureO
query_cycle_4_30.graph,2,0.125,1335,6855.0691567726835,5391.583894742397,0.2134894963947066,729,201,930,Exact_structureO
query_cycle_4_30.graph,3,0.125,1335,6855.0691567726835,6287.30599912362,0.08282384096564865,738,185,923,Exact_structureO
query_cycle_4_30.graph,4,0.125,1335,6855.0691567726835,6230.538441663897,0.09110494742299738,721,205,926,Exact_structureO
query_cycle_4_30.graph,5,0.125,1335,6855.0691567726835,6604.386947761561,0.03656888111237409,735,205,940,Exact_structureO
query_cycle_4_30.graph,1,0.15,1602,6855.0691567726835,6095.3911881142,0.11081988398438479,849,243,1092,Exact_structureO
query_cycle_4_30.graph,2,0.15,1602,6855.0691567726835,5502.140053061395,0.19736184606899546,841,237,1078,Exact_structureO
query_cycle_4_30.graph,3,0.15,1602,6855.0691567726835,5295.6883627823945,0.22747849194922407,853,234,1087,Exact_structureO
query_cycle_4_30.graph,4,0.15,1602,6855.0691567726835,5820.418485629417,0.15093220031501078,850,238,1088,Exact_structureO
query_cycle_4_30.graph,5,0.15,1602,6855.0691567726835,7435.150635469168,0.08462080621365793,842,239,1081,Exact_structureO
query_cycle_4_30.graph,1,0.2,2136,6855.0691567726835,6886.852097130242,0.004636414255012706,1050,312,1362,Exact_structureO
query_cycle_4_30.graph,2,0.2,2136,6855.0691567726835,6278.689315418168,0.08408082080179494,1051,299,1350,Exact_structureO
query_cycle_4_30.graph,3,0.2,2136,6855.0691567726835,6327.270975383335,0.0769938521871648,1050,305,1355,Exact_structureO
query_cycle_4_30.graph,4,0.2,2136,6855.0691567726835,6142.606355902215,0.10393225576237525,1063,320,1383,Exact_structureO
query_cycle_4_30.graph,5,0.2,2136,6855.0691567726835,6855.4396691456905,5.404939972645969e-05,1046,310,1356,Exact_structureO
query_cycle_4_30.graph,1,0.3,3204,6855.0691567726835,6895.559896130715,0.005906685757944166,1498,448,1946,Exact_structureO
query_cycle_4_30.graph,2,0.3,3204,6855.0691567726835,6084.551442148747,0.11240115847156394,1503,444,1947,Exact_structureO
query_cycle_4_30.graph,3,0.3,3204,6855.0691567726835,7395.834711583921,0.07888549953970495,1504,463,1967,Exact_structureO
query_cycle_4_30.graph,4,0.3,3204,6855.0691567726835,6751.145583235425,0.015160105778740973,1492,457,1949,Exact_structureO
query_cycle_4_30.graph,5,0.3,3204,6855.0691567726835,6991.163618461298,0.019853112868183927,1504,460,1964,Exact_structureO
query_cycle_4_30.graph,1,0.4,4272,6855.0691567726835,7161.547571934456,0.04470828931885789,1872,544,2416,Exact_structureO
query_cycle_4_30.graph,2,0.4,4272,6855.0691567726835,6287.261136122357,0.08283038546581874,1900,561,2461,Exact_structureO
query_cycle_4_30.graph,3,0.4,4272,6855.0691567726835,7190.461582153094,0.04892619136439333,1883,566,2449,Exact_structureO
query_cycle_4_30.graph,4,0.4,4272,6855.0691567726835,6674.898637589931,0.0262828156889923,1880,548,2428,Exact_structureO
query_cycle_4_30.graph,5,0.4,4272,6855.0691567726835,6542.600269782603,0.045582164066334266,1884,545,2429,Exact_structureO
query_cycle_4_30.graph,1,0.5,5340,6855.0691567726835,6854.321169794761,0.00010911443208179267,2222,648,2870,Exact_structureO
query_cycle_4_30.graph,2,0.5,5340,6855.0691567726835,6493.1184174116515,0.052800450452557615,2260,634,2894,Exact_structureO
query_cycle_4_30.graph,3,0.5,5340,6855.0691567726835,6740.5175308872795,0.016710498941098086,2216,635,2851,Exact_structureO
query_cycle_4_30.graph,4,0.5,5340,6855.0691567726835,7096.8639292450425,0.035272404543646385,2234,636,2870,Exact_structureO
query_cycle_4_30.graph,5,0.5,5340,6855.0691567726835,6949.5652789018295,0.01378485321855368,2256,626,2882,Exact_structureO
query_cycle_4_30.graph,1,0.6,6408,6855.0691567726835,7106.9468464372485,0.036743274780198884,2652,727,3379,Exact_structureO
query_cycle_4_30.graph,2,0.6,6408,6855.0691567726835,6582.630977453491,0.03974258655728198,2654,722,3376,Exact_structureO
query_cycle_4_30.graph,3,0.6,6408,6855.0691567726835,6914.2448879042895,0.008632404688892368,2644,714,3358,Exact_structureO
query_cycle_4_30.graph,4,0.6,6408,6855.0691567726835,7230.37373725767,0.05474847472752221,2682,718,3400,Exact_structureO
query_cycle_4_30.graph,5,0.6,6408,6855.0691567726835,7016.331035741167,0.02352447149408552,2659,709,3368,Exact_structureO
query_cycle_4_30.graph,1,0.7,7475,6855.0691567726835,7075.454827481181,0.032149299397039754,3034,787,3821,Exact_structureO
query_cycle_4_30.graph,2,0.7,7475,6855.0691567726835,6970.332974828125,0.016814391717924943,3050,785,3835,Exact_structureO
query_cycle_4_30.graph,3,0.7,7475,6855.0691567726835,7079.822922271279,0.03278650592117554,3053,794,3847,Exact_structureO
query_cycle_4_30.graph,4,0.7,7475,6855.0691567726835,7160.638566369303,0.044575685906060064,3058,794,3852,Exact_structureO
query_cycle_4_30.graph,5,0.7,7475,6855.0691567726835,6940.219437435545,0.012421505708477715,3046,781,3827,Exact_structureO
query_cycle_4_30.graph,1,0.8,8544,6855.0691567726835,7010.28055914026,0.022641843403465988,3443,851,4294,Exact_structureO
query_cycle_4_30.graph,2,0.8,8544,6855.0691567726835,6820.624677875224,0.005024672707120567,3449,854,4303,Exact_structureO
query_cycle_4_30.graph,3,0.8,8544,6855.0691567726835,7077.546148470898,0.032454375967660494,3440,854,4294,Exact_structureO
query_cycle_4_30.graph,4,0.8,8544,6855.0691567726835,7139.584512394267,0.041504374225092636,3444,860,4304,Exact_structureO
query_cycle_4_30.graph,5,0.8,8544,6855.0691567726835,6970.34015431814,0.016815439043612084,3468,853,4321,Exact_structureO
query_cycle_4_31.graph,1,0.01,106,6416.5835127918,12502.588235294117,0.9484805598445877,84,11,95,Exact_structureO
query_cycle_4_31.graph,2,0.01,106,6416.5835127918,9101.2987012987,0.4184025943330711,88,17,105,Exact_structureO
query_cycle_4_31.graph,3,0.01,106,6416.5835127918,6128.7,0.044865544447117225,83,16,99,Exact_structureO
query_cycle_4_31.graph,4,0.01,106,6416.5835127918,6774.435606060606,0.055769880116951484,83,10,93,Exact_structureO
query_cycle_4_31.graph,5,0.01,106,6416.5835127918,3996.2086247086245,0.377206169491604,87,18,105,Exact_structureO
query_cycle_4_31.graph,1,0.05,534,6416.5835127918,6499.370415057915,0.0129020220965059,335,73,408,Exact_structureO
query_cycle_4_31.graph,2,0.05,534,6416.5835127918,6807.051029678983,0.06085286914894273,320,88,408,Exact_structureO
query_cycle_4_31.graph,3,0.05,534,6416.5835127918,9161.755290423864,0.42782452252969483,344,76,420,Exact_structureO
query_cycle_4_31.graph,4,0.05,534,6416.5835127918,5810.226462646265,0.0944984272294953,321,59,380,Exact_structureO
query_cycle_4_31.graph,5,0.05,534,6416.5835127918,7700.075808249721,0.20002736548183492,324,76,400,Exact_structureO
query_cycle_4_31.graph,1,0.075,801,6416.5835127918,9260.799420725165,0.44326017143909524,452,124,576,Exact_structureO
query_cycle_4_31.graph,2,0.075,801,6416.5835127918,7051.449560025142,0.09894144539188231,451,119,570,Exact_structureO
query_cycle_4_31.graph,3,0.075,801,6416.5835127918,7561.36934608426,0.17841049384150748,444,109,553,Exact_structureO
query_cycle_4_31.graph,4,0.075,801,6416.5835127918,5269.551241527357,0.17876059260785326,466,121,587,Exact_structureO
query_cycle_4_31.graph,5,0.075,801,6416.5835127918,6721.694674556212,0.04755040765169761,456,122,578,Exact_structureO
query_cycle_4_31.graph,1,0.1,1068,6416.5835127918,7674.4472079895795,0.1960332461488519,576,180,756,Exact_structureO
query_cycle_4_31.graph,2,0.1,1068,6416.5835127918,6338.957269567302,0.0120977531220073,589,162,751,Exact_structureO
query_cycle_4_31.graph,3,0.1,1068,6416.5835127918,5811.622370533074,0.09428088032403907,592,173,765,Exact_structureO
query_cycle_4_31.graph,4,0.1,1068,6416.5835127918,6861.740891279294,0.06937607491588782,604,163,767,Exact_structureO
query_cycle_4_31.graph,5,0.1,1068,6416.5835127918,5648.166592902098,0.11975483812496505,582,181,763,Exact_structureO
query_cycle_4_31.graph,1,0.125,1335,6416.5835127918,6623.616032015522,0.03226522631724376,730,233,963,Exact_structureO
query_cycle_4_31.graph,2,0.125,1335,6416.5835127918,6588.922483263079,0.026858369430977115,718,212,930,Exact_structureO
query_cycle_4_31.graph,3,0.125,1335,6416.5835127918,6467.9744310863025,0.008009078069669334,730,231,961,Exact_structureO
query_cycle_4_31.graph,4,0.125,1335,6416.5835127918,6415.782208122031,0.00012488026816316714,716,222,938,Exact_structureO
query_cycle_4_31.graph,5,0.125,1335,6416.5835127918,6382.353386060307,0.005334634336676793,735,239,974,Exact_structureO
query_cycle_4_31.graph,1,0.15,1602,6416.5835127918,6860.677297176155,0.06921031784266976,843,270,1113,Exact_structureO
query_cycle_4_31.graph,2,0.15,1602,6416.5835127918,6019.569617016925,0.061873097261713604,847,267,1114,Exact_structureO
query_cycle_4_31.graph,3,0.15,1602,6416.5835127918,6368.896305539587,0.007431868868712743,839,280,1119,Exact_structureO
query_cycle_4_31.graph,4,0.15,1602,6416.5835127918,5450.810717224581,0.1505119965542254,837,291,1128,Exact_structureO
query_cycle_4_31.graph,5,0.15,1602,6416.5835127918,5989.668444905093,0.06653308057716842,838,282,1120,Exact_structureO
query_cycle_4_31.graph,1,0.2,2136,6416.5835127918,6873.957942299551,0.07128005559281682,1040,347,1387,Exact_structureO
query_cycle_4_31.graph,2,0.2,2136,6416.5835127918,6264.256128179259,0.0237396403099669,1059,328,1387,Exact_structureO
query_cycle_4_31.graph,3,0.2,2136,6416.5835127918,6896.509664993367,0.07479465532472358,1049,349,1398,Exact_structureO
query_cycle_4_31.graph,4,0.2,2136,6416.5835127918,6485.985111025541,0.010815973655666705,1044,360,1404,Exact_structureO
query_cycle_4_31.graph,5,0.2,2136,6416.5835127918,5762.71707987759,0.1019025828325452,1035,348,1383,Exact_structureO
query_cycle_4_31.graph,1,0.3,3204,6416.5835127918,6105.671622757756,0.04845442896741299,1519,486,2005,Exact_structureO
query_cycle_4_31.graph,2,0.3,3204,6416.5835127918,6338.390853955376,0.012186026828847906,1515,486,2001,Exact_structureO
query_cycle_4_31.graph,3,0.3,3204,6416.5835127918,7159.699111979778,0.11581172405946831,1503,494,1997,Exact_structureO
query_cycle_4_31.graph,4,0.3,3204,6416.5835127918,6459.321991299108,0.0066606284204213575,1528,505,2033,Exact_structureO
query_cycle_4_31.graph,5,0.3,3204,6416.5835127918,6084.899004190021,0.05169176212552187,1518,502,2020,Exact_structureO
query_cycle_4_31.graph,1,0.4,4273,6416.5835127918,6818.410675243944,0.06262322646484382,1897,579,2476,Exact_structureO
query_cycle_4_31.graph,2,0.4,4273,6416.5835127918,6147.360004074599,0.04195745417798893,1904,600,2504,Exact_structureO
query_cycle_4_31.graph,3,0.4,4273,6416.5835127918,6274.255054419246,0.02218134589673994,1903,588,2491,Exact_structureO
query_cycle_4_31.graph,4,0.4,4273,6416.5835127918,6509.967738171994,0.01455357437396827,1896,608,2504,Exact_structureO
query_cycle_4_31.graph,5,0.4,4273,6416.5835127918,5897.254949777233,0.08093537035390523,1897,582,2479,Exact_structureO
query_cycle_4_31.graph,1,0.5,5341,6416.5835127918,6634.940023786877,0.03403002712577052,2284,678,2962,Exact_structureO
query_cycle_4_31.graph,2,0.5,5341,6416.5835127918,6728.883665825843,0.048670784446498125,2298,678,2976,Exact_structureO
query_cycle_4_31.graph,3,0.5,5341,6416.5835127918,5840.428777550206,0.08979151196162236,2279,675,2954,Exact_structureO
query_cycle_4_31.graph,4,0.5,5341,6416.5835127918,6722.342390300023,0.047651351673157,2253,685,2938,Exact_structureO
query_cycle_4_31.graph,5,0.5,5341,6416.5835127918,6301.877712396872,0.017876460294836916,2283,680,2963,Exact_structureO
query_cycle_4_31.graph,1,0.6,6409,6416.5835127918,6564.4876539299385,0.023050294731344775,2704,758,3462,Exact_structureO
query_cycle_4_31.graph,2,0.6,6409,6416.5835127918,6154.524379169422,0.040840913719886775,2674,752,3426,Exact_structureO
query_cycle_4_31.graph,3,0.6,6409,6416.5835127918,6104.538079031118,0.04863108742192827,2671,762,3433,Exact_structureO
query_cycle_4_31.graph,4,0.6,6409,6416.5835127918,6644.699434690995,0.035550993989937794,2672,774,3446,Exact_structureO
query_cycle_4_31.graph,5,0.6,6409,6416.5835127918,6310.993362765482,0.016455821048041917,2704,773,3477,Exact_structureO
query_cycle_4_31.graph,1,0.7,7478,6416.5835127918,6601.158270138639,0.0287652700192991,3069,826,3895,Exact_structureO
query_cycle_4_31.graph,2,0.7,7478,6416.5835127918,6227.39291908272,0.029484630462911943,3064,829,3893,Exact_structureO
query_cycle_4_31.graph,3,0.7,7478,6416.5835127918,6234.861785978073,0.028320636122237727,3075,830,3905,Exact_structureO
query_cycle_4_31.graph,4,0.7,7478,6416.5835127918,6487.9223885151405,0.011117890943229021,3068,835,3903,Exact_structureO
query_cycle_4_31.graph,5,0.7,7478,6416.5835127918,6352.819711588207,0.009937344550488067,3060,837,3897,Exact_structureO
query_cycle_4_31.graph,1,0.8,8546,6416.5835127918,6375.421241972043,0.006414982480582901,3501,895,4396,Exact_structureO
query_cycle_4_31.graph,2,0.8,8546,6416.5835127918,6431.727005164552,0.002360055369428708,3493,888,4381,Exact_structureO
query_cycle_4_31.graph,3,0.8,8546,6416.5835127918,6151.677711856281,0.04128455593345193,3490,910,4400,Exact_structureO
query_cycle_4_31.graph,4,0.8,8546,6416.5835127918,6415.7010331481515,0.00013753107738551155,3494,909,4403,Exact_structureO
query_cycle_4_31.graph,5,0.8,8546,6416.5835127918,6416.213945262528,5.759568601191542e-05,3512,909,4421,Exact_structureO
query_cycle_4_32.graph,1,0.01,57,348.9375,902.9508196721313,1.587715048317052,60,5,65,Exact_structureO
query_cycle_4_32.graph,2,0.01,57,348.9375,71.39344262295081,0.7953976209981707,65,8,73,Exact_structureO
query_cycle_4_32.graph,3,0.01,57,348.9375,61.6,0.8234640874082034,63,10,73,Exact_structureO
query_cycle_4_32.graph,4,0.01,57,348.9375,3.9402985074626864,0.9887077241412497,66,5,71,Exact_structureO
query_cycle_4_32.graph,5,0.01,57,348.9375,,,65,1,66,Exact_structureO
query_cycle_4_32.graph,1,0.05,288,348.9375,755.0109890109891,1.1637427591215879,274,17,291,Exact_structureO
query_cycle_4_32.graph,2,0.05,288,348.9375,73.48387096774194,0.7894067821092833,279,16,295,Exact_structureO
query_cycle_4_32.graph,3,0.05,288,348.9375,1039.3782696177063,1.9786946648546124,272,26,298,Exact_structureO
query_cycle_4_32.graph,4,0.05,288,348.9375,143.2646691635456,0.5894259884261634,278,18,296,Exact_structureO
query_cycle_4_32.graph,5,0.05,288,348.9375,161.25925925925927,0.537856323097233,287,15,302,Exact_structureO
query_cycle_4_32.graph,1,0.075,432,348.9375,360.3054892601433,0.03257886945410941,390,29,419,Exact_structureO
query_cycle_4_32.graph,2,0.075,432,348.9375,59.375,0.829840587497761,381,20,401,Exact_structureO
query_cycle_4_32.graph,3,0.075,432,348.9375,1012.5878725590957,1.9019176000260667,385,33,418,Exact_structureO
query_cycle_4_32.graph,4,0.075,432,348.9375,270.1217821782178,0.22587345247152338,391,26,417,Exact_structureO
query_cycle_4_32.graph,5,0.075,432,348.9375,54.241379310344826,0.8445527370651053,379,23,402,Exact_structureO
query_cycle_4_32.graph,1,0.1,577,348.9375,292.8010948905109,0.16087810885757217,475,40,515,Exact_structureO
query_cycle_4_32.graph,2,0.1,577,348.9375,63.77121171049065,0.8172417360974654,496,29,525,Exact_structureO
query_cycle_4_32.graph,3,0.1,577,348.9375,783.600328609571,1.2456753103623743,478,48,526,Exact_structureO
query_cycle_4_32.graph,4,0.1,577,348.9375,265.57443609022556,0.23890543122987482,493,30,523,Exact_structureO
query_cycle_4_32.graph,5,0.1,577,348.9375,60.89049338146811,0.8254974217976913,484,28,512,Exact_structureO
query_cycle_4_32.graph,1,0.125,721,348.9375,312.7804076265615,0.10362054056511123,578,46,624,Exact_structureO
query_cycle_4_32.graph,2,0.125,721,348.9375,66.33107960741548,0.8099055572776916,581,33,614,Exact_structureO
query_cycle_4_32.graph,3,0.125,721,348.9375,725.739675828048,1.079855778837322,572,56,628,Exact_structureO
query_cycle_4_32.graph,4,0.125,721,348.9375,1316.3390005151982,2.7724205638981143,573,32,605,Exact_structureO
query_cycle_4_32.graph,5,0.125,721,348.9375,43.07256637168142,0.8765607985049431,577,32,609,Exact_structureO
query_cycle_4_32.graph,1,0.15,865,348.9375,241.43739530988276,0.3080783942399921,667,56,723,Exact_structureO
query_cycle_4_32.graph,2,0.15,865,348.9375,87.72367873491467,0.7485977324451667,668,45,713,Exact_structureO
query_cycle_4_32.graph,3,0.15,865,348.9375,676.173903508772,0.9378080702382863,660,61,721,Exact_structureO
query_cycle_4_32.graph,4,0.15,865,348.9375,870.6467362924283,1.4951366255917702,674,42,716,Exact_structureO
query_cycle_4_32.graph,5,0.15,865,348.9375,170.69915519399248,0.5108030658957765,660,41,701,Exact_structureO
query_cycle_4_32.graph,1,0.2,1154,348.9375,229.6436455376853,0.3418774263652221,824,64,888,Exact_structureO
query_cycle_4_32.graph,2,0.2,1154,348.9375,82.57354301572617,0.7633572114899483,819,55,874,Exact_structureO
query_cycle_4_32.graph,3,0.2,1154,348.9375,508.6694015444015,0.4577665098890246,824,70,894,Exact_structureO
query_cycle_4_32.graph,4,0.2,1154,348.9375,667.0814919071076,0.9117506484889347,838,53,891,Exact_structureO
query_cycle_4_32.graph,5,0.2,1154,348.9375,163.34586466165416,0.5318764401600454,822,57,879,Exact_structureO
query_cycle_4_32.graph,1,0.3,1731,348.9375,257.7092273730684,0.2614458825059834,1229,88,1317,Exact_structureO
query_cycle_4_32.graph,2,0.3,1731,348.9375,82.58092643051772,0.7633360517842946,1219,79,1298,Exact_structureO
query_cycle_4_32.graph,3,0.3,1731,348.9375,344.8526077097506,0.011706658900947589,1203,97,1300,Exact_structureO
query_cycle_4_32.graph,4,0.3,1731,348.9375,461.70427728613566,0.32317184964681545,1222,91,1313,Exact_structureO
query_cycle_4_32.graph,5,0.3,1731,348.9375,226.46510482622764,0.35098662417702986,1219,89,1308,Exact_structureO
query_cycle_4_32.graph,1,0.4,2308,348.9375,509.6872008960391,0.4606833627685161,1541,105,1646,Exact_structureO
query_cycle_4_32.graph,2,0.4,2308,348.9375,189.28899608079593,0.45752750541057946,1541,97,1638,Exact_structureO
query_cycle_4_32.graph,3,0.4,2308,348.9375,304.06156167483965,0.12860738190982726,1538,115,1653,Exact_structureO
query_cycle_4_32.graph,4,0.4,2308,348.9375,351.3537933124558,0.00692471663967278,1527,111,1638,Exact_structureO
query_cycle_4_32.graph,5,0.4,2308,348.9375,393.92385998333134,0.1289238330168908,1550,114,1664,Exact_structureO
query_cycle_4_32.graph,1,0.5,2886,348.9375,401.6811419508327,0.1511549832013833,1830,121,1951,Exact_structureO
query_cycle_4_32.graph,2,0.5,2886,348.9375,177.34764588859414,0.4917495371274393,1824,116,1940,Exact_structureO
query_cycle_4_32.graph,3,0.5,2886,348.9375,279.506209742351,0.1989791588970775,1815,129,1944,Exact_structureO
query_cycle_4_32.graph,4,0.5,2886,348.9375,302.6936773695848,0.13252752321093375,1823,139,1962,Exact_structureO
query_cycle_4_32.graph,5,0.5,2886,348.9375,440.86997650842693,0.26346402008504943,1832,130,1962,Exact_structureO
query_cycle_4_32.graph,1,0.6,3463,348.9375,293.8313309764146,0.15792561425351354,2084,149,2233,Exact_structureO
query_cycle_4_32.graph,2,0.6,3463,348.9375,166.35580053789596,0.5232504372906439,2091,144,2235,Exact_structureO
query_cycle_4_32.graph,3,0.6,3463,348.9375,336.6556310609796,0.035197904894201396,2080,146,2226,Exact_structureO
query_cycle_4_32.graph,4,0.6,3463,348.9375,263.69554399291604,0.24429004050033015,2099,158,2257,Exact_structureO
query_cycle_4_32.graph,5,0.6,3463,348.9375,447.72053328143244,0.2830966384565501,2088,143,2231,Exact_structureO
query_cycle_4_32.graph,1,0.7,4040,348.9375,337.25721336370543,0.033473864621299136,2308,162,2470,Exact_structureO
query_cycle_4_32.graph,2,0.7,4040,348.9375,224.81279467504854,0.3557218852228593,2310,161,2471,Exact_structureO
query_cycle_4_32.graph,3,0.7,4040,348.9375,303.2120830693653,0.13104185400146073,2308,164,2472,Exact_structureO
query_cycle_4_32.graph,4,0.7,4040,348.9375,231.53582419364648,0.3364547399071568,2300,175,2475,Exact_structureO
query_cycle_4_32.graph,5,0.7,4040,348.9375,444.5688252025019,0.27406433874978153,2317,157,2474,Exact_structureO
query_cycle_4_32.graph,1,0.8,4617,348.9375,293.396811962195,0.15917087741445105,2483,180,2663,Exact_structureO
query_cycle_4_32.graph,2,0.8,4617,348.9375,223.1315861201384,0.36053996454912873,2479,180,2659,Exact_structureO
query_cycle_4_32.graph,3,0.8,4617,348.9375,299.4000927844617,0.14196641867250806,2481,181,2662,Exact_structureO
query_cycle_4_32.graph,4,0.8,4617,348.9375,217.8689794015703,0.37562176779059203,2489,183,2672,Exact_structureO
query_cycle_4_32.graph,5,0.8,4617,348.9375,364.3092291845494,0.044052958436824344,2489,174,2663,Exact_structureO
query_cycle_4_33.graph,1,0.01,169,6062.064890135577,2749.0000000000005,0.5465241547524049,120,17,137,Exact_structureO
query_cycle_4_33.graph,2,0.01,169,6062.064890135577,7309.683712121214,0.20580756633202815,124,16,140,Exact_structureO
query_cycle_4_33.graph,3,0.01,169,6062.064890135577,5505.549418604653,0.09180295520038191,130,16,146,Exact_structureO
query_cycle_4_33.graph,4,0.01,169,6062.064890135577,9322.137404580153,0.537782516935688,119,19,138,Exact_structureO
query_cycle_4_33.graph,5,0.01,169,6062.064890135577,7428.415254237288,0.22539355629879315,127,14,141,Exact_structureO
query_cycle_4_33.graph,1,0.05,847,6062.064890135577,5206.306951050337,0.14116608030338995,430,105,535,Exact_structureO
query_cycle_4_33.graph,2,0.05,847,6062.064890135577,5343.216957605986,0.11858136551776736,446,102,548,Exact_structureO
query_cycle_4_33.graph,3,0.05,847,6062.064890135577,7314.084955752212,0.2065335967706268,444,106,550,Exact_structureO
query_cycle_4_33.graph,4,0.05,847,6062.064890135577,6110.300600343053,0.007956976885213924,448,99,547,Exact_structureO
query_cycle_4_33.graph,5,0.05,847,6062.064890135577,5632.9456599897285,0.07078763390410547,428,104,532,Exact_structureO
query_cycle_4_33.graph,1,0.075,1271,6062.064890135577,5369.773442267581,0.11420060002896355,612,167,779,Exact_structureO
query_cycle_4_33.graph,2,0.075,1271,6062.064890135577,5937.212764817264,0.020595643164671103,611,157,768,Exact_structureO
query_cycle_4_33.graph,3,0.075,1271,6062.064890135577,5341.3097033257745,0.11889598674251127,606,169,775,Exact_structureO
query_cycle_4_33.graph,4,0.075,1271,6062.064890135577,6017.348889887304,0.007376364499336997,609,154,763,Exact_structureO
query_cycle_4_33.graph,5,0.075,1271,6062.064890135577,6460.108357511283,0.0656613669747115,608,157,765,Exact_structureO
query_cycle_4_33.graph,1,0.1,1695,6062.064890135577,6421.592139004782,0.05930772028756105,762,222,984,Exact_structureO
query_cycle_4_33.graph,2,0.1,1695,6062.064890135577,5491.396392067988,0.09413764260362878,774,214,988,Exact_structureO
query_cycle_4_33.graph,3,0.1,1695,6062.064890135577,6187.577452695038,0.0207045890854286,748,219,967,Exact_structureO
query_cycle_4_33.graph,4,0.1,1695,6062.064890135577,6357.531715501719,0.04874029406167145,762,229,991,Exact_structureO
query_cycle_4_33.graph,5,0.1,1695,6062.064890135577,5264.779257324431,0.13152047153248395,753,233,986,Exact_structureO
query_cycle_4_33.graph,1,0.125,2119,6062.064890135577,5655.953978906999,0.06699217487582781,908,300,1208,Exact_structureO
query_cycle_4_33.graph,2,0.125,2119,6062.064890135577,5479.632776460164,0.09607817208013875,926,280,1206,Exact_structureO
query_cycle_4_33.graph,3,0.125,2119,6062.064890135577,5477.033690510668,0.0965069180597018,915,291,1206,Exact_structureO
query_cycle_4_33.graph,4,0.125,2119,6062.064890135577,5122.717694335733,0.15495498857631598,917,305,1222,Exact_structureO
query_cycle_4_33.graph,5,0.125,2119,6062.064890135577,5784.577502510882,0.04577440074523663,916,291,1207,Exact_structureO
query_cycle_4_33.graph,1,0.15,2543,6062.064890135577,5142.592901043022,0.15167636865596,1030,362,1392,Exact_structureO
query_cycle_4_33.graph,2,0.15,2543,6062.064890135577,4859.435926885294,0.1983860260564427,1053,342,1395,Exact_structureO
query_cycle_4_33.graph,3,0.15,2543,6062.064890135577,6008.39594514401,0.00885324488672163,1049,345,1394,Exact_structureO
query_cycle_4_33.graph,4,0.15,2543,6062.064890135577,5799.592565284443,0.04329751159184051,1046,365,1411,Exact_structureO
query_cycle_4_33.graph,5,0.15,2543,6062.064890135577,5894.428059836291,0.02765342063099176,1049,351,1400,Exact_structureO
query_cycle_4_33.graph,1,0.2,3391,6062.064890135577,5287.307298706801,0.1278042392270481,1275,454,1729,Exact_structureO
query_cycle_4_33.graph,2,0.2,3391,6062.064890135577,5310.540164221003,0.12397173892636552,1271,455,1726,Exact_structureO
query_cycle_4_33.graph,3,0.2,3391,6062.064890135577,5916.849691613764,0.023954741685149737,1288,459,1747,Exact_structureO
query_cycle_4_33.graph,4,0.2,3391,6062.064890135577,6027.7402475071385,0.0056622031024928425,1284,463,1747,Exact_structureO
query_cycle_4_33.graph,5,0.2,3391,6062.064890135577,7060.268849915579,0.1646640176030312,1279,442,1721,Exact_structureO
query_cycle_4_33.graph,1,0.3,5087,6062.064890135577,5843.122967318431,0.03611672372122196,1812,690,2502,Exact_structureO
query_cycle_4_33.graph,2,0.3,5087,6062.064890135577,6361.428746375061,0.04938314941607105,1810,653,2463,Exact_structureO
query_cycle_4_33.graph,3,0.3,5087,6062.064890135577,6035.111433282722,0.004446250137756672,1816,679,2495,Exact_structureO
query_cycle_4_33.graph,4,0.3,5087,6062.064890135577,6218.059279930725,0.025732880235080954,1811,693,2504,Exact_structureO
query_cycle_4_33.graph,5,0.3,5087,6062.064890135577,6752.20621653389,0.11384591536150288,1803,663,2466,Exact_structureO
query_cycle_4_33.graph,1,0.4,6783,6062.064890135577,6061.305941574504,0.00012519637694877352,2226,836,3062,Exact_structureO
query_cycle_4_33.graph,2,0.4,6783,6062.064890135577,5831.8178162016175,0.03798162476099958,2232,837,3069,Exact_structureO
query_cycle_4_33.graph,3,0.4,6783,6062.064890135577,6667.37225769446,0.09985168066146277,2225,852,3077,Exact_structureO
query_cycle_4_33.graph,4,0.4,6783,6062.064890135577,6386.371692226732,0.053497745070145895,2222,871,3093,Exact_structureO
query_cycle_4_33.graph,5,0.4,6783,6062.064890135577,6947.530955219912,0.14606674147041865,2205,842,3047,Exact_structureO
query_cycle_4_33.graph,1,0.5,8479,6062.064890135577,6233.0621637895665,0.02820776035113756,2602,982,3584,Exact_structureO
query_cycle_4_33.graph,2,0.5,8479,6062.064890135577,6171.14301927871,0.01799356013503405,2594,966,3560,Exact_structureO
query_cycle_4_33.graph,3,0.5,8479,6062.064890135577,6542.571732956541,0.07926454954364862,2575,991,3566,Exact_structureO
query_cycle_4_33.graph,4,0.5,8479,6062.064890135577,5738.891295944606,0.05331081076298794,2587,1008,3595,Exact_structureO
query_cycle_4_33.graph,5,0.5,8479,6062.064890135577,6986.276995674786,0.152458299653493,2590,1002,3592,Exact_structureO
query_cycle_4_33.graph,1,0.6,10174,6062.064890135577,5957.365275276916,0.017271279136096437,3035,1126,4161,Exact_structureO
query_cycle_4_33.graph,2,0.6,10174,6062.064890135577,6147.785279199255,0.014140460489488476,3004,1116,4120,Exact_structureO
query_cycle_4_33.graph,3,0.6,10174,6062.064890135577,6273.144621681129,0.034819774346036614,2999,1151,4150,Exact_structureO
query_cycle_4_33.graph,4,0.6,10174,6062.064890135577,6147.85605796755,0.014152136175839354,2962,1148,4110,Exact_structureO
query_cycle_4_33.graph,5,0.6,10174,6062.064890135577,6439.121174625571,0.06219931513823854,2984,1167,4151,Exact_structureO
query_cycle_4_33.graph,1,0.7,11870,6062.064890135577,5861.635138759078,0.03306295049771679,3378,1238,4616,Exact_structureO
query_cycle_4_33.graph,2,0.7,11870,6062.064890135577,6365.1369708072925,0.0499948592046393,3363,1239,4602,Exact_structureO
query_cycle_4_33.graph,3,0.7,11870,6062.064890135577,6586.397441890663,0.08649405132701558,3349,1265,4614,Exact_structureO
query_cycle_4_33.graph,4,0.7,11870,6062.064890135577,6236.020802793888,0.028695818307946274,3361,1293,4654,Exact_structureO
query_cycle_4_33.graph,5,0.7,11870,6062.064890135577,6171.742936981044,0.01809252273494127,3354,1296,4650,Exact_structureO
query_cycle_4_33.graph,1,0.8,13566,6062.064890135577,5980.725854984136,0.013417711064722981,3763,1387,5150,Exact_structureO
query_cycle_4_33.graph,2,0.8,13566,6062.064890135577,6123.980985537205,0.010213697234152034,3769,1357,5126,Exact_structureO
query_cycle_4_33.graph,3,0.8,13566,6062.064890135577,6199.200773726427,0.022621975527514108,3750,1382,5132,Exact_structureO
query_cycle_4_33.graph,4,0.8,13566,6062.064890135577,6367.221151114779,0.05033866619866832,3730,1409,5139,Exact_structureO
query_cycle_4_33.graph,5,0.8,13566,6062.064890135577,6126.5657225587565,0.010640076210358227,3789,1408,5197,Exact_structureO
query_cycle_4_34.graph,1,0.01,462,727.2874635568513,6354.924390243902,7.737843986976882,392,15,407,Exact_structureO
query_cycle_4_34.graph,2,0.01,462,727.2874635568513,2425.194174757282,2.3345744238415667,401,22,423,Exact_structureO
query_cycle_4_34.graph,3,0.01,462,727.2874635568513,1681.1322463768115,1.3115100020494155,399,20,419,Exact_structureO
query_cycle_4_34.graph,4,0.01,462,727.2874635568513,283.0163934426229,0.6108603439161304,386,20,406,Exact_structureO
query_cycle_4_34.graph,5,0.01,462,727.2874635568513,2011.8961361219424,1.7663011352933553,384,26,410,Exact_structureO
query_cycle_4_34.graph,1,0.05,2312,727.2874635568513,1691.264099572151,1.3254410179173213,1151,100,1251,Exact_structureO
query_cycle_4_34.graph,2,0.05,2312,727.2874635568513,1014.5362979855566,0.3949591445229846,1160,88,1248,Exact_structureO
query_cycle_4_34.graph,3,0.05,2312,727.2874635568513,578.8175099488345,0.20414204980505765,1170,79,1249,Exact_structureO
query_cycle_4_34.graph,4,0.05,2312,727.2874635568513,173.47795012165452,0.7614726517170415,1157,83,1240,Exact_structureO
query_cycle_4_34.graph,5,0.05,2312,727.2874635568513,1538.4186142567032,1.1152827339178335,1176,93,1269,Exact_structureO
query_cycle_4_34.graph,1,0.075,3468,727.2874635568513,1266.4431206880831,0.7413240075587891,1466,144,1610,Exact_structureO
query_cycle_4_34.graph,2,0.075,3468,727.2874635568513,2106.938508142317,1.8969817489197236,1469,129,1598,Exact_structureO
query_cycle_4_34.graph,3,0.075,3468,727.2874635568513,755.0972881157383,0.03823773398056526,1490,116,1606,Exact_structureO
query_cycle_4_34.graph,4,0.075,3468,727.2874635568513,125.85680912463928,0.8269503938523461,1481,131,1612,Exact_structureO
query_cycle_4_34.graph,5,0.075,3468,727.2874635568513,988.3282635711462,0.3589238273648444,1454,132,1586,Exact_structureO
query_cycle_4_34.graph,1,0.1,4624,727.2874635568513,1274.819366852886,0.75284111267131,1705,181,1886,Exact_structureO
query_cycle_4_34.graph,2,0.1,4624,727.2874635568513,1992.0969084712754,1.7390777488845788,1704,165,1869,Exact_structureO
query_cycle_4_34.graph,3,0.1,4624,727.2874635568513,667.4313383001223,0.08230050462302532,1726,152,1878,Exact_structureO
query_cycle_4_34.graph,4,0.1,4624,727.2874635568513,142.6757625656708,0.8038248014507156,1705,163,1868,Exact_structureO
query_cycle_4_34.graph,5,0.1,4624,727.2874635568513,947.7390897353131,0.3031148441639944,1690,158,1848,Exact_structureO
query_cycle_4_34.graph,1,0.125,5781,727.2874635568513,1043.1394989339021,0.4342877489354125,1931,213,2144,Exact_structureO
query_cycle_4_34.graph,2,0.125,5781,727.2874635568513,1887.692934782609,1.5955251937806154,1960,204,2164,Exact_structureO
query_cycle_4_34.graph,3,0.125,5781,727.2874635568513,806.8786667905708,0.10943568701772068,1944,185,2129,Exact_structureO
query_cycle_4_34.graph,4,0.125,5781,727.2874635568513,275.773179488585,0.6208195613053791,1932,192,2124,Exact_structureO
query_cycle_4_34.graph,5,0.125,5781,727.2874635568513,911.0519583754877,0.2526710606558829,1934,207,2141,Exact_structureO
query_cycle_4_34.graph,1,0.15,6937,727.2874635568513,922.4236091399374,0.26830676364027894,2077,242,2319,Exact_structureO
query_cycle_4_34.graph,2,0.15,6937,727.2874635568513,2252.0833967136564,2.096551926936402,2071,230,2301,Exact_structureO
query_cycle_4_34.graph,3,0.15,6937,727.2874635568513,749.9986033060567,0.031227184417747154,2113,216,2329,Exact_structureO
query_cycle_4_34.graph,4,0.15,6937,727.2874635568513,463.15967614816935,0.3631683490279705,2100,232,2332,Exact_structureO
query_cycle_4_34.graph,5,0.15,6937,727.2874635568513,746.6698635838147,0.026650260039094303,2091,247,2338,Exact_structureO
query_cycle_4_34.graph,1,0.2,9249,727.2874635568513,760.4240637770483,0.04556190210971065,2357,300,2657,Exact_structureO
query_cycle_4_34.graph,2,0.2,9249,727.2874635568513,2114.482108683878,1.907353989497979,2369,266,2635,Exact_structureO
query_cycle_4_34.graph,3,0.2,9249,727.2874635568513,731.9173346036217,0.006365943700071068,2374,271,2645,Exact_structureO
query_cycle_4_34.graph,4,0.2,9249,727.2874635568513,746.4084568255468,0.02629083302932632,2355,282,2637,Exact_structureO
query_cycle_4_34.graph,5,0.2,9249,727.2874635568513,641.5197812499999,0.11792817366519479,2357,295,2652,Exact_structureO
query_cycle_4_34.graph,1,0.3,13874,727.2874635568513,792.6679304995345,0.08989632053182287,3201,495,3696,Exact_structureO
query_cycle_4_34.graph,2,0.3,13874,727.2874635568513,1490.1734656430824,1.0489469986946875,3207,453,3660,Exact_structureO
query_cycle_4_34.graph,3,0.3,13874,727.2874635568513,1041.114055489132,0.4315028206281588,3200,475,3675,Exact_structureO
query_cycle_4_34.graph,4,0.3,13874,727.2874635568513,621.7675326170377,0.14508696523347303,3231,496,3727,Exact_structureO
query_cycle_4_34.graph,5,0.3,13874,727.2874635568513,618.9827631439541,0.14891594567466532,3208,488,3696,Exact_structureO
query_cycle_4_34.graph,1,0.4,18499,727.2874635568513,802.6785359986854,0.10366062419545732,3756,687,4443,Exact_structureO
query_cycle_4_34.graph,2,0.4,18499,727.2874635568513,1401.1383988346024,0.9265262623698131,3784,616,4400,Exact_structureO
query_cycle_4_34.graph,3,0.4,18499,727.2874635568513,960.28075989241,0.32035929121627954,3741,638,4379,Exact_structureO
query_cycle_4_34.graph,4,0.4,18499,727.2874635568513,565.3445194094065,0.22266703643625485,3762,673,4435,Exact_structureO
query_cycle_4_34.graph,5,0.4,18499,727.2874635568513,606.2593655255979,0.1664102629232145,3739,657,4396,Exact_structureO
query_cycle_4_34.graph,1,0.5,23124,727.2874635568513,827.9085775588004,0.13835122842603986,4149,812,4961,Exact_structureO
query_cycle_4_34.graph,2,0.5,23124,727.2874635568513,1143.568731707599,0.5723751460184593,4189,787,4976,Exact_structureO
query_cycle_4_34.graph,3,0.5,23124,727.2874635568513,1063.581083988272,0.46239435887805996,4179,783,4962,Exact_structureO
query_cycle_4_34.graph,4,0.5,23124,727.2874635568513,518.9004653036326,0.2865263168900055,4121,793,4914,Exact_structureO
query_cycle_4_34.graph,5,0.5,23124,727.2874635568513,669.2711091219126,0.07977087099948847,4170,785,4955,Exact_structureO
query_cycle_4_34.graph,1,0.6,27748,727.2874635568513,773.527456755202,0.06357870239122604,4595,977,5572,Exact_structureO
query_cycle_4_34.graph,2,0.6,27748,727.2874635568513,1046.0356785325455,0.43826991519533864,4589,965,5554,Exact_structureO
query_cycle_4_34.graph,3,0.6,27748,727.2874635568513,1008.5932765438192,0.38678765561449624,4594,931,5525,Exact_structureO
query_cycle_4_34.graph,4,0.6,27748,727.2874635568513,550.55155864457,0.24300694535272438,4581,984,5565,Exact_structureO
query_cycle_4_34.graph,5,0.6,27748,727.2874635568513,653.7706681681387,0.10108354546519122,4610,928,5538,Exact_structureO
query_cycle_4_34.graph,1,0.7,32373,727.2874635568513,883.6674716631413,0.21501815436430377,4941,1114,6055,Exact_structureO
query_cycle_4_34.graph,2,0.7,32373,727.2874635568513,926.683759341226,0.27416435147831764,4930,1118,6048,Exact_structureO
query_cycle_4_34.graph,3,0.7,32373,727.2874635568513,956.1618393073377,0.3146958901658498,4954,1092,6046,Exact_structureO
query_cycle_4_34.graph,4,0.7,32373,727.2874635568513,645.9547624221655,0.11183019811303013,4919,1142,6061,Exact_structureO
query_cycle_4_34.graph,5,0.7,32373,727.2874635568513,610.6610846037117,0.16035802182368156,4939,1092,6031,Exact_structureO
query_cycle_4_34.graph,1,0.8,36998,727.2874635568513,861.897706930089,0.18508533436684954,5254,1285,6539,Exact_structureO
query_cycle_4_34.graph,2,0.8,36998,727.2874635568513,957.6223640327491,0.3167040709727465,5252,1275,6527,Exact_structureO
query_cycle_4_34.graph,3,0.8,36998,727.2874635568513,887.7955258977062,0.2206941139283203,5250,1236,6486,Exact_structureO
query_cycle_4_34.graph,4,0.8,36998,727.2874635568513,606.0861560435244,0.16664842113541084,5236,1336,6572,Exact_structureO
query_cycle_4_34.graph,5,0.8,36998,727.2874635568513,632.293561161948,0.13061396924172028,5245,1263,6508,Exact_structureO
query_cycle_4_35.graph,1,0.01,116,5100.260146528666,2823.148514851485,0.4464697027713433,99,13,112,Exact_structureO
query_cycle_4_35.graph,2,0.01,116,5100.260146528666,10638.222222222223,1.0858195301004006,97,11,108,Exact_structureO
query_cycle_4_35.graph,3,0.01,116,5100.260146528666,8224.748936170212,0.6126136118307871,93,13,106,Exact_structureO
query_cycle_4_35.graph,4,0.01,116,5100.260146528666,642.4983498349835,0.8740263572099787,92,13,105,Exact_structureO
query_cycle_4_35.graph,5,0.01,116,5100.260146528666,11020.150515463918,1.1607036109647155,98,16,114,Exact_structureO
query_cycle_4_35.graph,1,0.05,580,5100.260146528666,6231.616087516088,0.22182318322673086,363,72,435,Exact_structureO
query_cycle_4_35.graph,2,0.05,580,5100.260146528666,4825.607660738714,0.05385068171020371,360,62,422,Exact_structureO
query_cycle_4_35.graph,3,0.05,580,5100.260146528666,7029.913657344557,0.37834413449071796,363,77,440,Exact_structureO
query_cycle_4_35.graph,4,0.05,580,5100.260146528666,3111.7558271102052,0.3898829201431764,360,77,437,Exact_structureO
query_cycle_4_35.graph,5,0.05,580,5100.260146528666,4540.23745819398,0.10980276931870778,361,70,431,Exact_structureO
query_cycle_4_35.graph,1,0.075,871,5100.260146528666,5098.211840888067,0.00040160807130462276,497,102,599,Exact_structureO
query_cycle_4_35.graph,2,0.075,871,5100.260146528666,5881.531685100846,0.15318268404483792,508,106,614,Exact_structureO
query_cycle_4_35.graph,3,0.075,871,5100.260146528666,6835.223760671497,0.3401715920949013,515,123,638,Exact_structureO
query_cycle_4_35.graph,4,0.075,871,5100.260146528666,4994.146315354567,0.020805572289547204,507,126,633,Exact_structureO
query_cycle_4_35.graph,5,0.075,871,5100.260146528666,4123.574294008973,0.19149726179838963,504,112,616,Exact_structureO
query_cycle_4_35.graph,1,0.1,1161,5100.260146528666,6144.3713043478265,0.20471723555705335,654,154,808,Exact_structureO
query_cycle_4_35.graph,2,0.1,1161,5100.260146528666,6400.818588737081,0.2549984520090803,634,139,773,Exact_structureO
query_cycle_4_35.graph,3,0.1,1161,5100.260146528666,6534.605648400052,0.28122987076406847,637,154,791,Exact_structureO
query_cycle_4_35.graph,4,0.1,1161,5100.260146528666,4793.394182699591,0.06016672777719669,613,156,769,Exact_structureO
query_cycle_4_35.graph,5,0.1,1161,5100.260146528666,3959.9886621315195,0.22357123982650906,622,147,769,Exact_structureO
query_cycle_4_35.graph,1,0.125,1452,5100.260146528666,5816.208338319412,0.14037483799292746,769,186,955,Exact_structureO
query_cycle_4_35.graph,2,0.125,1452,5100.260146528666,5563.685672414968,0.09086311532593459,793,194,987,Exact_structureO
query_cycle_4_35.graph,3,0.125,1452,5100.260146528666,5886.787747280618,0.15421323190490138,766,197,963,Exact_structureO
query_cycle_4_35.graph,4,0.125,1452,5100.260146528666,4966.259574070615,0.02627328187352459,772,204,976,Exact_structureO
query_cycle_4_35.graph,5,0.125,1452,5100.260146528666,3890.581665067813,0.237179760778317,764,198,962,Exact_structureO
query_cycle_4_35.graph,1,0.15,1742,5100.260146528666,5340.569404330689,0.04711705891425603,895,224,1119,Exact_structureO
query_cycle_4_35.graph,2,0.15,1742,5100.260146528666,5363.150263300208,0.05154445248257976,901,223,1124,Exact_structureO
query_cycle_4_35.graph,3,0.15,1742,5100.260146528666,6201.150759315564,0.2158498941541609,899,232,1131,Exact_structureO
query_cycle_4_35.graph,4,0.15,1742,5100.260146528666,5234.762149464102,0.026371596560026474,906,255,1161,Exact_structureO
query_cycle_4_35.graph,5,0.15,1742,5100.260146528666,4686.323087847433,0.08115998925328669,898,252,1150,Exact_structureO
query_cycle_4_35.graph,1,0.2,2323,5100.260146528666,4458.920028038693,0.12574655018851957,1120,297,1417,Exact_structureO
query_cycle_4_35.graph,2,0.2,2323,5100.260146528666,5553.078326930819,0.08878334974939446,1124,296,1420,Exact_structureO
query_cycle_4_35.graph,3,0.2,2323,5100.260146528666,6842.628676470588,0.3416234623106061,1117,297,1414,Exact_structureO
query_cycle_4_35.graph,4,0.2,2323,5100.260146528666,5221.364603804368,0.023744760815412103,1117,316,1433,Exact_structureO
query_cycle_4_35.graph,5,0.2,2323,5100.260146528666,4480.805172015701,0.1214555643665702,1113,317,1430,Exact_structureO
query_cycle_4_35.graph,1,0.3,3484,5100.260146528666,4699.506736201651,0.07857509201756617,1649,467,2116,Exact_structureO
query_cycle_4_35.graph,2,0.3,3484,5100.260146528666,4679.008588651196,0.08259413162761549,1636,462,2098,Exact_structureO
query_cycle_4_35.graph,3,0.3,3484,5100.260146528666,5804.347917563076,0.13804938391498045,1642,428,2070,Exact_structureO
query_cycle_4_35.graph,4,0.3,3484,5100.260146528666,5193.309517407632,0.01824404406945724,1617,469,2086,Exact_structureO
query_cycle_4_35.graph,5,0.3,3484,5100.260146528666,4657.569576589064,0.08679764506540037,1626,466,2092,Exact_structureO
query_cycle_4_35.graph,1,0.4,4646,5100.260146528666,4777.48134214805,0.06328673344247061,2028,571,2599,Exact_structureO
query_cycle_4_35.graph,2,0.4,4646,5100.260146528666,4660.55021468289,0.086213236033666,2022,574,2596,Exact_structureO
query_cycle_4_35.graph,3,0.4,4646,5100.260146528666,5832.320917992093,0.14353400619411177,2052,534,2586,Exact_structureO
query_cycle_4_35.graph,4,0.4,4646,5100.260146528666,5195.457176851245,0.01866513228494273,2038,569,2607,Exact_structureO
query_cycle_4_35.graph,5,0.4,4646,5100.260146528666,4558.619138021947,0.10619870221235092,2028,574,2602,Exact_structureO
query_cycle_4_35.graph,1,0.5,5808,5100.260146528666,4934.019604531883,0.032594522087256675,2414,657,3071,Exact_structureO
query_cycle_4_35.graph,2,0.5,5808,5100.260146528666,4130.284976984108,0.1901815087225976,2422,677,3099,Exact_structureO
query_cycle_4_35.graph,3,0.5,5808,5100.260146528666,5183.862004480733,0.016391685041589086,2430,639,3069,Exact_structureO
query_cycle_4_35.graph,4,0.5,5808,5100.260146528666,5383.663131679829,0.05556637838249342,2432,649,3081,Exact_structureO
query_cycle_4_35.graph,5,0.5,5808,5100.260146528666,4559.315696911117,0.10606212900448349,2428,656,3084,Exact_structureO
query_cycle_4_35.graph,1,0.6,6969,5100.260146528666,4749.943390967031,0.06868605629853367,2857,763,3620,Exact_structureO
query_cycle_4_35.graph,2,0.6,6969,5100.260146528666,4531.958536901624,0.11142600441937045,2840,772,3612,Exact_structureO
query_cycle_4_35.graph,3,0.6,6969,5100.260146528666,5103.749565599078,0.0006841649190750944,2856,733,3589,Exact_structureO
query_cycle_4_35.graph,4,0.6,6969,5100.260146528666,5049.526620958168,0.00994724271173277,2865,722,3587,Exact_structureO
query_cycle_4_35.graph,5,0.6,6969,5100.260146528666,4870.886046553289,0.04497301968635729,2844,752,3596,Exact_structureO
query_cycle_4_35.graph,1,0.7,8131,5100.260146528666,4795.54981591945,0.059744076155920686,3232,843,4075,Exact_structureO
query_cycle_4_35.graph,2,0.7,8131,5100.260146528666,5043.392680552287,0.01114991477740293,3220,840,4060,Exact_structureO
query_cycle_4_35.graph,3,0.7,8131,5100.260146528666,5274.40177831243,0.034143676357820285,3262,812,4074,Exact_structureO
query_cycle_4_35.graph,4,0.7,8131,5100.260146528666,5152.569909892705,0.01025629318136686,3264,798,4062,Exact_structureO
query_cycle_4_35.graph,5,0.7,8131,5100.260146528666,5000.960782289467,0.019469470455695165,3229,829,4058,Exact_structureO
query_cycle_4_35.graph,1,0.8,9292,5100.260146528666,4736.947485591459,0.07123414306317002,3660,919,4579,Exact_structureO
query_cycle_4_35.graph,2,0.8,9292,5100.260146528666,4995.683954310555,0.02050408983339555,3640,917,4557,Exact_structureO
query_cycle_4_35.graph,3,0.8,9292,5100.260146528666,5145.33565184727,0.008837883563504739,3666,894,4560,Exact_structureO
query_cycle_4_35.graph,4,0.8,9292,5100.260146528666,5057.055918166557,0.008470985228374101,3648,885,4533,Exact_structureO
query_cycle_4_35.graph,5,0.8,9292,5100.260146528666,4847.600564895779,0.04953856751892394,3639,923,4562,Exact_structureO
query_cycle_4_36.graph,1,0.01,110,6012.951005453306,12913.04347826087,1.1475384493486953,94,11,105,Exact_structureO
query_cycle_4_36.graph,2,0.01,110,6012.951005453306,9992.467479674795,0.6618241975716016,94,12,106,Exact_structureO
query_cycle_4_36.graph,3,0.01,110,6012.951005453306,4607.727528089887,0.23369947237038594,90,16,106,Exact_structureO
query_cycle_4_36.graph,4,0.01,110,6012.951005453306,4081.9277108433735,0.3211440260961108,91,7,98,Exact_structureO
query_cycle_4_36.graph,5,0.01,110,6012.951005453306,5271.428571428572,0.12332088409704779,90,11,101,Exact_structureO
query_cycle_4_36.graph,1,0.05,550,6012.951005453306,6609.750449034576,0.09925233766914404,337,78,415,Exact_structureO
query_cycle_4_36.graph,2,0.05,550,6012.951005453306,8140.2218137254895,0.3537814970291468,359,78,437,Exact_structureO
query_cycle_4_36.graph,3,0.05,550,6012.951005453306,5996.562242990654,0.002725577249471674,324,77,401,Exact_structureO
query_cycle_4_36.graph,4,0.05,550,6012.951005453306,2371.5473236185258,0.6055934396492327,338,68,406,Exact_structureO
query_cycle_4_36.graph,5,0.05,550,6012.951005453306,4577.241482965932,0.23876953615376054,337,69,406,Exact_structureO
query_cycle_4_36.graph,1,0.075,826,6012.951005453306,5578.752710459184,0.07221051603452881,466,126,592,Exact_structureO
query_cycle_4_36.graph,2,0.075,826,6012.951005453306,7785.863307738765,0.29484895198340344,480,113,593,Exact_structureO
query_cycle_4_36.graph,3,0.075,826,6012.951005453306,6384.936856432715,0.061864108096348285,484,120,604,Exact_structureO
query_cycle_4_36.graph,4,0.075,826,6012.951005453306,4299.200157115687,0.285009947159618,480,114,594,Exact_structureO
query_cycle_4_36.graph,5,0.075,826,6012.951005453306,5693.53857228133,0.053120744353694585,482,118,600,Exact_structureO
query_cycle_4_36.graph,1,0.1,1101,6012.951005453306,5252.3579468402495,0.12649247564519553,601,168,769,Exact_structureO
query_cycle_4_36.graph,2,0.1,1101,6012.951005453306,6983.836331809783,0.16146569720524168,595,157,752,Exact_structureO
query_cycle_4_36.graph,3,0.1,1101,6012.951005453306,5864.0631742179075,0.024761191484907793,595,160,755,Exact_structureO
query_cycle_4_36.graph,4,0.1,1101,6012.951005453306,4650.723850341711,0.22654885327955515,607,153,760,Exact_structureO
query_cycle_4_36.graph,5,0.1,1101,6012.951005453306,5723.170985339244,0.04819264614849721,610,160,770,Exact_structureO
query_cycle_4_36.graph,1,0.125,1376,6012.951005453306,5265.2426097972975,0.12434965709480944,723,214,937,Exact_structureO
query_cycle_4_36.graph,2,0.125,1376,6012.951005453306,6772.371606415117,0.12629748691999523,715,203,918,Exact_structureO
query_cycle_4_36.graph,3,0.125,1376,6012.951005453306,6583.904714769471,0.09495399327191459,728,197,925,Exact_structureO
query_cycle_4_36.graph,4,0.125,1376,6012.951005453306,5378.01438928095,0.10559484279790649,737,206,943,Exact_structureO
query_cycle_4_36.graph,5,0.125,1376,6012.951005453306,6450.835970188285,0.07282363756795113,723,207,930,Exact_structureO
query_cycle_4_36.graph,1,0.15,1652,6012.951005453306,6233.941881100266,0.036752482341289305,825,251,1076,Exact_structureO
query_cycle_4_36.graph,2,0.15,1652,6012.951005453306,6530.964112308564,0.08614956389723753,853,253,1106,Exact_structureO
query_cycle_4_36.graph,3,0.15,1652,6012.951005453306,6363.158603159439,0.058242217072535685,835,226,1061,Exact_structureO
query_cycle_4_36.graph,4,0.15,1652,6012.951005453306,4932.389848706685,0.17970563135582354,829,247,1076,Exact_structureO
query_cycle_4_36.graph,5,0.15,1652,6012.951005453306,6619.335532392136,0.10084641075386844,831,248,1079,Exact_structureO
query_cycle_4_36.graph,1,0.2,2202,6012.951005453306,6826.465917040183,0.13529378683596105,1008,312,1320,Exact_structureO
query_cycle_4_36.graph,2,0.2,2202,6012.951005453306,6309.446604184543,0.049309498524491076,1031,311,1342,Exact_structureO
query_cycle_4_36.graph,3,0.2,2202,6012.951005453306,6002.485974991551,0.0017404150561452071,1022,299,1321,Exact_structureO
query_cycle_4_36.graph,4,0.2,2202,6012.951005453306,5432.806982789153,0.09648241306772738,1023,329,1352,Exact_structureO
query_cycle_4_36.graph,5,0.2,2202,6012.951005453306,5867.794622147133,0.024140622994354446,1018,322,1340,Exact_structureO
query_cycle_4_36.graph,1,0.3,3304,6012.951005453306,6259.061316810749,0.040930037702658746,1462,454,1916,Exact_structureO
query_cycle_4_36.graph,2,0.3,3304,6012.951005453306,5819.332598162567,0.03220023032204009,1470,457,1927,Exact_structureO
query_cycle_4_36.graph,3,0.3,3304,6012.951005453306,6262.962824866577,0.0415788885002603,1475,433,1908,Exact_structureO
query_cycle_4_36.graph,4,0.3,3304,6012.951005453306,5780.214345995108,0.038705896530193414,1461,485,1946,Exact_structureO
query_cycle_4_36.graph,5,0.3,3304,6012.951005453306,5537.261210475069,0.07911087160810411,1478,471,1949,Exact_structureO
query_cycle_4_36.graph,1,0.4,4405,6012.951005453306,6111.537251801089,0.01639565103031321,1827,540,2367,Exact_structureO
query_cycle_4_36.graph,2,0.4,4405,6012.951005453306,6235.443770824279,0.03700225815397284,1838,553,2391,Exact_structureO
query_cycle_4_36.graph,3,0.4,4405,6012.951005453306,6031.897527342498,0.0031509523147633823,1841,530,2371,Exact_structureO
query_cycle_4_36.graph,4,0.4,4405,6012.951005453306,6198.626160385951,0.03087920636044626,1818,564,2382,Exact_structureO
query_cycle_4_36.graph,5,0.4,4405,6012.951005453306,6134.218380603524,0.020167697198968916,1820,566,2386,Exact_structureO
query_cycle_4_36.graph,1,0.5,5507,6012.951005453306,6038.260279215117,0.0042091268894188655,2193,637,2830,Exact_structureO
query_cycle_4_36.graph,2,0.5,5507,6012.951005453306,5933.379482758361,0.013233356237690869,2186,645,2831,Exact_structureO
query_cycle_4_36.graph,3,0.5,5507,6012.951005453306,6000.274864917515,0.002108139667909278,2204,629,2833,Exact_structureO
query_cycle_4_36.graph,4,0.5,5507,6012.951005453306,5988.755521489197,0.004023895079498391,2181,652,2833,Exact_structureO
query_cycle_4_36.graph,5,0.5,5507,6012.951005453306,5807.918065422339,0.034098554910062744,2199,652,2851,Exact_structureO
query_cycle_4_36.graph,1,0.6,6608,6012.951005453306,6111.013237457101,0.016308503414523133,2605,749,3354,Exact_structureO
query_cycle_4_36.graph,2,0.6,6608,6012.951005453306,5996.398111120105,0.0027528736419419977,2582,727,3309,Exact_structureO
query_cycle_4_36.graph,3,0.6,6608,6012.951005453306,5771.597609019005,0.04013892616377727,2588,727,3315,Exact_structureO
query_cycle_4_36.graph,4,0.6,6608,6012.951005453306,5988.554861406815,0.0040572663945482685,2548,751,3299,Exact_structureO
query_cycle_4_36.graph,5,0.6,6608,6012.951005453306,6156.779350262206,0.023919759977830975,2566,722,3288,Exact_structureO
query_cycle_4_36.graph,1,0.7,7709,6012.951005453306,6258.900216782351,0.04090324552885719,2940,827,3767,Exact_structureO
query_cycle_4_36.graph,2,0.7,7709,6012.951005453306,5690.818075929521,0.05357318382132729,2943,808,3751,Exact_structureO
query_cycle_4_36.graph,3,0.7,7709,6012.951005453306,5910.729307818204,0.017000254540972367,2933,806,3739,Exact_structureO
query_cycle_4_36.graph,4,0.7,7709,6012.951005453306,6016.240852735593,0.0005471269064563315,2937,851,3788,Exact_structureO
query_cycle_4_36.graph,5,0.7,7709,6012.951005453306,5845.555007586984,0.027839241948671396,2937,821,3758,Exact_structureO
query_cycle_4_36.graph,1,0.8,8811,6012.951005453306,6171.839467793818,0.02642437335617932,3311,915,4226,Exact_structureO
query_cycle_4_36.graph,2,0.8,8811,6012.951005453306,5933.332026856209,0.013241248519219241,3329,888,4217,Exact_structureO
query_cycle_4_36.graph,3,0.8,8811,6012.951005453306,5992.169627364367,0.003456103013327577,3321,898,4219,Exact_structureO
query_cycle_4_36.graph,4,0.8,8811,6012.951005453306,5818.490969856799,0.03234019958255867,3299,948,4247,Exact_structureO
query_cycle_4_36.graph,5,0.8,8811,6012.951005453306,6009.106559578101,0.0006393609180779995,3295,896,4191,Exact_structureO
query_cycle_4_37.graph,1,0.01,110,6297.225078424538,6822.265957446809,0.0833765464126665,83,10,93,Exact_structureO
query_cycle_4_37.graph,2,0.01,110,6297.225078424538,20628.75985663082,2.2758492192551256,104,10,114,Exact_structureO
query_cycle_4_37.graph,3,0.01,110,6297.225078424538,9222.988505747126,0.4646115377623703,87,8,95,Exact_structureO
query_cycle_4_37.graph,4,0.01,110,6297.225078424538,9157.64705882353,0.45423530916805377,93,9,102,Exact_structureO
query_cycle_4_37.graph,5,0.01,110,6297.225078424538,12696.511627906975,1.0162073722610903,89,11,100,Exact_structureO
query_cycle_4_37.graph,1,0.05,552,6297.225078424538,5240.882121807465,0.16774737181243524,345,70,415,Exact_structureO
query_cycle_4_37.graph,2,0.05,552,6297.225078424538,6526.427638224796,0.03639739042924618,321,61,382,Exact_structureO
query_cycle_4_37.graph,3,0.05,552,6297.225078424538,5826.20968025814,0.07479729441149946,348,77,425,Exact_structureO
query_cycle_4_37.graph,4,0.05,552,6297.225078424538,4884.077669902913,0.22440795603182906,347,67,414,Exact_structureO
query_cycle_4_37.graph,5,0.05,552,6297.225078424538,7561.799462748755,0.20081454427552284,355,57,412,Exact_structureO
query_cycle_4_37.graph,1,0.075,828,6297.225078424538,4092.398221005817,0.3501267351825913,486,117,603,Exact_structureO
query_cycle_4_37.graph,2,0.075,828,6297.225078424538,5974.9158240761735,0.05118274324553775,468,102,570,Exact_structureO
query_cycle_4_37.graph,3,0.075,828,6297.225078424538,5725.120601954047,0.09085025060174953,483,129,612,Exact_structureO
query_cycle_4_37.graph,4,0.075,828,6297.225078424538,5932.365339578454,0.057939764626829225,478,111,589,Exact_structureO
query_cycle_4_37.graph,5,0.075,828,6297.225078424538,6838.57111193968,0.08596580664869263,460,89,549,Exact_structureO
query_cycle_4_37.graph,1,0.1,1104,6297.225078424538,5970.068852459017,0.051952442844455264,618,168,786,Exact_structureO
query_cycle_4_37.graph,2,0.1,1104,6297.225078424538,5642.482834010863,0.10397313678003078,626,137,763,Exact_structureO
query_cycle_4_37.graph,3,0.1,1104,6297.225078424538,7084.303060181128,0.12498806568837204,608,166,774,Exact_structureO
query_cycle_4_37.graph,4,0.1,1104,6297.225078424538,6409.0607752376245,0.017759520331622956,605,155,760,Exact_structureO
query_cycle_4_37.graph,5,0.1,1104,6297.225078424538,8290.623208789417,0.31655183124939124,620,139,759,Exact_structureO
query_cycle_4_37.graph,1,0.125,1381,6297.225078424538,5995.984661429106,0.04783700967391767,749,202,951,Exact_structureO
query_cycle_4_37.graph,2,0.125,1381,6297.225078424538,5400.222001376042,0.14244418229892963,750,178,928,Exact_structureO
query_cycle_4_37.graph,3,0.125,1381,6297.225078424538,6699.675949826956,0.06390924040198105,728,208,936,Exact_structureO
query_cycle_4_37.graph,4,0.125,1381,6297.225078424538,6998.552884615384,0.11137092885463554,727,198,925,Exact_structureO
query_cycle_4_37.graph,5,0.125,1381,6297.225078424538,7103.408781711136,0.1280220562623262,738,180,918,Exact_structureO
query_cycle_4_37.graph,1,0.15,1657,6297.225078424538,6605.71800751223,0.0489887093514643,867,243,1110,Exact_structureO
query_cycle_4_37.graph,2,0.15,1657,6297.225078424538,5101.338141025642,0.18990697053154842,887,220,1107,Exact_structureO
query_cycle_4_37.graph,3,0.15,1657,6297.225078424538,6973.776710709284,0.10743646985125839,873,262,1135,Exact_structureO
query_cycle_4_37.graph,4,0.15,1657,6297.225078424538,7111.328965778342,0.12927978231921147,883,242,1125,Exact_structureO
query_cycle_4_37.graph,5,0.15,1657,6297.225078424538,6684.1275391275385,0.06144015115937339,869,221,1090,Exact_structureO
query_cycle_4_37.graph,1,0.2,2209,6297.225078424538,5789.431799158856,0.08063762577035337,1085,329,1414,Exact_structureO
query_cycle_4_37.graph,2,0.2,2209,6297.225078424538,5884.647990124964,0.06551728470261284,1100,297,1397,Exact_structureO
query_cycle_4_37.graph,3,0.2,2209,6297.225078424538,6278.465544118523,0.002979016006635749,1097,331,1428,Exact_structureO
query_cycle_4_37.graph,4,0.2,2209,6297.225078424538,5844.017483502463,0.07196941339683866,1111,327,1438,Exact_structureO
query_cycle_4_37.graph,5,0.2,2209,6297.225078424538,7375.843896390408,0.17128478092063415,1092,284,1376,Exact_structureO
query_cycle_4_37.graph,1,0.3,3314,6297.225078424538,5900.758572939609,0.06295892246940595,1565,460,2025,Exact_structureO
query_cycle_4_37.graph,2,0.3,3314,6297.225078424538,6444.72736468602,0.02342337846027651,1579,465,2044,Exact_structureO
query_cycle_4_37.graph,3,0.3,3314,6297.225078424538,6362.657942147985,0.010390745591678434,1581,452,2033,Exact_structureO
query_cycle_4_37.graph,4,0.3,3314,6297.225078424538,6367.238384745116,0.01111812035438533,1563,452,2015,Exact_structureO
query_cycle_4_37.graph,5,0.3,3314,6297.225078424538,5951.567528062515,0.05489045509049856,1574,426,2000,Exact_structureO
query_cycle_4_37.graph,1,0.4,4419,6297.225078424538,6152.310429547401,0.023012461373445446,1946,552,2498,Exact_structureO
query_cycle_4_37.graph,2,0.4,4419,6297.225078424538,6077.243382555855,0.03493311627408419,1933,565,2498,Exact_structureO
query_cycle_4_37.graph,3,0.4,4419,6297.225078424538,6096.036028515312,0.0319488421334243,1947,550,2497,Exact_structureO
query_cycle_4_37.graph,4,0.4,4419,6297.225078424538,6475.400259720747,0.028294237394605848,1937,537,2474,Exact_structureO
query_cycle_4_37.graph,5,0.4,4419,6297.225078424538,6492.292760561264,0.030976768291967858,1938,509,2447,Exact_structureO
query_cycle_4_37.graph,1,0.5,5524,6297.225078424538,6012.036408299053,0.04528799059487243,2309,639,2948,Exact_structureO
query_cycle_4_37.graph,2,0.5,5524,6297.225078424538,6350.962954952131,0.008533580403805068,2326,638,2964,Exact_structureO
query_cycle_4_37.graph,3,0.5,5524,6297.225078424538,5886.114618852111,0.06528438390759893,2304,637,2941,Exact_structureO
query_cycle_4_37.graph,4,0.5,5524,6297.225078424538,6504.927788731353,0.032983212084707426,2317,621,2938,Exact_structureO
query_cycle_4_37.graph,5,0.5,5524,6297.225078424538,6487.1479934305025,0.03015977873439457,2341,598,2939,Exact_structureO
query_cycle_4_37.graph,1,0.6,6629,6297.225078424538,5835.579696157285,0.07330933490831314,2722,723,3445,Exact_structureO
query_cycle_4_37.graph,2,0.6,6629,6297.225078424538,6182.6735207232205,0.018190799324259887,2727,745,3472,Exact_structureO
query_cycle_4_37.graph,3,0.6,6629,6297.225078424538,5930.72727738184,0.05819988907469531,2743,722,3465,Exact_structureO
query_cycle_4_37.graph,4,0.6,6629,6297.225078424538,6397.790940444297,0.01596986938966442,2720,694,3414,Exact_structureO
query_cycle_4_37.graph,5,0.6,6629,6297.225078424538,6571.020248639946,0.04347870161946106,2744,684,3428,Exact_structureO
query_cycle_4_37.graph,1,0.7,7734,6297.225078424538,5721.736212852436,0.09138769194447777,3121,813,3934,Exact_structureO
query_cycle_4_37.graph,2,0.7,7734,6297.225078424538,6014.575054197487,0.04488485336111976,3099,814,3913,Exact_structureO
query_cycle_4_37.graph,3,0.7,7734,6297.225078424538,6064.0500956567275,0.03702821161128752,3127,781,3908,Exact_structureO
query_cycle_4_37.graph,4,0.7,7734,6297.225078424538,6168.514129529044,0.020439312124396102,3146,769,3915,Exact_structureO
query_cycle_4_37.graph,5,0.7,7734,6297.225078424538,6400.629668525046,0.016420659705302845,3125,761,3886,Exact_structureO
query_cycle_4_37.graph,1,0.8,8839,6297.225078424538,5868.066872839332,0.06815036785894497,3520,879,4399,Exact_structureO
query_cycle_4_37.graph,2,0.8,8839,6297.225078424538,6088.465849345052,0.033150987376127525,3518,899,4417,Exact_structureO
query_cycle_4_37.graph,3,0.8,8839,6297.225078424538,5993.883334668609,0.048170700582901876,3567,854,4421,Exact_structureO
query_cycle_4_37.graph,4,0.8,8839,6297.225078424538,6176.645497355873,0.01914805006443124,3547,837,4384,Exact_structureO
query_cycle_4_37.graph,5,0.8,8839,6297.225078424538,6437.981947025185,0.022352205431390125,3544,825,4369,Exact_structureO
query_cycle_4_38.graph,1,0.01,168,5594.769833399445,3692.2101449275356,0.3400604037567516,123,19,142,Exact_structureO
query_cycle_4_38.graph,2,0.01,168,5594.769833399445,2632.126984126984,0.529537932299947,125,23,148,Exact_structureO
query_cycle_4_38.graph,3,0.01,168,5594.769833399445,6715.436507936507,0.2003061265982648,125,16,141,Exact_structureO
query_cycle_4_38.graph,4,0.01,168,5594.769833399445,2498.5540443808154,0.5534125408582419,126,23,149,Exact_structureO
query_cycle_4_38.graph,5,0.01,168,5594.769833399445,6629.592213114755,0.18496245789016505,126,15,141,Exact_structureO
query_cycle_4_38.graph,1,0.05,844,5594.769833399445,4656.126828063241,0.16777151398306472,428,100,528,Exact_structureO
query_cycle_4_38.graph,2,0.05,844,5594.769833399445,3353.717178524438,0.40056208237494517,441,98,539,Exact_structureO
query_cycle_4_38.graph,3,0.05,844,5594.769833399445,4738.889337175791,0.1529786786069823,442,82,524,Exact_structureO
query_cycle_4_38.graph,4,0.05,844,5594.769833399445,4641.465332873404,0.17039208562880281,447,95,542,Exact_structureO
query_cycle_4_38.graph,5,0.05,844,5594.769833399445,7864.712961976782,0.40572591834364957,442,87,529,Exact_structureO
query_cycle_4_38.graph,1,0.075,1266,5594.769833399445,5123.376195576958,0.0842561270364295,603,162,765,Exact_structureO
query_cycle_4_38.graph,2,0.075,1266,5594.769833399445,2902.8250342813476,0.4811538060150084,608,159,767,Exact_structureO
query_cycle_4_38.graph,3,0.075,1266,5594.769833399445,5568.7927225471085,0.004643106262791945,612,133,745,Exact_structureO
query_cycle_4_38.graph,4,0.075,1266,5594.769833399445,5177.961239921879,0.07449968557943495,587,139,726,Exact_structureO
query_cycle_4_38.graph,5,0.075,1266,5594.769833399445,6116.25170777753,0.09320881643154692,622,136,758,Exact_structureO
query_cycle_4_38.graph,1,0.1,1688,5594.769833399445,5050.736471158922,0.09723963244971644,771,209,980,Exact_structureO
query_cycle_4_38.graph,2,0.1,1688,5594.769833399445,4370.99582163749,0.21873536324163245,763,215,978,Exact_structureO
query_cycle_4_38.graph,3,0.1,1688,5594.769833399445,5259.942928482254,0.059846412790451955,778,206,984,Exact_structureO
query_cycle_4_38.graph,4,0.1,1688,5594.769833399445,5922.139592710599,0.058513534794020335,775,189,964,Exact_structureO
query_cycle_4_38.graph,5,0.1,1688,5594.769833399445,6021.437677388836,0.07626191187388724,787,214,1001,Exact_structureO
query_cycle_4_38.graph,1,0.125,2110,5594.769833399445,5410.426028483204,0.032949309874331534,902,270,1172,Exact_structureO
query_cycle_4_38.graph,2,0.125,2110,5594.769833399445,4608.024389262054,0.1763692651388008,919,283,1202,Exact_structureO
query_cycle_4_38.graph,3,0.125,2110,5594.769833399445,5439.339287271142,0.02778140133673052,905,268,1173,Exact_structureO
query_cycle_4_38.graph,4,0.125,2110,5594.769833399445,4948.850274793284,0.11545060437521029,943,255,1198,Exact_structureO
query_cycle_4_38.graph,5,0.125,2110,5594.769833399445,7116.705461579283,0.27202828239586274,917,273,1190,Exact_structureO
query_cycle_4_38.graph,1,0.15,2532,5594.769833399445,5482.562840739132,0.02005569415750824,1046,309,1355,Exact_structureO
query_cycle_4_38.graph,2,0.15,2532,5594.769833399445,4948.20061728395,0.1155667230947787,1038,335,1373,Exact_structureO
query_cycle_4_38.graph,3,0.15,2532,5594.769833399445,5321.042700826073,0.0489255395171551,1036,331,1367,Exact_structureO
query_cycle_4_38.graph,4,0.15,2532,5594.769833399445,4987.103785922672,0.1086132344264015,1060,306,1366,Exact_structureO
query_cycle_4_38.graph,5,0.15,2532,5594.769833399445,7215.446827381902,0.28967715245538805,1040,321,1361,Exact_structureO
query_cycle_4_38.graph,1,0.2,3376,5594.769833399445,5313.211741138971,0.050325232430410136,1272,430,1702,Exact_structureO
query_cycle_4_38.graph,2,0.2,3376,5594.769833399445,4901.59594652638,0.12389676564261523,1246,453,1699,Exact_structureO
query_cycle_4_38.graph,3,0.2,3376,5594.769833399445,5569.890049271993,0.004446971880581288,1279,431,1710,Exact_structureO
query_cycle_4_38.graph,4,0.2,3376,5594.769833399445,5854.07735814674,0.04634820242278619,1272,399,1671,Exact_structureO
query_cycle_4_38.graph,5,0.2,3376,5594.769833399445,6276.60205811687,0.12186957551802194,1273,433,1706,Exact_structureO
query_cycle_4_38.graph,1,0.3,5065,5594.769833399445,5938.9251310204945,0.0615137544294538,1767,668,2435,Exact_structureO
query_cycle_4_38.graph,2,0.3,5065,5594.769833399445,5112.911201953667,0.08612662286287392,1770,670,2440,Exact_structureO
query_cycle_4_38.graph,3,0.3,5065,5594.769833399445,5755.982550637917,0.028814897134118028,1765,635,2400,Exact_structureO
query_cycle_4_38.graph,4,0.3,5065,5594.769833399445,6324.974457870746,0.1305155790524488,1798,628,2426,Exact_structureO
query_cycle_4_38.graph,5,0.3,5065,5594.769833399445,5825.907777500611,0.04131321769866695,1810,657,2467,Exact_structureO
query_cycle_4_38.graph,1,0.4,6753,5594.769833399445,5527.865780392275,0.011958320896021222,2160,831,2991,Exact_structureO
query_cycle_4_38.graph,2,0.4,6753,5594.769833399445,4826.090865179946,0.13739242026198611,2163,831,2994,Exact_structureO
query_cycle_4_38.graph,3,0.4,6753,5594.769833399445,6137.921631545889,0.09708206312687914,2205,812,3017,Exact_structureO
query_cycle_4_38.graph,4,0.4,6753,5594.769833399445,5556.991533761756,0.00675243142482138,2182,822,3004,Exact_structureO
query_cycle_4_38.graph,5,0.4,6753,5594.769833399445,5719.80088520104,0.022347845492264807,2193,809,3002,Exact_structureO
query_cycle_4_38.graph,1,0.5,8442,5594.769833399445,5655.814333937226,0.010910994081179232,2591,991,3582,Exact_structureO
query_cycle_4_38.graph,2,0.5,8442,5594.769833399445,5050.0195013718585,0.09736778245559925,2529,994,3523,Exact_structureO
query_cycle_4_38.graph,3,0.5,8442,5594.769833399445,5861.293020439785,0.04763791808722146,2593,976,3569,Exact_structureO
query_cycle_4_38.graph,4,0.5,8442,5594.769833399445,5526.112555117198,0.012271689511225143,2545,998,3543,Exact_structureO
query_cycle_4_38.graph,5,0.5,8442,5594.769833399445,5830.886529577145,0.042203111693378224,2593,974,3567,Exact_structureO
query_cycle_4_38.graph,1,0.6,10130,5594.769833399445,5679.791511342653,0.015196635514056235,2972,1117,4089,Exact_structureO
query_cycle_4_38.graph,2,0.6,10130,5594.769833399445,5226.922543192428,0.06574842239461867,2976,1157,4133,Exact_structureO
query_cycle_4_38.graph,3,0.6,10130,5594.769833399445,5265.405622985712,0.05887001971868557,2946,1127,4073,Exact_structureO
query_cycle_4_38.graph,4,0.6,10130,5594.769833399445,5731.196892066161,0.024384749101255092,2960,1141,4101,Exact_structureO
query_cycle_4_38.graph,5,0.6,10130,5594.769833399445,5452.261758709461,0.025471659949126882,2969,1121,4090,Exact_structureO
query_cycle_4_38.graph,1,0.7,11818,5594.769833399445,5683.1135182784365,0.015790405594811204,3331,1241,4572,Exact_structureO
query_cycle_4_38.graph,2,0.7,11818,5594.769833399445,5190.964270779619,0.07217554513309958,3330,1259,4589,Exact_structureO
query_cycle_4_38.graph,3,0.7,11818,5594.769833399445,5476.551698597168,0.021130115862236672,3360,1278,4638,Exact_structureO
query_cycle_4_38.graph,4,0.7,11818,5594.769833399445,5897.890590762928,0.05417930788750666,3337,1255,4592,Exact_structureO
query_cycle_4_38.graph,5,0.7,11818,5594.769833399445,5388.4282788574765,0.03688115162667791,3341,1253,4594,Exact_structureO
query_cycle_4_38.graph,1,0.8,13507,5594.769833399445,5551.9531988028075,0.007652975166383484,3729,1374,5103,Exact_structureO
query_cycle_4_38.graph,2,0.8,13507,5594.769833399445,5349.515412402984,0.04383637366676824,3714,1374,5088,Exact_structureO
query_cycle_4_38.graph,3,0.8,13507,5594.769833399445,5475.467385678548,0.02132392417802234,3716,1383,5099,Exact_structureO
query_cycle_4_38.graph,4,0.8,13507,5594.769833399445,5784.169467756315,0.03385298055090648,3713,1364,5077,Exact_structureO
query_cycle_4_38.graph,5,0.8,13507,5594.769833399445,5224.684643917279,0.0661484208470643,3727,1361,5088,Exact_structureO
query_cycle_4_39.graph,1,0.01,116,5100.260146528666,8519.375,0.670380481630618,100,5,105,Exact_structureO
query_cycle_4_39.graph,2,0.01,116,5100.260146528666,4275.101149425288,0.1617876291398581,97,16,113,Exact_structureO
query_cycle_4_39.graph,3,0.01,116,5100.260146528666,2310.25,0.5470329093757306,101,11,112,Exact_structureO
query_cycle_4_39.graph,4,0.01,116,5100.260146528666,13901.587301587306,1.7256623980345376,103,10,113,Exact_structureO
query_cycle_4_39.graph,5,0.01,116,5100.260146528666,372.63296703296703,0.9269384391526405,96,12,108,Exact_structureO
query_cycle_4_39.graph,1,0.05,580,5100.260146528666,3653.655642023346,0.2836334741650201,370,61,431,Exact_structureO
query_cycle_4_39.graph,2,0.05,580,5100.260146528666,4761.693548387097,0.06638222137982597,351,74,425,Exact_structureO
query_cycle_4_39.graph,3,0.05,580,5100.260146528666,5948.355263157893,0.16628467808773573,373,71,444,Exact_structureO
query_cycle_4_39.graph,4,0.05,580,5100.260146528666,6779.19186856029,0.32918550697347,364,59,423,Exact_structureO
query_cycle_4_39.graph,5,0.05,580,5100.260146528666,4239.709734273318,0.16872676834750389,367,68,435,Exact_structureO
query_cycle_4_39.graph,1,0.075,871,5100.260146528666,5013.409836455263,0.017028603949254487,510,103,613,Exact_structureO
query_cycle_4_39.graph,2,0.075,871,5100.260146528666,7056.316043425814,0.3835208088804013,504,112,616,Exact_structureO
query_cycle_4_39.graph,3,0.075,871,5100.260146528666,5112.135898124352,0.002328459971550418,483,109,592,Exact_structureO
query_cycle_4_39.graph,4,0.075,871,5100.260146528666,5964.286310200986,0.16940825347122587,508,92,600,Exact_structureO
query_cycle_4_39.graph,5,0.075,871,5100.260146528666,3731.785714285714,0.2683146335534201,502,101,603,Exact_structureO
query_cycle_4_39.graph,1,0.1,1161,5100.260146528666,5702.064091680815,0.1179947547502549,646,138,784,Exact_structureO
query_cycle_4_39.graph,2,0.1,1161,5100.260146528666,5133.885866914927,0.006592942206908188,637,152,789,Exact_structureO
query_cycle_4_39.graph,3,0.1,1161,5100.260146528666,5845.549134464067,0.14612764183071297,651,150,801,Exact_structureO
query_cycle_4_39.graph,4,0.1,1161,5100.260146528666,5293.574146712722,0.03790277253124605,642,140,782,Exact_structureO
query_cycle_4_39.graph,5,0.1,1161,5100.260146528666,4708.416264928587,0.07682821470719985,634,141,775,Exact_structureO
query_cycle_4_39.graph,1,0.125,1452,5100.260146528666,4681.297328561861,0.08214538198643834,776,168,944,Exact_structureO
query_cycle_4_39.graph,2,0.125,1452,5100.260146528666,4326.334766304919,0.15174233431024015,765,187,952,Exact_structureO
query_cycle_4_39.graph,3,0.125,1452,5100.260146528666,5914.527302101834,0.15965208287019894,773,198,971,Exact_structureO
query_cycle_4_39.graph,4,0.125,1452,5100.260146528666,5766.52108618864,0.13063273647197066,780,182,962,Exact_structureO
query_cycle_4_39.graph,5,0.125,1452,5100.260146528666,4042.95983603274,0.20730321201665464,759,185,944,Exact_structureO
query_cycle_4_39.graph,1,0.15,1742,5100.260146528666,3987.7285758829626,0.2181323184863254,892,212,1104,Exact_structureO
query_cycle_4_39.graph,2,0.15,1742,5100.260146528666,3996.251581895247,0.2164612260778165,881,216,1097,Exact_structureO
query_cycle_4_39.graph,3,0.15,1742,5100.260146528666,5627.172607861751,0.10331089909045359,884,238,1122,Exact_structureO
query_cycle_4_39.graph,4,0.15,1742,5100.260146528666,5486.167955182073,0.07566433820362331,895,211,1106,Exact_structureO
query_cycle_4_39.graph,5,0.15,1742,5100.260146528666,4339.3305951818775,0.14919426254456683,905,236,1141,Exact_structureO
query_cycle_4_39.graph,1,0.2,2323,5100.260146528666,3962.2626460255356,0.22312538337435067,1120,290,1410,Exact_structureO
query_cycle_4_39.graph,2,0.2,2323,5100.260146528666,4729.360766845886,0.07272165909717783,1116,294,1410,Exact_structureO
query_cycle_4_39.graph,3,0.2,2323,5100.260146528666,6616.786902179527,0.2973430201757527,1097,308,1405,Exact_structureO
query_cycle_4_39.graph,4,0.2,2323,5100.260146528666,4857.753483899089,0.047547900629075185,1108,295,1403,Exact_structureO
query_cycle_4_39.graph,5,0.2,2323,5100.260146528666,4302.338576330516,0.1564472296067546,1107,301,1408,Exact_structureO
query_cycle_4_39.graph,1,0.3,3485,5100.260146528666,4095.861924476086,0.19693078258688285,1605,438,2043,Exact_structureO
query_cycle_4_39.graph,2,0.3,3485,5100.260146528666,4464.44908806173,0.12466247606990807,1620,430,2050,Exact_structureO
query_cycle_4_39.graph,3,0.3,3485,5100.260146528666,5127.8913336812275,0.005417603486631488,1610,458,2068,Exact_structureO
query_cycle_4_39.graph,4,0.3,3485,5100.260146528666,5087.489138776652,0.0025039914406535415,1607,432,2039,Exact_structureO
query_cycle_4_39.graph,5,0.3,3485,5100.260146528666,4617.039672213348,0.0947442797882,1629,438,2067,Exact_structureO
query_cycle_4_39.graph,1,0.4,4647,5100.260146528666,4451.25284457366,0.12724984281375,2013,573,2586,Exact_structureO
query_cycle_4_39.graph,2,0.4,4647,5100.260146528666,4505.561268130733,0.11660167546604393,1998,552,2550,Exact_structureO
query_cycle_4_39.graph,3,0.4,4647,5100.260146528666,5285.14998227387,0.036251059834868045,2000,549,2549,Exact_structureO
query_cycle_4_39.graph,4,0.4,4647,5100.260146528666,4915.127327192997,0.03629870124598925,2022,550,2572,Exact_structureO
query_cycle_4_39.graph,5,0.4,4647,5100.260146528666,4675.739601131361,0.08323507687862582,2011,550,2561,Exact_structureO
query_cycle_4_39.graph,1,0.5,5809,5100.260146528666,4810.235520141824,0.05686467318421755,2378,657,3035,Exact_structureO
query_cycle_4_39.graph,2,0.5,5809,5100.260146528666,4914.223296429129,0.03647595313861736,2389,638,3027,Exact_structureO
query_cycle_4_39.graph,3,0.5,5809,5100.260146528666,5219.041369315841,0.023289247876506713,2399,650,3049,Exact_structureO
query_cycle_4_39.graph,4,0.5,5809,5100.260146528666,4800.568489702517,0.05876007266612181,2408,648,3056,Exact_structureO
query_cycle_4_39.graph,5,0.5,5809,5100.260146528666,4852.133033729995,0.04864989347014997,2397,640,3037,Exact_structureO
query_cycle_4_39.graph,1,0.6,6971,5100.260146528666,5342.098433952378,0.04741685335174755,2819,743,3562,Exact_structureO
query_cycle_4_39.graph,2,0.6,6971,5100.260146528666,4955.829334406917,0.028318322589888176,2852,724,3576,Exact_structureO
query_cycle_4_39.graph,3,0.6,6971,5100.260146528666,5344.085218050907,0.0478063989908815,2852,745,3597,Exact_structureO
query_cycle_4_39.graph,4,0.6,6971,5100.260146528666,4990.184648457936,0.021582330098524328,2845,744,3589,Exact_structureO
query_cycle_4_39.graph,5,0.6,6971,5100.260146528666,4815.112965716878,0.0559083600874487,2825,741,3566,Exact_structureO
query_cycle_4_39.graph,1,0.7,8133,5100.260146528666,5112.721035094205,0.0024431868586193583,3246,830,4076,Exact_structureO
query_cycle_4_39.graph,2,0.7,8133,5100.260146528666,4944.819604787394,0.030476982992145518,3228,808,4036,Exact_structureO
query_cycle_4_39.graph,3,0.7,8133,5100.260146528666,5351.306097527218,0.04922218549369855,3234,836,4070,Exact_structureO
query_cycle_4_39.graph,4,0.7,8133,5100.260146528666,5117.916682403424,0.0034618892698590896,3233,817,4050,Exact_structureO
query_cycle_4_39.graph,5,0.7,8133,5100.260146528666,4956.819823218556,0.028124119003564638,3230,832,4062,Exact_structureO
query_cycle_4_39.graph,1,0.8,9295,5100.260146528666,5245.491535962783,0.02847529052669286,3639,889,4528,Exact_structureO
query_cycle_4_39.graph,2,0.8,9295,5100.260146528666,5071.517993401429,0.005635428841173915,3654,885,4539,Exact_structureO
query_cycle_4_39.graph,3,0.8,9295,5100.260146528666,5157.715024593068,0.011265087743319654,3638,905,4543,Exact_structureO
query_cycle_4_39.graph,4,0.8,9295,5100.260146528666,5265.7484816851165,0.03244703807296671,3648,895,4543,Exact_structureO
query_cycle_4_39.graph,5,0.8,9295,5100.260146528666,4807.873020053202,0.05732788486769025,3644,907,4551,Exact_structureO
query_cycle_4_4.graph,1,0.01,15,154.864406779661,,,20,1,21,Exact_structureO
query_cycle_4_4.graph,2,0.01,15,154.864406779661,31.499999999999996,0.796596256977126,21,3,24,Exact_structureO
query_cycle_4_4.graph,3,0.01,15,154.864406779661,,,19,0,19,Exact_structureO
query_cycle_4_4.graph,4,0.01,15,154.864406779661,,,21,0,21,Exact_structureO
query_cycle_4_4.graph,5,0.01,15,154.864406779661,,,20,0,20,Exact_structureO
query_cycle_4_4.graph,1,0.05,77,154.864406779661,279.9789473684211,0.8078973289632094,91,7,98,Exact_structureO
query_cycle_4_4.graph,2,0.05,77,154.864406779661,23.24489795918367,0.8499016110767389,94,9,103,Exact_structureO
query_cycle_4_4.graph,3,0.05,77,154.864406779661,55.97826086956522,0.6385337209910968,95,7,102,Exact_structureO
query_cycle_4_4.graph,4,0.05,77,154.864406779661,145.05319148936175,0.06335358456032136,93,11,104,Exact_structureO
query_cycle_4_4.graph,5,0.05,77,154.864406779661,126.75,0.18154208164605448,96,9,105,Exact_structureO
query_cycle_4_4.graph,1,0.075,115,154.864406779661,197.84722222222223,0.2775512871961379,131,13,144,Exact_structureO
query_cycle_4_4.graph,2,0.075,115,154.864406779661,27.496402877697847,0.822448531270201,132,14,146,Exact_structureO
query_cycle_4_4.graph,3,0.075,115,154.864406779661,82.95211267605634,0.4643565012709506,131,18,149,Exact_structureO
query_cycle_4_4.graph,4,0.075,115,154.864406779661,111.53716216216219,0.27977535651006136,136,14,150,Exact_structureO
query_cycle_4_4.graph,5,0.075,115,154.864406779661,162.85294117647058,0.05158405706596964,133,14,147,Exact_structureO
query_cycle_4_4.graph,1,0.1,154,154.864406779661,134.40104166666666,0.13213730345481745,166,16,182,Exact_structureO
query_cycle_4_4.graph,2,0.1,154,154.864406779661,85.08652094717668,0.45057406852539955,165,18,183,Exact_structureO
query_cycle_4_4.graph,3,0.1,154,154.864406779661,107.66666666666667,0.3047681587683776,166,20,186,Exact_structureO
query_cycle_4_4.graph,4,0.1,154,154.864406779661,156.30989583333334,0.009333901079858556,166,22,188,Exact_structureO
query_cycle_4_4.graph,5,0.1,154,154.864406779661,157.28937728937728,0.01565866915544054,172,16,188,Exact_structureO
query_cycle_4_4.graph,1,0.125,193,154.864406779661,121.46186440677967,0.2156889569880704,203,19,222,Exact_structureO
query_cycle_4_4.graph,2,0.125,193,154.864406779661,300.7142857142857,0.9417908347535141,199,26,225,Exact_structureO
query_cycle_4_4.graph,3,0.125,193,154.864406779661,86.45974576271186,0.44170679654153444,202,26,228,Exact_structureO
query_cycle_4_4.graph,4,0.125,193,154.864406779661,169.6480686695279,0.09546197345979497,201,27,228,Exact_structureO
query_cycle_4_4.graph,5,0.125,193,154.864406779661,155.43891402714934,0.003709743635964902,202,20,222,Exact_structureO
query_cycle_4_4.graph,1,0.15,231,154.864406779661,115.05434782608697,0.2570639682894679,234,22,256,Exact_structureO
query_cycle_4_4.graph,2,0.15,231,154.864406779661,296.7225836431227,0.9160153699183801,231,29,260,Exact_structureO
query_cycle_4_4.graph,3,0.15,231,154.864406779661,87.4645979020979,0.4352182033245292,232,30,262,Exact_structureO
query_cycle_4_4.graph,4,0.15,231,154.864406779661,173.95372497538563,0.12326472294492201,232,30,262,Exact_structureO
query_cycle_4_4.graph,5,0.15,231,154.864406779661,102.77153558052436,0.33637730116548786,235,24,259,Exact_structureO
query_cycle_4_4.graph,1,0.2,309,154.864406779661,94.57563025210084,0.3893004066023914,288,32,320,Exact_structureO
query_cycle_4_4.graph,2,0.2,309,154.864406779661,264.2817391304348,0.7065363476738157,289,31,320,Exact_structureO
query_cycle_4_4.graph,3,0.2,309,154.864406779661,96.82290502793298,0.3747891653006407,291,38,329,Exact_structureO
query_cycle_4_4.graph,4,0.2,309,154.864406779661,169.31744868035187,0.09332707367196684,290,32,322,Exact_structureO
query_cycle_4_4.graph,5,0.2,309,154.864406779661,67.9186046511628,0.5614317966051653,288,30,318,Exact_structureO
query_cycle_4_4.graph,1,0.3,463,154.864406779661,157.05036785512166,0.014115322693682672,401,46,447,Exact_structureO
query_cycle_4_4.graph,2,0.3,463,154.864406779661,162.57364864864866,0.04978059212764268,401,46,447,Exact_structureO
query_cycle_4_4.graph,3,0.3,463,154.864406779661,126.38447319778189,0.18390238386022417,406,56,462,Exact_structureO
query_cycle_4_4.graph,4,0.3,463,154.864406779661,124.67253886010361,0.19495679186318118,409,54,463,Exact_structureO
query_cycle_4_4.graph,5,0.3,463,154.864406779661,98.37142857142857,0.3647899435575916,408,40,448,Exact_structureO
query_cycle_4_4.graph,1,0.4,618,154.864406779661,173.3174603174603,0.11915619554888457,516,57,573,Exact_structureO
query_cycle_4_4.graph,2,0.4,618,154.864406779661,153.27758007117438,0.010246555302693548,512,53,565,Exact_structureO
query_cycle_4_4.graph,3,0.4,618,154.864406779661,132.76589315929417,0.14269588525792315,511,69,580,Exact_structureO
query_cycle_4_4.graph,4,0.4,618,154.864406779661,101.52228435858328,0.34444404321370103,504,65,569,Exact_structureO
query_cycle_4_4.graph,5,0.4,618,154.864406779661,167.2094485773449,0.07971516537849938,513,61,574,Exact_structureO
query_cycle_4_4.graph,1,0.5,773,154.864406779661,141.66666666666666,0.08522126153733904,609,76,685,Exact_structureO
query_cycle_4_4.graph,2,0.5,773,154.864406779661,135.97504159733776,0.1219735740130318,614,64,678,Exact_structureO
query_cycle_4_4.graph,3,0.5,773,154.864406779661,184.2024030477679,0.18944311916584283,604,82,686,Exact_structureO
query_cycle_4_4.graph,4,0.5,773,154.864406779661,102.52291135655622,0.337982732840449,600,73,673,Exact_structureO
query_cycle_4_4.graph,5,0.5,773,154.864406779661,225.15384615384616,0.4538773036091632,607,81,688,Exact_structureO
query_cycle_4_4.graph,1,0.6,927,154.864406779661,128.8185721721027,0.16818476982006567,712,96,808,Exact_structureO
query_cycle_4_4.graph,2,0.6,927,154.864406779661,138.43470725005287,0.1060908692401095,722,78,800,Exact_structureO
query_cycle_4_4.graph,3,0.6,927,154.864406779661,170.23699215965786,0.09926480654698633,714,98,812,Exact_structureO
query_cycle_4_4.graph,4,0.6,927,154.864406779661,117.9270364441096,0.23851426614835647,721,88,809,Exact_structureO
query_cycle_4_4.graph,5,0.6,927,154.864406779661,171.22150799166087,0.10562208290554798,716,101,817,Exact_structureO
query_cycle_4_4.graph,1,0.7,1082,154.864406779661,117.42732689648041,0.2417410214630246,809,109,918,Exact_structureO
query_cycle_4_4.graph,2,0.7,1082,154.864406779661,136.42534290271132,0.11906586064791853,824,99,923,Exact_structureO
query_cycle_4_4.graph,3,0.7,1082,154.864406779661,156.1693461950697,0.008426335286101814,817,116,933,Exact_structureO
query_cycle_4_4.graph,4,0.7,1082,154.864406779661,121.71680548750614,0.214042735716005,825,106,931,Exact_structureO
query_cycle_4_4.graph,5,0.7,1082,154.864406779661,164.0269011532853,0.05916462384194305,816,120,936,Exact_structureO
query_cycle_4_4.graph,1,0.8,1236,154.864406779661,138.28647310790876,0.10704805588632842,919,124,1043,Exact_structureO
query_cycle_4_4.graph,2,0.8,1236,154.864406779661,126.31343376549417,0.18436110406433662,925,110,1035,Exact_structureO
query_cycle_4_4.graph,3,0.8,1236,154.864406779661,143.54109868406928,0.07311756349347838,908,130,1038,Exact_structureO
query_cycle_4_4.graph,4,0.8,1236,154.864406779661,158.45097062937063,0.023159381321316362,917,122,1039,Exact_structureO
query_cycle_4_4.graph,5,0.8,1236,154.864406779661,152.18495466956927,0.017301923442641236,913,132,1045,Exact_structureO
query_cycle_4_40.graph,1,0.01,18,1181.5882352941176,34.73684210526316,0.9706015673923696,22,2,24,Exact_structureO
query_cycle_4_40.graph,2,0.01,18,1181.5882352941176,10483.333333333334,7.872239093277577,16,3,19,Exact_structureO
query_cycle_4_40.graph,3,0.01,18,1181.5882352941176,,,20,0,20,Exact_structureO
query_cycle_4_40.graph,4,0.01,18,1181.5882352941176,,,20,0,20,Exact_structureO
query_cycle_4_40.graph,5,0.01,18,1181.5882352941176,19.558823529411764,0.9834470055259621,19,2,21,Exact_structureO
query_cycle_4_40.graph,1,0.05,92,1181.5882352941176,1760.814606741573,0.49021000222067723,96,9,105,Exact_structureO
query_cycle_4_40.graph,2,0.05,92,1181.5882352941176,6344.21768707483,4.369228888349287,96,10,106,Exact_structureO
query_cycle_4_40.graph,3,0.05,92,1181.5882352941176,0.0,1.0,93,5,98,Exact_structureO
query_cycle_4_40.graph,4,0.05,92,1181.5882352941176,53.797468354430386,0.9544702065004572,94,5,99,Exact_structureO
query_cycle_4_40.graph,5,0.05,92,1181.5882352941176,17.962962962962965,0.9847976118698476,91,6,97,Exact_structureO
query_cycle_4_40.graph,1,0.075,138,1181.5882352941176,878.5920519059205,0.25643127981278196,139,13,152,Exact_structureO
query_cycle_4_40.graph,2,0.075,138,1181.5882352941176,6462.276854928016,4.469144547905425,143,10,153,Exact_structureO
query_cycle_4_40.graph,3,0.075,138,1181.5882352941176,589.7916666666667,0.5008483928245464,135,6,141,Exact_structureO
query_cycle_4_40.graph,4,0.075,138,1181.5882352941176,1435.7142857142858,0.21507158147771493,137,7,144,Exact_structureO
query_cycle_4_40.graph,5,0.075,138,1181.5882352941176,5539.968,3.6885774879275153,134,11,145,Exact_structureO
query_cycle_4_40.graph,1,0.1,184,1181.5882352941176,738.1403508771929,0.3752981547810883,174,14,188,Exact_structureO
query_cycle_4_40.graph,2,0.1,184,1181.5882352941176,5360.627160493828,3.5367980150542686,179,14,193,Exact_structureO
query_cycle_4_40.graph,3,0.1,184,1181.5882352941176,609.0857142857143,0.4845194831056333,182,9,191,Exact_structureO
query_cycle_4_40.graph,4,0.1,184,1181.5882352941176,1463.218390804598,0.2383488148393571,180,9,189,Exact_structureO
query_cycle_4_40.graph,5,0.1,184,1181.5882352941176,4033.8979591836737,2.4139625283079833,178,14,192,Exact_structureO
query_cycle_4_40.graph,1,0.125,230,1181.5882352941176,797.4545454545454,0.3250994537398679,219,20,239,Exact_structureO
query_cycle_4_40.graph,2,0.125,230,1181.5882352941176,4232.064777327935,2.5816747754555136,222,17,239,Exact_structureO
query_cycle_4_40.graph,3,0.125,230,1181.5882352941176,2122.7864583333335,0.796553481936908,218,13,231,Exact_structureO
query_cycle_4_40.graph,4,0.125,230,1181.5882352941176,728.6628959276018,0.38331910037490763,223,14,237,Exact_structureO
query_cycle_4_40.graph,5,0.125,230,1181.5882352941176,3589.0611233480176,2.0374888782255343,217,17,234,Exact_structureO
query_cycle_4_40.graph,1,0.15,276,1181.5882352941176,684.6339100346021,0.4205816463091434,248,23,271,Exact_structureO
query_cycle_4_40.graph,2,0.15,276,1181.5882352941176,3870.368093385214,2.2755641752152456,256,20,276,Exact_structureO
query_cycle_4_40.graph,3,0.15,276,1181.5882352941176,2675.5348964013087,1.2643547189138373,254,17,271,Exact_structureO
query_cycle_4_40.graph,4,0.15,276,1181.5882352941176,982.9779069767442,0.1680875980183874,254,17,271,Exact_structureO
query_cycle_4_40.graph,5,0.15,276,1181.5882352941176,2859.597818181818,1.42013057744267,253,20,273,Exact_structureO
query_cycle_4_40.graph,1,0.2,368,1181.5882352941176,775.8188608776843,0.3434101341703274,317,27,344,Exact_structureO
query_cycle_4_40.graph,2,0.2,368,1181.5882352941176,3652.7664756446993,2.091403897344546,321,25,346,Exact_structureO
query_cycle_4_40.graph,3,0.2,368,1181.5882352941176,2234.826470588235,0.8913750186687909,324,21,345,Exact_structureO
query_cycle_4_40.graph,4,0.2,368,1181.5882352941176,961.7064499746064,0.1860900259088809,324,21,345,Exact_structureO
query_cycle_4_40.graph,5,0.2,368,1181.5882352941176,2178.1434782608694,0.8434031528070286,324,27,351,Exact_structureO
query_cycle_4_40.graph,1,0.3,552,1181.5882352941176,2018.470052083333,0.7082685759653837,472,41,513,Exact_structureO
query_cycle_4_40.graph,2,0.3,552,1181.5882352941176,2720.388021390375,1.3023147490235663,473,42,515,Exact_structureO
query_cycle_4_40.graph,3,0.3,552,1181.5882352941176,1224.2141341602742,0.03607508740601694,473,41,514,Exact_structureO
query_cycle_4_40.graph,4,0.3,552,1181.5882352941176,1084.426916221034,0.08222942322110927,471,34,505,Exact_structureO
query_cycle_4_40.graph,5,0.3,552,1181.5882352941176,1365.4322033898304,0.15559055397157956,471,37,508,Exact_structureO
query_cycle_4_40.graph,1,0.4,736,1181.5882352941176,1863.919215997881,0.5774693419606701,614,48,662,Exact_structureO
query_cycle_4_40.graph,2,0.4,736,1181.5882352941176,2294.386856516977,0.9417820760087923,617,55,672,Exact_structureO
query_cycle_4_40.graph,3,0.4,736,1181.5882352941176,888.1340155945419,0.24835573927877666,603,60,663,Exact_structureO
query_cycle_4_40.graph,4,0.4,736,1181.5882352941176,1074.8212682926828,0.09035886090627723,618,48,666,Exact_structureO
query_cycle_4_40.graph,5,0.4,736,1181.5882352941176,1475.1618130227002,0.248456754188575,616,51,667,Exact_structureO
query_cycle_4_40.graph,1,0.5,921,1181.5882352941176,1673.85592726425,0.4166152617858443,763,62,825,Exact_structureO
query_cycle_4_40.graph,2,0.5,921,1181.5882352941176,2567.3156961457717,1.1727668061172958,749,66,815,Exact_structureO
query_cycle_4_40.graph,3,0.5,921,1181.5882352941176,816.1492931404368,0.3092777426501007,757,70,827,Exact_structureO
query_cycle_4_40.graph,4,0.5,921,1181.5882352941176,1047.2772528764592,0.1136698711156565,761,67,828,Exact_structureO
query_cycle_4_40.graph,5,0.5,921,1181.5882352941176,1259.976099691128,0.06634110094833358,764,62,826,Exact_structureO
query_cycle_4_40.graph,1,0.6,1105,1181.5882352941176,1726.5033897095554,0.46117178399275377,898,77,975,Exact_structureO
query_cycle_4_40.graph,2,0.6,1105,1181.5882352941176,2179.1173570485,0.844227364455842,905,77,982,Exact_structureO
query_cycle_4_40.graph,3,0.6,1105,1181.5882352941176,829.2349437458636,0.298203114268946,896,86,982,Exact_structureO
query_cycle_4_40.graph,4,0.6,1105,1181.5882352941176,813.8990163091232,0.3111821935951065,901,80,981,Exact_structureO
query_cycle_4_40.graph,5,0.6,1105,1181.5882352941176,1090.6023898431663,0.07700300555912638,896,76,972,Exact_structureO
query_cycle_4_40.graph,1,0.7,1289,1181.5882352941176,1567.000159277336,0.3261812469614534,1038,91,1129,Exact_structureO
query_cycle_4_40.graph,2,0.7,1289,1181.5882352941176,1790.2629559550087,0.515132685380353,1040,93,1133,Exact_structureO
query_cycle_4_40.graph,3,0.7,1289,1181.5882352941176,1086.5971746950952,0.08039269329334298,1026,97,1123,Exact_structureO
query_cycle_4_40.graph,4,0.7,1289,1181.5882352941176,947.1192253521127,0.19843546418151453,1035,88,1123,Exact_structureO
query_cycle_4_40.graph,5,0.7,1289,1181.5882352941176,943.4651529485965,0.20152797330979533,1040,93,1133,Exact_structureO
query_cycle_4_40.graph,1,0.8,1473,1181.5882352941176,1380.6792153754707,0.1684943825052523,1177,107,1284,Exact_structureO
query_cycle_4_40.graph,2,0.8,1473,1181.5882352941176,1489.5964729064037,0.26067307409811646,1177,105,1282,Exact_structureO
query_cycle_4_40.graph,3,0.8,1473,1181.5882352941176,1287.5347449313274,0.08966449264860692,1180,108,1288,Exact_structureO
query_cycle_4_40.graph,4,0.8,1473,1181.5882352941176,876.6692308220636,0.2580585988960481,1184,100,1284,Exact_structureO
query_cycle_4_40.graph,5,0.8,1473,1181.5882352941176,835.5503891539041,0.2928582358930467,1172,106,1278,Exact_structureO
query_cycle_4_41.graph,1,0.01,532,243.93453444125186,151.49514023882253,0.3789516495241966,289,40,329,Exact_structureO
query_cycle_4_41.graph,2,0.01,532,243.93453444125186,516.5599999999998,1.1176173401737257,299,46,345,Exact_structureO
query_cycle_4_41.graph,3,0.01,532,243.93453444125186,84.57839262187088,0.6532742163154419,295,34,329,Exact_structureO
query_cycle_4_41.graph,4,0.01,532,243.93453444125186,340.24453125,0.39481903220203146,284,39,323,Exact_structureO
query_cycle_4_41.graph,5,0.01,532,243.93453444125186,131.5060185185185,0.4608962653863599,270,48,318,Exact_structureO
query_cycle_4_41.graph,1,0.05,2663,243.93453444125186,381.4407265081207,0.5637012093504343,746,101,847,Exact_structureO
query_cycle_4_41.graph,2,0.05,2663,243.93453444125186,398.04630152456235,0.631775108991081,742,114,856,Exact_structureO
query_cycle_4_41.graph,3,0.05,2663,243.93453444125186,170.70438380964694,0.30020411336731556,749,103,852,Exact_structureO
query_cycle_4_41.graph,4,0.05,2663,243.93453444125186,296.6698570246957,0.21618637436571905,761,118,879,Exact_structureO
query_cycle_4_41.graph,5,0.05,2663,243.93453444125186,138.57660235448006,0.43191068590636866,740,122,862,Exact_structureO
query_cycle_4_41.graph,1,0.075,3995,243.93453444125186,305.7610594533672,0.2534554000471195,947,137,1084,Exact_structureO
query_cycle_4_41.graph,2,0.075,3995,243.93453444125186,305.6806744714311,0.25312586498509865,935,167,1102,Exact_structureO
query_cycle_4_41.graph,3,0.075,3995,243.93453444125186,198.33635682782727,0.18692793014269266,970,144,1114,Exact_structureO
query_cycle_4_41.graph,4,0.075,3995,243.93453444125186,253.98947368421054,0.04121982672929105,935,152,1087,Exact_structureO
query_cycle_4_41.graph,5,0.075,3995,243.93453444125186,183.772673176686,0.2466311766899696,925,158,1083,Exact_structureO
query_cycle_4_41.graph,1,0.1,5327,243.93453444125186,272.2573298590451,0.11610818239684056,1139,171,1310,Exact_structureO
query_cycle_4_41.graph,2,0.1,5327,243.93453444125186,255.83593726504466,0.048789331330447966,1107,214,1321,Exact_structureO
query_cycle_4_41.graph,3,0.1,5327,243.93453444125186,321.60072332730556,0.3183894771765434,1108,178,1286,Exact_structureO
query_cycle_4_41.graph,4,0.1,5327,243.93453444125186,223.25058108956412,0.08479305072184917,1115,187,1302,Exact_structureO
query_cycle_4_41.graph,5,0.1,5327,243.93453444125186,154.01962816826057,0.3686026108560123,1100,192,1292,Exact_structureO
query_cycle_4_41.graph,1,0.125,6659,243.93453444125186,248.3930261445641,0.018277410836988306,1305,209,1514,Exact_structureO
query_cycle_4_41.graph,2,0.125,6659,243.93453444125186,240.26184657883553,0.015056038993531026,1273,255,1528,Exact_structureO
query_cycle_4_41.graph,3,0.125,6659,243.93453444125186,325.3718105884309,0.3338489006229335,1301,220,1521,Exact_structureO
query_cycle_4_41.graph,4,0.125,6659,243.93453444125186,218.36254994420645,0.10483134155489596,1278,221,1499,Exact_structureO
query_cycle_4_41.graph,5,0.125,6659,243.93453444125186,206.80530554239698,0.1522098090124952,1284,234,1518,Exact_structureO
query_cycle_4_41.graph,1,0.15,7991,243.93453444125186,242.5203986196665,0.005797194008730739,1487,256,1743,Exact_structureO
query_cycle_4_41.graph,2,0.15,7991,243.93453444125186,255.37583579154375,0.04690316349220068,1468,298,1766,Exact_structureO
query_cycle_4_41.graph,3,0.15,7991,243.93453444125186,262.22060704031657,0.07496303317998891,1458,267,1725,Exact_structureO
query_cycle_4_41.graph,4,0.15,7991,243.93453444125186,205.40472668230203,0.15795142679245847,1484,261,1745,Exact_structureO
query_cycle_4_41.graph,5,0.15,7991,243.93453444125186,217.92805596668475,0.10661253247366823,1465,289,1754,Exact_structureO
query_cycle_4_41.graph,1,0.2,10655,243.93453444125186,244.0497911355606,0.00047249027109981794,1765,343,2108,Exact_structureO
query_cycle_4_41.graph,2,0.2,10655,243.93453444125186,239.75738763065496,0.017124048549193437,1786,383,2169,Exact_structureO
query_cycle_4_41.graph,3,0.2,10655,243.93453444125186,287.64685710609274,0.1791969421835528,1777,349,2126,Exact_structureO
query_cycle_4_41.graph,4,0.2,10655,243.93453444125186,237.83407668701796,0.025008585882304042,1776,335,2111,Exact_structureO
query_cycle_4_41.graph,5,0.2,10655,243.93453444125186,239.79823813583405,0.016956583514885503,1782,357,2139,Exact_structureO
query_cycle_4_41.graph,1,0.3,15983,243.93453444125186,207.47887465931547,0.14944853899199015,2684,600,3284,Exact_structureO
query_cycle_4_41.graph,2,0.3,15983,243.93453444125186,243.98836510616124,0.0002206766870164027,2681,648,3329,Exact_structureO
query_cycle_4_41.graph,3,0.3,15983,243.93453444125186,241.71340146959352,0.009105446987020458,2663,626,3289,Exact_structureO
query_cycle_4_41.graph,4,0.3,15983,243.93453444125186,267.80810511159694,0.09786876107980806,2691,609,3300,Exact_structureO
query_cycle_4_41.graph,5,0.3,15983,243.93453444125186,268.21480066935726,0.09953599347349876,2674,615,3289,Exact_structureO
query_cycle_4_41.graph,1,0.4,21310,243.93453444125186,214.9152267469458,0.11896350699492675,3163,766,3929,Exact_structureO
query_cycle_4_41.graph,2,0.4,21310,243.93453444125186,259.378319923138,0.06331118927978427,3159,809,3968,Exact_structureO
query_cycle_4_41.graph,3,0.4,21310,243.93453444125186,261.5987408974757,0.07241371746187913,3152,797,3949,Exact_structureO
query_cycle_4_41.graph,4,0.4,21310,243.93453444125186,275.73082114735655,0.1303476228937251,3146,772,3918,Exact_structureO
query_cycle_4_41.graph,5,0.4,21310,243.93453444125186,274.30591813050506,0.12450628919279866,3144,792,3936,Exact_structureO
query_cycle_4_41.graph,1,0.5,26638,243.93453444125186,235.09473228050697,0.03623842020152264,3485,910,4395,Exact_structureO
query_cycle_4_41.graph,2,0.5,26638,243.93453444125186,249.28617168791934,0.021938825754728653,3492,944,4436,Exact_structureO
query_cycle_4_41.graph,3,0.5,26638,243.93453444125186,256.8767675178305,0.053056173887898586,3479,929,4408,Exact_structureO
query_cycle_4_41.graph,4,0.5,26638,243.93453444125186,264.5234211956999,0.08440332895712463,3507,929,4436,Exact_structureO
query_cycle_4_41.graph,5,0.5,26638,243.93453444125186,259.99107136832333,0.06582313965445702,3469,915,4384,Exact_structureO
query_cycle_4_41.graph,1,0.6,31966,243.93453444125186,238.18169088837917,0.02358355517823648,3801,1062,4863,Exact_structureO
query_cycle_4_41.graph,2,0.6,31966,243.93453444125186,249.5829223638798,0.023155343443132963,3817,1084,4901,Exact_structureO
query_cycle_4_41.graph,3,0.6,31966,243.93453444125186,261.0600143292217,0.07020522914968513,3813,1079,4892,Exact_structureO
query_cycle_4_41.graph,4,0.6,31966,243.93453444125186,255.77786907591968,0.04855128308009264,3814,1065,4879,Exact_structureO
query_cycle_4_41.graph,5,0.6,31966,243.93453444125186,256.20201931621074,0.05029007025617904,3797,1063,4860,Exact_structureO
query_cycle_4_41.graph,1,0.7,37293,243.93453444125186,242.7677591388589,0.004783149319408689,4056,1201,5257,Exact_structureO
query_cycle_4_41.graph,2,0.7,37293,243.93453444125186,253.73320675974233,0.040169270582924965,4026,1214,5240,Exact_structureO
query_cycle_4_41.graph,3,0.7,37293,243.93453444125186,252.78888991627593,0.03629808093923873,4044,1207,5251,Exact_structureO
query_cycle_4_41.graph,4,0.7,37293,243.93453444125186,284.73621586854756,0.1672648832636783,4046,1180,5226,Exact_structureO
query_cycle_4_41.graph,5,0.7,37293,243.93453444125186,253.7561055194513,0.040263143144927786,4037,1179,5216,Exact_structureO
query_cycle_4_41.graph,1,0.8,42621,243.93453444125186,252.941381496181,0.03692321415481383,4366,1365,5731,Exact_structureO
query_cycle_4_41.graph,2,0.8,42621,243.93453444125186,254.42269443612958,0.04299579810993774,4338,1394,5732,Exact_structureO
query_cycle_4_41.graph,3,0.8,42621,243.93453444125186,253.2119214588436,0.03803228205814401,4337,1364,5701,Exact_structureO
query_cycle_4_41.graph,4,0.8,42621,243.93453444125186,273.54863413884283,0.12140183334608207,4367,1363,5730,Exact_structureO
query_cycle_4_41.graph,5,0.8,42621,243.93453444125186,251.43723014182882,0.030757005020885558,4355,1358,5713,Exact_structureO
query_cycle_4_42.graph,1,0.01,165,7093.130101258054,6355.081967213116,0.10405112038111873,115,15,130,Exact_structureO
query_cycle_4_42.graph,2,0.01,165,7093.130101258054,6134.650485436894,0.13512787755735117,114,14,128,Exact_structureO
query_cycle_4_42.graph,3,0.01,165,7093.130101258054,10665.103999999998,0.5035821770854604,114,12,126,Exact_structureO
query_cycle_4_42.graph,4,0.01,165,7093.130101258054,2000.5054080629302,0.7179657810438137,124,15,139,Exact_structureO
query_cycle_4_42.graph,5,0.01,165,7093.130101258054,4908.358208955224,0.308012381151071,133,25,158,Exact_structureO
query_cycle_4_42.graph,1,0.05,825,7093.130101258054,7868.637955429784,0.10933224727320079,432,79,511,Exact_structureO
query_cycle_4_42.graph,2,0.05,825,7093.130101258054,6835.322183837536,0.03634614249847091,421,94,515,Exact_structureO
query_cycle_4_42.graph,3,0.05,825,7093.130101258054,12544.343247126439,0.7685201128485638,429,93,522,Exact_structureO
query_cycle_4_42.graph,4,0.05,825,7093.130101258054,5259.383887307281,0.258524260484879,423,85,508,Exact_structureO
query_cycle_4_42.graph,5,0.05,825,7093.130101258054,5461.024453147388,0.2300966745021626,422,109,531,Exact_structureO
query_cycle_4_42.graph,1,0.075,1238,7093.130101258054,7650.047427041677,0.07851503043555434,594,144,738,Exact_structureO
query_cycle_4_42.graph,2,0.075,1238,7093.130101258054,6370.731820526044,0.10184478085406662,585,157,742,Exact_structureO
query_cycle_4_42.graph,3,0.075,1238,7093.130101258054,7679.6200055672125,0.08268421640893588,592,152,744,Exact_structureO
query_cycle_4_42.graph,4,0.075,1238,7093.130101258054,5303.663505290281,0.252281654279877,587,145,732,Exact_structureO
query_cycle_4_42.graph,5,0.075,1238,7093.130101258054,6637.0892473326485,0.06429331584437191,592,166,758,Exact_structureO
query_cycle_4_42.graph,1,0.1,1650,7093.130101258054,6393.411781609196,0.09864732630869902,749,214,963,Exact_structureO
query_cycle_4_42.graph,2,0.1,1650,7093.130101258054,5825.8407156158555,0.17866433683733354,735,211,946,Exact_structureO
query_cycle_4_42.graph,3,0.1,1650,7093.130101258054,8521.13881118881,0.2013227855044532,756,221,977,Exact_structureO
query_cycle_4_42.graph,4,0.1,1650,7093.130101258054,6550.808887560273,0.07645724890927821,751,206,957,Exact_structureO
query_cycle_4_42.graph,5,0.1,1650,7093.130101258054,6820.513305956478,0.03843392006206464,756,222,978,Exact_structureO
query_cycle_4_42.graph,1,0.125,2063,7093.130101258054,6709.067151129729,0.05414576423181739,900,297,1197,Exact_structureO
query_cycle_4_42.graph,2,0.125,2063,7093.130101258054,5398.044596391264,0.23897566809977808,899,285,1184,Exact_structureO
query_cycle_4_42.graph,3,0.125,2063,7093.130101258054,7662.057225290664,0.0802081896018943,899,280,1179,Exact_structureO
query_cycle_4_42.graph,4,0.125,2063,7093.130101258054,5392.488571130362,0.2397589647800288,883,272,1155,Exact_structureO
query_cycle_4_42.graph,5,0.125,2063,7093.130101258054,7161.903766825879,0.00969581335546442,886,277,1163,Exact_structureO
query_cycle_4_42.graph,1,0.15,2476,7093.130101258054,7261.810218553022,0.023780773070135933,1015,362,1377,Exact_structureO
query_cycle_4_42.graph,2,0.15,2476,7093.130101258054,6300.334930123916,0.11176943885373347,1029,357,1386,Exact_structureO
query_cycle_4_42.graph,3,0.15,2476,7093.130101258054,7533.14286565193,0.06203365201433908,1044,337,1381,Exact_structureO
query_cycle_4_42.graph,4,0.15,2476,7093.130101258054,5785.328981010493,0.18437574125640332,1032,340,1372,Exact_structureO
query_cycle_4_42.graph,5,0.15,2476,7093.130101258054,6244.033538146441,0.11970689258343302,1031,349,1380,Exact_structureO
query_cycle_4_42.graph,1,0.2,3301,7093.130101258054,7286.526901088929,0.027265367626144787,1261,471,1732,Exact_structureO
query_cycle_4_42.graph,2,0.2,3301,7093.130101258054,7282.235650906163,0.026660380811930735,1247,472,1719,Exact_structureO
query_cycle_4_42.graph,3,0.2,3301,7093.130101258054,6854.97939594686,0.03357483958583469,1255,449,1704,Exact_structureO
query_cycle_4_42.graph,4,0.2,3301,7093.130101258054,6333.428128874175,0.10710391062038138,1254,460,1714,Exact_structureO
query_cycle_4_42.graph,5,0.2,3301,7093.130101258054,6408.797486680565,0.09647822679244446,1267,445,1712,Exact_structureO
query_cycle_4_42.graph,1,0.3,4952,7093.130101258054,7216.58650942881,0.01740506749606345,1771,701,2472,Exact_structureO
query_cycle_4_42.graph,2,0.3,4952,7093.130101258054,7146.609675743134,0.007539629715179566,1769,682,2451,Exact_structureO
query_cycle_4_42.graph,3,0.3,4952,7093.130101258054,6941.325898765961,0.02140158157611813,1774,698,2472,Exact_structureO
query_cycle_4_42.graph,4,0.3,4952,7093.130101258054,6860.898680417984,0.032740330083453735,1751,685,2436,Exact_structureO
query_cycle_4_42.graph,5,0.3,4952,7093.130101258054,6262.548182014337,0.11709667063577524,1747,673,2420,Exact_structureO
query_cycle_4_42.graph,1,0.4,6603,7093.130101258054,7511.960001091185,0.059047260356728325,2149,859,3008,Exact_structureO
query_cycle_4_42.graph,2,0.4,6603,7093.130101258054,7262.5395811111375,0.02388359968514272,2172,843,3015,Exact_structureO
query_cycle_4_42.graph,3,0.4,6603,7093.130101258054,6669.602119013298,0.05970960298185402,2129,850,2979,Exact_structureO
query_cycle_4_42.graph,4,0.4,6603,7093.130101258054,7010.471090702164,0.01165338988230741,2154,861,3015,Exact_structureO
query_cycle_4_42.graph,5,0.4,6603,7093.130101258054,6340.227284838244,0.10614535553017336,2145,842,2987,Exact_structureO
query_cycle_4_42.graph,1,0.5,8254,7093.130101258054,7499.085987587517,0.057232262842248034,2484,988,3472,Exact_structureO
query_cycle_4_42.graph,2,0.5,8254,7093.130101258054,7010.373469055012,0.011667152726884933,2479,972,3451,Exact_structureO
query_cycle_4_42.graph,3,0.5,8254,7093.130101258054,6815.063045357993,0.039202305883370495,2481,995,3476,Exact_structureO
query_cycle_4_42.graph,4,0.5,8254,7093.130101258054,6964.447064285054,0.018141925375114294,2506,998,3504,Exact_structureO
query_cycle_4_42.graph,5,0.5,8254,7093.130101258054,6676.827699781568,0.05869092989040898,2484,975,3459,Exact_structureO
query_cycle_4_42.graph,1,0.6,9905,7093.130101258054,7771.504291637413,0.09563819931331033,2900,1114,4014,Exact_structureO
query_cycle_4_42.graph,2,0.6,9905,7093.130101258054,6865.045279586037,0.03215573638379525,2880,1102,3982,Exact_structureO
query_cycle_4_42.graph,3,0.6,9905,7093.130101258054,6580.587193958708,0.0722590591153038,2892,1124,4016,Exact_structureO
query_cycle_4_42.graph,4,0.6,9905,7093.130101258054,6988.256465199558,0.014785240727488644,2877,1125,4002,Exact_structureO
query_cycle_4_42.graph,5,0.6,9905,7093.130101258054,6868.495407517721,0.0316693322318297,2868,1091,3959,Exact_structureO
query_cycle_4_42.graph,1,0.7,11556,7093.130101258054,7585.265702969915,0.06938200691181094,3243,1244,4487,Exact_structureO
query_cycle_4_42.graph,2,0.7,11556,7093.130101258054,6843.4830719046495,0.03519560839707802,3234,1227,4461,Exact_structureO
query_cycle_4_42.graph,3,0.7,11556,7093.130101258054,6631.510639032657,0.06507979631496158,3264,1235,4499,Exact_structureO
query_cycle_4_42.graph,4,0.7,11556,7093.130101258054,7071.6068055473625,0.0030343861459519025,3273,1240,4513,Exact_structureO
query_cycle_4_42.graph,5,0.7,11556,7093.130101258054,7215.39807657885,0.01723752047056208,3274,1231,4505,Exact_structureO
query_cycle_4_42.graph,1,0.8,13207,7093.130101258054,7307.365680625747,0.03020324966684245,3619,1358,4977,Exact_structureO
query_cycle_4_42.graph,2,0.8,13207,7093.130101258054,7023.950198719521,0.009753085245999306,3633,1342,4975,Exact_structureO
query_cycle_4_42.graph,3,0.8,13207,7093.130101258054,7077.16788451321,0.0022503769868838486,3606,1343,4949,Exact_structureO
query_cycle_4_42.graph,4,0.8,13207,7093.130101258054,6901.407379335667,0.027029353640134486,3629,1360,4989,Exact_structureO
query_cycle_4_42.graph,5,0.8,13207,7093.130101258054,7159.833402678612,0.009403930347862566,3626,1337,4963,Exact_structureO
query_cycle_4_43.graph,1,0.01,470,5919.218995558593,5408.550395256917,0.08627296957332532,241,61,302,Exact_structureO
query_cycle_4_43.graph,2,0.01,470,5919.218995558593,8939.095622119818,0.5101816014624816,234,63,297,Exact_structureO
query_cycle_4_43.graph,3,0.01,470,5919.218995558593,12263.069956066238,1.0717378365739922,243,60,303,Exact_structureO
query_cycle_4_43.graph,4,0.01,470,5919.218995558593,3412.336368110236,0.42351577620786846,245,61,306,Exact_structureO
query_cycle_4_43.graph,5,0.01,470,5919.218995558593,2324.544698544699,0.6072886135334932,232,61,293,Exact_structureO
query_cycle_4_43.graph,1,0.05,2352,5919.218995558593,5868.477797001154,0.008572279315144786,635,203,838,Exact_structureO
query_cycle_4_43.graph,2,0.05,2352,5919.218995558593,8440.939205955334,0.4260224553761029,621,243,864,Exact_structureO
query_cycle_4_43.graph,3,0.05,2352,5919.218995558593,7058.113361935512,0.192406188592021,641,204,845,Exact_structureO
query_cycle_4_43.graph,4,0.05,2352,5919.218995558593,5761.473427331887,0.02664972665229446,651,238,889,Exact_structureO
query_cycle_4_43.graph,5,0.05,2352,5919.218995558593,4192.556818181819,0.2917043918585124,646,232,878,Exact_structureO
query_cycle_4_43.graph,1,0.075,3528,5919.218995558593,7356.69686746988,0.24284924632622645,817,305,1122,Exact_structureO
query_cycle_4_43.graph,2,0.075,3528,5919.218995558593,6767.716540362437,0.14334619912534116,784,318,1102,Exact_structureO
query_cycle_4_43.graph,3,0.075,3528,5919.218995558593,6759.887222672064,0.14202350474686873,816,280,1096,Exact_structureO
query_cycle_4_43.graph,4,0.075,3528,5919.218995558593,4822.56078017208,0.18527076227613404,783,307,1090,Exact_structureO
query_cycle_4_43.graph,5,0.075,3528,5919.218995558593,8412.372728391516,0.4211964001844885,793,294,1087,Exact_structureO
query_cycle_4_43.graph,1,0.1,4704,5919.218995558593,6602.929273356401,0.11550683938384791,926,347,1273,Exact_structureO
query_cycle_4_43.graph,2,0.1,4704,5919.218995558593,6282.403279292558,0.06135679115884646,912,376,1288,Exact_structureO
query_cycle_4_43.graph,3,0.1,4704,5919.218995558593,6992.2746987951805,0.1812833253917013,899,341,1240,Exact_structureO
query_cycle_4_43.graph,4,0.1,4704,5919.218995558593,4784.335376026694,0.19172860818014065,927,374,1301,Exact_structureO
query_cycle_4_43.graph,5,0.1,4704,5919.218995558593,8170.98192448393,0.3804155464791753,945,385,1330,Exact_structureO
query_cycle_4_43.graph,1,0.125,5880,5919.218995558593,7186.386676620238,0.21407683716592474,1048,416,1464,Exact_structureO
query_cycle_4_43.graph,2,0.125,5880,5919.218995558593,6111.675357668138,0.03251381005736601,1032,428,1460,Exact_structureO
query_cycle_4_43.graph,3,0.125,5880,5919.218995558593,6367.155967533666,0.07567501258378453,1018,397,1415,Exact_structureO
query_cycle_4_43.graph,4,0.125,5880,5919.218995558593,4410.005700222173,0.2549683153248491,1031,415,1446,Exact_structureO
query_cycle_4_43.graph,5,0.125,5880,5919.218995558593,6836.333034844902,0.1549383525046891,1056,431,1487,Exact_structureO
query_cycle_4_43.graph,1,0.15,7056,5919.218995558593,6655.809083636104,0.12444041834407583,1151,480,1631,Exact_structureO
query_cycle_4_43.graph,2,0.15,7056,5919.218995558593,5190.534532168102,0.12310483256950788,1141,492,1633,Exact_structureO
query_cycle_4_43.graph,3,0.15,7056,5919.218995558593,5767.536453358803,0.025625431718880997,1166,475,1641,Exact_structureO
query_cycle_4_43.graph,4,0.15,7056,5919.218995558593,5428.811689053719,0.0828500021494126,1155,477,1632,Exact_structureO
query_cycle_4_43.graph,5,0.15,7056,5919.218995558593,5674.008820744914,0.04142610283513223,1169,482,1651,Exact_structureO
query_cycle_4_43.graph,1,0.2,9408,5919.218995558593,5813.282400607749,0.017897056187705148,1353,571,1924,Exact_structureO
query_cycle_4_43.graph,2,0.2,9408,5919.218995558593,5409.433050603795,0.08612385271389839,1343,587,1930,Exact_structureO
query_cycle_4_43.graph,3,0.2,9408,5919.218995558593,6342.130831983867,0.07144723598545699,1354,574,1928,Exact_structureO
query_cycle_4_43.graph,4,0.2,9408,5919.218995558593,5286.41034672736,0.10690745676178773,1333,563,1896,Exact_structureO
query_cycle_4_43.graph,5,0.2,9408,5919.218995558593,6573.34772400224,0.11050929673905702,1368,571,1939,Exact_structureO
query_cycle_4_43.graph,1,0.3,14112,5919.218995558593,5906.951633645719,0.002072462924936261,1878,830,2708,Exact_structureO
query_cycle_4_43.graph,2,0.3,14112,5919.218995558593,5391.665326238184,0.08912555350904425,1867,863,2730,Exact_structureO
query_cycle_4_43.graph,3,0.3,14112,5919.218995558593,6303.986470342619,0.06500308149989578,1884,832,2716,Exact_structureO
query_cycle_4_43.graph,4,0.3,14112,5919.218995558593,5539.702880938217,0.06411591037688255,1878,816,2694,Exact_structureO
query_cycle_4_43.graph,5,0.3,14112,5919.218995558593,6959.71269769443,0.1757822616322454,1890,785,2675,Exact_structureO
query_cycle_4_43.graph,1,0.4,18816,5919.218995558593,5917.234500994516,0.0003352629064013524,2251,1006,3257,Exact_structureO
query_cycle_4_43.graph,2,0.4,18816,5919.218995558593,5546.760211069179,0.06292363650827644,2244,1047,3291,Exact_structureO
query_cycle_4_43.graph,3,0.4,18816,5919.218995558593,6197.670335919349,0.04704190545571779,2270,978,3248,Exact_structureO
query_cycle_4_43.graph,4,0.4,18816,5919.218995558593,5616.424698885236,0.05115443387050806,2240,1014,3254,Exact_structureO
query_cycle_4_43.graph,5,0.4,18816,5919.218995558593,6264.055923763662,0.05825716677551764,2269,976,3245,Exact_structureO
query_cycle_4_43.graph,1,0.5,23520,5919.218995558593,5739.657486226533,0.030335338068551095,2584,1152,3736,Exact_structureO
query_cycle_4_43.graph,2,0.5,23520,5919.218995558593,5796.358467598749,0.02075620585283817,2554,1185,3739,Exact_structureO
query_cycle_4_43.graph,3,0.5,23520,5919.218995558593,6029.451127480734,0.018622749387183037,2588,1139,3727,Exact_structureO
query_cycle_4_43.graph,4,0.5,23520,5919.218995558593,5507.621627702821,0.06953575601183343,2586,1161,3747,Exact_structureO
query_cycle_4_43.graph,5,0.5,23520,5919.218995558593,6113.211250163761,0.03277328558898192,2598,1112,3710,Exact_structureO
query_cycle_4_43.graph,1,0.6,28224,5919.218995558593,5716.383931552284,0.03426720048008084,2924,1282,4206,Exact_structureO
query_cycle_4_43.graph,2,0.6,28224,5919.218995558593,5865.615169796095,0.009055895009581278,2897,1331,4228,Exact_structureO
query_cycle_4_43.graph,3,0.6,28224,5919.218995558593,6097.826385802843,0.030174148038493942,2909,1278,4187,Exact_structureO
query_cycle_4_43.graph,4,0.6,28224,5919.218995558593,5872.588012749834,0.007877894506648206,2928,1302,4230,Exact_structureO
query_cycle_4_43.graph,5,0.6,28224,5919.218995558593,5986.471139340442,0.011361658325585066,2933,1255,4188,Exact_structureO
query_cycle_4_43.graph,1,0.7,32928,5919.218995558593,5972.255392104146,0.008960032832937706,3247,1405,4652,Exact_structureO
query_cycle_4_43.graph,2,0.7,32928,5919.218995558593,5496.494840984045,0.07141552878711412,3219,1472,4691,Exact_structureO
query_cycle_4_43.graph,3,0.7,32928,5919.218995558593,6259.5771816719225,0.05750052268191345,3241,1432,4673,Exact_structureO
query_cycle_4_43.graph,4,0.7,32928,5919.218995558593,6198.460406413417,0.04717538091838631,3236,1415,4651,Exact_structureO
query_cycle_4_43.graph,5,0.7,32928,5919.218995558593,5778.442099414995,0.02378301871399382,3237,1388,4625,Exact_structureO
query_cycle_4_43.graph,1,0.8,37632,5919.218995558593,6111.532842912052,0.032489733442496255,3507,1510,5017,Exact_structureO
query_cycle_4_43.graph,2,0.8,37632,5919.218995558593,5866.3515387865245,0.008931491943740648,3481,1544,5025,Exact_structureO
query_cycle_4_43.graph,3,0.8,37632,5919.218995558593,6572.9864128778645,0.11044825640170054,3500,1517,5017,Exact_structureO
query_cycle_4_43.graph,4,0.8,37632,5919.218995558593,6187.103665290164,0.04525675936852056,3491,1511,5002,Exact_structureO
query_cycle_4_43.graph,5,0.8,37632,5919.218995558593,5930.5292756387735,0.001910772365183188,3507,1485,4992,Exact_structureO
query_cycle_4_44.graph,1,0.01,430,769.35173553719,465.753017641597,0.39461627740867977,367,16,383,Exact_structureO
query_cycle_4_44.graph,2,0.01,430,769.35173553719,78.47301136363636,0.8980011251825621,380,15,395,Exact_structureO
query_cycle_4_44.graph,3,0.01,430,769.35173553719,84.67267267267268,0.8899428326972564,364,21,385,Exact_structureO
query_cycle_4_44.graph,4,0.01,430,769.35173553719,821.1790830945558,0.06736495826733659,361,13,374,Exact_structureO
query_cycle_4_44.graph,5,0.01,430,769.35173553719,258.21583104395603,0.6643721991948713,350,25,375,Exact_structureO
query_cycle_4_44.graph,1,0.05,2151,769.35173553719,759.6412291259214,0.012621673498258098,1157,75,1232,Exact_structureO
query_cycle_4_44.graph,2,0.05,2151,769.35173553719,293.3422889305817,0.6187149838223747,1190,76,1266,Exact_structureO
query_cycle_4_44.graph,3,0.05,2151,769.35173553719,525.4892517006801,0.3169713832727446,1157,73,1230,Exact_structureO
query_cycle_4_44.graph,4,0.05,2151,769.35173553719,855.0342710544938,0.11136978258387505,1178,75,1253,Exact_structureO
query_cycle_4_44.graph,5,0.05,2151,769.35173553719,1131.1219329742669,0.47022731050899025,1154,92,1246,Exact_structureO
query_cycle_4_44.graph,1,0.075,3227,769.35173553719,1110.4697243560777,0.44338366063567314,1514,108,1622,Exact_structureO
query_cycle_4_44.graph,2,0.075,3227,769.35173553719,1051.0572271386432,0.36615955822177465,1502,103,1605,Exact_structureO
query_cycle_4_44.graph,3,0.075,3227,769.35173553719,652.4196271625498,0.15198783985714145,1535,116,1651,Exact_structureO
query_cycle_4_44.graph,4,0.075,3227,769.35173553719,704.6396484899651,0.08411248595161815,1520,108,1628,Exact_structureO
query_cycle_4_44.graph,5,0.075,3227,769.35173553719,1107.1512810780034,0.4390703626670175,1501,124,1625,Exact_structureO
query_cycle_4_44.graph,1,0.1,4303,769.35173553719,1347.7469717362048,0.7517955825434743,1813,134,1947,Exact_structureO
query_cycle_4_44.graph,2,0.1,4303,769.35173553719,904.0078073089701,0.17502536947909547,1781,143,1924,Exact_structureO
query_cycle_4_44.graph,3,0.1,4303,769.35173553719,582.9302576740822,0.24230981650147498,1823,151,1974,Exact_structureO
query_cycle_4_44.graph,4,0.1,4303,769.35173553719,1147.90325450926,0.4920395983870124,1773,139,1912,Exact_structureO
query_cycle_4_44.graph,5,0.1,4303,769.35173553719,1029.5003091804947,0.33813997112992694,1792,159,1951,Exact_structureO
query_cycle_4_44.graph,1,0.125,5379,769.35173553719,1133.5090024143421,0.4733300128619115,2043,162,2205,Exact_structureO
query_cycle_4_44.graph,2,0.125,5379,769.35173553719,915.8521894736843,0.19042064529067737,2031,177,2208,Exact_structureO
query_cycle_4_44.graph,3,0.125,5379,769.35173553719,568.1260216018716,0.2615522973959566,2058,181,2239,Exact_structureO
query_cycle_4_44.graph,4,0.125,5379,769.35173553719,979.2972222222222,0.27288621964105975,2052,188,2240,Exact_structureO
query_cycle_4_44.graph,5,0.125,5379,769.35173553719,908.6930416750284,0.18111521648878207,2040,194,2234,Exact_structureO
query_cycle_4_44.graph,1,0.15,6454,769.35173553719,1199.0711203575281,0.5585473652311864,2241,194,2435,Exact_structureO
query_cycle_4_44.graph,2,0.15,6454,769.35173553719,798.9033033033031,0.03841099772846949,2235,211,2446,Exact_structureO
query_cycle_4_44.graph,3,0.15,6454,769.35173553719,503.70256625417255,0.3452896211347744,2265,219,2484,Exact_structureO
query_cycle_4_44.graph,4,0.15,6454,769.35173553719,984.45722210665,0.27959316478212043,2240,203,2443,Exact_structureO
query_cycle_4_44.graph,5,0.15,6454,769.35173553719,792.734350193927,0.030392619625937794,2224,217,2441,Exact_structureO
query_cycle_4_44.graph,1,0.2,8606,769.35173553719,988.9952773477711,0.28549170901293636,2590,264,2854,Exact_structureO
query_cycle_4_44.graph,2,0.2,8606,769.35173553719,749.4695187804605,0.025842817840460282,2569,255,2824,Exact_structureO
query_cycle_4_44.graph,3,0.2,8606,769.35173553719,549.7478906851088,0.2854401110809813,2583,267,2850,Exact_structureO
query_cycle_4_44.graph,4,0.2,8606,769.35173553719,864.958474664267,0.12426921876028621,2579,258,2837,Exact_structureO
query_cycle_4_44.graph,5,0.2,8606,769.35173553719,850.95711448246,0.10607031241476315,2562,269,2831,Exact_structureO
query_cycle_4_44.graph,1,0.3,12909,769.35173553719,656.6204734822759,0.1465275982983271,3521,487,4008,Exact_structureO
query_cycle_4_44.graph,2,0.3,12909,769.35173553719,554.8868569254242,0.27876050537797054,3493,477,3970,Exact_structureO
query_cycle_4_44.graph,3,0.3,12909,769.35173553719,1046.550669985224,0.3603019550667333,3497,471,3968,Exact_structureO
query_cycle_4_44.graph,4,0.3,12909,769.35173553719,1062.0029558378599,0.38038676821379996,3503,457,3960,Exact_structureO
query_cycle_4_44.graph,5,0.3,12909,769.35173553719,1018.0475942782836,0.3232537827024525,3521,508,4029,Exact_structureO
query_cycle_4_44.graph,1,0.4,17213,769.35173553719,710.6413539331613,0.07631149562954447,4120,668,4788,Exact_structureO
query_cycle_4_44.graph,2,0.4,17213,769.35173553719,538.8620031561364,0.29958953978327885,4127,678,4805,Exact_structureO
query_cycle_4_44.graph,3,0.4,17213,769.35173553719,906.7640297176648,0.1786078952360176,4110,656,4766,Exact_structureO
query_cycle_4_44.graph,4,0.4,17213,769.35173553719,804.6955694320548,0.045939759751352637,4107,642,4749,Exact_structureO
query_cycle_4_44.graph,5,0.4,17213,769.35173553719,958.8873572662342,0.24635756699333797,4123,699,4822,Exact_structureO
query_cycle_4_44.graph,1,0.5,21516,769.35173553719,650.293381381731,0.15475152476562368,4521,815,5336,Exact_structureO
query_cycle_4_44.graph,2,0.5,21516,769.35173553719,626.8891237242414,0.18517227586869092,4561,837,5398,Exact_structureO
query_cycle_4_44.graph,3,0.5,21516,769.35173553719,852.4513542158729,0.10801251864423185,4545,830,5375,Exact_structureO
query_cycle_4_44.graph,4,0.5,21516,769.35173553719,837.0539921179272,0.08799909515179678,4555,792,5347,Exact_structureO
query_cycle_4_44.graph,5,0.5,21516,769.35173553719,892.5074732960322,0.16007728594106602,4530,844,5374,Exact_structureO
query_cycle_4_44.graph,1,0.6,25819,769.35173553719,705.2254091102761,0.08335111687522032,5019,1007,6026,Exact_structureO
query_cycle_4_44.graph,2,0.6,25819,769.35173553719,711.3894158978918,0.07533916797994455,4989,1033,6022,Exact_structureO
query_cycle_4_44.graph,3,0.6,25819,769.35173553719,837.5515209484515,0.08864578093613039,4985,1022,6007,Exact_structureO
query_cycle_4_44.graph,4,0.6,25819,769.35173553719,793.169188021148,0.030957819920075572,4993,1000,5993,Exact_structureO
query_cycle_4_44.graph,5,0.6,25819,769.35173553719,850.081704667735,0.10493245859018738,4992,1038,6030,Exact_structureO
query_cycle_4_44.graph,1,0.7,30123,769.35173553719,707.1587957914296,0.08083810937572658,5312,1179,6491,Exact_structureO
query_cycle_4_44.graph,2,0.7,30123,769.35173553719,702.6369012899313,0.08671564794830282,5325,1214,6539,Exact_structureO
query_cycle_4_44.graph,3,0.7,30123,769.35173553719,765.3480519204772,0.005203970345133861,5324,1204,6528,Exact_structureO
query_cycle_4_44.graph,4,0.7,30123,769.35173553719,774.7366635161624,0.006999305688460372,5328,1162,6490,Exact_structureO
query_cycle_4_44.graph,5,0.7,30123,769.35173553719,797.7923544010448,0.03696699123450531,5284,1192,6476,Exact_structureO
query_cycle_4_44.graph,1,0.8,34426,769.35173553719,684.5891155722044,0.11017408039744168,5581,1313,6894,Exact_structureO
query_cycle_4_44.graph,2,0.8,34426,769.35173553719,695.1850529932436,0.09640152756938994,5593,1362,6955,Exact_structureO
query_cycle_4_44.graph,3,0.8,34426,769.35173553719,829.0341853642889,0.0775749856279018,5586,1355,6941,Exact_structureO
query_cycle_4_44.graph,4,0.8,34426,769.35173553719,770.8739831976696,0.0019786108098095116,5588,1326,6914,Exact_structureO
query_cycle_4_44.graph,5,0.8,34426,769.35173553719,761.9719830715607,0.009592169777165156,5605,1342,6947,Exact_structureO
query_cycle_4_45.graph,1,0.01,110,6297.225078424538,3433.8764880952385,0.4547000551305786,92,13,105,Exact_structureO
query_cycle_4_45.graph,2,0.01,110,6297.225078424538,10427.895238095241,0.6559508526736874,83,13,96,Exact_structureO
query_cycle_4_45.graph,3,0.01,110,6297.225078424538,9236.713043478261,0.466790995787169,102,11,113,Exact_structureO
query_cycle_4_45.graph,4,0.01,110,6297.225078424538,2100.3671875,0.6664614713080135,87,18,105,Exact_structureO
query_cycle_4_45.graph,5,0.01,110,6297.225078424538,7507.7922077922085,0.19223818654907193,90,16,106,Exact_structureO
query_cycle_4_45.graph,1,0.05,554,6297.225078424538,5431.48261682243,0.13747999330185964,333,77,410,Exact_structureO
query_cycle_4_45.graph,2,0.05,554,6297.225078424538,4652.3801220575415,0.2612015508231619,366,77,443,Exact_structureO
query_cycle_4_45.graph,3,0.05,554,6297.225078424538,6937.931409907457,0.10174423234101923,347,75,422,Exact_structureO
query_cycle_4_45.graph,4,0.05,554,6297.225078424538,2700.7686424474186,0.5711176575694026,337,79,416,Exact_structureO
query_cycle_4_45.graph,5,0.05,554,6297.225078424538,7540.381851179673,0.19741342532195974,338,70,408,Exact_structureO
query_cycle_4_45.graph,1,0.075,831,6297.225078424538,5970.117355660213,0.05194474053104062,475,123,598,Exact_structureO
query_cycle_4_45.graph,2,0.075,831,6297.225078424538,4108.590341461555,0.34755542476346474,475,123,598,Exact_structureO
query_cycle_4_45.graph,3,0.075,831,6297.225078424538,6742.47257836494,0.07070534948256856,494,124,618,Exact_structureO
query_cycle_4_45.graph,4,0.075,831,6297.225078424538,3583.150007538067,0.430995404656155,483,117,600,Exact_structureO
query_cycle_4_45.graph,5,0.075,831,6297.225078424538,7381.8015953263675,0.1722308641337579,481,105,586,Exact_structureO
query_cycle_4_45.graph,1,0.1,1108,6297.225078424538,6440.621267418714,0.022771329785476083,620,162,782,Exact_structureO
query_cycle_4_45.graph,2,0.1,1108,6297.225078424538,5031.366538952747,0.201018468247047,613,171,784,Exact_structureO
query_cycle_4_45.graph,3,0.1,1108,6297.225078424538,6813.731060606061,0.08202120390315544,607,170,777,Exact_structureO
query_cycle_4_45.graph,4,0.1,1108,6297.225078424538,3555.8035972342655,0.43533801746786716,623,162,785,Exact_structureO
query_cycle_4_45.graph,5,0.1,1108,6297.225078424538,6914.85576923077,0.09807981819203983,624,143,767,Exact_structureO
query_cycle_4_45.graph,1,0.125,1385,6297.225078424538,5436.220865202731,0.1367275589643075,765,213,978,Exact_structureO
query_cycle_4_45.graph,2,0.125,1385,6297.225078424538,4889.4654051544,0.22355238311131417,752,218,970,Exact_structureO
query_cycle_4_45.graph,3,0.125,1385,6297.225078424538,6562.835073405084,0.042178894937482045,745,207,952,Exact_structureO
query_cycle_4_45.graph,4,0.125,1385,6297.225078424538,4010.2785610111814,0.3631673457645432,747,204,951,Exact_structureO
query_cycle_4_45.graph,5,0.125,1385,6297.225078424538,6320.303083804144,0.003664789664049907,754,182,936,Exact_structureO
query_cycle_4_45.graph,1,0.15,1662,6297.225078424538,5901.807095404424,0.0627924169925082,872,255,1127,Exact_structureO
query_cycle_4_45.graph,2,0.15,1662,6297.225078424538,5246.117597004765,0.16691597780442405,869,271,1140,Exact_structureO
query_cycle_4_45.graph,3,0.15,1662,6297.225078424538,6365.1858138744055,0.010792171885790404,872,244,1116,Exact_structureO
query_cycle_4_45.graph,4,0.15,1662,6297.225078424538,4520.586588258492,0.2821303777521212,870,235,1105,Exact_structureO
query_cycle_4_45.graph,5,0.15,1662,6297.225078424538,6115.215879588551,0.028903079780264573,893,221,1114,Exact_structureO
query_cycle_4_45.graph,1,0.2,2216,6297.225078424538,6002.2382298485745,0.0468439423559185,1095,301,1396,Exact_structureO
query_cycle_4_45.graph,2,0.2,2216,6297.225078424538,6055.756423984291,0.038345247538882334,1081,346,1427,Exact_structureO
query_cycle_4_45.graph,3,0.2,2216,6297.225078424538,6414.892367431416,0.018685577780922513,1116,303,1419,Exact_structureO
query_cycle_4_45.graph,4,0.2,2216,6297.225078424538,4481.817974263179,0.2882868377027336,1110,307,1417,Exact_structureO
query_cycle_4_45.graph,5,0.2,2216,6297.225078424538,5652.379094297723,0.10240160961312579,1110,302,1412,Exact_structureO
query_cycle_4_45.graph,1,0.3,3324,6297.225078424538,6436.078808534159,0.022049986840292538,1590,428,2018,Exact_structureO
query_cycle_4_45.graph,2,0.3,3324,6297.225078424538,5806.1495747719355,0.07798284125735291,1563,481,2044,Exact_structureO
query_cycle_4_45.graph,3,0.3,3324,6297.225078424538,6757.174435359419,0.07304000590843615,1586,458,2044,Exact_structureO
query_cycle_4_45.graph,4,0.3,3324,6297.225078424538,5390.017145908874,0.14406471441269053,1586,459,2045,Exact_structureO
query_cycle_4_45.graph,5,0.3,3324,6297.225078424538,5802.63584252965,0.0785408223043261,1576,444,2020,Exact_structureO
query_cycle_4_45.graph,1,0.4,4432,6297.225078424538,6115.581766915359,0.02884497683456199,1953,525,2478,Exact_structureO
query_cycle_4_45.graph,2,0.4,4432,6297.225078424538,6094.1599058851025,0.03224677060300329,1960,564,2524,Exact_structureO
query_cycle_4_45.graph,3,0.4,4432,6297.225078424538,6691.65571130646,0.06263562568746583,1951,543,2494,Exact_structureO
query_cycle_4_45.graph,4,0.4,4432,6297.225078424538,5554.025716255479,0.11802013631613677,1968,540,2508,Exact_structureO
query_cycle_4_45.graph,5,0.4,4432,6297.225078424538,6524.658867108423,0.03611650939127382,1961,566,2527,Exact_structureO
query_cycle_4_45.graph,1,0.5,5541,6297.225078424538,6372.498073137058,0.011953359420234027,2338,615,2953,Exact_structureO
query_cycle_4_45.graph,2,0.5,5541,6297.225078424538,6524.428934205464,0.0360799960222748,2330,649,2979,Exact_structureO
query_cycle_4_45.graph,3,0.5,5541,6297.225078424538,6586.112646903357,0.04587537603961489,2331,625,2956,Exact_structureO
query_cycle_4_45.graph,4,0.5,5541,6297.225078424538,5749.221436792153,0.08702303551288755,2340,632,2972,Exact_structureO
query_cycle_4_45.graph,5,0.5,5541,6297.225078424538,6257.851007183402,0.006252606624470072,2362,646,3008,Exact_structureO
query_cycle_4_45.graph,1,0.6,6649,6297.225078424538,6482.285142796219,0.0293875575458992,2750,706,3456,Exact_structureO
query_cycle_4_45.graph,2,0.6,6649,6297.225078424538,6324.101978442058,0.00426805452922511,2775,743,3518,Exact_structureO
query_cycle_4_45.graph,3,0.6,6649,6297.225078424538,6570.814992668053,0.04344610694969193,2757,709,3466,Exact_structureO
query_cycle_4_45.graph,4,0.6,6649,6297.225078424538,5961.143095318955,0.053369854010310434,2745,713,3458,Exact_structureO
query_cycle_4_45.graph,5,0.6,6649,6297.225078424538,6281.493625675191,0.002498156339249506,2747,716,3463,Exact_structureO
query_cycle_4_45.graph,1,0.7,7757,6297.225078424538,6600.9768648381,0.0482358153997499,3164,799,3963,Exact_structureO
query_cycle_4_45.graph,2,0.7,7757,6297.225078424538,6098.757749226255,0.03151663260032876,3138,810,3948,Exact_structureO
query_cycle_4_45.graph,3,0.7,7757,6297.225078424538,6338.0498069912765,0.006482971159251014,3151,790,3941,Exact_structureO
query_cycle_4_45.graph,4,0.7,7757,6297.225078424538,5884.018201105364,0.0656172952646869,3146,796,3942,Exact_structureO
query_cycle_4_45.graph,5,0.7,7757,6297.225078424538,6229.098096213222,0.010818571888867687,3156,802,3958,Exact_structureO
query_cycle_4_45.graph,1,0.8,8865,6297.225078424538,6307.116247709923,0.001570718715339287,3580,866,4446,Exact_structureO
query_cycle_4_45.graph,2,0.8,8865,6297.225078424538,6181.261522811667,0.018415024740053076,3572,875,4447,Exact_structureO
query_cycle_4_45.graph,3,0.8,8865,6297.225078424538,6370.418458941776,0.011623116468873337,3586,857,4443,Exact_structureO
query_cycle_4_45.graph,4,0.8,8865,6297.225078424538,6189.249147249199,0.017146589145318036,3611,861,4472,Exact_structureO
query_cycle_4_45.graph,5,0.8,8865,6297.225078424538,6047.125553932534,0.039715830604323085,3590,873,4463,Exact_structureO
query_cycle_4_46.graph,1,0.01,535,332.0472189173111,229.82252559726962,0.3078619169085655,304,36,340,Exact_structureO
query_cycle_4_46.graph,2,0.01,535,332.0472189173111,158.436320754717,0.5228500293683471,294,33,327,Exact_structureO
query_cycle_4_46.graph,3,0.01,535,332.0472189173111,123.1275720164609,0.6291865584119738,312,23,335,Exact_structureO
query_cycle_4_46.graph,4,0.01,535,332.0472189173111,316.9901761517615,0.045346089073250884,312,45,357,Exact_structureO
query_cycle_4_46.graph,5,0.01,535,332.0472189173111,173.8993710691824,0.4762811998961867,292,23,315,Exact_structureO
query_cycle_4_46.graph,1,0.05,2678,332.0472189173111,408.5735294117647,0.23046815673981216,810,99,909,Exact_structureO
query_cycle_4_46.graph,2,0.05,2678,332.0472189173111,363.17365269461084,0.09374098623319914,796,135,931,Exact_structureO
query_cycle_4_46.graph,3,0.05,2678,332.0472189173111,138.05897866219135,0.5842188375727013,830,121,951,Exact_structureO
query_cycle_4_46.graph,4,0.05,2678,332.0472189173111,197.78870142904938,0.4043356180667057,798,139,937,Exact_structureO
query_cycle_4_46.graph,5,0.05,2678,332.0472189173111,550.5981984478937,0.6581924710684228,825,100,925,Exact_structureO
query_cycle_4_46.graph,1,0.075,4018,332.0472189173111,449.35791565466985,0.3532952244559299,1036,143,1179,Exact_structureO
query_cycle_4_46.graph,2,0.075,4018,332.0472189173111,393.6672996533443,0.18557625911445524,1001,173,1174,Exact_structureO
query_cycle_4_46.graph,3,0.075,4018,332.0472189173111,185.61714576074334,0.44099171688299216,1027,152,1179,Exact_structureO
query_cycle_4_46.graph,4,0.075,4018,332.0472189173111,235.99475544407707,0.2892735069019016,1006,164,1170,Exact_structureO
query_cycle_4_46.graph,5,0.075,4018,332.0472189173111,405.6514076011733,0.221667836652448,1057,156,1213,Exact_structureO
query_cycle_4_46.graph,1,0.1,5357,332.0472189173111,568.395737634868,0.7117918935993686,1216,182,1398,Exact_structureO
query_cycle_4_46.graph,2,0.1,5357,332.0472189173111,360.5029663676676,0.08569789424269436,1208,217,1425,Exact_structureO
query_cycle_4_46.graph,3,0.1,5357,332.0472189173111,197.1189887248282,0.40635253814935207,1218,187,1405,Exact_structureO
query_cycle_4_46.graph,4,0.1,5357,332.0472189173111,195.84553799082101,0.41018768767464986,1228,206,1434,Exact_structureO
query_cycle_4_46.graph,5,0.1,5357,332.0472189173111,306.0851466537874,0.07818789251774763,1215,198,1413,Exact_structureO
query_cycle_4_46.graph,1,0.125,6697,332.0472189173111,545.5515173566192,0.6429937860508826,1424,228,1652,Exact_structureO
query_cycle_4_46.graph,2,0.125,6697,332.0472189173111,340.8292716257459,0.026448204376082272,1432,253,1685,Exact_structureO
query_cycle_4_46.graph,3,0.125,6697,332.0472189173111,233.92594921126215,0.2955039648456862,1413,247,1660,Exact_structureO
query_cycle_4_46.graph,4,0.125,6697,332.0472189173111,195.37200436746429,0.4116137909406274,1426,242,1668,Exact_structureO
query_cycle_4_46.graph,5,0.125,6697,332.0472189173111,307.27180770397337,0.07461412052816352,1414,241,1655,Exact_structureO
query_cycle_4_46.graph,1,0.15,8036,332.0472189173111,533.16373873473,0.605686505892713,1597,261,1858,Exact_structureO
query_cycle_4_46.graph,2,0.15,8036,332.0472189173111,329.02125184428553,0.009113062542406453,1623,280,1903,Exact_structureO
query_cycle_4_46.graph,3,0.15,8036,332.0472189173111,228.51488776912507,0.3118000249656313,1584,284,1868,Exact_structureO
query_cycle_4_46.graph,4,0.15,8036,332.0472189173111,175.98147988299047,0.47001067963525184,1588,280,1868,Exact_structureO
query_cycle_4_46.graph,5,0.15,8036,332.0472189173111,331.2009365811866,0.0025486806933180074,1624,289,1913,Exact_structureO
query_cycle_4_46.graph,1,0.2,10715,332.0472189173111,433.2968915556508,0.30492552525655586,1919,355,2274,Exact_structureO
query_cycle_4_46.graph,2,0.2,10715,332.0472189173111,458.4942894567516,0.38081050927557764,1927,355,2282,Exact_structureO
query_cycle_4_46.graph,3,0.2,10715,332.0472189173111,210.7505927234661,0.3652993287802576,1930,367,2297,Exact_structureO
query_cycle_4_46.graph,4,0.2,10715,332.0472189173111,225.06411268144535,0.3221924477630017,1921,365,2286,Exact_structureO
query_cycle_4_46.graph,5,0.2,10715,332.0472189173111,297.0382558967913,0.10543368842139883,1896,373,2269,Exact_structureO
query_cycle_4_46.graph,1,0.3,16073,332.0472189173111,358.36849517207787,0.07926967839270317,2861,637,3498,Exact_structureO
query_cycle_4_46.graph,2,0.3,16073,332.0472189173111,365.02527758175216,0.09931737652244421,2849,645,3494,Exact_structureO
query_cycle_4_46.graph,3,0.3,16073,332.0472189173111,269.2317709449325,0.1891762508272095,2852,656,3508,Exact_structureO
query_cycle_4_46.graph,4,0.3,16073,332.0472189173111,255.16523604572055,0.23153930673557693,2853,699,3552,Exact_structureO
query_cycle_4_46.graph,5,0.3,16073,332.0472189173111,301.36278386491773,0.0924098540937777,2808,650,3458,Exact_structureO
query_cycle_4_46.graph,1,0.4,21431,332.0472189173111,356.37673225724615,0.07327124563568096,3312,812,4124,Exact_structureO
query_cycle_4_46.graph,2,0.4,21431,332.0472189173111,312.08411100961484,0.06012129230532008,3314,809,4123,Exact_structureO
query_cycle_4_46.graph,3,0.4,21431,332.0472189173111,244.55271526647186,0.2635001851126113,3313,836,4149,Exact_structureO
query_cycle_4_46.graph,4,0.4,21431,332.0472189173111,298.09501408972034,0.1022511344570117,3311,859,4170,Exact_structureO
query_cycle_4_46.graph,5,0.4,21431,332.0472189173111,312.3631402407918,0.05928096233030403,3320,824,4144,Exact_structureO
query_cycle_4_46.graph,1,0.5,26789,332.0472189173111,334.99854105255105,0.008888260365086493,3603,922,4525,Exact_structureO
query_cycle_4_46.graph,2,0.5,26789,332.0472189173111,344.80539748369836,0.03842278398833505,3630,946,4576,Exact_structureO
query_cycle_4_46.graph,3,0.5,26789,332.0472189173111,244.9719068381232,0.26223773944895484,3632,984,4616,Exact_structureO
query_cycle_4_46.graph,4,0.5,26789,332.0472189173111,290.757413581564,0.1243491978953434,3625,959,4584,Exact_structureO
query_cycle_4_46.graph,5,0.5,26789,332.0472189173111,347.07394250133865,0.04525477922394406,3645,990,4635,Exact_structureO
query_cycle_4_46.graph,1,0.6,32147,332.0472189173111,317.6003885213717,0.04350836138018388,3924,1085,5009,Exact_structureO
query_cycle_4_46.graph,2,0.6,32147,332.0472189173111,327.9938833224084,0.01220710598968184,3924,1105,5029,Exact_structureO
query_cycle_4_46.graph,3,0.6,32147,332.0472189173111,256.1323031735948,0.2286268681642572,3917,1134,5051,Exact_structureO
query_cycle_4_46.graph,4,0.6,32147,332.0472189173111,281.06170970584003,0.15354897227483744,3903,1130,5033,Exact_structureO
query_cycle_4_46.graph,5,0.6,32147,332.0472189173111,350.2225750908743,0.054737263672397514,3921,1114,5035,Exact_structureO
query_cycle_4_46.graph,1,0.7,37505,332.0472189173111,330.70845204178534,0.00403185691448049,4171,1197,5368,Exact_structureO
query_cycle_4_46.graph,2,0.7,37505,332.0472189173111,311.49754681523797,0.061887800684126734,4143,1220,5363,Exact_structureO
query_cycle_4_46.graph,3,0.7,37505,332.0472189173111,270.08814142714425,0.18659718847275267,4134,1250,5384,Exact_structureO
query_cycle_4_46.graph,4,0.7,37505,332.0472189173111,266.0409349542187,0.19878583587694434,4144,1245,5389,Exact_structureO
query_cycle_4_46.graph,5,0.7,37505,332.0472189173111,339.5824945516099,0.022693385774675848,4144,1234,5378,Exact_structureO
query_cycle_4_46.graph,1,0.8,42863,332.0472189173111,325.6797410609919,0.01917642279035291,4450,1366,5816,Exact_structureO
query_cycle_4_46.graph,2,0.8,42863,332.0472189173111,315.16701165997415,0.05083676747053436,4434,1381,5815,Exact_structureO
query_cycle_4_46.graph,3,0.8,42863,332.0472189173111,326.3654380236988,0.017111364197353006,4434,1406,5840,Exact_structureO
query_cycle_4_46.graph,4,0.8,42863,332.0472189173111,272.9598661925725,0.17794864512764666,4440,1409,5849,Exact_structureO
query_cycle_4_46.graph,5,0.8,42863,332.0472189173111,326.8076891768607,0.015779471839983038,4422,1406,5828,Exact_structureO
query_cycle_4_47.graph,1,0.01,110,6637.503195987806,5788.125,0.12796652158318095,91,7,98,Exact_structureO
query_cycle_4_47.graph,2,0.01,110,6637.503195987806,10484.090909090908,0.5795232935523499,85,17,102,Exact_structureO
query_cycle_4_47.graph,3,0.01,110,6637.503195987806,725.1317647058823,0.8907523291070948,92,10,102,Exact_structureO
query_cycle_4_47.graph,4,0.01,110,6637.503195987806,5358.924999999999,0.1926293906360261,89,12,101,Exact_structureO
query_cycle_4_47.graph,5,0.01,110,6637.503195987806,12153.666666666668,0.8310600097357747,88,18,106,Exact_structureO
query_cycle_4_47.graph,1,0.05,554,6637.503195987806,8431.89620577808,0.2703415662194989,347,68,415,Exact_structureO
query_cycle_4_47.graph,2,0.05,554,6637.503195987806,4072.51614481409,0.3864385410351565,332,65,397,Exact_structureO
query_cycle_4_47.graph,3,0.05,554,6637.503195987806,5882.890805119361,0.11368919435317003,341,75,416,Exact_structureO
query_cycle_4_47.graph,4,0.05,554,6637.503195987806,5569.251828631138,0.16094174809624162,355,70,425,Exact_structureO
query_cycle_4_47.graph,5,0.05,554,6637.503195987806,9504.444680851062,0.43193071253001364,343,75,418,Exact_structureO
query_cycle_4_47.graph,1,0.075,831,6637.503195987806,6796.073456054387,0.023890046510626525,492,114,606,Exact_structureO
query_cycle_4_47.graph,2,0.075,831,6637.503195987806,4858.9090297594785,0.267961327280933,472,108,580,Exact_structureO
query_cycle_4_47.graph,3,0.075,831,6637.503195987806,5898.341025597357,0.11136147864113319,479,116,595,Exact_structureO
query_cycle_4_47.graph,4,0.075,831,6637.503195987806,5047.761772448084,0.23950895036866848,469,129,598,Exact_structureO
query_cycle_4_47.graph,5,0.075,831,6637.503195987806,9541.022356902358,0.43744147086356994,479,112,591,Exact_structureO
query_cycle_4_47.graph,1,0.1,1109,6637.503195987806,6093.52018107971,0.08195597031680821,632,172,804,Exact_structureO
query_cycle_4_47.graph,2,0.1,1109,6637.503195987806,6075.628551976208,0.0846515063602887,609,153,762,Exact_structureO
query_cycle_4_47.graph,3,0.1,1109,6637.503195987806,7464.817719105772,0.12464242934271665,617,152,769,Exact_structureO
query_cycle_4_47.graph,4,0.1,1109,6637.503195987806,5550.475037962855,0.16377064175005304,612,173,785,Exact_structureO
query_cycle_4_47.graph,5,0.1,1109,6637.503195987806,8773.676088971271,0.3218338025471272,621,156,777,Exact_structureO
query_cycle_4_47.graph,1,0.125,1386,6637.503195987806,7935.307829810228,0.19552602770977354,758,211,969,Exact_structureO
query_cycle_4_47.graph,2,0.125,1386,6637.503195987806,6344.544336400995,0.0441369067458825,757,204,961,Exact_structureO
query_cycle_4_47.graph,3,0.125,1386,6637.503195987806,6574.970755145278,0.009421078829811615,763,199,962,Exact_structureO
query_cycle_4_47.graph,4,0.125,1386,6637.503195987806,5809.186132268791,0.12479347116845242,741,210,951,Exact_structureO
query_cycle_4_47.graph,5,0.125,1386,6637.503195987806,7569.006999265105,0.14033948847517969,750,197,947,Exact_structureO
query_cycle_4_47.graph,1,0.15,1663,6637.503195987806,7386.615628822137,0.11286057583929296,882,255,1137,Exact_structureO
query_cycle_4_47.graph,2,0.15,1663,6637.503195987806,6569.886212238081,0.010187111290672997,871,250,1121,Exact_structureO
query_cycle_4_47.graph,3,0.15,1663,6637.503195987806,6198.2575560610985,0.06617633573302381,894,245,1139,Exact_structureO
query_cycle_4_47.graph,4,0.15,1663,6637.503195987806,6186.305609227276,0.06797700482212447,881,239,1120,Exact_structureO
query_cycle_4_47.graph,5,0.15,1663,6637.503195987806,7324.313897134548,0.10347425543416697,884,246,1130,Exact_structureO
query_cycle_4_47.graph,1,0.2,2218,6637.503195987806,7305.206350258817,0.10059553036066632,1088,327,1415,Exact_structureO
query_cycle_4_47.graph,2,0.2,2218,6637.503195987806,6007.947050508204,0.0948483378298262,1086,330,1416,Exact_structureO
query_cycle_4_47.graph,3,0.2,2218,6637.503195987806,5697.867817499184,0.1415645839623259,1091,324,1415,Exact_structureO
query_cycle_4_47.graph,4,0.2,2218,6637.503195987806,5841.662666339182,0.11990058703545164,1093,326,1419,Exact_structureO
query_cycle_4_47.graph,5,0.2,2218,6637.503195987806,6614.124805498979,0.003522166362640472,1095,326,1421,Exact_structureO
query_cycle_4_47.graph,1,0.3,3327,6637.503195987806,7195.156355946929,0.08401550153621155,1561,468,2029,Exact_structureO
query_cycle_4_47.graph,2,0.3,3327,6637.503195987806,7143.869984429273,0.07628874495270337,1558,461,2019,Exact_structureO
query_cycle_4_47.graph,3,0.3,3327,6637.503195987806,6538.914997306349,0.014853205455486847,1571,493,2064,Exact_structureO
query_cycle_4_47.graph,4,0.3,3327,6637.503195987806,6230.160187863313,0.06136991517694806,1565,473,2038,Exact_structureO
query_cycle_4_47.graph,5,0.3,3327,6637.503195987806,6565.11826865314,0.010905445194876994,1555,480,2035,Exact_structureO
query_cycle_4_47.graph,1,0.4,4437,6637.503195987806,7060.865234116082,0.06378332719812284,1944,586,2530,Exact_structureO
query_cycle_4_47.graph,2,0.4,4437,6637.503195987806,6684.251521018216,0.007043058760207974,1964,583,2547,Exact_structureO
query_cycle_4_47.graph,3,0.4,4437,6637.503195987806,6644.5019955860125,0.0010544325767612509,1959,586,2545,Exact_structureO
query_cycle_4_47.graph,4,0.4,4437,6637.503195987806,6332.996769483764,0.04587665233639479,1995,580,2575,Exact_structureO
query_cycle_4_47.graph,5,0.4,4437,6637.503195987806,6750.121512613203,0.016966969852982003,1952,575,2527,Exact_structureO
query_cycle_4_47.graph,1,0.5,5546,6637.503195987806,6493.230935247988,0.021735923355491103,2326,683,3009,Exact_structureO
query_cycle_4_47.graph,2,0.5,5546,6637.503195987806,6526.716954339953,0.016690951156877815,2327,667,2994,Exact_structureO
query_cycle_4_47.graph,3,0.5,5546,6637.503195987806,6361.733295883943,0.04154723424774519,2315,684,2999,Exact_structureO
query_cycle_4_47.graph,4,0.5,5546,6637.503195987806,6884.194133673292,0.03716622507008413,2330,665,2995,Exact_structureO
query_cycle_4_47.graph,5,0.5,5546,6637.503195987806,6473.305197679917,0.024737916270555226,2342,681,3023,Exact_structureO
query_cycle_4_47.graph,1,0.6,6655,6637.503195987806,6779.854712472661,0.021446545829296577,2743,749,3492,Exact_structureO
query_cycle_4_47.graph,2,0.6,6655,6637.503195987806,6619.101724952889,0.0027723483502110624,2733,747,3480,Exact_structureO
query_cycle_4_47.graph,3,0.6,6655,6637.503195987806,6831.537646748452,0.02923304818563924,2734,782,3516,Exact_structureO
query_cycle_4_47.graph,4,0.6,6655,6637.503195987806,6581.264595319973,0.008472854777957499,2748,764,3512,Exact_structureO
query_cycle_4_47.graph,5,0.6,6655,6637.503195987806,6595.165296779277,0.006378588146536967,2728,773,3501,Exact_structureO
query_cycle_4_47.graph,1,0.7,7765,6637.503195987806,6745.127357963563,0.016214555202144765,3132,828,3960,Exact_structureO
query_cycle_4_47.graph,2,0.7,7765,6637.503195987806,6653.170565325233,0.0023604311553322294,3154,815,3969,Exact_structureO
query_cycle_4_47.graph,3,0.7,7765,6637.503195987806,6842.049740819237,0.030816790409242092,3151,846,3997,Exact_structureO
query_cycle_4_47.graph,4,0.7,7765,6637.503195987806,6698.037488393851,0.00912003966229899,3143,835,3978,Exact_structureO
query_cycle_4_47.graph,5,0.7,7765,6637.503195987806,6557.459603108936,0.012059292555558302,3120,863,3983,Exact_structureO
query_cycle_4_47.graph,1,0.8,8874,6637.503195987806,6848.345852135095,0.03176535662909174,3520,903,4423,Exact_structureO
query_cycle_4_47.graph,2,0.8,8874,6637.503195987806,6710.382609811514,0.010979944065075818,3526,883,4409,Exact_structureO
query_cycle_4_47.graph,3,0.8,8874,6637.503195987806,6919.896165873757,0.04254505972315766,3547,912,4459,Exact_structureO
query_cycle_4_47.graph,4,0.8,8874,6637.503195987806,6854.483444349518,0.03269004050994221,3535,911,4446,Exact_structureO
query_cycle_4_47.graph,5,0.8,8874,6637.503195987806,6702.714583629722,0.009824686439523635,3554,943,4497,Exact_structureO
query_cycle_4_48.graph,1,0.01,98,671.8127320954907,758.0106382978726,0.12830644922955972,110,4,114,Exact_structureO
query_cycle_4_48.graph,2,0.01,98,671.8127320954907,3846.860215053764,4.726090071342941,110,3,113,Exact_structureO
query_cycle_4_48.graph,3,0.01,98,671.8127320954907,336.733695652174,0.4987685115733843,107,7,114,Exact_structureO
query_cycle_4_48.graph,4,0.01,98,671.8127320954907,7449.297872340425,10.088354710255164,112,6,118,Exact_structureO
query_cycle_4_48.graph,5,0.01,98,671.8127320954907,,,107,4,111,Exact_structureO
query_cycle_4_48.graph,1,0.05,491,671.8127320954907,420.18387875536473,0.37455207577750954,487,25,512,Exact_structureO
query_cycle_4_48.graph,2,0.05,491,671.8127320954907,2586.447424892704,2.849952972497505,484,21,505,Exact_structureO
query_cycle_4_48.graph,3,0.05,491,671.8127320954907,139.55760368663593,0.7922671050735618,483,30,513,Exact_structureO
query_cycle_4_48.graph,4,0.05,491,671.8127320954907,2973.5708418891177,3.4261900673035446,486,23,509,Exact_structureO
query_cycle_4_48.graph,5,0.05,491,671.8127320954907,264.7852760736196,0.6058644568290448,483,30,513,Exact_structureO
query_cycle_4_48.graph,1,0.075,737,671.8127320954907,1504.6457219251338,1.2396802710658739,689,37,726,Exact_structureO
query_cycle_4_48.graph,2,0.075,737,671.8127320954907,2236.404838902863,2.328911067117113,682,28,710,Exact_structureO
query_cycle_4_48.graph,3,0.075,737,671.8127320954907,216.8919293704354,0.6771541844794828,680,49,729,Exact_structureO
query_cycle_4_48.graph,4,0.075,737,671.8127320954907,2087.1185933855627,2.106696991102726,672,36,708,Exact_structureO
query_cycle_4_48.graph,5,0.075,737,671.8127320954907,674.3865655070318,0.0038311768869175246,685,36,721,Exact_structureO
query_cycle_4_48.graph,1,0.1,983,671.8127320954907,1359.619822568797,1.0238077631067317,882,51,933,Exact_structureO
query_cycle_4_48.graph,2,0.1,983,671.8127320954907,1976.0963951935908,1.9414393338897167,882,40,922,Exact_structureO
query_cycle_4_48.graph,3,0.1,983,671.8127320954907,258.5354900095147,0.6151673261637935,877,59,936,Exact_structureO
query_cycle_4_48.graph,4,0.1,983,671.8127320954907,1552.8174580518285,1.3113843841695945,871,51,922,Exact_structureO
query_cycle_4_48.graph,5,0.1,983,671.8127320954907,993.7937888198758,0.4792720371941672,876,49,925,Exact_structureO
query_cycle_4_48.graph,1,0.125,1229,671.8127320954907,1202.2587533875337,0.7895742309579302,1072,62,1134,Exact_structureO
query_cycle_4_48.graph,2,0.125,1229,671.8127320954907,1390.550546923988,1.0698484570047366,1064,57,1121,Exact_structureO
query_cycle_4_48.graph,3,0.125,1229,671.8127320954907,552.3318726407354,0.17784845946886943,1060,68,1128,Exact_structureO
query_cycle_4_48.graph,4,0.125,1229,671.8127320954907,1355.7535081205613,1.018052715213882,1063,70,1133,Exact_structureO
query_cycle_4_48.graph,5,0.125,1229,671.8127320954907,815.0138786839743,0.21315634513477666,1068,67,1135,Exact_structureO
query_cycle_4_48.graph,1,0.15,1475,671.8127320954907,1064.5683794466402,0.5846207262641215,1242,76,1318,Exact_structureO
query_cycle_4_48.graph,2,0.15,1475,671.8127320954907,1384.4931818181817,1.0608320081992604,1242,70,1312,Exact_structureO
query_cycle_4_48.graph,3,0.15,1475,671.8127320954907,459.2004267642128,0.3164755521499366,1233,82,1315,Exact_structureO
query_cycle_4_48.graph,4,0.15,1475,671.8127320954907,1152.6732479742686,0.7157657080700117,1236,85,1321,Exact_structureO
query_cycle_4_48.graph,5,0.15,1475,671.8127320954907,789.1033695031412,0.17458829195124412,1222,85,1307,Exact_structureO
query_cycle_4_48.graph,1,0.2,1967,671.8127320954907,951.6631004429203,0.4165600843475113,1558,109,1667,Exact_structureO
query_cycle_4_48.graph,2,0.2,1967,671.8127320954907,986.0263550749913,0.46771013404199474,1552,102,1654,Exact_structureO
query_cycle_4_48.graph,3,0.2,1967,671.8127320954907,521.785696969697,0.2233167487877693,1558,112,1670,Exact_structureO
query_cycle_4_48.graph,4,0.2,1967,671.8127320954907,1199.5467098336812,0.7855373268858785,1558,118,1676,Exact_structureO
query_cycle_4_48.graph,5,0.2,1967,671.8127320954907,808.8768574419477,0.20402132737040007,1551,106,1657,Exact_structureO
query_cycle_4_48.graph,1,0.3,2951,671.8127320954907,737.3534619167772,0.0975580346875156,2235,189,2424,Exact_structureO
query_cycle_4_48.graph,2,0.3,2951,671.8127320954907,835.7152144212524,0.24397049132207402,2237,177,2414,Exact_structureO
query_cycle_4_48.graph,3,0.3,2951,671.8127320954907,543.3399329594938,0.19123305200732024,2224,203,2427,Exact_structureO
query_cycle_4_48.graph,4,0.3,2951,671.8127320954907,1146.8742852526932,0.7071338938090829,2237,188,2425,Exact_structureO
query_cycle_4_48.graph,5,0.3,2951,671.8127320954907,553.0911882825419,0.17671821050880862,2258,172,2430,Exact_structureO
query_cycle_4_48.graph,1,0.4,3934,671.8127320954907,686.5069364402767,0.02187247076868056,2867,265,3132,Exact_structureO
query_cycle_4_48.graph,2,0.4,3934,671.8127320954907,824.4096673845416,0.22714207099510736,2876,260,3136,Exact_structureO
query_cycle_4_48.graph,3,0.4,3934,671.8127320954907,606.641254837272,0.09700839853829284,2858,274,3132,Exact_structureO
query_cycle_4_48.graph,4,0.4,3934,671.8127320954907,908.4394449574112,0.35222123898105384,2884,262,3146,Exact_structureO
query_cycle_4_48.graph,5,0.4,3934,671.8127320954907,675.8867376185655,0.006064198143978781,2886,252,3138,Exact_structureO
query_cycle_4_48.graph,1,0.5,4918,671.8127320954907,695.0448706600705,0.03458127161733761,3466,330,3796,Exact_structureO
query_cycle_4_48.graph,2,0.5,4918,671.8127320954907,769.2735923244046,0.14507146943303384,3449,338,3787,Exact_structureO
query_cycle_4_48.graph,3,0.5,4918,671.8127320954907,596.3279265820082,0.11235989124236058,3453,360,3813,Exact_structureO
query_cycle_4_48.graph,4,0.5,4918,671.8127320954907,827.6921135340064,0.23202802506035144,3463,332,3795,Exact_structureO
query_cycle_4_48.graph,5,0.5,4918,671.8127320954907,751.2914527574657,0.11830487405927576,3473,330,3803,Exact_structureO
query_cycle_4_48.graph,1,0.6,5902,671.8127320954907,783.9131435373015,0.16686258846591345,4073,422,4495,Exact_structureO
query_cycle_4_48.graph,2,0.6,5902,671.8127320954907,755.2372113412553,0.12417817534590388,4057,437,4494,Exact_structureO
query_cycle_4_48.graph,3,0.6,5902,671.8127320954907,661.0512306829584,0.016018602950505983,4074,461,4535,Exact_structureO
query_cycle_4_48.graph,4,0.6,5902,671.8127320954907,725.7447944717908,0.08027841658802362,4079,426,4505,Exact_structureO
query_cycle_4_48.graph,5,0.6,5902,671.8127320954907,674.5628089224123,0.004093516981054635,4080,426,4506,Exact_structureO
query_cycle_4_48.graph,1,0.7,6885,671.8127320954907,697.8795223705196,0.03880067916206713,4625,497,5122,Exact_structureO
query_cycle_4_48.graph,2,0.7,6885,671.8127320954907,677.8598592453387,0.009001209505193659,4621,527,5148,Exact_structureO
query_cycle_4_48.graph,3,0.7,6885,671.8127320954907,790.9118018605897,0.17728016168078575,4636,535,5171,Exact_structureO
query_cycle_4_48.graph,4,0.7,6885,671.8127320954907,715.3004756630614,0.0647319431293384,4642,510,5152,Exact_structureO
query_cycle_4_48.graph,5,0.7,6885,671.8127320954907,669.7088485038959,0.003131651859339523,4640,516,5156,Exact_structureO
query_cycle_4_48.graph,1,0.8,7869,671.8127320954907,690.9384288638329,0.028468791754937602,5167,604,5771,Exact_structureO
query_cycle_4_48.graph,2,0.8,7869,671.8127320954907,631.6873550376195,0.05972702680509462,5155,612,5767,Exact_structureO
query_cycle_4_48.graph,3,0.8,7869,671.8127320954907,726.8697328799465,0.08195289870843063,5160,608,5768,Exact_structureO
query_cycle_4_48.graph,4,0.8,7869,671.8127320954907,822.7358090885117,0.22465051610776707,5166,591,5757,Exact_structureO
query_cycle_4_48.graph,5,0.8,7869,671.8127320954907,595.0528205824728,0.11425789933095121,5171,611,5782,Exact_structureO
query_cycle_4_49.graph,1,0.01,105,6422.736687631027,4773.033707865168,0.25685359061081764,86,11,97,Exact_structureO
query_cycle_4_49.graph,2,0.01,105,6422.736687631027,4702.222222222222,0.2678787172954155,92,12,104,Exact_structureO
query_cycle_4_49.graph,3,0.01,105,6422.736687631027,1850.808510638298,0.7118349076644223,90,13,103,Exact_structureO
query_cycle_4_49.graph,4,0.01,105,6422.736687631027,4172.3456790123455,0.3503788366340018,88,13,101,Exact_structureO
query_cycle_4_49.graph,5,0.01,105,6422.736687631027,10717.021276595746,0.6686066699939134,82,8,90,Exact_structureO
query_cycle_4_49.graph,1,0.05,529,6422.736687631027,6460.540630975143,0.005885955657643499,315,55,370,Exact_structureO
query_cycle_4_49.graph,2,0.05,529,6422.736687631027,6368.916717141125,0.008379600956325776,316,62,378,Exact_structureO
query_cycle_4_49.graph,3,0.05,529,6422.736687631027,5002.273341782848,0.22116169709770642,318,65,383,Exact_structureO
query_cycle_4_49.graph,4,0.05,529,6422.736687631027,6050.702940927197,0.05792448994838855,334,69,403,Exact_structureO
query_cycle_4_49.graph,5,0.05,529,6422.736687631027,5257.2858261988695,0.1814570514274071,326,68,394,Exact_structureO
query_cycle_4_49.graph,1,0.075,794,6422.736687631027,4847.427688480674,0.24527068067169863,473,97,570,Exact_structureO
query_cycle_4_49.graph,2,0.075,794,6422.736687631027,6846.455975808929,0.06597176698741285,453,105,558,Exact_structureO
query_cycle_4_49.graph,3,0.075,794,6422.736687631027,6121.653560649318,0.04687770052313339,451,113,564,Exact_structureO
query_cycle_4_49.graph,4,0.075,794,6422.736687631027,4591.159245283019,0.28517087519332357,450,120,570,Exact_structureO
query_cycle_4_49.graph,5,0.075,794,6422.736687631027,7198.87951753206,0.12084300939749515,469,99,568,Exact_structureO
query_cycle_4_49.graph,1,0.1,1058,6422.736687631027,4996.734634056975,0.2220240565552472,610,141,751,Exact_structureO
query_cycle_4_49.graph,2,0.1,1058,6422.736687631027,6596.846802875205,0.027108400003300923,588,141,729,Exact_structureO
query_cycle_4_49.graph,3,0.1,1058,6422.736687631027,5992.851367950866,0.06693179879350163,571,159,730,Exact_structureO
query_cycle_4_49.graph,4,0.1,1058,6422.736687631027,4672.621960301784,0.2724873854317633,586,170,756,Exact_structureO
query_cycle_4_49.graph,5,0.1,1058,6422.736687631027,5659.214994170926,0.11887793795602726,593,151,744,Exact_structureO
query_cycle_4_49.graph,1,0.125,1323,6422.736687631027,5632.793379400907,0.12299170067977429,697,180,877,Exact_structureO
query_cycle_4_49.graph,2,0.125,1323,6422.736687631027,5598.00093320347,0.12840877565724312,722,180,902,Exact_structureO
query_cycle_4_49.graph,3,0.125,1323,6422.736687631027,5509.162980981867,0.1422405667678281,717,212,929,Exact_structureO
query_cycle_4_49.graph,4,0.125,1323,6422.736687631027,5095.9155853873235,0.20658189285556566,720,212,932,Exact_structureO
query_cycle_4_49.graph,5,0.125,1323,6422.736687631027,6132.215294117647,0.045233271678857524,716,194,910,Exact_structureO
query_cycle_4_49.graph,1,0.15,1588,6422.736687631027,5689.197216673577,0.11420979975251176,832,234,1066,Exact_structureO
query_cycle_4_49.graph,2,0.15,1588,6422.736687631027,5633.518052431886,0.12287887135697571,824,222,1046,Exact_structureO
query_cycle_4_49.graph,3,0.15,1588,6422.736687631027,5976.21624062387,0.06952183605270171,822,245,1067,Exact_structureO
query_cycle_4_49.graph,4,0.15,1588,6422.736687631027,6436.408736633729,0.002128695238126712,820,251,1071,Exact_structureO
query_cycle_4_49.graph,5,0.15,1588,6422.736687631027,5881.642941455638,0.08424660273204616,831,232,1063,Exact_structureO
query_cycle_4_49.graph,1,0.2,2117,6422.736687631027,6018.999792369969,0.06286057095234472,1024,295,1319,Exact_structureO
query_cycle_4_49.graph,2,0.2,2117,6422.736687631027,6257.606029190199,0.025710326683458597,1032,283,1315,Exact_structureO
query_cycle_4_49.graph,3,0.2,2117,6422.736687631027,5679.875895493169,0.11566110028587455,1018,320,1338,Exact_structureO
query_cycle_4_49.graph,4,0.2,2117,6422.736687631027,6483.274544970258,0.009425554912723622,1023,312,1335,Exact_structureO
query_cycle_4_49.graph,5,0.2,2117,6422.736687631027,6541.592382352539,0.01850545966650097,1023,288,1311,Exact_structureO
query_cycle_4_49.graph,1,0.3,3176,6422.736687631027,6462.864906316235,0.006247838053595911,1478,446,1924,Exact_structureO
query_cycle_4_49.graph,2,0.3,3176,6422.736687631027,5930.537752234088,0.07663383372773495,1488,445,1933,Exact_structureO
query_cycle_4_49.graph,3,0.3,3176,6422.736687631027,6122.104219594295,0.04680753433589977,1478,453,1931,Exact_structureO
query_cycle_4_49.graph,4,0.3,3176,6422.736687631027,6502.993058055691,0.012495665683947874,1480,451,1931,Exact_structureO
query_cycle_4_49.graph,5,0.3,3176,6422.736687631027,6230.897481846059,0.02986876391093749,1490,438,1928,Exact_structureO
query_cycle_4_49.graph,1,0.4,4235,6422.736687631027,6325.962504830061,0.015067437372504223,1848,536,2384,Exact_structureO
query_cycle_4_49.graph,2,0.4,4235,6422.736687631027,6441.385856983105,0.0029036172988366705,1873,535,2408,Exact_structureO
query_cycle_4_49.graph,3,0.4,4235,6422.736687631027,5895.6240720237265,0.08206978446157064,1865,569,2434,Exact_structureO
query_cycle_4_49.graph,4,0.4,4235,6422.736687631027,6628.485437624808,0.032034436409329015,1868,547,2415,Exact_structureO
query_cycle_4_49.graph,5,0.4,4235,6422.736687631027,6430.2591629808485,0.001171225867675425,1842,532,2374,Exact_structureO
query_cycle_4_49.graph,1,0.5,5294,6422.736687631027,6180.47581597849,0.03771925947378255,2223,631,2854,Exact_structureO
query_cycle_4_49.graph,2,0.5,5294,6422.736687631027,6222.556481808634,0.031167431510605453,2241,634,2875,Exact_structureO
query_cycle_4_49.graph,3,0.5,5294,6422.736687631027,6238.773937427993,0.028642424429030658,2239,660,2899,Exact_structureO
query_cycle_4_49.graph,4,0.5,5294,6422.736687631027,6568.483767403556,0.022692364152684375,2245,636,2881,Exact_structureO
query_cycle_4_49.graph,5,0.5,5294,6422.736687631027,6369.774715871693,0.008246013239391992,2225,621,2846,Exact_structureO
query_cycle_4_49.graph,1,0.6,6352,6422.736687631027,6484.412856256729,0.009602786417272705,2613,723,3336,Exact_structureO
query_cycle_4_49.graph,2,0.6,6352,6422.736687631027,6399.960711736007,0.0035461481612475048,2637,728,3365,Exact_structureO
query_cycle_4_49.graph,3,0.6,6352,6422.736687631027,6290.319877637407,0.020616882869981153,2620,713,3333,Exact_structureO
query_cycle_4_49.graph,4,0.6,6352,6422.736687631027,6487.362522465553,0.010062040213945475,2644,714,3358,Exact_structureO
query_cycle_4_49.graph,5,0.6,6352,6422.736687631027,6097.567972042997,0.05062775128462657,2653,711,3364,Exact_structureO
query_cycle_4_49.graph,1,0.7,7411,6422.736687631027,6335.4293442267035,0.013593480108325309,3026,792,3818,Exact_structureO
query_cycle_4_49.graph,2,0.7,7411,6422.736687631027,6420.2908806880105,0.00038080448599531387,3019,800,3819,Exact_structureO
query_cycle_4_49.graph,3,0.7,7411,6422.736687631027,6261.4923861138695,0.025105233074194596,3037,786,3823,Exact_structureO
query_cycle_4_49.graph,4,0.7,7411,6422.736687631027,6803.51084953579,0.05928534523890131,3017,788,3805,Exact_structureO
query_cycle_4_49.graph,5,0.7,7411,6422.736687631027,6620.239680582198,0.030750597845856646,3008,784,3792,Exact_structureO
query_cycle_4_49.graph,1,0.8,8470,6422.736687631027,6180.373852431627,0.037735134878897514,3445,868,4313,Exact_structureO
query_cycle_4_49.graph,2,0.8,8470,6422.736687631027,6310.698995366255,0.017443918023377063,3428,877,4305,Exact_structureO
query_cycle_4_49.graph,3,0.8,8470,6422.736687631027,6470.351872404231,0.007413535240344093,3449,851,4300,Exact_structureO
query_cycle_4_49.graph,4,0.8,8470,6422.736687631027,6773.698801185077,0.054643702618221386,3425,862,4287,Exact_structureO
query_cycle_4_49.graph,5,0.8,8470,6422.736687631027,6483.737010172656,0.009497559297285778,3432,866,4298,Exact_structureO
query_cycle_4_5.graph,1,0.01,115,6072.650923811501,24388.732394366194,3.016159120679145,89,10,99,Exact_structureO
query_cycle_4_5.graph,2,0.01,115,6072.650923811501,5637.738297872341,0.07161824899794957,94,12,106,Exact_structureO
query_cycle_4_5.graph,3,0.01,115,6072.650923811501,21409.09090909091,2.5254934258024977,98,12,110,Exact_structureO
query_cycle_4_5.graph,4,0.01,115,6072.650923811501,9948.400000000001,0.6382301773664087,95,15,110,Exact_structureO
query_cycle_4_5.graph,5,0.01,115,6072.650923811501,8100.0,0.33384910504884285,101,10,111,Exact_structureO
query_cycle_4_5.graph,1,0.05,578,6072.650923811501,6517.639368895568,0.0732774616336368,351,59,410,Exact_structureO
query_cycle_4_5.graph,2,0.05,578,6072.650923811501,6491.748251748251,0.06901390071565375,372,75,447,Exact_structureO
query_cycle_4_5.graph,3,0.05,578,6072.650923811501,4177.679974516882,0.31205003763088696,355,67,422,Exact_structureO
query_cycle_4_5.graph,4,0.05,578,6072.650923811501,6144.833978638184,0.011886580627192852,339,57,396,Exact_structureO
query_cycle_4_5.graph,5,0.05,578,6072.650923811501,6978.111698113205,0.14910469672335314,365,67,432,Exact_structureO
query_cycle_4_5.graph,1,0.075,867,6072.650923811501,8170.386194364681,0.34543979176009265,509,95,604,Exact_structureO
query_cycle_4_5.graph,2,0.075,867,6072.650923811501,5044.594007798071,0.16929293794614655,497,110,607,Exact_structureO
query_cycle_4_5.graph,3,0.075,867,6072.650923811501,5264.46769943752,0.13308573710453367,496,111,607,Exact_structureO
query_cycle_4_5.graph,4,0.075,867,6072.650923811501,6370.066009505368,0.0489761538124431,496,103,599,Exact_structureO
query_cycle_4_5.graph,5,0.075,867,6072.650923811501,7037.498487598307,0.1588840814155046,496,95,591,Exact_structureO
query_cycle_4_5.graph,1,0.1,1156,6072.650923811501,6120.854884256185,0.007937877715919885,644,145,789,Exact_structureO
query_cycle_4_5.graph,2,0.1,1156,6072.650923811501,4819.430274971941,0.20637126430658986,613,149,762,Exact_structureO
query_cycle_4_5.graph,3,0.1,1156,6072.650923811501,5240.583476440476,0.13701881728594037,636,151,787,Exact_structureO
query_cycle_4_5.graph,4,0.1,1156,6072.650923811501,6337.069298998568,0.04354249544465905,630,142,772,Exact_structureO
query_cycle_4_5.graph,5,0.1,1156,6072.650923811501,6817.572250179725,0.12266822771704354,628,148,776,Exact_structureO
query_cycle_4_5.graph,1,0.125,1445,6072.650923811501,6789.03997476101,0.11796974005873975,770,187,957,Exact_structureO
query_cycle_4_5.graph,2,0.125,1445,6072.650923811501,5201.359305489569,0.14347796855990955,773,196,969,Exact_structureO
query_cycle_4_5.graph,3,0.125,1445,6072.650923811501,6163.5713723868785,0.014972118390482236,774,183,957,Exact_structureO
query_cycle_4_5.graph,4,0.125,1445,6072.650923811501,6533.016215216787,0.07580960888104812,779,192,971,Exact_structureO
query_cycle_4_5.graph,5,0.125,1445,6072.650923811501,7106.059527873662,0.17017421502198601,775,198,973,Exact_structureO
query_cycle_4_5.graph,1,0.15,1734,6072.650923811501,7773.208849589267,0.2800355144916529,897,216,1113,Exact_structureO
query_cycle_4_5.graph,2,0.15,1734,6072.650923811501,5782.924342105263,0.047710066878731604,899,241,1140,Exact_structureO
query_cycle_4_5.graph,3,0.15,1734,6072.650923811501,6348.055269246949,0.04535158514637462,895,220,1115,Exact_structureO
query_cycle_4_5.graph,4,0.15,1734,6072.650923811501,5811.08577467838,0.04307264692384944,897,226,1123,Exact_structureO
query_cycle_4_5.graph,5,0.15,1734,6072.650923811501,6870.965293383271,0.13146060585196748,895,235,1130,Exact_structureO
query_cycle_4_5.graph,1,0.2,2312,6072.650923811501,6010.313537581872,0.01026526751030558,1130,277,1407,Exact_structureO
query_cycle_4_5.graph,2,0.2,2312,6072.650923811501,5235.895923876183,0.13779072935911968,1117,318,1435,Exact_structureO
query_cycle_4_5.graph,3,0.2,2312,6072.650923811501,5938.970979041333,0.02201344132032942,1126,293,1419,Exact_structureO
query_cycle_4_5.graph,4,0.2,2312,6072.650923811501,6062.185082902875,0.0017234385838955962,1127,285,1412,Exact_structureO
query_cycle_4_5.graph,5,0.2,2312,6072.650923811501,6738.8036976060885,0.10969719520391534,1124,308,1432,Exact_structureO
query_cycle_4_5.graph,1,0.3,3468,6072.650923811501,5832.639619305156,0.03952331650832026,1605,430,2035,Exact_structureO
query_cycle_4_5.graph,2,0.3,3468,6072.650923811501,5368.665437712507,0.11592721118524918,1605,478,2083,Exact_structureO
query_cycle_4_5.graph,3,0.3,3468,6072.650923811501,6671.974220010735,0.09869220274941606,1612,423,2035,Exact_structureO
query_cycle_4_5.graph,4,0.3,3468,6072.650923811501,6435.057421322126,0.05967846695906576,1611,419,2030,Exact_structureO
query_cycle_4_5.graph,5,0.3,3468,6072.650923811501,6569.333089356511,0.08179000765505334,1592,442,2034,Exact_structureO
query_cycle_4_5.graph,1,0.4,4624,6072.650923811501,5863.5318505162695,0.03443620848931955,2009,547,2556,Exact_structureO
query_cycle_4_5.graph,2,0.4,4624,6072.650923811501,5987.096273532093,0.014088517741722956,1984,575,2559,Exact_structureO
query_cycle_4_5.graph,3,0.4,4624,6072.650923811501,5873.341564658223,0.032820816090673846,2019,527,2546,Exact_structureO
query_cycle_4_5.graph,4,0.4,4624,6072.650923811501,5958.212854055828,0.018844829250261992,2004,539,2543,Exact_structureO
query_cycle_4_5.graph,5,0.4,4624,6072.650923811501,6095.5479503229835,0.0037705158420518687,1988,548,2536,Exact_structureO
query_cycle_4_5.graph,1,0.5,5780,6072.650923811501,6086.292553944489,0.002246404462258326,2371,634,3005,Exact_structureO
query_cycle_4_5.graph,2,0.5,5780,6072.650923811501,5859.786673667096,0.03505293698172943,2380,663,3043,Exact_structureO
query_cycle_4_5.graph,3,0.5,5780,6072.650923811501,6399.731591784542,0.053861266204273776,2407,628,3035,Exact_structureO
query_cycle_4_5.graph,4,0.5,5780,6072.650923811501,6608.398554947439,0.08822302448428497,2390,621,3011,Exact_structureO
query_cycle_4_5.graph,5,0.5,5780,6072.650923811501,6251.47791087655,0.029447927982135275,2396,630,3026,Exact_structureO
query_cycle_4_5.graph,1,0.6,6936,6072.650923811501,6031.266462635141,0.006814892160866329,2812,713,3525,Exact_structureO
query_cycle_4_5.graph,2,0.6,6936,6072.650923811501,5698.774211105405,0.061567298597732106,2797,754,3551,Exact_structureO
query_cycle_4_5.graph,3,0.6,6936,6072.650923811501,6288.67396053912,0.035573102988773815,2824,717,3541,Exact_structureO
query_cycle_4_5.graph,4,0.6,6936,6072.650923811501,6283.326793960298,0.03469257047572335,2820,712,3532,Exact_structureO
query_cycle_4_5.graph,5,0.6,6936,6072.650923811501,6184.924908508262,0.01848846345778292,2822,716,3538,Exact_structureO
query_cycle_4_5.graph,1,0.7,8092,6072.650923811501,5902.345262582556,0.028044698001849448,3224,791,4015,Exact_structureO
query_cycle_4_5.graph,2,0.7,8092,6072.650923811501,5783.8003723258735,0.047565808591601165,3199,824,4023,Exact_structureO
query_cycle_4_5.graph,3,0.7,8092,6072.650923811501,6163.140778349643,0.014901211295271694,3222,808,4030,Exact_structureO
query_cycle_4_5.graph,4,0.7,8092,6072.650923811501,6244.961480372494,0.028374849587573903,3221,798,4019,Exact_structureO
query_cycle_4_5.graph,5,0.7,8092,6072.650923811501,6218.594213219691,0.02403287974876512,3201,777,3978,Exact_structureO
query_cycle_4_5.graph,1,0.8,9248,6072.650923811501,6051.887794322737,0.003419121195876713,3636,875,4511,Exact_structureO
query_cycle_4_5.graph,2,0.8,9248,6072.650923811501,5765.345624685969,0.05060480224880971,3625,891,4516,Exact_structureO
query_cycle_4_5.graph,3,0.8,9248,6072.650923811501,6145.064480669166,0.011924538025678982,3617,873,4490,Exact_structureO
query_cycle_4_5.graph,4,0.8,9248,6072.650923811501,6238.077428132282,0.027241233918473058,3633,882,4515,Exact_structureO
query_cycle_4_5.graph,5,0.8,9248,6072.650923811501,6057.265613452326,0.0025335410436401135,3634,861,4495,Exact_structureO
query_cycle_4_6.graph,1,0.01,167,5273.855623257255,11909.094017094018,1.2581380431758362,127,16,143,Exact_structureO
query_cycle_4_6.graph,2,0.01,167,5273.855623257255,5444.077134986225,0.03227648306834724,132,17,149,Exact_structureO
query_cycle_4_6.graph,3,0.01,167,5273.855623257255,9408.112903225807,0.7839155212624384,118,19,137,Exact_structureO
query_cycle_4_6.graph,4,0.01,167,5273.855623257255,5094.252873563219,0.03405530270908501,128,22,150,Exact_structureO
query_cycle_4_6.graph,5,0.01,167,5273.855623257255,5881.534403669724,0.11522476605780749,128,17,145,Exact_structureO
query_cycle_4_6.graph,1,0.05,836,5273.855623257255,5598.885605740819,0.061630428609044614,441,97,538,Exact_structureO
query_cycle_4_6.graph,2,0.05,836,5273.855623257255,3937.3924817088555,0.25341291780053865,447,92,539,Exact_structureO
query_cycle_4_6.graph,3,0.05,836,5273.855623257255,6009.151265052091,0.13942278559015628,436,99,535,Exact_structureO
query_cycle_4_6.graph,4,0.05,836,5273.855623257255,5839.889472555746,0.10732827929576418,447,93,540,Exact_structureO
query_cycle_4_6.graph,5,0.05,836,5273.855623257255,4054.980870944994,0.23111644295629305,432,91,523,Exact_structureO
query_cycle_4_6.graph,1,0.075,1254,5273.855623257255,5052.945476772616,0.04188778803698077,612,140,752,Exact_structureO
query_cycle_4_6.graph,2,0.075,1254,5273.855623257255,3668.013917232216,0.3044910253028948,586,150,736,Exact_structureO
query_cycle_4_6.graph,3,0.075,1254,5273.855623257255,6563.723155625688,0.24457771022024716,606,152,758,Exact_structureO
query_cycle_4_6.graph,4,0.075,1254,5273.855623257255,5881.6083304818485,0.11523878366037481,610,136,746,Exact_structureO
query_cycle_4_6.graph,5,0.075,1254,5273.855623257255,6518.890741106071,0.23607683008202146,600,147,747,Exact_structureO
query_cycle_4_6.graph,1,0.1,1672,5273.855623257255,5380.751172055427,0.020268956231333256,748,192,940,Exact_structureO
query_cycle_4_6.graph,2,0.1,1672,5273.855623257255,4200.673289863664,0.20349103389576084,747,192,939,Exact_structureO
query_cycle_4_6.graph,3,0.1,1672,5273.855623257255,5888.603683294663,0.11656520465338902,738,192,930,Exact_structureO
query_cycle_4_6.graph,4,0.1,1672,5273.855623257255,5051.108712715856,0.042236065310378136,764,182,946,Exact_structureO
query_cycle_4_6.graph,5,0.1,1672,5273.855623257255,5018.358980556856,0.04844589252191126,738,206,944,Exact_structureO
query_cycle_4_6.graph,1,0.125,2090,5273.855623257255,4687.958651260809,0.11109461726875675,892,257,1149,Exact_structureO
query_cycle_4_6.graph,2,0.125,2090,5273.855623257255,3873.716705080669,0.26548677442023483,877,249,1126,Exact_structureO
query_cycle_4_6.graph,3,0.125,2090,5273.855623257255,5443.797506448839,0.03222346141637919,890,267,1157,Exact_structureO
query_cycle_4_6.graph,4,0.125,2090,5273.855623257255,5447.05,0.032840181664999156,905,228,1133,Exact_structureO
query_cycle_4_6.graph,5,0.125,2090,5273.855623257255,4717.950615685519,0.1054077030702627,884,273,1157,Exact_structureO
query_cycle_4_6.graph,1,0.15,2508,5273.855623257255,4341.168362475596,0.1768511175521353,1030,317,1347,Exact_structureO
query_cycle_4_6.graph,2,0.15,2508,5273.855623257255,4173.648461350648,0.20861533581897587,1032,312,1344,Exact_structureO
query_cycle_4_6.graph,3,0.15,2508,5273.855623257255,5549.494155838285,0.052265088821447474,1018,320,1338,Exact_structureO
query_cycle_4_6.graph,4,0.15,2508,5273.855623257255,5077.166992696481,0.03729503509602975,1051,275,1326,Exact_structureO
query_cycle_4_6.graph,5,0.15,2508,5273.855623257255,5433.444155087482,0.03026031488735779,1014,340,1354,Exact_structureO
query_cycle_4_6.graph,1,0.2,3345,5273.855623257255,5636.241640351986,0.0687136779961589,1254,416,1670,Exact_structureO
query_cycle_4_6.graph,2,0.2,3345,5273.855623257255,4768.840315309683,0.09575827326794778,1255,413,1668,Exact_structureO
query_cycle_4_6.graph,3,0.2,3345,5273.855623257255,5895.878765602496,0.11794466644141192,1258,406,1664,Exact_structureO
query_cycle_4_6.graph,4,0.2,3345,5273.855623257255,6029.976811843604,0.14337161321821543,1289,364,1653,Exact_structureO
query_cycle_4_6.graph,5,0.2,3345,5273.855623257255,5579.255716382438,0.05790831508135995,1249,418,1667,Exact_structureO
query_cycle_4_6.graph,1,0.3,5017,5273.855623257255,4999.442260492358,0.05203277874251176,1783,649,2432,Exact_structureO
query_cycle_4_6.graph,2,0.3,5017,5273.855623257255,4951.228533316526,0.061174805111837,1773,640,2413,Exact_structureO
query_cycle_4_6.graph,3,0.3,5017,5273.855623257255,5624.206670699276,0.06643167209527001,1781,622,2403,Exact_structureO
query_cycle_4_6.graph,4,0.3,5017,5273.855623257255,5508.3120112698925,0.044456353142984274,1787,593,2380,Exact_structureO
query_cycle_4_6.graph,5,0.3,5017,5273.855623257255,5255.341598438077,0.0035105293246049663,1769,646,2415,Exact_structureO
query_cycle_4_6.graph,1,0.4,6690,5273.855623257255,5525.133250878841,0.04764590568491739,2160,812,2972,Exact_structureO
query_cycle_4_6.graph,2,0.4,6690,5273.855623257255,5140.006866494451,0.025379677853246855,2168,801,2969,Exact_structureO
query_cycle_4_6.graph,3,0.4,6690,5273.855623257255,5709.848599997654,0.08267063186517797,2178,785,2963,Exact_structureO
query_cycle_4_6.graph,4,0.4,6690,5273.855623257255,5012.264652461277,0.04960146607775596,2170,774,2944,Exact_structureO
query_cycle_4_6.graph,5,0.4,6690,5273.855623257255,5757.6931183061215,0.09174265084451397,2141,784,2925,Exact_structureO
query_cycle_4_6.graph,1,0.5,8362,5273.855623257255,5374.303820046413,0.01904644418898971,2533,960,3493,Exact_structureO
query_cycle_4_6.graph,2,0.5,8362,5273.855623257255,5152.793462109956,0.02295515269955913,2546,956,3502,Exact_structureO
query_cycle_4_6.graph,3,0.5,8362,5273.855623257255,5387.079696365409,0.021468936807607353,2531,937,3468,Exact_structureO
query_cycle_4_6.graph,4,0.5,8362,5273.855623257255,5250.202900050925,0.004484901539970765,2536,927,3463,Exact_structureO
query_cycle_4_6.graph,5,0.5,8362,5273.855623257255,5711.801637570658,0.08304095629430945,2544,922,3466,Exact_structureO
query_cycle_4_6.graph,1,0.6,10035,5273.855623257255,5496.7558293216725,0.042265132378946246,2955,1118,4073,Exact_structureO
query_cycle_4_6.graph,2,0.6,10035,5273.855623257255,5026.9914330275105,0.04680905353970897,2964,1112,4076,Exact_structureO
query_cycle_4_6.graph,3,0.6,10035,5273.855623257255,5138.4728268460185,0.02567055416045321,2954,1097,4051,Exact_structureO
query_cycle_4_6.graph,4,0.6,10035,5273.855623257255,5476.122927779956,0.038352833101975625,2947,1084,4031,Exact_structureO
query_cycle_4_6.graph,5,0.6,10035,5273.855623257255,5550.290573599304,0.05241610125294185,2972,1079,4051,Exact_structureO
query_cycle_4_6.graph,1,0.7,11707,5273.855623257255,5420.241146067474,0.027756831674472012,3317,1242,4559,Exact_structureO
query_cycle_4_6.graph,2,0.7,11707,5273.855623257255,5081.346142850947,0.036502607230534896,3323,1245,4568,Exact_structureO
query_cycle_4_6.graph,3,0.7,11707,5273.855623257255,5015.914904595205,0.048909324996412984,3332,1230,4562,Exact_structureO
query_cycle_4_6.graph,4,0.7,11707,5273.855623257255,5469.50593165059,0.03709815405839601,3322,1230,4552,Exact_structureO
query_cycle_4_6.graph,5,0.7,11707,5273.855623257255,5502.792113316823,0.04340969992617505,3340,1199,4539,Exact_structureO
query_cycle_4_6.graph,1,0.8,13380,5273.855623257255,5358.724437261755,0.01609236582629155,3689,1366,5055,Exact_structureO
query_cycle_4_6.graph,2,0.8,13380,5273.855623257255,5199.197184776844,0.014156329602800196,3708,1337,5045,Exact_structureO
query_cycle_4_6.graph,3,0.8,13380,5273.855623257255,5209.767719928601,0.012152001857243027,3705,1348,5053,Exact_structureO
query_cycle_4_6.graph,4,0.8,13380,5273.855623257255,5317.085965908765,0.008197103929214116,3689,1358,5047,Exact_structureO
query_cycle_4_6.graph,5,0.8,13380,5273.855623257255,5126.926082527402,0.027859985412172744,3696,1318,5014,Exact_structureO
query_cycle_4_7.graph,1,0.01,84,364.6539157990041,231.12268518518516,0.3661861969073736,84,6,90,Exact_structureO
query_cycle_4_7.graph,2,0.01,84,364.6539157990041,121.12941176470588,0.6678236362845698,86,10,96,Exact_structureO
query_cycle_4_7.graph,3,0.01,84,364.6539157990041,296.8607594936709,0.18591095109122735,81,8,89,Exact_structureO
query_cycle_4_7.graph,4,0.01,84,364.6539157990041,44.13513513513514,0.8789670610325702,88,9,97,Exact_structureO
query_cycle_4_7.graph,5,0.01,84,364.6539157990041,250.372972972973,0.3133956276751525,85,5,90,Exact_structureO
query_cycle_4_7.graph,1,0.05,421,364.6539157990041,1946.4774011299437,4.337876043000824,350,25,375,Exact_structureO
query_cycle_4_7.graph,2,0.05,421,364.6539157990041,133.51581940988268,0.6338560656414941,332,37,369,Exact_structureO
query_cycle_4_7.graph,3,0.05,421,364.6539157990041,306.78814683768246,0.15868681633249493,344,33,377,Exact_structureO
query_cycle_4_7.graph,4,0.05,421,364.6539157990041,114.88650121065376,0.6849437336798577,358,41,399,Exact_structureO
query_cycle_4_7.graph,5,0.05,421,364.6539157990041,720.159349593496,0.9749118777883773,341,21,362,Exact_structureO
query_cycle_4_7.graph,1,0.075,632,364.6539157990041,1304.736,2.5780117625808403,517,41,558,Exact_structureO
query_cycle_4_7.graph,2,0.075,632,364.6539157990041,197.14848484848486,0.45935453780468277,504,51,555,Exact_structureO
query_cycle_4_7.graph,3,0.075,632,364.6539157990041,202.3672727272727,0.44504291888965536,496,53,549,Exact_structureO
query_cycle_4_7.graph,4,0.075,632,364.6539157990041,851.0460481099657,1.3338459049458258,510,55,565,Exact_structureO
query_cycle_4_7.graph,5,0.075,632,364.6539157990041,715.68842364532,0.9626511402658426,510,36,546,Exact_structureO
query_cycle_4_7.graph,1,0.1,843,364.6539157990041,959.413476465731,1.6310247467479717,675,56,731,Exact_structureO
query_cycle_4_7.graph,2,0.1,843,364.6539157990041,188.66908862576244,0.48260780852342156,654,67,721,Exact_structureO
query_cycle_4_7.graph,3,0.1,843,364.6539157990041,201.87542720437457,0.4463917197706782,668,65,733,Exact_structureO
query_cycle_4_7.graph,4,0.1,843,364.6539157990041,654.4442789034565,0.7946997153985967,665,70,735,Exact_structureO
query_cycle_4_7.graph,5,0.1,843,364.6539157990041,654.6825396825395,0.7953531041838534,672,50,722,Exact_structureO
query_cycle_4_7.graph,1,0.125,1054,364.6539157990041,814.2068901762603,1.2328209156680172,823,65,888,Exact_structureO
query_cycle_4_7.graph,2,0.125,1054,364.6539157990041,194.48264485221006,0.4666651407648446,814,86,900,Exact_structureO
query_cycle_4_7.graph,3,0.125,1054,364.6539157990041,204.34684684684686,0.43961428084737175,813,77,890,Exact_structureO
query_cycle_4_7.graph,4,0.125,1054,364.6539157990041,602.2278209595283,0.6515051528789125,817,81,898,Exact_structureO
query_cycle_4_7.graph,5,0.125,1054,364.6539157990041,966.8497959183672,1.6514175606749588,815,67,882,Exact_structureO
query_cycle_4_7.graph,1,0.15,1265,364.6539157990041,616.2595967175237,0.6899848596640429,951,84,1035,Exact_structureO
query_cycle_4_7.graph,2,0.15,1265,364.6539157990041,189.9797195897487,0.47901363084644666,931,93,1024,Exact_structureO
query_cycle_4_7.graph,3,0.15,1265,364.6539157990041,204.79298711354463,0.4383908186895057,949,90,1039,Exact_structureO
query_cycle_4_7.graph,4,0.15,1265,364.6539157990041,486.90418553081406,0.335250121924356,955,90,1045,Exact_structureO
query_cycle_4_7.graph,5,0.15,1265,364.6539157990041,847.0500126815041,1.3228874721542685,957,86,1043,Exact_structureO
query_cycle_4_7.graph,1,0.2,1686,364.6539157990041,477.1930127983397,0.3086189181672376,1215,113,1328,Exact_structureO
query_cycle_4_7.graph,2,0.2,1686,364.6539157990041,184.57029194336545,0.49384804619758993,1197,116,1313,Exact_structureO
query_cycle_4_7.graph,3,0.2,1686,364.6539157990041,279.3242208857299,0.2340018609873028,1209,115,1324,Exact_structureO
query_cycle_4_7.graph,4,0.2,1686,364.6539157990041,417.7120240303913,0.14550264218369907,1224,115,1339,Exact_structureO
query_cycle_4_7.graph,5,0.2,1686,364.6539157990041,693.4495758718191,0.9016649645798565,1218,120,1338,Exact_structureO
query_cycle_4_7.graph,1,0.3,2530,364.6539157990041,380.99487001298183,0.04481222744632424,1814,186,2000,Exact_structureO
query_cycle_4_7.graph,2,0.3,2530,364.6539157990041,189.58709039150943,0.4800903481974148,1811,178,1989,Exact_structureO
query_cycle_4_7.graph,3,0.3,2530,364.6539157990041,283.5097965575815,0.2225236470137041,1818,174,1992,Exact_structureO
query_cycle_4_7.graph,4,0.3,2530,364.6539157990041,418.88685395561737,0.14872440910933826,1799,175,1974,Exact_structureO
query_cycle_4_7.graph,5,0.3,2530,364.6539157990041,506.4141708148694,0.3887528664137616,1812,182,1994,Exact_structureO
query_cycle_4_7.graph,1,0.4,3373,364.6539157990041,511.7219324047078,0.4033084802708304,2350,237,2587,Exact_structureO
query_cycle_4_7.graph,2,0.4,3373,364.6539157990041,353.8595870206489,0.02960157099836266,2333,231,2564,Exact_structureO
query_cycle_4_7.graph,3,0.4,3373,364.6539157990041,378.99127688550766,0.03931772144853715,2358,233,2591,Exact_structureO
query_cycle_4_7.graph,4,0.4,3373,364.6539157990041,345.3596939231784,0.052911050834459204,2343,236,2579,Exact_structureO
query_cycle_4_7.graph,5,0.4,3373,364.6539157990041,382.27511297571186,0.0483230713102242,2312,240,2552,Exact_structureO
query_cycle_4_7.graph,1,0.5,4217,364.6539157990041,570.0632862595627,0.5632995055338429,2840,294,3134,Exact_structureO
query_cycle_4_7.graph,2,0.5,4217,364.6539157990041,329.0950225923928,0.09751408572892227,2865,275,3140,Exact_structureO
query_cycle_4_7.graph,3,0.5,4217,364.6539157990041,567.2952352942766,0.5557086067518542,2852,284,3136,Exact_structureO
query_cycle_4_7.graph,4,0.5,4217,364.6539157990041,316.7013791111592,0.1315014993950487,2851,294,3145,Exact_structureO
query_cycle_4_7.graph,5,0.5,4217,364.6539157990041,319.0300579006584,0.12511550245766018,2840,285,3125,Exact_structureO
query_cycle_4_7.graph,1,0.6,5060,364.6539157990041,476.1368929389629,0.3057226929695383,3357,357,3714,Exact_structureO
query_cycle_4_7.graph,2,0.6,5060,364.6539157990041,378.4639744905274,0.03787168625699155,3376,330,3706,Exact_structureO
query_cycle_4_7.graph,3,0.6,5060,364.6539157990041,462.54584146636984,0.2684515959546789,3375,344,3719,Exact_structureO
query_cycle_4_7.graph,4,0.6,5060,364.6539157990041,368.7436125236522,0.011215282621295964,3371,348,3719,Exact_structureO
query_cycle_4_7.graph,5,0.6,5060,364.6539157990041,347.10847044521995,0.04811533509886983,3376,327,3703,Exact_structureO
query_cycle_4_7.graph,1,0.7,5903,364.6539157990041,403.24696209108555,0.10583472333628743,3849,400,4249,Exact_structureO
query_cycle_4_7.graph,2,0.7,5903,364.6539157990041,336.3965172303161,0.07749100542845505,3867,397,4264,Exact_structureO
query_cycle_4_7.graph,3,0.7,5903,364.6539157990041,497.3741923681589,0.3639622963552919,3852,404,4256,Exact_structureO
query_cycle_4_7.graph,4,0.7,5903,364.6539157990041,343.1151717966987,0.059066262746997306,3845,403,4248,Exact_structureO
query_cycle_4_7.graph,5,0.7,5903,364.6539157990041,320.67293559474837,0.12061019585622079,3855,379,4234,Exact_structureO
query_cycle_4_7.graph,1,0.8,6747,364.6539157990041,371.60540717470394,0.01906325717212778,4301,451,4752,Exact_structureO
query_cycle_4_7.graph,2,0.8,6747,364.6539157990041,356.1898029243483,0.023211358792376596,4283,462,4745,Exact_structureO
query_cycle_4_7.graph,3,0.8,6747,364.6539157990041,440.1404362238551,0.2070086653517767,4306,465,4771,Exact_structureO
query_cycle_4_7.graph,4,0.8,6747,364.6539157990041,356.4073823564824,0.022614685007433608,4300,472,4772,Exact_structureO
query_cycle_4_7.graph,5,0.8,6747,364.6539157990041,345.4606200084618,0.05263427858298825,4326,433,4759,Exact_structureO
query_cycle_4_8.graph,1,0.01,549,876.2362012987013,765.3394495412844,0.12656034022909904,406,4,410,Exact_structureO
query_cycle_4_8.graph,2,0.01,549,876.2362012987013,393.6443418013856,0.5507554456002262,406,2,408,Exact_structureO
query_cycle_4_8.graph,3,0.01,549,876.2362012987013,7704.980433263451,7.7932687805452705,414,5,419,Exact_structureO
query_cycle_4_8.graph,4,0.01,549,876.2362012987013,110.48941176470588,0.8739045344155543,414,3,417,Exact_structureO
query_cycle_4_8.graph,5,0.01,549,876.2362012987013,,,416,1,417,Exact_structureO
query_cycle_4_8.graph,1,0.05,2746,876.2362012987013,461.7285396336244,0.4730547095072312,1453,18,1471,Exact_structureO
query_cycle_4_8.graph,2,0.05,2746,876.2362012987013,687.5989399293285,0.21528129183636413,1409,16,1425,Exact_structureO
query_cycle_4_8.graph,3,0.05,2746,876.2362012987013,5933.196142058771,5.77122918827705,1409,15,1424,Exact_structureO
query_cycle_4_8.graph,4,0.05,2746,876.2362012987013,3396.0862089410653,2.8757656941217484,1426,16,1442,Exact_structureO
query_cycle_4_8.graph,5,0.05,2746,876.2362012987013,516.4664380952381,0.4105853680437255,1389,13,1402,Exact_structureO
query_cycle_4_8.graph,1,0.075,4120,876.2362012987013,415.08471867007677,0.5262867271919778,1966,23,1989,Exact_structureO
query_cycle_4_8.graph,2,0.075,4120,876.2362012987013,583.0014053018205,0.33465268333158,1927,20,1947,Exact_structureO
query_cycle_4_8.graph,3,0.075,4120,876.2362012987013,3415.5711847046773,2.898002821205442,1977,26,2003,Exact_structureO
query_cycle_4_8.graph,4,0.075,4120,876.2362012987013,2017.2035782054754,1.3021230750518011,1946,32,1978,Exact_structureO
query_cycle_4_8.graph,5,0.075,4120,876.2362012987013,370.2207357859532,0.5774875139406068,1978,22,2000,Exact_structureO
query_cycle_4_8.graph,1,0.1,5493,876.2362012987013,421.4057257043369,0.5190729108432678,2392,28,2420,Exact_structureO
query_cycle_4_8.graph,2,0.1,5493,876.2362012987013,533.0041530182498,0.39171178704068027,2424,26,2450,Exact_structureO
query_cycle_4_8.graph,3,0.1,5493,876.2362012987013,3254.8139481356457,2.7145394624321253,2444,30,2474,Exact_structureO
query_cycle_4_8.graph,4,0.1,5493,876.2362012987013,1823.806848658153,1.0814100649516911,2424,42,2466,Exact_structureO
query_cycle_4_8.graph,5,0.1,5493,876.2362012987013,712.5042654028435,0.18685821888342977,2415,33,2448,Exact_structureO
query_cycle_4_8.graph,1,0.125,6866,876.2362012987013,415.85701100781125,0.5254053525847773,2858,40,2898,Exact_structureO
query_cycle_4_8.graph,2,0.125,6866,876.2362012987013,1478.00422752809,0.6867646250377314,2878,33,2911,Exact_structureO
query_cycle_4_8.graph,3,0.125,6866,876.2362012987013,2413.3980937185083,1.7542780019149218,2861,36,2897,Exact_structureO
query_cycle_4_8.graph,4,0.125,6866,876.2362012987013,1721.0274659182041,0.9641136298265321,2863,45,2908,Exact_structureO
query_cycle_4_8.graph,5,0.125,6866,876.2362012987013,530.8766161165624,0.3941398274463768,2851,43,2894,Exact_structureO
query_cycle_4_8.graph,1,0.15,8240,876.2362012987013,586.354666558855,0.33082579139072593,3222,46,3268,Exact_structureO
query_cycle_4_8.graph,2,0.15,8240,876.2362012987013,1484.298654519972,0.6939481070515454,3243,39,3282,Exact_structureO
query_cycle_4_8.graph,3,0.15,8240,876.2362012987013,2222.9534276742384,1.536934018908964,3252,41,3293,Exact_structureO
query_cycle_4_8.graph,4,0.15,8240,876.2362012987013,1456.3457404336343,0.6620469894705694,3251,54,3305,Exact_structureO
query_cycle_4_8.graph,5,0.15,8240,876.2362012987013,538.9574198159565,0.38491765232120256,3264,53,3317,Exact_structureO
query_cycle_4_8.graph,1,0.2,10986,876.2362012987013,702.0544081671059,0.1987840640154268,3932,61,3993,Exact_structureO
query_cycle_4_8.graph,2,0.2,10986,876.2362012987013,1969.3708488293669,1.2475342218348102,3950,65,4015,Exact_structureO
query_cycle_4_8.graph,3,0.2,10986,876.2362012987013,1590.1736553872174,0.8147774002379309,3948,61,4009,Exact_structureO
query_cycle_4_8.graph,4,0.2,10986,876.2362012987013,1047.4147924315841,0.19535667537950713,3945,85,4030,Exact_structureO
query_cycle_4_8.graph,5,0.2,10986,876.2362012987013,1187.5886005157793,0.35532930362339665,3937,63,4000,Exact_structureO
query_cycle_4_8.graph,1,0.3,16480,876.2362012987013,632.0719064078012,0.27865122957601546,5002,102,5104,Exact_structureO
query_cycle_4_8.graph,2,0.3,16480,876.2362012987013,1801.7617305713595,1.0562511887786687,5067,100,5167,Exact_structureO
query_cycle_4_8.graph,3,0.3,16480,876.2362012987013,1490.5052780686008,0.7010313838431568,5045,98,5143,Exact_structureO
query_cycle_4_8.graph,4,0.3,16480,876.2362012987013,1143.298821037061,0.30478382351988725,5012,125,5137,Exact_structureO
query_cycle_4_8.graph,5,0.3,16480,876.2362012987013,1118.7686851551691,0.2767889337338513,5036,109,5145,Exact_structureO
query_cycle_4_8.graph,1,0.4,21973,876.2362012987013,751.103271005605,0.14280730481990156,5756,134,5890,Exact_structureO
query_cycle_4_8.graph,2,0.4,21973,876.2362012987013,1420.9712642286268,0.6216760527841169,5766,123,5889,Exact_structureO
query_cycle_4_8.graph,3,0.4,21973,876.2362012987013,1677.4264677966103,0.9143542178586503,5743,126,5869,Exact_structureO
query_cycle_4_8.graph,4,0.4,21973,876.2362012987013,1170.8522206465404,0.33622899728541017,5811,151,5962,Exact_structureO
query_cycle_4_8.graph,5,0.4,21973,876.2362012987013,1304.7409204927496,0.4890287784948237,5766,134,5900,Exact_structureO
query_cycle_4_8.graph,1,0.5,27467,876.2362012987013,712.5338830465652,0.1868244179018249,6270,156,6426,Exact_structureO
query_cycle_4_8.graph,2,0.5,27467,876.2362012987013,1213.9610465333583,0.3854267202543136,6320,142,6462,Exact_structureO
query_cycle_4_8.graph,3,0.5,27467,876.2362012987013,1487.6796263110348,0.6978066234950018,6314,159,6473,Exact_structureO
query_cycle_4_8.graph,4,0.5,27467,876.2362012987013,1052.6772460954965,0.2013624232088169,6284,165,6449,Exact_structureO
query_cycle_4_8.graph,5,0.5,27467,876.2362012987013,1197.6254933208681,0.3667838552502444,6313,161,6474,Exact_structureO
query_cycle_4_8.graph,1,0.6,32960,876.2362012987013,659.637032051282,0.24719267353527496,6679,170,6849,Exact_structureO
query_cycle_4_8.graph,2,0.6,32960,876.2362012987013,1177.793241441044,0.3441504011080508,6693,164,6857,Exact_structureO
query_cycle_4_8.graph,3,0.6,32960,876.2362012987013,1340.8038703180184,0.530185432113812,6691,177,6868,Exact_structureO
query_cycle_4_8.graph,4,0.6,32960,876.2362012987013,989.4865523658307,0.1292463731802874,6700,186,6886,Exact_structureO
query_cycle_4_8.graph,5,0.6,32960,876.2362012987013,1114.4046487314458,0.2718084998996235,6676,180,6856,Exact_structureO
query_cycle_4_8.graph,1,0.7,38453,876.2362012987013,668.6258622897863,0.23693421785268431,6992,185,7177,Exact_structureO
query_cycle_4_8.graph,2,0.7,38453,876.2362012987013,1135.7122657212349,0.29612570678768435,7002,179,7181,Exact_structureO
query_cycle_4_8.graph,3,0.7,38453,876.2362012987013,1202.2184393231819,0.37202553094853935,6997,193,7190,Exact_structureO
query_cycle_4_8.graph,4,0.7,38453,876.2362012987013,928.8306734879637,0.06002316739631422,7003,194,7197,Exact_structureO
query_cycle_4_8.graph,5,0.7,38453,876.2362012987013,1148.3778184675164,0.31058020287847515,6970,195,7165,Exact_structureO
query_cycle_4_8.graph,1,0.8,43947,876.2362012987013,691.0196855966362,0.21137738366384426,7241,200,7441,Exact_structureO
query_cycle_4_8.graph,2,0.8,43947,876.2362012987013,1085.047916594947,0.23830528228205866,7227,198,7425,Exact_structureO
query_cycle_4_8.graph,3,0.8,43947,876.2362012987013,1155.9994327808497,0.31927833050894405,7260,204,7464,Exact_structureO
query_cycle_4_8.graph,4,0.8,43947,876.2362012987013,880.7957288531103,0.005203537068716343,7250,203,7453,Exact_structureO
query_cycle_4_8.graph,5,0.8,43947,876.2362012987013,1038.294999067377,0.18494875871195737,7257,211,7468,Exact_structureO
query_cycle_4_9.graph,1,0.01,110,4202.0611216131065,5994.366197183099,0.4265299869988455,83,7,90,Exact_structureO
query_cycle_4_9.graph,2,0.01,110,4202.0611216131065,15904.477611940301,2.7849229584349353,65,6,71,Exact_structureO
query_cycle_4_9.graph,3,0.01,110,4202.0611216131065,11649.971830985914,1.772442259600848,79,7,86,Exact_structureO
query_cycle_4_9.graph,4,0.01,110,4202.0611216131065,2266.390804597701,0.46064782519687186,80,12,92,Exact_structureO
query_cycle_4_9.graph,5,0.01,110,4202.0611216131065,2872.7017543859647,0.31635888406992546,69,11,80,Exact_structureO
query_cycle_4_9.graph,1,0.05,554,4202.0611216131065,2972.8423344947732,0.2925275838554331,252,42,294,Exact_structureO
query_cycle_4_9.graph,2,0.05,554,4202.0611216131065,7049.49471804791,0.6776278388215633,258,44,302,Exact_structureO
query_cycle_4_9.graph,3,0.05,554,4202.0611216131065,5190.644419447569,0.23526152267270223,264,47,311,Exact_structureO
query_cycle_4_9.graph,4,0.05,554,4202.0611216131065,3478.594468918258,0.17216947392167414,267,56,323,Exact_structureO
query_cycle_4_9.graph,5,0.05,554,4202.0611216131065,4117.4061609686605,0.020146056469532797,255,50,305,Exact_structureO
query_cycle_4_9.graph,1,0.075,832,4202.0611216131065,2201.327188940092,0.4761315637181792,362,78,440,Exact_structureO
query_cycle_4_9.graph,2,0.075,832,4202.0611216131065,4565.166257166257,0.08641119799175133,359,79,438,Exact_structureO
query_cycle_4_9.graph,3,0.075,832,4202.0611216131065,4125.372378117913,0.018250268445822504,363,86,449,Exact_structureO
query_cycle_4_9.graph,4,0.075,832,4202.0611216131065,3594.8042335362475,0.14451405405634424,367,82,449,Exact_structureO
query_cycle_4_9.graph,5,0.075,832,4202.0611216131065,5143.494225146199,0.22404079243180802,365,79,444,Exact_structureO
query_cycle_4_9.graph,1,0.1,1109,4202.0611216131065,3522.4228957452933,0.16173925276149018,467,117,584,Exact_structureO
query_cycle_4_9.graph,2,0.1,1109,4202.0611216131065,3658.915002914602,0.12925707241735668,450,119,569,Exact_structureO
query_cycle_4_9.graph,3,0.1,1109,4202.0611216131065,4909.4949732620325,0.16835401275109324,451,109,560,Exact_structureO
query_cycle_4_9.graph,4,0.1,1109,4202.0611216131065,3204.155452050237,0.237480046263532,451,111,562,Exact_structureO
query_cycle_4_9.graph,5,0.1,1109,4202.0611216131065,3898.982087840052,0.072126279223827,460,117,577,Exact_structureO
query_cycle_4_9.graph,1,0.125,1387,4202.0611216131065,4128.005510911413,0.01762363958029837,537,148,685,Exact_structureO
query_cycle_4_9.graph,2,0.125,1387,4202.0611216131065,4417.078393881454,0.05116947756005166,527,152,679,Exact_structureO
query_cycle_4_9.graph,3,0.125,1387,4202.0611216131065,4375.319627423009,0.04123179097009203,533,138,671,Exact_structureO
query_cycle_4_9.graph,4,0.125,1387,4202.0611216131065,3055.001233775495,0.27297553620478343,533,153,686,Exact_structureO
query_cycle_4_9.graph,5,0.125,1387,4202.0611216131065,4146.14265391219,0.013307390369288564,531,141,672,Exact_structureO
query_cycle_4_9.graph,1,0.15,1664,4202.0611216131065,3208.7338707983195,0.23639048125826975,599,190,789,Exact_structureO
query_cycle_4_9.graph,2,0.15,1664,4202.0611216131065,4960.611062237303,0.18051854046639865,604,173,777,Exact_structureO
query_cycle_4_9.graph,3,0.15,1664,4202.0611216131065,4033.1227012941786,0.040203703713399354,605,170,775,Exact_structureO
query_cycle_4_9.graph,4,0.15,1664,4202.0611216131065,4187.0535916798035,0.0035714687385465294,601,187,788,Exact_structureO
query_cycle_4_9.graph,5,0.15,1664,4202.0611216131065,4087.608248252391,0.027237317603980647,605,178,783,Exact_structureO
query_cycle_4_9.graph,1,0.2,2219,4202.0611216131065,3768.5091709093367,0.10317602199401989,711,253,964,Exact_structureO
query_cycle_4_9.graph,2,0.2,2219,4202.0611216131065,3936.354376186437,0.0632324799037356,707,244,951,Exact_structureO
query_cycle_4_9.graph,3,0.2,2219,4202.0611216131065,3859.25200688349,0.08158118237890295,732,228,960,Exact_structureO
query_cycle_4_9.graph,4,0.2,2219,4202.0611216131065,3891.1625324316283,0.07398716491351964,710,257,967,Exact_structureO
query_cycle_4_9.graph,5,0.2,2219,4202.0611216131065,4275.925123876514,0.01757804090080726,713,236,949,Exact_structureO
query_cycle_4_9.graph,1,0.3,3329,4202.0611216131065,3929.3782677971108,0.06489264337766629,989,405,1394,Exact_structureO
query_cycle_4_9.graph,2,0.3,3329,4202.0611216131065,4107.894818344252,0.022409551061624206,979,433,1412,Exact_structureO
query_cycle_4_9.graph,3,0.3,3329,4202.0611216131065,4441.005204612716,0.05686354293387391,1003,387,1390,Exact_structureO
query_cycle_4_9.graph,4,0.3,3329,4202.0611216131065,4713.990712266644,0.12182821140331611,984,431,1415,Exact_structureO
query_cycle_4_9.graph,5,0.3,3329,4202.0611216131065,3981.559447053605,0.05247464712623087,988,428,1416,Exact_structureO
query_cycle_4_9.graph,1,0.4,4439,4202.0611216131065,4385.426450163201,0.043636996998202386,1196,518,1714,Exact_structureO
query_cycle_4_9.graph,2,0.4,4439,4202.0611216131065,4280.363817601519,0.018634354361402906,1164,537,1701,Exact_structureO
query_cycle_4_9.graph,3,0.4,4439,4202.0611216131065,4496.768410146751,0.07013398425306844,1181,498,1679,Exact_structureO
query_cycle_4_9.graph,4,0.4,4439,4202.0611216131065,4221.159590324138,0.004545024015190828,1155,551,1706,Exact_structureO
query_cycle_4_9.graph,5,0.4,4439,4202.0611216131065,4335.7842116306265,0.031823213929402766,1177,531,1708,Exact_structureO
query_cycle_4_9.graph,1,0.5,5549,4202.0611216131065,4182.875186924601,0.004565839033093499,1343,637,1980,Exact_structureO
query_cycle_4_9.graph,2,0.5,5549,4202.0611216131065,4142.458739886014,0.014184082525723013,1329,658,1987,Exact_structureO
query_cycle_4_9.graph,3,0.5,5549,4202.0611216131065,4927.440540700309,0.17262467110634036,1358,603,1961,Exact_structureO
query_cycle_4_9.graph,4,0.5,5549,4202.0611216131065,4683.271357313342,0.11451766687189611,1328,670,1998,Exact_structureO
query_cycle_4_9.graph,5,0.5,5549,4202.0611216131065,4209.974472113334,0.0018832069004245085,1333,644,1977,Exact_structureO
query_cycle_4_9.graph,1,0.6,6659,4202.0611216131065,4033.8828467417293,0.040022805476664786,1503,798,2301,Exact_structureO
query_cycle_4_9.graph,2,0.6,6659,4202.0611216131065,4279.8712105316445,0.018517124493578972,1500,787,2287,Exact_structureO
query_cycle_4_9.graph,3,0.6,6659,4202.0611216131065,4599.266943141232,0.09452642644465978,1510,739,2249,Exact_structureO
query_cycle_4_9.graph,4,0.6,6659,4202.0611216131065,4855.438478087691,0.1554897317209329,1496,793,2289,Exact_structureO
query_cycle_4_9.graph,5,0.6,6659,4202.0611216131065,4311.690292928358,0.026089380459360483,1527,773,2300,Exact_structureO
query_cycle_4_9.graph,1,0.7,7769,4202.0611216131065,4255.369012299825,0.012686129293201353,1656,909,2565,Exact_structureO
query_cycle_4_9.graph,2,0.7,7769,4202.0611216131065,4126.3386284657245,0.018020321684019985,1654,901,2555,Exact_structureO
query_cycle_4_9.graph,3,0.7,7769,4202.0611216131065,4556.314054048815,0.08430456439903379,1642,885,2527,Exact_structureO
query_cycle_4_9.graph,4,0.7,7769,4202.0611216131065,4555.57464223244,0.08412860031974623,1654,913,2567,Exact_structureO
query_cycle_4_9.graph,5,0.7,7769,4202.0611216131065,4619.839705706526,0.09942230062875444,1655,892,2547,Exact_structureO
query_cycle_4_9.graph,1,0.8,8879,4202.0611216131065,4307.995034114364,0.025209988487885467,1768,1012,2780,Exact_structureO
query_cycle_4_9.graph,2,0.8,8879,4202.0611216131065,4109.697105350915,0.021980645590117993,1775,981,2756,Exact_structureO
query_cycle_4_9.graph,3,0.8,8879,4202.0611216131065,4555.062238648511,0.08400665930815707,1776,1019,2795,Exact_structureO
query_cycle_4_9.graph,4,0.8,8879,4202.0611216131065,4639.4681014361695,0.10409343585539023,1781,1010,2791,Exact_structureO
query_cycle_4_9.graph,5,0.8,8879,4202.0611216131065,4476.485316642674,0.06530704506369009,1777,1004,2781,Exact_structureO
query_cycle_6_1.graph,1,0.01,197,3131.420986490732,657.5151515151517,0.7900265871782368,216,4,220,Exact_structureO
query_cycle_6_1.graph,2,0.01,197,3131.420986490732,,,214,1,215,Exact_structureO
query_cycle_6_1.graph,3,0.01,197,3131.420986490732,,,203,1,204,Exact_structureO
query_cycle_6_1.graph,4,0.01,197,3131.420986490732,9598.002743484225,2.0650630448256506,207,4,211,Exact_structureO
query_cycle_6_1.graph,5,0.01,197,3131.420986490732,1136.4705882352941,0.6370751192068573,219,1,220,Exact_structureO
query_cycle_6_1.graph,1,0.05,989,3131.420986490732,3012.769647696477,0.03789057405763356,707,8,715,Exact_structureO
query_cycle_6_1.graph,2,0.05,989,3131.420986490732,4505.257506824386,0.43872622884643236,715,7,722,Exact_structureO
query_cycle_6_1.graph,3,0.05,989,3131.420986490732,3474.9949217956528,0.10971821955180525,704,13,717,Exact_structureO
query_cycle_6_1.graph,4,0.05,989,3131.420986490732,6884.187989991659,1.1984230225481483,707,11,718,Exact_structureO
query_cycle_6_1.graph,5,0.05,989,3131.420986490732,7489.134862385322,1.3916090792947384,711,9,720,Exact_structureO
query_cycle_6_1.graph,1,0.075,1484,3131.420986490732,2205.4497323022015,0.2957032153080868,951,13,964,Exact_structureO
query_cycle_6_1.graph,2,0.075,1484,3131.420986490732,3263.5887471487713,0.042206960107958776,952,14,966,Exact_structureO
query_cycle_6_1.graph,3,0.075,1484,3131.420986490732,3285.9766338244604,0.04935639379070941,956,17,973,Exact_structureO
query_cycle_6_1.graph,4,0.075,1484,3131.420986490732,4154.000948131622,0.32655461084677007,954,17,971,Exact_structureO
query_cycle_6_1.graph,5,0.075,1484,3131.420986490732,5548.306942752739,0.7718176401987143,963,11,974,Exact_structureO
query_cycle_6_1.graph,1,0.1,1979,3131.420986490732,2329.5416666666665,0.25607522057348864,1171,17,1188,Exact_structureO
query_cycle_6_1.graph,2,0.1,1979,3131.420986490732,2956.910096964587,0.05572897744474562,1169,15,1184,Exact_structureO
query_cycle_6_1.graph,3,0.1,1979,3131.420986490732,3887.1403582578655,0.24133432554338222,1174,23,1197,Exact_structureO
query_cycle_6_1.graph,4,0.1,1979,3131.420986490732,4561.071827124658,0.45655018817386245,1166,19,1185,Exact_structureO
query_cycle_6_1.graph,5,0.1,1979,3131.420986490732,3540.429781542577,0.1306144388813738,1182,14,1196,Exact_structureO
query_cycle_6_1.graph,1,0.125,2474,3131.420986490732,3164.0033156498675,0.010404966083991572,1388,23,1411,Exact_structureO
query_cycle_6_1.graph,2,0.125,2474,3131.420986490732,3673.9550967900027,0.17325492568384063,1390,20,1410,Exact_structureO
query_cycle_6_1.graph,3,0.125,2474,3131.420986490732,3618.090473374623,0.15541490236650785,1403,30,1433,Exact_structureO
query_cycle_6_1.graph,4,0.125,2474,3131.420986490732,4709.404699608781,0.5039193771535768,1406,26,1432,Exact_structureO
query_cycle_6_1.graph,5,0.125,2474,3131.420986490732,4323.852615171458,0.3807956942950171,1395,17,1412,Exact_structureO
query_cycle_6_1.graph,1,0.15,2968,3131.420986490732,2446.490336020987,0.2187283835117046,1569,30,1599,Exact_structureO
query_cycle_6_1.graph,2,0.15,2968,3131.420986490732,3275.801687198714,0.046107087271514996,1574,24,1598,Exact_structureO
query_cycle_6_1.graph,3,0.15,2968,3131.420986490732,4205.9914600617985,0.3431574605289013,1572,32,1604,Exact_structureO
query_cycle_6_1.graph,4,0.15,2968,3131.420986490732,4549.90436153442,0.4529839268380614,1579,29,1608,Exact_structureO
query_cycle_6_1.graph,5,0.15,2968,3131.420986490732,3644.859078404402,0.1639632914669392,1579,23,1602,Exact_structureO
query_cycle_6_1.graph,1,0.2,3958,3131.420986490732,2360.9696217042415,0.24603889675335763,1930,44,1974,Exact_structureO
query_cycle_6_1.graph,2,0.2,3958,3131.420986490732,2952.168751210068,0.05724309700100255,1940,36,1976,Exact_structureO
query_cycle_6_1.graph,3,0.2,3958,3131.420986490732,3556.073313457037,0.13561010442169802,1941,38,1979,Exact_structureO
query_cycle_6_1.graph,4,0.2,3958,3131.420986490732,5026.783052687643,0.6052721989070443,1939,37,1976,Exact_structureO
query_cycle_6_1.graph,5,0.2,3958,3131.420986490732,3588.992080306699,0.14612250980943634,1936,32,1968,Exact_structureO
query_cycle_6_1.graph,1,0.3,5937,3131.420986490732,2104.2952472262386,0.3280062769252739,2559,68,2627,Exact_structureO
query_cycle_6_1.graph,2,0.3,5937,3131.420986490732,2204.57333175673,0.29598308842296095,2580,56,2636,Exact_structureO
query_cycle_6_1.graph,3,0.3,5937,3131.420986490732,3870.968460156761,0.23616992951650762,2566,52,2618,Exact_structureO
query_cycle_6_1.graph,4,0.3,5937,3131.420986490732,3832.5141983589674,0.22388979792012081,2565,58,2623,Exact_structureO
query_cycle_6_1.graph,5,0.3,5937,3131.420986490732,2744.5855811273927,0.12353350349000869,2565,54,2619,Exact_structureO
query_cycle_6_1.graph,1,0.4,7917,3131.420986490732,2631.9614052627617,0.15949934019816872,3040,82,3122,Exact_structureO
query_cycle_6_1.graph,2,0.4,7917,3131.420986490732,3233.6811538220613,0.032656154433559084,3023,81,3104,Exact_structureO
query_cycle_6_1.graph,3,0.4,7917,3131.420986490732,3344.4431289640593,0.068027308813579,3020,74,3094,Exact_structureO
query_cycle_6_1.graph,4,0.4,7917,3131.420986490732,3144.7807820733556,0.004266368412378608,3031,75,3106,Exact_structureO
query_cycle_6_1.graph,5,0.4,7917,3131.420986490732,2730.587644160788,0.1280036584219049,3036,69,3105,Exact_structureO
query_cycle_6_1.graph,1,0.5,9896,3131.420986490732,2464.6444290516706,0.2129309857459611,3416,102,3518,Exact_structureO
query_cycle_6_1.graph,2,0.5,9896,3131.420986490732,2939.611895316444,0.06125305157044415,3439,95,3534,Exact_structureO
query_cycle_6_1.graph,3,0.5,9896,3131.420986490732,3554.831233671989,0.1352134538945392,3427,91,3518,Exact_structureO
query_cycle_6_1.graph,4,0.5,9896,3131.420986490732,3209.5175152673182,0.024939645328271903,3443,96,3539,Exact_structureO
query_cycle_6_1.graph,5,0.5,9896,3131.420986490732,2877.45670987767,0.08110192711509873,3432,91,3523,Exact_structureO
query_cycle_6_1.graph,1,0.6,11875,3131.420986490732,2729.113396697518,0.128474450266767,3770,119,3889,Exact_structureO
query_cycle_6_1.graph,2,0.6,11875,3131.420986490732,3244.5379274740535,0.03612319821299002,3787,110,3897,Exact_structureO
query_cycle_6_1.graph,3,0.6,11875,3131.420986490732,3510.9377154714193,0.1211963292760574,3776,106,3882,Exact_structureO
query_cycle_6_1.graph,4,0.6,11875,3131.420986490732,3665.0535130718954,0.1704122597642758,3788,113,3901,Exact_structureO
query_cycle_6_1.graph,5,0.6,11875,3131.420986490732,2899.758797570896,0.07397989280880791,3737,106,3843,Exact_structureO
query_cycle_6_1.graph,1,0.7,13855,3131.420986490732,2768.384396251972,0.11593349849954285,4080,137,4217,Exact_structureO
query_cycle_6_1.graph,2,0.7,13855,3131.420986490732,3024.605161212475,0.0341109757324458,4060,133,4193,Exact_structureO
query_cycle_6_1.graph,3,0.7,13855,3131.420986490732,3208.2188608893125,0.024524928053396296,4053,124,4177,Exact_structureO
query_cycle_6_1.graph,4,0.7,13855,3131.420986490732,3448.481312137165,0.10125126165222219,4053,138,4191,Exact_structureO
query_cycle_6_1.graph,5,0.7,13855,3131.420986490732,2879.890240967601,0.08032479395401004,4064,126,4190,Exact_structureO
query_cycle_6_1.graph,1,0.8,15834,3131.420986490732,2946.433270087933,0.05907468756224561,4294,144,4438,Exact_structureO
query_cycle_6_1.graph,2,0.8,15834,3131.420986490732,2952.2461090339975,0.05721839325651617,4319,148,4467,Exact_structureO
query_cycle_6_1.graph,3,0.8,15834,3131.420986490732,3069.2718325036435,0.019846949437717348,4322,137,4459,Exact_structureO
query_cycle_6_1.graph,4,0.8,15834,3131.420986490732,3305.815477661744,0.055691806347139966,4300,153,4453,Exact_structureO
query_cycle_6_1.graph,5,0.8,15834,3131.420986490732,2839.125535251384,0.09334275158157919,4317,143,4460,Exact_structureO
query_cycle_6_10.graph,1,0.01,39,3560.495327102804,6382.8125,0.7926754323797224,33,4,37,Exact_structureO
query_cycle_6_10.graph,2,0.01,39,3560.495327102804,552.0,0.8449653912481987,27,3,30,Exact_structureO
query_cycle_6_10.graph,3,0.01,39,3560.495327102804,0.0,1.0,34,2,36,Exact_structureO
query_cycle_6_10.graph,4,0.01,39,3560.495327102804,711.7647058823529,0.8000939081525155,30,9,39,Exact_structureO
query_cycle_6_10.graph,5,0.01,39,3560.495327102804,5782.758620689655,0.6241444207694326,30,3,33,Exact_structureO
query_cycle_6_10.graph,1,0.05,198,3560.495327102804,2701.6129032258063,0.24122554447385702,110,18,128,Exact_structureO
query_cycle_6_10.graph,2,0.05,198,3560.495327102804,8727.6,1.451231977069241,116,13,129,Exact_structureO
query_cycle_6_10.graph,3,0.05,198,3560.495327102804,12543.10344827586,2.522853506588438,114,18,132,Exact_structureO
query_cycle_6_10.graph,4,0.05,198,3560.495327102804,2924.539886039887,0.17861431700863872,104,25,129,Exact_structureO
query_cycle_6_10.graph,5,0.05,198,3560.495327102804,3099.975352112676,0.12934154736410114,111,17,128,Exact_structureO
query_cycle_6_10.graph,1,0.075,297,3560.495327102804,2681.212121212121,0.24695530399871662,149,27,176,Exact_structureO
query_cycle_6_10.graph,2,0.075,297,3560.495327102804,5985.755102040817,0.6811579716105011,151,17,168,Exact_structureO
query_cycle_6_10.graph,3,0.075,297,3560.495327102804,7713.432692307692,1.1663931514226025,152,26,178,Exact_structureO
query_cycle_6_10.graph,4,0.075,297,3560.495327102804,6056.715306122449,0.7010878402277905,150,32,182,Exact_structureO
query_cycle_6_10.graph,5,0.075,297,3560.495327102804,2158.168115942029,0.39385733790636845,156,26,182,Exact_structureO
query_cycle_6_10.graph,1,0.1,396,3560.495327102804,2862.207667731629,0.19612093128047317,186,35,221,Exact_structureO
query_cycle_6_10.graph,2,0.1,396,3560.495327102804,4702.193486590038,0.32065711497962873,189,25,214,Exact_structureO
query_cycle_6_10.graph,3,0.1,396,3560.495327102804,5320.3106203995785,0.4942613686081556,188,39,227,Exact_structureO
query_cycle_6_10.graph,4,0.1,396,3560.495327102804,4267.0331125827815,0.19843806003668923,187,49,236,Exact_structureO
query_cycle_6_10.graph,5,0.1,396,3560.495327102804,1757.5581188997337,0.506372580938094,185,35,220,Exact_structureO
query_cycle_6_10.graph,1,0.125,496,3560.495327102804,2650.969309818081,0.25544929391181354,221,47,268,Exact_structureO
query_cycle_6_10.graph,2,0.125,496,3560.495327102804,2804.090643274854,0.212443667056696,225,43,268,Exact_structureO
query_cycle_6_10.graph,3,0.125,496,3560.495327102804,6372.587020648967,0.7898035063099995,218,49,267,Exact_structureO
query_cycle_6_10.graph,4,0.125,496,3560.495327102804,4292.410909090909,0.2055656628494072,210,53,263,Exact_structureO
query_cycle_6_10.graph,5,0.125,496,3560.495327102804,1662.2684833593921,0.533135608771606,217,47,264,Exact_structureO
query_cycle_6_10.graph,1,0.15,595,3560.495327102804,2786.490241004752,0.21738691249115172,263,59,322,Exact_structureO
query_cycle_6_10.graph,2,0.15,595,3560.495327102804,3497.165991902834,0.017786664321085208,254,49,303,Exact_structureO
query_cycle_6_10.graph,3,0.15,595,3560.495327102804,6073.19827586207,0.7057172437869388,255,56,311,Exact_structureO
query_cycle_6_10.graph,4,0.15,595,3560.495327102804,4470.345954106279,0.2555404637320017,247,65,312,Exact_structureO
query_cycle_6_10.graph,5,0.15,595,3560.495327102804,1956.525912106136,0.45049052663743483,251,54,305,Exact_structureO
query_cycle_6_10.graph,1,0.2,793,3560.495327102804,2393.1348930481286,0.32786461624275276,305,82,387,Exact_structureO
query_cycle_6_10.graph,2,0.2,793,3560.495327102804,3199.069825436409,0.10150989355755992,307,67,374,Exact_structureO
query_cycle_6_10.graph,3,0.2,793,3560.495327102804,4496.026907155529,0.2627532110297623,303,79,382,Exact_structureO
query_cycle_6_10.graph,4,0.2,793,3560.495327102804,2953.8623277727556,0.17037882193309017,292,82,374,Exact_structureO
query_cycle_6_10.graph,5,0.2,793,3560.495327102804,3221.361583495958,0.09524903488155993,301,77,378,Exact_structureO
query_cycle_6_10.graph,1,0.3,1190,3560.495327102804,3514.13963422774,0.013019450558522135,426,135,561,Exact_structureO
query_cycle_6_10.graph,2,0.3,1190,3560.495327102804,2512.4731574158327,0.2943472953634665,419,120,539,Exact_structureO
query_cycle_6_10.graph,3,0.3,1190,3560.495327102804,6026.2298687141565,0.6925257064212286,423,126,549,Exact_structureO
query_cycle_6_10.graph,4,0.3,1190,3560.495327102804,2702.325721834309,0.24102534238313195,416,137,553,Exact_structureO
query_cycle_6_10.graph,5,0.3,1190,3560.495327102804,3608.6631106012815,0.01352839396581148,415,133,548,Exact_structureO
query_cycle_6_10.graph,1,0.4,1587,3560.495327102804,2905.240552118039,0.18403472404440693,499,165,664,Exact_structureO
query_cycle_6_10.graph,2,0.4,1587,3560.495327102804,3312.275190993555,0.06971505740220338,496,184,680,Exact_structureO
query_cycle_6_10.graph,3,0.4,1587,3560.495327102804,4959.390775034292,0.39289349357741693,499,181,680,Exact_structureO
query_cycle_6_10.graph,4,0.4,1587,3560.495327102804,3117.074864992895,0.12453898162274031,503,182,685,Exact_structureO
query_cycle_6_10.graph,5,0.4,1587,3560.495327102804,3395.1055535608903,0.046451338464890586,498,183,681,Exact_structureO
query_cycle_6_10.graph,1,0.5,1984,3560.495327102804,3212.5985500833876,0.0977102186797425,577,214,791,Exact_structureO
query_cycle_6_10.graph,2,0.5,1984,3560.495327102804,4369.44298642534,0.22720087656477317,563,222,785,Exact_structureO
query_cycle_6_10.graph,3,0.5,1984,3560.495327102804,4941.463740213067,0.38785851019048095,567,219,786,Exact_structureO
query_cycle_6_10.graph,4,0.5,1984,3560.495327102804,3137.6775410267314,0.11875251818407014,560,218,778,Exact_structureO
query_cycle_6_10.graph,5,0.5,1984,3560.495327102804,3239.340993029546,0.09019934154346525,564,225,789,Exact_structureO
query_cycle_6_10.graph,1,0.6,2381,3560.495327102804,3511.0280485692238,0.0138933698794746,629,246,875,Exact_structureO
query_cycle_6_10.graph,2,0.6,2381,3560.495327102804,3596.0888057604643,0.00999677724240212,624,269,893,Exact_structureO
query_cycle_6_10.graph,3,0.6,2381,3560.495327102804,4258.31218996646,0.19598870346825423,627,248,875,Exact_structureO
query_cycle_6_10.graph,4,0.6,2381,3560.495327102804,3018.9726236548904,0.15209195735374093,629,254,883,Exact_structureO
query_cycle_6_10.graph,5,0.6,2381,3560.495327102804,3281.7667036184507,0.07828366501779861,623,270,893,Exact_structureO
query_cycle_6_10.graph,1,0.7,2778,3560.495327102804,3143.9861378808914,0.11698068694302387,683,307,990,Exact_structureO
query_cycle_6_10.graph,2,0.7,2778,3560.495327102804,3254.5358925789546,0.08593170511834664,675,314,989,Exact_structureO
query_cycle_6_10.graph,3,0.7,2778,3560.495327102804,4262.383509389081,0.19713217342077172,689,284,973,Exact_structureO
query_cycle_6_10.graph,4,0.7,2778,3560.495327102804,3024.5122857528204,0.15053608897336093,690,296,986,Exact_structureO
query_cycle_6_10.graph,5,0.7,2778,3560.495327102804,3964.4377300089077,0.11345118187103312,681,303,984,Exact_structureO
query_cycle_6_10.graph,1,0.8,3175,3560.495327102804,3563.2984093042705,0.0007872731021802821,741,343,1084,Exact_structureO
query_cycle_6_10.graph,2,0.8,3175,3560.495327102804,3230.504234197089,0.09268123184821893,729,344,1073,Exact_structureO
query_cycle_6_10.graph,3,0.8,3175,3560.495327102804,4138.0888785361185,0.1622228084493249,751,332,1083,Exact_structureO
query_cycle_6_10.graph,4,0.8,3175,3560.495327102804,3129.8260416008,0.12095768873047276,729,342,1071,Exact_structureO
query_cycle_6_10.graph,5,0.8,3175,3560.495327102804,4071.7392962693298,0.1435878781457433,738,337,1075,Exact_structureO
query_cycle_6_11.graph,1,0.01,47,7541.933060378657,32135.593220338982,3.260922625946186,30,3,33,Exact_structureO
query_cycle_6_11.graph,2,0.01,47,7541.933060378657,5600.000000000001,0.25748479134355473,31,3,34,Exact_structureO
query_cycle_6_11.graph,3,0.01,47,7541.933060378657,13776.100628930817,0.8266007558862055,30,5,35,Exact_structureO
query_cycle_6_11.graph,4,0.01,47,7541.933060378657,5651.063829787235,0.2507141359454717,29,2,31,Exact_structureO
query_cycle_6_11.graph,5,0.01,47,7541.933060378657,7285.714285714286,0.03397256016635958,32,7,39,Exact_structureO
query_cycle_6_11.graph,1,0.05,237,7541.933060378657,7936.8421052631575,0.05236178068977368,107,32,139,Exact_structureO
query_cycle_6_11.graph,2,0.05,237,7541.933060378657,5447.842105263158,0.2776597111577069,104,34,138,Exact_structureO
query_cycle_6_11.graph,3,0.05,237,7541.933060378657,6490.41195631347,0.139423287855646,97,33,130,Exact_structureO
query_cycle_6_11.graph,4,0.05,237,7541.933060378657,6255.833549390718,0.17052650834895738,101,28,129,Exact_structureO
query_cycle_6_11.graph,5,0.05,237,7541.933060378657,6319.023453572898,0.16214803247595522,107,41,148,Exact_structureO
query_cycle_6_11.graph,1,0.075,356,7541.933060378657,7364.423076923078,0.023536404000735898,141,50,191,Exact_structureO
query_cycle_6_11.graph,2,0.075,356,7541.933060378657,7242.476022359518,0.0397056080479325,142,56,198,Exact_structureO
query_cycle_6_11.graph,3,0.075,356,7541.933060378657,8207.070361737027,0.08819188608987419,149,63,212,Exact_structureO
query_cycle_6_11.graph,4,0.075,356,7541.933060378657,5786.40350877193,0.2327691770203257,143,56,199,Exact_structureO
query_cycle_6_11.graph,5,0.075,356,7541.933060378657,7364.392291666667,0.023540485879501537,135,59,194,Exact_structureO
query_cycle_6_11.graph,1,0.1,474,7541.933060378657,7108.8060618472255,0.05742917565880453,178,84,262,Exact_structureO
query_cycle_6_11.graph,2,0.1,474,7541.933060378657,6494.539053763441,0.13887606774417977,176,82,258,Exact_structureO
query_cycle_6_11.graph,3,0.1,474,7541.933060378657,6873.979289940829,0.08856532736241116,191,92,283,Exact_structureO
query_cycle_6_11.graph,4,0.1,474,7541.933060378657,7593.130728504143,0.006788401291235532,174,79,253,Exact_structureO
query_cycle_6_11.graph,5,0.1,474,7541.933060378657,6367.50150956055,0.1557202300015033,174,84,258,Exact_structureO
query_cycle_6_11.graph,1,0.125,593,7541.933060378657,7265.449139120216,0.03665955651488623,217,107,324,Exact_structureO
query_cycle_6_11.graph,2,0.125,593,7541.933060378657,6457.094715824405,0.14384088745807364,211,118,329,Exact_structureO
query_cycle_6_11.graph,3,0.125,593,7541.933060378657,6217.047034510233,0.17566928998994658,209,107,316,Exact_structureO
query_cycle_6_11.graph,4,0.125,593,7541.933060378657,8399.92939156971,0.11376345087156964,215,114,329,Exact_structureO
query_cycle_6_11.graph,5,0.125,593,7541.933060378657,7228.545515805994,0.041552681794410996,211,108,319,Exact_structureO
query_cycle_6_11.graph,1,0.15,712,7541.933060378657,6714.749089805825,0.10967797830484873,243,132,375,Exact_structureO
query_cycle_6_11.graph,2,0.15,712,7541.933060378657,6536.304123114261,0.13333835360425575,242,134,376,Exact_structureO
query_cycle_6_11.graph,3,0.15,712,7541.933060378657,7232.735652132338,0.040997103232151284,246,134,380,Exact_structureO
query_cycle_6_11.graph,4,0.15,712,7541.933060378657,7629.97707647512,0.011673932318360189,242,143,385,Exact_structureO
query_cycle_6_11.graph,5,0.15,712,7541.933060378657,7592.085301587765,0.006649786043923079,243,133,376,Exact_structureO
query_cycle_6_11.graph,1,0.2,949,7541.933060378657,7103.391366694495,0.05814712092686532,294,176,470,Exact_structureO
query_cycle_6_11.graph,2,0.2,949,7541.933060378657,7412.905369822485,0.017108039745674073,300,172,472,Exact_structureO
query_cycle_6_11.graph,3,0.2,949,7541.933060378657,7640.884905882863,0.013120223252052851,298,176,474,Exact_structureO
query_cycle_6_11.graph,4,0.2,949,7541.933060378657,7807.93205128205,0.035269338613042385,292,181,473,Exact_structureO
query_cycle_6_11.graph,5,0.2,949,7541.933060378657,8139.883400255923,0.07928343238931447,300,182,482,Exact_structureO
query_cycle_6_11.graph,1,0.3,1424,7541.933060378657,7224.060270992755,0.04214738938162121,396,264,660,Exact_structureO
query_cycle_6_11.graph,2,0.3,1424,7541.933060378657,7478.419545358107,0.008421384081783518,404,247,651,Exact_structureO
query_cycle_6_11.graph,3,0.3,1424,7541.933060378657,7123.9621438613985,0.05541960040895312,398,266,664,Exact_structureO
query_cycle_6_11.graph,4,0.3,1424,7541.933060378657,7648.50628670138,0.014130757389322813,410,264,674,Exact_structureO
query_cycle_6_11.graph,5,0.3,1424,7541.933060378657,7659.786279293055,0.01562639418447463,407,254,661,Exact_structureO
query_cycle_6_11.graph,1,0.4,1899,7541.933060378657,7510.0888835784635,0.004222283139515727,492,316,808,Exact_structureO
query_cycle_6_11.graph,2,0.4,1899,7541.933060378657,7045.1390983644405,0.06587090577932994,480,298,778,Exact_structureO
query_cycle_6_11.graph,3,0.4,1899,7541.933060378657,7766.263047605429,0.029744362013140128,483,314,797,Exact_structureO
query_cycle_6_11.graph,4,0.4,1899,7541.933060378657,7531.148458287774,0.0014299519771051028,483,308,791,Exact_structureO
query_cycle_6_11.graph,5,0.4,1899,7541.933060378657,7841.363408595104,0.03970206919357281,484,308,792,Exact_structureO
query_cycle_6_11.graph,1,0.5,2374,7541.933060378657,7552.312806655333,0.0013762713343619829,564,362,926,Exact_structureO
query_cycle_6_11.graph,2,0.5,2374,7541.933060378657,6665.233739512585,0.1162433177074705,554,358,912,Exact_structureO
query_cycle_6_11.graph,3,0.5,2374,7541.933060378657,7535.756552565876,0.0008189555334598634,549,355,904,Exact_structureO
query_cycle_6_11.graph,4,0.5,2374,7541.933060378657,8066.846143163124,0.06959927628396548,555,345,900,Exact_structureO
query_cycle_6_11.graph,5,0.5,2374,7541.933060378657,7981.530743369441,0.0582871366626414,548,351,899,Exact_structureO
query_cycle_6_11.graph,1,0.6,2848,7541.933060378657,7604.914617138876,0.008350850671307464,616,397,1013,Exact_structureO
query_cycle_6_11.graph,2,0.6,2848,7541.933060378657,6980.695988514965,0.07441554670010732,611,384,995,Exact_structureO
query_cycle_6_11.graph,3,0.6,2848,7541.933060378657,7373.420295369576,0.022343444798570023,629,398,1027,Exact_structureO
query_cycle_6_11.graph,4,0.6,2848,7541.933060378657,7789.238800864696,0.03279076312480859,629,387,1016,Exact_structureO
query_cycle_6_11.graph,5,0.6,2848,7541.933060378657,7533.660102600426,0.0010969280305193844,613,392,1005,Exact_structureO
query_cycle_6_11.graph,1,0.7,3323,7541.933060378657,7672.605003344076,0.017326054463662775,677,422,1099,Exact_structureO
query_cycle_6_11.graph,2,0.7,3323,7541.933060378657,7087.935269807502,0.06019647574919752,678,427,1105,Exact_structureO
query_cycle_6_11.graph,3,0.7,3323,7541.933060378657,7190.835323162513,0.04655275171568757,686,425,1111,Exact_structureO
query_cycle_6_11.graph,4,0.7,3323,7541.933060378657,7618.0606076666645,0.010093903867689035,680,418,1098,Exact_structureO
query_cycle_6_11.graph,5,0.7,3323,7541.933060378657,7424.866224951534,0.015522126023914264,678,426,1104,Exact_structureO
query_cycle_6_11.graph,1,0.8,3798,7541.933060378657,7765.937932121872,0.02970125430044177,743,469,1212,Exact_structureO
query_cycle_6_11.graph,2,0.8,3798,7541.933060378657,7353.31905640509,0.02500870830642148,750,465,1215,Exact_structureO
query_cycle_6_11.graph,3,0.8,3798,7541.933060378657,7385.547652609671,0.020735454228644944,742,448,1190,Exact_structureO
query_cycle_6_11.graph,4,0.8,3798,7541.933060378657,7656.812503688032,0.015232095324856624,748,456,1204,Exact_structureO
query_cycle_6_11.graph,5,0.8,3798,7541.933060378657,7355.063556225551,0.024777401583530277,752,458,1210,Exact_structureO
query_cycle_6_15.graph,1,0.01,82,4002.119974874372,8041.025641025641,1.009191551354742,77,2,79,Exact_structureO
query_cycle_6_15.graph,2,0.01,82,4002.119974874372,5512.195121951219,0.3773188101699148,74,4,78,Exact_structureO
query_cycle_6_15.graph,3,0.01,82,4002.119974874372,8277.008658008657,1.0681560547840587,75,8,83,Exact_structureO
query_cycle_6_15.graph,4,0.01,82,4002.119974874372,,,80,5,85,Exact_structureO
query_cycle_6_15.graph,5,0.01,82,4002.119974874372,3194.4444444444443,0.20181192355566024,72,4,76,Exact_structureO
query_cycle_6_15.graph,1,0.05,411,4002.119974874372,5441.683717105263,0.35970029665991693,255,30,285,Exact_structureO
query_cycle_6_15.graph,2,0.05,411,4002.119974874372,7952.977401129943,0.9871911514545713,257,24,281,Exact_structureO
query_cycle_6_15.graph,3,0.05,411,4002.119974874372,6879.512680115274,0.7189671282483789,266,35,301,Exact_structureO
query_cycle_6_15.graph,4,0.05,411,4002.119974874372,6410.778577857785,0.6018456763178426,273,30,303,Exact_structureO
query_cycle_6_15.graph,5,0.05,411,4002.119974874372,7767.256339228639,0.9407854806932558,258,25,283,Exact_structureO
query_cycle_6_15.graph,1,0.075,617,4002.119974874372,3072.171606864275,0.23236394057359275,365,51,416,Exact_structureO
query_cycle_6_15.graph,2,0.075,617,4002.119974874372,4728.726531056238,0.18155541581550771,378,49,427,Exact_structureO
query_cycle_6_15.graph,3,0.075,617,4002.119974874372,4905.889835320841,0.22582278045646,369,55,424,Exact_structureO
query_cycle_6_15.graph,4,0.075,617,4002.119974874372,5509.870851624233,0.3767380503872051,357,45,402,Exact_structureO
query_cycle_6_15.graph,5,0.075,617,4002.119974874372,5437.710981944101,0.35870763897196584,370,45,415,Exact_structureO
query_cycle_6_15.graph,1,0.1,822,4002.119974874372,4370.111375451582,0.09194911768949685,466,73,539,Exact_structureO
query_cycle_6_15.graph,2,0.1,822,4002.119974874372,4819.506367041198,0.20423835299752208,474,66,540,Exact_structureO
query_cycle_6_15.graph,3,0.1,822,4002.119974874372,4121.737142857144,0.029888451304243308,462,81,543,Exact_structureO
query_cycle_6_15.graph,4,0.1,822,4002.119974874372,4335.614130434782,0.08332937484486046,476,71,547,Exact_structureO
query_cycle_6_15.graph,5,0.1,822,4002.119974874372,4834.404698566246,0.20796096291890898,460,58,518,Exact_structureO
query_cycle_6_15.graph,1,0.125,1028,4002.119974874372,3365.9484228474007,0.15895864092553622,543,96,639,Exact_structureO
query_cycle_6_15.graph,2,0.125,1028,4002.119974874372,3807.06381533101,0.04873820894124614,554,92,646,Exact_structureO
query_cycle_6_15.graph,3,0.125,1028,4002.119974874372,4904.643314056413,0.2255113152149747,561,100,661,Exact_structureO
query_cycle_6_15.graph,4,0.125,1028,4002.119974874372,4935.1902513669365,0.23314400426535287,549,88,637,Exact_structureO
query_cycle_6_15.graph,5,0.125,1028,4002.119974874372,4596.561359570663,0.14853162534562708,559,82,641,Exact_structureO
query_cycle_6_15.graph,1,0.15,1234,4002.119974874372,3513.951997025168,0.12197734723445608,633,122,755,Exact_structureO
query_cycle_6_15.graph,2,0.15,1234,4002.119974874372,3868.486072206661,0.03339077876392395,645,120,765,Exact_structureO
query_cycle_6_15.graph,3,0.15,1234,4002.119974874372,3673.1559643627393,0.0821974385018178,629,126,755,Exact_structureO
query_cycle_6_15.graph,4,0.15,1234,4002.119974874372,5341.785690370966,0.3347390192965534,643,117,760,Exact_structureO
query_cycle_6_15.graph,5,0.15,1234,4002.119974874372,3899.7477224947434,0.025579506117340264,642,103,745,Exact_structureO
query_cycle_6_15.graph,1,0.2,1645,4002.119974874372,4265.68564557136,0.06585651413542669,772,160,932,Exact_structureO
query_cycle_6_15.graph,2,0.2,1645,4002.119974874372,3492.8474246841597,0.127250695478263,776,163,939,Exact_structureO
query_cycle_6_15.graph,3,0.2,1645,4002.119974874372,3296.4200095947363,0.17633153671306118,794,168,962,Exact_structureO
query_cycle_6_15.graph,4,0.2,1645,4002.119974874372,7025.052386278897,0.7553327812216364,788,150,938,Exact_structureO
query_cycle_6_15.graph,5,0.2,1645,4002.119974874372,3367.9418889710896,0.15846053838583124,791,146,937,Exact_structureO
query_cycle_6_15.graph,1,0.3,2468,4002.119974874372,3615.044054485213,0.09671772031304718,1095,263,1358,Exact_structureO
query_cycle_6_15.graph,2,0.3,2468,4002.119974874372,4478.218680886403,0.1189616275876326,1095,259,1354,Exact_structureO
query_cycle_6_15.graph,3,0.3,2468,4002.119974874372,4245.3770459187135,0.060782053654445334,1109,274,1383,Exact_structureO
query_cycle_6_15.graph,4,0.3,2468,4002.119974874372,5383.887001658579,0.3452587717157532,1103,248,1351,Exact_structureO
query_cycle_6_15.graph,5,0.3,2468,4002.119974874372,3746.9636684303355,0.06375528670952599,1115,250,1365,Exact_structureO
query_cycle_6_15.graph,1,0.4,3291,4002.119974874372,3842.1221403301884,0.039978270403851664,1369,347,1716,Exact_structureO
query_cycle_6_15.graph,2,0.4,3291,4002.119974874372,4222.606320791598,0.05509238785979843,1352,348,1700,Exact_structureO
query_cycle_6_15.graph,3,0.4,3291,4002.119974874372,5064.510913526772,0.26545704409717225,1379,368,1747,Exact_structureO
query_cycle_6_15.graph,4,0.4,3291,4002.119974874372,5140.7824529007,0.28451482843466513,1374,344,1718,Exact_structureO
query_cycle_6_15.graph,5,0.4,3291,4002.119974874372,3730.330767373143,0.06791130930795265,1372,333,1705,Exact_structureO
query_cycle_6_15.graph,1,0.5,4114,4002.119974874372,3911.07869838182,0.02274826268680515,1587,437,2024,Exact_structureO
query_cycle_6_15.graph,2,0.5,4114,4002.119974874372,4061.6056813597716,0.01486354903372601,1606,432,2038,Exact_structureO
query_cycle_6_15.graph,3,0.5,4114,4002.119974874372,4548.753791881942,0.13658606449566238,1601,439,2040,Exact_structureO
query_cycle_6_15.graph,4,0.5,4114,4002.119974874372,5221.507065554856,0.3046852913795422,1606,433,2039,Exact_structureO
query_cycle_6_15.graph,5,0.5,4114,4002.119974874372,3710.9574202515246,0.07275208051002698,1624,423,2047,Exact_structureO
query_cycle_6_15.graph,1,0.6,4936,4002.119974874372,3671.182396308797,0.08269056915915257,1859,547,2406,Exact_structureO
query_cycle_6_15.graph,2,0.6,4936,4002.119974874372,3598.191511125358,0.10092862440029514,1841,524,2365,Exact_structureO
query_cycle_6_15.graph,3,0.6,4936,4002.119974874372,4321.977749265467,0.0799220853945377,1857,534,2391,Exact_structureO
query_cycle_6_15.graph,4,0.6,4936,4002.119974874372,4376.513221327518,0.09354873137327639,1859,525,2384,Exact_structureO
query_cycle_6_15.graph,5,0.6,4936,4002.119974874372,3738.561011826406,0.06585483811145353,1860,493,2353,Exact_structureO
query_cycle_6_15.graph,1,0.7,5759,4002.119974874372,3593.721407657428,0.1020455582993271,2084,606,2690,Exact_structureO
query_cycle_6_15.graph,2,0.7,5759,4002.119974874372,3401.4670838991556,0.15008367933649244,2102,618,2720,Exact_structureO
query_cycle_6_15.graph,3,0.7,5759,4002.119974874372,4253.430870504932,0.06279444324715636,2110,596,2706,Exact_structureO
query_cycle_6_15.graph,4,0.7,5759,4002.119974874372,4349.617274483984,0.08682830644539091,2100,598,2698,Exact_structureO
query_cycle_6_15.graph,5,0.7,5759,4002.119974874372,3991.9485871512534,0.002541499951769418,2117,580,2697,Exact_structureO
query_cycle_6_15.graph,1,0.8,6582,4002.119974874372,3945.495561957172,0.014148604557757547,2324,676,3000,Exact_structureO
query_cycle_6_15.graph,2,0.8,6582,4002.119974874372,3710.058426825182,0.07297670981449227,2307,670,2977,Exact_structureO
query_cycle_6_15.graph,3,0.8,6582,4002.119974874372,4151.982425537485,0.037445766644668706,2337,662,2999,Exact_structureO
query_cycle_6_15.graph,4,0.8,6582,4002.119974874372,4534.925214564883,0.13313075146060216,2357,656,3013,Exact_structureO
query_cycle_6_15.graph,5,0.8,6582,4002.119974874372,3970.454812991172,0.007912097109031365,2342,661,3003,Exact_structureO
query_cycle_6_16.graph,1,0.01,257,1410.1501191421764,591.4601226993865,0.5805693913927519,130,10,140,Exact_structureO
query_cycle_6_16.graph,2,0.01,257,1410.1501191421764,3496.05,1.4792041304983328,120,10,130,Exact_structureO
query_cycle_6_16.graph,3,0.01,257,1410.1501191421764,2104.418300653595,0.49233636340346254,130,11,141,Exact_structureO
query_cycle_6_16.graph,4,0.01,257,1410.1501191421764,162.46635944700463,0.8847878979396632,133,16,149,Exact_structureO
query_cycle_6_16.graph,5,0.01,257,1410.1501191421764,5732.331210191082,3.065050332143487,133,11,144,Exact_structureO
query_cycle_6_16.graph,1,0.05,1286,1410.1501191421764,1843.8075221751317,0.30752570038199767,342,74,416,Exact_structureO
query_cycle_6_16.graph,2,0.05,1286,1410.1501191421764,1996.2294813253718,0.4156148726489628,357,67,424,Exact_structureO
query_cycle_6_16.graph,3,0.05,1286,1410.1501191421764,1338.427579689601,0.050861634147296074,347,94,441,Exact_structureO
query_cycle_6_16.graph,4,0.05,1286,1410.1501191421764,1188.6813832466007,0.15705330438882617,353,69,422,Exact_structureO
query_cycle_6_16.graph,5,0.05,1286,1410.1501191421764,2241.1306503009555,0.5892851547353567,356,72,428,Exact_structureO
query_cycle_6_16.graph,1,0.075,1930,1410.1501191421764,1953.594726359902,0.3853806767383846,438,148,586,Exact_structureO
query_cycle_6_16.graph,2,0.075,1930,1410.1501191421764,1658.6556323765624,0.17622628247945474,448,153,601,Exact_structureO
query_cycle_6_16.graph,3,0.075,1930,1410.1501191421764,1417.491589765574,0.005206162467201361,439,147,586,Exact_structureO
query_cycle_6_16.graph,4,0.075,1930,1410.1501191421764,1428.5066037735849,0.01301739749706581,449,150,599,Exact_structureO
query_cycle_6_16.graph,5,0.075,1930,1410.1501191421764,2161.40015465196,0.5327447236374978,440,125,565,Exact_structureO
query_cycle_6_16.graph,1,0.1,2573,1410.1501191421764,1911.7854029972332,0.35573183099130745,503,206,709,Exact_structureO
query_cycle_6_16.graph,2,0.1,2573,1410.1501191421764,2148.2936530592824,0.5234503219885086,506,219,725,Exact_structureO
query_cycle_6_16.graph,3,0.1,2573,1410.1501191421764,1233.271487003211,0.12543248391636802,505,219,724,Exact_structureO
query_cycle_6_16.graph,4,0.1,2573,1410.1501191421764,1457.3889269356596,0.03349913399448528,504,230,734,Exact_structureO
query_cycle_6_16.graph,5,0.1,2573,1410.1501191421764,1807.2317992233263,0.2815882328348863,509,234,743,Exact_structureO
query_cycle_6_16.graph,1,0.125,3217,1410.1501191421764,1964.578552064079,0.39316979475857006,541,305,846,Exact_structureO
query_cycle_6_16.graph,2,0.125,3217,1410.1501191421764,1653.430570043078,0.17252095900888487,534,271,805,Exact_structureO
query_cycle_6_16.graph,3,0.125,3217,1410.1501191421764,1360.6055513490987,0.035134250687591115,541,296,837,Exact_structureO
query_cycle_6_16.graph,4,0.125,3217,1410.1501191421764,1321.5863798253677,0.06280447600194788,537,291,828,Exact_structureO
query_cycle_6_16.graph,5,0.125,3217,1410.1501191421764,1736.1889765227738,0.23120861598688058,550,306,856,Exact_structureO
query_cycle_6_16.graph,1,0.15,3860,1410.1501191421764,1762.2843833149432,0.24971402646618737,571,389,960,Exact_structureO
query_cycle_6_16.graph,2,0.15,3860,1410.1501191421764,1417.7954188538909,0.0054216211507787625,578,353,931,Exact_structureO
query_cycle_6_16.graph,3,0.15,3860,1410.1501191421764,1540.9030890846266,0.09272273084087664,573,364,937,Exact_structureO
query_cycle_6_16.graph,4,0.15,3860,1410.1501191421764,1264.7642433788299,0.10309957343533596,573,388,961,Exact_structureO
query_cycle_6_16.graph,5,0.15,3860,1410.1501191421764,1740.6264548037461,0.23435542867067607,574,362,936,Exact_structureO
query_cycle_6_16.graph,1,0.2,5147,1410.1501191421764,1649.0642382752221,0.16942459947341074,611,534,1145,Exact_structureO
query_cycle_6_16.graph,2,0.2,5147,1410.1501191421764,1415.7600217855725,0.003978230804822855,613,459,1072,Exact_structureO
query_cycle_6_16.graph,3,0.2,5147,1410.1501191421764,1536.8878955201671,0.08987537898098957,607,524,1131,Exact_structureO
query_cycle_6_16.graph,4,0.2,5147,1410.1501191421764,1224.6758907554984,0.13152800249345503,615,510,1125,Exact_structureO
query_cycle_6_16.graph,5,0.2,5147,1410.1501191421764,1703.6446886446884,0.20813001787430316,611,510,1121,Exact_structureO
query_cycle_6_16.graph,1,0.3,7720,1410.1501191421764,1720.3389817821121,0.2199686816525818,674,819,1493,Exact_structureO
query_cycle_6_16.graph,2,0.3,7720,1410.1501191421764,1512.3880110140926,0.0725014241278862,672,802,1474,Exact_structureO
query_cycle_6_16.graph,3,0.3,7720,1410.1501191421764,1439.8679874281356,0.02107425860732982,660,847,1507,Exact_structureO
query_cycle_6_16.graph,4,0.3,7720,1410.1501191421764,1506.7798744900874,0.06852444575666375,671,819,1490,Exact_structureO
query_cycle_6_16.graph,5,0.3,7720,1410.1501191421764,1579.8840717277812,0.12036587472605931,667,809,1476,Exact_structureO
query_cycle_6_16.graph,1,0.4,10294,1410.1501191421764,1614.6351071091044,0.1450093753786444,689,962,1651,Exact_structureO
query_cycle_6_16.graph,2,0.4,10294,1410.1501191421764,1544.071749638409,0.0949697685929353,688,967,1655,Exact_structureO
query_cycle_6_16.graph,3,0.4,10294,1410.1501191421764,1358.9731807815801,0.036291837064644075,683,993,1676,Exact_structureO
query_cycle_6_16.graph,4,0.4,10294,1410.1501191421764,1424.1329676574194,0.00991585812420383,689,983,1672,Exact_structureO
query_cycle_6_16.graph,5,0.4,10294,1410.1501191421764,1481.360016066276,0.050498096590892126,692,995,1687,Exact_structureO
query_cycle_6_16.graph,1,0.5,12868,1410.1501191421764,1614.7015249449735,0.14505647521217804,698,1052,1750,Exact_structureO
query_cycle_6_16.graph,2,0.5,12868,1410.1501191421764,1498.3540054164744,0.06254928824737765,696,1025,1721,Exact_structureO
query_cycle_6_16.graph,3,0.5,12868,1410.1501191421764,1414.6157747143632,0.0031667944508654757,689,1082,1771,Exact_structureO
query_cycle_6_16.graph,4,0.5,12868,1410.1501191421764,1499.974378236082,0.06369836648919869,704,1049,1753,Exact_structureO
query_cycle_6_16.graph,5,0.5,12868,1410.1501191421764,1452.015058142686,0.02968828526283209,696,1047,1743,Exact_structureO
query_cycle_6_16.graph,1,0.6,15441,1410.1501191421764,1538.9558503218557,0.09134185745985289,706,1120,1826,Exact_structureO
query_cycle_6_16.graph,2,0.6,15441,1410.1501191421764,1453.2262457918553,0.03054719214992722,707,1122,1829,Exact_structureO
query_cycle_6_16.graph,3,0.6,15441,1410.1501191421764,1477.3046541907177,0.0476222595998451,696,1137,1833,Exact_structureO
query_cycle_6_16.graph,4,0.6,15441,1410.1501191421764,1367.2061880783233,0.03045344639617293,708,1100,1808,Exact_structureO
query_cycle_6_16.graph,5,0.6,15441,1410.1501191421764,1465.9268574776938,0.03955375926177813,704,1122,1826,Exact_structureO
query_cycle_6_16.graph,1,0.7,18015,1410.1501191421764,1548.1562059226974,0.09786623771976342,710,1162,1872,Exact_structureO
query_cycle_6_16.graph,2,0.7,18015,1410.1501191421764,1441.7898122432744,0.02243710983079234,709,1160,1869,Exact_structureO
query_cycle_6_16.graph,3,0.7,18015,1410.1501191421764,1420.2186058906263,0.007140010564672918,700,1209,1909,Exact_structureO
query_cycle_6_16.graph,4,0.7,18015,1410.1501191421764,1430.853810326519,0.014681905779603767,718,1152,1870,Exact_structureO
query_cycle_6_16.graph,5,0.7,18015,1410.1501191421764,1494.2788318310688,0.05965940189408318,710,1175,1885,Exact_structureO
query_cycle_6_16.graph,1,0.8,20588,1410.1501191421764,1517.0736617112354,0.07582422688025783,713,1192,1905,Exact_structureO
query_cycle_6_16.graph,2,0.8,20588,1410.1501191421764,1434.9104920808174,0.01755867875521172,713,1215,1928,Exact_structureO
query_cycle_6_16.graph,3,0.8,20588,1410.1501191421764,1434.352463142341,0.01716295568225562,702,1227,1929,Exact_structureO
query_cycle_6_16.graph,4,0.8,20588,1410.1501191421764,1398.957820708267,0.007936955280135641,719,1195,1914,Exact_structureO
query_cycle_6_16.graph,5,0.8,20588,1410.1501191421764,1472.6318533819729,0.04430856927332344,713,1200,1913,Exact_structureO
query_cycle_6_17.graph,1,0.01,22,17.0,,,8,3,11,Exact_structureO
query_cycle_6_17.graph,2,0.01,22,17.0,,,8,1,9,Exact_structureO
query_cycle_6_17.graph,3,0.01,22,17.0,,,14,0,14,Exact_structureO
query_cycle_6_17.graph,4,0.01,22,17.0,,,11,1,12,Exact_structureO
query_cycle_6_17.graph,5,0.01,22,17.0,,,12,0,12,Exact_structureO
query_cycle_6_17.graph,1,0.05,114,17.0,,,34,5,39,Exact_structureO
query_cycle_6_17.graph,2,0.05,114,17.0,,,34,5,39,Exact_structureO
query_cycle_6_17.graph,3,0.05,114,17.0,,,36,1,37,Exact_structureO
query_cycle_6_17.graph,4,0.05,114,17.0,,,37,1,38,Exact_structureO
query_cycle_6_17.graph,5,0.05,114,17.0,,,32,1,33,Exact_structureO
query_cycle_6_17.graph,1,0.075,171,17.0,,,43,5,48,Exact_structureO
query_cycle_6_17.graph,2,0.075,171,17.0,,,46,5,51,Exact_structureO
query_cycle_6_17.graph,3,0.075,171,17.0,,,47,4,51,Exact_structureO
query_cycle_6_17.graph,4,0.075,171,17.0,,,46,3,49,Exact_structureO
query_cycle_6_17.graph,5,0.075,171,17.0,,,43,2,45,Exact_structureO
query_cycle_6_17.graph,1,0.1,228,17.0,,,53,11,64,Exact_structureO
query_cycle_6_17.graph,2,0.1,228,17.0,,,53,5,58,Exact_structureO
query_cycle_6_17.graph,3,0.1,228,17.0,,,51,5,56,Exact_structureO
query_cycle_6_17.graph,4,0.1,228,17.0,,,55,3,58,Exact_structureO
query_cycle_6_17.graph,5,0.1,228,17.0,,,60,4,64,Exact_structureO
query_cycle_6_17.graph,1,0.125,285,17.0,,,54,11,65,Exact_structureO
query_cycle_6_17.graph,2,0.125,285,17.0,,,58,6,64,Exact_structureO
query_cycle_6_17.graph,3,0.125,285,17.0,,,57,6,63,Exact_structureO
query_cycle_6_17.graph,4,0.125,285,17.0,,,62,3,65,Exact_structureO
query_cycle_6_17.graph,5,0.125,285,17.0,,,62,4,66,Exact_structureO
query_cycle_6_17.graph,1,0.15,342,17.0,,,59,11,70,Exact_structureO
query_cycle_6_17.graph,2,0.15,342,17.0,,,61,6,67,Exact_structureO
query_cycle_6_17.graph,3,0.15,342,17.0,,,67,6,73,Exact_structureO
query_cycle_6_17.graph,4,0.15,342,17.0,,,64,3,67,Exact_structureO
query_cycle_6_17.graph,5,0.15,342,17.0,,,64,4,68,Exact_structureO
query_cycle_6_17.graph,1,0.2,456,17.0,,,71,12,83,Exact_structureO
query_cycle_6_17.graph,2,0.2,456,17.0,,,75,6,81,Exact_structureO
query_cycle_6_17.graph,3,0.2,456,17.0,,,69,6,75,Exact_structureO
query_cycle_6_17.graph,4,0.2,456,17.0,0.0,1.0,74,6,80,Exact_structureO
query_cycle_6_17.graph,5,0.2,456,17.0,,,70,7,77,Exact_structureO
query_cycle_6_17.graph,1,0.3,684,17.0,,,95,13,108,Exact_structureO
query_cycle_6_17.graph,2,0.3,684,17.0,,,94,9,103,Exact_structureO
query_cycle_6_17.graph,3,0.3,684,17.0,,,95,14,109,Exact_structureO
query_cycle_6_17.graph,4,0.3,684,17.0,10.463862559241704,0.3844786729857821,92,11,103,Exact_structureO
query_cycle_6_17.graph,5,0.3,684,17.0,,,96,11,107,Exact_structureO
query_cycle_6_17.graph,1,0.4,912,17.0,,,101,17,118,Exact_structureO
query_cycle_6_17.graph,2,0.4,912,17.0,,,110,13,123,Exact_structureO
query_cycle_6_17.graph,3,0.4,912,17.0,,,106,17,123,Exact_structureO
query_cycle_6_17.graph,4,0.4,912,17.0,14.602657522503215,0.14102014573510502,106,15,121,Exact_structureO
query_cycle_6_17.graph,5,0.4,912,17.0,,,103,11,114,Exact_structureO
query_cycle_6_17.graph,1,0.5,1140,17.0,,,117,21,138,Exact_structureO
query_cycle_6_17.graph,2,0.5,1140,17.0,,,115,18,133,Exact_structureO
query_cycle_6_17.graph,3,0.5,1140,17.0,,,111,17,128,Exact_structureO
query_cycle_6_17.graph,4,0.5,1140,17.0,17.0,0.0,117,18,135,Exact_structureO
query_cycle_6_17.graph,5,0.5,1140,17.0,,,112,18,130,Exact_structureO
query_cycle_6_17.graph,1,0.6,1368,17.0,,,128,24,152,Exact_structureO
query_cycle_6_17.graph,2,0.6,1368,17.0,,,125,19,144,Exact_structureO
query_cycle_6_17.graph,3,0.6,1368,17.0,13.536485697606539,0.20373613543490948,125,22,147,Exact_structureO
query_cycle_6_17.graph,4,0.6,1368,17.0,12.624675631045058,0.25737202170323187,121,20,141,Exact_structureO
query_cycle_6_17.graph,5,0.6,1368,17.0,,,124,18,142,Exact_structureO
query_cycle_6_17.graph,1,0.7,1596,17.0,,,131,27,158,Exact_structureO
query_cycle_6_17.graph,2,0.7,1596,17.0,,,132,24,156,Exact_structureO
query_cycle_6_17.graph,3,0.7,1596,17.0,17.99538800882294,0.058552235813114056,134,27,161,Exact_structureO
query_cycle_6_17.graph,4,0.7,1596,17.0,45.50292477213985,1.6766426336552853,127,22,149,Exact_structureO
query_cycle_6_17.graph,5,0.7,1596,17.0,,,130,23,153,Exact_structureO
query_cycle_6_17.graph,1,0.8,1824,17.0,0.0,1.0,139,34,173,Exact_structureO
query_cycle_6_17.graph,2,0.8,1824,17.0,,,139,32,171,Exact_structureO
query_cycle_6_17.graph,3,0.8,1824,17.0,16.999999999999996,2.0898315757650005e-16,139,28,167,Exact_structureO
query_cycle_6_17.graph,4,0.8,1824,17.0,17.92007307604476,0.05412194564969167,142,37,179,Exact_structureO
query_cycle_6_17.graph,5,0.8,1824,17.0,27.313218655137522,0.6066599208904425,138,31,169,Exact_structureO
query_cycle_6_18.graph,1,0.01,16,2382.359781950333,0.0,1.0,12,1,13,Exact_structureO
query_cycle_6_18.graph,2,0.01,16,2382.359781950333,,,14,1,15,Exact_structureO
query_cycle_6_18.graph,3,0.01,16,2382.359781950333,,,14,0,14,Exact_structureO
query_cycle_6_18.graph,4,0.01,16,2382.359781950333,0.0,1.0,14,2,16,Exact_structureO
query_cycle_6_18.graph,5,0.01,16,2382.359781950333,,,16,0,16,Exact_structureO
query_cycle_6_18.graph,1,0.05,82,2382.359781950333,4216.384615384615,0.7698353738715514,46,5,51,Exact_structureO
query_cycle_6_18.graph,2,0.05,82,2382.359781950333,0.0,1.0,46,3,49,Exact_structureO
query_cycle_6_18.graph,3,0.05,82,2382.359781950333,2240.8828828828828,0.05938519451987612,47,7,54,Exact_structureO
query_cycle_6_18.graph,4,0.05,82,2382.359781950333,1219.9201680672268,0.48793621462643566,49,5,54,Exact_structureO
query_cycle_6_18.graph,5,0.05,82,2382.359781950333,177.8238341968912,0.9253581110862631,46,2,48,Exact_structureO
query_cycle_6_18.graph,1,0.075,123,2382.359781950333,2342.5528700906343,0.01670902613504937,66,9,75,Exact_structureO
query_cycle_6_18.graph,2,0.075,123,2382.359781950333,62.532000000000004,0.9737520753692341,66,4,70,Exact_structureO
query_cycle_6_18.graph,3,0.075,123,2382.359781950333,2775.7575757575755,0.1651294639826337,58,9,67,Exact_structureO
query_cycle_6_18.graph,4,0.075,123,2382.359781950333,2030.5066666666667,0.1476910070214582,59,7,66,Exact_structureO
query_cycle_6_18.graph,5,0.075,123,2382.359781950333,4640.628482972136,0.9479125353489044,73,6,79,Exact_structureO
query_cycle_6_18.graph,1,0.1,165,2382.359781950333,2110.2887828162293,0.11420231368721777,84,11,95,Exact_structureO
query_cycle_6_18.graph,2,0.1,165,2382.359781950333,216.64705882352945,0.9090619895177336,78,5,83,Exact_structureO
query_cycle_6_18.graph,3,0.1,165,2382.359781950333,2031.3597046413502,0.14733294272691025,80,13,93,Exact_structureO
query_cycle_6_18.graph,4,0.1,165,2382.359781950333,1965.196581196581,0.1751050382542299,83,12,95,Exact_structureO
query_cycle_6_18.graph,5,0.1,165,2382.359781950333,2458.839594514013,0.03210254519200672,91,9,100,Exact_structureO
query_cycle_6_18.graph,1,0.125,206,2382.359781950333,1600.2820919175908,0.3282785815803563,113,14,127,Exact_structureO
query_cycle_6_18.graph,2,0.125,206,2382.359781950333,108.33125864453666,0.954527750398871,105,10,115,Exact_structureO
query_cycle_6_18.graph,3,0.125,206,2382.359781950333,2378.8413212435235,0.0014768805003621591,99,15,114,Exact_structureO
query_cycle_6_18.graph,4,0.125,206,2382.359781950333,2258.6223214285715,0.05193903182014896,99,15,114,Exact_structureO
query_cycle_6_18.graph,5,0.125,206,2382.359781950333,1922.1980364656383,0.1931537582908575,108,11,119,Exact_structureO
query_cycle_6_18.graph,1,0.15,247,2382.359781950333,2725.4456647398843,0.14401094468975714,122,15,137,Exact_structureO
query_cycle_6_18.graph,2,0.15,247,2382.359781950333,651.962148962149,0.7263376615481578,125,11,136,Exact_structureO
query_cycle_6_18.graph,3,0.15,247,2382.359781950333,2254.155154639175,0.05381413348331556,123,18,141,Exact_structureO
query_cycle_6_18.graph,4,0.15,247,2382.359781950333,2127.8042264752803,0.10685017326252008,122,23,145,Exact_structureO
query_cycle_6_18.graph,5,0.15,247,2382.359781950333,2508.7066779374472,0.05303434726541583,121,15,136,Exact_structureO
query_cycle_6_18.graph,1,0.2,330,2382.359781950333,2241.165789473684,0.059266443946203444,157,21,178,Exact_structureO
query_cycle_6_18.graph,2,0.2,330,2382.359781950333,994.3711180124225,0.5826108526738247,159,13,172,Exact_structureO
query_cycle_6_18.graph,3,0.2,330,2382.359781950333,2274.395759717315,0.04531810142657493,158,23,181,Exact_structureO
query_cycle_6_18.graph,4,0.2,330,2382.359781950333,2236.9968304278923,0.06101637234802479,149,30,179,Exact_structureO
query_cycle_6_18.graph,5,0.2,330,2382.359781950333,2329.3889276982186,0.02223461571734117,151,23,174,Exact_structureO
query_cycle_6_18.graph,1,0.3,495,2382.359781950333,1640.4898453029125,0.31140130146089195,224,40,264,Exact_structureO
query_cycle_6_18.graph,2,0.3,495,2382.359781950333,660.6445666745525,0.7226932003806277,231,30,261,Exact_structureO
query_cycle_6_18.graph,3,0.3,495,2382.359781950333,2238.997413874469,0.06017662368296836,235,46,281,Exact_structureO
query_cycle_6_18.graph,4,0.3,495,2382.359781950333,2449.240836197021,0.028073448331945704,230,49,279,Exact_structureO
query_cycle_6_18.graph,5,0.3,495,2382.359781950333,1767.530036043252,0.25807594241863285,228,50,278,Exact_structureO
query_cycle_6_18.graph,1,0.4,661,2382.359781950333,2414.9152452025587,0.013665216941151534,283,57,340,Exact_structureO
query_cycle_6_18.graph,2,0.4,661,2382.359781950333,1088.6234455314209,0.5430482608969276,299,54,353,Exact_structureO
query_cycle_6_18.graph,3,0.4,661,2382.359781950333,2425.082674335011,0.017933014445745254,289,62,351,Exact_structureO
query_cycle_6_18.graph,4,0.4,661,2382.359781950333,1834.4682252460916,0.22997851158136437,284,68,352,Exact_structureO
query_cycle_6_18.graph,5,0.4,661,2382.359781950333,1689.1487014857803,0.2909766550445421,286,65,351,Exact_structureO
query_cycle_6_18.graph,1,0.5,826,2382.359781950333,2437.8588505012117,0.02329583842514505,347,73,420,Exact_structureO
query_cycle_6_18.graph,2,0.5,826,2382.359781950333,1768.353224217625,0.2577304076339166,341,74,415,Exact_structureO
query_cycle_6_18.graph,3,0.5,826,2382.359781950333,2106.009301435407,0.11599863404707494,346,72,418,Exact_structureO
query_cycle_6_18.graph,4,0.5,826,2382.359781950333,1748.3495419931576,0.2661269908771458,338,88,426,Exact_structureO
query_cycle_6_18.graph,5,0.5,826,2382.359781950333,1844.4563978633073,0.22578595733624576,347,76,423,Exact_structureO
query_cycle_6_18.graph,1,0.6,991,2382.359781950333,2558.4312985938795,0.07390635032438493,394,85,479,Exact_structureO
query_cycle_6_18.graph,2,0.6,991,2382.359781950333,1775.7047999162892,0.25464456990513923,391,89,480,Exact_structureO
query_cycle_6_18.graph,3,0.6,991,2382.359781950333,1880.3380564943795,0.21072456362782047,394,88,482,Exact_structureO
query_cycle_6_18.graph,4,0.6,991,2382.359781950333,1955.613894577567,0.17912738898883188,397,100,497,Exact_structureO
query_cycle_6_18.graph,5,0.6,991,2382.359781950333,2006.492813777455,0.15777086694486264,395,84,479,Exact_structureO
query_cycle_6_18.graph,1,0.7,1157,2382.359781950333,2650.041186791187,0.11235977322523266,446,103,549,Exact_structureO
query_cycle_6_18.graph,2,0.7,1157,2382.359781950333,1817.5098879825923,0.23709680554854015,452,105,557,Exact_structureO
query_cycle_6_18.graph,3,0.7,1157,2382.359781950333,2255.0680464105967,0.053430945444994084,448,107,555,Exact_structureO
query_cycle_6_18.graph,4,0.7,1157,2382.359781950333,2198.3388851276395,0.07724311760839231,444,112,556,Exact_structureO
query_cycle_6_18.graph,5,0.7,1157,2382.359781950333,1876.2316061547047,0.21244825388266228,446,96,542,Exact_structureO
query_cycle_6_18.graph,1,0.8,1322,2382.359781950333,2703.678941562387,0.134874321689986,500,114,614,Exact_structureO
query_cycle_6_18.graph,2,0.8,1322,2382.359781950333,2314.1438838923636,0.028633751532744542,511,114,625,Exact_structureO
query_cycle_6_18.graph,3,0.8,1322,2382.359781950333,2088.2151374376394,0.12346776785825785,505,129,634,Exact_structureO
query_cycle_6_18.graph,4,0.8,1322,2382.359781950333,2161.9337370943513,0.09252424697814894,506,124,630,Exact_structureO
query_cycle_6_18.graph,5,0.8,1322,2382.359781950333,1890.9693423891993,0.20626206137464845,503,121,624,Exact_structureO
query_cycle_6_20.graph,1,0.01,18,677.8245614035088,,,20,0,20,Exact_structureO
query_cycle_6_20.graph,2,0.01,18,677.8245614035088,0.0,1.0,20,1,21,Exact_structureO
query_cycle_6_20.graph,3,0.01,18,677.8245614035088,,,16,1,17,Exact_structureO
query_cycle_6_20.graph,4,0.01,18,677.8245614035088,0.0,1.0,16,1,17,Exact_structureO
query_cycle_6_20.graph,5,0.01,18,677.8245614035088,,,19,0,19,Exact_structureO
query_cycle_6_20.graph,1,0.05,93,677.8245614035088,273.73584905660374,0.5961553112064807,71,3,74,Exact_structureO
query_cycle_6_20.graph,2,0.05,93,677.8245614035088,89.27433628318583,0.8682928572279328,69,5,74,Exact_structureO
query_cycle_6_20.graph,3,0.05,93,677.8245614035088,242.01119999999997,0.6429589398488457,68,6,74,Exact_structureO
query_cycle_6_20.graph,4,0.05,93,677.8245614035088,79.71199999999999,0.8824002484729269,72,4,76,Exact_structureO
query_cycle_6_20.graph,5,0.05,93,677.8245614035088,55.84045584045584,0.9176181286130556,69,6,75,Exact_structureO
query_cycle_6_20.graph,1,0.075,140,677.8245614035088,176.50285714285712,0.7396039223226303,102,5,107,Exact_structureO
query_cycle_6_20.graph,2,0.075,140,677.8245614035088,152.51999999999998,0.7749860233978673,102,6,108,Exact_structureO
query_cycle_6_20.graph,3,0.075,140,677.8245614035088,349.8149171270718,0.4839152532290327,102,7,109,Exact_structureO
query_cycle_6_20.graph,4,0.075,140,677.8245614035088,85.70634146341462,0.8735567485398428,99,6,105,Exact_structureO
query_cycle_6_20.graph,5,0.075,140,677.8245614035088,168.73073170731703,0.7510702011772163,100,9,109,Exact_structureO
query_cycle_6_20.graph,1,0.1,187,677.8245614035088,142.23082706766914,0.7901657225681453,141,9,150,Exact_structureO
query_cycle_6_20.graph,2,0.1,187,677.8245614035088,951.6008522727273,0.4039043529233215,142,10,152,Exact_structureO
query_cycle_6_20.graph,3,0.1,187,677.8245614035088,325.6689280868385,0.5195380240979969,139,14,153,Exact_structureO
query_cycle_6_20.graph,4,0.1,187,677.8245614035088,93.15065821550463,0.8625740884593703,136,9,145,Exact_structureO
query_cycle_6_20.graph,5,0.1,187,677.8245614035088,148.24175824175825,0.7812977477021374,138,11,149,Exact_structureO
query_cycle_6_20.graph,1,0.125,234,677.8245614035088,287.82711038961037,0.5753663605909569,166,11,177,Exact_structureO
query_cycle_6_20.graph,2,0.125,234,677.8245614035088,812.159090909091,0.19818480644523717,170,14,184,Exact_structureO
query_cycle_6_20.graph,3,0.125,234,677.8245614035088,341.6460055096419,0.49596691391320047,165,18,183,Exact_structureO
query_cycle_6_20.graph,4,0.125,234,677.8245614035088,117.7051705170517,0.8263486199536199,169,11,180,Exact_structureO
query_cycle_6_20.graph,5,0.125,234,677.8245614035088,265.6592051164916,0.6080708486478926,167,16,183,Exact_structureO
query_cycle_6_20.graph,1,0.15,280,677.8245614035088,2018.5483954451352,1.977980602038842,201,16,217,Exact_structureO
query_cycle_6_20.graph,2,0.15,280,677.8245614035088,644.2794229309035,0.04948941124698479,199,17,216,Exact_structureO
query_cycle_6_20.graph,3,0.15,280,677.8245614035088,637.3213097713096,0.05975477127640939,196,21,217,Exact_structureO
query_cycle_6_20.graph,4,0.15,280,677.8245614035088,158.06449811531482,0.7668061809562858,203,16,219,Exact_structureO
query_cycle_6_20.graph,5,0.15,280,677.8245614035088,270.05564304461944,0.6015847485882776,198,19,217,Exact_structureO
query_cycle_6_20.graph,1,0.2,374,677.8245614035088,1419.8164392462634,1.0946665554673622,260,25,285,Exact_structureO
query_cycle_6_20.graph,2,0.2,374,677.8245614035088,502.1924005891017,0.2591115324159128,260,21,281,Exact_structureO
query_cycle_6_20.graph,3,0.2,374,677.8245614035088,562.5140382317801,0.17011853765370477,261,28,289,Exact_structureO
query_cycle_6_20.graph,4,0.2,374,677.8245614035088,172.48524590163933,0.7455311363393352,262,21,283,Exact_structureO
query_cycle_6_20.graph,5,0.2,374,677.8245614035088,309.7681660899654,0.5429965455241736,257,21,278,Exact_structureO
query_cycle_6_20.graph,1,0.3,561,677.8245614035088,839.7754304567482,0.2389274131906678,388,47,435,Exact_structureO
query_cycle_6_20.graph,2,0.3,561,677.8245614035088,312.17848970251714,0.539440575809,386,46,432,Exact_structureO
query_cycle_6_20.graph,3,0.3,561,677.8245614035088,588.8853128377567,0.1312127851808642,390,46,436,Exact_structureO
query_cycle_6_20.graph,4,0.3,561,677.8245614035088,358.0204693755126,0.4718095363287033,389,34,423,Exact_structureO
query_cycle_6_20.graph,5,0.3,561,677.8245614035088,372.8728791551247,0.4498976573185085,389,41,430,Exact_structureO
query_cycle_6_20.graph,1,0.4,748,677.8245614035088,847.5437032957403,0.25038800827873475,495,61,556,Exact_structureO
query_cycle_6_20.graph,2,0.4,748,677.8245614035088,534.5624768340319,0.2113556998773212,493,57,550,Exact_structureO
query_cycle_6_20.graph,3,0.4,748,677.8245614035088,476.27373325567845,0.2973495497573851,489,66,555,Exact_structureO
query_cycle_6_20.graph,4,0.4,748,677.8245614035088,330.42523748629884,0.51252100277671,501,51,552,Exact_structureO
query_cycle_6_20.graph,5,0.4,748,677.8245614035088,596.2899541050484,0.12028865866063367,493,56,549,Exact_structureO
query_cycle_6_20.graph,1,0.5,936,677.8245614035088,667.9024113058572,0.014638227445029075,607,80,687,Exact_structureO
query_cycle_6_20.graph,2,0.5,936,677.8245614035088,659.1576868003567,0.027539389491139616,607,77,684,Exact_structureO
query_cycle_6_20.graph,3,0.5,936,677.8245614035088,461.1788579470686,0.31961914010293746,603,76,679,Exact_structureO
query_cycle_6_20.graph,4,0.5,936,677.8245614035088,660.9500485796908,0.024895103813997992,609,70,679,Exact_structureO
query_cycle_6_20.graph,5,0.5,936,677.8245614035088,1057.2350624042706,0.5597473485102863,599,75,674,Exact_structureO
query_cycle_6_20.graph,1,0.6,1123,677.8245614035088,607.6000601887805,0.10360276864166876,705,95,800,Exact_structureO
query_cycle_6_20.graph,2,0.6,1123,677.8245614035088,560.900078240059,0.17249962574584948,705,98,803,Exact_structureO
query_cycle_6_20.graph,3,0.6,1123,677.8245614035088,561.8387011040898,0.17111486792284106,702,94,796,Exact_structureO
query_cycle_6_20.graph,4,0.6,1123,677.8245614035088,825.1166659937312,0.21730122066576962,709,85,794,Exact_structureO
query_cycle_6_20.graph,5,0.6,1123,677.8245614035088,732.8880314916946,0.08123557808848199,700,96,796,Exact_structureO
query_cycle_6_20.graph,1,0.7,1310,677.8245614035088,527.704509429538,0.22147331407279056,800,108,908,Exact_structureO
query_cycle_6_20.graph,2,0.7,1310,677.8245614035088,747.7231211944282,0.10312190465064724,801,107,908,Exact_structureO
query_cycle_6_20.graph,3,0.7,1310,677.8245614035088,707.1694340444196,0.04329272545118325,806,107,913,Exact_structureO
query_cycle_6_20.graph,4,0.7,1310,677.8245614035088,761.5239339889124,0.12348235421285857,816,101,917,Exact_structureO
query_cycle_6_20.graph,5,0.7,1310,677.8245614035088,650.1812439025181,0.04078240753588551,802,105,907,Exact_structureO
query_cycle_6_20.graph,1,0.8,1497,677.8245614035088,522.3032090728781,0.22944189571503137,896,123,1019,Exact_structureO
query_cycle_6_20.graph,2,0.8,1497,677.8245614035088,773.3527892098563,0.1409335589854489,893,122,1015,Exact_structureO
query_cycle_6_20.graph,3,0.8,1497,677.8245614035088,784.1000569145397,0.15678908903946467,901,116,1017,Exact_structureO
query_cycle_6_20.graph,4,0.8,1497,677.8245614035088,630.9554117871793,0.06914643151803457,897,114,1011,Exact_structureO
query_cycle_6_20.graph,5,0.8,1497,677.8245614035088,578.3638118542685,0.14673523978431247,899,119,1018,Exact_structureO
query_cycle_6_21.graph,1,0.01,44,2242.472888638003,5.042424242424243,0.9977514001315366,39,5,44,Exact_structureO
query_cycle_6_21.graph,2,0.01,44,2242.472888638003,,,35,3,38,Exact_structureO
query_cycle_6_21.graph,3,0.01,44,2242.472888638003,1141.5407407407408,0.49094557774829045,41,4,45,Exact_structureO
query_cycle_6_21.graph,4,0.01,44,2242.472888638003,257.85,0.8850153322671345,46,6,52,Exact_structureO
query_cycle_6_21.graph,5,0.01,44,2242.472888638003,288.1875,0.8714867406156092,43,6,49,Exact_structureO
query_cycle_6_21.graph,1,0.05,223,2242.472888638003,236.25641025641022,0.8946446971762928,154,14,168,Exact_structureO
query_cycle_6_21.graph,2,0.05,223,2242.472888638003,272.42432814710037,0.8785161107064438,147,11,158,Exact_structureO
query_cycle_6_21.graph,3,0.05,223,2242.472888638003,1161.6358926048044,0.481984420640938,143,18,161,Exact_structureO
query_cycle_6_21.graph,4,0.05,223,2242.472888638003,4090.6496163682864,0.8241690399444691,148,18,166,Exact_structureO
query_cycle_6_21.graph,5,0.05,223,2242.472888638003,856.8033273915624,0.6179203183535682,156,23,179,Exact_structureO
query_cycle_6_21.graph,1,0.075,334,2242.472888638003,263.7878151260504,0.882367445126052,207,24,231,Exact_structureO
query_cycle_6_21.graph,2,0.075,334,2242.472888638003,4236.565266106443,0.8892381208138395,214,19,233,Exact_structureO
query_cycle_6_21.graph,3,0.075,334,2242.472888638003,899.1030910609858,0.5990573194367276,206,28,234,Exact_structureO
query_cycle_6_21.graph,4,0.075,334,2242.472888638003,3366.135467128028,0.5010819012275759,203,23,226,Exact_structureO
query_cycle_6_21.graph,5,0.075,334,2242.472888638003,732.9974979149291,0.6731298284011249,211,30,241,Exact_structureO
query_cycle_6_21.graph,1,0.1,446,2242.472888638003,313.78469924080207,0.8600720210127563,267,33,300,Exact_structureO
query_cycle_6_21.graph,2,0.1,446,2242.472888638003,3680.291390728476,0.6411754226218325,258,26,284,Exact_structureO
query_cycle_6_21.graph,3,0.1,446,2242.472888638003,2280.6769924812033,0.017036595642591735,259,31,290,Exact_structureO
query_cycle_6_21.graph,4,0.1,446,2242.472888638003,2733.1761636912042,0.21882238913097257,265,33,298,Exact_structureO
query_cycle_6_21.graph,5,0.1,446,2242.472888638003,2556.9580592105262,0.1402403445615479,260,40,300,Exact_structureO
query_cycle_6_21.graph,1,0.125,557,2242.472888638003,356.19774114774117,0.8411585072209801,318,39,357,Exact_structureO
query_cycle_6_21.graph,2,0.125,557,2242.472888638003,2901.240899795501,0.2937685510024648,326,41,367,Exact_structureO
query_cycle_6_21.graph,3,0.125,557,2242.472888638003,1856.4976689976688,0.1721203505272974,335,39,374,Exact_structureO
query_cycle_6_21.graph,4,0.125,557,2242.472888638003,2724.2081185567004,0.21482321251664535,323,42,365,Exact_structureO
query_cycle_6_21.graph,5,0.125,557,2242.472888638003,2015.00701754386,0.10143528256089535,322,46,368,Exact_structureO
query_cycle_6_21.graph,1,0.15,669,2242.472888638003,496.67592081394434,0.7785141914845591,380,45,425,Exact_structureO
query_cycle_6_21.graph,2,0.15,669,2242.472888638003,2901.4442019950125,0.2938592108274026,376,47,423,Exact_structureO
query_cycle_6_21.graph,3,0.15,669,2242.472888638003,1639.0519757078632,0.2690872723534401,378,47,425,Exact_structureO
query_cycle_6_21.graph,4,0.15,669,2242.472888638003,3917.542783991376,0.746974424458148,377,53,430,Exact_structureO
query_cycle_6_21.graph,5,0.15,669,2242.472888638003,1618.7639362783866,0.2781344450226262,383,57,440,Exact_structureO
query_cycle_6_21.graph,1,0.2,892,2242.472888638003,1314.693509198195,0.4137304776974618,481,61,542,Exact_structureO
query_cycle_6_21.graph,2,0.2,892,2242.472888638003,2097.6897321428573,0.06456406105452707,476,66,542,Exact_structureO
query_cycle_6_21.graph,3,0.2,892,2242.472888638003,1974.519294304216,0.11949022692378343,472,67,539,Exact_structureO
query_cycle_6_21.graph,4,0.2,892,2242.472888638003,2975.3053497942383,0.32679657572196164,480,61,541,Exact_structureO
query_cycle_6_21.graph,5,0.2,892,2242.472888638003,1386.7797101449273,0.38158462598528575,480,73,553,Exact_structureO
query_cycle_6_21.graph,1,0.3,1338,2242.472888638003,1226.0140208182038,0.45327587814769954,706,109,815,Exact_structureO
query_cycle_6_21.graph,2,0.3,1338,2242.472888638003,2684.753468441218,0.19722895293144,686,102,788,Exact_structureO
query_cycle_6_21.graph,3,0.3,1338,2242.472888638003,2321.671399655259,0.035317488750269,715,111,826,Exact_structureO
query_cycle_6_21.graph,4,0.3,1338,2242.472888638003,3388.3824060794577,0.5110026182467868,701,106,807,Exact_structureO
query_cycle_6_21.graph,5,0.3,1338,2242.472888638003,1809.2800274226477,0.19317640958346705,694,114,808,Exact_structureO
query_cycle_6_21.graph,1,0.4,1784,2242.472888638003,1665.4810900408809,0.2573015716357517,892,151,1043,Exact_structureO
query_cycle_6_21.graph,2,0.4,1784,2242.472888638003,1978.6186820674218,0.11766216122721411,884,137,1021,Exact_structureO
query_cycle_6_21.graph,3,0.4,1784,2242.472888638003,1763.300883615581,0.213680177562126,881,156,1037,Exact_structureO
query_cycle_6_21.graph,4,0.4,1784,2242.472888638003,2838.606344738853,0.26583753102269153,879,150,1029,Exact_structureO
query_cycle_6_21.graph,5,0.4,1784,2242.472888638003,2299.5268510337964,0.02544243129309176,873,151,1024,Exact_structureO
query_cycle_6_21.graph,1,0.5,2230,2242.472888638003,1816.882397873223,0.18978623684644336,1055,176,1231,Exact_structureO
query_cycle_6_21.graph,2,0.5,2230,2242.472888638003,2076.521624287139,0.07400368815680845,1062,175,1237,Exact_structureO
query_cycle_6_21.graph,3,0.5,2230,2242.472888638003,2037.142472980825,0.09156428008451345,1036,183,1219,Exact_structureO
query_cycle_6_21.graph,4,0.5,2230,2242.472888638003,2392.007422703916,0.06668287265525634,1048,188,1236,Exact_structureO
query_cycle_6_21.graph,5,0.5,2230,2242.472888638003,2364.389204924596,0.05436690757971238,1054,186,1240,Exact_structureO
query_cycle_6_21.graph,1,0.6,2676,2242.472888638003,2234.6145143679537,0.003504334125895384,1237,217,1454,Exact_structureO
query_cycle_6_21.graph,2,0.6,2676,2242.472888638003,1905.4994222840785,0.15026869134573576,1223,218,1441,Exact_structureO
query_cycle_6_21.graph,3,0.6,2676,2242.472888638003,2062.082889329401,0.08044244379612739,1237,227,1464,Exact_structureO
query_cycle_6_21.graph,4,0.6,2676,2242.472888638003,2512.7647613824383,0.12053295008110479,1236,237,1473,Exact_structureO
query_cycle_6_21.graph,5,0.6,2676,2242.472888638003,1984.6450863483356,0.11497476896867313,1227,225,1452,Exact_structureO
query_cycle_6_21.graph,1,0.7,3122,2242.472888638003,2087.8730239345095,0.06894168731618061,1403,256,1659,Exact_structureO
query_cycle_6_21.graph,2,0.7,3122,2242.472888638003,2396.031268468106,0.06847725143440594,1390,256,1646,Exact_structureO
query_cycle_6_21.graph,3,0.7,3122,2242.472888638003,2416.4573633545733,0.07758598803941044,1402,258,1660,Exact_structureO
query_cycle_6_21.graph,4,0.7,3122,2242.472888638003,2345.880958403716,0.04611340912510165,1397,274,1671,Exact_structureO
query_cycle_6_21.graph,5,0.7,3122,2242.472888638003,2254.787787686996,0.005491660171852829,1393,266,1659,Exact_structureO
query_cycle_6_21.graph,1,0.8,3568,2242.472888638003,2313.6558594927883,0.031743068652223136,1574,299,1873,Exact_structureO
query_cycle_6_21.graph,2,0.8,3568,2242.472888638003,2298.3092901672344,0.024899476739335014,1561,302,1863,Exact_structureO
query_cycle_6_21.graph,3,0.8,3568,2242.472888638003,2382.7852252833977,0.06257036031798598,1575,295,1870,Exact_structureO
query_cycle_6_21.graph,4,0.8,3568,2242.472888638003,2599.1757563699225,0.15906674704485185,1570,305,1875,Exact_structureO
query_cycle_6_21.graph,5,0.8,3568,2242.472888638003,2505.979998404,0.11750737817215784,1565,304,1869,Exact_structureO
query_cycle_6_22.graph,1,0.01,67,2066.4213909799482,1715.3508771929828,0.16989299245517347,55,7,62,Exact_structureO
query_cycle_6_22.graph,2,0.01,67,2066.4213909799482,195.83333333333334,0.9052306880928753,58,7,65,Exact_structureO
query_cycle_6_22.graph,3,0.01,67,2066.4213909799482,257.1372549019608,0.8755639793391706,62,8,70,Exact_structureO
query_cycle_6_22.graph,4,0.01,67,2066.4213909799482,3555.1,0.7204138592052047,57,4,61,Exact_structureO
query_cycle_6_22.graph,5,0.01,67,2066.4213909799482,865.1999999999999,0.5813051472576459,59,4,63,Exact_structureO
query_cycle_6_22.graph,1,0.05,337,2066.4213909799482,1291.1202555910543,0.37519023891890074,217,34,251,Exact_structureO
query_cycle_6_22.graph,2,0.05,337,2066.4213909799482,406.9714814814815,0.8030549416213285,215,29,244,Exact_structureO
query_cycle_6_22.graph,3,0.05,337,2066.4213909799482,3447.3257506824384,0.6682588390394232,211,26,237,Exact_structureO
query_cycle_6_22.graph,4,0.05,337,2066.4213909799482,774.5516826923077,0.6251724425263542,210,18,228,Exact_structureO
query_cycle_6_22.graph,5,0.05,337,2066.4213909799482,2882.579615110478,0.3949621445524657,213,34,247,Exact_structureO
query_cycle_6_22.graph,1,0.075,506,2066.4213909799482,1159.311916493776,0.43897603772674776,294,46,340,Exact_structureO
query_cycle_6_22.graph,2,0.075,506,2066.4213909799482,2517.951304347826,0.21850814908267624,305,37,342,Exact_structureO
query_cycle_6_22.graph,3,0.075,506,2066.4213909799482,5970.8467514124295,1.8894623223876452,303,40,343,Exact_structureO
query_cycle_6_22.graph,4,0.075,506,2066.4213909799482,891.8348416289591,0.5684157909311861,299,32,331,Exact_structureO
query_cycle_6_22.graph,5,0.075,506,2066.4213909799482,2537.2705945081307,0.22785730228280984,303,43,346,Exact_structureO
query_cycle_6_22.graph,1,0.1,675,2066.4213909799482,1299.8872180451128,0.3709476567948834,385,57,442,Exact_structureO
query_cycle_6_22.graph,2,0.1,675,2066.4213909799482,2045.5491005192878,0.010100694152591159,372,49,421,Exact_structureO
query_cycle_6_22.graph,3,0.1,675,2066.4213909799482,5204.38264358108,1.5185485720862735,379,54,433,Exact_structureO
query_cycle_6_22.graph,4,0.1,675,2066.4213909799482,683.3704836964921,0.6692976143784396,391,52,443,Exact_structureO
query_cycle_6_22.graph,5,0.1,675,2066.4213909799482,2078.5680972818313,0.0058781361608548025,376,57,433,Exact_structureO
query_cycle_6_22.graph,1,0.125,844,2066.4213909799482,933.8792869800897,0.5480692897119009,446,70,516,Exact_structureO
query_cycle_6_22.graph,2,0.125,844,2066.4213909799482,2850.2214611872146,0.3793031148576956,465,64,529,Exact_structureO
query_cycle_6_22.graph,3,0.125,844,2066.4213909799482,5375.814091915836,1.6015091187990904,459,71,530,Exact_structureO
query_cycle_6_22.graph,4,0.125,844,2066.4213909799482,1843.1571666666666,0.10804389912330717,467,69,536,Exact_structureO
query_cycle_6_22.graph,5,0.125,844,2066.4213909799482,1596.135205811138,0.22758484170829696,462,76,538,Exact_structureO
query_cycle_6_22.graph,1,0.15,1012,2066.4213909799482,1538.9774814596533,0.25524508787153427,522,85,607,Exact_structureO
query_cycle_6_22.graph,2,0.15,1012,2066.4213909799482,2195.0312897628687,0.06223798270009704,536,75,611,Exact_structureO
query_cycle_6_22.graph,3,0.15,1012,2066.4213909799482,4519.34257682874,1.1870382278057796,538,88,626,Exact_structureO
query_cycle_6_22.graph,4,0.15,1012,2066.4213909799482,1695.9492547425475,0.1792819885888394,537,82,619,Exact_structureO
query_cycle_6_22.graph,5,0.15,1012,2066.4213909799482,1796.6378934705606,0.13055589662738132,534,84,618,Exact_structureO
query_cycle_6_22.graph,1,0.2,1350,2066.4213909799482,1815.9311493301218,0.12121934216478361,657,115,772,Exact_structureO
query_cycle_6_22.graph,2,0.2,1350,2066.4213909799482,1983.0733396285802,0.040334489235926016,662,102,764,Exact_structureO
query_cycle_6_22.graph,3,0.2,1350,2066.4213909799482,3836.2504055323147,0.8564705254590255,663,103,766,Exact_structureO
query_cycle_6_22.graph,4,0.2,1350,2066.4213909799482,1477.9962839248433,0.28475562129951587,658,106,764,Exact_structureO
query_cycle_6_22.graph,5,0.2,1350,2066.4213909799482,1348.3883106781732,0.34747660057916163,654,114,768,Exact_structureO
query_cycle_6_22.graph,1,0.3,2025,2066.4213909799482,2132.581230151014,0.03201662519554699,953,196,1149,Exact_structureO
query_cycle_6_22.graph,2,0.3,2025,2066.4213909799482,1831.5519860815016,0.11365997560984682,973,177,1150,Exact_structureO
query_cycle_6_22.graph,3,0.3,2025,2066.4213909799482,2557.657688758246,0.23772319620895005,953,179,1132,Exact_structureO
query_cycle_6_22.graph,4,0.3,2025,2066.4213909799482,1851.9727477017366,0.10377778908711102,968,181,1149,Exact_structureO
query_cycle_6_22.graph,5,0.3,2025,2066.4213909799482,1807.0851923283474,0.1255001519939828,963,182,1145,Exact_structureO
query_cycle_6_22.graph,1,0.4,2700,2066.4213909799482,2481.1232628634807,0.20068601384680332,1200,245,1445,Exact_structureO
query_cycle_6_22.graph,2,0.4,2700,2066.4213909799482,2091.0143685327735,0.011901240308571637,1214,250,1464,Exact_structureO
query_cycle_6_22.graph,3,0.4,2700,2066.4213909799482,2328.6254559375416,0.12688799395037703,1189,247,1436,Exact_structureO
query_cycle_6_22.graph,4,0.4,2700,2066.4213909799482,1976.7426457911972,0.04339809178331392,1196,249,1445,Exact_structureO
query_cycle_6_22.graph,5,0.4,2700,2066.4213909799482,1710.7904565196413,0.17209990954055016,1178,235,1413,Exact_structureO
query_cycle_6_22.graph,1,0.5,3376,2066.4213909799482,2083.74756947583,0.00838462985890079,1410,299,1709,Exact_structureO
query_cycle_6_22.graph,2,0.5,3376,2066.4213909799482,1910.110433813896,0.07564331159576593,1408,314,1722,Exact_structureO
query_cycle_6_22.graph,3,0.5,3376,2066.4213909799482,1994.6373965163775,0.034738313674506124,1395,312,1707,Exact_structureO
query_cycle_6_22.graph,4,0.5,3376,2066.4213909799482,1943.2932908824705,0.05958518462639768,1411,314,1725,Exact_structureO
query_cycle_6_22.graph,5,0.5,3376,2066.4213909799482,1914.442587048806,0.07354685960692177,1407,303,1710,Exact_structureO
query_cycle_6_22.graph,1,0.6,4051,2066.4213909799482,1983.6770218842091,0.04004235024710989,1633,376,2009,Exact_structureO
query_cycle_6_22.graph,2,0.6,4051,2066.4213909799482,1808.9717703874646,0.1245871832900426,1618,388,2006,Exact_structureO
query_cycle_6_22.graph,3,0.6,4051,2066.4213909799482,2221.943518975016,0.07526157475620954,1622,387,2009,Exact_structureO
query_cycle_6_22.graph,4,0.6,4051,2066.4213909799482,1887.1790285295046,0.08674046989294977,1606,385,1991,Exact_structureO
query_cycle_6_22.graph,5,0.6,4051,2066.4213909799482,1825.8762474878886,0.11640662671324128,1610,381,1991,Exact_structureO
query_cycle_6_22.graph,1,0.7,4726,2066.4213909799482,2287.807485350397,0.10713501870277398,1826,443,2269,Exact_structureO
query_cycle_6_22.graph,2,0.7,4726,2066.4213909799482,1636.8136489361702,0.20789938776236117,1817,468,2285,Exact_structureO
query_cycle_6_22.graph,3,0.7,4726,2066.4213909799482,1992.9694243056863,0.035545492799718456,1820,458,2278,Exact_structureO
query_cycle_6_22.graph,4,0.7,4726,2066.4213909799482,1948.3700425599084,0.05712840030370426,1813,462,2275,Exact_structureO
query_cycle_6_22.graph,5,0.7,4726,2066.4213909799482,2005.9754769201973,0.029251494551692587,1811,444,2255,Exact_structureO
query_cycle_6_22.graph,1,0.8,5401,2066.4213909799482,2418.1942449163716,0.17023287480081883,1999,509,2508,Exact_structureO
query_cycle_6_22.graph,2,0.8,5401,2066.4213909799482,1725.757966815732,0.16485670621260126,1992,528,2520,Exact_structureO
query_cycle_6_22.graph,3,0.8,5401,2066.4213909799482,2166.7509177109723,0.04855230746689345,1990,515,2505,Exact_structureO
query_cycle_6_22.graph,4,0.8,5401,2066.4213909799482,2039.7283546063604,0.012917518416187757,1982,518,2500,Exact_structureO
query_cycle_6_22.graph,5,0.8,5401,2066.4213909799482,2247.101330129489,0.08743615408658623,1996,507,2503,Exact_structureO
query_cycle_6_25.graph,1,0.01,159,232.4747182895117,74.92123287671232,0.6777230942445561,75,14,89,Exact_structureO
query_cycle_6_25.graph,2,0.01,159,232.4747182895117,186.6746323529412,0.19701103962424646,67,12,79,Exact_structureO
query_cycle_6_25.graph,3,0.01,159,232.4747182895117,179.83333333333334,0.22643918161725257,68,12,80,Exact_structureO
query_cycle_6_25.graph,4,0.01,159,232.4747182895117,186.15,0.19926776825607917,66,10,76,Exact_structureO
query_cycle_6_25.graph,5,0.01,159,232.4747182895117,296.5633802816901,0.2756801361615837,72,9,81,Exact_structureO
query_cycle_6_25.graph,1,0.05,795,232.4747182895117,183.30092592592595,0.21152318293100295,158,36,194,Exact_structureO
query_cycle_6_25.graph,2,0.05,795,232.4747182895117,172.6377708978328,0.25739120293141354,156,30,186,Exact_structureO
query_cycle_6_25.graph,3,0.05,795,232.4747182895117,191.48249576510446,0.17632980835945228,154,32,186,Exact_structureO
query_cycle_6_25.graph,4,0.05,795,232.4747182895117,130.71362126245847,0.4377297358430406,158,36,194,Exact_structureO
query_cycle_6_25.graph,5,0.05,795,232.4747182895117,149.02776513427403,0.35895065824455485,169,29,198,Exact_structureO
query_cycle_6_25.graph,1,0.075,1192,232.4747182895117,257.6095238095238,0.10811844705070484,186,40,226,Exact_structureO
query_cycle_6_25.graph,2,0.075,1192,232.4747182895117,192.90038491147038,0.17023069720965336,186,35,221,Exact_structureO
query_cycle_6_25.graph,3,0.075,1192,232.4747182895117,152.0955936352509,0.3457542619931725,185,46,231,Exact_structureO
query_cycle_6_25.graph,4,0.075,1192,232.4747182895117,121.75602094240838,0.47626123890693406,192,50,242,Exact_structureO
query_cycle_6_25.graph,5,0.075,1192,232.4747182895117,189.33229207340884,0.18557900202453662,179,31,210,Exact_structureO
query_cycle_6_25.graph,1,0.1,1590,232.4747182895117,204.42289156626506,0.12066613922427637,212,49,261,Exact_structureO
query_cycle_6_25.graph,2,0.1,1590,232.4747182895117,213.78,0.08041613482559552,219,44,263,Exact_structureO
query_cycle_6_25.graph,3,0.1,1590,232.4747182895117,140.14785992217898,0.3971479524597326,219,52,271,Exact_structureO
query_cycle_6_25.graph,4,0.1,1590,232.4747182895117,122.72692508256563,0.4720848529872052,216,56,272,Exact_structureO
query_cycle_6_25.graph,5,0.1,1590,232.4747182895117,215.2557728312877,0.0740680345153939,235,44,279,Exact_structureO
query_cycle_6_25.graph,1,0.125,1988,232.4747182895117,232.0970342643248,0.0016246240794087605,245,53,298,Exact_structureO
query_cycle_6_25.graph,2,0.125,1988,232.4747182895117,244.06792727272727,0.049868687092150775,237,49,286,Exact_structureO
query_cycle_6_25.graph,3,0.125,1988,232.4747182895117,157.6064205457464,0.32204920300420925,237,59,296,Exact_structureO
query_cycle_6_25.graph,4,0.125,1988,232.4747182895117,138.84166969147006,0.4027665859194031,230,58,288,Exact_structureO
query_cycle_6_25.graph,5,0.125,1988,232.4747182895117,193.62996389891697,0.1670923818142648,249,46,295,Exact_structureO
query_cycle_6_25.graph,1,0.15,2385,232.4747182895117,197.78819157720892,0.14920558660106012,263,61,324,Exact_structureO
query_cycle_6_25.graph,2,0.15,2385,232.4747182895117,230.65221561480914,0.00783957364530679,264,55,319,Exact_structureO
query_cycle_6_25.graph,3,0.15,2385,232.4747182895117,285.03992869875225,0.22611151352715525,270,65,335,Exact_structureO
query_cycle_6_25.graph,4,0.15,2385,232.4747182895117,126.72137645257185,0.45490254860849105,270,79,349,Exact_structureO
query_cycle_6_25.graph,5,0.15,2385,232.4747182895117,157.3068884491714,0.3233376532011979,268,51,319,Exact_structureO
query_cycle_6_25.graph,1,0.2,3181,232.4747182895117,167.4644490644491,0.2796444693143031,313,75,388,Exact_structureO
query_cycle_6_25.graph,2,0.2,3181,232.4747182895117,258.89610859728504,0.11365274685426018,321,65,386,Exact_structureO
query_cycle_6_25.graph,3,0.2,3181,232.4747182895117,246.22212765957448,0.059135072713336824,321,76,397,Exact_structureO
query_cycle_6_25.graph,4,0.2,3181,232.4747182895117,154.0977130977131,0.33714205900958244,308,85,393,Exact_structureO
query_cycle_6_25.graph,5,0.2,3181,232.4747182895117,212.45716263411256,0.08610637665326835,316,74,390,Exact_structureO
query_cycle_6_25.graph,1,0.3,4771,232.4747182895117,196.63627745598987,0.15416059473998608,561,125,686,Exact_structureO
query_cycle_6_25.graph,2,0.3,4771,232.4747182895117,219.04984147114777,0.057747685069330035,569,122,691,Exact_structureO
query_cycle_6_25.graph,3,0.3,4771,232.4747182895117,212.43835540348385,0.08618727676476043,573,131,704,Exact_structureO
query_cycle_6_25.graph,4,0.3,4771,232.4747182895117,176.752012573125,0.23969361540205247,559,137,696,Exact_structureO
query_cycle_6_25.graph,5,0.3,4771,232.4747182895117,200.46841709621992,0.13767648124830864,563,142,705,Exact_structureO
query_cycle_6_25.graph,1,0.4,6362,232.4747182895117,217.14252426635372,0.06595209206389528,685,155,840,Exact_structureO
query_cycle_6_25.graph,2,0.4,6362,232.4747182895117,205.04709624251672,0.11798109596088675,685,151,836,Exact_structureO
query_cycle_6_25.graph,3,0.4,6362,232.4747182895117,271.56045493462545,0.16812897734728485,680,149,829,Exact_structureO
query_cycle_6_25.graph,4,0.4,6362,232.4747182895117,259.8403824788836,0.11771458157136962,663,166,829,Exact_structureO
query_cycle_6_25.graph,5,0.4,6362,232.4747182895117,202.36697315461024,0.12950976070183634,669,158,827,Exact_structureO
query_cycle_6_25.graph,1,0.5,7952,232.4747182895117,217.9931234056283,0.062293203280060785,762,184,946,Exact_structureO
query_cycle_6_25.graph,2,0.5,7952,232.4747182895117,202.9467518403868,0.12701581774734033,789,177,966,Exact_structureO
query_cycle_6_25.graph,3,0.5,7952,232.4747182895117,237.72923736588925,0.022602539816109525,774,180,954,Exact_structureO
query_cycle_6_25.graph,4,0.5,7952,232.4747182895117,211.20688153747733,0.09148451456793914,767,190,957,Exact_structureO
query_cycle_6_25.graph,5,0.5,7952,232.4747182895117,213.06245806109837,0.08350267233892653,777,186,963,Exact_structureO
query_cycle_6_25.graph,1,0.6,9543,232.4747182895117,247.8560904604679,0.06616363398191556,863,206,1069,Exact_structureO
query_cycle_6_25.graph,2,0.6,9543,232.4747182895117,238.2756643300058,0.02495301890534998,870,194,1064,Exact_structureO
query_cycle_6_25.graph,3,0.6,9543,232.4747182895117,224.33434050938445,0.03501618515777561,861,194,1055,Exact_structureO
query_cycle_6_25.graph,4,0.6,9543,232.4747182895117,228.17210095110977,0.01850789354670254,870,217,1087,Exact_structureO
query_cycle_6_25.graph,5,0.6,9543,232.4747182895117,199.60518873390848,0.14138969517824843,856,213,1069,Exact_structureO
query_cycle_6_25.graph,1,0.7,11133,232.4747182895117,241.32532938764652,0.038071284323969896,922,224,1146,Exact_structureO
query_cycle_6_25.graph,2,0.7,11133,232.4747182895117,229.72272352138606,0.011837823864780285,939,219,1158,Exact_structureO
query_cycle_6_25.graph,3,0.7,11133,232.4747182895117,220.08090495264904,0.05331252115521688,933,221,1154,Exact_structureO
query_cycle_6_25.graph,4,0.7,11133,232.4747182895117,226.83436791046438,0.02426220976004427,921,233,1154,Exact_structureO
query_cycle_6_25.graph,5,0.7,11133,232.4747182895117,222.58090937005773,0.042558644622735974,920,238,1158,Exact_structureO
query_cycle_6_25.graph,1,0.8,12724,232.4747182895117,245.6659302403428,0.056742565591168664,1001,259,1260,Exact_structureO
query_cycle_6_25.graph,2,0.8,12724,232.4747182895117,231.96389024309536,0.0021973488135608437,996,233,1229,Exact_structureO
query_cycle_6_25.graph,3,0.8,12724,232.4747182895117,220.5156514333626,0.05144244046897148,1010,239,1249,Exact_structureO
query_cycle_6_25.graph,4,0.8,12724,232.4747182895117,236.8790779471219,0.018945542508950346,1002,245,1247,Exact_structureO
query_cycle_6_25.graph,5,0.8,12724,232.4747182895117,230.22979335025698,0.009656641185640752,987,255,1242,Exact_structureO
query_cycle_6_27.graph,1,0.01,18,6362.726050420168,,,16,2,18,Exact_structureO
query_cycle_6_27.graph,2,0.01,18,6362.726050420168,4155.555555555556,0.34689070020842083,15,1,16,Exact_structureO
query_cycle_6_27.graph,3,0.01,18,6362.726050420168,,,13,2,15,Exact_structureO
query_cycle_6_27.graph,4,0.01,18,6362.726050420168,,,19,0,19,Exact_structureO
query_cycle_6_27.graph,5,0.01,18,6362.726050420168,,,15,0,15,Exact_structureO
query_cycle_6_27.graph,1,0.05,90,6362.726050420168,,,57,8,65,Exact_structureO
query_cycle_6_27.graph,2,0.05,90,6362.726050420168,3142.857142857143,0.5060517900735956,67,10,77,Exact_structureO
query_cycle_6_27.graph,3,0.05,90,6362.726050420168,0.0,1.0,64,8,72,Exact_structureO
query_cycle_6_27.graph,4,0.05,90,6362.726050420168,4327.58407079646,0.3198537802031121,64,10,74,Exact_structureO
query_cycle_6_27.graph,5,0.05,90,6362.726050420168,,,60,6,66,Exact_structureO
query_cycle_6_27.graph,1,0.075,135,6362.726050420168,,,94,12,106,Exact_structureO
query_cycle_6_27.graph,2,0.075,135,6362.726050420168,1954.0785498489424,0.6928865812602598,88,13,101,Exact_structureO
query_cycle_6_27.graph,3,0.075,135,6362.726050420168,3402.2641509433956,0.4652819995733237,89,10,99,Exact_structureO
query_cycle_6_27.graph,4,0.075,135,6362.726050420168,2969.160220994475,0.5333509257720747,90,13,103,Exact_structureO
query_cycle_6_27.graph,5,0.075,135,6362.726050420168,,,91,12,103,Exact_structureO
query_cycle_6_27.graph,1,0.1,181,6362.726050420168,1802.3715415019763,0.7167296647349833,116,22,138,Exact_structureO
query_cycle_6_27.graph,2,0.1,181,6362.726050420168,2604.8888030888033,0.5906017668453937,114,17,131,Exact_structureO
query_cycle_6_27.graph,3,0.1,181,6362.726050420168,7619.900497512438,0.19758424881568676,118,13,131,Exact_structureO
query_cycle_6_27.graph,4,0.1,181,6362.726050420168,7323.844444444444,0.15105449871770105,117,18,135,Exact_structureO
query_cycle_6_27.graph,5,0.1,181,6362.726050420168,0.0,1.0,121,18,139,Exact_structureO
query_cycle_6_27.graph,1,0.125,226,6362.726050420168,495.4621848739497,0.922130517493955,140,29,169,Exact_structureO
query_cycle_6_27.graph,2,0.125,226,6362.726050420168,3989.5879310344826,0.37297505826594135,143,21,164,Exact_structureO
query_cycle_6_27.graph,3,0.125,226,6362.726050420168,4853.984874927283,0.23712181909721752,147,17,164,Exact_structureO
query_cycle_6_27.graph,4,0.125,226,6362.726050420168,5729.050119331743,0.09959189285645563,144,21,165,Exact_structureO
query_cycle_6_27.graph,5,0.125,226,6362.726050420168,894.2367747440272,0.8594569736842629,146,21,167,Exact_structureO
query_cycle_6_27.graph,1,0.15,271,6362.726050420168,1062.484210526316,0.8330143083158273,170,32,202,Exact_structureO
query_cycle_6_27.graph,2,0.15,271,6362.726050420168,2750.9076354679805,0.5676526674779088,172,25,197,Exact_structureO
query_cycle_6_27.graph,3,0.15,271,6362.726050420168,5425.514403292181,0.14729718672487832,164,22,186,Exact_structureO
query_cycle_6_27.graph,4,0.15,271,6362.726050420168,5231.9809326424875,0.17771394034841567,170,26,196,Exact_structureO
query_cycle_6_27.graph,5,0.15,271,6362.726050420168,950.4444444444445,0.8506230761920544,169,24,193,Exact_structureO
query_cycle_6_27.graph,1,0.2,362,6362.726050420168,3603.312886554266,0.4336841067805649,207,40,247,Exact_structureO
query_cycle_6_27.graph,2,0.2,362,6362.726050420168,2591.0338606716623,0.5927792835744419,212,31,243,Exact_structureO
query_cycle_6_27.graph,3,0.2,362,6362.726050420168,7908.183079056865,0.24289227862240612,215,32,247,Exact_structureO
query_cycle_6_27.graph,4,0.2,362,6362.726050420168,3289.8380878951434,0.4829514799434283,218,39,257,Exact_structureO
query_cycle_6_27.graph,5,0.2,362,6362.726050420168,1408.2572298325724,0.7786707743389994,211,35,246,Exact_structureO
query_cycle_6_27.graph,1,0.3,543,6362.726050420168,5063.574854402193,0.2041815388126265,290,60,350,Exact_structureO
query_cycle_6_27.graph,2,0.3,543,6362.726050420168,2119.5226377952754,0.6668845050062605,296,51,347,Exact_structureO
query_cycle_6_27.graph,3,0.3,543,6362.726050420168,5390.217596972562,0.15284462127414478,290,49,339,Exact_structureO
query_cycle_6_27.graph,4,0.3,543,6362.726050420168,3330.280176026823,0.4765953854312327,296,53,349,Exact_structureO
query_cycle_6_27.graph,5,0.3,543,6362.726050420168,9911.163380585738,0.557691357768145,295,52,347,Exact_structureO
query_cycle_6_27.graph,1,0.4,724,6362.726050420168,8409.583399840383,0.32169503027480645,357,75,432,Exact_structureO
query_cycle_6_27.graph,2,0.4,724,6362.726050420168,3361.896419881821,0.47162640773135034,352,64,416,Exact_structureO
query_cycle_6_27.graph,3,0.4,724,6362.726050420168,5713.303162853297,0.10206676861782936,360,64,424,Exact_structureO
query_cycle_6_27.graph,4,0.4,724,6362.726050420168,2320.244989556948,0.6353379084419754,360,70,430,Exact_structureO
query_cycle_6_27.graph,5,0.4,724,6362.726050420168,5901.89099798677,0.07242729747935096,357,67,424,Exact_structureO
query_cycle_6_27.graph,1,0.5,905,6362.726050420168,7236.894435472032,0.13738897103610762,425,86,511,Exact_structureO
query_cycle_6_27.graph,2,0.5,905,6362.726050420168,3685.467186448543,0.4207722983444855,424,81,505,Exact_structureO
query_cycle_6_27.graph,3,0.5,905,6362.726050420168,7808.451318500781,0.22721790261347863,431,80,511,Exact_structureO
query_cycle_6_27.graph,4,0.5,905,6362.726050420168,3943.0292558497445,0.380292468259047,427,83,510,Exact_structureO
query_cycle_6_27.graph,5,0.5,905,6362.726050420168,5606.178910345743,0.11890298813422359,433,84,517,Exact_structureO
query_cycle_6_27.graph,1,0.6,1086,6362.726050420168,7147.637343268242,0.12336084983514924,488,104,592,Exact_structureO
query_cycle_6_27.graph,2,0.6,1086,6362.726050420168,4688.419423072453,0.26314296955110145,506,96,602,Exact_structureO
query_cycle_6_27.graph,3,0.6,1086,6362.726050420168,5820.056470991652,0.08528884869916416,501,97,598,Exact_structureO
query_cycle_6_27.graph,4,0.6,1086,6362.726050420168,4997.7842892768085,0.21452153531790422,501,98,599,Exact_structureO
query_cycle_6_27.graph,5,0.6,1086,6362.726050420168,4922.27238095238,0.22638939002766995,504,99,603,Exact_structureO
query_cycle_6_27.graph,1,0.7,1267,6362.726050420168,7237.097431173883,0.13742087492451058,568,110,678,Exact_structureO
query_cycle_6_27.graph,2,0.7,1267,6362.726050420168,4837.693865769301,0.23968220108268848,579,115,694,Exact_structureO
query_cycle_6_27.graph,3,0.7,1267,6362.726050420168,6646.989791385799,0.04467640736266811,571,108,679,Exact_structureO
query_cycle_6_27.graph,4,0.7,1267,6362.726050420168,5944.236954662104,0.06577198082108666,570,111,681,Exact_structureO
query_cycle_6_27.graph,5,0.7,1267,6362.726050420168,6272.62098830305,0.014161392680291152,573,117,690,Exact_structureO
query_cycle_6_27.graph,1,0.8,1448,6362.726050420168,7335.019691899682,0.15281086027824628,648,128,776,Exact_structureO
query_cycle_6_27.graph,2,0.8,1448,6362.726050420168,6070.782314382647,0.045883436395669074,647,124,771,Exact_structureO
query_cycle_6_27.graph,3,0.8,1448,6362.726050420168,6502.0151573380435,0.02189141978046938,649,122,771,Exact_structureO
query_cycle_6_27.graph,4,0.8,1448,6362.726050420168,6569.646318390185,0.03252069416949883,652,121,773,Exact_structureO
query_cycle_6_27.graph,5,0.8,1448,6362.726050420168,6083.252750277917,0.04392351610420124,644,132,776,Exact_structureO
query_cycle_6_28.graph,1,0.01,11,5534.007117437723,,,11,1,12,Exact_structureO
query_cycle_6_28.graph,2,0.01,11,5534.007117437723,805.0909090909092,0.8545193578529999,11,2,13,Exact_structureO
query_cycle_6_28.graph,3,0.01,11,5534.007117437723,2509.090909090909,0.546605044799322,11,3,14,Exact_structureO
query_cycle_6_28.graph,4,0.01,11,5534.007117437723,,,11,1,12,Exact_structureO
query_cycle_6_28.graph,5,0.01,11,5534.007117437723,,,12,2,14,Exact_structureO
query_cycle_6_28.graph,1,0.05,55,5534.007117437723,,,51,6,57,Exact_structureO
query_cycle_6_28.graph,2,0.05,55,5534.007117437723,1235.6119402985073,0.7767238252359525,44,7,51,Exact_structureO
query_cycle_6_28.graph,3,0.05,55,5534.007117437723,2672.0588235294117,0.51715659795418,49,8,57,Exact_structureO
query_cycle_6_28.graph,4,0.05,55,5534.007117437723,3832.7272727272734,0.30742277857751504,51,5,56,Exact_structureO
query_cycle_6_28.graph,5,0.05,55,5534.007117437723,,,44,5,49,Exact_structureO
query_cycle_6_28.graph,1,0.075,83,5534.007117437723,9131.31313131313,0.650036390907459,72,11,83,Exact_structureO
query_cycle_6_28.graph,2,0.075,83,5534.007117437723,1268.75,0.7707357484232079,72,10,82,Exact_structureO
query_cycle_6_28.graph,3,0.075,83,5534.007117437723,3122.012578616352,0.43584955487699806,75,11,86,Exact_structureO
query_cycle_6_28.graph,4,0.075,83,5534.007117437723,3297.755208333333,0.4040927056378249,72,9,81,Exact_structureO
query_cycle_6_28.graph,5,0.075,83,5534.007117437723,121.15384615384616,0.9781073924223753,75,7,82,Exact_structureO
query_cycle_6_28.graph,1,0.1,111,5534.007117437723,13350.354609929076,1.4124209323587513,98,16,114,Exact_structureO
query_cycle_6_28.graph,2,0.1,111,5534.007117437723,6311.70382165605,0.14053048500205143,94,15,109,Exact_structureO
query_cycle_6_28.graph,3,0.1,111,5534.007117437723,5055.405405405404,0.08648375433494454,92,13,105,Exact_structureO
query_cycle_6_28.graph,4,0.1,111,5534.007117437723,3187.4222222222224,0.42402997419742794,92,11,103,Exact_structureO
query_cycle_6_28.graph,5,0.1,111,5534.007117437723,34.26526717557252,0.993808235795794,101,13,114,Exact_structureO
query_cycle_6_28.graph,1,0.125,139,5534.007117437723,11940.740740740739,1.1577024545406387,118,18,136,Exact_structureO
query_cycle_6_28.graph,2,0.125,139,5534.007117437723,6742.461340206186,0.21836875109188233,122,18,140,Exact_structureO
query_cycle_6_28.graph,3,0.125,139,5534.007117437723,4624.888888888889,0.16427847114330438,117,16,133,Exact_structureO
query_cycle_6_28.graph,4,0.125,139,5534.007117437723,3530.4206896551727,0.36204984656944605,123,12,135,Exact_structureO
query_cycle_6_28.graph,5,0.125,139,5534.007117437723,4883.666666666667,0.11751709691912486,119,13,132,Exact_structureO
query_cycle_6_28.graph,1,0.15,167,5534.007117437723,11176.85950413223,1.0196684368030196,132,21,153,Exact_structureO
query_cycle_6_28.graph,2,0.15,167,5534.007117437723,6125.24953212726,0.10683802932354847,139,20,159,Exact_structureO
query_cycle_6_28.graph,3,0.15,167,5534.007117437723,3648.3590733590736,0.3407382759116716,136,18,154,Exact_structureO
query_cycle_6_28.graph,4,0.15,167,5534.007117437723,2170.9976958525344,0.6076987886387615,140,16,156,Exact_structureO
query_cycle_6_28.graph,5,0.15,167,5534.007117437723,3240.729613733905,0.4143972812173792,138,17,155,Exact_structureO
query_cycle_6_28.graph,1,0.2,223,5534.007117437723,12790.327380952382,1.3112235148107971,177,27,204,Exact_structureO
query_cycle_6_28.graph,2,0.2,223,5534.007117437723,3968.4286030061894,0.2829014277011637,177,24,201,Exact_structureO
query_cycle_6_28.graph,3,0.2,223,5534.007117437723,6501.376151121606,0.1748044433545617,176,29,205,Exact_structureO
query_cycle_6_28.graph,4,0.2,223,5534.007117437723,5215.646687697162,0.05752801233981131,181,23,204,Exact_structureO
query_cycle_6_28.graph,5,0.2,223,5534.007117437723,3338.7837349397587,0.39667881444907954,179,22,201,Exact_structureO
query_cycle_6_28.graph,1,0.3,335,5534.007117437723,9569.56597363772,0.7292290686587488,261,34,295,Exact_structureO
query_cycle_6_28.graph,2,0.3,335,5534.007117437723,7011.89850963286,0.267056286851942,262,34,296,Exact_structureO
query_cycle_6_28.graph,3,0.3,335,5534.007117437723,5741.25981384055,0.037450746268426684,259,38,297,Exact_structureO
query_cycle_6_28.graph,4,0.3,335,5534.007117437723,5796.691806735719,0.04746735660499495,259,36,295,Exact_structureO
query_cycle_6_28.graph,5,0.3,335,5534.007117437723,7050.630422794117,0.2740551779518853,257,28,285,Exact_structureO
query_cycle_6_28.graph,1,0.4,446,5534.007117437723,5759.811254635099,0.04080300809261073,332,43,375,Exact_structureO
query_cycle_6_28.graph,2,0.4,446,5534.007117437723,8955.61246589114,0.6182871246536524,331,43,374,Exact_structureO
query_cycle_6_28.graph,3,0.4,446,5534.007117437723,4875.622441520468,0.11897069554585081,335,44,379,Exact_structureO
query_cycle_6_28.graph,4,0.4,446,5534.007117437723,4976.070433197813,0.10081965425773384,336,45,381,Exact_structureO
query_cycle_6_28.graph,5,0.4,446,5534.007117437723,4945.668139268317,0.10631337576627661,332,43,375,Exact_structureO
query_cycle_6_28.graph,1,0.5,558,5534.007117437723,6249.834028884336,0.1293505585113965,405,55,460,Exact_structureO
query_cycle_6_28.graph,2,0.5,558,5534.007117437723,7208.10284043442,0.3025105836459085,411,51,462,Exact_structureO
query_cycle_6_28.graph,3,0.5,558,5534.007117437723,5473.563915729447,0.01092214021876086,406,54,460,Exact_structureO
query_cycle_6_28.graph,4,0.5,558,5534.007117437723,5127.644322368277,0.07343011789576334,399,53,452,Exact_structureO
query_cycle_6_28.graph,5,0.5,558,5534.007117437723,4430.0778079565425,0.19948100644877845,411,49,460,Exact_structureO
query_cycle_6_28.graph,1,0.6,670,5534.007117437723,5540.766171844279,0.00122136713291499,487,60,547,Exact_structureO
query_cycle_6_28.graph,2,0.6,670,5534.007117437723,6544.0015015015015,0.1825068820170604,489,59,548,Exact_structureO
query_cycle_6_28.graph,3,0.6,670,5534.007117437723,4963.438465909091,0.103102261963264,484,59,543,Exact_structureO
query_cycle_6_28.graph,4,0.6,670,5534.007117437723,5174.319513945555,0.06499586933287237,485,58,543,Exact_structureO
query_cycle_6_28.graph,5,0.6,670,5534.007117437723,5752.968401039661,0.03956649837185591,493,56,549,Exact_structureO
query_cycle_6_28.graph,1,0.7,781,5534.007117437723,5233.987476784499,0.05421381546616695,563,64,627,Exact_structureO
query_cycle_6_28.graph,2,0.7,781,5534.007117437723,6014.4431897481445,0.08681522486600389,562,62,624,Exact_structureO
query_cycle_6_28.graph,3,0.7,781,5534.007117437723,4776.7650423503555,0.13683431535555643,562,64,626,Exact_structureO
query_cycle_6_28.graph,4,0.7,781,5534.007117437723,5451.727673044955,0.014867968661172171,568,64,632,Exact_structureO
query_cycle_6_28.graph,5,0.7,781,5534.007117437723,6111.543023176169,0.10436125098549731,564,60,624,Exact_structureO
query_cycle_6_28.graph,1,0.8,893,5534.007117437723,5346.6028694935285,0.033864114007674674,642,74,716,Exact_structureO
query_cycle_6_28.graph,2,0.8,893,5534.007117437723,6037.6182676863245,0.09100298202756502,644,68,712,Exact_structureO
query_cycle_6_28.graph,3,0.8,893,5534.007117437723,4737.751985713525,0.14388400933117493,645,69,714,Exact_structureO
query_cycle_6_28.graph,4,0.8,893,5534.007117437723,5337.540174927115,0.03550175096297544,634,72,706,Exact_structureO
query_cycle_6_28.graph,5,0.8,893,5534.007117437723,5777.976935089897,0.0440855626808687,644,65,709,Exact_structureO
query_cycle_6_29.graph,1,0.01,49,6838.870594065539,3181.818181818182,0.5347450813619402,22,3,25,Exact_structureO
query_cycle_6_29.graph,2,0.01,49,6838.870594065539,7589.019607843136,0.10968902005961956,24,7,31,Exact_structureO
query_cycle_6_29.graph,3,0.01,49,6838.870594065539,9450.0,0.3818071083550375,16,4,20,Exact_structureO
query_cycle_6_29.graph,4,0.01,49,6838.870594065539,3872.3404255319147,0.43377486497665924,21,4,25,Exact_structureO
query_cycle_6_29.graph,5,0.01,49,6838.870594065539,1439.9999999999998,0.7894389168220896,20,2,22,Exact_structureO
query_cycle_6_29.graph,1,0.05,249,6838.870594065539,5582.922374429223,0.18364848440416034,74,17,91,Exact_structureO
query_cycle_6_29.graph,2,0.05,249,6838.870594065539,4464.679611650485,0.347161267311487,73,22,95,Exact_structureO
query_cycle_6_29.graph,3,0.05,249,6838.870594065539,8490.300626304803,0.24147701137557706,76,16,92,Exact_structureO
query_cycle_6_29.graph,4,0.05,249,6838.870594065539,7590.697674418604,0.10993439194557451,73,18,91,Exact_structureO
query_cycle_6_29.graph,5,0.05,249,6838.870594065539,5155.725747629466,0.2461144458409009,72,24,96,Exact_structureO
query_cycle_6_29.graph,1,0.075,374,6838.870594065539,8810.732530120482,0.2883315174534864,107,36,143,Exact_structureO
query_cycle_6_29.graph,2,0.075,374,6838.870594065539,4955.649518277785,0.2753701872092634,108,43,151,Exact_structureO
query_cycle_6_29.graph,3,0.075,374,6838.870594065539,7979.181201764057,0.16673960883073696,109,38,147,Exact_structureO
query_cycle_6_29.graph,4,0.075,374,6838.870594065539,8136.926229508197,0.18980555598888676,109,43,152,Exact_structureO
query_cycle_6_29.graph,5,0.075,374,6838.870594065539,7849.96118615122,0.14784467379205268,110,44,154,Exact_structureO
query_cycle_6_29.graph,1,0.1,499,6838.870594065539,8165.604124310195,0.19399892306719993,141,78,219,Exact_structureO
query_cycle_6_29.graph,2,0.1,499,6838.870594065539,5238.008737864077,0.2340827822638751,142,72,214,Exact_structureO
query_cycle_6_29.graph,3,0.1,499,6838.870594065539,7346.738975469983,0.07426202534745276,135,70,205,Exact_structureO
query_cycle_6_29.graph,4,0.1,499,6838.870594065539,6801.584901960785,0.005452024803204931,137,66,203,Exact_structureO
query_cycle_6_29.graph,5,0.1,499,6838.870594065539,7436.642886541363,0.08740804263711953,143,72,215,Exact_structureO
query_cycle_6_29.graph,1,0.125,624,6838.870594065539,7434.380522088353,0.08707723297755782,158,106,264,Exact_structureO
query_cycle_6_29.graph,2,0.125,624,6838.870594065539,5907.989756592292,0.136116164894394,164,110,274,Exact_structureO
query_cycle_6_29.graph,3,0.125,624,6838.870594065539,6554.006986142449,0.041653604057120444,159,107,266,Exact_structureO
query_cycle_6_29.graph,4,0.125,624,6838.870594065539,5894.066696389407,0.13815203617041527,160,93,253,Exact_structureO
query_cycle_6_29.graph,5,0.125,624,6838.870594065539,5800.78572960798,0.15179185659081806,159,103,262,Exact_structureO
query_cycle_6_29.graph,1,0.15,749,6838.870594065539,6671.326149363109,0.024498847053461958,181,144,325,Exact_structureO
query_cycle_6_29.graph,2,0.15,749,6838.870594065539,6351.378867744721,0.07128249023220899,180,148,328,Exact_structureO
query_cycle_6_29.graph,3,0.15,749,6838.870594065539,6407.973063973063,0.06300711852427637,175,148,323,Exact_structureO
query_cycle_6_29.graph,4,0.15,749,6838.870594065539,6345.597014925374,0.07212792994916516,185,141,326,Exact_structureO
query_cycle_6_29.graph,5,0.15,749,6838.870594065539,7508.4279484511435,0.0979046679091451,186,133,319,Exact_structureO
query_cycle_6_29.graph,1,0.2,999,6838.870594065539,7199.696898824531,0.05276109553412231,212,207,419,Exact_structureO
query_cycle_6_29.graph,2,0.2,999,6838.870594065539,6158.808866159024,0.09944064864988703,210,196,406,Exact_structureO
query_cycle_6_29.graph,3,0.2,999,6838.870594065539,6665.632538286488,0.025331383800327973,210,200,410,Exact_structureO
query_cycle_6_29.graph,4,0.2,999,6838.870594065539,6078.17738340434,0.11123082389090595,213,194,407,Exact_structureO
query_cycle_6_29.graph,5,0.2,999,6838.870594065539,7096.627138743011,0.037689928641308254,213,193,406,Exact_structureO
query_cycle_6_29.graph,1,0.3,1498,6838.870594065539,6938.0907684468775,0.01450826902141374,280,315,595,Exact_structureO
query_cycle_6_29.graph,2,0.3,1498,6838.870594065539,6538.458930491741,0.043927087000956246,284,350,634,Exact_structureO
query_cycle_6_29.graph,3,0.3,1498,6838.870594065539,6792.26443258542,0.006814891558346189,283,339,622,Exact_structureO
query_cycle_6_29.graph,4,0.3,1498,6838.870594065539,6103.822033031877,0.10748098694417518,283,328,611,Exact_structureO
query_cycle_6_29.graph,5,0.3,1498,6838.870594065539,7086.630693843203,0.03622821873434167,275,343,618,Exact_structureO
query_cycle_6_29.graph,1,0.4,1998,6838.870594065539,6745.170252640868,0.013701142628138032,327,402,729,Exact_structureO
query_cycle_6_29.graph,2,0.4,1998,6838.870594065539,6435.732958368559,0.058947984195929205,321,408,729,Exact_structureO
query_cycle_6_29.graph,3,0.4,1998,6838.870594065539,6790.500009368973,0.0070728907692067826,321,389,710,Exact_structureO
query_cycle_6_29.graph,4,0.4,1998,6838.870594065539,6012.890448935967,0.1207772736402295,323,401,724,Exact_structureO
query_cycle_6_29.graph,5,0.4,1998,6838.870594065539,6647.48349399728,0.027985191039341547,319,409,728,Exact_structureO
query_cycle_6_29.graph,1,0.5,2498,6838.870594065539,6876.010667037146,0.005430731940422361,347,453,800,Exact_structureO
query_cycle_6_29.graph,2,0.5,2498,6838.870594065539,6744.733049641696,0.013765071751106266,353,458,811,Exact_structureO
query_cycle_6_29.graph,3,0.5,2498,6838.870594065539,7030.842628168988,0.0280707218338118,357,458,815,Exact_structureO
query_cycle_6_29.graph,4,0.5,2498,6838.870594065539,6119.421368535481,0.10520000570772076,349,438,787,Exact_structureO
query_cycle_6_29.graph,5,0.5,2498,6838.870594065539,6781.940834712263,0.008324438746169222,350,467,817,Exact_structureO
query_cycle_6_29.graph,1,0.6,2997,6838.870594065539,6717.794799853868,0.017704062760996637,372,494,866,Exact_structureO
query_cycle_6_29.graph,2,0.6,2997,6838.870594065539,6467.876341762487,0.05424788306785395,368,506,874,Exact_structureO
query_cycle_6_29.graph,3,0.6,2997,6838.870594065539,6722.846728041585,0.016965354794786443,375,501,876,Exact_structureO
query_cycle_6_29.graph,4,0.6,2997,6838.870594065539,6341.869665733276,0.07267295403476974,380,491,871,Exact_structureO
query_cycle_6_29.graph,5,0.6,2997,6838.870594065539,6428.25135700711,0.06004196620049313,370,503,873,Exact_structureO
query_cycle_6_29.graph,1,0.7,3497,6838.870594065539,6883.066758020089,0.006462494551790642,403,536,939,Exact_structureO
query_cycle_6_29.graph,2,0.7,3497,6838.870594065539,6147.068982983492,0.10115728928726349,398,538,936,Exact_structureO
query_cycle_6_29.graph,3,0.7,3497,6838.870594065539,6853.67622105252,0.002164922816324215,404,540,944,Exact_structureO
query_cycle_6_29.graph,4,0.7,3497,6838.870594065539,6496.167347345074,0.050111088081977694,402,530,932,Exact_structureO
query_cycle_6_29.graph,5,0.7,3497,6838.870594065539,6381.541450871255,0.06687202761098211,400,546,946,Exact_structureO
query_cycle_6_29.graph,1,0.8,3996,6838.870594065539,7292.936563704735,0.06639487666767867,431,569,1000,Exact_structureO
query_cycle_6_29.graph,2,0.8,3996,6838.870594065539,6073.165975955749,0.1119636067941151,423,579,1002,Exact_structureO
query_cycle_6_29.graph,3,0.8,3996,6838.870594065539,6732.707136470853,0.01552353654517315,428,565,993,Exact_structureO
query_cycle_6_29.graph,4,0.8,3996,6838.870594065539,6671.309617996648,0.024501264319037278,426,582,1008,Exact_structureO
query_cycle_6_29.graph,5,0.8,3996,6838.870594065539,6396.304010493365,0.06471340223285012,423,589,1012,Exact_structureO
query_cycle_6_31.graph,1,0.01,11,4439.72966507177,,,11,0,11,Exact_structureO
query_cycle_6_31.graph,2,0.01,11,4439.72966507177,,,11,1,12,Exact_structureO
query_cycle_6_31.graph,3,0.01,11,4439.72966507177,,,13,0,13,Exact_structureO
query_cycle_6_31.graph,4,0.01,11,4439.72966507177,,,9,0,9,Exact_structureO
query_cycle_6_31.graph,5,0.01,11,4439.72966507177,,,8,1,9,Exact_structureO
query_cycle_6_31.graph,1,0.05,58,4439.72966507177,,,53,1,54,Exact_structureO
query_cycle_6_31.graph,2,0.05,58,4439.72966507177,902.4,0.7967443812853383,51,5,56,Exact_structureO
query_cycle_6_31.graph,3,0.05,58,4439.72966507177,4488.843665768194,0.01106238541567379,47,11,58,Exact_structureO
query_cycle_6_31.graph,4,0.05,58,4439.72966507177,2187.4285714285716,0.5073059090427275,51,5,56,Exact_structureO
query_cycle_6_31.graph,5,0.05,58,4439.72966507177,1421.0431034482758,0.6799257588524134,50,8,58,Exact_structureO
query_cycle_6_31.graph,1,0.075,87,4439.72966507177,421.84999999999997,0.9049829535075576,71,8,79,Exact_structureO
query_cycle_6_31.graph,2,0.075,87,4439.72966507177,475.9322033898304,0.8928015353875973,74,9,83,Exact_structureO
query_cycle_6_31.graph,3,0.075,87,4439.72966507177,4562.308791208792,0.027609592336528162,72,14,86,Exact_structureO
query_cycle_6_31.graph,4,0.075,87,4439.72966507177,1835.2820823244551,0.5866230106839654,75,8,83,Exact_structureO
query_cycle_6_31.graph,5,0.075,87,4439.72966507177,987.8699999999999,0.7774932091537536,74,11,85,Exact_structureO
query_cycle_6_31.graph,1,0.1,116,4439.72966507177,6087.402020202021,0.37111997338324787,96,11,107,Exact_structureO
query_cycle_6_31.graph,2,0.1,116,4439.72966507177,446.16195856873827,0.8995069537501839,99,13,112,Exact_structureO
query_cycle_6_31.graph,3,0.1,116,4439.72966507177,5264.037226277372,0.18566616064275088,100,17,117,Exact_structureO
query_cycle_6_31.graph,4,0.1,116,4439.72966507177,1782.6970443349755,0.5984672088573759,98,11,109,Exact_structureO
query_cycle_6_31.graph,5,0.1,116,4439.72966507177,581.2910256410256,0.869070626030644,98,16,114,Exact_structureO
query_cycle_6_31.graph,1,0.125,145,4439.72966507177,4466.3448275862065,0.005994770970814591,126,19,145,Exact_structureO
query_cycle_6_31.graph,2,0.125,145,4439.72966507177,1188.3809055118113,0.7323303455025565,122,17,139,Exact_structureO
query_cycle_6_31.graph,3,0.125,145,4439.72966507177,4164.622058144901,0.06196494554413868,121,21,142,Exact_structureO
query_cycle_6_31.graph,4,0.125,145,4439.72966507177,1440.778711484594,0.6754805314342707,123,17,140,Exact_structureO
query_cycle_6_31.graph,5,0.125,145,4439.72966507177,2271.408261802575,0.48839041267034966,120,22,142,Exact_structureO
query_cycle_6_31.graph,1,0.15,174,4439.72966507177,3596.5919540229884,0.18990744361800052,138,23,161,Exact_structureO
query_cycle_6_31.graph,2,0.15,174,4439.72966507177,2988.040404040404,0.3269769491714984,147,22,169,Exact_structureO
query_cycle_6_31.graph,3,0.15,174,4439.72966507177,4148.900000000001,0.06550616524239837,140,21,161,Exact_structureO
query_cycle_6_31.graph,4,0.15,174,4439.72966507177,2450.2967320261437,0.44809776340593166,143,23,166,Exact_structureO
query_cycle_6_31.graph,5,0.15,174,4439.72966507177,2590.8483835005577,0.416440058528051,141,26,167,Exact_structureO
query_cycle_6_31.graph,1,0.2,232,4439.72966507177,5249.658707338418,0.18242755828998325,184,31,215,Exact_structureO
query_cycle_6_31.graph,2,0.2,232,4439.72966507177,2950.8239404352803,0.33535954595389106,184,31,215,Exact_structureO
query_cycle_6_31.graph,3,0.2,232,4439.72966507177,3626.3917168674698,0.18319537664713922,184,30,214,Exact_structureO
query_cycle_6_31.graph,4,0.2,232,4439.72966507177,4729.903846153847,0.06535852472391154,186,32,218,Exact_structureO
query_cycle_6_31.graph,5,0.2,232,4439.72966507177,1951.0319200779725,0.5605516400182818,180,35,215,Exact_structureO
query_cycle_6_31.graph,1,0.3,349,4439.72966507177,5282.9745665719975,0.1899315870815743,267,46,313,Exact_structureO
query_cycle_6_31.graph,2,0.3,349,4439.72966507177,4362.522944256237,0.01738995989393986,259,46,305,Exact_structureO
query_cycle_6_31.graph,3,0.3,349,4439.72966507177,3163.024371732164,0.2875637459153647,261,45,306,Exact_structureO
query_cycle_6_31.graph,4,0.3,349,4439.72966507177,3597.3818944844124,0.1897295182664552,260,51,311,Exact_structureO
query_cycle_6_31.graph,5,0.3,349,4439.72966507177,4337.022972972974,0.023133546374863805,261,46,307,Exact_structureO
query_cycle_6_31.graph,1,0.4,465,4439.72966507177,5516.542935385017,0.24254027869866707,339,55,394,Exact_structureO
query_cycle_6_31.graph,2,0.4,465,4439.72966507177,4210.550942709755,0.05161997230709996,332,57,389,Exact_structureO
query_cycle_6_31.graph,3,0.4,465,4439.72966507177,2910.50705281577,0.34444047895228763,335,57,392,Exact_structureO
query_cycle_6_31.graph,4,0.4,465,4439.72966507177,4263.784196764177,0.03962977063486332,332,58,390,Exact_structureO
query_cycle_6_31.graph,5,0.4,465,4439.72966507177,3664.1708347932727,0.1746860482024326,329,57,386,Exact_structureO
query_cycle_6_31.graph,1,0.5,582,4439.72966507177,4438.900054824561,0.0001868605320128674,407,62,469,Exact_structureO
query_cycle_6_31.graph,2,0.5,582,4439.72966507177,4049.3434249471456,0.08793018259554627,399,69,468,Exact_structureO
query_cycle_6_31.graph,3,0.5,582,4439.72966507177,3448.8015749201395,0.22319559182791182,402,68,470,Exact_structureO
query_cycle_6_31.graph,4,0.5,582,4439.72966507177,3918.879053375813,0.11731583924886049,403,68,471,Exact_structureO
query_cycle_6_31.graph,5,0.5,582,4439.72966507177,4008.2054363226102,0.09719605951327306,406,67,473,Exact_structureO
query_cycle_6_31.graph,1,0.6,698,4439.72966507177,4601.061729202786,0.03633826298034489,477,75,552,Exact_structureO
query_cycle_6_31.graph,2,0.6,698,4439.72966507177,3895.746105171784,0.12252627996240668,481,76,557,Exact_structureO
query_cycle_6_31.graph,3,0.6,698,4439.72966507177,4359.7113820122995,0.018023233191198557,480,73,553,Exact_structureO
query_cycle_6_31.graph,4,0.6,698,4439.72966507177,3768.492790670956,0.1511886815275189,481,75,556,Exact_structureO
query_cycle_6_31.graph,5,0.6,698,4439.72966507177,5156.630918357626,0.16147407778583,477,74,551,Exact_structureO
query_cycle_6_31.graph,1,0.7,814,4439.72966507177,4493.742153443765,0.01216571558329832,559,82,641,Exact_structureO
query_cycle_6_31.graph,2,0.7,814,4439.72966507177,4008.3335127763416,0.09716721170870087,549,87,636,Exact_structureO
query_cycle_6_31.graph,3,0.7,814,4439.72966507177,4621.516473142641,0.040945467806525256,549,89,638,Exact_structureO
query_cycle_6_31.graph,4,0.7,814,4439.72966507177,4753.246453613453,0.07061618886577298,556,84,640,Exact_structureO
query_cycle_6_31.graph,5,0.7,814,4439.72966507177,4586.369755167171,0.03302905833412513,554,82,636,Exact_structureO
query_cycle_6_31.graph,1,0.8,931,4439.72966507177,4118.165234854551,0.07242883113965913,616,93,709,Exact_structureO
query_cycle_6_31.graph,2,0.8,931,4439.72966507177,3986.902592521753,0.10199428945246306,624,93,717,Exact_structureO
query_cycle_6_31.graph,3,0.8,931,4439.72966507177,4601.742202738916,0.03649153211776168,626,93,719,Exact_structureO
query_cycle_6_31.graph,4,0.8,931,4439.72966507177,4637.894075174978,0.044634341514576105,626,95,721,Exact_structureO
query_cycle_6_31.graph,5,0.8,931,4439.72966507177,4232.247128122955,0.04673314652041124,623,91,714,Exact_structureO
query_cycle_6_32.graph,1,0.01,87,10550.149677419355,21774.712643678162,1.0639245232968504,50,10,60,Exact_structureO
query_cycle_6_32.graph,2,0.01,87,10550.149677419355,0.0,1.0,59,11,70,Exact_structureO
query_cycle_6_32.graph,3,0.01,87,10550.149677419355,30095.2380952381,1.8525887324282606,53,13,66,Exact_structureO
query_cycle_6_32.graph,4,0.01,87,10550.149677419355,24926.315789473687,1.3626504411424474,45,13,58,Exact_structureO
query_cycle_6_32.graph,5,0.01,87,10550.149677419355,18909.090909090908,0.7923054636430725,55,11,66,Exact_structureO
query_cycle_6_32.graph,1,0.05,438,10550.149677419355,5241.19639129138,0.5032111816850151,142,71,213,Exact_structureO
query_cycle_6_32.graph,2,0.05,438,10550.149677419355,17021.53543307087,0.6133927909574893,144,56,200,Exact_structureO
query_cycle_6_32.graph,3,0.05,438,10550.149677419355,13141.668308702789,0.2456380914509773,142,62,204,Exact_structureO
query_cycle_6_32.graph,4,0.05,438,10550.149677419355,9307.967248908299,0.11774073984653677,149,59,208,Exact_structureO
query_cycle_6_32.graph,5,0.05,438,10550.149677419355,22157.755102040814,1.1002313502210677,146,63,209,Exact_structureO
query_cycle_6_32.graph,1,0.075,658,10550.149677419355,9574.08401084011,0.09251676008619414,175,88,263,Exact_structureO
query_cycle_6_32.graph,2,0.075,658,10550.149677419355,15708.158575601612,0.4889038597454235,183,81,264,Exact_structureO
query_cycle_6_32.graph,3,0.075,658,10550.149677419355,15043.016155621497,0.42585807932358466,181,88,269,Exact_structureO
query_cycle_6_32.graph,4,0.075,658,10550.149677419355,9464.437869822485,0.10290961178689584,186,90,276,Exact_structureO
query_cycle_6_32.graph,5,0.075,658,10550.149677419355,11096.670673076924,0.05180220303673001,176,85,261,Exact_structureO
query_cycle_6_32.graph,1,0.1,877,10550.149677419355,11823.25972801939,0.12067222641635991,205,107,312,Exact_structureO
query_cycle_6_32.graph,2,0.1,877,10550.149677419355,13264.011024078907,0.2572343928416552,208,91,299,Exact_structureO
query_cycle_6_32.graph,3,0.1,877,10550.149677419355,15263.085836909873,0.4467174688125693,206,95,301,Exact_structureO
query_cycle_6_32.graph,4,0.1,877,10550.149677419355,6391.724075348896,0.39415797208742925,206,104,310,Exact_structureO
query_cycle_6_32.graph,5,0.1,877,10550.149677419355,10544.297898183355,0.0005546631483839996,208,102,310,Exact_structureO
query_cycle_6_32.graph,1,0.125,1096,10550.149677419355,11322.678949255873,0.07322448452934978,226,121,347,Exact_structureO
query_cycle_6_32.graph,2,0.125,1096,10550.149677419355,17504.85430968726,0.659204356801986,237,103,340,Exact_structureO
query_cycle_6_32.graph,3,0.125,1096,10550.149677419355,15828.657320872275,0.5003253797195494,237,114,351,Exact_structureO
query_cycle_6_32.graph,4,0.125,1096,10550.149677419355,9837.489666958112,0.06754975353445075,235,116,351,Exact_structureO
query_cycle_6_32.graph,5,0.125,1096,10550.149677419355,12909.536229135054,0.22363536289589617,227,113,340,Exact_structureO
query_cycle_6_32.graph,1,0.15,1316,10550.149677419355,12037.759650349652,0.141003684157605,249,135,384,Exact_structureO
query_cycle_6_32.graph,2,0.15,1316,10550.149677419355,21187.117691216947,1.0082291094470495,257,117,374,Exact_structureO
query_cycle_6_32.graph,3,0.15,1316,10550.149677419355,14446.890971292574,0.36935412416124047,257,131,388,Exact_structureO
query_cycle_6_32.graph,4,0.15,1316,10550.149677419355,12313.323338735816,0.1671230944799019,251,122,373,Exact_structureO
query_cycle_6_32.graph,5,0.15,1316,10550.149677419355,11069.939882697945,0.04926851477672446,257,131,388,Exact_structureO
query_cycle_6_32.graph,1,0.2,1755,10550.149677419355,11608.876620259241,0.10035184098912796,278,154,432,Exact_structureO
query_cycle_6_32.graph,2,0.2,1755,10550.149677419355,13672.62059351845,0.29596460823510085,296,145,441,Exact_structureO
query_cycle_6_32.graph,3,0.2,1755,10550.149677419355,9946.309721011334,0.05723520280479326,288,156,444,Exact_structureO
query_cycle_6_32.graph,4,0.2,1755,10550.149677419355,13491.693416641268,0.2788153561003731,289,145,434,Exact_structureO
query_cycle_6_32.graph,5,0.2,1755,10550.149677419355,11728.126791470368,0.11165501439019915,285,154,439,Exact_structureO
query_cycle_6_32.graph,1,0.3,2632,10550.149677419355,12204.220577211396,0.15678174721371718,368,202,570,Exact_structureO
query_cycle_6_32.graph,2,0.3,2632,10550.149677419355,10252.959957000807,0.028169242096595805,376,202,578,Exact_structureO
query_cycle_6_32.graph,3,0.3,2632,10550.149677419355,9777.351625615764,0.07324996094203502,368,202,570,Exact_structureO
query_cycle_6_32.graph,4,0.3,2632,10550.149677419355,13223.294040937602,0.2533750179146386,376,194,570,Exact_structureO
query_cycle_6_32.graph,5,0.3,2632,10550.149677419355,10497.886492039035,0.00495378615264381,364,196,560,Exact_structureO
query_cycle_6_32.graph,1,0.4,3510,10550.149677419355,13064.47261376249,0.23832106777826842,424,231,655,Exact_structureO
query_cycle_6_32.graph,2,0.4,3510,10550.149677419355,10562.103343465047,0.001133032839456018,427,237,664,Exact_structureO
query_cycle_6_32.graph,3,0.4,3510,10550.149677419355,9408.368787749872,0.10822414132315614,422,234,656,Exact_structureO
query_cycle_6_32.graph,4,0.4,3510,10550.149677419355,12694.535196219436,0.20325640719484223,418,232,650,Exact_structureO
query_cycle_6_32.graph,5,0.4,3510,10550.149677419355,11398.087260418872,0.08037209034241198,430,231,661,Exact_structureO
query_cycle_6_32.graph,1,0.5,4387,10550.149677419355,12306.676182876068,0.16649304125193917,486,266,752,Exact_structureO
query_cycle_6_32.graph,2,0.5,4387,10550.149677419355,11715.142499943173,0.11042429331758866,485,282,767,Exact_structureO
query_cycle_6_32.graph,3,0.5,4387,10550.149677419355,9733.877180202133,0.07737070299242316,482,275,757,Exact_structureO
query_cycle_6_32.graph,4,0.5,4387,10550.149677419355,11611.91105729016,0.10063946127165477,485,282,767,Exact_structureO
query_cycle_6_32.graph,5,0.5,4387,10550.149677419355,10975.573934018517,0.04032400199114754,488,275,763,Exact_structureO
query_cycle_6_32.graph,1,0.6,5265,10550.149677419355,11550.030953708867,0.09477413182388998,532,293,825,Exact_structureO
query_cycle_6_32.graph,2,0.6,5265,10550.149677419355,11782.901545817775,0.11684686057458478,532,323,855,Exact_structureO
query_cycle_6_32.graph,3,0.6,5265,10550.149677419355,9864.524929934398,0.06498720572205814,521,304,825,Exact_structureO
query_cycle_6_32.graph,4,0.6,5265,10550.149677419355,11074.653998735801,0.04971534408076227,537,309,846,Exact_structureO
query_cycle_6_32.graph,5,0.6,5265,10550.149677419355,10374.70207037248,0.016629868998199012,537,301,838,Exact_structureO
query_cycle_6_32.graph,1,0.7,6142,10550.149677419355,10702.700017652578,0.01445954274560949,574,320,894,Exact_structureO
query_cycle_6_32.graph,2,0.7,6142,10550.149677419355,11972.027932984998,0.13477327801414146,564,335,899,Exact_structureO
query_cycle_6_32.graph,3,0.7,6142,10550.149677419355,10052.85437360504,0.04713632687872512,565,337,902,Exact_structureO
query_cycle_6_32.graph,4,0.7,6142,10550.149677419355,11045.857280080658,0.04698583601351871,567,332,899,Exact_structureO
query_cycle_6_32.graph,5,0.7,6142,10550.149677419355,11112.919288413499,0.05334233429869234,565,330,895,Exact_structureO
query_cycle_6_32.graph,1,0.8,7020,10550.149677419355,10471.0956526665,0.007493166179628305,602,339,941,Exact_structureO
query_cycle_6_32.graph,2,0.8,7020,10550.149677419355,11709.689468901866,0.1099074256703952,597,354,951,Exact_structureO
query_cycle_6_32.graph,3,0.8,7020,10550.149677419355,10524.825980016942,0.0024003164103551734,600,346,946,Exact_structureO
query_cycle_6_32.graph,4,0.8,7020,10550.149677419355,10296.41561879977,0.024050280458357384,592,352,944,Exact_structureO
query_cycle_6_32.graph,5,0.8,7020,10550.149677419355,12068.391124888802,0.14390710026787223,598,340,938,Exact_structureO
query_cycle_6_33.graph,1,0.01,240,1220.6031009506564,2317.241379310345,0.8984396955124735,113,14,127,Exact_structureO
query_cycle_6_33.graph,2,0.01,240,1220.6031009506564,143.3328671328671,0.88257209323716,114,20,134,Exact_structureO
query_cycle_6_33.graph,3,0.01,240,1220.6031009506564,175.71428571428572,0.8560430613543156,114,19,133,Exact_structureO
query_cycle_6_33.graph,4,0.01,240,1220.6031009506564,61.93277310924369,0.9492605146906411,104,15,119,Exact_structureO
query_cycle_6_33.graph,5,0.01,240,1220.6031009506564,434.06103286384985,0.644388063142077,120,14,134,Exact_structureO
query_cycle_6_33.graph,1,0.05,1201,1220.6031009506564,675.2244651483783,0.4468107899918611,306,46,352,Exact_structureO
query_cycle_6_33.graph,2,0.05,1201,1220.6031009506564,1341.808523856859,0.0992996190258756,332,65,397,Exact_structureO
query_cycle_6_33.graph,3,0.05,1201,1220.6031009506564,1489.5253164556962,0.22031913182556387,331,58,389,Exact_structureO
query_cycle_6_33.graph,4,0.05,1201,1220.6031009506564,870.9687292082502,0.28644394846293314,329,66,395,Exact_structureO
query_cycle_6_33.graph,5,0.05,1201,1220.6031009506564,636.2424670433143,0.47874745972070515,313,62,375,Exact_structureO
query_cycle_6_33.graph,1,0.075,1802,1220.6031009506564,683.4606660924491,0.4400631412781587,415,61,476,Exact_structureO
query_cycle_6_33.graph,2,0.075,1802,1220.6031009506564,1033.8809782608696,0.15297529765765783,413,89,502,Exact_structureO
query_cycle_6_33.graph,3,0.075,1802,1220.6031009506564,1112.2890322580643,0.08873815625098173,413,80,493,Exact_structureO
query_cycle_6_33.graph,4,0.075,1802,1220.6031009506564,935.0427548209367,0.23395020535939445,407,93,500,Exact_structureO
query_cycle_6_33.graph,5,0.075,1802,1220.6031009506564,1968.8120104438642,0.6129829662979486,411,93,504,Exact_structureO
query_cycle_6_33.graph,1,0.1,2402,1220.6031009506564,866.1266201395813,0.2904109292652084,495,98,593,Exact_structureO
query_cycle_6_33.graph,2,0.1,2402,1220.6031009506564,1066.814590347924,0.1259938717859684,478,113,591,Exact_structureO
query_cycle_6_33.graph,3,0.1,2402,1220.6031009506564,892.8280957336109,0.268535287975068,493,100,593,Exact_structureO
query_cycle_6_33.graph,4,0.1,2402,1220.6031009506564,2201.817092681475,0.8038763714155801,486,114,600,Exact_structureO
query_cycle_6_33.graph,5,0.1,2402,1220.6031009506564,1994.5017253278127,0.6340297052943843,473,113,586,Exact_structureO
query_cycle_6_33.graph,1,0.125,3003,1220.6031009506564,750.8341594827585,0.3848662526762568,553,125,678,Exact_structureO
query_cycle_6_33.graph,2,0.125,3003,1220.6031009506564,880.3406799193316,0.27876581729664157,543,139,682,Exact_structureO
query_cycle_6_33.graph,3,0.125,3003,1220.6031009506564,749.9699953117674,0.38557423397690893,546,124,670,Exact_structureO
query_cycle_6_33.graph,4,0.125,3003,1220.6031009506564,1621.480417754569,0.32842560902204226,536,126,662,Exact_structureO
query_cycle_6_33.graph,5,0.125,3003,1220.6031009506564,1997.7508305647839,0.6366915904185828,549,136,685,Exact_structureO
query_cycle_6_33.graph,1,0.15,3604,1220.6031009506564,1595.941647617529,0.3075025340952709,615,148,763,Exact_structureO
query_cycle_6_33.graph,2,0.15,3604,1220.6031009506564,920.8831537518549,0.24555070109634095,609,164,773,Exact_structureO
query_cycle_6_33.graph,3,0.15,3604,1220.6031009506564,808.51693680996,0.3376086492159053,609,151,760,Exact_structureO
query_cycle_6_33.graph,4,0.15,3604,1220.6031009506564,1524.14224332503,0.2486796421686662,587,145,732,Exact_structureO
query_cycle_6_33.graph,5,0.15,3604,1220.6031009506564,1808.006147124568,0.4812400080881474,588,154,742,Exact_structureO
query_cycle_6_33.graph,1,0.2,4805,1220.6031009506564,1864.8635952100308,0.5278214464288985,718,196,914,Exact_structureO
query_cycle_6_33.graph,2,0.2,4805,1220.6031009506564,874.9787343788178,0.2831586830335365,736,206,942,Exact_structureO
query_cycle_6_33.graph,3,0.2,4805,1220.6031009506564,1532.9066206896553,0.255860008462836,720,206,926,Exact_structureO
query_cycle_6_33.graph,4,0.2,4805,1220.6031009506564,1376.3494619666046,0.12759787427595953,736,193,929,Exact_structureO
query_cycle_6_33.graph,5,0.2,4805,1220.6031009506564,1507.9361112217662,0.2354024908238582,715,212,927,Exact_structureO
query_cycle_6_33.graph,1,0.3,7208,1220.6031009506564,1586.0015282906656,0.29935892105748524,1043,387,1430,Exact_structureO
query_cycle_6_33.graph,2,0.3,7208,1220.6031009506564,940.2523291925463,0.2296821723128192,1043,365,1408,Exact_structureO
query_cycle_6_33.graph,3,0.3,7208,1220.6031009506564,1695.2232975036297,0.3888407265091489,1032,385,1417,Exact_structureO
query_cycle_6_33.graph,4,0.3,7208,1220.6031009506564,985.842698672486,0.19233148113037668,1027,380,1407,Exact_structureO
query_cycle_6_33.graph,5,0.3,7208,1220.6031009506564,1469.28731884058,0.20373880559228294,1049,388,1437,Exact_structureO
query_cycle_6_33.graph,1,0.4,9611,1220.6031009506564,1618.4946919809481,0.3259795020350163,1216,528,1744,Exact_structureO
query_cycle_6_33.graph,2,0.4,9611,1220.6031009506564,956.050249632207,0.21673945536628952,1224,496,1720,Exact_structureO
query_cycle_6_33.graph,3,0.4,9611,1220.6031009506564,1860.721060132843,0.5244276036031992,1218,499,1717,Exact_structureO
query_cycle_6_33.graph,4,0.4,9611,1220.6031009506564,1106.136516646795,0.09377871006120678,1221,516,1737,Exact_structureO
query_cycle_6_33.graph,5,0.4,9611,1220.6031009506564,1663.7986324377098,0.3630955313335467,1222,500,1722,Exact_structureO
query_cycle_6_33.graph,1,0.5,12014,1220.6031009506564,1547.7150484780927,0.2679920666043433,1385,676,2061,Exact_structureO
query_cycle_6_33.graph,2,0.5,12014,1220.6031009506564,1239.4322721863314,0.015426121088017889,1409,642,2051,Exact_structureO
query_cycle_6_33.graph,3,0.5,12014,1220.6031009506564,1870.3210382513662,0.5322925501292619,1397,634,2031,Exact_structureO
query_cycle_6_33.graph,4,0.5,12014,1220.6031009506564,1300.9669995901015,0.06583950063444403,1392,670,2062,Exact_structureO
query_cycle_6_33.graph,5,0.5,12014,1220.6031009506564,1740.41886181572,0.42586796679461936,1392,653,2045,Exact_structureO
query_cycle_6_33.graph,1,0.6,14417,1220.6031009506564,1483.2374640272085,0.21516770100944485,1509,776,2285,Exact_structureO
query_cycle_6_33.graph,2,0.6,14417,1220.6031009506564,1322.2757593340111,0.08329706708443375,1531,743,2274,Exact_structureO
query_cycle_6_33.graph,3,0.6,14417,1220.6031009506564,1834.7843908953391,0.5031785430221608,1529,754,2283,Exact_structureO
query_cycle_6_33.graph,4,0.6,14417,1220.6031009506564,1315.4476360549422,0.07770301011886413,1512,769,2281,Exact_structureO
query_cycle_6_33.graph,5,0.6,14417,1220.6031009506564,1495.7903545078284,0.22545187157303198,1521,767,2288,Exact_structureO
query_cycle_6_33.graph,1,0.7,16820,1220.6031009506564,1380.9381555554955,0.13135724010529182,1628,877,2505,Exact_structureO
query_cycle_6_33.graph,2,0.7,16820,1220.6031009506564,1361.3593506224609,0.11531696876910898,1621,861,2482,Exact_structureO
query_cycle_6_33.graph,3,0.7,16820,1220.6031009506564,1762.138785101922,0.44366238602007074,1618,851,2469,Exact_structureO
query_cycle_6_33.graph,4,0.7,16820,1220.6031009506564,1298.680133720394,0.06396594659552145,1617,883,2500,Exact_structureO
query_cycle_6_33.graph,5,0.7,16820,1220.6031009506564,1419.9388965459066,0.16330926526403147,1637,881,2518,Exact_structureO
query_cycle_6_33.graph,1,0.8,19223,1220.6031009506564,1406.9210508241758,0.15264417215424675,1706,965,2671,Exact_structureO
query_cycle_6_33.graph,2,0.8,19223,1220.6031009506564,1265.887697882166,0.0371001817841034,1708,962,2670,Exact_structureO
query_cycle_6_33.graph,3,0.8,19223,1220.6031009506564,1652.2676836958353,0.3536486040458037,1712,933,2645,Exact_structureO
query_cycle_6_33.graph,4,0.8,19223,1220.6031009506564,1345.5883656258775,0.10239631914573816,1709,960,2669,Exact_structureO
query_cycle_6_33.graph,5,0.8,19223,1220.6031009506564,1480.091714728538,0.21259049200823835,1717,931,2648,Exact_structureO
query_cycle_6_35.graph,1,0.01,147,2151.1018518518517,429.0697674418605,0.8005348900274152,111,9,120,Exact_structureO
query_cycle_6_35.graph,2,0.01,147,2151.1018518518517,142.61111111111111,0.9337032270283533,117,14,131,Exact_structureO
query_cycle_6_35.graph,3,0.01,147,2151.1018518518517,,,112,8,120,Exact_structureO
query_cycle_6_35.graph,4,0.01,147,2151.1018518518517,491.33333333333337,0.7715899259208243,105,16,121,Exact_structureO
query_cycle_6_35.graph,5,0.01,147,2151.1018518518517,,,99,7,106,Exact_structureO
query_cycle_6_35.graph,1,0.05,737,2151.1018518518517,191.59223300970876,0.9109329793729805,288,45,333,Exact_structureO
query_cycle_6_35.graph,2,0.05,737,2151.1018518518517,807.2268370607028,0.6247379749286287,290,48,338,Exact_structureO
query_cycle_6_35.graph,3,0.05,737,2151.1018518518517,,,282,31,313,Exact_structureO
query_cycle_6_35.graph,4,0.05,737,2151.1018518518517,262.96620046620046,0.8777527896971421,281,49,330,Exact_structureO
query_cycle_6_35.graph,5,0.05,737,2151.1018518518517,0.0,1.0,298,35,333,Exact_structureO
query_cycle_6_35.graph,1,0.075,1105,2151.1018518518517,98.85842696629214,0.954042888819427,366,69,435,Exact_structureO
query_cycle_6_35.graph,2,0.075,1105,2151.1018518518517,498.570803376055,0.7682253850756333,359,66,425,Exact_structureO
query_cycle_6_35.graph,3,0.075,1105,2151.1018518518517,0.0,1.0,371,59,430,Exact_structureO
query_cycle_6_35.graph,4,0.075,1105,2151.1018518518517,207.47288503253793,0.9035504130806602,364,69,433,Exact_structureO
query_cycle_6_35.graph,5,0.075,1105,2151.1018518518517,101.58601134215502,0.9527748947569818,368,49,417,Exact_structureO
query_cycle_6_35.graph,1,0.1,1474,2151.1018518518517,149.96536412078154,0.9302843963470727,421,79,500,Exact_structureO
query_cycle_6_35.graph,2,0.1,1474,2151.1018518518517,580.022346368715,0.7303603518962236,432,84,516,Exact_structureO
query_cycle_6_35.graph,3,0.1,1474,2151.1018518518517,1621.9224283305227,0.24600389008347803,417,69,486,Exact_structureO
query_cycle_6_35.graph,4,0.1,1474,2151.1018518518517,169.8842287694974,0.9210245537080234,436,85,521,Exact_structureO
query_cycle_6_35.graph,5,0.1,1474,2151.1018518518517,106.53632286995514,0.9504736036658423,431,71,502,Exact_structureO
query_cycle_6_35.graph,1,0.125,1843,2151.1018518518517,196.45382395382396,0.9086729325323671,482,96,578,Exact_structureO
query_cycle_6_35.graph,2,0.125,1843,2151.1018518518517,538.176076555024,0.749813763540896,496,93,589,Exact_structureO
query_cycle_6_35.graph,3,0.125,1843,2151.1018518518517,1196.116504854369,0.44395171068973327,492,91,583,Exact_structureO
query_cycle_6_35.graph,4,0.125,1843,2151.1018518518517,204.53235294117647,0.9049174018584487,498,95,593,Exact_structureO
query_cycle_6_35.graph,5,0.125,1843,2151.1018518518517,69.17917166866748,0.9678401226752177,486,87,573,Exact_structureO
query_cycle_6_35.graph,1,0.15,2211,2151.1018518518517,183.68108108108106,0.9146107001288885,540,109,649,Exact_structureO
query_cycle_6_35.graph,2,0.15,2211,2151.1018518518517,498.8067193675888,0.7681157129132805,536,97,633,Exact_structureO
query_cycle_6_35.graph,3,0.15,2211,2151.1018518518517,561.7301196340605,0.7388640062996202,538,108,646,Exact_structureO
query_cycle_6_35.graph,4,0.15,2211,2151.1018518518517,154.0730622617535,0.9283748177106936,543,107,650,Exact_structureO
query_cycle_6_35.graph,5,0.15,2211,2151.1018518518517,58.76385542168675,0.9726819744164611,534,103,637,Exact_structureO
query_cycle_6_35.graph,1,0.2,2948,2151.1018518518517,163.28627251104317,0.9240917986424156,624,123,747,Exact_structureO
query_cycle_6_35.graph,2,0.2,2948,2151.1018518518517,3195.202428343949,0.4853794233839958,634,125,759,Exact_structureO
query_cycle_6_35.graph,3,0.2,2948,2151.1018518518517,519.905582524272,0.758307314887627,638,125,763,Exact_structureO
query_cycle_6_35.graph,4,0.2,2948,2151.1018518518517,135.2461059190031,0.9371270561630674,633,122,755,Exact_structureO
query_cycle_6_35.graph,5,0.2,2948,2151.1018518518517,174.8775292266187,0.9187032780079338,640,128,768,Exact_structureO
query_cycle_6_35.graph,1,0.3,4423,2151.1018518518517,4165.956580125337,0.9366617050415006,898,185,1083,Exact_structureO
query_cycle_6_35.graph,2,0.3,4423,2151.1018518518517,1821.180714533472,0.15337308971881344,891,193,1084,Exact_structureO
query_cycle_6_35.graph,3,0.3,4423,2151.1018518518517,2622.460127513487,0.21912410853807307,913,182,1095,Exact_structureO
query_cycle_6_35.graph,4,0.3,4423,2151.1018518518517,4342.586588921283,1.0187731162905254,893,184,1077,Exact_structureO
query_cycle_6_35.graph,5,0.3,4423,2151.1018518518517,1579.6067672610884,0.2656755114123358,891,183,1074,Exact_structureO
query_cycle_6_35.graph,1,0.4,5897,2151.1018518518517,3329.388085742771,0.547759387997621,1039,246,1285,Exact_structureO
query_cycle_6_35.graph,2,0.4,5897,2151.1018518518517,2539.1801314738595,0.18040906770077714,1038,223,1261,Exact_structureO
query_cycle_6_35.graph,3,0.4,5897,2151.1018518518517,2951.4594115561863,0.37206864891837577,1042,211,1253,Exact_structureO
query_cycle_6_35.graph,4,0.4,5897,2151.1018518518517,3668.633845927812,0.7054672900632482,1040,228,1268,Exact_structureO
query_cycle_6_35.graph,5,0.4,5897,2151.1018518518517,1765.9309832757494,0.179057476169487,1029,232,1261,Exact_structureO
query_cycle_6_35.graph,1,0.5,7372,2151.1018518518517,2708.9520371490476,0.2593322974534892,1140,285,1425,Exact_structureO
query_cycle_6_35.graph,2,0.5,7372,2151.1018518518517,1958.4561147269342,0.08955677154899555,1160,262,1422,Exact_structureO
query_cycle_6_35.graph,3,0.5,7372,2151.1018518518517,1716.6327428197367,0.20197514527640198,1171,261,1432,Exact_structureO
query_cycle_6_35.graph,4,0.5,7372,2151.1018518518517,2400.328431781233,0.11585996251866267,1155,272,1427,Exact_structureO
query_cycle_6_35.graph,5,0.5,7372,2151.1018518518517,2737.4931500598123,0.2726004339139706,1170,277,1447,Exact_structureO
query_cycle_6_35.graph,1,0.6,8846,2151.1018518518517,3712.159602001677,0.7257014579788185,1270,313,1583,Exact_structureO
query_cycle_6_35.graph,2,0.6,8846,2151.1018518518517,1616.5759304195833,0.24848935952154147,1261,300,1561,Exact_structureO
query_cycle_6_35.graph,3,0.6,8846,2151.1018518518517,3018.9245214733796,0.4034316965858368,1266,288,1554,Exact_structureO
query_cycle_6_35.graph,4,0.6,8846,2151.1018518518517,2420.209359267385,0.12510216900416066,1260,305,1565,Exact_structureO
query_cycle_6_35.graph,5,0.6,8846,2151.1018518518517,2633.363271426507,0.22419274064567576,1250,294,1544,Exact_structureO
query_cycle_6_35.graph,1,0.7,10320,2151.1018518518517,2817.429602036967,0.30976113456063625,1347,350,1697,Exact_structureO
query_cycle_6_35.graph,2,0.7,10320,2151.1018518518517,1180.179446461517,0.45136049906445946,1356,321,1677,Exact_structureO
query_cycle_6_35.graph,3,0.7,10320,2151.1018518518517,2468.312665189567,0.14746433929413105,1344,313,1657,Exact_structureO
query_cycle_6_35.graph,4,0.7,10320,2151.1018518518517,2127.418209913804,0.011010004904072309,1343,324,1667,Exact_structureO
query_cycle_6_35.graph,5,0.7,10320,2151.1018518518517,3269.909336251309,0.5201090238643477,1354,339,1693,Exact_structureO
query_cycle_6_35.graph,1,0.8,11795,2151.1018518518517,3060.1206275183663,0.4225828613758822,1426,369,1795,Exact_structureO
query_cycle_6_35.graph,2,0.8,11795,2151.1018518518517,1298.9210180718362,0.3961601506903942,1420,356,1776,Exact_structureO
query_cycle_6_35.graph,3,0.8,11795,2151.1018518518517,2389.0897497154665,0.11063534609425142,1421,338,1759,Exact_structureO
query_cycle_6_35.graph,4,0.8,11795,2151.1018518518517,1955.9791157113316,0.09070827398179304,1422,357,1779,Exact_structureO
query_cycle_6_35.graph,5,0.8,11795,2151.1018518518517,3343.6649576795776,0.5543963921564504,1419,369,1788,Exact_structureO
query_cycle_6_36.graph,1,0.01,341,1188.0148443898445,418.4579439252338,0.6477670747118057,173,8,181,Exact_structureO
query_cycle_6_36.graph,2,0.01,341,1188.0148443898445,968.9840425531914,0.18436705809778464,152,8,160,Exact_structureO
query_cycle_6_36.graph,3,0.01,341,1188.0148443898445,226.05128205128204,0.8097235206119161,148,4,152,Exact_structureO
query_cycle_6_36.graph,4,0.01,341,1188.0148443898445,132.8659793814433,0.888161347470635,156,8,164,Exact_structureO
query_cycle_6_36.graph,5,0.01,341,1188.0148443898445,5399.359154929577,3.544858324310457,155,8,163,Exact_structureO
query_cycle_6_36.graph,1,0.05,1705,1188.0148443898445,335.9580110497237,0.7172105949380883,373,12,385,Exact_structureO
query_cycle_6_36.graph,2,0.05,1705,1188.0148443898445,774.0071698113206,0.3484869541265329,355,15,370,Exact_structureO
query_cycle_6_36.graph,3,0.05,1705,1188.0148443898445,273.50357142857143,0.7697810151782735,348,11,359,Exact_structureO
query_cycle_6_36.graph,4,0.05,1705,1188.0148443898445,542.9978910369068,0.5429367792825969,347,23,370,Exact_structureO
query_cycle_6_36.graph,5,0.05,1705,1188.0148443898445,3973.000580720093,2.3442347959554293,347,21,368,Exact_structureO
query_cycle_6_36.graph,1,0.075,2557,1188.0148443898445,459.4629462946296,0.6132515107329267,490,32,522,Exact_structureO
query_cycle_6_36.graph,2,0.075,2557,1188.0148443898445,821.6352201257863,0.30839650362468995,536,25,561,Exact_structureO
query_cycle_6_36.graph,3,0.075,2557,1188.0148443898445,347.53422782037245,0.7074664264831948,506,23,529,Exact_structureO
query_cycle_6_36.graph,4,0.075,2557,1188.0148443898445,548.5714285714287,0.5382453079926195,499,31,530,Exact_structureO
query_cycle_6_36.graph,5,0.075,2557,1188.0148443898445,2159.149484536082,0.8174431866169191,504,35,539,Exact_structureO
query_cycle_6_36.graph,1,0.1,3410,1188.0148443898445,860.2024635080742,0.2759328996853842,650,46,696,Exact_structureO
query_cycle_6_36.graph,2,0.1,3410,1188.0148443898445,711.6773326507104,0.40095249145121376,635,36,671,Exact_structureO
query_cycle_6_36.graph,3,0.1,3410,1188.0148443898445,400.39285714285717,0.662973186712582,668,32,700,Exact_structureO
query_cycle_6_36.graph,4,0.1,3410,1188.0148443898445,841.2923685906288,0.2918502891075319,655,42,697,Exact_structureO
query_cycle_6_36.graph,5,0.1,3410,1188.0148443898445,2254.677945710204,0.8978533444741505,636,53,689,Exact_structureO
query_cycle_6_36.graph,1,0.125,4263,1188.0148443898445,856.4975347087064,0.27905148765325644,759,58,817,Exact_structureO
query_cycle_6_36.graph,2,0.125,4263,1188.0148443898445,585.3707682889502,0.507269819856845,769,54,823,Exact_structureO
query_cycle_6_36.graph,3,0.125,4263,1188.0148443898445,424.0309182343081,0.6430760775113992,769,38,807,Exact_structureO
query_cycle_6_36.graph,4,0.125,4263,1188.0148443898445,775.7946106513897,0.3469823930947328,772,50,822,Exact_structureO
query_cycle_6_36.graph,5,0.125,4263,1188.0148443898445,2397.6744615384614,1.018219278034265,757,58,815,Exact_structureO
query_cycle_6_36.graph,1,0.15,5115,1188.0148443898445,739.0034348231701,0.3779510093556813,878,66,944,Exact_structureO
query_cycle_6_36.graph,2,0.15,5115,1188.0148443898445,547.6578306136012,0.5390143202336212,881,63,944,Exact_structureO
query_cycle_6_36.graph,3,0.15,5115,1188.0148443898445,387.73183475752467,0.6736304797970257,874,51,925,Exact_structureO
query_cycle_6_36.graph,4,0.15,5115,1188.0148443898445,728.1940379403794,0.3870497145897412,866,58,924,Exact_structureO
query_cycle_6_36.graph,5,0.15,5115,1188.0148443898445,2333.6169627918093,0.9642994982864356,885,65,950,Exact_structureO
query_cycle_6_36.graph,1,0.2,6821,1188.0148443898445,597.3377006067711,0.49719677037069404,1163,91,1254,Exact_structureO
query_cycle_6_36.graph,2,0.2,6821,1188.0148443898445,558.0745653253852,0.5302461345825961,1169,80,1249,Exact_structureO
query_cycle_6_36.graph,3,0.2,6821,1188.0148443898445,565.5102441127337,0.523987223911183,1167,79,1246,Exact_structureO
query_cycle_6_36.graph,4,0.2,6821,1188.0148443898445,803.086025860726,0.3240101084147775,1177,77,1254,Exact_structureO
query_cycle_6_36.graph,5,0.2,6821,1188.0148443898445,1888.418975306109,0.5895584000686345,1167,80,1247,Exact_structureO
query_cycle_6_36.graph,1,0.3,10231,1188.0148443898445,1146.075231695416,0.035302263176659465,1705,127,1832,Exact_structureO
query_cycle_6_36.graph,2,0.3,10231,1188.0148443898445,785.3191217730052,0.3389652280175512,1730,114,1844,Exact_structureO
query_cycle_6_36.graph,3,0.3,10231,1188.0148443898445,689.137157657724,0.4199254656521909,1706,123,1829,Exact_structureO
query_cycle_6_36.graph,4,0.3,10231,1188.0148443898445,964.8451296696513,0.1878509479692667,1725,112,1837,Exact_structureO
query_cycle_6_36.graph,5,0.3,10231,1188.0148443898445,1526.0071159183092,0.2845017241363301,1747,118,1865,Exact_structureO
query_cycle_6_36.graph,1,0.4,13642,1188.0148443898445,1120.806062347962,0.05657234196968331,2157,144,2301,Exact_structureO
query_cycle_6_36.graph,2,0.4,13642,1188.0148443898445,770.1591167448526,0.35172601556136235,2160,136,2296,Exact_structureO
query_cycle_6_36.graph,3,0.4,13642,1188.0148443898445,780.5731726757184,0.342960084748255,2146,144,2290,Exact_structureO
query_cycle_6_36.graph,4,0.4,13642,1188.0148443898445,1234.4989500686268,0.03912754617359698,2176,131,2307,Exact_structureO
query_cycle_6_36.graph,5,0.4,13642,1188.0148443898445,1505.4452700743689,0.26719398935419386,2184,148,2332,Exact_structureO
query_cycle_6_36.graph,1,0.5,17052,1188.0148443898445,1000.474083664082,0.15786062069121878,2576,165,2741,Exact_structureO
query_cycle_6_36.graph,2,0.5,17052,1188.0148443898445,769.9232839199649,0.3519245255597865,2590,154,2744,Exact_structureO
query_cycle_6_36.graph,3,0.5,17052,1188.0148443898445,1317.5781621635115,0.10905866907766606,2573,161,2734,Exact_structureO
query_cycle_6_36.graph,4,0.5,17052,1188.0148443898445,1084.525267593877,0.08711134989994077,2571,154,2725,Exact_structureO
query_cycle_6_36.graph,5,0.5,17052,1188.0148443898445,1401.170129718474,0.1794213989288194,2595,164,2759,Exact_structureO
query_cycle_6_36.graph,1,0.6,20463,1188.0148443898445,931.2134847956468,0.2161600596212154,2897,179,3076,Exact_structureO
query_cycle_6_36.graph,2,0.6,20463,1188.0148443898445,802.9344489541227,0.32413769680924837,2913,177,3090,Exact_structureO
query_cycle_6_36.graph,3,0.6,20463,1188.0148443898445,1286.9054260519272,0.08324019024599996,2919,177,3096,Exact_structureO
query_cycle_6_36.graph,4,0.6,20463,1188.0148443898445,1040.0761046671623,0.12452600270214838,2906,177,3083,Exact_structureO
query_cycle_6_36.graph,5,0.6,20463,1188.0148443898445,1583.2849719758633,0.33271480525062513,2909,177,3086,Exact_structureO
query_cycle_6_36.graph,1,0.7,23873,1188.0148443898445,1010.4038344103576,0.1495023490810896,3190,200,3390,Exact_structureO
query_cycle_6_36.graph,2,0.7,23873,1188.0148443898445,974.538857286264,0.17969134654476487,3186,191,3377,Exact_structureO
query_cycle_6_36.graph,3,0.7,23873,1188.0148443898445,1282.9702885156917,0.07992782630137554,3190,205,3395,Exact_structureO
query_cycle_6_36.graph,4,0.7,23873,1188.0148443898445,978.1049918527281,0.17668958727946243,3195,188,3383,Exact_structureO
query_cycle_6_36.graph,5,0.7,23873,1188.0148443898445,1477.2554036910144,0.24346544209194768,3195,195,3390,Exact_structureO
query_cycle_6_36.graph,1,0.8,27284,1188.0148443898445,1035.6272844044295,0.12827075411139338,3417,218,3635,Exact_structureO
query_cycle_6_36.graph,2,0.8,27284,1188.0148443898445,1126.7012432846286,0.05161013045818133,3432,218,3650,Exact_structureO
query_cycle_6_36.graph,3,0.8,27284,1188.0148443898445,1277.6228335395274,0.07542665781731447,3407,214,3621,Exact_structureO
query_cycle_6_36.graph,4,0.8,27284,1188.0148443898445,1018.2388923485698,0.14290726487384112,3408,201,3609,Exact_structureO
query_cycle_6_36.graph,5,0.8,27284,1188.0148443898445,1395.2986529599434,0.174479140179901,3423,210,3633,Exact_structureO
query_cycle_6_37.graph,1,0.01,79,109.16938110749186,35.3992673992674,0.6757399644465137,50,3,53,Exact_structureO
query_cycle_6_37.graph,2,0.01,79,109.16938110749186,59.111111111111114,0.45853763654748286,61,3,64,Exact_structureO
query_cycle_6_37.graph,3,0.01,79,109.16938110749186,8.883116883116884,0.9186299602232767,55,2,57,Exact_structureO
query_cycle_6_37.graph,4,0.01,79,109.16938110749186,152.17989417989418,0.3939796363785622,60,3,63,Exact_structureO
query_cycle_6_37.graph,5,0.01,79,109.16938110749186,302.2105263157894,1.7682718657003536,53,2,55,Exact_structureO
query_cycle_6_37.graph,1,0.05,395,109.16938110749186,61.01420118343196,0.44110518384861674,173,19,192,Exact_structureO
query_cycle_6_37.graph,2,0.05,395,109.16938110749186,84.66346153846152,0.22447612435304531,171,20,191,Exact_structureO
query_cycle_6_37.graph,3,0.05,395,109.16938110749186,202.07016666666667,0.8509784027052563,170,19,189,Exact_structureO
query_cycle_6_37.graph,4,0.05,395,109.16938110749186,79.96969696969697,0.2674713719320612,167,17,184,Exact_structureO
query_cycle_6_37.graph,5,0.05,395,109.16938110749186,84.475,0.22620244666567216,165,18,183,Exact_structureO
query_cycle_6_37.graph,1,0.075,593,109.16938110749186,293.4923897411313,1.6884130583478238,209,39,248,Exact_structureO
query_cycle_6_37.graph,2,0.075,593,109.16938110749186,232.1523641258624,1.1265336651242654,207,27,234,Exact_structureO
query_cycle_6_37.graph,3,0.075,593,109.16938110749186,161.62932290468527,0.4805371365579107,205,29,234,Exact_structureO
query_cycle_6_37.graph,4,0.075,593,109.16938110749186,59.87786259541985,0.45151413346877833,211,31,242,Exact_structureO
query_cycle_6_37.graph,5,0.075,593,109.16938110749186,70.97567389875081,0.3498573209930927,215,36,251,Exact_structureO
query_cycle_6_37.graph,1,0.1,791,109.16938110749186,258.6532507739938,1.3692838426858451,248,51,299,Exact_structureO
query_cycle_6_37.graph,2,0.1,791,109.16938110749186,250.50592216582064,1.2946536805880033,246,40,286,Exact_structureO
query_cycle_6_37.graph,3,0.1,791,109.16938110749186,116.12061979318618,0.0636738856186232,236,49,285,Exact_structureO
query_cycle_6_37.graph,4,0.1,791,109.16938110749186,83.24669062856141,0.23745385579685654,247,48,295,Exact_structureO
query_cycle_6_37.graph,5,0.1,791,109.16938110749186,65.40017813971241,0.4009292946772577,245,45,290,Exact_structureO
query_cycle_6_37.graph,1,0.125,989,109.16938110749186,248.21453587954082,1.2736644044463383,267,58,325,Exact_structureO
query_cycle_6_37.graph,2,0.125,989,109.16938110749186,209.7378045791048,0.9212145608171018,269,49,318,Exact_structureO
query_cycle_6_37.graph,3,0.125,989,109.16938110749186,98.60310826026137,0.09678787898253802,261,68,329,Exact_structureO
query_cycle_6_37.graph,4,0.125,989,109.16938110749186,84.88338723904734,0.22246158787445824,272,57,329,Exact_structureO
query_cycle_6_37.graph,5,0.125,989,109.16938110749186,72.09643103845268,0.33959109864821807,273,63,336,Exact_structureO
query_cycle_6_37.graph,1,0.15,1187,109.16938110749186,189.20432970595044,0.7331263380494342,286,73,359,Exact_structureO
query_cycle_6_37.graph,2,0.15,1187,109.16938110749186,197.4444159554595,0.808606167337791,283,55,338,Exact_structureO
query_cycle_6_37.graph,3,0.15,1187,109.16938110749186,189.26190951762712,0.7336537735912733,278,78,356,Exact_structureO
query_cycle_6_37.graph,4,0.15,1187,109.16938110749186,87.94300348735833,0.194435265683455,289,59,348,Exact_structureO
query_cycle_6_37.graph,5,0.15,1187,109.16938110749186,67.25282271944923,0.3839589266038815,283,74,357,Exact_structureO
query_cycle_6_37.graph,1,0.2,1582,109.16938110749186,212.37565847030135,0.9453775070977924,296,79,375,Exact_structureO
query_cycle_6_37.graph,2,0.2,1582,109.16938110749186,144.26515479541024,0.3214800096133356,310,72,382,Exact_structureO
query_cycle_6_37.graph,3,0.2,1582,109.16938110749186,151.70169369369373,0.3895992828275093,303,92,395,Exact_structureO
query_cycle_6_37.graph,4,0.2,1582,109.16938110749186,71.89008814534989,0.3414812155565443,310,70,380,Exact_structureO
query_cycle_6_37.graph,5,0.2,1582,109.16938110749186,68.72879027131226,0.37043894932737986,303,87,390,Exact_structureO
query_cycle_6_37.graph,1,0.3,2374,109.16938110749186,194.47350644437842,0.7813924057414343,368,131,499,Exact_structureO
query_cycle_6_37.graph,2,0.3,2374,109.16938110749186,104.62494726480101,0.04162736654352054,384,139,523,Exact_structureO
query_cycle_6_37.graph,3,0.3,2374,109.16938110749186,122.96365264482016,0.12635659740294758,371,144,515,Exact_structureO
query_cycle_6_37.graph,4,0.3,2374,109.16938110749186,111.80076549891513,0.024103685160881492,389,120,509,Exact_structureO
query_cycle_6_37.graph,5,0.3,2374,109.16938110749186,109.33832397587855,0.0015475297805375185,378,158,536,Exact_structureO
query_cycle_6_37.graph,1,0.4,3165,109.16938110749186,144.3603604587657,0.3223521008754609,405,193,598,Exact_structureO
query_cycle_6_37.graph,2,0.4,3165,109.16938110749186,106.50422857142857,0.024413003985422337,416,188,604,Exact_structureO
query_cycle_6_37.graph,3,0.4,3165,109.16938110749186,118.3055454937473,0.08368797453619041,403,208,611,Exact_structureO
query_cycle_6_37.graph,4,0.4,3165,109.16938110749186,107.22954075242701,0.017769088139785394,419,176,595,Exact_structureO
query_cycle_6_37.graph,5,0.4,3165,109.16938110749186,105.42200942539483,0.03432621531862708,408,208,616,Exact_structureO
query_cycle_6_37.graph,1,0.5,3957,109.16938110749186,133.10173358535235,0.21922220530219813,426,226,652,Exact_structureO
query_cycle_6_37.graph,2,0.5,3957,109.16938110749186,100.71963070612682,0.07740036918451637,430,218,648,Exact_structureO
query_cycle_6_37.graph,3,0.5,3957,109.16938110749186,100.28426860513103,0.08138831980381243,423,233,656,Exact_structureO
query_cycle_6_37.graph,4,0.5,3957,109.16938110749186,124.82203349891135,0.14337951019441397,433,206,639,Exact_structureO
query_cycle_6_37.graph,5,0.5,3957,109.16938110749186,97.13291035215076,0.11025500587467454,421,230,651,Exact_structureO
query_cycle_6_37.graph,1,0.6,4748,109.16938110749186,150.47397857247137,0.3783533170744058,446,259,705,Exact_structureO
query_cycle_6_37.graph,2,0.6,4748,109.16938110749186,108.03424395575232,0.010397944370700863,447,254,701,Exact_structureO
query_cycle_6_37.graph,3,0.6,4748,109.16938110749186,113.33909301322582,0.03819488453111521,445,278,723,Exact_structureO
query_cycle_6_37.graph,4,0.6,4748,109.16938110749186,127.86311977287109,0.17123609638285614,453,255,708,Exact_structureO
query_cycle_6_37.graph,5,0.6,4748,109.16938110749186,109.07298067243387,0.0008830354636074,444,255,699,Exact_structureO
query_cycle_6_37.graph,1,0.7,5539,109.16938110749186,161.39352183764618,0.47837718049104505,456,287,743,Exact_structureO
query_cycle_6_37.graph,2,0.7,5539,109.16938110749186,96.2638840116493,0.11821535457030186,457,291,748,Exact_structureO
query_cycle_6_37.graph,3,0.7,5539,109.16938110749186,125.52404851187302,0.1498100221735049,451,297,748,Exact_structureO
query_cycle_6_37.graph,4,0.7,5539,109.16938110749186,112.8009931158767,0.03326584772711157,459,281,740,Exact_structureO
query_cycle_6_37.graph,5,0.7,5539,109.16938110749186,101.9000630974002,0.06658751690580747,457,306,763,Exact_structureO
query_cycle_6_37.graph,1,0.8,6331,109.16938110749186,143.6053039212016,0.3154357244161984,462,314,776,Exact_structureO
query_cycle_6_37.graph,2,0.8,6331,109.16938110749186,90.24071022821856,0.17338809368751015,463,314,777,Exact_structureO
query_cycle_6_37.graph,3,0.8,6331,109.16938110749186,116.50577771600769,0.06720196207114304,462,324,786,Exact_structureO
query_cycle_6_37.graph,4,0.8,6331,109.16938110749186,112.92539618609905,0.03440538950119074,464,304,768,Exact_structureO
query_cycle_6_37.graph,5,0.8,6331,109.16938110749186,99.72282080025848,0.08653122525199608,461,321,782,Exact_structureO
query_cycle_6_38.graph,1,0.01,180,2439.476923076923,0.0,1.0,57,12,69,Exact_structureO
query_cycle_6_38.graph,2,0.01,180,2439.476923076923,95.3623188405797,0.960908702214613,55,10,65,Exact_structureO
query_cycle_6_38.graph,3,0.01,180,2439.476923076923,888.4615384615386,0.6357983426459644,51,13,64,Exact_structureO
query_cycle_6_38.graph,4,0.01,180,2439.476923076923,6066.666666666668,1.4868719229427079,47,6,53,Exact_structureO
query_cycle_6_38.graph,5,0.01,180,2439.476923076923,9543.661971830985,2.9121755494179964,50,9,59,Exact_structureO
query_cycle_6_38.graph,1,0.05,903,2439.476923076923,344.144578313253,0.8589268973779912,130,29,159,Exact_structureO
query_cycle_6_38.graph,2,0.05,903,2439.476923076923,2391.904911838791,0.019500906439454672,137,33,170,Exact_structureO
query_cycle_6_38.graph,3,0.05,903,2439.476923076923,1698.4018651971173,0.30378441003864237,135,33,168,Exact_structureO
query_cycle_6_38.graph,4,0.05,903,2439.476923076923,5249.208103130754,1.1517760850592123,138,24,162,Exact_structureO
query_cycle_6_38.graph,5,0.05,903,2439.476923076923,4226.620372307049,0.7325928900266023,139,34,173,Exact_structureO
query_cycle_6_38.graph,1,0.075,1355,2439.476923076923,240.02929210740442,0.9016062460616949,158,36,194,Exact_structureO
query_cycle_6_38.graph,2,0.075,1355,2439.476923076923,4060.9630381803413,0.664685982377825,175,38,213,Exact_structureO
query_cycle_6_38.graph,3,0.075,1355,2439.476923076923,2576.130734876167,0.056017669405489606,165,41,206,Exact_structureO
query_cycle_6_38.graph,4,0.075,1355,2439.476923076923,4123.058823529412,0.690140531573047,179,39,218,Exact_structureO
query_cycle_6_38.graph,5,0.075,1355,2439.476923076923,2956.198848368522,0.2118166892269082,168,43,211,Exact_structureO
query_cycle_6_38.graph,1,0.1,1806,2439.476923076923,966.219414893617,0.603923527313011,200,55,255,Exact_structureO
query_cycle_6_38.graph,2,0.1,1806,2439.476923076923,2148.3002873563223,0.11936027472370522,203,56,259,Exact_structureO
query_cycle_6_38.graph,3,0.1,1806,2439.476923076923,1939.4206787687451,0.20498502755970108,195,56,251,Exact_structureO
query_cycle_6_38.graph,4,0.1,1806,2439.476923076923,2953.440823327616,0.21068610872630347,190,47,237,Exact_structureO
query_cycle_6_38.graph,5,0.1,1806,2439.476923076923,3136.305347091932,0.2856466554051663,197,51,248,Exact_structureO
query_cycle_6_38.graph,1,0.125,2258,2439.476923076923,1637.904377824207,0.32858377862484106,216,61,277,Exact_structureO
query_cycle_6_38.graph,2,0.125,2258,2439.476923076923,1520.7638263826382,0.37660249539704926,221,68,289,Exact_structureO
query_cycle_6_38.graph,3,0.125,2258,2439.476923076923,2635.8773273273273,0.08050922818432882,224,62,286,Exact_structureO
query_cycle_6_38.graph,4,0.125,2258,2439.476923076923,2821.3944266989756,0.1565571291161625,227,66,293,Exact_structureO
query_cycle_6_38.graph,5,0.125,2258,2439.476923076923,2947.7851893725274,0.20836772895333355,230,66,296,Exact_structureO
query_cycle_6_38.graph,1,0.15,2710,2439.476923076923,1345.4944107589297,0.44844962539680366,247,86,333,Exact_structureO
query_cycle_6_38.graph,2,0.15,2710,2439.476923076923,1561.134886679001,0.3600534311634583,242,83,325,Exact_structureO
query_cycle_6_38.graph,3,0.15,2710,2439.476923076923,2471.0841266968323,0.012956549545893238,254,70,324,Exact_structureO
query_cycle_6_38.graph,4,0.15,2710,2439.476923076923,2949.621789351783,0.20912059525917215,251,71,322,Exact_structureO
query_cycle_6_38.graph,5,0.15,2710,2439.476923076923,3971.899206349206,0.6281765852244391,244,69,313,Exact_structureO
query_cycle_6_38.graph,1,0.2,3613,2439.476923076923,2315.901999124471,0.0506563201248022,287,103,390,Exact_structureO
query_cycle_6_38.graph,2,0.2,3613,2439.476923076923,3145.8144675150706,0.28954467154673513,289,102,391,Exact_structureO
query_cycle_6_38.graph,3,0.2,3613,2439.476923076923,1732.4316658553942,0.2898347799616524,293,86,379,Exact_structureO
query_cycle_6_38.graph,4,0.2,3613,2439.476923076923,2736.273405277134,0.12166398435360487,293,88,381,Exact_structureO
query_cycle_6_38.graph,5,0.2,3613,2439.476923076923,3385.336675712826,0.3877305596491915,290,89,379,Exact_structureO
query_cycle_6_38.graph,1,0.3,5420,2439.476923076923,2124.6533312081606,0.12905372823599986,392,150,542,Exact_structureO
query_cycle_6_38.graph,2,0.3,5420,2439.476923076923,2476.7919911734166,0.01529633986019756,395,146,541,Exact_structureO
query_cycle_6_38.graph,3,0.3,5420,2439.476923076923,2583.3747088186356,0.05898714776945448,400,141,541,Exact_structureO
query_cycle_6_38.graph,4,0.3,5420,2439.476923076923,4338.887571960718,0.7786139032166206,400,132,532,Exact_structureO
query_cycle_6_38.graph,5,0.3,5420,2439.476923076923,3251.2791071038673,0.33277715249013906,392,147,539,Exact_structureO
query_cycle_6_38.graph,1,0.4,7227,2439.476923076923,2169.053796686804,0.11085291434076487,448,172,620,Exact_structureO
query_cycle_6_38.graph,2,0.4,7227,2439.476923076923,2200.909062103929,0.09779467832476449,447,179,626,Exact_structureO
query_cycle_6_38.graph,3,0.4,7227,2439.476923076923,2153.3114068079026,0.11730609687755461,443,167,610,Exact_structureO
query_cycle_6_38.graph,4,0.4,7227,2439.476923076923,2994.2185975051543,0.22740189471787797,451,160,611,Exact_structureO
query_cycle_6_38.graph,5,0.4,7227,2439.476923076923,3383.6348881440567,0.3870329561782709,452,163,615,Exact_structureO
query_cycle_6_38.graph,1,0.5,9034,2439.476923076923,1988.4558477052112,0.1848843377468137,480,181,661,Exact_structureO
query_cycle_6_38.graph,2,0.5,9034,2439.476923076923,2559.021524706978,0.04900419450546518,474,196,670,Exact_structureO
query_cycle_6_38.graph,3,0.5,9034,2439.476923076923,2167.817823556247,0.11135956932030795,481,188,669,Exact_structureO
query_cycle_6_38.graph,4,0.5,9034,2439.476923076923,2693.2111836688873,0.10401174866287656,483,185,668,Exact_structureO
query_cycle_6_38.graph,5,0.5,9034,2439.476923076923,3563.588191153238,0.460800123765249,482,182,664,Exact_structureO
query_cycle_6_38.graph,1,0.6,10840,2439.476923076923,1992.2127391972767,0.18334429797167745,502,202,704,Exact_structureO
query_cycle_6_38.graph,2,0.6,10840,2439.476923076923,2632.236691182148,0.07901684425942283,493,209,702,Exact_structureO
query_cycle_6_38.graph,3,0.6,10840,2439.476923076923,2436.909438805126,0.0010524732771641902,501,200,701,Exact_structureO
query_cycle_6_38.graph,4,0.6,10840,2439.476923076923,2438.6867642121965,0.0003239050376954603,502,201,703,Exact_structureO
query_cycle_6_38.graph,5,0.6,10840,2439.476923076923,3114.6187688923414,0.276756807751991,503,195,698,Exact_structureO
query_cycle_6_38.graph,1,0.7,12647,2439.476923076923,2188.9385942177937,0.1027016597243003,515,205,720,Exact_structureO
query_cycle_6_38.graph,2,0.7,12647,2439.476923076923,2448.8905198776756,0.00385885872159809,509,221,730,Exact_structureO
query_cycle_6_38.graph,3,0.7,12647,2439.476923076923,2455.32615138094,0.0064969781653134604,515,207,722,Exact_structureO
query_cycle_6_38.graph,4,0.7,12647,2439.476923076923,2237.760286911265,0.08268847893475118,518,207,725,Exact_structureO
query_cycle_6_38.graph,5,0.7,12647,2439.476923076923,3140.106356124733,0.2872047800165713,521,202,723,Exact_structureO
query_cycle_6_38.graph,1,0.8,14454,2439.476923076923,2311.7538508433245,0.05235674542577792,523,210,733,Exact_structureO
query_cycle_6_38.graph,2,0.8,14454,2439.476923076923,2530.5994509026523,0.03735330593363272,518,227,745,Exact_structureO
query_cycle_6_38.graph,3,0.8,14454,2439.476923076923,2306.400153858382,0.05455135400530479,523,212,735,Exact_structureO
query_cycle_6_38.graph,4,0.8,14454,2439.476923076923,2298.555804516145,0.05776694062062837,522,212,734,Exact_structureO
query_cycle_6_38.graph,5,0.8,14454,2439.476923076923,2923.3913933040244,0.19836812787584726,527,206,733,Exact_structureO
query_cycle_6_39.graph,1,0.01,73,125.24327784891165,59.99999999999999,0.5209323723355314,59,3,62,Exact_structureO
query_cycle_6_39.graph,2,0.01,73,125.24327784891165,0.0,1.0,60,2,62,Exact_structureO
query_cycle_6_39.graph,3,0.01,73,125.24327784891165,48.75000000000001,0.6107575525226192,59,2,61,Exact_structureO
query_cycle_6_39.graph,4,0.01,73,125.24327784891165,,,52,0,52,Exact_structureO
query_cycle_6_39.graph,5,0.01,73,125.24327784891165,47.75510204081632,0.6187012759405249,59,4,63,Exact_structureO
query_cycle_6_39.graph,1,0.05,366,125.24327784891165,66.64912280701753,0.4678427141820713,192,8,200,Exact_structureO
query_cycle_6_39.graph,2,0.05,366,125.24327784891165,95.76168224299064,0.2353946344448633,190,6,196,Exact_structureO
query_cycle_6_39.graph,3,0.05,366,125.24327784891165,143.958904109589,0.1494341778826256,180,8,188,Exact_structureO
query_cycle_6_39.graph,4,0.05,366,125.24327784891165,70.41734417344173,0.4377554996732812,191,9,200,Exact_structureO
query_cycle_6_39.graph,5,0.05,366,125.24327784891165,108.66666666666666,0.13235529656324016,197,10,207,Exact_structureO
query_cycle_6_39.graph,1,0.075,549,125.24327784891165,111.00415512465374,0.11369171239222439,263,12,275,Exact_structureO
query_cycle_6_39.graph,2,0.075,549,125.24327784891165,75.37432835820896,0.39817665544383585,271,13,284,Exact_structureO
query_cycle_6_39.graph,3,0.075,549,125.24327784891165,111.60502958579883,0.10889405401514193,268,12,280,Exact_structureO
query_cycle_6_39.graph,4,0.075,549,125.24327784891165,34.642788920725884,0.7233960216011153,290,15,305,Exact_structureO
query_cycle_6_39.graph,5,0.075,549,125.24327784891165,81.86744186046512,0.34633264741580266,271,12,283,Exact_structureO
query_cycle_6_39.graph,1,0.1,732,125.24327784891165,71.20903732809428,0.43143425698265464,368,19,387,Exact_structureO
query_cycle_6_39.graph,2,0.1,732,125.24327784891165,116.63120567375887,0.06876274977042701,368,16,384,Exact_structureO
query_cycle_6_39.graph,3,0.1,732,125.24327784891165,148.49775784753362,0.18567447609184443,362,15,377,Exact_structureO
query_cycle_6_39.graph,4,0.1,732,125.24327784891165,90.4050274050274,0.27816463320220414,362,19,381,Exact_structureO
query_cycle_6_39.graph,5,0.1,732,125.24327784891165,102.84328817733993,0.17885183186114106,361,15,376,Exact_structureO
query_cycle_6_39.graph,1,0.125,916,125.24327784891165,71.43834586466164,0.4296033520390457,436,20,456,Exact_structureO
query_cycle_6_39.graph,2,0.125,916,125.24327784891165,145.61992136304062,0.16269650446797249,425,20,445,Exact_structureO
query_cycle_6_39.graph,3,0.125,916,125.24327784891165,104.52956989247312,0.16538778218042724,419,20,439,Exact_structureO
query_cycle_6_39.graph,4,0.125,916,125.24327784891165,66.16805555555555,0.4716837766304872,442,23,465,Exact_structureO
query_cycle_6_39.graph,5,0.125,916,125.24327784891165,87.11074333270287,0.3044677141252268,438,17,455,Exact_structureO
query_cycle_6_39.graph,1,0.15,1099,125.24327784891165,60.35998636673483,0.5180580754238112,501,22,523,Exact_structureO
query_cycle_6_39.graph,2,0.15,1099,125.24327784891165,194.42173913043476,0.552352688860293,487,22,509,Exact_structureO
query_cycle_6_39.graph,3,0.15,1099,125.24327784891165,89.89569160997732,0.28223140471919145,496,26,522,Exact_structureO
query_cycle_6_39.graph,4,0.15,1099,125.24327784891165,131.8445520581114,0.05270761291606604,494,25,519,Exact_structureO
query_cycle_6_39.graph,5,0.15,1099,125.24327784891165,81.56237600653519,0.34876843366453014,492,20,512,Exact_structureO
query_cycle_6_39.graph,1,0.2,1465,125.24327784891165,90.84329872299797,0.2746652731926451,624,27,651,Exact_structureO
query_cycle_6_39.graph,2,0.2,1465,125.24327784891165,148.1484375,0.18288534158871345,640,25,665,Exact_structureO
query_cycle_6_39.graph,3,0.2,1465,125.24327784891165,90.97822183608457,0.27358798493092007,640,30,670,Exact_structureO
query_cycle_6_39.graph,4,0.2,1465,125.24327784891165,127.75469513763825,0.020052312043096442,648,26,674,Exact_structureO
query_cycle_6_39.graph,5,0.2,1465,125.24327784891165,127.07997207570588,0.01466501243292234,624,29,653,Exact_structureO
query_cycle_6_39.graph,1,0.3,2198,125.24327784891165,99.81085925727952,0.2030641406743822,969,42,1011,Exact_structureO
query_cycle_6_39.graph,2,0.3,2198,125.24327784891165,97.52944244167206,0.22128002303383038,999,39,1038,Exact_structureO
query_cycle_6_39.graph,3,0.3,2198,125.24327784891165,107.04318507228304,0.14531792116287834,961,43,1004,Exact_structureO
query_cycle_6_39.graph,4,0.3,2198,125.24327784891165,99.482811802085,0.20568342260973893,966,40,1006,Exact_structureO
query_cycle_6_39.graph,5,0.3,2198,125.24327784891165,104.41350015716134,0.16631453639275154,985,37,1022,Exact_structureO
query_cycle_6_39.graph,1,0.4,2931,125.24327784891165,117.56913997407887,0.06127385043443646,1199,54,1253,Exact_structureO
query_cycle_6_39.graph,2,0.4,2931,125.24327784891165,85.91989681714166,0.31397598104393354,1200,51,1251,Exact_structureO
query_cycle_6_39.graph,3,0.4,2931,125.24327784891165,114.65927332678604,0.08450756562674541,1201,53,1254,Exact_structureO
query_cycle_6_39.graph,4,0.4,2931,125.24327784891165,120.34209170530656,0.039133326975980924,1181,50,1231,Exact_structureO
query_cycle_6_39.graph,5,0.4,2931,125.24327784891165,93.21115173674589,0.2557592444267388,1173,48,1221,Exact_structureO
query_cycle_6_39.graph,1,0.5,3664,125.24327784891165,115.9206210209926,0.07443638483468565,1357,63,1420,Exact_structureO
query_cycle_6_39.graph,2,0.5,3664,125.24327784891165,110.31421858389703,0.1192004834225468,1362,65,1427,Exact_structureO
query_cycle_6_39.graph,3,0.5,3664,125.24327784891165,118.25086799565793,0.055830620000931905,1366,62,1428,Exact_structureO
query_cycle_6_39.graph,4,0.5,3664,125.24327784891165,114.108490904673,0.08890526609876173,1353,61,1414,Exact_structureO
query_cycle_6_39.graph,5,0.5,3664,125.24327784891165,91.9507772901997,0.2658226543613355,1354,58,1412,Exact_structureO
query_cycle_6_39.graph,1,0.6,4396,125.24327784891165,113.37945861105804,0.09472619562197686,1508,76,1584,Exact_structureO
query_cycle_6_39.graph,2,0.6,4396,125.24327784891165,111.75381791527408,0.10770605948137746,1521,75,1596,Exact_structureO
query_cycle_6_39.graph,3,0.6,4396,125.24327784891165,123.20805337258722,0.016250169360623422,1504,71,1575,Exact_structureO
query_cycle_6_39.graph,4,0.6,4396,125.24327784891165,126.78513866795247,0.012310926746111343,1521,68,1589,Exact_structureO
query_cycle_6_39.graph,5,0.6,4396,125.24327784891165,100.31509059195155,0.19903812551945857,1500,64,1564,Exact_structureO
query_cycle_6_39.graph,1,0.7,5129,125.24327784891165,122.40038229706008,0.022698987128723362,1653,84,1737,Exact_structureO
query_cycle_6_39.graph,2,0.7,5129,125.24327784891165,114.35347582862742,0.08694919365988833,1639,86,1725,Exact_structureO
query_cycle_6_39.graph,3,0.7,5129,125.24327784891165,126.25249169435216,0.008058028045688706,1642,79,1721,Exact_structureO
query_cycle_6_39.graph,4,0.7,5129,125.24327784891165,121.94307884005438,0.026350308499897994,1634,74,1708,Exact_structureO
query_cycle_6_39.graph,5,0.7,5129,125.24327784891165,132.79202740257494,0.060272692341778226,1631,80,1711,Exact_structureO
query_cycle_6_39.graph,1,0.8,5862,125.24327784891165,123.49114613136598,0.013989826421337883,1755,88,1843,Exact_structureO
query_cycle_6_39.graph,2,0.8,5862,125.24327784891165,109.59457511249093,0.12494644826605919,1750,92,1842,Exact_structureO
query_cycle_6_39.graph,3,0.8,5862,125.24327784891165,129.83444012868267,0.036657953693208324,1759,87,1846,Exact_structureO
query_cycle_6_39.graph,4,0.8,5862,125.24327784891165,134.27176258900758,0.07208757943071026,1761,87,1848,Exact_structureO
query_cycle_6_39.graph,5,0.8,5862,125.24327784891165,131.4623934671075,0.04965628275633547,1778,90,1868,Exact_structureO
query_cycle_6_4.graph,1,0.01,201,398.0913961506907,270.6236559139785,0.3201971744912102,112,13,125,Exact_structureO
query_cycle_6_4.graph,2,0.01,201,398.0913961506907,24.530973451327437,0.938378538977412,118,4,122,Exact_structureO
query_cycle_6_4.graph,3,0.01,201,398.0913961506907,424.3443396226415,0.06594702554690028,121,11,132,Exact_structureO
query_cycle_6_4.graph,4,0.01,201,398.0913961506907,244.94179894179896,0.38470963876576614,120,13,133,Exact_structureO
query_cycle_6_4.graph,5,0.01,201,398.0913961506907,16.447688564476888,0.9586836371659464,117,10,127,Exact_structureO
query_cycle_6_4.graph,1,0.05,1006,398.0913961506907,173.52610360814356,0.5641048631393726,340,39,379,Exact_structureO
query_cycle_6_4.graph,2,0.05,1006,398.0913961506907,2493.143939393939,5.262742584997245,337,36,373,Exact_structureO
query_cycle_6_4.graph,3,0.05,1006,398.0913961506907,1163.6617647058822,1.9231020211886165,347,44,391,Exact_structureO
query_cycle_6_4.graph,4,0.05,1006,398.0913961506907,235.06029489204846,0.4095318382538707,340,47,387,Exact_structureO
query_cycle_6_4.graph,5,0.05,1006,398.0913961506907,99.42011385199244,0.7502580693445616,343,52,395,Exact_structureO
query_cycle_6_4.graph,1,0.075,1510,398.0913961506907,116.48512585812357,0.7073909986890796,423,70,493,Exact_structureO
query_cycle_6_4.graph,2,0.075,1510,398.0913961506907,1727.3894477253555,3.339178049131918,430,49,479,Exact_structureO
query_cycle_6_4.graph,3,0.075,1510,398.0913961506907,755.2432223936523,0.8971603749701939,426,62,488,Exact_structureO
query_cycle_6_4.graph,4,0.075,1510,398.0913961506907,311.327868852459,0.21794876286496992,439,68,507,Exact_structureO
query_cycle_6_4.graph,5,0.075,1510,398.0913961506907,110.36010037641154,0.7227769767356725,438,67,505,Exact_structureO
query_cycle_6_4.graph,1,0.1,2013,398.0913961506907,282.946206743567,0.28924309975174,520,93,613,Exact_structureO
query_cycle_6_4.graph,2,0.1,2013,398.0913961506907,1231.957491248198,2.0946599277464957,531,73,604,Exact_structureO
query_cycle_6_4.graph,3,0.1,2013,398.0913961506907,417.03676347154607,0.047590496815670784,497,87,584,Exact_structureO
query_cycle_6_4.graph,4,0.1,2013,398.0913961506907,237.28694024028704,0.40393853638960303,510,87,597,Exact_structureO
query_cycle_6_4.graph,5,0.1,2013,398.0913961506907,97.60311648501362,0.7548223412292295,496,90,586,Exact_structureO
query_cycle_6_4.graph,1,0.125,2516,398.0913961506907,223.38818882828662,0.43885200487044224,570,109,679,Exact_structureO
query_cycle_6_4.graph,2,0.125,2516,398.0913961506907,929.9301302712863,1.335971435864133,584,92,676,Exact_structureO
query_cycle_6_4.graph,3,0.125,2516,398.0913961506907,316.6292834890967,0.2046316837019957,583,122,705,Exact_structureO
query_cycle_6_4.graph,4,0.125,2516,398.0913961506907,231.44447450697453,0.418614728313884,581,115,696,Exact_structureO
query_cycle_6_4.graph,5,0.125,2516,398.0913961506907,300.1605904817861,0.24600080940165453,583,109,692,Exact_structureO
query_cycle_6_4.graph,1,0.15,3020,398.0913961506907,222.95992440831512,0.439927799082808,649,134,783,Exact_structureO
query_cycle_6_4.graph,2,0.15,3020,398.0913961506907,783.6584022038568,0.9685389078522468,659,117,776,Exact_structureO
query_cycle_6_4.graph,3,0.15,3020,398.0913961506907,413.45966485767866,0.0386048753014762,646,146,792,Exact_structureO
query_cycle_6_4.graph,4,0.15,3020,398.0913961506907,220.46965410483608,0.44618332313471787,647,145,792,Exact_structureO
query_cycle_6_4.graph,5,0.15,3020,398.0913961506907,271.20378783829534,0.31873989123935803,646,135,781,Exact_structureO
query_cycle_6_4.graph,1,0.2,4027,398.0913961506907,219.62218723248134,0.44831214802405045,751,166,917,Exact_structureO
query_cycle_6_4.graph,2,0.2,4027,398.0913961506907,650.3317238049251,0.6336241629265285,748,160,908,Exact_structureO
query_cycle_6_4.graph,3,0.2,4027,398.0913961506907,350.0418060200669,0.12069989604205227,741,177,918,Exact_structureO
query_cycle_6_4.graph,4,0.2,4027,398.0913961506907,210.70638344949663,0.47070852199544316,730,185,915,Exact_structureO
query_cycle_6_4.graph,5,0.2,4027,398.0913961506907,595.8246183574879,0.4967030790385349,736,185,921,Exact_structureO
query_cycle_6_4.graph,1,0.3,6040,398.0913961506907,228.02713716358423,0.42719903175885654,1007,331,1338,Exact_structureO
query_cycle_6_4.graph,2,0.3,6040,398.0913961506907,346.8419453146524,0.12873790122466927,1020,330,1350,Exact_structureO
query_cycle_6_4.graph,3,0.3,6040,398.0913961506907,262.87764427398577,0.3396550470171982,1037,341,1378,Exact_structureO
query_cycle_6_4.graph,4,0.3,6040,398.0913961506907,651.3765221878225,0.6362486818008372,1016,362,1378,Exact_structureO
query_cycle_6_4.graph,5,0.3,6040,398.0913961506907,383.2612061033417,0.037253229260285944,1013,363,1376,Exact_structureO
query_cycle_6_4.graph,1,0.4,8054,398.0913961506907,222.80075269094635,0.4403276362028961,1129,426,1555,Exact_structureO
query_cycle_6_4.graph,2,0.4,8054,398.0913961506907,346.7772666527459,0.12890037311562674,1136,415,1551,Exact_structureO
query_cycle_6_4.graph,3,0.4,8054,398.0913961506907,262.087350434073,0.3416402540514482,1138,415,1553,Exact_structureO
query_cycle_6_4.graph,4,0.4,8054,398.0913961506907,808.42790989029,1.030759563525642,1134,426,1560,Exact_structureO
query_cycle_6_4.graph,5,0.4,8054,398.0913961506907,337.15561981665286,0.15306981493006602,1117,456,1573,Exact_structureO
query_cycle_6_4.graph,1,0.5,10067,398.0913961506907,308.5398650397237,0.22495218931350328,1205,490,1695,Exact_structureO
query_cycle_6_4.graph,2,0.5,10067,398.0913961506907,319.0671873354167,0.19850770345551685,1221,466,1687,Exact_structureO
query_cycle_6_4.graph,3,0.5,10067,398.0913961506907,343.9949115665357,0.1358896100424077,1207,474,1681,Exact_structureO
query_cycle_6_4.graph,4,0.5,10067,398.0913961506907,694.4519968946778,0.7444536697090657,1214,495,1709,Exact_structureO
query_cycle_6_4.graph,5,0.5,10067,398.0913961506907,343.91536579030117,0.13608942791590026,1188,514,1702,Exact_structureO
query_cycle_6_4.graph,1,0.6,12081,398.0913961506907,329.8152932782958,0.1715086121744518,1279,568,1847,Exact_structureO
query_cycle_6_4.graph,2,0.6,12081,398.0913961506907,376.8839672425691,0.05327276377531625,1297,529,1826,Exact_structureO
query_cycle_6_4.graph,3,0.6,12081,398.0913961506907,313.77222551832074,0.21180857322636626,1270,544,1814,Exact_structureO
query_cycle_6_4.graph,4,0.6,12081,398.0913961506907,615.2055641111028,0.5453877427640443,1273,556,1829,Exact_structureO
query_cycle_6_4.graph,5,0.6,12081,398.0913961506907,325.9579476759549,0.18119821019048318,1263,592,1855,Exact_structureO
query_cycle_6_4.graph,1,0.7,14094,398.0913961506907,443.9332574700452,0.11515411225316172,1327,608,1935,Exact_structureO
query_cycle_6_4.graph,2,0.7,14094,398.0913961506907,378.6738745690191,0.04877654169225349,1346,586,1932,Exact_structureO
query_cycle_6_4.graph,3,0.7,14094,398.0913961506907,384.2672231223379,0.034726128627808585,1340,616,1956,Exact_structureO
query_cycle_6_4.graph,4,0.7,14094,398.0913961506907,613.6175850968665,0.5413987617672401,1330,614,1944,Exact_structureO
query_cycle_6_4.graph,5,0.7,14094,398.0913961506907,301.8423301751981,0.2417763028946729,1312,657,1969,Exact_structureO
query_cycle_6_4.graph,1,0.8,16108,398.0913961506907,419.80659248326356,0.05454826841912694,1402,668,2070,Exact_structureO
query_cycle_6_4.graph,2,0.8,16108,398.0913961506907,373.19332852778996,0.06254359642948924,1398,647,2045,Exact_structureO
query_cycle_6_4.graph,3,0.8,16108,398.0913961506907,362.0888683251288,0.09043784460976839,1403,667,2070,Exact_structureO
query_cycle_6_4.graph,4,0.8,16108,398.0913961506907,563.7465105780224,0.4161233225061357,1387,671,2058,Exact_structureO
query_cycle_6_4.graph,5,0.8,16108,398.0913961506907,318.35032675511866,0.2003084471722353,1385,717,2102,Exact_structureO
query_cycle_6_40.graph,1,0.01,255,2751.859054280067,3325.8278145695367,0.20857491207507703,160,19,179,Exact_structureO
query_cycle_6_40.graph,2,0.01,255,2751.859054280067,2264.4952941176466,0.1771034600788895,154,28,182,Exact_structureO
query_cycle_6_40.graph,3,0.01,255,2751.859054280067,135.2582159624413,0.9508484216326163,151,21,172,Exact_structureO
query_cycle_6_40.graph,4,0.01,255,2751.859054280067,407.5471698113207,0.851901146907416,158,25,183,Exact_structureO
query_cycle_6_40.graph,5,0.01,255,2751.859054280067,3325.7036713286716,0.20852979957533907,153,21,174,Exact_structureO
query_cycle_6_40.graph,1,0.05,1279,2751.859054280067,1740.8649060920961,0.36738587560127206,463,99,562,Exact_structureO
query_cycle_6_40.graph,2,0.05,1279,2751.859054280067,1498.3771897473725,0.45550365763940864,464,103,567,Exact_structureO
query_cycle_6_40.graph,3,0.05,1279,2751.859054280067,1851.8194444444443,0.3270660277588557,473,89,562,Exact_structureO
query_cycle_6_40.graph,4,0.05,1279,2751.859054280067,2914.260284810126,0.05901509754922598,471,86,557,Exact_structureO
query_cycle_6_40.graph,5,0.05,1279,2751.859054280067,2173.2767951518567,0.2102514146675936,456,81,537,Exact_structureO
query_cycle_6_40.graph,1,0.075,1919,2751.859054280067,2016.2570593963,0.2673109270402706,584,133,717,Exact_structureO
query_cycle_6_40.graph,2,0.075,1919,2751.859054280067,2535.9319693945445,0.078465895464262,607,142,749,Exact_structureO
query_cycle_6_40.graph,3,0.075,1919,2751.859054280067,2135.28093385214,0.2240587574675892,582,124,706,Exact_structureO
query_cycle_6_40.graph,4,0.075,1919,2751.859054280067,1924.5090476533776,0.3006513016500179,580,125,705,Exact_structureO
query_cycle_6_40.graph,5,0.075,1919,2751.859054280067,2350.2612672322375,0.14593690269972578,586,133,719,Exact_structureO
query_cycle_6_40.graph,1,0.1,2559,2751.859054280067,2211.8505712866368,0.1962340629886314,694,166,860,Exact_structureO
query_cycle_6_40.graph,2,0.1,2559,2751.859054280067,2411.1109081419627,0.12382470883024563,694,179,873,Exact_structureO
query_cycle_6_40.graph,3,0.1,2559,2751.859054280067,2043.2047157635182,0.2575183992124716,693,157,850,Exact_structureO
query_cycle_6_40.graph,4,0.1,2559,2751.859054280067,1887.944633431085,0.31393846988831214,672,162,834,Exact_structureO
query_cycle_6_40.graph,5,0.1,2559,2751.859054280067,2858.563153539457,0.038775277786639896,697,176,873,Exact_structureO
query_cycle_6_40.graph,1,0.125,3199,2751.859054280067,1921.162812769629,0.30186729230133563,779,211,990,Exact_structureO
query_cycle_6_40.graph,2,0.125,3199,2751.859054280067,3477.101115053218,0.2635462232868197,803,212,1015,Exact_structureO
query_cycle_6_40.graph,3,0.125,3199,2751.859054280067,1867.719766772243,0.32128799842880396,766,189,955,Exact_structureO
query_cycle_6_40.graph,4,0.125,3199,2751.859054280067,2224.9054441260746,0.19149004355234045,777,201,978,Exact_structureO
query_cycle_6_40.graph,5,0.125,3199,2751.859054280067,2600.8009899068325,0.05489309640996638,779,208,987,Exact_structureO
query_cycle_6_40.graph,1,0.15,3839,2751.859054280067,2524.579348537482,0.08259133235370053,864,237,1101,Exact_structureO
query_cycle_6_40.graph,2,0.15,3839,2751.859054280067,3037.774007038713,0.10389883606645915,879,253,1132,Exact_structureO
query_cycle_6_40.graph,3,0.15,3839,2751.859054280067,1709.0345450258142,0.3789527329287849,861,235,1096,Exact_structureO
query_cycle_6_40.graph,4,0.15,3839,2751.859054280067,1992.4361604207756,0.2759672202971781,873,221,1094,Exact_structureO
query_cycle_6_40.graph,5,0.15,3839,2751.859054280067,3295.287188631329,0.1974767325041769,853,234,1087,Exact_structureO
query_cycle_6_40.graph,1,0.2,5119,2751.859054280067,2530.5680825114005,0.08041508209676825,1039,312,1351,Exact_structureO
query_cycle_6_40.graph,2,0.2,5119,2751.859054280067,2681.132754379974,0.025701279936590493,1043,314,1357,Exact_structureO
query_cycle_6_40.graph,3,0.2,5119,2751.859054280067,2248.29116166587,0.18299189118388157,1039,302,1341,Exact_structureO
query_cycle_6_40.graph,4,0.2,5119,2751.859054280067,1696.4237257059037,0.3835353874438468,1041,291,1332,Exact_structureO
query_cycle_6_40.graph,5,0.2,5119,2751.859054280067,3174.587486026314,0.1536155825600013,1018,314,1332,Exact_structureO
query_cycle_6_40.graph,1,0.3,7679,2751.859054280067,2138.1101650131714,0.22303064116322005,1405,468,1873,Exact_structureO
query_cycle_6_40.graph,2,0.3,7679,2751.859054280067,2842.8709469761134,0.03307287579081936,1399,478,1877,Exact_structureO
query_cycle_6_40.graph,3,0.3,7679,2751.859054280067,2194.720204178537,0.2024590791577757,1417,502,1919,Exact_structureO
query_cycle_6_40.graph,4,0.3,7679,2751.859054280067,2574.3835000885424,0.06449296664212888,1418,444,1862,Exact_structureO
query_cycle_6_40.graph,5,0.3,7679,2751.859054280067,3491.094940980853,0.26863144954717993,1398,485,1883,Exact_structureO
query_cycle_6_40.graph,1,0.4,10239,2751.859054280067,2819.8930537589868,0.024722922990225063,1658,617,2275,Exact_structureO
query_cycle_6_40.graph,2,0.4,10239,2751.859054280067,3096.202146451095,0.12513107880124108,1665,593,2258,Exact_structureO
query_cycle_6_40.graph,3,0.4,10239,2751.859054280067,2714.3869248183505,0.013617023518495542,1657,621,2278,Exact_structureO
query_cycle_6_40.graph,4,0.4,10239,2751.859054280067,3065.766417870138,0.11407101795487645,1691,554,2245,Exact_structureO
query_cycle_6_40.graph,5,0.4,10239,2751.859054280067,3113.8562055730927,0.13154639978017701,1669,615,2284,Exact_structureO
query_cycle_6_40.graph,1,0.5,12799,2751.859054280067,2828.111800063388,0.02770953899863514,1900,721,2621,Exact_structureO
query_cycle_6_40.graph,2,0.5,12799,2751.859054280067,2819.14904731336,0.02445255796390961,1890,726,2616,Exact_structureO
query_cycle_6_40.graph,3,0.5,12799,2751.859054280067,2713.428140393042,0.01396543686612578,1895,712,2607,Exact_structureO
query_cycle_6_40.graph,4,0.5,12799,2751.859054280067,3310.487972201297,0.2030005559523021,1937,668,2605,Exact_structureO
query_cycle_6_40.graph,5,0.5,12799,2751.859054280067,2959.364588112923,0.07540558209553457,1878,715,2593,Exact_structureO
query_cycle_6_40.graph,1,0.6,15359,2751.859054280067,2973.0033227059143,0.08036177146569098,2123,838,2961,Exact_structureO
query_cycle_6_40.graph,2,0.6,15359,2751.859054280067,2826.2140024290206,0.027019896979573348,2117,824,2941,Exact_structureO
query_cycle_6_40.graph,3,0.6,15359,2751.859054280067,2606.947455939892,0.05265952778896468,2128,822,2950,Exact_structureO
query_cycle_6_40.graph,4,0.6,15359,2751.859054280067,3046.2510959506567,0.10697933137698709,2147,769,2916,Exact_structureO
query_cycle_6_40.graph,5,0.6,15359,2751.859054280067,2801.5655744649575,0.018062887380652756,2115,819,2934,Exact_structureO
query_cycle_6_40.graph,1,0.7,17919,2751.859054280067,3035.2107981665163,0.10296738978900168,2277,921,3198,Exact_structureO
query_cycle_6_40.graph,2,0.7,17919,2751.859054280067,2891.9936708411797,0.05092361701561571,2305,909,3214,Exact_structureO
query_cycle_6_40.graph,3,0.7,17919,2751.859054280067,2536.1980582519436,0.07836920124695268,2292,906,3198,Exact_structureO
query_cycle_6_40.graph,4,0.7,17919,2751.859054280067,2969.528495139815,0.07909905142895982,2310,864,3174,Exact_structureO
query_cycle_6_40.graph,5,0.7,17919,2751.859054280067,2744.9144528825664,0.002523603593250725,2300,905,3205,Exact_structureO
query_cycle_6_40.graph,1,0.8,20479,2751.859054280067,3169.9109294356726,0.15191616536660704,2435,998,3433,Exact_structureO
query_cycle_6_40.graph,2,0.8,20479,2751.859054280067,2819.9411626981873,0.024740405331526574,2460,997,3457,Exact_structureO
query_cycle_6_40.graph,3,0.8,20479,2751.859054280067,2630.63848214228,0.04405042909056278,2446,985,3431,Exact_structureO
query_cycle_6_40.graph,4,0.8,20479,2751.859054280067,2935.5379647878895,0.06674720866322707,2476,952,3428,Exact_structureO
query_cycle_6_40.graph,5,0.8,20479,2751.859054280067,2955.011645207671,0.07382376310721042,2446,988,3434,Exact_structureO
query_cycle_6_42.graph,1,0.01,54,1112.0449514125748,172.25,0.8451051823209129,44,3,47,Exact_structureO
query_cycle_6_42.graph,2,0.01,54,1112.0449514125748,1743.0000000000002,0.5673826833941873,50,4,54,Exact_structureO
query_cycle_6_42.graph,3,0.01,54,1112.0449514125748,0.0,1.0,40,3,43,Exact_structureO
query_cycle_6_42.graph,4,0.01,54,1112.0449514125748,216.27906976744185,0.8055122956201426,49,5,54,Exact_structureO
query_cycle_6_42.graph,5,0.01,54,1112.0449514125748,9873.684210526315,7.878853501366353,50,2,52,Exact_structureO
query_cycle_6_42.graph,1,0.05,271,1112.0449514125748,151.58125,0.8636914363871228,172,23,195,Exact_structureO
query_cycle_6_42.graph,2,0.05,271,1112.0449514125748,361.9525862068965,0.6745162272917778,170,10,180,Exact_structureO
query_cycle_6_42.graph,3,0.05,271,1112.0449514125748,423.09646685192547,0.6195329457550369,183,14,197,Exact_structureO
query_cycle_6_42.graph,4,0.05,271,1112.0449514125748,2492.1189692982457,1.2410235900380036,175,18,193,Exact_structureO
query_cycle_6_42.graph,5,0.05,271,1112.0449514125748,3111.435534591195,1.797940434547088,178,16,194,Exact_structureO
query_cycle_6_42.graph,1,0.075,406,1112.0449514125748,1831.2546251217138,0.6467451453248927,236,32,268,Exact_structureO
query_cycle_6_42.graph,2,0.075,406,1112.0449514125748,272.1011169900059,0.7553146420525811,239,16,255,Exact_structureO
query_cycle_6_42.graph,3,0.075,406,1112.0449514125748,262.440842338598,0.7640015882404461,243,23,266,Exact_structureO
query_cycle_6_42.graph,4,0.075,406,1112.0449514125748,1892.5492366412213,0.7018639707299701,240,23,263,Exact_structureO
query_cycle_6_42.graph,5,0.075,406,1112.0449514125748,1633.149170480549,0.4685999593865712,242,25,267,Exact_structureO
query_cycle_6_42.graph,1,0.1,542,1112.0449514125748,1965.539414146225,0.7674999663003721,311,40,351,Exact_structureO
query_cycle_6_42.graph,2,0.1,542,1112.0449514125748,178.9110878661088,0.839115237528081,311,28,339,Exact_structureO
query_cycle_6_42.graph,3,0.1,542,1112.0449514125748,508.6826314340766,0.542570081552978,311,39,350,Exact_structureO
query_cycle_6_42.graph,4,0.1,542,1112.0449514125748,1580.7687764990915,0.42149719261898566,300,32,332,Exact_structureO
query_cycle_6_42.graph,5,0.1,542,1112.0449514125748,1584.2550524831584,0.42463220616285224,301,35,336,Exact_structureO
query_cycle_6_42.graph,1,0.125,677,1112.0449514125748,1762.92921686747,0.5853039165621043,359,45,404,Exact_structureO
query_cycle_6_42.graph,2,0.125,677,1112.0449514125748,174.73054755043228,0.8428745642624601,379,35,414,Exact_structureO
query_cycle_6_42.graph,3,0.125,677,1112.0449514125748,1086.5148448043185,0.022957800919672117,376,50,426,Exact_structureO
query_cycle_6_42.graph,4,0.125,677,1112.0449514125748,1156.052527734346,0.03957355884388543,367,43,410,Exact_structureO
query_cycle_6_42.graph,5,0.125,677,1112.0449514125748,1782.4317769981108,0.6028414811235617,376,47,423,Exact_structureO
query_cycle_6_42.graph,1,0.15,813,1112.0449514125748,1583.1016770963704,0.4235950400075427,432,61,493,Exact_structureO
query_cycle_6_42.graph,2,0.15,813,1112.0449514125748,1121.837765957447,0.008806131921585296,435,46,481,Exact_structureO
query_cycle_6_42.graph,3,0.15,813,1112.0449514125748,1017.2707036913126,0.08522519489960838,431,58,489,Exact_structureO
query_cycle_6_42.graph,4,0.15,813,1112.0449514125748,1065.9073170731706,0.04148900121420266,425,52,477,Exact_structureO
query_cycle_6_42.graph,5,0.15,813,1112.0449514125748,1362.03484898772,0.22480197159080254,433,56,489,Exact_structureO
query_cycle_6_42.graph,1,0.2,1084,1112.0449514125748,1544.1275285301467,0.3885477620025333,538,77,615,Exact_structureO
query_cycle_6_42.graph,2,0.2,1084,1112.0449514125748,769.4742638111463,0.3080547123264021,537,67,604,Exact_structureO
query_cycle_6_42.graph,3,0.2,1084,1112.0449514125748,858.098842535586,0.22835957175509308,530,84,614,Exact_structureO
query_cycle_6_42.graph,4,0.2,1084,1112.0449514125748,1100.5267023050255,0.010357718986915282,529,76,605,Exact_structureO
query_cycle_6_42.graph,5,0.2,1084,1112.0449514125748,1077.2938715675057,0.03124970784762488,526,74,600,Exact_structureO
query_cycle_6_42.graph,1,0.3,1626,1112.0449514125748,1882.4733122285209,0.6928032538948264,790,131,921,Exact_structureO
query_cycle_6_42.graph,2,0.3,1626,1112.0449514125748,1070.7823045987063,0.03710519683710146,778,113,891,Exact_structureO
query_cycle_6_42.graph,3,0.3,1626,1112.0449514125748,705.252335746849,0.36580591022781733,781,129,910,Exact_structureO
query_cycle_6_42.graph,4,0.3,1626,1112.0449514125748,865.5182157471108,0.22168774324483329,801,132,933,Exact_structureO
query_cycle_6_42.graph,5,0.3,1626,1112.0449514125748,1197.4795110614054,0.07682653434135676,782,124,906,Exact_structureO
query_cycle_6_42.graph,1,0.4,2169,1112.0449514125748,1387.3537677621382,0.24756986307060017,978,177,1155,Exact_structureO
query_cycle_6_42.graph,2,0.4,2169,1112.0449514125748,1019.5264947250033,0.08319668784076577,981,159,1140,Exact_structureO
query_cycle_6_42.graph,3,0.4,2169,1112.0449514125748,971.2386662346432,0.12661923872688102,979,174,1153,Exact_structureO
query_cycle_6_42.graph,4,0.4,2169,1112.0449514125748,924.3874865363492,0.1687498914840212,972,167,1139,Exact_structureO
query_cycle_6_42.graph,5,0.4,2169,1112.0449514125748,892.0167739778609,0.19785906779687565,979,173,1152,Exact_structureO
query_cycle_6_42.graph,1,0.5,2711,1112.0449514125748,1161.493194462583,0.04446604697696486,1154,223,1377,Exact_structureO
query_cycle_6_42.graph,2,0.5,2711,1112.0449514125748,978.0032639388002,0.12053621330999999,1151,205,1356,Exact_structureO
query_cycle_6_42.graph,3,0.5,2711,1112.0449514125748,795.8583596595147,0.28432896651472966,1138,225,1363,Exact_structureO
query_cycle_6_42.graph,4,0.5,2711,1112.0449514125748,874.3623211390711,0.21373473254978353,1136,230,1366,Exact_structureO
query_cycle_6_42.graph,5,0.5,2711,1112.0449514125748,888.7677006862993,0.20078077818945864,1134,220,1354,Exact_structureO
query_cycle_6_42.graph,1,0.6,3253,1112.0449514125748,1448.9417496748806,0.3029525001074486,1325,283,1608,Exact_structureO
query_cycle_6_42.graph,2,0.6,3253,1112.0449514125748,957.3365045514238,0.1391206773293046,1320,253,1573,Exact_structureO
query_cycle_6_42.graph,3,0.6,3253,1112.0449514125748,884.2091194852533,0.20488005600665077,1321,271,1592,Exact_structureO
query_cycle_6_42.graph,4,0.6,3253,1112.0449514125748,980.4053066764541,0.11837619025103756,1297,268,1565,Exact_structureO
query_cycle_6_42.graph,5,0.6,3253,1112.0449514125748,1083.4894868823194,0.02567833655823254,1319,270,1589,Exact_structureO
query_cycle_6_42.graph,1,0.7,3796,1112.0449514125748,1363.8995762119873,0.22647881677758996,1463,319,1782,Exact_structureO
query_cycle_6_42.graph,2,0.7,3796,1112.0449514125748,973.0025286860074,0.1250330956045876,1467,305,1772,Exact_structureO
query_cycle_6_42.graph,3,0.7,3796,1112.0449514125748,886.6296211292096,0.20270343388280437,1470,325,1795,Exact_structureO
query_cycle_6_42.graph,4,0.7,3796,1112.0449514125748,1073.3885813934203,0.03476151748187096,1470,328,1798,Exact_structureO
query_cycle_6_42.graph,5,0.7,3796,1112.0449514125748,1094.8034076754884,0.015504358627936185,1481,326,1807,Exact_structureO
query_cycle_6_42.graph,1,0.8,4338,1112.0449514125748,1209.1505885092702,0.08732168333064855,1623,366,1989,Exact_structureO
query_cycle_6_42.graph,2,0.8,4338,1112.0449514125748,1081.1311851195094,0.027799025798190314,1633,351,1984,Exact_structureO
query_cycle_6_42.graph,3,0.8,4338,1112.0449514125748,986.9730292426216,0.11247020366495139,1613,358,1971,Exact_structureO
query_cycle_6_42.graph,4,0.8,4338,1112.0449514125748,1128.4495286109745,0.014751721301878833,1610,362,1972,Exact_structureO
query_cycle_6_42.graph,5,0.8,4338,1112.0449514125748,1138.1163142297153,0.023444522439514053,1618,364,1982,Exact_structureO
query_cycle_6_43.graph,1,0.01,34,334.7999190742821,0.0,1.0,33,1,34,Exact_structureO
query_cycle_6_43.graph,2,0.01,34,334.7999190742821,,,34,0,34,Exact_structureO
query_cycle_6_43.graph,3,0.01,34,334.7999190742821,31.942857142857143,0.9045912041102676,36,1,37,Exact_structureO
query_cycle_6_43.graph,4,0.01,34,334.7999190742821,234.0,0.30107509987754094,28,3,31,Exact_structureO
query_cycle_6_43.graph,5,0.01,34,334.7999190742821,,,29,0,29,Exact_structureO
query_cycle_6_43.graph,1,0.05,173,334.7999190742821,223.1935483870968,0.3333524422460305,116,8,124,Exact_structureO
query_cycle_6_43.graph,2,0.05,173,334.7999190742821,200.86324786324786,0.40004989123464424,112,2,114,Exact_structureO
query_cycle_6_43.graph,3,0.05,173,334.7999190742821,137.17267080745341,0.5902846357109814,116,4,120,Exact_structureO
query_cycle_6_43.graph,4,0.05,173,334.7999190742821,166.2409090909091,0.5034619197323486,112,8,120,Exact_structureO
query_cycle_6_43.graph,5,0.05,173,334.7999190742821,42.11940298507463,0.8741953011770901,119,2,121,Exact_structureO
query_cycle_6_43.graph,1,0.075,260,334.7999190742821,140.9312255541069,0.579058364339573,157,13,170,Exact_structureO
query_cycle_6_43.graph,2,0.075,260,334.7999190742821,192.03233830845772,0.42642656892085007,165,5,170,Exact_structureO
query_cycle_6_43.graph,3,0.075,260,334.7999190742821,111.66470588235296,0.666473318777661,164,10,174,Exact_structureO
query_cycle_6_43.graph,4,0.075,260,334.7999190742821,286.63089622641513,0.14387405761940975,153,11,164,Exact_structureO
query_cycle_6_43.graph,5,0.075,260,334.7999190742821,169.67264573991034,0.4932118077894008,157,6,163,Exact_structureO
query_cycle_6_43.graph,1,0.1,347,334.7999190742821,182.72292993630577,0.45423245488967695,215,15,230,Exact_structureO
query_cycle_6_43.graph,2,0.1,347,334.7999190742821,156.04948453608247,0.5339022632754588,207,7,214,Exact_structureO
query_cycle_6_43.graph,3,0.1,347,334.7999190742821,235.75673469387758,0.2958279818413869,211,12,223,Exact_structureO
query_cycle_6_43.graph,4,0.1,347,334.7999190742821,341.9266304347826,0.02128647874290347,211,18,229,Exact_structureO
query_cycle_6_43.graph,5,0.1,347,334.7999190742821,178.68334849863513,0.4662981132352346,212,10,222,Exact_structureO
query_cycle_6_43.graph,1,0.125,433,334.7999190742821,170.55719347980158,0.49056978881180663,251,17,268,Exact_structureO
query_cycle_6_43.graph,2,0.125,433,334.7999190742821,102.56854838709675,0.6936422545420632,254,12,266,Exact_structureO
query_cycle_6_43.graph,3,0.125,433,334.7999190742821,204.03898635477586,0.39056440957649785,261,16,277,Exact_structureO
query_cycle_6_43.graph,4,0.125,433,334.7999190742821,328.6379211878926,0.01840501605683596,252,20,272,Exact_structureO
query_cycle_6_43.graph,5,0.125,433,334.7999190742821,220.97297297297297,0.3399849869021454,265,13,278,Exact_structureO
query_cycle_6_43.graph,1,0.15,520,334.7999190742821,169.4773475745438,0.49379513578394313,299,20,319,Exact_structureO
query_cycle_6_43.graph,2,0.15,520,334.7999190742821,180.53822776711453,0.4607578512375372,310,17,327,Exact_structureO
query_cycle_6_43.graph,3,0.15,520,334.7999190742821,231.78974979822436,0.30767680458489854,304,20,324,Exact_structureO
query_cycle_6_43.graph,4,0.15,520,334.7999190742821,366.8683274021352,0.09578379951979041,300,27,327,Exact_structureO
query_cycle_6_43.graph,5,0.15,520,334.7999190742821,200.71538918597741,0.40049152418867623,310,15,325,Exact_structureO
query_cycle_6_43.graph,1,0.2,694,334.7999190742821,171.364375,0.48815885178879226,393,27,420,Exact_structureO
query_cycle_6_43.graph,2,0.2,694,334.7999190742821,127.02774108322325,0.6205861057719085,399,25,424,Exact_structureO
query_cycle_6_43.graph,3,0.2,694,334.7999190742821,222.04412841561643,0.3367855971125505,393,30,423,Exact_structureO
query_cycle_6_43.graph,4,0.2,694,334.7999190742821,264.91203931203927,0.20874521103673507,389,40,429,Exact_structureO
query_cycle_6_43.graph,5,0.2,694,334.7999190742821,187.30624227441285,0.4405427492565935,396,24,420,Exact_structureO
query_cycle_6_43.graph,1,0.3,1041,334.7999190742821,311.12305534657787,0.07071944280384086,602,58,660,Exact_structureO
query_cycle_6_43.graph,2,0.3,1041,334.7999190742821,118.95167398878957,0.6447081758033587,604,35,639,Exact_structureO
query_cycle_6_43.graph,3,0.3,1041,334.7999190742821,215.93439037725528,0.3550345203956101,612,59,671,Exact_structureO
query_cycle_6_43.graph,4,0.3,1041,334.7999190742821,266.5593655644076,0.2038248805392751,606,64,670,Exact_structureO
query_cycle_6_43.graph,5,0.3,1041,334.7999190742821,156.80247219148563,0.5316531956607318,598,49,647,Exact_structureO
query_cycle_6_43.graph,1,0.4,1388,334.7999190742821,346.8172671521655,0.03589411882509183,757,86,843,Exact_structureO
query_cycle_6_43.graph,2,0.4,1388,334.7999190742821,189.88885433765282,0.4328288523405463,780,70,850,Exact_structureO
query_cycle_6_43.graph,3,0.4,1388,334.7999190742821,208.45057520928978,0.37738761769819656,775,77,852,Exact_structureO
query_cycle_6_43.graph,4,0.4,1388,334.7999190742821,363.5211301115242,0.08578619468205338,761,85,846,Exact_structureO
query_cycle_6_43.graph,5,0.4,1388,334.7999190742821,202.01301443654384,0.3966157011175287,765,73,838,Exact_structureO
query_cycle_6_43.graph,1,0.5,1735,334.7999190742821,429.1150415330236,0.28170592967740765,926,106,1032,Exact_structureO
query_cycle_6_43.graph,2,0.5,1735,334.7999190742821,233.7447902423016,0.30183737532373595,915,97,1012,Exact_structureO
query_cycle_6_43.graph,3,0.5,1735,334.7999190742821,214.87931218212643,0.35818588972104526,919,96,1015,Exact_structureO
query_cycle_6_43.graph,4,0.5,1735,334.7999190742821,376.2817722357413,0.12390042768276655,926,107,1033,Exact_structureO
query_cycle_6_43.graph,5,0.5,1735,334.7999190742821,334.9796164581652,0.000536730667020297,904,91,995,Exact_structureO
query_cycle_6_43.graph,1,0.6,2082,334.7999190742821,363.39896946432896,0.08542131810880625,1054,126,1180,Exact_structureO
query_cycle_6_43.graph,2,0.6,2082,334.7999190742821,213.89444906444905,0.36112753654222884,1069,123,1192,Exact_structureO
query_cycle_6_43.graph,3,0.6,2082,334.7999190742821,245.4097929792979,0.26699566219175586,1073,125,1198,Exact_structureO
query_cycle_6_43.graph,4,0.6,2082,334.7999190742821,388.30175550465515,0.15980241745071203,1078,130,1208,Exact_structureO
query_cycle_6_43.graph,5,0.6,2082,334.7999190742821,275.54421392331477,0.17698840942019545,1084,118,1202,Exact_structureO
query_cycle_6_43.graph,1,0.7,2429,334.7999190742821,320.03588128927845,0.04409809245422179,1200,149,1349,Exact_structureO
query_cycle_6_43.graph,2,0.7,2429,334.7999190742821,244.80850186596015,0.26879163369318365,1196,152,1348,Exact_structureO
query_cycle_6_43.graph,3,0.7,2429,334.7999190742821,286.2893454148034,0.1448942215804887,1192,155,1347,Exact_structureO
query_cycle_6_43.graph,4,0.7,2429,334.7999190742821,425.8605230233754,0.27198514324876416,1201,149,1350,Exact_structureO
query_cycle_6_43.graph,5,0.7,2429,334.7999190742821,295.58885414906206,0.11711790442972088,1198,145,1343,Exact_structureO
query_cycle_6_43.graph,1,0.8,2776,334.7999190742821,324.16648455784036,0.03176056477505453,1324,174,1498,Exact_structureO
query_cycle_6_43.graph,2,0.8,2776,334.7999190742821,254.92150606295147,0.2385855206661744,1333,180,1513,Exact_structureO
query_cycle_6_43.graph,3,0.8,2776,334.7999190742821,343.41350103905967,0.025727550916362245,1340,190,1530,Exact_structureO
query_cycle_6_43.graph,4,0.8,2776,334.7999190742821,368.5976319006322,0.10094898744241154,1346,167,1513,Exact_structureO
query_cycle_6_43.graph,5,0.8,2776,334.7999190742821,283.43735157283174,0.15341272376489,1346,181,1527,Exact_structureO
query_cycle_6_44.graph,1,0.01,440,7377.414068124438,3851.779935275081,0.47789565561767094,125,36,161,Exact_structureO
query_cycle_6_44.graph,2,0.01,440,7377.414068124438,4983.948757763976,0.3244314726350928,125,44,169,Exact_structureO
query_cycle_6_44.graph,3,0.01,440,7377.414068124438,0.0,1.0,132,44,176,Exact_structureO
query_cycle_6_44.graph,4,0.01,440,7377.414068124438,6264.0,0.15092199757841457,122,36,158,Exact_structureO
query_cycle_6_44.graph,5,0.01,440,7377.414068124438,6997.100237529691,0.05155110274180857,124,28,152,Exact_structureO
query_cycle_6_44.graph,1,0.05,2203,7377.414068124438,10892.85905399809,0.47651452845283837,302,210,512,Exact_structureO
query_cycle_6_44.graph,2,0.05,2203,7377.414068124438,5724.839502097517,0.22400458355281877,292,222,514,Exact_structureO
query_cycle_6_44.graph,3,0.05,2203,7377.414068124438,7099.612433521721,0.037655692365569315,275,229,504,Exact_structureO
query_cycle_6_44.graph,4,0.05,2203,7377.414068124438,8248.134031175332,0.11802509050061458,314,229,543,Exact_structureO
query_cycle_6_44.graph,5,0.05,2203,7377.414068124438,8632.341442494158,0.17010396363569721,305,195,500,Exact_structureO
query_cycle_6_44.graph,1,0.075,3304,7377.414068124438,10267.861230235376,0.39179679158848907,367,282,649,Exact_structureO
query_cycle_6_44.graph,2,0.075,3304,7377.414068124438,6359.316862824676,0.13800190634529388,368,319,687,Exact_structureO
query_cycle_6_44.graph,3,0.075,3304,7377.414068124438,11548.362719252724,0.5653672970790248,354,313,667,Exact_structureO
query_cycle_6_44.graph,4,0.075,3304,7377.414068124438,8075.076535206196,0.09456734577175836,363,309,672,Exact_structureO
query_cycle_6_44.graph,5,0.075,3304,7377.414068124438,8478.314850765166,0.14922583610934692,375,284,659,Exact_structureO
query_cycle_6_44.graph,1,0.1,4406,7377.414068124438,7869.71917973462,0.06673139220113496,414,373,787,Exact_structureO
query_cycle_6_44.graph,2,0.1,4406,7377.414068124438,6143.2463003396415,0.16729002281670213,415,395,810,Exact_structureO
query_cycle_6_44.graph,3,0.1,4406,7377.414068124438,11068.343083100557,0.5003011869597371,423,397,820,Exact_structureO
query_cycle_6_44.graph,4,0.1,4406,7377.414068124438,7359.003144654087,0.0024955795215425157,417,353,770,Exact_structureO
query_cycle_6_44.graph,5,0.1,4406,7377.414068124438,7880.0701246394165,0.06813445088934378,421,356,777,Exact_structureO
query_cycle_6_44.graph,1,0.125,5507,7377.414068124438,6811.502876869966,0.0767086117206844,457,455,912,Exact_structureO
query_cycle_6_44.graph,2,0.125,5507,7377.414068124438,6520.453935975169,0.11615996123247754,456,453,909,Exact_structureO
query_cycle_6_44.graph,3,0.125,5507,7377.414068124438,9787.831461225293,0.3267293079719539,448,434,882,Exact_structureO
query_cycle_6_44.graph,4,0.125,5507,7377.414068124438,6876.911637155015,0.06784252942124279,464,436,900,Exact_structureO
query_cycle_6_44.graph,5,0.125,5507,7377.414068124438,8686.37786317923,0.17742853836962014,475,417,892,Exact_structureO
query_cycle_6_44.graph,1,0.15,6609,7377.414068124438,7743.98079933988,0.049687699216892985,499,499,998,Exact_structureO
query_cycle_6_44.graph,2,0.15,6609,7377.414068124438,6894.959710933554,0.06539613375849715,504,500,1004,Exact_structureO
query_cycle_6_44.graph,3,0.15,6609,7377.414068124438,8754.640939434985,0.18668151991917128,498,502,1000,Exact_structureO
query_cycle_6_44.graph,4,0.15,6609,7377.414068124438,7934.383275663206,0.07549653610270608,509,489,998,Exact_structureO
query_cycle_6_44.graph,5,0.15,6609,7377.414068124438,8756.73229905127,0.18696500131210553,511,477,988,Exact_structureO
query_cycle_6_44.graph,1,0.2,8812,7377.414068124438,7235.086331865341,0.019292361109843607,568,594,1162,Exact_structureO
query_cycle_6_44.graph,2,0.2,8812,7377.414068124438,6206.532061356354,0.15871171062867537,568,598,1166,Exact_structureO
query_cycle_6_44.graph,3,0.2,8812,7377.414068124438,9041.70273087346,0.225592415903549,568,594,1162,Exact_structureO
query_cycle_6_44.graph,4,0.2,8812,7377.414068124438,7784.537941038106,0.055185173172362115,564,594,1158,Exact_structureO
query_cycle_6_44.graph,5,0.2,8812,7377.414068124438,8492.736080388895,0.1511806172142925,566,592,1158,Exact_structureO
query_cycle_6_44.graph,1,0.3,13218,7377.414068124438,6891.067946735457,0.06592365792376152,687,791,1478,Exact_structureO
query_cycle_6_44.graph,2,0.3,13218,7377.414068124438,7727.6426064441885,0.04747307594309792,697,767,1464,Exact_structureO
query_cycle_6_44.graph,3,0.3,13218,7377.414068124438,8235.366793448464,0.11629450609678783,692,781,1473,Exact_structureO
query_cycle_6_44.graph,4,0.3,13218,7377.414068124438,7067.113443845835,0.042060893073538844,710,775,1485,Exact_structureO
query_cycle_6_44.graph,5,0.3,13218,7377.414068124438,7551.897697205483,0.02365105543349343,707,785,1492,Exact_structureO
query_cycle_6_44.graph,1,0.4,17624,7377.414068124438,7540.277599280298,0.022075964511676774,782,882,1664,Exact_structureO
query_cycle_6_44.graph,2,0.4,17624,7377.414068124438,8279.846496592178,0.12232367874901798,785,858,1643,Exact_structureO
query_cycle_6_44.graph,3,0.4,17624,7377.414068124438,7795.728881133871,0.056702092243519894,766,886,1652,Exact_structureO
query_cycle_6_44.graph,4,0.4,17624,7377.414068124438,7479.352002380249,0.013817569857743807,780,881,1661,Exact_structureO
query_cycle_6_44.graph,5,0.4,17624,7377.414068124438,8104.922475318151,0.09861292865979357,790,884,1674,Exact_structureO
query_cycle_6_44.graph,1,0.5,22030,7377.414068124438,7739.948573806971,0.049141135679090314,846,955,1801,Exact_structureO
query_cycle_6_44.graph,2,0.5,22030,7377.414068124438,8251.198704150738,0.11844050340100304,860,955,1815,Exact_structureO
query_cycle_6_44.graph,3,0.5,22030,7377.414068124438,8030.242360363061,0.08849012488797339,846,996,1842,Exact_structureO
query_cycle_6_44.graph,4,0.5,22030,7377.414068124438,7251.137401154334,0.017116657111020398,845,972,1817,Exact_structureO
query_cycle_6_44.graph,5,0.5,22030,7377.414068124438,8431.616749159128,0.14289596209457442,851,943,1794,Exact_structureO
query_cycle_6_44.graph,1,0.6,26436,7377.414068124438,7446.145571732779,0.009316476338953088,905,1053,1958,Exact_structureO
query_cycle_6_44.graph,2,0.6,26436,7377.414068124438,8064.603529277944,0.09314774185207292,918,1024,1942,Exact_structureO
query_cycle_6_44.graph,3,0.6,26436,7377.414068124438,8129.872323306557,0.1019948518862811,913,1064,1977,Exact_structureO
query_cycle_6_44.graph,4,0.6,26436,7377.414068124438,6902.286805214996,0.06440295454776251,905,1043,1948,Exact_structureO
query_cycle_6_44.graph,5,0.6,26436,7377.414068124438,7511.018330404508,0.018109904235595643,918,1028,1946,Exact_structureO
query_cycle_6_44.graph,1,0.7,30842,7377.414068124438,7193.920589136205,0.024872330235746455,959,1097,2056,Exact_structureO
query_cycle_6_44.graph,2,0.7,30842,7377.414068124438,8092.697251858005,0.0969558136670257,969,1079,2048,Exact_structureO
query_cycle_6_44.graph,3,0.7,30842,7377.414068124438,8312.847912079607,0.12679698269843553,950,1107,2057,Exact_structureO
query_cycle_6_44.graph,4,0.7,30842,7377.414068124438,7059.618000098274,0.04307689186096577,961,1106,2067,Exact_structureO
query_cycle_6_44.graph,5,0.7,30842,7377.414068124438,7688.4517605288775,0.04216080181107615,967,1077,2044,Exact_structureO
query_cycle_6_44.graph,1,0.8,35248,7377.414068124438,7487.280835537859,0.014892314081721689,996,1152,2148,Exact_structureO
query_cycle_6_44.graph,2,0.8,35248,7377.414068124438,7620.321333849704,0.032925800759211116,1003,1132,2135,Exact_structureO
query_cycle_6_44.graph,3,0.8,35248,7377.414068124438,7678.009518715497,0.040745367931812326,991,1156,2147,Exact_structureO
query_cycle_6_44.graph,4,0.8,35248,7377.414068124438,7374.6897883796655,0.0003692729891010573,1001,1138,2139,Exact_structureO
query_cycle_6_44.graph,5,0.8,35248,7377.414068124438,7657.449398230227,0.037958467224408196,1005,1143,2148,Exact_structureO
query_cycle_6_45.graph,1,0.01,71,4376.512916600223,1348.590163934426,0.6918573783207197,61,2,63,Exact_structureO
query_cycle_6_45.graph,2,0.01,71,4376.512916600223,2268.75,0.4816078363679508,61,12,73,Exact_structureO
query_cycle_6_45.graph,3,0.01,71,4376.512916600223,,,55,4,59,Exact_structureO
query_cycle_6_45.graph,4,0.01,71,4376.512916600223,4570.528846153847,0.04433116804424726,61,8,69,Exact_structureO
query_cycle_6_45.graph,5,0.01,71,4376.512916600223,1684.6153846153843,0.6150781645758211,55,5,60,Exact_structureO
query_cycle_6_45.graph,1,0.05,357,4376.512916600223,1566.9102990033227,0.6419728836946893,228,23,251,Exact_structureO
query_cycle_6_45.graph,2,0.05,357,4376.512916600223,4583.415094339623,0.04727557799603743,217,51,268,Exact_structureO
query_cycle_6_45.graph,3,0.05,357,4376.512916600223,6698.8389702170625,0.5306338854406663,213,26,239,Exact_structureO
query_cycle_6_45.graph,4,0.05,357,4376.512916600223,1647.803398058252,0.6234894242381663,236,32,268,Exact_structureO
query_cycle_6_45.graph,5,0.05,357,4376.512916600223,6258.476975945017,0.4300145104579623,220,28,248,Exact_structureO
query_cycle_6_45.graph,1,0.075,535,4376.512916600223,2106.5460060667347,0.5186702184571299,314,48,362,Exact_structureO
query_cycle_6_45.graph,2,0.075,535,4376.512916600223,4740.608800482219,0.08319314733448412,301,63,364,Exact_structureO
query_cycle_6_45.graph,3,0.075,535,4376.512916600223,6131.512351778656,0.4010040570248692,320,46,366,Exact_structureO
query_cycle_6_45.graph,4,0.075,535,4376.512916600223,1902.298424369748,0.5653392413959792,314,45,359,Exact_structureO
query_cycle_6_45.graph,5,0.075,535,4376.512916600223,3255.660187185025,0.2561063455710998,309,51,360,Exact_structureO
query_cycle_6_45.graph,1,0.1,714,4376.512916600223,2319.4526854219953,0.470022657393686,398,78,476,Exact_structureO
query_cycle_6_45.graph,2,0.1,714,4376.512916600223,3713.4950634696756,0.15149454960265385,386,82,468,Exact_structureO
query_cycle_6_45.graph,3,0.1,714,4376.512916600223,4662.978034682083,0.0654551062777148,402,70,472,Exact_structureO
query_cycle_6_45.graph,4,0.1,714,4376.512916600223,1900.246042877179,0.565808194997095,389,58,447,Exact_structureO
query_cycle_6_45.graph,5,0.1,714,4376.512916600223,4120.995215311004,0.05838385631630014,387,68,455,Exact_structureO
query_cycle_6_45.graph,1,0.125,892,4376.512916600223,2481.846262124741,0.4329169570799081,482,88,570,Exact_structureO
query_cycle_6_45.graph,2,0.125,892,4376.512916600223,4452.12934303351,0.0172777797927824,481,104,585,Exact_structureO
query_cycle_6_45.graph,3,0.125,892,4376.512916600223,5659.247858672377,0.2930952030797643,472,84,556,Exact_structureO
query_cycle_6_45.graph,4,0.125,892,4376.512916600223,2205.780814199183,0.49599581762169576,479,89,568,Exact_structureO
query_cycle_6_45.graph,5,0.125,892,4376.512916600223,5332.963675264472,0.21854174245354258,480,102,582,Exact_structureO
query_cycle_6_45.graph,1,0.15,1071,4376.512916600223,3262.9010820496915,0.25445185602596404,541,107,648,Exact_structureO
query_cycle_6_45.graph,2,0.15,1071,4376.512916600223,3687.220030328095,0.15749819534580214,544,129,673,Exact_structureO
query_cycle_6_45.graph,3,0.15,1071,4376.512916600223,4278.27817683427,0.022445892800486523,557,106,663,Exact_structureO
query_cycle_6_45.graph,4,0.15,1071,4376.512916600223,2995.154284127205,0.31562996814964045,550,112,662,Exact_structureO
query_cycle_6_45.graph,5,0.15,1071,4376.512916600223,4866.252918717658,0.11190187518008647,546,127,673,Exact_structureO
query_cycle_6_45.graph,1,0.2,1428,4376.512916600223,2943.0916200564275,0.32752589192797604,684,161,845,Exact_structureO
query_cycle_6_45.graph,2,0.2,1428,4376.512916600223,4452.765038379197,0.01742303135671035,668,162,830,Exact_structureO
query_cycle_6_45.graph,3,0.2,1428,4376.512916600223,4766.378793090963,0.08908139514725719,681,147,828,Exact_structureO
query_cycle_6_45.graph,4,0.2,1428,4376.512916600223,2978.9444444444443,0.31933379354480296,688,153,841,Exact_structureO
query_cycle_6_45.graph,5,0.2,1428,4376.512916600223,5682.419294552478,0.2983897003934158,683,165,848,Exact_structureO
query_cycle_6_45.graph,1,0.3,2142,4376.512916600223,3612.8059225827083,0.17450125443952316,938,278,1216,Exact_structureO
query_cycle_6_45.graph,2,0.3,2142,4376.512916600223,5050.891863650486,0.1540904733748931,953,256,1209,Exact_structureO
query_cycle_6_45.graph,3,0.3,2142,4376.512916600223,4692.630107224798,0.07223037990486308,962,250,1212,Exact_structureO
query_cycle_6_45.graph,4,0.3,2142,4376.512916600223,4288.977390710383,0.020001203597004434,963,251,1214,Exact_structureO
query_cycle_6_45.graph,5,0.3,2142,4376.512916600223,4753.682717668825,0.08618043822925481,952,259,1211,Exact_structureO
query_cycle_6_45.graph,1,0.4,2857,4376.512916600223,4095.760332988154,0.06414983548824175,1176,373,1549,Exact_structureO
query_cycle_6_45.graph,2,0.4,2857,4376.512916600223,5178.48371977176,0.18324424455132782,1179,337,1516,Exact_structureO
query_cycle_6_45.graph,3,0.4,2857,4376.512916600223,4833.843739186316,0.10449662352221686,1161,329,1490,Exact_structureO
query_cycle_6_45.graph,4,0.4,2857,4376.512916600223,4215.9632887700545,0.0366843719851026,1180,320,1500,Exact_structureO
query_cycle_6_45.graph,5,0.4,2857,4376.512916600223,4742.062678616962,0.08352534745874951,1169,353,1522,Exact_structureO
query_cycle_6_45.graph,1,0.5,3571,4376.512916600223,4440.966847894014,0.014727234335197565,1369,443,1812,Exact_structureO
query_cycle_6_45.graph,2,0.5,3571,4376.512916600223,4694.772067375573,0.07271980154981027,1396,401,1797,Exact_structureO
query_cycle_6_45.graph,3,0.5,3571,4376.512916600223,4926.867045558318,0.12575174332756733,1379,419,1798,Exact_structureO
query_cycle_6_45.graph,4,0.5,3571,4376.512916600223,3839.541676136182,0.12269385483298723,1375,401,1776,Exact_structureO
query_cycle_6_45.graph,5,0.5,3571,4376.512916600223,4838.203250946786,0.1054927388870166,1370,425,1795,Exact_structureO
query_cycle_6_45.graph,1,0.6,4285,4376.512916600223,4604.9585138302355,0.05219808591527564,1601,510,2111,Exact_structureO
query_cycle_6_45.graph,2,0.6,4285,4376.512916600223,4472.968482741097,0.022039365124461443,1598,483,2081,Exact_structureO
query_cycle_6_45.graph,3,0.6,4285,4376.512916600223,4647.34431286415,0.06188291944407532,1586,496,2082,Exact_structureO
query_cycle_6_45.graph,4,0.6,4285,4376.512916600223,3991.248596281296,0.08802997447068191,1602,485,2087,Exact_structureO
query_cycle_6_45.graph,5,0.6,4285,4376.512916600223,4715.597371123142,0.07747822546958846,1576,494,2070,Exact_structureO
query_cycle_6_45.graph,1,0.7,5000,4376.512916600223,4768.653505701313,0.08960114972212029,1788,563,2351,Exact_structureO
query_cycle_6_45.graph,2,0.7,5000,4376.512916600223,4545.135192486078,0.03852891082447542,1788,545,2333,Exact_structureO
query_cycle_6_45.graph,3,0.7,5000,4376.512916600223,4495.213116273753,0.02712209513270188,1787,559,2346,Exact_structureO
query_cycle_6_45.graph,4,0.7,5000,4376.512916600223,4541.957644646014,0.037802865248781674,1806,551,2357,Exact_structureO
query_cycle_6_45.graph,5,0.7,5000,4376.512916600223,4447.581793713454,0.016238699272122525,1801,579,2380,Exact_structureO
query_cycle_6_45.graph,1,0.8,5714,4376.512916600223,4455.420617591764,0.01802981106082013,2000,631,2631,Exact_structureO
query_cycle_6_45.graph,2,0.8,5714,4376.512916600223,4419.76848499258,0.00988356922889158,2022,621,2643,Exact_structureO
query_cycle_6_45.graph,3,0.8,5714,4376.512916600223,4708.759667063466,0.07591586196467558,2001,631,2632,Exact_structureO
query_cycle_6_45.graph,4,0.8,5714,4376.512916600223,4305.49130201254,0.016227900143581685,2002,635,2637,Exact_structureO
query_cycle_6_45.graph,5,0.8,5714,4376.512916600223,4321.594826248611,0.012548367021449175,2000,638,2638,Exact_structureO
query_cycle_6_46.graph,1,0.01,83,5335.978723404255,,,45,5,50,Exact_structureO
query_cycle_6_46.graph,2,0.01,83,5335.978723404255,0.0,1.0,37,4,41,Exact_structureO
query_cycle_6_46.graph,3,0.01,83,5335.978723404255,0.0,1.0,43,11,54,Exact_structureO
query_cycle_6_46.graph,4,0.01,83,5335.978723404255,,,45,4,49,Exact_structureO
query_cycle_6_46.graph,5,0.01,83,5335.978723404255,0.0,1.0,40,9,49,Exact_structureO
query_cycle_6_46.graph,1,0.05,419,5335.978723404255,5222.046099290781,0.02135177631307854,128,19,147,Exact_structureO
query_cycle_6_46.graph,2,0.05,419,5335.978723404255,4240.776699029127,0.20524857409409047,118,27,145,Exact_structureO
query_cycle_6_46.graph,3,0.05,419,5335.978723404255,40611.57024793389,6.610894336929527,124,26,150,Exact_structureO
query_cycle_6_46.graph,4,0.05,419,5335.978723404255,17112.30275229358,2.206966076764311,128,24,152,Exact_structureO
query_cycle_6_46.graph,5,0.05,419,5335.978723404255,4940.0,0.07420920208460427,118,30,148,Exact_structureO
query_cycle_6_46.graph,1,0.075,628,5335.978723404255,15644.519512195126,1.9318931583396968,159,26,185,Exact_structureO
query_cycle_6_46.graph,2,0.075,628,5335.978723404255,4387.74681122449,0.17770533979468553,160,35,195,Exact_structureO
query_cycle_6_46.graph,3,0.075,628,5335.978723404255,20996.84210526316,2.9349561146427443,161,39,200,Exact_structureO
query_cycle_6_46.graph,4,0.075,628,5335.978723404255,14984.030487804877,1.8081128626100187,163,36,199,Exact_structureO
query_cycle_6_46.graph,5,0.075,628,5335.978723404255,7410.357815442562,0.388753254007522,152,40,192,Exact_structureO
query_cycle_6_46.graph,1,0.1,838,5335.978723404255,14138.795667870038,1.6497099034251301,191,36,227,Exact_structureO
query_cycle_6_46.graph,2,0.1,838,5335.978723404255,3134.7111181501423,0.4125330552011169,193,46,239,Exact_structureO
query_cycle_6_46.graph,3,0.1,838,5335.978723404255,10568.98395721925,0.980702042694135,186,50,236,Exact_structureO
query_cycle_6_46.graph,4,0.1,838,5335.978723404255,10308.89897260274,0.9319602845091282,191,45,236,Exact_structureO
query_cycle_6_46.graph,5,0.1,838,5335.978723404255,10906.42857142857,1.0439415403947623,189,54,243,Exact_structureO
query_cycle_6_46.graph,1,0.125,1047,5335.978723404255,7463.430379746835,0.3986994264072524,213,52,265,Exact_structureO
query_cycle_6_46.graph,2,0.125,1047,5335.978723404255,3210.026476101218,0.3984184265912363,223,51,274,Exact_structureO
query_cycle_6_46.graph,3,0.125,1047,5335.978723404255,12274.636363636362,1.3003533184640161,209,55,264,Exact_structureO
query_cycle_6_46.graph,4,0.125,1047,5335.978723404255,9036.515580736546,0.6935066740617394,213,54,267,Exact_structureO
query_cycle_6_46.graph,5,0.125,1047,5335.978723404255,8409.008726003492,0.5759074692559308,212,70,282,Exact_structureO
query_cycle_6_46.graph,1,0.15,1257,5335.978723404255,6242.160211985324,0.16982479420437835,243,68,311,Exact_structureO
query_cycle_6_46.graph,2,0.15,1257,5335.978723404255,2946.4884792626726,0.4478073035900586,240,55,295,Exact_structureO
query_cycle_6_46.graph,3,0.15,1257,5335.978723404255,12359.89195736434,1.3163308172786263,246,65,311,Exact_structureO
query_cycle_6_46.graph,4,0.15,1257,5335.978723404255,5171.436426116838,0.030836385566103183,237,67,304,Exact_structureO
query_cycle_6_46.graph,5,0.15,1257,5335.978723404255,7522.4759358288775,0.4097649795405627,241,82,323,Exact_structureO
query_cycle_6_46.graph,1,0.2,1676,5335.978723404255,5533.058857808857,0.03693420544204658,286,79,365,Exact_structureO
query_cycle_6_46.graph,2,0.2,1676,5335.978723404255,2295.016346837242,0.5698977702495289,293,80,373,Exact_structureO
query_cycle_6_46.graph,3,0.2,1676,5335.978723404255,9982.091703056769,0.8707143001290643,288,78,366,Exact_structureO
query_cycle_6_46.graph,4,0.2,1676,5335.978723404255,4987.578514285715,0.06529265335905751,281,84,365,Exact_structureO
query_cycle_6_46.graph,5,0.2,1676,5335.978723404255,6458.227671657202,0.21031735815036634,282,95,377,Exact_structureO
query_cycle_6_46.graph,1,0.3,2514,5335.978723404255,5103.20474074074,0.04362348403724701,390,145,535,Exact_structureO
query_cycle_6_46.graph,2,0.3,2514,5335.978723404255,4003.180620733788,0.24977575282012493,392,125,517,Exact_structureO
query_cycle_6_46.graph,3,0.3,2514,5335.978723404255,5990.728716461204,0.1227047608314358,390,130,520,Exact_structureO
query_cycle_6_46.graph,4,0.3,2514,5335.978723404255,4573.304147926037,0.14293058781007387,395,138,533,Exact_structureO
query_cycle_6_46.graph,5,0.3,2514,5335.978723404255,4248.564501740957,0.20378908500773557,395,153,548,Exact_structureO
query_cycle_6_46.graph,1,0.4,3353,5335.978723404255,4555.88628167299,0.14619481863930314,458,179,637,Exact_structureO
query_cycle_6_46.graph,2,0.4,3353,5335.978723404255,4518.4036183995295,0.1532193337688438,465,171,636,Exact_structureO
query_cycle_6_46.graph,3,0.4,3353,5335.978723404255,5103.455882352941,0.04357641833005069,471,178,649,Exact_structureO
query_cycle_6_46.graph,4,0.4,3353,5335.978723404255,3871.2164263154027,0.27450677242475235,468,186,654,Exact_structureO
query_cycle_6_46.graph,5,0.4,3353,5335.978723404255,2879.761332099908,0.4603124410018873,465,187,652,Exact_structureO
query_cycle_6_46.graph,1,0.5,4191,5335.978723404255,4019.1447490669734,0.2467839627173712,527,218,745,Exact_structureO
query_cycle_6_46.graph,2,0.5,4191,5335.978723404255,5017.665743713215,0.05965409462651718,530,202,732,Exact_structureO
query_cycle_6_46.graph,3,0.5,4191,5335.978723404255,4681.869398285234,0.12258469514693113,532,218,750,Exact_structureO
query_cycle_6_46.graph,4,0.5,4191,5335.978723404255,4917.470845972362,0.07843132424727745,542,231,773,Exact_structureO
query_cycle_6_46.graph,5,0.5,4191,5335.978723404255,2577.817800325692,0.5168987857805601,531,220,751,Exact_structureO
query_cycle_6_46.graph,1,0.6,5029,5335.978723404255,4399.536332902041,0.17549590038559623,594,260,854,Exact_structureO
query_cycle_6_46.graph,2,0.6,5029,5335.978723404255,4690.225640662106,0.12101867646319442,598,247,845,Exact_structureO
query_cycle_6_46.graph,3,0.6,5029,5335.978723404255,4409.984684283727,0.17353780573730648,596,265,861,Exact_structureO
query_cycle_6_46.graph,4,0.6,5029,5335.978723404255,5601.583845692185,0.04977627086910093,584,267,851,Exact_structureO
query_cycle_6_46.graph,5,0.6,5029,5335.978723404255,4669.460544217687,0.12491020180855253,598,267,865,Exact_structureO
query_cycle_6_46.graph,1,0.7,5868,5335.978723404255,4275.540486866629,0.19873359537331253,635,292,927,Exact_structureO
query_cycle_6_46.graph,2,0.7,5868,5335.978723404255,4154.6889067615175,0.22138203277712784,641,288,929,Exact_structureO
query_cycle_6_46.graph,3,0.7,5868,5335.978723404255,5583.150342075157,0.046321702443598,632,289,921,Exact_structureO
query_cycle_6_46.graph,4,0.7,5868,5335.978723404255,5367.6883237267,0.005942602466415941,637,302,939,Exact_structureO
query_cycle_6_46.graph,5,0.7,5868,5335.978723404255,5907.930778101051,0.10718784394475644,646,293,939,Exact_structureO
query_cycle_6_46.graph,1,0.8,6706,5335.978723404255,4952.232288487395,0.07191678505645115,689,320,1009,Exact_structureO
query_cycle_6_46.graph,2,0.8,6706,5335.978723404255,3911.6429272074756,0.26693056138876053,689,310,999,Exact_structureO
query_cycle_6_46.graph,3,0.8,6706,5335.978723404255,5898.456885660648,0.10541236976626149,678,334,1012,Exact_structureO
query_cycle_6_46.graph,4,0.8,6706,5335.978723404255,6528.953810017235,0.22357193468190667,684,332,1016,Exact_structureO
query_cycle_6_46.graph,5,0.8,6706,5335.978723404255,5966.5083240295735,0.11816568867858084,690,323,1013,Exact_structureO
query_cycle_6_48.graph,1,0.01,26,579.1980198019802,0.0,1.0,28,3,31,Exact_structureO
query_cycle_6_48.graph,2,0.01,26,579.1980198019802,13.500000000000002,0.9766919092634062,27,2,29,Exact_structureO
query_cycle_6_48.graph,3,0.01,26,579.1980198019802,6.24,0.9892264825039744,25,1,26,Exact_structureO
query_cycle_6_48.graph,4,0.01,26,579.1980198019802,23.833333333333336,0.95885114845268,26,3,29,Exact_structureO
query_cycle_6_48.graph,5,0.01,26,579.1980198019802,,,28,1,29,Exact_structureO
query_cycle_6_48.graph,1,0.05,131,579.1980198019802,132.95172413793105,0.7704554926078901,136,7,143,Exact_structureO
query_cycle_6_48.graph,2,0.05,131,579.1980198019802,459.0,0.2075249149558112,127,5,132,Exact_structureO
query_cycle_6_48.graph,3,0.05,131,579.1980198019802,109.15172413793103,0.8115467933138851,125,7,132,Exact_structureO
query_cycle_6_48.graph,4,0.05,131,579.1980198019802,976.9806201550388,0.6867816994420232,130,10,140,Exact_structureO
query_cycle_6_48.graph,5,0.05,131,579.1980198019802,26.68531468531468,0.9539271306651946,126,5,131,Exact_structureO
query_cycle_6_48.graph,1,0.075,196,579.1980198019802,127.13513513513513,0.7804979803304561,189,7,196,Exact_structureO
query_cycle_6_48.graph,2,0.075,196,579.1980198019802,675.368992248062,0.1660416112592397,190,7,197,Exact_structureO
query_cycle_6_48.graph,3,0.075,196,579.1980198019802,70.45569620253167,0.8783564622223338,194,11,205,Exact_structureO
query_cycle_6_48.graph,4,0.075,196,579.1980198019802,712.1682692307693,0.22957649177434997,185,13,198,Exact_structureO
query_cycle_6_48.graph,5,0.075,196,579.1980198019802,663.4197530864196,0.14541094825088263,191,8,199,Exact_structureO
query_cycle_6_48.graph,1,0.1,262,579.1980198019802,1036.9032258064515,0.7902395905306348,240,10,250,Exact_structureO
query_cycle_6_48.graph,2,0.1,262,579.1980198019802,480.9931740614335,0.16955314483658213,248,9,257,Exact_structureO
query_cycle_6_48.graph,3,0.1,262,579.1980198019802,61.575091575091584,0.8936890502558291,241,15,256,Exact_structureO
query_cycle_6_48.graph,4,0.1,262,579.1980198019802,537.3505582137161,0.0722506986515098,237,16,253,Exact_structureO
query_cycle_6_48.graph,5,0.1,262,579.1980198019802,629.6991341991342,0.08719144864207168,246,9,255,Exact_structureO
query_cycle_6_48.graph,1,0.125,328,579.1980198019802,793.0441988950276,0.36921082562775076,298,12,310,Exact_structureO
query_cycle_6_48.graph,2,0.125,328,579.1980198019802,570.9090909090909,0.014311044944047266,297,10,307,Exact_structureO
query_cycle_6_48.graph,3,0.125,328,579.1980198019802,62.20802919708029,0.8925962674762798,295,16,311,Exact_structureO
query_cycle_6_48.graph,4,0.125,328,579.1980198019802,635.6399739583333,0.09744845843162549,292,18,310,Exact_structureO
query_cycle_6_48.graph,5,0.125,328,579.1980198019802,425.72351421188637,0.2649776075590946,292,12,304,Exact_structureO
query_cycle_6_48.graph,1,0.15,393,579.1980198019802,755.8245033112582,0.30495008178664734,339,13,352,Exact_structureO
query_cycle_6_48.graph,2,0.15,393,579.1980198019802,528.0017580872012,0.08839163803129417,339,10,349,Exact_structureO
query_cycle_6_48.graph,3,0.15,393,579.1980198019802,62.734725050916495,0.8916869137909611,342,17,359,Exact_structureO
query_cycle_6_48.graph,4,0.15,393,579.1980198019802,576.3420357876211,0.004930928485106974,347,21,368,Exact_structureO
query_cycle_6_48.graph,5,0.15,393,579.1980198019802,346.08598937583,0.4024738042195793,343,13,356,Exact_structureO
query_cycle_6_48.graph,1,0.2,525,579.1980198019802,549.983922829582,0.05043887577928208,433,20,453,Exact_structureO
query_cycle_6_48.graph,2,0.2,525,579.1980198019802,440.2485436893204,0.2398997775582256,435,16,451,Exact_structureO
query_cycle_6_48.graph,3,0.2,525,579.1980198019802,425.3491827637444,0.265623900252343,434,21,455,Exact_structureO
query_cycle_6_48.graph,4,0.2,525,579.1980198019802,444.60994247445694,0.23236971247508245,439,29,468,Exact_structureO
query_cycle_6_48.graph,5,0.2,525,579.1980198019802,518.2472613458528,0.10523302285626869,436,16,452,Exact_structureO
query_cycle_6_48.graph,1,0.3,787,579.1980198019802,620.0923923006416,0.07060516628258258,629,32,661,Exact_structureO
query_cycle_6_48.graph,2,0.3,787,579.1980198019802,712.4083923560069,0.22999107041071973,631,26,657,Exact_structureO
query_cycle_6_48.graph,3,0.3,787,579.1980198019802,442.5614574187884,0.23590647362694014,631,30,661,Exact_structureO
query_cycle_6_48.graph,4,0.3,787,579.1980198019802,573.8488018006091,0.009235559892279935,624,41,665,Exact_structureO
query_cycle_6_48.graph,5,0.3,787,579.1980198019802,580.2511474469305,0.001818251459682798,638,25,663,Exact_structureO
query_cycle_6_48.graph,1,0.4,1050,579.1980198019802,728.735767991407,0.2581806965440795,818,42,860,Exact_structureO
query_cycle_6_48.graph,2,0.4,1050,579.1980198019802,801.3268666817055,0.3835110606138952,808,46,854,Exact_structureO
query_cycle_6_48.graph,3,0.4,1050,579.1980198019802,464.27031270024355,0.19842558705747793,814,45,859,Exact_structureO
query_cycle_6_48.graph,4,0.4,1050,579.1980198019802,435.6429875662986,0.24785138644769728,801,52,853,Exact_structureO
query_cycle_6_48.graph,5,0.4,1050,579.1980198019802,534.0026523226414,0.07803094267275021,816,40,856,Exact_structureO
query_cycle_6_48.graph,1,0.5,1313,579.1980198019802,650.8147470735785,0.123648087222541,987,59,1046,Exact_structureO
query_cycle_6_48.graph,2,0.5,1313,579.1980198019802,802.562422307,0.3856442785860784,980,60,1040,Exact_structureO
query_cycle_6_48.graph,3,0.5,1313,579.1980198019802,438.3361410601977,0.2432015889659658,982,59,1041,Exact_structureO
query_cycle_6_48.graph,4,0.5,1313,579.1980198019802,460.0860769629316,0.2056497756670013,991,64,1055,Exact_structureO
query_cycle_6_48.graph,5,0.5,1313,579.1980198019802,770.1192692374401,0.3296303559544856,983,50,1033,Exact_structureO
query_cycle_6_48.graph,1,0.6,1575,579.1980198019802,717.4525083463603,0.2386998639802799,1162,72,1234,Exact_structureO
query_cycle_6_48.graph,2,0.6,1575,579.1980198019802,638.0942585201105,0.10168584267305707,1152,70,1222,Exact_structureO
query_cycle_6_48.graph,3,0.6,1575,579.1980198019802,527.5330702681283,0.08920083938048583,1162,72,1234,Exact_structureO
query_cycle_6_48.graph,4,0.6,1575,579.1980198019802,395.5389835658758,0.3170919615693694,1157,73,1230,Exact_structureO
query_cycle_6_48.graph,5,0.6,1575,579.1980198019802,682.5536453573598,0.17844609619127397,1169,62,1231,Exact_structureO
query_cycle_6_48.graph,1,0.7,1838,579.1980198019802,648.358145149509,0.11940670199662237,1346,91,1437,Exact_structureO
query_cycle_6_48.graph,2,0.7,1838,579.1980198019802,731.8874395933431,0.26362213711221816,1336,83,1419,Exact_structureO
query_cycle_6_48.graph,3,0.7,1838,579.1980198019802,553.1755692965363,0.04492841759773385,1337,87,1424,Exact_structureO
query_cycle_6_48.graph,4,0.7,1838,579.1980198019802,414.85566756823215,0.2837412190910708,1333,86,1419,Exact_structureO
query_cycle_6_48.graph,5,0.7,1838,579.1980198019802,554.6929895245769,0.0423085532747181,1344,80,1424,Exact_structureO
query_cycle_6_48.graph,1,0.8,2100,579.1980198019802,799.7448407030635,0.3807796528318332,1524,104,1628,Exact_structureO
query_cycle_6_48.graph,2,0.8,2100,579.1980198019802,708.7926746349842,0.22374844250557116,1520,100,1620,Exact_structureO
query_cycle_6_48.graph,3,0.8,2100,579.1980198019802,512.0975852930255,0.115850593777747,1503,108,1611,Exact_structureO
query_cycle_6_48.graph,4,0.8,2100,579.1980198019802,425.74890687864104,0.2649337664790382,1518,99,1617,Exact_structureO
query_cycle_6_48.graph,5,0.8,2100,579.1980198019802,552.9968574336577,0.045236968139636034,1522,95,1617,Exact_structureO
query_cycle_6_6.graph,1,0.01,210,1160.0396809571287,462.4425287356322,0.6013562843349644,76,7,83,Exact_structureO
query_cycle_6_6.graph,2,0.01,210,1160.0396809571287,230.2922374429224,0.8014790000520393,82,6,88,Exact_structureO
query_cycle_6_6.graph,3,0.01,210,1160.0396809571287,11883.7037037037,9.244221726879776,68,5,73,Exact_structureO
query_cycle_6_6.graph,4,0.01,210,1160.0396809571287,198.65940594059407,0.8287477495798389,78,7,85,Exact_structureO
query_cycle_6_6.graph,5,0.01,210,1160.0396809571287,,,77,2,79,Exact_structureO
query_cycle_6_6.graph,1,0.05,1052,1160.0396809571287,801.3393213572855,0.30921387042888543,209,33,242,Exact_structureO
query_cycle_6_6.graph,2,0.05,1052,1160.0396809571287,402.45569188820724,0.6530673058044463,213,20,233,Exact_structureO
query_cycle_6_6.graph,3,0.05,1052,1160.0396809571287,2228.025806451613,0.9206462011827969,219,24,243,Exact_structureO
query_cycle_6_6.graph,4,0.05,1052,1160.0396809571287,280.9397094430993,0.7578188797720258,221,20,241,Exact_structureO
query_cycle_6_6.graph,5,0.05,1052,1160.0396809571287,72.70661157024794,0.9373240305794893,219,21,240,Exact_structureO
query_cycle_6_6.graph,1,0.075,1578,1160.0396809571287,728.7702127659575,0.3717713068533468,289,50,339,Exact_structureO
query_cycle_6_6.graph,2,0.075,1578,1160.0396809571287,416.1533218715461,0.6412594080159524,290,38,328,Exact_structureO
query_cycle_6_6.graph,3,0.075,1578,1160.0396809571287,2624.3187189431587,1.2622663362497037,296,45,341,Exact_structureO
query_cycle_6_6.graph,4,0.075,1578,1160.0396809571287,699.1897538413295,0.3972708301974289,302,35,337,Exact_structureO
query_cycle_6_6.graph,5,0.075,1578,1160.0396809571287,1652.8077211394304,0.42478550369563856,305,41,346,Exact_structureO
query_cycle_6_6.graph,1,0.1,2105,1160.0396809571287,644.9854479129762,0.44399708173705765,362,75,437,Exact_structureO
query_cycle_6_6.graph,2,0.1,2105,1160.0396809571287,588.9969656102495,0.49226136374552437,353,48,401,Exact_structureO
query_cycle_6_6.graph,3,0.1,2105,1160.0396809571287,2157.117348117348,0.8595203108375978,360,59,419,Exact_structureO
query_cycle_6_6.graph,4,0.1,2105,1160.0396809571287,597.5432598776132,0.48489412070405163,374,47,421,Exact_structureO
query_cycle_6_6.graph,5,0.1,2105,1160.0396809571287,1132.7075517150274,0.02356137440018429,363,62,425,Exact_structureO
query_cycle_6_6.graph,1,0.125,2631,1160.0396809571287,628.6866379187252,0.45804729938202915,420,93,513,Exact_structureO
query_cycle_6_6.graph,2,0.125,2631,1160.0396809571287,548.9220418159158,0.5268075300984448,422,66,488,Exact_structureO
query_cycle_6_6.graph,3,0.125,2631,1160.0396809571287,1915.7474736842105,0.6514499504909698,426,87,513,Exact_structureO
query_cycle_6_6.graph,4,0.125,2631,1160.0396809571287,538.310524822695,0.5359550766586326,427,69,496,Exact_structureO
query_cycle_6_6.graph,5,0.125,2631,1160.0396809571287,1147.374113311838,0.010918219310257087,421,85,506,Exact_structureO
query_cycle_6_6.graph,1,0.15,3157,1160.0396809571287,980.6557591925083,0.15463602212004834,466,112,578,Exact_structureO
query_cycle_6_6.graph,2,0.15,3157,1160.0396809571287,583.8126484884721,0.4967304497663577,472,84,556,Exact_structureO
query_cycle_6_6.graph,3,0.15,3157,1160.0396809571287,1947.1295685600116,0.6785025551483452,471,101,572,Exact_structureO
query_cycle_6_6.graph,4,0.15,3157,1160.0396809571287,456.84554944811384,0.6061811014333764,475,88,563,Exact_structureO
query_cycle_6_6.graph,5,0.15,3157,1160.0396809571287,1027.4195972773682,0.11432374758968411,474,109,583,Exact_structureO
query_cycle_6_6.graph,1,0.2,4210,1160.0396809571287,1405.2037484329924,0.21134110453323723,539,153,692,Exact_structureO
query_cycle_6_6.graph,2,0.2,4210,1160.0396809571287,715.4863391567056,0.3832225303134715,547,125,672,Exact_structureO
query_cycle_6_6.graph,3,0.2,4210,1160.0396809571287,1774.4509360360528,0.5296467570591931,535,141,676,Exact_structureO
query_cycle_6_6.graph,4,0.2,4210,1160.0396809571287,1145.6438071044315,0.012409811568531314,548,117,665,Exact_structureO
query_cycle_6_6.graph,5,0.2,4210,1160.0396809571287,1279.8111356820166,0.10324772220383578,548,138,686,Exact_structureO
query_cycle_6_6.graph,1,0.3,6315,1160.0396809571287,1314.127589706217,0.13282986028715238,748,312,1060,Exact_structureO
query_cycle_6_6.graph,2,0.3,6315,1160.0396809571287,717.9693922423132,0.38108204052991607,751,291,1042,Exact_structureO
query_cycle_6_6.graph,3,0.3,6315,1160.0396809571287,1604.4120263011775,0.3830665042228598,754,314,1068,Exact_structureO
query_cycle_6_6.graph,4,0.3,6315,1160.0396809571287,1166.1069931370228,0.005230262619023561,762,279,1041,Exact_structureO
query_cycle_6_6.graph,5,0.3,6315,1160.0396809571287,1397.3540214572204,0.20457432999558062,762,292,1054,Exact_structureO
query_cycle_6_6.graph,1,0.4,8421,1160.0396809571287,1212.3542427838843,0.045097217522414204,834,394,1228,Exact_structureO
query_cycle_6_6.graph,2,0.4,8421,1160.0396809571287,839.4383892045455,0.2763709699034266,838,385,1223,Exact_structureO
query_cycle_6_6.graph,3,0.4,8421,1160.0396809571287,1407.935217810839,0.2136957389674602,827,398,1225,Exact_structureO
query_cycle_6_6.graph,4,0.4,8421,1160.0396809571287,1190.5795958906504,0.0263266123002997,848,370,1218,Exact_structureO
query_cycle_6_6.graph,5,0.4,8421,1160.0396809571287,1309.7739040241945,0.12907681135831725,839,385,1224,Exact_structureO
query_cycle_6_6.graph,1,0.5,10526,1160.0396809571287,1196.6358939614574,0.031547380322485066,889,456,1345,Exact_structureO
query_cycle_6_6.graph,2,0.5,10526,1160.0396809571287,1070.9783557046978,0.07677437825139558,893,473,1366,Exact_structureO
query_cycle_6_6.graph,3,0.5,10526,1160.0396809571287,1410.4694409109884,0.21588033932359493,890,465,1355,Exact_structureO
query_cycle_6_6.graph,4,0.5,10526,1160.0396809571287,1149.7862123030502,0.008838894757133222,897,428,1325,Exact_structureO
query_cycle_6_6.graph,5,0.5,10526,1160.0396809571287,1374.2327523757322,0.18464288328643766,888,434,1322,Exact_structureO
query_cycle_6_6.graph,1,0.6,12631,1160.0396809571287,1094.8062476620603,0.05623379472781949,945,515,1460,Exact_structureO
query_cycle_6_6.graph,2,0.6,12631,1160.0396809571287,1025.8229574259171,0.11570011417236317,935,518,1453,Exact_structureO
query_cycle_6_6.graph,3,0.6,12631,1160.0396809571287,1435.0423948794069,0.2370631957135968,933,535,1468,Exact_structureO
query_cycle_6_6.graph,4,0.6,12631,1160.0396809571287,1132.5038825800507,0.023736945234803235,938,506,1444,Exact_structureO
query_cycle_6_6.graph,5,0.6,12631,1160.0396809571287,1309.5789790727267,0.12890877835507814,939,511,1450,Exact_structureO
query_cycle_6_6.graph,1,0.7,14737,1160.0396809571287,1091.5903162578659,0.05900605455391526,975,550,1525,Exact_structureO
query_cycle_6_6.graph,2,0.7,14737,1160.0396809571287,982.8058849545804,0.15278252883238938,959,551,1510,Exact_structureO
query_cycle_6_6.graph,3,0.7,14737,1160.0396809571287,1305.6718757951714,0.1255407010886767,959,580,1539,Exact_structureO
query_cycle_6_6.graph,4,0.7,14737,1160.0396809571287,1095.946235011392,0.05525108062928872,965,552,1517,Exact_structureO
query_cycle_6_6.graph,5,0.7,14737,1160.0396809571287,1290.0521949955823,0.11207591961956215,977,568,1545,Exact_structureO
query_cycle_6_6.graph,1,0.8,16842,1160.0396809571287,1114.2853642048337,0.03944202728870777,1001,578,1579,Exact_structureO
query_cycle_6_6.graph,2,0.8,16842,1160.0396809571287,979.9799947772569,0.15521855772322168,1002,603,1605,Exact_structureO
query_cycle_6_6.graph,3,0.8,16842,1160.0396809571287,1266.122861516196,0.09144788949938332,989,625,1614,Exact_structureO
query_cycle_6_6.graph,4,0.8,16842,1160.0396809571287,1062.8435371596413,0.08378691297636691,995,593,1588,Exact_structureO
query_cycle_6_6.graph,5,0.8,16842,1160.0396809571287,1304.7988562758385,0.12478812379872345,1004,602,1606,Exact_structureO
query_cycle_6_7.graph,1,0.01,271,1996.6035923704253,3122.5957894736853,0.5639538070581399,138,8,146,Exact_structureO
query_cycle_6_7.graph,2,0.01,271,1996.6035923704253,330.4347826086956,0.8345015586111443,145,10,155,Exact_structureO
query_cycle_6_7.graph,3,0.01,271,1996.6035923704253,422.25038090401216,0.7885156660453043,139,13,152,Exact_structureO
query_cycle_6_7.graph,4,0.01,271,1996.6035923704253,344.86111111111114,0.8272761240994854,143,8,151,Exact_structureO
query_cycle_6_7.graph,5,0.01,271,1996.6035923704253,1922.859722222222,0.03693465765062181,144,15,159,Exact_structureO
query_cycle_6_7.graph,1,0.05,1359,1996.6035923704253,1573.880894308943,0.21172089426104546,420,47,467,Exact_structureO
query_cycle_6_7.graph,2,0.05,1359,1996.6035923704253,1247.1990521327014,0.3753396733840438,405,53,458,Exact_structureO
query_cycle_6_7.graph,3,0.05,1359,1996.6035923704253,3230.462093862816,0.6179787045397019,419,63,482,Exact_structureO
query_cycle_6_7.graph,4,0.05,1359,1996.6035923704253,1075.2244897959183,0.461473226881566,435,70,505,Exact_structureO
query_cycle_6_7.graph,5,0.05,1359,1996.6035923704253,1803.4598723210215,0.09673613770277655,408,65,473,Exact_structureO
query_cycle_6_7.graph,1,0.075,2038,1996.6035923704253,2044.8067851748579,0.024142595449908176,543,76,619,Exact_structureO
query_cycle_6_7.graph,2,0.075,2038,1996.6035923704253,1251.3844265887508,0.3732434263012263,542,78,620,Exact_structureO
query_cycle_6_7.graph,3,0.075,2038,1996.6035923704253,2032.1225710014946,0.01778969985168672,528,93,621,Exact_structureO
query_cycle_6_7.graph,4,0.075,2038,1996.6035923704253,1486.3593227212816,0.25555612120449356,524,90,614,Exact_structureO
query_cycle_6_7.graph,5,0.075,2038,1996.6035923704253,2021.6390170028221,0.012539006104198204,533,93,626,Exact_structureO
query_cycle_6_7.graph,1,0.1,2718,1996.6035923704253,1872.9760145504154,0.06191893988993365,659,110,769,Exact_structureO
query_cycle_6_7.graph,2,0.1,2718,1996.6035923704253,1917.8765486101313,0.03943048287658693,653,118,771,Exact_structureO
query_cycle_6_7.graph,3,0.1,2718,1996.6035923704253,1833.0340314136126,0.08192390396464136,637,122,759,Exact_structureO
query_cycle_6_7.graph,4,0.1,2718,1996.6035923704253,1750.9551437807688,0.12303315967593526,650,133,783,Exact_structureO
query_cycle_6_7.graph,5,0.1,2718,1996.6035923704253,1758.0124196597355,0.11949851919650582,644,120,764,Exact_structureO
query_cycle_6_7.graph,1,0.125,3397,1996.6035923704253,1920.0660736975856,0.03833385804037955,765,155,920,Exact_structureO
query_cycle_6_7.graph,2,0.125,3397,1996.6035923704253,2109.883435884628,0.0567362715098161,747,164,911,Exact_structureO
query_cycle_6_7.graph,3,0.125,3397,1996.6035923704253,1775.8133497301358,0.11058291364594862,760,172,932,Exact_structureO
query_cycle_6_7.graph,4,0.125,3397,1996.6035923704253,1818.2029752066117,0.08935204656824808,746,171,917,Exact_structureO
query_cycle_6_7.graph,5,0.125,3397,1996.6035923704253,1775.873304998988,0.11055288501678989,750,154,904,Exact_structureO
query_cycle_6_7.graph,1,0.15,4077,1996.6035923704253,1871.3655811730744,0.06272552632676813,848,190,1038,Exact_structureO
query_cycle_6_7.graph,2,0.15,4077,1996.6035923704253,2026.528450614632,0.014987881599811726,859,200,1059,Exact_structureO
query_cycle_6_7.graph,3,0.15,4077,1996.6035923704253,1719.0539435602243,0.13901089323428797,833,216,1049,Exact_structureO
query_cycle_6_7.graph,4,0.15,4077,1996.6035923704253,1882.9654158869118,0.05691574277325573,851,216,1067,Exact_structureO
query_cycle_6_7.graph,5,0.15,4077,1996.6035923704253,1919.9025581273565,0.038415754903058694,852,191,1043,Exact_structureO
query_cycle_6_7.graph,1,0.2,5436,1996.6035923704253,1722.8251065770876,0.13712210417707404,1021,285,1306,Exact_structureO
query_cycle_6_7.graph,2,0.2,5436,1996.6035923704253,1592.1601387990754,0.2025657246720582,1022,286,1308,Exact_structureO
query_cycle_6_7.graph,3,0.2,5436,1996.6035923704253,1704.541067761807,0.14627967500643094,1028,285,1313,Exact_structureO
query_cycle_6_7.graph,4,0.2,5436,1996.6035923704253,1635.1587231308297,0.18102986021901216,1031,289,1320,Exact_structureO
query_cycle_6_7.graph,5,0.2,5436,1996.6035923704253,1712.873086493197,0.1421065788729626,1021,278,1299,Exact_structureO
query_cycle_6_7.graph,1,0.3,8154,1996.6035923704253,1806.232129615898,0.09534765112213028,1446,583,2029,Exact_structureO
query_cycle_6_7.graph,2,0.3,8154,1996.6035923704253,1906.9317013511413,0.044912215605513825,1438,562,2000,Exact_structureO
query_cycle_6_7.graph,3,0.3,8154,1996.6035923704253,1699.9878626949835,0.14856015025160355,1420,551,1971,Exact_structureO
query_cycle_6_7.graph,4,0.3,8154,1996.6035923704253,1723.9044457628386,0.1365815165562386,1448,569,2017,Exact_structureO
query_cycle_6_7.graph,5,0.3,8154,1996.6035923704253,2048.9299206371807,0.026207670098716006,1421,556,1977,Exact_structureO
query_cycle_6_7.graph,1,0.4,10872,1996.6035923704253,1753.4499115140868,0.12178365389379042,1639,721,2360,Exact_structureO
query_cycle_6_7.graph,2,0.4,10872,1996.6035923704253,1907.3500709481075,0.04470267496431451,1660,766,2426,Exact_structureO
query_cycle_6_7.graph,3,0.4,10872,1996.6035923704253,1721.0807166089114,0.13799578284560993,1660,763,2423,Exact_structureO
query_cycle_6_7.graph,4,0.4,10872,1996.6035923704253,1767.4284602132207,0.11478249014123094,1663,750,2413,Exact_structureO
query_cycle_6_7.graph,5,0.4,10872,1996.6035923704253,1839.5250063715598,0.0786728956108795,1661,755,2416,Exact_structureO
query_cycle_6_7.graph,1,0.5,13590,1996.6035923704253,1816.8547832900992,0.09002728922616186,1814,887,2701,Exact_structureO
query_cycle_6_7.graph,2,0.5,13590,1996.6035923704253,1995.5588875242468,0.0005232409929395366,1800,893,2693,Exact_structureO
query_cycle_6_7.graph,3,0.5,13590,1996.6035923704253,1943.4244488560469,0.02663480308138814,1810,861,2671,Exact_structureO
query_cycle_6_7.graph,4,0.5,13590,1996.6035923704253,1713.3048299979027,0.14189033990276562,1827,890,2717,Exact_structureO
query_cycle_6_7.graph,5,0.5,13590,1996.6035923704253,1864.4410464422022,0.06619368332965682,1804,880,2684,Exact_structureO
query_cycle_6_7.graph,1,0.6,16308,1996.6035923704253,1937.3995243373545,0.029652389818041972,1955,1019,2974,Exact_structureO
query_cycle_6_7.graph,2,0.6,16308,1996.6035923704253,2034.710375518547,0.019085803157791653,1937,1016,2953,Exact_structureO
query_cycle_6_7.graph,3,0.6,16308,1996.6035923704253,1854.4291247891279,0.07120815975919578,1968,1016,2984,Exact_structureO
query_cycle_6_7.graph,4,0.6,16308,1996.6035923704253,1791.1124100255022,0.10292037093900952,1970,999,2969,Exact_structureO
query_cycle_6_7.graph,5,0.6,16308,1996.6035923704253,1935.8441820372861,0.030431383858727727,1958,1017,2975,Exact_structureO
query_cycle_6_7.graph,1,0.7,19026,1996.6035923704253,1941.6211214480795,0.02753800059884146,2067,1113,3180,Exact_structureO
query_cycle_6_7.graph,2,0.7,19026,1996.6035923704253,1972.9858839771452,0.011828942151326308,2040,1091,3131,Exact_structureO
query_cycle_6_7.graph,3,0.7,19026,1996.6035923704253,1859.052079049041,0.06889275059255967,2079,1137,3216,Exact_structureO
query_cycle_6_7.graph,4,0.7,19026,1996.6035923704253,1703.2830776521682,0.14690974004009405,2071,1108,3179,Exact_structureO
query_cycle_6_7.graph,5,0.7,19026,1996.6035923704253,1874.917581952351,0.06094650479597968,2074,1113,3187,Exact_structureO
query_cycle_6_7.graph,1,0.8,21744,1996.6035923704253,1981.1384574942538,0.0077457212514632804,2161,1214,3375,Exact_structureO
query_cycle_6_7.graph,2,0.8,21744,1996.6035923704253,1996.8247820085207,0.0001107829510778531,2168,1202,3370,Exact_structureO
query_cycle_6_7.graph,3,0.8,21744,1996.6035923704253,1824.6534607359004,0.08612131736694954,2176,1235,3411,Exact_structureO
query_cycle_6_7.graph,4,0.8,21744,1996.6035923704253,1680.2185611391374,0.1584616157359842,2170,1207,3377,Exact_structureO
query_cycle_6_7.graph,5,0.8,21744,1996.6035923704253,1970.5857320004143,0.01303105958009515,2168,1196,3364,Exact_structureO
query_cycle_6_8.graph,1,0.01,57,2742.9429217840984,3668.9655172413795,0.3376018465797918,49,2,51,Exact_structureO
query_cycle_6_8.graph,2,0.01,57,2742.9429217840984,3790.9285714285716,0.38206615286140533,50,6,56,Exact_structureO
query_cycle_6_8.graph,3,0.01,57,2742.9429217840984,213.22012578616352,0.9222659268288826,46,4,50,Exact_structureO
query_cycle_6_8.graph,4,0.01,57,2742.9429217840984,7565.217391304347,1.7580659193533952,53,3,56,Exact_structureO
query_cycle_6_8.graph,5,0.01,57,2742.9429217840984,4052.4249999999997,0.4774004110024178,49,6,55,Exact_structureO
query_cycle_6_8.graph,1,0.05,286,2742.9429217840984,1984.8024948024947,0.27639672009233235,180,20,200,Exact_structureO
query_cycle_6_8.graph,2,0.05,286,2742.9429217840984,1391.4912587412587,0.49270134362249585,187,20,207,Exact_structureO
query_cycle_6_8.graph,3,0.05,286,2742.9429217840984,944.1819389110226,0.6557777664958131,184,23,207,Exact_structureO
query_cycle_6_8.graph,4,0.05,286,2742.9429217840984,4196.275584795322,0.5298442966016695,189,24,213,Exact_structureO
query_cycle_6_8.graph,5,0.05,286,2742.9429217840984,2250.077166350411,0.1796850206103128,191,26,217,Exact_structureO
query_cycle_6_8.graph,1,0.075,429,2742.9429217840984,1416.0854785478548,0.48373498139480525,264,32,296,Exact_structureO
query_cycle_6_8.graph,2,0.075,429,2742.9429217840984,2920.76795380729,0.06483001545928206,263,28,291,Exact_structureO
query_cycle_6_8.graph,3,0.075,429,2742.9429217840984,1984.943448275862,0.27634533241224324,265,41,306,Exact_structureO
query_cycle_6_8.graph,4,0.075,429,2742.9429217840984,4266.443261771604,0.555425462151641,255,34,289,Exact_structureO
query_cycle_6_8.graph,5,0.075,429,2742.9429217840984,1574.7553145336226,0.42588841276020756,251,37,288,Exact_structureO
query_cycle_6_8.graph,1,0.1,573,2742.9429217840984,1252.329313543599,0.5434358828257921,338,49,387,Exact_structureO
query_cycle_6_8.graph,2,0.1,573,2742.9429217840984,1939.277030393622,0.2929940266010881,339,45,384,Exact_structureO
query_cycle_6_8.graph,3,0.1,573,2742.9429217840984,2232.914105916966,0.18594219070931056,322,50,372,Exact_structureO
query_cycle_6_8.graph,4,0.1,573,2742.9429217840984,4278.222763237979,0.5597199377576859,341,45,386,Exact_structureO
query_cycle_6_8.graph,5,0.1,573,2742.9429217840984,2524.8724385795517,0.07950237734539027,349,48,397,Exact_structureO
query_cycle_6_8.graph,1,0.125,716,2742.9429217840984,1741.2033585858587,0.3652061277843419,425,57,482,Exact_structureO
query_cycle_6_8.graph,2,0.125,716,2742.9429217840984,3346.8531652219594,0.22016872412534869,414,56,470,Exact_structureO
query_cycle_6_8.graph,3,0.125,716,2742.9429217840984,3158.1846875578694,0.15138549274065258,415,63,478,Exact_structureO
query_cycle_6_8.graph,4,0.125,716,2742.9429217840984,3718.225837154971,0.3555607765751528,417,60,477,Exact_structureO
query_cycle_6_8.graph,5,0.125,716,2742.9429217840984,3192.868008705114,0.16403005813492091,413,59,472,Exact_structureO
query_cycle_6_8.graph,1,0.15,859,2742.9429217840984,1357.1267242074696,0.5052296883652428,481,64,545,Exact_structureO
query_cycle_6_8.graph,2,0.15,859,2742.9429217840984,3807.2049773755652,0.3880000736213776,484,66,550,Exact_structureO
query_cycle_6_8.graph,3,0.15,859,2742.9429217840984,3076.8433710538975,0.12173073184206819,475,78,553,Exact_structureO
query_cycle_6_8.graph,4,0.15,859,2742.9429217840984,2944.375671178357,0.07343672658825885,484,75,559,Exact_structureO
query_cycle_6_8.graph,5,0.15,859,2742.9429217840984,3165.4931722689084,0.15404996113078784,485,73,558,Exact_structureO
query_cycle_6_8.graph,1,0.2,1146,2742.9429217840984,1441.5591764557284,0.47444798613669587,605,95,700,Exact_structureO
query_cycle_6_8.graph,2,0.2,1146,2742.9429217840984,4139.075334333209,0.5089906907873318,617,91,708,Exact_structureO
query_cycle_6_8.graph,3,0.2,1146,2742.9429217840984,2726.8340188300426,0.005872853870243149,608,93,701,Exact_structureO
query_cycle_6_8.graph,4,0.2,1146,2742.9429217840984,3024.6410103329504,0.10269921634593346,603,104,707,Exact_structureO
query_cycle_6_8.graph,5,0.2,1146,2742.9429217840984,3368.932765749435,0.22821832674453635,615,92,707,Exact_structureO
query_cycle_6_8.graph,1,0.3,1719,2742.9429217840984,2162.6601605698042,0.21155480728591303,909,147,1056,Exact_structureO
query_cycle_6_8.graph,2,0.3,1719,2742.9429217840984,2998.8618074931424,0.09330084256459338,916,164,1080,Exact_structureO
query_cycle_6_8.graph,3,0.3,1719,2742.9429217840984,2616.796045337914,0.045989610445168964,914,165,1079,Exact_structureO
query_cycle_6_8.graph,4,0.3,1719,2742.9429217840984,2897.6145799702977,0.05638894523025503,905,165,1070,Exact_structureO
query_cycle_6_8.graph,5,0.3,1719,2742.9429217840984,2915.384574305768,0.06286738639443075,894,155,1049,Exact_structureO
query_cycle_6_8.graph,1,0.4,2292,2742.9429217840984,2041.1095182303984,0.25586875978345364,1148,200,1348,Exact_structureO
query_cycle_6_8.graph,2,0.4,2292,2742.9429217840984,3051.426705091258,0.11246452883041105,1142,216,1358,Exact_structureO
query_cycle_6_8.graph,3,0.4,2292,2742.9429217840984,2594.9462712583304,0.053955424792254236,1153,214,1367,Exact_structureO
query_cycle_6_8.graph,4,0.4,2292,2742.9429217840984,2765.634848809944,0.008272839673632675,1154,218,1372,Exact_structureO
query_cycle_6_8.graph,5,0.4,2292,2742.9429217840984,2736.7847685465936,0.002245089822539722,1138,213,1351,Exact_structureO
query_cycle_6_8.graph,1,0.5,2865,2742.9429217840984,2166.1402136696165,0.21028607760430934,1357,246,1603,Exact_structureO
query_cycle_6_8.graph,2,0.5,2865,2742.9429217840984,2435.1774543319866,0.11220265103144444,1360,272,1632,Exact_structureO
query_cycle_6_8.graph,3,0.5,2865,2742.9429217840984,2900.994938512405,0.05762132907435948,1359,267,1626,Exact_structureO
query_cycle_6_8.graph,4,0.5,2865,2742.9429217840984,2521.976758048985,0.08055806119049307,1370,268,1638,Exact_structureO
query_cycle_6_8.graph,5,0.5,2865,2742.9429217840984,3017.8219998885234,0.10021319653477687,1372,259,1631,Exact_structureO
query_cycle_6_8.graph,1,0.6,3438,2742.9429217840984,2363.379641476147,0.13837811836823471,1596,302,1898,Exact_structureO
query_cycle_6_8.graph,2,0.6,3438,2742.9429217840984,2916.3221549934638,0.06320920199702658,1592,316,1908,Exact_structureO
query_cycle_6_8.graph,3,0.6,3438,2742.9429217840984,2839.1123601954637,0.03506067794834519,1591,330,1921,Exact_structureO
query_cycle_6_8.graph,4,0.6,3438,2742.9429217840984,2553.0120566706446,0.06924346241587727,1607,318,1925,Exact_structureO
query_cycle_6_8.graph,5,0.6,3438,2742.9429217840984,2989.883028677446,0.09002743182593452,1621,313,1934,Exact_structureO
query_cycle_6_8.graph,1,0.7,4011,2742.9429217840984,2570.5642649625765,0.06284441993032842,1822,367,2189,Exact_structureO
query_cycle_6_8.graph,2,0.7,4011,2742.9429217840984,2873.231276328535,0.04749947711624009,1821,362,2183,Exact_structureO
query_cycle_6_8.graph,3,0.7,4011,2742.9429217840984,2883.3586784685285,0.05119164367922727,1806,371,2177,Exact_structureO
query_cycle_6_8.graph,4,0.7,4011,2742.9429217840984,2613.1538005142284,0.04731747067687834,1822,362,2184,Exact_structureO
query_cycle_6_8.graph,5,0.7,4011,2742.9429217840984,2949.6136728775787,0.07534635498687481,1824,362,2186,Exact_structureO
query_cycle_6_8.graph,1,0.8,4584,2742.9429217840984,2698.089403753591,0.01635233371948307,2028,404,2432,Exact_structureO
query_cycle_6_8.graph,2,0.8,4584,2742.9429217840984,2621.6041428433787,0.04423671304898941,2041,407,2448,Exact_structureO
query_cycle_6_8.graph,3,0.8,4584,2742.9429217840984,2693.830915787495,0.0179048589041216,2042,419,2461,Exact_structureO
query_cycle_6_8.graph,4,0.8,4584,2742.9429217840984,2646.0417464975203,0.035327448674560995,2035,411,2446,Exact_structureO
query_cycle_6_8.graph,5,0.8,4584,2742.9429217840984,3182.0473719425304,0.16008515768633796,2038,405,2443,Exact_structureO
query_cycle_6_9.graph,1,0.01,45,9138.639249248232,17581.39534883721,0.9238526512887026,25,5,30,Exact_structureO
query_cycle_6_9.graph,2,0.01,45,9138.639249248232,22687.052287581697,1.48254162012665,33,3,36,Exact_structureO
query_cycle_6_9.graph,3,0.01,45,9138.639249248232,8707.317073170732,0.0471976367940097,28,4,32,Exact_structureO
query_cycle_6_9.graph,4,0.01,45,9138.639249248232,5905.454545454546,0.35379279295434013,29,4,33,Exact_structureO
query_cycle_6_9.graph,5,0.01,45,9138.639249248232,,,25,3,28,Exact_structureO
query_cycle_6_9.graph,1,0.05,227,9138.639249248232,10203.650190114071,0.11653933499491728,101,38,139,Exact_structureO
query_cycle_6_9.graph,2,0.05,227,9138.639249248232,9966.15257985258,0.09055104463965152,103,43,146,Exact_structureO
query_cycle_6_9.graph,3,0.05,227,9138.639249248232,5933.02346845474,0.3507760502809205,107,29,136,Exact_structureO
query_cycle_6_9.graph,4,0.05,227,9138.639249248232,6118.726765799258,0.330455377554968,95,34,129,Exact_structureO
query_cycle_6_9.graph,5,0.05,227,9138.639249248232,10359.400669303317,0.13358240617228742,100,34,134,Exact_structureO
query_cycle_6_9.graph,1,0.075,340,9138.639249248232,11533.741550695824,0.2620852225504601,131,48,179,Exact_structureO
query_cycle_6_9.graph,2,0.075,340,9138.639249248232,8219.74751812165,0.10055017011445898,132,62,194,Exact_structureO
query_cycle_6_9.graph,3,0.075,340,9138.639249248232,8964.531780959278,0.019051793548287448,136,40,176,Exact_structureO
query_cycle_6_9.graph,4,0.075,340,9138.639249248232,8234.176589752456,0.0989712620038239,133,49,182,Exact_structureO
query_cycle_6_9.graph,5,0.075,340,9138.639249248232,10123.641207815273,0.10778431358345504,139,52,191,Exact_structureO
query_cycle_6_9.graph,1,0.1,454,9138.639249248232,10514.200770493873,0.15052148177955474,165,77,242,Exact_structureO
query_cycle_6_9.graph,2,0.1,454,9138.639249248232,8314.684734310162,0.09016161952183972,159,83,242,Exact_structureO
query_cycle_6_9.graph,3,0.1,454,9138.639249248232,6929.918538844108,0.24169032720990913,168,64,232,Exact_structureO
query_cycle_6_9.graph,4,0.1,454,9138.639249248232,8184.457302474063,0.10441181895353428,161,68,229,Exact_structureO
query_cycle_6_9.graph,5,0.1,454,9138.639249248232,11547.72972972973,0.26361588577639455,169,65,234,Exact_structureO
query_cycle_6_9.graph,1,0.125,567,9138.639249248232,9682.830169830171,0.05954835350642666,193,101,294,Exact_structureO
query_cycle_6_9.graph,2,0.125,567,9138.639249248232,8983.02226504369,0.017028463424392577,181,100,281,Exact_structureO
query_cycle_6_9.graph,3,0.125,567,9138.639249248232,7069.486715863442,0.22641801223907632,194,93,287,Exact_structureO
query_cycle_6_9.graph,4,0.125,567,9138.639249248232,9010.14832162373,0.014060181622233488,198,94,292,Exact_structureO
query_cycle_6_9.graph,5,0.125,567,9138.639249248232,8534.764943280976,0.0660792366890872,192,100,292,Exact_structureO
query_cycle_6_9.graph,1,0.15,681,9138.639249248232,9909.859758405892,0.08439117554849343,223,132,355,Exact_structureO
query_cycle_6_9.graph,2,0.15,681,9138.639249248232,9403.412559726961,0.028972946984476965,211,122,333,Exact_structureO
query_cycle_6_9.graph,3,0.15,681,9138.639249248232,7932.524315068494,0.13197970740326098,224,127,351,Exact_structureO
query_cycle_6_9.graph,4,0.15,681,9138.639249248232,7929.660719381689,0.13229305774007838,228,127,355,Exact_structureO
query_cycle_6_9.graph,5,0.15,681,9138.639249248232,9276.267789556012,0.015060069289757954,225,119,344,Exact_structureO
query_cycle_6_9.graph,1,0.2,908,9138.639249248232,7939.172921129503,0.13125218048380669,263,179,442,Exact_structureO
query_cycle_6_9.graph,2,0.2,908,9138.639249248232,9690.82856362932,0.06042358159903434,261,181,442,Exact_structureO
query_cycle_6_9.graph,3,0.2,908,9138.639249248232,7772.277082322022,0.14951483800376633,267,158,425,Exact_structureO
query_cycle_6_9.graph,4,0.2,908,9138.639249248232,8267.233219278309,0.09535402440156583,272,165,437,Exact_structureO
query_cycle_6_9.graph,5,0.2,908,9138.639249248232,9754.304397364553,0.0673694552684052,263,158,421,Exact_structureO
query_cycle_6_9.graph,1,0.3,1362,9138.639249248232,9274.59079616853,0.014876563480879458,359,253,612,Exact_structureO
query_cycle_6_9.graph,2,0.3,1362,9138.639249248232,9732.186455531533,0.06494918883378925,356,263,619,Exact_structureO
query_cycle_6_9.graph,3,0.3,1362,9138.639249248232,9399.523505701467,0.02854738537520191,375,262,637,Exact_structureO
query_cycle_6_9.graph,4,0.3,1362,9138.639249248232,8407.676845887048,0.07998591293789328,376,260,636,Exact_structureO
query_cycle_6_9.graph,5,0.3,1362,9138.639249248232,9757.431647599074,0.06771165613105322,371,250,621,Exact_structureO
query_cycle_6_9.graph,1,0.4,1816,9138.639249248232,9435.246089125729,0.03245634626641997,436,322,758,Exact_structureO
query_cycle_6_9.graph,2,0.4,1816,9138.639249248232,9737.236630756435,0.06550180668937616,437,318,755,Exact_structureO
query_cycle_6_9.graph,3,0.4,1816,9138.639249248232,9050.33540885585,0.009662690252232691,442,313,755,Exact_structureO
query_cycle_6_9.graph,4,0.4,1816,9138.639249248232,7999.0834338195955,0.12469644378646189,448,314,762,Exact_structureO
query_cycle_6_9.graph,5,0.4,1816,9138.639249248232,9554.919795098838,0.04555169916405779,438,301,739,Exact_structureO
query_cycle_6_9.graph,1,0.5,2271,9138.639249248232,9247.400603145548,0.011901263517570565,507,354,861,Exact_structureO
query_cycle_6_9.graph,2,0.5,2271,9138.639249248232,9346.657139633387,0.022762457813647444,502,351,853,Exact_structureO
query_cycle_6_9.graph,3,0.5,2271,9138.639249248232,8723.61796153204,0.04541390423638102,505,345,850,Exact_structureO
query_cycle_6_9.graph,4,0.5,2271,9138.639249248232,9205.833406847187,0.0073527530484894105,495,341,836,Exact_structureO
query_cycle_6_9.graph,5,0.5,2271,9138.639249248232,9087.92288995871,0.005549662034606885,505,344,849,Exact_structureO
query_cycle_6_9.graph,1,0.6,2725,9138.639249248232,9327.44915305898,0.020660614634315545,581,382,963,Exact_structureO
query_cycle_6_9.graph,2,0.6,2725,9138.639249248232,9565.65567726713,0.04672647823952847,576,389,965,Exact_structureO
query_cycle_6_9.graph,3,0.6,2725,9138.639249248232,8823.507742803025,0.03448341682500817,579,376,955,Exact_structureO
query_cycle_6_9.graph,4,0.6,2725,9138.639249248232,9312.242121578982,0.01899657789260376,572,377,949,Exact_structureO
query_cycle_6_9.graph,5,0.6,2725,9138.639249248232,9289.453139406816,0.016502882545778436,569,382,951,Exact_structureO
query_cycle_6_9.graph,1,0.7,3179,9138.639249248232,9128.30984979023,0.0011302995091803673,641,400,1041,Exact_structureO
query_cycle_6_9.graph,2,0.7,3179,9138.639249248232,9113.134515435206,0.002790867777730067,629,418,1047,Exact_structureO
query_cycle_6_9.graph,3,0.7,3179,9138.639249248232,9202.400118567532,0.00697706382539882,630,413,1043,Exact_structureO
query_cycle_6_9.graph,4,0.7,3179,9138.639249248232,9542.191542283961,0.04415890397128068,632,421,1053,Exact_structureO
query_cycle_6_9.graph,5,0.7,3179,9138.639249248232,9337.165860142166,0.021723869985377238,638,412,1050,Exact_structureO
query_cycle_6_9.graph,1,0.8,3633,9138.639249248232,9193.479661866022,0.006000938555737554,707,427,1134,Exact_structureO
query_cycle_6_9.graph,2,0.8,3633,9138.639249248232,9125.254557469267,0.0014646263424903433,697,444,1141,Exact_structureO
query_cycle_6_9.graph,3,0.8,3633,9138.639249248232,9261.829961322186,0.01348020298362125,699,435,1134,Exact_structureO
query_cycle_6_9.graph,4,0.8,3633,9138.639249248232,9388.603119278208,0.027352416832794796,698,455,1153,Exact_structureO
query_cycle_6_9.graph,5,0.8,3633,9138.639249248232,9206.736113362365,0.007451532143555762,701,434,1135,Exact_structureO
query_cycle_8_0.graph,1,0.01,50,186.06896551724137,,,60,1,61,Exact_structureO
query_cycle_8_0.graph,2,0.01,50,186.06896551724137,,,54,0,54,Exact_structureO
query_cycle_8_0.graph,3,0.01,50,186.06896551724137,,,57,1,58,Exact_structureO
query_cycle_8_0.graph,4,0.01,50,186.06896551724137,,,61,1,62,Exact_structureO
query_cycle_8_0.graph,5,0.01,50,186.06896551724137,,,62,1,63,Exact_structureO
query_cycle_8_0.graph,1,0.05,251,186.06896551724137,,,212,2,214,Exact_structureO
query_cycle_8_0.graph,2,0.05,251,186.06896551724137,,,217,1,218,Exact_structureO
query_cycle_8_0.graph,3,0.05,251,186.06896551724137,,,213,2,215,Exact_structureO
query_cycle_8_0.graph,4,0.05,251,186.06896551724137,,,223,3,226,Exact_structureO
query_cycle_8_0.graph,5,0.05,251,186.06896551724137,,,215,2,217,Exact_structureO
query_cycle_8_0.graph,1,0.075,376,186.06896551724137,,,288,2,290,Exact_structureO
query_cycle_8_0.graph,2,0.075,376,186.06896551724137,,,289,1,290,Exact_structureO
query_cycle_8_0.graph,3,0.075,376,186.06896551724137,183.77147016011645,0.012347547323317748,281,3,284,Exact_structureO
query_cycle_8_0.graph,4,0.075,376,186.06896551724137,,,291,3,294,Exact_structureO
query_cycle_8_0.graph,5,0.075,376,186.06896551724137,,,283,3,286,Exact_structureO
query_cycle_8_0.graph,1,0.1,502,186.06896551724137,299.59677419354836,0.610138334249982,350,4,354,Exact_structureO
query_cycle_8_0.graph,2,0.1,502,186.06896551724137,,,356,1,357,Exact_structureO
query_cycle_8_0.graph,3,0.1,502,186.06896551724137,192.39034627492128,0.033973321344091485,345,4,349,Exact_structureO
query_cycle_8_0.graph,4,0.1,502,186.06896551724137,,,347,4,351,Exact_structureO
query_cycle_8_0.graph,5,0.1,502,186.06896551724137,,,354,3,357,Exact_structureO
query_cycle_8_0.graph,1,0.125,628,186.06896551724137,223.59709618874774,0.20168936053997127,416,5,421,Exact_structureO
query_cycle_8_0.graph,2,0.125,628,186.06896551724137,,,417,3,420,Exact_structureO
query_cycle_8_0.graph,3,0.125,628,186.06896551724137,212.7211961301671,0.14323845214507902,412,5,417,Exact_structureO
query_cycle_8_0.graph,4,0.125,628,186.06896551724137,,,411,6,417,Exact_structureO
query_cycle_8_0.graph,5,0.125,628,186.06896551724137,,,410,3,413,Exact_structureO
query_cycle_8_0.graph,1,0.15,753,186.06896551724137,231.0413290113452,0.24169728341901617,464,6,470,Exact_structureO
query_cycle_8_0.graph,2,0.15,753,186.06896551724137,,,471,3,474,Exact_structureO
query_cycle_8_0.graph,3,0.15,753,186.06896551724137,203.23189415041784,0.09223960903671569,461,5,466,Exact_structureO
query_cycle_8_0.graph,4,0.15,753,186.06896551724137,,,467,6,473,Exact_structureO
query_cycle_8_0.graph,5,0.15,753,186.06896551724137,,,458,3,461,Exact_structureO
query_cycle_8_0.graph,1,0.2,1005,186.06896551724137,226.94781233526624,0.21969728645713885,555,8,563,Exact_structureO
query_cycle_8_0.graph,2,0.2,1005,186.06896551724137,,,552,5,557,Exact_structureO
query_cycle_8_0.graph,3,0.2,1005,186.06896551724137,199.6744987468672,0.07312091617108021,562,5,567,Exact_structureO
query_cycle_8_0.graph,4,0.2,1005,186.06896551724137,,,555,7,562,Exact_structureO
query_cycle_8_0.graph,5,0.2,1005,186.06896551724137,,,557,5,562,Exact_structureO
query_cycle_8_0.graph,1,0.3,1507,186.06896551724137,198.95538323889053,0.0692561367546008,730,11,741,Exact_structureO
query_cycle_8_0.graph,2,0.3,1507,186.06896551724137,162.2305494100295,0.1281160242974692,718,12,730,Exact_structureO
query_cycle_8_0.graph,3,0.3,1507,186.06896551724137,184.33702844375696,0.009308038386035524,730,8,738,Exact_structureO
query_cycle_8_0.graph,4,0.3,1507,186.06896551724137,81.59232175502743,0.5614941936812833,723,9,732,Exact_structureO
query_cycle_8_0.graph,5,0.3,1507,186.06896551724137,190.11085248763462,0.021722520782321026,725,8,733,Exact_structureO
query_cycle_8_0.graph,1,0.4,2010,186.06896551724137,165.26377991369165,0.1118143777803821,851,14,865,Exact_structureO
query_cycle_8_0.graph,2,0.4,2010,186.06896551724137,170.83245262390673,0.0818863739634367,850,13,863,Exact_structureO
query_cycle_8_0.graph,3,0.4,2010,186.06896551724137,183.09087527606647,0.016005303371770203,860,9,869,Exact_structureO
query_cycle_8_0.graph,4,0.4,2010,186.06896551724137,278.5437788018433,0.49699213959478433,847,12,859,Exact_structureO
query_cycle_8_0.graph,5,0.4,2010,186.06896551724137,181.39445774888813,0.025122447235404723,858,11,869,Exact_structureO
query_cycle_8_0.graph,1,0.5,2512,186.06896551724137,151.16758500201587,0.1875722822352742,960,14,974,Exact_structureO
query_cycle_8_0.graph,2,0.5,2512,186.06896551724137,177.230569603407,0.04750064520037007,965,13,978,Exact_structureO
query_cycle_8_0.graph,3,0.5,2512,186.06896551724137,177.4913854989232,0.046098928934623244,965,14,979,Exact_structureO
query_cycle_8_0.graph,4,0.5,2512,186.06896551724137,148.4024047070862,0.20243333274545963,947,14,961,Exact_structureO
query_cycle_8_0.graph,5,0.5,2512,186.06896551724137,178.32241600559965,0.041632678991402855,958,14,972,Exact_structureO
query_cycle_8_0.graph,1,0.6,3015,186.06896551724137,181.65761652698131,0.023708139495467295,1059,16,1075,Exact_structureO
query_cycle_8_0.graph,2,0.6,3015,186.06896551724137,169.48421315362535,0.08913228660950048,1065,16,1081,Exact_structureO
query_cycle_8_0.graph,3,0.6,3015,186.06896551724137,167.80978170304948,0.09813126957219509,1056,14,1070,Exact_structureO
query_cycle_8_0.graph,4,0.6,3015,186.06896551724137,111.87675070028011,0.39873503144771616,1065,15,1080,Exact_structureO
query_cycle_8_0.graph,5,0.6,3015,186.06896551724137,213.60336048006857,0.14797951332876003,1057,15,1072,Exact_structureO
query_cycle_8_0.graph,1,0.7,3517,186.06896551724137,167.85920553145334,0.09786564855223365,1163,17,1180,Exact_structureO
query_cycle_8_0.graph,2,0.7,3517,186.06896551724137,301.51660713125943,0.620456191031602,1146,18,1164,Exact_structureO
query_cycle_8_0.graph,3,0.7,3517,186.06896551724137,158.82356658963877,0.14642634709052543,1153,15,1168,Exact_structureO
query_cycle_8_0.graph,4,0.7,3517,186.06896551724137,178.92979279822973,0.03836842269298324,1155,16,1171,Exact_structureO
query_cycle_8_0.graph,5,0.7,3517,186.06896551724137,164.78916191048364,0.11436514169680764,1146,17,1163,Exact_structureO
query_cycle_8_0.graph,1,0.8,4020,186.06896551724137,156.39182025791888,0.15949540632326764,1236,17,1253,Exact_structureO
query_cycle_8_0.graph,2,0.8,4020,186.06896551724137,232.81101312551274,0.25120818766491293,1230,19,1249,Exact_structureO
query_cycle_8_0.graph,3,0.8,4020,186.06896551724137,203.1284773354039,0.09168381073512104,1240,17,1257,Exact_structureO
query_cycle_8_0.graph,4,0.8,4020,186.06896551724137,186.6580023931467,0.003165691141818816,1245,18,1263,Exact_structureO
query_cycle_8_0.graph,5,0.8,4020,186.06896551724137,185.483261213087,0.0031477807302588787,1240,18,1258,Exact_structureO
query_cycle_8_10.graph,1,0.01,12,981.1151586368977,0.0,1.0,9,1,10,Exact_structureO
query_cycle_8_10.graph,2,0.01,12,981.1151586368977,,,8,1,9,Exact_structureO
query_cycle_8_10.graph,3,0.01,12,981.1151586368977,,,11,0,11,Exact_structureO
query_cycle_8_10.graph,4,0.01,12,981.1151586368977,,,5,0,5,Exact_structureO
query_cycle_8_10.graph,5,0.01,12,981.1151586368977,,,10,2,12,Exact_structureO
query_cycle_8_10.graph,1,0.05,64,981.1151586368977,280.5,0.7141008397121192,31,2,33,Exact_structureO
query_cycle_8_10.graph,2,0.05,64,981.1151586368977,0.0,1.0,31,4,35,Exact_structureO
query_cycle_8_10.graph,3,0.05,64,981.1151586368977,0.0,1.0,35,6,41,Exact_structureO
query_cycle_8_10.graph,4,0.05,64,981.1151586368977,131.85714285714286,0.8656048255942378,30,2,32,Exact_structureO
query_cycle_8_10.graph,5,0.05,64,981.1151586368977,0.0,1.0,27,5,32,Exact_structureO
query_cycle_8_10.graph,1,0.075,97,981.1151586368977,239.49122807017545,0.7558989625612246,37,2,39,Exact_structureO
query_cycle_8_10.graph,2,0.075,97,981.1151586368977,15436.83695652174,14.73397049329943,38,5,43,Exact_structureO
query_cycle_8_10.graph,3,0.075,97,981.1151586368977,97.95238095238095,0.9001621979947083,40,6,46,Exact_structureO
query_cycle_8_10.graph,4,0.075,97,981.1151586368977,63.20731707317073,0.9355760467904836,42,3,45,Exact_structureO
query_cycle_8_10.graph,5,0.075,97,981.1151586368977,125.48148148148145,0.872103207888646,38,5,43,Exact_structureO
query_cycle_8_10.graph,1,0.1,129,981.1151586368977,223.81069958847735,0.7718813152378294,56,6,62,Exact_structureO
query_cycle_8_10.graph,2,0.1,129,981.1151586368977,6983.980281690142,6.118410331559104,50,8,58,Exact_structureO
query_cycle_8_10.graph,3,0.1,129,981.1151586368977,1209.6666666666667,0.23295074591172837,46,6,52,Exact_structureO
query_cycle_8_10.graph,4,0.1,129,981.1151586368977,374.7945205479453,0.6179913058639699,56,5,61,Exact_structureO
query_cycle_8_10.graph,5,0.1,129,981.1151586368977,115.5,0.8822768163520491,51,5,56,Exact_structureO
query_cycle_8_10.graph,1,0.125,162,981.1151586368977,198.06571428571428,0.7981218488552405,64,6,70,Exact_structureO
query_cycle_8_10.graph,2,0.125,162,981.1151586368977,4391.625,3.476156505523224,64,12,76,Exact_structureO
query_cycle_8_10.graph,3,0.125,162,981.1151586368977,743.5024390243904,0.2421863708054742,62,10,72,Exact_structureO
query_cycle_8_10.graph,4,0.125,162,981.1151586368977,352.8785046728971,0.6403291687357423,66,7,73,Exact_structureO
query_cycle_8_10.graph,5,0.125,162,981.1151586368977,130.81081081081084,0.8666712977989744,64,7,71,Exact_structureO
query_cycle_8_10.graph,1,0.15,194,981.1151586368977,181.56249999999997,0.8149427226746226,74,7,81,Exact_structureO
query_cycle_8_10.graph,2,0.15,194,981.1151586368977,3809.10447761194,2.8824234281570784,70,13,83,Exact_structureO
query_cycle_8_10.graph,3,0.15,194,981.1151586368977,687.8271308523409,0.29893333642101044,74,11,85,Exact_structureO
query_cycle_8_10.graph,4,0.15,194,981.1151586368977,494.8125,0.4956631791445739,78,9,87,Exact_structureO
query_cycle_8_10.graph,5,0.15,194,981.1151586368977,41.028322440087145,0.9581819503256994,73,11,84,Exact_structureO
query_cycle_8_10.graph,1,0.2,259,981.1151586368977,156.09403254972878,0.8409014159289961,96,12,108,Exact_structureO
query_cycle_8_10.graph,2,0.2,259,981.1151586368977,4339.768939393939,3.4233023016618684,93,15,108,Exact_structureO
query_cycle_8_10.graph,3,0.2,259,981.1151586368977,638.4222873900293,0.34928914126959903,93,17,110,Exact_structureO
query_cycle_8_10.graph,4,0.2,259,981.1151586368977,266.6495031616983,0.7282179356680564,93,12,105,Exact_structureO
query_cycle_8_10.graph,5,0.2,259,981.1151586368977,280.06720430107526,0.7145419660112236,93,14,107,Exact_structureO
query_cycle_8_10.graph,1,0.3,389,981.1151586368977,344.9629722921914,0.6483970620008948,136,23,159,Exact_structureO
query_cycle_8_10.graph,2,0.3,389,981.1151586368977,1733.0636724386723,0.7664222769185286,134,24,158,Exact_structureO
query_cycle_8_10.graph,3,0.3,389,981.1151586368977,1339.6290165002172,0.36541465566735,137,30,167,Exact_structureO
query_cycle_8_10.graph,4,0.3,389,981.1151586368977,364.841959254443,0.6281354374736883,138,23,161,Exact_structureO
query_cycle_8_10.graph,5,0.3,389,981.1151586368977,294.76816677369953,0.699558034366493,134,24,158,Exact_structureO
query_cycle_8_10.graph,1,0.4,519,981.1151586368977,586.1284330618212,0.40258956565694826,163,33,196,Exact_structureO
query_cycle_8_10.graph,2,0.4,519,981.1151586368977,963.1627054278792,0.018298008190965602,160,39,199,Exact_structureO
query_cycle_8_10.graph,3,0.4,519,981.1151586368977,1643.1136588584625,0.6747408745995787,161,36,197,Exact_structureO
query_cycle_8_10.graph,4,0.4,519,981.1151586368977,334.0214386279278,0.6595492020610536,165,36,201,Exact_structureO
query_cycle_8_10.graph,5,0.4,519,981.1151586368977,418.4187649880096,0.5735273669919283,152,33,185,Exact_structureO
query_cycle_8_10.graph,1,0.5,649,981.1151586368977,501.3642698542253,0.4889852985751534,183,46,229,Exact_structureO
query_cycle_8_10.graph,2,0.5,649,981.1151586368977,895.9137086774689,0.0868414367155458,179,58,237,Exact_structureO
query_cycle_8_10.graph,3,0.5,649,981.1151586368977,1275.4858841373912,0.3000368742742436,187,42,229,Exact_structureO
query_cycle_8_10.graph,4,0.5,649,981.1151586368977,539.3178143223298,0.4503012112547262,182,48,230,Exact_structureO
query_cycle_8_10.graph,5,0.5,649,981.1151586368977,391.85413746300867,0.6006033195864314,187,48,235,Exact_structureO
query_cycle_8_10.graph,1,0.6,778,981.1151586368977,1078.5437384462607,0.0993039185580665,198,67,265,Exact_structureO
query_cycle_8_10.graph,2,0.6,778,981.1151586368977,802.2379214705417,0.1823203276309351,202,74,276,Exact_structureO
query_cycle_8_10.graph,3,0.6,778,981.1151586368977,850.3909768642484,0.13324040569740012,205,61,266,Exact_structureO
query_cycle_8_10.graph,4,0.6,778,981.1151586368977,1140.7481253459096,0.1627056368498029,201,75,276,Exact_structureO
query_cycle_8_10.graph,5,0.6,778,981.1151586368977,353.7161866964599,0.6394753627210369,205,69,274,Exact_structureO
query_cycle_8_10.graph,1,0.7,908,981.1151586368977,963.5361059371362,0.01791742034052842,206,82,288,Exact_structureO
query_cycle_8_10.graph,2,0.7,908,981.1151586368977,910.2540526390073,0.07222506489079276,207,80,287,Exact_structureO
query_cycle_8_10.graph,3,0.7,908,981.1151586368977,810.0324852908788,0.17437573137052628,212,86,298,Exact_structureO
query_cycle_8_10.graph,4,0.7,908,981.1151586368977,983.8645281307555,0.002802290301657955,209,90,299,Exact_structureO
query_cycle_8_10.graph,5,0.7,908,981.1151586368977,503.6040927441445,0.4867023628053799,210,82,292,Exact_structureO
query_cycle_8_10.graph,1,0.8,1038,981.1151586368977,1013.568957200383,0.03307848041872541,217,99,316,Exact_structureO
query_cycle_8_10.graph,2,0.8,1038,981.1151586368977,836.3234853103996,0.14757867315765757,215,92,307,Exact_structureO
query_cycle_8_10.graph,3,0.8,1038,981.1151586368977,1095.1949160567244,0.1162756037510645,216,93,309,Exact_structureO
query_cycle_8_10.graph,4,0.8,1038,981.1151586368977,838.3355867346938,0.14552784211444986,217,97,314,Exact_structureO
query_cycle_8_10.graph,5,0.8,1038,981.1151586368977,746.5732896855412,0.23905641135665953,218,92,310,Exact_structureO
query_cycle_8_12.graph,1,0.01,36,201.00155210643015,,,17,0,17,Exact_structureO
query_cycle_8_12.graph,2,0.01,36,201.00155210643015,,,14,2,16,Exact_structureO
query_cycle_8_12.graph,3,0.01,36,201.00155210643015,192.0,0.044783495510839835,15,6,21,Exact_structureO
query_cycle_8_12.graph,4,0.01,36,201.00155210643015,,,23,0,23,Exact_structureO
query_cycle_8_12.graph,5,0.01,36,201.00155210643015,40.599999999999994,0.7980115099882297,18,2,20,Exact_structureO
query_cycle_8_12.graph,1,0.05,182,201.00155210643015,,,71,5,76,Exact_structureO
query_cycle_8_12.graph,2,0.05,182,201.00155210643015,0.0,1.0,67,5,72,Exact_structureO
query_cycle_8_12.graph,3,0.05,182,201.00155210643015,47.88235294117647,0.7617811781084018,66,16,82,Exact_structureO
query_cycle_8_12.graph,4,0.05,182,201.00155210643015,,,62,3,65,Exact_structureO
query_cycle_8_12.graph,5,0.05,182,201.00155210643015,77.89090909090909,0.6124860317015566,57,7,64,Exact_structureO
query_cycle_8_12.graph,1,0.075,273,201.00155210643015,,,83,6,89,Exact_structureO
query_cycle_8_12.graph,2,0.075,273,201.00155210643015,335.77659574468083,0.6705174274817908,83,5,88,Exact_structureO
query_cycle_8_12.graph,3,0.075,273,201.00155210643015,62.2311320754717,0.6903947684815869,79,16,95,Exact_structureO
query_cycle_8_12.graph,4,0.075,273,201.00155210643015,,,79,5,84,Exact_structureO
query_cycle_8_12.graph,5,0.075,273,201.00155210643015,66.24742268041237,0.670413377478128,81,11,92,Exact_structureO
query_cycle_8_12.graph,1,0.1,365,201.00155210643015,,,99,6,105,Exact_structureO
query_cycle_8_12.graph,2,0.1,365,201.00155210643015,177.6315789473684,0.11626762536981487,108,10,118,Exact_structureO
query_cycle_8_12.graph,3,0.1,365,201.00155210643015,58.29435483870967,0.7099805736433177,87,17,104,Exact_structureO
query_cycle_8_12.graph,4,0.1,365,201.00155210643015,,,99,5,104,Exact_structureO
query_cycle_8_12.graph,5,0.1,365,201.00155210643015,63.8139534883721,0.682520095891684,95,15,110,Exact_structureO
query_cycle_8_12.graph,1,0.125,456,201.00155210643015,,,119,11,130,Exact_structureO
query_cycle_8_12.graph,2,0.125,456,201.00155210643015,146.52808988764045,0.27101015712528453,115,10,125,Exact_structureO
query_cycle_8_12.graph,3,0.125,456,201.00155210643015,46.310344827586206,0.7696020536047158,104,24,128,Exact_structureO
query_cycle_8_12.graph,4,0.125,456,201.00155210643015,,,109,8,117,Exact_structureO
query_cycle_8_12.graph,5,0.125,456,201.00155210643015,32.364705882352936,0.8389828061366618,112,18,130,Exact_structureO
query_cycle_8_12.graph,1,0.15,547,201.00155210643015,,,130,13,143,Exact_structureO
query_cycle_8_12.graph,2,0.15,547,201.00155210643015,191.8378378378378,0.04559026620719906,135,13,148,Exact_structureO
query_cycle_8_12.graph,3,0.15,547,201.00155210643015,58.0327868852459,0.7112818966964116,133,26,159,Exact_structureO
query_cycle_8_12.graph,4,0.15,547,201.00155210643015,,,125,13,138,Exact_structureO
query_cycle_8_12.graph,5,0.15,547,201.00155210643015,28.83040935672515,0.8565662351629033,120,20,140,Exact_structureO
query_cycle_8_12.graph,1,0.2,730,201.00155210643015,70.59322033898306,0.6487926605581433,162,20,182,Exact_structureO
query_cycle_8_12.graph,2,0.2,730,201.00155210643015,177.49447513812157,0.11694972860638213,160,22,182,Exact_structureO
query_cycle_8_12.graph,3,0.2,730,201.00155210643015,39.77900552486188,0.8020960280754502,156,34,190,Exact_structureO
query_cycle_8_12.graph,4,0.2,730,201.00155210643015,,,165,20,185,Exact_structureO
query_cycle_8_12.graph,5,0.2,730,201.00155210643015,71.53984168865435,0.6440831379711234,157,28,185,Exact_structureO
query_cycle_8_12.graph,1,0.3,1095,201.00155210643015,74.6625452618564,0.6285474192640929,247,58,305,Exact_structureO
query_cycle_8_12.graph,2,0.3,1095,201.00155210643015,134.20376546530392,0.3323247305361944,243,47,290,Exact_structureO
query_cycle_8_12.graph,3,0.3,1095,201.00155210643015,111.88073394495414,0.44338373125739156,245,74,319,Exact_structureO
query_cycle_8_12.graph,4,0.3,1095,201.00155210643015,965.1664766248574,3.801786187769349,240,58,298,Exact_structureO
query_cycle_8_12.graph,5,0.3,1095,201.00155210643015,199.3359908883827,0.008286310232895836,253,48,301,Exact_structureO
query_cycle_8_12.graph,1,0.4,1460,201.00155210643015,103.13633554083884,0.4868878649940562,294,88,382,Exact_structureO
query_cycle_8_12.graph,2,0.4,1460,201.00155210643015,135.26989747740456,0.32702063213034666,294,77,371,Exact_structureO
query_cycle_8_12.graph,3,0.4,1460,201.00155210643015,126.7437625267814,0.3694388864237691,286,89,375,Exact_structureO
query_cycle_8_12.graph,4,0.4,1460,201.00155210643015,636.3083812260536,2.1656888942286816,294,81,375,Exact_structureO
query_cycle_8_12.graph,5,0.4,1460,201.00155210643015,170.9960828839058,0.14927978867862907,298,65,363,Exact_structureO
query_cycle_8_12.graph,1,0.5,1825,201.00155210643015,124.33998239953065,0.3813978991878991,322,101,423,Exact_structureO
query_cycle_8_12.graph,2,0.5,1825,201.00155210643015,136.85136756481953,0.3191526825008951,329,100,429,Exact_structureO
query_cycle_8_12.graph,3,0.5,1825,201.00155210643015,157.9615411436541,0.21412775429707329,318,124,442,Exact_structureO
query_cycle_8_12.graph,4,0.5,1825,201.00155210643015,602.7594537815125,1.9987800962967286,326,92,418,Exact_structureO
query_cycle_8_12.graph,5,0.5,1825,201.00155210643015,135.6450742240216,0.3251540955654031,331,86,417,Exact_structureO
query_cycle_8_12.graph,1,0.6,2190,201.00155210643015,121.92540772408631,0.39341061575720115,346,117,463,Exact_structureO
query_cycle_8_12.graph,2,0.6,2190,201.00155210643015,152.81541187903736,0.23973018975434715,351,113,464,Exact_structureO
query_cycle_8_12.graph,3,0.6,2190,201.00155210643015,359.38237238340065,0.7879581954327795,344,138,482,Exact_structureO
query_cycle_8_12.graph,4,0.6,2190,201.00155210643015,498.16499529286557,1.478413674283906,352,107,459,Exact_structureO
query_cycle_8_12.graph,5,0.6,2190,201.00155210643015,169.53898128898132,0.1565289943671153,355,107,462,Exact_structureO
query_cycle_8_12.graph,1,0.7,2555,201.00155210643015,118.97400556030796,0.4080940952271288,367,134,501,Exact_structureO
query_cycle_8_12.graph,2,0.7,2555,201.00155210643015,144.52449873554912,0.2809781953373996,371,131,502,Exact_structureO
query_cycle_8_12.graph,3,0.7,2555,201.00155210643015,325.2775377969762,0.618283711683689,361,147,508,Exact_structureO
query_cycle_8_12.graph,4,0.7,2555,201.00155210643015,388.878247203476,0.934702708154041,376,132,508,Exact_structureO
query_cycle_8_12.graph,5,0.7,2555,201.00155210643015,171.79871640055458,0.14528661793821718,371,118,489,Exact_structureO
query_cycle_8_12.graph,1,0.8,2920,201.00155210643015,131.2254858773985,0.34714192750156114,382,146,528,Exact_structureO
query_cycle_8_12.graph,2,0.8,2920,201.00155210643015,148.44913964148878,0.2614527694647597,386,142,528,Exact_structureO
query_cycle_8_12.graph,3,0.8,2920,201.00155210643015,280.5066744678551,0.3955448180784546,378,175,553,Exact_structureO
query_cycle_8_12.graph,4,0.8,2920,201.00155210643015,408.0401595120807,1.030034869064214,389,134,523,Exact_structureO
query_cycle_8_12.graph,5,0.8,2920,201.00155210643015,157.56295791148648,0.21611074013967302,386,137,523,Exact_structureO
query_cycle_8_18.graph,1,0.01,13,289.1642512077295,,,13,0,13,Exact_structureO
query_cycle_8_18.graph,2,0.01,13,289.1642512077295,,,10,1,11,Exact_structureO
query_cycle_8_18.graph,3,0.01,13,289.1642512077295,,,9,0,9,Exact_structureO
query_cycle_8_18.graph,4,0.01,13,289.1642512077295,252.31818181818184,0.12742262999542844,9,2,11,Exact_structureO
query_cycle_8_18.graph,5,0.01,13,289.1642512077295,,,11,0,11,Exact_structureO
query_cycle_8_18.graph,1,0.05,68,289.1642512077295,41.88235294117647,0.8551606819783228,45,3,48,Exact_structureO
query_cycle_8_18.graph,2,0.05,68,289.1642512077295,354.5833333333333,0.22623502681390636,50,5,55,Exact_structureO
query_cycle_8_18.graph,3,0.05,68,289.1642512077295,169.25806451612902,0.41466462811636556,54,3,57,Exact_structureO
query_cycle_8_18.graph,4,0.05,68,289.1642512077295,300.77987421383654,0.04016963700593349,52,3,55,Exact_structureO
query_cycle_8_18.graph,5,0.05,68,289.1642512077295,,,52,0,52,Exact_structureO
query_cycle_8_18.graph,1,0.075,102,289.1642512077295,106.19999999999999,0.6327346843309889,64,6,70,Exact_structureO
query_cycle_8_18.graph,2,0.075,102,289.1642512077295,409.66666666666663,0.4167265315669009,67,5,72,Exact_structureO
query_cycle_8_18.graph,3,0.075,102,289.1642512077295,205.82608695652175,0.288203551798453,63,5,68,Exact_structureO
query_cycle_8_18.graph,4,0.075,102,289.1642512077295,313.4310344827586,0.08392041261558429,68,3,71,Exact_structureO
query_cycle_8_18.graph,5,0.075,102,289.1642512077295,,,71,0,71,Exact_structureO
query_cycle_8_18.graph,1,0.1,136,289.1642512077295,182.45034013605445,0.3690425445952308,77,6,83,Exact_structureO
query_cycle_8_18.graph,2,0.1,136,289.1642512077295,342.2065868263473,0.1834332404406149,80,5,85,Exact_structureO
query_cycle_8_18.graph,3,0.1,136,289.1642512077295,399.51550387596905,0.3816213525957798,86,6,92,Exact_structureO
query_cycle_8_18.graph,4,0.1,136,289.1642512077295,241.65909090909093,0.16428434739158626,87,5,92,Exact_structureO
query_cycle_8_18.graph,5,0.1,136,289.1642512077295,0.0,1.0,88,1,89,Exact_structureO
query_cycle_8_18.graph,1,0.125,170,289.1642512077295,159.26166666666666,0.4492345924453281,97,8,105,Exact_structureO
query_cycle_8_18.graph,2,0.125,170,289.1642512077295,276.10410958904106,0.045165132149431186,98,6,104,Exact_structureO
query_cycle_8_18.graph,3,0.125,170,289.1642512077295,261.078125,0.09712862530698167,100,7,107,Exact_structureO
query_cycle_8_18.graph,4,0.125,170,289.1642512077295,232.04090909090908,0.1975463491017228,100,5,105,Exact_structureO
query_cycle_8_18.graph,5,0.125,170,289.1642512077295,122.4170616113744,0.5766521584183221,101,1,102,Exact_structureO
query_cycle_8_18.graph,1,0.15,204,289.1642512077295,224.92158671586714,0.2221666897742203,120,9,129,Exact_structureO
query_cycle_8_18.graph,2,0.15,204,289.1642512077295,219.8473282442748,0.23971470426909333,115,9,124,Exact_structureO
query_cycle_8_18.graph,3,0.15,204,289.1642512077295,350.26071428571424,0.21128636345194124,116,8,124,Exact_structureO
query_cycle_8_18.graph,4,0.15,204,289.1642512077295,231.6774193548387,0.19880338462583144,118,7,125,Exact_structureO
query_cycle_8_18.graph,5,0.15,204,289.1642512077295,91.81523096129838,0.682480698849111,122,4,126,Exact_structureO
query_cycle_8_18.graph,1,0.2,272,289.1642512077295,251.6990291262136,0.12956380992822542,153,16,169,Exact_structureO
query_cycle_8_18.graph,2,0.2,272,289.1642512077295,220.27798408488064,0.2382253920916469,151,12,163,Exact_structureO
query_cycle_8_18.graph,3,0.2,272,289.1642512077295,176.3710669077758,0.3900661434767932,147,15,162,Exact_structureO
query_cycle_8_18.graph,4,0.2,272,289.1642512077295,235.57962237263985,0.1853086216961016,152,10,162,Exact_structureO
query_cycle_8_18.graph,5,0.2,272,289.1642512077295,41.22836783169324,0.8574223208453396,153,9,162,Exact_structureO
query_cycle_8_18.graph,1,0.3,408,289.1642512077295,204.75232774674112,0.291916871149984,233,27,260,Exact_structureO
query_cycle_8_18.graph,2,0.3,408,289.1642512077295,221.62119460500963,0.23358024486297355,231,20,251,Exact_structureO
query_cycle_8_18.graph,3,0.3,408,289.1642512077295,226.98876404494382,0.215017890016149,238,24,262,Exact_structureO
query_cycle_8_18.graph,4,0.3,408,289.1642512077295,424.85441176470584,0.4692494317338675,240,19,259,Exact_structureO
query_cycle_8_18.graph,5,0.3,408,289.1642512077295,124.26300904977376,0.570268425191654,240,22,262,Exact_structureO
query_cycle_8_18.graph,1,0.4,545,289.1642512077295,367.92477514309076,0.2723729631391447,300,41,341,Exact_structureO
query_cycle_8_18.graph,2,0.4,545,289.1642512077295,269.18210098109597,0.06910311403700713,298,33,331,Exact_structureO
query_cycle_8_18.graph,3,0.4,545,289.1642512077295,213.5597772521191,0.2614585780913068,305,31,336,Exact_structureO
query_cycle_8_18.graph,4,0.4,545,289.1642512077295,525.1356033129433,0.8160460745740559,299,30,329,Exact_structureO
query_cycle_8_18.graph,5,0.4,545,289.1642512077295,207.3303261623872,0.28300152838240894,309,32,341,Exact_structureO
query_cycle_8_18.graph,1,0.5,681,289.1642512077295,310.8765046812305,0.07508622999840796,366,48,414,Exact_structureO
query_cycle_8_18.graph,2,0.5,681,289.1642512077295,329.2037054148956,0.13846612795301105,365,46,411,Exact_structureO
query_cycle_8_18.graph,3,0.5,681,289.1642512077295,328.3420428500249,0.13548629015746108,366,40,406,Exact_structureO
query_cycle_8_18.graph,4,0.5,681,289.1642512077295,329.9772592372756,0.14114126438204458,372,47,419,Exact_structureO
query_cycle_8_18.graph,5,0.5,681,289.1642512077295,195.573727707699,0.3236586926258635,367,41,408,Exact_structureO
query_cycle_8_18.graph,1,0.6,817,289.1642512077295,270.6083202511774,0.06417090245094603,436,55,491,Exact_structureO
query_cycle_8_18.graph,2,0.6,817,289.1642512077295,352.81904315511065,0.22013368416572668,431,60,491,Exact_structureO
query_cycle_8_18.graph,3,0.6,817,289.1642512077295,392.6977192418888,0.3580438024470151,446,52,498,Exact_structureO
query_cycle_8_18.graph,4,0.6,817,289.1642512077295,296.15925071477875,0.024190402090970134,445,60,505,Exact_structureO
query_cycle_8_18.graph,5,0.6,817,289.1642512077295,202.65,0.29918722956379373,440,53,493,Exact_structureO
query_cycle_8_18.graph,1,0.7,954,289.1642512077295,244.50799072094057,0.15443216199885232,507,68,575,Exact_structureO
query_cycle_8_18.graph,2,0.7,954,289.1642512077295,313.0307695515694,0.08253619956187015,507,68,575,Exact_structureO
query_cycle_8_18.graph,3,0.7,954,289.1642512077295,355.36340852130326,0.22893271570425802,505,68,573,Exact_structureO
query_cycle_8_18.graph,4,0.7,954,289.1642512077295,360.4107133616898,0.24638751801576725,500,69,569,Exact_structureO
query_cycle_8_18.graph,5,0.7,954,289.1642512077295,246.89365923031184,0.14618194261866532,511,65,576,Exact_structureO
query_cycle_8_18.graph,1,0.8,1090,289.1642512077295,230.210381690945,0.20387675610161524,583,84,667,Exact_structureO
query_cycle_8_18.graph,2,0.8,1090,289.1642512077295,305.22597462920845,0.05554532883783262,578,82,660,Exact_structureO
query_cycle_8_18.graph,3,0.8,1090,289.1642512077295,294.56425507340595,0.01867452094483567,584,87,671,Exact_structureO
query_cycle_8_18.graph,4,0.8,1090,289.1642512077295,339.5362697203942,0.17419863728756202,577,86,663,Exact_structureO
query_cycle_8_18.graph,5,0.8,1090,289.1642512077295,222.34800481368393,0.23106675916880948,579,78,657,Exact_structureO
query_cycle_8_19.graph,1,0.01,353,1718.4164024128233,766.3467153284673,0.5540389894716774,194,14,208,Exact_structureO
query_cycle_8_19.graph,2,0.01,353,1718.4164024128233,,,210,1,211,Exact_structureO
query_cycle_8_19.graph,3,0.01,353,1718.4164024128233,1963.4190871369294,0.1425746893361228,199,10,209,Exact_structureO
query_cycle_8_19.graph,4,0.01,353,1718.4164024128233,595.9183673469389,0.6532165507090064,215,10,225,Exact_structureO
query_cycle_8_19.graph,5,0.01,353,1718.4164024128233,0.0,1.0,205,6,211,Exact_structureO
query_cycle_8_19.graph,1,0.05,1765,1718.4164024128233,572.8383303938859,0.6666475427087606,511,46,557,Exact_structureO
query_cycle_8_19.graph,2,0.05,1765,1718.4164024128233,348.5570131180625,0.7971638232568924,530,18,548,Exact_structureO
query_cycle_8_19.graph,3,0.05,1765,1718.4164024128233,912.7576216216213,0.46883792523161383,526,32,558,Exact_structureO
query_cycle_8_19.graph,4,0.05,1765,1718.4164024128233,705.5540282550593,0.5894161465961376,502,33,535,Exact_structureO
query_cycle_8_19.graph,5,0.05,1765,1718.4164024128233,1313.909090909091,0.23539539714341928,537,15,552,Exact_structureO
query_cycle_8_19.graph,1,0.075,2648,1718.4164024128233,667.4344160512384,0.6115991356262104,682,57,739,Exact_structureO
query_cycle_8_19.graph,2,0.075,2648,1718.4164024128233,320.4983333333333,0.813492042508834,690,28,718,Exact_structureO
query_cycle_8_19.graph,3,0.075,2648,1718.4164024128233,1037.5604002859184,0.3962113031340466,703,40,743,Exact_structureO
query_cycle_8_19.graph,4,0.075,2648,1718.4164024128233,659.7038145100972,0.6160978133217252,679,44,723,Exact_structureO
query_cycle_8_19.graph,5,0.075,2648,1718.4164024128233,2179.981163434903,0.26859890325418095,673,40,713,Exact_structureO
query_cycle_8_19.graph,1,0.1,3531,1718.4164024128233,591.5474683544304,0.6557601129017155,830,73,903,Exact_structureO
query_cycle_8_19.graph,2,0.1,3531,1718.4164024128233,227.09939879759517,0.8678437900856129,837,42,879,Exact_structureO
query_cycle_8_19.graph,3,0.1,3531,1718.4164024128233,574.1384046487058,0.6658909890277119,821,57,878,Exact_structureO
query_cycle_8_19.graph,4,0.1,3531,1718.4164024128233,697.1396308360478,0.5943127464000018,808,67,875,Exact_structureO
query_cycle_8_19.graph,5,0.1,3531,1718.4164024128233,2687.924648129077,0.5641870296134104,832,52,884,Exact_structureO
query_cycle_8_19.graph,1,0.125,4414,1718.4164024128233,616.1516391333436,0.6414421799814021,935,84,1019,Exact_structureO
query_cycle_8_19.graph,2,0.125,4414,1718.4164024128233,1084.9059500959693,0.36865945380138593,945,50,995,Exact_structureO
query_cycle_8_19.graph,3,0.125,4414,1718.4164024128233,1039.8818403367552,0.3948603849005048,940,71,1011,Exact_structureO
query_cycle_8_19.graph,4,0.125,4414,1718.4164024128233,1576.2939698492464,0.08270546787380709,928,94,1022,Exact_structureO
query_cycle_8_19.graph,5,0.125,4414,1718.4164024128233,2145.966162821533,0.24880451548785754,951,76,1027,Exact_structureO
query_cycle_8_19.graph,1,0.15,5297,1718.4164024128233,640.7538175260896,0.6271254064926237,1049,99,1148,Exact_structureO
query_cycle_8_19.graph,2,0.15,5297,1718.4164024128233,942.6485714285715,0.4514434510139676,1066,67,1133,Exact_structureO
query_cycle_8_19.graph,3,0.15,5297,1718.4164024128233,1146.2272886038168,0.3329746579499576,1048,81,1129,Exact_structureO
query_cycle_8_19.graph,4,0.15,5297,1718.4164024128233,2712.881338013278,0.578710104375243,1062,104,1166,Exact_structureO
query_cycle_8_19.graph,5,0.15,5297,1718.4164024128233,1710.5836432506887,0.004558126395404894,1044,97,1141,Exact_structureO
query_cycle_8_19.graph,1,0.2,7063,1718.4164024128233,901.1901270772236,0.4755694104107333,1233,125,1358,Exact_structureO
query_cycle_8_19.graph,2,0.2,7063,1718.4164024128233,1432.3593154622636,0.1664655240423147,1255,83,1338,Exact_structureO
query_cycle_8_19.graph,3,0.2,7063,1718.4164024128233,832.1135987978964,0.5157671926143581,1235,117,1352,Exact_structureO
query_cycle_8_19.graph,4,0.2,7063,1718.4164024128233,2205.165161276398,0.2832542555926097,1230,135,1365,Exact_structureO
query_cycle_8_19.graph,5,0.2,7063,1718.4164024128233,1272.8221571498289,0.2593051629612805,1234,128,1362,Exact_structureO
query_cycle_8_19.graph,1,0.3,10594,1718.4164024128233,673.1541666666667,0.6082706346834836,1593,186,1779,Exact_structureO
query_cycle_8_19.graph,2,0.3,10594,1718.4164024128233,1289.9063786072677,0.24936332265211505,1640,140,1780,Exact_structureO
query_cycle_8_19.graph,3,0.3,10594,1718.4164024128233,1273.7272329328491,0.25877847118753494,1607,187,1794,Exact_structureO
query_cycle_8_19.graph,4,0.3,10594,1718.4164024128233,2160.630526315789,0.25733816511647256,1601,176,1777,Exact_structureO
query_cycle_8_19.graph,5,0.3,10594,1718.4164024128233,1152.0643593065581,0.32957788479617167,1608,190,1798,Exact_structureO
query_cycle_8_19.graph,1,0.4,14126,1718.4164024128233,731.9700570421711,0.5740438370965185,1853,234,2087,Exact_structureO
query_cycle_8_19.graph,2,0.4,14126,1718.4164024128233,1104.4660899886007,0.35727679947780805,1868,183,2051,Exact_structureO
query_cycle_8_19.graph,3,0.4,14126,1718.4164024128233,2210.403064825083,0.2863023547269817,1828,231,2059,Exact_structureO
query_cycle_8_19.graph,4,0.4,14126,1718.4164024128233,2204.326294375858,0.2827660928287057,1847,226,2073,Exact_structureO
query_cycle_8_19.graph,5,0.4,14126,1718.4164024128233,1679.4961290690383,0.02264891867252736,1843,247,2090,Exact_structureO
query_cycle_8_19.graph,1,0.5,17658,1718.4164024128233,1122.1476052322896,0.34698737532027424,2061,275,2336,Exact_structureO
query_cycle_8_19.graph,2,0.5,17658,1718.4164024128233,1224.4808061790463,0.2874364999893178,2076,233,2309,Exact_structureO
query_cycle_8_19.graph,3,0.5,17658,1718.4164024128233,1998.5392011834317,0.163012177012096,2061,281,2342,Exact_structureO
query_cycle_8_19.graph,4,0.5,17658,1718.4164024128233,2378.624741773227,0.38419578539485955,2051,281,2332,Exact_structureO
query_cycle_8_19.graph,5,0.5,17658,1718.4164024128233,2234.358893300105,0.3002429970773373,2049,292,2341,Exact_structureO
query_cycle_8_19.graph,1,0.6,21189,1718.4164024128233,962.0850318259443,0.440132769638905,2213,313,2526,Exact_structureO
query_cycle_8_19.graph,2,0.6,21189,1718.4164024128233,1184.364348649543,0.31078151547751726,2236,276,2512,Exact_structureO
query_cycle_8_19.graph,3,0.6,21189,1718.4164024128233,1706.4568744052824,0.006959621655582781,2210,332,2542,Exact_structureO
query_cycle_8_19.graph,4,0.6,21189,1718.4164024128233,2453.042409477489,0.42750174290304693,2220,322,2542,Exact_structureO
query_cycle_8_19.graph,5,0.6,21189,1718.4164024128233,2093.899486173057,0.21850529547612504,2215,341,2556,Exact_structureO
query_cycle_8_19.graph,1,0.7,24721,1718.4164024128233,878.0175932736372,0.4890542292073008,2384,354,2738,Exact_structureO
query_cycle_8_19.graph,2,0.7,24721,1718.4164024128233,1241.1841945288752,0.27771627832105644,2386,306,2692,Exact_structureO
query_cycle_8_19.graph,3,0.7,24721,1718.4164024128233,1903.367098729768,0.10762856782398955,2361,375,2736,Exact_structureO
query_cycle_8_19.graph,4,0.7,24721,1718.4164024128233,2378.8040540540546,0.3843001327931827,2365,380,2745,Exact_structureO
query_cycle_8_19.graph,5,0.7,24721,1718.4164024128233,2280.323784911376,0.32699139842332764,2370,382,2752,Exact_structureO
query_cycle_8_19.graph,1,0.8,28252,1718.4164024128233,865.1110553689632,0.496564945403068,2500,377,2877,Exact_structureO
query_cycle_8_19.graph,2,0.8,28252,1718.4164024128233,1567.5916927032376,0.0877695938526967,2505,364,2869,Exact_structureO
query_cycle_8_19.graph,3,0.8,28252,1718.4164024128233,1898.1605214184042,0.10459869840232126,2501,419,2920,Exact_structureO
query_cycle_8_19.graph,4,0.8,28252,1718.4164024128233,2130.2392158388116,0.2396525154483797,2481,416,2897,Exact_structureO
query_cycle_8_19.graph,5,0.8,28252,1718.4164024128233,2188.959667456171,0.2738237742509086,2484,411,2895,Exact_structureO
query_cycle_8_20.graph,1,0.01,194,12059.289124508767,57705.882352941175,3.785181096260665,74,11,85,Exact_structureO
query_cycle_8_20.graph,2,0.01,194,12059.289124508767,13090.205188679245,0.08548729975096875,52,8,60,Exact_structureO
query_cycle_8_20.graph,3,0.01,194,12059.289124508767,27436.92307692307,1.2751691906251323,63,10,73,Exact_structureO
query_cycle_8_20.graph,4,0.01,194,12059.289124508767,0.0,1.0,64,12,76,Exact_structureO
query_cycle_8_20.graph,5,0.01,194,12059.289124508767,4083.961864406779,0.6613430673863921,57,12,69,Exact_structureO
query_cycle_8_20.graph,1,0.05,972,12059.289124508767,21261.390990596985,0.7630716679133492,161,63,224,Exact_structureO
query_cycle_8_20.graph,2,0.05,972,12059.289124508767,12828.61777512166,0.06379552249471686,171,56,227,Exact_structureO
query_cycle_8_20.graph,3,0.05,972,12059.289124508767,7410.258633145499,0.3855144729812294,164,51,215,Exact_structureO
query_cycle_8_20.graph,4,0.05,972,12059.289124508767,4542.398716405936,0.6233278206114019,151,64,215,Exact_structureO
query_cycle_8_20.graph,5,0.05,972,12059.289124508767,7206.268656716419,0.40243006181262236,154,56,210,Exact_structureO
query_cycle_8_20.graph,1,0.075,1458,12059.289124508767,13722.237028753992,0.13789767266343453,204,92,296,Exact_structureO
query_cycle_8_20.graph,2,0.075,1458,12059.289124508767,10171.171834509876,0.15656953494560175,207,87,294,Exact_structureO
query_cycle_8_20.graph,3,0.075,1458,12059.289124508767,9399.35220980044,0.22057161804856215,216,75,291,Exact_structureO
query_cycle_8_20.graph,4,0.075,1458,12059.289124508767,14282.145753594703,0.1843273352297608,209,86,295,Exact_structureO
query_cycle_8_20.graph,5,0.075,1458,12059.289124508767,15091.415410385262,0.2514349108451289,210,81,291,Exact_structureO
query_cycle_8_20.graph,1,0.1,1944,12059.289124508767,18659.26733810241,0.5472941352886332,251,132,383,Exact_structureO
query_cycle_8_20.graph,2,0.1,1944,12059.289124508767,13788.483886232318,0.14339110239999237,252,117,369,Exact_structureO
query_cycle_8_20.graph,3,0.1,1944,12059.289124508767,9247.171553368811,0.23319099012434588,251,98,349,Exact_structureO
query_cycle_8_20.graph,4,0.1,1944,12059.289124508767,15111.684841259883,0.2531157255818307,261,112,373,Exact_structureO
query_cycle_8_20.graph,5,0.1,1944,12059.289124508767,16241.568677248677,0.3468097919835117,247,109,356,Exact_structureO
query_cycle_8_20.graph,1,0.125,2430,12059.289124508767,15731.88266452371,0.30454477889172804,274,166,440,Exact_structureO
query_cycle_8_20.graph,2,0.125,2430,12059.289124508767,11892.773758721129,0.01380805817560337,279,150,429,Exact_structureO
query_cycle_8_20.graph,3,0.125,2430,12059.289124508767,13193.13842194601,0.09402289684993609,286,132,418,Exact_structureO
query_cycle_8_20.graph,4,0.125,2430,12059.289124508767,11512.028734800231,0.04538081673457083,282,130,412,Exact_structureO
query_cycle_8_20.graph,5,0.125,2430,12059.289124508767,13245.402498025278,0.09835682362950457,280,144,424,Exact_structureO
query_cycle_8_20.graph,1,0.15,2916,12059.289124508767,13273.975151964585,0.10072617174317051,310,187,497,Exact_structureO
query_cycle_8_20.graph,2,0.15,2916,12059.289124508767,10037.615397563677,0.1676445191811787,306,169,475,Exact_structureO
query_cycle_8_20.graph,3,0.15,2916,12059.289124508767,10566.727678810863,0.12376860943357662,305,149,454,Exact_structureO
query_cycle_8_20.graph,4,0.15,2916,12059.289124508767,9754.643075463388,0.19110961062883203,316,162,478,Exact_structureO
query_cycle_8_20.graph,5,0.15,2916,12059.289124508767,10242.18572497735,0.15068080554088523,302,184,486,Exact_structureO
query_cycle_8_20.graph,1,0.2,3889,12059.289124508767,12166.342977705262,0.008877293851336912,347,228,575,Exact_structureO
query_cycle_8_20.graph,2,0.2,3889,12059.289124508767,11706.506917800256,0.029253980318917124,358,216,574,Exact_structureO
query_cycle_8_20.graph,3,0.2,3889,12059.289124508767,10851.010331517678,0.10019486061872716,353,200,553,Exact_structureO
query_cycle_8_20.graph,4,0.2,3889,12059.289124508767,11539.554774209946,0.04309825769435575,361,200,561,Exact_structureO
query_cycle_8_20.graph,5,0.2,3889,12059.289124508767,11383.286590241269,0.056056582381263285,346,236,582,Exact_structureO
query_cycle_8_20.graph,1,0.3,5833,12059.289124508767,12371.553221399961,0.025894071670987878,465,374,839,Exact_structureO
query_cycle_8_20.graph,2,0.3,5833,12059.289124508767,10290.759829046618,0.146652864625981,482,352,834,Exact_structureO
query_cycle_8_20.graph,3,0.3,5833,12059.289124508767,10517.86951103405,0.12782010594156856,484,374,858,Exact_structureO
query_cycle_8_20.graph,4,0.3,5833,12059.289124508767,11360.341458668316,0.0579592759261357,481,304,785,Exact_structureO
query_cycle_8_20.graph,5,0.3,5833,12059.289124508767,12703.964270582448,0.053458801710249415,467,346,813,Exact_structureO
query_cycle_8_20.graph,1,0.4,7778,12059.289124508767,12087.4317280389,0.0023336867737036005,532,435,967,Exact_structureO
query_cycle_8_20.graph,2,0.4,7778,12059.289124508767,10175.048804344018,0.15624804254301372,539,439,978,Exact_structureO
query_cycle_8_20.graph,3,0.4,7778,12059.289124508767,11265.998849671281,0.06578250729765134,539,448,987,Exact_structureO
query_cycle_8_20.graph,4,0.4,7778,12059.289124508767,13130.964840292336,0.088867237920811,553,381,934,Exact_structureO
query_cycle_8_20.graph,5,0.4,7778,12059.289124508767,13060.165335191052,0.08299628612835465,544,420,964,Exact_structureO
query_cycle_8_20.graph,1,0.5,9723,12059.289124508767,12234.770841093645,0.01455158050968666,594,516,1110,Exact_structureO
query_cycle_8_20.graph,2,0.5,9723,12059.289124508767,10744.815390081883,0.10900093039111276,603,510,1113,Exact_structureO
query_cycle_8_20.graph,3,0.5,9723,12059.289124508767,12572.706042659833,0.04257439330379933,607,495,1102,Exact_structureO
query_cycle_8_20.graph,4,0.5,9723,12059.289124508767,13311.810035949664,0.10386357757152774,611,444,1055,Exact_structureO
query_cycle_8_20.graph,5,0.5,9723,12059.289124508767,12408.601626111356,0.02896625978497044,620,486,1106,Exact_structureO
query_cycle_8_20.graph,1,0.6,11667,12059.289124508767,12730.667860755953,0.05567316027631398,635,563,1198,Exact_structureO
query_cycle_8_20.graph,2,0.6,11667,12059.289124508767,10519.644244310444,0.12767293862033843,646,540,1186,Exact_structureO
query_cycle_8_20.graph,3,0.6,11667,12059.289124508767,12087.225284495018,0.002316567726158514,645,528,1173,Exact_structureO
query_cycle_8_20.graph,4,0.6,11667,12059.289124508767,12463.262228451913,0.033498915215667995,664,490,1154,Exact_structureO
query_cycle_8_20.graph,5,0.6,11667,12059.289124508767,12652.375016030739,0.04918083357970171,654,529,1183,Exact_structureO
query_cycle_8_20.graph,1,0.7,13612,12059.289124508767,12552.309795220144,0.040883062477487506,672,591,1263,Exact_structureO
query_cycle_8_20.graph,2,0.7,13612,12059.289124508767,10714.759559161394,0.11149326892037198,689,568,1257,Exact_structureO
query_cycle_8_20.graph,3,0.7,13612,12059.289124508767,11682.28191154138,0.03126280571556855,682,571,1253,Exact_structureO
query_cycle_8_20.graph,4,0.7,13612,12059.289124508767,11810.05714708273,0.020667219672137045,695,522,1217,Exact_structureO
query_cycle_8_20.graph,5,0.7,13612,12059.289124508767,12873.314365893611,0.06750192594109514,691,556,1247,Exact_structureO
query_cycle_8_20.graph,1,0.8,15556,12059.289124508767,11634.444007346843,0.035229698266250796,698,617,1315,Exact_structureO
query_cycle_8_20.graph,2,0.8,15556,12059.289124508767,10863.701440983668,0.09914246778404531,710,582,1292,Exact_structureO
query_cycle_8_20.graph,3,0.8,15556,12059.289124508767,11302.272979178319,0.06277452489234393,705,587,1292,Exact_structureO
query_cycle_8_20.graph,4,0.8,15556,12059.289124508767,12456.879283018716,0.032969618225829285,724,549,1273,Exact_structureO
query_cycle_8_20.graph,5,0.8,15556,12059.289124508767,12430.839079242747,0.030810270066322462,709,574,1283,Exact_structureO
query_cycle_8_23.graph,1,0.01,23,215.4915254237288,,,14,0,14,Exact_structureO
query_cycle_8_23.graph,2,0.01,23,215.4915254237288,0.0,1.0,15,2,17,Exact_structureO
query_cycle_8_23.graph,3,0.01,23,215.4915254237288,,,18,0,18,Exact_structureO
query_cycle_8_23.graph,4,0.01,23,215.4915254237288,,,20,0,20,Exact_structureO
query_cycle_8_23.graph,5,0.01,23,215.4915254237288,,,12,0,12,Exact_structureO
query_cycle_8_23.graph,1,0.05,117,215.4915254237288,15.491452991452993,0.9281110801875313,40,9,49,Exact_structureO
query_cycle_8_23.graph,2,0.05,117,215.4915254237288,592.948717948718,1.751610379028973,37,8,45,Exact_structureO
query_cycle_8_23.graph,3,0.05,117,215.4915254237288,20.610062893081764,0.9043578959657209,37,5,42,Exact_structureO
query_cycle_8_23.graph,4,0.05,117,215.4915254237288,0.0,1.0,38,4,42,Exact_structureO
query_cycle_8_23.graph,5,0.05,117,215.4915254237288,31.866920152091257,0.8521198451334446,39,2,41,Exact_structureO
query_cycle_8_23.graph,1,0.075,175,215.4915254237288,100.72808908045977,0.5325658914781244,42,12,54,Exact_structureO
query_cycle_8_23.graph,2,0.075,175,215.4915254237288,1021.978021978022,3.7425439119634496,44,11,55,Exact_structureO
query_cycle_8_23.graph,3,0.075,175,215.4915254237288,30.71308016877637,0.8574743015606571,40,6,46,Exact_structureO
query_cycle_8_23.graph,4,0.075,175,215.4915254237288,29.0,0.8654239421110587,44,4,48,Exact_structureO
query_cycle_8_23.graph,5,0.075,175,215.4915254237288,18.85512367491166,0.9125017856835153,45,4,49,Exact_structureO
query_cycle_8_23.graph,1,0.1,234,215.4915254237288,102.00088888888888,0.526659395591911,46,13,59,Exact_structureO
query_cycle_8_23.graph,2,0.1,234,215.4915254237288,528.5714285714287,1.4528641093058274,42,10,52,Exact_structureO
query_cycle_8_23.graph,3,0.1,234,215.4915254237288,21.615300546448093,0.8996930366335979,42,10,52,Exact_structureO
query_cycle_8_23.graph,4,0.1,234,215.4915254237288,19.414565826330534,0.909905664326451,47,6,53,Exact_structureO
query_cycle_8_23.graph,5,0.1,234,215.4915254237288,22.112499999999997,0.8973857558596823,47,4,51,Exact_structureO
query_cycle_8_23.graph,1,0.125,292,215.4915254237288,106.42696296296296,0.5061199610811062,48,14,62,Exact_structureO
query_cycle_8_23.graph,2,0.125,292,215.4915254237288,514.9378955696203,1.3895969670133395,45,12,57,Exact_structureO
query_cycle_8_23.graph,3,0.125,292,215.4915254237288,40.94362984685564,0.8099988861912472,47,12,59,Exact_structureO
query_cycle_8_23.graph,4,0.125,292,215.4915254237288,21.7703081232493,0.898973715646397,49,6,55,Exact_structureO
query_cycle_8_23.graph,5,0.125,292,215.4915254237288,22.911602209944746,0.8936774791264166,49,4,53,Exact_structureO
query_cycle_8_23.graph,1,0.15,351,215.4915254237288,412.6008676789588,0.914696491510034,47,13,60,Exact_structureO
query_cycle_8_23.graph,2,0.15,351,215.4915254237288,784.7290348101266,2.641577241922091,53,12,65,Exact_structureO
query_cycle_8_23.graph,3,0.15,351,215.4915254237288,340.8439329699172,0.5817045811880696,50,16,66,Exact_structureO
query_cycle_8_23.graph,4,0.15,351,215.4915254237288,27.39755501222494,0.8728601741606675,53,7,60,Exact_structureO
query_cycle_8_23.graph,5,0.15,351,215.4915254237288,67.69808743169399,0.6858433885110944,53,6,59,Exact_structureO
query_cycle_8_23.graph,1,0.2,468,215.4915254237288,493.9749890940817,1.2923174733798035,53,18,71,Exact_structureO
query_cycle_8_23.graph,2,0.2,468,215.4915254237288,627.306894618834,1.9110513435984904,52,12,64,Exact_structureO
query_cycle_8_23.graph,3,0.2,468,215.4915254237288,306.7395061728395,0.4234411565359079,51,19,70,Exact_structureO
query_cycle_8_23.graph,4,0.2,468,215.4915254237288,34.248134328358205,0.8410696928289183,53,6,59,Exact_structureO
query_cycle_8_23.graph,5,0.2,468,215.4915254237288,28.109028960817724,0.869558541081623,55,10,65,Exact_structureO
query_cycle_8_23.graph,1,0.3,702,215.4915254237288,275.9686090087442,0.2806471552238404,60,29,89,Exact_structureO
query_cycle_8_23.graph,2,0.3,702,215.4915254237288,476.62499999999994,1.2118039169419537,60,20,80,Exact_structureO
query_cycle_8_23.graph,3,0.3,702,215.4915254237288,330.54155900086135,0.5338958613379599,59,26,85,Exact_structureO
query_cycle_8_23.graph,4,0.3,702,215.4915254237288,588.2727272727274,1.7299111931013775,62,15,77,Exact_structureO
query_cycle_8_23.graph,5,0.3,702,215.4915254237288,176.44106138420153,0.1812157761783946,61,24,85,Exact_structureO
query_cycle_8_23.graph,1,0.4,936,215.4915254237288,292.6995905834186,0.35828817401460594,61,31,92,Exact_structureO
query_cycle_8_23.graph,2,0.4,936,215.4915254237288,373.45795907341125,0.7330517213568716,61,20,81,Exact_structureO
query_cycle_8_23.graph,3,0.4,936,215.4915254237288,268.625,0.24656874311782292,59,26,85,Exact_structureO
query_cycle_8_23.graph,4,0.4,936,215.4915254237288,484.7247648902821,1.2493913110371753,65,24,89,Exact_structureO
query_cycle_8_23.graph,5,0.4,936,215.4915254237288,177.0689655172414,0.1783019533178195,62,24,86,Exact_structureO
query_cycle_8_23.graph,1,0.5,1170,215.4915254237288,274.7852731591449,0.2751558216446082,63,33,96,Exact_structureO
query_cycle_8_23.graph,2,0.5,1170,215.4915254237288,293.7435776685777,0.3631328521665947,65,31,96,Exact_structureO
query_cycle_8_23.graph,3,0.5,1170,215.4915254237288,312.3076923076923,0.44928062341936825,63,29,92,Exact_structureO
query_cycle_8_23.graph,4,0.5,1170,215.4915254237288,455.9941280093951,1.1160652471727477,65,24,89,Exact_structureO
query_cycle_8_23.graph,5,0.5,1170,215.4915254237288,175.16027965828496,0.18715931258149965,64,29,93,Exact_structureO
query_cycle_8_23.graph,1,0.6,1404,215.4915254237288,298.72758820127245,0.3862614207861472,64,33,97,Exact_structureO
query_cycle_8_23.graph,2,0.6,1404,215.4915254237288,294.91830466830476,0.36858423591552475,65,29,94,Exact_structureO
query_cycle_8_23.graph,3,0.6,1404,215.4915254237288,279.1094860630419,0.29522256392319285,66,31,97,Exact_structureO
query_cycle_8_23.graph,4,0.6,1404,215.4915254237288,299.7512681912682,0.39101186277212713,67,27,94,Exact_structureO
query_cycle_8_23.graph,5,0.6,1404,215.4915254237288,132.83175822012208,0.383587090216517,65,31,96,Exact_structureO
query_cycle_8_23.graph,1,0.7,1638,215.4915254237288,276.6777286135693,0.2839378628441552,64,33,97,Exact_structureO
query_cycle_8_23.graph,2,0.7,1638,215.4915254237288,217.46006688650345,0.0091351224086601,65,32,97,Exact_structureO
query_cycle_8_23.graph,3,0.7,1638,215.4915254237288,195.69679513701027,0.0918585092745315,63,29,92,Exact_structureO
query_cycle_8_23.graph,4,0.7,1638,215.4915254237288,302.047747368421,0.4016687977612743,66,27,93,Exact_structureO
query_cycle_8_23.graph,5,0.7,1638,215.4915254237288,190.61139163933905,0.11545759739491865,64,30,94,Exact_structureO
query_cycle_8_23.graph,1,0.8,1872,215.4915254237288,243.8734505494506,0.13170784823168055,67,34,101,Exact_structureO
query_cycle_8_23.graph,2,0.8,1872,215.4915254237288,195.73015873015876,0.0917036837282234,66,33,99,Exact_structureO
query_cycle_8_23.graph,3,0.8,1872,215.4915254237288,238.30114181096525,0.10584925018459575,67,33,100,Exact_structureO
query_cycle_8_23.graph,4,0.8,1872,215.4915254237288,364.35135135135135,0.690792019012878,69,29,98,Exact_structureO
query_cycle_8_23.graph,5,0.8,1872,215.4915254237288,171.07812499999997,0.206102770567878,66,31,97,Exact_structureO
query_cycle_8_24.graph,1,0.01,159,1474.4634061837382,,,91,0,91,Exact_structureO
query_cycle_8_24.graph,2,0.01,159,1474.4634061837382,465.17880794701995,0.6845097640293337,89,1,90,Exact_structureO
query_cycle_8_24.graph,3,0.01,159,1474.4634061837382,548.7125748502995,0.6278560915455352,97,2,99,Exact_structureO
query_cycle_8_24.graph,4,0.01,159,1474.4634061837382,183.10791366906474,0.8758138636054783,89,1,90,Exact_structureO
query_cycle_8_24.graph,5,0.01,159,1474.4634061837382,544.0601503759399,0.631011425516421,82,1,83,Exact_structureO
query_cycle_8_24.graph,1,0.05,795,1474.4634061837382,5061.322645290581,2.432653956730257,221,3,224,Exact_structureO
query_cycle_8_24.graph,2,0.05,795,1474.4634061837382,560.2272727272727,0.6200466757074194,235,4,239,Exact_structureO
query_cycle_8_24.graph,3,0.05,795,1474.4634061837382,550.3891050583658,0.6267190472479045,233,3,236,Exact_structureO
query_cycle_8_24.graph,4,0.05,795,1474.4634061837382,278.6741803278688,0.8109995954059357,232,3,235,Exact_structureO
query_cycle_8_24.graph,5,0.05,795,1474.4634061837382,1535.7142857142858,0.041541132369693305,233,5,238,Exact_structureO
query_cycle_8_24.graph,1,0.075,1193,1474.4634061837382,1556.2640364188164,0.05547823695862189,306,6,312,Exact_structureO
query_cycle_8_24.graph,2,0.075,1193,1474.4634061837382,547.3409797822706,0.6287863249187586,311,6,317,Exact_structureO
query_cycle_8_24.graph,3,0.075,1193,1474.4634061837382,440.8305022156572,0.7010230973743653,302,6,308,Exact_structureO
query_cycle_8_24.graph,4,0.075,1193,1474.4634061837382,289.62511542012925,0.8035725307217031,310,6,316,Exact_structureO
query_cycle_8_24.graph,5,0.075,1193,1474.4634061837382,1377.3640449438203,0.06585403261464057,302,7,309,Exact_structureO
query_cycle_8_24.graph,1,0.1,1590,1474.4634061837382,1327.7688229056203,0.09949014852650595,390,7,397,Exact_structureO
query_cycle_8_24.graph,2,0.1,1590,1474.4634061837382,483.2977319587629,0.6722212772918846,409,7,416,Exact_structureO
query_cycle_8_24.graph,3,0.1,1590,1474.4634061837382,463.7861169837914,0.68545430490935,401,9,410,Exact_structureO
query_cycle_8_24.graph,4,0.1,1590,1474.4634061837382,308.3191256830601,0.7908940131101231,390,6,396,Exact_structureO
query_cycle_8_24.graph,5,0.1,1590,1474.4634061837382,1370.2969823100939,0.07064700516593479,407,7,414,Exact_structureO
query_cycle_8_24.graph,1,0.125,1988,1474.4634061837382,2783.7046153846154,0.8879441861426081,491,9,500,Exact_structureO
query_cycle_8_24.graph,2,0.125,1988,1474.4634061837382,2202.078634843768,0.4934779836573029,472,10,482,Exact_structureO
query_cycle_8_24.graph,3,0.125,1988,1474.4634061837382,623.7832543443918,0.576942193527277,494,16,510,Exact_structureO
query_cycle_8_24.graph,4,0.125,1988,1474.4634061837382,333.00854700854705,0.7741493307925136,492,11,503,Exact_structureO
query_cycle_8_24.graph,5,0.125,1988,1474.4634061837382,1309.1594919635832,0.11211123553618799,479,10,489,Exact_structureO
query_cycle_8_24.graph,1,0.15,2386,1474.4634061837382,3414.707820069203,1.3158986555707601,566,12,578,Exact_structureO
query_cycle_8_24.graph,2,0.15,2386,1474.4634061837382,3042.1840807009794,1.0632482759099968,559,12,571,Exact_structureO
query_cycle_8_24.graph,3,0.15,2386,1474.4634061837382,1303.608779857973,0.11587579970395978,554,20,574,Exact_structureO
query_cycle_8_24.graph,4,0.15,2386,1474.4634061837382,452.0594027954257,0.6934075129301018,552,14,566,Exact_structureO
query_cycle_8_24.graph,5,0.15,2386,1474.4634061837382,911.4209734673004,0.38186260191680543,553,14,567,Exact_structureO
query_cycle_8_24.graph,1,0.2,3181,1474.4634061837382,2083.2112694642387,0.41286061134340707,720,19,739,Exact_structureO
query_cycle_8_24.graph,2,0.2,3181,1474.4634061837382,2474.5740242261104,0.6782878529558737,714,16,730,Exact_structureO
query_cycle_8_24.graph,3,0.2,3181,1474.4634061837382,2452.9064025794564,0.6635925939512878,718,29,747,Exact_structureO
query_cycle_8_24.graph,4,0.2,3181,1474.4634061837382,515.7465168539326,0.6502140950457311,714,19,733,Exact_structureO
query_cycle_8_24.graph,5,0.2,3181,1474.4634061837382,775.7938706415162,0.47384664320055586,709,23,732,Exact_structureO
query_cycle_8_24.graph,1,0.3,4772,1474.4634061837382,1341.039336104812,0.09048991620908342,1107,49,1156,Exact_structureO
query_cycle_8_24.graph,2,0.3,4772,1474.4634061837382,1602.1017423114351,0.086565957210193,1099,39,1138,Exact_structureO
query_cycle_8_24.graph,3,0.3,4772,1474.4634061837382,1530.290973608339,0.03786297251628363,1102,55,1157,Exact_structureO
query_cycle_8_24.graph,4,0.3,4772,1474.4634061837382,1552.1694131832799,0.05270121094470783,1102,36,1138,Exact_structureO
query_cycle_8_24.graph,5,0.3,4772,1474.4634061837382,914.5244683673857,0.3797577718565479,1114,44,1158,Exact_structureO
query_cycle_8_24.graph,1,0.4,6363,1474.4634061837382,1485.8230256702195,0.007704239683969285,1393,68,1461,Exact_structureO
query_cycle_8_24.graph,2,0.4,6363,1474.4634061837382,1333.1709841401857,0.09582633346544074,1399,66,1465,Exact_structureO
query_cycle_8_24.graph,3,0.4,6363,1474.4634061837382,1630.1011485510217,0.10555551376490982,1397,69,1466,Exact_structureO
query_cycle_8_24.graph,4,0.4,6363,1474.4634061837382,1573.3811166390271,0.06708726038261706,1380,53,1433,Exact_structureO
query_cycle_8_24.graph,5,0.4,6363,1474.4634061837382,874.63157417198,0.40681364454087443,1398,57,1455,Exact_structureO
query_cycle_8_24.graph,1,0.5,7954,1474.4634061837382,1568.7233101505574,0.0639282762607084,1674,83,1757,Exact_structureO
query_cycle_8_24.graph,2,0.5,7954,1474.4634061837382,1305.046665854405,0.11490060697255548,1686,83,1769,Exact_structureO
query_cycle_8_24.graph,3,0.5,7954,1474.4634061837382,1384.2493328607568,0.06118434200851204,1674,88,1762,Exact_structureO
query_cycle_8_24.graph,4,0.5,7954,1474.4634061837382,1842.3494763549756,0.24950505290830785,1676,81,1757,Exact_structureO
query_cycle_8_24.graph,5,0.5,7954,1474.4634061837382,991.0666194560287,0.32784590292332544,1666,77,1743,Exact_structureO
query_cycle_8_24.graph,1,0.6,9544,1474.4634061837382,1856.02719941129,0.2587814601754882,1879,96,1975,Exact_structureO
query_cycle_8_24.graph,2,0.6,9544,1474.4634061837382,1086.9329918273959,0.262828099179052,1886,100,1986,Exact_structureO
query_cycle_8_24.graph,3,0.6,9544,1474.4634061837382,1663.9814677451898,0.1285335809397734,1875,105,1980,Exact_structureO
query_cycle_8_24.graph,4,0.6,9544,1474.4634061837382,1728.3645443718922,0.17219900956735876,1892,95,1987,Exact_structureO
query_cycle_8_24.graph,5,0.6,9544,1474.4634061837382,1408.037254402909,0.045051068410545334,1893,90,1983,Exact_structureO
query_cycle_8_24.graph,1,0.7,11135,1474.4634061837382,1472.164737214903,0.0015589867874610563,2078,109,2187,Exact_structureO
query_cycle_8_24.graph,2,0.7,11135,1474.4634061837382,1048.541715818348,0.28886555514305834,2070,109,2179,Exact_structureO
query_cycle_8_24.graph,3,0.7,11135,1474.4634061837382,1666.184308174421,0.13002757558215838,2081,117,2198,Exact_structureO
query_cycle_8_24.graph,4,0.7,11135,1474.4634061837382,1768.452125440585,0.19938692138705524,2078,104,2182,Exact_structureO
query_cycle_8_24.graph,5,0.7,11135,1474.4634061837382,1450.4708009417618,0.01627209270935723,2074,103,2177,Exact_structureO
query_cycle_8_24.graph,1,0.8,12726,1474.4634061837382,1551.8720529849481,0.05249953744295484,2235,117,2352,Exact_structureO
query_cycle_8_24.graph,2,0.8,12726,1474.4634061837382,1048.5195882954406,0.28888056231299863,2215,117,2332,Exact_structureO
query_cycle_8_24.graph,3,0.8,12726,1474.4634061837382,1453.2541133300456,0.014384414536666834,2216,121,2337,Exact_structureO
query_cycle_8_24.graph,4,0.8,12726,1474.4634061837382,1616.702481871106,0.09646836611260255,2222,111,2333,Exact_structureO
query_cycle_8_24.graph,5,0.8,12726,1474.4634061837382,1283.6965095670191,0.12938055689728456,2228,111,2339,Exact_structureO
query_cycle_8_26.graph,1,0.01,55,2251.1408450704225,,,65,1,66,Exact_structureO
query_cycle_8_26.graph,2,0.01,55,2251.1408450704225,807.1875,0.6414318092234923,57,2,59,Exact_structureO
query_cycle_8_26.graph,3,0.01,55,2251.1408450704225,,,69,1,70,Exact_structureO
query_cycle_8_26.graph,4,0.01,55,2251.1408450704225,,,56,0,56,Exact_structureO
query_cycle_8_26.graph,5,0.01,55,2251.1408450704225,,,60,2,62,Exact_structureO
query_cycle_8_26.graph,1,0.05,277,2251.1408450704225,831.6398713826367,0.6305695962099518,193,4,197,Exact_structureO
query_cycle_8_26.graph,2,0.05,277,2251.1408450704225,1693.1434426229507,0.24787316336486975,181,5,186,Exact_structureO
query_cycle_8_26.graph,3,0.05,277,2251.1408450704225,2855.6934306569347,0.26855386987907454,195,7,202,Exact_structureO
query_cycle_8_26.graph,4,0.05,277,2251.1408450704225,764.3571428571429,0.6604578764891845,191,3,194,Exact_structureO
query_cycle_8_26.graph,5,0.05,277,2251.1408450704225,,,187,2,189,Exact_structureO
query_cycle_8_26.graph,1,0.075,416,2251.1408450704225,880.1785714285714,0.6090077733892137,275,4,279,Exact_structureO
query_cycle_8_26.graph,2,0.075,416,2251.1408450704225,3016.471962616822,0.3399747817744641,285,8,293,Exact_structureO
query_cycle_8_26.graph,3,0.075,416,2251.1408450704225,2078.7941176470586,0.07655972650523893,279,9,288,Exact_structureO
query_cycle_8_26.graph,4,0.075,416,2251.1408450704225,816.4578833693304,0.6373137268788754,282,4,286,Exact_structureO
query_cycle_8_26.graph,5,0.075,416,2251.1408450704225,,,271,2,273,Exact_structureO
query_cycle_8_26.graph,1,0.1,555,2251.1408450704225,869.3669291338583,0.613810512550732,351,4,355,Exact_structureO
query_cycle_8_26.graph,2,0.1,555,2251.1408450704225,3167.012323943662,0.40684770163485184,355,11,366,Exact_structureO
query_cycle_8_26.graph,3,0.1,555,2251.1408450704225,1501.6401337792643,0.33294261126860397,340,11,351,Exact_structureO
query_cycle_8_26.graph,4,0.1,555,2251.1408450704225,795.9567901234567,0.6464207062536965,351,5,356,Exact_structureO
query_cycle_8_26.graph,5,0.1,555,2251.1408450704225,,,339,2,341,Exact_structureO
query_cycle_8_26.graph,1,0.125,694,2251.1408450704225,764.6138728323699,0.660343832103295,411,5,416,Exact_structureO
query_cycle_8_26.graph,2,0.125,694,2251.1408450704225,2543.8913551401865,0.13004539929646466,395,11,406,Exact_structureO
query_cycle_8_26.graph,3,0.125,694,2251.1408450704225,1606.0156545209175,0.28657700026287053,405,12,417,Exact_structureO
query_cycle_8_26.graph,4,0.125,694,2251.1408450704225,420.8849557522124,0.813034818912432,413,8,421,Exact_structureO
query_cycle_8_26.graph,5,0.125,694,2251.1408450704225,,,414,2,416,Exact_structureO
query_cycle_8_26.graph,1,0.15,833,2251.1408450704225,2973.6323818897636,0.3209446172155165,467,9,476,Exact_structureO
query_cycle_8_26.graph,2,0.15,833,2251.1408450704225,2983.8778234086244,0.3254958391176451,468,11,479,Exact_structureO
query_cycle_8_26.graph,3,0.15,833,2251.1408450704225,1348.8307291666667,0.40082348373698884,457,12,469,Exact_structureO
query_cycle_8_26.graph,4,0.15,833,2251.1408450704225,2203.1880674448767,0.021301544828060622,471,10,481,Exact_structureO
query_cycle_8_26.graph,5,0.15,833,2251.1408450704225,,,464,2,466,Exact_structureO
query_cycle_8_26.graph,1,0.2,1111,2251.1408450704225,2962.8673981191223,0.31616260466653956,578,10,588,Exact_structureO
query_cycle_8_26.graph,2,0.2,1111,2251.1408450704225,3412.2862957937587,0.5158031107942569,570,12,582,Exact_structureO
query_cycle_8_26.graph,3,0.2,1111,2251.1408450704225,1539.6031468531469,0.31607871172317364,570,16,586,Exact_structureO
query_cycle_8_26.graph,4,0.2,1111,2251.1408450704225,2045.1387900355874,0.09151006943254623,568,12,580,Exact_structureO
query_cycle_8_26.graph,5,0.2,1111,2251.1408450704225,737.3217213114754,0.6724675299965918,575,5,580,Exact_structureO
query_cycle_8_26.graph,1,0.3,1667,2251.1408450704225,1915.1346745211365,0.14926039447290768,791,14,805,Exact_structureO
query_cycle_8_26.graph,2,0.3,1667,2251.1408450704225,2640.0323098431113,0.1727530579102984,798,16,814,Exact_structureO
query_cycle_8_26.graph,3,0.3,1667,2251.1408450704225,1621.9318021201416,0.27950674180521895,776,18,794,Exact_structureO
query_cycle_8_26.graph,4,0.3,1667,2251.1408450704225,2173.5583225248597,0.03446364660632143,789,16,805,Exact_structureO
query_cycle_8_26.graph,5,0.3,1667,2251.1408450704225,677.719143148589,0.698944139975663,770,5,775,Exact_structureO
query_cycle_8_26.graph,1,0.4,2222,2251.1408450704225,1864.2727272727273,0.17185424832251794,945,14,959,Exact_structureO
query_cycle_8_26.graph,2,0.4,2222,2251.1408450704225,2531.7302133160956,0.12464318652478423,958,20,978,Exact_structureO
query_cycle_8_26.graph,3,0.4,2222,2251.1408450704225,1946.383827479067,0.1353789205409855,956,18,974,Exact_structureO
query_cycle_8_26.graph,4,0.4,2222,2251.1408450704225,2618.6966624940496,0.163275353573947,962,17,979,Exact_structureO
query_cycle_8_26.graph,5,0.4,2222,2251.1408450704225,1068.3303060770386,0.5254271591151295,965,15,980,Exact_structureO
query_cycle_8_26.graph,1,0.5,2778,2251.1408450704225,2376.962982840616,0.055892610205052415,1106,15,1121,Exact_structureO
query_cycle_8_26.graph,2,0.5,2778,2251.1408450704225,2803.576778304683,0.24540265192379765,1106,22,1128,Exact_structureO
query_cycle_8_26.graph,3,0.5,2778,2251.1408450704225,2154.955333040784,0.04272745183415196,1100,18,1118,Exact_structureO
query_cycle_8_26.graph,4,0.5,2778,2251.1408450704225,2426.9675503098993,0.07810559948947855,1105,19,1124,Exact_structureO
query_cycle_8_26.graph,5,0.5,2778,2251.1408450704225,1505.2413406354776,0.3313428860163616,1107,15,1122,Exact_structureO
query_cycle_8_26.graph,1,0.6,3334,2251.1408450704225,1697.386751058129,0.24598820425870352,1234,20,1254,Exact_structureO
query_cycle_8_26.graph,2,0.6,3334,2251.1408450704225,2395.335894131642,0.06405421028052491,1237,23,1260,Exact_structureO
query_cycle_8_26.graph,3,0.6,3334,2251.1408450704225,2152.837097536189,0.04366841272926139,1231,21,1252,Exact_structureO
query_cycle_8_26.graph,4,0.6,3334,2251.1408450704225,2324.2879947468523,0.03249336878969983,1230,22,1252,Exact_structureO
query_cycle_8_26.graph,5,0.6,3334,2251.1408450704225,1663.821195753399,0.26089866860314126,1243,18,1261,Exact_structureO
query_cycle_8_26.graph,1,0.7,3889,2251.1408450704225,1921.329309077177,0.1465086188256373,1349,20,1369,Exact_structureO
query_cycle_8_26.graph,2,0.7,3889,2251.1408450704225,2233.201831393362,0.007968854421678407,1354,27,1381,Exact_structureO
query_cycle_8_26.graph,3,0.7,3889,2251.1408450704225,2052.376425328922,0.08829497282533769,1368,22,1390,Exact_structureO
query_cycle_8_26.graph,4,0.7,3889,2251.1408450704225,2101.3943155237575,0.06652028453687467,1366,26,1392,Exact_structureO
query_cycle_8_26.graph,5,0.7,3889,2251.1408450704225,1893.6192631844,0.15881795342522786,1363,21,1384,Exact_structureO
query_cycle_8_26.graph,1,0.8,4445,2251.1408450704225,2556.059224544743,0.13545060058860134,1451,23,1474,Exact_structureO
query_cycle_8_26.graph,2,0.8,4445,2251.1408450704225,2325.6608142999003,0.03310320160227315,1460,27,1487,Exact_structureO
query_cycle_8_26.graph,3,0.8,4445,2251.1408450704225,2159.9242761081377,0.04052015188744498,1459,25,1484,Exact_structureO
query_cycle_8_26.graph,4,0.8,4445,2251.1408450704225,1967.22952801417,0.12611885998957606,1459,27,1486,Exact_structureO
query_cycle_8_26.graph,5,0.8,4445,2251.1408450704225,2020.8514842678728,0.10229895712959958,1450,23,1473,Exact_structureO
query_cycle_8_28.graph,1,0.01,42,,,,2,0,2,Exact_structureO
query_cycle_8_28.graph,2,0.01,42,,,,2,0,2,Exact_structureO
query_cycle_8_28.graph,3,0.01,42,,,,5,0,5,Exact_structureO
query_cycle_8_28.graph,4,0.01,42,,,,4,0,4,Exact_structureO
query_cycle_8_28.graph,5,0.01,42,,,,2,0,2,Exact_structureO
query_cycle_8_28.graph,1,0.05,213,,,,5,0,5,Exact_structureO
query_cycle_8_28.graph,2,0.05,213,,,,6,0,6,Exact_structureO
query_cycle_8_28.graph,3,0.05,213,,,,6,0,6,Exact_structureO
query_cycle_8_28.graph,4,0.05,213,,,,8,0,8,Exact_structureO
query_cycle_8_28.graph,5,0.05,213,,,,4,0,4,Exact_structureO
query_cycle_8_28.graph,1,0.075,320,,,,6,0,6,Exact_structureO
query_cycle_8_28.graph,2,0.075,320,,,,7,0,7,Exact_structureO
query_cycle_8_28.graph,3,0.075,320,,,,7,0,7,Exact_structureO
query_cycle_8_28.graph,4,0.075,320,,,,9,0,9,Exact_structureO
query_cycle_8_28.graph,5,0.075,320,,,,8,0,8,Exact_structureO
query_cycle_8_28.graph,1,0.1,427,,,,8,0,8,Exact_structureO
query_cycle_8_28.graph,2,0.1,427,,,,7,0,7,Exact_structureO
query_cycle_8_28.graph,3,0.1,427,,,,8,0,8,Exact_structureO
query_cycle_8_28.graph,4,0.1,427,,,,8,0,8,Exact_structureO
query_cycle_8_28.graph,5,0.1,427,,,,8,0,8,Exact_structureO
query_cycle_8_28.graph,1,0.125,534,,,,9,0,9,Exact_structureO
query_cycle_8_28.graph,2,0.125,534,,,,8,0,8,Exact_structureO
query_cycle_8_28.graph,3,0.125,534,,,,7,0,7,Exact_structureO
query_cycle_8_28.graph,4,0.125,534,,,,8,0,8,Exact_structureO
query_cycle_8_28.graph,5,0.125,534,,,,9,0,9,Exact_structureO
query_cycle_8_28.graph,1,0.15,641,,,,7,0,7,Exact_structureO
query_cycle_8_28.graph,2,0.15,641,,,,9,0,9,Exact_structureO
query_cycle_8_28.graph,3,0.15,641,,,,8,0,8,Exact_structureO
query_cycle_8_28.graph,4,0.15,641,,,,7,0,7,Exact_structureO
query_cycle_8_28.graph,5,0.15,641,,,,9,0,9,Exact_structureO
query_cycle_8_28.graph,1,0.2,855,,,,7,0,7,Exact_structureO
query_cycle_8_28.graph,2,0.2,855,,,,9,0,9,Exact_structureO
query_cycle_8_28.graph,3,0.2,855,,,,9,0,9,Exact_structureO
query_cycle_8_28.graph,4,0.2,855,,,,9,0,9,Exact_structureO
query_cycle_8_28.graph,5,0.2,855,,,,9,0,9,Exact_structureO
query_cycle_8_28.graph,1,0.3,1283,,,,13,0,13,Exact_structureO
query_cycle_8_28.graph,2,0.3,1283,,,,11,0,11,Exact_structureO
query_cycle_8_28.graph,3,0.3,1283,,,,15,0,15,Exact_structureO
query_cycle_8_28.graph,4,0.3,1283,,,,13,0,13,Exact_structureO
query_cycle_8_28.graph,5,0.3,1283,,,,13,0,13,Exact_structureO
query_cycle_8_28.graph,1,0.4,1710,,,,16,0,16,Exact_structureO
query_cycle_8_28.graph,2,0.4,1710,,,,16,0,16,Exact_structureO
query_cycle_8_28.graph,3,0.4,1710,,,,17,0,17,Exact_structureO
query_cycle_8_28.graph,4,0.4,1710,,,,17,0,17,Exact_structureO
query_cycle_8_28.graph,5,0.4,1710,,,,17,0,17,Exact_structureO
query_cycle_8_28.graph,1,0.5,2138,,,,18,0,18,Exact_structureO
query_cycle_8_28.graph,2,0.5,2138,,,,19,0,19,Exact_structureO
query_cycle_8_28.graph,3,0.5,2138,,,,23,0,23,Exact_structureO
query_cycle_8_28.graph,4,0.5,2138,,,,22,0,22,Exact_structureO
query_cycle_8_28.graph,5,0.5,2138,,,,21,0,21,Exact_structureO
query_cycle_8_28.graph,1,0.6,2566,,,,24,0,24,Exact_structureO
query_cycle_8_28.graph,2,0.6,2566,,,,23,0,23,Exact_structureO
query_cycle_8_28.graph,3,0.6,2566,,,,23,0,23,Exact_structureO
query_cycle_8_28.graph,4,0.6,2566,,,,24,0,24,Exact_structureO
query_cycle_8_28.graph,5,0.6,2566,,,,23,0,23,Exact_structureO
query_cycle_8_28.graph,1,0.7,2993,,,,27,0,27,Exact_structureO
query_cycle_8_28.graph,2,0.7,2993,,,,26,0,26,Exact_structureO
query_cycle_8_28.graph,3,0.7,2993,,,,26,0,26,Exact_structureO
query_cycle_8_28.graph,4,0.7,2993,,,,25,0,25,Exact_structureO
query_cycle_8_28.graph,5,0.7,2993,,,,26,0,26,Exact_structureO
query_cycle_8_28.graph,1,0.8,3421,,,,30,0,30,Exact_structureO
query_cycle_8_28.graph,2,0.8,3421,,,,28,0,28,Exact_structureO
query_cycle_8_28.graph,3,0.8,3421,,,,28,0,28,Exact_structureO
query_cycle_8_28.graph,4,0.8,3421,,,,29,0,29,Exact_structureO
query_cycle_8_28.graph,5,0.8,3421,,,,29,0,29,Exact_structureO
query_cycle_8_29.graph,1,0.01,323,9681.353447135107,13024.23216444982,0.34529043233143547,63,68,131,Exact_structureO
query_cycle_8_29.graph,2,0.01,323,9681.353447135107,22767.93053545586,1.3517301232497938,71,63,134,Exact_structureO
query_cycle_8_29.graph,3,0.01,323,9681.353447135107,0.0,1.0,73,52,125,Exact_structureO
query_cycle_8_29.graph,4,0.01,323,9681.353447135107,8550.800582241629,0.11677632379262318,74,47,121,Exact_structureO
query_cycle_8_29.graph,5,0.01,323,9681.353447135107,12933.333333333332,0.3359013699846427,76,48,124,Exact_structureO
query_cycle_8_29.graph,1,0.05,1616,9681.353447135107,9077.036572435527,0.06242070160948503,125,167,292,Exact_structureO
query_cycle_8_29.graph,2,0.05,1616,9681.353447135107,8794.378010767923,0.09161688406590054,134,143,277,Exact_structureO
query_cycle_8_29.graph,3,0.05,1616,9681.353447135107,7547.717666948437,0.22038610529378538,142,127,269,Exact_structureO
query_cycle_8_29.graph,4,0.05,1616,9681.353447135107,8683.598839084167,0.10305941348997999,146,135,281,Exact_structureO
query_cycle_8_29.graph,5,0.05,1616,9681.353447135107,11646.068212456188,0.20293802680063056,147,139,286,Exact_structureO
query_cycle_8_29.graph,1,0.075,2424,9681.353447135107,11134.640747749298,0.15011199710348822,151,196,347,Exact_structureO
query_cycle_8_29.graph,2,0.075,2424,9681.353447135107,7445.348645076008,0.23095993904868478,154,173,327,Exact_structureO
query_cycle_8_29.graph,3,0.075,2424,9681.353447135107,8892.250204750204,0.08150753370319448,160,161,321,Exact_structureO
query_cycle_8_29.graph,4,0.075,2424,9681.353447135107,6793.148194479193,0.2983265995221554,161,163,324,Exact_structureO
query_cycle_8_29.graph,5,0.075,2424,9681.353447135107,11752.060945370014,0.21388615853578496,163,164,327,Exact_structureO
query_cycle_8_29.graph,1,0.1,3233,9681.353447135107,9001.572868252726,0.07021544896530356,163,213,376,Exact_structureO
query_cycle_8_29.graph,2,0.1,3233,9681.353447135107,7369.283923853397,0.23881676626173526,168,189,357,Exact_structureO
query_cycle_8_29.graph,3,0.1,3233,9681.353447135107,8602.946324387398,0.11139012005256659,169,192,361,Exact_structureO
query_cycle_8_29.graph,4,0.1,3233,9681.353447135107,11067.926601472367,0.14322100333477375,168,182,350,Exact_structureO
query_cycle_8_29.graph,5,0.1,3233,9681.353447135107,8053.147211538462,0.168179608820961,169,176,345,Exact_structureO
query_cycle_8_29.graph,1,0.125,4041,9681.353447135107,12098.544462133275,0.24967490632350176,177,238,415,Exact_structureO
query_cycle_8_29.graph,2,0.125,4041,9681.353447135107,7664.583333333335,0.2083148936576189,181,206,387,Exact_structureO
query_cycle_8_29.graph,3,0.125,4041,9681.353447135107,8148.598702897505,0.15832029608330977,178,210,388,Exact_structureO
query_cycle_8_29.graph,4,0.125,4041,9681.353447135107,12489.403158769743,0.29004722603796584,188,215,403,Exact_structureO
query_cycle_8_29.graph,5,0.125,4041,9681.353447135107,9502.377450372887,0.018486671077501234,185,206,391,Exact_structureO
query_cycle_8_29.graph,1,0.15,4849,9681.353447135107,10355.715120764264,0.06965572296389129,182,244,426,Exact_structureO
query_cycle_8_29.graph,2,0.15,4849,9681.353447135107,8125.898916236201,0.16066498753427844,194,230,424,Exact_structureO
query_cycle_8_29.graph,3,0.15,4849,9681.353447135107,8634.829260651632,0.10809688874577358,187,229,416,Exact_structureO
query_cycle_8_29.graph,4,0.15,4849,9681.353447135107,12770.15668067876,0.3190466343791722,191,233,424,Exact_structureO
query_cycle_8_29.graph,5,0.15,4849,9681.353447135107,7661.288874789333,0.2086551827052186,189,233,422,Exact_structureO
query_cycle_8_29.graph,1,0.2,6466,9681.353447135107,10585.948548868972,0.09343684296554129,200,287,487,Exact_structureO
query_cycle_8_29.graph,2,0.2,6466,9681.353447135107,8492.748250776147,0.12277262707629895,207,264,471,Exact_structureO
query_cycle_8_29.graph,3,0.2,6466,9681.353447135107,10048.881899803433,0.037962507481542763,208,274,482,Exact_structureO
query_cycle_8_29.graph,4,0.2,6466,9681.353447135107,10571.050515906103,0.09189800513215167,206,269,475,Exact_structureO
query_cycle_8_29.graph,5,0.2,6466,9681.353447135107,7756.63671855584,0.19880657586660325,204,278,482,Exact_structureO
query_cycle_8_29.graph,1,0.3,9699,9681.353447135107,10505.496226511306,0.08512681453852702,217,332,549,Exact_structureO
query_cycle_8_29.graph,2,0.3,9699,9681.353447135107,8366.071347144745,0.1358572545845414,230,316,546,Exact_structureO
query_cycle_8_29.graph,3,0.3,9699,9681.353447135107,9678.666168740934,0.0002775725944565968,223,330,553,Exact_structureO
query_cycle_8_29.graph,4,0.3,9699,9681.353447135107,11550.958868366668,0.1931140549139658,221,326,547,Exact_structureO
query_cycle_8_29.graph,5,0.3,9699,9681.353447135107,8644.763231007415,0.10707079560600467,219,328,547,Exact_structureO
query_cycle_8_29.graph,1,0.4,12932,9681.353447135107,11057.585263836048,0.14215283268148776,233,346,579,Exact_structureO
query_cycle_8_29.graph,2,0.4,12932,9681.353447135107,7979.1160974691875,0.1758263820199275,239,334,573,Exact_structureO
query_cycle_8_29.graph,3,0.4,12932,9681.353447135107,10461.039994521212,0.08053487062977017,227,360,587,Exact_structureO
query_cycle_8_29.graph,4,0.4,12932,9681.353447135107,10664.418570339722,0.10154211687163658,232,344,576,Exact_structureO
query_cycle_8_29.graph,5,0.4,12932,9681.353447135107,9205.33832312586,0.04916824146629096,229,345,574,Exact_structureO
query_cycle_8_29.graph,1,0.5,16165,9681.353447135107,9991.41826905728,0.032027011885815096,242,372,614,Exact_structureO
query_cycle_8_29.graph,2,0.5,16165,9681.353447135107,8440.926868380437,0.12812532726214385,250,342,592,Exact_structureO
query_cycle_8_29.graph,3,0.5,16165,9681.353447135107,10353.614412444711,0.06943873798022929,237,379,616,Exact_structureO
query_cycle_8_29.graph,4,0.5,16165,9681.353447135107,9952.559025859904,0.028013188466438244,238,369,607,Exact_structureO
query_cycle_8_29.graph,5,0.5,16165,9681.353447135107,8775.783600948882,0.0935375256291464,239,367,606,Exact_structureO
query_cycle_8_29.graph,1,0.6,19398,9681.353447135107,9893.409450911604,0.021903549429780244,242,372,614,Exact_structureO
query_cycle_8_29.graph,2,0.6,19398,9681.353447135107,9127.725656452538,0.05718495804389806,257,355,612,Exact_structureO
query_cycle_8_29.graph,3,0.6,19398,9681.353447135107,9868.513438292759,0.019332006850037727,240,387,627,Exact_structureO
query_cycle_8_29.graph,4,0.6,19398,9681.353447135107,9381.907231485795,0.03093020178267777,242,387,629,Exact_structureO
query_cycle_8_29.graph,5,0.6,19398,9681.353447135107,9340.466615373518,0.03521065867732198,249,376,625,Exact_structureO
query_cycle_8_29.graph,1,0.7,22631,9681.353447135107,9928.98660446621,0.02557836140197762,251,390,641,Exact_structureO
query_cycle_8_29.graph,2,0.7,22631,9681.353447135107,8877.309936610554,0.08305073406471736,261,361,622,Exact_structureO
query_cycle_8_29.graph,3,0.7,22631,9681.353447135107,9776.761123211742,0.009854786998285623,247,399,646,Exact_structureO
query_cycle_8_29.graph,4,0.7,22631,9681.353447135107,9548.584866347968,0.013713845023024874,246,396,642,Exact_structureO
query_cycle_8_29.graph,5,0.7,22631,9681.353447135107,9591.937155539841,0.009235928848535697,253,386,639,Exact_structureO
query_cycle_8_29.graph,1,0.8,25864,9681.353447135107,9771.584299551676,0.009320065929755945,254,392,646,Exact_structureO
query_cycle_8_29.graph,2,0.8,25864,9681.353447135107,9775.04245301493,0.009677263245414085,263,368,631,Exact_structureO
query_cycle_8_29.graph,3,0.8,25864,9681.353447135107,9681.055308996256,3.079508877336463e-05,247,404,651,Exact_structureO
query_cycle_8_29.graph,4,0.8,25864,9681.353447135107,9189.169284402926,0.050838363191649354,249,400,649,Exact_structureO
query_cycle_8_29.graph,5,0.8,25864,9681.353447135107,10202.72326881646,0.053852989102018245,255,387,642,Exact_structureO
query_cycle_8_3.graph,1,0.01,25,127.1497641509434,142.1818181818182,0.11822321599456351,16,2,18,Exact_structureO
query_cycle_8_3.graph,2,0.01,25,127.1497641509434,,,18,2,20,Exact_structureO
query_cycle_8_3.graph,3,0.01,25,127.1497641509434,0.0,1.0,13,5,18,Exact_structureO
query_cycle_8_3.graph,4,0.01,25,127.1497641509434,0.0,1.0,19,5,24,Exact_structureO
query_cycle_8_3.graph,5,0.01,25,127.1497641509434,,,15,0,15,Exact_structureO
query_cycle_8_3.graph,1,0.05,128,127.1497641509434,49.26241134751773,0.6125638794812328,50,2,52,Exact_structureO
query_cycle_8_3.graph,2,0.05,128,127.1497641509434,84.42477876106194,0.336020956666198,39,5,44,Exact_structureO
query_cycle_8_3.graph,3,0.05,128,127.1497641509434,16.905982905982906,0.8670388182087911,48,8,56,Exact_structureO
query_cycle_8_3.graph,4,0.05,128,127.1497641509434,128.53043478260872,0.01085861732331873,44,10,54,Exact_structureO
query_cycle_8_3.graph,5,0.05,128,127.1497641509434,111.76,0.12103651354534743,53,5,58,Exact_structureO
query_cycle_8_3.graph,1,0.075,192,127.1497641509434,49.780821917808225,0.6084867144644336,64,4,68,Exact_structureO
query_cycle_8_3.graph,2,0.075,192,127.1497641509434,64.6164383561644,0.49180842931445606,59,7,66,Exact_structureO
query_cycle_8_3.graph,3,0.075,192,127.1497641509434,274.1963190184049,1.156483111466082,64,13,77,Exact_structureO
query_cycle_8_3.graph,4,0.075,192,127.1497641509434,132.4,0.04129174665887615,59,12,71,Exact_structureO
query_cycle_8_3.graph,5,0.075,192,127.1497641509434,55.6875,0.5620322194707994,66,8,74,Exact_structureO
query_cycle_8_3.graph,1,0.1,256,127.1497641509434,48.97841726618705,0.6147974194584956,76,5,81,Exact_structureO
query_cycle_8_3.graph,2,0.1,256,127.1497641509434,38.32420091324202,0.6985900747110613,68,10,78,Exact_structureO
query_cycle_8_3.graph,3,0.1,256,127.1497641509434,230.17948717948715,0.8103021166931462,77,13,90,Exact_structureO
query_cycle_8_3.graph,4,0.1,256,127.1497641509434,148.11186696900984,0.16486151553676248,81,12,93,Exact_structureO
query_cycle_8_3.graph,5,0.1,256,127.1497641509434,92.31901840490796,0.27393480419426325,70,8,78,Exact_structureO
query_cycle_8_3.graph,1,0.125,321,127.1497641509434,27.076923076923077,0.7870470050988122,87,9,96,Exact_structureO
query_cycle_8_3.graph,2,0.125,321,127.1497641509434,35.6042345276873,0.7199819066481287,85,11,96,Exact_structureO
query_cycle_8_3.graph,3,0.125,321,127.1497641509434,157.746762589928,0.24063747694145918,79,16,95,Exact_structureO
query_cycle_8_3.graph,4,0.125,321,127.1497641509434,124.93757503001201,0.017398295118386746,84,12,96,Exact_structureO
query_cycle_8_3.graph,5,0.125,321,127.1497641509434,74.3111111111111,0.41556233621562916,86,13,99,Exact_structureO
query_cycle_8_3.graph,1,0.15,385,127.1497641509434,47.71212121212122,0.6247565103189598,91,12,103,Exact_structureO
query_cycle_8_3.graph,2,0.15,385,127.1497641509434,28.22125340599455,0.7780471431115498,94,13,107,Exact_structureO
query_cycle_8_3.graph,3,0.15,385,127.1497641509434,176.44339622641513,0.3876816634669786,90,20,110,Exact_structureO
query_cycle_8_3.graph,4,0.15,385,127.1497641509434,106.76277955271566,0.1603383595271614,94,13,107,Exact_structureO
query_cycle_8_3.graph,5,0.15,385,127.1497641509434,80.19920318725099,0.3692540153511882,94,14,108,Exact_structureO
query_cycle_8_3.graph,1,0.2,513,127.1497641509434,239.6914822266935,0.8851114968813341,117,17,134,Exact_structureO
query_cycle_8_3.graph,2,0.2,513,127.1497641509434,81.13146734520781,0.3619219989358836,115,19,134,Exact_structureO
query_cycle_8_3.graph,3,0.2,513,127.1497641509434,175.91586327782647,0.38353275330492426,116,22,138,Exact_structureO
query_cycle_8_3.graph,4,0.2,513,127.1497641509434,89.86535947712419,0.29323219687264024,117,15,132,Exact_structureO
query_cycle_8_3.graph,5,0.2,513,127.1497641509434,76.8498845265589,0.39559554011183196,117,21,138,Exact_structureO
query_cycle_8_3.graph,1,0.3,770,127.1497641509434,170.59943224264154,0.341720398632574,206,27,233,Exact_structureO
query_cycle_8_3.graph,2,0.3,770,127.1497641509434,81.33604115894937,0.3603130788163095,203,28,231,Exact_structureO
query_cycle_8_3.graph,3,0.3,770,127.1497641509434,120.56943396226414,0.05175259452992412,210,31,241,Exact_structureO
query_cycle_8_3.graph,4,0.3,770,127.1497641509434,120.11060032449969,0.05536120238561594,205,26,231,Exact_structureO
query_cycle_8_3.graph,5,0.3,770,127.1497641509434,115.0138289633809,0.09544599054981771,199,31,230,Exact_structureO
query_cycle_8_3.graph,1,0.4,1027,127.1497641509434,132.66955291216567,0.04341171057674603,251,30,281,Exact_structureO
query_cycle_8_3.graph,2,0.4,1027,127.1497641509434,105.69967130335367,0.16869943087055722,246,29,275,Exact_structureO
query_cycle_8_3.graph,3,0.4,1027,127.1497641509434,117.33352431052893,0.0772021867752842,252,33,285,Exact_structureO
query_cycle_8_3.graph,4,0.4,1027,127.1497641509434,135.1890543071161,0.06322693722521584,251,27,278,Exact_structureO
query_cycle_8_3.graph,5,0.4,1027,127.1497641509434,125.21410622113557,0.015223448841870855,250,35,285,Exact_structureO
query_cycle_8_3.graph,1,0.5,1284,127.1497641509434,135.64116959774216,0.06678270701877478,289,33,322,Exact_structureO
query_cycle_8_3.graph,2,0.5,1284,127.1497641509434,87.48757980529771,0.31193281883371393,304,36,340,Exact_structureO
query_cycle_8_3.graph,3,0.5,1284,127.1497641509434,124.75491796905371,0.018834845647426404,289,34,323,Exact_structureO
query_cycle_8_3.graph,4,0.5,1284,127.1497641509434,137.9968581266937,0.08530958785635952,297,31,328,Exact_structureO
query_cycle_8_3.graph,5,0.5,1284,127.1497641509434,90.85317460317461,0.285463286464928,305,38,343,Exact_structureO
query_cycle_8_3.graph,1,0.6,1540,127.1497641509434,123.18861447615477,0.031153417399077725,356,35,391,Exact_structureO
query_cycle_8_3.graph,2,0.6,1540,127.1497641509434,96.70715826783788,0.2394232194325281,354,38,392,Exact_structureO
query_cycle_8_3.graph,3,0.6,1540,127.1497641509434,112.61458333333334,0.11431543671881998,341,37,378,Exact_structureO
query_cycle_8_3.graph,4,0.6,1540,127.1497641509434,128.95960430114965,0.01423392455575253,352,34,386,Exact_structureO
query_cycle_8_3.graph,5,0.6,1540,127.1497641509434,129.90912916396556,0.021701691949238967,348,38,386,Exact_structureO
query_cycle_8_3.graph,1,0.7,1797,127.1497641509434,124.2578125,0.022744451554863074,388,35,423,Exact_structureO
query_cycle_8_3.graph,2,0.7,1797,127.1497641509434,96.62285084964822,0.24008627546533035,395,41,436,Exact_structureO
query_cycle_8_3.graph,3,0.7,1797,127.1497641509434,116.20307087812259,0.08609291056038179,390,39,429,Exact_structureO
query_cycle_8_3.graph,4,0.7,1797,127.1497641509434,119.88534877267968,0.05713274756561805,389,39,428,Exact_structureO
query_cycle_8_3.graph,5,0.7,1797,127.1497641509434,139.2720171417722,0.09533838361224259,398,38,436,Exact_structureO
query_cycle_8_3.graph,1,0.8,2054,127.1497641509434,123.48443501727789,0.02882686537518295,462,42,504,Exact_structureO
query_cycle_8_3.graph,2,0.8,2054,127.1497641509434,119.77801825909022,0.05797687428741082,454,41,495,Exact_structureO
query_cycle_8_3.graph,3,0.8,2054,127.1497641509434,121.18041371861834,0.0469473968134039,460,44,504,Exact_structureO
query_cycle_8_3.graph,4,0.8,2054,127.1497641509434,115.2544281660145,0.09355374006677332,459,42,501,Exact_structureO
query_cycle_8_3.graph,5,0.8,2054,127.1497641509434,126.40285868935646,0.005874218222695714,466,38,504,Exact_structureO
query_cycle_8_31.graph,1,0.01,340,691.3188188188188,569.9685863874344,0.17553439762962392,89,9,98,Exact_structureO
query_cycle_8_31.graph,2,0.01,340,691.3188188188188,0.0,1.0,90,7,97,Exact_structureO
query_cycle_8_31.graph,3,0.01,340,691.3188188188188,123.97003745318352,0.8206760266341402,91,8,99,Exact_structureO
query_cycle_8_31.graph,4,0.01,340,691.3188188188188,0.0,1.0,85,6,91,Exact_structureO
query_cycle_8_31.graph,5,0.01,340,691.3188188188188,,,94,2,96,Exact_structureO
query_cycle_8_31.graph,1,0.05,1700,691.3188188188188,356.2755760368663,0.48464360243281734,179,52,231,Exact_structureO
query_cycle_8_31.graph,2,0.05,1700,691.3188188188188,245.1858823529412,0.6453360219936387,178,57,235,Exact_structureO
query_cycle_8_31.graph,3,0.05,1700,691.3188188188188,513.8777729447585,0.25667035388568554,174,58,232,Exact_structureO
query_cycle_8_31.graph,4,0.05,1700,691.3188188188188,525.7719518177358,0.2394652980573202,177,67,244,Exact_structureO
query_cycle_8_31.graph,5,0.05,1700,691.3188188188188,1446.4320272510338,1.0922792608515919,174,67,241,Exact_structureO
query_cycle_8_31.graph,1,0.075,2550,691.3188188188188,297.52727905964304,0.5696236367932302,206,81,287,Exact_structureO
query_cycle_8_31.graph,2,0.075,2550,691.3188188188188,353.37134666915927,0.4888446010005537,198,87,285,Exact_structureO
query_cycle_8_31.graph,3,0.075,2550,691.3188188188188,462.1181016124126,0.3315412671652951,193,97,290,Exact_structureO
query_cycle_8_31.graph,4,0.075,2550,691.3188188188188,1249.4617111056752,0.8073596104912845,205,93,298,Exact_structureO
query_cycle_8_31.graph,5,0.075,2550,691.3188188188188,1753.7615325670497,1.5368346482502977,203,104,307,Exact_structureO
query_cycle_8_31.graph,1,0.1,3401,691.3188188188188,232.87526840225212,0.6631434555764868,217,101,318,Exact_structureO
query_cycle_8_31.graph,2,0.1,3401,691.3188188188188,437.3925543217849,0.36730703343341653,214,113,327,Exact_structureO
query_cycle_8_31.graph,3,0.1,3401,691.3188188188188,451.6955432717223,0.3466176082932543,212,117,329,Exact_structureO
query_cycle_8_31.graph,4,0.1,3401,691.3188188188188,1194.658905235473,0.7280867708428023,219,107,326,Exact_structureO
query_cycle_8_31.graph,5,0.1,3401,691.3188188188188,1157.5318773817269,0.674382131473689,212,118,330,Exact_structureO
query_cycle_8_31.graph,1,0.125,4251,691.3188188188188,806.8267321962031,0.1670834211843677,223,115,338,Exact_structureO
query_cycle_8_31.graph,2,0.125,4251,691.3188188188188,398.5273727647868,0.42352593056021953,220,123,343,Exact_structureO
query_cycle_8_31.graph,3,0.125,4251,691.3188188188188,430.738472867339,0.37693223279630245,223,136,359,Exact_structureO
query_cycle_8_31.graph,4,0.125,4251,691.3188188188188,1076.68060871058,0.557429914247361,225,115,340,Exact_structureO
query_cycle_8_31.graph,5,0.125,4251,691.3188188188188,1143.6213682689383,0.6542604325785888,215,130,345,Exact_structureO
query_cycle_8_31.graph,1,0.15,5101,691.3188188188188,854.1197280274199,0.23549324100096283,228,128,356,Exact_structureO
query_cycle_8_31.graph,2,0.15,5101,691.3188188188188,833.1757230178135,0.20519751572996398,227,152,379,Exact_structureO
query_cycle_8_31.graph,3,0.15,5101,691.3188188188188,441.2907889745859,0.36166819568347436,227,138,365,Exact_structureO
query_cycle_8_31.graph,4,0.15,5101,691.3188188188188,1034.1066653709634,0.4958462538859115,230,138,368,Exact_structureO
query_cycle_8_31.graph,5,0.15,5101,691.3188188188188,1158.2158506280284,0.6753715060251733,229,150,379,Exact_structureO
query_cycle_8_31.graph,1,0.2,6802,691.3188188188188,683.8803854875284,0.010759772667551062,233,148,381,Exact_structureO
query_cycle_8_31.graph,2,0.2,6802,691.3188188188188,954.2856006779976,0.38038423763507767,233,159,392,Exact_structureO
query_cycle_8_31.graph,3,0.2,6802,691.3188188188188,755.7130944568722,0.09314700234557027,235,163,398,Exact_structureO
query_cycle_8_31.graph,4,0.2,6802,691.3188188188188,807.2418282862652,0.16768386207902078,242,161,403,Exact_structureO
query_cycle_8_31.graph,5,0.2,6802,691.3188188188188,1016.4631454593955,0.47032471529722764,232,160,392,Exact_structureO
query_cycle_8_31.graph,1,0.3,10203,691.3188188188188,516.4285643073474,0.2529806071391017,247,218,465,Exact_structureO
query_cycle_8_31.graph,2,0.3,10203,691.3188188188188,1019.9989754012489,0.4754393307909801,244,205,449,Exact_structureO
query_cycle_8_31.graph,3,0.3,10203,691.3188188188188,729.9361408802413,0.0558603657389273,252,200,452,Exact_structureO
query_cycle_8_31.graph,4,0.3,10203,691.3188188188188,533.0193222034795,0.22898189996593526,248,226,474,Exact_structureO
query_cycle_8_31.graph,5,0.3,10203,691.3188188188188,1041.1013675875304,0.5059641647920808,250,205,455,Exact_structureO
query_cycle_8_31.graph,1,0.4,13604,691.3188188188188,529.3920138999387,0.2342288398796186,248,248,496,Exact_structureO
query_cycle_8_31.graph,2,0.4,13604,691.3188188188188,902.7038676265527,0.3057707139650913,257,238,495,Exact_structureO
query_cycle_8_31.graph,3,0.4,13604,691.3188188188188,619.8235606434524,0.1034186488623622,259,224,483,Exact_structureO
query_cycle_8_31.graph,4,0.4,13604,691.3188188188188,638.9573739270837,0.0757413851125873,255,243,498,Exact_structureO
query_cycle_8_31.graph,5,0.4,13604,691.3188188188188,953.5467671060891,0.37931550704103584,255,240,495,Exact_structureO
query_cycle_8_31.graph,1,0.5,17005,691.3188188188188,538.1817087274054,0.2215144531333056,254,253,507,Exact_structureO
query_cycle_8_31.graph,2,0.5,17005,691.3188188188188,884.3687453423619,0.2792487652128238,261,260,521,Exact_structureO
query_cycle_8_31.graph,3,0.5,17005,691.3188188188188,652.4897784088851,0.05616661857444693,263,244,507,Exact_structureO
query_cycle_8_31.graph,4,0.5,17005,691.3188188188188,583.2424054227353,0.15633367768107626,257,248,505,Exact_structureO
query_cycle_8_31.graph,5,0.5,17005,691.3188188188188,1027.5923897990922,0.4864232852142335,261,254,515,Exact_structureO
query_cycle_8_31.graph,1,0.6,20406,691.3188188188188,528.1630753560919,0.23600651251110652,257,291,548,Exact_structureO
query_cycle_8_31.graph,2,0.6,20406,691.3188188188188,866.1483332434041,0.2528927459595232,262,275,537,Exact_structureO
query_cycle_8_31.graph,3,0.6,20406,691.3188188188188,640.5140053321905,0.07348970128345839,267,266,533,Exact_structureO
query_cycle_8_31.graph,4,0.6,20406,691.3188188188188,821.9366930036401,0.1889401396710042,260,276,536,Exact_structureO
query_cycle_8_31.graph,5,0.6,20406,691.3188188188188,986.0925737101118,0.42639336130750893,267,268,535,Exact_structureO
query_cycle_8_31.graph,1,0.7,23807,691.3188188188188,491.3607305936074,0.28924149434678786,259,300,559,Exact_structureO
query_cycle_8_31.graph,2,0.7,23807,691.3188188188188,804.0392145838019,0.163051247407927,265,294,559,Exact_structureO
query_cycle_8_31.graph,3,0.7,23807,691.3188188188188,615.2006230347772,0.1101057771204558,269,276,545,Exact_structureO
query_cycle_8_31.graph,4,0.7,23807,691.3188188188188,751.4923857868021,0.0870417025111442,264,281,545,Exact_structureO
query_cycle_8_31.graph,5,0.7,23807,691.3188188188188,1007.4076387873828,0.45722582889994295,270,284,554,Exact_structureO
query_cycle_8_31.graph,1,0.8,27208,691.3188188188188,468.85486989281856,0.32179646043210597,263,317,580,Exact_structureO
query_cycle_8_31.graph,2,0.8,27208,691.3188188188188,764.391764807759,0.10570079100955473,267,311,578,Exact_structureO
query_cycle_8_31.graph,3,0.8,27208,691.3188188188188,661.9116683722602,0.04253775486222608,272,302,574,Exact_structureO
query_cycle_8_31.graph,4,0.8,27208,691.3188188188188,811.9238075742633,0.17445639475214783,269,301,570,Exact_structureO
query_cycle_8_31.graph,5,0.8,27208,691.3188188188188,993.1340293252892,0.4365789015003948,271,302,573,Exact_structureO
query_cycle_8_33.graph,1,0.01,250,4943.011047282369,17082.629107981225,2.455915624014866,152,5,157,Exact_structureO
query_cycle_8_33.graph,2,0.01,250,4943.011047282369,,,160,2,162,Exact_structureO
query_cycle_8_33.graph,3,0.01,250,4943.011047282369,,,164,1,165,Exact_structureO
query_cycle_8_33.graph,4,0.01,250,4943.011047282369,,,171,0,171,Exact_structureO
query_cycle_8_33.graph,5,0.01,250,4943.011047282369,0.0,1.0,156,6,162,Exact_structureO
query_cycle_8_33.graph,1,0.05,1253,4943.011047282369,9893.51145038168,1.0015151404164997,440,23,463,Exact_structureO
query_cycle_8_33.graph,2,0.05,1253,4943.011047282369,,,446,14,460,Exact_structureO
query_cycle_8_33.graph,3,0.05,1253,4943.011047282369,,,432,16,448,Exact_structureO
query_cycle_8_33.graph,4,0.05,1253,4943.011047282369,907.056511056511,0.8164971709793761,438,16,454,Exact_structureO
query_cycle_8_33.graph,5,0.05,1253,4943.011047282369,9675.562666666667,0.9574228287404334,434,35,469,Exact_structureO
query_cycle_8_33.graph,1,0.075,1880,4943.011047282369,26509.919708029196,4.363111563872421,568,32,600,Exact_structureO
query_cycle_8_33.graph,2,0.075,1880,4943.011047282369,260.6398809523809,0.9472710300545093,591,25,616,Exact_structureO
query_cycle_8_33.graph,3,0.075,1880,4943.011047282369,,,570,26,596,Exact_structureO
query_cycle_8_33.graph,4,0.075,1880,4943.011047282369,476.40724762726495,0.903620031784232,573,31,604,Exact_structureO
query_cycle_8_33.graph,5,0.075,1880,4943.011047282369,12055.191347011594,1.4388356068189347,560,39,599,Exact_structureO
query_cycle_8_33.graph,1,0.1,2506,4943.011047282369,13929.459420289853,1.8180109829914637,665,42,707,Exact_structureO
query_cycle_8_33.graph,2,0.1,2506,4943.011047282369,247.5120174799709,0.9499268734962566,663,34,697,Exact_structureO
query_cycle_8_33.graph,3,0.1,2506,4943.011047282369,0.0,1.0,669,29,698,Exact_structureO
query_cycle_8_33.graph,4,0.1,2506,4943.011047282369,506.1615332885003,0.8976005660422741,648,38,686,Exact_structureO
query_cycle_8_33.graph,5,0.1,2506,4943.011047282369,10576.173661917597,1.1396216922744486,667,48,715,Exact_structureO
query_cycle_8_33.graph,1,0.125,3133,4943.011047282369,14815.20908004779,1.99720331157121,762,47,809,Exact_structureO
query_cycle_8_33.graph,2,0.125,3133,4943.011047282369,234.89241182757394,0.9524798934130007,761,46,807,Exact_structureO
query_cycle_8_33.graph,3,0.125,3133,4943.011047282369,1555.531304347826,0.6853069334726561,759,43,802,Exact_structureO
query_cycle_8_33.graph,4,0.125,3133,4943.011047282369,531.1534902168165,0.8925445472130108,745,54,799,Exact_structureO
query_cycle_8_33.graph,5,0.125,3133,4943.011047282369,10471.808414043584,1.118507993179766,762,53,815,Exact_structureO
query_cycle_8_33.graph,1,0.15,3760,4943.011047282369,14241.134777227724,1.8810647277548358,817,54,871,Exact_structureO
query_cycle_8_33.graph,2,0.15,3760,4943.011047282369,5031.053817847286,0.01781156661855378,831,55,886,Exact_structureO
query_cycle_8_33.graph,3,0.15,3760,4943.011047282369,3942.420373952289,0.2024253362492882,833,51,884,Exact_structureO
query_cycle_8_33.graph,4,0.15,3760,4943.011047282369,682.1650408348457,0.8619940286781484,828,61,889,Exact_structureO
query_cycle_8_33.graph,5,0.15,3760,4943.011047282369,10463.250581125056,1.116776693606152,837,56,893,Exact_structureO
query_cycle_8_33.graph,1,0.2,5013,4943.011047282369,7118.609596317279,0.440136291063124,945,76,1021,Exact_structureO
query_cycle_8_33.graph,2,0.2,5013,4943.011047282369,3138.296416594605,0.3651043085732092,944,80,1024,Exact_structureO
query_cycle_8_33.graph,3,0.2,5013,4943.011047282369,5309.12788184438,0.07406757360238941,954,58,1012,Exact_structureO
query_cycle_8_33.graph,4,0.2,5013,4943.011047282369,1698.6896010414273,0.656345174066452,944,69,1013,Exact_structureO
query_cycle_8_33.graph,5,0.2,5013,4943.011047282369,7120.9248843004625,0.44060468734244373,951,68,1019,Exact_structureO
query_cycle_8_33.graph,1,0.3,7520,4943.011047282369,9569.281829293133,0.9359215947037492,1216,92,1308,Exact_structureO
query_cycle_8_33.graph,2,0.3,7520,4943.011047282369,3428.079846885373,0.3064794284103196,1208,103,1311,Exact_structureO
query_cycle_8_33.graph,3,0.3,7520,4943.011047282369,4467.8879283537535,0.09612018148125212,1223,83,1306,Exact_structureO
query_cycle_8_33.graph,4,0.3,7520,4943.011047282369,1312.6945080256241,0.73443423543483,1204,109,1313,Exact_structureO
query_cycle_8_33.graph,5,0.3,7520,4943.011047282369,5329.9282954057535,0.07827561873164511,1214,96,1310,Exact_structureO
query_cycle_8_33.graph,1,0.4,10026,4943.011047282369,8452.020820162683,0.7098931682156652,1422,118,1540,Exact_structureO
query_cycle_8_33.graph,2,0.4,10026,4943.011047282369,2963.3679060464638,0.4004933677670614,1422,146,1568,Exact_structureO
query_cycle_8_33.graph,3,0.4,10026,4943.011047282369,4270.813481380153,0.13598949293706022,1429,113,1542,Exact_structureO
query_cycle_8_33.graph,4,0.4,10026,4943.011047282369,4255.172642917289,0.13915372589410838,1403,135,1538,Exact_structureO
query_cycle_8_33.graph,5,0.4,10026,4943.011047282369,5365.80990507314,0.08553467790107865,1415,122,1537,Exact_structureO
query_cycle_8_33.graph,1,0.5,12533,4943.011047282369,5976.157990761229,0.2090116598155038,1608,142,1750,Exact_structureO
query_cycle_8_33.graph,2,0.5,12533,4943.011047282369,3435.089017919711,0.3050614321794208,1566,171,1737,Exact_structureO
query_cycle_8_33.graph,3,0.5,12533,4943.011047282369,6193.318705622162,0.2529445405603945,1578,143,1721,Exact_structureO
query_cycle_8_33.graph,4,0.5,12533,4943.011047282369,4013.4360600176155,0.18805844825611442,1574,155,1729,Exact_structureO
query_cycle_8_33.graph,5,0.5,12533,4943.011047282369,7361.372326898625,0.48924860909340945,1601,146,1747,Exact_structureO
query_cycle_8_33.graph,1,0.6,15040,4943.011047282369,6815.19033882784,0.3787528034303668,1739,158,1897,Exact_structureO
query_cycle_8_33.graph,2,0.6,15040,4943.011047282369,2919.7355050177375,0.40932045729030153,1725,193,1918,Exact_structureO
query_cycle_8_33.graph,3,0.6,15040,4943.011047282369,6415.196040156163,0.29783162100824967,1736,172,1908,Exact_structureO
query_cycle_8_33.graph,4,0.6,15040,4943.011047282369,3375.069663756269,0.3172036980148249,1747,188,1935,Exact_structureO
query_cycle_8_33.graph,5,0.6,15040,4943.011047282369,8291.531419376694,0.6774252252451097,1731,169,1900,Exact_structureO
query_cycle_8_33.graph,1,0.7,17546,4943.011047282369,5890.123855311354,0.19160645181031935,1919,186,2105,Exact_structureO
query_cycle_8_33.graph,2,0.7,17546,4943.011047282369,3154.8462576687116,0.36175617907970836,1889,222,2111,Exact_structureO
query_cycle_8_33.graph,3,0.7,17546,4943.011047282369,6279.50328652412,0.27038018455907453,1905,200,2105,Exact_structureO
query_cycle_8_33.graph,4,0.7,17546,4943.011047282369,3447.357202412534,0.30257950681541246,1920,213,2133,Exact_structureO
query_cycle_8_33.graph,5,0.7,17546,4943.011047282369,7536.654625485239,0.5247092416734201,1896,207,2103,Exact_structureO
query_cycle_8_33.graph,1,0.8,20053,4943.011047282369,5181.749666564071,0.04829821681522618,2027,213,2240,Exact_structureO
query_cycle_8_33.graph,2,0.8,20053,4943.011047282369,2956.150426070011,0.40195350611338804,2007,246,2253,Exact_structureO
query_cycle_8_33.graph,3,0.8,20053,4943.011047282369,4547.312027345619,0.08005222245139479,2017,238,2255,Exact_structureO
query_cycle_8_33.graph,4,0.8,20053,4943.011047282369,3975.760113553725,0.19568051223766356,2018,240,2258,Exact_structureO
query_cycle_8_33.graph,5,0.8,20053,4943.011047282369,7562.59260984648,0.529956647376772,2024,224,2248,Exact_structureO
query_cycle_8_35.graph,1,0.01,185,51.77607563880079,27.846153846153843,0.4621810652392117,51,19,70,Exact_structureO
query_cycle_8_35.graph,2,0.01,185,51.77607563880079,29.693989071038253,0.4264920872298461,51,20,71,Exact_structureO
query_cycle_8_35.graph,3,0.01,185,51.77607563880079,25.940229885057466,0.49899196559389375,56,15,71,Exact_structureO
query_cycle_8_35.graph,4,0.01,185,51.77607563880079,25.144736842105264,0.5143560702143696,47,14,61,Exact_structureO
query_cycle_8_35.graph,5,0.01,185,51.77607563880079,29.532908704883226,0.4296031836999369,53,17,70,Exact_structureO
query_cycle_8_35.graph,1,0.05,927,51.77607563880079,113.36144509981851,1.189456108853215,112,137,249,Exact_structureO
query_cycle_8_35.graph,2,0.05,927,51.77607563880079,42.10198172605471,0.18684486596153596,116,130,246,Exact_structureO
query_cycle_8_35.graph,3,0.05,927,51.77607563880079,38.069928178860884,0.2647197048219037,107,126,233,Exact_structureO
query_cycle_8_35.graph,4,0.05,927,51.77607563880079,42.363477590856554,0.18179435061104693,111,133,244,Exact_structureO
query_cycle_8_35.graph,5,0.05,927,51.77607563880079,27.794967634516386,0.46316967264149034,114,129,243,Exact_structureO
query_cycle_8_35.graph,1,0.075,1391,51.77607563880079,88.16698052863002,0.7028517407093331,125,209,334,Exact_structureO
query_cycle_8_35.graph,2,0.075,1391,51.77607563880079,44.14758269720102,0.14733625226480104,126,201,327,Exact_structureO
query_cycle_8_35.graph,3,0.075,1391,51.77607563880079,43.61703448008378,0.1575832285095523,124,211,335,Exact_structureO
query_cycle_8_35.graph,4,0.075,1391,51.77607563880079,50.302015451262776,0.028469909496836414,125,209,334,Exact_structureO
query_cycle_8_35.graph,5,0.075,1391,51.77607563880079,30.464108605038138,0.4116180450298853,127,209,336,Exact_structureO
query_cycle_8_35.graph,1,0.1,1855,51.77607563880079,80.4148424318528,0.5531274133799016,135,259,394,Exact_structureO
query_cycle_8_35.graph,2,0.1,1855,51.77607563880079,41.07387140902873,0.20670172657411423,138,244,382,Exact_structureO
query_cycle_8_35.graph,3,0.1,1855,51.77607563880079,44.741821330336,0.13585916316904764,139,263,402,Exact_structureO
query_cycle_8_35.graph,4,0.1,1855,51.77607563880079,56.92506405629946,0.09944725153406643,131,279,410,Exact_structureO
query_cycle_8_35.graph,5,0.1,1855,51.77607563880079,29.803480406756584,0.42437737818001076,135,271,406,Exact_structureO
query_cycle_8_35.graph,1,0.125,2319,51.77607563880079,72.25436357135135,0.3955164171848553,142,307,449,Exact_structureO
query_cycle_8_35.graph,2,0.125,2319,51.77607563880079,41.58848524228641,0.19676250605752438,143,276,419,Exact_structureO
query_cycle_8_35.graph,3,0.125,2319,51.77607563880079,44.708693459160436,0.13649899287353648,144,297,441,Exact_structureO
query_cycle_8_35.graph,4,0.125,2319,51.77607563880079,51.375433951595724,0.007737969366392595,138,329,467,Exact_structureO
query_cycle_8_35.graph,5,0.125,2319,51.77607563880079,37.432947782631786,0.277022305750425,142,323,465,Exact_structureO
query_cycle_8_35.graph,1,0.15,2783,51.77607563880079,67.11104587803716,0.2961786896754377,150,338,488,Exact_structureO
query_cycle_8_35.graph,2,0.15,2783,51.77607563880079,43.79880023938217,0.1540726156047347,149,321,470,Exact_structureO
query_cycle_8_35.graph,3,0.15,2783,51.77607563880079,42.69705696651075,0.17535161868247617,151,333,484,Exact_structureO
query_cycle_8_35.graph,4,0.15,2783,51.77607563880079,54.345367776740325,0.04962315328537795,142,357,499,Exact_structureO
query_cycle_8_35.graph,5,0.15,2783,51.77607563880079,37.76409526301622,0.27062654330032004,144,342,486,Exact_structureO
query_cycle_8_35.graph,1,0.2,3711,51.77607563880079,62.7148701359365,0.2112712167188318,150,368,518,Exact_structureO
query_cycle_8_35.graph,2,0.2,3711,51.77607563880079,47.33539224988482,0.08576709096098702,156,368,524,Exact_structureO
query_cycle_8_35.graph,3,0.2,3711,51.77607563880079,41.800654105669956,0.19266468943535173,155,364,519,Exact_structureO
query_cycle_8_35.graph,4,0.2,3711,51.77607563880079,54.71225025012213,0.05670909923348813,146,387,533,Exact_structureO
query_cycle_8_35.graph,5,0.2,3711,51.77607563880079,41.17581973704172,0.20473270271985,150,386,536,Exact_structureO
query_cycle_8_35.graph,1,0.3,5566,51.77607563880079,53.284318784598426,0.02913011708958807,166,491,657,Exact_structureO
query_cycle_8_35.graph,2,0.3,5566,51.77607563880079,46.86548235392914,0.09484290233058282,166,490,656,Exact_structureO
query_cycle_8_35.graph,3,0.3,5566,51.77607563880079,43.81131710405967,0.15383086563579498,169,470,639,Exact_structureO
query_cycle_8_35.graph,4,0.3,5566,51.77607563880079,53.02916102844329,0.02420201558697204,170,481,651,Exact_structureO
query_cycle_8_35.graph,5,0.3,5566,51.77607563880079,44.48913899177,0.14073945460574827,167,471,638,Exact_structureO
query_cycle_8_35.graph,1,0.4,7422,51.77607563880079,52.53110959246676,0.014582680211865122,171,514,685,Exact_structureO
query_cycle_8_35.graph,2,0.4,7422,51.77607563880079,46.15721742950903,0.10852228833428634,172,510,682,Exact_structureO
query_cycle_8_35.graph,3,0.4,7422,51.77607563880079,44.11844070605423,0.14789909892297745,177,516,693,Exact_structureO
query_cycle_8_35.graph,4,0.4,7422,51.77607563880079,49.762623287790454,0.03888769718772318,172,506,678,Exact_structureO
query_cycle_8_35.graph,5,0.4,7422,51.77607563880079,45.8197826997732,0.1150394823389042,169,528,697,Exact_structureO
query_cycle_8_35.graph,1,0.5,9278,51.77607563880079,51.63487431432679,0.0027271538588410915,174,530,704,Exact_structureO
query_cycle_8_35.graph,2,0.5,9278,51.77607563880079,47.62960132073673,0.08008475472321634,178,544,722,Exact_structureO
query_cycle_8_35.graph,3,0.5,9278,51.77607563880079,44.90641279403432,0.1326802535729142,178,535,713,Exact_structureO
query_cycle_8_35.graph,4,0.5,9278,51.77607563880079,47.9137747797474,0.07459624568685924,178,535,713,Exact_structureO
query_cycle_8_35.graph,5,0.5,9278,51.77607563880079,45.637108818242005,0.11856763466171753,171,555,726,Exact_structureO
query_cycle_8_35.graph,1,0.6,11133,51.77607563880079,48.72802404207363,0.05886988457740441,179,564,743,Exact_structureO
query_cycle_8_35.graph,2,0.6,11133,51.77607563880079,47.537177961787854,0.08186981389984532,180,564,744,Exact_structureO
query_cycle_8_35.graph,3,0.6,11133,51.77607563880079,44.04848230483876,0.14925027126179113,182,555,737,Exact_structureO
query_cycle_8_35.graph,4,0.6,11133,51.77607563880079,48.56271886322879,0.06206257882480234,181,562,743,Exact_structureO
query_cycle_8_35.graph,5,0.6,11133,51.77607563880079,47.066166094998984,0.09096690866760514,174,580,754,Exact_structureO
query_cycle_8_35.graph,1,0.7,12989,51.77607563880079,48.00782977281115,0.07277967322741108,182,584,766,Exact_structureO
query_cycle_8_35.graph,2,0.7,12989,51.77607563880079,48.08652012382409,0.07125985253721634,182,590,772,Exact_structureO
query_cycle_8_35.graph,3,0.7,12989,51.77607563880079,44.087531404738776,0.14849607930308742,188,564,752,Exact_structureO
query_cycle_8_35.graph,4,0.7,12989,51.77607563880079,49.20660921499951,0.04962651943199288,181,574,755,Exact_structureO
query_cycle_8_35.graph,5,0.7,12989,51.77607563880079,46.5720170400441,0.10051087369118387,175,583,758,Exact_structureO
query_cycle_8_35.graph,1,0.8,14844,51.77607563880079,46.661865906060626,0.09877553811566969,182,596,778,Exact_structureO
query_cycle_8_35.graph,2,0.8,14844,51.77607563880079,48.38585281471116,0.06547855901131706,182,606,788,Exact_structureO
query_cycle_8_35.graph,3,0.8,14844,51.77607563880079,44.33549413878081,0.14370694202331621,188,588,776,Exact_structureO
query_cycle_8_35.graph,4,0.8,14844,51.77607563880079,46.78921362733118,0.09631595191298115,181,603,784,Exact_structureO
query_cycle_8_35.graph,5,0.8,14844,51.77607563880079,46.60654101533748,0.09984407971602398,179,612,791,Exact_structureO
query_cycle_8_36.graph,1,0.01,71,478.6237623762376,,,64,1,65,Exact_structureO
query_cycle_8_36.graph,2,0.01,71,478.6237623762376,304.0,0.36484557621894453,66,1,67,Exact_structureO
query_cycle_8_36.graph,3,0.01,71,478.6237623762376,,,71,1,72,Exact_structureO
query_cycle_8_36.graph,4,0.01,71,478.6237623762376,,,62,2,64,Exact_structureO
query_cycle_8_36.graph,5,0.01,71,478.6237623762376,0.0,1.0,66,3,69,Exact_structureO
query_cycle_8_36.graph,1,0.05,357,478.6237623762376,682.875,0.4267469642746323,213,7,220,Exact_structureO
query_cycle_8_36.graph,2,0.05,357,478.6237623762376,203.30578512396696,0.5752283920994464,213,10,223,Exact_structureO
query_cycle_8_36.graph,3,0.05,357,478.6237623762376,29.894736842105264,0.9375402159439682,207,6,213,Exact_structureO
query_cycle_8_36.graph,4,0.05,357,478.6237623762376,30.842105263157894,0.9355608565900798,204,10,214,Exact_structureO
query_cycle_8_36.graph,5,0.05,357,478.6237623762376,204.80025445292623,0.5721059618182174,215,11,226,Exact_structureO
query_cycle_8_36.graph,1,0.075,536,478.6237623762376,1160.2051282051284,1.4240441436610325,282,13,295,Exact_structureO
query_cycle_8_36.graph,2,0.075,536,478.6237623762376,203.64345403899725,0.574522892411437,286,16,302,Exact_structureO
query_cycle_8_36.graph,3,0.075,536,478.6237623762376,85.64705882352943,0.821055564817102,286,11,297,Exact_structureO
query_cycle_8_36.graph,4,0.075,536,478.6237623762376,97.07865168539327,0.7971712662082969,291,17,308,Exact_structureO
query_cycle_8_36.graph,5,0.075,536,478.6237623762376,310.64899089829834,0.350953681538898,283,17,300,Exact_structureO
query_cycle_8_36.graph,1,0.1,715,478.6237623762376,654.588938714499,0.3676482242850666,357,20,377,Exact_structureO
query_cycle_8_36.graph,2,0.1,715,478.6237623762376,173.2980338719097,0.6379242998476887,359,21,380,Exact_structureO
query_cycle_8_36.graph,3,0.1,715,478.6237623762376,143.19332298136646,0.7008227876726172,362,15,377,Exact_structureO
query_cycle_8_36.graph,4,0.1,715,478.6237623762376,319.1824963609898,0.33312442579880497,355,23,378,Exact_structureO
query_cycle_8_36.graph,5,0.1,715,478.6237623762376,195.24910850738664,0.5920613980007436,362,28,390,Exact_structureO
query_cycle_8_36.graph,1,0.125,894,478.6237623762376,446.20389461626576,0.06773560008599651,421,26,447,Exact_structureO
query_cycle_8_36.graph,2,0.125,894,478.6237623762376,298.9863159293211,0.3753207854851693,410,23,433,Exact_structureO
query_cycle_8_36.graph,3,0.125,894,478.6237623762376,431.6129032258065,0.09822090511560663,425,16,441,Exact_structureO
query_cycle_8_36.graph,4,0.125,894,478.6237623762376,312.88842544317,0.34627477772987386,425,26,451,Exact_structureO
query_cycle_8_36.graph,5,0.125,894,478.6237623762376,392.581903079253,0.1797693011935096,413,30,443,Exact_structureO
query_cycle_8_36.graph,1,0.15,1073,478.6237623762376,411.23695976154994,0.1407928479775647,480,29,509,Exact_structureO
query_cycle_8_36.graph,2,0.15,1073,478.6237623762376,475.02929884825215,0.007509998062235594,466,25,491,Exact_structureO
query_cycle_8_36.graph,3,0.15,1073,478.6237623762376,349.2406779661017,0.2703231527155774,476,19,495,Exact_structureO
query_cycle_8_36.graph,4,0.15,1073,478.6237623762376,260.36281714785645,0.45601777927776627,471,32,503,Exact_structureO
query_cycle_8_36.graph,5,0.15,1073,478.6237623762376,448.92647058823536,0.06204725741271854,461,32,493,Exact_structureO
query_cycle_8_36.graph,1,0.2,1431,478.6237623762376,442.4030898876405,0.07567671172189881,581,30,611,Exact_structureO
query_cycle_8_36.graph,2,0.2,1431,478.6237623762376,333.6911608093717,0.30281112840556584,578,34,612,Exact_structureO
query_cycle_8_36.graph,3,0.2,1431,478.6237623762376,238.94211361014993,0.5007725641872294,581,25,606,Exact_structureO
query_cycle_8_36.graph,4,0.2,1431,478.6237623762376,351.37978446674094,0.26585386667340694,574,36,610,Exact_structureO
query_cycle_8_36.graph,5,0.2,1431,478.6237623762376,416.954260089686,0.12884755654499727,574,37,611,Exact_structureO
query_cycle_8_36.graph,1,0.3,2147,478.6237623762376,555.2462083628632,0.16008909713595462,886,43,929,Exact_structureO
query_cycle_8_36.graph,2,0.3,2147,478.6237623762376,810.5953171771845,0.6935960578990016,893,50,943,Exact_structureO
query_cycle_8_36.graph,3,0.3,2147,478.6237623762376,339.87347499856804,0.28989427246322225,890,42,932,Exact_structureO
query_cycle_8_36.graph,4,0.3,2147,478.6237623762376,711.9290556900727,0.48745029322308897,891,49,940,Exact_structureO
query_cycle_8_36.graph,5,0.3,2147,478.6237623762376,443.3046292417261,0.07379310412663499,893,51,944,Exact_structureO
query_cycle_8_36.graph,1,0.4,2863,478.6237623762376,469.6025316455697,0.018848271732017547,1125,57,1182,Exact_structureO
query_cycle_8_36.graph,2,0.4,2863,478.6237623762376,761.0592006790304,0.5900990726005269,1101,59,1160,Exact_structureO
query_cycle_8_36.graph,3,0.4,2863,478.6237623762376,414.38528959971086,0.1342149676347035,1106,59,1165,Exact_structureO
query_cycle_8_36.graph,4,0.4,2863,478.6237623762376,594.4817191159996,0.2420647820838617,1127,60,1187,Exact_structureO
query_cycle_8_36.graph,5,0.4,2863,478.6237623762376,397.3534190410764,0.16980005951162125,1128,58,1186,Exact_structureO
query_cycle_8_36.graph,1,0.5,3579,478.6237623762376,388.82719039258075,0.18761411163090014,1289,63,1352,Exact_structureO
query_cycle_8_36.graph,2,0.5,3579,478.6237623762376,698.7721228738259,0.45996120084930836,1282,63,1345,Exact_structureO
query_cycle_8_36.graph,3,0.5,3579,478.6237623762376,429.3251335699608,0.10300079662054891,1282,68,1350,Exact_structureO
query_cycle_8_36.graph,4,0.5,3579,478.6237623762376,564.3603972539281,0.17913158856140216,1274,64,1338,Exact_structureO
query_cycle_8_36.graph,5,0.5,3579,478.6237623762376,427.9253423637703,0.10592541365009406,1283,65,1348,Exact_structureO
query_cycle_8_36.graph,1,0.6,4294,478.6237623762376,542.6660121155638,0.13380499418034275,1396,68,1464,Exact_structureO
query_cycle_8_36.graph,2,0.6,4294,478.6237623762376,642.2789583792115,0.34192868985540986,1405,68,1473,Exact_structureO
query_cycle_8_36.graph,3,0.6,4294,478.6237623762376,459.1825828834139,0.04061891828417277,1409,71,1480,Exact_structureO
query_cycle_8_36.graph,4,0.6,4294,478.6237623762376,553.418098833261,0.15626958445541794,1415,70,1485,Exact_structureO
query_cycle_8_36.graph,5,0.6,4294,478.6237623762376,441.627373548024,0.07729743430317064,1418,74,1492,Exact_structureO
query_cycle_8_36.graph,1,0.7,5010,478.6237623762376,529.0680680159143,0.10539448645264562,1510,71,1581,Exact_structureO
query_cycle_8_36.graph,2,0.7,5010,478.6237623762376,689.4567574318687,0.44049838647563644,1502,72,1574,Exact_structureO
query_cycle_8_36.graph,3,0.7,5010,478.6237623762376,531.9508251896194,0.11141749951700551,1506,75,1581,Exact_structureO
query_cycle_8_36.graph,4,0.7,5010,478.6237623762376,528.459090909091,0.10412213611257912,1511,73,1584,Exact_structureO
query_cycle_8_36.graph,5,0.7,5010,478.6237623762376,377.48830577512655,0.2113047127016863,1508,80,1588,Exact_structureO
query_cycle_8_36.graph,1,0.8,5726,478.6237623762376,479.50092648781384,0.0018326798218737663,1580,73,1653,Exact_structureO
query_cycle_8_36.graph,2,0.8,5726,478.6237623762376,670.181623585703,0.4002263913066757,1576,77,1653,Exact_structureO
query_cycle_8_36.graph,3,0.8,5726,478.6237623762376,500.85735065850986,0.046453164322407425,1589,78,1667,Exact_structureO
query_cycle_8_36.graph,4,0.8,5726,478.6237623762376,528.1033099001095,0.1033787943962901,1582,81,1663,Exact_structureO
query_cycle_8_36.graph,5,0.8,5726,478.6237623762376,425.116464334188,0.11179406926308956,1575,81,1656,Exact_structureO
query_cycle_8_37.graph,1,0.01,71,7708.451534822313,,,67,3,70,Exact_structureO
query_cycle_8_37.graph,2,0.01,71,7708.451534822313,12251.948051948053,0.5894175369204643,68,1,69,Exact_structureO
query_cycle_8_37.graph,3,0.01,71,7708.451534822313,,,71,2,73,Exact_structureO
query_cycle_8_37.graph,4,0.01,71,7708.451534822313,,,81,1,82,Exact_structureO
query_cycle_8_37.graph,5,0.01,71,7708.451534822313,,,74,0,74,Exact_structureO
query_cycle_8_37.graph,1,0.05,357,7708.451534822313,9563.573883161513,0.24066083051295487,263,8,271,Exact_structureO
query_cycle_8_37.graph,2,0.05,357,7708.451534822313,12330.165289256198,0.5995644823808858,270,6,276,Exact_structureO
query_cycle_8_37.graph,3,0.05,357,7708.451534822313,6027.961165048543,0.21800621852291466,266,8,274,Exact_structureO
query_cycle_8_37.graph,4,0.05,357,7708.451534822313,12198.882681564248,0.5825334863242989,261,4,265,Exact_structureO
query_cycle_8_37.graph,5,0.05,357,7708.451534822313,8823.561151079137,0.14466065087383703,268,4,272,Exact_structureO
query_cycle_8_37.graph,1,0.075,536,7708.451534822313,5143.918918918919,0.33269102157785163,363,14,377,Exact_structureO
query_cycle_8_37.graph,2,0.075,536,7708.451534822313,12327.813712807245,0.5992594176816618,355,9,364,Exact_structureO
query_cycle_8_37.graph,3,0.075,536,7708.451534822313,5625.131472491909,0.27026440432545656,358,11,369,Exact_structureO
query_cycle_8_37.graph,4,0.075,536,7708.451534822313,8129.043984005816,0.05456250808395309,355,10,365,Exact_structureO
query_cycle_8_37.graph,5,0.075,536,7708.451534822313,10127.709378806334,0.31384485367200105,349,9,358,Exact_structureO
query_cycle_8_37.graph,1,0.1,714,7708.451534822313,11784.083044982699,0.5287224667300621,443,17,460,Exact_structureO
query_cycle_8_37.graph,2,0.1,714,7708.451534822313,8207.176121712222,0.06469841376532766,428,18,446,Exact_structureO
query_cycle_8_37.graph,3,0.1,714,7708.451534822313,5154.436200999737,0.3313266383378058,449,16,465,Exact_structureO
query_cycle_8_37.graph,4,0.1,714,7708.451534822313,6092.993248312079,0.20956975330421815,431,15,446,Exact_structureO
query_cycle_8_37.graph,5,0.1,714,7708.451534822313,9295.346016114592,0.20586423539456794,447,16,463,Exact_structureO
query_cycle_8_37.graph,1,0.125,893,7708.451534822313,7282.608695652173,0.05524362931341386,508,19,527,Exact_structureO
query_cycle_8_37.graph,2,0.125,893,7708.451534822313,13609.849263157894,0.7655749928084115,517,21,538,Exact_structureO
query_cycle_8_37.graph,3,0.125,893,7708.451534822313,5801.786860429913,0.24734730000950192,501,20,521,Exact_structureO
query_cycle_8_37.graph,4,0.125,893,7708.451534822313,7989.356351791532,0.03644114718763602,510,18,528,Exact_structureO
query_cycle_8_37.graph,5,0.125,893,7708.451534822313,9837.680457519707,0.276220057047615,513,20,533,Exact_structureO
query_cycle_8_37.graph,1,0.15,1072,7708.451534822313,6294.696051948052,0.18340330434559185,570,24,594,Exact_structureO
query_cycle_8_37.graph,2,0.15,1072,7708.451534822313,11940.009819967268,0.5489504949248535,573,24,597,Exact_structureO
query_cycle_8_37.graph,3,0.15,1072,7708.451534822313,5544.905914625343,0.2806718846740264,587,26,613,Exact_structureO
query_cycle_8_37.graph,4,0.15,1072,7708.451534822313,8337.55318615153,0.0816119357418673,576,24,600,Exact_structureO
query_cycle_8_37.graph,5,0.15,1072,7708.451534822313,7699.874807669547,0.001112639434005778,580,25,605,Exact_structureO
query_cycle_8_37.graph,1,0.2,1429,7708.451534822313,7958.971773124834,0.03249942445260447,711,28,739,Exact_structureO
query_cycle_8_37.graph,2,0.2,1429,7708.451534822313,10826.497473191175,0.4044970542116454,710,33,743,Exact_structureO
query_cycle_8_37.graph,3,0.2,1429,7708.451534822313,5909.68422787194,0.2333500183304761,719,35,754,Exact_structureO
query_cycle_8_37.graph,4,0.2,1429,7708.451534822313,8253.109540636042,0.07065725241357228,715,34,749,Exact_structureO
query_cycle_8_37.graph,5,0.2,1429,7708.451534822313,8823.283464453682,0.14462462721536282,717,32,749,Exact_structureO
query_cycle_8_37.graph,1,0.3,2144,7708.451534822313,5749.089409605281,0.2541836212325875,961,41,1002,Exact_structureO
query_cycle_8_37.graph,2,0.3,2144,7708.451534822313,9481.961160811694,0.23007339645033675,979,48,1027,Exact_structureO
query_cycle_8_37.graph,3,0.3,2144,7708.451534822313,6600.396475285695,0.14374547917063088,967,48,1015,Exact_structureO
query_cycle_8_37.graph,4,0.3,2144,7708.451534822313,7182.026663272234,0.06829190910418217,958,47,1005,Exact_structureO
query_cycle_8_37.graph,5,0.3,2144,7708.451534822313,8221.61263669502,0.06657123023405441,952,44,996,Exact_structureO
query_cycle_8_37.graph,1,0.4,2859,7708.451534822313,7397.414569525318,0.040350122705177585,1155,49,1204,Exact_structureO
query_cycle_8_37.graph,2,0.4,2859,7708.451534822313,9385.618549011733,0.21757508711223678,1152,54,1206,Exact_structureO
query_cycle_8_37.graph,3,0.4,2859,7708.451534822313,6957.286989657051,0.09744687915230917,1144,59,1203,Exact_structureO
query_cycle_8_37.graph,4,0.4,2859,7708.451534822313,7959.217852787738,0.032531347811244296,1145,52,1197,Exact_structureO
query_cycle_8_37.graph,5,0.4,2859,7708.451534822313,7368.6918511588065,0.044076256058518296,1152,57,1209,Exact_structureO
query_cycle_8_37.graph,1,0.5,3574,7708.451534822313,6220.326043796544,0.19305115746051998,1313,60,1373,Exact_structureO
query_cycle_8_37.graph,2,0.5,3574,7708.451534822313,7929.933009876116,0.028732291310813556,1320,63,1383,Exact_structureO
query_cycle_8_37.graph,3,0.5,3574,7708.451534822313,7679.63009958537,0.0037389396698863176,1328,68,1396,Exact_structureO
query_cycle_8_37.graph,4,0.5,3574,7708.451534822313,7404.109697555412,0.03948157887379343,1314,61,1375,Exact_structureO
query_cycle_8_37.graph,5,0.5,3574,7708.451534822313,7739.54096632266,0.004033161700492375,1319,60,1379,Exact_structureO
query_cycle_8_37.graph,1,0.6,4288,7708.451534822313,6683.653226932933,0.13294476890202084,1468,70,1538,Exact_structureO
query_cycle_8_37.graph,2,0.6,4288,7708.451534822313,8665.567192749231,0.12416445165455406,1463,71,1534,Exact_structureO
query_cycle_8_37.graph,3,0.6,4288,7708.451534822313,7712.747341356993,0.0005572852751650878,1461,79,1540,Exact_structureO
query_cycle_8_37.graph,4,0.6,4288,7708.451534822313,8465.876430838942,0.09825902032269676,1470,65,1535,Exact_structureO
query_cycle_8_37.graph,5,0.6,4288,7708.451534822313,8037.806682186126,0.04272649907390312,1458,67,1525,Exact_structureO
query_cycle_8_37.graph,1,0.7,5003,7708.451534822313,6720.128610081519,0.1282128998640161,1610,74,1684,Exact_structureO
query_cycle_8_37.graph,2,0.7,5003,7708.451534822313,8162.178635159576,0.05886099150881168,1618,79,1697,Exact_structureO
query_cycle_8_37.graph,3,0.7,5003,7708.451534822313,7547.812750200016,0.020839306558084213,1613,87,1700,Exact_structureO
query_cycle_8_37.graph,4,0.7,5003,7708.451534822313,7924.988122843846,0.02809080228932444,1615,72,1687,Exact_structureO
query_cycle_8_37.graph,5,0.7,5003,7708.451534822313,7238.225550214595,0.0610013544852049,1615,77,1692,Exact_structureO
query_cycle_8_37.graph,1,0.8,5718,7708.451534822313,6918.25557308068,0.10251033663142153,1735,85,1820,Exact_structureO
query_cycle_8_37.graph,2,0.8,5718,7708.451534822313,8229.107709272375,0.0675435490640422,1729,82,1811,Exact_structureO
query_cycle_8_37.graph,3,0.8,5718,7708.451534822313,8291.756381300862,0.07567081972864664,1729,91,1820,Exact_structureO
query_cycle_8_37.graph,4,0.8,5718,7708.451534822313,7651.423607440826,0.007398104161888758,1737,77,1814,Exact_structureO
query_cycle_8_37.graph,5,0.8,5718,7708.451534822313,7381.515763650771,0.042412638867175306,1736,82,1818,Exact_structureO
query_cycle_8_39.graph,1,0.01,80,2760.0014717605936,5360.0,0.9420279499274608,41,15,56,Exact_structureO
query_cycle_8_39.graph,2,0.01,80,2760.0014717605936,2016.6666666666667,0.2693240611280387,34,13,47,Exact_structureO
query_cycle_8_39.graph,3,0.01,80,2760.0014717605936,2951.2195121951218,0.0692818617638457,40,10,50,Exact_structureO
query_cycle_8_39.graph,4,0.01,80,2760.0014717605936,3660.487804878049,0.32626299019436344,39,8,47,Exact_structureO
query_cycle_8_39.graph,5,0.01,80,2760.0014717605936,,,46,5,51,Exact_structureO
query_cycle_8_39.graph,1,0.05,400,2760.0014717605936,3530.806047593488,0.27927687130586976,126,46,172,Exact_structureO
query_cycle_8_39.graph,2,0.05,400,2760.0014717605936,2430.6341683592864,0.11933591585775684,134,44,178,Exact_structureO
query_cycle_8_39.graph,3,0.05,400,2760.0014717605936,2984.9640685461577,0.08150814377720653,144,40,184,Exact_structureO
query_cycle_8_39.graph,4,0.05,400,2760.0014717605936,3004.2751547303274,0.08850491040278777,143,50,193,Exact_structureO
query_cycle_8_39.graph,5,0.05,400,2760.0014717605936,1873.0836236933799,0.32134687504403847,132,52,184,Exact_structureO
query_cycle_8_39.graph,1,0.075,600,2760.0014717605936,3070.272487526728,0.11241697475190617,173,68,241,Exact_structureO
query_cycle_8_39.graph,2,0.075,600,2760.0014717605936,3308.544208664898,0.19874726246228824,181,56,237,Exact_structureO
query_cycle_8_39.graph,3,0.075,600,2760.0014717605936,2236.3969348659007,0.1897116875668504,183,55,238,Exact_structureO
query_cycle_8_39.graph,4,0.075,600,2760.0014717605936,2861.0009049773753,0.036593978028698126,167,61,228,Exact_structureO
query_cycle_8_39.graph,5,0.075,600,2760.0014717605936,1820.5337760910813,0.34038666474704077,181,76,257,Exact_structureO
query_cycle_8_39.graph,1,0.1,801,2760.0014717605936,2904.4972848221555,0.0523535275397475,209,80,289,Exact_structureO
query_cycle_8_39.graph,2,0.1,801,2760.0014717605936,2515.0289207868154,0.0887581233127065,221,73,294,Exact_structureO
query_cycle_8_39.graph,3,0.1,801,2760.0014717605936,1973.8388667552013,0.28484137166198775,212,67,279,Exact_structureO
query_cycle_8_39.graph,4,0.1,801,2760.0014717605936,2901.643758765778,0.051319641838752796,215,78,293,Exact_structureO
query_cycle_8_39.graph,5,0.1,801,2760.0014717605936,2650.3594758064514,0.03972533966954808,217,85,302,Exact_structureO
query_cycle_8_39.graph,1,0.125,1001,2760.0014717605936,3061.657507907958,0.10929560698927426,248,93,341,Exact_structureO
query_cycle_8_39.graph,2,0.125,1001,2760.0014717605936,2522.7141463414628,0.08597362278497854,248,81,329,Exact_structureO
query_cycle_8_39.graph,3,0.125,1001,2760.0014717605936,2691.6008305543314,0.024782827801403208,253,87,340,Exact_structureO
query_cycle_8_39.graph,4,0.125,1001,2760.0014717605936,3056.204514824798,0.10731988591124109,246,95,341,Exact_structureO
query_cycle_8_39.graph,5,0.125,1001,2760.0014717605936,3458.620374600274,0.2531226559071485,249,91,340,Exact_structureO
query_cycle_8_39.graph,1,0.15,1201,2760.0014717605936,3205.343432724942,0.16135569691572177,277,106,383,Exact_structureO
query_cycle_8_39.graph,2,0.15,1201,2760.0014717605936,2987.3643979057597,0.08237782786403088,275,88,363,Exact_structureO
query_cycle_8_39.graph,3,0.15,1201,2760.0014717605936,2738.6045136909665,0.007752516905716741,281,106,387,Exact_structureO
query_cycle_8_39.graph,4,0.15,1201,2760.0014717605936,2735.427647761614,0.008903554672129962,273,113,386,Exact_structureO
query_cycle_8_39.graph,5,0.15,1201,2760.0014717605936,2955.9212726533196,0.070985397253339,285,113,398,Exact_structureO
query_cycle_8_39.graph,1,0.2,1602,2760.0014717605936,2788.9270898907234,0.010480290835380705,333,137,470,Exact_structureO
query_cycle_8_39.graph,2,0.2,1602,2760.0014717605936,2295.9657738455944,0.16812878640205678,335,125,460,Exact_structureO
query_cycle_8_39.graph,3,0.2,1602,2760.0014717605936,2989.6274372562743,0.08319776922046467,331,125,456,Exact_structureO
query_cycle_8_39.graph,4,0.2,1602,2760.0014717605936,2695.2837983798377,0.023448419880541888,319,149,468,Exact_structureO
query_cycle_8_39.graph,5,0.2,1602,2760.0014717605936,3071.293176328502,0.11278678933795515,331,135,466,Exact_structureO
query_cycle_8_39.graph,1,0.3,2403,2760.0014717605936,2823.1978924646332,0.022897241668399137,482,223,705,Exact_structureO
query_cycle_8_39.graph,2,0.3,2403,2760.0014717605936,2602.2180001393067,0.05716789401588163,489,219,708,Exact_structureO
query_cycle_8_39.graph,3,0.3,2403,2760.0014717605936,2866.4119377441957,0.03855449610167174,473,237,710,Exact_structureO
query_cycle_8_39.graph,4,0.3,2403,2760.0014717605936,2839.1527939204293,0.028677999982857028,475,248,723,Exact_structureO
query_cycle_8_39.graph,5,0.3,2403,2760.0014717605936,2705.826622651092,0.019628558051073747,468,213,681,Exact_structureO
query_cycle_8_39.graph,1,0.4,3205,2760.0014717605936,2683.4490092498304,0.027736384670088866,564,274,838,Exact_structureO
query_cycle_8_39.graph,2,0.4,3205,2760.0014717605936,2466.577587203872,0.10631294495997048,556,275,831,Exact_structureO
query_cycle_8_39.graph,3,0.4,3205,2760.0014717605936,2473.8440584773116,0.10368016691699204,556,290,846,Exact_structureO
query_cycle_8_39.graph,4,0.4,3205,2760.0014717605936,3081.3982985581456,0.11644806355575392,547,299,846,Exact_structureO
query_cycle_8_39.graph,5,0.4,3205,2760.0014717605936,2998.911465630878,0.08656154582333778,563,257,820,Exact_structureO
query_cycle_8_39.graph,1,0.5,4006,2760.0014717605936,2833.6701164011906,0.026691523680095745,628,321,949,Exact_structureO
query_cycle_8_39.graph,2,0.5,4006,2760.0014717605936,2486.3966394147847,0.09913213277066754,622,334,956,Exact_structureO
query_cycle_8_39.graph,3,0.5,4006,2760.0014717605936,2650.185589586996,0.039788341889378326,618,338,956,Exact_structureO
query_cycle_8_39.graph,4,0.5,4006,2760.0014717605936,2956.7792591629845,0.07129626176498637,618,335,953,Exact_structureO
query_cycle_8_39.graph,5,0.5,4006,2760.0014717605936,2674.3807101409425,0.031021998537208755,631,326,957,Exact_structureO
query_cycle_8_39.graph,1,0.6,4807,2760.0014717605936,2830.4288883026484,0.02551716629959961,688,383,1071,Exact_structureO
query_cycle_8_39.graph,2,0.6,4807,2760.0014717605936,2815.9571946266283,0.020273801821685523,678,376,1054,Exact_structureO
query_cycle_8_39.graph,3,0.6,4807,2760.0014717605936,2667.3642500352757,0.03356419287205125,674,378,1052,Exact_structureO
query_cycle_8_39.graph,4,0.6,4807,2760.0014717605936,2882.8475122054024,0.044509411209279454,687,377,1064,Exact_structureO
query_cycle_8_39.graph,5,0.6,4807,2760.0014717605936,2698.329907345025,0.022344757800519855,688,377,1065,Exact_structureO
query_cycle_8_39.graph,1,0.7,5609,2760.0014717605936,2863.8631479087953,0.037631022016067536,739,407,1146,Exact_structureO
query_cycle_8_39.graph,2,0.7,5609,2760.0014717605936,2701.1028852189665,0.0213400562080338,733,407,1140,Exact_structureO
query_cycle_8_39.graph,3,0.7,5609,2760.0014717605936,2745.1913843185516,0.005365970849499116,733,414,1147,Exact_structureO
query_cycle_8_39.graph,4,0.7,5609,2760.0014717605936,2892.281952347351,0.04792768480024615,735,403,1138,Exact_structureO
query_cycle_8_39.graph,5,0.7,5609,2760.0014717605936,2593.8177183918992,0.060211472736167226,735,423,1158,Exact_structureO
query_cycle_8_39.graph,1,0.8,6410,2760.0014717605936,2836.2363685546397,0.027621324689155395,776,430,1206,Exact_structureO
query_cycle_8_39.graph,2,0.8,6410,2760.0014717605936,2673.2188359493653,0.031442967222720386,767,431,1198,Exact_structureO
query_cycle_8_39.graph,3,0.8,6410,2760.0014717605936,2664.8529896977784,0.034474069320738585,776,430,1206,Exact_structureO
query_cycle_8_39.graph,4,0.8,6410,2760.0014717605936,2845.6490826480285,0.031031726527595158,780,432,1212,Exact_structureO
query_cycle_8_39.graph,5,0.8,6410,2760.0014717605936,2653.8350003634023,0.038466092313156695,766,437,1203,Exact_structureO
query_cycle_8_40.graph,1,0.01,40,2505.1199069841396,,,17,0,17,Exact_structureO
query_cycle_8_40.graph,2,0.01,40,2505.1199069841396,5144.2307692307695,1.053486843040499,14,3,17,Exact_structureO
query_cycle_8_40.graph,3,0.01,40,2505.1199069841396,,,13,2,15,Exact_structureO
query_cycle_8_40.graph,4,0.01,40,2505.1199069841396,,,14,4,18,Exact_structureO
query_cycle_8_40.graph,5,0.01,40,2505.1199069841396,,,17,1,18,Exact_structureO
query_cycle_8_40.graph,1,0.05,204,2505.1199069841396,,,41,10,51,Exact_structureO
query_cycle_8_40.graph,2,0.05,204,2505.1199069841396,8489.304812834223,2.388781826038146,32,10,42,Exact_structureO
query_cycle_8_40.graph,3,0.05,204,2505.1199069841396,0.0,1.0,41,8,49,Exact_structureO
query_cycle_8_40.graph,4,0.05,204,2505.1199069841396,,,32,14,46,Exact_structureO
query_cycle_8_40.graph,5,0.05,204,2505.1199069841396,,,41,12,53,Exact_structureO
query_cycle_8_40.graph,1,0.075,306,2505.1199069841396,,,45,12,57,Exact_structureO
query_cycle_8_40.graph,2,0.075,306,2505.1199069841396,6861.31386861314,1.7389163486682477,44,25,69,Exact_structureO
query_cycle_8_40.graph,3,0.075,306,2505.1199069841396,1529.0189003436426,0.38964242945783945,50,14,64,Exact_structureO
query_cycle_8_40.graph,4,0.075,306,2505.1199069841396,1039.7301038062285,0.5849579491554409,44,18,62,Exact_structureO
query_cycle_8_40.graph,5,0.075,306,2505.1199069841396,,,47,14,61,Exact_structureO
query_cycle_8_40.graph,1,0.1,409,2505.1199069841396,,,53,15,68,Exact_structureO
query_cycle_8_40.graph,2,0.1,409,2505.1199069841396,5669.240669240669,1.2630616017361609,50,31,81,Exact_structureO
query_cycle_8_40.graph,3,0.1,409,2505.1199069841396,1471.4903846153845,0.4126068055613033,54,18,72,Exact_structureO
query_cycle_8_40.graph,4,0.1,409,2505.1199069841396,1960.4712643678158,0.21741420085237143,55,27,82,Exact_structureO
query_cycle_8_40.graph,5,0.1,409,2505.1199069841396,0.0,1.0,52,22,74,Exact_structureO
query_cycle_8_40.graph,1,0.125,511,2505.1199069841396,,,57,16,73,Exact_structureO
query_cycle_8_40.graph,2,0.125,511,2505.1199069841396,5696.5282181357015,1.2739543134259113,58,38,96,Exact_structureO
query_cycle_8_40.graph,3,0.125,511,2505.1199069841396,1457.0205479452054,0.41838291098038444,59,22,81,Exact_structureO
query_cycle_8_40.graph,4,0.125,511,2505.1199069841396,1056.0162721893494,0.5784567959221302,58,32,90,Exact_structureO
query_cycle_8_40.graph,5,0.125,511,2505.1199069841396,0.0,1.0,55,23,78,Exact_structureO
query_cycle_8_40.graph,1,0.15,613,2505.1199069841396,0.0,1.0,61,33,94,Exact_structureO
query_cycle_8_40.graph,2,0.15,613,2505.1199069841396,5347.444508338126,1.134606209239621,59,40,99,Exact_structureO
query_cycle_8_40.graph,3,0.15,613,2505.1199069841396,1191.1437908496732,0.5245162566754475,60,29,89,Exact_structureO
query_cycle_8_40.graph,4,0.15,613,2505.1199069841396,847.7907290729074,0.6615767865205524,64,38,102,Exact_structureO
query_cycle_8_40.graph,5,0.15,613,2505.1199069841396,602.4849397590361,0.7594985620930398,64,32,96,Exact_structureO
query_cycle_8_40.graph,1,0.2,818,2505.1199069841396,739.1437477860431,0.7049467589454101,68,46,114,Exact_structureO
query_cycle_8_40.graph,2,0.2,818,2505.1199069841396,3420.6756931608134,0.3654738376491095,67,51,118,Exact_structureO
query_cycle_8_40.graph,3,0.2,818,2505.1199069841396,3418.5670878459696,0.3646321193309703,67,47,114,Exact_structureO
query_cycle_8_40.graph,4,0.2,818,2505.1199069841396,2042.2369053339742,0.18477478876746478,65,41,106,Exact_structureO
query_cycle_8_40.graph,5,0.2,818,2505.1199069841396,1539.3480443059882,0.38551921606052925,71,44,115,Exact_structureO
query_cycle_8_40.graph,1,0.3,1227,2505.1199069841396,2110.903298749668,0.15736436692527844,84,87,171,Exact_structureO
query_cycle_8_40.graph,2,0.3,1227,2505.1199069841396,2345.164567456395,0.06385137057982634,82,84,166,Exact_structureO
query_cycle_8_40.graph,3,0.3,1227,2505.1199069841396,2434.19230125523,0.028313058201791873,83,78,161,Exact_structureO
query_cycle_8_40.graph,4,0.3,1227,2505.1199069841396,4060.726830087308,0.6209710436479388,81,75,156,Exact_structureO
query_cycle_8_40.graph,5,0.3,1227,2505.1199069841396,2678.578304475352,0.06924155486833977,85,86,171,Exact_structureO
query_cycle_8_40.graph,1,0.4,1636,2505.1199069841396,2368.3449627597015,0.05459816268399643,90,111,201,Exact_structureO
query_cycle_8_40.graph,2,0.4,1636,2505.1199069841396,3746.1374948467083,0.4953924897577471,88,98,186,Exact_structureO
query_cycle_8_40.graph,3,0.4,1636,2505.1199069841396,1575.031585808566,0.3712749711431127,93,95,188,Exact_structureO
query_cycle_8_40.graph,4,0.4,1636,2505.1199069841396,3427.712056300406,0.36828263060148503,92,112,204,Exact_structureO
query_cycle_8_40.graph,5,0.4,1636,2505.1199069841396,2302.632646320518,0.08082936872566386,87,98,185,Exact_structureO
query_cycle_8_40.graph,1,0.5,2046,2505.1199069841396,2406.145588865096,0.039508814665161644,99,127,226,Exact_structureO
query_cycle_8_40.graph,2,0.5,2046,2505.1199069841396,2830.322330201055,0.1298151127657677,97,128,225,Exact_structureO
query_cycle_8_40.graph,3,0.5,2046,2505.1199069841396,2212.6334860333022,0.11675545754732175,103,114,217,Exact_structureO
query_cycle_8_40.graph,4,0.5,2046,2505.1199069841396,3644.9145711906754,0.4549860711372935,96,123,219,Exact_structureO
query_cycle_8_40.graph,5,0.5,2046,2505.1199069841396,2399.870619795451,0.042013672437498525,98,124,222,Exact_structureO
query_cycle_8_40.graph,1,0.6,2455,2505.1199069841396,2304.4475634178907,0.08010488560119823,102,142,244,Exact_structureO
query_cycle_8_40.graph,2,0.6,2455,2505.1199069841396,3125.123162791792,0.24749444291233988,102,140,242,Exact_structureO
query_cycle_8_40.graph,3,0.6,2455,2505.1199069841396,2569.5114821636826,0.025703989258167942,106,136,242,Exact_structureO
query_cycle_8_40.graph,4,0.6,2455,2505.1199069841396,3079.083889254026,0.22911637110451508,104,139,243,Exact_structureO
query_cycle_8_40.graph,5,0.6,2455,2505.1199069841396,2816.675304445775,0.12436745905576647,105,134,239,Exact_structureO
query_cycle_8_40.graph,1,0.7,2864,2505.1199069841396,2537.6596427342697,0.012989292711862261,109,152,261,Exact_structureO
query_cycle_8_40.graph,2,0.7,2864,2505.1199069841396,3326.438749728319,0.3278561000031922,106,161,267,Exact_structureO
query_cycle_8_40.graph,3,0.7,2864,2505.1199069841396,2072.8108813017684,0.1725701929385164,107,149,256,Exact_structureO
query_cycle_8_40.graph,4,0.7,2864,2505.1199069841396,3092.353062351659,0.23441319265011826,109,153,262,Exact_structureO
query_cycle_8_40.graph,5,0.7,2864,2505.1199069841396,2806.5043513712944,0.12030739269082939,110,144,254,Exact_structureO
query_cycle_8_40.graph,1,0.8,3273,2505.1199069841396,2839.640773244782,0.13353487205463346,115,163,278,Exact_structureO
query_cycle_8_40.graph,2,0.8,3273,2505.1199069841396,2592.6935030244786,0.034957846048082775,110,171,281,Exact_structureO
query_cycle_8_40.graph,3,0.8,3273,2505.1199069841396,1779.8285816912496,0.2895235965635085,114,165,279,Exact_structureO
query_cycle_8_40.graph,4,0.8,3273,2505.1199069841396,3256.614681811768,0.2999835547721694,118,166,284,Exact_structureO
query_cycle_8_40.graph,5,0.8,3273,2505.1199069841396,2372.568338225726,0.05291226515300396,115,161,276,Exact_structureO
query_cycle_8_41.graph,1,0.01,57,234.0,,,11,1,12,Exact_structureO
query_cycle_8_41.graph,2,0.01,57,234.0,,,7,0,7,Exact_structureO
query_cycle_8_41.graph,3,0.01,57,234.0,,,11,0,11,Exact_structureO
query_cycle_8_41.graph,4,0.01,57,234.0,,,10,1,11,Exact_structureO
query_cycle_8_41.graph,5,0.01,57,234.0,,,9,0,9,Exact_structureO
query_cycle_8_41.graph,1,0.05,287,234.0,0.0,1.0,17,7,24,Exact_structureO
query_cycle_8_41.graph,2,0.05,287,234.0,,,19,4,23,Exact_structureO
query_cycle_8_41.graph,3,0.05,287,234.0,,,19,4,23,Exact_structureO
query_cycle_8_41.graph,4,0.05,287,234.0,,,18,5,23,Exact_structureO
query_cycle_8_41.graph,5,0.05,287,234.0,,,18,3,21,Exact_structureO
query_cycle_8_41.graph,1,0.075,431,234.0,290.3172653534183,0.24067207415990724,18,7,25,Exact_structureO
query_cycle_8_41.graph,2,0.075,431,234.0,,,20,5,25,Exact_structureO
query_cycle_8_41.graph,3,0.075,431,234.0,,,19,5,24,Exact_structureO
query_cycle_8_41.graph,4,0.075,431,234.0,0.0,1.0,19,8,27,Exact_structureO
query_cycle_8_41.graph,5,0.075,431,234.0,,,20,4,24,Exact_structureO
query_cycle_8_41.graph,1,0.1,575,234.0,339.3632179307584,0.45027016209725823,20,7,27,Exact_structureO
query_cycle_8_41.graph,2,0.1,575,234.0,,,21,5,26,Exact_structureO
query_cycle_8_41.graph,3,0.1,575,234.0,,,21,5,26,Exact_structureO
query_cycle_8_41.graph,4,0.1,575,234.0,0.0,1.0,20,8,28,Exact_structureO
query_cycle_8_41.graph,5,0.1,575,234.0,,,22,6,28,Exact_structureO
query_cycle_8_41.graph,1,0.125,718,234.0,244.70389610389606,0.045743145743145544,20,7,27,Exact_structureO
query_cycle_8_41.graph,2,0.125,718,234.0,,,21,5,26,Exact_structureO
query_cycle_8_41.graph,3,0.125,718,234.0,,,21,5,26,Exact_structureO
query_cycle_8_41.graph,4,0.125,718,234.0,256.4433962264151,0.09591194968553451,21,8,29,Exact_structureO
query_cycle_8_41.graph,5,0.125,718,234.0,,,22,6,28,Exact_structureO
query_cycle_8_41.graph,1,0.15,862,234.0,234.0,0.0,21,8,29,Exact_structureO
query_cycle_8_41.graph,2,0.15,862,234.0,,,22,5,27,Exact_structureO
query_cycle_8_41.graph,3,0.15,862,234.0,,,22,5,27,Exact_structureO
query_cycle_8_41.graph,4,0.15,862,234.0,234.0,0.0,21,8,29,Exact_structureO
query_cycle_8_41.graph,5,0.15,862,234.0,,,22,6,28,Exact_structureO
query_cycle_8_41.graph,1,0.2,1150,234.0,231.80065104763653,0.009398927146852415,21,8,29,Exact_structureO
query_cycle_8_41.graph,2,0.2,1150,234.0,,,22,5,27,Exact_structureO
query_cycle_8_41.graph,3,0.2,1150,234.0,,,23,5,28,Exact_structureO
query_cycle_8_41.graph,4,0.2,1150,234.0,202.46648275862069,0.1347586206896552,21,8,29,Exact_structureO
query_cycle_8_41.graph,5,0.2,1150,234.0,,,22,6,28,Exact_structureO
query_cycle_8_41.graph,1,0.3,1725,234.0,527.3609646508643,1.2536793361148046,26,8,34,Exact_structureO
query_cycle_8_41.graph,2,0.3,1725,234.0,,,24,7,31,Exact_structureO
query_cycle_8_41.graph,3,0.3,1725,234.0,,,23,5,28,Exact_structureO
query_cycle_8_41.graph,4,0.3,1725,234.0,237.21900514579755,0.01375643224699809,24,8,32,Exact_structureO
query_cycle_8_41.graph,5,0.3,1725,234.0,,,22,6,28,Exact_structureO
query_cycle_8_41.graph,1,0.4,2300,234.0,421.2205661551983,0.8000878895521295,26,8,34,Exact_structureO
query_cycle_8_41.graph,2,0.4,2300,234.0,,,24,7,31,Exact_structureO
query_cycle_8_41.graph,3,0.4,2300,234.0,,,25,5,30,Exact_structureO
query_cycle_8_41.graph,4,0.4,2300,234.0,524.1600000000001,1.2400000000000004,26,9,35,Exact_structureO
query_cycle_8_41.graph,5,0.4,2300,234.0,,,22,6,28,Exact_structureO
query_cycle_8_41.graph,1,0.5,2875,234.0,436.11389021130105,0.8637345735525687,27,8,35,Exact_structureO
query_cycle_8_41.graph,2,0.5,2875,234.0,,,24,7,31,Exact_structureO
query_cycle_8_41.graph,3,0.5,2875,234.0,,,25,5,30,Exact_structureO
query_cycle_8_41.graph,4,0.5,2875,234.0,475.11082535278,1.030388142533248,27,9,36,Exact_structureO
query_cycle_8_41.graph,5,0.5,2875,234.0,,,22,6,28,Exact_structureO
query_cycle_8_41.graph,1,0.6,3450,234.0,429.4469310613788,0.8352432951340975,29,8,37,Exact_structureO
query_cycle_8_41.graph,2,0.6,3450,234.0,,,24,7,31,Exact_structureO
query_cycle_8_41.graph,3,0.6,3450,234.0,,,25,5,30,Exact_structureO
query_cycle_8_41.graph,4,0.6,3450,234.0,438.7774235889743,0.8751171948246764,27,9,36,Exact_structureO
query_cycle_8_41.graph,5,0.6,3450,234.0,,,22,6,28,Exact_structureO
query_cycle_8_41.graph,1,0.7,4025,234.0,429.4469310613788,0.8352432951340975,29,8,37,Exact_structureO
query_cycle_8_41.graph,2,0.7,4025,234.0,,,24,7,31,Exact_structureO
query_cycle_8_41.graph,3,0.7,4025,234.0,,,25,5,30,Exact_structureO
query_cycle_8_41.graph,4,0.7,4025,234.0,475.11082535278,1.030388142533248,27,9,36,Exact_structureO
query_cycle_8_41.graph,5,0.7,4025,234.0,,,22,6,28,Exact_structureO
query_cycle_8_41.graph,1,0.8,4600,234.0,429.4469310613788,0.8352432951340975,29,8,37,Exact_structureO
query_cycle_8_41.graph,2,0.8,4600,234.0,,,24,7,31,Exact_structureO
query_cycle_8_41.graph,3,0.8,4600,234.0,,,25,5,30,Exact_structureO
query_cycle_8_41.graph,4,0.8,4600,234.0,438.7774235889743,0.8751171948246764,27,9,36,Exact_structureO
query_cycle_8_41.graph,5,0.8,4600,234.0,,,22,6,28,Exact_structureO
query_cycle_8_42.graph,1,0.01,32,316.3529411764706,,,38,1,39,Exact_structureO
query_cycle_8_42.graph,2,0.01,32,316.3529411764706,,,38,2,40,Exact_structureO
query_cycle_8_42.graph,3,0.01,32,316.3529411764706,296.74418604651163,0.06198379271277475,42,2,44,Exact_structureO
query_cycle_8_42.graph,4,0.01,32,316.3529411764706,,,39,0,39,Exact_structureO
query_cycle_8_42.graph,5,0.01,32,316.3529411764706,,,38,1,39,Exact_structureO
query_cycle_8_42.graph,1,0.05,161,316.3529411764706,,,144,1,145,Exact_structureO
query_cycle_8_42.graph,2,0.05,161,316.3529411764706,,,139,3,142,Exact_structureO
query_cycle_8_42.graph,3,0.05,161,316.3529411764706,291.36792452830184,0.07897829732593324,142,4,146,Exact_structureO
query_cycle_8_42.graph,4,0.05,161,316.3529411764706,334.2592592592593,0.056602344255747054,140,3,143,Exact_structureO
query_cycle_8_42.graph,5,0.05,161,316.3529411764706,,,138,2,140,Exact_structureO
query_cycle_8_42.graph,1,0.075,242,316.3529411764706,,,197,2,199,Exact_structureO
query_cycle_8_42.graph,2,0.075,242,316.3529411764706,,,185,3,188,Exact_structureO
query_cycle_8_42.graph,3,0.075,242,316.3529411764706,291.8354430379747,0.07750045897256051,185,5,190,Exact_structureO
query_cycle_8_42.graph,4,0.075,242,316.3529411764706,324.47023809523813,0.02565898988825732,184,4,188,Exact_structureO
query_cycle_8_42.graph,5,0.075,242,316.3529411764706,,,181,2,183,Exact_structureO
query_cycle_8_42.graph,1,0.1,323,316.3529411764706,,,232,2,234,Exact_structureO
query_cycle_8_42.graph,2,0.1,323,316.3529411764706,,,229,5,234,Exact_structureO
query_cycle_8_42.graph,3,0.1,323,316.3529411764706,297.85553047404056,0.05847080363356466,233,5,238,Exact_structureO
query_cycle_8_42.graph,4,0.1,323,316.3529411764706,357.5553435114503,0.13024188168364723,238,5,243,Exact_structureO
query_cycle_8_42.graph,5,0.1,323,316.3529411764706,,,223,3,226,Exact_structureO
query_cycle_8_42.graph,1,0.125,404,316.3529411764706,,,269,2,271,Exact_structureO
query_cycle_8_42.graph,2,0.125,404,316.3529411764706,,,267,5,272,Exact_structureO
query_cycle_8_42.graph,3,0.125,404,316.3529411764706,271.7956204379562,0.14084686734004184,279,5,284,Exact_structureO
query_cycle_8_42.graph,4,0.125,404,316.3529411764706,336.49773755656105,0.06367823325800251,269,5,274,Exact_structureO
query_cycle_8_42.graph,5,0.125,404,316.3529411764706,,,269,4,273,Exact_structureO
query_cycle_8_42.graph,1,0.15,485,316.3529411764706,,,315,3,318,Exact_structureO
query_cycle_8_42.graph,2,0.15,485,316.3529411764706,,,317,5,322,Exact_structureO
query_cycle_8_42.graph,3,0.15,485,316.3529411764706,261.358024691358,0.1738403830879349,306,5,311,Exact_structureO
query_cycle_8_42.graph,4,0.15,485,316.3529411764706,361.00000000000006,0.14113053179620688,310,6,316,Exact_structureO
query_cycle_8_42.graph,5,0.15,485,316.3529411764706,227.70454545454544,0.2802199195375098,310,6,316,Exact_structureO
query_cycle_8_42.graph,1,0.2,647,316.3529411764706,,,368,4,372,Exact_structureO
query_cycle_8_42.graph,2,0.2,647,316.3529411764706,369.57439310884877,0.16823441481041812,359,10,369,Exact_structureO
query_cycle_8_42.graph,3,0.2,647,316.3529411764706,265.45657015590206,0.1608847726570594,360,5,365,Exact_structureO
query_cycle_8_42.graph,4,0.2,647,316.3529411764706,335.72405271828654,0.06123259505594475,364,7,371,Exact_structureO
query_cycle_8_42.graph,5,0.2,647,316.3529411764706,217.31532329495124,0.31306052509963356,363,6,369,Exact_structureO
query_cycle_8_42.graph,1,0.3,970,316.3529411764706,757.1763546798029,1.3934544495270822,470,6,476,Exact_structureO
query_cycle_8_42.graph,2,0.3,970,316.3529411764706,260.6943221830985,0.1759383642408564,468,11,479,Exact_structureO
query_cycle_8_42.graph,3,0.3,970,316.3529411764706,293.48930481283423,0.07227255823388218,471,6,477,Exact_structureO
query_cycle_8_42.graph,4,0.3,970,316.3529411764706,367.3453681710214,0.16118840812706642,474,7,481,Exact_structureO
query_cycle_8_42.graph,5,0.3,970,316.3529411764706,229.68780754510664,0.2739507757034562,467,6,473,Exact_structureO
query_cycle_8_42.graph,1,0.4,1294,316.3529411764706,739.702906350915,1.3382204179928512,556,7,563,Exact_structureO
query_cycle_8_42.graph,2,0.4,1294,316.3529411764706,261.9924670433145,0.17183489406166863,549,12,561,Exact_structureO
query_cycle_8_42.graph,3,0.4,1294,316.3529411764706,249.0703150373498,0.21268215774731386,551,8,559,Exact_structureO
query_cycle_8_42.graph,4,0.4,1294,316.3529411764706,388.7516608668143,0.2288542645473861,559,7,566,Exact_structureO
query_cycle_8_42.graph,5,0.4,1294,316.3529411764706,237.42028456767596,0.24950821166781495,550,7,557,Exact_structureO
query_cycle_8_42.graph,1,0.5,1617,316.3529411764706,294.2010810810811,0.07002261465630748,632,9,641,Exact_structureO
query_cycle_8_42.graph,2,0.5,1617,316.3529411764706,260.2415026833632,0.17736973863570585,614,12,626,Exact_structureO
query_cycle_8_42.graph,3,0.5,1617,316.3529411764706,243.39106145251395,0.23063442828323968,629,10,639,Exact_structureO
query_cycle_8_42.graph,4,0.5,1617,316.3529411764706,360.4284098620222,0.13932372027786852,623,7,630,Exact_structureO
query_cycle_8_42.graph,5,0.5,1617,316.3529411764706,260.7496413199426,0.175763498988653,621,9,630,Exact_structureO
query_cycle_8_42.graph,1,0.6,1941,316.3529411764706,464.8131479140328,0.46928663342107796,692,11,703,Exact_structureO
query_cycle_8_42.graph,2,0.6,1941,316.3529411764706,233.31078810283987,0.26249843849976245,691,12,703,Exact_structureO
query_cycle_8_42.graph,3,0.6,1941,316.3529411764706,244.48529411764707,0.22717552993677947,711,10,721,Exact_structureO
query_cycle_8_42.graph,4,0.6,1941,316.3529411764706,254.4279251170047,0.19574661082389747,707,11,718,Exact_structureO
query_cycle_8_42.graph,5,0.6,1941,316.3529411764706,273.51449019261355,0.1354134746607605,706,11,717,Exact_structureO
query_cycle_8_42.graph,1,0.7,2264,316.3529411764706,405.982415658816,0.2833211354034719,778,11,789,Exact_structureO
query_cycle_8_42.graph,2,0.7,2264,316.3529411764706,332.93916949975716,0.05242950567048555,785,12,797,Exact_structureO
query_cycle_8_42.graph,3,0.7,2264,316.3529411764706,194.56412788544623,0.3849776545086304,780,10,790,Exact_structureO
query_cycle_8_42.graph,4,0.7,2264,316.3529411764706,301.99606663581676,0.04538245950002146,780,12,792,Exact_structureO
query_cycle_8_42.graph,5,0.7,2264,316.3529411764706,369.63377269335984,0.16842211524490833,778,12,790,Exact_structureO
query_cycle_8_42.graph,1,0.8,2588,316.3529411764706,372.50991795806743,0.1775136863680078,868,12,880,Exact_structureO
query_cycle_8_42.graph,2,0.8,2588,316.3529411764706,306.7161486334425,0.030462155677106282,858,15,873,Exact_structureO
query_cycle_8_42.graph,3,0.8,2588,316.3529411764706,231.25397243952224,0.26900008711939793,862,10,872,Exact_structureO
query_cycle_8_42.graph,4,0.8,2588,316.3529411764706,332.5633484162896,0.051241525302514516,859,12,871,Exact_structureO
query_cycle_8_42.graph,5,0.8,2588,316.3529411764706,414.1246381795775,0.30905891577776445,869,13,882,Exact_structureO
query_cycle_8_44.graph,1,0.01,30,890.7058823529412,,,16,0,16,Exact_structureO
query_cycle_8_44.graph,2,0.01,30,890.7058823529412,,,18,0,18,Exact_structureO
query_cycle_8_44.graph,3,0.01,30,890.7058823529412,,,9,0,9,Exact_structureO
query_cycle_8_44.graph,4,0.01,30,890.7058823529412,,,15,0,15,Exact_structureO
query_cycle_8_44.graph,5,0.01,30,890.7058823529412,,,16,0,16,Exact_structureO
query_cycle_8_44.graph,1,0.05,151,890.7058823529412,,,37,0,37,Exact_structureO
query_cycle_8_44.graph,2,0.05,151,890.7058823529412,,,40,1,41,Exact_structureO
query_cycle_8_44.graph,3,0.05,151,890.7058823529412,0.0,1.0,38,2,40,Exact_structureO
query_cycle_8_44.graph,4,0.05,151,890.7058823529412,,,43,0,43,Exact_structureO
query_cycle_8_44.graph,5,0.05,151,890.7058823529412,,,36,2,38,Exact_structureO
query_cycle_8_44.graph,1,0.075,227,890.7058823529412,,,52,0,52,Exact_structureO
query_cycle_8_44.graph,2,0.075,227,890.7058823529412,,,47,1,48,Exact_structureO
query_cycle_8_44.graph,3,0.075,227,890.7058823529412,29.87012987012987,0.9664646540884819,46,2,48,Exact_structureO
query_cycle_8_44.graph,4,0.075,227,890.7058823529412,,,46,0,46,Exact_structureO
query_cycle_8_44.graph,5,0.075,227,890.7058823529412,,,50,5,55,Exact_structureO
query_cycle_8_44.graph,1,0.1,303,890.7058823529412,,,62,1,63,Exact_structureO
query_cycle_8_44.graph,2,0.1,303,890.7058823529412,,,55,1,56,Exact_structureO
query_cycle_8_44.graph,3,0.1,303,890.7058823529412,32.07266435986159,0.9639918574747294,54,2,56,Exact_structureO
query_cycle_8_44.graph,4,0.1,303,890.7058823529412,,,54,1,55,Exact_structureO
query_cycle_8_44.graph,5,0.1,303,890.7058823529412,,,54,5,59,Exact_structureO
query_cycle_8_44.graph,1,0.125,379,890.7058823529412,,,62,1,63,Exact_structureO
query_cycle_8_44.graph,2,0.125,379,890.7058823529412,,,62,1,63,Exact_structureO
query_cycle_8_44.graph,3,0.125,379,890.7058823529412,36.254237288135606,0.9592971843945116,67,3,70,Exact_structureO
query_cycle_8_44.graph,4,0.125,379,890.7058823529412,,,61,1,62,Exact_structureO
query_cycle_8_44.graph,5,0.125,379,890.7058823529412,,,62,5,67,Exact_structureO
query_cycle_8_44.graph,1,0.15,455,890.7058823529412,,,74,1,75,Exact_structureO
query_cycle_8_44.graph,2,0.15,455,890.7058823529412,,,72,1,73,Exact_structureO
query_cycle_8_44.graph,3,0.15,455,890.7058823529412,33.4003984063745,0.9625012037439991,74,3,77,Exact_structureO
query_cycle_8_44.graph,4,0.15,455,890.7058823529412,,,69,1,70,Exact_structureO
query_cycle_8_44.graph,5,0.15,455,890.7058823529412,0.0,1.0,69,6,75,Exact_structureO
query_cycle_8_44.graph,1,0.2,607,890.7058823529412,,,89,3,92,Exact_structureO
query_cycle_8_44.graph,2,0.2,607,890.7058823529412,0.0,1.0,90,3,93,Exact_structureO
query_cycle_8_44.graph,3,0.2,607,890.7058823529412,14.569018404907977,0.9836432893353959,84,5,89,Exact_structureO
query_cycle_8_44.graph,4,0.2,607,890.7058823529412,0.0,1.0,84,5,89,Exact_structureO
query_cycle_8_44.graph,5,0.2,607,890.7058823529412,0.0,1.0,83,6,89,Exact_structureO
query_cycle_8_44.graph,1,0.3,911,890.7058823529412,49.0651382823872,0.9449143210407751,110,8,118,Exact_structureO
query_cycle_8_44.graph,2,0.3,911,890.7058823529412,921.0971379011274,0.03412041634653056,109,13,122,Exact_structureO
query_cycle_8_44.graph,3,0.3,911,890.7058823529412,1704.112635078969,0.9132158761288122,112,9,121,Exact_structureO
query_cycle_8_44.graph,4,0.3,911,890.7058823529412,817.343823326432,0.08236395479135229,110,10,120,Exact_structureO
query_cycle_8_44.graph,5,0.3,911,890.7058823529412,3973.3532934131736,3.460903842822873,114,10,124,Exact_structureO
query_cycle_8_44.graph,1,0.4,1215,890.7058823529412,159.33258803801007,0.8211164973817084,126,14,140,Exact_structureO
query_cycle_8_44.graph,2,0.4,1215,890.7058823529412,1333.4867924528303,0.4971123676989905,123,14,137,Exact_structureO
query_cycle_8_44.graph,3,0.4,1215,890.7058823529412,958.754707379135,0.07639876010073265,128,15,143,Exact_structureO
query_cycle_8_44.graph,4,0.4,1215,890.7058823529412,1769.812906724512,0.9869779034682804,126,13,139,Exact_structureO
query_cycle_8_44.graph,5,0.4,1215,890.7058823529412,2001.3309352517983,1.2469043652939222,124,14,138,Exact_structureO
query_cycle_8_44.graph,1,0.5,1519,890.7058823529412,771.0620409741013,0.13432474596752605,132,17,149,Exact_structureO
query_cycle_8_44.graph,2,0.5,1519,890.7058823529412,1344.5897985426489,0.5095777688036607,139,18,157,Exact_structureO
query_cycle_8_44.graph,3,0.5,1519,890.7058823529412,523.8160617114154,0.4119090576479949,139,18,157,Exact_structureO
query_cycle_8_44.graph,4,0.5,1519,890.7058823529412,2010.496520618557,1.2571946143518338,132,15,147,Exact_structureO
query_cycle_8_44.graph,5,0.5,1519,890.7058823529412,1059.719471947195,0.1897524120395135,130,20,150,Exact_structureO
query_cycle_8_44.graph,1,0.6,1823,890.7058823529412,429.0130585748792,0.5183448688566276,149,26,175,Exact_structureO
query_cycle_8_44.graph,2,0.6,1823,890.7058823529412,1076.1170590365807,0.20816206601650186,153,21,174,Exact_structureO
query_cycle_8_44.graph,3,0.6,1823,890.7058823529412,1585.1625858123568,0.7796700540754237,147,26,173,Exact_structureO
query_cycle_8_44.graph,4,0.6,1823,890.7058823529412,1914.9241586833703,1.1498950401279417,153,29,182,Exact_structureO
query_cycle_8_44.graph,5,0.6,1823,890.7058823529412,703.1061646813322,0.21061915205503587,146,29,175,Exact_structureO
query_cycle_8_44.graph,1,0.7,2127,890.7058823529412,1138.091205372574,0.2777407536213021,161,29,190,Exact_structureO
query_cycle_8_44.graph,2,0.7,2127,890.7058823529412,704.9971180967174,0.20849616908967145,157,29,186,Exact_structureO
query_cycle_8_44.graph,3,0.7,2127,890.7058823529412,1353.4080213344487,0.5194780321414362,156,30,186,Exact_structureO
query_cycle_8_44.graph,4,0.7,2127,890.7058823529412,1448.0377466399768,0.6257193034526222,157,31,188,Exact_structureO
query_cycle_8_44.graph,5,0.7,2127,890.7058823529412,695.9911650030413,0.2186071981870492,155,34,189,Exact_structureO
query_cycle_8_44.graph,1,0.8,2431,890.7058823529412,1155.0738836265225,0.2968072924085908,162,29,191,Exact_structureO
query_cycle_8_44.graph,2,0.8,2431,890.7058823529412,1118.920678581402,0.256217906213435,161,33,194,Exact_structureO
query_cycle_8_44.graph,3,0.8,2431,890.7058823529412,1076.5885102081565,0.20869136663179635,161,35,196,Exact_structureO
query_cycle_8_44.graph,4,0.8,2431,890.7058823529412,853.8836999534451,0.041340450455120456,163,35,198,Exact_structureO
query_cycle_8_44.graph,5,0.8,2431,890.7058823529412,636.9696585861034,0.28487094201797936,159,36,195,Exact_structureO
query_cycle_8_46.graph,1,0.01,518,862.8143118870568,,,218,0,218,Exact_structureO
query_cycle_8_46.graph,2,0.01,518,862.8143118870568,,,223,0,223,Exact_structureO
query_cycle_8_46.graph,3,0.01,518,862.8143118870568,,,219,0,219,Exact_structureO
query_cycle_8_46.graph,4,0.01,518,862.8143118870568,,,227,0,227,Exact_structureO
query_cycle_8_46.graph,5,0.01,518,862.8143118870568,,,223,0,223,Exact_structureO
query_cycle_8_46.graph,1,0.05,2593,862.8143118870568,709.9,0.17722737068723243,734,12,746,Exact_structureO
query_cycle_8_46.graph,2,0.05,2593,862.8143118870568,1132.5683512841756,0.3126443728166043,756,5,761,Exact_structureO
query_cycle_8_46.graph,3,0.05,2593,862.8143118870568,,,752,0,752,Exact_structureO
query_cycle_8_46.graph,4,0.05,2593,862.8143118870568,,,734,3,737,Exact_structureO
query_cycle_8_46.graph,5,0.05,2593,862.8143118870568,,,737,0,737,Exact_structureO
query_cycle_8_46.graph,1,0.075,3889,862.8143118870568,521.5176848874597,0.39556208363436735,1014,19,1033,Exact_structureO
query_cycle_8_46.graph,2,0.075,3889,862.8143118870568,3335.0858960763517,2.8653576443142237,999,8,1007,Exact_structureO
query_cycle_8_46.graph,3,0.075,3889,862.8143118870568,462.5001778726432,0.4639632519990177,1034,7,1041,Exact_structureO
query_cycle_8_46.graph,4,0.075,3889,862.8143118870568,,,1020,3,1023,Exact_structureO
query_cycle_8_46.graph,5,0.075,3889,862.8143118870568,701.0458911419424,0.18748926451082093,1001,3,1004,Exact_structureO
query_cycle_8_46.graph,1,0.1,5186,862.8143118870568,534.0419307654802,0.38104650860799955,1278,24,1302,Exact_structureO
query_cycle_8_46.graph,2,0.1,5186,862.8143118870568,2464.184734373019,1.8559850021305435,1274,11,1285,Exact_structureO
query_cycle_8_46.graph,3,0.1,5186,862.8143118870568,484.4800451807229,0.43848863132425436,1279,13,1292,Exact_structureO
query_cycle_8_46.graph,4,0.1,5186,862.8143118870568,1106.1708766716197,0.28204975442783164,1279,6,1285,Exact_structureO
query_cycle_8_46.graph,5,0.1,5186,862.8143118870568,718.1995581737848,0.16760819995786322,1292,3,1295,Exact_structureO
query_cycle_8_46.graph,1,0.125,6482,862.8143118870568,553.29754601227,0.35872929042848656,1514,26,1540,Exact_structureO
query_cycle_8_46.graph,2,0.125,6482,862.8143118870568,2020.3959514170037,1.341634722073868,1527,14,1541,Exact_structureO
query_cycle_8_46.graph,3,0.125,6482,862.8143118870568,485.21078431372547,0.4376417061829637,1522,13,1535,Exact_structureO
query_cycle_8_46.graph,4,0.125,6482,862.8143118870568,1061.0522360015032,0.22975734336265383,1522,17,1539,Exact_structureO
query_cycle_8_46.graph,5,0.125,6482,862.8143118870568,600.6834825061025,0.3038090882007385,1550,6,1556,Exact_structureO
query_cycle_8_46.graph,1,0.15,7779,862.8143118870568,587.7836930191588,0.3187599174918412,1758,29,1787,Exact_structureO
query_cycle_8_46.graph,2,0.15,7779,862.8143118870568,1747.8,1.0256965791137558,1749,17,1766,Exact_structureO
query_cycle_8_46.graph,3,0.15,7779,862.8143118870568,503.71519823788543,0.41619512878012827,1752,17,1769,Exact_structureO
query_cycle_8_46.graph,4,0.15,7779,862.8143118870568,949.5016071428569,0.10047039561294106,1773,22,1795,Exact_structureO
query_cycle_8_46.graph,5,0.15,7779,862.8143118870568,622.4791180835276,0.27854799172013417,1777,8,1785,Exact_structureO
query_cycle_8_46.graph,1,0.2,10372,862.8143118870568,596.6166300731421,0.3085225617453135,2176,34,2210,Exact_structureO
query_cycle_8_46.graph,2,0.2,10372,862.8143118870568,1439.830727259411,0.6687608300218905,2179,25,2204,Exact_structureO
query_cycle_8_46.graph,3,0.2,10372,862.8143118870568,424.6600754716981,0.5078198522890444,2180,27,2207,Exact_structureO
query_cycle_8_46.graph,4,0.2,10372,862.8143118870568,843.9937943262412,0.021812940862853,2174,35,2209,Exact_structureO
query_cycle_8_46.graph,5,0.2,10372,862.8143118870568,643.14381270903,0.254597653459858,2186,10,2196,Exact_structureO
query_cycle_8_46.graph,1,0.3,15558,862.8143118870568,883.9030034211837,0.024441749798985116,2954,45,2999,Exact_structureO
query_cycle_8_46.graph,2,0.3,15558,862.8143118870568,1172.78234202456,0.35925230477409875,2954,32,2986,Exact_structureO
query_cycle_8_46.graph,3,0.3,15558,862.8143118870568,572.1613438055251,0.336866187865899,2958,43,3001,Exact_structureO
query_cycle_8_46.graph,4,0.3,15558,862.8143118870568,1387.5390126062086,0.6081548410706461,2911,43,2954,Exact_structureO
query_cycle_8_46.graph,5,0.3,15558,862.8143118870568,667.3724641002138,0.22651669669154312,2968,28,2996,Exact_structureO
query_cycle_8_46.graph,1,0.4,20744,862.8143118870568,1036.4620468723656,0.20125736510504186,3482,56,3538,Exact_structureO
query_cycle_8_46.graph,2,0.4,20744,862.8143118870568,1093.2531906817858,0.267078183126955,3471,40,3511,Exact_structureO
query_cycle_8_46.graph,3,0.4,20744,862.8143118870568,531.0828039695904,0.38447613043406537,3503,51,3554,Exact_structureO
query_cycle_8_46.graph,4,0.4,20744,862.8143118870568,1059.7151528750428,0.22820766678909768,3459,56,3515,Exact_structureO
query_cycle_8_46.graph,5,0.4,20744,862.8143118870568,679.0331372848559,0.21300200062775268,3497,45,3542,Exact_structureO
query_cycle_8_46.graph,1,0.5,25931,862.8143118870568,861.2074086079743,0.0018623975714635132,3868,64,3932,Exact_structureO
query_cycle_8_46.graph,2,0.5,25931,862.8143118870568,1356.5100836721267,0.5721923767181266,3874,41,3915,Exact_structureO
query_cycle_8_46.graph,3,0.5,25931,862.8143118870568,773.0326514048446,0.10405675849981108,3895,61,3956,Exact_structureO
query_cycle_8_46.graph,4,0.5,25931,862.8143118870568,1117.4600593513294,0.2951338937660158,3908,67,3975,Exact_structureO
query_cycle_8_46.graph,5,0.5,25931,862.8143118870568,871.5234375,0.010093858542860231,3878,56,3934,Exact_structureO
query_cycle_8_46.graph,1,0.6,31117,862.8143118870568,840.5443828173317,0.025810801655594524,4194,71,4265,Exact_structureO
query_cycle_8_46.graph,2,0.6,31117,862.8143118870568,1235.3320776482753,0.43174731877880757,4196,51,4247,Exact_structureO
query_cycle_8_46.graph,3,0.6,31117,862.8143118870568,857.9281074682931,0.005663100798684106,4209,68,4277,Exact_structureO
query_cycle_8_46.graph,4,0.6,31117,862.8143118870568,1057.4272470607148,0.22555598869010535,4215,73,4288,Exact_structureO
query_cycle_8_46.graph,5,0.6,31117,862.8143118870568,952.9354594719911,0.10445022334855666,4186,72,4258,Exact_structureO
query_cycle_8_46.graph,1,0.7,36303,862.8143118870568,893.7607790651138,0.03586689134812116,4495,84,4579,Exact_structureO
query_cycle_8_46.graph,2,0.7,36303,862.8143118870568,1095.4566212619732,0.26963195460458417,4464,64,4528,Exact_structureO
query_cycle_8_46.graph,3,0.7,36303,862.8143118870568,718.4181821438283,0.1673548152295022,4479,73,4552,Exact_structureO
query_cycle_8_46.graph,4,0.7,36303,862.8143118870568,884.3762956656021,0.024990294529754917,4468,83,4551,Exact_structureO
query_cycle_8_46.graph,5,0.7,36303,862.8143118870568,890.517859088127,0.0321083538130933,4480,80,4560,Exact_structureO
query_cycle_8_46.graph,1,0.8,41489,862.8143118870568,885.0607306416456,0.025783553249057498,4742,91,4833,Exact_structureO
query_cycle_8_46.graph,2,0.8,41489,862.8143118870568,1062.4910342346436,0.23142490753413086,4724,73,4797,Exact_structureO
query_cycle_8_46.graph,3,0.8,41489,862.8143118870568,752.4128041493987,0.1279551187511013,4719,80,4799,Exact_structureO
query_cycle_8_46.graph,4,0.8,41489,862.8143118870568,887.0274366532461,0.028062961442112573,4708,87,4795,Exact_structureO
query_cycle_8_46.graph,5,0.8,41489,862.8143118870568,863.8740781524584,0.0012282669061015616,4733,86,4819,Exact_structureO
query_cycle_8_47.graph,1,0.01,22,,,,9,0,9,Exact_structureO
query_cycle_8_47.graph,2,0.01,22,,,,12,0,12,Exact_structureO
query_cycle_8_47.graph,3,0.01,22,,,,12,0,12,Exact_structureO
query_cycle_8_47.graph,4,0.01,22,,,,10,0,10,Exact_structureO
query_cycle_8_47.graph,5,0.01,22,,,,11,0,11,Exact_structureO
query_cycle_8_47.graph,1,0.05,110,,,,21,0,21,Exact_structureO
query_cycle_8_47.graph,2,0.05,110,,,,20,0,20,Exact_structureO
query_cycle_8_47.graph,3,0.05,110,,,,25,0,25,Exact_structureO
query_cycle_8_47.graph,4,0.05,110,,,,21,0,21,Exact_structureO
query_cycle_8_47.graph,5,0.05,110,,,,21,0,21,Exact_structureO
query_cycle_8_47.graph,1,0.075,166,,,,22,0,22,Exact_structureO
query_cycle_8_47.graph,2,0.075,166,,,,24,0,24,Exact_structureO
query_cycle_8_47.graph,3,0.075,166,,,,24,0,24,Exact_structureO
query_cycle_8_47.graph,4,0.075,166,,,,25,0,25,Exact_structureO
query_cycle_8_47.graph,5,0.075,166,,,,21,0,21,Exact_structureO
query_cycle_8_47.graph,1,0.1,221,,,,24,0,24,Exact_structureO
query_cycle_8_47.graph,2,0.1,221,,,,27,0,27,Exact_structureO
query_cycle_8_47.graph,3,0.1,221,,,,25,0,25,Exact_structureO
query_cycle_8_47.graph,4,0.1,221,,,,23,0,23,Exact_structureO
query_cycle_8_47.graph,5,0.1,221,,,,22,0,22,Exact_structureO
query_cycle_8_47.graph,1,0.125,276,,,,29,0,29,Exact_structureO
query_cycle_8_47.graph,2,0.125,276,,,,30,0,30,Exact_structureO
query_cycle_8_47.graph,3,0.125,276,,,,26,0,26,Exact_structureO
query_cycle_8_47.graph,4,0.125,276,,,,26,0,26,Exact_structureO
query_cycle_8_47.graph,5,0.125,276,,,,26,2,28,Exact_structureO
query_cycle_8_47.graph,1,0.15,332,,,,29,0,29,Exact_structureO
query_cycle_8_47.graph,2,0.15,332,,,,29,0,29,Exact_structureO
query_cycle_8_47.graph,3,0.15,332,,,,28,0,28,Exact_structureO
query_cycle_8_47.graph,4,0.15,332,,,,28,0,28,Exact_structureO
query_cycle_8_47.graph,5,0.15,332,,,,29,2,31,Exact_structureO
query_cycle_8_47.graph,1,0.2,443,,,,30,0,30,Exact_structureO
query_cycle_8_47.graph,2,0.2,443,,,,31,0,31,Exact_structureO
query_cycle_8_47.graph,3,0.2,443,,,,29,0,29,Exact_structureO
query_cycle_8_47.graph,4,0.2,443,,,,33,0,33,Exact_structureO
query_cycle_8_47.graph,5,0.2,443,,,,28,2,30,Exact_structureO
query_cycle_8_47.graph,1,0.3,664,,,,35,0,35,Exact_structureO
query_cycle_8_47.graph,2,0.3,664,,,,33,1,34,Exact_structureO
query_cycle_8_47.graph,3,0.3,664,,,,34,0,34,Exact_structureO
query_cycle_8_47.graph,4,0.3,664,,,,35,0,35,Exact_structureO
query_cycle_8_47.graph,5,0.3,664,,,,34,3,37,Exact_structureO
query_cycle_8_47.graph,1,0.4,886,,,,36,2,38,Exact_structureO
query_cycle_8_47.graph,2,0.4,886,,,,37,1,38,Exact_structureO
query_cycle_8_47.graph,3,0.4,886,,,,37,0,37,Exact_structureO
query_cycle_8_47.graph,4,0.4,886,,,,36,0,36,Exact_structureO
query_cycle_8_47.graph,5,0.4,886,,,,34,3,37,Exact_structureO
query_cycle_8_47.graph,1,0.5,1107,,,,38,2,40,Exact_structureO
query_cycle_8_47.graph,2,0.5,1107,,,,37,1,38,Exact_structureO
query_cycle_8_47.graph,3,0.5,1107,,,,37,0,37,Exact_structureO
query_cycle_8_47.graph,4,0.5,1107,,,,37,0,37,Exact_structureO
query_cycle_8_47.graph,5,0.5,1107,,,,37,3,40,Exact_structureO
query_cycle_8_47.graph,1,0.6,1329,,,,41,3,44,Exact_structureO
query_cycle_8_47.graph,2,0.6,1329,,,,40,3,43,Exact_structureO
query_cycle_8_47.graph,3,0.6,1329,,,,40,1,41,Exact_structureO
query_cycle_8_47.graph,4,0.6,1329,,,,41,1,42,Exact_structureO
query_cycle_8_47.graph,5,0.6,1329,,,,38,3,41,Exact_structureO
query_cycle_8_47.graph,1,0.7,1550,,,,43,3,46,Exact_structureO
query_cycle_8_47.graph,2,0.7,1550,,,,43,3,46,Exact_structureO
query_cycle_8_47.graph,3,0.7,1550,,,,44,1,45,Exact_structureO
query_cycle_8_47.graph,4,0.7,1550,,,,43,2,45,Exact_structureO
query_cycle_8_47.graph,5,0.7,1550,,,,44,3,47,Exact_structureO
query_cycle_8_47.graph,1,0.8,1772,,,,45,3,48,Exact_structureO
query_cycle_8_47.graph,2,0.8,1772,,,,45,3,48,Exact_structureO
query_cycle_8_47.graph,3,0.8,1772,,,,46,3,49,Exact_structureO
query_cycle_8_47.graph,4,0.8,1772,,,,45,3,48,Exact_structureO
query_cycle_8_47.graph,5,0.8,1772,,,,44,3,47,Exact_structureO
query_cycle_8_48.graph,1,0.01,436,5785.937897032331,5025.641025641025,0.13140425717000356,25,6,31,Exact_structureO
query_cycle_8_48.graph,2,0.01,436,5785.937897032331,7442.105263157895,0.2862400868448708,27,11,38,Exact_structureO
query_cycle_8_48.graph,3,0.01,436,5785.937897032331,3919.9999999999995,0.32249532059260283,29,6,35,Exact_structureO
query_cycle_8_48.graph,4,0.01,436,5785.937897032331,0.0,1.0,28,10,38,Exact_structureO
query_cycle_8_48.graph,5,0.01,436,5785.937897032331,6528.909952606636,0.12840996028584795,25,13,38,Exact_structureO
query_cycle_8_48.graph,1,0.05,2180,5785.937897032331,5056.050955414012,0.12614842305733812,51,18,69,Exact_structureO
query_cycle_8_48.graph,2,0.05,2180,5785.937897032331,5300.0,0.08398602018897819,47,33,80,Exact_structureO
query_cycle_8_48.graph,3,0.05,2180,5785.937897032331,6852.320675105485,0.18430594953674018,50,17,67,Exact_structureO
query_cycle_8_48.graph,4,0.05,2180,5785.937897032331,3074.8676171079433,0.4685619389926264,52,26,78,Exact_structureO
query_cycle_8_48.graph,5,0.05,2180,5785.937897032331,4487.883358471593,0.2243464346941097,48,34,82,Exact_structureO
query_cycle_8_48.graph,1,0.075,3270,5785.937897032331,6411.18170266836,0.10806265410431089,60,25,85,Exact_structureO
query_cycle_8_48.graph,2,0.075,3270,5785.937897032331,8345.539906103286,0.44238324963422115,57,38,95,Exact_structureO
query_cycle_8_48.graph,3,0.075,3270,5785.937897032331,5851.0344827586205,0.011250826898725922,61,21,82,Exact_structureO
query_cycle_8_48.graph,4,0.075,3270,5785.937897032331,3914.4578313253014,0.32345318926892247,62,37,99,Exact_structureO
query_cycle_8_48.graph,5,0.075,3270,5785.937897032331,5590.7651715039565,0.03373225378524735,55,41,96,Exact_structureO
query_cycle_8_48.graph,1,0.1,4361,5785.937897032331,8687.882496940027,0.5015512871985945,77,33,110,Exact_structureO
query_cycle_8_48.graph,2,0.1,4361,5785.937897032331,7363.21467098166,0.27260520282430445,63,44,107,Exact_structureO
query_cycle_8_48.graph,3,0.1,4361,5785.937897032331,6461.157024793387,0.11670003027640212,72,29,101,Exact_structureO
query_cycle_8_48.graph,4,0.1,4361,5785.937897032331,5409.847198641765,0.06500081837785832,64,40,104,Exact_structureO
query_cycle_8_48.graph,5,0.1,4361,5785.937897032331,5206.808510638299,0.10009256868987036,66,54,120,Exact_structureO
query_cycle_8_48.graph,1,0.125,5451,5785.937897032331,5829.912023460411,0.007600172558131675,72,28,100,Exact_structureO
query_cycle_8_48.graph,2,0.125,5451,5785.937897032331,5958.495145631066,0.029823556987578697,70,46,116,Exact_structureO
query_cycle_8_48.graph,3,0.125,5451,5785.937897032331,6390.681818181818,0.10451960112804981,74,31,105,Exact_structureO
query_cycle_8_48.graph,4,0.125,5451,5785.937897032331,4850.027670171556,0.16175600974576895,70,48,118,Exact_structureO
query_cycle_8_48.graph,5,0.125,5451,5785.937897032331,5170.208540218469,0.1064182450229333,62,52,114,Exact_structureO
query_cycle_8_48.graph,1,0.15,6541,5785.937897032331,5959.334565619223,0.029968636316651233,80,34,114,Exact_structureO
query_cycle_8_48.graph,2,0.15,6541,5785.937897032331,4483.64901430228,0.22507826836475534,74,49,123,Exact_structureO
query_cycle_8_48.graph,3,0.15,6541,5785.937897032331,3881.397544853636,0.3291670920207343,77,37,114,Exact_structureO
query_cycle_8_48.graph,4,0.15,6541,5785.937897032331,5902.672818391536,0.020175626395692703,74,50,124,Exact_structureO
query_cycle_8_48.graph,5,0.15,6541,5785.937897032331,7335.630498533724,0.26783775233678986,72,56,128,Exact_structureO
query_cycle_8_48.graph,1,0.2,8722,5785.937897032331,6325.452016689847,0.09324575017202283,85,43,128,Exact_structureO
query_cycle_8_48.graph,2,0.2,8722,5785.937897032331,5997.604790419163,0.036582987435001255,81,51,132,Exact_structureO
query_cycle_8_48.graph,3,0.2,8722,5785.937897032331,5073.431241655541,0.1231445390629309,85,54,139,Exact_structureO
query_cycle_8_48.graph,4,0.2,8722,5785.937897032331,5928.040996134137,0.024560080255042367,81,56,137,Exact_structureO
query_cycle_8_48.graph,5,0.2,8722,5785.937897032331,6854.594888526372,0.18469900827006222,75,60,135,Exact_structureO
query_cycle_8_48.graph,1,0.3,13083,5785.937897032331,5629.272120855406,0.027076988893586496,120,104,224,Exact_structureO
query_cycle_8_48.graph,2,0.3,13083,5785.937897032331,5971.620795107034,0.032092100084575914,117,115,232,Exact_structureO
query_cycle_8_48.graph,3,0.3,13083,5785.937897032331,5405.244910429999,0.06579624485731059,118,103,221,Exact_structureO
query_cycle_8_48.graph,4,0.3,13083,5785.937897032331,5733.76757850125,0.009016743604842415,120,120,240,Exact_structureO
query_cycle_8_48.graph,5,0.3,13083,5785.937897032331,4620.352851532735,0.20145135779930112,115,118,233,Exact_structureO
query_cycle_8_48.graph,1,0.4,17444,5785.937897032331,5654.052401184497,0.022794143005834818,135,147,282,Exact_structureO
query_cycle_8_48.graph,2,0.4,17444,5785.937897032331,6331.833364614474,0.09434865656994658,139,141,280,Exact_structureO
query_cycle_8_48.graph,3,0.4,17444,5785.937897032331,5734.045623995347,0.008968688216235466,137,132,269,Exact_structureO
query_cycle_8_48.graph,4,0.4,17444,5785.937897032331,6391.082627489192,0.10458887413348252,136,145,281,Exact_structureO
query_cycle_8_48.graph,5,0.4,17444,5785.937897032331,5191.772004927626,0.10269137047071651,136,149,285,Exact_structureO
query_cycle_8_48.graph,1,0.5,21805,5785.937897032331,5866.252047782665,0.013880921672444368,146,166,312,Exact_structureO
query_cycle_8_48.graph,2,0.5,21805,5785.937897032331,5908.595818827502,0.021199315301687362,151,156,307,Exact_structureO
query_cycle_8_48.graph,3,0.5,21805,5785.937897032331,5829.224642354064,0.007481370538721907,153,156,309,Exact_structureO
query_cycle_8_48.graph,4,0.5,21805,5785.937897032331,5170.930896404702,0.106293398161614,154,163,317,Exact_structureO
query_cycle_8_48.graph,5,0.5,21805,5785.937897032331,5640.852674194014,0.025075489129036985,146,168,314,Exact_structureO
query_cycle_8_48.graph,1,0.6,26166,5785.937897032331,5793.91330107633,0.0013784116224422479,157,173,330,Exact_structureO
query_cycle_8_48.graph,2,0.6,26166,5785.937897032331,6173.8674933086495,0.06704696856067038,156,171,327,Exact_structureO
query_cycle_8_48.graph,3,0.6,26166,5785.937897032331,5932.489957005346,0.025329006736864987,160,165,325,Exact_structureO
query_cycle_8_48.graph,4,0.6,26166,5785.937897032331,5767.129428463833,0.003250720782562338,160,166,326,Exact_structureO
query_cycle_8_48.graph,5,0.6,26166,5785.937897032331,5509.14603920074,0.04783871910784951,155,174,329,Exact_structureO
query_cycle_8_48.graph,1,0.7,30526,5785.937897032331,5652.177309472476,0.023118220406144148,159,184,343,Exact_structureO
query_cycle_8_48.graph,2,0.7,30526,5785.937897032331,5808.3085332388455,0.0038663802834780162,162,178,340,Exact_structureO
query_cycle_8_48.graph,3,0.7,30526,5785.937897032331,5721.418583464445,0.011151055319999043,165,175,340,Exact_structureO
query_cycle_8_48.graph,4,0.7,30526,5785.937897032331,5957.499922322162,0.02965154973022207,165,178,343,Exact_structureO
query_cycle_8_48.graph,5,0.7,30526,5785.937897032331,5459.428761337611,0.05643149676082602,163,185,348,Exact_structureO
query_cycle_8_48.graph,1,0.8,34888,5785.937897032331,5925.287356321839,0.02408416090345205,164,190,354,Exact_structureO
query_cycle_8_48.graph,2,0.8,34888,5785.937897032331,5776.3549676560715,0.0016562447690935487,166,182,348,Exact_structureO
query_cycle_8_48.graph,3,0.8,34888,5785.937897032331,5728.356372759872,0.00995197758724536,168,177,345,Exact_structureO
query_cycle_8_48.graph,4,0.8,34888,5785.937897032331,5840.686274509803,0.009462316819119835,168,181,349,Exact_structureO
query_cycle_8_48.graph,5,0.8,34888,5785.937897032331,5661.524233938339,0.02150276503275382,165,191,356,Exact_structureO
query_cycle_8_49.graph,1,0.01,26,,,,11,0,11,Exact_structureO
query_cycle_8_49.graph,2,0.01,26,,,,9,0,9,Exact_structureO
query_cycle_8_49.graph,3,0.01,26,,,,10,0,10,Exact_structureO
query_cycle_8_49.graph,4,0.01,26,,,,10,0,10,Exact_structureO
query_cycle_8_49.graph,5,0.01,26,,,,9,0,9,Exact_structureO
query_cycle_8_49.graph,1,0.05,133,,,,18,0,18,Exact_structureO
query_cycle_8_49.graph,2,0.05,133,,,,16,0,16,Exact_structureO
query_cycle_8_49.graph,3,0.05,133,,,,19,0,19,Exact_structureO
query_cycle_8_49.graph,4,0.05,133,,,,15,0,15,Exact_structureO
query_cycle_8_49.graph,5,0.05,133,,,,16,0,16,Exact_structureO
query_cycle_8_49.graph,1,0.075,200,,,,19,0,19,Exact_structureO
query_cycle_8_49.graph,2,0.075,200,,,,19,0,19,Exact_structureO
query_cycle_8_49.graph,3,0.075,200,,,,21,0,21,Exact_structureO
query_cycle_8_49.graph,4,0.075,200,,,,21,0,21,Exact_structureO
query_cycle_8_49.graph,5,0.075,200,,,,20,0,20,Exact_structureO
query_cycle_8_49.graph,1,0.1,266,,,,21,0,21,Exact_structureO
query_cycle_8_49.graph,2,0.1,266,,,,22,0,22,Exact_structureO
query_cycle_8_49.graph,3,0.1,266,,,,23,0,23,Exact_structureO
query_cycle_8_49.graph,4,0.1,266,,,,19,0,19,Exact_structureO
query_cycle_8_49.graph,5,0.1,266,,,,19,0,19,Exact_structureO
query_cycle_8_49.graph,1,0.125,333,,,,21,0,21,Exact_structureO
query_cycle_8_49.graph,2,0.125,333,,,,23,0,23,Exact_structureO
query_cycle_8_49.graph,3,0.125,333,,,,23,0,23,Exact_structureO
query_cycle_8_49.graph,4,0.125,333,,,,20,0,20,Exact_structureO
query_cycle_8_49.graph,5,0.125,333,,,,18,0,18,Exact_structureO
query_cycle_8_49.graph,1,0.15,400,,,,23,0,23,Exact_structureO
query_cycle_8_49.graph,2,0.15,400,,,,23,0,23,Exact_structureO
query_cycle_8_49.graph,3,0.15,400,,,,20,0,20,Exact_structureO
query_cycle_8_49.graph,4,0.15,400,,,,21,0,21,Exact_structureO
query_cycle_8_49.graph,5,0.15,400,,,,24,0,24,Exact_structureO
query_cycle_8_49.graph,1,0.2,533,,,,23,0,23,Exact_structureO
query_cycle_8_49.graph,2,0.2,533,,,,27,0,27,Exact_structureO
query_cycle_8_49.graph,3,0.2,533,,,,26,0,26,Exact_structureO
query_cycle_8_49.graph,4,0.2,533,,,,24,0,24,Exact_structureO
query_cycle_8_49.graph,5,0.2,533,,,,25,0,25,Exact_structureO
query_cycle_8_49.graph,1,0.3,800,,,,35,0,35,Exact_structureO
query_cycle_8_49.graph,2,0.3,800,,,,36,0,36,Exact_structureO
query_cycle_8_49.graph,3,0.3,800,,,,35,2,37,Exact_structureO
query_cycle_8_49.graph,4,0.3,800,,,,35,0,35,Exact_structureO
query_cycle_8_49.graph,5,0.3,800,,,,35,0,35,Exact_structureO
query_cycle_8_49.graph,1,0.4,1066,,,,44,0,44,Exact_structureO
query_cycle_8_49.graph,2,0.4,1066,,,,43,0,43,Exact_structureO
query_cycle_8_49.graph,3,0.4,1066,,,,43,2,45,Exact_structureO
query_cycle_8_49.graph,4,0.4,1066,,,,43,0,43,Exact_structureO
query_cycle_8_49.graph,5,0.4,1066,,,,43,0,43,Exact_structureO
query_cycle_8_49.graph,1,0.5,1333,,,,50,0,50,Exact_structureO
query_cycle_8_49.graph,2,0.5,1333,,,,49,1,50,Exact_structureO
query_cycle_8_49.graph,3,0.5,1333,,,,53,2,55,Exact_structureO
query_cycle_8_49.graph,4,0.5,1333,,,,51,1,52,Exact_structureO
query_cycle_8_49.graph,5,0.5,1333,,,,53,1,54,Exact_structureO
query_cycle_8_49.graph,1,0.6,1600,,,,55,0,55,Exact_structureO
query_cycle_8_49.graph,2,0.6,1600,,,,55,1,56,Exact_structureO
query_cycle_8_49.graph,3,0.6,1600,,,,54,2,56,Exact_structureO
query_cycle_8_49.graph,4,0.6,1600,,,,54,1,55,Exact_structureO
query_cycle_8_49.graph,5,0.6,1600,,,,53,1,54,Exact_structureO
query_cycle_8_49.graph,1,0.7,1866,,,,57,0,57,Exact_structureO
query_cycle_8_49.graph,2,0.7,1866,,,,54,1,55,Exact_structureO
query_cycle_8_49.graph,3,0.7,1866,,,,55,2,57,Exact_structureO
query_cycle_8_49.graph,4,0.7,1866,,,,54,1,55,Exact_structureO
query_cycle_8_49.graph,5,0.7,1866,,,,55,1,56,Exact_structureO
query_cycle_8_49.graph,1,0.8,2133,,,,57,0,57,Exact_structureO
query_cycle_8_49.graph,2,0.8,2133,,,,55,1,56,Exact_structureO
query_cycle_8_49.graph,3,0.8,2133,,,,56,2,58,Exact_structureO
query_cycle_8_49.graph,4,0.8,2133,,,,55,1,56,Exact_structureO
query_cycle_8_49.graph,5,0.8,2133,,,,55,1,56,Exact_structureO
query_cycle_8_5.graph,1,0.01,101,3040.7809576244745,,,68,0,68,Exact_structureO
query_cycle_8_5.graph,2,0.01,101,3040.7809576244745,,,66,0,66,Exact_structureO
query_cycle_8_5.graph,3,0.01,101,3040.7809576244745,481.0666666666667,0.8417950278659708,77,1,78,Exact_structureO
query_cycle_8_5.graph,4,0.01,101,3040.7809576244745,0.0,1.0,87,1,88,Exact_structureO
query_cycle_8_5.graph,5,0.01,101,3040.7809576244745,,,83,0,83,Exact_structureO
query_cycle_8_5.graph,1,0.05,508,3040.7809576244745,,,216,0,216,Exact_structureO
query_cycle_8_5.graph,2,0.05,508,3040.7809576244745,414.0421686746988,0.8638368976770502,213,2,215,Exact_structureO
query_cycle_8_5.graph,3,0.05,508,3040.7809576244745,423.5095785440612,0.8607234179488823,222,2,224,Exact_structureO
query_cycle_8_5.graph,4,0.05,508,3040.7809576244745,686.3533568904593,0.7742838545573325,211,2,213,Exact_structureO
query_cycle_8_5.graph,5,0.05,508,3040.7809576244745,,,218,2,220,Exact_structureO
query_cycle_8_5.graph,1,0.075,762,3040.7809576244745,463.9524940617577,0.8474232440523413,302,1,303,Exact_structureO
query_cycle_8_5.graph,2,0.075,762,3040.7809576244745,2022.0223325062034,0.33503190111863496,290,4,294,Exact_structureO
query_cycle_8_5.graph,3,0.075,762,3040.7809576244745,119.7080291970803,0.9606324720967081,286,4,290,Exact_structureO
query_cycle_8_5.graph,4,0.075,762,3040.7809576244745,657.5945330296129,0.7837415643567631,292,2,294,Exact_structureO
query_cycle_8_5.graph,5,0.075,762,3040.7809576244745,,,303,3,306,Exact_structureO
query_cycle_8_5.graph,1,0.1,1016,3040.7809576244745,2636.791208791209,0.1328572345273009,372,4,376,Exact_structureO
query_cycle_8_5.graph,2,0.1,1016,3040.7809576244745,8531.310486233158,1.8056313838856737,363,6,369,Exact_structureO
query_cycle_8_5.graph,3,0.1,1016,3040.7809576244745,935.8097928436912,0.6922468912148259,376,6,382,Exact_structureO
query_cycle_8_5.graph,4,0.1,1016,3040.7809576244745,680.9785714285715,0.776051422013453,364,2,366,Exact_structureO
query_cycle_8_5.graph,5,0.1,1016,3040.7809576244745,,,361,3,364,Exact_structureO
query_cycle_8_5.graph,1,0.125,1270,3040.7809576244745,2494.019690576653,0.17980948797935237,437,4,441,Exact_structureO
query_cycle_8_5.graph,2,0.125,1270,3040.7809576244745,8586.323529411764,1.8237231320073743,426,6,432,Exact_structureO
query_cycle_8_5.graph,3,0.125,1270,3040.7809576244745,812.0286608863198,0.7329539114449419,438,7,445,Exact_structureO
query_cycle_8_5.graph,4,0.125,1270,3040.7809576244745,715.5389048991353,0.76468581102332,428,2,430,Exact_structureO
query_cycle_8_5.graph,5,0.125,1270,3040.7809576244745,,,432,3,435,Exact_structureO
query_cycle_8_5.graph,1,0.15,1524,3040.7809576244745,2004.674816625917,0.34073685524786584,506,5,511,Exact_structureO
query_cycle_8_5.graph,2,0.15,1524,3040.7809576244745,9311.357923497266,2.0621600349574356,509,6,515,Exact_structureO
query_cycle_8_5.graph,3,0.15,1524,3040.7809576244745,1167.3574912891984,0.616099446965373,502,10,512,Exact_structureO
query_cycle_8_5.graph,4,0.15,1524,3040.7809576244745,696.675174013921,0.7708893919941608,491,3,494,Exact_structureO
query_cycle_8_5.graph,5,0.15,1524,3040.7809576244745,,,484,3,487,Exact_structureO
query_cycle_8_5.graph,1,0.2,2032,3040.7809576244745,3096.568241965974,0.018346367304628745,609,7,616,Exact_structureO
query_cycle_8_5.graph,2,0.2,2032,3040.7809576244745,6636.273531951641,1.1824240629078542,603,10,613,Exact_structureO
query_cycle_8_5.graph,3,0.2,2032,3040.7809576244745,3775.386363636363,0.2415844535496495,604,14,618,Exact_structureO
query_cycle_8_5.graph,4,0.2,2032,3040.7809576244745,376.43658088235287,0.8762039797906281,605,5,610,Exact_structureO
query_cycle_8_5.graph,5,0.2,2032,3040.7809576244745,,,601,4,605,Exact_structureO
query_cycle_8_5.graph,1,0.3,3048,3040.7809576244745,2496.793577075099,0.17889725966133066,795,15,810,Exact_structureO
query_cycle_8_5.graph,2,0.3,3048,3040.7809576244745,6367.496299950666,1.0940332068262804,797,13,810,Exact_structureO
query_cycle_8_5.graph,3,0.3,3048,3040.7809576244745,6119.540229885058,1.0124896581389335,820,18,838,Exact_structureO
query_cycle_8_5.graph,4,0.3,3048,3040.7809576244745,853.0880718954248,0.7194509950621776,814,12,826,Exact_structureO
query_cycle_8_5.graph,5,0.3,3048,3040.7809576244745,1486.9174311926602,0.5110080430277776,827,11,838,Exact_structureO
query_cycle_8_5.graph,1,0.4,4064,3040.7809576244745,1824.5041889354327,0.399988287758558,955,20,975,Exact_structureO
query_cycle_8_5.graph,2,0.4,4064,3040.7809576244745,5533.9478260869555,0.8199100504793342,966,18,984,Exact_structureO
query_cycle_8_5.graph,3,0.4,4064,3040.7809576244745,5024.142125480153,0.6522538767163037,961,26,987,Exact_structureO
query_cycle_8_5.graph,4,0.4,4064,3040.7809576244745,2631.3751773049644,0.13463836627000814,976,17,993,Exact_structureO
query_cycle_8_5.graph,5,0.4,4064,3040.7809576244745,1585.050899621212,0.4787355874329439,957,17,974,Exact_structureO
query_cycle_8_5.graph,1,0.5,5080,3040.7809576244745,2377.729348383786,0.218053065472588,1107,22,1129,Exact_structureO
query_cycle_8_5.graph,2,0.5,5080,3040.7809576244745,4485.769726684182,0.47520317615661645,1119,25,1144,Exact_structureO
query_cycle_8_5.graph,3,0.5,5080,3040.7809576244745,5452.558329498389,0.7931440657790914,1118,32,1150,Exact_structureO
query_cycle_8_5.graph,4,0.5,5080,3040.7809576244745,2574.519391772011,0.15333612395965449,1129,26,1155,Exact_structureO
query_cycle_8_5.graph,5,0.5,5080,3040.7809576244745,2078.3602150537636,0.31650446249919145,1146,23,1169,Exact_structureO
query_cycle_8_5.graph,1,0.6,6096,3040.7809576244745,2029.7745428973278,0.33248248684014625,1266,31,1297,Exact_structureO
query_cycle_8_5.graph,2,0.6,6096,3040.7809576244745,3597.722273237425,0.1831573281253528,1280,38,1318,Exact_structureO
query_cycle_8_5.graph,3,0.6,6096,3040.7809576244745,5532.298894338323,0.8193677780264311,1273,40,1313,Exact_structureO
query_cycle_8_5.graph,4,0.6,6096,3040.7809576244745,2345.9379066096935,0.22850809074968942,1277,32,1309,Exact_structureO
query_cycle_8_5.graph,5,0.6,6096,3040.7809576244745,2471.676252709216,0.18715741542917833,1262,28,1290,Exact_structureO
query_cycle_8_5.graph,1,0.7,7112,3040.7809576244745,1953.741348641656,0.357486982499403,1398,36,1434,Exact_structureO
query_cycle_8_5.graph,2,0.7,7112,3040.7809576244745,3379.7243489640346,0.11146590170847104,1390,46,1436,Exact_structureO
query_cycle_8_5.graph,3,0.7,7112,3040.7809576244745,5589.180522612271,0.8380740344344508,1388,45,1433,Exact_structureO
query_cycle_8_5.graph,4,0.7,7112,3040.7809576244745,2308.1106976744186,0.2409480558318262,1395,40,1435,Exact_structureO
query_cycle_8_5.graph,5,0.7,7112,3040.7809576244745,2005.3994155644416,0.34049856155008806,1399,34,1433,Exact_structureO
query_cycle_8_5.graph,1,0.8,8128,3040.7809576244745,1780.758575964936,0.4143745962694715,1509,45,1554,Exact_structureO
query_cycle_8_5.graph,2,0.8,8128,3040.7809576244745,3170.02661656206,0.042504100340905585,1495,55,1550,Exact_structureO
query_cycle_8_5.graph,3,0.8,8128,3040.7809576244745,6093.655380677608,1.0039770919369697,1501,51,1552,Exact_structureO
query_cycle_8_5.graph,4,0.8,8128,3040.7809576244745,3290.817973366258,0.08222789448705235,1508,52,1560,Exact_structureO
query_cycle_8_5.graph,5,0.8,8128,3040.7809576244745,2294.857823677195,0.24530643421616635,1497,40,1537,Exact_structureO
query_cycle_8_6.graph,1,0.01,355,665.1129797326433,616.2842639593908,0.07341416760935904,133,20,153,Exact_structureO
query_cycle_8_6.graph,2,0.01,355,665.1129797326433,,,148,9,157,Exact_structureO
query_cycle_8_6.graph,3,0.01,355,665.1129797326433,282.51666666666665,0.5752350724229883,136,12,148,Exact_structureO
query_cycle_8_6.graph,4,0.01,355,665.1129797326433,469.70526315789476,0.2937962760150869,140,18,158,Exact_structureO
query_cycle_8_6.graph,5,0.01,355,665.1129797326433,0.0,1.0,140,12,152,Exact_structureO
query_cycle_8_6.graph,1,0.05,1776,665.1129797326433,783.1499999999999,0.17746912759814742,351,44,395,Exact_structureO
query_cycle_8_6.graph,2,0.05,1776,665.1129797326433,695.2590673575129,0.04532476217346928,340,68,408,Exact_structureO
query_cycle_8_6.graph,3,0.05,1776,665.1129797326433,558.7473380934485,0.15992116359231295,336,50,386,Exact_structureO
query_cycle_8_6.graph,4,0.05,1776,665.1129797326433,739.4491228070175,0.11176468560913544,345,59,404,Exact_structureO
query_cycle_8_6.graph,5,0.05,1776,665.1129797326433,401.91770726714435,0.39571513485016646,347,48,395,Exact_structureO
query_cycle_8_6.graph,1,0.075,2664,665.1129797326433,592.3254593175852,0.10943632530568963,415,62,477,Exact_structureO
query_cycle_8_6.graph,2,0.075,2664,665.1129797326433,321.66819571865443,0.5163705933870724,402,88,490,Exact_structureO
query_cycle_8_6.graph,3,0.075,2664,665.1129797326433,742.816087196468,0.11682692990754603,414,67,481,Exact_structureO
query_cycle_8_6.graph,4,0.075,2664,665.1129797326433,656.4961274947868,0.012955471476921466,407,74,481,Exact_structureO
query_cycle_8_6.graph,5,0.075,2664,665.1129797326433,546.4066849190052,0.17847538452994063,415,77,492,Exact_structureO
query_cycle_8_6.graph,1,0.1,3552,665.1129797326433,548.0783815028901,0.1759619820933247,472,77,549,Exact_structureO
query_cycle_8_6.graph,2,0.1,3552,665.1129797326433,788.4538834951456,0.18544353744544553,461,103,564,Exact_structureO
query_cycle_8_6.graph,3,0.1,3552,665.1129797326433,761.9140432098765,0.1455407824339023,469,84,553,Exact_structureO
query_cycle_8_6.graph,4,0.1,3552,665.1129797326433,642.6874158815613,0.033716924093251825,456,89,545,Exact_structureO
query_cycle_8_6.graph,5,0.1,3552,665.1129797326433,541.9336109750122,0.18520066892566994,470,88,558,Exact_structureO
query_cycle_8_6.graph,1,0.125,4440,665.1129797326433,430.556157635468,0.35265711126470656,501,98,599,Exact_structureO
query_cycle_8_6.graph,2,0.125,4440,665.1129797326433,408.88132925229564,0.38524530160777437,504,116,620,Exact_structureO
query_cycle_8_6.graph,3,0.125,4440,665.1129797326433,645.2006545080158,0.029938259861703155,503,94,597,Exact_structureO
query_cycle_8_6.graph,4,0.125,4440,665.1129797326433,751.9415669654578,0.13054712489255152,505,98,603,Exact_structureO
query_cycle_8_6.graph,5,0.125,4440,665.1129797326433,438.8605970149254,0.3401713537580713,499,101,600,Exact_structureO
query_cycle_8_6.graph,1,0.15,5328,665.1129797326433,441.6440061200016,0.33598648714158297,532,114,646,Exact_structureO
query_cycle_8_6.graph,2,0.15,5328,665.1129797326433,484.87676258168074,0.27098586652663503,538,129,667,Exact_structureO
query_cycle_8_6.graph,3,0.15,5328,665.1129797326433,576.5712629399587,0.13312282197270586,537,101,638,Exact_structureO
query_cycle_8_6.graph,4,0.15,5328,665.1129797326433,807.9204793638352,0.21471164145465393,536,116,652,Exact_structureO
query_cycle_8_6.graph,5,0.15,5328,665.1129797326433,520.0345328282829,0.2181260196766539,535,115,650,Exact_structureO
query_cycle_8_6.graph,1,0.2,7105,665.1129797326433,623.841965862272,0.06205113285709915,583,130,713,Exact_structureO
query_cycle_8_6.graph,2,0.2,7105,665.1129797326433,463.1170212765958,0.30370172378419713,579,155,734,Exact_structureO
query_cycle_8_6.graph,3,0.2,7105,665.1129797326433,493.79149198520344,0.2575825355510372,580,123,703,Exact_structureO
query_cycle_8_6.graph,4,0.2,7105,665.1129797326433,570.3787835110983,0.14243323932668633,591,141,732,Exact_structureO
query_cycle_8_6.graph,5,0.2,7105,665.1129797326433,526.7564007244305,0.2080196646648338,589,131,720,Exact_structureO
query_cycle_8_6.graph,1,0.3,10657,665.1129797326433,674.2550502842151,0.013745139292344978,746,232,978,Exact_structureO
query_cycle_8_6.graph,2,0.3,10657,665.1129797326433,679.8690872781739,0.02218586615384063,748,226,974,Exact_structureO
query_cycle_8_6.graph,3,0.3,10657,665.1129797326433,548.7593317486245,0.17493817070114873,756,221,977,Exact_structureO
query_cycle_8_6.graph,4,0.3,10657,665.1129797326433,672.2142698919015,0.010676817887560508,757,230,987,Exact_structureO
query_cycle_8_6.graph,5,0.3,10657,665.1129797326433,558.4423354744073,0.16037973623836757,753,238,991,Exact_structureO
query_cycle_8_6.graph,1,0.4,14210,665.1129797326433,692.7059364181946,0.041486119691488875,815,293,1108,Exact_structureO
query_cycle_8_6.graph,2,0.4,14210,665.1129797326433,642.6997898325195,0.03369831980896433,824,274,1098,Exact_structureO
query_cycle_8_6.graph,3,0.4,14210,665.1129797326433,608.3368819934617,0.0853630878802035,818,268,1086,Exact_structureO
query_cycle_8_6.graph,4,0.4,14210,665.1129797326433,764.9217313356697,0.15006285344656287,818,265,1083,Exact_structureO
query_cycle_8_6.graph,5,0.4,14210,665.1129797326433,610.3316478259263,0.08236394954844749,809,284,1093,Exact_structureO
query_cycle_8_6.graph,1,0.5,17762,665.1129797326433,736.4107956536978,0.10719654869720663,850,328,1178,Exact_structureO
query_cycle_8_6.graph,2,0.5,17762,665.1129797326433,640.2929575807881,0.03731700163456771,863,328,1191,Exact_structureO
query_cycle_8_6.graph,3,0.5,17762,665.1129797326433,599.4284616172232,0.09875693320828509,865,307,1172,Exact_structureO
query_cycle_8_6.graph,4,0.5,17762,665.1129797326433,706.8948363577117,0.06281918696258716,861,293,1154,Exact_structureO
query_cycle_8_6.graph,5,0.5,17762,665.1129797326433,642.8427483921774,0.03348338104816102,868,332,1200,Exact_structureO
query_cycle_8_6.graph,1,0.6,21315,665.1129797326433,750.6517793379364,0.12860792408483335,909,381,1290,Exact_structureO
query_cycle_8_6.graph,2,0.6,21315,665.1129797326433,649.7600601115021,0.023083175473906266,905,365,1270,Exact_structureO
query_cycle_8_6.graph,3,0.6,21315,665.1129797326433,599.7866840312204,0.0982183443896739,912,351,1263,Exact_structureO
query_cycle_8_6.graph,4,0.6,21315,665.1129797326433,705.3884986162361,0.06055440220063425,910,353,1263,Exact_structureO
query_cycle_8_6.graph,5,0.6,21315,665.1129797326433,651.1458203711508,0.02099967943357079,902,374,1276,Exact_structureO
query_cycle_8_6.graph,1,0.7,24867,665.1129797326433,708.4922595525853,0.06522091906457642,941,417,1358,Exact_structureO
query_cycle_8_6.graph,2,0.7,24867,665.1129797326433,631.5706343228746,0.05043104920798836,938,408,1346,Exact_structureO
query_cycle_8_6.graph,3,0.7,24867,665.1129797326433,598.023298634723,0.1008696013192954,942,390,1332,Exact_structureO
query_cycle_8_6.graph,4,0.7,24867,665.1129797326433,754.2198073495391,0.1339724683357017,956,401,1357,Exact_structureO
query_cycle_8_6.graph,5,0.7,24867,665.1129797326433,650.6871484126727,0.021689294540258974,924,422,1346,Exact_structureO
query_cycle_8_6.graph,1,0.8,28420,665.1129797326433,697.8360927279183,0.049199330027251506,967,451,1418,Exact_structureO
query_cycle_8_6.graph,2,0.8,28420,665.1129797326433,634.5768980829632,0.045911119734807694,969,453,1422,Exact_structureO
query_cycle_8_6.graph,3,0.8,28420,665.1129797326433,599.9232601366036,0.09801300167415788,971,431,1402,Exact_structureO
query_cycle_8_6.graph,4,0.8,28420,665.1129797326433,726.2219405539008,0.09187756468956833,976,429,1405,Exact_structureO
query_cycle_8_6.graph,5,0.8,28420,665.1129797326433,651.8771312419532,0.01990015064209181,964,460,1424,Exact_structureO
query_cycle_8_8.graph,1,0.01,78,1061.3050570094542,700.1538461538462,0.3402897295837448,58,1,59,Exact_structureO
query_cycle_8_8.graph,2,0.01,78,1061.3050570094542,625.4769230769231,0.41065302671845155,57,1,58,Exact_structureO
query_cycle_8_8.graph,3,0.01,78,1061.3050570094542,,,50,0,50,Exact_structureO
query_cycle_8_8.graph,4,0.01,78,1061.3050570094542,,,61,1,62,Exact_structureO
query_cycle_8_8.graph,5,0.01,78,1061.3050570094542,,,57,0,57,Exact_structureO
query_cycle_8_8.graph,1,0.05,393,1061.3050570094542,543.3483606557377,0.4880375278840328,143,2,145,Exact_structureO
query_cycle_8_8.graph,2,0.05,393,1061.3050570094542,579.2660550458714,0.454194577496759,142,3,145,Exact_structureO
query_cycle_8_8.graph,3,0.05,393,1061.3050570094542,,,137,0,137,Exact_structureO
query_cycle_8_8.graph,4,0.05,393,1061.3050570094542,,,147,1,148,Exact_structureO
query_cycle_8_8.graph,5,0.05,393,1061.3050570094542,209.5890410958904,0.8025176270369705,134,2,136,Exact_structureO
query_cycle_8_8.graph,1,0.075,589,1061.3050570094542,608.9719719719719,0.42620458844516074,214,3,217,Exact_structureO
query_cycle_8_8.graph,2,0.075,589,1061.3050570094542,618.3532934131737,0.41736516816798197,217,5,222,Exact_structureO
query_cycle_8_8.graph,3,0.075,589,1061.3050570094542,737.2542372881355,0.30533239955949065,212,1,213,Exact_structureO
query_cycle_8_8.graph,4,0.075,589,1061.3050570094542,512.425,0.517174636438734,218,3,221,Exact_structureO
query_cycle_8_8.graph,5,0.075,589,1061.3050570094542,408.5030674846626,0.61509363892438,216,4,220,Exact_structureO
query_cycle_8_8.graph,1,0.1,786,1061.3050570094542,562.611570247934,0.4698870352759262,282,4,286,Exact_structureO
query_cycle_8_8.graph,2,0.1,786,1061.3050570094542,490.45357833655703,0.5378769043854768,286,7,293,Exact_structureO
query_cycle_8_8.graph,3,0.1,786,1061.3050570094542,526.5658747300216,0.5038505929541323,290,6,296,Exact_structureO
query_cycle_8_8.graph,4,0.1,786,1061.3050570094542,362.41376673040156,0.6585206446187949,292,6,298,Exact_structureO
query_cycle_8_8.graph,5,0.1,786,1061.3050570094542,506.40277777777777,0.5228489919715263,282,5,287,Exact_structureO
query_cycle_8_8.graph,1,0.125,982,1061.3050570094542,540.1379310344828,0.49106251075776114,340,7,347,Exact_structureO
query_cycle_8_8.graph,2,0.125,982,1061.3050570094542,415.25844748858447,0.6087284756197244,347,8,355,Exact_structureO
query_cycle_8_8.graph,3,0.125,982,1061.3050570094542,659.2647619047619,0.3788169032545285,341,6,347,Exact_structureO
query_cycle_8_8.graph,4,0.125,982,1061.3050570094542,485.30539358600583,0.5427277102085054,340,6,346,Exact_structureO
query_cycle_8_8.graph,5,0.125,982,1061.3050570094542,2656.276740237691,1.5028399918516815,350,8,358,Exact_structureO
query_cycle_8_8.graph,1,0.15,1179,1061.3050570094542,556.9865100087032,0.47518717042753,404,9,413,Exact_structureO
query_cycle_8_8.graph,2,0.15,1179,1061.3050570094542,573.2436053593178,0.45986914735466927,403,8,411,Exact_structureO
query_cycle_8_8.graph,3,0.15,1179,1061.3050570094542,541.2017010935601,0.4900601881436818,401,7,408,Exact_structureO
query_cycle_8_8.graph,4,0.15,1179,1061.3050570094542,485.3872727272728,0.5426505607209701,398,7,405,Exact_structureO
query_cycle_8_8.graph,5,0.15,1179,1061.3050570094542,2895.2782485875705,1.7280358549745223,405,8,413,Exact_structureO
query_cycle_8_8.graph,1,0.2,1572,1061.3050570094542,487.3428390367554,0.5408079554336713,505,12,517,Exact_structureO
query_cycle_8_8.graph,2,0.2,1572,1061.3050570094542,1621.7202687249858,0.5280434762976347,510,9,519,Exact_structureO
query_cycle_8_8.graph,3,0.2,1572,1061.3050570094542,563.7557816836263,0.4688089178881541,507,11,518,Exact_structureO
query_cycle_8_8.graph,4,0.2,1572,1061.3050570094542,659.8525439407957,0.3782630737668127,507,8,515,Exact_structureO
query_cycle_8_8.graph,5,0.2,1572,1061.3050570094542,2043.2916666666667,0.925263290862153,506,13,519,Exact_structureO
query_cycle_8_8.graph,1,0.3,2358,1061.3050570094542,372.4167794316644,0.6490954443569124,717,20,737,Exact_structureO
query_cycle_8_8.graph,2,0.3,2358,1061.3050570094542,937.5456843625858,0.11661055587127572,717,20,737,Exact_structureO
query_cycle_8_8.graph,3,0.3,2358,1061.3050570094542,944.2291544780137,0.11031314866371884,743,18,761,Exact_structureO
query_cycle_8_8.graph,4,0.3,2358,1061.3050570094542,452.4998161764706,0.5736383114469229,726,17,743,Exact_structureO
query_cycle_8_8.graph,5,0.3,2358,1061.3050570094542,1462.6733121884913,0.37818368293656557,725,19,744,Exact_structureO
query_cycle_8_8.graph,1,0.4,3144,1061.3050570094542,1010.1884781884783,0.048163888868118926,906,31,937,Exact_structureO
query_cycle_8_8.graph,2,0.4,3144,1061.3050570094542,725.0789975483519,0.31680435068171653,904,26,930,Exact_structureO
query_cycle_8_8.graph,3,0.4,3144,1061.3050570094542,769.5706764833947,0.27488268203310817,903,23,926,Exact_structureO
query_cycle_8_8.graph,4,0.4,3144,1061.3050570094542,483.6940772395063,0.5442459507330911,912,20,932,Exact_structureO
query_cycle_8_8.graph,5,0.4,3144,1061.3050570094542,1313.5177588122535,0.23764392729220035,902,26,928,Exact_structureO
query_cycle_8_8.graph,1,0.5,3931,1061.3050570094542,881.3353595739871,0.16957395637271885,1057,36,1093,Exact_structureO
query_cycle_8_8.graph,2,0.5,3931,1061.3050570094542,591.5508768317375,0.4426193742083829,1058,34,1092,Exact_structureO
query_cycle_8_8.graph,3,0.5,3931,1061.3050570094542,769.1362423699151,0.2752920215633501,1065,31,1096,Exact_structureO
query_cycle_8_8.graph,4,0.5,3931,1061.3050570094542,722.7682206840391,0.3189816481976863,1060,30,1090,Exact_structureO
query_cycle_8_8.graph,5,0.5,3931,1061.3050570094542,981.17320579087,0.0755031276722451,1062,34,1096,Exact_structureO
query_cycle_8_8.graph,1,0.6,4717,1061.3050570094542,802.0417457305504,0.2442872664806254,1194,42,1236,Exact_structureO
query_cycle_8_8.graph,2,0.6,4717,1061.3050570094542,665.7940161662369,0.37266480380079264,1206,41,1247,Exact_structureO
query_cycle_8_8.graph,3,0.6,4717,1061.3050570094542,1015.3043370770644,0.043343541641091124,1189,34,1223,Exact_structureO
query_cycle_8_8.graph,4,0.6,4717,1061.3050570094542,733.3851874336015,0.30897795823178825,1199,38,1237,Exact_structureO
query_cycle_8_8.graph,5,0.6,4717,1061.3050570094542,854.6801386932495,0.19468946930153377,1198,41,1239,Exact_structureO
query_cycle_8_8.graph,1,0.7,5503,1061.3050570094542,941.2497277718999,0.1131204722380635,1303,48,1351,Exact_structureO
query_cycle_8_8.graph,2,0.7,5503,1061.3050570094542,665.286246065854,0.3731432431496201,1287,43,1330,Exact_structureO
query_cycle_8_8.graph,3,0.7,5503,1061.3050570094542,891.5100383372521,0.15998700614001649,1293,38,1331,Exact_structureO
query_cycle_8_8.graph,4,0.7,5503,1061.3050570094542,742.3736290529205,0.3005087235287645,1302,42,1344,Exact_structureO
query_cycle_8_8.graph,5,0.7,5503,1061.3050570094542,1099.9517000752548,0.03641426450440097,1283,44,1327,Exact_structureO
query_cycle_8_8.graph,1,0.8,6289,1061.3050570094542,842.3894424946782,0.20627020767397128,1390,52,1442,Exact_structureO
query_cycle_8_8.graph,2,0.8,6289,1061.3050570094542,663.0523901545973,0.3752480629622678,1394,47,1441,Exact_structureO
query_cycle_8_8.graph,3,0.8,6289,1061.3050570094542,911.4042350736592,0.14124197462903423,1396,41,1437,Exact_structureO
query_cycle_8_8.graph,4,0.8,6289,1061.3050570094542,722.0241161400513,0.3196827704047966,1377,49,1426,Exact_structureO
query_cycle_8_8.graph,5,0.8,6289,1061.3050570094542,948.6052745773799,0.10618981007179956,1390,53,1443,Exact_structureO
