query_basename,run_id,budget_frac,budget_n,T_true,T_hat,Qerror,n_post,n_comment,oracle_cost,method
query_cycle_4_0.graph,1,0.01,152,230938.0,13708.6484018265,0.9406392694063928,152,0,152,FastestO
query_cycle_4_0.graph,1,0.05,674,230938.0,7360.02044497895,0.968129885748647,674,0,674,FastestO
query_cycle_4_0.graph,1,0.075,911,230938.0,10618.9798023206,0.954018048990116,911,0,911,FastestO
query_cycle_4_0.graph,1,0.1,1208,230938.0,11144.8006580751,0.9517411571154373,1208,0,1208,FastestO
query_cycle_4_0.graph,1,0.15,1721,230938.0,9659.27286655431,0.9581737398498544,1721,0,1721,FastestO
query_cycle_4_0.graph,1,0.2,2120,230938.0,10328.5135605363,0.9552758161907686,2120,0,2120,FastestO
query_cycle_4_0.graph,1,0.3,2843,230938.0,10087.511867562,0.9563193936573366,2843,0,2843,FastestO
query_cycle_4_0.graph,1,0.4,3374,230938.0,10288.2879,0.95545,3291,0,3374,FastestO
query_cycle_4_0.graph,1,0.5,3921,230938.0,10553.8666,0.9542999999999999,3223,0,3921,FastestO
query_cycle_4_0.graph,1,0.6,4512,230938.0,10230.5534,0.9557,3284,0,4512,FastestO
query_cycle_4_0.graph,1,0.7,4992,230938.0,9872.5995,0.9572499999999999,3268,0,4992,FastestO
query_cycle_4_0.graph,1,0.8,5531,230938.0,10022.7092,0.9565999999999999,3196,0,5531,FastestO
query_cycle_4_0.graph,1,0.9,500,230938.0,11163.166163142,0.9516616314199396,500,0,500,FastestO
query_cycle_4_0.graph,2,0.01,152,230938.0,16897.9024390244,0.926829268292683,152,0,152,FastestO
query_cycle_4_0.graph,2,0.05,674,230938.0,8237.46307884856,0.9643304130162704,674,0,674,FastestO
query_cycle_4_0.graph,2,0.075,911,230938.0,10077.2945454545,0.9563636363636363,911,0,911,FastestO
query_cycle_4_0.graph,2,0.1,1208,230938.0,10265.2609153077,0.9555497106785902,1208,0,1208,FastestO
query_cycle_4_0.graph,2,0.15,1721,230938.0,9936.14440970671,0.9569748399583148,1721,0,1721,FastestO
query_cycle_4_0.graph,2,0.2,2120,230938.0,9632.52637108636,0.958289556629544,2120,0,2120,FastestO
query_cycle_4_0.graph,2,0.3,2843,230938.0,10143.2268259301,0.9560781386089338,2843,0,2843,FastestO
query_cycle_4_0.graph,2,0.4,3374,230938.0,10392.21,0.9550000000000001,3173,0,3374,FastestO
query_cycle_4_0.graph,2,0.5,3921,230938.0,9803.3181,0.95755,3197,0,3921,FastestO
query_cycle_4_0.graph,2,0.6,4512,230938.0,10392.21,0.9550000000000001,3253,0,4512,FastestO
query_cycle_4_0.graph,2,0.7,4992,230938.0,9710.9429,0.95795,3266,0,4992,FastestO
query_cycle_4_0.graph,2,0.8,5531,230938.0,10138.1782,0.9561000000000001,3268,0,5531,FastestO
query_cycle_4_0.graph,2,0.9,500,230938.0,8024.87258687259,0.9652509652509653,500,0,500,FastestO
query_cycle_4_0.graph,3,0.01,152,230938.0,13452.6990291262,0.941747572815534,152,0,152,FastestO
query_cycle_4_0.graph,3,0.05,674,230938.0,8887.57185808779,0.9615153337342153,674,0,674,FastestO
query_cycle_4_0.graph,3,0.075,911,230938.0,10501.6851136851,0.9545259545259545,911,0,911,FastestO
query_cycle_4_0.graph,3,0.1,1208,230938.0,9705.36853448276,0.9579741379310345,1208,0,1208,FastestO
query_cycle_4_0.graph,3,0.15,1721,230938.0,10645.2087945413,0.9539044730856711,1721,0,1721,FastestO
query_cycle_4_0.graph,3,0.2,2120,230938.0,10215.7901820188,0.9557639271924986,2120,0,2120,FastestO
query_cycle_4_0.graph,3,0.3,2843,230938.0,9706.62238133121,0.9579687085653672,2843,0,2843,FastestO
query_cycle_4_0.graph,3,0.4,3374,230938.0,10484.5852,0.9546,3249,0,3374,FastestO
query_cycle_4_0.graph,3,0.5,3921,230938.0,10473.0383,0.9546499999999999,3215,0,3921,FastestO
query_cycle_4_0.graph,3,0.6,4512,230938.0,10588.5073,0.9541500000000001,3309,0,4512,FastestO
query_cycle_4_0.graph,3,0.7,4992,230938.0,10022.7092,0.9565999999999999,3218,0,4992,FastestO
query_cycle_4_0.graph,3,0.8,5531,230938.0,9907.2402,0.9571,3234,0,5531,FastestO
query_cycle_4_0.graph,3,0.9,500,230938.0,9993.55409219191,0.9567262464722484,500,0,500,FastestO
query_cycle_4_0.graph,4,0.01,152,230938.0,5744.7263681592,0.9751243781094527,152,0,152,FastestO
query_cycle_4_0.graph,4,0.05,674,230938.0,10844.3108465608,0.953042328042328,674,0,674,FastestO
query_cycle_4_0.graph,4,0.075,911,230938.0,8350.40202177294,0.963841368584759,911,0,911,FastestO
query_cycle_4_0.graph,4,0.1,1208,230938.0,11231.7860037828,0.9513644960821399,1208,0,1208,FastestO
query_cycle_4_0.graph,4,0.15,1721,230938.0,11000.3215242632,0.9523667758261387,1721,0,1721,FastestO
query_cycle_4_0.graph,4,0.2,2120,230938.0,10273.5897492789,0.9555136454404259,2120,0,2120,FastestO
query_cycle_4_0.graph,4,0.3,2843,230938.0,10068.367176302,0.9564022933588151,2843,0,2843,FastestO
query_cycle_4_0.graph,4,0.4,3374,230938.0,10242.1003,0.95565,3213,0,3374,FastestO
query_cycle_4_0.graph,4,0.5,3921,230938.0,10219.0065,0.9557500000000001,3265,0,3921,FastestO
query_cycle_4_0.graph,4,0.6,4512,230938.0,10346.0224,0.9552,3209,0,4512,FastestO
query_cycle_4_0.graph,4,0.7,4992,230938.0,10276.741,0.9555,3198,0,4992,FastestO
query_cycle_4_0.graph,4,0.8,5531,230938.0,10230.5534,0.9557,3238,0,5531,FastestO
query_cycle_4_0.graph,4,0.9,500,230938.0,11053.0407331976,0.9521384928716904,500,0,500,FastestO
query_cycle_4_0.graph,5,0.01,152,230938.0,8009.41040462428,0.9653179190751445,152,0,152,FastestO
query_cycle_4_0.graph,5,0.05,674,230938.0,11158.4721712538,0.9516819571865444,674,0,674,FastestO
query_cycle_4_0.graph,5,0.075,911,230938.0,11074.3315419595,0.9520463001240181,911,0,911,FastestO
query_cycle_4_0.graph,5,0.1,1208,230938.0,8826.42617801047,0.9617801047120419,1208,0,1208,FastestO
query_cycle_4_0.graph,5,0.15,1721,230938.0,10100.5313894674,0.9562630169592383,1721,0,1721,FastestO
query_cycle_4_0.graph,5,0.2,2120,230938.0,10416.8185392096,0.9548934409269605,2120,0,2120,FastestO
query_cycle_4_0.graph,5,0.3,2843,230938.0,10111.1743386243,0.9562169312169312,2843,0,2843,FastestO
query_cycle_4_0.graph,5,0.4,3374,230938.0,10507.679,0.9545,3229,0,3374,FastestO
query_cycle_4_0.graph,5,0.5,3921,230938.0,10334.4755,0.95525,3240,0,3921,FastestO
query_cycle_4_0.graph,5,0.6,4512,230938.0,10507.679,0.9545,3268,0,4512,FastestO
query_cycle_4_0.graph,5,0.7,4992,230938.0,10461.4914,0.9547,3260,0,4992,FastestO
query_cycle_4_0.graph,5,0.8,5531,230938.0,10265.1941,0.95555,3212,0,5531,FastestO
query_cycle_4_0.graph,5,0.9,500,230938.0,8626.99425287356,0.9626436781609196,500,0,500,FastestO
query_cycle_4_1.graph,1,0.01,563,230398.0,7222.60045146727,0.9686516356415105,563,0,563,FastestO
query_cycle_4_1.graph,1,0.05,1478,230398.0,5795.41427520235,0.9748460738582698,1478,0,1478,FastestO
query_cycle_4_1.graph,1,0.075,1846,230398.0,5516.5724137931,0.976056335498602,1846,0,1846,FastestO
query_cycle_4_1.graph,1,0.1,2106,230398.0,5339.9684418146,0.9768228524474406,2106,0,2106,FastestO
query_cycle_4_1.graph,1,0.15,2571,230398.0,4943.39436075705,0.9785441090601609,2571,0,2571,FastestO
query_cycle_4_1.graph,1,0.2,2962,230398.0,5682.28232189974,0.9753371022235449,2962,0,2962,FastestO
query_cycle_4_1.graph,1,0.3,3756,230398.0,6057.69136106325,0.9737077085692443,3756,0,3756,FastestO
query_cycle_4_1.graph,1,0.4,4274,230398.0,5331.57592168298,0.9768592786322668,4274,0,4274,FastestO
query_cycle_4_1.graph,1,0.5,4811,230398.0,5339.19788359788,0.9768261969131767,4811,0,4811,FastestO
query_cycle_4_1.graph,1,0.6,5258,230398.0,5637.88144250116,0.9755298160465753,5258,0,5258,FastestO
query_cycle_4_1.graph,1,0.7,5682,230398.0,5926.05157429833,0.9742790667701181,5682,0,5682,FastestO
query_cycle_4_1.graph,1,0.8,6009,230398.0,6311.71033749668,0.9726051860801888,6009,0,6009,FastestO
query_cycle_4_1.graph,1,0.9,500,230398.0,5286.67303102625,0.9770541713425192,500,0,500,FastestO
query_cycle_4_1.graph,2,0.01,563,230398.0,5663.94142259414,0.9754167075122435,563,0,563,FastestO
query_cycle_4_1.graph,2,0.05,1478,230398.0,5179.67779390421,0.9775185644237181,1478,0,1478,FastestO
query_cycle_4_1.graph,2,0.075,1846,230398.0,5947.76064441887,0.9741848425575791,1846,0,1846,FastestO
query_cycle_4_1.graph,2,0.1,2106,230398.0,6146.95304695305,0.9733202846945154,2106,0,2106,FastestO
query_cycle_4_1.graph,2,0.15,2571,230398.0,5900.88476411446,0.9743882986652903,2571,0,2571,FastestO
query_cycle_4_1.graph,2,0.2,2962,230398.0,5623.36291390729,0.9755928310406025,2962,0,2962,FastestO
query_cycle_4_1.graph,2,0.3,3756,230398.0,6491.3157505546,0.9718256419302485,3756,0,3756,FastestO
query_cycle_4_1.graph,2,0.4,4274,230398.0,5765.34245439469,0.974976595046855,4274,0,4274,FastestO
query_cycle_4_1.graph,2,0.5,4811,230398.0,6040.38982749422,0.9737828026827741,4811,0,4811,FastestO
query_cycle_4_1.graph,2,0.6,5258,230398.0,5893.10985915493,0.9744220442054404,5258,0,5258,FastestO
query_cycle_4_1.graph,2,0.7,5682,230398.0,5687.88701854494,0.9753127760720799,5682,0,5682,FastestO
query_cycle_4_1.graph,2,0.8,6009,230398.0,5371.62555876939,0.9766854505734885,6009,0,6009,FastestO
query_cycle_4_1.graph,2,0.9,500,230398.0,4756.0193236715,0.979357375829341,500,0,500,FastestO
query_cycle_4_1.graph,3,0.01,563,230398.0,7474.48156182213,0.9675583921656346,563,0,563,FastestO
query_cycle_4_1.graph,3,0.05,1478,230398.0,5593.72727272727,0.975721459072009,1478,0,1478,FastestO
query_cycle_4_1.graph,3,0.075,1846,230398.0,4268.04624277457,0.9814753329335559,1846,0,1846,FastestO
query_cycle_4_1.graph,3,0.1,2106,230398.0,4717.27839003354,0.979525523702317,2106,0,2106,FastestO
query_cycle_4_1.graph,3,0.15,2571,230398.0,6103.03603254552,0.9735108983908475,2571,0,2571,FastestO
query_cycle_4_1.graph,3,0.2,2962,230398.0,4901.587985635,0.9787255619161841,2962,0,2962,FastestO
query_cycle_4_1.graph,3,0.3,3756,230398.0,6295.04714142427,0.972677509607617,3756,0,3756,FastestO
query_cycle_4_1.graph,3,0.4,4274,230398.0,5784.64336807685,0.9748928229929216,4274,0,4274,FastestO
query_cycle_4_1.graph,3,0.5,4811,230398.0,5391.83479978452,0.9765977360923943,4811,0,4811,FastestO
query_cycle_4_1.graph,3,0.6,5258,230398.0,5585.84755047738,0.9757556595522644,5258,0,5258,FastestO
query_cycle_4_1.graph,3,0.7,5682,230398.0,5650.89402211956,0.9754733373461595,5682,0,5682,FastestO
query_cycle_4_1.graph,3,0.8,6009,230398.0,5668.82074230061,0.9753955297255159,6009,0,6009,FastestO
query_cycle_4_1.graph,3,0.9,500,230398.0,7784.94403892944,0.966210887078319,500,0,500,FastestO
query_cycle_4_1.graph,4,0.01,563,230398.0,5699.71368421053,0.9752614446123208,563,0,563,FastestO
query_cycle_4_1.graph,4,0.05,1478,230398.0,6320.40483383686,0.9725674492233576,1478,0,1478,FastestO
query_cycle_4_1.graph,4,0.075,1846,230398.0,9168.76367869616,0.9602046733101148,1846,0,1846,FastestO
query_cycle_4_1.graph,4,0.1,2106,230398.0,5643.92023928215,0.9755036057635823,2106,0,2106,FastestO
query_cycle_4_1.graph,4,0.15,2571,230398.0,4698.1207635372,0.9796086738446635,2571,0,2571,FastestO
query_cycle_4_1.graph,4,0.2,2962,230398.0,6585.25752508361,0.9714179049944721,2962,0,2962,FastestO
query_cycle_4_1.graph,4,0.3,3756,230398.0,6421.66983662521,0.972127927166793,3756,0,3756,FastestO
query_cycle_4_1.graph,4,0.4,4274,230398.0,6089.34404736731,0.9735703259257141,4274,0,4274,FastestO
query_cycle_4_1.graph,4,0.5,4811,230398.0,6270.39586673793,0.9727845039161019,4811,0,4811,FastestO
query_cycle_4_1.graph,4,0.6,5258,230398.0,5316.18594459227,0.9769260759876723,5258,0,5258,FastestO
query_cycle_4_1.graph,4,0.7,5682,230398.0,6020.85011312217,0.9738676112070324,5682,0,5682,FastestO
query_cycle_4_1.graph,4,0.8,6009,230398.0,5760.0780967158,0.9749994440198448,6009,0,6009,FastestO
query_cycle_4_1.graph,4,0.9,500,230398.0,8383.78588807786,0.9636117245458821,500,0,500,FastestO
query_cycle_4_1.graph,5,0.01,563,230398.0,7378.44967880086,0.9679752008316007,563,0,563,FastestO
query_cycle_4_1.graph,5,0.05,1478,230398.0,5271.48892171344,0.9771200751668269,1478,0,1478,FastestO
query_cycle_4_1.graph,5,0.075,1846,230398.0,6156.59806708357,0.9732784222645875,1846,0,1846,FastestO
query_cycle_4_1.graph,5,0.1,2106,230398.0,6854.08607594937,0.9702511042806389,2106,0,2106,FastestO
query_cycle_4_1.graph,5,0.15,2571,230398.0,6179.65319733229,0.973178355726472,2571,0,2571,FastestO
query_cycle_4_1.graph,5,0.2,2962,230398.0,7020.7170178282,0.9695278734284664,2962,0,2962,FastestO
query_cycle_4_1.graph,5,0.3,3756,230398.0,6494.19414185427,0.9718131488040076,3756,0,3756,FastestO
query_cycle_4_1.graph,5,0.4,4274,230398.0,4373.27768595041,0.9810185952744798,4274,0,4274,FastestO
query_cycle_4_1.graph,5,0.5,4811,230398.0,6251.87087669783,0.9728649082166606,4811,0,4811,FastestO
query_cycle_4_1.graph,5,0.6,5258,230398.0,5222.68783401446,0.9773318872819449,5258,0,5258,FastestO
query_cycle_4_1.graph,5,0.7,5682,230398.0,6028.10546030831,0.9738361207115153,5682,0,5682,FastestO
query_cycle_4_1.graph,5,0.8,6009,230398.0,5884.5952443167,0.9744590003198087,6009,0,6009,FastestO
query_cycle_4_1.graph,5,0.9,500,230398.0,5860.09523809524,0.974565338075438,500,0,500,FastestO
query_cycle_4_10.graph,1,0.01,125,393025.0,23394.3452380952,0.9404761904761904,125,0,125,FastestO
query_cycle_4_10.graph,1,0.05,544,393025.0,17536.5485564304,0.9553805774278216,544,0,544,FastestO
query_cycle_4_10.graph,1,0.075,797,393025.0,15478.7243150685,0.9606164383561644,797,0,797,FastestO
query_cycle_4_10.graph,1,0.1,1048,393025.0,20509.7997572816,0.9478155339805825,1048,0,1048,FastestO
query_cycle_4_10.graph,1,0.15,1468,393025.0,15543.3615819209,0.96045197740113,1468,0,1468,FastestO
query_cycle_4_10.graph,1,0.2,1844,393025.0,18195.6018518519,0.9537037037037037,1844,0,1844,FastestO
query_cycle_4_10.graph,1,0.3,2604,393025.0,18115.090339233,0.9539085545722713,2604,0,2604,FastestO
query_cycle_4_10.graph,1,0.4,3278,393025.0,16677.9994948219,0.9575650416771911,3278,0,3278,FastestO
query_cycle_4_10.graph,1,0.5,3898,393025.0,18213.1685653601,0.9536590075304112,3898,0,3898,FastestO
query_cycle_4_10.graph,1,0.6,4516,393025.0,17673.5010706638,0.9550321199143469,4516,0,4516,FastestO
query_cycle_4_10.graph,1,0.7,5084,393025.0,17875.2975138447,0.9545186756215389,5084,0,5084,FastestO
query_cycle_4_10.graph,1,0.8,5672,393025.0,18304.2964139809,0.953427144802542,5672,0,5672,FastestO
query_cycle_4_10.graph,1,0.9,500,393025.0,13174.0223463687,0.9664804469273743,500,0,500,FastestO
query_cycle_4_10.graph,2,0.01,125,393025.0,9704.32098765432,0.9753086419753086,125,0,125,FastestO
query_cycle_4_10.graph,2,0.05,544,393025.0,9235.57441253264,0.9765013054830288,544,0,544,FastestO
query_cycle_4_10.graph,2,0.075,797,393025.0,20031.151142355,0.9490333919156415,797,0,797,FastestO
query_cycle_4_10.graph,2,0.1,1048,393025.0,16119.2400482509,0.9589867310012063,1048,0,1048,FastestO
query_cycle_4_10.graph,2,0.15,1468,393025.0,16499.7900923594,0.9580184718723762,1468,0,1468,FastestO
query_cycle_4_10.graph,2,0.2,1844,393025.0,13852.1356033453,0.9647550776583035,1844,0,1844,FastestO
query_cycle_4_10.graph,2,0.3,2604,393025.0,20740.4992406986,0.9472285497342444,2604,0,2604,FastestO
query_cycle_4_10.graph,2,0.4,3278,393025.0,19292.6689796967,0.9509123618607042,3278,0,3278,FastestO
query_cycle_4_10.graph,2,0.5,3898,393025.0,17226.0092272203,0.9561707035755478,3898,0,3898,FastestO
query_cycle_4_10.graph,2,0.6,4516,393025.0,18122.1902017291,0.9538904899135446,4516,0,4516,FastestO
query_cycle_4_10.graph,2,0.7,5084,393025.0,18575.694363403,0.9527366087058,5084,0,5084,FastestO
query_cycle_4_10.graph,2,0.8,5672,393025.0,17791.4027562289,0.9547321347084057,5672,0,5672,FastestO
query_cycle_4_10.graph,2,0.9,500,393025.0,26509.0175953079,0.9325513196480939,500,0,500,FastestO
query_cycle_4_10.graph,3,0.01,125,393025.0,9950,0.9746835443037974,125,0,125,FastestO
query_cycle_4_10.graph,3,0.05,544,393025.0,19068.5983827493,0.9514824797843666,544,0,544,FastestO
query_cycle_4_10.graph,3,0.075,797,393025.0,15747.245409015,0.9599332220367278,797,0,797,FastestO
query_cycle_4_10.graph,3,0.1,1048,393025.0,11587.9606879607,0.9705159705159706,1048,0,1048,FastestO
query_cycle_4_10.graph,3,0.15,1468,393025.0,19539.1401792991,0.9502852485737571,1468,0,1468,FastestO
query_cycle_4_10.graph,3,0.2,1844,393025.0,18208.7394705174,0.95367027677497,1844,0,1844,FastestO
query_cycle_4_10.graph,3,0.3,2604,393025.0,16557.5942350333,0.9578713968957872,2604,0,2604,FastestO
query_cycle_4_10.graph,3,0.4,3278,393025.0,18001.1450381679,0.9541984732824428,3278,0,3278,FastestO
query_cycle_4_10.graph,3,0.5,3898,393025.0,16053.9712556732,0.9591527987897126,3898,0,3898,FastestO
query_cycle_4_10.graph,3,0.6,4516,393025.0,19883.1231563422,0.949410029498525,4516,0,4516,FastestO
query_cycle_4_10.graph,3,0.7,5084,393025.0,18339.6459663378,0.9533372025536855,5084,0,5084,FastestO
query_cycle_4_10.graph,3,0.8,5672,393025.0,16701.5659510557,0.9575050799540595,5672,0,5672,FastestO
query_cycle_4_10.graph,3,0.9,500,393025.0,17187.6822157434,0.956268221574344,500,0,500,FastestO
query_cycle_4_10.graph,4,0.01,125,393025.0,13871.4705882353,0.9647058823529412,125,0,125,FastestO
query_cycle_4_10.graph,4,0.05,544,393025.0,11879.8488664987,0.9697732997481109,544,0,544,FastestO
query_cycle_4_10.graph,4,0.075,797,393025.0,18077.8109028961,0.9540034071550255,797,0,797,FastestO
query_cycle_4_10.graph,4,0.1,1048,393025.0,18993.7732342007,0.9516728624535317,1048,0,1048,FastestO
query_cycle_4_10.graph,4,0.15,1468,393025.0,15824.3426458505,0.9597370583401807,1468,0,1468,FastestO
query_cycle_4_10.graph,4,0.2,1844,393025.0,17962.7513711152,0.9542961608775138,1844,0,1844,FastestO
query_cycle_4_10.graph,4,0.3,2604,393025.0,19797.901119403,0.9496268656716419,2604,0,2604,FastestO
query_cycle_4_10.graph,4,0.4,3278,393025.0,17487.5377073906,0.9555052790346907,3278,0,3278,FastestO
query_cycle_4_10.graph,4,0.5,3898,393025.0,18518.3202451638,0.9528825895422334,3898,0,3898,FastestO
query_cycle_4_10.graph,4,0.6,4516,393025.0,16868.9975514907,0.9570790724470689,4516,0,4516,FastestO
query_cycle_4_10.graph,4,0.7,5084,393025.0,17963.9984957186,0.9542929877343208,5084,0,5084,FastestO
query_cycle_4_10.graph,4,0.8,5672,393025.0,17803.9973142346,0.9547000895255148,5672,0,5672,FastestO
query_cycle_4_10.graph,4,0.9,500,393025.0,12850.9536784741,0.9673024523160763,500,0,500,FastestO
query_cycle_4_10.graph,5,0.01,125,393025.0,18940.9638554217,0.9518072289156626,125,0,125,FastestO
query_cycle_4_10.graph,5,0.05,544,393025.0,16680.1061007958,0.9575596816976127,544,0,544,FastestO
query_cycle_4_10.graph,5,0.075,797,393025.0,13506.0137457045,0.965635738831615,797,0,797,FastestO
query_cycle_4_10.graph,5,0.1,1048,393025.0,17170.9951456311,0.9563106796116505,1048,0,1048,FastestO
query_cycle_4_10.graph,5,0.15,1468,393025.0,16428.6977491961,0.9581993569131833,1468,0,1468,FastestO
query_cycle_4_10.graph,5,0.2,1844,393025.0,12825.9906759907,0.9673659673659672,1844,0,1844,FastestO
query_cycle_4_10.graph,5,0.3,2604,393025.0,17680.3281710914,0.9550147492625368,2604,0,2604,FastestO
query_cycle_4_10.graph,5,0.4,3278,393025.0,20363.9896373057,0.9481865284974093,3278,0,3278,FastestO
query_cycle_4_10.graph,5,0.5,3898,393025.0,18784.0184947812,0.9522065555759018,3898,0,3898,FastestO
query_cycle_4_10.graph,5,0.6,4516,393025.0,15988.6107905366,0.9593190998268898,4516,0,4516,FastestO
query_cycle_4_10.graph,5,0.7,5084,393025.0,19368.3161652815,0.9507198876272972,5084,0,5084,FastestO
query_cycle_4_10.graph,5,0.8,5672,393025.0,17594.9121120571,0.9552320790991485,5672,0,5672,FastestO
query_cycle_4_10.graph,5,0.9,500,393025.0,20064.3393393393,0.9489489489489489,500,0,500,FastestO
query_cycle_4_11.graph,1,0.01,239,229547.0,9234.64942528736,0.9597701149425287,239,0,239,FastestO
query_cycle_4_11.graph,1,0.05,864,229547.0,8313.79068673565,0.9637817497648166,864,0,864,FastestO
query_cycle_4_11.graph,1,0.075,1241,229547.0,10297.31596545,0.9551407077180273,1241,0,1241,FastestO
query_cycle_4_11.graph,1,0.1,1572,229547.0,10426.4615798923,0.9545780969479353,1572,0,1572,FastestO
query_cycle_4_11.graph,1,0.15,2213,229547.0,9643.36615284412,0.9579895788102475,2213,0,2213,FastestO
query_cycle_4_11.graph,1,0.2,2727,229547.0,10173.0853649038,0.9556819066905522,2727,0,2727,FastestO
query_cycle_4_11.graph,1,0.3,3520,229547.0,9598.42404841695,0.9581853648777071,3520,0,3520,FastestO
query_cycle_4_11.graph,1,0.4,4146,229547.0,9549.1552,0.9583999999999999,3483,0,4146,FastestO
query_cycle_4_11.graph,1,0.5,4713,229547.0,9778.7022,0.9574,3479,0,4713,FastestO
query_cycle_4_11.graph,1,0.6,5297,229547.0,10111.54535,0.95595,3551,0,5297,FastestO
query_cycle_4_11.graph,1,0.7,5808,229547.0,9595.0646,0.9581999999999999,3472,0,5808,FastestO
query_cycle_4_11.graph,1,0.8,6322,229547.0,9170.40265,0.96005,3501,0,6322,FastestO
query_cycle_4_11.graph,1,0.9,500,229547.0,10059.828685259,0.9561752988047809,500,0,500,FastestO
query_cycle_4_11.graph,2,0.01,239,229547.0,8780.48633879781,0.9617486338797815,239,0,239,FastestO
query_cycle_4_11.graph,2,0.05,864,229547.0,9377.23914893617,0.9591489361702127,864,0,864,FastestO
query_cycle_4_11.graph,2,0.075,1241,229547.0,9791.39429485471,0.9573447080778459,1241,0,1241,FastestO
query_cycle_4_11.graph,2,0.1,1572,229547.0,9835.31647664582,0.957153365207797,1572,0,1572,FastestO
query_cycle_4_11.graph,2,0.15,2213,229547.0,9913.82069501499,0.9568113689352725,2213,0,2213,FastestO
query_cycle_4_11.graph,2,0.2,2727,229547.0,10004.426399501,0.9564166536722283,2727,0,2727,FastestO
query_cycle_4_11.graph,2,0.3,3520,229547.0,9339.27043105621,0.9593143433324931,3520,0,3520,FastestO
query_cycle_4_11.graph,2,0.4,4146,229547.0,9388.4723,0.9591000000000001,3476,0,4146,FastestO
query_cycle_4_11.graph,2,0.5,4713,229547.0,9227.7894,0.9598,3488,0,4713,FastestO
query_cycle_4_11.graph,2,0.6,5297,229547.0,10019.72655,0.95635,3552,0,5297,FastestO
query_cycle_4_11.graph,2,0.7,5808,229547.0,9055.62915,0.96055,3506,0,5808,FastestO
query_cycle_4_11.graph,2,0.8,6322,229547.0,9893.4757,0.9569,3545,0,6322,FastestO
query_cycle_4_11.graph,2,0.9,500,229547.0,9856.50286259542,0.95706106870229,500,0,500,FastestO
query_cycle_4_11.graph,3,0.01,239,229547.0,9564.45833333333,0.9583333333333333,239,0,239,FastestO
query_cycle_4_11.graph,3,0.05,864,229547.0,10356.3065116279,0.9548837209302325,864,0,864,FastestO
query_cycle_4_11.graph,3,0.075,1241,229547.0,8362.15341200616,0.9635710620831196,1241,0,1241,FastestO
query_cycle_4_11.graph,3,0.1,1572,229547.0,9400.65897244974,0.9590469099032017,1572,0,1572,FastestO
query_cycle_4_11.graph,3,0.15,2213,229547.0,10032.8734730472,0.9562927266614367,2213,0,2213,FastestO
query_cycle_4_11.graph,3,0.2,2727,229547.0,9802.40905643204,0.9572967233009708,2727,0,2727,FastestO
query_cycle_4_11.graph,3,0.3,3520,229547.0,9927.90775,0.95675,3493,0,3520,FastestO
query_cycle_4_11.graph,3,0.4,4146,229547.0,10008.2492,0.9564,3559,0,4146,FastestO
query_cycle_4_11.graph,3,0.5,4713,229547.0,9101.53855,0.96035,3447,0,4713,FastestO
query_cycle_4_11.graph,3,0.6,5297,229547.0,9595.0646,0.9581999999999999,3481,0,5297,FastestO
query_cycle_4_11.graph,3,0.7,5808,229547.0,9652.45135,0.9579500000000001,3491,0,5808,FastestO
query_cycle_4_11.graph,3,0.8,6322,229547.0,10031.2039,0.9563,3458,0,6322,FastestO
query_cycle_4_11.graph,3,0.9,500,229547.0,10222.7408906883,0.9554655870445344,500,0,500,FastestO
query_cycle_4_11.graph,4,0.01,239,229547.0,8902.09972299169,0.9612188365650969,239,0,239,FastestO
query_cycle_4_11.graph,4,0.05,864,229547.0,9209.02238175676,0.9598817567567568,864,0,864,FastestO
query_cycle_4_11.graph,4,0.075,1241,229547.0,8609.52826201796,0.9624933967247755,1241,0,1241,FastestO
query_cycle_4_11.graph,4,0.1,1572,229547.0,10474.4747572816,0.954368932038835,1572,0,1572,FastestO
query_cycle_4_11.graph,4,0.15,2213,229547.0,9480.34476232884,0.9586997662250919,2213,0,2213,FastestO
query_cycle_4_11.graph,4,0.2,2727,229547.0,9945.55667311412,0.9566731141199226,2727,0,2727,FastestO
query_cycle_4_11.graph,4,0.3,3520,229547.0,9590.33152990682,0.9582206191764352,3520,0,3520,FastestO
query_cycle_4_11.graph,4,0.4,4146,229547.0,9836.08895,0.9571499999999999,3457,0,4146,FastestO
query_cycle_4_11.graph,4,0.5,4713,229547.0,9996.77185,0.95645,3498,0,4713,FastestO
query_cycle_4_11.graph,4,0.6,5297,229547.0,9514.72315,0.95855,3505,0,5297,FastestO
query_cycle_4_11.graph,4,0.7,5808,229547.0,9342.5629,0.9593,3491,0,5808,FastestO
query_cycle_4_11.graph,4,0.8,6322,229547.0,9514.72315,0.95855,3494,0,6322,FastestO
query_cycle_4_11.graph,4,0.9,500,229547.0,8653.08062827225,0.9623036649214659,500,0,500,FastestO
query_cycle_4_11.graph,5,0.01,239,229547.0,6524.59173126615,0.9715762273901809,239,0,239,FastestO
query_cycle_4_11.graph,5,0.05,864,229547.0,10502.1503267974,0.9542483660130718,864,0,864,FastestO
query_cycle_4_11.graph,5,0.075,1241,229547.0,8603.53149401353,0.9625195210827694,1241,0,1241,FastestO
query_cycle_4_11.graph,5,0.1,1572,229547.0,8340.30545919299,0.9636662406426876,1572,0,1572,FastestO
query_cycle_4_11.graph,5,0.15,2213,229547.0,9925.55598580187,0.9567602452404,2213,0,2213,FastestO
query_cycle_4_11.graph,5,0.2,2727,229547.0,8926.63667016334,0.9611119436535291,2727,0,2727,FastestO
query_cycle_4_11.graph,5,0.3,3520,229547.0,10054.1586,0.9562,3507,0,3520,FastestO
query_cycle_4_11.graph,5,0.4,4146,229547.0,9790.17955,0.95735,3525,0,4146,FastestO
query_cycle_4_11.graph,5,0.5,4713,229547.0,9640.974,0.9580000000000001,3505,0,4713,FastestO
query_cycle_4_11.graph,5,0.6,5297,229547.0,9537.67785,0.9584499999999999,3523,0,5297,FastestO
query_cycle_4_11.graph,5,0.7,5808,229547.0,9572.1099,0.9582999999999999,3420,0,5808,FastestO
query_cycle_4_11.graph,5,0.8,6322,229547.0,9973.81715,0.95655,3554,0,6322,FastestO
query_cycle_4_11.graph,5,0.9,500,229547.0,10181.5201612903,0.9556451612903225,500,0,500,FastestO
query_cycle_4_12.graph,1,0.01,147,243509.0,15795.1783783784,0.9351351351351351,147,0,147,FastestO
query_cycle_4_12.graph,1,0.05,630,243509.0,12402.5387374462,0.9490674318507891,630,0,630,FastestO
query_cycle_4_12.graph,1,0.075,882,243509.0,12816.2631578947,0.9473684210526315,882,0,882,FastestO
query_cycle_4_12.graph,1,0.1,1210,243509.0,11827.032029404,0.951430821737989,1210,0,1210,FastestO
query_cycle_4_12.graph,1,0.15,1667,243509.0,11894.9830093122,0.9511517725861787,1667,0,1667,FastestO
query_cycle_4_12.graph,1,0.2,2039,243509.0,12128.388625069,0.950193263390392,2039,0,2039,FastestO
query_cycle_4_12.graph,1,0.3,2723,243509.0,11950.1468175964,0.9509252355453128,2723,0,2723,FastestO
query_cycle_4_12.graph,1,0.4,3299,243509.0,12065.87095,0.9504499999999999,3137,0,3299,FastestO
query_cycle_4_12.graph,1,0.5,3790,243509.0,12260.67815,0.94965,3143,0,3790,FastestO
query_cycle_4_12.graph,1,0.6,4311,243509.0,12589.4153,0.9483,3119,0,4311,FastestO
query_cycle_4_12.graph,1,0.7,4860,243509.0,12248.5027,0.9497,3146,0,4860,FastestO
query_cycle_4_12.graph,1,0.8,5376,243509.0,11530.15115,0.95265,3202,0,5376,FastestO
query_cycle_4_12.graph,1,0.9,500,243509.0,8754.34437086093,0.9640491958372753,500,0,500,FastestO
query_cycle_4_12.graph,2,0.01,147,243509.0,23069.2736842105,0.9052631578947369,147,0,147,FastestO
query_cycle_4_12.graph,2,0.05,630,243509.0,11874.290459364,0.9512367491166078,630,0,630,FastestO
query_cycle_4_12.graph,2,0.075,882,243509.0,12201.3002123142,0.9498938428874734,882,0,882,FastestO
query_cycle_4_12.graph,2,0.1,1210,243509.0,10960.4102366255,0.9549897119341564,1210,0,1210,FastestO
query_cycle_4_12.graph,2,0.15,1667,243509.0,11816.398658137,0.951474488999844,1667,0,1667,FastestO
query_cycle_4_12.graph,2,0.2,2039,243509.0,12228.5584386534,0.9497819035902024,2039,0,2039,FastestO
query_cycle_4_12.graph,2,0.3,2723,243509.0,11631.7410720073,0.9522328083479163,2723,0,2723,FastestO
query_cycle_4_12.graph,2,0.4,3299,243509.0,12272.8536,0.9496,3135,0,3299,FastestO
query_cycle_4_12.graph,2,0.5,3790,243509.0,12625.94165,0.94815,3149,0,3790,FastestO
query_cycle_4_12.graph,2,0.6,4311,243509.0,12041.52005,0.95055,3138,0,4311,FastestO
query_cycle_4_12.graph,2,0.7,4860,243509.0,13222.5387,0.9457,3206,0,4860,FastestO
query_cycle_4_12.graph,2,0.8,5376,243509.0,12711.1698,0.9478,3142,0,5376,FastestO
query_cycle_4_12.graph,2,0.9,500,243509.0,10079.3941674506,0.9586077140169332,500,0,500,FastestO
query_cycle_4_12.graph,3,0.01,147,243509.0,12298.4343434343,0.9494949494949495,147,0,147,FastestO
query_cycle_4_12.graph,3,0.05,630,243509.0,8569.70584329349,0.9648074369189907,630,0,630,FastestO
query_cycle_4_12.graph,3,0.075,882,243509.0,12706.7224471435,0.9478182636077374,882,0,882,FastestO
query_cycle_4_12.graph,3,0.1,1210,243509.0,12492.835551858,0.9486966167498614,1210,0,1210,FastestO
query_cycle_4_12.graph,3,0.15,1667,243509.0,12987.6698356429,0.9466645182081856,1667,0,1667,FastestO
query_cycle_4_12.graph,3,0.2,2039,243509.0,12263.6198156682,0.9496379196840026,2039,0,2039,FastestO
query_cycle_4_12.graph,3,0.3,2723,243509.0,12136.0897090517,0.9501616379310346,2723,0,2723,FastestO
query_cycle_4_12.graph,3,0.4,3299,243509.0,12711.1698,0.9478,3132,0,3299,FastestO
query_cycle_4_12.graph,3,0.5,3790,243509.0,12004.9937,0.9507,3214,0,3790,FastestO
query_cycle_4_12.graph,3,0.6,4311,243509.0,11396.2212,0.9532,3191,0,4311,FastestO
query_cycle_4_12.graph,3,0.7,4860,243509.0,12418.959,0.949,3141,0,4860,FastestO
query_cycle_4_12.graph,3,0.8,5376,243509.0,12004.9937,0.9507,3185,0,5376,FastestO
query_cycle_4_12.graph,3,0.9,500,243509.0,14171.231813773,0.9418040737148399,500,0,500,FastestO
query_cycle_4_12.graph,4,0.01,147,243509.0,12298.4343434343,0.9494949494949495,147,0,147,FastestO
query_cycle_4_12.graph,4,0.05,630,243509.0,10153.3787985866,0.958303886925795,630,0,630,FastestO
query_cycle_4_12.graph,4,0.075,882,243509.0,13740.3197492163,0.9435736677115987,882,0,882,FastestO
query_cycle_4_12.graph,4,0.1,1210,243509.0,11765.8029344801,0.9516822666329371,1210,0,1210,FastestO
query_cycle_4_12.graph,4,0.15,1667,243509.0,12124.7676913224,0.9502081332052513,1667,0,1667,FastestO
query_cycle_4_12.graph,4,0.2,2039,243509.0,12151.2550231839,0.9500993596820491,2039,0,2039,FastestO
query_cycle_4_12.graph,4,0.3,2723,243509.0,12971.6647138965,0.9467302452316076,2723,0,2723,FastestO
query_cycle_4_12.graph,4,0.4,3299,243509.0,12224.1518,0.9498,3183,0,3299,FastestO
query_cycle_4_12.graph,4,0.5,3790,243509.0,12418.959,0.949,3217,0,3790,FastestO
query_cycle_4_12.graph,4,0.6,4311,243509.0,12272.8536,0.9496,3164,0,4311,FastestO
query_cycle_4_12.graph,4,0.7,4860,243509.0,12418.959,0.949,3153,0,4860,FastestO
query_cycle_4_12.graph,4,0.8,5376,243509.0,11055.3086,0.9546,3114,0,5376,FastestO
query_cycle_4_12.graph,4,0.9,500,243509.0,11348.9503546099,0.9533941236068896,500,0,500,FastestO
query_cycle_4_12.graph,5,0.01,147,243509.0,8814.80542986425,0.9638009049773755,147,0,147,FastestO
query_cycle_4_12.graph,5,0.05,630,243509.0,11978.6577652846,0.9508081517919887,630,0,630,FastestO
query_cycle_4_12.graph,5,0.075,882,243509.0,12096.5593952484,0.9503239740820734,882,0,882,FastestO
query_cycle_4_12.graph,5,0.1,1210,243509.0,11314.0401267159,0.9535374868004224,1210,0,1210,FastestO
query_cycle_4_12.graph,5,0.15,1667,243509.0,11524.561163522,0.9526729559748428,1667,0,1667,FastestO
query_cycle_4_12.graph,5,0.2,2039,243509.0,12482.6732211866,0.9487383496249148,2039,0,2039,FastestO
query_cycle_4_12.graph,5,0.3,2723,243509.0,12230.663666346,0.9497732582108012,2723,0,2723,FastestO
query_cycle_4_12.graph,5,0.4,3299,243509.0,12029.3446,0.9506,3127,0,3299,FastestO
query_cycle_4_12.graph,5,0.5,3790,243509.0,11566.6775,0.9525,3177,0,3790,FastestO
query_cycle_4_12.graph,5,0.6,4311,243509.0,12090.22185,0.95035,3124,0,4311,FastestO
query_cycle_4_12.graph,5,0.7,4860,243509.0,12358.08175,0.9492499999999999,3143,0,4860,FastestO
query_cycle_4_12.graph,5,0.8,5376,243509.0,12613.7662,0.9481999999999999,3151,0,5376,FastestO
query_cycle_4_12.graph,5,0.9,500,243509.0,12175.45,0.95,500,0,500,FastestO
query_cycle_4_13.graph,1,0.01,525,222241.0,1554.28884026258,0.9930062911872132,525,0,525,FastestO
query_cycle_4_13.graph,1,0.05,1476,222241.0,4756.54017857143,0.9785973777180115,1476,0,1476,FastestO
query_cycle_4_13.graph,1,0.075,1860,222241.0,5032.02460850112,0.9773578025274314,1860,0,1860,FastestO
query_cycle_4_13.graph,1,0.1,2128,222241.0,6554.18685121107,0.9705086511885248,2128,0,2128,FastestO
query_cycle_4_13.graph,1,0.15,2584,222241.0,4906.20874904067,0.9779239260575652,2584,0,2584,FastestO
query_cycle_4_13.graph,1,0.2,2957,222241.0,4563.68180333224,0.9794651670783868,2957,0,2957,FastestO
query_cycle_4_13.graph,1,0.3,3784,222241.0,4878.34690943939,0.9780492937422015,3784,0,3784,FastestO
query_cycle_4_13.graph,1,0.4,4298,222241.0,6382.20134776394,0.9712825205620748,4298,0,4298,FastestO
query_cycle_4_13.graph,1,0.5,4769,222241.0,5542.40822840929,0.9750612702948183,4769,0,4769,FastestO
query_cycle_4_13.graph,1,0.6,5235,222241.0,5077.87883531622,0.97715147594136,5235,0,5235,FastestO
query_cycle_4_13.graph,1,0.7,5651,222241.0,4981.50620036227,0.9775851161560547,5651,0,5651,FastestO
query_cycle_4_13.graph,1,0.8,6027,222241.0,5409.07580477674,0.9756612155057944,6027,0,6027,FastestO
query_cycle_4_13.graph,1,0.9,500,222241.0,4575.26570048309,0.9794130439456127,500,0,500,FastestO
query_cycle_4_13.graph,2,0.01,525,222241.0,6230.78947368421,0.9719638164259331,525,0,525,FastestO
query_cycle_4_13.graph,2,0.05,1476,222241.0,6118.96625987078,0.9724669783709091,1476,0,1476,FastestO
query_cycle_4_13.graph,2,0.075,1860,222241.0,5771.67867036011,0.974029640478759,1860,0,1860,FastestO
query_cycle_4_13.graph,2,0.1,2128,222241.0,3982.19605958674,0.9820816318339697,2128,0,2128,FastestO
query_cycle_4_13.graph,2,0.15,2584,222241.0,5600.81648225868,0.974798455360358,2584,0,2584,FastestO
query_cycle_4_13.graph,2,0.2,2957,222241.0,4160.49520766773,0.9812793534601278,2957,0,2957,FastestO
query_cycle_4_13.graph,2,0.3,3784,222241.0,6136.58747300216,0.9723876896117182,3784,0,3784,FastestO
query_cycle_4_13.graph,2,0.4,4298,222241.0,5885.48084759576,0.9735175739508203,4298,0,4298,FastestO
query_cycle_4_13.graph,2,0.5,4769,222241.0,5472.99075391181,0.9753736225362926,4769,0,4769,FastestO
query_cycle_4_13.graph,2,0.6,5235,222241.0,5958.79136243592,0.9731877045080075,5235,0,5235,FastestO
query_cycle_4_13.graph,2,0.7,5651,222241.0,4949.5573165733,0.9777288739855683,5651,0,5651,FastestO
query_cycle_4_13.graph,2,0.8,6027,222241.0,6253.26591084772,0.9718626810046403,6027,0,6027,FastestO
query_cycle_4_13.graph,2,0.9,500,222241.0,5159.63680387409,0.9767835961686903,500,0,500,FastestO
query_cycle_4_13.graph,3,0.01,525,222241.0,6472.0728929385,0.9708781327795568,525,0,525,FastestO
query_cycle_4_13.graph,3,0.05,1476,222241.0,4721.4106351551,0.9787554473065047,1476,0,1476,FastestO
query_cycle_4_13.graph,3,0.075,1860,222241.0,5989.12310286678,0.9730512232087384,1860,0,1860,FastestO
query_cycle_4_13.graph,3,0.1,2128,222241.0,5608.00568450971,0.9747661066836916,2128,0,2128,FastestO
query_cycle_4_13.graph,3,0.15,2584,222241.0,5868.02124311566,0.9735961355325271,2584,0,2584,FastestO
query_cycle_4_13.graph,3,0.2,2957,222241.0,5438.58621805241,0.9755284298664405,2957,0,2957,FastestO
query_cycle_4_13.graph,3,0.3,3784,222241.0,6107.27489849534,0.972519585051834,3784,0,3784,FastestO
query_cycle_4_13.graph,3,0.4,4298,222241.0,4474.62101198943,0.979865906776925,4298,0,4298,FastestO
query_cycle_4_13.graph,3,0.5,4769,222241.0,5237.89748201439,0.9764314528731676,4769,0,4769,FastestO
query_cycle_4_13.graph,3,0.6,5235,222241.0,5507.13288881997,0.9752199959106557,5235,0,5235,FastestO
query_cycle_4_13.graph,3,0.7,5651,222241.0,5558.60257126887,0.9749884019093288,5651,0,5651,FastestO
query_cycle_4_13.graph,3,0.8,6027,222241.0,5457.728933115,0.9754422949270611,6027,0,6027,FastestO
query_cycle_4_13.graph,3,0.9,500,222241.0,6912.99270072993,0.9688941612900863,500,0,500,FastestO
query_cycle_4_13.graph,4,0.01,525,222241.0,4662.86652078775,0.9790188735616392,525,0,525,FastestO
query_cycle_4_13.graph,4,0.05,1476,222241.0,4356.70205237084,0.9803964972603126,1476,0,1476,FastestO
query_cycle_4_13.graph,4,0.075,1860,222241.0,4179.06232763376,0.9811958084798316,1860,0,1860,FastestO
query_cycle_4_13.graph,4,0.1,2128,222241.0,5030.52407932011,0.9773645543382179,2128,0,2128,FastestO
query_cycle_4_13.graph,4,0.15,2584,222241.0,5628.87169811321,0.974672217556107,2584,0,2584,FastestO
query_cycle_4_13.graph,4,0.2,2957,222241.0,5822.2131147541,0.973802254693085,2957,0,2957,FastestO
query_cycle_4_13.graph,4,0.3,3784,222241.0,5138.48565227875,0.9768787683088235,3784,0,3784,FastestO
query_cycle_4_13.graph,4,0.4,4298,222241.0,5411.61205501618,0.9756498033440446,4298,0,4298,FastestO
query_cycle_4_13.graph,4,0.5,4769,222241.0,5385.02166064982,0.9757694500085501,4769,0,4769,FastestO
query_cycle_4_13.graph,4,0.6,5235,222241.0,5455.1925158497,0.9754537078403639,5235,0,5235,FastestO
query_cycle_4_13.graph,4,0.7,5651,222241.0,5101.3830970253,0.9770457157004094,5651,0,5651,FastestO
query_cycle_4_13.graph,4,0.8,6027,222241.0,5600.62012530367,0.9747993388919972,6027,0,6027,FastestO
query_cycle_4_13.graph,4,0.9,500,222241.0,6414.95073891626,0.9711351607537931,500,0,500,FastestO
query_cycle_4_13.graph,5,0.01,525,222241.0,3642.61538461538,0.9836096157566994,525,0,525,FastestO
query_cycle_4_13.graph,5,0.05,1476,222241.0,6199.06909090909,0.9721065460877647,1476,0,1476,FastestO
query_cycle_4_13.graph,5,0.075,1860,222241.0,4885.93976575572,0.9780151287757177,1860,0,1860,FastestO
query_cycle_4_13.graph,5,0.1,2128,222241.0,6535.53995157385,0.9705925551470077,2128,0,2128,FastestO
query_cycle_4_13.graph,5,0.15,2584,222241.0,5263.53805576488,0.9763160800402946,2584,0,2584,FastestO
query_cycle_4_13.graph,5,0.2,2957,222241.0,5684.93835171966,0.9744199389324217,2957,0,2957,FastestO
query_cycle_4_13.graph,5,0.3,3784,222241.0,5106.0164768597,0.9770248672528484,3784,0,3784,FastestO
query_cycle_4_13.graph,5,0.4,4298,222241.0,5542.63505402161,0.975060249665806,4298,0,4298,FastestO
query_cycle_4_13.graph,5,0.5,4769,222241.0,4987.6688718663,0.9775573864774443,4769,0,4769,FastestO
query_cycle_4_13.graph,5,0.6,5235,222241.0,5151.17327117327,0.9768216788478576,5235,0,5235,FastestO
query_cycle_4_13.graph,5,0.7,5651,222241.0,4943.91903409091,0.9777542441129633,5651,0,5651,FastestO
query_cycle_4_13.graph,5,0.8,6027,222241.0,4476.3077500939,0.9798583170967828,6027,0,6027,FastestO
query_cycle_4_13.graph,5,0.9,500,222241.0,2852.65060240964,0.9871641569178971,500,0,500,FastestO
query_cycle_4_14.graph,1,0.01,575,158094.0,2083.2298682284,0.986822840409956,575,0,575,FastestO
query_cycle_4_14.graph,1,0.05,1948,158094.0,3173.66790937769,0.9799254373386865,1948,0,1948,FastestO
query_cycle_4_14.graph,1,0.075,2594,158094.0,3127.75899280576,0.9802158273381295,2594,0,2594,FastestO
query_cycle_4_14.graph,1,0.1,3084,158094.0,3123.05285638014,0.980245595301655,3084,0,3084,FastestO
query_cycle_4_14.graph,1,0.15,3776,158094.0,3298.57519229069,0.9791353549641942,3776,0,3776,FastestO
query_cycle_4_14.graph,1,0.2,4282,158094.0,2999.01229129663,0.9810301953818829,4282,0,4282,FastestO
query_cycle_4_14.graph,1,0.3,5559,158094.0,2956.3578,0.9813000000000001,4961,0,5559,FastestO
query_cycle_4_14.graph,1,0.4,6359,158094.0,3446.4492,0.9782,5049,0,6359,FastestO
query_cycle_4_14.graph,1,0.5,6966,158094.0,2853.5967,0.98195,4911,0,6966,FastestO
query_cycle_4_14.graph,1,0.6,7632,158094.0,3177.6894,0.9799,4998,0,7632,FastestO
query_cycle_4_14.graph,1,0.7,8075,158094.0,3304.1646,0.9791000000000001,5000,0,8075,FastestO
query_cycle_4_14.graph,1,0.8,8466,158094.0,3233.0223,0.9795499999999999,4934,0,8466,FastestO
query_cycle_4_14.graph,1,0.9,500,158094.0,5460.93264248705,0.9654576856649395,500,0,500,FastestO
query_cycle_4_14.graph,2,0.01,575,158094.0,4337.94512195122,0.9725609756097561,575,0,575,FastestO
query_cycle_4_14.graph,2,0.05,1948,158094.0,4357.80562659847,0.9724353509519749,1948,0,1948,FastestO
query_cycle_4_14.graph,2,0.075,2594,158094.0,3433.24357192495,0.9782835302293259,2594,0,2594,FastestO
query_cycle_4_14.graph,2,0.1,3084,158094.0,3270.49265738731,0.979312986847146,3084,0,3084,FastestO
query_cycle_4_14.graph,2,0.15,3776,158094.0,3215.13510123634,0.9796631428059487,3776,0,3776,FastestO
query_cycle_4_14.graph,2,0.2,4282,158094.0,3180.17998306042,0.9798842461885939,4282,0,4282,FastestO
query_cycle_4_14.graph,2,0.3,5559,158094.0,3177.6894,0.9799,5070,0,5559,FastestO
query_cycle_4_14.graph,2,0.4,6359,158094.0,3312.0693,0.97905,4970,0,6359,FastestO
query_cycle_4_14.graph,2,0.5,6966,158094.0,2972.1672,0.9812000000000001,4973,0,6966,FastestO
query_cycle_4_14.graph,2,0.6,7632,158094.0,3319.974,0.9790000000000001,5060,0,7632,FastestO
query_cycle_4_14.graph,2,0.7,8075,158094.0,3272.5458,0.9793000000000001,4992,0,8075,FastestO
query_cycle_4_14.graph,2,0.8,8466,158094.0,3501.7821,0.9778499999999999,4989,0,8466,FastestO
query_cycle_4_14.graph,2,0.9,500,158094.0,4053.69230769231,0.9743589743589743,500,0,500,FastestO
query_cycle_4_14.graph,3,0.01,575,158094.0,3934.9897510981,0.9751098096632503,575,0,575,FastestO
query_cycle_4_14.graph,3,0.05,1948,158094.0,3300.21790105805,0.9791249642550757,1948,0,1948,FastestO
query_cycle_4_14.graph,3,0.075,2594,158094.0,2709.24459061797,0.982863077722001,2594,0,2594,FastestO
query_cycle_4_14.graph,3,0.1,3084,158094.0,3137.77523659306,0.9801524710830705,3084,0,3084,FastestO
query_cycle_4_14.graph,3,0.15,3776,158094.0,3196.72720648511,0.9797795791966482,3776,0,3776,FastestO
query_cycle_4_14.graph,3,0.2,4282,158094.0,3243.6566970091,0.9794827337090015,4282,0,4282,FastestO
query_cycle_4_14.graph,3,0.3,5559,158094.0,3256.7364,0.9794,4918,0,5559,FastestO
query_cycle_4_14.graph,3,0.4,6359,158094.0,3375.3069,0.97865,5007,0,6359,FastestO
query_cycle_4_14.graph,3,0.5,6966,158094.0,3248.8317,0.9794499999999999,5068,0,6966,FastestO
query_cycle_4_14.graph,3,0.6,7632,158094.0,3114.4518,0.9802999999999999,5003,0,7632,FastestO
query_cycle_4_14.graph,3,0.7,8075,158094.0,3122.3565,0.9802500000000001,4963,0,8075,FastestO
query_cycle_4_14.graph,3,0.8,8466,158094.0,3082.833,0.9804999999999999,4935,0,8466,FastestO
query_cycle_4_14.graph,3,0.9,500,158094.0,2461.67128027682,0.9844290657439446,500,0,500,FastestO
query_cycle_4_14.graph,4,0.01,575,158094.0,2324.91176470588,0.9852941176470589,575,0,575,FastestO
query_cycle_4_14.graph,4,0.05,1948,158094.0,3042.77701402255,0.9807533681605719,1948,0,1948,FastestO
query_cycle_4_14.graph,4,0.075,2594,158094.0,3010.5251572327,0.9809573724668064,2594,0,2594,FastestO
query_cycle_4_14.graph,4,0.1,3084,158094.0,3150.38535074727,0.9800727076881649,3084,0,3084,FastestO
query_cycle_4_14.graph,4,0.15,3776,158094.0,3247.90560799556,0.9794558578567463,3776,0,3776,FastestO
query_cycle_4_14.graph,4,0.2,4282,158094.0,3274.59743553614,0.9792870226856417,4282,0,4282,FastestO
query_cycle_4_14.graph,4,0.3,5559,158094.0,3225.1176,0.9796,5065,0,5559,FastestO
query_cycle_4_14.graph,4,0.4,6359,158094.0,3011.6907,0.98095,4968,0,6359,FastestO
query_cycle_4_14.graph,4,0.5,6966,158094.0,3304.1646,0.9791000000000001,4933,0,6966,FastestO
query_cycle_4_14.graph,4,0.6,7632,158094.0,3177.6894,0.9799,4929,0,7632,FastestO
query_cycle_4_14.graph,4,0.7,8075,158094.0,2948.4531,0.9813499999999999,4896,0,8075,FastestO
query_cycle_4_14.graph,4,0.8,8466,158094.0,3114.4518,0.9802999999999999,4998,0,8466,FastestO
query_cycle_4_14.graph,4,0.9,500,158094.0,3003.51295336788,0.9810017271157168,500,0,500,FastestO
query_cycle_4_14.graph,5,0.01,575,158094.0,3026.83652430044,0.9808541973490427,575,0,575,FastestO
query_cycle_4_14.graph,5,0.05,1948,158094.0,2756.69028508165,0.9825629670633822,1948,0,1948,FastestO
query_cycle_4_14.graph,5,0.075,2594,158094.0,3137.01001072578,0.9801573114050768,2594,0,2594,FastestO
query_cycle_4_14.graph,5,0.1,3084,158094.0,3231.02811767769,0.9795626139026296,3084,0,3084,FastestO
query_cycle_4_14.graph,5,0.15,3776,158094.0,3427.31457564576,0.9783210332103321,3776,0,3776,FastestO
query_cycle_4_14.graph,5,0.2,4282,158094.0,3040.47880333632,0.9807679051492383,4282,0,4282,FastestO
query_cycle_4_14.graph,5,0.3,5559,158094.0,3493.8774,0.9779,4974,0,5559,FastestO
query_cycle_4_14.graph,5,0.4,6359,158094.0,3240.927,0.9795,4959,0,6359,FastestO
query_cycle_4_14.graph,5,0.5,6966,158094.0,3011.6907,0.98095,4999,0,6966,FastestO
query_cycle_4_14.graph,5,0.6,7632,158094.0,2956.3578,0.9813000000000001,5057,0,7632,FastestO
query_cycle_4_14.graph,5,0.7,8075,158094.0,2948.4531,0.9813499999999999,5002,0,8075,FastestO
query_cycle_4_14.graph,5,0.8,8466,158094.0,2932.6437,0.98145,4918,0,8466,FastestO
query_cycle_4_14.graph,5,0.9,500,158094.0,3611.98945518453,0.9771528998242531,500,0,500,FastestO
query_cycle_4_15.graph,1,0.01,512,222241.0,7092.18894009217,0.968087846346569,512,0,512,FastestO
query_cycle_4_15.graph,1,0.05,1476,222241.0,4546.5435745938,0.9795422825914489,1476,0,1476,FastestO
query_cycle_4_15.graph,1,0.075,1785,222241.0,7711.44752714113,0.9653014181580305,1785,0,1785,FastestO
query_cycle_4_15.graph,1,0.1,2061,222241.0,5162.83468559838,0.9767692069168228,2061,0,2061,FastestO
query_cycle_4_15.graph,1,0.15,2549,222241.0,6649.79034810127,0.970078471802677,2549,0,2549,FastestO
query_cycle_4_15.graph,1,0.2,2880,222241.0,5557.98122065728,0.9749911977508323,2880,0,2880,FastestO
query_cycle_4_15.graph,1,0.3,3678,222241.0,6084.65818363273,0.9726213516694366,3678,0,3678,FastestO
query_cycle_4_15.graph,1,0.4,4228,222241.0,5166.427680798,0.9767530398045455,4228,0,4228,FastestO
query_cycle_4_15.graph,1,0.5,4691,222241.0,5153.76440460947,0.97681001973259,4691,0,4691,FastestO
query_cycle_4_15.graph,1,0.6,5211,222241.0,5505.41978776529,0.97522770421405,5211,0,5211,FastestO
query_cycle_4_15.graph,1,0.7,5588,222241.0,5093.66589662143,0.9770804401680094,5588,0,5588,FastestO
query_cycle_4_15.graph,1,0.8,5958,222241.0,5301.50302406383,0.9761452521179088,5958,0,5958,FastestO
query_cycle_4_15.graph,1,0.9,500,222241.0,3918.17966903073,0.982369681251296,500,0,500,FastestO
query_cycle_4_15.graph,2,0.01,512,222241.0,3845.4524361949,0.9826969261468635,512,0,512,FastestO
query_cycle_4_15.graph,2,0.05,1476,222241.0,6529.21625544267,0.9706210093752158,1476,0,1476,FastestO
query_cycle_4_15.graph,2,0.075,1785,222241.0,6204.81238832639,0.9720807034330912,1785,0,1785,FastestO
query_cycle_4_15.graph,2,0.1,2061,222241.0,6021.61749745677,0.972905010788033,2061,0,2061,FastestO
query_cycle_4_15.graph,2,0.15,2549,222241.0,6303.97807361002,0.9716344955538806,2549,0,2549,FastestO
query_cycle_4_15.graph,2,0.2,2880,222241.0,4854.41137566138,0.9781569945434848,2880,0,2880,FastestO
query_cycle_4_15.graph,2,0.3,3678,222241.0,5610.663507109,0.9747541474925463,3678,0,3678,FastestO
query_cycle_4_15.graph,2,0.4,4228,222241.0,5372.25660066007,0.9758268879250001,4228,0,4228,FastestO
query_cycle_4_15.graph,2,0.5,4691,222241.0,5529.02820190408,0.9751214753267665,4691,0,4691,FastestO
query_cycle_4_15.graph,2,0.6,5211,222241.0,5433.21729628473,0.9755525879730349,5211,0,5211,FastestO
query_cycle_4_15.graph,2,0.7,5588,222241.0,5307.38006853227,0.9761188076523581,5588,0,5588,FastestO
query_cycle_4_15.graph,2,0.8,5958,222241.0,4870.66168763103,0.9780838743182806,5958,0,5958,FastestO
query_cycle_4_15.graph,2,0.9,500,222241.0,10195.8373205742,0.9541226086969814,500,0,500,FastestO
query_cycle_4_15.graph,3,0.01,512,222241.0,6592.20417633411,0.9703375876803375,512,0,512,FastestO
query_cycle_4_15.graph,3,0.05,1476,222241.0,4553.26923076923,0.9795120196958742,1476,0,1476,FastestO
query_cycle_4_15.graph,3,0.075,1785,222241.0,5676.94152046784,0.9744559216325168,1785,0,1785,FastestO
query_cycle_4_15.graph,3,0.1,2061,222241.0,4844.09680638723,0.978203406183435,2061,0,2061,FastestO
query_cycle_4_15.graph,3,0.15,2549,222241.0,5827.6061929337,0.9737779878918215,2549,0,2549,FastestO
query_cycle_4_15.graph,3,0.2,2880,222241.0,4741.72229639519,0.9786640525537809,2880,0,2880,FastestO
query_cycle_4_15.graph,3,0.3,3678,222241.0,4072.2113022113,0.9816765974675631,3678,0,3678,FastestO
query_cycle_4_15.graph,3,0.4,4228,222241.0,5182.92569985266,0.9766788049916412,4228,0,4228,FastestO
query_cycle_4_15.graph,3,0.5,4691,222241.0,5157.28262810212,0.9767941890645645,4691,0,4691,FastestO
query_cycle_4_15.graph,3,0.6,5211,222241.0,5069.38287153652,0.9771897045480513,5211,0,5211,FastestO
query_cycle_4_15.graph,3,0.7,5588,222241.0,5114.25891715219,0.9769877794054554,5588,0,5588,FastestO
query_cycle_4_15.graph,3,0.8,5958,222241.0,5037.65957446809,0.9773324473230948,5958,0,5958,FastestO
query_cycle_4_15.graph,3,0.9,500,222241.0,4488.5308056872,0.9798033179940371,500,0,500,FastestO
query_cycle_4_15.graph,4,0.01,512,222241.0,4990.46838407494,0.9775447897369299,512,0,512,FastestO
query_cycle_4_15.graph,4,0.05,1476,222241.0,4821.49818181818,0.9783050914015948,1476,0,1476,FastestO
query_cycle_4_15.graph,4,0.075,1785,222241.0,6099.46135831382,0.9725547430118033,1785,0,1785,FastestO
query_cycle_4_15.graph,4,0.1,2061,222241.0,6921.70362903226,0.9688549654247766,2061,0,2061,FastestO
query_cycle_4_15.graph,4,0.15,2549,222241.0,4388.01544401544,0.9802555989038231,2549,0,2549,FastestO
query_cycle_4_15.graph,4,0.2,2880,222241.0,5066.29220996322,0.9772036113500064,2880,0,2880,FastestO
query_cycle_4_15.graph,4,0.3,3678,222241.0,5451.16116116116,0.9754718474036691,3678,0,3678,FastestO
query_cycle_4_15.graph,4,0.4,4228,222241.0,5237.39983305509,0.9764336921042692,4228,0,4228,FastestO
query_cycle_4_15.graph,4,0.5,4691,222241.0,5442.0261669024,0.9755129514045455,4691,0,4691,FastestO
query_cycle_4_15.graph,4,0.6,5211,222241.0,5251.5525982256,0.9763700100421363,5211,0,5211,FastestO
query_cycle_4_15.graph,4,0.7,5588,222241.0,5348.41007819288,0.9759341882092283,5588,0,5588,FastestO
query_cycle_4_15.graph,4,0.8,5958,222241.0,4255.01497590832,0.9808540504411503,5958,0,5958,FastestO
query_cycle_4_15.graph,4,0.9,500,222241.0,2880.41362530414,0.9870392338708692,500,0,500,FastestO
query_cycle_4_15.graph,5,0.01,512,222241.0,7075.88505747126,0.9681612076193356,512,0,512,FastestO
query_cycle_4_15.graph,5,0.05,1476,222241.0,5453.09806835067,0.9754631320577631,1476,0,1476,FastestO
query_cycle_4_15.graph,5,0.075,1785,222241.0,5684.75390156062,0.9744207688880062,1785,0,1785,FastestO
query_cycle_4_15.graph,5,0.1,2061,222241.0,4234.33681073025,0.9809470943222436,2061,0,2061,FastestO
query_cycle_4_15.graph,5,0.15,2549,222241.0,5639.58219445529,0.9746240243948898,2549,0,2549,FastestO
query_cycle_4_15.graph,5,0.2,2880,222241.0,5711.0351758794,0.9743025131461819,2880,0,2880,FastestO
query_cycle_4_15.graph,5,0.3,3678,222241.0,5977.2818627451,0.9731045042870349,3678,0,3678,FastestO
query_cycle_4_15.graph,5,0.4,4228,222241.0,5381.13636363636,0.9757869323678513,4228,0,4228,FastestO
query_cycle_4_15.graph,5,0.5,4691,222241.0,5816.60404624277,0.9738274933687179,4691,0,4691,FastestO
query_cycle_4_15.graph,5,0.6,5211,222241.0,5198.76849642005,0.9766075184308023,5211,0,5211,FastestO
query_cycle_4_15.graph,5,0.7,5588,222241.0,5150.08192090395,0.9768265895091186,5588,0,5588,FastestO
query_cycle_4_15.graph,5,0.8,5958,222241.0,5648.52642678265,0.9745837787501737,5958,0,5958,FastestO
query_cycle_4_15.graph,5,0.9,500,222241.0,4488.5308056872,0.9798033179940371,500,0,500,FastestO
query_cycle_4_16.graph,1,0.01,140,397653.0,4518.78409090909,0.9886363636363635,140,0,140,FastestO
query_cycle_4_16.graph,1,0.05,575,397653.0,15184.8400954654,0.9618138424821002,575,0,575,FastestO
query_cycle_4_16.graph,1,0.075,831,397653.0,18720.6769480519,0.9529220779220779,831,0,831,FastestO
query_cycle_4_16.graph,1,0.1,1104,397653.0,21245.1080139373,0.9465737514518001,1104,0,1104,FastestO
query_cycle_4_16.graph,1,0.15,1551,397653.0,15845.1770114943,0.9601532567049809,1551,0,1551,FastestO
query_cycle_4_16.graph,1,0.2,1887,397653.0,19102.2530755712,0.9519625073227886,1887,0,1887,FastestO
query_cycle_4_16.graph,1,0.3,2657,397653.0,17864.1425539441,0.9550760523523169,2657,0,2657,FastestO
query_cycle_4_16.graph,1,0.4,3369,397653.0,17917.6482449589,0.9549414986308189,3369,0,3369,FastestO
query_cycle_4_16.graph,1,0.5,3989,397653.0,17108.9295958279,0.9569752281616689,3989,0,3989,FastestO
query_cycle_4_16.graph,1,0.6,4601,397653.0,18096.1600756034,0.9544925850537946,4601,0,4601,FastestO
query_cycle_4_16.graph,1,0.7,5187,397653.0,17750.8122538293,0.9553610503282276,5187,0,5187,FastestO
query_cycle_4_16.graph,1,0.8,5762,397653.0,17646.8936577365,0.955622380171314,5762,0,5762,FastestO
query_cycle_4_16.graph,1,0.9,500,397653.0,12497.6657142857,0.9685714285714286,500,0,500,FastestO
query_cycle_4_16.graph,2,0.01,140,397653.0,27112.7045454545,0.9318181818181819,140,0,140,FastestO
query_cycle_4_16.graph,2,0.05,575,397653.0,16881.4952830189,0.9575471698113208,575,0,575,FastestO
query_cycle_4_16.graph,2,0.075,831,397653.0,14799.3834951456,0.9627831715210355,831,0,831,FastestO
query_cycle_4_16.graph,2,0.1,1104,397653.0,18757.2169811321,0.9528301886792454,1104,0,1104,FastestO
query_cycle_4_16.graph,2,0.15,1551,397653.0,17552.4155251142,0.9558599695585996,1551,0,1551,FastestO
query_cycle_4_16.graph,2,0.2,1887,397653.0,15066.0723306544,0.9621125143513203,1887,0,1887,FastestO
query_cycle_4_16.graph,2,0.3,2657,397653.0,18844.0041044776,0.9526119402985075,2657,0,2657,FastestO
query_cycle_4_16.graph,2,0.4,3369,397653.0,19124.6022925492,0.9519063045103414,3369,0,3369,FastestO
query_cycle_4_16.graph,2,0.5,3989,397653.0,17744.5742501829,0.9553767373811265,3989,0,3989,FastestO
query_cycle_4_16.graph,2,0.6,4601,397653.0,17729.0277222063,0.9554158330951701,4601,0,4601,FastestO
query_cycle_4_16.graph,2,0.7,5187,397653.0,17589.3544232923,0.9557670772676372,5187,0,5187,FastestO
query_cycle_4_16.graph,2,0.8,5762,397653.0,17020.450338394,0.9571977318456191,5762,0,5762,FastestO
query_cycle_4_16.graph,2,0.9,500,397653.0,17289.2608695652,0.9565217391304348,500,0,500,FastestO
query_cycle_4_16.graph,3,0.01,140,397653.0,17673.4666666667,0.9555555555555555,140,0,140,FastestO
query_cycle_4_16.graph,3,0.05,575,397653.0,17849.7605985037,0.9551122194513716,575,0,575,FastestO
query_cycle_4_16.graph,3,0.075,831,397653.0,16191.0830618893,0.9592833876221498,831,0,831,FastestO
query_cycle_4_16.graph,3,0.1,1104,397653.0,15066.0723306544,0.9621125143513203,1104,0,1104,FastestO
query_cycle_4_16.graph,3,0.15,1551,397653.0,20177.5526932084,0.9492583918813426,1551,0,1551,FastestO
query_cycle_4_16.graph,3,0.2,1887,397653.0,19859.8226176808,0.9500574052812859,1887,0,1887,FastestO
query_cycle_4_16.graph,3,0.3,2657,397653.0,17667.030589949,0.9555717407137655,2657,0,2657,FastestO
query_cycle_4_16.graph,3,0.4,3369,397653.0,16266.227682017,0.9590944172883973,3369,0,3369,FastestO
query_cycle_4_16.graph,3,0.5,3989,397653.0,18136.9669327252,0.9543899657924743,3989,0,3989,FastestO
query_cycle_4_16.graph,3,0.6,4601,397653.0,17707.4727872457,0.9554700384826827,4601,0,4601,FastestO
query_cycle_4_16.graph,3,0.7,5187,397653.0,18349.7726505346,0.9538548114800225,5187,0,5187,FastestO
query_cycle_4_16.graph,3,0.8,5762,397653.0,16913.105751226,0.9574676772180116,5762,0,5762,FastestO
query_cycle_4_16.graph,3,0.9,500,397653.0,15339.7299703264,0.9614243323442137,500,0,500,FastestO
query_cycle_4_16.graph,4,0.01,140,397653.0,26808.0674157303,0.9325842696629214,140,0,140,FastestO
query_cycle_4_16.graph,4,0.05,575,397653.0,17629.9359605911,0.9556650246305419,575,0,575,FastestO
query_cycle_4_16.graph,4,0.075,831,397653.0,14246.1355140187,0.9641744548286604,831,0,831,FastestO
query_cycle_4_16.graph,4,0.1,1104,397653.0,16892.2629161883,0.9575200918484501,1104,0,1104,FastestO
query_cycle_4_16.graph,4,0.15,1551,397653.0,16517.8938461538,0.9584615384615384,1551,0,1551,FastestO
query_cycle_4_16.graph,4,0.2,1887,397653.0,19666.794933655,0.9505428226779252,1887,0,1887,FastestO
query_cycle_4_16.graph,4,0.3,2657,397653.0,15120.4232409382,0.9619758351101635,2657,0,2657,FastestO
query_cycle_4_16.graph,4,0.4,3369,397653.0,20998.5130102041,0.9471938775510205,3369,0,3369,FastestO
query_cycle_4_16.graph,4,0.5,3989,397653.0,17299.0288135593,0.9564971751412429,3989,0,3989,FastestO
query_cycle_4_16.graph,4,0.6,4601,397653.0,16550.1107021518,0.9583805209513023,4601,0,4601,FastestO
query_cycle_4_16.graph,4,0.7,5187,397653.0,17691.1578244912,0.9555110666221778,5187,0,5187,FastestO
query_cycle_4_16.graph,4,0.8,5762,397653.0,17007.9871424823,0.9572290737339281,5762,0,5762,FastestO
query_cycle_4_16.graph,4,0.9,500,397653.0,14854.8534482759,0.9626436781609194,500,0,500,FastestO
query_cycle_4_16.graph,5,0.01,140,397653.0,31276.0786516854,0.9213483146067416,140,0,140,FastestO
query_cycle_4_16.graph,5,0.05,575,397653.0,13382.5528846154,0.9663461538461539,575,0,575,FastestO
query_cycle_4_16.graph,5,0.075,831,397653.0,14425.8974763407,0.9637223974763407,831,0,831,FastestO
query_cycle_4_16.graph,5,0.1,1104,397653.0,17887.5051903114,0.9550173010380623,1104,0,1104,FastestO
query_cycle_4_16.graph,5,0.15,1551,397653.0,15798.8073463268,0.9602698650674663,1551,0,1551,FastestO
query_cycle_4_16.graph,5,0.2,1887,397653.0,17436.9481776765,0.9561503416856492,1887,0,1887,FastestO
query_cycle_4_16.graph,5,0.3,2657,397653.0,19270.7679518925,0.9515387336399009,2657,0,2657,FastestO
query_cycle_4_16.graph,5,0.4,3369,397653.0,16618.9320241692,0.9582074521651561,3369,0,3369,FastestO
query_cycle_4_16.graph,5,0.5,3989,397653.0,17024.677536892,0.9571871014756786,3989,0,3989,FastestO
query_cycle_4_16.graph,5,0.6,4601,397653.0,17194.2511930586,0.956760665220535,4601,0,4601,FastestO
query_cycle_4_16.graph,5,0.7,5187,397653.0,17169.222607941,0.9568236059882839,5187,0,5187,FastestO
query_cycle_4_16.graph,5,0.8,5762,397653.0,17871.2319868996,0.9550582241630277,5762,0,5762,FastestO
query_cycle_4_16.graph,5,0.9,500,397653.0,18335.5850144092,0.9538904899135447,500,0,500,FastestO
query_cycle_4_17.graph,1,0.01,573,153514.0,1996.56936416185,0.9869942196531792,573,0,573,FastestO
query_cycle_4_17.graph,1,0.05,1895,153514.0,3144.26265060241,0.9795180722891567,1895,0,1895,FastestO
query_cycle_4_17.graph,1,0.075,2580,153514.0,3364.46187284912,0.9780836804926644,2580,0,2580,FastestO
query_cycle_4_17.graph,1,0.1,3099,153514.0,3154.25128418714,0.9794530056920728,3099,0,3099,FastestO
query_cycle_4_17.graph,1,0.15,3820,153514.0,3615.26320650166,0.9764499445881049,3820,0,3820,FastestO
query_cycle_4_17.graph,1,0.2,4409,153514.0,3246.73761246139,0.9788505438431584,4409,0,4409,FastestO
query_cycle_4_17.graph,1,0.3,5728,153514.0,3323.5781,0.9783499999999999,5074,0,5728,FastestO
query_cycle_4_17.graph,1,0.4,6574,153514.0,3338.9295,0.9782500000000001,5116,0,6574,FastestO
query_cycle_4_17.graph,1,0.5,7217,153514.0,3500.1192,0.9772000000000001,5116,0,7217,FastestO
query_cycle_4_17.graph,1,0.6,7854,153514.0,3200.7669,0.9791500000000001,5136,0,7854,FastestO
query_cycle_4_17.graph,1,0.7,8352,153514.0,3415.6865,0.9777499999999999,5107,0,8352,FastestO
query_cycle_4_17.graph,1,0.8,8750,153514.0,3423.3622,0.9777,5117,0,8750,FastestO
query_cycle_4_17.graph,1,0.9,500,153514.0,3551.03558718861,0.9768683274021353,500,0,500,FastestO
query_cycle_4_17.graph,2,0.01,573,153514.0,3542.63076923077,0.9769230769230769,573,0,573,FastestO
query_cycle_4_17.graph,2,0.05,1895,153514.0,2888.70430107527,0.9811827956989246,1895,0,1895,FastestO
query_cycle_4_17.graph,2,0.075,2580,153514.0,3605.02544031311,0.9765166340508807,2580,0,2580,FastestO
query_cycle_4_17.graph,2,0.1,3099,153514.0,3440.14803748472,0.9775906559826157,3099,0,3099,FastestO
query_cycle_4_17.graph,2,0.15,3820,153514.0,3080.96066363393,0.9799304254749799,3820,0,3820,FastestO
query_cycle_4_17.graph,2,0.2,4409,153514.0,3234.71115013169,0.9789288849868306,4409,0,4409,FastestO
query_cycle_4_17.graph,2,0.3,5728,153514.0,3361.9566,0.9781,5100,0,5728,FastestO
query_cycle_4_17.graph,2,0.4,6574,153514.0,2978.1716,0.9806,5107,0,6574,FastestO
query_cycle_4_17.graph,2,0.5,7217,153514.0,3461.7407,0.97745,5078,0,7217,FastestO
query_cycle_4_17.graph,2,0.6,7854,153514.0,3277.5239,0.97865,5081,0,7854,FastestO
query_cycle_4_17.graph,2,0.7,8352,153514.0,3561.5248,0.9767999999999999,5116,0,8352,FastestO
query_cycle_4_17.graph,2,0.8,8750,153514.0,3461.7407,0.97745,5135,0,8750,FastestO
query_cycle_4_17.graph,2,0.9,500,153514.0,2881.66211604096,0.9812286689419796,500,0,500,FastestO
query_cycle_4_17.graph,3,0.01,573,153514.0,4623.9156626506,0.9698795180722891,573,0,573,FastestO
query_cycle_4_17.graph,3,0.05,1895,153514.0,2997.4196455392,0.9804746170021028,1895,0,1895,FastestO
query_cycle_4_17.graph,3,0.075,2580,153514.0,4050.27712177122,0.9736162361623616,2580,0,2580,FastestO
query_cycle_4_17.graph,3,0.1,3099,153514.0,3957.39634801289,0.9742212674543501,3099,0,3099,FastestO
query_cycle_4_17.graph,3,0.15,3820,153514.0,3174.21445562672,0.9793229643183898,3820,0,3820,FastestO
query_cycle_4_17.graph,3,0.2,4409,153514.0,3479.15804251905,0.9773365423184918,4409,0,4409,FastestO
query_cycle_4_17.graph,3,0.3,5728,153514.0,3477.0921,0.9773499999999999,5066,0,5728,FastestO
query_cycle_4_17.graph,3,0.4,6574,153514.0,3170.0641,0.9793500000000001,5120,0,6574,FastestO
query_cycle_4_17.graph,3,0.5,7217,153514.0,3300.551,0.9784999999999999,5054,0,7217,FastestO
query_cycle_4_17.graph,3,0.6,7854,153514.0,3423.3622,0.9777,5154,0,7854,FastestO
query_cycle_4_17.graph,3,0.7,8352,153514.0,3423.3622,0.9777,5160,0,8352,FastestO
query_cycle_4_17.graph,3,0.8,8750,153514.0,3392.6594,0.9779,5121,0,8750,FastestO
query_cycle_4_17.graph,3,0.9,500,153514.0,2936.78956521739,0.9808695652173913,500,0,500,FastestO
query_cycle_4_17.graph,4,0.01,573,153514.0,4087.65088757396,0.9733727810650888,573,0,573,FastestO
query_cycle_4_17.graph,4,0.05,1895,153514.0,2762.58516909711,0.9820043437790877,1895,0,1895,FastestO
query_cycle_4_17.graph,4,0.075,2580,153514.0,3558.27152317881,0.9768211920529801,2580,0,2580,FastestO
query_cycle_4_17.graph,4,0.1,3099,153514.0,3663.11519473395,0.976138233680746,3099,0,3099,FastestO
query_cycle_4_17.graph,4,0.15,3820,153514.0,3672.72264775414,0.9760756501182034,3820,0,3820,FastestO
query_cycle_4_17.graph,4,0.2,4409,153514.0,3511.03653624856,0.9771288837744533,4409,0,4409,FastestO
query_cycle_4_17.graph,4,0.3,5728,153514.0,3837.85,0.975,5173,0,5728,FastestO
query_cycle_4_17.graph,4,0.4,6574,153514.0,3438.7136,0.9776,5153,0,6574,FastestO
query_cycle_4_17.graph,4,0.5,7217,153514.0,3492.4435,0.9772500000000001,5143,0,7217,FastestO
query_cycle_4_17.graph,4,0.6,7854,153514.0,3093.3071,0.97985,5118,0,7854,FastestO
query_cycle_4_17.graph,4,0.7,8352,153514.0,3338.9295,0.9782500000000001,5050,0,8352,FastestO
query_cycle_4_17.graph,4,0.8,8750,153514.0,3423.3622,0.9777,5103,0,8750,FastestO
query_cycle_4_17.graph,4,0.9,500,153514.0,4018.69109947644,0.9738219895287957,500,0,500,FastestO
query_cycle_4_17.graph,5,0.01,573,153514.0,3510.22865853659,0.9771341463414633,573,0,573,FastestO
query_cycle_4_17.graph,5,0.05,1895,153514.0,3745.38578835011,0.975602317779811,1895,0,1895,FastestO
query_cycle_4_17.graph,5,0.075,2580,153514.0,3411.42222222222,0.9777777777777777,2580,0,2580,FastestO
query_cycle_4_17.graph,5,0.1,3099,153514.0,3577.74390570587,0.9766943477096169,3099,0,3099,FastestO
query_cycle_4_17.graph,5,0.15,3820,153514.0,3581.70793827849,0.9766685257482802,3820,0,3820,FastestO
query_cycle_4_17.graph,5,0.2,4409,153514.0,3173.44273112922,0.9793279913810519,4409,0,4409,FastestO
query_cycle_4_17.graph,5,0.3,5728,153514.0,3361.9566,0.9781,5107,0,5728,FastestO
query_cycle_4_17.graph,5,0.4,6574,153514.0,3246.8211,0.97885,5090,0,6574,FastestO
query_cycle_4_17.graph,5,0.5,7217,153514.0,3277.5239,0.97865,5138,0,7217,FastestO
query_cycle_4_17.graph,5,0.6,7854,153514.0,3070.28,0.98,5077,0,7854,FastestO
query_cycle_4_17.graph,5,0.7,8352,153514.0,3308.2267,0.97845,5052,0,8352,FastestO
query_cycle_4_17.graph,5,0.8,8750,153514.0,3553.8491,0.97685,5071,0,8750,FastestO
query_cycle_4_17.graph,5,0.9,500,153514.0,3907.62909090909,0.9745454545454546,500,0,500,FastestO
query_cycle_4_18.graph,1,0.01,514,230398.0,5791.15294117647,0.9748645693921976,514,0,514,FastestO
query_cycle_4_18.graph,1,0.05,1510,230398.0,7075.43326488706,0.9692903876557649,1510,0,1510,FastestO
query_cycle_4_18.graph,1,0.075,1887,230398.0,6237.30359858084,0.9729281347989963,1887,0,1887,FastestO
query_cycle_4_18.graph,1,0.1,2159,230398.0,6941.95897435897,0.9698697081816727,2159,0,2159,FastestO
query_cycle_4_18.graph,1,0.15,2626,230398.0,6071.05866666667,0.9736496902461537,2626,0,2626,FastestO
query_cycle_4_18.graph,1,0.2,3021,230398.0,6515.66524338173,0.9717199574502308,3021,0,3021,FastestO
query_cycle_4_18.graph,1,0.3,3840,230398.0,5941.94014365523,0.9742101053669944,3840,0,3840,FastestO
query_cycle_4_18.graph,1,0.4,4340,230398.0,5869.93752099429,0.9745226194628673,4340,0,4340,FastestO
query_cycle_4_18.graph,1,0.5,4868,230398.0,6776.57973445143,0.9705875062524352,4868,0,4868,FastestO
query_cycle_4_18.graph,1,0.6,5351,230398.0,6358.20333333333,0.9724033918118502,5351,0,5351,FastestO
query_cycle_4_18.graph,1,0.7,5783,230398.0,6090.21194190425,0.9735665589896429,5783,0,5783,FastestO
query_cycle_4_18.graph,1,0.8,6125,230398.0,6086.27036462374,0.9735836666784271,6125,0,6125,FastestO
query_cycle_4_18.graph,1,0.9,500,230398.0,4006.66976744186,0.9826097892887878,500,0,500,FastestO
query_cycle_4_18.graph,2,0.01,514,230398.0,5568.41628959276,0.9758313167232668,514,0,514,FastestO
query_cycle_4_18.graph,2,0.05,1510,230398.0,5411.12058627582,0.9765140296952411,1510,0,1510,FastestO
query_cycle_4_18.graph,2,0.075,1887,230398.0,6362.04967055246,0.9723866974949763,1887,0,1887,FastestO
query_cycle_4_18.graph,2,0.1,2159,230398.0,7116.57473309609,0.9691118207054918,2159,0,2159,FastestO
query_cycle_4_18.graph,2,0.15,2626,230398.0,5158.2874251497,0.9776114053717927,2626,0,2626,FastestO
query_cycle_4_18.graph,2,0.2,3021,230398.0,5835.28535139712,0.974673020810089,3021,0,3021,FastestO
query_cycle_4_18.graph,2,0.3,3840,230398.0,6340.78730420445,0.9724789828722278,3840,0,3840,FastestO
query_cycle_4_18.graph,2,0.4,4340,230398.0,6228.88476463641,0.9729646751940711,4340,0,4340,FastestO
query_cycle_4_18.graph,2,0.5,4868,230398.0,6174.90403968816,0.9731989685687888,4868,0,4868,FastestO
query_cycle_4_18.graph,2,0.6,5351,230398.0,5510.46109161322,0.9760828605647045,5351,0,5351,FastestO
query_cycle_4_18.graph,2,0.7,5783,230398.0,6288.42043984476,0.9727062715828925,5783,0,5783,FastestO
query_cycle_4_18.graph,2,0.8,6125,230398.0,5166.49374199271,0.9775757873679776,6125,0,6125,FastestO
query_cycle_4_18.graph,2,0.9,500,230398.0,5737.15617715618,0.9750989323815478,500,0,500,FastestO
query_cycle_4_18.graph,3,0.01,514,230398.0,7238.94117647059,0.9685807117402468,514,0,514,FastestO
query_cycle_4_18.graph,3,0.05,1510,230398.0,5970.66307277628,0.9740854387938425,1510,0,1510,FastestO
query_cycle_4_18.graph,3,0.075,1887,230398.0,5699.15562735595,0.975263866755111,1887,0,1887,FastestO
query_cycle_4_18.graph,3,0.1,2159,230398.0,6188.38464931628,0.9731404584704889,2159,0,2159,FastestO
query_cycle_4_18.graph,3,0.15,2626,230398.0,6286.90921643079,0.9727128307692307,2626,0,2626,FastestO
query_cycle_4_18.graph,3,0.2,3021,230398.0,5528.51748649417,0.9760044901149568,3021,0,3021,FastestO
query_cycle_4_18.graph,3,0.3,3840,230398.0,5569.99151343706,0.9758244797548717,3840,0,3840,FastestO
query_cycle_4_18.graph,3,0.4,4340,230398.0,5445.22123893805,0.9763660221054955,4340,0,4340,FastestO
query_cycle_4_18.graph,3,0.5,4868,230398.0,6293.74228571429,0.9726831730930204,4868,0,4868,FastestO
query_cycle_4_18.graph,3,0.6,5351,230398.0,6368.17912675706,0.972360093721486,5351,0,5351,FastestO
query_cycle_4_18.graph,3,0.7,5783,230398.0,5720.04911203683,0.97517318244066,5783,0,5783,FastestO
query_cycle_4_18.graph,3,0.8,6125,230398.0,6269.77437272553,0.9727872013961686,6125,0,6125,FastestO
query_cycle_4_18.graph,3,0.9,500,230398.0,5930.69879518072,0.9742588963655036,500,0,500,FastestO
query_cycle_4_18.graph,4,0.01,514,230398.0,5671.0599078341,0.9753858110407464,514,0,514,FastestO
query_cycle_4_18.graph,4,0.05,1510,230398.0,6906.97056810404,0.9700215689020563,1510,0,1510,FastestO
query_cycle_4_18.graph,4,0.075,1887,230398.0,5280.52537938252,0.9770808540899552,1887,0,1887,FastestO
query_cycle_4_18.graph,4,0.1,2159,230398.0,7004.82276843467,0.9695968594847408,2159,0,2159,FastestO
query_cycle_4_18.graph,4,0.15,2626,230398.0,5665.91698639693,0.9754081329421395,2626,0,2626,FastestO
query_cycle_4_18.graph,4,0.2,3021,230398.0,5201.26796280642,0.9774248562799746,3021,0,3021,FastestO
query_cycle_4_18.graph,4,0.3,3840,230398.0,5554.27926657264,0.9758926758627564,3840,0,3840,FastestO
query_cycle_4_18.graph,4,0.4,4340,230398.0,5673.36677966102,0.9753757984893054,4340,0,4340,FastestO
query_cycle_4_18.graph,4,0.5,4868,230398.0,5623.93851267138,0.9755903327603912,4868,0,4868,FastestO
query_cycle_4_18.graph,4,0.6,5351,230398.0,6277.59558553035,0.9727532548653618,5351,0,5351,FastestO
query_cycle_4_18.graph,4,0.7,5783,230398.0,6337.72656846699,0.9724922674308502,5783,0,5783,FastestO
query_cycle_4_18.graph,4,0.8,6125,230398.0,5184.32420889148,0.9774983975169425,6125,0,6125,FastestO
query_cycle_4_18.graph,4,0.9,500,230398.0,3619.47058823529,0.9842903558701235,500,0,500,FastestO
query_cycle_4_18.graph,5,0.01,514,230398.0,5518.47533632287,0.9760480762145379,514,0,514,FastestO
query_cycle_4_18.graph,5,0.05,1510,230398.0,5946.62013422819,0.9741897927315853,1510,0,1510,FastestO
query_cycle_4_18.graph,5,0.075,1887,230398.0,6662.38833940656,0.9710831329290769,1887,0,1887,FastestO
query_cycle_4_18.graph,5,0.1,2159,230398.0,4840.72552447552,0.9789897241969308,2159,0,2159,FastestO
query_cycle_4_18.graph,5,0.15,2626,230398.0,5427.39191446709,0.9764434069980334,2626,0,2626,FastestO
query_cycle_4_18.graph,5,0.2,3021,230398.0,5653.26834733894,0.9754630320257166,3021,0,3021,FastestO
query_cycle_4_18.graph,5,0.3,3840,230398.0,5686.69152817187,0.9753179648774213,3840,0,3840,FastestO
query_cycle_4_18.graph,5,0.4,4340,230398.0,5262.72103431129,0.9771581305640185,4340,0,4340,FastestO
query_cycle_4_18.graph,5,0.5,4868,230398.0,6469.70246085011,0.9719194504255674,4868,0,4868,FastestO
query_cycle_4_18.graph,5,0.6,5351,230398.0,5417.16870238239,0.9764877789634355,5351,0,5351,FastestO
query_cycle_4_18.graph,5,0.7,5783,230398.0,7140.16116901257,0.9690094481331758,5783,0,5783,FastestO
query_cycle_4_18.graph,5,0.8,6125,230398.0,6107.64235650691,0.9734909054917711,6125,0,6125,FastestO
query_cycle_4_18.graph,5,0.9,500,230398.0,4495.41552511415,0.9804884785236236,500,0,500,FastestO
query_cycle_4_19.graph,1,0.01,144,239086.0,17596.0347826087,0.9264029061400137,144,0,144,FastestO
query_cycle_4_19.graph,1,0.05,632,239086.0,10430.6391752577,0.9563728567324823,632,0,632,FastestO
query_cycle_4_19.graph,1,0.075,922,239086.0,8283.5134502924,0.9653534148787783,922,0,922,FastestO
query_cycle_4_19.graph,1,0.1,1152,239086.0,11918.780104712,0.9501485653500747,1152,0,1152,FastestO
query_cycle_4_19.graph,1,0.15,1619,239086.0,10207.7887240356,0.9573049500011058,1619,0,1619,FastestO
query_cycle_4_19.graph,1,0.2,1994,239086.0,9682.60066162571,0.9595015991667195,1994,0,1994,FastestO
query_cycle_4_19.graph,1,0.3,2645,239086.0,10810.9406199021,0.9547822096655507,2645,0,2645,FastestO
query_cycle_4_19.graph,1,0.4,3136,239086.0,11928.8534482759,0.9501064326297823,3136,0,3136,FastestO
query_cycle_4_19.graph,1,0.5,3622,239086.0,9997.11982434128,0.9581860927685383,3622,0,3622,FastestO
query_cycle_4_19.graph,1,0.6,4139,239086.0,9669.0749235474,0.9595581718563723,4139,0,4139,FastestO
query_cycle_4_19.graph,1,0.7,4605,239086.0,10623.827329736,0.9555648288493009,4605,0,4605,FastestO
query_cycle_4_19.graph,1,0.8,5084,239086.0,11504.3444323803,0.9518819820801709,5084,0,5084,FastestO
query_cycle_4_19.graph,1,0.9,500,239086.0,7594.13163972286,0.9682368200575406,500,0,500,FastestO
query_cycle_4_19.graph,2,0.01,144,239086.0,15263.8017241379,0.9361576933649902,144,0,144,FastestO
query_cycle_4_19.graph,2,0.05,632,239086.0,12971.4358974359,0.9457457320903947,632,0,632,FastestO
query_cycle_4_19.graph,2,0.075,922,239086.0,10129.6372202591,0.9576318261200609,922,0,922,FastestO
query_cycle_4_19.graph,2,0.1,1152,239086.0,9326.13579136691,0.9609925474876533,1152,0,1152,FastestO
query_cycle_4_19.graph,2,0.15,1619,239086.0,10730.9151515152,0.9551169238202356,1619,0,1619,FastestO
query_cycle_4_19.graph,2,0.2,1994,239086.0,11294.1990697674,0.9527609351038228,1994,0,1994,FastestO
query_cycle_4_19.graph,2,0.3,2645,239086.0,9371.27738402062,0.9608037384705895,2645,0,2645,FastestO
query_cycle_4_19.graph,2,0.4,3136,239086.0,10265.6473405596,0.9570629508187029,3136,0,3136,FastestO
query_cycle_4_19.graph,2,0.5,3622,239086.0,11293.5117880242,0.9527638097252696,3622,0,3622,FastestO
query_cycle_4_19.graph,2,0.6,4139,239086.0,10828.0393835616,0.9547106924555949,4139,0,4139,FastestO
query_cycle_4_19.graph,2,0.7,4605,239086.0,10449.4724830276,0.956294084626337,4605,0,4605,FastestO
query_cycle_4_19.graph,2,0.8,5084,239086.0,11727.0737361282,0.9509503955224136,5084,0,5084,FastestO
query_cycle_4_19.graph,2,0.9,500,239086.0,11883.2281879195,0.9502972646331468,500,0,500,FastestO
query_cycle_4_19.graph,3,0.01,144,239086.0,15531.5877192982,0.9350376528977093,144,0,144,FastestO
query_cycle_4_19.graph,3,0.05,632,239086.0,9944.76752136752,0.9584050612693026,632,0,632,FastestO
query_cycle_4_19.graph,3,0.075,922,239086.0,10873.1153846154,0.9545221577816544,922,0,922,FastestO
query_cycle_4_19.graph,3,0.1,1152,239086.0,11426.1231178034,0.9522091501894575,1152,0,1152,FastestO
query_cycle_4_19.graph,3,0.15,1619,239086.0,9834.96476306197,0.9588643217793515,1619,0,1619,FastestO
query_cycle_4_19.graph,3,0.2,1994,239086.0,10965.7369942197,0.9541347590648568,1994,0,1994,FastestO
query_cycle_4_19.graph,3,0.3,2645,239086.0,10364.4936585366,0.9566495166653983,2645,0,2645,FastestO
query_cycle_4_19.graph,3,0.4,3136,239086.0,9642.61373390558,0.9596688483060256,3136,0,3136,FastestO
query_cycle_4_19.graph,3,0.5,3622,239086.0,11732.8981927711,0.9509260341769444,3622,0,3622,FastestO
query_cycle_4_19.graph,3,0.6,4139,239086.0,11454.0226415094,0.9520924577703863,4139,0,4139,FastestO
query_cycle_4_19.graph,3,0.7,4605,239086.0,10616.4119839845,0.9555958442402126,4605,0,4605,FastestO
query_cycle_4_19.graph,3,0.8,5084,239086.0,10980.2342200726,0.9540741230349224,5084,0,5084,FastestO
query_cycle_4_19.graph,3,0.9,500,239086.0,9135.6388261851,0.9617893192149055,500,0,500,FastestO
query_cycle_4_19.graph,4,0.01,144,239086.0,17295.2478632479,0.9276609761205262,144,0,144,FastestO
query_cycle_4_19.graph,4,0.05,632,239086.0,8144.85509838998,0.9659333666614106,632,0,632,FastestO
query_cycle_4_19.graph,4,0.075,922,239086.0,11552.6850961538,0.9516797926430077,922,0,922,FastestO
query_cycle_4_19.graph,4,0.1,1152,239086.0,12392.6579177603,0.9481665261965976,1152,0,1152,FastestO
query_cycle_4_19.graph,4,0.15,1619,239086.0,12419.9556886228,0.9480523506661923,1619,0,1619,FastestO
query_cycle_4_19.graph,4,0.2,1994,239086.0,12006.0502304147,0.9497835497251418,1994,0,1994,FastestO
query_cycle_4_19.graph,4,0.3,2645,239086.0,12103.7177734375,0.9493750459105197,2645,0,2645,FastestO
query_cycle_4_19.graph,4,0.4,3136,239086.0,10730.5233835932,0.9551185624269377,3136,0,3136,FastestO
query_cycle_4_19.graph,4,0.5,3622,239086.0,10121.9374739475,0.9576640310434427,3622,0,3622,FastestO
query_cycle_4_19.graph,4,0.6,4139,239086.0,10389.1089689857,0.9565465607815357,4139,0,4139,FastestO
query_cycle_4_19.graph,4,0.7,4605,239086.0,11157.1122126437,0.9533343139596477,4605,0,4605,FastestO
query_cycle_4_19.graph,4,0.8,5084,239086.0,11639.8005099563,0.9513154241153547,5084,0,5084,FastestO
query_cycle_4_19.graph,4,0.9,500,239086.0,13688.68,0.942745790217746,500,0,500,FastestO
query_cycle_4_19.graph,5,0.01,144,239086.0,10539.2916666667,0.9559184073234457,144,0,144,FastestO
query_cycle_4_19.graph,5,0.05,632,239086.0,10821.0909090909,0.9547397551128426,632,0,632,FastestO
query_cycle_4_19.graph,5,0.075,922,239086.0,9115.06306306306,0.9618753793067638,922,0,922,FastestO
query_cycle_4_19.graph,5,0.1,1152,239086.0,8589.66398570152,0.9640729110625402,1152,0,1152,FastestO
query_cycle_4_19.graph,5,0.15,1619,239086.0,12224.5721957041,0.948869560761801,1619,0,1619,FastestO
query_cycle_4_19.graph,5,0.2,1994,239086.0,12072.812326228,0.9495043108913613,1994,0,1994,FastestO
query_cycle_4_19.graph,5,0.3,2645,239086.0,12067.4396632367,0.949526782566789,2645,0,2645,FastestO
query_cycle_4_19.graph,5,0.4,3136,239086.0,10428.6844077961,0.9563810327338443,3136,0,3136,FastestO
query_cycle_4_19.graph,5,0.5,3622,239086.0,11736.8890492885,0.950909342038896,3622,0,3622,FastestO
query_cycle_4_19.graph,5,0.6,4139,239086.0,11680.8991511036,0.9511435251285999,4139,0,4139,FastestO
query_cycle_4_19.graph,5,0.7,4605,239086.0,9815.26444380569,0.9589467202437378,4605,0,4605,FastestO
query_cycle_4_19.graph,5,0.8,5084,239086.0,10324.8220014364,0.9568154471552645,5084,0,5084,FastestO
query_cycle_4_19.graph,5,0.9,500,239086.0,10347.6681818182,0.9567198908266558,500,0,500,FastestO
query_cycle_4_2.graph,1,0.01,158,230405.0,10017.6086956522,0.9565217391304348,158,0,158,FastestO
query_cycle_4_2.graph,1,0.05,670,230405.0,10132.8315290934,0.9560216508795669,670,0,670,FastestO
query_cycle_4_2.graph,1,0.075,939,230405.0,11357.9929577465,0.9507042253521127,939,0,939,FastestO
query_cycle_4_2.graph,1,0.1,1208,230405.0,12217.9598102149,0.9469718113312866,1208,0,1208,FastestO
query_cycle_4_2.graph,1,0.15,1702,230405.0,10451.2090720332,0.9546398338923494,1702,0,1702,FastestO
query_cycle_4_2.graph,1,0.2,2061,230405.0,10897.8947368421,0.9527011361001623,2061,0,2061,FastestO
query_cycle_4_2.graph,1,0.3,2793,230405.0,10782.5732636199,0.9532016524657888,2793,0,2793,FastestO
query_cycle_4_2.graph,1,0.4,3360,230405.0,10345.1845,0.9550999999999999,3269,0,3360,FastestO
query_cycle_4_2.graph,1,0.5,3884,230405.0,10287.58325,0.95535,3248,0,3884,FastestO
query_cycle_4_2.graph,1,0.6,4493,230405.0,10264.54275,0.95545,3250,0,4493,FastestO
query_cycle_4_2.graph,1,0.7,5004,230405.0,9884.3745,0.9571,3218,0,5004,FastestO
query_cycle_4_2.graph,1,0.8,5507,230405.0,10091.739,0.9561999999999999,3298,0,5507,FastestO
query_cycle_4_2.graph,1,0.9,500,230405.0,11913.6243902439,0.9482926829268292,500,0,500,FastestO
query_cycle_4_2.graph,2,0.01,158,230405.0,12126.5789473684,0.9473684210526315,158,0,158,FastestO
query_cycle_4_2.graph,2,0.05,670,230405.0,11917.5,0.9482758620689655,670,0,670,FastestO
query_cycle_4_2.graph,2,0.075,939,230405.0,10043.2948717949,0.9564102564102563,939,0,939,FastestO
query_cycle_4_2.graph,2,0.1,1208,230405.0,9610.34582893347,0.9582893347412883,1208,0,1208,FastestO
query_cycle_4_2.graph,2,0.15,1702,230405.0,10025.1760084605,0.9564888956035655,1702,0,1702,FastestO
query_cycle_4_2.graph,2,0.2,2061,230405.0,10218.8426814129,0.9556483466877328,2061,0,2061,FastestO
query_cycle_4_2.graph,2,0.3,2793,230405.0,10486.0730688935,0.9544885177453027,2793,0,2793,FastestO
query_cycle_4_2.graph,2,0.4,3360,230405.0,10183.901,0.9558,3351,0,3360,FastestO
query_cycle_4_2.graph,2,0.5,3884,230405.0,9653.9695,0.9581,3300,0,3884,FastestO
query_cycle_4_2.graph,2,0.6,4493,230405.0,10068.6985,0.9563,3272,0,4493,FastestO
query_cycle_4_2.graph,2,0.7,5004,230405.0,10022.6175,0.9565,3257,0,5004,FastestO
query_cycle_4_2.graph,2,0.8,5507,230405.0,10253.0225,0.9555,3235,0,5507,FastestO
query_cycle_4_2.graph,2,0.9,500,230405.0,10115.3414634146,0.9560975609756097,500,0,500,FastestO
query_cycle_4_2.graph,3,0.01,158,230405.0,11815.641025641,0.9487179487179487,158,0,158,FastestO
query_cycle_4_2.graph,3,0.05,670,230405.0,13254.0668896321,0.9424749163879599,670,0,670,FastestO
query_cycle_4_2.graph,3,0.075,939,230405.0,9719.0963622291,0.9578173374613004,939,0,939,FastestO
query_cycle_4_2.graph,3,0.1,1208,230405.0,8890.83333333333,0.9614121510673235,1208,0,1208,FastestO
query_cycle_4_2.graph,3,0.15,1702,230405.0,9883.04152037857,0.9571057853762786,1702,0,1702,FastestO
query_cycle_4_2.graph,3,0.2,2061,230405.0,10177.6382669733,0.9558271814111098,2061,0,2061,FastestO
query_cycle_4_2.graph,3,0.3,2793,230405.0,10215.3068396864,0.9556636928899702,2793,0,2793,FastestO
query_cycle_4_2.graph,3,0.4,3360,230405.0,10679.27175,0.9536499999999999,3279,0,3360,FastestO
query_cycle_4_2.graph,3,0.5,3884,230405.0,10022.6175,0.9565,3302,0,3884,FastestO
query_cycle_4_2.graph,3,0.6,4493,230405.0,10241.50225,0.95555,3212,0,4493,FastestO
query_cycle_4_2.graph,3,0.7,5004,230405.0,10483.4275,0.9545,3276,0,5004,FastestO
query_cycle_4_2.graph,3,0.8,5507,230405.0,9665.48975,0.95805,3191,0,5507,FastestO
query_cycle_4_2.graph,3,0.9,500,230405.0,11578.1407035176,0.949748743718593,500,0,500,FastestO
query_cycle_4_2.graph,4,0.01,158,230405.0,4902.23404255319,0.9787234042553191,158,0,158,FastestO
query_cycle_4_2.graph,4,0.05,670,230405.0,11798.3540599854,0.9487929773226043,670,0,670,FastestO
query_cycle_4_2.graph,4,0.075,939,230405.0,9780.90909090909,0.9575490588706448,939,0,939,FastestO
query_cycle_4_2.graph,4,0.1,1208,230405.0,9891.9347644271,0.9570671870643992,1208,0,1208,FastestO
query_cycle_4_2.graph,4,0.15,1702,230405.0,10521.1098779134,0.9543364515617567,1702,0,1702,FastestO
query_cycle_4_2.graph,4,0.2,2061,230405.0,9733.85122866481,0.9577532986321269,2061,0,2061,FastestO
query_cycle_4_2.graph,4,0.3,2793,230405.0,10275.91330536,0.9554006497022198,2793,0,2793,FastestO
query_cycle_4_2.graph,4,0.4,3360,230405.0,10898.1565,0.9527,3200,0,3360,FastestO
query_cycle_4_2.graph,4,0.5,3884,230405.0,9607.8885,0.9583,3253,0,3884,FastestO
query_cycle_4_2.graph,4,0.6,4493,230405.0,9596.36825,0.95835,3263,0,4493,FastestO
query_cycle_4_2.graph,4,0.7,5004,230405.0,10610.15025,0.95395,3205,0,5004,FastestO
query_cycle_4_2.graph,4,0.8,5507,230405.0,9757.65175,0.95765,3239,0,5507,FastestO
query_cycle_4_2.graph,4,0.9,500,230405.0,8582.4212034384,0.9627507163323782,500,0,500,FastestO
query_cycle_4_2.graph,5,0.01,158,230405.0,11969.0909090909,0.948051948051948,158,0,158,FastestO
query_cycle_4_2.graph,5,0.05,670,230405.0,9684.82033898305,0.9579661016949153,670,0,670,FastestO
query_cycle_4_2.graph,5,0.075,939,230405.0,9638.4561752988,0.9581673306772909,939,0,939,FastestO
query_cycle_4_2.graph,5,0.1,1208,230405.0,8255.3515625,0.9641702586206896,1208,0,1208,FastestO
query_cycle_4_2.graph,5,0.15,1702,230405.0,9906.19106905711,0.9570053120849934,1702,0,1702,FastestO
query_cycle_4_2.graph,5,0.2,2061,230405.0,10174.7704822777,0.9558396281231842,2061,0,2061,FastestO
query_cycle_4_2.graph,5,0.3,2793,230405.0,10752.9648275393,0.9533301585141847,2793,0,2793,FastestO
query_cycle_4_2.graph,5,0.4,3360,230405.0,10068.6985,0.9563,3256,0,3360,FastestO
query_cycle_4_2.graph,5,0.5,3884,230405.0,9953.496,0.9568,3251,0,3884,FastestO
query_cycle_4_2.graph,5,0.6,4493,230405.0,9826.77325,0.95735,3301,0,4493,FastestO
query_cycle_4_2.graph,5,0.7,5004,230405.0,10333.66425,0.9551499999999999,3265,0,5004,FastestO
query_cycle_4_2.graph,5,0.8,5507,230405.0,10264.54275,0.95545,3254,0,5507,FastestO
query_cycle_4_2.graph,5,0.9,500,230405.0,10472.9545454545,0.9545454545454545,500,0,500,FastestO
query_cycle_4_20.graph,1,0.01,164,236094.0,14575.4583333333,0.9382641730271276,164,0,164,FastestO
query_cycle_4_20.graph,1,0.05,627,236094.0,11474.2666209733,0.9513995839751401,627,0,627,FastestO
query_cycle_4_20.graph,1,0.075,869,236094.0,10362.5772323318,0.9561082567437894,869,0,869,FastestO
query_cycle_4_20.graph,1,0.1,1166,236094.0,10976.8016759777,0.9535066470305148,1166,0,1166,FastestO
query_cycle_4_20.graph,1,0.15,1649,236094.0,11378.7554585153,0.9518041311574403,1649,0,1649,FastestO
query_cycle_4_20.graph,1,0.2,2015,236094.0,11365.7754762153,0.9518591091844127,2015,0,2015,FastestO
query_cycle_4_20.graph,1,0.3,2678,236094.0,11549.4793779581,0.9510810127408655,2678,0,2678,FastestO
query_cycle_4_20.graph,1,0.4,3150,236094.0,12405.79725,0.9474539918422323,3055,0,3150,FastestO
query_cycle_4_20.graph,1,0.5,3676,236094.0,12243.385,0.9481419053427872,2990,0,3676,FastestO
query_cycle_4_20.graph,1,0.6,4187,236094.0,12268.3715,0.948036072496548,2954,0,4187,FastestO
query_cycle_4_20.graph,1,0.7,4649,236094.0,12118.4525,0.9486710695739832,3078,0,4649,FastestO
query_cycle_4_20.graph,1,0.8,5175,236094.0,11943.547,0.9494118994976577,2986,0,5175,FastestO
query_cycle_4_20.graph,1,0.9,500,236094.0,11578.5449490269,0.9509579025768259,500,0,500,FastestO
query_cycle_4_20.graph,2,0.01,164,236094.0,13772.0866141732,0.9416669351437427,164,0,164,FastestO
query_cycle_4_20.graph,2,0.05,627,236094.0,10663.9691398555,0.954831680856542,627,0,627,FastestO
query_cycle_4_20.graph,2,0.075,869,236094.0,12794.6106644096,0.9458071333265156,869,0,869,FastestO
query_cycle_4_20.graph,2,0.1,1166,236094.0,13016.6717199559,0.9448665712811173,1166,0,1166,FastestO
query_cycle_4_20.graph,2,0.15,1649,236094.0,11185.239287292,0.9526237884601387,1649,0,1649,FastestO
query_cycle_4_20.graph,2,0.2,2015,236094.0,11653.2249294155,0.9506415879716746,2015,0,2015,FastestO
query_cycle_4_20.graph,2,0.3,2678,236094.0,11352.4124912011,0.9519157094580925,2678,0,2678,FastestO
query_cycle_4_20.graph,2,0.4,3150,236094.0,11806.12125,0.9499939801519733,3044,0,3150,FastestO
query_cycle_4_20.graph,2,0.5,3676,236094.0,11631.21575,0.9507348100756479,3051,0,3676,FastestO
query_cycle_4_20.graph,2,0.6,4187,236094.0,12168.4255,0.9484594038815047,3072,0,4187,FastestO
query_cycle_4_20.graph,2,0.7,4649,236094.0,12080.97275,0.9488298188433422,3081,0,4649,FastestO
query_cycle_4_20.graph,2,0.8,5175,236094.0,11818.6145,0.9499410637288538,3030,0,5175,FastestO
query_cycle_4_20.graph,2,0.9,500,236094.0,13231.1405295316,0.9439581669609072,500,0,500,FastestO
query_cycle_4_20.graph,3,0.01,164,236094.0,10411.0416666667,0.9559029807336626,164,0,164,FastestO
query_cycle_4_20.graph,3,0.05,627,236094.0,11101.4290450928,0.9529787752120221,627,0,627,FastestO
query_cycle_4_20.graph,3,0.075,869,236094.0,12399.4724770642,0.9474807810572728,869,0,869,FastestO
query_cycle_4_20.graph,3,0.1,1166,236094.0,10565.1162790698,0.955250382139869,1166,0,1166,FastestO
query_cycle_4_20.graph,3,0.15,1649,236094.0,11661.1572535991,0.9506079898108418,1649,0,1649,FastestO
query_cycle_4_20.graph,3,0.2,2015,236094.0,10121.3727495908,0.9571299027099763,2015,0,2015,FastestO
query_cycle_4_20.graph,3,0.3,2678,236094.0,11503.885858162,0.9512741287022881,2678,0,2678,FastestO
query_cycle_4_20.graph,3,0.4,3150,236094.0,11418.8305,0.951634389268681,3061,0,3150,FastestO
query_cycle_4_20.graph,3,0.5,3676,236094.0,11256.41825,0.952322302769236,3003,0,3676,FastestO
query_cycle_4_20.graph,3,0.6,4187,236094.0,11843.601,0.9498352308826146,3016,0,4187,FastestO
query_cycle_4_20.graph,3,0.7,4649,236094.0,11368.8575,0.9518460549611595,2994,0,4649,FastestO
query_cycle_4_20.graph,3,0.8,5175,236094.0,11856.09425,0.949782314459495,3037,0,5175,FastestO
query_cycle_4_20.graph,3,0.9,500,236094.0,14455,0.9387743864731845,500,0,500,FastestO
query_cycle_4_20.graph,4,0.01,164,236094.0,15410.1762114537,0.9347286410859499,164,0,164,FastestO
query_cycle_4_20.graph,4,0.05,627,236094.0,11762.3066577001,0.9501795612861823,627,0,627,FastestO
query_cycle_4_20.graph,4,0.075,869,236094.0,11462.662037037,0.9514487363633255,869,0,869,FastestO
query_cycle_4_20.graph,4,0.1,1166,236094.0,13299.3673110721,0.9436691855317286,1166,0,1166,FastestO
query_cycle_4_20.graph,4,0.15,1649,236094.0,12057.5263078773,0.9489291286187818,1649,0,1649,FastestO
query_cycle_4_20.graph,4,0.2,2015,236094.0,10738.1301880845,0.9545175642410038,2015,0,2015,FastestO
query_cycle_4_20.graph,4,0.3,2678,236094.0,10997.6334607323,0.9534184119006313,2678,0,2678,FastestO
query_cycle_4_20.graph,4,0.4,3150,236094.0,11718.6685,0.9503643951138107,3086,0,3150,FastestO
query_cycle_4_20.graph,4,0.5,3676,236094.0,12143.439,0.948565236727744,2970,0,3676,FastestO
query_cycle_4_20.graph,4,0.6,4187,236094.0,12393.304,0.9475069082653519,3083,0,4187,FastestO
query_cycle_4_20.graph,4,0.7,4649,236094.0,11968.5335,0.9493060666514186,3037,0,4649,FastestO
query_cycle_4_20.graph,4,0.8,5175,236094.0,12130.94575,0.9486181531508636,3025,0,5175,FastestO
query_cycle_4_20.graph,4,0.9,500,236094.0,10817.5848896435,0.9541810258217343,500,0,500,FastestO
query_cycle_4_20.graph,5,0.01,164,236094.0,11038.2128514056,0.9532465337899074,164,0,164,FastestO
query_cycle_4_20.graph,5,0.05,627,236094.0,11641.2457798785,0.9506923268703209,627,0,627,FastestO
query_cycle_4_20.graph,5,0.075,869,236094.0,11903.3494940978,0.9495821600968352,869,0,869,FastestO
query_cycle_4_20.graph,5,0.1,1166,236094.0,11100.7321240799,0.952981727091413,1166,0,1166,FastestO
query_cycle_4_20.graph,5,0.15,1649,236094.0,10959.6706447613,0.9535792072447359,1649,0,1649,FastestO
query_cycle_4_20.graph,5,0.2,2015,236094.0,11662.4968030691,0.9506023160136681,2015,0,2015,FastestO
query_cycle_4_20.graph,5,0.3,2678,236094.0,11014.3561168896,0.9533475814002493,2678,0,2678,FastestO
query_cycle_4_20.graph,5,0.4,3150,236094.0,11893.574,0.9496235651901361,2949,0,3150,FastestO
query_cycle_4_20.graph,5,0.5,3676,236094.0,11531.26975,0.9511581414606046,3018,0,3676,FastestO
query_cycle_4_20.graph,5,0.6,4187,236094.0,11918.5605,0.9495177323438969,3037,0,4187,FastestO
query_cycle_4_20.graph,5,0.7,4649,236094.0,11456.31025,0.9514756399993223,3014,0,4649,FastestO
query_cycle_4_20.graph,5,0.8,5175,236094.0,11868.5875,0.9497293980363753,3023,0,5175,FastestO
query_cycle_4_20.graph,5,0.9,500,236094.0,11346.7549668874,0.9519396724741526,500,0,500,FastestO
query_cycle_4_21.graph,1,0.01,155,233642.0,7598.11382113821,0.9674796747967479,155,0,155,FastestO
query_cycle_4_21.graph,1,0.05,623,233642.0,14765.4795539033,0.9368029739776952,623,0,623,FastestO
query_cycle_4_21.graph,1,0.075,870,233642.0,11434.8597883598,0.951058201058201,870,0,870,FastestO
query_cycle_4_21.graph,1,0.1,1139,233642.0,11074.1096654275,0.9526022304832714,1139,0,1139,FastestO
query_cycle_4_21.graph,1,0.15,1598,233642.0,14109.5493506494,0.9396103896103896,1598,0,1598,FastestO
query_cycle_4_21.graph,1,0.2,1968,233642.0,11159.0208955224,0.9522388059701493,1968,0,1968,FastestO
query_cycle_4_21.graph,1,0.3,2664,233642.0,10655.1870456048,0.9543952412425645,2664,0,2664,FastestO
query_cycle_4_21.graph,1,0.4,3179,233642.0,12899.7389060888,0.9447884416924665,3179,0,3179,FastestO
query_cycle_4_21.graph,1,0.5,3659,233642.0,10609.0306186211,0.95459279316809,3659,0,3659,FastestO
query_cycle_4_21.graph,1,0.6,4184,233642.0,10837.1997938499,0.9536162171448206,4184,0,4184,FastestO
query_cycle_4_21.graph,1,0.7,4688,233642.0,11778.3172394206,0.9495881851746664,4688,0,4688,FastestO
query_cycle_4_21.graph,1,0.8,5226,233642.0,12441.0010649627,0.946751863684771,5226,0,5226,FastestO
query_cycle_4_21.graph,1,0.9,500,233642.0,16209.6124401914,0.930622009569378,500,0,500,FastestO
query_cycle_4_21.graph,2,0.01,155,233642.0,3960.03389830508,0.9830508474576271,155,0,155,FastestO
query_cycle_4_21.graph,2,0.05,623,233642.0,12932.2140221402,0.9446494464944649,623,0,623,FastestO
query_cycle_4_21.graph,2,0.075,870,233642.0,17949.4494238156,0.9231754161331627,870,0,870,FastestO
query_cycle_4_21.graph,2,0.1,1139,233642.0,9264.33462282398,0.9603481624758221,1139,0,1139,FastestO
query_cycle_4_21.graph,2,0.15,1598,233642.0,9069.28280961183,0.9611829944547136,1598,0,1598,FastestO
query_cycle_4_21.graph,2,0.2,1968,233642.0,8679.12332838039,0.962852897473997,1968,0,1968,FastestO
query_cycle_4_21.graph,2,0.3,2664,233642.0,11214.197285667,0.9520026481297583,2664,0,2664,FastestO
query_cycle_4_21.graph,2,0.4,3179,233642.0,12993.2955815135,0.9443880142204164,3179,0,3179,FastestO
query_cycle_4_21.graph,2,0.5,3659,233642.0,10309.1521649485,0.9558762886597938,3659,0,3659,FastestO
query_cycle_4_21.graph,2,0.6,4184,233642.0,11907.4316050257,0.9490355689258538,4184,0,4184,FastestO
query_cycle_4_21.graph,2,0.7,4688,233642.0,11231.1766394031,0.9519299756062563,4688,0,4688,FastestO
query_cycle_4_21.graph,2,0.8,5226,233642.0,12040.7918121613,0.9484647802528596,5226,0,5226,FastestO
query_cycle_4_21.graph,2,0.9,500,233642.0,11410.423255814,0.9511627906976744,500,0,500,FastestO
query_cycle_4_21.graph,3,0.01,155,233642.0,8270.51327433628,0.9646017699115044,155,0,155,FastestO
query_cycle_4_21.graph,3,0.05,623,233642.0,11254.4315992293,0.9518304431599229,623,0,623,FastestO
query_cycle_4_21.graph,3,0.075,870,233642.0,10316.6597402597,0.9558441558441558,870,0,870,FastestO
query_cycle_4_21.graph,3,0.1,1139,233642.0,10538.5547024952,0.9548944337811901,1139,0,1139,FastestO
query_cycle_4_21.graph,3,0.15,1598,233642.0,13194.25,0.9435279187817259,1598,0,1598,FastestO
query_cycle_4_21.graph,3,0.2,1968,233642.0,10818.8906403941,0.9536945812807882,1968,0,1968,FastestO
query_cycle_4_21.graph,3,0.3,2664,233642.0,10994.9176470588,0.9529411764705883,2664,0,2664,FastestO
query_cycle_4_21.graph,3,0.4,3179,233642.0,10703.0171785528,0.9541905257678293,3179,0,3179,FastestO
query_cycle_4_21.graph,3,0.5,3659,233642.0,10469.6901289368,0.9551891777636863,3659,0,3659,FastestO
query_cycle_4_21.graph,3,0.6,4184,233642.0,12550.0062783397,0.9462853156609697,4184,0,4184,FastestO
query_cycle_4_21.graph,3,0.7,4688,233642.0,11987.3481219379,0.9486935220468155,4688,0,4688,FastestO
query_cycle_4_21.graph,3,0.8,5226,233642.0,11800.101010101,0.9494949494949495,5226,0,5226,FastestO
query_cycle_4_21.graph,3,0.9,500,233642.0,6739.67307692308,0.9711538461538463,500,0,500,FastestO
query_cycle_4_21.graph,4,0.01,155,233642.0,13743.6470588235,0.9411764705882353,155,0,155,FastestO
query_cycle_4_21.graph,4,0.05,623,233642.0,12930.5687022901,0.9446564885496184,623,0,623,FastestO
query_cycle_4_21.graph,4,0.075,870,233642.0,15491.8240866035,0.9336941813261163,870,0,870,FastestO
query_cycle_4_21.graph,4,0.1,1139,233642.0,11136.6322957198,0.9523346303501946,1139,0,1139,FastestO
query_cycle_4_21.graph,4,0.15,1598,233642.0,12123.6399743754,0.9481101857783472,1598,0,1598,FastestO
query_cycle_4_21.graph,4,0.2,1968,233642.0,10864.4650047939,0.9534995206136145,1968,0,1968,FastestO
query_cycle_4_21.graph,4,0.3,2664,233642.0,13092.0086206897,0.9439655172413793,2664,0,2664,FastestO
query_cycle_4_21.graph,4,0.4,3179,233642.0,9972.15134852056,0.9573186698088504,3179,0,3179,FastestO
query_cycle_4_21.graph,4,0.5,3659,233642.0,10851.0111885159,0.9535571036521006,3659,0,3659,FastestO
query_cycle_4_21.graph,4,0.6,4184,233642.0,11195.3458333333,0.9520833333333334,4184,0,4184,FastestO
query_cycle_4_21.graph,4,0.7,4688,233642.0,11031.77032935,0.9527834450597493,4688,0,4688,FastestO
query_cycle_4_21.graph,4,0.8,5226,233642.0,11624.5388775388,0.9502463646196371,5226,0,5226,FastestO
query_cycle_4_21.graph,4,0.9,500,233642.0,8858.4644549763,0.962085308056872,500,0,500,FastestO
query_cycle_4_21.graph,5,0.01,155,233642.0,5745.29508196721,0.9754098360655737,155,0,155,FastestO
query_cycle_4_21.graph,5,0.05,623,233642.0,13156.5398058252,0.9436893203883495,623,0,623,FastestO
query_cycle_4_21.graph,5,0.075,870,233642.0,10357.0117340287,0.9556714471968709,870,0,870,FastestO
query_cycle_4_21.graph,5,0.1,1139,233642.0,10418.5711574953,0.9554079696394687,1139,0,1139,FastestO
query_cycle_4_21.graph,5,0.15,1598,233642.0,10842.2104575163,0.9535947712418301,1598,0,1598,FastestO
query_cycle_4_21.graph,5,0.2,1968,233642.0,11405.600591716,0.9511834319526628,1968,0,1968,FastestO
query_cycle_4_21.graph,5,0.3,2664,233642.0,11981.641025641,0.9487179487179487,2664,0,2664,FastestO
query_cycle_4_21.graph,5,0.4,3179,233642.0,11995.2771876581,0.9486595852301467,3179,0,3179,FastestO
query_cycle_4_21.graph,5,0.5,3659,233642.0,10914.5900170648,0.9532849829351535,3659,0,3659,FastestO
query_cycle_4_21.graph,5,0.6,4184,233642.0,11427.48755792,0.9510897545906986,4184,0,4184,FastestO
query_cycle_4_21.graph,5,0.7,4688,233642.0,10767.8201489392,0.9539131656596881,4688,0,4688,FastestO
query_cycle_4_21.graph,5,0.8,5226,233642.0,11131.2182790472,0.9523578026251822,5226,0,5226,FastestO
query_cycle_4_21.graph,5,0.9,500,233642.0,12025.6911764706,0.9485294117647058,500,0,500,FastestO
query_cycle_4_22.graph,1,0.01,521,230398.0,4434.66666666667,0.980752147732764,521,0,521,FastestO
query_cycle_4_22.graph,1,0.05,1455,230398.0,4914.91858678955,0.9786677029019804,1455,0,1455,FastestO
query_cycle_4_22.graph,1,0.075,1869,230398.0,5490.77523703291,0.9761683033835671,1869,0,1869,FastestO
query_cycle_4_22.graph,1,0.1,2160,230398.0,5800.90235690236,0.9748222538524537,2160,0,2160,FastestO
query_cycle_4_22.graph,1,0.15,2571,230398.0,5589.27011952191,0.9757408045229476,2571,0,2571,FastestO
query_cycle_4_22.graph,1,0.2,2950,230398.0,5620.41854124063,0.9756056105467903,2950,0,2950,FastestO
query_cycle_4_22.graph,1,0.3,3706,230398.0,5800.69234668018,0.9748231653630666,3706,0,3706,FastestO
query_cycle_4_22.graph,1,0.4,4320,230398.0,6169.67143153097,0.973221679738839,4320,0,4320,FastestO
query_cycle_4_22.graph,1,0.5,4809,230398.0,5995.49776106036,0.9739776484124846,4809,0,4809,FastestO
query_cycle_4_22.graph,1,0.6,5294,230398.0,6546.2631413283,0.9715871529209095,5294,0,5294,FastestO
query_cycle_4_22.graph,1,0.7,5688,230398.0,5126.13034854066,0.9777509772283585,5688,0,5688,FastestO
query_cycle_4_22.graph,1,0.8,6036,230398.0,5927.55961360328,0.9742725214038174,6036,0,6036,FastestO
query_cycle_4_22.graph,1,0.9,500,230398.0,6415.55450236967,0.9721544696465696,500,0,500,FastestO
query_cycle_4_22.graph,2,0.01,521,230398.0,11055.2151300236,0.9520168789224576,521,0,521,FastestO
query_cycle_4_22.graph,2,0.05,1455,230398.0,6677.78294573643,0.9710163154813131,1455,0,1455,FastestO
query_cycle_4_22.graph,2,0.075,1869,230398.0,6844.38264738598,0.9702932202215905,1869,0,1869,FastestO
query_cycle_4_22.graph,2,0.1,2160,230398.0,5410.63996091842,0.9765161157609075,2160,0,2160,FastestO
query_cycle_4_22.graph,2,0.15,2571,230398.0,5556.71156091865,0.9758821189380175,2571,0,2571,FastestO
query_cycle_4_22.graph,2,0.2,2950,230398.0,5231.54349247874,0.9772934509306559,2950,0,2950,FastestO
query_cycle_4_22.graph,2,0.3,3706,230398.0,4917.56243756244,0.9786562277556122,3706,0,3706,FastestO
query_cycle_4_22.graph,2,0.4,4320,230398.0,6091.15604026846,0.9735624613049225,4320,0,4320,FastestO
query_cycle_4_22.graph,2,0.5,4809,230398.0,5379.99857828328,0.9766491090274947,4809,0,4809,FastestO
query_cycle_4_22.graph,2,0.6,5294,230398.0,6313.96535947712,0.9725953985734376,5294,0,5294,FastestO
query_cycle_4_22.graph,2,0.7,5688,230398.0,6450.972787167,0.972000743117705,5688,0,5688,FastestO
query_cycle_4_22.graph,2,0.8,6036,230398.0,6261.21898767375,0.9728243344661249,6036,0,6036,FastestO
query_cycle_4_22.graph,2,0.9,500,230398.0,5888.13397129187,0.9744436411284305,500,0,500,FastestO
query_cycle_4_22.graph,3,0.01,521,230398.0,4579.0511627907,0.9801254734729004,521,0,521,FastestO
query_cycle_4_22.graph,3,0.05,1455,230398.0,6035.2245210728,0.9738052217420603,1455,0,1455,FastestO
query_cycle_4_22.graph,3,0.075,1869,230398.0,5314.04090909091,0.9769353861184086,1869,0,1869,FastestO
query_cycle_4_22.graph,3,0.1,2160,230398.0,6668.09095307208,0.9710583817868553,2160,0,2160,FastestO
query_cycle_4_22.graph,3,0.15,2571,230398.0,6381.69814241486,0.9723014169289019,2571,0,2571,FastestO
query_cycle_4_22.graph,3,0.2,2950,230398.0,6077.13580246914,0.9736233135597135,2950,0,2950,FastestO
query_cycle_4_22.graph,3,0.3,3706,230398.0,7458.30303030303,0.9676286120960119,3706,0,3706,FastestO
query_cycle_4_22.graph,3,0.4,4320,230398.0,5473.88614568455,0.9762416073677526,4320,0,4320,FastestO
query_cycle_4_22.graph,3,0.5,4809,230398.0,5758.30698333924,0.975007131210604,4809,0,4809,FastestO
query_cycle_4_22.graph,3,0.6,5294,230398.0,6549.35537710597,0.9715737316421759,5294,0,5294,FastestO
query_cycle_4_22.graph,3,0.7,5688,230398.0,6210.77144917087,0.9730432926971117,5688,0,5688,FastestO
query_cycle_4_22.graph,3,0.8,6036,230398.0,6003.79509564771,0.9739416353629471,6036,0,6036,FastestO
query_cycle_4_22.graph,3,0.9,500,230398.0,6492.47961630695,0.9718205903857371,500,0,500,FastestO
query_cycle_4_22.graph,4,0.01,521,230398.0,7849.0569476082,0.9659326168299717,521,0,521,FastestO
query_cycle_4_22.graph,4,0.05,1455,230398.0,7069.32123960695,0.9693169157735443,1455,0,1455,FastestO
query_cycle_4_22.graph,4,0.075,1869,230398.0,6139.14739229025,0.9733541636980779,1869,0,1869,FastestO
query_cycle_4_22.graph,4,0.1,2160,230398.0,6991.48579682234,0.969654746148741,2160,0,2160,FastestO
query_cycle_4_22.graph,4,0.15,2571,230398.0,5816.24261520284,0.9747556722922819,2571,0,2571,FastestO
query_cycle_4_22.graph,4,0.2,2950,230398.0,6791.85808147175,0.9705211934067494,2950,0,2950,FastestO
query_cycle_4_22.graph,4,0.3,3706,230398.0,5890.45842585739,0.9744335522623574,3706,0,3706,FastestO
query_cycle_4_22.graph,4,0.4,4320,230398.0,6675.23484692829,0.9710273750339486,4320,0,4320,FastestO
query_cycle_4_22.graph,4,0.5,4809,230398.0,7613.9403258283,0.9669530971370051,4809,0,4809,FastestO
query_cycle_4_22.graph,4,0.6,5294,230398.0,4981.95449552801,0.9783767459113013,5294,0,5294,FastestO
query_cycle_4_22.graph,4,0.7,5688,230398.0,6006.45126302269,0.9739301067586407,5688,0,5688,FastestO
query_cycle_4_22.graph,4,0.8,6036,230398.0,5659.88173455979,0.9754343278389579,6036,0,6036,FastestO
query_cycle_4_22.graph,4,0.9,500,230398.0,3023.63636363636,0.9868764643632482,500,0,500,FastestO
query_cycle_4_22.graph,5,0.01,521,230398.0,7321.76659038902,0.9682212233162223,521,0,521,FastestO
query_cycle_4_22.graph,5,0.05,1455,230398.0,6070.32286995516,0.9736528838359918,1455,0,1455,FastestO
query_cycle_4_22.graph,5,0.075,1869,230398.0,4756.67586968526,0.9793545262125312,1869,0,1869,FastestO
query_cycle_4_22.graph,5,0.1,2160,230398.0,5682.51659451659,0.9753360854064853,2160,0,2160,FastestO
query_cycle_4_22.graph,5,0.15,2571,230398.0,5950.67934998018,0.9741721744547254,2571,0,2571,FastestO
query_cycle_4_22.graph,5,0.2,2950,230398.0,6230.98734177215,0.9729555493460353,2950,0,2950,FastestO
query_cycle_4_22.graph,5,0.3,3706,230398.0,6869.44028161931,0.9701844621844837,3706,0,3706,FastestO
query_cycle_4_22.graph,5,0.4,4320,230398.0,6438.25911431514,0.9720559244684626,4320,0,4320,FastestO
query_cycle_4_22.graph,5,0.5,4809,230398.0,5897.04413619168,0.9744049682020169,4809,0,4809,FastestO
query_cycle_4_22.graph,5,0.6,5294,230398.0,5667.83974763407,0.9753997875518273,5294,0,5294,FastestO
query_cycle_4_22.graph,5,0.7,5688,230398.0,5097.55463505214,0.9778750048392255,5688,0,5688,FastestO
query_cycle_4_22.graph,5,0.8,6036,230398.0,6700.11415044713,0.970919391008398,6036,0,6036,FastestO
query_cycle_4_22.graph,5,0.9,500,230398.0,4972.20202020202,0.9784190747306747,500,0,500,FastestO
query_cycle_4_23.graph,1,0.01,213,227174.0,14287.6729559748,0.9371069182389937,213,0,213,FastestO
query_cycle_4_23.graph,1,0.05,855,227174.0,10909.4858757062,0.9519774011299434,855,0,855,FastestO
query_cycle_4_23.graph,1,0.075,1214,227174.0,11168.8298918387,0.9508357915437561,1214,0,1214,FastestO
query_cycle_4_23.graph,1,0.1,1599,227174.0,8182.11440677966,0.9639830508474576,1599,0,1599,FastestO
query_cycle_4_23.graph,1,0.15,2258,227174.0,10914.6245878474,0.951954780970325,2258,0,2258,FastestO
query_cycle_4_23.graph,1,0.2,2708,227174.0,8554.66945606695,0.9623430962343097,2708,0,2708,FastestO
query_cycle_4_23.graph,1,0.3,3548,227174.0,8990.23744541485,0.9604257641921398,3548,0,3548,FastestO
query_cycle_4_23.graph,1,0.4,4181,227174.0,10949.3548529737,0.9518019013928808,4181,0,4181,FastestO
query_cycle_4_23.graph,1,0.5,4746,227174.0,9438.88964090995,0.9584508366234255,4746,0,4746,FastestO
query_cycle_4_23.graph,1,0.6,5292,227174.0,9812.73186634067,0.9568052159739201,5292,0,5292,FastestO
query_cycle_4_23.graph,1,0.7,5828,227174.0,10667.2453254604,0.9530437227611416,5828,0,5828,FastestO
query_cycle_4_23.graph,1,0.8,6334,227174.0,9937.77283192632,0.9562547966231773,6334,0,6334,FastestO
query_cycle_4_23.graph,1,0.9,500,227174.0,5637.07196029777,0.9751861042183623,500,0,500,FastestO
query_cycle_4_23.graph,2,0.01,213,227174.0,6721.12426035503,0.970414201183432,213,0,213,FastestO
query_cycle_4_23.graph,2,0.05,855,227174.0,8651.19605077574,0.9619181946403386,855,0,855,FastestO
query_cycle_4_23.graph,2,0.075,1214,227174.0,7937.14636449481,0.9650613786591123,1214,0,1214,FastestO
query_cycle_4_23.graph,2,0.1,1599,227174.0,10397.7004160888,0.9542302357836338,1599,0,1599,FastestO
query_cycle_4_23.graph,2,0.15,2258,227174.0,11353.3946753853,0.9500233535730968,2258,0,2258,FastestO
query_cycle_4_23.graph,2,0.2,2708,227174.0,11036.7935222672,0.9514170040485831,2708,0,2708,FastestO
query_cycle_4_23.graph,2,0.3,3548,227174.0,10276.0452342488,0.9547657512116317,3548,0,3548,FastestO
query_cycle_4_23.graph,2,0.4,4181,227174.0,8564.99889110668,0.9622976269682856,4181,0,4181,FastestO
query_cycle_4_23.graph,2,0.5,4746,227174.0,9449.40284900285,0.9584045584045584,4746,0,4746,FastestO
query_cycle_4_23.graph,2,0.6,5292,227174.0,8673.30983847283,0.9618208516886931,5292,0,5292,FastestO
query_cycle_4_23.graph,2,0.7,5828,227174.0,9258.81425010995,0.959243512681425,5828,0,5828,FastestO
query_cycle_4_23.graph,2,0.8,6334,227174.0,10324.7836434992,0.9545512090137992,6334,0,6334,FastestO
query_cycle_4_23.graph,2,0.9,500,227174.0,7991.04522613065,0.964824120603015,500,0,500,FastestO
query_cycle_4_23.graph,3,0.01,213,227174.0,12620.7777777778,0.9444444444444444,213,0,213,FastestO
query_cycle_4_23.graph,3,0.05,855,227174.0,11120.4055944056,0.951048951048951,855,0,855,FastestO
query_cycle_4_23.graph,3,0.075,1214,227174.0,8150.67709291628,0.9641214351425943,1214,0,1214,FastestO
query_cycle_4_23.graph,3,0.1,1599,227174.0,8798.99295774648,0.9612676056338028,1599,0,1599,FastestO
query_cycle_4_23.graph,3,0.15,2258,227174.0,8650.12851023322,0.9619228938600667,2258,0,2258,FastestO
query_cycle_4_23.graph,3,0.2,2708,227174.0,8452.18375094913,0.9627942293090357,2708,0,2708,FastestO
query_cycle_4_23.graph,3,0.3,3548,227174.0,9563.91361399672,0.9579004920721705,3548,0,3548,FastestO
query_cycle_4_23.graph,3,0.4,4181,227174.0,9958.86915678819,0.9561619324535898,4181,0,4181,FastestO
query_cycle_4_23.graph,3,0.5,4746,227174.0,9470.98914905768,0.9583095374071958,4746,0,4746,FastestO
query_cycle_4_23.graph,3,0.6,5292,227174.0,10321.0464093796,0.9545676599902296,5292,0,5292,FastestO
query_cycle_4_23.graph,3,0.7,5828,227174.0,9509.90918121186,0.9581382148431956,5828,0,5828,FastestO
query_cycle_4_23.graph,3,0.8,6334,227174.0,9600.94407558733,0.9577374872318694,6334,0,6334,FastestO
query_cycle_4_23.graph,3,0.9,500,227174.0,9535.6987654321,0.9580246913580246,500,0,500,FastestO
query_cycle_4_23.graph,4,0.01,213,227174.0,16323.880239521,0.9281437125748503,213,0,213,FastestO
query_cycle_4_23.graph,4,0.05,855,227174.0,9022.51347517731,0.9602836879432624,855,0,855,FastestO
query_cycle_4_23.graph,4,0.075,1214,227174.0,11086.9607655502,0.9511961722488038,1214,0,1214,FastestO
query_cycle_4_23.graph,4,0.1,1599,227174.0,8664.75034674064,0.9618585298196948,1599,0,1599,FastestO
query_cycle_4_23.graph,4,0.15,2258,227174.0,9687.36363636364,0.9573570759137769,2258,0,2258,FastestO
query_cycle_4_23.graph,4,0.2,2708,227174.0,9862.08530083778,0.9565879664889565,2708,0,2708,FastestO
query_cycle_4_23.graph,4,0.3,3548,227174.0,9099.17365591398,0.9599462365591398,3548,0,3548,FastestO
query_cycle_4_23.graph,4,0.4,4181,227174.0,9659.52456488213,0.9574796210619079,4181,0,4181,FastestO
query_cycle_4_23.graph,4,0.5,4746,227174.0,9275.0493733384,0.9591720470945689,4746,0,4746,FastestO
query_cycle_4_23.graph,4,0.6,5292,227174.0,9970.372639947,0.956111295130838,5292,0,5292,FastestO
query_cycle_4_23.graph,4,0.7,5828,227174.0,9458.81156102447,0.9583631420804121,5828,0,5828,FastestO
query_cycle_4_23.graph,4,0.8,6334,227174.0,10058.1750354976,0.955724796695495,6334,0,6334,FastestO
query_cycle_4_23.graph,4,0.9,500,227174.0,11172.4918032787,0.9508196721311476,500,0,500,FastestO
query_cycle_4_23.graph,5,0.01,213,227174.0,5939.18954248366,0.9738562091503268,213,0,213,FastestO
query_cycle_4_23.graph,5,0.05,855,227174.0,8462.06876790831,0.9627507163323782,855,0,855,FastestO
query_cycle_4_23.graph,5,0.075,1214,227174.0,8729.06820365034,0.9615754082612873,1214,0,1214,FastestO
query_cycle_4_23.graph,5,0.1,1599,227174.0,10614.1269177127,0.9532775453277545,1599,0,1599,FastestO
query_cycle_4_23.graph,5,0.15,2258,227174.0,9040.1638576779,0.9602059925093633,2258,0,2258,FastestO
query_cycle_4_23.graph,5,0.2,2708,227174.0,11319.8151388361,0.9501711677443895,2708,0,2708,FastestO
query_cycle_4_23.graph,5,0.3,3548,227174.0,11292.0893605138,0.9502932141859817,3548,0,3548,FastestO
query_cycle_4_23.graph,5,0.4,4181,227174.0,10457.2158730159,0.953968253968254,4181,0,4181,FastestO
query_cycle_4_23.graph,5,0.5,4746,227174.0,9029.30807986565,0.9602537786900541,4746,0,4746,FastestO
query_cycle_4_23.graph,5,0.6,5292,227174.0,9695.07107273331,0.9573231484556626,5292,0,5292,FastestO
query_cycle_4_23.graph,5,0.7,5828,227174.0,10061.5492835432,0.9557099435518889,5828,0,5828,FastestO
query_cycle_4_23.graph,5,0.8,6334,227174.0,10068.6537396122,0.9556786703601108,6334,0,6334,FastestO
query_cycle_4_23.graph,5,0.9,500,227174.0,12295.5,0.9458762886597938,500,0,500,FastestO
query_cycle_4_24.graph,1,0.01,174,243509.0,1895.01167315175,0.9922178988326849,174,0,174,FastestO
query_cycle_4_24.graph,1,0.05,648,243509.0,13740.865,0.9435714285714286,648,0,648,FastestO
query_cycle_4_24.graph,1,0.075,890,243509.0,11508.169579031,0.9527402700555997,890,0,890,FastestO
query_cycle_4_24.graph,1,0.1,1172,243509.0,14170.6163867979,0.9418066010422698,1172,0,1172,FastestO
query_cycle_4_24.graph,1,0.15,1671,243509.0,12892.5504385965,0.9470551378446116,1671,0,1671,FastestO
query_cycle_4_24.graph,1,0.2,2040,243509.0,12143.2823645971,0.9501321003963011,2040,0,2040,FastestO
query_cycle_4_24.graph,1,0.3,2756,243509.0,12237.8723969872,0.9497436546616874,2756,0,2756,FastestO
query_cycle_4_24.graph,1,0.4,3270,243509.0,11700.60745,0.95195,3162,0,3270,FastestO
query_cycle_4_24.graph,1,0.5,3810,243509.0,12686.8189,0.9479,3185,0,3810,FastestO
query_cycle_4_24.graph,1,0.6,4342,243509.0,11761.4847,0.9517,3184,0,4342,FastestO
query_cycle_4_24.graph,1,0.7,4828,243509.0,12589.4153,0.9483,3170,0,4828,FastestO
query_cycle_4_24.graph,1,0.8,5362,243509.0,11761.4847,0.9517,3153,0,5362,FastestO
query_cycle_4_24.graph,1,0.9,500,243509.0,13452.2762172285,0.944756554307116,500,0,500,FastestO
query_cycle_4_24.graph,2,0.01,174,243509.0,12704.8173913043,0.9478260869565217,174,0,174,FastestO
query_cycle_4_24.graph,2,0.05,648,243509.0,10911.1429587482,0.9551920341394026,648,0,648,FastestO
query_cycle_4_24.graph,2,0.075,890,243509.0,10785.9134078212,0.955706304868316,890,0,890,FastestO
query_cycle_4_24.graph,2,0.1,1172,243509.0,10885.7952733485,0.9552961275626424,1172,0,1172,FastestO
query_cycle_4_24.graph,2,0.15,1671,243509.0,13219.9409623299,0.9457106679328902,1671,0,1671,FastestO
query_cycle_4_24.graph,2,0.2,2040,243509.0,12739.0749881908,0.9476854038734057,2040,0,2040,FastestO
query_cycle_4_24.graph,2,0.3,2756,243509.0,11777.4377748041,0.9516344867138214,2756,0,2756,FastestO
query_cycle_4_24.graph,2,0.4,3270,243509.0,12260.67815,0.94965,3206,0,3270,FastestO
query_cycle_4_24.graph,2,0.5,3810,243509.0,12418.959,0.949,3097,0,3810,FastestO
query_cycle_4_24.graph,2,0.6,4342,243509.0,12358.08175,0.9492499999999999,3180,0,4342,FastestO
query_cycle_4_24.graph,2,0.7,4828,243509.0,12248.5027,0.9497,3177,0,4828,FastestO
query_cycle_4_24.graph,2,0.8,5362,243509.0,12431.13445,0.94895,3214,0,5362,FastestO
query_cycle_4_24.graph,2,0.9,500,243509.0,11607.1817279047,0.952333664349553,500,0,500,FastestO
query_cycle_4_24.graph,3,0.01,174,243509.0,12287.1513761468,0.9495412844036697,174,0,174,FastestO
query_cycle_4_24.graph,3,0.05,648,243509.0,10389.7173333333,0.9573333333333334,648,0,648,FastestO
query_cycle_4_24.graph,3,0.075,890,243509.0,14076.305416477,0.9421939007737824,890,0,890,FastestO
query_cycle_4_24.graph,3,0.1,1172,243509.0,12757.5571142285,0.9476095047237332,1172,0,1172,FastestO
query_cycle_4_24.graph,3,0.15,1671,243509.0,13515.4425996205,0.9444971537001897,1671,0,1671,FastestO
query_cycle_4_24.graph,3,0.2,2040,243509.0,11471.6902773137,0.9528900768459739,2040,0,2040,FastestO
query_cycle_4_24.graph,3,0.3,2756,243509.0,12610.5700454841,0.9482131254061078,2756,0,2756,FastestO
query_cycle_4_24.graph,3,0.4,3270,243509.0,12236.32725,0.94975,3140,0,3270,FastestO
query_cycle_4_24.graph,3,0.5,3810,243509.0,12747.69615,0.94765,3201,0,3810,FastestO
query_cycle_4_24.graph,3,0.6,4342,243509.0,12516.3626,0.9486,3190,0,4342,FastestO
query_cycle_4_24.graph,3,0.7,4828,243509.0,12199.8009,0.9499,3210,0,4828,FastestO
query_cycle_4_24.graph,3,0.8,5362,243509.0,12126.7482,0.9502,3141,0,5362,FastestO
query_cycle_4_24.graph,3,0.9,500,243509.0,8755.91156462585,0.9640427599611273,500,0,500,FastestO
query_cycle_4_24.graph,4,0.01,174,243509.0,11641.8645418327,0.9521912350597609,174,0,174,FastestO
query_cycle_4_24.graph,4,0.05,648,243509.0,9862.79469273743,0.9594972067039106,648,0,648,FastestO
query_cycle_4_24.graph,4,0.075,890,243509.0,12927.8059181897,0.9469103568320278,890,0,890,FastestO
query_cycle_4_24.graph,4,0.1,1172,243509.0,14254.8604717249,0.9414606422279057,1172,0,1172,FastestO
query_cycle_4_24.graph,4,0.15,1671,243509.0,12030.3890389198,0.9505957108816521,1671,0,1671,FastestO
query_cycle_4_24.graph,4,0.2,2040,243509.0,11396.6335965213,0.9531983064423847,2040,0,2040,FastestO
query_cycle_4_24.graph,4,0.3,2756,243509.0,11943.0940839695,0.9509541984732823,2756,0,2756,FastestO
query_cycle_4_24.graph,4,0.4,3270,243509.0,12175.45,0.95,3174,0,3270,FastestO
query_cycle_4_24.graph,4,0.5,3810,243509.0,12175.45,0.95,3146,0,3810,FastestO
query_cycle_4_24.graph,4,0.6,4342,243509.0,11822.36195,0.95145,3192,0,4342,FastestO
query_cycle_4_24.graph,4,0.7,4828,243509.0,11578.85295,0.95245,3186,0,4828,FastestO
query_cycle_4_24.graph,4,0.8,5362,243509.0,11493.6248,0.9528000000000001,3108,0,5362,FastestO
query_cycle_4_24.graph,4,0.9,500,243509.0,14127.6318565401,0.9419831223628693,500,0,500,FastestO
query_cycle_4_24.graph,5,0.01,174,243509.0,10985.3684210526,0.9548872180451128,174,0,174,FastestO
query_cycle_4_24.graph,5,0.05,648,243509.0,12479.4362680683,0.9487516425755586,648,0,648,FastestO
query_cycle_4_24.graph,5,0.075,890,243509.0,13075.65881867,0.946303180503924,890,0,890,FastestO
query_cycle_4_24.graph,5,0.1,1172,243509.0,12720.1144762434,0.9477632675743262,1172,0,1172,FastestO
query_cycle_4_24.graph,5,0.15,1671,243509.0,11669.9978632479,0.952075702075702,1671,0,1671,FastestO
query_cycle_4_24.graph,5,0.2,2040,243509.0,11962.7502382213,0.9508734780307041,2040,0,2040,FastestO
query_cycle_4_24.graph,5,0.3,2756,243509.0,12785.5625404636,0.9474944969571411,2756,0,2756,FastestO
query_cycle_4_24.graph,5,0.4,3270,243509.0,12102.3973,0.9502999999999999,3147,0,3270,FastestO
query_cycle_4_24.graph,5,0.5,3810,243509.0,11798.01105,0.95155,3127,0,3810,FastestO
query_cycle_4_24.graph,5,0.6,4342,243509.0,12236.32725,0.94975,3198,0,4342,FastestO
query_cycle_4_24.graph,5,0.7,4828,243509.0,12516.3626,0.9486,3115,0,4828,FastestO
query_cycle_4_24.graph,5,0.8,5362,243509.0,11944.11645,0.95095,3188,0,5362,FastestO
query_cycle_4_24.graph,5,0.9,500,243509.0,9988.97447584321,0.95897903372835,500,0,500,FastestO
query_cycle_4_25.graph,1,0.01,588,403138.0,10608.3633802817,0.9736855285776044,588,0,588,FastestO
query_cycle_4_25.graph,1,0.05,1602,403138.0,10425.0764604811,0.9741401791434171,1602,0,1602,FastestO
query_cycle_4_25.graph,1,0.075,2018,403138.0,14127.8422344997,0.9649553199289085,2018,0,2018,FastestO
query_cycle_4_25.graph,1,0.1,2406,403138.0,12355.5413385827,0.9693515834811338,2406,0,2406,FastestO
query_cycle_4_25.graph,1,0.15,3104,403138.0,12987.4995150339,0.967783985843473,3104,0,3104,FastestO
query_cycle_4_25.graph,1,0.2,3628,403138.0,11270.4480901077,0.9720432008639529,3628,0,3628,FastestO
query_cycle_4_25.graph,1,0.3,4869,403138.0,13400.5478248548,0.9667594029219405,4869,0,4869,FastestO
query_cycle_4_25.graph,1,0.4,5590,403138.0,13189.4258343634,0.9672830994985256,5590,0,5590,FastestO
query_cycle_4_25.graph,1,0.5,5993,403138.0,11776.4380299477,0.9707880724963965,5993,0,5993,FastestO
query_cycle_4_25.graph,1,0.6,6440,403138.0,13195.2286234081,0.9672687054472461,6440,0,6440,FastestO
query_cycle_4_25.graph,1,0.7,6760,403138.0,12877.6918445173,0.968056368180332,6760,0,6760,FastestO
query_cycle_4_25.graph,1,0.8,7236,403138.0,13408.7104214602,0.966739155273231,7236,0,7236,FastestO
query_cycle_4_25.graph,1,0.9,500,403138.0,15140.9572368421,0.9624422474764421,500,0,500,FastestO
query_cycle_4_25.graph,2,0.01,588,403138.0,12893.1400560224,0.968018048271256,588,0,588,FastestO
query_cycle_4_25.graph,2,0.05,1602,403138.0,12858.1518876207,0.968104837828186,1602,0,1602,FastestO
query_cycle_4_25.graph,2,0.075,2018,403138.0,14972.9686900958,0.9628589498134738,2018,0,2018,FastestO
query_cycle_4_25.graph,2,0.1,2406,403138.0,16761.5851216023,0.9584222149199473,2406,0,2406,FastestO
query_cycle_4_25.graph,2,0.15,3104,403138.0,15139.1626466754,0.9624466990294257,3104,0,3104,FastestO
query_cycle_4_25.graph,2,0.2,3628,403138.0,15148.6235443038,0.9624232308928857,3628,0,3628,FastestO
query_cycle_4_25.graph,2,0.3,4869,403138.0,12121.1599445599,0.9699329759423325,4869,0,4869,FastestO
query_cycle_4_25.graph,2,0.4,5590,403138.0,13076.28125,0.9675637591841999,5590,0,5590,FastestO
query_cycle_4_25.graph,2,0.5,5993,403138.0,13194.4261835923,0.967270695931437,5993,0,5993,FastestO
query_cycle_4_25.graph,2,0.6,6440,403138.0,12073.2448979592,0.9700518311398103,6440,0,6440,FastestO
query_cycle_4_25.graph,2,0.7,6760,403138.0,12758.739904502,0.9683514332449383,6760,0,6760,FastestO
query_cycle_4_25.graph,2,0.8,7236,403138.0,12874.0409301812,0.9680654244199725,7236,0,7236,FastestO
query_cycle_4_25.graph,2,0.9,500,403138.0,14630.8041958042,0.9637077025837203,500,0,500,FastestO
query_cycle_4_25.graph,3,0.01,588,403138.0,9933.3175074184,0.9753600069767216,588,0,588,FastestO
query_cycle_4_25.graph,3,0.05,1602,403138.0,10506.3108225108,0.9739386740458335,1602,0,1602,FastestO
query_cycle_4_25.graph,3,0.075,2018,403138.0,11820.3672316384,0.9706791043472994,2018,0,2018,FastestO
query_cycle_4_25.graph,3,0.1,2406,403138.0,11925.0361323155,0.9704194689354129,2406,0,2406,FastestO
query_cycle_4_25.graph,3,0.15,3104,403138.0,10767.7,0.973290287693048,3104,0,3104,FastestO
query_cycle_4_25.graph,3,0.2,3628,403138.0,14265.0340909091,0.9646150100191272,3628,0,3628,FastestO
query_cycle_4_25.graph,3,0.3,4869,403138.0,13191.4907764317,0.967277977326792,4869,0,4869,FastestO
query_cycle_4_25.graph,3,0.4,5590,403138.0,12710.7908448476,0.9684703728131618,5590,0,5590,FastestO
query_cycle_4_25.graph,3,0.5,5993,403138.0,13527.2687077893,0.9664450666824033,5993,0,5993,FastestO
query_cycle_4_25.graph,3,0.6,6440,403138.0,14527.6389891697,0.9639636080221421,6440,0,6440,FastestO
query_cycle_4_25.graph,3,0.7,6760,403138.0,13227.0614314115,0.9671897428885108,6760,0,6760,FastestO
query_cycle_4_25.graph,3,0.8,7236,403138.0,13597.7165741747,0.9662703179204771,7236,0,7236,FastestO
query_cycle_4_25.graph,3,0.9,500,403138.0,15051.8345323741,0.9626633199242589,500,0,500,FastestO
query_cycle_4_25.graph,4,0.01,588,403138.0,12565.7957957958,0.9688300388556876,588,0,588,FastestO
query_cycle_4_25.graph,4,0.05,1602,403138.0,16590.1718061674,0.9588474125332581,1602,0,1602,FastestO
query_cycle_4_25.graph,4,0.075,2018,403138.0,12778.8999350227,0.968301425479556,2018,0,2018,FastestO
query_cycle_4_25.graph,4,0.1,2406,403138.0,13376.7352647353,0.9668184709336871,2406,0,2406,FastestO
query_cycle_4_25.graph,4,0.15,3104,403138.0,15557.9421273844,0.9614078997083271,3104,0,3104,FastestO
query_cycle_4_25.graph,4,0.2,3628,403138.0,12845.9491696024,0.9681351071603213,3628,0,3628,FastestO
query_cycle_4_25.graph,4,0.3,4869,403138.0,12217.2554744526,0.9696946071210043,4869,0,4869,FastestO
query_cycle_4_25.graph,4,0.4,5590,403138.0,12208.6928667843,0.9697158470132204,5590,0,5590,FastestO
query_cycle_4_25.graph,4,0.5,5993,403138.0,13360.0893273543,0.9668597618499019,5993,0,5993,FastestO
query_cycle_4_25.graph,4,0.6,6440,403138.0,12383.1216535733,0.9692831694021071,6440,0,6440,FastestO
query_cycle_4_25.graph,4,0.7,6760,403138.0,14478.6224733296,0.9640851954583056,6760,0,6760,FastestO
query_cycle_4_25.graph,4,0.8,7236,403138.0,14004.6668793503,0.9652608613443776,7236,0,7236,FastestO
query_cycle_4_25.graph,4,0.9,500,403138.0,12941.4742268041,0.9678981534194144,500,0,500,FastestO
query_cycle_4_25.graph,5,0.01,588,403138.0,13794.7582417582,0.9657815481503649,588,0,588,FastestO
query_cycle_4_25.graph,5,0.05,1602,403138.0,14969.18718802,0.9628683299812472,1602,0,1602,FastestO
query_cycle_4_25.graph,5,0.075,2018,403138.0,12903.4669603524,0.9679924319703118,2018,0,2018,FastestO
query_cycle_4_25.graph,5,0.1,2406,403138.0,13182.5924796748,0.9673000499092748,2406,0,2406,FastestO
query_cycle_4_25.graph,5,0.15,3104,403138.0,15068.512465374,0.9626219496416265,3104,0,3104,FastestO
query_cycle_4_25.graph,5,0.2,3628,403138.0,14414.1629820051,0.9642450898153854,3628,0,3628,FastestO
query_cycle_4_25.graph,5,0.3,4869,403138.0,12669.5595926232,0.9685726485902516,4869,0,4869,FastestO
query_cycle_4_25.graph,5,0.4,5590,403138.0,12673.2211362904,0.9685635659841285,5590,0,5590,FastestO
query_cycle_4_25.graph,5,0.5,5993,403138.0,13313.5116236667,0.9669752997145725,5993,0,5993,FastestO
query_cycle_4_25.graph,5,0.6,6440,403138.0,12454.3654495244,0.9691064463049269,6440,0,6440,FastestO
query_cycle_4_25.graph,5,0.7,6760,403138.0,12943.7601510234,0.9678924830925802,6760,0,6760,FastestO
query_cycle_4_25.graph,5,0.8,7236,403138.0,12896.4055371757,0.9680099481141056,7236,0,7236,FastestO
query_cycle_4_25.graph,5,0.9,500,403138.0,13498.0967741935,0.9665174288353031,500,0,500,FastestO
query_cycle_4_26.graph,1,0.01,141,223780.0,9422.31578947368,0.9578947368421052,141,0,141,FastestO
query_cycle_4_26.graph,1,0.05,642,223780.0,11340.2027027027,0.9493243243243243,642,0,642,FastestO
query_cycle_4_26.graph,1,0.075,938,223780.0,11831.2688821752,0.9471299093655589,938,0,938,FastestO
query_cycle_4_26.graph,1,0.1,1162,223780.0,12109.7126917713,0.9458856345885635,1162,0,1162,FastestO
query_cycle_4_26.graph,1,0.15,1662,223780.0,9966.76043131739,0.955461790904829,1662,0,1662,FastestO
query_cycle_4_26.graph,1,0.2,2067,223780.0,10598.5769896194,0.9526384083044982,2067,0,2067,FastestO
query_cycle_4_26.graph,1,0.3,2766,223780.0,10637.3048927147,0.9524653459079689,2766,0,2766,FastestO
query_cycle_4_26.graph,1,0.4,3296,223780.0,9891.076,0.9558,3149,0,3296,FastestO
query_cycle_4_26.graph,1,0.5,3800,223780.0,10036.533,0.9551500000000001,3141,0,3800,FastestO
query_cycle_4_26.graph,1,0.6,4354,223780.0,10070.1,0.955,3188,0,4354,FastestO
query_cycle_4_26.graph,1,0.7,4841,223780.0,10573.605,0.95275,3231,0,4841,FastestO
query_cycle_4_26.graph,1,0.8,5348,223780.0,9835.131,0.9560500000000001,3150,0,5348,FastestO
query_cycle_4_26.graph,1,0.9,500,223780.0,11252.6944971537,0.9497153700189754,500,0,500,FastestO
query_cycle_4_26.graph,2,0.01,141,223780.0,8100.6334841629,0.9638009049773756,141,0,141,FastestO
query_cycle_4_26.graph,2,0.05,642,223780.0,9849.21682847896,0.9559870550161812,642,0,642,FastestO
query_cycle_4_26.graph,2,0.075,938,223780.0,10738.6687306502,0.9520123839009288,938,0,938,FastestO
query_cycle_4_26.graph,2,0.1,1162,223780.0,10682.2023325197,0.9522647138595064,1162,0,1162,FastestO
query_cycle_4_26.graph,2,0.15,1662,223780.0,10318.4830279363,0.9538900570741965,1662,0,1662,FastestO
query_cycle_4_26.graph,2,0.2,2067,223780.0,10499.1591721747,0.9530826741792177,2067,0,2067,FastestO
query_cycle_4_26.graph,2,0.3,2766,223780.0,9936.1216828479,0.9555987055016181,2766,0,2766,FastestO
query_cycle_4_26.graph,2,0.4,3296,223780.0,10338.636,0.9538,3135,0,3296,FastestO
query_cycle_4_26.graph,2,0.5,3800,223780.0,10484.093,0.9531500000000001,3187,0,3800,FastestO
query_cycle_4_26.graph,2,0.6,4354,223780.0,10383.392,0.9536,3147,0,4354,FastestO
query_cycle_4_26.graph,2,0.7,4841,223780.0,10506.471,0.9530500000000001,3171,0,4841,FastestO
query_cycle_4_26.graph,2,0.8,5348,223780.0,10282.691,0.9540500000000001,3166,0,5348,FastestO
query_cycle_4_26.graph,2,0.9,500,223780.0,11178.041136141,0.9500489715964739,500,0,500,FastestO
query_cycle_4_26.graph,3,0.01,141,223780.0,6181.76795580111,0.9723756906077349,141,0,141,FastestO
query_cycle_4_26.graph,3,0.05,642,223780.0,8881.31424853611,0.9603122966818478,642,0,642,FastestO
query_cycle_4_26.graph,3,0.075,938,223780.0,10404.339403332,0.9535063928709803,938,0,938,FastestO
query_cycle_4_26.graph,3,0.1,1162,223780.0,8934.29727542487,0.9600755327758295,1162,0,1162,FastestO
query_cycle_4_26.graph,3,0.15,1662,223780.0,10444.6859978291,0.953326097069313,1662,0,1662,FastestO
query_cycle_4_26.graph,3,0.2,2067,223780.0,10003.7460389316,0.9552965142598461,2067,0,2067,FastestO
query_cycle_4_26.graph,3,0.3,2766,223780.0,10305.073441842,0.9539499801508535,2766,0,2766,FastestO
query_cycle_4_26.graph,3,0.4,3296,223780.0,10327.447,0.9538500000000001,3131,0,3296,FastestO
query_cycle_4_26.graph,3,0.5,3800,223780.0,10640.739,0.95245,3178,0,3800,FastestO
query_cycle_4_26.graph,3,0.6,4354,223780.0,10361.014,0.9537,3164,0,4354,FastestO
query_cycle_4_26.graph,3,0.7,4841,223780.0,9846.32,0.956,3150,0,4841,FastestO
query_cycle_4_26.graph,3,0.8,5348,223780.0,10528.849,0.9529500000000001,3169,0,5348,FastestO
query_cycle_4_26.graph,3,0.9,500,223780.0,11389.3685202639,0.9491046182846371,500,0,500,FastestO
query_cycle_4_26.graph,4,0.01,141,223780.0,8116.37305699482,0.9637305699481866,141,0,141,FastestO
query_cycle_4_26.graph,4,0.05,642,223780.0,10238.3006535948,0.9542483660130718,642,0,642,FastestO
query_cycle_4_26.graph,4,0.075,938,223780.0,12314.2694497154,0.9449715370018976,938,0,938,FastestO
query_cycle_4_26.graph,4,0.1,1162,223780.0,9387.25304465494,0.9580514208389715,1162,0,1162,FastestO
query_cycle_4_26.graph,4,0.15,1662,223780.0,10341.5236970323,0.9537870958216448,1662,0,1662,FastestO
query_cycle_4_26.graph,4,0.2,2067,223780.0,10338.060579647,0.9538025713663107,2067,0,2067,FastestO
query_cycle_4_26.graph,4,0.3,2766,223780.0,10165.9358735462,0.9545717406669665,2766,0,2766,FastestO
query_cycle_4_26.graph,4,0.4,3296,223780.0,10484.093,0.9531500000000001,3206,0,3296,FastestO
query_cycle_4_26.graph,4,0.5,3800,223780.0,9712.052,0.9566,3166,0,3800,FastestO
query_cycle_4_26.graph,4,0.6,4354,223780.0,10271.502,0.9540999999999999,3182,0,4354,FastestO
query_cycle_4_26.graph,4,0.7,4841,223780.0,10484.093,0.9531500000000001,3196,0,4841,FastestO
query_cycle_4_26.graph,4,0.8,5348,223780.0,9835.131,0.9560500000000001,3180,0,5348,FastestO
query_cycle_4_26.graph,4,0.9,500,223780.0,9361.31474103586,0.9581673306772908,500,0,500,FastestO
query_cycle_4_26.graph,5,0.01,141,223780.0,8288.14814814815,0.962962962962963,141,0,141,FastestO
query_cycle_4_26.graph,5,0.05,642,223780.0,8737.93514228987,0.9609530112508272,642,0,642,FastestO
query_cycle_4_26.graph,5,0.075,938,223780.0,8593.96084337349,0.9615963855421686,938,0,938,FastestO
query_cycle_4_26.graph,5,0.1,1162,223780.0,10365.4845126456,0.9536800227337312,1162,0,1162,FastestO
query_cycle_4_26.graph,5,0.15,1662,223780.0,10283.344082554,0.9540470815865849,1662,0,1662,FastestO
query_cycle_4_26.graph,5,0.2,2067,223780.0,9453.740967204,0.9577543079488604,2067,0,2067,FastestO
query_cycle_4_26.graph,5,0.3,2766,223780.0,10621.7531811755,0.9525348414461724,2766,0,2766,FastestO
query_cycle_4_26.graph,5,0.4,3296,223780.0,9779.186,0.9563,3186,0,3296,FastestO
query_cycle_4_26.graph,5,0.5,3800,223780.0,9588.973,0.9571500000000001,3165,0,3800,FastestO
query_cycle_4_26.graph,5,0.6,4354,223780.0,10752.629,0.95195,3152,0,4354,FastestO
query_cycle_4_26.graph,5,0.7,4841,223780.0,10439.337,0.95335,3181,0,4841,FastestO
query_cycle_4_26.graph,5,0.8,5348,223780.0,10428.148,0.9534,3173,0,5348,FastestO
query_cycle_4_26.graph,5,0.9,500,223780.0,8841.73095014111,0.960489181561618,500,0,500,FastestO
query_cycle_4_27.graph,1,0.01,168,229547.0,9181.88,0.96,168,0,168,FastestO
query_cycle_4_27.graph,1,0.05,663,229547.0,6500.44601769912,0.9716814159292035,663,0,663,FastestO
query_cycle_4_27.graph,1,0.075,932,229547.0,11148.6089663761,0.9514321295143213,932,0,932,FastestO
query_cycle_4_27.graph,1,0.1,1229,229547.0,10960.3522522523,0.9522522522522523,1229,0,1229,FastestO
query_cycle_4_27.graph,1,0.15,1710,229547.0,9059.23193685489,0.9605343047965998,1710,0,1710,FastestO
query_cycle_4_27.graph,1,0.2,2142,229547.0,9645.69423334823,0.9579794367456415,2142,0,2142,FastestO
query_cycle_4_27.graph,1,0.3,2865,229547.0,9893.63074943712,0.9568993245416533,2865,0,2865,FastestO
query_cycle_4_27.graph,1,0.4,3410,229547.0,10190.8283051263,0.9556046112337503,3410,0,3410,FastestO
query_cycle_4_27.graph,1,0.5,3960,229547.0,9301.07828481511,0.9594807238394965,3960,0,3960,FastestO
query_cycle_4_27.graph,1,0.6,4522,229547.0,8840.3056374959,0.9614880367092756,4522,0,4522,FastestO
query_cycle_4_27.graph,1,0.7,5066,229547.0,9572.25332790003,0.9582993751697908,5066,0,5066,FastestO
query_cycle_4_27.graph,1,0.8,5576,229547.0,9636.46999771846,0.9580196212639744,5576,0,5576,FastestO
query_cycle_4_27.graph,1,0.9,500,229547.0,9380.52644230769,0.9591346153846154,500,0,500,FastestO
query_cycle_4_27.graph,2,0.01,168,229547.0,7287.20634920635,0.9682539682539683,168,0,168,FastestO
query_cycle_4_27.graph,2,0.05,663,229547.0,9148.61231884058,0.9601449275362319,663,0,663,FastestO
query_cycle_4_27.graph,2,0.075,932,229547.0,7876.61274509804,0.9656862745098039,932,0,932,FastestO
query_cycle_4_27.graph,2,0.1,1229,229547.0,8509.24448367167,0.9629302736098853,1229,0,1229,FastestO
query_cycle_4_27.graph,2,0.15,1710,229547.0,10846.8753691672,0.9527466036621383,1710,0,1710,FastestO
query_cycle_4_27.graph,2,0.2,2142,229547.0,10481.598173516,0.954337899543379,2142,0,2142,FastestO
query_cycle_4_27.graph,2,0.3,2865,229547.0,8514.88098918083,0.9629057187017003,2865,0,2865,FastestO
query_cycle_4_27.graph,2,0.4,3410,229547.0,9153.03407443209,0.9601256645722571,3410,0,3410,FastestO
query_cycle_4_27.graph,2,0.5,3960,229547.0,9943.63333977954,0.956681492941404,3960,0,3960,FastestO
query_cycle_4_27.graph,2,0.6,4522,229547.0,9447.14089735313,0.9588444157520982,4522,0,4522,FastestO
query_cycle_4_27.graph,2,0.7,5066,229547.0,9499.75646637485,0.9586152009550338,5066,0,5066,FastestO
query_cycle_4_27.graph,2,0.8,5576,229547.0,9113.26249416161,0.9602989257356376,5576,0,5576,FastestO
query_cycle_4_27.graph,2,0.9,500,229547.0,11902.437037037,0.9481481481481481,500,0,500,FastestO
query_cycle_4_27.graph,3,0.01,168,229547.0,8761.3358778626,0.9618320610687023,168,0,168,FastestO
query_cycle_4_27.graph,3,0.05,663,229547.0,8442.18388791594,0.9632224168126094,663,0,663,FastestO
query_cycle_4_27.graph,3,0.075,932,229547.0,9158.9825436409,0.9600997506234414,932,0,932,FastestO
query_cycle_4_27.graph,3,0.1,1229,229547.0,10051.6559428061,0.9562109025915997,1229,0,1229,FastestO
query_cycle_4_27.graph,3,0.15,1710,229547.0,8945.17685851319,0.9610311750599521,1710,0,1710,FastestO
query_cycle_4_27.graph,3,0.2,2142,229547.0,8539.8480502017,0.9627969520394443,2142,0,2142,FastestO
query_cycle_4_27.graph,3,0.3,2865,229547.0,9273.18520820385,0.9596022374145432,2865,0,2865,FastestO
query_cycle_4_27.graph,3,0.4,3410,229547.0,9159.2645320197,0.9600985221674877,3410,0,3410,FastestO
query_cycle_4_27.graph,3,0.5,3960,229547.0,8926.08763784098,0.9611143354614046,3960,0,3960,FastestO
query_cycle_4_27.graph,3,0.6,4522,229547.0,9863.94503664224,0.9570286475682878,4522,0,4522,FastestO
query_cycle_4_27.graph,3,0.7,5066,229547.0,9347.92873409243,0.9592766242464836,5066,0,5066,FastestO
query_cycle_4_27.graph,3,0.8,5576,229547.0,10155.0746543779,0.9557603686635945,5576,0,5576,FastestO
query_cycle_4_27.graph,3,0.9,500,229547.0,11211.8071979434,0.9511568123393316,500,0,500,FastestO
query_cycle_4_27.graph,4,0.01,168,229547.0,9181.88,0.96,168,0,168,FastestO
query_cycle_4_27.graph,4,0.05,663,229547.0,9181.88,0.96,663,0,663,FastestO
query_cycle_4_27.graph,4,0.075,932,229547.0,7567.48351648352,0.967032967032967,932,0,932,FastestO
query_cycle_4_27.graph,4,0.1,1229,229547.0,9411.01782531194,0.9590017825311943,1229,0,1229,FastestO
query_cycle_4_27.graph,4,0.15,1710,229547.0,9817.97409638554,0.9572289156626507,1710,0,1710,FastestO
query_cycle_4_27.graph,4,0.2,2142,229547.0,11071.3987138264,0.9517684887459806,2142,0,2142,FastestO
query_cycle_4_27.graph,4,0.3,2865,229547.0,9422.5165772024,0.9589516892958636,2865,0,2865,FastestO
query_cycle_4_27.graph,4,0.4,3410,229547.0,9836.90194101336,0.9571464582808168,3410,0,3410,FastestO
query_cycle_4_27.graph,4,0.5,3960,229547.0,9500.06396039604,0.9586138613861386,3960,0,3960,FastestO
query_cycle_4_27.graph,4,0.6,4522,229547.0,8735.64365733114,0.9619439868204284,4522,0,4522,FastestO
query_cycle_4_27.graph,4,0.7,5066,229547.0,9205.84040653756,0.9598956187336904,5066,0,5066,FastestO
query_cycle_4_27.graph,4,0.8,5576,229547.0,9937.44556638812,0.9567084493964717,5576,0,5576,FastestO
query_cycle_4_27.graph,4,0.9,500,229547.0,9791.10426540284,0.9573459715639809,500,0,500,FastestO
query_cycle_4_27.graph,5,0.01,168,229547.0,10930.8095238095,0.9523809523809523,168,0,168,FastestO
query_cycle_4_27.graph,5,0.05,663,229547.0,10377.3508137432,0.9547920433996383,663,0,663,FastestO
query_cycle_4_27.graph,5,0.075,932,229547.0,10734.2122302158,0.9532374100719424,932,0,932,FastestO
query_cycle_4_27.graph,5,0.1,1229,229547.0,10970.9963235294,0.9522058823529412,1229,0,1229,FastestO
query_cycle_4_27.graph,5,0.15,1710,229547.0,8284.00116414435,0.9639115250291037,1710,0,1710,FastestO
query_cycle_4_27.graph,5,0.2,2142,229547.0,8578.2985141828,0.9626294461954075,2142,0,2142,FastestO
query_cycle_4_27.graph,5,0.3,2865,229547.0,10036.4084946908,0.9562773266708308,2865,0,2865,FastestO
query_cycle_4_27.graph,5,0.4,3410,229547.0,9627.9191943128,0.9580568720379147,3410,0,3410,FastestO
query_cycle_4_27.graph,5,0.5,3960,229547.0,9598.09652207894,0.9581867917155139,3960,0,3960,FastestO
query_cycle_4_27.graph,5,0.6,4522,229547.0,9510.07067424858,0.958570268074736,4522,0,4522,FastestO
query_cycle_4_27.graph,5,0.7,5066,229547.0,10006.6302929335,0.9564070526169652,5066,0,5066,FastestO
query_cycle_4_27.graph,5,0.8,5576,229547.0,9971.03112659698,0.9565621370499419,5576,0,5576,FastestO
query_cycle_4_27.graph,5,0.9,500,229547.0,7781.25423728814,0.9661016949152542,500,0,500,FastestO
query_cycle_4_28.graph,1,0.01,551,222755.0,5680.51956521739,0.9744988010809301,551,0,551,FastestO
query_cycle_4_28.graph,1,0.05,1428,222755.0,6039.3813559322,0.97288778543273,1428,0,1428,FastestO
query_cycle_4_28.graph,1,0.075,1734,222755.0,7008.20651505839,0.9685384996293759,1734,0,1734,FastestO
query_cycle_4_28.graph,1,0.1,2117,222755.0,4089.7962697274,0.9816399350419636,2117,0,2117,FastestO
query_cycle_4_28.graph,1,0.15,2482,222755.0,4360.43655227454,0.9804249666572039,2482,0,2482,FastestO
query_cycle_4_28.graph,1,0.2,2873,222755.0,6270.32893401015,0.9718510070076535,2873,0,2873,FastestO
query_cycle_4_28.graph,1,0.3,3623,222755.0,4360.91993880673,0.9804227966204722,3623,0,3623,FastestO
query_cycle_4_28.graph,1,0.4,4158,222755.0,5584.60995939303,0.974929362037247,4158,0,4158,FastestO
query_cycle_4_28.graph,1,0.5,4696,222755.0,5385.02303473492,0.9758253550549486,4696,0,4696,FastestO
query_cycle_4_28.graph,1,0.6,5144,222755.0,5574.11668273867,0.9749764688436233,5144,0,5144,FastestO
query_cycle_4_28.graph,1,0.7,5547,222755.0,5795.55088783023,0.9739823982050673,5547,0,5547,FastestO
query_cycle_4_28.graph,1,0.8,5932,222755.0,5908.08466728403,0.9734772073924983,5932,0,5932,FastestO
query_cycle_4_28.graph,1,0.9,500,222755.0,8690.81707317073,0.9609848619641725,500,0,500,FastestO
query_cycle_4_28.graph,2,0.01,551,222755.0,4938.64864864865,0.9778292354889963,551,0,551,FastestO
query_cycle_4_28.graph,2,0.05,1428,222755.0,6109.42965204236,0.9725733220262515,1428,0,1428,FastestO
query_cycle_4_28.graph,2,0.075,1734,222755.0,7136.6652360515,0.9679618179791631,1734,0,1734,FastestO
query_cycle_4_28.graph,2,0.1,2117,222755.0,6035.52109300096,0.9729051150681199,2117,0,2117,FastestO
query_cycle_4_28.graph,2,0.15,2482,222755.0,5015.97490039841,0.9774820996143817,2482,0,2482,FastestO
query_cycle_4_28.graph,2,0.2,2873,222755.0,6175.31161377448,0.9722775622824427,2873,0,2873,FastestO
query_cycle_4_28.graph,2,0.3,3623,222755.0,5220.85714285714,0.976562334659796,3623,0,3623,FastestO
query_cycle_4_28.graph,2,0.4,4158,222755.0,6087.13024142313,0.9726734293666893,4158,0,4158,FastestO
query_cycle_4_28.graph,2,0.5,4696,222755.0,5333.72221191316,0.9760556566096692,4696,0,4696,FastestO
query_cycle_4_28.graph,2,0.6,5144,222755.0,4960.06585287504,0.9777330885821865,5144,0,5144,FastestO
query_cycle_4_28.graph,2,0.7,5547,222755.0,6069.65615418309,0.9727518746866149,5547,0,5547,FastestO
query_cycle_4_28.graph,2,0.8,5932,222755.0,4804.01129349967,0.9784336544926054,5932,0,5932,FastestO
query_cycle_4_28.graph,2,0.9,500,222755.0,2781.60421545667,0.987512719285957,500,0,500,FastestO
query_cycle_4_28.graph,3,0.01,551,222755.0,6669.84233261339,0.9700574966550094,551,0,551,FastestO
query_cycle_4_28.graph,3,0.05,1428,222755.0,3328.4889380531,0.9850576241249215,1428,0,1428,FastestO
query_cycle_4_28.graph,3,0.075,1734,222755.0,5201.80291970803,0.9766478735843953,1734,0,1734,FastestO
query_cycle_4_28.graph,3,0.1,2117,222755.0,5626.45665561345,0.97474150229798,2117,0,2117,FastestO
query_cycle_4_28.graph,3,0.15,2482,222755.0,5814.46427161469,0.9738974915417625,2482,0,2482,FastestO
query_cycle_4_28.graph,3,0.2,2873,222755.0,6738.97872340426,0.96974712700768,2873,0,2873,FastestO
query_cycle_4_28.graph,3,0.3,3623,222755.0,6444.6610040568,0.9710683890190711,3623,0,3623,FastestO
query_cycle_4_28.graph,3,0.4,4158,222755.0,5218.12656903766,0.9765745928529657,4158,0,4158,FastestO
query_cycle_4_28.graph,3,0.5,4696,222755.0,4464.57340425532,0.979957471642588,4696,0,4696,FastestO
query_cycle_4_28.graph,3,0.6,5144,222755.0,5057.51974646514,0.9772955949520095,5144,0,5144,FastestO
query_cycle_4_28.graph,3,0.7,5547,222755.0,5313.36906318083,0.9761470267191272,5547,0,5547,FastestO
query_cycle_4_28.graph,3,0.8,5932,222755.0,4831.39942264795,0.9783107026883888,5932,0,5932,FastestO
query_cycle_4_28.graph,3,0.9,500,222755.0,7317.86018957346,0.9671483908797851,500,0,500,FastestO
query_cycle_4_28.graph,4,0.01,551,222755.0,3992.42016806723,0.9820770794457264,551,0,551,FastestO
query_cycle_4_28.graph,4,0.05,1428,222755.0,3623.93592677346,0.9837312925556173,1428,0,1428,FastestO
query_cycle_4_28.graph,4,0.075,1734,222755.0,4994.84601113173,0.977576952206991,1734,0,1734,FastestO
query_cycle_4_28.graph,4,0.1,2117,222755.0,4985.16691068814,0.9776204039833534,2117,0,2117,FastestO
query_cycle_4_28.graph,4,0.15,2482,222755.0,4638.87388120423,0.9791749954829106,2482,0,2482,FastestO
query_cycle_4_28.graph,4,0.2,2873,222755.0,5819.1533557047,0.9738764411317156,2873,0,2873,FastestO
query_cycle_4_28.graph,4,0.3,3623,222755.0,5170.72087067862,0.9767874082706175,3623,0,3623,FastestO
query_cycle_4_28.graph,4,0.4,4158,222755.0,5689.79640718563,0.9744571551382207,4158,0,4158,FastestO
query_cycle_4_28.graph,4,0.5,4696,222755.0,5241.97866862817,0.9764675151236643,4696,0,4696,FastestO
query_cycle_4_28.graph,4,0.6,5144,222755.0,4907.40348612008,0.9779695024303828,5144,0,5144,FastestO
query_cycle_4_28.graph,4,0.7,5547,222755.0,5249.13301559792,0.9764353975641493,5547,0,5547,FastestO
query_cycle_4_28.graph,4,0.8,5932,222755.0,5561.87628043102,0.9750314189112207,5932,0,5932,FastestO
query_cycle_4_28.graph,4,0.9,500,222755.0,5629.12322274881,0.9747295314459886,500,0,500,FastestO
query_cycle_4_28.graph,5,0.01,551,222755.0,4052.00852878465,0.9818095731687969,551,0,551,FastestO
query_cycle_4_28.graph,5,0.05,1428,222755.0,6564.08737864078,0.9705322557130445,1428,0,1428,FastestO
query_cycle_4_28.graph,5,0.075,1734,222755.0,5386.28546511628,0.9758196877057023,1734,0,1734,FastestO
query_cycle_4_28.graph,5,0.1,2117,222755.0,5985.67144268775,0.973128901965443,2117,0,2117,FastestO
query_cycle_4_28.graph,5,0.15,2482,222755.0,4404.37484885127,0.9802277172281149,2482,0,2482,FastestO
query_cycle_4_28.graph,5,0.2,2873,222755.0,4935.87961741425,0.9778416663266177,2873,0,2873,FastestO
query_cycle_4_28.graph,5,0.3,3623,222755.0,5370.36171816127,0.9758911731805738,3623,0,3623,FastestO
query_cycle_4_28.graph,5,0.4,4158,222755.0,5087.8658764816,0.977159363980689,4158,0,4158,FastestO
query_cycle_4_28.graph,5,0.5,4696,222755.0,6073.32892112421,0.9727353867651717,4696,0,4696,FastestO
query_cycle_4_28.graph,5,0.6,5144,222755.0,5030.71843414086,0.9774159123963957,5144,0,5144,FastestO
query_cycle_4_28.graph,5,0.7,5547,222755.0,5838.84993531695,0.97378801851668,5547,0,5547,FastestO
query_cycle_4_28.graph,5,0.8,5932,222755.0,5240.05147058824,0.9764761667725159,5932,0,5932,FastestO
query_cycle_4_28.graph,5,0.9,500,222755.0,7918.3,0.9644528742340239,500,0,500,FastestO
query_cycle_4_29.graph,1,0.01,152,230405.0,15360.3333333333,0.9333333333333332,152,0,152,FastestO
query_cycle_4_29.graph,1,0.05,653,230405.0,9483.60661268556,0.9588394062078271,653,0,653,FastestO
query_cycle_4_29.graph,1,0.075,927,230405.0,10274.0462427746,0.9554087530966143,927,0,927,FastestO
query_cycle_4_29.graph,1,0.1,1211,230405.0,9471.88272383354,0.958890290037831,1211,0,1211,FastestO
query_cycle_4_29.graph,1,0.15,1709,230405.0,10848.6659192825,0.9529147982062781,1709,0,1709,FastestO
query_cycle_4_29.graph,1,0.2,2066,230405.0,10094.9296254257,0.9561861520998864,2066,0,2066,FastestO
query_cycle_4_29.graph,1,0.3,2798,230405.0,10412.7156943303,0.9548069022185703,2798,0,2798,FastestO
query_cycle_4_29.graph,1,0.4,3356,230405.0,10402.78575,0.95485,3272,0,3356,FastestO
query_cycle_4_29.graph,1,0.5,3857,230405.0,9988.05675,0.95665,3363,0,3857,FastestO
query_cycle_4_29.graph,1,0.6,4414,230405.0,10368.225,0.955,3249,0,4414,FastestO
query_cycle_4_29.graph,1,0.7,4948,230405.0,9389.00375,0.9592499999999999,3210,0,4948,FastestO
query_cycle_4_29.graph,1,0.8,5462,230405.0,10460.387,0.9546,3290,0,5462,FastestO
query_cycle_4_29.graph,1,0.9,500,230405.0,9741.80432645034,0.9577187807276303,500,0,500,FastestO
query_cycle_4_29.graph,2,0.01,152,230405.0,3921.78723404255,0.9829787234042553,152,0,152,FastestO
query_cycle_4_29.graph,2,0.05,653,230405.0,9600.20833333333,0.9583333333333333,653,0,653,FastestO
query_cycle_4_29.graph,2,0.075,927,230405.0,10269.2666126418,0.9554294975688817,927,0,927,FastestO
query_cycle_4_29.graph,2,0.1,1211,230405.0,10673.9158442982,0.953673245614035,1211,0,1211,FastestO
query_cycle_4_29.graph,2,0.15,1709,230405.0,10795.0177105136,0.9531476412815971,1709,0,1709,FastestO
query_cycle_4_29.graph,2,0.2,2066,230405.0,9961.53108623154,0.9567651262505956,2066,0,2066,FastestO
query_cycle_4_29.graph,2,0.3,2798,230405.0,10159.9536357572,0.9559039359573048,2798,0,2798,FastestO
query_cycle_4_29.graph,2,0.4,3356,230405.0,9976.5365,0.9567000000000001,3306,0,3356,FastestO
query_cycle_4_29.graph,2,0.5,3857,230405.0,9999.577,0.9566,3238,0,3857,FastestO
query_cycle_4_29.graph,2,0.6,4414,230405.0,10218.46175,0.95565,3296,0,4414,FastestO
query_cycle_4_29.graph,2,0.7,4948,230405.0,9815.253,0.9574,3273,0,4948,FastestO
query_cycle_4_29.graph,2,0.8,5462,230405.0,10621.6705,0.9539,3259,0,5462,FastestO
query_cycle_4_29.graph,2,0.9,500,230405.0,10164.9264705882,0.9558823529411765,500,0,500,FastestO
query_cycle_4_29.graph,3,0.01,152,230405.0,14945.1891891892,0.9351351351351351,152,0,152,FastestO
query_cycle_4_29.graph,3,0.05,653,230405.0,10682.1148359486,0.9536376604850214,653,0,653,FastestO
query_cycle_4_29.graph,3,0.075,927,230405.0,11283.20781893,0.9510288065843622,927,0,927,FastestO
query_cycle_4_29.graph,3,0.1,1211,230405.0,9889.91285119667,0.9570759625390219,1211,0,1211,FastestO
query_cycle_4_29.graph,3,0.15,1709,230405.0,10594.5801946014,0.9540175768989329,1709,0,1709,FastestO
query_cycle_4_29.graph,3,0.2,2066,230405.0,9721.72995780591,0.9578059071729957,2066,0,2066,FastestO
query_cycle_4_29.graph,3,0.3,2798,230405.0,9966.19868035191,0.9567448680351907,2798,0,2798,FastestO
query_cycle_4_29.graph,3,0.4,3356,230405.0,9538.767,0.9586,3267,0,3356,FastestO
query_cycle_4_29.graph,3,0.5,3857,230405.0,10080.21875,0.95625,3289,0,3857,FastestO
query_cycle_4_29.graph,3,0.6,4414,230405.0,10149.34025,0.95595,3258,0,4414,FastestO
query_cycle_4_29.graph,3,0.7,4948,230405.0,10149.34025,0.95595,3297,0,4948,FastestO
query_cycle_4_29.graph,3,0.8,5462,230405.0,10379.74525,0.95495,3288,0,5462,FastestO
query_cycle_4_29.graph,3,0.9,500,230405.0,10250.1257253385,0.9555125725338491,500,0,500,FastestO
query_cycle_4_29.graph,4,0.01,152,230405.0,10666.8981481481,0.9537037037037037,152,0,152,FastestO
query_cycle_4_29.graph,4,0.05,653,230405.0,9639.07557354926,0.9581646423751687,653,0,653,FastestO
query_cycle_4_29.graph,4,0.075,927,230405.0,10729.6446078431,0.9534313725490197,927,0,927,FastestO
query_cycle_4_29.graph,4,0.1,1211,230405.0,10020.366088632,0.9565097715386733,1211,0,1211,FastestO
query_cycle_4_29.graph,4,0.15,1709,230405.0,10500.7250580046,0.9544249254226053,1709,0,1709,FastestO
query_cycle_4_29.graph,4,0.2,2066,230405.0,10988.63047098,0.9523073263558516,2066,0,2066,FastestO
query_cycle_4_29.graph,4,0.3,2798,230405.0,10178.5943396226,0.9558230318802863,2798,0,2798,FastestO
query_cycle_4_29.graph,4,0.4,3356,230405.0,10391.2655,0.9549,3251,0,3356,FastestO
query_cycle_4_29.graph,4,0.5,3857,230405.0,10299.1035,0.9553,3305,0,3857,FastestO
query_cycle_4_29.graph,4,0.6,4414,230405.0,10575.5895,0.9540999999999999,3248,0,4414,FastestO
query_cycle_4_29.graph,4,0.7,4948,230405.0,10921.197,0.9526000000000001,3248,0,4948,FastestO
query_cycle_4_29.graph,4,0.8,5462,230405.0,9988.05675,0.95665,3290,0,5462,FastestO
query_cycle_4_29.graph,4,0.9,500,230405.0,8852.7704752275,0.9615773508594539,500,0,500,FastestO
query_cycle_4_29.graph,5,0.01,152,230405.0,6283.77272727273,0.9727272727272727,152,0,152,FastestO
query_cycle_4_29.graph,5,0.05,653,230405.0,9847.70352781547,0.9572591587516961,653,0,653,FastestO
query_cycle_4_29.graph,5,0.075,927,230405.0,11297.8513513514,0.950965250965251,927,0,927,FastestO
query_cycle_4_29.graph,5,0.1,1211,230405.0,11249.9986361157,0.9511729405346426,1211,0,1211,FastestO
query_cycle_4_29.graph,5,0.15,1709,230405.0,10952.0201855771,0.9524662217157741,1709,0,1709,FastestO
query_cycle_4_29.graph,5,0.2,2066,230405.0,10178.7437698233,0.9558223833257816,2066,0,2066,FastestO
query_cycle_4_29.graph,5,0.3,2798,230405.0,10212.106295352,0.9556775838399686,2798,0,2798,FastestO
query_cycle_4_29.graph,5,0.4,3356,230405.0,10229.982,0.9556,3333,0,3356,FastestO
query_cycle_4_29.graph,5,0.5,3857,230405.0,10541.02875,0.95425,3234,0,3857,FastestO
query_cycle_4_29.graph,5,0.6,4414,230405.0,10621.6705,0.9539,3308,0,4414,FastestO
query_cycle_4_29.graph,5,0.7,4948,230405.0,9895.89475,0.95705,3234,0,4948,FastestO
query_cycle_4_29.graph,5,0.8,5462,230405.0,10564.06925,0.9541499999999999,3299,0,5462,FastestO
query_cycle_4_29.graph,5,0.9,500,230405.0,11657.3958333333,0.9494047619047619,500,0,500,FastestO
query_cycle_4_3.graph,1,0.01,234,221160.0,6911.25,0.96875,234,0,234,FastestO
query_cycle_4_3.graph,1,0.05,842,221160.0,9987.87096774194,0.9548387096774194,842,0,842,FastestO
query_cycle_4_3.graph,1,0.075,1193,221160.0,9175.72037510656,0.9585109406081274,1193,0,1193,FastestO
query_cycle_4_3.graph,1,0.1,1564,221160.0,9610.05625606207,0.9565470417070806,1564,0,1564,FastestO
query_cycle_4_3.graph,1,0.15,2158,221160.0,9126.20337830178,0.9587348373200317,2158,0,2158,FastestO
query_cycle_4_3.graph,1,0.2,2660,221160.0,8817.93265834707,0.9601287183109646,2660,0,2660,FastestO
query_cycle_4_3.graph,1,0.3,3468,221160.0,9011.68978756079,0.9592526234962887,3468,0,3468,FastestO
query_cycle_4_3.graph,1,0.4,4067,221160.0,8879.574,0.95985,3402,0,4067,FastestO
query_cycle_4_3.graph,1,0.5,4565,221160.0,9023.328,0.9591999999999999,3453,0,4565,FastestO
query_cycle_4_3.graph,1,0.6,5133,221160.0,8923.806,0.95965,3534,0,5133,FastestO
query_cycle_4_3.graph,1,0.7,5640,221160.0,8658.414,0.9608500000000001,3477,0,5640,FastestO
query_cycle_4_3.graph,1,0.8,6138,221160.0,8780.052,0.9603,3460,0,6138,FastestO
query_cycle_4_3.graph,1,0.9,500,221160.0,11972.2440944882,0.9458661417322834,500,0,500,FastestO
query_cycle_4_3.graph,2,0.01,234,221160.0,7046.76470588235,0.9681372549019608,234,0,234,FastestO
query_cycle_4_3.graph,2,0.05,842,221160.0,7647.30290456432,0.9654218533886584,842,0,842,FastestO
query_cycle_4_3.graph,2,0.075,1193,221160.0,10222.4522557432,0.9537780238029339,1193,0,1193,FastestO
query_cycle_4_3.graph,2,0.1,1564,221160.0,8532.34558956711,0.9614200326027893,1564,0,1564,FastestO
query_cycle_4_3.graph,2,0.15,2158,221160.0,9490.87307911212,0.9570859419464998,2158,0,2158,FastestO
query_cycle_4_3.graph,2,0.2,2660,221160.0,9042.88743059061,0.9591115598182737,2660,0,2660,FastestO
query_cycle_4_3.graph,2,0.3,3468,221160.0,9377.184,0.9576,3468,0,3468,FastestO
query_cycle_4_3.graph,2,0.4,4067,221160.0,9465.648,0.9572000000000001,3413,0,4067,FastestO
query_cycle_4_3.graph,2,0.5,4565,221160.0,8934.864,0.9596,3475,0,4565,FastestO
query_cycle_4_3.graph,2,0.6,5133,221160.0,9653.634,0.95635,3562,0,5133,FastestO
query_cycle_4_3.graph,2,0.7,5640,221160.0,9144.966,0.9586499999999999,3471,0,5640,FastestO
query_cycle_4_3.graph,2,0.8,6138,221160.0,8481.486,0.96165,3490,0,6138,FastestO
query_cycle_4_3.graph,2,0.9,500,221160.0,10450.1832208293,0.95274831243973,500,0,500,FastestO
query_cycle_4_3.graph,3,0.01,234,221160.0,11640,0.9473684210526315,234,0,234,FastestO
query_cycle_4_3.graph,3,0.05,842,221160.0,8755.75221238938,0.96040987424313,842,0,842,FastestO
query_cycle_4_3.graph,3,0.075,1193,221160.0,8973.68633093525,0.9594244604316547,1193,0,1193,FastestO
query_cycle_4_3.graph,3,0.1,1564,221160.0,9000.94451910155,0.959301209445191,1564,0,1564,FastestO
query_cycle_4_3.graph,3,0.15,2158,221160.0,8686.50677789364,0.9607229753215155,2158,0,2158,FastestO
query_cycle_4_3.graph,3,0.2,2660,221160.0,9447.40857503152,0.957282471626734,2660,0,2660,FastestO
query_cycle_4_3.graph,3,0.3,3468,221160.0,9512.13673469388,0.9569897959183673,3468,0,3468,FastestO
query_cycle_4_3.graph,3,0.4,4067,221160.0,9332.952,0.9578000000000001,3497,0,4067,FastestO
query_cycle_4_3.graph,3,0.5,4565,221160.0,8934.864,0.9596,3539,0,4565,FastestO
query_cycle_4_3.graph,3,0.6,5133,221160.0,9266.604,0.9581000000000001,3491,0,5133,FastestO
query_cycle_4_3.graph,3,0.7,5640,221160.0,9697.866,0.9561499999999999,3505,0,5640,FastestO
query_cycle_4_3.graph,3,0.8,6138,221160.0,9034.386,0.9591500000000001,3429,0,6138,FastestO
query_cycle_4_3.graph,3,0.9,500,221160.0,10929.4186046512,0.9505813953488371,500,0,500,FastestO
query_cycle_4_3.graph,4,0.01,234,221160.0,9967.77464788733,0.9549295774647887,234,0,234,FastestO
query_cycle_4_3.graph,4,0.05,842,221160.0,8745.87272727273,0.9604545454545453,842,0,842,FastestO
query_cycle_4_3.graph,4,0.075,1193,221160.0,10478.2842724979,0.9526212503504345,1193,0,1193,FastestO
query_cycle_4_3.graph,4,0.1,1564,221160.0,9793.06273062731,0.9557195571955719,1564,0,1564,FastestO
query_cycle_4_3.graph,4,0.15,2158,221160.0,9114.14339959794,0.958789367880277,2158,0,2158,FastestO
query_cycle_4_3.graph,4,0.2,2660,221160.0,9617.94561933535,0.9565113690570838,2660,0,2660,FastestO
query_cycle_4_3.graph,4,0.3,3468,221160.0,8921.31689717378,0.959661254760473,3468,0,3468,FastestO
query_cycle_4_3.graph,4,0.4,4067,221160.0,8569.95,0.9612499999999999,3446,0,4067,FastestO
query_cycle_4_3.graph,4,0.5,4565,221160.0,9001.212,0.9593,3473,0,4565,FastestO
query_cycle_4_3.graph,4,0.6,5133,221160.0,9288.72,0.958,3454,0,5133,FastestO
query_cycle_4_3.graph,4,0.7,5640,221160.0,8912.748,0.9597,3423,0,5640,FastestO
query_cycle_4_3.graph,4,0.8,6138,221160.0,9310.836,0.9579,3513,0,6138,FastestO
query_cycle_4_3.graph,4,0.9,500,221160.0,8677.09090909091,0.9607655502392345,500,0,500,FastestO
query_cycle_4_3.graph,5,0.01,234,221160.0,9700,0.956140350877193,234,0,234,FastestO
query_cycle_4_3.graph,5,0.05,842,221160.0,10021.1574697174,0.9546882009869897,842,0,842,FastestO
query_cycle_4_3.graph,5,0.075,1193,221160.0,9699.45459657014,0.9561428169806017,1193,0,1193,FastestO
query_cycle_4_3.graph,5,0.1,1564,221160.0,9503.62872421696,0.9570282658517953,1564,0,1564,FastestO
query_cycle_4_3.graph,5,0.15,2158,221160.0,9041.98200199978,0.9591156538162426,2158,0,2158,FastestO
query_cycle_4_3.graph,5,0.2,2660,221160.0,9378.18152942111,0.9575954895576908,2660,0,2660,FastestO
query_cycle_4_3.graph,5,0.3,3468,221160.0,9189.198,0.95845,3461,0,3468,FastestO
query_cycle_4_3.graph,5,0.4,4067,221160.0,8868.516,0.9599,3486,0,4067,FastestO
query_cycle_4_3.graph,5,0.5,4565,221160.0,8879.574,0.95985,3492,0,4565,FastestO
query_cycle_4_3.graph,5,0.6,5133,221160.0,8569.95,0.9612499999999999,3526,0,5133,FastestO
query_cycle_4_3.graph,5,0.7,5640,221160.0,9034.386,0.9591500000000001,3466,0,5640,FastestO
query_cycle_4_3.graph,5,0.8,6138,221160.0,9487.764,0.9571000000000001,3534,0,6138,FastestO
query_cycle_4_3.graph,5,0.9,500,221160.0,7793.25714285714,0.9647619047619047,500,0,500,FastestO
query_cycle_4_30.graph,1,0.01,162,233642.0,14602.625,0.9375,162,0,162,FastestO
query_cycle_4_30.graph,1,0.05,610,233642.0,13948.776119403,0.9402985074626865,610,0,610,FastestO
query_cycle_4_30.graph,1,0.075,887,233642.0,9840.76161528441,0.9578810247503255,887,0,887,FastestO
query_cycle_4_30.graph,1,0.1,1170,233642.0,12547.5599008538,0.9462957862847701,1170,0,1170,FastestO
query_cycle_4_30.graph,1,0.15,1606,233642.0,12755.9848709094,0.9454037164939977,1606,0,1606,FastestO
query_cycle_4_30.graph,1,0.2,1970,233642.0,10959.2041400573,0.9530940321515085,1970,0,1970,FastestO
query_cycle_4_30.graph,1,0.3,2667,233642.0,12147.4700402986,0.9480081918477903,2667,0,2667,FastestO
query_cycle_4_30.graph,1,0.4,3227,233642.0,11121.3592,0.9524,3053,0,3227,FastestO
query_cycle_4_30.graph,1,0.5,3688,233642.0,11658.7358,0.9501000000000001,3126,0,3688,FastestO
query_cycle_4_30.graph,1,0.6,4275,233642.0,11214.816,0.9520000000000001,3109,0,4275,FastestO
query_cycle_4_30.graph,1,0.7,4734,233642.0,11109.6771,0.95245,3055,0,4734,FastestO
query_cycle_4_30.graph,1,0.8,5272,233642.0,11471.8222,0.9509,3093,0,5272,FastestO
query_cycle_4_30.graph,1,0.9,500,233642.0,13701.2283950617,0.941358024691358,500,0,500,FastestO
query_cycle_4_30.graph,2,0.01,162,233642.0,8091.49783549784,0.9653679653679653,162,0,162,FastestO
query_cycle_4_30.graph,2,0.05,610,233642.0,10271.8912071535,0.9560357675111774,610,0,610,FastestO
query_cycle_4_30.graph,2,0.075,887,233642.0,14166.0833684211,0.9393684210526315,887,0,887,FastestO
query_cycle_4_30.graph,2,0.1,1170,233642.0,11066.5981905269,0.952634379989356,1170,0,1170,FastestO
query_cycle_4_30.graph,2,0.15,1606,233642.0,11905.8204829309,0.9490424646128226,1606,0,1606,FastestO
query_cycle_4_30.graph,2,0.2,1970,233642.0,10370.8293810045,0.9556123069439377,1970,0,1970,FastestO
query_cycle_4_30.graph,2,0.3,2667,233642.0,11517.8985536769,0.950702790792422,2667,0,2667,FastestO
query_cycle_4_30.graph,2,0.4,3227,233642.0,11717.1463,0.9498500000000001,3103,0,3227,FastestO
query_cycle_4_30.graph,2,0.5,3688,233642.0,11413.4117,0.9511500000000001,3114,0,3688,FastestO
query_cycle_4_30.graph,2,0.6,4275,233642.0,10911.0814,0.9533,3047,0,4275,FastestO
query_cycle_4_30.graph,2,0.7,4734,233642.0,11401.7296,0.9512,3077,0,4734,FastestO
query_cycle_4_30.graph,2,0.8,5272,233642.0,11168.0876,0.9522,3061,0,5272,FastestO
query_cycle_4_30.graph,2,0.9,500,233642.0,12760.9831181728,0.945382323733863,500,0,500,FastestO
query_cycle_4_30.graph,3,0.01,162,233642.0,12190.0173913043,0.9478260869565218,162,0,162,FastestO
query_cycle_4_30.graph,3,0.05,610,233642.0,10693.7392510402,0.9542302357836339,610,0,610,FastestO
query_cycle_4_30.graph,3,0.075,887,233642.0,8022.04291845494,0.9656652360515021,887,0,887,FastestO
query_cycle_4_30.graph,3,0.1,1170,233642.0,11227.2046396023,0.9519469759734881,1170,0,1170,FastestO
query_cycle_4_30.graph,3,0.15,1606,233642.0,11344.1077485866,0.9514466245427337,1606,0,1606,FastestO
query_cycle_4_30.graph,3,0.2,1970,233642.0,11450.3341993387,0.9509919697685404,1970,0,1970,FastestO
query_cycle_4_30.graph,3,0.3,2667,233642.0,10985.4610091743,0.9529816513761468,2667,0,2667,FastestO
query_cycle_4_30.graph,3,0.4,3227,233642.0,11623.6895,0.9502499999999999,3130,0,3227,FastestO
query_cycle_4_30.graph,3,0.5,3688,233642.0,11495.1864,0.9508,3078,0,3688,FastestO
query_cycle_4_30.graph,3,0.6,4275,233642.0,11740.5105,0.94975,3142,0,4275,FastestO
query_cycle_4_30.graph,3,0.7,4734,233642.0,11880.6957,0.9491499999999999,3120,0,4734,FastestO
query_cycle_4_30.graph,3,0.8,5272,233642.0,11191.4518,0.9520999999999999,3086,0,5272,FastestO
query_cycle_4_30.graph,3,0.9,500,233642.0,12599.426679281,0.9460737937559129,500,0,500,FastestO
query_cycle_4_30.graph,4,0.01,162,233642.0,10668.5844748858,0.954337899543379,162,0,162,FastestO
query_cycle_4_30.graph,4,0.05,610,233642.0,11501.8471711976,0.9507714915503307,610,0,610,FastestO
query_cycle_4_30.graph,4,0.075,887,233642.0,11263.4581911263,0.9517918088737201,887,0,887,FastestO
query_cycle_4_30.graph,4,0.1,1170,233642.0,11392.5137564696,0.9512394442931081,1170,0,1170,FastestO
query_cycle_4_30.graph,4,0.15,1606,233642.0,10528.6959787201,0.9549366296354249,1606,0,1606,FastestO
query_cycle_4_30.graph,4,0.2,1970,233642.0,11520.7528471044,0.950690574267022,1970,0,1970,FastestO
query_cycle_4_30.graph,4,0.3,2667,233642.0,10915.3870860707,0.9532815714380516,2667,0,2667,FastestO
query_cycle_4_30.graph,4,0.4,3227,233642.0,11658.7358,0.9501000000000001,3119,0,3227,FastestO
query_cycle_4_30.graph,4,0.5,3688,233642.0,11249.8623,0.95185,3126,0,3688,FastestO
query_cycle_4_30.graph,4,0.6,4275,233642.0,11810.6031,0.94945,3097,0,4275,FastestO
query_cycle_4_30.graph,4,0.7,4734,233642.0,11273.2265,0.9517500000000001,3141,0,4734,FastestO
query_cycle_4_30.graph,4,0.8,5272,233642.0,11518.5506,0.9507000000000001,3076,0,5272,FastestO
query_cycle_4_30.graph,4,0.9,500,233642.0,11558.2614840989,0.950530035335689,500,0,500,FastestO
query_cycle_4_30.graph,5,0.01,162,233642.0,12572.66367713,0.946188340807175,162,0,162,FastestO
query_cycle_4_30.graph,5,0.05,610,233642.0,11641.1101754386,0.9501754385964912,610,0,610,FastestO
query_cycle_4_30.graph,5,0.075,887,233642.0,13596.6247325631,0.9418057338468121,887,0,887,FastestO
query_cycle_4_30.graph,5,0.1,1170,233642.0,12813.2716366752,0.9451585261353899,1170,0,1170,FastestO
query_cycle_4_30.graph,5,0.15,1606,233642.0,10840.8644603359,0.9536005321802761,1606,0,1606,FastestO
query_cycle_4_30.graph,5,0.2,1970,233642.0,10487.8015935361,0.9551116597463809,1970,0,1970,FastestO
query_cycle_4_30.graph,5,0.3,2667,233642.0,12166.5823443126,0.9479263901853581,2667,0,2667,FastestO
query_cycle_4_30.graph,5,0.4,3227,233642.0,11296.5907,0.95165,3093,0,3227,FastestO
query_cycle_4_30.graph,5,0.5,3688,233642.0,11144.7234,0.9523,3106,0,3688,FastestO
query_cycle_4_30.graph,5,0.6,4275,233642.0,11284.9086,0.9517,3117,0,4275,FastestO
query_cycle_4_30.graph,5,0.7,4734,233642.0,11962.4704,0.9488000000000001,3004,0,4734,FastestO
query_cycle_4_30.graph,5,0.8,5272,233642.0,11705.4642,0.9499000000000001,3159,0,5272,FastestO
query_cycle_4_30.graph,5,0.9,500,233642.0,9694.6887966805,0.95850622406639,500,0,500,FastestO
query_cycle_4_31.graph,1,0.01,170,236584.0,9029.92366412214,0.9618320610687022,170,0,170,FastestO
query_cycle_4_31.graph,1,0.05,630,236584.0,13118.4244741874,0.9445506692160612,630,0,630,FastestO
query_cycle_4_31.graph,1,0.075,899,236584.0,9820.4679245283,0.9584905660377359,899,0,899,FastestO
query_cycle_4_31.graph,1,0.1,1170,236584.0,12519.9562043796,0.9470802919708029,1170,0,1170,FastestO
query_cycle_4_31.graph,1,0.15,1646,236584.0,11720.6752293578,0.9504587155963303,1646,0,1646,FastestO
query_cycle_4_31.graph,1,0.2,2018,236584.0,11271.1667445119,0.952358710882765,2018,0,2018,FastestO
query_cycle_4_31.graph,1,0.3,2697,236584.0,11414.8261731659,0.9517514871116985,2697,0,2697,FastestO
query_cycle_4_31.graph,1,0.4,3232,236584.0,11522.3240332844,0.9512971120900636,3232,0,3232,FastestO
query_cycle_4_31.graph,1,0.5,3759,236584.0,12228.3518626877,0.9483128535205774,3759,0,3759,FastestO
query_cycle_4_31.graph,1,0.6,4283,236584.0,11671.6329551061,0.9506660088801184,4283,0,4283,FastestO
query_cycle_4_31.graph,1,0.7,4778,236584.0,11421.9679056371,0.9517213002331641,4778,0,4778,FastestO
query_cycle_4_31.graph,1,0.8,5300,236584.0,11436.7365180709,0.9516588758408391,5300,0,5300,FastestO
query_cycle_4_31.graph,1,0.9,500,236584.0,10212.2589928058,0.9568345323741008,500,0,500,FastestO
query_cycle_4_31.graph,2,0.01,170,236584.0,12837.8914728682,0.9457364341085271,170,0,170,FastestO
query_cycle_4_31.graph,2,0.05,630,236584.0,11307.3235294118,0.9522058823529411,630,0,630,FastestO
query_cycle_4_31.graph,2,0.075,899,236584.0,10406.0232858991,0.9560155239327296,899,0,899,FastestO
query_cycle_4_31.graph,2,0.1,1170,236584.0,10086.0648748842,0.9573679332715478,1170,0,1170,FastestO
query_cycle_4_31.graph,2,0.15,1646,236584.0,9213.69849246231,0.9610552763819096,1646,0,1646,FastestO
query_cycle_4_31.graph,2,0.2,2018,236584.0,12723.2674418605,0.9462209302325582,2018,0,2018,FastestO
query_cycle_4_31.graph,2,0.3,2697,236584.0,11091.0701584222,0.9531199482702877,2697,0,2697,FastestO
query_cycle_4_31.graph,2,0.4,3232,236584.0,12584.2553191489,0.9468085106382979,3232,0,3232,FastestO
query_cycle_4_31.graph,2,0.5,3759,236584.0,12054.3106200123,0.949048496009822,3759,0,3759,FastestO
query_cycle_4_31.graph,2,0.6,4283,236584.0,11464.0769996681,0.951543312313309,4283,0,4283,FastestO
query_cycle_4_31.graph,2,0.7,4778,236584.0,12332.3603002502,0.9478732276897415,4778,0,4778,FastestO
query_cycle_4_31.graph,2,0.8,5300,236584.0,11831.9774594975,0.949988260154966,5300,0,5300,FastestO
query_cycle_4_31.graph,2,0.9,500,236584.0,13681.9662650602,0.9421686746987952,500,0,500,FastestO
query_cycle_4_31.graph,3,0.01,170,236584.0,14338.4242424242,0.9393939393939393,170,0,170,FastestO
query_cycle_4_31.graph,3,0.05,630,236584.0,13442.2727272727,0.9431818181818181,630,0,630,FastestO
query_cycle_4_31.graph,3,0.075,899,236584.0,12559.3975308642,0.9469135802469136,899,0,899,FastestO
query_cycle_4_31.graph,3,0.1,1170,236584.0,10401.7287184284,0.9560336763330215,1170,0,1170,FastestO
query_cycle_4_31.graph,3,0.15,1646,236584.0,11697.6019777503,0.9505562422744128,1646,0,1646,FastestO
query_cycle_4_31.graph,3,0.2,2018,236584.0,12734.9160092807,0.9461716937354988,2018,0,2018,FastestO
query_cycle_4_31.graph,3,0.3,2697,236584.0,13921.2301690507,0.9411573472041612,2697,0,2697,FastestO
query_cycle_4_31.graph,3,0.4,3232,236584.0,12454.941027588,0.9473550999746899,3232,0,3232,FastestO
query_cycle_4_31.graph,3,0.5,3759,236584.0,12069.6109498134,0.9489838241393612,3759,0,3759,FastestO
query_cycle_4_31.graph,3,0.6,4283,236584.0,11393.2343980344,0.9518427518427518,4283,0,4283,FastestO
query_cycle_4_31.graph,3,0.7,4778,236584.0,11718.5250412768,0.9504678040726473,4778,0,4778,FastestO
query_cycle_4_31.graph,3,0.8,5300,236584.0,11895.8932228742,0.9497180991830629,5300,0,5300,FastestO
query_cycle_4_31.graph,3,0.9,500,236584.0,8019.79661016949,0.9661016949152542,500,0,500,FastestO
query_cycle_4_31.graph,4,0.01,170,236584.0,12739.1384615385,0.9461538461538461,170,0,170,FastestO
query_cycle_4_31.graph,4,0.05,630,236584.0,8497.34593572779,0.9640831758034026,630,0,630,FastestO
query_cycle_4_31.graph,4,0.075,899,236584.0,12625.8297331639,0.9466327827191868,899,0,899,FastestO
query_cycle_4_31.graph,4,0.1,1170,236584.0,10305.3271547729,0.9564411492122336,1170,0,1170,FastestO
query_cycle_4_31.graph,4,0.15,1646,236584.0,9881.53510895884,0.9582324455205811,1646,0,1646,FastestO
query_cycle_4_31.graph,4,0.2,2018,236584.0,13794.3470615456,0.9416936603424341,2018,0,2018,FastestO
query_cycle_4_31.graph,4,0.3,2697,236584.0,11836.8862897986,0.9499675113710202,2697,0,2697,FastestO
query_cycle_4_31.graph,4,0.4,3232,236584.0,12510.1724407398,0.9471216462620474,3232,0,3232,FastestO
query_cycle_4_31.graph,4,0.5,3759,236584.0,11549.0026776519,0.9511843460350154,3759,0,3759,FastestO
query_cycle_4_31.graph,4,0.6,4283,236584.0,11876.2345924453,0.9498011928429423,4283,0,4283,FastestO
query_cycle_4_31.graph,4,0.7,4778,236584.0,12500.9658177856,0.9471605610785783,4778,0,4778,FastestO
query_cycle_4_31.graph,4,0.8,5300,236584.0,10848.1052132701,0.9541469194312796,5300,0,5300,FastestO
query_cycle_4_31.graph,4,0.9,500,236584.0,15477.4579439252,0.9345794392523364,500,0,500,FastestO
query_cycle_4_31.graph,5,0.01,170,236584.0,6907.56204379562,0.9708029197080292,170,0,170,FastestO
query_cycle_4_31.graph,5,0.05,630,236584.0,10424.1992337165,0.9559386973180077,630,0,630,FastestO
query_cycle_4_31.graph,5,0.075,899,236584.0,10852.4770642202,0.9541284403669725,899,0,899,FastestO
query_cycle_4_31.graph,5,0.1,1170,236584.0,12059.4253938832,0.9490268767377201,1170,0,1170,FastestO
query_cycle_4_31.graph,5,0.15,1646,236584.0,13951.6286072773,0.9410288582183187,1646,0,1646,FastestO
query_cycle_4_31.graph,5,0.2,2018,236584.0,11205.39453125,0.95263671875,2018,0,2018,FastestO
query_cycle_4_31.graph,5,0.3,2697,236584.0,9582.95528191834,0.9594944912508101,2697,0,2697,FastestO
query_cycle_4_31.graph,5,0.4,3232,236584.0,12483.5299515677,0.9472342594952843,3232,0,3232,FastestO
query_cycle_4_31.graph,5,0.5,3759,236584.0,11275.082688391,0.9523421588594705,3759,0,3759,FastestO
query_cycle_4_31.graph,5,0.6,4283,236584.0,12294.7895723292,0.9480320327142614,4283,0,4283,FastestO
query_cycle_4_31.graph,5,0.7,4778,236584.0,11137.6672287802,0.9529229904440697,4778,0,4778,FastestO
query_cycle_4_31.graph,5,0.8,5300,236584.0,12222.7675726336,0.9483364573570759,5300,0,5300,FastestO
query_cycle_4_31.graph,5,0.9,500,236584.0,8000.42512077295,0.9661835748792271,500,0,500,FastestO
query_cycle_4_32.graph,1,0.01,108,11546.0,307.893333333333,0.9733333333333333,108,0,108,FastestO
query_cycle_4_32.graph,1,0.05,414,11546.0,60.3449477351916,0.9947735191637631,414,0,414,FastestO
query_cycle_4_32.graph,1,0.075,563,11546.0,143.509604519774,0.9875706214689266,563,0,563,FastestO
query_cycle_4_32.graph,1,0.1,716,11546.0,196.628065395095,0.9829700272479563,716,0,716,FastestO
query_cycle_4_32.graph,1,0.15,965,11546.0,121.228819695873,0.9895003620564808,965,0,965,FastestO
query_cycle_4_32.graph,1,0.2,1185,11546.0,164.327111525898,0.9857676154923005,1185,0,1185,FastestO
query_cycle_4_32.graph,1,0.3,1666,11546.0,167.863946392246,0.9854612899365801,1666,0,1666,FastestO
query_cycle_4_32.graph,1,0.4,2078,11546.0,160.4894,0.9861,1683,0,2078,FastestO
query_cycle_4_32.graph,1,0.5,2408,11546.0,172.0354,0.9851,1702,0,2408,FastestO
query_cycle_4_32.graph,1,0.6,2734,11546.0,163.3759,0.9858500000000001,1685,0,2734,FastestO
query_cycle_4_32.graph,1,0.7,2987,11546.0,150.6753,0.9869499999999999,1686,0,2987,FastestO
query_cycle_4_32.graph,1,0.8,3237,11546.0,134.5109,0.9883500000000001,1688,0,3237,FastestO
query_cycle_4_32.graph,1,0.9,500,11546.0,89.7357512953368,0.9922279792746114,500,0,500,FastestO
query_cycle_4_32.graph,2,0.01,108,11546.0,0,1,108,0,108,FastestO
query_cycle_4_32.graph,2,0.05,414,11546.0,109.78763866878,0.9904912836767036,414,0,414,FastestO
query_cycle_4_32.graph,2,0.075,563,11546.0,180.031185031185,0.9844074844074845,563,0,563,FastestO
query_cycle_4_32.graph,2,0.1,716,11546.0,166.643298969072,0.9855670103092783,716,0,716,FastestO
query_cycle_4_32.graph,2,0.15,965,11546.0,138.821710752319,0.9879766403297835,965,0,965,FastestO
query_cycle_4_32.graph,2,0.2,1185,11546.0,131.954285714286,0.9885714285714285,1185,0,1185,FastestO
query_cycle_4_32.graph,2,0.3,1666,11546.0,166.867872044506,0.9855475600169318,1666,0,1666,FastestO
query_cycle_4_32.graph,2,0.4,2078,11546.0,166.8397,0.9855499999999999,1682,0,2078,FastestO
query_cycle_4_32.graph,2,0.5,2408,11546.0,143.1704,0.9875999999999999,1688,0,2408,FastestO
query_cycle_4_32.graph,2,0.6,2734,11546.0,171.4581,0.98515,1694,0,2734,FastestO
query_cycle_4_32.graph,2,0.7,2987,11546.0,161.0667,0.9860500000000001,1691,0,2987,FastestO
query_cycle_4_32.graph,2,0.8,3237,11546.0,172.6127,0.98505,1695,0,3237,FastestO
query_cycle_4_32.graph,2,0.9,500,11546.0,214.344059405941,0.9814356435643564,500,0,500,FastestO
query_cycle_4_32.graph,3,0.01,108,11546.0,577.3,0.9500000000000001,108,0,108,FastestO
query_cycle_4_32.graph,3,0.05,414,11546.0,239.709342560554,0.9792387543252594,414,0,414,FastestO
query_cycle_4_32.graph,3,0.075,563,11546.0,171.596602972399,0.9851380042462845,563,0,563,FastestO
query_cycle_4_32.graph,3,0.1,716,11546.0,213.375770020534,0.9815195071868583,716,0,716,FastestO
query_cycle_4_32.graph,3,0.15,965,11546.0,208.227456753773,0.9819654030180345,965,0,965,FastestO
query_cycle_4_32.graph,3,0.2,1185,11546.0,204.571226080794,0.9822820694542878,1185,0,1185,FastestO
query_cycle_4_32.graph,3,0.3,1666,11546.0,154.371657464545,0.9866298581790626,1666,0,1666,FastestO
query_cycle_4_32.graph,3,0.4,2078,11546.0,169.1489,0.9853499999999999,1690,0,2078,FastestO
query_cycle_4_32.graph,3,0.5,2408,11546.0,164.5305,0.9857499999999999,1683,0,2408,FastestO
query_cycle_4_32.graph,3,0.6,2734,11546.0,152.4072,0.9868,1705,0,2734,FastestO
query_cycle_4_32.graph,3,0.7,2987,11546.0,156.4483,0.98645,1688,0,2987,FastestO
query_cycle_4_32.graph,3,0.8,3237,11546.0,159.9121,0.9861500000000001,1690,0,3237,FastestO
query_cycle_4_32.graph,3,0.9,500,11546.0,59.7464424320828,0.9948253557567918,500,0,500,FastestO
query_cycle_4_32.graph,4,0.01,108,11546.0,128.288888888889,0.9888888888888889,108,0,108,FastestO
query_cycle_4_32.graph,4,0.05,414,11546.0,252.832116788321,0.9781021897810219,414,0,414,FastestO
query_cycle_4_32.graph,4,0.075,563,11546.0,217.393305439331,0.9811715481171548,563,0,563,FastestO
query_cycle_4_32.graph,4,0.1,716,11546.0,102.455972696246,0.9911262798634812,716,0,716,FastestO
query_cycle_4_32.graph,4,0.15,965,11546.0,162.556120453657,0.9859210011732499,965,0,965,FastestO
query_cycle_4_32.graph,4,0.2,1185,11546.0,167.669794459339,0.9854781054512959,1185,0,1185,FastestO
query_cycle_4_32.graph,4,0.3,1666,11546.0,153.430267062315,0.9867113920784415,1666,0,1666,FastestO
query_cycle_4_32.graph,4,0.4,2078,11546.0,173.19,0.985,1686,0,2078,FastestO
query_cycle_4_32.graph,4,0.5,2408,11546.0,158.7575,0.9862500000000001,1688,0,2408,FastestO
query_cycle_4_32.graph,4,0.6,2734,11546.0,160.4894,0.9861,1690,0,2734,FastestO
query_cycle_4_32.graph,4,0.7,2987,11546.0,165.1078,0.9857,1677,0,2987,FastestO
query_cycle_4_32.graph,4,0.8,3237,11546.0,160.4894,0.9861,1698,0,3237,FastestO
query_cycle_4_32.graph,4,0.9,500,11546.0,136.191349934469,0.9882044560943642,500,0,500,FastestO
query_cycle_4_32.graph,5,0.01,108,11546.0,438.455696202532,0.9620253164556962,108,0,108,FastestO
query_cycle_4_32.graph,5,0.05,414,11546.0,121.750439367311,0.9894551845342706,414,0,414,FastestO
query_cycle_4_32.graph,5,0.075,563,11546.0,157.170680628272,0.9863874345549738,563,0,563,FastestO
query_cycle_4_32.graph,5,0.1,716,11546.0,203.886200130804,0.9823413996075867,716,0,716,FastestO
query_cycle_4_32.graph,5,0.15,965,11546.0,141.065531284709,0.9877823028507959,965,0,965,FastestO
query_cycle_4_32.graph,5,0.2,1185,11546.0,172.605795768169,0.985050597976081,1185,0,1185,FastestO
query_cycle_4_32.graph,5,0.3,1666,11546.0,143.317300232739,0.9875872769588828,1666,0,1666,FastestO
query_cycle_4_32.graph,5,0.4,2078,11546.0,165.6851,0.9856499999999999,1692,0,2078,FastestO
query_cycle_4_32.graph,5,0.5,2408,11546.0,158.7575,0.9862500000000001,1680,0,2408,FastestO
query_cycle_4_32.graph,5,0.6,2734,11546.0,157.0256,0.9863999999999999,1689,0,2734,FastestO
query_cycle_4_32.graph,5,0.7,2987,11546.0,167.417,0.9855,1703,0,2987,FastestO
query_cycle_4_32.graph,5,0.8,3237,11546.0,142.5931,0.98765,1674,0,3237,FastestO
query_cycle_4_32.graph,5,0.9,500,11546.0,187.994572591588,0.9837177747625508,500,0,500,FastestO
query_cycle_4_33.graph,1,0.01,208,232452.0,9973.18811881188,0.9570957095709571,208,0,208,FastestO
query_cycle_4_33.graph,1,0.05,861,232452.0,10649.9747545582,0.9541841982234689,861,0,861,FastestO
query_cycle_4_33.graph,1,0.075,1196,232452.0,11104.3949044586,0.9522292993630573,1196,0,1196,FastestO
query_cycle_4_33.graph,1,0.1,1578,232452.0,10553.803770681,0.9545979222777992,1578,0,1578,FastestO
query_cycle_4_33.graph,1,0.15,2200,232452.0,10326.4927668299,0.9555758059004442,2200,0,2200,FastestO
query_cycle_4_33.graph,1,0.2,2696,232452.0,10818.4720672717,0.9534593289484639,2696,0,2696,FastestO
query_cycle_4_33.graph,1,0.3,3528,232452.0,10148.154230409,0.9563430117598085,3528,0,3528,FastestO
query_cycle_4_33.graph,1,0.4,4172,232452.0,10437.0948,0.9551000000000001,3508,0,4172,FastestO
query_cycle_4_33.graph,1,0.5,4686,232452.0,10518.453,0.95475,3509,0,4686,FastestO
query_cycle_4_33.graph,1,0.6,5289,232452.0,10681.1694,0.95405,3549,0,5289,FastestO
query_cycle_4_33.graph,1,0.7,5750,232452.0,10878.7536,0.9532,3573,0,5750,FastestO
query_cycle_4_33.graph,1,0.8,6282,232452.0,10541.6982,0.9546499999999999,3538,0,6282,FastestO
query_cycle_4_33.graph,1,0.9,500,232452.0,9987.19656283566,0.9570354457572503,500,0,500,FastestO
query_cycle_4_33.graph,2,0.01,208,232452.0,7933.51535836177,0.9658703071672355,208,0,208,FastestO
query_cycle_4_33.graph,2,0.05,861,232452.0,12681.1539528433,0.9454461396208969,861,0,861,FastestO
query_cycle_4_33.graph,2,0.075,1196,232452.0,10526.877812589,0.9547137567644546,1196,0,1196,FastestO
query_cycle_4_33.graph,2,0.1,1578,232452.0,11421.9442231076,0.950863213811421,1578,0,1578,FastestO
query_cycle_4_33.graph,2,0.15,2200,232452.0,11230.92160889,0.9516849861094335,2200,0,2200,FastestO
query_cycle_4_33.graph,2,0.2,2696,232452.0,10233.0233918129,0.9559779077322937,2696,0,2696,FastestO
query_cycle_4_33.graph,2,0.3,3528,232452.0,10297.6236,0.9557,3487,0,3528,FastestO
query_cycle_4_33.graph,2,0.4,4172,232452.0,10878.7536,0.9532,3569,0,4172,FastestO
query_cycle_4_33.graph,2,0.5,4686,232452.0,10216.2654,0.95605,3535,0,4686,FastestO
query_cycle_4_33.graph,2,0.6,5289,232452.0,10355.7366,0.95545,3514,0,5289,FastestO
query_cycle_4_33.graph,2,0.7,5750,232452.0,10692.792,0.9540000000000001,3571,0,5750,FastestO
query_cycle_4_33.graph,2,0.8,6282,232452.0,10832.2632,0.9534,3536,0,6282,FastestO
query_cycle_4_33.graph,2,0.9,500,232452.0,9403.0442144873,0.9595484477892756,500,0,500,FastestO
query_cycle_4_33.graph,3,0.01,208,232452.0,12415.8338278932,0.9465875370919882,208,0,208,FastestO
query_cycle_4_33.graph,3,0.05,861,232452.0,8033.57450628366,0.9654398563734291,861,0,861,FastestO
query_cycle_4_33.graph,3,0.075,1196,232452.0,11917.2201651951,0.9487325548276845,1196,0,1196,FastestO
query_cycle_4_33.graph,3,0.1,1578,232452.0,11398.6970227671,0.9509632224168126,1578,0,1578,FastestO
query_cycle_4_33.graph,3,0.15,2200,232452.0,9969.83913565426,0.9571101167739823,2200,0,2200,FastestO
query_cycle_4_33.graph,3,0.2,2696,232452.0,11310.3402061856,0.9513433302093096,2696,0,2696,FastestO
query_cycle_4_33.graph,3,0.3,3528,232452.0,9999.99341326609,0.9569803941748573,3528,0,3528,FastestO
query_cycle_4_33.graph,3,0.4,4172,232452.0,10727.6598,0.95385,3574,0,4172,FastestO
query_cycle_4_33.graph,3,0.5,4686,232452.0,10913.6214,0.95305,3585,0,4686,FastestO
query_cycle_4_33.graph,3,0.6,5289,232452.0,10506.8304,0.9548,3492,0,5289,FastestO
query_cycle_4_33.graph,3,0.7,5750,232452.0,10634.679,0.9542499999999999,3568,0,5750,FastestO
query_cycle_4_33.graph,3,0.8,6282,232452.0,10994.9796,0.9527,3540,0,6282,FastestO
query_cycle_4_33.graph,3,0.9,500,232452.0,8931.4216380182,0.9615773508594541,500,0,500,FastestO
query_cycle_4_33.graph,4,0.01,208,232452.0,15887.0071942446,0.9316546762589929,208,0,208,FastestO
query_cycle_4_33.graph,4,0.05,861,232452.0,9542.5405904059,0.9589483394833949,861,0,861,FastestO
query_cycle_4_33.graph,4,0.075,1196,232452.0,10547.793222286,0.9546237794371051,1196,0,1196,FastestO
query_cycle_4_33.graph,4,0.1,1578,232452.0,11602.4413181731,0.9500867219117364,1578,0,1578,FastestO
query_cycle_4_33.graph,4,0.15,2200,232452.0,10921.4384391119,0.9530163713837183,2200,0,2200,FastestO
query_cycle_4_33.graph,4,0.2,2696,232452.0,10985.7715609998,0.9527396126469128,2696,0,2696,FastestO
query_cycle_4_33.graph,4,0.3,3528,232452.0,11007.2437923251,0.9526472398932896,3528,0,3528,FastestO
query_cycle_4_33.graph,4,0.4,4172,232452.0,10460.34,0.955,3550,0,4172,FastestO
query_cycle_4_33.graph,4,0.5,4686,232452.0,10913.6214,0.95305,3577,0,4686,FastestO
query_cycle_4_33.graph,4,0.6,5289,232452.0,10785.7728,0.9536,3592,0,5289,FastestO
query_cycle_4_33.graph,4,0.7,5750,232452.0,10297.6236,0.9557,3538,0,5750,FastestO
query_cycle_4_33.graph,4,0.8,6282,232452.0,10146.5298,0.95635,3523,0,6282,FastestO
query_cycle_4_33.graph,4,0.9,500,232452.0,12443.8972162741,0.9464668094218416,500,0,500,FastestO
query_cycle_4_33.graph,5,0.01,208,232452.0,12640.8942598187,0.9456193353474319,208,0,208,FastestO
query_cycle_4_33.graph,5,0.05,861,232452.0,9931.19359145527,0.9572763684913217,861,0,861,FastestO
query_cycle_4_33.graph,5,0.075,1196,232452.0,11642.4450768355,0.9499146272054638,1196,0,1196,FastestO
query_cycle_4_33.graph,5,0.1,1578,232452.0,10755.5694050992,0.9537299338999056,1578,0,1578,FastestO
query_cycle_4_33.graph,5,0.15,2200,232452.0,10548.3291336827,0.9546214739658825,2200,0,2200,FastestO
query_cycle_4_33.graph,5,0.2,2696,232452.0,10296.9197843219,0.9557030277892991,2696,0,2696,FastestO
query_cycle_4_33.graph,5,0.3,3528,232452.0,10925.244,0.953,3502,0,3528,FastestO
query_cycle_4_33.graph,5,0.4,4172,232452.0,11146.0734,0.9520500000000001,3605,0,4172,FastestO
query_cycle_4_33.graph,5,0.5,4686,232452.0,10994.9796,0.9527,3553,0,4686,FastestO
query_cycle_4_33.graph,5,0.6,5289,232452.0,10564.9434,0.95455,3609,0,5289,FastestO
query_cycle_4_33.graph,5,0.7,5750,232452.0,10971.7344,0.9528000000000001,3556,0,5750,FastestO
query_cycle_4_33.graph,5,0.8,6282,232452.0,11064.7152,0.9524,3610,0,6282,FastestO
query_cycle_4_33.graph,5,0.9,500,232452.0,13533.9775280899,0.9417773237997957,500,0,500,FastestO
query_cycle_4_34.graph,1,0.01,638,158464.0,1155.53571428571,0.9927078976027003,638,0,638,FastestO
query_cycle_4_34.graph,1,0.05,2002,158464.0,1194.18685121107,0.9924639864498493,2002,0,2002,FastestO
query_cycle_4_34.graph,1,0.075,2532,158464.0,1782.64462809917,0.9887504756405293,2532,0,2532,FastestO
query_cycle_4_34.graph,1,0.1,2951,158464.0,1197.54130865829,0.9924428178724614,2951,0,2951,FastestO
query_cycle_4_34.graph,1,0.15,3563,158464.0,1842.74599542334,0.9883712010587682,3563,0,3563,FastestO
query_cycle_4_34.graph,1,0.2,3938,158464.0,1697.91657754011,0.9892851589159676,3938,0,3938,FastestO
query_cycle_4_34.graph,1,0.3,5109,158464.0,1816.93106837007,0.9885341082620024,5109,0,5109,FastestO
query_cycle_4_34.graph,1,0.4,5906,158464.0,1658.0044345898,0.9895370277502159,5906,0,5906,FastestO
query_cycle_4_34.graph,1,0.5,6474,158464.0,1735.92576532825,0.9890452988355194,6474,0,6474,FastestO
query_cycle_4_34.graph,1,0.6,7115,158464.0,1614.7374301676,0.9898100677114828,7115,0,7115,FastestO
query_cycle_4_34.graph,1,0.7,7577,158464.0,1599.87972185679,0.9899038284919175,7577,0,7577,FastestO
query_cycle_4_34.graph,1,0.8,8037,158464.0,1726.17860735442,0.9891068090711177,8037,0,8037,FastestO
query_cycle_4_34.graph,1,0.9,500,158464.0,2508.13953488372,0.9841721808430702,500,0,500,FastestO
query_cycle_4_34.graph,2,0.01,638,158464.0,2666.49006622517,0.9831728968962971,638,0,638,FastestO
query_cycle_4_34.graph,2,0.05,2002,158464.0,1206.01048340128,0.9923893724543034,2002,0,2002,FastestO
query_cycle_4_34.graph,2,0.075,2532,158464.0,1711.33884297521,0.9892004566149081,2532,0,2532,FastestO
query_cycle_4_34.graph,2,0.1,2951,158464.0,1809.87217305801,0.9885786539967563,2951,0,2951,FastestO
query_cycle_4_34.graph,2,0.15,3563,158464.0,1333.33998005982,0.9915858492776919,3563,0,3563,FastestO
query_cycle_4_34.graph,2,0.2,3938,158464.0,1860.97695072954,0.988256153127969,3938,0,3938,FastestO
query_cycle_4_34.graph,2,0.3,5109,158464.0,1643.42857142857,0.9896290099238403,5109,0,5109,FastestO
query_cycle_4_34.graph,2,0.4,5906,158464.0,1520.89150035457,0.990402290107819,5906,0,5906,FastestO
query_cycle_4_34.graph,2,0.5,6474,158464.0,1423.17525773196,0.9910189364288926,6474,0,6474,FastestO
query_cycle_4_34.graph,2,0.6,7115,158464.0,1688.76533579179,0.9893429085736081,7115,0,7115,FastestO
query_cycle_4_34.graph,2,0.7,7577,158464.0,1622.33028593659,0.9897621523757031,7577,0,7577,FastestO
query_cycle_4_34.graph,2,0.8,8037,158464.0,1735.28307128174,0.989049354608733,8037,0,8037,FastestO
query_cycle_4_34.graph,2,0.9,500,158464.0,1522.58823529412,0.9903915827235579,500,0,500,FastestO
query_cycle_4_34.graph,3,0.01,638,158464.0,2015.88785046729,0.9872785752570471,638,0,638,FastestO
query_cycle_4_34.graph,3,0.05,2002,158464.0,2853.04446978335,0.9819956301129383,2002,0,2002,FastestO
query_cycle_4_34.graph,3,0.075,2532,158464.0,1869.4,0.9882029987883684,2532,0,2532,FastestO
query_cycle_4_34.graph,3,0.1,2951,158464.0,1937.55699217421,0.9877728885287875,2951,0,2951,FastestO
query_cycle_4_34.graph,3,0.15,3563,158464.0,1496.06143175625,0.9905589822814251,3563,0,3563,FastestO
query_cycle_4_34.graph,3,0.2,3938,158464.0,1184.96137339056,0.9925222045802796,3938,0,3938,FastestO
query_cycle_4_34.graph,3,0.3,5109,158464.0,1835.99834185436,0.9884137826771104,5109,0,5109,FastestO
query_cycle_4_34.graph,3,0.4,5906,158464.0,1614.76818375159,0.9898098736384821,5906,0,5906,FastestO
query_cycle_4_34.graph,3,0.5,6474,158464.0,1867.16807095344,0.9882170835587046,6474,0,6474,FastestO
query_cycle_4_34.graph,3,0.6,7115,158464.0,1789.63736418795,0.9887063474089512,7115,0,7115,FastestO
query_cycle_4_34.graph,3,0.7,7577,158464.0,1755.0288372093,0.9889247473419243,7577,0,7577,FastestO
query_cycle_4_34.graph,3,0.8,8037,158464.0,1554.85083237185,0.990187986972613,8037,0,8037,FastestO
query_cycle_4_34.graph,3,0.9,500,158464.0,1933.44537815126,0.9877988352045181,500,0,500,FastestO
query_cycle_4_34.graph,4,0.01,638,158464.0,1087.56302521008,0.9931368448025414,638,0,638,FastestO
query_cycle_4_34.graph,4,0.05,2002,158464.0,2616.06997084548,0.9834910770216233,2002,0,2002,FastestO
query_cycle_4_34.graph,4,0.075,2532,158464.0,1680.30482641829,0.9893962993082449,2532,0,2532,FastestO
query_cycle_4_34.graph,4,0.1,2951,158464.0,1197.93719008264,0.9924403196304357,2951,0,2951,FastestO
query_cycle_4_34.graph,4,0.15,3563,158464.0,1797.5,0.9886567296042004,3563,0,3563,FastestO
query_cycle_4_34.graph,4,0.2,3938,158464.0,1531.17622781676,0.9903373874961079,3938,0,3938,FastestO
query_cycle_4_34.graph,4,0.3,5109,158464.0,1726.58662092624,0.9891042342681855,5109,0,5109,FastestO
query_cycle_4_34.graph,4,0.4,5906,158464.0,1753.25442547397,0.9889359449119423,5906,0,5906,FastestO
query_cycle_4_34.graph,4,0.5,6474,158464.0,1477.57798165138,0.9906756236012508,6474,0,6474,FastestO
query_cycle_4_34.graph,4,0.6,7115,158464.0,1711.27598618967,0.9892008532777813,7115,0,7115,FastestO
query_cycle_4_34.graph,4,0.7,7577,158464.0,1668.75467931121,0.989469187453862,7577,0,7577,FastestO
query_cycle_4_34.graph,4,0.8,8037,158464.0,1556.18965331029,0.9901795382338557,8037,0,8037,FastestO
query_cycle_4_34.graph,4,0.9,500,158464.0,491.623931623932,0.9968975670712342,500,0,500,FastestO
query_cycle_4_34.graph,5,0.01,638,158464.0,1639.52494061758,0.9896536441045437,638,0,638,FastestO
query_cycle_4_34.graph,5,0.05,2002,158464.0,1595.93063583815,0.9899287495214171,2002,0,2002,FastestO
query_cycle_4_34.graph,5,0.075,2532,158464.0,2135.82586427657,0.9865216966359769,2532,0,2532,FastestO
query_cycle_4_34.graph,5,0.1,2951,158464.0,1403.83989586723,0.9911409538073808,2951,0,2951,FastestO
query_cycle_4_34.graph,5,0.15,3563,158464.0,2248.75338087042,0.9858090583295234,3563,0,3563,FastestO
query_cycle_4_34.graph,5,0.2,3938,158464.0,1513.05219206681,0.9904517607023249,3938,0,3938,FastestO
query_cycle_4_34.graph,5,0.3,5109,158464.0,1722.06151742994,0.9891327903029714,5109,0,5109,FastestO
query_cycle_4_34.graph,5,0.4,5906,158464.0,1525.94076283827,0.9903704263249807,5906,0,5906,FastestO
query_cycle_4_34.graph,5,0.5,6474,158464.0,1658.51883635115,0.9895337815759343,6474,0,6474,FastestO
query_cycle_4_34.graph,5,0.6,7115,158464.0,1805.5795446172,0.9886057429787383,7115,0,7115,FastestO
query_cycle_4_34.graph,5,0.7,7577,158464.0,1918.30771185364,0.9878943626826683,7577,0,7577,FastestO
query_cycle_4_34.graph,5,0.8,8037,158464.0,1808.76490488603,0.9885856415028901,8037,0,8037,FastestO
query_cycle_4_34.graph,5,0.9,500,158464.0,1487.58620689655,0.9906124658793382,500,0,500,FastestO
query_cycle_4_35.graph,1,0.01,160,227174.0,7509.88429752066,0.9669421487603306,160,0,160,FastestO
query_cycle_4_35.graph,1,0.05,656,227174.0,6139.83783783784,0.9729729729729729,656,0,656,FastestO
query_cycle_4_35.graph,1,0.075,926,227174.0,10493.6803995006,0.9538077403245943,926,0,926,FastestO
query_cycle_4_35.graph,1,0.1,1208,227174.0,9941.50651769088,0.9562383612662942,1208,0,1208,FastestO
query_cycle_4_35.graph,1,0.15,1676,227174.0,8503.83957219251,0.9625668449197861,1676,0,1676,FastestO
query_cycle_4_35.graph,1,0.2,2080,227174.0,7859.57440758294,0.9654028436018958,2080,0,2080,FastestO
query_cycle_4_35.graph,1,0.3,2783,227174.0,9108.39150943396,0.9599056603773585,2783,0,2783,FastestO
query_cycle_4_35.graph,1,0.4,3326,227174.0,8353.69152196119,0.9632277834525026,3326,0,3326,FastestO
query_cycle_4_35.graph,1,0.5,3884,227174.0,8000.39475839476,0.9647829647829649,3884,0,3884,FastestO
query_cycle_4_35.graph,1,0.6,4397,227174.0,8849.44249578415,0.9610455311973018,4397,0,4397,FastestO
query_cycle_4_35.graph,1,0.7,4928,227174.0,8400.68838003129,0.9630209074100412,4928,0,4928,FastestO
query_cycle_4_35.graph,1,0.8,5462,227174.0,7978.74046263776,0.9648782850914376,5462,0,5462,FastestO
query_cycle_4_35.graph,1,0.9,500,227174.0,9877.13043478261,0.9565217391304348,500,0,500,FastestO
query_cycle_4_35.graph,2,0.01,160,227174.0,12521.4015748031,0.9448818897637796,160,0,160,FastestO
query_cycle_4_35.graph,2,0.05,656,227174.0,8845.71327433628,0.9610619469026549,656,0,656,FastestO
query_cycle_4_35.graph,2,0.075,926,227174.0,11541.677819083,0.9491945477075588,926,0,926,FastestO
query_cycle_4_35.graph,2,0.1,1208,227174.0,8223.49321266968,0.9638009049773756,1208,0,1208,FastestO
query_cycle_4_35.graph,2,0.15,1676,227174.0,8872.88406695598,0.9609423434593924,1676,0,1676,FastestO
query_cycle_4_35.graph,2,0.2,2080,227174.0,10082.3210576015,0.95561850802644,2080,0,2080,FastestO
query_cycle_4_35.graph,2,0.3,2783,227174.0,8927.59142578759,0.960701526469633,2783,0,2783,FastestO
query_cycle_4_35.graph,2,0.4,3326,227174.0,8298.07455591694,0.9634726044533399,3326,0,3326,FastestO
query_cycle_4_35.graph,2,0.5,3884,227174.0,8787.98723828514,0.9613160518444667,3884,0,3884,FastestO
query_cycle_4_35.graph,2,0.6,4397,227174.0,9856.88349846259,0.9566108643662453,4397,0,4397,FastestO
query_cycle_4_35.graph,2,0.7,4928,227174.0,8466.71626445809,0.9627302584606597,4928,0,4928,FastestO
query_cycle_4_35.graph,2,0.8,5462,227174.0,8305.52338151342,0.9634398153771407,5462,0,5462,FastestO
query_cycle_4_35.graph,2,0.9,500,227174.0,9261.29016786571,0.9592326139088728,500,0,500,FastestO
query_cycle_4_35.graph,3,0.01,160,227174.0,1893.11666666667,0.9916666666666667,160,0,160,FastestO
query_cycle_4_35.graph,3,0.05,656,227174.0,11358.7,0.95,656,0,656,FastestO
query_cycle_4_35.graph,3,0.075,926,227174.0,8476.64179104478,0.9626865671641791,926,0,926,FastestO
query_cycle_4_35.graph,3,0.1,1208,227174.0,8326.86654135338,0.9633458646616542,1208,0,1208,FastestO
query_cycle_4_35.graph,3,0.15,1676,227174.0,7747.712545676,0.9658952496954932,1676,0,1676,FastestO
query_cycle_4_35.graph,3,0.2,2080,227174.0,7969.10235463719,0.9649207111965401,2080,0,2080,FastestO
query_cycle_4_35.graph,3,0.3,2783,227174.0,8353.61601041328,0.9632281158477058,2783,0,2783,FastestO
query_cycle_4_35.graph,3,0.4,3326,227174.0,8252.41954464057,0.9636735738040419,3326,0,3326,FastestO
query_cycle_4_35.graph,3,0.5,3884,227174.0,8312.37653311529,0.9634096484055601,3884,0,3884,FastestO
query_cycle_4_35.graph,3,0.6,4397,227174.0,8533.05963756178,0.9624382207578254,4397,0,4397,FastestO
query_cycle_4_35.graph,3,0.7,4928,227174.0,8978.17337371989,0.9604788691764028,4928,0,4928,FastestO
query_cycle_4_35.graph,3,0.8,5462,227174.0,8687.80511484727,0.9617570447549136,5462,0,5462,FastestO
query_cycle_4_35.graph,3,0.9,500,227174.0,6981.70685579196,0.9692671394799054,500,0,500,FastestO
query_cycle_4_35.graph,4,0.01,160,227174.0,17326.8305084746,0.923728813559322,160,0,160,FastestO
query_cycle_4_35.graph,4,0.05,656,227174.0,8275.91985428051,0.9635701275045537,656,0,656,FastestO
query_cycle_4_35.graph,4,0.075,926,227174.0,10042.339307049,0.9557945041816009,926,0,926,FastestO
query_cycle_4_35.graph,4,0.1,1208,227174.0,9103.14336598397,0.9599287622439894,1208,0,1208,FastestO
query_cycle_4_35.graph,4,0.15,1676,227174.0,8933.80898876405,0.9606741573033708,1676,0,1676,FastestO
query_cycle_4_35.graph,4,0.2,2080,227174.0,9568.61618551822,0.9578797917652627,2080,0,2080,FastestO
query_cycle_4_35.graph,4,0.3,2783,227174.0,8225.75881612091,0.9637909319899244,2783,0,2783,FastestO
query_cycle_4_35.graph,4,0.4,3326,227174.0,8839.89623347468,0.961087553005737,3326,0,3326,FastestO
query_cycle_4_35.graph,4,0.5,3884,227174.0,8176.40572597137,0.9640081799591003,3884,0,3884,FastestO
query_cycle_4_35.graph,4,0.6,4397,227174.0,8842.44711457099,0.9610763242511423,4397,0,4397,FastestO
query_cycle_4_35.graph,4,0.7,4928,227174.0,8073.46846467201,0.9644613007444865,4928,0,4928,FastestO
query_cycle_4_35.graph,4,0.8,5462,227174.0,8386.35560396998,0.9630839990317115,5462,0,5462,FastestO
query_cycle_4_35.graph,4,0.9,500,227174.0,11635.7414634146,0.9487804878048781,500,0,500,FastestO
query_cycle_4_35.graph,5,0.01,160,227174.0,12824.3387096774,0.9435483870967741,160,0,160,FastestO
query_cycle_4_35.graph,5,0.05,656,227174.0,12000.0837887067,0.9471766848816029,656,0,656,FastestO
query_cycle_4_35.graph,5,0.075,926,227174.0,6994.27339901478,0.9692118226600985,926,0,926,FastestO
query_cycle_4_35.graph,5,0.1,1208,227174.0,8560.78492647059,0.9623161764705882,1208,0,1208,FastestO
query_cycle_4_35.graph,5,0.15,1676,227174.0,9834.97195121951,0.9567073170731707,1676,0,1676,FastestO
query_cycle_4_35.graph,5,0.2,2080,227174.0,8556.45951035781,0.9623352165725046,2080,0,2080,FastestO
query_cycle_4_35.graph,5,0.3,2783,227174.0,8519.94309731652,0.9624959586162303,2783,0,2783,FastestO
query_cycle_4_35.graph,5,0.4,3326,227174.0,7930.82234290147,0.9650892164468581,3326,0,3326,FastestO
query_cycle_4_35.graph,5,0.5,3884,227174.0,8871.4442854222,0.9609486812512779,3884,0,3884,FastestO
query_cycle_4_35.graph,5,0.6,4397,227174.0,8775.78373819163,0.9613697705802968,4397,0,4397,FastestO
query_cycle_4_35.graph,5,0.7,4928,227174.0,8093.54288176986,0.9643729349231432,4928,0,4928,FastestO
query_cycle_4_35.graph,5,0.8,5462,227174.0,7943.34039961014,0.9650341130604289,5462,0,5462,FastestO
query_cycle_4_35.graph,5,0.9,500,227174.0,6021.47951807229,0.9734939759036144,500,0,500,FastestO
query_cycle_4_36.graph,1,0.01,164,236094.0,22345.6504065041,0.9053527391356661,164,0,164,FastestO
query_cycle_4_36.graph,1,0.05,635,236094.0,7063.32155477032,0.9700825876355591,635,0,635,FastestO
query_cycle_4_36.graph,1,0.075,887,236094.0,11912.8789731051,0.9495417970253156,887,0,887,FastestO
query_cycle_4_36.graph,1,0.1,1160,236094.0,14290.7596067918,0.9394700432590757,1160,0,1160,FastestO
query_cycle_4_36.graph,1,0.15,1628,236094.0,13314.298401421,0.9436059433894086,1628,0,1628,FastestO
query_cycle_4_36.graph,1,0.2,1959,236094.0,11811.3572124756,0.9499718027036874,1959,0,1959,FastestO
query_cycle_4_36.graph,1,0.3,2621,236094.0,11055.9734513274,0.9531713069738009,2621,0,2621,FastestO
query_cycle_4_36.graph,1,0.4,3154,236094.0,11026.3006451613,0.9532969891434713,3154,0,3154,FastestO
query_cycle_4_36.graph,1,0.5,3645,236094.0,12391.2642857143,0.9475155476813715,3645,0,3645,FastestO
query_cycle_4_36.graph,1,0.6,4162,236094.0,12249.9294828744,0.9481141855240947,4162,0,4162,FastestO
query_cycle_4_36.graph,1,0.7,4654,236094.0,12458.2549019608,0.9472318021552399,4654,0,4654,FastestO
query_cycle_4_36.graph,1,0.8,5163,236094.0,11619.5545908658,0.9507842020938022,5163,0,5163,FastestO
query_cycle_4_36.graph,1,0.9,500,236094.0,10789.625,0.9542994527603412,500,0,500,FastestO
query_cycle_4_36.graph,2,0.01,164,236094.0,10708.5,0.9546430658974815,164,0,164,FastestO
query_cycle_4_36.graph,2,0.05,635,236094.0,11336.887477314,0.951981467223589,635,0,635,FastestO
query_cycle_4_36.graph,2,0.075,887,236094.0,12448.7900355872,0.9472718915534186,887,0,887,FastestO
query_cycle_4_36.graph,2,0.1,1160,236094.0,12194.1482504604,0.9483504525720248,1160,0,1160,FastestO
query_cycle_4_36.graph,2,0.15,1628,236094.0,12387.5030229746,0.9475314788898718,1628,0,1628,FastestO
query_cycle_4_36.graph,2,0.2,1959,236094.0,11075.9985700667,0.9530864885593588,1959,0,1959,FastestO
query_cycle_4_36.graph,2,0.3,2621,236094.0,11593.3468526931,0.9508952076177579,2621,0,2621,FastestO
query_cycle_4_36.graph,2,0.4,3154,236094.0,11319.4954954955,0.9520551327204609,3154,0,3154,FastestO
query_cycle_4_36.graph,2,0.5,3645,236094.0,11727.4286870322,0.9503272904562075,3645,0,3645,FastestO
query_cycle_4_36.graph,2,0.6,4162,236094.0,11941.6214651893,0.94942005529497,4162,0,4162,FastestO
query_cycle_4_36.graph,2,0.7,4654,236094.0,12598.2352941176,0.9466389010558606,4654,0,4654,FastestO
query_cycle_4_36.graph,2,0.8,5163,236094.0,12439.1666666667,0.9473126523051554,5163,0,5163,FastestO
query_cycle_4_36.graph,2,0.9,500,236094.0,6753.10810810811,0.9713965280434568,500,0,500,FastestO
query_cycle_4_36.graph,3,0.01,164,236094.0,15143.3333333333,0.9358588810671455,164,0,164,FastestO
query_cycle_4_36.graph,3,0.05,635,236094.0,13424.2894280763,0.9431400652787608,635,0,635,FastestO
query_cycle_4_36.graph,3,0.075,887,236094.0,10186.3429256595,0.9568547149624325,887,0,887,FastestO
query_cycle_4_36.graph,3,0.1,1160,236094.0,11826.656626506,0.9499070004891864,1160,0,1160,FastestO
query_cycle_4_36.graph,3,0.15,1628,236094.0,8723.09763313609,0.9630524382951872,1628,0,1628,FastestO
query_cycle_4_36.graph,3,0.2,1959,236094.0,11524.9191631003,0.9511850400132984,1959,0,1959,FastestO
query_cycle_4_36.graph,3,0.3,2621,236094.0,11383.5578498853,0.9517837901433951,2621,0,2621,FastestO
query_cycle_4_36.graph,3,0.4,3154,236094.0,11000.7505149331,0.9534052093025106,3154,0,3154,FastestO
query_cycle_4_36.graph,3,0.5,3645,236094.0,13436.328125,0.9430890741611392,3645,0,3645,FastestO
query_cycle_4_36.graph,3,0.6,4162,236094.0,11453.70204285,0.9514866873243283,4162,0,4162,FastestO
query_cycle_4_36.graph,3,0.7,4654,236094.0,10962.9981718464,0.95356511316744,4654,0,4654,FastestO
query_cycle_4_36.graph,3,0.8,5163,236094.0,12150.6141968195,0.948534845456388,5163,0,5163,FastestO
query_cycle_4_36.graph,3,0.9,500,236094.0,8116.26450116009,0.9656227413608135,500,0,500,FastestO
query_cycle_4_36.graph,4,0.01,164,236094.0,9760.3515625,0.9586590444378087,164,0,164,FastestO
query_cycle_4_36.graph,4,0.05,635,236094.0,11660.3666666667,0.9506113384217021,635,0,635,FastestO
query_cycle_4_36.graph,4,0.075,887,236094.0,15541.8421052632,0.9341709568847021,887,0,887,FastestO
query_cycle_4_36.graph,4,0.1,1160,236094.0,14219.9593495935,0.9397699249045147,1160,0,1160,FastestO
query_cycle_4_36.graph,4,0.15,1628,236094.0,12041.686746988,0.9489962186798989,1628,0,1628,FastestO
query_cycle_4_36.graph,4,0.2,1959,236094.0,12754.1299303944,0.9459785935669927,1959,0,1959,FastestO
query_cycle_4_36.graph,4,0.3,2621,236094.0,11023.4558823529,0.9533090384238779,2621,0,2621,FastestO
query_cycle_4_36.graph,4,0.4,3154,236094.0,12735.9904113046,0.9460554253335342,3154,0,3154,FastestO
query_cycle_4_36.graph,4,0.5,3645,236094.0,10925.3563170065,0.9537245490482328,3645,0,3645,FastestO
query_cycle_4_36.graph,4,0.6,4162,236094.0,11660.9299966182,0.9506089523807544,4162,0,4162,FastestO
query_cycle_4_36.graph,4,0.7,4654,236094.0,10961.7738750176,0.9535702988004031,4654,0,4654,FastestO
query_cycle_4_36.graph,4,0.8,5163,236094.0,11212.27030547,0.9525092958505085,5163,0,5163,FastestO
query_cycle_4_36.graph,4,0.9,500,236094.0,10386.9976905312,0.9560048214248088,500,0,500,FastestO
query_cycle_4_36.graph,5,0.01,164,236094.0,3621.23188405797,0.9846619063421435,164,0,164,FastestO
query_cycle_4_36.graph,5,0.05,635,236094.0,14340.0782608696,0.9392611491148882,635,0,635,FastestO
query_cycle_4_36.graph,5,0.075,887,236094.0,9288.66171003717,0.9606569344835652,887,0,887,FastestO
query_cycle_4_36.graph,5,0.1,1160,236094.0,11802.8921568627,0.9500076573023341,1160,0,1160,FastestO
query_cycle_4_36.graph,5,0.15,1628,236094.0,11450.9224441833,0.9514984605954268,1628,0,1628,FastestO
query_cycle_4_36.graph,5,0.2,1959,236094.0,11308.2859894078,0.9521026117164867,1959,0,1959,FastestO
query_cycle_4_36.graph,5,0.3,2621,236094.0,13064.299572509,0.9446648386976838,2621,0,2621,FastestO
query_cycle_4_36.graph,5,0.4,3154,236094.0,12215.6222222222,0.9482594973941642,3154,0,3154,FastestO
query_cycle_4_36.graph,5,0.5,3645,236094.0,12571.1913865969,0.9467534482596046,3645,0,3645,FastestO
query_cycle_4_36.graph,5,0.6,4162,236094.0,12929.8420698925,0.9452343470401938,4162,0,4162,FastestO
query_cycle_4_36.graph,5,0.7,4654,236094.0,12110.1730959446,0.9487061378266936,4654,0,4654,FastestO
query_cycle_4_36.graph,5,0.8,5163,236094.0,11358.8480712166,0.9518884509084661,5163,0,5163,FastestO
query_cycle_4_36.graph,5,0.9,500,236094.0,11514.5161290323,0.9512291031155716,500,0,500,FastestO
query_cycle_4_37.graph,1,0.01,144,246321.0,13195.7678571429,0.9464285714285714,144,0,144,FastestO
query_cycle_4_37.graph,1,0.05,644,246321.0,12894.059566787,0.9476534296028881,644,0,644,FastestO
query_cycle_4_37.graph,1,0.075,915,246321.0,13223.2247191011,0.9463171036204744,915,0,915,FastestO
query_cycle_4_37.graph,1,0.1,1193,246321.0,12248.0055248619,0.9502762430939226,1193,0,1193,FastestO
query_cycle_4_37.graph,1,0.15,1674,246321.0,10443.65233192,0.9576014536644458,1674,0,1674,FastestO
query_cycle_4_37.graph,1,0.2,2080,246321.0,11440.5014218009,0.9535545023696682,2080,0,2080,FastestO
query_cycle_4_37.graph,1,0.3,2778,246321.0,11880.9207373272,0.9517665130568356,2778,0,2778,FastestO
query_cycle_4_37.graph,1,0.4,3317,246321.0,11721.0717391304,0.9524154589371981,3317,0,3317,FastestO
query_cycle_4_37.graph,1,0.5,3824,246321.0,10831.1361702128,0.9560283687943263,3824,0,3824,FastestO
query_cycle_4_37.graph,1,0.6,4370,246321.0,11607.5869353266,0.9528761780955476,4370,0,4370,FastestO
query_cycle_4_37.graph,1,0.7,4912,246321.0,11709.1530530262,0.9524638457418318,4912,0,4912,FastestO
query_cycle_4_37.graph,1,0.8,5434,246321.0,11096.8059990876,0.9549498175182483,5434,0,5434,FastestO
query_cycle_4_37.graph,1,0.9,500,246321.0,9451.1654676259,0.9616306954436451,500,0,500,FastestO
query_cycle_4_37.graph,2,0.01,144,246321.0,15818.7798165138,0.9357798165137614,144,0,144,FastestO
query_cycle_4_37.graph,2,0.05,644,246321.0,10171.2441651706,0.9587073608617595,644,0,644,FastestO
query_cycle_4_37.graph,2,0.075,915,246321.0,7858.09325153374,0.9680981595092024,915,0,915,FastestO
query_cycle_4_37.graph,2,0.1,1193,246321.0,11546.296875,0.953125,1193,0,1193,FastestO
query_cycle_4_37.graph,2,0.15,1674,246321.0,10649.2161654135,0.9567669172932332,1674,0,1674,FastestO
query_cycle_4_37.graph,2,0.2,2080,246321.0,11424.9072356215,0.9536178107606679,2080,0,2080,FastestO
query_cycle_4_37.graph,2,0.3,2778,246321.0,12215.5423728814,0.9504080351537979,2778,0,2778,FastestO
query_cycle_4_37.graph,2,0.4,3317,246321.0,11030.1932343636,0.9552202482355804,3317,0,3317,FastestO
query_cycle_4_37.graph,2,0.5,3824,246321.0,11161.1170212766,0.954688731284476,3824,0,3824,FastestO
query_cycle_4_37.graph,2,0.6,4370,246321.0,11768.4883875249,0.9522229595222296,4370,0,4370,FastestO
query_cycle_4_37.graph,2,0.7,4912,246321.0,12301.405469679,0.9500594530321046,4912,0,4912,FastestO
query_cycle_4_37.graph,2,0.8,5434,246321.0,11390.0928143713,0.9537591483699268,5434,0,5434,FastestO
query_cycle_4_37.graph,2,0.9,500,246321.0,10867.1029411765,0.9558823529411764,500,0,500,FastestO
query_cycle_4_37.graph,3,0.01,144,246321.0,9039.30275229358,0.963302752293578,144,0,144,FastestO
query_cycle_4_37.graph,3,0.05,644,246321.0,12248.0055248619,0.9502762430939226,644,0,644,FastestO
query_cycle_4_37.graph,3,0.075,915,246321.0,14489.4705882353,0.9411764705882353,915,0,915,FastestO
query_cycle_4_37.graph,3,0.1,1193,246321.0,8741.14558689718,0.9645131938125568,1193,0,1193,FastestO
query_cycle_4_37.graph,3,0.15,1674,246321.0,12878.5618990385,0.9477163461538461,1674,0,1674,FastestO
query_cycle_4_37.graph,3,0.2,2080,246321.0,10515.0653950954,0.9573115349682108,2080,0,2080,FastestO
query_cycle_4_37.graph,3,0.3,2778,246321.0,11552.119515885,0.9531013615733737,2778,0,2778,FastestO
query_cycle_4_37.graph,3,0.4,3317,246321.0,12593.5863823601,0.9488732735643324,3317,0,3317,FastestO
query_cycle_4_37.graph,3,0.5,3824,246321.0,11453.3612053482,0.9535022949511076,3824,0,3824,FastestO
query_cycle_4_37.graph,3,0.6,4370,246321.0,12151.6221100619,0.9506675350048844,4370,0,4370,FastestO
query_cycle_4_37.graph,3,0.7,4912,246321.0,11609.3241911863,0.9528691252829184,4912,0,4912,FastestO
query_cycle_4_37.graph,3,0.8,5434,246321.0,11574.5550660793,0.9530102790014684,5434,0,5434,FastestO
query_cycle_4_37.graph,3,0.9,500,246321.0,14314.0532687651,0.9418886198547216,500,0,500,FastestO
query_cycle_4_37.graph,4,0.01,144,246321.0,13942.6981132075,0.9433962264150942,144,0,144,FastestO
query_cycle_4_37.graph,4,0.05,644,246321.0,8417.44424460432,0.9658273381294964,644,0,644,FastestO
query_cycle_4_37.graph,4,0.075,915,246321.0,9952.36363636364,0.9595959595959596,915,0,915,FastestO
query_cycle_4_37.graph,4,0.1,1193,246321.0,12214.2644628099,0.9504132231404958,1193,0,1193,FastestO
query_cycle_4_37.graph,4,0.15,1674,246321.0,11664.647601476,0.9526445264452644,1674,0,1674,FastestO
query_cycle_4_37.graph,4,0.2,2080,246321.0,12646.721149317,0.9486575600565238,2080,0,2080,FastestO
query_cycle_4_37.graph,4,0.3,2778,246321.0,11669.0902352562,0.9526264904930712,2778,0,2778,FastestO
query_cycle_4_37.graph,4,0.4,3317,246321.0,11430.3476676385,0.9535957240038873,3317,0,3317,FastestO
query_cycle_4_37.graph,4,0.5,3824,246321.0,10726.7235317619,0.9564522572912505,3824,0,3824,FastestO
query_cycle_4_37.graph,4,0.6,4370,246321.0,11670.9708299758,0.9526188557614828,4370,0,4370,FastestO
query_cycle_4_37.graph,4,0.7,4912,246321.0,12152.3977108275,0.9506643862649651,4912,0,4912,FastestO
query_cycle_4_37.graph,4,0.8,5434,246321.0,11705.7389095835,0.9524777062873914,5434,0,5434,FastestO
query_cycle_4_37.graph,4,0.9,500,246321.0,8693.68235294118,0.9647058823529412,500,0,500,FastestO
query_cycle_4_37.graph,5,0.01,144,246321.0,25088.25,0.8981481481481481,144,0,144,FastestO
query_cycle_4_37.graph,5,0.05,644,246321.0,10589.5009345794,0.9570093457943926,644,0,644,FastestO
query_cycle_4_37.graph,5,0.075,915,246321.0,11928.3777239709,0.9515738498789347,915,0,915,FastestO
query_cycle_4_37.graph,5,0.1,1193,246321.0,13732.9407079646,0.9442477876106196,1193,0,1193,FastestO
query_cycle_4_37.graph,5,0.15,1674,246321.0,11628.8884120172,0.9527896995708154,1674,0,1674,FastestO
query_cycle_4_37.graph,5,0.2,2080,246321.0,12772.2,0.9481481481481481,2080,0,2080,FastestO
query_cycle_4_37.graph,5,0.3,2778,246321.0,11227.6548837209,0.9544186046511628,2778,0,2778,FastestO
query_cycle_4_37.graph,5,0.4,3317,246321.0,11743.9107579462,0.9523227383863081,3317,0,3317,FastestO
query_cycle_4_37.graph,5,0.5,3824,246321.0,11688.1729411765,0.9525490196078431,3824,0,3824,FastestO
query_cycle_4_37.graph,5,0.6,4370,246321.0,11846.9428663654,0.9519044544867656,4370,0,4370,FastestO
query_cycle_4_37.graph,5,0.7,4912,246321.0,11363.0223214286,0.9538690476190476,4912,0,4912,FastestO
query_cycle_4_37.graph,5,0.8,5434,246321.0,10814.4984802432,0.9560959135427221,5434,0,5434,FastestO
query_cycle_4_37.graph,5,0.9,500,246321.0,11001.9305210918,0.9553349875930521,500,0,500,FastestO
query_cycle_4_38.graph,1,0.01,203,230405.0,5136.41719745223,0.9777070063694268,203,0,203,FastestO
query_cycle_4_38.graph,1,0.05,862,230405.0,9857.4776680771,0.9572167371885284,862,0,862,FastestO
query_cycle_4_38.graph,1,0.075,1220,230405.0,8736.35257498585,0.9620826259196378,1220,0,1220,FastestO
query_cycle_4_38.graph,1,0.1,1581,230405.0,11011.3232931727,0.9522088353413655,1581,0,1581,FastestO
query_cycle_4_38.graph,1,0.15,2190,230405.0,9925.95946728431,0.9569195136074117,2190,0,2190,FastestO
query_cycle_4_38.graph,1,0.2,2669,230405.0,10040.4954306989,0.9564224064985615,2669,0,2669,FastestO
query_cycle_4_38.graph,1,0.3,3474,230405.0,9798.62755762756,0.9574721574721574,3474,0,3474,FastestO
query_cycle_4_38.graph,1,0.4,4106,230405.0,10425.82625,0.95475,3561,0,4106,FastestO
query_cycle_4_38.graph,1,0.5,4614,230405.0,9688.53025,0.95795,3515,0,4614,FastestO
query_cycle_4_38.graph,1,0.6,5177,230405.0,10299.1035,0.9553,3519,0,5177,FastestO
query_cycle_4_38.graph,1,0.7,5663,230405.0,9988.05675,0.95665,3512,0,5663,FastestO
query_cycle_4_38.graph,1,0.8,6209,230405.0,9504.20625,0.9587500000000001,3519,0,6209,FastestO
query_cycle_4_38.graph,1,0.9,500,230405.0,9648.06580259222,0.9581256231306081,500,0,500,FastestO
query_cycle_4_38.graph,2,0.01,203,230405.0,9360.203125,0.959375,203,0,203,FastestO
query_cycle_4_38.graph,2,0.05,862,230405.0,10892.6271949572,0.9527239981990094,862,0,862,FastestO
query_cycle_4_38.graph,2,0.075,1220,230405.0,10264.6105351639,0.955449705799944,1220,0,1220,FastestO
query_cycle_4_38.graph,2,0.1,1581,230405.0,9365.36784991723,0.9593525841456686,1581,0,1581,FastestO
query_cycle_4_38.graph,2,0.15,2190,230405.0,10308.6043405676,0.9552587646076796,2190,0,2190,FastestO
query_cycle_4_38.graph,2,0.2,2669,230405.0,10074.7801091062,0.9562736046999581,2669,0,2669,FastestO
query_cycle_4_38.graph,2,0.3,3474,230405.0,10182.3632553451,0.9558066740941163,3474,0,3474,FastestO
query_cycle_4_38.graph,2,0.4,4106,230405.0,9907.415,0.957,3612,0,4106,FastestO
query_cycle_4_38.graph,2,0.5,4614,230405.0,9688.53025,0.95795,3596,0,4614,FastestO
query_cycle_4_38.graph,2,0.6,5177,230405.0,9838.2935,0.9573,3533,0,5177,FastestO
query_cycle_4_38.graph,2,0.7,5663,230405.0,9515.7265,0.9587,3565,0,5663,FastestO
query_cycle_4_38.graph,2,0.8,6209,230405.0,9584.848,0.9584,3514,0,6209,FastestO
query_cycle_4_38.graph,2,0.9,500,230405.0,7510.80536912752,0.9674017257909876,500,0,500,FastestO
query_cycle_4_38.graph,3,0.01,203,230405.0,10187.9761904762,0.9557823129251701,203,0,203,FastestO
query_cycle_4_38.graph,3,0.05,862,230405.0,10237.9696436428,0.9555653321601407,862,0,862,FastestO
query_cycle_4_38.graph,3,0.075,1220,230405.0,10063.6666666667,0.9563218390804598,1220,0,1220,FastestO
query_cycle_4_38.graph,3,0.1,1581,230405.0,10030.6548837209,0.9564651162790697,1581,0,1581,FastestO
query_cycle_4_38.graph,3,0.15,2190,230405.0,9426.0131860701,0.959089372252902,2190,0,2190,FastestO
query_cycle_4_38.graph,3,0.2,2669,230405.0,10418.7810779242,0.9547805773402303,2669,0,2669,FastestO
query_cycle_4_38.graph,3,0.3,3474,230405.0,9492.11380616648,0.9588024834262864,3474,0,3474,FastestO
query_cycle_4_38.graph,3,0.4,4106,230405.0,10114.7795,0.9560999999999999,3520,0,4106,FastestO
query_cycle_4_38.graph,3,0.5,4614,230405.0,9999.577,0.9566,3578,0,4614,FastestO
query_cycle_4_38.graph,3,0.6,5177,230405.0,10425.82625,0.95475,3605,0,5177,FastestO
query_cycle_4_38.graph,3,0.7,5663,230405.0,9861.334,0.9571999999999999,3546,0,5663,FastestO
query_cycle_4_38.graph,3,0.8,6209,230405.0,10276.063,0.9554,3528,0,6209,FastestO
query_cycle_4_38.graph,3,0.9,500,230405.0,10432.5963391137,0.9547206165703275,500,0,500,FastestO
query_cycle_4_38.graph,4,0.01,203,230405.0,17974.8581560284,0.9219858156028369,203,0,203,FastestO
query_cycle_4_38.graph,4,0.05,862,230405.0,10801.826625387,0.9531180893409995,862,0,862,FastestO
query_cycle_4_38.graph,4,0.075,1220,230405.0,11298.2043650794,0.9509637188208616,1220,0,1220,FastestO
query_cycle_4_38.graph,4,0.1,1581,230405.0,10722.4962769918,0.9534623976172747,1581,0,1581,FastestO
query_cycle_4_38.graph,4,0.15,2190,230405.0,9922.11730402602,0.9569361893013345,2190,0,2190,FastestO
query_cycle_4_38.graph,4,0.2,2669,230405.0,9684.01228580666,0.9579696087940511,2669,0,2669,FastestO
query_cycle_4_38.graph,4,0.3,3474,230405.0,9684.29351656096,0.9579683882009463,3474,0,3474,FastestO
query_cycle_4_38.graph,4,0.4,4106,230405.0,10333.66425,0.9551499999999999,3557,0,4106,FastestO
query_cycle_4_38.graph,4,0.5,4614,230405.0,10218.46175,0.95565,3591,0,4614,FastestO
query_cycle_4_38.graph,4,0.6,5177,230405.0,9780.69225,0.95755,3462,0,5177,FastestO
query_cycle_4_38.graph,4,0.7,5663,230405.0,10253.0225,0.9555,3526,0,5663,FastestO
query_cycle_4_38.graph,4,0.8,6209,230405.0,10840.55525,0.95295,3618,0,6209,FastestO
query_cycle_4_38.graph,4,0.9,500,230405.0,11575.9033816425,0.9497584541062802,500,0,500,FastestO
query_cycle_4_38.graph,5,0.01,203,230405.0,7301.56690140845,0.9683098591549295,203,0,203,FastestO
query_cycle_4_38.graph,5,0.05,862,230405.0,10410.1844167819,0.9548178884278469,862,0,862,FastestO
query_cycle_4_38.graph,5,0.075,1220,230405.0,9894.69325153374,0.9570552147239263,1220,0,1220,FastestO
query_cycle_4_38.graph,5,0.1,1581,230405.0,9721.37937252073,0.9578074287774974,1581,0,1581,FastestO
query_cycle_4_38.graph,5,0.15,2190,230405.0,10365.8691206544,0.9550102249488753,2190,0,2190,FastestO
query_cycle_4_38.graph,5,0.2,2669,230405.0,10760.3683196919,0.9532980259990371,2669,0,2669,FastestO
query_cycle_4_38.graph,5,0.3,3474,230405.0,10732.0067131423,0.953421120578363,3474,0,3474,FastestO
query_cycle_4_38.graph,5,0.4,4106,230405.0,9723.091,0.9578,3479,0,4106,FastestO
query_cycle_4_38.graph,5,0.5,4614,230405.0,10091.739,0.9561999999999999,3577,0,4614,FastestO
query_cycle_4_38.graph,5,0.6,5177,230405.0,9723.091,0.9578,3535,0,5177,FastestO
query_cycle_4_38.graph,5,0.7,5663,230405.0,9607.8885,0.9583,3529,0,5663,FastestO
query_cycle_4_38.graph,5,0.8,6209,230405.0,10011.09725,0.95655,3495,0,6209,FastestO
query_cycle_4_38.graph,5,0.9,500,230405.0,10513.6262135922,0.9543689320388349,500,0,500,FastestO
query_cycle_4_39.graph,1,0.01,147,227174.0,4938.5652173913,0.9782608695652174,147,0,147,FastestO
query_cycle_4_39.graph,1,0.05,657,227174.0,7641.45199719692,0.9663629992992292,657,0,657,FastestO
query_cycle_4_39.graph,1,0.075,917,227174.0,8123.0274135876,0.964243146603099,917,0,917,FastestO
query_cycle_4_39.graph,1,0.1,1196,227174.0,9068.69213095922,0.9600804135554279,1196,0,1196,FastestO
query_cycle_4_39.graph,1,0.15,1688,227174.0,7421.35854522047,0.9673318313485678,1688,0,1688,FastestO
query_cycle_4_39.graph,1,0.2,2084,227174.0,9358.4581258488,0.9588048890900861,2084,0,2084,FastestO
query_cycle_4_39.graph,1,0.3,2810,227174.0,8705.42961886975,0.9616794632358027,2810,0,2810,FastestO
query_cycle_4_39.graph,1,0.4,3389,227174.0,8575.8185,0.96225,3267,0,3389,FastestO
query_cycle_4_39.graph,1,0.5,3880,227174.0,8689.4055,0.96175,3258,0,3880,FastestO
query_cycle_4_39.graph,1,0.6,4448,227174.0,8598.5359,0.9621500000000001,3254,0,4448,FastestO
query_cycle_4_39.graph,1,0.7,4988,227174.0,8178.264,0.964,3235,0,4988,FastestO
query_cycle_4_39.graph,1,0.8,5541,227174.0,8462.2315,0.96275,3289,0,5541,FastestO
query_cycle_4_39.graph,1,0.9,500,227174.0,6863.93177387914,0.969785575048733,500,0,500,FastestO
query_cycle_4_39.graph,2,0.01,147,227174.0,10222.83,0.9550000000000001,147,0,147,FastestO
query_cycle_4_39.graph,2,0.05,657,227174.0,9631.19919246299,0.9576043068640646,657,0,657,FastestO
query_cycle_4_39.graph,2,0.075,917,227174.0,8796.75768463074,0.9612774451097804,917,0,917,FastestO
query_cycle_4_39.graph,2,0.1,1196,227174.0,8482.87637906648,0.9626591230551627,1196,0,1196,FastestO
query_cycle_4_39.graph,2,0.15,1688,227174.0,9583.67005909389,0.9578135259356534,1688,0,1688,FastestO
query_cycle_4_39.graph,2,0.2,2084,227174.0,9137.86733893557,0.9597759103641457,2084,0,2084,FastestO
query_cycle_4_39.graph,2,0.3,2810,227174.0,9084.06698503661,0.960012734797835,2810,0,2810,FastestO
query_cycle_4_39.graph,2,0.4,3389,227174.0,8996.0904,0.9604,3263,0,3389,FastestO
query_cycle_4_39.graph,2,0.5,3880,227174.0,8950.6556,0.9606,3310,0,3880,FastestO
query_cycle_4_39.graph,2,0.6,4448,227174.0,8473.5902,0.9627,3301,0,4448,FastestO
query_cycle_4_39.graph,2,0.7,4988,227174.0,8871.1447,0.96095,3241,0,4988,FastestO
query_cycle_4_39.graph,2,0.8,5541,227174.0,8382.7206,0.9631,3321,0,5541,FastestO
query_cycle_4_39.graph,2,0.9,500,227174.0,11010.4114737883,0.9515331355093967,500,0,500,FastestO
query_cycle_4_39.graph,3,0.01,147,227174.0,7911.53233830846,0.9651741293532338,147,0,147,FastestO
query_cycle_4_39.graph,3,0.05,657,227174.0,6012.1663516068,0.9735349716446124,657,0,657,FastestO
query_cycle_4_39.graph,3,0.075,917,227174.0,7171.954899549,0.968429684296843,917,0,917,FastestO
query_cycle_4_39.graph,3,0.1,1196,227174.0,8846.0463960232,0.9610604805302403,1196,0,1196,FastestO
query_cycle_4_39.graph,3,0.15,1688,227174.0,8279.03989946591,0.9635563933396167,1688,0,1688,FastestO
query_cycle_4_39.graph,3,0.2,2084,227174.0,8979.20948616601,0.9604743083003953,2084,0,2084,FastestO
query_cycle_4_39.graph,3,0.3,2810,227174.0,8398.66439363551,0.9630298168204305,2810,0,2810,FastestO
query_cycle_4_39.graph,3,0.4,3389,227174.0,8087.3944,0.9644,3276,0,3389,FastestO
query_cycle_4_39.graph,3,0.5,3880,227174.0,8155.5466,0.9641,3278,0,3880,FastestO
query_cycle_4_39.graph,3,0.6,4448,227174.0,8746.199,0.9615,3277,0,4448,FastestO
query_cycle_4_39.graph,3,0.7,4988,227174.0,8814.3512,0.9611999999999999,3282,0,4988,FastestO
query_cycle_4_39.graph,3,0.8,5541,227174.0,9007.4491,0.96035,3300,0,5541,FastestO
query_cycle_4_39.graph,3,0.9,500,227174.0,8524.78498985801,0.9624746450304259,500,0,500,FastestO
query_cycle_4_39.graph,4,0.01,147,227174.0,9689.88625592417,0.9573459715639809,147,0,147,FastestO
query_cycle_4_39.graph,4,0.05,657,227174.0,8241.08281998631,0.9637234770704997,657,0,657,FastestO
query_cycle_4_39.graph,4,0.075,917,227174.0,7412.03305084746,0.9673728813559322,917,0,917,FastestO
query_cycle_4_39.graph,4,0.1,1196,227174.0,7739.0284334764,0.9659334763948497,1196,0,1196,FastestO
query_cycle_4_39.graph,4,0.15,1688,227174.0,7899.54810541089,0.9652268828941213,1688,0,1688,FastestO
query_cycle_4_39.graph,4,0.2,2084,227174.0,8968.04667393675,0.9605234460196292,2084,0,2084,FastestO
query_cycle_4_39.graph,4,0.3,2810,227174.0,8202.63240429597,0.9638927324240628,2810,0,2810,FastestO
query_cycle_4_39.graph,4,0.4,3389,227174.0,8712.1229,0.96165,3310,0,3389,FastestO
query_cycle_4_39.graph,4,0.5,3880,227174.0,8178.264,0.964,3288,0,3880,FastestO
query_cycle_4_39.graph,4,0.6,4448,227174.0,8780.2751,0.96135,3277,0,4448,FastestO
query_cycle_4_39.graph,4,0.7,4988,227174.0,8178.264,0.964,3273,0,4988,FastestO
query_cycle_4_39.graph,4,0.8,5541,227174.0,9052.8839,0.9601500000000001,3255,0,5541,FastestO
query_cycle_4_39.graph,4,0.9,500,227174.0,8097.72447013487,0.964354527938343,500,0,500,FastestO
query_cycle_4_39.graph,5,0.01,147,227174.0,7911.53233830846,0.9651741293532338,147,0,147,FastestO
query_cycle_4_39.graph,5,0.05,657,227174.0,8873.984375,0.9609375,657,0,657,FastestO
query_cycle_4_39.graph,5,0.075,917,227174.0,9043.23447069116,0.9601924759405075,917,0,917,FastestO
query_cycle_4_39.graph,5,0.1,1196,227174.0,7951.09,0.965,1196,0,1196,FastestO
query_cycle_4_39.graph,5,0.15,1688,227174.0,9133.16732877801,0.9597965993961545,1688,0,1688,FastestO
query_cycle_4_39.graph,5,0.2,2084,227174.0,8995.1618671621,0.9604040873200186,2084,0,2084,FastestO
query_cycle_4_39.graph,5,0.3,2810,227174.0,8325.67029200448,0.9633511304462461,2810,0,2810,FastestO
query_cycle_4_39.graph,5,0.4,3389,227174.0,9302.7753,0.95905,3270,0,3389,FastestO
query_cycle_4_39.graph,5,0.5,3880,227174.0,9143.7535,0.95975,3237,0,3880,FastestO
query_cycle_4_39.graph,5,0.6,4448,227174.0,8905.2208,0.9608,3295,0,4448,FastestO
query_cycle_4_39.graph,5,0.7,4988,227174.0,8337.2858,0.9632999999999999,3251,0,4988,FastestO
query_cycle_4_39.graph,5,0.8,5541,227174.0,8450.8728,0.9628,3265,0,5541,FastestO
query_cycle_4_39.graph,5,0.9,500,227174.0,7744.56818181818,0.9659090909090909,500,0,500,FastestO
query_cycle_4_4.graph,1,0.01,46,2288.0,0,1,46,0,46,FastestO
query_cycle_4_4.graph,1,0.05,156,2288.0,137.28,0.9399999999999999,156,0,156,FastestO
query_cycle_4_4.graph,1,0.075,232,2288.0,29.5225806451613,0.9870967741935484,232,0,232,FastestO
query_cycle_4_4.graph,1,0.1,293,2288.0,60.5291005291005,0.9735449735449735,293,0,293,FastestO
query_cycle_4_4.graph,1,0.15,380,2288.0,60.6666666666667,0.9734848484848485,380,0,380,FastestO
query_cycle_4_4.graph,1,0.2,460,2288.0,65.7891373801917,0.9712460063897763,460,0,460,FastestO
query_cycle_4_4.graph,1,0.3,617,2288.0,46.8,0.9795454545454545,617,0,617,FastestO
query_cycle_4_4.graph,1,0.4,753,2288.0,61.9494584837545,0.9729241877256318,753,0,753,FastestO
query_cycle_4_4.graph,1,0.5,880,2288.0,71.7134328358209,0.9686567164179104,880,0,880,FastestO
query_cycle_4_4.graph,1,0.6,1032,2288.0,56.1308411214953,0.9754672897196262,1032,0,1032,FastestO
query_cycle_4_4.graph,1,0.7,1160,2288.0,71.7894736842105,0.9686234817813766,1160,0,1160,FastestO
query_cycle_4_4.graph,1,0.8,1288,2288.0,50.6776045939295,0.977850697292863,1288,0,1288,FastestO
query_cycle_4_4.graph,1,0.9,500,2288.0,53.9941002949853,0.9764011799410028,500,0,500,FastestO
query_cycle_4_4.graph,2,0.01,46,2288.0,157.793103448276,0.9310344827586207,46,0,46,FastestO
query_cycle_4_4.graph,2,0.05,156,2288.0,45.3069306930693,0.9801980198019802,156,0,156,FastestO
query_cycle_4_4.graph,2,0.075,232,2288.0,59.4285714285714,0.974025974025974,232,0,232,FastestO
query_cycle_4_4.graph,2,0.1,293,2288.0,72.2526315789474,0.968421052631579,293,0,293,FastestO
query_cycle_4_4.graph,2,0.15,380,2288.0,25.9018867924528,0.9886792452830189,380,0,380,FastestO
query_cycle_4_4.graph,2,0.2,460,2288.0,83.7073170731707,0.9634146341463415,460,0,460,FastestO
query_cycle_4_4.graph,2,0.3,617,2288.0,35.6703786191537,0.9844097995545656,617,0,617,FastestO
query_cycle_4_4.graph,2,0.4,753,2288.0,38.1969949916528,0.9833055091819699,753,0,753,FastestO
query_cycle_4_4.graph,2,0.5,880,2288.0,62.6397694524496,0.9726224783861672,880,0,880,FastestO
query_cycle_4_4.graph,2,0.6,1032,2288.0,43.1189634864546,0.9811542991755007,1032,0,1032,FastestO
query_cycle_4_4.graph,2,0.7,1160,2288.0,53.8077709611452,0.976482617586912,1160,0,1160,FastestO
query_cycle_4_4.graph,2,0.8,1288,2288.0,63.3904761904762,0.9722943722943724,1288,0,1288,FastestO
query_cycle_4_4.graph,2,0.9,500,2288.0,26.4508670520231,0.9884393063583815,500,0,500,FastestO
query_cycle_4_4.graph,3,0.01,46,2288.0,147.612903225806,0.935483870967742,46,0,46,FastestO
query_cycle_4_4.graph,3,0.05,156,2288.0,48.1684210526316,0.9789473684210527,156,0,156,FastestO
query_cycle_4_4.graph,3,0.075,232,2288.0,32,0.986013986013986,232,0,232,FastestO
query_cycle_4_4.graph,3,0.1,293,2288.0,101.127071823204,0.9558011049723757,293,0,293,FastestO
query_cycle_4_4.graph,3,0.15,380,2288.0,52,0.9772727272727273,380,0,380,FastestO
query_cycle_4_4.graph,3,0.2,460,2288.0,73.3333333333333,0.9679487179487178,460,0,460,FastestO
query_cycle_4_4.graph,3,0.3,617,2288.0,59.9475982532751,0.9737991266375546,617,0,617,FastestO
query_cycle_4_4.graph,3,0.4,753,2288.0,40.711743772242,0.9822064056939502,753,0,753,FastestO
query_cycle_4_4.graph,3,0.5,880,2288.0,54.5573770491803,0.9761549925484353,880,0,880,FastestO
query_cycle_4_4.graph,3,0.6,1032,2288.0,66.6666666666667,0.9708624708624709,1032,0,1032,FastestO
query_cycle_4_4.graph,3,0.7,1160,2288.0,66.8354430379747,0.9707887049659202,1160,0,1160,FastestO
query_cycle_4_4.graph,3,0.8,1288,2288.0,68.2693947144075,0.9701619778346121,1288,0,1288,FastestO
query_cycle_4_4.graph,3,0.9,500,2288.0,70.1058495821727,0.9693593314763231,500,0,500,FastestO
query_cycle_4_4.graph,4,0.01,46,2288.0,76.2666666666667,0.9666666666666666,46,0,46,FastestO
query_cycle_4_4.graph,4,0.05,156,2288.0,65.3714285714286,0.9714285714285714,156,0,156,FastestO
query_cycle_4_4.graph,4,0.075,232,2288.0,83.5036496350365,0.9635036496350364,232,0,232,FastestO
query_cycle_4_4.graph,4,0.1,293,2288.0,45.76,0.9799999999999999,293,0,293,FastestO
query_cycle_4_4.graph,4,0.15,380,2288.0,52.8,0.9769230769230769,380,0,380,FastestO
query_cycle_4_4.graph,4,0.2,460,2288.0,65.7891373801917,0.9712460063897763,460,0,460,FastestO
query_cycle_4_4.graph,4,0.3,617,2288.0,50.9576837416481,0.9777282850779511,617,0,617,FastestO
query_cycle_4_4.graph,4,0.4,753,2288.0,68,0.9702797202797203,753,0,753,FastestO
query_cycle_4_4.graph,4,0.5,880,2288.0,69.9111111111111,0.9694444444444444,880,0,880,FastestO
query_cycle_4_4.graph,4,0.6,1032,2288.0,50.970297029703,0.9777227722772277,1032,0,1032,FastestO
query_cycle_4_4.graph,4,0.7,1160,2288.0,39.4083080040527,0.9827760891590679,1160,0,1160,FastestO
query_cycle_4_4.graph,4,0.8,1288,2288.0,54.8023952095808,0.9760479041916167,1288,0,1288,FastestO
query_cycle_4_4.graph,4,0.9,500,2288.0,72.9507246376812,0.9681159420289855,500,0,500,FastestO
query_cycle_4_4.graph,5,0.01,46,2288.0,81.7142857142857,0.9642857142857143,46,0,46,FastestO
query_cycle_4_4.graph,5,0.05,156,2288.0,101.688888888889,0.9555555555555556,156,0,156,FastestO
query_cycle_4_4.graph,5,0.075,232,2288.0,61.4228187919463,0.9731543624161074,232,0,232,FastestO
query_cycle_4_4.graph,5,0.1,293,2288.0,68.9849246231156,0.9698492462311558,293,0,293,FastestO
query_cycle_4_4.graph,5,0.15,380,2288.0,64.5806451612903,0.9717741935483871,380,0,380,FastestO
query_cycle_4_4.graph,5,0.2,460,2288.0,51.1693290734824,0.9776357827476038,460,0,460,FastestO
query_cycle_4_4.graph,5,0.3,617,2288.0,41.5056689342404,0.9818594104308389,617,0,617,FastestO
query_cycle_4_4.graph,5,0.4,753,2288.0,40.7249190938511,0.982200647249191,753,0,753,FastestO
query_cycle_4_4.graph,5,0.5,880,2288.0,56.9487554904832,0.9751098096632503,880,0,880,FastestO
query_cycle_4_4.graph,5,0.6,1032,2288.0,68.2577565632458,0.9701670644391408,1032,0,1032,FastestO
query_cycle_4_4.graph,5,0.7,1160,2288.0,61.3639846743295,0.9731800766283525,1160,0,1160,FastestO
query_cycle_4_4.graph,5,0.8,1288,2288.0,71.7491289198606,0.9686411149825784,1288,0,1288,FastestO
query_cycle_4_4.graph,5,0.9,500,2288.0,111.951070336391,0.9510703363914373,500,0,500,FastestO
query_cycle_4_40.graph,1,0.01,29,2158.0,205.52380952381,0.9047619047619048,29,0,29,FastestO
query_cycle_4_40.graph,1,0.05,146,2158.0,90.672268907563,0.9579831932773109,146,0,146,FastestO
query_cycle_4_40.graph,1,0.075,219,2158.0,51.0769230769231,0.9763313609467457,219,0,219,FastestO
query_cycle_4_40.graph,1,0.1,273,2158.0,69.2935779816514,0.9678899082568808,273,0,273,FastestO
query_cycle_4_40.graph,1,0.15,394,2158.0,78.4727272727273,0.9636363636363636,394,0,394,FastestO
query_cycle_4_40.graph,1,0.2,485,2158.0,63.6265356265356,0.9705159705159705,485,0,485,FastestO
query_cycle_4_40.graph,1,0.3,670,2158.0,58.0302521008403,0.9731092436974791,670,0,670,FastestO
query_cycle_4_40.graph,1,0.4,856,2158.0,90.3468899521531,0.9581339712918661,856,0,856,FastestO
query_cycle_4_40.graph,1,0.5,1040,2158.0,71.5246212121212,0.9668560606060607,1040,0,1040,FastestO
query_cycle_4_40.graph,1,0.6,1212,2158.0,67.2220447284345,0.9688498402555911,1212,0,1212,FastestO
query_cycle_4_40.graph,1,0.7,1379,2158.0,76.5915317559153,0.964508094645081,1379,0,1379,FastestO
query_cycle_4_40.graph,1,0.8,1560,2158.0,73.5318518518519,0.9659259259259259,1560,0,1560,FastestO
query_cycle_4_40.graph,1,0.9,500,2158.0,104.503631961259,0.9515738498789347,500,0,500,FastestO
query_cycle_4_40.graph,2,0.01,29,2158.0,102.761904761905,0.9523809523809524,29,0,29,FastestO
query_cycle_4_40.graph,2,0.05,146,2158.0,97.2072072072072,0.9549549549549549,146,0,146,FastestO
query_cycle_4_40.graph,2,0.075,219,2158.0,77.0714285714286,0.9642857142857143,219,0,219,FastestO
query_cycle_4_40.graph,2,0.1,273,2158.0,87.8823529411765,0.9592760180995474,273,0,273,FastestO
query_cycle_4_40.graph,2,0.15,394,2158.0,52.9570552147239,0.9754601226993865,394,0,394,FastestO
query_cycle_4_40.graph,2,0.2,485,2158.0,79.9259259259259,0.9629629629629629,485,0,485,FastestO
query_cycle_4_40.graph,2,0.3,670,2158.0,75.719298245614,0.9649122807017544,670,0,670,FastestO
query_cycle_4_40.graph,2,0.4,856,2158.0,62.5507246376812,0.9710144927536233,856,0,856,FastestO
query_cycle_4_40.graph,2,0.5,1040,2158.0,59.1773308957952,0.9725776965265082,1040,0,1040,FastestO
query_cycle_4_40.graph,2,0.6,1212,2158.0,63.9881393624907,0.9703484062268348,1212,0,1212,FastestO
query_cycle_4_40.graph,2,0.7,1379,2158.0,65.4749226006192,0.9696594427244581,1379,0,1379,FastestO
query_cycle_4_40.graph,2,0.8,1560,2158.0,82.1384083044983,0.9619377162629759,1560,0,1560,FastestO
query_cycle_4_40.graph,2,0.9,500,2158.0,61.2198581560284,0.9716312056737589,500,0,500,FastestO
query_cycle_4_40.graph,3,0.01,29,2158.0,269.75,0.875,29,0,29,FastestO
query_cycle_4_40.graph,3,0.05,146,2158.0,38.5357142857143,0.9821428571428572,146,0,146,FastestO
query_cycle_4_40.graph,3,0.075,219,2158.0,35.3770491803279,0.9836065573770492,219,0,219,FastestO
query_cycle_4_40.graph,3,0.1,273,2158.0,81.8199052132701,0.9620853080568721,273,0,273,FastestO
query_cycle_4_40.graph,3,0.15,394,2158.0,99.6,0.9538461538461539,394,0,394,FastestO
query_cycle_4_40.graph,3,0.2,485,2158.0,89.0436893203884,0.9587378640776699,485,0,485,FastestO
query_cycle_4_40.graph,3,0.3,670,2158.0,88.0097879282219,0.9592169657422511,670,0,670,FastestO
query_cycle_4_40.graph,3,0.4,856,2158.0,77.9061371841155,0.9638989169675091,856,0,856,FastestO
query_cycle_4_40.graph,3,0.5,1040,2158.0,74.3445065176909,0.9655493482309125,1040,0,1040,FastestO
query_cycle_4_40.graph,3,0.6,1212,2158.0,88.4426229508197,0.9590163934426228,1212,0,1212,FastestO
query_cycle_4_40.graph,3,0.7,1379,2158.0,74.9123020706456,0.9652862362971985,1379,0,1379,FastestO
query_cycle_4_40.graph,3,0.8,1560,2158.0,73.0025627883137,0.9661711942593542,1560,0,1560,FastestO
query_cycle_4_40.graph,3,0.9,500,2158.0,113.061503416856,0.9476082004555808,500,0,500,FastestO
query_cycle_4_40.graph,4,0.01,29,2158.0,102.761904761905,0.9523809523809524,29,0,29,FastestO
query_cycle_4_40.graph,4,0.05,146,2158.0,122.150943396226,0.9433962264150944,146,0,146,FastestO
query_cycle_4_40.graph,4,0.075,219,2158.0,107.229813664596,0.9503105590062112,219,0,219,FastestO
query_cycle_4_40.graph,4,0.1,273,2158.0,49.0454545454545,0.9772727272727273,273,0,273,FastestO
query_cycle_4_40.graph,4,0.15,394,2158.0,86.32,0.96,394,0,394,FastestO
query_cycle_4_40.graph,4,0.2,485,2158.0,62.5507246376812,0.9710144927536233,485,0,485,FastestO
query_cycle_4_40.graph,4,0.3,670,2158.0,60.0486956521739,0.9721739130434782,670,0,670,FastestO
query_cycle_4_40.graph,4,0.4,856,2158.0,78.2432748538012,0.9637426900584795,856,0,856,FastestO
query_cycle_4_40.graph,4,0.5,1040,2158.0,77.640221402214,0.9640221402214022,1040,0,1040,FastestO
query_cycle_4_40.graph,4,0.6,1212,2158.0,73.8601190476191,0.9657738095238094,1212,0,1212,FastestO
query_cycle_4_40.graph,4,0.7,1379,2158.0,86.2138905961893,0.9600491702519975,1379,0,1379,FastestO
query_cycle_4_40.graph,4,0.8,1560,2158.0,67.977,0.9685,1560,0,1560,FastestO
query_cycle_4_40.graph,4,0.9,500,2158.0,80.2976744186046,0.9627906976744185,500,0,500,FastestO
query_cycle_4_40.graph,5,0.01,29,2158.0,107.9,0.95,29,0,29,FastestO
query_cycle_4_40.graph,5,0.05,146,2158.0,55.3333333333333,0.9743589743589743,146,0,146,FastestO
query_cycle_4_40.graph,5,0.075,219,2158.0,48.2234636871508,0.9776536312849162,219,0,219,FastestO
query_cycle_4_40.graph,5,0.1,273,2158.0,37.2068965517241,0.9827586206896551,273,0,273,FastestO
query_cycle_4_40.graph,5,0.15,394,2158.0,64.2261904761905,0.9702380952380952,394,0,394,FastestO
query_cycle_4_40.graph,5,0.2,485,2158.0,79.1442542787286,0.9633251833740831,485,0,485,FastestO
query_cycle_4_40.graph,5,0.3,670,2158.0,50.3421461897356,0.9766718506998445,670,0,670,FastestO
query_cycle_4_40.graph,5,0.4,856,2158.0,71.3170134638923,0.966952264381885,856,0,856,FastestO
query_cycle_4_40.graph,5,0.5,1040,2158.0,79.6234626300851,0.9631031220435193,1040,0,1040,FastestO
query_cycle_4_40.graph,5,0.6,1212,2158.0,45.4657637321294,0.9789315274642589,1212,0,1212,FastestO
query_cycle_4_40.graph,5,0.7,1379,2158.0,76.0833333333333,0.9647435897435896,1379,0,1379,FastestO
query_cycle_4_40.graph,5,0.8,1560,2158.0,86.0552147239264,0.9601226993865031,1560,0,1560,FastestO
query_cycle_4_40.graph,5,0.9,500,2158.0,71.2547169811321,0.9669811320754718,500,0,500,FastestO
query_cycle_4_41.graph,1,0.01,567,383586.0,12382.2049689441,0.9677198725476319,567,0,567,FastestO
query_cycle_4_41.graph,1,0.05,1558,383586.0,12493.0572963295,0.9674308830449249,1558,0,1558,FastestO
query_cycle_4_41.graph,1,0.075,1968,383586.0,13171.3255333792,0.9656626531380728,1968,0,1968,FastestO
query_cycle_4_41.graph,1,0.1,2244,383586.0,12808.9281542056,0.9666074148842616,2244,0,2244,FastestO
query_cycle_4_41.graph,1,0.15,2960,383586.0,13743.5286647315,0.9641709325555899,2960,0,2960,FastestO
query_cycle_4_41.graph,1,0.2,3441,383586.0,13480.1981858164,0.9648574291402282,3441,0,3441,FastestO
query_cycle_4_41.graph,1,0.3,4689,383586.0,11315.8527716186,0.9704998285348823,4689,0,4689,FastestO
query_cycle_4_41.graph,1,0.4,5374,383586.0,12741.6351531292,0.9667828462114645,5374,0,5374,FastestO
query_cycle_4_41.graph,1,0.5,5841,383586.0,12483.3392322352,0.9674562178175553,5841,0,5841,FastestO
query_cycle_4_41.graph,1,0.6,6292,383586.0,13049.1522964107,0.965981155995238,6292,0,6292,FastestO
query_cycle_4_41.graph,1,0.7,6630,383586.0,13209.9214419671,0.9655620344799678,6630,0,6630,FastestO
query_cycle_4_41.graph,1,0.8,7097,383586.0,13149.2927397739,0.9657200921311676,7097,0,7097,FastestO
query_cycle_4_41.graph,1,0.9,500,383586.0,5537.59722222222,0.9855636096671353,500,0,500,FastestO
query_cycle_4_41.graph,2,0.01,567,383586.0,4718.42603550296,0.9876991703672632,567,0,567,FastestO
query_cycle_4_41.graph,2,0.05,1558,383586.0,14329.0925426774,0.9626443808098382,1558,0,1558,FastestO
query_cycle_4_41.graph,2,0.075,1968,383586.0,14210.8076664425,0.9629527467987818,1968,0,1968,FastestO
query_cycle_4_41.graph,2,0.1,2244,383586.0,12811.6376731302,0.9666003512298932,2244,0,2244,FastestO
query_cycle_4_41.graph,2,0.15,2960,383586.0,12765.4322305229,0.9667208077705574,2960,0,2960,FastestO
query_cycle_4_41.graph,2,0.2,3441,383586.0,13582.5614270386,0.9645905704925659,3441,0,3441,FastestO
query_cycle_4_41.graph,2,0.3,4689,383586.0,11655.3315031904,0.9696148151830609,4689,0,4689,FastestO
query_cycle_4_41.graph,2,0.4,5374,383586.0,13359.8612748308,0.9651711447372145,5374,0,5374,FastestO
query_cycle_4_41.graph,2,0.5,5841,383586.0,12932.2430795041,0.9662859356715204,5841,0,5841,FastestO
query_cycle_4_41.graph,2,0.6,6292,383586.0,13133.1623332063,0.9657621437351565,6292,0,6292,FastestO
query_cycle_4_41.graph,2,0.7,6630,383586.0,13053.9915688892,0.9659685401216698,6630,0,6630,FastestO
query_cycle_4_41.graph,2,0.8,7097,383586.0,12201.7178489298,0.9681903983749934,7097,0,7097,FastestO
query_cycle_4_41.graph,2,0.9,500,383586.0,16304.0037174721,0.9574958321798185,500,0,500,FastestO
query_cycle_4_41.graph,3,0.01,567,383586.0,19994.1563421829,0.9478756880016922,567,0,567,FastestO
query_cycle_4_41.graph,3,0.05,1558,383586.0,11241.0784140969,0.9706947635886166,1558,0,1558,FastestO
query_cycle_4_41.graph,3,0.075,1968,383586.0,10949.0870730074,0.9714559783907458,1968,0,1968,FastestO
query_cycle_4_41.graph,3,0.1,2244,383586.0,9175.72273972603,0.976079098977215,2244,0,2244,FastestO
query_cycle_4_41.graph,3,0.15,2960,383586.0,13677.0592515593,0.9643442168078104,2960,0,2960,FastestO
query_cycle_4_41.graph,3,0.2,3441,383586.0,13195.9763593381,0.9655983889940247,3441,0,3441,FastestO
query_cycle_4_41.graph,3,0.3,4689,383586.0,11599.8533130236,0.969759445566252,4689,0,4689,FastestO
query_cycle_4_41.graph,3,0.4,5374,383586.0,12906.0726426329,0.9663541614067436,5374,0,5374,FastestO
query_cycle_4_41.graph,3,0.5,5841,383586.0,13540.711699944,0.964699671781702,5841,0,5841,FastestO
query_cycle_4_41.graph,3,0.6,6292,383586.0,12510.6300332329,0.9673850713184713,6292,0,6292,FastestO
query_cycle_4_41.graph,3,0.7,6630,383586.0,13264.2794671502,0.965420324341477,6630,0,6630,FastestO
query_cycle_4_41.graph,3,0.8,7097,383586.0,12102.7506431144,0.9684484036353924,7097,0,7097,FastestO
query_cycle_4_41.graph,3,0.9,500,383586.0,13144.1868131868,0.9657334031659477,500,0,500,FastestO
query_cycle_4_41.graph,4,0.01,567,383586.0,3602.77409638554,0.9906076496629556,567,0,567,FastestO
query_cycle_4_41.graph,4,0.05,1558,383586.0,11211.4446397188,0.970772018166151,1558,0,1558,FastestO
query_cycle_4_41.graph,4,0.075,1968,383586.0,11308.9716358839,0.9705177674996379,1968,0,1968,FastestO
query_cycle_4_41.graph,4,0.1,2244,383586.0,12095.8620492272,0.9684663620433821,2244,0,2244,FastestO
query_cycle_4_41.graph,4,0.15,2960,383586.0,13058.0895196507,0.9659578568570003,2960,0,2960,FastestO
query_cycle_4_41.graph,4,0.2,3441,383586.0,13935.3902912621,0.9636707536477814,3441,0,3441,FastestO
query_cycle_4_41.graph,4,0.3,4689,383586.0,13343.4550915332,0.9652139152848822,4689,0,4689,FastestO
query_cycle_4_41.graph,4,0.4,5374,383586.0,12987.051299512,0.9661430518853348,5374,0,5374,FastestO
query_cycle_4_41.graph,4,0.5,5841,383586.0,11836.6707950096,0.9691420677631364,5841,0,5841,FastestO
query_cycle_4_41.graph,4,0.6,6292,383586.0,13120.9644806582,0.9657939432600299,6292,0,6292,FastestO
query_cycle_4_41.graph,4,0.7,6630,383586.0,12645.0942455509,0.9670345261674022,6630,0,6630,FastestO
query_cycle_4_41.graph,4,0.8,7097,383586.0,12772.2218026797,0.9667031075099726,7097,0,7097,FastestO
query_cycle_4_41.graph,4,0.9,500,383586.0,15228.3923611111,0.9602999265846222,500,0,500,FastestO
query_cycle_4_41.graph,5,0.01,567,383586.0,17335.0869565217,0.9548078215666845,567,0,567,FastestO
query_cycle_4_41.graph,5,0.05,1558,383586.0,11444.3675925926,0.9701647933120797,1558,0,1558,FastestO
query_cycle_4_41.graph,5,0.075,1968,383586.0,13622.0525624179,0.9644876179985248,1968,0,1968,FastestO
query_cycle_4_41.graph,5,0.1,2244,383586.0,14878.7360735533,0.9612114725940121,2244,0,2244,FastestO
query_cycle_4_41.graph,5,0.15,2960,383586.0,11805.2125484667,0.9692240786982145,2960,0,2960,FastestO
query_cycle_4_41.graph,5,0.2,3441,383586.0,14474.5115511551,0.9622652767537003,3441,0,3441,FastestO
query_cycle_4_41.graph,5,0.3,4689,383586.0,13550.666564605,0.9646737196753661,4689,0,4689,FastestO
query_cycle_4_41.graph,5,0.4,5374,383586.0,13168.9404606693,0.9656688709685201,5374,0,5374,FastestO
query_cycle_4_41.graph,5,0.5,5841,383586.0,12242.9870559335,0.9680828104885645,5841,0,5841,FastestO
query_cycle_4_41.graph,5,0.6,6292,383586.0,12876.7874614106,0.9664305072098289,6292,0,6292,FastestO
query_cycle_4_41.graph,5,0.7,6630,383586.0,12070.121796677,0.9685334662978393,6630,0,6630,FastestO
query_cycle_4_41.graph,5,0.8,7097,383586.0,13488.458997657,0.9648358933911639,7097,0,7097,FastestO
query_cycle_4_41.graph,5,0.9,500,383586.0,9623.96206896552,0.9749105492146075,500,0,500,FastestO
query_cycle_4_42.graph,1,0.01,196,223780.0,8444.52830188679,0.9622641509433961,196,0,196,FastestO
query_cycle_4_42.graph,1,0.05,783,223780.0,10087.0945614895,0.9549240568348848,783,0,783,FastestO
query_cycle_4_42.graph,1,0.075,1230,223780.0,11409.8355263158,0.9490131578947368,1230,0,1230,FastestO
query_cycle_4_42.graph,1,0.1,1528,223780.0,10181.5818775197,0.9545018237665579,1528,0,1528,FastestO
query_cycle_4_42.graph,1,0.15,2168,223780.0,9439.0038147139,0.9578201634877385,2168,0,2168,FastestO
query_cycle_4_42.graph,1,0.2,2639,223780.0,9998.05519053877,0.9553219448094613,2639,0,2639,FastestO
query_cycle_4_42.graph,1,0.3,3492,223780.0,9559.68702827815,0.9572808694777095,3492,0,3492,FastestO
query_cycle_4_42.graph,1,0.4,4077,223780.0,9801.564,0.9561999999999999,3468,0,4077,FastestO
query_cycle_4_42.graph,1,0.5,4602,223780.0,9846.32,0.956,3471,0,4602,FastestO
query_cycle_4_42.graph,1,0.6,5103,223780.0,9790.375,0.95625,3484,0,5103,FastestO
query_cycle_4_42.graph,1,0.7,5612,223780.0,9566.595,0.95725,3448,0,5612,FastestO
query_cycle_4_42.graph,1,0.8,6137,223780.0,9275.681,0.9585499999999999,3435,0,6137,FastestO
query_cycle_4_42.graph,1,0.9,500,223780.0,10433.1303520457,0.9533777354900095,500,0,500,FastestO
query_cycle_4_42.graph,2,0.01,196,223780.0,6630.51851851852,0.9703703703703704,196,0,196,FastestO
query_cycle_4_42.graph,2,0.05,783,223780.0,9093.14172447968,0.9593657086223984,783,0,783,FastestO
query_cycle_4_42.graph,2,0.075,1230,223780.0,9759.48560246016,0.9563880346659211,1230,0,1230,FastestO
query_cycle_4_42.graph,2,0.1,1528,223780.0,10008.7631110232,0.955274094597269,1528,0,1528,FastestO
query_cycle_4_42.graph,2,0.15,2168,223780.0,10353.922343641,0.9537316903045803,2168,0,2168,FastestO
query_cycle_4_42.graph,2,0.2,2639,223780.0,9994.19255138309,0.9553392056869108,2639,0,2639,FastestO
query_cycle_4_42.graph,2,0.3,3492,223780.0,10036.533,0.9551500000000001,3449,0,3492,FastestO
query_cycle_4_42.graph,2,0.4,4077,223780.0,9555.406,0.9573,3510,0,4077,FastestO
query_cycle_4_42.graph,2,0.5,4602,223780.0,10517.66,0.953,3444,0,4602,FastestO
query_cycle_4_42.graph,2,0.6,5103,223780.0,9253.303,0.9586499999999999,3449,0,5103,FastestO
query_cycle_4_42.graph,2,0.7,5612,223780.0,10629.55,0.9525,3422,0,5612,FastestO
query_cycle_4_42.graph,2,0.8,6137,223780.0,9958.21,0.9555,3434,0,6137,FastestO
query_cycle_4_42.graph,2,0.9,500,223780.0,10899.8210735586,0.9512922465208747,500,0,500,FastestO
query_cycle_4_42.graph,3,0.01,196,223780.0,10578.6909090909,0.9527272727272726,196,0,196,FastestO
query_cycle_4_42.graph,3,0.05,783,223780.0,9414.34235976789,0.9579303675048356,783,0,783,FastestO
query_cycle_4_42.graph,3,0.075,1230,223780.0,9958.14814814815,0.9555002763957988,1230,0,1230,FastestO
query_cycle_4_42.graph,3,0.1,1528,223780.0,10445.8975332068,0.9533206831119545,1528,0,1528,FastestO
query_cycle_4_42.graph,3,0.15,2168,223780.0,9154.63636363636,0.9590909090909091,2168,0,2168,FastestO
query_cycle_4_42.graph,3,0.2,2639,223780.0,10600.1052631579,0.9526315789473684,2639,0,2639,FastestO
query_cycle_4_42.graph,3,0.3,3492,223780.0,9812.753,0.9561500000000001,3471,0,3492,FastestO
query_cycle_4_42.graph,3,0.4,4077,223780.0,9790.375,0.95625,3454,0,4077,FastestO
query_cycle_4_42.graph,3,0.5,4602,223780.0,9577.784,0.9572000000000001,3434,0,4602,FastestO
query_cycle_4_42.graph,3,0.6,5103,223780.0,9891.076,0.9558,3491,0,5103,FastestO
query_cycle_4_42.graph,3,0.7,5612,223780.0,9689.674,0.9567,3411,0,5612,FastestO
query_cycle_4_42.graph,3,0.8,6137,223780.0,10002.966,0.9553,3457,0,6137,FastestO
query_cycle_4_42.graph,3,0.9,500,223780.0,9866.47279549719,0.9559099437148217,500,0,500,FastestO
query_cycle_4_42.graph,4,0.01,196,223780.0,10766.0481099656,0.9518900343642612,196,0,196,FastestO
query_cycle_4_42.graph,4,0.05,783,223780.0,9443.12070657507,0.957801766437684,783,0,783,FastestO
query_cycle_4_42.graph,4,0.075,1230,223780.0,9144.10299468234,0.9591379792891128,1230,0,1230,FastestO
query_cycle_4_42.graph,4,0.1,1528,223780.0,9889.83527521093,0.9558055443953395,1528,0,1528,FastestO
query_cycle_4_42.graph,4,0.15,2168,223780.0,9737.26265822785,0.9564873417721519,2168,0,2168,FastestO
query_cycle_4_42.graph,4,0.2,2639,223780.0,10161.5349620893,0.9545914069081719,2639,0,2639,FastestO
query_cycle_4_42.graph,4,0.3,3492,223780.0,9644.918,0.9569,3432,0,3492,FastestO
query_cycle_4_42.graph,4,0.4,4077,223780.0,9365.193,0.9581500000000001,3414,0,4077,FastestO
query_cycle_4_42.graph,4,0.5,4602,223780.0,10036.533,0.9551500000000001,3475,0,4602,FastestO
query_cycle_4_42.graph,4,0.6,5103,223780.0,9443.516,0.9578,3441,0,5103,FastestO
query_cycle_4_42.graph,4,0.7,5612,223780.0,10025.344,0.9551999999999999,3416,0,5612,FastestO
query_cycle_4_42.graph,4,0.8,6137,223780.0,9678.485,0.9567500000000001,3438,0,6137,FastestO
query_cycle_4_42.graph,4,0.9,500,223780.0,13037.8032473734,0.9417382999044891,500,0,500,FastestO
query_cycle_4_42.graph,5,0.01,196,223780.0,10233.8414634146,0.9542682926829268,196,0,196,FastestO
query_cycle_4_42.graph,5,0.05,783,223780.0,10075.9581151832,0.9549738219895287,783,0,783,FastestO
query_cycle_4_42.graph,5,0.075,1230,223780.0,10793.8165524512,0.9517659462308909,1230,0,1230,FastestO
query_cycle_4_42.graph,5,0.1,1528,223780.0,9953.1504818384,0.955522609340252,1528,0,1528,FastestO
query_cycle_4_42.graph,5,0.15,2168,223780.0,9865.12463263307,0.9559159682159574,2168,0,2168,FastestO
query_cycle_4_42.graph,5,0.2,2639,223780.0,10297.9395855871,0.9539818590330365,2639,0,2639,FastestO
query_cycle_4_42.graph,5,0.3,3492,223780.0,10159.612,0.9546,3485,0,3492,FastestO
query_cycle_4_42.graph,5,0.4,4077,223780.0,9499.461,0.9575499999999999,3457,0,4077,FastestO
query_cycle_4_42.graph,5,0.5,4602,223780.0,9835.131,0.9560500000000001,3469,0,4602,FastestO
query_cycle_4_42.graph,5,0.6,5103,223780.0,9734.43,0.9565,3474,0,5103,FastestO
query_cycle_4_42.graph,5,0.7,5612,223780.0,9756.808,0.9564,3434,0,5612,FastestO
query_cycle_4_42.graph,5,0.8,6137,223780.0,9779.186,0.9563,3482,0,6137,FastestO
query_cycle_4_42.graph,5,0.9,500,223780.0,8503.22520852641,0.9620018535681186,500,0,500,FastestO
query_cycle_4_43.graph,1,0.01,501,232609.0,5250.44366197183,0.9774280287436349,501,0,501,FastestO
query_cycle_4_43.graph,1,0.05,1460,232609.0,5447.55026455026,0.9765806556730382,1460,0,1460,FastestO
query_cycle_4_43.graph,1,0.075,1868,232609.0,6610.34917940011,0.9715817136078135,1868,0,1868,FastestO
query_cycle_4_43.graph,1,0.1,2145,232609.0,4927.15715667311,0.9788178567610319,2145,0,2145,FastestO
query_cycle_4_43.graph,1,0.15,2609,232609.0,6181.63389040031,0.9734247862705213,2609,0,2609,FastestO
query_cycle_4_43.graph,1,0.2,3016,232609.0,5648.20454545455,0.9757180309211829,3016,0,3016,FastestO
query_cycle_4_43.graph,1,0.3,3797,232609.0,4756.66375236295,0.9795508181009207,3797,0,3797,FastestO
query_cycle_4_43.graph,1,0.4,4352,232609.0,5849.92613636364,0.9748508177397966,4352,0,4352,FastestO
query_cycle_4_43.graph,1,0.5,4857,232609.0,5172.91531755915,0.9777613277321207,4857,0,4857,FastestO
query_cycle_4_43.graph,1,0.6,5284,232609.0,5488.71115317874,0.9764037025515834,5284,0,5284,FastestO
query_cycle_4_43.graph,1,0.7,5720,232609.0,6588.23745392685,0.9716767732378074,5720,0,5720,FastestO
query_cycle_4_43.graph,1,0.8,6087,232609.0,5619.17985611511,0.9758428097962026,6087,0,6087,FastestO
query_cycle_4_43.graph,1,0.9,500,232609.0,4612.91879350348,0.9801687862743768,500,0,500,FastestO
query_cycle_4_43.graph,2,0.01,501,232609.0,5550.09677419355,0.9761398020962493,501,0,501,FastestO
query_cycle_4_43.graph,2,0.05,1460,232609.0,4733.73333333333,0.9796493973434677,1460,0,1460,FastestO
query_cycle_4_43.graph,2,0.075,1868,232609.0,6150.12598425197,0.9735602406430879,1868,0,1868,FastestO
query_cycle_4_43.graph,2,0.1,2145,232609.0,7384.20896249391,0.9682548441268656,2145,0,2145,FastestO
query_cycle_4_43.graph,2,0.15,2609,232609.0,7157.86290322581,0.9692279193701627,2609,0,2609,FastestO
query_cycle_4_43.graph,2,0.2,3016,232609.0,5805.81181051265,0.9750404678644736,3016,0,3016,FastestO
query_cycle_4_43.graph,2,0.3,3797,232609.0,5856.78741496599,0.9748213206928108,3797,0,3797,FastestO
query_cycle_4_43.graph,2,0.4,4352,232609.0,5010.91221995927,0.9784577887357787,4352,0,4352,FastestO
query_cycle_4_43.graph,2,0.5,4857,232609.0,5613.04766139072,0.9758691724680012,4857,0,4857,FastestO
query_cycle_4_43.graph,2,0.6,5284,232609.0,5395.97489990761,0.976802381249618,5284,0,5284,FastestO
query_cycle_4_43.graph,2,0.7,5720,232609.0,5908.74245444191,0.9745979628714199,5720,0,5720,FastestO
query_cycle_4_43.graph,2,0.8,6087,232609.0,5553.01008682329,0.9761272775910507,6087,0,6087,FastestO
query_cycle_4_43.graph,2,0.9,500,232609.0,4767.78896882494,0.9795029901301113,500,0,500,FastestO
query_cycle_4_43.graph,3,0.01,501,232609.0,2876.40046296296,0.9876341824135655,501,0,501,FastestO
query_cycle_4_43.graph,3,0.05,1460,232609.0,6203.90161527166,0.9733290559897869,1460,0,1460,FastestO
query_cycle_4_43.graph,3,0.075,1868,232609.0,5941.31836734694,0.974457917073944,1868,0,1868,FastestO
query_cycle_4_43.graph,3,0.1,2145,232609.0,5837.74161073826,0.9749031997440415,2145,0,2145,FastestO
query_cycle_4_43.graph,3,0.15,2609,232609.0,5975.88664122137,0.9743093059975264,2609,0,2609,FastestO
query_cycle_4_43.graph,3,0.2,3016,232609.0,5237.03256704981,0.9774856838426295,3016,0,3016,FastestO
query_cycle_4_43.graph,3,0.3,3797,232609.0,6026.98787428854,0.9740896187409406,3797,0,3797,FastestO
query_cycle_4_43.graph,3,0.4,4352,232609.0,5909.9506097561,0.9745927689394817,4352,0,4352,FastestO
query_cycle_4_43.graph,3,0.5,4857,232609.0,5197.70967741935,0.9776547352964874,4857,0,4857,FastestO
query_cycle_4_43.graph,3,0.6,5284,232609.0,6227.99614457831,0.9732254721675502,5284,0,5284,FastestO
query_cycle_4_43.graph,3,0.7,5720,232609.0,5069.70165745856,0.9782050494286182,5720,0,5720,FastestO
query_cycle_4_43.graph,3,0.8,6087,232609.0,5730.95948528475,0.9753622624864697,6087,0,6087,FastestO
query_cycle_4_43.graph,3,0.9,500,232609.0,5847.55294117647,0.9748610202478131,500,0,500,FastestO
query_cycle_4_43.graph,4,0.01,501,232609.0,5536.35891089109,0.9761988619920506,501,0,501,FastestO
query_cycle_4_43.graph,4,0.05,1460,232609.0,5740.79806259315,0.9753199658543171,1460,0,1460,FastestO
query_cycle_4_43.graph,4,0.075,1868,232609.0,5581.60583941606,0.9760043427407535,1868,0,1868,FastestO
query_cycle_4_43.graph,4,0.1,2145,232609.0,4917.64527027027,0.978858748929447,2145,0,2145,FastestO
query_cycle_4_43.graph,4,0.15,2609,232609.0,6719.37813827733,0.9711129915941459,2609,0,2609,FastestO
query_cycle_4_43.graph,4,0.2,3016,232609.0,5747.55407166124,0.9752909213673536,3016,0,3016,FastestO
query_cycle_4_43.graph,4,0.3,3797,232609.0,5432.47922171511,0.976645446987369,3797,0,3797,FastestO
query_cycle_4_43.graph,4,0.4,4352,232609.0,4721.64514811032,0.979701365174562,4352,0,4352,FastestO
query_cycle_4_43.graph,4,0.5,4857,232609.0,5676.9864698647,0.9755942957071106,4857,0,4857,FastestO
query_cycle_4_43.graph,4,0.6,5284,232609.0,5992.20823547832,0.9742391384878559,5284,0,5284,FastestO
query_cycle_4_43.graph,4,0.7,5720,232609.0,6360.55452865065,0.9726555957480121,5720,0,5720,FastestO
query_cycle_4_43.graph,4,0.8,6087,232609.0,7079.26015941461,0.9695658372659072,6087,0,6087,FastestO
query_cycle_4_43.graph,4,0.9,500,232609.0,5917.16666666667,0.9745617466793346,500,0,500,FastestO
query_cycle_4_43.graph,5,0.01,501,232609.0,5338.15990453461,0.9770509313718102,501,0,501,FastestO
query_cycle_4_43.graph,5,0.05,1460,232609.0,7254.72979041916,0.9688114828299027,1460,0,1460,FastestO
query_cycle_4_43.graph,5,0.075,1868,232609.0,7036.26840317101,0.9697506613967172,1868,0,1868,FastestO
query_cycle_4_43.graph,5,0.1,2145,232609.0,5710.39157491623,0.975450685163015,2145,0,2145,FastestO
query_cycle_4_43.graph,5,0.15,2609,232609.0,6208.24942352037,0.9733103645021458,2609,0,2609,FastestO
query_cycle_4_43.graph,5,0.2,3016,232609.0,5808.09447004608,0.9750306545746463,3016,0,3016,FastestO
query_cycle_4_43.graph,5,0.3,3797,232609.0,5094.13469985359,0.978100010318373,3797,0,3797,FastestO
query_cycle_4_43.graph,5,0.4,4352,232609.0,6022.6398958542,0.97410831096022,4352,0,4352,FastestO
query_cycle_4_43.graph,5,0.5,4857,232609.0,5225.49501069138,0.9775352844873098,4857,0,4857,FastestO
query_cycle_4_43.graph,5,0.6,5284,232609.0,6019.53979238754,0.9741216384903957,5284,0,5284,FastestO
query_cycle_4_43.graph,5,0.7,5720,232609.0,6137.65034662045,0.9736138741552544,5720,0,5720,FastestO
query_cycle_4_43.graph,5,0.8,6087,232609.0,6009.03410537032,0.9741668030670769,6087,0,6087,FastestO
query_cycle_4_43.graph,5,0.9,500,232609.0,4767.78896882494,0.9795029901301113,500,0,500,FastestO
query_cycle_4_44.graph,1,0.01,594,153669.0,3100.94394618834,0.9798206278026905,594,0,594,FastestO
query_cycle_4_44.graph,1,0.05,1988,153669.0,2928.66928251121,0.9809417040358746,1988,0,1988,FastestO
query_cycle_4_44.graph,1,0.075,2567,153669.0,4170.55741127349,0.9728601252609604,2567,0,2567,FastestO
query_cycle_4_44.graph,1,0.1,3116,153669.0,3494.68351231838,0.9772583701831965,3116,0,3116,FastestO
query_cycle_4_44.graph,1,0.15,3788,153669.0,2711.80588235294,0.9823529411764707,3788,0,3788,FastestO
query_cycle_4_44.graph,1,0.2,4320,153669.0,2856.08219965511,0.9814140639969343,4320,0,4320,FastestO
query_cycle_4_44.graph,1,0.3,5603,153669.0,2844.25912596401,0.981491002570694,5603,0,5603,FastestO
query_cycle_4_44.graph,1,0.4,6450,153669.0,2864.32897433395,0.9813603981653167,6450,0,6450,FastestO
query_cycle_4_44.graph,1,0.5,7079,153669.0,2930.34803427419,0.9809307795698925,7079,0,7079,FastestO
query_cycle_4_44.graph,1,0.6,7737,153669.0,2626.91290889905,0.9829053816391137,7737,0,7737,FastestO
query_cycle_4_44.graph,1,0.7,8172,153669.0,3047.23339171775,0.9801701488802703,8172,0,8172,FastestO
query_cycle_4_44.graph,1,0.8,8586,153669.0,2948.18999662428,0.9808146731180376,8586,0,8586,FastestO
query_cycle_4_44.graph,1,0.9,500,153669.0,2963.31404958678,0.9807162534435262,500,0,500,FastestO
query_cycle_4_44.graph,2,0.01,594,153669.0,4153.21621621622,0.972972972972973,594,0,594,FastestO
query_cycle_4_44.graph,2,0.05,1988,153669.0,4474.97637362637,0.9708791208791208,1988,0,1988,FastestO
query_cycle_4_44.graph,2,0.075,2567,153669.0,2238.80372318899,0.9854309995953056,2567,0,2567,FastestO
query_cycle_4_44.graph,2,0.1,3116,153669.0,3601.6171875,0.9765625,3116,0,3116,FastestO
query_cycle_4_44.graph,2,0.15,3788,153669.0,2937.73637007316,0.9808827000236016,3788,0,3788,FastestO
query_cycle_4_44.graph,2,0.2,4320,153669.0,3099.00639906923,0.9798332363777391,4320,0,4320,FastestO
query_cycle_4_44.graph,2,0.3,5603,153669.0,3010.07140149122,0.9804119802856061,5603,0,5603,FastestO
query_cycle_4_44.graph,2,0.4,6450,153669.0,3189.67335385838,0.9792432217697884,6450,0,6450,FastestO
query_cycle_4_44.graph,2,0.5,7079,153669.0,2904.32977370964,0.9811000932282397,7079,0,7079,FastestO
query_cycle_4_44.graph,2,0.6,7737,153669.0,3234.90983088906,0.978948845695039,7737,0,7737,FastestO
query_cycle_4_44.graph,2,0.7,8172,153669.0,3119.65327656424,0.9796988769591509,8172,0,8172,FastestO
query_cycle_4_44.graph,2,0.8,8586,153669.0,2768.6558863026,0.9819829901521935,8586,0,8586,FastestO
query_cycle_4_44.graph,2,0.9,500,153669.0,2076.60810810811,0.9864864864864865,500,0,500,FastestO
query_cycle_4_44.graph,3,0.01,594,153669.0,3304.70967741936,0.9784946236559139,594,0,594,FastestO
query_cycle_4_44.graph,3,0.05,1988,153669.0,2891.14994298746,0.9811858608893957,1988,0,1988,FastestO
query_cycle_4_44.graph,3,0.075,2567,153669.0,2435.22592442097,0.9841527834213735,2567,0,2567,FastestO
query_cycle_4_44.graph,3,0.1,3116,153669.0,2383.59639126306,0.98448876226654,3116,0,3116,FastestO
query_cycle_4_44.graph,3,0.15,3788,153669.0,3202.95405021317,0.9791567977261962,3788,0,3788,FastestO
query_cycle_4_44.graph,3,0.2,4320,153669.0,3371.111822947,0.9780625121335664,4320,0,4320,FastestO
query_cycle_4_44.graph,3,0.3,5603,153669.0,3151.49056366381,0.979491696024157,5603,0,5603,FastestO
query_cycle_4_44.graph,3,0.4,6450,153669.0,3263.71238586741,0.9787614132592299,6450,0,6450,FastestO
query_cycle_4_44.graph,3,0.5,7079,153669.0,3156.23106546855,0.9794608472400514,7079,0,7079,FastestO
query_cycle_4_44.graph,3,0.6,7737,153669.0,3453.11583414498,0.9775288715736746,7737,0,7737,FastestO
query_cycle_4_44.graph,3,0.7,8172,153669.0,3190.92016363974,0.9792351081633919,8172,0,8172,FastestO
query_cycle_4_44.graph,3,0.8,8586,153669.0,3123.70638057595,0.9796725014116318,8586,0,8586,FastestO
query_cycle_4_44.graph,3,0.9,500,153669.0,2589.92696629213,0.9831460674157303,500,0,500,FastestO
query_cycle_4_44.graph,4,0.01,594,153669.0,2417.26516853933,0.9842696629213482,594,0,594,FastestO
query_cycle_4_44.graph,4,0.05,1988,153669.0,3016.40348964013,0.9803707742639041,1988,0,1988,FastestO
query_cycle_4_44.graph,4,0.075,2567,153669.0,2706.99180663662,0.9823842687423188,2567,0,2567,FastestO
query_cycle_4_44.graph,4,0.1,3116,153669.0,2908.41110766367,0.9810735339745578,3116,0,3116,FastestO
query_cycle_4_44.graph,4,0.15,3788,153669.0,2849.06148791364,0.9814597512321052,3788,0,3788,FastestO
query_cycle_4_44.graph,4,0.2,4320,153669.0,3137.91446734733,0.9795800423810442,4320,0,4320,FastestO
query_cycle_4_44.graph,4,0.3,5603,153669.0,3208.73006833713,0.9791192103264995,5603,0,5603,FastestO
query_cycle_4_44.graph,4,0.4,6450,153669.0,3060.07532467532,0.98008658008658,6450,0,6450,FastestO
query_cycle_4_44.graph,4,0.5,7079,153669.0,2532.51602484472,0.9835196687370601,7079,0,7079,FastestO
query_cycle_4_44.graph,4,0.6,7737,153669.0,2690.76392226876,0.9824898715923918,7737,0,7737,FastestO
query_cycle_4_44.graph,4,0.7,8172,153669.0,2866.92244508118,0.9813435211716015,8172,0,8172,FastestO
query_cycle_4_44.graph,4,0.8,8586,153669.0,2902.55871947044,0.9811116183519745,8586,0,8586,FastestO
query_cycle_4_44.graph,4,0.9,500,153669.0,2526.06575342466,0.9835616438356164,500,0,500,FastestO
query_cycle_4_44.graph,5,0.01,594,153669.0,3524.51834862385,0.9770642201834863,594,0,594,FastestO
query_cycle_4_44.graph,5,0.05,1988,153669.0,3490.49403747871,0.9772856331629757,1988,0,1988,FastestO
query_cycle_4_44.graph,5,0.075,2567,153669.0,2229.77992744861,0.9854897218863362,2567,0,2567,FastestO
query_cycle_4_44.graph,5,0.1,3116,153669.0,3136.10204081633,0.9795918367346939,3116,0,3116,FastestO
query_cycle_4_44.graph,5,0.15,3788,153669.0,2648.19722355194,0.9827668741024412,3788,0,3788,FastestO
query_cycle_4_44.graph,5,0.2,4320,153669.0,2990.91213151927,0.9805366591080877,4320,0,4320,FastestO
query_cycle_4_44.graph,5,0.3,5603,153669.0,2874.85930982177,0.981291872076855,5603,0,5603,FastestO
query_cycle_4_44.graph,5,0.4,6450,153669.0,3140.16596889952,0.9795653907496013,6450,0,6450,FastestO
query_cycle_4_44.graph,5,0.5,7079,153669.0,2973.42239604776,0.9806504734458624,7079,0,7079,FastestO
query_cycle_4_44.graph,5,0.6,7737,153669.0,3229.95048094051,0.9789811186319913,7737,0,7737,FastestO
query_cycle_4_44.graph,5,0.7,8172,153669.0,2919.75019127774,0.9809997449630197,8172,0,8172,FastestO
query_cycle_4_44.graph,5,0.8,8586,153669.0,3259.43189635405,0.9787892685163954,8586,0,8586,FastestO
query_cycle_4_44.graph,5,0.9,500,153669.0,3405.40720221607,0.9778393351800554,500,0,500,FastestO
query_cycle_4_45.graph,1,0.01,149,246321.0,12896.387434555,0.9476439790575916,149,0,149,FastestO
query_cycle_4_45.graph,1,0.05,624,246321.0,11918.7580645161,0.9516129032258065,624,0,624,FastestO
query_cycle_4_45.graph,1,0.075,898,246321.0,11187.8622137405,0.9545801526717558,898,0,898,FastestO
query_cycle_4_45.graph,1,0.1,1175,246321.0,11036.244534413,0.9551956815114711,1175,0,1175,FastestO
query_cycle_4_45.graph,1,0.15,1662,246321.0,10802.8922677262,0.9561430317848411,1662,0,1662,FastestO
query_cycle_4_45.graph,1,0.2,2039,246321.0,11090.6064480267,0.9549749861033907,2039,0,2039,FastestO
query_cycle_4_45.graph,1,0.3,2742,246321.0,11541.0001876642,0.9531465031902915,2742,0,2742,FastestO
query_cycle_4_45.graph,1,0.4,3275,246321.0,11293.81785,0.9541500000000001,3111,0,3275,FastestO
query_cycle_4_45.graph,1,0.5,3791,246321.0,11170.65735,0.95465,3128,0,3791,FastestO
query_cycle_4_45.graph,1,0.6,4329,246321.0,11453.9265,0.9535,3115,0,4329,FastestO
query_cycle_4_45.graph,1,0.7,4816,246321.0,11219.92155,0.95445,3139,0,4816,FastestO
query_cycle_4_45.graph,1,0.8,5367,246321.0,11601.7191,0.9529000000000001,3057,0,5367,FastestO
query_cycle_4_45.graph,1,0.9,500,246321.0,11346.8406909789,0.9539347408829174,500,0,500,FastestO
query_cycle_4_45.graph,2,0.01,149,246321.0,12503.6040609137,0.9492385786802031,149,0,149,FastestO
query_cycle_4_45.graph,2,0.05,624,246321.0,12236.2483801296,0.9503239740820735,624,0,624,FastestO
query_cycle_4_45.graph,2,0.075,898,246321.0,11996.7808326787,0.9512961508248232,898,0,898,FastestO
query_cycle_4_45.graph,2,0.1,1175,246321.0,13445.4694323144,0.945414847161572,1175,0,1175,FastestO
query_cycle_4_45.graph,2,0.15,1662,246321.0,10714.5470335075,0.9565016907470028,1662,0,1662,FastestO
query_cycle_4_45.graph,2,0.2,2039,246321.0,11365.1411023947,0.953860445912469,2039,0,2039,FastestO
query_cycle_4_45.graph,2,0.3,2742,246321.0,11905.8873914734,0.9516651548529221,2742,0,2742,FastestO
query_cycle_4_45.graph,2,0.4,3275,246321.0,11441.61045,0.95355,3117,0,3275,FastestO
query_cycle_4_45.graph,2,0.5,3791,246321.0,11306.1339,0.9540999999999999,3205,0,3791,FastestO
query_cycle_4_45.graph,2,0.6,4329,246321.0,11983.51665,0.95135,3170,0,4329,FastestO
query_cycle_4_45.graph,2,0.7,4816,246321.0,11429.2944,0.9535999999999999,3098,0,4816,FastestO
query_cycle_4_45.graph,2,0.8,5367,246321.0,11343.08205,0.95395,3172,0,5367,FastestO
query_cycle_4_45.graph,2,0.9,500,246321.0,12039.1495601173,0.9511241446725317,500,0,500,FastestO
query_cycle_4_45.graph,3,0.01,149,246321.0,13089.5217391304,0.9468599033816425,149,0,149,FastestO
query_cycle_4_45.graph,3,0.05,624,246321.0,12271.5877256318,0.9501805054151624,624,0,624,FastestO
query_cycle_4_45.graph,3,0.075,898,246321.0,11921.9364,0.9516,898,0,898,FastestO
query_cycle_4_45.graph,3,0.1,1175,246321.0,11120.7372262774,0.95485266288186,1175,0,1175,FastestO
query_cycle_4_45.graph,3,0.15,1662,246321.0,11454.2375575695,0.9534987371861536,1662,0,1662,FastestO
query_cycle_4_45.graph,3,0.2,2039,246321.0,11201.2351293103,0.9545258620689655,2039,0,2039,FastestO
query_cycle_4_45.graph,3,0.3,2742,246321.0,10614.0359510454,0.9569097399286078,2742,0,2742,FastestO
query_cycle_4_45.graph,3,0.4,3275,246321.0,11650.9833,0.9527,3102,0,3275,FastestO
query_cycle_4_45.graph,3,0.5,3791,246321.0,10788.8598,0.9561999999999999,3078,0,3791,FastestO
query_cycle_4_45.graph,3,0.6,4329,246321.0,11109.0771,0.9549,3113,0,4329,FastestO
query_cycle_4_45.graph,3,0.7,4816,246321.0,11121.39315,0.9548500000000001,3145,0,4816,FastestO
query_cycle_4_45.graph,3,0.8,5367,246321.0,11133.7092,0.9548,3070,0,5367,FastestO
query_cycle_4_45.graph,3,0.9,500,246321.0,8690.99164345404,0.9647168059424327,500,0,500,FastestO
query_cycle_4_45.graph,4,0.01,149,246321.0,18862.4189189189,0.9234234234234234,149,0,149,FastestO
query_cycle_4_45.graph,4,0.05,624,246321.0,10018.2201420271,0.9593285990961912,624,0,624,FastestO
query_cycle_4_45.graph,4,0.075,898,246321.0,10761.1178356713,0.956312625250501,898,0,898,FastestO
query_cycle_4_45.graph,4,0.1,1175,246321.0,11190.5957943925,0.9545690550363448,1175,0,1175,FastestO
query_cycle_4_45.graph,4,0.15,1662,246321.0,12042.8730084349,0.9511090284286161,1662,0,1662,FastestO
query_cycle_4_45.graph,4,0.2,2039,246321.0,11386.3049551048,0.9537745261057533,2039,0,2039,FastestO
query_cycle_4_45.graph,4,0.3,2742,246321.0,11881.8453608247,0.9517627593228968,2742,0,2742,FastestO
query_cycle_4_45.graph,4,0.4,3275,246321.0,11934.25245,0.95155,3162,0,3275,FastestO
query_cycle_4_45.graph,4,0.5,3791,246321.0,11072.12895,0.9550500000000001,3137,0,3791,FastestO
query_cycle_4_45.graph,4,0.6,4329,246321.0,12192.8895,0.9505,3087,0,4329,FastestO
query_cycle_4_45.graph,4,0.7,4816,246321.0,11133.7092,0.9548,3153,0,4816,FastestO
query_cycle_4_45.graph,4,0.8,5367,246321.0,11367.71415,0.95385,3090,0,5367,FastestO
query_cycle_4_45.graph,4,0.9,500,246321.0,9596.92207792208,0.961038961038961,500,0,500,FastestO
query_cycle_4_45.graph,5,0.01,149,246321.0,8095.05633802817,0.9671361502347418,149,0,149,FastestO
query_cycle_4_45.graph,5,0.05,624,246321.0,15326.64,0.9377777777777777,624,0,624,FastestO
query_cycle_4_45.graph,5,0.075,898,246321.0,10517.2972865124,0.9573024740622507,898,0,898,FastestO
query_cycle_4_45.graph,5,0.1,1175,246321.0,12208.8974426575,0.95043501186396,1175,0,1175,FastestO
query_cycle_4_45.graph,5,0.15,1662,246321.0,11438.1082466221,0.9535642180462804,1662,0,1662,FastestO
query_cycle_4_45.graph,5,0.2,2039,246321.0,11366.632869379,0.9538543897216274,2039,0,2039,FastestO
query_cycle_4_45.graph,5,0.3,2742,246321.0,11323.3302436275,0.9540301872612262,2742,0,2742,FastestO
query_cycle_4_45.graph,5,0.4,3275,246321.0,11182.9734,0.9546,3116,0,3275,FastestO
query_cycle_4_45.graph,5,0.5,3791,246321.0,11774.1438,0.9522,3144,0,3791,FastestO
query_cycle_4_45.graph,5,0.6,4329,246321.0,12242.1537,0.9503,3176,0,4329,FastestO
query_cycle_4_45.graph,5,0.7,4816,246321.0,11823.408,0.9520000000000001,3144,0,4816,FastestO
query_cycle_4_45.graph,5,0.8,5367,246321.0,11318.44995,0.95405,3135,0,5367,FastestO
query_cycle_4_45.graph,5,0.9,500,246321.0,12316.05,0.9500000000000001,500,0,500,FastestO
query_cycle_4_46.graph,1,0.01,597,394626.0,10454.6600566572,0.97350742207392,597,0,597,FastestO
query_cycle_4_46.graph,1,0.05,1637,394626.0,10840.1048313583,0.9725306877110017,1637,0,1637,FastestO
query_cycle_4_46.graph,1,0.075,2123,394626.0,13865.3537883532,0.9648645710410537,2123,0,2123,FastestO
query_cycle_4_46.graph,1,0.1,2488,394626.0,13460.8941695247,0.9658894898726269,2488,0,2488,FastestO
query_cycle_4_46.graph,1,0.15,3219,394626.0,14605.4536290323,0.9629891248193676,3219,0,3219,FastestO
query_cycle_4_46.graph,1,0.2,3748,394626.0,13214.3629777667,0.966514210980101,3748,0,3748,FastestO
query_cycle_4_46.graph,1,0.3,5037,394626.0,13007.5250246722,0.9670383476388473,5037,0,5037,FastestO
query_cycle_4_46.graph,1,0.4,5672,394626.0,13119.6747536815,0.9667541551907843,5672,0,5672,FastestO
query_cycle_4_46.graph,1,0.5,6129,394626.0,14855.7195906168,0.9623549396374877,6129,0,6129,FastestO
query_cycle_4_46.graph,1,0.6,6612,394626.0,13739.6029681763,0.9651832292647311,6612,0,6612,FastestO
query_cycle_4_46.graph,1,0.7,6938,394626.0,13650.550558109,0.9654088920696837,6938,0,6938,FastestO
query_cycle_4_46.graph,1,0.8,7329,394626.0,13944.5598135681,0.9646638594173519,7329,0,7329,FastestO
query_cycle_4_46.graph,1,0.9,500,394626.0,8602.55244755245,0.9782007459023165,500,0,500,FastestO
query_cycle_4_46.graph,2,0.01,597,394626.0,12425.9090909091,0.9685121885255682,597,0,597,FastestO
query_cycle_4_46.graph,2,0.05,1637,394626.0,9652.55884917175,0.9755399825425295,1637,0,1637,FastestO
query_cycle_4_46.graph,2,0.075,2123,394626.0,14122.4354243542,0.9642131146342253,2123,0,2123,FastestO
query_cycle_4_46.graph,2,0.1,2488,394626.0,12001.6097560976,0.9695873820881099,2488,0,2488,FastestO
query_cycle_4_46.graph,2,0.15,3219,394626.0,13322.1247563353,0.9662411377954436,3219,0,3219,FastestO
query_cycle_4_46.graph,2,0.2,3748,394626.0,12755.9583632448,0.9676758288525217,3748,0,3748,FastestO
query_cycle_4_46.graph,2,0.3,5037,394626.0,13275.3668195081,0.9663596245064742,5037,0,5037,FastestO
query_cycle_4_46.graph,2,0.4,5672,394626.0,13921.7513714936,0.9647216570335112,5672,0,5672,FastestO
query_cycle_4_46.graph,2,0.5,6129,394626.0,14244.2815055844,0.9639043511943349,6129,0,6129,FastestO
query_cycle_4_46.graph,2,0.6,6612,394626.0,13953.1315074694,0.9646421383601956,6612,0,6612,FastestO
query_cycle_4_46.graph,2,0.7,6938,394626.0,13325.1912531311,0.9662333671548982,6938,0,6938,FastestO
query_cycle_4_46.graph,2,0.8,7329,394626.0,13073.1288993189,0.9668721044753289,7329,0,7329,FastestO
query_cycle_4_46.graph,2,0.9,500,394626.0,18445.3806228374,0.953258577430688,500,0,500,FastestO
query_cycle_4_46.graph,3,0.01,597,394626.0,13266.4852941176,0.9663821306905331,597,0,597,FastestO
query_cycle_4_46.graph,3,0.05,1637,394626.0,8754.37660119556,0.9778160166811221,1637,0,1637,FastestO
query_cycle_4_46.graph,3,0.075,2123,394626.0,14165.5363636364,0.9641038949191478,2123,0,2123,FastestO
query_cycle_4_46.graph,3,0.1,2488,394626.0,12437.8743379875,0.9684818680523141,2488,0,2488,FastestO
query_cycle_4_46.graph,3,0.15,3219,394626.0,13501.9756338492,0.9657853875977528,3219,0,3219,FastestO
query_cycle_4_46.graph,3,0.2,3748,394626.0,13536.191362621,0.9656986834049937,3748,0,3748,FastestO
query_cycle_4_46.graph,3,0.3,5037,394626.0,13628.4164222874,0.9654649809635265,5037,0,5037,FastestO
query_cycle_4_46.graph,3,0.4,5672,394626.0,13220.5893234672,0.9664984331405756,5672,0,5672,FastestO
query_cycle_4_46.graph,3,0.5,6129,394626.0,13612.7308976261,0.9655047287871905,6129,0,6129,FastestO
query_cycle_4_46.graph,3,0.6,6612,394626.0,12739.0877941065,0.967718579632091,6612,0,6612,FastestO
query_cycle_4_46.graph,3,0.7,6938,394626.0,12706.3816948268,0.9678014583559451,6938,0,6938,FastestO
query_cycle_4_46.graph,3,0.8,7329,394626.0,13442.8176597272,0.9659352965599651,7329,0,7329,FastestO
query_cycle_4_46.graph,3,0.9,500,394626.0,11430.1045296167,0.9710356019886761,500,0,500,FastestO
query_cycle_4_46.graph,4,0.01,597,394626.0,10854.3970588235,0.9724944705649816,597,0,597,FastestO
query_cycle_4_46.graph,4,0.05,1637,394626.0,10586.6179001721,0.9731730349744514,1637,0,1637,FastestO
query_cycle_4_46.graph,4,0.075,2123,394626.0,16886.1001843884,0.9572098640627114,2123,0,2123,FastestO
query_cycle_4_46.graph,4,0.1,2488,394626.0,13073.6158906883,0.9668708704173362,2488,0,2488,FastestO
query_cycle_4_46.graph,4,0.15,3219,394626.0,13741.9633259564,0.9651772480121523,3219,0,3219,FastestO
query_cycle_4_46.graph,4,0.2,3748,394626.0,15085.2945563013,0.9617731863681023,3748,0,3748,FastestO
query_cycle_4_46.graph,4,0.3,5037,394626.0,11826.9079214624,0.9700300843799891,5037,0,5037,FastestO
query_cycle_4_46.graph,4,0.4,5672,394626.0,14285.0587674714,0.9638010197820939,5672,0,5672,FastestO
query_cycle_4_46.graph,4,0.5,6129,394626.0,13938.599075417,0.9646789641954231,6129,0,6129,FastestO
query_cycle_4_46.graph,4,0.6,6612,394626.0,13090.3195935721,0.9668285424843469,6612,0,6612,FastestO
query_cycle_4_46.graph,4,0.7,6938,394626.0,13357.1128867732,0.9661524763021869,6938,0,6938,FastestO
query_cycle_4_46.graph,4,0.8,7329,394626.0,14398.626427219,0.9635132342338847,7329,0,7329,FastestO
query_cycle_4_46.graph,4,0.9,500,394626.0,14697.311827957,0.9627563520194894,500,0,500,FastestO
query_cycle_4_46.graph,5,0.01,597,394626.0,14601.3649851632,0.9629994856264837,597,0,597,FastestO
query_cycle_4_46.graph,5,0.05,1637,394626.0,14891.2798937112,0.9622648282330326,1637,0,1637,FastestO
query_cycle_4_46.graph,5,0.075,2123,394626.0,13244.0124223602,0.9664390779564442,2123,0,2123,FastestO
query_cycle_4_46.graph,5,0.1,2488,394626.0,11463.0382540461,0.9709521464524737,2488,0,2488,FastestO
query_cycle_4_46.graph,5,0.15,3219,394626.0,11973.3907480315,0.9696588903213891,3219,0,3219,FastestO
query_cycle_4_46.graph,5,0.2,3748,394626.0,10717.6979140488,0.9728408723346947,3748,0,3748,FastestO
query_cycle_4_46.graph,5,0.3,5037,394626.0,13858.3674638408,0.9648822747010062,5037,0,5037,FastestO
query_cycle_4_46.graph,5,0.4,5672,394626.0,15150.2429599831,0.9616086041974349,5672,0,5672,FastestO
query_cycle_4_46.graph,5,0.5,6129,394626.0,13222.9442691903,0.9664924656023923,6129,0,6129,FastestO
query_cycle_4_46.graph,5,0.6,6612,394626.0,14092.3132732549,0.9642894455173888,6612,0,6612,FastestO
query_cycle_4_46.graph,5,0.7,6938,394626.0,13909.8963678774,0.964751698144883,6938,0,6938,FastestO
query_cycle_4_46.graph,5,0.8,7329,394626.0,13737.6653289129,0.9651881393296111,7329,0,7329,FastestO
query_cycle_4_46.graph,5,0.9,500,394626.0,9932.12802768166,0.9748315416934473,500,0,500,FastestO
query_cycle_4_47.graph,1,0.01,144,225087.0,10550.953125,0.953125,144,0,144,FastestO
query_cycle_4_47.graph,1,0.05,641,225087.0,9914.36200963524,0.9559532002752925,641,0,641,FastestO
query_cycle_4_47.graph,1,0.075,876,225087.0,10982.2668131868,0.9512087912087912,876,0,876,FastestO
query_cycle_4_47.graph,1,0.1,1156,225087.0,10849.1040544372,0.9518003969379076,1156,0,1156,FastestO
query_cycle_4_47.graph,1,0.15,1690,225087.0,9709.2258812616,0.9568645640074211,1690,0,1690,FastestO
query_cycle_4_47.graph,1,0.2,2106,225087.0,9775.87056546979,0.9565684798967964,2106,0,2106,FastestO
query_cycle_4_47.graph,1,0.3,2788,225087.0,9746.72185046969,0.9566979796679963,2788,0,2788,FastestO
query_cycle_4_47.graph,1,0.4,3320,225087.0,10590.34335,0.95295,3181,0,3320,FastestO
query_cycle_4_47.graph,1,0.5,3807,225087.0,9825.04755,0.95635,3186,0,3807,FastestO
query_cycle_4_47.graph,1,0.6,4342,225087.0,10387.76505,0.9538500000000001,3176,0,4342,FastestO
query_cycle_4_47.graph,1,0.7,4828,225087.0,10286.4759,0.9543,3150,0,4828,FastestO
query_cycle_4_47.graph,1,0.8,5364,225087.0,9948.8454,0.9558000000000001,3180,0,5364,FastestO
query_cycle_4_47.graph,1,0.9,500,225087.0,9815.48860257681,0.956392467789891,500,0,500,FastestO
query_cycle_4_47.graph,2,0.01,144,225087.0,16369.9636363636,0.9272727272727274,144,0,144,FastestO
query_cycle_4_47.graph,2,0.05,641,225087.0,9303.596,0.9586666666666667,641,0,641,FastestO
query_cycle_4_47.graph,2,0.075,876,225087.0,9756.39798598949,0.9566549912434326,876,0,876,FastestO
query_cycle_4_47.graph,2,0.1,1156,225087.0,10593.7619691642,0.9529348120097376,1156,0,1156,FastestO
query_cycle_4_47.graph,2,0.15,1690,225087.0,10200.2141558048,0.9546832373446499,1690,0,1690,FastestO
query_cycle_4_47.graph,2,0.2,2106,225087.0,10412.678525641,0.9537393162393162,2106,0,2106,FastestO
query_cycle_4_47.graph,2,0.3,2788,225087.0,10217.6055284347,0.9546059722310276,2788,0,2788,FastestO
query_cycle_4_47.graph,2,0.4,3320,225087.0,9915.08235,0.95595,3147,0,3320,FastestO
query_cycle_4_47.graph,2,0.5,3807,225087.0,10061.3889,0.9553,3203,0,3807,FastestO
query_cycle_4_47.graph,2,0.6,4342,225087.0,10354.002,0.954,3167,0,4342,FastestO
query_cycle_4_47.graph,2,0.7,4828,225087.0,10657.86945,0.95265,3222,0,4828,FastestO
query_cycle_4_47.graph,2,0.8,5364,225087.0,10522.81725,0.95325,3162,0,5364,FastestO
query_cycle_4_47.graph,2,0.9,500,225087.0,8320.33657587549,0.9630350194552528,500,0,500,FastestO
query_cycle_4_47.graph,3,0.01,144,225087.0,11961.1449275362,0.9468599033816425,144,0,144,FastestO
query_cycle_4_47.graph,3,0.05,641,225087.0,9140.58883248731,0.9593908629441625,641,0,641,FastestO
query_cycle_4_47.graph,3,0.075,876,225087.0,9158.90382244143,0.9593094944512947,876,0,876,FastestO
query_cycle_4_47.graph,3,0.1,1156,225087.0,10497.6197424893,0.9533619456366237,1156,0,1156,FastestO
query_cycle_4_47.graph,3,0.15,1690,225087.0,10578.6795027289,0.9530018192844149,1690,0,1690,FastestO
query_cycle_4_47.graph,3,0.2,2106,225087.0,10041.1488485927,0.9553899210145734,2106,0,2106,FastestO
query_cycle_4_47.graph,3,0.3,2788,225087.0,9819.48193330239,0.9563747265132931,2788,0,2788,FastestO
query_cycle_4_47.graph,3,0.4,3320,225087.0,10567.83465,0.95305,3192,0,3320,FastestO
query_cycle_4_47.graph,3,0.5,3807,225087.0,10016.3715,0.9555,3248,0,3807,FastestO
query_cycle_4_47.graph,3,0.6,4342,225087.0,10871.7021,0.9517,3132,0,4342,FastestO
query_cycle_4_47.graph,3,0.7,4828,225087.0,10534.0716,0.9532,3248,0,4828,FastestO
query_cycle_4_47.graph,3,0.8,5364,225087.0,10882.95645,0.95165,3173,0,5364,FastestO
query_cycle_4_47.graph,3,0.9,500,225087.0,14098.3218142549,0.937365010799136,500,0,500,FastestO
query_cycle_4_47.graph,4,0.01,144,225087.0,9786.39130434783,0.9565217391304347,144,0,144,FastestO
query_cycle_4_47.graph,4,0.05,641,225087.0,10498.7575971731,0.9533568904593639,641,0,641,FastestO
query_cycle_4_47.graph,4,0.075,876,225087.0,11630.6352583587,0.9483282674772037,876,0,876,FastestO
query_cycle_4_47.graph,4,0.1,1156,225087.0,10584.2245409015,0.952977184195882,1156,0,1156,FastestO
query_cycle_4_47.graph,4,0.15,1690,225087.0,10739.8062289046,0.9522859772936484,1690,0,1690,FastestO
query_cycle_4_47.graph,4,0.2,2106,225087.0,9170.84178104399,0.9592564573651789,2106,0,2106,FastestO
query_cycle_4_47.graph,4,0.3,2788,225087.0,10298.2889869557,0.9542475176844701,2788,0,2788,FastestO
query_cycle_4_47.graph,4,0.4,3320,225087.0,10500.30855,0.95335,3219,0,3320,FastestO
query_cycle_4_47.graph,4,0.5,3807,225087.0,10230.20415,0.95455,3147,0,3807,FastestO
query_cycle_4_47.graph,4,0.6,4342,225087.0,10005.11715,0.95555,3198,0,4342,FastestO
query_cycle_4_47.graph,4,0.7,4828,225087.0,10241.4585,0.9545,3228,0,4828,FastestO
query_cycle_4_47.graph,4,0.8,5364,225087.0,10320.23895,0.9541500000000001,3174,0,5364,FastestO
query_cycle_4_47.graph,4,0.9,500,225087.0,11698.9085239085,0.948024948024948,500,0,500,FastestO
query_cycle_4_47.graph,5,0.01,144,225087.0,10667.6303317536,0.9526066350710901,144,0,144,FastestO
query_cycle_4_47.graph,5,0.05,641,225087.0,9061.01022364217,0.9597444089456869,641,0,641,FastestO
query_cycle_4_47.graph,5,0.075,876,225087.0,10218.5596368139,0.9546017333883615,876,0,876,FastestO
query_cycle_4_47.graph,5,0.1,1156,225087.0,10138.4609534952,0.9549575899385785,1156,0,1156,FastestO
query_cycle_4_47.graph,5,0.15,1690,225087.0,9429.50361663653,0.9581072935503315,1690,0,1690,FastestO
query_cycle_4_47.graph,5,0.2,2106,225087.0,9345.84302510327,0.9584789746848851,2106,0,2106,FastestO
query_cycle_4_47.graph,5,0.3,2788,225087.0,9951.84962358045,0.9557866530560163,2788,0,2788,FastestO
query_cycle_4_47.graph,5,0.4,3320,225087.0,10106.4063,0.9550999999999999,3218,0,3320,FastestO
query_cycle_4_47.graph,5,0.5,3807,225087.0,9892.57365,0.95605,3215,0,3807,FastestO
query_cycle_4_47.graph,5,0.6,4342,225087.0,10297.73025,0.95425,3202,0,4342,FastestO
query_cycle_4_47.graph,5,0.7,4828,225087.0,10286.4759,0.9543,3181,0,4828,FastestO
query_cycle_4_47.graph,5,0.8,5364,225087.0,10455.29115,0.95355,3235,0,5364,FastestO
query_cycle_4_47.graph,5,0.9,500,225087.0,11298.6584645669,0.9498031496062993,500,0,500,FastestO
query_cycle_4_48.graph,1,0.01,165,153514.0,3633.4674556213,0.9763313609467454,165,0,165,FastestO
query_cycle_4_48.graph,1,0.05,777,153514.0,3666.00597014925,0.9761194029850747,777,0,777,FastestO
query_cycle_4_48.graph,1,0.075,1076,153514.0,4386.11428571429,0.9714285714285714,1076,0,1076,FastestO
query_cycle_4_48.graph,1,0.1,1366,153514.0,3830.33953033268,0.9750489236790606,1366,0,1366,FastestO
query_cycle_4_48.graph,1,0.15,1912,153514.0,3193.45616641902,0.9791976225854383,1912,0,1912,FastestO
query_cycle_4_48.graph,1,0.2,2373,153514.0,4023.9995872033,0.9737874097007225,2373,0,2373,FastestO
query_cycle_4_48.graph,1,0.3,3285,153514.0,3434.35748232294,0.9776283760287471,3285,0,3285,FastestO
query_cycle_4_48.graph,1,0.4,4076,153514.0,3867.2501473188,0.9748084855627579,4076,0,4076,FastestO
query_cycle_4_48.graph,1,0.5,4828,153514.0,3837.85,0.975,4777,0,4828,FastestO
query_cycle_4_48.graph,1,0.6,5625,153514.0,3799.4715,0.97525,4775,0,5625,FastestO
query_cycle_4_48.graph,1,0.7,6312,153514.0,3569.2005,0.97675,4761,0,6312,FastestO
query_cycle_4_48.graph,1,0.8,6982,153514.0,3676.6603,0.9760500000000001,4898,0,6982,FastestO
query_cycle_4_48.graph,1,0.9,500,153514.0,3900.53720508167,0.9745916515426497,500,0,500,FastestO
query_cycle_4_48.graph,2,0.01,165,153514.0,4462.61627906977,0.9709302325581395,165,0,165,FastestO
query_cycle_4_48.graph,2,0.05,777,153514.0,3502.7996031746,0.9771825396825397,777,0,777,FastestO
query_cycle_4_48.graph,2,0.075,1076,153514.0,4374.21166892809,0.971506105834464,1076,0,1076,FastestO
query_cycle_4_48.graph,2,0.1,1366,153514.0,3680.65534465534,0.9760239760239759,1366,0,1366,FastestO
query_cycle_4_48.graph,2,0.15,1912,153514.0,3234.27121661721,0.9789317507418398,1912,0,1912,FastestO
query_cycle_4_48.graph,2,0.2,2373,153514.0,4117.35506498865,0.9731792861563854,2373,0,2373,FastestO
query_cycle_4_48.graph,2,0.3,3285,153514.0,3843.16312874942,0.9749653899400094,3285,0,3285,FastestO
query_cycle_4_48.graph,2,0.4,4076,153514.0,3899.20513969819,0.9746003287016285,4076,0,4076,FastestO
query_cycle_4_48.graph,2,0.5,4828,153514.0,3807.1472,0.9752,4780,0,4828,FastestO
query_cycle_4_48.graph,2,0.6,5625,153514.0,3692.0117,0.97595,4810,0,5625,FastestO
query_cycle_4_48.graph,2,0.7,6312,153514.0,3661.3089,0.97615,4781,0,6312,FastestO
query_cycle_4_48.graph,2,0.8,6982,153514.0,3968.3369,0.9741500000000001,4819,0,6982,FastestO
query_cycle_4_48.graph,2,0.9,500,153514.0,3122.3186440678,0.9796610169491525,500,0,500,FastestO
query_cycle_4_48.graph,3,0.01,165,153514.0,2693.22807017544,0.9824561403508771,165,0,165,FastestO
query_cycle_4_48.graph,3,0.05,777,153514.0,4846.1649694501,0.9684317718940937,777,0,777,FastestO
query_cycle_4_48.graph,3,0.075,1076,153514.0,4777.83761840325,0.9688768606224627,1076,0,1076,FastestO
query_cycle_4_48.graph,3,0.1,1366,153514.0,3014.30014025245,0.9803646563814867,1366,0,1366,FastestO
query_cycle_4_48.graph,3,0.15,1912,153514.0,4411.32183908046,0.971264367816092,1912,0,1912,FastestO
query_cycle_4_48.graph,3,0.2,2373,153514.0,3650.3971722365,0.9762210796915167,2373,0,2373,FastestO
query_cycle_4_48.graph,3,0.3,3285,153514.0,3847.33286268973,0.9749382280268266,3285,0,3285,FastestO
query_cycle_4_48.graph,3,0.4,4076,153514.0,4134.00452591084,0.9730708305046392,4076,0,4076,FastestO
query_cycle_4_48.graph,3,0.5,4828,153514.0,3692.0117,0.97595,4763,0,4828,FastestO
query_cycle_4_48.graph,3,0.6,5625,153514.0,3799.4715,0.97525,4766,0,5625,FastestO
query_cycle_4_48.graph,3,0.7,6312,153514.0,3684.336,0.976,4818,0,6312,FastestO
query_cycle_4_48.graph,3,0.8,6982,153514.0,3868.5528,0.9748,4797,0,6982,FastestO
query_cycle_4_48.graph,3,0.9,500,153514.0,3519.72134038801,0.9770723104056438,500,0,500,FastestO
query_cycle_4_48.graph,4,0.01,165,153514.0,3633.4674556213,0.9763313609467454,165,0,165,FastestO
query_cycle_4_48.graph,4,0.05,777,153514.0,4190.97876643074,0.9726996966632961,777,0,777,FastestO
query_cycle_4_48.graph,4,0.075,1076,153514.0,4018.15167785235,0.9738255033557047,1076,0,1076,FastestO
query_cycle_4_48.graph,4,0.1,1366,153514.0,3815.40643274854,0.9751461988304093,1366,0,1366,FastestO
query_cycle_4_48.graph,4,0.15,1912,153514.0,4219.39064327485,0.972514619883041,1912,0,1912,FastestO
query_cycle_4_48.graph,4,0.2,2373,153514.0,4249.85925612849,0.9723161453930684,2373,0,2373,FastestO
query_cycle_4_48.graph,4,0.3,3285,153514.0,3151.46446502287,0.9794711592100859,3285,0,3285,FastestO
query_cycle_4_48.graph,4,0.4,4076,153514.0,3596.95313843508,0.9765692175408426,4076,0,4076,FastestO
query_cycle_4_48.graph,4,0.5,4828,153514.0,3615.2547,0.97645,4768,0,4828,FastestO
query_cycle_4_48.graph,4,0.6,5625,153514.0,3592.2276,0.9765999999999999,4792,0,5625,FastestO
query_cycle_4_48.graph,4,0.7,6312,153514.0,3615.2547,0.97645,4785,0,6312,FastestO
query_cycle_4_48.graph,4,0.8,6982,153514.0,3661.3089,0.97615,4790,0,6982,FastestO
query_cycle_4_48.graph,4,0.9,500,153514.0,6502.43462246777,0.9576427255985266,500,0,500,FastestO
query_cycle_4_48.graph,5,0.01,165,153514.0,2631.66857142857,0.9828571428571429,165,0,165,FastestO
query_cycle_4_48.graph,5,0.05,777,153514.0,3644.24925816024,0.9762611275964391,777,0,777,FastestO
query_cycle_4_48.graph,5,0.075,1076,153514.0,4340.74068965517,0.9717241379310344,1076,0,1076,FastestO
query_cycle_4_48.graph,5,0.1,1366,153514.0,3710.3081570997,0.9758308157099698,1366,0,1366,FastestO
query_cycle_4_48.graph,5,0.15,1912,153514.0,3948.63103743927,0.9742783652472135,1912,0,1912,FastestO
query_cycle_4_48.graph,5,0.2,2373,153514.0,3709.32513777024,0.9758372191606614,2373,0,2373,FastestO
query_cycle_4_48.graph,5,0.3,3285,153514.0,4105.60697674419,0.9732558139534884,3285,0,3285,FastestO
query_cycle_4_48.graph,5,0.4,4076,153514.0,3858.27616794796,0.9748669426374925,4076,0,4076,FastestO
query_cycle_4_48.graph,5,0.5,4828,153514.0,3684.336,0.976,4804,0,4828,FastestO
query_cycle_4_48.graph,5,0.6,5625,153514.0,4029.7425,0.97375,4811,0,5625,FastestO
query_cycle_4_48.graph,5,0.7,6312,153514.0,3523.1463,0.9770500000000001,4766,0,6312,FastestO
query_cycle_4_48.graph,5,0.8,6982,153514.0,3830.1743,0.9750499999999999,4806,0,6982,FastestO
query_cycle_4_48.graph,5,0.9,500,153514.0,4417.6690647482,0.9712230215827339,500,0,500,FastestO
query_cycle_4_49.graph,1,0.01,154,237278.0,6724.47773279352,0.9716599190283401,154,0,154,FastestO
query_cycle_4_49.graph,1,0.05,614,237278.0,10155.2404891304,0.9572010869565217,614,0,614,FastestO
query_cycle_4_49.graph,1,0.075,854,237278.0,12222.134991119,0.9484902309058615,854,0,854,FastestO
query_cycle_4_49.graph,1,0.1,1128,237278.0,11447.9147265077,0.9517531556802244,1128,0,1128,FastestO
query_cycle_4_49.graph,1,0.15,1635,237278.0,11191.0006066121,0.9528359114346375,1635,0,1635,FastestO
query_cycle_4_49.graph,1,0.2,1972,237278.0,12271.1642360332,0.9482835988332959,1972,0,1972,FastestO
query_cycle_4_49.graph,1,0.3,2624,237278.0,11618.544666335,0.9510340416459384,2624,0,2624,FastestO
query_cycle_4_49.graph,1,0.4,3177,237278.0,11223.2494,0.9527,3122,0,3177,FastestO
query_cycle_4_49.graph,1,0.5,3648,237278.0,12018.1307,0.9493499999999999,3124,0,3648,FastestO
query_cycle_4_49.graph,1,0.6,4174,237278.0,12006.2668,0.9493999999999999,3171,0,4174,FastestO
query_cycle_4_49.graph,1,0.7,4643,237278.0,12196.0892,0.9486,3106,0,4643,FastestO
query_cycle_4_49.graph,1,0.8,5202,237278.0,12682.5091,0.94655,3103,0,5202,FastestO
query_cycle_4_49.graph,1,0.9,500,237278.0,12670.1844660194,0.9466019417475728,500,0,500,FastestO
query_cycle_4_49.graph,2,0.01,154,237278.0,10736.5610859729,0.9547511312217195,154,0,154,FastestO
query_cycle_4_49.graph,2,0.05,614,237278.0,9530.5567867036,0.9598337950138505,614,0,614,FastestO
query_cycle_4_49.graph,2,0.075,854,237278.0,10733.2604303909,0.9547650417215635,854,0,854,FastestO
query_cycle_4_49.graph,2,0.1,1128,237278.0,12351.8314639057,0.9479436295657175,1128,0,1128,FastestO
query_cycle_4_49.graph,2,0.15,1635,237278.0,11987.7253063077,0.9494781424897898,1635,0,1635,FastestO
query_cycle_4_49.graph,2,0.2,1972,237278.0,12287.5167442892,0.9482146817476159,1972,0,1972,FastestO
query_cycle_4_49.graph,2,0.3,2624,237278.0,11007.3269034843,0.9536099979623718,2624,0,2624,FastestO
query_cycle_4_49.graph,2,0.4,3177,237278.0,12148.6336,0.9488,3125,0,3177,FastestO
query_cycle_4_49.graph,2,0.5,3648,237278.0,11840.1722,0.9500999999999999,3160,0,3648,FastestO
query_cycle_4_49.graph,2,0.6,4174,237278.0,11923.2195,0.94975,3079,0,4174,FastestO
query_cycle_4_49.graph,2,0.7,4643,237278.0,11899.4917,0.94985,3129,0,4643,FastestO
query_cycle_4_49.graph,2,0.8,5202,237278.0,11697.8054,0.9507,3048,0,5202,FastestO
query_cycle_4_49.graph,2,0.9,500,237278.0,12027.9170506912,0.9493087557603687,500,0,500,FastestO
query_cycle_4_49.graph,3,0.01,154,237278.0,9170.16425120773,0.961352657004831,154,0,154,FastestO
query_cycle_4_49.graph,3,0.05,614,237278.0,9788.13940256045,0.9587482219061166,614,0,614,FastestO
query_cycle_4_49.graph,3,0.075,854,237278.0,11716.1743237441,0.9506225848003436,854,0,854,FastestO
query_cycle_4_49.graph,3,0.1,1128,237278.0,12481.3643195102,0.9473977177845812,1128,0,1128,FastestO
query_cycle_4_49.graph,3,0.15,1635,237278.0,11239.3010705382,0.9526323507845725,1635,0,1635,FastestO
query_cycle_4_49.graph,3,0.2,1972,237278.0,11328.5644940747,0.9522561531449407,1972,0,1972,FastestO
query_cycle_4_49.graph,3,0.3,2624,237278.0,12167.6860194441,0.9487197042311379,2624,0,2624,FastestO
query_cycle_4_49.graph,3,0.4,3177,237278.0,11579.1664,0.9512,3109,0,3177,FastestO
query_cycle_4_49.graph,3,0.5,3648,237278.0,11662.2137,0.9508500000000001,3099,0,3648,FastestO
query_cycle_4_49.graph,3,0.6,4174,237278.0,12350.3199,0.94795,3084,0,4174,FastestO
query_cycle_4_49.graph,3,0.7,4643,237278.0,12279.1365,0.94825,3163,0,4643,FastestO
query_cycle_4_49.graph,3,0.8,5202,237278.0,12065.5863,0.94915,3118,0,5202,FastestO
query_cycle_4_49.graph,3,0.9,500,237278.0,13792.5142857143,0.941871921182266,500,0,500,FastestO
query_cycle_4_49.graph,4,0.01,154,237278.0,13588.6079295154,0.9427312775330396,154,0,154,FastestO
query_cycle_4_49.graph,4,0.05,614,237278.0,14731.2283813747,0.9379157427937915,614,0,614,FastestO
query_cycle_4_49.graph,4,0.075,854,237278.0,11664.2418069088,0.9508414526129317,854,0,854,FastestO
query_cycle_4_49.graph,4,0.1,1128,237278.0,11079.8847624249,0.9533042053522665,1128,0,1128,FastestO
query_cycle_4_49.graph,4,0.15,1635,237278.0,12579.3505632869,0.9469847581179589,1635,0,1635,FastestO
query_cycle_4_49.graph,4,0.2,1972,237278.0,12486.902444545,0.9473743775464011,1972,0,1972,FastestO
query_cycle_4_49.graph,4,0.3,2624,237278.0,12421.9415360085,0.9476481530693596,2624,0,2624,FastestO
query_cycle_4_49.graph,4,0.4,3177,237278.0,12468.9589,0.94745,3162,0,3177,FastestO
query_cycle_4_49.graph,4,0.5,3648,237278.0,12184.2253,0.94865,3086,0,3648,FastestO
query_cycle_4_49.graph,4,0.6,4174,237278.0,11923.2195,0.94975,3071,0,4174,FastestO
query_cycle_4_49.graph,4,0.7,4643,237278.0,11804.5805,0.9502499999999999,3130,0,4643,FastestO
query_cycle_4_49.graph,4,0.8,5202,237278.0,11484.2552,0.9515999999999999,3111,0,5202,FastestO
query_cycle_4_49.graph,4,0.9,500,237278.0,10714.3405456256,0.9548447789275635,500,0,500,FastestO
query_cycle_4_49.graph,5,0.01,154,237278.0,8645.75708502024,0.9635627530364372,154,0,154,FastestO
query_cycle_4_49.graph,5,0.05,614,237278.0,15149.152190052,0.9361544172234595,614,0,614,FastestO
query_cycle_4_49.graph,5,0.075,854,237278.0,12084.0759602935,0.9490720759602935,854,0,854,FastestO
query_cycle_4_49.graph,5,0.1,1128,237278.0,10989.8531960997,0.9536836403033586,1128,0,1128,FastestO
query_cycle_4_49.graph,5,0.15,1635,237278.0,13264.4597148807,0.9440973890757648,1635,0,1635,FastestO
query_cycle_4_49.graph,5,0.2,1972,237278.0,10774.3168316832,0.9545920109252305,1972,0,1972,FastestO
query_cycle_4_49.graph,5,0.3,2624,237278.0,11854.0353381375,0.9500415742793792,2624,0,2624,FastestO
query_cycle_4_49.graph,5,0.4,3177,237278.0,12706.2369,0.94645,3142,0,3177,FastestO
query_cycle_4_49.graph,5,0.5,3648,237278.0,11863.9,0.9500000000000001,3106,0,3648,FastestO
query_cycle_4_49.graph,5,0.6,4174,237278.0,12160.4975,0.94875,3067,0,4174,FastestO
query_cycle_4_49.graph,5,0.7,4643,237278.0,11792.7166,0.9503,3156,0,4643,FastestO
query_cycle_4_49.graph,5,0.8,5202,237278.0,11318.1606,0.9523,3122,0,5202,FastestO
query_cycle_4_49.graph,5,0.9,500,237278.0,11815.6727642276,0.9502032520325203,500,0,500,FastestO
query_cycle_4_5.graph,1,0.01,158,229547.0,10699.2245762712,0.9533898305084745,158,0,158,FastestO
query_cycle_4_5.graph,1,0.05,650,229547.0,8507.68601398601,0.9629370629370629,650,0,650,FastestO
query_cycle_4_5.graph,1,0.075,946,229547.0,8987.74471417384,0.9608457321848082,946,0,946,FastestO
query_cycle_4_5.graph,1,0.1,1254,229547.0,9337.30848913593,0.9593228903486609,1254,0,1254,FastestO
query_cycle_4_5.graph,1,0.15,1761,229547.0,9122.84979544126,0.9602571595558154,1761,0,1761,FastestO
query_cycle_4_5.graph,1,0.2,2163,229547.0,9755.62676204502,0.9575005259835894,2163,0,2163,FastestO
query_cycle_4_5.graph,1,0.3,2885,229547.0,8873.88783156893,0.9613417390270014,2885,0,2885,FastestO
query_cycle_4_5.graph,1,0.4,3484,229547.0,9204.8347,0.9599,3256,0,3484,FastestO
query_cycle_4_5.graph,1,0.5,3974,229547.0,9870.521,0.957,3207,0,3974,FastestO
query_cycle_4_5.graph,1,0.6,4541,229547.0,9560.63255,0.9583499999999999,3241,0,4541,FastestO
query_cycle_4_5.graph,1,0.7,5045,229547.0,9606.54195,0.9581500000000001,3168,0,5045,FastestO
query_cycle_4_5.graph,1,0.8,5579,229547.0,9216.31205,0.95985,3318,0,5579,FastestO
query_cycle_4_5.graph,1,0.9,500,229547.0,10464.315227934,0.9544131910766246,500,0,500,FastestO
query_cycle_4_5.graph,2,0.01,158,229547.0,9980.30434782609,0.9565217391304348,158,0,158,FastestO
query_cycle_4_5.graph,2,0.05,650,229547.0,8238.69183168317,0.9641089108910892,650,0,650,FastestO
query_cycle_4_5.graph,2,0.075,946,229547.0,9961.95145273998,0.9566016917984553,946,0,946,FastestO
query_cycle_4_5.graph,2,0.1,1254,229547.0,9116.00947988727,0.9602869587496797,1254,0,1254,FastestO
query_cycle_4_5.graph,2,0.15,1761,229547.0,10239.6303694803,0.9553920096124963,1761,0,1761,FastestO
query_cycle_4_5.graph,2,0.2,2163,229547.0,10000.9068883094,0.9564319860930031,2163,0,2163,FastestO
query_cycle_4_5.graph,2,0.3,2885,229547.0,9367.51141894422,0.9591913141145638,2885,0,2885,FastestO
query_cycle_4_5.graph,2,0.4,3484,229547.0,9778.7022,0.9574,3323,0,3484,FastestO
query_cycle_4_5.graph,2,0.5,3974,229547.0,10191.8868,0.9556,3218,0,3974,FastestO
query_cycle_4_5.graph,2,0.6,4541,229547.0,9285.17615,0.9595499999999999,3254,0,4541,FastestO
query_cycle_4_5.graph,2,0.7,5045,229547.0,9675.40605,0.9578500000000001,3267,0,5045,FastestO
query_cycle_4_5.graph,2,0.8,5579,229547.0,9881.99835,0.95695,3241,0,5579,FastestO
query_cycle_4_5.graph,2,0.9,500,229547.0,9555.61054579093,0.9583718778908419,500,0,500,FastestO
query_cycle_4_5.graph,3,0.01,158,229547.0,10827.6886792453,0.9528301886792453,158,0,158,FastestO
query_cycle_4_5.graph,3,0.05,650,229547.0,11431.6235059761,0.9501992031872509,650,0,650,FastestO
query_cycle_4_5.graph,3,0.075,946,229547.0,9884.37677816225,0.9569396386005382,946,0,946,FastestO
query_cycle_4_5.graph,3,0.1,1254,229547.0,9104.161547763,0.9603385731559855,1254,0,1254,FastestO
query_cycle_4_5.graph,3,0.15,1761,229547.0,9578.17278462862,0.9582735876111271,1761,0,1761,FastestO
query_cycle_4_5.graph,3,0.2,2163,229547.0,9785.88944416114,0.9573686894441611,2163,0,2163,FastestO
query_cycle_4_5.graph,3,0.3,2885,229547.0,9466.00330650696,0.9587622434337763,2885,0,2885,FastestO
query_cycle_4_5.graph,3,0.4,3484,229547.0,9354.04025,0.95925,3228,0,3484,FastestO
query_cycle_4_5.graph,3,0.5,3974,229547.0,10191.8868,0.9556,3262,0,3974,FastestO
query_cycle_4_5.graph,3,0.6,4541,229547.0,9767.22485,0.95745,3221,0,4541,FastestO
query_cycle_4_5.graph,3,0.7,5045,229547.0,9480.2911,0.9587,3242,0,5045,FastestO
query_cycle_4_5.graph,3,0.8,5579,229547.0,10168.9321,0.9557,3277,0,5579,FastestO
query_cycle_4_5.graph,3,0.9,500,229547.0,10019.0252182347,0.95635305528613,500,0,500,FastestO
query_cycle_4_5.graph,4,0.01,158,229547.0,14210.0523809524,0.9380952380952381,158,0,158,FastestO
query_cycle_4_5.graph,4,0.05,650,229547.0,12807.3433476395,0.944206008583691,650,0,650,FastestO
query_cycle_4_5.graph,4,0.075,946,229547.0,8626.17286392405,0.9624208860759493,946,0,946,FastestO
query_cycle_4_5.graph,4,0.1,1254,229547.0,8326.13803526448,0.9637279596977331,1254,0,1254,FastestO
query_cycle_4_5.graph,4,0.15,1761,229547.0,7893.92398190045,0.9656108597285068,1761,0,1761,FastestO
query_cycle_4_5.graph,4,0.2,2163,229547.0,10167.2889726097,0.9557071581305366,2163,0,2163,FastestO
query_cycle_4_5.graph,4,0.3,2885,229547.0,9477.37677035913,0.9587126960040466,2885,0,2885,FastestO
query_cycle_4_5.graph,4,0.4,3484,229547.0,9824.6116,0.9571999999999999,3235,0,3484,FastestO
query_cycle_4_5.graph,4,0.5,3974,229547.0,9881.99835,0.95695,3282,0,3974,FastestO
query_cycle_4_5.graph,4,0.6,4541,229547.0,9973.81715,0.95655,3224,0,4541,FastestO
query_cycle_4_5.graph,4,0.7,5045,229547.0,9526.2005,0.9585,3282,0,5045,FastestO
query_cycle_4_5.graph,4,0.8,5579,229547.0,9881.99835,0.95695,3301,0,5579,FastestO
query_cycle_4_5.graph,4,0.9,500,229547.0,8213.96421663443,0.9642166344294004,500,0,500,FastestO
query_cycle_4_5.graph,5,0.01,158,229547.0,4135.98198198198,0.9819819819819819,158,0,158,FastestO
query_cycle_4_5.graph,5,0.05,650,229547.0,9889.10052219321,0.9569190600522193,650,0,650,FastestO
query_cycle_4_5.graph,5,0.075,946,229547.0,9964.69182635902,0.9565897536175205,946,0,946,FastestO
query_cycle_4_5.graph,5,0.1,1254,229547.0,10847.4954268293,0.9527439024390244,1254,0,1254,FastestO
query_cycle_4_5.graph,5,0.15,1761,229547.0,9894.86167017122,0.956893962150796,1761,0,1761,FastestO
query_cycle_4_5.graph,5,0.2,2163,229547.0,9636.08809617659,0.9580212849822625,2163,0,2163,FastestO
query_cycle_4_5.graph,5,0.3,2885,229547.0,9387.20743760811,0.9591055102545095,2885,0,2885,FastestO
query_cycle_4_5.graph,5,0.4,3484,229547.0,9457.3364,0.9588,3226,0,3484,FastestO
query_cycle_4_5.graph,5,0.5,3974,229547.0,10145.9774,0.9558,3247,0,3974,FastestO
query_cycle_4_5.graph,5,0.6,4541,229547.0,9881.99835,0.95695,3328,0,4541,FastestO
query_cycle_4_5.graph,5,0.7,5045,229547.0,9422.90435,0.95895,3223,0,5045,FastestO
query_cycle_4_5.graph,5,0.8,5579,229547.0,9686.8834,0.9578,3259,0,5579,FastestO
query_cycle_4_5.graph,5,0.9,500,229547.0,11359.4687208217,0.9505135387488328,500,0,500,FastestO
query_cycle_4_6.graph,1,0.01,220,229547.0,6831.75595238095,0.9702380952380952,220,0,220,FastestO
query_cycle_4_6.graph,1,0.05,831,229547.0,9482.71082621082,0.9586894586894587,831,0,831,FastestO
query_cycle_4_6.graph,1,0.075,1214,229547.0,7788.58812441093,0.9660697455230914,1214,0,1214,FastestO
query_cycle_4_6.graph,1,0.1,1538,229547.0,9109.00793650794,0.9603174603174603,1538,0,1538,FastestO
query_cycle_4_6.graph,1,0.15,2211,229547.0,10438.8972051161,0.9545239223117007,2211,0,2211,FastestO
query_cycle_4_6.graph,1,0.2,2688,229547.0,10266.4369266055,0.9552752293577982,2688,0,2688,FastestO
query_cycle_4_6.graph,1,0.3,3525,229547.0,9688.67207792208,0.9577922077922078,3525,0,3525,FastestO
query_cycle_4_6.graph,1,0.4,4186,229547.0,9376.42835299257,0.9591524683267802,4186,0,4186,FastestO
query_cycle_4_6.graph,1,0.5,4706,229547.0,9090.9702970297,0.9603960396039604,4706,0,4706,FastestO
query_cycle_4_6.graph,1,0.6,5253,229547.0,9536.73526570048,0.9584541062801932,5253,0,5253,FastestO
query_cycle_4_6.graph,1,0.7,5772,229547.0,9372.69325332943,0.9591687399385336,5772,0,5772,FastestO
query_cycle_4_6.graph,1,0.8,6276,229547.0,9867.20203204377,0.9570144587729582,6276,0,6276,FastestO
query_cycle_4_6.graph,1,0.9,500,229547.0,6424.9796437659,0.9720101781170484,500,0,500,FastestO
query_cycle_4_6.graph,2,0.01,220,229547.0,13502.7647058824,0.9411764705882353,220,0,220,FastestO
query_cycle_4_6.graph,2,0.05,831,229547.0,9951.45953757225,0.9566473988439306,831,0,831,FastestO
query_cycle_4_6.graph,2,0.075,1214,229547.0,11543.9497098646,0.9497098646034816,1214,0,1214,FastestO
query_cycle_4_6.graph,2,0.1,1538,229547.0,9386.68029739777,0.9591078066914498,1538,0,1538,FastestO
query_cycle_4_6.graph,2,0.15,2211,229547.0,9679.03018687111,0.9578342117872545,2211,0,2211,FastestO
query_cycle_4_6.graph,2,0.2,2688,229547.0,10305.8323100537,0.9551036070606294,2688,0,2688,FastestO
query_cycle_4_6.graph,2,0.3,3525,229547.0,8986.9517507582,0.9608491866556383,3525,0,3525,FastestO
query_cycle_4_6.graph,2,0.4,4186,229547.0,9744.20163608225,0.9575502984744638,4186,0,4186,FastestO
query_cycle_4_6.graph,2,0.5,4706,229547.0,10018.5137825421,0.9563552833078102,4706,0,4706,FastestO
query_cycle_4_6.graph,2,0.6,5253,229547.0,9015.78014993481,0.9607235984354628,5253,0,5253,FastestO
query_cycle_4_6.graph,2,0.7,5772,229547.0,9844.31339644291,0.9571141709695926,5772,0,5772,FastestO
query_cycle_4_6.graph,2,0.8,6276,229547.0,9953.25745257453,0.9566395663956639,6276,0,6276,FastestO
query_cycle_4_6.graph,2,0.9,500,229547.0,8198.10714285714,0.9642857142857143,500,0,500,FastestO
query_cycle_4_6.graph,3,0.01,220,229547.0,10930.8095238095,0.9523809523809523,220,0,220,FastestO
query_cycle_4_6.graph,3,0.05,831,229547.0,10449.2760646109,0.9544787077826725,831,0,831,FastestO
query_cycle_4_6.graph,3,0.075,1214,229547.0,11365.9194174757,0.9504854368932039,1214,0,1214,FastestO
query_cycle_4_6.graph,3,0.1,1538,229547.0,8998.51405325444,0.9607988165680473,1538,0,1538,FastestO
query_cycle_4_6.graph,3,0.15,2211,229547.0,8493.46251217137,0.9629990262901655,2211,0,2211,FastestO
query_cycle_4_6.graph,3,0.2,2688,229547.0,10106.395482389,0.9559724349157734,2688,0,2688,FastestO
query_cycle_4_6.graph,3,0.3,3525,229547.0,9042.19369736485,0.9606085302906818,3525,0,3525,FastestO
query_cycle_4_6.graph,3,0.4,4186,229547.0,9762.57624504187,0.9574702512119877,4186,0,4186,FastestO
query_cycle_4_6.graph,3,0.5,4706,229547.0,9089.23967256806,0.9604035789072911,4706,0,4706,FastestO
query_cycle_4_6.graph,3,0.6,5253,229547.0,10082.5915080527,0.9560761346998535,5253,0,5253,FastestO
query_cycle_4_6.graph,3,0.7,5772,229547.0,9223.31809579269,0.9598194788178774,5772,0,5772,FastestO
query_cycle_4_6.graph,3,0.8,6276,229547.0,9345.80002568713,0.9592858977652196,6276,0,6276,FastestO
query_cycle_4_6.graph,3,0.9,500,229547.0,9321.70558375634,0.9593908629441624,500,0,500,FastestO
query_cycle_4_6.graph,4,0.01,220,229547.0,18307.4294478528,0.920245398773006,220,0,220,FastestO
query_cycle_4_6.graph,4,0.05,831,229547.0,7847.76068376068,0.9658119658119658,831,0,831,FastestO
query_cycle_4_6.graph,4,0.075,1214,229547.0,10265.1845861085,0.9552806850618459,1214,0,1214,FastestO
query_cycle_4_6.graph,4,0.1,1538,229547.0,9778.53646209386,0.9574007220216606,1538,0,1538,FastestO
query_cycle_4_6.graph,4,0.15,2211,229547.0,8634.64533463605,0.9623839765510502,2211,0,2211,FastestO
query_cycle_4_6.graph,4,0.2,2688,229547.0,8899.19954389966,0.9612314709236032,2688,0,2688,FastestO
query_cycle_4_6.graph,4,0.3,3525,229547.0,10180.7456066946,0.9556485355648535,3525,0,3525,FastestO
query_cycle_4_6.graph,4,0.4,4186,229547.0,9369.26530612245,0.9591836734693877,4186,0,4186,FastestO
query_cycle_4_6.graph,4,0.5,4706,229547.0,10185.7146903323,0.9556268882175226,4706,0,4706,FastestO
query_cycle_4_6.graph,4,0.6,5253,229547.0,9750.73723975823,0.9575218267293486,5253,0,5253,FastestO
query_cycle_4_6.graph,4,0.7,5772,229547.0,9995.92742279778,0.9564536786679949,5772,0,5772,FastestO
query_cycle_4_6.graph,4,0.8,6276,229547.0,9150.00257168574,0.9601388710299602,6276,0,6276,FastestO
query_cycle_4_6.graph,4,0.9,500,229547.0,12562.2736318408,0.945273631840796,500,0,500,FastestO
query_cycle_4_6.graph,5,0.01,220,229547.0,9918.6975308642,0.9567901234567902,220,0,220,FastestO
query_cycle_4_6.graph,5,0.05,831,229547.0,10553.8850574713,0.9540229885057472,831,0,831,FastestO
query_cycle_4_6.graph,5,0.075,1214,229547.0,10326.3880037488,0.9550140581068416,1214,0,1214,FastestO
query_cycle_4_6.graph,5,0.1,1538,229547.0,8776.79705882353,0.961764705882353,1538,0,1538,FastestO
query_cycle_4_6.graph,5,0.15,2211,229547.0,8786.48803827751,0.9617224880382775,2211,0,2211,FastestO
query_cycle_4_6.graph,5,0.2,2688,229547.0,10055.6842900302,0.9561933534743202,2688,0,2688,FastestO
query_cycle_4_6.graph,5,0.3,3525,229547.0,9775.95741195741,0.9574119574119574,3525,0,3525,FastestO
query_cycle_4_6.graph,5,0.4,4186,229547.0,9764.69420935412,0.9574610244988865,4186,0,4186,FastestO
query_cycle_4_6.graph,5,0.5,4706,229547.0,9621.73053892215,0.9580838323353293,4706,0,4706,FastestO
query_cycle_4_6.graph,5,0.6,5253,229547.0,9949.054218853,0.9566578773895846,5253,0,5253,FastestO
query_cycle_4_6.graph,5,0.7,5772,229547.0,9877.91308064976,0.9569677970931889,5772,0,5772,FastestO
query_cycle_4_6.graph,5,0.8,6276,229547.0,10072.7740316562,0.9561189036160083,6276,0,6276,FastestO
query_cycle_4_6.graph,5,0.9,500,229547.0,15379.0794044665,0.9330024813895782,500,0,500,FastestO
query_cycle_4_7.graph,1,0.01,136,397653.0,31631.4886363636,0.9204545454545454,136,0,136,FastestO
query_cycle_4_7.graph,1,0.05,576,397653.0,22253.0875912409,0.9440389294403893,576,0,576,FastestO
query_cycle_4_7.graph,1,0.075,808,397653.0,16341.904109589,0.958904109589041,808,0,808,FastestO
query_cycle_4_7.graph,1,0.1,1084,397653.0,17550.3066202091,0.9558652729384436,1084,0,1084,FastestO
query_cycle_4_7.graph,1,0.15,1536,397653.0,18430.1076197958,0.9536527886881382,1536,0,1536,FastestO
query_cycle_4_7.graph,1,0.2,1922,397653.0,17858.6676646707,0.9550898203592814,1922,0,1922,FastestO
query_cycle_4_7.graph,1,0.3,2668,397653.0,17705.7175182482,0.9554744525547445,2668,0,2668,FastestO
query_cycle_4_7.graph,1,0.4,3386,397653.0,18351.7294146223,0.9538498906971096,3386,0,3386,FastestO
query_cycle_4_7.graph,1,0.5,4013,397653.0,19108.8505390097,0.9519459163164626,4013,0,4013,FastestO
query_cycle_4_7.graph,1,0.6,4631,397653.0,17761.8713540933,0.9553332393969284,4631,0,4631,FastestO
query_cycle_4_7.graph,1,0.7,5226,397653.0,16927.0908479892,0.9574325081214293,5226,0,5226,FastestO
query_cycle_4_7.graph,1,0.8,5796,397653.0,17229.5159489633,0.9566719829877726,5796,0,5796,FastestO
query_cycle_4_7.graph,1,0.9,500,397653.0,10343.5751445087,0.9739884393063584,500,0,500,FastestO
query_cycle_4_7.graph,2,0.01,136,397653.0,4849.42682926829,0.9878048780487805,136,0,136,FastestO
query_cycle_4_7.graph,2,0.05,576,397653.0,19741.6382978723,0.9503546099290781,576,0,576,FastestO
query_cycle_4_7.graph,2,0.075,808,397653.0,14777.6452702703,0.9628378378378378,808,0,808,FastestO
query_cycle_4_7.graph,2,0.1,1084,397653.0,16728.1911057692,0.9579326923076923,1084,0,1084,FastestO
query_cycle_4_7.graph,2,0.15,1536,397653.0,16953.0448765894,0.9573672400897532,1536,0,1536,FastestO
query_cycle_4_7.graph,2,0.2,1922,397653.0,17989.0642857143,0.9547619047619047,1922,0,1922,FastestO
query_cycle_4_7.graph,2,0.3,2668,397653.0,15574.9763585039,0.960832745236415,2668,0,2668,FastestO
query_cycle_4_7.graph,2,0.4,3386,397653.0,18983.9421025901,0.9522600304723209,3386,0,3386,FastestO
query_cycle_4_7.graph,2,0.5,4013,397653.0,17792.2443380593,0.9552568587737066,4013,0,4013,FastestO
query_cycle_4_7.graph,2,0.6,4631,397653.0,18874.5156338028,0.9525352112676057,4631,0,4631,FastestO
query_cycle_4_7.graph,2,0.7,5226,397653.0,17639.8104626414,0.9556401926739106,5226,0,5226,FastestO
query_cycle_4_7.graph,2,0.8,5796,397653.0,16852.4795423341,0.9576201372997711,5796,0,5796,FastestO
query_cycle_4_7.graph,2,0.9,500,397653.0,20334.5284090909,0.9488636363636362,500,0,500,FastestO
query_cycle_4_7.graph,3,0.01,136,397653.0,9698.85365853659,0.9756097560975611,136,0,136,FastestO
query_cycle_4_7.graph,3,0.05,576,397653.0,11695.6764705882,0.9705882352941176,576,0,576,FastestO
query_cycle_4_7.graph,3,0.075,808,397653.0,13211.0631229236,0.9667774086378738,808,0,808,FastestO
query_cycle_4_7.graph,3,0.1,1084,397653.0,17148.2062937063,0.9568764568764568,1084,0,1084,FastestO
query_cycle_4_7.graph,3,0.15,1536,397653.0,16556.100231303,0.9583654587509637,1536,0,1536,FastestO
query_cycle_4_7.graph,3,0.2,1922,397653.0,17709.2429149798,0.9554655870445344,1922,0,1922,FastestO
query_cycle_4_7.graph,3,0.3,2668,397653.0,19509.670995671,0.9509379509379509,2668,0,2668,FastestO
query_cycle_4_7.graph,3,0.4,3386,397653.0,18345.4615969582,0.9538656527249684,3386,0,3386,FastestO
query_cycle_4_7.graph,3,0.5,4013,397653.0,16717.924912796,0.9579585092711586,4013,0,4013,FastestO
query_cycle_4_7.graph,3,0.6,4631,397653.0,18629.3024355301,0.9531518624641835,4631,0,4631,FastestO
query_cycle_4_7.graph,3,0.7,5226,397653.0,18486.2539664928,0.9535115943636969,5226,0,5226,FastestO
query_cycle_4_7.graph,3,0.8,5796,397653.0,18545.220576567,0.9533633077669047,5796,0,5796,FastestO
query_cycle_4_7.graph,3,0.9,500,397653.0,28567.025862069,0.9281609195402298,500,0,500,FastestO
query_cycle_4_7.graph,4,0.01,136,397653.0,28069.6235294118,0.9294117647058824,136,0,136,FastestO
query_cycle_4_7.graph,4,0.05,576,397653.0,8644.63043478261,0.9782608695652174,576,0,576,FastestO
query_cycle_4_7.graph,4,0.075,808,397653.0,15321.1313485114,0.9614711033274956,808,0,808,FastestO
query_cycle_4_7.graph,4,0.1,1084,397653.0,16250.2427884615,0.9591346153846153,1084,0,1084,FastestO
query_cycle_4_7.graph,4,0.15,1536,397653.0,13947.2992985191,0.9649259547934529,1536,0,1536,FastestO
query_cycle_4_7.graph,4,0.2,1922,397653.0,18075.1363636364,0.9545454545454546,1922,0,1922,FastestO
query_cycle_4_7.graph,4,0.3,2668,397653.0,17120.3715629522,0.9569464544138929,2668,0,2668,FastestO
query_cycle_4_7.graph,4,0.4,3386,397653.0,20073.8293269231,0.9495192307692308,3386,0,3386,FastestO
query_cycle_4_7.graph,4,0.5,4013,397653.0,19034.6099832371,0.9521326131495623,4013,0,4013,FastestO
query_cycle_4_7.graph,4,0.6,4631,397653.0,16210.0585987261,0.9592356687898089,4631,0,4631,FastestO
query_cycle_4_7.graph,4,0.7,5226,397653.0,19246.3870857533,0.9516000455528983,5226,0,5226,FastestO
query_cycle_4_7.graph,4,0.8,5796,397653.0,16963.0192273296,0.9573421570380969,5796,0,5796,FastestO
query_cycle_4_7.graph,4,0.9,500,397653.0,9859.1652892562,0.9752066115702479,500,0,500,FastestO
query_cycle_4_7.graph,5,0.01,136,397653.0,35346.9333333333,0.9111111111111111,136,0,136,FastestO
query_cycle_4_7.graph,5,0.05,576,397653.0,21762.1044776119,0.9452736318407959,576,0,576,FastestO
query_cycle_4_7.graph,5,0.075,808,397653.0,15594.2352941176,0.9607843137254902,808,0,808,FastestO
query_cycle_4_7.graph,5,0.1,1084,397653.0,15258.7779069767,0.9616279069767442,1084,0,1084,FastestO
query_cycle_4_7.graph,5,0.15,1536,397653.0,18275.6529318542,0.954041204437401,1536,0,1536,FastestO
query_cycle_4_7.graph,5,0.2,1922,397653.0,18554.0858294931,0.9533410138248849,1922,0,1922,FastestO
query_cycle_4_7.graph,5,0.3,2668,397653.0,17182.537037037,0.9567901234567902,2668,0,2668,FastestO
query_cycle_4_7.graph,5,0.4,3386,397653.0,20969.7936816525,0.9472660996354799,3386,0,3386,FastestO
query_cycle_4_7.graph,5,0.5,4013,397653.0,18337.4798824178,0.9538857247841265,4013,0,4013,FastestO
query_cycle_4_7.graph,5,0.6,4631,397653.0,17141.6548635409,0.9568929321203639,4631,0,4631,FastestO
query_cycle_4_7.graph,5,0.7,5226,397653.0,18534.4867384308,0.9533903007435357,5226,0,5226,FastestO
query_cycle_4_7.graph,5,0.8,5796,397653.0,17129.6676923077,0.956923076923077,5796,0,5796,FastestO
query_cycle_4_7.graph,5,0.9,500,397653.0,13912.0583090379,0.9650145772594753,500,0,500,FastestO
query_cycle_4_8.graph,1,0.01,551,475704.0,2592.89417989418,0.9945493538421073,551,0,551,FastestO
query_cycle_4_8.graph,1,0.05,1827,475704.0,2062.52946127946,0.9956642587380399,1827,0,1827,FastestO
query_cycle_4_8.graph,1,0.075,2483,475704.0,2084.75751559841,0.9956175320880244,2483,0,2483,FastestO
query_cycle_4_8.graph,1,0.1,3117,475704.0,2287.66206616602,0.9951909967833653,3117,0,3117,FastestO
query_cycle_4_8.graph,1,0.15,4124,475704.0,2594.85552193646,0.9945452308117307,4124,0,4124,FastestO
query_cycle_4_8.graph,1,0.2,4923,475704.0,2460.39017392864,0.9948278968141352,4923,0,4923,FastestO
query_cycle_4_8.graph,1,0.3,6269,475704.0,2775.88497774695,0.9941646801840074,6269,0,6269,FastestO
query_cycle_4_8.graph,1,0.4,7137,475704.0,2499.2907,0.9947461221684072,6763,0,7137,FastestO
query_cycle_4_8.graph,1,0.5,7840,475704.0,2229.75935,0.9953127168365202,6793,0,7840,FastestO
query_cycle_4_8.graph,1,0.6,8334,475704.0,2499.2907,0.9947461221684072,6744,0,8334,FastestO
query_cycle_4_8.graph,1,0.7,8733,475704.0,2278.76505,0.9952096996241361,6679,0,8733,FastestO
query_cycle_4_8.graph,1,0.8,8994,475704.0,2768.82205,0.9941795275002943,6777,0,8994,FastestO
query_cycle_4_8.graph,1,0.9,500,475704.0,3873.96837944664,0.991856346847101,500,0,500,FastestO
query_cycle_4_8.graph,2,0.01,551,475704.0,3525.58992805755,0.9925886897565344,551,0,551,FastestO
query_cycle_4_8.graph,2,0.05,1827,475704.0,3714.20820329915,0.9921921863106067,1827,0,1827,FastestO
query_cycle_4_8.graph,2,0.075,2483,475704.0,3030.14446318156,0.9936301892286347,2483,0,2483,FastestO
query_cycle_4_8.graph,2,0.1,3117,475704.0,3504.57926102503,0.9926328572788435,3117,0,3117,FastestO
query_cycle_4_8.graph,2,0.15,4124,475704.0,2386.34323885629,0.9949835543975744,4124,0,4124,FastestO
query_cycle_4_8.graph,2,0.2,4923,475704.0,2334.67375171782,0.9950921712835759,4923,0,4923,FastestO
query_cycle_4_8.graph,2,0.3,6269,475704.0,2501.72496271653,0.9947410049889921,6269,0,6269,FastestO
query_cycle_4_8.graph,2,0.4,7137,475704.0,2327.77075,0.9951066824117518,6690,0,7137,FastestO
query_cycle_4_8.graph,2,0.5,7840,475704.0,2450.285,0.9948491393807914,6822,0,7840,FastestO
query_cycle_4_8.graph,2,0.6,8334,475704.0,2597.3021,0.994540087743639,6709,0,8334,FastestO
query_cycle_4_8.graph,2,0.7,8733,475704.0,2597.3021,0.994540087743639,6711,0,8733,FastestO
query_cycle_4_8.graph,2,0.8,8994,475704.0,2670.81065,0.9943855619250627,6721,0,8994,FastestO
query_cycle_4_8.graph,2,0.9,500,475704.0,3889.34126984127,0.9918240307631611,500,0,500,FastestO
query_cycle_4_8.graph,3,0.01,551,475704.0,2565.74345549738,0.9946064286709858,551,0,551,FastestO
query_cycle_4_8.graph,3,0.05,1827,475704.0,2521.73413379074,0.9946989427589621,1827,0,1827,FastestO
query_cycle_4_8.graph,3,0.075,2483,475704.0,2528.96387614679,0.9946837447737527,2483,0,2483,FastestO
query_cycle_4_8.graph,3,0.1,3117,475704.0,2571.727696793,0.994593848912784,3117,0,3117,FastestO
query_cycle_4_8.graph,3,0.15,4124,475704.0,2666.04896255061,0.9943955716946871,4124,0,4124,FastestO
query_cycle_4_8.graph,3,0.2,4923,475704.0,2170.35366955893,0.9954375963423495,4923,0,4923,FastestO
query_cycle_4_8.graph,3,0.3,6269,475704.0,2146.80485862206,0.9954870994176587,6269,0,6269,FastestO
query_cycle_4_8.graph,3,0.4,7137,475704.0,2523.79355,0.9946946135622151,6769,0,7137,FastestO
query_cycle_4_8.graph,3,0.5,7840,475704.0,2327.77075,0.9951066824117518,6722,0,7840,FastestO
query_cycle_4_8.graph,3,0.6,8334,475704.0,2229.75935,0.9953127168365202,6693,0,8334,FastestO
query_cycle_4_8.graph,3,0.7,8733,475704.0,2915.83915,0.9938704758631417,6739,0,8733,FastestO
query_cycle_4_8.graph,3,0.8,8994,475704.0,2352.2736,0.9950551738055597,6736,0,8994,FastestO
query_cycle_4_8.graph,3,0.9,500,475704.0,3968.07287449393,0.9916585253130225,500,0,500,FastestO
query_cycle_4_8.graph,4,0.01,551,475704.0,5435.01293900185,0.988574800844639,551,0,551,FastestO
query_cycle_4_8.graph,4,0.05,1827,475704.0,1231.81483033096,0.9974105434675113,1827,0,1827,FastestO
query_cycle_4_8.graph,4,0.075,2483,475704.0,1197.85795763172,0.9974819258243957,2483,0,2483,FastestO
query_cycle_4_8.graph,4,0.1,3117,475704.0,2211.79572213501,0.9953504790328965,3117,0,3117,FastestO
query_cycle_4_8.graph,4,0.15,4124,475704.0,2534.03165594653,0.9946730915528427,4124,0,4124,FastestO
query_cycle_4_8.graph,4,0.2,4923,475704.0,2068.13889149395,0.9956524668880355,4923,0,4923,FastestO
query_cycle_4_8.graph,4,0.3,6269,475704.0,2197.17609580556,0.9953812116446246,6269,0,6269,FastestO
query_cycle_4_8.graph,4,0.4,7137,475704.0,2425.78215,0.9949006479869835,6674,0,7137,FastestO
query_cycle_4_8.graph,4,0.5,7840,475704.0,2817.82775,0.9940765102879101,6735,0,7840,FastestO
query_cycle_4_8.graph,4,0.6,8334,475704.0,2376.77645,0.9950036651993677,6731,0,8334,FastestO
query_cycle_4_8.graph,4,0.7,8733,475704.0,2327.77075,0.9951066824117518,6730,0,8733,FastestO
query_cycle_4_8.graph,4,0.8,8994,475704.0,2303.2679,0.995158191017944,6737,0,8994,FastestO
query_cycle_4_8.graph,4,0.9,500,475704.0,3920.456,0.9917586230092662,500,0,500,FastestO
query_cycle_4_8.graph,5,0.01,551,475704.0,876.667262969589,0.9981571160575282,551,0,551,FastestO
query_cycle_4_8.graph,5,0.05,1827,475704.0,3795.62220309811,0.9920210420700728,1827,0,1827,FastestO
query_cycle_4_8.graph,5,0.075,2483,475704.0,2990.75762859634,0.9937129861666155,2483,0,2483,FastestO
query_cycle_4_8.graph,5,0.1,3117,475704.0,2930.37871237792,0.9938399115576537,3117,0,3117,FastestO
query_cycle_4_8.graph,5,0.15,4124,475704.0,2783.38338066428,0.9941489174346563,4124,0,4124,FastestO
query_cycle_4_8.graph,5,0.2,4923,475704.0,3063.95051804216,0.9935591239131011,4923,0,4923,FastestO
query_cycle_4_8.graph,5,0.3,6269,475704.0,2164.36145978615,0.9954501928514662,6269,0,6269,FastestO
query_cycle_4_8.graph,5,0.4,7137,475704.0,2096.76129353234,0.9955922983756026,6584,0,7137,FastestO
query_cycle_4_8.graph,5,0.5,7840,475704.0,1933.2523853211,0.9959360182270465,6979,0,7840,FastestO
query_cycle_4_8.graph,5,0.6,8334,475704.0,2156.2508,0.9954672426550965,6728,0,8334,FastestO
query_cycle_4_8.graph,5,0.7,8733,475704.0,2425.78215,0.9949006479869835,6739,0,8733,FastestO
query_cycle_4_8.graph,5,0.8,8994,475704.0,2621.80495,0.9944885791374468,6629,0,8994,FastestO
query_cycle_4_8.graph,5,0.9,500,475704.0,2016.69547325103,0.9957606085438612,500,0,500,FastestO
query_cycle_4_9.graph,1,0.01,124,49228.0,507.505154639175,0.9896907216494845,124,0,124,FastestO
query_cycle_4_9.graph,1,0.05,528,49228.0,2183.05986696231,0.9556541019955654,528,0,528,FastestO
query_cycle_4_9.graph,1,0.075,748,49228.0,2340.59509202454,0.9524539877300614,748,0,748,FastestO
query_cycle_4_9.graph,1,0.1,1004,49228.0,933.723919915701,0.9810326659641729,1004,0,1004,FastestO
query_cycle_4_9.graph,1,0.15,1364,49228.0,1592.77953348382,0.9676448457486833,1364,0,1364,FastestO
query_cycle_4_9.graph,1,0.2,1650,49228.0,1652.73860911271,0.9664268585131894,1650,0,1650,FastestO
query_cycle_4_9.graph,1,0.3,2142,49228.0,1537.72562262558,0.968763191219924,2142,0,2142,FastestO
query_cycle_4_9.graph,1,0.4,2422,49228.0,1681.47965116279,0.9658430232558138,2422,0,2422,FastestO
query_cycle_4_9.graph,1,0.5,2715,49228.0,1578.60647571607,0.9679327521793275,2715,0,2715,FastestO
query_cycle_4_9.graph,1,0.6,2986,49228.0,1614.25896860987,0.9672085201793722,2986,0,2986,FastestO
query_cycle_4_9.graph,1,0.7,3191,49228.0,1564.14088669951,0.9682266009852217,3191,0,3191,FastestO
query_cycle_4_9.graph,1,0.8,3401,49228.0,1551.92582290218,0.9684747334260547,3401,0,3401,FastestO
query_cycle_4_9.graph,1,0.9,500,49228.0,1621.62823529412,0.9670588235294117,500,0,500,FastestO
query_cycle_4_9.graph,2,0.01,124,49228.0,2704.83516483516,0.945054945054945,124,0,124,FastestO
query_cycle_4_9.graph,2,0.05,528,49228.0,1648.25892857143,0.9665178571428572,528,0,528,FastestO
query_cycle_4_9.graph,2,0.075,748,49228.0,1352.83053435114,0.9725190839694656,748,0,748,FastestO
query_cycle_4_9.graph,2,0.1,1004,49228.0,1809.46162162162,0.9632432432432432,1004,0,1004,FastestO
query_cycle_4_9.graph,2,0.15,1364,49228.0,2010.82602118003,0.9591527987897126,1364,0,1364,FastestO
query_cycle_4_9.graph,2,0.2,1650,49228.0,1452.15339233038,0.9705014749262536,1650,0,1650,FastestO
query_cycle_4_9.graph,2,0.3,2142,49228.0,1594.8596112311,0.9676025917926566,2142,0,2142,FastestO
query_cycle_4_9.graph,2,0.4,2422,49228.0,1463.96417054819,0.9702615549982085,2422,0,2422,FastestO
query_cycle_4_9.graph,2,0.5,2715,49228.0,1455.62503932054,0.9704309531299151,2715,0,2715,FastestO
query_cycle_4_9.graph,2,0.6,2986,49228.0,1597.96290234588,0.9675395526459356,2986,0,2986,FastestO
query_cycle_4_9.graph,2,0.7,3191,49228.0,1644.61530790327,0.9665918723510346,3191,0,3191,FastestO
query_cycle_4_9.graph,2,0.8,3401,49228.0,1322.6102003643,0.9731329690346084,3401,0,3401,FastestO
query_cycle_4_9.graph,2,0.9,500,49228.0,1161.03773584906,0.9764150943396226,500,0,500,FastestO
query_cycle_4_9.graph,3,0.01,124,49228.0,1911.76699029126,0.9611650485436893,124,0,124,FastestO
query_cycle_4_9.graph,3,0.05,528,49228.0,1312.74666666667,0.9733333333333334,528,0,528,FastestO
query_cycle_4_9.graph,3,0.075,748,49228.0,1842.36526946108,0.9625748502994012,748,0,748,FastestO
query_cycle_4_9.graph,3,0.1,1004,49228.0,1721.6349726776,0.9650273224043716,1004,0,1004,FastestO
query_cycle_4_9.graph,3,0.15,1364,49228.0,2143.61802902979,0.9564553093964859,1364,0,1364,FastestO
query_cycle_4_9.graph,3,0.2,1650,49228.0,1517.91293833132,0.9691656590084643,1650,0,1650,FastestO
query_cycle_4_9.graph,3,0.3,2142,49228.0,1352.53554295683,0.9725250763192325,2142,0,2142,FastestO
query_cycle_4_9.graph,3,0.4,2422,49228.0,1718.3186037876,0.9650946899368733,2422,0,2422,FastestO
query_cycle_4_9.graph,3,0.5,2715,49228.0,1372.05145482389,0.9721286370597244,2715,0,2715,FastestO
query_cycle_4_9.graph,3,0.6,2986,49228.0,1698.89026691831,0.9654893502291723,2986,0,2986,FastestO
query_cycle_4_9.graph,3,0.7,3191,49228.0,1636.76852791878,0.9667512690355331,3191,0,3191,FastestO
query_cycle_4_9.graph,3,0.8,3401,49228.0,1561.52720537161,0.9682796943736977,3401,0,3401,FastestO
query_cycle_4_9.graph,3,0.9,500,49228.0,794,0.9838709677419355,500,0,500,FastestO
query_cycle_4_9.graph,4,0.01,124,49228.0,497.252525252525,0.9898989898989899,124,0,124,FastestO
query_cycle_4_9.graph,4,0.05,528,49228.0,1444.61399548533,0.9706546275395034,528,0,528,FastestO
query_cycle_4_9.graph,4,0.075,748,49228.0,1473.89221556886,0.9700598802395209,748,0,748,FastestO
query_cycle_4_9.graph,4,0.1,1004,49228.0,1463.25265392781,0.970276008492569,1004,0,1004,FastestO
query_cycle_4_9.graph,4,0.15,1364,49228.0,1839.61136023916,0.9626307922272048,1364,0,1364,FastestO
query_cycle_4_9.graph,4,0.2,1650,49228.0,1257.00950118765,0.9744655581947743,1650,0,1650,FastestO
query_cycle_4_9.graph,4,0.3,2142,49228.0,2027.40797940798,0.9588159588159588,2142,0,2142,FastestO
query_cycle_4_9.graph,4,0.4,2422,49228.0,1953.49206349206,0.9603174603174603,2422,0,2422,FastestO
query_cycle_4_9.graph,4,0.5,2715,49228.0,1231.85486393494,0.974976540506725,2715,0,2715,FastestO
query_cycle_4_9.graph,4,0.6,2986,49228.0,1778.1717143651,0.9638788552375659,2986,0,2986,FastestO
query_cycle_4_9.graph,4,0.7,3191,49228.0,1605.52935273457,0.9673858504766684,3191,0,3191,FastestO
query_cycle_4_9.graph,4,0.8,3401,49228.0,1551.66472098996,0.9684800373569927,3401,0,3401,FastestO
query_cycle_4_9.graph,4,0.9,500,49228.0,1733.38028169014,0.9647887323943661,500,0,500,FastestO
query_cycle_4_9.graph,5,0.01,124,49228.0,1058.66666666667,0.978494623655914,124,0,124,FastestO
query_cycle_4_9.graph,5,0.05,528,49228.0,2297.30666666667,0.9533333333333334,528,0,528,FastestO
query_cycle_4_9.graph,5,0.075,748,49228.0,1614.03278688525,0.9672131147540983,748,0,748,FastestO
query_cycle_4_9.graph,5,0.1,1004,49228.0,1266.31511254019,0.9742765273311897,1004,0,1004,FastestO
query_cycle_4_9.graph,5,0.15,1364,49228.0,1374.66867924528,0.9720754716981133,1364,0,1364,FastestO
query_cycle_4_9.graph,5,0.2,1650,49228.0,1680.81712962963,0.9658564814814815,1650,0,1650,FastestO
query_cycle_4_9.graph,5,0.3,2142,49228.0,1725.42968411943,0.9649502379922111,2142,0,2142,FastestO
query_cycle_4_9.graph,5,0.4,2422,49228.0,1533.41783029001,0.9688506981740065,2422,0,2422,FastestO
query_cycle_4_9.graph,5,0.5,2715,49228.0,1801.97159987378,0.9633953928684128,2715,0,2715,FastestO
query_cycle_4_9.graph,5,0.6,2986,49228.0,1756.68381742739,0.9643153526970955,2986,0,2986,FastestO
query_cycle_4_9.graph,5,0.7,3191,49228.0,1881.80428134557,0.9617737003058103,3191,0,3191,FastestO
query_cycle_4_9.graph,5,0.8,3401,49228.0,1677.84594410361,0.9659168370824813,3401,0,3401,FastestO
query_cycle_4_9.graph,5,0.9,500,49228.0,1741.55660377358,0.964622641509434,500,0,500,FastestO
query_cycle_6_1.graph,1,0.01,293,847718.0,1891.81956155143,0.9977683385730262,293,0,293,FastestO
query_cycle_6_1.graph,1,0.05,945,847718.0,3228.8586504637,0.9961911170336554,945,0,945,FastestO
query_cycle_6_1.graph,1,0.075,1282,847718.0,3166.08372530574,0.9962651686937097,1282,0,1282,FastestO
query_cycle_6_1.graph,1,0.1,1557,847718.0,2813.50725976769,0.9966810811381052,1557,0,1557,FastestO
query_cycle_6_1.graph,1,0.15,2037,847718.0,3621.3935613331,0.9957280681059821,2037,0,2037,FastestO
query_cycle_6_1.graph,1,0.2,2451,847718.0,2918.04409487831,0.996557765560153,2451,0,2451,FastestO
query_cycle_6_1.graph,1,0.3,3190,847718.0,3436.69940622518,0.9959459402699656,3190,0,3190,FastestO
query_cycle_6_1.graph,1,0.4,3732,847718.0,3599.96320895522,0.9957533481547457,3158,0,3732,FastestO
query_cycle_6_1.graph,1,0.5,4196,847718.0,2586.56873994638,0.9969487863417477,3624,0,4196,FastestO
query_cycle_6_1.graph,1,0.6,4584,847718.0,3813.39976284585,0.9955015703773592,3079,0,4584,FastestO
query_cycle_6_1.graph,1,0.7,4953,847718.0,2545.62042216359,0.9969970905157569,3665,0,4953,FastestO
query_cycle_6_1.graph,1,0.8,5283,847718.0,3498.2388172043,0.9958733460688528,3178,0,5283,FastestO
query_cycle_6_1.graph,1,0.9,500,847718.0,1815.28964401295,0.9978586161388423,500,0,500,FastestO
query_cycle_6_1.graph,2,0.01,293,847718.0,3538.95583596215,0.9958253147438627,293,0,293,FastestO
query_cycle_6_1.graph,2,0.05,945,847718.0,2433.51193058568,0.9971293379041312,945,0,945,FastestO
query_cycle_6_1.graph,2,0.075,1282,847718.0,3515.39052095574,0.9958531132747497,1282,0,1282,FastestO
query_cycle_6_1.graph,2,0.1,1557,847718.0,3530.35016449721,0.9958354663172221,1557,0,1557,FastestO
query_cycle_6_1.graph,2,0.15,2037,847718.0,3024.12346122742,0.9964326303544015,2037,0,2037,FastestO
query_cycle_6_1.graph,2,0.2,2451,847718.0,3050.81627877561,0.9964011425040219,2451,0,2451,FastestO
query_cycle_6_1.graph,2,0.3,3190,847718.0,3859.16056,0.9954475892218875,3035,0,3190,FastestO
query_cycle_6_1.graph,2,0.4,3732,847718.0,3259.42614864865,0.9961550584644321,3334,0,3732,FastestO
query_cycle_6_1.graph,2,0.5,4196,847718.0,3053.13335443038,0.9963984091945312,3407,0,4196,FastestO
query_cycle_6_1.graph,2,0.6,4584,847718.0,3599.96320895522,0.9957533481547457,3210,0,4584,FastestO
query_cycle_6_1.graph,2,0.7,4953,847718.0,2717.71870422535,0.9967940769168221,3531,0,4953,FastestO
query_cycle_6_1.graph,2,0.8,5283,847718.0,3304.07582191781,0.9961023880324379,3343,0,5283,FastestO
query_cycle_6_1.graph,2,0.9,500,847718.0,2635.51057165231,0.9968910527184131,500,0,500,FastestO
query_cycle_6_1.graph,3,0.01,293,847718.0,0,1,293,0,293,FastestO
query_cycle_6_1.graph,3,0.05,945,847718.0,2966.1107520564,0.9965010643255701,945,0,945,FastestO
query_cycle_6_1.graph,3,0.075,1282,847718.0,4153.37704598597,0.9951005204018483,1282,0,1282,FastestO
query_cycle_6_1.graph,3,0.1,1557,847718.0,4241.39508506616,0.9949966910162741,1557,0,1557,FastestO
query_cycle_6_1.graph,3,0.15,2037,847718.0,3528.4434737026,0.9958377155213141,2037,0,2037,FastestO
query_cycle_6_1.graph,3,0.2,2451,847718.0,3384.79803884594,0.9960071650727649,2451,0,2451,FastestO
query_cycle_6_1.graph,3,0.3,3190,847718.0,3244.21341816079,0.9961730039728296,3190,0,3190,FastestO
query_cycle_6_1.graph,3,0.4,3732,847718.0,3062.82584126984,0.9963869755729267,3390,0,3732,FastestO
query_cycle_6_1.graph,3,0.5,4196,847718.0,3338.37418685121,0.9960619283926362,3312,0,4196,FastestO
query_cycle_6_1.graph,3,0.6,4584,847718.0,3349.96576388889,0.9960482545328884,3368,0,4584,FastestO
query_cycle_6_1.graph,3,0.7,4953,847718.0,3194.66933774834,0.9962314480313639,3311,0,4953,FastestO
query_cycle_6_1.graph,3,0.8,5283,847718.0,3024.4205015674,0.9964322799544573,3363,0,5283,FastestO
query_cycle_6_1.graph,3,0.9,500,847718.0,4578.97551020408,0.9945984684645082,500,0,500,FastestO
query_cycle_6_1.graph,4,0.01,293,847718.0,3630.57928802589,0.9957172322776845,293,0,293,FastestO
query_cycle_6_1.graph,4,0.05,945,847718.0,2986.28837622005,0.9964772620420705,945,0,945,FastestO
query_cycle_6_1.graph,4,0.075,1282,847718.0,2828.00795035874,0.9966639755787198,1282,0,1282,FastestO
query_cycle_6_1.graph,4,0.1,1557,847718.0,4168.05858816805,0.9950832015031319,1557,0,1557,FastestO
query_cycle_6_1.graph,4,0.15,2037,847718.0,3544.39526940483,0.9958188981838243,2037,0,2037,FastestO
query_cycle_6_1.graph,4,0.2,2451,847718.0,3491.44437664002,0.995881361046197,2451,0,2451,FastestO
query_cycle_6_1.graph,4,0.3,3190,847718.0,3329.8155180943,0.9960720245198352,3190,0,3190,FastestO
query_cycle_6_1.graph,4,0.4,3732,847718.0,2829.29659824047,0.9966624554412664,3492,0,3732,FastestO
query_cycle_6_1.graph,4,0.5,4196,847718.0,2740.88107954545,0.9967667537087269,3556,0,4196,FastestO
query_cycle_6_1.graph,4,0.6,4584,847718.0,3281.59911564626,0.9961289023995642,3282,0,4584,FastestO
query_cycle_6_1.graph,4,0.7,4953,847718.0,3338.37418685121,0.9960619283926362,3234,0,4953,FastestO
query_cycle_6_1.graph,4,0.8,5283,847718.0,3270.47505084746,0.9961420247643114,3233,0,5283,FastestO
query_cycle_6_1.graph,4,0.9,500,847718.0,6252.34315286624,0.9926245011278914,500,0,500,FastestO
query_cycle_6_1.graph,5,0.01,293,847718.0,9317.68272425249,0.9890085114103364,293,0,293,FastestO
query_cycle_6_1.graph,5,0.05,945,847718.0,4622.51568938193,0.9945471068334257,945,0,945,FastestO
query_cycle_6_1.graph,5,0.075,1282,847718.0,4096.00040567951,0.9951682040422883,1282,0,1282,FastestO
query_cycle_6_1.graph,5,0.1,1557,847718.0,3960.36306856755,0.9953282069407897,1557,0,1557,FastestO
query_cycle_6_1.graph,5,0.15,2037,847718.0,3795.37299126022,0.995522835434354,2037,0,2037,FastestO
query_cycle_6_1.graph,5,0.2,2451,847718.0,3620.21521658185,0.9957294581257189,2451,0,2451,FastestO
query_cycle_6_1.graph,5,0.3,3190,847718.0,3234.4100945221,0.9961845683416867,3190,0,3190,FastestO
query_cycle_6_1.graph,5,0.4,3732,847718.0,3069.20952830189,0.9963794451358803,3481,0,3732,FastestO
query_cycle_6_1.graph,5,0.5,4196,847718.0,3409.15243816254,0.9959784357083811,3259,0,4196,FastestO
query_cycle_6_1.graph,5,0.6,4584,847718.0,2812.79924198251,0.9966819163424836,3510,0,4584,FastestO
query_cycle_6_1.graph,5,0.7,4953,847718.0,3421.24163120567,0.9959641748420989,3259,0,4953,FastestO
query_cycle_6_1.graph,5,0.8,5283,847718.0,2812.79924198251,0.9966819163424836,3531,0,5283,FastestO
query_cycle_6_1.graph,5,0.9,500,847718.0,3558.60111022998,0.9958021404402998,500,0,500,FastestO
query_cycle_6_10.graph,1,0.01,56,10279.0,259.116279069767,0.9747916841064532,56,0,56,FastestO
query_cycle_6_10.graph,1,0.05,191,10279.0,128.068965517241,0.9875407174319252,191,0,191,FastestO
query_cycle_6_10.graph,1,0.075,280,10279.0,267.408,0.9739850179978597,280,0,280,FastestO
query_cycle_6_10.graph,1,0.1,362,10279.0,325.789473684211,0.9683053338180553,362,0,362,FastestO
query_cycle_6_10.graph,1,0.15,525,10279.0,248.059369202226,0.9758673636343782,525,0,525,FastestO
query_cycle_6_10.graph,1,0.2,642,10279.0,348.706408345753,0.9660758431417693,642,0,642,FastestO
query_cycle_6_10.graph,1,0.3,842,10279.0,348.939524838013,0.9660531642340682,842,0,842,FastestO
query_cycle_6_10.graph,1,0.4,978,10279.0,358.135714285714,0.9651585062471335,978,0,978,FastestO
query_cycle_6_10.graph,1,0.5,1068,10279.0,280.586515028432,0.9727029365669392,1068,0,1068,FastestO
query_cycle_6_10.graph,1,0.6,1163,10279.0,278.948497854077,0.9728622922605237,1163,0,1163,FastestO
query_cycle_6_10.graph,1,0.7,1259,10279.0,281.541377132028,0.972610042111876,1259,0,1259,FastestO
query_cycle_6_10.graph,1,0.8,1331,10279.0,320.022274325909,0.968866400007208,1331,0,1331,FastestO
query_cycle_6_10.graph,1,0.9,500,10279.0,293.210526315789,0.9714748004362497,500,0,500,FastestO
query_cycle_6_10.graph,2,0.01,56,10279.0,474.127659574468,0.9538741453862761,56,0,56,FastestO
query_cycle_6_10.graph,2,0.05,191,10279.0,407.634146341463,0.9603430152406399,191,0,191,FastestO
query_cycle_6_10.graph,2,0.075,280,10279.0,265.285714285714,0.9741914861089879,280,0,280,FastestO
query_cycle_6_10.graph,2,0.1,362,10279.0,346.220338983051,0.966317702210035,362,0,362,FastestO
query_cycle_6_10.graph,2,0.15,525,10279.0,280.166344294004,0.9727438131827995,525,0,525,FastestO
query_cycle_6_10.graph,2,0.2,642,10279.0,273.004594180704,0.9734405492576415,642,0,642,FastestO
query_cycle_6_10.graph,2,0.3,842,10279.0,370.20578778135,0.96398426035788,842,0,842,FastestO
query_cycle_6_10.graph,2,0.4,978,10279.0,393.960108794198,0.9616733039406365,978,0,978,FastestO
query_cycle_6_10.graph,2,0.5,1068,10279.0,415.678832116788,0.9595603821269785,1068,0,1068,FastestO
query_cycle_6_10.graph,2,0.6,1163,10279.0,412.666666666667,0.9598534228362033,1163,0,1163,FastestO
query_cycle_6_10.graph,2,0.7,1259,10279.0,287.164948453608,0.9720629488808631,1259,0,1259,FastestO
query_cycle_6_10.graph,2,0.8,1331,10279.0,342.830769230769,0.966647458971615,1331,0,1331,FastestO
query_cycle_6_10.graph,2,0.9,500,10279.0,431.860465116279,0.957986140177422,500,0,500,FastestO
query_cycle_6_10.graph,3,0.01,56,10279.0,990.4,0.9036482148068878,56,0,56,FastestO
query_cycle_6_10.graph,3,0.05,191,10279.0,458.788235294118,0.9553664524473083,191,0,191,FastestO
query_cycle_6_10.graph,3,0.075,280,10279.0,365.311475409836,0.9644604071009012,280,0,280,FastestO
query_cycle_6_10.graph,3,0.1,362,10279.0,161.011560693642,0.984335873071929,362,0,362,FastestO
query_cycle_6_10.graph,3,0.15,525,10279.0,383.472275334608,0.9626936204558217,525,0,525,FastestO
query_cycle_6_10.graph,3,0.2,642,10279.0,310.458204334365,0.9697968475207349,642,0,642,FastestO
query_cycle_6_10.graph,3,0.3,842,10279.0,350.745015739769,0.9658775157369619,842,0,842,FastestO
query_cycle_6_10.graph,3,0.4,978,10279.0,340.287958115183,0.9668948382026283,978,0,978,FastestO
query_cycle_6_10.graph,3,0.5,1068,10279.0,223.398496240602,0.978266514618095,1068,0,1068,FastestO
query_cycle_6_10.graph,3,0.6,1163,10279.0,364.382267441861,0.9645508057746998,1163,0,1163,FastestO
query_cycle_6_10.graph,3,0.7,1259,10279.0,371.867758186398,0.9638225743568054,1259,0,1259,FastestO
query_cycle_6_10.graph,3,0.8,1331,10279.0,283.494674556213,0.9724200141496047,1331,0,1331,FastestO
query_cycle_6_10.graph,3,0.9,500,10279.0,311.353293413174,0.9697097681279138,500,0,500,FastestO
query_cycle_6_10.graph,4,0.01,56,10279.0,484.434782608696,0.9528714094164125,56,0,56,FastestO
query_cycle_6_10.graph,4,0.05,191,10279.0,253.227272727273,0.9753646003767612,191,0,191,FastestO
query_cycle_6_10.graph,4,0.075,280,10279.0,88.7808764940239,0.991362887781494,280,0,280,FastestO
query_cycle_6_10.graph,4,0.1,362,10279.0,465.635820895522,0.9547002800957756,362,0,362,FastestO
query_cycle_6_10.graph,4,0.15,525,10279.0,379.122873345936,0.9631167551954533,525,0,525,FastestO
query_cycle_6_10.graph,4,0.2,642,10279.0,444.258373205742,0.9567800006609845,642,0,642,FastestO
query_cycle_6_10.graph,4,0.3,842,10279.0,308.511182108626,0.9699862649957558,842,0,842,FastestO
query_cycle_6_10.graph,4,0.4,978,10279.0,312.864130434783,0.9695627852480998,978,0,978,FastestO
query_cycle_6_10.graph,4,0.5,1068,10279.0,288.232821341956,0.9719590600893125,1068,0,1068,FastestO
query_cycle_6_10.graph,4,0.6,1163,10279.0,305.051334702259,0.9703228587700886,1163,0,1163,FastestO
query_cycle_6_10.graph,4,0.7,1259,10279.0,343.153991200503,0.9666160140869245,1259,0,1259,FastestO
query_cycle_6_10.graph,4,0.8,1331,10279.0,320.825434913017,0.9687882639446428,1331,0,1331,FastestO
query_cycle_6_10.graph,4,0.9,500,10279.0,313.228915662651,0.969527296851576,500,0,500,FastestO
query_cycle_6_10.graph,5,0.01,56,10279.0,420.452830188679,0.9590959402482072,56,0,56,FastestO
query_cycle_6_10.graph,5,0.05,191,10279.0,283.872611464968,0.9723832462822289,191,0,191,FastestO
query_cycle_6_10.graph,5,0.075,280,10279.0,471.392307692308,0.9541402560859706,280,0,280,FastestO
query_cycle_6_10.graph,5,0.1,362,10279.0,301.135135135135,0.9707038490966888,362,0,362,FastestO
query_cycle_6_10.graph,5,0.15,525,10279.0,459.689587426326,0.9552787637487765,525,0,525,FastestO
query_cycle_6_10.graph,5,0.2,642,10279.0,300.683658170915,0.9707477713619113,642,0,642,FastestO
query_cycle_6_10.graph,5,0.3,842,10279.0,225.931696905016,0.978020070346822,842,0,842,FastestO
query_cycle_6_10.graph,5,0.4,978,10279.0,383.135687732342,0.9627263656258058,978,0,978,FastestO
query_cycle_6_10.graph,5,0.5,1068,10279.0,313.732904263878,0.9694782659535093,1068,0,1068,FastestO
query_cycle_6_10.graph,5,0.6,1163,10279.0,375.836964160225,0.9634364272633305,1163,0,1163,FastestO
query_cycle_6_10.graph,5,0.7,1259,10279.0,342.934218467109,0.9666373948373276,1259,0,1259,FastestO
query_cycle_6_10.graph,5,0.8,1331,10279.0,304.154874651811,0.970410071538884,1331,0,1331,FastestO
query_cycle_6_10.graph,5,0.9,500,10279.0,516.05052631579,0.9497956487677994,500,0,500,FastestO
query_cycle_6_11.graph,1,0.01,57,5779363.0,440982.357142857,0.9236970653785102,57,0,57,FastestO
query_cycle_6_11.graph,1,0.05,213,5779363.0,259516.165929204,0.9550960605988578,213,0,213,FastestO
query_cycle_6_11.graph,1,0.075,312,5779363.0,315020.537085744,0.9454921697969578,312,0,312,FastestO
query_cycle_6_11.graph,1,0.1,412,5779363.0,296042.141314703,0.9487759911750303,412,0,412,FastestO
query_cycle_6_11.graph,1,0.15,588,5779363.0,239731.632468835,0.9585193675377658,588,0,588,FastestO
query_cycle_6_11.graph,1,0.2,726,5779363.0,260848.860017638,0.9548654652740037,726,0,726,FastestO
query_cycle_6_11.graph,1,0.3,898,5779363.0,252268.206515737,0.9563501710282367,898,0,898,FastestO
query_cycle_6_11.graph,1,0.4,1052,5779363.0,260841.06425,0.9548668141713889,904,0,1052,FastestO
query_cycle_6_11.graph,1,0.5,1154,5779363.0,266088.7543,0.953958809249393,927,0,1154,FastestO
query_cycle_6_11.graph,1,0.6,1254,5779363.0,257136.81245,0.9555077588222093,909,0,1254,FastestO
query_cycle_6_11.graph,1,0.7,1328,5779363.0,258988.93835,0.955187286496799,920,0,1328,FastestO
query_cycle_6_11.graph,1,0.8,1434,5779363.0,247876.18295,0.9571101204492606,933,0,1434,FastestO
query_cycle_6_11.graph,1,0.9,500,5779363.0,232555.089856902,0.9597611207572699,500,0,500,FastestO
query_cycle_6_11.graph,2,0.01,57,5779363.0,346191.757009346,0.9400986307644379,57,0,57,FastestO
query_cycle_6_11.graph,2,0.05,213,5779363.0,210904.605590062,0.9635072921375484,213,0,213,FastestO
query_cycle_6_11.graph,2,0.075,312,5779363.0,257652.613162119,0.9554185101087924,312,0,312,FastestO
query_cycle_6_11.graph,2,0.1,412,5779363.0,276754.444827586,0.9521133306858236,412,0,412,FastestO
query_cycle_6_11.graph,2,0.15,588,5779363.0,278328.694985865,0.951840939047112,588,0,588,FastestO
query_cycle_6_11.graph,2,0.2,726,5779363.0,265276.186696688,0.9540994073747074,726,0,726,FastestO
query_cycle_6_11.graph,2,0.3,898,5779363.0,255284.68655,0.9558282311476196,891,0,898,FastestO
query_cycle_6_11.graph,2,0.4,1052,5779363.0,246024.05705,0.9574305927746708,922,0,1052,FastestO
query_cycle_6_11.graph,2,0.5,1154,5779363.0,270719.06905,0.9531576284358674,915,0,1154,FastestO
query_cycle_6_11.graph,2,0.6,1254,5779363.0,265780.06665,0.9540122213036281,918,0,1254,FastestO
query_cycle_6_11.graph,2,0.7,1328,5779363.0,273497.2579,0.9526769199477521,919,0,1328,FastestO
query_cycle_6_11.graph,2,0.8,1434,5779363.0,270101.69375,0.9532644525443376,899,0,1434,FastestO
query_cycle_6_11.graph,2,0.9,500,5779363.0,236221.717018733,0.9591266862768902,500,0,500,FastestO
query_cycle_6_11.graph,3,0.01,57,5779363.0,149364.991935484,0.974155457628205,57,0,57,FastestO
query_cycle_6_11.graph,3,0.05,213,5779363.0,248052.575892857,0.957079599275412,213,0,213,FastestO
query_cycle_6_11.graph,3,0.075,312,5779363.0,237333.490264603,0.9589343167638712,312,0,312,FastestO
query_cycle_6_11.graph,3,0.1,412,5779363.0,235318.134180353,0.9592830327182507,412,0,412,FastestO
query_cycle_6_11.graph,3,0.15,588,5779363.0,287041.147613933,0.9503334281625964,588,0,588,FastestO
query_cycle_6_11.graph,3,0.2,726,5779363.0,242530.672195548,0.9580350512339252,726,0,726,FastestO
query_cycle_6_11.graph,3,0.3,898,5779363.0,261182.021910145,0.9548078184550538,898,0,898,FastestO
query_cycle_6_11.graph,3,0.4,1052,5779363.0,255593.3742,0.9557748190933845,913,0,1052,FastestO
query_cycle_6_11.graph,3,0.5,1154,5779363.0,269484.31845,0.9533712766528075,907,0,1154,FastestO
query_cycle_6_11.graph,3,0.6,1254,5779363.0,254667.31125,0.9559350552560896,923,0,1254,FastestO
query_cycle_6_11.graph,3,0.7,1328,5779363.0,250963.05945,0.9565759999069102,912,0,1328,FastestO
query_cycle_6_11.graph,3,0.8,1434,5779363.0,259606.31365,0.955080462388329,904,0,1434,FastestO
query_cycle_6_11.graph,3,0.9,500,5779363.0,254048.148676592,0.9560421886154942,500,0,500,FastestO
query_cycle_6_11.graph,4,0.01,57,5779363.0,165961.102150538,0.9712838418091166,57,0,57,FastestO
query_cycle_6_11.graph,4,0.05,213,5779363.0,303514.11396648,0.9474831198582818,213,0,213,FastestO
query_cycle_6_11.graph,4,0.075,312,5779363.0,277126.069825436,0.9520490286169192,312,0,312,FastestO
query_cycle_6_11.graph,4,0.1,412,5779363.0,258943.282560706,0.9551951862929001,412,0,412,FastestO
query_cycle_6_11.graph,4,0.15,588,5779363.0,248092.131398501,0.9570727550080345,588,0,588,FastestO
query_cycle_6_11.graph,4,0.2,726,5779363.0,250372.645149288,0.9566781589685076,726,0,726,FastestO
query_cycle_6_11.graph,4,0.3,898,5779363.0,248802.278508424,0.9569498786443377,898,0,898,FastestO
query_cycle_6_11.graph,4,0.4,1052,5779363.0,258680.2507,0.9552406985510341,907,0,1052,FastestO
query_cycle_6_11.graph,4,0.5,1154,5779363.0,265162.69135,0.9541190454120982,893,0,1154,FastestO
query_cycle_6_11.graph,4,0.6,1254,5779363.0,266397.44195,0.953905397195158,943,0,1254,FastestO
query_cycle_6_11.graph,4,0.7,1328,5779363.0,244480.6188,0.957697653045846,914,0,1328,FastestO
query_cycle_6_11.graph,4,0.8,1434,5779363.0,267940.8802,0.9536383369239827,919,0,1434,FastestO
query_cycle_6_11.graph,4,0.9,500,5779363.0,247596.022667829,0.9571585964287364,500,0,500,FastestO
query_cycle_6_11.graph,5,0.01,57,5779363.0,374166.848484849,0.9352581160787359,57,0,57,FastestO
query_cycle_6_11.graph,5,0.05,213,5779363.0,263444.005565863,0.9544164286676814,213,0,213,FastestO
query_cycle_6_11.graph,5,0.075,312,5779363.0,243355.939963614,0.9578922556060911,312,0,312,FastestO
query_cycle_6_11.graph,5,0.1,412,5779363.0,268945.399833518,0.9534645254444966,412,0,412,FastestO
query_cycle_6_11.graph,5,0.15,588,5779363.0,260155.241208951,0.9549854817548317,588,0,588,FastestO
query_cycle_6_11.graph,5,0.2,726,5779363.0,266719.435870297,0.9538496827642947,726,0,726,FastestO
query_cycle_6_11.graph,5,0.3,898,5779363.0,244603.061719913,0.9576764668147834,898,0,898,FastestO
query_cycle_6_11.graph,5,0.4,1052,5779363.0,240776.367,0.9583385976966666,928,0,1052,FastestO
query_cycle_6_11.graph,5,0.5,1154,5779363.0,263927.94075,0.9543326936290384,928,0,1154,FastestO
query_cycle_6_11.graph,5,0.6,1254,5779363.0,259915.0013,0.955027050334094,939,0,1254,FastestO
query_cycle_6_11.graph,5,0.7,1328,5779363.0,253432.56065,0.9561487034730297,888,0,1328,FastestO
query_cycle_6_11.graph,5,0.8,1434,5779363.0,263619.2531,0.9543861056832733,924,0,1434,FastestO
query_cycle_6_11.graph,5,0.9,500,5779363.0,258366.963847502,0.9552949064027468,500,0,500,FastestO
query_cycle_6_15.graph,1,0.01,117,425687.0,13138.487654321,0.9691358024691358,117,0,117,FastestO
query_cycle_6_15.graph,1,0.05,462,425687.0,15019.1985887097,0.9647177419354839,462,0,462,FastestO
query_cycle_6_15.graph,1,0.075,645,425687.0,11102.5235368957,0.9739185750636132,645,0,645,FastestO
query_cycle_6_15.graph,1,0.1,846,425687.0,11843.7108870968,0.9721774193548387,846,0,846,FastestO
query_cycle_6_15.graph,1,0.15,1172,425687.0,11817.1216359398,0.9722398813307904,1172,0,1172,FastestO
query_cycle_6_15.graph,1,0.2,1427,425687.0,12811.9388349515,0.9699029126213593,1427,0,1427,FastestO
query_cycle_6_15.graph,1,0.3,1917,425687.0,12815.0858863113,0.9698955197449973,1917,0,1917,FastestO
query_cycle_6_15.graph,1,0.4,2280,425687.0,13203.3438713919,0.9689834458853762,2280,0,2280,FastestO
query_cycle_6_15.graph,1,0.5,2624,425687.0,12664.18825,0.9702499999999999,2458,0,2624,FastestO
query_cycle_6_15.graph,1,0.6,2956,425687.0,13728.40575,0.9677500000000001,2470,0,2956,FastestO
query_cycle_6_15.graph,1,0.7,3269,425687.0,12664.18825,0.9702499999999999,2467,0,3269,FastestO
query_cycle_6_15.graph,1,0.8,3578,425687.0,12664.18825,0.9702499999999999,2443,0,3578,FastestO
query_cycle_6_15.graph,1,0.9,500,425687.0,10016.1647058824,0.9764705882352941,500,0,500,FastestO
query_cycle_6_15.graph,2,0.01,117,425687.0,15766.1851851852,0.962962962962963,117,0,117,FastestO
query_cycle_6_15.graph,2,0.05,462,425687.0,9708.65087719298,0.9771929824561404,462,0,462,FastestO
query_cycle_6_15.graph,2,0.075,645,425687.0,9851.4652862363,0.976857490864799,645,0,645,FastestO
query_cycle_6_15.graph,2,0.1,846,425687.0,12883.3392181589,0.9697351828499369,846,0,846,FastestO
query_cycle_6_15.graph,2,0.15,1172,425687.0,11149.1740799277,0.9738089862271393,1172,0,1172,FastestO
query_cycle_6_15.graph,2,0.2,1427,425687.0,13196.297,0.969,1427,0,1427,FastestO
query_cycle_6_15.graph,2,0.3,1917,425687.0,12444.0952082961,0.9707670302163418,1917,0,1917,FastestO
query_cycle_6_15.graph,2,0.4,2280,425687.0,11584.3798889499,0.9727866251754225,2280,0,2280,FastestO
query_cycle_6_15.graph,2,0.5,2624,425687.0,12664.18825,0.9702499999999999,2409,0,2624,FastestO
query_cycle_6_15.graph,2,0.6,2956,425687.0,13196.297,0.969,2454,0,2956,FastestO
query_cycle_6_15.graph,2,0.7,3269,425687.0,12962.16915,0.96955,2460,0,3269,FastestO
query_cycle_6_15.graph,2,0.8,3578,425687.0,12259.7856,0.9712,2481,0,3578,FastestO
query_cycle_6_15.graph,2,0.9,500,425687.0,9609.99080267559,0.9774247491638796,500,0,500,FastestO
query_cycle_6_15.graph,3,0.01,117,425687.0,6903.03243243243,0.9837837837837837,117,0,117,FastestO
query_cycle_6_15.graph,3,0.05,462,425687.0,13329.5929292929,0.9686868686868687,462,0,462,FastestO
query_cycle_6_15.graph,3,0.075,645,425687.0,13740.3625077592,0.9677219118559901,645,0,645,FastestO
query_cycle_6_15.graph,3,0.1,846,425687.0,12148.4141920555,0.9714616274585423,846,0,846,FastestO
query_cycle_6_15.graph,3,0.15,1172,425687.0,12066.406598513,0.9716542750929368,1172,0,1172,FastestO
query_cycle_6_15.graph,3,0.2,1427,425687.0,12690.2164819728,0.970188855938817,1427,0,1427,FastestO
query_cycle_6_15.graph,3,0.3,1917,425687.0,13099.7939335156,0.9692266995855745,1917,0,1917,FastestO
query_cycle_6_15.graph,3,0.4,2280,425687.0,12851.871835536,0.9698091042584435,2280,0,2280,FastestO
query_cycle_6_15.graph,3,0.5,2624,425687.0,12877.03175,0.9697499999999999,2390,0,2624,FastestO
query_cycle_6_15.graph,3,0.6,2956,425687.0,12110.79515,0.9715499999999999,2510,0,2956,FastestO
query_cycle_6_15.graph,3,0.7,3269,425687.0,12536.48215,0.97055,2467,0,3269,FastestO
query_cycle_6_15.graph,3,0.8,3578,425687.0,12451.34475,0.97075,2435,0,3578,FastestO
query_cycle_6_15.graph,3,0.9,500,425687.0,11585.8621597893,0.9727831431079894,500,0,500,FastestO
query_cycle_6_15.graph,4,0.01,117,425687.0,10016.1647058824,0.9764705882352941,117,0,117,FastestO
query_cycle_6_15.graph,4,0.05,462,425687.0,11539.7078313253,0.9728915662650602,462,0,462,FastestO
query_cycle_6_15.graph,4,0.075,645,425687.0,11630.7923497268,0.9726775956284153,645,0,645,FastestO
query_cycle_6_15.graph,4,0.1,846,425687.0,10867.8204240588,0.9744699264387712,846,0,846,FastestO
query_cycle_6_15.graph,4,0.15,1172,425687.0,11785.6651285432,0.972313777191826,1172,0,1172,FastestO
query_cycle_6_15.graph,4,0.2,1427,425687.0,12916.3506409216,0.9696576342690248,1427,0,1427,FastestO
query_cycle_6_15.graph,4,0.3,1917,425687.0,11756.2883750803,0.9723827874116892,1917,0,1917,FastestO
query_cycle_6_15.graph,4,0.4,2280,425687.0,12577.4106000609,0.9704538531830642,2280,0,2280,FastestO
query_cycle_6_15.graph,4,0.5,2624,425687.0,12940.8848,0.9696,2476,0,2624,FastestO
query_cycle_6_15.graph,4,0.6,2956,425687.0,12706.75695,0.97015,2473,0,2956,FastestO
query_cycle_6_15.graph,4,0.7,3269,425687.0,12579.05085,0.97045,2457,0,3269,FastestO
query_cycle_6_15.graph,4,0.8,3578,425687.0,12962.16915,0.96955,2483,0,3578,FastestO
query_cycle_6_15.graph,4,0.9,500,425687.0,13012.2663755459,0.9694323144104803,500,0,500,FastestO
query_cycle_6_15.graph,5,0.01,117,425687.0,8082.66455696203,0.9810126582278481,117,0,117,FastestO
query_cycle_6_15.graph,5,0.05,462,425687.0,13889.9788867562,0.9673704414587332,462,0,462,FastestO
query_cycle_6_15.graph,5,0.075,645,425687.0,11796.1457831325,0.9722891566265061,645,0,645,FastestO
query_cycle_6_15.graph,5,0.1,846,425687.0,12800.1488049345,0.9699306090979183,846,0,846,FastestO
query_cycle_6_15.graph,5,0.15,1172,425687.0,11736.4551412429,0.9724293785310735,1172,0,1172,FastestO
query_cycle_6_15.graph,5,0.2,1427,425687.0,12198.2798946716,0.9713444857496902,1427,0,1427,FastestO
query_cycle_6_15.graph,5,0.3,1917,425687.0,12593.1941181589,0.9704167754285217,1917,0,1917,FastestO
query_cycle_6_15.graph,5,0.4,2280,425687.0,12384.398269484,0.9709072669132861,2280,0,2280,FastestO
query_cycle_6_15.graph,5,0.5,2624,425687.0,13409.1405,0.9685,2447,0,2624,FastestO
query_cycle_6_15.graph,5,0.6,2956,425687.0,12600.3352,0.9704,2461,0,2956,FastestO
query_cycle_6_15.graph,5,0.7,3269,425687.0,12834.46305,0.96985,2482,0,3269,FastestO
query_cycle_6_15.graph,5,0.8,3578,425687.0,13068.5909,0.9692999999999999,2472,0,3578,FastestO
query_cycle_6_15.graph,5,0.9,500,425687.0,12054.8530973451,0.9716814159292035,500,0,500,FastestO
query_cycle_6_16.graph,1,0.01,222,106765.0,4613.3024691358,0.9567901234567902,222,0,222,FastestO
query_cycle_6_16.graph,1,0.05,795,106765.0,1518.70554765292,0.9857752489331436,795,0,795,FastestO
query_cycle_6_16.graph,1,0.075,1089,106765.0,2851.29080118694,0.973293768545994,1089,0,1089,FastestO
query_cycle_6_16.graph,1,0.1,1317,106765.0,2303.09707241911,0.9784283513097073,1317,0,1317,FastestO
query_cycle_6_16.graph,1,0.15,1631,106765.0,2180.18618618619,0.9795795795795796,1631,0,1631,FastestO
query_cycle_6_16.graph,1,0.2,1842,106765.0,2558.87557368689,0.9760326364099949,1842,0,1842,FastestO
query_cycle_6_16.graph,1,0.3,2134,106765.0,2646.31196581197,0.9752136752136752,2134,0,2134,FastestO
query_cycle_6_16.graph,1,0.4,2256,106765.0,2677.62539808917,0.9749203821656051,2256,0,2256,FastestO
query_cycle_6_16.graph,1,0.5,2309,106765.0,2461.3246409675,0.9769463340891912,2309,0,2309,FastestO
query_cycle_6_16.graph,1,0.6,2358,106765.0,2153.30949761643,0.9798313164649798,2358,0,2358,FastestO
query_cycle_6_16.graph,1,0.7,2381,106765.0,2720.85965541996,0.9745154343144292,2381,0,2381,FastestO
query_cycle_6_16.graph,1,0.8,2397,106765.0,2891.79306608884,0.9729144095341279,2397,0,2397,FastestO
query_cycle_6_16.graph,1,0.9,500,106765.0,2098.57493857494,0.9803439803439804,500,0,500,FastestO
query_cycle_6_16.graph,2,0.01,222,106765.0,3295.21604938272,0.9691358024691359,222,0,222,FastestO
query_cycle_6_16.graph,2,0.05,795,106765.0,2230.91044776119,0.9791044776119403,795,0,795,FastestO
query_cycle_6_16.graph,2,0.075,1089,106765.0,2891.32898696088,0.9729187562688064,1089,0,1089,FastestO
query_cycle_6_16.graph,2,0.1,1317,106765.0,1685.31965272297,0.984214680347277,1317,0,1317,FastestO
query_cycle_6_16.graph,2,0.15,1631,106765.0,3145.81178592904,0.9705351773902585,1631,0,1631,FastestO
query_cycle_6_16.graph,2,0.2,1842,106765.0,2525.03341902314,0.9763496143958869,1842,0,1842,FastestO
query_cycle_6_16.graph,2,0.3,2134,106765.0,2417.14865442119,0.9773601025202906,2134,0,2134,FastestO
query_cycle_6_16.graph,2,0.4,2256,106765.0,3017.36159504452,0.9717382888114595,2256,0,2256,FastestO
query_cycle_6_16.graph,2,0.5,2309,106765.0,2788.79337231969,0.9738791423001949,2309,0,2309,FastestO
query_cycle_6_16.graph,2,0.6,2358,106765.0,2841.80406654344,0.9733826247689464,2358,0,2358,FastestO
query_cycle_6_16.graph,2,0.7,2381,106765.0,2413.41765339074,0.9773950484391819,2381,0,2381,FastestO
query_cycle_6_16.graph,2,0.8,2397,106765.0,2309.06708211144,0.9783724340175953,2397,0,2397,FastestO
query_cycle_6_16.graph,2,0.9,500,106765.0,3376.99513381995,0.9683698296836983,500,0,500,FastestO
query_cycle_6_16.graph,3,0.01,222,106765.0,3196.55688622754,0.9700598802395211,222,0,222,FastestO
query_cycle_6_16.graph,3,0.05,795,106765.0,1729.62444771723,0.98379970544919,795,0,795,FastestO
query_cycle_6_16.graph,3,0.075,1089,106765.0,2879.77522477522,0.9730269730269731,1089,0,1089,FastestO
query_cycle_6_16.graph,3,0.1,1317,106765.0,3015.9604519774,0.9717514124293786,1317,0,1317,FastestO
query_cycle_6_16.graph,3,0.15,1631,106765.0,2840.18137847642,0.973397823458283,1631,0,1631,FastestO
query_cycle_6_16.graph,3,0.2,1842,106765.0,3013.06975505857,0.9717784877529286,1842,0,1842,FastestO
query_cycle_6_16.graph,3,0.3,2134,106765.0,2384.7852233677,0.9776632302405498,2134,0,2134,FastestO
query_cycle_6_16.graph,3,0.4,2256,106765.0,2747.3178939034,0.9742676167854315,2256,0,2256,FastestO
query_cycle_6_16.graph,3,0.5,2309,106765.0,2620,0.9754601226993865,2309,0,2309,FastestO
query_cycle_6_16.graph,3,0.6,2358,106765.0,3404.89552785924,0.968108504398827,2358,0,2358,FastestO
query_cycle_6_16.graph,3,0.7,2381,106765.0,2610.57892844301,0.9755483638978785,2381,0,2381,FastestO
query_cycle_6_16.graph,3,0.8,2397,106765.0,1982.07068903963,0.9814352017136737,2397,0,2397,FastestO
query_cycle_6_16.graph,3,0.9,500,106765.0,2326.59806295399,0.9782082324455206,500,0,500,FastestO
query_cycle_6_16.graph,4,0.01,222,106765.0,3858.97590361446,0.963855421686747,222,0,222,FastestO
query_cycle_6_16.graph,4,0.05,795,106765.0,3433.96198830409,0.9678362573099416,795,0,795,FastestO
query_cycle_6_16.graph,4,0.075,1089,106765.0,2663.79740518962,0.9750499001996008,1089,0,1089,FastestO
query_cycle_6_16.graph,4,0.1,1317,106765.0,2529.97630331754,0.976303317535545,1317,0,1317,FastestO
query_cycle_6_16.graph,4,0.15,1631,106765.0,1839.68211527035,0.9827688651218063,1631,0,1631,FastestO
query_cycle_6_16.graph,4,0.2,1842,106765.0,2974.70871327254,0.9721377912867275,1842,0,1842,FastestO
query_cycle_6_16.graph,4,0.3,2134,106765.0,2377.53991596639,0.9777310924369748,2134,0,2134,FastestO
query_cycle_6_16.graph,4,0.4,2256,106765.0,2605.03292021689,0.9756003098373355,2256,0,2256,FastestO
query_cycle_6_16.graph,4,0.5,2309,106765.0,2355.40890072271,0.9779383796120197,2309,0,2309,FastestO
query_cycle_6_16.graph,4,0.6,2358,106765.0,2739.5711143695,0.9743401759530791,2358,0,2358,FastestO
query_cycle_6_16.graph,4,0.7,2381,106765.0,2188.44802342606,0.9795021961932651,2381,0,2381,FastestO
query_cycle_6_16.graph,4,0.8,2397,106765.0,2500.8018018018,0.9765765765765766,2397,0,2397,FastestO
query_cycle_6_16.graph,4,0.9,500,106765.0,2878.4681372549,0.9730392156862745,500,0,500,FastestO
query_cycle_6_16.graph,5,0.01,222,106765.0,651.006097560976,0.9939024390243902,222,0,222,FastestO
query_cycle_6_16.graph,5,0.05,795,106765.0,2952.74381368268,0.9723435225618632,795,0,795,FastestO
query_cycle_6_16.graph,5,0.075,1089,106765.0,2614.22624877571,0.9755142017629774,1089,0,1089,FastestO
query_cycle_6_16.graph,5,0.1,1317,106765.0,2160.22568093385,0.9797665369649805,1317,0,1317,FastestO
query_cycle_6_16.graph,5,0.15,1631,106765.0,2712.12205700124,0.9745972738537795,1631,0,1631,FastestO
query_cycle_6_16.graph,5,0.2,1842,106765.0,2699.42466460268,0.9747162022703818,1842,0,1842,FastestO
query_cycle_6_16.graph,5,0.3,2134,106765.0,2454.88085284281,0.9770066889632107,2134,0,2134,FastestO
query_cycle_6_16.graph,5,0.4,2256,106765.0,2414.17933723197,0.9773879142300195,2256,0,2256,FastestO
query_cycle_6_16.graph,5,0.5,2309,106765.0,2632.77695988222,0.9753404490246596,2309,0,2309,FastestO
query_cycle_6_16.graph,5,0.6,2358,106765.0,2968.99332591769,0.9721913236929922,2358,0,2358,FastestO
query_cycle_6_16.graph,5,0.7,2381,106765.0,2539.23344310282,0.9762166117819246,2381,0,2381,FastestO
query_cycle_6_16.graph,5,0.8,2397,106765.0,2312.73615056818,0.9783380681818182,2397,0,2397,FastestO
query_cycle_6_16.graph,5,0.9,500,106765.0,2355.11029411765,0.9779411764705882,500,0,500,FastestO
query_cycle_6_17.graph,1,0.01,9,34218.0,0,1,9,0,9,FastestO
query_cycle_6_17.graph,1,0.05,60,34218.0,0,1,60,0,60,FastestO
query_cycle_6_17.graph,1,0.075,72,34218.0,0,1,72,0,72,FastestO
query_cycle_6_17.graph,1,0.1,92,34218.0,0,1,92,0,92,FastestO
query_cycle_6_17.graph,1,0.15,101,34218.0,0,1,101,0,101,FastestO
query_cycle_6_17.graph,1,0.2,118,34218.0,0,1,118,0,118,FastestO
query_cycle_6_17.graph,1,0.3,144,34218.0,0,1,144,0,144,FastestO
query_cycle_6_17.graph,1,0.4,170,34218.0,85.7637130801688,0.9974936082447786,170,0,170,FastestO
query_cycle_6_17.graph,1,0.5,176,34218.0,0,1,176,0,176,FastestO
query_cycle_6_17.graph,1,0.6,190,34218.0,0,1,190,0,190,FastestO
query_cycle_6_17.graph,1,0.7,203,34218.0,0,1,203,0,203,FastestO
query_cycle_6_17.graph,1,0.8,213,34218.0,0,1,213,0,213,FastestO
query_cycle_6_17.graph,1,0.9,500,34218.0,12.7262861316915,0.9996280821166728,500,0,500,FastestO
query_cycle_6_17.graph,2,0.01,9,34218.0,0,1,9,0,9,FastestO
query_cycle_6_17.graph,2,0.05,60,34218.0,0,1,60,0,60,FastestO
query_cycle_6_17.graph,2,0.075,72,34218.0,0,1,72,0,72,FastestO
query_cycle_6_17.graph,2,0.1,92,34218.0,0,1,92,0,92,FastestO
query_cycle_6_17.graph,2,0.15,101,34218.0,0,1,101,0,101,FastestO
query_cycle_6_17.graph,2,0.2,118,34218.0,0,1,118,0,118,FastestO
query_cycle_6_17.graph,2,0.3,144,34218.0,0,1,144,0,144,FastestO
query_cycle_6_17.graph,2,0.4,170,34218.0,0,1,170,0,170,FastestO
query_cycle_6_17.graph,2,0.5,176,34218.0,0,1,176,0,176,FastestO
query_cycle_6_17.graph,2,0.6,190,34218.0,0,1,190,0,190,FastestO
query_cycle_6_17.graph,2,0.7,203,34218.0,0,1,203,0,203,FastestO
query_cycle_6_17.graph,2,0.8,213,34218.0,0,1,213,0,213,FastestO
query_cycle_6_17.graph,2,0.9,500,34218.0,8.04512170987532,0.999764886267173,500,0,500,FastestO
query_cycle_6_17.graph,3,0.01,9,34218.0,0,1,9,0,9,FastestO
query_cycle_6_17.graph,3,0.05,60,34218.0,0,1,60,0,60,FastestO
query_cycle_6_17.graph,3,0.075,72,34218.0,0,1,72,0,72,FastestO
query_cycle_6_17.graph,3,0.1,92,34218.0,0,1,92,0,92,FastestO
query_cycle_6_17.graph,3,0.15,101,34218.0,0,1,101,0,101,FastestO
query_cycle_6_17.graph,3,0.2,118,34218.0,0,1,118,0,118,FastestO
query_cycle_6_17.graph,3,0.3,144,34218.0,0,1,144,0,144,FastestO
query_cycle_6_17.graph,3,0.4,170,34218.0,0,1,170,0,170,FastestO
query_cycle_6_17.graph,3,0.5,176,34218.0,0,1,176,0,176,FastestO
query_cycle_6_17.graph,3,0.6,190,34218.0,0,1,190,0,190,FastestO
query_cycle_6_17.graph,3,0.7,203,34218.0,0,1,203,0,203,FastestO
query_cycle_6_17.graph,3,0.8,213,34218.0,0,1,213,0,213,FastestO
query_cycle_6_17.graph,3,0.9,500,34218.0,11.7513971863558,0.9996565726463744,500,0,500,FastestO
query_cycle_6_17.graph,4,0.01,9,34218.0,0,1,9,0,9,FastestO
query_cycle_6_17.graph,4,0.05,60,34218.0,0,1,60,0,60,FastestO
query_cycle_6_17.graph,4,0.075,72,34218.0,0,1,72,0,72,FastestO
query_cycle_6_17.graph,4,0.1,92,34218.0,0,1,92,0,92,FastestO
query_cycle_6_17.graph,4,0.15,101,34218.0,0,1,101,0,101,FastestO
query_cycle_6_17.graph,4,0.2,118,34218.0,0,1,118,0,118,FastestO
query_cycle_6_17.graph,4,0.3,144,34218.0,0,1,144,0,144,FastestO
query_cycle_6_17.graph,4,0.4,170,34218.0,0,1,170,0,170,FastestO
query_cycle_6_17.graph,4,0.5,176,34218.0,78.0268714011516,0.9977197126833492,176,0,176,FastestO
query_cycle_6_17.graph,4,0.6,190,34218.0,0,1,190,0,190,FastestO
query_cycle_6_17.graph,4,0.7,203,34218.0,0,1,203,0,203,FastestO
query_cycle_6_17.graph,4,0.8,213,34218.0,0,1,213,0,213,FastestO
query_cycle_6_17.graph,4,0.9,500,34218.0,3.61351111111111,0.9998943973607133,500,0,500,FastestO
query_cycle_6_17.graph,5,0.01,9,34218.0,0,1,9,0,9,FastestO
query_cycle_6_17.graph,5,0.05,60,34218.0,0,1,60,0,60,FastestO
query_cycle_6_17.graph,5,0.075,72,34218.0,0,1,72,0,72,FastestO
query_cycle_6_17.graph,5,0.1,92,34218.0,0,1,92,0,92,FastestO
query_cycle_6_17.graph,5,0.15,101,34218.0,0,1,101,0,101,FastestO
query_cycle_6_17.graph,5,0.2,118,34218.0,0,1,118,0,118,FastestO
query_cycle_6_17.graph,5,0.3,144,34218.0,0,1,144,0,144,FastestO
query_cycle_6_17.graph,5,0.4,170,34218.0,0,1,170,0,170,FastestO
query_cycle_6_17.graph,5,0.5,176,34218.0,0,1,176,0,176,FastestO
query_cycle_6_17.graph,5,0.6,190,34218.0,0,1,190,0,190,FastestO
query_cycle_6_17.graph,5,0.7,203,34218.0,0,1,203,0,203,FastestO
query_cycle_6_17.graph,5,0.8,213,34218.0,47.4906542056075,0.9986121148458237,213,0,213,FastestO
query_cycle_6_17.graph,5,0.9,500,34218.0,9.64460260972716,0.9997181424218328,500,0,500,FastestO
query_cycle_6_18.graph,1,0.01,17,182305.0,0,1,17,0,17,FastestO
query_cycle_6_18.graph,1,0.05,81,182305.0,0,1,81,0,81,FastestO
query_cycle_6_18.graph,1,0.075,106,182305.0,1628.40469208211,0.9910676904523622,106,0,106,FastestO
query_cycle_6_18.graph,1,0.1,154,182305.0,617.670745272525,0.9966118825853787,154,0,154,FastestO
query_cycle_6_18.graph,1,0.15,220,182305.0,1292.36462373933,0.9929109754327127,220,0,220,FastestO
query_cycle_6_18.graph,1,0.2,279,182305.0,960.148703170029,0.9947332837652832,279,0,279,FastestO
query_cycle_6_18.graph,1,0.3,393,182305.0,1964.66580894178,0.989223192951692,393,0,393,FastestO
query_cycle_6_18.graph,1,0.4,468,182305.0,2072.51506264996,0.9886316060302791,468,0,468,FastestO
query_cycle_6_18.graph,1,0.5,532,182305.0,2275.76229508197,0.9875167313289159,532,0,532,FastestO
query_cycle_6_18.graph,1,0.6,621,182305.0,1709.81017931534,0.9906211558689266,621,0,621,FastestO
query_cycle_6_18.graph,1,0.7,690,182305.0,1683.41359896059,0.9907659493762618,690,0,690,FastestO
query_cycle_6_18.graph,1,0.8,776,182305.0,1168.29975247525,0.9935915100931118,776,0,776,FastestO
query_cycle_6_18.graph,1,0.9,500,182305.0,1000.51531531532,0.9945118602599199,500,0,500,FastestO
query_cycle_6_18.graph,2,0.01,17,182305.0,0,1,17,0,17,FastestO
query_cycle_6_18.graph,2,0.05,81,182305.0,5571.43143812709,0.969438954290189,81,0,81,FastestO
query_cycle_6_18.graph,2,0.075,106,182305.0,0,1,106,0,106,FastestO
query_cycle_6_18.graph,2,0.1,154,182305.0,3340.06616541353,0.9816786913940181,154,0,154,FastestO
query_cycle_6_18.graph,2,0.15,220,182305.0,1347.78155339806,0.9926069962239211,220,0,220,FastestO
query_cycle_6_18.graph,2,0.2,279,182305.0,1472.90716180371,0.9919206430882109,279,0,279,FastestO
query_cycle_6_18.graph,2,0.3,393,182305.0,1491.55871066769,0.9918183335033725,393,0,393,FastestO
query_cycle_6_18.graph,2,0.4,468,182305.0,2024.48020833333,0.9888950922446816,468,0,468,FastestO
query_cycle_6_18.graph,2,0.5,532,182305.0,1650.369913123,0.9909472043382079,532,0,532,FastestO
query_cycle_6_18.graph,2,0.6,621,182305.0,1296.96429763096,0.9928857447813775,621,0,621,FastestO
query_cycle_6_18.graph,2,0.7,690,182305.0,1425.23142734921,0.9921821594177384,690,0,690,FastestO
query_cycle_6_18.graph,2,0.8,776,182305.0,1637.625339153,0.9910171123164313,776,0,776,FastestO
query_cycle_6_18.graph,2,0.9,500,182305.0,2480.90985545335,0.9863914327338617,500,0,500,FastestO
query_cycle_6_18.graph,3,0.01,17,182305.0,0,1,17,0,17,FastestO
query_cycle_6_18.graph,3,0.05,81,182305.0,1908.19931271478,0.9895329293617028,81,0,81,FastestO
query_cycle_6_18.graph,3,0.075,106,182305.0,5313.74162679426,0.9708524635813924,106,0,106,FastestO
query_cycle_6_18.graph,3,0.1,154,182305.0,888.4576,0.9951265319108088,154,0,154,FastestO
query_cycle_6_18.graph,3,0.15,220,182305.0,1443.55112651646,0.99208167013238,220,0,220,FastestO
query_cycle_6_18.graph,3,0.2,279,182305.0,1017.00732600733,0.9944213964180504,279,0,279,FastestO
query_cycle_6_18.graph,3,0.3,393,182305.0,2502.22756289899,0.9862744984344973,393,0,393,FastestO
query_cycle_6_18.graph,3,0.4,468,182305.0,873.091194968554,0.9952108214532319,468,0,468,FastestO
query_cycle_6_18.graph,3,0.5,532,182305.0,2180.74286895411,0.9880379426293623,532,0,532,FastestO
query_cycle_6_18.graph,3,0.6,621,182305.0,2726.59905181172,0.9850437505728767,621,0,621,FastestO
query_cycle_6_18.graph,3,0.7,690,182305.0,2188.92305266477,0.9879930717607044,690,0,690,FastestO
query_cycle_6_18.graph,3,0.8,776,182305.0,2265.57857330877,0.9875725922311029,776,0,776,FastestO
query_cycle_6_18.graph,3,0.9,500,182305.0,1927.63017819949,0.9894263449812155,500,0,500,FastestO
query_cycle_6_18.graph,4,0.01,17,182305.0,0,1,17,0,17,FastestO
query_cycle_6_18.graph,4,0.05,81,182305.0,1797.04207119741,0.9901426616318948,81,0,81,FastestO
query_cycle_6_18.graph,4,0.075,106,182305.0,2524.02727272727,0.9861549202011614,106,0,106,FastestO
query_cycle_6_18.graph,4,0.1,154,182305.0,0,1,154,0,154,FastestO
query_cycle_6_18.graph,4,0.15,220,182305.0,1321.06106264869,0.9927535664811789,220,0,220,FastestO
query_cycle_6_18.graph,4,0.2,279,182305.0,1381.30845771144,0.992423090657352,279,0,279,FastestO
query_cycle_6_18.graph,4,0.3,393,182305.0,1986.00143061516,0.9891061603871799,393,0,393,FastestO
query_cycle_6_18.graph,4,0.4,468,182305.0,731.40937829294,0.9959879905746253,468,0,468,FastestO
query_cycle_6_18.graph,4,0.5,532,182305.0,1918.30723169047,0.989477484261592,532,0,532,FastestO
query_cycle_6_18.graph,4,0.6,621,182305.0,1455.05666557484,0.9920185586485568,621,0,621,FastestO
query_cycle_6_18.graph,4,0.7,690,182305.0,1488.90199758681,0.9918329064063696,690,0,690,FastestO
query_cycle_6_18.graph,4,0.8,776,182305.0,1667.52552552553,0.9908531004331996,776,0,776,FastestO
query_cycle_6_18.graph,4,0.9,500,182305.0,1220.40879120879,0.9933056757016605,500,0,500,FastestO
query_cycle_6_18.graph,5,0.01,17,182305.0,0,1,17,0,17,FastestO
query_cycle_6_18.graph,5,0.05,81,182305.0,3276.02359882006,0.9820299849218614,81,0,81,FastestO
query_cycle_6_18.graph,5,0.075,106,182305.0,2840.33759590793,0.9844198590499003,106,0,106,FastestO
query_cycle_6_18.graph,5,0.1,154,182305.0,2888.35370611183,0.9841564756528245,154,0,154,FastestO
query_cycle_6_18.graph,5,0.15,220,182305.0,984.549645390071,0.9945994369578999,220,0,220,FastestO
query_cycle_6_18.graph,5,0.2,279,182305.0,1028.94255713403,0.994355927938707,279,0,279,FastestO
query_cycle_6_18.graph,5,0.3,393,182305.0,1402.74341392999,0.9923055132117605,393,0,393,FastestO
query_cycle_6_18.graph,5,0.4,468,182305.0,1315.15105263158,0.9927859847363946,468,0,468,FastestO
query_cycle_6_18.graph,5,0.5,532,182305.0,1649.83106960951,0.9909501600635775,532,0,532,FastestO
query_cycle_6_18.graph,5,0.6,621,182305.0,1969.41673383847,0.9891971326412414,621,0,621,FastestO
query_cycle_6_18.graph,5,0.7,690,182305.0,856.802637116005,0.9953001692925811,690,0,690,FastestO
query_cycle_6_18.graph,5,0.8,776,182305.0,1790.38953904944,0.9901791528534629,776,0,776,FastestO
query_cycle_6_18.graph,5,0.9,500,182305.0,1244.41583665339,0.9931739895414092,500,0,500,FastestO
query_cycle_6_20.graph,1,0.01,28,410329.0,51527.3939393939,0.8744241963414872,28,0,28,FastestO
query_cycle_6_20.graph,1,0.05,118,410329.0,13166.8451327434,0.9679114926492074,118,0,118,FastestO
query_cycle_6_20.graph,1,0.075,172,410329.0,4048.58095238095,0.9901333297125454,172,0,172,FastestO
query_cycle_6_20.graph,1,0.1,222,410329.0,15479.8683473389,0.9622744959597325,222,0,222,FastestO
query_cycle_6_20.graph,1,0.15,327,410329.0,11395.8838342811,0.9722274471600081,327,0,327,FastestO
query_cycle_6_20.graph,1,0.2,423,410329.0,11104.8382218148,0.9729367453389479,423,0,423,FastestO
query_cycle_6_20.graph,1,0.3,593,410329.0,11731.6834415584,0.971409080417035,593,0,593,FastestO
query_cycle_6_20.graph,1,0.4,730,410329.0,12605.8610953462,0.9692786493390761,730,0,730,FastestO
query_cycle_6_20.graph,1,0.5,878,410329.0,12039.170851762,0.9706597124459592,878,0,878,FastestO
query_cycle_6_20.graph,1,0.6,1004,410329.0,11498.98205,0.9719761897160571,978,0,1004,FastestO
query_cycle_6_20.graph,1,0.7,1126,410329.0,11945.3381,0.9708883893168653,973,0,1126,FastestO
query_cycle_6_20.graph,1,0.8,1254,410329.0,11839.06285,0.9711473894119109,974,0,1254,FastestO
query_cycle_6_20.graph,1,0.9,500,410329.0,12672.7691288506,0.969115589858746,500,0,500,FastestO
query_cycle_6_20.graph,2,0.01,28,410329.0,0,1,28,0,28,FastestO
query_cycle_6_20.graph,2,0.05,118,410329.0,9552.83146067416,0.9767190925801633,118,0,118,FastestO
query_cycle_6_20.graph,2,0.075,172,410329.0,11778.6171284635,0.9712946997934256,172,0,172,FastestO
query_cycle_6_20.graph,2,0.1,222,410329.0,13609.6365348399,0.9668323795421724,222,0,222,FastestO
query_cycle_6_20.graph,2,0.15,327,410329.0,14410.2033898305,0.9648813430446531,327,0,327,FastestO
query_cycle_6_20.graph,2,0.2,423,410329.0,11002.6141176471,0.9731858725129175,423,0,423,FastestO
query_cycle_6_20.graph,2,0.3,593,410329.0,11792.6375943187,0.9712605309536526,593,0,593,FastestO
query_cycle_6_20.graph,2,0.4,730,410329.0,11980.4448994339,0.970802831631608,730,0,730,FastestO
query_cycle_6_20.graph,2,0.5,878,410329.0,12679.5255043228,0.9690991241069415,878,0,878,FastestO
query_cycle_6_20.graph,2,0.6,1004,410329.0,11477.727,0.9720279897350662,962,0,1004,FastestO
query_cycle_6_20.graph,2,0.7,1126,410329.0,11286.43155,0.9724941899061486,972,0,1126,FastestO
query_cycle_6_20.graph,2,0.8,1254,410329.0,12030.3583,0.9706811892408287,979,0,1254,FastestO
query_cycle_6_20.graph,2,0.9,500,410329.0,10737.3386911596,0.9738323669758668,500,0,500,FastestO
query_cycle_6_20.graph,3,0.01,28,410329.0,0,1,28,0,28,FastestO
query_cycle_6_20.graph,3,0.05,118,410329.0,14289.1092436975,0.9651764578089838,118,0,118,FastestO
query_cycle_6_20.graph,3,0.075,172,410329.0,10209.8493449782,0.9751178947991047,172,0,172,FastestO
query_cycle_6_20.graph,3,0.1,222,410329.0,8758.02377179081,0.9786560935936998,222,0,222,FastestO
query_cycle_6_20.graph,3,0.15,327,410329.0,9591.62906137184,0.9766245401583319,327,0,327,FastestO
query_cycle_6_20.graph,3,0.2,423,410329.0,11005.1527918782,0.9731796855891781,423,0,423,FastestO
query_cycle_6_20.graph,3,0.3,593,410329.0,13095.2676676158,0.9680859318556186,593,0,593,FastestO
query_cycle_6_20.graph,3,0.4,730,410329.0,10743.2434466998,0.9738179766804204,730,0,730,FastestO
query_cycle_6_20.graph,3,0.5,878,410329.0,12151.7585792118,0.9703853284091259,878,0,878,FastestO
query_cycle_6_20.graph,3,0.6,1004,410329.0,10988.86085,0.9732193901722764,975,0,1004,FastestO
query_cycle_6_20.graph,3,0.7,1126,410329.0,10967.6058,0.9732711901912855,955,0,1126,FastestO
query_cycle_6_20.graph,3,0.8,1254,410329.0,11605.2573,0.9717171896210114,995,0,1254,FastestO
query_cycle_6_20.graph,3,0.9,500,410329.0,12335.8823978618,0.9699366059969883,500,0,500,FastestO
query_cycle_6_20.graph,4,0.01,28,410329.0,0,1,28,0,28,FastestO
query_cycle_6_20.graph,4,0.05,118,410329.0,10671.9916317992,0.9739916222548268,118,0,118,FastestO
query_cycle_6_20.graph,4,0.075,172,410329.0,10680.9296482412,0.9739698396939013,172,0,172,FastestO
query_cycle_6_20.graph,4,0.1,222,410329.0,14583.2246998285,0.9644596782098548,222,0,222,FastestO
query_cycle_6_20.graph,4,0.15,327,410329.0,16663.6755629691,0.9593894763397929,327,0,327,FastestO
query_cycle_6_20.graph,4,0.2,423,410329.0,12049.3480725624,0.9706349098587661,423,0,423,FastestO
query_cycle_6_20.graph,4,0.3,593,410329.0,13004.1445147679,0.9683080052475747,593,0,593,FastestO
query_cycle_6_20.graph,4,0.4,730,410329.0,13298.614171123,0.9675903624381338,730,0,730,FastestO
query_cycle_6_20.graph,4,0.5,878,410329.0,12029.9166537448,0.9706822655631341,878,0,878,FastestO
query_cycle_6_20.graph,4,0.6,1004,410329.0,11902.828,0.9709919893548836,989,0,1004,FastestO
query_cycle_6_20.graph,4,0.7,1126,410329.0,10840.0755,0.9735819903053404,976,0,1126,FastestO
query_cycle_6_20.graph,4,0.8,1254,410329.0,10776.31035,0.9737373903623678,989,0,1254,FastestO
query_cycle_6_20.graph,4,0.9,500,410329.0,11988.0059369202,0.9707844048631215,500,0,500,FastestO
query_cycle_6_20.graph,5,0.01,28,410329.0,9886.06976744186,0.9759069679027272,28,0,28,FastestO
query_cycle_6_20.graph,5,0.05,118,410329.0,12833.2377358491,0.9687245168246723,118,0,118,FastestO
query_cycle_6_20.graph,5,0.075,172,410329.0,9886.06976744186,0.9759069679027272,172,0,172,FastestO
query_cycle_6_20.graph,5,0.1,222,410329.0,9792.29945799458,0.9761354925974167,222,0,222,FastestO
query_cycle_6_20.graph,5,0.15,327,410329.0,10927.14013267,0.9733698078062482,327,0,327,FastestO
query_cycle_6_20.graph,5,0.2,423,410329.0,9997.26278118609,0.9756359828791382,423,0,423,FastestO
query_cycle_6_20.graph,5,0.3,593,410329.0,11777.86287861,0.9712965379522042,593,0,593,FastestO
query_cycle_6_20.graph,5,0.4,730,410329.0,12550.547828369,0.9694134515757625,730,0,730,FastestO
query_cycle_6_20.graph,5,0.5,878,410329.0,11266.9146466121,0.9725417539422948,878,0,878,FastestO
query_cycle_6_20.graph,5,0.6,1004,410329.0,11669.02245,0.9715617895639841,983,0,1004,FastestO
query_cycle_6_20.graph,5,0.7,1126,410329.0,12327.929,0.9699559889747008,947,0,1126,FastestO
query_cycle_6_20.graph,5,0.8,1254,410329.0,11966.59315,0.9708365892978562,962,0,1254,FastestO
query_cycle_6_20.graph,5,0.9,500,410329.0,12088.9053275738,0.9705385061071146,500,0,500,FastestO
query_cycle_6_21.graph,1,0.01,59,851226.0,10476.7341040462,0.9876921826823355,59,0,59,FastestO
query_cycle_6_21.graph,1,0.05,236,851226.0,59898.1946144431,0.9296330297542097,236,0,236,FastestO
query_cycle_6_21.graph,1,0.075,346,851226.0,18967.761627907,0.9777171260888331,346,0,346,FastestO
query_cycle_6_21.graph,1,0.1,460,851226.0,34152.6840490798,0.9598782414434243,460,0,460,FastestO
query_cycle_6_21.graph,1,0.15,639,851226.0,29204.480664353,0.9656912727473632,639,0,639,FastestO
query_cycle_6_21.graph,1,0.2,812,851226.0,33861.0842368641,0.9602208059471116,812,0,812,FastestO
query_cycle_6_21.graph,1,0.3,1110,851226.0,29898.1609451627,0.9648763537002362,1110,0,1110,FastestO
query_cycle_6_21.graph,1,0.4,1365,851226.0,29335.9043884532,0.9655368792912186,1365,0,1365,FastestO
query_cycle_6_21.graph,1,0.5,1575,851226.0,31446.44125,0.9630574709301642,1403,0,1575,FastestO
query_cycle_6_21.graph,1,0.6,1812,851226.0,28455.8575,0.9665707373834915,1432,0,1812,FastestO
query_cycle_6_21.graph,1,0.7,2039,851226.0,30540.20375,0.9641220971281422,1454,0,2039,FastestO
query_cycle_6_21.graph,1,0.8,2246,851226.0,33893.2825,0.9601829801956238,1448,0,2246,FastestO
query_cycle_6_21.graph,1,0.9,500,851226.0,25874.4690111421,0.9696032910048071,500,0,500,FastestO
query_cycle_6_21.graph,2,0.01,59,851226.0,20714,0.9756656869033605,59,0,59,FastestO
query_cycle_6_21.graph,2,0.05,236,851226.0,34737.4013528749,0.9591913295025354,236,0,236,FastestO
query_cycle_6_21.graph,2,0.075,346,851226.0,30015.5095541401,0.9647384953535957,346,0,346,FastestO
query_cycle_6_21.graph,2,0.1,460,851226.0,28621.7923410975,0.9663758010903127,460,0,460,FastestO
query_cycle_6_21.graph,2,0.15,639,851226.0,33992.0774224573,0.9600669182773349,639,0,639,FastestO
query_cycle_6_21.graph,2,0.2,812,851226.0,33498.7382264084,0.96064648139694,812,0,812,FastestO
query_cycle_6_21.graph,2,0.3,1110,851226.0,31677.490990991,0.9627860392058148,1110,0,1110,FastestO
query_cycle_6_21.graph,2,0.4,1365,851226.0,35198.6708753256,0.9586494410704964,1365,0,1365,FastestO
query_cycle_6_21.graph,2,0.5,1575,851226.0,32624.55,0.9616734568727928,1479,0,1575,FastestO
query_cycle_6_21.graph,2,0.6,1812,851226.0,29815.21375,0.9649737980865246,1462,0,1812,FastestO
query_cycle_6_21.graph,2,0.7,2039,851226.0,29815.21375,0.9649737980865246,1435,0,2039,FastestO
query_cycle_6_21.graph,2,0.8,2246,851226.0,32262.055,0.962099307351984,1466,0,2246,FastestO
query_cycle_6_21.graph,2,0.9,500,851226.0,30241.5183537264,0.9644729856069642,500,0,500,FastestO
query_cycle_6_21.graph,3,0.01,59,851226.0,43412.5748502994,0.9489999426118335,59,0,59,FastestO
query_cycle_6_21.graph,3,0.05,236,851226.0,35193.6893203883,0.9586552932824087,236,0,236,FastestO
query_cycle_6_21.graph,3,0.075,346,851226.0,27777.3946360153,0.9673677793723227,346,0,346,FastestO
query_cycle_6_21.graph,3,0.1,460,851226.0,27636.2134688691,0.9675336356398077,460,0,460,FastestO
query_cycle_6_21.graph,3,0.15,639,851226.0,31394.4193705782,0.9631185849932002,639,0,639,FastestO
query_cycle_6_21.graph,3,0.2,812,851226.0,32810.6875543951,0.9614547869139393,812,0,812,FastestO
query_cycle_6_21.graph,3,0.3,1110,851226.0,31207.719533193,0.963337915508698,1110,0,1110,FastestO
query_cycle_6_21.graph,3,0.4,1365,851226.0,30385.8024876818,0.9643034840480886,1365,0,1365,FastestO
query_cycle_6_21.graph,3,0.5,1575,851226.0,30812.075,0.9638027092687489,1465,0,1575,FastestO
query_cycle_6_21.graph,3,0.6,1812,851226.0,29090.22375,0.965825499044907,1451,0,1812,FastestO
query_cycle_6_21.graph,3,0.7,2039,851226.0,33712.035,0.9603959054352192,1478,0,2039,FastestO
query_cycle_6_21.graph,3,0.8,2246,851226.0,35071.39125,0.9587989661382523,1446,0,2246,FastestO
query_cycle_6_21.graph,3,0.9,500,851226.0,31150.9207295686,0.9634046413883404,500,0,500,FastestO
query_cycle_6_21.graph,4,0.01,59,851226.0,48012.582781457,0.9435959630210343,59,0,59,FastestO
query_cycle_6_21.graph,4,0.05,236,851226.0,42506.4493433396,0.9500644372430593,236,0,236,FastestO
query_cycle_6_21.graph,4,0.075,346,851226.0,40417.5609756098,0.9525184134699718,346,0,346,FastestO
query_cycle_6_21.graph,4,0.1,460,851226.0,40346.1900684931,0.9526022583091998,460,0,460,FastestO
query_cycle_6_21.graph,4,0.15,639,851226.0,33275.2663191296,0.9609090108630027,639,0,639,FastestO
query_cycle_6_21.graph,4,0.2,812,851226.0,40331.5407956844,0.9526194679254576,812,0,812,FastestO
query_cycle_6_21.graph,4,0.3,1110,851226.0,27408.8878196316,0.967800692389998,1110,0,1110,FastestO
query_cycle_6_21.graph,4,0.4,1365,851226.0,29530.9610804374,0.9653077313422788,1365,0,1365,FastestO
query_cycle_6_21.graph,4,0.5,1575,851226.0,32080.8075,0.9623122325915797,1432,0,1575,FastestO
query_cycle_6_21.graph,4,0.6,1812,851226.0,33258.91625,0.9609282185342083,1433,0,1812,FastestO
query_cycle_6_21.graph,4,0.7,2039,851226.0,31718.3125,0.9627380830707709,1425,0,2039,FastestO
query_cycle_6_21.graph,4,0.8,2246,851226.0,32715.17375,0.9615669942529952,1477,0,2246,FastestO
query_cycle_6_21.graph,4,0.9,500,851226.0,30410.6543624161,0.9642742886584572,500,0,500,FastestO
query_cycle_6_21.graph,5,0.01,59,851226.0,28922.4734042553,0.966022568149639,59,0,59,FastestO
query_cycle_6_21.graph,5,0.05,236,851226.0,36431.6582914573,0.957200956865207,236,0,236,FastestO
query_cycle_6_21.graph,5,0.075,346,851226.0,35257.8723404255,0.9585798926014648,346,0,346,FastestO
query_cycle_6_21.graph,5,0.1,460,851226.0,25359.1527399922,0.9702086722680084,460,0,460,FastestO
query_cycle_6_21.graph,5,0.15,639,851226.0,32373.3329364134,0.9619685806866644,639,0,639,FastestO
query_cycle_6_21.graph,5,0.2,812,851226.0,32792.946210269,0.9614756290218238,812,0,812,FastestO
query_cycle_6_21.graph,5,0.3,1110,851226.0,30670.0324758568,0.9639695774378876,1110,0,1110,FastestO
query_cycle_6_21.graph,5,0.4,1365,851226.0,33197.8894457371,0.9609999113681477,1365,0,1365,FastestO
query_cycle_6_21.graph,5,0.5,1575,851226.0,31265.19375,0.9632703961697598,1451,0,1575,FastestO
query_cycle_6_21.graph,5,0.6,1812,851226.0,33077.66875,0.961141143773804,1436,0,1812,FastestO
query_cycle_6_21.graph,5,0.7,2039,851226.0,35162.015,0.9586925035184546,1469,0,2039,FastestO
query_cycle_6_21.graph,5,0.8,2246,851226.0,31355.8175,0.9631639335499621,1473,0,2246,FastestO
query_cycle_6_21.graph,5,0.9,500,851226.0,33527.0995190529,0.96061316322686,500,0,500,FastestO
query_cycle_6_22.graph,1,0.01,98,761918.0,31719.4064516129,0.9583690023708418,98,0,98,FastestO
query_cycle_6_22.graph,1,0.05,366,761918.0,41351.7715803453,0.9457267427986408,366,0,366,FastestO
query_cycle_6_22.graph,1,0.075,533,761918.0,41818.5737931035,0.9451140755394892,533,0,533,FastestO
query_cycle_6_22.graph,1,0.1,669,761918.0,22594.2463235294,0.9703455669461419,669,0,669,FastestO
query_cycle_6_22.graph,1,0.15,970,761918.0,31014.2547637693,0.9592944978806522,970,0,970,FastestO
query_cycle_6_22.graph,1,0.2,1206,761918.0,29773.9276734975,0.9609223989018536,1206,0,1206,FastestO
query_cycle_6_22.graph,1,0.3,1622,761918.0,32197.8816777042,0.9577410145478855,1622,0,1622,FastestO
query_cycle_6_22.graph,1,0.4,1972,761918.0,32240.4258509358,0.9576851762907088,1972,0,1972,FastestO
query_cycle_6_22.graph,1,0.5,2248,761918.0,29499.048,0.961283172204883,2073,0,2248,FastestO
query_cycle_6_22.graph,1,0.6,2556,761918.0,30318.466,0.9602077047661297,2016,0,2556,FastestO
query_cycle_6_22.graph,1,0.7,2826,761918.0,29048.3681,0.9618746792961973,1952,0,2826,FastestO
query_cycle_6_22.graph,1,0.8,3080,761918.0,29867.7861,0.960799211857444,2012,0,3080,FastestO
query_cycle_6_22.graph,1,0.9,500,761918.0,31492.3270535041,0.9586670389024748,500,0,500,FastestO
query_cycle_6_22.graph,2,0.01,98,761918.0,11073.2162162162,0.9854666562330642,98,0,98,FastestO
query_cycle_6_22.graph,2,0.05,366,761918.0,35450.716934487,0.9534717424519608,366,0,366,FastestO
query_cycle_6_22.graph,2,0.075,533,761918.0,26720.152173913,0.9649304096058722,533,0,533,FastestO
query_cycle_6_22.graph,2,0.1,669,761918.0,29933.0776255708,0.9607135182190593,669,0,669,FastestO
query_cycle_6_22.graph,2,0.15,970,761918.0,29965.8398145764,0.960670518593108,970,0,970,FastestO
query_cycle_6_22.graph,2,0.2,1206,761918.0,28730.9352415027,0.9622913026841435,1206,0,1206,FastestO
query_cycle_6_22.graph,2,0.3,1622,761918.0,28699.7466448445,0.9623322370060235,1622,0,1622,FastestO
query_cycle_6_22.graph,2,0.4,1972,761918.0,30902.9096822046,0.9594406357610601,1972,0,1972,FastestO
query_cycle_6_22.graph,2,0.5,2248,761918.0,29007.3972,0.9619284526681349,2056,0,2248,FastestO
query_cycle_6_22.graph,2,0.6,2556,761918.0,30277.4951,0.9602614781380674,2057,0,2556,FastestO
query_cycle_6_22.graph,2,0.7,2826,761918.0,31178.8549,0.9590784639554387,1993,0,2826,FastestO
query_cycle_6_22.graph,2,0.8,3080,761918.0,32080.2147,0.9578954497728102,2071,0,3080,FastestO
query_cycle_6_22.graph,2,0.9,500,761918.0,37062.4917763158,0.9513563247274434,500,0,500,FastestO
query_cycle_6_22.graph,3,0.01,98,761918.0,51616.8818897638,0.9322540196060944,98,0,98,FastestO
query_cycle_6_22.graph,3,0.05,366,761918.0,34411.2545931759,0.9548360130707296,366,0,366,FastestO
query_cycle_6_22.graph,3,0.075,533,761918.0,39212.1210415201,0.9485349853376347,533,0,533,FastestO
query_cycle_6_22.graph,3,0.1,669,761918.0,28268.7902483901,0.9628978574487149,669,0,669,FastestO
query_cycle_6_22.graph,3,0.15,970,761918.0,34561.6775226909,0.9546385864060295,970,0,970,FastestO
query_cycle_6_22.graph,3,0.2,1206,761918.0,26773.8790214477,0.9648598943436856,1206,0,1206,FastestO
query_cycle_6_22.graph,3,0.3,1622,761918.0,32295.5097439483,0.9576128799372791,1622,0,1622,FastestO
query_cycle_6_22.graph,3,0.4,1972,761918.0,29645.1175793455,0.9610914592130052,1972,0,1972,FastestO
query_cycle_6_22.graph,3,0.5,2248,761918.0,28269.921,0.9628963733630128,2045,0,2248,FastestO
query_cycle_6_22.graph,3,0.6,2556,761918.0,31178.8549,0.9590784639554387,2065,0,2556,FastestO
query_cycle_6_22.graph,3,0.7,2826,761918.0,29908.757,0.9607454384855063,2053,0,2826,FastestO
query_cycle_6_22.graph,3,0.8,3080,761918.0,29826.8152,0.9608529852293817,2021,0,3080,FastestO
query_cycle_6_22.graph,3,0.9,500,761918.0,29656.3556254917,0.9610767095337139,500,0,500,FastestO
query_cycle_6_22.graph,4,0.01,98,761918.0,47160.7482014389,0.9381025934530504,98,0,98,FastestO
query_cycle_6_22.graph,4,0.05,366,761918.0,36852.1322751323,0.9516324167756475,366,0,366,FastestO
query_cycle_6_22.graph,4,0.075,533,761918.0,29680.6235795455,0.961044858397432,533,0,533,FastestO
query_cycle_6_22.graph,4,0.1,669,761918.0,32200.5005170631,0.9577375773809477,669,0,669,FastestO
query_cycle_6_22.graph,4,0.15,970,761918.0,30784.2921993217,0.9595963185023563,970,0,970,FastestO
query_cycle_6_22.graph,4,0.2,1206,761918.0,25699.9281818182,0.9662694303300116,1206,0,1206,FastestO
query_cycle_6_22.graph,4,0.3,1622,761918.0,29541.4959747987,0.9612274602059556,1622,0,1622,FastestO
query_cycle_6_22.graph,4,0.4,1972,761918.0,31007.4205016358,0.9593034676938519,1972,0,1972,FastestO
query_cycle_6_22.graph,4,0.5,2248,761918.0,31055.9422,0.9592397840712517,2042,0,2248,FastestO
query_cycle_6_22.graph,4,0.6,2556,761918.0,30277.4951,0.9602614781380674,2059,0,2556,FastestO
query_cycle_6_22.graph,4,0.7,2826,761918.0,30072.6406,0.9605303449977556,2056,0,2826,FastestO
query_cycle_6_22.graph,4,0.8,3080,761918.0,30113.6115,0.960476571625818,2063,0,3080,FastestO
query_cycle_6_22.graph,4,0.9,500,761918.0,26761.7076205288,0.9648758690298316,500,0,500,FastestO
query_cycle_6_22.graph,5,0.01,98,761918.0,25290.6790123457,0.966806560532307,98,0,98,FastestO
query_cycle_6_22.graph,5,0.05,366,761918.0,28868.3848238482,0.9621109032417553,366,0,366,FastestO
query_cycle_6_22.graph,5,0.075,533,761918.0,30147.8292862399,0.9604316615616905,533,0,533,FastestO
query_cycle_6_22.graph,5,0.1,669,761918.0,38679.5566957414,0.9492339638967168,669,0,669,FastestO
query_cycle_6_22.graph,5,0.15,970,761918.0,30166.7384783202,0.9604068436782959,970,0,970,FastestO
query_cycle_6_22.graph,5,0.2,1206,761918.0,29259.9993262591,0.9615969181378324,1206,0,1206,FastestO
query_cycle_6_22.graph,5,0.3,1622,761918.0,30213.0137819939,0.9603461083974997,1622,0,1622,FastestO
query_cycle_6_22.graph,5,0.4,1972,761918.0,32260.5511811024,0.957658762253809,1972,0,1972,FastestO
query_cycle_6_22.graph,5,0.5,2248,761918.0,29417.1062,0.9613907189487582,2041,0,2248,FastestO
query_cycle_6_22.graph,5,0.6,2556,761918.0,29662.9316,0.9610680787171323,2036,0,2556,FastestO
query_cycle_6_22.graph,5,0.7,2826,761918.0,29908.757,0.9607454384855063,2016,0,2826,FastestO
query_cycle_6_22.graph,5,0.8,3080,761918.0,28474.7755,0.9626275065033245,2016,0,3080,FastestO
query_cycle_6_22.graph,5,0.9,500,761918.0,29617.5180722892,0.9611276829366294,500,0,500,FastestO
query_cycle_6_25.graph,1,0.01,129,149278.0,2187.71164021164,0.9853447149599296,129,0,129,FastestO
query_cycle_6_25.graph,1,0.05,284,149278.0,3236.91612301957,0.9783161877636386,284,0,284,FastestO
query_cycle_6_25.graph,1,0.075,369,149278.0,3263.06933483653,0.9781409897316649,369,0,369,FastestO
query_cycle_6_25.graph,1,0.1,420,149278.0,4594.19444444444,0.969223901415852,420,0,420,FastestO
query_cycle_6_25.graph,1,0.15,531,149278.0,3816.30191745206,0.9744349340327974,531,0,531,FastestO
query_cycle_6_25.graph,1,0.2,604,149278.0,3862.47080803363,0.9741256527550367,604,0,604,FastestO
query_cycle_6_25.graph,1,0.3,939,149278.0,3800.98788683315,0.9745375213572453,939,0,939,FastestO
query_cycle_6_25.graph,1,0.4,1109,149278.0,3610.07138482098,0.9758164539662846,1109,0,1109,FastestO
query_cycle_6_25.graph,1,0.5,1218,149278.0,3481.48055,0.9766778724929326,1121,0,1218,FastestO
query_cycle_6_25.graph,1,0.6,1348,149278.0,3249.93315,0.9782289878615738,1100,0,1348,FastestO
query_cycle_6_25.graph,1,0.7,1434,149278.0,3498.01965,0.9765670785380297,1096,0,1434,FastestO
query_cycle_6_25.graph,1,0.8,1527,149278.0,3473.211,0.9767332694703841,1087,0,1527,FastestO
query_cycle_6_25.graph,1,0.9,500,149278.0,3606.65732087227,0.975839324475996,500,0,500,FastestO
query_cycle_6_25.graph,2,0.01,129,149278.0,4055.91008174387,0.9728298203235315,129,0,129,FastestO
query_cycle_6_25.graph,2,0.05,284,149278.0,3026.36779505947,0.9797266322227022,284,0,284,FastestO
query_cycle_6_25.graph,2,0.075,369,149278.0,3099.3202725724,0.9792379300863329,369,0,369,FastestO
query_cycle_6_25.graph,2,0.1,420,149278.0,3715.68077324974,0.9751089860980872,420,0,420,FastestO
query_cycle_6_25.graph,2,0.15,531,149278.0,3703.88922066288,0.9751879766565543,531,0,531,FastestO
query_cycle_6_25.graph,2,0.2,604,149278.0,3353.58659351145,0.9775346226938232,604,0,604,FastestO
query_cycle_6_25.graph,2,0.3,939,149278.0,3574.45502336449,0.9760550447931746,939,0,939,FastestO
query_cycle_6_25.graph,2,0.4,1109,149278.0,3373.9764,0.9773980331998016,1107,0,1109,FastestO
query_cycle_6_25.graph,2,0.5,1218,149278.0,3117.62035,0.9791153395007971,1130,0,1218,FastestO
query_cycle_6_25.graph,2,0.6,1348,149278.0,3423.5937,0.9770656513350929,1104,0,1348,FastestO
query_cycle_6_25.graph,2,0.7,1434,149278.0,3307.82,0.9778412090194134,1109,0,1434,FastestO
query_cycle_6_25.graph,2,0.8,1527,149278.0,3266.47225,0.9781181939066709,1141,0,1527,FastestO
query_cycle_6_25.graph,2,0.9,500,149278.0,3314.67795438839,0.9777952681949892,500,0,500,FastestO
query_cycle_6_25.graph,3,0.01,129,149278.0,4211.34490740741,0.9717885762978643,129,0,129,FastestO
query_cycle_6_25.graph,3,0.05,284,149278.0,4665.26023657871,0.9687478380164612,284,0,284,FastestO
query_cycle_6_25.graph,3,0.075,369,149278.0,3751.97240956468,0.9748658716651839,369,0,369,FastestO
query_cycle_6_25.graph,3,0.1,420,149278.0,4205.58329008822,0.9718271728581022,420,0,420,FastestO
query_cycle_6_25.graph,3,0.15,531,149278.0,2720.08693098385,0.9817783803977556,531,0,531,FastestO
query_cycle_6_25.graph,3,0.2,604,149278.0,4219.15816326531,0.9717362359941498,604,0,604,FastestO
query_cycle_6_25.graph,3,0.3,939,149278.0,3529.41356023771,0.9763567735350306,939,0,939,FastestO
query_cycle_6_25.graph,3,0.4,1109,149278.0,3365.70685,0.9774534301772533,1083,0,1109,FastestO
query_cycle_6_25.graph,3,0.5,1218,149278.0,3398.78505,0.9772318422674473,1109,0,1218,FastestO
query_cycle_6_25.graph,3,0.6,1348,149278.0,3646.87155,0.9755699329439033,1092,0,1348,FastestO
query_cycle_6_25.graph,3,0.7,1434,149278.0,3415.32415,0.9771210483125444,1105,0,1434,FastestO
query_cycle_6_25.graph,3,0.8,1527,149278.0,3258.2027,0.9781735908841223,1092,0,1527,FastestO
query_cycle_6_25.graph,3,0.9,500,149278.0,3790.33575845762,0.9746088790146061,500,0,500,FastestO
query_cycle_6_25.graph,4,0.01,129,149278.0,2945.89567430025,0.9802657077781035,129,0,129,FastestO
query_cycle_6_25.graph,4,0.05,284,149278.0,5168.46875,0.9653768890928335,284,0,284,FastestO
query_cycle_6_25.graph,4,0.075,369,149278.0,3456.23478795329,0.9768469915998789,369,0,369,FastestO
query_cycle_6_25.graph,4,0.1,420,149278.0,3108.01879194631,0.979179659481328,420,0,420,FastestO
query_cycle_6_25.graph,4,0.15,531,149278.0,3621.70072992701,0.9757385500212555,531,0,531,FastestO
query_cycle_6_25.graph,4,0.2,604,149278.0,3413.94006466053,0.9771303201767136,604,0,604,FastestO
query_cycle_6_25.graph,4,0.3,939,149278.0,3379.98335776494,0.9773577931258127,939,0,939,FastestO
query_cycle_6_25.graph,4,0.4,1109,149278.0,3456.6719,0.9768440634252872,1079,0,1109,FastestO
query_cycle_6_25.graph,4,0.5,1218,149278.0,3498.01965,0.9765670785380297,1095,0,1218,FastestO
query_cycle_6_25.graph,4,0.6,1348,149278.0,3382.24595,0.9773426362223502,1090,0,1348,FastestO
query_cycle_6_25.graph,4,0.7,1434,149278.0,3382.24595,0.9773426362223502,1089,0,1434,FastestO
query_cycle_6_25.graph,4,0.8,1527,149278.0,3522.8283,0.9764008876056753,1081,0,1527,FastestO
query_cycle_6_25.graph,4,0.9,500,149278.0,2728.32398548334,0.9817232011047619,500,0,500,FastestO
query_cycle_6_25.graph,5,0.01,129,149278.0,3733.43115124154,0.9749900779000152,129,0,129,FastestO
query_cycle_6_25.graph,5,0.05,284,149278.0,3007.10909090909,0.979855644563103,284,0,284,FastestO
query_cycle_6_25.graph,5,0.075,369,149278.0,4305.90720961282,0.9711551118744034,369,0,369,FastestO
query_cycle_6_25.graph,5,0.1,420,149278.0,2923.9569356301,0.9804126734305786,420,0,420,FastestO
query_cycle_6_25.graph,5,0.15,531,149278.0,3552.16596160104,0.9762043572287876,531,0,531,FastestO
query_cycle_6_25.graph,5,0.2,604,149278.0,4196.61992521367,0.9718872176394802,604,0,604,FastestO
query_cycle_6_25.graph,5,0.3,939,149278.0,3241.65828580609,0.9782844204383359,939,0,939,FastestO
query_cycle_6_25.graph,5,0.4,1109,149278.0,3564.17605,0.976123902718418,1094,0,1109,FastestO
query_cycle_6_25.graph,5,0.5,1218,149278.0,3456.6719,0.9768440634252872,1102,0,1218,FastestO
query_cycle_6_25.graph,5,0.6,1348,149278.0,3233.39405,0.9783397818164766,1106,0,1348,FastestO
query_cycle_6_25.graph,5,0.7,1434,149278.0,3696.48885,0.9752375510791945,1089,0,1434,FastestO
query_cycle_6_25.graph,5,0.8,1527,149278.0,3613.79335,0.9757915208537092,1085,0,1527,FastestO
query_cycle_6_25.graph,5,0.9,500,149278.0,3396.84065155807,0.977244867619086,500,0,500,FastestO
query_cycle_6_27.graph,1,0.01,20,84044.0,0,1,20,0,20,FastestO
query_cycle_6_27.graph,1,0.05,99,84044.0,241.76461038961,0.9971233566894768,99,0,99,FastestO
query_cycle_6_27.graph,1,0.075,148,84044.0,517.556907037359,0.9938418339555785,148,0,148,FastestO
query_cycle_6_27.graph,1,0.1,201,84044.0,973.37908496732,0.9884182203968478,201,0,201,FastestO
query_cycle_6_27.graph,1,0.15,293,84044.0,396.398722384882,0.995283438170662,293,0,293,FastestO
query_cycle_6_27.graph,1,0.2,352,84044.0,478.961206030151,0.9943010660364792,352,0,352,FastestO
query_cycle_6_27.graph,1,0.3,464,84044.0,617.502195121951,0.992652632012732,464,0,464,FastestO
query_cycle_6_27.graph,1,0.4,573,84044.0,638.75348938645,0.9923997728643752,573,0,573,FastestO
query_cycle_6_27.graph,1,0.5,665,84044.0,612.80966507177,0.9927084662192213,641,0,665,FastestO
query_cycle_6_27.graph,1,0.6,758,84044.0,538.139579831933,0.9935969304194002,660,0,758,FastestO
query_cycle_6_27.graph,1,0.7,851,84044.0,582.169181818182,0.9930730429082602,671,0,851,FastestO
query_cycle_6_27.graph,1,0.8,945,84044.0,607.001042654028,0.9927775802834941,685,0,945,FastestO
query_cycle_6_27.graph,1,0.9,500,84044.0,662.265703168427,0.9921200120988004,500,0,500,FastestO
query_cycle_6_27.graph,2,0.01,20,84044.0,4255.05714285714,0.949371077734792,20,0,20,FastestO
query_cycle_6_27.graph,2,0.05,99,84044.0,224.625942684766,0.9973272816300418,99,0,99,FastestO
query_cycle_6_27.graph,2,0.075,148,84044.0,1064.71492403932,0.9873314582356941,148,0,148,FastestO
query_cycle_6_27.graph,2,0.1,201,84044.0,1046.93848857645,0.9875429716746413,201,0,201,FastestO
query_cycle_6_27.graph,2,0.15,293,84044.0,1017.8171131766,0.9878894732143092,293,0,293,FastestO
query_cycle_6_27.graph,2,0.2,352,84044.0,424.974496165507,0.9949434284878693,352,0,352,FastestO
query_cycle_6_27.graph,2,0.3,464,84044.0,558.942035029191,0.9933494117958547,464,0,464,FastestO
query_cycle_6_27.graph,2,0.4,573,84044.0,530.630655462185,0.9936862755763388,573,0,573,FastestO
query_cycle_6_27.graph,2,0.5,665,84044.0,707.40325,0.9915829416734091,640,0,665,FastestO
query_cycle_6_27.graph,2,0.6,758,84044.0,587.510183486239,0.9930094928431983,677,0,758,FastestO
query_cycle_6_27.graph,2,0.7,851,84044.0,621.734077669903,0.9926022788340643,658,0,851,FastestO
query_cycle_6_27.graph,2,0.8,945,84044.0,607.001042654028,0.9927775802834941,661,0,945,FastestO
query_cycle_6_27.graph,2,0.9,500,84044.0,700.194108616388,0.9916687198536911,500,0,500,FastestO
query_cycle_6_27.graph,3,0.01,20,84044.0,0,1,20,0,20,FastestO
query_cycle_6_27.graph,3,0.05,99,84044.0,647.508695652174,0.9922955987857293,99,0,99,FastestO
query_cycle_6_27.graph,3,0.075,148,84044.0,1034.21527777778,0.9876943591716508,148,0,148,FastestO
query_cycle_6_27.graph,3,0.1,201,84044.0,830.062238736647,0.990123480096894,201,0,201,FastestO
query_cycle_6_27.graph,3,0.15,293,84044.0,674.596056488143,0.9919732990280313,293,0,293,FastestO
query_cycle_6_27.graph,3,0.2,352,84044.0,739.567592422292,0.9912002333013388,352,0,352,FastestO
query_cycle_6_27.graph,3,0.3,464,84044.0,558.563525550867,0.9933539155019886,464,0,464,FastestO
query_cycle_6_27.graph,3,0.4,573,84044.0,544.928716628269,0.9935161496760235,573,0,573,FastestO
query_cycle_6_27.graph,3,0.5,665,84044.0,624.766926829268,0.9925661923893524,662,0,665,FastestO
query_cycle_6_27.graph,3,0.6,758,84044.0,634.045643564357,0.992455789306026,660,0,758,FastestO
query_cycle_6_27.graph,3,0.7,851,84044.0,627.829509803921,0.9925297521559668,636,0,851,FastestO
query_cycle_6_27.graph,3,0.8,945,84044.0,640.3861,0.9923803471990862,673,0,945,FastestO
query_cycle_6_27.graph,3,0.9,500,84044.0,638.780024509804,0.9923994571354314,500,0,500,FastestO
query_cycle_6_27.graph,4,0.01,20,84044.0,0,1,20,0,20,FastestO
query_cycle_6_27.graph,4,0.05,99,84044.0,1028.50138121547,0.9877623461375533,99,0,99,FastestO
query_cycle_6_27.graph,4,0.075,148,84044.0,720.033843674456,0.9914326561839697,148,0,148,FastestO
query_cycle_6_27.graph,4,0.1,201,84044.0,350.086976962858,0.9958344798324347,201,0,201,FastestO
query_cycle_6_27.graph,4,0.15,293,84044.0,286.673724735322,0.9965890042747214,293,0,293,FastestO
query_cycle_6_27.graph,4,0.2,352,84044.0,665.595530726257,0.9920803920479003,352,0,352,FastestO
query_cycle_6_27.graph,4,0.3,464,84044.0,743.318706457315,0.9911556005609287,464,0,464,FastestO
query_cycle_6_27.graph,4,0.4,573,84044.0,524.390845070423,0.9937605201433724,573,0,573,FastestO
query_cycle_6_27.graph,4,0.5,665,84044.0,528.494358507734,0.9937116943683342,665,0,665,FastestO
query_cycle_6_27.graph,4,0.6,758,84044.0,549.687639484979,0.9934595254927778,669,0,758,FastestO
query_cycle_6_27.graph,4,0.7,851,84044.0,692.51055,0.9917601429013373,680,0,851,FastestO
query_cycle_6_27.graph,4,0.8,945,84044.0,627.829509803921,0.9925297521559668,637,0,945,FastestO
query_cycle_6_27.graph,4,0.9,500,84044.0,490.807784804489,0.994160109171333,500,0,500,FastestO
query_cycle_6_27.graph,5,0.01,20,84044.0,2127.52857142857,0.974685538867396,20,0,20,FastestO
query_cycle_6_27.graph,5,0.05,99,84044.0,478.864951768489,0.9943022113206358,99,0,99,FastestO
query_cycle_6_27.graph,5,0.075,148,84044.0,946.856494096276,0.9887338002225468,148,0,148,FastestO
query_cycle_6_27.graph,5,0.1,201,84044.0,752.156565656566,0.9910504430339279,201,0,201,FastestO
query_cycle_6_27.graph,5,0.15,293,84044.0,407.572523262178,0.9951504863730644,293,0,293,FastestO
query_cycle_6_27.graph,5,0.2,352,84044.0,695.920560747663,0.9917195687884006,352,0,352,FastestO
query_cycle_6_27.graph,5,0.3,464,84044.0,680.410853577,0.9919041114942529,464,0,464,FastestO
query_cycle_6_27.graph,5,0.4,573,84044.0,535.307473416205,0.9936306283206867,573,0,573,FastestO
query_cycle_6_27.graph,5,0.5,665,84044.0,641.418267326733,0.9923680659258635,643,0,665,FastestO
query_cycle_6_27.graph,5,0.6,758,84044.0,677.61785,0.9919373441292657,649,0,758,FastestO
query_cycle_6_27.graph,5,0.7,851,84044.0,647.83245,0.9922917465851221,640,0,851,FastestO
query_cycle_6_27.graph,5,0.8,945,84044.0,597.080599078341,0.9928956189724627,694,0,945,FastestO
query_cycle_6_27.graph,5,0.9,500,84044.0,606.43516423853,0.9927843134044247,500,0,500,FastestO
query_cycle_6_28.graph,1,0.01,17,9410.0,553.529411764706,0.9411764705882353,17,0,17,FastestO
query_cycle_6_28.graph,1,0.05,76,9410.0,87.9439252336448,0.9906542056074766,76,0,76,FastestO
query_cycle_6_28.graph,1,0.075,123,9410.0,180.095693779904,0.9808612440191388,123,0,123,FastestO
query_cycle_6_28.graph,1,0.1,154,9410.0,186.336633663366,0.9801980198019802,154,0,154,FastestO
query_cycle_6_28.graph,1,0.15,215,9410.0,306.182212581345,0.9674620390455532,215,0,215,FastestO
query_cycle_6_28.graph,1,0.2,273,9410.0,362.920110192837,0.9614325068870524,273,0,273,FastestO
query_cycle_6_28.graph,1,0.3,388,9410.0,219.019118869493,0.9767248545303407,388,0,388,FastestO
query_cycle_6_28.graph,1,0.4,473,9410.0,292.472972972973,0.9689189189189189,473,0,473,FastestO
query_cycle_6_28.graph,1,0.5,572,9410.0,258.145003265839,0.9725669497060745,572,0,572,FastestO
query_cycle_6_28.graph,1,0.6,671,9410.0,302.730335186121,0.9678288697995621,671,0,671,FastestO
query_cycle_6_28.graph,1,0.7,771,9410.0,280.335863377609,0.9702087286527513,771,0,771,FastestO
query_cycle_6_28.graph,1,0.8,872,9410.0,277.1245,0.97055,843,0,872,FastestO
query_cycle_6_28.graph,1,0.9,500,9410.0,283.677863910422,0.9698535745047374,500,0,500,FastestO
query_cycle_6_28.graph,2,0.01,17,9410.0,0,1,17,0,17,FastestO
query_cycle_6_28.graph,2,0.05,76,9410.0,372.673267326733,0.9603960396039605,76,0,76,FastestO
query_cycle_6_28.graph,2,0.075,123,9410.0,292.538860103627,0.9689119170984456,123,0,123,FastestO
query_cycle_6_28.graph,2,0.1,154,9410.0,62.7333333333333,0.9933333333333333,154,0,154,FastestO
query_cycle_6_28.graph,2,0.15,215,9410.0,149.069306930693,0.9841584158415843,215,0,215,FastestO
query_cycle_6_28.graph,2,0.2,273,9410.0,306.672384219554,0.9674099485420241,273,0,273,FastestO
query_cycle_6_28.graph,2,0.3,388,9410.0,259.207011686144,0.9724540901502504,388,0,388,FastestO
query_cycle_6_28.graph,2,0.4,473,9410.0,251.554455445545,0.9732673267326732,473,0,473,FastestO
query_cycle_6_28.graph,2,0.5,572,9410.0,306.992907801418,0.9673758865248226,572,0,572,FastestO
query_cycle_6_28.graph,2,0.6,671,9410.0,306.484405842874,0.9674299249901304,671,0,671,FastestO
query_cycle_6_28.graph,2,0.7,771,9410.0,268.359259259259,0.9714814814814815,771,0,771,FastestO
query_cycle_6_28.graph,2,0.8,872,9410.0,281.8295,0.97005,857,0,872,FastestO
query_cycle_6_28.graph,2,0.9,500,9410.0,275.098882201204,0.9707652622527945,500,0,500,FastestO
query_cycle_6_28.graph,3,0.01,17,9410.0,448.095238095238,0.9523809523809523,17,0,17,FastestO
query_cycle_6_28.graph,3,0.05,76,9410.0,89.6190476190476,0.9904761904761905,76,0,76,FastestO
query_cycle_6_28.graph,3,0.075,123,9410.0,404.731182795699,0.956989247311828,123,0,123,FastestO
query_cycle_6_28.graph,3,0.1,154,9410.0,218.837209302326,0.9767441860465116,154,0,154,FastestO
query_cycle_6_28.graph,3,0.15,215,9410.0,247.631578947368,0.9736842105263158,215,0,215,FastestO
query_cycle_6_28.graph,3,0.2,273,9410.0,291.331269349845,0.9690402476780187,273,0,273,FastestO
query_cycle_6_28.graph,3,0.3,388,9410.0,269.797202797203,0.9713286713286713,388,0,388,FastestO
query_cycle_6_28.graph,3,0.4,473,9410.0,304.000994035785,0.9676938369781313,473,0,473,FastestO
query_cycle_6_28.graph,3,0.5,572,9410.0,307.590799031477,0.9673123486682809,572,0,572,FastestO
query_cycle_6_28.graph,3,0.6,671,9410.0,268.091168091168,0.9715099715099714,671,0,671,FastestO
query_cycle_6_28.graph,3,0.7,771,9410.0,273.078505684894,0.970979967514889,771,0,771,FastestO
query_cycle_6_28.graph,3,0.8,872,9410.0,282.3,0.9700000000000001,852,0,872,FastestO
query_cycle_6_28.graph,3,0.9,500,9410.0,250.562130177515,0.9733727810650887,500,0,500,FastestO
query_cycle_6_28.graph,4,0.01,17,9410.0,0,1,17,0,17,FastestO
query_cycle_6_28.graph,4,0.05,76,9410.0,171.090909090909,0.9818181818181817,76,0,76,FastestO
query_cycle_6_28.graph,4,0.075,123,9410.0,235.25,0.975,123,0,123,FastestO
query_cycle_6_28.graph,4,0.1,154,9410.0,171.715328467153,0.9817518248175182,154,0,154,FastestO
query_cycle_6_28.graph,4,0.15,215,9410.0,382.34762979684,0.9593679458239278,215,0,215,FastestO
query_cycle_6_28.graph,4,0.2,273,9410.0,204.565217391304,0.9782608695652174,273,0,273,FastestO
query_cycle_6_28.graph,4,0.3,388,9410.0,301.234756097561,0.9679878048780487,388,0,388,FastestO
query_cycle_6_28.graph,4,0.4,473,9410.0,241.282051282051,0.9743589743589745,473,0,473,FastestO
query_cycle_6_28.graph,4,0.5,572,9410.0,272.296679865976,0.9710630520865062,572,0,572,FastestO
query_cycle_6_28.graph,4,0.6,671,9410.0,301.733695652174,0.9679347826086957,671,0,671,FastestO
query_cycle_6_28.graph,4,0.7,771,9410.0,263.931237276634,0.9719520470481792,771,0,771,FastestO
query_cycle_6_28.graph,4,0.8,872,9410.0,270.5375,0.9712499999999999,861,0,872,FastestO
query_cycle_6_28.graph,4,0.9,500,9410.0,201.031818181818,0.9786363636363636,500,0,500,FastestO
query_cycle_6_28.graph,5,0.01,17,9410.0,0,1,17,0,17,FastestO
query_cycle_6_28.graph,5,0.05,76,9410.0,639.514563106796,0.9320388349514563,76,0,76,FastestO
query_cycle_6_28.graph,5,0.075,123,9410.0,226.201923076923,0.9759615384615384,123,0,123,FastestO
query_cycle_6_28.graph,5,0.1,154,9410.0,344.688644688645,0.9633699633699633,154,0,154,FastestO
query_cycle_6_28.graph,5,0.15,215,9410.0,286.391304347826,0.9695652173913043,215,0,215,FastestO
query_cycle_6_28.graph,5,0.2,273,9410.0,255.779685264664,0.9728183118741058,273,0,273,FastestO
query_cycle_6_28.graph,5,0.3,388,9410.0,272.220484753714,0.9710711493354183,388,0,388,FastestO
query_cycle_6_28.graph,5,0.4,473,9410.0,311.235142118863,0.9669250645994831,473,0,473,FastestO
query_cycle_6_28.graph,5,0.5,572,9410.0,270.89844985764,0.9712116418854794,572,0,572,FastestO
query_cycle_6_28.graph,5,0.6,671,9410.0,257.786554621849,0.9726050420168066,671,0,671,FastestO
query_cycle_6_28.graph,5,0.7,771,9410.0,268.739468213152,0.9714410767042346,771,0,771,FastestO
query_cycle_6_28.graph,5,0.8,872,9410.0,287.946,0.9694,845,0,872,FastestO
query_cycle_6_28.graph,5,0.9,500,9410.0,283.532751091703,0.9698689956331877,500,0,500,FastestO
query_cycle_6_29.graph,1,0.01,34,1670906.0,60350.7142857143,0.9638814425911965,34,0,34,FastestO
query_cycle_6_29.graph,1,0.05,161,1670906.0,22530.9333333333,0.98651573856738,161,0,161,FastestO
query_cycle_6_29.graph,1,0.075,244,1670906.0,33395.652173913,0.9800134464931521,244,0,244,FastestO
query_cycle_6_29.graph,1,0.1,356,1670906.0,27637.2429906542,0.9834597260464357,356,0,356,FastestO
query_cycle_6_29.graph,1,0.15,527,1670906.0,33034.0751879699,0.9802298422604444,527,0,527,FastestO
query_cycle_6_29.graph,1,0.2,672,1670906.0,34265.2934898613,0.9794929855480432,672,0,672,FastestO
query_cycle_6_29.graph,1,0.3,867,1670906.0,37754.9492213947,0.977404504369848,867,0,867,FastestO
query_cycle_6_29.graph,1,0.4,984,1670906.0,32794.3504043127,0.9803733122004993,984,0,984,FastestO
query_cycle_6_29.graph,1,0.5,1047,1670906.0,34592.0163766633,0.979297449182262,1047,0,1047,FastestO
query_cycle_6_29.graph,1,0.6,1113,1670906.0,31012.8111011638,0.9814395237666489,1113,0,1113,FastestO
query_cycle_6_29.graph,1,0.7,1155,1670906.0,30313.8339591156,0.9818578460074261,1155,0,1155,FastestO
query_cycle_6_29.graph,1,0.8,1209,1670906.0,25250.183908046,0.9848883277048224,1209,0,1209,FastestO
query_cycle_6_29.graph,1,0.9,500,1670906.0,29180.5651491366,0.982536082132007,500,0,500,FastestO
query_cycle_6_29.graph,2,0.01,34,1670906.0,60350.7142857143,0.9638814425911965,34,0,34,FastestO
query_cycle_6_29.graph,2,0.05,161,1670906.0,20482.6666666667,0.9877415805158,161,0,161,FastestO
query_cycle_6_29.graph,2,0.075,244,1670906.0,58047.251908397,0.9652600134846623,244,0,244,FastestO
query_cycle_6_29.graph,2,0.1,356,1670906.0,28850.5853658537,0.9827335676777427,356,0,356,FastestO
query_cycle_6_29.graph,2,0.15,527,1670906.0,25852.6008344924,0.9845277946009576,527,0,527,FastestO
query_cycle_6_29.graph,2,0.2,672,1670906.0,22279.5740365112,0.9866661715042551,672,0,672,FastestO
query_cycle_6_29.graph,2,0.3,867,1670906.0,29348.9111556446,0.9824353307991924,867,0,867,FastestO
query_cycle_6_29.graph,2,0.4,984,1670906.0,26589.6798697775,0.9840866692262895,984,0,984,FastestO
query_cycle_6_29.graph,2,0.5,1047,1670906.0,27241.4307304786,0.9836966108623234,1047,0,1047,FastestO
query_cycle_6_29.graph,2,0.6,1113,1670906.0,30737.9718053661,0.9816040089595908,1113,0,1113,FastestO
query_cycle_6_29.graph,2,0.7,1155,1670906.0,36643.3027522936,0.9780698000053303,1155,0,1155,FastestO
query_cycle_6_29.graph,2,0.8,1209,1670906.0,29974.6341463415,0.9820608495353171,1209,0,1209,FastestO
query_cycle_6_29.graph,2,0.9,500,1670906.0,32352.9602356407,0.9806374743787858,500,0,500,FastestO
query_cycle_6_29.graph,3,0.01,34,1670906.0,0,1,34,0,34,FastestO
query_cycle_6_29.graph,3,0.05,161,1670906.0,31487.3291925466,0.981155535264972,161,0,161,FastestO
query_cycle_6_29.graph,3,0.075,244,1670906.0,6235.49815498155,0.9962681933304557,244,0,244,FastestO
query_cycle_6_29.graph,3,0.1,356,1670906.0,45116.5533980582,0.972998748344875,356,0,356,FastestO
query_cycle_6_29.graph,3,0.15,527,1670906.0,37761.3407821229,0.9774006791632067,527,0,527,FastestO
query_cycle_6_29.graph,3,0.2,672,1670906.0,24850.2941176471,0.9851276528316691,672,0,672,FastestO
query_cycle_6_29.graph,3,0.3,867,1670906.0,34691.6688741722,0.9792378093835487,867,0,867,FastestO
query_cycle_6_29.graph,3,0.4,984,1670906.0,44172.1579532814,0.9735639479699747,984,0,984,FastestO
query_cycle_6_29.graph,3,0.5,1047,1670906.0,36216.3078421822,0.9783253469422084,1047,0,1047,FastestO
query_cycle_6_29.graph,3,0.6,1113,1670906.0,33943.9825327511,0.9796852829945245,1113,0,1113,FastestO
query_cycle_6_29.graph,3,0.7,1155,1670906.0,33980.4608294931,0.9796634515469493,1155,0,1155,FastestO
query_cycle_6_29.graph,3,0.8,1209,1670906.0,28803.75,0.9827615976003438,1209,0,1209,FastestO
query_cycle_6_29.graph,3,0.9,500,1670906.0,25917.4846625767,0.984488963075974,500,0,500,FastestO
query_cycle_6_29.graph,4,0.01,34,1670906.0,0,1,34,0,34,FastestO
query_cycle_6_29.graph,4,0.05,161,1670906.0,32918.5714285714,0.9802989686861072,161,0,161,FastestO
query_cycle_6_29.graph,4,0.075,244,1670906.0,51401.3688212928,0.9692374263894601,244,0,244,FastestO
query_cycle_6_29.graph,4,0.1,356,1670906.0,20457.8692493947,0.9877564212173547,356,0,356,FastestO
query_cycle_6_29.graph,4,0.15,527,1670906.0,30051.5184678523,0.9820148359824836,527,0,527,FastestO
query_cycle_6_29.graph,4,0.2,672,1670906.0,50388.6687965921,0.969843504783278,672,0,672,FastestO
query_cycle_6_29.graph,4,0.3,867,1670906.0,34276.2677484787,0.9794864176988539,867,0,867,FastestO
query_cycle_6_29.graph,4,0.4,984,1670906.0,36961.8508132361,0.9778791560906263,984,0,984,FastestO
query_cycle_6_29.graph,4,0.5,1047,1670906.0,31545.580221998,0.981120673322139,1047,0,1047,FastestO
query_cycle_6_29.graph,4,0.6,1113,1670906.0,33552.3826714801,0.9799196467835534,1113,0,1113,FastestO
query_cycle_6_29.graph,4,0.7,1155,1670906.0,30556.0386879731,0.9817128918754418,1155,0,1155,FastestO
query_cycle_6_29.graph,4,0.8,1209,1670906.0,25111.4969191736,0.9849713287766196,1209,0,1209,FastestO
query_cycle_6_29.graph,4,0.9,500,1670906.0,47011.9938176198,0.9718643694991701,500,0,500,FastestO
query_cycle_6_29.graph,5,0.01,34,1670906.0,56327.3333333333,0.9662893464184501,34,0,34,FastestO
query_cycle_6_29.graph,5,0.05,161,1670906.0,41723.9506172839,0.9750291454951481,161,0,161,FastestO
query_cycle_6_29.graph,5,0.075,244,1670906.0,34345.9349593496,0.9794447234258841,244,0,244,FastestO
query_cycle_6_29.graph,5,0.1,356,1670906.0,45336.6341463415,0.9728670349221672,356,0,356,FastestO
query_cycle_6_29.graph,5,0.15,527,1670906.0,29051.3467048711,0.9826134164908911,527,0,527,FastestO
query_cycle_6_29.graph,5,0.2,672,1670906.0,36418.5344827586,0.9782043188050323,672,0,672,FastestO
query_cycle_6_29.graph,5,0.3,867,1670906.0,32845.0268096515,0.9803429835013751,867,0,867,FastestO
query_cycle_6_29.graph,5,0.4,984,1670906.0,35425.9958071279,0.9787983310807863,984,0,984,FastestO
query_cycle_6_29.graph,5,0.5,1047,1670906.0,35204.5833333333,0.9789308415115313,1047,0,1047,FastestO
query_cycle_6_29.graph,5,0.6,1113,1670906.0,32165.6750774679,0.9807495603717576,1113,0,1113,FastestO
query_cycle_6_29.graph,5,0.7,1155,1670906.0,44543.3723849372,0.973341784406222,1155,0,1155,FastestO
query_cycle_6_29.graph,5,0.8,1209,1670906.0,40451.2895752896,0.9757908047638291,1209,0,1209,FastestO
query_cycle_6_29.graph,5,0.9,500,1670906.0,50358.8741721854,0.9698613362019255,500,0,500,FastestO
query_cycle_6_31.graph,1,0.01,20,11127.0,0,1,20,0,20,FastestO
query_cycle_6_31.graph,1,0.05,80,11127.0,327.848101265823,0.9705358046853758,80,0,80,FastestO
query_cycle_6_31.graph,1,0.075,126,11127.0,522.177419354839,0.9530711405271107,126,0,126,FastestO
query_cycle_6_31.graph,1,0.1,168,11127.0,777,0.9301698571043407,168,0,168,FastestO
query_cycle_6_31.graph,1,0.15,248,11127.0,368.829113924051,0.9668527802710479,248,0,248,FastestO
query_cycle_6_31.graph,1,0.2,309,11127.0,504.545454545455,0.9546557513664551,309,0,309,FastestO
query_cycle_6_31.graph,1,0.3,416,11127.0,451.340482573727,0.9594373611419316,416,0,416,FastestO
query_cycle_6_31.graph,1,0.4,504,11127.0,513.008565310492,0.9538951590446219,504,0,504,FastestO
query_cycle_6_31.graph,1,0.5,590,11127.0,411.566888396157,0.9630118730658617,590,0,590,FastestO
query_cycle_6_31.graph,1,0.6,681,11127.0,347.068676716918,0.9688084230505152,681,0,681,FastestO
query_cycle_6_31.graph,1,0.7,776,11127.0,450.82680591819,0.959483526025147,776,0,776,FastestO
query_cycle_6_31.graph,1,0.8,873,11127.0,447.117516629712,0.9598168853572649,873,0,873,FastestO
query_cycle_6_31.graph,1,0.9,500,11127.0,450.546719681909,0.9595086977907874,500,0,500,FastestO
query_cycle_6_31.graph,2,0.01,20,11127.0,0,1,20,0,20,FastestO
query_cycle_6_31.graph,2,0.05,80,11127.0,1054.06976744186,0.9052691859942608,80,0,80,FastestO
query_cycle_6_31.graph,2,0.075,126,11127.0,443.493150684931,0.9601426125024776,126,0,126,FastestO
query_cycle_6_31.graph,2,0.1,168,11127.0,455.527638190955,0.9590610552538011,168,0,168,FastestO
query_cycle_6_31.graph,2,0.15,248,11127.0,533.235294117647,0.9520773529147437,248,0,248,FastestO
query_cycle_6_31.graph,2,0.2,309,11127.0,446.551724137931,0.9598677339680119,309,0,309,FastestO
query_cycle_6_31.graph,2,0.3,416,11127.0,543.234100135318,0.9511787453819253,416,0,416,FastestO
query_cycle_6_31.graph,2,0.4,504,11127.0,386.979722518677,0.9652215581451716,504,0,504,FastestO
query_cycle_6_31.graph,2,0.5,590,11127.0,338.953040800616,0.9695377872921168,590,0,590,FastestO
query_cycle_6_31.graph,2,0.6,681,11127.0,437.993235625705,0.9606368980295044,681,0,681,FastestO
query_cycle_6_31.graph,2,0.7,776,11127.0,436.686046511628,0.9607543770547652,776,0,776,FastestO
query_cycle_6_31.graph,2,0.8,873,11127.0,452.36301369863,0.9593454647525271,873,0,873,FastestO
query_cycle_6_31.graph,2,0.9,500,11127.0,343.046357615894,0.9691699148363535,500,0,500,FastestO
query_cycle_6_31.graph,3,0.01,20,11127.0,0,1,20,0,20,FastestO
query_cycle_6_31.graph,3,0.05,80,11127.0,157.926829268293,0.9858068815252726,80,0,80,FastestO
query_cycle_6_31.graph,3,0.075,126,11127.0,526.422764227642,0.9526896050842417,126,0,126,FastestO
query_cycle_6_31.graph,3,0.1,168,11127.0,350,0.968544980677631,168,0,168,FastestO
query_cycle_6_31.graph,3,0.15,248,11127.0,399.143835616438,0.9641283512522298,248,0,248,FastestO
query_cycle_6_31.graph,3,0.2,309,11127.0,366.509433962264,0.9670612533511042,309,0,309,FastestO
query_cycle_6_31.graph,3,0.3,416,11127.0,219.491525423729,0.9802739709334295,416,0,416,FastestO
query_cycle_6_31.graph,3,0.4,504,11127.0,485.625,0.956356160690213,504,0,504,FastestO
query_cycle_6_31.graph,3,0.5,590,11127.0,443.424124513619,0.960148815986913,590,0,590,FastestO
query_cycle_6_31.graph,3,0.6,681,11127.0,372.714446952596,0.9665035996268001,681,0,681,FastestO
query_cycle_6_31.graph,3,0.7,776,11127.0,395.570828560519,0.9644494626978952,776,0,776,FastestO
query_cycle_6_31.graph,3,0.8,873,11127.0,396.474028207774,0.9643682908054485,873,0,873,FastestO
query_cycle_6_31.graph,3,0.9,500,11127.0,415.952890792291,0.9626176965226665,500,0,500,FastestO
query_cycle_6_31.graph,4,0.01,20,11127.0,719.444444444444,0.9353424602817969,20,0,20,FastestO
query_cycle_6_31.graph,4,0.05,80,11127.0,504.545454545455,0.9546557513664551,80,0,80,FastestO
query_cycle_6_31.graph,4,0.075,126,11127.0,681.578947368421,0.9387454886880182,126,0,126,FastestO
query_cycle_6_31.graph,4,0.1,168,11127.0,460.152284263959,0.9586454314492713,168,0,168,FastestO
query_cycle_6_31.graph,4,0.15,248,11127.0,432.869080779944,0.9610974134286021,248,0,248,FastestO
query_cycle_6_31.graph,4,0.2,309,11127.0,323.076923076923,0.9709645975485824,309,0,309,FastestO
query_cycle_6_31.graph,4,0.3,416,11127.0,419.675925925926,0.9622831018310484,416,0,416,FastestO
query_cycle_6_31.graph,4,0.4,504,11127.0,606.399583766909,0.9455019696443866,504,0,504,FastestO
query_cycle_6_31.graph,4,0.5,590,11127.0,409.943181818182,0.9631577979852447,590,0,590,FastestO
query_cycle_6_31.graph,4,0.6,681,11127.0,434.806939003917,0.9609232552346619,681,0,681,FastestO
query_cycle_6_31.graph,4,0.7,776,11127.0,442.735042735043,0.9602107447887982,776,0,776,FastestO
query_cycle_6_31.graph,4,0.8,873,11127.0,421.735882880191,0.9620979704430492,873,0,873,FastestO
query_cycle_6_31.graph,4,0.9,500,11127.0,289.532520325203,0.9739792827963329,500,0,500,FastestO
query_cycle_6_31.graph,5,0.01,20,11127.0,0,1,20,0,20,FastestO
query_cycle_6_31.graph,5,0.05,80,11127.0,354.794520547945,0.9681140900019821,80,0,80,FastestO
query_cycle_6_31.graph,5,0.075,126,11127.0,367.375886524823,0.9669833839736837,126,0,126,FastestO
query_cycle_6_31.graph,5,0.1,168,11127.0,259,0.976723285701447,168,0,168,FastestO
query_cycle_6_31.graph,5,0.15,248,11127.0,509.269662921348,0.9542311797500361,248,0,248,FastestO
query_cycle_6_31.graph,5,0.2,309,11127.0,443.683083511777,0.9601255429575107,309,0,309,FastestO
query_cycle_6_31.graph,5,0.3,416,11127.0,535.862068965517,0.9518412807616142,416,0,416,FastestO
query_cycle_6_31.graph,5,0.4,504,11127.0,466.099221789883,0.9581109713498801,504,0,504,FastestO
query_cycle_6_31.graph,5,0.5,590,11127.0,460.785767234989,0.9585884993947166,590,0,590,FastestO
query_cycle_6_31.graph,5,0.6,681,11127.0,458.207656612529,0.9588201980217014,681,0,681,FastestO
query_cycle_6_31.graph,5,0.7,776,11127.0,488.565440149045,0.9560918989710574,776,0,776,FastestO
query_cycle_6_31.graph,5,0.8,873,11127.0,463.428093645485,0.958351029599579,873,0,873,FastestO
query_cycle_6_31.graph,5,0.9,500,11127.0,493.086172344689,0.9556856140608709,500,0,500,FastestO
query_cycle_6_32.graph,1,0.01,102,71541.0,769.907692307692,0.9892382313315764,102,0,102,FastestO
query_cycle_6_32.graph,1,0.05,345,71541.0,714.276538804639,0.990015843519036,345,0,345,FastestO
query_cycle_6_32.graph,1,0.075,428,71541.0,559.541579315164,0.9921787285708172,428,0,428,FastestO
query_cycle_6_32.graph,1,0.1,494,71541.0,643.307980717729,0.9910078419267591,494,0,494,FastestO
query_cycle_6_32.graph,1,0.15,611,71541.0,623.358505254963,0.99128669566745,611,0,611,FastestO
query_cycle_6_32.graph,1,0.2,696,71541.0,1251.96942321056,0.9824999731173653,696,0,696,FastestO
query_cycle_6_32.graph,1,0.3,814,71541.0,705.800922158937,0.9901343156768996,814,0,814,FastestO
query_cycle_6_32.graph,1,0.4,900,71541.0,783.377532228361,0.9890499499276169,900,0,900,FastestO
query_cycle_6_32.graph,1,0.5,984,71541.0,562.630797028709,0.992135547489849,984,0,984,FastestO
query_cycle_6_32.graph,1,0.6,1059,71541.0,788.376655925528,0.9889800721834259,1059,0,1059,FastestO
query_cycle_6_32.graph,1,0.7,1127,71541.0,660.439277297722,0.9907683806866312,1127,0,1127,FastestO
query_cycle_6_32.graph,1,0.8,1169,71541.0,858.072259644826,0.9880058671301095,1169,0,1169,FastestO
query_cycle_6_32.graph,1,0.9,500,71541.0,880.862486248625,0.9876873053738608,500,0,500,FastestO
query_cycle_6_32.graph,2,0.01,102,71541.0,0,1,102,0,102,FastestO
query_cycle_6_32.graph,2,0.05,345,71541.0,555.016635859519,0.9922419782242419,345,0,345,FastestO
query_cycle_6_32.graph,2,0.075,428,71541.0,276.295376121463,0.9961379436110558,428,0,428,FastestO
query_cycle_6_32.graph,2,0.1,494,71541.0,327.084967320261,0.9954280067748528,494,0,494,FastestO
query_cycle_6_32.graph,2,0.15,611,71541.0,506.774683544304,0.9929163041676198,611,0,611,FastestO
query_cycle_6_32.graph,2,0.2,696,71541.0,844.898701298701,0.988190007110626,696,0,696,FastestO
query_cycle_6_32.graph,2,0.3,814,71541.0,366.958753437214,0.9948706510471309,814,0,814,FastestO
query_cycle_6_32.graph,2,0.4,900,71541.0,646.175697486742,0.9909677569856901,900,0,900,FastestO
query_cycle_6_32.graph,2,0.5,984,71541.0,858.956894870295,0.9879935017001399,984,0,984,FastestO
query_cycle_6_32.graph,2,0.6,1059,71541.0,554.888426888427,0.9922437703290641,1059,0,1059,FastestO
query_cycle_6_32.graph,2,0.7,1127,71541.0,716.193202146691,0.9899890524014664,1127,0,1127,FastestO
query_cycle_6_32.graph,2,0.8,1169,71541.0,642.668705090965,0.9910167777205943,1169,0,1169,FastestO
query_cycle_6_32.graph,2,0.9,500,71541.0,753.75578267886,0.9894640027022427,500,0,500,FastestO
query_cycle_6_32.graph,3,0.01,102,71541.0,667.253333333333,0.9906731338206997,102,0,102,FastestO
query_cycle_6_32.graph,3,0.05,345,71541.0,851.08843537415,0.9881034870161983,345,0,345,FastestO
query_cycle_6_32.graph,3,0.075,428,71541.0,378.882018927445,0.9947039876584415,428,0,428,FastestO
query_cycle_6_32.graph,3,0.1,494,71541.0,768.640702139331,0.9892559413184143,494,0,494,FastestO
query_cycle_6_32.graph,3,0.15,611,71541.0,881.479583666934,0.987678679586993,611,0,611,FastestO
query_cycle_6_32.graph,3,0.2,696,71541.0,678.562711864407,0.9905150513430844,696,0,696,FastestO
query_cycle_6_32.graph,3,0.3,814,71541.0,769.315910837817,0.9892465032521517,814,0,814,FastestO
query_cycle_6_32.graph,3,0.4,900,71541.0,791.209486166008,0.9889404748862051,900,0,900,FastestO
query_cycle_6_32.graph,3,0.5,984,71541.0,695.908384458078,0.9902725935553308,984,0,984,FastestO
query_cycle_6_32.graph,3,0.6,1059,71541.0,619.846550834337,0.9913357857615307,1059,0,1059,FastestO
query_cycle_6_32.graph,3,0.7,1127,71541.0,584.265931571266,0.9918331316088499,1127,0,1127,FastestO
query_cycle_6_32.graph,3,0.8,1169,71541.0,718.372288968638,0.9899585931288544,1169,0,1169,FastestO
query_cycle_6_32.graph,3,0.9,500,71541.0,617.509511568123,0.9913684528931924,500,0,500,FastestO
query_cycle_6_32.graph,4,0.01,102,71541.0,761.125475285171,0.989360989149087,102,0,102,FastestO
query_cycle_6_32.graph,4,0.05,345,71541.0,909.890909090909,0.9872815461191357,345,0,345,FastestO
query_cycle_6_32.graph,4,0.075,428,71541.0,680.87074829932,0.9904827896129588,428,0,428,FastestO
query_cycle_6_32.graph,4,0.1,494,71541.0,562.924634420697,0.9921314402311865,494,0,494,FastestO
query_cycle_6_32.graph,4,0.15,611,71541.0,586.044332915098,0.9918082731173019,611,0,611,FastestO
query_cycle_6_32.graph,4,0.2,696,71541.0,751.129455909944,0.9895007134942209,696,0,696,FastestO
query_cycle_6_32.graph,4,0.3,814,71541.0,857.973747656041,0.988007244130554,814,0,814,FastestO
query_cycle_6_32.graph,4,0.4,900,71541.0,1006.39118984917,0.9859326653268869,900,0,900,FastestO
query_cycle_6_32.graph,4,0.5,984,71541.0,840.754486445208,0.9882479349401713,984,0,984,FastestO
query_cycle_6_32.graph,4,0.6,1059,71541.0,731.904936014625,0.989769433806983,1059,0,1059,FastestO
query_cycle_6_32.graph,4,0.7,1127,71541.0,663.216364160184,0.9907295625702719,1127,0,1127,FastestO
query_cycle_6_32.graph,4,0.8,1169,71541.0,486.01153262519,0.9932065314627251,1169,0,1169,FastestO
query_cycle_6_32.graph,4,0.9,500,71541.0,700.324198250729,0.9902108693161861,500,0,500,FastestO
query_cycle_6_32.graph,5,0.01,102,71541.0,0,1,102,0,102,FastestO
query_cycle_6_32.graph,5,0.05,345,71541.0,725.932910244787,0.9898529107750133,345,0,345,FastestO
query_cycle_6_32.graph,5,0.075,428,71541.0,1265.33501896334,0.9823131488382419,428,0,428,FastestO
query_cycle_6_32.graph,5,0.1,494,71541.0,1285.08049382716,0.9820371466176435,494,0,494,FastestO
query_cycle_6_32.graph,5,0.15,611,71541.0,1209.06606266516,0.9830996762322982,611,0,611,FastestO
query_cycle_6_32.graph,5,0.2,696,71541.0,908.41620745543,0.9873021594965763,696,0,696,FastestO
query_cycle_6_32.graph,5,0.3,814,71541.0,884.430044182621,0.9876374380539464,814,0,814,FastestO
query_cycle_6_32.graph,5,0.4,900,71541.0,594.401096391046,0.9916914622888827,900,0,900,FastestO
query_cycle_6_32.graph,5,0.5,984,71541.0,979.334637964775,0.986310861772064,984,0,984,FastestO
query_cycle_6_32.graph,5,0.6,1059,71541.0,658.701766539661,0.9907926676096273,1059,0,1059,FastestO
query_cycle_6_32.graph,5,0.7,1127,71541.0,676.468997942991,0.9905443172734097,1127,0,1127,FastestO
query_cycle_6_32.graph,5,0.8,1169,71541.0,854.96583143508,0.9880492887793701,1169,0,1169,FastestO
query_cycle_6_32.graph,5,0.9,500,71541.0,1087.32210755024,0.9848014130701241,500,0,500,FastestO
query_cycle_6_33.graph,1,0.01,212,823186.0,4336.99524940618,0.9947314516410554,212,0,212,FastestO
query_cycle_6_33.graph,1,0.05,694,823186.0,23852.057478772,0.9710247046490441,694,0,694,FastestO
query_cycle_6_33.graph,1,0.075,863,823186.0,19719.8085419735,0.9760445287675282,863,0,863,FastestO
query_cycle_6_33.graph,1,0.1,1034,823186.0,17084.2105263158,0.9792462328971632,1034,0,1034,FastestO
query_cycle_6_33.graph,1,0.15,1281,823186.0,19460.736677116,0.9763592472696134,1281,0,1281,FastestO
query_cycle_6_33.graph,1,0.2,1541,823186.0,17189.6383467279,0.9791181599945481,1541,0,1541,FastestO
query_cycle_6_33.graph,1,0.3,2056,823186.0,21767.2941176471,0.9735572590913267,2056,0,2056,FastestO
query_cycle_6_33.graph,1,0.4,2398,823186.0,14941.3395398482,0.9818493760342764,2398,0,2398,FastestO
query_cycle_6_33.graph,1,0.5,2670,823186.0,19278.8441824705,0.9765802088683838,2670,0,2670,FastestO
query_cycle_6_33.graph,1,0.6,2883,823186.0,18881.127920337,0.9770633515143151,2883,0,2883,FastestO
query_cycle_6_33.graph,1,0.7,3035,823186.0,19639.7158465317,0.976141824755849,3035,0,3035,FastestO
query_cycle_6_33.graph,1,0.8,3190,823186.0,17338.9063254466,0.9789368304059511,3190,0,3190,FastestO
query_cycle_6_33.graph,1,0.9,500,823186.0,16063.4164222874,0.9804862856969295,500,0,500,FastestO
query_cycle_6_33.graph,2,0.01,212,823186.0,8492.44186046512,0.9896834471669038,212,0,212,FastestO
query_cycle_6_33.graph,2,0.05,694,823186.0,17236.0761485211,0.9790617477113058,694,0,694,FastestO
query_cycle_6_33.graph,2,0.075,863,823186.0,20431.9684638861,0.9751794023903637,863,0,863,FastestO
query_cycle_6_33.graph,2,0.1,1034,823186.0,21793.3606863111,0.9735255936248782,1034,0,1034,FastestO
query_cycle_6_33.graph,2,0.15,1281,823186.0,18901.397515528,0.9770387281665044,1281,0,1281,FastestO
query_cycle_6_33.graph,2,0.2,1541,823186.0,13653.7219578518,0.9834135639359127,1541,0,1541,FastestO
query_cycle_6_33.graph,2,0.3,2056,823186.0,14519.336084021,0.9823620225756743,2056,0,2056,FastestO
query_cycle_6_33.graph,2,0.4,2398,823186.0,17678.7991498406,0.9785239312259434,2398,0,2398,FastestO
query_cycle_6_33.graph,2,0.5,2670,823186.0,16592.159733441,0.9798439724030279,2670,0,2670,FastestO
query_cycle_6_33.graph,2,0.6,2883,823186.0,17286.7765273312,0.9790001572823989,2883,0,2883,FastestO
query_cycle_6_33.graph,2,0.7,3035,823186.0,18595.0097598235,0.977410925647638,3035,0,3035,FastestO
query_cycle_6_33.graph,2,0.8,3190,823186.0,19033.6932241251,0.9768780163606705,3190,0,3190,FastestO
query_cycle_6_33.graph,2,0.9,500,823186.0,11978.5613870665,0.9854485360695316,500,0,500,FastestO
query_cycle_6_33.graph,3,0.01,212,823186.0,12420.9183673469,0.9849111642237028,212,0,212,FastestO
query_cycle_6_33.graph,3,0.05,694,823186.0,16875,0.9795003802299844,694,0,694,FastestO
query_cycle_6_33.graph,3,0.075,863,823186.0,14643.6090225564,0.9822110567689971,863,0,863,FastestO
query_cycle_6_33.graph,3,0.1,1034,823186.0,19539.6848989298,0.9762633415790236,1034,0,1034,FastestO
query_cycle_6_33.graph,3,0.15,1281,823186.0,17921.4058891455,0.9782292144313127,1281,0,1281,FastestO
query_cycle_6_33.graph,3,0.2,1541,823186.0,21315.3747373336,0.9741062472669195,1541,0,1541,FastestO
query_cycle_6_33.graph,3,0.3,2056,823186.0,18024.1499529928,0.978104401735461,2056,0,2056,FastestO
query_cycle_6_33.graph,3,0.4,2398,823186.0,16977.3118074131,0.9793760926359133,2398,0,2398,FastestO
query_cycle_6_33.graph,3,0.5,2670,823186.0,16050.4319490755,0.9805020591347819,2670,0,2670,FastestO
query_cycle_6_33.graph,3,0.6,2883,823186.0,20726.8381068809,0.9748211970236607,2883,0,2883,FastestO
query_cycle_6_33.graph,3,0.7,3035,823186.0,18460.4184367035,0.9775744261482782,3035,0,3035,FastestO
query_cycle_6_33.graph,3,0.8,3190,823186.0,15276.921289123,0.9814417139150532,3190,0,3190,FastestO
query_cycle_6_33.graph,3,0.9,500,823186.0,16802.5306748466,0.979588415406911,500,0,500,FastestO
query_cycle_6_33.graph,4,0.01,212,823186.0,13762.8768844221,0.9832809633734999,212,0,212,FastestO
query_cycle_6_33.graph,4,0.05,694,823186.0,13737.7735978112,0.9833114586523444,694,0,694,FastestO
query_cycle_6_33.graph,4,0.075,863,823186.0,18804.9901912702,0.9771558430400052,863,0,863,FastestO
query_cycle_6_33.graph,4,0.1,1034,823186.0,21420.0546116505,0.9739790829634487,1034,0,1034,FastestO
query_cycle_6_33.graph,4,0.15,1281,823186.0,19304.4052863436,0.9765491574366624,1281,0,1281,FastestO
query_cycle_6_33.graph,4,0.2,1541,823186.0,18361.2312909261,0.9776949179275084,1541,0,1541,FastestO
query_cycle_6_33.graph,4,0.3,2056,823186.0,19811.069411415,0.9759336657676212,2056,0,2056,FastestO
query_cycle_6_33.graph,4,0.4,2398,823186.0,16201.3947976176,0.9803186706314034,2398,0,2398,FastestO
query_cycle_6_33.graph,4,0.5,2670,823186.0,17930.3416373785,0.9782183593533192,2670,0,2670,FastestO
query_cycle_6_33.graph,4,0.6,2883,823186.0,17440.99756691,0.9788128107536935,2883,0,2883,FastestO
query_cycle_6_33.graph,4,0.7,3035,823186.0,18866.4986872194,0.9770811229938077,3035,0,3035,FastestO
query_cycle_6_33.graph,4,0.8,3190,823186.0,17792.416502947,0.9783859097422126,3190,0,3190,FastestO
query_cycle_6_33.graph,4,0.9,500,823186.0,14633.0142475512,0.9822239272199099,500,0,500,FastestO
query_cycle_6_33.graph,5,0.01,212,823186.0,13797.5440806045,0.9832388499311158,212,0,212,FastestO
query_cycle_6_33.graph,5,0.05,694,823186.0,14491.0714285714,0.9823963582609866,694,0,694,FastestO
query_cycle_6_33.graph,5,0.075,863,823186.0,17389.2857142857,0.978875629913184,863,0,863,FastestO
query_cycle_6_33.graph,5,0.1,1034,823186.0,18936.0789788592,0.9769965973924979,1034,0,1034,FastestO
query_cycle_6_33.graph,5,0.15,1281,823186.0,14975.2809842041,0.9818081442296102,1281,0,1281,FastestO
query_cycle_6_33.graph,5,0.2,1541,823186.0,22159.6920082436,0.9730805771620951,1541,0,1541,FastestO
query_cycle_6_33.graph,5,0.3,2056,823186.0,18138.7551581843,0.9779651802166408,2056,0,2056,FastestO
query_cycle_6_33.graph,5,0.4,2398,823186.0,14889.0154694808,0.9819129389111565,2398,0,2398,FastestO
query_cycle_6_33.graph,5,0.5,2670,823186.0,17717.6935517529,0.9784766826066612,2670,0,2670,FastestO
query_cycle_6_33.graph,5,0.6,2883,823186.0,17794.7558976227,0.9783830678636143,2883,0,2883,FastestO
query_cycle_6_33.graph,5,0.7,3035,823186.0,16635.2707946685,0.9797916014185513,3035,0,3035,FastestO
query_cycle_6_33.graph,5,0.8,3190,823186.0,17400.15231995,0.9788624292444842,3190,0,3190,FastestO
query_cycle_6_33.graph,5,0.9,500,823186.0,20650.8011310085,0.9749135661551479,500,0,500,FastestO
query_cycle_6_35.graph,1,0.01,210,30316.0,192.290697674419,0.9936571217286443,210,0,210,FastestO
query_cycle_6_35.graph,1,0.05,522,30316.0,228.622119815668,0.9924586977234573,522,0,522,FastestO
query_cycle_6_35.graph,1,0.075,672,30316.0,232.915492957746,0.9923170770234284,672,0,672,FastestO
query_cycle_6_35.graph,1,0.1,773,30316.0,382.911722141823,0.9873693191007447,773,0,773,FastestO
query_cycle_6_35.graph,1,0.15,929,30316.0,269.520372526193,0.9911096327838042,929,0,929,FastestO
query_cycle_6_35.graph,1,0.2,1066,30316.0,165.37,0.9945451246866341,1066,0,1066,FastestO
query_cycle_6_35.graph,1,0.3,1406,30316.0,236.750178954903,0.9921905865234562,1406,0,1406,FastestO
query_cycle_6_35.graph,1,0.4,1599,30316.0,223.747847478475,0.992619479895815,1599,0,1599,FastestO
query_cycle_6_35.graph,1,0.5,1766,30316.0,159.520900321543,0.9947380623986825,1766,0,1766,FastestO
query_cycle_6_35.graph,1,0.6,1916,30316.0,345.893426294821,0.9885904002409678,1916,0,1916,FastestO
query_cycle_6_35.graph,1,0.7,2046,30316.0,245.561020881671,0.9918999531309649,2046,0,2046,FastestO
query_cycle_6_35.graph,1,0.8,2141,30316.0,224.515910055155,0.9925941446742593,2141,0,2141,FastestO
query_cycle_6_35.graph,1,0.9,500,30316.0,402.360097323601,0.9867277972910805,500,0,500,FastestO
query_cycle_6_35.graph,2,0.01,210,30316.0,0,1,210,0,210,FastestO
query_cycle_6_35.graph,2,0.05,522,30316.0,236.242857142857,0.9922073209809059,522,0,522,FastestO
query_cycle_6_35.graph,2,0.075,672,30316.0,115.643356643357,0.9961854018787651,672,0,672,FastestO
query_cycle_6_35.graph,2,0.1,773,30316.0,201.363774733638,0.9933578382790066,773,0,773,FastestO
query_cycle_6_35.graph,2,0.15,929,30316.0,199.722222222222,0.9934119863365146,929,0,929,FastestO
query_cycle_6_35.graph,2,0.2,1066,30316.0,295.890656063618,0.9902397857216118,1066,0,1066,FastestO
query_cycle_6_35.graph,2,0.3,1406,30316.0,116.622002820874,0.9961531203713923,1406,0,1406,FastestO
query_cycle_6_35.graph,2,0.4,1599,30316.0,204.286596664608,0.9932614264195603,1599,0,1599,FastestO
query_cycle_6_35.graph,2,0.5,1766,30316.0,269.771615008157,0.99110134532893,1766,0,1766,FastestO
query_cycle_6_35.graph,2,0.6,1916,30316.0,130.598223099704,0.995692102417875,1916,0,1916,FastestO
query_cycle_6_35.graph,2,0.7,2046,30316.0,204.883185840708,0.9932417473993698,2046,0,2046,FastestO
query_cycle_6_35.graph,2,0.8,2141,30316.0,238.548154433602,0.9921312787164005,2141,0,2141,FastestO
query_cycle_6_35.graph,2,0.9,500,30316.0,390.02358490566,0.9871347280345145,500,0,500,FastestO
query_cycle_6_35.graph,3,0.01,210,30316.0,188.994285714286,0.9937658567847247,210,0,210,FastestO
query_cycle_6_35.graph,3,0.05,522,30316.0,146.995555555556,0.9951512219436747,522,0,522,FastestO
query_cycle_6_35.graph,3,0.075,672,30316.0,351.851063829787,0.9883938823119874,672,0,672,FastestO
query_cycle_6_35.graph,3,0.1,773,30316.0,95.7279305354559,0.9968423297751862,773,0,773,FastestO
query_cycle_6_35.graph,3,0.15,929,30316.0,164.342857142857,0.9945790058997607,929,0,929,FastestO
query_cycle_6_35.graph,3,0.2,1066,30316.0,201.261663286004,0.9933612065151733,1066,0,1066,FastestO
query_cycle_6_35.graph,3,0.3,1406,30316.0,267.313739897134,0.9911824205074174,1406,0,1406,FastestO
query_cycle_6_35.graph,3,0.4,1599,30316.0,210.394402035623,0.9930599550720536,1599,0,1599,FastestO
query_cycle_6_35.graph,3,0.5,1766,30316.0,126.030484485574,0.9958427733050015,1766,0,1766,FastestO
query_cycle_6_35.graph,3,0.6,1916,30316.0,201.465989847716,0.9933544666233106,1916,0,1916,FastestO
query_cycle_6_35.graph,3,0.7,2046,30316.0,131.072655217966,0.9956764528559847,2046,0,2046,FastestO
query_cycle_6_35.graph,3,0.8,2141,30316.0,295.8066439523,0.9902425569352059,2141,0,2141,FastestO
query_cycle_6_35.graph,3,0.9,500,30316.0,494.872817955112,0.9836761836009001,500,0,500,FastestO
query_cycle_6_35.graph,4,0.01,210,30316.0,0,1,210,0,210,FastestO
query_cycle_6_35.graph,4,0.05,522,30316.0,304.128735632184,0.9899680454007064,522,0,522,FastestO
query_cycle_6_35.graph,4,0.075,672,30316.0,173.768826619965,0.9942680819824526,672,0,672,FastestO
query_cycle_6_35.graph,4,0.1,773,30316.0,143.591895803184,0.9952634946627793,773,0,773,FastestO
query_cycle_6_35.graph,4,0.15,929,30316.0,239.377563329312,0.9921039199324017,929,0,929,FastestO
query_cycle_6_35.graph,4,0.2,1066,30316.0,198.047904191617,0.9934672151935738,1066,0,1066,FastestO
query_cycle_6_35.graph,4,0.3,1406,30316.0,91.5543252595156,0.9969799998265102,1406,0,1406,FastestO
query_cycle_6_35.graph,4,0.4,1599,30316.0,206.068535825545,0.9932026475845908,1599,0,1599,FastestO
query_cycle_6_35.graph,4,0.5,1766,30316.0,224.865722379603,0.9925826058061881,1766,0,1766,FastestO
query_cycle_6_35.graph,4,0.6,1916,30316.0,211.491392031481,0.9930237698894485,1916,0,1916,FastestO
query_cycle_6_35.graph,4,0.7,2046,30316.0,175.071901191001,0.99422509891836,2046,0,2046,FastestO
query_cycle_6_35.graph,4,0.8,2141,30316.0,208.012578616352,0.9931385216184078,2141,0,2141,FastestO
query_cycle_6_35.graph,4,0.9,500,30316.0,404.327628361858,0.9866628965443377,500,0,500,FastestO
query_cycle_6_35.graph,5,0.01,210,30316.0,396.095808383234,0.9869344303871476,210,0,210,FastestO
query_cycle_6_35.graph,5,0.05,522,30316.0,293.991111111111,0.9903024438873496,522,0,522,FastestO
query_cycle_6_35.graph,5,0.075,672,30316.0,344.520833333333,0.9886356764304878,672,0,672,FastestO
query_cycle_6_35.graph,5,0.1,773,30316.0,143.8,0.9952566301622906,773,0,773,FastestO
query_cycle_6_35.graph,5,0.15,929,30316.0,199.001203369434,0.9934357697793431,929,0,929,FastestO
query_cycle_6_35.graph,5,0.2,1066,30316.0,168.572884811417,0.9944394747060491,1066,0,1066,FastestO
query_cycle_6_35.graph,5,0.3,1406,30316.0,172.004457652303,0.9943262812490994,1406,0,1406,FastestO
query_cycle_6_35.graph,5,0.4,1599,30316.0,227.525953721076,0.9924948557289525,1599,0,1599,FastestO
query_cycle_6_35.graph,5,0.5,1766,30316.0,290.600768808347,0.9904142773186322,1766,0,1766,FastestO
query_cycle_6_35.graph,5,0.6,1916,30316.0,147.432392273403,0.995136812499228,1916,0,1916,FastestO
query_cycle_6_35.graph,5,0.7,2046,30316.0,114.541991341991,0.9962217313846817,2046,0,2046,FastestO
query_cycle_6_35.graph,5,0.8,2141,30316.0,190.942680412371,0.9937015872670414,2141,0,2141,FastestO
query_cycle_6_35.graph,5,0.9,500,30316.0,580.245614035088,0.9808600866197689,500,0,500,FastestO
query_cycle_6_36.graph,1,0.01,242,1548499.0,19427.7819905213,0.9874537975222966,242,0,242,FastestO
query_cycle_6_36.graph,1,0.05,562,1548499.0,22731.5822550832,0.9853202473782139,562,0,562,FastestO
query_cycle_6_36.graph,1,0.075,798,1548499.0,25461.2546583851,0.9835574613490966,798,0,798,FastestO
query_cycle_6_36.graph,1,0.1,962,1548499.0,15483.5203021719,0.9900009491112544,962,0,962,FastestO
query_cycle_6_36.graph,1,0.15,1253,1548499.0,13008.9414668547,0.9915989991166577,1253,0,1253,FastestO
query_cycle_6_36.graph,1,0.2,1608,1548499.0,14953.014069828,0.9903435429601001,1608,0,1608,FastestO
query_cycle_6_36.graph,1,0.3,2289,1548499.0,21109.8139684583,0.9863675637062354,2289,0,2289,FastestO
query_cycle_6_36.graph,1,0.4,2873,1548499.0,19931.5818476499,0.9871284502943496,2873,0,2873,FastestO
query_cycle_6_36.graph,1,0.5,3372,1548499.0,20532.9760286225,0.9867400779537975,3372,0,3372,FastestO
query_cycle_6_36.graph,1,0.6,3784,1548499.0,14633.8217980475,0.9905496730717633,3784,0,3784,FastestO
query_cycle_6_36.graph,1,0.7,4151,1548499.0,21282.1110223642,0.9862562965669567,4151,0,4151,FastestO
query_cycle_6_36.graph,1,0.8,4418,1548499.0,22013.3144991828,0.9857840951145704,4418,0,4418,FastestO
query_cycle_6_36.graph,1,0.9,500,1548499.0,8930.85403050109,0.994232573588681,500,0,500,FastestO
query_cycle_6_36.graph,2,0.01,242,1548499.0,0,1,242,0,242,FastestO
query_cycle_6_36.graph,2,0.05,562,1548499.0,19784.083011583,0.9872237030753117,562,0,562,FastestO
query_cycle_6_36.graph,2,0.075,798,1548499.0,7489.51644336175,0.9951633701775967,798,0,798,FastestO
query_cycle_6_36.graph,2,0.1,962,1548499.0,17151.7238493724,0.9889236455113162,962,0,962,FastestO
query_cycle_6_36.graph,2,0.15,1253,1548499.0,27594.1346297681,0.9821800759123719,1253,0,1253,FastestO
query_cycle_6_36.graph,2,0.2,1608,1548499.0,24150.3652663934,0.984404016233531,1608,0,1608,FastestO
query_cycle_6_36.graph,2,0.3,2289,1548499.0,18184.3054499366,0.9882568180864588,2289,0,2289,FastestO
query_cycle_6_36.graph,2,0.4,2873,1548499.0,20533.6438979964,0.9867396466526641,2873,0,2873,FastestO
query_cycle_6_36.graph,2,0.5,3372,1548499.0,20268.2917181706,0.9869110075510733,3372,0,3372,FastestO
query_cycle_6_36.graph,2,0.6,3784,1548499.0,19278.4044490893,0.9875502635461249,3784,0,3784,FastestO
query_cycle_6_36.graph,2,0.7,4151,1548499.0,13964.1778955337,0.9909821201721579,4151,0,4151,FastestO
query_cycle_6_36.graph,2,0.8,4418,1548499.0,22268.7181818182,0.9856191588229516,4418,0,4418,FastestO
query_cycle_6_36.graph,2,0.9,500,1548499.0,21712.1927966102,0.9859785554936683,500,0,500,FastestO
query_cycle_6_36.graph,3,0.01,242,1548499.0,8540.12916666667,0.9944848984941762,242,0,242,FastestO
query_cycle_6_36.graph,3,0.05,562,1548499.0,35611.3494208494,0.9770026655355609,562,0,562,FastestO
query_cycle_6_36.graph,3,0.075,798,1548499.0,13105.057544757,0.9915369286355644,798,0,798,FastestO
query_cycle_6_36.graph,3,0.1,962,1548499.0,23763.8376811594,0.9846536305924903,962,0,962,FastestO
query_cycle_6_36.graph,3,0.15,1253,1548499.0,22039.0430107527,0.9857674799849708,1253,0,1253,FastestO
query_cycle_6_36.graph,3,0.2,1608,1548499.0,20188.1747019181,0.9869627460515518,1608,0,1608,FastestO
query_cycle_6_36.graph,3,0.3,2289,1548499.0,15154.3881700555,0.9902134982521427,2289,0,2289,FastestO
query_cycle_6_36.graph,3,0.4,2873,1548499.0,23354.7252910577,0.9849178299171922,2873,0,2873,FastestO
query_cycle_6_36.graph,3,0.5,3372,1548499.0,22075.2517342096,0.9857440968743219,3372,0,3372,FastestO
query_cycle_6_36.graph,3,0.6,3784,1548499.0,19222.7995310668,0.9875861724605138,3784,0,3784,FastestO
query_cycle_6_36.graph,3,0.7,4151,1548499.0,19355.8823379275,0.9875002293589291,4151,0,4151,FastestO
query_cycle_6_36.graph,3,0.8,4418,1548499.0,21575.0631578947,0.9860671119852873,4418,0,4418,FastestO
query_cycle_6_36.graph,3,0.9,500,1548499.0,14233.5486111111,0.9908081641569604,500,0,500,FastestO
query_cycle_6_36.graph,4,0.01,242,1548499.0,9760.14761904762,0.993697026850487,242,0,242,FastestO
query_cycle_6_36.graph,4,0.05,562,1548499.0,15888.6124031008,0.9897393460356766,562,0,562,FastestO
query_cycle_6_36.graph,4,0.075,798,1548499.0,15449.4798994975,0.9900229319492635,798,0,798,FastestO
query_cycle_6_36.graph,4,0.1,962,1548499.0,12485.061928934,0.9919373135346332,962,0,962,FastestO
query_cycle_6_36.graph,4,0.15,1253,1548499.0,30183.9067321178,0.9805076356315905,1253,0,1253,FastestO
query_cycle_6_36.graph,4,0.2,1608,1548499.0,22198.1696750903,0.9856647181076059,1608,0,1608,FastestO
query_cycle_6_36.graph,4,0.3,2289,1548499.0,21762.4913127413,0.9859460733828428,2289,0,2289,FastestO
query_cycle_6_36.graph,4,0.4,2873,1548499.0,19731.1272599202,0.9872579011934007,2873,0,2873,FastestO
query_cycle_6_36.graph,4,0.5,3372,1548499.0,24195.2505812914,0.9843750298958597,3372,0,3372,FastestO
query_cycle_6_36.graph,4,0.6,3784,1548499.0,18184.6960902256,0.9882565658161706,3784,0,3784,FastestO
query_cycle_6_36.graph,4,0.7,4151,1548499.0,22569.0288571067,0.9854252221944562,4151,0,4151,FastestO
query_cycle_6_36.graph,4,0.8,4418,1548499.0,20242.1067983463,0.9869279174230359,4418,0,4418,FastestO
query_cycle_6_36.graph,4,0.9,500,1548499.0,30205.0884210526,0.9804939567794021,500,0,500,FastestO
query_cycle_6_36.graph,5,0.01,242,1548499.0,18978.0648148148,0.9877442188759471,242,0,242,FastestO
query_cycle_6_36.graph,5,0.05,562,1548499.0,3904.05904761905,0.9974788107401947,562,0,562,FastestO
query_cycle_6_36.graph,5,0.075,798,1548499.0,17039.6876484561,0.9889959969955059,798,0,798,FastestO
query_cycle_6_36.graph,5,0.1,962,1548499.0,27272.4698055271,0.9823878027654348,962,0,962,FastestO
query_cycle_6_36.graph,5,0.15,1253,1548499.0,13623.8397341211,0.9912019060172973,1253,0,1253,FastestO
query_cycle_6_36.graph,5,0.2,1608,1548499.0,18108.2805080066,0.9883059139799207,1608,0,1608,FastestO
query_cycle_6_36.graph,5,0.3,2289,1548499.0,24050.4289439374,0.9844685537776018,2289,0,2289,FastestO
query_cycle_6_36.graph,5,0.4,2873,1548499.0,17068.4052741152,0.9889774515358969,2873,0,2873,FastestO
query_cycle_6_36.graph,5,0.5,3372,1548499.0,20884.6919914194,0.9865129444762836,3372,0,3372,FastestO
query_cycle_6_36.graph,5,0.6,3784,1548499.0,21167.6261434051,0.9863302293747653,3784,0,3784,FastestO
query_cycle_6_36.graph,5,0.7,4151,1548499.0,18471.9830864198,0.9880710397059218,4151,0,4151,FastestO
query_cycle_6_36.graph,5,0.8,4418,1548499.0,18894.8557616639,0.9877979541726125,4418,0,4418,FastestO
query_cycle_6_36.graph,5,0.9,500,1548499.0,16596.2024291498,0.9892823938348363,500,0,500,FastestO
query_cycle_6_37.graph,1,0.01,108,9330.0,121.168831168831,0.9870129870129871,108,0,108,FastestO
query_cycle_6_37.graph,1,0.05,338,9330.0,413.136531365314,0.955719557195572,338,0,338,FastestO
query_cycle_6_37.graph,1,0.075,456,9330.0,320.873015873016,0.9656084656084656,456,0,456,FastestO
query_cycle_6_37.graph,1,0.1,528,9330.0,357.31914893617,0.9617021276595744,528,0,528,FastestO
query_cycle_6_37.graph,1,0.15,614,9330.0,295.149384885765,0.968365553602812,614,0,614,FastestO
query_cycle_6_37.graph,1,0.2,658,9330.0,334.845024469821,0.9641109298531811,658,0,658,FastestO
query_cycle_6_37.graph,1,0.3,783,9330.0,260.199203187251,0.9721115537848606,783,0,783,FastestO
query_cycle_6_37.graph,1,0.4,845,9330.0,292.971014492754,0.9685990338164251,845,0,845,FastestO
query_cycle_6_37.graph,1,0.5,886,9330.0,317.48627881449,0.9659714599341384,886,0,886,FastestO
query_cycle_6_37.graph,1,0.6,923,9330.0,246.304118268215,0.9736008447729673,923,0,923,FastestO
query_cycle_6_37.graph,1,0.7,946,9330.0,381.985670419652,0.9590583418628454,946,0,946,FastestO
query_cycle_6_37.graph,1,0.8,958,9330.0,292.993130520118,0.9685966633954859,958,0,958,FastestO
query_cycle_6_37.graph,1,0.9,500,9330.0,278.827586206897,0.9701149425287356,500,0,500,FastestO
query_cycle_6_37.graph,2,0.01,108,9330.0,119.615384615385,0.9871794871794871,108,0,108,FastestO
query_cycle_6_37.graph,2,0.05,338,9330.0,400.8984375,0.95703125,338,0,338,FastestO
query_cycle_6_37.graph,2,0.075,456,9330.0,241.085271317829,0.9741602067183461,456,0,456,FastestO
query_cycle_6_37.graph,2,0.1,528,9330.0,343.311688311688,0.9632034632034632,528,0,528,FastestO
query_cycle_6_37.graph,2,0.15,614,9330.0,339.272727272727,0.9636363636363635,614,0,614,FastestO
query_cycle_6_37.graph,2,0.2,658,9330.0,346.722972972973,0.9628378378378378,658,0,658,FastestO
query_cycle_6_37.graph,2,0.3,783,9330.0,222.142857142857,0.9761904761904762,783,0,783,FastestO
query_cycle_6_37.graph,2,0.4,845,9330.0,292.918604651163,0.9686046511627907,845,0,845,FastestO
query_cycle_6_37.graph,2,0.5,886,9330.0,271.162540365985,0.9709364908503767,886,0,886,FastestO
query_cycle_6_37.graph,2,0.6,923,9330.0,232.282157676349,0.975103734439834,923,0,923,FastestO
query_cycle_6_37.graph,2,0.7,946,9330.0,171.367346938776,0.9816326530612245,946,0,946,FastestO
query_cycle_6_37.graph,2,0.8,958,9330.0,284.395280235988,0.9695181907571288,958,0,958,FastestO
query_cycle_6_37.graph,2,0.9,500,9330.0,343.963133640553,0.9631336405529954,500,0,500,FastestO
query_cycle_6_37.graph,3,0.01,108,9330.0,242.337662337662,0.974025974025974,108,0,108,FastestO
query_cycle_6_37.graph,3,0.05,338,9330.0,245.526315789474,0.9736842105263158,338,0,338,FastestO
query_cycle_6_37.graph,3,0.075,456,9330.0,317.513089005236,0.9659685863874347,456,0,456,FastestO
query_cycle_6_37.graph,3,0.1,528,9330.0,372.372505543237,0.9600886917960089,528,0,528,FastestO
query_cycle_6_37.graph,3,0.15,614,9330.0,239.669724770642,0.9743119266055047,614,0,614,FastestO
query_cycle_6_37.graph,3,0.2,658,9330.0,393.338954468803,0.9578414839797639,658,0,658,FastestO
query_cycle_6_37.graph,3,0.3,783,9330.0,245.203679369251,0.973718791064389,783,0,783,FastestO
query_cycle_6_37.graph,3,0.4,845,9330.0,300.222772277228,0.9678217821782178,845,0,845,FastestO
query_cycle_6_37.graph,3,0.5,886,9330.0,344.056399132321,0.9631236442516269,886,0,886,FastestO
query_cycle_6_37.graph,3,0.6,923,9330.0,277.914893617021,0.9702127659574469,923,0,923,FastestO
query_cycle_6_37.graph,3,0.7,946,9330.0,379.196597353497,0.9593572778827978,946,0,946,FastestO
query_cycle_6_37.graph,3,0.8,958,9330.0,229.576771653543,0.9753937007874016,958,0,958,FastestO
query_cycle_6_37.graph,3,0.9,500,9330.0,221.090047393365,0.976303317535545,500,0,500,FastestO
query_cycle_6_37.graph,4,0.01,108,9330.0,121.168831168831,0.9870129870129871,108,0,108,FastestO
query_cycle_6_37.graph,4,0.05,338,9330.0,407.127272727273,0.9563636363636363,338,0,338,FastestO
query_cycle_6_37.graph,4,0.075,456,9330.0,193.87012987013,0.9792207792207791,456,0,456,FastestO
query_cycle_6_37.graph,4,0.1,528,9330.0,414.666666666667,0.9555555555555556,528,0,528,FastestO
query_cycle_6_37.graph,4,0.15,614,9330.0,308.713235294118,0.9669117647058824,614,0,614,FastestO
query_cycle_6_37.graph,4,0.2,658,9330.0,334.845024469821,0.9641109298531811,658,0,658,FastestO
query_cycle_6_37.graph,4,0.3,783,9330.0,250.870678617157,0.973111395646607,783,0,783,FastestO
query_cycle_6_37.graph,4,0.4,845,9330.0,188.149466192171,0.9798339264531435,845,0,845,FastestO
query_cycle_6_37.graph,4,0.5,886,9330.0,327.009857612267,0.9649507119386638,886,0,886,FastestO
query_cycle_6_37.graph,4,0.6,923,9330.0,347.024442082891,0.9628055260361317,923,0,923,FastestO
query_cycle_6_37.graph,4,0.7,946,9330.0,356.25386996904,0.9618163054695563,946,0,946,FastestO
query_cycle_6_37.graph,4,0.8,958,9330.0,292.742914979757,0.9686234817813765,958,0,958,FastestO
query_cycle_6_37.graph,4,0.9,500,9330.0,282.06976744186,0.969767441860465,500,0,500,FastestO
query_cycle_6_37.graph,5,0.01,108,9330.0,124.4,0.9866666666666667,108,0,108,FastestO
query_cycle_6_37.graph,5,0.05,338,9330.0,102.527472527473,0.9890109890109891,338,0,338,FastestO
query_cycle_6_37.graph,5,0.075,456,9330.0,382.769230769231,0.958974358974359,456,0,456,FastestO
query_cycle_6_37.graph,5,0.1,528,9330.0,406.535947712418,0.9564270152505446,528,0,528,FastestO
query_cycle_6_37.graph,5,0.15,614,9330.0,181.005291005291,0.980599647266314,614,0,614,FastestO
query_cycle_6_37.graph,5,0.2,658,9330.0,315,0.9662379421221865,658,0,658,FastestO
query_cycle_6_37.graph,5,0.3,783,9330.0,308.625954198473,0.9669211195928754,783,0,783,FastestO
query_cycle_6_37.graph,5,0.4,845,9330.0,332.422802850356,0.9643705463182898,845,0,845,FastestO
query_cycle_6_37.graph,5,0.5,886,9330.0,321.366666666667,0.9655555555555555,886,0,886,FastestO
query_cycle_6_37.graph,5,0.6,923,9330.0,286.924708377519,0.9692470837751855,923,0,923,FastestO
query_cycle_6_37.graph,5,0.7,946,9330.0,373.583162217659,0.959958932238193,946,0,946,FastestO
query_cycle_6_37.graph,5,0.8,958,9330.0,330.516194331984,0.9645748987854251,958,0,958,FastestO
query_cycle_6_37.graph,5,0.9,500,9330.0,219.014084507042,0.9765258215962441,500,0,500,FastestO
query_cycle_6_38.graph,1,0.01,90,165594.0,1910.86220472441,0.9884605589289202,90,0,90,FastestO
query_cycle_6_38.graph,1,0.05,240,165594.0,464.903256704981,0.9971925114635496,240,0,240,FastestO
query_cycle_6_38.graph,1,0.075,310,165594.0,1157.45389507154,0.9930102908615557,310,0,310,FastestO
query_cycle_6_38.graph,1,0.1,344,165594.0,602.930434782609,0.9963589838111127,344,0,344,FastestO
query_cycle_6_38.graph,1,0.15,432,165594.0,1018.37809483844,0.9938501510028236,432,0,432,FastestO
query_cycle_6_38.graph,1,0.2,510,165594.0,1156.40333560245,0.9930166350495643,510,0,510,FastestO
query_cycle_6_38.graph,1,0.3,681,165594.0,741.329478507528,0.9955232105118087,681,0,681,FastestO
query_cycle_6_38.graph,1,0.4,755,165594.0,576.338083121289,0.9965195714632095,755,0,755,FastestO
query_cycle_6_38.graph,1,0.5,808,165594.0,437.26036036036,0.9973594432143655,808,0,808,FastestO
query_cycle_6_38.graph,1,0.6,839,165594.0,666.600183122234,0.9959744907235635,839,0,839,FastestO
query_cycle_6_38.graph,1,0.7,852,165594.0,692.380884450785,0.9958188045191808,852,0,852,FastestO
query_cycle_6_38.graph,1,0.8,873,165594.0,505.977586656242,0.9969444690830812,873,0,873,FastestO
query_cycle_6_38.graph,1,0.9,500,165594.0,847.640586797066,0.9948812119593883,500,0,500,FastestO
query_cycle_6_38.graph,2,0.01,90,165594.0,0,1,90,0,90,FastestO
query_cycle_6_38.graph,2,0.05,240,165594.0,475.842156862745,0.9971264529097507,240,0,240,FastestO
query_cycle_6_38.graph,2,0.075,310,165594.0,1081.7808320951,0.9934672703594629,310,0,310,FastestO
query_cycle_6_38.graph,2,0.1,344,165594.0,868.262969588551,0.9947566761501713,344,0,344,FastestO
query_cycle_6_38.graph,2,0.15,432,165594.0,1249.31531531532,0.9924555520410442,432,0,432,FastestO
query_cycle_6_38.graph,2,0.2,510,165594.0,485.359,0.9970689819679457,510,0,510,FastestO
query_cycle_6_38.graph,2,0.3,681,165594.0,652.239009406796,0.9960612159292801,681,0,681,FastestO
query_cycle_6_38.graph,2,0.4,755,165594.0,591.000304414003,0.9964310282714711,755,0,755,FastestO
query_cycle_6_38.graph,2,0.5,808,165594.0,814.360738255034,0.9950821845099761,808,0,808,FastestO
query_cycle_6_38.graph,2,0.6,839,165594.0,847.731694209324,0.994880661773921,839,0,839,FastestO
query_cycle_6_38.graph,2,0.7,852,165594.0,726.190016322089,0.9956146356974159,852,0,852,FastestO
query_cycle_6_38.graph,2,0.8,873,165594.0,841.385091629519,0.99491898805736,873,0,873,FastestO
query_cycle_6_38.graph,2,0.9,500,165594.0,160.131639722864,0.9990329864625358,500,0,500,FastestO
query_cycle_6_38.graph,3,0.01,90,165594.0,2333.45673076923,0.9859085671535851,90,0,90,FastestO
query_cycle_6_38.graph,3,0.05,240,165594.0,499.854788877446,0.996981443839285,240,0,240,FastestO
query_cycle_6_38.graph,3,0.075,310,165594.0,0,1,310,0,310,FastestO
query_cycle_6_38.graph,3,0.1,344,165594.0,0,1,344,0,344,FastestO
query_cycle_6_38.graph,3,0.15,432,165594.0,585.004821213339,0.9964672341919796,432,0,432,FastestO
query_cycle_6_38.graph,3,0.2,510,165594.0,725.06573050493,0.9956214251089718,510,0,510,FastestO
query_cycle_6_38.graph,3,0.3,681,165594.0,753.809357406329,0.9954478461936644,681,0,681,FastestO
query_cycle_6_38.graph,3,0.4,755,165594.0,524.874555847366,0.9968303528156371,755,0,755,FastestO
query_cycle_6_38.graph,3,0.5,808,165594.0,999.313747228381,0.9939652780461347,808,0,808,FastestO
query_cycle_6_38.graph,3,0.6,839,165594.0,1000.44552414605,0.9939584433968257,839,0,839,FastestO
query_cycle_6_38.graph,3,0.7,852,165594.0,782.10124882503,0.995276995248469,852,0,852,FastestO
query_cycle_6_38.graph,3,0.8,873,165594.0,874.884498058791,0.9947166896260807,873,0,873,FastestO
query_cycle_6_38.graph,3,0.9,500,165594.0,439.636775362319,0.9973450923622698,500,0,500,FastestO
query_cycle_6_38.graph,4,0.01,90,165594.0,0,1,90,0,90,FastestO
query_cycle_6_38.graph,4,0.05,240,165594.0,485.359,0.9970689819679457,240,0,240,FastestO
query_cycle_6_38.graph,4,0.075,310,165594.0,0,1,310,0,310,FastestO
query_cycle_6_38.graph,4,0.1,344,165594.0,887.851829268293,0.9946383816486811,344,0,344,FastestO
query_cycle_6_38.graph,4,0.15,432,165594.0,758.077313549395,0.9954220725778143,432,0,432,FastestO
query_cycle_6_38.graph,4,0.2,510,165594.0,1035.98505869797,0.9937438249049002,510,0,510,FastestO
query_cycle_6_38.graph,4,0.3,681,165594.0,195.788221056878,0.9988176611407608,681,0,681,FastestO
query_cycle_6_38.graph,4,0.4,755,165594.0,407.112061734608,0.9975415047541903,755,0,755,FastestO
query_cycle_6_38.graph,4,0.5,808,165594.0,541.26382029632,0.996731380241456,808,0,808,FastestO
query_cycle_6_38.graph,4,0.6,839,165594.0,819.978600591299,0.9950482589913203,839,0,839,FastestO
query_cycle_6_38.graph,4,0.7,852,165594.0,820.671833168945,0.9950440726525783,852,0,852,FastestO
query_cycle_6_38.graph,4,0.8,873,165594.0,425.806868028575,0.9974286093214213,873,0,873,FastestO
query_cycle_6_38.graph,4,0.9,500,165594.0,711.409307438622,0.9957038944198545,500,0,500,FastestO
query_cycle_6_38.graph,5,0.01,90,165594.0,0,1,90,0,90,FastestO
query_cycle_6_38.graph,5,0.05,240,165594.0,500.370103092783,0.9969783319257173,240,0,240,FastestO
query_cycle_6_38.graph,5,0.075,310,165594.0,806.914380714879,0.9951271520664101,310,0,310,FastestO
query_cycle_6_38.graph,5,0.1,344,165594.0,800.042307692308,0.9951686515955148,344,0,344,FastestO
query_cycle_6_38.graph,5,0.15,432,165594.0,203.249162479062,0.9987726055142151,432,0,432,FastestO
query_cycle_6_38.graph,5,0.2,510,165594.0,712.505871990605,0.9956972724133084,510,0,510,FastestO
query_cycle_6_38.graph,5,0.3,681,165594.0,441.13519654624,0.9973360435973149,681,0,681,FastestO
query_cycle_6_38.graph,5,0.4,755,165594.0,1008.18902544573,0.9939116814290027,755,0,755,FastestO
query_cycle_6_38.graph,5,0.5,808,165594.0,766.881023858429,0.9953689081497008,808,0,808,FastestO
query_cycle_6_38.graph,5,0.6,839,165594.0,704.811749174918,0.9957437361910761,839,0,839,FastestO
query_cycle_6_38.graph,5,0.7,852,165594.0,1234.13787258087,0.992547206586103,852,0,852,FastestO
query_cycle_6_38.graph,5,0.8,873,165594.0,813.940531475748,0.9950847220824682,873,0,873,FastestO
query_cycle_6_38.graph,5,0.9,500,165594.0,621.856502242152,0.9962446918231207,500,0,500,FastestO
query_cycle_6_39.graph,1,0.01,80,41097.0,1371.32967032967,0.966631878961246,80,0,80,FastestO
query_cycle_6_39.graph,1,0.05,272,41097.0,869.390675241158,0.9788453980767171,272,0,272,FastestO
query_cycle_6_39.graph,1,0.075,386,41097.0,679.297790585975,0.9834708667156733,386,0,386,FastestO
query_cycle_6_39.graph,1,0.1,500,41097.0,1049.10466582598,0.9744724757080571,500,0,500,FastestO
query_cycle_6_39.graph,1,0.15,684,41097.0,927.912683237731,0.9774214009967217,684,0,684,FastestO
query_cycle_6_39.graph,1,0.2,850,41097.0,791.794623476373,0.9807335176904306,850,0,850,FastestO
query_cycle_6_39.graph,1,0.3,1260,41097.0,794.5027,0.9806676229408473,1154,0,1260,FastestO
query_cycle_6_39.graph,1,0.4,1527,41097.0,825.70045,0.9799084981872157,1135,0,1527,FastestO
query_cycle_6_39.graph,1,0.5,1752,41097.0,842.33925,0.9795036316519454,1150,0,1752,FastestO
query_cycle_6_39.graph,1,0.6,1931,41097.0,757.0654,0.9815785726452052,1153,0,1931,FastestO
query_cycle_6_39.graph,1,0.7,2111,41097.0,777.8639,0.9810724894761176,1138,0,2111,FastestO
query_cycle_6_39.graph,1,0.8,2262,41097.0,815.3012,0.9801615397717595,1165,0,2262,FastestO
query_cycle_6_39.graph,1,0.9,500,41097.0,833.328881469115,0.9797228780332112,500,0,500,FastestO
query_cycle_6_39.graph,2,0.01,80,41097.0,540.220779220779,0.9868549826210969,80,0,80,FastestO
query_cycle_6_39.graph,2,0.05,272,41097.0,764.650735294118,0.9813940011364791,272,0,272,FastestO
query_cycle_6_39.graph,2,0.075,386,41097.0,852.080074487896,0.9792666113222889,386,0,386,FastestO
query_cycle_6_39.graph,2,0.1,500,41097.0,772.699690402477,0.981198148516863,500,0,500,FastestO
query_cycle_6_39.graph,2,0.15,684,41097.0,912.982862297054,0.9777846834976506,684,0,684,FastestO
query_cycle_6_39.graph,2,0.2,850,41097.0,724.009024979855,0.9823829227199101,850,0,850,FastestO
query_cycle_6_39.graph,2,0.3,1260,41097.0,725.86765,0.9823376973988369,1146,0,1260,FastestO
query_cycle_6_39.graph,2,0.4,1527,41097.0,757.0654,0.9815785726452052,1145,0,1527,FastestO
query_cycle_6_39.graph,2,0.5,1752,41097.0,761.2251,0.9814773560113876,1157,0,1752,FastestO
query_cycle_6_39.graph,2,0.6,1931,41097.0,798.6624,0.9805664063070297,1164,0,1931,FastestO
query_cycle_6_39.graph,2,0.7,2111,41097.0,827.7803,0.9798578898703069,1153,0,2111,FastestO
query_cycle_6_39.graph,2,0.8,2262,41097.0,682.1908,0.9834004720539213,1128,0,2262,FastestO
query_cycle_6_39.graph,2,0.9,500,41097.0,679.68954248366,0.983461334343537,500,0,500,FastestO
query_cycle_6_39.graph,3,0.01,80,41097.0,1521.84146341463,0.9629695242130902,80,0,80,FastestO
query_cycle_6_39.graph,3,0.05,272,41097.0,531.025531914894,0.9870787275977592,272,0,272,FastestO
query_cycle_6_39.graph,3,0.075,386,41097.0,824.445045045045,0.979939045549674,386,0,386,FastestO
query_cycle_6_39.graph,3,0.1,500,41097.0,593.903483723587,0.9855487387467798,500,0,500,FastestO
query_cycle_6_39.graph,3,0.15,684,41097.0,757.770356058515,0.9815614191775917,684,0,684,FastestO
query_cycle_6_39.graph,3,0.2,850,41097.0,894.354528819762,0.9782379607071133,850,0,850,FastestO
query_cycle_6_39.graph,3,0.3,1260,41097.0,705.06915,0.9828437805679245,1141,0,1260,FastestO
query_cycle_6_39.graph,3,0.4,1527,41097.0,809.06165,0.9803133647224858,1165,0,1527,FastestO
query_cycle_6_39.graph,3,0.5,1752,41097.0,763.30495,0.981426747694479,1158,0,1752,FastestO
query_cycle_6_39.graph,3,0.6,1931,41097.0,827.7803,0.9798578898703069,1167,0,1931,FastestO
query_cycle_6_39.graph,3,0.7,2111,41097.0,792.42285,0.9807182312577559,1156,0,2111,FastestO
query_cycle_6_39.graph,3,0.8,2262,41097.0,686.3505,0.9832992554201037,1163,0,2262,FastestO
query_cycle_6_39.graph,3,0.9,500,41097.0,763.035575319622,0.9814333023013938,500,0,500,FastestO
query_cycle_6_39.graph,4,0.01,80,41097.0,885.042553191489,0.9784645459962652,80,0,80,FastestO
query_cycle_6_39.graph,4,0.05,272,41097.0,731.054481546573,0.9822114879055265,272,0,272,FastestO
query_cycle_6_39.graph,4,0.075,386,41097.0,782.517821782178,0.9809592471036285,386,0,386,FastestO
query_cycle_6_39.graph,4,0.1,500,41097.0,771.20741599073,0.9812344595471512,500,0,500,FastestO
query_cycle_6_39.graph,4,0.15,684,41097.0,653.6142899496,0.9840958150242208,684,0,684,FastestO
query_cycle_6_39.graph,4,0.2,850,41097.0,791.887507866583,0.9807312575646256,850,0,850,FastestO
query_cycle_6_39.graph,4,0.3,1260,41097.0,790.343,0.9807688395746648,1144,0,1260,FastestO
query_cycle_6_39.graph,4,0.4,1527,41097.0,765.3848,0.9813761393775702,1155,0,1527,FastestO
query_cycle_6_39.graph,4,0.5,1752,41097.0,856.8982,0.9791493734335839,1155,0,1752,FastestO
query_cycle_6_39.graph,4,0.6,1931,41097.0,757.0654,0.9815785726452052,1152,0,1931,FastestO
query_cycle_6_39.graph,4,0.7,2111,41097.0,750.82585,0.9817303975959315,1163,0,2111,FastestO
query_cycle_6_39.graph,4,0.8,2262,41097.0,746.66615,0.9818316142297492,1154,0,2262,FastestO
query_cycle_6_39.graph,4,0.9,500,41097.0,697.434730538922,0.9830295464257993,500,0,500,FastestO
query_cycle_6_39.graph,5,0.01,80,41097.0,0,1,80,0,80,FastestO
query_cycle_6_39.graph,5,0.05,272,41097.0,680.678181818182,0.9834372781025821,272,0,272,FastestO
query_cycle_6_39.graph,5,0.075,386,41097.0,673.475238095238,0.9836125450009674,386,0,386,FastestO
query_cycle_6_39.graph,5,0.1,500,41097.0,729.395564724085,0.9822518537916615,500,0,500,FastestO
query_cycle_6_39.graph,5,0.15,684,41097.0,871.793413173653,0.9787869330322492,684,0,684,FastestO
query_cycle_6_39.graph,5,0.2,850,41097.0,772.205737956428,0.9812101677018656,850,0,850,FastestO
query_cycle_6_39.graph,5,0.3,1260,41097.0,842.33925,0.9795036316519454,1160,0,1260,FastestO
query_cycle_6_39.graph,5,0.4,1527,41097.0,792.42285,0.9807182312577559,1166,0,1527,FastestO
query_cycle_6_39.graph,5,0.5,1752,41097.0,802.8221,0.9804651896732122,1139,0,1752,FastestO
query_cycle_6_39.graph,5,0.6,1931,41097.0,823.6206,0.9799591065041243,1146,0,1931,FastestO
query_cycle_6_39.graph,5,0.7,2111,41097.0,757.0654,0.9815785726452052,1140,0,2111,FastestO
query_cycle_6_39.graph,5,0.8,2262,41097.0,761.2251,0.9814773560113876,1156,0,2262,FastestO
query_cycle_6_39.graph,5,0.9,500,41097.0,763.925947867299,0.9814116371543593,500,0,500,FastestO
query_cycle_6_4.graph,1,0.01,245,16766923.0,376987.463414634,0.9775160019870889,245,0,245,FastestO
query_cycle_6_4.graph,1,0.05,707,16766923.0,172591.034739454,0.9897064574854042,707,0,707,FastestO
query_cycle_6_4.graph,1,0.075,917,16766923.0,439520.928909953,0.9737864288569852,917,0,917,FastestO
query_cycle_6_4.graph,1,0.1,1097,16766923.0,444435.699680511,0.9734933058569833,1097,0,1097,FastestO
query_cycle_6_4.graph,1,0.15,1346,16766923.0,301589.970731707,0.9820128015896711,1346,0,1346,FastestO
query_cycle_6_4.graph,1,0.2,1528,16766923.0,316635.145675266,0.9811154887706429,1528,0,1528,FastestO
query_cycle_6_4.graph,1,0.3,1949,16766923.0,396576.937670079,0.9763476615434997,1949,0,1949,FastestO
query_cycle_6_4.graph,1,0.4,2128,16766923.0,252732.15637697,0.9849267419921371,2128,0,2128,FastestO
query_cycle_6_4.graph,1,0.5,2274,16766923.0,372119.070749931,0.9778063589395662,2274,0,2274,FastestO
query_cycle_6_4.graph,1,0.6,2387,16766923.0,337546.418486541,0.9798683146283584,2387,0,2387,FastestO
query_cycle_6_4.graph,1,0.7,2493,16766923.0,300172.200369914,0.9820973591654287,2493,0,2493,FastestO
query_cycle_6_4.graph,1,0.8,2584,16766923.0,345097.285240587,0.9794179716075163,2584,0,2584,FastestO
query_cycle_6_4.graph,1,0.9,500,16766923.0,289550.585191793,0.9827308454155963,500,0,500,FastestO
query_cycle_6_4.graph,2,0.01,245,16766923.0,497526.373390558,0.9703269124936903,245,0,245,FastestO
query_cycle_6_4.graph,2,0.05,707,16766923.0,376987.463414634,0.9775160019870889,707,0,707,FastestO
query_cycle_6_4.graph,2,0.075,917,16766923.0,353965.328244275,0.97888907056803,917,0,917,FastestO
query_cycle_6_4.graph,2,0.1,1097,16766923.0,351162.848881239,0.979056213899161,1097,0,1097,FastestO
query_cycle_6_4.graph,2,0.15,1346,16766923.0,305434.341546719,0.9817835185652897,1346,0,1346,FastestO
query_cycle_6_4.graph,2,0.2,1528,16766923.0,400378.854216867,0.976120910544119,1528,0,1528,FastestO
query_cycle_6_4.graph,2,0.3,1949,16766923.0,436946.376161976,0.9739399783632349,1949,0,1949,FastestO
query_cycle_6_4.graph,2,0.4,2128,16766923.0,333160.460632671,0.9801298985727631,2128,0,2128,FastestO
query_cycle_6_4.graph,2,0.5,2274,16766923.0,292551.785488959,0.9825518501224727,2274,0,2274,FastestO
query_cycle_6_4.graph,2,0.6,2387,16766923.0,329089.108187641,0.9803727190619507,2387,0,2387,FastestO
query_cycle_6_4.graph,2,0.7,2493,16766923.0,339486.720993156,0.9797525925899967,2493,0,2493,FastestO
query_cycle_6_4.graph,2,0.8,2584,16766923.0,391751.703587027,0.9766354444648534,2584,0,2584,FastestO
query_cycle_6_4.graph,2,0.9,500,16766923.0,340638.809917355,0.9796838805833751,500,0,500,FastestO
query_cycle_6_4.graph,3,0.01,245,16766923.0,299157.793548387,0.9821578596413674,245,0,245,FastestO
query_cycle_6_4.graph,3,0.05,707,16766923.0,316947.764866712,0.9810968437758847,707,0,707,FastestO
query_cycle_6_4.graph,3,0.075,917,16766923.0,352470.54222973,0.9789782214524555,917,0,917,FastestO
query_cycle_6_4.graph,3,0.1,1097,16766923.0,451036.459993725,0.9730996283579447,1097,0,1097,FastestO
query_cycle_6_4.graph,3,0.15,1346,16766923.0,370506.565133172,0.9779025307664876,1346,0,1346,FastestO
query_cycle_6_4.graph,3,0.2,1528,16766923.0,255115.59134889,0.9847845909861404,1528,0,1528,FastestO
query_cycle_6_4.graph,3,0.3,1949,16766923.0,359360.304830793,0.9785673074999632,1949,0,1949,FastestO
query_cycle_6_4.graph,3,0.4,2128,16766923.0,357890.153060115,0.9786549891676537,2128,0,2128,FastestO
query_cycle_6_4.graph,3,0.5,2274,16766923.0,331574.782178218,0.9802244703945848,2274,0,2274,FastestO
query_cycle_6_4.graph,3,0.6,2387,16766923.0,348671.99746536,0.9792047713545676,2387,0,2387,FastestO
query_cycle_6_4.graph,3,0.7,2493,16766923.0,371399.955535594,0.9778492478592766,2493,0,2493,FastestO
query_cycle_6_4.graph,3,0.8,2584,16766923.0,381923.730095037,0.97722159694447,2584,0,2584,FastestO
query_cycle_6_4.graph,3,0.9,500,16766923.0,291894.070143885,0.9825910770781326,500,0,500,FastestO
query_cycle_6_4.graph,4,0.01,245,16766923.0,459103.544554455,0.9726184974694251,245,0,245,FastestO
query_cycle_6_4.graph,4,0.05,707,16766923.0,483607.844171779,0.9711570307699403,707,0,707,FastestO
query_cycle_6_4.graph,4,0.075,917,16766923.0,274723.830723656,0.9836151313676542,917,0,917,FastestO
query_cycle_6_4.graph,4,0.1,1097,16766923.0,389136.102719033,0.9767914421316879,1097,0,1097,FastestO
query_cycle_6_4.graph,4,0.15,1346,16766923.0,342378.474033965,0.979580124866443,1346,0,1346,FastestO
query_cycle_6_4.graph,4,0.2,1528,16766923.0,449142.367299496,0.9732125943860125,1528,0,1528,FastestO
query_cycle_6_4.graph,4,0.3,1949,16766923.0,401467.168831169,0.9760560021161205,1949,0,1949,FastestO
query_cycle_6_4.graph,4,0.4,2128,16766923.0,291818.45568,0.9825955868181657,2128,0,2128,FastestO
query_cycle_6_4.graph,4,0.5,2274,16766923.0,328145.320631464,0.9804290077176674,2274,0,2274,FastestO
query_cycle_6_4.graph,4,0.6,2387,16766923.0,356247.160543977,0.9787529792709146,2387,0,2387,FastestO
query_cycle_6_4.graph,4,0.7,2493,16766923.0,376142.853059332,0.9775663755920312,2493,0,2493,FastestO
query_cycle_6_4.graph,4,0.8,2584,16766923.0,338148.617716451,0.9798323987223864,2584,0,2584,FastestO
query_cycle_6_4.graph,4,0.9,500,16766923.0,222075.948275862,0.986755116113084,500,0,500,FastestO
query_cycle_6_4.graph,5,0.01,245,16766923.0,829878.44295302,0.9505050245084909,245,0,245,FastestO
query_cycle_6_4.graph,5,0.05,707,16766923.0,358811.282142857,0.9786000518912827,707,0,707,FastestO
query_cycle_6_4.graph,5,0.075,917,16766923.0,306701.665150889,0.9817079338200045,917,0,917,FastestO
query_cycle_6_4.graph,5,0.1,1097,16766923.0,278249.483233322,0.9834048570967182,1097,0,1097,FastestO
query_cycle_6_4.graph,5,0.15,1346,16766923.0,360851.813229572,0.9784783520965908,1346,0,1346,FastestO
query_cycle_6_4.graph,5,0.2,1528,16766923.0,349856.618688334,0.9791341190814598,1528,0,1528,FastestO
query_cycle_6_4.graph,5,0.3,1949,16766923.0,408042.162796382,0.975663861353906,1949,0,1949,FastestO
query_cycle_6_4.graph,5,0.4,2128,16766923.0,348315.177464789,0.9792260525401835,2128,0,2128,FastestO
query_cycle_6_4.graph,5,0.5,2274,16766923.0,347509.256343115,0.9792741186714393,2274,0,2274,FastestO
query_cycle_6_4.graph,5,0.6,2387,16766923.0,360822.56367026,0.9784800965764404,2387,0,2387,FastestO
query_cycle_6_4.graph,5,0.7,2493,16766923.0,359756.894914733,0.9785436543774469,2493,0,2493,FastestO
query_cycle_6_4.graph,5,0.8,2584,16766923.0,374682.944772344,0.9776534463257006,2584,0,2584,FastestO
query_cycle_6_4.graph,5,0.9,500,16766923.0,252007.923913043,0.9849699361109344,500,0,500,FastestO
query_cycle_6_40.graph,1,0.01,292,465608.0,1869.91164658635,0.9959839357429719,292,0,292,FastestO
query_cycle_6_40.graph,1,0.05,950,465608.0,6632.59259259259,0.9857549857549858,950,0,950,FastestO
query_cycle_6_40.graph,1,0.075,1209,465608.0,5922.92862190813,0.9872791519434629,1209,0,1209,FastestO
query_cycle_6_40.graph,1,0.1,1472,465608.0,3855.966873706,0.9917184265010351,1472,0,1472,FastestO
query_cycle_6_40.graph,1,0.15,1822,465608.0,8505.94440031771,0.9817315329626687,1822,0,1822,FastestO
query_cycle_6_40.graph,1,0.2,2141,465608.0,5434.58418441786,0.9883279836591772,2141,0,2141,FastestO
query_cycle_6_40.graph,1,0.3,2697,465608.0,6786.42839036755,0.985424588086185,2697,0,2697,FastestO
query_cycle_6_40.graph,1,0.4,3111,465608.0,6677.5593220339,0.9856584093872229,3111,0,3111,FastestO
query_cycle_6_40.graph,1,0.5,3430,465608.0,6587.61986118526,0.9858515750133475,3430,0,3430,FastestO
query_cycle_6_40.graph,1,0.6,3764,465608.0,6242.50060941828,0.9865927977839336,3764,0,3764,FastestO
query_cycle_6_40.graph,1,0.7,4038,465608.0,6286.45964191371,0.9864983856765482,4038,0,4038,FastestO
query_cycle_6_40.graph,1,0.8,4252,465608.0,7225.92613143749,0.984480665857465,4252,0,4252,FastestO
query_cycle_6_40.graph,1,0.9,500,465608.0,8062.47619047619,0.9826839826839826,500,0,500,FastestO
query_cycle_6_40.graph,2,0.01,292,465608.0,6073.14782608696,0.9869565217391304,292,0,292,FastestO
query_cycle_6_40.graph,2,0.05,950,465608.0,5882.31681243926,0.9873663751214772,950,0,950,FastestO
query_cycle_6_40.graph,2,0.075,1209,465608.0,5609.73493975904,0.9879518072289157,1209,0,1209,FastestO
query_cycle_6_40.graph,2,0.1,1472,465608.0,7147.49122807017,0.9846491228070176,1472,0,1472,FastestO
query_cycle_6_40.graph,2,0.15,1822,465608.0,5919.52959872865,0.9872864521255463,1822,0,1822,FastestO
query_cycle_6_40.graph,2,0.2,2141,465608.0,6227.96394300669,0.986624018610061,2141,0,2141,FastestO
query_cycle_6_40.graph,2,0.3,2697,465608.0,7506.66164154104,0.9838777219430486,2697,0,2697,FastestO
query_cycle_6_40.graph,2,0.4,3111,465608.0,6347.50280673617,0.9863672814755413,3111,0,3111,FastestO
query_cycle_6_40.graph,2,0.5,3430,465608.0,7199.5,0.984537422037422,3430,0,3430,FastestO
query_cycle_6_40.graph,2,0.6,3764,465608.0,6983.09307454786,0.9850022055580061,3764,0,3764,FastestO
query_cycle_6_40.graph,2,0.7,4038,465608.0,7582.58607253472,0.983714656808872,4038,0,4038,FastestO
query_cycle_6_40.graph,2,0.8,4252,465608.0,5653.25059021922,0.9878583473861721,4252,0,4252,FastestO
query_cycle_6_40.graph,2,0.9,500,465608.0,4057.58605664488,0.991285403050109,500,0,500,FastestO
query_cycle_6_40.graph,3,0.01,292,465608.0,11591.9004149378,0.975103734439834,292,0,292,FastestO
query_cycle_6_40.graph,3,0.05,950,465608.0,6651.54285714286,0.9857142857142857,950,0,950,FastestO
query_cycle_6_40.graph,3,0.075,1209,465608.0,6484.79108635098,0.9860724233983287,1209,0,1209,FastestO
query_cycle_6_40.graph,3,0.1,1472,465608.0,5687.19277748274,0.9877854487519915,1472,0,1472,FastestO
query_cycle_6_40.graph,3,0.15,1822,465608.0,9330.45500982318,0.9799607072691552,1822,0,1822,FastestO
query_cycle_6_40.graph,3,0.2,2141,465608.0,7373.26451612903,0.9841642228739003,2141,0,2141,FastestO
query_cycle_6_40.graph,3,0.3,2697,465608.0,6501.11465093412,0.9860373647984267,2697,0,2697,FastestO
query_cycle_6_40.graph,3,0.4,3111,465608.0,7083.83264428642,0.9847858442202745,3111,0,3111,FastestO
query_cycle_6_40.graph,3,0.5,3430,465608.0,6560.44982881222,0.98590992889123,3430,0,3430,FastestO
query_cycle_6_40.graph,3,0.6,3764,465608.0,6854.20883259158,0.9852790140362889,3764,0,3764,FastestO
query_cycle_6_40.graph,3,0.7,4038,465608.0,8019.41308235294,0.9827764705882353,4038,0,4038,FastestO
query_cycle_6_40.graph,3,0.8,4252,465608.0,7293.15185840708,0.9843362831858408,4252,0,4252,FastestO
query_cycle_6_40.graph,3,0.9,500,465608.0,3929.18143459916,0.9915611814345991,500,0,500,FastestO
query_cycle_6_40.graph,4,0.01,292,465608.0,3962.62127659574,0.9914893617021276,292,0,292,FastestO
query_cycle_6_40.graph,4,0.05,950,465608.0,6063.73209302326,0.9869767441860465,950,0,950,FastestO
query_cycle_6_40.graph,4,0.075,1209,465608.0,5597.83309759547,0.987977369165488,1209,0,1209,FastestO
query_cycle_6_40.graph,4,0.1,1472,465608.0,5896.88232189974,0.9873350923482849,1472,0,1472,FastestO
query_cycle_6_40.graph,4,0.15,1822,465608.0,7541.6644812958,0.9838025453143078,1822,0,1822,FastestO
query_cycle_6_40.graph,4,0.2,2141,465608.0,6147.99295774648,0.9867957746478873,2141,0,2141,FastestO
query_cycle_6_40.graph,4,0.3,2697,465608.0,7927.71096345515,0.9829734219269103,2697,0,2697,FastestO
query_cycle_6_40.graph,4,0.4,3111,465608.0,7188.44369860715,0.9845611679812049,3111,0,3111,FastestO
query_cycle_6_40.graph,4,0.5,3430,465608.0,6140.43654958956,0.9868120037679989,3430,0,3430,FastestO
query_cycle_6_40.graph,4,0.6,3764,465608.0,6401.7737723859,0.9862507221259388,3764,0,3764,FastestO
query_cycle_6_40.graph,4,0.7,4038,465608.0,6482.19395441976,0.9860780013349861,4038,0,4038,FastestO
query_cycle_6_40.graph,4,0.8,4252,465608.0,5997.43803855379,0.9871191258772319,4252,0,4252,FastestO
query_cycle_6_40.graph,4,0.9,500,465608.0,3920.90947368421,0.991578947368421,500,0,500,FastestO
query_cycle_6_40.graph,5,0.01,292,465608.0,1825.9137254902,0.9960784313725489,292,0,292,FastestO
query_cycle_6_40.graph,5,0.05,950,465608.0,7390.60317460317,0.9841269841269841,950,0,950,FastestO
query_cycle_6_40.graph,5,0.075,1209,465608.0,7203.49929676512,0.9845288326300984,1209,0,1209,FastestO
query_cycle_6_40.graph,5,0.1,1472,465608.0,7921.98024149286,0.9829857299670691,1472,0,1472,FastestO
query_cycle_6_40.graph,5,0.15,1822,465608.0,6354.01364670205,0.9863532979529946,1822,0,1822,FastestO
query_cycle_6_40.graph,5,0.2,2141,465608.0,7567.50591016548,0.9837470449172576,2141,0,2141,FastestO
query_cycle_6_40.graph,5,0.3,2697,465608.0,5135.71951940122,0.9889698640929683,2697,0,2697,FastestO
query_cycle_6_40.graph,5,0.4,3111,465608.0,6010.2387250996,0.9870916334661355,3111,0,3111,FastestO
query_cycle_6_40.graph,5,0.5,3430,465608.0,5740.04152608357,0.9876719439397872,3430,0,3430,FastestO
query_cycle_6_40.graph,5,0.6,3764,465608.0,7341.14246823956,0.9842332123411978,3764,0,3764,FastestO
query_cycle_6_40.graph,5,0.7,4038,465608.0,5886.26342610741,0.9873578988631909,4038,0,4038,FastestO
query_cycle_6_40.graph,5,0.8,4252,465608.0,7356.26022304833,0.9842007434944238,4252,0,4252,FastestO
query_cycle_6_40.graph,5,0.9,500,465608.0,997.019271948608,0.9978586723768736,500,0,500,FastestO
query_cycle_6_42.graph,1,0.01,69,798330.0,24233.3045454545,0.9696450032624923,69,0,69,FastestO
query_cycle_6_42.graph,1,0.05,291,798330.0,32046.2278688525,0.9598584196148805,291,0,291,FastestO
query_cycle_6_42.graph,1,0.075,398,798330.0,28473.9425070688,0.96433311724842,398,0,398,FastestO
query_cycle_6_42.graph,1,0.1,522,798330.0,31816.7301432292,0.9601458918702427,522,0,522,FastestO
query_cycle_6_42.graph,1,0.15,720,798330.0,27158.9112502302,0.9659803449072061,720,0,720,FastestO
query_cycle_6_42.graph,1,0.2,894,798330.0,35740.2000271776,0.9552312952949562,894,0,894,FastestO
query_cycle_6_42.graph,1,0.3,1251,798330.0,32877.6205991992,0.9588170047484134,1251,0,1251,FastestO
query_cycle_6_42.graph,1,0.4,1532,798330.0,30743.9857,0.9614896274723486,1436,0,1532,FastestO
query_cycle_6_42.graph,1,0.5,1769,798330.0,31188.26295,0.9609331191988275,1461,0,1769,FastestO
query_cycle_6_42.graph,1,0.6,1990,798330.0,29855.4312,0.9626026440193904,1475,0,1990,FastestO
query_cycle_6_42.graph,1,0.7,2181,798330.0,32609.95015,0.9591522927235604,1408,0,2181,FastestO
query_cycle_6_42.graph,1,0.8,2388,798330.0,31721.39565,0.9602653092706024,1443,0,2388,FastestO
query_cycle_6_42.graph,1,0.9,500,798330.0,37593.9157404087,0.952909303495536,500,0,500,FastestO
query_cycle_6_42.graph,2,0.01,69,798330.0,44427.725,0.9443491726479025,69,0,69,FastestO
query_cycle_6_42.graph,2,0.05,291,798330.0,29325.2310231023,0.9632667806256783,291,0,291,FastestO
query_cycle_6_42.graph,2,0.075,398,798330.0,34978.6353198469,0.9561852425440019,398,0,398,FastestO
query_cycle_6_42.graph,2,0.1,522,798330.0,37412.8210526316,0.9531361453877073,522,0,522,FastestO
query_cycle_6_42.graph,2,0.15,720,798330.0,37889.0968743531,0.9525395552285983,720,0,720,FastestO
query_cycle_6_42.graph,2,0.2,894,798330.0,33716.9039942939,0.957765705918237,894,0,894,FastestO
query_cycle_6_42.graph,2,0.3,1251,798330.0,29860.7497939256,0.9625959818697462,1251,0,1251,FastestO
query_cycle_6_42.graph,2,0.4,1532,798330.0,28789.1658,0.9639382638758409,1467,0,1532,FastestO
query_cycle_6_42.graph,2,0.5,1769,798330.0,32165.6729,0.9597088009970814,1402,0,1769,FastestO
query_cycle_6_42.graph,2,0.6,1990,798330.0,29855.4312,0.9626026440193904,1448,0,1990,FastestO
query_cycle_6_42.graph,2,0.7,2181,798330.0,32609.95015,0.9591522927235604,1478,0,2181,FastestO
query_cycle_6_42.graph,2,0.8,2388,798330.0,31632.5402,0.9603766109253066,1455,0,2388,FastestO
query_cycle_6_42.graph,2,0.9,500,798330.0,40496.217242689,0.9492738375825924,500,0,500,FastestO
query_cycle_6_42.graph,3,0.01,69,798330.0,53048.0298507463,0.9335512509228686,69,0,69,FastestO
query_cycle_6_42.graph,3,0.05,291,798330.0,32500.1645940015,0.9592898117395043,291,0,291,FastestO
query_cycle_6_42.graph,3,0.075,398,798330.0,23103.3411336453,0.971060412193397,398,0,398,FastestO
query_cycle_6_42.graph,3,0.1,522,798330.0,30028.8779993241,0.9623853819857401,522,0,522,FastestO
query_cycle_6_42.graph,3,0.15,720,798330.0,32760.8506395786,0.9589632725319371,720,0,720,FastestO
query_cycle_6_42.graph,3,0.2,894,798330.0,30316.6140122412,0.9620249595878382,894,0,894,FastestO
query_cycle_6_42.graph,3,0.3,1251,798330.0,33179.8753604383,0.9584383959509999,1251,0,1251,FastestO
query_cycle_6_42.graph,3,0.4,1532,798330.0,28966.8767,0.9637156605664324,1462,0,1532,FastestO
query_cycle_6_42.graph,3,0.5,1769,798330.0,30033.1421,0.9623800407099821,1443,0,1769,FastestO
query_cycle_6_42.graph,3,0.6,1990,798330.0,32343.3838,0.9594861976876731,1458,0,1990,FastestO
query_cycle_6_42.graph,3,0.7,2181,798330.0,31010.55205,0.9611557225082359,1393,0,2181,FastestO
query_cycle_6_42.graph,3,0.8,2388,798330.0,32965.37195,0.9587070861047435,1459,0,2388,FastestO
query_cycle_6_42.graph,3,0.9,500,798330.0,35920.9830944506,0.9550048437432509,500,0,500,FastestO
query_cycle_6_42.graph,4,0.01,69,798330.0,14048.2924901186,0.9824029004420246,69,0,69,FastestO
query_cycle_6_42.graph,4,0.05,291,798330.0,29029.4794034091,0.9636372434915272,291,0,291,FastestO
query_cycle_6_42.graph,4,0.075,398,798330.0,24631.3875770021,0.9691463585522252,398,0,398,FastestO
query_cycle_6_42.graph,4,0.1,522,798330.0,33098.8807991873,0.9585398509398529,522,0,522,FastestO
query_cycle_6_42.graph,4,0.15,720,798330.0,30220.7075785582,0.9621450934092941,720,0,720,FastestO
query_cycle_6_42.graph,4,0.2,894,798330.0,31069.9250893313,0.9610813509584616,894,0,894,FastestO
query_cycle_6_42.graph,4,0.3,1251,798330.0,31161.9198189917,0.9609661169954885,1251,0,1251,FastestO
query_cycle_6_42.graph,4,0.4,1532,798330.0,30033.1421,0.9623800407099821,1421,0,1532,FastestO
query_cycle_6_42.graph,4,0.5,1769,798330.0,31543.68475,0.9604879125800108,1446,0,1769,FastestO
query_cycle_6_42.graph,4,0.6,1990,798330.0,30299.70845,0.9620461357458695,1475,0,1990,FastestO
query_cycle_6_42.graph,4,0.7,2181,798330.0,31010.55205,0.9611557225082359,1475,0,2181,FastestO
query_cycle_6_42.graph,4,0.8,2388,798330.0,31099.4075,0.9610444208535318,1434,0,2388,FastestO
query_cycle_6_42.graph,4,0.9,500,798330.0,32583.5900256692,0.9591853118063092,500,0,500,FastestO
query_cycle_6_42.graph,5,0.01,69,798330.0,51962.2514619883,0.9349113130384824,69,0,69,FastestO
query_cycle_6_42.graph,5,0.05,291,798330.0,27473.6135069162,0.9655861441923563,291,0,291,FastestO
query_cycle_6_42.graph,5,0.075,398,798330.0,35615.2368961973,0.9553878259664583,398,0,398,FastestO
query_cycle_6_42.graph,5,0.1,522,798330.0,30759.8879817113,0.961469708038391,522,0,522,FastestO
query_cycle_6_42.graph,5,0.15,720,798330.0,36391.3105802048,0.9544157045580088,720,0,720,FastestO
query_cycle_6_42.graph,5,0.2,894,798330.0,28907.8324522163,0.9637896202670371,894,0,894,FastestO
query_cycle_6_42.graph,5,0.3,1251,798330.0,33140.9766377485,0.9584871210680439,1251,0,1251,FastestO
query_cycle_6_42.graph,5,0.4,1532,798330.0,30655.13025,0.9616009291270526,1440,0,1532,FastestO
query_cycle_6_42.graph,5,0.5,1769,798330.0,29766.57575,0.9627139456740947,1461,0,1769,FastestO
query_cycle_6_42.graph,5,0.6,1990,798330.0,29055.73215,0.9636043589117281,1378,0,1990,FastestO
query_cycle_6_42.graph,5,0.7,2181,798330.0,31277.1184,0.9608218175441233,1426,0,2181,FastestO
query_cycle_6_42.graph,5,0.8,2388,798330.0,30210.853,0.9621574374005737,1460,0,2388,FastestO
query_cycle_6_42.graph,5,0.9,500,798330.0,31144.5671223274,0.9609878532407308,500,0,500,FastestO
query_cycle_6_43.graph,1,0.01,53,15354035.0,331983.606299213,0.9783780871738789,53,0,53,FastestO
query_cycle_6_43.graph,1,0.05,197,15354035.0,315425.820448878,0.9794564868160794,197,0,197,FastestO
query_cycle_6_43.graph,1,0.075,267,15354035.0,225464.802139037,0.9853155993106022,267,0,267,FastestO
query_cycle_6_43.graph,1,0.1,354,15354035.0,428583.66454892,0.9720865775967737,354,0,354,FastestO
query_cycle_6_43.graph,1,0.15,509,15354035.0,295354.942206655,0.9807636922667784,509,0,509,FastestO
query_cycle_6_43.graph,1,0.2,632,15354035.0,511216.61901723,0.9667047379391001,632,0,632,FastestO
query_cycle_6_43.graph,1,0.3,908,15354035.0,372964.292722155,0.9757090372190662,908,0,908,FastestO
query_cycle_6_43.graph,1,0.4,1134,15354035.0,376988.594750505,0.975446936603277,1134,0,1134,FastestO
query_cycle_6_43.graph,1,0.5,1328,15354035.0,385490.638741229,0.9748932030739001,1328,0,1328,FastestO
query_cycle_6_43.graph,1,0.6,1511,15354035.0,428350.400580552,0.9721017699529438,1511,0,1511,FastestO
query_cycle_6_43.graph,1,0.7,1674,15354035.0,458766.525011334,0.9701207842100572,1674,0,1674,FastestO
query_cycle_6_43.graph,1,0.8,1841,15354035.0,409339.009708738,0.9733399715639089,1841,0,1841,FastestO
query_cycle_6_43.graph,1,0.9,500,15354035.0,298491.454867257,0.9805594128926203,500,0,500,FastestO
query_cycle_6_43.graph,2,0.01,53,15354035.0,766580.327272727,0.9500730376560476,53,0,53,FastestO
query_cycle_6_43.graph,2,0.05,197,15354035.0,440333.347258486,0.9713213271131343,197,0,197,FastestO
query_cycle_6_43.graph,2,0.075,267,15354035.0,250963.797619048,0.9836548635183489,267,0,267,FastestO
query_cycle_6_43.graph,2,0.1,354,15354035.0,228829.94843962,0.985096429151059,354,0,354,FastestO
query_cycle_6_43.graph,2,0.15,509,15354035.0,472911.936151855,0.9691995012287092,509,0,509,FastestO
query_cycle_6_43.graph,2,0.2,632,15354035.0,460342.071933205,0.9700181696906901,632,0,632,FastestO
query_cycle_6_43.graph,2,0.3,908,15354035.0,643176.589321558,0.9581102564035084,908,0,908,FastestO
query_cycle_6_43.graph,2,0.4,1134,15354035.0,375816.539275766,0.9755232719427978,1134,0,1134,FastestO
query_cycle_6_43.graph,2,0.5,1328,15354035.0,640815.919535092,0.9582640055506523,1328,0,1328,FastestO
query_cycle_6_43.graph,2,0.6,1511,15354035.0,472071.860041987,0.9692542149316459,1511,0,1511,FastestO
query_cycle_6_43.graph,2,0.7,1674,15354035.0,439850.671605685,0.9713527635174932,1674,0,1674,FastestO
query_cycle_6_43.graph,2,0.8,1841,15354035.0,480698.586980508,0.9686923608692759,1841,0,1841,FastestO
query_cycle_6_43.graph,2,0.9,500,15354035.0,468465.755555556,0.9694890785675847,500,0,500,FastestO
query_cycle_6_43.graph,3,0.01,53,15354035.0,369841.385964912,0.9759124304480932,53,0,53,FastestO
query_cycle_6_43.graph,3,0.05,197,15354035.0,426956.13164557,0.9721925779350139,197,0,197,FastestO
query_cycle_6_43.graph,3,0.075,267,15354035.0,351349.316666667,0.9771168089256885,267,0,267,FastestO
query_cycle_6_43.graph,3,0.1,354,15354035.0,415388.354679803,0.9729459809958879,354,0,354,FastestO
query_cycle_6_43.graph,3,0.15,509,15354035.0,524837.153526971,0.9658176398889953,509,0,509,FastestO
query_cycle_6_43.graph,3,0.2,632,15354035.0,315927.178474114,0.9794238336389024,632,0,632,FastestO
query_cycle_6_43.graph,3,0.3,908,15354035.0,546184.478896782,0.9644273001268538,908,0,908,FastestO
query_cycle_6_43.graph,3,0.4,1134,15354035.0,462145.812816189,0.9699006930219848,1134,0,1134,FastestO
query_cycle_6_43.graph,3,0.5,1328,15354035.0,465877.546961326,0.969657647194283,1328,0,1328,FastestO
query_cycle_6_43.graph,3,0.6,1511,15354035.0,462028.323882414,0.9699083450127335,1511,0,1511,FastestO
query_cycle_6_43.graph,3,0.7,1674,15354035.0,432756.290415094,0.9718148167296027,1674,0,1674,FastestO
query_cycle_6_43.graph,3,0.8,1841,15354035.0,436800.666582438,0.9715514086959917,1841,0,1841,FastestO
query_cycle_6_43.graph,3,0.9,500,15354035.0,399260.587121212,0.9739963737791915,500,0,500,FastestO
query_cycle_6_43.graph,4,0.01,53,15354035.0,0,1,53,0,53,FastestO
query_cycle_6_43.graph,4,0.05,197,15354035.0,300441.220902613,0.9804324256846743,197,0,197,FastestO
query_cycle_6_43.graph,4,0.075,267,15354035.0,563231.729007634,0.9633170219419434,267,0,267,FastestO
query_cycle_6_43.graph,4,0.1,354,15354035.0,574935.245454545,0.9625547782420356,354,0,354,FastestO
query_cycle_6_43.graph,4,0.15,509,15354035.0,352524.397993311,0.9770402765140687,509,0,509,FastestO
query_cycle_6_43.graph,4,0.2,632,15354035.0,262418.576763485,0.9829088199444976,632,0,632,FastestO
query_cycle_6_43.graph,4,0.3,908,15354035.0,504933.149700599,0.967113976899193,908,0,908,FastestO
query_cycle_6_43.graph,4,0.4,1134,15354035.0,262263.115521327,0.9829189450511656,1134,0,1134,FastestO
query_cycle_6_43.graph,4,0.5,1328,15354035.0,538810.453674121,0.9649075664036117,1328,0,1328,FastestO
query_cycle_6_43.graph,4,0.6,1511,15354035.0,448922.499214523,0.9707619202890626,1511,0,1511,FastestO
query_cycle_6_43.graph,4,0.7,1674,15354035.0,505411.004416404,0.9670828544798546,1674,0,1674,FastestO
query_cycle_6_43.graph,4,0.8,1841,15354035.0,443594.977143548,0.9711088989217787,1841,0,1841,FastestO
query_cycle_6_43.graph,4,0.9,500,15354035.0,369841.385964912,0.9759124304480932,500,0,500,FastestO
query_cycle_6_43.graph,5,0.01,53,15354035.0,0,1,53,0,53,FastestO
query_cycle_6_43.graph,5,0.05,197,15354035.0,441024.246861925,0.9712763291954248,197,0,197,FastestO
query_cycle_6_43.graph,5,0.075,267,15354035.0,294324.034904014,0.9808308347021474,267,0,267,FastestO
query_cycle_6_43.graph,5,0.1,354,15354035.0,452745.428187919,0.9705129349914912,354,0,354,FastestO
query_cycle_6_43.graph,5,0.15,509,15354035.0,625438.57417103,0.9592655237420633,509,0,509,FastestO
query_cycle_6_43.graph,5,0.2,632,15354035.0,366397.797641217,0.9761367094942003,632,0,632,FastestO
query_cycle_6_43.graph,5,0.3,908,15354035.0,617951.059463987,0.9597531815275928,908,0,908,FastestO
query_cycle_6_43.graph,5,0.4,1134,15354035.0,545304.054085832,0.9644846417188816,1134,0,1134,FastestO
query_cycle_6_43.graph,5,0.5,1328,15354035.0,459217.622872702,0.970091404450185,1328,0,1328,FastestO
query_cycle_6_43.graph,5,0.6,1511,15354035.0,405328.107968201,0.9736011994261963,1511,0,1511,FastestO
query_cycle_6_43.graph,5,0.7,1674,15354035.0,451384.382001552,0.9706015791939024,1674,0,1674,FastestO
query_cycle_6_43.graph,5,0.8,1841,15354035.0,422207.06325263,0.9725018821923599,1841,0,1841,FastestO
query_cycle_6_43.graph,5,0.9,500,15354035.0,414090.266071429,0.9730305248052757,500,0,500,FastestO
query_cycle_6_44.graph,1,0.01,293,34701809.0,0,1,293,0,293,FastestO
query_cycle_6_44.graph,1,0.05,872,34701809.0,353463.03960396,0.989814276264273,872,0,872,FastestO
query_cycle_6_44.graph,1,0.075,1100,34701809.0,541388.08117752,0.984398851334306,1100,0,1100,FastestO
query_cycle_6_44.graph,1,0.1,1282,34701809.0,516265.6109906,0.9851228040880924,1282,0,1282,FastestO
query_cycle_6_44.graph,1,0.15,1574,34701809.0,401572.182227222,0.9884279179155409,1574,0,1574,FastestO
query_cycle_6_44.graph,1,0.2,1799,34701809.0,367694.229400749,0.9894041769003816,1799,0,1799,FastestO
query_cycle_6_44.graph,1,0.3,2092,34701809.0,287690.43003663,0.9917096417066722,2092,0,2092,FastestO
query_cycle_6_44.graph,1,0.4,2225,34701809.0,286883.37351334,0.9917328986072933,2225,0,2225,FastestO
query_cycle_6_44.graph,1,0.5,2355,34701809.0,273965.154073199,0.9921051621812222,2355,0,2355,FastestO
query_cycle_6_44.graph,1,0.6,2482,34701809.0,374748.935359116,0.9892008818514587,2482,0,2482,FastestO
query_cycle_6_44.graph,1,0.7,2558,34701809.0,299267.922390481,0.9913760137867601,2558,0,2558,FastestO
query_cycle_6_44.graph,1,0.8,2643,34701809.0,277675.138708841,0.9919982517710001,2643,0,2643,FastestO
query_cycle_6_44.graph,1,0.9,500,34701809.0,402931.90744921,0.9883887347933588,500,0,500,FastestO
query_cycle_6_44.graph,2,0.01,293,34701809.0,0,1,293,0,293,FastestO
query_cycle_6_44.graph,2,0.05,872,34701809.0,315229.730684327,0.990916043290875,872,0,872,FastestO
query_cycle_6_44.graph,2,0.075,1100,34701809.0,291558.895644283,0.9915981643595501,1100,0,1100,FastestO
query_cycle_6_44.graph,2,0.1,1282,34701809.0,155216.37826087,0.9955271387073547,1282,0,1282,FastestO
query_cycle_6_44.graph,2,0.15,1574,34701809.0,243109.990047145,0.9929943136380256,1574,0,1574,FastestO
query_cycle_6_44.graph,2,0.2,1799,34701809.0,222725.819073084,0.9935817231005715,1799,0,1799,FastestO
query_cycle_6_44.graph,2,0.3,2092,34701809.0,469733.776315789,0.9864637092459421,2092,0,2092,FastestO
query_cycle_6_44.graph,2,0.4,2225,34701809.0,406799.831146409,0.9882772730624386,2225,0,2225,FastestO
query_cycle_6_44.graph,2,0.5,2355,34701809.0,275291.232264035,0.9920669486635687,2355,0,2355,FastestO
query_cycle_6_44.graph,2,0.6,2482,34701809.0,323991.078842881,0.9906635680335029,2482,0,2482,FastestO
query_cycle_6_44.graph,2,0.7,2558,34701809.0,322817.042021277,0.9906974001839134,2558,0,2558,FastestO
query_cycle_6_44.graph,2,0.8,2643,34701809.0,337852.684542587,0.9902641189529171,2643,0,2643,FastestO
query_cycle_6_44.graph,2,0.9,500,34701809.0,0,1,500,0,500,FastestO
query_cycle_6_44.graph,3,0.01,293,34701809.0,146310.520491803,0.9957837782897196,293,0,293,FastestO
query_cycle_6_44.graph,3,0.05,872,34701809.0,121980.980637813,0.9964848812164862,872,0,872,FastestO
query_cycle_6_44.graph,3,0.075,1100,34701809.0,270680.625947767,0.9921998122360778,1100,0,1100,FastestO
query_cycle_6_44.graph,3,0.1,1282,34701809.0,312470.608315098,0.9909955527587886,1282,0,1282,FastestO
query_cycle_6_44.graph,3,0.15,1574,34701809.0,231440.952998379,0.9933305795960558,1574,0,1574,FastestO
query_cycle_6_44.graph,3,0.2,1799,34701809.0,325876.467366499,0.9906092369027072,1799,0,1799,FastestO
query_cycle_6_44.graph,3,0.3,2092,34701809.0,290027.649187592,0.9916422901991192,2092,0,2092,FastestO
query_cycle_6_44.graph,3,0.4,2225,34701809.0,323237.326961771,0.9906852888573685,2225,0,2225,FastestO
query_cycle_6_44.graph,3,0.5,2355,34701809.0,233957.364909145,0.9932580643012259,2355,0,2355,FastestO
query_cycle_6_44.graph,3,0.6,2482,34701809.0,336044.318383167,0.9903162305347493,2482,0,2482,FastestO
query_cycle_6_44.graph,3,0.7,2558,34701809.0,273936.277336257,0.9921059943204616,2558,0,2558,FastestO
query_cycle_6_44.graph,3,0.8,2643,34701809.0,267794.423952406,0.9922829837501438,2643,0,2643,FastestO
query_cycle_6_44.graph,3,0.9,500,34701809.0,668848.093676815,0.9807258436101469,500,0,500,FastestO
query_cycle_6_44.graph,4,0.01,293,34701809.0,453810.597457627,0.9869225665596388,293,0,293,FastestO
query_cycle_6_44.graph,4,0.05,872,34701809.0,279841.398656215,0.9919358267848165,872,0,872,FastestO
query_cycle_6_44.graph,4,0.075,1100,34701809.0,246205.289655172,0.9929051165702868,1100,0,1100,FastestO
query_cycle_6_44.graph,4,0.1,1282,34701809.0,219916.429158111,0.9936626811254101,1282,0,1282,FastestO
query_cycle_6_44.graph,4,0.15,1574,34701809.0,238528.510022272,0.9931263378798991,1574,0,1574,FastestO
query_cycle_6_44.graph,4,0.2,1799,34701809.0,392305.131868132,0.9886949659636438,1799,0,1799,FastestO
query_cycle_6_44.graph,4,0.3,2092,34701809.0,340746.674743025,0.990180723006601,2092,0,2092,FastestO
query_cycle_6_44.graph,4,0.4,2225,34701809.0,230399.311480978,0.9933605965187298,2225,0,2225,FastestO
query_cycle_6_44.graph,4,0.5,2355,34701809.0,283417.997557252,0.9918327601435057,2355,0,2355,FastestO
query_cycle_6_44.graph,4,0.6,2482,34701809.0,249439.400503074,0.9928119193871686,2482,0,2482,FastestO
query_cycle_6_44.graph,4,0.7,2558,34701809.0,227507.80881572,0.9934439207818901,2558,0,2558,FastestO
query_cycle_6_44.graph,4,0.8,2643,34701809.0,290463.397915078,0.9916297332535292,2643,0,2643,FastestO
query_cycle_6_44.graph,4,0.9,500,34701809.0,252592.691037736,0.9927210511982895,500,0,500,FastestO
query_cycle_6_44.graph,5,0.01,293,34701809.0,303827.804255319,0.9912446119378007,293,0,293,FastestO
query_cycle_6_44.graph,5,0.05,872,34701809.0,248202.3198146,0.9928475682690029,872,0,872,FastestO
query_cycle_6_44.graph,5,0.075,1100,34701809.0,331110.823777403,0.9904583987602087,1100,0,1100,FastestO
query_cycle_6_44.graph,5,0.1,1282,34701809.0,442559.095041322,0.98724680044659,1282,0,1282,FastestO
query_cycle_6_44.graph,5,0.15,1574,34701809.0,216959.909944751,0.993747878966634,1574,0,1574,FastestO
query_cycle_6_44.graph,5,0.2,1799,34701809.0,410523.636444051,0.988169964383008,1799,0,1799,FastestO
query_cycle_6_44.graph,5,0.3,2092,34701809.0,221091.453187614,0.9936288205266874,2092,0,2092,FastestO
query_cycle_6_44.graph,5,0.4,2225,34701809.0,234298.988946459,0.9932482197413265,2225,0,2225,FastestO
query_cycle_6_44.graph,5,0.5,2355,34701809.0,301627.482196741,0.9913080184898505,2355,0,2355,FastestO
query_cycle_6_44.graph,5,0.6,2482,34701809.0,294200.978402955,0.9915220276152474,2482,0,2482,FastestO
query_cycle_6_44.graph,5,0.7,2558,34701809.0,343364.095615276,0.9901052969424368,2558,0,2558,FastestO
query_cycle_6_44.graph,5,0.8,2643,34701809.0,232057.767810712,0.9933128048796905,2643,0,2643,FastestO
query_cycle_6_44.graph,5,0.9,500,34701809.0,81506.3173515982,0.9976512372207571,500,0,500,FastestO
query_cycle_6_45.graph,1,0.01,88,382506.0,6771.49677419355,0.9822970181534576,88,0,88,FastestO
query_cycle_6_45.graph,1,0.05,405,382506.0,20541.6794035415,0.9462971053956238,405,0,405,FastestO
query_cycle_6_45.graph,1,0.075,598,382506.0,12671.0100603622,0.9668736959410776,598,0,598,FastestO
query_cycle_6_45.graph,1,0.1,772,382506.0,11070.0804218853,0.9710590672515326,772,0,772,FastestO
query_cycle_6_45.graph,1,0.15,1078,382506.0,11891.1750752346,0.9689124482354929,1078,0,1078,FastestO
query_cycle_6_45.graph,1,0.2,1322,382506.0,13221.224993764,0.965435248090843,1322,0,1322,FastestO
query_cycle_6_45.graph,1,0.3,1775,382506.0,11056.6887074433,0.9710940777204977,1775,0,1775,FastestO
query_cycle_6_45.graph,1,0.4,2103,382506.0,13088.710023678,0.9657816870227448,2103,0,2103,FastestO
query_cycle_6_45.graph,1,0.5,2375,382506.0,12306.34895,0.9678270433666399,2076,0,2375,FastestO
query_cycle_6_45.graph,1,0.6,2711,382506.0,13775.76375,0.9639854963059403,2106,0,2711,FastestO
query_cycle_6_45.graph,1,0.7,3006,382506.0,12017.7139,0.9685816329678489,2074,0,3006,FastestO
query_cycle_6_45.graph,1,0.8,3269,382506.0,11860.2766,0.9689932272957811,2097,0,3269,FastestO
query_cycle_6_45.graph,1,0.9,500,382506.0,14660.8279365079,0.9616716393036765,500,0,500,FastestO
query_cycle_6_45.graph,2,0.01,88,382506.0,3199.94512195122,0.9916342616273961,88,0,88,FastestO
query_cycle_6_45.graph,2,0.05,405,382506.0,11854.5317115552,0.9690082463763833,405,0,405,FastestO
query_cycle_6_45.graph,2,0.075,598,382506.0,12925.8866995074,0.966207362238743,598,0,598,FastestO
query_cycle_6_45.graph,2,0.1,772,382506.0,10275.8801099279,0.9731353753668496,772,0,772,FastestO
query_cycle_6_45.graph,2,0.15,1078,382506.0,10976.4087054833,0.9713039567863424,1078,0,1078,FastestO
query_cycle_6_45.graph,2,0.2,1322,382506.0,12331.0471191101,0.9677624740027343,1322,0,1322,FastestO
query_cycle_6_45.graph,2,0.3,1775,382506.0,13527.3549877077,0.9646349207915492,1775,0,1775,FastestO
query_cycle_6_45.graph,2,0.4,2103,382506.0,12385.0676,0.9676212462026739,2059,0,2103,FastestO
query_cycle_6_45.graph,2,0.5,2375,382506.0,12831.13995,0.9664550622735331,2084,0,2375,FastestO
query_cycle_6_45.graph,2,0.6,2711,382506.0,13250.97275,0.9653574773990473,2091,0,2711,FastestO
query_cycle_6_45.graph,2,0.7,3006,382506.0,12201.39075,0.9681014395852614,2110,0,3006,FastestO
query_cycle_6_45.graph,2,0.8,3269,382506.0,12936.09815,0.9661806660549116,2113,0,3269,FastestO
query_cycle_6_45.graph,2,0.9,500,382506.0,12630.348977136,0.9669799977591568,500,0,500,FastestO
query_cycle_6_45.graph,3,0.01,88,382506.0,6519.14285714286,0.982956756607366,88,0,88,FastestO
query_cycle_6_45.graph,3,0.05,405,382506.0,14384.1918656057,0.9623948595169601,405,0,405,FastestO
query_cycle_6_45.graph,3,0.075,598,382506.0,16496.3772102161,0.9568728929475194,598,0,598,FastestO
query_cycle_6_45.graph,3,0.1,772,382506.0,13064.5725806452,0.9658447904591165,772,0,772,FastestO
query_cycle_6_45.graph,3,0.15,1078,382506.0,13920.9826335878,0.9636058450492599,1078,0,1078,FastestO
query_cycle_6_45.graph,3,0.2,1322,382506.0,12603.1150419626,0.967051196472833,1322,0,1322,FastestO
query_cycle_6_45.graph,3,0.3,1775,382506.0,12488.6390247463,0.9673504754834007,1775,0,1775,FastestO
query_cycle_6_45.graph,3,0.4,2103,382506.0,12096.43255,0.9683758358038828,2095,0,2103,FastestO
query_cycle_6_45.graph,3,0.5,2375,382506.0,12594.984,0.9670724537654312,2124,0,2375,FastestO
query_cycle_6_45.graph,3,0.6,2711,382506.0,11991.47435,0.9686502320225043,2108,0,2711,FastestO
query_cycle_6_45.graph,3,0.7,3006,382506.0,12804.9004,0.9665236613281883,2128,0,3006,FastestO
query_cycle_6_45.graph,3,0.8,3269,382506.0,12070.193,0.9684444348585383,2067,0,3269,FastestO
query_cycle_6_45.graph,3,0.9,500,382506.0,15987.0105960265,0.9582045494815075,500,0,500,FastestO
query_cycle_6_45.graph,4,0.01,88,382506.0,14417.3351648352,0.9623082117278287,88,0,88,FastestO
query_cycle_6_45.graph,4,0.05,405,382506.0,10396.0182250396,0.9728212937181648,405,0,405,FastestO
query_cycle_6_45.graph,4,0.075,598,382506.0,9727.83317073171,0.9745681553472841,598,0,598,FastestO
query_cycle_6_45.graph,4,0.1,772,382506.0,14883.962295629,0.9610882906526199,772,0,772,FastestO
query_cycle_6_45.graph,4,0.15,1078,382506.0,11578.4550254573,0.9697300041686736,1078,0,1078,FastestO
query_cycle_6_45.graph,4,0.2,1322,382506.0,11781.1664202178,0.9692000480509645,1322,0,1322,FastestO
query_cycle_6_45.graph,4,0.3,1775,382506.0,11948.5068903535,0.9687625634882759,1775,0,1775,FastestO
query_cycle_6_45.graph,4,0.4,2103,382506.0,12175.1512,0.9681700386399167,2054,0,2103,FastestO
query_cycle_6_45.graph,4,0.5,2375,382506.0,12621.22355,0.9670038547107758,2123,0,2375,FastestO
query_cycle_6_45.graph,4,0.6,2711,382506.0,13224.7332,0.9654260764537026,2106,0,2711,FastestO
query_cycle_6_45.graph,4,0.7,3006,382506.0,11886.51615,0.9689246282411257,2072,0,3006,FastestO
query_cycle_6_45.graph,4,0.8,3269,382506.0,12883.61905,0.9663178641642223,2090,0,3269,FastestO
query_cycle_6_45.graph,4,0.9,500,382506.0,11026.4688115561,0.9711730827449606,500,0,500,FastestO
query_cycle_6_45.graph,5,0.01,88,382506.0,21132.5234899329,0.9447524392037435,88,0,88,FastestO
query_cycle_6_45.graph,5,0.05,405,382506.0,10752.219070134,0.971890064286223,405,0,405,FastestO
query_cycle_6_45.graph,5,0.075,598,382506.0,10812.6559655007,0.971732061809486,598,0,598,FastestO
query_cycle_6_45.graph,5,0.1,772,382506.0,10566.2617449664,0.9723762196018718,772,0,772,FastestO
query_cycle_6_45.graph,5,0.15,1078,382506.0,12152.4407187847,0.9682294115156762,1078,0,1078,FastestO
query_cycle_6_45.graph,5,0.2,1322,382506.0,14215.4010306554,0.9628361358236071,1322,0,1322,FastestO
query_cycle_6_45.graph,5,0.3,1775,382506.0,12275.3556317044,0.9679080703787538,1775,0,1775,FastestO
query_cycle_6_45.graph,5,0.4,2103,382506.0,12647.4631,0.9669352556561205,2083,0,2103,FastestO
query_cycle_6_45.graph,5,0.5,2375,382506.0,13198.49365,0.965494675508358,2114,0,2375,FastestO
query_cycle_6_45.graph,5,0.6,2711,382506.0,12647.4631,0.9669352556561205,2078,0,2711,FastestO
query_cycle_6_45.graph,5,0.7,3006,382506.0,13382.1705,0.9650144821257706,2109,0,3006,FastestO
query_cycle_6_45.graph,5,0.8,3269,382506.0,12148.91165,0.9682386376945721,2065,0,3269,FastestO
query_cycle_6_45.graph,5,0.9,500,382506.0,14312.4818181818,0.9625823338243535,500,0,500,FastestO
query_cycle_6_46.graph,1,0.01,78,9681.0,0,1,78,0,78,FastestO
query_cycle_6_46.graph,1,0.05,267,9681.0,254.763779527559,0.9736841463146825,267,0,267,FastestO
query_cycle_6_46.graph,1,0.075,317,9681.0,37.1896551724138,0.9961584903240974,317,0,317,FastestO
query_cycle_6_46.graph,1,0.1,394,9681.0,57.3670212765957,0.9940742669892991,394,0,394,FastestO
query_cycle_6_46.graph,1,0.15,492,9681.0,130.201207243461,0.9865508514364776,492,0,492,FastestO
query_cycle_6_46.graph,1,0.2,602,9681.0,66.4714946070878,0.9931338193774314,602,0,602,FastestO
query_cycle_6_46.graph,1,0.3,770,9681.0,139.734982332155,0.9855660590504953,770,0,770,FastestO
query_cycle_6_46.graph,1,0.4,903,9681.0,110.770308123249,0.9885579683789641,903,0,903,FastestO
query_cycle_6_46.graph,1,0.5,992,9681.0,97.5616776315789,0.9899223553732488,992,0,992,FastestO
query_cycle_6_46.graph,1,0.6,1097,9681.0,133.536052439913,0.9862063782212671,1097,0,1097,FastestO
query_cycle_6_46.graph,1,0.7,1170,9681.0,106.330985915493,0.9890165286731234,1170,0,1170,FastestO
query_cycle_6_46.graph,1,0.8,1239,9681.0,130.270184361093,0.9865437264372385,1239,0,1239,FastestO
query_cycle_6_46.graph,1,0.9,500,9681.0,154.071428571429,0.9840851741998317,500,0,500,FastestO
query_cycle_6_46.graph,2,0.01,78,9681.0,163.409090909091,0.983120639302852,78,0,78,FastestO
query_cycle_6_46.graph,2,0.05,267,9681.0,44.2008196721311,0.995434271286837,267,0,267,FastestO
query_cycle_6_46.graph,2,0.075,317,9681.0,108.210702341137,0.9888223631503835,317,0,317,FastestO
query_cycle_6_46.graph,2,0.1,394,9681.0,141.535433070866,0.9853800812859346,394,0,394,FastestO
query_cycle_6_46.graph,2,0.15,492,9681.0,198.091836734694,0.9795380811140695,492,0,492,FastestO
query_cycle_6_46.graph,2,0.2,602,9681.0,137.607655502392,0.9857858015181911,602,0,602,FastestO
query_cycle_6_46.graph,2,0.3,770,9681.0,62.5580046403712,0.9935380637702332,770,0,770,FastestO
query_cycle_6_46.graph,2,0.4,903,9681.0,164.499523355577,0.983008002958829,903,0,903,FastestO
query_cycle_6_46.graph,2,0.5,992,9681.0,124.295212765957,0.987160911810148,992,0,992,FastestO
query_cycle_6_46.graph,2,0.6,1097,9681.0,187.778198334595,0.9806034295698176,1097,0,1097,FastestO
query_cycle_6_46.graph,2,0.7,1170,9681.0,135.079103493738,0.9860469885865368,1170,0,1170,FastestO
query_cycle_6_46.graph,2,0.8,1239,9681.0,163.840819022457,0.9830760438981039,1239,0,1239,FastestO
query_cycle_6_46.graph,2,0.9,500,9681.0,152.823886639676,0.9842140391860679,500,0,500,FastestO
query_cycle_6_46.graph,3,0.01,78,9681.0,156.304347826087,0.9838545245505541,78,0,78,FastestO
query_cycle_6_46.graph,3,0.05,267,9681.0,85.5952380952381,0.9911584301110176,267,0,267,FastestO
query_cycle_6_46.graph,3,0.075,317,9681.0,219.35593220339,0.9773416039455232,317,0,317,FastestO
query_cycle_6_46.graph,3,0.1,394,9681.0,168.077922077922,0.9826383718543619,394,0,394,FastestO
query_cycle_6_46.graph,3,0.15,492,9681.0,133.698347107438,0.9861896139750607,492,0,492,FastestO
query_cycle_6_46.graph,3,0.2,602,9681.0,187.713607594937,0.9806101014776432,602,0,602,FastestO
query_cycle_6_46.graph,3,0.3,770,9681.0,101.148886283705,0.9895518142460794,770,0,770,FastestO
query_cycle_6_46.graph,3,0.4,903,9681.0,143.358895705521,0.9851917265049559,903,0,903,FastestO
query_cycle_6_46.graph,3,0.5,992,9681.0,221.42001710864,0.9771283940596385,992,0,992,FastestO
query_cycle_6_46.graph,3,0.6,1097,9681.0,177.218309859155,0.9816942144552054,1097,0,1097,FastestO
query_cycle_6_46.graph,3,0.7,1170,9681.0,164.200692041523,0.9830388707735231,1170,0,1170,FastestO
query_cycle_6_46.graph,3,0.8,1239,9681.0,127.38188976378,0.9868420731573413,1239,0,1239,FastestO
query_cycle_6_46.graph,3,0.9,500,9681.0,107.20675944334,0.9889260655466027,500,0,500,FastestO
query_cycle_6_46.graph,4,0.01,78,9681.0,342.380952380952,0.9646337204440706,78,0,78,FastestO
query_cycle_6_46.graph,4,0.05,267,9681.0,140.064935064935,0.9855319765453017,267,0,267,FastestO
query_cycle_6_46.graph,4,0.075,317,9681.0,75.4195804195804,0.9922095258320854,317,0,317,FastestO
query_cycle_6_46.graph,4,0.1,394,9681.0,115.04,0.9881169300692076,394,0,394,FastestO
query_cycle_6_46.graph,4,0.15,492,9681.0,156.954261954262,0.9837873915965022,492,0,492,FastestO
query_cycle_6_46.graph,4,0.2,602,9681.0,150.956454121306,0.9844069358412039,602,0,602,FastestO
query_cycle_6_46.graph,4,0.3,770,9681.0,132.493857493857,0.9863140318671773,770,0,770,FastestO
query_cycle_6_46.graph,4,0.4,903,9681.0,146.450048496605,0.9848724255245734,903,0,903,FastestO
query_cycle_6_46.graph,4,0.5,992,9681.0,100.70882852292,0.9895972700627084,992,0,992,FastestO
query_cycle_6_46.graph,4,0.6,1097,9681.0,140.494252873563,0.9854876301132566,1097,0,1097,FastestO
query_cycle_6_46.graph,4,0.7,1170,9681.0,125.498181818182,0.9870366509845901,1170,0,1170,FastestO
query_cycle_6_46.graph,4,0.8,1239,9681.0,168.410368519675,0.9826040317612152,1239,0,1239,FastestO
query_cycle_6_46.graph,4,0.9,500,9681.0,125.164410058027,0.9870711279766525,500,0,500,FastestO
query_cycle_6_46.graph,5,0.01,78,9681.0,0,1,78,0,78,FastestO
query_cycle_6_46.graph,5,0.05,267,9681.0,173.951612903226,0.9820316482901327,267,0,267,FastestO
query_cycle_6_46.graph,5,0.075,317,9681.0,143.322259136213,0.9851955108835645,317,0,317,FastestO
query_cycle_6_46.graph,5,0.1,394,9681.0,134.141791044776,0.9861438083829381,394,0,394,FastestO
query_cycle_6_46.graph,5,0.15,492,9681.0,128.138613861386,0.9867639072553057,492,0,492,FastestO
query_cycle_6_46.graph,5,0.2,602,9681.0,229.844262295082,0.9762582106915523,602,0,602,FastestO
query_cycle_6_46.graph,5,0.3,770,9681.0,129.007177033493,0.9866741889233042,770,0,770,FastestO
query_cycle_6_46.graph,5,0.4,903,9681.0,171.190476190476,0.9823168602220352,903,0,903,FastestO
query_cycle_6_46.graph,5,0.5,992,9681.0,91.8654173764906,0.9905107512264756,992,0,992,FastestO
query_cycle_6_46.graph,5,0.6,1097,9681.0,111.103752759382,0.988523525177215,1097,0,1097,FastestO
query_cycle_6_46.graph,5,0.7,1170,9681.0,135.376569037657,0.9860162618492246,1170,0,1170,FastestO
query_cycle_6_46.graph,5,0.8,1239,9681.0,142.533039647577,0.9852770334007255,1239,0,1239,FastestO
query_cycle_6_46.graph,5,0.9,500,9681.0,124.203454894434,0.9871703899499603,500,0,500,FastestO
query_cycle_6_48.graph,1,0.01,44,7000.0,0,1,44,0,44,FastestO
query_cycle_6_48.graph,1,0.05,196,7000.0,0,1,196,0,196,FastestO
query_cycle_6_48.graph,1,0.075,284,7000.0,102.222772277228,0.9853967468175389,284,0,284,FastestO
query_cycle_6_48.graph,1,0.1,366,7000.0,76.9050279329609,0.9890135674381484,366,0,366,FastestO
query_cycle_6_48.graph,1,0.15,500,7000.0,87.9054916985952,0.9874420726144864,500,0,500,FastestO
query_cycle_6_48.graph,1,0.2,615,7000.0,92.8342967244701,0.98673795761079,615,0,615,FastestO
query_cycle_6_48.graph,1,0.3,862,7000.0,80.555266579974,0.9884921047742894,862,0,862,FastestO
query_cycle_6_48.graph,1,0.4,1089,7000.0,116.005617977528,0.9834277688603531,1089,0,1089,FastestO
query_cycle_6_48.graph,1,0.5,1311,7000.0,107.437393959959,0.984651800862863,1311,0,1311,FastestO
query_cycle_6_48.graph,1,0.6,1527,7000.0,111.480146290491,0.9840742648156442,1527,0,1527,FastestO
query_cycle_6_48.graph,1,0.7,1757,7000.0,105.329649309245,0.9849529072415363,1757,0,1757,FastestO
query_cycle_6_48.graph,1,0.8,1972,7000.0,99.8714358022608,0.9857326520282484,1972,0,1972,FastestO
query_cycle_6_48.graph,1,0.9,500,7000.0,242.162381596752,0.9654053740576068,500,0,500,FastestO
query_cycle_6_48.graph,2,0.01,44,7000.0,0,1,44,0,44,FastestO
query_cycle_6_48.graph,2,0.05,196,7000.0,0,1,196,0,196,FastestO
query_cycle_6_48.graph,2,0.075,284,7000.0,134.30243902439,0.98081393728223,284,0,284,FastestO
query_cycle_6_48.graph,2,0.1,366,7000.0,186.974533106961,0.9732893524132913,366,0,366,FastestO
query_cycle_6_48.graph,2,0.15,500,7000.0,82.5299760191847,0.9882100034258308,500,0,500,FastestO
query_cycle_6_48.graph,2,0.2,615,7000.0,78.4387464387464,0.9887944647944648,615,0,615,FastestO
query_cycle_6_48.graph,2,0.3,862,7000.0,74.3661464585834,0.9893762647916309,862,0,862,FastestO
query_cycle_6_48.graph,2,0.4,1089,7000.0,86.3696911196911,0.987661472697187,1089,0,1089,FastestO
query_cycle_6_48.graph,2,0.5,1311,7000.0,114.297575556294,0.9836717749205295,1311,0,1311,FastestO
query_cycle_6_48.graph,2,0.6,1527,7000.0,69.6424957841484,0.990051072030836,1527,0,1527,FastestO
query_cycle_6_48.graph,2,0.7,1757,7000.0,124.656102078617,0.9821919854173404,1757,0,1757,FastestO
query_cycle_6_48.graph,2,0.8,1972,7000.0,89.0245064669843,0.9872822133618594,1972,0,1972,FastestO
query_cycle_6_48.graph,2,0.9,500,7000.0,107.687092568449,0.9846161296330788,500,0,500,FastestO
query_cycle_6_48.graph,3,0.01,44,7000.0,0,1,44,0,44,FastestO
query_cycle_6_48.graph,3,0.05,196,7000.0,250.290909090909,0.9642441558441559,196,0,196,FastestO
query_cycle_6_48.graph,3,0.075,284,7000.0,135.96049382716,0.9805770723104057,284,0,284,FastestO
query_cycle_6_48.graph,3,0.1,366,7000.0,50.2408759124088,0.992822732012513,366,0,366,FastestO
query_cycle_6_48.graph,3,0.15,500,7000.0,181.37022397892,0.9740899680030114,500,0,500,FastestO
query_cycle_6_48.graph,3,0.2,615,7000.0,122.424901185771,0.9825107284020327,615,0,615,FastestO
query_cycle_6_48.graph,3,0.3,862,7000.0,102.349442379182,0.9853786510886883,862,0,862,FastestO
query_cycle_6_48.graph,3,0.4,1089,7000.0,128.311584553928,0.9816697736351532,1089,0,1089,FastestO
query_cycle_6_48.graph,3,0.5,1311,7000.0,126.853924914676,0.9818780107264748,1311,0,1311,FastestO
query_cycle_6_48.graph,3,0.6,1527,7000.0,94.1636411470666,0.9865480512647048,1527,0,1527,FastestO
query_cycle_6_48.graph,3,0.7,1757,7000.0,87.7716988893459,0.9874611858729505,1757,0,1757,FastestO
query_cycle_6_48.graph,3,0.8,1972,7000.0,124.038711830469,0.9822801840242187,1972,0,1972,FastestO
query_cycle_6_48.graph,3,0.9,500,7000.0,63.6578034682081,0.9909060280759703,500,0,500,FastestO
query_cycle_6_48.graph,4,0.01,44,7000.0,0,1,44,0,44,FastestO
query_cycle_6_48.graph,4,0.05,196,7000.0,167.198380566802,0.9761145170618855,196,0,196,FastestO
query_cycle_6_48.graph,4,0.075,284,7000.0,124.018018018018,0.9822831402831403,284,0,284,FastestO
query_cycle_6_48.graph,4,0.1,366,7000.0,72.5799648506151,0.9896314335927693,366,0,366,FastestO
query_cycle_6_48.graph,4,0.15,500,7000.0,148.021505376344,0.9788540706605223,500,0,500,FastestO
query_cycle_6_48.graph,4,0.2,615,7000.0,95.1253701875617,0.9864106614017768,615,0,615,FastestO
query_cycle_6_48.graph,4,0.3,862,7000.0,127.857585139319,0.981734630694383,862,0,862,FastestO
query_cycle_6_48.graph,4,0.4,1089,7000.0,100.619460941069,0.9856257912941331,1089,0,1089,FastestO
query_cycle_6_48.graph,4,0.5,1311,7000.0,118.202113606341,0.9831139837705228,1311,0,1311,FastestO
query_cycle_6_48.graph,4,0.6,1527,7000.0,96.9962059620596,0.9861433991482772,1527,0,1527,FastestO
query_cycle_6_48.graph,4,0.7,1757,7000.0,81.9741273100616,0.9882894103842769,1757,0,1757,FastestO
query_cycle_6_48.graph,4,0.8,1972,7000.0,105.426429851719,0.9849390814497544,1972,0,1972,FastestO
query_cycle_6_48.graph,4,0.9,500,7000.0,51.9471698113208,0.9925789757412399,500,0,500,FastestO
query_cycle_6_48.graph,5,0.01,44,7000.0,0,1,44,0,44,FastestO
query_cycle_6_48.graph,5,0.05,196,7000.0,0,1,196,0,196,FastestO
query_cycle_6_48.graph,5,0.075,284,7000.0,105.621483375959,0.9849112166605773,284,0,284,FastestO
query_cycle_6_48.graph,5,0.1,366,7000.0,47.5509499136442,0.9932070071551937,366,0,366,FastestO
query_cycle_6_48.graph,5,0.15,500,7000.0,103.245,0.9852507142857143,500,0,500,FastestO
query_cycle_6_48.graph,5,0.2,615,7000.0,120.872195121951,0.982732543554007,615,0,615,FastestO
query_cycle_6_48.graph,5,0.3,862,7000.0,99.1548619447779,0.9858350197221746,862,0,862,FastestO
query_cycle_6_48.graph,5,0.4,1089,7000.0,146.122954444936,0.9791252922221519,1089,0,1089,FastestO
query_cycle_6_48.graph,5,0.5,1311,7000.0,81.5407665505226,0.988351319064211,1311,0,1311,FastestO
query_cycle_6_48.graph,5,0.6,1527,7000.0,86.4879581151832,0.9876445774121166,1527,0,1527,FastestO
query_cycle_6_48.graph,5,0.7,1757,7000.0,134.491966999566,0.9807868618572049,1757,0,1757,FastestO
query_cycle_6_48.graph,5,0.8,1972,7000.0,109.852292286027,0.9843068153877104,1972,0,1972,FastestO
query_cycle_6_48.graph,5,0.9,500,7000.0,107.128404669261,0.9846959421901056,500,0,500,FastestO
query_cycle_6_6.graph,1,0.01,130,443652.0,18345.4757281553,0.9586489506907321,130,0,130,FastestO
query_cycle_6_6.graph,1,0.05,440,443652.0,6606.93706293706,0.9851078388851238,440,0,440,FastestO
query_cycle_6_6.graph,1,0.075,608,443652.0,8576.02420574886,0.9806694792185117,608,0,608,FastestO
query_cycle_6_6.graph,1,0.1,753,443652.0,10787.8894230769,0.9756838931796161,753,0,753,FastestO
query_cycle_6_6.graph,1,0.15,1020,443652.0,9921.07915993538,0.9776376999090833,1020,0,1020,FastestO
query_cycle_6_6.graph,1,0.2,1194,443652.0,9728.32465172623,0.9780721722166783,1194,0,1194,FastestO
query_cycle_6_6.graph,1,0.3,1558,443652.0,13344.5197740113,0.969921200008089,1558,0,1558,FastestO
query_cycle_6_6.graph,1,0.4,1744,443652.0,7929.90887290168,0.9821258354004903,1744,0,1744,FastestO
query_cycle_6_6.graph,1,0.5,1815,443652.0,8916.0325414904,0.9799030939982455,1815,0,1815,FastestO
query_cycle_6_6.graph,1,0.6,1895,443652.0,12026.6595618709,0.9728916818545371,1895,0,1895,FastestO
query_cycle_6_6.graph,1,0.7,1973,443652.0,8535.67024280068,0.9807604378143214,1973,0,1973,FastestO
query_cycle_6_6.graph,1,0.8,2019,443652.0,12086.8912579957,0.9727559184721454,2019,0,2019,FastestO
query_cycle_6_6.graph,1,0.9,500,443652.0,10714.1360824742,0.9758501346044327,500,0,500,FastestO
query_cycle_6_6.graph,2,0.01,130,443652.0,13626.8076923077,0.9692849177005678,130,0,130,FastestO
query_cycle_6_6.graph,2,0.05,440,443652.0,13338.24,0.9699353547374969,440,0,440,FastestO
query_cycle_6_6.graph,2,0.075,608,443652.0,5932.75981161695,0.9866274471621519,608,0,608,FastestO
query_cycle_6_6.graph,2,0.1,753,443652.0,7808.19834710744,0.9824001732278735,753,0,753,FastestO
query_cycle_6_6.graph,2,0.15,1020,443652.0,5142.72472783826,0.988408201185077,1020,0,1020,FastestO
query_cycle_6_6.graph,2,0.2,1194,443652.0,6245.62019230769,0.9859222539460936,1194,0,1194,FastestO
query_cycle_6_6.graph,2,0.3,1558,443652.0,11095.2882165605,0.9749910104844326,1558,0,1558,FastestO
query_cycle_6_6.graph,2,0.4,1744,443652.0,11878.1189262657,0.9732264952569453,1744,0,1744,FastestO
query_cycle_6_6.graph,2,0.5,1815,443652.0,10803.5426065163,0.9756486106080525,1815,0,1815,FastestO
query_cycle_6_6.graph,2,0.6,1895,443652.0,9992.72906403941,0.9774761996699228,1895,0,1895,FastestO
query_cycle_6_6.graph,2,0.7,1973,443652.0,7929.59713813979,0.9821265380565404,1973,0,1973,FastestO
query_cycle_6_6.graph,2,0.8,2019,443652.0,9028.22933884298,0.9796502002947288,2019,0,2019,FastestO
query_cycle_6_6.graph,2,0.9,500,443652.0,11521.8536585366,0.9740295239094232,500,0,500,FastestO
query_cycle_6_6.graph,3,0.01,130,443652.0,0,1,130,0,130,FastestO
query_cycle_6_6.graph,3,0.05,440,443652.0,9172.73786407767,0.979324475345366,440,0,440,FastestO
query_cycle_6_6.graph,3,0.075,608,443652.0,11809.9,0.9733802620071587,608,0,608,FastestO
query_cycle_6_6.graph,3,0.1,753,443652.0,9939.02475247525,0.9775972502040444,753,0,753,FastestO
query_cycle_6_6.graph,3,0.15,1020,443652.0,7879.52025416998,0.9822394123002488,1020,0,1020,FastestO
query_cycle_6_6.graph,3,0.2,1194,443652.0,10093.9316239316,0.9772480871856057,1194,0,1194,FastestO
query_cycle_6_6.graph,3,0.3,1558,443652.0,10586.4642706131,0.9761379092833727,1558,0,1558,FastestO
query_cycle_6_6.graph,3,0.4,1744,443652.0,12003.3754597125,0.9729441646612379,1744,0,1744,FastestO
query_cycle_6_6.graph,3,0.5,1815,443652.0,7782.71308672676,0.9824576174868438,1815,0,1815,FastestO
query_cycle_6_6.graph,3,0.6,1895,443652.0,8684.2567843595,0.9804255209390254,1895,0,1895,FastestO
query_cycle_6_6.graph,3,0.7,1973,443652.0,12653.4642857143,0.9714788521505273,1973,0,1973,FastestO
query_cycle_6_6.graph,3,0.8,2019,443652.0,11189.6065911432,0.9747784150840226,2019,0,2019,FastestO
query_cycle_6_6.graph,3,0.9,500,443652.0,7453.98027613412,0.9831985874601397,500,0,500,FastestO
query_cycle_6_6.graph,4,0.01,130,443652.0,13122.1111111111,0.9704225133412875,130,0,130,FastestO
query_cycle_6_6.graph,4,0.05,440,443652.0,8569.54195011338,0.9806840903453307,440,0,440,FastestO
query_cycle_6_6.graph,4,0.075,608,443652.0,11959.3924050633,0.9730433032983887,608,0,608,FastestO
query_cycle_6_6.graph,4,0.1,753,443652.0,5732.96116504854,0.9870777970908537,753,0,753,FastestO
query_cycle_6_6.graph,4,0.15,1020,443652.0,9347.25722983257,0.9789311053937938,1020,0,1020,FastestO
query_cycle_6_6.graph,4,0.2,1194,443652.0,9400.91542288557,0.9788101588116687,1194,0,1194,FastestO
query_cycle_6_6.graph,4,0.3,1558,443652.0,13074.0447700448,0.9705308557832607,1558,0,1558,FastestO
query_cycle_6_6.graph,4,0.4,1744,443652.0,11167.7541371158,0.9748276709287553,1744,0,1744,FastestO
query_cycle_6_6.graph,4,0.5,1815,443652.0,10379.0709353421,0.9766053777840692,1815,0,1815,FastestO
query_cycle_6_6.graph,4,0.6,1895,443652.0,6938.83666274971,0.984359730909024,1895,0,1895,FastestO
query_cycle_6_6.graph,4,0.7,1973,443652.0,8923.03555555556,0.9798873090720756,1973,0,1973,FastestO
query_cycle_6_6.graph,4,0.8,2019,443652.0,9733.77256129369,0.9780598925254621,2019,0,2019,FastestO
query_cycle_6_6.graph,4,0.9,500,443652.0,15238.5806451613,0.9656519509769791,500,0,500,FastestO
query_cycle_6_6.graph,5,0.01,130,443652.0,4456.56603773585,0.989954815851758,130,0,130,FastestO
query_cycle_6_6.graph,5,0.05,440,443652.0,8871.28638497653,0.9800039526814338,440,0,440,FastestO
query_cycle_6_6.graph,5,0.075,608,443652.0,7821.12582781457,0.9823710344418271,608,0,608,FastestO
query_cycle_6_6.graph,5,0.1,753,443652.0,8748.07407407407,0.9802816755608584,753,0,753,FastestO
query_cycle_6_6.graph,5,0.15,1020,443652.0,12544.6585735964,0.9717241022837803,1020,0,1020,FastestO
query_cycle_6_6.graph,5,0.2,1194,443652.0,11838.7750611247,0.9733151770731909,1194,0,1194,FastestO
query_cycle_6_6.graph,5,0.3,1558,443652.0,14833.690821256,0.9665645802988468,1558,0,1558,FastestO
query_cycle_6_6.graph,5,0.4,1744,443652.0,10771.7528089888,0.9757202654130066,1744,0,1744,FastestO
query_cycle_6_6.graph,5,0.5,1815,443652.0,10145.8301334201,0.9771311069635207,1815,0,1815,FastestO
query_cycle_6_6.graph,5,0.6,1895,443652.0,10880.7932994316,0.9754744860849683,1895,0,1895,FastestO
query_cycle_6_6.graph,5,0.7,1973,443652.0,11408.6088177478,0.9742847799226696,1973,0,1973,FastestO
query_cycle_6_6.graph,5,0.8,2019,443652.0,8791.64246395806,0.9801834715859321,2019,0,2019,FastestO
query_cycle_6_6.graph,5,0.9,500,443652.0,9879.00380228137,0.9777325385611215,500,0,500,FastestO
query_cycle_6_7.graph,1,0.01,221,825980.0,23444.8471615721,0.9716157205240175,221,0,221,FastestO
query_cycle_6_7.graph,1,0.05,838,825980.0,26286.9401840491,0.9681748466257669,838,0,838,FastestO
query_cycle_6_7.graph,1,0.075,1110,825980.0,27230.1098901099,0.967032967032967,1110,0,1110,FastestO
query_cycle_6_7.graph,1,0.1,1324,825980.0,28017.76387288,0.9660793676930678,1324,0,1324,FastestO
query_cycle_6_7.graph,1,0.15,1830,825980.0,30507.17584984,0.9630654787648127,1830,0,1830,FastestO
query_cycle_6_7.graph,1,0.2,2217,825980.0,29906.0074151315,0.9637933032093615,2217,0,2217,FastestO
query_cycle_6_7.graph,1,0.3,2931,825980.0,29157.094,0.9647,2358,0,2931,FastestO
query_cycle_6_7.graph,1,0.4,3342,825980.0,30148.27,0.9635,2365,0,3342,FastestO
query_cycle_6_7.graph,1,0.5,3616,825980.0,30313.466,0.9632999999999999,2403,0,3616,FastestO
query_cycle_6_7.graph,1,0.6,3862,825980.0,31304.642,0.9621,2404,0,3862,FastestO
query_cycle_6_7.graph,1,0.7,4062,825980.0,30726.456,0.9628,2389,0,4062,FastestO
query_cycle_6_7.graph,1,0.8,4185,825980.0,31717.632,0.9616,2416,0,4185,FastestO
query_cycle_6_7.graph,1,0.9,500,825980.0,34444.5371142619,0.9582985821517932,500,0,500,FastestO
query_cycle_6_7.graph,2,0.01,221,825980.0,20445.0495049505,0.9752475247524752,221,0,221,FastestO
query_cycle_6_7.graph,2,0.05,838,825980.0,26015.1181102362,0.968503937007874,838,0,838,FastestO
query_cycle_6_7.graph,2,0.075,1110,825980.0,27313.1285178236,0.9669324577861164,1110,0,1110,FastestO
query_cycle_6_7.graph,2,0.1,1324,825980.0,29801.3261823501,0.9639200390053633,1324,0,1324,FastestO
query_cycle_6_7.graph,2,0.15,1830,825980.0,29185.0177556818,0.9646661931818182,1830,0,1830,FastestO
query_cycle_6_7.graph,2,0.2,2217,825980.0,32430.8155628156,0.9607365607365608,2217,0,2217,FastestO
query_cycle_6_7.graph,2,0.3,2931,825980.0,29157.094,0.9647,2373,0,2931,FastestO
query_cycle_6_7.graph,2,0.4,3342,825980.0,27876.825,0.9662500000000001,2352,0,3342,FastestO
query_cycle_6_7.graph,2,0.5,3616,825980.0,29611.383,0.96415,2390,0,3616,FastestO
query_cycle_6_7.graph,2,0.6,3862,825980.0,29363.589,0.9644499999999999,2386,0,3862,FastestO
query_cycle_6_7.graph,2,0.7,4062,825980.0,29652.682,0.9641,2385,0,4062,FastestO
query_cycle_6_7.graph,2,0.8,4185,825980.0,29115.795,0.96475,2336,0,4185,FastestO
query_cycle_6_7.graph,2,0.9,500,825980.0,23961.8771331058,0.9709897610921502,500,0,500,FastestO
query_cycle_6_7.graph,3,0.01,221,825980.0,27144.882629108,0.9671361502347418,221,0,221,FastestO
query_cycle_6_7.graph,3,0.05,838,825980.0,29338.9054005074,0.9644798840159479,838,0,838,FastestO
query_cycle_6_7.graph,3,0.075,1110,825980.0,28494.9131905299,0.9655016910935738,1110,0,1110,FastestO
query_cycle_6_7.graph,3,0.1,1324,825980.0,30213.80128522,0.9634206623826002,1324,0,1324,FastestO
query_cycle_6_7.graph,3,0.15,1830,825980.0,27965.1169284468,0.9661431064572426,1830,0,1830,FastestO
query_cycle_6_7.graph,3,0.2,2217,825980.0,30725.8385891147,0.9628007474889044,2217,0,2217,FastestO
query_cycle_6_7.graph,3,0.3,2931,825980.0,31139.446,0.9623,2358,0,2931,FastestO
query_cycle_6_7.graph,3,0.4,3342,825980.0,30437.363,0.96315,2377,0,3342,FastestO
query_cycle_6_7.graph,3,0.5,3616,825980.0,28455.011,0.9655499999999999,2411,0,3616,FastestO
query_cycle_6_7.graph,3,0.6,3862,825980.0,29941.775,0.96375,2384,0,3862,FastestO
query_cycle_6_7.graph,3,0.7,4062,825980.0,30932.951,0.96255,2464,0,4062,FastestO
query_cycle_6_7.graph,3,0.8,4185,825980.0,29900.476,0.9638,2425,0,4185,FastestO
query_cycle_6_7.graph,3,0.9,500,825980.0,28073.3383685801,0.9660120845921449,500,0,500,FastestO
query_cycle_6_7.graph,4,0.01,221,825980.0,16644.4332493703,0.9798488664987405,221,0,221,FastestO
query_cycle_6_7.graph,4,0.05,838,825980.0,26890.9507954125,0.9674435812060673,838,0,838,FastestO
query_cycle_6_7.graph,4,0.075,1110,825980.0,25333.4554280671,0.9693292144748454,1110,0,1110,FastestO
query_cycle_6_7.graph,4,0.1,1324,825980.0,26985.1420454545,0.9673295454545454,1324,0,1324,FastestO
query_cycle_6_7.graph,4,0.15,1830,825980.0,30111.9691525721,0.9635439488213128,1830,0,1830,FastestO
query_cycle_6_7.graph,4,0.2,2217,825980.0,28703.8609948861,0.9652487215248721,2217,0,2217,FastestO
query_cycle_6_7.graph,4,0.3,2931,825980.0,29570.084,0.9641999999999999,2385,0,2931,FastestO
query_cycle_6_7.graph,4,0.4,3342,825980.0,29404.888,0.9643999999999999,2408,0,3342,FastestO
query_cycle_6_7.graph,4,0.5,3616,825980.0,27629.031,0.96655,2338,0,3616,FastestO
query_cycle_6_7.graph,4,0.6,3862,825980.0,29900.476,0.9638,2386,0,3862,FastestO
query_cycle_6_7.graph,4,0.7,4062,825980.0,28000.722,0.9661000000000001,2415,0,4062,FastestO
query_cycle_6_7.graph,4,0.8,4185,825980.0,30313.466,0.9632999999999999,2401,0,4185,FastestO
query_cycle_6_7.graph,4,0.9,500,825980.0,26558.8424437299,0.9678456591639872,500,0,500,FastestO
query_cycle_6_7.graph,5,0.01,221,825980.0,28342.4509803922,0.9656862745098039,221,0,221,FastestO
query_cycle_6_7.graph,5,0.05,838,825980.0,30441.5233415233,0.9631449631449631,838,0,838,FastestO
query_cycle_6_7.graph,5,0.075,1110,825980.0,29571.8952785858,0.9641978071156858,1110,0,1110,FastestO
query_cycle_6_7.graph,5,0.1,1324,825980.0,30652.9439174571,0.962888999833583,1324,0,1324,FastestO
query_cycle_6_7.graph,5,0.15,1830,825980.0,28868.0048593589,0.9650499953275395,1830,0,1830,FastestO
query_cycle_6_7.graph,5,0.2,2217,825980.0,27777.8137408254,0.9663698712549633,2217,0,2217,FastestO
query_cycle_6_7.graph,5,0.3,2931,825980.0,28950.599,0.96495,2408,0,2931,FastestO
query_cycle_6_7.graph,5,0.4,3342,825980.0,30767.755,0.96275,2415,0,3342,FastestO
query_cycle_6_7.graph,5,0.5,3616,825980.0,28413.712,0.9655999999999999,2364,0,3616,FastestO
query_cycle_6_7.graph,5,0.6,3862,825980.0,29033.197,0.96485,2424,0,3862,FastestO
query_cycle_6_7.graph,5,0.7,4062,825980.0,30932.951,0.96255,2407,0,4062,FastestO
query_cycle_6_7.graph,5,0.8,4185,825980.0,31139.446,0.9623,2415,0,4185,FastestO
query_cycle_6_7.graph,5,0.9,500,825980.0,34385.9843885516,0.95836947094536,500,0,500,FastestO
query_cycle_6_8.graph,1,0.01,75,835945.0,31845.5238095238,0.9619047619047619,75,0,75,FastestO
query_cycle_6_8.graph,1,0.05,330,835945.0,44361.9237147595,0.9469320066334992,330,0,330,FastestO
query_cycle_6_8.graph,1,0.075,459,835945.0,31790.4753673293,0.9619706136560069,459,0,459,FastestO
query_cycle_6_8.graph,1,0.1,584,835945.0,29706.2749376559,0.9644638403990025,584,0,584,FastestO
query_cycle_6_8.graph,1,0.15,866,835945.0,29855.1785714286,0.9642857142857143,866,0,866,FastestO
query_cycle_6_8.graph,1,0.2,1078,835945.0,30869.9790180445,0.9630717582878725,1078,0,1078,FastestO
query_cycle_6_8.graph,1,0.3,1509,835945.0,31696.1784075035,0.9620834164837357,1509,0,1509,FastestO
query_cycle_6_8.graph,1,0.4,1809,835945.0,31819.6667749269,0.9619356934069503,1809,0,1809,FastestO
query_cycle_6_8.graph,1,0.5,2100,835945.0,30094.02,0.964,2016,0,2100,FastestO
query_cycle_6_8.graph,1,0.6,2368,835945.0,33103.422,0.9603999999999999,1990,0,2368,FastestO
query_cycle_6_8.graph,1,0.7,2657,835945.0,31097.154,0.9628,2000,0,2657,FastestO
query_cycle_6_8.graph,1,0.8,2921,835945.0,30386.60075,0.96365,2010,0,2921,FastestO
query_cycle_6_8.graph,1,0.9,500,835945.0,28707.8413736713,0.9656582174979559,500,0,500,FastestO
query_cycle_6_8.graph,2,0.01,75,835945.0,39806.9047619048,0.9523809523809524,75,0,75,FastestO
query_cycle_6_8.graph,2,0.05,330,835945.0,29559.5827439887,0.9646393210749646,330,0,330,FastestO
query_cycle_6_8.graph,2,0.075,459,835945.0,30656.301431127,0.9633273703041145,459,0,459,FastestO
query_cycle_6_8.graph,2,0.1,584,835945.0,31156.5097915351,0.9627289955780164,584,0,584,FastestO
query_cycle_6_8.graph,2,0.15,866,835945.0,29817.4826388889,0.9643308080808081,866,0,866,FastestO
query_cycle_6_8.graph,2,0.2,1078,835945.0,30665.2279140438,0.9633166919904493,1078,0,1078,FastestO
query_cycle_6_8.graph,2,0.3,1509,835945.0,30081.0470417071,0.964015518913676,1509,0,1509,FastestO
query_cycle_6_8.graph,2,0.4,1809,835945.0,30772.3252767407,0.9631885766686317,1809,0,1809,FastestO
query_cycle_6_8.graph,2,0.5,2100,835945.0,30929.965,0.9630000000000001,1958,0,2100,FastestO
query_cycle_6_8.graph,2,0.6,2368,835945.0,28631.11625,0.96575,2011,0,2368,FastestO
query_cycle_6_8.graph,2,0.7,2657,835945.0,30511.9925,0.9634999999999999,1967,0,2657,FastestO
query_cycle_6_8.graph,2,0.8,2921,835945.0,31222.54575,0.9626499999999999,2030,0,2921,FastestO
query_cycle_6_8.graph,2,0.9,500,835945.0,26165.2126805779,0.9686998394863563,500,0,500,FastestO
query_cycle_6_8.graph,3,0.01,75,835945.0,28498.125,0.9659090909090909,75,0,75,FastestO
query_cycle_6_8.graph,3,0.05,330,835945.0,37517.8681626928,0.9551192145862553,330,0,330,FastestO
query_cycle_6_8.graph,3,0.075,459,835945.0,25991.5672268908,0.9689075630252102,459,0,459,FastestO
query_cycle_6_8.graph,3,0.1,584,835945.0,33903.338377724,0.9594430992736078,584,0,584,FastestO
query_cycle_6_8.graph,3,0.15,866,835945.0,32262.522398346,0.9614059269469332,866,0,866,FastestO
query_cycle_6_8.graph,3,0.2,1078,835945.0,32569.2857142857,0.961038961038961,1078,0,1078,FastestO
query_cycle_6_8.graph,3,0.3,1509,835945.0,34028.8269951794,0.9592929833958223,1509,0,1509,FastestO
query_cycle_6_8.graph,3,0.4,1809,835945.0,32218.9410765613,0.9614580611444997,1809,0,1809,FastestO
query_cycle_6_8.graph,3,0.5,2100,835945.0,30762.776,0.9632000000000001,2005,0,2100,FastestO
query_cycle_6_8.graph,3,0.6,2368,835945.0,31431.532,0.9624,2003,0,2368,FastestO
query_cycle_6_8.graph,3,0.7,2657,835945.0,31306.14025,0.9625500000000001,2013,0,2657,FastestO
query_cycle_6_8.graph,3,0.8,2921,835945.0,31389.73475,0.96245,2009,0,2921,FastestO
query_cycle_6_8.graph,3,0.9,500,835945.0,33599.075562701,0.9598070739549839,500,0,500,FastestO
query_cycle_6_8.graph,4,0.01,75,835945.0,52246.5625,0.9375,75,0,75,FastestO
query_cycle_6_8.graph,4,0.05,330,835945.0,24953.5820895522,0.9701492537313433,330,0,330,FastestO
query_cycle_6_8.graph,4,0.075,459,835945.0,29855.1785714286,0.9642857142857143,459,0,459,FastestO
query_cycle_6_8.graph,4,0.1,584,835945.0,37348.3968462549,0.9553219448094612,584,0,584,FastestO
query_cycle_6_8.graph,4,0.15,866,835945.0,28692.660801846,0.9656763772714162,866,0,866,FastestO
query_cycle_6_8.graph,4,0.2,1078,835945.0,32216.5673313914,0.961460900739413,1078,0,1078,FastestO
query_cycle_6_8.graph,4,0.3,1509,835945.0,31503.3818181818,0.9623140495867768,1509,0,1509,FastestO
query_cycle_6_8.graph,4,0.4,1809,835945.0,30997.3077425251,0.9629194411803108,1809,0,1809,FastestO
query_cycle_6_8.graph,4,0.5,2100,835945.0,30428.398,0.9635999999999999,1985,0,2100,FastestO
query_cycle_6_8.graph,4,0.6,2368,835945.0,32100.288,0.9616000000000001,2012,0,2368,FastestO
query_cycle_6_8.graph,4,0.7,2657,835945.0,31347.9375,0.9625,2031,0,2657,FastestO
query_cycle_6_8.graph,4,0.8,2921,835945.0,31724.11275,0.9620500000000001,2029,0,2921,FastestO
query_cycle_6_8.graph,4,0.9,500,835945.0,28490.7668474051,0.9659178931061193,500,0,500,FastestO
query_cycle_6_8.graph,5,0.01,75,835945.0,42650.2551020408,0.9489795918367346,75,0,75,FastestO
query_cycle_6_8.graph,5,0.05,330,835945.0,32105.9957325747,0.9615931721194878,330,0,330,FastestO
query_cycle_6_8.graph,5,0.075,459,835945.0,31790.4753673293,0.9619706136560069,459,0,459,FastestO
query_cycle_6_8.graph,5,0.1,584,835945.0,23372.6442593694,0.9720404521118381,584,0,584,FastestO
query_cycle_6_8.graph,5,0.15,866,835945.0,31918.9005924951,0.9618169848584595,866,0,866,FastestO
query_cycle_6_8.graph,5,0.2,1078,835945.0,32144.8238453276,0.961546723952739,1078,0,1078,FastestO
query_cycle_6_8.graph,5,0.3,1509,835945.0,31497.6771219561,0.9623208738350536,1509,0,1509,FastestO
query_cycle_6_8.graph,5,0.4,1809,835945.0,29029.9822820695,0.9652728561304039,1809,0,1809,FastestO
query_cycle_6_8.graph,5,0.5,2100,835945.0,31055.35675,0.96285,1968,0,2100,FastestO
query_cycle_6_8.graph,5,0.6,2368,835945.0,30553.78975,0.96345,2041,0,2368,FastestO
query_cycle_6_8.graph,5,0.7,2657,835945.0,30177.6145,0.9639,1977,0,2657,FastestO
query_cycle_6_8.graph,5,0.8,2921,835945.0,30094.02,0.964,1996,0,2921,FastestO
query_cycle_6_8.graph,5,0.9,500,835945.0,18906.6720516963,0.9773828756058157,500,0,500,FastestO
query_cycle_6_9.graph,1,0.01,56,6149000.0,368878.132075472,0.9400100614611365,56,0,56,FastestO
query_cycle_6_9.graph,1,0.05,215,6149000.0,287846.598939929,0.9531880632720883,215,0,215,FastestO
query_cycle_6_9.graph,1,0.075,308,6149000.0,246055.300388673,0.9599845014817575,308,0,308,FastestO
query_cycle_6_9.graph,1,0.1,400,6149000.0,247956.130101258,0.9596753732149523,400,0,400,FastestO
query_cycle_6_9.graph,1,0.15,560,6149000.0,257455.683950617,0.9581304791103241,560,0,560,FastestO
query_cycle_6_9.graph,1,0.2,680,6149000.0,253787.075783893,0.958727097774615,680,0,680,FastestO
query_cycle_6_9.graph,1,0.3,873,6149000.0,271124.239651302,0.9559075882824357,873,0,873,FastestO
query_cycle_6_9.graph,1,0.4,1005,6149000.0,259370.5106,0.9578190745487072,889,0,1005,FastestO
query_cycle_6_9.graph,1,0.5,1112,6149000.0,260999.72235,0.9575541189868271,894,0,1112,FastestO
query_cycle_6_9.graph,1,0.6,1227,6149000.0,276640.15515,0.9550105455927793,898,0,1227,FastestO
query_cycle_6_9.graph,1,0.7,1304,6149000.0,263932.3035,0.9570771989754431,896,0,1304,FastestO
query_cycle_6_9.graph,1,0.8,1394,6149000.0,261325.5647,0.9575011278744512,894,0,1394,FastestO
query_cycle_6_9.graph,1,0.9,500,6149000.0,232744.535714286,0.9621492054457171,500,0,500,FastestO
query_cycle_6_9.graph,2,0.01,56,6149000.0,364943.432,0.9406499541388844,56,0,56,FastestO
query_cycle_6_9.graph,2,0.05,215,6149000.0,271278.399243141,0.9558825176056041,215,0,215,FastestO
query_cycle_6_9.graph,2,0.075,308,6149000.0,318156.54580362,0.9482588151238217,308,0,308,FastestO
query_cycle_6_9.graph,2,0.1,400,6149000.0,272028.096188748,0.9557605958385514,400,0,400,FastestO
query_cycle_6_9.graph,2,0.15,560,6149000.0,255524.086864726,0.9584446110156567,560,0,560,FastestO
query_cycle_6_9.graph,2,0.2,680,6149000.0,254591.960933261,0.9585962008565196,680,0,680,FastestO
query_cycle_6_9.graph,2,0.3,873,6149000.0,274782.723857712,0.9553126160582677,873,0,873,FastestO
query_cycle_6_9.graph,2,0.4,1005,6149000.0,255134.56005,0.9585079590095952,895,0,1005,FastestO
query_cycle_6_9.graph,2,0.5,1112,6149000.0,268494.0964,0.9563353234021792,879,0,1112,FastestO
query_cycle_6_9.graph,2,0.6,1227,6149000.0,263932.3035,0.9570771989754431,870,0,1227,FastestO
query_cycle_6_9.graph,2,0.7,1304,6149000.0,265887.3576,0.9567592523011872,859,0,1304,FastestO
query_cycle_6_9.graph,2,0.8,1394,6149000.0,263606.46115,0.9571301900878192,893,0,1394,FastestO
query_cycle_6_9.graph,2,0.9,500,6149000.0,255864.192447973,0.9583893003011916,500,0,500,FastestO
query_cycle_6_9.graph,3,0.01,56,6149000.0,350907.146153846,0.9429326482104657,56,0,56,FastestO
query_cycle_6_9.graph,3,0.05,215,6149000.0,244795.268020305,0.9601894181134648,215,0,215,FastestO
query_cycle_6_9.graph,3,0.075,308,6149000.0,271535.291666667,0.9558407396866698,308,0,308,FastestO
query_cycle_6_9.graph,3,0.1,400,6149000.0,230558.456793989,0.9625047232405287,400,0,400,FastestO
query_cycle_6_9.graph,3,0.15,560,6149000.0,266473.599518942,0.9566639129095883,560,0,560,FastestO
query_cycle_6_9.graph,3,0.2,680,6149000.0,255602.090487956,0.958431925436989,680,0,680,FastestO
query_cycle_6_9.graph,3,0.3,873,6149000.0,275988.47045,0.9551165278175313,873,0,873,FastestO
query_cycle_6_9.graph,3,0.4,1005,6149000.0,277291.83985,0.9549045633680273,888,0,1005,FastestO
query_cycle_6_9.graph,3,0.5,1112,6149000.0,265235.6729,0.9568652345259392,883,0,1112,FastestO
query_cycle_6_9.graph,3,0.6,1227,6149000.0,268819.93875,0.9562823322898033,880,0,1227,FastestO
query_cycle_6_9.graph,3,0.7,1304,6149000.0,258718.8259,0.9579250567734592,880,0,1304,FastestO
query_cycle_6_9.graph,3,0.8,1394,6149000.0,259044.66825,0.9578720656610831,888,0,1394,FastestO
query_cycle_6_9.graph,3,0.9,500,6149000.0,270031.659156005,0.9560852725392738,500,0,500,FastestO
query_cycle_6_9.graph,4,0.01,56,6149000.0,188894.115942029,0.9692805145646399,56,0,56,FastestO
query_cycle_6_9.graph,4,0.05,215,6149000.0,292011.723497268,0.9525106971056647,215,0,215,FastestO
query_cycle_6_9.graph,4,0.075,308,6149000.0,284797.940874036,0.9536838606482295,308,0,308,FastestO
query_cycle_6_9.graph,4,0.1,400,6149000.0,277020.02622852,0.9549487678925809,400,0,400,FastestO
query_cycle_6_9.graph,4,0.15,560,6149000.0,263927.784188627,0.9570779339423277,560,0,560,FastestO
query_cycle_6_9.graph,4,0.2,680,6149000.0,257271.260108246,0.9581604716037981,680,0,680,FastestO
query_cycle_6_9.graph,4,0.3,873,6149000.0,270123.30815,0.9560703678402992,864,0,873,FastestO
query_cycle_6_9.graph,4,0.4,1005,6149000.0,269471.62345,0.9561763500650513,895,0,1005,FastestO
query_cycle_6_9.graph,4,0.5,1112,6149000.0,270123.30815,0.9560703678402992,863,0,1112,FastestO
query_cycle_6_9.graph,4,0.6,1227,6149000.0,267842.4117,0.9564413056269312,877,0,1227,FastestO
query_cycle_6_9.graph,4,0.7,1304,6149000.0,275662.6281,0.9551695189299072,893,0,1304,FastestO
query_cycle_6_9.graph,4,0.8,1394,6149000.0,282831.1598,0.9540037144576353,862,0,1394,FastestO
query_cycle_6_9.graph,4,0.9,500,6149000.0,295846.774274905,0.9518870102008611,500,0,500,FastestO
query_cycle_6_9.graph,5,0.01,56,6149000.0,404493.951724138,0.9342179294642807,56,0,56,FastestO
query_cycle_6_9.graph,5,0.05,215,6149000.0,285765.48342246,0.9535265110713189,215,0,215,FastestO
query_cycle_6_9.graph,5,0.075,308,6149000.0,214695.922453117,0.9650844165794249,308,0,308,FastestO
query_cycle_6_9.graph,5,0.1,400,6149000.0,285178.069692058,0.9536220410323535,400,0,400,FastestO
query_cycle_6_9.graph,5,0.15,560,6149000.0,285211.087877735,0.953616671348555,560,0,560,FastestO
query_cycle_6_9.graph,5,0.2,680,6149000.0,281104.81736417,0.9542844661954513,680,0,680,FastestO
query_cycle_6_9.graph,5,0.3,873,6149000.0,262958.659879215,0.9572355407579745,873,0,873,FastestO
query_cycle_6_9.graph,5,0.4,1005,6149000.0,254482.87535,0.958613941234347,909,0,1005,FastestO
query_cycle_6_9.graph,5,0.5,1112,6149000.0,242752.55075,0.9605216212798828,884,0,1112,FastestO
query_cycle_6_9.graph,5,0.6,1227,6149000.0,267842.4117,0.9564413056269312,867,0,1227,FastestO
query_cycle_6_9.graph,5,0.7,1304,6149000.0,274685.10105,0.9553284922670353,881,0,1304,FastestO
query_cycle_6_9.graph,5,0.8,1394,6149000.0,262303.09175,0.9573421545373232,894,0,1394,FastestO
query_cycle_6_9.graph,5,0.9,500,6149000.0,266843.096543952,0.9566038223216862,500,0,500,FastestO
query_cycle_8_0.graph,1,0.01,78,41272.0,0,1,78,0,78,FastestO
query_cycle_8_0.graph,1,0.05,282,41272.0,0,1,282,0,282,FastestO
query_cycle_8_0.graph,1,0.075,369,41272.0,0,1,369,0,369,FastestO
query_cycle_8_0.graph,1,0.1,465,41272.0,94.0729716754681,0.9977206587595594,465,0,465,FastestO
query_cycle_8_0.graph,1,0.15,603,41272.0,0,1,603,0,603,FastestO
query_cycle_8_0.graph,1,0.2,684,41272.0,69.9785729590744,0.9983044540376267,684,0,684,FastestO
query_cycle_8_0.graph,1,0.3,921,41272.0,21.7027356296378,0.9994741535270973,921,0,921,FastestO
query_cycle_8_0.graph,1,0.4,1046,41272.0,13.6887181278379,0.9996683291789146,1046,0,1046,FastestO
query_cycle_8_0.graph,1,0.5,1192,41272.0,35.4475397973951,0.9991411237692044,1192,0,1192,FastestO
query_cycle_8_0.graph,1,0.6,1293,41272.0,33.1215183454671,0.9991974821102571,1293,0,1293,FastestO
query_cycle_8_0.graph,1,0.7,1413,41272.0,26.816931477604,0.9993502391093816,1413,0,1413,FastestO
query_cycle_8_0.graph,1,0.8,1527,41272.0,27.5692558774287,0.9993320106639506,1527,0,1527,FastestO
query_cycle_8_0.graph,1,0.9,500,41272.0,23.8560993425858,0.9994219785970492,500,0,500,FastestO
query_cycle_8_0.graph,2,0.01,78,41272.0,0,1,78,0,78,FastestO
query_cycle_8_0.graph,2,0.05,282,41272.0,126.954324586978,0.9969239599586407,282,0,282,FastestO
query_cycle_8_0.graph,2,0.075,369,41272.0,0,1,369,0,369,FastestO
query_cycle_8_0.graph,2,0.1,465,41272.0,30.3240482822656,0.9992652634163048,465,0,465,FastestO
query_cycle_8_0.graph,2,0.15,603,41272.0,0,1,603,0,603,FastestO
query_cycle_8_0.graph,2,0.2,684,41272.0,61.2021550714453,0.9985171022709963,684,0,684,FastestO
query_cycle_8_0.graph,2,0.3,921,41272.0,35.0644191539618,0.99915040659154,921,0,921,FastestO
query_cycle_8_0.graph,2,0.4,1046,41272.0,52.0877192982456,0.9987379405093467,1046,0,1046,FastestO
query_cycle_8_0.graph,2,0.5,1192,41272.0,20.2410907964053,0.9995095684532757,1192,0,1192,FastestO
query_cycle_8_0.graph,2,0.6,1293,41272.0,26.7996270048489,0.9993506583881361,1293,0,1293,FastestO
query_cycle_8_0.graph,2,0.7,1413,41272.0,26.149220396123,0.9993664174162599,1413,0,1413,FastestO
query_cycle_8_0.graph,2,0.8,1527,41272.0,36.9108454683764,0.9991056686017549,1527,0,1527,FastestO
query_cycle_8_0.graph,2,0.9,500,41272.0,46.8901651112706,0.998863874658091,500,0,500,FastestO
query_cycle_8_0.graph,3,0.01,78,41272.0,0,1,78,0,78,FastestO
query_cycle_8_0.graph,3,0.05,282,41272.0,0,1,282,0,282,FastestO
query_cycle_8_0.graph,3,0.075,369,41272.0,0,1,369,0,369,FastestO
query_cycle_8_0.graph,3,0.1,465,41272.0,0,1,465,0,465,FastestO
query_cycle_8_0.graph,3,0.15,603,41272.0,18.1287815709131,0.9995607486535444,603,0,603,FastestO
query_cycle_8_0.graph,3,0.2,684,41272.0,54.7625235799623,0.9986731313340772,684,0,684,FastestO
query_cycle_8_0.graph,3,0.3,921,41272.0,35.3988727509213,0.9991423029474966,921,0,921,FastestO
query_cycle_8_0.graph,3,0.4,1046,41272.0,26.3272873841193,0.9993621029418462,1046,0,1046,FastestO
query_cycle_8_0.graph,3,0.5,1192,41272.0,25.1138559138751,0.999391503781889,1192,0,1192,FastestO
query_cycle_8_0.graph,3,0.6,1293,41272.0,26.5089285714286,0.999357701866364,1293,0,1293,FastestO
query_cycle_8_0.graph,3,0.7,1413,41272.0,33.0328720518597,0.9991996299657914,1413,0,1413,FastestO
query_cycle_8_0.graph,3,0.8,1527,41272.0,31.667168056885,0.9992327202932525,1527,0,1527,FastestO
query_cycle_8_0.graph,3,0.9,500,41272.0,0,1,500,0,500,FastestO
query_cycle_8_0.graph,4,0.01,78,41272.0,0,1,78,0,78,FastestO
query_cycle_8_0.graph,4,0.05,282,41272.0,0,1,282,0,282,FastestO
query_cycle_8_0.graph,4,0.075,369,41272.0,82.1093651791326,0.9980105309851927,369,0,369,FastestO
query_cycle_8_0.graph,4,0.1,465,41272.0,0,1,465,0,465,FastestO
query_cycle_8_0.graph,4,0.15,603,41272.0,18.8616806237366,0.9995429908745945,603,0,603,FastestO
query_cycle_8_0.graph,4,0.2,684,41272.0,41.2274353040185,0.9990010797803833,684,0,684,FastestO
query_cycle_8_0.graph,4,0.3,921,41272.0,41.2144284362183,0.9990013949303107,921,0,921,FastestO
query_cycle_8_0.graph,4,0.4,1046,41272.0,19.3277111998816,0.9995316991858916,1046,0,1046,FastestO
query_cycle_8_0.graph,4,0.5,1192,41272.0,22.0988883518608,0.9994645549439848,1192,0,1192,FastestO
query_cycle_8_0.graph,4,0.6,1293,41272.0,20.9285485421339,0.9994929116945597,1293,0,1293,FastestO
query_cycle_8_0.graph,4,0.7,1413,41272.0,33.1402541251213,0.9991970281516495,1413,0,1413,FastestO
query_cycle_8_0.graph,4,0.8,1527,41272.0,31.2385907450617,0.9992431045080186,1527,0,1527,FastestO
query_cycle_8_0.graph,4,0.9,500,41272.0,47.9926524614254,0.9988371619388101,500,0,500,FastestO
query_cycle_8_0.graph,5,0.01,78,41272.0,0,1,78,0,78,FastestO
query_cycle_8_0.graph,5,0.05,282,41272.0,64.6073194856578,0.9984345968335516,282,0,282,FastestO
query_cycle_8_0.graph,5,0.075,369,41272.0,0,1,369,0,369,FastestO
query_cycle_8_0.graph,5,0.1,465,41272.0,0,1,465,0,465,FastestO
query_cycle_8_0.graph,5,0.15,603,41272.0,34.0641460234681,0.9991746427111972,603,0,603,FastestO
query_cycle_8_0.graph,5,0.2,684,41272.0,59.501708039171,0.998558303255496,684,0,684,FastestO
query_cycle_8_0.graph,5,0.3,921,41272.0,20.2725015518312,0.9995088073863193,921,0,921,FastestO
query_cycle_8_0.graph,5,0.4,1046,41272.0,23.1214159292035,0.9994397796101665,1046,0,1046,FastestO
query_cycle_8_0.graph,5,0.5,1192,41272.0,31.1616812174992,0.9992449679875582,1192,0,1192,FastestO
query_cycle_8_0.graph,5,0.6,1293,41272.0,24.1682532207609,0.999414415264083,1293,0,1293,FastestO
query_cycle_8_0.graph,5,0.7,1413,41272.0,22.1295049337229,0.9994638131194582,1413,0,1413,FastestO
query_cycle_8_0.graph,5,0.8,1527,41272.0,30.7298484056456,0.9992554310814682,1527,0,1527,FastestO
query_cycle_8_0.graph,5,0.9,500,41272.0,0,1,500,0,500,FastestO
query_cycle_8_10.graph,1,0.01,17,29192.0,2124,0.9272403398191286,17,0,17,FastestO
query_cycle_8_10.graph,1,0.05,48,29192.0,0,1,48,0,48,FastestO
query_cycle_8_10.graph,1,0.075,77,29192.0,362.634146341463,0.9875776189935097,77,0,77,FastestO
query_cycle_8_10.graph,1,0.1,87,29192.0,772.363636363636,0.9735419417524104,87,0,87,FastestO
query_cycle_8_10.graph,1,0.15,147,29192.0,1125.14594594595,0.9614570448771599,147,0,147,FastestO
query_cycle_8_10.graph,1,0.2,179,29192.0,893.356223175966,0.9693972244732816,179,0,179,FastestO
query_cycle_8_10.graph,1,0.3,255,29192.0,747.13567839196,0.9744061496851206,255,0,255,FastestO
query_cycle_8_10.graph,1,0.4,290,29192.0,874.588235294118,0.9700401399255235,290,0,290,FastestO
query_cycle_8_10.graph,1,0.5,328,29192.0,861.913043478261,0.9704743407961681,328,0,328,FastestO
query_cycle_8_10.graph,1,0.6,362,29192.0,829.456066945607,0.9715861857034254,362,0,362,FastestO
query_cycle_8_10.graph,1,0.7,382,29192.0,949.798525798526,0.9674637391820181,382,0,382,FastestO
query_cycle_8_10.graph,1,0.8,398,29192.0,875.618374558304,0.9700048515155418,398,0,398,FastestO
query_cycle_8_10.graph,1,0.9,500,29192.0,728.228571428571,0.9750538307951298,500,0,500,FastestO
query_cycle_8_10.graph,2,0.01,17,29192.0,1858.5,0.9363352973417375,17,0,17,FastestO
query_cycle_8_10.graph,2,0.05,48,29192.0,1565.05263157895,0.9463876188140947,48,0,48,FastestO
query_cycle_8_10.graph,2,0.075,77,29192.0,0,1,77,0,77,FastestO
query_cycle_8_10.graph,2,0.1,87,29192.0,653.538461538462,0.9776124122520395,87,0,87,FastestO
query_cycle_8_10.graph,2,0.15,147,29192.0,712.239520958084,0.975601551077073,147,0,147,FastestO
query_cycle_8_10.graph,2,0.2,179,29192.0,1292.86956521739,0.9557115111942521,179,0,179,FastestO
query_cycle_8_10.graph,2,0.3,255,29192.0,919.670103092784,0.9684958172412722,255,0,255,FastestO
query_cycle_8_10.graph,2,0.4,290,29192.0,986.814159292035,0.9661957331018075,290,0,290,FastestO
query_cycle_8_10.graph,2,0.5,328,29192.0,925.846153846154,0.9682842506903894,328,0,328,FastestO
query_cycle_8_10.graph,2,0.6,362,29192.0,553.030042918455,0.9810554246739362,362,0,362,FastestO
query_cycle_8_10.graph,2,0.7,382,29192.0,807.834411384217,0.9723268562830838,382,0,382,FastestO
query_cycle_8_10.graph,2,0.8,398,29192.0,934.658905704307,0.967982361410513,398,0,398,FastestO
query_cycle_8_10.graph,2,0.9,500,29192.0,862.570992366412,0.9704518021250201,500,0,500,FastestO
query_cycle_8_10.graph,3,0.01,17,29192.0,0,1,17,0,17,FastestO
query_cycle_8_10.graph,3,0.05,48,29192.0,725.268292682927,0.9751552379870195,48,0,48,FastestO
query_cycle_8_10.graph,3,0.075,77,29192.0,1115.1,0.9618011784050425,77,0,77,FastestO
query_cycle_8_10.graph,3,0.1,87,29192.0,0,1,87,0,87,FastestO
query_cycle_8_10.graph,3,0.15,147,29192.0,657.149171270718,0.9774887239219403,147,0,147,FastestO
query_cycle_8_10.graph,3,0.2,179,29192.0,950.465753424657,0.9674408826587881,179,0,179,FastestO
query_cycle_8_10.graph,3,0.3,255,29192.0,695.578947368421,0.9761722750284866,255,0,255,FastestO
query_cycle_8_10.graph,3,0.4,290,29192.0,815.544303797468,0.9720627465128299,290,0,290,FastestO
query_cycle_8_10.graph,3,0.5,328,29192.0,866.622950819672,0.9703129983961472,328,0,328,FastestO
query_cycle_8_10.graph,3,0.6,362,29192.0,830.614525139665,0.9715465016052457,362,0,362,FastestO
query_cycle_8_10.graph,3,0.7,382,29192.0,746.510460251046,0.9744275671330828,382,0,382,FastestO
query_cycle_8_10.graph,3,0.8,398,29192.0,772.8,0.9735269936969033,398,0,398,FastestO
query_cycle_8_10.graph,3,0.9,500,29192.0,751.752808988764,0.9742479854416016,500,0,500,FastestO
query_cycle_8_10.graph,4,0.01,17,29192.0,2478,0.9151137297889833,17,0,17,FastestO
query_cycle_8_10.graph,4,0.05,48,29192.0,0,1,48,0,48,FastestO
query_cycle_8_10.graph,4,0.075,77,29192.0,1393.875,0.9522514730063031,77,0,77,FastestO
query_cycle_8_10.graph,4,0.1,87,29192.0,345.767441860465,0.9881554041566023,87,0,87,FastestO
query_cycle_8_10.graph,4,0.15,147,29192.0,874.588235294118,0.9700401399255235,147,0,147,FastestO
query_cycle_8_10.graph,4,0.2,179,29192.0,604.390243902439,0.9792960316558496,179,0,179,FastestO
query_cycle_8_10.graph,4,0.3,255,29192.0,626.021052631579,0.9785550475256379,255,0,255,FastestO
query_cycle_8_10.graph,4,0.4,290,29192.0,1292.86956521739,0.9557115111942521,290,0,290,FastestO
query_cycle_8_10.graph,4,0.5,328,29192.0,977.480968858131,0.9665154505049969,328,0,328,FastestO
query_cycle_8_10.graph,4,0.6,362,29192.0,1044.10112359551,0.9642333131133357,362,0,362,FastestO
query_cycle_8_10.graph,4,0.7,382,29192.0,772.363636363636,0.9735419417524104,382,0,382,FastestO
query_cycle_8_10.graph,4,0.8,398,29192.0,812.660869565217,0.9721615213221013,398,0,398,FastestO
query_cycle_8_10.graph,4,0.9,500,29192.0,876.474478792236,0.9699755248426886,500,0,500,FastestO
query_cycle_8_10.graph,5,0.01,17,29192.0,0,1,17,0,17,FastestO
query_cycle_8_10.graph,5,0.05,48,29192.0,0,1,48,0,48,FastestO
query_cycle_8_10.graph,5,0.075,77,29192.0,396.48,0.9864181967662373,77,0,77,FastestO
query_cycle_8_10.graph,5,0.1,87,29192.0,0,1,87,0,87,FastestO
query_cycle_8_10.graph,5,0.15,147,29192.0,935.094339622642,0.9679674452033898,147,0,147,FastestO
query_cycle_8_10.graph,5,0.2,179,29192.0,643.636363636364,0.9779516181270086,179,0,179,FastestO
query_cycle_8_10.graph,5,0.3,255,29192.0,1028.10638297872,0.9647812283167059,255,0,255,FastestO
query_cycle_8_10.graph,5,0.4,290,29192.0,759.217021276596,0.9739922916800289,290,0,290,FastestO
query_cycle_8_10.graph,5,0.5,328,29192.0,626.620689655172,0.978534506383421,328,0,328,FastestO
query_cycle_8_10.graph,5,0.6,362,29192.0,940.753782668501,0.9677735755457488,362,0,362,FastestO
query_cycle_8_10.graph,5,0.7,382,29192.0,1047.60975609756,0.964113121536806,382,0,382,FastestO
query_cycle_8_10.graph,5,0.8,398,29192.0,594.72,0.979627295149356,398,0,398,FastestO
query_cycle_8_10.graph,5,0.9,500,29192.0,715.990970654628,0.9754730415643111,500,0,500,FastestO
query_cycle_8_12.graph,1,0.01,21,1628441.0,0,1,21,0,21,FastestO
query_cycle_8_12.graph,1,0.05,117,1628441.0,15712.9745762712,0.9903509095040771,117,0,117,FastestO
query_cycle_8_12.graph,1,0.075,155,1628441.0,0,1,155,0,155,FastestO
query_cycle_8_12.graph,1,0.1,182,1628441.0,18607.7663082437,0.9885732634413874,182,0,182,FastestO
query_cycle_8_12.graph,1,0.15,231,1628441.0,24158.0586319218,0.9851649162407961,231,0,231,FastestO
query_cycle_8_12.graph,1,0.2,288,1628441.0,25110.3593712213,0.9845801233380752,288,0,288,FastestO
query_cycle_8_12.graph,1,0.3,410,1628441.0,17456.5124411567,0.9892802303300171,410,0,410,FastestO
query_cycle_8_12.graph,1,0.4,494,1628441.0,21391.8602692061,0.9868635951384139,494,0,494,FastestO
query_cycle_8_12.graph,1,0.5,548,1628441.0,12984.5977615207,0.9920263627840857,548,0,548,FastestO
query_cycle_8_12.graph,1,0.6,590,1628441.0,11646.8127874369,0.9928478754910759,590,0,590,FastestO
query_cycle_8_12.graph,1,0.7,626,1628441.0,14100.5518024691,0.9913410729633624,626,0,626,FastestO
query_cycle_8_12.graph,1,0.8,645,1628441.0,21020.4914971657,0.9870916468590721,645,0,645,FastestO
query_cycle_8_12.graph,1,0.9,500,1628441.0,28018.2532381269,0.9827944314604417,500,0,500,FastestO
query_cycle_8_12.graph,2,0.01,21,1628441.0,84829.522875817,0.9479075245122071,21,0,21,FastestO
query_cycle_8_12.graph,2,0.05,117,1628441.0,0,1,117,0,117,FastestO
query_cycle_8_12.graph,2,0.075,155,1628441.0,11940.1260349586,0.9926677564400808,155,0,155,FastestO
query_cycle_8_12.graph,2,0.1,182,1628441.0,18654.5698886094,0.9885445220989834,182,0,182,FastestO
query_cycle_8_12.graph,2,0.15,231,1628441.0,6368.45780176644,0.9960892302504257,231,0,231,FastestO
query_cycle_8_12.graph,2,0.2,288,1628441.0,16227.0268806001,0.9900352380708911,288,0,288,FastestO
query_cycle_8_12.graph,2,0.3,410,1628441.0,14297.1105970478,0.9912203692998103,410,0,410,FastestO
query_cycle_8_12.graph,2,0.4,494,1628441.0,16696.7199828473,0.9897468069258589,494,0,494,FastestO
query_cycle_8_12.graph,2,0.5,548,1628441.0,20981.4221471085,0.9871156387323161,548,0,548,FastestO
query_cycle_8_12.graph,2,0.6,590,1628441.0,17015.9514913143,0.9895507718785549,590,0,590,FastestO
query_cycle_8_12.graph,2,0.7,626,1628441.0,10763.0699699388,0.9933905680525491,626,0,626,FastestO
query_cycle_8_12.graph,2,0.8,645,1628441.0,19038.5213843686,0.9883087435256367,645,0,645,FastestO
query_cycle_8_12.graph,2,0.9,500,1628441.0,15666.7425122595,0.9903792998872789,500,0,500,FastestO
query_cycle_8_12.graph,3,0.01,21,1628441.0,0,1,21,0,21,FastestO
query_cycle_8_12.graph,3,0.05,117,1628441.0,14583.0528089888,0.9910447766858064,117,0,117,FastestO
query_cycle_8_12.graph,3,0.075,155,1628441.0,0,1,155,0,155,FastestO
query_cycle_8_12.graph,3,0.1,182,1628441.0,18947.3240875912,0.9883647463509018,182,0,182,FastestO
query_cycle_8_12.graph,3,0.15,231,1628441.0,6923.93544945319,0.9957481201655737,231,0,231,FastestO
query_cycle_8_12.graph,3,0.2,288,1628441.0,24637.2760060744,0.9848706363902197,288,0,288,FastestO
query_cycle_8_12.graph,3,0.3,410,1628441.0,21200.8853496682,0.9869808698321474,410,0,410,FastestO
query_cycle_8_12.graph,3,0.4,494,1628441.0,18905.9242534596,0.9883901693377534,494,0,494,FastestO
query_cycle_8_12.graph,3,0.5,548,1628441.0,15565.36118329,0.9904415565665012,548,0,548,FastestO
query_cycle_8_12.graph,3,0.6,590,1628441.0,13090.9170682506,0.9919610737704034,590,0,590,FastestO
query_cycle_8_12.graph,3,0.7,626,1628441.0,13889.2973051853,0.9914708010267579,626,0,626,FastestO
query_cycle_8_12.graph,3,0.8,645,1628441.0,14865.0650632131,0.9908715973970116,645,0,645,FastestO
query_cycle_8_12.graph,3,0.9,500,1628441.0,12149.6999765972,0.9925390603794689,500,0,500,FastestO
query_cycle_8_12.graph,4,0.01,21,1628441.0,0,1,21,0,21,FastestO
query_cycle_8_12.graph,4,0.05,117,1628441.0,18475.3266903915,0.9886545925272138,117,0,117,FastestO
query_cycle_8_12.graph,4,0.075,155,1628441.0,22900.6034406705,0.9859370996918706,155,0,155,FastestO
query_cycle_8_12.graph,4,0.1,182,1628441.0,40042.9371384497,0.9754102622456389,182,0,182,FastestO
query_cycle_8_12.graph,4,0.15,231,1628441.0,28245.7388465724,0.9826547361270244,231,0,231,FastestO
query_cycle_8_12.graph,4,0.2,288,1628441.0,9492.7167672335,0.9941706719695503,288,0,288,FastestO
query_cycle_8_12.graph,4,0.3,410,1628441.0,17261.1109387122,0.9894002233186758,410,0,410,FastestO
query_cycle_8_12.graph,4,0.4,494,1628441.0,8421.7159542542,0.9948283567201672,494,0,494,FastestO
query_cycle_8_12.graph,4,0.5,548,1628441.0,13611.0758564437,0.9916416524415415,548,0,548,FastestO
query_cycle_8_12.graph,4,0.6,590,1628441.0,12501.0972816781,0.992323272822486,590,0,590,FastestO
query_cycle_8_12.graph,4,0.7,626,1628441.0,9308.05342895563,0.9942840708205237,626,0,626,FastestO
query_cycle_8_12.graph,4,0.8,645,1628441.0,15896.4907921788,0.9902382150829052,645,0,645,FastestO
query_cycle_8_12.graph,4,0.9,500,1628441.0,21306.0196990424,0.9869163084821357,500,0,500,FastestO
query_cycle_8_12.graph,5,0.01,21,1628441.0,0,1,21,0,21,FastestO
query_cycle_8_12.graph,5,0.05,117,1628441.0,0,1,117,0,117,FastestO
query_cycle_8_12.graph,5,0.075,155,1628441.0,43773.7504215852,0.973119228500397,155,0,155,FastestO
query_cycle_8_12.graph,5,0.1,182,1628441.0,43349.7561790247,0.9733795966946148,182,0,182,FastestO
query_cycle_8_12.graph,5,0.15,231,1628441.0,15224.5360703812,0.9906508519065896,231,0,231,FastestO
query_cycle_8_12.graph,5,0.2,288,1628441.0,0,1,288,0,288,FastestO
query_cycle_8_12.graph,5,0.3,410,1628441.0,19315.9177208462,0.9881383987993141,410,0,410,FastestO
query_cycle_8_12.graph,5,0.4,494,1628441.0,16627.6460885579,0.9897892241176941,494,0,494,FastestO
query_cycle_8_12.graph,5,0.5,548,1628441.0,16467.5721626594,0.9898875229973579,548,0,548,FastestO
query_cycle_8_12.graph,5,0.6,590,1628441.0,14940.620467365,0.9908252000119347,590,0,590,FastestO
query_cycle_8_12.graph,5,0.7,626,1628441.0,13026.285310219,0.9920007631162449,626,0,626,FastestO
query_cycle_8_12.graph,5,0.8,645,1628441.0,29626.3488487495,0.9818069252439914,645,0,645,FastestO
query_cycle_8_12.graph,5,0.9,500,1628441.0,22159.6670650504,0.9863920970639707,500,0,500,FastestO
query_cycle_8_18.graph,1,0.01,21,41135.0,1664.03846153846,0.9595468953071967,21,0,21,FastestO
query_cycle_8_18.graph,1,0.05,75,41135.0,542.507836990596,0.9868115269967036,75,0,75,FastestO
query_cycle_8_18.graph,1,0.075,104,41135.0,875.80971659919,0.9787088922669456,104,0,104,FastestO
query_cycle_8_18.graph,1,0.1,134,41135.0,245.823863636364,0.9940239731703814,134,0,134,FastestO
query_cycle_8_18.graph,1,0.15,204,41135.0,1231.74377224199,0.9700560648537258,204,0,204,FastestO
query_cycle_8_18.graph,1,0.2,263,41135.0,749.348222424795,0.9817831962459027,263,0,263,FastestO
query_cycle_8_18.graph,1,0.3,381,41135.0,1082.95214723926,0.9736732187373461,381,0,381,FastestO
query_cycle_8_18.graph,1,0.4,471,41135.0,800.331882480958,0.980543773368641,471,0,471,FastestO
query_cycle_8_18.graph,1,0.5,557,41135.0,727.448507776377,0.9823155826479549,557,0,557,FastestO
query_cycle_8_18.graph,1,0.6,653,41135.0,965.589652548821,0.9765263242360807,653,0,653,FastestO
query_cycle_8_18.graph,1,0.7,738,41135.0,843.6675,0.9794902759207487,682,0,738,FastestO
query_cycle_8_18.graph,1,0.8,837,41135.0,791.7495,0.9807524127871643,700,0,837,FastestO
query_cycle_8_18.graph,1,0.9,500,41135.0,861.301102026306,0.9790615995617769,500,0,500,FastestO
query_cycle_8_18.graph,2,0.01,21,41135.0,2403.61111111111,0.9415677376659509,21,0,21,FastestO
query_cycle_8_18.graph,2,0.05,75,41135.0,1142.3102310231,0.9722302119600558,75,0,75,FastestO
query_cycle_8_18.graph,2,0.075,104,41135.0,1280.57082452431,0.9688690695387306,104,0,104,FastestO
query_cycle_8_18.graph,2,0.1,134,41135.0,917.742424242424,0.9776894998360903,134,0,134,FastestO
query_cycle_8_18.graph,2,0.15,204,41135.0,691.778814123917,0.9831827199678154,204,0,204,FastestO
query_cycle_8_18.graph,2,0.2,263,41135.0,1262.59727626459,0.9693060100579898,263,0,263,FastestO
query_cycle_8_18.graph,2,0.3,381,41135.0,759.395161290323,0.9815389531715005,381,0,381,FastestO
query_cycle_8_18.graph,2,0.4,471,41135.0,813.04960619041,0.9802346029855254,471,0,471,FastestO
query_cycle_8_18.graph,2,0.5,557,41135.0,873.384217550884,0.9787678566293696,557,0,557,FastestO
query_cycle_8_18.graph,2,0.6,653,41135.0,808.983987603306,0.9803334389788912,653,0,653,FastestO
query_cycle_8_18.graph,2,0.7,738,41135.0,778.77,0.9810679470037682,686,0,738,FastestO
query_cycle_8_18.graph,2,0.8,837,41135.0,809.0555,0.980331700498359,683,0,837,FastestO
query_cycle_8_18.graph,2,0.9,500,41135.0,834.31129476584,0.9797177271237185,500,0,500,FastestO
query_cycle_8_18.graph,3,0.01,21,41135.0,0,1,21,0,21,FastestO
query_cycle_8_18.graph,3,0.05,75,41135.0,1386.69871794872,0.966289079422664,75,0,75,FastestO
query_cycle_8_18.graph,3,0.075,104,41135.0,1138.55263157895,0.9723215599470294,104,0,104,FastestO
query_cycle_8_18.graph,3,0.1,134,41135.0,376.763425253991,0.9908408064846482,134,0,134,FastestO
query_cycle_8_18.graph,3,0.15,204,41135.0,486.123595505618,0.9881822390785069,204,0,204,FastestO
query_cycle_8_18.graph,3,0.2,263,41135.0,1474.46445959104,0.9641554768544781,263,0,263,FastestO
query_cycle_8_18.graph,3,0.3,381,41135.0,1211.72293073268,0.9705427754775086,381,0,381,FastestO
query_cycle_8_18.graph,3,0.4,471,41135.0,595.241513384178,0.9855295608755518,471,0,471,FastestO
query_cycle_8_18.graph,3,0.5,557,41135.0,872.584882967897,0.9787872886114527,557,0,557,FastestO
query_cycle_8_18.graph,3,0.6,653,41135.0,880.291633269622,0.9785999359846939,653,0,653,FastestO
query_cycle_8_18.graph,3,0.7,738,41135.0,796.076,0.980647234714963,700,0,738,FastestO
query_cycle_8_18.graph,3,0.8,837,41135.0,774.4435,0.9811731250759693,681,0,837,FastestO
query_cycle_8_18.graph,3,0.9,500,41135.0,762.091092098641,0.9814734145594106,500,0,500,FastestO
query_cycle_8_18.graph,4,0.01,21,41135.0,4326.5,0.8948219277987116,21,0,21,FastestO
query_cycle_8_18.graph,4,0.05,75,41135.0,862.425249169435,0.9790342713220023,75,0,75,FastestO
query_cycle_8_18.graph,4,0.075,104,41135.0,719.883527454243,0.9824994888184212,104,0,104,FastestO
query_cycle_8_18.graph,4,0.1,134,41135.0,342.919418758256,0.9916635609880089,134,0,134,FastestO
query_cycle_8_18.graph,4,0.15,204,41135.0,878.134270101483,0.9786523819107456,204,0,204,FastestO
query_cycle_8_18.graph,4,0.2,263,41135.0,732.96,0.9821815971800171,263,0,263,FastestO
query_cycle_8_18.graph,4,0.3,381,41135.0,756.929805845957,0.9815988864508094,381,0,381,FastestO
query_cycle_8_18.graph,4,0.4,471,41135.0,822.220289079229,0.9800116618675281,471,0,471,FastestO
query_cycle_8_18.graph,4,0.5,557,41135.0,908.792198049512,0.9779070816081313,557,0,557,FastestO
query_cycle_8_18.graph,4,0.6,653,41135.0,867.69004443377,0.9789062831060225,653,0,653,FastestO
query_cycle_8_18.graph,4,0.7,738,41135.0,852.3205,0.9792799197763461,700,0,738,FastestO
query_cycle_8_18.graph,4,0.8,837,41135.0,800.4025,0.9805420566427617,660,0,837,FastestO
query_cycle_8_18.graph,4,0.9,500,41135.0,887.754978877489,0.9784185005742678,500,0,500,FastestO
query_cycle_8_18.graph,5,0.01,21,41135.0,1236.14285714286,0.9699491222282034,21,0,21,FastestO
query_cycle_8_18.graph,5,0.05,75,41135.0,1027.06231454006,0.975031911643611,75,0,75,FastestO
query_cycle_8_18.graph,5,0.075,104,41135.0,999.19168591224,0.9757094521475084,104,0,104,FastestO
query_cycle_8_18.graph,5,0.1,134,41135.0,500.752314814815,0.9878266120137397,134,0,134,FastestO
query_cycle_8_18.graph,5,0.15,204,41135.0,748.429807052562,0.9818055231055656,204,0,204,FastestO
query_cycle_8_18.graph,5,0.2,263,41135.0,657.023538344723,0.9840276276080048,263,0,263,FastestO
query_cycle_8_18.graph,5,0.3,381,41135.0,682.177876324218,0.9834161206679417,381,0,381,FastestO
query_cycle_8_18.graph,5,0.4,471,41135.0,1000.05037783375,0.9756885771767655,471,0,471,FastestO
query_cycle_8_18.graph,5,0.5,557,41135.0,911.172839506173,0.9778492077426481,557,0,557,FastestO
query_cycle_8_18.graph,5,0.6,653,41135.0,815.234981157171,0.9801814760870993,653,0,653,FastestO
query_cycle_8_18.graph,5,0.7,738,41135.0,783.0965,0.9809627689315668,659,0,738,FastestO
query_cycle_8_18.graph,5,0.8,837,41135.0,925.871,0.9774918925489243,682,0,837,FastestO
query_cycle_8_18.graph,5,0.9,500,41135.0,928.184499865916,0.9774356509088146,500,0,500,FastestO
query_cycle_8_19.graph,1,0.01,362,46558745.0,0,1,362,0,362,FastestO
query_cycle_8_19.graph,1,0.05,934,46558745.0,136614.272097054,0.9970657655807292,934,0,934,FastestO
query_cycle_8_19.graph,1,0.075,1188,46558745.0,164450.14255911,0.9964679000140766,1188,0,1188,FastestO
query_cycle_8_19.graph,1,0.1,1365,46558745.0,133755.26300905,0.9971271720702728,1365,0,1365,FastestO
query_cycle_8_19.graph,1,0.15,1685,46558745.0,222359.478138223,0.9952241092809048,1685,0,1685,FastestO
query_cycle_8_19.graph,1,0.2,1922,46558745.0,271607.165007657,0.9941663555362659,1922,0,1922,FastestO
query_cycle_8_19.graph,1,0.3,2408,46558745.0,246782.473258544,0.9946995462773203,2408,0,2408,FastestO
query_cycle_8_19.graph,1,0.4,2718,46558745.0,152863.157724628,0.9967167680803117,2718,0,2718,FastestO
query_cycle_8_19.graph,1,0.5,3008,46558745.0,72960.4174379859,0.9984329384858207,3008,0,3008,FastestO
query_cycle_8_19.graph,1,0.6,3248,46558745.0,197098.937322887,0.9957666612937508,3248,0,3248,FastestO
query_cycle_8_19.graph,1,0.7,3447,46558745.0,269112.068428084,0.9942199458248265,3447,0,3447,FastestO
query_cycle_8_19.graph,1,0.8,3614,46558745.0,185038.579812207,0.9960256965729595,3614,0,3614,FastestO
query_cycle_8_19.graph,1,0.9,500,46558745.0,159245.323232323,0.9965796903840015,500,0,500,FastestO
query_cycle_8_19.graph,2,0.01,362,46558745.0,0,1,362,0,362,FastestO
query_cycle_8_19.graph,2,0.05,934,46558745.0,74858.9126305793,0.9983921621463254,934,0,934,FastestO
query_cycle_8_19.graph,2,0.075,1188,46558745.0,173118.085651537,0.9962817278332665,1188,0,1188,FastestO
query_cycle_8_19.graph,2,0.1,1365,46558745.0,96423.7737003058,0.9979289868380192,1365,0,1365,FastestO
query_cycle_8_19.graph,2,0.15,1685,46558745.0,69297.9648351648,0.9985116015297413,1685,0,1685,FastestO
query_cycle_8_19.graph,2,0.2,1922,46558745.0,92809.77433281,0.9980066091916179,1922,0,1922,FastestO
query_cycle_8_19.graph,2,0.3,2408,46558745.0,202274.659994868,0.995655495868824,2408,0,2408,FastestO
query_cycle_8_19.graph,2,0.4,2718,46558745.0,157687.911758168,0.9966131408447936,2718,0,2718,FastestO
query_cycle_8_19.graph,2,0.5,3008,46558745.0,129933.684065934,0.997209252868265,3008,0,3008,FastestO
query_cycle_8_19.graph,2,0.6,3248,46558745.0,115883.357562888,0.9975110291833922,3248,0,3248,FastestO
query_cycle_8_19.graph,2,0.7,3447,46558745.0,143581.848816029,0.9969161142806571,3447,0,3447,FastestO
query_cycle_8_19.graph,2,0.8,3614,46558745.0,203547.467382441,0.9956281582035247,3614,0,3614,FastestO
query_cycle_8_19.graph,2,0.9,500,46558745.0,0,1,500,0,500,FastestO
query_cycle_8_19.graph,3,0.01,362,46558745.0,485085.753846154,0.9895812107081892,362,0,362,FastestO
query_cycle_8_19.graph,3,0.05,934,46558745.0,0,1,934,0,934,FastestO
query_cycle_8_19.graph,3,0.075,1188,46558745.0,57370.0400291121,0.9987677923872496,1188,0,1188,FastestO
query_cycle_8_19.graph,3,0.1,1365,46558745.0,285775.595166163,0.9938620425622262,1365,0,1365,FastestO
query_cycle_8_19.graph,3,0.15,1685,46558745.0,33037.064124057,0.9992904219363289,1685,0,1685,FastestO
query_cycle_8_19.graph,3,0.2,1922,46558745.0,171735.152505447,0.996311430806276,1922,0,1922,FastestO
query_cycle_8_19.graph,3,0.3,2408,46558745.0,106206.46052277,0.9977188719214237,2408,0,2408,FastestO
query_cycle_8_19.graph,3,0.4,2718,46558745.0,123441.844519016,0.9973486861701487,2718,0,2718,FastestO
query_cycle_8_19.graph,3,0.5,3008,46558745.0,167230.62391514,0.996408180162177,3008,0,3008,FastestO
query_cycle_8_19.graph,3,0.6,3248,46558745.0,138756.726676268,0.9970197494224496,3248,0,3248,FastestO
query_cycle_8_19.graph,3,0.7,3447,46558745.0,185692.426383981,0.9960116530979523,3447,0,3447,FastestO
query_cycle_8_19.graph,3,0.8,3614,46558745.0,158774.879145965,0.9965897946960133,3614,0,3614,FastestO
query_cycle_8_19.graph,3,0.9,500,46558745.0,323722.525667351,0.9930470091995102,500,0,500,FastestO
query_cycle_8_19.graph,4,0.01,362,46558745.0,0,1,362,0,362,FastestO
query_cycle_8_19.graph,4,0.05,934,46558745.0,74224.5150659134,0.9984057878908481,934,0,934,FastestO
query_cycle_8_19.graph,4,0.075,1188,46558745.0,272755.830449827,0.9941416842217327,1188,0,1188,FastestO
query_cycle_8_19.graph,4,0.1,1365,46558745.0,94516.1091127098,0.9979699601200008,1365,0,1365,FastestO
query_cycle_8_19.graph,4,0.15,1685,46558745.0,176030.448861099,0.9962191753909797,1685,0,1685,FastestO
query_cycle_8_19.graph,4,0.2,1922,46558745.0,142491.748011569,0.9969395277297194,1922,0,1922,FastestO
query_cycle_8_19.graph,4,0.3,2408,46558745.0,235750.621261555,0.9949364910660381,2408,0,2408,FastestO
query_cycle_8_19.graph,4,0.4,2718,46558745.0,212709.066786598,0.9954313831529051,2718,0,2718,FastestO
query_cycle_8_19.graph,4,0.5,3008,46558745.0,118960.852669308,0.9974449299982354,3008,0,3008,FastestO
query_cycle_8_19.graph,4,0.6,3248,46558745.0,173508.915509651,0.9962733334949289,3248,0,3248,FastestO
query_cycle_8_19.graph,4,0.7,3447,46558745.0,166000.314380265,0.9964346050483047,3447,0,3447,FastestO
query_cycle_8_19.graph,4,0.8,3614,46558745.0,243018.717769058,0.9947803851291727,3614,0,3614,FastestO
query_cycle_8_19.graph,4,0.9,500,46558745.0,162528.731958763,0.9965091685362489,500,0,500,FastestO
query_cycle_8_19.graph,5,0.01,362,46558745.0,440371.145251397,0.9905416018998924,362,0,362,FastestO
query_cycle_8_19.graph,5,0.05,934,46558745.0,78123.325074331,0.9983220483053328,934,0,934,FastestO
query_cycle_8_19.graph,5,0.075,1188,46558745.0,53586.9714479946,0.9988490460503607,1188,0,1188,FastestO
query_cycle_8_19.graph,5,0.1,1365,46558745.0,225476.072654462,0.9951571703091554,1365,0,1365,FastestO
query_cycle_8_19.graph,5,0.15,1685,46558745.0,258447.327868852,0.9944490057051828,1685,0,1685,FastestO
query_cycle_8_19.graph,5,0.2,1922,46558745.0,90466.4517980107,0.9980569396404905,1922,0,1922,FastestO
query_cycle_8_19.graph,5,0.3,2408,46558745.0,183887.4844479,0.9960504200779488,2408,0,2408,FastestO
query_cycle_8_19.graph,5,0.4,2718,46558745.0,241375.785214348,0.9948156724324432,2718,0,2718,FastestO
query_cycle_8_19.graph,5,0.5,3008,46558745.0,204213.562176166,0.9956138516582402,3008,0,3008,FastestO
query_cycle_8_19.graph,5,0.6,3248,46558745.0,203966.969984475,0.9956191480250494,3248,0,3248,FastestO
query_cycle_8_19.graph,5,0.7,3447,46558745.0,239663.404517157,0.9948524513597358,3447,0,3447,FastestO
query_cycle_8_19.graph,5,0.8,3614,46558745.0,221778.555064309,0.9952365864873655,3614,0,3614,FastestO
query_cycle_8_19.graph,5,0.9,500,46558745.0,320432.662601626,0.9931176696751249,500,0,500,FastestO
query_cycle_8_20.graph,1,0.01,131,13001153.0,124382.366972477,0.9904329741391031,131,0,131,FastestO
query_cycle_8_20.graph,1,0.05,395,13001153.0,100925.642679901,0.9922371775272624,395,0,395,FastestO
query_cycle_8_20.graph,1,0.075,533,13001153.0,87468.8903225806,0.9932722205236273,533,0,533,FastestO
query_cycle_8_20.graph,1,0.1,609,13001153.0,154944.891428571,0.9880822192132828,609,0,609,FastestO
query_cycle_8_20.graph,1,0.15,812,13001153.0,110524.548913043,0.9914988656073009,812,0,812,FastestO
query_cycle_8_20.graph,1,0.2,923,13001153.0,102322.098113208,0.992129767404998,923,0,923,FastestO
query_cycle_8_20.graph,1,0.3,1173,13001153.0,73126.6343042071,0.9943753731454275,1173,0,1173,FastestO
query_cycle_8_20.graph,1,0.4,1319,13001153.0,93581.9016393443,0.9928020305861069,1319,0,1319,FastestO
query_cycle_8_20.graph,1,0.5,1428,13001153.0,100192.875145858,0.992293539261798,1428,0,1428,FastestO
query_cycle_8_20.graph,1,0.6,1524,13001153.0,104692.494208494,0.9919474454143802,1524,0,1524,FastestO
query_cycle_8_20.graph,1,0.7,1575,13001153.0,136901.634527687,0.9894700389628761,1575,0,1575,FastestO
query_cycle_8_20.graph,1,0.8,1616,13001153.0,134274.722088836,0.9896720912299981,1616,0,1616,FastestO
query_cycle_8_20.graph,1,0.9,500,13001153.0,157342.491295938,0.9878978048103936,500,0,500,FastestO
query_cycle_8_20.graph,2,0.01,131,13001153.0,273892.484848485,0.9789332157810554,131,0,131,FastestO
query_cycle_8_20.graph,2,0.05,395,13001153.0,101429.012468828,0.9921984602081964,395,0,395,FastestO
query_cycle_8_20.graph,2,0.075,533,13001153.0,93020.089193825,0.9928452430954527,533,0,533,FastestO
query_cycle_8_20.graph,2,0.1,609,13001153.0,133479.248945148,0.9897332760451979,609,0,609,FastestO
query_cycle_8_20.graph,2,0.15,812,13001153.0,74766.6066176471,0.9942492326167036,812,0,812,FastestO
query_cycle_8_20.graph,2,0.2,923,13001153.0,183902.188394876,0.985854932374469,923,0,923,FastestO
query_cycle_8_20.graph,2,0.3,1173,13001153.0,122141.243243243,0.9906053529834435,1173,0,1173,FastestO
query_cycle_8_20.graph,2,0.4,1319,13001153.0,85885.7429864253,0.9933939902879055,1319,0,1319,FastestO
query_cycle_8_20.graph,2,0.5,1428,13001153.0,116042.893009986,0.9910744152453259,1428,0,1428,FastestO
query_cycle_8_20.graph,2,0.6,1524,13001153.0,161072.209775967,0.9876109288325453,1524,0,1524,FastestO
query_cycle_8_20.graph,2,0.7,1575,13001153.0,106451.617462312,0.9918121402415377,1575,0,1575,FastestO
query_cycle_8_20.graph,2,0.8,1616,13001153.0,109493.794058264,0.9915781474105979,1616,0,1616,FastestO
query_cycle_8_20.graph,2,0.9,500,13001153.0,178979.247524752,0.9862335865499965,500,0,500,FastestO
query_cycle_8_20.graph,3,0.01,131,13001153.0,0,1,131,0,131,FastestO
query_cycle_8_20.graph,3,0.05,395,13001153.0,164136.537530266,0.9873752322174606,395,0,395,FastestO
query_cycle_8_20.graph,3,0.075,533,13001153.0,108635.240384615,0.9916441841439282,533,0,533,FastestO
query_cycle_8_20.graph,3,0.1,609,13001153.0,67451.1343283582,0.9948119113490659,609,0,609,FastestO
query_cycle_8_20.graph,3,0.15,812,13001153.0,106753.37007874,0.9917889305603326,812,0,812,FastestO
query_cycle_8_20.graph,3,0.2,923,13001153.0,95401.9562157936,0.9926620388041127,923,0,923,FastestO
query_cycle_8_20.graph,3,0.3,1173,13001153.0,99584.203567681,0.9923403560001423,1173,0,1173,FastestO
query_cycle_8_20.graph,3,0.4,1319,13001153.0,120487.193398223,0.9907325763031769,1319,0,1319,FastestO
query_cycle_8_20.graph,3,0.5,1428,13001153.0,118321.553454545,0.9908991492174158,1428,0,1428,FastestO
query_cycle_8_20.graph,3,0.6,1524,13001153.0,100136.992292871,0.9922978375615708,1524,0,1524,FastestO
query_cycle_8_20.graph,3,0.7,1575,13001153.0,123212.993418991,0.9905229179735835,1575,0,1575,FastestO
query_cycle_8_20.graph,3,0.8,1616,13001153.0,81183.7005988024,0.9937556537794147,1616,0,1616,FastestO
query_cycle_8_20.graph,3,0.9,500,13001153.0,133792.875,0.9897091531035748,500,0,500,FastestO
query_cycle_8_20.graph,4,0.01,131,13001153.0,141225.8125,0.9891374393871066,131,0,131,FastestO
query_cycle_8_20.graph,4,0.05,395,13001153.0,65654.6150121065,0.9949500928869841,395,0,395,FastestO
query_cycle_8_20.graph,4,0.075,533,13001153.0,93179.9175257732,0.9928329496987095,533,0,533,FastestO
query_cycle_8_20.graph,4,0.1,609,13001153.0,78709.3062409289,0.9939459749269215,609,0,609,FastestO
query_cycle_8_20.graph,4,0.15,812,13001153.0,56537.4395329441,0.9956513518814104,812,0,812,FastestO
query_cycle_8_20.graph,4,0.2,923,13001153.0,127256.183393502,0.990211930942317,923,0,923,FastestO
query_cycle_8_20.graph,4,0.3,1173,13001153.0,121114.306883868,0.9906843410823741,1173,0,1173,FastestO
query_cycle_8_20.graph,4,0.4,1319,13001153.0,87581.8992248062,0.9932635283020816,1319,0,1319,FastestO
query_cycle_8_20.graph,4,0.5,1428,13001153.0,152278.267391304,0.9882873259478369,1428,0,1428,FastestO
query_cycle_8_20.graph,4,0.6,1524,13001153.0,133526.199085473,0.9897296648162303,1524,0,1524,FastestO
query_cycle_8_20.graph,4,0.7,1575,13001153.0,121788.573628489,0.9906324790094779,1575,0,1575,FastestO
query_cycle_8_20.graph,4,0.8,1616,13001153.0,126929.694558221,0.9902370432408402,1616,0,1616,FastestO
query_cycle_8_20.graph,4,0.9,500,13001153.0,117688.177083333,0.9909478661559221,500,0,500,FastestO
query_cycle_8_20.graph,5,0.01,131,13001153.0,265836.823529412,0.9795528270816126,131,0,131,FastestO
query_cycle_8_20.graph,5,0.05,395,13001153.0,32748.0144927536,0.9974811453651261,395,0,395,FastestO
query_cycle_8_20.graph,5,0.075,533,13001153.0,183211.864864865,0.9859080294751653,533,0,533,FastestO
query_cycle_8_20.graph,5,0.1,609,13001153.0,71450.2134387352,0.9945043171602753,609,0,609,FastestO
query_cycle_8_20.graph,5,0.15,812,13001153.0,48812.5220522052,0.9962455236045444,812,0,812,FastestO
query_cycle_8_20.graph,5,0.2,923,13001153.0,78254.9956709957,0.9939809187945872,923,0,923,FastestO
query_cycle_8_20.graph,5,0.3,1173,13001153.0,136800.787041954,0.9894777957738091,1173,0,1173,FastestO
query_cycle_8_20.graph,5,0.4,1319,13001153.0,135633.293872447,0.9895675949761957,1319,0,1319,FastestO
query_cycle_8_20.graph,5,0.5,1428,13001153.0,89424.0395749359,0.9931218377650862,1428,0,1428,FastestO
query_cycle_8_20.graph,5,0.6,1524,13001153.0,146067.049951028,0.9887650695326,1524,0,1524,FastestO
query_cycle_8_20.graph,5,0.7,1575,13001153.0,131257.969394129,0.9899041285496657,1575,0,1575,FastestO
query_cycle_8_20.graph,5,0.8,1616,13001153.0,66418.5082669933,0.9948913370785658,1616,0,1616,FastestO
query_cycle_8_20.graph,5,0.9,500,13001153.0,153773.285444234,0.9881723347579838,500,0,500,FastestO
query_cycle_8_23.graph,1,0.01,29,27508.0,0,1,29,0,29,FastestO
query_cycle_8_23.graph,1,0.05,66,27508.0,380.73598820059,0.9861590814235643,66,0,66,FastestO
query_cycle_8_23.graph,1,0.075,80,27508.0,169.160550458716,0.9938504962026059,80,0,80,FastestO
query_cycle_8_23.graph,1,0.1,84,27508.0,218.789676653812,0.9920463255542457,84,0,84,FastestO
query_cycle_8_23.graph,1,0.15,93,27508.0,220.973035261581,0.9919669537857503,93,0,93,FastestO
query_cycle_8_23.graph,1,0.2,94,27508.0,248.848650385604,0.9909535898507488,94,0,94,FastestO
query_cycle_8_23.graph,1,0.3,107,27508.0,274.73365,0.9900125908826524,105,0,107,FastestO
query_cycle_8_23.graph,1,0.4,114,27508.0,236.0128,0.9914202123018758,103,0,114,FastestO
query_cycle_8_23.graph,1,0.5,113,27508.0,236.0128,0.9914202123018758,105,0,113,FastestO
query_cycle_8_23.graph,1,0.6,116,27508.0,234.16895,0.9914872418932674,103,0,116,FastestO
query_cycle_8_23.graph,1,0.7,118,27508.0,230.48125,0.9916213010760506,103,0,118,FastestO
query_cycle_8_23.graph,1,0.8,120,27508.0,250.7636,0.9908839755707431,104,0,120,FastestO
query_cycle_8_23.graph,1,0.9,500,27508.0,224.9497,0.9918223898502253,102,0,500,FastestO
query_cycle_8_23.graph,2,0.01,29,27508.0,757.746575342466,0.9724535925787965,29,0,29,FastestO
query_cycle_8_23.graph,2,0.05,66,27508.0,234.553356890459,0.9914732675261574,66,0,66,FastestO
query_cycle_8_23.graph,2,0.075,80,27508.0,219.31013975617,0.992027405127375,80,0,80,FastestO
query_cycle_8_23.graph,2,0.1,84,27508.0,291.748417721519,0.9893940519950007,84,0,84,FastestO
query_cycle_8_23.graph,2,0.15,93,27508.0,260.104231974922,0.9905444150074553,93,0,93,FastestO
query_cycle_8_23.graph,2,0.2,94,27508.0,214.658106488615,0.9921965207761881,94,0,94,FastestO
query_cycle_8_23.graph,2,0.3,107,27508.0,202.8235,0.9926267449469246,104,0,107,FastestO
query_cycle_8_23.graph,2,0.4,114,27508.0,239.7005,0.9912861531190926,103,0,114,FastestO
query_cycle_8_23.graph,2,0.5,113,27508.0,258.139,0.9906158572051768,102,0,113,FastestO
query_cycle_8_23.graph,2,0.6,116,27508.0,228.6374,0.9916883306674422,101,0,116,FastestO
query_cycle_8_23.graph,2,0.7,118,27508.0,217.5743,0.9920905082157918,103,0,118,FastestO
query_cycle_8_23.graph,2,0.8,120,27508.0,210.1989,0.9923586265813582,103,0,120,FastestO
query_cycle_8_23.graph,2,0.9,500,27508.0,219.41815,0.9920234786244001,101,0,500,FastestO
query_cycle_8_23.graph,3,0.01,29,27508.0,847.747126436782,0.9691817970613356,29,0,29,FastestO
query_cycle_8_23.graph,3,0.05,66,27508.0,182.710156895128,0.9933579265342762,66,0,66,FastestO
query_cycle_8_23.graph,3,0.075,80,27508.0,208.456796769852,0.9924219573662261,80,0,80,FastestO
query_cycle_8_23.graph,3,0.1,84,27508.0,216.923529411765,0.9921141657186359,84,0,84,FastestO
query_cycle_8_23.graph,3,0.15,93,27508.0,251.685776685777,0.9908504516254989,93,0,93,FastestO
query_cycle_8_23.graph,3,0.2,94,27508.0,285.521026263853,0.9896204367360821,94,0,94,FastestO
query_cycle_8_23.graph,3,0.3,107,27508.0,245.23205,0.9910850643449179,103,0,107,FastestO
query_cycle_8_23.graph,3,0.4,114,27508.0,237.85665,0.9913531827104841,102,0,114,FastestO
query_cycle_8_23.graph,3,0.5,113,27508.0,256.29515,0.9906828867965682,101,0,113,FastestO
query_cycle_8_23.graph,3,0.6,116,27508.0,274.73365,0.9900125908826524,104,0,116,FastestO
query_cycle_8_23.graph,3,0.7,118,27508.0,223.10585,0.991889419441617,104,0,118,FastestO
query_cycle_8_23.graph,3,0.8,120,27508.0,250.7636,0.9908839755707431,104,0,120,FastestO
query_cycle_8_23.graph,3,0.9,500,27508.0,213.8866,0.9922245673985749,104,0,500,FastestO
query_cycle_8_23.graph,4,0.01,29,27508.0,242.611842105263,0.9911803169221586,29,0,29,FastestO
query_cycle_8_23.graph,4,0.05,66,27508.0,143.890189520624,0.9947691511734541,66,0,66,FastestO
query_cycle_8_23.graph,4,0.075,80,27508.0,222.272328767123,0.9919197204897804,80,0,80,FastestO
query_cycle_8_23.graph,4,0.1,84,27508.0,327.068736141907,0.9881100503074776,84,0,84,FastestO
query_cycle_8_23.graph,4,0.15,93,27508.0,264.757948717949,0.9903752381591555,93,0,93,FastestO
query_cycle_8_23.graph,4,0.2,94,27508.0,301.101418134938,0.9890540418011147,94,0,94,FastestO
query_cycle_8_23.graph,4,0.3,107,27508.0,219.41815,0.9920234786244001,104,0,107,FastestO
query_cycle_8_23.graph,4,0.4,114,27508.0,269.2021,0.9902136796568272,102,0,114,FastestO
query_cycle_8_23.graph,4,0.5,113,27508.0,254.4513,0.9907499163879598,104,0,113,FastestO
query_cycle_8_23.graph,4,0.6,116,27508.0,219.41815,0.9920234786244001,101,0,116,FastestO
query_cycle_8_23.graph,4,0.7,118,27508.0,259.98285,0.990548827613785,102,0,118,FastestO
query_cycle_8_23.graph,4,0.8,120,27508.0,213.8866,0.9922245673985749,102,0,120,FastestO
query_cycle_8_23.graph,4,0.9,500,27508.0,223.10585,0.991889419441617,104,0,500,FastestO
query_cycle_8_23.graph,5,0.01,29,27508.0,0,1,29,0,29,FastestO
query_cycle_8_23.graph,5,0.05,66,27508.0,271.335785953177,0.9901361136413706,66,0,66,FastestO
query_cycle_8_23.graph,5,0.075,80,27508.0,315.065631067961,0.9885463999175527,80,0,80,FastestO
query_cycle_8_23.graph,5,0.1,84,27508.0,268.684881602914,0.9902324821287293,84,0,84,FastestO
query_cycle_8_23.graph,5,0.15,93,27508.0,254.100425157602,0.9907626717624836,93,0,93,FastestO
query_cycle_8_23.graph,5,0.2,94,27508.0,222.299397186872,0.9919187364698681,94,0,94,FastestO
query_cycle_8_23.graph,5,0.3,107,27508.0,232.3251,0.991554271484659,104,0,107,FastestO
query_cycle_8_23.graph,5,0.4,114,27508.0,243.3882,0.9911520939363094,103,0,114,FastestO
query_cycle_8_23.graph,5,0.5,113,27508.0,217.5743,0.9920905082157918,103,0,113,FastestO
query_cycle_8_23.graph,5,0.6,116,27508.0,248.91975,0.9909510051621346,102,0,116,FastestO
query_cycle_8_23.graph,5,0.7,118,27508.0,239.7005,0.9912861531190926,104,0,118,FastestO
query_cycle_8_23.graph,5,0.8,120,27508.0,245.23205,0.9910850643449179,103,0,120,FastestO
query_cycle_8_23.graph,5,0.9,500,27508.0,254.4513,0.9907499163879598,103,0,500,FastestO
query_cycle_8_24.graph,1,0.01,136,59803383.0,592149.959322034,0.9900983869203179,136,0,136,FastestO
query_cycle_8_24.graph,1,0.05,350,59803383.0,632150.439083233,0.9894295204155384,350,0,350,FastestO
query_cycle_8_24.graph,1,0.075,437,59803383.0,406242.413953488,0.9932070328871948,437,0,437,FastestO
query_cycle_8_24.graph,1,0.1,537,59803383.0,462127.613756614,0.9922725506388725,537,0,537,FastestO
query_cycle_8_24.graph,1,0.15,742,59803383.0,355410.453713123,0.9940570175818795,742,0,742,FastestO
query_cycle_8_24.graph,1,0.2,946,59803383.0,437852.819747167,0.9926784606859588,946,0,946,FastestO
query_cycle_8_24.graph,1,0.3,1413,59803383.0,423953.450269173,0.9929108784653676,1413,0,1413,FastestO
query_cycle_8_24.graph,1,0.4,1756,59803383.0,441970.038457646,0.9926096147694914,1756,0,1756,FastestO
query_cycle_8_24.graph,1,0.5,2129,59803383.0,436710.595,0.9926975603537346,1741,0,2129,FastestO
query_cycle_8_24.graph,1,0.6,2386,59803383.0,432343.48905,0.9927705847501972,1779,0,2386,FastestO
query_cycle_8_24.graph,1,0.7,2596,59803383.0,423609.27715,0.9929166335431225,1787,0,2596,FastestO
query_cycle_8_24.graph,1,0.8,2776,59803383.0,414875.06525,0.9930626823360478,1759,0,2776,FastestO
query_cycle_8_24.graph,1,0.9,500,59803383.0,342742.128188358,0.9942688505065281,500,0,500,FastestO
query_cycle_8_24.graph,2,0.01,136,59803383.0,0,1,136,0,136,FastestO
query_cycle_8_24.graph,2,0.05,350,59803383.0,0,1,350,0,350,FastestO
query_cycle_8_24.graph,2,0.075,437,59803383.0,483316.073517787,0.9919182486128287,437,0,437,FastestO
query_cycle_8_24.graph,2,0.1,537,59803383.0,433459.64764268,0.9927519209466348,537,0,537,FastestO
query_cycle_8_24.graph,2,0.15,742,59803383.0,518918.155409631,0.9913229297511541,742,0,742,FastestO
query_cycle_8_24.graph,2,0.2,946,59803383.0,321235.048586914,0.9946284803221431,946,0,946,FastestO
query_cycle_8_24.graph,2,0.3,1413,59803383.0,480393.867903421,0.991967112163146,1413,0,1413,FastestO
query_cycle_8_24.graph,2,0.4,1756,59803383.0,409191.352399094,0.9931577223248542,1756,0,1756,FastestO
query_cycle_8_24.graph,2,0.5,2129,59803383.0,427976.3831,0.9928436091466598,1773,0,2129,FastestO
query_cycle_8_24.graph,2,0.6,2386,59803383.0,471647.4426,0.9921133651820333,1729,0,2386,FastestO
query_cycle_8_24.graph,2,0.7,2596,59803383.0,489115.8664,0.9918212675961826,1769,0,2596,FastestO
query_cycle_8_24.graph,2,0.8,2776,59803383.0,449811.91285,0.9924784871643465,1813,0,2776,FastestO
query_cycle_8_24.graph,2,0.9,500,59803383.0,710579.951186441,0.9881180643043815,500,0,500,FastestO
query_cycle_8_24.graph,3,0.01,136,59803383.0,322295.642066421,0.9946107456485126,136,0,136,FastestO
query_cycle_8_24.graph,3,0.05,350,59803383.0,270409.037151703,0.9954783655441081,350,0,350,FastestO
query_cycle_8_24.graph,3,0.075,437,59803383.0,415914.852380952,0.9930452955749852,437,0,437,FastestO
query_cycle_8_24.graph,3,0.1,537,59803383.0,282813.121424717,0.9952709511195258,537,0,537,FastestO
query_cycle_8_24.graph,3,0.15,742,59803383.0,508269.605206738,0.9915009890793848,742,0,742,FastestO
query_cycle_8_24.graph,3,0.2,946,59803383.0,476604.125505255,0.9920304821968808,946,0,946,FastestO
query_cycle_8_24.graph,3,0.3,1413,59803383.0,453397.094630244,0.9924185376832236,1413,0,1413,FastestO
query_cycle_8_24.graph,3,0.4,1756,59803383.0,401854.118223645,0.9932804116077573,1756,0,1756,FastestO
query_cycle_8_24.graph,3,0.5,2129,59803383.0,432343.48905,0.9927705847501972,1740,0,2129,FastestO
query_cycle_8_24.graph,3,0.6,2386,59803383.0,406140.85335,0.9932087311289731,1770,0,2386,FastestO
query_cycle_8_24.graph,3,0.7,2596,59803383.0,537154.03185,0.9910179992350934,1748,0,2596,FastestO
query_cycle_8_24.graph,3,0.8,2776,59803383.0,467280.33665,0.9921863895784959,1748,0,2776,FastestO
query_cycle_8_24.graph,3,0.9,500,59803383.0,319739.300793167,0.9946534914121302,500,0,500,FastestO
query_cycle_8_24.graph,4,0.01,136,59803383.0,664198.623574144,0.9888936279144251,136,0,136,FastestO
query_cycle_8_24.graph,4,0.05,350,59803383.0,92917.1478723404,0.9984462894369648,350,0,350,FastestO
query_cycle_8_24.graph,4,0.075,437,59803383.0,398822.461187215,0.9933311053458763,437,0,437,FastestO
query_cycle_8_24.graph,4,0.1,537,59803383.0,557934.558072009,0.9906705184542485,537,0,537,FastestO
query_cycle_8_24.graph,4,0.15,742,59803383.0,489826.114265685,0.9918093912134421,742,0,742,FastestO
query_cycle_8_24.graph,4,0.2,946,59803383.0,383079.469298246,0.9935943511874864,946,0,946,FastestO
query_cycle_8_24.graph,4,0.3,1413,59803383.0,465885.734435117,0.9922097093665233,1413,0,1413,FastestO
query_cycle_8_24.graph,4,0.4,1756,59803383.0,451988.756616894,0.992442087153884,1756,0,1756,FastestO
query_cycle_8_24.graph,4,0.5,2129,59803383.0,484748.76045,0.9918942919926453,1796,0,2129,FastestO
query_cycle_8_24.graph,4,0.6,2386,59803383.0,454179.0188,0.9924054627678839,1758,0,2386,FastestO
query_cycle_8_24.graph,4,0.7,2596,59803383.0,489115.8664,0.9918212675961826,1756,0,2596,FastestO
query_cycle_8_24.graph,4,0.8,2776,59803383.0,419242.1712,0.9929896579395852,1829,0,2776,FastestO
query_cycle_8_24.graph,4,0.9,500,59803383.0,667158.13367282,0.9888441405785887,500,0,500,FastestO
query_cycle_8_24.graph,5,0.01,136,59803383.0,0,1,136,0,136,FastestO
query_cycle_8_24.graph,5,0.05,350,59803383.0,191120.610503282,0.9968041839622471,350,0,350,FastestO
query_cycle_8_24.graph,5,0.075,437,59803383.0,446273.600729927,0.9925376529162251,437,0,437,FastestO
query_cycle_8_24.graph,5,0.1,537,59803383.0,511588.556443025,0.9914454913622023,537,0,537,FastestO
query_cycle_8_24.graph,5,0.15,742,59803383.0,503735.386735021,0.9915768078415393,742,0,742,FastestO
query_cycle_8_24.graph,5,0.2,946,59803383.0,513568.826236821,0.9914123783559733,946,0,946,FastestO
query_cycle_8_24.graph,5,0.3,1413,59803383.0,421556.370308729,0.9929509611469851,1413,0,1413,FastestO
query_cycle_8_24.graph,5,0.4,1756,59803383.0,352733.00621311,0.9941017884186735,1756,0,1756,FastestO
query_cycle_8_24.graph,5,0.5,2129,59803383.0,489115.8664,0.9918212675961826,1770,0,2129,FastestO
query_cycle_8_24.graph,5,0.6,2386,59803383.0,401773.7474,0.9932817555254357,1756,0,2386,FastestO
query_cycle_8_24.graph,5,0.7,2596,59803383.0,406140.85335,0.9932087311289731,1781,0,2596,FastestO
query_cycle_8_24.graph,5,0.8,2776,59803383.0,384305.3236,0.9935738531112863,1809,0,2776,FastestO
query_cycle_8_24.graph,5,0.9,500,59803383.0,274143.499686127,0.9954159198705176,500,0,500,FastestO
query_cycle_8_26.graph,1,0.01,88,22509.0,0,1,88,0,88,FastestO
query_cycle_8_26.graph,1,0.05,264,22509.0,101.875346260388,0.9954740172259812,264,0,264,FastestO
query_cycle_8_26.graph,1,0.075,362,22509.0,48.9625561657514,0.9978247564900372,362,0,362,FastestO
query_cycle_8_26.graph,1,0.1,442,22509.0,81.0748881540556,0.9963981123926404,442,0,442,FastestO
query_cycle_8_26.graph,1,0.15,563,22509.0,66.5157097791798,0.9970449282607321,542,0,563,FastestO
query_cycle_8_26.graph,1,0.2,701,22509.0,72.7085517241379,0.9967698008919037,539,0,701,FastestO
query_cycle_8_26.graph,1,0.3,951,22509.0,72.7085517241379,0.9967698008919037,536,0,951,FastestO
query_cycle_8_26.graph,1,0.4,1169,22509.0,77.8061992619926,0.9965433293677199,528,0,1169,FastestO
query_cycle_8_26.graph,1,0.5,1354,22509.0,63.1301796407186,0.9971953361037489,549,0,1354,FastestO
query_cycle_8_26.graph,1,0.6,1518,22509.0,80.172927756654,0.9964381834929736,539,0,1518,FastestO
query_cycle_8_26.graph,1,0.7,1666,22509.0,65.4828571428571,0.9970908144678635,530,0,1666,FastestO
query_cycle_8_26.graph,1,0.8,1782,22509.0,69.3601315789474,0.9969185600613557,537,0,1782,FastestO
query_cycle_8_26.graph,1,0.9,500,22509.0,45.0623224728488,0.9979980308999579,500,0,500,FastestO
query_cycle_8_26.graph,2,0.01,88,22509.0,0,1,88,0,88,FastestO
query_cycle_8_26.graph,2,0.05,264,22509.0,56.1695303550974,0.9975045745988228,264,0,264,FastestO
query_cycle_8_26.graph,2,0.075,362,22509.0,49.036,0.9978214936247723,362,0,362,FastestO
query_cycle_8_26.graph,2,0.1,442,22509.0,99.0626262626263,0.9955989770197421,442,0,442,FastestO
query_cycle_8_26.graph,2,0.15,563,22509.0,77.285,0.9965664845173042,538,0,563,FastestO
query_cycle_8_26.graph,2,0.2,701,22509.0,72.9601384083045,0.9967586237323602,534,0,701,FastestO
query_cycle_8_26.graph,2,0.3,951,22509.0,79.5678490566038,0.9964650651269891,536,0,951,FastestO
query_cycle_8_26.graph,2,0.4,1169,22509.0,69.7080392156863,0.9969031036822744,532,0,1169,FastestO
query_cycle_8_26.graph,2,0.5,1354,22509.0,71.7193197278912,0.9968137491790888,534,0,1354,FastestO
query_cycle_8_26.graph,2,0.6,1518,22509.0,69.8194701986755,0.9968981531743447,536,0,1518,FastestO
query_cycle_8_26.graph,2,0.7,1666,22509.0,84.6806425702811,0.9962379207174783,522,0,1666,FastestO
query_cycle_8_26.graph,2,0.8,1782,22509.0,83.3418181818182,0.9962974002318264,530,0,1782,FastestO
query_cycle_8_26.graph,2,0.9,500,22509.0,73.2412401098014,0.9967461353187702,500,0,500,FastestO
query_cycle_8_26.graph,3,0.01,88,22509.0,0,1,88,0,88,FastestO
query_cycle_8_26.graph,3,0.05,264,22509.0,0,1,264,0,264,FastestO
query_cycle_8_26.graph,3,0.075,362,22509.0,52.7268817204301,0.9976575200266369,362,0,362,FastestO
query_cycle_8_26.graph,3,0.1,442,22509.0,112.092139968349,0.9950201190648919,442,0,442,FastestO
query_cycle_8_26.graph,3,0.15,563,22509.0,68.3675,0.9969626593806922,536,0,563,FastestO
query_cycle_8_26.graph,3,0.2,701,22509.0,69.5890429042904,0.996908390292581,541,0,701,FastestO
query_cycle_8_26.graph,3,0.3,951,22509.0,57.4536239782016,0.9974475265903326,543,0,951,FastestO
query_cycle_8_26.graph,3,0.4,1169,22509.0,71.9640955631399,0.9968028746029082,532,0,1169,FastestO
query_cycle_8_26.graph,3,0.5,1354,22509.0,69.3601315789474,0.9969185600613557,538,0,1354,FastestO
query_cycle_8_26.graph,3,0.6,1518,22509.0,87.8561666666667,0.9960968427443837,521,0,1518,FastestO
query_cycle_8_26.graph,3,0.7,1666,22509.0,67.5816666666667,0.9969975713418338,537,0,1666,FastestO
query_cycle_8_26.graph,3,0.8,1782,22509.0,74.7712056737589,0.9966781640377734,541,0,1782,FastestO
query_cycle_8_26.graph,3,0.9,500,22509.0,81.5351825258862,0.9963776630447426,500,0,500,FastestO
query_cycle_8_26.graph,4,0.01,88,22509.0,0,1,88,0,88,FastestO
query_cycle_8_26.graph,4,0.05,264,22509.0,69.2598870056497,0.9969230135943111,264,0,264,FastestO
query_cycle_8_26.graph,4,0.075,362,22509.0,74.9458515283843,0.9966704051033638,362,0,362,FastestO
query_cycle_8_26.graph,4,0.1,442,22509.0,30.1713582525765,0.998659586909566,442,0,442,FastestO
query_cycle_8_26.graph,4,0.15,563,22509.0,74.0647916666667,0.9967095476624165,538,0,563,FastestO
query_cycle_8_26.graph,4,0.2,701,22509.0,67.5816666666667,0.9969975713418338,536,0,701,FastestO
query_cycle_8_26.graph,4,0.3,951,22509.0,69.1327213114754,0.9969286631431217,537,0,951,FastestO
query_cycle_8_26.graph,4,0.4,1169,22509.0,64.0896048632219,0.9971527120323772,540,0,1169,FastestO
query_cycle_8_26.graph,4,0.5,1354,22509.0,71.2347297297297,0.9968352779008516,541,0,1354,FastestO
query_cycle_8_26.graph,4,0.6,1518,22509.0,64.285,0.9971440312763783,541,0,1518,FastestO
query_cycle_8_26.graph,4,0.7,1666,22509.0,75.5751971326165,0.9966424453715128,530,0,1666,FastestO
query_cycle_8_26.graph,4,0.8,1782,22509.0,68.682345276873,0.996948671852287,545,0,1782,FastestO
query_cycle_8_26.graph,4,0.9,500,22509.0,97.2255656636342,0.9956805915116783,500,0,500,FastestO
query_cycle_8_26.graph,5,0.01,88,22509.0,200.967213114754,0.9910716951834931,88,0,88,FastestO
query_cycle_8_26.graph,5,0.05,264,22509.0,30.3065512978986,0.998653580732245,264,0,264,FastestO
query_cycle_8_26.graph,5,0.075,362,22509.0,80.8032015065913,0.9964101825266964,362,0,362,FastestO
query_cycle_8_26.graph,5,0.1,442,22509.0,72.409923213231,0.9967830679633377,442,0,442,FastestO
query_cycle_8_26.graph,5,0.15,563,22509.0,71.4762033898305,0.9968245500293291,539,0,563,FastestO
query_cycle_8_26.graph,5,0.2,701,22509.0,56.9877837837838,0.9974682223206813,545,0,701,FastestO
query_cycle_8_26.graph,5,0.3,951,22509.0,70.6313245033113,0.9968620851879998,538,0,951,FastestO
query_cycle_8_26.graph,5,0.4,1169,22509.0,76.1208664259928,0.996618203099827,530,0,1169,FastestO
query_cycle_8_26.graph,5,0.5,1354,22509.0,73.2134722222222,0.9967473689536531,535,0,1354,FastestO
query_cycle_8_26.graph,5,0.6,1518,22509.0,70.52,0.9968670309653916,539,0,1518,FastestO
query_cycle_8_26.graph,5,0.7,1666,22509.0,67.7989710610933,0.9969879172303926,538,0,1666,FastestO
query_cycle_8_26.graph,5,0.8,1782,22509.0,63.7023564954683,0.9971699161892812,542,0,1782,FastestO
query_cycle_8_26.graph,5,0.9,500,22509.0,62.2194025522042,0.9972357989003419,500,0,500,FastestO
query_cycle_8_28.graph,1,0.01,3,17272560.0,0,1,3,0,3,FastestO
query_cycle_8_28.graph,1,0.05,9,17272560.0,0,1,9,0,9,FastestO
query_cycle_8_28.graph,1,0.075,9,17272560.0,0,1,9,0,9,FastestO
query_cycle_8_28.graph,1,0.1,8,17272560.0,0,1,8,0,8,FastestO
query_cycle_8_28.graph,1,0.15,10,17272560.0,0,1,10,0,10,FastestO
query_cycle_8_28.graph,1,0.2,11,17272560.0,0,1,11,0,11,FastestO
query_cycle_8_28.graph,1,0.3,17,17272560.0,0,1,17,0,17,FastestO
query_cycle_8_28.graph,1,0.4,20,17272560.0,0,1,20,0,20,FastestO
query_cycle_8_28.graph,1,0.5,26,17272560.0,0,1,26,0,26,FastestO
query_cycle_8_28.graph,1,0.6,27,17272560.0,0,1,27,0,27,FastestO
query_cycle_8_28.graph,1,0.7,32,17272560.0,0,1,32,0,32,FastestO
query_cycle_8_28.graph,1,0.8,36,17272560.0,0,1,36,0,36,FastestO
query_cycle_8_28.graph,1,0.9,500,17272560.0,0,1,202,0,500,FastestO
query_cycle_8_28.graph,2,0.01,3,17272560.0,0,1,3,0,3,FastestO
query_cycle_8_28.graph,2,0.05,9,17272560.0,0,1,9,0,9,FastestO
query_cycle_8_28.graph,2,0.075,9,17272560.0,0,1,9,0,9,FastestO
query_cycle_8_28.graph,2,0.1,8,17272560.0,0,1,8,0,8,FastestO
query_cycle_8_28.graph,2,0.15,10,17272560.0,0,1,10,0,10,FastestO
query_cycle_8_28.graph,2,0.2,11,17272560.0,0,1,11,0,11,FastestO
query_cycle_8_28.graph,2,0.3,17,17272560.0,0,1,17,0,17,FastestO
query_cycle_8_28.graph,2,0.4,20,17272560.0,0,1,20,0,20,FastestO
query_cycle_8_28.graph,2,0.5,26,17272560.0,0,1,26,0,26,FastestO
query_cycle_8_28.graph,2,0.6,27,17272560.0,0,1,27,0,27,FastestO
query_cycle_8_28.graph,2,0.7,32,17272560.0,0,1,32,0,32,FastestO
query_cycle_8_28.graph,2,0.8,36,17272560.0,0,1,36,0,36,FastestO
query_cycle_8_28.graph,2,0.9,500,17272560.0,0,1,211,0,500,FastestO
query_cycle_8_28.graph,3,0.01,3,17272560.0,0,1,3,0,3,FastestO
query_cycle_8_28.graph,3,0.05,9,17272560.0,0,1,9,0,9,FastestO
query_cycle_8_28.graph,3,0.075,9,17272560.0,0,1,9,0,9,FastestO
query_cycle_8_28.graph,3,0.1,8,17272560.0,0,1,8,0,8,FastestO
query_cycle_8_28.graph,3,0.15,10,17272560.0,0,1,10,0,10,FastestO
query_cycle_8_28.graph,3,0.2,11,17272560.0,0,1,11,0,11,FastestO
query_cycle_8_28.graph,3,0.3,17,17272560.0,0,1,17,0,17,FastestO
query_cycle_8_28.graph,3,0.4,20,17272560.0,0,1,20,0,20,FastestO
query_cycle_8_28.graph,3,0.5,26,17272560.0,0,1,26,0,26,FastestO
query_cycle_8_28.graph,3,0.6,27,17272560.0,0,1,27,0,27,FastestO
query_cycle_8_28.graph,3,0.7,32,17272560.0,0,1,32,0,32,FastestO
query_cycle_8_28.graph,3,0.8,36,17272560.0,0,1,36,0,36,FastestO
query_cycle_8_28.graph,3,0.9,500,17272560.0,0,1,205,0,500,FastestO
query_cycle_8_28.graph,4,0.01,3,17272560.0,0,1,3,0,3,FastestO
query_cycle_8_28.graph,4,0.05,9,17272560.0,0,1,9,0,9,FastestO
query_cycle_8_28.graph,4,0.075,9,17272560.0,0,1,9,0,9,FastestO
query_cycle_8_28.graph,4,0.1,8,17272560.0,0,1,8,0,8,FastestO
query_cycle_8_28.graph,4,0.15,10,17272560.0,0,1,10,0,10,FastestO
query_cycle_8_28.graph,4,0.2,11,17272560.0,0,1,11,0,11,FastestO
query_cycle_8_28.graph,4,0.3,17,17272560.0,0,1,17,0,17,FastestO
query_cycle_8_28.graph,4,0.4,20,17272560.0,0,1,20,0,20,FastestO
query_cycle_8_28.graph,4,0.5,26,17272560.0,0,1,26,0,26,FastestO
query_cycle_8_28.graph,4,0.6,27,17272560.0,0,1,27,0,27,FastestO
query_cycle_8_28.graph,4,0.7,32,17272560.0,0,1,32,0,32,FastestO
query_cycle_8_28.graph,4,0.8,36,17272560.0,0,1,36,0,36,FastestO
query_cycle_8_28.graph,4,0.9,500,17272560.0,0,1,212,0,500,FastestO
query_cycle_8_28.graph,5,0.01,3,17272560.0,0,1,3,0,3,FastestO
query_cycle_8_28.graph,5,0.05,9,17272560.0,0,1,9,0,9,FastestO
query_cycle_8_28.graph,5,0.075,9,17272560.0,0,1,9,0,9,FastestO
query_cycle_8_28.graph,5,0.1,8,17272560.0,0,1,8,0,8,FastestO
query_cycle_8_28.graph,5,0.15,10,17272560.0,0,1,10,0,10,FastestO
query_cycle_8_28.graph,5,0.2,11,17272560.0,0,1,11,0,11,FastestO
query_cycle_8_28.graph,5,0.3,17,17272560.0,0,1,17,0,17,FastestO
query_cycle_8_28.graph,5,0.4,20,17272560.0,0,1,20,0,20,FastestO
query_cycle_8_28.graph,5,0.5,26,17272560.0,0,1,26,0,26,FastestO
query_cycle_8_28.graph,5,0.6,27,17272560.0,0,1,27,0,27,FastestO
query_cycle_8_28.graph,5,0.7,32,17272560.0,0,1,32,0,32,FastestO
query_cycle_8_28.graph,5,0.8,36,17272560.0,0,1,36,0,36,FastestO
query_cycle_8_28.graph,5,0.9,500,17272560.0,0,1,208,0,500,FastestO
query_cycle_8_29.graph,1,0.01,226,2506456.0,0,1,226,0,226,FastestO
query_cycle_8_29.graph,1,0.05,453,2506456.0,0,1,453,0,453,FastestO
query_cycle_8_29.graph,1,0.075,503,2506456.0,3637.50585284281,0.9985487453787967,503,0,503,FastestO
query_cycle_8_29.graph,1,0.1,558,2506456.0,3031.67735191638,0.9987904525944536,558,0,558,FastestO
query_cycle_8_29.graph,1,0.15,629,2506456.0,0,1,629,0,629,FastestO
query_cycle_8_29.graph,1,0.2,675,2506456.0,6658.86275510204,0.9973433155199604,675,0,675,FastestO
query_cycle_8_29.graph,1,0.3,722,2506456.0,7723.84731469152,0.9969184189490293,722,0,722,FastestO
query_cycle_8_29.graph,1,0.4,746,2506456.0,5964.97760511883,0.9976201546705312,746,0,746,FastestO
query_cycle_8_29.graph,1,0.5,758,2506456.0,8918.52603526035,0.996441778337517,758,0,758,FastestO
query_cycle_8_29.graph,1,0.6,770,2506456.0,9311.7658390411,0.9962848875707209,770,0,770,FastestO
query_cycle_8_29.graph,1,0.7,778,2506456.0,10667.2423375562,0.995744093517877,778,0,778,FastestO
query_cycle_8_29.graph,1,0.8,780,2506456.0,11789.8563685637,0.995296204533986,780,0,780,FastestO
query_cycle_8_29.graph,1,0.9,500,2506456.0,24880.0645424837,0.9900736080974557,500,0,500,FastestO
query_cycle_8_29.graph,2,0.01,226,2506456.0,0,1,226,0,226,FastestO
query_cycle_8_29.graph,2,0.05,453,2506456.0,0,1,453,0,453,FastestO
query_cycle_8_29.graph,2,0.075,503,2506456.0,12254.8084507042,0.9951107027409599,503,0,503,FastestO
query_cycle_8_29.graph,2,0.1,558,2506456.0,3203.5765832106,0.998721870009603,558,0,558,FastestO
query_cycle_8_29.graph,2,0.15,629,2506456.0,18903.2892613284,0.9924581603422009,629,0,629,FastestO
query_cycle_8_29.graph,2,0.2,675,2506456.0,12338.221781055,0.9950774233495202,675,0,675,FastestO
query_cycle_8_29.graph,2,0.3,722,2506456.0,8439.29582929195,0.9966329766693324,722,0,722,FastestO
query_cycle_8_29.graph,2,0.4,746,2506456.0,15726.9118843199,0.9937254386734418,746,0,746,FastestO
query_cycle_8_29.graph,2,0.5,758,2506456.0,1642.92182779456,0.9993445239701816,758,0,758,FastestO
query_cycle_8_29.graph,2,0.6,770,2506456.0,8721.84643143544,0.996520247540178,770,0,770,FastestO
query_cycle_8_29.graph,2,0.7,778,2506456.0,7950.39656432749,0.9968280326627207,778,0,778,FastestO
query_cycle_8_29.graph,2,0.8,780,2506456.0,12103.8151828299,0.9951709444798433,780,0,780,FastestO
query_cycle_8_29.graph,2,0.9,500,2506456.0,3750.39396551724,0.9985037064422766,500,0,500,FastestO
query_cycle_8_29.graph,3,0.01,226,2506456.0,26937.8142414861,0.9892526283160422,226,0,226,FastestO
query_cycle_8_29.graph,3,0.05,453,2506456.0,13103.7861445783,0.9947719863645808,453,0,453,FastestO
query_cycle_8_29.graph,3,0.075,503,2506456.0,14240.4484451719,0.9943184925467784,503,0,503,FastestO
query_cycle_8_29.graph,3,0.1,558,2506456.0,6318.74655047204,0.9974790115803063,558,0,558,FastestO
query_cycle_8_29.graph,3,0.15,629,2506456.0,10636.8141809291,0.9957562334304176,629,0,629,FastestO
query_cycle_8_29.graph,3,0.2,675,2506456.0,6280.73676612127,0.9974941763325902,675,0,675,FastestO
query_cycle_8_29.graph,3,0.3,722,2506456.0,11621.8797862867,0.9953632221007325,722,0,722,FastestO
query_cycle_8_29.graph,3,0.4,746,2506456.0,9044.60914760915,0.9963914749959268,746,0,746,FastestO
query_cycle_8_29.graph,3,0.5,758,2506456.0,7497.55622576476,0.9970087022370373,758,0,758,FastestO
query_cycle_8_29.graph,3,0.6,770,2506456.0,5252.06076458753,0.9979045868889829,770,0,770,FastestO
query_cycle_8_29.graph,3,0.7,778,2506456.0,8350.20537428023,0.9966685210614986,778,0,778,FastestO
query_cycle_8_29.graph,3,0.8,780,2506456.0,7533.25887445887,0.9969944579619755,780,0,780,FastestO
query_cycle_8_29.graph,3,0.9,500,2506456.0,10276.6700787402,0.9958999200150571,500,0,500,FastestO
query_cycle_8_29.graph,4,0.01,226,2506456.0,12220.3848314607,0.9951244367220248,226,0,226,FastestO
query_cycle_8_29.graph,4,0.05,453,2506456.0,7982.48990825688,0.9968152283909005,453,0,453,FastestO
query_cycle_8_29.graph,4,0.075,503,2506456.0,7232.67996674979,0.9971143798388045,503,0,503,FastestO
query_cycle_8_29.graph,4,0.1,558,2506456.0,9519.59956236324,0.9962019682123432,558,0,558,FastestO
query_cycle_8_29.graph,4,0.15,629,2506456.0,5023.62240184758,0.9979957268741811,629,0,629,FastestO
query_cycle_8_29.graph,4,0.2,675,2506456.0,0,1,675,0,675,FastestO
query_cycle_8_29.graph,4,0.3,722,2506456.0,8914.87090163934,0.9964432366250836,722,0,722,FastestO
query_cycle_8_29.graph,4,0.4,746,2506456.0,9798.32657657658,0.9960907645789208,746,0,746,FastestO
query_cycle_8_29.graph,4,0.5,758,2506456.0,5871.0620782726,0.9976576241201631,758,0,758,FastestO
query_cycle_8_29.graph,4,0.6,770,2506456.0,12636.1821576763,0.9949585461872555,770,0,770,FastestO
query_cycle_8_29.graph,4,0.7,778,2506456.0,3481.75830332133,0.9986108839320054,778,0,778,FastestO
query_cycle_8_29.graph,4,0.8,780,2506456.0,5142.3841607565,0.9979483445307811,780,0,780,FastestO
query_cycle_8_29.graph,4,0.9,500,2506456.0,6977.47714514836,0.9972161980321425,500,0,500,FastestO
query_cycle_8_29.graph,5,0.01,226,2506456.0,0,1,226,0,226,FastestO
query_cycle_8_29.graph,5,0.05,453,2506456.0,9530.02628696605,0.9961978082651496,453,0,453,FastestO
query_cycle_8_29.graph,5,0.075,503,2506456.0,0,1,503,0,503,FastestO
query_cycle_8_29.graph,5,0.1,558,2506456.0,13573.968798752,0.9945843977317966,558,0,558,FastestO
query_cycle_8_29.graph,5,0.15,629,2506456.0,9770.8186412128,0.9961017394116582,629,0,629,FastestO
query_cycle_8_29.graph,5,0.2,675,2506456.0,6635.16573462125,0.9973527699131278,675,0,675,FastestO
query_cycle_8_29.graph,5,0.3,722,2506456.0,5672.04302477184,0.9977370266923609,722,0,722,FastestO
query_cycle_8_29.graph,5,0.4,746,2506456.0,5303.279561154,0.9978841521410493,746,0,746,FastestO
query_cycle_8_29.graph,5,0.5,758,2506456.0,10427.7492809204,0.9958396439909896,758,0,758,FastestO
query_cycle_8_29.graph,5,0.6,770,2506456.0,6859.21482065432,0.9972633811163435,770,0,770,FastestO
query_cycle_8_29.graph,5,0.7,778,2506456.0,6902.74811582705,0.9972460126506003,778,0,778,FastestO
query_cycle_8_29.graph,5,0.8,780,2506456.0,5440.33805752397,0.9978294699537817,780,0,780,FastestO
query_cycle_8_29.graph,5,0.9,500,2506456.0,11811.1954751131,0.9952876908770339,500,0,500,FastestO
query_cycle_8_3.graph,1,0.01,26,40231.0,1481.42857142857,0.9631769388921834,26,0,26,FastestO
query_cycle_8_3.graph,1,0.05,71,40231.0,230.444444444444,0.9942719682721174,71,0,71,FastestO
query_cycle_8_3.graph,1,0.075,87,40231.0,1430.34482758621,0.964446699620039,87,0,87,FastestO
query_cycle_8_3.graph,1,0.1,105,40231.0,394.296577946768,0.9901991852564745,105,0,105,FastestO
query_cycle_8_3.graph,1,0.15,137,40231.0,883.896499238965,0.9780294673451079,137,0,137,FastestO
query_cycle_8_3.graph,1,0.2,182,40231.0,929.594185342217,0.9768935849135687,182,0,182,FastestO
query_cycle_8_3.graph,1,0.3,290,40231.0,845.559230509619,0.9789823959009316,290,0,290,FastestO
query_cycle_8_3.graph,1,0.4,351,40231.0,895.968,0.9777294126419924,292,0,351,FastestO
query_cycle_8_3.graph,1,0.5,420,40231.0,761.158,0.9810803112028037,302,0,420,FastestO
query_cycle_8_3.graph,1,0.6,474,40231.0,821.304,0.9795852949218263,301,0,474,FastestO
query_cycle_8_3.graph,1,0.7,537,40231.0,885.598,0.9779871740697472,306,0,537,FastestO
query_cycle_8_3.graph,1,0.8,615,40231.0,848.266,0.9789151152096641,307,0,615,FastestO
query_cycle_8_3.graph,1,0.9,500,40231.0,895.968,0.9777294126419924,309,0,500,FastestO
query_cycle_8_3.graph,2,0.01,26,40231.0,0,1,26,0,26,FastestO
query_cycle_8_3.graph,2,0.05,71,40231.0,758.780487804878,0.9811394077252646,71,0,71,FastestO
query_cycle_8_3.graph,2,0.075,87,40231.0,364.926686217009,0.9909292166186022,87,0,87,FastestO
query_cycle_8_3.graph,2,0.1,105,40231.0,874.578313253012,0.9782610844062287,105,0,105,FastestO
query_cycle_8_3.graph,2,0.15,137,40231.0,682.397179788484,0.9830380259056825,137,0,137,FastestO
query_cycle_8_3.graph,2,0.2,182,40231.0,1166.43315244203,0.9710066080275899,182,0,182,FastestO
query_cycle_8_3.graph,2,0.3,290,40231.0,903.869782095038,0.9775330023590008,290,0,290,FastestO
query_cycle_8_3.graph,2,0.4,351,40231.0,875.228,0.9782449354975019,295,0,351,FastestO
query_cycle_8_3.graph,2,0.5,420,40231.0,860.71,0.9786058014963586,298,0,420,FastestO
query_cycle_8_3.graph,2,0.6,474,40231.0,837.896,0.9791728766374189,300,0,474,FastestO
query_cycle_8_3.graph,2,0.7,537,40231.0,881.45,0.9780902786408492,302,0,537,FastestO
query_cycle_8_3.graph,2,0.8,615,40231.0,860.71,0.9786058014963586,298,0,615,FastestO
query_cycle_8_3.graph,2,0.9,500,40231.0,790.194,0.9803585792050905,298,0,500,FastestO
query_cycle_8_3.graph,3,0.01,26,40231.0,0,1,26,0,26,FastestO
query_cycle_8_3.graph,3,0.05,71,40231.0,947.03196347032,0.9764601435840442,71,0,71,FastestO
query_cycle_8_3.graph,3,0.075,87,40231.0,703.050847457627,0.982524648965782,87,0,87,FastestO
query_cycle_8_3.graph,3,0.1,105,40231.0,818.684210526316,0.979650413598312,105,0,105,FastestO
query_cycle_8_3.graph,3,0.15,137,40231.0,1024.1975308642,0.9745420812094107,137,0,137,FastestO
query_cycle_8_3.graph,3,0.2,182,40231.0,909.756965026674,0.9773866678673989,182,0,182,FastestO
query_cycle_8_3.graph,3,0.3,290,40231.0,822.699936020473,0.979550596902377,290,0,290,FastestO
query_cycle_8_3.graph,3,0.4,351,40231.0,879.376,0.9781418309264002,301,0,351,FastestO
query_cycle_8_3.graph,3,0.5,420,40231.0,815.082,0.9797399517784793,306,0,420,FastestO
query_cycle_8_3.graph,3,0.6,474,40231.0,854.488,0.9787604583530114,293,0,474,FastestO
query_cycle_8_3.graph,3,0.7,537,40231.0,781.898,0.9805647883472943,299,0,537,FastestO
query_cycle_8_3.graph,3,0.8,615,40231.0,860.71,0.9786058014963586,300,0,615,FastestO
query_cycle_8_3.graph,3,0.9,500,40231.0,769.454,0.9808741020606001,297,0,500,FastestO
query_cycle_8_3.graph,4,0.01,26,40231.0,0,1,26,0,26,FastestO
query_cycle_8_3.graph,4,0.05,71,40231.0,691.333333333333,0.9828159048163522,71,0,71,FastestO
query_cycle_8_3.graph,4,0.075,87,40231.0,768.148148148148,0.9809065609070581,87,0,87,FastestO
query_cycle_8_3.graph,4,0.1,105,40231.0,584.225352112676,0.9854782294222695,105,0,105,FastestO
query_cycle_8_3.graph,4,0.15,137,40231.0,454.575342465753,0.9887008689203413,137,0,137,FastestO
query_cycle_8_3.graph,4,0.2,182,40231.0,814.173553719008,0.9797625325316545,182,0,182,FastestO
query_cycle_8_3.graph,4,0.3,290,40231.0,840.088376089358,0.9791183819420508,290,0,290,FastestO
query_cycle_8_3.graph,4,0.4,351,40231.0,891.82,0.9778325172130944,305,0,351,FastestO
query_cycle_8_3.graph,4,0.5,420,40231.0,891.82,0.9778325172130944,301,0,420,FastestO
query_cycle_8_3.graph,4,0.6,474,40231.0,869.006,0.9783995923541547,304,0,474,FastestO
query_cycle_8_3.graph,4,0.7,537,40231.0,869.006,0.9783995923541547,302,0,537,FastestO
query_cycle_8_3.graph,4,0.8,615,40231.0,883.524,0.9780387263552982,304,0,615,FastestO
query_cycle_8_3.graph,4,0.9,500,40231.0,895.968,0.9777294126419924,297,0,500,FastestO
query_cycle_8_3.graph,5,0.01,26,40231.0,1382.66666666667,0.9656318096327046,26,0,26,FastestO
query_cycle_8_3.graph,5,0.05,71,40231.0,1382.66666666667,0.9656318096327046,71,0,71,FastestO
query_cycle_8_3.graph,5,0.075,87,40231.0,582.175438596491,0.9855291830032441,87,0,87,FastestO
query_cycle_8_3.graph,5,0.1,105,40231.0,954.782608695652,0.9762674900276986,105,0,105,FastestO
query_cycle_8_3.graph,5,0.15,137,40231.0,654.086727989487,0.9837417233479285,137,0,137,FastestO
query_cycle_8_3.graph,5,0.2,182,40231.0,978.192026951151,0.9756856149001727,182,0,182,FastestO
query_cycle_8_3.graph,5,0.3,290,40231.0,803.908653520363,0.9800176815510337,290,0,290,FastestO
query_cycle_8_3.graph,5,0.4,351,40231.0,873.154,0.9782964877830528,303,0,351,FastestO
query_cycle_8_3.graph,5,0.5,420,40231.0,854.488,0.9787604583530114,305,0,420,FastestO
query_cycle_8_3.graph,5,0.6,474,40231.0,831.674,0.9793275334940718,300,0,474,FastestO
query_cycle_8_3.graph,5,0.7,537,40231.0,895.968,0.9777294126419924,292,0,537,FastestO
query_cycle_8_3.graph,5,0.8,615,40231.0,858.636,0.9786573537819095,300,0,615,FastestO
query_cycle_8_3.graph,5,0.9,500,40231.0,885.598,0.9779871740697472,286,0,500,FastestO
query_cycle_8_31.graph,1,0.01,156,558178.0,0,1,156,0,156,FastestO
query_cycle_8_31.graph,1,0.05,387,558178.0,8219.34325744308,0.9852746914829265,387,0,387,FastestO
query_cycle_8_31.graph,1,0.075,471,558178.0,3569.00760456274,0.9936059686971489,471,0,471,FastestO
query_cycle_8_31.graph,1,0.1,525,558178.0,3037.69902912621,0.9945578309622984,525,0,525,FastestO
query_cycle_8_31.graph,1,0.15,564,558178.0,2906.03405572755,0.9947937144500006,564,0,564,FastestO
query_cycle_8_31.graph,1,0.2,597,558178.0,2585.80991735537,0.9953674098274109,597,0,597,FastestO
query_cycle_8_31.graph,1,0.3,635,558178.0,5898.15350089767,0.9894332032059707,635,0,635,FastestO
query_cycle_8_31.graph,1,0.4,676,558178.0,2276.43249797898,0.9959216728391678,676,0,676,FastestO
query_cycle_8_31.graph,1,0.5,678,558178.0,5210.58128469469,0.9906650185340613,678,0,678,FastestO
query_cycle_8_31.graph,1,0.6,690,558178.0,6563.97902097902,0.988240348023428,690,0,690,FastestO
query_cycle_8_31.graph,1,0.7,705,558178.0,4466.2125297383,0.9919985873149098,705,0,705,FastestO
query_cycle_8_31.graph,1,0.8,708,558178.0,2910.53953488372,0.994785642689458,708,0,708,FastestO
query_cycle_8_31.graph,1,0.9,500,558178.0,5315.11325028313,0.9904777450019829,500,0,500,FastestO
query_cycle_8_31.graph,2,0.01,156,558178.0,0,1,156,0,156,FastestO
query_cycle_8_31.graph,2,0.05,387,558178.0,4701.08013355593,0.9915778118565118,387,0,387,FastestO
query_cycle_8_31.graph,2,0.075,471,558178.0,11684.4273858921,0.9790668435769734,471,0,471,FastestO
query_cycle_8_31.graph,2,0.1,525,558178.0,3364.33333333333,0.9939726514958788,525,0,525,FastestO
query_cycle_8_31.graph,2,0.15,564,558178.0,6830.08627858628,0.987763605375729,564,0,564,FastestO
query_cycle_8_31.graph,2,0.2,597,558178.0,1746.32372093023,0.9968713856136747,597,0,597,FastestO
query_cycle_8_31.graph,2,0.3,635,558178.0,4124.11687170475,0.9926114664646319,635,0,635,FastestO
query_cycle_8_31.graph,2,0.4,676,558178.0,5549.44510135135,0.9900579293677799,676,0,676,FastestO
query_cycle_8_31.graph,2,0.5,678,558178.0,2912.79751745539,0.9947815974161371,678,0,678,FastestO
query_cycle_8_31.graph,2,0.6,690,558178.0,8996.6357827476,0.9838821383452095,690,0,690,FastestO
query_cycle_8_31.graph,2,0.7,705,558178.0,5101.35326086957,0.9908607052573382,705,0,705,FastestO
query_cycle_8_31.graph,2,0.8,708,558178.0,1394.72362555721,0.9975012923734772,708,0,708,FastestO
query_cycle_8_31.graph,2,0.9,500,558178.0,1116.11058263971,0.9980004396758029,500,0,500,FastestO
query_cycle_8_31.graph,3,0.01,156,558178.0,4789.02551020408,0.9914202539150522,156,0,156,FastestO
query_cycle_8_31.graph,3,0.05,387,558178.0,8306.62831858407,0.9851183165252231,387,0,387,FastestO
query_cycle_8_31.graph,3,0.075,471,558178.0,4776.83969465649,0.9914420853300265,471,0,471,FastestO
query_cycle_8_31.graph,3,0.1,525,558178.0,2106.95622895623,0.9962252968964089,525,0,525,FastestO
query_cycle_8_31.graph,3,0.15,564,558178.0,1963.70083682008,0.9964819451199796,564,0,564,FastestO
query_cycle_8_31.graph,3,0.2,597,558178.0,7361.95294117647,0.9868107432733348,597,0,597,FastestO
query_cycle_8_31.graph,3,0.3,635,558178.0,4081.08260869565,0.9926885642058705,635,0,635,FastestO
query_cycle_8_31.graph,3,0.4,676,558178.0,4748.64586846543,0.9914925957876064,676,0,676,FastestO
query_cycle_8_31.graph,3,0.5,678,558178.0,3894.80912863071,0.9930222811923245,678,0,678,FastestO
query_cycle_8_31.graph,3,0.6,690,558178.0,1997.12553191489,0.9964220633347877,690,0,690,FastestO
query_cycle_8_31.graph,3,0.7,705,558178.0,2247.36392657622,0.9959737504405831,705,0,705,FastestO
query_cycle_8_31.graph,3,0.8,708,558178.0,2706.99062725306,0.9951503093506855,708,0,708,FastestO
query_cycle_8_31.graph,3,0.9,500,558178.0,3340.38790035587,0.9940155507734882,500,0,500,FastestO
query_cycle_8_31.graph,4,0.01,156,558178.0,0,1,156,0,156,FastestO
query_cycle_8_31.graph,4,0.05,387,558178.0,6680.77580071174,0.9880311015469766,387,0,387,FastestO
query_cycle_8_31.graph,4,0.075,471,558178.0,6291.21313672922,0.9887290198884062,471,0,471,FastestO
query_cycle_8_31.graph,4,0.1,525,558178.0,4247.28054298643,0.9923908134269239,525,0,525,FastestO
query_cycle_8_31.graph,4,0.15,564,558178.0,7797.70716510903,0.9860300707568034,564,0,564,FastestO
query_cycle_8_31.graph,4,0.2,597,558178.0,4171.77333333333,0.9925260878548898,597,0,597,FastestO
query_cycle_8_31.graph,4,0.3,635,558178.0,3184.55979643766,0.994294723553351,635,0,635,FastestO
query_cycle_8_31.graph,4,0.4,676,558178.0,3176.47715736041,0.9943092039504237,676,0,676,FastestO
query_cycle_8_31.graph,4,0.5,678,558178.0,4066.93674176776,0.9927139071375658,678,0,678,FastestO
query_cycle_8_31.graph,4,0.6,690,558178.0,2937.86854460094,0.9947366815879506,690,0,690,FastestO
query_cycle_8_31.graph,4,0.7,705,558178.0,6518.39583333333,0.9883220122732652,705,0,705,FastestO
query_cycle_8_31.graph,4,0.8,708,558178.0,3476.47777777778,0.9937717398790747,708,0,708,FastestO
query_cycle_8_31.graph,4,0.9,500,558178.0,4595.58873929008,0.9917668042465125,500,0,500,FastestO
query_cycle_8_31.graph,5,0.01,156,558178.0,9202.44117647059,0.9835134290916686,156,0,156,FastestO
query_cycle_8_31.graph,5,0.05,387,558178.0,3276.26178010471,0.9941304354881333,387,0,387,FastestO
query_cycle_8_31.graph,5,0.075,471,558178.0,4920.83355176933,0.9911841141145488,471,0,471,FastestO
query_cycle_8_31.graph,5,0.1,525,558178.0,2160.29689298044,0.9961297347925205,525,0,525,FastestO
query_cycle_8_31.graph,5,0.15,564,558178.0,965.688271604938,0.9982699277441874,564,0,564,FastestO
query_cycle_8_31.graph,5,0.2,597,558178.0,5243.84916201117,0.9906054176946939,597,0,597,FastestO
query_cycle_8_31.graph,5,0.3,635,558178.0,8045.56285714286,0.9855860265772873,635,0,635,FastestO
query_cycle_8_31.graph,5,0.4,676,558178.0,0,1,676,0,676,FastestO
query_cycle_8_31.graph,5,0.5,678,558178.0,4642.94641384996,0.9916819609267117,678,0,678,FastestO
query_cycle_8_31.graph,5,0.6,690,558178.0,3840.62602291326,0.9931193525668993,690,0,690,FastestO
query_cycle_8_31.graph,5,0.7,705,558178.0,7253.85625965997,0.9870044031479922,705,0,705,FastestO
query_cycle_8_31.graph,5,0.8,708,558178.0,3507.65695067265,0.9937158810439096,708,0,708,FastestO
query_cycle_8_31.graph,5,0.9,500,558178.0,4629.58816276202,0.9917058928106052,500,0,500,FastestO
query_cycle_8_33.graph,1,0.01,292,2740718.0,0,1,292,0,292,FastestO
query_cycle_8_33.graph,1,0.05,674,2740718.0,5296.14343271555,0.9980676073084807,674,0,674,FastestO
query_cycle_8_33.graph,1,0.075,833,2740718.0,0,1,833,0,833,FastestO
query_cycle_8_33.graph,1,0.1,963,2740718.0,3577.85193249864,0.9986945567064913,963,0,963,FastestO
query_cycle_8_33.graph,1,0.15,1166,2740718.0,16322.4685430464,0.9940444553058556,1166,0,1166,FastestO
query_cycle_8_33.graph,1,0.2,1342,2740718.0,4799.20700985761,0.9982489234536871,1342,0,1342,FastestO
query_cycle_8_33.graph,1,0.3,1692,2740718.0,1834.36059168295,0.999330700717227,1692,0,1692,FastestO
query_cycle_8_33.graph,1,0.4,1924,2740718.0,4625.27375087966,0.9983123861152882,1924,0,1924,FastestO
query_cycle_8_33.graph,1,0.5,2171,2740718.0,4172.14176893779,0.9984777194264649,2171,0,2171,FastestO
query_cycle_8_33.graph,1,0.6,2388,2740718.0,11167.1938833302,0.9959254495050822,2388,0,2388,FastestO
query_cycle_8_33.graph,1,0.7,2580,2740718.0,4459.72111959287,0.9983727909549276,2580,0,2580,FastestO
query_cycle_8_33.graph,1,0.8,2753,2740718.0,1015.53059332509,0.9996294654928654,2753,0,2753,FastestO
query_cycle_8_33.graph,1,0.9,500,2740718.0,14605.5866666667,0.9946708903773878,500,0,500,FastestO
query_cycle_8_33.graph,2,0.01,292,2740718.0,24297.6487985213,0.9911345680954694,292,0,292,FastestO
query_cycle_8_33.graph,2,0.05,674,2740718.0,5158.95918367347,0.998117661436283,674,0,674,FastestO
query_cycle_8_33.graph,2,0.075,833,2740718.0,16369.897882939,0.9940271498625766,833,0,833,FastestO
query_cycle_8_33.graph,2,0.1,963,2740718.0,10179.4228187919,0.9962858554514576,963,0,963,FastestO
query_cycle_8_33.graph,2,0.15,1166,2740718.0,5610.34058898848,0.9979529668543103,1166,0,1166,FastestO
query_cycle_8_33.graph,2,0.2,1342,2740718.0,4845.20014743826,0.9982321420345186,1342,0,1342,FastestO
query_cycle_8_33.graph,2,0.3,1692,2740718.0,12653.3547854785,0.9953831971091229,1692,0,1692,FastestO
query_cycle_8_33.graph,2,0.4,1924,2740718.0,9511.59768451519,0.9965295234006143,1924,0,1924,FastestO
query_cycle_8_33.graph,2,0.5,2171,2740718.0,5443.07577639752,0.9980139964139333,2171,0,2171,FastestO
query_cycle_8_33.graph,2,0.6,2388,2740718.0,9489.2820790471,0.9965376656485464,2388,0,2388,FastestO
query_cycle_8_33.graph,2,0.7,2580,2740718.0,5521.26512096774,0.997985467632581,2580,0,2580,FastestO
query_cycle_8_33.graph,2,0.8,2753,2740718.0,9083.63421375921,0.9966856735301629,2753,0,2753,FastestO
query_cycle_8_33.graph,2,0.9,500,2740718.0,0,1,500,0,500,FastestO
query_cycle_8_33.graph,3,0.01,292,2740718.0,28208.2145922747,0.9897077281966715,292,0,292,FastestO
query_cycle_8_33.graph,3,0.05,674,2740718.0,10836.791426216,0.9960460027532144,674,0,674,FastestO
query_cycle_8_33.graph,3,0.075,833,2740718.0,4234.86726804124,0.9984548329058147,833,0,833,FastestO
query_cycle_8_33.graph,3,0.1,963,2740718.0,13858.7538218239,0.9949433857033727,963,0,963,FastestO
query_cycle_8_33.graph,3,0.15,1166,2740718.0,2777.9010989011,0.9989864330810755,1166,0,1166,FastestO
query_cycle_8_33.graph,3,0.2,1342,2740718.0,7460.28830874007,0.9972779803289722,1342,0,1342,FastestO
query_cycle_8_33.graph,3,0.3,1692,2740718.0,1921.78771929825,0.9992988013654458,1692,0,1692,FastestO
query_cycle_8_33.graph,3,0.4,1924,2740718.0,3254.52537756871,0.9988125281851075,1924,0,1924,FastestO
query_cycle_8_33.graph,3,0.5,2171,2740718.0,6899.55280285534,0.9974825747111322,2171,0,2171,FastestO
query_cycle_8_33.graph,3,0.6,2388,2740718.0,4753.21930934732,0.9982657028890433,2388,0,2388,FastestO
query_cycle_8_33.graph,3,0.7,2580,2740718.0,6665.83569979716,0.9975678505779153,2580,0,2580,FastestO
query_cycle_8_33.graph,3,0.8,2753,2740718.0,4814.32317609142,0.9982434080499739,2753,0,2753,FastestO
query_cycle_8_33.graph,3,0.9,500,2740718.0,7270.48008849557,0.9973472352542306,500,0,500,FastestO
query_cycle_8_33.graph,4,0.01,292,2740718.0,0,1,292,0,292,FastestO
query_cycle_8_33.graph,4,0.05,674,2740718.0,0,1,674,0,674,FastestO
query_cycle_8_33.graph,4,0.075,833,2740718.0,4205.06333973129,0.998465707402319,833,0,833,FastestO
query_cycle_8_33.graph,4,0.1,963,2740718.0,0,1,963,0,963,FastestO
query_cycle_8_33.graph,4,0.15,1166,2740718.0,2803.97354948805,0.9989769200809832,1166,0,1166,FastestO
query_cycle_8_33.graph,4,0.2,1342,2740718.0,2369.32732516222,0.9991355085327415,1342,0,1342,FastestO
query_cycle_8_33.graph,4,0.3,1692,2740718.0,7498.58984597832,0.9972640053278089,1692,0,1692,FastestO
query_cycle_8_33.graph,4,0.4,1924,2740718.0,14202.3111644658,0.9948180326598849,1924,0,1924,FastestO
query_cycle_8_33.graph,4,0.5,2171,2740718.0,1393.95843054083,0.9994913893255195,2171,0,2171,FastestO
query_cycle_8_33.graph,4,0.6,2388,2740718.0,7215.93485818847,0.9973671370574468,2388,0,2388,FastestO
query_cycle_8_33.graph,4,0.7,2580,2740718.0,5347.85516680228,0.9980487393570582,2580,0,2580,FastestO
query_cycle_8_33.graph,4,0.8,2753,2740718.0,7900.84327573253,0.9971172359667312,2753,0,2753,FastestO
query_cycle_8_33.graph,4,0.9,500,2740718.0,0,1,500,0,500,FastestO
query_cycle_8_33.graph,5,0.01,292,2740718.0,39753.1088709677,0.9854953669545835,292,0,292,FastestO
query_cycle_8_33.graph,5,0.05,674,2740718.0,5378.48936170213,0.9980375619229334,674,0,674,FastestO
query_cycle_8_33.graph,5,0.075,833,2740718.0,4062.12237330037,0.9985178619714614,833,0,833,FastestO
query_cycle_8_33.graph,5,0.1,963,2740718.0,11177.7448979592,0.9959215997786131,963,0,963,FastestO
query_cycle_8_33.graph,5,0.15,1166,2740718.0,5850.0347129506,0.9978655101645078,1166,0,1166,FastestO
query_cycle_8_33.graph,5,0.2,1342,2740718.0,7154.40566037736,0.997389587086166,1342,0,1342,FastestO
query_cycle_8_33.graph,5,0.3,1692,2740718.0,11215.8941979522,0.9959076803239326,1692,0,1692,FastestO
query_cycle_8_33.graph,5,0.4,1924,2740718.0,11665.212474645,0.9957437385113517,1924,0,1924,FastestO
query_cycle_8_33.graph,5,0.5,2171,2740718.0,4039.65212046712,0.9985260606452516,2171,0,2171,FastestO
query_cycle_8_33.graph,5,0.6,2388,2740718.0,6063.20479704797,0.9977877312452255,2388,0,2388,FastestO
query_cycle_8_33.graph,5,0.7,2580,2740718.0,10783.4520098441,0.9960654645936414,2580,0,2580,FastestO
query_cycle_8_33.graph,5,0.8,2753,2740718.0,8799.85510264802,0.9967892154163077,2753,0,2753,FastestO
query_cycle_8_33.graph,5,0.9,500,2740718.0,0,1,500,0,500,FastestO
query_cycle_8_35.graph,1,0.01,156,522537.0,20781.5709342561,0.9602294747850275,156,0,156,FastestO
query_cycle_8_35.graph,1,0.05,422,522537.0,16471.5541105434,0.9684777267245316,422,0,422,FastestO
query_cycle_8_35.graph,1,0.075,552,522537.0,16247.5945185589,0.9689063271719345,552,0,552,FastestO
query_cycle_8_35.graph,1,0.1,617,522537.0,15407.8423124508,0.9705133946257378,617,0,617,FastestO
query_cycle_8_35.graph,1,0.15,714,522537.0,16015.664,0.9693501819009946,647,0,714,FastestO
query_cycle_8_35.graph,1,0.2,761,522537.0,16616.2514,0.9682008137222818,640,0,761,FastestO
query_cycle_8_35.graph,1,0.3,839,522537.0,17331.2364,0.9668325182714335,638,0,839,FastestO
query_cycle_8_35.graph,1,0.4,876,522537.0,15815.4682,0.9697333046272322,645,0,876,FastestO
query_cycle_8_35.graph,1,0.5,897,522537.0,18332.2154,0.9649169046402456,643,0,897,FastestO
query_cycle_8_35.graph,1,0.6,921,522537.0,16702.0496,0.96803661826818,661,0,921,FastestO
query_cycle_8_35.graph,1,0.7,930,522537.0,16902.2454,0.9676534955419425,642,0,930,FastestO
query_cycle_8_35.graph,1,0.8,952,522537.0,17445.634,0.9666135909992977,661,0,952,FastestO
query_cycle_8_35.graph,1,0.9,500,522537.0,14988.0659236424,0.9713167375254912,500,0,500,FastestO
query_cycle_8_35.graph,2,0.01,156,522537.0,19622.2298456261,0.9624481522923237,156,0,156,FastestO
query_cycle_8_35.graph,2,0.05,422,522537.0,19744.1083092187,0.9622149085917003,422,0,422,FastestO
query_cycle_8_35.graph,2,0.075,552,522537.0,17274.8053691275,0.96694051259695,552,0,552,FastestO
query_cycle_8_35.graph,2,0.1,617,522537.0,16401.7978925548,0.9686112219947012,617,0,617,FastestO
query_cycle_8_35.graph,2,0.15,714,522537.0,16873.646,0.9677082273599764,636,0,714,FastestO
query_cycle_8_35.graph,2,0.2,761,522537.0,17245.4382,0.9669967137255353,646,0,761,FastestO
query_cycle_8_35.graph,2,0.3,839,522537.0,16816.4472,0.9678176909960443,621,0,839,FastestO
query_cycle_8_35.graph,2,0.4,876,522537.0,16930.8448,0.9675987637239085,631,0,876,FastestO
query_cycle_8_35.graph,2,0.5,897,522537.0,16787.8478,0.9678724228140783,627,0,897,FastestO
query_cycle_8_35.graph,2,0.6,921,522537.0,17274.0376,0.9669419819075014,640,0,921,FastestO
query_cycle_8_35.graph,2,0.7,930,522537.0,17560.0316,0.9663946637271619,634,0,930,FastestO
query_cycle_8_35.graph,2,0.8,952,522537.0,16215.8598,0.968967059174757,641,0,952,FastestO
query_cycle_8_35.graph,2,0.9,500,522537.0,16937.3787453184,0.9675862594508746,500,0,500,FastestO
query_cycle_8_35.graph,3,0.01,156,522537.0,16019.4332784185,0.9693429684818139,156,0,156,FastestO
query_cycle_8_35.graph,3,0.05,422,522537.0,17254.369873817,0.9669796208233732,422,0,422,FastestO
query_cycle_8_35.graph,3,0.075,552,522537.0,17638.3964757709,0.9662446937235624,552,0,552,FastestO
query_cycle_8_35.graph,3,0.1,617,522537.0,16197.3078496548,0.9690025627856883,617,0,617,FastestO
query_cycle_8_35.graph,3,0.15,714,522537.0,17359.8358,0.9667777864533995,640,0,714,FastestO
query_cycle_8_35.graph,3,0.2,761,522537.0,16816.4472,0.9678176909960443,655,0,761,FastestO
query_cycle_8_35.graph,3,0.3,839,522537.0,16158.661,0.9690765228108248,647,0,839,FastestO
query_cycle_8_35.graph,3,0.4,876,522537.0,16959.4442,0.9675440319058746,652,0,876,FastestO
query_cycle_8_35.graph,3,0.5,897,522537.0,17016.643,0.9674345682698068,642,0,897,FastestO
query_cycle_8_35.graph,3,0.6,921,522537.0,17445.634,0.9666135909992977,634,0,921,FastestO
query_cycle_8_35.graph,3,0.7,930,522537.0,16816.4472,0.9678176909960443,644,0,930,FastestO
query_cycle_8_35.graph,3,0.8,952,522537.0,16416.0556,0.9685839364485194,655,0,952,FastestO
query_cycle_8_35.graph,3,0.9,500,522537.0,19457.3949623474,0.9627636034149784,500,0,500,FastestO
query_cycle_8_35.graph,4,0.01,156,522537.0,21887.2959183673,0.9581134045658636,156,0,156,FastestO
query_cycle_8_35.graph,4,0.05,422,522537.0,17978.2944808232,0.9655942172883007,422,0,422,FastestO
query_cycle_8_35.graph,4,0.075,552,522537.0,17043.5028566406,0.96738316548562,552,0,552,FastestO
query_cycle_8_35.graph,4,0.1,617,522537.0,16834.7586919105,0.9677826475600571,617,0,617,FastestO
query_cycle_8_35.graph,4,0.15,714,522537.0,17016.643,0.9674345682698068,649,0,714,FastestO
query_cycle_8_35.graph,4,0.2,761,522537.0,17502.8328,0.9665041273632299,663,0,761,FastestO
query_cycle_8_35.graph,4,0.3,839,522537.0,16730.649,0.9679818864501462,653,0,839,FastestO
query_cycle_8_35.graph,4,0.4,876,522537.0,17474.2334,0.9665588591812637,637,0,876,FastestO
query_cycle_8_35.graph,4,0.5,897,522537.0,16759.2484,0.9679271546321122,638,0,897,FastestO
query_cycle_8_35.graph,4,0.6,921,522537.0,18217.8178,0.9651358319123813,650,0,921,FastestO
query_cycle_8_35.graph,4,0.7,930,522537.0,16587.652,0.9682555455403158,652,0,930,FastestO
query_cycle_8_35.graph,4,0.8,952,522537.0,15672.4712,0.9700069637174018,641,0,952,FastestO
query_cycle_8_35.graph,4,0.9,500,522537.0,17357.5293423072,0.9667822004139281,500,0,500,FastestO
query_cycle_8_35.graph,5,0.01,156,522537.0,14868.1896024465,0.9715461496459648,156,0,156,FastestO
query_cycle_8_35.graph,5,0.05,422,522537.0,16405.3920951382,0.9686043436251631,422,0,422,FastestO
query_cycle_8_35.graph,5,0.075,552,522537.0,16770.3782623059,0.9679058549685363,552,0,552,FastestO
query_cycle_8_35.graph,5,0.1,617,522537.0,16752.9357512308,0.9679392354010706,617,0,617,FastestO
query_cycle_8_35.graph,5,0.15,714,522537.0,16873.646,0.9677082273599764,654,0,714,FastestO
query_cycle_8_35.graph,5,0.2,761,522537.0,16959.4442,0.9675440319058746,663,0,761,FastestO
query_cycle_8_35.graph,5,0.3,839,522537.0,16759.2484,0.9679271546321122,643,0,839,FastestO
query_cycle_8_35.graph,5,0.4,876,522537.0,17245.4382,0.9669967137255353,645,0,876,FastestO
query_cycle_8_35.graph,5,0.5,897,522537.0,18046.2214,0.965464222820585,642,0,897,FastestO
query_cycle_8_35.graph,5,0.6,921,522537.0,16787.8478,0.9678724228140783,643,0,921,FastestO
query_cycle_8_35.graph,5,0.7,930,522537.0,17102.4412,0.9672703728157049,645,0,930,FastestO
query_cycle_8_35.graph,5,0.8,952,522537.0,16101.4622,0.9691859864468927,636,0,952,FastestO
query_cycle_8_35.graph,5,0.9,500,522537.0,18178.0223907548,0.9652119899820399,500,0,500,FastestO
query_cycle_8_36.graph,1,0.01,93,106801.0,1177.81060606061,0.9889719140639076,93,0,93,FastestO
query_cycle_8_36.graph,1,0.05,298,106801.0,1407.88745148771,0.9868176566559517,298,0,298,FastestO
query_cycle_8_36.graph,1,0.075,399,106801.0,1378.62232970576,0.9870916720844771,399,0,399,FastestO
query_cycle_8_36.graph,1,0.1,484,106801.0,1872.01685731487,0.9824719163929657,484,0,484,FastestO
query_cycle_8_36.graph,1,0.15,630,106801.0,1467.50626247958,0.9862594333154223,630,0,630,FastestO
query_cycle_8_36.graph,1,0.2,754,106801.0,1961.41521335807,0.9816348609717319,754,0,754,FastestO
query_cycle_8_36.graph,1,0.3,1167,106801.0,1756.8223,0.9835505070177245,1101,0,1167,FastestO
query_cycle_8_36.graph,1,0.4,1438,106801.0,1912.2933,0.9820947996741604,1083,0,1438,FastestO
query_cycle_8_36.graph,1,0.5,1614,106801.0,1585.8042,0.9851517850956452,1074,0,1614,FastestO
query_cycle_8_36.graph,1,0.6,1775,106801.0,1694.6339,0.9841327899551502,1098,0,1775,FastestO
query_cycle_8_36.graph,1,0.7,1917,106801.0,1741.2752,0.9836960777520809,1074,0,1917,FastestO
query_cycle_8_36.graph,1,0.8,1995,106801.0,1850.1049,0.9826770826115859,1114,0,1995,FastestO
query_cycle_8_36.graph,1,0.9,500,106801.0,932.232760970292,0.9912713105591681,500,0,500,FastestO
query_cycle_8_36.graph,2,0.01,93,106801.0,1091.02456140351,0.9897845098697249,93,0,93,FastestO
query_cycle_8_36.graph,2,0.05,298,106801.0,1895.98780487805,0.9822474714199487,298,0,298,FastestO
query_cycle_8_36.graph,2,0.075,399,106801.0,1397.20669934641,0.9869176627620864,399,0,399,FastestO
query_cycle_8_36.graph,2,0.1,484,106801.0,1097.54167797991,0.9897234887502934,484,0,484,FastestO
query_cycle_8_36.graph,2,0.15,630,106801.0,1808.48067542214,0.9830668188928743,630,0,630,FastestO
query_cycle_8_36.graph,2,0.2,754,106801.0,1790.17248266949,0.9832382423135599,754,0,754,FastestO
query_cycle_8_36.graph,2,0.3,1167,106801.0,2005.5759,0.9812213752680219,1100,0,1167,FastestO
query_cycle_8_36.graph,2,0.4,1438,106801.0,2083.3114,0.9804935215962397,1098,0,1438,FastestO
query_cycle_8_36.graph,2,0.5,1614,106801.0,1679.0868,0.9842783606895066,1102,0,1614,FastestO
query_cycle_8_36.graph,2,0.6,1775,106801.0,1679.0868,0.9842783606895066,1099,0,1775,FastestO
query_cycle_8_36.graph,2,0.7,1917,106801.0,1725.7281,0.9838416484864374,1084,0,1917,FastestO
query_cycle_8_36.graph,2,0.8,1995,106801.0,1601.3513,0.9850062143612888,1083,0,1995,FastestO
query_cycle_8_36.graph,2,0.9,500,106801.0,962.668730650155,0.9909863322379926,500,0,500,FastestO
query_cycle_8_36.graph,3,0.01,93,106801.0,4426.2206405694,0.9585563745604498,93,0,93,FastestO
query_cycle_8_36.graph,3,0.05,298,106801.0,779.303258145363,0.9927032213355178,298,0,298,FastestO
query_cycle_8_36.graph,3,0.075,399,106801.0,1294.6109008327,0.9878782885850067,399,0,399,FastestO
query_cycle_8_36.graph,3,0.1,484,106801.0,1461.10778267254,0.986319343614081,484,0,484,FastestO
query_cycle_8_36.graph,3,0.15,630,106801.0,1782.43091520063,0.9833107282216399,630,0,630,FastestO
query_cycle_8_36.graph,3,0.2,754,106801.0,1661.13877500311,0.9844464117845049,754,0,754,FastestO
query_cycle_8_36.graph,3,0.3,1167,106801.0,2114.4056,0.9802023801275269,1101,0,1167,FastestO
query_cycle_8_36.graph,3,0.4,1438,106801.0,1772.3694,0.9834049362833682,1069,0,1438,FastestO
query_cycle_8_36.graph,3,0.5,1614,106801.0,1492.5216,0.9860252095017837,1101,0,1614,FastestO
query_cycle_8_36.graph,3,0.6,1775,106801.0,1881.1991,0.9823859411428733,1093,0,1775,FastestO
query_cycle_8_36.graph,3,0.7,1917,106801.0,1756.8223,0.9835505070177245,1106,0,1917,FastestO
query_cycle_8_36.graph,3,0.8,1995,106801.0,1834.5578,0.9828226533459425,1103,0,1995,FastestO
query_cycle_8_36.graph,3,0.9,500,106801.0,1885.98786919831,0.9823411028998014,500,0,500,FastestO
query_cycle_8_36.graph,4,0.01,93,106801.0,3923.55835962145,0.9632629061561085,93,0,93,FastestO
query_cycle_8_36.graph,4,0.05,298,106801.0,2312.61798512508,0.9783464762958672,298,0,298,FastestO
query_cycle_8_36.graph,4,0.075,399,106801.0,1606.9354005168,0.9849539292654863,399,0,399,FastestO
query_cycle_8_36.graph,4,0.1,484,106801.0,1960.8954954955,0.9816397271982894,484,0,484,FastestO
query_cycle_8_36.graph,4,0.15,630,106801.0,1787.6456445993,0.9832619016245231,630,0,630,FastestO
query_cycle_8_36.graph,4,0.2,754,106801.0,1691.94558645707,0.9841579611945854,754,0,754,FastestO
query_cycle_8_36.graph,4,0.3,1167,106801.0,1896.7462,0.9822403704085169,1087,0,1167,FastestO
query_cycle_8_36.graph,4,0.4,1438,106801.0,1756.8223,0.9835505070177245,1079,0,1438,FastestO
query_cycle_8_36.graph,4,0.5,1614,106801.0,1601.3513,0.9850062143612888,1086,0,1614,FastestO
query_cycle_8_36.graph,4,0.6,1775,106801.0,2067.7643,0.9806390923305962,1085,0,1775,FastestO
query_cycle_8_36.graph,4,0.7,1917,106801.0,1741.2752,0.9836960777520809,1068,0,1917,FastestO
query_cycle_8_36.graph,4,0.8,1995,106801.0,1756.8223,0.9835505070177245,1107,0,1995,FastestO
query_cycle_8_36.graph,4,0.9,500,106801.0,2228.3605292172,0.979135396398749,500,0,500,FastestO
query_cycle_8_36.graph,5,0.01,93,106801.0,3392.09454545455,0.9682391125040538,93,0,93,FastestO
query_cycle_8_36.graph,5,0.05,298,106801.0,1435.74802110818,0.9865567923417553,298,0,298,FastestO
query_cycle_8_36.graph,5,0.075,399,106801.0,2160.98687258687,0.9797662299736251,399,0,399,FastestO
query_cycle_8_36.graph,5,0.1,484,106801.0,2250.69376391982,0.9789262856722333,484,0,484,FastestO
query_cycle_8_36.graph,5,0.15,630,106801.0,1519.64135338346,0.9857712816042598,630,0,630,FastestO
query_cycle_8_36.graph,5,0.2,754,106801.0,1812.96501665873,0.9830248310721927,754,0,754,FastestO
query_cycle_8_36.graph,5,0.3,1167,106801.0,1679.0868,0.9842783606895066,1071,0,1167,FastestO
query_cycle_8_36.graph,5,0.4,1438,106801.0,1710.181,0.9839872192207938,1060,0,1438,FastestO
query_cycle_8_36.graph,5,0.5,1614,106801.0,2036.6701,0.980930233799309,1100,0,1614,FastestO
query_cycle_8_36.graph,5,0.6,1775,106801.0,2067.7643,0.9806390923305962,1100,0,1775,FastestO
query_cycle_8_36.graph,5,0.7,1917,106801.0,1803.4636,0.9831137948146552,1090,0,1917,FastestO
query_cycle_8_36.graph,5,0.8,1995,106801.0,1803.4636,0.9831137948146552,1093,0,1995,FastestO
query_cycle_8_36.graph,5,0.9,500,106801.0,1690.33963241004,0.984172998076703,500,0,500,FastestO
query_cycle_8_37.graph,1,0.01,100,3050810.0,0,1,100,0,100,FastestO
query_cycle_8_37.graph,1,0.05,376,3050810.0,16510.8038444736,0.9945880589599242,376,0,376,FastestO
query_cycle_8_37.graph,1,0.075,504,3050810.0,17774.5937683715,0.9941738116210541,504,0,504,FastestO
query_cycle_8_37.graph,1,0.1,591,3050810.0,18571.6117936118,0.9939125636163473,591,0,591,FastestO
query_cycle_8_37.graph,1,0.15,766,3050810.0,6808.56868338087,0.9977682750864916,766,0,766,FastestO
query_cycle_8_37.graph,1,0.2,930,3050810.0,21172.6778711485,0.9930599814897851,930,0,930,FastestO
query_cycle_8_37.graph,1,0.3,1228,3050810.0,19054.3426138592,0.9937543332381042,1228,0,1228,FastestO
query_cycle_8_37.graph,1,0.4,1473,3050810.0,16595.0996911398,0.994560428315385,1473,0,1473,FastestO
query_cycle_8_37.graph,1,0.5,1677,3050810.0,16255.6250980848,0.9946717019093011,1677,0,1677,FastestO
query_cycle_8_37.graph,1,0.6,1836,3050810.0,16090.187029703,0.9947259294975095,1735,0,1836,FastestO
query_cycle_8_37.graph,1,0.7,2025,3050810.0,18787.3860115607,0.9938418367543174,1679,0,2025,FastestO
query_cycle_8_37.graph,1,0.8,2192,3050810.0,22035.374779661,0.992777205142352,1555,0,2192,FastestO
query_cycle_8_37.graph,1,0.9,500,3050810.0,20854.6333537707,0.9931642306948743,500,0,500,FastestO
query_cycle_8_37.graph,2,0.01,100,3050810.0,0,1,100,0,100,FastestO
query_cycle_8_37.graph,2,0.05,376,3050810.0,10870.5359539789,0.9964368361340172,376,0,376,FastestO
query_cycle_8_37.graph,2,0.075,504,3050810.0,33574.0864672786,0.9889950254302042,504,0,504,FastestO
query_cycle_8_37.graph,2,0.1,591,3050810.0,18205.6286402452,0.9940325262339361,591,0,591,FastestO
query_cycle_8_37.graph,2,0.15,766,3050810.0,15142.9184774233,0.9950364268907524,766,0,766,FastestO
query_cycle_8_37.graph,2,0.2,930,3050810.0,16774.9633814183,0.9945014722708335,930,0,930,FastestO
query_cycle_8_37.graph,2,0.3,1228,3050810.0,20089.7212214281,0.9934149549721456,1228,0,1228,FastestO
query_cycle_8_37.graph,2,0.4,1473,3050810.0,16831.8155570913,0.9944828371622318,1473,0,1473,FastestO
query_cycle_8_37.graph,2,0.5,1677,3050810.0,17184.3202338422,0.994367292543999,1677,0,1677,FastestO
query_cycle_8_37.graph,2,0.6,1836,3050810.0,17061.510656168,0.9944075472886978,1715,0,1836,FastestO
query_cycle_8_37.graph,2,0.7,2025,3050810.0,16130.1130521092,0.9947128424739301,1777,0,2025,FastestO
query_cycle_8_37.graph,2,0.8,2192,3050810.0,16050.4581728395,0.9947389518938119,1808,0,2192,FastestO
query_cycle_8_37.graph,2,0.9,500,3050810.0,25380.068986569,0.9916808752473707,500,0,500,FastestO
query_cycle_8_37.graph,3,0.01,100,3050810.0,0,1,100,0,100,FastestO
query_cycle_8_37.graph,3,0.05,376,3050810.0,9876.27961672474,0.996762735268101,376,0,376,FastestO
query_cycle_8_37.graph,3,0.075,504,3050810.0,17471.5885582202,0.9942731312149166,504,0,504,FastestO
query_cycle_8_37.graph,3,0.1,591,3050810.0,12373.474114999,0.995944200354988,591,0,591,FastestO
query_cycle_8_37.graph,3,0.15,766,3050810.0,20064.2424421177,0.9934233064523462,766,0,766,FastestO
query_cycle_8_37.graph,3,0.2,930,3050810.0,20865.8274672188,0.993160561468194,930,0,930,FastestO
query_cycle_8_37.graph,3,0.3,1228,3050810.0,19148.2136208319,0.9937235640302635,1228,0,1228,FastestO
query_cycle_8_37.graph,3,0.4,1473,3050810.0,15916.5944331713,0.994782829991651,1473,0,1473,FastestO
query_cycle_8_37.graph,3,0.5,1677,3050810.0,15845.7751006261,0.9948060432801039,1677,0,1677,FastestO
query_cycle_8_37.graph,3,0.6,1836,3050810.0,18467.1464772727,0.9939468054460052,1672,0,1836,FastestO
query_cycle_8_37.graph,3,0.7,2025,3050810.0,16667.7834871795,0.9945366038897279,1772,0,2025,FastestO
query_cycle_8_37.graph,3,0.8,2192,3050810.0,19698.2895757576,0.9935432591424056,1655,0,2192,FastestO
query_cycle_8_37.graph,3,0.9,500,3050810.0,23892.2718390805,0.9921685480776973,500,0,500,FastestO
query_cycle_8_37.graph,4,0.01,100,3050810.0,0,1,100,0,100,FastestO
query_cycle_8_37.graph,4,0.05,376,3050810.0,19899.9017112769,0.9934771743532778,376,0,376,FastestO
query_cycle_8_37.graph,4,0.075,504,3050810.0,12920.7623931624,0.9957648092168432,504,0,504,FastestO
query_cycle_8_37.graph,4,0.1,591,3050810.0,19726.0037959668,0.9935341749253586,591,0,591,FastestO
query_cycle_8_37.graph,4,0.15,766,3050810.0,22804.7850354503,0.9925250064620705,766,0,766,FastestO
query_cycle_8_37.graph,4,0.2,930,3050810.0,19302.321195498,0.9936730503717052,930,0,930,FastestO
query_cycle_8_37.graph,4,0.3,1228,3050810.0,18091.1290175519,0.9940700571266149,1228,0,1228,FastestO
query_cycle_8_37.graph,4,0.4,1473,3050810.0,18773.5100162866,0.9938463850530558,1473,0,1473,FastestO
query_cycle_8_37.graph,4,0.5,1677,3050810.0,17252.8059852904,0.9943448441609636,1677,0,1677,FastestO
query_cycle_8_37.graph,4,0.6,1836,3050810.0,19579.6251807229,0.9935821551716683,1663,0,1836,FastestO
query_cycle_8_37.graph,4,0.7,2025,3050810.0,18056.7654444444,0.9940813208805385,1630,0,2025,FastestO
query_cycle_8_37.graph,4,0.8,2192,3050810.0,25491.9041568627,0.9916442177137014,1444,0,2192,FastestO
query_cycle_8_37.graph,4,0.9,500,3050810.0,4448.8793407887,0.9985417383118619,500,0,500,FastestO
query_cycle_8_37.graph,5,0.01,100,3050810.0,25195.4866666667,0.9917413779728443,100,0,100,FastestO
query_cycle_8_37.graph,5,0.05,376,3050810.0,17701.7470725995,0.9941976894422795,376,0,376,FastestO
query_cycle_8_37.graph,5,0.075,504,3050810.0,15300.9028340081,0.9949846424936302,504,0,504,FastestO
query_cycle_8_37.graph,5,0.1,591,3050810.0,14721.4486041982,0.9951745770453755,591,0,591,FastestO
query_cycle_8_37.graph,5,0.15,766,3050810.0,19920.2969253294,0.9934704891732591,766,0,766,FastestO
query_cycle_8_37.graph,5,0.2,930,3050810.0,17308.2247877111,0.9943266788860299,930,0,930,FastestO
query_cycle_8_37.graph,5,0.3,1228,3050810.0,18486.3091147697,0.9939405242821514,1228,0,1228,FastestO
query_cycle_8_37.graph,5,0.4,1473,3050810.0,15358.4769717038,0.9949657707390157,1473,0,1473,FastestO
query_cycle_8_37.graph,5,0.5,1677,3050810.0,19007.1215204678,0.9937698114531983,1658,0,1677,FastestO
query_cycle_8_37.graph,5,0.6,1836,3050810.0,13748.1868474512,0.995493594538024,1836,0,1836,FastestO
query_cycle_8_37.graph,5,0.7,2025,3050810.0,19520.8275075075,0.9936014279789604,1696,0,2025,FastestO
query_cycle_8_37.graph,5,0.8,2192,3050810.0,18317.6100835655,0.9939958207546306,1719,0,2192,FastestO
query_cycle_8_37.graph,5,0.9,500,3050810.0,13793.1496350365,0.9954788565544769,500,0,500,FastestO
query_cycle_8_39.graph,1,0.01,89,310564.0,5730.58883248731,0.9815478006707561,89,0,89,FastestO
query_cycle_8_39.graph,1,0.05,308,310564.0,18797.0048971596,0.9394746174792968,308,0,308,FastestO
query_cycle_8_39.graph,1,0.075,444,310564.0,12025.8428761651,0.961277408598018,444,0,444,FastestO
query_cycle_8_39.graph,1,0.1,504,310564.0,16943.3029460812,0.9454434417830748,504,0,504,FastestO
query_cycle_8_39.graph,1,0.15,656,310564.0,15459.1668468468,0.9502222831788396,656,0,656,FastestO
query_cycle_8_39.graph,1,0.2,754,310564.0,16452.9573991031,0.9470223290558366,754,0,754,FastestO
query_cycle_8_39.graph,1,0.3,981,310564.0,13449.7613464448,0.956692464849613,981,0,981,FastestO
query_cycle_8_39.graph,1,0.4,1133,310564.0,12976.1609195402,0.9582174337027466,1133,0,1133,FastestO
query_cycle_8_39.graph,1,0.5,1221,310564.0,17671.8268313562,0.9430976325931008,1221,0,1221,FastestO
query_cycle_8_39.graph,1,0.6,1338,310564.0,16292.4425117079,0.9475391786823072,1338,0,1338,FastestO
query_cycle_8_39.graph,1,0.7,1402,310564.0,15028.6990243096,0.9516083672791773,1402,0,1402,FastestO
query_cycle_8_39.graph,1,0.8,1464,310564.0,15402.0140117994,0.9504063123485034,1464,0,1464,FastestO
query_cycle_8_39.graph,1,0.9,500,310564.0,16709.3580018501,0.9461967323905857,500,0,500,FastestO
query_cycle_8_39.graph,2,0.01,89,310564.0,5561.2118226601,0.9820931858726056,89,0,89,FastestO
query_cycle_8_39.graph,2,0.05,308,310564.0,17600.1826280624,0.9433283232182018,308,0,308,FastestO
query_cycle_8_39.graph,2,0.075,444,310564.0,11575.2364294331,0.9627283380255501,444,0,444,FastestO
query_cycle_8_39.graph,2,0.1,504,310564.0,20575.8080194411,0.9337469635262262,504,0,504,FastestO
query_cycle_8_39.graph,2,0.15,656,310564.0,19719.231441048,0.9365050957578855,656,0,656,FastestO
query_cycle_8_39.graph,2,0.2,754,310564.0,24392.4972611077,0.9214574217838909,754,0,754,FastestO
query_cycle_8_39.graph,2,0.3,981,310564.0,17417.1085606773,0.9439178122361982,981,0,981,FastestO
query_cycle_8_39.graph,2,0.4,1133,310564.0,15863.1288056206,0.9489215465874326,1133,0,1133,FastestO
query_cycle_8_39.graph,2,0.5,1221,310564.0,16528.9311859444,0.946777697395885,1221,0,1221,FastestO
query_cycle_8_39.graph,2,0.6,1338,310564.0,15349.3857048437,0.950575772771977,1338,0,1338,FastestO
query_cycle_8_39.graph,2,0.7,1402,310564.0,18603.2042650687,0.9400986454802593,1402,0,1402,FastestO
query_cycle_8_39.graph,2,0.8,1464,310564.0,15778.9244634538,0.9491926802093811,1464,0,1464,FastestO
query_cycle_8_39.graph,2,0.9,500,310564.0,16187.8416458853,0.9478759880543616,500,0,500,FastestO
query_cycle_8_39.graph,3,0.01,89,310564.0,5401.55980861244,0.9826072570915739,89,0,89,FastestO
query_cycle_8_39.graph,3,0.05,308,310564.0,12963.7435406699,0.9582574170197774,308,0,308,FastestO
query_cycle_8_39.graph,3,0.075,444,310564.0,23300.0705725699,0.92497497915866,444,0,444,FastestO
query_cycle_8_39.graph,3,0.1,504,310564.0,19674.7920673077,0.9366481882404023,504,0,504,FastestO
query_cycle_8_39.graph,3,0.15,656,310564.0,18062.816,0.9418386677142232,656,0,656,FastestO
query_cycle_8_39.graph,3,0.2,754,310564.0,14489.9229891614,0.9533431982162728,754,0,754,FastestO
query_cycle_8_39.graph,3,0.3,981,310564.0,15100.6688068486,0.9513766283057644,981,0,981,FastestO
query_cycle_8_39.graph,3,0.4,1133,310564.0,17044.9867888919,0.9451160250740849,1133,0,1133,FastestO
query_cycle_8_39.graph,3,0.5,1221,310564.0,13739.4645030426,0.9557596356852611,1221,0,1221,FastestO
query_cycle_8_39.graph,3,0.6,1338,310564.0,16148.9035619553,0.9480013666685281,1338,0,1338,FastestO
query_cycle_8_39.graph,3,0.7,1402,310564.0,16837.0066655557,0.9457857103026888,1402,0,1402,FastestO
query_cycle_8_39.graph,3,0.8,1464,310564.0,16547.5016369048,0.9467179015053104,1464,0,1464,FastestO
query_cycle_8_39.graph,3,0.9,500,310564.0,14839.8257059396,0.9522165295850787,500,0,500,FastestO
query_cycle_8_39.graph,4,0.01,89,310564.0,29820.6867924528,0.9039789325470665,89,0,89,FastestO
query_cycle_8_39.graph,4,0.05,308,310564.0,16210.2194871795,0.9478039325640465,308,0,308,FastestO
query_cycle_8_39.graph,4,0.075,444,310564.0,15052.3466666667,0.9515322230951859,444,0,444,FastestO
query_cycle_8_39.graph,4,0.1,504,310564.0,15195.863151991,0.9510701074432611,504,0,504,FastestO
query_cycle_8_39.graph,4,0.15,656,310564.0,13228.12520924,0.9574061217358095,656,0,656,FastestO
query_cycle_8_39.graph,4,0.2,754,310564.0,17580.2216793893,0.9433925964394158,754,0,754,FastestO
query_cycle_8_39.graph,4,0.3,981,310564.0,18874.8541705369,0.939223946849806,981,0,981,FastestO
query_cycle_8_39.graph,4,0.4,1133,310564.0,17358.201594533,0.9441074896171705,1133,0,1133,FastestO
query_cycle_8_39.graph,4,0.5,1221,310564.0,16483.5591636491,0.9469237929584591,1221,0,1221,FastestO
query_cycle_8_39.graph,4,0.6,1338,310564.0,16793.4066940021,0.945926099953626,1338,0,1338,FastestO
query_cycle_8_39.graph,4,0.7,1402,310564.0,16753.6904227783,0.9460539842905866,1402,0,1402,FastestO
query_cycle_8_39.graph,4,0.8,1464,310564.0,16894.0620299294,0.9456019949835479,1464,0,1464,FastestO
query_cycle_8_39.graph,4,0.9,500,310564.0,13760.0943296237,0.9556932087118155,500,0,500,FastestO
query_cycle_8_39.graph,5,0.01,89,310564.0,9104.24193548387,0.9706848123559593,89,0,89,FastestO
query_cycle_8_39.graph,5,0.05,308,310564.0,11846.0230849948,0.9618564190150991,308,0,308,FastestO
query_cycle_8_39.graph,5,0.075,444,310564.0,20195.4561717352,0.9349716767824499,444,0,444,FastestO
query_cycle_8_39.graph,5,0.1,504,310564.0,15604.5061137693,0.9497542982645469,504,0,504,FastestO
query_cycle_8_39.graph,5,0.15,656,310564.0,12480.9935805991,0.9598118468959727,656,0,656,FastestO
query_cycle_8_39.graph,5,0.2,754,310564.0,17233.3548548549,0.9445094896547737,754,0,754,FastestO
query_cycle_8_39.graph,5,0.3,981,310564.0,17252.5548363898,0.9444476667083442,981,0,981,FastestO
query_cycle_8_39.graph,5,0.4,1133,310564.0,12854.3876376376,0.9586095373654461,1133,0,1133,FastestO
query_cycle_8_39.graph,5,0.5,1221,310564.0,14879.1765888529,0.9520898217795595,1221,0,1221,FastestO
query_cycle_8_39.graph,5,0.6,1338,310564.0,16111.96219865,0.9481203159456668,1338,0,1338,FastestO
query_cycle_8_39.graph,5,0.7,1402,310564.0,17443.116464529,0.943834068132401,1402,0,1402,FastestO
query_cycle_8_39.graph,5,0.8,1464,310564.0,15080.2730983302,0.9514423014311696,1464,0,1464,FastestO
query_cycle_8_39.graph,5,0.9,500,310564.0,17526.1531049251,0.9435666944496945,500,0,500,FastestO
query_cycle_8_40.graph,1,0.01,38,85123574.0,0,1,38,0,38,FastestO
query_cycle_8_40.graph,1,0.05,77,85123574.0,44517.5719443012,0.9994770241678962,77,0,77,FastestO
query_cycle_8_40.graph,1,0.075,106,85123574.0,58383.2073047007,0.9993141358549548,106,0,106,FastestO
query_cycle_8_40.graph,1,0.1,111,85123574.0,75674.6686148451,0.9991110022164383,111,0,111,FastestO
query_cycle_8_40.graph,1,0.15,159,85123574.0,87916.7258529961,0.9989671870937539,159,0,159,FastestO
query_cycle_8_40.graph,1,0.2,183,85123574.0,73377.598129848,0.9991379873437897,183,0,183,FastestO
query_cycle_8_40.graph,1,0.3,243,85123574.0,123102.641186537,0.9985538360832155,243,0,243,FastestO
query_cycle_8_40.graph,1,0.4,267,85123574.0,140672.5253161,0.9983474316372559,267,0,267,FastestO
query_cycle_8_40.graph,1,0.5,300,85123574.0,79410.8298068077,0.9990671111881791,300,0,300,FastestO
query_cycle_8_40.graph,1,0.6,310,85123574.0,113494.932054604,0.9986667038668441,310,0,310,FastestO
query_cycle_8_40.graph,1,0.7,330,85123574.0,124900.957284539,0.998532710136389,330,0,330,FastestO
query_cycle_8_40.graph,1,0.8,345,85123574.0,124178.01365125,0.9985412030085666,345,0,345,FastestO
query_cycle_8_40.graph,1,0.9,500,85123574.0,90045.5966906475,0.9989421779131283,412,0,500,FastestO
query_cycle_8_40.graph,2,0.01,38,85123574.0,343902.677290837,0.9959599596077716,38,0,38,FastestO
query_cycle_8_40.graph,2,0.05,77,85123574.0,0,1,77,0,77,FastestO
query_cycle_8_40.graph,2,0.075,106,85123574.0,198893.023041475,0.9976634789436652,106,0,106,FastestO
query_cycle_8_40.graph,2,0.1,111,85123574.0,166063.047325895,0.9980491532542337,111,0,111,FastestO
query_cycle_8_40.graph,2,0.15,159,85123574.0,123137.763195435,0.9985534234829538,159,0,159,FastestO
query_cycle_8_40.graph,2,0.2,183,85123574.0,112803.273994482,0.9986748292077765,183,0,183,FastestO
query_cycle_8_40.graph,2,0.3,243,85123574.0,149135.404284727,0.9982480128914144,243,0,243,FastestO
query_cycle_8_40.graph,2,0.4,267,85123574.0,75590.7280051375,0.9991119883194151,267,0,267,FastestO
query_cycle_8_40.graph,2,0.5,300,85123574.0,91688.4395137496,0.9989228784083508,300,0,300,FastestO
query_cycle_8_40.graph,2,0.6,310,85123574.0,85158.3221524664,0.9989995917916644,310,0,310,FastestO
query_cycle_8_40.graph,2,0.7,330,85123574.0,96476.8529833209,0.998866625912778,330,0,330,FastestO
query_cycle_8_40.graph,2,0.8,345,85123574.0,93265.6416958222,0.9989043500253428,345,0,345,FastestO
query_cycle_8_40.graph,2,0.9,500,85123574.0,113957.553323217,0.9986612691647179,394,0,500,FastestO
query_cycle_8_40.graph,3,0.01,38,85123574.0,199352.360277136,0.9976580828211333,38,0,38,FastestO
query_cycle_8_40.graph,3,0.05,77,85123574.0,156281.663246832,0.9981640613063683,77,0,77,FastestO
query_cycle_8_40.graph,3,0.075,106,85123574.0,68945.3450479233,0.9991900557999607,106,0,106,FastestO
query_cycle_8_40.graph,3,0.1,111,85123574.0,61656.8371428571,0.9992756784725363,111,0,111,FastestO
query_cycle_8_40.graph,3,0.15,159,85123574.0,178789.502899751,0.9978996476005607,159,0,159,FastestO
query_cycle_8_40.graph,3,0.2,183,85123574.0,71644.4089085627,0.999158348204358,183,0,183,FastestO
query_cycle_8_40.graph,3,0.3,243,85123574.0,84580.3877763488,0.999006381149171,243,0,243,FastestO
query_cycle_8_40.graph,3,0.4,267,85123574.0,90963.2456926076,0.9989313977148961,267,0,267,FastestO
query_cycle_8_40.graph,3,0.5,300,85123574.0,99487.7737310405,0.998831254738775,300,0,300,FastestO
query_cycle_8_40.graph,3,0.6,310,85123574.0,87077.8751628767,0.9989770415988071,310,0,310,FastestO
query_cycle_8_40.graph,3,0.7,330,85123574.0,104540.740532225,0.9987718943693292,330,0,330,FastestO
query_cycle_8_40.graph,3,0.8,345,85123574.0,119586.308816121,0.9985951446444657,345,0,345,FastestO
query_cycle_8_40.graph,3,0.9,500,85123574.0,104447.882670376,0.9987729852288583,398,0,500,FastestO
query_cycle_8_40.graph,4,0.01,38,85123574.0,0,1,38,0,38,FastestO
query_cycle_8_40.graph,4,0.05,77,85123574.0,129511.735933983,0.9984785444284331,77,0,77,FastestO
query_cycle_8_40.graph,4,0.075,106,85123574.0,186100.4067553,0.9978137618287115,106,0,106,FastestO
query_cycle_8_40.graph,4,0.1,111,85123574.0,89978.7060458652,0.998942963719476,111,0,111,FastestO
query_cycle_8_40.graph,4,0.15,159,85123574.0,53636.8508699254,0.9993698942801682,159,0,159,FastestO
query_cycle_8_40.graph,4,0.2,183,85123574.0,57565.5698566189,0.9993237411547521,183,0,183,FastestO
query_cycle_8_40.graph,4,0.3,243,85123574.0,48005.3233229058,0.9994360513654783,243,0,243,FastestO
query_cycle_8_40.graph,4,0.4,267,85123574.0,59648.2728529121,0.9992992743367083,267,0,267,FastestO
query_cycle_8_40.graph,4,0.5,300,85123574.0,115433.232402642,0.9986439334372563,300,0,300,FastestO
query_cycle_8_40.graph,4,0.6,310,85123574.0,91191.8207063085,0.9989287125008837,310,0,310,FastestO
query_cycle_8_40.graph,4,0.7,330,85123574.0,94206.7723276542,0.9988932939736804,330,0,330,FastestO
query_cycle_8_40.graph,4,0.8,345,85123574.0,98535.6460196233,0.9988424399800269,345,0,345,FastestO
query_cycle_8_40.graph,4,0.9,500,85123574.0,108366.562251082,0.9987269500426394,399,0,500,FastestO
query_cycle_8_40.graph,5,0.01,38,85123574.0,0,1,38,0,38,FastestO
query_cycle_8_40.graph,5,0.05,77,85123574.0,347222.73531778,0.9959209568043068,77,0,77,FastestO
query_cycle_8_40.graph,5,0.075,106,85123574.0,0,1,106,0,106,FastestO
query_cycle_8_40.graph,5,0.1,111,85123574.0,232145.868220529,0.9972728369203515,111,0,111,FastestO
query_cycle_8_40.graph,5,0.15,159,85123574.0,121277.937478047,0.9985752720218485,159,0,159,FastestO
query_cycle_8_40.graph,5,0.2,183,85123574.0,110143.64169963,0.9987060735760505,183,0,183,FastestO
query_cycle_8_40.graph,5,0.3,243,85123574.0,87406.6927409658,0.9989731787725341,243,0,243,FastestO
query_cycle_8_40.graph,5,0.4,267,85123574.0,87038.7872419466,0.998977500789124,267,0,267,FastestO
query_cycle_8_40.graph,5,0.5,300,85123574.0,98889.5300407332,0.9988382826825302,300,0,300,FastestO
query_cycle_8_40.graph,5,0.6,310,85123574.0,78450.6324732287,0.9990783912283425,310,0,310,FastestO
query_cycle_8_40.graph,5,0.7,330,85123574.0,116689.369596704,0.9986291768059844,330,0,330,FastestO
query_cycle_8_40.graph,5,0.8,345,85123574.0,102482.144948949,0.9987960779824758,345,0,345,FastestO
query_cycle_8_40.graph,5,0.9,500,85123574.0,106070.660508475,0.9987539214400412,406,0,500,FastestO
query_cycle_8_41.graph,1,0.01,17,1327806.0,0,1,17,0,17,FastestO
query_cycle_8_41.graph,1,0.05,26,1327806.0,0,1,26,0,26,FastestO
query_cycle_8_41.graph,1,0.075,29,1327806.0,0,1,29,0,29,FastestO
query_cycle_8_41.graph,1,0.1,32,1327806.0,0,1,32,0,32,FastestO
query_cycle_8_41.graph,1,0.15,32,1327806.0,209.98027027027,0.9998418592247134,32,0,32,FastestO
query_cycle_8_41.graph,1,0.2,32,1327806.0,93.3862611935813,0.999929668745891,32,0,32,FastestO
query_cycle_8_41.graph,1,0.3,33,1327806.0,0,1,33,0,33,FastestO
query_cycle_8_41.graph,1,0.4,34,1327806.0,0,1,30,0,34,FastestO
query_cycle_8_41.graph,1,0.5,40,1327806.0,62.15416,0.9999531903305152,34,0,40,FastestO
query_cycle_8_41.graph,1,0.6,40,1327806.0,31.07708,0.9999765951652576,36,0,40,FastestO
query_cycle_8_41.graph,1,0.7,41,1327806.0,0,1,33,0,41,FastestO
query_cycle_8_41.graph,1,0.8,41,1327806.0,31.07708,0.9999765951652576,35,0,41,FastestO
query_cycle_8_41.graph,1,0.9,500,1327806.0,62.15416,0.9999531903305152,37,0,500,FastestO
query_cycle_8_41.graph,2,0.01,17,1327806.0,516.573803191489,0.999610956869308,17,0,17,FastestO
query_cycle_8_41.graph,2,0.05,26,1327806.0,0,1,26,0,26,FastestO
query_cycle_8_41.graph,2,0.075,29,1327806.0,144.584907416023,0.999891109915593,29,0,29,FastestO
query_cycle_8_41.graph,2,0.1,32,1327806.0,0,1,29,0,32,FastestO
query_cycle_8_41.graph,2,0.15,32,1327806.0,53.8784327323162,0.9999594229633453,32,0,32,FastestO
query_cycle_8_41.graph,2,0.2,32,1327806.0,95.73077041555,0.9999279030442583,32,0,32,FastestO
query_cycle_8_41.graph,2,0.3,33,1327806.0,62.15416,0.9999531903305152,33,0,33,FastestO
query_cycle_8_41.graph,2,0.4,34,1327806.0,35.5459120647847,0.9999732295892134,34,0,34,FastestO
query_cycle_8_41.graph,2,0.5,40,1327806.0,62.15416,0.9999531903305152,33,0,40,FastestO
query_cycle_8_41.graph,2,0.6,40,1327806.0,186.46248,0.9998595709915454,40,0,40,FastestO
query_cycle_8_41.graph,2,0.7,41,1327806.0,62.15416,0.9999531903305152,39,0,41,FastestO
query_cycle_8_41.graph,2,0.8,41,1327806.0,93.23124,0.9999297854957726,35,0,41,FastestO
query_cycle_8_41.graph,2,0.9,500,1327806.0,62.15416,0.9999531903305152,39,0,500,FastestO
query_cycle_8_41.graph,3,0.01,17,1327806.0,0,1,17,0,17,FastestO
query_cycle_8_41.graph,3,0.05,26,1327806.0,141.105521249546,0.9998937303180965,26,0,26,FastestO
query_cycle_8_41.graph,3,0.075,29,1327806.0,102.287801988019,0.9999229647990836,29,0,29,FastestO
query_cycle_8_41.graph,3,0.1,32,1327806.0,0,1,32,0,32,FastestO
query_cycle_8_41.graph,3,0.15,32,1327806.0,44.2693447293447,0.9999666597795692,32,0,32,FastestO
query_cycle_8_41.graph,3,0.2,32,1327806.0,58.5454202931314,0.9999559081520243,32,0,32,FastestO
query_cycle_8_41.graph,3,0.3,33,1327806.0,0,1,27,0,33,FastestO
query_cycle_8_41.graph,3,0.4,34,1327806.0,87.3295116056876,0.999934230217663,34,0,34,FastestO
query_cycle_8_41.graph,3,0.5,40,1327806.0,62.15416,0.9999531903305152,40,0,40,FastestO
query_cycle_8_41.graph,3,0.6,40,1327806.0,31.07708,0.9999765951652576,35,0,40,FastestO
query_cycle_8_41.graph,3,0.7,41,1327806.0,62.15416,0.9999531903305152,38,0,41,FastestO
query_cycle_8_41.graph,3,0.8,41,1327806.0,31.07708,0.9999765951652576,36,0,41,FastestO
query_cycle_8_41.graph,3,0.9,500,1327806.0,31.07708,0.9999765951652576,40,0,500,FastestO
query_cycle_8_41.graph,4,0.01,17,1327806.0,0,1,17,0,17,FastestO
query_cycle_8_41.graph,4,0.05,26,1327806.0,0,1,26,0,26,FastestO
query_cycle_8_41.graph,4,0.075,29,1327806.0,0,1,29,0,29,FastestO
query_cycle_8_41.graph,4,0.1,32,1327806.0,158.66176545668,0.9998805083231611,32,0,32,FastestO
query_cycle_8_41.graph,4,0.15,32,1327806.0,73.4127374090523,0.9999447112474193,32,0,32,FastestO
query_cycle_8_41.graph,4,0.2,32,1327806.0,0,1,32,0,32,FastestO
query_cycle_8_41.graph,4,0.3,33,1327806.0,47.0565397777172,0.9999645606814718,33,0,33,FastestO
query_cycle_8_41.graph,4,0.4,34,1327806.0,0,1,29,0,34,FastestO
query_cycle_8_41.graph,4,0.5,40,1327806.0,36.0514605229577,0.9999728488495134,40,0,40,FastestO
query_cycle_8_41.graph,4,0.6,40,1327806.0,31.07708,0.9999765951652576,36,0,40,FastestO
query_cycle_8_41.graph,4,0.7,41,1327806.0,31.07708,0.9999765951652576,41,0,41,FastestO
query_cycle_8_41.graph,4,0.8,41,1327806.0,0,1,41,0,41,FastestO
query_cycle_8_41.graph,4,0.9,500,1327806.0,31.07708,0.9999765951652576,40,0,500,FastestO
query_cycle_8_41.graph,5,0.01,17,1327806.0,0,1,17,0,17,FastestO
query_cycle_8_41.graph,5,0.05,26,1327806.0,0,1,26,0,26,FastestO
query_cycle_8_41.graph,5,0.075,29,1327806.0,50.0613421824157,0.9999622976984722,29,0,29,FastestO
query_cycle_8_41.graph,5,0.1,32,1327806.0,0,1,32,0,32,FastestO
query_cycle_8_41.graph,5,0.15,32,1327806.0,0,1,32,0,32,FastestO
query_cycle_8_41.graph,5,0.2,32,1327806.0,0,1,32,0,32,FastestO
query_cycle_8_41.graph,5,0.3,33,1327806.0,205.066074256555,0.9998455602141755,33,0,33,FastestO
query_cycle_8_41.graph,5,0.4,34,1327806.0,48.0504050961717,0.9999638121795682,34,0,34,FastestO
query_cycle_8_41.graph,5,0.5,40,1327806.0,62.15416,0.9999531903305152,37,0,40,FastestO
query_cycle_8_41.graph,5,0.6,40,1327806.0,62.15416,0.9999531903305152,36,0,40,FastestO
query_cycle_8_41.graph,5,0.7,41,1327806.0,0,1,31,0,41,FastestO
query_cycle_8_41.graph,5,0.8,41,1327806.0,98.9526842004713,0.9999254765498873,41,0,41,FastestO
query_cycle_8_41.graph,5,0.9,500,1327806.0,31.07708,0.9999765951652576,36,0,500,FastestO
query_cycle_8_42.graph,1,0.01,57,23933.0,0,1,57,0,57,FastestO
query_cycle_8_42.graph,1,0.05,183,23933.0,0,1,183,0,183,FastestO
query_cycle_8_42.graph,1,0.075,232,23933.0,16.0212087777369,0.9993305808391035,232,0,232,FastestO
query_cycle_8_42.graph,1,0.1,292,23933.0,26.9921100462657,0.9988721802512737,292,0,292,FastestO
query_cycle_8_42.graph,1,0.15,381,23933.0,16.9695447761194,0.9992909562204438,348,0,381,FastestO
query_cycle_8_42.graph,1,0.2,450,23933.0,16.8009934258583,0.9992979988540568,347,0,450,FastestO
query_cycle_8_42.graph,1,0.3,585,23933.0,15.3643175675676,0.9993580279293207,348,0,585,FastestO
query_cycle_8_42.graph,1,0.4,680,23933.0,16.1960042735043,0.9993232773044122,347,0,680,FastestO
query_cycle_8_42.graph,1,0.5,768,23933.0,19.4020392491468,0.9991893185455586,346,0,768,FastestO
query_cycle_8_42.graph,1,0.6,854,23933.0,19.6876103896104,0.9991773864375711,348,0,854,FastestO
query_cycle_8_42.graph,1,0.7,939,23933.0,17.8626787117046,0.9992536381267828,348,0,939,FastestO
query_cycle_8_42.graph,1,0.8,1053,23933.0,17.7096495327103,0.999260032192675,347,0,1053,FastestO
query_cycle_8_42.graph,1,0.9,500,23933.0,15.3022812920592,0.9993606200103597,347,0,500,FastestO
query_cycle_8_42.graph,2,0.01,57,23933.0,0,1,57,0,57,FastestO
query_cycle_8_42.graph,2,0.05,183,23933.0,21.2842019543974,0.9991106755544897,183,0,183,FastestO
query_cycle_8_42.graph,2,0.075,232,23933.0,32.2042878265155,0.9986543982022097,232,0,232,FastestO
query_cycle_8_42.graph,2,0.1,292,23933.0,10.9259259259259,0.9995434786309311,292,0,292,FastestO
query_cycle_8_42.graph,2,0.15,381,23933.0,15.7582744282744,0.9993415671069956,347,0,381,FastestO
query_cycle_8_42.graph,2,0.2,450,23933.0,17.4246666666667,0.9992719397206089,347,0,450,FastestO
query_cycle_8_42.graph,2,0.3,585,23933.0,19.8943044619423,0.9991687500747111,345,0,585,FastestO
query_cycle_8_42.graph,2,0.4,680,23933.0,16.3945133381399,0.9993149829382802,348,0,680,FastestO
query_cycle_8_42.graph,2,0.5,768,23933.0,20.4673177317732,0.9991448076826234,348,0,768,FastestO
query_cycle_8_42.graph,2,0.6,854,23933.0,22.2714887365328,0.9990694234430898,348,0,854,FastestO
query_cycle_8_42.graph,2,0.7,939,23933.0,17.5186363636364,0.9992680133554659,346,0,939,FastestO
query_cycle_8_42.graph,2,0.8,1053,23933.0,16.744617083947,0.999300354444326,348,0,1053,FastestO
query_cycle_8_42.graph,2,0.9,500,23933.0,17.9189834515366,0.9992512855282857,347,0,500,FastestO
query_cycle_8_42.graph,3,0.01,57,23933.0,0,1,57,0,57,FastestO
query_cycle_8_42.graph,3,0.05,183,23933.0,21.5474031327288,0.9990996781376038,183,0,183,FastestO
query_cycle_8_42.graph,3,0.075,232,23933.0,18.473989256432,0.9992280955477194,232,0,232,FastestO
query_cycle_8_42.graph,3,0.1,292,23933.0,17.7135335210093,0.9992598699067811,292,0,292,FastestO
query_cycle_8_42.graph,3,0.15,381,23933.0,20.1410008857396,0.999158442281129,347,0,381,FastestO
query_cycle_8_42.graph,3,0.2,450,23933.0,18.6386803278689,0.9992212142093398,346,0,450,FastestO
query_cycle_8_42.graph,3,0.3,585,23933.0,15.119142287234,0.9993682721644912,348,0,585,FastestO
query_cycle_8_42.graph,3,0.4,680,23933.0,17.0842900075131,0.9992861617846691,347,0,680,FastestO
query_cycle_8_42.graph,3,0.5,768,23933.0,19.1568576242628,0.9991995630458252,345,0,768,FastestO
query_cycle_8_42.graph,3,0.6,854,23933.0,19.5858656330749,0.9991816376704519,347,0,854,FastestO
query_cycle_8_42.graph,3,0.7,939,23933.0,15.8571757322176,0.999337434682981,347,0,939,FastestO
query_cycle_8_42.graph,3,0.8,1053,23933.0,15.7473614958449,0.9993420230854534,348,0,1053,FastestO
query_cycle_8_42.graph,3,0.9,500,23933.0,15.6713921433494,0.9993451973365917,348,0,500,FastestO
query_cycle_8_42.graph,4,0.01,57,23933.0,0,1,57,0,57,FastestO
query_cycle_8_42.graph,4,0.05,183,23933.0,0,1,183,0,183,FastestO
query_cycle_8_42.graph,4,0.075,232,23933.0,3.23637939574047,0.9998647733507817,232,0,232,FastestO
query_cycle_8_42.graph,4,0.1,292,23933.0,17.7764533218786,0.9992572409091264,292,0,292,FastestO
query_cycle_8_42.graph,4,0.15,381,23933.0,17.11,0.9992850875360381,348,0,381,FastestO
query_cycle_8_42.graph,4,0.2,450,23933.0,14.9207283464567,0.9993765625560332,346,0,450,FastestO
query_cycle_8_42.graph,4,0.3,585,23933.0,17.4776291793313,0.9992697267714314,346,0,585,FastestO
query_cycle_8_42.graph,4,0.4,680,23933.0,19.3196176720476,0.999192762392009,348,0,680,FastestO
query_cycle_8_42.graph,4,0.5,768,23933.0,17.9898655063291,0.9992483238412933,347,0,768,FastestO
query_cycle_8_42.graph,4,0.6,854,23933.0,12.4940604395604,0.9994779567776894,347,0,854,FastestO
query_cycle_8_42.graph,4,0.7,939,23933.0,14.0712809405941,0.9994120552818037,348,0,939,FastestO
query_cycle_8_42.graph,4,0.8,1053,23933.0,15.5428503075872,0.9993505682401878,348,0,1053,FastestO
query_cycle_8_42.graph,4,0.9,500,23933.0,17.5727897990726,0.9992657506455909,348,0,500,FastestO
query_cycle_8_42.graph,5,0.01,57,23933.0,0,1,57,0,57,FastestO
query_cycle_8_42.graph,5,0.05,183,23933.0,0,1,183,0,183,FastestO
query_cycle_8_42.graph,5,0.075,232,23933.0,9.83333333333333,0.9995891307678381,232,0,232,FastestO
query_cycle_8_42.graph,5,0.1,292,23933.0,25.372991047352,0.998939832405158,292,0,292,FastestO
query_cycle_8_42.graph,5,0.15,381,23933.0,19.2378934010152,0.9991961771027027,347,0,381,FastestO
query_cycle_8_42.graph,5,0.2,450,23933.0,15.8904192872117,0.9993360456571592,348,0,450,FastestO
query_cycle_8_42.graph,5,0.3,585,23933.0,15.2919905850706,0.9993610499901779,348,0,585,FastestO
query_cycle_8_42.graph,5,0.4,680,23933.0,17.1875963718821,0.9992818453026415,345,0,680,FastestO
query_cycle_8_42.graph,5,0.5,768,23933.0,13.7813272727273,0.9994241705062997,346,0,768,FastestO
query_cycle_8_42.graph,5,0.6,854,23933.0,18.191352,0.9992399050683156,347,0,854,FastestO
query_cycle_8_42.graph,5,0.7,939,23933.0,15.2305358338915,0.9993636177732047,348,0,939,FastestO
query_cycle_8_42.graph,5,0.8,1053,23933.0,17.8626787117046,0.9992536381267828,348,0,1053,FastestO
query_cycle_8_42.graph,5,0.9,500,23933.0,17.0971353383459,0.9992856250642065,348,0,500,FastestO
query_cycle_8_44.graph,1,0.01,24,7293.0,0,1,24,0,24,FastestO
query_cycle_8_44.graph,1,0.05,64,7293.0,0,1,64,0,64,FastestO
query_cycle_8_44.graph,1,0.075,77,7293.0,43.6342592592593,0.9940169670561828,77,0,77,FastestO
query_cycle_8_44.graph,1,0.1,96,7293.0,0,1,96,0,96,FastestO
query_cycle_8_44.graph,1,0.15,112,7293.0,0,1,112,0,112,FastestO
query_cycle_8_44.graph,1,0.2,135,7293.0,15.1527331189711,0.9979222908105072,135,0,135,FastestO
query_cycle_8_44.graph,1,0.3,164,7293.0,31.8771138669673,0.9956290807806161,164,0,164,FastestO
query_cycle_8_44.graph,1,0.4,188,7293.0,15.0199203187251,0.9979405018073872,188,0,188,FastestO
query_cycle_8_44.graph,1,0.5,198,7293.0,15.3752039151713,0.9978917861078882,198,0,198,FastestO
query_cycle_8_44.graph,1,0.6,222,7293.0,27.7341834232467,0.9961971502230568,222,0,222,FastestO
query_cycle_8_44.graph,1,0.7,236,7293.0,17.836866010598,0.9975542484559717,236,0,236,FastestO
query_cycle_8_44.graph,1,0.8,237,7293.0,30.5235696293631,0.9958146757672613,237,0,237,FastestO
query_cycle_8_44.graph,1,0.9,500,7293.0,14.2356770833333,0.9980480355020797,324,0,500,FastestO
query_cycle_8_44.graph,2,0.01,24,7293.0,0,1,24,0,24,FastestO
query_cycle_8_44.graph,2,0.05,64,7293.0,0,1,64,0,64,FastestO
query_cycle_8_44.graph,2,0.075,77,7293.0,68.7956204379562,0.9905668969644925,77,0,77,FastestO
query_cycle_8_44.graph,2,0.1,96,7293.0,75.7028112449799,0.9896197982661484,96,0,96,FastestO
query_cycle_8_44.graph,2,0.15,112,7293.0,39.6008403361345,0.9945700205215776,112,0,112,FastestO
query_cycle_8_44.graph,2,0.2,135,7293.0,0,1,135,0,135,FastestO
query_cycle_8_44.graph,2,0.3,164,7293.0,19.0789473684211,0.99738393701242,164,0,164,FastestO
query_cycle_8_44.graph,2,0.4,188,7293.0,12.2641509433962,0.998318366797834,188,0,188,FastestO
query_cycle_8_44.graph,2,0.5,198,7293.0,21.5798511734402,0.9970410186242369,198,0,198,FastestO
query_cycle_8_44.graph,2,0.6,222,7293.0,8.85392202912165,0.9987859698300944,222,0,222,FastestO
query_cycle_8_44.graph,2,0.7,236,7293.0,16.5408915408915,0.9977319496036073,236,0,236,FastestO
query_cycle_8_44.graph,2,0.8,237,7293.0,17.9409898477157,0.9975399712261461,237,0,237,FastestO
query_cycle_8_44.graph,2,0.9,500,7293.0,18.2968397291196,0.9974911778789086,324,0,500,FastestO
query_cycle_8_44.graph,3,0.01,24,7293.0,0,1,24,0,24,FastestO
query_cycle_8_44.graph,3,0.05,64,7293.0,0,1,64,0,64,FastestO
query_cycle_8_44.graph,3,0.075,77,7293.0,0,1,77,0,77,FastestO
query_cycle_8_44.graph,3,0.1,96,7293.0,0,1,96,0,96,FastestO
query_cycle_8_44.graph,3,0.15,112,7293.0,20.4891304347826,0.9971905758350771,112,0,112,FastestO
query_cycle_8_44.graph,3,0.2,135,7293.0,14.9603174603175,0.9979486744192627,135,0,135,FastestO
query_cycle_8_44.graph,3,0.3,164,7293.0,27.7205882352941,0.9961990143651044,164,0,164,FastestO
query_cycle_8_44.graph,3,0.4,188,7293.0,37.8008021390374,0.9948168377705967,188,0,188,FastestO
query_cycle_8_44.graph,3,0.5,198,7293.0,28.2820705176294,0.9961220251586961,198,0,198,FastestO
query_cycle_8_44.graph,3,0.6,222,7293.0,10.6296992481203,0.9985424791926339,222,0,222,FastestO
query_cycle_8_44.graph,3,0.7,236,7293.0,16.8725384890798,0.9976864749089429,236,0,236,FastestO
query_cycle_8_44.graph,3,0.8,237,7293.0,34.0252707581227,0.9953345302676371,237,0,237,FastestO
query_cycle_8_44.graph,3,0.9,500,7293.0,18.214606741573,0.9975024534839472,323,0,500,FastestO
query_cycle_8_44.graph,4,0.01,24,7293.0,0,1,24,0,24,FastestO
query_cycle_8_44.graph,4,0.05,64,7293.0,0,1,64,0,64,FastestO
query_cycle_8_44.graph,4,0.075,77,7293.0,0,1,77,0,77,FastestO
query_cycle_8_44.graph,4,0.1,96,7293.0,28.3033033033033,0.9961191137661726,96,0,96,FastestO
query_cycle_8_44.graph,4,0.15,112,7293.0,22.3341232227488,0.9969375945121695,112,0,112,FastestO
query_cycle_8_44.graph,4,0.2,135,7293.0,43.0365296803653,0.9940989264115775,135,0,135,FastestO
query_cycle_8_44.graph,4,0.3,164,7293.0,0,1,164,0,164,FastestO
query_cycle_8_44.graph,4,0.4,188,7293.0,37.5997340425532,0.9948444077824554,188,0,188,FastestO
query_cycle_8_44.graph,4,0.5,198,7293.0,16.2034383954155,0.9977782204311785,198,0,198,FastestO
query_cycle_8_44.graph,4,0.6,222,7293.0,12.5610839626833,0.9982776520001805,222,0,222,FastestO
query_cycle_8_44.graph,4,0.7,236,7293.0,15.703098967011,0.9978468258649374,236,0,236,FastestO
query_cycle_8_44.graph,4,0.8,237,7293.0,13.4498751337852,0.9981557829242034,237,0,237,FastestO
query_cycle_8_44.graph,4,0.9,500,7293.0,15.76875,0.9978378239407651,324,0,500,FastestO
query_cycle_8_44.graph,5,0.01,24,7293.0,0,1,24,0,24,FastestO
query_cycle_8_44.graph,5,0.05,64,7293.0,58.90625,0.9919229055258467,64,0,64,FastestO
query_cycle_8_44.graph,5,0.075,77,7293.0,0,1,77,0,77,FastestO
query_cycle_8_44.graph,5,0.1,96,7293.0,0,1,96,0,96,FastestO
query_cycle_8_44.graph,5,0.15,112,7293.0,0,1,112,0,112,FastestO
query_cycle_8_44.graph,5,0.2,135,7293.0,32.6124567474048,0.9955282521942405,135,0,135,FastestO
query_cycle_8_44.graph,5,0.3,164,7293.0,40.2777777777778,0.9944772003595533,164,0,164,FastestO
query_cycle_8_44.graph,5,0.4,188,7293.0,12.2006472491909,0.9983270742836705,188,0,188,FastestO
query_cycle_8_44.graph,5,0.5,198,7293.0,17.1259842519685,0.9976517229875266,198,0,198,FastestO
query_cycle_8_44.graph,5,0.6,222,7293.0,18.7562189054726,0.9974281888241502,222,0,222,FastestO
query_cycle_8_44.graph,5,0.7,236,7293.0,16.7555555555556,0.9977025153495742,236,0,236,FastestO
query_cycle_8_44.graph,5,0.8,237,7293.0,8.88592080452546,0.9987815822289147,237,0,237,FastestO
query_cycle_8_44.graph,5,0.9,500,7293.0,17.7752192982456,0.9975627013165713,323,0,500,FastestO
query_cycle_8_46.graph,1,0.01,333,8699777.0,41414.4462809917,0.9952395967987465,333,0,333,FastestO
query_cycle_8_46.graph,1,0.05,986,8699777.0,24005.4994011976,0.9972406764677765,986,0,986,FastestO
query_cycle_8_46.graph,1,0.075,1290,8699777.0,0,1,1290,0,1290,FastestO
query_cycle_8_46.graph,1,0.1,1598,8699777.0,12473.2993154947,0.9985662506848744,1598,0,1598,FastestO
query_cycle_8_46.graph,1,0.15,2192,8699777.0,8040.34977938227,0.9990757981751277,2192,0,2192,FastestO
query_cycle_8_46.graph,1,0.2,2680,8699777.0,17557.3068613139,0.9979818670224175,2680,0,2680,FastestO
query_cycle_8_46.graph,1,0.3,3658,8699777.0,16128.574187319,0.9981460933783337,3658,0,3658,FastestO
query_cycle_8_46.graph,1,0.4,4262,8699777.0,7187.87664355726,0.9991737861046832,4262,0,4262,FastestO
query_cycle_8_46.graph,1,0.5,4792,8699777.0,11374.0591881275,0.9986926033634969,4792,0,4792,FastestO
query_cycle_8_46.graph,1,0.6,5214,8699777.0,6490.19024320046,0.9992539819994005,5214,0,5214,FastestO
query_cycle_8_46.graph,1,0.7,5523,8699777.0,11009.9536025848,0.9987344556529916,5523,0,5523,FastestO
query_cycle_8_46.graph,1,0.8,5817,8699777.0,11660.9350102499,0.9986596282858456,5817,0,5817,FastestO
query_cycle_8_46.graph,1,0.9,500,8699777.0,0,1,500,0,500,FastestO
query_cycle_8_46.graph,2,0.01,333,8699777.0,0,1,333,0,333,FastestO
query_cycle_8_46.graph,2,0.05,986,8699777.0,36444.7127272727,0.9958108451828969,986,0,986,FastestO
query_cycle_8_46.graph,2,0.075,1290,8699777.0,0,1,1290,0,1290,FastestO
query_cycle_8_46.graph,2,0.1,1598,8699777.0,18457.2670349908,0.9978784206727378,1598,0,1598,FastestO
query_cycle_8_46.graph,2,0.15,2192,8699777.0,0,1,2192,0,2192,FastestO
query_cycle_8_46.graph,2,0.2,2680,8699777.0,2889.9354094579,0.9996678150015272,2680,0,2680,FastestO
query_cycle_8_46.graph,2,0.3,3658,8699777.0,16640.0398472522,0.9980873027150865,3658,0,3658,FastestO
query_cycle_8_46.graph,2,0.4,4262,8699777.0,9402.88120089129,0.9989191813536266,4262,0,4262,FastestO
query_cycle_8_46.graph,2,0.5,4792,8699777.0,7161.98016971862,0.9991767627871704,4792,0,4792,FastestO
query_cycle_8_46.graph,2,0.6,5214,8699777.0,9031.8077500751,0.9989618345677052,5214,0,5214,FastestO
query_cycle_8_46.graph,2,0.7,5523,8699777.0,9362.25688930406,0.99892385093442,5523,0,5523,FastestO
query_cycle_8_46.graph,2,0.8,5817,8699777.0,4515.56476683938,0.9994809562628054,5817,0,5817,FastestO
query_cycle_8_46.graph,2,0.9,500,8699777.0,0,1,500,0,500,FastestO
query_cycle_8_46.graph,3,0.01,333,8699777.0,40089.184,0.9953919297011865,333,0,333,FastestO
query_cycle_8_46.graph,3,0.05,986,8699777.0,0,1,986,0,986,FastestO
query_cycle_8_46.graph,3,0.075,1290,8699777.0,16456.9720853859,0.9981083455259386,1290,0,1290,FastestO
query_cycle_8_46.graph,3,0.1,1598,8699777.0,12199.9951308582,0.9985976657642078,1598,0,1598,FastestO
query_cycle_8_46.graph,3,0.15,2192,8699777.0,12460.3762950684,0.9985677361275962,2192,0,2192,FastestO
query_cycle_8_46.graph,3,0.2,2680,8699777.0,2933.06877377817,0.9996628570164755,2680,0,2680,FastestO
query_cycle_8_46.graph,3,0.3,3658,8699777.0,9570.86996657648,0.9988998718051536,3658,0,3658,FastestO
query_cycle_8_46.graph,3,0.4,4262,8699777.0,8346.94491374182,0.999040556451764,4262,0,4262,FastestO
query_cycle_8_46.graph,3,0.5,4792,8699777.0,8946.88091412248,0.9989715965232072,4792,0,4792,FastestO
query_cycle_8_46.graph,3,0.6,5214,8699777.0,7282.05769091041,0.9991629604194555,5214,0,5214,FastestO
query_cycle_8_46.graph,3,0.7,5523,8699777.0,8869.28849557522,0.9989805154206164,5523,0,5523,FastestO
query_cycle_8_46.graph,3,0.8,5817,8699777.0,8986.59134723156,0.9989670319886093,5817,0,5817,FastestO
query_cycle_8_46.graph,3,0.9,500,8699777.0,0,1,500,0,500,FastestO
query_cycle_8_46.graph,4,0.01,333,8699777.0,0,1,333,0,333,FastestO
query_cycle_8_46.graph,4,0.05,986,8699777.0,23226.6419466976,0.9973302026078718,986,0,986,FastestO
query_cycle_8_46.graph,4,0.075,1290,8699777.0,0,1,1290,0,1290,FastestO
query_cycle_8_46.graph,4,0.1,1598,8699777.0,6283.57115987461,0.9992777319280857,1598,0,1598,FastestO
query_cycle_8_46.graph,4,0.15,2192,8699777.0,11721.983625731,0.9986526110237388,2192,0,2192,FastestO
query_cycle_8_46.graph,4,0.2,2680,8699777.0,5738.50329229888,0.9993403850130527,2680,0,2680,FastestO
query_cycle_8_46.graph,4,0.3,3658,8699777.0,9249.92708814029,0.9989367627367759,3658,0,3658,FastestO
query_cycle_8_46.graph,4,0.4,4262,8699777.0,6976.07610208817,0.9991981316185361,4262,0,4262,FastestO
query_cycle_8_46.graph,4,0.5,4792,8699777.0,5499.20219478738,0.9993678915913836,4792,0,4792,FastestO
query_cycle_8_46.graph,4,0.6,5214,8699777.0,11702.3086915274,0.9986548725683971,5214,0,5214,FastestO
query_cycle_8_46.graph,4,0.7,5523,8699777.0,8474.13645528455,0.9990259363596005,5523,0,5523,FastestO
query_cycle_8_46.graph,4,0.8,5817,8699777.0,8977.03274925824,0.9989681307061942,5817,0,5817,FastestO
query_cycle_8_46.graph,4,0.9,500,8699777.0,0,1,500,0,500,FastestO
query_cycle_8_46.graph,5,0.01,333,8699777.0,0,1,333,0,333,FastestO
query_cycle_8_46.graph,5,0.05,986,8699777.0,0,1,986,0,986,FastestO
query_cycle_8_46.graph,5,0.075,1290,8699777.0,25480.413559322,0.9970711417592288,1290,0,1290,FastestO
query_cycle_8_46.graph,5,0.1,1598,8699777.0,0,1,1598,0,1598,FastestO
query_cycle_8_46.graph,5,0.15,2192,8699777.0,12292.2681929681,0.9985870593932502,2192,0,2192,FastestO
query_cycle_8_46.graph,5,0.2,2680,8699777.0,5867.85480093677,0.9993255166424453,2680,0,2680,FastestO
query_cycle_8_46.graph,5,0.3,3658,8699777.0,3179.15812846947,0.9996345701586983,3658,0,3658,FastestO
query_cycle_8_46.graph,5,0.4,4262,8699777.0,8044.49856667813,0.9990753212908011,4262,0,4262,FastestO
query_cycle_8_46.graph,5,0.5,4792,8699777.0,9910.5767709457,0.9988608240451512,4792,0,4792,FastestO
query_cycle_8_46.graph,5,0.6,5214,8699777.0,7308.07641825871,0.9991599696844806,5214,0,5214,FastestO
query_cycle_8_46.graph,5,0.7,5523,8699777.0,6687.3263495029,0.9992313220960144,5523,0,5523,FastestO
query_cycle_8_46.graph,5,0.8,5817,8699777.0,8812.74653770059,0.9989870146628241,5817,0,5817,FastestO
query_cycle_8_46.graph,5,0.9,500,8699777.0,27014.2749326146,0.9968948313350313,500,0,500,FastestO
query_cycle_8_47.graph,1,0.01,15,5092.0,0,1,15,0,15,FastestO
query_cycle_8_47.graph,1,0.05,27,5092.0,0,1,27,0,27,FastestO
query_cycle_8_47.graph,1,0.075,32,5092.0,0,1,32,0,32,FastestO
query_cycle_8_47.graph,1,0.1,34,5092.0,0,1,34,0,34,FastestO
query_cycle_8_47.graph,1,0.15,38,5092.0,0,1,38,0,38,FastestO
query_cycle_8_47.graph,1,0.2,38,5092.0,0,1,38,0,38,FastestO
query_cycle_8_47.graph,1,0.3,46,5092.0,0,1,46,0,46,FastestO
query_cycle_8_47.graph,1,0.4,47,5092.0,0,1,47,0,47,FastestO
query_cycle_8_47.graph,1,0.5,48,5092.0,0,1,48,0,48,FastestO
query_cycle_8_47.graph,1,0.6,52,5092.0,0,1,52,0,52,FastestO
query_cycle_8_47.graph,1,0.7,54,5092.0,0,1,54,0,54,FastestO
query_cycle_8_47.graph,1,0.8,56,5092.0,0,1,56,0,56,FastestO
query_cycle_8_47.graph,1,0.9,500,5092.0,0,1,500,0,500,FastestO
query_cycle_8_47.graph,2,0.01,15,5092.0,0,1,15,0,15,FastestO
query_cycle_8_47.graph,2,0.05,27,5092.0,0,1,27,0,27,FastestO
query_cycle_8_47.graph,2,0.075,32,5092.0,0,1,32,0,32,FastestO
query_cycle_8_47.graph,2,0.1,34,5092.0,0,1,34,0,34,FastestO
query_cycle_8_47.graph,2,0.15,38,5092.0,0,1,38,0,38,FastestO
query_cycle_8_47.graph,2,0.2,38,5092.0,0,1,38,0,38,FastestO
query_cycle_8_47.graph,2,0.3,46,5092.0,0,1,46,0,46,FastestO
query_cycle_8_47.graph,2,0.4,47,5092.0,0,1,47,0,47,FastestO
query_cycle_8_47.graph,2,0.5,48,5092.0,0,1,48,0,48,FastestO
query_cycle_8_47.graph,2,0.6,52,5092.0,0,1,52,0,52,FastestO
query_cycle_8_47.graph,2,0.7,54,5092.0,0,1,54,0,54,FastestO
query_cycle_8_47.graph,2,0.8,56,5092.0,0,1,56,0,56,FastestO
query_cycle_8_47.graph,2,0.9,500,5092.0,0,1,500,0,500,FastestO
query_cycle_8_47.graph,3,0.01,15,5092.0,0,1,15,0,15,FastestO
query_cycle_8_47.graph,3,0.05,27,5092.0,0,1,27,0,27,FastestO
query_cycle_8_47.graph,3,0.075,32,5092.0,0,1,32,0,32,FastestO
query_cycle_8_47.graph,3,0.1,34,5092.0,0,1,34,0,34,FastestO
query_cycle_8_47.graph,3,0.15,38,5092.0,0,1,38,0,38,FastestO
query_cycle_8_47.graph,3,0.2,38,5092.0,0,1,38,0,38,FastestO
query_cycle_8_47.graph,3,0.3,46,5092.0,0,1,46,0,46,FastestO
query_cycle_8_47.graph,3,0.4,47,5092.0,0,1,47,0,47,FastestO
query_cycle_8_47.graph,3,0.5,48,5092.0,0,1,48,0,48,FastestO
query_cycle_8_47.graph,3,0.6,52,5092.0,0,1,52,0,52,FastestO
query_cycle_8_47.graph,3,0.7,54,5092.0,0,1,54,0,54,FastestO
query_cycle_8_47.graph,3,0.8,56,5092.0,0,1,56,0,56,FastestO
query_cycle_8_47.graph,3,0.9,500,5092.0,0,1,500,0,500,FastestO
query_cycle_8_47.graph,4,0.01,15,5092.0,0,1,15,0,15,FastestO
query_cycle_8_47.graph,4,0.05,27,5092.0,0,1,27,0,27,FastestO
query_cycle_8_47.graph,4,0.075,32,5092.0,0,1,32,0,32,FastestO
query_cycle_8_47.graph,4,0.1,34,5092.0,0,1,34,0,34,FastestO
query_cycle_8_47.graph,4,0.15,38,5092.0,0,1,38,0,38,FastestO
query_cycle_8_47.graph,4,0.2,38,5092.0,0,1,38,0,38,FastestO
query_cycle_8_47.graph,4,0.3,46,5092.0,0,1,46,0,46,FastestO
query_cycle_8_47.graph,4,0.4,47,5092.0,0,1,47,0,47,FastestO
query_cycle_8_47.graph,4,0.5,48,5092.0,0,1,48,0,48,FastestO
query_cycle_8_47.graph,4,0.6,52,5092.0,0,1,52,0,52,FastestO
query_cycle_8_47.graph,4,0.7,54,5092.0,0,1,54,0,54,FastestO
query_cycle_8_47.graph,4,0.8,56,5092.0,0,1,56,0,56,FastestO
query_cycle_8_47.graph,4,0.9,500,5092.0,0,1,500,0,500,FastestO
query_cycle_8_47.graph,5,0.01,15,5092.0,0,1,15,0,15,FastestO
query_cycle_8_47.graph,5,0.05,27,5092.0,0,1,27,0,27,FastestO
query_cycle_8_47.graph,5,0.075,32,5092.0,0,1,32,0,32,FastestO
query_cycle_8_47.graph,5,0.1,34,5092.0,0,1,34,0,34,FastestO
query_cycle_8_47.graph,5,0.15,38,5092.0,0,1,38,0,38,FastestO
query_cycle_8_47.graph,5,0.2,38,5092.0,0,1,38,0,38,FastestO
query_cycle_8_47.graph,5,0.3,46,5092.0,0,1,46,0,46,FastestO
query_cycle_8_47.graph,5,0.4,47,5092.0,0,1,47,0,47,FastestO
query_cycle_8_47.graph,5,0.5,48,5092.0,0,1,48,0,48,FastestO
query_cycle_8_47.graph,5,0.6,52,5092.0,0,1,52,0,52,FastestO
query_cycle_8_47.graph,5,0.7,54,5092.0,0,1,54,0,54,FastestO
query_cycle_8_47.graph,5,0.8,56,5092.0,0,1,56,0,56,FastestO
query_cycle_8_47.graph,5,0.9,500,5092.0,0,1,500,0,500,FastestO
query_cycle_8_48.graph,1,0.01,63,57595764.0,0,1,63,0,63,FastestO
query_cycle_8_48.graph,1,0.05,125,57595764.0,452348.742857143,0.9921461456287455,125,0,125,FastestO
query_cycle_8_48.graph,1,0.075,147,57595764.0,0,1,147,0,147,FastestO
query_cycle_8_48.graph,1,0.1,161,57595764.0,263870.1,0.9954185849501015,161,0,161,FastestO
query_cycle_8_48.graph,1,0.15,182,57595764.0,0,1,182,0,182,FastestO
query_cycle_8_48.graph,1,0.2,212,57595764.0,532174.991596639,0.9907601713279358,212,0,212,FastestO
query_cycle_8_48.graph,1,0.3,304,57595764.0,606985.533546326,0.9894612816743549,304,0,304,FastestO
query_cycle_8_48.graph,1,0.4,353,57595764.0,191905.527272727,0.996668061781892,353,0,353,FastestO
query_cycle_8_48.graph,1,0.5,375,57595764.0,313198.931750742,0.9945621186351353,375,0,375,FastestO
query_cycle_8_48.graph,1,0.6,395,57595764.0,158058.628951747,0.997255724762124,395,0,395,FastestO
query_cycle_8_48.graph,1,0.7,401,57595764.0,48827.1580570547,0.999152243938338,401,0,401,FastestO
query_cycle_8_48.graph,1,0.8,404,57595764.0,264310.61769616,0.9954109365109531,404,0,404,FastestO
query_cycle_8_48.graph,1,0.9,500,57595764.0,325430.750256937,0.9943497450566514,500,0,500,FastestO
query_cycle_8_48.graph,2,0.01,63,57595764.0,0,1,63,0,63,FastestO
query_cycle_8_48.graph,2,0.05,125,57595764.0,1026953.9027027,0.9821696279139087,125,0,125,FastestO
query_cycle_8_48.graph,2,0.075,147,57595764.0,344178.391304348,0.9940242412392628,147,0,147,FastestO
query_cycle_8_48.graph,2,0.1,161,57595764.0,328128.621761658,0.9943029035648931,161,0,161,FastestO
query_cycle_8_48.graph,2,0.15,182,57595764.0,226174.371428571,0.9960730728143727,182,0,182,FastestO
query_cycle_8_48.graph,2,0.2,212,57595764.0,339564.739946381,0.9941043452440985,212,0,212,FastestO
query_cycle_8_48.graph,2,0.3,304,57595764.0,274150.753246753,0.9952400882598458,304,0,304,FastestO
query_cycle_8_48.graph,2,0.4,353,57595764.0,178558.714285714,0.9968997943271364,353,0,353,FastestO
query_cycle_8_48.graph,2,0.5,375,57595764.0,196267.016528926,0.9965923359132987,375,0,375,FastestO
query_cycle_8_48.graph,2,0.6,395,57595764.0,462676.339726027,0.9919668338851095,395,0,395,FastestO
query_cycle_8_48.graph,2,0.7,401,57595764.0,102723.153284672,0.9982164807591637,401,0,401,FastestO
query_cycle_8_48.graph,2,0.8,404,57595764.0,203302.805778491,0.9964701778106722,404,0,404,FastestO
query_cycle_8_48.graph,2,0.9,500,57595764.0,365007.631123919,0.9936625958963941,500,0,500,FastestO
query_cycle_8_48.graph,3,0.01,63,57595764.0,0,1,63,0,63,FastestO
query_cycle_8_48.graph,3,0.05,125,57595764.0,938204.8,0.9837105242670278,125,0,125,FastestO
query_cycle_8_48.graph,3,0.075,147,57595764.0,376957.285714286,0.993455121357288,147,0,147,FastestO
query_cycle_8_48.graph,3,0.1,161,57595764.0,0,1,161,0,161,FastestO
query_cycle_8_48.graph,3,0.15,182,57595764.0,240794.007604563,0.9958192410191041,182,0,182,FastestO
query_cycle_8_48.graph,3,0.2,212,57595764.0,570529.945945946,0.9900942377299492,212,0,212,FastestO
query_cycle_8_48.graph,3,0.3,304,57595764.0,422192.16,0.9926697359201625,304,0,304,FastestO
query_cycle_8_48.graph,3,0.4,353,57595764.0,278981.603524229,0.9951562131631029,353,0,353,FastestO
query_cycle_8_48.graph,3,0.5,375,57595764.0,320490,0.9944355282794756,375,0,375,FastestO
query_cycle_8_48.graph,3,0.6,395,57595764.0,556492.30228471,0.990337964745381,395,0,395,FastestO
query_cycle_8_48.graph,3,0.7,401,57595764.0,270636,0.9953011127693349,401,0,401,FastestO
query_cycle_8_48.graph,3,0.8,404,57595764.0,163640.372093023,0.997158812372156,404,0,404,FastestO
query_cycle_8_48.graph,3,0.9,500,57595764.0,457956.371900826,0.9920487837976969,500,0,500,FastestO
query_cycle_8_48.graph,4,0.01,63,57595764.0,0,1,63,0,63,FastestO
query_cycle_8_48.graph,4,0.05,125,57595764.0,0,1,125,0,125,FastestO
query_cycle_8_48.graph,4,0.075,147,57595764.0,0,1,147,0,147,FastestO
query_cycle_8_48.graph,4,0.1,161,57595764.0,297318.422535211,0.9948378421972975,161,0,161,FastestO
query_cycle_8_48.graph,4,0.15,182,57595764.0,251304.857142857,0.9956367475715252,182,0,182,FastestO
query_cycle_8_48.graph,4,0.2,212,57595764.0,670146.285714286,0.9883646601907341,212,0,212,FastestO
query_cycle_8_48.graph,4,0.3,304,57595764.0,397669.224489796,0.9930955126406554,304,0,304,FastestO
query_cycle_8_48.graph,4,0.4,353,57595764.0,119263.322033898,0.9979293039322493,353,0,353,FastestO
query_cycle_8_48.graph,4,0.5,375,57595764.0,541850.900534759,0.9905921744429893,375,0,375,FastestO
query_cycle_8_48.graph,4,0.6,395,57595764.0,424669.398155909,0.9926267251502052,395,0,395,FastestO
query_cycle_8_48.graph,4,0.7,401,57595764.0,255564.261501211,0.9955627941405343,401,0,401,FastestO
query_cycle_8_48.graph,4,0.8,404,57595764.0,514108.534317343,0.9910738481684634,404,0,404,FastestO
query_cycle_8_48.graph,4,0.9,500,57595764.0,335073.142857143,0.9941823300953671,500,0,500,FastestO
query_cycle_8_48.graph,5,0.01,63,57595764.0,0,1,63,0,63,FastestO
query_cycle_8_48.graph,5,0.05,125,57595764.0,390918.666666667,0.9932127184445949,125,0,125,FastestO
query_cycle_8_48.graph,5,0.075,147,57595764.0,363958.75862069,0.9936808068277263,147,0,147,FastestO
query_cycle_8_48.graph,5,0.1,161,57595764.0,0,1,161,0,161,FastestO
query_cycle_8_48.graph,5,0.15,182,57595764.0,224570.29787234,0.9961009233617885,182,0,182,FastestO
query_cycle_8_48.graph,5,0.2,212,57595764.0,177889.95505618,0.9969114055843381,212,0,212,FastestO
query_cycle_8_48.graph,5,0.3,304,57595764.0,280216.03539823,0.995134780477984,304,0,304,FastestO
query_cycle_8_48.graph,5,0.4,353,57595764.0,233901.473684211,0.9959389118671259,353,0,353,FastestO
query_cycle_8_48.graph,5,0.5,375,57595764.0,397045.918495298,0.9931063347211559,375,0,375,FastestO
query_cycle_8_48.graph,5,0.6,395,57595764.0,203957.565217391,0.9964588096232669,395,0,395,FastestO
query_cycle_8_48.graph,5,0.7,401,57595764.0,456698.25,0.9920706277982526,401,0,401,FastestO
query_cycle_8_48.graph,5,0.8,404,57595764.0,322284.091603053,0.9944043785650095,404,0,404,FastestO
query_cycle_8_48.graph,5,0.9,500,57595764.0,454095.263099834,0.9921158218666943,500,0,500,FastestO
query_cycle_8_49.graph,1,0.01,17,17582.0,0,1,17,0,17,FastestO
query_cycle_8_49.graph,1,0.05,24,17582.0,0,1,24,0,24,FastestO
query_cycle_8_49.graph,1,0.075,27,17582.0,0,1,27,0,27,FastestO
query_cycle_8_49.graph,1,0.1,32,17582.0,0,1,32,0,32,FastestO
query_cycle_8_49.graph,1,0.15,34,17582.0,0,1,34,0,34,FastestO
query_cycle_8_49.graph,1,0.2,35,17582.0,0,1,35,0,35,FastestO
query_cycle_8_49.graph,1,0.3,48,17582.0,0,1,48,0,48,FastestO
query_cycle_8_49.graph,1,0.4,54,17582.0,0,1,54,0,54,FastestO
query_cycle_8_49.graph,1,0.5,69,17582.0,0,1,69,0,69,FastestO
query_cycle_8_49.graph,1,0.6,70,17582.0,0,1,70,0,70,FastestO
query_cycle_8_49.graph,1,0.7,71,17582.0,0,1,71,0,71,FastestO
query_cycle_8_49.graph,1,0.8,71,17582.0,0,1,71,0,71,FastestO
query_cycle_8_49.graph,1,0.9,500,17582.0,0,1,148,0,500,FastestO
query_cycle_8_49.graph,2,0.01,17,17582.0,0,1,17,0,17,FastestO
query_cycle_8_49.graph,2,0.05,24,17582.0,0,1,24,0,24,FastestO
query_cycle_8_49.graph,2,0.075,27,17582.0,0,1,27,0,27,FastestO
query_cycle_8_49.graph,2,0.1,32,17582.0,0,1,32,0,32,FastestO
query_cycle_8_49.graph,2,0.15,34,17582.0,0,1,34,0,34,FastestO
query_cycle_8_49.graph,2,0.2,35,17582.0,0,1,35,0,35,FastestO
query_cycle_8_49.graph,2,0.3,48,17582.0,0,1,48,0,48,FastestO
query_cycle_8_49.graph,2,0.4,54,17582.0,0,1,54,0,54,FastestO
query_cycle_8_49.graph,2,0.5,69,17582.0,0,1,69,0,69,FastestO
query_cycle_8_49.graph,2,0.6,70,17582.0,0,1,70,0,70,FastestO
query_cycle_8_49.graph,2,0.7,71,17582.0,0,1,71,0,71,FastestO
query_cycle_8_49.graph,2,0.8,71,17582.0,0,1,71,0,71,FastestO
query_cycle_8_49.graph,2,0.9,500,17582.0,0,1,155,0,500,FastestO
query_cycle_8_49.graph,3,0.01,17,17582.0,0,1,17,0,17,FastestO
query_cycle_8_49.graph,3,0.05,24,17582.0,0,1,24,0,24,FastestO
query_cycle_8_49.graph,3,0.075,27,17582.0,0,1,27,0,27,FastestO
query_cycle_8_49.graph,3,0.1,32,17582.0,0,1,32,0,32,FastestO
query_cycle_8_49.graph,3,0.15,34,17582.0,0,1,34,0,34,FastestO
query_cycle_8_49.graph,3,0.2,35,17582.0,0,1,35,0,35,FastestO
query_cycle_8_49.graph,3,0.3,48,17582.0,0,1,48,0,48,FastestO
query_cycle_8_49.graph,3,0.4,54,17582.0,0,1,54,0,54,FastestO
query_cycle_8_49.graph,3,0.5,69,17582.0,0,1,69,0,69,FastestO
query_cycle_8_49.graph,3,0.6,70,17582.0,0,1,70,0,70,FastestO
query_cycle_8_49.graph,3,0.7,71,17582.0,0,1,71,0,71,FastestO
query_cycle_8_49.graph,3,0.8,71,17582.0,0,1,71,0,71,FastestO
query_cycle_8_49.graph,3,0.9,500,17582.0,0,1,155,0,500,FastestO
query_cycle_8_49.graph,4,0.01,17,17582.0,0,1,17,0,17,FastestO
query_cycle_8_49.graph,4,0.05,24,17582.0,0,1,24,0,24,FastestO
query_cycle_8_49.graph,4,0.075,27,17582.0,0,1,27,0,27,FastestO
query_cycle_8_49.graph,4,0.1,32,17582.0,0,1,32,0,32,FastestO
query_cycle_8_49.graph,4,0.15,34,17582.0,0,1,34,0,34,FastestO
query_cycle_8_49.graph,4,0.2,35,17582.0,0,1,35,0,35,FastestO
query_cycle_8_49.graph,4,0.3,48,17582.0,0,1,48,0,48,FastestO
query_cycle_8_49.graph,4,0.4,54,17582.0,0,1,54,0,54,FastestO
query_cycle_8_49.graph,4,0.5,69,17582.0,0,1,69,0,69,FastestO
query_cycle_8_49.graph,4,0.6,70,17582.0,0,1,70,0,70,FastestO
query_cycle_8_49.graph,4,0.7,71,17582.0,0,1,71,0,71,FastestO
query_cycle_8_49.graph,4,0.8,71,17582.0,0,1,71,0,71,FastestO
query_cycle_8_49.graph,4,0.9,500,17582.0,0,1,160,0,500,FastestO
query_cycle_8_49.graph,5,0.01,17,17582.0,0,1,17,0,17,FastestO
query_cycle_8_49.graph,5,0.05,24,17582.0,0,1,24,0,24,FastestO
query_cycle_8_49.graph,5,0.075,27,17582.0,0,1,27,0,27,FastestO
query_cycle_8_49.graph,5,0.1,32,17582.0,0,1,32,0,32,FastestO
query_cycle_8_49.graph,5,0.15,34,17582.0,0,1,34,0,34,FastestO
query_cycle_8_49.graph,5,0.2,35,17582.0,0,1,35,0,35,FastestO
query_cycle_8_49.graph,5,0.3,48,17582.0,0,1,48,0,48,FastestO
query_cycle_8_49.graph,5,0.4,54,17582.0,0,1,54,0,54,FastestO
query_cycle_8_49.graph,5,0.5,69,17582.0,0,1,69,0,69,FastestO
query_cycle_8_49.graph,5,0.6,70,17582.0,0,1,70,0,70,FastestO
query_cycle_8_49.graph,5,0.7,71,17582.0,0,1,71,0,71,FastestO
query_cycle_8_49.graph,5,0.8,71,17582.0,0,1,71,0,71,FastestO
query_cycle_8_49.graph,5,0.9,500,17582.0,0,1,152,0,500,FastestO
query_cycle_8_5.graph,1,0.01,90,76770445.0,681244.822827939,0.9911262097956064,90,0,90,FastestO
query_cycle_8_5.graph,1,0.05,268,76770445.0,503429.346621905,0.993442406819162,268,0,268,FastestO
query_cycle_8_5.graph,1,0.075,366,76770445.0,312495.99713467,0.9959294752409645,366,0,366,FastestO
query_cycle_8_5.graph,1,0.1,464,76770445.0,287691.158992806,0.9962525792446193,464,0,464,FastestO
query_cycle_8_5.graph,1,0.15,638,76770445.0,214971.890656919,0.9971998092409531,638,0,638,FastestO
query_cycle_8_5.graph,1,0.2,782,76770445.0,272900.849181074,0.9964452355436904,782,0,782,FastestO
query_cycle_8_5.graph,1,0.3,1052,76770445.0,367181.003290229,0.9952171567679432,1052,0,1052,FastestO
query_cycle_8_5.graph,1,0.4,1253,76770445.0,299037.801013147,0.9961047796321469,1253,0,1253,FastestO
query_cycle_8_5.graph,1,0.5,1449,76770445.0,261073.333595594,0.996599298941206,1449,0,1449,FastestO
query_cycle_8_5.graph,1,0.6,1584,76770445.0,248061.338273919,0.9967687911894491,1584,0,1584,FastestO
query_cycle_8_5.graph,1,0.7,1725,76770445.0,335020.217337625,0.9956360782155473,1725,0,1725,FastestO
query_cycle_8_5.graph,1,0.8,1874,76770445.0,236020.773054085,0.996925629738709,1874,0,1874,FastestO
query_cycle_8_5.graph,1,0.9,500,76770445.0,479238.996233522,0.9937575065999223,500,0,500,FastestO
query_cycle_8_5.graph,2,0.01,90,76770445.0,0,1,90,0,90,FastestO
query_cycle_8_5.graph,2,0.05,268,76770445.0,322752.793381759,0.9957958717917844,268,0,268,FastestO
query_cycle_8_5.graph,2,0.075,366,76770445.0,0,1,366,0,366,FastestO
query_cycle_8_5.graph,2,0.1,464,76770445.0,284619.723131673,0.9962925872953886,464,0,464,FastestO
query_cycle_8_5.graph,2,0.15,638,76770445.0,175911.453205763,0.9977086044869772,638,0,638,FastestO
query_cycle_8_5.graph,2,0.2,782,76770445.0,310908.654175089,0.995950151726031,782,0,782,FastestO
query_cycle_8_5.graph,2,0.3,1052,76770445.0,313768.679233298,0.9959128974798401,1052,0,1052,FastestO
query_cycle_8_5.graph,2,0.4,1253,76770445.0,210514.12127013,0.9972578754588418,1253,0,1253,FastestO
query_cycle_8_5.graph,2,0.5,1449,76770445.0,334670.871218979,0.9956406287443171,1449,0,1449,FastestO
query_cycle_8_5.graph,2,0.6,1584,76770445.0,252432.00595573,0.9967118595449626,1584,0,1584,FastestO
query_cycle_8_5.graph,2,0.7,1725,76770445.0,301215.919491338,0.9960764077961078,1725,0,1725,FastestO
query_cycle_8_5.graph,2,0.8,1874,76770445.0,242414.513546281,0.9968423458591873,1874,0,1874,FastestO
query_cycle_8_5.graph,2,0.9,500,76770445.0,263997.828684601,0.9965612049183172,500,0,500,FastestO
query_cycle_8_5.graph,3,0.01,90,76770445.0,677780.866101695,0.9911713307627473,90,0,90,FastestO
query_cycle_8_5.graph,3,0.05,268,76770445.0,0,1,268,0,268,FastestO
query_cycle_8_5.graph,3,0.075,366,76770445.0,106694.426627535,0.9986102148212436,366,0,366,FastestO
query_cycle_8_5.graph,3,0.1,464,76770445.0,386517.215348927,0.9949652862459124,464,0,464,FastestO
query_cycle_8_5.graph,3,0.15,638,76770445.0,180130.950900901,0.9976536419594689,638,0,638,FastestO
query_cycle_8_5.graph,3,0.2,782,76770445.0,244398.777604237,0.9968164991409879,782,0,782,FastestO
query_cycle_8_5.graph,3,0.3,1052,76770445.0,377477.957286136,0.9950830302301082,1052,0,1052,FastestO
query_cycle_8_5.graph,3,0.4,1253,76770445.0,237722.573093823,0.9969034623533338,1253,0,1253,FastestO
query_cycle_8_5.graph,3,0.5,1449,76770445.0,218719.884400689,0.997150988451341,1449,0,1449,FastestO
query_cycle_8_5.graph,3,0.6,1584,76770445.0,285190.37196566,0.9962851541115118,1584,0,1584,FastestO
query_cycle_8_5.graph,3,0.7,1725,76770445.0,289408.114651619,0.9962302144444829,1725,0,1725,FastestO
query_cycle_8_5.graph,3,0.8,1874,76770445.0,256888.354171617,0.9966538118390271,1874,0,1874,FastestO
query_cycle_8_5.graph,3,0.9,500,76770445.0,479649.584818369,0.9937521583362143,500,0,500,FastestO
query_cycle_8_5.graph,4,0.01,90,76770445.0,764609.390057361,0.9900403157744188,90,0,90,FastestO
query_cycle_8_5.graph,4,0.05,268,76770445.0,750616.069450962,0.9902225906147742,268,0,268,FastestO
query_cycle_8_5.graph,4,0.075,366,76770445.0,429990.011827957,0.9943990162903451,366,0,366,FastestO
query_cycle_8_5.graph,4,0.1,464,76770445.0,220042.577586207,0.9971337592534966,464,0,464,FastestO
query_cycle_8_5.graph,4,0.15,638,76770445.0,279420.540726692,0.9963603110451335,638,0,638,FastestO
query_cycle_8_5.graph,4,0.2,782,76770445.0,227614.776805407,0.9970351249519864,782,0,782,FastestO
query_cycle_8_5.graph,4,0.3,1052,76770445.0,232955.092042409,0.9969655628276948,1052,0,1052,FastestO
query_cycle_8_5.graph,4,0.4,1253,76770445.0,218441.666144163,0.997154612479527,1253,0,1253,FastestO
query_cycle_8_5.graph,4,0.5,1449,76770445.0,247763.761462206,0.996772667379195,1449,0,1449,FastestO
query_cycle_8_5.graph,4,0.6,1584,76770445.0,310447.860217938,0.9959561539571909,1584,0,1584,FastestO
query_cycle_8_5.graph,4,0.7,1725,76770445.0,297010.512483156,0.9961311867804967,1725,0,1725,FastestO
query_cycle_8_5.graph,4,0.8,1874,76770445.0,242424.225832067,0.9968422193484477,1874,0,1874,FastestO
query_cycle_8_5.graph,4,0.9,500,76770445.0,68031.764375638,0.999113828708748,500,0,500,FastestO
query_cycle_8_5.graph,5,0.01,90,76770445.0,788739.07495069,0.9897260062130591,90,0,90,FastestO
query_cycle_8_5.graph,5,0.05,268,76770445.0,319146.616919393,0.9958428452913175,268,0,268,FastestO
query_cycle_8_5.graph,5,0.075,366,76770445.0,805999.129570976,0.989501179398257,366,0,366,FastestO
query_cycle_8_5.graph,5,0.1,464,76770445.0,200983.771653543,0.9973820163260282,464,0,464,FastestO
query_cycle_8_5.graph,5,0.15,638,76770445.0,251556.32899979,0.9967232659782057,638,0,638,FastestO
query_cycle_8_5.graph,5,0.2,782,76770445.0,256907.445142408,0.9966535631629801,782,0,782,FastestO
query_cycle_8_5.graph,5,0.3,1052,76770445.0,270282.932268507,0.9964793361264416,1052,0,1052,FastestO
query_cycle_8_5.graph,5,0.4,1253,76770445.0,250979.533929154,0.996730779222015,1253,0,1253,FastestO
query_cycle_8_5.graph,5,0.5,1449,76770445.0,330737.75946636,0.995691860852619,1449,0,1449,FastestO
query_cycle_8_5.graph,5,0.6,1584,76770445.0,308529.402636293,0.9959811434903589,1584,0,1584,FastestO
query_cycle_8_5.graph,5,0.7,1725,76770445.0,300663.248587571,0.9960836068022327,1725,0,1725,FastestO
query_cycle_8_5.graph,5,0.8,1874,76770445.0,311185.079221825,0.9959465510559197,1873,0,1874,FastestO
query_cycle_8_5.graph,5,0.9,500,76770445.0,437175.539122286,0.9943054187178115,500,0,500,FastestO
query_cycle_8_6.graph,1,0.01,268,547862.0,0,1,268,0,268,FastestO
query_cycle_8_6.graph,1,0.05,663,547862.0,1146.9530075188,0.9979064928622193,663,0,663,FastestO
query_cycle_8_6.graph,1,0.075,773,547862.0,2645.28468208092,0.9951716222660434,773,0,773,FastestO
query_cycle_8_6.graph,1,0.1,904,547862.0,2742.37752808989,0.9949944009110142,904,0,904,FastestO
query_cycle_8_6.graph,1,0.15,1022,547862.0,4171.1455078125,0.9923865033387742,1022,0,1022,FastestO
query_cycle_8_6.graph,1,0.2,1124,547862.0,992.160975609756,0.9981890312239035,1124,0,1124,FastestO
query_cycle_8_6.graph,1,0.3,1361,547862.0,1366.58230683091,0.9975056085166868,1361,0,1361,FastestO
query_cycle_8_6.graph,1,0.4,1482,547862.0,2129.23878364905,0.9961135490622656,1482,0,1482,FastestO
query_cycle_8_6.graph,1,0.5,1547,547862.0,2834.08732001858,0.9948270051216939,1547,0,1547,FastestO
query_cycle_8_6.graph,1,0.6,1632,547862.0,2605.37574722459,0.9952444671336494,1632,0,1632,FastestO
query_cycle_8_6.graph,1,0.7,1692,547862.0,2156.10954063604,0.9960645024830412,1692,0,1692,FastestO
query_cycle_8_6.graph,1,0.8,1757,547862.0,2949.91706954258,0.9946155837244733,1757,0,1757,FastestO
query_cycle_8_6.graph,1,0.9,500,547862.0,2885.00709219858,0.9947340624241167,500,0,500,FastestO
query_cycle_8_6.graph,2,0.01,268,547862.0,3427.97191011236,0.993743001138768,268,0,268,FastestO
query_cycle_8_6.graph,2,0.05,663,547862.0,2222.87431693989,0.9959426382612048,663,0,663,FastestO
query_cycle_8_6.graph,2,0.075,773,547862.0,917.562406015038,0.9983251942897755,773,0,773,FastestO
query_cycle_8_6.graph,2,0.1,904,547862.0,1425.65186915888,0.9973977901932259,904,0,904,FastestO
query_cycle_8_6.graph,2,0.15,1022,547862.0,1741.7098001903,0.9968208968678421,1022,0,1022,FastestO
query_cycle_8_6.graph,2,0.2,1124,547862.0,1553.9363327674,0.9971636354907488,1124,0,1124,FastestO
query_cycle_8_6.graph,2,0.3,1361,547862.0,2530.36315165877,0.9953813859116734,1361,0,1361,FastestO
query_cycle_8_6.graph,2,0.4,1482,547862.0,2910.23370429253,0.9946880168650271,1482,0,1482,FastestO
query_cycle_8_6.graph,2,0.5,1547,547862.0,3485.07758210376,0.9936387674594993,1547,0,1547,FastestO
query_cycle_8_6.graph,2,0.6,1632,547862.0,1069.08278580815,0.9980486276000012,1632,0,1632,FastestO
query_cycle_8_6.graph,2,0.7,1692,547862.0,2336.06049004594,0.9957360421236626,1692,0,1692,FastestO
query_cycle_8_6.graph,2,0.8,1757,547862.0,1699.07135398538,0.9968987238501934,1757,0,1757,FastestO
query_cycle_8_6.graph,2,0.9,500,547862.0,1614.23015873016,0.9970535825468272,500,0,500,FastestO
query_cycle_8_6.graph,3,0.01,268,547862.0,3789.93167701863,0.9930823242403769,268,0,268,FastestO
query_cycle_8_6.graph,3,0.05,663,547862.0,4304.61375661376,0.9921428867915391,663,0,663,FastestO
query_cycle_8_6.graph,3,0.075,773,547862.0,841.626206896552,0.9984637989002769,773,0,773,FastestO
query_cycle_8_6.graph,3,0.1,904,547862.0,2895.27402135231,0.9947153224327435,904,0,904,FastestO
query_cycle_8_6.graph,3,0.15,1022,547862.0,569.196828358209,0.9989610580249073,1022,0,1022,FastestO
query_cycle_8_6.graph,3,0.2,1124,547862.0,3895.79569034318,0.992889093073907,1124,0,1124,FastestO
query_cycle_8_6.graph,3,0.3,1361,547862.0,1495.53676470588,0.9972702308889723,1361,0,1361,FastestO
query_cycle_8_6.graph,3,0.4,1482,547862.0,1806.15392205229,0.9967032684835739,1482,0,1482,FastestO
query_cycle_8_6.graph,3,0.5,1547,547862.0,1966.50690607735,0.9964105798429579,1547,0,1547,FastestO
query_cycle_8_6.graph,3,0.6,1632,547862.0,777.958776030599,0.9985800096082033,1632,0,1632,FastestO
query_cycle_8_6.graph,3,0.7,1692,547862.0,3711.55109489051,0.9932253905273765,1692,0,1692,FastestO
query_cycle_8_6.graph,3,0.8,1757,547862.0,1806.59955588453,0.9967024550783145,1757,0,1757,FastestO
query_cycle_8_6.graph,3,0.9,500,547862.0,4693.68461538462,0.9914327246361589,500,0,500,FastestO
query_cycle_8_6.graph,4,0.01,268,547862.0,0,1,268,0,268,FastestO
query_cycle_8_6.graph,4,0.05,663,547862.0,3055.98831385643,0.9944219743040101,663,0,663,FastestO
query_cycle_8_6.graph,4,0.075,773,547862.0,1704.41061452514,0.9968889782198344,773,0,773,FastestO
query_cycle_8_6.graph,4,0.1,904,547862.0,3334.31147540984,0.9939139573918069,904,0,904,FastestO
query_cycle_8_6.graph,4,0.15,1022,547862.0,1691.80868761553,0.9969119802292994,1022,0,1022,FastestO
query_cycle_8_6.graph,4,0.2,1124,547862.0,2448.55136436597,0.9955307150991199,1124,0,1124,FastestO
query_cycle_8_6.graph,4,0.3,1361,547862.0,2786.20547945205,0.9949144027520579,1361,0,1361,FastestO
query_cycle_8_6.graph,4,0.4,1482,547862.0,1530.03761283852,0.9972072572785874,1482,0,1482,FastestO
query_cycle_8_6.graph,4,0.5,1547,547862.0,1415.72853828306,0.9974159030225075,1547,0,1547,FastestO
query_cycle_8_6.graph,4,0.6,1632,547862.0,1565.8999144568,0.9971417986382396,1632,0,1632,FastestO
query_cycle_8_6.graph,4,0.7,1692,547862.0,2151.04230317274,0.9960737515958895,1692,0,1692,FastestO
query_cycle_8_6.graph,4,0.8,1757,547862.0,2286.17085050581,0.9958271045436519,1757,0,1757,FastestO
query_cycle_8_6.graph,4,0.9,500,547862.0,0,1,500,0,500,FastestO
query_cycle_8_6.graph,5,0.01,268,547862.0,3789.93167701863,0.9930823242403769,268,0,268,FastestO
query_cycle_8_6.graph,5,0.05,663,547862.0,2183.1091234347,0.9960152207610041,663,0,663,FastestO
query_cycle_8_6.graph,5,0.075,773,547862.0,3408.82122905028,0.9937779564396686,773,0,773,FastestO
query_cycle_8_6.graph,5,0.1,904,547862.0,2131.00931315483,0.9961103173551827,904,0,904,FastestO
query_cycle_8_6.graph,5,0.15,1022,547862.0,2206.79566003617,0.9959719862665486,1022,0,1022,FastestO
query_cycle_8_6.graph,5,0.2,1124,547862.0,2472.36223662885,0.9954872536576201,1124,0,1124,FastestO
query_cycle_8_6.graph,5,0.3,1361,547862.0,2300.08239095315,0.9958017121264968,1361,0,1361,FastestO
query_cycle_8_6.graph,5,0.4,1482,547862.0,2508.44398766701,0.9954213944612567,1482,0,1482,FastestO
query_cycle_8_6.graph,5,0.5,1547,547862.0,1471.72937771346,0.9973136859688874,1547,0,1547,FastestO
query_cycle_8_6.graph,5,0.6,1632,547862.0,2437.46604527297,0.995550948878964,1632,0,1632,FastestO
query_cycle_8_6.graph,5,0.7,1692,547862.0,241.655049504951,0.999558912555525,1692,0,1692,FastestO
query_cycle_8_6.graph,5,0.8,1757,547862.0,1823.47104968248,0.9966716599258892,1757,0,1757,FastestO
query_cycle_8_6.graph,5,0.9,500,547862.0,3237.02387267904,0.9940915342318337,500,0,500,FastestO
query_cycle_8_8.graph,1,0.01,70,89040609.0,844004.634042553,0.9905211268934319,70,0,70,FastestO
query_cycle_8_8.graph,1,0.05,220,89040609.0,746578.754077792,0.99161530045153,220,0,220,FastestO
query_cycle_8_8.graph,1,0.075,298,89040609.0,472991.468203498,0.9946879129251744,298,0,298,FastestO
query_cycle_8_8.graph,1,0.1,370,89040609.0,1179548.5518882,0.9867526899789264,370,0,370,FastestO
query_cycle_8_8.graph,1,0.15,515,89040609.0,916776.589155555,0.9897038373900211,515,0,515,FastestO
query_cycle_8_8.graph,1,0.2,611,89040609.0,505828.790308869,0.99431912252185,611,0,611,FastestO
query_cycle_8_8.graph,1,0.3,876,89040609.0,835458.61709194,0.9906171057624736,876,0,876,FastestO
query_cycle_8_8.graph,1,0.4,1101,89040609.0,721523.969422869,0.9918966864947784,1101,0,1101,FastestO
query_cycle_8_8.graph,1,0.5,1296,89040609.0,674923.184980018,0.9924200520126719,1296,0,1296,FastestO
query_cycle_8_8.graph,1,0.6,1452,89040609.0,495773.271655184,0.9944320543488737,1452,0,1452,FastestO
query_cycle_8_8.graph,1,0.7,1623,89040609.0,653214.642160464,0.9926638569805777,1623,0,1623,FastestO
query_cycle_8_8.graph,1,0.8,1732,89040609.0,496063.315416922,0.9944287969165068,1732,0,1732,FastestO
query_cycle_8_8.graph,1,0.9,500,89040609.0,769713.169518434,0.9913554817496987,500,0,500,FastestO
query_cycle_8_8.graph,2,0.01,70,89040609.0,1180601.7202381,0.9867408620235505,70,0,70,FastestO
query_cycle_8_8.graph,2,0.05,220,89040609.0,467234.603062426,0.9947525673026066,220,0,220,FastestO
query_cycle_8_8.graph,2,0.075,298,89040609.0,657575.098217986,0.9926148854370709,298,0,298,FastestO
query_cycle_8_8.graph,2,0.1,370,89040609.0,483463.958561853,0.9945702981595527,370,0,370,FastestO
query_cycle_8_8.graph,2,0.15,515,89040609.0,891420.624719101,0.9899886059323887,515,0,515,FastestO
query_cycle_8_8.graph,2,0.2,611,89040609.0,610878.336553269,0.9931393288588887,611,0,611,FastestO
query_cycle_8_8.graph,2,0.3,876,89040609.0,897541.012873527,0.9899198688895589,876,0,876,FastestO
query_cycle_8_8.graph,2,0.4,1101,89040609.0,541560.422127567,0.9939178266163077,1101,0,1101,FastestO
query_cycle_8_8.graph,2,0.5,1296,89040609.0,590087.266755116,0.9933728298426719,1296,0,1296,FastestO
query_cycle_8_8.graph,2,0.6,1452,89040609.0,569555.093228912,0.9936034232062709,1452,0,1452,FastestO
query_cycle_8_8.graph,2,0.7,1623,89040609.0,669657.012649199,0.9924791955022546,1623,0,1623,FastestO
query_cycle_8_8.graph,2,0.8,1732,89040609.0,523905.273302011,0.9941161086027386,1732,0,1732,FastestO
query_cycle_8_8.graph,2,0.9,500,89040609.0,578374.348260779,0.9935043756466134,500,0,500,FastestO
query_cycle_8_8.graph,3,0.01,70,89040609.0,0,1,70,0,70,FastestO
query_cycle_8_8.graph,3,0.05,220,89040609.0,998570.617998741,0.988785222504501,220,0,220,FastestO
query_cycle_8_8.graph,3,0.075,298,89040609.0,822650.721692244,0.9907609490665967,298,0,298,FastestO
query_cycle_8_8.graph,3,0.1,370,89040609.0,942517.797445797,0.9894147422391754,370,0,370,FastestO
query_cycle_8_8.graph,3,0.15,515,89040609.0,573550.953189951,0.9935585463797765,515,0,515,FastestO
query_cycle_8_8.graph,3,0.2,611,89040609.0,252792.619169003,0.9971609289063937,611,0,611,FastestO
query_cycle_8_8.graph,3,0.3,876,89040609.0,803949.693632832,0.990970977145576,876,0,876,FastestO
query_cycle_8_8.graph,3,0.4,1101,89040609.0,542508.449124726,0.9939071794856578,1101,0,1101,FastestO
query_cycle_8_8.graph,3,0.5,1296,89040609.0,534569.72065002,0.9939963380006754,1296,0,1296,FastestO
query_cycle_8_8.graph,3,0.6,1452,89040609.0,683277.791778462,0.9923262228386325,1452,0,1452,FastestO
query_cycle_8_8.graph,3,0.7,1623,89040609.0,566078.998222056,0.9936424626405908,1623,0,1623,FastestO
query_cycle_8_8.graph,3,0.8,1732,89040609.0,590179.257250109,0.9933717967130019,1732,0,1732,FastestO
query_cycle_8_8.graph,3,0.9,500,89040609.0,1016933.21120095,0.9885789953300864,500,0,500,FastestO
query_cycle_8_8.graph,4,0.01,70,89040609.0,0,1,70,0,70,FastestO
query_cycle_8_8.graph,4,0.05,220,89040609.0,0,1,220,0,220,FastestO
query_cycle_8_8.graph,4,0.075,298,89040609.0,837942.91930714,0.9905892049850294,298,0,298,FastestO
query_cycle_8_8.graph,4,0.1,370,89040609.0,990467.360799001,0.9888762288137652,370,0,370,FastestO
query_cycle_8_8.graph,4,0.15,515,89040609.0,616324.999805788,0.9930781583063319,515,0,515,FastestO
query_cycle_8_8.graph,4,0.2,611,89040609.0,646540.814639206,0.9927388096072073,611,0,611,FastestO
query_cycle_8_8.graph,4,0.3,876,89040609.0,749812.733086556,0.9915789801809806,876,0,876,FastestO
query_cycle_8_8.graph,4,0.4,1101,89040609.0,636564.215653794,0.9928508551008025,1101,0,1101,FastestO
query_cycle_8_8.graph,4,0.5,1296,89040609.0,624124.905012806,0.9929905588919231,1296,0,1296,FastestO
query_cycle_8_8.graph,4,0.6,1452,89040609.0,533636.061497069,0.9940068237685002,1452,0,1452,FastestO
query_cycle_8_8.graph,4,0.7,1623,89040609.0,436896.030397964,0.9950932946741416,1623,0,1623,FastestO
query_cycle_8_8.graph,4,0.8,1732,89040609.0,591292.295893517,0.993359296364499,1732,0,1732,FastestO
query_cycle_8_8.graph,4,0.9,500,89040609.0,876381.594296043,0.9901575067361001,500,0,500,FastestO
query_cycle_8_8.graph,5,0.01,70,89040609.0,905667.073059361,0.9898286064838194,70,0,70,FastestO
query_cycle_8_8.graph,5,0.05,220,89040609.0,994190.922305764,0.9888344101250951,220,0,220,FastestO
query_cycle_8_8.graph,5,0.075,298,89040609.0,154171.075787019,0.9982685307578363,298,0,298,FastestO
query_cycle_8_8.graph,5,0.1,370,89040609.0,686103.507639089,0.9922944877023573,370,0,370,FastestO
query_cycle_8_8.graph,5,0.15,515,89040609.0,401229.44504383,0.9954938600538566,515,0,515,FastestO
query_cycle_8_8.graph,5,0.2,611,89040609.0,750854.442923704,0.9915672809142207,611,0,611,FastestO
query_cycle_8_8.graph,5,0.3,876,89040609.0,547525.43547274,0.9938508345616466,876,0,876,FastestO
query_cycle_8_8.graph,5,0.4,1101,89040609.0,719773.017759938,0.9919163511363682,1101,0,1101,FastestO
query_cycle_8_8.graph,5,0.5,1296,89040609.0,493148.360522939,0.9944615342812521,1296,0,1296,FastestO
query_cycle_8_8.graph,5,0.6,1452,89040609.0,587103.613994206,0.9934063387415263,1452,0,1452,FastestO
query_cycle_8_8.graph,5,0.7,1623,89040609.0,565417.384505741,0.9936498931121895,1623,0,1623,FastestO
query_cycle_8_8.graph,5,0.8,1732,89040609.0,584334.809443922,0.9934374347165132,1732,0,1732,FastestO
query_cycle_8_8.graph,5,0.9,500,89040609.0,320163.178369653,0.9964043015657086,500,0,500,FastestO
