query_basename,run_id,budget_frac,budget_n,T_true,T_hat,Qerror,n_post,n_comment,oracle_cost,method
query_cycle_4_8.graph,1,0.1,353,480096708.0,552728593.0135732,0.15128594677548418,353,0,353,UN
query_cycle_4_8.graph,2,0.1,353,480096708.0,68532255.13438812,0.8572532283758378,353,0,353,UN
query_cycle_4_8.graph,3,0.1,353,480096708.0,156795947.45200965,0.6734075763502013,353,0,353,UN
query_cycle_4_8.graph,4,0.1,353,480096708.0,278370408.4469847,0.4201784686118183,353,0,353,UN
query_cycle_4_8.graph,5,0.1,353,480096708.0,2235956920.0075226,3.657305252773203,353,0,353,UN
query_cycle_4_8.graph,1,0.1,353,480096708.0,587294990.9440196,0.2232847698343717,353,0,353,PO
query_cycle_4_8.graph,2,0.1,353,480096708.0,503862992.0034309,0.04950311803310866,353,0,353,PO
query_cycle_4_8.graph,3,0.1,353,480096708.0,544845432.5928552,0.13486600410693758,353,0,353,PO
query_cycle_4_8.graph,4,0.1,353,480096708.0,546730104.4572141,0.1387916129123179,353,0,353,PO
query_cycle_4_8.graph,5,0.1,353,480096708.0,515032090.4392071,0.07276738593926596,353,0,353,PO
query_cycle_4_8.graph,1,0.1,353,480096708.0,511092109.5276487,0.0645607458063401,353,0,353,WO
query_cycle_4_8.graph,2,0.1,353,480096708.0,507806326.92685467,0.0577167442832261,353,0,353,WO
query_cycle_4_8.graph,3,0.1,353,480096708.0,508904326.31251836,0.06000378222238999,353,0,353,WO
query_cycle_4_8.graph,4,0.1,353,480096708.0,504444885.9027114,0.05071515279523931,353,0,353,WO
query_cycle_4_8.graph,5,0.1,353,480096708.0,505549312.0507366,0.053015577125633206,353,0,353,WO
query_cycle_4_8.graph,1,0.1,353,480096708.0,500275760.1564252,0.042031223751747074,353,0,353,MAB
query_cycle_4_8.graph,2,0.1,353,480096708.0,493844656.7091497,0.028635790414854746,353,0,353,MAB
query_cycle_4_8.graph,3,0.1,353,480096708.0,489969533.1647263,0.020564242579072876,353,0,353,MAB
query_cycle_4_8.graph,4,0.1,353,480096708.0,506027040.9064927,0.0540106450938062,353,0,353,MAB
query_cycle_4_8.graph,5,0.1,353,480096708.0,535119594.2505551,0.1146079223908261,353,0,353,MAB
query_cycle_4_8.graph,1,0.1,353,480096708.0,504175232.5555446,0.05015348815002625,353,0,353,8_POSSA
query_cycle_4_8.graph,2,0.1,353,480096708.0,504114225.0323019,0.05002641474538481,353,0,353,8_POSSA
query_cycle_4_8.graph,3,0.1,353,480096708.0,503971450.8041949,0.04972902835275206,353,0,353,8_POSSA
query_cycle_4_8.graph,4,0.1,353,480096708.0,504838366.3159735,0.05153473853016614,353,0,353,8_POSSA
query_cycle_4_8.graph,5,0.1,353,480096708.0,503917086.4200705,0.049615792033446994,353,0,353,8_POSSA
query_cycle_4_3.graph,1,0.1,261,3285552.0,1036579.5868551723,0.6845036733994251,261,0,261,UN
query_cycle_4_3.graph,2,0.1,261,3285552.0,3130294.6088505746,0.047254583445772706,261,0,261,UN
query_cycle_4_3.graph,3,0.1,261,3285552.0,2249809.228632184,0.3152416310464165,261,0,261,UN
query_cycle_4_3.graph,4,0.1,261,3285552.0,5469319.136068965,0.6646576088489743,261,0,261,UN
query_cycle_4_3.graph,5,0.1,261,3285552.0,688881.6639137932,0.7903300072822488,261,0,261,UN
query_cycle_4_3.graph,1,0.1,261,3285552.0,2965711.143473291,0.09734767750646137,261,0,261,PO
query_cycle_4_3.graph,2,0.1,261,3285552.0,3302548.219312246,0.005173017901480773,261,0,261,PO
query_cycle_4_3.graph,3,0.1,261,3285552.0,3236890.918922961,0.014810625756962232,261,0,261,PO
query_cycle_4_3.graph,4,0.1,261,3285552.0,3358416.921916237,0.022177375952727913,261,0,261,PO
query_cycle_4_3.graph,5,0.1,261,3285552.0,3366224.3581934175,0.02455366957924195,261,0,261,PO
query_cycle_4_3.graph,1,0.1,261,3285552.0,3080104.231308202,0.06253067024712992,261,0,261,WO
query_cycle_4_3.graph,2,0.1,261,3285552.0,3186386.57871026,0.030182271134269106,261,0,261,WO
query_cycle_4_3.graph,3,0.1,261,3285552.0,3143070.027033254,0.04336622064321184,261,0,261,WO
query_cycle_4_3.graph,4,0.1,261,3285552.0,3001262.9709903444,0.08652702164192062,261,0,261,WO
query_cycle_4_3.graph,5,0.1,261,3285552.0,3299889.8109674603,0.004363897137363911,261,0,261,WO
query_cycle_4_3.graph,1,0.1,261,3285552.0,3249805.7458164035,0.010879832120628883,261,0,261,MAB
query_cycle_4_3.graph,2,0.1,261,3285552.0,3213721.7924275286,0.0218624473368467,261,0,261,MAB
query_cycle_4_3.graph,3,0.1,261,3285552.0,3165111.4665700393,0.03665762509007945,261,0,261,MAB
query_cycle_4_3.graph,4,0.1,261,3285552.0,2973052.015826639,0.09511338860969518,261,0,261,MAB
query_cycle_4_3.graph,5,0.1,261,3285552.0,3279162.444205504,0.0019447434691327635,261,0,261,MAB
query_cycle_4_3.graph,1,0.1,261,3285552.0,3130436.279803678,0.0472114640694538,261,0,261,8_POSSA
query_cycle_4_3.graph,2,0.1,261,3285552.0,3132177.6006936226,0.04668147066501379,261,0,261,8_POSSA
query_cycle_4_3.graph,3,0.1,261,3285552.0,3121203.5567046166,0.050021562067921424,261,0,261,8_POSSA
query_cycle_4_3.graph,4,0.1,261,3285552.0,3133126.3790468513,0.046392697772900476,261,0,261,8_POSSA
query_cycle_4_3.graph,5,0.1,261,3285552.0,3136570.259412798,0.04534450849878556,261,0,261,8_POSSA
query_cycle_4_10.graph,1,0.1,355,480096708.0,601230485.4190732,0.252311201890335,355,0,355,UN
query_cycle_4_10.graph,2,0.1,355,480096708.0,425735915.126755,0.11322883903891505,355,0,355,UN
query_cycle_4_10.graph,3,0.1,355,480096708.0,763801535.7333381,0.5909326662855146,355,0,355,UN
query_cycle_4_10.graph,4,0.1,355,480096708.0,245560183.91215348,0.48851933408351245,355,0,355,UN
query_cycle_4_10.graph,5,0.1,355,480096708.0,85426006.86745353,0.8220650018132315,355,0,355,UN
query_cycle_4_10.graph,1,0.1,355,480096708.0,586324868.6104205,0.22126408875609382,355,0,355,PO
query_cycle_4_10.graph,2,0.1,355,480096708.0,592936270.6234081,0.23503506844168587,355,0,355,PO
query_cycle_4_10.graph,3,0.1,355,480096708.0,584576918.5932746,0.217623259756396,355,0,355,PO
query_cycle_4_10.graph,4,0.1,355,480096708.0,545703011.074775,0.136652266057144,355,0,355,PO
query_cycle_4_10.graph,5,0.1,355,480096708.0,302509279.29341745,0.3698992843470665,355,0,355,PO
query_cycle_4_10.graph,1,0.1,355,480096708.0,490240113.53182137,0.021127838126774597,355,0,355,WO
query_cycle_4_10.graph,2,0.1,355,480096708.0,487027235.1608812,0.014435689821229145,355,0,355,WO
query_cycle_4_10.graph,3,0.1,355,480096708.0,482740746.6948049,0.005507304363363614,355,0,355,WO
query_cycle_4_10.graph,4,0.1,355,480096708.0,484663342.3390423,0.009511905128585688,355,0,355,WO
query_cycle_4_10.graph,5,0.1,355,480096708.0,485759771.6320022,0.011795672700180596,355,0,355,WO
query_cycle_4_10.graph,1,0.1,355,480096708.0,471230875.2553365,0.018466764293379567,355,0,355,MAB
query_cycle_4_10.graph,2,0.1,355,480096708.0,495301216.9224452,0.03166967960639542,355,0,355,MAB
query_cycle_4_10.graph,3,0.1,355,480096708.0,481109141.1732031,0.00210881090482943,355,0,355,MAB
query_cycle_4_10.graph,4,0.1,355,480096708.0,494763386.98475313,0.030549426272577423,355,0,355,MAB
query_cycle_4_10.graph,5,0.1,355,480096708.0,504466981.8350079,0.050761176714854514,355,0,355,MAB
query_cycle_4_10.graph,1,0.1,355,480096708.0,487903259.42749727,0.016260372748686434,355,0,355,8_POSSA
query_cycle_4_10.graph,2,0.1,355,480096708.0,488797775.17200565,0.018123571828377656,355,0,355,8_POSSA
query_cycle_4_10.graph,3,0.1,355,480096708.0,487250155.284572,0.014900013196033008,355,0,355,8_POSSA
query_cycle_4_10.graph,4,0.1,355,480096708.0,487954006.76095974,0.016366075063692677,355,0,355,8_POSSA
query_cycle_4_10.graph,5,0.1,355,480096708.0,488660990.5466184,0.01783866126117741,355,0,355,8_POSSA
query_cycle_4_9.graph,1,0.1,330,1382688.0,1990412.4780363636,0.43952394035123155,330,0,330,UN
query_cycle_4_9.graph,2,0.1,330,1382688.0,899485.1464727273,0.34946629574225907,330,0,330,UN
query_cycle_4_9.graph,3,0.1,330,1382688.0,4012289.044812122,1.9018036207822169,330,0,330,UN
query_cycle_4_9.graph,4,0.1,330,1382688.0,469542.519769697,0.6604132531925517,330,0,330,UN
query_cycle_4_9.graph,5,0.1,330,1382688.0,1423668.0494545456,0.02963795842196186,330,0,330,UN
query_cycle_4_9.graph,1,0.1,330,1382688.0,1296811.9154584655,0.062108071048229636,330,0,330,PO
query_cycle_4_9.graph,2,0.1,330,1382688.0,1533274.3541712896,0.10890841185523387,330,0,330,PO
query_cycle_4_9.graph,3,0.1,330,1382688.0,1583769.9298394988,0.1454282743753463,330,0,330,PO
query_cycle_4_9.graph,4,0.1,330,1382688.0,1277746.804934526,0.0758965110462186,330,0,330,PO
query_cycle_4_9.graph,5,0.1,330,1382688.0,1276853.4843361787,0.07654258637076568,330,0,330,PO
query_cycle_4_9.graph,1,0.1,330,1382688.0,1415717.043807031,0.023887560900963115,330,0,330,WO
query_cycle_4_9.graph,2,0.1,330,1382688.0,1440325.0198580339,0.04168476175249504,330,0,330,WO
query_cycle_4_9.graph,3,0.1,330,1382688.0,1380147.2777148932,0.001837523928107265,330,0,330,WO
query_cycle_4_9.graph,4,0.1,330,1382688.0,1364300.7293807792,0.013298206550733643,330,0,330,WO
query_cycle_4_9.graph,5,0.1,330,1382688.0,1389858.095604579,0.005185620765189952,330,0,330,WO
query_cycle_4_9.graph,1,0.1,330,1382688.0,1434415.2022795724,0.03741061054957617,330,0,330,MAB
query_cycle_4_9.graph,2,0.1,330,1382688.0,1468995.8349079648,0.06242032541539726,330,0,330,MAB
query_cycle_4_9.graph,3,0.1,330,1382688.0,1341408.9350206216,0.029854215108092618,330,0,330,MAB
query_cycle_4_9.graph,4,0.1,330,1382688.0,1446037.462113412,0.04581616540637663,330,0,330,MAB
query_cycle_4_9.graph,5,0.1,330,1382688.0,1357720.8588135766,0.018056959477787734,330,0,330,MAB
query_cycle_4_9.graph,1,0.1,330,1382688.0,1417655.2946218648,0.02528936001604469,330,0,330,8_POSSA
query_cycle_4_9.graph,2,0.1,330,1382688.0,1420606.8928052972,0.027424041291525755,330,0,330,8_POSSA
query_cycle_4_9.graph,3,0.1,330,1382688.0,1411478.0286305272,0.020821782376448775,330,0,330,8_POSSA
query_cycle_4_9.graph,4,0.1,330,1382688.0,1413112.6703298367,0.02200400258759508,330,0,330,8_POSSA
query_cycle_4_9.graph,5,0.1,330,1382688.0,1427779.7786480715,0.0326116800377753,330,0,330,8_POSSA
query_cycle_4_12.graph,1,0.1,327,19161808.0,18441275.699133027,0.03760252168620898,327,0,327,UN
query_cycle_4_12.graph,2,0.1,327,19161808.0,1360580.2086,0.9289952071015428,327,0,327,UN
query_cycle_4_12.graph,3,0.1,327,19161808.0,3353262.7010119264,0.8250028023967297,327,0,327,UN
query_cycle_4_12.graph,4,0.1,327,19161808.0,25423574.772624772,0.3267837133440003,327,0,327,UN
query_cycle_4_12.graph,5,0.1,327,19161808.0,8627651.883891743,0.5497475037902612,327,0,327,UN
query_cycle_4_12.graph,1,0.1,327,19161808.0,6665047.785559897,0.6521702030643509,327,0,327,PO
query_cycle_4_12.graph,2,0.1,327,19161808.0,23057491.78585657,0.20330460392132993,327,0,327,PO
query_cycle_4_12.graph,3,0.1,327,19161808.0,20375585.983288065,0.06334360428243851,327,0,327,PO
query_cycle_4_12.graph,4,0.1,327,19161808.0,22289679.559031725,0.16323467801325037,327,0,327,PO
query_cycle_4_12.graph,5,0.1,327,19161808.0,23546008.748803373,0.2287989081616606,327,0,327,PO
query_cycle_4_12.graph,1,0.1,327,19161808.0,19034501.22199162,0.006643776934221397,327,0,327,WO
query_cycle_4_12.graph,2,0.1,327,19161808.0,19357863.238950197,0.010231562645351454,327,0,327,WO
query_cycle_4_12.graph,3,0.1,327,19161808.0,17966973.956873756,0.06235497418230285,327,0,327,WO
query_cycle_4_12.graph,4,0.1,327,19161808.0,18875556.172854412,0.014938664824612983,327,0,327,WO
query_cycle_4_12.graph,5,0.1,327,19161808.0,18600029.140950385,0.029317633234275938,327,0,327,WO
query_cycle_4_12.graph,1,0.1,327,19161808.0,18504567.333689652,0.03429951214991548,327,0,327,MAB
query_cycle_4_12.graph,2,0.1,327,19161808.0,18963619.412080005,0.010342896031522452,327,0,327,MAB
query_cycle_4_12.graph,3,0.1,327,19161808.0,16782609.86789609,0.12416355137802805,327,0,327,MAB
query_cycle_4_12.graph,4,0.1,327,19161808.0,18604396.36977272,0.029089720042455226,327,0,327,MAB
query_cycle_4_12.graph,5,0.1,327,19161808.0,18242823.34492647,0.04795918292645094,327,0,327,MAB
query_cycle_4_12.graph,1,0.1,327,19161808.0,18361089.85798518,0.04178719158520011,327,0,327,8_POSSA
query_cycle_4_12.graph,2,0.1,327,19161808.0,18514220.292998966,0.03379575178923796,327,0,327,8_POSSA
query_cycle_4_12.graph,3,0.1,327,19161808.0,18685339.03585163,0.024865553613122975,327,0,327,8_POSSA
query_cycle_4_12.graph,4,0.1,327,19161808.0,18367203.725297738,0.041468126322018364,327,0,327,8_POSSA
query_cycle_4_12.graph,5,0.1,327,19161808.0,18344166.18864684,0.04267038952447275,327,0,327,8_POSSA
query_cycle_4_14.graph,1,0.1,479,1693335647.0,7967977.268145093,0.9952945080425953,479,0,479,UN
query_cycle_4_14.graph,2,0.1,479,1693335647.0,230009842.83318368,0.8641676012427418,479,0,479,UN
query_cycle_4_14.graph,3,0.1,479,1693335647.0,1446056247.6268814,0.14603094183436785,479,0,479,UN
query_cycle_4_14.graph,4,0.1,479,1693335647.0,1856838419.4625092,0.09655662346220552,479,0,479,UN
query_cycle_4_14.graph,5,0.1,479,1693335647.0,7463503547.98078,3.407574813182197,479,0,479,UN
query_cycle_4_14.graph,1,0.1,479,1693335647.0,2116254142.5145574,0.24975467578670618,479,0,479,PO
query_cycle_4_14.graph,2,0.1,479,1693335647.0,1251369330.252494,0.26100337374372057,479,0,479,PO
query_cycle_4_14.graph,3,0.1,479,1693335647.0,1865143524.9023798,0.1014612065875796,479,0,479,PO
query_cycle_4_14.graph,4,0.1,479,1693335647.0,1460904055.531259,0.13726256332023049,479,0,479,PO
query_cycle_4_14.graph,5,0.1,479,1693335647.0,1727690898.1941054,0.02028850644877813,479,0,479,PO
query_cycle_4_14.graph,1,0.1,479,1693335647.0,1675479329.94335,0.010545054719827748,479,0,479,WO
query_cycle_4_14.graph,2,0.1,479,1693335647.0,1659306990.918223,0.020095635582977306,479,0,479,WO
query_cycle_4_14.graph,3,0.1,479,1693335647.0,1655916538.8932202,0.02209786829508575,479,0,479,WO
query_cycle_4_14.graph,4,0.1,479,1693335647.0,1677824659.5464227,0.009160019445085998,479,0,479,WO
query_cycle_4_14.graph,5,0.1,479,1693335647.0,1676220994.1351888,0.010107064653798776,479,0,479,WO
query_cycle_4_14.graph,1,0.1,479,1693335647.0,1624245788.8218663,0.040801041601254216,479,0,479,MAB
query_cycle_4_14.graph,2,0.1,479,1693335647.0,1594698320.9292622,0.05825030982220729,479,0,479,MAB
query_cycle_4_14.graph,3,0.1,479,1693335647.0,1684875141.1074915,0.004996354920831893,479,0,479,MAB
query_cycle_4_14.graph,4,0.1,479,1693335647.0,1710532398.4267685,0.010155547990284846,479,0,479,MAB
query_cycle_4_14.graph,5,0.1,479,1693335647.0,1621388154.4037952,0.042488618676203155,479,0,479,MAB
query_cycle_4_14.graph,1,0.1,479,1693335647.0,1669481546.4836535,0.014087047986385687,479,0,479,8_POSSA
query_cycle_4_14.graph,2,0.1,479,1693335647.0,1669988548.8589416,0.01378763754393369,479,0,479,8_POSSA
query_cycle_4_14.graph,3,0.1,479,1693335647.0,1670699834.3772626,0.01336758761491862,479,0,479,8_POSSA
query_cycle_4_14.graph,4,0.1,479,1693335647.0,1669201650.8942208,0.014252340431465074,479,0,479,8_POSSA
query_cycle_4_14.graph,5,0.1,479,1693335647.0,1668987348.9191062,0.014378896543063064,479,0,479,8_POSSA
query_cycle_4_5.graph,1,0.1,948,134441614.0,155765821.2711667,0.15861314541468322,948,0,948,UN
query_cycle_4_5.graph,2,0.1,948,134441614.0,304045011.9695102,1.2615394365133863,948,0,948,UN
query_cycle_4_5.graph,3,0.1,948,134441614.0,64646100.32030306,0.5191511140270672,948,0,948,UN
query_cycle_4_5.graph,4,0.1,948,134441614.0,371782995.67052245,1.765386286351207,948,0,948,UN
query_cycle_4_5.graph,5,0.1,948,134441614.0,114635193.08423911,0.1473235877379521,948,0,948,UN
query_cycle_4_5.graph,1,0.1,948,134441614.0,134982417.42310697,0.00402258948711348,948,0,948,PO
query_cycle_4_5.graph,2,0.1,948,134441614.0,151096149.53313088,0.12387931859499161,948,0,948,PO
query_cycle_4_5.graph,3,0.1,948,134441614.0,134903283.4815581,0.0034339775298897726,948,0,948,PO
query_cycle_4_5.graph,4,0.1,948,134441614.0,125671400.51764625,0.06523436621605679,948,0,948,PO
query_cycle_4_5.graph,5,0.1,948,134441614.0,143171723.83265007,0.06493606832665715,948,0,948,PO
query_cycle_4_5.graph,1,0.1,948,134441614.0,134287676.38233796,0.0011450146504641218,948,0,948,WO
query_cycle_4_5.graph,2,0.1,948,134441614.0,134998007.50905326,0.004138551245399807,948,0,948,WO
query_cycle_4_5.graph,3,0.1,948,134441614.0,138688959.90886542,0.03159249418759152,948,0,948,WO
query_cycle_4_5.graph,4,0.1,948,134441614.0,130274080.08095628,0.030998838789927943,948,0,948,WO
query_cycle_4_5.graph,5,0.1,948,134441614.0,131917604.39801903,0.01877402038613557,948,0,948,WO
query_cycle_4_5.graph,1,0.1,948,134441614.0,131193102.0017872,0.024162994638050085,948,0,948,MAB
query_cycle_4_5.graph,2,0.1,948,134441614.0,130432167.53026815,0.029822956973217032,948,0,948,MAB
query_cycle_4_5.graph,3,0.1,948,134441614.0,139568217.57239965,0.03813256490954985,948,0,948,MAB
query_cycle_4_5.graph,4,0.1,948,134441614.0,132724124.29666877,0.012774985752039782,948,0,948,MAB
query_cycle_4_5.graph,5,0.1,948,134441614.0,127374944.85372034,0.052563108519953224,948,0,948,MAB
query_cycle_4_5.graph,1,0.1,948,134441614.0,136420221.49731395,0.014717225109436327,948,0,948,8_POSSA
query_cycle_4_5.graph,2,0.1,948,134441614.0,137185056.1693441,0.020406197811223072,948,0,948,8_POSSA
query_cycle_4_5.graph,3,0.1,948,134441614.0,136181838.256864,0.012944089297113104,948,0,948,8_POSSA
query_cycle_4_5.graph,4,0.1,948,134441614.0,136636072.35217604,0.016322761136860795,948,0,948,8_POSSA
query_cycle_4_5.graph,5,0.1,948,134441614.0,135672727.0671995,0.009157232129030364,948,0,948,8_POSSA
query_cycle_6_112.graph,1,0.1,382,11490080461.0,322899196.47804284,0.9718975687268651,382,0,382,UN
query_cycle_6_112.graph,2,0.1,382,11490080461.0,10470816127.070427,0.08870819811829803,382,0,382,UN
query_cycle_6_112.graph,3,0.1,382,11490080461.0,8627357341.916225,0.24914735182234113,382,0,382,UN
query_cycle_6_112.graph,4,0.1,382,11490080461.0,31443862299.140198,1.7366094089478281,382,0,382,UN
query_cycle_6_112.graph,5,0.1,382,11490080461.0,19972323944.5603,0.738223157997109,382,0,382,UN
query_cycle_6_112.graph,1,0.1,382,11490080461.0,10476015082.817684,0.08825572472049165,382,0,382,PO
query_cycle_6_112.graph,2,0.1,382,11490080461.0,11439642634.279919,0.004389684379607177,382,0,382,PO
query_cycle_6_112.graph,3,0.1,382,11490080461.0,11325201712.616262,0.014349660034442257,382,0,382,PO
query_cycle_6_112.graph,4,0.1,382,11490080461.0,10754662852.2615,0.06400456561071775,382,0,382,PO
query_cycle_6_112.graph,5,0.1,382,11490080461.0,11215862009.546743,0.02386566851154939,382,0,382,PO
query_cycle_6_112.graph,1,0.1,382,11490080461.0,11134880793.123121,0.030913592736143917,382,0,382,WO
query_cycle_6_112.graph,2,0.1,382,11490080461.0,10965552600.851387,0.04565049495771437,382,0,382,WO
query_cycle_6_112.graph,3,0.1,382,11490080461.0,10782748158.665686,0.06156025666966949,382,0,382,WO
query_cycle_6_112.graph,4,0.1,382,11490080461.0,11040493420.546915,0.03912827607944851,382,0,382,WO
query_cycle_6_112.graph,5,0.1,382,11490080461.0,10909777501.984348,0.05050469063165699,382,0,382,WO
query_cycle_6_112.graph,1,0.1,382,11490080461.0,10024127655.983555,0.12758420708995288,382,0,382,MAB
query_cycle_6_112.graph,2,0.1,382,11490080461.0,10594660464.645033,0.07792982820218104,382,0,382,MAB
query_cycle_6_112.graph,3,0.1,382,11490080461.0,513479.4084648165,0.9999553110693865,382,0,382,MAB
query_cycle_6_112.graph,4,0.1,382,11490080461.0,10514724275.824224,0.08488680201033934,382,0,382,MAB
query_cycle_6_112.graph,5,0.1,382,11490080461.0,11183147386.695131,0.026712874235012608,382,0,382,MAB
query_cycle_6_112.graph,1,0.1,382,11490080461.0,10925439080.787819,0.04914163848797273,382,0,382,8_POSSA
query_cycle_6_112.graph,2,0.1,382,11490080461.0,10875820299.169098,0.05346004006811298,382,0,382,8_POSSA
query_cycle_6_112.graph,3,0.1,382,11490080461.0,10957286093.209892,0.046369942281826095,382,0,382,8_POSSA
query_cycle_6_112.graph,4,0.1,382,11490080461.0,10938893164.290693,0.047970708175644576,382,0,382,8_POSSA
query_cycle_6_112.graph,5,0.1,382,11490080461.0,10880573295.953735,0.053046379188994665,382,0,382,8_POSSA
query_cycle_6_118.graph,1,0.1,175,121981094.0,209852075.9020206,0.7203655830633935,175,0,175,UN
query_cycle_6_118.graph,2,0.1,175,121981094.0,10095407.436926858,0.9172379333068872,175,0,175,UN
query_cycle_6_118.graph,3,0.1,175,121981094.0,258343131.29578403,1.1178948542286726,175,0,175,UN
query_cycle_6_118.graph,4,0.1,175,121981094.0,54533768.28184,0.5529326185430015,175,0,175,UN
query_cycle_6_118.graph,5,0.1,175,121981094.0,53318767.226856,0.5628931871454113,175,0,175,UN
query_cycle_6_118.graph,1,0.1,175,121981094.0,148866181.92521104,0.2204037285090347,175,0,175,PO
query_cycle_6_118.graph,2,0.1,175,121981094.0,131563696.7374171,0.07855809800670506,175,0,175,PO
query_cycle_6_118.graph,3,0.1,175,121981094.0,124268032.17925447,0.01874830028376752,175,0,175,PO
query_cycle_6_118.graph,4,0.1,175,121981094.0,128282871.58688842,0.05166192055047824,175,0,175,PO
query_cycle_6_118.graph,5,0.1,175,121981094.0,157986691.4083097,0.2951735898376981,175,0,175,PO
query_cycle_6_118.graph,1,0.1,175,121981094.0,174948514.67261052,0.43422647670802594,175,0,175,WO
query_cycle_6_118.graph,2,0.1,175,121981094.0,95983820.88823384,0.21312543000939277,175,0,175,WO
query_cycle_6_118.graph,3,0.1,175,121981094.0,99005722.46692707,0.18835190585413944,175,0,175,WO
query_cycle_6_118.graph,4,0.1,175,121981094.0,114709937.43068561,0.05960888143300625,175,0,175,WO
query_cycle_6_118.graph,5,0.1,175,121981094.0,80134928.63113698,0.3430545176850358,175,0,175,WO
query_cycle_6_118.graph,1,0.1,175,121981094.0,126745289.69660334,0.0390568369275598,175,0,175,MAB
query_cycle_6_118.graph,2,0.1,175,121981094.0,125098944.6597534,0.02556011392842072,175,0,175,MAB
query_cycle_6_118.graph,3,0.1,175,121981094.0,137756951.5777583,0.1293303499783197,175,0,175,MAB
query_cycle_6_118.graph,4,0.1,175,121981094.0,145513951.44220555,0.19292217072758464,175,0,175,MAB
query_cycle_6_118.graph,5,0.1,175,121981094.0,133260256.36029492,0.09246647976689669,175,0,175,MAB
query_cycle_6_118.graph,1,0.1,175,121981094.0,144008744.581001,0.18058249732537252,175,0,175,8_POSSA
query_cycle_6_118.graph,2,0.1,175,121981094.0,144000844.18132138,0.1805177299141241,175,0,175,8_POSSA
query_cycle_6_118.graph,3,0.1,175,121981094.0,143887451.0294213,0.179588133792449,175,0,175,8_POSSA
query_cycle_6_118.graph,4,0.1,175,121981094.0,144022342.97823626,0.18069397687346744,175,0,175,8_POSSA
query_cycle_6_118.graph,5,0.1,175,121981094.0,134451725.729032,0.10223413580002824,175,0,175,8_POSSA
query_cycle_4_13.graph,1,0.1,482,1693335647.0,3092987262.092608,0.8265647850574116,482,0,482,UN
query_cycle_4_13.graph,2,0.1,482,1693335647.0,2340562971.07255,0.3822203384303702,482,0,482,UN
query_cycle_4_13.graph,3,0.1,482,1693335647.0,1758904265.422034,0.038721572145604295,482,0,482,UN
query_cycle_4_13.graph,4,0.1,482,1693335647.0,222830889.94398424,0.8684071345578989,482,0,482,UN
query_cycle_4_13.graph,5,0.1,482,1693335647.0,3602938261.6036396,1.1277165386477213,482,0,482,UN
query_cycle_4_13.graph,1,0.1,482,1693335647.0,658630219.5922314,0.6110456773533975,482,0,482,PO
query_cycle_4_13.graph,2,0.1,482,1693335647.0,2137214483.5781221,0.26213281304537617,482,0,482,PO
query_cycle_4_13.graph,3,0.1,482,1693335647.0,2007778855.4225202,0.18569455440190125,482,0,482,PO
query_cycle_4_13.graph,4,0.1,482,1693335647.0,2255009807.975213,0.33169688594833735,482,0,482,PO
query_cycle_4_13.graph,5,0.1,482,1693335647.0,1267600874.3565364,0.25141782929906253,482,0,482,PO
query_cycle_4_13.graph,1,0.1,482,1693335647.0,1685372760.7970042,0.004702485426975587,482,0,482,WO
query_cycle_4_13.graph,2,0.1,482,1693335647.0,1687936879.7827036,0.003188244000450291,482,0,482,WO
query_cycle_4_13.graph,3,0.1,482,1693335647.0,1670753448.4601166,0.013335925798226213,482,0,482,WO
query_cycle_4_13.graph,4,0.1,482,1693335647.0,1671561485.6657133,0.012858739124085002,482,0,482,WO
query_cycle_4_13.graph,5,0.1,482,1693335647.0,1670113315.5857856,0.013713956506706891,482,0,482,WO
query_cycle_4_13.graph,1,0.1,482,1693335647.0,1634314758.847794,0.03485480758452724,482,0,482,MAB
query_cycle_4_13.graph,2,0.1,482,1693335647.0,1629977692.8148098,0.03741606355328218,482,0,482,MAB
query_cycle_4_13.graph,3,0.1,482,1693335647.0,1714435419.4946835,0.012460478542493887,482,0,482,MAB
query_cycle_4_13.graph,4,0.1,482,1693335647.0,1723131232.1293087,0.017595793947937068,482,0,482,MAB
query_cycle_4_13.graph,5,0.1,482,1693335647.0,1682725140.1070974,0.006266038816167798,482,0,482,MAB
query_cycle_4_13.graph,1,0.1,482,1693335647.0,1678310926.363519,0.008872854394283619,482,0,482,8_POSSA
query_cycle_4_13.graph,2,0.1,482,1693335647.0,1675235526.7457194,0.010689032789422266,482,0,482,8_POSSA
query_cycle_4_13.graph,3,0.1,482,1693335647.0,1679026471.1442332,0.008450289156268363,482,0,482,8_POSSA
query_cycle_4_13.graph,4,0.1,482,1693335647.0,1677374888.062905,0.009425632162986601,482,0,482,8_POSSA
query_cycle_4_13.graph,5,0.1,482,1693335647.0,1677016033.1462069,0.009637554068330048,482,0,482,8_POSSA
query_cycle_6_104.graph,1,0.1,327,414253631.0,52380661.87948623,0.8735541273276463,327,0,327,UN
query_cycle_6_104.graph,2,0.1,327,414253631.0,285124923.8122716,0.3117141227610106,327,0,327,UN
query_cycle_6_104.graph,3,0.1,327,414253631.0,325536712.2314348,0.21416087181759713,327,0,327,UN
query_cycle_6_104.graph,4,0.1,327,414253631.0,1825618154.8416295,3.40700580085351,327,0,327,UN
query_cycle_6_104.graph,5,0.1,327,414253631.0,1766820243.149808,3.265068815171853,327,0,327,UN
query_cycle_6_104.graph,1,0.1,327,414253631.0,504258699.8972019,0.21727044052681313,327,0,327,PO
query_cycle_6_104.graph,2,0.1,327,414253631.0,503406808.54493845,0.21521399179947912,327,0,327,PO
query_cycle_6_104.graph,3,0.1,327,414253631.0,315790596.3152556,0.2376878011836773,327,0,327,PO
query_cycle_6_104.graph,4,0.1,327,414253631.0,490103582.3672644,0.18310026923400555,327,0,327,PO
query_cycle_6_104.graph,5,0.1,327,414253631.0,271667301.74876904,0.3442005539143505,327,0,327,PO
query_cycle_6_104.graph,1,0.1,327,414253631.0,429058924.4702227,0.03573968304027421,327,0,327,WO
query_cycle_6_104.graph,2,0.1,327,414253631.0,423685213.639766,0.022767652312421078,327,0,327,WO
query_cycle_6_104.graph,3,0.1,327,414253631.0,424972963.0402112,0.025876253671778197,327,0,327,WO
query_cycle_6_104.graph,4,0.1,327,414253631.0,426446678.2489794,0.029433772782016702,327,0,327,WO
query_cycle_6_104.graph,5,0.1,327,414253631.0,423192736.91227555,0.021578823318209015,327,0,327,WO
query_cycle_6_104.graph,1,0.1,327,414253631.0,410349961.6173079,0.009423380003377927,327,0,327,MAB
query_cycle_6_104.graph,2,0.1,327,414253631.0,433840064.9142076,0.047281260678213775,327,0,327,MAB
query_cycle_6_104.graph,3,0.1,327,414253631.0,419571293.7676896,0.01283673182261035,327,0,327,MAB
query_cycle_6_104.graph,4,0.1,327,414253631.0,435425777.105064,0.051109138268637104,327,0,327,MAB
query_cycle_6_104.graph,5,0.1,327,414253631.0,442490878.6658211,0.06816415247262148,327,0,327,MAB
query_cycle_6_104.graph,1,0.1,327,414253631.0,423028868.778122,0.02118324891187739,327,0,327,8_POSSA
query_cycle_6_104.graph,2,0.1,327,414253631.0,423641797.0134526,0.022662845442753862,327,0,327,8_POSSA
query_cycle_6_104.graph,3,0.1,327,414253631.0,423349032.33681864,0.02195611735463252,327,0,327,8_POSSA
query_cycle_6_104.graph,4,0.1,327,414253631.0,423697389.19267803,0.02279704385422281,327,0,327,8_POSSA
query_cycle_6_104.graph,5,0.1,327,414253631.0,423580734.7323929,0.022515442314597133,327,0,327,8_POSSA
query_cycle_4_4.graph,1,0.1,689,3422458.0,461846.44855732954,0.865054166170241,689,0,689,UN
query_cycle_4_4.graph,2,0.1,689,3422458.0,1681170.2851669088,0.5087827855982722,689,0,689,UN
query_cycle_4_4.graph,3,0.1,689,3422458.0,2446758.91956807,0.2850872327525801,689,0,689,UN
query_cycle_4_4.graph,4,0.1,689,3422458.0,1323884.7348690862,0.613177215069086,689,0,689,UN
query_cycle_4_4.graph,5,0.1,689,3422458.0,1469535.684333237,0.5706198047329618,689,0,689,UN
query_cycle_4_4.graph,1,0.1,689,3422458.0,3194108.425455887,0.06672092821712147,689,0,689,PO
query_cycle_4_4.graph,2,0.1,689,3422458.0,3635644.662811788,0.06229051249475897,689,0,689,PO
query_cycle_4_4.graph,3,0.1,689,3422458.0,3722103.9668162754,0.08755285435680303,689,0,689,PO
query_cycle_4_4.graph,4,0.1,689,3422458.0,3502964.410696581,0.023522979886555512,689,0,689,PO
query_cycle_4_4.graph,5,0.1,689,3422458.0,3587384.68537067,0.048189542536583405,689,0,689,PO
query_cycle_4_4.graph,1,0.1,689,3422458.0,3410256.237623063,0.003565204416514997,689,0,689,WO
query_cycle_4_4.graph,2,0.1,689,3422458.0,3482752.2722475,0.017617242416853557,689,0,689,WO
query_cycle_4_4.graph,3,0.1,689,3422458.0,3499593.401146555,0.022538012488847153,689,0,689,WO
query_cycle_4_4.graph,4,0.1,689,3422458.0,3454431.8779720725,0.009342372637464786,689,0,689,WO
query_cycle_4_4.graph,5,0.1,689,3422458.0,3434213.58456353,0.003434836764550522,689,0,689,WO
query_cycle_4_4.graph,1,0.1,689,3422458.0,3181783.9884649725,0.07032197664223419,689,0,689,MAB
query_cycle_4_4.graph,2,0.1,689,3422458.0,3496319.486153705,0.021581414922755823,689,0,689,MAB
query_cycle_4_4.graph,3,0.1,689,3422458.0,3456573.784299534,0.009968211238686877,689,0,689,MAB
query_cycle_4_4.graph,4,0.1,689,3422458.0,3517056.6773171267,0.02764056631728619,689,0,689,MAB
query_cycle_4_4.graph,5,0.1,689,3422458.0,3331274.7670888845,0.026642615602913318,689,0,689,MAB
query_cycle_4_4.graph,1,0.1,689,3422458.0,3422851.661490724,0.00011502303044301971,689,0,689,8_POSSA
query_cycle_4_4.graph,2,0.1,689,3422458.0,3412533.203536986,0.002899903070545816,689,0,689,8_POSSA
query_cycle_4_4.graph,3,0.1,689,3422458.0,3424804.680601017,0.000685671117371516,689,0,689,8_POSSA
query_cycle_4_4.graph,4,0.1,689,3422458.0,3434141.6214099484,0.0034138100189829794,689,0,689,8_POSSA
query_cycle_4_4.graph,5,0.1,689,3422458.0,3431839.7557768263,0.0027412332822860917,689,0,689,8_POSSA
query_cycle_6_116.graph,1,0.1,172,121981094.0,162408909.73509073,0.33142689911512624,172,0,172,UN
query_cycle_6_116.graph,2,0.1,172,121981094.0,103432592.50223024,0.15206046190870987,172,0,172,UN
query_cycle_6_116.graph,3,0.1,172,121981094.0,130652120.70901862,0.0710850052633453,172,0,172,UN
query_cycle_6_116.graph,4,0.1,172,121981094.0,127200734.58758837,0.042790570377966686,172,0,172,UN
query_cycle_6_116.graph,5,0.1,172,121981094.0,70771580.67943256,0.4198151667713969,172,0,172,UN
query_cycle_6_116.graph,1,0.1,172,121981094.0,115106977.58068661,0.05635394956626136,172,0,172,PO
query_cycle_6_116.graph,2,0.1,172,121981094.0,115121643.30514233,0.05623372007843832,172,0,172,PO
query_cycle_6_116.graph,3,0.1,172,121981094.0,140344195.7205688,0.15054055606821173,172,0,172,PO
query_cycle_6_116.graph,4,0.1,172,121981094.0,137356252.9332149,0.12604542580356676,172,0,172,PO
query_cycle_6_116.graph,5,0.1,172,121981094.0,124289711.17437057,0.018926024506474518,172,0,172,PO
query_cycle_6_116.graph,1,0.1,172,121981094.0,154214998.1450637,0.2642532796522033,172,0,172,WO
query_cycle_6_116.graph,2,0.1,172,121981094.0,134567609.90018153,0.103184153276913,172,0,172,WO
query_cycle_6_116.graph,3,0.1,172,121981094.0,149018502.89116243,0.2216524545284241,172,0,172,WO
query_cycle_6_116.graph,4,0.1,172,121981094.0,163935111.84057474,0.34393869135634036,172,0,172,WO
query_cycle_6_116.graph,5,0.1,172,121981094.0,143406559.65639323,0.17564579029265986,172,0,172,WO
query_cycle_6_116.graph,1,0.1,172,121981094.0,134290161.14216214,0.10090963065278087,172,0,172,MAB
query_cycle_6_116.graph,2,0.1,172,121981094.0,124616083.03097996,0.021601618288322296,172,0,172,MAB
query_cycle_6_116.graph,3,0.1,172,121981094.0,124625055.39196476,0.021675173629486906,172,0,172,MAB
query_cycle_6_116.graph,4,0.1,172,121981094.0,104993648.725837,0.1392629358953199,172,0,172,MAB
query_cycle_6_116.graph,5,0.1,172,121981094.0,125415328.03690805,0.0281538222382892,172,0,172,MAB
query_cycle_6_116.graph,1,0.1,172,121981094.0,127706795.93923436,0.04693925715434526,172,0,172,8_POSSA
query_cycle_6_116.graph,2,0.1,172,121981094.0,135976555.82900324,0.11473468035139318,172,0,172,8_POSSA
query_cycle_6_116.graph,3,0.1,172,121981094.0,128257340.9784788,0.05145262083383843,172,0,172,8_POSSA
query_cycle_6_116.graph,4,0.1,172,121981094.0,128258303.92635429,0.051460515072559436,172,0,172,8_POSSA
query_cycle_6_116.graph,5,0.1,172,121981094.0,129200190.45838305,0.05918209307405501,172,0,172,8_POSSA
query_cycle_4_0.graph,1,0.1,502,2208587147.0,40820751.37606076,0.9815172557571435,502,0,502,UN
query_cycle_4_0.graph,2,0.1,502,2208587147.0,2835811893.3764944,0.283993659579372,502,0,502,UN
query_cycle_4_0.graph,3,0.1,502,2208587147.0,2668704946.354317,0.20833128544613286,502,0,502,UN
query_cycle_4_0.graph,4,0.1,502,2208587147.0,486803896.0300997,0.7795858331008844,502,0,502,UN
query_cycle_4_0.graph,5,0.1,502,2208587147.0,148041967.28808767,0.9329698320986889,502,0,502,UN
query_cycle_4_0.graph,1,0.1,502,2208587147.0,2057702903.9249117,0.06831708827067998,502,0,502,PO
query_cycle_4_0.graph,2,0.1,502,2208587147.0,2404012363.3507657,0.08848426769856851,502,0,502,PO
query_cycle_4_0.graph,3,0.1,502,2208587147.0,2562689446.376724,0.1603297836165139,502,0,502,PO
query_cycle_4_0.graph,4,0.1,502,2208587147.0,2477384140.455341,0.12170540511405994,502,0,502,PO
query_cycle_4_0.graph,5,0.1,502,2208587147.0,2578029014.1519804,0.16727520471800536,502,0,502,PO
query_cycle_4_0.graph,1,0.1,502,2208587147.0,2154120451.95665,0.024661329355888995,502,0,502,WO
query_cycle_4_0.graph,2,0.1,502,2208587147.0,2157778260.532972,0.023005153559841913,502,0,502,WO
query_cycle_4_0.graph,3,0.1,502,2208587147.0,2155123393.7230325,0.02420721923949851,502,0,502,WO
query_cycle_4_0.graph,4,0.1,502,2208587147.0,2161183276.7050123,0.02146343664064965,502,0,502,WO
query_cycle_4_0.graph,5,0.1,502,2208587147.0,2148419448.1016917,0.027242619327942814,502,0,502,WO
query_cycle_4_0.graph,1,0.1,502,2208587147.0,2122015159.412678,0.039197904282344355,502,0,502,MAB
query_cycle_4_0.graph,2,0.1,502,2208587147.0,2033814469.0522218,0.07913324959134077,502,0,502,MAB
query_cycle_4_0.graph,3,0.1,502,2208587147.0,2201918781.3551445,0.0030192902525550645,502,0,502,MAB
query_cycle_4_0.graph,4,0.1,502,2208587147.0,2249959076.5368943,0.018732305670206964,502,0,502,MAB
query_cycle_4_0.graph,5,0.1,502,2208587147.0,2020565122.640525,0.0851322641331458,502,0,502,MAB
query_cycle_4_0.graph,1,0.1,502,2208587147.0,2155543034.879811,0.02401721489334973,502,0,502,8_POSSA
query_cycle_4_0.graph,2,0.1,502,2208587147.0,2155994487.773428,0.02381280688788326,502,0,502,8_POSSA
query_cycle_4_0.graph,3,0.1,502,2208587147.0,2157426313.7455654,0.023164507374738692,502,0,502,8_POSSA
query_cycle_4_0.graph,4,0.1,502,2208587147.0,2153866399.216681,0.024776358885203183,502,0,502,8_POSSA
query_cycle_4_0.graph,5,0.1,502,2208587147.0,2156766720.640281,0.023463156719945723,502,0,502,8_POSSA
query_cycle_6_119.graph,1,0.1,561,2233979444.0,1624395332.962665,0.27286916747356377,561,0,561,UN
query_cycle_6_119.graph,2,0.1,561,2233979444.0,3786400661.069932,0.6949129371979718,561,0,561,UN
query_cycle_6_119.graph,3,0.1,561,2233979444.0,3281973430.6914945,0.4691153222139919,561,0,561,UN
query_cycle_6_119.graph,4,0.1,561,2233979444.0,562230536.5717549,0.748327793220395,561,0,561,UN
query_cycle_6_119.graph,5,0.1,561,2233979444.0,462912651.02202207,0.7927856264455305,561,0,561,UN
query_cycle_6_119.graph,1,0.1,561,2233979444.0,2624124848.795461,0.17464144795213307,561,0,561,PO
query_cycle_6_119.graph,2,0.1,561,2233979444.0,2296115957.2135715,0.027814272588969957,561,0,561,PO
query_cycle_6_119.graph,3,0.1,561,2233979444.0,2159372464.8710737,0.03339644835555894,561,0,561,PO
query_cycle_6_119.graph,4,0.1,561,2233979444.0,2549257107.859881,0.14112827434766714,561,0,561,PO
query_cycle_6_119.graph,5,0.1,561,2233979444.0,2495633989.927968,0.11712486729934657,561,0,561,PO
query_cycle_6_119.graph,1,0.1,561,2233979444.0,2314624594.2743354,0.03609932512625903,561,0,561,WO
query_cycle_6_119.graph,2,0.1,561,2233979444.0,2349328670.9774213,0.05163396972484465,561,0,561,WO
query_cycle_6_119.graph,3,0.1,561,2233979444.0,2294334530.5355697,0.027016849549654883,561,0,561,WO
query_cycle_6_119.graph,4,0.1,561,2233979444.0,2339246463.839098,0.04712085427725089,561,0,561,WO
query_cycle_6_119.graph,5,0.1,561,2233979444.0,2368698040.362302,0.06030431332934943,561,0,561,WO
query_cycle_6_119.graph,1,0.1,561,2233979444.0,2305729481.011825,0.03211759051970269,561,0,561,MAB
query_cycle_6_119.graph,2,0.1,561,2233979444.0,2310138752.536361,0.03409132019585459,561,0,561,MAB
query_cycle_6_119.graph,3,0.1,561,2233979444.0,2297638804.0950093,0.0284959471162481,561,0,561,MAB
query_cycle_6_119.graph,4,0.1,561,2233979444.0,2275359868.735702,0.01852318956955543,561,0,561,MAB
query_cycle_6_119.graph,5,0.1,561,2233979444.0,2341102299.554802,0.04795158516006558,561,0,561,MAB
query_cycle_6_119.graph,1,0.1,561,2233979444.0,2311417190.365256,0.034663589485228866,561,0,561,8_POSSA
query_cycle_6_119.graph,2,0.1,561,2233979444.0,2312986305.1045446,0.03536597497203499,561,0,561,8_POSSA
query_cycle_6_119.graph,3,0.1,561,2233979444.0,2309792795.0969524,0.03393645868164597,561,0,561,8_POSSA
query_cycle_6_119.graph,4,0.1,561,2233979444.0,2312444326.213197,0.03512336804348735,561,0,561,8_POSSA
query_cycle_6_119.graph,5,0.1,561,2233979444.0,2312481499.786895,0.035140008113205716,561,0,561,8_POSSA
query_cycle_6_127.graph,1,0.1,205,524186.0,206519.48331707314,0.6060186969566659,205,0,205,UN
query_cycle_6_127.graph,2,0.1,205,524186.0,399335.3505365854,0.23818005338451356,205,0,205,UN
query_cycle_6_127.graph,3,0.1,205,524186.0,295487.30503804877,0.4362930237777263,205,0,205,UN
query_cycle_6_127.graph,4,0.1,205,524186.0,107254.57473170731,0.7953883264114124,205,0,205,UN
query_cycle_6_127.graph,5,0.1,205,524186.0,19491.54393756097,0.9628155961098522,205,0,205,UN
query_cycle_6_127.graph,1,0.1,205,524186.0,504393.1458923799,0.03775921926114028,205,0,205,PO
query_cycle_6_127.graph,2,0.1,205,524186.0,505834.55749150255,0.03500940984401996,205,0,205,PO
query_cycle_6_127.graph,3,0.1,205,524186.0,504885.885248753,0.03681921064516601,205,0,205,PO
query_cycle_6_127.graph,4,0.1,205,524186.0,504608.5493359355,0.037348289851435366,205,0,205,PO
query_cycle_6_127.graph,5,0.1,205,524186.0,539654.1675802381,0.02950892923549671,205,0,205,PO
query_cycle_6_127.graph,1,0.1,205,524186.0,493925.4280966093,0.05772869153962657,205,0,205,WO
query_cycle_6_127.graph,2,0.1,205,524186.0,533167.8065840383,0.01713477007023901,205,0,205,WO
query_cycle_6_127.graph,3,0.1,205,524186.0,465871.3646991362,0.11124798316029773,205,0,205,WO
query_cycle_6_127.graph,4,0.1,205,524186.0,496145.6990070808,0.05349303680929897,205,0,205,WO
query_cycle_6_127.graph,5,0.1,205,524186.0,488730.0202340265,0.06764007387830565,205,0,205,WO
query_cycle_6_127.graph,1,0.1,205,524186.0,482983.9912713531,0.07860188698028353,205,0,205,MAB
query_cycle_6_127.graph,2,0.1,205,524186.0,472040.25701760827,0.09947946527070875,205,0,205,MAB
query_cycle_6_127.graph,3,0.1,205,524186.0,527644.0126634943,0.0065969191536865346,205,0,205,MAB
query_cycle_6_127.graph,4,0.1,205,524186.0,481951.90548839315,0.08057081744191345,205,0,205,MAB
query_cycle_6_127.graph,5,0.1,205,524186.0,483657.87259497825,0.0773163102506014,205,0,205,MAB
query_cycle_6_127.graph,1,0.1,205,524186.0,496865.75514677487,0.0521193714697171,205,0,205,8_POSSA
query_cycle_6_127.graph,2,0.1,205,524186.0,496074.3814842602,0.05362909065816294,205,0,205,8_POSSA
query_cycle_6_127.graph,3,0.1,205,524186.0,490821.75355555455,0.06364963284873204,205,0,205,8_POSSA
query_cycle_6_127.graph,4,0.1,205,524186.0,496802.2355010479,0.0522405491542164,205,0,205,8_POSSA
query_cycle_6_127.graph,5,0.1,205,524186.0,493728.8070621983,0.05810378937591181,205,0,205,8_POSSA
query_cycle_6_106.graph,1,0.1,327,414253631.0,744288477.2878817,0.7966975340474004,327,0,327,UN
query_cycle_6_106.graph,2,0.1,327,414253631.0,611360974.9067037,0.4758131954833818,327,0,327,UN
query_cycle_6_106.graph,3,0.1,327,414253631.0,148652093.82892108,0.6411568114199074,327,0,327,UN
query_cycle_6_106.graph,4,0.1,327,414253631.0,272746991.77068627,0.3415942037435364,327,0,327,UN
query_cycle_6_106.graph,5,0.1,327,414253631.0,11188098.724588994,0.9729921529050183,327,0,327,UN
query_cycle_6_106.graph,1,0.1,327,414253631.0,500762402.21998644,0.20883044769253076,327,0,327,PO
query_cycle_6_106.graph,2,0.1,327,414253631.0,320249022.66362834,0.22692524893371824,327,0,327,PO
query_cycle_6_106.graph,3,0.1,327,414253631.0,502303791.19925183,0.212551329934515,327,0,327,PO
query_cycle_6_106.graph,4,0.1,327,414253631.0,379174988.77933604,0.08467914242775573,327,0,327,PO
query_cycle_6_106.graph,5,0.1,327,414253631.0,465897690.6645005,0.12466772962214658,327,0,327,PO
query_cycle_6_106.graph,1,0.1,327,414253631.0,419209144.12397635,0.011962509808336115,327,0,327,WO
query_cycle_6_106.graph,2,0.1,327,414253631.0,417929191.1797133,0.008872728938647031,327,0,327,WO
query_cycle_6_106.graph,3,0.1,327,414253631.0,420060481.4203378,0.01401762105577729,327,0,327,WO
query_cycle_6_106.graph,4,0.1,327,414253631.0,425737437.11832947,0.027721678843484816,327,0,327,WO
query_cycle_6_106.graph,5,0.1,327,414253631.0,421160691.8938677,0.016673507187358053,327,0,327,WO
query_cycle_6_106.graph,1,0.1,327,414253631.0,373719358.7412983,0.09784892448824832,327,0,327,MAB
query_cycle_6_106.graph,2,0.1,327,414253631.0,405310778.0565438,0.021587868576717854,327,0,327,MAB
query_cycle_6_106.graph,3,0.1,327,414253631.0,413173636.3026621,0.0026070856512007867,327,0,327,MAB
query_cycle_6_106.graph,4,0.1,327,414253631.0,416774117.3737796,0.006084403817282642,327,0,327,MAB
query_cycle_6_106.graph,5,0.1,327,414253631.0,426882146.5823168,0.030484984650181172,327,0,327,MAB
query_cycle_6_106.graph,1,0.1,327,414253631.0,419348105.47137845,0.01229795972839269,327,0,327,8_POSSA
query_cycle_6_106.graph,2,0.1,327,414253631.0,419613165.228787,0.012937808694275525,327,0,327,8_POSSA
query_cycle_6_106.graph,3,0.1,327,414253631.0,420460643.4362823,0.01498360417819072,327,0,327,8_POSSA
query_cycle_6_106.graph,4,0.1,327,414253631.0,419838695.4972781,0.013482234262608297,327,0,327,8_POSSA
query_cycle_6_106.graph,5,0.1,327,414253631.0,419865064.14676535,0.01354588765636034,327,0,327,8_POSSA
query_cycle_4_7.graph,1,0.1,454,365070172.0,301793472.6944934,0.17332749744754986,454,0,454,UN
query_cycle_4_7.graph,2,0.1,454,365070172.0,1793497408.0261228,3.9127470431249662,454,0,454,UN
query_cycle_4_7.graph,3,0.1,454,365070172.0,419180806.04036546,0.14821981687500194,454,0,454,UN
query_cycle_4_7.graph,4,0.1,454,365070172.0,57841708.92786985,0.8415600249919354,454,0,454,UN
query_cycle_4_7.graph,5,0.1,454,365070172.0,78301827.37245639,0.7855156806060387,454,0,454,UN
query_cycle_4_7.graph,1,0.1,454,365070172.0,398966701.56904346,0.09284935381969102,454,0,454,PO
query_cycle_4_7.graph,2,0.1,454,365070172.0,362985939.97071373,0.005709127146345622,454,0,454,PO
query_cycle_4_7.graph,3,0.1,454,365070172.0,238594003.58978137,0.3464434459745964,454,0,454,PO
query_cycle_4_7.graph,4,0.1,454,365070172.0,300221727.6424612,0.177632820567819,454,0,454,PO
query_cycle_4_7.graph,5,0.1,454,365070172.0,436519245.68722326,0.19571326053782137,454,0,454,PO
query_cycle_4_7.graph,1,0.1,454,365070172.0,372044254.7329755,0.019103403312214405,454,0,454,WO
query_cycle_4_7.graph,2,0.1,454,365070172.0,372258731.12606186,0.019690896921761816,454,0,454,WO
query_cycle_4_7.graph,3,0.1,454,365070172.0,366267497.3039346,0.0032797127669323095,454,0,454,WO
query_cycle_4_7.graph,4,0.1,454,365070172.0,369423117.50800574,0.011923585770260458,454,0,454,WO
query_cycle_4_7.graph,5,0.1,454,365070172.0,371303284.0602215,0.017073736882073986,454,0,454,WO
query_cycle_4_7.graph,1,0.1,454,365070172.0,350326288.26366454,0.04038643764173496,454,0,454,MAB
query_cycle_4_7.graph,2,0.1,454,365070172.0,377680387.5785238,0.034541895081266226,454,0,454,MAB
query_cycle_4_7.graph,3,0.1,454,365070172.0,369569277.9582582,0.01232394838945706,454,0,454,MAB
query_cycle_4_7.graph,4,0.1,454,365070172.0,381175635.0580843,0.0441160749174663,454,0,454,MAB
query_cycle_4_7.graph,5,0.1,454,365070172.0,343663910.91769755,0.05863601774154929,454,0,454,MAB
query_cycle_4_7.graph,1,0.1,454,365070172.0,370355710.9113146,0.014478145071010093,454,0,454,8_POSSA
query_cycle_4_7.graph,2,0.1,454,365070172.0,370191317.1268109,0.014027837713377768,454,0,454,8_POSSA
query_cycle_4_7.graph,3,0.1,454,365070172.0,369802667.30652213,0.012963248354681059,454,0,454,8_POSSA
query_cycle_4_7.graph,4,0.1,454,365070172.0,370205593.108915,0.014066942475144124,454,0,454,8_POSSA
query_cycle_4_7.graph,5,0.1,454,365070172.0,369896916.04807645,0.013221414452004178,454,0,454,8_POSSA
query_cycle_6_123.graph,1,0.1,175,121981094.0,117798401.94668573,0.034289674868092826,175,0,175,UN
query_cycle_6_123.graph,2,0.1,175,121981094.0,60133857.76350571,0.5070231312771657,175,0,175,UN
query_cycle_6_123.graph,3,0.1,175,121981094.0,14564902.068872001,0.8805970532706322,175,0,175,UN
query_cycle_6_123.graph,4,0.1,175,121981094.0,40861067.671816,0.6650213050899839,175,0,175,UN
query_cycle_6_123.graph,5,0.1,175,121981094.0,87041279.67895658,0.28643630890081556,175,0,175,UN
query_cycle_6_123.graph,1,0.1,175,121981094.0,131245915.79878566,0.07595293249940566,175,0,175,PO
query_cycle_6_123.graph,2,0.1,175,121981094.0,130659502.58305869,0.07114552180568806,175,0,175,PO
query_cycle_6_123.graph,3,0.1,175,121981094.0,114261304.68913604,0.06328676893866812,175,0,175,PO
query_cycle_6_123.graph,4,0.1,175,121981094.0,130567982.86002006,0.0703952438729567,175,0,175,PO
query_cycle_6_123.graph,5,0.1,175,121981094.0,134865068.27295464,0.10562271455734479,175,0,175,PO
query_cycle_6_123.graph,1,0.1,175,121981094.0,120143928.84803289,0.015061064725055738,175,0,175,WO
query_cycle_6_123.graph,2,0.1,175,121981094.0,150437530.60832873,0.23328563202039104,175,0,175,WO
query_cycle_6_123.graph,3,0.1,175,121981094.0,155634619.77210858,0.27589132601244404,175,0,175,WO
query_cycle_6_123.graph,4,0.1,175,121981094.0,143407115.5063494,0.17565034714600455,175,0,175,WO
query_cycle_6_123.graph,5,0.1,175,121981094.0,148091526.01991025,0.21405310580269304,175,0,175,WO
query_cycle_6_123.graph,1,0.1,175,121981094.0,12542.240638514031,0.9998971788149522,175,0,175,MAB
query_cycle_6_123.graph,2,0.1,175,121981094.0,134624726.0939554,0.1036523913612006,175,0,175,MAB
query_cycle_6_123.graph,3,0.1,175,121981094.0,157990130.84840268,0.295201786339141,175,0,175,MAB
query_cycle_6_123.graph,4,0.1,175,121981094.0,111538686.07437636,0.08560677383024323,175,0,175,MAB
query_cycle_6_123.graph,5,0.1,175,121981094.0,122980906.77479184,0.00819645686069873,175,0,175,MAB
query_cycle_6_123.graph,1,0.1,175,121981094.0,135434695.8292414,0.11029251655376525,175,0,175,8_POSSA
query_cycle_6_123.graph,2,0.1,175,121981094.0,134892746.58775234,0.10584962115319561,175,0,175,8_POSSA
query_cycle_6_123.graph,3,0.1,175,121981094.0,136519224.11160985,0.11918347044509903,175,0,175,8_POSSA
query_cycle_6_123.graph,4,0.1,175,121981094.0,128315795.72974232,0.05193183240135819,175,0,175,8_POSSA
query_cycle_6_123.graph,5,0.1,175,121981094.0,135102432.5182322,0.10756862467746188,175,0,175,8_POSSA
query_cycle_6_126.graph,1,0.1,173,121981094.0,23373497.552931797,0.8083842603269995,173,0,173,UN
query_cycle_6_126.graph,2,0.1,173,121981094.0,97525989.09958842,0.20048274776426891,173,0,173,UN
query_cycle_6_126.graph,3,0.1,173,121981094.0,317503784.42352366,1.6028933993945296,173,0,173,UN
query_cycle_6_126.graph,4,0.1,173,121981094.0,406671439.8285758,2.33388910111411,173,0,173,UN
query_cycle_6_126.graph,5,0.1,173,121981094.0,101832163.91182429,0.16518076225956552,173,0,173,UN
query_cycle_6_126.graph,1,0.1,173,121981094.0,100500622.60938631,0.17609672684697916,173,0,173,PO
query_cycle_6_126.graph,2,0.1,173,121981094.0,126843723.07702577,0.03986379296635732,173,0,173,PO
query_cycle_6_126.graph,3,0.1,173,121981094.0,102696168.062337,0.15809766337776085,173,0,173,PO
query_cycle_6_126.graph,4,0.1,173,121981094.0,107479750.85222399,0.11888189121976564,173,0,173,PO
query_cycle_6_126.graph,5,0.1,173,121981094.0,106750855.75473888,0.1248573672020118,173,0,173,PO
query_cycle_6_126.graph,1,0.1,173,121981094.0,127727408.2784116,0.047108236940485194,173,0,173,WO
query_cycle_6_126.graph,2,0.1,173,121981094.0,147167249.39969012,0.2064758937125955,173,0,173,WO
query_cycle_6_126.graph,3,0.1,173,121981094.0,137881088.70011923,0.13034802508099516,173,0,173,WO
query_cycle_6_126.graph,4,0.1,173,121981094.0,159780035.70843518,0.30987541158169296,173,0,173,WO
query_cycle_6_126.graph,5,0.1,173,121981094.0,108525508.13547607,0.11030878165860632,173,0,173,WO
query_cycle_6_126.graph,1,0.1,173,121981094.0,118792865.43271703,0.026137071432421936,173,0,173,MAB
query_cycle_6_126.graph,2,0.1,173,121981094.0,138690451.0402582,0.1369831708531668,173,0,173,MAB
query_cycle_6_126.graph,3,0.1,173,121981094.0,105825818.39953472,0.1324408157912183,173,0,173,MAB
query_cycle_6_126.graph,4,0.1,173,121981094.0,118533176.21606414,0.02826600148327789,173,0,173,MAB
query_cycle_6_126.graph,5,0.1,173,121981094.0,110075295.07654482,0.09760364113028187,173,0,173,MAB
query_cycle_6_126.graph,1,0.1,173,121981094.0,115789531.17595229,0.05075838083603115,173,0,173,8_POSSA
query_cycle_6_126.graph,2,0.1,173,121981094.0,113927488.3912572,0.06602339218848786,173,0,173,8_POSSA
query_cycle_6_126.graph,3,0.1,173,121981094.0,122251920.6325089,0.0022202344939528393,173,0,173,8_POSSA
query_cycle_6_126.graph,4,0.1,173,121981094.0,113879675.21224815,0.06641536423465634,173,0,173,8_POSSA
query_cycle_6_126.graph,5,0.1,173,121981094.0,122629882.18875608,0.005318760206856962,173,0,173,8_POSSA
query_cycle_4_1.graph,1,0.1,504,2208587147.0,2783318600.679,0.26022584368458246,504,0,504,UN
query_cycle_4_1.graph,2,0.1,504,2208587147.0,3875879778.2569995,0.7549136711774043,504,0,504,UN
query_cycle_4_1.graph,3,0.1,504,2208587147.0,74658787.56600001,0.9661961323702297,504,0,504,UN
query_cycle_4_1.graph,4,0.1,504,2208587147.0,528473495.046,0.7607187491950029,504,0,504,UN
query_cycle_4_1.graph,5,0.1,504,2208587147.0,1335066955.247,0.3955108554079619,504,0,504,UN
query_cycle_4_1.graph,1,0.1,504,2208587147.0,2549538605.8936076,0.15437537040670263,504,0,504,PO
query_cycle_4_1.graph,2,0.1,504,2208587147.0,2535172521.310589,0.1478707212229325,504,0,504,PO
query_cycle_4_1.graph,3,0.1,504,2208587147.0,2702551664.7004952,0.22365633992367667,504,0,504,PO
query_cycle_4_1.graph,4,0.1,504,2208587147.0,2371541051.9889894,0.07378196744934211,504,0,504,PO
query_cycle_4_1.graph,5,0.1,504,2208587147.0,1492534054.084333,0.324213193891084,504,0,504,PO
query_cycle_4_1.graph,1,0.1,504,2208587147.0,2224067048.7649117,0.007008961265548673,504,0,504,WO
query_cycle_4_1.graph,2,0.1,504,2208587147.0,2214779462.8784766,0.0028037453205719573,504,0,504,WO
query_cycle_4_1.graph,3,0.1,504,2208587147.0,2221337229.933538,0.00577295894837423,504,0,504,WO
query_cycle_4_1.graph,4,0.1,504,2208587147.0,2231082469.473113,0.010185390467235685,504,0,504,WO
query_cycle_4_1.graph,5,0.1,504,2208587147.0,2239562366.157718,0.014024902390559,504,0,504,WO
query_cycle_4_1.graph,1,0.1,504,2208587147.0,2150499523.0340767,0.026300806850581254,504,0,504,MAB
query_cycle_4_1.graph,2,0.1,504,2208587147.0,2136251565.3435318,0.03275197075864725,504,0,504,MAB
query_cycle_4_1.graph,3,0.1,504,2208587147.0,2296785537.3260617,0.039934303903680975,504,0,504,MAB
query_cycle_4_1.graph,4,0.1,504,2208587147.0,2397606459.189607,0.08558381427074706,504,0,504,MAB
query_cycle_4_1.graph,5,0.1,504,2208587147.0,2124371313.5398772,0.03813108917821789,504,0,504,MAB
query_cycle_4_1.graph,1,0.1,504,2208587147.0,2239390896.206864,0.013947264543627212,504,0,504,8_POSSA
query_cycle_4_1.graph,2,0.1,504,2208587147.0,2241235972.151755,0.014782674614448826,504,0,504,8_POSSA
query_cycle_4_1.graph,3,0.1,504,2208587147.0,2237980871.363279,0.01330883610511153,504,0,504,8_POSSA
query_cycle_4_1.graph,4,0.1,504,2208587147.0,2238069366.500073,0.013348904769331683,504,0,504,8_POSSA
query_cycle_4_1.graph,5,0.1,504,2208587147.0,2239044418.153107,0.013790386851828929,504,0,504,8_POSSA
query_cycle_6_109.graph,1,0.1,325,414253631.0,118706425.60178766,0.713445057040942,325,0,325,UN
query_cycle_6_109.graph,2,0.1,325,414253631.0,312479435.4828462,0.2456808773684685,325,0,325,UN
query_cycle_6_109.graph,3,0.1,325,414253631.0,175903856.93140617,0.5753715990206827,325,0,325,UN
query_cycle_6_109.graph,4,0.1,325,414253631.0,600801772.3383094,0.45032349116164877,325,0,325,UN
query_cycle_6_109.graph,5,0.1,325,414253631.0,286225689.0433015,0.3090568974558933,325,0,325,UN
query_cycle_6_109.graph,1,0.1,325,414253631.0,248197607.3974452,0.40085592780852364,325,0,325,PO
query_cycle_6_109.graph,2,0.1,325,414253631.0,408583855.1051255,0.013686725886234931,325,0,325,PO
query_cycle_6_109.graph,3,0.1,325,414253631.0,504336408.2946473,0.2174580270477998,325,0,325,PO
query_cycle_6_109.graph,4,0.1,325,414253631.0,214116221.73658526,0.48312771279828504,325,0,325,PO
query_cycle_6_109.graph,5,0.1,325,414253631.0,289286018.9247218,0.3016693221821832,325,0,325,PO
query_cycle_6_109.graph,1,0.1,325,414253631.0,412596882.0760112,0.00399935884687229,325,0,325,WO
query_cycle_6_109.graph,2,0.1,325,414253631.0,418338923.4908667,0.009861814562747238,325,0,325,WO
query_cycle_6_109.graph,3,0.1,325,414253631.0,412467680.2044956,0.004311249586860933,325,0,325,WO
query_cycle_6_109.graph,4,0.1,325,414253631.0,420152203.87029624,0.014239037219920566,325,0,325,WO
query_cycle_6_109.graph,5,0.1,325,414253631.0,420949579.52171856,0.01616388613312737,325,0,325,WO
query_cycle_6_109.graph,1,0.1,325,414253631.0,439303950.6635397,0.060470971861052214,325,0,325,MAB
query_cycle_6_109.graph,2,0.1,325,414253631.0,425346656.6112077,0.026778342496188583,325,0,325,MAB
query_cycle_6_109.graph,3,0.1,325,414253631.0,425323535.94314075,0.026722529664781006,325,0,325,MAB
query_cycle_6_109.graph,4,0.1,325,414253631.0,372787924.11599624,0.10009738908964146,325,0,325,MAB
query_cycle_6_109.graph,5,0.1,325,414253631.0,12828.788247490505,0.999969031561132,325,0,325,MAB
query_cycle_6_109.graph,1,0.1,325,414253631.0,419294553.4037288,0.012168686105563148,325,0,325,8_POSSA
query_cycle_6_109.graph,2,0.1,325,414253631.0,419654635.7839726,0.013037917787068524,325,0,325,8_POSSA
query_cycle_6_109.graph,3,0.1,325,414253631.0,420155195.30141246,0.014246258474949767,325,0,325,8_POSSA
query_cycle_6_109.graph,4,0.1,325,414253631.0,418797762.8260218,0.010969443562998704,325,0,325,8_POSSA
query_cycle_6_109.graph,5,0.1,325,414253631.0,419402974.50006366,0.012430412468885897,325,0,325,8_POSSA
query_cycle_6_128.graph,1,0.1,375,11490080461.0,6117767201.6030655,0.46756097815257364,375,0,375,UN
query_cycle_6_128.graph,2,0.1,375,11490080461.0,1394948942.8285825,0.8785953721069785,375,0,375,UN
query_cycle_6_128.graph,3,0.1,375,11490080461.0,2075835707.7403178,0.8193367126726234,375,0,375,UN
query_cycle_6_128.graph,4,0.1,375,11490080461.0,15377518507.250954,0.3383299237499529,375,0,375,UN
query_cycle_6_128.graph,5,0.1,375,11490080461.0,6601545136.995998,0.4254570140389204,375,0,375,UN
query_cycle_6_128.graph,1,0.1,375,11490080461.0,10898380956.4055,0.051496550141912845,375,0,375,PO
query_cycle_6_128.graph,2,0.1,375,11490080461.0,10217167801.730925,0.11078361579709006,375,0,375,PO
query_cycle_6_128.graph,3,0.1,375,11490080461.0,10554281670.485155,0.08144405895947929,375,0,375,PO
query_cycle_6_128.graph,4,0.1,375,11490080461.0,6420990251.564006,0.4411709932442739,375,0,375,PO
query_cycle_6_128.graph,5,0.1,375,11490080461.0,9598077734.86205,0.1646640101920824,375,0,375,PO
query_cycle_6_128.graph,1,0.1,375,11490080461.0,10532798555.01702,0.08331376870964635,375,0,375,WO
query_cycle_6_128.graph,2,0.1,375,11490080461.0,10723108515.057072,0.06675078982659949,375,0,375,WO
query_cycle_6_128.graph,3,0.1,375,11490080461.0,10485544283.431997,0.08742638321616908,375,0,375,WO
query_cycle_6_128.graph,4,0.1,375,11490080461.0,10395097660.110083,0.09529809687639204,375,0,375,WO
query_cycle_6_128.graph,5,0.1,375,11490080461.0,10850724756.887182,0.055644145076524,375,0,375,WO
query_cycle_6_128.graph,1,0.1,375,11490080461.0,10756939544.451723,0.06380642146386419,375,0,375,MAB
query_cycle_6_128.graph,2,0.1,375,11490080461.0,10840659108.191845,0.056520174511609546,375,0,375,MAB
query_cycle_6_128.graph,3,0.1,375,11490080461.0,10513757006.789577,0.0849709849747607,375,0,375,MAB
query_cycle_6_128.graph,4,0.1,375,11490080461.0,11147465815.64523,0.029818298184915614,375,0,375,MAB
query_cycle_6_128.graph,5,0.1,375,11490080461.0,10728816621.620275,0.06625400422247961,375,0,375,MAB
query_cycle_6_128.graph,1,0.1,375,11490080461.0,10677168797.752426,0.07074899658072759,375,0,375,8_POSSA
query_cycle_6_128.graph,2,0.1,375,11490080461.0,10696614177.888968,0.06905663418147864,375,0,375,8_POSSA
query_cycle_6_128.graph,3,0.1,375,11490080461.0,10676271475.943329,0.07082709192672129,375,0,375,8_POSSA
query_cycle_6_128.graph,4,0.1,375,11490080461.0,10675474896.989443,0.07089641946159712,375,0,375,8_POSSA
query_cycle_6_128.graph,5,0.1,375,11490080461.0,10679564794.135857,0.07054046919995223,375,0,375,8_POSSA
query_cycle_6_120.graph,1,0.1,424,892948308.0,1475677889.906513,0.6525904990084969,424,0,424,UN
query_cycle_6_120.graph,2,0.1,424,892948308.0,612071972.3385454,0.31454937888907963,424,0,424,UN
query_cycle_6_120.graph,3,0.1,424,892948308.0,588554104.094482,0.34088670215109257,424,0,424,UN
query_cycle_6_120.graph,4,0.1,424,892948308.0,335984913.2657642,0.6237353156328908,424,0,424,UN
query_cycle_6_120.graph,5,0.1,424,892948308.0,1001160131.8082329,0.12118486908900991,424,0,424,UN
query_cycle_6_120.graph,1,0.1,424,892948308.0,909260599.8689243,0.01826790164982793,424,0,424,PO
query_cycle_6_120.graph,2,0.1,424,892948308.0,933284135.9380969,0.04517151505493068,424,0,424,PO
query_cycle_6_120.graph,3,0.1,424,892948308.0,974881036.5314964,0.09175528728533791,424,0,424,PO
query_cycle_6_120.graph,4,0.1,424,892948308.0,928706600.9406809,0.04004519928009188,424,0,424,PO
query_cycle_6_120.graph,5,0.1,424,892948308.0,864437698.8257244,0.03192862220449567,424,0,424,PO
query_cycle_6_120.graph,1,0.1,424,892948308.0,901678047.0426666,0.009776309518094248,424,0,424,WO
query_cycle_6_120.graph,2,0.1,424,892948308.0,897885076.8716537,0.005528616637071534,424,0,424,WO
query_cycle_6_120.graph,3,0.1,424,892948308.0,881518226.6065711,0.01280038417792592,424,0,424,WO
query_cycle_6_120.graph,4,0.1,424,892948308.0,884031236.9426385,0.009986099953908511,424,0,424,WO
query_cycle_6_120.graph,5,0.1,424,892948308.0,897102388.9155343,0.004652095623360829,424,0,424,WO
query_cycle_6_120.graph,1,0.1,424,892948308.0,891341349.0747482,0.0017996102471497617,424,0,424,MAB
query_cycle_6_120.graph,2,0.1,424,892948308.0,863551198.5516399,0.032921401143816365,424,0,424,MAB
query_cycle_6_120.graph,3,0.1,424,892948308.0,896012270.9243579,0.0034312881237442147,424,0,424,MAB
query_cycle_6_120.graph,4,0.1,424,892948308.0,876949157.4204443,0.01791721921215147,424,0,424,MAB
query_cycle_6_120.graph,5,0.1,424,892948308.0,891142777.6899668,0.002021987492285166,424,0,424,MAB
query_cycle_6_120.graph,1,0.1,424,892948308.0,893504618.5791559,0.000623004236831951,424,0,424,8_POSSA
query_cycle_6_120.graph,2,0.1,424,892948308.0,893251056.9704154,0.00033904422876777966,424,0,424,8_POSSA
query_cycle_6_120.graph,3,0.1,424,892948308.0,893792311.9942809,0.0009451879652152657,424,0,424,8_POSSA
query_cycle_6_120.graph,4,0.1,424,892948308.0,893913718.9352076,0.0010811498566696488,424,0,424,8_POSSA
query_cycle_6_120.graph,5,0.1,424,892948308.0,892411024.4438424,0.000601696146735505,424,0,424,8_POSSA
query_cycle_4_6.graph,1,0.1,689,3422458.0,2580347.2043259796,0.2460543842098341,689,0,689,UN
query_cycle_4_6.graph,2,0.1,689,3422458.0,1450633.4398162556,0.5761428073576781,689,0,689,UN
query_cycle_4_6.graph,3,0.1,689,3422458.0,4490773.300591,0.3121485495485994,689,0,689,UN
query_cycle_4_6.graph,4,0.1,689,3422458.0,11295497.68456807,2.300405055246279,689,0,689,UN
query_cycle_4_6.graph,5,0.1,689,3422458.0,437899.93997329456,0.8720510405172848,689,0,689,UN
query_cycle_4_6.graph,1,0.1,689,3422458.0,3628528.5413652766,0.06021126960952525,689,0,689,PO
query_cycle_4_6.graph,2,0.1,689,3422458.0,3015059.0448716707,0.11903694804387062,689,0,689,PO
query_cycle_4_6.graph,3,0.1,689,3422458.0,3558199.587379344,0.03966201700045517,689,0,689,PO
query_cycle_4_6.graph,4,0.1,689,3422458.0,3948419.3189308457,0.15367940787902895,689,0,689,PO
query_cycle_4_6.graph,5,0.1,689,3422458.0,4071467.9547156966,0.18963270103408036,689,0,689,PO
query_cycle_4_6.graph,1,0.1,689,3422458.0,3599487.423995784,0.0517258134346087,689,0,689,WO
query_cycle_4_6.graph,2,0.1,689,3422458.0,3583057.881570205,0.04692530385185299,689,0,689,WO
query_cycle_4_6.graph,3,0.1,689,3422458.0,3620322.0711591276,0.057813440269866755,689,0,689,WO
query_cycle_4_6.graph,4,0.1,689,3422458.0,3631577.236195906,0.06110206062306858,689,0,689,WO
query_cycle_4_6.graph,5,0.1,689,3422458.0,3661706.084123043,0.06990533824609181,689,0,689,WO
query_cycle_4_6.graph,1,0.1,689,3422458.0,3546287.133365051,0.03618134491790721,689,0,689,MAB
query_cycle_4_6.graph,2,0.1,689,3422458.0,3753689.7687461465,0.09678183596296769,689,0,689,MAB
query_cycle_4_6.graph,3,0.1,689,3422458.0,3649401.1797228996,0.06630999700300182,689,0,689,MAB
query_cycle_4_6.graph,4,0.1,689,3422458.0,3775377.825218805,0.10311881846871608,689,0,689,MAB
query_cycle_4_6.graph,5,0.1,689,3422458.0,3592525.3962689256,0.0496915948329901,689,0,689,MAB
query_cycle_4_6.graph,1,0.1,689,3422458.0,3690333.2804838615,0.07826985180939006,689,0,689,8_POSSA
query_cycle_4_6.graph,2,0.1,689,3422458.0,3668388.8678293503,0.07185796519032528,689,0,689,8_POSSA
query_cycle_4_6.graph,3,0.1,689,3422458.0,3703460.11947029,0.08210535219724827,689,0,689,8_POSSA
query_cycle_4_6.graph,4,0.1,689,3422458.0,3667870.7215521247,0.07170656924120755,689,0,689,8_POSSA
query_cycle_4_6.graph,5,0.1,689,3422458.0,3660691.090837513,0.06960876973143662,689,0,689,8_POSSA
query_cycle_6_122.graph,1,0.1,275,2810441602.0,3431742565.340789,0.22106880388429037,275,0,275,UN
query_cycle_6_122.graph,2,0.1,275,2810441602.0,337608861.8729891,0.8798733759019451,275,0,275,UN
query_cycle_6_122.graph,3,0.1,275,2810441602.0,1368844257.9164858,0.5129433549011043,275,0,275,UN
query_cycle_6_122.graph,4,0.1,275,2810441602.0,516361574.7086662,0.8162703062959191,275,0,275,UN
query_cycle_6_122.graph,5,0.1,275,2810441602.0,351126896.83870256,0.8750634432009441,275,0,275,UN
query_cycle_6_122.graph,1,0.1,275,2810441602.0,2700043221.7462726,0.039281506570058036,275,0,275,PO
query_cycle_6_122.graph,2,0.1,275,2810441602.0,2444726888.6225867,0.13012713486633523,275,0,275,PO
query_cycle_6_122.graph,3,0.1,275,2810441602.0,2923828819.3614564,0.040344982539671496,275,0,275,PO
query_cycle_6_122.graph,4,0.1,275,2810441602.0,2382968862.6129103,0.15210162669200686,275,0,275,PO
query_cycle_6_122.graph,5,0.1,275,2810441602.0,2415979220.7792735,0.1403560141367159,275,0,275,PO
query_cycle_6_122.graph,1,0.1,275,2810441602.0,2449875073.555638,0.12829532845933234,275,0,275,WO
query_cycle_6_122.graph,2,0.1,275,2810441602.0,2441095383.829951,0.1314192822605567,275,0,275,WO
query_cycle_6_122.graph,3,0.1,275,2810441602.0,2435884313.4435005,0.13327346431605358,275,0,275,WO
query_cycle_6_122.graph,4,0.1,275,2810441602.0,2589887391.5370398,0.0784767099611701,275,0,275,WO
query_cycle_6_122.graph,5,0.1,275,2810441602.0,2509325385.5003133,0.10714195814828631,275,0,275,WO
query_cycle_6_122.graph,1,0.1,275,2810441602.0,2153217174.3547864,0.23385094612089136,275,0,275,MAB
query_cycle_6_122.graph,2,0.1,275,2810441602.0,2679811198.612281,0.046480383472390384,275,0,275,MAB
query_cycle_6_122.graph,3,0.1,275,2810441602.0,2478851482.377368,0.11798505949622362,275,0,275,MAB
query_cycle_6_122.graph,4,0.1,275,2810441602.0,2764302095.7408195,0.01641717309704859,275,0,275,MAB
query_cycle_6_122.graph,5,0.1,275,2810441602.0,2536625948.7260895,0.09742798180864337,275,0,275,MAB
query_cycle_6_122.graph,1,0.1,275,2810441602.0,2559528590.363686,0.08927885619745886,275,0,275,8_POSSA
query_cycle_6_122.graph,2,0.1,275,2810441602.0,2569064472.3964977,0.08588583709824485,275,0,275,8_POSSA
query_cycle_6_122.graph,3,0.1,275,2810441602.0,2552299198.9581337,0.09185118910073205,275,0,275,8_POSSA
query_cycle_6_122.graph,4,0.1,275,2810441602.0,2594622519.9095135,0.07679187567423666,275,0,275,8_POSSA
query_cycle_6_122.graph,5,0.1,275,2810441602.0,2552649263.8331857,0.0917266304282434,275,0,275,8_POSSA
query_cycle_4_11.graph,1,0.1,902,7830150.0,5295348.511269179,0.32372323502497663,902,0,902,UN
query_cycle_4_11.graph,2,0.1,902,7830150.0,9850276.810950775,0.2579933731730267,902,0,902,UN
query_cycle_4_11.graph,3,0.1,902,7830150.0,13431775.276763197,0.7153918222209277,902,0,902,UN
query_cycle_4_11.graph,4,0.1,902,7830150.0,4760042.933873392,0.3920878994816968,902,0,902,UN
query_cycle_4_11.graph,5,0.1,902,7830150.0,5930467.023943237,0.24261131345590609,902,0,902,UN
query_cycle_4_11.graph,1,0.1,902,7830150.0,8085159.3182363445,0.03256761597623858,902,0,902,PO
query_cycle_4_11.graph,2,0.1,902,7830150.0,7126152.888700489,0.08990850894293353,902,0,902,PO
query_cycle_4_11.graph,3,0.1,902,7830150.0,7444199.033045633,0.04929036697309339,902,0,902,PO
query_cycle_4_11.graph,4,0.1,902,7830150.0,8296523.360494668,0.059561229413825745,902,0,902,PO
query_cycle_4_11.graph,5,0.1,902,7830150.0,7580676.885962245,0.03186057917635741,902,0,902,PO
query_cycle_4_11.graph,1,0.1,902,7830150.0,7846294.462975566,0.0020618331673807368,902,0,902,WO
query_cycle_4_11.graph,2,0.1,902,7830150.0,8513657.461231988,0.08729174552620166,902,0,902,WO
query_cycle_4_11.graph,3,0.1,902,7830150.0,7965596.238841046,0.017298038842301317,902,0,902,WO
query_cycle_4_11.graph,4,0.1,902,7830150.0,7916304.334855077,0.011002897116284728,902,0,902,WO
query_cycle_4_11.graph,5,0.1,902,7830150.0,8248106.975953049,0.05337790156677063,902,0,902,WO
query_cycle_4_11.graph,1,0.1,902,7830150.0,7874439.453862031,0.005656271445889413,902,0,902,MAB
query_cycle_4_11.graph,2,0.1,902,7830150.0,8251523.853277994,0.05381427600722775,902,0,902,MAB
query_cycle_4_11.graph,3,0.1,902,7830150.0,8398654.956106301,0.07260460605560576,902,0,902,MAB
query_cycle_4_11.graph,4,0.1,902,7830150.0,8339710.620788909,0.0650767380942777,902,0,902,MAB
query_cycle_4_11.graph,5,0.1,902,7830150.0,7437802.83729404,0.05010723456204029,902,0,902,MAB
query_cycle_4_11.graph,1,0.1,902,7830150.0,8149982.422684594,0.04084627020996968,902,0,902,8_POSSA
query_cycle_4_11.graph,2,0.1,902,7830150.0,8168870.68395188,0.04325851790219598,902,0,902,8_POSSA
query_cycle_4_11.graph,3,0.1,902,7830150.0,8098602.283025022,0.03428443682752204,902,0,902,8_POSSA
query_cycle_4_11.graph,4,0.1,902,7830150.0,8080009.010190489,0.031909862542925584,902,0,902,8_POSSA
query_cycle_4_11.graph,5,0.1,902,7830150.0,8058411.048061595,0.029151554958921005,902,0,902,8_POSSA
query_cycle_6_138.graph,1,0.1,325,414253631.0,288434900.3912969,0.30372390534026017,325,0,325,UN
query_cycle_6_138.graph,2,0.1,325,414253631.0,19672337.694401536,0.9525113693103596,325,0,325,UN
query_cycle_6_138.graph,3,0.1,325,414253631.0,52200353.76862675,0.8739893875097338,325,0,325,UN
query_cycle_6_138.graph,4,0.1,325,414253631.0,96402179.08659756,0.7672870631118317,325,0,325,UN
query_cycle_6_138.graph,5,0.1,325,414253631.0,203654501.09577695,0.5083820976917957,325,0,325,UN
query_cycle_6_138.graph,1,0.1,325,414253631.0,457793702.2045187,0.10510486317141943,325,0,325,PO
query_cycle_6_138.graph,2,0.1,325,414253631.0,443078410.7083117,0.06958244310068987,325,0,325,PO
query_cycle_6_138.graph,3,0.1,325,414253631.0,375159913.26639783,0.09437145460676039,325,0,325,PO
query_cycle_6_138.graph,4,0.1,325,414253631.0,422673775.3666563,0.020326060501461973,325,0,325,PO
query_cycle_6_138.graph,5,0.1,325,414253631.0,257819536.86825615,0.3776287820437809,325,0,325,PO
query_cycle_6_138.graph,1,0.1,325,414253631.0,423343961.3722667,0.021943876147380612,325,0,325,WO
query_cycle_6_138.graph,2,0.1,325,414253631.0,425879890.31687057,0.02806555802252116,325,0,325,WO
query_cycle_6_138.graph,3,0.1,325,414253631.0,422738820.7339397,0.02048307872029179,325,0,325,WO
query_cycle_6_138.graph,4,0.1,325,414253631.0,425728058.51179844,0.027699039074441913,325,0,325,WO
query_cycle_6_138.graph,5,0.1,325,414253631.0,426866873.54009926,0.030448115830997418,325,0,325,WO
query_cycle_6_138.graph,1,0.1,325,414253631.0,432554205.98226774,0.04417722287210981,325,0,325,MAB
query_cycle_6_138.graph,2,0.1,325,414253631.0,390706515.02622986,0.056842268146033804,325,0,325,MAB
query_cycle_6_138.graph,3,0.1,325,414253631.0,430034442.85781026,0.038094564964260405,325,0,325,MAB
query_cycle_6_138.graph,4,0.1,325,414253631.0,397724991.5826992,0.03989980577213292,325,0,325,MAB
query_cycle_6_138.graph,5,0.1,325,414253631.0,430912874.73879385,0.040215081998385305,325,0,325,MAB
query_cycle_6_138.graph,1,0.1,325,414253631.0,425265382.63187665,0.026582148731670738,325,0,325,8_POSSA
query_cycle_6_138.graph,2,0.1,325,414253631.0,425289059.73355514,0.026639304782714476,325,0,325,8_POSSA
query_cycle_6_138.graph,3,0.1,325,414253631.0,425599841.41770756,0.02738952556750809,325,0,325,8_POSSA
query_cycle_6_138.graph,4,0.1,325,414253631.0,425309338.09118414,0.026688256333434864,325,0,325,8_POSSA
query_cycle_6_138.graph,5,0.1,325,414253631.0,425195047.5273395,0.026412361192651848,325,0,325,8_POSSA
query_cycle_6_129.graph,1,0.1,284,2175463698.0,4991303573.566692,1.2943630721833779,284,0,284,UN
query_cycle_6_129.graph,2,0.1,284,2175463698.0,350237528.6066704,0.8390055743386299,284,0,284,UN
query_cycle_6_129.graph,3,0.1,284,2175463698.0,5944735481.367751,1.7326291341165607,284,0,284,UN
query_cycle_6_129.graph,4,0.1,284,2175463698.0,766376710.928806,0.6477179961065911,284,0,284,UN
query_cycle_6_129.graph,5,0.1,284,2175463698.0,65409797.13234577,0.9699329401853592,284,0,284,UN
query_cycle_6_129.graph,1,0.1,284,2175463698.0,2104405236.0738325,0.03266359350951003,284,0,284,PO
query_cycle_6_129.graph,2,0.1,284,2175463698.0,2310587852.0244637,0.06211280571985148,284,0,284,PO
query_cycle_6_129.graph,3,0.1,284,2175463698.0,2044257885.628307,0.060311653323526476,284,0,284,PO
query_cycle_6_129.graph,4,0.1,284,2175463698.0,2370698138.8918386,0.08974382844049579,284,0,284,PO
query_cycle_6_129.graph,5,0.1,284,2175463698.0,2466833372.615526,0.133934514689165,284,0,284,PO
query_cycle_6_129.graph,1,0.1,284,2175463698.0,2165559774.8966837,0.00455255728349842,284,0,284,WO
query_cycle_6_129.graph,2,0.1,284,2175463698.0,2229481183.9375186,0.02483033202860579,284,0,284,WO
query_cycle_6_129.graph,3,0.1,284,2175463698.0,2181225412.5790033,0.0026484995287672846,284,0,284,WO
query_cycle_6_129.graph,4,0.1,284,2175463698.0,2339476291.095719,0.07539201561786707,284,0,284,WO
query_cycle_6_129.graph,5,0.1,284,2175463698.0,2211952845.776722,0.016773043747072426,284,0,284,WO
query_cycle_6_129.graph,1,0.1,284,2175463698.0,2279540319.2785926,0.04784112066511376,284,0,284,MAB
query_cycle_6_129.graph,2,0.1,284,2175463698.0,2411649995.740337,0.10856825510693348,284,0,284,MAB
query_cycle_6_129.graph,3,0.1,284,2175463698.0,2100891181.4649658,0.03427890642514145,284,0,284,MAB
query_cycle_6_129.graph,4,0.1,284,2175463698.0,2244136713.6304946,0.03156707036464398,284,0,284,MAB
query_cycle_6_129.graph,5,0.1,284,2175463698.0,1967049641.0787826,0.09580213042066467,284,0,284,MAB
query_cycle_6_129.graph,1,0.1,284,2175463698.0,2259057000.1325016,0.03842551002315167,284,0,284,8_POSSA
query_cycle_6_129.graph,2,0.1,284,2175463698.0,2257825700.4976177,0.03785951591531348,284,0,284,8_POSSA
query_cycle_6_129.graph,3,0.1,284,2175463698.0,2244917539.7031603,0.03192599433721292,284,0,284,8_POSSA
query_cycle_6_129.graph,4,0.1,284,2175463698.0,2265301905.003357,0.041296118655507405,284,0,284,8_POSSA
query_cycle_6_129.graph,5,0.1,284,2175463698.0,2239266035.408328,0.029328155402907605,284,0,284,8_POSSA
query_cycle_6_113.graph,1,0.1,351,1511910230.0,178513988.25381538,0.8819281828301304,351,0,351,UN
query_cycle_6_113.graph,2,0.1,351,1511910230.0,286770797.4474353,0.8103255128795342,351,0,351,UN
query_cycle_6_113.graph,3,0.1,351,1511910230.0,526654954.4883065,0.6516625497743298,351,0,351,UN
query_cycle_6_113.graph,4,0.1,351,1511910230.0,4438238050.739815,1.935516912759969,351,0,351,UN
query_cycle_6_113.graph,5,0.1,351,1511910230.0,39646791.520256415,0.973777020134154,351,0,351,UN
query_cycle_6_113.graph,1,0.1,351,1511910230.0,1604756147.8654823,0.061409676330771525,351,0,351,PO
query_cycle_6_113.graph,2,0.1,351,1511910230.0,1486077816.610554,0.017085943911792977,351,0,351,PO
query_cycle_6_113.graph,3,0.1,351,1511910230.0,1485130249.9540973,0.01771267864620688,351,0,351,PO
query_cycle_6_113.graph,4,0.1,351,1511910230.0,1471461741.0012665,0.026753234548015144,351,0,351,PO
query_cycle_6_113.graph,5,0.1,351,1511910230.0,2005353735.948717,0.3263709022914126,351,0,351,PO
query_cycle_6_113.graph,1,0.1,351,1511910230.0,1486062122.3669472,0.01709632431884056,351,0,351,WO
query_cycle_6_113.graph,2,0.1,351,1511910230.0,1535523994.2409403,0.015618496238986578,351,0,351,WO
query_cycle_6_113.graph,3,0.1,351,1511910230.0,1501004771.795212,0.007213032882771068,351,0,351,WO
query_cycle_6_113.graph,4,0.1,351,1511910230.0,1472174197.7266371,0.026282005032377403,351,0,351,WO
query_cycle_6_113.graph,5,0.1,351,1511910230.0,1500931451.6505556,0.007261527921167905,351,0,351,WO
query_cycle_6_113.graph,1,0.1,351,1511910230.0,1530229124.2515047,0.012116390171858721,351,0,351,MAB
query_cycle_6_113.graph,2,0.1,351,1511910230.0,1553828018.8638718,0.027725051416493035,351,0,351,MAB
query_cycle_6_113.graph,3,0.1,351,1511910230.0,1541715984.3990195,0.01971397098028729,351,0,351,MAB
query_cycle_6_113.graph,4,0.1,351,1511910230.0,1440468822.590679,0.047252413530743206,351,0,351,MAB
query_cycle_6_113.graph,5,0.1,351,1511910230.0,1618007682.3138566,0.07017443906961103,351,0,351,MAB
query_cycle_6_113.graph,1,0.1,351,1511910230.0,1524751130.3053226,0.008493163185569984,351,0,351,8_POSSA
query_cycle_6_113.graph,2,0.1,351,1511910230.0,1524672271.5340889,0.0084410048168593,351,0,351,8_POSSA
query_cycle_6_113.graph,3,0.1,351,1511910230.0,1525417919.668674,0.00893418762612248,351,0,351,8_POSSA
query_cycle_6_113.graph,4,0.1,351,1511910230.0,1524280765.6315427,0.008182056967458103,351,0,351,8_POSSA
query_cycle_6_113.graph,5,0.1,351,1511910230.0,1524147272.5989418,0.008093762682551466,351,0,351,8_POSSA
query_cycle_6_121.graph,1,0.1,412,22743028.0,60008609.8124505,1.6385497046589619,412,0,412,UN
query_cycle_6_121.graph,2,0.1,412,22743028.0,15165097.528893206,0.33319795724240386,412,0,412,UN
query_cycle_6_121.graph,3,0.1,412,22743028.0,15964683.150431069,0.2980405621260692,412,0,412,UN
query_cycle_6_121.graph,4,0.1,412,22743028.0,14738788.727044659,0.35194255017209414,412,0,412,UN
query_cycle_6_121.graph,5,0.1,412,22743028.0,59780059.02456699,1.6285004364663753,412,0,412,UN
query_cycle_6_121.graph,1,0.1,412,22743028.0,24279127.954267792,0.0675415760059651,412,0,412,PO
query_cycle_6_121.graph,2,0.1,412,22743028.0,23647989.925480373,0.03979074050651361,412,0,412,PO
query_cycle_6_121.graph,3,0.1,412,22743028.0,23111219.688493572,0.016189211414310012,412,0,412,PO
query_cycle_6_121.graph,4,0.1,412,22743028.0,25183534.197263777,0.10730788342096652,412,0,412,PO
query_cycle_6_121.graph,5,0.1,412,22743028.0,25199400.862379868,0.10800553305302477,412,0,412,PO
query_cycle_6_121.graph,1,0.1,412,22743028.0,24658423.96265505,0.0842190390239615,412,0,412,WO
query_cycle_6_121.graph,2,0.1,412,22743028.0,27127603.54803585,0.19278767752631043,412,0,412,WO
query_cycle_6_121.graph,3,0.1,412,22743028.0,24723054.391852193,0.08706080790351191,412,0,412,WO
query_cycle_6_121.graph,4,0.1,412,22743028.0,26312123.933930974,0.15693143120304712,412,0,412,WO
query_cycle_6_121.graph,5,0.1,412,22743028.0,22840107.980927873,0.004268560058400025,412,0,412,WO
query_cycle_6_121.graph,1,0.1,412,22743028.0,24384839.866572987,0.07218967793439762,412,0,412,MAB
query_cycle_6_121.graph,2,0.1,412,22743028.0,24867747.89136962,0.09342291146850008,412,0,412,MAB
query_cycle_6_121.graph,3,0.1,412,22743028.0,25137334.931309238,0.10527652392237472,412,0,412,MAB
query_cycle_6_121.graph,4,0.1,412,22743028.0,23637474.83151622,0.0393283968834854,412,0,412,MAB
query_cycle_6_121.graph,5,0.1,412,22743028.0,25316450.900259297,0.11315216690843881,412,0,412,MAB
query_cycle_6_121.graph,1,0.1,412,22743028.0,24753911.95923176,0.08841760029630885,412,0,412,8_POSSA
query_cycle_6_121.graph,2,0.1,412,22743028.0,24985439.582834635,0.09859775852338726,412,0,412,8_POSSA
query_cycle_6_121.graph,3,0.1,412,22743028.0,23987644.154428545,0.05472517355334327,412,0,412,8_POSSA
query_cycle_6_121.graph,4,0.1,412,22743028.0,24151450.022978656,0.06192763879016708,412,0,412,8_POSSA
query_cycle_6_121.graph,5,0.1,412,22743028.0,24871245.128695227,0.09357668331126476,412,0,412,8_POSSA
query_cycle_6_147.graph,1,0.1,405,3299011637.0,866216081.4275062,0.7374316380965508,405,0,405,UN
query_cycle_6_147.graph,2,0.1,405,3299011637.0,1075563753.1056888,0.6739739438798199,405,0,405,UN
query_cycle_6_147.graph,3,0.1,405,3299011637.0,14858512311.261053,3.503928432569228,405,0,405,UN
query_cycle_6_147.graph,4,0.1,405,3299011637.0,3382853051.3551707,0.025414100821848883,405,0,405,UN
query_cycle_6_147.graph,5,0.1,405,3299011637.0,3113016857.0889883,0.05637894023318709,405,0,405,UN
query_cycle_6_147.graph,1,0.1,405,3299011637.0,3181991713.255185,0.035471206719121635,405,0,405,PO
query_cycle_6_147.graph,2,0.1,405,3299011637.0,3275287897.6169567,0.007191165716716534,405,0,405,PO
query_cycle_6_147.graph,3,0.1,405,3299011637.0,3396192494.9657407,0.029457567495613134,405,0,405,PO
query_cycle_6_147.graph,4,0.1,405,3299011637.0,3206582391.3265915,0.028017253603100433,405,0,405,PO
query_cycle_6_147.graph,5,0.1,405,3299011637.0,3706537024.347541,0.12352953920409007,405,0,405,PO
query_cycle_6_147.graph,1,0.1,405,3299011637.0,3341632150.6110053,0.0129191764991053,405,0,405,WO
query_cycle_6_147.graph,2,0.1,405,3299011637.0,3489891148.2098064,0.05785960530390407,405,0,405,WO
query_cycle_6_147.graph,3,0.1,405,3299011637.0,3322172983.3017797,0.007020692513483167,405,0,405,WO
query_cycle_6_147.graph,4,0.1,405,3299011637.0,3365922652.192672,0.020282139790667182,405,0,405,WO
query_cycle_6_147.graph,5,0.1,405,3299011637.0,3245813700.317623,0.016125416499213417,405,0,405,WO
query_cycle_6_147.graph,1,0.1,405,3299011637.0,3572655190.148839,0.08294713182572475,405,0,405,MAB
query_cycle_6_147.graph,2,0.1,405,3299011637.0,3349246697.925076,0.015227306373116624,405,0,405,MAB
query_cycle_6_147.graph,3,0.1,405,3299011637.0,3269572763.1528726,0.008923543499197254,405,0,405,MAB
query_cycle_6_147.graph,4,0.1,405,3299011637.0,3610591435.330354,0.09444640777735887,405,0,405,MAB
query_cycle_6_147.graph,5,0.1,405,3299011637.0,866445.1520895538,0.999737362201948,405,0,405,MAB
query_cycle_6_147.graph,1,0.1,405,3299011637.0,3371689629.380032,0.0220302321958836,405,0,405,8_POSSA
query_cycle_6_147.graph,2,0.1,405,3299011637.0,3392663089.0175314,0.028387730121102146,405,0,405,8_POSSA
query_cycle_6_147.graph,3,0.1,405,3299011637.0,3408413745.0925117,0.03316208614286608,405,0,405,8_POSSA
query_cycle_6_147.graph,4,0.1,405,3299011637.0,3383440016.4310365,0.02559202231484474,405,0,405,8_POSSA
query_cycle_6_147.graph,5,0.1,405,3299011637.0,3393023748.1030054,0.02849705349584537,405,0,405,8_POSSA
query_cycle_6_154.graph,1,0.1,169,764928128.0,1999099875.1068377,1.613447985412347,169,0,169,UN
query_cycle_6_154.graph,2,0.1,169,764928128.0,22954053.806615394,0.9699918816338581,169,0,169,UN
query_cycle_6_154.graph,3,0.1,169,764928128.0,2004939727.1677842,1.621082496220853,169,0,169,UN
query_cycle_6_154.graph,4,0.1,169,764928128.0,124734087.2111805,0.8369335854633647,169,0,169,UN
query_cycle_6_154.graph,5,0.1,169,764928128.0,1974119049.114364,1.5807902427067813,169,0,169,UN
query_cycle_6_154.graph,1,0.1,169,764928128.0,732052225.5859257,0.04297907373341395,169,0,169,PO
query_cycle_6_154.graph,2,0.1,169,764928128.0,701455962.4926351,0.08297794679523783,169,0,169,PO
query_cycle_6_154.graph,3,0.1,169,764928128.0,731944877.1972681,0.04311941160925889,169,0,169,PO
query_cycle_6_154.graph,4,0.1,169,764928128.0,797706948.4535245,0.04285215728597768,169,0,169,PO
query_cycle_6_154.graph,5,0.1,169,764928128.0,839913775.9848443,0.09802966480119336,169,0,169,PO
query_cycle_6_154.graph,1,0.1,169,764928128.0,797264888.0159624,0.04227424620991629,169,0,169,WO
query_cycle_6_154.graph,2,0.1,169,764928128.0,778540100.6802815,0.01779510019571606,169,0,169,WO
query_cycle_6_154.graph,3,0.1,169,764928128.0,799080396.6749073,0.0446476831283518,169,0,169,WO
query_cycle_6_154.graph,4,0.1,169,764928128.0,815342385.8851045,0.06590718270083609,169,0,169,WO
query_cycle_6_154.graph,5,0.1,169,764928128.0,819642045.7550083,0.07152818121365821,169,0,169,WO
query_cycle_6_154.graph,1,0.1,169,764928128.0,793703637.5732994,0.03761857947169046,169,0,169,MAB
query_cycle_6_154.graph,2,0.1,169,764928128.0,32482.592651211777,0.9999575351049828,169,0,169,MAB
query_cycle_6_154.graph,3,0.1,169,764928128.0,819217734.0086554,0.07097347322107553,169,0,169,MAB
query_cycle_6_154.graph,4,0.1,169,764928128.0,789368339.5998484,0.03195099082543921,169,0,169,MAB
query_cycle_6_154.graph,5,0.1,169,764928128.0,823239791.8148246,0.07623155912345346,169,0,169,MAB
query_cycle_6_154.graph,1,0.1,169,764928128.0,792542458.0537579,0.03610055512791642,169,0,169,8_POSSA
query_cycle_6_154.graph,2,0.1,169,764928128.0,785061438.2563866,0.02632052544469464,169,0,169,8_POSSA
query_cycle_6_154.graph,3,0.1,169,764928128.0,788993607.6133159,0.031461099065918964,169,0,169,8_POSSA
query_cycle_6_154.graph,4,0.1,169,764928128.0,788540599.0617551,0.030868875385054558,169,0,169,8_POSSA
query_cycle_6_154.graph,5,0.1,169,764928128.0,785633353.551807,0.027068197382077504,169,0,169,8_POSSA
query_cycle_6_130.graph,1,0.1,237,168829542.0,1965533.9302253164,0.9883578791546724,237,0,237,UN
query_cycle_6_130.graph,2,0.1,237,168829542.0,162671423.1137215,0.03647536333586992,237,0,237,UN
query_cycle_6_130.graph,3,0.1,237,168829542.0,289811933.96760637,0.7165949189603699,237,0,237,UN
query_cycle_6_130.graph,4,0.1,237,168829542.0,1380057.1422949366,0.991825736622001,237,0,237,UN
query_cycle_6_130.graph,5,0.1,237,168829542.0,111744576.21285442,0.33812190159910277,237,0,237,UN
query_cycle_6_130.graph,1,0.1,237,168829542.0,174911888.10404688,0.03602655099334974,237,0,237,PO
query_cycle_6_130.graph,2,0.1,237,168829542.0,196229926.09359235,0.1622961465689005,237,0,237,PO
query_cycle_6_130.graph,3,0.1,237,168829542.0,170318835.8453783,0.008821287007805243,237,0,237,PO
query_cycle_6_130.graph,4,0.1,237,168829542.0,167443247.54289263,0.008211207829417467,237,0,237,PO
query_cycle_6_130.graph,5,0.1,237,168829542.0,157994203.92884165,0.06417915930352017,237,0,237,PO
query_cycle_6_130.graph,1,0.1,237,168829542.0,170030862.02392647,0.007115579475578194,237,0,237,WO
query_cycle_6_130.graph,2,0.1,237,168829542.0,174185797.8151137,0.03172582091772596,237,0,237,WO
query_cycle_6_130.graph,3,0.1,237,168829542.0,174608221.9041913,0.034227895401098024,237,0,237,WO
query_cycle_6_130.graph,4,0.1,237,168829542.0,173796478.6980344,0.029419831619482837,237,0,237,WO
query_cycle_6_130.graph,5,0.1,237,168829542.0,168365159.4415215,0.0027506001199630358,237,0,237,WO
query_cycle_6_130.graph,1,0.1,237,168829542.0,172566347.11900467,0.022133597442352042,237,0,237,MAB
query_cycle_6_130.graph,2,0.1,237,168829542.0,175322043.74582663,0.0384559578194356,237,0,237,MAB
query_cycle_6_130.graph,3,0.1,237,168829542.0,177263705.76225945,0.04995668212059388,237,0,237,MAB
query_cycle_6_130.graph,4,0.1,237,168829542.0,173166552.04204953,0.025688691627496846,237,0,237,MAB
query_cycle_6_130.graph,5,0.1,237,168829542.0,172375277.42773035,0.021001866058076208,237,0,237,MAB
query_cycle_6_130.graph,1,0.1,237,168829542.0,173120702.1064166,0.02541711631496704,237,0,237,8_POSSA
query_cycle_6_130.graph,2,0.1,237,168829542.0,173131349.82480234,0.02548018417773318,237,0,237,8_POSSA
query_cycle_6_130.graph,3,0.1,237,168829542.0,173289977.10414344,0.026419754808926988,237,0,237,8_POSSA
query_cycle_6_130.graph,4,0.1,237,168829542.0,173119225.10775453,0.025408367853977407,237,0,237,8_POSSA
query_cycle_6_130.graph,5,0.1,237,168829542.0,173164188.6557113,0.02567469297352766,237,0,237,8_POSSA
query_cycle_6_156.graph,1,0.1,283,2175463698.0,599873437.6640248,0.724254907946515,283,0,283,UN
query_cycle_6_156.graph,2,0.1,283,2175463698.0,2010902916.9294107,0.07564400234390366,283,0,283,UN
query_cycle_6_156.graph,3,0.1,283,2175463698.0,3891608831.4772835,0.7888640638108609,283,0,283,UN
query_cycle_6_156.graph,4,0.1,283,2175463698.0,829207606.6751704,0.61883638534741,283,0,283,UN
query_cycle_6_156.graph,5,0.1,283,2175463698.0,2222271242.5865493,0.02151612303601367,283,0,283,UN
query_cycle_6_156.graph,1,0.1,283,2175463698.0,2342487819.748133,0.07677633136406084,283,0,283,PO
query_cycle_6_156.graph,2,0.1,283,2175463698.0,2352762332.471725,0.08149923836225052,283,0,283,PO
query_cycle_6_156.graph,3,0.1,283,2175463698.0,2186219908.8380866,0.004944330189455823,283,0,283,PO
query_cycle_6_156.graph,4,0.1,283,2175463698.0,2263712560.458214,0.040565541286368,283,0,283,PO
query_cycle_6_156.graph,5,0.1,283,2175463698.0,2715867056.4149976,0.24840835492305124,283,0,283,PO
query_cycle_6_156.graph,1,0.1,283,2175463698.0,2137300800.8406198,0.01754241966642102,283,0,283,WO
query_cycle_6_156.graph,2,0.1,283,2175463698.0,2068583582.18601,0.04912980892866644,283,0,283,WO
query_cycle_6_156.graph,3,0.1,283,2175463698.0,2214297088.7189207,0.01785062685928612,283,0,283,WO
query_cycle_6_156.graph,4,0.1,283,2175463698.0,2504826382.6352215,0.15139884197471057,283,0,283,WO
query_cycle_6_156.graph,5,0.1,283,2175463698.0,2468665088.4114237,0.13477650336384683,283,0,283,WO
query_cycle_6_156.graph,1,0.1,283,2175463698.0,2302904290.8573217,0.058580886904471684,283,0,283,MAB
query_cycle_6_156.graph,2,0.1,283,2175463698.0,80144.51086654345,0.9999631598031535,283,0,283,MAB
query_cycle_6_156.graph,3,0.1,283,2175463698.0,2563896298.766921,0.17855163527850376,283,0,283,MAB
query_cycle_6_156.graph,4,0.1,283,2175463698.0,2269413372.0476046,0.043186045409066884,283,0,283,MAB
query_cycle_6_156.graph,5,0.1,283,2175463698.0,56605.60291213249,0.9999739799827669,283,0,283,MAB
query_cycle_6_156.graph,1,0.1,283,2175463698.0,2286087385.022855,0.0508506242253346,283,0,283,8_POSSA
query_cycle_6_156.graph,2,0.1,283,2175463698.0,2301434065.95208,0.05790506551218938,283,0,283,8_POSSA
query_cycle_6_156.graph,3,0.1,283,2175463698.0,2289584360.4400005,0.05245808631277861,283,0,283,8_POSSA
query_cycle_6_156.graph,4,0.1,283,2175463698.0,2310604600.6476398,0.062120504594896604,283,0,283,8_POSSA
query_cycle_6_156.graph,5,0.1,283,2175463698.0,2314281843.842419,0.06381083075302098,283,0,283,8_POSSA
query_cycle_6_124.graph,1,0.1,403,3299011637.0,12118599954.94653,2.6734032153844534,403,0,403,UN
query_cycle_6_124.graph,2,0.1,403,3299011637.0,336122874.8602065,0.8981140681377334,403,0,403,UN
query_cycle_6_124.graph,3,0.1,403,3299011637.0,1741084545.2704515,0.47224055661297093,403,0,403,UN
query_cycle_6_124.graph,4,0.1,403,3299011637.0,3551648805.525936,0.07657965364307569,403,0,403,UN
query_cycle_6_124.graph,5,0.1,403,3299011637.0,1674429656.749703,0.49244505900792523,403,0,403,UN
query_cycle_6_124.graph,1,0.1,403,3299011637.0,3097419042.3733506,0.061106966815664306,403,0,403,PO
query_cycle_6_124.graph,2,0.1,403,3299011637.0,3151830660.6866837,0.04461365781878761,403,0,403,PO
query_cycle_6_124.graph,3,0.1,403,3299011637.0,3056894339.321496,0.07339085893576192,403,0,403,PO
query_cycle_6_124.graph,4,0.1,403,3299011637.0,3251684765.1140165,0.014345772944596456,403,0,403,PO
query_cycle_6_124.graph,5,0.1,403,3299011637.0,3121453426.8302126,0.053821638025882294,403,0,403,PO
query_cycle_6_124.graph,1,0.1,403,3299011637.0,3274780507.045324,0.007344966499333434,403,0,403,WO
query_cycle_6_124.graph,2,0.1,403,3299011637.0,3386009817.9244065,0.02637098334200466,403,0,403,WO
query_cycle_6_124.graph,3,0.1,403,3299011637.0,3366937175.4244876,0.020589663177501424,403,0,403,WO
query_cycle_6_124.graph,4,0.1,403,3299011637.0,3250508269.535752,0.014702393565472646,403,0,403,WO
query_cycle_6_124.graph,5,0.1,403,3299011637.0,3249571842.5345564,0.014986244337835177,403,0,403,WO
query_cycle_6_124.graph,1,0.1,403,3299011637.0,3077836276.5933204,0.06704291610435432,403,0,403,MAB
query_cycle_6_124.graph,2,0.1,403,3299011637.0,3327593587.33478,0.00866379191095294,403,0,403,MAB
query_cycle_6_124.graph,3,0.1,403,3299011637.0,3210769427.849121,0.026748074532747974,403,0,403,MAB
query_cycle_6_124.graph,4,0.1,403,3299011637.0,3289686509.177059,0.002826642900666078,403,0,403,MAB
query_cycle_6_124.graph,5,0.1,403,3299011637.0,3227115728.355399,0.021793166122317884,403,0,403,MAB
query_cycle_6_124.graph,1,0.1,403,3299011637.0,3286447268.837449,0.0038085249599108723,403,0,403,8_POSSA
query_cycle_6_124.graph,2,0.1,403,3299011637.0,3304059060.8942013,0.0015299806274073106,403,0,403,8_POSSA
query_cycle_6_124.graph,3,0.1,403,3299011637.0,3295757261.0705895,0.0009864699757075933,403,0,403,8_POSSA
query_cycle_6_124.graph,4,0.1,403,3299011637.0,3287318597.2127695,0.003544406953915359,403,0,403,8_POSSA
query_cycle_6_124.graph,5,0.1,403,3299011637.0,3287552733.3475175,0.0034734353537785078,403,0,403,8_POSSA
query_cycle_6_125.graph,1,0.1,372,11490080461.0,404757892.2741347,0.9647732760751347,372,0,372,UN
query_cycle_6_125.graph,2,0.1,372,11490080461.0,4540983004.675258,0.6047910177749922,372,0,372,UN
query_cycle_6_125.graph,3,0.1,372,11490080461.0,14480465605.063007,0.2602579811527925,372,0,372,UN
query_cycle_6_125.graph,4,0.1,372,11490080461.0,7851323657.357642,0.31668679919110604,372,0,372,UN
query_cycle_6_125.graph,5,0.1,372,11490080461.0,3946965878.563984,0.6564892742082267,372,0,372,UN
query_cycle_6_125.graph,1,0.1,372,11490080461.0,10969672292.598852,0.045291951624493315,372,0,372,PO
query_cycle_6_125.graph,2,0.1,372,11490080461.0,12271879939.961967,0.06804125363748116,372,0,372,PO
query_cycle_6_125.graph,3,0.1,372,11490080461.0,12903329032.883135,0.12299727375104365,372,0,372,PO
query_cycle_6_125.graph,4,0.1,372,11490080461.0,12416950180.016304,0.08066694764778323,372,0,372,PO
query_cycle_6_125.graph,5,0.1,372,11490080461.0,13366936856.901361,0.1633458009516859,372,0,372,PO
query_cycle_6_125.graph,1,0.1,372,11490080461.0,11681609241.193602,0.01666905474193107,372,0,372,WO
query_cycle_6_125.graph,2,0.1,372,11490080461.0,11973322574.734818,0.042057330701473626,372,0,372,WO
query_cycle_6_125.graph,3,0.1,372,11490080461.0,11919597764.070982,0.037381574874855175,372,0,372,WO
query_cycle_6_125.graph,4,0.1,372,11490080461.0,12176185772.900366,0.059712837889096294,372,0,372,WO
query_cycle_6_125.graph,5,0.1,372,11490080461.0,11886092807.048212,0.034465585109901525,372,0,372,WO
query_cycle_6_125.graph,1,0.1,372,11490080461.0,12288541824.423016,0.06949136397548988,372,0,372,MAB
query_cycle_6_125.graph,2,0.1,372,11490080461.0,11249484502.511703,0.02093944940637579,372,0,372,MAB
query_cycle_6_125.graph,3,0.1,372,11490080461.0,10898658856.45475,0.05147236405808229,372,0,372,MAB
query_cycle_6_125.graph,4,0.1,372,11490080461.0,11784557966.783573,0.025628846271625177,372,0,372,MAB
query_cycle_6_125.graph,5,0.1,372,11490080461.0,12294695094.352373,0.07002689285627041,372,0,372,MAB
query_cycle_6_125.graph,1,0.1,372,11490080461.0,11936310247.377592,0.038836088910969735,372,0,372,8_POSSA
query_cycle_6_125.graph,2,0.1,372,11490080461.0,11871064986.630972,0.03315768996780499,372,0,372,8_POSSA
query_cycle_6_125.graph,3,0.1,372,11490080461.0,11877727011.184399,0.03373749657368902,372,0,372,8_POSSA
query_cycle_6_125.graph,4,0.1,372,11490080461.0,11917622208.59528,0.0372096391358142,372,0,372,8_POSSA
query_cycle_6_125.graph,5,0.1,372,11490080461.0,11813738392.882113,0.028168465223605933,372,0,372,8_POSSA
query_cycle_4_2.graph,1,0.1,941,134441614.0,170885170.87624297,0.27107348529929853,941,0,941,UN
query_cycle_4_2.graph,2,0.1,941,134441614.0,223441281.78344822,0.6619949369504611,941,0,941,UN
query_cycle_4_2.graph,3,0.1,941,134441614.0,90491431.07516408,0.32690906942575026,941,0,941,UN
query_cycle_4_2.graph,4,0.1,941,134441614.0,52264216.62933324,0.6112497085215501,941,0,941,UN
query_cycle_4_2.graph,5,0.1,941,134441614.0,125330316.59119406,0.06777140751081683,941,0,941,UN
query_cycle_4_2.graph,1,0.1,941,134441614.0,111877532.88655563,0.16783554170544526,941,0,941,PO
query_cycle_4_2.graph,2,0.1,941,134441614.0,145722165.7601725,0.08390669692623956,941,0,941,PO
query_cycle_4_2.graph,3,0.1,941,134441614.0,141045912.09828636,0.04912391261746055,941,0,941,PO
query_cycle_4_2.graph,4,0.1,941,134441614.0,138380076.9340425,0.02929496914580714,941,0,941,PO
query_cycle_4_2.graph,5,0.1,941,134441614.0,139243033.6664591,0.03571379072003043,941,0,941,PO
query_cycle_4_2.graph,1,0.1,941,134441614.0,141889035.42232224,0.055395209866509365,941,0,941,WO
query_cycle_4_2.graph,2,0.1,941,134441614.0,153056710.12499142,0.13846230769731324,941,0,941,WO
query_cycle_4_2.graph,3,0.1,941,134441614.0,147153886.18458766,0.09455608130818526,941,0,941,WO
query_cycle_4_2.graph,4,0.1,941,134441614.0,146540073.2037154,0.08999043409070806,941,0,941,WO
query_cycle_4_2.graph,5,0.1,941,134441614.0,144121703.2182494,0.07200217946096221,941,0,941,WO
query_cycle_4_2.graph,1,0.1,941,134441614.0,146955027.71657366,0.09307693759592663,941,0,941,MAB
query_cycle_4_2.graph,2,0.1,941,134441614.0,149764623.41760886,0.11397519682863118,941,0,941,MAB
query_cycle_4_2.graph,3,0.1,941,134441614.0,146950394.01048517,0.09304247128783483,941,0,941,MAB
query_cycle_4_2.graph,4,0.1,941,134441614.0,147954072.097761,0.10050800266174285,941,0,941,MAB
query_cycle_4_2.graph,5,0.1,941,134441614.0,136271425.80263194,0.013610456972287943,941,0,941,MAB
query_cycle_4_2.graph,1,0.1,941,134441614.0,145630773.1333774,0.08322690274588196,941,0,941,8_POSSA
query_cycle_4_2.graph,2,0.1,941,134441614.0,147081499.9656231,0.09401766007973625,941,0,941,8_POSSA
query_cycle_4_2.graph,3,0.1,941,134441614.0,147527843.9270001,0.09733764373730373,941,0,941,8_POSSA
query_cycle_4_2.graph,4,0.1,941,134441614.0,146875664.2522179,0.0924866184083292,941,0,941,8_POSSA
query_cycle_4_2.graph,5,0.1,941,134441614.0,147007061.86554545,0.09346397660433808,941,0,941,8_POSSA
query_cycle_6_161.graph,1,0.1,233,1157009.0,148496.52237897,0.8716548251751111,233,0,233,UN
query_cycle_6_161.graph,2,0.1,233,1157009.0,131958.92671802576,0.8859482279584465,233,0,233,UN
query_cycle_6_161.graph,3,0.1,233,1157009.0,1104803.7789536482,0.045120842660992116,233,0,233,UN
query_cycle_6_161.graph,4,0.1,233,1157009.0,945821.1274824034,0.18252915277028664,233,0,233,UN
query_cycle_6_161.graph,5,0.1,233,1157009.0,1669530.3346939916,0.4429709143956457,233,0,233,UN
query_cycle_6_161.graph,1,0.1,233,1157009.0,987959.9842080795,0.14610864374600413,233,0,233,PO
query_cycle_6_161.graph,2,0.1,233,1157009.0,1187616.5964886495,0.02645406949180991,233,0,233,PO
query_cycle_6_161.graph,3,0.1,233,1157009.0,987092.822204365,0.1468581297082693,233,0,233,PO
query_cycle_6_161.graph,4,0.1,233,1157009.0,1142965.5279552778,0.012137737947347148,233,0,233,PO
query_cycle_6_161.graph,5,0.1,233,1157009.0,1141989.4609066115,0.012981350269002642,233,0,233,PO
query_cycle_6_161.graph,1,0.1,233,1157009.0,1175308.5772651585,0.01581627909995387,233,0,233,WO
query_cycle_6_161.graph,2,0.1,233,1157009.0,1031495.477891309,0.10848102487421536,233,0,233,WO
query_cycle_6_161.graph,3,0.1,233,1157009.0,1184115.5456428279,0.023428119956567208,233,0,233,WO
query_cycle_6_161.graph,4,0.1,233,1157009.0,1099338.7070883662,0.04984429067676557,233,0,233,WO
query_cycle_6_161.graph,5,0.1,233,1157009.0,1171284.781639713,0.012338522552299157,233,0,233,WO
query_cycle_6_161.graph,1,0.1,233,1157009.0,1100120.9852816705,0.04916816958064244,233,0,233,MAB
query_cycle_6_161.graph,2,0.1,233,1157009.0,1176620.7911764935,0.016950422318662613,233,0,233,MAB
query_cycle_6_161.graph,3,0.1,233,1157009.0,1002616.9897553208,0.13344063031893372,233,0,233,MAB
query_cycle_6_161.graph,4,0.1,233,1157009.0,1090051.5267315928,0.057871177552125494,233,0,233,MAB
query_cycle_6_161.graph,5,0.1,233,1157009.0,1078424.1494977702,0.06792069076578468,233,0,233,MAB
query_cycle_6_161.graph,1,0.1,233,1157009.0,1117735.8780695922,0.03394366157083292,233,0,233,8_POSSA
query_cycle_6_161.graph,2,0.1,233,1157009.0,1118685.841012154,0.03312261096313511,233,0,233,8_POSSA
query_cycle_6_161.graph,3,0.1,233,1157009.0,1118865.375974358,0.0329674393419947,233,0,233,8_POSSA
query_cycle_6_161.graph,4,0.1,233,1157009.0,1118241.4608989777,0.03350668758931201,233,0,233,8_POSSA
query_cycle_6_161.graph,5,0.1,233,1157009.0,1114739.6096623568,0.036533328900331126,233,0,233,8_POSSA
query_cycle_6_135.graph,1,0.1,396,3299011637.0,712143982.0255091,0.7841341406503475,396,0,396,UN
query_cycle_6_135.graph,2,0.1,396,3299011637.0,1902221788.3875818,0.42339646000236836,396,0,396,UN
query_cycle_6_135.graph,3,0.1,396,3299011637.0,607873091.031818,0.815740846678372,396,0,396,UN
query_cycle_6_135.graph,4,0.1,396,3299011637.0,1854032599.9153638,0.4380036192896388,396,0,396,UN
query_cycle_6_135.graph,5,0.1,396,3299011637.0,14537483661.935946,3.40661787878863,396,0,396,UN
query_cycle_6_135.graph,1,0.1,396,3299011637.0,3380651357.3585243,0.024746720939961424,396,0,396,PO
query_cycle_6_135.graph,2,0.1,396,3299011637.0,3469004309.467053,0.051528363998630214,396,0,396,PO
query_cycle_6_135.graph,3,0.1,396,3299011637.0,3313975801.0432806,0.004535953700632733,396,0,396,PO
query_cycle_6_135.graph,4,0.1,396,3299011637.0,3420635884.7936397,0.036866874438866874,396,0,396,PO
query_cycle_6_135.graph,5,0.1,396,3299011637.0,3466473228.539099,0.050761139991425626,396,0,396,PO
query_cycle_6_135.graph,1,0.1,396,3299011637.0,3485185582.4619923,0.05643324909010991,396,0,396,WO
query_cycle_6_135.graph,2,0.1,396,3299011637.0,3535117660.8186383,0.0715687150571389,396,0,396,WO
query_cycle_6_135.graph,3,0.1,396,3299011637.0,3535535033.3592668,0.07169522947616894,396,0,396,WO
query_cycle_6_135.graph,4,0.1,396,3299011637.0,3560349619.6887965,0.0792170539072265,396,0,396,WO
query_cycle_6_135.graph,5,0.1,396,3299011637.0,3494088283.987903,0.05913184567160201,396,0,396,WO
query_cycle_6_135.graph,1,0.1,396,3299011637.0,3687727508.980387,0.11782797842261361,396,0,396,MAB
query_cycle_6_135.graph,2,0.1,396,3299011637.0,3326601926.471908,0.008363198590289814,396,0,396,MAB
query_cycle_6_135.graph,3,0.1,396,3299011637.0,3605220400.1956005,0.09281833375830571,396,0,396,MAB
query_cycle_6_135.graph,4,0.1,396,3299011637.0,3466537276.9470057,0.05078055441457836,396,0,396,MAB
query_cycle_6_135.graph,5,0.1,396,3299011637.0,3316790141.5057626,0.005389039646410492,396,0,396,MAB
query_cycle_6_135.graph,1,0.1,396,3299011637.0,3510867252.458501,0.06421790486654802,396,0,396,8_POSSA
query_cycle_6_135.graph,2,0.1,396,3299011637.0,3533303208.6105404,0.0710187163278989,396,0,396,8_POSSA
query_cycle_6_135.graph,3,0.1,396,3299011637.0,3527848008.60851,0.06936513016262211,396,0,396,8_POSSA
query_cycle_6_135.graph,4,0.1,396,3299011637.0,3554977230.414809,0.07758856942001421,396,0,396,8_POSSA
query_cycle_6_135.graph,5,0.1,396,3299011637.0,3544513570.48372,0.07441681342687541,396,0,396,8_POSSA
query_cycle_6_155.graph,1,0.1,180,27396092.0,1950077.9869999997,0.9288191181793374,180,0,180,UN
query_cycle_6_155.graph,2,0.1,180,27396092.0,7276510.812999999,0.7343960294409874,180,0,180,UN
query_cycle_6_155.graph,3,0.1,180,27396092.0,20561837.582000002,0.2494609237697113,180,0,180,UN
query_cycle_6_155.graph,4,0.1,180,27396092.0,1616575.246,0.9409924873226444,180,0,180,UN
query_cycle_6_155.graph,5,0.1,180,27396092.0,14923046.281,0.45528558303133165,180,0,180,UN
query_cycle_6_155.graph,1,0.1,180,27396092.0,27320981.861061733,0.0027416369801308445,180,0,180,PO
query_cycle_6_155.graph,2,0.1,180,27396092.0,26672341.802711412,0.026418008717761194,180,0,180,PO
query_cycle_6_155.graph,3,0.1,180,27396092.0,28915063.616859995,0.055444828293757915,180,0,180,PO
query_cycle_6_155.graph,4,0.1,180,27396092.0,30140847.016578972,0.10018783031459276,180,0,180,PO
query_cycle_6_155.graph,5,0.1,180,27396092.0,30045944.346237965,0.09672373513119918,180,0,180,PO
query_cycle_6_155.graph,1,0.1,180,27396092.0,29795882.86795675,0.08759610195340088,180,0,180,WO
query_cycle_6_155.graph,2,0.1,180,27396092.0,33131231.069795802,0.20934150278790867,180,0,180,WO
query_cycle_6_155.graph,3,0.1,180,27396092.0,20875275.87873418,0.23801993807240177,180,0,180,WO
query_cycle_6_155.graph,4,0.1,180,27396092.0,36593508.94303452,0.3357200341944582,180,0,180,WO
query_cycle_6_155.graph,5,0.1,180,27396092.0,31311874.185123555,0.14293214466952278,180,0,180,WO
query_cycle_6_155.graph,1,0.1,180,27396092.0,30935579.792576008,0.1291968136395515,180,0,180,MAB
query_cycle_6_155.graph,2,0.1,180,27396092.0,30221213.579525054,0.1031213349526295,180,0,180,MAB
query_cycle_6_155.graph,3,0.1,180,27396092.0,25983511.538396057,0.051561385529145666,180,0,180,MAB
query_cycle_6_155.graph,4,0.1,180,27396092.0,29608326.167195298,0.08074999044372087,180,0,180,MAB
query_cycle_6_155.graph,5,0.1,180,27396092.0,0.0,1.0,180,0,180,MAB
query_cycle_6_155.graph,1,0.1,180,27396092.0,29680317.866746835,0.08337779953238715,180,0,180,8_POSSA
query_cycle_6_155.graph,2,0.1,180,27396092.0,29783386.64142142,0.08713997023449252,180,0,180,8_POSSA
query_cycle_6_155.graph,3,0.1,180,27396092.0,29814911.55299889,0.08829067857557528,180,0,180,8_POSSA
query_cycle_6_155.graph,4,0.1,180,27396092.0,29865253.666962292,0.09012824409270825,180,0,180,8_POSSA
query_cycle_6_155.graph,5,0.1,180,27396092.0,29738593.41963703,0.08550494791874082,180,0,180,8_POSSA
query_cycle_6_136.graph,1,0.1,361,1285396353.0,255748809.6784487,0.8010350588893815,361,0,361,UN
query_cycle_6_136.graph,2,0.1,361,1285396353.0,1301701060.3918712,0.012684575737139355,361,0,361,UN
query_cycle_6_136.graph,3,0.1,361,1285396353.0,883507238.4674835,0.3126577367319763,361,0,361,UN
query_cycle_6_136.graph,4,0.1,361,1285396353.0,135715730.8886693,0.8944172118024757,361,0,361,UN
query_cycle_6_136.graph,5,0.1,361,1285396353.0,2138559470.3569021,0.6637354426638101,361,0,361,UN
query_cycle_6_136.graph,1,0.1,361,1285396353.0,1250310293.75008,0.02729590695354952,361,0,361,PO
query_cycle_6_136.graph,2,0.1,361,1285396353.0,1226059577.4202554,0.04616224049590452,361,0,361,PO
query_cycle_6_136.graph,3,0.1,361,1285396353.0,908239893.193423,0.29341646950088784,361,0,361,PO
query_cycle_6_136.graph,4,0.1,361,1285396353.0,1104170026.480028,0.14098867333566495,361,0,361,PO
query_cycle_6_136.graph,5,0.1,361,1285396353.0,1267459296.4570959,0.013954494659208153,361,0,361,PO
query_cycle_6_136.graph,1,0.1,361,1285396353.0,1231643472.4822187,0.04181813678895762,361,0,361,WO
query_cycle_6_136.graph,2,0.1,361,1285396353.0,1208988434.725485,0.05944308002444979,361,0,361,WO
query_cycle_6_136.graph,3,0.1,361,1285396353.0,1193082185.65596,0.07181766707878617,361,0,361,WO
query_cycle_6_136.graph,4,0.1,361,1285396353.0,1188068670.956255,0.07571803188688916,361,0,361,WO
query_cycle_6_136.graph,5,0.1,361,1285396353.0,1236394128.525491,0.038122268170546925,361,0,361,WO
query_cycle_6_136.graph,1,0.1,361,1285396353.0,1259860572.2099123,0.019866075339710958,361,0,361,MAB
query_cycle_6_136.graph,2,0.1,361,1285396353.0,1171079734.1116788,0.08893491771741566,361,0,361,MAB
query_cycle_6_136.graph,3,0.1,361,1285396353.0,1188095700.8403027,0.07569700344380648,361,0,361,MAB
query_cycle_6_136.graph,4,0.1,361,1285396353.0,1296081758.9026487,0.008312926886489064,361,0,361,MAB
query_cycle_6_136.graph,5,0.1,361,1285396353.0,1188891671.7586145,0.07507776182509945,361,0,361,MAB
query_cycle_6_136.graph,1,0.1,361,1285396353.0,1218117970.1510038,0.05234057393423783,361,0,361,8_POSSA
query_cycle_6_136.graph,2,0.1,361,1285396353.0,1211731100.949142,0.05730936755727517,361,0,361,8_POSSA
query_cycle_6_136.graph,3,0.1,361,1285396353.0,1217458069.677439,0.052853956807952004,361,0,361,8_POSSA
query_cycle_6_136.graph,4,0.1,361,1285396353.0,1217747412.4561198,0.05262885676156903,361,0,361,8_POSSA
query_cycle_6_136.graph,5,0.1,361,1285396353.0,1217310974.426493,0.05296839252313257,361,0,361,8_POSSA
query_cycle_6_172.graph,1,0.1,177,27396092.0,36449995.8028017,0.33048158119784743,177,0,177,UN
query_cycle_6_172.graph,2,0.1,177,27396092.0,1240961.53270678,0.954702972500356,177,0,177,UN
query_cycle_6_172.graph,3,0.1,177,27396092.0,29578014.87148983,0.07964358097095857,177,0,177,UN
query_cycle_6_172.graph,4,0.1,177,27396092.0,3839375.168684746,0.8598568303579669,177,0,177,UN
query_cycle_6_172.graph,5,0.1,177,27396092.0,18580727.37101695,0.3217745300673925,177,0,177,UN
query_cycle_6_172.graph,1,0.1,177,27396092.0,22108237.18191981,0.19301493140263182,177,0,177,PO
query_cycle_6_172.graph,2,0.1,177,27396092.0,23349004.311497293,0.14772499991979537,177,0,177,PO
query_cycle_6_172.graph,3,0.1,177,27396092.0,23240117.70253693,0.15169953062878716,177,0,177,PO
query_cycle_6_172.graph,4,0.1,177,27396092.0,23336927.696302053,0.14816581517166563,177,0,177,PO
query_cycle_6_172.graph,5,0.1,177,27396092.0,23819994.223679136,0.13053313502965544,177,0,177,PO
query_cycle_6_172.graph,1,0.1,177,27396092.0,23035112.068286426,0.15918255537007153,177,0,177,WO
query_cycle_6_172.graph,2,0.1,177,27396092.0,26366212.458697215,0.03759220626441119,177,0,177,WO
query_cycle_6_172.graph,3,0.1,177,27396092.0,27933482.667335454,0.01961559580598044,177,0,177,WO
query_cycle_6_172.graph,4,0.1,177,27396092.0,28532199.80115499,0.04146970309323643,177,0,177,WO
query_cycle_6_172.graph,5,0.1,177,27396092.0,16508955.8458638,0.39739741544656076,177,0,177,WO
query_cycle_6_172.graph,1,0.1,177,27396092.0,22795527.902280964,0.1679277503418749,177,0,177,MAB
query_cycle_6_172.graph,2,0.1,177,27396092.0,20172366.568170965,0.2636772219858597,177,0,177,MAB
query_cycle_6_172.graph,3,0.1,177,27396092.0,23112079.426315155,0.1563731270023785,177,0,177,MAB
query_cycle_6_172.graph,4,0.1,177,27396092.0,23670809.80173004,0.13597859863625658,177,0,177,MAB
query_cycle_6_172.graph,5,0.1,177,27396092.0,22658569.410618387,0.17292694846336523,177,0,177,MAB
query_cycle_6_172.graph,1,0.1,177,27396092.0,24101119.524895087,0.1202716239639184,177,0,177,8_POSSA
query_cycle_6_172.graph,2,0.1,177,27396092.0,24131485.17899148,0.11916323032527845,177,0,177,8_POSSA
query_cycle_6_172.graph,3,0.1,177,27396092.0,24409729.591070414,0.1090068761971447,177,0,177,8_POSSA
query_cycle_6_172.graph,4,0.1,177,27396092.0,24203057.83247471,0.11655071707035045,177,0,177,8_POSSA
query_cycle_6_172.graph,5,0.1,177,27396092.0,24144628.995296493,0.1186834605718037,177,0,177,8_POSSA
query_cycle_6_132.graph,1,0.1,292,201941618.0,6392719.377881507,0.9683437250766135,292,0,292,UN
query_cycle_6_132.graph,2,0.1,292,201941618.0,35398852.863030136,0.8247074911372151,292,0,292,UN
query_cycle_6_132.graph,3,0.1,292,201941618.0,61675343.29500274,0.694588248297571,292,0,292,UN
query_cycle_6_132.graph,4,0.1,292,201941618.0,526933777.85003686,1.609337208786932,292,0,292,UN
query_cycle_6_132.graph,5,0.1,292,201941618.0,5994176.979412328,0.9703172776430249,292,0,292,UN
query_cycle_6_132.graph,1,0.1,292,201941618.0,186682126.19943434,0.0755638780737394,292,0,292,PO
query_cycle_6_132.graph,2,0.1,292,201941618.0,213305321.25881103,0.05627222051281686,292,0,292,PO
query_cycle_6_132.graph,3,0.1,292,201941618.0,214915518.0386652,0.06424579622148618,292,0,292,PO
query_cycle_6_132.graph,4,0.1,292,201941618.0,203885300.25180966,0.009624971172656725,292,0,292,PO
query_cycle_6_132.graph,5,0.1,292,201941618.0,243038648.73008168,0.2035094654440259,292,0,292,PO
query_cycle_6_132.graph,1,0.1,292,201941618.0,199967403.42197156,0.009776165000462859,292,0,292,WO
query_cycle_6_132.graph,2,0.1,292,201941618.0,200484570.10837492,0.007215193708238371,292,0,292,WO
query_cycle_6_132.graph,3,0.1,292,201941618.0,202762588.50830442,0.004065385414037918,292,0,292,WO
query_cycle_6_132.graph,4,0.1,292,201941618.0,197989295.8213806,0.019571607961561516,292,0,292,WO
query_cycle_6_132.graph,5,0.1,292,201941618.0,193850792.86935464,0.0400651693829915,292,0,292,WO
query_cycle_6_132.graph,1,0.1,292,201941618.0,186009970.86551845,0.07889234171869193,292,0,292,MAB
query_cycle_6_132.graph,2,0.1,292,201941618.0,205476178.67908597,0.017502883824006846,292,0,292,MAB
query_cycle_6_132.graph,3,0.1,292,201941618.0,202307289.61407897,0.0018107788661917562,292,0,292,MAB
query_cycle_6_132.graph,4,0.1,292,201941618.0,203804710.39655212,0.009225896152580671,292,0,292,MAB
query_cycle_6_132.graph,5,0.1,292,201941618.0,188369052.54855767,0.06721034319652887,292,0,292,MAB
query_cycle_6_132.graph,1,0.1,292,201941618.0,200388381.68489048,0.007691511687845946,292,0,292,8_POSSA
query_cycle_6_132.graph,2,0.1,292,201941618.0,199613287.5682159,0.011529720593721763,292,0,292,8_POSSA
query_cycle_6_132.graph,3,0.1,292,201941618.0,199609933.61276573,0.011546329133771082,292,0,292,8_POSSA
query_cycle_6_132.graph,4,0.1,292,201941618.0,200061727.19855392,0.009309080614804623,292,0,292,8_POSSA
query_cycle_6_132.graph,5,0.1,292,201941618.0,200037543.65442786,0.0094288357418833,292,0,292,8_POSSA
query_cycle_6_145.graph,1,0.1,275,2810441602.0,1798252112.7937167,0.3601531832171773,275,0,275,UN
query_cycle_6_145.graph,2,0.1,275,2810441602.0,4173671322.2450037,0.485058902940693,275,0,275,UN
query_cycle_6_145.graph,3,0.1,275,2810441602.0,3322435816.4599857,0.18217571718822917,275,0,275,UN
query_cycle_6_145.graph,4,0.1,275,2810441602.0,1202395812.1556365,0.5721683698035308,275,0,275,UN
query_cycle_6_145.graph,5,0.1,275,2810441602.0,4673199103.32771,0.6627988640653883,275,0,275,UN
query_cycle_6_145.graph,1,0.1,275,2810441602.0,2456355696.2357035,0.12598941942515998,275,0,275,PO
query_cycle_6_145.graph,2,0.1,275,2810441602.0,2842167557.5605197,0.011288601598390265,275,0,275,PO
query_cycle_6_145.graph,3,0.1,275,2810441602.0,2972218870.0354943,0.057562935276921766,275,0,275,PO
query_cycle_6_145.graph,4,0.1,275,2810441602.0,3273872115.1036577,0.1648959767653118,275,0,275,PO
query_cycle_6_145.graph,5,0.1,275,2810441602.0,3236432033.6773515,0.15157419793892998,275,0,275,PO
query_cycle_6_145.graph,1,0.1,275,2810441602.0,3018890370.7822328,0.07416940050769742,275,0,275,WO
query_cycle_6_145.graph,2,0.1,275,2810441602.0,2802521660.348095,0.002818041707847257,275,0,275,WO
query_cycle_6_145.graph,3,0.1,275,2810441602.0,3011397260.2161746,0.07150323211596644,275,0,275,WO
query_cycle_6_145.graph,4,0.1,275,2810441602.0,2763754138.513971,0.016612145028313294,275,0,275,WO
query_cycle_6_145.graph,5,0.1,275,2810441602.0,2678226281.605637,0.047044322251803515,275,0,275,WO
query_cycle_6_145.graph,1,0.1,275,2810441602.0,3128085581.155553,0.11302280002171447,275,0,275,MAB
query_cycle_6_145.graph,2,0.1,275,2810441602.0,2809993710.6678896,0.00015936688803342192,275,0,275,MAB
query_cycle_6_145.graph,3,0.1,275,2810441602.0,3086000345.8804984,0.098048201280682,275,0,275,MAB
query_cycle_6_145.graph,4,0.1,275,2810441602.0,2812670326.9986486,0.0007930159434953608,275,0,275,MAB
query_cycle_6_145.graph,5,0.1,275,2810441602.0,2739302994.8211465,0.02531225239771181,275,0,275,MAB
query_cycle_6_145.graph,1,0.1,275,2810441602.0,2904771271.4551196,0.03356400267772566,275,0,275,8_POSSA
query_cycle_6_145.graph,2,0.1,275,2810441602.0,2882388494.1238823,0.025599853088099245,275,0,275,8_POSSA
query_cycle_6_145.graph,3,0.1,275,2810441602.0,2882548632.8155165,0.02565683299172728,275,0,275,8_POSSA
query_cycle_6_145.graph,4,0.1,275,2810441602.0,2869009628.2991624,0.020839438989760012,275,0,275,8_POSSA
query_cycle_6_145.graph,5,0.1,275,2810441602.0,2904565307.396432,0.033490717376746235,275,0,275,8_POSSA
query_cycle_6_143.graph,1,0.1,170,764928128.0,1471689121.95,0.923957386425199,170,0,170,UN
query_cycle_6_143.graph,2,0.1,170,764928128.0,301124006.25000006,0.6063368632588707,170,0,170,UN
query_cycle_6_143.graph,3,0.1,170,764928128.0,644388288.3249999,0.1575832228711036,170,0,170,UN
query_cycle_6_143.graph,4,0.1,170,764928128.0,2274580544.64,1.9735872709860656,170,0,170,UN
query_cycle_6_143.graph,5,0.1,170,764928128.0,944020769.7100004,0.23413002497144464,170,0,170,UN
query_cycle_6_143.graph,1,0.1,170,764928128.0,800081492.5322148,0.04595642812106755,170,0,170,PO
query_cycle_6_143.graph,2,0.1,170,764928128.0,771494535.808704,0.008584346121344382,170,0,170,PO
query_cycle_6_143.graph,3,0.1,170,764928128.0,788465448.9457994,0.03077063070924142,170,0,170,PO
query_cycle_6_143.graph,4,0.1,170,764928128.0,788108280.000193,0.030303699330289237,170,0,170,PO
query_cycle_6_143.graph,5,0.1,170,764928128.0,482590677.05511904,0.36910324069672723,170,0,170,PO
query_cycle_6_143.graph,1,0.1,170,764928128.0,798752663.4018495,0.044219233368091686,170,0,170,WO
query_cycle_6_143.graph,2,0.1,170,764928128.0,728715021.2426497,0.047341842235601936,170,0,170,WO
query_cycle_6_143.graph,3,0.1,170,764928128.0,720308732.9766278,0.05833148682874971,170,0,170,WO
query_cycle_6_143.graph,4,0.1,170,764928128.0,717537831.7114217,0.06195392031469167,170,0,170,WO
query_cycle_6_143.graph,5,0.1,170,764928128.0,779561110.3128926,0.019129878713118203,170,0,170,WO
query_cycle_6_143.graph,1,0.1,170,764928128.0,821115202.3386282,0.07345405703086941,170,0,170,MAB
query_cycle_6_143.graph,2,0.1,170,764928128.0,710564623.0051731,0.07107008227945164,170,0,170,MAB
query_cycle_6_143.graph,3,0.1,170,764928128.0,707178499.3034754,0.07549680366378764,170,0,170,MAB
query_cycle_6_143.graph,4,0.1,170,764928128.0,765234797.409547,0.000400912711039659,170,0,170,MAB
query_cycle_6_143.graph,5,0.1,170,764928128.0,689656634.0553356,0.09840335475892496,170,0,170,MAB
query_cycle_6_143.graph,1,0.1,170,764928128.0,766094192.0831543,0.0015244099941822517,170,0,170,8_POSSA
query_cycle_6_143.graph,2,0.1,170,764928128.0,763381868.980803,0.002021443535146072,170,0,170,8_POSSA
query_cycle_6_143.graph,3,0.1,170,764928128.0,763798726.598463,0.0014764804171731826,170,0,170,8_POSSA
query_cycle_6_143.graph,4,0.1,170,764928128.0,762755447.345267,0.0028403722849278494,170,0,170,8_POSSA
query_cycle_6_143.graph,5,0.1,170,764928128.0,767451425.0245016,0.0032987374004653704,170,0,170,8_POSSA
query_cycle_6_157.graph,1,0.1,323,414253631.0,321414792.9064848,0.22411110282703886,323,0,323,UN
query_cycle_6_157.graph,2,0.1,323,414253631.0,951167.4258854489,0.9977039008117097,323,0,323,UN
query_cycle_6_157.graph,3,0.1,323,414253631.0,626296152.0162297,0.5118664150374815,323,0,323,UN
query_cycle_6_157.graph,4,0.1,323,414253631.0,94172374.99727553,0.7726697656941587,323,0,323,UN
query_cycle_6_157.graph,5,0.1,323,414253631.0,1598583255.3095171,2.858948083208273,323,0,323,UN
query_cycle_6_157.graph,1,0.1,323,414253631.0,435813122.7249549,0.05204418286669141,323,0,323,PO
query_cycle_6_157.graph,2,0.1,323,414253631.0,416013735.3459401,0.004248856773303969,323,0,323,PO
query_cycle_6_157.graph,3,0.1,323,414253631.0,487961617.5512231,0.17792960890479945,323,0,323,PO
query_cycle_6_157.graph,4,0.1,323,414253631.0,442731983.4336041,0.06874617457150091,323,0,323,PO
query_cycle_6_157.graph,5,0.1,323,414253631.0,271464985.221487,0.3446889419745678,323,0,323,PO
query_cycle_6_157.graph,1,0.1,323,414253631.0,410244403.23118573,0.00967819584136431,323,0,323,WO
query_cycle_6_157.graph,2,0.1,323,414253631.0,411610205.10453755,0.006381177369722206,323,0,323,WO
query_cycle_6_157.graph,3,0.1,323,414253631.0,406906223.700797,0.017736494623997585,323,0,323,WO
query_cycle_6_157.graph,4,0.1,323,414253631.0,407110420.55918,0.017243567482019193,323,0,323,WO
query_cycle_6_157.graph,5,0.1,323,414253631.0,416056726.8666451,0.004352637446514253,323,0,323,WO
query_cycle_6_157.graph,1,0.1,323,414253631.0,387331808.17862874,0.06498874314362077,323,0,323,MAB
query_cycle_6_157.graph,2,0.1,323,414253631.0,397785627.3837231,0.03975343215827339,323,0,323,MAB
query_cycle_6_157.graph,3,0.1,323,414253631.0,401311201.6267899,0.031242766278155018,323,0,323,MAB
query_cycle_6_157.graph,4,0.1,323,414253631.0,409317572.85943,0.01191554586656112,323,0,323,MAB
query_cycle_6_157.graph,5,0.1,323,414253631.0,404818977.1879119,0.022775066061130247,323,0,323,MAB
query_cycle_6_157.graph,1,0.1,323,414253631.0,407779922.87877405,0.01562740224050312,323,0,323,8_POSSA
query_cycle_6_157.graph,2,0.1,323,414253631.0,408974070.75485384,0.012744753093416229,323,0,323,8_POSSA
query_cycle_6_157.graph,3,0.1,323,414253631.0,408790893.4323724,0.013186939495112376,323,0,323,8_POSSA
query_cycle_6_157.graph,4,0.1,323,414253631.0,408720287.7173636,0.013357380282410618,323,0,323,8_POSSA
query_cycle_6_157.graph,5,0.1,323,414253631.0,408967677.52466774,0.012760186223527054,323,0,323,8_POSSA
query_cycle_6_176.graph,1,0.1,410,22743028.0,45641309.19362926,1.0068264082350538,410,0,410,UN
query_cycle_6_176.graph,2,0.1,410,22743028.0,9367246.633409755,0.5881266719009556,410,0,410,UN
query_cycle_6_176.graph,3,0.1,410,22743028.0,22285075.654310975,0.02013594432935776,410,0,410,UN
query_cycle_6_176.graph,4,0.1,410,22743028.0,15650256.027214633,0.3118657714700684,410,0,410,UN
query_cycle_6_176.graph,5,0.1,410,22743028.0,24864333.580580488,0.09327278586565024,410,0,410,UN
query_cycle_6_176.graph,1,0.1,410,22743028.0,21698875.810311064,0.045910869462453985,410,0,410,PO
query_cycle_6_176.graph,2,0.1,410,22743028.0,22162751.069084734,0.025514497494144854,410,0,410,PO
query_cycle_6_176.graph,3,0.1,410,22743028.0,24986004.284955885,0.09862258820399313,410,0,410,PO
query_cycle_6_176.graph,4,0.1,410,22743028.0,22366178.67178615,0.016569883667814513,410,0,410,PO
query_cycle_6_176.graph,5,0.1,410,22743028.0,23805767.7829631,0.046728156996645336,410,0,410,PO
query_cycle_6_176.graph,1,0.1,410,22743028.0,20858263.72845157,0.08287217830222217,410,0,410,WO
query_cycle_6_176.graph,2,0.1,410,22743028.0,21523583.739549644,0.05361837748475514,410,0,410,WO
query_cycle_6_176.graph,3,0.1,410,22743028.0,24538477.12450104,0.07894503425405967,410,0,410,WO
query_cycle_6_176.graph,4,0.1,410,22743028.0,22863207.90735416,0.005284252710508079,410,0,410,WO
query_cycle_6_176.graph,5,0.1,410,22743028.0,24432127.594939526,0.07426889660161022,410,0,410,WO
query_cycle_6_176.graph,1,0.1,410,22743028.0,22693544.676133167,0.0021757579451088483,410,0,410,MAB
query_cycle_6_176.graph,2,0.1,410,22743028.0,24217136.27216938,0.06481583156690399,410,0,410,MAB
query_cycle_6_176.graph,3,0.1,410,22743028.0,22618521.892029356,0.005474473670376864,410,0,410,MAB
query_cycle_6_176.graph,4,0.1,410,22743028.0,24039770.081117727,0.05701712547325391,410,0,410,MAB
query_cycle_6_176.graph,5,0.1,410,22743028.0,24527404.665584993,0.07845818356223246,410,0,410,MAB
query_cycle_6_176.graph,1,0.1,410,22743028.0,23412630.920461856,0.029442118281780942,410,0,410,8_POSSA
query_cycle_6_176.graph,2,0.1,410,22743028.0,23007068.577043034,0.01160973714859051,410,0,410,8_POSSA
query_cycle_6_176.graph,3,0.1,410,22743028.0,23080238.3848629,0.014826978398078734,410,0,410,8_POSSA
query_cycle_6_176.graph,4,0.1,410,22743028.0,22626083.246900156,0.005142004534305804,410,0,410,8_POSSA
query_cycle_6_176.graph,5,0.1,410,22743028.0,23494930.40055553,0.03306078682906818,410,0,410,8_POSSA
query_cycle_6_133.graph,1,0.1,272,2810441602.0,1901217075.6200473,0.3235166052669159,272,0,272,UN
query_cycle_6_133.graph,2,0.1,272,2810441602.0,11411155803.466167,3.060271451769581,272,0,272,UN
query_cycle_6_133.graph,3,0.1,272,2810441602.0,1785188433.2718117,0.36480144899598177,272,0,272,UN
query_cycle_6_133.graph,4,0.1,272,2810441602.0,11703196899.206873,3.164184337037462,272,0,272,UN
query_cycle_6_133.graph,5,0.1,272,2810441602.0,11976373707.191624,3.2613850074909414,272,0,272,UN
query_cycle_6_133.graph,1,0.1,272,2810441602.0,1622625737.3797238,0.4226438520462366,272,0,272,PO
query_cycle_6_133.graph,2,0.1,272,2810441602.0,3022330137.0195045,0.07539332426217926,272,0,272,PO
query_cycle_6_133.graph,3,0.1,272,2810441602.0,2999444215.1814456,0.06725014782265723,272,0,272,PO
query_cycle_6_133.graph,4,0.1,272,2810441602.0,2912281261.5169287,0.03623617706358186,272,0,272,PO
query_cycle_6_133.graph,5,0.1,272,2810441602.0,2805081598.424299,0.001907174862443997,272,0,272,PO
query_cycle_6_133.graph,1,0.1,272,2810441602.0,2800308695.6077685,0.0036054498997668423,272,0,272,WO
query_cycle_6_133.graph,2,0.1,272,2810441602.0,2732065064.0858607,0.0278876237308628,272,0,272,WO
query_cycle_6_133.graph,3,0.1,272,2810441602.0,2949810599.87767,0.049589714932518215,272,0,272,WO
query_cycle_6_133.graph,4,0.1,272,2810441602.0,2868357687.426338,0.02060746801681389,272,0,272,WO
query_cycle_6_133.graph,5,0.1,272,2810441602.0,2839425082.3820443,0.010312785137189381,272,0,272,WO
query_cycle_6_133.graph,1,0.1,272,2810441602.0,3068612358.0983825,0.09186127757099095,272,0,272,MAB
query_cycle_6_133.graph,2,0.1,272,2810441602.0,2937336555.9410734,0.04515125091045155,272,0,272,MAB
query_cycle_6_133.graph,3,0.1,272,2810441602.0,2726835863.6442566,0.029748256749489794,272,0,272,MAB
query_cycle_6_133.graph,4,0.1,272,2810441602.0,2734445090.7977815,0.027040772221752263,272,0,272,MAB
query_cycle_6_133.graph,5,0.1,272,2810441602.0,2870892191.816716,0.02150928515066729,272,0,272,MAB
query_cycle_6_133.graph,1,0.1,272,2810441602.0,2854497220.8614063,0.015675692684756354,272,0,272,8_POSSA
query_cycle_6_133.graph,2,0.1,272,2810441602.0,2888454585.9336615,0.027758265419265404,272,0,272,8_POSSA
query_cycle_6_133.graph,3,0.1,272,2810441602.0,2862089656.2467914,0.018377202433253536,272,0,272,8_POSSA
query_cycle_6_133.graph,4,0.1,272,2810441602.0,2853370099.5599475,0.015274644927472679,272,0,272,8_POSSA
query_cycle_6_133.graph,5,0.1,272,2810441602.0,2851571092.9904056,0.014634529662931441,272,0,272,8_POSSA
query_cycle_6_153.graph,1,0.1,327,414253631.0,56034033.60400001,0.8647349608771443,327,0,327,UN
query_cycle_6_153.graph,2,0.1,327,414253631.0,1710133109.7320006,3.1282272061291856,327,0,327,UN
query_cycle_6_153.graph,3,0.1,327,414253631.0,1981447053.621,3.7831736533915863,327,0,327,UN
query_cycle_6_153.graph,4,0.1,327,414253631.0,1721368201.157,3.1553484926653548,327,0,327,UN
query_cycle_6_153.graph,5,0.1,327,414253631.0,1917558329.7350001,3.628947548645627,327,0,327,UN
query_cycle_6_153.graph,1,0.1,327,414253631.0,439475939.73365176,0.060886150044757864,327,0,327,PO
query_cycle_6_153.graph,2,0.1,327,414253631.0,447656812.8666645,0.08063461456217032,327,0,327,PO
query_cycle_6_153.graph,3,0.1,327,414253631.0,448721528.34017384,0.08320481647190159,327,0,327,PO
query_cycle_6_153.graph,4,0.1,327,414253631.0,416229193.98172486,0.004768969621233949,327,0,327,PO
query_cycle_6_153.graph,5,0.1,327,414253631.0,420620260.7220096,0.01536891712123484,327,0,327,PO
query_cycle_6_153.graph,1,0.1,327,414253631.0,417234327.2388565,0.007195341249420441,327,0,327,WO
query_cycle_6_153.graph,2,0.1,327,414253631.0,412355526.0826758,0.004581987399222544,327,0,327,WO
query_cycle_6_153.graph,3,0.1,327,414253631.0,409998687.7214705,0.010271348179274076,327,0,327,WO
query_cycle_6_153.graph,4,0.1,327,414253631.0,412553979.6185807,0.004102924523114925,327,0,327,WO
query_cycle_6_153.graph,5,0.1,327,414253631.0,407189098.040527,0.01705364161182938,327,0,327,WO
query_cycle_6_153.graph,1,0.1,327,414253631.0,405027101.8235585,0.022272657343205014,327,0,327,MAB
query_cycle_6_153.graph,2,0.1,327,414253631.0,450386325.2929257,0.08722360309963273,327,0,327,MAB
query_cycle_6_153.graph,3,0.1,327,414253631.0,382798986.82026243,0.07593088346336684,327,0,327,MAB
query_cycle_6_153.graph,4,0.1,327,414253631.0,401073037.74042743,0.03181768914796203,327,0,327,MAB
query_cycle_6_153.graph,5,0.1,327,414253631.0,403983916.92341673,0.02479088487840742,327,0,327,MAB
query_cycle_6_153.graph,1,0.1,327,414253631.0,412927223.7856568,0.0032019205508018594,327,0,327,8_POSSA
query_cycle_6_153.graph,2,0.1,327,414253631.0,413233120.0037601,0.0024634931835755005,327,0,327,8_POSSA
query_cycle_6_153.graph,3,0.1,327,414253631.0,412975252.4271461,0.0030859803685195047,327,0,327,8_POSSA
query_cycle_6_153.graph,4,0.1,327,414253631.0,412896494.8961605,0.003276099476939809,327,0,327,8_POSSA
query_cycle_6_153.graph,5,0.1,327,414253631.0,412905188.45876384,0.0032551133902702285,327,0,327,8_POSSA
query_cycle_6_184.graph,1,0.1,196,2237654.0,98868.71899999998,0.9558159040673848,196,0,196,UN
query_cycle_6_184.graph,2,0.1,196,2237654.0,89020.977,0.9602168266407586,196,0,196,UN
query_cycle_6_184.graph,3,0.1,196,2237654.0,2012200.1749999996,0.10075455141858411,196,0,196,UN
query_cycle_6_184.graph,4,0.1,196,2237654.0,1181663.8029999998,0.47191844538968053,196,0,196,UN
query_cycle_6_184.graph,5,0.1,196,2237654.0,1383118.601,0.38188897792062576,196,0,196,UN
query_cycle_6_184.graph,1,0.1,196,2237654.0,1990110.2877187089,0.11062644728867427,196,0,196,PO
query_cycle_6_184.graph,2,0.1,196,2237654.0,2274338.257862832,0.01639407069315986,196,0,196,PO
query_cycle_6_184.graph,3,0.1,196,2237654.0,2151259.8096608464,0.03860927128999999,196,0,196,PO
query_cycle_6_184.graph,4,0.1,196,2237654.0,1565902.1543572007,0.30020362649578497,196,0,196,PO
query_cycle_6_184.graph,5,0.1,196,2237654.0,2323045.4092427096,0.03816113181158018,196,0,196,PO
query_cycle_6_184.graph,1,0.1,196,2237654.0,2552001.26509442,0.1404807289663281,196,0,196,WO
query_cycle_6_184.graph,2,0.1,196,2237654.0,2151222.556699412,0.038625919512394705,196,0,196,WO
query_cycle_6_184.graph,3,0.1,196,2237654.0,1919572.913586103,0.14214936107811893,196,0,196,WO
query_cycle_6_184.graph,4,0.1,196,2237654.0,2191478.840962065,0.02063552230949695,196,0,196,WO
query_cycle_6_184.graph,5,0.1,196,2237654.0,1391106.3979503326,0.37831925849557946,196,0,196,WO
query_cycle_6_184.graph,1,0.1,196,2237654.0,2313454.527679736,0.033874999298254244,196,0,196,MAB
query_cycle_6_184.graph,2,0.1,196,2237654.0,2279937.776229168,0.018896476501357146,196,0,196,MAB
query_cycle_6_184.graph,3,0.1,196,2237654.0,2310371.8561713207,0.03249736383342584,196,0,196,MAB
query_cycle_6_184.graph,4,0.1,196,2237654.0,2399279.7115234425,0.07222998351105334,196,0,196,MAB
query_cycle_6_184.graph,5,0.1,196,2237654.0,1984878.0633059002,0.11296471067202517,196,0,196,MAB
query_cycle_6_184.graph,1,0.1,196,2237654.0,2240805.452004632,0.0014083732358228667,196,0,196,8_POSSA
query_cycle_6_184.graph,2,0.1,196,2237654.0,2250741.0085616605,0.00584853983755332,196,0,196,8_POSSA
query_cycle_6_184.graph,3,0.1,196,2237654.0,2213774.819727103,0.010671524852768469,196,0,196,8_POSSA
query_cycle_6_184.graph,4,0.1,196,2237654.0,2243896.115571956,0.0027895803247312365,196,0,196,8_POSSA
query_cycle_6_184.graph,5,0.1,196,2237654.0,2262319.0133047407,0.011022710975307468,196,0,196,8_POSSA
query_cycle_6_140.graph,1,0.1,434,892948308.0,349200336.2435714,0.6089355530269156,434,0,434,UN
query_cycle_6_140.graph,2,0.1,434,892948308.0,135569914.32180557,0.8481771978207213,434,0,434,UN
query_cycle_6_140.graph,3,0.1,434,892948308.0,57299742.911865436,0.935830839928233,434,0,434,UN
query_cycle_6_140.graph,4,0.1,434,892948308.0,389382121.9670415,0.5639365476382744,434,0,434,UN
query_cycle_6_140.graph,5,0.1,434,892948308.0,33788253.80929309,0.9621610192812046,434,0,434,UN
query_cycle_6_140.graph,1,0.1,434,892948308.0,925798187.1303812,0.03678810837769259,434,0,434,PO
query_cycle_6_140.graph,2,0.1,434,892948308.0,925915490.2652547,0.03691947447562075,434,0,434,PO
query_cycle_6_140.graph,3,0.1,434,892948308.0,952356695.6716031,0.06653060108783261,434,0,434,PO
query_cycle_6_140.graph,4,0.1,434,892948308.0,913449616.1976541,0.02295912094124728,434,0,434,PO
query_cycle_6_140.graph,5,0.1,434,892948308.0,973078084.4469917,0.08973618711083518,434,0,434,PO
query_cycle_6_140.graph,1,0.1,434,892948308.0,965046643.1533408,0.08074189122416794,434,0,434,WO
query_cycle_6_140.graph,2,0.1,434,892948308.0,980858821.3605576,0.09844972275882016,434,0,434,WO
query_cycle_6_140.graph,3,0.1,434,892948308.0,966302819.5039893,0.08214866509830414,434,0,434,WO
query_cycle_6_140.graph,4,0.1,434,892948308.0,991886936.9980716,0.11079995125324943,434,0,434,WO
query_cycle_6_140.graph,5,0.1,434,892948308.0,982003748.5734401,0.09973191031953899,434,0,434,WO
query_cycle_6_140.graph,1,0.1,434,892948308.0,939313602.084285,0.051923827694049476,434,0,434,MAB
query_cycle_6_140.graph,2,0.1,434,892948308.0,950047985.797892,0.06394511002073815,434,0,434,MAB
query_cycle_6_140.graph,3,0.1,434,892948308.0,965540139.7969486,0.08129455103570066,434,0,434,MAB
query_cycle_6_140.graph,4,0.1,434,892948308.0,1011126141.1146615,0.13234565994010647,434,0,434,MAB
query_cycle_6_140.graph,5,0.1,434,892948308.0,953594300.2905456,0.06791657674605905,434,0,434,MAB
query_cycle_6_140.graph,1,0.1,434,892948308.0,975161808.6396905,0.09206971994138155,434,0,434,8_POSSA
query_cycle_6_140.graph,2,0.1,434,892948308.0,972200367.6968086,0.08875324471392422,434,0,434,8_POSSA
query_cycle_6_140.graph,3,0.1,434,892948308.0,971885807.8763773,0.08840097368366069,434,0,434,8_POSSA
query_cycle_6_140.graph,4,0.1,434,892948308.0,971967120.4563563,0.0884920344754786,434,0,434,8_POSSA
query_cycle_6_140.graph,5,0.1,434,892948308.0,969351227.6984347,0.08556253370316562,434,0,434,8_POSSA
query_cycle_6_142.graph,1,0.1,551,2233979444.0,220309327.82884246,0.9013825626638835,551,0,551,UN
query_cycle_6_142.graph,2,0.1,551,2233979444.0,1168388089.8680036,0.4769924615886467,551,0,551,UN
query_cycle_6_142.graph,3,0.1,551,2233979444.0,627432041.22082,0.7191415333270095,551,0,551,UN
query_cycle_6_142.graph,4,0.1,551,2233979444.0,232809009.29011467,0.895787309093022,551,0,551,UN
query_cycle_6_142.graph,5,0.1,551,2233979444.0,5603379789.174733,1.5082503799326514,551,0,551,UN
query_cycle_6_142.graph,1,0.1,551,2233979444.0,2491864222.286913,0.11543739982905274,551,0,551,PO
query_cycle_6_142.graph,2,0.1,551,2233979444.0,1428615513.190074,0.36050641959708474,551,0,551,PO
query_cycle_6_142.graph,3,0.1,551,2233979444.0,2092272403.8326468,0.06343256225922245,551,0,551,PO
query_cycle_6_142.graph,4,0.1,551,2233979444.0,2109876918.0326889,0.055552223768497284,551,0,551,PO
query_cycle_6_142.graph,5,0.1,551,2233979444.0,2089298916.1913533,0.06476358956535085,551,0,551,PO
query_cycle_6_142.graph,1,0.1,551,2233979444.0,2082069972.364563,0.067999493927052,551,0,551,WO
query_cycle_6_142.graph,2,0.1,551,2233979444.0,2100237599.5108848,0.05986708823499597,551,0,551,WO
query_cycle_6_142.graph,3,0.1,551,2233979444.0,2090140250.3181562,0.06438698174603426,551,0,551,WO
query_cycle_6_142.graph,4,0.1,551,2233979444.0,2119767223.7915704,0.05112500946021667,551,0,551,WO
query_cycle_6_142.graph,5,0.1,551,2233979444.0,2057071843.119204,0.07918944883576823,551,0,551,WO
query_cycle_6_142.graph,1,0.1,551,2233979444.0,1905930601.7212703,0.14684505856121463,551,0,551,MAB
query_cycle_6_142.graph,2,0.1,551,2233979444.0,2122586160.5366073,0.04986316403338971,551,0,551,MAB
query_cycle_6_142.graph,3,0.1,551,2233979444.0,2174757849.09397,0.026509462772850018,551,0,551,MAB
query_cycle_6_142.graph,4,0.1,551,2233979444.0,2204152040.673857,0.013351691040064373,551,0,551,MAB
query_cycle_6_142.graph,5,0.1,551,2233979444.0,2063650225.9940512,0.07624475617419726,551,0,551,MAB
query_cycle_6_142.graph,1,0.1,551,2233979444.0,2098225894.0715342,0.06076759134604904,551,0,551,8_POSSA
query_cycle_6_142.graph,2,0.1,551,2233979444.0,2095700050.927796,0.061898238788003865,551,0,551,8_POSSA
query_cycle_6_142.graph,3,0.1,551,2233979444.0,2096677157.4903228,0.0614608549234606,551,0,551,8_POSSA
query_cycle_6_142.graph,4,0.1,551,2233979444.0,2096967989.290141,0.06133066939261367,551,0,551,8_POSSA
query_cycle_6_142.graph,5,0.1,551,2233979444.0,2095898216.7290063,0.06180953349497056,551,0,551,8_POSSA
query_cycle_6_190.graph,1,0.1,371,11490080461.0,5019877328.522,0.5631120821511538,371,0,371,UN
query_cycle_6_190.graph,2,0.1,371,11490080461.0,3664675908.6909995,0.681057419821405,371,0,371,UN
query_cycle_6_190.graph,3,0.1,371,11490080461.0,2604063625.1890006,0.7733641958358953,371,0,371,UN
query_cycle_6_190.graph,4,0.1,371,11490080461.0,20705454108.356,0.8020286436317932,371,0,371,UN
query_cycle_6_190.graph,5,0.1,371,11490080461.0,18636094898.604,0.621929016237896,371,0,371,UN
query_cycle_6_190.graph,1,0.1,371,11490080461.0,10756007774.18374,0.06388751491409242,371,0,371,PO
query_cycle_6_190.graph,2,0.1,371,11490080461.0,10169303989.873604,0.11494927956417869,371,0,371,PO
query_cycle_6_190.graph,3,0.1,371,11490080461.0,10548363757.516905,0.08195910434913839,371,0,371,PO
query_cycle_6_190.graph,4,0.1,371,11490080461.0,9823338558.568363,0.1450592019863521,371,0,371,PO
query_cycle_6_190.graph,5,0.1,371,11490080461.0,10466132017.050123,0.08911586367261705,371,0,371,PO
query_cycle_6_190.graph,1,0.1,371,11490080461.0,10917959913.988821,0.04979256228475413,371,0,371,WO
query_cycle_6_190.graph,2,0.1,371,11490080461.0,10793238637.123722,0.06064725362381237,371,0,371,WO
query_cycle_6_190.graph,3,0.1,371,11490080461.0,11215656160.72122,0.023883583862640452,371,0,371,WO
query_cycle_6_190.graph,4,0.1,371,11490080461.0,10583447692.783125,0.07890569359319956,371,0,371,WO
query_cycle_6_190.graph,5,0.1,371,11490080461.0,10757063233.17734,0.0637956566371046,371,0,371,WO
query_cycle_6_190.graph,1,0.1,371,11490080461.0,10390785682.275604,0.09567337517397353,371,0,371,MAB
query_cycle_6_190.graph,2,0.1,371,11490080461.0,10995334673.447475,0.0430585137529547,371,0,371,MAB
query_cycle_6_190.graph,3,0.1,371,11490080461.0,10856674731.194107,0.05512630933750368,371,0,371,MAB
query_cycle_6_190.graph,4,0.1,371,11490080461.0,10613133435.701319,0.07632209611370808,371,0,371,MAB
query_cycle_6_190.graph,5,0.1,371,11490080461.0,10254933662.483957,0.10749679279517821,371,0,371,MAB
query_cycle_6_190.graph,1,0.1,371,11490080461.0,10685181376.462215,0.07005164909591355,371,0,371,8_POSSA
query_cycle_6_190.graph,2,0.1,371,11490080461.0,10717101868.906147,0.06727355780645068,371,0,371,8_POSSA
query_cycle_6_190.graph,3,0.1,371,11490080461.0,10694868301.520464,0.06920858058206561,371,0,371,8_POSSA
query_cycle_6_190.graph,4,0.1,371,11490080461.0,10678402071.408783,0.07064166281047743,371,0,371,8_POSSA
query_cycle_6_190.graph,5,0.1,371,11490080461.0,10718259819.534346,0.06717277951928995,371,0,371,8_POSSA
query_cycle_6_39.graph,1,0.1,378,11490080461.0,1509012523.2448044,0.868668237061808,378,0,378,UN
query_cycle_6_39.graph,2,0.1,378,11490080461.0,5127962977.711393,0.5537052159802631,378,0,378,UN
query_cycle_6_39.graph,3,0.1,378,11490080461.0,4009382108.8847194,0.6510570902881408,378,0,378,UN
query_cycle_6_39.graph,4,0.1,378,11490080461.0,2602839525.1488132,0.7734707312117217,378,0,378,UN
query_cycle_6_39.graph,5,0.1,378,11490080461.0,822870449.2401499,0.9283842744153826,378,0,378,UN
query_cycle_6_39.graph,1,0.1,378,11490080461.0,11091171731.702211,0.03471766195648302,378,0,378,PO
query_cycle_6_39.graph,2,0.1,378,11490080461.0,12116387980.352034,0.05450854077809696,378,0,378,PO
query_cycle_6_39.graph,3,0.1,378,11490080461.0,7025685788.772459,0.3885433776883228,378,0,378,PO
query_cycle_6_39.graph,4,0.1,378,11490080461.0,11366037415.108763,0.010795663817348203,378,0,378,PO
query_cycle_6_39.graph,5,0.1,378,11490080461.0,10116197792.870623,0.11957119645877624,378,0,378,PO
query_cycle_6_39.graph,1,0.1,378,11490080461.0,11087375655.717197,0.035048040494553206,378,0,378,WO
query_cycle_6_39.graph,2,0.1,378,11490080461.0,10851913625.29597,0.05554067596568322,378,0,378,WO
query_cycle_6_39.graph,3,0.1,378,11490080461.0,10981930677.5962,0.0442250848572016,378,0,378,WO
query_cycle_6_39.graph,4,0.1,378,11490080461.0,10968453196.777397,0.04539805147519435,378,0,378,WO
query_cycle_6_39.graph,5,0.1,378,11490080461.0,11346491881.673517,0.012496742717673365,378,0,378,WO
query_cycle_6_39.graph,1,0.1,378,11490080461.0,10084946889.69279,0.12229101232811732,378,0,378,MAB
query_cycle_6_39.graph,2,0.1,378,11490080461.0,11314243010.63011,0.015303413319577991,378,0,378,MAB
query_cycle_6_39.graph,3,0.1,378,11490080461.0,11524786533.12071,0.003020524724653656,378,0,378,MAB
query_cycle_6_39.graph,4,0.1,378,11490080461.0,11281292431.63379,0.018171154682065628,378,0,378,MAB
query_cycle_6_39.graph,5,0.1,378,11490080461.0,11681592981.159208,0.016667639605244387,378,0,378,MAB
query_cycle_6_39.graph,1,0.1,378,11490080461.0,11065901226.58505,0.03691699425906652,378,0,378,8_POSSA
query_cycle_6_39.graph,2,0.1,378,11490080461.0,11071355269.515005,0.03644232021753419,378,0,378,8_POSSA
query_cycle_6_39.graph,3,0.1,378,11490080461.0,11016021819.186438,0.041258078515866575,378,0,378,8_POSSA
query_cycle_6_39.graph,4,0.1,378,11490080461.0,11018562493.87284,0.04103695955198926,378,0,378,8_POSSA
query_cycle_6_39.graph,5,0.1,378,11490080461.0,11020902918.156752,0.040833268699531376,378,0,378,8_POSSA
query_cycle_6_167.graph,1,0.1,409,22743028.0,30692093.497214667,0.3495165857956411,409,0,409,UN
query_cycle_6_167.graph,2,0.1,409,22743028.0,16333403.155496333,0.28182812088626313,409,0,409,UN
query_cycle_6_167.graph,3,0.1,409,22743028.0,58183648.99010465,1.5583070552480809,409,0,409,UN
query_cycle_6_167.graph,4,0.1,409,22743028.0,11846910.30374083,0.47909705322700086,409,0,409,UN
query_cycle_6_167.graph,5,0.1,409,22743028.0,23825012.59968998,0.047574342329877055,409,0,409,UN
query_cycle_6_167.graph,1,0.1,409,22743028.0,19717678.829142895,0.13302314761504516,409,0,409,PO
query_cycle_6_167.graph,2,0.1,409,22743028.0,22563248.690952234,0.007904809731042236,409,0,409,PO
query_cycle_6_167.graph,3,0.1,409,22743028.0,31030564.98834616,0.36439901442965994,409,0,409,PO
query_cycle_6_167.graph,4,0.1,409,22743028.0,23399089.731875956,0.028846718734020643,409,0,409,PO
query_cycle_6_167.graph,5,0.1,409,22743028.0,21653255.37031205,0.04791677826224151,409,0,409,PO
query_cycle_6_167.graph,1,0.1,409,22743028.0,24758732.411316723,0.08862955325547339,409,0,409,WO
query_cycle_6_167.graph,2,0.1,409,22743028.0,23432232.9117089,0.030304008406835663,409,0,409,WO
query_cycle_6_167.graph,3,0.1,409,22743028.0,24484034.68250396,0.07655122627048434,409,0,409,WO
query_cycle_6_167.graph,4,0.1,409,22743028.0,24236359.09997617,0.06566105005789778,409,0,409,WO
query_cycle_6_167.graph,5,0.1,409,22743028.0,20887555.408560324,0.08158423721940963,409,0,409,WO
query_cycle_6_167.graph,1,0.1,409,22743028.0,23963102.35668401,0.053646082513023795,409,0,409,MAB
query_cycle_6_167.graph,2,0.1,409,22743028.0,22732302.633237626,0.00047158921680849164,409,0,409,MAB
query_cycle_6_167.graph,3,0.1,409,22743028.0,21788203.468424827,0.041983175308722004,409,0,409,MAB
query_cycle_6_167.graph,4,0.1,409,22743028.0,23047281.492867164,0.013377879711846827,409,0,409,MAB
query_cycle_6_167.graph,5,0.1,409,22743028.0,22974817.17187573,0.010191658378810867,409,0,409,MAB
query_cycle_6_167.graph,1,0.1,409,22743028.0,22956292.616672818,0.00937714259828628,409,0,409,8_POSSA
query_cycle_6_167.graph,2,0.1,409,22743028.0,23044681.325560614,0.013263551606259926,409,0,409,8_POSSA
query_cycle_6_167.graph,3,0.1,409,22743028.0,22045115.74303353,0.030686866188902887,409,0,409,8_POSSA
query_cycle_6_167.graph,4,0.1,409,22743028.0,22833291.162734326,0.003968827841847883,409,0,409,8_POSSA
query_cycle_6_167.graph,5,0.1,409,22743028.0,22866561.382218115,0.005431703386994688,409,0,409,8_POSSA
query_cycle_6_181.graph,1,0.1,182,27396092.0,16074736.533978572,0.413247096192458,182,0,182,UN
query_cycle_6_181.graph,2,0.1,182,27396092.0,9766732.910628572,0.6434990468484129,182,0,182,UN
query_cycle_6_181.graph,3,0.1,182,27396092.0,18808108.185192857,0.3134747764318773,182,0,182,UN
query_cycle_6_181.graph,4,0.1,182,27396092.0,10090294.572521428,0.6316885425658001,182,0,182,UN
query_cycle_6_181.graph,5,0.1,182,27396092.0,37204761.83914286,0.3580317163171616,182,0,182,UN
query_cycle_6_181.graph,1,0.1,182,27396092.0,25728636.92745056,0.06086470554082823,182,0,182,PO
query_cycle_6_181.graph,2,0.1,182,27396092.0,23032554.30223396,0.15927591781214778,182,0,182,PO
query_cycle_6_181.graph,3,0.1,182,27396092.0,23025042.735899746,0.1595501016750949,182,0,182,PO
query_cycle_6_181.graph,4,0.1,182,27396092.0,25775536.829716865,0.059152786108439666,182,0,182,PO
query_cycle_6_181.graph,5,0.1,182,27396092.0,22438155.890821036,0.18097238500947377,182,0,182,PO
query_cycle_6_181.graph,1,0.1,182,27396092.0,28094390.132382102,0.025488968732551427,182,0,182,WO
query_cycle_6_181.graph,2,0.1,182,27396092.0,26982102.52025712,0.01511126038498049,182,0,182,WO
query_cycle_6_181.graph,3,0.1,182,27396092.0,17553795.67979313,0.3592591352155946,182,0,182,WO
query_cycle_6_181.graph,4,0.1,182,27396092.0,20292484.83931727,0.2592927181250059,182,0,182,WO
query_cycle_6_181.graph,5,0.1,182,27396092.0,33152941.548869163,0.21013396906643336,182,0,182,WO
query_cycle_6_181.graph,1,0.1,182,27396092.0,22056742.181524,0.1948945790690146,182,0,182,MAB
query_cycle_6_181.graph,2,0.1,182,27396092.0,2771.1803066768753,0.9998988476054659,182,0,182,MAB
query_cycle_6_181.graph,3,0.1,182,27396092.0,26606214.388590507,0.0288317622604528,182,0,182,MAB
query_cycle_6_181.graph,4,0.1,182,27396092.0,25646742.1926851,0.06385399082887074,182,0,182,MAB
query_cycle_6_181.graph,5,0.1,182,27396092.0,27756080.849227294,0.01314015331921408,182,0,182,MAB
query_cycle_6_181.graph,1,0.1,182,27396092.0,25995506.22191719,0.05112356091090694,182,0,182,8_POSSA
query_cycle_6_181.graph,2,0.1,182,27396092.0,26503458.242429763,0.03258252153519695,182,0,182,8_POSSA
query_cycle_6_181.graph,3,0.1,182,27396092.0,26462576.926072087,0.03407475321399537,182,0,182,8_POSSA
query_cycle_6_181.graph,4,0.1,182,27396092.0,26415659.38641346,0.03578731643865633,182,0,182,8_POSSA
query_cycle_6_181.graph,5,0.1,182,27396092.0,26877312.778769497,0.018936249054445544,182,0,182,8_POSSA
query_cycle_6_160.graph,1,0.1,379,11490080461.0,56459540584.431114,3.9137637265524727,379,0,379,UN
query_cycle_6_160.graph,2,0.1,379,11490080461.0,3719434483.921479,0.6762916938183241,379,0,379,UN
query_cycle_6_160.graph,3,0.1,379,11490080461.0,4536489833.753771,0.6051820655954786,379,0,379,UN
query_cycle_6_160.graph,4,0.1,379,11490080461.0,715673928.0958015,0.9377137583566133,379,0,379,UN
query_cycle_6_160.graph,5,0.1,379,11490080461.0,3165181736.636446,0.7245291930391778,379,0,379,UN
query_cycle_6_160.graph,1,0.1,379,11490080461.0,6184942850.707442,0.46171457443656955,379,0,379,PO
query_cycle_6_160.graph,2,0.1,379,11490080461.0,10890906160.045406,0.0521470935724367,379,0,379,PO
query_cycle_6_160.graph,3,0.1,379,11490080461.0,15089910969.53121,0.31329898173906356,379,0,379,PO
query_cycle_6_160.graph,4,0.1,379,11490080461.0,10965424642.699638,0.04566163135942914,379,0,379,PO
query_cycle_6_160.graph,5,0.1,379,11490080461.0,12963125230.190321,0.1282014320256657,379,0,379,PO
query_cycle_6_160.graph,1,0.1,379,11490080461.0,11576022434.353651,0.007479666800015722,379,0,379,WO
query_cycle_6_160.graph,2,0.1,379,11490080461.0,11899919087.82887,0.035668908344024065,379,0,379,WO
query_cycle_6_160.graph,3,0.1,379,11490080461.0,11758338033.707554,0.023346883741857363,379,0,379,WO
query_cycle_6_160.graph,4,0.1,379,11490080461.0,11786348946.909664,0.02578471812406085,379,0,379,WO
query_cycle_6_160.graph,5,0.1,379,11490080461.0,11388838486.229395,0.008811250287954367,379,0,379,WO
query_cycle_6_160.graph,1,0.1,379,11490080461.0,11022792380.72014,0.04066882576374846,379,0,379,MAB
query_cycle_6_160.graph,2,0.1,379,11490080461.0,11928417823.60381,0.038149198701578124,379,0,379,MAB
query_cycle_6_160.graph,3,0.1,379,11490080461.0,10999915158.095673,0.04265986687978924,379,0,379,MAB
query_cycle_6_160.graph,4,0.1,379,11490080461.0,12045349996.206163,0.04832599189282243,379,0,379,MAB
query_cycle_6_160.graph,5,0.1,379,11490080461.0,11733320338.9851,0.021169553930515318,379,0,379,MAB
query_cycle_6_160.graph,1,0.1,379,11490080461.0,11856147747.706059,0.03185941890908213,379,0,379,8_POSSA
query_cycle_6_160.graph,2,0.1,379,11490080461.0,11749858935.51795,0.022608934323802038,379,0,379,8_POSSA
query_cycle_6_160.graph,3,0.1,379,11490080461.0,11798571162.243809,0.02684843698796521,379,0,379,8_POSSA
query_cycle_6_160.graph,4,0.1,379,11490080461.0,11856241375.169065,0.031867567456285495,379,0,379,8_POSSA
query_cycle_6_160.graph,5,0.1,379,11490080461.0,11788839177.952366,0.026001446897297394,379,0,379,8_POSSA
query_cycle_6_164.graph,1,0.1,240,168829542.0,116889313.4817858,0.3076489333733678,240,0,240,UN
query_cycle_6_164.graph,2,0.1,240,168829542.0,289330852.03155,0.7137454061893386,240,0,240,UN
query_cycle_6_164.graph,3,0.1,240,168829542.0,351839812.8761717,1.0839943573155681,240,0,240,UN
query_cycle_6_164.graph,4,0.1,240,168829542.0,246227900.78956708,0.45844085029601683,240,0,240,UN
query_cycle_6_164.graph,5,0.1,240,168829542.0,171504106.53477207,0.015841804124375747,240,0,240,UN
query_cycle_6_164.graph,1,0.1,240,168829542.0,203676391.88266414,0.20640256124525969,240,0,240,PO
query_cycle_6_164.graph,2,0.1,240,168829542.0,175703727.57603905,0.040716722290456996,240,0,240,PO
query_cycle_6_164.graph,3,0.1,240,168829542.0,183638717.41102058,0.08771673035173297,240,0,240,PO
query_cycle_6_164.graph,4,0.1,240,168829542.0,177457203.91811666,0.05110279762600232,240,0,240,PO
query_cycle_6_164.graph,5,0.1,240,168829542.0,112747454.21807647,0.3321817207910422,240,0,240,PO
query_cycle_6_164.graph,1,0.1,240,168829542.0,173238177.70236763,0.026112940011219325,240,0,240,WO
query_cycle_6_164.graph,2,0.1,240,168829542.0,173267830.05542725,0.02628857487173218,240,0,240,WO
query_cycle_6_164.graph,3,0.1,240,168829542.0,172061589.02888674,0.019143847638268992,240,0,240,WO
query_cycle_6_164.graph,4,0.1,240,168829542.0,169185148.58716172,0.0021063054661471497,240,0,240,WO
query_cycle_6_164.graph,5,0.1,240,168829542.0,172128126.44783074,0.0195379576865211,240,0,240,WO
query_cycle_6_164.graph,1,0.1,240,168829542.0,168030098.08890244,0.004735213408904209,240,0,240,MAB
query_cycle_6_164.graph,2,0.1,240,168829542.0,182334969.46805206,0.07999445658658517,240,0,240,MAB
query_cycle_6_164.graph,3,0.1,240,168829542.0,163941037.51316002,0.02895526712285922,240,0,240,MAB
query_cycle_6_164.graph,4,0.1,240,168829542.0,173527496.3090971,0.02782661288684365,240,0,240,MAB
query_cycle_6_164.graph,5,0.1,240,168829542.0,174122322.18542454,0.03134984625750235,240,0,240,MAB
query_cycle_6_164.graph,1,0.1,240,168829542.0,171223323.86885008,0.014178690769948793,240,0,240,8_POSSA
query_cycle_6_164.graph,2,0.1,240,168829542.0,171221818.77571273,0.014169775901617552,240,0,240,8_POSSA
query_cycle_6_164.graph,3,0.1,240,168829542.0,170854631.5875126,0.011994876983748569,240,0,240,8_POSSA
query_cycle_6_164.graph,4,0.1,240,168829542.0,170585510.26360643,0.010400835320671717,240,0,240,8_POSSA
query_cycle_6_164.graph,5,0.1,240,168829542.0,170541368.49739638,0.010139377724523944,240,0,240,8_POSSA
query_cycle_6_173.graph,1,0.1,239,168829542.0,170505915.34544435,0.00992938395487889,239,0,239,UN
query_cycle_6_173.graph,2,0.1,239,168829542.0,105915708.58147532,0.3726470656333634,239,0,239,UN
query_cycle_6_173.graph,3,0.1,239,168829542.0,35654368.1631364,0.7888143997740846,239,0,239,UN
query_cycle_6_173.graph,4,0.1,239,168829542.0,63473169.28585106,0.6240399130748631,239,0,239,UN
query_cycle_6_173.graph,5,0.1,239,168829542.0,99175923.48449372,0.412567715877037,239,0,239,UN
query_cycle_6_173.graph,1,0.1,239,168829542.0,159705529.64530027,0.05404274777159397,239,0,239,PO
query_cycle_6_173.graph,2,0.1,239,168829542.0,194324774.41919366,0.15101167791590442,239,0,239,PO
query_cycle_6_173.graph,3,0.1,239,168829542.0,165696460.89955947,0.01855765918289663,239,0,239,PO
query_cycle_6_173.graph,4,0.1,239,168829542.0,175023968.7885233,0.036690419906033306,239,0,239,PO
query_cycle_6_173.graph,5,0.1,239,168829542.0,179119567.64661574,0.060949200742460956,239,0,239,PO
query_cycle_6_173.graph,1,0.1,239,168829542.0,170976527.6202498,0.01271688351941278,239,0,239,WO
query_cycle_6_173.graph,2,0.1,239,168829542.0,168670709.75967532,0.0009407846425637761,239,0,239,WO
query_cycle_6_173.graph,3,0.1,239,168829542.0,167638439.47076032,0.007055059885429793,239,0,239,WO
query_cycle_6_173.graph,4,0.1,239,168829542.0,169406001.31709746,0.0034144457792668493,239,0,239,WO
query_cycle_6_173.graph,5,0.1,239,168829542.0,169944838.6917925,0.0066060517524384925,239,0,239,WO
query_cycle_6_173.graph,1,0.1,239,168829542.0,174121309.70712307,0.03134384921285323,239,0,239,MAB
query_cycle_6_173.graph,2,0.1,239,168829542.0,164326420.81041628,0.026672590212817843,239,0,239,MAB
query_cycle_6_173.graph,3,0.1,239,168829542.0,157172740.06183612,0.069044799861886,239,0,239,MAB
query_cycle_6_173.graph,4,0.1,239,168829542.0,183685298.2975023,0.0879926351840859,239,0,239,MAB
query_cycle_6_173.graph,5,0.1,239,168829542.0,169006100.0064351,0.0010457767304438714,239,0,239,MAB
query_cycle_6_173.graph,1,0.1,239,168829542.0,168822089.4174578,4.4142645024831126e-05,239,0,239,8_POSSA
query_cycle_6_173.graph,2,0.1,239,168829542.0,169456620.4878351,0.003714269910387539,239,0,239,8_POSSA
query_cycle_6_173.graph,3,0.1,239,168829542.0,168930854.7416328,0.0006000889443435757,239,0,239,8_POSSA
query_cycle_6_173.graph,4,0.1,239,168829542.0,169345449.34295058,0.003055788322582682,239,0,239,8_POSSA
query_cycle_6_173.graph,5,0.1,239,168829542.0,169336792.03799814,0.0030045099452922753,239,0,239,8_POSSA
query_cycle_6_45.graph,1,0.1,287,2175463698.0,1367607701.3780549,0.3713488748925771,287,0,287,UN
query_cycle_6_45.graph,2,0.1,287,2175463698.0,2870407527.0903215,0.3194462999907625,287,0,287,UN
query_cycle_6_45.graph,3,0.1,287,2175463698.0,437927906.9255178,0.7986967526380127,287,0,287,UN
query_cycle_6_45.graph,4,0.1,287,2175463698.0,678617890.5148662,0.6880582787298405,287,0,287,UN
query_cycle_6_45.graph,5,0.1,287,2175463698.0,1098866387.7565408,0.49488176301595965,287,0,287,UN
query_cycle_6_45.graph,1,0.1,287,2175463698.0,2162142065.537537,0.006123582974383837,287,0,287,PO
query_cycle_6_45.graph,2,0.1,287,2175463698.0,2088754294.485822,0.039857894937016795,287,0,287,PO
query_cycle_6_45.graph,3,0.1,287,2175463698.0,2181945516.381282,0.0029795111668564616,287,0,287,PO
query_cycle_6_45.graph,4,0.1,287,2175463698.0,2128862694.6217523,0.021421181801879803,287,0,287,PO
query_cycle_6_45.graph,5,0.1,287,2175463698.0,2248851837.0265265,0.033734481110392886,287,0,287,PO
query_cycle_6_45.graph,1,0.1,287,2175463698.0,2123308931.1624699,0.023974091999548565,287,0,287,WO
query_cycle_6_45.graph,2,0.1,287,2175463698.0,2180703420.0384326,0.0024085541134286482,287,0,287,WO
query_cycle_6_45.graph,3,0.1,287,2175463698.0,2228881399.113842,0.024554627669931366,287,0,287,WO
query_cycle_6_45.graph,4,0.1,287,2175463698.0,2090785833.9451892,0.03892405289624408,287,0,287,WO
query_cycle_6_45.graph,5,0.1,287,2175463698.0,2051454278.424938,0.0570036722235675,287,0,287,WO
query_cycle_6_45.graph,1,0.1,287,2175463698.0,2402693158.2449985,0.10445104666830365,287,0,287,MAB
query_cycle_6_45.graph,2,0.1,287,2175463698.0,2106517338.8892257,0.031692718740450466,287,0,287,MAB
query_cycle_6_45.graph,3,0.1,287,2175463698.0,2167003019.858703,0.0038891378187901455,287,0,287,MAB
query_cycle_6_45.graph,4,0.1,287,2175463698.0,2345812266.891197,0.07830448701479421,287,0,287,MAB
query_cycle_6_45.graph,5,0.1,287,2175463698.0,2054489526.3557067,0.05560845338651719,287,0,287,MAB
query_cycle_6_45.graph,1,0.1,287,2175463698.0,2172545998.9130025,0.001341184911373092,287,0,287,8_POSSA
query_cycle_6_45.graph,2,0.1,287,2175463698.0,2166788139.2076917,0.003987912462195603,287,0,287,8_POSSA
query_cycle_6_45.graph,3,0.1,287,2175463698.0,2156329319.29958,0.008795540333773891,287,0,287,8_POSSA
query_cycle_6_45.graph,4,0.1,287,2175463698.0,2164809852.1475773,0.004897275859954485,287,0,287,8_POSSA
query_cycle_6_45.graph,5,0.1,287,2175463698.0,2175665837.407652,9.291784911774761e-05,287,0,287,8_POSSA
query_cycle_6_165.graph,1,0.1,464,2453570105.0,589391675.051,0.7597820115879672,464,0,464,UN
query_cycle_6_165.graph,2,0.1,464,2453570105.0,1181317210.024,0.5185312995065205,464,0,464,UN
query_cycle_6_165.graph,3,0.1,464,2453570105.0,2677338500.88,0.09120114213325081,464,0,464,UN
query_cycle_6_165.graph,4,0.1,464,2453570105.0,588757384.171,0.7600405291166522,464,0,464,UN
query_cycle_6_165.graph,5,0.1,464,2453570105.0,183395957.875,0.9252534266287044,464,0,464,UN
query_cycle_6_165.graph,1,0.1,464,2453570105.0,2466143463.1169868,0.005124515534063679,464,0,464,PO
query_cycle_6_165.graph,2,0.1,464,2453570105.0,2406129373.581196,0.019335388592372896,464,0,464,PO
query_cycle_6_165.graph,3,0.1,464,2453570105.0,2503584623.2329354,0.020384385239701732,464,0,464,PO
query_cycle_6_165.graph,4,0.1,464,2453570105.0,2332659235.2907434,0.04927956591208004,464,0,464,PO
query_cycle_6_165.graph,5,0.1,464,2453570105.0,2524279943.641239,0.028819163755355245,464,0,464,PO
query_cycle_6_165.graph,1,0.1,464,2453570105.0,2391777969.7459555,0.025184581083752867,464,0,464,WO
query_cycle_6_165.graph,2,0.1,464,2453570105.0,2394853565.091067,0.02393106265408021,464,0,464,WO
query_cycle_6_165.graph,3,0.1,464,2453570105.0,2445745089.9874916,0.0031892363688986146,464,0,464,WO
query_cycle_6_165.graph,4,0.1,464,2453570105.0,2424364716.5922394,0.011903221492731963,464,0,464,WO
query_cycle_6_165.graph,5,0.1,464,2453570105.0,2465315137.5401416,0.004786915407962872,464,0,464,WO
query_cycle_6_165.graph,1,0.1,464,2453570105.0,37732.132562902654,0.9999846215388399,464,0,464,MAB
query_cycle_6_165.graph,2,0.1,464,2453570105.0,2307935858.198829,0.05935605691656845,464,0,464,MAB
query_cycle_6_165.graph,3,0.1,464,2453570105.0,2419324779.2261553,0.013957345544787161,464,0,464,MAB
query_cycle_6_165.graph,4,0.1,464,2453570105.0,2456489111.371818,0.0011896975618791482,464,0,464,MAB
query_cycle_6_165.graph,5,0.1,464,2453570105.0,2197957511.237828,0.10417986151741616,464,0,464,MAB
query_cycle_6_165.graph,1,0.1,464,2453570105.0,2415436829.4895205,0.015541954734763714,464,0,464,8_POSSA
query_cycle_6_165.graph,2,0.1,464,2453570105.0,2419573052.201446,0.013856157086880524,464,0,464,8_POSSA
query_cycle_6_165.graph,3,0.1,464,2453570105.0,2420044931.604721,0.013663833499992424,464,0,464,8_POSSA
query_cycle_6_165.graph,4,0.1,464,2453570105.0,2413937942.569992,0.01615285511885055,464,0,464,8_POSSA
query_cycle_6_165.graph,5,0.1,464,2453570105.0,2410706573.7538304,0.017469862042588578,464,0,464,8_POSSA
query_cycle_6_186.graph,1,0.1,205,524186.0,2864383.3976839026,4.46444086199155,205,0,205,UN
query_cycle_6_186.graph,2,0.1,205,524186.0,289188.49813463417,0.4483093822905721,205,0,205,UN
query_cycle_6_186.graph,3,0.1,205,524186.0,80848.73793951218,0.8457632635371564,205,0,205,UN
query_cycle_6_186.graph,4,0.1,205,524186.0,25149.426111219513,0.9520219423807208,205,0,205,UN
query_cycle_6_186.graph,5,0.1,205,524186.0,40721.46553756098,0.9223148547699462,205,0,205,UN
query_cycle_6_186.graph,1,0.1,205,524186.0,475247.71931002167,0.09336052601553328,205,0,205,PO
query_cycle_6_186.graph,2,0.1,205,524186.0,475127.35780053464,0.0935901420477948,205,0,205,PO
query_cycle_6_186.graph,3,0.1,205,524186.0,555321.4335776062,0.05939768245929159,205,0,205,PO
query_cycle_6_186.graph,4,0.1,205,524186.0,510746.7946304924,0.025638237895532507,205,0,205,PO
query_cycle_6_186.graph,5,0.1,205,524186.0,510562.1476929643,0.02599049251036026,205,0,205,PO
query_cycle_6_186.graph,1,0.1,205,524186.0,548088.5107118168,0.04559929244927724,205,0,205,WO
query_cycle_6_186.graph,2,0.1,205,524186.0,553378.7992038811,0.055691680441448385,205,0,205,WO
query_cycle_6_186.graph,3,0.1,205,524186.0,564219.150410705,0.07637203284846412,205,0,205,WO
query_cycle_6_186.graph,4,0.1,205,524186.0,571836.9317684168,0.09090462501557992,205,0,205,WO
query_cycle_6_186.graph,5,0.1,205,524186.0,560461.7308037848,0.06920392914687687,205,0,205,WO
query_cycle_6_186.graph,1,0.1,205,524186.0,503941.1855203871,0.03862143300205065,205,0,205,MAB
query_cycle_6_186.graph,2,0.1,205,524186.0,539346.4280879241,0.028921848519273964,205,0,205,MAB
query_cycle_6_186.graph,3,0.1,205,524186.0,513193.1031113867,0.02097136682134451,205,0,205,MAB
query_cycle_6_186.graph,4,0.1,205,524186.0,549693.6332294303,0.048661416423617376,205,0,205,MAB
query_cycle_6_186.graph,5,0.1,205,524186.0,536178.1632469817,0.022877687017550417,205,0,205,MAB
query_cycle_6_186.graph,1,0.1,205,524186.0,538693.5715733957,0.027676381233752424,205,0,205,8_POSSA
query_cycle_6_186.graph,2,0.1,205,524186.0,537981.0596459972,0.026317108137182688,205,0,205,8_POSSA
query_cycle_6_186.graph,3,0.1,205,524186.0,541778.4146091756,0.03356139730777938,205,0,205,8_POSSA
query_cycle_6_186.graph,4,0.1,205,524186.0,538157.2936309808,0.02665331319604257,205,0,205,8_POSSA
query_cycle_6_186.graph,5,0.1,205,524186.0,542705.6208304537,0.0353302469551909,205,0,205,8_POSSA
query_cycle_6_54.graph,1,0.1,285,2175463698.0,2344983235.350455,0.07792340433274139,285,0,285,UN
query_cycle_6_54.graph,2,0.1,285,2175463698.0,4378092136.180488,1.012486873582612,285,0,285,UN
query_cycle_6_54.graph,3,0.1,285,2175463698.0,4235190140.9422665,0.9467988111389145,285,0,285,UN
query_cycle_6_54.graph,4,0.1,285,2175463698.0,442019260.4260011,0.7968160715196632,285,0,285,UN
query_cycle_6_54.graph,5,0.1,285,2175463698.0,749008970.8564894,0.6557014619250662,285,0,285,UN
query_cycle_6_54.graph,1,0.1,285,2175463698.0,1775961765.6409497,0.18363989834734087,285,0,285,PO
query_cycle_6_54.graph,2,0.1,285,2175463698.0,2139724575.2493136,0.016428278156763988,285,0,285,PO
query_cycle_6_54.graph,3,0.1,285,2175463698.0,2178663281.8052645,0.0014707594561131918,285,0,285,PO
query_cycle_6_54.graph,4,0.1,285,2175463698.0,1836130942.65644,0.1559818054677371,285,0,285,PO
query_cycle_6_54.graph,5,0.1,285,2175463698.0,2208867029.19982,0.015354579913481986,285,0,285,PO
query_cycle_6_54.graph,1,0.1,285,2175463698.0,2285398913.1901484,0.05053415292161237,285,0,285,WO
query_cycle_6_54.graph,2,0.1,285,2175463698.0,2229673278.888084,0.02491863272088668,285,0,285,WO
query_cycle_6_54.graph,3,0.1,285,2175463698.0,2179890117.578123,0.00203470165105145,285,0,285,WO
query_cycle_6_54.graph,4,0.1,285,2175463698.0,2088274561.5956812,0.040078414769446916,285,0,285,WO
query_cycle_6_54.graph,5,0.1,285,2175463698.0,2065478293.1606495,0.05055722370383147,285,0,285,WO
query_cycle_6_54.graph,1,0.1,285,2175463698.0,2273786662.7058973,0.04519632517715188,285,0,285,MAB
query_cycle_6_54.graph,2,0.1,285,2175463698.0,2350742887.31161,0.08057095573359929,285,0,285,MAB
query_cycle_6_54.graph,3,0.1,285,2175463698.0,2196241000.1538258,0.009550746433014375,285,0,285,MAB
query_cycle_6_54.graph,4,0.1,285,2175463698.0,2289148891.6617956,0.052257913458317616,285,0,285,MAB
query_cycle_6_54.graph,5,0.1,285,2175463698.0,2132485636.2649426,0.019755816552842958,285,0,285,MAB
query_cycle_6_54.graph,1,0.1,285,2175463698.0,2197269764.373256,0.010023640657990978,285,0,285,8_POSSA
query_cycle_6_54.graph,2,0.1,285,2175463698.0,2199520993.5025163,0.011058467914051247,285,0,285,8_POSSA
query_cycle_6_54.graph,3,0.1,285,2175463698.0,2181374846.941024,0.0027171903380682504,285,0,285,8_POSSA
query_cycle_6_54.graph,4,0.1,285,2175463698.0,2173938280.3534408,0.0007011919564374355,285,0,285,8_POSSA
query_cycle_6_54.graph,5,0.1,285,2175463698.0,2171618259.069278,0.0017676410478637352,285,0,285,8_POSSA
query_cycle_6_180.graph,1,0.1,181,18430324.0,2232546.7676375695,0.8788655713465716,181,0,181,UN
query_cycle_6_180.graph,2,0.1,181,18430324.0,3431054.1181524866,0.8138364730781463,181,0,181,UN
query_cycle_6_180.graph,3,0.1,181,18430324.0,4526663.5821348075,0.7543904501008877,181,0,181,UN
query_cycle_6_180.graph,4,0.1,181,18430324.0,32725745.043862984,0.7756467571521252,181,0,181,UN
query_cycle_6_180.graph,5,0.1,181,18430324.0,26639588.083049726,0.4454215825532815,181,0,181,UN
query_cycle_6_180.graph,1,0.1,181,18430324.0,18311985.200424653,0.006420874618121062,181,0,181,PO
query_cycle_6_180.graph,2,0.1,181,18430324.0,18301564.501371365,0.006986285136855704,181,0,181,PO
query_cycle_6_180.graph,3,0.1,181,18430324.0,18294162.77585331,0.00738789096418979,181,0,181,PO
query_cycle_6_180.graph,4,0.1,181,18430324.0,18294162.7758533,0.007387890964190396,181,0,181,PO
query_cycle_6_180.graph,5,0.1,181,18430324.0,19164114.08604411,0.039814280315642325,181,0,181,PO
query_cycle_6_180.graph,1,0.1,181,18430324.0,17043795.58261766,0.075230821627571,181,0,181,WO
query_cycle_6_180.graph,2,0.1,181,18430324.0,18893378.383291394,0.025124592670828443,181,0,181,WO
query_cycle_6_180.graph,3,0.1,181,18430324.0,19924945.3065255,0.08109576947890328,181,0,181,WO
query_cycle_6_180.graph,4,0.1,181,18430324.0,17863320.53719524,0.03076470401739876,181,0,181,WO
query_cycle_6_180.graph,5,0.1,181,18430324.0,21951305.911215387,0.1910428656173048,181,0,181,WO
query_cycle_6_180.graph,1,0.1,181,18430324.0,18982252.987675168,0.0299467870274645,181,0,181,MAB
query_cycle_6_180.graph,2,0.1,181,18430324.0,18252780.36131172,0.009633234808475487,181,0,181,MAB
query_cycle_6_180.graph,3,0.1,181,18430324.0,13546631.297163919,0.2649813808393212,181,0,181,MAB
query_cycle_6_180.graph,4,0.1,181,18430324.0,16663104.859909477,0.09588649337312373,181,0,181,MAB
query_cycle_6_180.graph,5,0.1,181,18430324.0,17521914.64549265,0.049288843457518675,181,0,181,MAB
query_cycle_6_180.graph,1,0.1,181,18430324.0,18420123.248967063,0.0005534764897750749,181,0,181,8_POSSA
query_cycle_6_180.graph,2,0.1,181,18430324.0,18419474.68309277,0.0005886666402191717,181,0,181,8_POSSA
query_cycle_6_180.graph,3,0.1,181,18430324.0,18444353.846032117,0.0007612370803745264,181,0,181,8_POSSA
query_cycle_6_180.graph,4,0.1,181,18430324.0,18448277.89877141,0.0009741499265780105,181,0,181,8_POSSA
query_cycle_6_180.graph,5,0.1,181,18430324.0,18448057.286610004,0.0009621798623835132,181,0,181,8_POSSA
query_cycle_6_178.graph,1,0.1,289,2175463698.0,3347451467.885503,0.5387300973870366,289,0,289,UN
query_cycle_6_178.graph,2,0.1,289,2175463698.0,713334386.1674618,0.6721000737345046,289,0,289,UN
query_cycle_6_178.graph,3,0.1,289,2175463698.0,7486525242.229459,2.4413468949687154,289,0,289,UN
query_cycle_6_178.graph,4,0.1,289,2175463698.0,1137674914.7297542,0.47704256532725914,289,0,289,UN
query_cycle_6_178.graph,5,0.1,289,2175463698.0,2233655797.453667,0.026749285454482984,289,0,289,UN
query_cycle_6_178.graph,1,0.1,289,2175463698.0,2237011745.4760313,0.028291921181040687,289,0,289,PO
query_cycle_6_178.graph,2,0.1,289,2175463698.0,2258726948.821602,0.03827379463888524,289,0,289,PO
query_cycle_6_178.graph,3,0.1,289,2175463698.0,2116412990.5536082,0.027143963606784036,289,0,289,PO
query_cycle_6_178.graph,4,0.1,289,2175463698.0,2069727155.1662798,0.048604140317730186,289,0,289,PO
query_cycle_6_178.graph,5,0.1,289,2175463698.0,2520200654.6863174,0.1584659661309216,289,0,289,PO
query_cycle_6_178.graph,1,0.1,289,2175463698.0,2191893573.5412064,0.007552355645516435,289,0,289,WO
query_cycle_6_178.graph,2,0.1,289,2175463698.0,2306035911.9446664,0.060020405794271446,289,0,289,WO
query_cycle_6_178.graph,3,0.1,289,2175463698.0,2242143090.350806,0.030650657334391537,289,0,289,WO
query_cycle_6_178.graph,4,0.1,289,2175463698.0,2161723151.0489583,0.006316146283513713,289,0,289,WO
query_cycle_6_178.graph,5,0.1,289,2175463698.0,2119350183.667519,0.025793817834822316,289,0,289,WO
query_cycle_6_178.graph,1,0.1,289,2175463698.0,2182475269.8191085,0.0032230240502539916,289,0,289,MAB
query_cycle_6_178.graph,2,0.1,289,2175463698.0,2130439315.424278,0.02069645318242492,289,0,289,MAB
query_cycle_6_178.graph,3,0.1,289,2175463698.0,2125027757.800712,0.023183995322769983,289,0,289,MAB
query_cycle_6_178.graph,4,0.1,289,2175463698.0,2082194479.960865,0.042873258756228154,289,0,289,MAB
query_cycle_6_178.graph,5,0.1,289,2175463698.0,1986601039.105786,0.0868148979308842,289,0,289,MAB
query_cycle_6_178.graph,1,0.1,289,2175463698.0,2152189615.1025343,0.010698446919092513,289,0,289,8_POSSA
query_cycle_6_178.graph,2,0.1,289,2175463698.0,2154940721.7294164,0.009433839916267648,289,0,289,8_POSSA
query_cycle_6_178.graph,3,0.1,289,2175463698.0,2143109570.00135,0.014872290458532889,289,0,289,8_POSSA
query_cycle_6_178.graph,4,0.1,289,2175463698.0,2151631469.751743,0.010955010773182372,289,0,289,8_POSSA
query_cycle_6_178.graph,5,0.1,289,2175463698.0,2161962865.301064,0.00620595632616067,289,0,289,8_POSSA
query_cycle_6_175.graph,1,0.1,338,1592146312.0,1184395424.4056613,0.256101392517209,338,0,338,UN
query_cycle_6_175.graph,2,0.1,338,1592146312.0,437344945.9464719,0.7253110831270939,338,0,338,UN
query_cycle_6_175.graph,3,0.1,338,1592146312.0,1106603766.6678257,0.3049610087167506,338,0,338,UN
query_cycle_6_175.graph,4,0.1,338,1592146312.0,173668747.7278077,0.8909216154200985,338,0,338,UN
query_cycle_6_175.graph,5,0.1,338,1592146312.0,2029462571.1273186,0.2746708991700498,338,0,338,UN
query_cycle_6_175.graph,1,0.1,338,1592146312.0,1504503031.7548685,0.05504725262029279,338,0,338,PO
query_cycle_6_175.graph,2,0.1,338,1592146312.0,1606752634.3014488,0.009173982435760479,338,0,338,PO
query_cycle_6_175.graph,3,0.1,338,1592146312.0,1550047991.861665,0.02644123835921368,338,0,338,PO
query_cycle_6_175.graph,4,0.1,338,1592146312.0,1789564066.7449307,0.12399473167572224,338,0,338,PO
query_cycle_6_175.graph,5,0.1,338,1592146312.0,1554572195.0699394,0.02359966332670852,338,0,338,PO
query_cycle_6_175.graph,1,0.1,338,1592146312.0,1591872162.314596,0.0001721887513338424,338,0,338,WO
query_cycle_6_175.graph,2,0.1,338,1592146312.0,1553124523.6054485,0.02450892113397146,338,0,338,WO
query_cycle_6_175.graph,3,0.1,338,1592146312.0,1709590588.4194295,0.07376475109997901,338,0,338,WO
query_cycle_6_175.graph,4,0.1,338,1592146312.0,1569406329.9152176,0.014282595709572176,338,0,338,WO
query_cycle_6_175.graph,5,0.1,338,1592146312.0,1543968708.8419964,0.0302595325535657,338,0,338,WO
query_cycle_6_175.graph,1,0.1,338,1592146312.0,1552233017.6632679,0.02506886084269129,338,0,338,MAB
query_cycle_6_175.graph,2,0.1,338,1592146312.0,1476300313.6155837,0.07276089986911727,338,0,338,MAB
query_cycle_6_175.graph,3,0.1,338,1592146312.0,1562788767.7101715,0.018438973898668012,338,0,338,MAB
query_cycle_6_175.graph,4,0.1,338,1592146312.0,1578825583.74389,0.008366522696885129,338,0,338,MAB
query_cycle_6_175.graph,5,0.1,338,1592146312.0,1434335440.8885367,0.09911832218059574,338,0,338,MAB
query_cycle_6_175.graph,1,0.1,338,1592146312.0,1563129756.0072634,0.01822480495293612,338,0,338,8_POSSA
query_cycle_6_175.graph,2,0.1,338,1592146312.0,1563448020.62256,0.018024908364979445,338,0,338,8_POSSA
query_cycle_6_175.graph,3,0.1,338,1592146312.0,1563517562.0005474,0.017981230609070174,338,0,338,8_POSSA
query_cycle_6_175.graph,4,0.1,338,1592146312.0,1557340546.81897,0.02186090871090121,338,0,338,8_POSSA
query_cycle_6_175.graph,5,0.1,338,1592146312.0,1563049276.2634943,0.018275352910220317,338,0,338,8_POSSA
query_cycle_6_202.graph,1,0.1,169,764928128.0,70299113.19791716,0.9080971000743259,169,0,169,UN
query_cycle_6_202.graph,2,0.1,169,764928128.0,589411110.6459641,0.22945556703862752,169,0,169,UN
query_cycle_6_202.graph,3,0.1,169,764928128.0,1097652729.8672664,0.43497498613002555,169,0,169,UN
query_cycle_6_202.graph,4,0.1,169,764928128.0,1747569325.8828876,1.2846189882598846,169,0,169,UN
query_cycle_6_202.graph,5,0.1,169,764928128.0,1122143657.7207103,0.4669922789408919,169,0,169,UN
query_cycle_6_202.graph,1,0.1,169,764928128.0,781242904.9986537,0.021328509701049523,169,0,169,PO
query_cycle_6_202.graph,2,0.1,169,764928128.0,751818018.6020843,0.017139008121186152,169,0,169,PO
query_cycle_6_202.graph,3,0.1,169,764928128.0,482574295.8512026,0.3691246560471592,169,0,169,PO
query_cycle_6_202.graph,4,0.1,169,764928128.0,724288800.2901086,0.05312829561667189,169,0,169,PO
query_cycle_6_202.graph,5,0.1,169,764928128.0,733088070.6780194,0.04162490063639102,169,0,169,PO
query_cycle_6_202.graph,1,0.1,169,764928128.0,758615198.9142517,0.00825297025258341,169,0,169,WO
query_cycle_6_202.graph,2,0.1,169,764928128.0,711065896.3221254,0.0704147614740016,169,0,169,WO
query_cycle_6_202.graph,3,0.1,169,764928128.0,705834248.416446,0.07725415946993916,169,0,169,WO
query_cycle_6_202.graph,4,0.1,169,764928128.0,692338096.5097628,0.09489784573621698,169,0,169,WO
query_cycle_6_202.graph,5,0.1,169,764928128.0,731856357.8441069,0.04323513405418017,169,0,169,WO
query_cycle_6_202.graph,1,0.1,169,764928128.0,758727396.2493334,0.00810629328912143,169,0,169,MAB
query_cycle_6_202.graph,2,0.1,169,764928128.0,763995395.4941645,0.001219372738030014,169,0,169,MAB
query_cycle_6_202.graph,3,0.1,169,764928128.0,720973695.7619773,0.05746217275725895,169,0,169,MAB
query_cycle_6_202.graph,4,0.1,169,764928128.0,766446824.4385576,0.0019854106326674717,169,0,169,MAB
query_cycle_6_202.graph,5,0.1,169,764928128.0,772937554.2069175,0.010470821916118013,169,0,169,MAB
query_cycle_6_202.graph,1,0.1,169,764928128.0,736136476.7969196,0.037639681623892925,169,0,169,8_POSSA
query_cycle_6_202.graph,2,0.1,169,764928128.0,736713374.4388876,0.036885496203262126,169,0,169,8_POSSA
query_cycle_6_202.graph,3,0.1,169,764928128.0,735610216.8974823,0.038327667697582335,169,0,169,8_POSSA
query_cycle_6_202.graph,4,0.1,169,764928128.0,731227321.1937158,0.0440574814452165,169,0,169,8_POSSA
query_cycle_6_202.graph,5,0.1,169,764928128.0,739499620.7146305,0.03324300199530578,169,0,169,8_POSSA
query_cycle_6_60.graph,1,0.1,176,1244438980.0,2544416032.284569,1.0446290040549588,176,0,176,UN
query_cycle_6_60.graph,2,0.1,176,1244438980.0,719323319.8116137,0.4219697941223171,176,0,176,UN
query_cycle_6_60.graph,3,0.1,176,1244438980.0,3618273978.1407447,1.9075543568562476,176,0,176,UN
query_cycle_6_60.graph,4,0.1,176,1244438980.0,996586556.2895911,0.19916800075678193,176,0,176,UN
query_cycle_6_60.graph,5,0.1,176,1244438980.0,1549841825.0585399,0.24541407812421615,176,0,176,UN
query_cycle_6_60.graph,1,0.1,176,1244438980.0,1206648598.7464612,0.03036740399560519,176,0,176,PO
query_cycle_6_60.graph,2,0.1,176,1244438980.0,1376908673.0786414,0.10644932793622505,176,0,176,PO
query_cycle_6_60.graph,3,0.1,176,1244438980.0,1395584046.8248906,0.12145639059368794,176,0,176,PO
query_cycle_6_60.graph,4,0.1,176,1244438980.0,1395990257.7695358,0.12178281153611548,176,0,176,PO
query_cycle_6_60.graph,5,0.1,176,1244438980.0,1396265946.9628332,0.12200434846779966,176,0,176,PO
query_cycle_6_60.graph,1,0.1,176,1244438980.0,1403997214.5672808,0.12821700150157686,176,0,176,WO
query_cycle_6_60.graph,2,0.1,176,1244438980.0,1277299439.5024078,0.02640584233580323,176,0,176,WO
query_cycle_6_60.graph,3,0.1,176,1244438980.0,1423511898.686879,0.14389851295631942,176,0,176,WO
query_cycle_6_60.graph,4,0.1,176,1244438980.0,1318612746.2991672,0.05960418107376157,176,0,176,WO
query_cycle_6_60.graph,5,0.1,176,1244438980.0,1273046099.0251062,0.022987964444111348,176,0,176,WO
query_cycle_6_60.graph,1,0.1,176,1244438980.0,1274224536.4879334,0.023934927277778937,176,0,176,MAB
query_cycle_6_60.graph,2,0.1,176,1244438980.0,1201071902.153783,0.034848697720973765,176,0,176,MAB
query_cycle_6_60.graph,3,0.1,176,1244438980.0,1359380552.1104436,0.09236416888069802,176,0,176,MAB
query_cycle_6_60.graph,4,0.1,176,1244438980.0,1264950642.862791,0.0164826586055598,176,0,176,MAB
query_cycle_6_60.graph,5,0.1,176,1244438980.0,1331960627.0882566,0.07033020380658327,176,0,176,MAB
query_cycle_6_60.graph,1,0.1,176,1244438980.0,1340957511.9611254,0.07755987518257053,176,0,176,8_POSSA
query_cycle_6_60.graph,2,0.1,176,1244438980.0,1342071347.098578,0.07845492520539495,176,0,176,8_POSSA
query_cycle_6_60.graph,3,0.1,176,1244438980.0,1340613679.0828123,0.07728357969212143,176,0,176,8_POSSA
query_cycle_6_60.graph,4,0.1,176,1244438980.0,1330510072.208797,0.06916457423151193,176,0,176,8_POSSA
query_cycle_6_60.graph,5,0.1,176,1244438980.0,1333317244.7339,0.07142034777301823,176,0,176,8_POSSA
query_cycle_6_68.graph,1,0.1,381,11490080461.0,9352784171.423985,0.1860122996379786,381,0,381,UN
query_cycle_6_68.graph,2,0.1,381,11490080461.0,11261202750.483232,0.0199195916245871,381,0,381,UN
query_cycle_6_68.graph,3,0.1,381,11490080461.0,4258532120.3028035,0.6293731680333093,381,0,381,UN
query_cycle_6_68.graph,4,0.1,381,11490080461.0,13639122200.867659,0.18703452488100542,381,0,381,UN
query_cycle_6_68.graph,5,0.1,381,11490080461.0,4425577071.72153,0.6148349798991429,381,0,381,UN
query_cycle_6_68.graph,1,0.1,381,11490080461.0,11357187782.894445,0.011565861401634495,381,0,381,PO
query_cycle_6_68.graph,2,0.1,381,11490080461.0,11003390449.686478,0.04235740671838297,381,0,381,PO
query_cycle_6_68.graph,3,0.1,381,11490080461.0,11199562834.826578,0.025284211643208775,381,0,381,PO
query_cycle_6_68.graph,4,0.1,381,11490080461.0,10249738772.276789,0.10794891236255645,381,0,381,PO
query_cycle_6_68.graph,5,0.1,381,11490080461.0,11752593438.955376,0.022846922512545116,381,0,381,PO
query_cycle_6_68.graph,1,0.1,381,11490080461.0,11439960301.051855,0.00436203733457432,381,0,381,WO
query_cycle_6_68.graph,2,0.1,381,11490080461.0,11654688582.172243,0.014326106917263224,381,0,381,WO
query_cycle_6_68.graph,3,0.1,381,11490080461.0,11358242383.704943,0.011474077813688628,381,0,381,WO
query_cycle_6_68.graph,4,0.1,381,11490080461.0,11469767343.78518,0.0017678829390071111,381,0,381,WO
query_cycle_6_68.graph,5,0.1,381,11490080461.0,11545068300.506369,0.004785679238105436,381,0,381,WO
query_cycle_6_68.graph,1,0.1,381,11490080461.0,11342707854.44806,0.012826072633012253,381,0,381,MAB
query_cycle_6_68.graph,2,0.1,381,11490080461.0,11735892224.445204,0.021393389217729673,381,0,381,MAB
query_cycle_6_68.graph,3,0.1,381,11490080461.0,11053208872.917122,0.03802163001083601,381,0,381,MAB
query_cycle_6_68.graph,4,0.1,381,11490080461.0,11933330131.291237,0.0385767246622623,381,0,381,MAB
query_cycle_6_68.graph,5,0.1,381,11490080461.0,10615172371.092623,0.07614464431968239,381,0,381,MAB
query_cycle_6_68.graph,1,0.1,381,11490080461.0,11478579718.319756,0.0010009279499199884,381,0,381,8_POSSA
query_cycle_6_68.graph,2,0.1,381,11490080461.0,11491478610.731453,0.0001216831976241234,381,0,381,8_POSSA
query_cycle_6_68.graph,3,0.1,381,11490080461.0,11468317933.578503,0.0018940274174201316,381,0,381,8_POSSA
query_cycle_6_68.graph,4,0.1,381,11490080461.0,11483901132.474625,0.0005377968018891984,381,0,381,8_POSSA
query_cycle_6_68.graph,5,0.1,381,11490080461.0,11491375078.69206,0.00011267263936529458,381,0,381,8_POSSA
query_cycle_6_63.graph,1,0.1,494,823888182.0,911656339.4320002,0.10652921033403069,494,0,494,UN
query_cycle_6_63.graph,2,0.1,494,823888182.0,79172444.54,0.903903895856586,494,0,494,UN
query_cycle_6_63.graph,3,0.1,494,823888182.0,112340092.85200003,0.8636464324815379,494,0,494,UN
query_cycle_6_63.graph,4,0.1,494,823888182.0,896127885.34,0.08768144138763728,494,0,494,UN
query_cycle_6_63.graph,5,0.1,494,823888182.0,430897020.9280001,0.47699574973633974,494,0,494,UN
query_cycle_6_63.graph,1,0.1,494,823888182.0,847780153.4007373,0.02899904613601714,494,0,494,PO
query_cycle_6_63.graph,2,0.1,494,823888182.0,841303365.7021282,0.021137800107597818,494,0,494,PO
query_cycle_6_63.graph,3,0.1,494,823888182.0,834735062.9420273,0.013165477038032487,494,0,494,PO
query_cycle_6_63.graph,4,0.1,494,823888182.0,907438222.2878712,0.10140944136988633,494,0,494,PO
query_cycle_6_63.graph,5,0.1,494,823888182.0,804794329.4432999,0.023175296082472645,494,0,494,PO
query_cycle_6_63.graph,1,0.1,494,823888182.0,804359185.7669289,0.02370345474025878,494,0,494,WO
query_cycle_6_63.graph,2,0.1,494,823888182.0,815769903.4291534,0.009853616969161184,494,0,494,WO
query_cycle_6_63.graph,3,0.1,494,823888182.0,814081974.6304437,0.011902352265512055,494,0,494,WO
query_cycle_6_63.graph,4,0.1,494,823888182.0,822651180.0232488,0.001501419736047638,494,0,494,WO
query_cycle_6_63.graph,5,0.1,494,823888182.0,821800616.5372807,0.0025337970714080726,494,0,494,WO
query_cycle_6_63.graph,1,0.1,494,823888182.0,758297769.8905272,0.07961081799990274,494,0,494,MAB
query_cycle_6_63.graph,2,0.1,494,823888182.0,838371835.1898627,0.017579634598840172,494,0,494,MAB
query_cycle_6_63.graph,3,0.1,494,823888182.0,821373086.284462,0.003052714883508336,494,0,494,MAB
query_cycle_6_63.graph,4,0.1,494,823888182.0,767109158.6143246,0.0689159337713081,494,0,494,MAB
query_cycle_6_63.graph,5,0.1,494,823888182.0,780326072.9039923,0.052873812305767126,494,0,494,MAB
query_cycle_6_63.graph,1,0.1,494,823888182.0,815767688.3266141,0.009856305565244604,494,0,494,8_POSSA
query_cycle_6_63.graph,2,0.1,494,823888182.0,815874933.931963,0.009726135467296984,494,0,494,8_POSSA
query_cycle_6_63.graph,3,0.1,494,823888182.0,816282403.593843,0.009231566336701037,494,0,494,8_POSSA
query_cycle_6_63.graph,4,0.1,494,823888182.0,815588404.4017469,0.010073912673568525,494,0,494,8_POSSA
query_cycle_6_63.graph,5,0.1,494,823888182.0,815561285.194803,0.010106828799247179,494,0,494,8_POSSA
query_cycle_6_88.graph,1,0.1,234,1157009.0,5008959.247742307,3.3292310152663527,234,0,234,UN
query_cycle_6_88.graph,2,0.1,234,1157009.0,488438.80404230766,0.5778435569279862,234,0,234,UN
query_cycle_6_88.graph,3,0.1,234,1157009.0,733607.6111307692,0.36594476695447553,234,0,234,UN
query_cycle_6_88.graph,4,0.1,234,1157009.0,75720.84317307692,0.9345546636429994,234,0,234,UN
query_cycle_6_88.graph,5,0.1,234,1157009.0,413320.0226192307,0.6427685328124235,234,0,234,UN
query_cycle_6_88.graph,1,0.1,234,1157009.0,1201317.3377356182,0.038295586063391236,234,0,234,PO
query_cycle_6_88.graph,2,0.1,234,1157009.0,1183113.4487261302,0.022562010084735885,234,0,234,PO
query_cycle_6_88.graph,3,0.1,234,1157009.0,1030413.3966244033,0.1094162650209261,234,0,234,PO
query_cycle_6_88.graph,4,0.1,234,1157009.0,1199557.2722033635,0.03677436580300022,234,0,234,PO
query_cycle_6_88.graph,5,0.1,234,1157009.0,1183052.6966928227,0.022509502253502553,234,0,234,PO
query_cycle_6_88.graph,1,0.1,234,1157009.0,1152829.203830981,0.0036125874293277504,234,0,234,WO
query_cycle_6_88.graph,2,0.1,234,1157009.0,1275267.9062830955,0.10221087846602359,234,0,234,WO
query_cycle_6_88.graph,3,0.1,234,1157009.0,1293509.6197721271,0.11797714604823915,234,0,234,WO
query_cycle_6_88.graph,4,0.1,234,1157009.0,1217901.2134546142,0.05262898858575358,234,0,234,WO
query_cycle_6_88.graph,5,0.1,234,1157009.0,1190442.6437261899,0.028896615087860036,234,0,234,WO
query_cycle_6_88.graph,1,0.1,234,1157009.0,1160810.8227595557,0.003285905951946487,234,0,234,MAB
query_cycle_6_88.graph,2,0.1,234,1157009.0,1345320.0708932574,0.16275679004507085,234,0,234,MAB
query_cycle_6_88.graph,3,0.1,234,1157009.0,1299030.631794881,0.12274894300293349,234,0,234,MAB
query_cycle_6_88.graph,4,0.1,234,1157009.0,1325745.931014507,0.14583890964936927,234,0,234,MAB
query_cycle_6_88.graph,5,0.1,234,1157009.0,252.6225403595132,0.9997816589669055,234,0,234,MAB
query_cycle_6_88.graph,1,0.1,234,1157009.0,1176934.9114438728,0.01722191568421062,234,0,234,8_POSSA
query_cycle_6_88.graph,2,0.1,234,1157009.0,1180973.0347647495,0.02071205562337844,234,0,234,8_POSSA
query_cycle_6_88.graph,3,0.1,234,1157009.0,1178422.5830143592,0.01850770652117592,234,0,234,8_POSSA
query_cycle_6_88.graph,4,0.1,234,1157009.0,1181340.3936813353,0.021029563020975,234,0,234,8_POSSA
query_cycle_6_88.graph,5,0.1,234,1157009.0,1182620.9277621757,0.02213632544100839,234,0,234,8_POSSA
query_cycle_6_58.graph,1,0.1,410,1706860585.0,1036727507.8545476,0.3926114897927955,410,0,410,UN
query_cycle_6_58.graph,2,0.1,410,1706860585.0,556159842.7001306,0.674162115179354,410,0,410,UN
query_cycle_6_58.graph,3,0.1,410,1706860585.0,228988894.52502292,0.8658420631788021,410,0,410,UN
query_cycle_6_58.graph,4,0.1,410,1706860585.0,6149556252.718901,2.602846246941077,410,0,410,UN
query_cycle_6_58.graph,5,0.1,410,1706860585.0,1185678736.5558138,0.3053452947618368,410,0,410,UN
query_cycle_6_58.graph,1,0.1,410,1706860585.0,1738156702.4139855,0.018335485445629112,410,0,410,PO
query_cycle_6_58.graph,2,0.1,410,1706860585.0,1593853258.9263992,0.06620770733516046,410,0,410,PO
query_cycle_6_58.graph,3,0.1,410,1706860585.0,1839580174.4154472,0.07775654941112091,410,0,410,PO
query_cycle_6_58.graph,4,0.1,410,1706860585.0,1977567593.1667204,0.15859936689950596,410,0,410,PO
query_cycle_6_58.graph,5,0.1,410,1706860585.0,1910218602.1586921,0.11914155083655653,410,0,410,PO
query_cycle_6_58.graph,1,0.1,410,1706860585.0,1638884764.1400726,0.039825057451852414,410,0,410,WO
query_cycle_6_58.graph,2,0.1,410,1706860585.0,1718171914.5299172,0.006626979162400215,410,0,410,WO
query_cycle_6_58.graph,3,0.1,410,1706860585.0,1679675391.9421728,0.015927014365867048,410,0,410,WO
query_cycle_6_58.graph,4,0.1,410,1706860585.0,1719735458.426734,0.007543014080868222,410,0,410,WO
query_cycle_6_58.graph,5,0.1,410,1706860585.0,1687472247.2915044,0.011359063463578437,410,0,410,WO
query_cycle_6_58.graph,1,0.1,410,1706860585.0,1660487864.604003,0.027168428870830742,410,0,410,MAB
query_cycle_6_58.graph,2,0.1,410,1706860585.0,1668123652.1069171,0.022694842937674875,410,0,410,MAB
query_cycle_6_58.graph,3,0.1,410,1706860585.0,1711633657.4000008,0.0027964043706597223,410,0,410,MAB
query_cycle_6_58.graph,4,0.1,410,1706860585.0,1741514657.65421,0.020302813808434208,410,0,410,MAB
query_cycle_6_58.graph,5,0.1,410,1706860585.0,1637752649.9995432,0.0404883302173486,410,0,410,MAB
query_cycle_6_58.graph,1,0.1,410,1706860585.0,1698310264.4546542,0.0050093842581441905,410,0,410,8_POSSA
query_cycle_6_58.graph,2,0.1,410,1706860585.0,1692804530.895234,0.008235033504371356,410,0,410,8_POSSA
query_cycle_6_58.graph,3,0.1,410,1706860585.0,1696996079.012032,0.005779327306903608,410,0,410,8_POSSA
query_cycle_6_58.graph,4,0.1,410,1706860585.0,1697269202.5616548,0.005619312158611474,410,0,410,8_POSSA
query_cycle_6_58.graph,5,0.1,410,1706860585.0,1689761052.2190847,0.010018119189807913,410,0,410,8_POSSA
query_cycle_6_62.graph,1,0.1,184,559380780.0,506395741.32564193,0.09472087810088518,184,0,184,UN
query_cycle_6_62.graph,2,0.1,184,559380780.0,226380991.4860261,0.595300733275058,184,0,184,UN
query_cycle_6_62.graph,3,0.1,184,559380780.0,2473959.1626902176,0.9955773254084809,184,0,184,UN
query_cycle_6_62.graph,4,0.1,184,559380780.0,1531136504.5286133,1.737198987295583,184,0,184,UN
query_cycle_6_62.graph,5,0.1,184,559380780.0,19354539.74097989,0.9654000630107815,184,0,184,UN
query_cycle_6_62.graph,1,0.1,184,559380780.0,552869312.034422,0.011640492842063612,184,0,184,PO
query_cycle_6_62.graph,2,0.1,184,559380780.0,575019661.8376317,0.027957488703190165,184,0,184,PO
query_cycle_6_62.graph,3,0.1,184,559380780.0,535567001.93580216,0.04257167731826224,184,0,184,PO
query_cycle_6_62.graph,4,0.1,184,559380780.0,572416704.7814517,0.02330420573522691,184,0,184,PO
query_cycle_6_62.graph,5,0.1,184,559380780.0,387906267.2301972,0.30654344750601337,184,0,184,PO
query_cycle_6_62.graph,1,0.1,184,559380780.0,557431800.4164402,0.0034841733095651796,184,0,184,WO
query_cycle_6_62.graph,2,0.1,184,559380780.0,533140093.0896263,0.04691024048122227,184,0,184,WO
query_cycle_6_62.graph,3,0.1,184,559380780.0,564845549.3375883,0.009769319098858403,184,0,184,WO
query_cycle_6_62.graph,4,0.1,184,559380780.0,582346752.8873913,0.04105606361268138,184,0,184,WO
query_cycle_6_62.graph,5,0.1,184,559380780.0,571903939.6949593,0.022387540192137605,184,0,184,WO
query_cycle_6_62.graph,1,0.1,184,559380780.0,603707024.4759884,0.07924162942457263,184,0,184,MAB
query_cycle_6_62.graph,2,0.1,184,559380780.0,536771734.2034522,0.0404179882557777,184,0,184,MAB
query_cycle_6_62.graph,3,0.1,184,559380780.0,518103611.41648495,0.07379082381685521,184,0,184,MAB
query_cycle_6_62.graph,4,0.1,184,559380780.0,520246097.5795904,0.06996072053174515,184,0,184,MAB
query_cycle_6_62.graph,5,0.1,184,559380780.0,499361035.97952944,0.10729675771210902,184,0,184,MAB
query_cycle_6_62.graph,1,0.1,184,559380780.0,551317845.7694576,0.014414035159632087,184,0,184,8_POSSA
query_cycle_6_62.graph,2,0.1,184,559380780.0,549447074.8503916,0.017758395541599362,184,0,184,8_POSSA
query_cycle_6_62.graph,3,0.1,184,559380780.0,551135636.3615468,0.01473976928283672,184,0,184,8_POSSA
query_cycle_6_62.graph,4,0.1,184,559380780.0,549433188.7059987,0.01778321967730343,184,0,184,8_POSSA
query_cycle_6_62.graph,5,0.1,184,559380780.0,553724558.5725591,0.01011157628161783,184,0,184,8_POSSA
query_cycle_6_89.graph,1,0.1,192,2237654.0,350938.710125,0.8431666780811511,192,0,192,UN
query_cycle_6_89.graph,2,0.1,192,2237654.0,2290798.948979688,0.023750297847517032,192,0,192,UN
query_cycle_6_89.graph,3,0.1,192,2237654.0,1477795.30590625,0.3395782789000221,192,0,192,UN
query_cycle_6_89.graph,4,0.1,192,2237654.0,992273.3029515625,0.5565564189318087,192,0,192,UN
query_cycle_6_89.graph,5,0.1,192,2237654.0,3793951.47328125,0.6955040740352395,192,0,192,UN
query_cycle_6_89.graph,1,0.1,192,2237654.0,2024781.0332674957,0.09513220843459458,192,0,192,PO
query_cycle_6_89.graph,2,0.1,192,2237654.0,1749312.6767378706,0.2182380847361252,192,0,192,PO
query_cycle_6_89.graph,3,0.1,192,2237654.0,2095286.0584783594,0.06362375126880235,192,0,192,PO
query_cycle_6_89.graph,4,0.1,192,2237654.0,1907323.6787155326,0.147623502688292,192,0,192,PO
query_cycle_6_89.graph,5,0.1,192,2237654.0,1721412.9126926903,0.23070639487039094,192,0,192,PO
query_cycle_6_89.graph,1,0.1,192,2237654.0,1877036.9218634136,0.16115855182999086,192,0,192,WO
query_cycle_6_89.graph,2,0.1,192,2237654.0,1733198.007837564,0.2254396757329042,192,0,192,WO
query_cycle_6_89.graph,3,0.1,192,2237654.0,2037665.426253129,0.0893742168122824,192,0,192,WO
query_cycle_6_89.graph,4,0.1,192,2237654.0,2003635.9059107772,0.10458189429162097,192,0,192,WO
query_cycle_6_89.graph,5,0.1,192,2237654.0,1683238.8005266874,0.24776627640971866,192,0,192,WO
query_cycle_6_89.graph,1,0.1,192,2237654.0,1608557.224300007,0.28114122009032355,192,0,192,MAB
query_cycle_6_89.graph,2,0.1,192,2237654.0,1493299.0389856535,0.33264971305409435,192,0,192,MAB
query_cycle_6_89.graph,3,0.1,192,2237654.0,1849185.836077295,0.17360510781501742,192,0,192,MAB
query_cycle_6_89.graph,4,0.1,192,2237654.0,1814152.8221460576,0.18926124318323673,192,0,192,MAB
query_cycle_6_89.graph,5,0.1,192,2237654.0,1680344.2664247004,0.24905983390430317,192,0,192,MAB
query_cycle_6_89.graph,1,0.1,192,2237654.0,1776534.706758874,0.20607265164369737,192,0,192,8_POSSA
query_cycle_6_89.graph,2,0.1,192,2237654.0,1737952.1799184366,0.22331505231888552,192,0,192,8_POSSA
query_cycle_6_89.graph,3,0.1,192,2237654.0,1807401.1924570824,0.19227852364258172,192,0,192,8_POSSA
query_cycle_6_89.graph,4,0.1,192,2237654.0,1735233.0279060905,0.2245302321511322,192,0,192,8_POSSA
query_cycle_6_89.graph,5,0.1,192,2237654.0,1772417.261980535,0.2079127237810068,192,0,192,8_POSSA
query_cycle_6_73.graph,1,0.1,121,174012.0,384965.994261157,1.2122956707649875,121,0,121,UN
query_cycle_6_73.graph,2,0.1,121,174012.0,52069.009454545456,0.7007734555401613,121,0,121,UN
query_cycle_6_73.graph,3,0.1,121,174012.0,203321.89905454544,0.1684360794344381,121,0,121,UN
query_cycle_6_73.graph,4,0.1,121,174012.0,16507.6683107438,0.9051348854633944,121,0,121,UN
query_cycle_6_73.graph,5,0.1,121,174012.0,620880.4277421489,2.5680322491675796,121,0,121,UN
query_cycle_6_73.graph,1,0.1,121,174012.0,165673.8781519036,0.04791693589003288,121,0,121,PO
query_cycle_6_73.graph,2,0.1,121,174012.0,165736.38129958868,0.04755774716922578,121,0,121,PO
query_cycle_6_73.graph,3,0.1,121,174012.0,178117.3248840909,0.023592194125065472,121,0,121,PO
query_cycle_6_73.graph,4,0.1,121,174012.0,166297.4140132549,0.044333643580587015,121,0,121,PO
query_cycle_6_73.graph,5,0.1,121,174012.0,164749.6261576645,0.053228362655078444,121,0,121,PO
query_cycle_6_73.graph,1,0.1,121,174012.0,210426.02280383013,0.20926156129364715,121,0,121,WO
query_cycle_6_73.graph,2,0.1,121,174012.0,182673.14047797018,0.04977323677660267,121,0,121,WO
query_cycle_6_73.graph,3,0.1,121,174012.0,152645.03326167536,0.12279019112661564,121,0,121,WO
query_cycle_6_73.graph,4,0.1,121,174012.0,174887.7340280501,0.005032607107843677,121,0,121,WO
query_cycle_6_73.graph,5,0.1,121,174012.0,172109.35714459023,0.010933974986838641,121,0,121,WO
query_cycle_6_73.graph,1,0.1,121,174012.0,200819.82148243755,0.15405731491183106,121,0,121,MAB
query_cycle_6_73.graph,2,0.1,121,174012.0,195375.86066351164,0.12277234135296212,121,0,121,MAB
query_cycle_6_73.graph,3,0.1,121,174012.0,162832.0851888396,0.06424795307887034,121,0,121,MAB
query_cycle_6_73.graph,4,0.1,121,174012.0,227003.8346760424,0.304529771947006,121,0,121,MAB
query_cycle_6_73.graph,5,0.1,121,174012.0,162556.8863363619,0.06582944661079752,121,0,121,MAB
query_cycle_6_73.graph,1,0.1,121,174012.0,183813.70968537725,0.05632778018399451,121,0,121,8_POSSA
query_cycle_6_73.graph,2,0.1,121,174012.0,183994.04987841958,0.05736414660149634,121,0,121,8_POSSA
query_cycle_6_73.graph,3,0.1,121,174012.0,182670.04215282024,0.04975543153817118,121,0,121,8_POSSA
query_cycle_6_73.graph,4,0.1,121,174012.0,182461.74513041304,0.04855840476756222,121,0,121,8_POSSA
query_cycle_6_73.graph,5,0.1,121,174012.0,183846.3296043192,0.05651523805438251,121,0,121,8_POSSA
query_cycle_6_174.graph,1,0.1,373,11490080461.0,10168887697.882193,0.11498551011911903,373,0,373,UN
query_cycle_6_174.graph,2,0.1,373,11490080461.0,10092897148.664207,0.12159908862937531,373,0,373,UN
query_cycle_6_174.graph,3,0.1,373,11490080461.0,21687512293.739223,0.8874987313928456,373,0,373,UN
query_cycle_6_174.graph,4,0.1,373,11490080461.0,4966429954.650409,0.5677636922119367,373,0,373,UN
query_cycle_6_174.graph,5,0.1,373,11490080461.0,2411090613.946858,0.7901589443058594,373,0,373,UN
query_cycle_6_174.graph,1,0.1,373,11490080461.0,11186785156.399,0.026396273344686704,373,0,373,PO
query_cycle_6_174.graph,2,0.1,373,11490080461.0,10282383929.413382,0.10510775235089265,373,0,373,PO
query_cycle_6_174.graph,3,0.1,373,11490080461.0,10916185199.957457,0.04994701847306267,373,0,373,PO
query_cycle_6_174.graph,4,0.1,373,11490080461.0,10836761168.400179,0.05685941841898657,373,0,373,PO
query_cycle_6_174.graph,5,0.1,373,11490080461.0,11330413609.15007,0.013896060379374728,373,0,373,PO
query_cycle_6_174.graph,1,0.1,373,11490080461.0,10900152924.691055,0.0513423329202346,373,0,373,WO
query_cycle_6_174.graph,2,0.1,373,11490080461.0,11057098894.258308,0.03768307525881403,373,0,373,WO
query_cycle_6_174.graph,3,0.1,373,11490080461.0,11086553547.81058,0.03511958985483911,373,0,373,WO
query_cycle_6_174.graph,4,0.1,373,11490080461.0,10993854738.80692,0.043187314821457184,373,0,373,WO
query_cycle_6_174.graph,5,0.1,373,11490080461.0,11110322577.652796,0.03305093333647145,373,0,373,WO
query_cycle_6_174.graph,1,0.1,373,11490080461.0,10533668513.838121,0.0832380548080723,373,0,373,MAB
query_cycle_6_174.graph,2,0.1,373,11490080461.0,10662826013.622004,0.07199727192389035,373,0,373,MAB
query_cycle_6_174.graph,3,0.1,373,11490080461.0,11404851249.448582,0.0074176340053236384,373,0,373,MAB
query_cycle_6_174.graph,4,0.1,373,11490080461.0,11154029786.513554,0.029247025347392507,373,0,373,MAB
query_cycle_6_174.graph,5,0.1,373,11490080461.0,11828881996.538036,0.029486437165345134,373,0,373,MAB
query_cycle_6_174.graph,1,0.1,373,11490080461.0,11014580514.959301,0.0413835175179718,373,0,373,8_POSSA
query_cycle_6_174.graph,2,0.1,373,11490080461.0,11056991653.126566,0.03769240862528665,373,0,373,8_POSSA
query_cycle_6_174.graph,3,0.1,373,11490080461.0,11060689300.409203,0.037370596493928016,373,0,373,8_POSSA
query_cycle_6_174.graph,4,0.1,373,11490080461.0,11114627785.77507,0.03267624421772357,373,0,373,8_POSSA
query_cycle_6_174.graph,5,0.1,373,11490080461.0,11058546887.465687,0.03755705410410643,373,0,373,8_POSSA
query_cycle_8_223.graph,1,0.1,189,5994094.0,2067530.3074285719,0.6550720913905301,189,0,189,UN
query_cycle_8_223.graph,2,0.1,189,5994094.0,1010489.566793651,0.8314191324337504,189,0,189,UN
query_cycle_8_223.graph,3,0.1,189,5994094.0,351719.96185396827,0.9413222478903454,189,0,189,UN
query_cycle_8_223.graph,4,0.1,189,5994094.0,4929722.023149206,0.17757011766094988,189,0,189,UN
query_cycle_8_223.graph,5,0.1,189,5994094.0,5264984.499352382,0.12163798242864034,189,0,189,UN
query_cycle_8_223.graph,1,0.1,189,5994094.0,5639503.041386624,0.059156723036605054,189,0,189,PO
query_cycle_8_223.graph,2,0.1,189,5994094.0,5639503.041386627,0.05915672303660459,189,0,189,PO
query_cycle_8_223.graph,3,0.1,189,5994094.0,5620066.126734249,0.06239940068770205,189,0,189,PO
query_cycle_8_223.graph,4,0.1,189,5994094.0,5620066.126734247,0.062399400687702354,189,0,189,PO
query_cycle_8_223.graph,5,0.1,189,5994094.0,5638381.587152378,0.05934381623772038,189,0,189,PO
query_cycle_8_223.graph,1,0.1,189,5994094.0,6282586.090752711,0.04812939048882293,189,0,189,WO
query_cycle_8_223.graph,2,0.1,189,5994094.0,5557187.633836306,0.07288947523407112,189,0,189,WO
query_cycle_8_223.graph,3,0.1,189,5994094.0,5354985.500286492,0.10662303589391631,189,0,189,WO
query_cycle_8_223.graph,4,0.1,189,5994094.0,5780914.454149907,0.03556493205646968,189,0,189,WO
query_cycle_8_223.graph,5,0.1,189,5994094.0,5725278.70755655,0.044846692835222406,189,0,189,WO
query_cycle_8_223.graph,1,0.1,189,5994094.0,6417114.463316584,0.07057287778880078,189,0,189,MAB
query_cycle_8_223.graph,2,0.1,189,5994094.0,5483373.170945193,0.08520400732034021,189,0,189,MAB
query_cycle_8_223.graph,3,0.1,189,5994094.0,5800190.611995458,0.032349073605542775,189,0,189,MAB
query_cycle_8_223.graph,4,0.1,189,5994094.0,5683516.243499678,0.0518139616262812,189,0,189,MAB
query_cycle_8_223.graph,5,0.1,189,5994094.0,6000863.202029075,0.001129311957582671,189,0,189,MAB
query_cycle_8_223.graph,1,0.1,189,5994094.0,5700489.764239034,0.0489822541590049,189,0,189,8_POSSA
query_cycle_8_223.graph,2,0.1,189,5994094.0,5703896.883739763,0.04841384140125882,189,0,189,8_POSSA
query_cycle_8_223.graph,3,0.1,189,5994094.0,5614606.007766994,0.06331031716102654,189,0,189,8_POSSA
query_cycle_8_223.graph,4,0.1,189,5994094.0,5683937.8908392545,0.051743617827939556,189,0,189,8_POSSA
query_cycle_8_223.graph,5,0.1,189,5994094.0,5627827.5164733585,0.061104561177492626,189,0,189,8_POSSA
query_cycle_6_61.graph,1,0.1,168,764928128.0,280888786.2559166,0.6327906165637609,168,0,168,UN
query_cycle_6_61.graph,2,0.1,168,764928128.0,93834326.52195834,0.8773292246850696,168,0,168,UN
query_cycle_6_61.graph,3,0.1,168,764928128.0,283913430.96389586,0.6288364611375673,168,0,168,UN
query_cycle_6_61.graph,4,0.1,168,764928128.0,88857301.96277083,0.8838357504317441,168,0,168,UN
query_cycle_6_61.graph,5,0.1,168,764928128.0,513247722.9062708,0.32902490558397823,168,0,168,UN
query_cycle_6_61.graph,1,0.1,168,764928128.0,1009672166.7876629,0.31995690814452943,168,0,168,PO
query_cycle_6_61.graph,2,0.1,168,764928128.0,800901091.1715785,0.047027899556569226,168,0,168,PO
query_cycle_6_61.graph,3,0.1,168,764928128.0,1014705599.6340472,0.32653717714253955,168,0,168,PO
query_cycle_6_61.graph,4,0.1,168,764928128.0,820898566.8670961,0.0731708468002579,168,0,168,PO
query_cycle_6_61.graph,5,0.1,168,764928128.0,880713593.0248449,0.15136777010355262,168,0,168,PO
query_cycle_6_61.graph,1,0.1,168,764928128.0,834033909.2506113,0.09034284231552184,168,0,168,WO
query_cycle_6_61.graph,2,0.1,168,764928128.0,768549911.4714129,0.004734802315195941,168,0,168,WO
query_cycle_6_61.graph,3,0.1,168,764928128.0,722296043.3566265,0.05573345139606827,168,0,168,WO
query_cycle_6_61.graph,4,0.1,168,764928128.0,753305602.3715696,0.015194271465502137,168,0,168,WO
query_cycle_6_61.graph,5,0.1,168,764928128.0,742107137.3795046,0.02983416321761335,168,0,168,WO
query_cycle_6_61.graph,1,0.1,168,764928128.0,704744117.956992,0.07867930049894566,168,0,168,MAB
query_cycle_6_61.graph,2,0.1,168,764928128.0,832276864.8721117,0.08804583647381795,168,0,168,MAB
query_cycle_6_61.graph,3,0.1,168,764928128.0,762049189.2262757,0.0037636722567016357,168,0,168,MAB
query_cycle_6_61.graph,4,0.1,168,764928128.0,763025796.4031311,0.0024869416187410388,168,0,168,MAB
query_cycle_6_61.graph,5,0.1,168,764928128.0,728616974.4334216,0.047470020041645515,168,0,168,MAB
query_cycle_6_61.graph,1,0.1,168,764928128.0,785160064.307311,0.02644946050057014,168,0,168,8_POSSA
query_cycle_6_61.graph,2,0.1,168,764928128.0,780302034.7562224,0.02009849839934552,168,0,168,8_POSSA
query_cycle_6_61.graph,3,0.1,168,764928128.0,789759452.2033646,0.032462297168087156,168,0,168,8_POSSA
query_cycle_6_61.graph,4,0.1,168,764928128.0,779427004.2453718,0.018954560192839212,168,0,168,8_POSSA
query_cycle_6_61.graph,5,0.1,168,764928128.0,783895472.907397,0.024796244526906756,168,0,168,8_POSSA
query_cycle_8_249.graph,1,0.1,220,689844513.0,34006365.304063626,0.9507043041392377,220,0,220,UN
query_cycle_8_249.graph,2,0.1,220,689844513.0,485734368.4726013,0.29587847794826005,220,0,220,UN
query_cycle_8_249.graph,3,0.1,220,689844513.0,542141846.6550982,0.21411008359343406,220,0,220,UN
query_cycle_8_249.graph,4,0.1,220,689844513.0,83466562.46545635,0.8790067023908381,220,0,220,UN
query_cycle_8_249.graph,5,0.1,220,689844513.0,119948714.9498959,0.8261221004306287,220,0,220,UN
query_cycle_8_249.graph,1,0.1,220,689844513.0,715511389.4080118,0.037206755905604766,220,0,220,PO
query_cycle_8_249.graph,2,0.1,220,689844513.0,655827843.7535772,0.049310632476427,220,0,220,PO
query_cycle_8_249.graph,3,0.1,220,689844513.0,539757162.1495591,0.21756692707134842,220,0,220,PO
query_cycle_8_249.graph,4,0.1,220,689844513.0,569282022.3459508,0.1747676300703564,220,0,220,PO
query_cycle_8_249.graph,5,0.1,220,689844513.0,702604524.0194705,0.01849693775772694,220,0,220,PO
query_cycle_8_249.graph,1,0.1,220,689844513.0,579381565.5883763,0.16012731177818865,220,0,220,WO
query_cycle_8_249.graph,2,0.1,220,689844513.0,634302403.0445219,0.08051395482430701,220,0,220,WO
query_cycle_8_249.graph,3,0.1,220,689844513.0,718278303.2767252,0.04121767984073996,220,0,220,WO
query_cycle_8_249.graph,4,0.1,220,689844513.0,612239446.674978,0.1124964609597786,220,0,220,WO
query_cycle_8_249.graph,5,0.1,220,689844513.0,646887236.6721127,0.06227095456782635,220,0,220,WO
query_cycle_8_249.graph,1,0.1,220,689844513.0,623648690.6185797,0.09595759788469935,220,0,220,MAB
query_cycle_8_249.graph,2,0.1,220,689844513.0,625717707.9738104,0.0929583461457344,220,0,220,MAB
query_cycle_8_249.graph,3,0.1,220,689844513.0,634990418.6463302,0.07951660601766614,220,0,220,MAB
query_cycle_8_249.graph,4,0.1,220,689844513.0,610296315.3223007,0.11531322809506687,220,0,220,MAB
query_cycle_8_249.graph,5,0.1,220,689844513.0,629685964.2057501,0.08720595389333755,220,0,220,MAB
query_cycle_8_249.graph,1,0.1,220,689844513.0,619809838.0719036,0.10152240629345473,220,0,220,8_POSSA
query_cycle_8_249.graph,2,0.1,220,689844513.0,629564651.8116448,0.08738180858496618,220,0,220,8_POSSA
query_cycle_8_249.graph,3,0.1,220,689844513.0,626862154.341002,0.09129935437929332,220,0,220,8_POSSA
query_cycle_8_249.graph,4,0.1,220,689844513.0,625479033.5895915,0.09330432901538277,220,0,220,8_POSSA
query_cycle_8_249.graph,5,0.1,220,689844513.0,625312248.8461134,0.0935461005165472,220,0,220,8_POSSA
query_cycle_6_72.graph,1,0.1,192,2237654.0,863832.0125499999,0.6139563969451935,192,0,192,UN
query_cycle_6_72.graph,2,0.1,192,2237654.0,1130340.3278916667,0.4948547327282651,192,0,192,UN
query_cycle_6_72.graph,3,0.1,192,2237654.0,483217.8759687499,0.7840515665206731,192,0,192,UN
query_cycle_6_72.graph,4,0.1,192,2237654.0,267031.1372895833,0.8806646884238657,192,0,192,UN
query_cycle_6_72.graph,5,0.1,192,2237654.0,1405279.1432604168,0.3719855065794726,192,0,192,UN
query_cycle_6_72.graph,1,0.1,192,2237654.0,1787367.8577996807,0.2012313531047782,192,0,192,PO
query_cycle_6_72.graph,2,0.1,192,2237654.0,2039292.9476735545,0.08864688299730229,192,0,192,PO
query_cycle_6_72.graph,3,0.1,192,2237654.0,1721035.8926455528,0.230874883853557,192,0,192,PO
query_cycle_6_72.graph,4,0.1,192,2237654.0,1717329.058992847,0.23253145526839847,192,0,192,PO
query_cycle_6_72.graph,5,0.1,192,2237654.0,1836559.7995599147,0.17924764080598934,192,0,192,PO
query_cycle_6_72.graph,1,0.1,192,2237654.0,1750705.96910796,0.21761542709106954,192,0,192,WO
query_cycle_6_72.graph,2,0.1,192,2237654.0,2020745.301399845,0.09693576334864777,192,0,192,WO
query_cycle_6_72.graph,3,0.1,192,2237654.0,1583594.5777806654,0.29229694234199505,192,0,192,WO
query_cycle_6_72.graph,4,0.1,192,2237654.0,1952179.4234435884,0.1275776221687587,192,0,192,WO
query_cycle_6_72.graph,5,0.1,192,2237654.0,1852574.128102838,0.17209089157535612,192,0,192,WO
query_cycle_6_72.graph,1,0.1,192,2237654.0,1784575.4695274683,0.20247926197371519,192,0,192,MAB
query_cycle_6_72.graph,2,0.1,192,2237654.0,1672342.4646019605,0.2526358120594335,192,0,192,MAB
query_cycle_6_72.graph,3,0.1,192,2237654.0,1972538.4291831271,0.11847925140208132,192,0,192,MAB
query_cycle_6_72.graph,4,0.1,192,2237654.0,1806298.6566840827,0.19277124314836758,192,0,192,MAB
query_cycle_6_72.graph,5,0.1,192,2237654.0,1683945.7466994938,0.247450344557517,192,0,192,MAB
query_cycle_6_72.graph,1,0.1,192,2237654.0,1775150.2458642228,0.20669136253226694,192,0,192,8_POSSA
query_cycle_6_72.graph,2,0.1,192,2237654.0,1783974.9714220702,0.20274762254483036,192,0,192,8_POSSA
query_cycle_6_72.graph,3,0.1,192,2237654.0,1747197.835104059,0.21918320030529342,192,0,192,8_POSSA
query_cycle_6_72.graph,4,0.1,192,2237654.0,1740774.2331653899,0.22205388627312808,192,0,192,8_POSSA
query_cycle_6_72.graph,5,0.1,192,2237654.0,1748967.4542279914,0.21839236350749874,192,0,192,8_POSSA
query_cycle_6_182.graph,1,0.1,374,11490080461.0,2118116008.647138,0.8156569907550677,374,0,374,UN
query_cycle_6_182.graph,2,0.1,374,11490080461.0,3544947057.834677,0.6914776123746871,374,0,374,UN
query_cycle_6_182.graph,3,0.1,374,11490080461.0,11487953509.892496,0.0001851119419679659,374,0,374,UN
query_cycle_6_182.graph,4,0.1,374,11490080461.0,16657878260.392582,0.449761671985961,374,0,374,UN
query_cycle_6_182.graph,5,0.1,374,11490080461.0,16995912168.02712,0.479181301272449,374,0,374,UN
query_cycle_6_182.graph,1,0.1,374,11490080461.0,13120126872.611597,0.1418655349842286,374,0,374,PO
query_cycle_6_182.graph,2,0.1,374,11490080461.0,10883419284.124365,0.05279868830638602,374,0,374,PO
query_cycle_6_182.graph,3,0.1,374,11490080461.0,11475754889.692389,0.0012467772837828055,374,0,374,PO
query_cycle_6_182.graph,4,0.1,374,11490080461.0,7793436205.450408,0.3217248363139719,374,0,374,PO
query_cycle_6_182.graph,5,0.1,374,11490080461.0,12225174530.634031,0.06397640748723311,374,0,374,PO
query_cycle_6_182.graph,1,0.1,374,11490080461.0,11579010300.593512,0.0077397055569245225,374,0,374,WO
query_cycle_6_182.graph,2,0.1,374,11490080461.0,12015726505.151443,0.045747812292142614,374,0,374,WO
query_cycle_6_182.graph,3,0.1,374,11490080461.0,12177028988.62977,0.05978622429681263,374,0,374,WO
query_cycle_6_182.graph,4,0.1,374,11490080461.0,11604871258.323765,0.009990425890696885,374,0,374,WO
query_cycle_6_182.graph,5,0.1,374,11490080461.0,11783354449.091192,0.02552410221030499,374,0,374,WO
query_cycle_6_182.graph,1,0.1,374,11490080461.0,12348814514.86428,0.07473699220636647,374,0,374,MAB
query_cycle_6_182.graph,2,0.1,374,11490080461.0,12041181478.299292,0.04796319914119456,374,0,374,MAB
query_cycle_6_182.graph,3,0.1,374,11490080461.0,12573011365.934687,0.09424920117926115,374,0,374,MAB
query_cycle_6_182.graph,4,0.1,374,11490080461.0,11972656107.895687,0.041999327031143154,374,0,374,MAB
query_cycle_6_182.graph,5,0.1,374,11490080461.0,11393640436.34651,0.008393328922354365,374,0,374,MAB
query_cycle_6_182.graph,1,0.1,374,11490080461.0,11845035844.982065,0.030892332319766267,374,0,374,8_POSSA
query_cycle_6_182.graph,2,0.1,374,11490080461.0,11821377449.143959,0.028833304454956424,374,0,374,8_POSSA
query_cycle_6_182.graph,3,0.1,374,11490080461.0,11905627359.581966,0.03616570832488328,374,0,374,8_POSSA
query_cycle_6_182.graph,4,0.1,374,11490080461.0,11854280195.5214,0.03169688286845152,374,0,374,8_POSSA
query_cycle_6_182.graph,5,0.1,374,11490080461.0,11862645304.0256,0.03242491158266228,374,0,374,8_POSSA
query_cycle_6_66.graph,1,0.1,363,1202764696.0,4111548240.5086365,2.4184144697481513,363,0,363,UN
query_cycle_6_66.graph,2,0.1,363,1202764696.0,132482728.43003526,0.8898514989086151,363,0,363,UN
query_cycle_6_66.graph,3,0.1,363,1202764696.0,1617631672.324486,0.34492779652096306,363,0,363,UN
query_cycle_6_66.graph,4,0.1,363,1202764696.0,44936019.52062424,0.9626393926675213,363,0,363,UN
query_cycle_6_66.graph,5,0.1,363,1202764696.0,72410386.23295704,0.939796714624423,363,0,363,UN
query_cycle_6_66.graph,1,0.1,363,1202764696.0,1248056725.9851317,0.03765660077632653,363,0,363,PO
query_cycle_6_66.graph,2,0.1,363,1202764696.0,1072351570.2192502,0.10842779657106746,363,0,363,PO
query_cycle_6_66.graph,3,0.1,363,1202764696.0,1169017879.6987252,0.028057704398462637,363,0,363,PO
query_cycle_6_66.graph,4,0.1,363,1202764696.0,1090469686.2671406,0.09336407204693957,363,0,363,PO
query_cycle_6_66.graph,5,0.1,363,1202764696.0,1104127735.8099368,0.08200852628789101,363,0,363,PO
query_cycle_6_66.graph,1,0.1,363,1202764696.0,1116556102.8635178,0.07167536046176254,363,0,363,WO
query_cycle_6_66.graph,2,0.1,363,1202764696.0,1054991743.4920506,0.12286106584221637,363,0,363,WO
query_cycle_6_66.graph,3,0.1,363,1202764696.0,1112509737.9610322,0.0750395803427937,363,0,363,WO
query_cycle_6_66.graph,4,0.1,363,1202764696.0,1071540245.8618734,0.10910234609856441,363,0,363,WO
query_cycle_6_66.graph,5,0.1,363,1202764696.0,1085934612.7304494,0.097134612994619,363,0,363,WO
query_cycle_6_66.graph,1,0.1,363,1202764696.0,1141830378.988119,0.05066187693613607,363,0,363,MAB
query_cycle_6_66.graph,2,0.1,363,1202764696.0,1062200965.0269487,0.11686719059889276,363,0,363,MAB
query_cycle_6_66.graph,3,0.1,363,1202764696.0,1028304036.6431804,0.14504970085754798,363,0,363,MAB
query_cycle_6_66.graph,4,0.1,363,1202764696.0,1076082154.3862271,0.10532612242035151,363,0,363,MAB
query_cycle_6_66.graph,5,0.1,363,1202764696.0,1106952376.7002702,0.0796600695201398,363,0,363,MAB
query_cycle_6_66.graph,1,0.1,363,1202764696.0,1084495067.518285,0.09833147653488739,363,0,363,8_POSSA
query_cycle_6_66.graph,2,0.1,363,1202764696.0,1087913810.870953,0.09548907239379673,363,0,363,8_POSSA
query_cycle_6_66.graph,3,0.1,363,1202764696.0,1087785616.1618595,0.0955956557592047,363,0,363,8_POSSA
query_cycle_6_66.graph,4,0.1,363,1202764696.0,1083458533.770093,0.09919326916285465,363,0,363,8_POSSA
query_cycle_6_66.graph,5,0.1,363,1202764696.0,1087812662.2956772,0.09557316912162078,363,0,363,8_POSSA
query_cycle_6_187.graph,1,0.1,403,22743028.0,22186485.908920098,0.024470888004882282,403,0,403,UN
query_cycle_6_187.graph,2,0.1,403,22743028.0,39627109.746234484,0.7423849518293907,403,0,403,UN
query_cycle_6_187.graph,3,0.1,403,22743028.0,11227572.718023324,0.5063290289215964,403,0,403,UN
query_cycle_6_187.graph,4,0.1,403,22743028.0,21483864.227066007,0.05536482534049527,403,0,403,UN
query_cycle_6_187.graph,5,0.1,403,22743028.0,20382189.028506204,0.10380495382997354,403,0,403,UN
query_cycle_6_187.graph,1,0.1,403,22743028.0,21867900.13802365,0.03847895108673971,403,0,403,PO
query_cycle_6_187.graph,2,0.1,403,22743028.0,22054483.911284026,0.03027495233774387,403,0,403,PO
query_cycle_6_187.graph,3,0.1,403,22743028.0,23659599.58513302,0.04030121165629396,403,0,403,PO
query_cycle_6_187.graph,4,0.1,403,22743028.0,22075391.954817165,0.029355635721981934,403,0,403,PO
query_cycle_6_187.graph,5,0.1,403,22743028.0,22728611.959766492,0.0006338663538341399,403,0,403,PO
query_cycle_6_187.graph,1,0.1,403,22743028.0,26280269.786593918,0.15553081966895163,403,0,403,WO
query_cycle_6_187.graph,2,0.1,403,22743028.0,19727322.18097962,0.13259913407398433,403,0,403,WO
query_cycle_6_187.graph,3,0.1,403,22743028.0,22568823.209753025,0.007659700821147241,403,0,403,WO
query_cycle_6_187.graph,4,0.1,403,22743028.0,23644281.823714316,0.03962769705574455,403,0,403,WO
query_cycle_6_187.graph,5,0.1,403,22743028.0,24875641.790253486,0.09377000240484629,403,0,403,WO
query_cycle_6_187.graph,1,0.1,403,22743028.0,24778903.416998778,0.08951646267149553,403,0,403,MAB
query_cycle_6_187.graph,2,0.1,403,22743028.0,22606374.99206249,0.006008567018319177,403,0,403,MAB
query_cycle_6_187.graph,3,0.1,403,22743028.0,22248093.103491195,0.021762049297428886,403,0,403,MAB
query_cycle_6_187.graph,4,0.1,403,22743028.0,21972127.12914238,0.03389614042851369,403,0,403,MAB
query_cycle_6_187.graph,5,0.1,403,22743028.0,25478535.551748354,0.12027895105912695,403,0,403,MAB
query_cycle_6_187.graph,1,0.1,403,22743028.0,23341421.74459158,0.02631108507590013,403,0,403,8_POSSA
query_cycle_6_187.graph,2,0.1,403,22743028.0,23272121.489217892,0.023263986185915627,403,0,403,8_POSSA
query_cycle_6_187.graph,3,0.1,403,22743028.0,23046042.77761768,0.013323413998245166,403,0,403,8_POSSA
query_cycle_6_187.graph,4,0.1,403,22743028.0,22784683.45772127,0.0018315704364990722,403,0,403,8_POSSA
query_cycle_6_187.graph,5,0.1,403,22743028.0,22799970.865861576,0.0025037504179995754,403,0,403,8_POSSA
query_cycle_6_82.graph,1,0.1,259,152024788.0,29326516.00103166,0.8070938536613407,259,0,259,UN
query_cycle_6_82.graph,2,0.1,259,152024788.0,15487466.314844016,0.8981253878489605,259,0,259,UN
query_cycle_6_82.graph,3,0.1,259,152024788.0,25390436.625803858,0.8329848904258702,259,0,259,UN
query_cycle_6_82.graph,4,0.1,259,152024788.0,82170687.09126717,0.45949151995352777,259,0,259,UN
query_cycle_6_82.graph,5,0.1,259,152024788.0,241896494.7135637,0.5911648218418414,259,0,259,UN
query_cycle_6_82.graph,1,0.1,259,152024788.0,179239623.006426,0.17901577344364397,259,0,259,PO
query_cycle_6_82.graph,2,0.1,259,152024788.0,160368372.8665857,0.054883055430313785,259,0,259,PO
query_cycle_6_82.graph,3,0.1,259,152024788.0,130157428.09435935,0.14384075250702305,259,0,259,PO
query_cycle_6_82.graph,4,0.1,259,152024788.0,166360267.7746904,0.09429698908503256,259,0,259,PO
query_cycle_6_82.graph,5,0.1,259,152024788.0,102011024.33961453,0.3289842684101324,259,0,259,PO
query_cycle_6_82.graph,1,0.1,259,152024788.0,144897544.86860254,0.046882111957935804,259,0,259,WO
query_cycle_6_82.graph,2,0.1,259,152024788.0,146581831.46125352,0.035803085867460484,259,0,259,WO
query_cycle_6_82.graph,3,0.1,259,152024788.0,143935659.87957862,0.05320927084878671,259,0,259,WO
query_cycle_6_82.graph,4,0.1,259,152024788.0,148500671.29848933,0.023181197934054463,259,0,259,WO
query_cycle_6_82.graph,5,0.1,259,152024788.0,147937701.3753285,0.02688434352344888,259,0,259,WO
query_cycle_6_82.graph,1,0.1,259,152024788.0,144693684.6142645,0.04822307915821933,259,0,259,MAB
query_cycle_6_82.graph,2,0.1,259,152024788.0,128086101.7671493,0.15746567745814388,259,0,259,MAB
query_cycle_6_82.graph,3,0.1,259,152024788.0,149096252.39926407,0.019263540105945963,259,0,259,MAB
query_cycle_6_82.graph,4,0.1,259,152024788.0,147969514.5960612,0.026675080145080025,259,0,259,MAB
query_cycle_6_82.graph,5,0.1,259,152024788.0,145041527.3649167,0.04593501314458855,259,0,259,MAB
query_cycle_6_82.graph,1,0.1,259,152024788.0,147500409.77906096,0.029760792831620593,259,0,259,8_POSSA
query_cycle_6_82.graph,2,0.1,259,152024788.0,147032361.93221715,0.032839552900957504,259,0,259,8_POSSA
query_cycle_6_82.graph,3,0.1,259,152024788.0,147244744.59395507,0.03144252637303418,259,0,259,8_POSSA
query_cycle_6_82.graph,4,0.1,259,152024788.0,147236877.19612804,0.031494277129805695,259,0,259,8_POSSA
query_cycle_6_82.graph,5,0.1,259,152024788.0,146992476.1996251,0.03310191625049262,259,0,259,8_POSSA
query_cycle_8_262.graph,1,0.1,250,1796619996.0,257910186.92296314,0.8564470018717507,250,0,250,UN
query_cycle_8_262.graph,2,0.1,250,1796619996.0,314940820.2481945,0.8247037097720277,250,0,250,UN
query_cycle_8_262.graph,3,0.1,250,1796619996.0,5598479105.072561,2.1161175527028706,250,0,250,UN
query_cycle_8_262.graph,4,0.1,250,1796619996.0,1000702377.5474664,0.4430083268718855,250,0,250,UN
query_cycle_8_262.graph,5,0.1,250,1796619996.0,1045991960.2134361,0.4178001121315383,250,0,250,UN
query_cycle_8_262.graph,1,0.1,250,1796619996.0,1703650696.9237459,0.05174677966583988,250,0,250,PO
query_cycle_8_262.graph,2,0.1,250,1796619996.0,1835407648.77341,0.02158923582046678,250,0,250,PO
query_cycle_8_262.graph,3,0.1,250,1796619996.0,2073026012.848941,0.15384779055355738,250,0,250,PO
query_cycle_8_262.graph,4,0.1,250,1796619996.0,1886959000.7464964,0.050282755923694196,250,0,250,PO
query_cycle_8_262.graph,5,0.1,250,1796619996.0,1851655419.2515755,0.030632756717673463,250,0,250,PO
query_cycle_8_262.graph,1,0.1,250,1796619996.0,2018404434.9690838,0.12344538047158848,250,0,250,WO
query_cycle_8_262.graph,2,0.1,250,1796619996.0,1843646080.1315057,0.026174752722448118,250,0,250,WO
query_cycle_8_262.graph,3,0.1,250,1796619996.0,1902461737.9275637,0.0589115907444034,250,0,250,WO
query_cycle_8_262.graph,4,0.1,250,1796619996.0,1775836199.87897,0.011568276078026069,250,0,250,WO
query_cycle_8_262.graph,5,0.1,250,1796619996.0,1854764368.6443772,0.03236320021697968,250,0,250,WO
query_cycle_8_262.graph,1,0.1,250,1796619996.0,1714138844.6388113,0.045909068998911805,250,0,250,MAB
query_cycle_8_262.graph,2,0.1,250,1796619996.0,1972270707.5251546,0.09776731413221708,250,0,250,MAB
query_cycle_8_262.graph,3,0.1,250,1796619996.0,1882130560.1759713,0.04759524238088869,250,0,250,MAB
query_cycle_8_262.graph,4,0.1,250,1796619996.0,55516.29149364068,0.9999690995916681,250,0,250,MAB
query_cycle_8_262.graph,5,0.1,250,1796619996.0,1888878026.0752969,0.051350886821197816,250,0,250,MAB
query_cycle_8_262.graph,1,0.1,250,1796619996.0,1880471870.8243885,0.046672014678160414,250,0,250,8_POSSA
query_cycle_8_262.graph,2,0.1,250,1796619996.0,1878560246.7338827,0.04560800331528909,250,0,250,8_POSSA
query_cycle_8_262.graph,3,0.1,250,1796619996.0,1876746545.0257185,0.044598495621841254,250,0,250,8_POSSA
query_cycle_8_262.graph,4,0.1,250,1796619996.0,1879724856.7158422,0.04625622608056637,250,0,250,8_POSSA
query_cycle_8_262.graph,5,0.1,250,1796619996.0,1888057532.549849,0.050894199526569796,250,0,250,8_POSSA
query_cycle_6_65.graph,1,0.1,725,27838182.0,6563313.817814896,0.7642333893134654,725,0,725,UN
query_cycle_6_65.graph,2,0.1,725,27838182.0,61729784.97885515,1.2174502982578082,725,0,725,UN
query_cycle_6_65.graph,3,0.1,725,27838182.0,17997850.942837656,0.3534832503488318,725,0,725,UN
query_cycle_6_65.graph,4,0.1,725,27838182.0,22338923.669912275,0.19754373076832837,725,0,725,UN
query_cycle_6_65.graph,5,0.1,725,27838182.0,69038921.8606295,1.4800082800173338,725,0,725,UN
query_cycle_6_65.graph,1,0.1,725,27838182.0,25309165.888415057,0.0908470284296921,725,0,725,PO
query_cycle_6_65.graph,2,0.1,725,27838182.0,29727865.063708525,0.06788097957361315,725,0,725,PO
query_cycle_6_65.graph,3,0.1,725,27838182.0,24678709.124479577,0.11349422442602118,725,0,725,PO
query_cycle_6_65.graph,4,0.1,725,27838182.0,27662343.662339553,0.006316444718281056,725,0,725,PO
query_cycle_6_65.graph,5,0.1,725,27838182.0,27868136.14306347,0.0010760093120833366,725,0,725,PO
query_cycle_6_65.graph,1,0.1,725,27838182.0,27102589.255472988,0.0264238787046874,725,0,725,WO
query_cycle_6_65.graph,2,0.1,725,27838182.0,28003985.19090861,0.005955963320758906,725,0,725,WO
query_cycle_6_65.graph,3,0.1,725,27838182.0,27209229.729262043,0.02259315176321346,725,0,725,WO
query_cycle_6_65.graph,4,0.1,725,27838182.0,26361930.851225246,0.05302972546033194,725,0,725,WO
query_cycle_6_65.graph,5,0.1,725,27838182.0,27521227.70099869,0.011385596193074318,725,0,725,WO
query_cycle_6_65.graph,1,0.1,725,27838182.0,27910790.046674863,0.00260821797468177,725,0,725,MAB
query_cycle_6_65.graph,2,0.1,725,27838182.0,27806946.645363495,0.0011220328481401998,725,0,725,MAB
query_cycle_6_65.graph,3,0.1,725,27838182.0,26846048.974138733,0.035639289442869045,725,0,725,MAB
query_cycle_6_65.graph,4,0.1,725,27838182.0,26475846.027383648,0.048937677489728035,725,0,725,MAB
query_cycle_6_65.graph,5,0.1,725,27838182.0,27788114.442549184,0.0017985210905947823,725,0,725,MAB
query_cycle_6_65.graph,1,0.1,725,27838182.0,27198262.637489907,0.02298711038350466,725,0,725,8_POSSA
query_cycle_6_65.graph,2,0.1,725,27838182.0,27769032.187125,0.0024839916943929347,725,0,725,8_POSSA
query_cycle_6_65.graph,3,0.1,725,27838182.0,26730692.881667614,0.0397830978449809,725,0,725,8_POSSA
query_cycle_6_65.graph,4,0.1,725,27838182.0,26991678.19310065,0.030408013242364394,725,0,725,8_POSSA
query_cycle_6_65.graph,5,0.1,725,27838182.0,27430653.53771773,0.014639190960180884,725,0,725,8_POSSA
query_cycle_6_59.graph,1,0.1,403,22743028.0,16835589.441999998,0.2597472314592411,403,0,403,UN
query_cycle_6_59.graph,2,0.1,403,22743028.0,23317882.136,0.02527605981050544,403,0,403,UN
query_cycle_6_59.graph,3,0.1,403,22743028.0,5659328.705999999,0.7511620393731213,403,0,403,UN
query_cycle_6_59.graph,4,0.1,403,22743028.0,34302231.767000005,0.5082526287616586,403,0,403,UN
query_cycle_6_59.graph,5,0.1,403,22743028.0,13375725.904000001,0.4118757667624557,403,0,403,UN
query_cycle_6_59.graph,1,0.1,403,22743028.0,20723054.816947848,0.08881724909507004,403,0,403,PO
query_cycle_6_59.graph,2,0.1,403,22743028.0,19859953.91366516,0.12676738059394904,403,0,403,PO
query_cycle_6_59.graph,3,0.1,403,22743028.0,20061094.300656874,0.1179233345420463,403,0,403,PO
query_cycle_6_59.graph,4,0.1,403,22743028.0,19626780.10132076,0.13701992094804796,403,0,403,PO
query_cycle_6_59.graph,5,0.1,403,22743028.0,20362317.06218462,0.10467871462917688,403,0,403,PO
query_cycle_6_59.graph,1,0.1,403,22743028.0,21631732.734903894,0.04886311818708158,403,0,403,WO
query_cycle_6_59.graph,2,0.1,403,22743028.0,24444911.65604001,0.07483100561807378,403,0,403,WO
query_cycle_6_59.graph,3,0.1,403,22743028.0,18497028.368914362,0.1866945611237711,403,0,403,WO
query_cycle_6_59.graph,4,0.1,403,22743028.0,19355865.93711187,0.1489318864175927,403,0,403,WO
query_cycle_6_59.graph,5,0.1,403,22743028.0,19739717.307483822,0.13205412632461155,403,0,403,WO
query_cycle_6_59.graph,1,0.1,403,22743028.0,20963799.86838988,0.07823180500020145,403,0,403,MAB
query_cycle_6_59.graph,2,0.1,403,22743028.0,22189861.172128104,0.024322479305389604,403,0,403,MAB
query_cycle_6_59.graph,3,0.1,403,22743028.0,20281528.816431377,0.10823093492953634,403,0,403,MAB
query_cycle_6_59.graph,4,0.1,403,22743028.0,22167652.3464327,0.025298990687049203,403,0,403,MAB
query_cycle_6_59.graph,5,0.1,403,22743028.0,21793456.239515867,0.041752213490839164,403,0,403,MAB
query_cycle_6_59.graph,1,0.1,403,22743028.0,21103776.4152603,0.07207710357388207,403,0,403,8_POSSA
query_cycle_6_59.graph,2,0.1,403,22743028.0,22090993.72566023,0.028669633363673872,403,0,403,8_POSSA
query_cycle_6_59.graph,3,0.1,403,22743028.0,22155992.878175553,0.025811651897207667,403,0,403,8_POSSA
query_cycle_6_59.graph,4,0.1,403,22743028.0,22099879.398858137,0.028278934587859742,403,0,403,8_POSSA
query_cycle_6_59.graph,5,0.1,403,22743028.0,21316001.08358276,0.06274568700426526,403,0,403,8_POSSA
query_cycle_8_268.graph,1,0.1,177,648397670.0,254944840.28416777,0.6068079018788458,177,0,177,UN
query_cycle_8_268.graph,2,0.1,177,648397670.0,1004452348.0077443,0.5491301009884016,177,0,177,UN
query_cycle_8_268.graph,3,0.1,177,648397670.0,116032980.01322824,0.8210465808533393,177,0,177,UN
query_cycle_8_268.graph,4,0.1,177,648397670.0,1859963293.5541594,1.8685533270873096,177,0,177,UN
query_cycle_8_268.graph,5,0.1,177,648397670.0,231687826.4739141,0.6426763432479421,177,0,177,UN
query_cycle_8_268.graph,1,0.1,177,648397670.0,696120474.8305235,0.0736011355971151,177,0,177,PO
query_cycle_8_268.graph,2,0.1,177,648397670.0,615944349.3861547,0.05005156883713871,177,0,177,PO
query_cycle_8_268.graph,3,0.1,177,648397670.0,693888543.4411542,0.07015890948706562,177,0,177,PO
query_cycle_8_268.graph,4,0.1,177,648397670.0,613781881.321582,0.05338666420318574,177,0,177,PO
query_cycle_8_268.graph,5,0.1,177,648397670.0,707686188.2498206,0.09143851218623378,177,0,177,PO
query_cycle_8_268.graph,1,0.1,177,648397670.0,660968896.2660391,0.019388142258498758,177,0,177,WO
query_cycle_8_268.graph,2,0.1,177,648397670.0,687680793.7122477,0.06058492423676928,177,0,177,WO
query_cycle_8_268.graph,3,0.1,177,648397670.0,621558436.0847481,0.04139316835492615,177,0,177,WO
query_cycle_8_268.graph,4,0.1,177,648397670.0,649038581.0056959,0.0009884535915990246,177,0,177,WO
query_cycle_8_268.graph,5,0.1,177,648397670.0,639457278.4286895,0.013788438769853261,177,0,177,WO
query_cycle_8_268.graph,1,0.1,177,648397670.0,649106835.3342386,0.001093719744919269,177,0,177,MAB
query_cycle_8_268.graph,2,0.1,177,648397670.0,582028136.2679374,0.10235930325299068,177,0,177,MAB
query_cycle_8_268.graph,3,0.1,177,648397670.0,599557243.0226557,0.07532480333765584,177,0,177,MAB
query_cycle_8_268.graph,4,0.1,177,648397670.0,644200045.6683351,0.006473842405486928,177,0,177,MAB
query_cycle_8_268.graph,5,0.1,177,648397670.0,699343397.8776579,0.07857173187815109,177,0,177,MAB
query_cycle_8_268.graph,1,0.1,177,648397670.0,641438017.8563987,0.010733616830549835,177,0,177,8_POSSA
query_cycle_8_268.graph,2,0.1,177,648397670.0,639206762.6286745,0.014174800121236545,177,0,177,8_POSSA
query_cycle_8_268.graph,3,0.1,177,648397670.0,638977946.3826632,0.01452769504451913,177,0,177,8_POSSA
query_cycle_8_268.graph,4,0.1,177,648397670.0,639951991.4975069,0.013025460906565476,177,0,177,8_POSSA
query_cycle_8_268.graph,5,0.1,177,648397670.0,637555780.6015675,0.01672104928821304,177,0,177,8_POSSA
query_cycle_6_96.graph,1,0.1,258,152024788.0,17391903.073486045,0.8855982415611984,258,0,258,UN
query_cycle_6_96.graph,2,0.1,258,152024788.0,69429800.73310465,0.5432994734180807,258,0,258,UN
query_cycle_6_96.graph,3,0.1,258,152024788.0,95964465.44199766,0.36875777493603434,258,0,258,UN
query_cycle_6_96.graph,4,0.1,258,152024788.0,56325613.71994186,0.6294971730535033,258,0,258,UN
query_cycle_6_96.graph,5,0.1,258,152024788.0,31982058.220918607,0.7896260297964132,258,0,258,UN
query_cycle_6_96.graph,1,0.1,258,152024788.0,151327548.6768796,0.004586352872403844,258,0,258,PO
query_cycle_6_96.graph,2,0.1,258,152024788.0,142995499.75766808,0.059393526286857394,258,0,258,PO
query_cycle_6_96.graph,3,0.1,258,152024788.0,177296945.00061345,0.16623708102532234,258,0,258,PO
query_cycle_6_96.graph,4,0.1,258,152024788.0,122210537.8878236,0.19611440018700374,258,0,258,PO
query_cycle_6_96.graph,5,0.1,258,152024788.0,179166268.91550827,0.17853325942811557,258,0,258,PO
query_cycle_6_96.graph,1,0.1,258,152024788.0,157410978.1530169,0.03542968369748291,258,0,258,WO
query_cycle_6_96.graph,2,0.1,258,152024788.0,154307804.0360698,0.015017393321869394,258,0,258,WO
query_cycle_6_96.graph,3,0.1,258,152024788.0,153453964.94760138,0.009400946821918133,258,0,258,WO
query_cycle_6_96.graph,4,0.1,258,152024788.0,152543540.3571061,0.003412287982313053,258,0,258,WO
query_cycle_6_96.graph,5,0.1,258,152024788.0,152537131.00102636,0.003370128041397842,258,0,258,WO
query_cycle_6_96.graph,1,0.1,258,152024788.0,154200042.26990286,0.014308549931362873,258,0,258,MAB
query_cycle_6_96.graph,2,0.1,258,152024788.0,149358214.11786392,0.01754038875644462,258,0,258,MAB
query_cycle_6_96.graph,3,0.1,258,152024788.0,156755041.88207847,0.03111501712522348,258,0,258,MAB
query_cycle_6_96.graph,4,0.1,258,152024788.0,144557244.36667565,0.04912056600483044,258,0,258,MAB
query_cycle_6_96.graph,5,0.1,258,152024788.0,169098130.43301678,0.11230630647560434,258,0,258,MAB
query_cycle_6_96.graph,1,0.1,258,152024788.0,154683115.71871695,0.017486146527084447,258,0,258,8_POSSA
query_cycle_6_96.graph,2,0.1,258,152024788.0,154969756.81076866,0.019371635701729537,258,0,258,8_POSSA
query_cycle_6_96.graph,3,0.1,258,152024788.0,154987868.1012051,0.019490769500070677,258,0,258,8_POSSA
query_cycle_6_96.graph,4,0.1,258,152024788.0,154849982.77675188,0.018583777118977966,258,0,258,8_POSSA
query_cycle_6_96.graph,5,0.1,258,152024788.0,155032893.95484912,0.019786943921599968,258,0,258,8_POSSA
query_cycle_8_250.graph,1,0.1,219,689844513.0,2628510696.7462754,2.8102944173831177,219,0,219,UN
query_cycle_8_250.graph,2,0.1,219,689844513.0,705264379.4313297,0.022352669537475507,219,0,219,UN
query_cycle_8_250.graph,3,0.1,219,689844513.0,73516867.15127899,0.8934298008234227,219,0,219,UN
query_cycle_8_250.graph,4,0.1,219,689844513.0,1152594816.58135,0.6708037751419357,219,0,219,UN
query_cycle_8_250.graph,5,0.1,219,689844513.0,736954120.8081833,0.06829018267219777,219,0,219,UN
query_cycle_8_250.graph,1,0.1,219,689844513.0,533820435.1448422,0.22617281853361323,219,0,219,PO
query_cycle_8_250.graph,2,0.1,219,689844513.0,751068064.9391348,0.08874978460419361,219,0,219,PO
query_cycle_8_250.graph,3,0.1,219,689844513.0,683026401.4532146,0.009883548275443563,219,0,219,PO
query_cycle_8_250.graph,4,0.1,219,689844513.0,714940696.6721576,0.036379478562523035,219,0,219,PO
query_cycle_8_250.graph,5,0.1,219,689844513.0,784142733.1500511,0.1366948904760675,219,0,219,PO
query_cycle_8_250.graph,1,0.1,219,689844513.0,680607486.3767343,0.013390012458163516,219,0,219,WO
query_cycle_8_250.graph,2,0.1,219,689844513.0,719080977.302588,0.04238123773057826,219,0,219,WO
query_cycle_8_250.graph,3,0.1,219,689844513.0,745402852.5008024,0.08053748120600387,219,0,219,WO
query_cycle_8_250.graph,4,0.1,219,689844513.0,685018178.0667634,0.006996264871699572,219,0,219,WO
query_cycle_8_250.graph,5,0.1,219,689844513.0,723047706.7844857,0.0481314168030292,219,0,219,WO
query_cycle_8_250.graph,1,0.1,219,689844513.0,642417804.8895423,0.06874985191113299,219,0,219,MAB
query_cycle_8_250.graph,2,0.1,219,689844513.0,670413538.3764026,0.028167180078153907,219,0,219,MAB
query_cycle_8_250.graph,3,0.1,219,689844513.0,770670915.5014194,0.1171661163903748,219,0,219,MAB
query_cycle_8_250.graph,4,0.1,219,689844513.0,703368033.9786596,0.019603723337377085,219,0,219,MAB
query_cycle_8_250.graph,5,0.1,219,689844513.0,661805144.719597,0.04064592491787061,219,0,219,MAB
query_cycle_8_250.graph,1,0.1,219,689844513.0,693667754.911296,0.005542179200164211,219,0,219,8_POSSA
query_cycle_8_250.graph,2,0.1,219,689844513.0,685517994.0307162,0.006271730640385363,219,0,219,8_POSSA
query_cycle_8_250.graph,3,0.1,219,689844513.0,685503503.4380298,0.006292736232824445,219,0,219,8_POSSA
query_cycle_8_250.graph,4,0.1,219,689844513.0,691618109.0400267,0.0025710084034931864,219,0,219,8_POSSA
query_cycle_8_250.graph,5,0.1,219,689844513.0,691866022.6355646,0.00293038445253904,219,0,219,8_POSSA
query_cycle_8_222.graph,1,0.1,266,1405559450.0,1273647796.134013,0.09384992848647353,266,0,266,UN
query_cycle_8_222.graph,2,0.1,266,1405559450.0,1559031623.9876854,0.10918938646649591,266,0,266,UN
query_cycle_8_222.graph,3,0.1,266,1405559450.0,1621297525.076625,0.15348911430009246,266,0,266,UN
query_cycle_8_222.graph,4,0.1,266,1405559450.0,437481748.37393165,0.6887490256111674,266,0,266,UN
query_cycle_8_222.graph,5,0.1,266,1405559450.0,1485534392.2473247,0.05689901074431587,266,0,266,UN
query_cycle_8_222.graph,1,0.1,266,1405559450.0,1224185744.5447397,0.1290402234179851,266,0,266,PO
query_cycle_8_222.graph,2,0.1,266,1405559450.0,1240827904.4168735,0.1171999843785523,266,0,266,PO
query_cycle_8_222.graph,3,0.1,266,1405559450.0,1232989273.3923852,0.12277686056439288,266,0,266,PO
query_cycle_8_222.graph,4,0.1,266,1405559450.0,1626275587.4092486,0.15703080891331106,266,0,266,PO
query_cycle_8_222.graph,5,0.1,266,1405559450.0,1232983500.677576,0.12278096762283797,266,0,266,PO
query_cycle_8_222.graph,1,0.1,266,1405559450.0,1250956489.1049805,0.10999389666158876,266,0,266,WO
query_cycle_8_222.graph,2,0.1,266,1405559450.0,1368617602.7896984,0.026282664322951007,266,0,266,WO
query_cycle_8_222.graph,3,0.1,266,1405559450.0,1248953688.822056,0.11141880991084649,266,0,266,WO
query_cycle_8_222.graph,4,0.1,266,1405559450.0,1094909484.0474765,0.2210151736751679,266,0,266,WO
query_cycle_8_222.graph,5,0.1,266,1405559450.0,1477391479.2407882,0.05110564995368088,266,0,266,WO
query_cycle_8_222.graph,1,0.1,266,1405559450.0,1258293192.0570676,0.10477412246271929,266,0,266,MAB
query_cycle_8_222.graph,2,0.1,266,1405559450.0,1350641003.4351459,0.03907230431615977,266,0,266,MAB
query_cycle_8_222.graph,3,0.1,266,1405559450.0,1268827430.9515624,0.09727942780964377,266,0,266,MAB
query_cycle_8_222.graph,4,0.1,266,1405559450.0,1342399254.1811137,0.04493598319081152,266,0,266,MAB
query_cycle_8_222.graph,5,0.1,266,1405559450.0,1303796616.7042515,0.07240023415284816,266,0,266,MAB
query_cycle_8_222.graph,1,0.1,266,1405559450.0,1297969837.0502534,0.07654575759833325,266,0,266,8_POSSA
query_cycle_8_222.graph,2,0.1,266,1405559450.0,1316141535.6277208,0.06361731221847583,266,0,266,8_POSSA
query_cycle_8_222.graph,3,0.1,266,1405559450.0,1299989239.647684,0.07510903245843917,266,0,266,8_POSSA
query_cycle_8_222.graph,4,0.1,266,1405559450.0,1294371649.8704967,0.07910572557390101,266,0,266,8_POSSA
query_cycle_8_222.graph,5,0.1,266,1405559450.0,1297948044.8618383,0.0765612618791483,266,0,266,8_POSSA
query_cycle_8_225.graph,1,0.1,420,358162138.0,229023679.855735,0.36055865331099013,420,0,420,UN
query_cycle_8_225.graph,2,0.1,420,358162138.0,943375451.3227183,1.6339340517414442,420,0,420,UN
query_cycle_8_225.graph,3,0.1,420,358162138.0,249682874.88929006,0.3028775283631737,420,0,420,UN
query_cycle_8_225.graph,4,0.1,420,358162138.0,325535126.4784901,0.09109564652394912,420,0,420,UN
query_cycle_8_225.graph,5,0.1,420,358162138.0,150217204.12515667,0.5805888222468767,420,0,420,UN
query_cycle_8_225.graph,1,0.1,420,358162138.0,499331496.34169364,0.39414930659614733,420,0,420,PO
query_cycle_8_225.graph,2,0.1,420,358162138.0,397561607.6214269,0.11000456341207926,420,0,420,PO
query_cycle_8_225.graph,3,0.1,420,358162138.0,396991414.8053595,0.1084125670630196,420,0,420,PO
query_cycle_8_225.graph,4,0.1,420,358162138.0,397048142.35499835,0.10857095217305843,420,0,420,PO
query_cycle_8_225.graph,5,0.1,420,358162138.0,547773827.1996372,0.5294018241527171,420,0,420,PO
query_cycle_8_225.graph,1,0.1,420,358162138.0,447063718.4345284,0.2482160200711344,420,0,420,WO
query_cycle_8_225.graph,2,0.1,420,358162138.0,365117002.1208497,0.019418200258927782,420,0,420,WO
query_cycle_8_225.graph,3,0.1,420,358162138.0,422132172.01896524,0.17860635514456652,420,0,420,WO
query_cycle_8_225.graph,4,0.1,420,358162138.0,350214642.381443,0.022189658747673032,420,0,420,WO
query_cycle_8_225.graph,5,0.1,420,358162138.0,450580065.00192714,0.25803377073298334,420,0,420,WO
query_cycle_8_225.graph,1,0.1,420,358162138.0,415181783.0254548,0.15920064958249389,420,0,420,MAB
query_cycle_8_225.graph,2,0.1,420,358162138.0,406217749.5980585,0.13417278517043732,420,0,420,MAB
query_cycle_8_225.graph,3,0.1,420,358162138.0,385351108.51971453,0.07591246431445675,420,0,420,MAB
query_cycle_8_225.graph,4,0.1,420,358162138.0,400928038.2760032,0.11940374411100702,420,0,420,MAB
query_cycle_8_225.graph,5,0.1,420,358162138.0,395151126.9410486,0.1032744252298623,420,0,420,MAB
query_cycle_8_225.graph,1,0.1,420,358162138.0,406682373.84479856,0.13547003074009617,420,0,420,8_POSSA
query_cycle_8_225.graph,2,0.1,420,358162138.0,407762979.33679247,0.13848711539909467,420,0,420,8_POSSA
query_cycle_8_225.graph,3,0.1,420,358162138.0,416130167.3081556,0.16184856844962098,420,0,420,8_POSSA
query_cycle_8_225.graph,4,0.1,420,358162138.0,406924093.9512792,0.13614492091087313,420,0,420,8_POSSA
query_cycle_8_225.graph,5,0.1,420,358162138.0,416138965.75511444,0.16187313399138364,420,0,420,8_POSSA
query_cycle_8_232.graph,1,0.1,190,254309996.0,110961922.05900632,0.5636745554468636,190,0,190,UN
query_cycle_8_232.graph,2,0.1,190,254309996.0,189164408.53298208,0.2561660512432941,190,0,190,UN
query_cycle_8_232.graph,3,0.1,190,254309996.0,635643220.5777094,1.499481855120274,190,0,190,UN
query_cycle_8_232.graph,4,0.1,190,254309996.0,318289293.62544,0.25157995608414857,190,0,190,UN
query_cycle_8_232.graph,5,0.1,190,254309996.0,96690559.63275789,0.6197925321316984,190,0,190,UN
query_cycle_8_232.graph,1,0.1,190,254309996.0,282148964.77807665,0.1094686375524014,190,0,190,PO
query_cycle_8_232.graph,2,0.1,190,254309996.0,257892909.6269666,0.01408876443443692,190,0,190,PO
query_cycle_8_232.graph,3,0.1,190,254309996.0,273952763.4578245,0.07723946272967,190,0,190,PO
query_cycle_8_232.graph,4,0.1,190,254309996.0,249493923.59279442,0.018937802221528018,190,0,190,PO
query_cycle_8_232.graph,5,0.1,190,254309996.0,273220736.66677237,0.07436098055214616,190,0,190,PO
query_cycle_8_232.graph,1,0.1,190,254309996.0,274714777.02131957,0.0802358591571822,190,0,190,WO
query_cycle_8_232.graph,2,0.1,190,254309996.0,251520903.52884957,0.010967293913017985,190,0,190,WO
query_cycle_8_232.graph,3,0.1,190,254309996.0,247591573.2781387,0.02641824083808842,190,0,190,WO
query_cycle_8_232.graph,4,0.1,190,254309996.0,256232242.92042744,0.007558676224537558,190,0,190,WO
query_cycle_8_232.graph,5,0.1,190,254309996.0,259938635.87294075,0.022132987147468433,190,0,190,WO
query_cycle_8_232.graph,1,0.1,190,254309996.0,264117925.68914646,0.038566827271494505,190,0,190,MAB
query_cycle_8_232.graph,2,0.1,190,254309996.0,289300594.81319356,0.13759033999274475,190,0,190,MAB
query_cycle_8_232.graph,3,0.1,190,254309996.0,279395817.6296491,0.09864268815311963,190,0,190,MAB
query_cycle_8_232.graph,4,0.1,190,254309996.0,259367876.30972323,0.019888641379724722,190,0,190,MAB
query_cycle_8_232.graph,5,0.1,190,254309996.0,268965099.89308196,0.057626928251306185,190,0,190,MAB
query_cycle_8_232.graph,1,0.1,190,254309996.0,269277936.4036998,0.05885706672615344,190,0,190,8_POSSA
query_cycle_8_232.graph,2,0.1,190,254309996.0,268208922.4366207,0.054653480615133636,190,0,190,8_POSSA
query_cycle_8_232.graph,3,0.1,190,254309996.0,270033447.4356476,0.06182789384200064,190,0,190,8_POSSA
query_cycle_8_232.graph,4,0.1,190,254309996.0,267389293.53914964,0.0514305286652973,190,0,190,8_POSSA
query_cycle_8_232.graph,5,0.1,190,254309996.0,269502046.11406565,0.05973831289771892,190,0,190,8_POSSA
query_cycle_8_281.graph,1,0.1,256,887319015.0,963702825.893457,0.08608382059011443,256,0,256,UN
query_cycle_8_281.graph,2,0.1,256,887319015.0,434569637.9228258,0.5102441956314597,256,0,256,UN
query_cycle_8_281.graph,3,0.1,256,887319015.0,86881473.68301795,0.9020854143613524,256,0,256,UN
query_cycle_8_281.graph,4,0.1,256,887319015.0,64290390.78327109,0.9275453476185551,256,0,256,UN
query_cycle_8_281.graph,5,0.1,256,887319015.0,163607250.32305622,0.815616201662199,256,0,256,UN
query_cycle_8_281.graph,1,0.1,256,887319015.0,1018860417.4028163,0.14824589598456459,256,0,256,PO
query_cycle_8_281.graph,2,0.1,256,887319015.0,837114835.047462,0.056579628187656966,256,0,256,PO
query_cycle_8_281.graph,3,0.1,256,887319015.0,837642228.4541525,0.055985260888213394,256,0,256,PO
query_cycle_8_281.graph,4,0.1,256,887319015.0,849313780.0525987,0.042831534436801495,256,0,256,PO
query_cycle_8_281.graph,5,0.1,256,887319015.0,880322584.4320416,0.007884909992555896,256,0,256,PO
query_cycle_8_281.graph,1,0.1,256,887319015.0,844420129.6272799,0.04834663142288247,256,0,256,WO
query_cycle_8_281.graph,2,0.1,256,887319015.0,928968921.2387321,0.04693904394546543,256,0,256,WO
query_cycle_8_281.graph,3,0.1,256,887319015.0,854154854.9940593,0.03737568951561426,256,0,256,WO
query_cycle_8_281.graph,4,0.1,256,887319015.0,851031003.469705,0.04089624015359911,256,0,256,WO
query_cycle_8_281.graph,5,0.1,256,887319015.0,908449707.9857986,0.023814087863087887,256,0,256,WO
query_cycle_8_281.graph,1,0.1,256,887319015.0,972742160.083553,0.09627106332613976,256,0,256,MAB
query_cycle_8_281.graph,2,0.1,256,887319015.0,801558037.9832706,0.09665179666721033,256,0,256,MAB
query_cycle_8_281.graph,3,0.1,256,887319015.0,870192264.5969759,0.01930168306268527,256,0,256,MAB
query_cycle_8_281.graph,4,0.1,256,887319015.0,899585972.6990544,0.013824743403086386,256,0,256,MAB
query_cycle_8_281.graph,5,0.1,256,887319015.0,807753977.5591352,0.08966903232752743,256,0,256,MAB
query_cycle_8_281.graph,1,0.1,256,887319015.0,874118130.3550135,0.014877270093199243,256,0,256,8_POSSA
query_cycle_8_281.graph,2,0.1,256,887319015.0,876277379.8787376,0.012443816637089008,256,0,256,8_POSSA
query_cycle_8_281.graph,3,0.1,256,887319015.0,876212787.8384866,0.012516611245520809,256,0,256,8_POSSA
query_cycle_8_281.graph,4,0.1,256,887319015.0,876303926.8681704,0.012413898435197648,256,0,256,8_POSSA
query_cycle_8_281.graph,5,0.1,256,887319015.0,882821945.5271946,0.005068154064978965,256,0,256,8_POSSA
query_cycle_6_92.graph,1,0.1,373,11490080461.0,2227157955.830123,0.8061668964469296,373,0,373,UN
query_cycle_6_92.graph,2,0.1,373,11490080461.0,4465555621.125398,0.6113555830803336,373,0,373,UN
query_cycle_6_92.graph,3,0.1,373,11490080461.0,3562511641.79004,0.6899489386621763,373,0,373,UN
query_cycle_6_92.graph,4,0.1,373,11490080461.0,5045467478.498009,0.5608849306474836,373,0,373,UN
query_cycle_6_92.graph,5,0.1,373,11490080461.0,16649591185.621042,0.4490404346717692,373,0,373,UN
query_cycle_6_92.graph,1,0.1,373,11490080461.0,11189073944.173246,0.02619707649989394,373,0,373,PO
query_cycle_6_92.graph,2,0.1,373,11490080461.0,10328994553.676023,0.10105115549581846,373,0,373,PO
query_cycle_6_92.graph,3,0.1,373,11490080461.0,11144537452.122183,0.030073158325624468,373,0,373,PO
query_cycle_6_92.graph,4,0.1,373,11490080461.0,11217316880.993986,0.023739048732673088,373,0,373,PO
query_cycle_6_92.graph,5,0.1,373,11490080461.0,10985456036.86252,0.04391826722626462,373,0,373,PO
query_cycle_6_92.graph,1,0.1,373,11490080461.0,10739912638.096004,0.06528830023864839,373,0,373,WO
query_cycle_6_92.graph,2,0.1,373,11490080461.0,10867730012.225523,0.05416415062426054,373,0,373,WO
query_cycle_6_92.graph,3,0.1,373,11490080461.0,10980328986.445446,0.04436448258867889,373,0,373,WO
query_cycle_6_92.graph,4,0.1,373,11490080461.0,10616445830.765419,0.07603381309642693,373,0,373,WO
query_cycle_6_92.graph,5,0.1,373,11490080461.0,10948031678.586802,0.047175368723747224,373,0,373,WO
query_cycle_6_92.graph,1,0.1,373,11490080461.0,11001707474.82399,0.042503878700733334,373,0,373,MAB
query_cycle_6_92.graph,2,0.1,373,11490080461.0,11182260348.030582,0.02679007462256078,373,0,373,MAB
query_cycle_6_92.graph,3,0.1,373,11490080461.0,10864548538.659777,0.054441039335052864,373,0,373,MAB
query_cycle_6_92.graph,4,0.1,373,11490080461.0,11662517615.06049,0.015007480116939248,373,0,373,MAB
query_cycle_6_92.graph,5,0.1,373,11490080461.0,11499410050.470121,0.000811969028571051,373,0,373,MAB
query_cycle_6_92.graph,1,0.1,373,11490080461.0,10916982392.450926,0.04987763754085988,373,0,373,8_POSSA
query_cycle_6_92.graph,2,0.1,373,11490080461.0,10872828225.746826,0.05372044498280679,373,0,373,8_POSSA
query_cycle_6_92.graph,3,0.1,373,11490080461.0,10830356786.506468,0.057416801973910234,373,0,373,8_POSSA
query_cycle_6_92.graph,4,0.1,373,11490080461.0,10868793545.605988,0.054071589620525676,373,0,373,8_POSSA
query_cycle_6_92.graph,5,0.1,373,11490080461.0,10920442569.793537,0.04957649279654273,373,0,373,8_POSSA
query_cycle_6_87.graph,1,0.1,373,11490080461.0,5686720815.455706,0.5050756315625677,373,0,373,UN
query_cycle_6_87.graph,2,0.1,373,11490080461.0,9133396130.324543,0.20510599022126874,373,0,373,UN
query_cycle_6_87.graph,3,0.1,373,11490080461.0,2645240794.023995,0.769780481259243,373,0,373,UN
query_cycle_6_87.graph,4,0.1,373,11490080461.0,3682943958.7437053,0.6794675223342019,373,0,373,UN
query_cycle_6_87.graph,5,0.1,373,11490080461.0,9214839164.755917,0.19801787324003348,373,0,373,UN
query_cycle_6_87.graph,1,0.1,373,11490080461.0,12146935026.34734,0.057167098835979126,373,0,373,PO
query_cycle_6_87.graph,2,0.1,373,11490080461.0,11734113238.25607,0.021238561216727164,373,0,373,PO
query_cycle_6_87.graph,3,0.1,373,11490080461.0,11384336328.570702,0.009203080238490804,373,0,373,PO
query_cycle_6_87.graph,4,0.1,373,11490080461.0,13841075506.295624,0.20461084265470958,373,0,373,PO
query_cycle_6_87.graph,5,0.1,373,11490080461.0,12114527639.150959,0.05434663232085081,373,0,373,PO
query_cycle_6_87.graph,1,0.1,373,11490080461.0,11379904871.713425,0.009588756985691862,373,0,373,WO
query_cycle_6_87.graph,2,0.1,373,11490080461.0,11475523651.509893,0.0012669023110426225,373,0,373,WO
query_cycle_6_87.graph,3,0.1,373,11490080461.0,11753560537.746183,0.022931090660374045,373,0,373,WO
query_cycle_6_87.graph,4,0.1,373,11490080461.0,10980557648.940777,0.044344581727574654,373,0,373,WO
query_cycle_6_87.graph,5,0.1,373,11490080461.0,11583118638.231531,0.008097260723919586,373,0,373,WO
query_cycle_6_87.graph,1,0.1,373,11490080461.0,11432292399.507372,0.005029387016807601,373,0,373,MAB
query_cycle_6_87.graph,2,0.1,373,11490080461.0,11594075692.977318,0.009050870647103105,373,0,373,MAB
query_cycle_6_87.graph,3,0.1,373,11490080461.0,11202232053.387394,0.02505190530124052,373,0,373,MAB
query_cycle_6_87.graph,4,0.1,373,11490080461.0,11183330225.179377,0.026696961510565997,373,0,373,MAB
query_cycle_6_87.graph,5,0.1,373,11490080461.0,12221406709.83058,0.06364848804260952,373,0,373,MAB
query_cycle_6_87.graph,1,0.1,373,11490080461.0,11359085816.96436,0.011400672473988929,373,0,373,8_POSSA
query_cycle_6_87.graph,2,0.1,373,11490080461.0,11412980968.939503,0.006710091571785842,373,0,373,8_POSSA
query_cycle_6_87.graph,3,0.1,373,11490080461.0,11364767947.202581,0.01090614763079844,373,0,373,8_POSSA
query_cycle_6_87.graph,4,0.1,373,11490080461.0,11425104275.012318,0.005654980938403922,373,0,373,8_POSSA
query_cycle_6_87.graph,5,0.1,373,11490080461.0,11361551723.960455,0.01118606066126355,373,0,373,8_POSSA
query_cycle_8_316.graph,1,0.1,196,1193911214.0,985990839.9273608,0.17415061659068998,196,0,196,UN
query_cycle_8_316.graph,2,0.1,196,1193911214.0,160902933.57346073,0.8652304026575123,196,0,196,UN
query_cycle_8_316.graph,3,0.1,196,1193911214.0,1571135355.5983562,0.3159566114925161,196,0,196,UN
query_cycle_8_316.graph,4,0.1,196,1193911214.0,1375859987.2332332,0.15239723950966527,196,0,196,UN
query_cycle_8_316.graph,5,0.1,196,1193911214.0,1120598771.2006357,0.06140527196636611,196,0,196,UN
query_cycle_8_316.graph,1,0.1,196,1193911214.0,1134697467.328089,0.04959644065451504,196,0,196,PO
query_cycle_8_316.graph,2,0.1,196,1193911214.0,1219081839.1040242,0.021082493244781744,196,0,196,PO
query_cycle_8_316.graph,3,0.1,196,1193911214.0,867252162.9457312,0.27360414009334266,196,0,196,PO
query_cycle_8_316.graph,4,0.1,196,1193911214.0,1179082345.4227583,0.012420411504101727,196,0,196,PO
query_cycle_8_316.graph,5,0.1,196,1193911214.0,1472364117.2284002,0.23322747953383427,196,0,196,PO
query_cycle_8_316.graph,1,0.1,196,1193911214.0,1182436712.955609,0.009610849542109182,196,0,196,WO
query_cycle_8_316.graph,2,0.1,196,1193911214.0,1156683386.4848125,0.031181403674450704,196,0,196,WO
query_cycle_8_316.graph,3,0.1,196,1193911214.0,1131998258.0054493,0.05185725309264974,196,0,196,WO
query_cycle_8_316.graph,4,0.1,196,1193911214.0,951594143.8256063,0.20296071209730143,196,0,196,WO
query_cycle_8_316.graph,5,0.1,196,1193911214.0,999849004.6456058,0.16254325035127293,196,0,196,WO
query_cycle_8_316.graph,1,0.1,196,1193911214.0,1139046171.2350533,0.04595403922971001,196,0,196,MAB
query_cycle_8_316.graph,2,0.1,196,1193911214.0,1034311098.9807475,0.1336783783817048,196,0,196,MAB
query_cycle_8_316.graph,3,0.1,196,1193911214.0,1187656984.3455198,0.005238437817772452,196,0,196,MAB
query_cycle_8_316.graph,4,0.1,196,1193911214.0,1150000854.961394,0.036778579951093356,196,0,196,MAB
query_cycle_8_316.graph,5,0.1,196,1193911214.0,1126494756.5902905,0.05646689353376779,196,0,196,MAB
query_cycle_8_316.graph,1,0.1,196,1193911214.0,1123817078.271243,0.05870967196456612,196,0,196,8_POSSA
query_cycle_8_316.graph,2,0.1,196,1193911214.0,1126819859.7691646,0.05619459256610638,196,0,196,8_POSSA
query_cycle_8_316.graph,3,0.1,196,1193911214.0,1126794639.0646052,0.05621571700506263,196,0,196,8_POSSA
query_cycle_8_316.graph,4,0.1,196,1193911214.0,1124544050.8407962,0.05810077193830911,196,0,196,8_POSSA
query_cycle_8_316.graph,5,0.1,196,1193911214.0,1134660282.458177,0.04962758607762177,196,0,196,8_POSSA
query_cycle_6_76.graph,1,0.1,381,11490080461.0,22239286608.241524,0.9355205286618161,381,0,381,UN
query_cycle_6_76.graph,2,0.1,381,11490080461.0,1857884018.0603948,0.8383053953045426,381,0,381,UN
query_cycle_6_76.graph,3,0.1,381,11490080461.0,3936825868.344723,0.6573717754451569,381,0,381,UN
query_cycle_6_76.graph,4,0.1,381,11490080461.0,2370847155.6256533,0.7936613965696012,381,0,381,UN
query_cycle_6_76.graph,5,0.1,381,11490080461.0,25116753204.59597,1.1859510287894033,381,0,381,UN
query_cycle_6_76.graph,1,0.1,381,11490080461.0,12106540572.849737,0.05365150522158186,381,0,381,PO
query_cycle_6_76.graph,2,0.1,381,11490080461.0,11422204921.77455,0.0059073162677873185,381,0,381,PO
query_cycle_6_76.graph,3,0.1,381,11490080461.0,11790349971.32087,0.02613293365003438,381,0,381,PO
query_cycle_6_76.graph,4,0.1,381,11490080461.0,11981046500.918776,0.04272955629729733,381,0,381,PO
query_cycle_6_76.graph,5,0.1,381,11490080461.0,11359970949.242321,0.011323638002301278,381,0,381,PO
query_cycle_6_76.graph,1,0.1,381,11490080461.0,11877637352.888668,0.03372969346943445,381,0,381,WO
query_cycle_6_76.graph,2,0.1,381,11490080461.0,11732174991.346275,0.021069872501589555,381,0,381,WO
query_cycle_6_76.graph,3,0.1,381,11490080461.0,11790752505.128523,0.026167966808332943,381,0,381,WO
query_cycle_6_76.graph,4,0.1,381,11490080461.0,11845166200.39866,0.030903677359258194,381,0,381,WO
query_cycle_6_76.graph,5,0.1,381,11490080461.0,11924506664.665327,0.03780880431080273,381,0,381,WO
query_cycle_6_76.graph,1,0.1,381,11490080461.0,12005860888.48559,0.044889191963125796,381,0,381,MAB
query_cycle_6_76.graph,2,0.1,381,11490080461.0,11136449427.048616,0.030777072027623253,381,0,381,MAB
query_cycle_6_76.graph,3,0.1,381,11490080461.0,12138766499.447819,0.05645617893187169,381,0,381,MAB
query_cycle_6_76.graph,4,0.1,381,11490080461.0,11613392516.200428,0.010732044533454553,381,0,381,MAB
query_cycle_6_76.graph,5,0.1,381,11490080461.0,11503210886.709044,0.0011427618591193696,381,0,381,MAB
query_cycle_6_76.graph,1,0.1,381,11490080461.0,11692451536.007326,0.017612676925476765,381,0,381,8_POSSA
query_cycle_6_76.graph,2,0.1,381,11490080461.0,11747159490.713924,0.02237399734375319,381,0,381,8_POSSA
query_cycle_6_76.graph,3,0.1,381,11490080461.0,11728058971.696133,0.02071164875684613,381,0,381,8_POSSA
query_cycle_6_76.graph,4,0.1,381,11490080461.0,11697001930.304588,0.018008704987482707,381,0,381,8_POSSA
query_cycle_6_76.graph,5,0.1,381,11490080461.0,11720238178.189959,0.020030992643712747,381,0,381,8_POSSA
query_cycle_8_309.graph,1,0.1,370,83730938.0,55279162.5847735,0.3398000320410419,370,0,370,UN
query_cycle_8_309.graph,2,0.1,370,83730938.0,32337658.893415138,0.6137907962596199,370,0,370,UN
query_cycle_8_309.graph,3,0.1,370,83730938.0,220570867.06663135,1.6342815730385267,370,0,370,UN
query_cycle_8_309.graph,4,0.1,370,83730938.0,228453714.10413247,1.7284265477132534,370,0,370,UN
query_cycle_8_309.graph,5,0.1,370,83730938.0,48208788.37332487,0.42424163009705124,370,0,370,UN
query_cycle_8_309.graph,1,0.1,370,83730938.0,104268310.96425183,0.24527819053277333,370,0,370,PO
query_cycle_8_309.graph,2,0.1,370,83730938.0,108635840.22970317,0.2974396659655619,370,0,370,PO
query_cycle_8_309.graph,3,0.1,370,83730938.0,108061230.14026468,0.29057708800855275,370,0,370,PO
query_cycle_8_309.graph,4,0.1,370,83730938.0,104268310.96425186,0.2452781905327737,370,0,370,PO
query_cycle_8_309.graph,5,0.1,370,83730938.0,111924688.6496405,0.33671843792840944,370,0,370,PO
query_cycle_8_309.graph,1,0.1,370,83730938.0,97706590.21164627,0.16691144928588134,370,0,370,WO
query_cycle_8_309.graph,2,0.1,370,83730938.0,105680010.57871169,0.26213814275807695,370,0,370,WO
query_cycle_8_309.graph,3,0.1,370,83730938.0,94429376.40793979,0.12777162974024955,370,0,370,WO
query_cycle_8_309.graph,4,0.1,370,83730938.0,121101393.01908019,0.4463159724674312,370,0,370,WO
query_cycle_8_309.graph,5,0.1,370,83730938.0,107281869.72513668,0.2812691734701059,370,0,370,WO
query_cycle_8_309.graph,1,0.1,370,83730938.0,113136763.47119382,0.35119426789645924,370,0,370,MAB
query_cycle_8_309.graph,2,0.1,370,83730938.0,110966544.51427777,0.32527530641395386,370,0,370,MAB
query_cycle_8_309.graph,3,0.1,370,83730938.0,121892307.77657722,0.4557618807110129,370,0,370,MAB
query_cycle_8_309.graph,4,0.1,370,83730938.0,106872180.52884789,0.2763762485122033,370,0,370,MAB
query_cycle_8_309.graph,5,0.1,370,83730938.0,108894223.49109592,0.30052554159964046,370,0,370,MAB
query_cycle_8_309.graph,1,0.1,370,83730938.0,108205018.2145616,0.2922943513968707,370,0,370,8_POSSA
query_cycle_8_309.graph,2,0.1,370,83730938.0,108595130.3379359,0.2969534670438768,370,0,370,8_POSSA
query_cycle_8_309.graph,3,0.1,370,83730938.0,108509429.50283945,0.2959299405297412,370,0,370,8_POSSA
query_cycle_8_309.graph,4,0.1,370,83730938.0,107123563.46726328,0.27937851917129225,370,0,370,8_POSSA
query_cycle_8_309.graph,5,0.1,370,83730938.0,107208800.53268698,0.28039650687643053,370,0,370,8_POSSA
query_cycle_8_251.graph,1,0.1,236,200265646.0,102483906.91090676,0.48826017363503893,236,0,236,UN
query_cycle_8_251.graph,2,0.1,236,200265646.0,69069670.8614339,0.6551097392838215,236,0,236,UN
query_cycle_8_251.graph,3,0.1,236,200265646.0,58210044.14352711,0.7093358481288042,236,0,236,UN
query_cycle_8_251.graph,4,0.1,236,200265646.0,118742785.18524915,0.4070736166838662,236,0,236,UN
query_cycle_8_251.graph,5,0.1,236,200265646.0,212587889.60505766,0.06152949270718981,236,0,236,UN
query_cycle_8_251.graph,1,0.1,236,200265646.0,129057677.52780004,0.3555675668516804,236,0,236,PO
query_cycle_8_251.graph,2,0.1,236,200265646.0,129084611.95014611,0.3554330733782163,236,0,236,PO
query_cycle_8_251.graph,3,0.1,236,200265646.0,129057677.52780004,0.3555675668516804,236,0,236,PO
query_cycle_8_251.graph,4,0.1,236,200265646.0,129084611.95014611,0.3554330733782163,236,0,236,PO
query_cycle_8_251.graph,5,0.1,236,200265646.0,129084611.95014612,0.3554330733782162,236,0,236,PO
query_cycle_8_251.graph,1,0.1,236,200265646.0,154188909.23492062,0.2300780872076251,236,0,236,WO
query_cycle_8_251.graph,2,0.1,236,200265646.0,99404214.44680321,0.5036382103858033,236,0,236,WO
query_cycle_8_251.graph,3,0.1,236,200265646.0,140751296.86878794,0.29717702621453135,236,0,236,WO
query_cycle_8_251.graph,4,0.1,236,200265646.0,176065791.67928368,0.12083876992420518,236,0,236,WO
query_cycle_8_251.graph,5,0.1,236,200265646.0,164331752.8045101,0.17943114015416262,236,0,236,WO
query_cycle_8_251.graph,1,0.1,236,200265646.0,145257217.00339648,0.27467731033910586,236,0,236,MAB
query_cycle_8_251.graph,2,0.1,236,200265646.0,138577368.60105202,0.3080322493202253,236,0,236,MAB
query_cycle_8_251.graph,3,0.1,236,200265646.0,136627577.3101187,0.31776827409470565,236,0,236,MAB
query_cycle_8_251.graph,4,0.1,236,200265646.0,127994235.08228558,0.36087772596661144,236,0,236,MAB
query_cycle_8_251.graph,5,0.1,236,200265646.0,126205490.7637183,0.36980958399765523,236,0,236,MAB
query_cycle_8_251.graph,1,0.1,236,200265646.0,129754672.78923744,0.3520872132545517,236,0,236,8_POSSA
query_cycle_8_251.graph,2,0.1,236,200265646.0,136816387.50255436,0.3168254753860562,236,0,236,8_POSSA
query_cycle_8_251.graph,3,0.1,236,200265646.0,141070149.57655972,0.29558487741547185,236,0,236,8_POSSA
query_cycle_8_251.graph,4,0.1,236,200265646.0,141315875.78336847,0.294357876121357,236,0,236,8_POSSA
query_cycle_8_251.graph,5,0.1,236,200265646.0,139160937.08265162,0.3051182773372343,236,0,236,8_POSSA
query_cycle_8_329.graph,1,0.1,239,200265646.0,238523911.87092215,0.19103758749976593,239,0,239,UN
query_cycle_8_329.graph,2,0.1,239,200265646.0,108279311.02098745,0.4593215901793388,239,0,239,UN
query_cycle_8_329.graph,3,0.1,239,200265646.0,151700963.66562343,0.24250131415138756,239,0,239,UN
query_cycle_8_329.graph,4,0.1,239,200265646.0,64491230.928887025,0.6779715731729294,239,0,239,UN
query_cycle_8_329.graph,5,0.1,239,200265646.0,200883670.0808502,0.0030860214579699493,239,0,239,UN
query_cycle_8_329.graph,1,0.1,239,200265646.0,167132769.3825606,0.165444634560235,239,0,239,PO
query_cycle_8_329.graph,2,0.1,239,200265646.0,167132769.38256052,0.16544463456023545,239,0,239,PO
query_cycle_8_329.graph,3,0.1,239,200265646.0,170111501.75072405,0.15057072868741528,239,0,239,PO
query_cycle_8_329.graph,4,0.1,239,200265646.0,170192387.62073278,0.1501668358000214,239,0,239,PO
query_cycle_8_329.graph,5,0.1,239,200265646.0,167213655.25256932,0.1650407416728413,239,0,239,PO
query_cycle_8_329.graph,1,0.1,239,200265646.0,195239784.60314527,0.025095973759047662,239,0,239,WO
query_cycle_8_329.graph,2,0.1,239,200265646.0,197499073.65008447,0.013814512899109687,239,0,239,WO
query_cycle_8_329.graph,3,0.1,239,200265646.0,180321078.61409777,0.09959055776297361,239,0,239,WO
query_cycle_8_329.graph,4,0.1,239,200265646.0,131760032.36947541,0.3420737155813763,239,0,239,WO
query_cycle_8_329.graph,5,0.1,239,200265646.0,233789607.1366415,0.16739746335046152,239,0,239,WO
query_cycle_8_329.graph,1,0.1,239,200265646.0,179773603.13939092,0.10232430409262049,239,0,239,MAB
query_cycle_8_329.graph,2,0.1,239,200265646.0,189999739.1160673,0.051261447427347125,239,0,239,MAB
query_cycle_8_329.graph,3,0.1,239,200265646.0,175480753.76084846,0.12376007934556853,239,0,239,MAB
query_cycle_8_329.graph,4,0.1,239,200265646.0,193781456.78055707,0.03237794074497897,239,0,239,MAB
query_cycle_8_329.graph,5,0.1,239,200265646.0,169352053.1804902,0.1543629346169028,239,0,239,MAB
query_cycle_8_329.graph,1,0.1,239,200265646.0,169145348.41278154,0.15539508751899697,239,0,239,8_POSSA
query_cycle_8_329.graph,2,0.1,239,200265646.0,173188787.030847,0.13520471189128958,239,0,239,8_POSSA
query_cycle_8_329.graph,3,0.1,239,200265646.0,168798306.56267154,0.15712799506975078,239,0,239,8_POSSA
query_cycle_8_329.graph,4,0.1,239,200265646.0,167924223.15504292,0.1614926148889115,239,0,239,8_POSSA
query_cycle_8_329.graph,5,0.1,239,200265646.0,168439170.79360017,0.15892129200432023,239,0,239,8_POSSA
query_cycle_8_335.graph,1,0.1,296,1848160787.0,1662650482.5300107,0.1003756306133495,296,0,296,UN
query_cycle_8_335.graph,2,0.1,296,1848160787.0,817526328.2615057,0.5576541099605606,296,0,296,UN
query_cycle_8_335.graph,3,0.1,296,1848160787.0,1046971357.3024985,0.43350634605662236,296,0,296,UN
query_cycle_8_335.graph,4,0.1,296,1848160787.0,1140722684.9770062,0.3827795216731832,296,0,296,UN
query_cycle_8_335.graph,5,0.1,296,1848160787.0,2782044495.8658442,0.5053043628210278,296,0,296,UN
query_cycle_8_335.graph,1,0.1,296,1848160787.0,2351882831.254504,0.27255315002768976,296,0,296,PO
query_cycle_8_335.graph,2,0.1,296,1848160787.0,1890172328.6555724,0.022731540432565412,296,0,296,PO
query_cycle_8_335.graph,3,0.1,296,1848160787.0,2133537039.660719,0.15441094447412865,296,0,296,PO
query_cycle_8_335.graph,4,0.1,296,1848160787.0,2104196809.835817,0.1385355779847617,296,0,296,PO
query_cycle_8_335.graph,5,0.1,296,1848160787.0,2138590164.378875,0.15714508143542547,296,0,296,PO
query_cycle_8_335.graph,1,0.1,296,1848160787.0,1982434667.105012,0.0726527048130753,296,0,296,WO
query_cycle_8_335.graph,2,0.1,296,1848160787.0,2072625660.0128312,0.12145310872934954,296,0,296,WO
query_cycle_8_335.graph,3,0.1,296,1848160787.0,1983547234.2500231,0.07325469093508212,296,0,296,WO
query_cycle_8_335.graph,4,0.1,296,1848160787.0,2109189670.7262526,0.14123710748671595,296,0,296,WO
query_cycle_8_335.graph,5,0.1,296,1848160787.0,2123181267.5830107,0.14880765922397565,296,0,296,WO
query_cycle_8_335.graph,1,0.1,296,1848160787.0,2115098054.3856797,0.1444340066423451,296,0,296,MAB
query_cycle_8_335.graph,2,0.1,296,1848160787.0,2024397989.2982116,0.09535815473300137,296,0,296,MAB
query_cycle_8_335.graph,3,0.1,296,1848160787.0,2103726837.2953014,0.13828128596438047,296,0,296,MAB
query_cycle_8_335.graph,4,0.1,296,1848160787.0,2018518659.7779558,0.0921769761463702,296,0,296,MAB
query_cycle_8_335.graph,5,0.1,296,1848160787.0,1910412356.2387059,0.03368298347015295,296,0,296,MAB
query_cycle_8_335.graph,1,0.1,296,1848160787.0,2056831353.085335,0.1129071493958361,296,0,296,8_POSSA
query_cycle_8_335.graph,2,0.1,296,1848160787.0,2043687900.0361464,0.10579551000729376,296,0,296,8_POSSA
query_cycle_8_335.graph,3,0.1,296,1848160787.0,2057040322.0382705,0.1130202179959305,296,0,296,8_POSSA
query_cycle_8_335.graph,4,0.1,296,1848160787.0,2041697763.0265946,0.10471868973085978,296,0,296,8_POSSA
query_cycle_8_335.graph,5,0.1,296,1848160787.0,2061396180.9985127,0.11537707947188079,296,0,296,8_POSSA
query_cycle_8_261.graph,1,0.1,243,625902168.0,277478023.52449954,0.5566750880394785,243,0,243,UN
query_cycle_8_261.graph,2,0.1,243,625902168.0,499779053.41511524,0.20150611554501718,243,0,243,UN
query_cycle_8_261.graph,3,0.1,243,625902168.0,1939990590.6904373,2.0995108978284245,243,0,243,UN
query_cycle_8_261.graph,4,0.1,243,625902168.0,307395245.0774749,0.5088765292829679,243,0,243,UN
query_cycle_8_261.graph,5,0.1,243,625902168.0,74086023.6975177,0.8816332208366505,243,0,243,UN
query_cycle_8_261.graph,1,0.1,243,625902168.0,559652242.0369761,0.10584709456226696,243,0,243,PO
query_cycle_8_261.graph,2,0.1,243,625902168.0,711939982.2322198,0.13746208054709888,243,0,243,PO
query_cycle_8_261.graph,3,0.1,243,625902168.0,713054081.784094,0.13924207047017925,243,0,243,PO
query_cycle_8_261.graph,4,0.1,243,625902168.0,687580621.7500534,0.09854328184728928,243,0,243,PO
query_cycle_8_261.graph,5,0.1,243,625902168.0,631036478.4240031,0.008203055823259465,243,0,243,PO
query_cycle_8_261.graph,1,0.1,243,625902168.0,653295877.7507589,0.04376675964918352,243,0,243,WO
query_cycle_8_261.graph,2,0.1,243,625902168.0,639759163.1055825,0.022139234874135275,243,0,243,WO
query_cycle_8_261.graph,3,0.1,243,625902168.0,654479164.0750732,0.045657288848172266,243,0,243,WO
query_cycle_8_261.graph,4,0.1,243,625902168.0,620109416.8643711,0.009255042451984188,243,0,243,WO
query_cycle_8_261.graph,5,0.1,243,625902168.0,639714081.382657,0.02206720808587621,243,0,243,WO
query_cycle_8_261.graph,1,0.1,243,625902168.0,668120148.5667745,0.06745140490833783,243,0,243,MAB
query_cycle_8_261.graph,2,0.1,243,625902168.0,656641982.297342,0.04911281006673545,243,0,243,MAB
query_cycle_8_261.graph,3,0.1,243,625902168.0,687441631.5716503,0.09832121810392941,243,0,243,MAB
query_cycle_8_261.graph,4,0.1,243,625902168.0,618898617.007606,0.011189529850604337,243,0,243,MAB
query_cycle_8_261.graph,5,0.1,243,625902168.0,633027473.2262101,0.01138405583252448,243,0,243,MAB
query_cycle_8_261.graph,1,0.1,243,625902168.0,640843433.9946785,0.023871567728262762,243,0,243,8_POSSA
query_cycle_8_261.graph,2,0.1,243,625902168.0,640465352.011521,0.023267508495866052,243,0,243,8_POSSA
query_cycle_8_261.graph,3,0.1,243,625902168.0,643471045.0516722,0.028069685567333295,243,0,243,8_POSSA
query_cycle_8_261.graph,4,0.1,243,625902168.0,641773989.3828735,0.025358310282883594,243,0,243,8_POSSA
query_cycle_8_261.graph,5,0.1,243,625902168.0,644330533.8824863,0.02944288552534035,243,0,243,8_POSSA
query_cycle_8_270.graph,1,0.1,144,29160366.0,93604705.44383751,2.2099976195030444,144,0,144,UN
query_cycle_8_270.graph,2,0.1,144,29160366.0,1061918.4936402778,0.9635834991357695,144,0,144,UN
query_cycle_8_270.graph,3,0.1,144,29160366.0,6098724.5633034725,0.7908556921643758,144,0,144,UN
query_cycle_8_270.graph,4,0.1,144,29160366.0,20420010.67919236,0.29973407469603225,144,0,144,UN
query_cycle_8_270.graph,5,0.1,144,29160366.0,50825952.15414444,0.7429805975049986,144,0,144,UN
query_cycle_8_270.graph,1,0.1,144,29160366.0,31515117.98258994,0.08075179792290473,144,0,144,PO
query_cycle_8_270.graph,2,0.1,144,29160366.0,32962765.14084417,0.13039613908975525,144,0,144,PO
query_cycle_8_270.graph,3,0.1,144,29160366.0,32962765.140844174,0.1303961390897554,144,0,144,PO
query_cycle_8_270.graph,4,0.1,144,29160366.0,47336816.66769934,0.6233272472540069,144,0,144,PO
query_cycle_8_270.graph,5,0.1,144,29160366.0,31423143.768199995,0.07759771493265877,144,0,144,PO
query_cycle_8_270.graph,1,0.1,144,29160366.0,33686091.52800808,0.15520125940833804,144,0,144,WO
query_cycle_8_270.graph,2,0.1,144,29160366.0,27048228.21167159,0.07243179966700038,144,0,144,WO
query_cycle_8_270.graph,3,0.1,144,29160366.0,35312839.13593319,0.2109875142147801,144,0,144,WO
query_cycle_8_270.graph,4,0.1,144,29160366.0,41749206.61616282,0.43171065192264124,144,0,144,WO
query_cycle_8_270.graph,5,0.1,144,29160366.0,37004514.56624756,0.26900034678054313,144,0,144,WO
query_cycle_8_270.graph,1,0.1,144,29160366.0,33641754.94332856,0.153680819483835,144,0,144,MAB
query_cycle_8_270.graph,2,0.1,144,29160366.0,28284630.817438576,0.0300316937915465,144,0,144,MAB
query_cycle_8_270.graph,3,0.1,144,29160366.0,0.0,1.0,144,0,144,MAB
query_cycle_8_270.graph,4,0.1,144,29160366.0,26707056.43128394,0.08413164528579856,144,0,144,MAB
query_cycle_8_270.graph,5,0.1,144,29160366.0,26517563.138600454,0.09062996196273895,144,0,144,MAB
query_cycle_8_270.graph,1,0.1,144,29160366.0,32269055.313054554,0.10660666306638793,144,0,144,8_POSSA
query_cycle_8_270.graph,2,0.1,144,29160366.0,32167182.532259937,0.10311312732700054,144,0,144,8_POSSA
query_cycle_8_270.graph,3,0.1,144,29160366.0,32204222.203051794,0.10438333329052846,144,0,144,8_POSSA
query_cycle_8_270.graph,4,0.1,144,29160366.0,33394722.34291131,0.14520930028489049,144,0,144,8_POSSA
query_cycle_8_270.graph,5,0.1,144,29160366.0,32129235.870947048,0.10181181782653373,144,0,144,8_POSSA
query_cycle_8_342.graph,1,0.1,198,1193911214.0,512078739.18799996,0.571091440315427,198,0,198,UN
query_cycle_8_342.graph,2,0.1,198,1193911214.0,606932702.535,0.4916433521873261,198,0,198,UN
query_cycle_8_342.graph,3,0.1,198,1193911214.0,262278110.70999998,0.7803202552798871,198,0,198,UN
query_cycle_8_342.graph,4,0.1,198,1193911214.0,1522175146.83,0.27494836214010127,198,0,198,UN
query_cycle_8_342.graph,5,0.1,198,1193911214.0,850542396.3419999,0.28759996022451306,198,0,198,UN
query_cycle_8_342.graph,1,0.1,198,1193911214.0,1251449778.4620123,0.04819333614368102,198,0,198,PO
query_cycle_8_342.graph,2,0.1,198,1193911214.0,1234212165.091865,0.033755400417794436,198,0,198,PO
query_cycle_8_342.graph,3,0.1,198,1193911214.0,1252128801.9068122,0.04876207478759153,198,0,198,PO
query_cycle_8_342.graph,4,0.1,198,1193911214.0,1314933386.7571352,0.1013661412490386,198,0,198,PO
query_cycle_8_342.graph,5,0.1,198,1193911214.0,1259042827.8573883,0.054553146912135676,198,0,198,PO
query_cycle_8_342.graph,1,0.1,198,1193911214.0,1045865516.523744,0.12400059212129656,198,0,198,WO
query_cycle_8_342.graph,2,0.1,198,1193911214.0,1289530019.0037413,0.08008870666637466,198,0,198,WO
query_cycle_8_342.graph,3,0.1,198,1193911214.0,1194873912.776324,0.0008063403417567981,198,0,198,WO
query_cycle_8_342.graph,4,0.1,198,1193911214.0,1152753679.8617916,0.0344728600046539,198,0,198,WO
query_cycle_8_342.graph,5,0.1,198,1193911214.0,1265790753.5581794,0.06020509625448529,198,0,198,WO
query_cycle_8_342.graph,1,0.1,198,1193911214.0,1302923973.2625353,0.09130725801402459,198,0,198,MAB
query_cycle_8_342.graph,2,0.1,198,1193911214.0,1165217523.9794004,0.024033353304778998,198,0,198,MAB
query_cycle_8_342.graph,3,0.1,198,1193911214.0,1256507220.53243,0.05242936476215218,198,0,198,MAB
query_cycle_8_342.graph,4,0.1,198,1193911214.0,1363964163.6883566,0.14243349731059368,198,0,198,MAB
query_cycle_8_342.graph,5,0.1,198,1193911214.0,1315656738.0378542,0.10197200814453042,198,0,198,MAB
query_cycle_8_342.graph,1,0.1,198,1193911214.0,1252382002.4023378,0.04897415127414809,198,0,198,8_POSSA
query_cycle_8_342.graph,2,0.1,198,1193911214.0,1237810026.7106395,0.03676890894052653,198,0,198,8_POSSA
query_cycle_8_342.graph,3,0.1,198,1193911214.0,1247702521.128893,0.04505469627735057,198,0,198,8_POSSA
query_cycle_8_342.graph,4,0.1,198,1193911214.0,1245453313.9559371,0.04317079808912587,198,0,198,8_POSSA
query_cycle_8_342.graph,5,0.1,198,1193911214.0,1236563232.5719132,0.035724615090107735,198,0,198,8_POSSA
query_cycle_8_318.graph,1,0.1,240,200265646.0,226795350.06228748,0.1324725662747343,240,0,240,UN
query_cycle_8_318.graph,2,0.1,240,200265646.0,165240397.49693125,0.17489394313325585,240,0,240,UN
query_cycle_8_318.graph,3,0.1,240,200265646.0,167421318.00119373,0.16400380521982422,240,0,240,UN
query_cycle_8_318.graph,4,0.1,240,200265646.0,54013451.75449165,0.7302909768433691,240,0,240,UN
query_cycle_8_318.graph,5,0.1,240,200265646.0,220374883.1532354,0.10041281445363527,240,0,240,UN
query_cycle_8_318.graph,1,0.1,240,200265646.0,182861467.8108931,0.08690546050572703,240,0,240,PO
query_cycle_8_318.graph,2,0.1,240,200265646.0,200367395.36304575,0.0005080719787843794,240,0,240,PO
query_cycle_8_318.graph,3,0.1,240,200265646.0,177422778.0704949,0.11406283796425629,240,0,240,PO
query_cycle_8_318.graph,4,0.1,240,200265646.0,181899051.50346932,0.09171115896997473,240,0,240,PO
query_cycle_8_318.graph,5,0.1,240,200265646.0,200367395.3630458,0.0005080719787846771,240,0,240,PO
query_cycle_8_318.graph,1,0.1,240,200265646.0,247065251.24185082,0.23368763528144423,240,0,240,WO
query_cycle_8_318.graph,2,0.1,240,200265646.0,256972110.93626994,0.283156228084521,240,0,240,WO
query_cycle_8_318.graph,3,0.1,240,200265646.0,221105636.79273567,0.10406173604401259,240,0,240,WO
query_cycle_8_318.graph,4,0.1,240,200265646.0,226174156.95547268,0.12937072070500139,240,0,240,WO
query_cycle_8_318.graph,5,0.1,240,200265646.0,223767485.5803315,0.11735332569387115,240,0,240,WO
query_cycle_8_318.graph,1,0.1,240,200265646.0,200673499.04576325,0.0020365602084506003,240,0,240,MAB
query_cycle_8_318.graph,2,0.1,240,200265646.0,187380093.4298264,0.06434230147577878,240,0,240,MAB
query_cycle_8_318.graph,3,0.1,240,200265646.0,235201823.47281325,0.17444917873139984,240,0,240,MAB
query_cycle_8_318.graph,4,0.1,240,200265646.0,202758848.46237177,0.012449476543629288,240,0,240,MAB
query_cycle_8_318.graph,5,0.1,240,200265646.0,198200111.7083059,0.010313972131266612,240,0,240,MAB
query_cycle_8_318.graph,1,0.1,240,200265646.0,187920918.29580992,0.06164176408064554,240,0,240,8_POSSA
query_cycle_8_318.graph,2,0.1,240,200265646.0,184329568.61239237,0.07957469344296642,240,0,240,8_POSSA
query_cycle_8_318.graph,3,0.1,240,200265646.0,186647890.70663255,0.06799845887380727,240,0,240,8_POSSA
query_cycle_8_318.graph,4,0.1,240,200265646.0,181783185.63979396,0.09228971982646508,240,0,240,8_POSSA
query_cycle_8_318.graph,5,0.1,240,200265646.0,186594166.5908471,0.06826672313609343,240,0,240,8_POSSA
query_cycle_8_274.graph,1,0.1,200,1193911214.0,499783823.793254,0.5813894551515169,200,0,200,UN
query_cycle_8_274.graph,2,0.1,200,1193911214.0,3692565666.435646,2.0928310439972515,200,0,200,UN
query_cycle_8_274.graph,3,0.1,200,1193911214.0,359696483.4913451,0.698724260838256,200,0,200,UN
query_cycle_8_274.graph,4,0.1,200,1193911214.0,103478837.68922697,0.9133278618411345,200,0,200,UN
query_cycle_8_274.graph,5,0.1,200,1193911214.0,1284784969.9715028,0.07611433321498459,200,0,200,UN
query_cycle_8_274.graph,1,0.1,200,1193911214.0,1191980967.9706216,0.0016167416862694901,200,0,200,PO
query_cycle_8_274.graph,2,0.1,200,1193911214.0,1331066075.298127,0.11487861047775277,200,0,200,PO
query_cycle_8_274.graph,3,0.1,200,1193911214.0,1308613086.3845427,0.09607236370638755,200,0,200,PO
query_cycle_8_274.graph,4,0.1,200,1193911214.0,1244623033.4649518,0.042475369081299,200,0,200,PO
query_cycle_8_274.graph,5,0.1,200,1193911214.0,1391236064.4784453,0.16527598381234845,200,0,200,PO
query_cycle_8_274.graph,1,0.1,200,1193911214.0,1239047110.0221019,0.03780506916496881,200,0,200,WO
query_cycle_8_274.graph,2,0.1,200,1193911214.0,1276289599.2966642,0.06899875328305966,200,0,200,WO
query_cycle_8_274.graph,3,0.1,200,1193911214.0,1326726716.5625527,0.11124403641169978,200,0,200,WO
query_cycle_8_274.graph,4,0.1,200,1193911214.0,1324640650.7168229,0.10949678266178248,200,0,200,WO
query_cycle_8_274.graph,5,0.1,200,1193911214.0,1088620489.7374537,0.08818974395071416,200,0,200,WO
query_cycle_8_274.graph,1,0.1,200,1193911214.0,1431017905.725329,0.1985965865342219,200,0,200,MAB
query_cycle_8_274.graph,2,0.1,200,1193911214.0,1322556813.6563585,0.10775139570500632,200,0,200,MAB
query_cycle_8_274.graph,3,0.1,200,1193911214.0,1258008572.3023329,0.053686871813177287,200,0,200,MAB
query_cycle_8_274.graph,4,0.1,200,1193911214.0,1384714156.9399366,0.1598133434903281,200,0,200,MAB
query_cycle_8_274.graph,5,0.1,200,1193911214.0,1308227612.8332698,0.09574949752776996,200,0,200,MAB
query_cycle_8_274.graph,1,0.1,200,1193911214.0,1269709779.6170065,0.06348760672333088,200,0,200,8_POSSA
query_cycle_8_274.graph,2,0.1,200,1193911214.0,1294786573.856789,0.08449150881062845,200,0,200,8_POSSA
query_cycle_8_274.graph,3,0.1,200,1193911214.0,1272281064.431373,0.06564127173980366,200,0,200,8_POSSA
query_cycle_8_274.graph,4,0.1,200,1193911214.0,1272841238.4222884,0.06611046407533652,200,0,200,8_POSSA
query_cycle_8_274.graph,5,0.1,200,1193911214.0,1271908294.0883937,0.06532904555530349,200,0,200,8_POSSA
query_cycle_8_292.graph,1,0.1,208,105109596.0,33064325.9255726,0.685429997033072,208,0,208,UN
query_cycle_8_292.graph,2,0.1,208,105109596.0,324951332.9852669,2.0915477306683483,208,0,208,UN
query_cycle_8_292.graph,3,0.1,208,105109596.0,28339385.522591833,0.7303825092944718,208,0,208,UN
query_cycle_8_292.graph,4,0.1,208,105109596.0,323450551.7204101,2.077269478996096,208,0,208,UN
query_cycle_8_292.graph,5,0.1,208,105109596.0,81516842.82114856,0.2244586039399432,208,0,208,UN
query_cycle_8_292.graph,1,0.1,208,105109596.0,97484434.49101317,0.07254486554193236,208,0,208,PO
query_cycle_8_292.graph,2,0.1,208,105109596.0,83943898.07459728,0.20136789342623596,208,0,208,PO
query_cycle_8_292.graph,3,0.1,208,105109596.0,87925406.61958666,0.16348830206152956,208,0,208,PO
query_cycle_8_292.graph,4,0.1,208,105109596.0,68953155.30389272,0.34398800939266555,208,0,208,PO
query_cycle_8_292.graph,5,0.1,208,105109596.0,97514808.47739132,0.07225589110444952,208,0,208,PO
query_cycle_8_292.graph,1,0.1,208,105109596.0,95458441.79769811,0.09181991530346943,208,0,208,WO
query_cycle_8_292.graph,2,0.1,208,105109596.0,100689471.70374028,0.04205252864124524,208,0,208,WO
query_cycle_8_292.graph,3,0.1,208,105109596.0,92203776.51115336,0.12278440770380894,208,0,208,WO
query_cycle_8_292.graph,4,0.1,208,105109596.0,99721885.55832769,0.05125802635253503,208,0,208,WO
query_cycle_8_292.graph,5,0.1,208,105109596.0,91162002.02597156,0.13269572431834328,208,0,208,WO
query_cycle_8_292.graph,1,0.1,208,105109596.0,98512180.3915181,0.06276701518748011,208,0,208,MAB
query_cycle_8_292.graph,2,0.1,208,105109596.0,103712520.0849557,0.013291611500859472,208,0,208,MAB
query_cycle_8_292.graph,3,0.1,208,105109596.0,89465697.4456097,0.14883416119675977,208,0,208,MAB
query_cycle_8_292.graph,4,0.1,208,105109596.0,93867827.28676547,0.10695282962779658,208,0,208,MAB
query_cycle_8_292.graph,5,0.1,208,105109596.0,92013381.94112639,0.12459579864500296,208,0,208,MAB
query_cycle_8_292.graph,1,0.1,208,105109596.0,94870675.27073523,0.09741185504380367,208,0,208,8_POSSA
query_cycle_8_292.graph,2,0.1,208,105109596.0,94898727.64697449,0.09714496812475153,208,0,208,8_POSSA
query_cycle_8_292.graph,3,0.1,208,105109596.0,95197985.2249291,0.09429786767585811,208,0,208,8_POSSA
query_cycle_8_292.graph,4,0.1,208,105109596.0,93256479.56590453,0.11276911799846964,208,0,208,8_POSSA
query_cycle_8_292.graph,5,0.1,208,105109596.0,95323867.55032387,0.09310023843756499,208,0,208,8_POSSA
query_cycle_8_372.graph,1,0.1,206,514848645.0,119781371.74813543,0.7673464368384704,206,0,206,UN
query_cycle_8_372.graph,2,0.1,206,514848645.0,1311671071.1658206,1.5476828654483894,206,0,206,UN
query_cycle_8_372.graph,3,0.1,206,514848645.0,345752977.8414728,0.3284376268651289,206,0,206,UN
query_cycle_8_372.graph,4,0.1,206,514848645.0,141321724.5860228,0.7255082130282721,206,0,206,UN
query_cycle_8_372.graph,5,0.1,206,514848645.0,402269036.50839466,0.21866544582555003,206,0,206,UN
query_cycle_8_372.graph,1,0.1,206,514848645.0,558281883.3596457,0.08436117834134675,206,0,206,PO
query_cycle_8_372.graph,2,0.1,206,514848645.0,480027040.864758,0.06763464267297817,206,0,206,PO
query_cycle_8_372.graph,3,0.1,206,514848645.0,492106471.9649172,0.044172541301109605,206,0,206,PO
query_cycle_8_372.graph,4,0.1,206,514848645.0,536901524.5625533,0.042833713901593906,206,0,206,PO
query_cycle_8_372.graph,5,0.1,206,514848645.0,542086654.4656401,0.052904887155020223,206,0,206,PO
query_cycle_8_372.graph,1,0.1,206,514848645.0,579203813.0539341,0.124998227496421,206,0,206,WO
query_cycle_8_372.graph,2,0.1,206,514848645.0,609146775.9078437,0.18315699540754102,206,0,206,WO
query_cycle_8_372.graph,3,0.1,206,514848645.0,571133899.0537876,0.10932388499106876,206,0,206,WO
query_cycle_8_372.graph,4,0.1,206,514848645.0,503817711.1708284,0.02142558582274524,206,0,206,WO
query_cycle_8_372.graph,5,0.1,206,514848645.0,545189216.7050307,0.05893105090143663,206,0,206,WO
query_cycle_8_372.graph,1,0.1,206,514848645.0,582479123.9216566,0.1313599240834296,206,0,206,MAB
query_cycle_8_372.graph,2,0.1,206,514848645.0,631402976.5418191,0.22638562356868802,206,0,206,MAB
query_cycle_8_372.graph,3,0.1,206,514848645.0,530055201.1000119,0.029535973820057126,206,0,206,MAB
query_cycle_8_372.graph,4,0.1,206,514848645.0,556973588.9872055,0.08182005409998798,206,0,206,MAB
query_cycle_8_372.graph,5,0.1,206,514848645.0,539111980.6634426,0.047127123474205924,206,0,206,MAB
query_cycle_8_372.graph,1,0.1,206,514848645.0,559181818.3267872,0.08610913859312426,206,0,206,8_POSSA
query_cycle_8_372.graph,2,0.1,206,514848645.0,556509126.951096,0.08091792093790216,206,0,206,8_POSSA
query_cycle_8_372.graph,3,0.1,206,514848645.0,560430889.427936,0.0885352323845311,206,0,206,8_POSSA
query_cycle_8_372.graph,4,0.1,206,514848645.0,558778488.2526649,0.0853257431660618,206,0,206,8_POSSA
query_cycle_8_372.graph,5,0.1,206,514848645.0,561935175.5692781,0.09145703504624766,206,0,206,8_POSSA
query_cycle_8_332.graph,1,0.1,124,1962994.0,4860558.141851613,1.4760942426984562,124,0,124,UN
query_cycle_8_332.graph,2,0.1,124,1962994.0,4743561.512681453,1.4164931287010825,124,0,124,UN
query_cycle_8_332.graph,3,0.1,124,1962994.0,5004947.493532259,1.5496499192214845,124,0,124,UN
query_cycle_8_332.graph,4,0.1,124,1962994.0,5676234.220675002,1.8916207694343445,124,0,124,UN
query_cycle_8_332.graph,5,0.1,124,1962994.0,5988775.286023388,2.05083728530163,124,0,124,UN
query_cycle_8_332.graph,1,0.1,124,1962994.0,2427339.1998184714,0.23654947484224173,124,0,124,PO
query_cycle_8_332.graph,2,0.1,124,1962994.0,2427339.199818471,0.23654947484224148,124,0,124,PO
query_cycle_8_332.graph,3,0.1,124,1962994.0,2426967.967451121,0.23636035945658582,124,0,124,PO
query_cycle_8_332.graph,4,0.1,124,1962994.0,2427339.1998184714,0.23654947484224173,124,0,124,PO
query_cycle_8_332.graph,5,0.1,124,1962994.0,2438292.5918695615,0.24212941652881337,124,0,124,PO
query_cycle_8_332.graph,1,0.1,124,1962994.0,1200230.222227716,0.38857162975143283,124,0,124,WO
query_cycle_8_332.graph,2,0.1,124,1962994.0,2316091.479781028,0.1798770040973268,124,0,124,WO
query_cycle_8_332.graph,3,0.1,124,1962994.0,3356950.209733008,0.7101174072529045,124,0,124,WO
query_cycle_8_332.graph,4,0.1,124,1962994.0,1543207.6320705488,0.21385005146701985,124,0,124,WO
query_cycle_8_332.graph,5,0.1,124,1962994.0,1626674.5005116975,0.17132986625955174,124,0,124,WO
query_cycle_8_332.graph,1,0.1,124,1962994.0,2779637.948192446,0.41601958446762755,124,0,124,MAB
query_cycle_8_332.graph,2,0.1,124,1962994.0,2537235.195540794,0.29253334220114485,124,0,124,MAB
query_cycle_8_332.graph,3,0.1,124,1962994.0,2245515.9460911653,0.14392399879529194,124,0,124,MAB
query_cycle_8_332.graph,4,0.1,124,1962994.0,2476107.4210570864,0.2613932702071868,124,0,124,MAB
query_cycle_8_332.graph,5,0.1,124,1962994.0,2687612.5428531137,0.36913945883335036,124,0,124,MAB
query_cycle_8_332.graph,1,0.1,124,1962994.0,2449716.8480816153,0.24794922861792512,124,0,124,8_POSSA
query_cycle_8_332.graph,2,0.1,124,1962994.0,2444112.533394201,0.24509424552199405,124,0,124,8_POSSA
query_cycle_8_332.graph,3,0.1,124,1962994.0,2422889.1965363426,0.2342825278815639,124,0,124,8_POSSA
query_cycle_8_332.graph,4,0.1,124,1962994.0,2420950.560333607,0.23329493637454154,124,0,124,8_POSSA
query_cycle_8_332.graph,5,0.1,124,1962994.0,2414315.318007128,0.22991477203044322,124,0,124,8_POSSA
query_cycle_8_347.graph,1,0.1,344,3154360058.0,375555065.29590875,0.8809409647629044,344,0,344,UN
query_cycle_8_347.graph,2,0.1,344,3154360058.0,1181611987.7193933,0.6254035791752366,344,0,344,UN
query_cycle_8_347.graph,3,0.1,344,3154360058.0,780744994.5091832,0.752487040111645,344,0,344,UN
query_cycle_8_347.graph,4,0.1,344,3154360058.0,4786969054.922477,0.517572175307603,344,0,344,UN
query_cycle_8_347.graph,5,0.1,344,3154360058.0,178122027.560748,0.9435314852186896,344,0,344,UN
query_cycle_8_347.graph,1,0.1,344,3154360058.0,2503189326.8927083,0.20643513078217265,344,0,344,PO
query_cycle_8_347.graph,2,0.1,344,3154360058.0,2376748035.550112,0.24651974034407717,344,0,344,PO
query_cycle_8_347.graph,3,0.1,344,3154360058.0,2458384941.555868,0.22063908483719832,344,0,344,PO
query_cycle_8_347.graph,4,0.1,344,3154360058.0,2374659115.251694,0.2471819730188537,344,0,344,PO
query_cycle_8_347.graph,5,0.1,344,3154360058.0,2384524872.235389,0.24405431580715595,344,0,344,PO
query_cycle_8_347.graph,1,0.1,344,3154360058.0,2460456687.5164447,0.2199822967969991,344,0,344,WO
query_cycle_8_347.graph,2,0.1,344,3154360058.0,2490574370.0149984,0.2104343435054368,344,0,344,WO
query_cycle_8_347.graph,3,0.1,344,3154360058.0,2538562344.2624197,0.19522112327532531,344,0,344,WO
query_cycle_8_347.graph,4,0.1,344,3154360058.0,2596306411.249709,0.17691501175808094,344,0,344,WO
query_cycle_8_347.graph,5,0.1,344,3154360058.0,2232628647.0378866,0.2922086870281165,344,0,344,WO
query_cycle_8_347.graph,1,0.1,344,3154360058.0,2332897994.0711384,0.2604211468647951,344,0,344,MAB
query_cycle_8_347.graph,2,0.1,344,3154360058.0,2314807668.871074,0.2661561691410835,344,0,344,MAB
query_cycle_8_347.graph,3,0.1,344,3154360058.0,2528548450.140374,0.19839574314684205,344,0,344,MAB
query_cycle_8_347.graph,4,0.1,344,3154360058.0,2499001272.1536903,0.20776283423454053,344,0,344,MAB
query_cycle_8_347.graph,5,0.1,344,3154360058.0,2370898489.5750957,0.24837417226290034,344,0,344,MAB
query_cycle_8_347.graph,1,0.1,344,3154360058.0,2453892805.645693,0.2220631885627012,344,0,344,8_POSSA
query_cycle_8_347.graph,2,0.1,344,3154360058.0,2468971618.092783,0.21728288061756107,344,0,344,8_POSSA
query_cycle_8_347.graph,3,0.1,344,3154360058.0,2450658638.1379867,0.22308848924120295,344,0,344,8_POSSA
query_cycle_8_347.graph,4,0.1,344,3154360058.0,2419081036.5393925,0.23309926829558134,344,0,344,8_POSSA
query_cycle_8_347.graph,5,0.1,344,3154360058.0,2466301169.8557324,0.21812947015963882,344,0,344,8_POSSA
query_cycle_8_337.graph,1,0.1,182,1173956305.0,117352376.11622253,0.9000368449690958,182,0,182,UN
query_cycle_8_337.graph,2,0.1,182,1173956305.0,127876922.86086538,0.8910718207174965,182,0,182,UN
query_cycle_8_337.graph,3,0.1,182,1173956305.0,38387609.60115385,0.9673006487229063,182,0,182,UN
query_cycle_8_337.graph,4,0.1,182,1173956305.0,194894243.53560442,0.8339850957778157,182,0,182,UN
query_cycle_8_337.graph,5,0.1,182,1173956305.0,41417403.36097529,0.964719808408052,182,0,182,UN
query_cycle_8_337.graph,1,0.1,182,1173956305.0,1134519499.1833568,0.033593078080229946,182,0,182,PO
query_cycle_8_337.graph,2,0.1,182,1173956305.0,1107178550.9092066,0.05688265722189155,182,0,182,PO
query_cycle_8_337.graph,3,0.1,182,1173956305.0,1106965467.025713,0.057064166433593994,182,0,182,PO
query_cycle_8_337.graph,4,0.1,182,1173956305.0,1106924990.7514718,0.05709864495214602,182,0,182,PO
query_cycle_8_337.graph,5,0.1,182,1173956305.0,1107544032.9496424,0.05657133214200641,182,0,182,PO
query_cycle_8_337.graph,1,0.1,182,1173956305.0,1103188083.5539773,0.06028181896090481,182,0,182,WO
query_cycle_8_337.graph,2,0.1,182,1173956305.0,1033627551.3911128,0.11953490348083032,182,0,182,WO
query_cycle_8_337.graph,3,0.1,182,1173956305.0,1095747599.4774833,0.06661977553118276,182,0,182,WO
query_cycle_8_337.graph,4,0.1,182,1173956305.0,1137136641.349198,0.031363742836069096,182,0,182,WO
query_cycle_8_337.graph,5,0.1,182,1173956305.0,1140101114.7875497,0.028838543707510704,182,0,182,WO
query_cycle_8_337.graph,1,0.1,182,1173956305.0,1140706143.231258,0.028323168100146696,182,0,182,MAB
query_cycle_8_337.graph,2,0.1,182,1173956305.0,985357356.491989,0.16065244311457655,182,0,182,MAB
query_cycle_8_337.graph,3,0.1,182,1173956305.0,1109737521.3437839,0.05470287384862774,182,0,182,MAB
query_cycle_8_337.graph,4,0.1,182,1173956305.0,947031000.6909372,0.19329961715147723,182,0,182,MAB
query_cycle_8_337.graph,5,0.1,182,1173956305.0,0.0,1.0,182,0,182,MAB
query_cycle_8_337.graph,1,0.1,182,1173956305.0,1114533768.7761106,0.05061733215350749,182,0,182,8_POSSA
query_cycle_8_337.graph,2,0.1,182,1173956305.0,1111501390.1388946,0.053200374319813754,182,0,182,8_POSSA
query_cycle_8_337.graph,3,0.1,182,1173956305.0,1111077292.293285,0.05356162954183811,182,0,182,8_POSSA
query_cycle_8_337.graph,4,0.1,182,1173956305.0,1113128613.8173778,0.05181427189713181,182,0,182,8_POSSA
query_cycle_8_337.graph,5,0.1,182,1173956305.0,1111221301.610987,0.053438959458557575,182,0,182,8_POSSA
query_cycle_8_264.graph,1,0.1,220,689844513.0,291665207.0941064,0.5772015264342526,220,0,220,UN
query_cycle_8_264.graph,2,0.1,220,689844513.0,1827560766.1034951,1.6492357794596173,220,0,220,UN
query_cycle_8_264.graph,3,0.1,220,689844513.0,797240127.1317726,0.1556808992576167,220,0,220,UN
query_cycle_8_264.graph,4,0.1,220,689844513.0,2221735341.0057883,2.2206320397387698,220,0,220,UN
query_cycle_8_264.graph,5,0.1,220,689844513.0,622645390.0045272,0.09741198448217966,220,0,220,UN
query_cycle_8_264.graph,1,0.1,220,689844513.0,660314165.0499415,0.04280725205979635,220,0,220,PO
query_cycle_8_264.graph,2,0.1,220,689844513.0,666740754.2214181,0.033491255410741896,220,0,220,PO
query_cycle_8_264.graph,3,0.1,220,689844513.0,612830994.579487,0.11163895192207325,220,0,220,PO
query_cycle_8_264.graph,4,0.1,220,689844513.0,646487065.8551477,0.06285104299271607,220,0,220,PO
query_cycle_8_264.graph,5,0.1,220,689844513.0,655747586.5757324,0.049426973443605034,220,0,220,PO
query_cycle_8_264.graph,1,0.1,220,689844513.0,668182147.4709458,0.03140180884363165,220,0,220,WO
query_cycle_8_264.graph,2,0.1,220,689844513.0,714826113.8116122,0.036213379016341106,220,0,220,WO
query_cycle_8_264.graph,3,0.1,220,689844513.0,714676672.3629091,0.035996748390327606,220,0,220,WO
query_cycle_8_264.graph,4,0.1,220,689844513.0,640342080.2328967,0.0717588265677824,220,0,220,WO
query_cycle_8_264.graph,5,0.1,220,689844513.0,660354464.173928,0.0427488343682339,220,0,220,WO
query_cycle_8_264.graph,1,0.1,220,689844513.0,645084629.9814032,0.06488401686917059,220,0,220,MAB
query_cycle_8_264.graph,2,0.1,220,689844513.0,727592228.14634,0.054719164152197894,220,0,220,MAB
query_cycle_8_264.graph,3,0.1,220,689844513.0,660031586.9916624,0.04321687778407773,220,0,220,MAB
query_cycle_8_264.graph,4,0.1,220,689844513.0,700036470.4343644,0.014774282091542038,220,0,220,MAB
query_cycle_8_264.graph,5,0.1,220,689844513.0,648392636.9311951,0.06008872331032784,220,0,220,MAB
query_cycle_8_264.graph,1,0.1,220,689844513.0,679983115.6925174,0.014295101463657797,220,0,220,8_POSSA
query_cycle_8_264.graph,2,0.1,220,689844513.0,675096974.4925854,0.021378061620408336,220,0,220,8_POSSA
query_cycle_8_264.graph,3,0.1,220,689844513.0,674659292.6139619,0.02201252615607608,220,0,220,8_POSSA
query_cycle_8_264.graph,4,0.1,220,689844513.0,660108827.7712188,0.04310490939395386,220,0,220,8_POSSA
query_cycle_8_264.graph,5,0.1,220,689844513.0,674786878.0978189,0.021827577980867624,220,0,220,8_POSSA
query_cycle_8_254.graph,1,0.1,315,851364309.0,60837944.91192381,0.9285406443883194,315,0,315,UN
query_cycle_8_254.graph,2,0.1,315,851364309.0,408210803.747454,0.5205215917179657,315,0,315,UN
query_cycle_8_254.graph,3,0.1,315,851364309.0,1023527317.2743062,0.2022201382584693,315,0,315,UN
query_cycle_8_254.graph,4,0.1,315,851364309.0,14298285.003865398,0.9832054446578106,315,0,315,UN
query_cycle_8_254.graph,5,0.1,315,851364309.0,5684670911.110791,5.677130872197265,315,0,315,UN
query_cycle_8_254.graph,1,0.1,315,851364309.0,842337402.828286,0.010602871269429675,315,0,315,PO
query_cycle_8_254.graph,2,0.1,315,851364309.0,825574374.2732582,0.030292478148437146,315,0,315,PO
query_cycle_8_254.graph,3,0.1,315,851364309.0,933779987.745293,0.0968042445214755,315,0,315,PO
query_cycle_8_254.graph,4,0.1,315,851364309.0,835428763.1979603,0.01871765780357577,315,0,315,PO
query_cycle_8_254.graph,5,0.1,315,851364309.0,823752678.4972479,0.03243221522309795,315,0,315,PO
query_cycle_8_254.graph,1,0.1,315,851364309.0,850200903.5456076,0.0013665189415315662,315,0,315,WO
query_cycle_8_254.graph,2,0.1,315,851364309.0,809745634.1508636,0.048884683571033226,315,0,315,WO
query_cycle_8_254.graph,3,0.1,315,851364309.0,850409105.3931656,0.001121968112518576,315,0,315,WO
query_cycle_8_254.graph,4,0.1,315,851364309.0,821658662.1409265,0.03489181604754531,315,0,315,WO
query_cycle_8_254.graph,5,0.1,315,851364309.0,861814416.5316893,0.012274542661958461,315,0,315,WO
query_cycle_8_254.graph,1,0.1,315,851364309.0,864398725.3362606,0.015310033787498786,315,0,315,MAB
query_cycle_8_254.graph,2,0.1,315,851364309.0,809913398.0482435,0.04868763056375256,315,0,315,MAB
query_cycle_8_254.graph,3,0.1,315,851364309.0,792192835.972713,0.06950194223761735,315,0,315,MAB
query_cycle_8_254.graph,4,0.1,315,851364309.0,850926926.7462895,0.0005137427645096505,315,0,315,MAB
query_cycle_8_254.graph,5,0.1,315,851364309.0,836907759.6600721,0.016980450304415935,315,0,315,MAB
query_cycle_8_254.graph,1,0.1,315,851364309.0,850371341.9867635,0.0011663244544545767,315,0,315,8_POSSA
query_cycle_8_254.graph,2,0.1,315,851364309.0,850319937.9926655,0.001226702830144681,315,0,315,8_POSSA
query_cycle_8_254.graph,3,0.1,315,851364309.0,850705018.3721095,0.0007743930781698621,315,0,315,8_POSSA
query_cycle_8_254.graph,4,0.1,315,851364309.0,850226879.8017137,0.0013360076130303166,315,0,315,8_POSSA
query_cycle_8_254.graph,5,0.1,315,851364309.0,850305127.7120986,0.0012440987679475314,315,0,315,8_POSSA
query_cycle_8_326.graph,1,0.1,305,1848160787.0,749884023.6812438,0.5942539042295761,305,0,305,UN
query_cycle_8_326.graph,2,0.1,305,1848160787.0,1045976343.9070386,0.4340447263763753,305,0,305,UN
query_cycle_8_326.graph,3,0.1,305,1848160787.0,663809450.9042202,0.6408270018639779,305,0,305,UN
query_cycle_8_326.graph,4,0.1,305,1848160787.0,979614194.0355992,0.46995185650175836,305,0,305,UN
query_cycle_8_326.graph,5,0.1,305,1848160787.0,2318307237.314044,0.25438611922786347,305,0,305,UN
query_cycle_8_326.graph,1,0.1,305,1848160787.0,1746525638.2790835,0.05499259016629948,305,0,305,PO
query_cycle_8_326.graph,2,0.1,305,1848160787.0,1798720915.4883695,0.026750849741749516,305,0,305,PO
query_cycle_8_326.graph,3,0.1,305,1848160787.0,2002693092.631092,0.08361410258137464,305,0,305,PO
query_cycle_8_326.graph,4,0.1,305,1848160787.0,1959961845.322235,0.06049314491934143,305,0,305,PO
query_cycle_8_326.graph,5,0.1,305,1848160787.0,1340360056.6471667,0.27476003923723186,305,0,305,PO
query_cycle_8_326.graph,1,0.1,305,1848160787.0,1918710590.902572,0.038172979536640235,305,0,305,WO
query_cycle_8_326.graph,2,0.1,305,1848160787.0,1910027763.7863467,0.03347488877673427,305,0,305,WO
query_cycle_8_326.graph,3,0.1,305,1848160787.0,1865386303.8355045,0.009320356192312466,305,0,305,WO
query_cycle_8_326.graph,4,0.1,305,1848160787.0,1809260840.5348437,0.021047923286101146,305,0,305,WO
query_cycle_8_326.graph,5,0.1,305,1848160787.0,2003570502.4295728,0.08408885012750399,305,0,305,WO
query_cycle_8_326.graph,1,0.1,305,1848160787.0,1921440739.5371454,0.03965020416654115,305,0,305,MAB
query_cycle_8_326.graph,2,0.1,305,1848160787.0,1888806920.2548237,0.021992747352248463,305,0,305,MAB
query_cycle_8_326.graph,3,0.1,305,1848160787.0,1781383587.9282074,0.036131704309227186,305,0,305,MAB
query_cycle_8_326.graph,4,0.1,305,1848160787.0,1855463678.9039028,0.003951437534694739,305,0,305,MAB
query_cycle_8_326.graph,5,0.1,305,1848160787.0,1881512523.4321415,0.0180459063230528,305,0,305,MAB
query_cycle_8_326.graph,1,0.1,305,1848160787.0,1899631623.7821622,0.02784976131092548,305,0,305,8_POSSA
query_cycle_8_326.graph,2,0.1,305,1848160787.0,1915748544.5625234,0.03657028005243754,305,0,305,8_POSSA
query_cycle_8_326.graph,3,0.1,305,1848160787.0,1895506849.8986235,0.0256179349933494,305,0,305,8_POSSA
query_cycle_8_326.graph,4,0.1,305,1848160787.0,1898939728.7458653,0.027475391807382475,305,0,305,8_POSSA
query_cycle_8_326.graph,5,0.1,305,1848160787.0,1905924639.0027726,0.03125477632091572,305,0,305,8_POSSA
query_cycle_8_265.graph,1,0.1,240,200265646.0,224785896.25810668,0.12243862463613295,240,0,240,UN
query_cycle_8_265.graph,2,0.1,240,200265646.0,261520145.415905,0.3058662363683934,240,0,240,UN
query_cycle_8_265.graph,3,0.1,240,200265646.0,465320863.28687,1.323518149922079,240,0,240,UN
query_cycle_8_265.graph,4,0.1,240,200265646.0,45882157.019326665,0.7708935210019663,240,0,240,UN
query_cycle_8_265.graph,5,0.1,240,200265646.0,200805745.81339335,0.0026969169409782564,240,0,240,UN
query_cycle_8_265.graph,1,0.1,240,200265646.0,201139270.21929327,0.004362326922977426,240,0,240,PO
query_cycle_8_265.graph,2,0.1,240,200265646.0,194025056.37442228,0.031161558411160136,240,0,240,PO
query_cycle_8_265.graph,3,0.1,240,200265646.0,254131256.5508501,0.26897079767165905,240,0,240,PO
query_cycle_8_265.graph,4,0.1,240,200265646.0,194025056.37442228,0.031161558411160136,240,0,240,PO
query_cycle_8_265.graph,5,0.1,240,200265646.0,201819909.6088515,0.007761009638425416,240,0,240,PO
query_cycle_8_265.graph,1,0.1,240,200265646.0,174831570.9968467,0.12700168756429295,240,0,240,WO
query_cycle_8_265.graph,2,0.1,240,200265646.0,240424738.97730896,0.20052911609866905,240,0,240,WO
query_cycle_8_265.graph,3,0.1,240,200265646.0,145248456.02614525,0.27472105711957584,240,0,240,WO
query_cycle_8_265.graph,4,0.1,240,200265646.0,259407070.821269,0.29531487802590467,240,0,240,WO
query_cycle_8_265.graph,5,0.1,240,200265646.0,298611881.0649597,0.49107890958472084,240,0,240,WO
query_cycle_8_265.graph,1,0.1,240,200265646.0,184517924.54415542,0.07863416302486838,240,0,240,MAB
query_cycle_8_265.graph,2,0.1,240,200265646.0,216118333.2521057,0.07915829583724865,240,0,240,MAB
query_cycle_8_265.graph,3,0.1,240,200265646.0,209206065.33106738,0.044642800748099266,240,0,240,MAB
query_cycle_8_265.graph,4,0.1,240,200265646.0,192261497.29944584,0.03996765726136654,240,0,240,MAB
query_cycle_8_265.graph,5,0.1,240,200265646.0,178565883.11391968,0.10835489420926606,240,0,240,MAB
query_cycle_8_265.graph,1,0.1,240,200265646.0,214186910.80687162,0.06951399346282099,240,0,240,8_POSSA
query_cycle_8_265.graph,2,0.1,240,200265646.0,194579756.17266494,0.028391738378009474,240,0,240,8_POSSA
query_cycle_8_265.graph,3,0.1,240,200265646.0,214288821.52612537,0.070022871152476,240,0,240,8_POSSA
query_cycle_8_265.graph,4,0.1,240,200265646.0,194253056.3885354,0.030023070514373643,240,0,240,8_POSSA
query_cycle_8_265.graph,5,0.1,240,200265646.0,196583136.97198355,0.01838812148548158,240,0,240,8_POSSA
query_cycle_8_383.graph,1,0.1,209,354274126.0,829426275.6917992,1.3411991303361488,209,0,209,UN
query_cycle_8_383.graph,2,0.1,209,354274126.0,798654130.9593024,1.254339429121342,209,0,209,UN
query_cycle_8_383.graph,3,0.1,209,354274126.0,379665423.89150053,0.07167133027236805,209,0,209,UN
query_cycle_8_383.graph,4,0.1,209,354274126.0,446529093.5371752,0.2604056033636935,209,0,209,UN
query_cycle_8_383.graph,5,0.1,209,354274126.0,970850920.3329179,1.7403946522838023,209,0,209,UN
query_cycle_8_383.graph,1,0.1,209,354274126.0,377129666.3295704,0.06451371593975908,209,0,209,PO
query_cycle_8_383.graph,2,0.1,209,354274126.0,370371754.2758776,0.04543834024130115,209,0,209,PO
query_cycle_8_383.graph,3,0.1,209,354274126.0,348573020.580215,0.01609235617671109,209,0,209,PO
query_cycle_8_383.graph,4,0.1,209,354274126.0,336227821.61211824,0.0509388156330721,209,0,209,PO
query_cycle_8_383.graph,5,0.1,209,354274126.0,352014502.41756874,0.006378178412135175,209,0,209,PO
query_cycle_8_383.graph,1,0.1,209,354274126.0,414175626.1258772,0.169082345364045,209,0,209,WO
query_cycle_8_383.graph,2,0.1,209,354274126.0,342698940.4852603,0.03267296329379609,209,0,209,WO
query_cycle_8_383.graph,3,0.1,209,354274126.0,449213661.5002612,0.26798326079353924,209,0,209,WO
query_cycle_8_383.graph,4,0.1,209,354274126.0,393767464.35824126,0.11147677874234953,209,0,209,WO
query_cycle_8_383.graph,5,0.1,209,354274126.0,379691602.1314373,0.07174522288268181,209,0,209,WO
query_cycle_8_383.graph,1,0.1,209,354274126.0,350350811.00743335,0.011074235188619575,209,0,209,MAB
query_cycle_8_383.graph,2,0.1,209,354274126.0,380832813.05219936,0.07496648810361997,209,0,209,MAB
query_cycle_8_383.graph,3,0.1,209,354274126.0,349627708.73816776,0.013115316419783469,209,0,209,MAB
query_cycle_8_383.graph,4,0.1,209,354274126.0,358248430.1956449,0.011218161033992403,209,0,209,MAB
query_cycle_8_383.graph,5,0.1,209,354274126.0,380863473.2139418,0.0750530317134755,209,0,209,MAB
query_cycle_8_383.graph,1,0.1,209,354274126.0,377428390.382504,0.06535691624994365,209,0,209,8_POSSA
query_cycle_8_383.graph,2,0.1,209,354274126.0,377808814.3602921,0.06643072872979744,209,0,209,8_POSSA
query_cycle_8_383.graph,3,0.1,209,354274126.0,379023973.8170491,0.06986072648457846,209,0,209,8_POSSA
query_cycle_8_383.graph,4,0.1,209,354274126.0,374462692.28015816,0.05698572037450503,209,0,209,8_POSSA
query_cycle_8_383.graph,5,0.1,209,354274126.0,374303634.5299463,0.056536752362057414,209,0,209,8_POSSA
query_cycle_8_543.graph,1,0.1,196,1193911214.0,2098974056.5825858,0.7580654507384381,196,0,196,UN
query_cycle_8_543.graph,2,0.1,196,1193911214.0,2240925612.754633,0.8769616923579988,196,0,196,UN
query_cycle_8_543.graph,3,0.1,196,1193911214.0,1749831671.2878163,0.46562964713707455,196,0,196,UN
query_cycle_8_543.graph,4,0.1,196,1193911214.0,1020594922.5572592,0.14516681760788017,196,0,196,UN
query_cycle_8_543.graph,5,0.1,196,1193911214.0,1470347703.8197856,0.23153856549653415,196,0,196,UN
query_cycle_8_543.graph,1,0.1,196,1193911214.0,1353276883.4277837,0.13348201068809437,196,0,196,PO
query_cycle_8_543.graph,2,0.1,196,1193911214.0,1240549972.9055674,0.039063841899358694,196,0,196,PO
query_cycle_8_543.graph,3,0.1,196,1193911214.0,1457848144.5875165,0.22106914441588998,196,0,196,PO
query_cycle_8_543.graph,4,0.1,196,1193911214.0,1067644915.728126,0.10575853278807879,196,0,196,PO
query_cycle_8_543.graph,5,0.1,196,1193911214.0,1351095149.9323337,0.13165462731999578,196,0,196,PO
query_cycle_8_543.graph,1,0.1,196,1193911214.0,1158377050.453338,0.02976281915269965,196,0,196,WO
query_cycle_8_543.graph,2,0.1,196,1193911214.0,1303304056.7892606,0.09162560959852131,196,0,196,WO
query_cycle_8_543.graph,3,0.1,196,1193911214.0,1310741986.3412247,0.09785549458891729,196,0,196,WO
query_cycle_8_543.graph,4,0.1,196,1193911214.0,1051303143.4467622,0.11944612704947571,196,0,196,WO
query_cycle_8_543.graph,5,0.1,196,1193911214.0,1263137127.2150593,0.057982463355151365,196,0,196,WO
query_cycle_8_543.graph,1,0.1,196,1193911214.0,1333794309.7179885,0.11716373385030329,196,0,196,MAB
query_cycle_8_543.graph,2,0.1,196,1193911214.0,1370609317.4836497,0.14799936662932603,196,0,196,MAB
query_cycle_8_543.graph,3,0.1,196,1193911214.0,1355300544.9902556,0.13517699565744726,196,0,196,MAB
query_cycle_8_543.graph,4,0.1,196,1193911214.0,1232406690.695927,0.03224316535812931,196,0,196,MAB
query_cycle_8_543.graph,5,0.1,196,1193911214.0,1258364924.6563847,0.05398534656563223,196,0,196,MAB
query_cycle_8_543.graph,1,0.1,196,1193911214.0,1258821117.8589978,0.05436744633759493,196,0,196,8_POSSA
query_cycle_8_543.graph,2,0.1,196,1193911214.0,1252768428.2372625,0.04929781506957392,196,0,196,8_POSSA
query_cycle_8_543.graph,3,0.1,196,1193911214.0,1265755916.2757509,0.060175917131264064,196,0,196,8_POSSA
query_cycle_8_543.graph,4,0.1,196,1193911214.0,1252124254.1881857,0.04875826569477694,196,0,196,8_POSSA
query_cycle_8_543.graph,5,0.1,196,1193911214.0,1251015056.110764,0.04782921999655833,196,0,196,8_POSSA
query_cycle_8_375.graph,1,0.1,143,29160366.0,7607280.223048252,0.7391226083016842,143,0,143,UN
query_cycle_8_375.graph,2,0.1,143,29160366.0,61377476.637407,1.1048253179472094,143,0,143,UN
query_cycle_8_375.graph,3,0.1,143,29160366.0,41793506.03822099,0.433229817424822,143,0,143,UN
query_cycle_8_375.graph,4,0.1,143,29160366.0,18266289.7337014,0.3735918906607208,143,0,143,UN
query_cycle_8_375.graph,5,0.1,143,29160366.0,7328069.037441958,0.7486976316606603,143,0,143,UN
query_cycle_8_375.graph,1,0.1,143,29160366.0,27322383.522612218,0.06303015803669207,143,0,143,PO
query_cycle_8_375.graph,2,0.1,143,29160366.0,27309361.480700005,0.06347672451367706,143,0,143,PO
query_cycle_8_375.graph,3,0.1,143,29160366.0,27349831.488990188,0.06208888156650065,143,0,143,PO
query_cycle_8_375.graph,4,0.1,143,29160366.0,27349831.48899019,0.062088881566500526,143,0,143,PO
query_cycle_8_375.graph,5,0.1,143,29160366.0,29566326.788551413,0.013921663004895498,143,0,143,PO
query_cycle_8_375.graph,1,0.1,143,29160366.0,15217211.29031558,0.47815431087814264,143,0,143,WO
query_cycle_8_375.graph,2,0.1,143,29160366.0,15157035.156933501,0.48021793838480964,143,0,143,WO
query_cycle_8_375.graph,3,0.1,143,29160366.0,27919934.076309357,0.042538283768133886,143,0,143,WO
query_cycle_8_375.graph,4,0.1,143,29160366.0,50151777.15946356,0.7198610319041798,143,0,143,WO
query_cycle_8_375.graph,5,0.1,143,29160366.0,37047259.55261716,0.270466205829418,143,0,143,WO
query_cycle_8_375.graph,1,0.1,143,29160366.0,29028690.161627926,0.004515575640308289,143,0,143,MAB
query_cycle_8_375.graph,2,0.1,143,29160366.0,27374766.603219792,0.061233778642566,143,0,143,MAB
query_cycle_8_375.graph,3,0.1,143,29160366.0,30373995.54399181,0.04161914648093963,143,0,143,MAB
query_cycle_8_375.graph,4,0.1,143,29160366.0,31290605.953813322,0.07305257944338976,143,0,143,MAB
query_cycle_8_375.graph,5,0.1,143,29160366.0,30258854.51841209,0.03767060119931591,143,0,143,MAB
query_cycle_8_375.graph,1,0.1,143,29160366.0,28083653.3908837,0.03692383727681268,143,0,143,8_POSSA
query_cycle_8_375.graph,2,0.1,143,29160366.0,31084566.571791362,0.0659868456997886,143,0,143,8_POSSA
query_cycle_8_375.graph,3,0.1,143,29160366.0,28378322.34805154,0.026818718665892582,143,0,143,8_POSSA
query_cycle_8_375.graph,4,0.1,143,29160366.0,28185586.1798786,0.0334282436688689,143,0,143,8_POSSA
query_cycle_8_375.graph,5,0.1,143,29160366.0,31114370.473314468,0.06700891454224092,143,0,143,8_POSSA
query_cycle_8_314.graph,1,0.1,227,4623839164.0,2377309500.539122,0.48585808973455846,227,0,227,UN
query_cycle_8_314.graph,2,0.1,227,4623839164.0,13514881342.514238,1.9228701222433433,227,0,227,UN
query_cycle_8_314.graph,3,0.1,227,4623839164.0,1920329927.572271,0.584689289687354,227,0,227,UN
query_cycle_8_314.graph,4,0.1,227,4623839164.0,528744541.21839654,0.8856481546038488,227,0,227,UN
query_cycle_8_314.graph,5,0.1,227,4623839164.0,28388645648.68043,5.139626540150226,227,0,227,UN
query_cycle_8_314.graph,1,0.1,227,4623839164.0,5200068892.844982,0.12462149058543295,227,0,227,PO
query_cycle_8_314.graph,2,0.1,227,4623839164.0,5653024348.476324,0.22258239267691018,227,0,227,PO
query_cycle_8_314.graph,3,0.1,227,4623839164.0,5179876260.736371,0.12025441997756543,227,0,227,PO
query_cycle_8_314.graph,4,0.1,227,4623839164.0,5054238665.873112,0.09308271473283272,227,0,227,PO
query_cycle_8_314.graph,5,0.1,227,4623839164.0,5045118070.847865,0.09111019910204322,227,0,227,PO
query_cycle_8_314.graph,1,0.1,227,4623839164.0,5468200094.469744,0.18261035916727308,227,0,227,WO
query_cycle_8_314.graph,2,0.1,227,4623839164.0,5730801136.087941,0.23940321728888345,227,0,227,WO
query_cycle_8_314.graph,3,0.1,227,4623839164.0,5753068434.581121,0.24421897702952228,227,0,227,WO
query_cycle_8_314.graph,4,0.1,227,4623839164.0,5458077360.61797,0.18042111047311732,227,0,227,WO
query_cycle_8_314.graph,5,0.1,227,4623839164.0,5293047210.859322,0.14472995775233707,227,0,227,WO
query_cycle_8_314.graph,1,0.1,227,4623839164.0,5092170684.338503,0.10128629126739731,227,0,227,MAB
query_cycle_8_314.graph,2,0.1,227,4623839164.0,5337216927.539027,0.15428256438787913,227,0,227,MAB
query_cycle_8_314.graph,3,0.1,227,4623839164.0,5449576430.761138,0.17858261013707222,227,0,227,MAB
query_cycle_8_314.graph,4,0.1,227,4623839164.0,4786659212.652251,0.03521317305323366,227,0,227,MAB
query_cycle_8_314.graph,5,0.1,227,4623839164.0,5067862671.384389,0.09602918519342965,227,0,227,MAB
query_cycle_8_314.graph,1,0.1,227,4623839164.0,5254977887.4280205,0.13649668620437777,227,0,227,8_POSSA
query_cycle_8_314.graph,2,0.1,227,4623839164.0,5310259398.782351,0.14845244621107037,227,0,227,8_POSSA
query_cycle_8_314.graph,3,0.1,227,4623839164.0,5313757130.003074,0.14920890228505226,227,0,227,8_POSSA
query_cycle_8_314.graph,4,0.1,227,4623839164.0,5263603979.9202385,0.1383622555259447,227,0,227,8_POSSA
query_cycle_8_314.graph,5,0.1,227,4623839164.0,5304593070.963552,0.147226986670238,227,0,227,8_POSSA
query_cycle_8_304.graph,1,0.1,324,5707719.0,837998.8228089504,0.8531814858424267,324,0,324,UN
query_cycle_8_304.graph,2,0.1,324,5707719.0,10288590.478100926,0.8025748075721537,324,0,324,UN
query_cycle_8_304.graph,3,0.1,324,5707719.0,2925400.9999558637,0.48746583355700174,324,0,324,UN
query_cycle_8_304.graph,4,0.1,324,5707719.0,4336035.401608642,0.2403208003742577,324,0,324,UN
query_cycle_8_304.graph,5,0.1,324,5707719.0,3179966.706375926,0.44286558143876287,324,0,324,UN
query_cycle_8_304.graph,1,0.1,324,5707719.0,5645336.055027233,0.010929575365004227,324,0,324,PO
query_cycle_8_304.graph,2,0.1,324,5707719.0,6040539.264814209,0.058310555374959626,324,0,324,PO
query_cycle_8_304.graph,3,0.1,324,5707719.0,6135644.089066335,0.07497304773874379,324,0,324,PO
query_cycle_8_304.graph,4,0.1,324,5707719.0,5817829.433631228,0.019291495189449285,324,0,324,PO
query_cycle_8_304.graph,5,0.1,324,5707719.0,5729296.043912633,0.0037803269419243173,324,0,324,PO
query_cycle_8_304.graph,1,0.1,324,5707719.0,5998906.1274696365,0.051016374048833954,324,0,324,WO
query_cycle_8_304.graph,2,0.1,324,5707719.0,5129884.425495868,0.10123739001589468,324,0,324,WO
query_cycle_8_304.graph,3,0.1,324,5707719.0,6785098.646029847,0.18875835443718353,324,0,324,WO
query_cycle_8_304.graph,4,0.1,324,5707719.0,5928430.656975743,0.038668977392850516,324,0,324,WO
query_cycle_8_304.graph,5,0.1,324,5707719.0,5408113.428102286,0.05249129676806346,324,0,324,WO
query_cycle_8_304.graph,1,0.1,324,5707719.0,6037030.140644371,0.05769575212871737,324,0,324,MAB
query_cycle_8_304.graph,2,0.1,324,5707719.0,6918836.081563473,0.2121893319491504,324,0,324,MAB
query_cycle_8_304.graph,3,0.1,324,5707719.0,5676432.468723399,0.005481442109641586,324,0,324,MAB
query_cycle_8_304.graph,4,0.1,324,5707719.0,6028383.012657431,0.05618076374422619,324,0,324,MAB
query_cycle_8_304.graph,5,0.1,324,5707719.0,6182353.909480331,0.08315667072613972,324,0,324,MAB
query_cycle_8_304.graph,1,0.1,324,5707719.0,6074875.6721691135,0.06432633985119336,324,0,324,8_POSSA
query_cycle_8_304.graph,2,0.1,324,5707719.0,6307014.798105457,0.10499742508442635,324,0,324,8_POSSA
query_cycle_8_304.graph,3,0.1,324,5707719.0,6262760.425188534,0.09724399978144228,324,0,324,8_POSSA
query_cycle_8_304.graph,4,0.1,324,5707719.0,5965504.790065999,0.045164415078247394,324,0,324,8_POSSA
query_cycle_8_304.graph,5,0.1,324,5707719.0,6263975.8895465005,0.09745695076202955,324,0,324,8_POSSA
query_cycle_8_302.graph,1,0.1,242,200265646.0,148564433.3667281,0.2581631631082243,242,0,242,UN
query_cycle_8_302.graph,2,0.1,242,200265646.0,105204301.40202068,0.4746762437626438,242,0,242,UN
query_cycle_8_302.graph,3,0.1,242,200265646.0,457846351.1722026,1.2861951628598476,242,0,242,UN
query_cycle_8_302.graph,4,0.1,242,200265646.0,72042961.04154545,0.6402630082568158,242,0,242,UN
query_cycle_8_302.graph,5,0.1,242,200265646.0,182519691.63689834,0.08861207459966279,242,0,242,UN
query_cycle_8_302.graph,1,0.1,242,200265646.0,190549356.40493825,0.04851700623212105,242,0,242,PO
query_cycle_8_302.graph,2,0.1,242,200265646.0,215417897.2660336,0.07566076143700448,242,0,242,PO
query_cycle_8_302.graph,3,0.1,242,200265646.0,185372239.69846535,0.07436825336250957,242,0,242,PO
query_cycle_8_302.graph,4,0.1,242,200265646.0,344552065.93085533,0.7204751429551494,242,0,242,PO
query_cycle_8_302.graph,5,0.1,242,200265646.0,190825902.717662,0.0471361088178748,242,0,242,PO
query_cycle_8_302.graph,1,0.1,242,200265646.0,200136890.69333628,0.0006429225842545246,242,0,242,WO
query_cycle_8_302.graph,2,0.1,242,200265646.0,160419385.45331746,0.19896702875680702,242,0,242,WO
query_cycle_8_302.graph,3,0.1,242,200265646.0,214660536.6722365,0.07187898154152961,242,0,242,WO
query_cycle_8_302.graph,4,0.1,242,200265646.0,199863741.83366182,0.0020068552663204927,242,0,242,WO
query_cycle_8_302.graph,5,0.1,242,200265646.0,224837092.09229562,0.12269426425886154,242,0,242,WO
query_cycle_8_302.graph,1,0.1,242,200265646.0,164023321.66921034,0.1809712502102815,242,0,242,MAB
query_cycle_8_302.graph,2,0.1,242,200265646.0,175060581.74085033,0.125858152721559,242,0,242,MAB
query_cycle_8_302.graph,3,0.1,242,200265646.0,173318116.99303737,0.1345589198407131,242,0,242,MAB
query_cycle_8_302.graph,4,0.1,242,200265646.0,170283772.86587927,0.14971051567237215,242,0,242,MAB
query_cycle_8_302.graph,5,0.1,242,200265646.0,192536168.69127813,0.038596122016463424,242,0,242,MAB
query_cycle_8_302.graph,1,0.1,242,200265646.0,186106748.5540864,0.07070058059740118,242,0,242,8_POSSA
query_cycle_8_302.graph,2,0.1,242,200265646.0,188557404.75115764,0.058463553198946354,242,0,242,8_POSSA
query_cycle_8_302.graph,3,0.1,242,200265646.0,195439789.45770326,0.024097275986600004,242,0,242,8_POSSA
query_cycle_8_302.graph,4,0.1,242,200265646.0,182690794.37927723,0.08775769569945496,242,0,242,8_POSSA
query_cycle_8_302.graph,5,0.1,242,200265646.0,186653630.20631886,0.06796979944169328,242,0,242,8_POSSA
query_cycle_8_355.graph,1,0.1,195,1193911214.0,462503455.378,0.6126148662022702,195,0,195,UN
query_cycle_8_355.graph,2,0.1,195,1193911214.0,746515571.2959999,0.3747310833986355,195,0,195,UN
query_cycle_8_355.graph,3,0.1,195,1193911214.0,380085143.62399995,0.6816470612160613,195,0,195,UN
query_cycle_8_355.graph,4,0.1,195,1193911214.0,1384349164.934,0.1595076323104207,195,0,195,UN
query_cycle_8_355.graph,5,0.1,195,1193911214.0,188871313.9,0.8418045565823792,195,0,195,UN
query_cycle_8_355.graph,1,0.1,195,1193911214.0,1303471898.6273952,0.09176619110589504,195,0,195,PO
query_cycle_8_355.graph,2,0.1,195,1193911214.0,1356465736.0058086,0.13615294010112933,195,0,195,PO
query_cycle_8_355.graph,3,0.1,195,1193911214.0,1250229702.3715441,0.04717142088217635,195,0,195,PO
query_cycle_8_355.graph,4,0.1,195,1193911214.0,1324187355.7857997,0.10911711043347294,195,0,195,PO
query_cycle_8_355.graph,5,0.1,195,1193911214.0,1162764128.40482,0.0260882762720914,195,0,195,PO
query_cycle_8_355.graph,1,0.1,195,1193911214.0,1352644594.6852286,0.13295241624661427,195,0,195,WO
query_cycle_8_355.graph,2,0.1,195,1193911214.0,1321705902.1635969,0.1070386865162629,195,0,195,WO
query_cycle_8_355.graph,3,0.1,195,1193911214.0,1326419909.3256996,0.11098705981808424,195,0,195,WO
query_cycle_8_355.graph,4,0.1,195,1193911214.0,1194145763.372721,0.0001964546190458655,195,0,195,WO
query_cycle_8_355.graph,5,0.1,195,1193911214.0,1247551353.2999346,0.04492808064028673,195,0,195,WO
query_cycle_8_355.graph,1,0.1,195,1193911214.0,1185554537.0519006,0.006999412393574666,195,0,195,MAB
query_cycle_8_355.graph,2,0.1,195,1193911214.0,1236214050.4087822,0.035432145969258186,195,0,195,MAB
query_cycle_8_355.graph,3,0.1,195,1193911214.0,1275509820.3556523,0.06834562352611619,195,0,195,MAB
query_cycle_8_355.graph,4,0.1,195,1193911214.0,1282344703.664032,0.07407040710150493,195,0,195,MAB
query_cycle_8_355.graph,5,0.1,195,1193911214.0,1344100554.419541,0.12579607148202973,195,0,195,MAB
query_cycle_8_355.graph,1,0.1,195,1193911214.0,1232200055.856731,0.0320700914839811,195,0,195,8_POSSA
query_cycle_8_355.graph,2,0.1,195,1193911214.0,1246780403.263335,0.04428234582553723,195,0,195,8_POSSA
query_cycle_8_355.graph,3,0.1,195,1193911214.0,1254928961.2174735,0.05110744124183551,195,0,195,8_POSSA
query_cycle_8_355.graph,4,0.1,195,1193911214.0,1233501496.8666785,0.03316015663680539,195,0,195,8_POSSA
query_cycle_8_355.graph,5,0.1,195,1193911214.0,1231611942.549755,0.031577497646114824,195,0,195,8_POSSA
query_path_4_10.graph,1,0.1,496,2208587147.0,401026200.9780778,0.8184240990794475,496,0,496,UN
query_path_4_10.graph,2,0.1,496,2208587147.0,257859437.13628322,0.8832468813890625,496,0,496,UN
query_path_4_10.graph,3,0.1,496,2208587147.0,1581031444.082471,0.2841435094693726,496,0,496,UN
query_path_4_10.graph,4,0.1,496,2208587147.0,601463462.3124937,0.727670486931212,496,0,496,UN
query_path_4_10.graph,5,0.1,496,2208587147.0,2896610407.0364447,0.3115218980473604,496,0,496,UN
query_path_4_10.graph,1,0.1,496,2208587147.0,2093891167.1349328,0.05193183344422825,496,0,496,PO
query_path_4_10.graph,2,0.1,496,2208587147.0,1490150100.5885725,0.32529259594184695,496,0,496,PO
query_path_4_10.graph,3,0.1,496,2208587147.0,2019529894.939033,0.08560099261546911,496,0,496,PO
query_path_4_10.graph,4,0.1,496,2208587147.0,2269505807.072182,0.02758263813811019,496,0,496,PO
query_path_4_10.graph,5,0.1,496,2208587147.0,2257094372.0875034,0.021963011581133427,496,0,496,PO
query_path_4_10.graph,1,0.1,496,2208587147.0,2227242823.5487256,0.008446882693339158,496,0,496,WO
query_path_4_10.graph,2,0.1,496,2208587147.0,2220259513.612261,0.005284992547437304,496,0,496,WO
query_path_4_10.graph,3,0.1,496,2208587147.0,2206088659.4813623,0.0011312605536220016,496,0,496,WO
query_path_4_10.graph,4,0.1,496,2208587147.0,2216424000.2661734,0.003548355914693441,496,0,496,WO
query_path_4_10.graph,5,0.1,496,2208587147.0,2220812234.608328,0.005535252536868931,496,0,496,WO
query_path_4_10.graph,1,0.1,496,2208587147.0,2232051074.0522285,0.010623953455538447,496,0,496,MAB
query_path_4_10.graph,2,0.1,496,2208587147.0,2137377203.07292,0.032242306591255335,496,0,496,MAB
query_path_4_10.graph,3,0.1,496,2208587147.0,2239896655.5577126,0.014176261326269755,496,0,496,MAB
query_path_4_10.graph,4,0.1,496,2208587147.0,2173534709.0084577,0.015870977986607988,496,0,496,MAB
query_path_4_10.graph,5,0.1,496,2208587147.0,2344743926.358322,0.061648814511697486,496,0,496,MAB
query_path_4_10.graph,1,0.1,496,2208587147.0,2211661284.4604225,0.0013919022686508986,496,0,496,8_POSSA
query_path_4_10.graph,2,0.1,496,2208587147.0,2209452539.5136247,0.00039183082035053974,496,0,496,8_POSSA
query_path_4_10.graph,3,0.1,496,2208587147.0,2209437583.255764,0.0003850589536026162,496,0,496,8_POSSA
query_path_4_10.graph,4,0.1,496,2208587147.0,2210782348.7234445,0.0009939393727009052,496,0,496,8_POSSA
query_path_4_10.graph,5,0.1,496,2208587147.0,2211405465.898552,0.0012760732137648092,496,0,496,8_POSSA
query_cycle_8_378.graph,1,0.1,220,474163404.0,801937311.5600001,0.691267830446063,220,0,220,UN
query_cycle_8_378.graph,2,0.1,220,474163404.0,397092662.8899999,0.16254046697791985,220,0,220,UN
query_cycle_8_378.graph,3,0.1,220,474163404.0,186196118.075,0.6073165568994439,220,0,220,UN
query_cycle_8_378.graph,4,0.1,220,474163404.0,167161221.31499997,0.6474607278738872,220,0,220,UN
query_cycle_8_378.graph,5,0.1,220,474163404.0,325057776.395,0.31446042935232515,220,0,220,UN
query_cycle_8_378.graph,1,0.1,220,474163404.0,546157111.8527056,0.15183311754001497,220,0,220,PO
query_cycle_8_378.graph,2,0.1,220,474163404.0,729643801.213425,0.5388024361606469,220,0,220,PO
query_cycle_8_378.graph,3,0.1,220,474163404.0,462379624.8499628,0.024851726326052,220,0,220,PO
query_cycle_8_378.graph,4,0.1,220,474163404.0,480714928.6640064,0.013817018792969548,220,0,220,PO
query_cycle_8_378.graph,5,0.1,220,474163404.0,545159245.2898153,0.14972863930640945,220,0,220,PO
query_cycle_8_378.graph,1,0.1,220,474163404.0,522156892.6483449,0.10121719273034592,220,0,220,WO
query_cycle_8_378.graph,2,0.1,220,474163404.0,487020254.29670167,0.02711480934260728,220,0,220,WO
query_cycle_8_378.graph,3,0.1,220,474163404.0,519718935.4874027,0.09607559567672304,220,0,220,WO
query_cycle_8_378.graph,4,0.1,220,474163404.0,562471927.3073461,0.18624069795851664,220,0,220,WO
query_cycle_8_378.graph,5,0.1,220,474163404.0,535564429.6918942,0.12949338808925492,220,0,220,WO
query_cycle_8_378.graph,1,0.1,220,474163404.0,566695072.9323274,0.1951472175029505,220,0,220,MAB
query_cycle_8_378.graph,2,0.1,220,474163404.0,563411485.2246718,0.18822220456446664,220,0,220,MAB
query_cycle_8_378.graph,3,0.1,220,474163404.0,514165721.30280006,0.08436399132734432,220,0,220,MAB
query_cycle_8_378.graph,4,0.1,220,474163404.0,471964450.2515861,0.00463754420915605,220,0,220,MAB
query_cycle_8_378.graph,5,0.1,220,474163404.0,488360293.5990644,0.029940922220695904,220,0,220,MAB
query_cycle_8_378.graph,1,0.1,220,474163404.0,494554342.94195163,0.0430040335671954,220,0,220,8_POSSA
query_cycle_8_378.graph,2,0.1,220,474163404.0,501641354.1732374,0.05795038153816987,220,0,220,8_POSSA
query_cycle_8_378.graph,3,0.1,220,474163404.0,505387632.84809554,0.06585119936437679,220,0,220,8_POSSA
query_cycle_8_378.graph,4,0.1,220,474163404.0,508946580.6650078,0.07335694060650837,220,0,220,8_POSSA
query_cycle_8_378.graph,5,0.1,220,474163404.0,498949358.6669909,0.05227302330356747,220,0,220,8_POSSA
query_cycle_8_592.graph,1,0.1,261,1274816138.0,848387692.6199999,0.3345019196642772,261,0,261,UN
query_cycle_8_592.graph,2,0.1,261,1274816138.0,2373717086.85,0.8620074033374058,261,0,261,UN
query_cycle_8_592.graph,3,0.1,261,1274816138.0,1871304430.5839999,0.4679014289227643,261,0,261,UN
query_cycle_8_592.graph,4,0.1,261,1274816138.0,4693519847.91,2.6817229622410066,261,0,261,UN
query_cycle_8_592.graph,5,0.1,261,1274816138.0,841611233.0940001,0.33981755642475237,261,0,261,UN
query_cycle_8_592.graph,1,0.1,261,1274816138.0,1133978928.13374,0.11047648807396887,261,0,261,PO
query_cycle_8_592.graph,2,0.1,261,1274816138.0,1130644165.699104,0.11309236524655286,261,0,261,PO
query_cycle_8_592.graph,3,0.1,261,1274816138.0,1135738529.9461396,0.10909620917731151,261,0,261,PO
query_cycle_8_592.graph,4,0.1,261,1274816138.0,1170995768.738347,0.08143948461817554,261,0,261,PO
query_cycle_8_592.graph,5,0.1,261,1274816138.0,1344932944.1710804,0.0550015049865021,261,0,261,PO
query_cycle_8_592.graph,1,0.1,261,1274816138.0,1224279910.3429968,0.03964197357611672,261,0,261,WO
query_cycle_8_592.graph,2,0.1,261,1274816138.0,1182724095.9899056,0.07223946988510307,261,0,261,WO
query_cycle_8_592.graph,3,0.1,261,1274816138.0,1005280023.8498043,0.21143136340669363,261,0,261,WO
query_cycle_8_592.graph,4,0.1,261,1274816138.0,1032823437.5794873,0.18982557029766176,261,0,261,WO
query_cycle_8_592.graph,5,0.1,261,1274816138.0,1333857850.7951205,0.04631390444095592,261,0,261,WO
query_cycle_8_592.graph,1,0.1,261,1274816138.0,1150835021.0560963,0.09725411629822314,261,0,261,MAB
query_cycle_8_592.graph,2,0.1,261,1274816138.0,1342444258.6498795,0.05304931325703021,261,0,261,MAB
query_cycle_8_592.graph,3,0.1,261,1274816138.0,1123227662.2887664,0.1189100696113353,261,0,261,MAB
query_cycle_8_592.graph,4,0.1,261,1274816138.0,1123564237.3316834,0.118646051112601,261,0,261,MAB
query_cycle_8_592.graph,5,0.1,261,1274816138.0,1157570393.3202283,0.09197070948890958,261,0,261,MAB
query_cycle_8_592.graph,1,0.1,261,1274816138.0,1199449531.247542,0.05911958948895742,261,0,261,8_POSSA
query_cycle_8_592.graph,2,0.1,261,1274816138.0,1192118601.8647888,0.0648701672893407,261,0,261,8_POSSA
query_cycle_8_592.graph,3,0.1,261,1274816138.0,1175894203.4625149,0.07759702092623268,261,0,261,8_POSSA
query_cycle_8_592.graph,4,0.1,261,1274816138.0,1174686553.7284303,0.07854433379597657,261,0,261,8_POSSA
query_cycle_8_592.graph,5,0.1,261,1274816138.0,1181709680.5605102,0.07303520457903855,261,0,261,8_POSSA
query_cycle_8_387.graph,1,0.1,167,284929548.0,268894599.7746719,0.056276887875904284,167,0,167,UN
query_cycle_8_387.graph,2,0.1,167,284929548.0,57705143.395300604,0.7974757486531351,167,0,167,UN
query_cycle_8_387.graph,3,0.1,167,284929548.0,704756993.4046996,1.473442990913317,167,0,167,UN
query_cycle_8_387.graph,4,0.1,167,284929548.0,114033745.86697726,0.599782659722686,167,0,167,UN
query_cycle_8_387.graph,5,0.1,167,284929548.0,397184561.34319407,0.39397463032929836,167,0,167,UN
query_cycle_8_387.graph,1,0.1,167,284929548.0,232880186.97503892,0.1826744940646208,167,0,167,PO
query_cycle_8_387.graph,2,0.1,167,284929548.0,259734359.2817405,0.08842602985584182,167,0,167,PO
query_cycle_8_387.graph,3,0.1,167,284929548.0,293239734.3454757,0.02916575835608202,167,0,167,PO
query_cycle_8_387.graph,4,0.1,167,284929548.0,260428734.7696391,0.08598902220685407,167,0,167,PO
query_cycle_8_387.graph,5,0.1,167,284929548.0,258137278.7219044,0.09403120689362693,167,0,167,PO
query_cycle_8_387.graph,1,0.1,167,284929548.0,256030598.99552998,0.1014248933019401,167,0,167,WO
query_cycle_8_387.graph,2,0.1,167,284929548.0,222610244.84892404,0.2187182887437001,167,0,167,WO
query_cycle_8_387.graph,3,0.1,167,284929548.0,267916892.1100932,0.05970828932739118,167,0,167,WO
query_cycle_8_387.graph,4,0.1,167,284929548.0,259415365.1390245,0.08954558430344157,167,0,167,WO
query_cycle_8_387.graph,5,0.1,167,284929548.0,275404617.8687145,0.033429071144581636,167,0,167,WO
query_cycle_8_387.graph,1,0.1,167,284929548.0,290157885.7912148,0.018349580897853473,167,0,167,MAB
query_cycle_8_387.graph,2,0.1,167,284929548.0,246471271.46603215,0.13497468691442227,167,0,167,MAB
query_cycle_8_387.graph,3,0.1,167,284929548.0,259032649.93943095,0.09088877669005058,167,0,167,MAB
query_cycle_8_387.graph,4,0.1,167,284929548.0,270004255.72557336,0.052382395505104436,167,0,167,MAB
query_cycle_8_387.graph,5,0.1,167,284929548.0,258369577.03575495,0.09321592355260062,167,0,167,MAB
query_cycle_8_387.graph,1,0.1,167,284929548.0,258431183.04312873,0.09299970867490118,167,0,167,8_POSSA
query_cycle_8_387.graph,2,0.1,167,284929548.0,262532992.01529354,0.07860383783259454,167,0,167,8_POSSA
query_cycle_8_387.graph,3,0.1,167,284929548.0,258450541.2571019,0.09293176832224542,167,0,167,8_POSSA
query_cycle_8_387.graph,4,0.1,167,284929548.0,261970258.00529358,0.08057883134923732,167,0,167,8_POSSA
query_cycle_8_387.graph,5,0.1,167,284929548.0,258459303.09036762,0.09290101744601224,167,0,167,8_POSSA
query_cycle_8_362.graph,1,0.1,253,887319015.0,1710026983.6685882,0.927183971898301,253,0,253,UN
query_cycle_8_362.graph,2,0.1,253,887319015.0,268296145.24634466,0.6976328234706605,253,0,253,UN
query_cycle_8_362.graph,3,0.1,253,887319015.0,500839748.41212326,0.4355584181726081,253,0,253,UN
query_cycle_8_362.graph,4,0.1,253,887319015.0,324589314.7511004,0.634190962591847,253,0,253,UN
query_cycle_8_362.graph,5,0.1,253,887319015.0,857322337.3579352,0.03380596734091719,253,0,253,UN
query_cycle_8_362.graph,1,0.1,253,887319015.0,832230394.0066118,0.06208434628597267,253,0,253,PO
query_cycle_8_362.graph,2,0.1,253,887319015.0,880240926.9469491,0.007976937193271888,253,0,253,PO
query_cycle_8_362.graph,3,0.1,253,887319015.0,1032912564.875245,0.16408253110099863,253,0,253,PO
query_cycle_8_362.graph,4,0.1,253,887319015.0,890383817.1124631,0.0034540025184325806,253,0,253,PO
query_cycle_8_362.graph,5,0.1,253,887319015.0,870281963.9761077,0.019200592724694716,253,0,253,PO
query_cycle_8_362.graph,1,0.1,253,887319015.0,871924977.1578944,0.01734893266330557,253,0,253,WO
query_cycle_8_362.graph,2,0.1,253,887319015.0,904726722.0020838,0.01961831844895579,253,0,253,WO
query_cycle_8_362.graph,3,0.1,253,887319015.0,873183713.2959595,0.015930349136088928,253,0,253,WO
query_cycle_8_362.graph,4,0.1,253,887319015.0,864830545.4394417,0.025344289010371675,253,0,253,WO
query_cycle_8_362.graph,5,0.1,253,887319015.0,920393644.7424084,0.037274789769278636,253,0,253,WO
query_cycle_8_362.graph,1,0.1,253,887319015.0,841037626.1932126,0.052158680276661686,253,0,253,MAB
query_cycle_8_362.graph,2,0.1,253,887319015.0,843952522.1518645,0.04887362055250836,253,0,253,MAB
query_cycle_8_362.graph,3,0.1,253,887319015.0,849389565.6324422,0.042746124816853796,253,0,253,MAB
query_cycle_8_362.graph,4,0.1,253,887319015.0,797184568.8607596,0.10158065432559268,253,0,253,MAB
query_cycle_8_362.graph,5,0.1,253,887319015.0,915492057.8200322,0.03175074842730857,253,0,253,MAB
query_cycle_8_362.graph,1,0.1,253,887319015.0,888180217.344122,0.0009705667629832684,253,0,253,8_POSSA
query_cycle_8_362.graph,2,0.1,253,887319015.0,895285782.024937,0.008978469851609158,253,0,253,8_POSSA
query_cycle_8_362.graph,3,0.1,253,887319015.0,888059256.0331025,0.0008342445282799585,253,0,253,8_POSSA
query_cycle_8_362.graph,4,0.1,253,887319015.0,885182483.703623,0.00240785023228308,253,0,253,8_POSSA
query_cycle_8_362.graph,5,0.1,253,887319015.0,886055396.8185915,0.0014240855431330124,253,0,253,8_POSSA
query_path_4_12.graph,1,0.1,1019,23729378.0,22142553.835132476,0.06687171340384582,1019,0,1019,UN
query_path_4_12.graph,2,0.1,1019,23729378.0,11827741.13530913,0.5015570515455934,1019,0,1019,UN
query_path_4_12.graph,3,0.1,1019,23729378.0,5062270.65621197,0.7866665255106151,1019,0,1019,UN
query_path_4_12.graph,4,0.1,1019,23729378.0,9632608.504298322,0.5940640119476237,1019,0,1019,UN
query_path_4_12.graph,5,0.1,1019,23729378.0,19267766.70893032,0.18802057479423517,1019,0,1019,UN
query_path_4_12.graph,1,0.1,1019,23729378.0,20380035.572319884,0.1411475019564405,1019,0,1019,PO
query_path_4_12.graph,2,0.1,1019,23729378.0,21378828.47127029,0.09905651672495211,1019,0,1019,PO
query_path_4_12.graph,3,0.1,1019,23729378.0,20803576.217016056,0.12329871364449349,1019,0,1019,PO
query_path_4_12.graph,4,0.1,1019,23729378.0,23036397.93301294,0.029203465298882254,1019,0,1019,PO
query_path_4_12.graph,5,0.1,1019,23729378.0,20268657.51523545,0.14584117985581205,1019,0,1019,PO
query_path_4_12.graph,1,0.1,1019,23729378.0,23896530.137810066,0.007044101105813491,1019,0,1019,WO
query_path_4_12.graph,2,0.1,1019,23729378.0,21132307.957225017,0.1094453484105223,1019,0,1019,WO
query_path_4_12.graph,3,0.1,1019,23729378.0,23595385.52649878,0.00564669135032618,1019,0,1019,WO
query_path_4_12.graph,4,0.1,1019,23729378.0,21499380.122052737,0.09397624657280369,1019,0,1019,WO
query_path_4_12.graph,5,0.1,1019,23729378.0,22010011.6135112,0.07245728845015656,1019,0,1019,WO
query_path_4_12.graph,1,0.1,1019,23729378.0,24227197.64607797,0.020979043196074004,1019,0,1019,MAB
query_path_4_12.graph,2,0.1,1019,23729378.0,22351815.572936635,0.05805303565324656,1019,0,1019,MAB
query_path_4_12.graph,3,0.1,1019,23729378.0,23162121.27207121,0.023905250610816314,1019,0,1019,MAB
query_path_4_12.graph,4,0.1,1019,23729378.0,23442504.283731904,0.012089390470668726,1019,0,1019,MAB
query_path_4_12.graph,5,0.1,1019,23729378.0,23883288.67770606,0.006486081417981502,1019,0,1019,MAB
query_path_4_12.graph,1,0.1,1019,23729378.0,22951881.947465,0.032765125682392565,1019,0,1019,8_POSSA
query_path_4_12.graph,2,0.1,1019,23729378.0,23008321.086314533,0.03038667569312045,1019,0,1019,8_POSSA
query_path_4_12.graph,3,0.1,1019,23729378.0,23082575.237794295,0.027257468029954473,1019,0,1019,8_POSSA
query_path_4_12.graph,4,0.1,1019,23729378.0,22750119.763723098,0.0412677583153213,1019,0,1019,8_POSSA
query_path_4_12.graph,5,0.1,1019,23729378.0,23036924.51287795,0.02918127424671862,1019,0,1019,8_POSSA
query_cycle_8_376.graph,1,0.1,193,1193911214.0,473131936.63876957,0.6037126286354074,193,0,193,UN
query_cycle_8_376.graph,2,0.1,193,1193911214.0,1663558730.1940105,0.3933688792657663,193,0,193,UN
query_cycle_8_376.graph,3,0.1,193,1193911214.0,1228818960.8308446,0.029238143022287284,193,0,193,UN
query_cycle_8_376.graph,4,0.1,193,1193911214.0,1188323851.805231,0.004679880823004738,193,0,193,UN
query_cycle_8_376.graph,5,0.1,193,1193911214.0,1234606544.1013756,0.03408572565880563,193,0,193,UN
query_cycle_8_376.graph,1,0.1,193,1193911214.0,1120662536.347144,0.06135186334957744,193,0,193,PO
query_cycle_8_376.graph,2,0.1,193,1193911214.0,1189728090.1819563,0.003503714320622596,193,0,193,PO
query_cycle_8_376.graph,3,0.1,193,1193911214.0,1332153532.4496021,0.11578944634119345,193,0,193,PO
query_cycle_8_376.graph,4,0.1,193,1193911214.0,1149703064.4442203,0.0370280042915986,193,0,193,PO
query_cycle_8_376.graph,5,0.1,193,1193911214.0,1239845920.9730318,0.038474139814078136,193,0,193,PO
query_cycle_8_376.graph,1,0.1,193,1193911214.0,1212758138.420107,0.01578586765841944,193,0,193,WO
query_cycle_8_376.graph,2,0.1,193,1193911214.0,1155188612.8685756,0.03243340097434115,193,0,193,WO
query_cycle_8_376.graph,3,0.1,193,1193911214.0,1197598567.619751,0.0030884655211480213,193,0,193,WO
query_cycle_8_376.graph,4,0.1,193,1193911214.0,1353909766.8114872,0.13401210319102272,193,0,193,WO
query_cycle_8_376.graph,5,0.1,193,1193911214.0,1343377631.3218296,0.12519056322544062,193,0,193,WO
query_cycle_8_376.graph,1,0.1,193,1193911214.0,1190958801.3752341,0.00247289127545281,193,0,193,MAB
query_cycle_8_376.graph,2,0.1,193,1193911214.0,1156524144.402654,0.031314782170515795,193,0,193,MAB
query_cycle_8_376.graph,3,0.1,193,1193911214.0,1147573217.74489,0.038811928149885044,193,0,193,MAB
query_cycle_8_376.graph,4,0.1,193,1193911214.0,1280888683.613925,0.07285086913835201,193,0,193,MAB
query_cycle_8_376.graph,5,0.1,193,1193911214.0,1134934437.0779126,0.04939795876821995,193,0,193,MAB
query_cycle_8_376.graph,1,0.1,193,1193911214.0,1178071894.642064,0.01326674812347973,193,0,193,8_POSSA
query_cycle_8_376.graph,2,0.1,193,1193911214.0,1167651510.0549397,0.021994687408188003,193,0,193,8_POSSA
query_cycle_8_376.graph,3,0.1,193,1193911214.0,1185002518.6558604,0.0074617737396841105,193,0,193,8_POSSA
query_cycle_8_376.graph,4,0.1,193,1193911214.0,1164038296.8665075,0.02502105414807878,193,0,193,8_POSSA
query_cycle_8_376.graph,5,0.1,193,1193911214.0,1173844989.9173641,0.016807132596910076,193,0,193,8_POSSA
query_path_4_19.graph,1,0.1,450,365070172.0,6004459.336775999,0.9835525885232387,450,0,450,UN
query_path_4_19.graph,2,0.1,450,365070172.0,352887989.111736,0.03336942818835388,450,0,450,UN
query_path_4_19.graph,3,0.1,450,365070172.0,3166614.6761760004,0.9913260109451615,450,0,450,UN
query_path_4_19.graph,4,0.1,450,365070172.0,581160647.6286721,0.5919149034960658,450,0,450,UN
query_path_4_19.graph,5,0.1,450,365070172.0,1745376138.4144142,3.780933289763301,450,0,450,UN
query_path_4_19.graph,1,0.1,450,365070172.0,406572478.5788563,0.11368309372274953,450,0,450,PO
query_path_4_19.graph,2,0.1,450,365070172.0,381700443.37513614,0.045553629550255714,450,0,450,PO
query_path_4_19.graph,3,0.1,450,365070172.0,402076871.5951512,0.10136872972232633,450,0,450,PO
query_path_4_19.graph,4,0.1,450,365070172.0,423834294.73398036,0.1609666503621675,450,0,450,PO
query_path_4_19.graph,5,0.1,450,365070172.0,201611911.62351546,0.44774477049438194,450,0,450,PO
query_path_4_19.graph,1,0.1,450,365070172.0,371035347.58496577,0.016339805446953265,450,0,450,WO
query_path_4_19.graph,2,0.1,450,365070172.0,369361780.32952684,0.011755571007118165,450,0,450,WO
query_path_4_19.graph,3,0.1,450,365070172.0,366471737.7472653,0.003839168068941221,450,0,450,WO
query_path_4_19.graph,4,0.1,450,365070172.0,368785772.9713519,0.010177771991056891,450,0,450,WO
query_path_4_19.graph,5,0.1,450,365070172.0,369699982.7843466,0.012681974972051622,450,0,450,WO
query_path_4_19.graph,1,0.1,450,365070172.0,354392616.3074185,0.0292479542606441,450,0,450,MAB
query_path_4_19.graph,2,0.1,450,365070172.0,361156729.5027232,0.010719699382278711,450,0,450,MAB
query_path_4_19.graph,3,0.1,450,365070172.0,382249457.1403155,0.04705748773229129,450,0,450,MAB
query_path_4_19.graph,4,0.1,450,365070172.0,364902623.3430716,0.00045894918231889967,450,0,450,MAB
query_path_4_19.graph,5,0.1,450,365070172.0,363937387.6094379,0.003102922335057593,450,0,450,MAB
query_path_4_19.graph,1,0.1,450,365070172.0,368994178.78170574,0.010748637063960781,450,0,450,8_POSSA
query_path_4_19.graph,2,0.1,450,365070172.0,368628276.56087947,0.009746357916306209,450,0,450,8_POSSA
query_path_4_19.graph,3,0.1,450,365070172.0,368931563.885625,0.01057712237751652,450,0,450,8_POSSA
query_path_4_19.graph,4,0.1,450,365070172.0,368559503.15604115,0.009557973846302473,450,0,450,8_POSSA
query_path_4_19.graph,5,0.1,450,365070172.0,368443381.58245105,0.009239893700356997,450,0,450,8_POSSA
query_path_6_101.graph,1,0.1,408,1706860585.0,898128370.1990159,0.47381269560512124,408,0,408,UN
query_path_6_101.graph,2,0.1,408,1706860585.0,6677681751.425514,2.912259624546614,408,0,408,UN
query_path_6_101.graph,3,0.1,408,1706860585.0,3191142074.712419,0.8695973782254859,408,0,408,UN
query_path_6_101.graph,4,0.1,408,1706860585.0,169227346.56726617,0.9008546169180734,408,0,408,UN
query_path_6_101.graph,5,0.1,408,1706860585.0,1745935929.786437,0.022893108628691566,408,0,408,UN
query_path_6_101.graph,1,0.1,408,1706860585.0,1695865332.5290184,0.0064417988016177655,408,0,408,PO
query_path_6_101.graph,2,0.1,408,1706860585.0,1746183339.905963,0.023038059025753965,408,0,408,PO
query_path_6_101.graph,3,0.1,408,1706860585.0,1807250319.8972182,0.058815427445832215,408,0,408,PO
query_path_6_101.graph,4,0.1,408,1706860585.0,1979391603.5588324,0.1596680015660637,408,0,408,PO
query_path_6_101.graph,5,0.1,408,1706860585.0,1668197097.6072817,0.02265181335399945,408,0,408,PO
query_path_6_101.graph,1,0.1,408,1706860585.0,1733833508.5201812,0.015802651814226045,408,0,408,WO
query_path_6_101.graph,2,0.1,408,1706860585.0,1783028140.7491806,0.044624356797822805,408,0,408,WO
query_path_6_101.graph,3,0.1,408,1706860585.0,1773863945.3731334,0.03925532112110575,408,0,408,WO
query_path_6_101.graph,4,0.1,408,1706860585.0,1771291721.44974,0.03774832989639862,408,0,408,WO
query_path_6_101.graph,5,0.1,408,1706860585.0,1740654681.9039636,0.01979897901501051,408,0,408,WO
query_path_6_101.graph,1,0.1,408,1706860585.0,1641813778.6620924,0.03810903298696042,408,0,408,MAB
query_path_6_101.graph,2,0.1,408,1706860585.0,1868504292.658626,0.0947023494942477,408,0,408,MAB
query_path_6_101.graph,3,0.1,408,1706860585.0,1715081597.810133,0.0048164524287336455,408,0,408,MAB
query_path_6_101.graph,4,0.1,408,1706860585.0,1820157483.464684,0.06637735938151271,408,0,408,MAB
query_path_6_101.graph,5,0.1,408,1706860585.0,1695738160.7612548,0.0065163050435927735,408,0,408,MAB
query_path_6_101.graph,1,0.1,408,1706860585.0,1756979834.7546172,0.029363411514137936,408,0,408,8_POSSA
query_path_6_101.graph,2,0.1,408,1706860585.0,1756468902.9108672,0.02906407139916891,408,0,408,8_POSSA
query_path_6_101.graph,3,0.1,408,1706860585.0,1758481382.1554272,0.030243124487772513,408,0,408,8_POSSA
query_path_6_101.graph,4,0.1,408,1706860585.0,1756799146.2979698,0.029257551399823212,408,0,408,8_POSSA
query_path_6_101.graph,5,0.1,408,1706860585.0,1753921827.3786662,0.027571813885822527,408,0,408,8_POSSA
query_path_4_16.graph,1,0.1,353,480096708.0,51592068.693524644,0.8925381744264644,353,0,353,UN
query_path_4_16.graph,2,0.1,353,480096708.0,8672936.605864309,0.9819350217126165,353,0,353,UN
query_path_4_16.graph,3,0.1,353,480096708.0,89884782.98299204,0.812777756053699,353,0,353,UN
query_path_4_16.graph,4,0.1,353,480096708.0,28398091.52403569,0.9408492267269708,353,0,353,UN
query_path_4_16.graph,5,0.1,353,480096708.0,273371164.4604752,0.43059146229247797,353,0,353,UN
query_path_4_16.graph,1,0.1,353,480096708.0,557481982.2223839,0.16118684617679957,353,0,353,PO
query_path_4_16.graph,2,0.1,353,480096708.0,550363305.3868022,0.14635925682456918,353,0,353,PO
query_path_4_16.graph,3,0.1,353,480096708.0,283513068.74987394,0.40946675112407993,353,0,353,PO
query_path_4_16.graph,4,0.1,353,480096708.0,327268785.70438325,0.3183273697757093,353,0,353,PO
query_path_4_16.graph,5,0.1,353,480096708.0,340244707.15604925,0.29129964549548787,353,0,353,PO
query_path_4_16.graph,1,0.1,353,480096708.0,474903769.8613274,0.01081644187960687,353,0,353,WO
query_path_4_16.graph,2,0.1,353,480096708.0,477733989.3289262,0.0049213390379543994,353,0,353,WO
query_path_4_16.graph,3,0.1,353,480096708.0,470326635.0776201,0.02035021852801355,353,0,353,WO
query_path_4_16.graph,4,0.1,353,480096708.0,473389268.7229528,0.013971017016528297,353,0,353,WO
query_path_4_16.graph,5,0.1,353,480096708.0,475927734.6254397,0.008683611666340142,353,0,353,WO
query_path_4_16.graph,1,0.1,353,480096708.0,475823820.3857661,0.008900056057526457,353,0,353,MAB
query_path_4_16.graph,2,0.1,353,480096708.0,455673254.75446457,0.05087194483644623,353,0,353,MAB
query_path_4_16.graph,3,0.1,353,480096708.0,496054455.9365029,0.0332386114518054,353,0,353,MAB
query_path_4_16.graph,4,0.1,353,480096708.0,477815448.8094339,0.004751665971777758,353,0,353,MAB
query_path_4_16.graph,5,0.1,353,480096708.0,469209426.60312927,0.022677267341043156,353,0,353,MAB
query_path_4_16.graph,1,0.1,353,480096708.0,474367301.09903264,0.011933860002571314,353,0,353,8_POSSA
query_path_4_16.graph,2,0.1,353,480096708.0,473007796.0998621,0.014765591561060862,353,0,353,8_POSSA
query_path_4_16.graph,3,0.1,353,480096708.0,473901556.0853252,0.0129039666622226,353,0,353,8_POSSA
query_path_4_16.graph,4,0.1,353,480096708.0,473117893.6718951,0.014536267822325732,353,0,353,8_POSSA
query_path_4_16.graph,5,0.1,353,480096708.0,473380021.7730479,0.013990277614967683,353,0,353,8_POSSA
query_path_6_102.graph,1,0.1,374,11490080461.0,2329992622.576528,0.7972170316400251,374,0,374,UN
query_path_6_102.graph,2,0.1,374,11490080461.0,433576984.025004,0.9622651046268419,374,0,374,UN
query_path_6_102.graph,3,0.1,374,11490080461.0,2792464471.9829407,0.7569673701188417,374,0,374,UN
query_path_6_102.graph,4,0.1,374,11490080461.0,1325063470.291198,0.8846776160716392,374,0,374,UN
query_path_6_102.graph,5,0.1,374,11490080461.0,11716896788.38538,0.019740186167994823,374,0,374,UN
query_path_6_102.graph,1,0.1,374,11490080461.0,13255655191.137169,0.15366078036876585,374,0,374,PO
query_path_6_102.graph,2,0.1,374,11490080461.0,9903113437.85462,0.13811626720386463,374,0,374,PO
query_path_6_102.graph,3,0.1,374,11490080461.0,11655783896.950962,0.014421433906698738,374,0,374,PO
query_path_6_102.graph,4,0.1,374,11490080461.0,12352000242.91711,0.07501425119194476,374,0,374,PO
query_path_6_102.graph,5,0.1,374,11490080461.0,14865773684.670916,0.29379195690829163,374,0,374,PO
query_path_6_102.graph,1,0.1,374,11490080461.0,11817240330.120886,0.028473244398186975,374,0,374,WO
query_path_6_102.graph,2,0.1,374,11490080461.0,12034311904.76889,0.04736532921733126,374,0,374,WO
query_path_6_102.graph,3,0.1,374,11490080461.0,11824721252.70525,0.029124321003764796,374,0,374,WO
query_path_6_102.graph,4,0.1,374,11490080461.0,11702134654.965912,0.018455414188409996,374,0,374,WO
query_path_6_102.graph,5,0.1,374,11490080461.0,11943494665.686935,0.03946136027732169,374,0,374,WO
query_path_6_102.graph,1,0.1,374,11490080461.0,12343459225.290503,0.07427091282668281,374,0,374,MAB
query_path_6_102.graph,2,0.1,374,11490080461.0,11955689938.203815,0.04052273426493418,374,0,374,MAB
query_path_6_102.graph,3,0.1,374,11490080461.0,12694892207.546371,0.10485668491493877,374,0,374,MAB
query_path_6_102.graph,4,0.1,374,11490080461.0,11924132126.442245,0.037776207652811276,374,0,374,MAB
query_path_6_102.graph,5,0.1,374,11490080461.0,12475310110.986032,0.08574610537586143,374,0,374,MAB
query_path_6_102.graph,1,0.1,374,11490080461.0,12147759750.368473,0.05723887588087735,374,0,374,8_POSSA
query_path_6_102.graph,2,0.1,374,11490080461.0,12015802390.5763,0.04575441672151226,374,0,374,8_POSSA
query_path_6_102.graph,3,0.1,374,11490080461.0,12037187092.824245,0.04761556141240719,374,0,374,8_POSSA
query_path_6_102.graph,4,0.1,374,11490080461.0,12042353614.429329,0.048065212015170146,374,0,374,8_POSSA
query_path_6_102.graph,5,0.1,374,11490080461.0,12038223483.057554,0.047705760104820756,374,0,374,8_POSSA
query_path_6_104.graph,1,0.1,285,2175463698.0,661241239.8130783,0.6960458405162142,285,0,285,UN
query_path_6_104.graph,2,0.1,285,2175463698.0,1313513358.2568715,0.39621453602538054,285,0,285,UN
query_path_6_104.graph,3,0.1,285,2175463698.0,2144697748.5353723,0.014142249072191939,285,0,285,UN
query_path_6_104.graph,4,0.1,285,2175463698.0,1347588786.2986937,0.38055101193479274,285,0,285,UN
query_path_6_104.graph,5,0.1,285,2175463698.0,1881027279.7567675,0.13534421121985207,285,0,285,UN
query_path_6_104.graph,1,0.1,285,2175463698.0,2318045516.4360027,0.06554088609572502,285,0,285,PO
query_path_6_104.graph,2,0.1,285,2175463698.0,2374338034.1111393,0.0914169867757266,285,0,285,PO
query_path_6_104.graph,3,0.1,285,2175463698.0,2195205346.6896996,0.009074685414355119,285,0,285,PO
query_path_6_104.graph,4,0.1,285,2175463698.0,2065230154.9595225,0.05067128591565103,285,0,285,PO
query_path_6_104.graph,5,0.1,285,2175463698.0,1870844860.105978,0.14002478560045453,285,0,285,PO
query_path_6_104.graph,1,0.1,285,2175463698.0,2193360370.4264183,0.008226601272579959,285,0,285,WO
query_path_6_104.graph,2,0.1,285,2175463698.0,2117393213.045385,0.026693382660442407,285,0,285,WO
query_path_6_104.graph,3,0.1,285,2175463698.0,2307130919.6646376,0.060523750309272026,285,0,285,WO
query_path_6_104.graph,4,0.1,285,2175463698.0,2193213826.5359945,0.008159239132472313,285,0,285,WO
query_path_6_104.graph,5,0.1,285,2175463698.0,2384067419.3838744,0.09588931388542729,285,0,285,WO
query_path_6_104.graph,1,0.1,285,2175463698.0,2085958507.7401824,0.041143040144546505,285,0,285,MAB
query_path_6_104.graph,2,0.1,285,2175463698.0,2151942933.327715,0.010811839652350328,285,0,285,MAB
query_path_6_104.graph,3,0.1,285,2175463698.0,2288253963.7077494,0.05184654003256522,285,0,285,MAB
query_path_6_104.graph,4,0.1,285,2175463698.0,2210763915.0130467,0.01622652542788914,285,0,285,MAB
query_path_6_104.graph,5,0.1,285,2175463698.0,2046978794.0244925,0.0590609276052868,285,0,285,MAB
query_path_6_104.graph,1,0.1,285,2175463698.0,2207092348.57233,0.014538808715313253,285,0,285,8_POSSA
query_path_6_104.graph,2,0.1,285,2175463698.0,2226360798.478448,0.023395977843822385,285,0,285,8_POSSA
query_path_6_104.graph,3,0.1,285,2175463698.0,2205848646.0192723,0.013967113331841186,285,0,285,8_POSSA
query_path_6_104.graph,4,0.1,285,2175463698.0,2240410832.761406,0.02985438682388252,285,0,285,8_POSSA
query_path_6_104.graph,5,0.1,285,2175463698.0,2223666988.8785567,0.02215770868659962,285,0,285,8_POSSA
query_path_4_11.graph,1,0.1,350,480096708.0,211235215.8070363,0.5600152796568723,350,0,350,UN
query_path_4_11.graph,2,0.1,350,480096708.0,363036664.9422309,0.243825964867414,350,0,350,UN
query_path_4_11.graph,3,0.1,350,480096708.0,39381848.17769572,0.9179710097539436,350,0,350,UN
query_path_4_11.graph,4,0.1,350,480096708.0,51881499.57557831,0.8919353148833123,350,0,350,UN
query_path_4_11.graph,5,0.1,350,480096708.0,268457891.745114,0.4408253852365219,350,0,350,UN
query_path_4_11.graph,1,0.1,350,480096708.0,481953329.25333476,0.0038671818039934585,350,0,350,PO
query_path_4_11.graph,2,0.1,350,480096708.0,527296439.92426634,0.09831296723714743,350,0,350,PO
query_path_4_11.graph,3,0.1,350,480096708.0,432943025.59376967,0.09821705006615111,350,0,350,PO
query_path_4_11.graph,4,0.1,350,480096708.0,509678103.31890815,0.06161549293295332,350,0,350,PO
query_path_4_11.graph,5,0.1,350,480096708.0,450678467.95545995,0.0612756545802852,350,0,350,PO
query_path_4_11.graph,1,0.1,350,480096708.0,456002883.63436234,0.05018535633374445,350,0,350,WO
query_path_4_11.graph,2,0.1,350,480096708.0,451929597.19313985,0.05866966037780069,350,0,350,WO
query_path_4_11.graph,3,0.1,350,480096708.0,450740007.68168503,0.06114747264277215,350,0,350,WO
query_path_4_11.graph,4,0.1,350,480096708.0,447966068.89228314,0.06692534768998429,350,0,350,WO
query_path_4_11.graph,5,0.1,350,480096708.0,453315930.7705865,0.05578204720665052,350,0,350,WO
query_path_4_11.graph,1,0.1,350,480096708.0,474429364.6540077,0.011804586974989895,350,0,350,MAB
query_path_4_11.graph,2,0.1,350,480096708.0,459336153.3124194,0.04324244332785674,350,0,350,MAB
query_path_4_11.graph,3,0.1,350,480096708.0,478960888.59563726,0.0023658137734257033,350,0,350,MAB
query_path_4_11.graph,4,0.1,350,480096708.0,467678870.04423815,0.02586528453296924,350,0,350,MAB
query_path_4_11.graph,5,0.1,350,480096708.0,452197096.1059872,0.05811248323330059,350,0,350,MAB
query_path_4_11.graph,1,0.1,350,480096708.0,449947691.6852337,0.06279779846931649,350,0,350,8_POSSA
query_path_4_11.graph,2,0.1,350,480096708.0,450317749.7801971,0.062026999401551645,350,0,350,8_POSSA
query_path_4_11.graph,3,0.1,350,480096708.0,450951601.3104017,0.06070674137927711,350,0,350,8_POSSA
query_path_4_11.graph,4,0.1,350,480096708.0,449822502.5631569,0.06305855660406465,350,0,350,8_POSSA
query_path_4_11.graph,5,0.1,350,480096708.0,449902835.42643684,0.06289123018432186,350,0,350,8_POSSA
query_path_6_105.graph,1,0.1,368,11490080461.0,1789252274.5160074,0.8442785252384312,368,0,368,UN
query_path_6_105.graph,2,0.1,368,11490080461.0,3722089609.9248414,0.6760606139740729,368,0,368,UN
query_path_6_105.graph,3,0.1,368,11490080461.0,2523341000.481322,0.7803896144116548,368,0,368,UN
query_path_6_105.graph,4,0.1,368,11490080461.0,3421911782.267754,0.7021855683358775,368,0,368,UN
query_path_6_105.graph,5,0.1,368,11490080461.0,11244315064.965105,0.021389353788172305,368,0,368,UN
query_path_6_105.graph,1,0.1,368,11490080461.0,11233711497.40188,0.022312199158943707,368,0,368,PO
query_path_6_105.graph,2,0.1,368,11490080461.0,14121944358.65309,0.22905530614744138,368,0,368,PO
query_path_6_105.graph,3,0.1,368,11490080461.0,11778512595.583757,0.02510270798910095,368,0,368,PO
query_path_6_105.graph,4,0.1,368,11490080461.0,11917337969.225033,0.037184901330782144,368,0,368,PO
query_path_6_105.graph,5,0.1,368,11490080461.0,11502780727.923098,0.0011053244549683759,368,0,368,PO
query_path_6_105.graph,1,0.1,368,11490080461.0,11087048096.16054,0.035076548524394215,368,0,368,WO
query_path_6_105.graph,2,0.1,368,11490080461.0,11818830537.17473,0.028611642650422195,368,0,368,WO
query_path_6_105.graph,3,0.1,368,11490080461.0,11340205298.282528,0.013043874081315894,368,0,368,WO
query_path_6_105.graph,4,0.1,368,11490080461.0,11839750422.13567,0.03043233355262661,368,0,368,WO
query_path_6_105.graph,5,0.1,368,11490080461.0,11292030576.928589,0.017236596797005767,368,0,368,WO
query_path_6_105.graph,1,0.1,368,11490080461.0,11842666789.918186,0.03068614968493441,368,0,368,MAB
query_path_6_105.graph,2,0.1,368,11490080461.0,11023057397.112223,0.04064576096511787,368,0,368,MAB
query_path_6_105.graph,3,0.1,368,11490080461.0,11258056807.723644,0.02019338803273814,368,0,368,MAB
query_path_6_105.graph,4,0.1,368,11490080461.0,10909969682.684307,0.05048796483929974,368,0,368,MAB
query_path_6_105.graph,5,0.1,368,11490080461.0,11224983708.37335,0.023071792536740694,368,0,368,MAB
query_path_6_105.graph,1,0.1,368,11490080461.0,11593878069.561066,0.009033671166479542,368,0,368,8_POSSA
query_path_6_105.graph,2,0.1,368,11490080461.0,11669733064.822786,0.015635452200058037,368,0,368,8_POSSA
query_path_6_105.graph,3,0.1,368,11490080461.0,11677120402.829042,0.016278383990773554,368,0,368,8_POSSA
query_path_6_105.graph,4,0.1,368,11490080461.0,11679685924.571825,0.016501665433535474,368,0,368,8_POSSA
query_path_6_105.graph,5,0.1,368,11490080461.0,11633880466.688574,0.012515143490653911,368,0,368,8_POSSA
query_path_4_15.graph,1,0.1,474,1693335647.0,286587872.052769,0.8307554249150175,474,0,474,UN
query_path_4_15.graph,2,0.1,474,1693335647.0,227079581.69448406,0.8658980680547358,474,0,474,UN
query_path_4_15.graph,3,0.1,474,1693335647.0,286926900.698078,0.8305552114216621,474,0,474,UN
query_path_4_15.graph,4,0.1,474,1693335647.0,436687920.74712336,0.7421137849895372,474,0,474,UN
query_path_4_15.graph,5,0.1,474,1693335647.0,436827638.6095327,0.7420312745536073,474,0,474,UN
query_path_4_15.graph,1,0.1,474,1693335647.0,1333209550.9405606,0.21267260079090475,474,0,474,PO
query_path_4_15.graph,2,0.1,474,1693335647.0,1712784248.4735186,0.01148537887805926,474,0,474,PO
query_path_4_15.graph,3,0.1,474,1693335647.0,880148662.4374459,0.4802278780366065,474,0,474,PO
query_path_4_15.graph,4,0.1,474,1693335647.0,1011395722.5320575,0.4027198775836923,474,0,474,PO
query_path_4_15.graph,5,0.1,474,1693335647.0,1386190334.5534384,0.18138477920234888,474,0,474,PO
query_path_4_15.graph,1,0.1,474,1693335647.0,1676341451.0734172,0.01003592876385175,474,0,474,WO
query_path_4_15.graph,2,0.1,474,1693335647.0,1692888475.5965543,0.00026407723964114995,474,0,474,WO
query_path_4_15.graph,3,0.1,474,1693335647.0,1671823741.0611506,0.01270386410217079,474,0,474,WO
query_path_4_15.graph,4,0.1,474,1693335647.0,1681785012.9007123,0.006821231289704107,474,0,474,WO
query_path_4_15.graph,5,0.1,474,1693335647.0,1668344452.0044477,0.014758559556593508,474,0,474,WO
query_path_4_15.graph,1,0.1,474,1693335647.0,1658939418.1257172,0.020312705833141206,474,0,474,MAB
query_path_4_15.graph,2,0.1,474,1693335647.0,1683210653.3590977,0.005979318783514796,474,0,474,MAB
query_path_4_15.graph,3,0.1,474,1693335647.0,1687157528.4879467,0.0036484901992104883,474,0,474,MAB
query_path_4_15.graph,4,0.1,474,1693335647.0,1742336680.3322504,0.028937578571066578,474,0,474,MAB
query_path_4_15.graph,5,0.1,474,1693335647.0,1644092997.4735775,0.02908026510495028,474,0,474,MAB
query_path_4_15.graph,1,0.1,474,1693335647.0,1677389431.9823089,0.009417043245940204,474,0,474,8_POSSA
query_path_4_15.graph,2,0.1,474,1693335647.0,1676261346.838074,0.010083234350009542,474,0,474,8_POSSA
query_path_4_15.graph,3,0.1,474,1693335647.0,1676704389.0932713,0.009821595580411676,474,0,474,8_POSSA
query_path_4_15.graph,4,0.1,474,1693335647.0,1677094706.6009383,0.009591093430197942,474,0,474,8_POSSA
query_path_4_15.graph,5,0.1,474,1693335647.0,1676482371.594944,0.009952708097130137,474,0,474,8_POSSA
query_path_6_110.graph,1,0.1,285,2175463698.0,5797206063.578178,1.6648139745599093,285,0,285,UN
query_path_6_110.graph,2,0.1,285,2175463698.0,1102934301.4528248,0.49301185652199064,285,0,285,UN
query_path_6_110.graph,3,0.1,285,2175463698.0,1407457671.4388978,0.35303095485673425,285,0,285,UN
query_path_6_110.graph,4,0.1,285,2175463698.0,808023804.2905127,0.6285739886014349,285,0,285,UN
query_path_6_110.graph,5,0.1,285,2175463698.0,1611758343.2825444,0.25911963285606415,285,0,285,UN
query_path_6_110.graph,1,0.1,285,2175463698.0,2146639184.3076239,0.01324982518387955,285,0,285,PO
query_path_6_110.graph,2,0.1,285,2175463698.0,2379903933.7642975,0.09397547564330695,285,0,285,PO
query_path_6_110.graph,3,0.1,285,2175463698.0,2281808160.517662,0.04888358404483109,285,0,285,PO
query_path_6_110.graph,4,0.1,285,2175463698.0,2174821298.701412,0.0002952930445028272,285,0,285,PO
query_path_6_110.graph,5,0.1,285,2175463698.0,2399514287.17634,0.10298980827964159,285,0,285,PO
query_path_6_110.graph,1,0.1,285,2175463698.0,2157686076.531347,0.008171876866985625,285,0,285,WO
query_path_6_110.graph,2,0.1,285,2175463698.0,2251696102.66591,0.03504191071356125,285,0,285,WO
query_path_6_110.graph,3,0.1,285,2175463698.0,2063323551.6380668,0.051547698297622076,285,0,285,WO
query_path_6_110.graph,4,0.1,285,2175463698.0,2221890130.576725,0.02134093647225963,285,0,285,WO
query_path_6_110.graph,5,0.1,285,2175463698.0,2225314269.6557636,0.022914917726089137,285,0,285,WO
query_path_6_110.graph,1,0.1,285,2175463698.0,62852.02894075138,0.9999711086749007,285,0,285,MAB
query_path_6_110.graph,2,0.1,285,2175463698.0,2064197558.6047187,0.05114594166640114,285,0,285,MAB
query_path_6_110.graph,3,0.1,285,2175463698.0,2314389454.5343933,0.06386029638743865,285,0,285,MAB
query_path_6_110.graph,4,0.1,285,2175463698.0,2237314092.4409976,0.028430901650006574,285,0,285,MAB
query_path_6_110.graph,5,0.1,285,2175463698.0,2238966765.207357,0.029190589236555917,285,0,285,MAB
query_path_6_110.graph,1,0.1,285,2175463698.0,2213386223.541794,0.0174319275364869,285,0,285,8_POSSA
query_path_6_110.graph,2,0.1,285,2175463698.0,2235518692.25314,0.027605606247693853,285,0,285,8_POSSA
query_path_6_110.graph,3,0.1,285,2175463698.0,2249071084.292139,0.03383526296476911,285,0,285,8_POSSA
query_path_6_110.graph,4,0.1,285,2175463698.0,2223431908.7442045,0.022049648903957265,285,0,285,8_POSSA
query_path_6_110.graph,5,0.1,285,2175463698.0,2226877376.126955,0.023633434184271565,285,0,285,8_POSSA
query_path_4_9.graph,1,0.1,502,2208587147.0,3685089654.693409,0.6685280722107766,502,0,502,UN
query_path_4_9.graph,2,0.1,502,2208587147.0,2902692365.1581564,0.3142756757871128,502,0,502,UN
query_path_4_9.graph,3,0.1,502,2208587147.0,74098172.63346256,0.9664499665616035,502,0,502,UN
query_path_4_9.graph,4,0.1,502,2208587147.0,640861540.9081769,0.7098318978362791,502,0,502,UN
query_path_4_9.graph,5,0.1,502,2208587147.0,366264742.313863,0.8341633279848735,502,0,502,UN
query_path_4_9.graph,1,0.1,502,2208587147.0,1144111516.0531306,0.4819713056796438,502,0,502,PO
query_path_4_9.graph,2,0.1,502,2208587147.0,1964044239.7033632,0.11072368488099185,502,0,502,PO
query_path_4_9.graph,3,0.1,502,2208587147.0,2222150641.683388,0.006141254014727014,502,0,502,PO
query_path_4_9.graph,4,0.1,502,2208587147.0,2593328089.4665923,0.1742022917181236,502,0,502,PO
query_path_4_9.graph,5,0.1,502,2208587147.0,2788752118.7882466,0.26268602195584845,502,0,502,PO
query_path_4_9.graph,1,0.1,502,2208587147.0,2184960627.7434688,0.010697571652820653,502,0,502,WO
query_path_4_9.graph,2,0.1,502,2208587147.0,2179702300.2708683,0.013078427431929494,502,0,502,WO
query_path_4_9.graph,3,0.1,502,2208587147.0,2169752992.1425915,0.017583256748622437,502,0,502,WO
query_path_4_9.graph,4,0.1,502,2208587147.0,2168693627.429661,0.01806291394230377,502,0,502,WO
query_path_4_9.graph,5,0.1,502,2208587147.0,2182314817.589741,0.011895536676442848,502,0,502,WO
query_path_4_9.graph,1,0.1,502,2208587147.0,2154203898.000336,0.02462354681069953,502,0,502,MAB
query_path_4_9.graph,2,0.1,502,2208587147.0,2112417725.9399438,0.0435434124438723,502,0,502,MAB
query_path_4_9.graph,3,0.1,502,2208587147.0,2224282755.290189,0.007106628466759247,502,0,502,MAB
query_path_4_9.graph,4,0.1,502,2208587147.0,2167390742.196389,0.018652831906392872,502,0,502,MAB
query_path_4_9.graph,5,0.1,502,2208587147.0,2089299544.1172557,0.05401082001440458,502,0,502,MAB
query_path_4_9.graph,1,0.1,502,2208587147.0,2169118756.6945796,0.01787042470071044,502,0,502,8_POSSA
query_path_4_9.graph,2,0.1,502,2208587147.0,2170437001.7003613,0.017273552167257428,502,0,502,8_POSSA
query_path_4_9.graph,3,0.1,502,2208587147.0,2169501443.879545,0.017697152305511804,502,0,502,8_POSSA
query_path_4_9.graph,4,0.1,502,2208587147.0,2170232998.929135,0.017365920164374278,502,0,502,8_POSSA
query_path_4_9.graph,5,0.1,502,2208587147.0,2170168223.101665,0.01739524924362651,502,0,502,8_POSSA
query_path_4_1.graph,1,0.1,727,8865533386.0,1931831814.4616752,0.782096380403651,727,0,727,UN
query_path_4_1.graph,2,0.1,727,8865533386.0,16273915053.822344,0.8356385730294901,727,0,727,UN
query_path_4_1.graph,3,0.1,727,8865533386.0,16047090728.520447,0.8100536120997748,727,0,727,UN
query_path_4_1.graph,4,0.1,727,8865533386.0,3733391486.41347,0.5788869858288446,727,0,727,UN
query_path_4_1.graph,5,0.1,727,8865533386.0,36144318998.53219,3.0769480441649977,727,0,727,UN
query_path_4_1.graph,1,0.1,727,8865533386.0,9707404954.019997,0.09496005839303899,727,0,727,PO
query_path_4_1.graph,2,0.1,727,8865533386.0,5667913825.8791895,0.360679884773806,727,0,727,PO
query_path_4_1.graph,3,0.1,727,8865533386.0,9914026866.645353,0.1182662604712629,727,0,727,PO
query_path_4_1.graph,4,0.1,727,8865533386.0,10706021765.493963,0.20760041154437125,727,0,727,PO
query_path_4_1.graph,5,0.1,727,8865533386.0,9236577914.906101,0.041852476636322404,727,0,727,PO
query_path_4_1.graph,1,0.1,727,8865533386.0,9119849850.533115,0.028685974487978244,727,0,727,WO
query_path_4_1.graph,2,0.1,727,8865533386.0,9191040861.433964,0.03671606222226726,727,0,727,WO
query_path_4_1.graph,3,0.1,727,8865533386.0,9162473527.204906,0.03349377056927215,727,0,727,WO
query_path_4_1.graph,4,0.1,727,8865533386.0,9179236272.712011,0.035384547443856565,727,0,727,WO
query_path_4_1.graph,5,0.1,727,8865533386.0,9198575584.426088,0.03756595163828627,727,0,727,WO
query_path_4_1.graph,1,0.1,727,8865533386.0,9562056430.911554,0.0785652723401243,727,0,727,MAB
query_path_4_1.graph,2,0.1,727,8865533386.0,8974640908.774818,0.012306932704930702,727,0,727,MAB
query_path_4_1.graph,3,0.1,727,8865533386.0,9220219269.081665,0.04000728073978797,727,0,727,MAB
query_path_4_1.graph,4,0.1,727,8865533386.0,9180328624.944946,0.035507760812457705,727,0,727,MAB
query_path_4_1.graph,5,0.1,727,8865533386.0,9484108099.826702,0.06977298340599833,727,0,727,MAB
query_path_4_1.graph,1,0.1,727,8865533386.0,9174191923.36112,0.034815563138991514,727,0,727,8_POSSA
query_path_4_1.graph,2,0.1,727,8865533386.0,9163892323.080853,0.03365380559640165,727,0,727,8_POSSA
query_path_4_1.graph,3,0.1,727,8865533386.0,9189725091.69576,0.03656764816967559,727,0,727,8_POSSA
query_path_4_1.graph,4,0.1,727,8865533386.0,9179177010.449577,0.035377862875669436,727,0,727,8_POSSA
query_path_4_1.graph,5,0.1,727,8865533386.0,9167850164.561638,0.034100235755588175,727,0,727,8_POSSA
query_path_6_103.graph,1,0.1,272,2810441602.0,1878763465.701675,0.3315059582221218,272,0,272,UN
query_path_6_103.graph,2,0.1,272,2810441602.0,1819759402.752818,0.3525005460146124,272,0,272,UN
query_path_6_103.graph,3,0.1,272,2810441602.0,1157037125.2750175,0.5883077148973197,272,0,272,UN
query_path_6_103.graph,4,0.1,272,2810441602.0,334434267.0157559,0.88100294744507,272,0,272,UN
query_path_6_103.graph,5,0.1,272,2810441602.0,53108850.67589927,0.9811030228708166,272,0,272,UN
query_path_6_103.graph,1,0.1,272,2810441602.0,2821603755.6669297,0.003971672515446105,272,0,272,PO
query_path_6_103.graph,2,0.1,272,2810441602.0,2926393473.255715,0.04125752734844226,272,0,272,PO
query_path_6_103.graph,3,0.1,272,2810441602.0,2557596561.4953885,0.08996630292003893,272,0,272,PO
query_path_6_103.graph,4,0.1,272,2810441602.0,1989254478.4537919,0.29219149152995216,272,0,272,PO
query_path_6_103.graph,5,0.1,272,2810441602.0,2876661489.4409957,0.023562093371330507,272,0,272,PO
query_path_6_103.graph,1,0.1,272,2810441602.0,3088780116.8031416,0.09903728816320788,272,0,272,WO
query_path_6_103.graph,2,0.1,272,2810441602.0,2993773211.4941998,0.06523231415437884,272,0,272,WO
query_path_6_103.graph,3,0.1,272,2810441602.0,2849774563.235885,0.013995295688725413,272,0,272,WO
query_path_6_103.graph,4,0.1,272,2810441602.0,2802756180.042761,0.0027345958556014684,272,0,272,WO
query_path_6_103.graph,5,0.1,272,2810441602.0,2825215997.8072863,0.005256965950394533,272,0,272,WO
query_path_6_103.graph,1,0.1,272,2810441602.0,2956430618.548882,0.051945223286259196,272,0,272,MAB
query_path_6_103.graph,2,0.1,272,2810441602.0,2929301601.7985806,0.042292285921897856,272,0,272,MAB
query_path_6_103.graph,3,0.1,272,2810441602.0,3314435400.4143524,0.17932904140605319,272,0,272,MAB
query_path_6_103.graph,4,0.1,272,2810441602.0,3184629843.5819426,0.133142151509449,272,0,272,MAB
query_path_6_103.graph,5,0.1,272,2810441602.0,2950721998.6460776,0.04991400516781762,272,0,272,MAB
query_path_6_103.graph,1,0.1,272,2810441602.0,2929238940.7453876,0.0422699901185805,272,0,272,8_POSSA
query_path_6_103.graph,2,0.1,272,2810441602.0,2915185246.9337764,0.0372694614466415,272,0,272,8_POSSA
query_path_6_103.graph,3,0.1,272,2810441602.0,2925669941.54799,0.04100008321325363,272,0,272,8_POSSA
query_path_6_103.graph,4,0.1,272,2810441602.0,2917510983.9868402,0.03809699582821655,272,0,272,8_POSSA
query_path_6_103.graph,5,0.1,272,2810441602.0,2932647532.5971947,0.0434828215289117,272,0,272,8_POSSA
query_path_4_20.graph,1,0.1,348,480096708.0,357404636.1203483,0.2555569947370931,348,0,348,UN
query_path_4_20.graph,2,0.1,348,480096708.0,166858959.45102847,0.6524471910125481,348,0,348,UN
query_path_4_20.graph,3,0.1,348,480096708.0,297754536.0166018,0.3798030041551508,348,0,348,UN
query_path_4_20.graph,4,0.1,348,480096708.0,67570529.56617415,0.8592564197166415,348,0,348,UN
query_path_4_20.graph,5,0.1,348,480096708.0,301362633.6050811,0.372287648335466,348,0,348,UN
query_path_4_20.graph,1,0.1,348,480096708.0,515269553.2372441,0.07326200044938473,348,0,348,PO
query_path_4_20.graph,2,0.1,348,480096708.0,256859568.85810304,0.46498369062321704,348,0,348,PO
query_path_4_20.graph,3,0.1,348,480096708.0,494230781.2433987,0.02944005448876922,348,0,348,PO
query_path_4_20.graph,4,0.1,348,480096708.0,625844705.9598327,0.30358049853537566,348,0,348,PO
query_path_4_20.graph,5,0.1,348,480096708.0,495426038.83442724,0.031929672874214415,348,0,348,PO
query_path_4_20.graph,1,0.1,348,480096708.0,476321542.31578726,0.007863344241495495,348,0,348,WO
query_path_4_20.graph,2,0.1,348,480096708.0,473154450.47958094,0.01446012314756189,348,0,348,WO
query_path_4_20.graph,3,0.1,348,480096708.0,465768858.2458981,0.02984367423344605,348,0,348,WO
query_path_4_20.graph,4,0.1,348,480096708.0,467456790.5715094,0.026327856904385563,348,0,348,WO
query_path_4_20.graph,5,0.1,348,480096708.0,476356020.99966246,0.007791528119242053,348,0,348,WO
query_path_4_20.graph,1,0.1,348,480096708.0,457828456.2589502,0.04638284614326042,348,0,348,MAB
query_path_4_20.graph,2,0.1,348,480096708.0,458402184.1943378,0.04518782037901875,348,0,348,MAB
query_path_4_20.graph,3,0.1,348,480096708.0,484833936.9684827,0.009867239015691549,348,0,348,MAB
query_path_4_20.graph,4,0.1,348,480096708.0,428274207.5419987,0.10794179504767884,348,0,348,MAB
query_path_4_20.graph,5,0.1,348,480096708.0,491182288.07072026,0.023090306361193077,348,0,348,MAB
query_path_4_20.graph,1,0.1,348,480096708.0,473891985.56691235,0.012923901225933104,348,0,348,8_POSSA
query_path_4_20.graph,2,0.1,348,480096708.0,474342229.93386537,0.011986081075429143,348,0,348,8_POSSA
query_path_4_20.graph,3,0.1,348,480096708.0,472600425.2701899,0.015614109834325544,348,0,348,8_POSSA
query_path_4_20.graph,4,0.1,348,480096708.0,473949254.0838609,0.012804615848645073,348,0,348,8_POSSA
query_path_4_20.graph,5,0.1,348,480096708.0,474075336.76560044,0.01254199650625298,348,0,348,8_POSSA
query_path_6_114.graph,1,0.1,572,555182616.0,220230469.18336418,0.6033188669160993,572,0,572,UN
query_path_6_114.graph,2,0.1,572,555182616.0,204834918.62701157,0.6310494732295229,572,0,572,UN
query_path_6_114.graph,3,0.1,572,555182616.0,446503897.78350115,0.19575310012318334,572,0,572,UN
query_path_6_114.graph,4,0.1,572,555182616.0,757049441.6186874,0.3636043705278542,572,0,572,UN
query_path_6_114.graph,5,0.1,572,555182616.0,452431596.39130497,0.18507607523628772,572,0,572,UN
query_path_6_114.graph,1,0.1,572,555182616.0,505382804.77724934,0.08969987493763794,572,0,572,PO
query_path_6_114.graph,2,0.1,572,555182616.0,679288595.200371,0.2235408235483566,572,0,572,PO
query_path_6_114.graph,3,0.1,572,555182616.0,478281101.20756745,0.13851571100423749,572,0,572,PO
query_path_6_114.graph,4,0.1,572,555182616.0,496508383.5643496,0.10568456350162522,572,0,572,PO
query_path_6_114.graph,5,0.1,572,555182616.0,498884879.88618904,0.10140399661543249,572,0,572,PO
query_path_6_114.graph,1,0.1,572,555182616.0,501864233.4915841,0.09603755768249032,572,0,572,WO
query_path_6_114.graph,2,0.1,572,555182616.0,546885213.7090354,0.014945356810243863,572,0,572,WO
query_path_6_114.graph,3,0.1,572,555182616.0,543591004.6119101,0.02087891633136059,572,0,572,WO
query_path_6_114.graph,4,0.1,572,555182616.0,444584710.72154766,0.1992099573925642,572,0,572,WO
query_path_6_114.graph,5,0.1,572,555182616.0,536965369.7303923,0.03281307041070548,572,0,572,WO
query_path_6_114.graph,1,0.1,572,555182616.0,549194850.4216179,0.010785218063063658,572,0,572,MAB
query_path_6_114.graph,2,0.1,572,555182616.0,553564550.283264,0.0029144747513779484,572,0,572,MAB
query_path_6_114.graph,3,0.1,572,555182616.0,543632903.5170436,0.020803447640652367,572,0,572,MAB
query_path_6_114.graph,4,0.1,572,555182616.0,539093696.6871376,0.02897950845215657,572,0,572,MAB
query_path_6_114.graph,5,0.1,572,555182616.0,505477987.971476,0.08952843009861819,572,0,572,MAB
query_path_6_114.graph,1,0.1,572,555182616.0,523991218.9848626,0.05618222926334814,572,0,572,8_POSSA
query_path_6_114.graph,2,0.1,572,555182616.0,517676681.97510445,0.06755603101393858,572,0,572,8_POSSA
query_path_6_114.graph,3,0.1,572,555182616.0,514283366.3215955,0.07366810216983542,572,0,572,8_POSSA
query_path_6_114.graph,4,0.1,572,555182616.0,530457399.4804123,0.04453528588075909,572,0,572,8_POSSA
query_path_6_114.graph,5,0.1,572,555182616.0,527394980.5937519,0.05005134275718765,572,0,572,8_POSSA
query_path_4_17.graph,1,0.1,455,365070172.0,263510807.466,0.2781913514807778,455,0,455,UN
query_path_4_17.graph,2,0.1,455,365070172.0,19846549.993999995,0.945636341952363,455,0,455,UN
query_path_4_17.graph,3,0.1,455,365070172.0,264424656.62399998,0.2756881364057319,455,0,455,UN
query_path_4_17.graph,4,0.1,455,365070172.0,33318845.959999997,0.9087330367817615,455,0,455,UN
query_path_4_17.graph,5,0.1,455,365070172.0,108219294.52700001,0.7035657722072128,455,0,455,UN
query_path_4_17.graph,1,0.1,455,365070172.0,422461545.413157,0.15720641623155393,455,0,455,PO
query_path_4_17.graph,2,0.1,455,365070172.0,193080326.14191124,0.47111448441777587,455,0,455,PO
query_path_4_17.graph,3,0.1,455,365070172.0,426800125.9842616,0.16909065357512026,455,0,455,PO
query_path_4_17.graph,4,0.1,455,365070172.0,390160815.57244253,0.06872827608726832,455,0,455,PO
query_path_4_17.graph,5,0.1,455,365070172.0,308931099.8831389,0.15377611325874388,455,0,455,PO
query_path_4_17.graph,1,0.1,455,365070172.0,366505905.6279272,0.003932760707514566,455,0,455,WO
query_path_4_17.graph,2,0.1,455,365070172.0,367447645.79993683,0.0065123748316990165,455,0,455,WO
query_path_4_17.graph,3,0.1,455,365070172.0,367627120.49694407,0.0070039918159735875,455,0,455,WO
query_path_4_17.graph,4,0.1,455,365070172.0,371011973.3816712,0.016275778843063603,455,0,455,WO
query_path_4_17.graph,5,0.1,455,365070172.0,369739146.4152793,0.012789251966822774,455,0,455,WO
query_path_4_17.graph,1,0.1,455,365070172.0,357114605.74804664,0.021791882388992774,455,0,455,MAB
query_path_4_17.graph,2,0.1,455,365070172.0,364677234.2800884,0.0010763347708165412,455,0,455,MAB
query_path_4_17.graph,3,0.1,455,365070172.0,367821388.6158909,0.007536130932907113,455,0,455,MAB
query_path_4_17.graph,4,0.1,455,365070172.0,379241682.1213002,0.03881859217274048,455,0,455,MAB
query_path_4_17.graph,5,0.1,455,365070172.0,362674498.8819684,0.006562226393099081,455,0,455,MAB
query_path_4_17.graph,1,0.1,455,365070172.0,369521309.96629846,0.012192554494149308,455,0,455,8_POSSA
query_path_4_17.graph,2,0.1,455,365070172.0,370023353.21960354,0.013567751077739483,455,0,455,8_POSSA
query_path_4_17.graph,3,0.1,455,365070172.0,369599043.9785415,0.012405483454675376,455,0,455,8_POSSA
query_path_4_17.graph,4,0.1,455,365070172.0,369898878.0942912,0.013226788887839378,455,0,455,8_POSSA
query_path_4_17.graph,5,0.1,455,365070172.0,370055414.31655294,0.013655572815609095,455,0,455,8_POSSA
query_path_4_0.graph,1,0.1,723,8865533386.0,3345489277.206699,0.6226409476400229,723,0,723,UN
query_path_4_0.graph,2,0.1,723,8865533386.0,1537887086.8917592,0.8265319163627186,723,0,723,UN
query_path_4_0.graph,3,0.1,723,8865533386.0,22826621637.937523,1.5747601011783638,723,0,723,UN
query_path_4_0.graph,4,0.1,723,8865533386.0,2355003294.580972,0.7343641727975584,723,0,723,UN
query_path_4_0.graph,5,0.1,723,8865533386.0,1084995689.5118353,0.877616422805964,723,0,723,UN
query_path_4_0.graph,1,0.1,723,8865533386.0,8867070696.64954,0.00017340306359542792,723,0,723,PO
query_path_4_0.graph,2,0.1,723,8865533386.0,7842411895.397332,0.11540439204913822,723,0,723,PO
query_path_4_0.graph,3,0.1,723,8865533386.0,8465880175.83523,0.04507943208424235,723,0,723,PO
query_path_4_0.graph,4,0.1,723,8865533386.0,9202491898.045292,0.038007697605357806,723,0,723,PO
query_path_4_0.graph,5,0.1,723,8865533386.0,9202745423.491278,0.038036294355823626,723,0,723,PO
query_path_4_0.graph,1,0.1,723,8865533386.0,8446919436.320081,0.04721813470816918,723,0,723,WO
query_path_4_0.graph,2,0.1,723,8865533386.0,8479125157.195725,0.043585446242238604,723,0,723,WO
query_path_4_0.graph,3,0.1,723,8865533386.0,8480653098.719688,0.04341309998201518,723,0,723,WO
query_path_4_0.graph,4,0.1,723,8865533386.0,8460785422.853233,0.045654101735821566,723,0,723,WO
query_path_4_0.graph,5,0.1,723,8865533386.0,8424809321.805752,0.04971207540543666,723,0,723,WO
query_path_4_0.graph,1,0.1,723,8865533386.0,8608671338.311386,0.028973107032030064,723,0,723,MAB
query_path_4_0.graph,2,0.1,723,8865533386.0,8718935660.98842,0.016535691495232447,723,0,723,MAB
query_path_4_0.graph,3,0.1,723,8865533386.0,8541095920.653037,0.03659536896666568,723,0,723,MAB
query_path_4_0.graph,4,0.1,723,8865533386.0,8131014764.302242,0.08285103554600248,723,0,723,MAB
query_path_4_0.graph,5,0.1,723,8865533386.0,8968486478.830582,0.011612735336732245,723,0,723,MAB
query_path_4_0.graph,1,0.1,723,8865533386.0,8464167759.667396,0.04527258641498329,723,0,723,8_POSSA
query_path_4_0.graph,2,0.1,723,8865533386.0,8473988228.790091,0.04416487312858329,723,0,723,8_POSSA
query_path_4_0.graph,3,0.1,723,8865533386.0,8473988337.013143,0.04416486092141568,723,0,723,8_POSSA
query_path_4_0.graph,4,0.1,723,8865533386.0,8480574356.64338,0.04342198180253064,723,0,723,8_POSSA
query_path_4_0.graph,5,0.1,723,8865533386.0,8491070357.840087,0.04223807094914854,723,0,723,8_POSSA
query_path_4_2.graph,1,0.1,1010,23729378.0,15003131.19933416,0.36774022482451246,1010,0,1010,UN
query_path_4_2.graph,2,0.1,1010,23729378.0,16497974.60210149,0.3047447513330737,1010,0,1010,UN
query_path_4_2.graph,3,0.1,1010,23729378.0,29656551.327378716,0.2497820771947211,1010,0,1010,UN
query_path_4_2.graph,4,0.1,1010,23729378.0,31193175.07701238,0.3145382519934732,1010,0,1010,UN
query_path_4_2.graph,5,0.1,1010,23729378.0,8229133.662940593,0.6532090447992108,1010,0,1010,UN
query_path_4_2.graph,1,0.1,1010,23729378.0,25086155.99470769,0.05717714112471421,1010,0,1010,PO
query_path_4_2.graph,2,0.1,1010,23729378.0,27076519.0284391,0.14105473090947016,1010,0,1010,PO
query_path_4_2.graph,3,0.1,1010,23729378.0,28102959.098152716,0.18431081919436387,1010,0,1010,PO
query_path_4_2.graph,4,0.1,1010,23729378.0,21668206.986666918,0.0868615693733347,1010,0,1010,PO
query_path_4_2.graph,5,0.1,1010,23729378.0,33807206.8725475,0.4246984001244154,1010,0,1010,PO
query_path_4_2.graph,1,0.1,1010,23729378.0,27802582.779668085,0.17165240402289875,1010,0,1010,WO
query_path_4_2.graph,2,0.1,1010,23729378.0,26821103.3019232,0.13029103847236115,1010,0,1010,WO
query_path_4_2.graph,3,0.1,1010,23729378.0,28159029.84482891,0.18667374445419138,1010,0,1010,WO
query_path_4_2.graph,4,0.1,1010,23729378.0,27384111.21632041,0.1540172362006459,1010,0,1010,WO
query_path_4_2.graph,5,0.1,1010,23729378.0,27179478.6526168,0.14539364043241246,1010,0,1010,WO
query_path_4_2.graph,1,0.1,1010,23729378.0,28846272.993045766,0.21563544535578497,1010,0,1010,MAB
query_path_4_2.graph,2,0.1,1010,23729378.0,29494590.504946075,0.24295674774728926,1010,0,1010,MAB
query_path_4_2.graph,3,0.1,1010,23729378.0,25343389.645137984,0.06801744424729482,1010,0,1010,MAB
query_path_4_2.graph,4,0.1,1010,23729378.0,28209940.008598924,0.1888191931789752,1010,0,1010,MAB
query_path_4_2.graph,5,0.1,1010,23729378.0,27265931.9387372,0.1490369422551741,1010,0,1010,MAB
query_path_4_2.graph,1,0.1,1010,23729378.0,27476711.821999494,0.15791959747109655,1010,0,1010,8_POSSA
query_path_4_2.graph,2,0.1,1010,23729378.0,27477945.14025476,0.15797157178981927,1010,0,1010,8_POSSA
query_path_4_2.graph,3,0.1,1010,23729378.0,27452122.365383625,0.15688335216302868,1010,0,1010,8_POSSA
query_path_4_2.graph,4,0.1,1010,23729378.0,27620327.494687755,0.16397182828339432,1010,0,1010,8_POSSA
query_path_4_2.graph,5,0.1,1010,23729378.0,27514056.52774342,0.15949337263469027,1010,0,1010,8_POSSA
query_path_4_21.graph,1,0.1,690,3422458.0,1647828.7541555078,0.5185247695792008,690,0,690,UN
query_path_4_21.graph,2,0.1,690,3422458.0,2825734.9154562308,0.1743551227053098,690,0,690,UN
query_path_4_21.graph,3,0.1,690,3422458.0,5549690.89047884,0.6215512039822958,690,0,690,UN
query_path_4_21.graph,4,0.1,690,3422458.0,3185695.139045073,0.06917918670000532,690,0,690,UN
query_path_4_21.graph,5,0.1,690,3422458.0,3277378.1485123206,0.042390542553825176,690,0,690,UN
query_path_4_21.graph,1,0.1,690,3422458.0,3911180.99457442,0.14279882896281565,690,0,690,PO
query_path_4_21.graph,2,0.1,690,3422458.0,3422675.644950646,6.359316919184276e-05,690,0,690,PO
query_path_4_21.graph,3,0.1,690,3422458.0,3933714.52183729,0.14938284760172071,690,0,690,PO
query_path_4_21.graph,4,0.1,690,3422458.0,3559488.659328417,0.04003866791891001,690,0,690,PO
query_path_4_21.graph,5,0.1,690,3422458.0,3156993.4661471383,0.07756546138852886,690,0,690,PO
query_path_4_21.graph,1,0.1,690,3422458.0,3412863.0397888315,0.00280352898740277,690,0,690,WO
query_path_4_21.graph,2,0.1,690,3422458.0,3395399.536651451,0.00790614913274286,690,0,690,WO
query_path_4_21.graph,3,0.1,690,3422458.0,3375570.5108788554,0.013699945805366973,690,0,690,WO
query_path_4_21.graph,4,0.1,690,3422458.0,3573759.048343442,0.044208299515565104,690,0,690,WO
query_path_4_21.graph,5,0.1,690,3422458.0,3420490.8512802613,0.0005747765844719506,690,0,690,WO
query_path_4_21.graph,1,0.1,690,3422458.0,3347404.852892765,0.021929603550207236,690,0,690,MAB
query_path_4_21.graph,2,0.1,690,3422458.0,3413106.140049101,0.002732498090816351,690,0,690,MAB
query_path_4_21.graph,3,0.1,690,3422458.0,3542579.869668975,0.0350981282075558,690,0,690,MAB
query_path_4_21.graph,4,0.1,690,3422458.0,3549516.56938033,0.03712494627555106,690,0,690,MAB
query_path_4_21.graph,5,0.1,690,3422458.0,3494083.006729276,0.020927943229478906,690,0,690,MAB
query_path_4_21.graph,1,0.1,690,3422458.0,3471747.4005480367,0.014401754688600029,690,0,690,8_POSSA
query_path_4_21.graph,2,0.1,690,3422458.0,3463023.880450108,0.011852849750123476,690,0,690,8_POSSA
query_path_4_21.graph,3,0.1,690,3422458.0,3440307.2910582437,0.005215342615816971,690,0,690,8_POSSA
query_path_4_21.graph,4,0.1,690,3422458.0,3445995.02426525,0.006877228081469572,690,0,690,8_POSSA
query_path_4_21.graph,5,0.1,690,3422458.0,3527249.7133227675,0.030618845672545147,690,0,690,8_POSSA
query_path_4_14.graph,1,0.1,618,6818444033.0,14109505207.301956,1.069314515014654,618,0,618,UN
query_path_4_14.graph,2,0.1,618,6818444033.0,8354527849.510957,0.2252836290914169,618,0,618,UN
query_path_4_14.graph,3,0.1,618,6818444033.0,89933003.30691943,0.986810333432135,618,0,618,UN
query_path_4_14.graph,4,0.1,618,6818444033.0,2496755626.1747003,0.6338232573163515,618,0,618,UN
query_path_4_14.graph,5,0.1,618,6818444033.0,6023810669.997333,0.1165417445911105,618,0,618,UN
query_path_4_14.graph,1,0.1,618,6818444033.0,7538651215.020025,0.10562632450077415,618,0,618,PO
query_path_4_14.graph,2,0.1,618,6818444033.0,6715284049.094166,0.015129549118033245,618,0,618,PO
query_path_4_14.graph,3,0.1,618,6818444033.0,6834441724.556344,0.002346237862908045,618,0,618,PO
query_path_4_14.graph,4,0.1,618,6818444033.0,7515758489.297149,0.10226885385027383,618,0,618,PO
query_path_4_14.graph,5,0.1,618,6818444033.0,7726315662.375348,0.13314938495959172,618,0,618,PO
query_path_4_14.graph,1,0.1,618,6818444033.0,7028654833.164384,0.030829731702277343,618,0,618,WO
query_path_4_14.graph,2,0.1,618,6818444033.0,7004233748.619647,0.027248110378329627,618,0,618,WO
query_path_4_14.graph,3,0.1,618,6818444033.0,6998995092.096539,0.02647980363594759,618,0,618,WO
query_path_4_14.graph,4,0.1,618,6818444033.0,6982247932.148616,0.02402364796951261,618,0,618,WO
query_path_4_14.graph,5,0.1,618,6818444033.0,6957802748.845099,0.020438492296868494,618,0,618,WO
query_path_4_14.graph,1,0.1,618,6818444033.0,6844834145.956599,0.0038704010517467036,618,0,618,MAB
query_path_4_14.graph,2,0.1,618,6818444033.0,7391991708.32638,0.08411709072488031,618,0,618,MAB
query_path_4_14.graph,3,0.1,618,6818444033.0,6584449000.072104,0.03431795169035679,618,0,618,MAB
query_path_4_14.graph,4,0.1,618,6818444033.0,6940488548.218759,0.01789917386255366,618,0,618,MAB
query_path_4_14.graph,5,0.1,618,6818444033.0,7243597699.9636965,0.062353473153996995,618,0,618,MAB
query_path_4_14.graph,1,0.1,618,6818444033.0,6985603045.603319,0.02451571235230511,618,0,618,8_POSSA
query_path_4_14.graph,2,0.1,618,6818444033.0,7009894285.543701,0.02807829053331194,618,0,618,8_POSSA
query_path_4_14.graph,3,0.1,618,6818444033.0,7008294998.273369,0.02784373742081412,618,0,618,8_POSSA
query_path_4_14.graph,4,0.1,618,6818444033.0,6992412259.353403,0.025514358629539123,618,0,618,8_POSSA
query_path_4_14.graph,5,0.1,618,6818444033.0,6989251034.048769,0.025050730081833172,618,0,618,8_POSSA
query_path_4_3.graph,1,0.1,623,6818444033.0,2390723793.078783,0.6493739947841289,623,0,623,UN
query_path_4_3.graph,2,0.1,623,6818444033.0,33912550564.729866,3.9736494720202193,623,0,623,UN
query_path_4_3.graph,3,0.1,623,6818444033.0,25155769935.567345,2.689371037412363,623,0,623,UN
query_path_4_3.graph,4,0.1,623,6818444033.0,4546713598.402765,0.33317431713195594,623,0,623,UN
query_path_4_3.graph,5,0.1,623,6818444033.0,26111358570.60056,2.8295186473961573,623,0,623,UN
query_path_4_3.graph,1,0.1,623,6818444033.0,7496750767.368249,0.0994811618435776,623,0,623,PO
query_path_4_3.graph,2,0.1,623,6818444033.0,6994892474.460396,0.025878109522703155,623,0,623,PO
query_path_4_3.graph,3,0.1,623,6818444033.0,7285366576.734466,0.06847933949074707,623,0,623,PO
query_path_4_3.graph,4,0.1,623,6818444033.0,6642850018.720799,0.025752798355366445,623,0,623,PO
query_path_4_3.graph,5,0.1,623,6818444033.0,4504354894.933445,0.33938668805768507,623,0,623,PO
query_path_4_3.graph,1,0.1,623,6818444033.0,6800432098.580875,0.002641648788484615,623,0,623,WO
query_path_4_3.graph,2,0.1,623,6818444033.0,6928508446.219582,0.016142159807558783,623,0,623,WO
query_path_4_3.graph,3,0.1,623,6818444033.0,6921639340.917107,0.015134729773781313,623,0,623,WO
query_path_4_3.graph,4,0.1,623,6818444033.0,6836118009.753399,0.002592083570365928,623,0,623,WO
query_path_4_3.graph,5,0.1,623,6818444033.0,6879871058.201113,0.009008950561714283,623,0,623,WO
query_path_4_3.graph,1,0.1,623,6818444033.0,6888388153.331292,0.010258076475039705,623,0,623,MAB
query_path_4_3.graph,2,0.1,623,6818444033.0,7064865261.066721,0.03614039022306088,623,0,623,MAB
query_path_4_3.graph,3,0.1,623,6818444033.0,6598340825.570705,0.03228056230483612,623,0,623,MAB
query_path_4_3.graph,4,0.1,623,6818444033.0,6874408553.647278,0.008207814037399144,623,0,623,MAB
query_path_4_3.graph,5,0.1,623,6818444033.0,7100571584.371757,0.041377116246215664,623,0,623,MAB
query_path_4_3.graph,1,0.1,623,6818444033.0,6849963794.102415,0.004622720513634094,623,0,623,8_POSSA
query_path_4_3.graph,2,0.1,623,6818444033.0,6835305812.54843,0.0024729658946854396,623,0,623,8_POSSA
query_path_4_3.graph,3,0.1,623,6818444033.0,6854087111.0478115,0.005227450408818441,623,0,623,8_POSSA
query_path_4_3.graph,4,0.1,623,6818444033.0,6829306674.192724,0.0015931261062129521,623,0,623,8_POSSA
query_path_4_3.graph,5,0.1,623,6818444033.0,6847512283.545423,0.004263179459234047,623,0,623,8_POSSA
query_path_6_100.graph,1,0.1,442,2729535768.0,185454483.99821112,0.932056400882375,442,0,442,UN
query_path_6_100.graph,2,0.1,442,2729535768.0,789707252.6573126,0.7106807458192969,442,0,442,UN
query_path_6_100.graph,3,0.1,442,2729535768.0,2371799143.3992887,0.13106134339570646,442,0,442,UN
query_path_6_100.graph,4,0.1,442,2729535768.0,838808293.2419944,0.6926919577036316,442,0,442,UN
query_path_6_100.graph,5,0.1,442,2729535768.0,6593489444.481188,1.4156083689324228,442,0,442,UN
query_path_6_100.graph,1,0.1,442,2729535768.0,2437275990.714631,0.10707307107373612,442,0,442,PO
query_path_6_100.graph,2,0.1,442,2729535768.0,2559288204.7009535,0.06237235111368085,442,0,442,PO
query_path_6_100.graph,3,0.1,442,2729535768.0,2734461906.499562,0.0018047532321480782,442,0,442,PO
query_path_6_100.graph,4,0.1,442,2729535768.0,2615642347.112283,0.04172629727844503,442,0,442,PO
query_path_6_100.graph,5,0.1,442,2729535768.0,2504158286.354953,0.08256989495696808,442,0,442,PO
query_path_6_100.graph,1,0.1,442,2729535768.0,2584031842.1720085,0.05330720613146824,442,0,442,WO
query_path_6_100.graph,2,0.1,442,2729535768.0,2624845929.3637466,0.03835444835110633,442,0,442,WO
query_path_6_100.graph,3,0.1,442,2729535768.0,2610691646.978894,0.0435400489762352,442,0,442,WO
query_path_6_100.graph,4,0.1,442,2729535768.0,2580586992.4565763,0.05456927045603883,442,0,442,WO
query_path_6_100.graph,5,0.1,442,2729535768.0,2612680585.8979273,0.042811376012007886,442,0,442,WO
query_path_6_100.graph,1,0.1,442,2729535768.0,2491341859.653885,0.08726535520750689,442,0,442,MAB
query_path_6_100.graph,2,0.1,442,2729535768.0,2550536086.3650074,0.06557880051747782,442,0,442,MAB
query_path_6_100.graph,3,0.1,442,2729535768.0,2557347694.4082074,0.06308328163728705,442,0,442,MAB
query_path_6_100.graph,4,0.1,442,2729535768.0,2688923626.34283,0.014878772475997764,442,0,442,MAB
query_path_6_100.graph,5,0.1,442,2729535768.0,2818702563.5206556,0.03266738489600025,442,0,442,MAB
query_path_6_100.graph,1,0.1,442,2729535768.0,2625744083.9058037,0.0380253980588967,442,0,442,8_POSSA
query_path_6_100.graph,2,0.1,442,2729535768.0,2625415705.007136,0.03814570382756169,442,0,442,8_POSSA
query_path_6_100.graph,3,0.1,442,2729535768.0,2625202469.8878217,0.03822382521428762,442,0,442,8_POSSA
query_path_6_100.graph,4,0.1,442,2729535768.0,2628960013.270044,0.036847201604414424,442,0,442,8_POSSA
query_path_6_100.graph,5,0.1,442,2729535768.0,2629356479.3746743,0.03670195122547509,442,0,442,8_POSSA
query_path_6_107.graph,1,0.1,275,2810441602.0,1311484532.8555243,0.5333528610157813,275,0,275,UN
query_path_6_107.graph,2,0.1,275,2810441602.0,1267204763.221534,0.5491083101247325,275,0,275,UN
query_path_6_107.graph,3,0.1,275,2810441602.0,2846146392.1005564,0.012704334463006705,275,0,275,UN
query_path_6_107.graph,4,0.1,275,2810441602.0,2103818263.4363186,0.2514278674429049,275,0,275,UN
query_path_6_107.graph,5,0.1,275,2810441602.0,854042586.6585099,0.6961180100484046,275,0,275,UN
query_path_6_107.graph,1,0.1,275,2810441602.0,2618377092.5625114,0.06833961940387209,275,0,275,PO
query_path_6_107.graph,2,0.1,275,2810441602.0,2514563072.473795,0.1052783054861017,275,0,275,PO
query_path_6_107.graph,3,0.1,275,2810441602.0,2672629325.728573,0.04903580852680075,275,0,275,PO
query_path_6_107.graph,4,0.1,275,2810441602.0,1430014332.6729176,0.4911780655199262,275,0,275,PO
query_path_6_107.graph,5,0.1,275,2810441602.0,2445527926.5811834,0.12984211276944246,275,0,275,PO
query_path_6_107.graph,1,0.1,275,2810441602.0,2479407705.206672,0.1177871465316175,275,0,275,WO
query_path_6_107.graph,2,0.1,275,2810441602.0,2649735416.107379,0.057181827147113604,275,0,275,WO
query_path_6_107.graph,3,0.1,275,2810441602.0,2624981788.4670286,0.06598956313519991,275,0,275,WO
query_path_6_107.graph,4,0.1,275,2810441602.0,2664082501.488265,0.05207690506985847,275,0,275,WO
query_path_6_107.graph,5,0.1,275,2810441602.0,2610894420.196664,0.0710020737172877,275,0,275,WO
query_path_6_107.graph,1,0.1,275,2810441602.0,2425983533.450036,0.13679631993647237,275,0,275,MAB
query_path_6_107.graph,2,0.1,275,2810441602.0,2597593806.174861,0.07573464457459986,275,0,275,MAB
query_path_6_107.graph,3,0.1,275,2810441602.0,2257322755.2178574,0.19680851805941302,275,0,275,MAB
query_path_6_107.graph,4,0.1,275,2810441602.0,2472368129.2916603,0.12029194005232338,275,0,275,MAB
query_path_6_107.graph,5,0.1,275,2810441602.0,2860369279.281242,0.017765064837394866,275,0,275,MAB
query_path_6_107.graph,1,0.1,275,2810441602.0,2509872653.769558,0.10694723135913857,275,0,275,8_POSSA
query_path_6_107.graph,2,0.1,275,2810441602.0,2509344122.7230387,0.10713529114523879,275,0,275,8_POSSA
query_path_6_107.graph,3,0.1,275,2810441602.0,2510765082.0036983,0.10662969114285893,275,0,275,8_POSSA
query_path_6_107.graph,4,0.1,275,2810441602.0,2530603508.5141077,0.09957086220427087,275,0,275,8_POSSA
query_path_6_107.graph,5,0.1,275,2810441602.0,2496367774.2852726,0.11175248312977663,275,0,275,8_POSSA
query_path_4_13.graph,1,0.1,943,134441614.0,328111558.078779,1.4405505729705015,943,0,943,UN
query_path_4_13.graph,2,0.1,943,134441614.0,219235431.8061305,0.6307110966856624,943,0,943,UN
query_path_4_13.graph,3,0.1,943,134441614.0,100252149.74405959,0.2543071541519905,943,0,943,UN
query_path_4_13.graph,4,0.1,943,134441614.0,33640322.844548784,0.74977745473549,943,0,943,UN
query_path_4_13.graph,5,0.1,943,134441614.0,130467615.64690024,0.029559287744788332,943,0,943,UN
query_path_4_13.graph,1,0.1,943,134441614.0,148134820.61305225,0.10185244141038242,943,0,943,PO
query_path_4_13.graph,2,0.1,943,134441614.0,125995865.3949469,0.06282094028604192,943,0,943,PO
query_path_4_13.graph,3,0.1,943,134441614.0,136164740.58558503,0.012816913858123035,943,0,943,PO
query_path_4_13.graph,4,0.1,943,134441614.0,134366110.06575307,0.0005616113344706461,943,0,943,PO
query_path_4_13.graph,5,0.1,943,134441614.0,107805895.04941504,0.19812108883626586,943,0,943,PO
query_path_4_13.graph,1,0.1,943,134441614.0,141874111.8098265,0.0552842054531307,943,0,943,WO
query_path_4_13.graph,2,0.1,943,134441614.0,142202232.13020834,0.05772482120162841,943,0,943,WO
query_path_4_13.graph,3,0.1,943,134441614.0,139323573.55241603,0.03631286033516398,943,0,943,WO
query_path_4_13.graph,4,0.1,943,134441614.0,142605530.02693504,0.06072462077802072,943,0,943,WO
query_path_4_13.graph,5,0.1,943,134441614.0,143869897.71322447,0.07012920652101418,943,0,943,WO
query_path_4_13.graph,1,0.1,943,134441614.0,136174813.99534497,0.012891841623866303,943,0,943,MAB
query_path_4_13.graph,2,0.1,943,134441614.0,137053625.52769944,0.019428593944873652,943,0,943,MAB
query_path_4_13.graph,3,0.1,943,134441614.0,128432413.63094693,0.0446974726817328,943,0,943,MAB
query_path_4_13.graph,4,0.1,943,134441614.0,134528765.95399103,0.0006482513218788469,943,0,943,MAB
query_path_4_13.graph,5,0.1,943,134441614.0,140992023.5075878,0.048723079950437,943,0,943,MAB
query_path_4_13.graph,1,0.1,943,134441614.0,139726244.49640742,0.03930799652857053,943,0,943,8_POSSA
query_path_4_13.graph,2,0.1,943,134441614.0,139516086.10843652,0.03774480205538536,943,0,943,8_POSSA
query_path_4_13.graph,3,0.1,943,134441614.0,138175448.2065227,0.027772905244373987,943,0,943,8_POSSA
query_path_4_13.graph,4,0.1,943,134441614.0,139682788.2141739,0.038984761177992946,943,0,943,8_POSSA
query_path_4_13.graph,5,0.1,943,134441614.0,137675437.06220242,0.02405373578899777,943,0,943,8_POSSA
query_path_6_115.graph,1,0.1,343,1592146312.0,2722182467.935542,0.7097564761595492,343,0,343,UN
query_path_6_115.graph,2,0.1,343,1592146312.0,3746358244.7022924,1.3530238499225895,343,0,343,UN
query_path_6_115.graph,3,0.1,343,1592146312.0,1154018214.5950599,0.27518080097461556,343,0,343,UN
query_path_6_115.graph,4,0.1,343,1592146312.0,2007887240.7036178,0.26111980134625834,343,0,343,UN
query_path_6_115.graph,5,0.1,343,1592146312.0,1193997069.8962843,0.25007076240598397,343,0,343,UN
query_path_6_115.graph,1,0.1,343,1592146312.0,1488055332.357718,0.06537777266935127,343,0,343,PO
query_path_6_115.graph,2,0.1,343,1592146312.0,1739751977.4553952,0.09270860620213855,343,0,343,PO
query_path_6_115.graph,3,0.1,343,1592146312.0,1545571672.3632398,0.02925273844855047,343,0,343,PO
query_path_6_115.graph,4,0.1,343,1592146312.0,1418649928.3927474,0.10897012560944373,343,0,343,PO
query_path_6_115.graph,5,0.1,343,1592146312.0,1464361994.843863,0.08025915469767265,343,0,343,PO
query_path_6_115.graph,1,0.1,343,1592146312.0,1555302744.3729987,0.02314081774351482,343,0,343,WO
query_path_6_115.graph,2,0.1,343,1592146312.0,1567180014.0659213,0.015680906802288088,343,0,343,WO
query_path_6_115.graph,3,0.1,343,1592146312.0,1533907192.997642,0.036578999406907495,343,0,343,WO
query_path_6_115.graph,4,0.1,343,1592146312.0,1496144502.0585742,0.06029710285911575,343,0,343,WO
query_path_6_115.graph,5,0.1,343,1592146312.0,1629913425.3200183,0.02372088107441365,343,0,343,WO
query_path_6_115.graph,1,0.1,343,1592146312.0,1540169325.8253877,0.0326458603602332,343,0,343,MAB
query_path_6_115.graph,2,0.1,343,1592146312.0,1596370330.7003992,0.002653034252293743,343,0,343,MAB
query_path_6_115.graph,3,0.1,343,1592146312.0,1592113642.2710173,2.0519300730375963e-05,343,0,343,MAB
query_path_6_115.graph,4,0.1,343,1592146312.0,1647403159.08423,0.03470588517384321,343,0,343,MAB
query_path_6_115.graph,5,0.1,343,1592146312.0,1487874166.809292,0.06549155966685298,343,0,343,MAB
query_path_6_115.graph,1,0.1,343,1592146312.0,1542165567.7929647,0.031392054756733505,343,0,343,8_POSSA
query_path_6_115.graph,2,0.1,343,1592146312.0,1544880749.2256966,0.02968669551162672,343,0,343,8_POSSA
query_path_6_115.graph,3,0.1,343,1592146312.0,1544065966.7533927,0.03019844651476183,343,0,343,8_POSSA
query_path_6_115.graph,4,0.1,343,1592146312.0,1540955961.6097426,0.032151787812738,343,0,343,8_POSSA
query_path_6_115.graph,5,0.1,343,1592146312.0,1546215490.1947713,0.028848367426440837,343,0,343,8_POSSA
query_path_4_18.graph,1,0.1,943,134441614.0,67988163.41676715,0.49429227012428495,943,0,943,UN
query_path_4_18.graph,2,0.1,943,134441614.0,124779711.50842875,0.07186690343937144,943,0,943,UN
query_path_4_18.graph,3,0.1,943,134441614.0,91767825.9390628,0.317415023453506,943,0,943,UN
query_path_4_18.graph,4,0.1,943,134441614.0,130635030.66258349,0.028314025874581622,943,0,943,UN
query_path_4_18.graph,5,0.1,943,134441614.0,69217275.66703403,0.4851499204179888,943,0,943,UN
query_path_4_18.graph,1,0.1,943,134441614.0,136571261.68571046,0.015840688179408945,943,0,943,PO
query_path_4_18.graph,2,0.1,943,134441614.0,133499682.59716918,0.007006248845173967,943,0,943,PO
query_path_4_18.graph,3,0.1,943,134441614.0,142624060.57691762,0.06086245421687379,943,0,943,PO
query_path_4_18.graph,4,0.1,943,134441614.0,124546301.37154037,0.07360304844644035,943,0,943,PO
query_path_4_18.graph,5,0.1,943,134441614.0,140026185.3612875,0.04153900860850648,943,0,943,PO
query_path_4_18.graph,1,0.1,943,134441614.0,129380007.03350542,0.03764910890235649,943,0,943,WO
query_path_4_18.graph,2,0.1,943,134441614.0,139934571.34055614,0.040857567661722244,943,0,943,WO
query_path_4_18.graph,3,0.1,943,134441614.0,131043863.93846235,0.025273053189748623,943,0,943,WO
query_path_4_18.graph,4,0.1,943,134441614.0,130453866.11590189,0.029661559136727654,943,0,943,WO
query_path_4_18.graph,5,0.1,943,134441614.0,131475266.96607949,0.022064202784120933,943,0,943,WO
query_path_4_18.graph,1,0.1,943,134441614.0,131346109.62069863,0.023024897479298107,943,0,943,MAB
query_path_4_18.graph,2,0.1,943,134441614.0,129985691.14036681,0.03314392565707514,943,0,943,MAB
query_path_4_18.graph,3,0.1,943,134441614.0,134412254.7505574,0.00021837918014437974,943,0,943,MAB
query_path_4_18.graph,4,0.1,943,134441614.0,144077559.7555393,0.07167383274303221,943,0,943,MAB
query_path_4_18.graph,5,0.1,943,134441614.0,136387702.77954617,0.014475345256909602,943,0,943,MAB
query_path_4_18.graph,1,0.1,943,134441614.0,137045116.78725177,0.019365304460356825,943,0,943,8_POSSA
query_path_4_18.graph,2,0.1,943,134441614.0,137561306.54539132,0.02320481324622688,943,0,943,8_POSSA
query_path_4_18.graph,3,0.1,943,134441614.0,136622038.95862854,0.016218378326137435,943,0,943,8_POSSA
query_path_4_18.graph,4,0.1,943,134441614.0,136306323.06877112,0.01387002887938495,943,0,943,8_POSSA
query_path_4_18.graph,5,0.1,943,134441614.0,136697590.93139297,0.016780346979417902,943,0,943,8_POSSA
query_path_6_127.graph,1,0.1,504,1028759724.0,333948471.3016092,0.6753873003472973,504,0,504,UN
query_path_6_127.graph,2,0.1,504,1028759724.0,2196694248.798688,1.1352840683318663,504,0,504,UN
query_path_6_127.graph,3,0.1,504,1028759724.0,5061465769.072983,3.919968823617149,504,0,504,UN
query_path_6_127.graph,4,0.1,504,1028759724.0,295865588.5946478,0.7124055484556976,504,0,504,UN
query_path_6_127.graph,5,0.1,504,1028759724.0,4074210249.3875666,2.960312747806957,504,0,504,UN
query_path_6_127.graph,1,0.1,504,1028759724.0,1036378845.410488,0.007406123347115025,504,0,504,PO
query_path_6_127.graph,2,0.1,504,1028759724.0,859255560.5974305,0.1647655516134587,504,0,504,PO
query_path_6_127.graph,3,0.1,504,1028759724.0,1029532945.1220082,0.0007516051649084626,504,0,504,PO
query_path_6_127.graph,4,0.1,504,1028759724.0,1321463728.0201747,0.2845212513589565,504,0,504,PO
query_path_6_127.graph,5,0.1,504,1028759724.0,1039806841.4726576,0.010738287293853625,504,0,504,PO
query_path_6_127.graph,1,0.1,504,1028759724.0,1018394895.2234277,0.010075072472969739,504,0,504,WO
query_path_6_127.graph,2,0.1,504,1028759724.0,1034234807.9420056,0.005322024000626247,504,0,504,WO
query_path_6_127.graph,3,0.1,504,1028759724.0,1015670149.8224249,0.012723645640675482,504,0,504,WO
query_path_6_127.graph,4,0.1,504,1028759724.0,1035950775.6049172,0.006990020543336481,504,0,504,WO
query_path_6_127.graph,5,0.1,504,1028759724.0,1025363177.6724395,0.003301593412263624,504,0,504,WO
query_path_6_127.graph,1,0.1,504,1028759724.0,1021497283.2197802,0.007059413982481874,504,0,504,MAB
query_path_6_127.graph,2,0.1,504,1028759724.0,919179762.9693364,0.1065165737676795,504,0,504,MAB
query_path_6_127.graph,3,0.1,504,1028759724.0,1001969218.7100135,0.02604155728980161,504,0,504,MAB
query_path_6_127.graph,4,0.1,504,1028759724.0,1051101548.8081747,0.021717242896432374,504,0,504,MAB
query_path_6_127.graph,5,0.1,504,1028759724.0,1071397599.0963584,0.0414459023828954,504,0,504,MAB
query_path_6_127.graph,1,0.1,504,1028759724.0,1032757624.5086598,0.0038861363012106407,504,0,504,8_POSSA
query_path_6_127.graph,2,0.1,504,1028759724.0,1039869679.7404556,0.010799368872313694,504,0,504,8_POSSA
query_path_6_127.graph,3,0.1,504,1028759724.0,1032118289.6587667,0.0032646745206043335,504,0,504,8_POSSA
query_path_6_127.graph,4,0.1,504,1028759724.0,1030612082.5392871,0.0018005745132447374,504,0,504,8_POSSA
query_path_6_127.graph,5,0.1,504,1028759724.0,1039282603.7331564,0.01022870500046563,504,0,504,8_POSSA
query_path_6_120.graph,1,0.1,378,11490080461.0,50436157322.711,3.3895390892955906,378,0,378,UN
query_path_6_120.graph,2,0.1,378,11490080461.0,50829937026.919,3.4238103640307482,378,0,378,UN
query_path_6_120.graph,3,0.1,378,11490080461.0,1353381028.9850001,0.8822130938439735,378,0,378,UN
query_path_6_120.graph,4,0.1,378,11490080461.0,59341734389.41499,4.164605643174964,378,0,378,UN
query_path_6_120.graph,5,0.1,378,11490080461.0,1482955564.274,0.8709360156956694,378,0,378,UN
query_path_6_120.graph,1,0.1,378,11490080461.0,11949694739.80034,0.04000096260077361,378,0,378,PO
query_path_6_120.graph,2,0.1,378,11490080461.0,13397150573.303186,0.16597534880423379,378,0,378,PO
query_path_6_120.graph,3,0.1,378,11490080461.0,11015841600.217232,0.04127376325974783,378,0,378,PO
query_path_6_120.graph,4,0.1,378,11490080461.0,12255341815.813938,0.06660191435659765,378,0,378,PO
query_path_6_120.graph,5,0.1,378,11490080461.0,10014657260.631397,0.1284084306786651,378,0,378,PO
query_path_6_120.graph,1,0.1,378,11490080461.0,11621554289.692347,0.011442376677743839,378,0,378,WO
query_path_6_120.graph,2,0.1,378,11490080461.0,11355328881.84249,0.011727644520409487,378,0,378,WO
query_path_6_120.graph,3,0.1,378,11490080461.0,11317377258.242096,0.015030634758746799,378,0,378,WO
query_path_6_120.graph,4,0.1,378,11490080461.0,11645804053.122229,0.013552872205794436,378,0,378,WO
query_path_6_120.graph,5,0.1,378,11490080461.0,11943845659.44498,0.03949190782302744,378,0,378,WO
query_path_6_120.graph,1,0.1,378,11490080461.0,11848305950.96353,0.031176934850841997,378,0,378,MAB
query_path_6_120.graph,2,0.1,378,11490080461.0,12519177597.164528,0.0895639625551381,378,0,378,MAB
query_path_6_120.graph,3,0.1,378,11490080461.0,11697390856.061527,0.01804255381545733,378,0,378,MAB
query_path_6_120.graph,4,0.1,378,11490080461.0,11839404752.20671,0.030402249348244214,378,0,378,MAB
query_path_6_120.graph,5,0.1,378,11490080461.0,12081090504.203112,0.05143654521908153,378,0,378,MAB
query_path_6_120.graph,1,0.1,378,11490080461.0,11709969036.94956,0.01913725292837705,378,0,378,8_POSSA
query_path_6_120.graph,2,0.1,378,11490080461.0,11656757458.860332,0.014506164550028428,378,0,378,8_POSSA
query_path_6_120.graph,3,0.1,378,11490080461.0,11661188117.565992,0.01489177183282323,378,0,378,8_POSSA
query_path_6_120.graph,4,0.1,378,11490080461.0,11616281595.787514,0.010983485730658691,378,0,378,8_POSSA
query_path_6_120.graph,5,0.1,378,11490080461.0,11667498751.77071,0.015440996377084465,378,0,378,8_POSSA
query_path_6_113.graph,1,0.1,406,1706860585.0,690248994.3318226,0.5956031790775562,406,0,406,UN
query_path_6_113.graph,2,0.1,406,1706860585.0,2258551295.9170847,0.3232195504222067,406,0,406,UN
query_path_6_113.graph,3,0.1,406,1706860585.0,352957290.7638689,0.793212583461309,406,0,406,UN
query_path_6_113.graph,4,0.1,406,1706860585.0,7641757188.144657,3.4770833981995413,406,0,406,UN
query_path_6_113.graph,5,0.1,406,1706860585.0,839348076.379895,0.5082503610686546,406,0,406,UN
query_path_6_113.graph,1,0.1,406,1706860585.0,1761257230.6253557,0.03186941341513005,406,0,406,PO
query_path_6_113.graph,2,0.1,406,1706860585.0,2156097343.340545,0.2631947578428294,406,0,406,PO
query_path_6_113.graph,3,0.1,406,1706860585.0,1760402851.7306976,0.03136885765670055,406,0,406,PO
query_path_6_113.graph,4,0.1,406,1706860585.0,1859262585.0245183,0.08928790163873768,406,0,406,PO
query_path_6_113.graph,5,0.1,406,1706860585.0,1773755718.5722585,0.03919191418451934,406,0,406,PO
query_path_6_113.graph,1,0.1,406,1706860585.0,1795041372.943436,0.051662560327641466,406,0,406,WO
query_path_6_113.graph,2,0.1,406,1706860585.0,1763782500.135114,0.03334889541380672,406,0,406,WO
query_path_6_113.graph,3,0.1,406,1706860585.0,1707514029.3554332,0.0003828340528662601,406,0,406,WO
query_path_6_113.graph,4,0.1,406,1706860585.0,1744652575.9413218,0.022141228916667408,406,0,406,WO
query_path_6_113.graph,5,0.1,406,1706860585.0,1785563186.681929,0.04610956651853854,406,0,406,WO
query_path_6_113.graph,1,0.1,406,1706860585.0,1826068634.3169675,0.0698405308345482,406,0,406,MAB
query_path_6_113.graph,2,0.1,406,1706860585.0,1750515759.3846896,0.02557629765918437,406,0,406,MAB
query_path_6_113.graph,3,0.1,406,1706860585.0,1825278025.270713,0.06937733597657192,406,0,406,MAB
query_path_6_113.graph,4,0.1,406,1706860585.0,1860194302.4146912,0.08983376777353565,406,0,406,MAB
query_path_6_113.graph,5,0.1,406,1706860585.0,1758853762.935076,0.030461291561827235,406,0,406,MAB
query_path_6_113.graph,1,0.1,406,1706860585.0,1766358225.5331035,0.03485793805069526,406,0,406,8_POSSA
query_path_6_113.graph,2,0.1,406,1706860585.0,1763178823.1126719,0.03299521859465274,406,0,406,8_POSSA
query_path_6_113.graph,3,0.1,406,1706860585.0,1763567185.6494105,0.03322274891561251,406,0,406,8_POSSA
query_path_6_113.graph,4,0.1,406,1706860585.0,1763749234.2294674,0.033329405886695425,406,0,406,8_POSSA
query_path_6_113.graph,5,0.1,406,1706860585.0,1763411964.36869,0.03313180927936772,406,0,406,8_POSSA
query_path_6_122.graph,1,0.1,409,1706860585.0,3683594957.955849,1.158111207398845,409,0,409,UN
query_path_6_122.graph,2,0.1,409,1706860585.0,1518490133.157589,0.11036077199146938,409,0,409,UN
query_path_6_122.graph,3,0.1,409,1706860585.0,227682193.16545355,0.8666076215208558,409,0,409,UN
query_path_6_122.graph,4,0.1,409,1706860585.0,701408874.4005936,0.5890649297519553,409,0,409,UN
query_path_6_122.graph,5,0.1,409,1706860585.0,289351070.12483746,0.8304776191637014,409,0,409,UN
query_path_6_122.graph,1,0.1,409,1706860585.0,1599136170.2019103,0.06311260318785189,409,0,409,PO
query_path_6_122.graph,2,0.1,409,1706860585.0,1744948296.004256,0.022314482705250358,409,0,409,PO
query_path_6_122.graph,3,0.1,409,1706860585.0,1656776026.8530047,0.029343086709683032,409,0,409,PO
query_path_6_122.graph,4,0.1,409,1706860585.0,1732851463.3464293,0.015227300094008175,409,0,409,PO
query_path_6_122.graph,5,0.1,409,1706860585.0,1562884842.3396137,0.08435120239207253,409,0,409,PO
query_path_6_122.graph,1,0.1,409,1706860585.0,1652125607.880195,0.03206763200276553,409,0,409,WO
query_path_6_122.graph,2,0.1,409,1706860585.0,1644577006.3020492,0.03649013823700829,409,0,409,WO
query_path_6_122.graph,3,0.1,409,1706860585.0,1637831069.876365,0.04044238629110711,409,0,409,WO
query_path_6_122.graph,4,0.1,409,1706860585.0,1634225167.2948813,0.042554979793571514,409,0,409,WO
query_path_6_122.graph,5,0.1,409,1706860585.0,1672292457.1473823,0.020252461247511754,409,0,409,WO
query_path_6_122.graph,1,0.1,409,1706860585.0,1605228043.3664482,0.059543551785485656,409,0,409,MAB
query_path_6_122.graph,2,0.1,409,1706860585.0,1637773433.851292,0.04047615356277508,409,0,409,MAB
query_path_6_122.graph,3,0.1,409,1706860585.0,1613659014.0454195,0.054604091144667535,409,0,409,MAB
query_path_6_122.graph,4,0.1,409,1706860585.0,1633665828.9165456,0.04288267989002416,409,0,409,MAB
query_path_6_122.graph,5,0.1,409,1706860585.0,1727031146.7550228,0.011817345793958189,409,0,409,MAB
query_path_6_122.graph,1,0.1,409,1706860585.0,1646288726.1385336,0.0354872913428172,409,0,409,8_POSSA
query_path_6_122.graph,2,0.1,409,1706860585.0,1648255719.0253294,0.03433488738898417,409,0,409,8_POSSA
query_path_6_122.graph,3,0.1,409,1706860585.0,1658274405.7703001,0.028465230058434942,409,0,409,8_POSSA
query_path_6_122.graph,4,0.1,409,1706860585.0,1646206114.8036637,0.03553569092248754,409,0,409,8_POSSA
query_path_6_122.graph,5,0.1,409,1706860585.0,1649070762.4152398,0.03385737715934204,409,0,409,8_POSSA
query_path_6_119.graph,1,0.1,399,3299011637.0,2009960803.9027333,0.3907384922926438,399,0,399,UN
query_path_6_119.graph,2,0.1,399,3299011637.0,1089511977.6762066,0.6697459428585196,399,0,399,UN
query_path_6_119.graph,3,0.1,399,3299011637.0,1474532626.8170104,0.5530380644071033,399,0,399,UN
query_path_6_119.graph,4,0.1,399,3299011637.0,3791616051.1040335,0.14931878644477586,399,0,399,UN
query_path_6_119.graph,5,0.1,399,3299011637.0,2033965681.9787552,0.3834621075091542,399,0,399,UN
query_path_6_119.graph,1,0.1,399,3299011637.0,3837301964.58871,0.1631671502917799,399,0,399,PO
query_path_6_119.graph,2,0.1,399,3299011637.0,3157717834.2471437,0.04282913135806446,399,0,399,PO
query_path_6_119.graph,3,0.1,399,3299011637.0,3274602689.8871627,0.007398866629956454,399,0,399,PO
query_path_6_119.graph,4,0.1,399,3299011637.0,3165823556.971101,0.04037211585892299,399,0,399,PO
query_path_6_119.graph,5,0.1,399,3299011637.0,3128122223.2976713,0.05180018517840975,399,0,399,PO
query_path_6_119.graph,1,0.1,399,3299011637.0,3160117749.1887856,0.04210166652746925,399,0,399,WO
query_path_6_119.graph,2,0.1,399,3299011637.0,3273281113.175994,0.007799464401830505,399,0,399,WO
query_path_6_119.graph,3,0.1,399,3299011637.0,3257071811.7124834,0.012712845513226238,399,0,399,WO
query_path_6_119.graph,4,0.1,399,3299011637.0,3263758048.8830466,0.010686106020835893,399,0,399,WO
query_path_6_119.graph,5,0.1,399,3299011637.0,3061707135.900367,0.07193199879568452,399,0,399,WO
query_path_6_119.graph,1,0.1,399,3299011637.0,3049520272.2329288,0.07562609418193794,399,0,399,MAB
query_path_6_119.graph,2,0.1,399,3299011637.0,3245576499.8412066,0.016197316965933895,399,0,399,MAB
query_path_6_119.graph,3,0.1,399,3299011637.0,2994181588.2943697,0.09240041632069887,399,0,399,MAB
query_path_6_119.graph,4,0.1,399,3299011637.0,3160735184.7562017,0.04191450878589255,399,0,399,MAB
query_path_6_119.graph,5,0.1,399,3299011637.0,2904552544.84935,0.11956886957493627,399,0,399,MAB
query_path_6_119.graph,1,0.1,399,3299011637.0,3192243215.1357784,0.03236376030528733,399,0,399,8_POSSA
query_path_6_119.graph,2,0.1,399,3299011637.0,3209984031.2297893,0.026986144811289352,399,0,399,8_POSSA
query_path_6_119.graph,3,0.1,399,3299011637.0,3216333404.549078,0.025061515856338888,399,0,399,8_POSSA
query_path_6_119.graph,4,0.1,399,3299011637.0,3216502308.539039,0.025010317494967012,399,0,399,8_POSSA
query_path_6_119.graph,5,0.1,399,3299011637.0,3199559207.320981,0.030146128787062226,399,0,399,8_POSSA
query_path_6_22.graph,1,0.1,466,2453570105.0,3777559273.7752414,0.5396174195622755,466,0,466,UN
query_path_6_22.graph,2,0.1,466,2453570105.0,244351351.9371309,0.9004098756179086,466,0,466,UN
query_path_6_22.graph,3,0.1,466,2453570105.0,2449124788.4762864,0.0018117748152599,466,0,466,UN
query_path_6_22.graph,4,0.1,466,2453570105.0,599659189.6002619,0.7555972872434954,466,0,466,UN
query_path_6_22.graph,5,0.1,466,2453570105.0,1664993452.3765817,0.32139968245309963,466,0,466,UN
query_path_6_22.graph,1,0.1,466,2453570105.0,2301351117.9576836,0.06203979528936934,466,0,466,PO
query_path_6_22.graph,2,0.1,466,2453570105.0,2641228503.2859855,0.07648381348613859,466,0,466,PO
query_path_6_22.graph,3,0.1,466,2453570105.0,2842858794.008874,0.15866214224552347,466,0,466,PO
query_path_6_22.graph,4,0.1,466,2453570105.0,2883110931.4325,0.17506768017639338,466,0,466,PO
query_path_6_22.graph,5,0.1,466,2453570105.0,2309188966.6259785,0.058845328315581806,466,0,466,PO
query_path_6_22.graph,1,0.1,466,2453570105.0,2418052283.139867,0.014475975961621514,466,0,466,WO
query_path_6_22.graph,2,0.1,466,2453570105.0,2341178636.993164,0.04580731880364834,466,0,466,WO
query_path_6_22.graph,3,0.1,466,2453570105.0,2412206416.442544,0.016858572116265663,466,0,466,WO
query_path_6_22.graph,4,0.1,466,2453570105.0,2390284351.328011,0.02579333418801537,466,0,466,WO
query_path_6_22.graph,5,0.1,466,2453570105.0,2381529116.7103863,0.029361699567012668,466,0,466,WO
query_path_6_22.graph,1,0.1,466,2453570105.0,2444269322.8405995,0.0037907138420242787,466,0,466,MAB
query_path_6_22.graph,2,0.1,466,2453570105.0,2316326228.5299625,0.05593639904168846,466,0,466,MAB
query_path_6_22.graph,3,0.1,466,2453570105.0,2201643248.463091,0.10267766795149678,466,0,466,MAB
query_path_6_22.graph,4,0.1,466,2453570105.0,2417176875.4171605,0.014832765327828075,466,0,466,MAB
query_path_6_22.graph,5,0.1,466,2453570105.0,2478598137.0490847,0.010200659030724807,466,0,466,MAB
query_path_6_22.graph,1,0.1,466,2453570105.0,2360916607.990297,0.03776272657581274,466,0,466,8_POSSA
query_path_6_22.graph,2,0.1,466,2453570105.0,2352706129.136569,0.0411090661961872,466,0,466,8_POSSA
query_path_6_22.graph,3,0.1,466,2453570105.0,2352801566.621231,0.04107016880154273,466,0,466,8_POSSA
query_path_6_22.graph,4,0.1,466,2453570105.0,2351845608.4838676,0.041459788048783856,466,0,466,8_POSSA
query_path_6_22.graph,5,0.1,466,2453570105.0,2361742679.978531,0.03742604494338225,466,0,466,8_POSSA
query_path_6_117.graph,1,0.1,581,555182616.0,330960884.9694722,0.40387023038655046,581,0,581,UN
query_path_6_117.graph,2,0.1,581,555182616.0,314621204.5854381,0.4333014119710152,581,0,581,UN
query_path_6_117.graph,3,0.1,581,555182616.0,671112840.1530875,0.20881457886478114,581,0,581,UN
query_path_6_117.graph,4,0.1,581,555182616.0,660900539.9148171,0.19042009037764449,581,0,581,UN
query_path_6_117.graph,5,0.1,581,555182616.0,303173545.4504188,0.45392104018901996,581,0,581,UN
query_path_6_117.graph,1,0.1,581,555182616.0,459929577.3642713,0.17157064340740943,581,0,581,PO
query_path_6_117.graph,2,0.1,581,555182616.0,462737718.64073116,0.1665125936855142,581,0,581,PO
query_path_6_117.graph,3,0.1,581,555182616.0,454158041.74585295,0.1819663860911435,581,0,581,PO
query_path_6_117.graph,4,0.1,581,555182616.0,459865907.9011785,0.17168532542600634,581,0,581,PO
query_path_6_117.graph,5,0.1,581,555182616.0,463827068.32738316,0.1645504470777897,581,0,581,PO
query_path_6_117.graph,1,0.1,581,555182616.0,432973233.35978657,0.22012465649719376,581,0,581,WO
query_path_6_117.graph,2,0.1,581,555182616.0,476569335.97296417,0.14159895818322207,581,0,581,WO
query_path_6_117.graph,3,0.1,581,555182616.0,526948752.38204163,0.05085509308879075,581,0,581,WO
query_path_6_117.graph,4,0.1,581,555182616.0,595421590.7628504,0.0724788089597719,581,0,581,WO
query_path_6_117.graph,5,0.1,581,555182616.0,525242388.9803567,0.05392861043697252,581,0,581,WO
query_path_6_117.graph,1,0.1,581,555182616.0,508798158.2151379,0.08354810912318282,581,0,581,MAB
query_path_6_117.graph,2,0.1,581,555182616.0,446874710.75215507,0.1950851884163551,581,0,581,MAB
query_path_6_117.graph,3,0.1,581,555182616.0,439209988.6182616,0.2088909559476164,581,0,581,MAB
query_path_6_117.graph,4,0.1,581,555182616.0,504423300.30560094,0.09142814315785251,581,0,581,MAB
query_path_6_117.graph,5,0.1,581,555182616.0,531352222.6471634,0.04292352221784374,581,0,581,MAB
query_path_6_117.graph,1,0.1,581,555182616.0,481780524.52113175,0.1322125177616661,581,0,581,8_POSSA
query_path_6_117.graph,2,0.1,581,555182616.0,504720571.27115965,0.09089269597886752,581,0,581,8_POSSA
query_path_6_117.graph,3,0.1,581,555182616.0,483996242.3380103,0.128221546587456,581,0,581,8_POSSA
query_path_6_117.graph,4,0.1,581,555182616.0,474033916.66925585,0.14616577859625227,581,0,581,8_POSSA
query_path_6_117.graph,5,0.1,581,555182616.0,489625661.4966603,0.11808178536941025,581,0,581,8_POSSA
query_path_6_125.graph,1,0.1,368,11490080461.0,7714408365.180627,0.3286027551012267,368,0,368,UN
query_path_6_125.graph,2,0.1,368,11490080461.0,3311450230.876143,0.7117992130589534,368,0,368,UN
query_path_6_125.graph,3,0.1,368,11490080461.0,4474520114.002139,0.6105753889896856,368,0,368,UN
query_path_6_125.graph,4,0.1,368,11490080461.0,57669233065.218895,4.019045189540809,368,0,368,UN
query_path_6_125.graph,5,0.1,368,11490080461.0,616257037.4413152,0.9463661686675707,368,0,368,UN
query_path_6_125.graph,1,0.1,368,11490080461.0,11879315126.293879,0.03387571276067486,368,0,368,PO
query_path_6_125.graph,2,0.1,368,11490080461.0,11523750994.194468,0.002930400122849718,368,0,368,PO
query_path_6_125.graph,3,0.1,368,11490080461.0,12079158641.449808,0.05126841212724978,368,0,368,PO
query_path_6_125.graph,4,0.1,368,11490080461.0,12751630629.76983,0.10979472015464337,368,0,368,PO
query_path_6_125.graph,5,0.1,368,11490080461.0,12118575803.584969,0.05469895051807754,368,0,368,PO
query_path_6_125.graph,1,0.1,368,11490080461.0,11467744603.518139,0.0019439252455780618,368,0,368,WO
query_path_6_125.graph,2,0.1,368,11490080461.0,11218139705.854937,0.02366743697470992,368,0,368,WO
query_path_6_125.graph,3,0.1,368,11490080461.0,11052990368.814322,0.038040646770861504,368,0,368,WO
query_path_6_125.graph,4,0.1,368,11490080461.0,11196553993.405605,0.02554607590353189,368,0,368,WO
query_path_6_125.graph,5,0.1,368,11490080461.0,11305843590.660318,0.016034428215278763,368,0,368,WO
query_path_6_125.graph,1,0.1,368,11490080461.0,11759608847.71407,0.023457484708563292,368,0,368,MAB
query_path_6_125.graph,2,0.1,368,11490080461.0,12288746624.124727,0.06950918801966492,368,0,368,MAB
query_path_6_125.graph,3,0.1,368,11490080461.0,11029367106.644253,0.040096616896593135,368,0,368,MAB
query_path_6_125.graph,4,0.1,368,11490080461.0,11545149969.008543,0.004792786977903393,368,0,368,MAB
query_path_6_125.graph,5,0.1,368,11490080461.0,11648566020.37705,0.013793250614300498,368,0,368,MAB
query_path_6_125.graph,1,0.1,368,11490080461.0,11527444479.653603,0.00325185004408148,368,0,368,8_POSSA
query_path_6_125.graph,2,0.1,368,11490080461.0,11512073926.025257,0.001914126284833952,368,0,368,8_POSSA
query_path_6_125.graph,3,0.1,368,11490080461.0,11487239819.949055,0.0002472255142674655,368,0,368,8_POSSA
query_path_6_125.graph,4,0.1,368,11490080461.0,11482769240.686104,0.0006363071467351476,368,0,368,8_POSSA
query_path_6_125.graph,5,0.1,368,11490080461.0,11457571092.456837,0.0028293421141399,368,0,368,8_POSSA
query_path_6_123.graph,1,0.1,402,3299011637.0,8093704119.058522,1.453372406536474,402,0,402,UN
query_path_6_123.graph,2,0.1,402,3299011637.0,1190124726.500796,0.6392480968684755,402,0,402,UN
query_path_6_123.graph,3,0.1,402,3299011637.0,967263957.029558,0.7068018960038733,402,0,402,UN
query_path_6_123.graph,4,0.1,402,3299011637.0,5343318415.749032,0.619672497005209,402,0,402,UN
query_path_6_123.graph,5,0.1,402,3299011637.0,595227276.6074189,0.8195740597178685,402,0,402,UN
query_path_6_123.graph,1,0.1,402,3299011637.0,2660108867.1341953,0.19366490336081366,402,0,402,PO
query_path_6_123.graph,2,0.1,402,3299011637.0,3013366515.9630136,0.08658506015357421,402,0,402,PO
query_path_6_123.graph,3,0.1,402,3299011637.0,3058058558.7585273,0.07303795947218501,402,0,402,PO
query_path_6_123.graph,4,0.1,402,3299011637.0,3028161386.1181827,0.08210042300066532,402,0,402,PO
query_path_6_123.graph,5,0.1,402,3299011637.0,2995363986.014811,0.09204200663605873,402,0,402,PO
query_path_6_123.graph,1,0.1,402,3299011637.0,2989484185.9665623,0.09382429802973069,402,0,402,WO
query_path_6_123.graph,2,0.1,402,3299011637.0,3134957498.112466,0.04972826923299942,402,0,402,WO
query_path_6_123.graph,3,0.1,402,3299011637.0,3122728313.2824616,0.05343519305613724,402,0,402,WO
query_path_6_123.graph,4,0.1,402,3299011637.0,3039257924.1780396,0.0787368282999362,402,0,402,WO
query_path_6_123.graph,5,0.1,402,3299011637.0,3033546981.2689357,0.08046793553370674,402,0,402,WO
query_path_6_123.graph,1,0.1,402,3299011637.0,3165784202.0098143,0.04038404517764535,402,0,402,MAB
query_path_6_123.graph,2,0.1,402,3299011637.0,3103944436.069628,0.05912898237235659,402,0,402,MAB
query_path_6_123.graph,3,0.1,402,3299011637.0,2936416778.213189,0.10991014845783972,402,0,402,MAB
query_path_6_123.graph,4,0.1,402,3299011637.0,2923443364.185535,0.1138426638458278,402,0,402,MAB
query_path_6_123.graph,5,0.1,402,3299011637.0,3010011328.652279,0.08760208818497148,402,0,402,MAB
query_path_6_123.graph,1,0.1,402,3299011637.0,3027792770.1953125,0.08221215826062499,402,0,402,8_POSSA
query_path_6_123.graph,2,0.1,402,3299011637.0,3057673176.5523744,0.07315477694619167,402,0,402,8_POSSA
query_path_6_123.graph,3,0.1,402,3299011637.0,3051064013.463018,0.07515815365915367,402,0,402,8_POSSA
query_path_6_123.graph,4,0.1,402,3299011637.0,3057445038.487378,0.07322393040489353,402,0,402,8_POSSA
query_path_6_123.graph,5,0.1,402,3299011637.0,3042792756.6974936,0.07766534601724003,402,0,402,8_POSSA
query_path_6_124.graph,1,0.1,377,11490080461.0,9440948112.00367,0.17833925149188998,377,0,377,UN
query_path_6_124.graph,2,0.1,377,11490080461.0,49677562092.51672,3.3235173383801704,377,0,377,UN
query_path_6_124.graph,3,0.1,377,11490080461.0,2908300535.1243267,0.7468859730794947,377,0,377,UN
query_path_6_124.graph,4,0.1,377,11490080461.0,1986251414.8065052,0.8271333763459443,377,0,377,UN
query_path_6_124.graph,5,0.1,377,11490080461.0,545582186.4679844,0.9525171134945645,377,0,377,UN
query_path_6_124.graph,1,0.1,377,11490080461.0,10970624708.501488,0.0452090613518039,377,0,377,PO
query_path_6_124.graph,2,0.1,377,11490080461.0,8969463783.443743,0.219373283425805,377,0,377,PO
query_path_6_124.graph,3,0.1,377,11490080461.0,8967054273.17681,0.21958298694138192,377,0,377,PO
query_path_6_124.graph,4,0.1,377,11490080461.0,12404572816.899483,0.07958972602528608,377,0,377,PO
query_path_6_124.graph,5,0.1,377,11490080461.0,9858914153.03605,0.14196300134716255,377,0,377,PO
query_path_6_124.graph,1,0.1,377,11490080461.0,10326728042.578695,0.10124841356594437,377,0,377,WO
query_path_6_124.graph,2,0.1,377,11490080461.0,10189759557.806946,0.11316899891229179,377,0,377,WO
query_path_6_124.graph,3,0.1,377,11490080461.0,9865303706.027822,0.1414069083751891,377,0,377,WO
query_path_6_124.graph,4,0.1,377,11490080461.0,10055604620.14836,0.12484471677292293,377,0,377,WO
query_path_6_124.graph,5,0.1,377,11490080461.0,10451849344.532494,0.09035890740639317,377,0,377,WO
query_path_6_124.graph,1,0.1,377,11490080461.0,11212948589.569159,0.024119228091699734,377,0,377,MAB
query_path_6_124.graph,2,0.1,377,11490080461.0,10462124360.42089,0.089464656411087,377,0,377,MAB
query_path_6_124.graph,3,0.1,377,11490080461.0,11054230323.031301,0.03793273158078179,377,0,377,MAB
query_path_6_124.graph,4,0.1,377,11490080461.0,10944851513.083696,0.04745214359176485,377,0,377,MAB
query_path_6_124.graph,5,0.1,377,11490080461.0,10052039613.331999,0.12515498499327707,377,0,377,MAB
query_path_6_124.graph,1,0.1,377,11490080461.0,10371541916.076683,0.09734819079116952,377,0,377,8_POSSA
query_path_6_124.graph,2,0.1,377,11490080461.0,10416057024.59497,0.09347397000834887,377,0,377,8_POSSA
query_path_6_124.graph,3,0.1,377,11490080461.0,10373592267.433113,0.09716974544751945,377,0,377,8_POSSA
query_path_6_124.graph,4,0.1,377,11490080461.0,10323937249.63966,0.10149130071965125,377,0,377,8_POSSA
query_path_6_124.graph,5,0.1,377,11490080461.0,10377853987.683022,0.09679884114755621,377,0,377,8_POSSA
query_path_6_31.graph,1,0.1,488,3418574974.0,1787301916.8787184,0.47717925437585607,488,0,488,UN
query_path_6_31.graph,2,0.1,488,3418574974.0,1802259565.2698927,0.4728038498564482,488,0,488,UN
query_path_6_31.graph,3,0.1,488,3418574974.0,1151380062.3254416,0.663198826680043,488,0,488,UN
query_path_6_31.graph,4,0.1,488,3418574974.0,2693996582.696785,0.21195334220077136,488,0,488,UN
query_path_6_31.graph,5,0.1,488,3418574974.0,559503772.1941905,0.8363342104679579,488,0,488,UN
query_path_6_31.graph,1,0.1,488,3418574974.0,4376788478.371051,0.28029617944867424,488,0,488,PO
query_path_6_31.graph,2,0.1,488,3418574974.0,3196823048.3014565,0.0648667726713849,488,0,488,PO
query_path_6_31.graph,3,0.1,488,3418574974.0,3175823741.179008,0.07100948046108056,488,0,488,PO
query_path_6_31.graph,4,0.1,488,3418574974.0,3190789440.977805,0.06663172074756868,488,0,488,PO
query_path_6_31.graph,5,0.1,488,3418574974.0,3255376802.635205,0.047738655026144,488,0,488,PO
query_path_6_31.graph,1,0.1,488,3418574974.0,3309308687.221333,0.0319625246220114,488,0,488,WO
query_path_6_31.graph,2,0.1,488,3418574974.0,3343375793.3359985,0.021997230201452198,488,0,488,WO
query_path_6_31.graph,3,0.1,488,3418574974.0,3308137004.6032367,0.03230526468973189,488,0,488,WO
query_path_6_31.graph,4,0.1,488,3418574974.0,3358748746.9107494,0.017500340798215462,488,0,488,WO
query_path_6_31.graph,5,0.1,488,3418574974.0,3334121853.9844637,0.024704188341003255,488,0,488,WO
query_path_6_31.graph,1,0.1,488,3418574974.0,3312319269.803464,0.031081870371328608,488,0,488,MAB
query_path_6_31.graph,2,0.1,488,3418574974.0,3492334012.834262,0.021575960566972165,488,0,488,MAB
query_path_6_31.graph,3,0.1,488,3418574974.0,3448934383.4721727,0.008880720681298925,488,0,488,MAB
query_path_6_31.graph,4,0.1,488,3418574974.0,3373802377.9320025,0.013096859483415107,488,0,488,MAB
query_path_6_31.graph,5,0.1,488,3418574974.0,3396414357.078118,0.006482413605208283,488,0,488,MAB
query_path_6_31.graph,1,0.1,488,3418574974.0,3317706591.472664,0.029505973481491976,488,0,488,8_POSSA
query_path_6_31.graph,2,0.1,488,3418574974.0,3323269934.7801323,0.027878586821909995,488,0,488,8_POSSA
query_path_6_31.graph,3,0.1,488,3418574974.0,3330558500.5553126,0.02574653886900167,488,0,488,8_POSSA
query_path_6_31.graph,4,0.1,488,3418574974.0,3316843340.0507145,0.02975849139568571,488,0,488,8_POSSA
query_path_6_31.graph,5,0.1,488,3418574974.0,3323149582.9104123,0.027913792096223217,488,0,488,8_POSSA
query_path_6_38.graph,1,0.1,272,2810441602.0,937074528.4707395,0.6665739192716592,272,0,272,UN
query_path_6_38.graph,2,0.1,272,2810441602.0,1720769581.0606503,0.3877227052730447,272,0,272,UN
query_path_6_38.graph,3,0.1,272,2810441602.0,200289945.34733385,0.9287336391530778,272,0,272,UN
query_path_6_38.graph,4,0.1,272,2810441602.0,2329219594.532356,0.17122647456015141,272,0,272,UN
query_path_6_38.graph,5,0.1,272,2810441602.0,1909026536.177806,0.3207378744965625,272,0,272,UN
query_path_6_38.graph,1,0.1,272,2810441602.0,3243046479.5777216,0.15392772341181762,272,0,272,PO
query_path_6_38.graph,2,0.1,272,2810441602.0,3359897987.1113267,0.195505355713606,272,0,272,PO
query_path_6_38.graph,3,0.1,272,2810441602.0,2540426628.281357,0.09607563933244224,272,0,272,PO
query_path_6_38.graph,4,0.1,272,2810441602.0,3221417489.1249266,0.14623178323024502,272,0,272,PO
query_path_6_38.graph,5,0.1,272,2810441602.0,3377748300.3350015,0.2018567821979606,272,0,272,PO
query_path_6_38.graph,1,0.1,272,2810441602.0,2793995043.483428,0.005851948143974279,272,0,272,WO
query_path_6_38.graph,2,0.1,272,2810441602.0,2910547254.4773583,0.035619189669737296,272,0,272,WO
query_path_6_38.graph,3,0.1,272,2810441602.0,2923247770.806747,0.040138236185541264,272,0,272,WO
query_path_6_38.graph,4,0.1,272,2810441602.0,3073496334.750537,0.09359907445269056,272,0,272,WO
query_path_6_38.graph,5,0.1,272,2810441602.0,2834152748.2517414,0.008436804463351169,272,0,272,WO
query_path_6_38.graph,1,0.1,272,2810441602.0,22518.319279983185,0.9999919876224206,272,0,272,MAB
query_path_6_38.graph,2,0.1,272,2810441602.0,3090211434.231342,0.09954657375988481,272,0,272,MAB
query_path_6_38.graph,3,0.1,272,2810441602.0,2987906035.957245,0.06314467940944068,272,0,272,MAB
query_path_6_38.graph,4,0.1,272,2810441602.0,2672176239.250842,0.049197023930603594,272,0,272,MAB
query_path_6_38.graph,5,0.1,272,2810441602.0,2976091537.4979186,0.058940892200014694,272,0,272,MAB
query_path_6_38.graph,1,0.1,272,2810441602.0,2967864396.645587,0.05601354411120298,272,0,272,8_POSSA
query_path_6_38.graph,2,0.1,272,2810441602.0,2965454032.5854177,0.05515589808914939,272,0,272,8_POSSA
query_path_6_38.graph,3,0.1,272,2810441602.0,2968164626.796873,0.056120370793199315,272,0,272,8_POSSA
query_path_6_38.graph,4,0.1,272,2810441602.0,2976683361.178268,0.05915147251590818,272,0,272,8_POSSA
query_path_6_38.graph,5,0.1,272,2810441602.0,2988522200.1528363,0.06336392046933424,272,0,272,8_POSSA
query_path_6_118.graph,1,0.1,588,1345592177.0,555482122.9862553,0.5871838938416664,588,0,588,UN
query_path_6_118.graph,2,0.1,588,1345592177.0,290023498.90734184,0.7844640420294731,588,0,588,UN
query_path_6_118.graph,3,0.1,588,1345592177.0,1417877815.5814257,0.05372031720828418,588,0,588,UN
query_path_6_118.graph,4,0.1,588,1345592177.0,528235192.96355134,0.6074329191321158,588,0,588,UN
query_path_6_118.graph,5,0.1,588,1345592177.0,3853288077.201349,1.8636373955385657,588,0,588,UN
query_path_6_118.graph,1,0.1,588,1345592177.0,1294681552.466992,0.03783510739971261,588,0,588,PO
query_path_6_118.graph,2,0.1,588,1345592177.0,1241137361.80709,0.07762739482165551,588,0,588,PO
query_path_6_118.graph,3,0.1,588,1345592177.0,1293647543.0679553,0.03860354929221972,588,0,588,PO
query_path_6_118.graph,4,0.1,588,1345592177.0,1257500428.9839501,0.0654668996459615,588,0,588,PO
query_path_6_118.graph,5,0.1,588,1345592177.0,1520037396.0033972,0.12964196878159856,588,0,588,PO
query_path_6_118.graph,1,0.1,588,1345592177.0,1284939657.8373752,0.04507496416770922,588,0,588,WO
query_path_6_118.graph,2,0.1,588,1345592177.0,1298459178.8667457,0.0350276992828075,588,0,588,WO
query_path_6_118.graph,3,0.1,588,1345592177.0,1316923845.1417522,0.021305364543783133,588,0,588,WO
query_path_6_118.graph,4,0.1,588,1345592177.0,1269105125.4073722,0.05684266964390041,588,0,588,WO
query_path_6_118.graph,5,0.1,588,1345592177.0,1308108116.072976,0.027856925424904495,588,0,588,WO
query_path_6_118.graph,1,0.1,588,1345592177.0,1342631871.396341,0.002200002091464979,588,0,588,MAB
query_path_6_118.graph,2,0.1,588,1345592177.0,306311.9100867239,0.9997723590287441,588,0,588,MAB
query_path_6_118.graph,3,0.1,588,1345592177.0,1319710864.9488335,0.019234142776356624,588,0,588,MAB
query_path_6_118.graph,4,0.1,588,1345592177.0,1214710336.491702,0.09726709380854101,588,0,588,MAB
query_path_6_118.graph,5,0.1,588,1345592177.0,1221902883.7042594,0.09192182847815457,588,0,588,MAB
query_path_6_118.graph,1,0.1,588,1345592177.0,1301046787.6415024,0.03310467325829111,588,0,588,8_POSSA
query_path_6_118.graph,2,0.1,588,1345592177.0,1299151812.7836854,0.03451295645895729,588,0,588,8_POSSA
query_path_6_118.graph,3,0.1,588,1345592177.0,1298743620.3633685,0.03481631168596745,588,0,588,8_POSSA
query_path_6_118.graph,4,0.1,588,1345592177.0,1301850729.5054307,0.032507210016701295,588,0,588,8_POSSA
query_path_6_118.graph,5,0.1,588,1345592177.0,1301556656.166631,0.0327257556829338,588,0,588,8_POSSA
query_path_6_130.graph,1,0.1,408,3299011637.0,2930878069.4244237,0.11158904789749194,408,0,408,UN
query_path_6_130.graph,2,0.1,408,3299011637.0,699349707.0738176,0.7880123552065489,408,0,408,UN
query_path_6_130.graph,3,0.1,408,3299011637.0,3725458810.180516,0.12926513153142774,408,0,408,UN
query_path_6_130.graph,4,0.1,408,3299011637.0,2606228606.5035996,0.2099971466382555,408,0,408,UN
query_path_6_130.graph,5,0.1,408,3299011637.0,1641501962.0587058,0.5024261376806093,408,0,408,UN
query_path_6_130.graph,1,0.1,408,3299011637.0,3789721364.18669,0.1487444668830945,408,0,408,PO
query_path_6_130.graph,2,0.1,408,3299011637.0,3225631343.937082,0.022243114343678864,408,0,408,PO
query_path_6_130.graph,3,0.1,408,3299011637.0,3074811392.7676373,0.06795982218366535,408,0,408,PO
query_path_6_130.graph,4,0.1,408,3299011637.0,3066210732.112734,0.07056686380741801,408,0,408,PO
query_path_6_130.graph,5,0.1,408,3299011637.0,3012472346.5665126,0.08685610175478366,408,0,408,PO
query_path_6_130.graph,1,0.1,408,3299011637.0,3183873002.5084257,0.0349009482719731,408,0,408,WO
query_path_6_130.graph,2,0.1,408,3299011637.0,3168619101.200436,0.03952472744780557,408,0,408,WO
query_path_6_130.graph,3,0.1,408,3299011637.0,3200421857.880775,0.029884641209959158,408,0,408,WO
query_path_6_130.graph,4,0.1,408,3299011637.0,3128579477.4684606,0.051661581796214634,408,0,408,WO
query_path_6_130.graph,5,0.1,408,3299011637.0,3247010667.416176,0.01576259052881424,408,0,408,WO
query_path_6_130.graph,1,0.1,408,3299011637.0,3165276236.9564567,0.04053802009778826,408,0,408,MAB
query_path_6_130.graph,2,0.1,408,3299011637.0,3071145977.5373816,0.06907088683986305,408,0,408,MAB
query_path_6_130.graph,3,0.1,408,3299011637.0,3206853907.890606,0.0279349512065374,408,0,408,MAB
query_path_6_130.graph,4,0.1,408,3299011637.0,3200179232.1693254,0.02995818617983088,408,0,408,MAB
query_path_6_130.graph,5,0.1,408,3299011637.0,3109447477.376088,0.05746089449878223,408,0,408,MAB
query_path_6_130.graph,1,0.1,408,3299011637.0,3203636416.303437,0.028910240760257968,408,0,408,8_POSSA
query_path_6_130.graph,2,0.1,408,3299011637.0,3204215018.1055994,0.028734854351894667,408,0,408,8_POSSA
query_path_6_130.graph,3,0.1,408,3299011637.0,3189893265.9597826,0.033076079458587676,408,0,408,8_POSSA
query_path_6_130.graph,4,0.1,408,3299011637.0,3203150208.8819385,0.029057620483337973,408,0,408,8_POSSA
query_path_6_130.graph,5,0.1,408,3299011637.0,3207353355.6460924,0.02778355805900044,408,0,408,8_POSSA
query_path_6_116.graph,1,0.1,551,2233979444.0,957439138.7805779,0.5714198976395872,551,0,551,UN
query_path_6_116.graph,2,0.1,551,2233979444.0,581143161.7724603,0.7398619027881885,551,0,551,UN
query_path_6_116.graph,3,0.1,551,2233979444.0,283044468.61787146,0.8733003254000078,551,0,551,UN
query_path_6_116.graph,4,0.1,551,2233979444.0,314256191.77421814,0.8593289689310954,551,0,551,UN
query_path_6_116.graph,5,0.1,551,2233979444.0,303189656.98107,0.8642827006330009,551,0,551,UN
query_path_6_116.graph,1,0.1,551,2233979444.0,2193556660.711644,0.018094518907469333,551,0,551,PO
query_path_6_116.graph,2,0.1,551,2233979444.0,1403353933.9104798,0.3718143030905705,551,0,551,PO
query_path_6_116.graph,3,0.1,551,2233979444.0,2291900995.354993,0.025927522077500757,551,0,551,PO
query_path_6_116.graph,4,0.1,551,2233979444.0,2268467695.3853383,0.015438034346272304,551,0,551,PO
query_path_6_116.graph,5,0.1,551,2233979444.0,2432742603.1075406,0.08897268935995663,551,0,551,PO
query_path_6_116.graph,1,0.1,551,2233979444.0,2300461033.5853367,0.02975926648022312,551,0,551,WO
query_path_6_116.graph,2,0.1,551,2233979444.0,2266358991.7205863,0.014494111755392813,551,0,551,WO
query_path_6_116.graph,3,0.1,551,2233979444.0,2290043544.9288116,0.025096068399101862,551,0,551,WO
query_path_6_116.graph,4,0.1,551,2233979444.0,2272285261.8307214,0.017146898076257043,551,0,551,WO
query_path_6_116.graph,5,0.1,551,2233979444.0,2294806738.8483443,0.027228224956014558,551,0,551,WO
query_path_6_116.graph,1,0.1,551,2233979444.0,2165730149.8859005,0.030550547050646675,551,0,551,MAB
query_path_6_116.graph,2,0.1,551,2233979444.0,2325606171.287093,0.041015027033119454,551,0,551,MAB
query_path_6_116.graph,3,0.1,551,2233979444.0,2385279607.832354,0.06772674844377577,551,0,551,MAB
query_path_6_116.graph,4,0.1,551,2233979444.0,2363463321.255461,0.05796108715468611,551,0,551,MAB
query_path_6_116.graph,5,0.1,551,2233979444.0,2188550358.0793843,0.020335498628972916,551,0,551,MAB
query_path_6_116.graph,1,0.1,551,2233979444.0,2300698556.6635833,0.029865589337796646,551,0,551,8_POSSA
query_path_6_116.graph,2,0.1,551,2233979444.0,2304116947.135556,0.03139576925111412,551,0,551,8_POSSA
query_path_6_116.graph,3,0.1,551,2233979444.0,2301428141.765931,0.03019217475213757,551,0,551,8_POSSA
query_path_6_116.graph,4,0.1,551,2233979444.0,2301712168.6615186,0.030319314192184917,551,0,551,8_POSSA
query_path_6_116.graph,5,0.1,551,2233979444.0,2302519324.9448004,0.030680622925552924,551,0,551,8_POSSA
query_path_6_131.graph,1,0.1,508,1028759724.0,365107481.96139884,0.645099362422747,508,0,508,UN
query_path_6_131.graph,2,0.1,508,1028759724.0,1986522488.8674238,0.9309878123372409,508,0,508,UN
query_path_6_131.graph,3,0.1,508,1028759724.0,779334845.714746,0.2424520249640469,508,0,508,UN
query_path_6_131.graph,4,0.1,508,1028759724.0,3347076827.636469,2.253506868078429,508,0,508,UN
query_path_6_131.graph,5,0.1,508,1028759724.0,4031755514.8347635,2.919044866140933,508,0,508,UN
query_path_6_131.graph,1,0.1,508,1028759724.0,1082822636.8093336,0.05255154488273256,508,0,508,PO
query_path_6_131.graph,2,0.1,508,1028759724.0,1058408830.2256635,0.028820243963656126,508,0,508,PO
query_path_6_131.graph,3,0.1,508,1028759724.0,1109363527.9229982,0.07835046614149738,508,0,508,PO
query_path_6_131.graph,4,0.1,508,1028759724.0,1102117841.7463062,0.07130733837545353,508,0,508,PO
query_path_6_131.graph,5,0.1,508,1028759724.0,1121705804.4677896,0.09034770539655151,508,0,508,PO
query_path_6_131.graph,1,0.1,508,1028759724.0,1078886687.4179673,0.04872562781041311,508,0,508,WO
query_path_6_131.graph,2,0.1,508,1028759724.0,1059594354.8907126,0.02997262642711372,508,0,508,WO
query_path_6_131.graph,3,0.1,508,1028759724.0,1061778643.6761055,0.03209585183576403,508,0,508,WO
query_path_6_131.graph,4,0.1,508,1028759724.0,1092198512.0119822,0.061665310695991245,508,0,508,WO
query_path_6_131.graph,5,0.1,508,1028759724.0,1115472773.3242166,0.08428892315793712,508,0,508,WO
query_path_6_131.graph,1,0.1,508,1028759724.0,963263242.6158489,0.0636654797579839,508,0,508,MAB
query_path_6_131.graph,2,0.1,508,1028759724.0,1053942239.8878235,0.024478520397269617,508,0,508,MAB
query_path_6_131.graph,3,0.1,508,1028759724.0,1015306227.2172644,0.01307739452554189,508,0,508,MAB
query_path_6_131.graph,4,0.1,508,1028759724.0,1155375299.223988,0.12307594501433657,508,0,508,MAB
query_path_6_131.graph,5,0.1,508,1028759724.0,1067199612.4666724,0.03736527351324693,508,0,508,MAB
query_path_6_131.graph,1,0.1,508,1028759724.0,1076092756.9012017,0.04600980364701926,508,0,508,8_POSSA
query_path_6_131.graph,2,0.1,508,1028759724.0,1077094713.887362,0.04698375019914952,508,0,508,8_POSSA
query_path_6_131.graph,3,0.1,508,1028759724.0,1078823665.3167875,0.04866436753776675,508,0,508,8_POSSA
query_path_6_131.graph,4,0.1,508,1028759724.0,1077902037.4795244,0.04776850447493255,508,0,508,8_POSSA
query_path_6_131.graph,5,0.1,508,1028759724.0,1077150743.3708653,0.04703821333781662,508,0,508,8_POSSA
query_path_6_39.graph,1,0.1,284,2175463698.0,3293077822.074778,0.5137360485960993,284,0,284,UN
query_path_6_39.graph,2,0.1,284,2175463698.0,1685932882.9029586,0.2250236653211399,284,0,284,UN
query_path_6_39.graph,3,0.1,284,2175463698.0,2748358782.251206,0.2633438952706468,284,0,284,UN
query_path_6_39.graph,4,0.1,284,2175463698.0,3567457452.679625,0.6398607138144141,284,0,284,UN
query_path_6_39.graph,5,0.1,284,2175463698.0,1520762539.8033326,0.30094786633238846,284,0,284,UN
query_path_6_39.graph,1,0.1,284,2175463698.0,2400873877.7186112,0.10361477414026296,284,0,284,PO
query_path_6_39.graph,2,0.1,284,2175463698.0,2352239822.9051504,0.081259055284475,284,0,284,PO
query_path_6_39.graph,3,0.1,284,2175463698.0,2248608578.4493895,0.033622661925655106,284,0,284,PO
query_path_6_39.graph,4,0.1,284,2175463698.0,2517945960.5232396,0.15742954609543644,284,0,284,PO
query_path_6_39.graph,5,0.1,284,2175463698.0,2948387705.680912,0.3552916136414941,284,0,284,PO
query_path_6_39.graph,1,0.1,284,2175463698.0,2401995587.07138,0.10413039265129587,284,0,284,WO
query_path_6_39.graph,2,0.1,284,2175463698.0,2378240550.165685,0.09321086458583837,284,0,284,WO
query_path_6_39.graph,3,0.1,284,2175463698.0,2270642189.3311906,0.04375089844923286,284,0,284,WO
query_path_6_39.graph,4,0.1,284,2175463698.0,2078272974.1789813,0.04467586561447586,284,0,284,WO
query_path_6_39.graph,5,0.1,284,2175463698.0,2496538373.794994,0.14758907541880475,284,0,284,WO
query_path_6_39.graph,1,0.1,284,2175463698.0,2331815191.061066,0.0718704215587725,284,0,284,MAB
query_path_6_39.graph,2,0.1,284,2175463698.0,2491468638.0056763,0.14525865924409292,284,0,284,MAB
query_path_6_39.graph,3,0.1,284,2175463698.0,2441906926.6170225,0.12247652252803647,284,0,284,MAB
query_path_6_39.graph,4,0.1,284,2175463698.0,2385083062.5864058,0.09635617674480991,284,0,284,MAB
query_path_6_39.graph,5,0.1,284,2175463698.0,2215992929.9914184,0.01863015780437002,284,0,284,MAB
query_path_6_39.graph,1,0.1,284,2175463698.0,2395579518.0867634,0.10118110464868965,284,0,284,8_POSSA
query_path_6_39.graph,2,0.1,284,2175463698.0,2397732330.3782053,0.10217069242872068,284,0,284,8_POSSA
query_path_6_39.graph,3,0.1,284,2175463698.0,2405179331.438643,0.10559387115943636,284,0,284,8_POSSA
query_path_6_39.graph,4,0.1,284,2175463698.0,2396333654.7591076,0.1015277602481545,284,0,284,8_POSSA
query_path_6_39.graph,5,0.1,284,2175463698.0,2385214168.3737645,0.09641644241942414,284,0,284,8_POSSA
query_path_6_132.graph,1,0.1,400,3299011637.0,1462054218.4210565,0.556820533148954,400,0,400,UN
query_path_6_132.graph,2,0.1,400,3299011637.0,3461833368.7554245,0.0493547006410346,400,0,400,UN
query_path_6_132.graph,3,0.1,400,3299011637.0,787707159.162768,0.7612293481089143,400,0,400,UN
query_path_6_132.graph,4,0.1,400,3299011637.0,4804603812.377617,0.4563767397761431,400,0,400,UN
query_path_6_132.graph,5,0.1,400,3299011637.0,4392991008.262273,0.33160821835023824,400,0,400,UN
query_path_6_132.graph,1,0.1,400,3299011637.0,3428314673.910167,0.03919447735799764,400,0,400,PO
query_path_6_132.graph,2,0.1,400,3299011637.0,3297774750.0213733,0.00037492652791958856,400,0,400,PO
query_path_6_132.graph,3,0.1,400,3299011637.0,3235827865.900221,0.019152333502295896,400,0,400,PO
query_path_6_132.graph,4,0.1,400,3299011637.0,2619439827.5883365,0.20599254691615493,400,0,400,PO
query_path_6_132.graph,5,0.1,400,3299011637.0,4043157796.8457875,0.22556639434060521,400,0,400,PO
query_path_6_132.graph,1,0.1,400,3299011637.0,3403494798.300193,0.03167104963449174,400,0,400,WO
query_path_6_132.graph,2,0.1,400,3299011637.0,3382541290.869655,0.025319599643975167,400,0,400,WO
query_path_6_132.graph,3,0.1,400,3299011637.0,3533249029.8540096,0.07100229360421914,400,0,400,WO
query_path_6_132.graph,4,0.1,400,3299011637.0,3331936007.2173305,0.009980070954605867,400,0,400,WO
query_path_6_132.graph,5,0.1,400,3299011637.0,3353352361.717586,0.016471819652931416,400,0,400,WO
query_path_6_132.graph,1,0.1,400,3299011637.0,3614730910.270614,0.09570116992909963,400,0,400,MAB
query_path_6_132.graph,2,0.1,400,3299011637.0,3393173074.7240705,0.028542317543837917,400,0,400,MAB
query_path_6_132.graph,3,0.1,400,3299011637.0,3380700632.369223,0.024761657234864468,400,0,400,MAB
query_path_6_132.graph,4,0.1,400,3299011637.0,3262056237.764998,0.011201960860195063,400,0,400,MAB
query_path_6_132.graph,5,0.1,400,3299011637.0,3220808717.361882,0.023704954162948225,400,0,400,MAB
query_path_6_132.graph,1,0.1,400,3299011637.0,3369944318.145093,0.021501191553721388,400,0,400,8_POSSA
query_path_6_132.graph,2,0.1,400,3299011637.0,3362654216.7405133,0.01929140807711353,400,0,400,8_POSSA
query_path_6_132.graph,3,0.1,400,3299011637.0,3385146742.265964,0.026109366908536318,400,0,400,8_POSSA
query_path_6_132.graph,4,0.1,400,3299011637.0,3388879704.7803254,0.027240906571050515,400,0,400,8_POSSA
query_path_6_132.graph,5,0.1,400,3299011637.0,3372004042.1839056,0.022125537347386325,400,0,400,8_POSSA
query_path_6_28.graph,1,0.1,373,11490080461.0,575434758.2437576,0.9499189966339299,373,0,373,UN
query_path_6_28.graph,2,0.1,373,11490080461.0,25293681435.60763,1.2013493744852577,373,0,373,UN
query_path_6_28.graph,3,0.1,373,11490080461.0,55181685069.21468,3.80254992613099,373,0,373,UN
query_path_6_28.graph,4,0.1,373,11490080461.0,5428833395.57272,0.5275199843900623,373,0,373,UN
query_path_6_28.graph,5,0.1,373,11490080461.0,863825362.9470499,0.9248199030564604,373,0,373,UN
query_path_6_28.graph,1,0.1,373,11490080461.0,6082570452.903334,0.4706242072412818,373,0,373,PO
query_path_6_28.graph,2,0.1,373,11490080461.0,5525606373.006228,0.5190976780570494,373,0,373,PO
query_path_6_28.graph,3,0.1,373,11490080461.0,11833777415.999144,0.029912493316798853,373,0,373,PO
query_path_6_28.graph,4,0.1,373,11490080461.0,10504293398.534218,0.08579461787163042,373,0,373,PO
query_path_6_28.graph,5,0.1,373,11490080461.0,7827676514.671279,0.3187448476761995,373,0,373,PO
query_path_6_28.graph,1,0.1,373,11490080461.0,12077895654.531378,0.05115849236448422,373,0,373,WO
query_path_6_28.graph,2,0.1,373,11490080461.0,12075800727.907383,0.05097616756431372,373,0,373,WO
query_path_6_28.graph,3,0.1,373,11490080461.0,12077986284.391106,0.05116638002550065,373,0,373,WO
query_path_6_28.graph,4,0.1,373,11490080461.0,12021082522.635191,0.04621395502299007,373,0,373,WO
query_path_6_28.graph,5,0.1,373,11490080461.0,12135474909.695766,0.056169706634029676,373,0,373,WO
query_path_6_28.graph,1,0.1,373,11490080461.0,11228257997.100853,0.022786825974616388,373,0,373,MAB
query_path_6_28.graph,2,0.1,373,11490080461.0,12117750769.897367,0.0546271465224135,373,0,373,MAB
query_path_6_28.graph,3,0.1,373,11490080461.0,11293050829.116396,0.017147802624391393,373,0,373,MAB
query_path_6_28.graph,4,0.1,373,11490080461.0,12737967608.156265,0.10860560562581645,373,0,373,MAB
query_path_6_28.graph,5,0.1,373,11490080461.0,12462652477.13117,0.08464449134471298,373,0,373,MAB
query_path_6_28.graph,1,0.1,373,11490080461.0,12123080114.062643,0.05509096783187818,373,0,373,8_POSSA
query_path_6_28.graph,2,0.1,373,11490080461.0,12149057177.68894,0.057351793046677084,373,0,373,8_POSSA
query_path_6_28.graph,3,0.1,373,11490080461.0,12082350603.410799,0.05154621365978257,373,0,373,8_POSSA
query_path_6_28.graph,4,0.1,373,11490080461.0,12041057597.60513,0.047952417607106716,373,0,373,8_POSSA
query_path_6_28.graph,5,0.1,373,11490080461.0,12043253459.156258,0.04814352693472036,373,0,373,8_POSSA
query_path_6_32.graph,1,0.1,270,2810441602.0,4105791768.2120295,0.4609062736938625,270,0,270,UN
query_path_6_32.graph,2,0.1,270,2810441602.0,4591972124.87244,0.6338970080732673,270,0,270,UN
query_path_6_32.graph,3,0.1,270,2810441602.0,3775394767.6887197,0.3433457450252758,270,0,270,UN
query_path_6_32.graph,4,0.1,270,2810441602.0,3988293197.0223465,0.41909840581072727,270,0,270,UN
query_path_6_32.graph,5,0.1,270,2810441602.0,1703733617.0504222,0.3937843733034727,270,0,270,UN
query_path_6_32.graph,1,0.1,270,2810441602.0,2643517117.4893775,0.059394397091131056,270,0,270,PO
query_path_6_32.graph,2,0.1,270,2810441602.0,2907087732.161066,0.034388236386868734,270,0,270,PO
query_path_6_32.graph,3,0.1,270,2810441602.0,2704325257.561782,0.03775788985001586,270,0,270,PO
query_path_6_32.graph,4,0.1,270,2810441602.0,2772360986.53895,0.013549691064190999,270,0,270,PO
query_path_6_32.graph,5,0.1,270,2810441602.0,2806138937.2444415,0.0015309568263210227,270,0,270,PO
query_path_6_32.graph,1,0.1,270,2810441602.0,2765547806.8259635,0.015973929201051052,270,0,270,WO
query_path_6_32.graph,2,0.1,270,2810441602.0,2705524101.5435266,0.03733132201779631,270,0,270,WO
query_path_6_32.graph,3,0.1,270,2810441602.0,2693650258.4868364,0.04155622498259744,270,0,270,WO
query_path_6_32.graph,4,0.1,270,2810441602.0,2685910207.7037377,0.04431025864676987,270,0,270,WO
query_path_6_32.graph,5,0.1,270,2810441602.0,2584649161.8009596,0.08034055574695426,270,0,270,WO
query_path_6_32.graph,1,0.1,270,2810441602.0,2664544826.6296616,0.05191240240199748,270,0,270,MAB
query_path_6_32.graph,2,0.1,270,2810441602.0,2874436056.7005396,0.022770248865871857,270,0,270,MAB
query_path_6_32.graph,3,0.1,270,2810441602.0,2598489767.1065617,0.07541584736811704,270,0,270,MAB
query_path_6_32.graph,4,0.1,270,2810441602.0,2806884055.924061,0.0012658317018249072,270,0,270,MAB
query_path_6_32.graph,5,0.1,270,2810441602.0,2855805188.733866,0.016141088539816675,270,0,270,MAB
query_path_6_32.graph,1,0.1,270,2810441602.0,2753917593.627943,0.020112144771779878,270,0,270,8_POSSA
query_path_6_32.graph,2,0.1,270,2810441602.0,2723802843.846107,0.0308274536258779,270,0,270,8_POSSA
query_path_6_32.graph,3,0.1,270,2810441602.0,2710717664.333326,0.03548336944475466,270,0,270,8_POSSA
query_path_6_32.graph,4,0.1,270,2810441602.0,2735046135.1700935,0.026826911036419557,270,0,270,8_POSSA
query_path_6_32.graph,5,0.1,270,2810441602.0,2742656431.574272,0.0241190460522253,270,0,270,8_POSSA
query_path_6_49.graph,1,0.1,273,2810441602.0,821990041.281413,0.707522817518621,273,0,273,UN
query_path_6_49.graph,2,0.1,273,2810441602.0,1686284631.1713178,0.3999930011101089,273,0,273,UN
query_path_6_49.graph,3,0.1,273,2810441602.0,1621856486.1137204,0.42291756393032487,273,0,273,UN
query_path_6_49.graph,4,0.1,273,2810441602.0,1861339431.0068307,0.33770570799896993,273,0,273,UN
query_path_6_49.graph,5,0.1,273,2810441602.0,14165536738.483067,4.040324171262772,273,0,273,UN
query_path_6_49.graph,1,0.1,273,2810441602.0,2720758221.383807,0.03191077891544562,273,0,273,PO
query_path_6_49.graph,2,0.1,273,2810441602.0,3381138200.6293135,0.2030629628536624,273,0,273,PO
query_path_6_49.graph,3,0.1,273,2810441602.0,2740800508.0050774,0.024779413294111433,273,0,273,PO
query_path_6_49.graph,4,0.1,273,2810441602.0,2982788790.1341734,0.06132388163181389,273,0,273,PO
query_path_6_49.graph,5,0.1,273,2810441602.0,2709636192.141681,0.035868174519827226,273,0,273,PO
query_path_6_49.graph,1,0.1,273,2810441602.0,2800363167.352832,0.0035860679830514975,273,0,273,WO
query_path_6_49.graph,2,0.1,273,2810441602.0,2810589269.1787105,5.2542340180765894e-05,273,0,273,WO
query_path_6_49.graph,3,0.1,273,2810441602.0,2644367627.4712358,0.05909177205837712,273,0,273,WO
query_path_6_49.graph,4,0.1,273,2810441602.0,2863527050.609184,0.018888650300154426,273,0,273,WO
query_path_6_49.graph,5,0.1,273,2810441602.0,2529701773.1180687,0.09989171405737371,273,0,273,WO
query_path_6_49.graph,1,0.1,273,2810441602.0,2736112264.7986565,0.026447565090286312,273,0,273,MAB
query_path_6_49.graph,2,0.1,273,2810441602.0,2581422654.5998077,0.08148859853099778,273,0,273,MAB
query_path_6_49.graph,3,0.1,273,2810441602.0,2839029564.7833867,0.010172053659838582,273,0,273,MAB
query_path_6_49.graph,4,0.1,273,2810441602.0,2520278604.039436,0.10324462808765529,273,0,273,MAB
query_path_6_49.graph,5,0.1,273,2810441602.0,2635937574.521225,0.062091319511706766,273,0,273,MAB
query_path_6_49.graph,1,0.1,273,2810441602.0,2819564987.329223,0.003246246185201167,273,0,273,8_POSSA
query_path_6_49.graph,2,0.1,273,2810441602.0,2825650293.187067,0.005411495181484661,273,0,273,8_POSSA
query_path_6_49.graph,3,0.1,273,2810441602.0,2839261183.890848,0.010254467436839543,273,0,273,8_POSSA
query_path_6_49.graph,4,0.1,273,2810441602.0,2794245226.223718,0.00576292912998298,273,0,273,8_POSSA
query_path_6_49.graph,5,0.1,273,2810441602.0,2830460152.9799075,0.007122920101119224,273,0,273,8_POSSA
query_path_6_129.graph,1,0.1,596,1345592177.0,413087161.1946252,0.6930071620098122,596,0,596,UN
query_path_6_129.graph,2,0.1,596,1345592177.0,371175324.968058,0.7241546649033037,596,0,596,UN
query_path_6_129.graph,3,0.1,596,1345592177.0,726039483.7755687,0.4604312538481942,596,0,596,UN
query_path_6_129.graph,4,0.1,596,1345592177.0,871550807.5246649,0.35229200762166374,596,0,596,UN
query_path_6_129.graph,5,0.1,596,1345592177.0,136003682.561749,0.8989265210615527,596,0,596,UN
query_path_6_129.graph,1,0.1,596,1345592177.0,1474156329.5617957,0.09554466409609315,596,0,596,PO
query_path_6_129.graph,2,0.1,596,1345592177.0,1399470151.791387,0.04004034484765519,596,0,596,PO
query_path_6_129.graph,3,0.1,596,1345592177.0,1463098571.774784,0.08732690096100647,596,0,596,PO
query_path_6_129.graph,4,0.1,596,1345592177.0,1636466286.181763,0.21616810364509345,596,0,596,PO
query_path_6_129.graph,5,0.1,596,1345592177.0,1424066742.5026774,0.058319724834932245,596,0,596,PO
query_path_6_129.graph,1,0.1,596,1345592177.0,1442920754.1927986,0.07233140832446934,596,0,596,WO
query_path_6_129.graph,2,0.1,596,1345592177.0,1456159973.3698933,0.08217036206052,596,0,596,WO
query_path_6_129.graph,3,0.1,596,1345592177.0,1430958963.4314442,0.06344179751532858,596,0,596,WO
query_path_6_129.graph,4,0.1,596,1345592177.0,1439441823.293234,0.06974598091263584,596,0,596,WO
query_path_6_129.graph,5,0.1,596,1345592177.0,1431659762.0301008,0.0639626080630081,596,0,596,WO
query_path_6_129.graph,1,0.1,596,1345592177.0,1418870082.9790895,0.05445773781359425,596,0,596,MAB
query_path_6_129.graph,2,0.1,596,1345592177.0,1438018209.6095092,0.06868799788623417,596,0,596,MAB
query_path_6_129.graph,3,0.1,596,1345592177.0,1427084000.9886634,0.0605620524417358,596,0,596,MAB
query_path_6_129.graph,4,0.1,596,1345592177.0,1456309579.0486586,0.08228154409718942,596,0,596,MAB
query_path_6_129.graph,5,0.1,596,1345592177.0,1450773657.599204,0.07816742873290654,596,0,596,MAB
query_path_6_129.graph,1,0.1,596,1345592177.0,1434653633.7403286,0.06618755538464204,596,0,596,8_POSSA
query_path_6_129.graph,2,0.1,596,1345592177.0,1432108346.1954114,0.06429598111093317,596,0,596,8_POSSA
query_path_6_129.graph,3,0.1,596,1345592177.0,1433038764.1049724,0.06498743720399347,596,0,596,8_POSSA
query_path_6_129.graph,4,0.1,596,1345592177.0,1435471641.6719818,0.06679547206670615,596,0,596,8_POSSA
query_path_6_129.graph,5,0.1,596,1345592177.0,1432684671.951119,0.06472428752171538,596,0,596,8_POSSA
query_path_6_30.graph,1,0.1,283,2175463698.0,2817581305.1087227,0.29516355878475464,283,0,283,UN
query_path_6_30.graph,2,0.1,283,2175463698.0,3977872623.9257116,0.8285171237666461,283,0,283,UN
query_path_6_30.graph,3,0.1,283,2175463698.0,2703548454.349818,0.24274583705318084,283,0,283,UN
query_path_6_30.graph,4,0.1,283,2175463698.0,2750051084.2080264,0.2641217992910063,283,0,283,UN
query_path_6_30.graph,5,0.1,283,2175463698.0,3419551329.591912,0.5718723933364903,283,0,283,UN
query_path_6_30.graph,1,0.1,283,2175463698.0,2337714228.4042974,0.07458204453306275,283,0,283,PO
query_path_6_30.graph,2,0.1,283,2175463698.0,2327378189.011845,0.06983085544084547,283,0,283,PO
query_path_6_30.graph,3,0.1,283,2175463698.0,2153647484.244135,0.010028305126820415,283,0,283,PO
query_path_6_30.graph,4,0.1,283,2175463698.0,2033653800.9967837,0.06518605533780608,283,0,283,PO
query_path_6_30.graph,5,0.1,283,2175463698.0,2173876281.5308423,0.0007296910863725641,283,0,283,PO
query_path_6_30.graph,1,0.1,283,2175463698.0,2100251448.1110377,0.03457297400922305,283,0,283,WO
query_path_6_30.graph,2,0.1,283,2175463698.0,2214533736.74246,0.01795940735686768,283,0,283,WO
query_path_6_30.graph,3,0.1,283,2175463698.0,2183955851.3959956,0.0039036061156997605,283,0,283,WO
query_path_6_30.graph,4,0.1,283,2175463698.0,2224123078.3417797,0.022367360294963518,283,0,283,WO
query_path_6_30.graph,5,0.1,283,2175463698.0,2176263997.450294,0.0003678753412570242,283,0,283,WO
query_path_6_30.graph,1,0.1,283,2175463698.0,2152884528.567119,0.010379014576818224,283,0,283,MAB
query_path_6_30.graph,2,0.1,283,2175463698.0,1992358766.2111428,0.08416823133256311,283,0,283,MAB
query_path_6_30.graph,3,0.1,283,2175463698.0,2222813701.858325,0.02176547643698029,283,0,283,MAB
query_path_6_30.graph,4,0.1,283,2175463698.0,2021858252.236502,0.07060814018855582,283,0,283,MAB
query_path_6_30.graph,5,0.1,283,2175463698.0,1931007199.5287735,0.1123698357715489,283,0,283,MAB
query_path_6_30.graph,1,0.1,283,2175463698.0,2149893321.5822787,0.01175398901909016,283,0,283,8_POSSA
query_path_6_30.graph,2,0.1,283,2175463698.0,2141028874.9678302,0.015828727946059166,283,0,283,8_POSSA
query_path_6_30.graph,3,0.1,283,2175463698.0,2151621567.2069473,0.010959562696896206,283,0,283,8_POSSA
query_path_6_30.graph,4,0.1,283,2175463698.0,2148898280.9742627,0.012211381440269516,283,0,283,8_POSSA
query_path_6_30.graph,5,0.1,283,2175463698.0,2145505621.9734929,0.013770892179928777,283,0,283,8_POSSA
query_path_6_128.graph,1,0.1,552,2233979444.0,1933262742.2058992,0.13461032625065675,552,0,552,UN
query_path_6_128.graph,2,0.1,552,2233979444.0,322316419.6496323,0.855720955483585,552,0,552,UN
query_path_6_128.graph,3,0.1,552,2233979444.0,2101167128.1307058,0.059451001765481855,552,0,552,UN
query_path_6_128.graph,4,0.1,552,2233979444.0,1157580638.9670424,0.4818302191293384,552,0,552,UN
query_path_6_128.graph,5,0.1,552,2233979444.0,261277979.88811126,0.883043695594492,552,0,552,UN
query_path_6_128.graph,1,0.1,552,2233979444.0,2098724817.6120532,0.060544257357073,552,0,552,PO
query_path_6_128.graph,2,0.1,552,2233979444.0,2206153258.8480163,0.012455882361280911,552,0,552,PO
query_path_6_128.graph,3,0.1,552,2233979444.0,1927362480.3832846,0.13725147043775368,552,0,552,PO
query_path_6_128.graph,4,0.1,552,2233979444.0,2249482457.995099,0.006939640396753386,552,0,552,PO
query_path_6_128.graph,5,0.1,552,2233979444.0,2342223454.630306,0.048453449704305235,552,0,552,PO
query_path_6_128.graph,1,0.1,552,2233979444.0,2194481885.519365,0.017680358960650833,552,0,552,WO
query_path_6_128.graph,2,0.1,552,2233979444.0,2190115445.6861095,0.019634915814333007,552,0,552,WO
query_path_6_128.graph,3,0.1,552,2233979444.0,2235240287.545225,0.0005643935303932651,552,0,552,WO
query_path_6_128.graph,4,0.1,552,2233979444.0,2189997926.3267145,0.01968752120410535,552,0,552,WO
query_path_6_128.graph,5,0.1,552,2233979444.0,2151387219.511917,0.03697089725239338,552,0,552,WO
query_path_6_128.graph,1,0.1,552,2233979444.0,2312421009.6311584,0.03511293080240104,552,0,552,MAB
query_path_6_128.graph,2,0.1,552,2233979444.0,2174009714.987054,0.02684435130950387,552,0,552,MAB
query_path_6_128.graph,3,0.1,552,2233979444.0,2230135315.700322,0.0017207536577842607,552,0,552,MAB
query_path_6_128.graph,4,0.1,552,2233979444.0,2214852543.4941626,0.008561806849748901,552,0,552,MAB
query_path_6_128.graph,5,0.1,552,2233979444.0,2327116255.550796,0.04169098860821749,552,0,552,MAB
query_path_6_128.graph,1,0.1,552,2233979444.0,2201423882.885484,0.01457290092885733,552,0,552,8_POSSA
query_path_6_128.graph,2,0.1,552,2233979444.0,2200739164.378614,0.014879402633118433,552,0,552,8_POSSA
query_path_6_128.graph,3,0.1,552,2233979444.0,2202046294.1501,0.014294289920914674,552,0,552,8_POSSA
query_path_6_128.graph,4,0.1,552,2233979444.0,2209436471.377073,0.010986212379368334,552,0,552,8_POSSA
query_path_6_128.graph,5,0.1,552,2233979444.0,2199715348.4599605,0.015337695085810081,552,0,552,8_POSSA
query_path_6_42.graph,1,0.1,279,2175463698.0,698243458.526197,0.6790369523664664,279,0,279,UN
query_path_6_42.graph,2,0.1,279,2175463698.0,1512847527.8995001,0.30458617659750986,279,0,279,UN
query_path_6_42.graph,3,0.1,279,2175463698.0,1362233765.4763455,0.37381912337645196,279,0,279,UN
query_path_6_42.graph,4,0.1,279,2175463698.0,3359870021.2247157,0.5444385600704773,279,0,279,UN
query_path_6_42.graph,5,0.1,279,2175463698.0,744356818.2387259,0.6578399267599611,279,0,279,UN
query_path_6_42.graph,1,0.1,279,2175463698.0,2301395462.443985,0.05788732055596222,279,0,279,PO
query_path_6_42.graph,2,0.1,279,2175463698.0,2484129974.3818164,0.1418852802120242,279,0,279,PO
query_path_6_42.graph,3,0.1,279,2175463698.0,2441888358.8768706,0.12246798745564295,279,0,279,PO
query_path_6_42.graph,4,0.1,279,2175463698.0,2355587265.995957,0.0827977815311524,279,0,279,PO
query_path_6_42.graph,5,0.1,279,2175463698.0,2385411265.535094,0.09650704248850848,279,0,279,PO
query_path_6_42.graph,1,0.1,279,2175463698.0,2369797890.0970206,0.08933000917261026,279,0,279,WO
query_path_6_42.graph,2,0.1,279,2175463698.0,2389082858.6520915,0.09819477146342688,279,0,279,WO
query_path_6_42.graph,3,0.1,279,2175463698.0,2202323841.975838,0.012346859200882966,279,0,279,WO
query_path_6_42.graph,4,0.1,279,2175463698.0,2287062072.9941263,0.05129866110692798,279,0,279,WO
query_path_6_42.graph,5,0.1,279,2175463698.0,2276226876.5208535,0.046318023423461196,279,0,279,WO
query_path_6_42.graph,1,0.1,279,2175463698.0,2501795037.4333735,0.150005417113319,279,0,279,MAB
query_path_6_42.graph,2,0.1,279,2175463698.0,2209475011.378011,0.015634052367446687,279,0,279,MAB
query_path_6_42.graph,3,0.1,279,2175463698.0,2438584813.8679953,0.1209494399331481,279,0,279,MAB
query_path_6_42.graph,4,0.1,279,2175463698.0,2223824309.7759585,0.022230024716302362,279,0,279,MAB
query_path_6_42.graph,5,0.1,279,2175463698.0,2437020908.126258,0.12023055607258305,279,0,279,MAB
query_path_6_42.graph,1,0.1,279,2175463698.0,2388158943.0739646,0.09777007323519338,279,0,279,8_POSSA
query_path_6_42.graph,2,0.1,279,2175463698.0,2354640604.4487567,0.08236262761519852,279,0,279,8_POSSA
query_path_6_42.graph,3,0.1,279,2175463698.0,2353697167.7612295,0.08192895607731236,279,0,279,8_POSSA
query_path_6_42.graph,4,0.1,279,2175463698.0,2381895830.562431,0.09489109505813084,279,0,279,8_POSSA
query_path_6_42.graph,5,0.1,279,2175463698.0,2376188994.584017,0.09226782169178573,279,0,279,8_POSSA
query_path_6_27.graph,1,0.1,480,3418574974.0,4722207407.335789,0.38133796779376666,480,0,480,UN
query_path_6_27.graph,2,0.1,480,3418574974.0,785393707.2479249,0.7702569891778759,480,0,480,UN
query_path_6_27.graph,3,0.1,480,3418574974.0,2002353713.1576805,0.4142724005216799,480,0,480,UN
query_path_6_27.graph,4,0.1,480,3418574974.0,5149040645.969755,0.5061950330564127,480,0,480,UN
query_path_6_27.graph,5,0.1,480,3418574974.0,5926948238.251565,0.7337482089259467,480,0,480,UN
query_path_6_27.graph,1,0.1,480,3418574974.0,3346952222.5389366,0.020951054754039567,480,0,480,PO
query_path_6_27.graph,2,0.1,480,3418574974.0,3280101312.12645,0.04050625273007394,480,0,480,PO
query_path_6_27.graph,3,0.1,480,3418574974.0,3304080371.32487,0.03349190921536591,480,0,480,PO
query_path_6_27.graph,4,0.1,480,3418574974.0,3855299197.736479,0.12775037173617326,480,0,480,PO
query_path_6_27.graph,5,0.1,480,3418574974.0,3426993656.7811556,0.0024626292666341813,480,0,480,PO
query_path_6_27.graph,1,0.1,480,3418574974.0,3483000823.964279,0.018845820394249212,480,0,480,WO
query_path_6_27.graph,2,0.1,480,3418574974.0,3437901179.9115133,0.005653292982748351,480,0,480,WO
query_path_6_27.graph,3,0.1,480,3418574974.0,3413504992.911964,0.00148306856704792,480,0,480,WO
query_path_6_27.graph,4,0.1,480,3418574974.0,3483969278.9080167,0.019129112394893663,480,0,480,WO
query_path_6_27.graph,5,0.1,480,3418574974.0,3454884077.1885686,0.010621122387169443,480,0,480,WO
query_path_6_27.graph,1,0.1,480,3418574974.0,3369575720.3696733,0.014333239435434639,480,0,480,MAB
query_path_6_27.graph,2,0.1,480,3418574974.0,3273860175.1708093,0.04233190728002759,480,0,480,MAB
query_path_6_27.graph,3,0.1,480,3418574974.0,3293575230.410458,0.036564868268278004,480,0,480,MAB
query_path_6_27.graph,4,0.1,480,3418574974.0,3579064233.6165867,0.04694624539089798,480,0,480,MAB
query_path_6_27.graph,5,0.1,480,3418574974.0,3240344029.785353,0.0521360349181117,480,0,480,MAB
query_path_6_27.graph,1,0.1,480,3418574974.0,3419592337.670266,0.00029759875913318247,480,0,480,8_POSSA
query_path_6_27.graph,2,0.1,480,3418574974.0,3412289124.3204136,0.0018387338956710009,480,0,480,8_POSSA
query_path_6_27.graph,3,0.1,480,3418574974.0,3418752945.0124526,5.205999979703894e-05,480,0,480,8_POSSA
query_path_6_27.graph,4,0.1,480,3418574974.0,3414962722.3871336,0.0010566542025081827,480,0,480,8_POSSA
query_path_6_27.graph,5,0.1,480,3418574974.0,3417122845.824292,0.000424775874963103,480,0,480,8_POSSA
query_path_6_52.graph,1,0.1,476,3418574974.0,1818624831.8963068,0.46801668948966374,476,0,476,UN
query_path_6_52.graph,2,0.1,476,3418574974.0,746665598.884582,0.7815857178609937,476,0,476,UN
query_path_6_52.graph,3,0.1,476,3418574974.0,5270491566.09551,0.5417218010955666,476,0,476,UN
query_path_6_52.graph,4,0.1,476,3418574974.0,355050203.63846326,0.8961408755581491,476,0,476,UN
query_path_6_52.graph,5,0.1,476,3418574974.0,2122296355.7221377,0.37918683315028046,476,0,476,UN
query_path_6_52.graph,1,0.1,476,3418574974.0,3063266724.2968926,0.10393460795957589,476,0,476,PO
query_path_6_52.graph,2,0.1,476,3418574974.0,3097804696.125638,0.09383157611401914,476,0,476,PO
query_path_6_52.graph,3,0.1,476,3418574974.0,3342418995.709504,0.02227711220894694,476,0,476,PO
query_path_6_52.graph,4,0.1,476,3418574974.0,3153318190.040553,0.077592794066785,476,0,476,PO
query_path_6_52.graph,5,0.1,476,3418574974.0,3207093248.6518216,0.06186253832564866,476,0,476,PO
query_path_6_52.graph,1,0.1,476,3418574974.0,3149853660.693834,0.07860623661903815,476,0,476,WO
query_path_6_52.graph,2,0.1,476,3418574974.0,3215351936.4744067,0.059446710711687695,476,0,476,WO
query_path_6_52.graph,3,0.1,476,3418574974.0,3231745779.4915056,0.05465119119206843,476,0,476,WO
query_path_6_52.graph,4,0.1,476,3418574974.0,3219242360.9757943,0.058308685502067824,476,0,476,WO
query_path_6_52.graph,5,0.1,476,3418574974.0,3230425271.494736,0.055037465592019455,476,0,476,WO
query_path_6_52.graph,1,0.1,476,3418574974.0,3317245642.997529,0.029640809920253915,476,0,476,MAB
query_path_6_52.graph,2,0.1,476,3418574974.0,3108992402.2830706,0.0905589533859758,476,0,476,MAB
query_path_6_52.graph,3,0.1,476,3418574974.0,3161686037.4344044,0.07514503514457531,476,0,476,MAB
query_path_6_52.graph,4,0.1,476,3418574974.0,2952283959.7799177,0.13639923587063688,476,0,476,MAB
query_path_6_52.graph,5,0.1,476,3418574974.0,3240146409.0095677,0.052193842857761547,476,0,476,MAB
query_path_6_52.graph,1,0.1,476,3418574974.0,3231229197.4642572,0.05480230153224738,476,0,476,8_POSSA
query_path_6_52.graph,2,0.1,476,3418574974.0,3236333154.283925,0.05330929439960118,476,0,476,8_POSSA
query_path_6_52.graph,3,0.1,476,3418574974.0,3235875596.405297,0.053443139022611705,476,0,476,8_POSSA
query_path_6_52.graph,4,0.1,476,3418574974.0,3231930098.000519,0.05459727442545807,476,0,476,8_POSSA
query_path_6_52.graph,5,0.1,476,3418574974.0,3236182995.9575458,0.053353218645089816,476,0,476,8_POSSA
query_path_6_50.graph,1,0.1,177,1244438980.0,63249604.86903956,0.9491742014790958,177,0,177,UN
query_path_6_50.graph,2,0.1,177,1244438980.0,520265994.84163845,0.5819272755007735,177,0,177,UN
query_path_6_50.graph,3,0.1,177,1244438980.0,36306136.28644067,0.9708252980901959,177,0,177,UN
query_path_6_50.graph,4,0.1,177,1244438980.0,7030960044.070904,4.649903415972155,177,0,177,UN
query_path_6_50.graph,5,0.1,177,1244438980.0,928489564.4458191,0.2538890380580821,177,0,177,UN
query_path_6_50.graph,1,0.1,177,1244438980.0,1362846917.1760628,0.09514965303968767,177,0,177,PO
query_path_6_50.graph,2,0.1,177,1244438980.0,1236276359.585612,0.006559277349531386,177,0,177,PO
query_path_6_50.graph,3,0.1,177,1244438980.0,1387275203.6299314,0.11477961227952813,177,0,177,PO
query_path_6_50.graph,4,0.1,177,1244438980.0,1388541337.443743,0.1157970457046781,177,0,177,PO
query_path_6_50.graph,5,0.1,177,1244438980.0,1390072813.337081,0.11702770138000736,177,0,177,PO
query_path_6_50.graph,1,0.1,177,1244438980.0,1411196448.1841354,0.13400212534658423,177,0,177,WO
query_path_6_50.graph,2,0.1,177,1244438980.0,1353406440.9589624,0.08756352276827783,177,0,177,WO
query_path_6_50.graph,3,0.1,177,1244438980.0,1355968205.779206,0.08962209282387316,177,0,177,WO
query_path_6_50.graph,4,0.1,177,1244438980.0,1328314330.1140835,0.06740013087189178,177,0,177,WO
query_path_6_50.graph,5,0.1,177,1244438980.0,1395371183.8197355,0.12128533921344663,177,0,177,WO
query_path_6_50.graph,1,0.1,177,1244438980.0,13145.860093194482,0.9999894363160393,177,0,177,MAB
query_path_6_50.graph,2,0.1,177,1244438980.0,1378260849.177896,0.10753590278721101,177,0,177,MAB
query_path_6_50.graph,3,0.1,177,1244438980.0,1299469008.3069546,0.04422075263742913,177,0,177,MAB
query_path_6_50.graph,4,0.1,177,1244438980.0,1475062216.2736151,0.18532305720093653,177,0,177,MAB
query_path_6_50.graph,5,0.1,177,1244438980.0,1351024045.3039396,0.08564908928193457,177,0,177,MAB
query_path_6_50.graph,1,0.1,177,1244438980.0,1337827388.8292534,0.07504458662107598,177,0,177,8_POSSA
query_path_6_50.graph,2,0.1,177,1244438980.0,1346459232.8610291,0.08198092031883246,177,0,177,8_POSSA
query_path_6_50.graph,3,0.1,177,1244438980.0,1339533186.1054182,0.07641532259413653,177,0,177,8_POSSA
query_path_6_50.graph,4,0.1,177,1244438980.0,1337926817.6911592,0.07512448516451907,177,0,177,8_POSSA
query_path_6_50.graph,5,0.1,177,1244438980.0,1337707579.3766167,0.07494831074531008,177,0,177,8_POSSA
query_path_6_40.graph,1,0.1,400,3299011637.0,7217003103.482145,1.1876258399758246,400,0,400,UN
query_path_6_40.graph,2,0.1,400,3299011637.0,2626238733.049126,0.20393165528893642,400,0,400,UN
query_path_6_40.graph,3,0.1,400,3299011637.0,816335129.7621517,0.752551606485239,400,0,400,UN
query_path_6_40.graph,4,0.1,400,3299011637.0,2168515042.1840887,0.34267735892072915,400,0,400,UN
query_path_6_40.graph,5,0.1,400,3299011637.0,1423262005.207692,0.5685792710625435,400,0,400,UN
query_path_6_40.graph,1,0.1,400,3299011637.0,3290833679.5844274,0.0024789113575268795,400,0,400,PO
query_path_6_40.graph,2,0.1,400,3299011637.0,3293612142.7401743,0.001636700580036695,400,0,400,PO
query_path_6_40.graph,3,0.1,400,3299011637.0,3267933690.0508475,0.009420381122818232,400,0,400,PO
query_path_6_40.graph,4,0.1,400,3299011637.0,3025037002.4781513,0.08304748957205593,400,0,400,PO
query_path_6_40.graph,5,0.1,400,3299011637.0,3156656850.0080075,0.043150738056033255,400,0,400,PO
query_path_6_40.graph,1,0.1,400,3299011637.0,3329623134.9435825,0.009278990592291304,400,0,400,WO
query_path_6_40.graph,2,0.1,400,3299011637.0,3389212669.2713237,0.0273418351301571,400,0,400,WO
query_path_6_40.graph,3,0.1,400,3299011637.0,3319722387.0469465,0.006277865108041911,400,0,400,WO
query_path_6_40.graph,4,0.1,400,3299011637.0,3297400142.876206,0.0004884778537063641,400,0,400,WO
query_path_6_40.graph,5,0.1,400,3299011637.0,3275112480.4465537,0.007244338360436736,400,0,400,WO
query_path_6_40.graph,1,0.1,400,3299011637.0,3443127796.6163177,0.04368464724403691,400,0,400,MAB
query_path_6_40.graph,2,0.1,400,3299011637.0,3476107714.7168307,0.053681555933484185,400,0,400,MAB
query_path_6_40.graph,3,0.1,400,3299011637.0,3297628918.3739977,0.00041913117568136415,400,0,400,MAB
query_path_6_40.graph,4,0.1,400,3299011637.0,3382341187.9995995,0.02525894424409375,400,0,400,MAB
query_path_6_40.graph,5,0.1,400,3299011637.0,3103627845.6604023,0.05922494760196498,400,0,400,MAB
query_path_6_40.graph,1,0.1,400,3299011637.0,3290574970.1481423,0.0025573316435857306,400,0,400,8_POSSA
query_path_6_40.graph,2,0.1,400,3299011637.0,3295110645.7536955,0.001182472714722501,400,0,400,8_POSSA
query_path_6_40.graph,3,0.1,400,3299011637.0,3316660996.7564945,0.005349893149374944,400,0,400,8_POSSA
query_path_6_40.graph,4,0.1,400,3299011637.0,3296060565.860979,0.0008945318973486603,400,0,400,8_POSSA
query_path_6_40.graph,5,0.1,400,3299011637.0,3332719256.06373,0.010217490197877032,400,0,400,8_POSSA
query_path_6_54.graph,1,0.1,178,1244438980.0,2387137046.2899637,0.9182435496274504,178,0,178,UN
query_path_6_54.graph,2,0.1,178,1244438980.0,953020514.5586425,0.23417658087289864,178,0,178,UN
query_path_6_54.graph,3,0.1,178,1244438980.0,30949180.755680896,0.9751300134011547,178,0,178,UN
query_path_6_54.graph,4,0.1,178,1244438980.0,64755064.39574832,0.9479644519044651,178,0,178,UN
query_path_6_54.graph,5,0.1,178,1244438980.0,419860147.61312354,0.6626108998826736,178,0,178,UN
query_path_6_54.graph,1,0.1,178,1244438980.0,1347057069.8931274,0.08246132718626946,178,0,178,PO
query_path_6_54.graph,2,0.1,178,1244438980.0,1288781771.1850119,0.035632756525363636,178,0,178,PO
query_path_6_54.graph,3,0.1,178,1244438980.0,1290847231.4051123,0.03729250863317723,178,0,178,PO
query_path_6_54.graph,4,0.1,178,1244438980.0,1290616763.090606,0.03710731006722883,178,0,178,PO
query_path_6_54.graph,5,0.1,178,1244438980.0,1381900285.2389195,0.11046046246391245,178,0,178,PO
query_path_6_54.graph,1,0.1,178,1244438980.0,1246444938.9957945,0.001611938414043037,178,0,178,WO
query_path_6_54.graph,2,0.1,178,1244438980.0,1172078814.671803,0.05814681675126972,178,0,178,WO
query_path_6_54.graph,3,0.1,178,1244438980.0,1191613295.5909138,0.04244939708420756,178,0,178,WO
query_path_6_54.graph,4,0.1,178,1244438980.0,1270675862.340273,0.021083301601716866,178,0,178,WO
query_path_6_54.graph,5,0.1,178,1244438980.0,1237285102.9866793,0.005748676414267162,178,0,178,WO
query_path_6_54.graph,1,0.1,178,1244438980.0,1356752974.9994807,0.09025271371640955,178,0,178,MAB
query_path_6_54.graph,2,0.1,178,1244438980.0,1347252018.0367768,0.08261798263244437,178,0,178,MAB
query_path_6_54.graph,3,0.1,178,1244438980.0,1235502794.9186442,0.0071808945436246385,178,0,178,MAB
query_path_6_54.graph,4,0.1,178,1244438980.0,1474680843.7187746,0.18501659576653132,178,0,178,MAB
query_path_6_54.graph,5,0.1,178,1244438980.0,1187099189.8790112,0.04607681938811403,178,0,178,MAB
query_path_6_54.graph,1,0.1,178,1244438980.0,1268188552.9776654,0.01908456208729931,178,0,178,8_POSSA
query_path_6_54.graph,2,0.1,178,1244438980.0,1267907819.1329567,0.018858971400073584,178,0,178,8_POSSA
query_path_6_54.graph,3,0.1,178,1244438980.0,1267011472.5120668,0.01813868970262153,178,0,178,8_POSSA
query_path_6_54.graph,4,0.1,178,1244438980.0,1267606226.958716,0.018616619481588336,178,0,178,8_POSSA
query_path_6_54.graph,5,0.1,178,1244438980.0,1274772377.5775986,0.024375158657918745,178,0,178,8_POSSA
query_path_6_34.graph,1,0.1,284,2175463698.0,563981545.373,0.7407534100010525,284,0,284,UN
query_path_6_34.graph,2,0.1,284,2175463698.0,2957788521.3539996,0.35961290646827404,284,0,284,UN
query_path_6_34.graph,3,0.1,284,2175463698.0,702946933.6539998,0.676874896004815,284,0,284,UN
query_path_6_34.graph,4,0.1,284,2175463698.0,558695958.2559999,0.7431830470121685,284,0,284,UN
query_path_6_34.graph,5,0.1,284,2175463698.0,774898886.346,0.6438005897048988,284,0,284,UN
query_path_6_34.graph,1,0.1,284,2175463698.0,1836283027.4965613,0.15591189630756078,284,0,284,PO
query_path_6_34.graph,2,0.1,284,2175463698.0,2062111047.0138838,0.05210505286313271,284,0,284,PO
query_path_6_34.graph,3,0.1,284,2175463698.0,2072125007.9365475,0.04750191426244267,284,0,284,PO
query_path_6_34.graph,4,0.1,284,2175463698.0,1903007033.0325596,0.12524073153595797,284,0,284,PO
query_path_6_34.graph,5,0.1,284,2175463698.0,2270099716.8949366,0.04350153899692265,284,0,284,PO
query_path_6_34.graph,1,0.1,284,2175463698.0,2138968438.3348286,0.016775853211764963,284,0,284,WO
query_path_6_34.graph,2,0.1,284,2175463698.0,2324514988.403128,0.06851472196026878,284,0,284,WO
query_path_6_34.graph,3,0.1,284,2175463698.0,2289675030.5394177,0.052499764829179764,284,0,284,WO
query_path_6_34.graph,4,0.1,284,2175463698.0,2147666035.440017,0.012777810351668197,284,0,284,WO
query_path_6_34.graph,5,0.1,284,2175463698.0,2240577290.6443324,0.029930902871049613,284,0,284,WO
query_path_6_34.graph,1,0.1,284,2175463698.0,2380864264.8452454,0.09441691306275493,284,0,284,MAB
query_path_6_34.graph,2,0.1,284,2175463698.0,2237768363.2201614,0.028639717260021794,284,0,284,MAB
query_path_6_34.graph,3,0.1,284,2175463698.0,2310057295.7503195,0.06186892379498556,284,0,284,MAB
query_path_6_34.graph,4,0.1,284,2175463698.0,2261404056.9464555,0.03950438659374746,284,0,284,MAB
query_path_6_34.graph,5,0.1,284,2175463698.0,2186549251.912655,0.005095720017229576,284,0,284,MAB
query_path_6_34.graph,1,0.1,284,2175463698.0,2215619616.8013916,0.0184585561406098,284,0,284,8_POSSA
query_path_6_34.graph,2,0.1,284,2175463698.0,2219196852.7213,0.02010291174314053,284,0,284,8_POSSA
query_path_6_34.graph,3,0.1,284,2175463698.0,2221532644.647601,0.021176610158999364,284,0,284,8_POSSA
query_path_6_34.graph,4,0.1,284,2175463698.0,2234732404.8896112,0.027244171872001167,284,0,284,8_POSSA
query_path_6_34.graph,5,0.1,284,2175463698.0,2209998994.1773305,0.01587491264923442,284,0,284,8_POSSA
query_path_6_59.graph,1,0.1,181,1244438980.0,869316225.0007833,0.30143925176565645,181,0,181,UN
query_path_6_59.graph,2,0.1,181,1244438980.0,152294206.16056907,0.8776201898139118,181,0,181,UN
query_path_6_59.graph,3,0.1,181,1244438980.0,614714795.7753879,0.5060305843397899,181,0,181,UN
query_path_6_59.graph,4,0.1,181,1244438980.0,78712280.06453039,0.9367487829218188,181,0,181,UN
query_path_6_59.graph,5,0.1,181,1244438980.0,774191497.4918451,0.37787910059531793,181,0,181,UN
query_path_6_59.graph,1,0.1,181,1244438980.0,1522436164.5282497,0.22339157563856585,181,0,181,PO
query_path_6_59.graph,2,0.1,181,1244438980.0,1300331518.6136281,0.04491384432013545,181,0,181,PO
query_path_6_59.graph,3,0.1,181,1244438980.0,1312377703.4868758,0.054593856813192856,181,0,181,PO
query_path_6_59.graph,4,0.1,181,1244438980.0,1150914007.193676,0.07515432601309548,181,0,181,PO
query_path_6_59.graph,5,0.1,181,1244438980.0,1569726892.958634,0.26139322070949106,181,0,181,PO
query_path_6_59.graph,1,0.1,181,1244438980.0,1202184145.5062656,0.0339549268166884,181,0,181,WO
query_path_6_59.graph,2,0.1,181,1244438980.0,1265598049.8954234,0.017002898684050714,181,0,181,WO
query_path_6_59.graph,3,0.1,181,1244438980.0,1365056378.510447,0.09692512083673803,181,0,181,WO
query_path_6_59.graph,4,0.1,181,1244438980.0,1346034049.031446,0.0816392532412043,181,0,181,WO
query_path_6_59.graph,5,0.1,181,1244438980.0,1368608272.304289,0.09977933373984244,181,0,181,WO
query_path_6_59.graph,1,0.1,181,1244438980.0,1326993823.0727642,0.06633900448277838,181,0,181,MAB
query_path_6_59.graph,2,0.1,181,1244438980.0,1270131294.7581563,0.020645700730265056,181,0,181,MAB
query_path_6_59.graph,3,0.1,181,1244438980.0,1156402364.6003113,0.07074401944536382,181,0,181,MAB
query_path_6_59.graph,4,0.1,181,1244438980.0,1311179638.9885945,0.05363112218535177,181,0,181,MAB
query_path_6_59.graph,5,0.1,181,1244438980.0,1282610603.3301427,0.030673760580966963,181,0,181,MAB
query_path_6_59.graph,1,0.1,181,1244438980.0,1276237033.2725906,0.025552119295227025,181,0,181,8_POSSA
query_path_6_59.graph,2,0.1,181,1244438980.0,1280719125.5501285,0.029153816404986335,181,0,181,8_POSSA
query_path_6_59.graph,3,0.1,181,1244438980.0,1271045211.2662704,0.02138010114909001,181,0,181,8_POSSA
query_path_6_59.graph,4,0.1,181,1244438980.0,1273470121.8469,0.02332869856495494,181,0,181,8_POSSA
query_path_6_59.graph,5,0.1,181,1244438980.0,1273177451.5233161,0.023093516022228863,181,0,181,8_POSSA
query_path_6_29.graph,1,0.1,479,3418574974.0,1747068763.6728287,0.48894823809330656,479,0,479,UN
query_path_6_29.graph,2,0.1,479,3418574974.0,811729668.6757412,0.7625532056926182,479,0,479,UN
query_path_6_29.graph,3,0.1,479,3418574974.0,7327805640.411312,1.1435263804781226,479,0,479,UN
query_path_6_29.graph,4,0.1,479,3418574974.0,10884239245.721636,2.183852724746951,479,0,479,UN
query_path_6_29.graph,5,0.1,479,3418574974.0,913010680.1233445,0.7329265301866261,479,0,479,UN
query_path_6_29.graph,1,0.1,479,3418574974.0,3185055028.4106617,0.0683091485093573,479,0,479,PO
query_path_6_29.graph,2,0.1,479,3418574974.0,3177596438.356219,0.07049093188727626,479,0,479,PO
query_path_6_29.graph,3,0.1,479,3418574974.0,3158296615.399992,0.07613650733991713,479,0,479,PO
query_path_6_29.graph,4,0.1,479,3418574974.0,3151669846.924268,0.07807496664712091,479,0,479,PO
query_path_6_29.graph,5,0.1,479,3418574974.0,3186887480.49845,0.06777312045622849,479,0,479,PO
query_path_6_29.graph,1,0.1,479,3418574974.0,3198684916.8032513,0.0643221397421804,479,0,479,WO
query_path_6_29.graph,2,0.1,479,3418574974.0,3276434682.1166754,0.0415788136765681,479,0,479,WO
query_path_6_29.graph,3,0.1,479,3418574974.0,3234532278.7067566,0.053836085706173376,479,0,479,WO
query_path_6_29.graph,4,0.1,479,3418574974.0,3318446097.750983,0.029289653440555716,479,0,479,WO
query_path_6_29.graph,5,0.1,479,3418574974.0,3308623576.1791763,0.032162932993150636,479,0,479,WO
query_path_6_29.graph,1,0.1,479,3418574974.0,2940256802.971445,0.13991741432216864,479,0,479,MAB
query_path_6_29.graph,2,0.1,479,3418574974.0,3204497548.94896,0.06262183122476699,479,0,479,MAB
query_path_6_29.graph,3,0.1,479,3418574974.0,3395824925.721868,0.006654833798046742,479,0,479,MAB
query_path_6_29.graph,4,0.1,479,3418574974.0,3272215948.575034,0.042812875697651985,479,0,479,MAB
query_path_6_29.graph,5,0.1,479,3418574974.0,3303819543.660795,0.033568206405294065,479,0,479,MAB
query_path_6_29.graph,1,0.1,479,3418574974.0,3277032042.3127193,0.041404074143111265,479,0,479,8_POSSA
query_path_6_29.graph,2,0.1,479,3418574974.0,3277023258.2111454,0.04140664366451733,479,0,479,8_POSSA
query_path_6_29.graph,3,0.1,479,3418574974.0,3283281865.29268,0.039575878761265455,479,0,479,8_POSSA
query_path_6_29.graph,4,0.1,479,3418574974.0,3274813414.638887,0.04205306610341818,479,0,479,8_POSSA
query_path_6_29.graph,5,0.1,479,3418574974.0,3277884220.489096,0.041154795369687226,479,0,479,8_POSSA
query_path_6_58.graph,1,0.1,281,2175463698.0,358423971.0439897,0.8352424950260008,281,0,281,UN
query_path_6_58.graph,2,0.1,281,2175463698.0,6635986397.142215,2.0503779048314943,281,0,281,UN
query_path_6_58.graph,3,0.1,281,2175463698.0,263558984.94305268,0.8788492838628591,281,0,281,UN
query_path_6_58.graph,4,0.1,281,2175463698.0,2716324464.4499893,0.24861861264208937,281,0,281,UN
query_path_6_58.graph,5,0.1,281,2175463698.0,4199628976.860886,0.9304523356201212,281,0,281,UN
query_path_6_58.graph,1,0.1,281,2175463698.0,2501170243.219276,0.14971821663524534,281,0,281,PO
query_path_6_58.graph,2,0.1,281,2175463698.0,2396866003.6585817,0.10177246619289794,281,0,281,PO
query_path_6_58.graph,3,0.1,281,2175463698.0,2286447056.373288,0.0510159551158312,281,0,281,PO
query_path_6_58.graph,4,0.1,281,2175463698.0,1837128452.4964142,0.15552327800948018,281,0,281,PO
query_path_6_58.graph,5,0.1,281,2175463698.0,2220078276.12487,0.02050807750360807,281,0,281,PO
query_path_6_58.graph,1,0.1,281,2175463698.0,2125460768.443559,0.02298495240458895,281,0,281,WO
query_path_6_58.graph,2,0.1,281,2175463698.0,2048796404.7206173,0.05822542265165516,281,0,281,WO
query_path_6_58.graph,3,0.1,281,2175463698.0,2169875440.817936,0.0025687660001872652,281,0,281,WO
query_path_6_58.graph,4,0.1,281,2175463698.0,1971828912.0773816,0.0936052328107469,281,0,281,WO
query_path_6_58.graph,5,0.1,281,2175463698.0,1994412206.936878,0.08322432189034948,281,0,281,WO
query_path_6_58.graph,1,0.1,281,2175463698.0,2108058810.5842278,0.03098414718560484,281,0,281,MAB
query_path_6_58.graph,2,0.1,281,2175463698.0,2081252726.8846974,0.043306156384919164,281,0,281,MAB
query_path_6_58.graph,3,0.1,281,2175463698.0,2200760369.1725326,0.011628174350042663,281,0,281,MAB
query_path_6_58.graph,4,0.1,281,2175463698.0,2153519429.5701046,0.010087168289716687,281,0,281,MAB
query_path_6_58.graph,5,0.1,281,2175463698.0,2071076495.2344074,0.04798388631424204,281,0,281,MAB
query_path_6_58.graph,1,0.1,281,2175463698.0,2136120666.9459352,0.018084894310226616,281,0,281,8_POSSA
query_path_6_58.graph,2,0.1,281,2175463698.0,2108491048.1285172,0.03078545963927312,281,0,281,8_POSSA
query_path_6_58.graph,3,0.1,281,2175463698.0,2111045017.8667755,0.02961147096706207,281,0,281,8_POSSA
query_path_6_58.graph,4,0.1,281,2175463698.0,2137675500.3130343,0.017370180767303112,281,0,281,8_POSSA
query_path_6_58.graph,5,0.1,281,2175463698.0,2116439643.8266003,0.027131711840405845,281,0,281,8_POSSA
query_path_6_67.graph,1,0.1,177,1244438980.0,55663225.15633898,0.9552704262314743,177,0,177,UN
query_path_6_67.graph,2,0.1,177,1244438980.0,2732453188.0081425,1.1957309534037117,177,0,177,UN
query_path_6_67.graph,3,0.1,177,1244438980.0,263916087.0440373,0.7879236416686036,177,0,177,UN
query_path_6_67.graph,4,0.1,177,1244438980.0,881415887.2644475,0.2917162661808878,177,0,177,UN
query_path_6_67.graph,5,0.1,177,1244438980.0,86235687.41914916,0.9307031611793861,177,0,177,UN
query_path_6_67.graph,1,0.1,177,1244438980.0,1063964758.696985,0.14502456464600216,177,0,177,PO
query_path_6_67.graph,2,0.1,177,1244438980.0,1189133518.9700992,0.044442083475961826,177,0,177,PO
query_path_6_67.graph,3,0.1,177,1244438980.0,1178694743.6924143,0.05283042187218028,177,0,177,PO
query_path_6_67.graph,4,0.1,177,1244438980.0,1063946141.2804703,0.1450395251356798,177,0,177,PO
query_path_6_67.graph,5,0.1,177,1244438980.0,1189212146.6066384,0.04437890027630086,177,0,177,PO
query_path_6_67.graph,1,0.1,177,1244438980.0,1106890474.7666264,0.11053053419571737,177,0,177,WO
query_path_6_67.graph,2,0.1,177,1244438980.0,1211144786.3784926,0.02675438021196299,177,0,177,WO
query_path_6_67.graph,3,0.1,177,1244438980.0,1179759191.0559864,0.051975058627634435,177,0,177,WO
query_path_6_67.graph,4,0.1,177,1244438980.0,1238081991.718643,0.005108316585644922,177,0,177,WO
query_path_6_67.graph,5,0.1,177,1244438980.0,1174843031.044123,0.05592556169839446,177,0,177,WO
query_path_6_67.graph,1,0.1,177,1244438980.0,1125717947.7698035,0.09540124838438963,177,0,177,MAB
query_path_6_67.graph,2,0.1,177,1244438980.0,48550.167225846395,0.999960986301453,177,0,177,MAB
query_path_6_67.graph,3,0.1,177,1244438980.0,1086540665.2483609,0.12688313150688926,177,0,177,MAB
query_path_6_67.graph,4,0.1,177,1244438980.0,1124107453.8896,0.09669540093512657,177,0,177,MAB
query_path_6_67.graph,5,0.1,177,1244438980.0,1229890080.8211765,0.01169113103386031,177,0,177,MAB
query_path_6_67.graph,1,0.1,177,1244438980.0,1164596262.7354164,0.06415960810274811,177,0,177,8_POSSA
query_path_6_67.graph,2,0.1,177,1244438980.0,1171915763.9217763,0.05827784025073186,177,0,177,8_POSSA
query_path_6_67.graph,3,0.1,177,1244438980.0,1163405714.0514488,0.06511630321042433,177,0,177,8_POSSA
query_path_6_67.graph,4,0.1,177,1244438980.0,1161478262.2980096,0.06666515517055756,177,0,177,8_POSSA
query_path_6_67.graph,5,0.1,177,1244438980.0,1171682010.791257,0.05846567841256716,177,0,177,8_POSSA
query_path_6_45.graph,1,0.1,283,2175463698.0,3691299793.744013,0.6967875847055448,283,0,283,UN
query_path_6_45.graph,2,0.1,283,2175463698.0,2641265781.855551,0.2141162292359938,283,0,283,UN
query_path_6_45.graph,3,0.1,283,2175463698.0,239161885.58812162,0.8900639501325655,283,0,283,UN
query_path_6_45.graph,4,0.1,283,2175463698.0,3144069149.3643966,0.44524091680080824,283,0,283,UN
query_path_6_45.graph,5,0.1,283,2175463698.0,1011110293.5517632,0.5352207924768768,283,0,283,UN
query_path_6_45.graph,1,0.1,283,2175463698.0,1971567037.0389595,0.09372560946362457,283,0,283,PO
query_path_6_45.graph,2,0.1,283,2175463698.0,1902510523.7862985,0.12546896299149438,283,0,283,PO
query_path_6_45.graph,3,0.1,283,2175463698.0,1910326055.5524209,0.12187638097171279,283,0,283,PO
query_path_6_45.graph,4,0.1,283,2175463698.0,2051746595.33221,0.056869302292439326,283,0,283,PO
query_path_6_45.graph,5,0.1,283,2175463698.0,1701294929.2910404,0.21796216096130858,283,0,283,PO
query_path_6_45.graph,1,0.1,283,2175463698.0,2119220174.7048132,0.02585357932972815,283,0,283,WO
query_path_6_45.graph,2,0.1,283,2175463698.0,2188920057.929387,0.006185513434105161,283,0,283,WO
query_path_6_45.graph,3,0.1,283,2175463698.0,1966734505.1487067,0.09594698962027604,283,0,283,WO
query_path_6_45.graph,4,0.1,283,2175463698.0,1935330630.6509795,0.11038247504188897,283,0,283,WO
query_path_6_45.graph,5,0.1,283,2175463698.0,1969151010.2669024,0.09483618960075957,283,0,283,WO
query_path_6_45.graph,1,0.1,283,2175463698.0,1821952790.607614,0.16249910661225198,283,0,283,MAB
query_path_6_45.graph,2,0.1,283,2175463698.0,1907451408.3125815,0.1231977761494315,283,0,283,MAB
query_path_6_45.graph,3,0.1,283,2175463698.0,2062861318.4627094,0.05176017399913909,283,0,283,MAB
query_path_6_45.graph,4,0.1,283,2175463698.0,1972638474.5541284,0.09323309951452548,283,0,283,MAB
query_path_6_45.graph,5,0.1,283,2175463698.0,2018497752.834503,0.07215286805741819,283,0,283,MAB
query_path_6_45.graph,1,0.1,283,2175463698.0,2000467795.228556,0.08044073681042141,283,0,283,8_POSSA
query_path_6_45.graph,2,0.1,283,2175463698.0,2010040441.6012435,0.07604045820246848,283,0,283,8_POSSA
query_path_6_45.graph,3,0.1,283,2175463698.0,2007760193.2572727,0.07708862478234159,283,0,283,8_POSSA
query_path_6_45.graph,4,0.1,283,2175463698.0,1999933390.0499403,0.0806863879693476,283,0,283,8_POSSA
query_path_6_45.graph,5,0.1,283,2175463698.0,2014169086.0325341,0.07414263548307018,283,0,283,8_POSSA
query_path_6_69.graph,1,0.1,286,2175463698.0,1826735860.2451177,0.1603004628739534,286,0,286,UN
query_path_6_69.graph,2,0.1,286,2175463698.0,1177393162.4417374,0.45878519438216,286,0,286,UN
query_path_6_69.graph,3,0.1,286,2175463698.0,688787326.4766041,0.6833836725890501,286,0,286,UN
query_path_6_69.graph,4,0.1,286,2175463698.0,1212501782.2997625,0.44264674082382116,286,0,286,UN
query_path_6_69.graph,5,0.1,286,2175463698.0,3259206705.0471807,0.49816644058161647,286,0,286,UN
query_path_6_69.graph,1,0.1,286,2175463698.0,2178491775.593804,0.0013919228330896666,286,0,286,PO
query_path_6_69.graph,2,0.1,286,2175463698.0,1993971526.165964,0.08342689055252446,286,0,286,PO
query_path_6_69.graph,3,0.1,286,2175463698.0,2023866867.5786934,0.06968483572521862,286,0,286,PO
query_path_6_69.graph,4,0.1,286,2175463698.0,1933243845.4891508,0.11134171199157801,286,0,286,PO
query_path_6_69.graph,5,0.1,286,2175463698.0,2240116919.1984997,0.02971928295468145,286,0,286,PO
query_path_6_69.graph,1,0.1,286,2175463698.0,2209861167.318713,0.015811557485577124,286,0,286,WO
query_path_6_69.graph,2,0.1,286,2175463698.0,2156914221.567725,0.008526677070882945,286,0,286,WO
query_path_6_69.graph,3,0.1,286,2175463698.0,2065301928.8731494,0.05063829344894479,286,0,286,WO
query_path_6_69.graph,4,0.1,286,2175463698.0,1979001503.0894468,0.09030819272744914,286,0,286,WO
query_path_6_69.graph,5,0.1,286,2175463698.0,1976078124.2950573,0.09165198844193387,286,0,286,WO
query_path_6_69.graph,1,0.1,286,2175463698.0,2180384872.6202903,0.002262126747881168,286,0,286,MAB
query_path_6_69.graph,2,0.1,286,2175463698.0,1885056795.5092556,0.13349195518993412,286,0,286,MAB
query_path_6_69.graph,3,0.1,286,2175463698.0,2064764377.16667,0.050885390978990225,286,0,286,MAB
query_path_6_69.graph,4,0.1,286,2175463698.0,1935743373.7360058,0.11019274855488498,286,0,286,MAB
query_path_6_69.graph,5,0.1,286,2175463698.0,1956629639.201795,0.1005919147257611,286,0,286,MAB
query_path_6_69.graph,1,0.1,286,2175463698.0,2097847885.9799006,0.03567782449849889,286,0,286,8_POSSA
query_path_6_69.graph,2,0.1,286,2175463698.0,2092859478.1531055,0.03797085647663816,286,0,286,8_POSSA
query_path_6_69.graph,3,0.1,286,2175463698.0,2081959174.794344,0.0429814219798836,286,0,286,8_POSSA
query_path_6_69.graph,4,0.1,286,2175463698.0,2090319900.8453646,0.03913822934986775,286,0,286,8_POSSA
query_path_6_69.graph,5,0.1,286,2175463698.0,2110736657.7699318,0.02975321550507813,286,0,286,8_POSSA
query_path_6_36.graph,1,0.1,460,2453570105.0,285165910.92358476,0.883775111890033,460,0,460,UN
query_path_6_36.graph,2,0.1,460,2453570105.0,1032206496.63565,0.5793042576887567,460,0,460,UN
query_path_6_36.graph,3,0.1,460,2453570105.0,2403383856.229732,0.02045437734507609,460,0,460,UN
query_path_6_36.graph,4,0.1,460,2453570105.0,2258558888.2366877,0.0794805970149006,460,0,460,UN
query_path_6_36.graph,5,0.1,460,2453570105.0,3329232894.9250336,0.3568933237899202,460,0,460,UN
query_path_6_36.graph,1,0.1,460,2453570105.0,2721239387.7767982,0.1090937985555535,460,0,460,PO
query_path_6_36.graph,2,0.1,460,2453570105.0,2429457156.9094086,0.009827698846449481,460,0,460,PO
query_path_6_36.graph,3,0.1,460,2453570105.0,1814776814.8790212,0.2603525731012193,460,0,460,PO
query_path_6_36.graph,4,0.1,460,2453570105.0,2959944625.880414,0.2063827399300718,460,0,460,PO
query_path_6_36.graph,5,0.1,460,2453570105.0,2458765871.149962,0.0021176350899343665,460,0,460,PO
query_path_6_36.graph,1,0.1,460,2453570105.0,2413696276.0750833,0.016251350977769086,460,0,460,WO
query_path_6_36.graph,2,0.1,460,2453570105.0,2374610450.6629076,0.0321815358673407,460,0,460,WO
query_path_6_36.graph,3,0.1,460,2453570105.0,2409112014.10864,0.018119755698343825,460,0,460,WO
query_path_6_36.graph,4,0.1,460,2453570105.0,2433760254.4948745,0.008073888112981195,460,0,460,WO
query_path_6_36.graph,5,0.1,460,2453570105.0,2315417610.8309317,0.0563067237767263,460,0,460,WO
query_path_6_36.graph,1,0.1,460,2453570105.0,2349747473.838958,0.042314923445418415,460,0,460,MAB
query_path_6_36.graph,2,0.1,460,2453570105.0,2350638073.6859474,0.041951942234824624,460,0,460,MAB
query_path_6_36.graph,3,0.1,460,2453570105.0,2394903273.0599046,0.023910803208981642,460,0,460,MAB
query_path_6_36.graph,4,0.1,460,2453570105.0,2557914702.8575635,0.042527661078411896,460,0,460,MAB
query_path_6_36.graph,5,0.1,460,2453570105.0,2410911072.558994,0.017386514595231498,460,0,460,MAB
query_path_6_36.graph,1,0.1,460,2453570105.0,2402528957.8980713,0.02080280771187857,460,0,460,8_POSSA
query_path_6_36.graph,2,0.1,460,2453570105.0,2405156577.7725277,0.019731870358549345,460,0,460,8_POSSA
query_path_6_36.graph,3,0.1,460,2453570105.0,2403648653.8961816,0.02034645392935223,460,0,460,8_POSSA
query_path_6_36.graph,4,0.1,460,2453570105.0,2399506139.4183865,0.02203481590823081,460,0,460,8_POSSA
query_path_6_36.graph,5,0.1,460,2453570105.0,2395816245.2261753,0.02353870372651312,460,0,460,8_POSSA
query_path_6_70.graph,1,0.1,270,2810441602.0,1620948442.3027701,0.42324066041818786,270,0,270,UN
query_path_6_70.graph,2,0.1,270,2810441602.0,5868206044.834631,1.0880014160972524,270,0,270,UN
query_path_6_70.graph,3,0.1,270,2810441602.0,13033679443.06318,3.637591271701927,270,0,270,UN
query_path_6_70.graph,4,0.1,270,2810441602.0,971746279.7519865,0.654237156516449,270,0,270,UN
query_path_6_70.graph,5,0.1,270,2810441602.0,1412136211.970797,0.4975393863491503,270,0,270,UN
query_path_6_70.graph,1,0.1,270,2810441602.0,3105163645.1579285,0.10486680916913373,270,0,270,PO
query_path_6_70.graph,2,0.1,270,2810441602.0,2621562092.3818207,0.06720634560909099,270,0,270,PO
query_path_6_70.graph,3,0.1,270,2810441602.0,3088830877.058531,0.09905534947263096,270,0,270,PO
query_path_6_70.graph,4,0.1,270,2810441602.0,3033017439.9906864,0.0791960373175142,270,0,270,PO
query_path_6_70.graph,5,0.1,270,2810441602.0,3020618306.286326,0.07478422755226705,270,0,270,PO
query_path_6_70.graph,1,0.1,270,2810441602.0,2751508621.8517065,0.020969295396977793,270,0,270,WO
query_path_6_70.graph,2,0.1,270,2810441602.0,2952739786.9890757,0.05063196648093016,270,0,270,WO
query_path_6_70.graph,3,0.1,270,2810441602.0,2884199371.5579486,0.02624419219579592,270,0,270,WO
query_path_6_70.graph,4,0.1,270,2810441602.0,2906859756.8862224,0.03430711914369903,270,0,270,WO
query_path_6_70.graph,5,0.1,270,2810441602.0,2802203343.3288155,0.002931303986292379,270,0,270,WO
query_path_6_70.graph,1,0.1,270,2810441602.0,2680446025.1540747,0.046254502051711846,270,0,270,MAB
query_path_6_70.graph,2,0.1,270,2810441602.0,2735833218.3149056,0.026546854285106173,270,0,270,MAB
query_path_6_70.graph,3,0.1,270,2810441602.0,3157691051.3449736,0.12355689906449568,270,0,270,MAB
query_path_6_70.graph,4,0.1,270,2810441602.0,3066054976.3619566,0.09095132031210111,270,0,270,MAB
query_path_6_70.graph,5,0.1,270,2810441602.0,2656041951.170292,0.05493786126700956,270,0,270,MAB
query_path_6_70.graph,1,0.1,270,2810441602.0,2817518650.5040503,0.002518126866259737,270,0,270,8_POSSA
query_path_6_70.graph,2,0.1,270,2810441602.0,2871195550.075306,0.021617224863192848,270,0,270,8_POSSA
query_path_6_70.graph,3,0.1,270,2810441602.0,2819710733.207785,0.003298104896109181,270,0,270,8_POSSA
query_path_6_70.graph,4,0.1,270,2810441602.0,2831546024.5236926,0.00750929053593358,270,0,270,8_POSSA
query_path_6_70.graph,5,0.1,270,2810441602.0,2818053473.82129,0.0027084255427592464,270,0,270,8_POSSA
query_path_6_37.graph,1,0.1,412,1706860585.0,5906500634.591598,2.4604470256670656,412,0,412,UN
query_path_6_37.graph,2,0.1,412,1706860585.0,1099009625.4413228,0.35612220757835195,412,0,412,UN
query_path_6_37.graph,3,0.1,412,1706860585.0,307033608.39456916,0.8201179340053897,412,0,412,UN
query_path_6_37.graph,4,0.1,412,1706860585.0,1608703603.3015778,0.05750732225058802,412,0,412,UN
query_path_6_37.graph,5,0.1,412,1706860585.0,123930973.85324635,0.9273924449703979,412,0,412,UN
query_path_6_37.graph,1,0.1,412,1706860585.0,1620978636.5835757,0.05031573707376005,412,0,412,PO
query_path_6_37.graph,2,0.1,412,1706860585.0,1477093203.276088,0.134614029841173,412,0,412,PO
query_path_6_37.graph,3,0.1,412,1706860585.0,1526297028.1262681,0.10578693916804685,412,0,412,PO
query_path_6_37.graph,4,0.1,412,1706860585.0,1531828586.500931,0.10254615991327082,412,0,412,PO
query_path_6_37.graph,5,0.1,412,1706860585.0,1555806555.2100625,0.08849816506246026,412,0,412,PO
query_path_6_37.graph,1,0.1,412,1706860585.0,1657240510.3861008,0.029070959309719622,412,0,412,WO
query_path_6_37.graph,2,0.1,412,1706860585.0,1607181195.7140112,0.058399256601258276,412,0,412,WO
query_path_6_37.graph,3,0.1,412,1706860585.0,1630096792.655892,0.044973674486781884,412,0,412,WO
query_path_6_37.graph,4,0.1,412,1706860585.0,1623567655.2819786,0.04879890627858244,412,0,412,WO
query_path_6_37.graph,5,0.1,412,1706860585.0,1634250851.4060936,0.042539932219424,412,0,412,WO
query_path_6_37.graph,1,0.1,412,1706860585.0,1616645857.5407412,0.0528541863653491,412,0,412,MAB
query_path_6_37.graph,2,0.1,412,1706860585.0,1553968880.2274177,0.089574805415395,412,0,412,MAB
query_path_6_37.graph,3,0.1,412,1706860585.0,1725648051.4739766,0.011007030474007116,412,0,412,MAB
query_path_6_37.graph,4,0.1,412,1706860585.0,1634520061.4704208,0.04238220986840537,412,0,412,MAB
query_path_6_37.graph,5,0.1,412,1706860585.0,1619092073.6731117,0.051421019442480315,412,0,412,MAB
query_path_6_37.graph,1,0.1,412,1706860585.0,1621649113.9217134,0.04992292389145927,412,0,412,8_POSSA
query_path_6_37.graph,2,0.1,412,1706860585.0,1630252155.1225128,0.04488265213382216,412,0,412,8_POSSA
query_path_6_37.graph,3,0.1,412,1706860585.0,1630545022.7363505,0.04471106951224693,412,0,412,8_POSSA
query_path_6_37.graph,4,0.1,412,1706860585.0,1629920700.007884,0.04507684205041033,412,0,412,8_POSSA
query_path_6_37.graph,5,0.1,412,1706860585.0,1628550779.665729,0.04587943855664753,412,0,412,8_POSSA
query_path_6_60.graph,1,0.1,276,2810441602.0,2461010133.837096,0.12433329620307257,276,0,276,UN
query_path_6_60.graph,2,0.1,276,2810441602.0,1116720644.2812946,0.6026529626210342,276,0,276,UN
query_path_6_60.graph,3,0.1,276,2810441602.0,1253945820.9065762,0.5538260535233224,276,0,276,UN
query_path_6_60.graph,4,0.1,276,2810441602.0,3861961853.232176,0.3741476963918697,276,0,276,UN
query_path_6_60.graph,5,0.1,276,2810441602.0,1444795736.10881,0.4859186061433736,276,0,276,UN
query_path_6_60.graph,1,0.1,276,2810441602.0,2547165109.278843,0.09367798019136961,276,0,276,PO
query_path_6_60.graph,2,0.1,276,2810441602.0,2402782518.8169255,0.14505161142397383,276,0,276,PO
query_path_6_60.graph,3,0.1,276,2810441602.0,2459280274.0161214,0.12494880795031678,276,0,276,PO
query_path_6_60.graph,4,0.1,276,2810441602.0,2452522086.242697,0.12735347907695227,276,0,276,PO
query_path_6_60.graph,5,0.1,276,2810441602.0,2541432709.866,0.09571765943920148,276,0,276,PO
query_path_6_60.graph,1,0.1,276,2810441602.0,2705448152.522622,0.03735834589221181,276,0,276,WO
query_path_6_60.graph,2,0.1,276,2810441602.0,2657936065.4884977,0.0542639051467835,276,0,276,WO
query_path_6_60.graph,3,0.1,276,2810441602.0,2656240979.599954,0.05486704377358768,276,0,276,WO
query_path_6_60.graph,4,0.1,276,2810441602.0,2513775334.410605,0.10555859526783187,276,0,276,WO
query_path_6_60.graph,5,0.1,276,2810441602.0,2721319278.681745,0.031711145769701334,276,0,276,WO
query_path_6_60.graph,1,0.1,276,2810441602.0,2706051083.6772103,0.03714381335961652,276,0,276,MAB
query_path_6_60.graph,2,0.1,276,2810441602.0,2677788804.9291954,0.04719998343904553,276,0,276,MAB
query_path_6_60.graph,3,0.1,276,2810441602.0,2659608572.319666,0.05366880050914294,276,0,276,MAB
query_path_6_60.graph,4,0.1,276,2810441602.0,2475429144.409765,0.11920278199405733,276,0,276,MAB
query_path_6_60.graph,5,0.1,276,2810441602.0,2497950283.667082,0.11118940102172532,276,0,276,MAB
query_path_6_60.graph,1,0.1,276,2810441602.0,2618052147.9252186,0.06845523989463824,276,0,276,8_POSSA
query_path_6_60.graph,2,0.1,276,2810441602.0,2633823497.7540455,0.06284354178370667,276,0,276,8_POSSA
query_path_6_60.graph,3,0.1,276,2810441602.0,2613191847.9109416,0.07018461225050511,276,0,276,8_POSSA
query_path_6_60.graph,4,0.1,276,2810441602.0,2608344865.3005395,0.07190924606141683,276,0,276,8_POSSA
query_path_6_60.graph,5,0.1,276,2810441602.0,2653260602.719047,0.055927509459402364,276,0,276,8_POSSA
query_path_6_66.graph,1,0.1,179,1244438980.0,4757556555.652803,2.823053305235427,179,0,179,UN
query_path_6_66.graph,2,0.1,179,1244438980.0,1689937044.1703885,0.35799108781564243,179,0,179,UN
query_path_6_66.graph,3,0.1,179,1244438980.0,284161269.89095753,0.7716551197303724,179,0,179,UN
query_path_6_66.graph,4,0.1,179,1244438980.0,306927343.69926697,0.7533608729459222,179,0,179,UN
query_path_6_66.graph,5,0.1,179,1244438980.0,678976247.3618377,0.45439169113632416,179,0,179,UN
query_path_6_66.graph,1,0.1,179,1244438980.0,1067982682.1897725,0.14179586194754806,179,0,179,PO
query_path_6_66.graph,2,0.1,179,1244438980.0,1067919352.0803543,0.14184675243750855,179,0,179,PO
query_path_6_66.graph,3,0.1,179,1244438980.0,1278799890.8686814,0.027611567478126917,179,0,179,PO
query_path_6_66.graph,4,0.1,179,1244438980.0,1243524688.3899932,0.0007347018413123071,179,0,179,PO
query_path_6_66.graph,5,0.1,179,1244438980.0,1243245415.3848922,0.000959118634412894,179,0,179,PO
query_path_6_66.graph,1,0.1,179,1244438980.0,1171838288.666316,0.05834009742581671,179,0,179,WO
query_path_6_66.graph,2,0.1,179,1244438980.0,1160303336.520428,0.06760929610190454,179,0,179,WO
query_path_6_66.graph,3,0.1,179,1244438980.0,1263461869.6101785,0.015286317702920613,179,0,179,WO
query_path_6_66.graph,4,0.1,179,1244438980.0,1262263982.4656065,0.01432372559207881,179,0,179,WO
query_path_6_66.graph,5,0.1,179,1244438980.0,1225270454.9405797,0.015403346702801248,179,0,179,WO
query_path_6_66.graph,1,0.1,179,1244438980.0,1125044895.9880176,0.09594209594108218,179,0,179,MAB
query_path_6_66.graph,2,0.1,179,1244438980.0,1278631947.7850401,0.02747661262189018,179,0,179,MAB
query_path_6_66.graph,3,0.1,179,1244438980.0,1077156276.820745,0.13442419103526876,179,0,179,MAB
query_path_6_66.graph,4,0.1,179,1244438980.0,1268730719.7819216,0.01952023375378488,179,0,179,MAB
query_path_6_66.graph,5,0.1,179,1244438980.0,1134203716.6749809,0.08858229700022666,179,0,179,MAB
query_path_6_66.graph,1,0.1,179,1244438980.0,1207901796.335649,0.029360365796602568,179,0,179,8_POSSA
query_path_6_66.graph,2,0.1,179,1244438980.0,1196438071.0547132,0.03857232834774008,179,0,179,8_POSSA
query_path_6_66.graph,3,0.1,179,1244438980.0,1209746484.8804636,0.027878020278291508,179,0,179,8_POSSA
query_path_6_66.graph,4,0.1,179,1244438980.0,1212253961.0850623,0.025863075194685507,179,0,179,8_POSSA
query_path_6_66.graph,5,0.1,179,1244438980.0,1206266888.6804762,0.030674136645513796,179,0,179,8_POSSA
query_path_6_51.graph,1,0.1,399,3299011637.0,2687391480.547663,0.18539496787241458,399,0,399,UN
query_path_6_51.graph,2,0.1,399,3299011637.0,722637026.417207,0.7809534776075097,399,0,399,UN
query_path_6_51.graph,3,0.1,399,3299011637.0,2796303754.353473,0.1523813608319584,399,0,399,UN
query_path_6_51.graph,4,0.1,399,3299011637.0,364480178.002793,0.8895183715283169,399,0,399,UN
query_path_6_51.graph,5,0.1,399,3299011637.0,4035456138.217447,0.22323185919014896,399,0,399,UN
query_path_6_51.graph,1,0.1,399,3299011637.0,3505440900.1540437,0.06257306304677447,399,0,399,PO
query_path_6_51.graph,2,0.1,399,3299011637.0,3849416552.873894,0.16683933748545737,399,0,399,PO
query_path_6_51.graph,3,0.1,399,3299011637.0,3191184257.832277,0.032684752596319255,399,0,399,PO
query_path_6_51.graph,4,0.1,399,3299011637.0,3283965827.157938,0.004560702264070854,399,0,399,PO
query_path_6_51.graph,5,0.1,399,3299011637.0,3469116632.8956394,0.05156241159862251,399,0,399,PO
query_path_6_51.graph,1,0.1,399,3299011637.0,3232208504.6988616,0.020249438211102134,399,0,399,WO
query_path_6_51.graph,2,0.1,399,3299011637.0,3336643251.3836603,0.011406935932448278,399,0,399,WO
query_path_6_51.graph,3,0.1,399,3299011637.0,3362326226.0018144,0.01919198716722028,399,0,399,WO
query_path_6_51.graph,4,0.1,399,3299011637.0,3380104114.872159,0.024580840201552465,399,0,399,WO
query_path_6_51.graph,5,0.1,399,3299011637.0,3338342254.907384,0.011921939730758191,399,0,399,WO
query_path_6_51.graph,1,0.1,399,3299011637.0,3160176628.66438,0.04208381891670785,399,0,399,MAB
query_path_6_51.graph,2,0.1,399,3299011637.0,3229100494.4285846,0.021191541668822377,399,0,399,MAB
query_path_6_51.graph,3,0.1,399,3299011637.0,3733299183.3016324,0.131641713969993,399,0,399,MAB
query_path_6_51.graph,4,0.1,399,3299011637.0,3095113233.2805305,0.06180590617888431,399,0,399,MAB
query_path_6_51.graph,5,0.1,399,3299011637.0,3261901577.976706,0.011248841503645163,399,0,399,MAB
query_path_6_51.graph,1,0.1,399,3299011637.0,3235705739.7698445,0.019189352507929778,399,0,399,8_POSSA
query_path_6_51.graph,2,0.1,399,3299011637.0,3240255347.1194935,0.01781027057362469,399,0,399,8_POSSA
query_path_6_51.graph,3,0.1,399,3299011637.0,3268550096.86774,0.009233535217220529,399,0,399,8_POSSA
query_path_6_51.graph,4,0.1,399,3299011637.0,3268800001.807722,0.00915778375966908,399,0,399,8_POSSA
query_path_6_51.graph,5,0.1,399,3299011637.0,3260551534.6835423,0.011658068096853382,399,0,399,8_POSSA
query_path_6_73.graph,1,0.1,482,3418574974.0,6050134346.00447,0.7697825532623436,482,0,482,UN
query_path_6_73.graph,2,0.1,482,3418574974.0,1488616495.432287,0.5645505783099766,482,0,482,UN
query_path_6_73.graph,3,0.1,482,3418574974.0,2428313695.3310475,0.2896707798425931,482,0,482,UN
query_path_6_73.graph,4,0.1,482,3418574974.0,636677599.6833504,0.8137593574733311,482,0,482,UN
query_path_6_73.graph,5,0.1,482,3418574974.0,664808903.635664,0.8055304012075577,482,0,482,UN
query_path_6_73.graph,1,0.1,482,3418574974.0,3342747860.391016,0.022180912861554224,482,0,482,PO
query_path_6_73.graph,2,0.1,482,3418574974.0,3256781906.29264,0.0473276347419256,482,0,482,PO
query_path_6_73.graph,3,0.1,482,3418574974.0,3201081805.585873,0.06362100292322764,482,0,482,PO
query_path_6_73.graph,4,0.1,482,3418574974.0,3257734669.232969,0.047048932958997085,482,0,482,PO
query_path_6_73.graph,5,0.1,482,3418574974.0,3589475309.7109246,0.04999168864532986,482,0,482,PO
query_path_6_73.graph,1,0.1,482,3418574974.0,3327211042.747707,0.02672573570776193,482,0,482,WO
query_path_6_73.graph,2,0.1,482,3418574974.0,3400685247.0089025,0.005233094820841408,482,0,482,WO
query_path_6_73.graph,3,0.1,482,3418574974.0,3376412718.1670976,0.01233328394245199,482,0,482,WO
query_path_6_73.graph,4,0.1,482,3418574974.0,3428438630.9995656,0.002885312469255092,482,0,482,WO
query_path_6_73.graph,5,0.1,482,3418574974.0,3379926109.0859222,0.011305548425300606,482,0,482,WO
query_path_6_73.graph,1,0.1,482,3418574974.0,3586912957.0540957,0.04924215040898376,482,0,482,MAB
query_path_6_73.graph,2,0.1,482,3418574974.0,3305563677.317199,0.033058013219633656,482,0,482,MAB
query_path_6_73.graph,3,0.1,482,3418574974.0,3577155820.378509,0.046387997216558646,482,0,482,MAB
query_path_6_73.graph,4,0.1,482,3418574974.0,3198993476.2343917,0.06423188007741155,482,0,482,MAB
query_path_6_73.graph,5,0.1,482,3418574974.0,3458332157.1082034,0.011629753160476805,482,0,482,MAB
query_path_6_73.graph,1,0.1,482,3418574974.0,3374893479.902993,0.012777690830017409,482,0,482,8_POSSA
query_path_6_73.graph,2,0.1,482,3418574974.0,3372778981.146373,0.013396223046716543,482,0,482,8_POSSA
query_path_6_73.graph,3,0.1,482,3418574974.0,3374814581.155354,0.012800770255871527,482,0,482,8_POSSA
query_path_6_73.graph,4,0.1,482,3418574974.0,3371293164.491661,0.013830853460269592,482,0,482,8_POSSA
query_path_6_73.graph,5,0.1,482,3418574974.0,3374961427.3972816,0.012757814859823623,482,0,482,8_POSSA
query_path_6_76.graph,1,0.1,437,2729535768.0,178778267.73354253,0.9345023172696734,437,0,437,UN
query_path_6_76.graph,2,0.1,437,2729535768.0,5518875533.855332,1.021909952071869,437,0,437,UN
query_path_6_76.graph,3,0.1,437,2729535768.0,360856751.16680914,0.8677955587183172,437,0,437,UN
query_path_6_76.graph,4,0.1,437,2729535768.0,288163557.7809282,0.8944276308230711,437,0,437,UN
query_path_6_76.graph,5,0.1,437,2729535768.0,41824844.19449245,0.9846769385897667,437,0,437,UN
query_path_6_76.graph,1,0.1,437,2729535768.0,2843397672.4231267,0.04171475082246539,437,0,437,PO
query_path_6_76.graph,2,0.1,437,2729535768.0,2694945592.10884,0.012672549045402366,437,0,437,PO
query_path_6_76.graph,3,0.1,437,2729535768.0,2637132091.2501616,0.03385325733157359,437,0,437,PO
query_path_6_76.graph,4,0.1,437,2729535768.0,2599144960.2659173,0.04777032390003204,437,0,437,PO
query_path_6_76.graph,5,0.1,437,2729535768.0,2664562121.5637197,0.023803918306550747,437,0,437,PO
query_path_6_76.graph,1,0.1,437,2729535768.0,2753580359.1522923,0.008809040509445433,437,0,437,WO
query_path_6_76.graph,2,0.1,437,2729535768.0,2789133787.077541,0.0218344891377664,437,0,437,WO
query_path_6_76.graph,3,0.1,437,2729535768.0,2706506268.948541,0.008437148661485807,437,0,437,WO
query_path_6_76.graph,4,0.1,437,2729535768.0,2735571400.727521,0.0022112304950461974,437,0,437,WO
query_path_6_76.graph,5,0.1,437,2729535768.0,2670621448.6479073,0.021584007083834903,437,0,437,WO
query_path_6_76.graph,1,0.1,437,2729535768.0,2763006538.366861,0.012262440653556904,437,0,437,MAB
query_path_6_76.graph,2,0.1,437,2729535768.0,2901854233.2247915,0.06313105226353331,437,0,437,MAB
query_path_6_76.graph,3,0.1,437,2729535768.0,2737940146.1265435,0.0030790503737203718,437,0,437,MAB
query_path_6_76.graph,4,0.1,437,2729535768.0,2557006282.4557266,0.06320836223028874,437,0,437,MAB
query_path_6_76.graph,5,0.1,437,2729535768.0,2722942262.1113286,0.0024156143934697828,437,0,437,MAB
query_path_6_76.graph,1,0.1,437,2729535768.0,2737575626.3952446,0.0029455039532731995,437,0,437,8_POSSA
query_path_6_76.graph,2,0.1,437,2729535768.0,2736973631.043997,0.0027249553316704552,437,0,437,8_POSSA
query_path_6_76.graph,3,0.1,437,2729535768.0,2737164311.809144,0.0027948136450813565,437,0,437,8_POSSA
query_path_6_76.graph,4,0.1,437,2729535768.0,2743616778.125786,0.0051587564049777376,437,0,437,8_POSSA
query_path_6_76.graph,5,0.1,437,2729535768.0,2739510793.8517404,0.0036544770611485022,437,0,437,8_POSSA
query_path_6_55.graph,1,0.1,456,2453570105.0,2033265156.0465965,0.17130341949345013,456,0,456,UN
query_path_6_55.graph,2,0.1,456,2453570105.0,430515817.997614,0.8245349431343785,456,0,456,UN
query_path_6_55.graph,3,0.1,456,2453570105.0,138276584.27671927,0.9436427008973851,456,0,456,UN
query_path_6_55.graph,4,0.1,456,2453570105.0,1325217884.3505776,0.45988179361576564,456,0,456,UN
query_path_6_55.graph,5,0.1,456,2453570105.0,1394632575.5423267,0.43159049227887186,456,0,456,UN
query_path_6_55.graph,1,0.1,456,2453570105.0,2546419429.030011,0.037842539669357106,456,0,456,PO
query_path_6_55.graph,2,0.1,456,2453570105.0,2441052751.2204447,0.005101689882040408,456,0,456,PO
query_path_6_55.graph,3,0.1,456,2453570105.0,2148499949.7727966,0.12433724824308755,456,0,456,PO
query_path_6_55.graph,4,0.1,456,2453570105.0,2439413109.8455324,0.005769957469573743,456,0,456,PO
query_path_6_55.graph,5,0.1,456,2453570105.0,2307939301.1723323,0.059354653666057654,456,0,456,PO
query_path_6_55.graph,1,0.1,456,2453570105.0,2432172587.81692,0.008720972406484466,456,0,456,WO
query_path_6_55.graph,2,0.1,456,2453570105.0,2403593128.7588573,0.020369084274094035,456,0,456,WO
query_path_6_55.graph,3,0.1,456,2453570105.0,2447844437.39806,0.002333606686139565,456,0,456,WO
query_path_6_55.graph,4,0.1,456,2453570105.0,2417245931.998629,0.01480461998104224,456,0,456,WO
query_path_6_55.graph,5,0.1,456,2453570105.0,2388610523.764005,0.026475535018794506,456,0,456,WO
query_path_6_55.graph,1,0.1,456,2453570105.0,2613971030.2371435,0.06537450261163152,456,0,456,MAB
query_path_6_55.graph,2,0.1,456,2453570105.0,2304839728.6025157,0.0606179444778833,456,0,456,MAB
query_path_6_55.graph,3,0.1,456,2453570105.0,2296277684.4137053,0.06410757135724665,456,0,456,MAB
query_path_6_55.graph,4,0.1,456,2453570105.0,2395033373.066534,0.02385777843240634,456,0,456,MAB
query_path_6_55.graph,5,0.1,456,2453570105.0,2462475823.1020703,0.0036296978366021997,456,0,456,MAB
query_path_6_55.graph,1,0.1,456,2453570105.0,2432403815.9539404,0.008626730902420906,456,0,456,8_POSSA
query_path_6_55.graph,2,0.1,456,2453570105.0,2440623716.2705617,0.005276551382434742,456,0,456,8_POSSA
query_path_6_55.graph,3,0.1,456,2453570105.0,2436977257.071692,0.006762736428233425,456,0,456,8_POSSA
query_path_6_55.graph,4,0.1,456,2453570105.0,2447304479.8892493,0.0025536768230026486,456,0,456,8_POSSA
query_path_6_55.graph,5,0.1,456,2453570105.0,2447960987.329587,0.0022861045050159745,456,0,456,8_POSSA
query_path_6_75.graph,1,0.1,379,11490080461.0,7420811541.314387,0.3541549542231367,379,0,379,UN
query_path_6_75.graph,2,0.1,379,11490080461.0,2541693701.8052073,0.7787923495895173,379,0,379,UN
query_path_6_75.graph,3,0.1,379,11490080461.0,1445107940.5562644,0.8742299546586034,379,0,379,UN
query_path_6_75.graph,4,0.1,379,11490080461.0,11263765177.112997,0.019696579554439982,379,0,379,UN
query_path_6_75.graph,5,0.1,379,11490080461.0,4242032628.554798,0.6308091450748982,379,0,379,UN
query_path_6_75.graph,1,0.1,379,11490080461.0,10751484114.340551,0.06428121623398687,379,0,379,PO
query_path_6_75.graph,2,0.1,379,11490080461.0,12191758303.1419,0.061068139994628984,379,0,379,PO
query_path_6_75.graph,3,0.1,379,11490080461.0,11383809350.843203,0.009248943949305335,379,0,379,PO
query_path_6_75.graph,4,0.1,379,11490080461.0,6783760957.10619,0.4095984810435533,379,0,379,PO
query_path_6_75.graph,5,0.1,379,11490080461.0,10751905147.927189,0.0642445730104632,379,0,379,PO
query_path_6_75.graph,1,0.1,379,11490080461.0,10713422333.836327,0.06759379360308497,379,0,379,WO
query_path_6_75.graph,2,0.1,379,11490080461.0,10803163150.84798,0.05978350739001143,379,0,379,WO
query_path_6_75.graph,3,0.1,379,11490080461.0,10941688807.603285,0.04772739888620308,379,0,379,WO
query_path_6_75.graph,4,0.1,379,11490080461.0,10902656053.937044,0.051124481595826124,379,0,379,WO
query_path_6_75.graph,5,0.1,379,11490080461.0,10400875128.672607,0.09479527458701514,379,0,379,WO
query_path_6_75.graph,1,0.1,379,11490080461.0,11212467216.856667,0.024161122725434102,379,0,379,MAB
query_path_6_75.graph,2,0.1,379,11490080461.0,11178835854.130432,0.027088113780056138,379,0,379,MAB
query_path_6_75.graph,3,0.1,379,11490080461.0,10842720752.346664,0.05634074633773233,379,0,379,MAB
query_path_6_75.graph,4,0.1,379,11490080461.0,10311711784.710735,0.10255530240096417,379,0,379,MAB
query_path_6_75.graph,5,0.1,379,11490080461.0,11013138412.494633,0.04150902599196057,379,0,379,MAB
query_path_6_75.graph,1,0.1,379,11490080461.0,10815271076.111923,0.058729735372918965,379,0,379,8_POSSA
query_path_6_75.graph,2,0.1,379,11490080461.0,10861865883.580757,0.05467451507859749,379,0,379,8_POSSA
query_path_6_75.graph,3,0.1,379,11490080461.0,10803247515.500189,0.05977616499998251,379,0,379,8_POSSA
query_path_6_75.graph,4,0.1,379,11490080461.0,10858210860.312725,0.054992617574088104,379,0,379,8_POSSA
query_path_6_75.graph,5,0.1,379,11490080461.0,10753631476.457163,0.0640943278893926,379,0,379,8_POSSA
query_path_6_83.graph,1,0.1,336,1592146312.0,38490520.488,0.9758247591958747,336,0,336,UN
query_path_6_83.graph,2,0.1,336,1592146312.0,211812021.42,0.8669644744182279,336,0,336,UN
query_path_6_83.graph,3,0.1,336,1592146312.0,1109778296.6439996,0.3029671404696885,336,0,336,UN
query_path_6_83.graph,4,0.1,336,1592146312.0,2378706555.5759997,0.49402510161767077,336,0,336,UN
query_path_6_83.graph,5,0.1,336,1592146312.0,451748315.88399994,0.7162645716168328,336,0,336,UN
query_path_6_83.graph,1,0.1,336,1592146312.0,1471093217.92724,0.07603138804542237,336,0,336,PO
query_path_6_83.graph,2,0.1,336,1592146312.0,1475487557.2442734,0.07327137831270282,336,0,336,PO
query_path_6_83.graph,3,0.1,336,1592146312.0,1625635636.5615797,0.021034074763839734,336,0,336,PO
query_path_6_83.graph,4,0.1,336,1592146312.0,1463620460.4197683,0.08072489984842025,336,0,336,PO
query_path_6_83.graph,5,0.1,336,1592146312.0,1728755189.928341,0.08580171112335618,336,0,336,PO
query_path_6_83.graph,1,0.1,336,1592146312.0,1555040673.630798,0.02330541991620799,336,0,336,WO
query_path_6_83.graph,2,0.1,336,1592146312.0,1556209774.0859063,0.0225711278186183,336,0,336,WO
query_path_6_83.graph,3,0.1,336,1592146312.0,1662075458.2406502,0.04392130654927534,336,0,336,WO
query_path_6_83.graph,4,0.1,336,1592146312.0,1558302177.4606135,0.02125692487198156,336,0,336,WO
query_path_6_83.graph,5,0.1,336,1592146312.0,1613352284.1674411,0.013319110189567258,336,0,336,WO
query_path_6_83.graph,1,0.1,336,1592146312.0,1712384724.243114,0.07551970025422763,336,0,336,MAB
query_path_6_83.graph,2,0.1,336,1592146312.0,1689666047.1554976,0.06125048585076115,336,0,336,MAB
query_path_6_83.graph,3,0.1,336,1592146312.0,1486002264.2957003,0.06666726977558057,336,0,336,MAB
query_path_6_83.graph,4,0.1,336,1592146312.0,1560632412.8882346,0.01979334366084653,336,0,336,MAB
query_path_6_83.graph,5,0.1,336,1592146312.0,1496839457.3587894,0.0598606132632932,336,0,336,MAB
query_path_6_83.graph,1,0.1,336,1592146312.0,1616049088.6754231,0.015012927201016652,336,0,336,8_POSSA
query_path_6_83.graph,2,0.1,336,1592146312.0,1619703476.1313524,0.017308185763867424,336,0,336,8_POSSA
query_path_6_83.graph,3,0.1,336,1592146312.0,1617088086.406969,0.015665503992304614,336,0,336,8_POSSA
query_path_6_83.graph,4,0.1,336,1592146312.0,1607033083.3204236,0.009350127691294494,336,0,336,8_POSSA
query_path_6_83.graph,5,0.1,336,1592146312.0,1607386430.505551,0.009572059044251393,336,0,336,8_POSSA
query_path_6_53.graph,1,0.1,552,2233979444.0,1052429387.0904233,0.5288992519975831,552,0,552,UN
query_path_6_53.graph,2,0.1,552,2233979444.0,12145334584.562658,4.436636678633046,552,0,552,UN
query_path_6_53.graph,3,0.1,552,2233979444.0,2887402444.9492917,0.29249284397143793,552,0,552,UN
query_path_6_53.graph,4,0.1,552,2233979444.0,396534618.7857949,0.822498537374279,552,0,552,UN
query_path_6_53.graph,5,0.1,552,2233979444.0,1105425178.3786645,0.5051766562366522,552,0,552,UN
query_path_6_53.graph,1,0.1,552,2233979444.0,2360729122.7275515,0.05673717323942908,552,0,552,PO
query_path_6_53.graph,2,0.1,552,2233979444.0,2481883103.0052323,0.11096953450984051,552,0,552,PO
query_path_6_53.graph,3,0.1,552,2233979444.0,2227656042.852716,0.0028305547592514155,552,0,552,PO
query_path_6_53.graph,4,0.1,552,2233979444.0,2294912879.3779593,0.02727573682095136,552,0,552,PO
query_path_6_53.graph,5,0.1,552,2233979444.0,2251478890.6661053,0.007833306932660062,552,0,552,PO
query_path_6_53.graph,1,0.1,552,2233979444.0,2266026296.6288476,0.014345186888321072,552,0,552,WO
query_path_6_53.graph,2,0.1,552,2233979444.0,2255638853.884207,0.009695438309595641,552,0,552,WO
query_path_6_53.graph,3,0.1,552,2233979444.0,2282548221.6791472,0.021740924165436163,552,0,552,WO
query_path_6_53.graph,4,0.1,552,2233979444.0,2234618144.8928905,0.00028590276182078125,552,0,552,WO
query_path_6_53.graph,5,0.1,552,2233979444.0,2263331313.089382,0.013138826844721035,552,0,552,WO
query_path_6_53.graph,1,0.1,552,2233979444.0,2292326807.2937646,0.026118128996429832,552,0,552,MAB
query_path_6_53.graph,2,0.1,552,2233979444.0,2217998504.6591206,0.0071535749282746934,552,0,552,MAB
query_path_6_53.graph,3,0.1,552,2233979444.0,2247000320.0087786,0.00582855676839369,552,0,552,MAB
query_path_6_53.graph,4,0.1,552,2233979444.0,2341714141.8117366,0.04822546514520954,552,0,552,MAB
query_path_6_53.graph,5,0.1,552,2233979444.0,2205376524.618467,0.012803573219240931,552,0,552,MAB
query_path_6_53.graph,1,0.1,552,2233979444.0,2257170367.6745605,0.010380992419982422,552,0,552,8_POSSA
query_path_6_53.graph,2,0.1,552,2233979444.0,2260512463.8388715,0.011877020583216914,552,0,552,8_POSSA
query_path_6_53.graph,3,0.1,552,2233979444.0,2256715748.648238,0.010177490535690973,552,0,552,8_POSSA
query_path_6_53.graph,4,0.1,552,2233979444.0,2256612942.7322574,0.010131471349499743,552,0,552,8_POSSA
query_path_6_53.graph,5,0.1,552,2233979444.0,2262229246.866173,0.012645507075745854,552,0,552,8_POSSA
query_path_6_48.graph,1,0.1,599,1345592177.0,784390342.8739998,0.41706680799616463,599,0,599,UN
query_path_6_48.graph,2,0.1,599,1345592177.0,941822805.0600001,0.3000681624355192,599,0,599,UN
query_path_6_48.graph,3,0.1,599,1345592177.0,1818743052.58,0.35163022174734293,599,0,599,UN
query_path_6_48.graph,4,0.1,599,1345592177.0,401813566.6199999,0.7013853279707348,599,0,599,UN
query_path_6_48.graph,5,0.1,599,1345592177.0,400379451.32899994,0.7024511154474407,599,0,599,UN
query_path_6_48.graph,1,0.1,599,1345592177.0,1388191109.7975528,0.03165813054333239,599,0,599,PO
query_path_6_48.graph,2,0.1,599,1345592177.0,1185728974.1218593,0.11880509236799813,599,0,599,PO
query_path_6_48.graph,3,0.1,599,1345592177.0,1304091752.92429,0.030841754868280613,599,0,599,PO
query_path_6_48.graph,4,0.1,599,1345592177.0,1408362322.4812758,0.04664871463597681,599,0,599,PO
query_path_6_48.graph,5,0.1,599,1345592177.0,1338668738.9909654,0.0051452721912150605,599,0,599,PO
query_path_6_48.graph,1,0.1,599,1345592177.0,1413117383.2921622,0.05018251996879897,599,0,599,WO
query_path_6_48.graph,2,0.1,599,1345592177.0,1441779757.6275375,0.07148345707685955,599,0,599,WO
query_path_6_48.graph,3,0.1,599,1345592177.0,1431882967.7727678,0.06412848725469944,599,0,599,WO
query_path_6_48.graph,4,0.1,599,1345592177.0,1402679428.2446668,0.042425373913768535,599,0,599,WO
query_path_6_48.graph,5,0.1,599,1345592177.0,1398580939.155166,0.039379511163110684,599,0,599,WO
query_path_6_48.graph,1,0.1,599,1345592177.0,1408505749.6843948,0.046755305032064584,599,0,599,MAB
query_path_6_48.graph,2,0.1,599,1345592177.0,1369868431.9496539,0.018041316949224402,599,0,599,MAB
query_path_6_48.graph,3,0.1,599,1345592177.0,1429086436.5917957,0.06205019694596194,599,0,599,MAB
query_path_6_48.graph,4,0.1,599,1345592177.0,1453726253.7014291,0.08036170137560865,599,0,599,MAB
query_path_6_48.graph,5,0.1,599,1345592177.0,1311668594.9457629,0.025210894232359324,599,0,599,MAB
query_path_6_48.graph,1,0.1,599,1345592177.0,1413951770.7690175,0.05080260939196695,599,0,599,8_POSSA
query_path_6_48.graph,2,0.1,599,1345592177.0,1414868909.7618394,0.05148419702936441,599,0,599,8_POSSA
query_path_6_48.graph,3,0.1,599,1345592177.0,1418821003.680385,0.054421263687522994,599,0,599,8_POSSA
query_path_6_48.graph,4,0.1,599,1345592177.0,1415780152.3093276,0.052161402621864084,599,0,599,8_POSSA
query_path_6_48.graph,5,0.1,599,1345592177.0,1418086311.7583163,0.053875264732842064,599,0,599,8_POSSA
query_path_6_87.graph,1,0.1,175,1244438980.0,1138929912.113545,0.08478444470331126,175,0,175,UN
query_path_6_87.graph,2,0.1,175,1244438980.0,17316646.975657146,0.9860847761489622,175,0,175,UN
query_path_6_87.graph,3,0.1,175,1244438980.0,34857942.344512,0.9719890304749921,175,0,175,UN
query_path_6_87.graph,4,0.1,175,1244438980.0,3020261921.4723783,1.4270068440578567,175,0,175,UN
query_path_6_87.graph,5,0.1,175,1244438980.0,1194521029.080263,0.040112815270168654,175,0,175,UN
query_path_6_87.graph,1,0.1,175,1244438980.0,1238389046.6980698,0.004861574893716515,175,0,175,PO
query_path_6_87.graph,2,0.1,175,1244438980.0,1277295551.0955956,0.026402717709465832,175,0,175,PO
query_path_6_87.graph,3,0.1,175,1244438980.0,1240619805.4620934,0.003068993015556815,175,0,175,PO
query_path_6_87.graph,4,0.1,175,1244438980.0,1278681855.33504,0.02751671707924168,175,0,175,PO
query_path_6_87.graph,5,0.1,175,1244438980.0,1313717461.845785,0.05567045307901308,175,0,175,PO
query_path_6_87.graph,1,0.1,175,1244438980.0,1234020627.660363,0.008371927034652227,175,0,175,WO
query_path_6_87.graph,2,0.1,175,1244438980.0,1133881479.6890004,0.0888412385724205,175,0,175,WO
query_path_6_87.graph,3,0.1,175,1244438980.0,1281336811.1209402,0.02965017306106902,175,0,175,WO
query_path_6_87.graph,4,0.1,175,1244438980.0,1190799341.0052342,0.04310347060549788,175,0,175,WO
query_path_6_87.graph,5,0.1,175,1244438980.0,1181481715.681743,0.050590880975342874,175,0,175,WO
query_path_6_87.graph,1,0.1,175,1244438980.0,1180361376.1092963,0.05149115779923872,175,0,175,MAB
query_path_6_87.graph,2,0.1,175,1244438980.0,0.0,1.0,175,0,175,MAB
query_path_6_87.graph,3,0.1,175,1244438980.0,1110953268.299303,0.10726577505688302,175,0,175,MAB
query_path_6_87.graph,4,0.1,175,1244438980.0,1192078287.6626232,0.04207574110011954,175,0,175,MAB
query_path_6_87.graph,5,0.1,175,1244438980.0,1287762636.8669338,0.034813805709407966,175,0,175,MAB
query_path_6_87.graph,1,0.1,175,1244438980.0,1219575207.945825,0.019979904562435757,175,0,175,8_POSSA
query_path_6_87.graph,2,0.1,175,1244438980.0,1219583305.3892848,0.019973397659654755,175,0,175,8_POSSA
query_path_6_87.graph,3,0.1,175,1244438980.0,1213218955.4658034,0.025087629876554184,175,0,175,8_POSSA
query_path_6_87.graph,4,0.1,175,1244438980.0,1213168763.0281792,0.025127963262466135,175,0,175,8_POSSA
query_path_6_87.graph,5,0.1,175,1244438980.0,1218940912.463431,0.0204896085275062,175,0,175,8_POSSA
query_path_6_84.graph,1,0.1,466,2453570105.0,3456207790.9335775,0.40864440102622523,466,0,466,UN
query_path_6_84.graph,2,0.1,466,2453570105.0,979232363.3202578,0.600894891356586,466,0,466,UN
query_path_6_84.graph,3,0.1,466,2453570105.0,115363758.5647296,0.9529812666327993,466,0,466,UN
query_path_6_84.graph,4,0.1,466,2453570105.0,1894567603.9251413,0.227832292191569,466,0,466,UN
query_path_6_84.graph,5,0.1,466,2453570105.0,4006625194.141506,0.6329776703655697,466,0,466,UN
query_path_6_84.graph,1,0.1,466,2453570105.0,2472233282.1643133,0.00760653919212686,466,0,466,PO
query_path_6_84.graph,2,0.1,466,2453570105.0,2319563720.1224194,0.05461689666192792,466,0,466,PO
query_path_6_84.graph,3,0.1,466,2453570105.0,2832167325.5218654,0.15430462726552718,466,0,466,PO
query_path_6_84.graph,4,0.1,466,2453570105.0,2686562094.9168143,0.09496039646147153,466,0,466,PO
query_path_6_84.graph,5,0.1,466,2453570105.0,2272472824.2431397,0.07380970300698225,466,0,466,PO
query_path_6_84.graph,1,0.1,466,2453570105.0,2418023139.2695227,0.01448785411023637,466,0,466,WO
query_path_6_84.graph,2,0.1,466,2453570105.0,2411715279.065223,0.017058744663330818,466,0,466,WO
query_path_6_84.graph,3,0.1,466,2453570105.0,2359030348.543322,0.03853150813340135,466,0,466,WO
query_path_6_84.graph,4,0.1,466,2453570105.0,2440720875.5074463,0.005236952254337037,466,0,466,WO
query_path_6_84.graph,5,0.1,466,2453570105.0,2370945059.8777595,0.03367543684766266,466,0,466,WO
query_path_6_84.graph,1,0.1,466,2453570105.0,2326745203.918298,0.051689943899810534,466,0,466,MAB
query_path_6_84.graph,2,0.1,466,2453570105.0,2599646013.4648576,0.05953606467864002,466,0,466,MAB
query_path_6_84.graph,3,0.1,466,2453570105.0,2426894754.491258,0.010872055562782404,466,0,466,MAB
query_path_6_84.graph,4,0.1,466,2453570105.0,2447256410.9387465,0.002573268254445718,466,0,466,MAB
query_path_6_84.graph,5,0.1,466,2453570105.0,2524781544.1737094,0.02902360076387929,466,0,466,MAB
query_path_6_84.graph,1,0.1,466,2453570105.0,2404617391.5906253,0.019951626126197324,466,0,466,8_POSSA
query_path_6_84.graph,2,0.1,466,2453570105.0,2408772938.5628834,0.018257952501877513,466,0,466,8_POSSA
query_path_6_84.graph,3,0.1,466,2453570105.0,2407536431.9359913,0.01876191471774095,466,0,466,8_POSSA
query_path_6_84.graph,4,0.1,466,2453570105.0,2401345259.767765,0.021285246802530206,466,0,466,8_POSSA
query_path_6_84.graph,5,0.1,466,2453570105.0,2393405956.8056145,0.024521063438040842,466,0,466,8_POSSA
query_path_6_62.graph,1,0.1,402,3299011637.0,804529199.9606268,0.7561302327832236,402,0,402,UN
query_path_6_62.graph,2,0.1,402,3299011637.0,7085246978.74465,1.1476877799642178,402,0,402,UN
query_path_6_62.graph,3,0.1,402,3299011637.0,2318518679.211683,0.2972080931123788,402,0,402,UN
query_path_6_62.graph,4,0.1,402,3299011637.0,2526998322.7439523,0.23401351653251162,402,0,402,UN
query_path_6_62.graph,5,0.1,402,3299011637.0,450361668.14755225,0.8634858807115046,402,0,402,UN
query_path_6_62.graph,1,0.1,402,3299011637.0,3457507072.1745043,0.04804330891012989,402,0,402,PO
query_path_6_62.graph,2,0.1,402,3299011637.0,3148131354.8757815,0.045734995424697396,402,0,402,PO
query_path_6_62.graph,3,0.1,402,3299011637.0,3177302878.1102023,0.03689249153436608,402,0,402,PO
query_path_6_62.graph,4,0.1,402,3299011637.0,3066208454.46934,0.07056755420916394,402,0,402,PO
query_path_6_62.graph,5,0.1,402,3299011637.0,3262181332.3367414,0.011164042057381368,402,0,402,PO
query_path_6_62.graph,1,0.1,402,3299011637.0,3186038604.429328,0.03424450865938914,402,0,402,WO
query_path_6_62.graph,2,0.1,402,3299011637.0,3108299286.1130667,0.057808935484798755,402,0,402,WO
query_path_6_62.graph,3,0.1,402,3299011637.0,3173725185.9289618,0.037976965484416765,402,0,402,WO
query_path_6_62.graph,4,0.1,402,3299011637.0,3234646726.38608,0.019510361798072133,402,0,402,WO
query_path_6_62.graph,5,0.1,402,3299011637.0,3142463644.0297184,0.04745299810843971,402,0,402,WO
query_path_6_62.graph,1,0.1,402,3299011637.0,3168122643.5015016,0.03967521424614436,402,0,402,MAB
query_path_6_62.graph,2,0.1,402,3299011637.0,2960078337.27666,0.10273783090730577,402,0,402,MAB
query_path_6_62.graph,3,0.1,402,3299011637.0,3025697171.6163974,0.08284737838395283,402,0,402,MAB
query_path_6_62.graph,4,0.1,402,3299011637.0,3055028654.2159953,0.07395638743665477,402,0,402,MAB
query_path_6_62.graph,5,0.1,402,3299011637.0,3275748388.105209,0.007051581338447739,402,0,402,MAB
query_path_6_62.graph,1,0.1,402,3299011637.0,3175662152.0414276,0.037389830207068285,402,0,402,8_POSSA
query_path_6_62.graph,2,0.1,402,3299011637.0,3159857428.481961,0.042180575223608775,402,0,402,8_POSSA
query_path_6_62.graph,3,0.1,402,3299011637.0,3179408822.242778,0.03625413545554649,402,0,402,8_POSSA
query_path_6_62.graph,4,0.1,402,3299011637.0,3175340969.4528418,0.03748718742308524,402,0,402,8_POSSA
query_path_6_62.graph,5,0.1,402,3299011637.0,3198903328.388891,0.030344939523203256,402,0,402,8_POSSA
query_path_6_78.graph,1,0.1,176,1244438980.0,4469754777.700131,2.5917830038561886,176,0,176,UN
query_path_6_78.graph,2,0.1,176,1244438980.0,340109961.9976226,0.7266961518694772,176,0,176,UN
query_path_6_78.graph,3,0.1,176,1244438980.0,870642497.4499636,0.3003734924391684,176,0,176,UN
query_path_6_78.graph,4,0.1,176,1244438980.0,1974974344.9170952,0.5870399245426201,176,0,176,UN
query_path_6_78.graph,5,0.1,176,1244438980.0,66618365.47322726,0.9464671498210163,176,0,176,UN
query_path_6_78.graph,1,0.1,176,1244438980.0,1241777637.3292384,0.002138588322556069,176,0,176,PO
query_path_6_78.graph,2,0.1,176,1244438980.0,1269434056.7766824,0.020085417749195204,176,0,176,PO
query_path_6_78.graph,3,0.1,176,1244438980.0,1239254574.0920928,0.004166058755172751,176,0,176,PO
query_path_6_78.graph,4,0.1,176,1244438980.0,1242187741.8142395,0.0018090386286039497,176,0,176,PO
query_path_6_78.graph,5,0.1,176,1244438980.0,1225448533.503605,0.0152602472291531,176,0,176,PO
query_path_6_78.graph,1,0.1,176,1244438980.0,1171873089.4939365,0.05831213235225359,176,0,176,WO
query_path_6_78.graph,2,0.1,176,1244438980.0,1208624639.8668911,0.02877950683697553,176,0,176,WO
query_path_6_78.graph,3,0.1,176,1244438980.0,1227183274.2057266,0.013866253043820097,176,0,176,WO
query_path_6_78.graph,4,0.1,176,1244438980.0,1288609601.5722475,0.03549440533616803,176,0,176,WO
query_path_6_78.graph,5,0.1,176,1244438980.0,1225507318.4287915,0.01521300913541657,176,0,176,WO
query_path_6_78.graph,1,0.1,176,1244438980.0,1148211356.740092,0.07732610823546203,176,0,176,MAB
query_path_6_78.graph,2,0.1,176,1244438980.0,1214589262.6338296,0.02398648535275744,176,0,176,MAB
query_path_6_78.graph,3,0.1,176,1244438980.0,1188836552.935354,0.044680717944600226,176,0,176,MAB
query_path_6_78.graph,4,0.1,176,1244438980.0,1139309396.2763317,0.08447950073346974,176,0,176,MAB
query_path_6_78.graph,5,0.1,176,1244438980.0,1040977582.9541537,0.16349648340800635,176,0,176,MAB
query_path_6_78.graph,1,0.1,176,1244438980.0,1213962765.3409183,0.024489922888048476,176,0,176,8_POSSA
query_path_6_78.graph,2,0.1,176,1244438980.0,1208885195.0729733,0.028570131198419026,176,0,176,8_POSSA
query_path_6_78.graph,3,0.1,176,1244438980.0,1203597169.9882221,0.032819455729181574,176,0,176,8_POSSA
query_path_6_78.graph,4,0.1,176,1244438980.0,1208074211.1259294,0.029221817588895072,176,0,176,8_POSSA
query_path_6_78.graph,5,0.1,176,1244438980.0,1214680315.949336,0.023913317188653114,176,0,176,8_POSSA
query_path_6_71.graph,1,0.1,285,2175463698.0,2067065373.4531295,0.04982768714850349,285,0,285,UN
query_path_6_71.graph,2,0.1,285,2175463698.0,2148761918.1269073,0.012274063638773093,285,0,285,UN
query_path_6_71.graph,3,0.1,285,2175463698.0,557690723.7406944,0.7436451252882756,285,0,285,UN
query_path_6_71.graph,4,0.1,285,2175463698.0,827446611.1165135,0.6196458659010391,285,0,285,UN
query_path_6_71.graph,5,0.1,285,2175463698.0,5363775731.804301,1.4655781370819736,285,0,285,UN
query_path_6_71.graph,1,0.1,285,2175463698.0,2126268779.010316,0.022613532478115435,285,0,285,PO
query_path_6_71.graph,2,0.1,285,2175463698.0,2329748500.6642385,0.07092042161221963,285,0,285,PO
query_path_6_71.graph,3,0.1,285,2175463698.0,2228435264.893881,0.02434955220929678,285,0,285,PO
query_path_6_71.graph,4,0.1,285,2175463698.0,2097197907.5067878,0.0359766014781885,285,0,285,PO
query_path_6_71.graph,5,0.1,285,2175463698.0,2060627279.866312,0.052787099246593805,285,0,285,PO
query_path_6_71.graph,1,0.1,285,2175463698.0,2332517599.212403,0.07219329899956015,285,0,285,WO
query_path_6_71.graph,2,0.1,285,2175463698.0,2087066219.6277828,0.04063385587793761,285,0,285,WO
query_path_6_71.graph,3,0.1,285,2175463698.0,2040119710.18689,0.0622138571825114,285,0,285,WO
query_path_6_71.graph,4,0.1,285,2175463698.0,2165915156.9163513,0.004389198078748488,285,0,285,WO
query_path_6_71.graph,5,0.1,285,2175463698.0,2164276948.305533,0.005142236896323088,285,0,285,WO
query_path_6_71.graph,1,0.1,285,2175463698.0,2223467839.5064716,0.022066165273455937,285,0,285,MAB
query_path_6_71.graph,2,0.1,285,2175463698.0,2145523999.4820423,0.01376244455169837,285,0,285,MAB
query_path_6_71.graph,3,0.1,285,2175463698.0,2306572125.082463,0.06026688802161882,285,0,285,MAB
query_path_6_71.graph,4,0.1,285,2175463698.0,2159865061.728556,0.007170258131994738,285,0,285,MAB
query_path_6_71.graph,5,0.1,285,2175463698.0,2156389761.723465,0.008767756636927818,285,0,285,MAB
query_path_6_71.graph,1,0.1,285,2175463698.0,2197213291.3513417,0.009997681584545441,285,0,285,8_POSSA
query_path_6_71.graph,2,0.1,285,2175463698.0,2174098202.563893,0.0006276801756620986,285,0,285,8_POSSA
query_path_6_71.graph,3,0.1,285,2175463698.0,2179614806.731598,0.001908148931841151,285,0,285,8_POSSA
query_path_6_71.graph,4,0.1,285,2175463698.0,2199805994.9931183,0.01118947515212377,285,0,285,8_POSSA
query_path_6_71.graph,5,0.1,285,2175463698.0,2174680382.224862,0.0003600684193710234,285,0,285,8_POSSA
query_path_6_57.graph,1,0.1,548,2233979444.0,5310652760.788532,1.3772164847137833,548,0,548,UN
query_path_6_57.graph,2,0.1,548,2233979444.0,579659757.4455844,0.7405259215780035,548,0,548,UN
query_path_6_57.graph,3,0.1,548,2233979444.0,3301185498.6677856,0.47771525272270393,548,0,548,UN
query_path_6_57.graph,4,0.1,548,2233979444.0,543787427.8973376,0.7565835131751832,548,0,548,UN
query_path_6_57.graph,5,0.1,548,2233979444.0,422182837.2409598,0.811017581932164,548,0,548,UN
query_path_6_57.graph,1,0.1,548,2233979444.0,2314767346.3607635,0.036163225484344946,548,0,548,PO
query_path_6_57.graph,2,0.1,548,2233979444.0,1952303020.0596547,0.12608729444528644,548,0,548,PO
query_path_6_57.graph,3,0.1,548,2233979444.0,2080146294.7780945,0.0688605929813137,548,0,548,PO
query_path_6_57.graph,4,0.1,548,2233979444.0,2207261887.2686734,0.011959625144754278,548,0,548,PO
query_path_6_57.graph,5,0.1,548,2233979444.0,2174365147.748408,0.026685248340893936,548,0,548,PO
query_path_6_57.graph,1,0.1,548,2233979444.0,2238061743.447765,0.0018273666119574526,548,0,548,WO
query_path_6_57.graph,2,0.1,548,2233979444.0,2229653681.8732495,0.001936348223063806,548,0,548,WO
query_path_6_57.graph,3,0.1,548,2233979444.0,2228758395.440771,0.0023371068042955983,548,0,548,WO
query_path_6_57.graph,4,0.1,548,2233979444.0,2234334078.724357,0.0001587457419581915,548,0,548,WO
query_path_6_57.graph,5,0.1,548,2233979444.0,2213730636.828335,0.009064007829637483,548,0,548,WO
query_path_6_57.graph,1,0.1,548,2233979444.0,2276482641.4374456,0.019025778214566972,548,0,548,MAB
query_path_6_57.graph,2,0.1,548,2233979444.0,2240240552.361178,0.0028026705339630337,548,0,548,MAB
query_path_6_57.graph,3,0.1,548,2233979444.0,2262112199.772344,0.012593113087008384,548,0,548,MAB
query_path_6_57.graph,4,0.1,548,2233979444.0,2176956491.4112005,0.025525280790721312,548,0,548,MAB
query_path_6_57.graph,5,0.1,548,2233979444.0,2138844485.0193129,0.04258542272454641,548,0,548,MAB
query_path_6_57.graph,1,0.1,548,2233979444.0,2225385073.042066,0.00384711281968891,548,0,548,8_POSSA
query_path_6_57.graph,2,0.1,548,2233979444.0,2227262432.9844103,0.0030067470108689656,548,0,548,8_POSSA
query_path_6_57.graph,3,0.1,548,2233979444.0,2224438805.3827467,0.004270692213788026,548,0,548,8_POSSA
query_path_6_57.graph,4,0.1,548,2233979444.0,2224702120.464631,0.004152824037967701,548,0,548,8_POSSA
query_path_6_57.graph,5,0.1,548,2233979444.0,2222085840.7842846,0.005323953739887415,548,0,548,8_POSSA
query_path_6_77.graph,1,0.1,175,1244438980.0,4722987424.680025,2.7952744172960777,175,0,175,UN
query_path_6_77.graph,2,0.1,175,1244438980.0,1342525106.693647,0.07881955505254819,175,0,175,UN
query_path_6_77.graph,3,0.1,175,1244438980.0,120627866.53932914,0.9030664673174019,175,0,175,UN
query_path_6_77.graph,4,0.1,175,1244438980.0,222092183.79330516,0.8215322829301721,175,0,175,UN
query_path_6_77.graph,5,0.1,175,1244438980.0,915783518.2651968,0.2640992985729226,175,0,175,UN
query_path_6_77.graph,1,0.1,175,1244438980.0,1315776269.6625326,0.057324859482087716,175,0,175,PO
query_path_6_77.graph,2,0.1,175,1244438980.0,1176578200.2838466,0.05453122315097634,175,0,175,PO
query_path_6_77.graph,3,0.1,175,1244438980.0,1317366775.9249234,0.05860295048369782,175,0,175,PO
query_path_6_77.graph,4,0.1,175,1244438980.0,1316229498.0828452,0.057689062490508945,175,0,175,PO
query_path_6_77.graph,5,0.1,175,1244438980.0,1316076028.922993,0.057565738516960424,175,0,175,PO
query_path_6_77.graph,1,0.1,175,1244438980.0,1262045999.0952883,0.014148559614621102,175,0,175,WO
query_path_6_77.graph,2,0.1,175,1244438980.0,1254231772.5719802,0.00786924287117737,175,0,175,WO
query_path_6_77.graph,3,0.1,175,1244438980.0,1318415312.3034546,0.05944552805912158,175,0,175,WO
query_path_6_77.graph,4,0.1,175,1244438980.0,1272546664.1459541,0.02258663108250927,175,0,175,WO
query_path_6_77.graph,5,0.1,175,1244438980.0,1217921270.2134902,0.021308967504786575,175,0,175,WO
query_path_6_77.graph,1,0.1,175,1244438980.0,1450481241.0080118,0.16557040105575271,175,0,175,MAB
query_path_6_77.graph,2,0.1,175,1244438980.0,1270813497.1665285,0.021193901501324285,175,0,175,MAB
query_path_6_77.graph,3,0.1,175,1244438980.0,1396894411.066888,0.12250936648327111,175,0,175,MAB
query_path_6_77.graph,4,0.1,175,1244438980.0,1323757884.7528212,0.06373868548606634,175,0,175,MAB
query_path_6_77.graph,5,0.1,175,1244438980.0,1381323137.2869549,0.10999668082315686,175,0,175,MAB
query_path_6_77.graph,1,0.1,175,1244438980.0,1295056120.493487,0.0406746665019179,175,0,175,8_POSSA
query_path_6_77.graph,2,0.1,175,1244438980.0,1302165277.7217362,0.04638740721681363,175,0,175,8_POSSA
query_path_6_77.graph,3,0.1,175,1244438980.0,1294758242.5101051,0.040435299214193,175,0,175,8_POSSA
query_path_6_77.graph,4,0.1,175,1244438980.0,1294773915.979601,0.04044789402177108,175,0,175,8_POSSA
query_path_6_77.graph,5,0.1,175,1244438980.0,1294792376.9003155,0.04046272875534285,175,0,175,8_POSSA
query_path_6_92.graph,1,0.1,284,2175463698.0,2521037456.5191913,0.15885062059959562,284,0,284,UN
query_path_6_92.graph,2,0.1,284,2175463698.0,2263431173.420809,0.0404361955116425,284,0,284,UN
query_path_6_92.graph,3,0.1,284,2175463698.0,639023281.7543192,0.7062588162965893,284,0,284,UN
query_path_6_92.graph,4,0.1,284,2175463698.0,373316080.996571,0.8283970073415718,284,0,284,UN
query_path_6_92.graph,5,0.1,284,2175463698.0,3365764630.347856,0.547148147515471,284,0,284,UN
query_path_6_92.graph,1,0.1,284,2175463698.0,2505544682.31979,0.15172902431019553,284,0,284,PO
query_path_6_92.graph,2,0.1,284,2175463698.0,2462141158.4355965,0.13177763467124354,284,0,284,PO
query_path_6_92.graph,3,0.1,284,2175463698.0,2298938695.4794083,0.05675801328835057,284,0,284,PO
query_path_6_92.graph,4,0.1,284,2175463698.0,2783902362.9597864,0.2796822882032695,284,0,284,PO
query_path_6_92.graph,5,0.1,284,2175463698.0,2371341272.7406745,0.09003945913726503,284,0,284,PO
query_path_6_92.graph,1,0.1,284,2175463698.0,2284036707.381196,0.049907984895823355,284,0,284,WO
query_path_6_92.graph,2,0.1,284,2175463698.0,2413666465.284847,0.10949516992806504,284,0,284,WO
query_path_6_92.graph,3,0.1,284,2175463698.0,2238792917.477044,0.029110676282608373,284,0,284,WO
query_path_6_92.graph,4,0.1,284,2175463698.0,2328976422.092212,0.07056551862177395,284,0,284,WO
query_path_6_92.graph,5,0.1,284,2175463698.0,2287038526.5541973,0.05128783746507606,284,0,284,WO
query_path_6_92.graph,1,0.1,284,2175463698.0,2428125579.916545,0.11614162173739243,284,0,284,MAB
query_path_6_92.graph,2,0.1,284,2175463698.0,2430663548.7851615,0.11730825525600726,284,0,284,MAB
query_path_6_92.graph,3,0.1,284,2175463698.0,2213346354.1381083,0.017413600683355672,284,0,284,MAB
query_path_6_92.graph,4,0.1,284,2175463698.0,2212633286.1552033,0.01708582321524142,284,0,284,MAB
query_path_6_92.graph,5,0.1,284,2175463698.0,2287627336.6726127,0.05155849705776734,284,0,284,MAB
query_path_6_92.graph,1,0.1,284,2175463698.0,2316595963.331782,0.06487456695394687,284,0,284,8_POSSA
query_path_6_92.graph,2,0.1,284,2175463698.0,2284225540.0301623,0.0499947859990272,284,0,284,8_POSSA
query_path_6_92.graph,3,0.1,284,2175463698.0,2287059446.395068,0.051297453732582654,284,0,284,8_POSSA
query_path_6_92.graph,4,0.1,284,2175463698.0,2286317400.565469,0.050956355956379096,284,0,284,8_POSSA
query_path_6_92.graph,5,0.1,284,2175463698.0,2284543681.602476,0.05014102680856416,284,0,284,8_POSSA
query_path_6_91.graph,1,0.1,584,555182616.0,130854787.66184999,0.764303160994778,584,0,584,UN
query_path_6_91.graph,2,0.1,584,555182616.0,504935067.58405894,0.09050634326046884,584,0,584,UN
query_path_6_91.graph,3,0.1,584,555182616.0,435529147.85606915,0.21552091995605793,584,0,584,UN
query_path_6_91.graph,4,0.1,584,555182616.0,371790362.32603556,0.33032780276024426,584,0,584,UN
query_path_6_91.graph,5,0.1,584,555182616.0,434886652.9882992,0.21667818758161694,584,0,584,UN
query_path_6_91.graph,1,0.1,584,555182616.0,496273873.25677264,0.10610696561008201,584,0,584,PO
query_path_6_91.graph,2,0.1,584,555182616.0,535834320.63649815,0.034850326371713786,584,0,584,PO
query_path_6_91.graph,3,0.1,584,555182616.0,492851354.0301659,0.11227163850864179,584,0,584,PO
query_path_6_91.graph,4,0.1,584,555182616.0,476483094.84375286,0.14175429649304283,584,0,584,PO
query_path_6_91.graph,5,0.1,584,555182616.0,491898912.6012779,0.11398718471170954,584,0,584,PO
query_path_6_91.graph,1,0.1,584,555182616.0,448842046.56453174,0.1915416051778326,584,0,584,WO
query_path_6_91.graph,2,0.1,584,555182616.0,491807867.0046015,0.1141511768722213,584,0,584,WO
query_path_6_91.graph,3,0.1,584,555182616.0,446401920.6687964,0.19593678223383634,584,0,584,WO
query_path_6_91.graph,4,0.1,584,555182616.0,435431659.88835275,0.2156965161741434,584,0,584,WO
query_path_6_91.graph,5,0.1,584,555182616.0,530255226.5990646,0.04489944152166215,584,0,584,WO
query_path_6_91.graph,1,0.1,584,555182616.0,486474983.7228915,0.1237568149596177,584,0,584,MAB
query_path_6_91.graph,2,0.1,584,555182616.0,472886437.8721328,0.14823262788881564,584,0,584,MAB
query_path_6_91.graph,3,0.1,584,555182616.0,500778165.26015496,0.09799379370308857,584,0,584,MAB
query_path_6_91.graph,4,0.1,584,555182616.0,524879963.47458225,0.05458141456903569,584,0,584,MAB
query_path_6_91.graph,5,0.1,584,555182616.0,512748084.48600495,0.07643346583819377,584,0,584,MAB
query_path_6_91.graph,1,0.1,584,555182616.0,501175931.1780138,0.09727733409791454,584,0,584,8_POSSA
query_path_6_91.graph,2,0.1,584,555182616.0,523054919.9475039,0.05786869964331894,584,0,584,8_POSSA
query_path_6_91.graph,3,0.1,584,555182616.0,521147626.1399922,0.06130413467414445,584,0,584,8_POSSA
query_path_6_91.graph,4,0.1,584,555182616.0,517068646.440973,0.0686512301729329,584,0,584,8_POSSA
query_path_6_91.graph,5,0.1,584,555182616.0,520074674.5964383,0.06323674479670975,584,0,584,8_POSSA
query_path_6_63.graph,1,0.1,379,11490080461.0,2126983934.1363564,0.8148852010779356,379,0,379,UN
query_path_6_63.graph,2,0.1,379,11490080461.0,5656254057.68529,0.507727202008382,379,0,379,UN
query_path_6_63.graph,3,0.1,379,11490080461.0,9522932269.699284,0.17120403969125142,379,0,379,UN
query_path_6_63.graph,4,0.1,379,11490080461.0,3622737901.1069207,0.6847073514059946,379,0,379,UN
query_path_6_63.graph,5,0.1,379,11490080461.0,9615803239.615438,0.16312133128625977,379,0,379,UN
query_path_6_63.graph,1,0.1,379,11490080461.0,11943024227.792711,0.03942041731823442,379,0,379,PO
query_path_6_63.graph,2,0.1,379,11490080461.0,11546715625.04404,0.004929048515915409,379,0,379,PO
query_path_6_63.graph,3,0.1,379,11490080461.0,11272437583.54052,0.018941806212603187,379,0,379,PO
query_path_6_63.graph,4,0.1,379,11490080461.0,11496280701.198832,0.0005396167781310682,379,0,379,PO
query_path_6_63.graph,5,0.1,379,11490080461.0,11728142939.765102,0.02071895663160425,379,0,379,PO
query_path_6_63.graph,1,0.1,379,11490080461.0,11133334153.228712,0.03104819926911458,379,0,379,WO
query_path_6_63.graph,2,0.1,379,11490080461.0,10764579460.041332,0.06314150744385007,379,0,379,WO
query_path_6_63.graph,3,0.1,379,11490080461.0,11039980401.81022,0.039172924917064186,379,0,379,WO
query_path_6_63.graph,4,0.1,379,11490080461.0,10966581050.771105,0.04556098732343726,379,0,379,WO
query_path_6_63.graph,5,0.1,379,11490080461.0,11074423739.57296,0.03617526638197839,379,0,379,WO
query_path_6_63.graph,1,0.1,379,11490080461.0,11181044693.77126,0.026895874948628933,379,0,379,MAB
query_path_6_63.graph,2,0.1,379,11490080461.0,10696185384.28805,0.06909395277140264,379,0,379,MAB
query_path_6_63.graph,3,0.1,379,11490080461.0,10829298583.272715,0.05750889908648877,379,0,379,MAB
query_path_6_63.graph,4,0.1,379,11490080461.0,11060273058.873293,0.03740682265764571,379,0,379,MAB
query_path_6_63.graph,5,0.1,379,11490080461.0,11410348333.113565,0.00693921406008112,379,0,379,MAB
query_path_6_63.graph,1,0.1,379,11490080461.0,11225989654.322584,0.022984243458851427,379,0,379,8_POSSA
query_path_6_63.graph,2,0.1,379,11490080461.0,11182916751.505234,0.026732946782866418,379,0,379,8_POSSA
query_path_6_63.graph,3,0.1,379,11490080461.0,11167402625.698076,0.028083165857468728,379,0,379,8_POSSA
query_path_6_63.graph,4,0.1,379,11490080461.0,11178339069.795267,0.02713134971185411,379,0,379,8_POSSA
query_path_6_63.graph,5,0.1,379,11490080461.0,11146196742.417648,0.029928747648858757,379,0,379,8_POSSA
query_path_8_169.graph,1,0.1,138,196883930.0,21428557.394414492,0.8911614706471245,138,0,138,UN
query_path_8_169.graph,2,0.1,138,196883930.0,15094708.68982319,0.923331941363507,138,0,138,UN
query_path_8_169.graph,3,0.1,138,196883930.0,8905468.403144926,0.9547679264470954,138,0,138,UN
query_path_8_169.graph,4,0.1,138,196883930.0,319343589.557971,0.6219891057536844,138,0,138,UN
query_path_8_169.graph,5,0.1,138,196883930.0,122449588.00816813,0.3780620490043645,138,0,138,UN
query_path_8_169.graph,1,0.1,138,196883930.0,194188556.95233774,0.01369016276575878,138,0,138,PO
query_path_8_169.graph,2,0.1,138,196883930.0,190699757.30838427,0.031410246085679674,138,0,138,PO
query_path_8_169.graph,3,0.1,138,196883930.0,190602811.11988202,0.031902648835372104,138,0,138,PO
query_path_8_169.graph,4,0.1,138,196883930.0,190325728.9962585,0.0333099862631831,138,0,138,PO
query_path_8_169.graph,5,0.1,138,196883930.0,193951173.99412224,0.014895862785133164,138,0,138,PO
query_path_8_169.graph,1,0.1,138,196883930.0,188687693.05653268,0.041629791438373455,138,0,138,WO
query_path_8_169.graph,2,0.1,138,196883930.0,219630373.7349146,0.11553225159064329,138,0,138,WO
query_path_8_169.graph,3,0.1,138,196883930.0,207164326.0955639,0.052215516500325285,138,0,138,WO
query_path_8_169.graph,4,0.1,138,196883930.0,192066704.75546825,0.02446733587922463,138,0,138,WO
query_path_8_169.graph,5,0.1,138,196883930.0,202887919.42094752,0.030495070983942274,138,0,138,WO
query_path_8_169.graph,1,0.1,138,196883930.0,176318592.2359484,0.10445412057780229,138,0,138,MAB
query_path_8_169.graph,2,0.1,138,196883930.0,170319032.4218171,0.13492669299207358,138,0,138,MAB
query_path_8_169.graph,3,0.1,138,196883930.0,211758739.9390365,0.07555116326170698,138,0,138,MAB
query_path_8_169.graph,4,0.1,138,196883930.0,213508197.73276776,0.08443689504149862,138,0,138,MAB
query_path_8_169.graph,5,0.1,138,196883930.0,206667283.02738252,0.049690967807187326,138,0,138,MAB
query_path_8_169.graph,1,0.1,138,196883930.0,196677955.2593986,0.0010461734515426963,138,0,138,8_POSSA
query_path_8_169.graph,2,0.1,138,196883930.0,196740062.49662212,0.000730722428071629,138,0,138,8_POSSA
query_path_8_169.graph,3,0.1,138,196883930.0,194734075.09036335,0.010919402663471044,138,0,138,8_POSSA
query_path_8_169.graph,4,0.1,138,196883930.0,195036050.05341825,0.009385631151215598,138,0,138,8_POSSA
query_path_8_169.graph,5,0.1,138,196883930.0,193978128.44312063,0.01475895750800673,138,0,138,8_POSSA
query_path_6_99.graph,1,0.1,403,3299011637.0,943714709.272568,0.713940169628881,403,0,403,UN
query_path_6_99.graph,2,0.1,403,3299011637.0,1725856309.8312776,0.4768565559226981,403,0,403,UN
query_path_6_99.graph,3,0.1,403,3299011637.0,2102409208.9405935,0.3627154310821264,403,0,403,UN
query_path_6_99.graph,4,0.1,403,3299011637.0,1169196476.4017034,0.6455918908291794,403,0,403,UN
query_path_6_99.graph,5,0.1,403,3299011637.0,587701631.3255227,0.8218552415110737,403,0,403,UN
query_path_6_99.graph,1,0.1,403,3299011637.0,3003681060.3680305,0.0895209260008953,403,0,403,PO
query_path_6_99.graph,2,0.1,403,3299011637.0,3021018120.2874856,0.08426569751821533,403,0,403,PO
query_path_6_99.graph,3,0.1,403,3299011637.0,2550162781.5648437,0.22699188054884584,403,0,403,PO
query_path_6_99.graph,4,0.1,403,3299011637.0,2758880029.9441977,0.16372528092898095,403,0,403,PO
query_path_6_99.graph,5,0.1,403,3299011637.0,2739365022.6349816,0.16964069119620942,403,0,403,PO
query_path_6_99.graph,1,0.1,403,3299011637.0,3039212453.4541683,0.07875061143527323,403,0,403,WO
query_path_6_99.graph,2,0.1,403,3299011637.0,2948972005.7254467,0.10610439422179986,403,0,403,WO
query_path_6_99.graph,3,0.1,403,3299011637.0,3046804061.8185754,0.07644943484066426,403,0,403,WO
query_path_6_99.graph,4,0.1,403,3299011637.0,3035834393.634413,0.07977457260651283,403,0,403,WO
query_path_6_99.graph,5,0.1,403,3299011637.0,3023025279.4604936,0.08365728524391575,403,0,403,WO
query_path_6_99.graph,1,0.1,403,3299011637.0,3034976938.80391,0.08003448524849512,403,0,403,MAB
query_path_6_99.graph,2,0.1,403,3299011637.0,2953019268.026294,0.10487758366573648,403,0,403,MAB
query_path_6_99.graph,3,0.1,403,3299011637.0,3033034898.5634165,0.08062315860105695,403,0,403,MAB
query_path_6_99.graph,4,0.1,403,3299011637.0,2974824578.861558,0.09826793409957349,403,0,403,MAB
query_path_6_99.graph,5,0.1,403,3299011637.0,3223294502.181611,0.02295146036139579,403,0,403,MAB
query_path_6_99.graph,1,0.1,403,3299011637.0,3006118225.4453926,0.08878216986859552,403,0,403,8_POSSA
query_path_6_99.graph,2,0.1,403,3299011637.0,3036303832.217817,0.0796322758718972,403,0,403,8_POSSA
query_path_6_99.graph,3,0.1,403,3299011637.0,3041072247.5005884,0.0781868686386242,403,0,403,8_POSSA
query_path_6_99.graph,4,0.1,403,3299011637.0,3002760085.204462,0.08980009299540945,403,0,403,8_POSSA
query_path_6_99.graph,5,0.1,403,3299011637.0,3006797549.104028,0.08857625254141284,403,0,403,8_POSSA
query_path_6_5.graph,1,0.1,590,1345592177.0,505056465.0288488,0.6246585899786716,590,0,590,UN
query_path_6_5.graph,2,0.1,590,1345592177.0,372352147.54066974,0.7232800889413392,590,0,590,UN
query_path_6_5.graph,3,0.1,590,1345592177.0,156351808.53057358,0.883804460814301,590,0,590,UN
query_path_6_5.graph,4,0.1,590,1345592177.0,951156387.0103484,0.29313175026704363,590,0,590,UN
query_path_6_5.graph,5,0.1,590,1345592177.0,493247463.563349,0.6334346527912751,590,0,590,UN
query_path_6_5.graph,1,0.1,590,1345592177.0,1281532946.9692523,0.0476067200194102,590,0,590,PO
query_path_6_5.graph,2,0.1,590,1345592177.0,1333549292.2740173,0.008949877185546885,590,0,590,PO
query_path_6_5.graph,3,0.1,590,1345592177.0,1358800235.3636377,0.009815796040881475,590,0,590,PO
query_path_6_5.graph,4,0.1,590,1345592177.0,1507088625.051383,0.12001886664608857,590,0,590,PO
query_path_6_5.graph,5,0.1,590,1345592177.0,1275376043.3289351,0.05218232899332979,590,0,590,PO
query_path_6_5.graph,1,0.1,590,1345592177.0,1354696647.4588573,0.006766144017837358,590,0,590,WO
query_path_6_5.graph,2,0.1,590,1345592177.0,1404559590.7805338,0.04382264908228119,590,0,590,WO
query_path_6_5.graph,3,0.1,590,1345592177.0,1361797209.5594366,0.012043049028098326,590,0,590,WO
query_path_6_5.graph,4,0.1,590,1345592177.0,1381667039.8665068,0.02680965561715421,590,0,590,WO
query_path_6_5.graph,5,0.1,590,1345592177.0,1366699886.226975,0.015686557627017896,590,0,590,WO
query_path_6_5.graph,1,0.1,590,1345592177.0,1469752793.711978,0.0922721005920191,590,0,590,MAB
query_path_6_5.graph,2,0.1,590,1345592177.0,1276503433.8970406,0.05134448927682744,590,0,590,MAB
query_path_6_5.graph,3,0.1,590,1345592177.0,1332103437.1837995,0.010024389296223216,590,0,590,MAB
query_path_6_5.graph,4,0.1,590,1345592177.0,1450582017.6360471,0.07802500819388096,590,0,590,MAB
query_path_6_5.graph,5,0.1,590,1345592177.0,1359793276.128233,0.010553791387145494,590,0,590,MAB
query_path_6_5.graph,1,0.1,590,1345592177.0,1369385912.6271844,0.017682724404828633,590,0,590,8_POSSA
query_path_6_5.graph,2,0.1,590,1345592177.0,1365621240.1769805,0.014884943238623254,590,0,590,8_POSSA
query_path_6_5.graph,3,0.1,590,1345592177.0,1371211507.9687567,0.019039447023150073,590,0,590,8_POSSA
query_path_6_5.graph,4,0.1,590,1345592177.0,1367605536.9547365,0.016359607562385872,590,0,590,8_POSSA
query_path_6_5.graph,5,0.1,590,1345592177.0,1368009529.8709426,0.01665984185559262,590,0,590,8_POSSA
query_path_8_185.graph,1,0.1,248,1796619996.0,1090793896.5337982,0.3928633217027836,248,0,248,UN
query_path_8_185.graph,2,0.1,248,1796619996.0,1749627722.2110496,0.02615593386112488,248,0,248,UN
query_path_8_185.graph,3,0.1,248,1796619996.0,1555907520.7596416,0.13398073926388512,248,0,248,UN
query_path_8_185.graph,4,0.1,248,1796619996.0,2130091945.6346984,0.18561073035875217,248,0,248,UN
query_path_8_185.graph,5,0.1,248,1796619996.0,404866536.59797674,0.7746509904713447,248,0,248,UN
query_path_8_185.graph,1,0.1,248,1796619996.0,1686768336.874274,0.061143513581224766,248,0,248,PO
query_path_8_185.graph,2,0.1,248,1796619996.0,1679981960.8824973,0.06492081540736826,248,0,248,PO
query_path_8_185.graph,3,0.1,248,1796619996.0,1773465584.2433348,0.012887762469646492,248,0,248,PO
query_path_8_185.graph,4,0.1,248,1796619996.0,1526303746.7275875,0.1504582214793587,248,0,248,PO
query_path_8_185.graph,5,0.1,248,1796619996.0,1704566080.736661,0.05123727636800667,248,0,248,PO
query_path_8_185.graph,1,0.1,248,1796619996.0,1745496846.398411,0.02845518235097555,248,0,248,WO
query_path_8_185.graph,2,0.1,248,1796619996.0,1669650550.2838964,0.07067128608096798,248,0,248,WO
query_path_8_185.graph,3,0.1,248,1796619996.0,1857693577.169611,0.033993599818317385,248,0,248,WO
query_path_8_185.graph,4,0.1,248,1796619996.0,1703597982.2014098,0.05177612071873555,248,0,248,WO
query_path_8_185.graph,5,0.1,248,1796619996.0,1751299213.372339,0.025225580661777845,248,0,248,WO
query_path_8_185.graph,1,0.1,248,1796619996.0,1654894388.3009145,0.0788845766019658,248,0,248,MAB
query_path_8_185.graph,2,0.1,248,1796619996.0,1665659841.7216172,0.07289251737704848,248,0,248,MAB
query_path_8_185.graph,3,0.1,248,1796619996.0,1704772711.5228753,0.051122265521709516,248,0,248,MAB
query_path_8_185.graph,4,0.1,248,1796619996.0,1543457859.690577,0.1409102296941278,248,0,248,MAB
query_path_8_185.graph,5,0.1,248,1796619996.0,1680033772.9418752,0.06489197677733337,248,0,248,MAB
query_path_8_185.graph,1,0.1,248,1796619996.0,1701655689.989719,0.052857201980223915,248,0,248,8_POSSA
query_path_8_185.graph,2,0.1,248,1796619996.0,1705271460.0856028,0.05084466170797157,248,0,248,8_POSSA
query_path_8_185.graph,3,0.1,248,1796619996.0,1695999793.0695832,0.05600527833066421,248,0,248,8_POSSA
query_path_8_185.graph,4,0.1,248,1796619996.0,1704346402.6844566,0.05135954933206889,248,0,248,8_POSSA
query_path_8_185.graph,5,0.1,248,1796619996.0,1691566047.0365744,0.05847310460604806,248,0,248,8_POSSA
query_path_8_209.graph,1,0.1,234,1709951539.0,2372393951.021408,0.3874042023488059,234,0,234,UN
query_path_8_209.graph,2,0.1,234,1709951539.0,6048592753.154055,2.537288990477089,234,0,234,UN
query_path_8_209.graph,3,0.1,234,1709951539.0,2908978710.203805,0.7012053522318009,234,0,234,UN
query_path_8_209.graph,4,0.1,234,1709951539.0,2619661458.9948335,0.5320091822759156,234,0,234,UN
query_path_8_209.graph,5,0.1,234,1709951539.0,2134174646.7229362,0.24809071955982265,234,0,234,UN
query_path_8_209.graph,1,0.1,234,1709951539.0,2429561885.8495774,0.42083669065289075,234,0,234,PO
query_path_8_209.graph,2,0.1,234,1709951539.0,1747130055.3720636,0.021742438615427708,234,0,234,PO
query_path_8_209.graph,3,0.1,234,1709951539.0,1596923626.4446898,0.06610006773724729,234,0,234,PO
query_path_8_209.graph,4,0.1,234,1709951539.0,1591594872.4652426,0.06921638645032815,234,0,234,PO
query_path_8_209.graph,5,0.1,234,1709951539.0,1773766050.6767037,0.03731948550660282,234,0,234,PO
query_path_8_209.graph,1,0.1,234,1709951539.0,1726356666.4946694,0.009593913699018249,234,0,234,WO
query_path_8_209.graph,2,0.1,234,1709951539.0,1910375635.9804637,0.11721039597278538,234,0,234,WO
query_path_8_209.graph,3,0.1,234,1709951539.0,1732625465.4466136,0.013259981893915855,234,0,234,WO
query_path_8_209.graph,4,0.1,234,1709951539.0,1650053952.9954915,0.03502882078139905,234,0,234,WO
query_path_8_209.graph,5,0.1,234,1709951539.0,1722270664.3884578,0.007204371064025677,234,0,234,WO
query_path_8_209.graph,1,0.1,234,1709951539.0,1812649149.2130847,0.06005878404784704,234,0,234,MAB
query_path_8_209.graph,2,0.1,234,1709951539.0,1843804513.859021,0.07827881188802564,234,0,234,MAB
query_path_8_209.graph,3,0.1,234,1709951539.0,1987338109.7592583,0.162218966112617,234,0,234,MAB
query_path_8_209.graph,4,0.1,234,1709951539.0,1817946592.6218786,0.06315679196676849,234,0,234,MAB
query_path_8_209.graph,5,0.1,234,1709951539.0,1543798399.640156,0.09716833230081615,234,0,234,MAB
query_path_8_209.graph,1,0.1,234,1709951539.0,1699540858.5877395,0.006088289740859453,234,0,234,8_POSSA
query_path_8_209.graph,2,0.1,234,1709951539.0,1759184793.6035047,0.028792192925126317,234,0,234,8_POSSA
query_path_8_209.graph,3,0.1,234,1709951539.0,1702270850.215324,0.0044917581636072755,234,0,234,8_POSSA
query_path_8_209.graph,4,0.1,234,1709951539.0,1750582348.3452659,0.023761380611422033,234,0,234,8_POSSA
query_path_8_209.graph,5,0.1,234,1709951539.0,1741261797.243229,0.018310611458345494,234,0,234,8_POSSA
query_path_6_80.graph,1,0.1,460,2453570105.0,2770927625.2928977,0.12934520177196962,460,0,460,UN
query_path_6_80.graph,2,0.1,460,2453570105.0,3694710785.5534296,0.5058509141532883,460,0,460,UN
query_path_6_80.graph,3,0.1,460,2453570105.0,1426996489.6345465,0.4183999524910471,460,0,460,UN
query_path_6_80.graph,4,0.1,460,2453570105.0,551408644.5814856,0.775262731047383,460,0,460,UN
query_path_6_80.graph,5,0.1,460,2453570105.0,1414160029.8523533,0.42363170020269164,460,0,460,UN
query_path_6_80.graph,1,0.1,460,2453570105.0,2264116476.5323977,0.07721549430420789,460,0,460,PO
query_path_6_80.graph,2,0.1,460,2453570105.0,2428156185.618941,0.010357934884057111,460,0,460,PO
query_path_6_80.graph,3,0.1,460,2453570105.0,2591975064.2723804,0.05640962081757201,460,0,460,PO
query_path_6_80.graph,4,0.1,460,2453570105.0,1677304968.546999,0.3163818856738968,460,0,460,PO
query_path_6_80.graph,5,0.1,460,2453570105.0,2417352824.6665196,0.014761053804688559,460,0,460,PO
query_path_6_80.graph,1,0.1,460,2453570105.0,2374512839.224583,0.03222131929889032,460,0,460,WO
query_path_6_80.graph,2,0.1,460,2453570105.0,2390105650.6544156,0.025866167107372866,460,0,460,WO
query_path_6_80.graph,3,0.1,460,2453570105.0,2436717517.3520985,0.006868598379788922,460,0,460,WO
query_path_6_80.graph,4,0.1,460,2453570105.0,2381270433.215346,0.029467131033801924,460,0,460,WO
query_path_6_80.graph,5,0.1,460,2453570105.0,2463733108.8671985,0.00414212899255979,460,0,460,WO
query_path_6_80.graph,1,0.1,460,2453570105.0,2361143914.776584,0.03767008329416202,460,0,460,MAB
query_path_6_80.graph,2,0.1,460,2453570105.0,2262952677.5245047,0.07768982312225203,460,0,460,MAB
query_path_6_80.graph,3,0.1,460,2453570105.0,2287855469.1875744,0.06754020823563368,460,0,460,MAB
query_path_6_80.graph,4,0.1,460,2453570105.0,2286022175.5229545,0.06828740256315013,460,0,460,MAB
query_path_6_80.graph,5,0.1,460,2453570105.0,2230193637.2088943,0.09104140425248039,460,0,460,MAB
query_path_6_80.graph,1,0.1,460,2453570105.0,2416552393.18634,0.015087285151634232,460,0,460,8_POSSA
query_path_6_80.graph,2,0.1,460,2453570105.0,2414683679.799366,0.015848915472759236,460,0,460,8_POSSA
query_path_6_80.graph,3,0.1,460,2453570105.0,2414971084.671621,0.015731778052610057,460,0,460,8_POSSA
query_path_6_80.graph,4,0.1,460,2453570105.0,2417532472.228341,0.014687834962701788,460,0,460,8_POSSA
query_path_6_80.graph,5,0.1,460,2453570105.0,2419672918.488303,0.013815454648155168,460,0,460,8_POSSA
query_path_6_68.graph,1,0.1,553,2233979444.0,3155087520.6804214,0.4123171675345198,553,0,553,UN
query_path_6_68.graph,2,0.1,553,2233979444.0,380486241.3359262,0.8296822997374339,553,0,553,UN
query_path_6_68.graph,3,0.1,553,2233979444.0,637529801.6851251,0.7146214557177791,553,0,553,UN
query_path_6_68.graph,4,0.1,553,2233979444.0,1331270553.5366085,0.4040811086636801,553,0,553,UN
query_path_6_68.graph,5,0.1,553,2233979444.0,741882383.8067157,0.6679099327438951,553,0,553,UN
query_path_6_68.graph,1,0.1,553,2233979444.0,2230464903.2187295,0.0015732198390230594,553,0,553,PO
query_path_6_68.graph,2,0.1,553,2233979444.0,2085147147.0343065,0.06662205302086632,553,0,553,PO
query_path_6_68.graph,3,0.1,553,2233979444.0,2205503326.1777425,0.012746812822623948,553,0,553,PO
query_path_6_68.graph,4,0.1,553,2233979444.0,2660030378.7724485,0.19071390111342876,553,0,553,PO
query_path_6_68.graph,5,0.1,553,2233979444.0,2222074931.7599177,0.00532883696493058,553,0,553,PO
query_path_6_68.graph,1,0.1,553,2233979444.0,2175287742.5998287,0.026272265645865666,553,0,553,WO
query_path_6_68.graph,2,0.1,553,2233979444.0,2203986019.21828,0.013426007505250867,553,0,553,WO
query_path_6_68.graph,3,0.1,553,2233979444.0,2210411990.116416,0.010549539274804546,553,0,553,WO
query_path_6_68.graph,4,0.1,553,2233979444.0,2195083969.3202677,0.01741084716969863,553,0,553,WO
query_path_6_68.graph,5,0.1,553,2233979444.0,2233609962.9681907,0.0001653914196935332,553,0,553,WO
query_path_6_68.graph,1,0.1,553,2233979444.0,2264308686.4929466,0.013576330155769608,553,0,553,MAB
query_path_6_68.graph,2,0.1,553,2233979444.0,2254044028.359762,0.008981543860509306,553,0,553,MAB
query_path_6_68.graph,3,0.1,553,2233979444.0,2160849636.999932,0.03273521929509222,553,0,553,MAB
query_path_6_68.graph,4,0.1,553,2233979444.0,2297229462.543535,0.028312712864664673,553,0,553,MAB
query_path_6_68.graph,5,0.1,553,2233979444.0,2103218837.378378,0.05853259168199494,553,0,553,MAB
query_path_6_68.graph,1,0.1,553,2233979444.0,2219480636.5677123,0.006490125713210319,553,0,553,8_POSSA
query_path_6_68.graph,2,0.1,553,2233979444.0,2214493997.6008706,0.008722303354877866,553,0,553,8_POSSA
query_path_6_68.graph,3,0.1,553,2233979444.0,2214168293.4318337,0.008868098863386971,553,0,553,8_POSSA
query_path_6_68.graph,4,0.1,553,2233979444.0,2211671938.686513,0.00998554636364284,553,0,553,8_POSSA
query_path_6_68.graph,5,0.1,553,2233979444.0,2212938002.5111246,0.009418816070751361,553,0,553,8_POSSA
query_path_8_254.graph,1,0.1,185,1173956305.0,289205748.5119346,0.7536486262051001,185,0,185,UN
query_path_8_254.graph,2,0.1,185,1173956305.0,196333256.1555308,0.8327593153856516,185,0,185,UN
query_path_8_254.graph,3,0.1,185,1173956305.0,74881746.09237081,0.9362141965817282,185,0,185,UN
query_path_8_254.graph,4,0.1,185,1173956305.0,246337221.9502946,0.7901649142296701,185,0,185,UN
query_path_8_254.graph,5,0.1,185,1173956305.0,149384674.26373458,0.872751078019267,185,0,185,UN
query_path_8_254.graph,1,0.1,185,1173956305.0,1111369640.8766177,0.053312601037039734,185,0,185,PO
query_path_8_254.graph,2,0.1,185,1173956305.0,1111611897.510031,0.05310624188007493,185,0,185,PO
query_path_8_254.graph,3,0.1,185,1173956305.0,1103182202.0535169,0.060286828943333745,185,0,185,PO
query_path_8_254.graph,4,0.1,185,1173956305.0,1111452742.6708345,0.05324181322844504,185,0,185,PO
query_path_8_254.graph,5,0.1,185,1173956305.0,1111585558.5698137,0.053128677928252425,185,0,185,PO
query_path_8_254.graph,1,0.1,185,1173956305.0,1187633421.316447,0.011650447515120267,185,0,185,WO
query_path_8_254.graph,2,0.1,185,1173956305.0,1100002938.149851,0.06299499098490631,185,0,185,WO
query_path_8_254.graph,3,0.1,185,1173956305.0,1086398353.153087,0.07458365483791418,185,0,185,WO
query_path_8_254.graph,4,0.1,185,1173956305.0,1114111747.4607315,0.05097681854459523,185,0,185,WO
query_path_8_254.graph,5,0.1,185,1173956305.0,1139453388.4896505,0.02939029022068203,185,0,185,WO
query_path_8_254.graph,1,0.1,185,1173956305.0,1011365053.4205487,0.13849855474770104,185,0,185,MAB
query_path_8_254.graph,2,0.1,185,1173956305.0,1082909055.1245859,0.07755591029038694,185,0,185,MAB
query_path_8_254.graph,3,0.1,185,1173956305.0,964401490.5360423,0.1785030784974213,185,0,185,MAB
query_path_8_254.graph,4,0.1,185,1173956305.0,1140789128.8122926,0.028252479284318358,185,0,185,MAB
query_path_8_254.graph,5,0.1,185,1173956305.0,1123184651.3978534,0.04324833333736951,185,0,185,MAB
query_path_8_254.graph,1,0.1,185,1173956305.0,1121707954.1990814,0.0445062142248289,185,0,185,8_POSSA
query_path_8_254.graph,2,0.1,185,1173956305.0,1119784828.0919132,0.046144372390492655,185,0,185,8_POSSA
query_path_8_254.graph,3,0.1,185,1173956305.0,1122137335.0091438,0.044140458865593105,185,0,185,8_POSSA
query_path_8_254.graph,4,0.1,185,1173956305.0,1116717906.2735322,0.04875683914527624,185,0,185,8_POSSA
query_path_8_254.graph,5,0.1,185,1173956305.0,1119867853.1070132,0.046073649983920634,185,0,185,8_POSSA
query_path_8_275.graph,1,0.1,192,2345253634.0,1227421983.8400536,0.4766357181817489,192,0,192,UN
query_path_8_275.graph,2,0.1,192,2345253634.0,1470699610.2302058,0.37290381351128277,192,0,192,UN
query_path_8_275.graph,3,0.1,192,2345253634.0,298697655.183663,0.8726373766771603,192,0,192,UN
query_path_8_275.graph,4,0.1,192,2345253634.0,243308972.56078386,0.8962547295382279,192,0,192,UN
query_path_8_275.graph,5,0.1,192,2345253634.0,987874551.6950511,0.5787770937123933,192,0,192,UN
query_path_8_275.graph,1,0.1,192,2345253634.0,2337763763.4554033,0.003193629224580778,192,0,192,PO
query_path_8_275.graph,2,0.1,192,2345253634.0,2434871599.2049017,0.038212483249435054,192,0,192,PO
query_path_8_275.graph,3,0.1,192,2345253634.0,2333400493.3218045,0.0050540975638439095,192,0,192,PO
query_path_8_275.graph,4,0.1,192,2345253634.0,2334966430.882801,0.004386392570961877,192,0,192,PO
query_path_8_275.graph,5,0.1,192,2345253634.0,2329172108.4026694,0.006857051776486265,192,0,192,PO
query_path_8_275.graph,1,0.1,192,2345253634.0,2486444212.716882,0.06020269051926442,192,0,192,WO
query_path_8_275.graph,2,0.1,192,2345253634.0,2361250657.3190074,0.006821020586896315,192,0,192,WO
query_path_8_275.graph,3,0.1,192,2345253634.0,2347017181.660327,0.0007519645784831807,192,0,192,WO
query_path_8_275.graph,4,0.1,192,2345253634.0,2332111385.2614,0.005603764363935648,192,0,192,WO
query_path_8_275.graph,5,0.1,192,2345253634.0,2322700243.3909516,0.009616610451886146,192,0,192,WO
query_path_8_275.graph,1,0.1,192,2345253634.0,2288298796.025446,0.024285150718395203,192,0,192,MAB
query_path_8_275.graph,2,0.1,192,2345253634.0,2232455573.868195,0.04809631610693624,192,0,192,MAB
query_path_8_275.graph,3,0.1,192,2345253634.0,2489579996.8821387,0.061539767294158144,192,0,192,MAB
query_path_8_275.graph,4,0.1,192,2345253634.0,2408070704.7323904,0.026784766398699204,192,0,192,MAB
query_path_8_275.graph,5,0.1,192,2345253634.0,2397571020.813335,0.02230777347697948,192,0,192,MAB
query_path_8_275.graph,1,0.1,192,2345253634.0,2347708420.899454,0.0010467042301379147,192,0,192,8_POSSA
query_path_8_275.graph,2,0.1,192,2345253634.0,2351155088.2617817,0.002516339459504998,192,0,192,8_POSSA
query_path_8_275.graph,3,0.1,192,2345253634.0,2363646553.1265736,0.007842614060980307,192,0,192,8_POSSA
query_path_8_275.graph,4,0.1,192,2345253634.0,2344148302.206453,0.0004713058653967119,192,0,192,8_POSSA
query_path_8_275.graph,5,0.1,192,2345253634.0,2344265888.574971,0.00042116784756629055,192,0,192,8_POSSA
query_path_6_94.graph,1,0.1,406,3299011637.0,696919853.470132,0.7887488950769858,406,0,406,UN
query_path_6_94.graph,2,0.1,406,3299011637.0,1376376001.2896628,0.5827914076285925,406,0,406,UN
query_path_6_94.graph,3,0.1,406,3299011637.0,2178652345.651011,0.3396045284544078,406,0,406,UN
query_path_6_94.graph,4,0.1,406,3299011637.0,2673457339.0847054,0.189618700006815,406,0,406,UN
query_path_6_94.graph,5,0.1,406,3299011637.0,639903214.4811428,0.8060318407779102,406,0,406,UN
query_path_6_94.graph,1,0.1,406,3299011637.0,3439506851.7252626,0.04258706248548545,406,0,406,PO
query_path_6_94.graph,2,0.1,406,3299011637.0,3374411892.43101,0.022855407536414754,406,0,406,PO
query_path_6_94.graph,3,0.1,406,3299011637.0,3923295213.3576736,0.18923351750446513,406,0,406,PO
query_path_6_94.graph,4,0.1,406,3299011637.0,3092489522.5492616,0.06260120823294278,406,0,406,PO
query_path_6_94.graph,5,0.1,406,3299011637.0,3161085687.52909,0.04180826400368047,406,0,406,PO
query_path_6_94.graph,1,0.1,406,3299011637.0,3448259861.3281612,0.04524028428826098,406,0,406,WO
query_path_6_94.graph,2,0.1,406,3299011637.0,3364963702.5172534,0.01999146192076721,406,0,406,WO
query_path_6_94.graph,3,0.1,406,3299011637.0,3421088374.8051133,0.03700403370390212,406,0,406,WO
query_path_6_94.graph,4,0.1,406,3299011637.0,3321150910.9388657,0.006710880825809485,406,0,406,WO
query_path_6_94.graph,5,0.1,406,3299011637.0,3535566703.1493516,0.07170482925742756,406,0,406,WO
query_path_6_94.graph,1,0.1,406,3299011637.0,3487276823.0800214,0.05706714822358821,406,0,406,MAB
query_path_6_94.graph,2,0.1,406,3299011637.0,3355252627.7886443,0.01704783037376243,406,0,406,MAB
query_path_6_94.graph,3,0.1,406,3299011637.0,3298909760.70559,3.088085330395236e-05,406,0,406,MAB
query_path_6_94.graph,4,0.1,406,3299011637.0,3433596350.777836,0.04079546500182165,406,0,406,MAB
query_path_6_94.graph,5,0.1,406,3299011637.0,3333182739.6999254,0.01035798186240997,406,0,406,MAB
query_path_6_94.graph,1,0.1,406,3299011637.0,3356300189.113003,0.01736536830318637,406,0,406,8_POSSA
query_path_6_94.graph,2,0.1,406,3299011637.0,3352687192.7085466,0.016270192898548613,406,0,406,8_POSSA
query_path_6_94.graph,3,0.1,406,3299011637.0,3387311488.296711,0.02676554708276434,406,0,406,8_POSSA
query_path_6_94.graph,4,0.1,406,3299011637.0,3377419039.3478,0.02376693718458677,406,0,406,8_POSSA
query_path_6_94.graph,5,0.1,406,3299011637.0,3356577189.0058565,0.017449332812358467,406,0,406,8_POSSA
query_path_6_81.graph,1,0.1,482,3418574974.0,7222824099.237834,1.1128172276960668,482,0,482,UN
query_path_6_81.graph,2,0.1,482,3418574974.0,795689647.7978582,0.7672452253206431,482,0,482,UN
query_path_6_81.graph,3,0.1,482,3418574974.0,522566246.00856274,0.8471391588650404,482,0,482,UN
query_path_6_81.graph,4,0.1,482,3418574974.0,12732463965.089848,2.7244945809077485,482,0,482,UN
query_path_6_81.graph,5,0.1,482,3418574974.0,491862216.37952864,0.8561206876782312,482,0,482,UN
query_path_6_81.graph,1,0.1,482,3418574974.0,3499710552.3681374,0.023733742563850337,482,0,482,PO
query_path_6_81.graph,2,0.1,482,3418574974.0,3507683472.804168,0.026065977631581475,482,0,482,PO
query_path_6_81.graph,3,0.1,482,3418574974.0,3457857652.8486843,0.011490951389818578,482,0,482,PO
query_path_6_81.graph,4,0.1,482,3418574974.0,3432134041.137499,0.003966292165777393,482,0,482,PO
query_path_6_81.graph,5,0.1,482,3418574974.0,3447294277.821048,0.008400957720533463,482,0,482,PO
query_path_6_81.graph,1,0.1,482,3418574974.0,3578374249.748403,0.0467444116229007,482,0,482,WO
query_path_6_81.graph,2,0.1,482,3418574974.0,3566421391.1372066,0.043247966846318625,482,0,482,WO
query_path_6_81.graph,3,0.1,482,3418574974.0,3565915406.4716377,0.04309995644156896,482,0,482,WO
query_path_6_81.graph,4,0.1,482,3418574974.0,3599716474.598127,0.052987429550558365,482,0,482,WO
query_path_6_81.graph,5,0.1,482,3418574974.0,3548957374.758679,0.03813940070067304,482,0,482,WO
query_path_6_81.graph,1,0.1,482,3418574974.0,3481752362.7858853,0.018480621096913622,482,0,482,MAB
query_path_6_81.graph,2,0.1,482,3418574974.0,3417099410.742482,0.0004316310944590138,482,0,482,MAB
query_path_6_81.graph,3,0.1,482,3418574974.0,3548580914.390114,0.038029278684503065,482,0,482,MAB
query_path_6_81.graph,4,0.1,482,3418574974.0,3555253051.162738,0.039981009105327245,482,0,482,MAB
query_path_6_81.graph,5,0.1,482,3418574974.0,3845815737.78962,0.12497627433623748,482,0,482,MAB
query_path_6_81.graph,1,0.1,482,3418574974.0,3546571613.0726085,0.03744151877495388,482,0,482,8_POSSA
query_path_6_81.graph,2,0.1,482,3418574974.0,3537046792.860937,0.034655322689125,482,0,482,8_POSSA
query_path_6_81.graph,3,0.1,482,3418574974.0,3541432543.4996624,0.03593824047565335,482,0,482,8_POSSA
query_path_6_81.graph,4,0.1,482,3418574974.0,3541174605.8338017,0.03586278866669131,482,0,482,8_POSSA
query_path_6_81.graph,5,0.1,482,3418574974.0,3541325833.751957,0.035907025788680845,482,0,482,8_POSSA
query_path_8_179.graph,1,0.1,251,1796619996.0,1183088545.6539998,0.3414920526944865,251,0,251,UN
query_path_8_179.graph,2,0.1,251,1796619996.0,1298991666.398,0.276980291163363,251,0,251,UN
query_path_8_179.graph,3,0.1,251,1796619996.0,1466851030.618,0.1835496466232139,251,0,251,UN
query_path_8_179.graph,4,0.1,251,1796619996.0,5011333726.423999,1.7893120067578268,251,0,251,UN
query_path_8_179.graph,5,0.1,251,1796619996.0,4788313643.240999,1.6651788658156508,251,0,251,UN
query_path_8_179.graph,1,0.1,251,1796619996.0,1545510608.2810767,0.13976766833164164,251,0,251,PO
query_path_8_179.graph,2,0.1,251,1796619996.0,1609476893.398322,0.10416398738650012,251,0,251,PO
query_path_8_179.graph,3,0.1,251,1796619996.0,1636319269.6609225,0.08922350118331727,251,0,251,PO
query_path_8_179.graph,4,0.1,251,1796619996.0,1978283021.9595826,0.1011137727310381,251,0,251,PO
query_path_8_179.graph,5,0.1,251,1796619996.0,2002759480.6239748,0.11473738747365851,251,0,251,PO
query_path_8_179.graph,1,0.1,251,1796619996.0,1644199288.7451706,0.08483747681433988,251,0,251,WO
query_path_8_179.graph,2,0.1,251,1796619996.0,1649609421.653061,0.08182619289234444,251,0,251,WO
query_path_8_179.graph,3,0.1,251,1796619996.0,1654112461.8668556,0.0793197974254008,251,0,251,WO
query_path_8_179.graph,4,0.1,251,1796619996.0,1629232851.3725,0.09316780677058659,251,0,251,WO
query_path_8_179.graph,5,0.1,251,1796619996.0,1691327183.1235726,0.058606056434221836,251,0,251,WO
query_path_8_179.graph,1,0.1,251,1796619996.0,1610622118.771866,0.10352655410840363,251,0,251,MAB
query_path_8_179.graph,2,0.1,251,1796619996.0,1586342067.4463394,0.11704084838297693,251,0,251,MAB
query_path_8_179.graph,3,0.1,251,1796619996.0,1640419355.625693,0.08694139034524412,251,0,251,MAB
query_path_8_179.graph,4,0.1,251,1796619996.0,1732190114.182412,0.03586171920664079,251,0,251,MAB
query_path_8_179.graph,5,0.1,251,1796619996.0,1561479831.823109,0.1308791868622234,251,0,251,MAB
query_path_8_179.graph,1,0.1,251,1796619996.0,1640860336.0416176,0.08669594032414542,251,0,251,8_POSSA
query_path_8_179.graph,2,0.1,251,1796619996.0,1657957059.7755368,0.07717989142566753,251,0,251,8_POSSA
query_path_8_179.graph,3,0.1,251,1796619996.0,1648265585.22556,0.08257417322791505,251,0,251,8_POSSA
query_path_8_179.graph,4,0.1,251,1796619996.0,1638155245.5673885,0.0882015956548507,251,0,251,8_POSSA
query_path_8_179.graph,5,0.1,251,1796619996.0,1638373841.8869987,0.0880799247839393,251,0,251,8_POSSA
query_star_4_10.graph,1,0.1,262,3285552.0,476120.3730870229,0.8550866420354866,262,0,262,UN
query_star_4_10.graph,2,0.1,262,3285552.0,694629.8605648855,0.788580469715626,262,0,262,UN
query_star_4_10.graph,3,0.1,262,3285552.0,64351.95636641221,0.9804136545802921,262,0,262,UN
query_star_4_10.graph,4,0.1,262,3285552.0,756646.7586870228,0.7697048292989966,262,0,262,UN
query_star_4_10.graph,5,0.1,262,3285552.0,4354235.958984733,0.3252677050872221,262,0,262,UN
query_star_4_10.graph,1,0.1,262,3285552.0,3069349.9298585756,0.06580388018251558,262,0,262,PO
query_star_4_10.graph,2,0.1,262,3285552.0,2785569.6015758505,0.15217607221682977,262,0,262,PO
query_star_4_10.graph,3,0.1,262,3285552.0,3564930.6485140966,0.0850324841956836,262,0,262,PO
query_star_4_10.graph,4,0.1,262,3285552.0,3119370.044071919,0.050579615214758795,262,0,262,PO
query_star_4_10.graph,5,0.1,262,3285552.0,2749376.7319171885,0.16319183750030786,262,0,262,PO
query_star_4_10.graph,1,0.1,262,3285552.0,3323321.465982761,0.011495622648115376,262,0,262,WO
query_star_4_10.graph,2,0.1,262,3285552.0,3287058.7709027897,0.00045860509977917364,262,0,262,WO
query_star_4_10.graph,3,0.1,262,3285552.0,3437073.323595579,0.046117463243795495,262,0,262,WO
query_star_4_10.graph,4,0.1,262,3285552.0,3281976.169021713,0.0010883501397290069,262,0,262,WO
query_star_4_10.graph,5,0.1,262,3285552.0,3361256.1744676675,0.02304153897660651,262,0,262,WO
query_star_4_10.graph,1,0.1,262,3285552.0,3805586.788624491,0.15827927502729863,262,0,262,MAB
query_star_4_10.graph,2,0.1,262,3285552.0,3648942.616931218,0.1106026070904427,262,0,262,MAB
query_star_4_10.graph,3,0.1,262,3285552.0,3128110.1348763355,0.047919456189907964,262,0,262,MAB
query_star_4_10.graph,4,0.1,262,3285552.0,3614526.7426462136,0.10012769319925956,262,0,262,MAB
query_star_4_10.graph,5,0.1,262,3285552.0,3134599.941622228,0.04594420005459421,262,0,262,MAB
query_star_4_10.graph,1,0.1,262,3285552.0,3293161.654853203,0.0023160963068619422,262,0,262,8_POSSA
query_star_4_10.graph,2,0.1,262,3285552.0,3310106.2271457855,0.007473394773780925,262,0,262,8_POSSA
query_star_4_10.graph,3,0.1,262,3285552.0,3325572.740777408,0.012180827080931232,262,0,262,8_POSSA
query_star_4_10.graph,4,0.1,262,3285552.0,3325854.980646297,0.012266730414340381,262,0,262,8_POSSA
query_star_4_10.graph,5,0.1,262,3285552.0,3328984.5571018085,0.013219257251691189,262,0,262,8_POSSA
query_path_6_90.graph,1,0.1,341,1592146312.0,72110980.5696821,0.9547083204438047,341,0,341,UN
query_path_6_90.graph,2,0.1,341,1592146312.0,253438931.3582053,0.840819320782244,341,0,341,UN
query_path_6_90.graph,3,0.1,341,1592146312.0,528997151.9033643,0.6677458924997565,341,0,341,UN
query_path_6_90.graph,4,0.1,341,1592146312.0,3060385946.8775015,0.9221763250094451,341,0,341,UN
query_path_6_90.graph,5,0.1,341,1592146312.0,1102913084.4921758,0.30727906337531635,341,0,341,UN
query_path_6_90.graph,1,0.1,341,1592146312.0,1723848977.5873313,0.0827202026564323,341,0,341,PO
query_path_6_90.graph,2,0.1,341,1592146312.0,2149496889.469493,0.35006241151880574,341,0,341,PO
query_path_6_90.graph,3,0.1,341,1592146312.0,1620070363.0685632,0.017538621204659252,341,0,341,PO
query_path_6_90.graph,4,0.1,341,1592146312.0,1679108378.047704,0.05461939357725559,341,0,341,PO
query_path_6_90.graph,5,0.1,341,1592146312.0,1674519933.8758254,0.05173746988890139,341,0,341,PO
query_path_6_90.graph,1,0.1,341,1592146312.0,1668861752.1419058,0.04818366224492174,341,0,341,WO
query_path_6_90.graph,2,0.1,341,1592146312.0,1636382696.8620653,0.027784120422008875,341,0,341,WO
query_path_6_90.graph,3,0.1,341,1592146312.0,1616919864.3418567,0.015559846576372133,341,0,341,WO
query_path_6_90.graph,4,0.1,341,1592146312.0,1564145996.9220212,0.017586521330948415,341,0,341,WO
query_path_6_90.graph,5,0.1,341,1592146312.0,1760963227.9564533,0.1060310316232126,341,0,341,WO
query_path_6_90.graph,1,0.1,341,1592146312.0,1571673612.1829023,0.012858554306721066,341,0,341,MAB
query_path_6_90.graph,2,0.1,341,1592146312.0,1642124861.0082712,0.03139067598975239,341,0,341,MAB
query_path_6_90.graph,3,0.1,341,1592146312.0,1559307495.2799494,0.02062550186031557,341,0,341,MAB
query_path_6_90.graph,4,0.1,341,1592146312.0,1639024818.2485788,0.029443591895578745,341,0,341,MAB
query_path_6_90.graph,5,0.1,341,1592146312.0,1614616765.3412223,0.014113309293161423,341,0,341,MAB
query_path_6_90.graph,1,0.1,341,1592146312.0,1679770583.0770586,0.05503531328536504,341,0,341,8_POSSA
query_path_6_90.graph,2,0.1,341,1592146312.0,1679548970.5776675,0.05489612224637523,341,0,341,8_POSSA
query_path_6_90.graph,3,0.1,341,1592146312.0,1675614164.5288792,0.052424737538115884,341,0,341,8_POSSA
query_path_6_90.graph,4,0.1,341,1592146312.0,1685147904.7932897,0.05841271753251385,341,0,341,8_POSSA
query_path_6_90.graph,5,0.1,341,1592146312.0,1679854831.8480015,0.05508822850446767,341,0,341,8_POSSA
query_path_6_89.graph,1,0.1,381,11490080461.0,3709094377.7758045,0.6771916097223747,381,0,381,UN
query_path_6_89.graph,2,0.1,381,11490080461.0,8282774760.273753,0.2791369226362328,381,0,381,UN
query_path_6_89.graph,3,0.1,381,11490080461.0,447548362.95565426,0.9610491532696627,381,0,381,UN
query_path_6_89.graph,4,0.1,381,11490080461.0,842280818.3923122,0.9266949590778577,381,0,381,UN
query_path_6_89.graph,5,0.1,381,11490080461.0,9998887256.476048,0.12978091925338628,381,0,381,UN
query_path_6_89.graph,1,0.1,381,11490080461.0,14402406023.404705,0.2534643314544066,381,0,381,PO
query_path_6_89.graph,2,0.1,381,11490080461.0,14196424678.303417,0.23553744697344614,381,0,381,PO
query_path_6_89.graph,3,0.1,381,11490080461.0,12348043099.718338,0.07466985471776828,381,0,381,PO
query_path_6_89.graph,4,0.1,381,11490080461.0,12632836145.661425,0.0994558470273731,381,0,381,PO
query_path_6_89.graph,5,0.1,381,11490080461.0,13287677142.594877,0.156447701797767,381,0,381,PO
query_path_6_89.graph,1,0.1,381,11490080461.0,13075159520.532816,0.137951954724159,381,0,381,WO
query_path_6_89.graph,2,0.1,381,11490080461.0,12931621653.047438,0.12545962553877346,381,0,381,WO
query_path_6_89.graph,3,0.1,381,11490080461.0,12677375314.865559,0.1033321618499986,381,0,381,WO
query_path_6_89.graph,4,0.1,381,11490080461.0,13056776886.87021,0.13635208484291664,381,0,381,WO
query_path_6_89.graph,5,0.1,381,11490080461.0,13188770599.217966,0.14783970782308398,381,0,381,WO
query_path_6_89.graph,1,0.1,381,11490080461.0,13024277995.170237,0.13352365454512344,381,0,381,MAB
query_path_6_89.graph,2,0.1,381,11490080461.0,12774461342.845383,0.11178171347057747,381,0,381,MAB
query_path_6_89.graph,3,0.1,381,11490080461.0,12558750985.315514,0.09300809754490662,381,0,381,MAB
query_path_6_89.graph,4,0.1,381,11490080461.0,12695278676.2042,0.10489031989766505,381,0,381,MAB
query_path_6_89.graph,5,0.1,381,11490080461.0,12351259844.742435,0.07494981315974925,381,0,381,MAB
query_path_6_89.graph,1,0.1,381,11490080461.0,13004941588.900955,0.1318407763150785,381,0,381,8_POSSA
query_path_6_89.graph,2,0.1,381,11490080461.0,13043681709.865591,0.1352123907346754,381,0,381,8_POSSA
query_path_6_89.graph,3,0.1,381,11490080461.0,12956819511.120985,0.12765263525346388,381,0,381,8_POSSA
query_path_6_89.graph,4,0.1,381,11490080461.0,12951058337.587843,0.1271512311464433,381,0,381,8_POSSA
query_path_6_89.graph,5,0.1,381,11490080461.0,13037625580.350365,0.13468531613882878,381,0,381,8_POSSA
query_path_6_96.graph,1,0.1,383,11490080461.0,2471126813.6864567,0.7849338982373505,383,0,383,UN
query_path_6_96.graph,2,0.1,383,11490080461.0,3445721292.860365,0.7001133887133391,383,0,383,UN
query_path_6_96.graph,3,0.1,383,11490080461.0,9878810797.927557,0.14023136465766853,383,0,383,UN
query_path_6_96.graph,4,0.1,383,11490080461.0,9026998056.77623,0.21436598399672166,383,0,383,UN
query_path_6_96.graph,5,0.1,383,11490080461.0,7900138826.620134,0.3124383372740479,383,0,383,UN
query_path_6_96.graph,1,0.1,383,11490080461.0,11988667329.49691,0.04339280914430753,383,0,383,PO
query_path_6_96.graph,2,0.1,383,11490080461.0,11562719293.11085,0.0063218732329510165,383,0,383,PO
query_path_6_96.graph,3,0.1,383,11490080461.0,11257318758.299334,0.020257621649449165,383,0,383,PO
query_path_6_96.graph,4,0.1,383,11490080461.0,13617559398.749825,0.1851578798748174,383,0,383,PO
query_path_6_96.graph,5,0.1,383,11490080461.0,11858959024.041039,0.03210408876535704,383,0,383,PO
query_path_6_96.graph,1,0.1,383,11490080461.0,11715220691.289978,0.019594312768666522,383,0,383,WO
query_path_6_96.graph,2,0.1,383,11490080461.0,12056283582.50096,0.04927755931934369,383,0,383,WO
query_path_6_96.graph,3,0.1,383,11490080461.0,11714554016.185467,0.019536290972668305,383,0,383,WO
query_path_6_96.graph,4,0.1,383,11490080461.0,11909099143.444942,0.03646786320315068,383,0,383,WO
query_path_6_96.graph,5,0.1,383,11490080461.0,11605811001.012667,0.010072213193413485,383,0,383,WO
query_path_6_96.graph,1,0.1,383,11490080461.0,11583527481.871859,0.008132843037003916,383,0,383,MAB
query_path_6_96.graph,2,0.1,383,11490080461.0,10966607701.855036,0.045558667837162,383,0,383,MAB
query_path_6_96.graph,3,0.1,383,11490080461.0,11439737146.672796,0.004381458815547954,383,0,383,MAB
query_path_6_96.graph,4,0.1,383,11490080461.0,11075220136.237545,0.036105954712030715,383,0,383,MAB
query_path_6_96.graph,5,0.1,383,11490080461.0,11083075352.08766,0.035422302767488006,383,0,383,MAB
query_path_6_96.graph,1,0.1,383,11490080461.0,11707901865.535242,0.01895734370830374,383,0,383,8_POSSA
query_path_6_96.graph,2,0.1,383,11490080461.0,11665966541.010622,0.015307645634651576,383,0,383,8_POSSA
query_path_6_96.graph,3,0.1,383,11490080461.0,11664075375.96724,0.015143054529323664,383,0,383,8_POSSA
query_path_6_96.graph,4,0.1,383,11490080461.0,11671206896.1459,0.01576372208712427,383,0,383,8_POSSA
query_path_6_96.graph,5,0.1,383,11490080461.0,11723350524.990982,0.020301865142089717,383,0,383,8_POSSA
query_path_6_95.graph,1,0.1,273,2810441602.0,4729919645.218919,0.6829809386015909,273,0,273,UN
query_path_6_95.graph,2,0.1,273,2810441602.0,567244276.9527034,0.7981654283266252,273,0,273,UN
query_path_6_95.graph,3,0.1,273,2810441602.0,11465614915.027517,3.079648873283195,273,0,273,UN
query_path_6_95.graph,4,0.1,273,2810441602.0,11465432858.666115,3.079584094722675,273,0,273,UN
query_path_6_95.graph,5,0.1,273,2810441602.0,3752250973.722409,0.33511081356473915,273,0,273,UN
query_path_6_95.graph,1,0.1,273,2810441602.0,2804563704.587785,0.0020914497593660488,273,0,273,PO
query_path_6_95.graph,2,0.1,273,2810441602.0,2772230528.378284,0.01359611016095257,273,0,273,PO
query_path_6_95.graph,3,0.1,273,2810441602.0,2829135443.085187,0.006651567167196722,273,0,273,PO
query_path_6_95.graph,4,0.1,273,2810441602.0,2848424486.0442786,0.013514916665497973,273,0,273,PO
query_path_6_95.graph,5,0.1,273,2810441602.0,2707713340.274483,0.036552355918874846,273,0,273,PO
query_path_6_95.graph,1,0.1,273,2810441602.0,2684199064.338498,0.04491911078019328,273,0,273,WO
query_path_6_95.graph,2,0.1,273,2810441602.0,3049305513.5383806,0.08499159397882433,273,0,273,WO
query_path_6_95.graph,3,0.1,273,2810441602.0,2666821259.3261023,0.0511024112978163,273,0,273,WO
query_path_6_95.graph,4,0.1,273,2810441602.0,2856943276.1297956,0.016546038208622972,273,0,273,WO
query_path_6_95.graph,5,0.1,273,2810441602.0,2876130108.273194,0.023373019466566322,273,0,273,WO
query_path_6_95.graph,1,0.1,273,2810441602.0,3043227531.3304343,0.08282895085412073,273,0,273,MAB
query_path_6_95.graph,2,0.1,273,2810441602.0,3031166809.8340645,0.07853755355634837,273,0,273,MAB
query_path_6_95.graph,3,0.1,273,2810441602.0,2873982234.8561034,0.022608771806852657,273,0,273,MAB
query_path_6_95.graph,4,0.1,273,2810441602.0,2826949328.96984,0.005873712856403999,273,0,273,MAB
query_path_6_95.graph,5,0.1,273,2810441602.0,40533.95592919852,0.9999855773712215,273,0,273,MAB
query_path_6_95.graph,1,0.1,273,2810441602.0,2829070451.146117,0.006628441997464145,273,0,273,8_POSSA
query_path_6_95.graph,2,0.1,273,2810441602.0,2849442971.2277174,0.013877309957254683,273,0,273,8_POSSA
query_path_6_95.graph,3,0.1,273,2810441602.0,2868052019.7266,0.0204987065682499,273,0,273,8_POSSA
query_path_6_95.graph,4,0.1,273,2810441602.0,2850697132.426918,0.014323560538767611,273,0,273,8_POSSA
query_path_6_95.graph,5,0.1,273,2810441602.0,2849296421.723488,0.013825165303501601,273,0,273,8_POSSA
query_path_8_7.graph,1,0.1,448,172985668.0,221597574.3682562,0.2810169589786838,448,0,448,UN
query_path_8_7.graph,2,0.1,448,172985668.0,28609259.675382815,0.8346148556342666,448,0,448,UN
query_path_8_7.graph,3,0.1,448,172985668.0,250390816.41662183,0.44746567337949544,448,0,448,UN
query_path_8_7.graph,4,0.1,448,172985668.0,450664833.25248444,1.605214862380879,448,0,448,UN
query_path_8_7.graph,5,0.1,448,172985668.0,122219493.25527965,0.2934704090325006,448,0,448,UN
query_path_8_7.graph,1,0.1,448,172985668.0,156630787.33947885,0.09454471488656013,448,0,448,PO
query_path_8_7.graph,2,0.1,448,172985668.0,155564408.0131735,0.10070926793095084,448,0,448,PO
query_path_8_7.graph,3,0.1,448,172985668.0,168317531.9822514,0.026985680789165693,448,0,448,PO
query_path_8_7.graph,4,0.1,448,172985668.0,157310280.02779165,0.09061668607256151,448,0,448,PO
query_path_8_7.graph,5,0.1,448,172985668.0,219542131.6296174,0.26913480271450807,448,0,448,PO
query_path_8_7.graph,1,0.1,448,172985668.0,153227928.92404085,0.11421604636032129,448,0,448,WO
query_path_8_7.graph,2,0.1,448,172985668.0,137764630.58843628,0.20360667920514505,448,0,448,WO
query_path_8_7.graph,3,0.1,448,172985668.0,179893588.6689689,0.03993348552418161,448,0,448,WO
query_path_8_7.graph,4,0.1,448,172985668.0,166358510.4877525,0.03831044264457506,448,0,448,WO
query_path_8_7.graph,5,0.1,448,172985668.0,151189102.63839868,0.12600214580552027,448,0,448,WO
query_path_8_7.graph,1,0.1,448,172985668.0,158495806.4629108,0.08376336435622632,448,0,448,MAB
query_path_8_7.graph,2,0.1,448,172985668.0,178221872.50216267,0.03026958569864103,448,0,448,MAB
query_path_8_7.graph,3,0.1,448,172985668.0,173331895.04052237,0.0020014781832814427,448,0,448,MAB
query_path_8_7.graph,4,0.1,448,172985668.0,156779095.6953362,0.09368737012747094,448,0,448,MAB
query_path_8_7.graph,5,0.1,448,172985668.0,170721313.02267578,0.013089841508281585,448,0,448,MAB
query_path_8_7.graph,1,0.1,448,172985668.0,171187444.73436815,0.010395215317096989,448,0,448,8_POSSA
query_path_8_7.graph,2,0.1,448,172985668.0,164597282.76943073,0.04849179314999248,448,0,448,8_POSSA
query_path_8_7.graph,3,0.1,448,172985668.0,176631614.5660677,0.021076581708882932,448,0,448,8_POSSA
query_path_8_7.graph,4,0.1,448,172985668.0,169409584.8956648,0.020672713211912958,448,0,448,8_POSSA
query_path_8_7.graph,5,0.1,448,172985668.0,171959687.81506857,0.00593101264858212,448,0,448,8_POSSA
query_path_6_98.graph,1,0.1,407,1706860585.0,1478842315.8469713,0.13358927563086748,407,0,407,UN
query_path_6_98.graph,2,0.1,407,1706860585.0,2345877811.9526625,0.3743816176718747,407,0,407,UN
query_path_6_98.graph,3,0.1,407,1706860585.0,289402293.4833301,0.830447608886973,407,0,407,UN
query_path_6_98.graph,4,0.1,407,1706860585.0,543978721.7432986,0.6812986798548057,407,0,407,UN
query_path_6_98.graph,5,0.1,407,1706860585.0,261920399.61950198,0.8465484516302765,407,0,407,UN
query_path_6_98.graph,1,0.1,407,1706860585.0,1624968022.7956622,0.04797847165961585,407,0,407,PO
query_path_6_98.graph,2,0.1,407,1706860585.0,1529016718.3969827,0.10419355169714539,407,0,407,PO
query_path_6_98.graph,3,0.1,407,1706860585.0,2145899478.0504155,0.257220125011215,407,0,407,PO
query_path_6_98.graph,4,0.1,407,1706860585.0,1756386572.3133333,0.029015836295342934,407,0,407,PO
query_path_6_98.graph,5,0.1,407,1706860585.0,1738437500.8658943,0.018499997096068813,407,0,407,PO
query_path_6_98.graph,1,0.1,407,1706860585.0,1680341143.2384386,0.015536970034117574,407,0,407,WO
query_path_6_98.graph,2,0.1,407,1706860585.0,1674930005.8978932,0.018707198105524715,407,0,407,WO
query_path_6_98.graph,3,0.1,407,1706860585.0,1620731382.9705403,0.05046059577821918,407,0,407,WO
query_path_6_98.graph,4,0.1,407,1706860585.0,1674937216.8356934,0.018702973426682437,407,0,407,WO
query_path_6_98.graph,5,0.1,407,1706860585.0,1690404933.593851,0.009640887809327972,407,0,407,WO
query_path_6_98.graph,1,0.1,407,1706860585.0,1677962329.1048737,0.016930648085195746,407,0,407,MAB
query_path_6_98.graph,2,0.1,407,1706860585.0,1711282734.2498467,0.0025908086979738285,407,0,407,MAB
query_path_6_98.graph,3,0.1,407,1706860585.0,1628281293.5428395,0.04603732264235305,407,0,407,MAB
query_path_6_98.graph,4,0.1,407,1706860585.0,1716124124.0610573,0.005427238253941712,407,0,407,MAB
query_path_6_98.graph,5,0.1,407,1706860585.0,1644965579.2230675,0.03626248465801469,407,0,407,MAB
query_path_6_98.graph,1,0.1,407,1706860585.0,1671831446.8428867,0.020522553783801453,407,0,407,8_POSSA
query_path_6_98.graph,2,0.1,407,1706860585.0,1671912727.5239296,0.020474933795527537,407,0,407,8_POSSA
query_path_6_98.graph,3,0.1,407,1706860585.0,1671824002.5637743,0.020526915170535533,407,0,407,8_POSSA
query_path_6_98.graph,4,0.1,407,1706860585.0,1671097909.860244,0.020952311778736143,407,0,407,8_POSSA
query_path_6_98.graph,5,0.1,407,1706860585.0,1671849063.539673,0.020512232673254277,407,0,407,8_POSSA
query_path_8_221.graph,1,0.1,238,1709951539.0,667931909.5016295,0.6093854742268053,238,0,238,UN
query_path_8_221.graph,2,0.1,238,1709951539.0,627662369.6405525,0.6329355801465479,238,0,238,UN
query_path_8_221.graph,3,0.1,238,1709951539.0,373877626.8566361,0.7813519165137954,238,0,238,UN
query_path_8_221.graph,4,0.1,238,1709951539.0,1685933822.6662896,0.014045846204364528,238,0,238,UN
query_path_8_221.graph,5,0.1,238,1709951539.0,3972708768.5934353,1.3232873435212804,238,0,238,UN
query_path_8_221.graph,1,0.1,238,1709951539.0,2100438700.8117037,0.2283615370995047,238,0,238,PO
query_path_8_221.graph,2,0.1,238,1709951539.0,1837407378.068103,0.07453769078312053,238,0,238,PO
query_path_8_221.graph,3,0.1,238,1709951539.0,1837407378.0681038,0.07453769078312096,238,0,238,PO
query_path_8_221.graph,4,0.1,238,1709951539.0,1787023233.6611004,0.0450724438109941,238,0,238,PO
query_path_8_221.graph,5,0.1,238,1709951539.0,1839789899.8432271,0.07593101785747576,238,0,238,PO
query_path_8_221.graph,1,0.1,238,1709951539.0,2232262721.3281465,0.3054537923534372,238,0,238,WO
query_path_8_221.graph,2,0.1,238,1709951539.0,2138364555.380509,0.2505410279820269,238,0,238,WO
query_path_8_221.graph,3,0.1,238,1709951539.0,2017567373.5926604,0.17989739918159192,238,0,238,WO
query_path_8_221.graph,4,0.1,238,1709951539.0,1837478593.5794601,0.07457933846127562,238,0,238,WO
query_path_8_221.graph,5,0.1,238,1709951539.0,2161378516.646605,0.263999866283114,238,0,238,WO
query_path_8_221.graph,1,0.1,238,1709951539.0,1789353936.0919967,0.046435466316450194,238,0,238,MAB
query_path_8_221.graph,2,0.1,238,1709951539.0,2027572157.2393503,0.18574831566577532,238,0,238,MAB
query_path_8_221.graph,3,0.1,238,1709951539.0,1789931455.4167967,0.04677320648722588,238,0,238,MAB
query_path_8_221.graph,4,0.1,238,1709951539.0,2127603979.4159427,0.24424811516014705,238,0,238,MAB
query_path_8_221.graph,5,0.1,238,1709951539.0,2070743581.3273394,0.21099547799953142,238,0,238,MAB
query_path_8_221.graph,1,0.1,238,1709951539.0,1921347152.2977872,0.12362666922210781,238,0,238,8_POSSA
query_path_8_221.graph,2,0.1,238,1709951539.0,1922844973.0167904,0.12450261259526278,238,0,238,8_POSSA
query_path_8_221.graph,3,0.1,238,1709951539.0,1978896075.1777518,0.15728196387076193,238,0,238,8_POSSA
query_path_8_221.graph,4,0.1,238,1709951539.0,1947030809.8268185,0.13864677765398267,238,0,238,8_POSSA
query_path_8_221.graph,5,0.1,238,1709951539.0,1954064891.9150434,0.14276039253007353,238,0,238,8_POSSA
query_path_6_86.graph,1,0.1,438,2729535768.0,190695918.0476347,0.9301361351321062,438,0,438,UN
query_path_6_86.graph,2,0.1,438,2729535768.0,457464750.1125343,0.8324019946997322,438,0,438,UN
query_path_6_86.graph,3,0.1,438,2729535768.0,334087893.26400226,0.8776026688564712,438,0,438,UN
query_path_6_86.graph,4,0.1,438,2729535768.0,10437630173.791801,2.8239580137246993,438,0,438,UN
query_path_6_86.graph,5,0.1,438,2729535768.0,2171400095.214524,0.2044800728859605,438,0,438,UN
query_path_6_86.graph,1,0.1,438,2729535768.0,2629496749.9273148,0.036650561331895044,438,0,438,PO
query_path_6_86.graph,2,0.1,438,2729535768.0,2625509274.4450865,0.03811142347884907,438,0,438,PO
query_path_6_86.graph,3,0.1,438,2729535768.0,2559270646.461969,0.062378783796919676,438,0,438,PO
query_path_6_86.graph,4,0.1,438,2729535768.0,2597955913.4665394,0.04820594625505586,438,0,438,PO
query_path_6_86.graph,5,0.1,438,2729535768.0,2953887965.7358627,0.082194269210933,438,0,438,PO
query_path_6_86.graph,1,0.1,438,2729535768.0,2666750436.213449,0.023002201518156108,438,0,438,WO
query_path_6_86.graph,2,0.1,438,2729535768.0,2662552063.268065,0.024540328621894442,438,0,438,WO
query_path_6_86.graph,3,0.1,438,2729535768.0,2610657467.3190837,0.04355257112751501,438,0,438,WO
query_path_6_86.graph,4,0.1,438,2729535768.0,2642690195.2611904,0.031816975530034375,438,0,438,WO
query_path_6_86.graph,5,0.1,438,2729535768.0,2648942674.4655595,0.029526300581689435,438,0,438,WO
query_path_6_86.graph,1,0.1,438,2729535768.0,2587459243.3480244,0.05205153430031023,438,0,438,MAB
query_path_6_86.graph,2,0.1,438,2729535768.0,2770597107.865418,0.015043341928984738,438,0,438,MAB
query_path_6_86.graph,3,0.1,438,2729535768.0,2523181022.682129,0.07560067456784875,438,0,438,MAB
query_path_6_86.graph,4,0.1,438,2729535768.0,2759107081.544196,0.010833825257349083,438,0,438,MAB
query_path_6_86.graph,5,0.1,438,2729535768.0,2583319913.7774677,0.053568030115856785,438,0,438,MAB
query_path_6_86.graph,1,0.1,438,2729535768.0,2634887679.100186,0.034675526149695844,438,0,438,8_POSSA
query_path_6_86.graph,2,0.1,438,2729535768.0,2635232543.2822337,0.03454918078866746,438,0,438,8_POSSA
query_path_6_86.graph,3,0.1,438,2729535768.0,2636621952.677976,0.03404015305873943,438,0,438,8_POSSA
query_path_6_86.graph,4,0.1,438,2729535768.0,2630833991.4184656,0.036160645974555476,438,0,438,8_POSSA
query_path_6_86.graph,5,0.1,438,2729535768.0,2665156887.497683,0.023586018273535573,438,0,438,8_POSSA
query_path_6_85.graph,1,0.1,412,509162610.0,730213306.4564636,0.43414557965374473,412,0,412,UN
query_path_6_85.graph,2,0.1,412,509162610.0,102134827.18226892,0.7994062698707022,412,0,412,UN
query_path_6_85.graph,3,0.1,412,509162610.0,412939679.29998034,0.18898271163316502,412,0,412,UN
query_path_6_85.graph,4,0.1,412,509162610.0,304017073.6699199,0.4029077004104447,412,0,412,UN
query_path_6_85.graph,5,0.1,412,509162610.0,27977622.628084466,0.9450516945301924,412,0,412,UN
query_path_6_85.graph,1,0.1,412,509162610.0,524830515.25454354,0.030771908515716703,412,0,412,PO
query_path_6_85.graph,2,0.1,412,509162610.0,521798799.9241296,0.024817592014719236,412,0,412,PO
query_path_6_85.graph,3,0.1,412,509162610.0,526957607.6280392,0.0349495372962268,412,0,412,PO
query_path_6_85.graph,4,0.1,412,509162610.0,519485211.49119556,0.020273683276145434,412,0,412,PO
query_path_6_85.graph,5,0.1,412,509162610.0,515253303.55895877,0.01196217758204745,412,0,412,PO
query_path_6_85.graph,1,0.1,412,509162610.0,526622996.2068633,0.034292357419692075,412,0,412,WO
query_path_6_85.graph,2,0.1,412,509162610.0,531047545.298036,0.042982212103194264,412,0,412,WO
query_path_6_85.graph,3,0.1,412,509162610.0,529277120.9802105,0.039505082630106096,412,0,412,WO
query_path_6_85.graph,4,0.1,412,509162610.0,534362636.53033036,0.04949308145452856,412,0,412,WO
query_path_6_85.graph,5,0.1,412,509162610.0,527836396.6720933,0.036675486976730814,412,0,412,WO
query_path_6_85.graph,1,0.1,412,509162610.0,517874989.3115812,0.017111192260525952,412,0,412,MAB
query_path_6_85.graph,2,0.1,412,509162610.0,499820175.42334527,0.018348626535351315,412,0,412,MAB
query_path_6_85.graph,3,0.1,412,509162610.0,535251585.7202023,0.05123898575388779,412,0,412,MAB
query_path_6_85.graph,4,0.1,412,509162610.0,532203088.9233089,0.04525171029999416,412,0,412,MAB
query_path_6_85.graph,5,0.1,412,509162610.0,494285736.29675937,0.0292183153496692,412,0,412,MAB
query_path_6_85.graph,1,0.1,412,509162610.0,523051704.00151557,0.027278307025560198,412,0,412,8_POSSA
query_path_6_85.graph,2,0.1,412,509162610.0,522262447.32736313,0.025728199734389636,412,0,412,8_POSSA
query_path_6_85.graph,3,0.1,412,509162610.0,522041264.91129637,0.02529379545622246,412,0,412,8_POSSA
query_path_6_85.graph,4,0.1,412,509162610.0,523230716.1585719,0.02762988853123347,412,0,412,8_POSSA
query_path_6_85.graph,5,0.1,412,509162610.0,523179633.4392584,0.02752956160559079,412,0,412,8_POSSA
query_star_4_9.graph,1,0.1,260,3285552.0,2897854.676678077,0.118000665739554,260,0,260,UN
query_star_4_9.graph,2,0.1,260,3285552.0,3026367.275110385,0.07888620386760431,260,0,260,UN
query_star_4_9.graph,3,0.1,260,3285552.0,10262884.940080384,2.123641001597413,260,0,260,UN
query_star_4_9.graph,4,0.1,260,3285552.0,683883.0337223078,0.7918514046582408,260,0,260,UN
query_star_4_9.graph,5,0.1,260,3285552.0,10240108.16966077,2.116708598634497,260,0,260,UN
query_star_4_9.graph,1,0.1,260,3285552.0,3316913.409049605,0.00954524811952604,260,0,260,PO
query_star_4_9.graph,2,0.1,260,3285552.0,2477112.2436500015,0.24605903554410294,260,0,260,PO
query_star_4_9.graph,3,0.1,260,3285552.0,3807741.577738884,0.1589351128026231,260,0,260,PO
query_star_4_9.graph,4,0.1,260,3285552.0,3750781.1787195588,0.14159848290928245,260,0,260,PO
query_star_4_9.graph,5,0.1,260,3285552.0,3613210.1229308993,0.09972696305853605,260,0,260,PO
query_star_4_9.graph,1,0.1,260,3285552.0,3473661.4311254653,0.05725352425573094,260,0,260,WO
query_star_4_9.graph,2,0.1,260,3285552.0,3796752.428073534,0.15559042379287674,260,0,260,WO
query_star_4_9.graph,3,0.1,260,3285552.0,3516278.2802647143,0.07022451029985655,260,0,260,WO
query_star_4_9.graph,4,0.1,260,3285552.0,3564338.788394132,0.08485234395746351,260,0,260,WO
query_star_4_9.graph,5,0.1,260,3285552.0,3581775.4045175295,0.09015940229146564,260,0,260,WO
query_star_4_9.graph,1,0.1,260,3285552.0,3607408.755900212,0.0979612424031676,260,0,260,MAB
query_star_4_9.graph,2,0.1,260,3285552.0,3663404.7048550625,0.11500432951755521,260,0,260,MAB
query_star_4_9.graph,3,0.1,260,3285552.0,3486644.9515870777,0.061205225662865084,260,0,260,MAB
query_star_4_9.graph,4,0.1,260,3285552.0,3526807.6595142116,0.07342926227136615,260,0,260,MAB
query_star_4_9.graph,5,0.1,260,3285552.0,3801611.4589964785,0.15706933233638623,260,0,260,MAB
query_star_4_9.graph,1,0.1,260,3285552.0,3538682.421202262,0.0770434986882758,260,0,260,8_POSSA
query_star_4_9.graph,2,0.1,260,3285552.0,3547703.7102561193,0.07978924401626249,260,0,260,8_POSSA
query_star_4_9.graph,3,0.1,260,3285552.0,3549895.4502811367,0.08045632827638603,260,0,260,8_POSSA
query_star_4_9.graph,4,0.1,260,3285552.0,3525514.8767765206,0.0730357872213012,260,0,260,8_POSSA
query_star_4_9.graph,5,0.1,260,3285552.0,3538094.5407838426,0.07686456972339581,260,0,260,8_POSSA
query_path_6_93.graph,1,0.1,482,3418574974.0,764477537.2102917,0.77637537774525,482,0,482,UN
query_path_6_93.graph,2,0.1,482,3418574974.0,287538953.6631452,0.9158892357634322,482,0,482,UN
query_path_6_93.graph,3,0.1,482,3418574974.0,5329325918.9743,0.5589319992998639,482,0,482,UN
query_path_6_93.graph,4,0.1,482,3418574974.0,732319001.3110081,0.7857823780725401,482,0,482,UN
query_path_6_93.graph,5,0.1,482,3418574974.0,5787963625.677232,0.6930924931287559,482,0,482,UN
query_path_6_93.graph,1,0.1,482,3418574974.0,3343582474.1814747,0.02193677201432801,482,0,482,PO
query_path_6_93.graph,2,0.1,482,3418574974.0,3249748144.5989947,0.049385147520536805,482,0,482,PO
query_path_6_93.graph,3,0.1,482,3418574974.0,3247810117.9306583,0.04995205820205646,482,0,482,PO
query_path_6_93.graph,4,0.1,482,3418574974.0,3248146762.7466173,0.049853583013266006,482,0,482,PO
query_path_6_93.graph,5,0.1,482,3418574974.0,3348204963.683836,0.02058460348284408,482,0,482,PO
query_path_6_93.graph,1,0.1,482,3418574974.0,3327642603.6757517,0.026599495700938315,482,0,482,WO
query_path_6_93.graph,2,0.1,482,3418574974.0,3343396518.3430862,0.021991167731784184,482,0,482,WO
query_path_6_93.graph,3,0.1,482,3418574974.0,3344311649.9834857,0.021723473839633363,482,0,482,WO
query_path_6_93.graph,4,0.1,482,3418574974.0,3272635823.537259,0.04269005406424674,482,0,482,WO
query_path_6_93.graph,5,0.1,482,3418574974.0,3266702927.2795405,0.044425542185127884,482,0,482,WO
query_path_6_93.graph,1,0.1,482,3418574974.0,3369478088.5132294,0.014361798661774977,482,0,482,MAB
query_path_6_93.graph,2,0.1,482,3418574974.0,3549692645.7350945,0.038354481833018456,482,0,482,MAB
query_path_6_93.graph,3,0.1,482,3418574974.0,3351378848.086073,0.019656180257852398,482,0,482,MAB
query_path_6_93.graph,4,0.1,482,3418574974.0,3226183363.872607,0.05627830648461091,482,0,482,MAB
query_path_6_93.graph,5,0.1,482,3418574974.0,3237116210.6654277,0.05308023510224536,482,0,482,MAB
query_path_6_93.graph,1,0.1,482,3418574974.0,3345008486.1728034,0.021519635633767614,482,0,482,8_POSSA
query_path_6_93.graph,2,0.1,482,3418574974.0,3342858027.6991897,0.022148686770562646,482,0,482,8_POSSA
query_path_6_93.graph,3,0.1,482,3418574974.0,3346710026.3553443,0.021021901871752163,482,0,482,8_POSSA
query_path_6_93.graph,4,0.1,482,3418574974.0,3352410284.6833477,0.019354464892497134,482,0,482,8_POSSA
query_path_6_93.graph,5,0.1,482,3418574974.0,3352979822.799523,0.01918786386121749,482,0,482,8_POSSA
query_path_8_295.graph,1,0.1,217,474163404.0,362235945.58399993,0.2360525031493153,217,0,217,UN
query_path_8_295.graph,2,0.1,217,474163404.0,1090268174.794,1.2993511637477613,217,0,217,UN
query_path_8_295.graph,3,0.1,217,474163404.0,437759006.652,0.0767760587192005,217,0,217,UN
query_path_8_295.graph,4,0.1,217,474163404.0,42281046.407,0.9108302200247407,217,0,217,UN
query_path_8_295.graph,5,0.1,217,474163404.0,178049416.60199997,0.6244977678581032,217,0,217,UN
query_path_8_295.graph,1,0.1,217,474163404.0,463046002.84476036,0.02344635005876506,217,0,217,PO
query_path_8_295.graph,2,0.1,217,474163404.0,485994667.2992487,0.024951869333316782,217,0,217,PO
query_path_8_295.graph,3,0.1,217,474163404.0,377661017.39552927,0.20352137214805116,217,0,217,PO
query_path_8_295.graph,4,0.1,217,474163404.0,516275019.8799319,0.08881245478812179,217,0,217,PO
query_path_8_295.graph,5,0.1,217,474163404.0,413679218.7028572,0.12755979222964833,217,0,217,PO
query_path_8_295.graph,1,0.1,217,474163404.0,536309989.94263655,0.13106575796101833,217,0,217,WO
query_path_8_295.graph,2,0.1,217,474163404.0,442122330.10993075,0.06757390726440214,217,0,217,WO
query_path_8_295.graph,3,0.1,217,474163404.0,458376540.9991899,0.03329414051703174,217,0,217,WO
query_path_8_295.graph,4,0.1,217,474163404.0,429628028.23704606,0.09392411010056342,217,0,217,WO
query_path_8_295.graph,5,0.1,217,474163404.0,474405521.94754624,0.0005106213290687521,217,0,217,WO
query_path_8_295.graph,1,0.1,217,474163404.0,421490537.39276046,0.11108589604953896,217,0,217,MAB
query_path_8_295.graph,2,0.1,217,474163404.0,414674971.7398519,0.1254597713748236,217,0,217,MAB
query_path_8_295.graph,3,0.1,217,474163404.0,472749685.55452615,0.002981500540842772,217,0,217,MAB
query_path_8_295.graph,4,0.1,217,474163404.0,475652072.35238534,0.0031395682159927763,217,0,217,MAB
query_path_8_295.graph,5,0.1,217,474163404.0,457339127.4566258,0.03548202244510245,217,0,217,MAB
query_path_8_295.graph,1,0.1,217,474163404.0,449788783.74197245,0.05140552824702506,217,0,217,8_POSSA
query_path_8_295.graph,2,0.1,217,474163404.0,450954731.0721549,0.04894657143942117,217,0,217,8_POSSA
query_path_8_295.graph,3,0.1,217,474163404.0,458715613.53599167,0.032579044130551106,217,0,217,8_POSSA
query_path_8_295.graph,4,0.1,217,474163404.0,449155555.1052201,0.05274099326058474,217,0,217,8_POSSA
query_path_8_295.graph,5,0.1,217,474163404.0,460895831.68260545,0.027981012886001962,217,0,217,8_POSSA
query_path_8_280.graph,1,0.1,236,1709951539.0,80006855.75122882,0.953211039069553,236,0,236,UN
query_path_8_280.graph,2,0.1,236,1709951539.0,570898286.5164585,0.6661318911702453,236,0,236,UN
query_path_8_280.graph,3,0.1,236,1709951539.0,123858572.09189619,0.9275660337343067,236,0,236,UN
query_path_8_280.graph,4,0.1,236,1709951539.0,740485788.8307292,0.5669551025616936,236,0,236,UN
query_path_8_280.graph,5,0.1,236,1709951539.0,152692577.35589617,0.9107035644734162,236,0,236,UN
query_path_8_280.graph,1,0.1,236,1709951539.0,1858863099.9920247,0.08708525218153838,236,0,236,PO
query_path_8_280.graph,2,0.1,236,1709951539.0,1392209684.8806756,0.18581921585049344,236,0,236,PO
query_path_8_280.graph,3,0.1,236,1709951539.0,1394974508.7706132,0.18420231395188494,236,0,236,PO
query_path_8_280.graph,4,0.1,236,1709951539.0,1724044243.7678497,0.008241581381944465,236,0,236,PO
query_path_8_280.graph,5,0.1,236,1709951539.0,2127726183.4579835,0.24431958153755812,236,0,236,PO
query_path_8_280.graph,1,0.1,236,1709951539.0,1394298436.8828309,0.1845976888337823,236,0,236,WO
query_path_8_280.graph,2,0.1,236,1709951539.0,1545788607.2650754,0.09600443520810478,236,0,236,WO
query_path_8_280.graph,3,0.1,236,1709951539.0,1803703932.8944125,0.05482751514071565,236,0,236,WO
query_path_8_280.graph,4,0.1,236,1709951539.0,1552667301.1392841,0.09198169320792422,236,0,236,WO
query_path_8_280.graph,5,0.1,236,1709951539.0,1715384316.503878,0.0031771529075351863,236,0,236,WO
query_path_8_280.graph,1,0.1,236,1709951539.0,1344911911.4568803,0.21347951635904208,236,0,236,MAB
query_path_8_280.graph,2,0.1,236,1709951539.0,1586104583.6655693,0.07242717264774524,236,0,236,MAB
query_path_8_280.graph,3,0.1,236,1709951539.0,1388369981.6496627,0.18806471997352742,236,0,236,MAB
query_path_8_280.graph,4,0.1,236,1709951539.0,1531164028.5452976,0.10455706280381456,236,0,236,MAB
query_path_8_280.graph,5,0.1,236,1709951539.0,1572420060.996698,0.08043004428285268,236,0,236,MAB
query_path_8_280.graph,1,0.1,236,1709951539.0,1517609301.0739994,0.11248402866345827,236,0,236,8_POSSA
query_path_8_280.graph,2,0.1,236,1709951539.0,1517453359.4005904,0.11257522520900493,236,0,236,8_POSSA
query_path_8_280.graph,3,0.1,236,1709951539.0,1519122276.6645598,0.11159922254114837,236,0,236,8_POSSA
query_path_8_280.graph,4,0.1,236,1709951539.0,1542188833.6305532,0.09810962564913178,236,0,236,8_POSSA
query_path_8_280.graph,5,0.1,236,1709951539.0,1518109829.19341,0.11219131386541012,236,0,236,8_POSSA
query_star_4_8.graph,1,0.1,263,3285552.0,1178710.554106464,0.6412442858592822,263,0,263,UN
query_star_4_8.graph,2,0.1,263,3285552.0,1243245.7578501897,0.6216021667439171,263,0,263,UN
query_star_4_8.graph,3,0.1,263,3285552.0,13468880.194282128,3.09942688299626,263,0,263,UN
query_star_4_8.graph,4,0.1,263,3285552.0,261855.0740197718,0.920301041036705,263,0,263,UN
query_star_4_8.graph,5,0.1,263,3285552.0,9779520.95026578,1.9765229557364425,263,0,263,UN
query_star_4_8.graph,1,0.1,263,3285552.0,3456440.264926282,0.052012040876626586,263,0,263,PO
query_star_4_8.graph,2,0.1,263,3285552.0,3495079.0309931757,0.06377224618364759,263,0,263,PO
query_star_4_8.graph,3,0.1,263,3285552.0,3241714.114185527,0.013342624257498598,263,0,263,PO
query_star_4_8.graph,4,0.1,263,3285552.0,3308842.237725913,0.007088683340246345,263,0,263,PO
query_star_4_8.graph,5,0.1,263,3285552.0,3328650.7008509813,0.013117643808705901,263,0,263,PO
query_star_4_8.graph,1,0.1,263,3285552.0,3278939.3486769805,0.0020126454620165886,263,0,263,WO
query_star_4_8.graph,2,0.1,263,3285552.0,3133888.5990028214,0.04616070632794082,263,0,263,WO
query_star_4_8.graph,3,0.1,263,3285552.0,3093083.074557971,0.058580392409564294,263,0,263,WO
query_star_4_8.graph,4,0.1,263,3285552.0,3242577.7464840706,0.013079766662018879,263,0,263,WO
query_star_4_8.graph,5,0.1,263,3285552.0,3197768.284890713,0.026718102501280403,263,0,263,WO
query_star_4_8.graph,1,0.1,263,3285552.0,3169836.8066421654,0.035219407076142635,263,0,263,MAB
query_star_4_8.graph,2,0.1,263,3285552.0,3276549.0443656407,0.0027401653160136472,263,0,263,MAB
query_star_4_8.graph,3,0.1,263,3285552.0,3288608.1169367637,0.0009301684882064714,263,0,263,MAB
query_star_4_8.graph,4,0.1,263,3285552.0,3166904.6765515227,0.03611183857338959,263,0,263,MAB
query_star_4_8.graph,5,0.1,263,3285552.0,3129525.383893004,0.0474887069530465,263,0,263,MAB
query_star_4_8.graph,1,0.1,263,3285552.0,3169633.3213716024,0.03528134043484858,263,0,263,8_POSSA
query_star_4_8.graph,2,0.1,263,3285552.0,3166194.02949351,0.03632813314368186,263,0,263,8_POSSA
query_star_4_8.graph,3,0.1,263,3285552.0,3168473.0457320507,0.03563448524569063,263,0,263,8_POSSA
query_star_4_8.graph,4,0.1,263,3285552.0,3161659.471758836,0.03770828409995156,263,0,263,8_POSSA
query_star_4_8.graph,5,0.1,263,3285552.0,3194982.1843899386,0.027566088015061517,263,0,263,8_POSSA
query_tree_6_6.graph,1,0.1,357,3010879504.0,4096267343.358189,0.3604886339410908,357,0,357,UN
query_tree_6_6.graph,2,0.1,357,3010879504.0,921446535.4638474,0.6939610056663871,357,0,357,UN
query_tree_6_6.graph,3,0.1,357,3010879504.0,9604065168.849144,2.189787288428512,357,0,357,UN
query_tree_6_6.graph,4,0.1,357,3010879504.0,867895232.0447192,0.7117469394269326,357,0,357,UN
query_tree_6_6.graph,5,0.1,357,3010879504.0,2906526162.571721,0.0346587571138745,357,0,357,UN
query_tree_6_6.graph,1,0.1,357,3010879504.0,2834527468.295965,0.05857160190892674,357,0,357,PO
query_tree_6_6.graph,2,0.1,357,3010879504.0,2759299184.3191853,0.08355708667403873,357,0,357,PO
query_tree_6_6.graph,3,0.1,357,3010879504.0,2817343541.9449906,0.06427887990797833,357,0,357,PO
query_tree_6_6.graph,4,0.1,357,3010879504.0,2833711295.6833506,0.05884267639448166,357,0,357,PO
query_tree_6_6.graph,5,0.1,357,3010879504.0,2907028094.784343,0.03449205093650843,357,0,357,PO
query_tree_6_6.graph,1,0.1,357,3010879504.0,2912329549.8340836,0.03273128467445851,357,0,357,WO
query_tree_6_6.graph,2,0.1,357,3010879504.0,2992937252.840982,0.005959139558783897,357,0,357,WO
query_tree_6_6.graph,3,0.1,357,3010879504.0,2806477204.2100267,0.0678879043543329,357,0,357,WO
query_tree_6_6.graph,4,0.1,357,3010879504.0,2967741894.0439563,0.01432724554361433,357,0,357,WO
query_tree_6_6.graph,5,0.1,357,3010879504.0,2853526140.0479083,0.052261594574955696,357,0,357,WO
query_tree_6_6.graph,1,0.1,357,3010879504.0,2888267758.7092247,0.04072290011203826,357,0,357,MAB
query_tree_6_6.graph,2,0.1,357,3010879504.0,2893606064.2241282,0.03894989474672506,357,0,357,MAB
query_tree_6_6.graph,3,0.1,357,3010879504.0,2904564883.200725,0.03531015461031712,357,0,357,MAB
query_tree_6_6.graph,4,0.1,357,3010879504.0,2961881618.875057,0.016273612099005734,357,0,357,MAB
query_tree_6_6.graph,5,0.1,357,3010879504.0,2688368401.845997,0.10711524713145848,357,0,357,MAB
query_tree_6_6.graph,1,0.1,357,3010879504.0,2890270098.231929,0.04005786535390729,357,0,357,8_POSSA
query_tree_6_6.graph,2,0.1,357,3010879504.0,2874177466.2819777,0.0454026929793808,357,0,357,8_POSSA
query_tree_6_6.graph,3,0.1,357,3010879504.0,2883970558.287532,0.04215012442174044,357,0,357,8_POSSA
query_tree_6_6.graph,4,0.1,357,3010879504.0,2884254765.8343472,0.042055730891066824,357,0,357,8_POSSA
query_tree_6_6.graph,5,0.1,357,3010879504.0,2891299117.4071426,0.03971609838055391,357,0,357,8_POSSA
query_star_4_6.graph,1,0.1,689,3422458.0,3127309.634059797,0.08623871087394,689,0,689,UN
query_star_4_6.graph,2,0.1,689,3422458.0,1256208.5378670536,0.632951364818194,689,0,689,UN
query_star_4_6.graph,3,0.1,689,3422458.0,4346438.174748332,0.26997560663953574,689,0,689,UN
query_star_4_6.graph,4,0.1,689,3422458.0,2525684.1049730037,0.2620262673864796,689,0,689,UN
query_star_4_6.graph,5,0.1,689,3422458.0,4527196.643197678,0.3227910008530939,689,0,689,UN
query_star_4_6.graph,1,0.1,689,3422458.0,4001758.672550416,0.16926450888525618,689,0,689,PO
query_star_4_6.graph,2,0.1,689,3422458.0,3383534.8401373117,0.011372867062996325,689,0,689,PO
query_star_4_6.graph,3,0.1,689,3422458.0,2335699.9860359807,0.31753728284292143,689,0,689,PO
query_star_4_6.graph,4,0.1,689,3422458.0,4125905.070263379,0.20553855453109396,689,0,689,PO
query_star_4_6.graph,5,0.1,689,3422458.0,3389244.03028195,0.009704712144911701,689,0,689,PO
query_star_4_6.graph,1,0.1,689,3422458.0,3217811.7638628236,0.05979510519549879,689,0,689,WO
query_star_4_6.graph,2,0.1,689,3422458.0,3100341.320446039,0.09411851936647898,689,0,689,WO
query_star_4_6.graph,3,0.1,689,3422458.0,3314420.273966689,0.0315672905360156,689,0,689,WO
query_star_4_6.graph,4,0.1,689,3422458.0,3168662.161173884,0.07415601267455033,689,0,689,WO
query_star_4_6.graph,5,0.1,689,3422458.0,3356699.9613915444,0.01921368753347903,689,0,689,WO
query_star_4_6.graph,1,0.1,689,3422458.0,3118722.1773921675,0.08874785975688598,689,0,689,MAB
query_star_4_6.graph,2,0.1,689,3422458.0,3267368.9226459693,0.04531511485430374,689,0,689,MAB
query_star_4_6.graph,3,0.1,689,3422458.0,3297785.442235881,0.03642778312082106,689,0,689,MAB
query_star_4_6.graph,4,0.1,689,3422458.0,2999104.0969304484,0.12369878697402614,689,0,689,MAB
query_star_4_6.graph,5,0.1,689,3422458.0,3116546.276981844,0.08938363100968832,689,0,689,MAB
query_star_4_6.graph,1,0.1,689,3422458.0,3214587.115491017,0.06073730766279184,689,0,689,8_POSSA
query_star_4_6.graph,2,0.1,689,3422458.0,3232401.1538875857,0.05553226543975536,689,0,689,8_POSSA
query_star_4_6.graph,3,0.1,689,3422458.0,3222049.7619287907,0.05855681445066946,689,0,689,8_POSSA
query_star_4_6.graph,4,0.1,689,3422458.0,3234198.51919695,0.05500709747294199,689,0,689,8_POSSA
query_star_4_6.graph,5,0.1,689,3422458.0,3250390.210804052,0.0502760849646505,689,0,689,8_POSSA
query_star_4_7.graph,1,0.1,689,3422458.0,542687.1564149491,0.8414335087779166,689,0,689,UN
query_star_4_7.graph,2,0.1,689,3422458.0,3776328.378676487,0.10339655846075749,689,0,689,UN
query_star_4_7.graph,3,0.1,689,3422458.0,3144756.405739478,0.08114097945410058,689,0,689,UN
query_star_4_7.graph,4,0.1,689,3422458.0,5614826.999949056,0.6405831714951814,689,0,689,UN
query_star_4_7.graph,5,0.1,689,3422458.0,4060085.0867698113,0.186306767466485,689,0,689,UN
query_star_4_7.graph,1,0.1,689,3422458.0,3856008.6722846604,0.12667815712702987,689,0,689,PO
query_star_4_7.graph,2,0.1,689,3422458.0,3001903.138252341,0.1228809416354149,689,0,689,PO
query_star_4_7.graph,3,0.1,689,3422458.0,3061952.397538346,0.10533528898284632,689,0,689,PO
query_star_4_7.graph,4,0.1,689,3422458.0,3749369.646722016,0.0955195496108399,689,0,689,PO
query_star_4_7.graph,5,0.1,689,3422458.0,3357656.077662847,0.018934322155933832,689,0,689,PO
query_star_4_7.graph,1,0.1,689,3422458.0,3462514.060559728,0.011703886668507892,689,0,689,WO
query_star_4_7.graph,2,0.1,689,3422458.0,3496571.2978859376,0.021654991203964406,689,0,689,WO
query_star_4_7.graph,3,0.1,689,3422458.0,3506804.627476663,0.024645043847627307,689,0,689,WO
query_star_4_7.graph,4,0.1,689,3422458.0,3458932.804382116,0.010657487800322479,689,0,689,WO
query_star_4_7.graph,5,0.1,689,3422458.0,3436520.358488181,0.00410884764347178,689,0,689,WO
query_star_4_7.graph,1,0.1,689,3422458.0,3471428.6539088944,0.01430862085346099,689,0,689,MAB
query_star_4_7.graph,2,0.1,689,3422458.0,3468177.4804398436,0.013358668080030087,689,0,689,MAB
query_star_4_7.graph,3,0.1,689,3422458.0,3714253.1515626227,0.08525894300605669,689,0,689,MAB
query_star_4_7.graph,4,0.1,689,3422458.0,3397317.2022993388,0.007345830891324666,689,0,689,MAB
query_star_4_7.graph,5,0.1,689,3422458.0,3424374.612512239,0.0005600105281755946,689,0,689,MAB
query_star_4_7.graph,1,0.1,689,3422458.0,3493812.985917106,0.020849046479783185,689,0,689,8_POSSA
query_star_4_7.graph,2,0.1,689,3422458.0,3499475.7660679766,0.022503640970313325,689,0,689,8_POSSA
query_star_4_7.graph,3,0.1,689,3422458.0,3504338.095259038,0.023924353566658174,689,0,689,8_POSSA
query_star_4_7.graph,4,0.1,689,3422458.0,3488861.9218131397,0.019402406636732924,689,0,689,8_POSSA
query_star_4_7.graph,5,0.1,689,3422458.0,3489312.702913834,0.01953411931244555,689,0,689,8_POSSA
