query_basename,run_id,budget_frac,budget_n,T_true,T_hat,Qerror,n_post,n_comment,oracle_cost,method
query_cycle_4_0.graph,1,0.1,520,5874.683194573747,5752.981958751262,0.020716221078082332,520,0,520,8_POSSA
query_cycle_4_0.graph,1,0.1,520,5874.683194573747,5563.35229909073,0.05299535058683377,520,0,520,MAB
query_cycle_4_0.graph,1,0.1,520,5874.683194573747,8589.372002983517,0.462099609203989,520,0,520,PO
query_cycle_4_0.graph,1,0.1,520,5874.683194573747,193.4410164710884,0.9670720939216325,520,0,520,UN
query_cycle_4_0.graph,1,0.1,520,5874.683194573747,5592.196554234455,0.04808542537242099,520,0,520,WO
query_cycle_4_0.graph,2,0.1,520,5874.683194573747,5785.146716388588,0.0152410734706274,520,0,520,8_POSSA
query_cycle_4_0.graph,2,0.1,520,5874.683194573747,5568.826288708218,0.05206355742689895,520,0,520,MAB
query_cycle_4_0.graph,2,0.1,520,5874.683194573747,7090.580351760278,0.2069723790909467,520,0,520,PO
query_cycle_4_0.graph,2,0.1,520,5874.683194573747,10700.885038820506,0.8215254651867125,520,0,520,UN
query_cycle_4_0.graph,2,0.1,520,5874.683194573747,6142.6824513393085,0.04561935476164978,520,0,520,WO
query_cycle_4_0.graph,3,0.1,520,5874.683194573747,5736.327095488342,0.02355124429742864,520,0,520,8_POSSA
query_cycle_4_0.graph,3,0.1,520,5874.683194573747,5536.793975483975,0.05751616008874633,520,0,520,MAB
query_cycle_4_0.graph,3,0.1,520,5874.683194573747,6814.219524368448,0.15992970151352512,520,0,520,PO
query_cycle_4_0.graph,3,0.1,520,5874.683194573747,31988.039641605388,4.445066326495988,520,0,520,UN
query_cycle_4_0.graph,3,0.1,520,5874.683194573747,5920.180278823766,0.007744602175661658,520,0,520,WO
query_cycle_4_0.graph,4,0.1,520,5874.683194573747,5864.429958108392,0.0017453258543073315,520,0,520,8_POSSA
query_cycle_4_0.graph,4,0.1,520,5874.683194573747,5909.510089632547,0.005928301817358995,520,0,520,MAB
query_cycle_4_0.graph,4,0.1,520,5874.683194573747,5051.812249635389,0.14007069278193873,520,0,520,PO
query_cycle_4_0.graph,4,0.1,520,5874.683194573747,1866.573863932394,0.6822681662806112,520,0,520,UN
query_cycle_4_0.graph,4,0.1,520,5874.683194573747,7340.328373309366,0.24948497309427473,520,0,520,WO
query_cycle_4_0.graph,5,0.1,520,5874.683194573747,5768.695094125362,0.018041500611689625,520,0,520,8_POSSA
query_cycle_4_0.graph,5,0.1,520,5874.683194573747,5611.512437236249,0.04479743819727677,520,0,520,MAB
query_cycle_4_0.graph,5,0.1,520,5874.683194573747,6026.766900007853,0.025887984151142164,520,0,520,PO
query_cycle_4_0.graph,5,0.1,520,5874.683194573747,423.1734242036678,0.9279665966337487,520,0,520,UN
query_cycle_4_0.graph,5,0.1,520,5874.683194573747,6323.1033468562355,0.07633095052626494,520,0,520,WO
query_cycle_4_1.graph,1,0.1,517,5874.683194573747,6036.735314517358,0.02758482705812866,517,0,517,8_POSSA
query_cycle_4_1.graph,1,0.1,517,5874.683194573747,5856.663680507573,0.00306731673340574,517,0,517,MAB
query_cycle_4_1.graph,1,0.1,517,5874.683194573747,5710.760413117919,0.027903254699289688,517,0,517,PO
query_cycle_4_1.graph,1,0.1,517,5874.683194573747,4547.538809748045,0.22590909856237718,517,0,517,UN
query_cycle_4_1.graph,1,0.1,517,5874.683194573747,5610.712147861203,0.044933665011308986,517,0,517,WO
query_cycle_4_1.graph,2,0.1,517,5874.683194573747,5827.261140412263,0.008072274298175992,517,0,517,8_POSSA
query_cycle_4_1.graph,2,0.1,517,5874.683194573747,5886.7650950236775,0.002056604594625708,517,0,517,MAB
query_cycle_4_1.graph,2,0.1,517,5874.683194573747,6282.785936592536,0.06946804253133862,517,0,517,PO
query_cycle_4_1.graph,2,0.1,517,5874.683194573747,11952.48704213972,1.0345755926344833,517,0,517,UN
query_cycle_4_1.graph,2,0.1,517,5874.683194573747,5972.871412478452,0.016713789433853803,517,0,517,WO
query_cycle_4_1.graph,3,0.1,517,5874.683194573747,5866.700376041731,0.0013588508975920894,517,0,517,8_POSSA
query_cycle_4_1.graph,3,0.1,517,5874.683194573747,6486.935869938887,0.1042188412697144,517,0,517,MAB
query_cycle_4_1.graph,3,0.1,517,5874.683194573747,9913.210453033766,0.6874459651186424,517,0,517,PO
query_cycle_4_1.graph,3,0.1,517,5874.683194573747,441.36087583183695,0.9248706932418913,517,0,517,UN
query_cycle_4_1.graph,3,0.1,517,5874.683194573747,6018.617508401879,0.024500778860905962,517,0,517,WO
query_cycle_4_1.graph,4,0.1,517,5874.683194573747,6053.536791104239,0.030444807082651376,517,0,517,8_POSSA
query_cycle_4_1.graph,4,0.1,517,5874.683194573747,6219.742283862714,0.058736629339891475,517,0,517,MAB
query_cycle_4_1.graph,4,0.1,517,5874.683194573747,7066.548087190787,0.20288156027169715,517,0,517,PO
query_cycle_4_1.graph,4,0.1,517,5874.683194573747,554.8471260303968,0.9055528429953651,517,0,517,UN
query_cycle_4_1.graph,4,0.1,517,5874.683194573747,5382.662047589631,0.08375279665098877,517,0,517,WO
query_cycle_4_1.graph,5,0.1,517,5874.683194573747,5825.390908231517,0.008390628857699029,517,0,517,8_POSSA
query_cycle_4_1.graph,5,0.1,517,5874.683194573747,5116.164798104688,0.12911647681183513,517,0,517,MAB
query_cycle_4_1.graph,5,0.1,517,5874.683194573747,3765.382012945226,0.35904934985716563,517,0,517,PO
query_cycle_4_1.graph,5,0.1,517,5874.683194573747,12939.44535903669,1.2025775570312343,517,0,517,UN
query_cycle_4_1.graph,5,0.1,517,5874.683194573747,5301.818372279539,0.0975141643081867,517,0,517,WO
query_cycle_4_10.graph,1,0.1,362,5121.468583985834,5281.420216969784,0.03123159507101103,362,0,362,8_POSSA
query_cycle_4_10.graph,1,0.1,362,5121.468583985834,4797.4310692180825,0.06327042906813381,362,0,362,MAB
query_cycle_4_10.graph,1,0.1,362,5121.468583985834,6564.927594563569,0.28184474568315104,362,0,362,PO
query_cycle_4_10.graph,1,0.1,362,5121.468583985834,9080.620302075615,0.7730500838118061,362,0,362,UN
query_cycle_4_10.graph,1,0.1,362,5121.468583985834,6563.973567613916,0.2816584657257506,362,0,362,WO
query_cycle_4_10.graph,2,0.1,362,5121.468583985834,5377.15656640473,0.04992473901302439,362,0,362,8_POSSA
query_cycle_4_10.graph,2,0.1,362,5121.468583985834,4957.785594082141,0.03196016674113913,362,0,362,MAB
query_cycle_4_10.graph,2,0.1,362,5121.468583985834,6170.012642083666,0.20473503662142786,362,0,362,PO
query_cycle_4_10.graph,2,0.1,362,5121.468583985834,5783.246387198936,0.12921641368305858,362,0,362,UN
query_cycle_4_10.graph,2,0.1,362,5121.468583985834,5162.907374360425,0.00809119292543641,362,0,362,WO
query_cycle_4_10.graph,3,0.1,362,5121.468583985834,5191.680051861684,0.013709245058222554,362,0,362,8_POSSA
query_cycle_4_10.graph,3,0.1,362,5121.468583985834,5135.046147941963,0.002651107535558091,362,0,362,MAB
query_cycle_4_10.graph,3,0.1,362,5121.468583985834,6505.839975884492,0.2703075044192221,362,0,362,PO
query_cycle_4_10.graph,3,0.1,362,5121.468583985834,12845.942888097823,1.508253770854988,362,0,362,UN
query_cycle_4_10.graph,3,0.1,362,5121.468583985834,4449.911703685505,0.13112584198997138,362,0,362,WO
query_cycle_4_10.graph,4,0.1,362,5121.468583985834,5347.754881835522,0.044183869165429546,362,0,362,8_POSSA
query_cycle_4_10.graph,4,0.1,362,5121.468583985834,5000.551973892645,0.023609753356933473,362,0,362,MAB
query_cycle_4_10.graph,4,0.1,362,5121.468583985834,6821.99104295354,0.3320380533593468,362,0,362,PO
query_cycle_4_10.graph,4,0.1,362,5121.468583985834,2403.993083876392,0.5306047387670471,362,0,362,UN
query_cycle_4_10.graph,4,0.1,362,5121.468583985834,4440.9495485185025,0.13287576098684387,362,0,362,WO
query_cycle_4_10.graph,5,0.1,362,5121.468583985834,5301.927130259772,0.03523570306341588,362,0,362,8_POSSA
query_cycle_4_10.graph,5,0.1,362,5121.468583985834,5314.71137760914,0.03773191037968118,362,0,362,MAB
query_cycle_4_10.graph,5,0.1,362,5121.468583985834,3319.9465858564718,0.35175886927481836,362,0,362,PO
query_cycle_4_10.graph,5,0.1,362,5121.468583985834,5524.3331878595545,0.07866193012165024,362,0,362,UN
query_cycle_4_10.graph,5,0.1,362,5121.468583985834,6312.392688324159,0.2325356652703465,362,0,362,WO
query_cycle_4_11.graph,1,0.1,929,673.0402269210933,711.2631575764814,0.056791450386618966,929,0,929,8_POSSA
query_cycle_4_11.graph,1,0.1,929,673.0402269210933,666.4431154987743,0.00980195708731754,929,0,929,MAB
query_cycle_4_11.graph,1,0.1,929,673.0402269210933,732.7044724606222,0.08864885508028318,929,0,929,PO
query_cycle_4_11.graph,1,0.1,929,673.0402269210933,294.16118295961576,0.5629366994818529,929,0,929,UN
query_cycle_4_11.graph,1,0.1,929,673.0402269210933,627.5399921602609,0.06760403455968589,929,0,929,WO
query_cycle_4_11.graph,2,0.1,929,673.0402269210933,726.3415832505895,0.07919490425309321,929,0,929,8_POSSA
query_cycle_4_11.graph,2,0.1,929,673.0402269210933,736.1124456565534,0.09371240560759915,929,0,929,MAB
query_cycle_4_11.graph,2,0.1,929,673.0402269210933,541.437317964322,0.19553498244645093,929,0,929,PO
query_cycle_4_11.graph,2,0.1,929,673.0402269210933,1000.3996590148276,0.48638910276029257,929,0,929,UN
query_cycle_4_11.graph,2,0.1,929,673.0402269210933,937.2286142282875,0.39252986187134303,929,0,929,WO
query_cycle_4_11.graph,3,0.1,929,673.0402269210933,730.4482599338407,0.08529658513186891,929,0,929,8_POSSA
query_cycle_4_11.graph,3,0.1,929,673.0402269210933,758.1769848335571,0.12649579402100894,929,0,929,MAB
query_cycle_4_11.graph,3,0.1,929,673.0402269210933,671.5656071678943,0.002190983085728552,929,0,929,PO
query_cycle_4_11.graph,3,0.1,929,673.0402269210933,895.7501645447136,0.33090137664197977,929,0,929,UN
query_cycle_4_11.graph,3,0.1,929,673.0402269210933,762.5595293700401,0.13300735805713126,929,0,929,WO
query_cycle_4_11.graph,4,0.1,929,673.0402269210933,690.1755257440841,0.025459546305840186,929,0,929,8_POSSA
query_cycle_4_11.graph,4,0.1,929,673.0402269210933,772.9548411872759,0.14845266340654617,929,0,929,MAB
query_cycle_4_11.graph,4,0.1,929,673.0402269210933,722.4035691357597,0.07334382142429302,929,0,929,PO
query_cycle_4_11.graph,4,0.1,929,673.0402269210933,557.9706241232059,0.1709698740063246,929,0,929,UN
query_cycle_4_11.graph,4,0.1,929,673.0402269210933,736.2843483275309,0.0939678177866956,929,0,929,WO
query_cycle_4_11.graph,5,0.1,929,673.0402269210933,691.3698615173943,0.027234084774029242,929,0,929,8_POSSA
query_cycle_4_11.graph,5,0.1,929,673.0402269210933,616.4503151528196,0.08408102443913548,929,0,929,MAB
query_cycle_4_11.graph,5,0.1,929,673.0402269210933,681.4464701381544,0.012489956589246466,929,0,929,PO
query_cycle_4_11.graph,5,0.1,929,673.0402269210933,544.1481693614284,0.19150721220527606,929,0,929,UN
query_cycle_4_11.graph,5,0.1,929,673.0402269210933,587.9055031898818,0.12649277164408287,929,0,929,WO
query_cycle_4_12.graph,1,0.1,341,1525.8646281254978,1359.0215635703923,0.1093432939461148,341,0,341,8_POSSA
query_cycle_4_12.graph,1,0.1,341,1525.8646281254978,1263.3606194558504,0.17203623691842815,341,0,341,MAB
query_cycle_4_12.graph,1,0.1,341,1525.8646281254978,628.7433591902858,0.5879428963743083,341,0,341,PO
query_cycle_4_12.graph,1,0.1,341,1525.8646281254978,1670.860114012582,0.09502513081072535,341,0,341,UN
query_cycle_4_12.graph,1,0.1,341,1525.8646281254978,1473.2682531366293,0.034469882858142155,341,0,341,WO
query_cycle_4_12.graph,2,0.1,341,1525.8646281254978,1473.9528886034452,0.0340211959601065,341,0,341,8_POSSA
query_cycle_4_12.graph,2,0.1,341,1525.8646281254978,1373.4885902128935,0.09986209464714833,341,0,341,MAB
query_cycle_4_12.graph,2,0.1,341,1525.8646281254978,1671.253420861201,0.09528289079897682,341,0,341,PO
query_cycle_4_12.graph,2,0.1,341,1525.8646281254978,84.404168150581,0.9446843667552145,341,0,341,UN
query_cycle_4_12.graph,2,0.1,341,1525.8646281254978,1742.6943873609378,0.1421028807134825,341,0,341,WO
query_cycle_4_12.graph,3,0.1,341,1525.8646281254978,1477.9680472632467,0.03138979695799838,341,0,341,8_POSSA
query_cycle_4_12.graph,3,0.1,341,1525.8646281254978,1360.8315236429032,0.10815710741347699,341,0,341,MAB
query_cycle_4_12.graph,3,0.1,341,1525.8646281254978,1530.859295301528,0.003273335710105561,341,0,341,PO
query_cycle_4_12.graph,3,0.1,341,1525.8646281254978,259.4420068692258,0.8299704953591156,341,0,341,UN
query_cycle_4_12.graph,3,0.1,341,1525.8646281254978,1281.6378544715005,0.1600579560940647,341,0,341,WO
query_cycle_4_12.graph,4,0.1,341,1525.8646281254978,1473.673936720111,0.034204011577031124,341,0,341,8_POSSA
query_cycle_4_12.graph,4,0.1,341,1525.8646281254978,1783.441698178588,0.16880728821240182,341,0,341,MAB
query_cycle_4_12.graph,4,0.1,341,1525.8646281254978,796.1212846276914,0.47824907272035355,341,0,341,PO
query_cycle_4_12.graph,4,0.1,341,1525.8646281254978,3647.187596041478,1.3902432291926148,341,0,341,UN
query_cycle_4_12.graph,4,0.1,341,1525.8646281254978,1604.6951850244939,0.05166287719496994,341,0,341,WO
query_cycle_4_12.graph,5,0.1,341,1525.8646281254978,1515.2353332412065,0.006966079879149728,341,0,341,8_POSSA
query_cycle_4_12.graph,5,0.1,341,1525.8646281254978,1320.1954055964334,0.1347886429359897,341,0,341,MAB
query_cycle_4_12.graph,5,0.1,341,1525.8646281254978,1708.693692284178,0.11981997667989921,341,0,341,PO
query_cycle_4_12.graph,5,0.1,341,1525.8646281254978,398.72096210420597,0.7386917851329782,341,0,341,UN
query_cycle_4_12.graph,5,0.1,341,1525.8646281254978,1308.9742276212476,0.1421426229472905,341,0,341,WO
query_cycle_4_13.graph,1,0.1,481,5970.711749004785,5893.180563877578,0.012985250065058044,481,0,481,8_POSSA
query_cycle_4_13.graph,1,0.1,481,5970.711749004785,5684.617615098574,0.04791625285777663,481,0,481,MAB
query_cycle_4_13.graph,1,0.1,481,5970.711749004785,2177.859103542934,0.6352429668195009,481,0,481,PO
query_cycle_4_13.graph,1,0.1,481,5970.711749004785,8049.711365369244,0.3481996290829134,481,0,481,UN
query_cycle_4_13.graph,1,0.1,481,5970.711749004785,6079.050559840715,0.01814504122628071,481,0,481,WO
query_cycle_4_13.graph,2,0.1,481,5970.711749004785,5825.787421295068,0.02427253798240604,481,0,481,8_POSSA
query_cycle_4_13.graph,2,0.1,481,5970.711749004785,6023.6184444821365,0.008861036623677276,481,0,481,MAB
query_cycle_4_13.graph,2,0.1,481,5970.711749004785,5793.207697719818,0.02972912757253006,481,0,481,PO
query_cycle_4_13.graph,2,0.1,481,5970.711749004785,21417.515233661914,2.587095832792773,481,0,481,UN
query_cycle_4_13.graph,2,0.1,481,5970.711749004785,5770.480125402173,0.03353563729416128,481,0,481,WO
query_cycle_4_13.graph,3,0.1,481,5970.711749004785,5769.298804087968,0.03373348997301517,481,0,481,8_POSSA
query_cycle_4_13.graph,3,0.1,481,5970.711749004785,5310.837574057874,0.11051851147510187,481,0,481,MAB
query_cycle_4_13.graph,3,0.1,481,5970.711749004785,6031.121578818121,0.010117693225335338,481,0,481,PO
query_cycle_4_13.graph,3,0.1,481,5970.711749004785,11868.029968562134,0.9877077419690091,481,0,481,UN
query_cycle_4_13.graph,3,0.1,481,5970.711749004785,5877.245540835513,0.01565411496960165,481,0,481,WO
query_cycle_4_13.graph,4,0.1,481,5970.711749004785,5867.285039171919,0.01732234182132557,481,0,481,8_POSSA
query_cycle_4_13.graph,4,0.1,481,5970.711749004785,6130.252501582009,0.02672055850021851,481,0,481,MAB
query_cycle_4_13.graph,4,0.1,481,5970.711749004785,8754.096920014603,0.4661730942669876,481,0,481,PO
query_cycle_4_13.graph,4,0.1,481,5970.711749004785,858.7464531721632,0.8561735201309456,481,0,481,UN
query_cycle_4_13.graph,4,0.1,481,5970.711749004785,5786.252554176694,0.03089400436369039,481,0,481,WO
query_cycle_4_13.graph,5,0.1,481,5970.711749004785,5846.213013704287,0.020851573570144277,481,0,481,8_POSSA
query_cycle_4_13.graph,5,0.1,481,5970.711749004785,5233.97775013701,0.12339131913219155,481,0,481,MAB
query_cycle_4_13.graph,5,0.1,481,5970.711749004785,4042.4693821815395,0.32295016873736204,481,0,481,PO
query_cycle_4_13.graph,5,0.1,481,5970.711749004785,5952.3565344758,0.003074208787929599,481,0,481,UN
query_cycle_4_13.graph,5,0.1,481,5970.711749004785,6033.618985618795,0.01053596945531585,481,0,481,WO
query_cycle_4_14.graph,1,0.1,487,5970.711749004785,5994.109487468063,0.003918751975788829,487,0,487,8_POSSA
query_cycle_4_14.graph,1,0.1,487,5970.711749004785,5823.7649672970465,0.024611267112707613,487,0,487,MAB
query_cycle_4_14.graph,1,0.1,487,5970.711749004785,8354.293797152583,0.39921238008937543,487,0,487,PO
query_cycle_4_14.graph,1,0.1,487,5970.711749004785,48.93028151563848,0.9918049499670127,487,0,487,UN
query_cycle_4_14.graph,1,0.1,487,5970.711749004785,5170.116416918127,0.134087084713159,487,0,487,WO
query_cycle_4_14.graph,2,0.1,487,5970.711749004785,5914.8135232684335,0.009362070735648669,487,0,487,8_POSSA
query_cycle_4_14.graph,2,0.1,487,5970.711749004785,5716.0155738759295,0.04265759022302641,487,0,487,MAB
query_cycle_4_14.graph,2,0.1,487,5970.711749004785,3856.946787121672,0.35402227585939666,487,0,487,PO
query_cycle_4_14.graph,2,0.1,487,5970.711749004785,1018.7209357362925,0.8293803187021889,487,0,487,UN
query_cycle_4_14.graph,2,0.1,487,5970.711749004785,5551.697555236698,0.0701782654032712,487,0,487,WO
query_cycle_4_14.graph,3,0.1,487,5970.711749004785,6019.073022321739,0.008099750138668958,487,0,487,8_POSSA
query_cycle_4_14.graph,3,0.1,487,5970.711749004785,5432.334159161721,0.09016975068890276,487,0,487,MAB
query_cycle_4_14.graph,3,0.1,487,5970.711749004785,5685.655488712739,0.04774242540507173,487,0,487,PO
query_cycle_4_14.graph,3,0.1,487,5970.711749004785,3764.489559016108,0.36950740259005405,487,0,487,UN
query_cycle_4_14.graph,3,0.1,487,5970.711749004785,5828.162686873756,0.0238747184797172,487,0,487,WO
query_cycle_4_14.graph,4,0.1,487,5970.711749004785,5981.191523034933,0.0017551967789929048,487,0,487,8_POSSA
query_cycle_4_14.graph,4,0.1,487,5970.711749004785,5586.444029641202,0.06435877924062128,487,0,487,MAB
query_cycle_4_14.graph,4,0.1,487,5970.711749004785,4625.241854022201,0.22534497586604327,487,0,487,PO
query_cycle_4_14.graph,4,0.1,487,5970.711749004785,12432.261916383779,1.0822076896370056,487,0,487,UN
query_cycle_4_14.graph,4,0.1,487,5970.711749004785,6281.128935268327,0.05198998030934643,487,0,487,WO
query_cycle_4_14.graph,5,0.1,487,5970.711749004785,5891.090967169013,0.013335224539862104,487,0,487,8_POSSA
query_cycle_4_14.graph,5,0.1,487,5970.711749004785,5622.172807657332,0.058374772723796056,487,0,487,MAB
query_cycle_4_14.graph,5,0.1,487,5970.711749004785,6485.621406668798,0.08623924237338032,487,0,487,PO
query_cycle_4_14.graph,5,0.1,487,5970.711749004785,30554.918675802088,4.117466720930728,487,0,487,UN
query_cycle_4_14.graph,5,0.1,487,5970.711749004785,6472.927596649915,0.08411322950380935,487,0,487,WO
query_cycle_4_2.graph,1,0.1,962,453.9140126205758,505.7536932199674,0.11420594905212599,962,0,962,8_POSSA
query_cycle_4_2.graph,1,0.1,962,453.9140126205758,503.75123401367455,0.10979441041128947,962,0,962,MAB
query_cycle_4_2.graph,1,0.1,962,453.9140126205758,318.0313598147595,0.2993576955717378,962,0,962,PO
query_cycle_4_2.graph,1,0.1,962,453.9140126205758,574.1079160938499,0.26479443271504266,962,0,962,UN
query_cycle_4_2.graph,1,0.1,962,453.9140126205758,479.5503993002305,0.05647850907190207,962,0,962,WO
query_cycle_4_2.graph,2,0.1,962,453.9140126205758,491.6055950140134,0.08303683372943972,962,0,962,8_POSSA
query_cycle_4_2.graph,2,0.1,962,453.9140126205758,533.8750985345516,0.17615910434740165,962,0,962,MAB
query_cycle_4_2.graph,2,0.1,962,453.9140126205758,496.81595081078694,0.09451556241351954,962,0,962,PO
query_cycle_4_2.graph,2,0.1,962,453.9140126205758,419.14720801158217,0.076593371524873,962,0,962,UN
query_cycle_4_2.graph,2,0.1,962,453.9140126205758,574.0128893908533,0.26458508314584117,962,0,962,WO
query_cycle_4_2.graph,3,0.1,962,453.9140126205758,513.0387674075413,0.13025540772716246,962,0,962,8_POSSA
query_cycle_4_2.graph,3,0.1,962,453.9140126205758,489.6998853317239,0.07883844013659326,962,0,962,MAB
query_cycle_4_2.graph,3,0.1,962,453.9140126205758,474.6980426029105,0.04578847403794062,962,0,962,PO
query_cycle_4_2.graph,3,0.1,962,453.9140126205758,273.84658537011944,0.3966994237760484,962,0,962,UN
query_cycle_4_2.graph,3,0.1,962,453.9140126205758,470.9818462488773,0.03760146889884266,962,0,962,WO
query_cycle_4_2.graph,4,0.1,962,453.9140126205758,508.95387417906664,0.12125614109317735,962,0,962,8_POSSA
query_cycle_4_2.graph,4,0.1,962,453.9140126205758,485.4102720218339,0.06938816279193753,962,0,962,MAB
query_cycle_4_2.graph,4,0.1,962,453.9140126205758,485.2443229654266,0.06902256699230742,962,0,962,PO
query_cycle_4_2.graph,4,0.1,962,453.9140126205758,190.0855581715862,0.581230028405231,962,0,962,UN
query_cycle_4_2.graph,4,0.1,962,453.9140126205758,451.26736184624605,0.005830731593964013,962,0,962,WO
query_cycle_4_2.graph,5,0.1,962,453.9140126205758,502.18408634707566,0.10634188939844104,962,0,962,8_POSSA
query_cycle_4_2.graph,5,0.1,962,453.9140126205758,489.67570799619654,0.07878517600538082,962,0,962,MAB
query_cycle_4_2.graph,5,0.1,962,453.9140126205758,466.6516544394329,0.028061794667494425,962,0,962,PO
query_cycle_4_2.graph,5,0.1,962,453.9140126205758,381.21660244087377,0.1601567877581021,962,0,962,UN
query_cycle_4_2.graph,5,0.1,962,453.9140126205758,518.830106271838,0.14301407721802398,962,0,962,WO
query_cycle_4_3.graph,1,0.1,270,1346.537704918033,1183.5632574715269,0.12103221978208674,270,0,270,8_POSSA
query_cycle_4_3.graph,1,0.1,270,1346.537704918033,1509.637990137147,0.12112567262202466,270,0,270,MAB
query_cycle_4_3.graph,1,0.1,270,1346.537704918033,1350.4156865501784,0.0028799651268447642,270,0,270,PO
query_cycle_4_3.graph,1,0.1,270,1346.537704918033,350.89844133442233,0.7394068951409107,270,0,270,UN
query_cycle_4_3.graph,1,0.1,270,1346.537704918033,1556.9846171389092,0.1562874262282071,270,0,270,WO
query_cycle_4_3.graph,2,0.1,270,1346.537704918033,1298.1114051870031,0.03596356756603231,270,0,270,8_POSSA
query_cycle_4_3.graph,2,0.1,270,1346.537704918033,1165.7651207679498,0.13424992370420635,270,0,270,MAB
query_cycle_4_3.graph,2,0.1,270,1346.537704918033,1335.4925636328344,0.00820262310134928,270,0,270,PO
query_cycle_4_3.graph,2,0.1,270,1346.537704918033,9007.028299182688,5.689027916771902,270,0,270,UN
query_cycle_4_3.graph,2,0.1,270,1346.537704918033,981.1850140498383,0.2713274864371024,270,0,270,WO
query_cycle_4_3.graph,3,0.1,270,1346.537704918033,1391.1943435261219,0.033164046164460996,270,0,270,8_POSSA
query_cycle_4_3.graph,3,0.1,270,1346.537704918033,1305.6812345189435,0.03034186881649663,270,0,270,MAB
query_cycle_4_3.graph,3,0.1,270,1346.537704918033,1513.3185757972258,0.12385904254299752,270,0,270,PO
query_cycle_4_3.graph,3,0.1,270,1346.537704918033,1670.5952012810753,0.240659801191953,270,0,270,UN
query_cycle_4_3.graph,3,0.1,270,1346.537704918033,857.0630633409131,0.3635060791757891,270,0,270,WO
query_cycle_4_3.graph,4,0.1,270,1346.537704918033,1178.389455837514,0.12487451964128579,270,0,270,8_POSSA
query_cycle_4_3.graph,4,0.1,270,1346.537704918033,256291.60643386107,189.3337763939274,270,0,270,MAB
query_cycle_4_3.graph,4,0.1,270,1346.537704918033,1486.176993926043,0.10370247227240495,270,0,270,PO
query_cycle_4_3.graph,4,0.1,270,1346.537704918033,5995.176864358125,3.4522903758740764,270,0,270,UN
query_cycle_4_3.graph,4,0.1,270,1346.537704918033,1220.450040498946,0.09363842093583422,270,0,270,WO
query_cycle_4_3.graph,5,0.1,270,1346.537704918033,1166.0631385386023,0.13402860218490245,270,0,270,8_POSSA
query_cycle_4_3.graph,5,0.1,270,1346.537704918033,1505.9581028378184,0.11839282133543362,270,0,270,MAB
query_cycle_4_3.graph,5,0.1,270,1346.537704918033,1601.9619403504712,0.1896896273305519,270,0,270,PO
query_cycle_4_3.graph,5,0.1,270,1346.537704918033,258.5449088608575,0.8079928189782136,270,0,270,UN
query_cycle_4_3.graph,5,0.1,270,1346.537704918033,1825.687436044568,0.355838332173329,270,0,270,WO
query_cycle_4_4.graph,1,0.1,703,1298.3528072837632,1307.1537639507014,0.0067785555802435185,703,0,703,8_POSSA
query_cycle_4_4.graph,1,0.1,703,1298.3528072837632,1095.107342277665,0.15654101401860146,703,0,703,MAB
query_cycle_4_4.graph,1,0.1,703,1298.3528072837632,1257.5772154275855,0.03140563306631795,703,0,703,PO
query_cycle_4_4.graph,1,0.1,703,1298.3528072837632,168.6164201943498,0.8701305074796225,703,0,703,UN
query_cycle_4_4.graph,1,0.1,703,1298.3528072837632,1492.8463283685867,0.14980020838227806,703,0,703,WO
query_cycle_4_4.graph,2,0.1,703,1298.3528072837632,1219.8352875399553,0.06047471789125762,703,0,703,8_POSSA
query_cycle_4_4.graph,2,0.1,703,1298.3528072837632,1292.5658680891966,0.004457139201380348,703,0,703,MAB
query_cycle_4_4.graph,2,0.1,703,1298.3528072837632,1417.1258231352203,0.09147976973988897,703,0,703,PO
query_cycle_4_4.graph,2,0.1,703,1298.3528072837632,565.4309809389083,0.5645012836519945,703,0,703,UN
query_cycle_4_4.graph,2,0.1,703,1298.3528072837632,1045.8617680643501,0.19447028404216296,703,0,703,WO
query_cycle_4_4.graph,3,0.1,703,1298.3528072837632,1285.906702142965,0.009586073269896666,703,0,703,8_POSSA
query_cycle_4_4.graph,3,0.1,703,1298.3528072837632,1427.8219274847777,0.09971798071733066,703,0,703,MAB
query_cycle_4_4.graph,3,0.1,703,1298.3528072837632,1494.9725402320455,0.15143783095414817,703,0,703,PO
query_cycle_4_4.graph,3,0.1,703,1298.3528072837632,1030.3459939128863,0.20642063687724774,703,0,703,UN
query_cycle_4_4.graph,3,0.1,703,1298.3528072837632,1055.506672661986,0.1870417141314824,703,0,703,WO
query_cycle_4_4.graph,4,0.1,703,1298.3528072837632,1235.6042055254734,0.048329391985190776,703,0,703,8_POSSA
query_cycle_4_4.graph,4,0.1,703,1298.3528072837632,1293.3491045049077,0.0038538852850972037,703,0,703,MAB
query_cycle_4_4.graph,4,0.1,703,1298.3528072837632,1359.4461166068513,0.04705447470083203,703,0,703,PO
query_cycle_4_4.graph,4,0.1,703,1298.3528072837632,415.27753871518183,0.6801504672801771,703,0,703,UN
query_cycle_4_4.graph,4,0.1,703,1298.3528072837632,1194.2091098826277,0.08021217100382046,703,0,703,WO
query_cycle_4_4.graph,5,0.1,703,1298.3528072837632,1305.0527650433532,0.005160352195492029,703,0,703,8_POSSA
query_cycle_4_4.graph,5,0.1,703,1298.3528072837632,1241.5766935117003,0.04372934186574614,703,0,703,MAB
query_cycle_4_4.graph,5,0.1,703,1298.3528072837632,1436.8010742412619,0.10663377949414321,703,0,703,PO
query_cycle_4_4.graph,5,0.1,703,1298.3528072837632,595.9713809217468,0.5409788636968739,703,0,703,UN
query_cycle_4_4.graph,5,0.1,703,1298.3528072837632,1198.1848169245081,0.07715005489826214,703,0,703,WO
query_cycle_4_5.graph,1,0.1,963,453.9140126205758,459.358141602914,0.011993745138881346,963,0,963,8_POSSA
query_cycle_4_5.graph,1,0.1,963,453.9140126205758,424.3304976240555,0.06517427128042641,963,0,963,MAB
query_cycle_4_5.graph,1,0.1,963,453.9140126205758,431.69264382179233,0.0489550183095101,963,0,963,PO
query_cycle_4_5.graph,1,0.1,963,453.9140126205758,544.9177474952729,0.2004867273193582,963,0,963,UN
query_cycle_4_5.graph,1,0.1,963,453.9140126205758,580.2864744405398,0.2784061701254374,963,0,963,WO
query_cycle_4_5.graph,2,0.1,963,453.9140126205758,442.5354535877097,0.025067653160065352,963,0,963,8_POSSA
query_cycle_4_5.graph,2,0.1,963,453.9140126205758,462.01137566909307,0.017838980122620255,963,0,963,MAB
query_cycle_4_5.graph,2,0.1,963,453.9140126205758,546.2359242354643,0.2033907503359228,963,0,963,PO
query_cycle_4_5.graph,2,0.1,963,453.9140126205758,1021.5798519999184,1.2506021484158307,963,0,963,UN
query_cycle_4_5.graph,2,0.1,963,453.9140126205758,540.5218288758035,0.19080225295362868,963,0,963,WO
query_cycle_4_5.graph,3,0.1,963,453.9140126205758,461.87485820856284,0.017538223907269966,963,0,963,8_POSSA
query_cycle_4_5.graph,3,0.1,963,453.9140126205758,463.90407607925135,0.022008713502806476,963,0,963,MAB
query_cycle_4_5.graph,3,0.1,963,453.9140126205758,421.58669380075185,0.07121903691227571,963,0,963,PO
query_cycle_4_5.graph,3,0.1,963,453.9140126205758,188.92334119556384,0.5837904626366233,963,0,963,UN
query_cycle_4_5.graph,3,0.1,963,453.9140126205758,431.4242063956428,0.049546402181093574,963,0,963,WO
query_cycle_4_5.graph,4,0.1,963,453.9140126205758,468.70296269748036,0.03258095072131325,963,0,963,8_POSSA
query_cycle_4_5.graph,4,0.1,963,453.9140126205758,425.12426264381816,0.06342555897436648,963,0,963,MAB
query_cycle_4_5.graph,4,0.1,963,453.9140126205758,413.3908997267039,0.08927486653236454,963,0,963,PO
query_cycle_4_5.graph,4,0.1,963,453.9140126205758,2189.151710291138,3.822833509044009,963,0,963,UN
query_cycle_4_5.graph,4,0.1,963,453.9140126205758,349.7991172749159,0.2293714061493162,963,0,963,WO
query_cycle_4_5.graph,5,0.1,963,453.9140126205758,444.82287184423967,0.020028332511372326,963,0,963,8_POSSA
query_cycle_4_5.graph,5,0.1,963,453.9140126205758,439.09265586339967,0.03265234459629964,963,0,963,MAB
query_cycle_4_5.graph,5,0.1,963,453.9140126205758,481.13664113952785,0.059973095701073405,963,0,963,PO
query_cycle_4_5.graph,5,0.1,963,453.9140126205758,518.441689601981,0.14215837182216165,963,0,963,UN
query_cycle_4_5.graph,5,0.1,963,453.9140126205758,496.27856464977936,0.09333166822636918,963,0,963,WO
query_cycle_4_6.graph,1,0.1,705,1298.3528072837632,1311.6355151362106,0.010230430263585806,705,0,705,8_POSSA
query_cycle_4_6.graph,1,0.1,705,1298.3528072837632,1324.5110946489128,0.02014728756190268,705,0,705,MAB
query_cycle_4_6.graph,1,0.1,705,1298.3528072837632,1487.5269996740628,0.14570322590980803,705,0,705,PO
query_cycle_4_6.graph,1,0.1,705,1298.3528072837632,989.3305488803402,0.2380110064612694,705,0,705,UN
query_cycle_4_6.graph,1,0.1,705,1298.3528072837632,1203.3538088329408,0.07316886282209102,705,0,705,WO
query_cycle_4_6.graph,2,0.1,705,1298.3528072837632,1306.148996635438,0.006004677086180303,705,0,705,8_POSSA
query_cycle_4_6.graph,2,0.1,705,1298.3528072837632,1340.0912518898806,0.03214722868234624,705,0,705,MAB
query_cycle_4_6.graph,2,0.1,705,1298.3528072837632,1302.2272311921406,0.0029841071599659478,705,0,705,PO
query_cycle_4_6.graph,2,0.1,705,1298.3528072837632,568.9566282806641,0.56178580653208,705,0,705,UN
query_cycle_4_6.graph,2,0.1,705,1298.3528072837632,1117.2243639536252,0.13950633627008535,705,0,705,WO
query_cycle_4_6.graph,3,0.1,705,1298.3528072837632,1373.9290552411812,0.05820933072538913,705,0,705,8_POSSA
query_cycle_4_6.graph,3,0.1,705,1298.3528072837632,1259.0621895894606,0.03026189605312377,705,0,705,MAB
query_cycle_4_6.graph,3,0.1,705,1298.3528072837632,1377.12321786985,0.06066949610628514,705,0,705,PO
query_cycle_4_6.graph,3,0.1,705,1298.3528072837632,1202.86519236797,0.07354519848542514,705,0,705,UN
query_cycle_4_6.graph,3,0.1,705,1298.3528072837632,1440.0202002823296,0.10911317186192523,705,0,705,WO
query_cycle_4_6.graph,4,0.1,705,1298.3528072837632,1364.1878653599765,0.050706601246501254,705,0,705,8_POSSA
query_cycle_4_6.graph,4,0.1,705,1298.3528072837632,1388.1919308543227,0.06919469274188161,705,0,705,MAB
query_cycle_4_6.graph,4,0.1,705,1298.3528072837632,1370.6568524396089,0.0556890582823249,705,0,705,PO
query_cycle_4_6.graph,4,0.1,705,1298.3528072837632,4784.174286447415,2.684802974667735,705,0,705,UN
query_cycle_4_6.graph,4,0.1,705,1298.3528072837632,1518.3107624069114,0.16941308547968115,705,0,705,WO
query_cycle_4_6.graph,5,0.1,705,1298.3528072837632,1427.4334319385662,0.09941875885403431,705,0,705,8_POSSA
query_cycle_4_6.graph,5,0.1,705,1298.3528072837632,1177.1615268014596,0.09334233330295143,705,0,705,MAB
query_cycle_4_6.graph,5,0.1,705,1298.3528072837632,1633.1907147407421,0.2578943917081222,705,0,705,PO
query_cycle_4_6.graph,5,0.1,705,1298.3528072837632,156.2090111719582,0.8796867767407862,705,0,705,UN
query_cycle_4_6.graph,5,0.1,705,1298.3528072837632,1481.7909660792889,0.14128529454123487,705,0,705,WO
query_cycle_4_7.graph,1,0.1,468,5204.433210731902,5448.760163766274,0.046945929199466385,468,0,468,8_POSSA
query_cycle_4_7.graph,1,0.1,468,5204.433210731902,4767.320155068267,0.08398859932764204,468,0,468,MAB
query_cycle_4_7.graph,1,0.1,468,5204.433210731902,7693.98947739379,0.47835300518954693,468,0,468,PO
query_cycle_4_7.graph,1,0.1,468,5204.433210731902,2704.005504189685,0.4804418858495796,468,0,468,UN
query_cycle_4_7.graph,1,0.1,468,5204.433210731902,4761.896193245991,0.0850307804072439,468,0,468,WO
query_cycle_4_7.graph,2,0.1,468,5204.433210731902,5323.529920154329,0.022883704065380518,468,0,468,8_POSSA
query_cycle_4_7.graph,2,0.1,468,5204.433210731902,5405.9787585688455,0.03872574393333403,468,0,468,MAB
query_cycle_4_7.graph,2,0.1,468,5204.433210731902,5659.868330375787,0.08750907182452566,468,0,468,PO
query_cycle_4_7.graph,2,0.1,468,5204.433210731902,8364.477292483069,0.6071831367217733,468,0,468,UN
query_cycle_4_7.graph,2,0.1,468,5204.433210731902,6784.9001448166555,0.3036770518691105,468,0,468,WO
query_cycle_4_7.graph,3,0.1,468,5204.433210731902,5410.655468779164,0.039624345187486906,468,0,468,8_POSSA
query_cycle_4_7.graph,3,0.1,468,5204.433210731902,4971.313408233464,0.0447925437908838,468,0,468,MAB
query_cycle_4_7.graph,3,0.1,468,5204.433210731902,3357.0875991464304,0.35495615695021643,468,0,468,PO
query_cycle_4_7.graph,3,0.1,468,5204.433210731902,8905.961426439635,0.711226000186711,468,0,468,UN
query_cycle_4_7.graph,3,0.1,468,5204.433210731902,6033.100040705673,0.15922326148119295,468,0,468,WO
query_cycle_4_7.graph,4,0.1,468,5204.433210731902,5342.172304867759,0.026465724231378104,468,0,468,8_POSSA
query_cycle_4_7.graph,4,0.1,468,5204.433210731902,5656.638616845701,0.08688850212955367,468,0,468,MAB
query_cycle_4_7.graph,4,0.1,468,5204.433210731902,4055.1368265938313,0.22083026865790922,468,0,468,PO
query_cycle_4_7.graph,4,0.1,468,5204.433210731902,541.1315632890523,0.896024880831749,468,0,468,UN
query_cycle_4_7.graph,4,0.1,468,5204.433210731902,4719.501345052836,0.09317669111001431,468,0,468,WO
query_cycle_4_7.graph,5,0.1,468,5204.433210731902,5287.913708464057,0.016040266894003372,468,0,468,8_POSSA
query_cycle_4_7.graph,5,0.1,468,5204.433210731902,4618.9401065204,0.11249891784645728,468,0,468,MAB
query_cycle_4_7.graph,5,0.1,468,5204.433210731902,5562.74226613473,0.0688468928112997,468,0,468,PO
query_cycle_4_7.graph,5,0.1,468,5204.433210731902,1821.5779894761968,0.6499949339882052,468,0,468,UN
query_cycle_4_7.graph,5,0.1,468,5204.433210731902,4809.690084038679,0.07584747670106244,468,0,468,WO
query_cycle_4_8.graph,1,0.1,363,5121.468583985834,5446.473419452633,0.06345930471643361,363,0,363,8_POSSA
query_cycle_4_8.graph,1,0.1,363,5121.468583985834,5098.17114528302,0.004548976201018105,363,0,363,MAB
query_cycle_4_8.graph,1,0.1,363,5121.468583985834,5738.89711935196,0.12055693113040758,363,0,363,PO
query_cycle_4_8.graph,1,0.1,363,5121.468583985834,8863.71344033787,0.7306976104575841,363,0,363,UN
query_cycle_4_8.graph,1,0.1,363,5121.468583985834,6805.955929224977,0.32890709327131595,363,0,363,WO
query_cycle_4_8.graph,2,0.1,363,5121.468583985834,5571.570638236046,0.08788534906913664,363,0,363,8_POSSA
query_cycle_4_8.graph,2,0.1,363,5121.468583985834,5211.1463025879675,0.01751015692696899,363,0,363,MAB
query_cycle_4_8.graph,2,0.1,363,5121.468583985834,4554.980887613104,0.11061040150554931,363,0,363,PO
query_cycle_4_8.graph,2,0.1,363,5121.468583985834,3143.148005771741,0.386279940171857,363,0,363,UN
query_cycle_4_8.graph,2,0.1,363,5121.468583985834,5277.934390733103,0.03055096486123481,363,0,363,WO
query_cycle_4_8.graph,3,0.1,363,5121.468583985834,5534.665296879827,0.08067934150489678,363,0,363,8_POSSA
query_cycle_4_8.graph,3,0.1,363,5121.468583985834,4999.5284545206205,0.023809602161088003,363,0,363,MAB
query_cycle_4_8.graph,3,0.1,363,5121.468583985834,8331.163826762182,0.6267138400131258,363,0,363,PO
query_cycle_4_8.graph,3,0.1,363,5121.468583985834,2446.0048397403275,0.5224016706089604,363,0,363,UN
query_cycle_4_8.graph,3,0.1,363,5121.468583985834,4602.754327016396,0.10128232721985055,363,0,363,WO
query_cycle_4_8.graph,4,0.1,363,5121.468583985834,5420.392167773055,0.058366770953533965,363,0,363,8_POSSA
query_cycle_4_8.graph,4,0.1,363,5121.468583985834,4888.85052004025,0.04542018761433989,363,0,363,MAB
query_cycle_4_8.graph,4,0.1,363,5121.468583985834,6360.966845279992,0.24202008485806364,363,0,363,PO
query_cycle_4_8.graph,4,0.1,363,5121.468583985834,2228.1183400626996,0.5649454246327439,363,0,363,UN
query_cycle_4_8.graph,4,0.1,363,5121.468583985834,5030.787506819159,0.017706069202537537,363,0,363,WO
query_cycle_4_8.graph,5,0.1,363,5121.468583985834,5594.2561510930445,0.09231484277489388,363,0,363,8_POSSA
query_cycle_4_8.graph,5,0.1,363,5121.468583985834,6056.483529552208,0.182567740138062,363,0,363,MAB
query_cycle_4_8.graph,5,0.1,363,5121.468583985834,5433.0301940121635,0.060834427648456584,363,0,363,PO
query_cycle_4_8.graph,5,0.1,363,5121.468583985834,197210.43763462873,37.5066186388959,363,0,363,UN
query_cycle_4_8.graph,5,0.1,363,5121.468583985834,5624.536785376684,0.0982273332621582,363,0,363,WO
query_cycle_4_9.graph,1,0.1,339,1536.32,1485.7674086846887,0.03290498809838526,339,0,339,8_POSSA
query_cycle_4_9.graph,1,0.1,339,1536.32,1564.8553844713576,0.018573854712141808,339,0,339,MAB
query_cycle_4_9.graph,1,0.1,339,1536.32,1518.593579437874,0.011538234587928228,339,0,339,PO
query_cycle_4_9.graph,1,0.1,339,1536.32,2792.4556718018566,0.8176263225121437,339,0,339,UN
query_cycle_4_9.graph,1,0.1,339,1536.32,1882.03569526843,0.22502844151506846,339,0,339,WO
query_cycle_4_9.graph,2,0.1,339,1536.32,1611.3009398333252,0.048805548214776374,339,0,339,8_POSSA
query_cycle_4_9.graph,2,0.1,339,1536.32,1657.3403812207698,0.07877289966984084,339,0,339,MAB
query_cycle_4_9.graph,2,0.1,339,1536.32,1708.200999510332,0.11187838439279058,339,0,339,PO
query_cycle_4_9.graph,2,0.1,339,1536.32,1301.6191271830776,0.15276822069420587,339,0,339,UN
query_cycle_4_9.graph,2,0.1,339,1536.32,1611.325488125881,0.04882152684719403,339,0,339,WO
query_cycle_4_9.graph,3,0.1,339,1536.32,1617.855799600322,0.053072146167674694,339,0,339,8_POSSA
query_cycle_4_9.graph,3,0.1,339,1536.32,1540.3737784243433,0.0026386289473178527,339,0,339,MAB
query_cycle_4_9.graph,3,0.1,339,1536.32,1646.6881448893128,0.07183929447596388,339,0,339,PO
query_cycle_4_9.graph,3,0.1,339,1536.32,8709.102398734705,4.668807539272226,339,0,339,UN
query_cycle_4_9.graph,3,0.1,339,1536.32,1827.4803377446558,0.1895180286298791,339,0,339,WO
query_cycle_4_9.graph,4,0.1,339,1536.32,1535.8494893185157,0.0003062582544549681,339,0,339,8_POSSA
query_cycle_4_9.graph,4,0.1,339,1536.32,1508.7979157222956,0.01791429147423999,339,0,339,MAB
query_cycle_4_9.graph,4,0.1,339,1536.32,1380.0126325758401,0.10174141287242228,339,0,339,PO
query_cycle_4_9.graph,4,0.1,339,1536.32,692.5280649370742,0.5492292849555599,339,0,339,UN
query_cycle_4_9.graph,4,0.1,339,1536.32,1326.1134633234,0.13682470883448752,339,0,339,WO
query_cycle_4_9.graph,5,0.1,339,1536.32,1568.0095112659706,0.020626894960666154,339,0,339,8_POSSA
query_cycle_4_9.graph,5,0.1,339,1536.32,1411.3367426360496,0.08135235977136945,339,0,339,MAB
query_cycle_4_9.graph,5,0.1,339,1536.32,1467.7332344408196,0.04464354142312821,339,0,339,PO
query_cycle_4_9.graph,5,0.1,339,1536.32,2169.296129500691,0.41200799931048954,339,0,339,UN
query_cycle_4_9.graph,5,0.1,339,1536.32,1604.3828944006702,0.044302550510746656,339,0,339,WO
query_cycle_6_104.graph,1,0.1,338,5054.709117309711,5113.366035608845,0.011604410251475267,338,0,338,8_POSSA
query_cycle_6_104.graph,1,0.1,338,5054.709117309711,4492.428721290936,0.11123892255110412,338,0,338,MAB
query_cycle_6_104.graph,1,0.1,338,5054.709117309711,7460.216138545825,0.4758942533406171,338,0,338,PO
query_cycle_6_104.graph,1,0.1,338,5054.709117309711,662.5445532130059,0.8689252857411437,338,0,338,UN
query_cycle_6_104.graph,1,0.1,338,5054.709117309711,5452.751565057998,0.07874685536012394,338,0,338,WO
query_cycle_6_104.graph,2,0.1,338,5054.709117309711,5310.145651094922,0.05053436861687572,338,0,338,8_POSSA
query_cycle_6_104.graph,2,0.1,338,5054.709117309711,5449.774869970877,0.07815795993250631,338,0,338,MAB
query_cycle_6_104.graph,2,0.1,338,5054.709117309711,8689.797388813875,0.7191488544921222,338,0,338,PO
query_cycle_6_104.graph,2,0.1,338,5054.709117309711,7323.857116848858,0.44891762253311734,338,0,338,UN
query_cycle_6_104.graph,2,0.1,338,5054.709117309711,4606.682603832055,0.08863546904082001,338,0,338,WO
query_cycle_6_104.graph,3,0.1,338,5054.709117309711,5283.45418385368,0.045253853631386634,338,0,338,8_POSSA
query_cycle_6_104.graph,3,0.1,338,5054.709117309711,4865.482513408383,0.03743570589518718,338,0,338,MAB
query_cycle_6_104.graph,3,0.1,338,5054.709117309711,3685.5092198775815,0.2708761010091248,338,0,338,PO
query_cycle_6_104.graph,3,0.1,338,5054.709117309711,1584.6154657599257,0.6865070909157851,338,0,338,UN
query_cycle_6_104.graph,3,0.1,338,5054.709117309711,4403.7320833253925,0.12878625038087066,338,0,338,WO
query_cycle_6_104.graph,4,0.1,338,5054.709117309711,5285.410272800688,0.045640837115819,338,0,338,8_POSSA
query_cycle_6_104.graph,4,0.1,338,5054.709117309711,5475.301631463321,0.08320805498249217,338,0,338,MAB
query_cycle_6_104.graph,4,0.1,338,5054.709117309711,5382.629309623552,0.06487419645789073,338,0,338,PO
query_cycle_6_104.graph,4,0.1,338,5054.709117309711,10547.029009205964,1.0865748679954612,338,0,338,UN
query_cycle_6_104.graph,4,0.1,338,5054.709117309711,4686.7217076065235,0.07280090726546942,338,0,338,WO
query_cycle_6_104.graph,5,0.1,338,5054.709117309711,5241.007362539243,0.03685637311780407,338,0,338,8_POSSA
query_cycle_6_104.graph,5,0.1,338,5054.709117309711,5355.597749332122,0.05952639905470055,338,0,338,MAB
query_cycle_6_104.graph,5,0.1,338,5054.709117309711,3149.112002451006,0.37699441661895844,338,0,338,PO
query_cycle_6_104.graph,5,0.1,338,5054.709117309711,25070.151196848583,3.9597614056556782,338,0,338,UN
query_cycle_6_104.graph,5,0.1,338,5054.709117309711,5426.18676560563,0.07349139973728751,338,0,338,WO
query_cycle_6_106.graph,1,0.1,332,5054.709117309711,5207.665995583873,0.030260273088784876,332,0,332,8_POSSA
query_cycle_6_106.graph,1,0.1,332,5054.709117309711,4672.597060697832,0.07559526131846969,332,0,332,MAB
query_cycle_6_106.graph,1,0.1,332,5054.709117309711,5433.214424794458,0.07488171894769702,332,0,332,PO
query_cycle_6_106.graph,1,0.1,332,5054.709117309711,39182.94241180868,6.751769983682699,332,0,332,UN
query_cycle_6_106.graph,1,0.1,332,5054.709117309711,5731.880353120285,0.13396838870344097,332,0,332,WO
query_cycle_6_106.graph,2,0.1,332,5054.709117309711,5299.545169943106,0.04843721902709716,332,0,332,8_POSSA
query_cycle_6_106.graph,2,0.1,332,5054.709117309711,4968.673320845073,0.01702091939771769,332,0,332,MAB
query_cycle_6_106.graph,2,0.1,332,5054.709117309711,3887.4501127492053,0.23092505967618576,332,0,332,PO
query_cycle_6_106.graph,2,0.1,332,5054.709117309711,8399.930347745827,0.661802915420098,332,0,332,UN
query_cycle_6_106.graph,2,0.1,332,5054.709117309711,4776.935047259022,0.05495352227083825,332,0,332,WO
query_cycle_6_106.graph,3,0.1,332,5054.709117309711,5275.141284987076,0.043609268616961835,332,0,332,8_POSSA
query_cycle_6_106.graph,3,0.1,332,5054.709117309711,5152.759726990368,0.01939787382519915,332,0,332,MAB
query_cycle_6_106.graph,3,0.1,332,5054.709117309711,5355.901707820315,0.05958653277973581,332,0,332,PO
query_cycle_6_106.graph,3,0.1,332,5054.709117309711,2345.2606902384073,0.5360245988820351,332,0,332,UN
query_cycle_6_106.graph,3,0.1,332,5054.709117309711,7163.954724307485,0.41728328140084686,332,0,332,WO
query_cycle_6_106.graph,4,0.1,332,5054.709117309711,5177.32801167499,0.024258348308387252,332,0,332,8_POSSA
query_cycle_6_106.graph,4,0.1,332,5054.709117309711,4990.40546042846,0.0127215345905948,332,0,332,MAB
query_cycle_6_106.graph,4,0.1,332,5054.709117309711,5760.721941599528,0.13967427361390508,332,0,332,PO
query_cycle_6_106.graph,4,0.1,332,5054.709117309711,5349.326972200314,0.058285817848883335,332,0,332,UN
query_cycle_6_106.graph,4,0.1,332,5054.709117309711,5284.532878007013,0.04546725743530473,332,0,332,WO
query_cycle_6_106.graph,5,0.1,332,5054.709117309711,5063.333804138004,0.001706267685861152,332,0,332,8_POSSA
query_cycle_6_106.graph,5,0.1,332,5054.709117309711,5452.399486941234,0.07867720187293141,332,0,332,MAB
query_cycle_6_106.graph,5,0.1,332,5054.709117309711,5628.757741631382,0.11356709377318222,332,0,332,PO
query_cycle_6_106.graph,5,0.1,332,5054.709117309711,288.42567368169307,0.9429392143073104,332,0,332,UN
query_cycle_6_106.graph,5,0.1,332,5054.709117309711,4572.879030641782,0.09532300978861763,332,0,332,WO
query_cycle_6_109.graph,1,0.1,333,5054.709117309711,5335.190081070141,0.05548904145639777,333,0,333,8_POSSA
query_cycle_6_109.graph,1,0.1,333,5054.709117309711,5453.128510117138,0.07882142840683973,333,0,333,MAB
query_cycle_6_109.graph,1,0.1,333,5054.709117309711,3088.378241141305,0.3890096997737734,333,0,333,PO
query_cycle_6_109.graph,1,0.1,333,5054.709117309711,723.1010337414707,0.8569450749865642,333,0,333,UN
query_cycle_6_109.graph,1,0.1,333,5054.709117309711,5672.2213867310675,0.12216573794656221,333,0,333,WO
query_cycle_6_109.graph,2,0.1,333,5054.709117309711,5136.103705642007,0.016102724497748692,333,0,333,8_POSSA
query_cycle_6_109.graph,2,0.1,333,5054.709117309711,5000.510982546426,0.010722305380083008,333,0,333,MAB
query_cycle_6_109.graph,2,0.1,333,5054.709117309711,4938.877293990287,0.022915625930433923,333,0,333,PO
query_cycle_6_109.graph,2,0.1,333,5054.709117309711,3047.7750673451064,0.39704244168906067,333,0,333,UN
query_cycle_6_109.graph,2,0.1,333,5054.709117309711,5125.477520939201,0.014000489837713112,333,0,333,WO
query_cycle_6_109.graph,3,0.1,333,5054.709117309711,5362.079070992246,0.06080863340482944,333,0,333,8_POSSA
query_cycle_6_109.graph,3,0.1,333,5054.709117309711,5142.455667043787,0.01735936681966341,333,0,333,MAB
query_cycle_6_109.graph,3,0.1,333,5054.709117309711,7057.003002254492,0.39612445315359124,333,0,333,PO
query_cycle_6_109.graph,3,0.1,333,5054.709117309711,3353.082222872186,0.33664190261915383,333,0,333,UN
query_cycle_6_109.graph,3,0.1,333,5054.709117309711,4692.973200243356,0.07156414121390295,333,0,333,WO
query_cycle_6_109.graph,4,0.1,333,5054.709117309711,5237.043407762063,0.0360721628526464,333,0,333,8_POSSA
query_cycle_6_109.graph,4,0.1,333,5054.709117309711,4877.8711216343345,0.0349848016119858,333,0,333,MAB
query_cycle_6_109.graph,4,0.1,333,5054.709117309711,2481.779568528207,0.509016342794203,333,0,333,PO
query_cycle_6_109.graph,4,0.1,333,5054.709117309711,9127.290111888116,0.8057003677287711,333,0,333,UN
query_cycle_6_109.graph,4,0.1,333,5054.709117309711,6408.0894914836035,0.2677464405497202,333,0,333,WO
query_cycle_6_109.graph,5,0.1,333,5054.709117309711,5423.299197139551,0.07292013670333952,333,0,333,8_POSSA
query_cycle_6_109.graph,5,0.1,333,5054.709117309711,0.1582485969735132,0.9999686928380445,333,0,333,MAB
query_cycle_6_109.graph,5,0.1,333,5054.709117309711,3874.506434858842,0.23348577634453727,333,0,333,PO
query_cycle_6_109.graph,5,0.1,333,5054.709117309711,3253.828131868131,0.356277867558098,333,0,333,UN
query_cycle_6_109.graph,5,0.1,333,5054.709117309711,4737.609174160637,0.06273356899275839,333,0,333,WO
query_cycle_6_112.graph,1,0.1,378,2872.5452500209376,2734.961521183056,0.047896104974109205,378,0,378,8_POSSA
query_cycle_6_112.graph,1,0.1,378,2872.5452500209376,2556.306508989474,0.11009008161983126,378,0,378,MAB
query_cycle_6_112.graph,1,0.1,378,2872.5452500209376,2655.273325114993,0.07563742465131261,378,0,378,PO
query_cycle_6_112.graph,1,0.1,378,2872.5452500209376,71.18039742038125,0.975220443465647,378,0,378,UN
query_cycle_6_112.graph,1,0.1,378,2872.5452500209376,2285.2614892657266,0.20444717476632626,378,0,378,WO
query_cycle_6_112.graph,2,0.1,378,2872.5452500209376,2717.6465021255112,0.053923866958857244,378,0,378,8_POSSA
query_cycle_6_112.graph,2,0.1,378,2872.5452500209376,2673.730508362711,0.06921204867243687,378,0,378,MAB
query_cycle_6_112.graph,2,0.1,378,2872.5452500209376,3027.2825335548446,0.053867657448661295,378,0,378,PO
query_cycle_6_112.graph,2,0.1,378,2872.5452500209376,2628.4798276932165,0.08496486602811291,378,0,378,UN
query_cycle_6_112.graph,2,0.1,378,2872.5452500209376,2198.541983752602,0.2346362572577135,378,0,378,WO
query_cycle_6_112.graph,3,0.1,378,2872.5452500209376,2601.1607189857714,0.09447528495266981,378,0,378,8_POSSA
query_cycle_6_112.graph,3,0.1,378,2872.5452500209376,0.12786770598095365,0.9999554862691963,378,0,378,MAB
query_cycle_6_112.graph,3,0.1,378,2872.5452500209376,2277.102256813173,0.2072875938867889,378,0,378,PO
query_cycle_6_112.graph,3,0.1,378,2872.5452500209376,2038.8966557897108,0.2902125194460036,378,0,378,UN
query_cycle_6_112.graph,3,0.1,378,2872.5452500209376,2761.259878818082,0.038741033305583025,378,0,378,WO
query_cycle_6_112.graph,4,0.1,378,2872.5452500209376,2659.37895247221,0.07420816000972438,378,0,378,8_POSSA
query_cycle_6_112.graph,4,0.1,378,2872.5452500209376,3172.3904250591063,0.10438309893847039,378,0,378,MAB
query_cycle_6_112.graph,4,0.1,378,2872.5452500209376,2695.1926081340225,0.06174059116583886,378,0,378,PO
query_cycle_6_112.graph,4,0.1,378,2872.5452500209376,12788.41073242067,3.451944049385282,378,0,378,UN
query_cycle_6_112.graph,4,0.1,378,2872.5452500209376,2456.143307275303,0.14495922831593325,378,0,378,WO
query_cycle_6_112.graph,5,0.1,378,2872.5452500209376,2842.834463356367,0.01034301780428143,378,0,378,8_POSSA
query_cycle_6_112.graph,5,0.1,378,2872.5452500209376,3062.4102274764114,0.0660964270115814,378,0,378,MAB
query_cycle_6_112.graph,5,0.1,378,2872.5452500209376,2821.933143101239,0.01761925488182646,378,0,378,PO
query_cycle_6_112.graph,5,0.1,378,2872.5452500209376,3118.6003653421885,0.08565752456622136,378,0,378,UN
query_cycle_6_112.graph,5,0.1,378,2872.5452500209376,3898.0863093511534,0.3570147621948656,378,0,378,WO
query_cycle_6_113.graph,1,0.1,359,2690.6817688367805,2646.981920925643,0.016241180364495362,359,0,359,8_POSSA
query_cycle_6_113.graph,1,0.1,359,2690.6817688367805,2638.9182382251747,0.01923807237672105,359,0,359,MAB
query_cycle_6_113.graph,1,0.1,359,2690.6817688367805,2997.6035124086925,0.11406839230363483,359,0,359,PO
query_cycle_6_113.graph,1,0.1,359,2690.6817688367805,481.52799365582865,0.8210386678823041,359,0,359,UN
query_cycle_6_113.graph,1,0.1,359,2690.6817688367805,2903.2352614729693,0.07899614703528418,359,0,359,WO
query_cycle_6_113.graph,2,0.1,359,2690.6817688367805,2812.609712583613,0.04531488827812729,359,0,359,8_POSSA
query_cycle_6_113.graph,2,0.1,359,2690.6817688367805,2593.6276212386274,0.036070466869112874,359,0,359,MAB
query_cycle_6_113.graph,2,0.1,359,2690.6817688367805,2838.756731509098,0.05503250677479119,359,0,359,PO
query_cycle_6_113.graph,2,0.1,359,2690.6817688367805,1103.4357047092342,0.5899047901208083,359,0,359,UN
query_cycle_6_113.graph,2,0.1,359,2690.6817688367805,2562.64890284241,0.04758380105638472,359,0,359,WO
query_cycle_6_113.graph,3,0.1,359,2690.6817688367805,2855.6517965322164,0.061311608680782316,359,0,359,8_POSSA
query_cycle_6_113.graph,3,0.1,359,2690.6817688367805,2764.404900483554,0.027399424376612472,359,0,359,MAB
query_cycle_6_113.graph,3,0.1,359,2690.6817688367805,2837.7486544419585,0.054657851890361986,359,0,359,PO
query_cycle_6_113.graph,3,0.1,359,2690.6817688367805,2870.819966761634,0.06694890492483986,359,0,359,UN
query_cycle_6_113.graph,3,0.1,359,2690.6817688367805,3762.4965092298057,0.3983431830574248,359,0,359,WO
query_cycle_6_113.graph,4,0.1,359,2690.6817688367805,2811.5553329408385,0.04492302490171974,359,0,359,8_POSSA
query_cycle_6_113.graph,4,0.1,359,2690.6817688367805,2608.761612788585,0.030445873234429672,359,0,359,MAB
query_cycle_6_113.graph,4,0.1,359,2690.6817688367805,2808.7342467839353,0.0438745597173279,359,0,359,PO
query_cycle_6_113.graph,4,0.1,359,2690.6817688367805,9518.57164541591,2.5376058795429093,359,0,359,UN
query_cycle_6_113.graph,4,0.1,359,2690.6817688367805,2863.6265076103796,0.06427543412105755,359,0,359,WO
query_cycle_6_113.graph,5,0.1,359,2690.6817688367805,2656.969907807324,0.0125291148956759,359,0,359,8_POSSA
query_cycle_6_113.graph,5,0.1,359,2690.6817688367805,2886.8446348713583,0.07290452119106665,359,0,359,MAB
query_cycle_6_113.graph,5,0.1,359,2690.6817688367805,3777.1732716658857,0.40379784611199515,359,0,359,PO
query_cycle_6_113.graph,5,0.1,359,2690.6817688367805,66.49737015121632,0.97528605169092,359,0,359,UN
query_cycle_6_113.graph,5,0.1,359,2690.6817688367805,3847.0342022146892,0.4297618717942316,359,0,359,WO
query_cycle_6_116.graph,1,0.1,181,320.18136098169174,289.9880534251435,0.09430064093666812,181,0,181,8_POSSA
query_cycle_6_116.graph,1,0.1,181,320.18136098169174,297.5566374552515,0.07066221299413467,181,0,181,MAB
query_cycle_6_116.graph,1,0.1,181,320.18136098169174,61.68076433841064,0.8073567925712652,181,0,181,PO
query_cycle_6_116.graph,1,0.1,181,320.18136098169174,503.5256819844449,0.5726264653276832,181,0,181,UN
query_cycle_6_116.graph,1,0.1,181,320.18136098169174,476.54351809664263,0.48835496431002995,181,0,181,WO
query_cycle_6_116.graph,2,0.1,181,320.18136098169174,356.43180694740175,0.11321847672383042,181,0,181,8_POSSA
query_cycle_6_116.graph,2,0.1,181,320.18136098169174,317.2798832719657,0.00906198193683103,181,0,181,MAB
query_cycle_6_116.graph,2,0.1,181,320.18136098169174,271.5871605373656,0.15177085978813362,181,0,181,PO
query_cycle_6_116.graph,2,0.1,181,320.18136098169174,450.0744060405134,0.4056858421132424,181,0,181,UN
query_cycle_6_116.graph,2,0.1,181,320.18136098169174,317.17941581776444,0.009375764893756439,181,0,181,WO
query_cycle_6_116.graph,3,0.1,181,320.18136098169174,285.92205876510764,0.10699967703161548,181,0,181,8_POSSA
query_cycle_6_116.graph,3,0.1,181,320.18136098169174,287.2645301008389,0.10280683041613736,181,0,181,MAB
query_cycle_6_116.graph,3,0.1,181,320.18136098169174,407.4441825877914,0.27254185358744043,181,0,181,PO
query_cycle_6_116.graph,3,0.1,181,320.18136098169174,611.4238231399661,0.9096171659253077,181,0,181,UN
query_cycle_6_116.graph,3,0.1,181,320.18136098169174,426.5376282848328,0.3321750740800387,181,0,181,WO
query_cycle_6_116.graph,4,0.1,181,320.18136098169174,293.13394757879524,0.08447529025414784,181,0,181,8_POSSA
query_cycle_6_116.graph,4,0.1,181,320.18136098169174,279.8422395154488,0.12598835029797245,181,0,181,MAB
query_cycle_6_116.graph,4,0.1,181,320.18136098169174,328.4740644874193,0.025900019539868667,181,0,181,PO
query_cycle_6_116.graph,4,0.1,181,320.18136098169174,1752.7455643114235,4.474227353326938,181,0,181,UN
query_cycle_6_116.graph,4,0.1,181,320.18136098169174,506.845563714776,0.582995219211895,181,0,181,WO
query_cycle_6_116.graph,5,0.1,181,320.18136098169174,332.86180184443475,0.03960393204608838,181,0,181,8_POSSA
query_cycle_6_116.graph,5,0.1,181,320.18136098169174,234.08307505675882,0.26890474092855177,181,0,181,MAB
query_cycle_6_116.graph,5,0.1,181,320.18136098169174,365.7341315949616,0.1422717752014134,181,0,181,PO
query_cycle_6_116.graph,5,0.1,181,320.18136098169174,132.98012194951207,0.5846725070385469,181,0,181,UN
query_cycle_6_116.graph,5,0.1,181,320.18136098169174,365.45813007455246,0.14140975900046127,181,0,181,WO
query_cycle_6_118.graph,1,0.1,177,320.18136098169174,401.75204408890727,0.2547639964335082,177,0,177,8_POSSA
query_cycle_6_118.graph,1,0.1,177,320.18136098169174,311.7226422467843,0.026418523267477543,177,0,177,MAB
query_cycle_6_118.graph,1,0.1,177,320.18136098169174,390.09416198142117,0.218353750466215,177,0,177,PO
query_cycle_6_118.graph,1,0.1,177,320.18136098169174,376.94682963570193,0.1772916089804993,177,0,177,UN
query_cycle_6_118.graph,1,0.1,177,320.18136098169174,458.3870381971813,0.4316481034115921,177,0,177,WO
query_cycle_6_118.graph,2,0.1,177,320.18136098169174,367.92136309868704,0.14910300203179258,177,0,177,8_POSSA
query_cycle_6_118.graph,2,0.1,177,320.18136098169174,242.31765521354444,0.24318625396997928,177,0,177,MAB
query_cycle_6_118.graph,2,0.1,177,320.18136098169174,361.97345110179964,0.13052630544130148,177,0,177,PO
query_cycle_6_118.graph,2,0.1,177,320.18136098169174,96.24904185493018,0.6993921146445693,177,0,177,UN
query_cycle_6_118.graph,2,0.1,177,320.18136098169174,273.2618213682348,0.14654050900901708,177,0,177,WO
query_cycle_6_118.graph,3,0.1,177,320.18136098169174,352.9364821653046,0.10230177385461806,177,0,177,8_POSSA
query_cycle_6_118.graph,3,0.1,177,320.18136098169174,460.2927969538276,0.4376002261422942,177,0,177,MAB
query_cycle_6_118.graph,3,0.1,177,320.18136098169174,346.4324973479336,0.08198833400468587,177,0,177,PO
query_cycle_6_118.graph,3,0.1,177,320.18136098169174,598.492969622215,0.8692311375877917,177,0,177,UN
query_cycle_6_118.graph,3,0.1,177,320.18136098169174,256.555523825749,0.19871811700988093,177,0,177,WO
query_cycle_6_118.graph,4,0.1,177,320.18136098169174,405.4735866788644,0.26638722952411265,177,0,177,8_POSSA
query_cycle_6_118.graph,4,0.1,177,320.18136098169174,383.65923990108905,0.1982560094215698,177,0,177,MAB
query_cycle_6_118.graph,4,0.1,177,320.18136098169174,328.74964739838174,0.026760728327280558,177,0,177,PO
query_cycle_6_118.graph,4,0.1,177,320.18136098169174,500.66548850034474,0.5636934235187202,177,0,177,UN
query_cycle_6_118.graph,4,0.1,177,320.18136098169174,245.82243703587068,0.23224001458995913,177,0,177,WO
query_cycle_6_118.graph,5,0.1,177,320.18136098169174,363.8042193166941,0.13624421546979673,177,0,177,8_POSSA
query_cycle_6_118.graph,5,0.1,177,320.18136098169174,316.7304819132021,0.010777888687552238,177,0,177,MAB
query_cycle_6_118.graph,5,0.1,177,320.18136098169174,441.3075723597486,0.3783050050342654,177,0,177,PO
query_cycle_6_118.graph,5,0.1,177,320.18136098169174,173.90514026182208,0.45685426619269653,177,0,177,UN
query_cycle_6_118.graph,5,0.1,177,320.18136098169174,194.04102315677181,0.3939652746748514,177,0,177,WO
query_cycle_6_119.graph,1,0.1,562,3179.014672838812,3232.1669782320373,0.016719742078372006,562,0,562,8_POSSA
query_cycle_6_119.graph,1,0.1,562,3179.014672838812,3254.65497744494,0.023793631798050843,562,0,562,MAB
query_cycle_6_119.graph,1,0.1,562,3179.014672838812,4005.720312450507,0.2600509040348214,562,0,562,PO
query_cycle_6_119.graph,1,0.1,562,3179.014672838812,1616.1963719037635,0.49160462022639095,562,0,562,UN
query_cycle_6_119.graph,1,0.1,562,3179.014672838812,3518.2262693357425,0.10670337554435363,562,0,562,WO
query_cycle_6_119.graph,2,0.1,562,3179.014672838812,3319.600993600213,0.04422323745862399,562,0,562,8_POSSA
query_cycle_6_119.graph,2,0.1,562,3179.014672838812,2812.0361063376467,0.11543783350123991,562,0,562,MAB
query_cycle_6_119.graph,2,0.1,562,3179.014672838812,3160.7708773749296,0.0057388207798333936,562,0,562,PO
query_cycle_6_119.graph,2,0.1,562,3179.014672838812,5745.954404846596,0.8074639459639692,562,0,562,UN
query_cycle_6_119.graph,2,0.1,562,3179.014672838812,2838.3272334319104,0.10716762093541175,562,0,562,WO
query_cycle_6_119.graph,3,0.1,562,3179.014672838812,3312.8177555405555,0.042089482582431476,562,0,562,8_POSSA
query_cycle_6_119.graph,3,0.1,562,3179.014672838812,2969.992090851623,0.06575074464835211,562,0,562,MAB
query_cycle_6_119.graph,3,0.1,562,3179.014672838812,3246.36776685543,0.021186782996654933,562,0,562,PO
query_cycle_6_119.graph,3,0.1,562,3179.014672838812,2446.675999901016,0.23036655954904064,562,0,562,UN
query_cycle_6_119.graph,3,0.1,562,3179.014672838812,3434.964958287164,0.08051245803775794,562,0,562,WO
query_cycle_6_119.graph,4,0.1,562,3179.014672838812,3247.409165799186,0.021514368444011854,562,0,562,8_POSSA
query_cycle_6_119.graph,4,0.1,562,3179.014672838812,2941.395039972423,0.07474631523301475,562,0,562,MAB
query_cycle_6_119.graph,4,0.1,562,3179.014672838812,3108.966088381701,0.022034684223259316,562,0,562,PO
query_cycle_6_119.graph,4,0.1,562,3179.014672838812,1554.2046671510927,0.5111049091940141,562,0,562,UN
query_cycle_6_119.graph,4,0.1,562,3179.014672838812,3758.2654563959177,0.1822107927044713,562,0,562,WO
query_cycle_6_119.graph,5,0.1,562,3179.014672838812,3388.780150482197,0.06598443204292204,562,0,562,8_POSSA
query_cycle_6_119.graph,5,0.1,562,3179.014672838812,3092.43470048577,0.027234845152736456,562,0,562,MAB
query_cycle_6_119.graph,5,0.1,562,3179.014672838812,3439.0922162833094,0.08181074018518193,562,0,562,PO
query_cycle_6_119.graph,5,0.1,562,3179.014672838812,1239.456217359644,0.6101130869418643,562,0,562,UN
query_cycle_6_119.graph,5,0.1,562,3179.014672838812,3403.888705273863,0.07073702249830809,562,0,562,WO
query_cycle_6_120.graph,1,0.1,423,3779.483404017574,3892.9316516304193,0.030016866191884997,423,0,423,8_POSSA
query_cycle_6_120.graph,1,0.1,423,3779.483404017574,3580.8390057205297,0.05255861107522948,423,0,423,MAB
query_cycle_6_120.graph,1,0.1,423,3779.483404017574,3939.482643736689,0.04233362674619418,423,0,423,PO
query_cycle_6_120.graph,1,0.1,423,3779.483404017574,4099.15756989571,0.08458144452713416,423,0,423,UN
query_cycle_6_120.graph,1,0.1,423,3779.483404017574,3997.383682382492,0.05765345553132776,423,0,423,WO
query_cycle_6_120.graph,2,0.1,423,3779.483404017574,3714.5633985757377,0.017176952112774577,423,0,423,8_POSSA
query_cycle_6_120.graph,2,0.1,423,3779.483404017574,4154.497788688082,0.09922371514368077,423,0,423,MAB
query_cycle_6_120.graph,2,0.1,423,3779.483404017574,3977.737434493724,0.05245532504929297,423,0,423,PO
query_cycle_6_120.graph,2,0.1,423,3779.483404017574,5254.157249007127,0.39017867982221627,423,0,423,UN
query_cycle_6_120.graph,2,0.1,423,3779.483404017574,5415.536819503588,0.4328775233532966,423,0,423,WO
query_cycle_6_120.graph,3,0.1,423,3779.483404017574,3903.623026766039,0.03284565891108433,423,0,423,8_POSSA
query_cycle_6_120.graph,3,0.1,423,3779.483404017574,3592.3556458846733,0.0495114644329393,423,0,423,MAB
query_cycle_6_120.graph,3,0.1,423,3779.483404017574,4671.091289468079,0.23590734239042557,423,0,423,PO
query_cycle_6_120.graph,3,0.1,423,3779.483404017574,5867.157787739409,0.5523703005290742,423,0,423,UN
query_cycle_6_120.graph,3,0.1,423,3779.483404017574,3609.190503838718,0.04505718956136574,423,0,423,WO
query_cycle_6_120.graph,4,0.1,423,3779.483404017574,3907.6190182310265,0.033902944004793135,423,0,423,8_POSSA
query_cycle_6_120.graph,4,0.1,423,3779.483404017574,3679.8149664272623,0.026370915528922376,423,0,423,MAB
query_cycle_6_120.graph,4,0.1,423,3779.483404017574,3264.500792050139,0.13625740793570112,423,0,423,PO
query_cycle_6_120.graph,4,0.1,423,3779.483404017574,3643.157782984932,0.036069908625006315,423,0,423,UN
query_cycle_6_120.graph,4,0.1,423,3779.483404017574,3076.877712710812,0.1858999276355851,423,0,423,WO
query_cycle_6_120.graph,5,0.1,423,3779.483404017574,3895.345012974498,0.03065540884073303,423,0,423,8_POSSA
query_cycle_6_120.graph,5,0.1,423,3779.483404017574,3650.273544144605,0.03418717482278649,423,0,423,MAB
query_cycle_6_120.graph,5,0.1,423,3779.483404017574,4072.1181826239063,0.07742718973054968,423,0,423,PO
query_cycle_6_120.graph,5,0.1,423,3779.483404017574,12758.360533291614,2.3756889948847335,423,0,423,UN
query_cycle_6_120.graph,5,0.1,423,3779.483404017574,3510.6164047601333,0.07113855797637214,423,0,423,WO
query_cycle_6_121.graph,1,0.1,419,319.03919423168645,330.8335083186563,0.036968229296632474,419,0,419,8_POSSA
query_cycle_6_121.graph,1,0.1,419,319.03919423168645,307.7616892928051,0.03534833695289369,419,0,419,MAB
query_cycle_6_121.graph,1,0.1,419,319.03919423168645,354.46596146286345,0.11104205336429622,419,0,419,PO
query_cycle_6_121.graph,1,0.1,419,319.03919423168645,381.10548822031103,0.19454128242172025,419,0,419,UN
query_cycle_6_121.graph,1,0.1,419,319.03919423168645,248.7986898165437,0.2201626185280986,419,0,419,WO
query_cycle_6_121.graph,2,0.1,419,319.03919423168645,366.34687412378827,0.1482817181946208,419,0,419,8_POSSA
query_cycle_6_121.graph,2,0.1,419,319.03919423168645,375.68723799927403,0.17755825864595726,419,0,419,MAB
query_cycle_6_121.graph,2,0.1,419,319.03919423168645,329.7193719289859,0.03347606780107235,419,0,419,PO
query_cycle_6_121.graph,2,0.1,419,319.03919423168645,162.63541671121789,0.4902337403939406,419,0,419,UN
query_cycle_6_121.graph,2,0.1,419,319.03919423168645,396.83358269642173,0.24383959673694808,419,0,419,WO
query_cycle_6_121.graph,3,0.1,419,319.03919423168645,321.2445524655146,0.006912499384720077,419,0,419,8_POSSA
query_cycle_6_121.graph,3,0.1,419,319.03919423168645,369.6966653849296,0.15878134119300605,419,0,419,MAB
query_cycle_6_121.graph,3,0.1,419,319.03919423168645,361.69141845148835,0.1336896061392,419,0,419,PO
query_cycle_6_121.graph,3,0.1,419,319.03919423168645,320.1400378056895,0.0034504963462376006,419,0,419,UN
query_cycle_6_121.graph,3,0.1,419,319.03919423168645,278.1374977555096,0.12820273250337383,419,0,419,WO
query_cycle_6_121.graph,4,0.1,419,319.03919423168645,338.7664498532332,0.06183332950377506,419,0,419,8_POSSA
query_cycle_6_121.graph,4,0.1,419,319.03919423168645,321.7332070996961,0.008444143906824277,419,0,419,MAB
query_cycle_6_121.graph,4,0.1,419,319.03919423168645,358.5972762445011,0.12399129238048263,419,0,419,PO
query_cycle_6_121.graph,4,0.1,419,319.03919423168645,295.5571520701607,0.0736023742100886,419,0,419,UN
query_cycle_6_121.graph,4,0.1,419,319.03919423168645,356.7212010333467,0.11811090136560319,419,0,419,WO
query_cycle_6_121.graph,5,0.1,419,319.03919423168645,333.45913103150247,0.04519801034020995,419,0,419,8_POSSA
query_cycle_6_121.graph,5,0.1,419,319.03919423168645,357.9978770018188,0.1221125287253594,419,0,419,MAB
query_cycle_6_121.graph,5,0.1,419,319.03919423168645,361.627854366564,0.13349037016420512,419,0,419,PO
query_cycle_6_121.graph,5,0.1,419,319.03919423168645,495.8087533802627,0.5540684729168608,419,0,419,UN
query_cycle_6_121.graph,5,0.1,419,319.03919423168645,502.306720679161,0.5744357739143033,419,0,419,WO
query_cycle_6_122.graph,1,0.1,277,1709.7493949898221,1569.8446050969458,0.08182765866322134,277,0,277,8_POSSA
query_cycle_6_122.graph,1,0.1,277,1709.7493949898221,1361.413856274635,0.20373485128050633,277,0,277,MAB
query_cycle_6_122.graph,1,0.1,277,1709.7493949898221,1919.9640738706769,0.12295057948074674,277,0,277,PO
query_cycle_6_122.graph,1,0.1,277,1709.7493949898221,3395.263330603564,0.9858251393759233,277,0,277,UN
query_cycle_6_122.graph,1,0.1,277,1709.7493949898221,1327.1969058883308,0.22374769672240102,277,0,277,WO
query_cycle_6_122.graph,2,0.1,277,1709.7493949898221,1638.3677047074755,0.04174979707056518,277,0,277,8_POSSA
query_cycle_6_122.graph,2,0.1,277,1709.7493949898221,1830.4977707199325,0.07062343527299754,277,0,277,MAB
query_cycle_6_122.graph,2,0.1,277,1709.7493949898221,1523.5754256221758,0.1088896243585187,277,0,277,PO
query_cycle_6_122.graph,2,0.1,277,1709.7493949898221,153.36331358807712,0.9103007060347637,277,0,277,UN
query_cycle_6_122.graph,2,0.1,277,1709.7493949898221,1521.5154003829314,0.11009449405771615,277,0,277,WO
query_cycle_6_122.graph,3,0.1,277,1709.7493949898221,1496.8140478946016,0.1245418467286477,277,0,277,8_POSSA
query_cycle_6_122.graph,3,0.1,277,1709.7493949898221,1716.023640060222,0.003669686966280404,277,0,277,MAB
query_cycle_6_122.graph,3,0.1,277,1709.7493949898221,2084.815629614794,0.2193691284372144,277,0,277,PO
query_cycle_6_122.graph,3,0.1,277,1709.7493949898221,660.3579967389853,0.613769129748447,277,0,277,UN
query_cycle_6_122.graph,3,0.1,277,1709.7493949898221,1796.693764310211,0.05085211293255434,277,0,277,WO
query_cycle_6_122.graph,4,0.1,277,1709.7493949898221,1602.2594281504691,0.06286884332542364,277,0,277,8_POSSA
query_cycle_6_122.graph,4,0.1,277,1709.7493949898221,1660.7733094978398,0.028645183695048974,277,0,277,MAB
query_cycle_6_122.graph,4,0.1,277,1709.7493949898221,1512.649310800643,0.11528010173113847,277,0,277,PO
query_cycle_6_122.graph,4,0.1,277,1709.7493949898221,399.2250078738384,0.7665008632003552,277,0,277,UN
query_cycle_6_122.graph,4,0.1,277,1709.7493949898221,1526.4425702249432,0.1072126858486007,277,0,277,WO
query_cycle_6_122.graph,5,0.1,277,1709.7493949898221,1476.6095352143996,0.13635908306714764,277,0,277,8_POSSA
query_cycle_6_122.graph,5,0.1,277,1709.7493949898221,1568.4414785716447,0.08264832076107775,277,0,277,MAB
query_cycle_6_122.graph,5,0.1,277,1709.7493949898221,1671.7879144368915,0.022202950130686627,277,0,277,PO
query_cycle_6_122.graph,5,0.1,277,1709.7493949898221,172.96431896133709,0.8988364496760844,277,0,277,UN
query_cycle_6_122.graph,5,0.1,277,1709.7493949898221,1952.3782762544201,0.1419090318005595,277,0,277,WO
query_cycle_6_123.graph,1,0.1,178,320.18136098169174,361.6052673749102,0.12937638301683385,178,0,178,8_POSSA
query_cycle_6_123.graph,1,0.1,178,320.18136098169174,0.02766488104872407,0.9999135962163321,178,0,178,MAB
query_cycle_6_123.graph,1,0.1,178,320.18136098169174,341.4981517036051,0.06657723815201189,178,0,178,PO
query_cycle_6_123.graph,1,0.1,178,320.18136098169174,120.325562783769,0.6241956045947056,178,0,178,UN
query_cycle_6_123.graph,1,0.1,178,320.18136098169174,312.642021236568,0.023547091317270216,178,0,178,WO
query_cycle_6_123.graph,2,0.1,178,320.18136098169174,367.5152518113938,0.14783462311664247,178,0,178,8_POSSA
query_cycle_6_123.graph,2,0.1,178,320.18136098169174,380.8108617866528,0.18935986972841912,178,0,178,MAB
query_cycle_6_123.graph,2,0.1,178,320.18136098169174,335.47483705426157,0.047765041742840006,178,0,178,PO
query_cycle_6_123.graph,2,0.1,178,320.18136098169174,174.8775293741657,0.4538172714427141,178,0,178,UN
query_cycle_6_123.graph,2,0.1,178,320.18136098169174,467.2877664667652,0.4594471240738,178,0,178,WO
query_cycle_6_123.graph,3,0.1,178,320.18136098169174,319.8079569761077,0.0011662265549724341,178,0,178,8_POSSA
query_cycle_6_123.graph,3,0.1,178,320.18136098169174,363.15312234651725,0.1342106899448237,178,0,178,MAB
query_cycle_6_123.graph,3,0.1,178,320.18136098169174,295.2159213998599,0.0779728073654462,178,0,178,PO
query_cycle_6_123.graph,3,0.1,178,320.18136098169174,22.5020173378076,0.9297210266431021,178,0,178,UN
query_cycle_6_123.graph,3,0.1,178,320.18136098169174,351.449248102125,0.09765679996038619,178,0,178,WO
query_cycle_6_123.graph,4,0.1,178,320.18136098169174,343.138624053495,0.07170081044510261,178,0,178,8_POSSA
query_cycle_6_123.graph,4,0.1,178,320.18136098169174,251.33775721962775,0.21501440168467686,178,0,178,MAB
query_cycle_6_123.graph,4,0.1,178,320.18136098169174,369.12429382764617,0.15286003125195358,178,0,178,PO
query_cycle_6_123.graph,4,0.1,178,320.18136098169174,480.9769724086503,0.5022016613770125,178,0,178,UN
query_cycle_6_123.graph,4,0.1,178,320.18136098169174,590.5604485764783,0.8444560506763761,178,0,178,WO
query_cycle_6_123.graph,5,0.1,178,320.18136098169174,366.28084889877584,0.14397929903146398,178,0,178,8_POSSA
query_cycle_6_123.graph,5,0.1,178,320.18136098169174,298.7429315833027,0.06695714370336157,178,0,178,MAB
query_cycle_6_123.graph,5,0.1,178,320.18136098169174,89.59739883189049,0.7201667250174074,178,0,178,PO
query_cycle_6_123.graph,5,0.1,178,320.18136098169174,413.7669447107702,0.2922892932997114,178,0,178,UN
query_cycle_6_123.graph,5,0.1,178,320.18136098169174,307.7022907652879,0.038975005222485155,178,0,178,WO
query_cycle_6_124.graph,1,0.1,408,1990.2806816762702,2067.9152148434396,0.039006826465191526,408,0,408,8_POSSA
query_cycle_6_124.graph,1,0.1,408,1990.2806816762702,1756.3342805042964,0.1175444264348371,408,0,408,MAB
query_cycle_6_124.graph,1,0.1,408,1990.2806816762702,1992.4007450040694,0.0010652082127500062,408,0,408,PO
query_cycle_6_124.graph,1,0.1,408,1990.2806816762702,8370.456835306544,3.2056665235059763,408,0,408,UN
query_cycle_6_124.graph,1,0.1,408,1990.2806816762702,2146.782332886957,0.07863295496536545,408,0,408,WO
query_cycle_6_124.graph,2,0.1,408,1990.2806816762702,1987.9837312837874,0.001154083649421878,408,0,408,8_POSSA
query_cycle_6_124.graph,2,0.1,408,1990.2806816762702,2088.555141358776,0.04937718613624698,408,0,408,MAB
query_cycle_6_124.graph,2,0.1,408,1990.2806816762702,1912.8606054871946,0.038899074337530266,408,0,408,PO
query_cycle_6_124.graph,2,0.1,408,1990.2806816762702,126.76013803287641,0.936310421339107,408,0,408,UN
query_cycle_6_124.graph,2,0.1,408,1990.2806816762702,4536.962854360206,1.2795593084584673,408,0,408,WO
query_cycle_6_124.graph,3,0.1,408,1990.2806816762702,2004.6761347940676,0.0072328758703888605,408,0,408,8_POSSA
query_cycle_6_124.graph,3,0.1,408,1990.2806816762702,1799.9745700274839,0.09561772537957068,408,0,408,MAB
query_cycle_6_124.graph,3,0.1,408,1990.2806816762702,1586.331176859356,0.2029610740514733,408,0,408,PO
query_cycle_6_124.graph,3,0.1,408,1990.2806816762702,974.7843279629974,0.5102277096203301,408,0,408,UN
query_cycle_6_124.graph,3,0.1,408,1990.2806816762702,1728.1770626137904,0.1316917867291606,408,0,408,WO
query_cycle_6_124.graph,4,0.1,408,1990.2806816762702,2043.002125441254,0.026489451588597234,408,0,408,8_POSSA
query_cycle_6_124.graph,4,0.1,408,1990.2806816762702,2046.803621836511,0.028399481882442602,408,0,408,MAB
query_cycle_6_124.graph,4,0.1,408,1990.2806816762702,1776.8381729512992,0.10724241595170576,408,0,408,PO
query_cycle_6_124.graph,4,0.1,408,1990.2806816762702,2006.1436712226575,0.007970227361613675,408,0,408,UN
query_cycle_6_124.graph,4,0.1,408,1990.2806816762702,1410.6317873315706,0.2912397732045025,408,0,408,WO
query_cycle_6_124.graph,5,0.1,408,1990.2806816762702,2049.1578556869526,0.02958234712959904,408,0,408,8_POSSA
query_cycle_6_124.graph,5,0.1,408,1990.2806816762702,1887.7098925588598,0.05153584118146714,408,0,408,MAB
query_cycle_6_124.graph,5,0.1,408,1990.2806816762702,2037.1066707532148,0.02352732934005388,408,0,408,PO
query_cycle_6_124.graph,5,0.1,408,1990.2806816762702,925.238309222982,0.5351216952758038,408,0,408,UN
query_cycle_6_124.graph,5,0.1,408,1990.2806816762702,2501.1671940425517,0.2566906854243285,408,0,408,WO
query_cycle_6_125.graph,1,0.1,385,2872.5452500209376,3015.416615675484,0.049736854677399814,385,0,385,8_POSSA
query_cycle_6_125.graph,1,0.1,385,2872.5452500209376,3315.9266302601186,0.15435139976853254,385,0,385,MAB
query_cycle_6_125.graph,1,0.1,385,2872.5452500209376,2749.9989216489307,0.042661235143680906,385,0,385,PO
query_cycle_6_125.graph,1,0.1,385,2872.5452500209376,134.47526804121443,0.9531860227301087,385,0,385,UN
query_cycle_6_125.graph,1,0.1,385,2872.5452500209376,3217.621676436994,0.12012915250457461,385,0,385,WO
query_cycle_6_125.graph,2,0.1,385,2872.5452500209376,2976.5389474335648,0.03620263159017919,385,0,385,8_POSSA
query_cycle_6_125.graph,2,0.1,385,2872.5452500209376,2931.3982524844596,0.02048810282904787,385,0,385,MAB
query_cycle_6_125.graph,2,0.1,385,2872.5452500209376,2782.7576899005626,0.031257143858646114,385,0,385,PO
query_cycle_6_125.graph,2,0.1,385,2872.5452500209376,1103.5710663602033,0.6158211724072372,385,0,385,UN
query_cycle_6_125.graph,2,0.1,385,2872.5452500209376,3325.19379454944,0.15757751580247628,385,0,385,WO
query_cycle_6_125.graph,3,0.1,385,2872.5452500209376,2840.135449398671,0.011282607514026245,385,0,385,8_POSSA
query_cycle_6_125.graph,3,0.1,385,2872.5452500209376,2983.049472112511,0.03846909708063535,385,0,385,MAB
query_cycle_6_125.graph,3,0.1,385,2872.5452500209376,3145.8031512460516,0.09512744880976975,385,0,385,PO
query_cycle_6_125.graph,3,0.1,385,2872.5452500209376,4064.855390848161,0.41507096914088043,385,0,385,UN
query_cycle_6_125.graph,3,0.1,385,2872.5452500209376,2662.487641818464,0.07312595274206474,385,0,385,WO
query_cycle_6_125.graph,4,0.1,385,2872.5452500209376,2902.499080040523,0.010427626864839504,385,0,385,8_POSSA
query_cycle_6_125.graph,4,0.1,385,2872.5452500209376,3232.5241459117924,0.12531704970991525,385,0,385,MAB
query_cycle_6_125.graph,4,0.1,385,2872.5452500209376,3045.8633499502916,0.06033607300984754,385,0,385,PO
query_cycle_6_125.graph,4,0.1,385,2872.5452500209376,2355.098154694871,0.18013540267896389,385,0,385,UN
query_cycle_6_125.graph,4,0.1,385,2872.5452500209376,3344.4010896440795,0.16426402321067096,385,0,385,WO
query_cycle_6_125.graph,5,0.1,385,2872.5452500209376,2887.618275783242,0.005247271827030273,385,0,385,8_POSSA
query_cycle_6_125.graph,5,0.1,385,2872.5452500209376,2654.890323463923,0.07577075645907694,385,0,385,MAB
query_cycle_6_125.graph,5,0.1,385,2872.5452500209376,3143.544598929779,0.09434119407061255,385,0,385,PO
query_cycle_6_125.graph,5,0.1,385,2872.5452500209376,764.536565658331,0.7338469896504648,385,0,385,UN
query_cycle_6_125.graph,5,0.1,385,2872.5452500209376,3190.5096316790623,0.11069081737034676,385,0,385,WO
query_cycle_6_126.graph,1,0.1,183,320.18136098169174,279.3092013028734,0.12765315118126264,183,0,183,8_POSSA
query_cycle_6_126.graph,1,0.1,183,320.18136098169174,301.8599144725033,0.057222089546418255,183,0,183,MAB
query_cycle_6_126.graph,1,0.1,183,320.18136098169174,269.1456328543768,0.15939631204901153,183,0,183,PO
query_cycle_6_126.graph,1,0.1,183,320.18136098169174,85.02332906441457,0.7344525964792926,183,0,183,UN
query_cycle_6_126.graph,1,0.1,183,320.18136098169174,482.99855003617813,0.5085155130682214,183,0,183,WO
query_cycle_6_126.graph,2,0.1,183,320.18136098169174,311.7060782415915,0.026470256463757273,183,0,183,8_POSSA
query_cycle_6_126.graph,2,0.1,183,320.18136098169174,302.67741894145837,0.054668835145698126,183,0,183,MAB
query_cycle_6_126.graph,2,0.1,183,320.18136098169174,428.87713166721176,0.3394818809947383,183,0,183,PO
query_cycle_6_126.graph,2,0.1,183,320.18136098169174,156.64731564230937,0.5107544200511204,183,0,183,UN
query_cycle_6_126.graph,2,0.1,183,320.18136098169174,283.9009771797201,0.11331197946918027,183,0,183,WO
query_cycle_6_126.graph,3,0.1,183,320.18136098169174,338.4562823985464,0.057076780986947136,183,0,183,8_POSSA
query_cycle_6_126.graph,3,0.1,183,320.18136098169174,308.97775712317656,0.03499143055724537,183,0,183,MAB
query_cycle_6_126.graph,3,0.1,183,320.18136098169174,284.6728732148371,0.11090117069270944,183,0,183,PO
query_cycle_6_126.graph,3,0.1,183,320.18136098169174,406.9255053260837,0.27092190525529075,183,0,183,UN
query_cycle_6_126.graph,3,0.1,183,320.18136098169174,481.2004147528721,0.5028995231873837,183,0,183,WO
query_cycle_6_126.graph,4,0.1,183,320.18136098169174,316.9167112867912,0.010196251539724083,183,0,183,8_POSSA
query_cycle_6_126.graph,4,0.1,183,320.18136098169174,293.1534541934835,0.0844143666119081,183,0,183,MAB
query_cycle_6_126.graph,4,0.1,183,320.18136098169174,331.1569823161998,0.03427938872161782,183,0,183,PO
query_cycle_6_126.graph,4,0.1,183,320.18136098169174,1897.977755273815,4.9278208745647225,183,0,183,UN
query_cycle_6_126.graph,4,0.1,183,320.18136098169174,389.12372585974765,0.21532285535508763,183,0,183,WO
query_cycle_6_126.graph,5,0.1,183,320.18136098169174,295.39405831228487,0.0774164448342895,183,0,183,8_POSSA
query_cycle_6_126.graph,5,0.1,183,320.18136098169174,341.73548002697464,0.06731846906764628,183,0,183,MAB
query_cycle_6_126.graph,5,0.1,183,320.18136098169174,284.54112448092604,0.11131265227773092,183,0,183,PO
query_cycle_6_126.graph,5,0.1,183,320.18136098169174,699.6901918705942,1.185293327898007,183,0,183,UN
query_cycle_6_126.graph,5,0.1,183,320.18136098169174,437.6066499946574,0.3667461736465045,183,0,183,WO
query_cycle_6_127.graph,1,0.1,213,1085.2712215320912,842.5726350344776,0.22362943168712512,213,0,213,8_POSSA
query_cycle_6_127.graph,1,0.1,213,1085.2712215320912,1189.0042105499012,0.09558254836184531,213,0,213,MAB
query_cycle_6_127.graph,1,0.1,213,1085.2712215320912,1126.3804637476276,0.03787923368824056,213,0,213,PO
query_cycle_6_127.graph,1,0.1,213,1085.2712215320912,568.957140775952,0.4757465880531247,213,0,213,UN
query_cycle_6_127.graph,1,0.1,213,1085.2712215320912,886.4155375671784,0.1832313250545663,213,0,213,WO
query_cycle_6_127.graph,2,0.1,213,1085.2712215320912,866.1832746765425,0.20187391180083025,213,0,213,8_POSSA
query_cycle_6_127.graph,2,0.1,213,1085.2712215320912,1180.9882195880568,0.08819638460590591,213,0,213,MAB
query_cycle_6_127.graph,2,0.1,213,1085.2712215320912,1076.988644109557,0.007631804159370883,213,0,213,PO
query_cycle_6_127.graph,2,0.1,213,1085.2712215320912,1030.1579544857943,0.05078294342725938,213,0,213,UN
query_cycle_6_127.graph,2,0.1,213,1085.2712215320912,1189.1627204864915,0.09572860395923456,213,0,213,WO
query_cycle_6_127.graph,3,0.1,213,1085.2712215320912,1115.3391568434695,0.027705457138106907,213,0,213,8_POSSA
query_cycle_6_127.graph,3,0.1,213,1085.2712215320912,1177.6142334372857,0.08508749709112598,213,0,213,MAB
query_cycle_6_127.graph,3,0.1,213,1085.2712215320912,1132.9485995431653,0.04393130220827871,213,0,213,PO
query_cycle_6_127.graph,3,0.1,213,1085.2712215320912,822.0484290101842,0.24254102320184256,213,0,213,UN
query_cycle_6_127.graph,3,0.1,213,1085.2712215320912,760.7345710687791,0.29903736874655124,213,0,213,WO
query_cycle_6_127.graph,4,0.1,213,1085.2712215320912,879.7096362385998,0.18941033468416996,213,0,213,8_POSSA
query_cycle_6_127.graph,4,0.1,213,1085.2712215320912,1080.5635449991214,0.00433778804741907,213,0,213,MAB
query_cycle_6_127.graph,4,0.1,213,1085.2712215320912,1092.6637842263272,0.006811719086957612,213,0,213,PO
query_cycle_6_127.graph,4,0.1,213,1085.2712215320912,515.8452294144118,0.5246854250072286,213,0,213,UN
query_cycle_6_127.graph,4,0.1,213,1085.2712215320912,1184.4504382192758,0.0913865720563124,213,0,213,WO
query_cycle_6_127.graph,5,0.1,213,1085.2712215320912,886.5886995466296,0.18307176864505714,213,0,213,8_POSSA
query_cycle_6_127.graph,5,0.1,213,1085.2712215320912,1276.7005647251688,0.17638848187905906,213,0,213,MAB
query_cycle_6_127.graph,5,0.1,213,1085.2712215320912,1208.789442249384,0.11381322775971196,213,0,213,PO
query_cycle_6_127.graph,5,0.1,213,1085.2712215320912,72.77681147283174,0.9329413606212724,213,0,213,UN
query_cycle_6_127.graph,5,0.1,213,1085.2712215320912,1168.062693738233,0.07628643473035623,213,0,213,WO
query_cycle_6_128.graph,1,0.1,380,2872.5452500209376,2644.986603535998,0.07921847235766996,380,0,380,8_POSSA
query_cycle_6_128.graph,1,0.1,380,2872.5452500209376,2584.6319479627196,0.10022933565837457,380,0,380,MAB
query_cycle_6_128.graph,1,0.1,380,2872.5452500209376,2752.107592775072,0.04192715754259663,380,0,380,PO
query_cycle_6_128.graph,1,0.1,380,2872.5452500209376,3379.5302771147303,0.17649331271286237,380,0,380,UN
query_cycle_6_128.graph,1,0.1,380,2872.5452500209376,2942.732736077743,0.024433900930296536,380,0,380,WO
query_cycle_6_128.graph,2,0.1,380,2872.5452500209376,2647.8626915446166,0.0782172390407717,380,0,380,8_POSSA
query_cycle_6_128.graph,2,0.1,380,2872.5452500209376,2714.4447482490978,0.055038472160077366,380,0,380,MAB
query_cycle_6_128.graph,2,0.1,380,2872.5452500209376,2747.156498542009,0.04365074892310732,380,0,380,PO
query_cycle_6_128.graph,2,0.1,380,2872.5452500209376,326.8114724463306,0.8862293039791284,380,0,380,UN
query_cycle_6_128.graph,2,0.1,380,2872.5452500209376,2798.5151667268233,0.02577159865230138,380,0,380,WO
query_cycle_6_128.graph,3,0.1,380,2872.5452500209376,2540.33294056858,0.11565085335032971,380,0,380,8_POSSA
query_cycle_6_128.graph,3,0.1,380,2872.5452500209376,2696.6476783293674,0.06123404729317601,380,0,380,MAB
query_cycle_6_128.graph,3,0.1,380,2872.5452500209376,2862.6876441498084,0.0034316625198706025,380,0,380,PO
query_cycle_6_128.graph,3,0.1,380,2872.5452500209376,417.3875314256645,0.8546976652769447,380,0,380,UN
query_cycle_6_128.graph,3,0.1,380,2872.5452500209376,2058.2077207591515,0.2834898873240902,380,0,380,WO
query_cycle_6_128.graph,4,0.1,380,2872.5452500209376,2547.5931560463714,0.1131234030072103,380,0,380,8_POSSA
query_cycle_6_128.graph,4,0.1,380,2872.5452500209376,2720.193347008305,0.053037250853236226,380,0,380,MAB
query_cycle_6_128.graph,4,0.1,380,2872.5452500209376,1628.6094315033115,0.4330430716482392,380,0,380,PO
query_cycle_6_128.graph,4,0.1,380,2872.5452500209376,6508.060373759116,1.2656076083437433,380,0,380,UN
query_cycle_6_128.graph,4,0.1,380,2872.5452500209376,2435.811208705891,0.1520373060483079,380,0,380,WO
query_cycle_6_128.graph,5,0.1,380,2872.5452500209376,2536.261674813742,0.11706815591668901,380,0,380,8_POSSA
query_cycle_6_128.graph,5,0.1,380,2872.5452500209376,2669.36207570562,0.07073280196851087,380,0,380,MAB
query_cycle_6_128.graph,5,0.1,380,2872.5452500209376,2082.4574007028327,0.275048008142725,380,0,380,PO
query_cycle_6_128.graph,5,0.1,380,2872.5452500209376,897.5223927683951,0.6875515215080239,380,0,380,UN
query_cycle_6_128.graph,5,0.1,380,2872.5452500209376,2417.222907063038,0.15850832739870016,380,0,380,WO
query_cycle_6_129.graph,1,0.1,295,1440.986907367272,1570.2164970975864,0.08968130735234854,295,0,295,8_POSSA
query_cycle_6_129.graph,1,0.1,295,1440.986907367272,1487.9839875172313,0.032614508785388296,295,0,295,MAB
query_cycle_6_129.graph,1,0.1,295,1440.986907367272,1403.0415435771617,0.02633289976203706,295,0,295,PO
query_cycle_6_129.graph,1,0.1,295,1440.986907367272,3574.985204441364,1.4809283041807602,295,0,295,UN
query_cycle_6_129.graph,1,0.1,295,1440.986907367272,1573.059761072601,0.09165444393011898,295,0,295,WO
query_cycle_6_129.graph,2,0.1,295,1440.986907367272,1478.789488124841,0.026233812787817484,295,0,295,8_POSSA
query_cycle_6_129.graph,2,0.1,295,1440.986907367272,1459.7942562449539,0.013051713920179609,295,0,295,MAB
query_cycle_6_129.graph,2,0.1,295,1440.986907367272,1749.076787847584,0.21380477428709047,295,0,295,PO
query_cycle_6_129.graph,2,0.1,295,1440.986907367272,104.83496948224405,0.9272477987508013,295,0,295,UN
query_cycle_6_129.graph,2,0.1,295,1440.986907367272,1581.8086259644117,0.09772588347414307,295,0,295,WO
query_cycle_6_129.graph,3,0.1,295,1440.986907367272,1539.075449827693,0.06807039117352706,295,0,295,8_POSSA
query_cycle_6_129.graph,3,0.1,295,1440.986907367272,1328.6144465135274,0.07798298532708568,295,0,295,MAB
query_cycle_6_129.graph,3,0.1,295,1440.986907367272,1396.9388875709644,0.030567952818380966,295,0,295,PO
query_cycle_6_129.graph,3,0.1,295,1440.986907367272,3197.483880204609,1.218954151392334,295,0,295,UN
query_cycle_6_129.graph,3,0.1,295,1440.986907367272,857.5068294711181,0.4049169877346007,295,0,295,WO
query_cycle_6_129.graph,4,0.1,295,1440.986907367272,1549.5985111515558,0.0753730677419691,295,0,295,8_POSSA
query_cycle_6_129.graph,4,0.1,295,1440.986907367272,1341.199311195335,0.06924948149199493,295,0,295,MAB
query_cycle_6_129.graph,4,0.1,295,1440.986907367272,1797.119370244055,0.24714482904459437,295,0,295,PO
query_cycle_6_129.graph,4,0.1,295,1440.986907367272,259.24508881189246,0.8200919887013122,295,0,295,UN
query_cycle_6_129.graph,4,0.1,295,1440.986907367272,2688.8340869736944,0.8659670488514558,295,0,295,WO
query_cycle_6_129.graph,5,0.1,295,1440.986907367272,1514.2469030339885,0.05084015357264063,295,0,295,8_POSSA
query_cycle_6_129.graph,5,0.1,295,1440.986907367272,1273.298592407402,0.11637046395254318,295,0,295,MAB
query_cycle_6_129.graph,5,0.1,295,1440.986907367272,1623.5573401868307,0.12669818989064982,295,0,295,PO
query_cycle_6_129.graph,5,0.1,295,1440.986907367272,62.893575008741685,0.9563538192559639,295,0,295,UN
query_cycle_6_129.graph,5,0.1,295,1440.986907367272,1646.0567413927038,0.14231207305006044,295,0,295,WO
query_cycle_6_130.graph,1,0.1,245,5411.897102192589,5613.733766016629,0.037294992867153175,245,0,245,8_POSSA
query_cycle_6_130.graph,1,0.1,245,5411.897102192589,4842.9923119251935,0.10512113950520384,245,0,245,MAB
query_cycle_6_130.graph,1,0.1,245,5411.897102192589,5797.3677291560025,0.07122652550198025,245,0,245,PO
query_cycle_6_130.graph,1,0.1,245,5411.897102192589,32.39280200402225,0.9940145199747241,245,0,245,UN
query_cycle_6_130.graph,1,0.1,245,5411.897102192589,5553.994097786644,0.02625641118277822,245,0,245,WO
query_cycle_6_130.graph,2,0.1,245,5411.897102192589,5508.099281893044,0.01777605484433156,245,0,245,8_POSSA
query_cycle_6_130.graph,2,0.1,245,5411.897102192589,5413.450280120856,0.0002869932481972175,245,0,245,MAB
query_cycle_6_130.graph,2,0.1,245,5411.897102192589,5809.155249300952,0.07340460093881257,245,0,245,PO
query_cycle_6_130.graph,2,0.1,245,5411.897102192589,3927.4204560532976,0.27429875662969777,245,0,245,UN
query_cycle_6_130.graph,2,0.1,245,5411.897102192589,6115.015364377962,0.12992084825495115,245,0,245,WO
query_cycle_6_130.graph,3,0.1,245,5411.897102192589,5575.900959325464,0.03030431917606677,245,0,245,8_POSSA
query_cycle_6_130.graph,3,0.1,245,5411.897102192589,5490.649432361779,0.014551705008819183,245,0,245,MAB
query_cycle_6_130.graph,3,0.1,245,5411.897102192589,5586.236627606598,0.032214124201174546,245,0,245,PO
query_cycle_6_130.graph,3,0.1,245,5411.897102192589,15978.624454611954,1.9524996785578825,245,0,245,UN
query_cycle_6_130.graph,3,0.1,245,5411.897102192589,4893.717166957689,0.09574829776881072,245,0,245,WO
query_cycle_6_130.graph,4,0.1,245,5411.897102192589,5626.771784900196,0.03970413307018563,245,0,245,8_POSSA
query_cycle_6_130.graph,4,0.1,245,5411.897102192589,5309.606544315427,0.0189010537239742,245,0,245,MAB
query_cycle_6_130.graph,4,0.1,245,5411.897102192589,6766.703488661231,0.25033853395323286,245,0,245,PO
query_cycle_6_130.graph,4,0.1,245,5411.897102192589,130.77746789919408,0.9758351895038414,245,0,245,UN
query_cycle_6_130.graph,4,0.1,245,5411.897102192589,5468.141982890455,0.010392821525575423,245,0,245,WO
query_cycle_6_130.graph,5,0.1,245,5411.897102192589,5795.968578038339,0.0709679930333757,245,0,245,8_POSSA
query_cycle_6_130.graph,5,0.1,245,5411.897102192589,5216.701288054901,0.036067909358181625,245,0,245,MAB
query_cycle_6_130.graph,5,0.1,245,5411.897102192589,4957.914200877111,0.08388609257399775,245,0,245,PO
query_cycle_6_130.graph,5,0.1,245,5411.897102192589,7271.53875980721,0.34362103020421464,245,0,245,UN
query_cycle_6_130.graph,5,0.1,245,5411.897102192589,6297.227849405471,0.16358972288187015,245,0,245,WO
query_cycle_6_132.graph,1,0.1,300,4174.244863367647,4232.902862943225,0.014052361923074847,300,0,300,8_POSSA
query_cycle_6_132.graph,1,0.1,300,4174.244863367647,3984.1454380108935,0.04554103354717604,300,0,300,MAB
query_cycle_6_132.graph,1,0.1,300,4174.244863367647,4738.454173416445,0.13516440182994255,300,0,300,PO
query_cycle_6_132.graph,1,0.1,300,4174.244863367647,141.39777865260547,0.9661261417859108,300,0,300,UN
query_cycle_6_132.graph,1,0.1,300,4174.244863367647,3767.804624746809,0.0973685665131141,300,0,300,WO
query_cycle_6_132.graph,2,0.1,300,4174.244863367647,4152.515551325263,0.005205567175293411,300,0,300,8_POSSA
query_cycle_6_132.graph,2,0.1,300,4174.244863367647,4115.326568068922,0.014114719482745307,300,0,300,MAB
query_cycle_6_132.graph,2,0.1,300,4174.244863367647,4621.538651590568,0.1071556180492151,300,0,300,PO
query_cycle_6_132.graph,2,0.1,300,4174.244863367647,1767.2792533770257,0.5766230033876735,300,0,300,UN
query_cycle_6_132.graph,2,0.1,300,4174.244863367647,4288.606307659611,0.027396918013980892,300,0,300,WO
query_cycle_6_132.graph,3,0.1,300,4174.244863367647,4157.200582232023,0.004083201080320087,300,0,300,8_POSSA
query_cycle_6_132.graph,3,0.1,300,4174.244863367647,4280.300642707121,0.025407177300545855,300,0,300,MAB
query_cycle_6_132.graph,3,0.1,300,4174.244863367647,3916.923446151822,0.06164502218689344,300,0,300,PO
query_cycle_6_132.graph,3,0.1,300,4174.244863367647,3233.083358622234,0.22546868608616172,300,0,300,UN
query_cycle_6_132.graph,3,0.1,300,4174.244863367647,3277.0353068844597,0.21493936888008702,300,0,300,WO
query_cycle_6_132.graph,4,0.1,300,4174.244863367647,3958.4976371880957,0.051685330698471074,300,0,300,8_POSSA
query_cycle_6_132.graph,4,0.1,300,4174.244863367647,4505.688504166986,0.0794020599289762,300,0,300,MAB
query_cycle_6_132.graph,4,0.1,300,4174.244863367647,3964.420279492146,0.050266477109879186,300,0,300,PO
query_cycle_6_132.graph,4,0.1,300,4174.244863367647,4729.862420791254,0.13310612472679748,300,0,300,UN
query_cycle_6_132.graph,4,0.1,300,4174.244863367647,6489.298726535965,0.5546042311711937,300,0,300,WO
query_cycle_6_132.graph,5,0.1,300,4174.244863367647,3948.3396569453153,0.054118820006183926,300,0,300,8_POSSA
query_cycle_6_132.graph,5,0.1,300,4174.244863367647,3552.1592043578216,0.14902950817982114,300,0,300,MAB
query_cycle_6_132.graph,5,0.1,300,4174.244863367647,4646.291699561679,0.1130855643703661,300,0,300,PO
query_cycle_6_132.graph,5,0.1,300,4174.244863367647,283.08172444194673,0.9321837281453668,300,0,300,UN
query_cycle_6_132.graph,5,0.1,300,4174.244863367647,4069.154427627566,0.025175915448164995,300,0,300,WO
query_cycle_6_133.graph,1,0.1,278,1709.7493949898221,1753.6768634925006,0.025692343352424457,278,0,278,8_POSSA
query_cycle_6_133.graph,1,0.1,278,1709.7493949898221,1868.577658315125,0.09289563943740914,278,0,278,MAB
query_cycle_6_133.graph,1,0.1,278,1709.7493949898221,950.8966968897411,0.44383855337150063,278,0,278,PO
query_cycle_6_133.graph,1,0.1,278,1709.7493949898221,1735.318154700659,0.014954682707163153,278,0,278,UN
query_cycle_6_133.graph,1,0.1,278,1709.7493949898221,1488.5518140864835,0.12937427061037524,278,0,278,WO
query_cycle_6_133.graph,2,0.1,278,1709.7493949898221,1623.2986863994347,0.05056338013261999,278,0,278,8_POSSA
query_cycle_6_133.graph,2,0.1,278,1709.7493949898221,1887.0608244852888,0.10370609284322757,278,0,278,MAB
query_cycle_6_133.graph,2,0.1,278,1709.7493949898221,1775.2845421548407,0.03833026486633655,278,0,278,PO
query_cycle_6_133.graph,2,0.1,278,1709.7493949898221,4565.666208108499,1.6703715886594463,278,0,278,UN
query_cycle_6_133.graph,2,0.1,278,1709.7493949898221,1490.3831131356787,0.1283031785225163,278,0,278,WO
query_cycle_6_133.graph,3,0.1,278,1709.7493949898221,1652.1582619789817,0.033683961625957014,278,0,278,8_POSSA
query_cycle_6_133.graph,3,0.1,278,1709.7493949898221,1773.0397869134767,0.037017350091842774,278,0,278,MAB
query_cycle_6_133.graph,3,0.1,278,1709.7493949898221,1840.763874483168,0.0766278846930814,278,0,278,PO
query_cycle_6_133.graph,3,0.1,278,1709.7493949898221,1287.438296098782,0.2470017536655154,278,0,278,UN
query_cycle_6_133.graph,3,0.1,278,1709.7493949898221,1540.9812896936526,0.09870926452187702,278,0,278,WO
query_cycle_6_133.graph,4,0.1,278,1709.7493949898221,1789.066513965064,0.046391078837442104,278,0,278,8_POSSA
query_cycle_6_133.graph,4,0.1,278,1709.7493949898221,1822.0325289836665,0.06567227590363484,278,0,278,MAB
query_cycle_6_133.graph,4,0.1,278,1709.7493949898221,1828.7849148786686,0.0696216183714778,278,0,278,PO
query_cycle_6_133.graph,4,0.1,278,1709.7493949898221,6702.421222751539,2.9201190784988915,278,0,278,UN
query_cycle_6_133.graph,4,0.1,278,1709.7493949898221,1569.332790809475,0.08212700913468257,278,0,278,WO
query_cycle_6_133.graph,5,0.1,278,1709.7493949898221,1747.5854392267875,0.022129584808065143,278,0,278,8_POSSA
query_cycle_6_133.graph,5,0.1,278,1709.7493949898221,2038.2502893522596,0.19213394391310373,278,0,278,MAB
query_cycle_6_133.graph,5,0.1,278,1709.7493949898221,1679.6226812653151,0.017620543579538062,278,0,278,PO
query_cycle_6_133.graph,5,0.1,278,1709.7493949898221,9085.775299786223,4.314097683795531,278,0,278,UN
query_cycle_6_133.graph,5,0.1,278,1709.7493949898221,1688.5713048375587,0.012386663340442043,278,0,278,WO
query_cycle_6_135.graph,1,0.1,415,1990.2806816762702,1945.5417364082862,0.02247871151033011,415,0,415,8_POSSA
query_cycle_6_135.graph,1,0.1,415,1990.2806816762702,2374.4723197652934,0.1930338979954557,415,0,415,MAB
query_cycle_6_135.graph,1,0.1,415,1990.2806816762702,2045.3130454667673,0.027650554164122886,415,0,415,PO
query_cycle_6_135.graph,1,0.1,415,1990.2806816762702,293.40773813319794,0.8525797186123106,415,0,415,UN
query_cycle_6_135.graph,1,0.1,415,1990.2806816762702,2764.580321656481,0.3890404238502048,415,0,415,WO
query_cycle_6_135.graph,2,0.1,415,1990.2806816762702,2108.5605141598344,0.05942871956328571,415,0,415,8_POSSA
query_cycle_6_135.graph,2,0.1,415,1990.2806816762702,1929.8517476204672,0.03036201607750523,415,0,415,MAB
query_cycle_6_135.graph,2,0.1,415,1990.2806816762702,2079.057241223412,0.044605045089605944,415,0,415,PO
query_cycle_6_135.graph,2,0.1,415,1990.2806816762702,2001.4189881515915,0.005596349589214884,415,0,415,UN
query_cycle_6_135.graph,2,0.1,415,1990.2806816762702,1726.2605258896238,0.13265473469012484,415,0,415,WO
query_cycle_6_135.graph,3,0.1,415,1990.2806816762702,2068.09785442973,0.03909859220857229,415,0,415,8_POSSA
query_cycle_6_135.graph,3,0.1,415,1990.2806816762702,2041.799038827201,0.025884970710533448,415,0,415,MAB
query_cycle_6_135.graph,3,0.1,415,1990.2806816762702,2006.2174257903457,0.008007284731645557,415,0,415,PO
query_cycle_6_135.graph,3,0.1,415,1990.2806816762702,709.9841525572849,0.6432743586902947,415,0,415,UN
query_cycle_6_135.graph,3,0.1,415,1990.2806816762702,2011.1494071647717,0.010485317815035637,415,0,415,WO
query_cycle_6_135.graph,4,0.1,415,1990.2806816762702,1959.1621248705603,0.015635260439497894,415,0,415,8_POSSA
query_cycle_6_135.graph,4,0.1,415,1990.2806816762702,1970.6532681525491,0.009861630926945605,415,0,415,MAB
query_cycle_6_135.graph,4,0.1,415,1990.2806816762702,2055.955771759604,0.03299790360624933,415,0,415,PO
query_cycle_6_135.graph,4,0.1,415,1990.2806816762702,744.5953816798482,0.6258842340504813,415,0,415,UN
query_cycle_6_135.graph,4,0.1,415,1990.2806816762702,3100.6730476108373,0.5579074228863858,415,0,415,WO
query_cycle_6_135.graph,5,0.1,415,1990.2806816762702,1986.9649205747098,0.0016659766293705652,415,0,415,8_POSSA
query_cycle_6_135.graph,5,0.1,415,1990.2806816762702,1935.1342996080436,0.027707841700890513,415,0,415,MAB
query_cycle_6_135.graph,5,0.1,415,1990.2806816762702,1743.6458657427172,0.12391961505943486,415,0,415,PO
query_cycle_6_135.graph,5,0.1,415,1990.2806816762702,16673.566082092988,7.377494810455601,415,0,415,UN
query_cycle_6_135.graph,5,0.1,415,1990.2806816762702,2153.6355078374327,0.08207627580627494,415,0,415,WO
query_cycle_6_136.graph,1,0.1,364,2661.3587440603746,2588.9245983942114,0.02721697923206402,364,0,364,8_POSSA
query_cycle_6_136.graph,1,0.1,364,2661.3587440603746,2699.8685707351233,0.01446998709238089,364,0,364,MAB
query_cycle_6_136.graph,1,0.1,364,2661.3587440603746,2574.656737200797,0.03257809833156812,364,0,364,PO
query_cycle_6_136.graph,1,0.1,364,2661.3587440603746,1562.7569223578766,0.41279734427174075,364,0,364,UN
query_cycle_6_136.graph,1,0.1,364,2661.3587440603746,3245.9803241277527,0.21967033996154695,364,0,364,WO
query_cycle_6_136.graph,2,0.1,364,2661.3587440603746,2510.3336209405084,0.05674737517327359,364,0,364,8_POSSA
query_cycle_6_136.graph,2,0.1,364,2661.3587440603746,2429.5550435560117,0.08709975722803356,364,0,364,MAB
query_cycle_6_136.graph,2,0.1,364,2661.3587440603746,2800.741824687872,0.052372901976696196,364,0,364,PO
query_cycle_6_136.graph,2,0.1,364,2661.3587440603746,1797.5285370812717,0.32458239946305656,364,0,364,UN
query_cycle_6_136.graph,2,0.1,364,2661.3587440603746,2487.195731525473,0.06544138888588354,364,0,364,WO
query_cycle_6_136.graph,3,0.1,364,2661.3587440603746,2572.7466021058676,0.033295827611467925,364,0,364,8_POSSA
query_cycle_6_136.graph,3,0.1,364,2661.3587440603746,2543.716002551038,0.0442040148746921,364,0,364,MAB
query_cycle_6_136.graph,3,0.1,364,2661.3587440603746,1910.3383588736983,0.2821943440969035,364,0,364,PO
query_cycle_6_136.graph,3,0.1,364,2661.3587440603746,3926.3157672826205,0.47530496444546577,364,0,364,UN
query_cycle_6_136.graph,3,0.1,364,2661.3587440603746,2359.1093658017962,0.11356957378750202,364,0,364,WO
query_cycle_6_136.graph,4,0.1,364,2661.3587440603746,2518.388032616328,0.053720946776953285,364,0,364,8_POSSA
query_cycle_6_136.graph,4,0.1,364,2661.3587440603746,3019.0221707656765,0.1343912869708136,364,0,364,MAB
query_cycle_6_136.graph,4,0.1,364,2661.3587440603746,2064.227315761017,0.22437088935568594,364,0,364,PO
query_cycle_6_136.graph,4,0.1,364,2661.3587440603746,167.11193977860998,0.9372080370030643,364,0,364,UN
query_cycle_6_136.graph,4,0.1,364,2661.3587440603746,2478.6228217511734,0.06866264186180521,364,0,364,WO
query_cycle_6_136.graph,5,0.1,364,2661.3587440603746,2462.6318693118865,0.07467120890485252,364,0,364,8_POSSA
query_cycle_6_136.graph,5,0.1,364,2661.3587440603746,2322.0194751448175,0.1275060228813177,364,0,364,MAB
query_cycle_6_136.graph,5,0.1,364,2661.3587440603746,2695.356806474621,0.012774701077080737,364,0,364,PO
query_cycle_6_136.graph,5,0.1,364,2661.3587440603746,4132.078922723533,0.5526200411521047,364,0,364,UN
query_cycle_6_136.graph,5,0.1,364,2661.3587440603746,2439.930481559824,0.08320120802756666,364,0,364,WO
query_cycle_6_138.graph,1,0.1,335,5054.709117309711,5288.598531109825,0.046271587221343044,335,0,335,8_POSSA
query_cycle_6_138.graph,1,0.1,335,5054.709117309711,5589.503165496363,0.10580115210888502,335,0,335,MAB
query_cycle_6_138.graph,1,0.1,335,5054.709117309711,5864.3425701123415,0.16017409390187531,335,0,335,PO
query_cycle_6_138.graph,1,0.1,335,5054.709117309711,3396.766334938487,0.32799964229269785,335,0,335,UN
query_cycle_6_138.graph,1,0.1,335,5054.709117309711,4649.294889222104,0.0802052538887504,335,0,335,WO
query_cycle_6_138.graph,2,0.1,335,5054.709117309711,5396.819874759025,0.06768159146443574,335,0,335,8_POSSA
query_cycle_6_138.graph,2,0.1,335,5054.709117309711,5134.089234298318,0.01570419091313729,335,0,335,MAB
query_cycle_6_138.graph,2,0.1,335,5054.709117309711,5290.455794670389,0.046639019553740585,335,0,335,PO
query_cycle_6_138.graph,2,0.1,335,5054.709117309711,125.74797589063273,0.975122608844095,335,0,335,UN
query_cycle_6_138.graph,2,0.1,335,5054.709117309711,5984.046520579832,0.1838557633489989,335,0,335,WO
query_cycle_6_138.graph,3,0.1,335,5054.709117309711,5330.710965731597,0.05460291423629614,335,0,335,8_POSSA
query_cycle_6_138.graph,3,0.1,335,5054.709117309711,5685.327187889136,0.12475852832359667,335,0,335,MAB
query_cycle_6_138.graph,3,0.1,335,5054.709117309711,3940.391796470901,0.2204513246910412,335,0,335,PO
query_cycle_6_138.graph,3,0.1,335,5054.709117309711,581.8806228237468,0.8848834602903038,335,0,335,UN
query_cycle_6_138.graph,3,0.1,335,5054.709117309711,4636.470021559268,0.08274246569761928,335,0,335,WO
query_cycle_6_138.graph,4,0.1,335,5054.709117309711,5222.238139908656,0.033143157936674765,335,0,335,8_POSSA
query_cycle_6_138.graph,4,0.1,335,5054.709117309711,4504.5896979659665,0.10883305182881355,335,0,335,MAB
query_cycle_6_138.graph,4,0.1,335,5054.709117309711,5655.989183596568,0.11895443483143091,335,0,335,PO
query_cycle_6_138.graph,4,0.1,335,5054.709117309711,1410.8067483567359,0.7208925942888648,335,0,335,UN
query_cycle_6_138.graph,4,0.1,335,5054.709117309711,6836.959677809622,0.3525921114622885,335,0,335,WO
query_cycle_6_138.graph,5,0.1,335,5054.709117309711,5192.4242339289285,0.027244914281539242,335,0,335,8_POSSA
query_cycle_6_138.graph,5,0.1,335,5054.709117309711,5077.991669767875,0.0046061112356462885,335,0,335,MAB
query_cycle_6_138.graph,5,0.1,335,5054.709117309711,3097.693197939014,0.38716687230704333,335,0,335,PO
query_cycle_6_138.graph,5,0.1,335,5054.709117309711,4044.8300152442057,0.19978975617156722,335,0,335,UN
query_cycle_6_138.graph,5,0.1,335,5054.709117309711,6396.261310342733,0.2654064085387059,335,0,335,WO
query_cycle_6_140.graph,1,0.1,431,3779.483404017574,4441.288024270225,0.17510451813312788,431,0,431,8_POSSA
query_cycle_6_140.graph,1,0.1,431,3779.483404017574,3789.4827529203017,0.0026456919726380135,431,0,431,MAB
query_cycle_6_140.graph,1,0.1,431,3779.483404017574,3981.893560236366,0.05355497949895242,431,0,431,PO
query_cycle_6_140.graph,1,0.1,431,3779.483404017574,2204.929389215836,0.41660561682265723,431,0,431,UN
query_cycle_6_140.graph,1,0.1,431,3779.483404017574,3835.9736735481515,0.014946558429262801,431,0,431,WO
query_cycle_6_140.graph,2,0.1,431,3779.483404017574,4394.2635842976,0.16266248970071343,431,0,431,8_POSSA
query_cycle_6_140.graph,2,0.1,431,3779.483404017574,3953.2013757466534,0.04596341699620065,431,0,431,MAB
query_cycle_6_140.graph,2,0.1,431,3779.483404017574,3789.076640030538,0.0025382400152270893,431,0,431,PO
query_cycle_6_140.graph,2,0.1,431,3779.483404017574,1126.0382954412848,0.7020655536562719,431,0,431,UN
query_cycle_6_140.graph,2,0.1,431,3779.483404017574,4462.559315568726,0.18073261304046084,431,0,431,WO
query_cycle_6_140.graph,3,0.1,431,3779.483404017574,4225.777173009772,0.1180832725757679,431,0,431,8_POSSA
query_cycle_6_140.graph,3,0.1,431,3779.483404017574,4275.337121673016,0.131196162186703,431,0,431,MAB
query_cycle_6_140.graph,3,0.1,431,3779.483404017574,4046.166668075412,0.07056077128804299,431,0,431,PO
query_cycle_6_140.graph,3,0.1,431,3779.483404017574,249.6953383430175,0.9339340032350474,431,0,431,UN
query_cycle_6_140.graph,3,0.1,431,3779.483404017574,3730.4496510419244,0.0129736653754126,431,0,431,WO
query_cycle_6_140.graph,4,0.1,431,3779.483404017574,4286.33600025421,0.13410631614306193,431,0,431,8_POSSA
query_cycle_6_140.graph,4,0.1,431,3779.483404017574,4455.650959823213,0.17890475589517774,431,0,431,MAB
query_cycle_6_140.graph,4,0.1,431,3779.483404017574,4342.608324271077,0.14899520914813502,431,0,431,PO
query_cycle_6_140.graph,4,0.1,431,3779.483404017574,1524.9830797710306,0.5965101796319623,431,0,431,UN
query_cycle_6_140.graph,4,0.1,431,3779.483404017574,4323.011616677226,0.14381018635559667,431,0,431,WO
query_cycle_6_140.graph,5,0.1,431,3779.483404017574,4344.0018248302995,0.1493639104785181,431,0,431,8_POSSA
query_cycle_6_140.graph,5,0.1,431,3779.483404017574,4098.54399818484,0.08441910178203366,431,0,431,MAB
query_cycle_6_140.graph,5,0.1,431,3779.483404017574,4690.491952804256,0.24104049453379894,431,0,431,PO
query_cycle_6_140.graph,5,0.1,431,3779.483404017574,215.54607573300757,0.942969434525395,431,0,431,UN
query_cycle_6_140.graph,5,0.1,431,3779.483404017574,6560.758400126804,0.7358876065318206,431,0,431,WO
query_cycle_6_142.graph,1,0.1,564,3179.014672838812,2994.7782388525757,0.057953942635224194,564,0,564,8_POSSA
query_cycle_6_142.graph,1,0.1,564,3179.014672838812,3003.6189879555905,0.05517297116675339,564,0,564,MAB
query_cycle_6_142.graph,1,0.1,564,3179.014672838812,3095.2175771573884,0.026359455461900796,564,0,564,PO
query_cycle_6_142.graph,1,0.1,564,3179.014672838812,566.1712015685767,0.8219035582295711,564,0,564,UN
query_cycle_6_142.graph,1,0.1,564,3179.014672838812,3459.6466643286662,0.08827640648769133,564,0,564,WO
query_cycle_6_142.graph,2,0.1,564,3179.014672838812,2923.051354789337,0.08051655761025596,564,0,564,8_POSSA
query_cycle_6_142.graph,2,0.1,564,3179.014672838812,2947.6852464341146,0.07276764979449558,564,0,564,MAB
query_cycle_6_142.graph,2,0.1,564,3179.014672838812,2135.472832201654,0.32825952316391516,564,0,564,PO
query_cycle_6_142.graph,2,0.1,564,3179.014672838812,2510.6035363829233,0.21025732978420256,564,0,564,UN
query_cycle_6_142.graph,2,0.1,564,3179.014672838812,2843.195854238544,0.10563613356977271,564,0,564,WO
query_cycle_6_142.graph,3,0.1,564,3179.014672838812,3020.352878364022,0.049909110464440666,564,0,564,8_POSSA
query_cycle_6_142.graph,3,0.1,564,3179.014672838812,3162.194197470816,0.005291097116256989,564,0,564,MAB
query_cycle_6_142.graph,3,0.1,564,3179.014672838812,3027.038845603602,0.047805953377213564,564,0,564,PO
query_cycle_6_142.graph,3,0.1,564,3179.014672838812,1066.0269204030947,0.6646675054660416,564,0,564,UN
query_cycle_6_142.graph,3,0.1,564,3179.014672838812,2954.4957383911924,0.070625321853934,564,0,564,WO
query_cycle_6_142.graph,4,0.1,564,3179.014672838812,2888.139754213036,0.09149845111159209,564,0,564,8_POSSA
query_cycle_6_142.graph,4,0.1,564,3179.014672838812,2993.436320249725,0.058376060410997826,564,0,564,MAB
query_cycle_6_142.graph,4,0.1,564,3179.014672838812,3220.8872352131616,0.013171553667903594,564,0,564,PO
query_cycle_6_142.graph,4,0.1,564,3179.014672838812,452.701577266786,0.8575968896480335,564,0,564,UN
query_cycle_6_142.graph,4,0.1,564,3179.014672838812,3608.2289252844103,0.13501486989436137,564,0,564,WO
query_cycle_6_142.graph,5,0.1,564,3179.014672838812,2954.6133692469125,0.07058831955359071,564,0,564,8_POSSA
query_cycle_6_142.graph,5,0.1,564,3179.014672838812,2774.902697843245,0.1271186252923776,564,0,564,MAB
query_cycle_6_142.graph,5,0.1,564,3179.014672838812,3031.089299862772,0.04653183083422046,564,0,564,PO
query_cycle_6_142.graph,5,0.1,564,3179.014672838812,9334.254882809015,1.936210066144069,564,0,564,UN
query_cycle_6_142.graph,5,0.1,564,3179.014672838812,3172.6694686789915,0.0019959656726448905,564,0,564,WO
query_cycle_6_143.graph,1,0.1,176,2045.9078746770372,2067.1682449814725,0.010391655737573948,176,0,176,8_POSSA
query_cycle_6_143.graph,1,0.1,176,2045.9078746770372,2277.786576551154,0.11333780212890619,176,0,176,MAB
query_cycle_6_143.graph,1,0.1,176,2045.9078746770372,2089.279860434104,0.0211993835567565,176,0,176,PO
query_cycle_6_143.graph,1,0.1,176,2045.9078746770372,17579.38775510204,7.592463019810746,176,0,176,UN
query_cycle_6_143.graph,1,0.1,176,2045.9078746770372,3943.4121008852753,0.9274631813555018,176,0,176,WO
query_cycle_6_143.graph,2,0.1,176,2045.9078746770372,2099.2480613706134,0.02607164640880832,176,0,176,8_POSSA
query_cycle_6_143.graph,2,0.1,176,2045.9078746770372,2052.762699164186,0.0033505049626102435,176,0,176,MAB
query_cycle_6_143.graph,2,0.1,176,2045.9078746770372,2242.402835031644,0.09604291707691141,176,0,176,PO
query_cycle_6_143.graph,2,0.1,176,2045.9078746770372,942.5133689839572,0.5393177861770827,176,0,176,UN
query_cycle_6_143.graph,2,0.1,176,2045.9078746770372,1585.282276824555,0.22514483841321326,176,0,176,WO
query_cycle_6_143.graph,3,0.1,176,2045.9078746770372,2042.7680867310014,0.001534667315619677,176,0,176,8_POSSA
query_cycle_6_143.graph,3,0.1,176,2045.9078746770372,1705.632579668068,0.16631994979866055,176,0,176,MAB
query_cycle_6_143.graph,3,0.1,176,2045.9078746770372,2271.234692576297,0.11013536860003029,176,0,176,PO
query_cycle_6_143.graph,3,0.1,176,2045.9078746770372,879.1724941724939,0.5702775745407019,176,0,176,UN
query_cycle_6_143.graph,3,0.1,176,2045.9078746770372,2154.295705426344,0.05297786478602637,176,0,176,WO
query_cycle_6_143.graph,4,0.1,176,2045.9078746770372,1985.3182770847873,0.02961501753924988,176,0,176,8_POSSA
query_cycle_6_143.graph,4,0.1,176,2045.9078746770372,1909.18555348524,0.0668272129376206,176,0,176,MAB
query_cycle_6_143.graph,4,0.1,176,2045.9078746770372,2119.7941943787814,0.036114196839585354,176,0,176,PO
query_cycle_6_143.graph,4,0.1,176,2045.9078746770372,8167.656441717789,2.992191702672398,176,0,176,UN
query_cycle_6_143.graph,4,0.1,176,2045.9078746770372,1985.4391913979823,0.02955591697333895,176,0,176,WO
query_cycle_6_143.graph,5,0.1,176,2045.9078746770372,1890.8074428724676,0.07581007616437929,176,0,176,8_POSSA
query_cycle_6_143.graph,5,0.1,176,2045.9078746770372,1839.3008828947047,0.10098548147723758,176,0,176,MAB
query_cycle_6_143.graph,5,0.1,176,2045.9078746770372,1331.321028591707,0.3492761599532595,176,0,176,PO
query_cycle_6_143.graph,5,0.1,176,2045.9078746770372,2141.635658914729,0.04678988014198988,176,0,176,UN
query_cycle_6_143.graph,5,0.1,176,2045.9078746770372,1922.5139637710947,0.060312545072647106,176,0,176,WO
query_cycle_6_145.graph,1,0.1,280,1709.7493949898221,1671.501898479308,0.022370235440698483,280,0,280,8_POSSA
query_cycle_6_145.graph,1,0.1,280,1709.7493949898221,1602.2806710880561,0.06285641873404829,280,0,280,MAB
query_cycle_6_145.graph,1,0.1,280,1709.7493949898221,1486.644555322342,0.13048979009511985,280,0,280,PO
query_cycle_6_145.graph,1,0.1,280,1709.7493949898221,1419.05535955536,0.17002142903884032,280,0,280,UN
query_cycle_6_145.graph,1,0.1,280,1709.7493949898221,1883.5836026141108,0.1016723317076088,280,0,280,WO
query_cycle_6_145.graph,2,0.1,280,1709.7493949898221,1833.1699601288428,0.07218634818686713,280,0,280,8_POSSA
query_cycle_6_145.graph,2,0.1,280,1709.7493949898221,1657.4412598467804,0.03059403635194915,280,0,280,MAB
query_cycle_6_145.graph,2,0.1,280,1709.7493949898221,1704.1729121306896,0.003261579080228718,280,0,280,PO
query_cycle_6_145.graph,2,0.1,280,1709.7493949898221,9947.928145928148,4.818354534927248,280,0,280,UN
query_cycle_6_145.graph,2,0.1,280,1709.7493949898221,2216.786030866897,0.29655611364032275,280,0,280,WO
query_cycle_6_145.graph,3,0.1,280,1709.7493949898221,1836.8796928430231,0.07435610050557016,280,0,280,8_POSSA
query_cycle_6_145.graph,3,0.1,280,1709.7493949898221,2066.2455908861903,0.2085078649192856,280,0,280,MAB
query_cycle_6_145.graph,3,0.1,280,1709.7493949898221,1943.7414371511177,0.13685750838513294,280,0,280,PO
query_cycle_6_145.graph,3,0.1,280,1709.7493949898221,1821.7445163078971,0.06550382275101883,280,0,280,UN
query_cycle_6_145.graph,3,0.1,280,1709.7493949898221,1806.4001802907444,0.05652921158161757,280,0,280,WO
query_cycle_6_145.graph,4,0.1,280,1709.7493949898221,1792.092251026878,0.04816077506934644,280,0,280,8_POSSA
query_cycle_6_145.graph,4,0.1,280,1709.7493949898221,1757.5496449647019,0.02795745979788126,280,0,280,MAB
query_cycle_6_145.graph,4,0.1,280,1709.7493949898221,1806.8097939693598,0.05676878685493875,280,0,280,PO
query_cycle_6_145.graph,4,0.1,280,1709.7493949898221,2160.4517562209867,0.2636072646388318,280,0,280,UN
query_cycle_6_145.graph,4,0.1,280,1709.7493949898221,1605.2623790839875,0.061112474267877484,280,0,280,WO
query_cycle_6_145.graph,5,0.1,280,1709.7493949898221,1742.1409939784548,0.018945232022629578,280,0,280,8_POSSA
query_cycle_6_145.graph,5,0.1,280,1709.7493949898221,1794.1034964686864,0.04933711439001063,280,0,280,MAB
query_cycle_6_145.graph,5,0.1,280,1709.7493949898221,1937.1177810205077,0.13298345751544427,280,0,280,PO
query_cycle_6_145.graph,5,0.1,280,1709.7493949898221,4263.976372296686,1.4939189244878015,280,0,280,UN
query_cycle_6_145.graph,5,0.1,280,1709.7493949898221,1786.8974676849216,0.04512244479873539,280,0,280,WO
query_cycle_6_147.graph,1,0.1,411,1990.2806816762702,2156.6261554652533,0.08357890187070613,411,0,411,8_POSSA
query_cycle_6_147.graph,1,0.1,411,1990.2806816762702,2092.31422495377,0.05126590647082214,411,0,411,MAB
query_cycle_6_147.graph,1,0.1,411,1990.2806816762702,2078.2211003453185,0.04418493304923325,411,0,411,PO
query_cycle_6_147.graph,1,0.1,411,1990.2806816762702,706.7344124517518,0.64490716361849,411,0,411,UN
query_cycle_6_147.graph,1,0.1,411,1990.2806816762702,1922.5747639138992,0.03401827610834626,411,0,411,WO
query_cycle_6_147.graph,2,0.1,411,1990.2806816762702,2206.603856265711,0.10868978259249706,411,0,411,8_POSSA
query_cycle_6_147.graph,2,0.1,411,1990.2806816762702,2302.7654058695352,0.15700535460660836,411,0,411,MAB
query_cycle_6_147.graph,2,0.1,411,1990.2806816762702,2127.6645758292793,0.06902739669728421,411,0,411,PO
query_cycle_6_147.graph,2,0.1,411,1990.2806816762702,447.37254292807705,0.7752213810610434,411,0,411,UN
query_cycle_6_147.graph,2,0.1,411,1990.2806816762702,3214.434767501039,0.6150660542983073,411,0,411,WO
query_cycle_6_147.graph,3,0.1,411,1990.2806816762702,2115.4281076296766,0.0628792848695108,411,0,411,8_POSSA
query_cycle_6_147.graph,3,0.1,411,1990.2806816762702,2136.264527437523,0.07334837096358754,411,0,411,MAB
query_cycle_6_147.graph,3,0.1,411,1990.2806816762702,2385.887262820308,0.19876924133677812,411,0,411,PO
query_cycle_6_147.graph,3,0.1,411,1990.2806816762702,10684.56035891688,4.3683686212127855,411,0,411,UN
query_cycle_6_147.graph,3,0.1,411,1990.2806816762702,1722.9596977380606,0.13431320838278163,411,0,411,WO
query_cycle_6_147.graph,4,0.1,411,1990.2806816762702,2233.06698271489,0.12198596071089747,411,0,411,8_POSSA
query_cycle_6_147.graph,4,0.1,411,1990.2806816762702,2348.123382048156,0.17979509305717664,411,0,411,MAB
query_cycle_6_147.graph,4,0.1,411,1990.2806816762702,2280.288672995275,0.14571210683447527,411,0,411,PO
query_cycle_6_147.graph,4,0.1,411,1990.2806816762702,2392.0222905091664,0.20185173505002227,411,0,411,UN
query_cycle_6_147.graph,4,0.1,411,1990.2806816762702,1905.0479933791785,0.042824456410493,411,0,411,WO
query_cycle_6_147.graph,5,0.1,411,1990.2806816762702,2199.875640832562,0.1053092466233281,411,0,411,8_POSSA
query_cycle_6_147.graph,5,0.1,411,1990.2806816762702,0.5787622875892748,0.9997092056949968,411,0,411,MAB
query_cycle_6_147.graph,5,0.1,411,1990.2806816762702,2724.787257348174,0.3690467291544436,411,0,411,PO
query_cycle_6_147.graph,5,0.1,411,1990.2806816762702,1700.5137429993413,0.14559099193631275,411,0,411,UN
query_cycle_6_147.graph,5,0.1,411,1990.2806816762702,2335.4763532379234,0.17344069846013865,411,0,411,WO
query_cycle_6_153.graph,1,0.1,334,5054.709117309711,4760.348180878143,0.05823499030310907,334,0,334,8_POSSA
query_cycle_6_153.graph,1,0.1,334,5054.709117309711,4532.788824105535,0.10325426866144954,334,0,334,MAB
query_cycle_6_153.graph,1,0.1,334,5054.709117309711,7484.002055132716,0.4805999477801719,334,0,334,PO
query_cycle_6_153.graph,1,0.1,334,5054.709117309711,534.9179401661893,0.8941743376815932,334,0,334,UN
query_cycle_6_153.graph,1,0.1,334,5054.709117309711,4634.353236478544,0.0831612405532238,334,0,334,WO
query_cycle_6_153.graph,2,0.1,334,5054.709117309711,4734.6038520157745,0.06332812786352919,334,0,334,8_POSSA
query_cycle_6_153.graph,2,0.1,334,5054.709117309711,5732.54319769764,0.1340995227730722,334,0,334,MAB
query_cycle_6_153.graph,2,0.1,334,5054.709117309711,6010.4825456220615,0.18908574284508903,334,0,334,PO
query_cycle_6_153.graph,2,0.1,334,5054.709117309711,21976.568906898745,3.3477415607637235,334,0,334,UN
query_cycle_6_153.graph,2,0.1,334,5054.709117309711,4800.834438721462,0.05022537849287149,334,0,334,WO
query_cycle_6_153.graph,3,0.1,334,5054.709117309711,4853.030122179797,0.039899228709179176,334,0,334,8_POSSA
query_cycle_6_153.graph,3,0.1,334,5054.709117309711,4635.596466165986,0.08291528580912491,334,0,334,MAB
query_cycle_6_153.graph,3,0.1,334,5054.709117309711,4990.046244452198,0.012792600198511167,334,0,334,PO
query_cycle_6_153.graph,3,0.1,334,5054.709117309711,15138.164261831933,1.9948635837404987,334,0,334,UN
query_cycle_6_153.graph,3,0.1,334,5054.709117309711,4973.411095765791,0.016083620176187086,334,0,334,WO
query_cycle_6_153.graph,4,0.1,334,5054.709117309711,4830.002708810347,0.04445486442134973,334,0,334,8_POSSA
query_cycle_6_153.graph,4,0.1,334,5054.709117309711,5190.60001359119,0.026884019065731162,334,0,334,MAB
query_cycle_6_153.graph,4,0.1,334,5054.709117309711,4804.637246782503,0.049473048740004306,334,0,334,PO
query_cycle_6_153.graph,4,0.1,334,5054.709117309711,40126.372162630614,6.938413711131067,334,0,334,UN
query_cycle_6_153.graph,4,0.1,334,5054.709117309711,5047.285570418214,0.0014686397810855167,334,0,334,WO
query_cycle_6_153.graph,5,0.1,334,5054.709117309711,4972.989395563933,0.01616704737092209,334,0,334,8_POSSA
query_cycle_6_153.graph,5,0.1,334,5054.709117309711,5320.808552190571,0.052643867076269675,334,0,334,MAB
query_cycle_6_153.graph,5,0.1,334,5054.709117309711,4734.535143650233,0.06334172080507075,334,0,334,PO
query_cycle_6_153.graph,5,0.1,334,5054.709117309711,26329.966091687733,4.208997289581214,334,0,334,UN
query_cycle_6_153.graph,5,0.1,334,5054.709117309711,4501.801017178135,0.10938475138720781,334,0,334,WO
query_cycle_6_154.graph,1,0.1,173,2045.9078746770372,1950.5868832475926,0.04659104772471329,173,0,173,8_POSSA
query_cycle_6_154.graph,1,0.1,173,2045.9078746770372,2750.4343570555257,0.3443588497305645,173,0,173,MAB
query_cycle_6_154.graph,1,0.1,173,2045.9078746770372,2070.2976975283436,0.011921271310985393,173,0,173,PO
query_cycle_6_154.graph,1,0.1,173,2045.9078746770372,3102.9660003951067,0.5166694643496275,173,0,173,UN
query_cycle_6_154.graph,1,0.1,173,2045.9078746770372,1802.7876719877709,0.11883242921074574,173,0,173,WO
query_cycle_6_154.graph,2,0.1,173,2045.9078746770372,2157.702379216772,0.05464298071455562,173,0,173,8_POSSA
query_cycle_6_154.graph,2,0.1,173,2045.9078746770372,0.08460109883427207,0.9999586486273984,173,0,173,MAB
query_cycle_6_154.graph,2,0.1,173,2045.9078746770372,1871.9537247882656,0.08502540707813229,173,0,173,PO
query_cycle_6_154.graph,2,0.1,173,2045.9078746770372,582.4543984270338,0.7153076120209084,173,0,173,UN
query_cycle_6_154.graph,2,0.1,173,2045.9078746770372,2604.4066996747792,0.27298336934448014,173,0,173,WO
query_cycle_6_154.graph,3,0.1,173,2045.9078746770372,2227.355034868433,0.08868784486204624,173,0,173,8_POSSA
query_cycle_6_154.graph,3,0.1,173,2045.9078746770372,1963.104355060156,0.04047275082215146,173,0,173,MAB
query_cycle_6_154.graph,3,0.1,173,2045.9078746770372,2397.875849859924,0.1720351045808687,173,0,173,PO
query_cycle_6_154.graph,3,0.1,173,2045.9078746770372,5467.866692553277,1.6725869528296444,173,0,173,UN
query_cycle_6_154.graph,3,0.1,173,2045.9078746770372,2481.785478685399,0.2130485000832057,173,0,173,WO
query_cycle_6_154.graph,4,0.1,173,2045.9078746770372,2199.6760249072395,0.07515888282822893,173,0,173,8_POSSA
query_cycle_6_154.graph,4,0.1,173,2045.9078746770372,1873.4670365881736,0.08428572968667257,173,0,173,MAB
query_cycle_6_154.graph,4,0.1,173,2045.9078746770372,2110.8724844759267,0.0317534384626897,173,0,173,PO
query_cycle_6_154.graph,4,0.1,173,2045.9078746770372,155.21821345573105,0.9241323544540179,173,0,173,UN
query_cycle_6_154.graph,4,0.1,173,2045.9078746770372,2644.704189467968,0.2926799990373249,173,0,173,WO
query_cycle_6_154.graph,5,0.1,173,2045.9078746770372,2047.169407193052,0.0006166125716750128,173,0,173,8_POSSA
query_cycle_6_154.graph,5,0.1,173,2045.9078746770372,2240.9730867607464,0.09534408391409206,173,0,173,MAB
query_cycle_6_154.graph,5,0.1,173,2045.9078746770372,1917.213168379057,0.06290347082138081,173,0,173,PO
query_cycle_6_154.graph,5,0.1,173,2045.9078746770372,2642.513531300497,0.2916092479079191,173,0,173,UN
query_cycle_6_154.graph,5,0.1,173,2045.9078746770372,2784.864110273237,0.36118744384463064,173,0,173,WO
query_cycle_6_155.graph,1,0.1,187,386.0507574156274,424.90769406525027,0.10065240361072254,187,0,187,8_POSSA
query_cycle_6_155.graph,1,0.1,187,386.0507574156274,400.6771009372152,0.037887099664049795,187,0,187,MAB
query_cycle_6_155.graph,1,0.1,187,386.0507574156274,404.90475868246125,0.04883814085238376,187,0,187,PO
query_cycle_6_155.graph,1,0.1,187,386.0507574156274,36.87119187600214,0.904491336520534,187,0,187,UN
query_cycle_6_155.graph,1,0.1,187,386.0507574156274,269.4142327196799,0.3021274339072856,187,0,187,WO
query_cycle_6_155.graph,2,0.1,187,386.0507574156274,445.3221478914439,0.15353263615541649,187,0,187,8_POSSA
query_cycle_6_155.graph,2,0.1,187,386.0507574156274,410.07530107449384,0.06223156721591739,187,0,187,MAB
query_cycle_6_155.graph,2,0.1,187,386.0507574156274,376.9456766064981,0.02358519089583504,187,0,187,PO
query_cycle_6_155.graph,2,0.1,187,386.0507574156274,210.19315280004744,0.4555297489709347,187,0,187,UN
query_cycle_6_155.graph,2,0.1,187,386.0507574156274,437.41848277481085,0.13305951192288498,187,0,187,WO
query_cycle_6_155.graph,3,0.1,187,386.0507574156274,433.61658307023765,0.12321132581900428,187,0,187,8_POSSA
query_cycle_6_155.graph,3,0.1,187,386.0507574156274,352.0406821763532,0.08809741876159179,187,0,187,MAB
query_cycle_6_155.graph,3,0.1,187,386.0507574156274,404.12700167759624,0.04682349125016147,187,0,187,PO
query_cycle_6_155.graph,3,0.1,187,386.0507574156274,309.8922532320157,0.19727588334095256,187,0,187,UN
query_cycle_6_155.graph,3,0.1,187,386.0507574156274,400.3390908367174,0.03701154096093892,187,0,187,WO
query_cycle_6_155.graph,4,0.1,187,386.0507574156274,418.5978411573602,0.08430778366973178,187,0,187,8_POSSA
query_cycle_6_155.graph,4,0.1,187,386.0507574156274,310.8032565798663,0.19491608134509797,187,0,187,MAB
query_cycle_6_155.graph,4,0.1,187,386.0507574156274,433.5631590816415,0.12307293990065049,187,0,187,PO
query_cycle_6_155.graph,4,0.1,187,386.0507574156274,32.96276500979868,0.9146154634419988,187,0,187,UN
query_cycle_6_155.graph,4,0.1,187,386.0507574156274,371.66882105512656,0.037254003739764875,187,0,187,WO
query_cycle_6_155.graph,5,0.1,187,386.0507574156274,425.47781813192165,0.10212921477018772,187,0,187,8_POSSA
query_cycle_6_155.graph,5,0.1,187,386.0507574156274,,,187,0,187,MAB
query_cycle_6_155.graph,5,0.1,187,386.0507574156274,395.95341814386364,0.02565118844612162,187,0,187,PO
query_cycle_6_155.graph,5,0.1,187,386.0507574156274,397.9154161356192,0.030733416505690548,187,0,187,UN
query_cycle_6_155.graph,5,0.1,187,386.0507574156274,358.04935868697214,0.07253294596831623,187,0,187,WO
query_cycle_6_156.graph,1,0.1,289,1440.986907367272,1398.6587403333933,0.02937442860685907,289,0,289,8_POSSA
query_cycle_6_156.graph,1,0.1,289,1440.986907367272,1549.9405966567376,0.07561046442019902,289,0,289,MAB
query_cycle_6_156.graph,1,0.1,289,1440.986907367272,1499.0534742760155,0.04029638757428621,289,0,289,PO
query_cycle_6_156.graph,1,0.1,289,1440.986907367272,442.4575810390726,0.692948229593941,289,0,289,UN
query_cycle_6_156.graph,1,0.1,289,1440.986907367272,1751.213442229003,0.21528754583101986,289,0,289,WO
query_cycle_6_156.graph,2,0.1,289,1440.986907367272,1534.4440615374647,0.06485635205453873,289,0,289,8_POSSA
query_cycle_6_156.graph,2,0.1,289,1440.986907367272,0.04807187800929892,0.9999666396150003,289,0,289,MAB
query_cycle_6_156.graph,2,0.1,289,1440.986907367272,1531.6299687588637,0.06290345937785063,289,0,289,PO
query_cycle_6_156.graph,2,0.1,289,1440.986907367272,1628.9607156986353,0.1304479640795609,289,0,289,UN
query_cycle_6_156.graph,2,0.1,289,1440.986907367272,1233.8157346866183,0.1437703365807548,289,0,289,WO
query_cycle_6_156.graph,3,0.1,289,1440.986907367272,1495.150377905444,0.037587760347615115,289,0,289,8_POSSA
query_cycle_6_156.graph,3,0.1,289,1440.986907367272,1822.4856988192369,0.2647482704398579,289,0,289,MAB
query_cycle_6_156.graph,3,0.1,289,1440.986907367272,1386.8873501705957,0.03754340648071381,289,0,289,PO
query_cycle_6_156.graph,3,0.1,289,1440.986907367272,2840.491944084914,0.9712128747058372,289,0,289,UN
query_cycle_6_156.graph,3,0.1,289,1440.986907367272,1544.8085912497636,0.0720490126257824,289,0,289,WO
query_cycle_6_156.graph,4,0.1,289,1440.986907367272,1502.3450387282896,0.04258063071032405,289,0,289,8_POSSA
query_cycle_6_156.graph,4,0.1,289,1440.986907367272,1429.0126164863332,0.00830978464808964,289,0,289,MAB
query_cycle_6_156.graph,4,0.1,289,1440.986907367272,1512.9795072214072,0.049960620381810414,289,0,289,PO
query_cycle_6_156.graph,4,0.1,289,1440.986907367272,297.20227587934073,0.7937508839533188,289,0,289,UN
query_cycle_6_156.graph,4,0.1,289,1440.986907367272,2479.395612165015,0.720623275262749,289,0,289,WO
query_cycle_6_156.graph,5,0.1,289,1440.986907367272,1396.516906075318,0.030860794823737804,289,0,289,8_POSSA
query_cycle_6_156.graph,5,0.1,289,1440.986907367272,0.03275242900567683,0.9999772708351212,289,0,289,MAB
query_cycle_6_156.graph,5,0.1,289,1440.986907367272,1498.228900470701,0.03972415905430543,289,0,289,PO
query_cycle_6_156.graph,5,0.1,289,1440.986907367272,536.9510342049167,0.6273727183365302,289,0,289,UN
query_cycle_6_156.graph,5,0.1,289,1440.986907367272,1334.1191904834175,0.07416286458778802,289,0,289,WO
query_cycle_6_157.graph,1,0.1,336,5054.709117309711,5038.326095318534,0.003241140412031579,336,0,336,8_POSSA
query_cycle_6_157.graph,1,0.1,336,5054.709117309711,4398.403783481802,0.1298403762899846,336,0,336,MAB
query_cycle_6_157.graph,1,0.1,336,5054.709117309711,5111.53772130485,0.01124270510453926,336,0,336,PO
query_cycle_6_157.graph,1,0.1,336,5054.709117309711,10384.862426181762,1.0544925900125668,336,0,336,UN
query_cycle_6_157.graph,1,0.1,336,5054.709117309711,6184.01708077827,0.2234170032853672,336,0,336,WO
query_cycle_6_157.graph,2,0.1,336,5054.709117309711,4996.286639343512,0.011558029672989882,336,0,336,8_POSSA
query_cycle_6_157.graph,2,0.1,336,5054.709117309711,4510.442704413333,0.10767512042039229,336,0,336,MAB
query_cycle_6_157.graph,2,0.1,336,5054.709117309711,5042.068333760097,0.0025007934692672686,336,0,336,PO
query_cycle_6_157.graph,2,0.1,336,5054.709117309711,16.14736111444958,0.9968054816331264,336,0,336,UN
query_cycle_6_157.graph,2,0.1,336,5054.709117309711,4159.3594550493535,0.17713178770154292,336,0,336,WO
query_cycle_6_157.graph,3,0.1,336,5054.709117309711,5049.032986407585,0.0011229391781790278,336,0,336,8_POSSA
query_cycle_6_157.graph,3,0.1,336,5054.709117309711,4829.718753979377,0.04451104071644016,336,0,336,MAB
query_cycle_6_157.graph,3,0.1,336,5054.709117309711,5874.550281669913,0.1621935397929584,336,0,336,PO
query_cycle_6_157.graph,3,0.1,336,5054.709117309711,5610.926148181138,0.11003937476177963,336,0,336,UN
query_cycle_6_157.graph,3,0.1,336,5054.709117309711,4856.3237503222745,0.039247632728868796,336,0,336,WO
query_cycle_6_157.graph,4,0.1,336,5054.709117309711,5053.540300881863,0.00023123317301187134,336,0,336,8_POSSA
query_cycle_6_157.graph,4,0.1,336,5054.709117309711,5596.86018945367,0.10725663130394146,336,0,336,MAB
query_cycle_6_157.graph,4,0.1,336,5054.709117309711,5203.934658077676,0.029522082736066286,336,0,336,PO
query_cycle_6_157.graph,4,0.1,336,5054.709117309711,5822.440324223988,0.15188434964243602,336,0,336,UN
query_cycle_6_157.graph,4,0.1,336,5054.709117309711,4801.927277314338,0.050009176419218225,336,0,336,WO
query_cycle_6_157.graph,5,0.1,336,5054.709117309711,4940.233617182354,0.0226472972965623,336,0,336,8_POSSA
query_cycle_6_157.graph,5,0.1,336,5054.709117309711,4818.9661834934805,0.04663827894842356,336,0,336,MAB
query_cycle_6_157.graph,5,0.1,336,5054.709117309711,3634.475160366123,0.28097244054658577,336,0,336,PO
query_cycle_6_157.graph,5,0.1,336,5054.709117309711,17990.443273628658,2.559145117178135,336,0,336,UN
query_cycle_6_157.graph,5,0.1,336,5054.709117309711,5829.964948934386,0.1533729861862541,336,0,336,WO
query_cycle_6_160.graph,1,0.1,385,2872.5452500209376,2947.676837546182,0.026155057966344233,385,0,385,8_POSSA
query_cycle_6_160.graph,1,0.1,385,2872.5452500209376,2660.386210258045,0.07385751008146732,385,0,385,MAB
query_cycle_6_160.graph,1,0.1,385,2872.5452500209376,1736.849854269901,0.3953620559128733,385,0,385,PO
query_cycle_6_160.graph,1,0.1,385,2872.5452500209376,9932.575975534042,2.457761361796353,385,0,385,UN
query_cycle_6_160.graph,1,0.1,385,2872.5452500209376,2277.1592945284806,0.2072677377277581,385,0,385,WO
query_cycle_6_160.graph,2,0.1,385,2872.5452500209376,2863.3283809115183,0.0032086071087486503,385,0,385,8_POSSA
query_cycle_6_160.graph,2,0.1,385,2872.5452500209376,2929.6013021177846,0.01986254249482445,385,0,385,MAB
query_cycle_6_160.graph,2,0.1,385,2872.5452500209376,2647.2947553259683,0.0784149508848738,385,0,385,PO
query_cycle_6_160.graph,2,0.1,385,2872.5452500209376,1598.298537067846,0.44359500096432036,385,0,385,UN
query_cycle_6_160.graph,2,0.1,385,2872.5452500209376,3893.5717887844667,0.3554431522901465,385,0,385,WO
query_cycle_6_160.graph,3,0.1,385,2872.5452500209376,2990.0080699844507,0.04089154730031038,385,0,385,8_POSSA
query_cycle_6_160.graph,3,0.1,385,2872.5452500209376,2949.4961195031838,0.026788392448016365,385,0,385,MAB
query_cycle_6_160.graph,3,0.1,385,2872.5452500209376,3775.7966437380314,0.31444287734388526,385,0,385,PO
query_cycle_6_160.graph,3,0.1,385,2872.5452500209376,632.5180405761502,0.7798057173959088,385,0,385,UN
query_cycle_6_160.graph,3,0.1,385,2872.5452500209376,3014.619230268397,0.04945926621919149,385,0,385,WO
query_cycle_6_160.graph,4,0.1,385,2872.5452500209376,3061.968615317571,0.06594269151904672,385,0,385,8_POSSA
query_cycle_6_160.graph,4,0.1,385,2872.5452500209376,3023.331662720939,0.05249226716233715,385,0,385,MAB
query_cycle_6_160.graph,4,0.1,385,2872.5452500209376,2930.2261992981794,0.020080083778252527,385,0,385,PO
query_cycle_6_160.graph,4,0.1,385,2872.5452500209376,284.2379645820129,0.9010501350396687,385,0,385,UN
query_cycle_6_160.graph,4,0.1,385,2872.5452500209376,2990.5475326428013,0.04107934683396324,385,0,385,WO
query_cycle_6_160.graph,5,0.1,385,2872.5452500209376,2820.1163411676775,0.018251726009495553,385,0,385,8_POSSA
query_cycle_6_160.graph,5,0.1,385,2872.5452500209376,3243.060795047113,0.12898510302787217,385,0,385,MAB
query_cycle_6_160.graph,5,0.1,385,2872.5452500209376,3186.622006273205,0.10933744429264539,385,0,385,PO
query_cycle_6_160.graph,5,0.1,385,2872.5452500209376,558.7055966317362,0.8055015507144182,385,0,385,UN
query_cycle_6_160.graph,5,0.1,385,2872.5452500209376,3698.134534483053,0.28740688574221684,385,0,385,WO
query_cycle_6_161.graph,1,0.1,242,981.3477523324851,823.3425614401852,0.16100835867484312,242,0,242,8_POSSA
query_cycle_6_161.graph,1,0.1,242,981.3477523324851,973.9775037615794,0.007510333165167951,242,0,242,MAB
query_cycle_6_161.graph,1,0.1,242,981.3477523324851,914.1237761298619,0.06850168662723696,242,0,242,PO
query_cycle_6_161.graph,1,0.1,242,981.3477523324851,731.2294231624928,0.25487226987121187,242,0,242,UN
query_cycle_6_161.graph,1,0.1,242,981.3477523324851,1746.5278443572277,0.7797236914295148,242,0,242,WO
query_cycle_6_161.graph,2,0.1,242,981.3477523324851,1001.9300087861917,0.02097345859791934,242,0,242,8_POSSA
query_cycle_6_161.graph,2,0.1,242,981.3477523324851,1147.1612360298386,0.16896506187867144,242,0,242,MAB
query_cycle_6_161.graph,2,0.1,242,981.3477523324851,1123.715598303924,0.14507379838905873,242,0,242,PO
query_cycle_6_161.graph,2,0.1,242,981.3477523324851,129.9589354946791,0.8675709653527096,242,0,242,UN
query_cycle_6_161.graph,2,0.1,242,981.3477523324851,887.4226413256788,0.09571032366820367,242,0,242,WO
query_cycle_6_161.graph,3,0.1,242,981.3477523324851,964.2315238685106,0.017441552623208574,242,0,242,8_POSSA
query_cycle_6_161.graph,3,0.1,242,981.3477523324851,1052.24836493261,0.07224820399456464,242,0,242,MAB
query_cycle_6_161.graph,3,0.1,242,981.3477523324851,924.8260092291042,0.057596038681536704,242,0,242,PO
query_cycle_6_161.graph,3,0.1,242,981.3477523324851,989.1447190445549,0.007945161838438825,242,0,242,UN
query_cycle_6_161.graph,3,0.1,242,981.3477523324851,1139.5750629625334,0.16123470019060082,242,0,242,WO
query_cycle_6_161.graph,4,0.1,242,981.3477523324851,1083.7195323858443,0.10431753658174699,242,0,242,8_POSSA
query_cycle_6_161.graph,4,0.1,242,981.3477523324851,987.290976231942,0.006056185368877509,242,0,242,MAB
query_cycle_6_161.graph,4,0.1,242,981.3477523324851,1037.6474914538132,0.05736981512161604,242,0,242,PO
query_cycle_6_161.graph,4,0.1,242,981.3477523324851,1600.9917459310789,0.6314214223508564,242,0,242,UN
query_cycle_6_161.graph,4,0.1,242,981.3477523324851,731.8196104188589,0.2542708650634224,242,0,242,WO
query_cycle_6_161.graph,5,0.1,242,981.3477523324851,1029.7291910561548,0.04930101343654767,242,0,242,8_POSSA
query_cycle_6_161.graph,5,0.1,242,981.3477523324851,814.6316414965744,0.16988484504056475,242,0,242,MAB
query_cycle_6_161.graph,5,0.1,242,981.3477523324851,1085.1761575867163,0.10580184751781406,242,0,242,PO
query_cycle_6_161.graph,5,0.1,242,981.3477523324851,845.1632354285853,0.13877294422921338,242,0,242,UN
query_cycle_6_161.graph,5,0.1,242,981.3477523324851,1298.6522414880694,0.3233354215174073,242,0,242,WO
query_cycle_6_164.graph,1,0.1,242,5411.897102192589,5589.597875825365,0.03283520922095541,242,0,242,8_POSSA
query_cycle_6_164.graph,1,0.1,242,5411.897102192589,5907.679980250683,0.09160981236269834,242,0,242,MAB
query_cycle_6_164.graph,1,0.1,242,5411.897102192589,7312.610676546253,0.3512102204573705,242,0,242,PO
query_cycle_6_164.graph,1,0.1,242,5411.897102192589,12383.166954064181,1.2881379154543118,242,0,242,UN
query_cycle_6_164.graph,1,0.1,242,5411.897102192589,7063.651657716058,0.30520804892137976,242,0,242,WO
query_cycle_6_164.graph,2,0.1,242,5411.897102192589,5632.60543897872,0.04078206451795106,242,0,242,8_POSSA
query_cycle_6_164.graph,2,0.1,242,5411.897102192589,5685.452765910585,0.05054709255413728,242,0,242,MAB
query_cycle_6_164.graph,2,0.1,242,5411.897102192589,4731.472244102824,0.12572760443174275,242,0,242,PO
query_cycle_6_164.graph,2,0.1,242,5411.897102192589,20106.257262204843,2.7151957774768007,242,0,242,UN
query_cycle_6_164.graph,2,0.1,242,5411.897102192589,4470.5289504617485,0.1739442073555782,242,0,242,WO
query_cycle_6_164.graph,3,0.1,242,5411.897102192589,5738.751455728162,0.06039552256142313,242,0,242,8_POSSA
query_cycle_6_164.graph,3,0.1,242,5411.897102192589,5232.937204454528,0.033067867765918316,242,0,242,MAB
query_cycle_6_164.graph,3,0.1,242,5411.897102192589,6361.350385437529,0.17543816249948221,242,0,242,PO
query_cycle_6_164.graph,3,0.1,242,5411.897102192589,6162.001803617535,0.1386029126682854,242,0,242,UN
query_cycle_6_164.graph,3,0.1,242,5411.897102192589,6160.088132041389,0.1382493080930301,242,0,242,WO
query_cycle_6_164.graph,4,0.1,242,5411.897102192589,5521.978526923678,0.02034063520655085,242,0,242,8_POSSA
query_cycle_6_164.graph,4,0.1,242,5411.897102192589,5944.231943734826,0.09836381429472588,242,0,242,MAB
query_cycle_6_164.graph,4,0.1,242,5411.897102192589,6519.8417931491,0.20472390181026093,242,0,242,PO
query_cycle_6_164.graph,4,0.1,242,5411.897102192589,9325.45951725438,0.7231405810498948,242,0,242,UN
query_cycle_6_164.graph,4,0.1,242,5411.897102192589,3933.667045948041,0.27314452369126796,242,0,242,WO
query_cycle_6_164.graph,5,0.1,242,5411.897102192589,5621.599279602636,0.03874836743017296,242,0,242,8_POSSA
query_cycle_6_164.graph,5,0.1,242,5411.897102192589,5519.2889292262935,0.019843656486039887,242,0,242,MAB
query_cycle_6_164.graph,5,0.1,242,5411.897102192589,3955.3400606959503,0.2691398254609323,242,0,242,PO
query_cycle_6_164.graph,5,0.1,242,5411.897102192589,21123.33377638944,2.9031292313062425,242,0,242,UN
query_cycle_6_164.graph,5,0.1,242,5411.897102192589,5640.501120517413,0.04224101345759272,242,0,242,WO
query_cycle_6_165.graph,1,0.1,473,2480.791833792202,2499.824704391038,0.007672094989824977,473,0,473,8_POSSA
query_cycle_6_165.graph,1,0.1,473,2480.791833792202,0.0369929858845704,0.9999850882345788,473,0,473,MAB
query_cycle_6_165.graph,1,0.1,473,2480.791833792202,2496.798197789013,0.0064521189479825975,473,0,473,PO
query_cycle_6_165.graph,1,0.1,473,2480.791833792202,617.3321807922271,0.7511551866693477,473,0,473,UN
query_cycle_6_165.graph,1,0.1,473,2480.791833792202,2552.6934374733855,0.02898332810587858,473,0,473,WO
query_cycle_6_165.graph,2,0.1,473,2480.791833792202,2413.0263702162306,0.027316062014112377,473,0,473,8_POSSA
query_cycle_6_165.graph,2,0.1,473,2480.791833792202,2573.8205757145843,0.037499616314108954,473,0,473,MAB
query_cycle_6_165.graph,2,0.1,473,2480.791833792202,2660.932872825362,0.07261433086781492,473,0,473,PO
query_cycle_6_165.graph,2,0.1,473,2480.791833792202,1010.1271212344477,0.5928206843174175,473,0,473,UN
query_cycle_6_165.graph,2,0.1,473,2480.791833792202,2458.8319761941934,0.008851954968120043,473,0,473,WO
query_cycle_6_165.graph,3,0.1,473,2480.791833792202,2512.4462981763436,0.012759822873067839,473,0,473,8_POSSA
query_cycle_6_165.graph,3,0.1,473,2480.791833792202,2259.762358092616,0.08909634121203736,473,0,473,MAB
query_cycle_6_165.graph,3,0.1,473,2480.791833792202,2755.180185817093,0.11060514964911583,473,0,473,PO
query_cycle_6_165.graph,3,0.1,473,2480.791833792202,2342.2861278492264,0.05583124873933987,473,0,473,UN
query_cycle_6_165.graph,3,0.1,473,2480.791833792202,2878.5601947350788,0.1603392737450437,473,0,473,WO
query_cycle_6_165.graph,4,0.1,473,2480.791833792202,2482.623151197147,0.0007381987396119057,473,0,473,8_POSSA
query_cycle_6_165.graph,4,0.1,473,2480.791833792202,2594.6109414666894,0.04588015250779855,473,0,473,MAB
query_cycle_6_165.graph,4,0.1,473,2480.791833792202,2310.236344300713,0.0687504236221116,473,0,473,PO
query_cycle_6_165.graph,4,0.1,473,2480.791833792202,525.7138652450312,0.7880862641983905,473,0,473,UN
query_cycle_6_165.graph,4,0.1,473,2480.791833792202,2542.339812087675,0.02480981171297603,473,0,473,WO
query_cycle_6_165.graph,5,0.1,473,2480.791833792202,2421.599305182805,0.023860336769536097,473,0,473,8_POSSA
query_cycle_6_165.graph,5,0.1,473,2480.791833792202,2186.836681114014,0.11849247029680864,473,0,473,MAB
query_cycle_6_165.graph,5,0.1,473,2480.791833792202,2563.5426275183627,0.033356605177011465,473,0,473,PO
query_cycle_6_165.graph,5,0.1,473,2480.791833792202,96.0449827819208,0.9612845457350995,473,0,473,UN
query_cycle_6_165.graph,5,0.1,473,2480.791833792202,3098.068046272831,0.24882225266641772,473,0,473,WO
query_cycle_6_167.graph,1,0.1,420,319.03919423168645,305.8544508494351,0.041326406349548886,420,0,420,8_POSSA
query_cycle_6_167.graph,1,0.1,420,319.03919423168645,310.4030029471,0.027069374047863387,420,0,420,MAB
query_cycle_6_167.graph,1,0.1,420,319.03919423168645,284.795027170561,0.10733529823378786,420,0,420,PO
query_cycle_6_167.graph,1,0.1,420,319.03919423168645,701.0185161305235,1.1972802364258839,420,0,420,UN
query_cycle_6_167.graph,1,0.1,420,319.03919423168645,438.38882654833424,0.37409081540613476,420,0,420,WO
query_cycle_6_167.graph,2,0.1,420,319.03919423168645,324.8487926941218,0.01820967005770591,420,0,420,8_POSSA
query_cycle_6_167.graph,2,0.1,420,319.03919423168645,339.4931998796685,0.06411126287238661,420,0,420,MAB
query_cycle_6_167.graph,2,0.1,420,319.03919423168645,339.17104938387627,0.06310151077415914,420,0,420,PO
query_cycle_6_167.graph,2,0.1,420,319.03919423168645,186.53042628688095,0.4153369565263431,420,0,420,UN
query_cycle_6_167.graph,2,0.1,420,319.03919423168645,432.2934500356184,0.3549853994480898,420,0,420,WO
query_cycle_6_167.graph,3,0.1,420,319.03919423168645,309.9848751041052,0.028379958610997538,420,0,420,8_POSSA
query_cycle_6_167.graph,3,0.1,420,319.03919423168645,321.8970806411596,0.008957790958429291,420,0,420,MAB
query_cycle_6_167.graph,3,0.1,420,319.03919423168645,433.0323950599782,0.3573015569538765,420,0,420,PO
query_cycle_6_167.graph,3,0.1,420,319.03919423168645,609.6909229220911,0.9110220121711227,420,0,420,UN
query_cycle_6_167.graph,3,0.1,420,319.03919423168645,355.44900731105787,0.11412332320815288,420,0,420,WO
query_cycle_6_167.graph,4,0.1,420,319.03919423168645,307.7315027309313,0.035442954048283765,420,0,420,8_POSSA
query_cycle_6_167.graph,4,0.1,420,319.03919423168645,332.0601989239583,0.04081318197793586,420,0,420,MAB
query_cycle_6_167.graph,4,0.1,420,319.03919423168645,335.2355253737101,0.05076596053042273,420,0,420,PO
query_cycle_6_167.graph,4,0.1,420,319.03919423168645,162.6067154026291,0.49032370209490933,420,0,420,UN
query_cycle_6_167.graph,4,0.1,420,319.03919423168645,546.5411450137933,0.7130846456968382,420,0,420,WO
query_cycle_6_167.graph,5,0.1,420,319.03919423168645,321.8100648835453,0.00868504779963378,420,0,420,8_POSSA
query_cycle_6_167.graph,5,0.1,420,319.03919423168645,322.39539941289223,0.010519726860795988,420,0,420,MAB
query_cycle_6_167.graph,5,0.1,420,319.03919423168645,331.19006581846463,0.03808582709105706,420,0,420,PO
query_cycle_6_167.graph,5,0.1,420,319.03919423168645,199.01145196921678,0.37621629076490665,420,0,420,UN
query_cycle_6_167.graph,5,0.1,420,319.03919423168645,370.7744802032701,0.16215965595127935,420,0,420,WO
query_cycle_6_172.graph,1,0.1,187,386.0507574156274,317.14913911544534,0.17847813267207674,187,0,187,8_POSSA
query_cycle_6_172.graph,1,0.1,187,386.0507574156274,334.9387300777258,0.1323971689113246,187,0,187,MAB
query_cycle_6_172.graph,1,0.1,187,386.0507574156274,297.05652378695544,0.2305246963493445,187,0,187,PO
query_cycle_6_172.graph,1,0.1,187,386.0507574156274,1307.7645236703684,2.3875455456299277,187,0,187,UN
query_cycle_6_172.graph,1,0.1,187,386.0507574156274,176.18783271894992,0.5436148502895858,187,0,187,WO
query_cycle_6_172.graph,2,0.1,187,386.0507574156274,341.54401820476716,0.11528727338551417,187,0,187,8_POSSA
query_cycle_6_172.graph,2,0.1,187,386.0507574156274,290.64582571058475,0.24713053885380268,187,0,187,MAB
query_cycle_6_172.graph,2,0.1,187,386.0507574156274,320.4856564732558,0.16983544179861132,187,0,187,PO
query_cycle_6_172.graph,2,0.1,187,386.0507574156274,18.98801096709871,0.9508147294044654,187,0,187,UN
query_cycle_6_172.graph,2,0.1,187,386.0507574156274,406.9446425316507,0.0541221192153462,187,0,187,WO
query_cycle_6_172.graph,3,0.1,187,386.0507574156274,327.0726782143619,0.15277286229429396,187,0,187,8_POSSA
query_cycle_6_172.graph,3,0.1,187,386.0507574156274,239.18655978932185,0.3804271713115423,187,0,187,MAB
query_cycle_6_172.graph,3,0.1,187,386.0507574156274,306.3251686469062,0.20651582010208974,187,0,187,PO
query_cycle_6_172.graph,3,0.1,187,386.0507574156274,789.1044328552805,1.0440432189224282,187,0,187,UN
query_cycle_6_172.graph,3,0.1,187,386.0507574156274,288.06113178614424,0.2538257567099816,187,0,187,WO
query_cycle_6_172.graph,4,0.1,187,386.0507574156274,334.2476625752206,0.13418726383856022,187,0,187,8_POSSA
query_cycle_6_172.graph,4,0.1,187,386.0507574156274,323.28606125456673,0.16258146100070298,187,0,187,MAB
query_cycle_6_172.graph,4,0.1,187,386.0507574156274,288.8376334526243,0.25181435885215003,187,0,187,PO
query_cycle_6_172.graph,4,0.1,187,386.0507574156274,33.289661016949154,0.9137686939411724,187,0,187,UN
query_cycle_6_172.graph,4,0.1,187,386.0507574156274,240.92612750178898,0.37592111173504394,187,0,187,WO
query_cycle_6_172.graph,5,0.1,187,386.0507574156274,311.6570662497371,0.1927044300182451,187,0,187,8_POSSA
query_cycle_6_172.graph,5,0.1,187,386.0507574156274,259.6340366496526,0.3274613981131835,187,0,187,MAB
query_cycle_6_172.graph,5,0.1,187,386.0507574156274,322.9946135631845,0.16333640756092555,187,0,187,PO
query_cycle_6_172.graph,5,0.1,187,386.0507574156274,172.61349878934627,0.5528735652666826,187,0,187,UN
query_cycle_6_172.graph,5,0.1,187,386.0507574156274,151.17727484327176,0.6084005226273593,187,0,187,WO
query_cycle_6_173.graph,1,0.1,244,5411.897102192589,5350.332983190278,0.011375700210073923,244,0,244,8_POSSA
query_cycle_6_173.graph,1,0.1,244,5411.897102192589,5834.948408662265,0.0781706116138609,244,0,244,MAB
query_cycle_6_173.graph,1,0.1,244,5411.897102192589,5710.208660552957,0.055121439437477285,244,0,244,PO
query_cycle_6_173.graph,1,0.1,244,5411.897102192589,4093.855951149444,0.2435451240396183,244,0,244,UN
query_cycle_6_173.graph,1,0.1,244,5411.897102192589,6793.702072130088,0.2553272805903259,244,0,244,WO
query_cycle_6_173.graph,2,0.1,244,5411.897102192589,5339.393658355305,0.01339704773912088,244,0,244,8_POSSA
query_cycle_6_173.graph,2,0.1,244,5411.897102192589,5489.377510106296,0.014316681646130335,244,0,244,MAB
query_cycle_6_173.graph,2,0.1,244,5411.897102192589,5950.075205717863,0.09944352107271875,244,0,244,PO
query_cycle_6_173.graph,2,0.1,244,5411.897102192589,7475.359574386606,0.3812826506546145,244,0,244,UN
query_cycle_6_173.graph,2,0.1,244,5411.897102192589,4483.175440538387,0.17160741309695954,244,0,244,WO
query_cycle_6_173.graph,3,0.1,244,5411.897102192589,5622.010295824224,0.038824314221811304,244,0,244,8_POSSA
query_cycle_6_173.graph,3,0.1,244,5411.897102192589,4860.24727621077,0.10193280019280528,244,0,244,MAB
query_cycle_6_173.graph,3,0.1,244,5411.897102192589,3757.8628052004547,0.30562929519151705,244,0,244,PO
query_cycle_6_173.graph,3,0.1,244,5411.897102192589,457.72587719267847,0.9154222874992886,244,0,244,UN
query_cycle_6_173.graph,3,0.1,244,5411.897102192589,6099.350016987549,0.12702623531338825,244,0,244,WO
query_cycle_6_173.graph,4,0.1,244,5411.897102192589,5357.177430140419,0.010110996387939533,244,0,244,8_POSSA
query_cycle_6_173.graph,4,0.1,244,5411.897102192589,5885.014158152278,0.08742166508820146,244,0,244,MAB
query_cycle_6_173.graph,4,0.1,244,5411.897102192589,5396.6799305928735,0.002811799875786711,244,0,244,PO
query_cycle_6_173.graph,4,0.1,244,5411.897102192589,11466.239560336031,1.118709824636276,244,0,244,UN
query_cycle_6_173.graph,4,0.1,244,5411.897102192589,5641.274477958764,0.04238391296708953,244,0,244,WO
query_cycle_6_173.graph,5,0.1,244,5411.897102192589,5449.040311318425,0.006863251171347552,244,0,244,8_POSSA
query_cycle_6_173.graph,5,0.1,244,5411.897102192589,5268.051942557762,0.026579433592066826,244,0,244,MAB
query_cycle_6_173.graph,5,0.1,244,5411.897102192589,5764.57772091694,0.06516765046797825,244,0,244,PO
query_cycle_6_173.graph,5,0.1,244,5411.897102192589,6323.237679508064,0.1683957695622579,244,0,244,UN
query_cycle_6_173.graph,5,0.1,244,5411.897102192589,5036.212613574918,0.06941826156773484,244,0,244,WO
query_cycle_6_174.graph,1,0.1,384,2872.5452500209376,2810.8526358396016,0.021476637898353853,384,0,384,8_POSSA
query_cycle_6_174.graph,1,0.1,384,2872.5452500209376,3071.0573970664846,0.06910670843012831,384,0,384,MAB
query_cycle_6_174.graph,1,0.1,384,2872.5452500209376,3130.7298020157496,0.08988006437598506,384,0,384,PO
query_cycle_6_174.graph,1,0.1,384,2872.5452500209376,3977.3567108533816,0.3846106378391746,384,0,384,UN
query_cycle_6_174.graph,1,0.1,384,2872.5452500209376,2481.3348297195016,0.13618947179285845,384,0,384,WO
query_cycle_6_174.graph,2,0.1,384,2872.5452500209376,2939.865902517371,0.02343588930268123,384,0,384,8_POSSA
query_cycle_6_174.graph,2,0.1,384,2872.5452500209376,2705.542574803252,0.05813752636845954,384,0,384,MAB
query_cycle_6_174.graph,2,0.1,384,2872.5452500209376,2777.6447433338735,0.033037079811492044,384,0,384,PO
query_cycle_6_174.graph,2,0.1,384,2872.5452500209376,2922.5581599448788,0.017410660432094712,384,0,384,UN
query_cycle_6_174.graph,2,0.1,384,2872.5452500209376,2915.4658359602277,0.01494165703359319,384,0,384,WO
query_cycle_6_174.graph,3,0.1,384,2872.5452500209376,2899.6133447843054,0.009423035116042283,384,0,384,8_POSSA
query_cycle_6_174.graph,3,0.1,384,2872.5452500209376,2882.1988518485887,0.0033606439542007943,384,0,384,MAB
query_cycle_6_174.graph,3,0.1,384,2872.5452500209376,3043.412146594259,0.05948275195040911,384,0,384,PO
query_cycle_6_174.graph,3,0.1,384,2872.5452500209376,4836.907321821207,0.683840253442814,384,0,384,UN
query_cycle_6_174.graph,3,0.1,384,2872.5452500209376,2596.851138429537,0.09597555045978512,384,0,384,WO
query_cycle_6_174.graph,4,0.1,384,2872.5452500209376,3009.284114814609,0.047601988094939394,384,0,384,8_POSSA
query_cycle_6_174.graph,4,0.1,384,2872.5452500209376,3135.7315806309634,0.09162130017207126,384,0,384,MAB
query_cycle_6_174.graph,4,0.1,384,2872.5452500209376,2685.699749144759,0.06504527678887445,384,0,384,PO
query_cycle_6_174.graph,4,0.1,384,2872.5452500209376,1549.3906209617958,0.46062098727583056,384,0,384,UN
query_cycle_6_174.graph,4,0.1,384,2872.5452500209376,2183.2926599982875,0.23994490252768907,384,0,384,WO
query_cycle_6_174.graph,5,0.1,384,2872.5452500209376,2936.0097230486704,0.02209346328914059,384,0,384,8_POSSA
query_cycle_6_174.graph,5,0.1,384,2872.5452500209376,3175.752069174279,0.10555336566103919,384,0,384,MAB
query_cycle_6_174.graph,5,0.1,384,2872.5452500209376,3000.0753758496044,0.0443962112790868,384,0,384,PO
query_cycle_6_174.graph,5,0.1,384,2872.5452500209376,587.761266352904,0.7953865943979056,384,0,384,UN
query_cycle_6_174.graph,5,0.1,384,2872.5452500209376,2828.5734001642118,0.015307626522647584,384,0,384,WO
query_cycle_6_175.graph,1,0.1,346,1734.8857739363905,1637.1517397208447,0.05633456431762128,346,0,346,8_POSSA
query_cycle_6_175.graph,1,0.1,346,1734.8857739363905,1713.1565507953985,0.012524872511744202,346,0,346,MAB
query_cycle_6_175.graph,1,0.1,346,1734.8857739363905,1581.1297484315971,0.08862602242447738,346,0,346,PO
query_cycle_6_175.graph,1,0.1,346,1734.8857739363905,2064.0387847570887,0.1897260417749939,346,0,346,UN
query_cycle_6_175.graph,1,0.1,346,1734.8857739363905,1712.3945726067395,0.012964081939884296,346,0,346,WO
query_cycle_6_175.graph,2,0.1,346,1734.8857739363905,1676.5193575358237,0.03364280074078628,346,0,346,8_POSSA
query_cycle_6_175.graph,2,0.1,346,1734.8857739363905,1537.8588457792684,0.11356766601992208,346,0,346,MAB
query_cycle_6_175.graph,2,0.1,346,1734.8857739363905,1715.360743891494,0.011254360568416548,346,0,346,PO
query_cycle_6_175.graph,2,0.1,346,1734.8857739363905,1050.8547727802095,0.3942801373050287,346,0,346,UN
query_cycle_6_175.graph,2,0.1,346,1734.8857739363905,2048.9229079382517,0.18101314721678924,346,0,346,WO
query_cycle_6_175.graph,3,0.1,346,1734.8857739363905,1702.3152628973576,0.018773864843638462,346,0,346,8_POSSA
query_cycle_6_175.graph,3,0.1,346,1734.8857739363905,1625.6988908351238,0.06293606457647394,346,0,346,MAB
query_cycle_6_175.graph,3,0.1,346,1734.8857739363905,1644.9044925630408,0.05186582466993522,346,0,346,PO
query_cycle_6_175.graph,3,0.1,346,1734.8857739363905,2153.2629172993043,0.24115544069142478,346,0,346,UN
query_cycle_6_175.graph,3,0.1,346,1734.8857739363905,1916.2767401753463,0.10455499086109082,346,0,346,WO
query_cycle_6_175.graph,4,0.1,346,1734.8857739363905,1593.1868839077104,0.08167620725090775,346,0,346,8_POSSA
query_cycle_6_175.graph,4,0.1,346,1734.8857739363905,1706.1705024387902,0.016551678461485336,346,0,346,MAB
query_cycle_6_175.graph,4,0.1,346,1734.8857739363905,1786.4247822905104,0.029707436148479014,346,0,346,PO
query_cycle_6_175.graph,4,0.1,346,1734.8857739363905,362.3853280183798,0.7911186237949596,346,0,346,UN
query_cycle_6_175.graph,4,0.1,346,1734.8857739363905,1557.9047016276697,0.10201309790393713,346,0,346,WO
query_cycle_6_175.graph,5,0.1,346,1734.8857739363905,1651.0485300569655,0.048324359527833,346,0,346,8_POSSA
query_cycle_6_175.graph,5,0.1,346,1734.8857739363905,1553.9788959446134,0.10427595909170789,346,0,346,MAB
query_cycle_6_175.graph,5,0.1,346,1734.8857739363905,1690.537609342403,0.025562584730499726,346,0,346,PO
query_cycle_6_175.graph,5,0.1,346,1734.8857739363905,2925.842127897591,0.6864753702250757,346,0,346,UN
query_cycle_6_175.graph,5,0.1,346,1734.8857739363905,1644.6148448163,0.05203277960788683,346,0,346,WO
query_cycle_6_176.graph,1,0.1,420,319.03919423168645,329.76784963826987,0.033628016872410536,420,0,420,8_POSSA
query_cycle_6_176.graph,1,0.1,420,319.03919423168645,319.0716768048655,0.00010181373877044552,420,0,420,MAB
query_cycle_6_176.graph,1,0.1,420,319.03919423168645,321.69445794181837,0.008322688115252903,420,0,420,PO
query_cycle_6_176.graph,1,0.1,420,319.03919423168645,587.9609100082719,0.8429112179279588,420,0,420,UN
query_cycle_6_176.graph,1,0.1,420,319.03919423168645,314.91625510492054,0.012922986270369755,420,0,420,WO
query_cycle_6_176.graph,2,0.1,420,319.03919423168645,311.877359102999,0.022448135709265057,420,0,420,8_POSSA
query_cycle_6_176.graph,2,0.1,420,319.03919423168645,317.4423019764521,0.005005316851680304,420,0,420,MAB
query_cycle_6_176.graph,2,0.1,420,319.03919423168645,274.0778456451238,0.1409273512454765,420,0,420,PO
query_cycle_6_176.graph,2,0.1,420,319.03919423168645,139.7565248283288,0.561945593660077,420,0,420,UN
query_cycle_6_176.graph,2,0.1,420,319.03919423168645,385.3087768417554,0.20771611704217108,420,0,420,WO
query_cycle_6_176.graph,3,0.1,420,319.03919423168645,301.15958982954385,0.05604203096488021,420,0,420,8_POSSA
query_cycle_6_176.graph,3,0.1,420,319.03919423168645,289.41250049663495,0.09286223846696585,420,0,420,MAB
query_cycle_6_176.graph,3,0.1,420,319.03919423168645,302.6991020226657,0.05121656681829048,420,0,420,PO
query_cycle_6_176.graph,3,0.1,420,319.03919423168645,381.09584117844776,0.19451104462637192,420,0,420,UN
query_cycle_6_176.graph,3,0.1,420,319.03919423168645,305.6412020747286,0.041994815681574926,420,0,420,WO
query_cycle_6_176.graph,4,0.1,420,319.03919423168645,305.98260465945265,0.04092471962160267,420,0,420,8_POSSA
query_cycle_6_176.graph,4,0.1,420,319.03919423168645,324.1195039212465,0.015923779214006988,420,0,420,MAB
query_cycle_6_176.graph,4,0.1,420,319.03919423168645,304.86497097098413,0.044427843089426156,420,0,420,PO
query_cycle_6_176.graph,4,0.1,420,319.03919423168645,232.31189197115734,0.27183902112524677,420,0,420,UN
query_cycle_6_176.graph,4,0.1,420,319.03919423168645,333.9870718822765,0.046852794016696536,420,0,420,WO
query_cycle_6_176.graph,5,0.1,420,319.03919423168645,313.3140038898362,0.01794510030542705,420,0,420,8_POSSA
query_cycle_6_176.graph,5,0.1,420,319.03919423168645,362.6951295481449,0.13683564936775602,420,0,420,MAB
query_cycle_6_176.graph,5,0.1,420,319.03919423168645,306.6745583824131,0.03875585217374302,420,0,420,PO
query_cycle_6_176.graph,5,0.1,420,319.03919423168645,435.3881169094504,0.3646853577284027,420,0,420,UN
query_cycle_6_176.graph,5,0.1,420,319.03919423168645,253.5320975647151,0.20532617261877883,420,0,420,WO
query_cycle_6_178.graph,1,0.1,293,1440.986907367272,1387.9014401791765,0.0368396596226431,293,0,293,8_POSSA
query_cycle_6_178.graph,1,0.1,293,1440.986907367272,1417.2592743871032,0.016466237728363396,293,0,293,MAB
query_cycle_6_178.graph,1,0.1,293,1440.986907367272,1537.5622533386925,0.06702027997455351,293,0,293,PO
query_cycle_6_178.graph,1,0.1,293,1440.986907367272,2811.057378031454,0.9507862033023906,293,0,293,UN
query_cycle_6_178.graph,1,0.1,293,1440.986907367272,1257.3053624150166,0.12746926707880174,293,0,293,WO
query_cycle_6_178.graph,2,0.1,293,1440.986907367272,1436.1780777327267,0.003337177881325149,293,0,293,8_POSSA
query_cycle_6_178.graph,2,0.1,293,1440.986907367272,1279.4749776859708,0.11208424507922037,293,0,293,MAB
query_cycle_6_178.graph,2,0.1,293,1440.986907367272,1558.4597830489615,0.08152251424429403,293,0,293,PO
query_cycle_6_178.graph,2,0.1,293,1440.986907367272,380.37266915824034,0.7360332233322001,293,0,293,UN
query_cycle_6_178.graph,2,0.1,293,1440.986907367272,2046.8094502901754,0.420421962077199,293,0,293,WO
query_cycle_6_178.graph,3,0.1,293,1440.986907367272,1452.1887790558733,0.007773749803922616,293,0,293,8_POSSA
query_cycle_6_178.graph,3,0.1,293,1440.986907367272,1404.7347738063424,0.025157850758799213,293,0,293,MAB
query_cycle_6_178.graph,3,0.1,293,1440.986907367272,1470.521779608719,0.020496280771494502,293,0,293,PO
query_cycle_6_178.graph,3,0.1,293,1440.986907367272,4233.5091763867795,1.9379234153636644,293,0,293,UN
query_cycle_6_178.graph,3,0.1,293,1440.986907367272,1719.867214803252,0.19353424101923528,293,0,293,WO
query_cycle_6_178.graph,4,0.1,293,1440.986907367272,1401.615455171933,0.027322560665920093,293,0,293,8_POSSA
query_cycle_6_178.graph,4,0.1,293,1440.986907367272,1392.5589660952808,0.033607481805973165,293,0,293,MAB
query_cycle_6_178.graph,4,0.1,293,1440.986907367272,1338.2674971346364,0.07128406906923745,293,0,293,PO
query_cycle_6_178.graph,4,0.1,293,1440.986907367272,725.216028633804,0.4967226801811848,293,0,293,UN
query_cycle_6_178.graph,4,0.1,293,1440.986907367272,1432.3549946940786,0.005990278349554216,293,0,293,WO
query_cycle_6_178.graph,5,0.1,293,1440.986907367272,1355.6143248725182,0.05924591129750935,293,0,293,8_POSSA
query_cycle_6_178.graph,5,0.1,293,1440.986907367272,1135.543264997506,0.2119683675182178,293,0,293,MAB
query_cycle_6_178.graph,5,0.1,293,1440.986907367272,1908.8303228541006,0.32466874826891606,293,0,293,PO
query_cycle_6_178.graph,5,0.1,293,1440.986907367272,1800.2751793657185,0.24933486221250786,293,0,293,UN
query_cycle_6_178.graph,5,0.1,293,1440.986907367272,2570.968616719381,0.7841720862104298,293,0,293,WO
query_cycle_6_180.graph,1,0.1,190,473.25195152013146,453.2996096185792,0.04216008373016398,190,0,190,8_POSSA
query_cycle_6_180.graph,1,0.1,190,473.25195152013146,441.1180518480705,0.0679001947458299,190,0,190,MAB
query_cycle_6_180.graph,1,0.1,190,473.25195152013146,439.9777897098436,0.07030961352279269,190,0,190,PO
query_cycle_6_180.graph,1,0.1,190,473.25195152013146,147.54662258143995,0.6882281792869406,190,0,190,UN
query_cycle_6_180.graph,1,0.1,190,473.25195152013146,308.53943879285964,0.3480440222131132,190,0,190,WO
query_cycle_6_180.graph,2,0.1,190,473.25195152013146,431.5008730294365,0.08822167210634088,190,0,190,8_POSSA
query_cycle_6_180.graph,2,0.1,190,473.25195152013146,414.00430293922625,0.12519261334389847,190,0,190,MAB
query_cycle_6_180.graph,2,0.1,190,473.25195152013146,435.7560327654764,0.07923035210782442,190,0,190,PO
query_cycle_6_180.graph,2,0.1,190,473.25195152013146,185.52656338055712,0.6079750695488361,190,0,190,UN
query_cycle_6_180.graph,2,0.1,190,473.25195152013146,401.61238303790446,0.15137722782148855,190,0,190,WO
query_cycle_6_180.graph,3,0.1,190,473.25195152013146,451.15043265607414,0.046701379240096264,190,0,190,8_POSSA
query_cycle_6_180.graph,3,0.1,190,473.25195152013146,302.14735679545726,0.3615507430557223,190,0,190,MAB
query_cycle_6_180.graph,3,0.1,190,473.25195152013146,439.5495744789799,0.07121444915947257,190,0,190,PO
query_cycle_6_180.graph,3,0.1,190,473.25195152013146,91.26986752577331,0.8071431776824045,190,0,190,UN
query_cycle_6_180.graph,3,0.1,190,473.25195152013146,594.6418869851957,0.25650171135089445,190,0,190,WO
query_cycle_6_180.graph,4,0.1,190,473.25195152013146,445.7460182756229,0.05812111953507395,190,0,190,8_POSSA
query_cycle_6_180.graph,4,0.1,190,473.25195152013146,463.3769113074773,0.020866348635086553,190,0,190,MAB
query_cycle_6_180.graph,4,0.1,190,473.25195152013146,444.1264713247921,0.0615432859849505,190,0,190,PO
query_cycle_6_180.graph,4,0.1,190,473.25195152013146,195.6310017220294,0.5866239936388143,190,0,190,UN
query_cycle_6_180.graph,4,0.1,190,473.25195152013146,383.6792626110385,0.18927061710232096,190,0,190,WO
query_cycle_6_180.graph,5,0.1,190,473.25195152013146,442.24381540986695,0.0655214120315053,190,0,190,8_POSSA
query_cycle_6_180.graph,5,0.1,190,473.25195152013146,403.4743649165211,0.1474427868273505,190,0,190,MAB
query_cycle_6_180.graph,5,0.1,190,473.25195152013146,420.14250944431717,0.1122223414086758,190,0,190,PO
query_cycle_6_180.graph,5,0.1,190,473.25195152013146,1440.476033523819,2.043782553662736,190,0,190,UN
query_cycle_6_180.graph,5,0.1,190,473.25195152013146,461.8377426853799,0.024118672512787313,190,0,190,WO
query_cycle_6_181.graph,1,0.1,188,386.0507574156274,367.3740398070765,0.048378917149599875,188,0,188,8_POSSA
query_cycle_6_181.graph,1,0.1,188,386.0507574156274,238.03840575762106,0.383401272539544,188,0,188,MAB
query_cycle_6_181.graph,1,0.1,188,386.0507574156274,366.45523666342706,0.05075892321356993,188,0,188,PO
query_cycle_6_181.graph,1,0.1,188,386.0507574156274,491.9206043956044,0.2742381537824471,188,0,188,UN
query_cycle_6_181.graph,1,0.1,188,386.0507574156274,560.2753603030263,0.4512997307756254,188,0,188,WO
query_cycle_6_181.graph,2,0.1,188,386.0507574156274,378.5280869714793,0.0194862211759608,188,0,188,8_POSSA
query_cycle_6_181.graph,2,0.1,188,386.0507574156274,0.03622854453475014,0.9999061560071083,188,0,188,MAB
query_cycle_6_181.graph,2,0.1,188,386.0507574156274,309.55495055211645,0.1981496095891726,188,0,188,PO
query_cycle_6_181.graph,2,0.1,188,386.0507574156274,211.70842490842492,0.45160468968981504,188,0,188,UN
query_cycle_6_181.graph,2,0.1,188,386.0507574156274,226.1359550967759,0.41423258275513525,188,0,188,WO
query_cycle_6_181.graph,3,0.1,188,386.0507574156274,398.8385064588016,0.03312452779209737,188,0,188,8_POSSA
query_cycle_6_181.graph,3,0.1,188,386.0507574156274,,,188,0,188,MAB
query_cycle_6_181.graph,3,0.1,188,386.0507574156274,310.84796633486354,0.19480026819323018,188,0,188,PO
query_cycle_6_181.graph,3,0.1,188,386.0507574156274,222.37835289710287,0.42396602357216107,188,0,188,UN
query_cycle_6_181.graph,3,0.1,188,386.0507574156274,129.93853073632448,0.6634159414524061,188,0,188,WO
query_cycle_6_181.graph,4,0.1,188,386.0507574156274,385.40702503262986,0.0016674812071524841,188,0,188,8_POSSA
query_cycle_6_181.graph,4,0.1,188,386.0507574156274,318.9642881633082,0.17377629227157043,188,0,188,MAB
query_cycle_6_181.graph,4,0.1,188,386.0507574156274,340.29646832260323,0.11851884296075733,188,0,188,PO
query_cycle_6_181.graph,4,0.1,188,386.0507574156274,238.60593156843152,0.38193119172786605,188,0,188,UN
query_cycle_6_181.graph,4,0.1,188,386.0507574156274,332.10777954788676,0.1397302733683408,188,0,188,WO
query_cycle_6_181.graph,5,0.1,188,386.0507574156274,368.4322070029206,0.04563791178821187,188,0,188,8_POSSA
query_cycle_6_181.graph,5,0.1,188,386.0507574156274,359.0806828444405,0.06986147301389842,188,0,188,MAB
query_cycle_6_181.graph,5,0.1,188,386.0507574156274,309.99739729860863,0.19700352520002623,188,0,188,PO
query_cycle_6_181.graph,5,0.1,188,386.0507574156274,1935.5241758241757,4.013652061664949,188,0,188,UN
query_cycle_6_181.graph,5,0.1,188,386.0507574156274,1141.4184248179533,1.9566537635078047,188,0,188,WO
query_cycle_6_182.graph,1,0.1,379,2872.5452500209376,3059.3429995436604,0.06502865342899691,379,0,379,8_POSSA
query_cycle_6_182.graph,1,0.1,379,2872.5452500209376,3379.2678352061157,0.1764019505633496,379,0,379,MAB
query_cycle_6_182.graph,1,0.1,379,2872.5452500209376,3836.842808904495,0.3356944712625602,379,0,379,PO
query_cycle_6_182.graph,1,0.1,379,2872.5452500209376,430.49961955340177,0.8501330415768859,379,0,379,UN
query_cycle_6_182.graph,1,0.1,379,2872.5452500209376,2513.635149683063,0.12494497704962473,379,0,379,WO
query_cycle_6_182.graph,2,0.1,379,2872.5452500209376,3093.99586509657,0.07709212416201913,379,0,379,8_POSSA
query_cycle_6_182.graph,2,0.1,379,2872.5452500209376,3263.2913587315534,0.1360278340986161,379,0,379,MAB
query_cycle_6_182.graph,2,0.1,379,2872.5452500209376,2843.9370608894983,0.009959177886312072,379,0,379,PO
query_cycle_6_182.graph,2,0.1,379,2872.5452500209376,1093.4616783088231,0.6193404861765527,379,0,379,UN
query_cycle_6_182.graph,2,0.1,379,2872.5452500209376,3367.5275673337087,0.17231488949013535,379,0,379,WO
query_cycle_6_182.graph,3,0.1,379,2872.5452500209376,3174.403518603566,0.10508390375414571,379,0,379,8_POSSA
query_cycle_6_182.graph,3,0.1,379,2872.5452500209376,3104.135254614776,0.08062188214168264,379,0,379,MAB
query_cycle_6_182.graph,3,0.1,379,2872.5452500209376,3319.212476581991,0.15549527951136627,379,0,379,PO
query_cycle_6_182.graph,3,0.1,379,2872.5452500209376,2231.113380305714,0.22329739443114016,379,0,379,UN
query_cycle_6_182.graph,3,0.1,379,2872.5452500209376,2457.695973032928,0.14441870915174815,379,0,379,WO
query_cycle_6_182.graph,4,0.1,379,2872.5452500209376,3028.3797154470312,0.054249612055704874,379,0,379,8_POSSA
query_cycle_6_182.graph,4,0.1,379,2872.5452500209376,2971.6319504881394,0.03449439150400836,379,0,379,MAB
query_cycle_6_182.graph,4,0.1,379,2872.5452500209376,2198.4863817083447,0.2346556136261665,379,0,379,PO
query_cycle_6_182.graph,4,0.1,379,2872.5452500209376,7402.534020412425,1.5769947472049288,379,0,379,UN
query_cycle_6_182.graph,4,0.1,379,2872.5452500209376,4133.414093453334,0.4389378525623596,379,0,379,WO
query_cycle_6_182.graph,5,0.1,379,2872.5452500209376,2954.151883336553,0.028409172428187385,379,0,379,8_POSSA
query_cycle_6_182.graph,5,0.1,379,2872.5452500209376,2867.593052744012,0.0017239753758064033,379,0,379,MAB
query_cycle_6_182.graph,5,0.1,379,2872.5452500209376,3305.0823918459055,0.1505762674484641,379,0,379,PO
query_cycle_6_182.graph,5,0.1,379,2872.5452500209376,3858.1155779361934,0.3431000183228,379,0,379,UN
query_cycle_6_182.graph,5,0.1,379,2872.5452500209376,2794.2885901437394,0.02724296854040082,379,0,379,WO
query_cycle_6_184.graph,1,0.1,200,835.2571855169839,902.5844135967983,0.08060658351372589,200,0,200,8_POSSA
query_cycle_6_184.graph,1,0.1,200,835.2571855169839,871.7571766523259,0.043699104620992045,200,0,200,MAB
query_cycle_6_184.graph,1,0.1,200,835.2571855169839,848.2388718127845,0.015542142612955286,200,0,200,PO
query_cycle_6_184.graph,1,0.1,200,835.2571855169839,29.607039594618243,0.9645533853428715,200,0,200,UN
query_cycle_6_184.graph,1,0.1,200,835.2571855169839,1089.5747862975584,0.30447819568671436,200,0,200,WO
query_cycle_6_184.graph,2,0.1,200,835.2571855169839,861.0813316747417,0.03091759832245431,200,0,200,8_POSSA
query_cycle_6_184.graph,2,0.1,200,835.2571855169839,901.7908558786281,0.0796565076186242,200,0,200,MAB
query_cycle_6_184.graph,2,0.1,200,835.2571855169839,1026.6134173063238,0.22909857599237482,200,0,200,PO
query_cycle_6_184.graph,2,0.1,200,835.2571855169839,37.76558795207104,0.9547856772657441,200,0,200,UN
query_cycle_6_184.graph,2,0.1,200,835.2571855169839,708.1942127519679,0.1521243695573479,200,0,200,WO
query_cycle_6_184.graph,3,0.1,200,835.2571855169839,871.2853436574285,0.04313420915756013,200,0,200,8_POSSA
query_cycle_6_184.graph,3,0.1,200,835.2571855169839,1156.7703107964783,0.38492709892761146,200,0,200,MAB
query_cycle_6_184.graph,3,0.1,200,835.2571855169839,885.810877051288,0.06052470114700517,200,0,200,PO
query_cycle_6_184.graph,3,0.1,200,835.2571855169839,1336.1338739836144,0.5996676199278813,200,0,200,UN
query_cycle_6_184.graph,3,0.1,200,835.2571855169839,1236.3224876178058,0.48016983158616205,200,0,200,WO
query_cycle_6_184.graph,4,0.1,200,835.2571855169839,862.1770447605119,0.03222942551145595,200,0,200,8_POSSA
query_cycle_6_184.graph,4,0.1,200,835.2571855169839,1068.2405233119828,0.27893604728559557,200,0,200,MAB
query_cycle_6_184.graph,4,0.1,200,835.2571855169839,624.6522407192926,0.2521438288104483,200,0,200,PO
query_cycle_6_184.graph,4,0.1,200,835.2571855169839,501.30035406829404,0.3998251523475212,200,0,200,UN
query_cycle_6_184.graph,4,0.1,200,835.2571855169839,1075.5472574587245,0.2876839326955477,200,0,200,WO
query_cycle_6_184.graph,5,0.1,200,835.2571855169839,795.0485609209658,0.04813921423630846,200,0,200,8_POSSA
query_cycle_6_184.graph,5,0.1,200,835.2571855169839,717.1434082871305,0.1414100701890361,200,0,200,MAB
query_cycle_6_184.graph,5,0.1,200,835.2571855169839,942.0931718322029,0.12790789252425605,200,0,200,PO
query_cycle_6_184.graph,5,0.1,200,835.2571855169839,880.1449574859115,0.05374125807866501,200,0,200,UN
query_cycle_6_184.graph,5,0.1,200,835.2571855169839,436.1460383423619,0.4778302468928674,200,0,200,WO
query_cycle_6_186.graph,1,0.1,212,1085.2712215320912,990.5178799123545,0.08730844395373556,212,0,212,8_POSSA
query_cycle_6_186.graph,1,0.1,212,1085.2712215320912,1005.0132590868586,0.07395198624352298,212,0,212,MAB
query_cycle_6_186.graph,1,0.1,212,1085.2712215320912,1154.0291425518672,0.06335551856125837,212,0,212,PO
query_cycle_6_186.graph,1,0.1,212,1085.2712215320912,7891.263793378382,6.271236569083795,212,0,212,UN
query_cycle_6_186.graph,1,0.1,212,1085.2712215320912,821.4546307549421,0.24308816592843577,212,0,212,WO
query_cycle_6_186.graph,2,0.1,212,1085.2712215320912,1243.9084595945249,0.14617289661333085,212,0,212,8_POSSA
query_cycle_6_186.graph,2,0.1,212,1085.2712215320912,967.9254385626878,0.10812576675878764,212,0,212,MAB
query_cycle_6_186.graph,2,0.1,212,1085.2712215320912,1180.8170964558688,0.08803870684868453,212,0,212,PO
query_cycle_6_186.graph,2,0.1,212,1085.2712215320912,1052.0626957435995,0.030599287191648526,212,0,212,UN
query_cycle_6_186.graph,2,0.1,212,1085.2712215320912,980.2795378397442,0.09674234570057881,212,0,212,WO
query_cycle_6_186.graph,3,0.1,212,1085.2712215320912,1307.9410435329307,0.20517435419184313,212,0,212,8_POSSA
query_cycle_6_186.graph,3,0.1,212,1085.2712215320912,1235.510778437282,0.13843503257471035,212,0,212,MAB
query_cycle_6_186.graph,3,0.1,212,1085.2712215320912,1266.707465661501,0.16718055406764942,212,0,212,PO
query_cycle_6_186.graph,3,0.1,212,1085.2712215320912,140.74689296130475,0.8703117799782707,212,0,212,UN
query_cycle_6_186.graph,3,0.1,212,1085.2712215320912,1203.516669779287,0.10895474412402384,212,0,212,WO
query_cycle_6_186.graph,4,0.1,212,1085.2712215320912,1204.2042479938657,0.10958829839224449,212,0,212,8_POSSA
query_cycle_6_186.graph,4,0.1,212,1085.2712215320912,1383.31186728158,0.27462319080823033,212,0,212,MAB
query_cycle_6_186.graph,4,0.1,212,1085.2712215320912,1230.5156197607557,0.1338323502429385,212,0,212,PO
query_cycle_6_186.graph,4,0.1,212,1085.2712215320912,297.35063868873044,0.7260126014684544,212,0,212,UN
query_cycle_6_186.graph,4,0.1,212,1085.2712215320912,1772.5832646479128,0.6333090102080975,212,0,212,WO
query_cycle_6_186.graph,5,0.1,212,1085.2712215320912,967.4500399906917,0.10856381262470945,212,0,212,8_POSSA
query_cycle_6_186.graph,5,0.1,212,1085.2712215320912,1400.1612160488723,0.2901486635499713,212,0,212,MAB
query_cycle_6_186.graph,5,0.1,212,1085.2712215320912,1126.8637373325626,0.038324535816728525,212,0,212,PO
query_cycle_6_186.graph,5,0.1,212,1085.2712215320912,92.44148391963951,0.9148217679732273,212,0,212,UN
query_cycle_6_186.graph,5,0.1,212,1085.2712215320912,1693.3915779818933,0.5603395210197418,212,0,212,WO
query_cycle_6_187.graph,1,0.1,417,319.03919423168645,325.3172497138141,0.019678006952238286,417,0,417,8_POSSA
query_cycle_6_187.graph,1,0.1,417,319.03919423168645,367.29382558051304,0.15124985337627217,417,0,417,MAB
query_cycle_6_187.graph,1,0.1,417,319.03919423168645,321.11913800010353,0.006519398888986112,417,0,417,PO
query_cycle_6_187.graph,1,0.1,417,319.03919423168645,351.1987788712655,0.10080135989882408,417,0,417,UN
query_cycle_6_187.graph,1,0.1,417,319.03919423168645,291.939994029973,0.08494003461541473,417,0,417,WO
query_cycle_6_187.graph,2,0.1,417,319.03919423168645,347.0471070210557,0.08778831346041414,417,0,417,8_POSSA
query_cycle_6_187.graph,2,0.1,417,319.03919423168645,353.7031070442714,0.1086509539872145,417,0,417,MAB
query_cycle_6_187.graph,2,0.1,417,319.03919423168645,323.35472184904484,0.01352663777800431,417,0,417,PO
query_cycle_6_187.graph,2,0.1,417,319.03919423168645,935.8513817764634,1.9333429832349927,417,0,417,UN
query_cycle_6_187.graph,2,0.1,417,319.03919423168645,220.32063384515445,0.3094245540090053,417,0,417,WO
query_cycle_6_187.graph,3,0.1,417,319.03919423168645,336.7949561864689,0.055653857820015,417,0,417,8_POSSA
query_cycle_6_187.graph,3,0.1,417,319.03919423168645,294.80241471067785,0.07596803138678891,417,0,417,MAB
query_cycle_6_187.graph,3,0.1,417,319.03919423168645,347.3428415805511,0.08871526715401164,417,0,417,PO
query_cycle_6_187.graph,3,0.1,417,319.03919423168645,157.3170486807091,0.5069036923204321,417,0,417,UN
query_cycle_6_187.graph,3,0.1,417,319.03919423168645,397.9444323481729,0.2473214562446061,417,0,417,WO
query_cycle_6_187.graph,4,0.1,417,319.03919423168645,337.5120458888852,0.05790151176154164,417,0,417,8_POSSA
query_cycle_6_187.graph,4,0.1,417,319.03919423168645,306.89610081633305,0.03806144710400404,417,0,417,MAB
query_cycle_6_187.graph,4,0.1,417,319.03919423168645,320.9676853004436,0.006044683862123392,417,0,417,PO
query_cycle_6_187.graph,4,0.1,417,319.03919423168645,390.7713396816436,0.2248380347834794,417,0,417,UN
query_cycle_6_187.graph,4,0.1,417,319.03919423168645,371.19819244840124,0.16348774432660113,417,0,417,WO
query_cycle_6_187.graph,5,0.1,417,319.03919423168645,306.47839326839687,0.03937071428963025,417,0,417,8_POSSA
query_cycle_6_187.graph,5,0.1,417,319.03919423168645,375.74632504139083,0.17774346172816508,417,0,417,MAB
query_cycle_6_187.graph,5,0.1,417,319.03919423168645,336.6703962682935,0.055263435826644024,417,0,417,PO
query_cycle_6_187.graph,5,0.1,417,319.03919423168645,298.4399872798303,0.0645663834547457,417,0,417,UN
query_cycle_6_187.graph,5,0.1,417,319.03919423168645,413.9015724542688,0.29733769373079977,417,0,417,WO
query_cycle_6_190.graph,1,0.1,382,2872.5452500209376,2683.156467675906,0.06593065238699072,382,0,382,8_POSSA
query_cycle_6_190.graph,1,0.1,382,2872.5452500209376,2687.4022769244893,0.06445258715945337,382,0,382,MAB
query_cycle_6_190.graph,1,0.1,382,2872.5452500209376,2733.6389290708653,0.04835653013614315,382,0,382,PO
query_cycle_6_190.graph,1,0.1,382,2872.5452500209376,783.6379858158494,0.7271973397772803,382,0,382,UN
query_cycle_6_190.graph,1,0.1,382,2872.5452500209376,1713.0585871633023,0.40364435089375317,382,0,382,WO
query_cycle_6_190.graph,2,0.1,382,2872.5452500209376,2686.3734084480307,0.06481076027315844,382,0,382,8_POSSA
query_cycle_6_190.graph,2,0.1,382,2872.5452500209376,2583.9799623642048,0.10045630705195314,382,0,382,MAB
query_cycle_6_190.graph,2,0.1,382,2872.5452500209376,2528.482918735395,0.11977612233716246,382,0,382,PO
query_cycle_6_190.graph,2,0.1,382,2872.5452500209376,496.6909659701537,0.8270902900601711,382,0,382,UN
query_cycle_6_190.graph,2,0.1,382,2872.5452500209376,2307.6439966419807,0.1966553019051099,382,0,382,WO
query_cycle_6_190.graph,3,0.1,382,2872.5452500209376,2646.785122725024,0.07859236587979532,382,0,382,8_POSSA
query_cycle_6_190.graph,3,0.1,382,2872.5452500209376,3037.7212234540393,0.057501608871748065,382,0,382,MAB
query_cycle_6_190.graph,3,0.1,382,2872.5452500209376,2687.8424649567487,0.0642993474385974,382,0,382,PO
query_cycle_6_190.graph,3,0.1,382,2872.5452500209376,635.2940442483014,0.7788393257708749,382,0,382,UN
query_cycle_6_190.graph,3,0.1,382,2872.5452500209376,3596.0821909987335,0.251880084734095,382,0,382,WO
query_cycle_6_190.graph,4,0.1,382,2872.5452500209376,2681.418837423619,0.06653556200582927,382,0,382,8_POSSA
query_cycle_6_190.graph,4,0.1,382,2872.5452500209376,2821.203259798717,0.017873344283034758,382,0,382,MAB
query_cycle_6_190.graph,4,0.1,382,2872.5452500209376,2595.9341246421504,0.09629478434735571,382,0,382,PO
query_cycle_6_190.graph,4,0.1,382,2872.5452500209376,7702.421829207426,1.6813926879485306,382,0,382,UN
query_cycle_6_190.graph,4,0.1,382,2872.5452500209376,2782.510066670574,0.03134334728050235,382,0,382,WO
query_cycle_6_190.graph,5,0.1,382,2872.5452500209376,2735.1182378099143,0.047841548261083666,382,0,382,8_POSSA
query_cycle_6_190.graph,5,0.1,382,2872.5452500209376,2823.2532895709187,0.017159681104992035,382,0,382,MAB
query_cycle_6_190.graph,5,0.1,382,2872.5452500209376,2819.2773786955745,0.01854378841376819,382,0,382,PO
query_cycle_6_190.graph,5,0.1,382,2872.5452500209376,3989.7940805431595,0.38894037631402967,382,0,382,UN
query_cycle_6_190.graph,5,0.1,382,2872.5452500209376,3126.9327512256723,0.08855822243457452,382,0,382,WO
query_cycle_6_202.graph,1,0.1,174,2045.9078746770372,1736.497925854747,0.15123356855505182,174,0,174,8_POSSA
query_cycle_6_202.graph,1,0.1,174,2045.9078746770372,2086.2380618870175,0.019712611554587586,174,0,174,MAB
query_cycle_6_202.graph,1,0.1,174,2045.9078746770372,2075.706741516399,0.014565106869274647,174,0,174,PO
query_cycle_6_202.graph,1,0.1,174,2045.9078746770372,84.24777661493815,0.9588213244312199,174,0,174,UN
query_cycle_6_202.graph,1,0.1,174,2045.9078746770372,2056.8653869951327,0.005355819024757029,174,0,174,WO
query_cycle_6_202.graph,2,0.1,174,2045.9078746770372,1922.0624981061876,0.060533212713890915,174,0,174,8_POSSA
query_cycle_6_202.graph,2,0.1,174,2045.9078746770372,1995.4852019746174,0.02464562228168722,174,0,174,MAB
query_cycle_6_202.graph,2,0.1,174,2045.9078746770372,2347.175061752173,0.14725354489516942,174,0,174,PO
query_cycle_6_202.graph,2,0.1,174,2045.9078746770372,1042.4180942090743,0.4904862984734206,174,0,174,UN
query_cycle_6_202.graph,2,0.1,174,2045.9078746770372,1816.142991999883,0.11230460839465924,174,0,174,WO
query_cycle_6_202.graph,3,0.1,174,2045.9078746770372,2043.2259276423229,0.0013108835778530249,174,0,174,8_POSSA
query_cycle_6_202.graph,3,0.1,174,2045.9078746770372,2042.1398333973707,0.0018417453328690532,174,0,174,MAB
query_cycle_6_202.graph,3,0.1,174,2045.9078746770372,1453.0575382343577,0.2897737204009079,174,0,174,PO
query_cycle_6_202.graph,3,0.1,174,2045.9078746770372,1326.3416082302952,0.35171000383403445,174,0,174,UN
query_cycle_6_202.graph,3,0.1,174,2045.9078746770372,2073.208012098932,0.013343776501277963,174,0,174,WO
query_cycle_6_202.graph,4,0.1,174,2045.9078746770372,1910.6087981582316,0.06613155860703826,174,0,174,8_POSSA
query_cycle_6_202.graph,4,0.1,174,2045.9078746770372,1942.0392309475185,0.050768974016444986,174,0,174,MAB
query_cycle_6_202.graph,4,0.1,174,2045.9078746770372,2055.8198848942916,0.004844797920736831,174,0,174,PO
query_cycle_6_202.graph,4,0.1,174,2045.9078746770372,5762.337743812355,1.81651867864382,174,0,174,UN
query_cycle_6_202.graph,4,0.1,174,2045.9078746770372,2044.3299316962734,0.0007712678563363113,174,0,174,WO
query_cycle_6_202.graph,5,0.1,174,2045.9078746770372,1799.916455567546,0.12023582398514536,174,0,174,8_POSSA
query_cycle_6_202.graph,5,0.1,174,2045.9078746770372,1975.7011339131034,0.03431569017985059,174,0,174,MAB
query_cycle_6_202.graph,5,0.1,174,2045.9078746770372,1992.569924645353,0.026070553171952563,174,0,174,PO
query_cycle_6_202.graph,5,0.1,174,2045.9078746770372,9096.064382315211,3.4459794572867057,174,0,174,UN
query_cycle_6_202.graph,5,0.1,174,2045.9078746770372,1894.810142941064,0.07385363417686887,174,0,174,WO
query_cycle_6_39.graph,1,0.1,380,2872.5452500209376,2745.9656690794586,0.04406530443360513,380,0,380,8_POSSA
query_cycle_6_39.graph,1,0.1,380,2872.5452500209376,2324.529129468278,0.19077719334400922,380,0,380,MAB
query_cycle_6_39.graph,1,0.1,380,2872.5452500209376,2675.179544881032,0.06870760526347387,380,0,380,PO
query_cycle_6_39.graph,1,0.1,380,2872.5452500209376,427.5013605259265,0.8511768054749319,380,0,380,UN
query_cycle_6_39.graph,1,0.1,380,2872.5452500209376,3370.423885641518,0.1733231654460279,380,0,380,WO
query_cycle_6_39.graph,2,0.1,380,2872.5452500209376,2700.0882297045555,0.06003631111298424,380,0,380,8_POSSA
query_cycle_6_39.graph,2,0.1,380,2872.5452500209376,2822.2826312480797,0.017497589906544212,380,0,380,MAB
query_cycle_6_39.graph,2,0.1,380,2872.5452500209376,3416.398511174322,0.18932800489371582,380,0,380,PO
query_cycle_6_39.graph,2,0.1,380,2872.5452500209376,1158.4392988033765,0.59672026096197,380,0,380,UN
query_cycle_6_39.graph,2,0.1,380,2872.5452500209376,2468.4490921160887,0.14067529759606173,380,0,380,WO
query_cycle_6_39.graph,3,0.1,380,2872.5452500209376,2797.4456649321864,0.026143917171784766,380,0,380,8_POSSA
query_cycle_6_39.graph,3,0.1,380,2872.5452500209376,3009.8205580644626,0.047788736502070564,380,0,380,MAB
query_cycle_6_39.graph,3,0.1,380,2872.5452500209376,1771.282696210306,0.38337518053113506,380,0,380,PO
query_cycle_6_39.graph,3,0.1,380,2872.5452500209376,1167.4044076380926,0.5935992974768339,380,0,380,UN
query_cycle_6_39.graph,3,0.1,380,2872.5452500209376,2644.375151788509,0.07943133297230587,380,0,380,WO
query_cycle_6_39.graph,4,0.1,380,2872.5452500209376,2712.357612040076,0.055765052954237636,380,0,380,8_POSSA
query_cycle_6_39.graph,4,0.1,380,2872.5452500209376,3085.0161208448158,0.07396606574685968,380,0,380,MAB
query_cycle_6_39.graph,4,0.1,380,2872.5452500209376,2902.479662510526,0.010420867169758301,380,0,380,PO
query_cycle_6_39.graph,4,0.1,380,2872.5452500209376,391.99861739895266,0.8635361384138003,380,0,380,UN
query_cycle_6_39.graph,4,0.1,380,2872.5452500209376,2461.8732594537296,0.14296449831876962,380,0,380,WO
query_cycle_6_39.graph,5,0.1,380,2872.5452500209376,2866.2117065283064,0.0022048542116386207,380,0,380,8_POSSA
query_cycle_6_39.graph,5,0.1,380,2872.5452500209376,3002.069279065009,0.04509033549362798,380,0,380,MAB
query_cycle_6_39.graph,5,0.1,380,2872.5452500209376,2695.357889460557,0.06168305288109526,380,0,380,PO
query_cycle_6_39.graph,5,0.1,380,2872.5452500209376,199.66139503491272,0.9304932115400245,380,0,380,UN
query_cycle_6_39.graph,5,0.1,380,2872.5452500209376,2876.9594387775437,0.0015366820615180681,380,0,380,WO
query_cycle_6_45.graph,1,0.1,291,1440.986907367272,1489.776211113838,0.033858256100123496,291,0,291,8_POSSA
query_cycle_6_45.graph,1,0.1,291,1440.986907367272,1518.8541154641175,0.05403741539825052,291,0,291,MAB
query_cycle_6_45.graph,1,0.1,291,1440.986907367272,1425.9908052654853,0.01040682744937979,291,0,291,PO
query_cycle_6_45.graph,1,0.1,291,1440.986907367272,1175.4272019922626,0.18429015837499538,291,0,291,UN
query_cycle_6_45.graph,1,0.1,291,1440.986907367272,1139.70344856752,0.2090813297882118,291,0,291,WO
query_cycle_6_45.graph,2,0.1,291,1440.986907367272,1448.4894530202678,0.005206532838458097,291,0,291,8_POSSA
query_cycle_6_45.graph,2,0.1,291,1440.986907367272,1673.3006130160468,0.1612184708001402,291,0,291,MAB
query_cycle_6_45.graph,2,0.1,291,1440.986907367272,953.3712166725378,0.3383900909867552,291,0,291,PO
query_cycle_6_45.graph,2,0.1,291,1440.986907367272,2030.954409914625,0.4094190582378311,291,0,291,UN
query_cycle_6_45.graph,2,0.1,291,1440.986907367272,1504.3855853566884,0.0439967064692127,291,0,291,WO
query_cycle_6_45.graph,3,0.1,291,1440.986907367272,1434.847709136768,0.004260412221038507,291,0,291,8_POSSA
query_cycle_6_45.graph,3,0.1,291,1440.986907367272,1536.1544636006543,0.0660433177753547,291,0,291,MAB
query_cycle_6_45.graph,3,0.1,291,1440.986907367272,1454.532154152597,0.009399979081054074,291,0,291,PO
query_cycle_6_45.graph,3,0.1,291,1440.986907367272,205.18860475663382,0.8576055037644167,291,0,291,UN
query_cycle_6_45.graph,3,0.1,291,1440.986907367272,1263.6964509549678,0.12303405083410462,291,0,291,WO
query_cycle_6_45.graph,4,0.1,291,1440.986907367272,1468.2630840262764,0.018928816437922328,291,0,291,8_POSSA
query_cycle_6_45.graph,4,0.1,291,1440.986907367272,1729.8820765958717,0.20048424295292197,291,0,291,MAB
query_cycle_6_45.graph,4,0.1,291,1440.986907367272,1454.0756646947266,0.009083189625482619,291,0,291,PO
query_cycle_6_45.graph,4,0.1,291,1440.986907367272,466.03329161865605,0.6765874212763575,291,0,291,UN
query_cycle_6_45.graph,4,0.1,291,1440.986907367272,1289.6312145549844,0.10503613324899608,291,0,291,WO
query_cycle_6_45.graph,5,0.1,291,1440.986907367272,1472.2598996419315,0.021702481899572797,291,0,291,8_POSSA
query_cycle_6_45.graph,5,0.1,291,1440.986907367272,1344.506480925052,0.06695440877980813,291,0,291,MAB
query_cycle_6_45.graph,5,0.1,291,1440.986907367272,1485.652732924446,0.030996690760209517,291,0,291,PO
query_cycle_6_45.graph,5,0.1,291,1440.986907367272,660.7098370797706,0.5414879665444648,291,0,291,UN
query_cycle_6_45.graph,5,0.1,291,1440.986907367272,2378.5742181722017,0.6506563703052175,291,0,291,WO
query_cycle_6_54.graph,1,0.1,297,1440.986907367272,1404.6663759049934,0.025205316770460628,297,0,297,8_POSSA
query_cycle_6_54.graph,1,0.1,297,1440.986907367272,1496.729662306257,0.038683734497511106,297,0,297,MAB
query_cycle_6_54.graph,1,0.1,297,1440.986907367272,1235.0049388850778,0.14294506593299283,297,0,297,PO
query_cycle_6_54.graph,1,0.1,297,1440.986907367272,1550.2070089792649,0.07579534626830267,297,0,297,UN
query_cycle_6_54.graph,1,0.1,297,1440.986907367272,1500.5700047623702,0.041348812463507044,297,0,297,WO
query_cycle_6_54.graph,2,0.1,297,1440.986907367272,1483.1740104555845,0.02927653462541846,297,0,297,8_POSSA
query_cycle_6_54.graph,2,0.1,297,1440.986907367272,1561.320566586283,0.08350780885224304,297,0,297,MAB
query_cycle_6_54.graph,2,0.1,297,1440.986907367272,1510.6176313378835,0.048321552135285606,297,0,297,PO
query_cycle_6_54.graph,2,0.1,297,1440.986907367272,1758.10692665732,0.2200714091632076,297,0,297,UN
query_cycle_6_54.graph,2,0.1,297,1440.986907367272,1530.1931366323943,0.06190634266629455,297,0,297,WO
query_cycle_6_54.graph,3,0.1,297,1440.986907367272,1475.3554763765883,0.023850715668269906,297,0,297,8_POSSA
query_cycle_6_54.graph,3,0.1,297,1440.986907367272,1581.8629914568405,0.09776361143138602,297,0,297,MAB
query_cycle_6_54.graph,3,0.1,297,1440.986907367272,1427.5499224957177,0.009324848687281935,297,0,297,PO
query_cycle_6_54.graph,3,0.1,297,1440.986907367272,2383.7427271964502,0.6542431544722517,297,0,297,UN
query_cycle_6_54.graph,3,0.1,297,1440.986907367272,2947.6451693706276,1.045573873225585,297,0,297,WO
query_cycle_6_54.graph,4,0.1,297,1440.986907367272,1512.712974979764,0.049775655313578096,297,0,297,8_POSSA
query_cycle_6_54.graph,4,0.1,297,1440.986907367272,1319.492727169866,0.08431317423929939,297,0,297,MAB
query_cycle_6_54.graph,4,0.1,297,1440.986907367272,1226.9849635250705,0.14851067886049682,297,0,297,PO
query_cycle_6_54.graph,4,0.1,297,1440.986907367272,967.9368668881062,0.32828198372977785,297,0,297,UN
query_cycle_6_54.graph,4,0.1,297,1440.986907367272,1196.0838590843925,0.16995508219455294,297,0,297,WO
query_cycle_6_54.graph,5,0.1,297,1440.986907367272,1439.286867115989,0.001179774946317103,297,0,297,8_POSSA
query_cycle_6_54.graph,5,0.1,297,1440.986907367272,1279.8720503702984,0.11180868901254304,297,0,297,MAB
query_cycle_6_54.graph,5,0.1,297,1440.986907367272,1592.7336502530763,0.1053075098114878,297,0,297,PO
query_cycle_6_54.graph,5,0.1,297,1440.986907367272,387.34998514027194,0.7311911835146564,297,0,297,UN
query_cycle_6_54.graph,5,0.1,297,1440.986907367272,1675.5811739582512,0.1628011090118718,297,0,297,WO
query_cycle_6_58.graph,1,0.1,414,2936.26155161499,2681.1794348001713,0.08687309094604309,414,0,414,8_POSSA
query_cycle_6_58.graph,1,0.1,414,2936.26155161499,2724.8208013386184,0.07201018933755265,414,0,414,MAB
query_cycle_6_58.graph,1,0.1,414,2936.26155161499,3157.788248105871,0.07544515112049124,414,0,414,PO
query_cycle_6_58.graph,1,0.1,414,2936.26155161499,934.7160122940252,0.681664594293408,414,0,414,UN
query_cycle_6_58.graph,1,0.1,414,2936.26155161499,2381.8412071618554,0.1888184464180974,414,0,414,WO
query_cycle_6_58.graph,2,0.1,414,2936.26155161499,2763.622648297068,0.05879547863267425,414,0,414,8_POSSA
query_cycle_6_58.graph,2,0.1,414,2936.26155161499,2940.2132905779513,0.0013458402439618681,414,0,414,MAB
query_cycle_6_58.graph,2,0.1,414,2936.26155161499,2875.289384488867,0.020765237038433127,414,0,414,PO
query_cycle_6_58.graph,2,0.1,414,2936.26155161499,2229.866461064476,0.24057635130017133,414,0,414,UN
query_cycle_6_58.graph,2,0.1,414,2936.26155161499,3207.056232683197,0.09222430505867764,414,0,414,WO
query_cycle_6_58.graph,3,0.1,414,2936.26155161499,2872.2812846321076,0.02178970294648723,414,0,414,8_POSSA
query_cycle_6_58.graph,3,0.1,414,2936.26155161499,2672.4894151920303,0.089832643239115,414,0,414,MAB
query_cycle_6_58.graph,3,0.1,414,2936.26155161499,3027.757337628946,0.031160638930013584,414,0,414,PO
query_cycle_6_58.graph,3,0.1,414,2936.26155161499,371.74914806109484,0.8733937213949394,414,0,414,UN
query_cycle_6_58.graph,3,0.1,414,2936.26155161499,2461.1171168295746,0.16181951996887964,414,0,414,WO
query_cycle_6_58.graph,4,0.1,414,2936.26155161499,2999.434898950283,0.021514891035693515,414,0,414,8_POSSA
query_cycle_6_58.graph,4,0.1,414,2936.26155161499,2650.1947444604657,0.09742551953424687,414,0,414,MAB
query_cycle_6_58.graph,4,0.1,414,2936.26155161499,3161.839894666392,0.0768250168066024,414,0,414,PO
query_cycle_6_58.graph,4,0.1,414,2936.26155161499,23584.0210932427,7.0319892075932815,414,0,414,UN
query_cycle_6_58.graph,4,0.1,414,2936.26155161499,2871.599771578584,0.022021805244441212,414,0,414,WO
query_cycle_6_58.graph,5,0.1,414,2936.26155161499,2882.709754207873,0.018238088285310417,414,0,414,8_POSSA
query_cycle_6_58.graph,5,0.1,414,2936.26155161499,2684.853177497008,0.08562192764459402,414,0,414,MAB
query_cycle_6_58.graph,5,0.1,414,2936.26155161499,3492.327864366201,0.189379012385789,414,0,414,PO
query_cycle_6_58.graph,5,0.1,414,2936.26155161499,5317.875832964293,0.8111042696585998,414,0,414,UN
query_cycle_6_58.graph,5,0.1,414,2936.26155161499,3056.7302251488927,0.04102790961099605,414,0,414,WO
query_cycle_6_59.graph,1,0.1,418,319.03919423168645,294.40733816158627,0.07720636371784627,418,0,418,8_POSSA
query_cycle_6_59.graph,1,0.1,418,319.03919423168645,289.89901802252837,0.09133729252085708,418,0,418,MAB
query_cycle_6_59.graph,1,0.1,418,319.03919423168645,313.1055427506825,0.018598503219309562,418,0,418,PO
query_cycle_6_59.graph,1,0.1,418,319.03919423168645,282.8035577000054,0.11357738229920024,418,0,418,UN
query_cycle_6_59.graph,1,0.1,418,319.03919423168645,213.5009911191559,0.33080011804408155,418,0,418,WO
query_cycle_6_59.graph,2,0.1,418,319.03919423168645,325.71809026605075,0.020934406038883364,418,0,418,8_POSSA
query_cycle_6_59.graph,2,0.1,418,319.03919423168645,354.62582023419685,0.11154311647573736,418,0,418,MAB
query_cycle_6_59.graph,2,0.1,418,319.03919423168645,293.9489191213475,0.07864323745789797,418,0,418,PO
query_cycle_6_59.graph,2,0.1,418,319.03919423168645,540.9091738315424,0.6954317325624068,418,0,418,UN
query_cycle_6_59.graph,2,0.1,418,319.03919423168645,297.9721407115062,0.06603280694371785,418,0,418,WO
query_cycle_6_59.graph,3,0.1,418,319.03919423168645,321.9900179921215,0.009249094825296547,418,0,418,8_POSSA
query_cycle_6_59.graph,3,0.1,418,319.03919423168645,297.86723974597356,0.06636160969720166,418,0,418,MAB
query_cycle_6_59.graph,3,0.1,418,319.03919423168645,299.31360471845903,0.06182810723532196,418,0,418,PO
query_cycle_6_59.graph,3,0.1,418,319.03919423168645,70.68949278505218,0.7784300673298546,418,0,418,UN
query_cycle_6_59.graph,3,0.1,418,319.03919423168645,202.96339087111895,0.3638292895018823,418,0,418,WO
query_cycle_6_59.graph,4,0.1,418,319.03919423168645,318.60488251751184,0.0013613114690203692,418,0,418,8_POSSA
query_cycle_6_59.graph,4,0.1,418,319.03919423168645,315.0616459087571,0.012467271717219964,418,0,418,MAB
query_cycle_6_59.graph,4,0.1,418,319.03919423168645,286.11661411301213,0.1031929014175165,418,0,418,PO
query_cycle_6_59.graph,4,0.1,418,319.03919423168645,596.7863653163429,0.8705738232367659,418,0,418,UN
query_cycle_6_59.graph,4,0.1,418,319.03919423168645,374.0077341314791,0.172294003036738,418,0,418,WO
query_cycle_6_59.graph,5,0.1,418,319.03919423168645,291.7788383997605,0.08544516261575517,418,0,418,8_POSSA
query_cycle_6_59.graph,5,0.1,418,319.03919423168645,314.1403120803246,0.015355110719732772,418,0,418,MAB
query_cycle_6_59.graph,5,0.1,418,319.03919423168645,314.59110278548366,0.013942147318026978,418,0,418,PO
query_cycle_6_59.graph,5,0.1,418,319.03919423168645,300.73210363842895,0.05738194843848207,418,0,418,UN
query_cycle_6_59.graph,5,0.1,418,319.03919423168645,332.5669609765296,0.042401582593702414,418,0,418,WO
query_cycle_6_60.graph,1,0.1,183,2315.4937853527836,2205.1612409290124,0.047649682811375445,183,0,183,8_POSSA
query_cycle_6_60.graph,1,0.1,183,2315.4937853527836,2079.9514964962764,0.1017244314566884,183,0,183,MAB
query_cycle_6_60.graph,1,0.1,183,2315.4937853527836,2326.686292280969,0.004833745181691484,183,0,183,PO
query_cycle_6_60.graph,1,0.1,183,2315.4937853527836,2812.3449669866986,0.21457677182157323,183,0,183,UN
query_cycle_6_60.graph,1,0.1,183,2315.4937853527836,2453.9787551223153,0.05980796435108224,183,0,183,WO
query_cycle_6_60.graph,2,0.1,183,2315.4937853527836,2505.678736070519,0.08213580702345058,183,0,183,8_POSSA
query_cycle_6_60.graph,2,0.1,183,2315.4937853527836,2016.6190081789507,0.12907604376415846,183,0,183,MAB
query_cycle_6_60.graph,2,0.1,183,2315.4937853527836,2533.873165593944,0.09431222904702755,183,0,183,PO
query_cycle_6_60.graph,2,0.1,183,2315.4937853527836,5683.268212385582,1.454451939511335,183,0,183,UN
query_cycle_6_60.graph,2,0.1,183,2315.4937853527836,3495.8316487793545,0.5097564376519098,183,0,183,WO
query_cycle_6_60.graph,3,0.1,183,2315.4937853527836,2592.3212494787836,0.11955439737179997,183,0,183,8_POSSA
query_cycle_6_60.graph,3,0.1,183,2315.4937853527836,2452.8541984519584,0.05932229832275144,183,0,183,MAB
query_cycle_6_60.graph,3,0.1,183,2315.4937853527836,2425.04099764392,0.0473105188120581,183,0,183,PO
query_cycle_6_60.graph,3,0.1,183,2315.4937853527836,11694.867071956933,4.0507011273084155,183,0,183,UN
query_cycle_6_60.graph,3,0.1,183,2315.4937853527836,3274.74934179841,0.41427688664665385,183,0,183,WO
query_cycle_6_60.graph,4,0.1,183,2315.4937853527836,2417.8276001645313,0.04419524485839049,183,0,183,8_POSSA
query_cycle_6_60.graph,4,0.1,183,2315.4937853527836,4246.6645049995595,0.8340211197554767,183,0,183,MAB
query_cycle_6_60.graph,4,0.1,183,2315.4937853527836,2477.8696114630984,0.07012578791507126,183,0,183,PO
query_cycle_6_60.graph,4,0.1,183,2315.4937853527836,3270.6904603030575,0.41252396399964525,183,0,183,UN
query_cycle_6_60.graph,4,0.1,183,2315.4937853527836,3617.518352430777,0.5623096789610342,183,0,183,WO
query_cycle_6_60.graph,5,0.1,183,2315.4937853527836,2572.065578407344,0.11080651335692095,183,0,183,8_POSSA
query_cycle_6_60.graph,5,0.1,183,2315.4937853527836,2521.6854256879355,0.08904866929009575,183,0,183,MAB
query_cycle_6_60.graph,5,0.1,183,2315.4937853527836,2707.5805609901167,0.1693318194665747,183,0,183,PO
query_cycle_6_60.graph,5,0.1,183,2315.4937853527836,2523.7937338996157,0.08995919136751043,183,0,183,UN
query_cycle_6_60.graph,5,0.1,183,2315.4937853527836,2434.2615613054522,0.05129263429855135,183,0,183,WO
query_cycle_6_61.graph,1,0.1,173,2045.9078746770372,2224.9857321261634,0.08752977573704049,173,0,173,8_POSSA
query_cycle_6_61.graph,1,0.1,173,2045.9078746770372,1876.7148257725291,0.08269827346513171,173,0,173,MAB
query_cycle_6_61.graph,1,0.1,173,2045.9078746770372,2969.7531296624807,0.4515576025784053,173,0,173,PO
query_cycle_6_61.graph,1,0.1,173,2045.9078746770372,1925.287329362124,0.058956977881496314,173,0,173,UN
query_cycle_6_61.graph,1,0.1,173,2045.9078746770372,1948.3532096513334,0.047682823959560534,173,0,173,WO
query_cycle_6_61.graph,2,0.1,173,2045.9078746770372,2115.3140764863806,0.033924402300030125,173,0,173,8_POSSA
query_cycle_6_61.graph,2,0.1,173,2045.9078746770372,2080.6928006800376,0.017002195667530504,173,0,173,MAB
query_cycle_6_61.graph,2,0.1,173,2045.9078746770372,2336.968533361435,0.1422647922161912,173,0,173,PO
query_cycle_6_61.graph,2,0.1,173,2045.9078746770372,2484.958483715172,0.21459940326366964,173,0,173,UN
query_cycle_6_61.graph,2,0.1,173,2045.9078746770372,1975.772644039063,0.034280737420322824,173,0,173,WO
query_cycle_6_61.graph,3,0.1,173,2045.9078746770372,2187.025144053383,0.06897537817953914,173,0,173,8_POSSA
query_cycle_6_61.graph,3,0.1,173,2045.9078746770372,2167.88354470699,0.059619336500773626,173,0,173,MAB
query_cycle_6_61.graph,3,0.1,173,2045.9078746770372,2967.6894447307086,0.45054891349845455,173,0,173,PO
query_cycle_6_61.graph,3,0.1,173,2045.9078746770372,1879.6774993352687,0.08125017621724986,173,0,173,UN
query_cycle_6_61.graph,3,0.1,173,2045.9078746770372,4684.3035184409555,1.289596504525117,173,0,173,WO
query_cycle_6_61.graph,4,0.1,173,2045.9078746770372,1965.8888411662397,0.039111748139406884,173,0,173,8_POSSA
query_cycle_6_61.graph,4,0.1,173,2045.9078746770372,1938.6402397062243,0.05243033486429389,173,0,173,MAB
query_cycle_6_61.graph,4,0.1,173,2045.9078746770372,2296.060880948371,0.12226992689532637,173,0,173,PO
query_cycle_6_61.graph,4,0.1,173,2045.9078746770372,166.46111916408586,0.9186370406876883,173,0,173,UN
query_cycle_6_61.graph,4,0.1,173,2045.9078746770372,1872.067439561434,0.08496982550743899,173,0,173,WO
query_cycle_6_61.graph,5,0.1,173,2045.9078746770372,2129.7241372551757,0.04096775989552785,173,0,173,8_POSSA
query_cycle_6_61.graph,5,0.1,173,2045.9078746770372,1803.9434857218828,0.11826748992466261,173,0,173,MAB
query_cycle_6_61.graph,5,0.1,173,2045.9078746770372,2556.4546433615697,0.24954533632904968,173,0,173,PO
query_cycle_6_61.graph,5,0.1,173,2045.9078746770372,3737.8091355605093,0.8269684484940713,173,0,173,UN
query_cycle_6_61.graph,5,0.1,173,2045.9078746770372,2670.7861470945636,0.3054283529341068,173,0,173,WO
query_cycle_6_62.graph,1,0.1,183,2239.2607863702233,2268.993081592102,0.013277727812165168,183,0,183,8_POSSA
query_cycle_6_62.graph,1,0.1,183,2239.2607863702233,2575.785313797357,0.15028375858473825,183,0,183,MAB
query_cycle_6_62.graph,1,0.1,183,2239.2607863702233,2237.6141160132033,0.0007353633694846065,183,0,183,PO
query_cycle_6_62.graph,1,0.1,183,2239.2607863702233,1263.4971210365743,0.43575258016969676,183,0,183,UN
query_cycle_6_62.graph,1,0.1,183,2239.2607863702233,2399.2399687516427,0.07144285442551825,183,0,183,WO
query_cycle_6_62.graph,2,0.1,183,2239.2607863702233,2270.875745329688,0.014118480148402751,183,0,183,8_POSSA
query_cycle_6_62.graph,2,0.1,183,2239.2607863702233,2262.867242145228,0.010542075277114111,183,0,183,MAB
query_cycle_6_62.graph,2,0.1,183,2239.2607863702233,2407.6835086475253,0.07521353622697531,183,0,183,PO
query_cycle_6_62.graph,2,0.1,183,2239.2607863702233,696.633959600436,0.6889000317244606,183,0,183,UN
query_cycle_6_62.graph,2,0.1,183,2239.2607863702233,2364.830647223979,0.056076479174764195,183,0,183,WO
query_cycle_6_62.graph,3,0.1,183,2239.2607863702233,2126.145160951817,0.05051471722584097,183,0,183,8_POSSA
query_cycle_6_62.graph,3,0.1,183,2239.2607863702233,1977.6218570287313,0.11684165191210316,183,0,183,MAB
query_cycle_6_62.graph,3,0.1,183,2239.2607863702233,2384.8667530816883,0.06502412206641107,183,0,183,PO
query_cycle_6_62.graph,3,0.1,183,2239.2607863702233,9.015423398147428,0.9959739287835423,183,0,183,UN
query_cycle_6_62.graph,3,0.1,183,2239.2607863702233,1784.4869415944936,0.2030910591315739,183,0,183,WO
query_cycle_6_62.graph,4,0.1,183,2239.2607863702233,2141.33555017389,0.04373105481611504,183,0,183,8_POSSA
query_cycle_6_62.graph,4,0.1,183,2239.2607863702233,1983.231171809436,0.11433666686755309,183,0,183,MAB
query_cycle_6_62.graph,4,0.1,183,2239.2607863702233,1910.0148797224979,0.147033301637646,183,0,183,PO
query_cycle_6_62.graph,4,0.1,183,2239.2607863702233,8654.162002324994,2.8647405675125226,183,0,183,UN
query_cycle_6_62.graph,4,0.1,183,2239.2607863702233,2063.8884674700107,0.0783170589007125,183,0,183,WO
query_cycle_6_62.graph,5,0.1,183,2239.2607863702233,2144.90466811316,0.04213717260239791,183,0,183,8_POSSA
query_cycle_6_62.graph,5,0.1,183,2239.2607863702233,2033.8810127664242,0.09171766631822895,183,0,183,MAB
query_cycle_6_62.graph,5,0.1,183,2239.2607863702233,1526.7455783774078,0.31819215177155935,183,0,183,PO
query_cycle_6_62.graph,5,0.1,183,2239.2607863702233,52.44923307975319,0.9765774342144525,183,0,183,UN
query_cycle_6_62.graph,5,0.1,183,2239.2607863702233,3722.0009590530385,0.6621560926301461,183,0,183,WO
query_cycle_6_63.graph,1,0.1,503,3762.768119913408,3832.8719338061956,0.018630915235457225,503,0,503,8_POSSA
query_cycle_6_63.graph,1,0.1,503,3762.768119913408,3353.09580737301,0.10887524808460054,503,0,503,MAB
query_cycle_6_63.graph,1,0.1,503,3762.768119913408,4299.7526571208155,0.1427099731087774,503,0,503,PO
query_cycle_6_63.graph,1,0.1,503,3762.768119913408,3090.1723774516495,0.1787502500890852,503,0,503,UN
query_cycle_6_63.graph,1,0.1,503,3762.768119913408,4326.136123565616,0.14972169044133724,503,0,503,WO
query_cycle_6_63.graph,2,0.1,503,3762.768119913408,3889.683408206255,0.03372923450190379,503,0,503,8_POSSA
query_cycle_6_63.graph,2,0.1,503,3762.768119913408,3524.7806627903146,0.06324797317794066,503,0,503,MAB
query_cycle_6_63.graph,2,0.1,503,3762.768119913408,4304.3450794033715,0.14393046348612804,503,0,503,PO
query_cycle_6_63.graph,2,0.1,503,3762.768119913408,443.6062221687479,0.8821064152688323,503,0,503,UN
query_cycle_6_63.graph,2,0.1,503,3762.768119913408,3730.2988366130517,0.008629094928417659,503,0,503,WO
query_cycle_6_63.graph,3,0.1,503,3762.768119913408,3865.804427976369,0.02738311391490476,503,0,503,8_POSSA
query_cycle_6_63.graph,3,0.1,503,3762.768119913408,3326.5536109214336,0.11592914978827158,503,0,503,MAB
query_cycle_6_63.graph,3,0.1,503,3762.768119913408,4672.674668080102,0.24181839517329412,503,0,503,PO
query_cycle_6_63.graph,3,0.1,503,3762.768119913408,794.9574684970887,0.7887306782764538,503,0,503,UN
query_cycle_6_63.graph,3,0.1,503,3762.768119913408,2790.943163022903,0.25827394245938007,503,0,503,WO
query_cycle_6_63.graph,4,0.1,503,3762.768119913408,3724.6838182194506,0.010121352281158888,503,0,503,8_POSSA
query_cycle_6_63.graph,4,0.1,503,3762.768119913408,3728.574610584839,0.009087328328208575,503,0,503,MAB
query_cycle_6_63.graph,4,0.1,503,3762.768119913408,3332.58631604086,0.11432588726260601,503,0,503,PO
query_cycle_6_63.graph,4,0.1,503,3762.768119913408,2758.5255789229423,0.26688929771563397,503,0,503,UN
query_cycle_6_63.graph,4,0.1,503,3762.768119913408,3257.5664351657674,0.1342633052709256,503,0,503,WO
query_cycle_6_63.graph,5,0.1,503,3762.768119913408,3715.330865859566,0.012607009664718243,503,0,503,8_POSSA
query_cycle_6_63.graph,5,0.1,503,3762.768119913408,3542.821541987647,0.058453396785668195,503,0,503,MAB
query_cycle_6_63.graph,5,0.1,503,3762.768119913408,4128.387044271701,0.0971675406792557,503,0,503,PO
query_cycle_6_63.graph,5,0.1,503,3762.768119913408,2218.3866001047954,0.41043760088095815,503,0,503,UN
query_cycle_6_63.graph,5,0.1,503,3762.768119913408,3436.750363813661,0.08664306322103361,503,0,503,WO
query_cycle_6_65.graph,1,0.1,734,351.3812811612496,355.41033013395577,0.011466316473634875,734,0,734,8_POSSA
query_cycle_6_65.graph,1,0.1,734,351.3812811612496,385.3613486980844,0.09670426217508513,734,0,734,MAB
query_cycle_6_65.graph,1,0.1,734,351.3812811612496,338.70880161462844,0.036064754231474656,734,0,734,PO
query_cycle_6_65.graph,1,0.1,734,351.3812811612496,98.52627191534025,0.7196029578191265,734,0,734,UN
query_cycle_6_65.graph,1,0.1,734,351.3812811612496,263.63130476664935,0.249728659718591,734,0,734,WO
query_cycle_6_65.graph,2,0.1,734,351.3812811612496,363.72102570883766,0.03511781989867958,734,0,734,8_POSSA
query_cycle_6_65.graph,2,0.1,734,351.3812811612496,360.7865214550629,0.02676648073776359,734,0,734,MAB
query_cycle_6_65.graph,2,0.1,734,351.3812811612496,367.8524432526474,0.04687546825762507,734,0,734,PO
query_cycle_6_65.graph,2,0.1,734,351.3812811612496,1001.2262722226874,1.8494012797546338,734,0,734,UN
query_cycle_6_65.graph,2,0.1,734,351.3812811612496,366.0811919166865,0.04183464385711286,734,0,734,WO
query_cycle_6_65.graph,3,0.1,734,351.3812811612496,336.49779917662073,0.04235707131421953,734,0,734,8_POSSA
query_cycle_6_65.graph,3,0.1,734,351.3812811612496,364.42970636042816,0.03713466225649796,734,0,734,MAB
query_cycle_6_65.graph,3,0.1,734,351.3812811612496,249.2215855479109,0.29073744416811265,734,0,734,PO
query_cycle_6_65.graph,3,0.1,734,351.3812811612496,340.8953832567418,0.029841936570593225,734,0,734,UN
query_cycle_6_65.graph,3,0.1,734,351.3812811612496,346.09105195239306,0.015055523707390796,734,0,734,WO
query_cycle_6_65.graph,4,0.1,734,351.3812811612496,345.6343173313657,0.016355349980201713,734,0,734,8_POSSA
query_cycle_6_65.graph,4,0.1,734,351.3812811612496,343.11471938129614,0.02352590255415433,734,0,734,MAB
query_cycle_6_65.graph,4,0.1,734,351.3812811612496,354.2986535162259,0.008302583294519624,734,0,734,PO
query_cycle_6_65.graph,4,0.1,734,351.3812811612496,225.96687245940424,0.35691829766051886,734,0,734,UN
query_cycle_6_65.graph,4,0.1,734,351.3812811612496,435.7534988452208,0.24011585763799584,734,0,734,WO
query_cycle_6_65.graph,5,0.1,734,351.3812811612496,347.1644381639768,0.012000761632312703,734,0,734,8_POSSA
query_cycle_6_65.graph,5,0.1,734,351.3812811612496,350.9079464154178,0.0013470687575259984,734,0,734,MAB
query_cycle_6_65.graph,5,0.1,734,351.3812811612496,356.625863214722,0.01492561594670054,734,0,734,PO
query_cycle_6_65.graph,5,0.1,734,351.3812811612496,603.2234212937403,0.7167204220446787,734,0,734,UN
query_cycle_6_65.graph,5,0.1,734,351.3812811612496,356.51386364326356,0.014606875087516702,734,0,734,WO
query_cycle_6_66.graph,1,0.1,362,3370.863917132832,3316.0895878094993,0.016249344580460578,362,0,362,8_POSSA
query_cycle_6_66.graph,1,0.1,362,3370.863917132832,3388.9368024077676,0.005361499520368672,362,0,362,MAB
query_cycle_6_66.graph,1,0.1,362,3370.863917132832,3867.4487097771953,0.14731677245124314,362,0,362,PO
query_cycle_6_66.graph,1,0.1,362,3370.863917132832,27460.454011504586,7.146414298107212,362,0,362,UN
query_cycle_6_66.graph,1,0.1,362,3370.863917132832,4545.783719617136,0.3485515379344236,362,0,362,WO
query_cycle_6_66.graph,2,0.1,362,3370.863917132832,3282.9012778097763,0.026094983803995938,362,0,362,8_POSSA
query_cycle_6_66.graph,2,0.1,362,3370.863917132832,3187.8010140890024,0.05430741422499724,362,0,362,MAB
query_cycle_6_66.graph,2,0.1,362,3370.863917132832,3224.4282560578877,0.0434415819430345,362,0,362,PO
query_cycle_6_66.graph,2,0.1,362,3370.863917132832,457.46497592978545,0.8642885066927017,362,0,362,UN
query_cycle_6_66.graph,2,0.1,362,3370.863917132832,3174.3184604275807,0.058307146635699116,362,0,362,WO
query_cycle_6_66.graph,3,0.1,362,3370.863917132832,3273.7741367680496,0.0288026401396127,362,0,362,8_POSSA
query_cycle_6_66.graph,3,0.1,362,3370.863917132832,2904.414128911994,0.13837692641641489,362,0,362,MAB
query_cycle_6_66.graph,3,0.1,362,3370.863917132832,3676.33550666972,0.09062115737876307,362,0,362,PO
query_cycle_6_66.graph,3,0.1,362,3370.863917132832,5437.742186498822,0.6131598071523523,362,0,362,UN
query_cycle_6_66.graph,3,0.1,362,3370.863917132832,2622.1056718615428,0.2221265122764621,362,0,362,WO
query_cycle_6_66.graph,4,0.1,362,3370.863917132832,3275.5470460144047,0.028276689140124392,362,0,362,8_POSSA
query_cycle_6_66.graph,4,0.1,362,3370.863917132832,3217.430775872967,0.04551745339822887,362,0,362,MAB
query_cycle_6_66.graph,4,0.1,362,3370.863917132832,3151.7084434877056,0.06501463097671831,362,0,362,PO
query_cycle_6_66.graph,4,0.1,362,3370.863917132832,120.68372804447878,0.9641979827690199,362,0,362,UN
query_cycle_6_66.graph,4,0.1,362,3370.863917132832,2782.7914655234845,0.174457488070164,362,0,362,WO
query_cycle_6_66.graph,5,0.1,362,3370.863917132832,3241.7876983237543,0.038291732322100494,362,0,362,8_POSSA
query_cycle_6_66.graph,5,0.1,362,3370.863917132832,3675.49044669871,0.0903704620105179,362,0,362,MAB
query_cycle_6_66.graph,5,0.1,362,3370.863917132832,3419.9526113874253,0.014562644906872145,362,0,362,PO
query_cycle_6_66.graph,5,0.1,362,3370.863917132832,78.20219208917483,0.9768005490545902,362,0,362,UN
query_cycle_6_66.graph,5,0.1,362,3370.863917132832,3742.8412264644776,0.11035073455235768,362,0,362,WO
query_cycle_6_68.graph,1,0.1,384,2872.5452500209376,2900.1620852991105,0.009614064487921143,384,0,384,8_POSSA
query_cycle_6_68.graph,1,0.1,384,2872.5452500209376,2546.8679318311106,0.11337587047147585,384,0,384,MAB
query_cycle_6_68.graph,1,0.1,384,2872.5452500209376,2725.567403299053,0.05116641651539293,384,0,384,PO
query_cycle_6_68.graph,1,0.1,384,2872.5452500209376,1907.3644300017252,0.3360019550648253,384,0,384,UN
query_cycle_6_68.graph,1,0.1,384,2872.5452500209376,2402.940626379538,0.16348032242067434,384,0,384,WO
query_cycle_6_68.graph,2,0.1,384,2872.5452500209376,2739.9064485346976,0.04617466042885599,384,0,384,8_POSSA
query_cycle_6_68.graph,2,0.1,384,2872.5452500209376,2883.486291333363,0.0038088316667407836,384,0,384,MAB
query_cycle_6_68.graph,2,0.1,384,2872.5452500209376,3131.863238727873,0.09027464013144626,384,0,384,PO
query_cycle_6_68.graph,2,0.1,384,2872.5452500209376,2469.5212466116923,0.14030205560950093,384,0,384,UN
query_cycle_6_68.graph,2,0.1,384,2872.5452500209376,3307.8122960082633,0.15152661075892646,384,0,384,WO
query_cycle_6_68.graph,3,0.1,384,2872.5452500209376,2857.0005086002648,0.005411487049876597,384,0,384,8_POSSA
query_cycle_6_68.graph,3,0.1,384,2872.5452500209376,2488.3416847990234,0.13375022211368606,384,0,384,MAB
query_cycle_6_68.graph,3,0.1,384,2872.5452500209376,2836.575629884908,0.012521863715033771,384,0,384,PO
query_cycle_6_68.graph,3,0.1,384,2872.5452500209376,1047.8671211059525,0.6352130149739801,384,0,384,UN
query_cycle_6_68.graph,3,0.1,384,2872.5452500209376,2872.6488133186804,3.605279942657539e-05,384,0,384,WO
query_cycle_6_68.graph,4,0.1,384,2872.5452500209376,2905.007807899909,0.01130097354558116,384,0,384,8_POSSA
query_cycle_6_68.graph,4,0.1,384,2872.5452500209376,2884.722781135142,0.004239282606293444,384,0,384,MAB
query_cycle_6_68.graph,4,0.1,384,2872.5452500209376,2431.6148002975774,0.15349817369113553,384,0,384,PO
query_cycle_6_68.graph,4,0.1,384,2872.5452500209376,4929.970363098759,0.7162376686887091,384,0,384,UN
query_cycle_6_68.graph,4,0.1,384,2872.5452500209376,2827.0185279137827,0.015848913818441352,384,0,384,WO
query_cycle_6_68.graph,5,0.1,384,2872.5452500209376,2905.5519872711325,0.011490415076996364,384,0,384,8_POSSA
query_cycle_6_68.graph,5,0.1,384,2872.5452500209376,2547.248035852749,0.11324354739610018,384,0,384,MAB
query_cycle_6_68.graph,5,0.1,384,2872.5452500209376,2993.876581914553,0.04223826653130386,384,0,384,PO
query_cycle_6_68.graph,5,0.1,384,2872.5452500209376,970.5052690098504,0.6621444800555268,384,0,384,UN
query_cycle_6_68.graph,5,0.1,384,2872.5452500209376,2725.384733352168,0.051230008184447895,384,0,384,WO
query_cycle_6_72.graph,1,0.1,201,835.2571855169839,684.6011393086188,0.18037084723206093,201,0,201,8_POSSA
query_cycle_6_72.graph,1,0.1,201,835.2571855169839,725.6662569717626,0.13120620863308088,201,0,201,MAB
query_cycle_6_72.graph,1,0.1,201,835.2571855169839,685.3853817982606,0.1794319238642166,201,0,201,PO
query_cycle_6_72.graph,1,0.1,201,835.2571855169839,281.67963945101235,0.6627629856585235,201,0,201,UN
query_cycle_6_72.graph,1,0.1,201,835.2571855169839,562.3407963588089,0.3267453353175919,201,0,201,WO
query_cycle_6_72.graph,2,0.1,201,835.2571855169839,743.9401129353905,0.10932808979676424,201,0,201,8_POSSA
query_cycle_6_72.graph,2,0.1,201,835.2571855169839,608.1659244928726,0.27188184066151166,201,0,201,MAB
query_cycle_6_72.graph,2,0.1,201,835.2571855169839,738.7076253618245,0.11559261246630266,201,0,201,PO
query_cycle_6_72.graph,2,0.1,201,835.2571855169839,641.6074052396907,0.23184449488744394,201,0,201,UN
query_cycle_6_72.graph,2,0.1,201,835.2571855169839,662.8364117982298,0.20642836327356334,201,0,201,WO
query_cycle_6_72.graph,3,0.1,201,835.2571855169839,680.012857134733,0.18586410398392694,201,0,201,8_POSSA
query_cycle_6_72.graph,3,0.1,201,835.2571855169839,,,201,0,201,MAB
query_cycle_6_72.graph,3,0.1,201,835.2571855169839,715.2364957890612,0.143693094545048,201,0,201,PO
query_cycle_6_72.graph,3,0.1,201,835.2571855169839,102.8571745060884,0.8768556843453854,201,0,201,UN
query_cycle_6_72.graph,3,0.1,201,835.2571855169839,836.796287724756,0.0018426686228619022,201,0,201,WO
query_cycle_6_72.graph,4,0.1,201,835.2571855169839,684.33427775671,0.18069034349804475,201,0,201,8_POSSA
query_cycle_6_72.graph,4,0.1,201,835.2571855169839,638.6933518690812,0.23533330458718432,201,0,201,MAB
query_cycle_6_72.graph,4,0.1,201,835.2571855169839,622.3606078932676,0.2548874542060283,201,0,201,PO
query_cycle_6_72.graph,4,0.1,201,835.2571855169839,116.92780355298522,0.8600098202320612,201,0,201,UN
query_cycle_6_72.graph,4,0.1,201,835.2571855169839,1332.3029876277808,0.5950811447412446,201,0,201,WO
query_cycle_6_72.graph,5,0.1,201,835.2571855169839,567.4619826127822,0.3206140665984805,201,0,201,8_POSSA
query_cycle_6_72.graph,5,0.1,201,835.2571855169839,699.0627827612172,0.1630568465824917,201,0,201,MAB
query_cycle_6_72.graph,5,0.1,201,835.2571855169839,626.0820259489668,0.2504320384128725,201,0,201,PO
query_cycle_6_72.graph,5,0.1,201,835.2571855169839,500.8620064385687,0.40034995792516376,201,0,201,UN
query_cycle_6_72.graph,5,0.1,201,835.2571855169839,685.4446791504903,0.17936093093741767,201,0,201,WO
query_cycle_6_73.graph,1,0.1,129,400.94930875576034,463.59787277625543,0.15625058493032015,129,0,129,8_POSSA
query_cycle_6_73.graph,1,0.1,129,400.94930875576034,455.3665342018045,0.13572096087386593,129,0,129,MAB
query_cycle_6_73.graph,1,0.1,129,400.94930875576034,409.5618577032994,0.02148039355465108,129,0,129,PO
query_cycle_6_73.graph,1,0.1,129,400.94930875576034,2403.3476127984395,4.994143300200692,129,0,129,UN
query_cycle_6_73.graph,1,0.1,129,400.94930875576034,557.4560924226688,0.39034057485367835,129,0,129,WO
query_cycle_6_73.graph,2,0.1,129,400.94930875576034,450.66558682370834,0.12399641795674685,129,0,129,8_POSSA
query_cycle_6_73.graph,2,0.1,129,400.94930875576034,448.5078636782785,0.11861488194131949,129,0,129,MAB
query_cycle_6_73.graph,2,0.1,129,400.94930875576034,396.78404259301936,0.010388510646562215,129,0,129,PO
query_cycle_6_73.graph,2,0.1,129,400.94930875576034,392.3228330205012,0.02151512808945627,129,0,129,UN
query_cycle_6_73.graph,2,0.1,129,400.94930875576034,411.2126545455912,0.02559761437594298,129,0,129,WO
query_cycle_6_73.graph,3,0.1,129,400.94930875576034,471.20839752319216,0.17523184909698994,129,0,129,8_POSSA
query_cycle_6_73.graph,3,0.1,129,400.94930875576034,342.3035224589046,0.14626733359099028,129,0,129,MAB
query_cycle_6_73.graph,3,0.1,129,400.94930875576034,433.55847301350514,0.08132989269625797,129,0,129,PO
query_cycle_6_73.graph,3,0.1,129,400.94930875576034,555.3367791000633,0.3850548360424998,129,0,129,UN
query_cycle_6_73.graph,3,0.1,129,400.94930875576034,298.29366013268987,0.25603148922150537,129,0,129,WO
query_cycle_6_73.graph,4,0.1,129,400.94930875576034,347.9385237993793,0.13221318455663614,129,0,129,8_POSSA
query_cycle_6_73.graph,4,0.1,129,400.94930875576034,521.8611634720761,0.30156394356067995,129,0,129,MAB
query_cycle_6_73.graph,4,0.1,129,400.94930875576034,408.6598264399618,0.019230654638435516,129,0,129,PO
query_cycle_6_73.graph,4,0.1,129,400.94930875576034,44.53105474385666,0.8889359483321048,129,0,129,UN
query_cycle_6_73.graph,4,0.1,129,400.94930875576034,430.5867353459173,0.07391813863485347,129,0,129,WO
query_cycle_6_73.graph,5,0.1,129,400.94930875576034,427.5205831302907,0.06627090705552585,129,0,129,8_POSSA
query_cycle_6_73.graph,5,0.1,129,400.94930875576034,,,129,0,129,MAB
query_cycle_6_73.graph,5,0.1,129,400.94930875576034,394.6876952872654,0.015616970354497422,129,0,129,PO
query_cycle_6_73.graph,5,0.1,129,400.94930875576034,1474.627772413734,2.6778409145780784,129,0,129,UN
query_cycle_6_73.graph,5,0.1,129,400.94930875576034,247.09605804976738,0.38372244906328845,129,0,129,WO
query_cycle_6_76.graph,1,0.1,388,2872.5452500209376,2896.9932253076217,0.008510910415251403,388,0,388,8_POSSA
query_cycle_6_76.graph,1,0.1,388,2872.5452500209376,2712.726481895538,0.05563664075413068,388,0,388,MAB
query_cycle_6_76.graph,1,0.1,388,2872.5452500209376,2633.810181112854,0.08310924567901705,388,0,388,PO
query_cycle_6_76.graph,1,0.1,388,2872.5452500209376,3136.607276559431,0.09192615034926552,388,0,388,UN
query_cycle_6_76.graph,1,0.1,388,2872.5452500209376,2525.705988946435,0.120742836365058,388,0,388,WO
query_cycle_6_76.graph,2,0.1,388,2872.5452500209376,2729.131947290835,0.04992551561339457,388,0,388,8_POSSA
query_cycle_6_76.graph,2,0.1,388,2872.5452500209376,2762.8662639850445,0.0381818131620707,388,0,388,MAB
query_cycle_6_76.graph,2,0.1,388,2872.5452500209376,2648.8036454663206,0.07788967103407202,388,0,388,PO
query_cycle_6_76.graph,2,0.1,388,2872.5452500209376,231.5361122983871,0.9193968790233332,388,0,388,UN
query_cycle_6_76.graph,2,0.1,388,2872.5452500209376,3106.4173290370736,0.08141632547457045,388,0,388,WO
query_cycle_6_76.graph,3,0.1,388,2872.5452500209376,2750.8747223940936,0.04235634847735023,388,0,388,8_POSSA
query_cycle_6_76.graph,3,0.1,388,2872.5452500209376,2613.182450753542,0.09029023973269179,388,0,388,MAB
query_cycle_6_76.graph,3,0.1,388,2872.5452500209376,2727.6643215929366,0.05043643034933739,388,0,388,PO
query_cycle_6_76.graph,3,0.1,388,2872.5452500209376,1007.5684916119482,0.649241907815167,388,0,388,UN
query_cycle_6_76.graph,3,0.1,388,2872.5452500209376,2237.199983986005,0.22117850572773454,388,0,388,WO
query_cycle_6_76.graph,4,0.1,388,2872.5452500209376,2904.1853071521696,0.011014641851508291,388,0,388,8_POSSA
query_cycle_6_76.graph,4,0.1,388,2872.5452500209376,2991.6777100234394,0.0414727879401146,388,0,388,MAB
query_cycle_6_76.graph,4,0.1,388,2872.5452500209376,3158.8362654269695,0.0996645798369739,388,0,388,PO
query_cycle_6_76.graph,4,0.1,388,2872.5452500209376,501.5729528610561,0.8253907565573075,388,0,388,UN
query_cycle_6_76.graph,4,0.1,388,2872.5452500209376,3235.4603931381466,0.12633922585364452,388,0,388,WO
query_cycle_6_76.graph,5,0.1,388,2872.5452500209376,2856.8254858112546,0.0054724165649151935,388,0,388,8_POSSA
query_cycle_6_76.graph,5,0.1,388,2872.5452500209376,2964.196053855522,0.031905782453354424,388,0,388,MAB
query_cycle_6_76.graph,5,0.1,388,2872.5452500209376,3088.048953929929,0.07502186568076546,388,0,388,PO
query_cycle_6_76.graph,5,0.1,388,2872.5452500209376,7617.274885109417,1.6517510507637418,388,0,388,UN
query_cycle_6_76.graph,5,0.1,388,2872.5452500209376,3397.0018828066773,0.18257558615723005,388,0,388,WO
query_cycle_6_82.graph,1,0.1,261,4559.01121573802,4529.258820369762,0.006526063209835995,261,0,261,8_POSSA
query_cycle_6_82.graph,1,0.1,261,4559.01121573802,4191.082935829976,0.08070352593955683,261,0,261,MAB
query_cycle_6_82.graph,1,0.1,261,4559.01121573802,6596.750287083072,0.4469695236350016,261,0,261,PO
query_cycle_6_82.graph,1,0.1,261,4559.01121573802,1195.9351608880527,0.7376766355038562,261,0,261,UN
query_cycle_6_82.graph,1,0.1,261,4559.01121573802,3975.3425256417004,0.12802528058747809,261,0,261,WO
query_cycle_6_82.graph,2,0.1,261,4559.01121573802,4416.5209527280185,0.031254641909656905,261,0,261,8_POSSA
query_cycle_6_82.graph,2,0.1,261,4559.01121573802,3516.623180623975,0.22864344608665363,261,0,261,MAB
query_cycle_6_82.graph,2,0.1,261,4559.01121573802,4532.57160910079,0.0057994168880214116,261,0,261,PO
query_cycle_6_82.graph,2,0.1,261,4559.01121573802,965.9440332324511,0.7881242252929876,261,0,261,UN
query_cycle_6_82.graph,2,0.1,261,4559.01121573802,4733.59329913136,0.03829384819029859,261,0,261,WO
query_cycle_6_82.graph,3,0.1,261,4559.01121573802,4208.990698985335,0.07677553315604704,261,0,261,8_POSSA
query_cycle_6_82.graph,3,0.1,261,4559.01121573802,5027.749958692423,0.10281587843791323,261,0,261,MAB
query_cycle_6_82.graph,3,0.1,261,4559.01121573802,4135.977745428897,0.09279061846761473,261,0,261,PO
query_cycle_6_82.graph,3,0.1,261,4559.01121573802,2088.6958324522466,0.5418533244134331,261,0,261,UN
query_cycle_6_82.graph,3,0.1,261,4559.01121573802,5634.81969584507,0.2359740806061817,261,0,261,WO
query_cycle_6_82.graph,4,0.1,261,4559.01121573802,4445.187773405908,0.024966694957710464,261,0,261,8_POSSA
query_cycle_6_82.graph,4,0.1,261,4559.01121573802,4339.055479991228,0.048246368639649255,261,0,261,MAB
query_cycle_6_82.graph,4,0.1,261,4559.01121573802,6102.006698801099,0.3384495913799363,261,0,261,PO
query_cycle_6_82.graph,4,0.1,261,4559.01121573802,17045.985195799047,2.738965400426113,261,0,261,UN
query_cycle_6_82.graph,4,0.1,261,4559.01121573802,4283.700429747836,0.060388266876771894,261,0,261,WO
query_cycle_6_82.graph,5,0.1,261,4559.01121573802,4302.834529362162,0.05619128233146654,261,0,261,8_POSSA
query_cycle_6_82.graph,5,0.1,261,4559.01121573802,3974.9119316011793,0.12811972958532977,261,0,261,MAB
query_cycle_6_82.graph,5,0.1,261,4559.01121573802,3164.4244170028337,0.3058967685626604,261,0,261,PO
query_cycle_6_82.graph,5,0.1,261,4559.01121573802,4464.800438608428,0.020664739056655584,261,0,261,UN
query_cycle_6_82.graph,5,0.1,261,4559.01121573802,4246.246817785222,0.06860355966511188,261,0,261,WO
query_cycle_6_87.graph,1,0.1,383,2872.5452500209376,3010.1593899285,0.047906691776764605,383,0,383,8_POSSA
query_cycle_6_87.graph,1,0.1,383,2872.5452500209376,3307.217712548281,0.15131962238860291,383,0,383,MAB
query_cycle_6_87.graph,1,0.1,383,2872.5452500209376,3302.9816277718865,0.14984494247664557,383,0,383,PO
query_cycle_6_87.graph,1,0.1,383,2872.5452500209376,1587.8411788585722,0.4472354512615602,383,0,383,UN
query_cycle_6_87.graph,1,0.1,383,2872.5452500209376,2727.190158448391,0.05060149759920661,383,0,383,WO
query_cycle_6_87.graph,2,0.1,383,2872.5452500209376,2777.8246369062153,0.03297445466317087,383,0,383,8_POSSA
query_cycle_6_87.graph,2,0.1,383,2872.5452500209376,2783.396668675266,0.0310347004438039,383,0,383,MAB
query_cycle_6_87.graph,2,0.1,383,2872.5452500209376,3246.662346090646,0.13023888694772753,383,0,383,PO
query_cycle_6_87.graph,2,0.1,383,2872.5452500209376,5268.583945269229,0.8341169543737655,383,0,383,UN
query_cycle_6_87.graph,2,0.1,383,2872.5452500209376,3731.9163578304674,0.29916712636755366,383,0,383,WO
query_cycle_6_87.graph,3,0.1,383,2872.5452500209376,2954.1003689872996,0.028391239081705516,383,0,383,8_POSSA
query_cycle_6_87.graph,3,0.1,383,2872.5452500209376,2828.800695341008,0.015228499770233604,383,0,383,MAB
query_cycle_6_87.graph,3,0.1,383,2872.5452500209376,2925.401062339984,0.01840034106291665,383,0,383,PO
query_cycle_6_87.graph,3,0.1,383,2872.5452500209376,614.4121212180288,0.786108810222032,383,0,383,UN
query_cycle_6_87.graph,3,0.1,383,2872.5452500209376,2965.4680923182823,0.03234860871092192,383,0,383,WO
query_cycle_6_87.graph,4,0.1,383,2872.5452500209376,2919.910767460754,0.016489041361305315,383,0,383,8_POSSA
query_cycle_6_87.graph,4,0.1,383,2872.5452500209376,2958.7584369382657,0.030012821178952615,383,0,383,MAB
query_cycle_6_87.graph,4,0.1,383,2872.5452500209376,3824.6627444368496,0.3314543067368468,383,0,383,PO
query_cycle_6_87.graph,4,0.1,383,2872.5452500209376,795.5946232139638,0.7230349554256229,383,0,383,UN
query_cycle_6_87.graph,4,0.1,383,2872.5452500209376,2101.2769963103474,0.26849646796859633,383,0,383,WO
query_cycle_6_87.graph,5,0.1,383,2872.5452500209376,2878.6312026413407,0.002118662054273546,383,0,383,8_POSSA
query_cycle_6_87.graph,5,0.1,383,2872.5452500209376,2795.002946617068,0.02699428439057811,383,0,383,MAB
query_cycle_6_87.graph,5,0.1,383,2872.5452500209376,3056.69090439544,0.0641053972511522,383,0,383,PO
query_cycle_6_87.graph,5,0.1,383,2872.5452500209376,4606.822327060354,0.6037423003264354,383,0,383,UN
query_cycle_6_87.graph,5,0.1,383,2872.5452500209376,3460.472941902178,0.20467134221017227,383,0,383,WO
query_cycle_6_88.graph,1,0.1,239,981.3477523324851,996.9465845650057,0.01589531559576606,239,0,239,8_POSSA
query_cycle_6_88.graph,1,0.1,239,981.3477523324851,1007.686025814684,0.026838878898532686,239,0,239,MAB
query_cycle_6_88.graph,1,0.1,239,981.3477523324851,1106.1492363745203,0.12717355671871136,239,0,239,PO
query_cycle_6_88.graph,1,0.1,239,981.3477523324851,4486.43734901462,3.5717100165065587,239,0,239,UN
query_cycle_6_88.graph,1,0.1,239,981.3477523324851,864.4063834556107,0.11916404617927343,239,0,239,WO
query_cycle_6_88.graph,2,0.1,239,981.3477523324851,1058.9519596359996,0.07907921235776351,239,0,239,8_POSSA
query_cycle_6_88.graph,2,0.1,239,981.3477523324851,979.1058281990212,0.0022845358621704772,239,0,239,MAB
query_cycle_6_88.graph,2,0.1,239,981.3477523324851,1049.755434038011,0.06970789054433879,239,0,239,PO
query_cycle_6_88.graph,2,0.1,239,981.3477523324851,193.19642055025267,0.8031315401792485,239,0,239,UN
query_cycle_6_88.graph,2,0.1,239,981.3477523324851,798.0542695258792,0.18677729925090328,239,0,239,WO
query_cycle_6_88.graph,3,0.1,239,981.3477523324851,1078.3052911000116,0.09880038807555834,239,0,239,8_POSSA
query_cycle_6_88.graph,3,0.1,239,981.3477523324851,1027.0180629534293,0.04653835555479101,239,0,239,MAB
query_cycle_6_88.graph,3,0.1,239,981.3477523324851,955.1370442318469,0.026708888911540465,239,0,239,PO
query_cycle_6_88.graph,3,0.1,239,981.3477523324851,924.4956171735241,0.057932710421798816,239,0,239,UN
query_cycle_6_88.graph,3,0.1,239,981.3477523324851,1105.458034606052,0.1264692174395665,239,0,239,WO
query_cycle_6_88.graph,4,0.1,239,981.3477523324851,926.5105454816687,0.05587948484161537,239,0,239,8_POSSA
query_cycle_6_88.graph,4,0.1,239,981.3477523324851,1566.591479904893,0.5963673184978414,239,0,239,MAB
query_cycle_6_88.graph,4,0.1,239,981.3477523324851,1079.34106728333,0.09985585101502759,239,0,239,PO
query_cycle_6_88.graph,4,0.1,239,981.3477523324851,146.5436126373626,0.850671067122684,239,0,239,UN
query_cycle_6_88.graph,4,0.1,239,981.3477523324851,1068.3565897991225,0.08866259413121719,239,0,239,WO
query_cycle_6_88.graph,5,0.1,239,981.3477523324851,932.2895979198787,0.04999059130262857,239,0,239,8_POSSA
query_cycle_6_88.graph,5,0.1,239,981.3477523324851,0.22803687035484244,0.9997676288860775,239,0,239,MAB
query_cycle_6_88.graph,5,0.1,239,981.3477523324851,1071.1261086051331,0.09148475253472704,239,0,239,PO
query_cycle_6_88.graph,5,0.1,239,981.3477523324851,296.6531584309729,0.697708424229961,239,0,239,UN
query_cycle_6_88.graph,5,0.1,239,981.3477523324851,931.8284222217684,0.05046053245958764,239,0,239,WO
query_cycle_6_89.graph,1,0.1,197,835.2571855169839,733.1066620786631,0.12229828753295252,197,0,197,8_POSSA
query_cycle_6_89.graph,1,0.1,197,835.2571855169839,646.4793837565564,0.22601158665110208,197,0,197,MAB
query_cycle_6_89.graph,1,0.1,197,835.2571855169839,841.4293183176154,0.007389499794379217,197,0,197,PO
query_cycle_6_89.graph,1,0.1,197,835.2571855169839,191.30798467662495,0.7709591871894947,197,0,197,UN
query_cycle_6_89.graph,1,0.1,197,835.2571855169839,863.1893456883219,0.03344138865928977,197,0,197,WO
query_cycle_6_89.graph,2,0.1,197,835.2571855169839,667.9987239263716,0.2002478571759756,197,0,197,8_POSSA
query_cycle_6_89.graph,2,0.1,197,835.2571855169839,11556.503964293435,12.835862970924957,197,0,197,MAB
query_cycle_6_89.graph,2,0.1,197,835.2571855169839,722.4217064753527,0.1350907014009002,197,0,197,PO
query_cycle_6_89.graph,2,0.1,197,835.2571855169839,1748.3052436379166,1.0931340357830026,197,0,197,UN
query_cycle_6_89.graph,2,0.1,197,835.2571855169839,1073.6476681592621,0.2854096759367907,197,0,197,WO
query_cycle_6_89.graph,3,0.1,197,835.2571855169839,640.5388727268867,0.23312378051507093,197,0,197,8_POSSA
query_cycle_6_89.graph,3,0.1,197,835.2571855169839,760.565460300733,0.08942362485636127,197,0,197,MAB
query_cycle_6_89.graph,3,0.1,197,835.2571855169839,838.571691255069,0.00396824570390689,197,0,197,PO
query_cycle_6_89.graph,3,0.1,197,835.2571855169839,626.5739305872605,0.2498431124547088,197,0,197,UN
query_cycle_6_89.graph,3,0.1,197,835.2571855169839,817.6308065683307,0.021102936022924814,197,0,197,WO
query_cycle_6_89.graph,4,0.1,197,835.2571855169839,665.9367310836448,0.20271654930874727,197,0,197,8_POSSA
query_cycle_6_89.graph,4,0.1,197,835.2571855169839,770.9172550139705,0.07703008321106523,197,0,197,MAB
query_cycle_6_89.graph,4,0.1,197,835.2571855169839,905.1351912824496,0.08366046647322711,197,0,197,PO
query_cycle_6_89.graph,4,0.1,197,835.2571855169839,432.73679927591496,0.48191191075109185,197,0,197,UN
query_cycle_6_89.graph,4,0.1,197,835.2571855169839,827.7045334551767,0.009042307199228047,197,0,197,WO
query_cycle_6_89.graph,5,0.1,197,835.2571855169839,649.0773444285168,0.22290121452020886,197,0,197,8_POSSA
query_cycle_6_89.graph,5,0.1,197,835.2571855169839,741.0552952718316,0.11278189745454974,197,0,197,MAB
query_cycle_6_89.graph,5,0.1,197,835.2571855169839,651.8349295953021,0.21959973419223236,197,0,197,PO
query_cycle_6_89.graph,5,0.1,197,835.2571855169839,1206.454593870003,0.4444109129372719,197,0,197,UN
query_cycle_6_89.graph,5,0.1,197,835.2571855169839,764.9471319671678,0.08417772964897936,197,0,197,WO
query_cycle_6_92.graph,1,0.1,386,2872.5452500209376,2727.4907806534393,0.0504968439979983,386,0,386,8_POSSA
query_cycle_6_92.graph,1,0.1,386,2872.5452500209376,2625.919575395529,0.08585614956756933,386,0,386,MAB
query_cycle_6_92.graph,1,0.1,386,2872.5452500209376,2870.244622762492,0.000800902007872273,386,0,386,PO
query_cycle_6_92.graph,1,0.1,386,2872.5452500209376,846.086556379384,0.705457535830561,386,0,386,UN
query_cycle_6_92.graph,1,0.1,386,2872.5452500209376,3296.7125574730703,0.14766253288752929,386,0,386,WO
query_cycle_6_92.graph,2,0.1,386,2872.5452500209376,2770.6620952730827,0.035467902462846236,386,0,386,8_POSSA
query_cycle_6_92.graph,2,0.1,386,2872.5452500209376,2751.747197971823,0.04205261937935848,386,0,386,MAB
query_cycle_6_92.graph,2,0.1,386,2872.5452500209376,2918.3787850773365,0.015955722562095345,386,0,386,PO
query_cycle_6_92.graph,2,0.1,386,2872.5452500209376,1059.3173641300832,0.6312269183149118,386,0,386,UN
query_cycle_6_92.graph,2,0.1,386,2872.5452500209376,2557.3940627361435,0.10971147879480646,386,0,386,WO
query_cycle_6_92.graph,3,0.1,386,2872.5452500209376,2670.714529758247,0.07026198116851928,386,0,386,8_POSSA
query_cycle_6_92.graph,3,0.1,386,2872.5452500209376,2365.421599994168,0.17654157058903536,386,0,386,MAB
query_cycle_6_92.graph,3,0.1,386,2872.5452500209376,2910.5637826691523,0.013235137948806045,386,0,386,PO
query_cycle_6_92.graph,3,0.1,386,2872.5452500209376,1383.456108069198,0.5183866614253981,386,0,386,UN
query_cycle_6_92.graph,3,0.1,386,2872.5452500209376,3178.3558980442467,0.1064598192216746,386,0,386,WO
query_cycle_6_92.graph,4,0.1,386,2872.5452500209376,2719.537193644983,0.05326567314295206,386,0,386,8_POSSA
query_cycle_6_92.graph,4,0.1,386,2872.5452500209376,3232.840966056448,0.12542734219169716,386,0,386,MAB
query_cycle_6_92.graph,4,0.1,386,2872.5452500209376,2626.728602399965,0.0855745083977984,386,0,386,PO
query_cycle_6_92.graph,4,0.1,386,2872.5452500209376,1663.5932449977672,0.42086439021782457,386,0,386,UN
query_cycle_6_92.graph,4,0.1,386,2872.5452500209376,2255.39239491118,0.21484530316981404,386,0,386,WO
query_cycle_6_92.graph,5,0.1,386,2872.5452500209376,2652.6695819511224,0.0765438483756566,386,0,386,8_POSSA
query_cycle_6_92.graph,5,0.1,386,2872.5452500209376,2702.1089789373395,0.059332841173644096,386,0,386,MAB
query_cycle_6_92.graph,5,0.1,386,2872.5452500209376,2834.65787418476,0.0131894792034699,386,0,386,PO
query_cycle_6_92.graph,5,0.1,386,2872.5452500209376,10391.23459303757,2.6174311241787507,386,0,386,UN
query_cycle_6_92.graph,5,0.1,386,2872.5452500209376,2539.766143130942,0.11584816875820145,386,0,386,WO
query_cycle_6_96.graph,1,0.1,257,4559.01121573802,4760.274672492299,0.04414629559574318,257,0,257,8_POSSA
query_cycle_6_96.graph,1,0.1,257,4559.01121573802,2263874.767373839,495.57144065774344,257,0,257,MAB
query_cycle_6_96.graph,1,0.1,257,4559.01121573802,5450.203303682178,0.19547924884845674,257,0,257,PO
query_cycle_6_96.graph,1,0.1,257,4559.01121573802,946.5110903355276,0.7923867598596586,257,0,257,UN
query_cycle_6_96.graph,1,0.1,257,4559.01121573802,5440.244412729776,0.19329480786309067,257,0,257,WO
query_cycle_6_96.graph,2,0.1,257,4559.01121573802,4635.505616076476,0.016778726069896974,257,0,257,8_POSSA
query_cycle_6_96.graph,2,0.1,257,4559.01121573802,4164.370682306824,0.08656274677914139,257,0,257,MAB
query_cycle_6_96.graph,2,0.1,257,4559.01121573802,3791.0404951572946,0.16845115842874825,257,0,257,PO
query_cycle_6_96.graph,2,0.1,257,4559.01121573802,1252.3584359895399,0.725300426621827,257,0,257,UN
query_cycle_6_96.graph,2,0.1,257,4559.01121573802,4363.2319847921635,0.04294335365309325,257,0,257,WO
query_cycle_6_96.graph,3,0.1,257,4559.01121573802,4334.922879660267,0.04915283719947522,257,0,257,8_POSSA
query_cycle_6_96.graph,3,0.1,257,4559.01121573802,4544.789699485276,0.003119429977195491,257,0,257,MAB
query_cycle_6_96.graph,3,0.1,257,4559.01121573802,6168.491786753535,0.35303281673435627,257,0,257,PO
query_cycle_6_96.graph,3,0.1,257,4559.01121573802,2786.462829184508,0.3888010585353581,257,0,257,UN
query_cycle_6_96.graph,3,0.1,257,4559.01121573802,4999.948916068971,0.09671783627309442,257,0,257,WO
query_cycle_6_96.graph,4,0.1,257,4559.01121573802,4480.229620450662,0.017280412694620818,257,0,257,8_POSSA
query_cycle_6_96.graph,4,0.1,257,4559.01121573802,3770.6143815561695,0.17293154082627618,257,0,257,MAB
query_cycle_6_96.graph,4,0.1,257,4559.01121573802,2362.395386208776,0.4818184745732529,257,0,257,PO
query_cycle_6_96.graph,4,0.1,257,4559.01121573802,2180.657576235659,0.5216819013939077,257,0,257,UN
query_cycle_6_96.graph,4,0.1,257,4559.01121573802,6203.89001028305,0.3607972686855421,257,0,257,WO
query_cycle_6_96.graph,5,0.1,257,4559.01121573802,4505.524551065065,0.011732075694026704,257,0,257,8_POSSA
query_cycle_6_96.graph,5,0.1,257,4559.01121573802,4355.90824321181,0.04454978566955138,257,0,257,MAB
query_cycle_6_96.graph,5,0.1,257,4559.01121573802,5697.298663272225,0.2496785802159816,257,0,257,PO
query_cycle_6_96.graph,5,0.1,257,4559.01121573802,771.1270950962396,0.8308565040519629,257,0,257,UN
query_cycle_6_96.graph,5,0.1,257,4559.01121573802,3990.0526174910183,0.12479868360115401,257,0,257,WO
query_cycle_8_222.graph,1,0.1,264,805.3812721678194,779.3445274573187,0.03232847051486358,264,0,264,8_POSSA
query_cycle_8_222.graph,1,0.1,264,805.3812721678194,677.2544483025233,0.15908840730852994,264,0,264,MAB
query_cycle_8_222.graph,1,0.1,264,805.3812721678194,722.1313837328148,0.10336705273878972,264,0,264,PO
query_cycle_8_222.graph,1,0.1,264,805.3812721678194,2858.8485054869975,2.549683366477998,264,0,264,UN
query_cycle_8_222.graph,1,0.1,264,805.3812721678194,936.7758547662521,0.16314581321808252,264,0,264,WO
query_cycle_8_222.graph,2,0.1,264,805.3812721678194,751.3078967465218,0.06714009536843334,264,0,264,8_POSSA
query_cycle_8_222.graph,2,0.1,264,805.3812721678194,682.0858961010009,0.1530894500873458,264,0,264,MAB
query_cycle_8_222.graph,2,0.1,264,805.3812721678194,708.3041887317222,0.12053556097076584,264,0,264,PO
query_cycle_8_222.graph,2,0.1,264,805.3812721678194,705.766433729454,0.12368655924942887,264,0,264,UN
query_cycle_8_222.graph,2,0.1,264,805.3812721678194,752.1820421562059,0.06605471451852712,264,0,264,WO
query_cycle_8_222.graph,3,0.1,264,805.3812721678194,752.3242831107135,0.06587810132993785,264,0,264,8_POSSA
query_cycle_8_222.graph,3,0.1,264,805.3812721678194,702.6954841860563,0.12749959743335842,264,0,264,MAB
query_cycle_8_222.graph,3,0.1,264,805.3812721678194,710.8583534529189,0.11736418759834844,264,0,264,PO
query_cycle_8_222.graph,3,0.1,264,805.3812721678194,2298.434640393509,1.8538466435988574,264,0,264,UN
query_cycle_8_222.graph,3,0.1,264,805.3812721678194,924.2096518362757,0.14754301319747573,264,0,264,WO
query_cycle_8_222.graph,4,0.1,264,805.3812721678194,697.5502306426639,0.1338881909122496,264,0,264,8_POSSA
query_cycle_8_222.graph,4,0.1,264,805.3812721678194,626.0184378930134,0.22270549424624778,264,0,264,MAB
query_cycle_8_222.graph,4,0.1,264,805.3812721678194,945.191793458906,0.17359544618508826,264,0,264,PO
query_cycle_8_222.graph,4,0.1,264,805.3812721678194,196.3955887076314,0.756145821246874,264,0,264,UN
query_cycle_8_222.graph,4,0.1,264,805.3812721678194,545.5545323739959,0.3226133370278849,264,0,264,WO
query_cycle_8_222.graph,5,0.1,264,805.3812721678194,694.9897478886877,0.13706740905707215,264,0,264,8_POSSA
query_cycle_8_222.graph,5,0.1,264,805.3812721678194,691.207092996685,0.14176413472319183,264,0,264,MAB
query_cycle_8_222.graph,5,0.1,264,805.3812721678194,708.2168021197889,0.1206440643777275,264,0,264,PO
query_cycle_8_222.graph,5,0.1,264,805.3812721678194,610.8920190024485,0.24148718114821605,264,0,264,UN
query_cycle_8_222.graph,5,0.1,264,805.3812721678194,743.1969881072915,0.0772109883970214,264,0,264,WO
query_cycle_8_223.graph,1,0.1,192,345.68016147635524,291.5633995730571,0.15655154080052627,192,0,192,8_POSSA
query_cycle_8_223.graph,1,0.1,192,345.68016147635524,338.883443537725,0.01966186867537422,192,0,192,MAB
query_cycle_8_223.graph,1,0.1,192,345.68016147635524,307.30914099528127,0.11100151167829911,192,0,192,PO
query_cycle_8_223.graph,1,0.1,192,345.68016147635524,66.65911230072707,0.8071653518789316,192,0,192,UN
query_cycle_8_223.graph,1,0.1,192,345.68016147635524,1069.794013822123,2.094750966480608,192,0,192,WO
query_cycle_8_223.graph,2,0.1,192,345.68016147635524,291.93657377706694,0.15547200472759673,192,0,192,8_POSSA
query_cycle_8_223.graph,2,0.1,192,345.68016147635524,314.76186362386204,0.08944192145839422,192,0,192,MAB
query_cycle_8_223.graph,2,0.1,192,345.68016147635524,307.30914099528155,0.11100151167829829,192,0,192,PO
query_cycle_8_223.graph,2,0.1,192,345.68016147635524,40.57023955904757,0.8826364828523068,192,0,192,UN
query_cycle_8_223.graph,2,0.1,192,345.68016147635524,543.2356796956484,0.5714979921773905,192,0,192,WO
query_cycle_8_223.graph,3,0.1,192,345.68016147635524,312.5503323064532,0.09583954435918116,192,0,192,8_POSSA
query_cycle_8_223.graph,3,0.1,192,345.68016147635524,310.8091705224034,0.1008764599189677,192,0,192,MAB
query_cycle_8_223.graph,3,0.1,192,345.68016147635524,306.24998001929043,0.11406550288759297,192,0,192,PO
query_cycle_8_223.graph,3,0.1,192,345.68016147635524,39.39081482157796,0.8860483787864918,192,0,192,UN
query_cycle_8_223.graph,3,0.1,192,345.68016147635524,223.48473581173127,0.35349273485277,192,0,192,WO
query_cycle_8_223.graph,4,0.1,192,345.68016147635524,296.74778931607364,0.14155389175733363,192,0,192,8_POSSA
query_cycle_8_223.graph,4,0.1,192,345.68016147635524,258.68025345999376,0.2516774686889642,192,0,192,MAB
query_cycle_8_223.graph,4,0.1,192,345.68016147635524,313.05722809492056,0.09437317213144761,192,0,192,PO
query_cycle_8_223.graph,4,0.1,192,345.68016147635524,5244.980596725812,14.172929144458791,192,0,192,UN
query_cycle_8_223.graph,4,0.1,192,345.68016147635524,321.1421449964359,0.07098474027297562,192,0,192,WO
query_cycle_8_223.graph,5,0.1,192,345.68016147635524,305.21350708601443,0.11706386104864382,192,0,192,8_POSSA
query_cycle_8_223.graph,5,0.1,192,345.68016147635524,280.49161390498244,0.18858052858156785,192,0,192,MAB
query_cycle_8_223.graph,5,0.1,192,345.68016147635524,303.15148566674964,0.12302897461043506,192,0,192,PO
query_cycle_8_223.graph,5,0.1,192,345.68016147635524,339.4960674459303,0.017889641118001908,192,0,192,UN
query_cycle_8_223.graph,5,0.1,192,345.68016147635524,159.65471976901702,0.5381432388623276,192,0,192,WO
query_cycle_8_225.graph,1,0.1,427,232.16110780168415,249.62522755330056,0.07522414032644326,427,0,427,8_POSSA
query_cycle_8_225.graph,1,0.1,427,232.16110780168415,257.06041623579137,0.10725012759405254,427,0,427,MAB
query_cycle_8_225.graph,1,0.1,427,232.16110780168415,308.9349963645943,0.33069229075393497,427,0,427,PO
query_cycle_8_225.graph,1,0.1,427,232.16110780168415,99.64367267540787,0.5707994606894917,427,0,427,UN
query_cycle_8_225.graph,1,0.1,427,232.16110780168415,281.71240980022174,0.2134349825762596,427,0,427,WO
query_cycle_8_225.graph,2,0.1,427,232.16110780168415,254.66594851060063,0.09693630824737656,427,0,427,8_POSSA
query_cycle_8_225.graph,2,0.1,427,232.16110780168415,229.33730989425632,0.01216309628329292,427,0,427,MAB
query_cycle_8_225.graph,2,0.1,427,232.16110780168415,248.7810252567913,0.07158786246533663,427,0,427,PO
query_cycle_8_225.graph,2,0.1,427,232.16110780168415,799.6581362530425,2.4444104088964105,427,0,427,UN
query_cycle_8_225.graph,2,0.1,427,232.16110780168415,239.16349695324206,0.030161766619150796,427,0,427,WO
query_cycle_8_225.graph,3,0.1,427,232.16110780168415,246.34559027453648,0.06109758265354653,427,0,427,8_POSSA
query_cycle_8_225.graph,3,0.1,427,232.16110780168415,204.95454876488907,0.1171882719479241,427,0,427,MAB
query_cycle_8_225.graph,3,0.1,427,232.16110780168415,246.874224664498,0.06337459793387114,427,0,427,PO
query_cycle_8_225.graph,3,0.1,427,232.16110780168415,185.99128857264122,0.19886974035496915,427,0,427,UN
query_cycle_8_225.graph,3,0.1,427,232.16110780168415,394.2038997369873,0.6979756147344144,427,0,427,WO
query_cycle_8_225.graph,4,0.1,427,232.16110780168415,239.88593067840802,0.033273544177444804,427,0,427,8_POSSA
query_cycle_8_225.graph,4,0.1,427,232.16110780168415,235.1761259306705,0.012986749406631163,427,0,427,MAB
query_cycle_8_225.graph,4,0.1,427,232.16110780168415,246.3570866170603,0.061147101466721934,427,0,427,PO
query_cycle_8_225.graph,4,0.1,427,232.16110780168415,326.6251022076909,0.40688983310115584,427,0,427,UN
query_cycle_8_225.graph,4,0.1,427,232.16110780168415,213.30709683525956,0.08121089335311926,427,0,427,WO
query_cycle_8_225.graph,5,0.1,427,232.16110780168415,244.12517598763557,0.051533473023273664,427,0,427,8_POSSA
query_cycle_8_225.graph,5,0.1,427,232.16110780168415,238.82705954892762,0.028712611730547195,427,0,427,MAB
query_cycle_8_225.graph,5,0.1,427,232.16110780168415,340.9498824192283,0.46859172773448904,427,0,427,PO
query_cycle_8_225.graph,5,0.1,427,232.16110780168415,82.98076790513637,0.6425724847246166,427,0,427,UN
query_cycle_8_225.graph,5,0.1,427,232.16110780168415,386.768281540272,0.6659477773971335,427,0,427,WO
query_cycle_8_232.graph,1,0.1,191,2869.4739241306165,3208.144695813675,0.1180253874534398,191,0,191,8_POSSA
query_cycle_8_232.graph,1,0.1,191,2869.4739241306165,2652.7010088352476,0.07554447993844238,191,0,191,MAB
query_cycle_8_232.graph,1,0.1,191,2869.4739241306165,3245.8997553430936,0.13118287224949265,191,0,191,PO
query_cycle_8_232.graph,1,0.1,191,2869.4739241306165,1195.8272050029534,0.5832590793222625,191,0,191,UN
query_cycle_8_232.graph,1,0.1,191,2869.4739241306165,3327.1481267374247,0.1594975994582257,191,0,191,WO
query_cycle_8_232.graph,2,0.1,191,2869.4739241306165,3132.46637898848,0.09165180162337383,191,0,191,8_POSSA
query_cycle_8_232.graph,2,0.1,191,2869.4739241306165,,,191,0,191,MAB
query_cycle_8_232.graph,2,0.1,191,2869.4739241306165,3014.220876123252,0.05044372446649442,191,0,191,PO
query_cycle_8_232.graph,2,0.1,191,2869.4739241306165,4613.693480504565,0.6078534262695577,191,0,191,UN
query_cycle_8_232.graph,2,0.1,191,2869.4739241306165,2854.564953279857,0.005195715746145544,191,0,191,WO
query_cycle_8_232.graph,3,0.1,191,2869.4739241306165,3143.809395562959,0.09560479679753825,191,0,191,8_POSSA
query_cycle_8_232.graph,3,0.1,191,2869.4739241306165,3252.856494982019,0.13360726773900142,191,0,191,MAB
query_cycle_8_232.graph,3,0.1,191,2869.4739241306165,2157.549886706559,0.24810263353055348,191,0,191,PO
query_cycle_8_232.graph,3,0.1,191,2869.4739241306165,5775.720423997641,1.012815093187351,191,0,191,UN
query_cycle_8_232.graph,3,0.1,191,2869.4739241306165,2685.3970562283666,0.06415004031027076,191,0,191,WO
query_cycle_8_232.graph,4,0.1,191,2869.4739241306165,3074.685609237303,0.07151543820662563,191,0,191,8_POSSA
query_cycle_8_232.graph,4,0.1,191,2869.4739241306165,2542.4207649726945,0.11397669670652659,191,0,191,MAB
query_cycle_8_232.graph,4,0.1,191,2869.4739241306165,2824.9798323504638,0.015506010145616997,191,0,191,PO
query_cycle_8_232.graph,4,0.1,191,2869.4739241306165,4609.2999400081535,0.6063222952634649,191,0,191,UN
query_cycle_8_232.graph,4,0.1,191,2869.4739241306165,2871.319940865133,0.0006433293291124172,191,0,191,WO
query_cycle_8_232.graph,5,0.1,191,2869.4739241306165,3147.307875951889,0.09682400299401557,191,0,191,8_POSSA
query_cycle_8_232.graph,5,0.1,191,2869.4739241306165,2972.167395795169,0.03578825749241338,191,0,191,MAB
query_cycle_8_232.graph,5,0.1,191,2869.4739241306165,3105.622480591349,0.08229681213509542,191,0,191,PO
query_cycle_8_232.graph,5,0.1,191,2869.4739241306165,943.3077161691206,0.6712610948521093,191,0,191,UN
query_cycle_8_232.graph,5,0.1,191,2869.4739241306165,2555.4130980234886,0.10944892144377336,191,0,191,WO
query_cycle_8_249.graph,1,0.1,225,1740.4713274715848,1618.616127329615,0.07001275931330116,225,0,225,8_POSSA
query_cycle_8_249.graph,1,0.1,225,1740.4713274715848,1623.5678689185922,0.06716770147705932,225,0,225,MAB
query_cycle_8_249.graph,1,0.1,225,1740.4713274715848,1936.8388124410035,0.11282431481056651,225,0,225,PO
query_cycle_8_249.graph,1,0.1,225,1740.4713274715848,84.98032319393207,0.9511739596897671,225,0,225,UN
query_cycle_8_249.graph,1,0.1,225,1740.4713274715848,2127.698437818877,0.22248405028873672,225,0,225,WO
query_cycle_8_249.graph,2,0.1,225,1740.4713274715848,1668.4965726497699,0.04135359984721725,225,0,225,8_POSSA
query_cycle_8_249.graph,2,0.1,225,1740.4713274715848,1534.4816374079774,0.11835282018857071,225,0,225,MAB
query_cycle_8_249.graph,2,0.1,225,1740.4713274715848,1743.942845742869,0.001994585154314078,225,0,225,PO
query_cycle_8_249.graph,2,0.1,225,1740.4713274715848,1409.1561182945245,0.19035947559007943,225,0,225,UN
query_cycle_8_249.graph,2,0.1,225,1740.4713274715848,1432.0394879426822,0.1772116751713269,225,0,225,WO
query_cycle_8_249.graph,3,0.1,225,1740.4713274715848,1553.8378473383439,0.10723157410720859,225,0,225,8_POSSA
query_cycle_8_249.graph,3,0.1,225,1740.4713274715848,1421.8318003961858,0.18307657359589632,225,0,225,MAB
query_cycle_8_249.graph,3,0.1,225,1740.4713274715848,1451.7613938411637,0.16588031590835536,225,0,225,PO
query_cycle_8_249.graph,3,0.1,225,1740.4713274715848,970.4504259440095,0.44242090597734757,225,0,225,UN
query_cycle_8_249.graph,3,0.1,225,1740.4713274715848,5408.5338999962005,2.1075110601524694,225,0,225,WO
query_cycle_8_249.graph,4,0.1,225,1740.4713274715848,1601.2148514457463,0.08001078433629759,225,0,225,8_POSSA
query_cycle_8_249.graph,4,0.1,225,1740.4713274715848,1447.421554091516,0.1683738012540474,225,0,225,MAB
query_cycle_8_249.graph,4,0.1,225,1740.4713274715848,1483.8628392157405,0.14743620547235575,225,0,225,PO
query_cycle_8_249.graph,4,0.1,225,1740.4713274715848,143.3094167014502,0.9176605701918467,225,0,225,UN
query_cycle_8_249.graph,4,0.1,225,1740.4713274715848,1648.6463799180228,0.05275866720939194,225,0,225,WO
query_cycle_8_249.graph,5,0.1,225,1740.4713274715848,1590.9482632934846,0.0859095245167383,225,0,225,8_POSSA
query_cycle_8_249.graph,5,0.1,225,1740.4713274715848,1724.4518938140664,0.009204077886643602,225,0,225,MAB
query_cycle_8_249.graph,5,0.1,225,1740.4713274715848,1680.1294587778934,0.03466984358848998,225,0,225,PO
query_cycle_8_249.graph,5,0.1,225,1740.4713274715848,383.2198896618889,0.779818326442298,225,0,225,UN
query_cycle_8_249.graph,5,0.1,225,1740.4713274715848,1934.7850566246034,0.11164431501167087,225,0,225,WO
query_cycle_8_250.graph,1,0.1,228,1740.4713274715848,1731.8825214045835,0.004934758723936253,228,0,228,8_POSSA
query_cycle_8_250.graph,1,0.1,228,1740.4713274715848,1515.219319832455,0.1294201197593743,228,0,228,MAB
query_cycle_8_250.graph,1,0.1,228,1740.4713274715848,1325.9265333434575,0.23817961697211307,228,0,228,PO
query_cycle_8_250.graph,1,0.1,228,1740.4713274715848,4680.285333010671,1.689090741764651,228,0,228,UN
query_cycle_8_250.graph,1,0.1,228,1740.4713274715848,1605.3649007232732,0.07762634443658617,228,0,228,WO
query_cycle_8_250.graph,2,0.1,228,1740.4713274715848,1764.5793101663346,0.013851410427870664,228,0,228,8_POSSA
query_cycle_8_250.graph,2,0.1,228,1740.4713274715848,1633.92402270416,0.06121750073424537,228,0,228,MAB
query_cycle_8_250.graph,2,0.1,228,1740.4713274715848,1925.1945291039199,0.10613401020554927,228,0,228,PO
query_cycle_8_250.graph,2,0.1,228,1740.4713274715848,3184.306361579493,0.8295655385517867,228,0,228,UN
query_cycle_8_250.graph,2,0.1,228,1740.4713274715848,1511.4303747798303,0.13159708469572234,228,0,228,WO
query_cycle_8_250.graph,3,0.1,228,1740.4713274715848,1559.212243867627,0.10414367691266496,228,0,228,8_POSSA
query_cycle_8_250.graph,3,0.1,228,1740.4713274715848,1681.382609311486,0.03394983716619915,228,0,228,MAB
query_cycle_8_250.graph,3,0.1,228,1740.4713274715848,1700.0170720116537,0.023243276014606785,228,0,228,PO
query_cycle_8_250.graph,3,0.1,228,1740.4713274715848,161.63673817180685,0.9071304791865663,228,0,228,UN
query_cycle_8_250.graph,3,0.1,228,1740.4713274715848,1591.875215413706,0.08537693767914417,228,0,228,WO
query_cycle_8_250.graph,4,0.1,228,1740.4713274715848,1708.0620493923102,0.018620977874054475,228,0,228,8_POSSA
query_cycle_8_250.graph,4,0.1,228,1740.4713274715848,191284.2820917922,108.90372496953137,228,0,228,MAB
query_cycle_8_250.graph,4,0.1,228,1740.4713274715848,1900.4693757466969,0.09192800004786303,228,0,228,PO
query_cycle_8_250.graph,4,0.1,228,1740.4713274715848,2312.900997740633,0.32889347915925027,228,0,228,UN
query_cycle_8_250.graph,4,0.1,228,1740.4713274715848,1882.6111602794938,0.08166743718461492,228,0,228,WO
query_cycle_8_250.graph,5,0.1,228,1740.4713274715848,1687.9875053768792,0.030154947838727013,228,0,228,8_POSSA
query_cycle_8_250.graph,5,0.1,228,1740.4713274715848,1492.5327914219,0.14245482366542048,228,0,228,MAB
query_cycle_8_250.graph,5,0.1,228,1740.4713274715848,2042.8117194737122,0.17371179130043063,228,0,228,PO
query_cycle_8_250.graph,5,0.1,228,1740.4713274715848,2117.4282532524594,0.21658324376333563,228,0,228,UN
query_cycle_8_250.graph,5,0.1,228,1740.4713274715848,2094.4435739637506,0.20337723518053463,228,0,228,WO
query_cycle_8_251.graph,1,0.1,244,150.53662471013158,90.53856516184787,0.39856121169060366,244,0,244,8_POSSA
query_cycle_8_251.graph,1,0.1,244,150.53662471013158,115.33549031533045,0.23383767546657358,244,0,244,MAB
query_cycle_8_251.graph,1,0.1,244,150.53662471013158,96.11968073397021,0.3614864095760408,244,0,244,PO
query_cycle_8_251.graph,1,0.1,244,150.53662471013158,139.78717045842276,0.07140756790852466,244,0,244,UN
query_cycle_8_251.graph,1,0.1,244,150.53662471013158,134.13873205725636,0.10892958895850403,244,0,244,WO
query_cycle_8_251.graph,2,0.1,244,150.53662471013158,106.04373849212138,0.2955618694366521,244,0,244,8_POSSA
query_cycle_8_251.graph,2,0.1,244,150.53662471013158,97.20584930300943,0.35427109854372085,244,0,244,MAB
query_cycle_8_251.graph,2,0.1,244,150.53662471013158,101.91741894388615,0.322972604572907,244,0,244,PO
query_cycle_8_251.graph,2,0.1,244,150.53662471013158,62.806959063639916,0.5827795449474243,244,0,244,UN
query_cycle_8_251.graph,2,0.1,244,150.53662471013158,87.97925671093095,0.4155624461466374,244,0,244,WO
query_cycle_8_251.graph,3,0.1,244,150.53662471013158,103.76424222943105,0.310704339032205,244,0,244,8_POSSA
query_cycle_8_251.graph,3,0.1,244,150.53662471013158,107.74375186219929,0.28426884773278827,244,0,244,MAB
query_cycle_8_251.graph,3,0.1,244,150.53662471013158,94.43828138781008,0.3726557801488019,244,0,244,PO
query_cycle_8_251.graph,3,0.1,244,150.53662471013158,20.27183004683415,0.8653362257465987,244,0,244,UN
query_cycle_8_251.graph,3,0.1,244,150.53662471013158,99.06877253972048,0.3418958826100686,244,0,244,WO
query_cycle_8_251.graph,4,0.1,244,150.53662471013158,108.82212596963508,0.277105314542694,244,0,244,8_POSSA
query_cycle_8_251.graph,4,0.1,244,150.53662471013158,97.50473673841655,0.35228561869134173,244,0,244,MAB
query_cycle_8_251.graph,4,0.1,244,150.53662471013158,103.70287625102686,0.3111119871943871,244,0,244,PO
query_cycle_8_251.graph,4,0.1,244,150.53662471013158,129.57131255004833,0.13927050776150565,244,0,244,UN
query_cycle_8_251.graph,4,0.1,244,150.53662471013158,249.37441641586426,0.6565697344154721,244,0,244,WO
query_cycle_8_251.graph,5,0.1,244,150.53662471013158,100.11195263718704,0.33496613976858214,244,0,244,8_POSSA
query_cycle_8_251.graph,5,0.1,244,150.53662471013158,95.26121857675636,0.3671890892984464,244,0,244,MAB
query_cycle_8_251.graph,5,0.1,244,150.53662471013158,103.07641985974733,0.3152734754201648,244,0,244,PO
query_cycle_8_251.graph,5,0.1,244,150.53662471013158,217.47604429443737,0.4446719840650218,244,0,244,UN
query_cycle_8_251.graph,5,0.1,244,150.53662471013158,170.20404083995095,0.13064871201735995,244,0,244,WO
query_cycle_8_254.graph,1,0.1,325,2459.154796910474,2429.0780667072886,0.012230515232701872,325,0,325,8_POSSA
query_cycle_8_254.graph,1,0.1,325,2459.154796910474,2491.627235964377,0.013204715333373668,325,0,325,MAB
query_cycle_8_254.graph,1,0.1,325,2459.154796910474,2639.0399288657527,0.07314916986164309,325,0,325,PO
query_cycle_8_254.graph,1,0.1,325,2459.154796910474,63.15054607430858,0.9743202232923087,325,0,325,UN
query_cycle_8_254.graph,1,0.1,325,2459.154796910474,2783.225186260579,0.13178120781873773,325,0,325,WO
query_cycle_8_254.graph,2,0.1,325,2459.154796910474,2425.5081924711885,0.013682182382970347,325,0,325,8_POSSA
query_cycle_8_254.graph,2,0.1,325,2459.154796910474,2447.719519481685,0.004650084428664518,325,0,325,MAB
query_cycle_8_254.graph,2,0.1,325,2459.154796910474,2536.3048181099944,0.03137257617798063,325,0,325,PO
query_cycle_8_254.graph,2,0.1,325,2459.154796910474,1951.3785259051192,0.20648406177736053,325,0,325,UN
query_cycle_8_254.graph,2,0.1,325,2459.154796910474,2401.4550689697508,0.02346323542268,325,0,325,WO
query_cycle_8_254.graph,3,0.1,325,2459.154796910474,2541.7149250031634,0.033572562490337216,325,0,325,8_POSSA
query_cycle_8_254.graph,3,0.1,325,2459.154796910474,2204.5589922072218,0.10352980016675252,325,0,325,MAB
query_cycle_8_254.graph,3,0.1,325,2459.154796910474,2541.370935384471,0.033432681251822034,325,0,325,PO
query_cycle_8_254.graph,3,0.1,325,2459.154796910474,4462.223347026476,0.8145353650093644,325,0,325,UN
query_cycle_8_254.graph,3,0.1,325,2459.154796910474,3146.22413016217,0.27939247017507235,325,0,325,WO
query_cycle_8_254.graph,4,0.1,325,2459.154796910474,2401.165162469503,0.023581124097525604,325,0,325,8_POSSA
query_cycle_8_254.graph,4,0.1,325,2459.154796910474,2683.973917998978,0.09142129701267782,325,0,325,MAB
query_cycle_8_254.graph,4,0.1,325,2459.154796910474,2583.8146141052785,0.05069213916562678,325,0,325,PO
query_cycle_8_254.graph,4,0.1,325,2459.154796910474,105.29654019363367,0.9571818169698298,325,0,325,UN
query_cycle_8_254.graph,4,0.1,325,2459.154796910474,2318.3763974842645,0.05724666035788985,325,0,325,WO
query_cycle_8_254.graph,5,0.1,325,2459.154796910474,2570.8908655850882,0.04543677722727838,325,0,325,8_POSSA
query_cycle_8_254.graph,5,0.1,325,2459.154796910474,2339.444623653152,0.04867939724970473,325,0,325,MAB
query_cycle_8_254.graph,5,0.1,325,2459.154796910474,2517.228831088931,0.02361544472573166,325,0,325,PO
query_cycle_8_254.graph,5,0.1,325,2459.154796910474,39716.64908281082,15.150528276100513,325,0,325,UN
query_cycle_8_254.graph,5,0.1,325,2459.154796910474,2511.1063300551123,0.021125767767814715,325,0,325,WO
query_cycle_8_261.graph,1,0.1,247,2790.667938863227,2903.948702291338,0.040592706086792926,247,0,247,8_POSSA
query_cycle_8_261.graph,1,0.1,247,2790.667938863227,3124.299941166165,0.11955274135511884,247,0,247,MAB
query_cycle_8_261.graph,1,0.1,247,2790.667938863227,3275.605975466443,0.1737713146913332,247,0,247,PO
query_cycle_8_261.graph,1,0.1,247,2790.667938863227,2462.753401375785,0.11750396129932152,247,0,247,UN
query_cycle_8_261.graph,1,0.1,247,2790.667938863227,2632.175672479515,0.05679366727102381,247,0,247,WO
query_cycle_8_261.graph,2,0.1,247,2790.667938863227,2813.984220423697,0.008355089917995736,247,0,247,8_POSSA
query_cycle_8_261.graph,2,0.1,247,2790.667938863227,3191.3917159981584,0.143594216837624,247,0,247,MAB
query_cycle_8_261.graph,2,0.1,247,2790.667938863227,3325.119978573781,0.1915140215242742,247,0,247,PO
query_cycle_8_261.graph,2,0.1,247,2790.667938863227,7762.621846631525,1.7816358007085622,247,0,247,UN
query_cycle_8_261.graph,2,0.1,247,2790.667938863227,3463.5577855528395,0.24112143093732352,247,0,247,WO
query_cycle_8_261.graph,3,0.1,247,2790.667938863227,2965.833969695892,0.06276849652847574,247,0,247,8_POSSA
query_cycle_8_261.graph,3,0.1,247,2790.667938863227,3229.3280630737277,0.15718821938707192,247,0,247,MAB
query_cycle_8_261.graph,3,0.1,247,2790.667938863227,3075.7743060571615,0.10216420349533671,247,0,247,PO
query_cycle_8_261.graph,3,0.1,247,2790.667938863227,5960.203898767097,1.1357624874548757,247,0,247,UN
query_cycle_8_261.graph,3,0.1,247,2790.667938863227,2313.3726370719355,0.17103263886914352,247,0,247,WO
query_cycle_8_261.graph,4,0.1,247,2790.667938863227,2856.1849484844865,0.023477178602606452,247,0,247,8_POSSA
query_cycle_8_261.graph,4,0.1,247,2790.667938863227,3012.147873652557,0.07936448894724084,247,0,247,MAB
query_cycle_8_261.graph,4,0.1,247,2790.667938863227,2977.494068996273,0.06694674329800396,247,0,247,PO
query_cycle_8_261.graph,4,0.1,247,2790.667938863227,1562.562318104336,0.44007586988624564,247,0,247,UN
query_cycle_8_261.graph,4,0.1,247,2790.667938863227,3506.1072864503567,0.25636849788676846,247,0,247,WO
query_cycle_8_261.graph,5,0.1,247,2790.667938863227,2880.594242647086,0.032223935543004956,247,0,247,8_POSSA
query_cycle_8_261.graph,5,0.1,247,2790.667938863227,3165.704135550495,0.13438940243103167,247,0,247,MAB
query_cycle_8_261.graph,5,0.1,247,2790.667938863227,2814.496333066143,0.00853859890353797,247,0,247,PO
query_cycle_8_261.graph,5,0.1,247,2790.667938863227,545.0741409248926,0.8046796849836145,247,0,247,UN
query_cycle_8_261.graph,5,0.1,247,2790.667938863227,5021.37741987653,0.7993460812546471,247,0,247,WO
query_cycle_8_262.graph,1,0.1,253,2219.649717821244,2327.4385699964164,0.04856119923326256,253,0,253,8_POSSA
query_cycle_8_262.graph,1,0.1,253,2219.649717821244,2161.2712809923987,0.026300743022709065,253,0,253,MAB
query_cycle_8_262.graph,1,0.1,253,2219.649717821244,2059.157876122814,0.07230503101902273,253,0,253,PO
query_cycle_8_262.graph,1,0.1,253,2219.649717821244,423.6251690482207,0.8091477382007639,253,0,253,UN
query_cycle_8_262.graph,1,0.1,253,2219.649717821244,4451.797408628242,1.0056306059849938,253,0,253,WO
query_cycle_8_262.graph,2,0.1,253,2219.649717821244,2373.246771320682,0.06919878045000961,253,0,253,8_POSSA
query_cycle_8_262.graph,2,0.1,253,2219.649717821244,2633.2629691152547,0.18634167723545308,253,0,253,MAB
query_cycle_8_262.graph,2,0.1,253,2219.649717821244,2396.019208496535,0.07945825382232444,253,0,253,PO
query_cycle_8_262.graph,2,0.1,253,2219.649717821244,205.0273143269149,0.9076307794510186,253,0,253,UN
query_cycle_8_262.graph,2,0.1,253,2219.649717821244,9856.435863194798,3.440536623440587,253,0,253,WO
query_cycle_8_262.graph,3,0.1,253,2219.649717821244,2351.2125377686766,0.05927188370810672,253,0,253,8_POSSA
query_cycle_8_262.graph,3,0.1,253,2219.649717821244,2672.751068907108,0.2041319166028674,253,0,253,MAB
query_cycle_8_262.graph,3,0.1,253,2219.649717821244,2006.5695457881009,0.09599720637105641,253,0,253,PO
query_cycle_8_262.graph,3,0.1,253,2219.649717821244,14578.499218873989,5.567927858988445,253,0,253,UN
query_cycle_8_262.graph,3,0.1,253,2219.649717821244,3842.980535065695,0.7313454930347635,253,0,253,WO
query_cycle_8_262.graph,4,0.1,253,2219.649717821244,2490.270125142168,0.12192032154810392,253,0,253,8_POSSA
query_cycle_8_262.graph,4,0.1,253,2219.649717821244,0.07568419958121188,0.9999659026381624,253,0,253,MAB
query_cycle_8_262.graph,4,0.1,253,2219.649717821244,2541.311970420467,0.14491577207729833,253,0,253,PO
query_cycle_8_262.graph,4,0.1,253,2219.649717821244,2225.8213637287104,0.002780459393171446,253,0,253,UN
query_cycle_8_262.graph,4,0.1,253,2219.649717821244,1905.471079797711,0.14154424254468556,253,0,253,WO
query_cycle_8_262.graph,5,0.1,253,2219.649717821244,2191.7914980797113,0.012550727944982944,253,0,253,8_POSSA
query_cycle_8_262.graph,5,0.1,253,2219.649717821244,2336.3880015799637,0.052593110895581885,253,0,253,MAB
query_cycle_8_262.graph,5,0.1,253,2219.649717821244,2340.4559210825296,0.05442579623773529,253,0,253,PO
query_cycle_8_262.graph,5,0.1,253,2219.649717821244,3489.835683094501,0.5722461319347458,253,0,253,UN
query_cycle_8_262.graph,5,0.1,253,2219.649717821244,2710.6758252955565,0.22121783609906354,253,0,253,WO
query_cycle_8_264.graph,1,0.1,222,1740.4713274715848,1717.1738086681444,0.013385752718653037,222,0,222,8_POSSA
query_cycle_8_264.graph,1,0.1,222,1740.4713274715848,1549.8426599964819,0.10952703699637084,222,0,222,MAB
query_cycle_8_264.graph,1,0.1,222,1740.4713274715848,1679.3742112058628,0.03510377637445996,222,0,222,PO
query_cycle_8_264.graph,1,0.1,222,1740.4713274715848,480.48173319668086,0.7239358525401934,222,0,222,UN
query_cycle_8_264.graph,1,0.1,222,1740.4713274715848,1459.2223665536446,0.16159356174313758,222,0,222,WO
query_cycle_8_264.graph,2,0.1,222,1740.4713274715848,1712.528973504261,0.01605447531727861,222,0,222,8_POSSA
query_cycle_8_264.graph,2,0.1,222,1740.4713274715848,1751.666525398347,0.006432279434919288,222,0,222,MAB
query_cycle_8_264.graph,2,0.1,222,1740.4713274715848,1667.1982637311348,0.04209955233614513,222,0,222,PO
query_cycle_8_264.graph,2,0.1,222,1740.4713274715848,4386.985636145342,1.520573345220457,222,0,222,UN
query_cycle_8_264.graph,2,0.1,222,1740.4713274715848,1163.4863868673185,0.33151074165781463,222,0,222,WO
query_cycle_8_264.graph,3,0.1,222,1740.4713274715848,1767.6856592285112,0.01563618505365508,222,0,222,8_POSSA
query_cycle_8_264.graph,3,0.1,222,1740.4713274715848,1831.1825991648022,0.052118796938180764,222,0,222,MAB
query_cycle_8_264.graph,3,0.1,222,1740.4713274715848,1562.0949011403382,0.1024874259723528,222,0,222,PO
query_cycle_8_264.graph,3,0.1,222,1740.4713274715848,1435.3069955315696,0.17533430578447573,222,0,222,UN
query_cycle_8_264.graph,3,0.1,222,1740.4713274715848,2563.6265995902977,0.4729496310143333,222,0,222,WO
query_cycle_8_264.graph,4,0.1,222,1740.4713274715848,1706.876868315473,0.01930193196857487,222,0,222,8_POSSA
query_cycle_8_264.graph,4,0.1,222,1740.4713274715848,1658.717865620312,0.046972024509037744,222,0,222,MAB
query_cycle_8_264.graph,4,0.1,222,1740.4713274715848,1645.1428906355206,0.05477162153228319,222,0,222,PO
query_cycle_8_264.graph,4,0.1,222,1740.4713274715848,8357.977590643224,3.8021346049894507,222,0,222,UN
query_cycle_8_264.graph,4,0.1,222,1740.4713274715848,1636.0165453796844,0.06001522716472657,222,0,222,WO
query_cycle_8_264.graph,5,0.1,222,1740.4713274715848,1732.4207818176042,0.00462549743101819,222,0,222,8_POSSA
query_cycle_8_264.graph,5,0.1,222,1740.4713274715848,1650.6010077478336,0.05163562208997002,222,0,222,MAB
query_cycle_8_264.graph,5,0.1,222,1740.4713274715848,1668.9375231876463,0.04110024862509914,222,0,222,PO
query_cycle_8_264.graph,5,0.1,222,1740.4713274715848,923.1569467397572,0.46959370592973537,222,0,222,UN
query_cycle_8_264.graph,5,0.1,222,1740.4713274715848,1875.3679179491028,0.07750578153647884,222,0,222,WO
query_cycle_8_265.graph,1,0.1,243,150.53662471013158,163.04331996661097,0.08308074716409959,243,0,243,8_POSSA
query_cycle_8_265.graph,1,0.1,243,150.53662471013158,131.3595352050492,0.12739152044898802,243,0,243,MAB
query_cycle_8_265.graph,1,0.1,243,150.53662471013158,156.71670504108266,0.04105366612843384,243,0,243,PO
query_cycle_8_265.graph,1,0.1,243,150.53662471013158,334.75279745290385,1.2237299268366946,243,0,243,UN
query_cycle_8_265.graph,1,0.1,243,150.53662471013158,162.86831878438943,0.08191823151344972,243,0,243,WO
query_cycle_8_265.graph,2,0.1,243,150.53662471013158,149.77879017277164,0.00503422033554427,243,0,243,8_POSSA
query_cycle_8_265.graph,2,0.1,243,150.53662471013158,159.75866904690557,0.061261133990028395,243,0,243,MAB
query_cycle_8_265.graph,2,0.1,243,150.53662471013158,144.57031298056404,0.0396336223231793,243,0,243,PO
query_cycle_8_265.graph,2,0.1,243,150.53662471013158,273.4490299628092,0.8164950256414595,243,0,243,UN
query_cycle_8_265.graph,2,0.1,243,150.53662471013158,163.43939642592665,0.0857118441484936,243,0,243,WO
query_cycle_8_265.graph,3,0.1,243,150.53662471013158,154.5196282613735,0.026458701056380554,243,0,243,8_POSSA
query_cycle_8_265.graph,3,0.1,243,150.53662471013158,175.62029827214312,0.16662837771413996,243,0,243,MAB
query_cycle_8_265.graph,3,0.1,243,150.53662471013158,198.00515896859952,0.315328806859273,243,0,243,PO
query_cycle_8_265.graph,3,0.1,243,150.53662471013158,313.25554062727974,1.0809257629528655,243,0,243,UN
query_cycle_8_265.graph,3,0.1,243,150.53662471013158,341.5205531070462,1.2686874623678264,243,0,243,WO
query_cycle_8_265.graph,4,0.1,243,150.53662471013158,148.54404415690297,0.0132365167417926,243,0,243,8_POSSA
query_cycle_8_265.graph,4,0.1,243,150.53662471013158,135.88661352023294,0.09731858421901128,243,0,243,MAB
query_cycle_8_265.graph,4,0.1,243,150.53662471013158,149.03750351137174,0.009958514757764077,243,0,243,PO
query_cycle_8_265.graph,4,0.1,243,150.53662471013158,44.21226323521803,0.7063022814524258,243,0,243,UN
query_cycle_8_265.graph,4,0.1,243,150.53662471013158,203.8160979639413,0.353930303382336,243,0,243,WO
query_cycle_8_265.graph,5,0.1,243,150.53662471013158,155.2802505510731,0.03151144015667742,243,0,243,8_POSSA
query_cycle_8_265.graph,5,0.1,243,150.53662471013158,128.7999289726058,0.14439473303842992,243,0,243,MAB
query_cycle_8_265.graph,5,0.1,243,150.53662471013158,156.25772671802767,0.03800471824655602,243,0,243,PO
query_cycle_8_265.graph,5,0.1,243,150.53662471013158,124.91602043199141,0.17019515568038254,243,0,243,UN
query_cycle_8_265.graph,5,0.1,243,150.53662471013158,249.12170821226113,0.6548910186604873,243,0,243,WO
query_cycle_8_268.graph,1,0.1,181,2583.7002753459756,2632.2562711746887,0.018793199928041616,181,0,181,8_POSSA
query_cycle_8_268.graph,1,0.1,181,2583.7002753459756,2890.435878593768,0.1187194993841607,181,0,181,MAB
query_cycle_8_268.graph,1,0.1,181,2583.7002753459756,2945.028314781546,0.13984905404214748,181,0,181,PO
query_cycle_8_268.graph,1,0.1,181,2583.7002753459756,2218.5789229194506,0.14131722472245067,181,0,181,UN
query_cycle_8_268.graph,1,0.1,181,2583.7002753459756,2706.0015213764564,0.04733569415829543,181,0,181,WO
query_cycle_8_268.graph,2,0.1,181,2583.7002753459756,2600.0033524006876,0.006309972255790758,181,0,181,8_POSSA
query_cycle_8_268.graph,2,0.1,181,2583.7002753459756,2229.056509514224,0.1372619607683643,181,0,181,MAB
query_cycle_8_268.graph,2,0.1,181,2583.7002753459756,2419.2351263956834,0.06365488695404853,181,0,181,PO
query_cycle_8_268.graph,2,0.1,181,2583.7002753459756,6822.194652388096,1.64047448439992,181,0,181,UN
query_cycle_8_268.graph,2,0.1,181,2583.7002753459756,4077.3707560530916,0.5781129084359845,181,0,181,WO
query_cycle_8_268.graph,3,0.1,181,2583.7002753459756,2484.0184387055806,0.03858103727881009,181,0,181,8_POSSA
query_cycle_8_268.graph,3,0.1,181,2583.7002753459756,2092.9764387651994,0.18993063601971585,181,0,181,MAB
query_cycle_8_268.graph,3,0.1,181,2583.7002753459756,2954.74414505341,0.1436094864593956,181,0,181,PO
query_cycle_8_268.graph,3,0.1,181,2583.7002753459756,609.6550986382243,0.7640379944780602,181,0,181,UN
query_cycle_8_268.graph,3,0.1,181,2583.7002753459756,2087.996457508283,0.1918580969192776,181,0,181,WO
query_cycle_8_268.graph,4,0.1,181,2583.7002753459756,2402.493579052637,0.07013456553859514,181,0,181,8_POSSA
query_cycle_8_268.graph,4,0.1,181,2583.7002753459756,2553.127979561091,0.011832756328824143,181,0,181,MAB
query_cycle_8_268.graph,4,0.1,181,2583.7002753459756,2587.8751462504615,0.0016158495411883246,181,0,181,PO
query_cycle_8_268.graph,4,0.1,181,2583.7002753459756,4110.66855016473,0.5910005465375748,181,0,181,UN
query_cycle_8_268.graph,4,0.1,181,2583.7002753459756,2075.845171853828,0.1965611523666932,181,0,181,WO
query_cycle_8_268.graph,5,0.1,181,2583.7002753459756,2483.0583996099404,0.038952612536513574,181,0,181,8_POSSA
query_cycle_8_268.graph,5,0.1,181,2583.7002753459756,3070.909288714178,0.18857025252395485,181,0,181,MAB
query_cycle_8_268.graph,5,0.1,181,2583.7002753459756,2922.888220188263,0.1312799120234129,181,0,181,PO
query_cycle_8_268.graph,5,0.1,181,2583.7002753459756,614.4584882646803,0.7621788819206593,181,0,181,UN
query_cycle_8_268.graph,5,0.1,181,2583.7002753459756,1532.1729882097766,0.4069850118336161,181,0,181,WO
query_cycle_8_270.graph,1,0.1,148,66.53850331319254,75.47940882699456,0.13437190601835067,148,0,148,8_POSSA
query_cycle_8_270.graph,1,0.1,148,66.53850331319254,83.20845620406114,0.25053092661859533,148,0,148,MAB
query_cycle_8_270.graph,1,0.1,148,66.53850331319254,72.3469640666,0.08729473108325568,148,0,148,PO
query_cycle_8_270.graph,1,0.1,148,66.53850331319254,3191.950510586661,46.97148044587585,148,0,148,UN
query_cycle_8_270.graph,1,0.1,148,66.53850331319254,107.38569796744216,0.6138880891562056,148,0,148,WO
query_cycle_8_270.graph,2,0.1,148,66.53850331319254,74.90704767942395,0.12576995197564347,148,0,148,8_POSSA
query_cycle_8_270.graph,2,0.1,148,66.53850331319254,60.03885780867265,0.09768247226611729,148,0,148,MAB
query_cycle_8_270.graph,2,0.1,148,66.53850331319254,76.10660050560631,0.14379790220674704,148,0,148,PO
query_cycle_8_270.graph,2,0.1,148,66.53850331319254,13.57941001804854,0.795916509361037,148,0,148,UN
query_cycle_8_270.graph,2,0.1,148,66.53850331319254,49.181410033993025,0.26085788550879735,148,0,148,WO
query_cycle_8_270.graph,3,0.1,148,66.53850331319254,75.01520306159067,0.12739540756573442,148,0,148,8_POSSA
query_cycle_8_270.graph,3,0.1,148,66.53850331319254,0.0,1.0,148,0,148,MAB
query_cycle_8_270.graph,3,0.1,148,66.53850331319254,69.36462899125306,0.04247353843770915,148,0,148,PO
query_cycle_8_270.graph,3,0.1,148,66.53850331319254,62.39053739325997,0.06233933306867984,148,0,148,UN
query_cycle_8_270.graph,3,0.1,148,66.53850331319254,93.82389630454976,0.4100692325904387,148,0,148,WO
query_cycle_8_270.graph,4,0.1,148,66.53850331319254,78.36202703014177,0.17769446453126034,148,0,148,8_POSSA
query_cycle_8_270.graph,4,0.1,148,66.53850331319254,63.79433922161584,0.04124174658182624,148,0,148,MAB
query_cycle_8_270.graph,4,0.1,148,66.53850331319254,109.53801817381871,0.6462350777298097,148,0,148,PO
query_cycle_8_270.graph,4,0.1,148,66.53850331319254,94.95394077553357,0.42705254923741465,148,0,148,UN
query_cycle_8_270.graph,4,0.1,148,66.53850331319254,82.21188540029219,0.23555357134088264,148,0,148,WO
query_cycle_8_270.graph,5,0.1,148,66.53850331319254,75.64770891718632,0.1369012699476772,148,0,148,8_POSSA
query_cycle_8_270.graph,5,0.1,148,66.53850331319254,60.320777717542526,0.09344552831889781,148,0,148,MAB
query_cycle_8_270.graph,5,0.1,148,66.53850331319254,66.12475318459211,0.006218206121242777,148,0,148,PO
query_cycle_8_270.graph,5,0.1,148,66.53850331319254,371.39597844466164,4.581670160155604,148,0,148,UN
query_cycle_8_270.graph,5,0.1,148,66.53850331319254,53.25629107699531,0.1996169371841547,148,0,148,WO
query_cycle_8_274.graph,1,0.1,195,1719.7632110395691,1855.102795096071,0.07869663869288805,195,0,195,8_POSSA
query_cycle_8_274.graph,1,0.1,195,1719.7632110395691,1964.0851337358483,0.14206718758019632,195,0,195,MAB
query_cycle_8_274.graph,1,0.1,195,1719.7632110395691,1615.211188010117,0.06079442934835902,195,0,195,PO
query_cycle_8_274.graph,1,0.1,195,1719.7632110395691,414.3922221830088,0.759041117100932,195,0,195,UN
query_cycle_8_274.graph,1,0.1,195,1719.7632110395691,1760.3512449460427,0.023600943226328684,195,0,195,WO
query_cycle_8_274.graph,2,0.1,195,1719.7632110395691,1906.982291102275,0.10886328935338427,195,0,195,8_POSSA
query_cycle_8_274.graph,2,0.1,195,1719.7632110395691,1681.7062885419111,0.022129164208980364,195,0,195,MAB
query_cycle_8_274.graph,2,0.1,195,1719.7632110395691,1956.9020528620924,0.1378904027602595,195,0,195,PO
query_cycle_8_274.graph,2,0.1,195,1719.7632110395691,3663.0631320237962,1.1299810976939864,195,0,195,UN
query_cycle_8_274.graph,2,0.1,195,1719.7632110395691,1651.1421378560613,0.03990146593613171,195,0,195,WO
query_cycle_8_274.graph,3,0.1,195,1719.7632110395691,1804.7583576241902,0.049422586806728425,195,0,195,8_POSSA
query_cycle_8_274.graph,3,0.1,195,1719.7632110395691,1735.975567454022,0.009427086421189787,195,0,195,MAB
query_cycle_8_274.graph,3,0.1,195,1719.7632110395691,1814.838438678015,0.055283905963411414,195,0,195,PO
query_cycle_8_274.graph,3,0.1,195,1719.7632110395691,440.7808733643835,0.743696765615809,195,0,195,UN
query_cycle_8_274.graph,3,0.1,195,1719.7632110395691,2087.43444159659,0.21379177563332674,195,0,195,WO
query_cycle_8_274.graph,4,0.1,195,1719.7632110395691,1666.1004731730382,0.03120356193344356,195,0,195,8_POSSA
query_cycle_8_274.graph,4,0.1,195,1719.7632110395691,1863.931380443613,0.08383024388392205,195,0,195,MAB
query_cycle_8_274.graph,4,0.1,195,1719.7632110395691,1780.7567334212654,0.035466232787260674,195,0,195,PO
query_cycle_8_274.graph,4,0.1,195,1719.7632110395691,257.3962390931187,0.8503304190711657,195,0,195,UN
query_cycle_8_274.graph,4,0.1,195,1719.7632110395691,2252.7186950001424,0.3099005028944713,195,0,195,WO
query_cycle_8_274.graph,5,0.1,195,1719.7632110395691,1699.663414870188,0.01168753700530149,195,0,195,8_POSSA
query_cycle_8_274.graph,5,0.1,195,1719.7632110395691,2069.416089218653,0.2033145469879683,195,0,195,MAB
query_cycle_8_274.graph,5,0.1,195,1719.7632110395691,1960.046116233211,0.13971859826469643,195,0,195,PO
query_cycle_8_274.graph,5,0.1,195,1719.7632110395691,1399.472839402747,0.18624097176913776,195,0,195,UN
query_cycle_8_274.graph,5,0.1,195,1719.7632110395691,3097.793138268915,0.8012905023106924,195,0,195,WO
query_cycle_8_281.graph,1,0.1,265,2125.6001164228014,2092.495134465879,0.015574416702909911,265,0,265,8_POSSA
query_cycle_8_281.graph,1,0.1,265,2125.6001164228014,2794.363912246609,0.31462352239106867,265,0,265,MAB
query_cycle_8_281.graph,1,0.1,265,2125.6001164228014,2616.555033268578,0.23097237954239982,265,0,265,PO
query_cycle_8_281.graph,1,0.1,265,2125.6001164228014,3529.2398881349854,0.6603498752504712,265,0,265,UN
query_cycle_8_281.graph,1,0.1,265,2125.6001164228014,5252.4961360009,1.4710650396653113,265,0,265,WO
query_cycle_8_281.graph,2,0.1,265,2125.6001164228014,2186.787460157143,0.02878591474548584,265,0,265,8_POSSA
query_cycle_8_281.graph,2,0.1,265,2125.6001164228014,1768.9172221767028,0.16780338479015736,265,0,265,MAB
query_cycle_8_281.graph,2,0.1,265,2125.6001164228014,2176.3124891932425,0.02385790835191785,265,0,265,PO
query_cycle_8_281.graph,2,0.1,265,2125.6001164228014,2440.248171215675,0.14802786862958903,265,0,265,UN
query_cycle_8_281.graph,2,0.1,265,2125.6001164228014,2146.7636447602877,0.00995649566161231,265,0,265,WO
query_cycle_8_281.graph,3,0.1,265,2125.6001164228014,2172.5413677211836,0.022083763985382265,265,0,265,8_POSSA
query_cycle_8_281.graph,3,0.1,265,2125.6001164228014,2326.733400351919,0.0946242345279917,265,0,265,MAB
query_cycle_8_281.graph,3,0.1,265,2125.6001164228014,2079.97778029068,0.021463273256166208,265,0,265,PO
query_cycle_8_281.graph,3,0.1,265,2125.6001164228014,399.16423199215296,0.8122110415274575,265,0,265,UN
query_cycle_8_281.graph,3,0.1,265,2125.6001164228014,3023.463855170135,0.4224048219654596,265,0,265,WO
query_cycle_8_281.graph,4,0.1,265,2125.6001164228014,2210.1092128492955,0.039757758655337073,265,0,265,8_POSSA
query_cycle_8_281.graph,4,0.1,265,2125.6001164228014,2277.381641399071,0.07140643425994198,265,0,265,MAB
query_cycle_8_281.graph,4,0.1,265,2125.6001164228014,2050.7704396396384,0.03520402365666726,265,0,265,PO
query_cycle_8_281.graph,4,0.1,265,2125.6001164228014,235.44209080557857,0.88923500286507,265,0,265,UN
query_cycle_8_281.graph,4,0.1,265,2125.6001164228014,1455.9953192671242,0.3150191759880797,265,0,265,WO
query_cycle_8_281.graph,5,0.1,265,2125.6001164228014,2188.1372929069953,0.029420950818086357,265,0,265,8_POSSA
query_cycle_8_281.graph,5,0.1,265,2125.6001164228014,2005.8006438339628,0.05636030580881348,265,0,265,MAB
query_cycle_8_281.graph,5,0.1,265,2125.6001164228014,2195.4727275950872,0.03287194549550331,265,0,265,PO
query_cycle_8_281.graph,5,0.1,265,2125.6001164228014,700.708939531257,0.6703477130446867,265,0,265,UN
query_cycle_8_281.graph,5,0.1,265,2125.6001164228014,2768.1992686348685,0.30231422516738715,265,0,265,WO
query_cycle_8_292.graph,1,0.1,215,2328.8340497186155,1976.285186123909,0.15138427902894314,215,0,215,8_POSSA
query_cycle_8_292.graph,1,0.1,215,2328.8340497186155,2282.65493448556,0.01982928549101011,215,0,215,MAB
query_cycle_8_292.graph,1,0.1,215,2328.8340497186155,2330.0417824733627,0.0005185997494725475,215,0,215,PO
query_cycle_8_292.graph,1,0.1,215,2328.8340497186155,580.5252854253935,0.7507227767064225,215,0,215,UN
query_cycle_8_292.graph,1,0.1,215,2328.8340497186155,3451.9832528182587,0.4822796210985275,215,0,215,WO
query_cycle_8_292.graph,2,0.1,215,2328.8340497186155,2149.6907476260967,0.07692403076731208,215,0,215,8_POSSA
query_cycle_8_292.graph,2,0.1,215,2328.8340497186155,2149.0674052896193,0.07719169360767322,215,0,215,MAB
query_cycle_8_292.graph,2,0.1,215,2328.8340497186155,1760.2138139620886,0.24416520182072707,215,0,215,PO
query_cycle_8_292.graph,2,0.1,215,2328.8340497186155,6102.818687730412,1.6205468304913326,215,0,215,UN
query_cycle_8_292.graph,2,0.1,215,2328.8340497186155,1463.1690434476943,0.37171605524039647,215,0,215,WO
query_cycle_8_292.graph,3,0.1,215,2328.8340497186155,2225.426354310986,0.044403204865595236,215,0,215,8_POSSA
query_cycle_8_292.graph,3,0.1,215,2328.8340497186155,2408.90882774938,0.03438406357912873,215,0,215,MAB
query_cycle_8_292.graph,3,0.1,215,2328.8340497186155,1981.1624544362837,0.14928998282395417,215,0,215,PO
query_cycle_8_292.graph,3,0.1,215,2328.8340497186155,449.360169037044,0.8070450021583382,215,0,215,UN
query_cycle_8_292.graph,3,0.1,215,2328.8340497186155,1481.8517531244859,0.3636937104627388,215,0,215,WO
query_cycle_8_292.graph,4,0.1,215,2328.8340497186155,1996.5569511914157,0.1426795947814949,215,0,215,8_POSSA
query_cycle_8_292.graph,4,0.1,215,2328.8340497186155,1959.0959346799584,0.15876533370135634,215,0,215,MAB
query_cycle_8_292.graph,4,0.1,215,2328.8340497186155,1676.8401232956205,0.2799658165861037,215,0,215,PO
query_cycle_8_292.graph,4,0.1,215,2328.8340497186155,7719.846183533724,2.31489750610031,215,0,215,UN
query_cycle_8_292.graph,4,0.1,215,2328.8340497186155,2682.0758634040435,0.15168183139889635,215,0,215,WO
query_cycle_8_292.graph,5,0.1,215,2328.8340497186155,2135.2733144080917,0.08311486828952498,215,0,215,8_POSSA
query_cycle_8_292.graph,5,0.1,215,2328.8340497186155,1880.3644061604875,0.19257260671378232,215,0,215,MAB
query_cycle_8_292.graph,5,0.1,215,2328.8340497186155,2463.9699165444367,0.05802726340339675,215,0,215,PO
query_cycle_8_292.graph,5,0.1,215,2328.8340497186155,1813.3519128674754,0.22134773274782024,215,0,215,UN
query_cycle_8_292.graph,5,0.1,215,2328.8340497186155,1734.116006330053,0.2553715853907323,215,0,215,WO
query_cycle_8_302.graph,1,0.1,240,150.53662471013158,154.65764869922813,0.027375557257457224,240,0,240,8_POSSA
query_cycle_8_302.graph,1,0.1,240,150.53662471013158,121.51869851718183,0.1927632311992229,240,0,240,MAB
query_cycle_8_302.graph,1,0.1,240,150.53662471013158,145.4884874895521,0.03353427931774072,240,0,240,PO
query_cycle_8_302.graph,1,0.1,240,150.53662471013158,86.66387523681394,0.4243003959754573,240,0,240,UN
query_cycle_8_302.graph,1,0.1,240,150.53662471013158,399.6324245576071,1.6547189119400432,240,0,240,WO
query_cycle_8_302.graph,2,0.1,240,150.53662471013158,150.9124733343481,0.002496725464253316,240,0,240,8_POSSA
query_cycle_8_302.graph,2,0.1,240,150.53662471013158,158.17536656654798,0.050743411253741835,240,0,240,MAB
query_cycle_8_302.graph,2,0.1,240,150.53662471013158,164.85566344513904,0.09511996673619953,240,0,240,PO
query_cycle_8_302.graph,2,0.1,240,150.53662471013158,73.6441065248655,0.5107894396684381,240,0,240,UN
query_cycle_8_302.graph,2,0.1,240,150.53662471013158,92.75007442434607,0.383870373054115,240,0,240,WO
query_cycle_8_302.graph,3,0.1,240,150.53662471013158,152.78963366523635,0.014966517014999478,240,0,240,8_POSSA
query_cycle_8_302.graph,3,0.1,240,150.53662471013158,137.61703560938153,0.08582356038357832,240,0,240,MAB
query_cycle_8_302.graph,3,0.1,240,150.53662471013158,134.13121101237516,0.1089795505203212,240,0,240,PO
query_cycle_8_302.graph,3,0.1,240,150.53662471013158,487.7131514830167,2.239830522453531,240,0,240,UN
query_cycle_8_302.graph,3,0.1,240,150.53662471013158,88.35383961733432,0.41307412872139526,240,0,240,WO
query_cycle_8_302.graph,4,0.1,240,150.53662471013158,142.77165808259932,0.05158191000020246,240,0,240,8_POSSA
query_cycle_8_302.graph,4,0.1,240,150.53662471013158,116.5622161468013,0.22568865635688515,240,0,240,MAB
query_cycle_8_302.graph,4,0.1,240,150.53662471013158,284.9751372745429,0.8930618234817057,240,0,240,PO
query_cycle_8_302.graph,4,0.1,240,150.53662471013158,147.08990035795136,0.022896251053968506,240,0,240,UN
query_cycle_8_302.graph,4,0.1,240,150.53662471013158,312.51065694751236,1.0759775738912223,240,0,240,WO
query_cycle_8_302.graph,5,0.1,240,150.53662471013158,144.28908083572435,0.041501819815857405,240,0,240,8_POSSA
query_cycle_8_302.graph,5,0.1,240,150.53662471013158,134.26028094335774,0.10812215165654891,240,0,240,MAB
query_cycle_8_302.graph,5,0.1,240,150.53662471013158,154.3617276586694,0.025409782874455382,240,0,240,PO
query_cycle_8_302.graph,5,0.1,240,150.53662471013158,82.0513571219399,0.4549409003959314,240,0,240,UN
query_cycle_8_302.graph,5,0.1,240,150.53662471013158,243.16106864993787,0.6152950759867302,240,0,240,WO
query_cycle_8_304.graph,1,0.1,326,281.2654117183265,340.94423022111556,0.21217972781720656,326,0,326,8_POSSA
query_cycle_8_304.graph,1,0.1,326,281.2654117183265,331.29980615929475,0.17789032122824697,326,0,326,MAB
query_cycle_8_304.graph,1,0.1,326,281.2654117183265,166.42702824860768,0.40829187907656356,326,0,326,PO
query_cycle_8_304.graph,1,0.1,326,281.2654117183265,64.43379485755403,0.7709146159710483,326,0,326,UN
query_cycle_8_304.graph,1,0.1,326,281.2654117183265,306.6331327079816,0.09019139905855048,326,0,326,WO
query_cycle_8_304.graph,2,0.1,326,281.2654117183265,314.935025267343,0.11970762186263759,326,0,326,8_POSSA
query_cycle_8_304.graph,2,0.1,326,281.2654117183265,351.71810656089167,0.2504847446835023,326,0,326,MAB
query_cycle_8_304.graph,2,0.1,326,281.2654117183265,272.1770541116763,0.03231238975004777,326,0,326,PO
query_cycle_8_304.graph,2,0.1,326,281.2654117183265,660.7932047587063,1.3493582119526957,326,0,326,UN
query_cycle_8_304.graph,2,0.1,326,281.2654117183265,255.1834197304625,0.09273089011735235,326,0,326,WO
query_cycle_8_304.graph,3,0.1,326,281.2654117183265,342.0419211388661,0.2160824150016863,326,0,326,8_POSSA
query_cycle_8_304.graph,3,0.1,326,281.2654117183265,279.50578944720013,0.006256091925332612,326,0,326,MAB
query_cycle_8_304.graph,3,0.1,326,281.2654117183265,320.48243816201904,0.13943067583072197,326,0,326,PO
query_cycle_8_304.graph,3,0.1,326,281.2654117183265,114.07384531942824,0.5944263298408423,326,0,326,UN
query_cycle_8_304.graph,3,0.1,326,281.2654117183265,299.26928184678155,0.06401025287277427,326,0,326,WO
query_cycle_8_304.graph,4,0.1,326,281.2654117183265,320.6293084810655,0.1399528527957074,326,0,326,8_POSSA
query_cycle_8_304.graph,4,0.1,326,281.2654117183265,296.8858273682025,0.05553621241391418,326,0,326,MAB
query_cycle_8_304.graph,4,0.1,326,281.2654117183265,326.70202859461796,0.16154356342184722,326,0,326,PO
query_cycle_8_304.graph,4,0.1,326,281.2654117183265,172.78296776012564,0.3856942213244503,326,0,326,UN
query_cycle_8_304.graph,4,0.1,326,281.2654117183265,234.05321473530068,0.16785639120926293,326,0,326,WO
query_cycle_8_304.graph,5,0.1,326,281.2654117183265,341.2122079364085,0.2131324852631214,326,0,326,8_POSSA
query_cycle_8_304.graph,5,0.1,326,281.2654117183265,310.04712682537735,0.10232937968168769,326,0,326,MAB
query_cycle_8_304.graph,5,0.1,326,281.2654117183265,324.5713448022852,0.15396821393498408,326,0,326,PO
query_cycle_8_304.graph,5,0.1,326,281.2654117183265,124.00044165807309,0.5591336990192969,326,0,326,UN
query_cycle_8_304.graph,5,0.1,326,281.2654117183265,444.33357440081653,0.5797661421867072,326,0,326,WO
query_cycle_8_309.graph,1,0.1,375,203.04906782291545,278.24889256857597,0.3703529671519808,375,0,375,8_POSSA
query_cycle_8_309.graph,1,0.1,375,203.04906782291545,282.7555584963101,0.39254792709961517,375,0,375,MAB
query_cycle_8_309.graph,1,0.1,375,203.04906782291545,271.83051426826313,0.3387429806145864,375,0,375,PO
query_cycle_8_309.graph,1,0.1,375,203.04906782291545,82.57267281277545,0.5933363610179718,375,0,375,UN
query_cycle_8_309.graph,1,0.1,375,203.04906782291545,335.43812638127065,0.6520052516262486,375,0,375,WO
query_cycle_8_309.graph,2,0.1,375,203.04906782291545,286.63282932788064,0.4116431678369528,375,0,375,8_POSSA
query_cycle_8_309.graph,2,0.1,375,203.04906782291545,277.3502595242046,0.3659272731362117,375,0,375,MAB
query_cycle_8_309.graph,2,0.1,375,203.04906782291545,278.63883671939806,0.37227341010206694,375,0,375,PO
query_cycle_8_309.graph,2,0.1,375,203.04906782291545,179.89091073073274,0.11405202368315996,375,0,375,UN
query_cycle_8_309.graph,2,0.1,375,203.04906782291545,245.17179745483557,0.20745098750542645,375,0,375,WO
query_cycle_8_309.graph,3,0.1,375,203.04906782291545,292.7390331043365,0.44171572045650603,375,0,375,8_POSSA
query_cycle_8_309.graph,3,0.1,375,203.04906782291545,266.5958203883297,0.31296254273294705,375,0,375,MAB
query_cycle_8_309.graph,3,0.1,375,203.04906782291545,285.3928812631533,0.40553652534889795,375,0,375,PO
query_cycle_8_309.graph,3,0.1,375,203.04906782291545,847.2225424571465,3.1725015117825217,375,0,375,UN
query_cycle_8_309.graph,3,0.1,375,203.04906782291545,176.7136900694304,0.1296995747670845,375,0,375,WO
query_cycle_8_309.graph,4,0.1,375,203.04906782291545,282.0253673785864,0.3889517957528783,375,0,375,8_POSSA
query_cycle_8_309.graph,4,0.1,375,203.04906782291545,275.2533527978038,0.3556001795480276,375,0,375,MAB
query_cycle_8_309.graph,4,0.1,375,203.04906782291545,275.375670366743,0.3562025835395883,375,0,375,PO
query_cycle_8_309.graph,4,0.1,375,203.04906782291545,658.125682250499,2.2412149895929003,375,0,375,UN
query_cycle_8_309.graph,4,0.1,375,203.04906782291545,256.4008707497163,0.26275325220074597,375,0,375,WO
query_cycle_8_309.graph,5,0.1,375,203.04906782291545,272.68888941929714,0.3429704078086015,375,0,375,8_POSSA
query_cycle_8_309.graph,5,0.1,375,203.04906782291545,261.9822080613418,0.2902408805433351,375,0,375,MAB
query_cycle_8_309.graph,5,0.1,375,203.04906782291545,291.7909132083091,0.4370463077564474,375,0,375,PO
query_cycle_8_309.graph,5,0.1,375,203.04906782291545,149.56208663136815,0.26341899406400987,375,0,375,UN
query_cycle_8_309.graph,5,0.1,375,203.04906782291545,475.3334516729138,1.3409782510671995,375,0,375,WO
query_cycle_8_314.graph,1,0.1,233,1169.9713681044186,1306.529124118497,0.11671888709150943,233,0,233,8_POSSA
query_cycle_8_314.graph,1,0.1,233,1169.9713681044186,1361.3074764466537,0.16353913741687273,233,0,233,MAB
query_cycle_8_314.graph,1,0.1,233,1169.9713681044186,1354.7680514366548,0.15794974848969404,233,0,233,PO
query_cycle_8_314.graph,1,0.1,233,1169.9713681044186,1563.9129682268253,0.33671046220615536,233,0,233,UN
query_cycle_8_314.graph,1,0.1,233,1169.9713681044186,1694.1666111102168,0.44804108655675606,233,0,233,WO
query_cycle_8_314.graph,2,0.1,233,1169.9713681044186,1300.7391192670036,0.11177004388958185,233,0,233,8_POSSA
query_cycle_8_314.graph,2,0.1,233,1169.9713681044186,1118.0897069449672,0.044344385319026874,233,0,233,MAB
query_cycle_8_314.graph,2,0.1,233,1169.9713681044186,1420.1511820585315,0.21383413370145365,233,0,233,PO
query_cycle_8_314.graph,2,0.1,233,1169.9713681044186,12932.02065203179,10.053279596905163,233,0,233,UN
query_cycle_8_314.graph,2,0.1,233,1169.9713681044186,2889.662423433828,1.4698573847286909,233,0,233,WO
query_cycle_8_314.graph,3,0.1,233,1169.9713681044186,1291.447015449086,0.10382788045615297,233,0,233,8_POSSA
query_cycle_8_314.graph,3,0.1,233,1169.9713681044186,1349.130642751095,0.1531313325529916,233,0,233,MAB
query_cycle_8_314.graph,3,0.1,233,1169.9713681044186,1349.507287893156,0.1534532593559281,233,0,233,PO
query_cycle_8_314.graph,3,0.1,233,1169.9713681044186,425.52891715943764,0.636291170228484,233,0,233,UN
query_cycle_8_314.graph,3,0.1,233,1169.9713681044186,1668.4421546416797,0.42605383356079973,233,0,233,WO
query_cycle_8_314.graph,4,0.1,233,1169.9713681044186,1361.489349485699,0.16369458826293912,233,0,233,8_POSSA
query_cycle_8_314.graph,4,0.1,233,1169.9713681044186,1114.5483321717588,0.0473712754376681,233,0,233,MAB
query_cycle_8_314.graph,4,0.1,233,1169.9713681044186,1328.189337321679,0.13523234288511202,233,0,233,PO
query_cycle_8_314.graph,4,0.1,233,1169.9713681044186,67.05244860851741,0.9426888123620022,233,0,233,UN
query_cycle_8_314.graph,4,0.1,233,1169.9713681044186,1442.0446830455166,0.23254698564282797,233,0,233,WO
query_cycle_8_314.graph,5,0.1,233,1169.9713681044186,1369.0729233763877,0.17017643397081794,233,0,233,8_POSSA
query_cycle_8_314.graph,5,0.1,233,1169.9713681044186,1376.3458380357918,0.17639275247029332,233,0,233,MAB
query_cycle_8_314.graph,5,0.1,233,1169.9713681044186,1314.398889506053,0.12344534690249301,233,0,233,PO
query_cycle_8_314.graph,5,0.1,233,1169.9713681044186,15323.462157638842,12.097296716299846,233,0,233,UN
query_cycle_8_314.graph,5,0.1,233,1169.9713681044186,1142.405395355282,0.023561237053004815,233,0,233,WO
query_cycle_8_316.graph,1,0.1,199,1719.7632110395691,1558.8049528584493,0.0935932674614101,199,0,199,8_POSSA
query_cycle_8_316.graph,1,0.1,199,1719.7632110395691,1788.45112932978,0.039940334721249346,199,0,199,MAB
query_cycle_8_316.graph,1,0.1,199,1719.7632110395691,1682.6177323267184,0.021599182070185626,199,0,199,PO
query_cycle_8_316.graph,1,0.1,199,1719.7632110395691,597.2882929566013,0.6526915513005129,199,0,199,UN
query_cycle_8_316.graph,1,0.1,199,1719.7632110395691,1883.960969623925,0.09547695725221435,199,0,199,WO
query_cycle_8_316.graph,2,0.1,199,1719.7632110395691,1679.3544424850907,0.023496704834180055,199,0,199,8_POSSA
query_cycle_8_316.graph,2,0.1,199,1719.7632110395691,1574.8655957817036,0.0842543987031082,199,0,199,MAB
query_cycle_8_316.graph,2,0.1,199,1719.7632110395691,1667.0181108115594,0.030669978221086712,199,0,199,PO
query_cycle_8_316.graph,2,0.1,199,1719.7632110395691,145.6766528821085,0.9152926100831932,199,0,199,UN
query_cycle_8_316.graph,2,0.1,199,1719.7632110395691,1303.7334497420518,0.24191107160969796,199,0,199,WO
query_cycle_8_316.graph,3,0.1,199,1719.7632110395691,1622.7290143983269,0.05642299824671017,199,0,199,8_POSSA
query_cycle_8_316.graph,3,0.1,199,1719.7632110395691,1787.7082148904065,0.03950834825090001,199,0,199,MAB
query_cycle_8_316.graph,3,0.1,199,1719.7632110395691,1288.7734916900033,0.25060991919291,199,0,199,PO
query_cycle_8_316.graph,3,0.1,199,1719.7632110395691,1882.966603206737,0.09489875764263742,199,0,199,UN
query_cycle_8_316.graph,3,0.1,199,1719.7632110395691,1408.9494454767432,0.18073055846737412,199,0,199,WO
query_cycle_8_316.graph,4,0.1,199,1719.7632110395691,1701.2807538363347,0.010747094184008066,199,0,199,8_POSSA
query_cycle_8_316.graph,4,0.1,199,1719.7632110395691,1337.0967468258832,0.22251113511282183,199,0,199,MAB
query_cycle_8_316.graph,4,0.1,199,1719.7632110395691,1642.7662270953258,0.04477185199100746,199,0,199,PO
query_cycle_8_316.graph,4,0.1,199,1719.7632110395691,2315.1698702132744,0.3462143249440669,199,0,199,UN
query_cycle_8_316.graph,4,0.1,199,1719.7632110395691,1481.852935062939,0.13833897274312387,199,0,199,WO
query_cycle_8_316.graph,5,0.1,199,1719.7632110395691,1722.40449368825,0.0015358408830506301,199,0,199,8_POSSA
query_cycle_8_316.graph,5,0.1,199,1719.7632110395691,1807.2296169480508,0.05085956330907301,199,0,199,MAB
query_cycle_8_316.graph,5,0.1,199,1719.7632110395691,2135.365670414901,0.24166260605383405,199,0,199,PO
query_cycle_8_316.graph,5,0.1,199,1719.7632110395691,2145.7281805426946,0.24768815076910303,199,0,199,UN
query_cycle_8_316.graph,5,0.1,199,1719.7632110395691,1196.3239486788968,0.30436705413896004,199,0,199,WO
query_cycle_8_318.graph,1,0.1,241,150.53662471013158,139.98597673809138,0.0700869173356064,241,0,241,8_POSSA
query_cycle_8_318.graph,1,0.1,241,150.53662471013158,149.88009576023458,0.00436125727650122,241,0,241,MAB
query_cycle_8_318.graph,1,0.1,241,150.53662471013158,141.68413829467792,0.05880619704673008,241,0,241,PO
query_cycle_8_318.graph,1,0.1,241,150.53662471013158,114.66484954038398,0.23829267620966735,241,0,241,UN
query_cycle_8_318.graph,1,0.1,241,150.53662471013158,195.58208769046712,0.2992325825497524,241,0,241,WO
query_cycle_8_318.graph,2,0.1,241,150.53662471013158,124.80505913829153,0.17093226064678887,241,0,241,8_POSSA
query_cycle_8_318.graph,2,0.1,241,150.53662471013158,150.66923626511064,0.0008809255238345936,241,0,241,MAB
query_cycle_8_318.graph,2,0.1,241,150.53662471013158,141.51419659153828,0.05993510307519243,241,0,241,PO
query_cycle_8_318.graph,2,0.1,241,150.53662471013158,213.2556416276781,0.4166362640209067,241,0,241,UN
query_cycle_8_318.graph,2,0.1,241,150.53662471013158,168.25036812974255,0.11767065625205816,241,0,241,WO
query_cycle_8_318.graph,3,0.1,241,150.53662471013158,131.7645206970828,0.12470124163601876,241,0,241,8_POSSA
query_cycle_8_318.graph,3,0.1,241,150.53662471013158,154.0696737858651,0.02346969770669855,241,0,241,MAB
query_cycle_8_318.graph,3,0.1,241,150.53662471013158,134.33308906893163,0.10763849443549667,241,0,241,PO
query_cycle_8_318.graph,3,0.1,241,150.53662471013158,101.36630849347713,0.32663357712008756,241,0,241,UN
query_cycle_8_318.graph,3,0.1,241,150.53662471013158,201.03202249169237,0.33543596369848927,241,0,241,WO
query_cycle_8_318.graph,4,0.1,241,150.53662471013158,136.01153391855343,0.09648875029280876,241,0,241,8_POSSA
query_cycle_8_318.graph,4,0.1,241,150.53662471013158,132.76455569413213,0.11805810745538348,241,0,241,MAB
query_cycle_8_318.graph,4,0.1,241,150.53662471013158,139.45515751735073,0.07361309723875477,241,0,241,PO
query_cycle_8_318.graph,4,0.1,241,150.53662471013158,47.30224994421168,0.6857758034943632,241,0,241,UN
query_cycle_8_318.graph,4,0.1,241,150.53662471013158,263.77598122883796,0.7522379137751787,241,0,241,WO
query_cycle_8_318.graph,5,0.1,241,150.53662471013158,137.83391309410763,0.08438286457188658,241,0,241,8_POSSA
query_cycle_8_318.graph,5,0.1,241,150.53662471013158,126.03844281789269,0.16273901410644612,241,0,241,MAB
query_cycle_8_318.graph,5,0.1,241,150.53662471013158,153.90527418945948,0.02237760734847391,241,0,241,PO
query_cycle_8_318.graph,5,0.1,241,150.53662471013158,257.32424029300114,0.7093796329530858,241,0,241,UN
query_cycle_8_318.graph,5,0.1,241,150.53662471013158,387.6837707768396,1.575345179442882,241,0,241,WO
query_cycle_8_326.graph,1,0.1,307,2078.956098246877,2225.0222013434777,0.07025934949745885,307,0,307,8_POSSA
query_cycle_8_326.graph,1,0.1,307,2078.956098246877,1927.4742009062863,0.07286440414414277,307,0,307,MAB
query_cycle_8_326.graph,1,0.1,307,2078.956098246877,2134.5047950243047,0.026719514098575876,307,0,307,PO
query_cycle_8_326.graph,1,0.1,307,2078.956098246877,716.8892248539878,0.655168656298938,307,0,307,UN
query_cycle_8_326.graph,1,0.1,307,2078.956098246877,2500.3261771622415,0.20268349065701463,307,0,307,WO
query_cycle_8_326.graph,2,0.1,307,2078.956098246877,2123.7849615402656,0.021563160150996692,307,0,307,8_POSSA
query_cycle_8_326.graph,2,0.1,307,2078.956098246877,2004.3460323341458,0.0358882354349126,307,0,307,MAB
query_cycle_8_326.graph,2,0.1,307,2078.956098246877,2265.834547538134,0.08989052219469473,307,0,307,PO
query_cycle_8_326.graph,2,0.1,307,2078.956098246877,985.7697813939698,0.5258342481473078,307,0,307,UN
query_cycle_8_326.graph,2,0.1,307,2078.956098246877,1469.0885592104016,0.2933527742845358,307,0,307,WO
query_cycle_8_326.graph,3,0.1,307,2078.956098246877,2163.3787117200177,0.04060817520116554,307,0,307,8_POSSA
query_cycle_8_326.graph,3,0.1,307,2078.956098246877,2161.806904921705,0.03985211940968539,307,0,307,MAB
query_cycle_8_326.graph,3,0.1,307,2078.956098246877,2201.9571790560067,0.059164828402510715,307,0,307,PO
query_cycle_8_326.graph,3,0.1,307,2078.956098246877,464.2614058132616,0.7766853248104855,307,0,307,UN
query_cycle_8_326.graph,3,0.1,307,2078.956098246877,2068.8181594545117,0.004876456410462108,307,0,307,WO
query_cycle_8_326.graph,4,0.1,307,2078.956098246877,2040.1769950923795,0.01865316116448963,307,0,307,8_POSSA
query_cycle_8_326.graph,4,0.1,307,2078.956098246877,1967.1457328791196,0.05378197522402894,307,0,307,MAB
query_cycle_8_326.graph,4,0.1,307,2078.956098246877,2229.3543213003386,0.07234314528348532,307,0,307,PO
query_cycle_8_326.graph,4,0.1,307,2078.956098246877,1479.2621610597662,0.2884591635642596,307,0,307,UN
query_cycle_8_326.graph,4,0.1,307,2078.956098246877,2267.9240540277356,0.09089559704517558,307,0,307,WO
query_cycle_8_326.graph,5,0.1,307,2078.956098246877,2081.587820444376,0.0012658863742810078,307,0,307,8_POSSA
query_cycle_8_326.graph,5,0.1,307,2078.956098246877,2246.168674221074,0.08043102791598272,307,0,307,MAB
query_cycle_8_326.graph,5,0.1,307,2078.956098246877,1506.8542076329084,0.2751870956276592,307,0,307,PO
query_cycle_8_326.graph,5,0.1,307,2078.956098246877,3242.7997948129073,0.5598211994699964,307,0,307,UN
query_cycle_8_326.graph,5,0.1,307,2078.956098246877,2430.3283706664433,0.1690138010686557,307,0,307,WO
query_cycle_8_329.graph,1,0.1,244,150.53662471013158,123.24382597012087,0.18130337911166028,244,0,244,8_POSSA
query_cycle_8_329.graph,1,0.1,244,150.53662471013158,135.5563265470194,0.09951264811442226,244,0,244,MAB
query_cycle_8_329.graph,1,0.1,244,150.53662471013158,128.02562394313827,0.14953836523397382,244,0,244,PO
query_cycle_8_329.graph,1,0.1,244,150.53662471013158,130.08458036914783,0.13586092009413347,244,0,244,UN
query_cycle_8_329.graph,1,0.1,244,150.53662471013158,83.96541735935338,0.44222598639344773,244,0,244,WO
query_cycle_8_329.graph,2,0.1,244,150.53662471013158,123.01458313883326,0.1828262167050302,244,0,244,8_POSSA
query_cycle_8_329.graph,2,0.1,244,150.53662471013158,133.3736492376194,0.11401195892069889,244,0,244,MAB
query_cycle_8_329.graph,2,0.1,244,150.53662471013158,128.02562394313816,0.1495383652339746,244,0,244,PO
query_cycle_8_329.graph,2,0.1,244,150.53662471013158,50.61655579923723,0.6637591955000797,244,0,244,UN
query_cycle_8_329.graph,2,0.1,244,150.53662471013158,141.08364310737855,0.06279522754648831,244,0,244,WO
query_cycle_8_329.graph,3,0.1,244,150.53662471013158,128.04302831685533,0.14942274969024438,244,0,244,8_POSSA
query_cycle_8_329.graph,3,0.1,244,150.53662471013158,120.89211164709221,0.19692558618290984,244,0,244,MAB
query_cycle_8_329.graph,3,0.1,244,150.53662471013158,130.30736720271912,0.13438096905895994,244,0,244,PO
query_cycle_8_329.graph,3,0.1,244,150.53662471013158,120.09724821910329,0.20220578579891343,244,0,244,UN
query_cycle_8_329.graph,3,0.1,244,150.53662471013158,135.74456149650197,0.0982622218487542,244,0,244,WO
query_cycle_8_329.graph,4,0.1,244,150.53662471013158,115.92455330224095,0.22992458795019818,244,0,244,8_POSSA
query_cycle_8_329.graph,4,0.1,244,150.53662471013158,161.38157429046078,0.07204193398923273,244,0,244,MAB
query_cycle_8_329.graph,4,0.1,244,150.53662471013158,129.212591940822,0.14165345350588565,244,0,244,PO
query_cycle_8_329.graph,4,0.1,244,150.53662471013158,41.650812689406905,0.723317745634271,244,0,244,UN
query_cycle_8_329.graph,4,0.1,244,150.53662471013158,82.65125578404985,0.4509558325543673,244,0,244,WO
query_cycle_8_329.graph,5,0.1,244,150.53662471013158,131.89563325718362,0.12383027378780709,244,0,244,8_POSSA
query_cycle_8_329.graph,5,0.1,244,150.53662471013158,138.62277043877452,0.07914256277698523,244,0,244,MAB
query_cycle_8_329.graph,5,0.1,244,150.53662471013158,129.46303879994278,0.13998975964000393,244,0,244,PO
query_cycle_8_329.graph,5,0.1,244,150.53662471013158,182.59432723305187,0.2129561665451817,244,0,244,UN
query_cycle_8_329.graph,5,0.1,244,150.53662471013158,163.83549734339493,0.08834310360599112,244,0,244,WO
query_cycle_8_332.graph,1,0.1,128,249.84014254804632,317.50057255676506,0.2708148871461162,128,0,128,8_POSSA
query_cycle_8_332.graph,1,0.1,128,249.84014254804632,331.9862649559173,0.32879473078299903,128,0,128,MAB
query_cycle_8_332.graph,1,0.1,128,249.84014254804632,324.2111436779756,0.2976743463698078,128,0,128,PO
query_cycle_8_332.graph,1,0.1,128,249.84014254804632,132.5262090797245,0.4695559819645931,128,0,128,UN
query_cycle_8_332.graph,1,0.1,128,249.84014254804632,189.36185784495547,0.24206792425865023,128,0,128,WO
query_cycle_8_332.graph,2,0.1,128,249.84014254804632,316.6792517209019,0.2675275017504518,128,0,128,8_POSSA
query_cycle_8_332.graph,2,0.1,128,249.84014254804632,331.36668457437224,0.32631482353020075,128,0,128,MAB
query_cycle_8_332.graph,2,0.1,128,249.84014254804632,313.4521740200049,0.2546109317069633,128,0,128,PO
query_cycle_8_332.graph,2,0.1,128,249.84014254804632,961.3994075649414,2.8480581933708127,128,0,128,UN
query_cycle_8_332.graph,2,0.1,128,249.84014254804632,246.1855817516281,0.01462759650689609,128,0,128,WO
query_cycle_8_332.graph,3,0.1,128,249.84014254804632,320.99188495151935,0.2847890722356195,128,0,128,8_POSSA
query_cycle_8_332.graph,3,0.1,128,249.84014254804632,239.29088607907232,0.04222402517619955,128,0,128,MAB
query_cycle_8_332.graph,3,0.1,128,249.84014254804632,313.40423527595914,0.25441905403847953,128,0,128,PO
query_cycle_8_332.graph,3,0.1,128,249.84014254804632,869.4645111921599,2.480083313773145,128,0,128,UN
query_cycle_8_332.graph,3,0.1,128,249.84014254804632,230.13728924964244,0.07886183980468575,128,0,128,WO
query_cycle_8_332.graph,4,0.1,128,249.84014254804632,318.7210381716543,0.275699873211374,128,0,128,8_POSSA
query_cycle_8_332.graph,4,0.1,128,249.84014254804632,280.5110328108995,0.12276205877105968,128,0,128,MAB
query_cycle_8_332.graph,4,0.1,128,249.84014254804632,324.2111436779755,0.2976743463698073,128,0,128,PO
query_cycle_8_332.graph,4,0.1,128,249.84014254804632,1816.4664149459304,6.270514643564971,128,0,128,UN
query_cycle_8_332.graph,4,0.1,128,249.84014254804632,102.05333796993362,0.5915254573219437,128,0,128,WO
query_cycle_8_332.graph,5,0.1,128,249.84014254804632,310.7964968176626,0.2439814260748506,128,0,128,8_POSSA
query_cycle_8_332.graph,5,0.1,128,249.84014254804632,371.70679669715423,0.48777851671963385,128,0,128,MAB
query_cycle_8_332.graph,5,0.1,128,249.84014254804632,314.86663004311225,0.2602723758955621,128,0,128,PO
query_cycle_8_332.graph,5,0.1,128,249.84014254804632,543.4802261255538,1.1753118637491897,128,0,128,UN
query_cycle_8_332.graph,5,0.1,128,249.84014254804632,304.68256813199616,0.2195100636135892,128,0,128,WO
query_cycle_8_335.graph,1,0.1,311,2078.956098246877,2227.063817571558,0.07124138862267268,311,0,311,8_POSSA
query_cycle_8_335.graph,1,0.1,311,2078.956098246877,2399.7811917716713,0.1543202830475048,311,0,311,MAB
query_cycle_8_335.graph,1,0.1,311,2078.956098246877,3052.3288843359974,0.4682026652270037,311,0,311,PO
query_cycle_8_335.graph,1,0.1,311,2078.956098246877,2406.220293295424,0.15741755938209545,311,0,311,UN
query_cycle_8_335.graph,1,0.1,311,2078.956098246877,2022.0931938935455,0.02735166192363673,311,0,311,WO
query_cycle_8_335.graph,2,0.1,311,2078.956098246877,2270.9021362108965,0.09232808625727211,311,0,311,8_POSSA
query_cycle_8_335.graph,2,0.1,311,2078.956098246877,2383.814157308356,0.1466399696071296,311,0,311,MAB
query_cycle_8_335.graph,2,0.1,311,2078.956098246877,2067.7467918598218,0.005391795621132982,311,0,311,PO
query_cycle_8_335.graph,2,0.1,311,2078.956098246877,1026.8763000343279,0.5060615753741685,311,0,311,UN
query_cycle_8_335.graph,2,0.1,311,2078.956098246877,2783.6562388159323,0.3389682644877919,311,0,311,WO
query_cycle_8_335.graph,3,0.1,311,2078.956098246877,2189.8477310692606,0.05334005509587012,311,0,311,8_POSSA
query_cycle_8_335.graph,3,0.1,311,2078.956098246877,2201.0613381874928,0.05873391941445207,311,0,311,MAB
query_cycle_8_335.graph,3,0.1,311,2078.956098246877,2179.647075247537,0.04843343112707854,311,0,311,PO
query_cycle_8_335.graph,3,0.1,311,2078.956098246877,2144.5871239964667,0.03156922159392134,311,0,311,UN
query_cycle_8_335.graph,3,0.1,311,2078.956098246877,1652.6597852305943,0.20505306166674994,311,0,311,WO
query_cycle_8_335.graph,4,0.1,311,2078.956098246877,2328.9081691964766,0.12022960521406724,311,0,311,8_POSSA
query_cycle_8_335.graph,4,0.1,311,2078.956098246877,2186.923826741113,0.051933626008400034,311,0,311,MAB
query_cycle_8_335.graph,4,0.1,311,2078.956098246877,2297.8747628364595,0.10530220660945663,311,0,311,PO
query_cycle_8_335.graph,4,0.1,311,2078.956098246877,1922.5393466141622,0.07523812155755306,311,0,311,UN
query_cycle_8_335.graph,4,0.1,311,2078.956098246877,1609.839511971631,0.2256500686430263,311,0,311,WO
query_cycle_8_335.graph,5,0.1,311,2078.956098246877,2249.9086742397144,0.08223000771252299,311,0,311,8_POSSA
query_cycle_8_335.graph,5,0.1,311,2078.956098246877,2047.5465359953475,0.015108333590120647,311,0,311,MAB
query_cycle_8_335.graph,5,0.1,311,2078.956098246877,2619.4451639597414,0.259980990540706,311,0,311,PO
query_cycle_8_335.graph,5,0.1,311,2078.956098246877,3561.6642799597257,0.7131984090299807,311,0,311,UN
query_cycle_8_335.graph,5,0.1,311,2078.956098246877,2544.107879896469,0.2237429554389537,311,0,311,WO
query_cycle_8_337.graph,1,0.1,188,2493.9058589849806,2406.3700115806714,0.0350999004589276,188,0,188,8_POSSA
query_cycle_8_337.graph,1,0.1,188,2493.9058589849806,2420.4485224156183,0.029454735151574405,188,0,188,MAB
query_cycle_8_337.graph,1,0.1,188,2493.9058589849806,2469.523954299143,0.00977659385096475,188,0,188,PO
query_cycle_8_337.graph,1,0.1,188,2493.9058589849806,408.00777531208917,0.8363980846180985,188,0,188,UN
query_cycle_8_337.graph,1,0.1,188,2493.9058589849806,2251.335696625828,0.09726516399375182,188,0,188,WO
query_cycle_8_337.graph,2,0.1,188,2493.9058589849806,2368.8193258099404,0.050156878506212074,188,0,188,8_POSSA
query_cycle_8_337.graph,2,0.1,188,2493.9058589849806,2085.3664032055926,0.16381510725736192,188,0,188,MAB
query_cycle_8_337.graph,2,0.1,188,2493.9058589849806,2375.1578572547055,0.047615270360929135,188,0,188,PO
query_cycle_8_337.graph,2,0.1,188,2493.9058589849806,549.8990828603232,0.7795028706159213,188,0,188,UN
query_cycle_8_337.graph,2,0.1,188,2493.9058589849806,1638.9025510655924,0.34283704207959736,188,0,188,WO
query_cycle_8_337.graph,3,0.1,188,2493.9058589849806,2392.4505128404357,0.04068130550278154,188,0,188,8_POSSA
query_cycle_8_337.graph,3,0.1,188,2493.9058589849806,2316.9351287088743,0.07096127130802495,188,0,188,MAB
query_cycle_8_337.graph,3,0.1,188,2493.9058589849806,2449.8016919076063,0.01768477623903763,188,0,188,PO
query_cycle_8_337.graph,3,0.1,188,2493.9058589849806,75.5766070476631,0.9696954851862681,188,0,188,UN
query_cycle_8_337.graph,3,0.1,188,2493.9058589849806,2310.0998050263292,0.07370208193562702,188,0,188,WO
query_cycle_8_337.graph,4,0.1,188,2493.9058589849806,2333.0294051616033,0.06450782945305479,188,0,188,8_POSSA
query_cycle_8_337.graph,4,0.1,188,2493.9058589849806,2259.724575859214,0.09390141263033817,188,0,188,MAB
query_cycle_8_337.graph,4,0.1,188,2493.9058589849806,2371.1131355820758,0.049237112523919185,188,0,188,PO
query_cycle_8_337.graph,4,0.1,188,2493.9058589849806,97.09560767805539,0.9610668512894175,188,0,188,UN
query_cycle_8_337.graph,4,0.1,188,2493.9058589849806,1577.20987235808,0.3675744147776275,188,0,188,WO
query_cycle_8_337.graph,5,0.1,188,2493.9058589849806,2376.727486898652,0.04698588427632959,188,0,188,8_POSSA
query_cycle_8_337.graph,5,0.1,188,2493.9058589849806,0.0,1.0,188,0,188,MAB
query_cycle_8_337.graph,5,0.1,188,2493.9058589849806,2398.806209719645,0.03813281440544885,188,0,188,PO
query_cycle_8_337.graph,5,0.1,188,2493.9058589849806,104.1223407183306,0.9582492898265581,188,0,188,UN
query_cycle_8_337.graph,5,0.1,188,2493.9058589849806,2691.721289030735,0.07931952576841267,188,0,188,WO
query_cycle_8_342.graph,1,0.1,197,1719.7632110395691,1798.7478658920722,0.04592763372624896,197,0,197,8_POSSA
query_cycle_8_342.graph,1,0.1,197,1719.7632110395691,1737.1643651910576,0.010118343060129662,197,0,197,MAB
query_cycle_8_342.graph,1,0.1,197,1719.7632110395691,1939.806988599413,0.12795004344047514,197,0,197,PO
query_cycle_8_342.graph,1,0.1,197,1719.7632110395691,717.1884004687281,0.5829725883976787,197,0,197,UN
query_cycle_8_342.graph,1,0.1,197,1719.7632110395691,1302.6937507297746,0.24251563100811,197,0,197,WO
query_cycle_8_342.graph,2,0.1,197,1719.7632110395691,1811.4143175886545,0.0532928637854067,197,0,197,8_POSSA
query_cycle_8_342.graph,2,0.1,197,1719.7632110395691,1536.8564329017634,0.10635579186930133,197,0,197,MAB
query_cycle_8_342.graph,2,0.1,197,1719.7632110395691,1479.3412485977967,0.13979945663359156,197,0,197,PO
query_cycle_8_342.graph,2,0.1,197,1719.7632110395691,346.41856629623345,0.7985661258058725,197,0,197,UN
query_cycle_8_342.graph,2,0.1,197,1719.7632110395691,1505.0199330479202,0.12486793333707848,197,0,197,WO
query_cycle_8_342.graph,3,0.1,197,1719.7632110395691,1815.2880058476715,0.055545318212941154,197,0,197,8_POSSA
query_cycle_8_342.graph,3,0.1,197,1719.7632110395691,1829.143091853519,0.06360170988181076,197,0,197,MAB
query_cycle_8_342.graph,3,0.1,197,1719.7632110395691,1865.6927045494135,0.08485441052180223,197,0,197,PO
query_cycle_8_342.graph,3,0.1,197,1719.7632110395691,289.4866708369527,0.8316706224562376,197,0,197,UN
query_cycle_8_342.graph,3,0.1,197,1719.7632110395691,1721.102486830577,0.000778755925473165,197,0,197,WO
query_cycle_8_342.graph,4,0.1,197,1719.7632110395691,1743.629581947706,0.013877707555861688,197,0,197,8_POSSA
query_cycle_8_342.graph,4,0.1,197,1719.7632110395691,1899.7608209867587,0.10466418213376247,197,0,197,MAB
query_cycle_8_342.graph,4,0.1,197,1719.7632110395691,1761.3959429752235,0.02420840943009131,197,0,197,PO
query_cycle_8_342.graph,4,0.1,197,1719.7632110395691,3171.1596830792446,0.8439513432563368,197,0,197,UN
query_cycle_8_342.graph,4,0.1,197,1719.7632110395691,1795.5669567546329,0.04407801331512472,197,0,197,WO
query_cycle_8_342.graph,5,0.1,197,1719.7632110395691,1749.8349997201044,0.017486005333465286,197,0,197,8_POSSA
query_cycle_8_342.graph,5,0.1,197,1719.7632110395691,2066.243760409355,0.2014699158265772,197,0,197,MAB
query_cycle_8_342.graph,5,0.1,197,1719.7632110395691,1809.8993850103652,0.05241196775939302,197,0,197,PO
query_cycle_8_342.graph,5,0.1,197,1719.7632110395691,1575.059378279053,0.08414171894806674,197,0,197,UN
query_cycle_8_342.graph,5,0.1,197,1719.7632110395691,2585.5137705400543,0.5034126523599449,197,0,197,WO
query_cycle_8_347.graph,1,0.1,341,1351.3006639209634,999.3604443563468,0.2604455314507278,341,0,341,8_POSSA
query_cycle_8_347.graph,1,0.1,341,1351.3006639209634,930.9462052550144,0.31107396739245236,341,0,341,MAB
query_cycle_8_347.graph,1,0.1,341,1351.3006639209634,1064.9798987643323,0.2118853137582546,341,0,341,PO
query_cycle_8_347.graph,1,0.1,341,1351.3006639209634,87.57639663817666,0.9351910355878439,341,0,341,UN
query_cycle_8_347.graph,1,0.1,341,1351.3006639209634,965.501711195245,0.2855019338229849,341,0,341,WO
query_cycle_8_347.graph,2,0.1,341,1351.3006639209634,1020.9581665794983,0.24446261750729562,341,0,341,8_POSSA
query_cycle_8_347.graph,2,0.1,341,1351.3006639209634,1067.238999859872,0.2102135162406063,341,0,341,MAB
query_cycle_8_347.graph,2,0.1,341,1351.3006639209634,761.3167579930827,0.436604466851937,341,0,341,PO
query_cycle_8_347.graph,2,0.1,341,1351.3006639209634,611.8660695307742,0.5472021246882465,341,0,341,UN
query_cycle_8_347.graph,2,0.1,341,1351.3006639209634,706.8804739436051,0.47688882806250876,341,0,341,WO
query_cycle_8_347.graph,3,0.1,341,1351.3006639209634,985.1995151444502,0.2709250121392127,341,0,341,8_POSSA
query_cycle_8_347.graph,3,0.1,341,1351.3006639209634,1185.7168981681166,0.12253658284484621,341,0,341,MAB
query_cycle_8_347.graph,3,0.1,341,1351.3006639209634,1062.2786113812672,0.213884341402648,341,0,341,PO
query_cycle_8_347.graph,3,0.1,341,1351.3006639209634,286.3705614834249,0.7880778355776976,341,0,341,UN
query_cycle_8_347.graph,3,0.1,341,1351.3006639209634,896.5978385949235,0.3364927121449525,341,0,341,WO
query_cycle_8_347.graph,4,0.1,341,1351.3006639209634,964.8442897452836,0.28598844394431777,341,0,341,8_POSSA
query_cycle_8_347.graph,4,0.1,341,1351.3006639209634,1007.3917838193837,0.2545021173183518,341,0,341,MAB
query_cycle_8_347.graph,4,0.1,341,1351.3006639209634,1014.9685663247898,0.2488950879519774,341,0,341,PO
query_cycle_8_347.graph,4,0.1,341,1351.3006639209634,1108.938413027268,0.17935479302618837,341,0,341,UN
query_cycle_8_347.graph,4,0.1,341,1351.3006639209634,1289.764014573136,0.0455388286195845,341,0,341,WO
query_cycle_8_347.graph,5,0.1,341,1351.3006639209634,1039.1697301420622,0.2309855549639229,341,0,341,8_POSSA
query_cycle_8_347.graph,5,0.1,341,1351.3006639209634,1026.3766661562508,0.2404527774166158,341,0,341,MAB
query_cycle_8_347.graph,5,0.1,341,1351.3006639209634,977.8093890581232,0.27639391057435714,341,0,341,PO
query_cycle_8_347.graph,5,0.1,341,1351.3006639209634,83.62704708906696,0.9381136638781684,341,0,341,UN
query_cycle_8_347.graph,5,0.1,341,1351.3006639209634,930.5176981920135,0.3113910745133484,341,0,341,WO
query_cycle_8_355.graph,1,0.1,194,1719.7632110395691,1840.725113285475,0.07033637041973137,194,0,194,8_POSSA
query_cycle_8_355.graph,1,0.1,194,1719.7632110395691,1862.761716143049,0.0831501128675962,194,0,194,MAB
query_cycle_8_355.graph,1,0.1,194,1719.7632110395691,1489.9545329879304,0.1336280928539709,194,0,194,PO
query_cycle_8_355.graph,1,0.1,194,1719.7632110395691,4297.562539361625,1.4989268939901428,194,0,194,UN
query_cycle_8_355.graph,1,0.1,194,1719.7632110395691,1722.5003182807588,0.0015915605262512831,194,0,194,WO
query_cycle_8_355.graph,2,0.1,194,1719.7632110395691,1807.3930651000612,0.050954604388543275,194,0,194,8_POSSA
query_cycle_8_355.graph,2,0.1,194,1719.7632110395691,1653.760054682356,0.038379211703985276,194,0,194,MAB
query_cycle_8_355.graph,2,0.1,194,1719.7632110395691,1779.1427431409113,0.03452773714437595,194,0,194,PO
query_cycle_8_355.graph,2,0.1,194,1719.7632110395691,1783.6948539527114,0.03717467759674693,194,0,194,UN
query_cycle_8_355.graph,2,0.1,194,1719.7632110395691,2857.76823441531,0.6617219254782379,194,0,194,WO
query_cycle_8_355.graph,3,0.1,194,1719.7632110395691,1870.9742515097541,0.08792550014997727,194,0,194,8_POSSA
query_cycle_8_355.graph,3,0.1,194,1719.7632110395691,,,194,0,194,MAB
query_cycle_8_355.graph,3,0.1,194,1719.7632110395691,1914.735984020436,0.11337187103973984,194,0,194,PO
query_cycle_8_355.graph,3,0.1,194,1719.7632110395691,516.8392790592096,0.6994706737872428,194,0,194,UN
query_cycle_8_355.graph,3,0.1,194,1719.7632110395691,2298.766583810451,0.33667621743163323,194,0,194,WO
query_cycle_8_355.graph,4,0.1,194,1719.7632110395691,1854.771420002863,0.07850395222821606,194,0,194,8_POSSA
query_cycle_8_355.graph,4,0.1,194,1719.7632110395691,1726.1162475912658,0.0036941344662538888,194,0,194,MAB
query_cycle_8_355.graph,4,0.1,194,1719.7632110395691,1817.0973933021178,0.05659743250567136,194,0,194,PO
query_cycle_8_355.graph,4,0.1,194,1719.7632110395691,4823.742701355529,1.8048877138380315,194,0,194,UN
query_cycle_8_355.graph,4,0.1,194,1719.7632110395691,1745.5235848016478,0.014979023621808326,194,0,194,WO
query_cycle_8_355.graph,5,0.1,194,1719.7632110395691,1646.7066656455233,0.04248058391124919,194,0,194,8_POSSA
query_cycle_8_355.graph,5,0.1,194,1719.7632110395691,1887.908101542207,0.09777211736085288,194,0,194,MAB
query_cycle_8_355.graph,5,0.1,194,1719.7632110395691,1934.3427486538046,0.1247727223357253,194,0,194,PO
query_cycle_8_355.graph,5,0.1,194,1719.7632110395691,471.4883088566409,0.7258411472986249,194,0,194,UN
query_cycle_8_355.graph,5,0.1,194,1719.7632110395691,2322.870193719118,0.3506918736300799,194,0,194,WO
query_cycle_8_362.graph,1,0.1,260,2125.6001164228014,2093.2702876601493,0.015209741716170212,260,0,260,8_POSSA
query_cycle_8_362.graph,1,0.1,260,2125.6001164228014,1816.332493442424,0.14549661556325452,260,0,260,MAB
query_cycle_8_362.graph,1,0.1,260,2125.6001164228014,1453.9471925367886,0.3159827282171708,260,0,260,PO
query_cycle_8_362.graph,1,0.1,260,2125.6001164228014,1919.636604482853,0.09689664125845406,260,0,260,UN
query_cycle_8_362.graph,1,0.1,260,2125.6001164228014,2790.183673746738,0.3126569067197702,260,0,260,WO
query_cycle_8_362.graph,2,0.1,260,2125.6001164228014,2164.576674708757,0.018336731346980523,260,0,260,8_POSSA
query_cycle_8_362.graph,2,0.1,260,2125.6001164228014,1917.5765328140624,0.09786581304804616,260,0,260,MAB
query_cycle_8_362.graph,2,0.1,260,2125.6001164228014,2057.299185415163,0.03213254011416931,260,0,260,PO
query_cycle_8_362.graph,2,0.1,260,2125.6001164228014,312.28654822943884,0.8530831148264192,260,0,260,UN
query_cycle_8_362.graph,2,0.1,260,2125.6001164228014,2352.58247793913,0.10678507201924699,260,0,260,WO
query_cycle_8_362.graph,3,0.1,260,2125.6001164228014,2078.697663125465,0.022065511257248597,260,0,260,8_POSSA
query_cycle_8_362.graph,3,0.1,260,2125.6001164228014,1900.4899044254855,0.1059043092151108,260,0,260,MAB
query_cycle_8_362.graph,3,0.1,260,2125.6001164228014,2526.586722490373,0.1886463041516939,260,0,260,PO
query_cycle_8_362.graph,3,0.1,260,2125.6001164228014,1664.499876413351,0.2169270863540606,260,0,260,UN
query_cycle_8_362.graph,3,0.1,260,2125.6001164228014,2498.6016309612155,0.17548056742024598,260,0,260,WO
query_cycle_8_362.graph,4,0.1,260,2125.6001164228014,1973.4564170225663,0.07157682116440588,260,0,260,8_POSSA
query_cycle_8_362.graph,4,0.1,260,2125.6001164228014,1730.039679924789,0.18609353351170585,260,0,260,MAB
query_cycle_8_362.graph,4,0.1,260,2125.6001164228014,1868.1837694081046,0.12110290408146288,260,0,260,PO
query_cycle_8_362.graph,4,0.1,260,2125.6001164228014,1242.1923481454228,0.41560393295615566,260,0,260,UN
query_cycle_8_362.graph,4,0.1,260,2125.6001164228014,3188.176792585993,0.4998949087147281,260,0,260,WO
query_cycle_8_362.graph,5,0.1,260,2125.6001164228014,2041.3404423529132,0.0396404165670116,260,0,260,8_POSSA
query_cycle_8_362.graph,5,0.1,260,2125.6001164228014,2269.482968230942,0.06769046101215062,260,0,260,MAB
query_cycle_8_362.graph,5,0.1,260,2125.6001164228014,2078.2569379047895,0.0222728528062401,260,0,260,PO
query_cycle_8_362.graph,5,0.1,260,2125.6001164228014,6015.063352657514,1.8298188855862212,260,0,260,UN
query_cycle_8_362.graph,5,0.1,260,2125.6001164228014,2437.593598691603,0.1467790107171518,260,0,260,WO
query_cycle_8_372.graph,1,0.1,216,1426.6952043406454,1623.948977856549,0.13825922517701694,216,0,216,8_POSSA
query_cycle_8_372.graph,1,0.1,216,1426.6952043406454,1543.970193655921,0.08220045105532887,216,0,216,MAB
query_cycle_8_372.graph,1,0.1,216,1426.6952043406454,1698.1393396120266,0.19026077500332697,216,0,216,PO
query_cycle_8_372.graph,1,0.1,216,1426.6952043406454,199.25109531454737,0.8603408109115833,216,0,216,UN
query_cycle_8_372.graph,1,0.1,216,1426.6952043406454,1931.0090049221292,0.35348391096229625,216,0,216,WO
query_cycle_8_372.graph,2,0.1,216,1426.6952043406454,1621.1651962308401,0.13630801540408208,216,0,216,8_POSSA
query_cycle_8_372.graph,2,0.1,216,1426.6952043406454,1964.2187525987595,0.37676130586457907,216,0,216,MAB
query_cycle_8_372.graph,2,0.1,216,1426.6952043406454,1507.080701360029,0.05634384749792032,216,0,216,PO
query_cycle_8_372.graph,2,0.1,216,1426.6952043406454,3505.7618168690424,1.4572605320344147,216,0,216,UN
query_cycle_8_372.graph,2,0.1,216,1426.6952043406454,1734.4406853534701,0.21570513454907903,216,0,216,WO
query_cycle_8_372.graph,3,0.1,216,1426.6952043406454,1682.7892505942618,0.17950158202989935,216,0,216,8_POSSA
query_cycle_8_372.graph,3,0.1,216,1426.6952043406454,1457.2495643735383,0.021416179110950142,216,0,216,MAB
query_cycle_8_372.graph,3,0.1,216,1426.6952043406454,1444.7620307426291,0.012663410059146703,216,0,216,PO
query_cycle_8_372.graph,3,0.1,216,1426.6952043406454,657.9659047376589,0.5388181703170852,216,0,216,UN
query_cycle_8_372.graph,3,0.1,216,1426.6952043406454,1320.827357483292,0.07420495038832127,216,0,216,WO
query_cycle_8_372.graph,4,0.1,216,1426.6952043406454,1619.6987652385408,0.1352801637733779,216,0,216,8_POSSA
query_cycle_8_372.graph,4,0.1,216,1426.6952043406454,1583.9436968330428,0.11021870124324881,216,0,216,MAB
query_cycle_8_372.graph,4,0.1,216,1426.6952043406454,1340.2902151453477,0.060563033318129254,216,0,216,PO
query_cycle_8_372.graph,4,0.1,216,1426.6952043406454,353.8610789620853,0.7519714947625243,216,0,216,UN
query_cycle_8_372.graph,4,0.1,216,1426.6952043406454,1702.361825425687,0.19322040211976615,216,0,216,WO
query_cycle_8_372.graph,5,0.1,216,1426.6952043406454,1727.6638870739848,0.21095513731149998,216,0,216,8_POSSA
query_cycle_8_372.graph,5,0.1,216,1426.6952043406454,1395.5352197720076,0.02184067379902532,216,0,216,MAB
query_cycle_8_372.graph,5,0.1,216,1426.6952043406454,1525.750539368608,0.06942992078938233,216,0,216,PO
query_cycle_8_372.graph,5,0.1,216,1426.6952043406454,920.0909087975082,0.3550893659709658,216,0,216,UN
query_cycle_8_372.graph,5,0.1,216,1426.6952043406454,3082.021511758228,1.1602522405495854,216,0,216,WO
query_cycle_8_375.graph,1,0.1,148,66.53850331319254,67.8841463313229,0.020223523991763137,148,0,148,8_POSSA
query_cycle_8_375.graph,1,0.1,148,66.53850331319254,64.63031070266449,0.028678021228495405,148,0,148,MAB
query_cycle_8_375.graph,1,0.1,148,66.53850331319254,68.449696838294,0.028723121650416447,148,0,148,PO
query_cycle_8_375.graph,1,0.1,148,66.53850331319254,4.2815729506726985,0.9356527012559991,148,0,148,UN
query_cycle_8_375.graph,1,0.1,148,66.53850331319254,168.63704325994166,1.5344279606978495,148,0,148,WO
query_cycle_8_375.graph,2,0.1,148,66.53850331319254,75.27930213699776,0.13136452412617147,148,0,148,8_POSSA
query_cycle_8_375.graph,2,0.1,148,66.53850331319254,61.496390530207016,0.07577736997257983,148,0,148,MAB
query_cycle_8_375.graph,2,0.1,148,66.53850331319254,63.68443832764464,0.042893435280832656,148,0,148,PO
query_cycle_8_375.graph,2,0.1,148,66.53850331319254,406.737424773806,5.112812950710939,148,0,148,UN
query_cycle_8_375.graph,2,0.1,148,66.53850331319254,23.862268959637422,0.6413765298068214,148,0,148,WO
query_cycle_8_375.graph,3,0.1,148,66.53850331319254,68.53821374155686,0.030053432656154185,148,0,148,8_POSSA
query_cycle_8_375.graph,3,0.1,148,66.53850331319254,67.26227716439631,0.010877519258240839,148,0,148,MAB
query_cycle_8_375.graph,3,0.1,148,66.53850331319254,68.51846115293898,0.029756573129198754,148,0,148,PO
query_cycle_8_375.graph,3,0.1,148,66.53850331319254,122.65282693285823,0.8433361260853602,148,0,148,UN
query_cycle_8_375.graph,3,0.1,148,66.53850331319254,62.40166081216061,0.06217216040403061,148,0,148,WO
query_cycle_8_375.graph,4,0.1,148,66.53850331319254,67.54881663700095,0.01518389013129642,148,0,148,8_POSSA
query_cycle_8_375.graph,4,0.1,148,66.53850331319254,21648.092044775363,324.3468438098038,148,0,148,MAB
query_cycle_8_375.graph,4,0.1,148,66.53850331319254,63.77881291596657,0.041475089757223395,148,0,148,PO
query_cycle_8_375.graph,4,0.1,148,66.53850331319254,56.85559440246224,0.14552339515593635,148,0,148,UN
query_cycle_8_375.graph,4,0.1,148,66.53850331319254,72.68901855919046,0.09243543121262941,148,0,148,WO
query_cycle_8_375.graph,5,0.1,148,66.53850331319254,75.57447721178282,0.13580067853432962,148,0,148,8_POSSA
query_cycle_8_375.graph,5,0.1,148,66.53850331319254,82.12947179197528,0.23431498609755372,148,0,148,MAB
query_cycle_8_375.graph,5,0.1,148,66.53850331319254,74.07135997572678,0.11321049148156463,148,0,148,PO
query_cycle_8_375.graph,5,0.1,148,66.53850331319254,75.27077051245999,0.1312363032598618,148,0,148,UN
query_cycle_8_375.graph,5,0.1,148,66.53850331319254,78.0569244092643,0.17310911010209054,148,0,148,WO
query_cycle_8_376.graph,1,0.1,194,1719.7632110395691,1752.4738997608952,0.019020460788641343,194,0,194,8_POSSA
query_cycle_8_376.graph,1,0.1,194,1719.7632110395691,1658.394684306667,0.035684288592152114,194,0,194,MAB
query_cycle_8_376.graph,1,0.1,194,1719.7632110395691,1646.1886495875783,0.04278179750543458,194,0,194,PO
query_cycle_8_376.graph,1,0.1,194,1719.7632110395691,3288.769609763187,0.9123386223474211,194,0,194,UN
query_cycle_8_376.graph,1,0.1,194,1719.7632110395691,1177.6479624376254,0.31522668069765475,194,0,194,WO
query_cycle_8_376.graph,2,0.1,194,1719.7632110395691,1761.6489331592968,0.024355516998417735,194,0,194,8_POSSA
query_cycle_8_376.graph,2,0.1,194,1719.7632110395691,1443.196169973379,0.16081693066280314,194,0,194,MAB
query_cycle_8_376.graph,2,0.1,194,1719.7632110395691,1888.2222170503176,0.09795476780138686,194,0,194,PO
query_cycle_8_376.graph,2,0.1,194,1719.7632110395691,3908.788911645209,1.2728645935404148,194,0,194,UN
query_cycle_8_376.graph,2,0.1,194,1719.7632110395691,1608.2255028809177,0.06485643339889138,194,0,194,WO
query_cycle_8_376.graph,3,0.1,194,1719.7632110395691,1738.765702630098,0.011049481387058083,194,0,194,8_POSSA
query_cycle_8_376.graph,3,0.1,194,1719.7632110395691,1677.5149881609445,0.024566302271977435,194,0,194,MAB
query_cycle_8_376.graph,3,0.1,194,1719.7632110395691,1826.3579110118153,0.06198219573950033,194,0,194,PO
query_cycle_8_376.graph,3,0.1,194,1719.7632110395691,1234.9297228819178,0.2819187461653964,194,0,194,UN
query_cycle_8_376.graph,3,0.1,194,1719.7632110395691,1509.7296510756403,0.12212934816588322,194,0,194,WO
query_cycle_8_376.graph,4,0.1,194,1719.7632110395691,1747.4905374951968,0.016122758224876185,194,0,194,8_POSSA
query_cycle_8_376.graph,4,0.1,194,1719.7632110395691,2110.1829973326894,0.22701950116558073,194,0,194,MAB
query_cycle_8_376.graph,4,0.1,194,1719.7632110395691,1719.9280202027155,9.58324739641202e-05,194,0,194,PO
query_cycle_8_376.graph,4,0.1,194,1719.7632110395691,1457.6670403664718,0.1524024755214204,194,0,194,UN
query_cycle_8_376.graph,4,0.1,194,1719.7632110395691,1970.0302762703764,0.14552414170990718,194,0,194,WO
query_cycle_8_376.graph,5,0.1,194,1719.7632110395691,1741.8102308904565,0.012819799673212187,194,0,194,8_POSSA
query_cycle_8_376.graph,5,0.1,194,1719.7632110395691,1665.9041062911203,0.0313177444445342,194,0,194,MAB
query_cycle_8_376.graph,5,0.1,194,1719.7632110395691,1939.9971983399676,0.12806064572533246,194,0,194,PO
query_cycle_8_376.graph,5,0.1,194,1719.7632110395691,1760.37479005831,0.02361463412988809,194,0,194,UN
query_cycle_8_376.graph,5,0.1,194,1719.7632110395691,1721.6260415320592,0.001083190104621436,194,0,194,WO
query_cycle_8_378.graph,1,0.1,221,1166.4019895797971,1216.6516810620312,0.04308093773085625,221,0,221,8_POSSA
query_cycle_8_378.graph,1,0.1,221,1166.4019895797971,1738.7987255380572,0.49073710527917497,221,0,221,MAB
query_cycle_8_378.graph,1,0.1,221,1166.4019895797971,1259.3022592551565,0.07964687175201683,221,0,221,PO
query_cycle_8_378.graph,1,0.1,221,1166.4019895797971,1328.819013237064,0.1392461819409091,221,0,221,UN
query_cycle_8_378.graph,1,0.1,221,1166.4019895797971,985.5184349509815,0.15507822881370426,221,0,221,WO
query_cycle_8_378.graph,2,0.1,221,1166.4019895797971,1233.5126960771847,0.05753651579552311,221,0,221,8_POSSA
query_cycle_8_378.graph,2,0.1,221,1166.4019895797971,1388.9321710535407,0.1907834378385374,221,0,221,MAB
query_cycle_8_378.graph,2,0.1,221,1166.4019895797971,1480.1766911743503,0.2690107736421062,221,0,221,PO
query_cycle_8_378.graph,2,0.1,221,1166.4019895797971,720.4236607025215,0.3823538821619653,221,0,221,UN
query_cycle_8_378.graph,2,0.1,221,1166.4019895797971,1532.5781477372861,0.31393649996208084,221,0,221,WO
query_cycle_8_378.graph,3,0.1,221,1166.4019895797971,1188.936100102834,0.019319334778531073,221,0,221,8_POSSA
query_cycle_8_378.graph,3,0.1,221,1166.4019895797971,1444.2370995083875,0.23819841907907066,221,0,221,MAB
query_cycle_8_378.graph,3,0.1,221,1166.4019895797971,1180.5270821564857,0.012109969549843768,221,0,221,PO
query_cycle_8_378.graph,3,0.1,221,1166.4019895797971,462.79354693140783,0.6032298032189298,221,0,221,UN
query_cycle_8_378.graph,3,0.1,221,1166.4019895797971,1913.784012966421,0.6407585292750335,221,0,221,WO
query_cycle_8_378.graph,4,0.1,221,1166.4019895797971,1218.7112721758272,0.044846702134720064,221,0,221,8_POSSA
query_cycle_8_378.graph,4,0.1,221,1166.4019895797971,1137.1631390716936,0.025067558842759654,221,0,221,MAB
query_cycle_8_378.graph,4,0.1,221,1166.4019895797971,1323.0222649454681,0.13427641307615937,221,0,221,PO
query_cycle_8_378.graph,4,0.1,221,1166.4019895797971,269.7935029771672,0.7686959509779627,221,0,221,UN
query_cycle_8_378.graph,4,0.1,221,1166.4019895797971,1608.7041197290614,0.379202139657363,221,0,221,WO
query_cycle_8_378.graph,5,0.1,221,1166.4019895797971,1254.6448214117188,0.07565387629672307,221,0,221,8_POSSA
query_cycle_8_378.graph,5,0.1,221,1166.4019895797971,1282.1746868492455,0.09925625839437752,221,0,221,MAB
query_cycle_8_378.graph,5,0.1,221,1166.4019895797971,1200.9265584342693,0.029599202644458627,221,0,221,PO
query_cycle_8_378.graph,5,0.1,221,1166.4019895797971,3512.7674226965946,2.0116267411050015,221,0,221,UN
query_cycle_8_378.graph,5,0.1,221,1166.4019895797971,891.7763792199877,0.2354467951985789,221,0,221,WO
query_cycle_8_383.graph,1,0.1,211,975.5452244909198,1069.9729324346347,0.09679480312457185,211,0,211,8_POSSA
query_cycle_8_383.graph,1,0.1,211,975.5452244909198,970.2861435971239,0.005390914497623994,211,0,211,MAB
query_cycle_8_383.graph,1,0.1,211,975.5452244909198,1108.5230352879323,0.13631127236198182,211,0,211,PO
query_cycle_8_383.graph,1,0.1,211,975.5452244909198,2189.24268923038,1.2441221936920641,211,0,211,UN
query_cycle_8_383.graph,1,0.1,211,975.5452244909198,1146.8046713485776,0.17555254493406808,211,0,211,WO
query_cycle_8_383.graph,2,0.1,211,975.5452244909198,997.3047114081882,0.02230494944877959,211,0,211,8_POSSA
query_cycle_8_383.graph,2,0.1,211,975.5452244909198,1236.1968437991347,0.26718558275371984,211,0,211,MAB
query_cycle_8_383.graph,2,0.1,211,975.5452244909198,1086.3139142160533,0.1135454174181798,211,0,211,PO
query_cycle_8_383.graph,2,0.1,211,975.5452244909198,1443.1833645061304,0.4793608007862922,211,0,211,UN
query_cycle_8_383.graph,2,0.1,211,975.5452244909198,1030.9627558169434,0.05680672708427508,211,0,211,WO
query_cycle_8_383.graph,3,0.1,211,975.5452244909198,1014.7900240728708,0.0402285804868047,211,0,211,8_POSSA
query_cycle_8_383.graph,3,0.1,211,975.5452244909198,944.8904539427322,0.03142321829742401,211,0,211,MAB
query_cycle_8_383.graph,3,0.1,211,975.5452244909198,1074.064436314978,0.10098887201817783,211,0,211,PO
query_cycle_8_383.graph,3,0.1,211,975.5452244909198,665.5832330304931,0.31773205760109974,211,0,211,UN
query_cycle_8_383.graph,3,0.1,211,975.5452244909198,1550.0618204531277,0.5889184648123459,211,0,211,WO
query_cycle_8_383.graph,4,0.1,211,975.5452244909198,1117.7209471697336,0.14573975568688466,211,0,211,8_POSSA
query_cycle_8_383.graph,4,0.1,211,975.5452244909198,954.2872972498805,0.021790816773392202,211,0,211,MAB
query_cycle_8_383.graph,4,0.1,211,975.5452244909198,995.3809958423511,0.020333010560102335,211,0,211,PO
query_cycle_8_383.graph,4,0.1,211,975.5452244909198,2017.216639050454,1.0677838283746628,211,0,211,UN
query_cycle_8_383.graph,4,0.1,211,975.5452244909198,970.2455284849914,0.005432547741386433,211,0,211,WO
query_cycle_8_383.graph,5,0.1,211,975.5452244909198,1118.6876988111658,0.14673074166801814,211,0,211,8_POSSA
query_cycle_8_383.graph,5,0.1,211,975.5452244909198,1042.0415989076118,0.06816329243105318,211,0,211,MAB
query_cycle_8_383.graph,5,0.1,211,975.5452244909198,1030.8505720038854,0.056691731069491116,211,0,211,PO
query_cycle_8_383.graph,5,0.1,211,975.5452244909198,2426.2235722307437,1.4870436667832068,211,0,211,UN
query_cycle_8_383.graph,5,0.1,211,975.5452244909198,1079.7069180995038,0.10677279842453216,211,0,211,WO
query_cycle_8_387.graph,1,0.1,175,1890.983076494246,1744.3261663811495,0.07755590831885627,175,0,175,8_POSSA
query_cycle_8_387.graph,1,0.1,175,1890.983076494246,1827.4964720678618,0.03357333294811083,175,0,175,MAB
query_cycle_8_387.graph,1,0.1,175,1890.983076494246,1630.7066294173499,0.13764081250236834,175,0,175,PO
query_cycle_8_387.graph,1,0.1,175,1890.983076494246,1563.8759329024076,0.1729825864958415,175,0,175,UN
query_cycle_8_387.graph,1,0.1,175,1890.983076494246,1068.0378631802234,0.43519438304001484,175,0,175,WO
query_cycle_8_387.graph,2,0.1,175,1890.983076494246,1774.6083173097168,0.06154193584866985,175,0,175,8_POSSA
query_cycle_8_387.graph,2,0.1,175,1890.983076494246,1450.1079685737081,0.23314598284924384,175,0,175,MAB
query_cycle_8_387.graph,2,0.1,175,1890.983076494246,1688.294374045717,0.10718694681514555,175,0,175,PO
query_cycle_8_387.graph,2,0.1,175,1890.983076494246,804.3982891360138,0.574613702716307,175,0,175,UN
query_cycle_8_387.graph,2,0.1,175,1890.983076494246,1443.2589877160328,0.23676789831893322,175,0,175,WO
query_cycle_8_387.graph,3,0.1,175,1890.983076494246,1647.1581918578875,0.12894080738596206,175,0,175,8_POSSA
query_cycle_8_387.graph,3,0.1,175,1890.983076494246,1651.3129647818666,0.1267436576728711,175,0,175,MAB
query_cycle_8_387.graph,3,0.1,175,1890.983076494246,1968.8782152672645,0.041192932787865455,175,0,175,PO
query_cycle_8_387.graph,3,0.1,175,1890.983076494246,2644.969691386459,0.39872732033649555,175,0,175,UN
query_cycle_8_387.graph,3,0.1,175,1890.983076494246,1912.1346790642704,0.011185506011633898,175,0,175,WO
query_cycle_8_387.graph,4,0.1,175,1890.983076494246,1694.9169635086964,0.10368475287946141,175,0,175,8_POSSA
query_cycle_8_387.graph,4,0.1,175,1890.983076494246,2355.3471115401508,0.24556752559986106,175,0,175,MAB
query_cycle_8_387.graph,4,0.1,175,1890.983076494246,1775.4705235706504,0.061085979223964325,175,0,175,PO
query_cycle_8_387.graph,4,0.1,175,1890.983076494246,1410.497124061736,0.2540932060181619,175,0,175,UN
query_cycle_8_387.graph,4,0.1,175,1890.983076494246,2244.7196032387346,0.18706488235753652,175,0,175,WO
query_cycle_8_387.graph,5,0.1,175,1890.983076494246,1714.6065624466596,0.09327239161472373,175,0,175,8_POSSA
query_cycle_8_387.graph,5,0.1,175,1890.983076494246,1528.610002145643,0.19163210863865482,175,0,175,MAB
query_cycle_8_387.graph,5,0.1,175,1890.983076494246,1792.2628682395061,0.05220575978805713,175,0,175,PO
query_cycle_8_387.graph,5,0.1,175,1890.983076494246,3633.4424775449106,0.9214568986418777,175,0,175,UN
query_cycle_8_387.graph,5,0.1,175,1890.983076494246,1485.4480800308652,0.21445723206323725,175,0,175,WO
query_cycle_8_543.graph,1,0.1,194,1719.7632110395691,1800.0265239901692,0.0466711419545265,194,0,194,8_POSSA
query_cycle_8_543.graph,1,0.1,194,1719.7632110395691,2084.1916699821118,0.21190618371365877,194,0,194,MAB
query_cycle_8_543.graph,1,0.1,194,1719.7632110395691,1894.618336303545,0.10167395379872021,194,0,194,PO
query_cycle_8_543.graph,1,0.1,194,1719.7632110395691,2553.3056941561777,0.48468444828096163,194,0,194,UN
query_cycle_8_543.graph,1,0.1,194,1719.7632110395691,1761.6076601414677,0.02433151775389142,194,0,194,WO
query_cycle_8_543.graph,2,0.1,194,1719.7632110395691,1779.8345386003477,0.03492999918544977,194,0,194,8_POSSA
query_cycle_8_543.graph,2,0.1,194,1719.7632110395691,1994.6038988167975,0.15981309869461133,194,0,194,MAB
query_cycle_8_543.graph,2,0.1,194,1719.7632110395691,1994.254554560806,0.15960996360383312,194,0,194,PO
query_cycle_8_543.graph,2,0.1,194,1719.7632110395691,3036.25777149581,0.765509200339529,194,0,194,UN
query_cycle_8_543.graph,2,0.1,194,1719.7632110395691,3012.8407686718588,0.7518927892698932,194,0,194,WO
query_cycle_8_543.graph,3,0.1,194,1719.7632110395691,1837.048843692265,0.0681987100897447,194,0,194,8_POSSA
query_cycle_8_543.graph,3,0.1,194,1719.7632110395691,2272.234108666173,0.3212482358502391,194,0,194,MAB
query_cycle_8_543.graph,3,0.1,194,1719.7632110395691,2200.6492269643827,0.2796233881722157,194,0,194,PO
query_cycle_8_543.graph,3,0.1,194,1719.7632110395691,6480.373972370797,2.768178043797969,194,0,194,UN
query_cycle_8_543.graph,3,0.1,194,1719.7632110395691,3736.9477424849356,1.1729431810708468,194,0,194,WO
query_cycle_8_543.graph,4,0.1,194,1719.7632110395691,1791.2903999990417,0.04159130076764205,194,0,194,8_POSSA
query_cycle_8_543.graph,4,0.1,194,1719.7632110395691,1660.2403378143229,0.03461108648164746,194,0,194,MAB
query_cycle_8_543.graph,4,0.1,194,1719.7632110395691,1559.7468665344772,0.09304556783044833,194,0,194,PO
query_cycle_8_543.graph,4,0.1,194,1719.7632110395691,1491.986393118879,0.13244661617281756,194,0,194,UN
query_cycle_8_543.graph,4,0.1,194,1719.7632110395691,1837.185877941769,0.06827839213470539,194,0,194,WO
query_cycle_8_543.graph,5,0.1,194,1719.7632110395691,1864.7523050881125,0.08430759136945361,194,0,194,8_POSSA
query_cycle_8_543.graph,5,0.1,194,1719.7632110395691,1585.7579219420031,0.07792077899873318,194,0,194,MAB
query_cycle_8_543.graph,5,0.1,194,1719.7632110395691,1898.629980620628,0.10400662628021726,194,0,194,PO
query_cycle_8_543.graph,5,0.1,194,1719.7632110395691,2130.7795374133307,0.23899588253507809,194,0,194,UN
query_cycle_8_543.graph,5,0.1,194,1719.7632110395691,2537.6625667117787,0.4755883545024798,194,0,194,WO
query_cycle_8_592.graph,1,0.1,271,1014.864647683705,1006.5892512431153,0.008154187318946626,271,0,271,8_POSSA
query_cycle_8_592.graph,1,0.1,271,1014.864647683705,1018.4105738003719,0.0034939891982246393,271,0,271,MAB
query_cycle_8_592.graph,1,0.1,271,1014.864647683705,957.2852519237816,0.05673603459470263,271,0,271,PO
query_cycle_8_592.graph,1,0.1,271,1014.864647683705,916.446354715757,0.09697676748576747,271,0,271,UN
query_cycle_8_592.graph,1,0.1,271,1014.864647683705,886.9811405737544,0.12601040680826545,271,0,271,WO
query_cycle_8_592.graph,2,0.1,271,1014.864647683705,955.0164086788224,0.058971646259901145,271,0,271,8_POSSA
query_cycle_8_592.graph,2,0.1,271,1014.864647683705,998.3808732538413,0.01624233780089372,271,0,271,MAB
query_cycle_8_592.graph,2,0.1,271,1014.864647683705,964.3339139189877,0.04979061383214702,271,0,271,PO
query_cycle_8_592.graph,2,0.1,271,1014.864647683705,1427.2097068770356,0.4063054715074113,271,0,271,UN
query_cycle_8_592.graph,2,0.1,271,1014.864647683705,730.1776086056976,0.2805172490023848,271,0,271,WO
query_cycle_8_592.graph,3,0.1,271,1014.864647683705,983.9994317461393,0.030413135394962782,271,0,271,8_POSSA
query_cycle_8_592.graph,3,0.1,271,1014.864647683705,931.0360765209706,0.08260074026035107,271,0,271,MAB
query_cycle_8_592.graph,3,0.1,271,1014.864647683705,943.7357112231676,0.0700871161714814,271,0,271,PO
query_cycle_8_592.graph,3,0.1,271,1014.864647683705,1403.1051549070123,0.3825539771332218,271,0,271,UN
query_cycle_8_592.graph,3,0.1,271,1014.864647683705,1330.0954906658635,0.31061368006229345,271,0,271,WO
query_cycle_8_592.graph,4,0.1,271,1014.864647683705,977.3138983031845,0.037000746322403855,271,0,271,8_POSSA
query_cycle_8_592.graph,4,0.1,271,1014.864647683705,1007.657065591837,0.0071020131682765966,271,0,271,MAB
query_cycle_8_592.graph,4,0.1,271,1014.864647683705,950.2971115793442,0.063621820162647,271,0,271,PO
query_cycle_8_592.graph,4,0.1,271,1014.864647683705,17596.019615059864,16.33829201285163,271,0,271,UN
query_cycle_8_592.graph,4,0.1,271,1014.864647683705,501.035076174777,0.50630354765207,271,0,271,WO
query_cycle_8_592.graph,5,0.1,271,1014.864647683705,944.1378328865493,0.06969088435446083,271,0,271,8_POSSA
query_cycle_8_592.graph,5,0.1,271,1014.864647683705,962.7586393282331,0.05134281549209246,271,0,271,MAB
query_cycle_8_592.graph,5,0.1,271,1014.864647683705,1149.1339727075042,0.13230269211786147,271,0,271,PO
query_cycle_8_592.graph,5,0.1,271,1014.864647683705,724.8439256333995,0.28577280991336096,271,0,271,UN
query_cycle_8_592.graph,5,0.1,271,1014.864647683705,802.1640364580021,0.20958520105234138,271,0,271,WO
query_path_4_0.graph,1,0.1,735,3393.6913622449,3176.6837158335566,0.06394442606819575,735,0,735,8_POSSA
query_path_4_0.graph,1,0.1,735,3393.6913622449,3104.787892113286,0.0851295652119958,735,0,735,MAB
query_path_4_0.graph,1,0.1,735,3393.6913622449,3519.151441194246,0.036968617813953254,735,0,735,PO
query_path_4_0.graph,1,0.1,735,3393.6913622449,1939.542891293809,0.4284857742600327,735,0,735,UN
query_path_4_0.graph,1,0.1,735,3393.6913622449,2560.9398118094036,0.24538222883198132,735,0,735,WO
query_path_4_0.graph,2,0.1,735,3393.6913622449,3211.7258403439982,0.05361875977446962,735,0,735,8_POSSA
query_path_4_0.graph,2,0.1,735,3393.6913622449,3533.3303755326697,0.0411466448720898,735,0,735,MAB
query_path_4_0.graph,2,0.1,735,3393.6913622449,3230.0282157249803,0.048225701470877985,735,0,735,PO
query_path_4_0.graph,2,0.1,735,3393.6913622449,697.6675794818079,0.794422207262741,735,0,735,UN
query_path_4_0.graph,2,0.1,735,3393.6913622449,3376.449002589062,0.00508070941502253,735,0,735,WO
query_path_4_0.graph,3,0.1,735,3393.6913622449,3225.080705772716,0.049683556480118275,735,0,735,8_POSSA
query_path_4_0.graph,3,0.1,735,3393.6913622449,3469.5146509099277,0.02234242321165914,735,0,735,MAB
query_path_4_0.graph,3,0.1,735,3393.6913622449,3149.770246141827,0.07187486723651886,735,0,735,PO
query_path_4_0.graph,3,0.1,735,3393.6913622449,15007.786444898833,3.422260259687051,735,0,735,UN
query_path_4_0.graph,3,0.1,735,3393.6913622449,3144.656859800074,0.07338160011112257,735,0,735,WO
query_path_4_0.graph,4,0.1,735,3393.6913622449,3209.183854363004,0.054367792526615055,735,0,735,8_POSSA
query_path_4_0.graph,4,0.1,735,3393.6913622449,3001.1543809011864,0.115666670726372,735,0,735,MAB
query_path_4_0.graph,4,0.1,735,3393.6913622449,3327.3089551956905,0.01956053157565224,735,0,735,PO
query_path_4_0.graph,4,0.1,735,3393.6913622449,859.8431072813871,0.7466348540567909,735,0,735,UN
query_path_4_0.graph,4,0.1,735,3393.6913622449,2975.600182516503,0.12319658304219892,735,0,735,WO
query_path_4_0.graph,5,0.1,735,3393.6913622449,3203.174791315961,0.056138449432512276,735,0,735,8_POSSA
query_path_4_0.graph,5,0.1,735,3393.6913622449,3493.714995804663,0.029473403112768044,735,0,735,MAB
query_path_4_0.graph,5,0.1,735,3393.6913622449,3171.982251487233,0.0653297801986944,735,0,735,PO
query_path_4_0.graph,5,0.1,735,3393.6913622449,334.2695382151461,0.9015026699440254,735,0,735,UN
query_path_4_0.graph,5,0.1,735,3393.6913622449,3449.91007679796,0.01656565331146421,735,0,735,WO
query_path_4_1.graph,1,0.1,741,3393.6913622449,3604.3009233405623,0.062059138152252495,741,0,741,8_POSSA
query_path_4_1.graph,1,0.1,741,3393.6913622449,3388.113655653345,0.0016435515184460776,741,0,741,MAB
query_path_4_1.graph,1,0.1,741,3393.6913622449,2663.060458690264,0.21529091056510496,741,0,741,PO
query_path_4_1.graph,1,0.1,741,3393.6913622449,842.2232431310229,0.7518268006039598,741,0,741,UN
query_path_4_1.graph,1,0.1,741,3393.6913622449,3335.494455498349,0.017148556110315915,741,0,741,WO
query_path_4_1.graph,2,0.1,741,3393.6913622449,3397.2450636813114,0.0010471492711289327,741,0,741,8_POSSA
query_path_4_1.graph,2,0.1,741,3393.6913622449,3241.7593274919163,0.04476896056112832,741,0,741,MAB
query_path_4_1.graph,2,0.1,741,3393.6913622449,2195.2372189239222,0.3531417608135732,741,0,741,PO
query_path_4_1.graph,2,0.1,741,3393.6913622449,9937.721810204463,1.928292749530039,741,0,741,UN
query_path_4_1.graph,2,0.1,741,3393.6913622449,3696.9622299562307,0.08936312567643726,741,0,741,WO
query_path_4_1.graph,3,0.1,741,3393.6913622449,3567.520258947774,0.05122118606209594,741,0,741,8_POSSA
query_path_4_1.graph,3,0.1,741,3393.6913622449,3764.3246740363006,0.10921243926737918,741,0,741,MAB
query_path_4_1.graph,3,0.1,741,3393.6913622449,3899.242952090559,0.14896805156472462,741,0,741,PO
query_path_4_1.graph,3,0.1,741,3393.6913622449,9418.658865343981,1.7753433827623064,741,0,741,UN
query_path_4_1.graph,3,0.1,741,3393.6913622449,3912.465403983203,0.15286423730505003,741,0,741,WO
query_path_4_1.graph,4,0.1,741,3393.6913622449,3549.6902034425784,0.045967303607269194,741,0,741,8_POSSA
query_path_4_1.graph,4,0.1,741,3393.6913622449,3763.0901766958596,0.10884867685982058,741,0,741,MAB
query_path_4_1.graph,4,0.1,741,3393.6913622449,4263.1087347112325,0.2561863409674413,741,0,741,PO
query_path_4_1.graph,4,0.1,741,3393.6913622449,1056.323017229266,0.6887392209612967,741,0,741,UN
query_path_4_1.graph,4,0.1,741,3393.6913622449,3902.8625079338694,0.15003460578458633,741,0,741,WO
query_path_4_1.graph,5,0.1,741,3393.6913622449,3514.657840012887,0.03564451355646214,741,0,741,8_POSSA
query_path_4_1.graph,5,0.1,741,3393.6913622449,3525.7850499014107,0.03892330608671841,741,0,741,MAB
query_path_4_1.graph,5,0.1,741,3393.6913622449,3525.9841429342728,0.03898197171408717,741,0,741,PO
query_path_4_1.graph,5,0.1,741,3393.6913622449,12704.03216437963,2.7434259065845086,741,0,741,UN
query_path_4_1.graph,5,0.1,741,3393.6913622449,3538.435306764468,0.04265088632686409,741,0,741,WO
query_path_4_10.graph,1,0.1,506,5874.683194573747,6137.421144186724,0.044723764824571216,506,0,506,8_POSSA
query_path_4_10.graph,1,0.1,506,5874.683194573747,6201.983864994411,0.055713756738913434,506,0,506,MAB
query_path_4_10.graph,1,0.1,506,5874.683194573747,4666.026530237468,0.20573988831477333,506,0,506,PO
query_path_4_10.graph,1,0.1,506,5874.683194573747,814.7053235645598,0.8613192751709443,506,0,506,UN
query_path_4_10.graph,1,0.1,506,5874.683194573747,5879.845800008731,0.0008787887387277328,506,0,506,WO
query_path_4_10.graph,2,0.1,506,5874.683194573747,5929.513769703003,0.00933336714733854,506,0,506,8_POSSA
query_path_4_10.graph,2,0.1,506,5874.683194573747,6233.96216178135,0.061157164617737604,506,0,506,MAB
query_path_4_10.graph,2,0.1,506,5874.683194573747,6545.998275513795,0.114272558826682,506,0,506,PO
query_path_4_10.graph,2,0.1,506,5874.683194573747,681.3026632754367,0.8840273354817272,506,0,506,UN
query_path_4_10.graph,2,0.1,506,5874.683194573747,7880.557487125522,0.34144382362687,506,0,506,WO
query_path_4_10.graph,3,0.1,506,5874.683194573747,5901.446875522955,0.004555765828177672,506,0,506,8_POSSA
query_path_4_10.graph,3,0.1,506,5874.683194573747,6456.492826055516,0.09903676712629679,506,0,506,MAB
query_path_4_10.graph,3,0.1,506,5874.683194573747,5788.170610267875,0.014726340372835793,506,0,506,PO
query_path_4_10.graph,3,0.1,506,5874.683194573747,3225.7514899787125,0.45090630709103874,506,0,506,UN
query_path_4_10.graph,3,0.1,506,5874.683194573747,6350.82140902668,0.08104917298225149,506,0,506,WO
query_path_4_10.graph,4,0.1,506,5874.683194573747,5984.038591222992,0.01861468832059803,506,0,506,8_POSSA
query_path_4_10.graph,4,0.1,506,5874.683194573747,5839.3210639272775,0.0060194106601581705,506,0,506,MAB
query_path_4_10.graph,4,0.1,506,5874.683194573747,5191.250665271343,0.1163352144561035,506,0,506,PO
query_path_4_10.graph,4,0.1,506,5874.683194573747,1406.4936474975368,0.7605839156064332,506,0,506,UN
query_path_4_10.graph,4,0.1,506,5874.683194573747,8535.194773193965,0.4528774557711719,506,0,506,WO
query_path_4_10.graph,5,0.1,506,5874.683194573747,6092.006046267391,0.03699311852158738,506,0,506,8_POSSA
query_path_4_10.graph,5,0.1,506,5874.683194573747,6829.27290923488,0.16249211796524732,506,0,506,MAB
query_path_4_10.graph,5,0.1,506,5874.683194573747,5537.258590025398,0.057437072497801556,506,0,506,PO
query_path_4_10.graph,5,0.1,506,5874.683194573747,3361.9507810118616,0.4277221988553892,506,0,506,UN
query_path_4_10.graph,5,0.1,506,5874.683194573747,5938.907144721442,0.010932325713668568,506,0,506,WO
query_path_4_11.graph,1,0.1,362,5121.468583985834,4791.899174090236,0.06435056751614546,362,0,362,8_POSSA
query_path_4_11.graph,1,0.1,362,5121.468583985834,4781.9737902351035,0.06628856316961242,362,0,362,MAB
query_path_4_11.graph,1,0.1,362,5121.468583985834,5630.465313982995,0.09938491697259022,362,0,362,PO
query_path_4_11.graph,1,0.1,362,5121.468583985834,3793.0912280916245,0.2593743052623368,362,0,362,UN
query_path_4_11.graph,1,0.1,362,5121.468583985834,6375.432727902058,0.24484464238191503,362,0,362,WO
query_path_4_11.graph,2,0.1,362,5121.468583985834,4752.821148920382,0.07198080570447395,362,0,362,8_POSSA
query_path_4_11.graph,2,0.1,362,5121.468583985834,5017.38514089698,0.020322968184225305,362,0,362,MAB
query_path_4_11.graph,2,0.1,362,5121.468583985834,5492.436720687843,0.07243393776972068,362,0,362,PO
query_path_4_11.graph,2,0.1,362,5121.468583985834,4457.550296105869,0.12963435721463779,362,0,362,UN
query_path_4_11.graph,2,0.1,362,5121.468583985834,5513.517470660079,0.07655009110084775,362,0,362,WO
query_path_4_11.graph,3,0.1,362,5121.468583985834,4842.414492221191,0.05448712360302452,362,0,362,8_POSSA
query_path_4_11.graph,3,0.1,362,5121.468583985834,5173.459549323353,0.0101515736131015,362,0,362,MAB
query_path_4_11.graph,3,0.1,362,5121.468583985834,4366.437184754006,0.14742478389747676,362,0,362,PO
query_path_4_11.graph,3,0.1,362,5121.468583985834,1084.325418444929,0.7882784204055311,362,0,362,UN
query_path_4_11.graph,3,0.1,362,5121.468583985834,4620.366593281136,0.0978434178570534,362,0,362,WO
query_path_4_11.graph,4,0.1,362,5121.468583985834,4540.302464263724,0.11347645898665491,362,0,362,8_POSSA
query_path_4_11.graph,4,0.1,362,5121.468583985834,5118.426306880018,0.0005940243615529408,362,0,362,MAB
query_path_4_11.graph,4,0.1,362,5121.468583985834,4727.669252027031,0.07689187691010395,362,0,362,PO
query_path_4_11.graph,4,0.1,362,5121.468583985834,280.26186686733195,0.9452770504648462,362,0,362,UN
query_path_4_11.graph,4,0.1,362,5121.468583985834,4938.682415171738,0.03569018648003508,362,0,362,WO
query_path_4_11.graph,5,0.1,362,5121.468583985834,4722.172215355612,0.0779652090181261,362,0,362,8_POSSA
query_path_4_11.graph,5,0.1,362,5121.468583985834,4607.028677262838,0.10044773257646893,362,0,362,MAB
query_path_4_11.graph,5,0.1,362,5121.468583985834,4871.891830638844,0.048731481850222386,362,0,362,PO
query_path_4_11.graph,5,0.1,362,5121.468583985834,3707.0442356840067,0.2761755393217774,362,0,362,UN
query_path_4_11.graph,5,0.1,362,5121.468583985834,4747.033632230078,0.07311085592256977,362,0,362,WO
query_path_4_12.graph,1,0.1,1040,507.7540548636967,486.08392269028917,0.0426784029902523,1040,0,1040,8_POSSA
query_path_4_12.graph,1,0.1,1040,507.7540548636967,475.95514486564844,0.06262659981432245,1040,0,1040,MAB
query_path_4_12.graph,1,0.1,1040,507.7540548636967,429.53542714895696,0.15404825813894688,1040,0,1040,PO
query_path_4_12.graph,1,0.1,1040,507.7540548636967,560.3383464545043,0.10356252419278761,1040,0,1040,UN
query_path_4_12.graph,1,0.1,1040,507.7540548636967,448.5060989040509,0.11668632754799084,1040,0,1040,WO
query_path_4_12.graph,2,0.1,1040,507.7540548636967,477.30593535899186,0.05996627543009664,1040,0,1040,8_POSSA
query_path_4_12.graph,2,0.1,1040,507.7540548636967,476.5145290380072,0.06152491649539962,1040,0,1040,MAB
query_path_4_12.graph,2,0.1,1040,507.7540548636967,313.9688857949833,0.3816516425865546,1040,0,1040,PO
query_path_4_12.graph,2,0.1,1040,507.7540548636967,281.17208397765353,0.44624354786662934,1040,0,1040,UN
query_path_4_12.graph,2,0.1,1040,507.7540548636967,372.4748244389891,0.2664266865599378,1040,0,1040,WO
query_path_4_12.graph,3,0.1,1040,507.7540548636967,477.17754670454843,0.06021913142053849,1040,0,1040,8_POSSA
query_path_4_12.graph,3,0.1,1040,507.7540548636967,465.447919703812,0.08332013256150465,1040,0,1040,MAB
query_path_4_12.graph,3,0.1,1040,507.7540548636967,431.6529589019888,0.14987786947784537,1040,0,1040,PO
query_path_4_12.graph,3,0.1,1040,507.7540548636967,161.26994980305227,0.6823856978427397,1040,0,1040,UN
query_path_4_12.graph,3,0.1,1040,507.7540548636967,421.3237114437586,0.1702208827128712,1040,0,1040,WO
query_path_4_12.graph,4,0.1,1040,507.7540548636967,442.60195064179356,0.12831429625784632,1040,0,1040,8_POSSA
query_path_4_12.graph,4,0.1,1040,507.7540548636967,462.2416083396456,0.08963482632604206,1040,0,1040,MAB
query_path_4_12.graph,4,0.1,1040,507.7540548636967,474.96360555031816,0.06457939429391837,1040,0,1040,PO
query_path_4_12.graph,4,0.1,1040,507.7540548636967,230.7368366065442,0.5455736209364512,1040,0,1040,UN
query_path_4_12.graph,4,0.1,1040,507.7540548636967,448.8850577902154,0.1159399841509573,1040,0,1040,WO
query_path_4_12.graph,5,0.1,1040,507.7540548636967,481.18506596048803,0.05232649281420497,1040,0,1040,8_POSSA
query_path_4_12.graph,5,0.1,1040,507.7540548636967,523.6375920437349,0.0312819504401635,1040,0,1040,MAB
query_path_4_12.graph,5,0.1,1040,507.7540548636967,441.0702109845101,0.1313309923188845,1040,0,1040,PO
query_path_4_12.graph,5,0.1,1040,507.7540548636967,354.6102756115757,0.3016101551236878,1040,0,1040,UN
query_path_4_12.graph,5,0.1,1040,507.7540548636967,488.72233219581335,0.037482167765242734,1040,0,1040,WO
query_path_4_13.graph,1,0.1,959,453.9140126205758,498.82804822648984,0.09894833461212711,959,0,959,8_POSSA
query_path_4_13.graph,1,0.1,959,453.9140126205758,439.8641684356225,0.03095265577689381,959,0,959,MAB
query_path_4_13.graph,1,0.1,959,453.9140126205758,562.1328924503046,0.2384127319730671,959,0,959,PO
query_path_4_13.graph,1,0.1,959,453.9140126205758,913.6818348561005,1.0128962963296797,959,0,959,UN
query_path_4_13.graph,1,0.1,959,453.9140126205758,478.98437833602566,0.055231530682896136,959,0,959,WO
query_path_4_13.graph,2,0.1,959,453.9140126205758,481.5732595077651,0.06093499235131455,959,0,959,8_POSSA
query_path_4_13.graph,2,0.1,959,453.9140126205758,489.70486448741275,0.07884940951746802,959,0,959,MAB
query_path_4_13.graph,2,0.1,959,453.9140126205758,430.93202311295926,0.05063071169566884,959,0,959,PO
query_path_4_13.graph,2,0.1,959,453.9140126205758,595.1658062500779,0.31118623726554506,959,0,959,UN
query_path_4_13.graph,2,0.1,959,453.9140126205758,490.8659657030877,0.08140738566138912,959,0,959,WO
query_path_4_13.graph,3,0.1,959,453.9140126205758,476.8462537939563,0.05052111310903593,959,0,959,8_POSSA
query_path_4_13.graph,3,0.1,959,453.9140126205758,447.45234550258164,0.01423544314194912,959,0,959,MAB
query_path_4_13.graph,3,0.1,959,453.9140126205758,466.9298897069588,0.02867476377571736,959,0,959,PO
query_path_4_13.graph,3,0.1,959,453.9140126205758,387.0297217397006,0.14735013465377064,959,0,959,UN
query_path_4_13.graph,3,0.1,959,453.9140126205758,436.67245332171314,0.03798419704939756,959,0,959,WO
query_path_4_13.graph,4,0.1,959,453.9140126205758,460.48554252451663,0.014477477498439598,959,0,959,8_POSSA
query_path_4_13.graph,4,0.1,959,453.9140126205758,488.5685936449903,0.07634613618633107,959,0,959,MAB
query_path_4_13.graph,4,0.1,959,453.9140126205758,452.7420627574691,0.0025818763698011904,959,0,959,PO
query_path_4_13.graph,4,0.1,959,453.9140126205758,116.61847795326644,0.7430824457698617,959,0,959,UN
query_path_4_13.graph,4,0.1,959,453.9140126205758,437.60301996533485,0.035934102499001794,959,0,959,WO
query_path_4_13.graph,5,0.1,959,453.9140126205758,455.6591154667225,0.0038445670272915467,959,0,959,8_POSSA
query_path_4_13.graph,5,0.1,959,453.9140126205758,512.3178716856696,0.1286672308878758,959,0,959,MAB
query_path_4_13.graph,5,0.1,959,453.9140126205758,338.96501063478246,0.2532395977867257,959,0,959,PO
query_path_4_13.graph,5,0.1,959,453.9140126205758,341.7025413396616,0.2472086522138526,959,0,959,UN
query_path_4_13.graph,5,0.1,959,453.9140126205758,452.36719290491004,0.0034077373085169647,959,0,959,WO
query_path_4_14.graph,1,0.1,631,3712.790942316635,3774.9161651867794,0.01673275544875696,631,0,631,8_POSSA
query_path_4_14.graph,1,0.1,631,3712.790942316635,3696.838399019933,0.004296644638641653,631,0,631,MAB
query_path_4_14.graph,1,0.1,631,3712.790942316635,4324.26647337902,0.164694306941195,631,0,631,PO
query_path_4_14.graph,1,0.1,631,3712.790942316635,9350.929153968968,1.5185714195193432,631,0,631,UN
query_path_4_14.graph,1,0.1,631,3712.790942316635,3050.698070353584,0.17832753910726015,631,0,631,WO
query_path_4_14.graph,2,0.1,631,3712.790942316635,3829.879805851738,0.031536616349867555,631,0,631,8_POSSA
query_path_4_14.graph,2,0.1,631,3712.790942316635,3930.470655175676,0.058629671382255916,631,0,631,MAB
query_path_4_14.graph,2,0.1,631,3712.790942316635,3660.49608172162,0.014085053914289374,631,0,631,PO
query_path_4_14.graph,2,0.1,631,3712.790942316635,4598.423461045788,0.2385355201757072,631,0,631,UN
query_path_4_14.graph,2,0.1,631,3712.790942316635,3344.63979030913,0.09915752266347462,631,0,631,WO
query_path_4_14.graph,3,0.1,631,3712.790942316635,3843.635491483334,0.0352415611865981,631,0,631,8_POSSA
query_path_4_14.graph,3,0.1,631,3712.790942316635,3763.538256175229,0.01366823897359797,631,0,631,MAB
query_path_4_14.graph,3,0.1,631,3712.790942316635,3596.250709782337,0.031388848536023924,631,0,631,PO
query_path_4_14.graph,3,0.1,631,3712.790942316635,53.834219001389904,0.9855003365829696,631,0,631,UN
query_path_4_14.graph,3,0.1,631,3712.790942316635,4126.654128956958,0.11146956375143713,631,0,631,WO
query_path_4_14.graph,4,0.1,631,3712.790942316635,3727.5775522061344,0.0039826131121384846,631,0,631,8_POSSA
query_path_4_14.graph,4,0.1,631,3712.790942316635,3770.791616392836,0.01562185293417325,631,0,631,MAB
query_path_4_14.graph,4,0.1,631,3712.790942316635,4152.7705158235385,0.11850372949691948,631,0,631,PO
query_path_4_14.graph,4,0.1,631,3712.790942316635,2126.6951719483786,0.4271977051793267,631,0,631,UN
query_path_4_14.graph,4,0.1,631,3712.790942316635,3526.3293411514856,0.050221411348521816,631,0,631,WO
query_path_4_14.graph,5,0.1,631,3712.790942316635,3702.7290957795344,0.0027100493115355955,631,0,631,8_POSSA
query_path_4_14.graph,5,0.1,631,3712.790942316635,3734.958258261639,0.005970526293940014,631,0,631,MAB
query_path_4_14.graph,5,0.1,631,3712.790942316635,4057.858075083575,0.09294009227237325,631,0,631,PO
query_path_4_14.graph,5,0.1,631,3712.790942316635,4347.082294207863,0.17083950099691178,631,0,631,UN
query_path_4_14.graph,5,0.1,631,3712.790942316635,3807.6357581264783,0.025545423182557023,631,0,631,WO
query_path_4_15.graph,1,0.1,478,5970.711749004785,5968.964944593025,0.00029256217435897404,478,0,478,8_POSSA
query_path_4_15.graph,1,0.1,478,5970.711749004785,6307.538004558189,0.056413082679723565,478,0,478,MAB
query_path_4_15.graph,1,0.1,478,5970.711749004785,4060.6286382740295,0.3199087798953171,478,0,478,PO
query_path_4_15.graph,1,0.1,478,5970.711749004785,1126.7848028606206,0.8112813262089841,478,0,478,UN
query_path_4_15.graph,1,0.1,478,5970.711749004785,6281.840111948474,0.05210909118088796,478,0,478,WO
query_path_4_15.graph,2,0.1,478,5970.711749004785,5935.05609068814,0.005971760120991938,478,0,478,8_POSSA
query_path_4_15.graph,2,0.1,478,5970.711749004785,6047.510962081944,0.012862656297209483,478,0,478,MAB
query_path_4_15.graph,2,0.1,478,5970.711749004785,7803.037544988054,0.3068856566871925,478,0,478,PO
query_path_4_15.graph,2,0.1,478,5970.711749004785,645.1632799111235,0.8919453313051561,478,0,478,UN
query_path_4_15.graph,2,0.1,478,5970.711749004785,6112.672645549704,0.023776210025309167,478,0,478,WO
query_path_4_15.graph,3,0.1,478,5970.711749004785,5893.8052601433565,0.012880623298260452,478,0,478,8_POSSA
query_path_4_15.graph,3,0.1,478,5970.711749004785,5705.647177548691,0.04439413299432449,478,0,478,MAB
query_path_4_15.graph,3,0.1,478,5970.711749004785,2802.989126019573,0.5305435526197051,478,0,478,PO
query_path_4_15.graph,3,0.1,478,5970.711749004785,3219.5721137493715,0.4607724758633644,478,0,478,UN
query_path_4_15.graph,3,0.1,478,5970.711749004785,6617.734320506361,0.10836607069658377,478,0,478,WO
query_path_4_15.graph,4,0.1,478,5970.711749004785,5829.654389242842,0.023624881871990393,478,0,478,8_POSSA
query_path_4_15.graph,4,0.1,478,5970.711749004785,5864.526822763845,0.017784299544964435,478,0,478,MAB
query_path_4_15.graph,4,0.1,478,5970.711749004785,4118.5197840436285,0.3102129265024199,478,0,478,PO
query_path_4_15.graph,4,0.1,478,5970.711749004785,3649.3891052596937,0.38878491230664686,478,0,478,UN
query_path_4_15.graph,4,0.1,478,5970.711749004785,5298.928303405631,0.11251312638080861,478,0,478,WO
query_path_4_15.graph,5,0.1,478,5970.711749004785,5896.308703736326,0.01246133600083121,478,0,478,8_POSSA
query_path_4_15.graph,5,0.1,478,5970.711749004785,5514.339099666885,0.07643521719399189,478,0,478,MAB
query_path_4_15.graph,5,0.1,478,5970.711749004785,5356.242737646105,0.10291386306851971,478,0,478,PO
query_path_4_15.graph,5,0.1,478,5970.711749004785,3696.962060260447,0.3808171930462617,478,0,478,UN
query_path_4_15.graph,5,0.1,478,5970.711749004785,5147.028433578963,0.1379539575936011,478,0,478,WO
query_path_4_16.graph,1,0.1,353,5121.468583985834,5073.829749459072,0.009301791809427846,353,0,353,8_POSSA
query_path_4_16.graph,1,0.1,353,5121.468583985834,5359.344080176345,0.04644673540209097,353,0,353,MAB
query_path_4_16.graph,1,0.1,353,5121.468583985834,5884.427082179982,0.14897260144869773,353,0,353,PO
query_path_4_16.graph,1,0.1,353,5121.468583985834,571.9314222786936,0.8883266756595855,353,0,353,UN
query_path_4_16.graph,1,0.1,353,5121.468583985834,5177.092811197656,0.010860991588575238,353,0,353,WO
query_path_4_16.graph,2,0.1,353,5121.468583985834,5241.0936175282795,0.02335756464786244,353,0,353,8_POSSA
query_path_4_16.graph,2,0.1,353,5121.468583985834,4955.32262680693,0.03244107709621035,353,0,353,MAB
query_path_4_16.graph,2,0.1,353,5121.468583985834,5331.091280946839,0.04093019287797022,353,0,353,PO
query_path_4_16.graph,2,0.1,353,5121.468583985834,269.3380062119036,0.9474100051977107,353,0,353,UN
query_path_4_16.graph,2,0.1,353,5121.468583985834,4990.451315725732,0.02558197245801259,353,0,353,WO
query_path_4_16.graph,3,0.1,353,5121.468583985834,5226.0942593484115,0.020428842556943227,353,0,353,8_POSSA
query_path_4_16.graph,3,0.1,353,5121.468583985834,5102.706542104782,0.0036634105185607293,353,0,353,MAB
query_path_4_16.graph,3,0.1,353,5121.468583985834,3343.2994941804636,0.3471990622700437,353,0,353,PO
query_path_4_16.graph,3,0.1,353,5121.468583985834,355.6197536731725,0.930562933689538,353,0,353,UN
query_path_4_16.graph,3,0.1,353,5121.468583985834,4090.9681221464502,0.2012119072762888,353,0,353,WO
query_path_4_16.graph,4,0.1,353,5121.468583985834,5128.477656705844,0.0013685669657189476,353,0,353,8_POSSA
query_path_4_16.graph,4,0.1,353,5121.468583985834,5208.70123909111,0.017032742400889016,353,0,353,MAB
query_path_4_16.graph,4,0.1,353,5121.468583985834,3378.3335244388504,0.34035844035000823,353,0,353,PO
query_path_4_16.graph,4,0.1,353,5121.468583985834,232.83504170391257,0.9545374460692861,353,0,353,UN
query_path_4_16.graph,4,0.1,353,5121.468583985834,4502.309107284534,0.12089490866688735,353,0,353,WO
query_path_4_16.graph,5,0.1,353,5121.468583985834,5071.666773098368,0.00972412699029133,353,0,353,8_POSSA
query_path_4_16.graph,5,0.1,353,5121.468583985834,5154.988133347585,0.006544909689881225,353,0,353,MAB
query_path_4_16.graph,5,0.1,353,5121.468583985834,3892.6724908962906,0.23993041701589832,353,0,353,PO
query_path_4_16.graph,5,0.1,353,5121.468583985834,7002.6706461458925,0.36731691922163356,353,0,353,UN
query_path_4_16.graph,5,0.1,353,5121.468583985834,4977.023706755368,0.028203800308787642,353,0,353,WO
query_path_4_17.graph,1,0.1,469,5204.433210731902,5433.2473437644585,0.04396523574569571,469,0,469,8_POSSA
query_path_4_17.graph,1,0.1,469,5204.433210731902,5618.186422950205,0.07950014832837418,469,0,469,MAB
query_path_4_17.graph,1,0.1,469,5204.433210731902,6442.743620880769,0.23793376915576225,469,0,469,PO
query_path_4_17.graph,1,0.1,469,5204.433210731902,2874.8178412215134,0.4476213403424143,469,0,469,UN
query_path_4_17.graph,1,0.1,469,5204.433210731902,4590.442142158704,0.11797462734407009,469,0,469,WO
query_path_4_17.graph,2,0.1,469,5204.433210731902,5404.540431969637,0.03844937827717721,469,0,469,8_POSSA
query_path_4_17.graph,2,0.1,469,5204.433210731902,5358.498589702419,0.02960271997588961,469,0,469,MAB
query_path_4_17.graph,2,0.1,469,5204.433210731902,2971.242297693126,0.4290939709695537,469,0,469,PO
query_path_4_17.graph,2,0.1,469,5204.433210731902,1160.1565281606966,0.7770830211120063,469,0,469,UN
query_path_4_17.graph,2,0.1,469,5204.433210731902,4923.213643857314,0.05403461923475044,469,0,469,WO
query_path_4_17.graph,3,0.1,469,5204.433210731902,5447.69678244643,0.04674160698477238,469,0,469,8_POSSA
query_path_4_17.graph,3,0.1,469,5204.433210731902,4953.833492944842,0.04815120256905332,469,0,469,MAB
query_path_4_17.graph,3,0.1,469,5204.433210731902,6793.899341316773,0.30540619241827927,469,0,469,PO
query_path_4_17.graph,3,0.1,469,5204.433210731902,5178.194089414748,0.005041686626518171,469,0,469,UN
query_path_4_17.graph,3,0.1,469,5204.433210731902,5522.520237046544,0.06111847600594127,469,0,469,WO
query_path_4_17.graph,4,0.1,469,5204.433210731902,5472.075508536375,0.05142583005053768,469,0,469,8_POSSA
query_path_4_17.graph,4,0.1,469,5204.433210731902,5627.331780950746,0.08125737291561311,469,0,469,MAB
query_path_4_17.graph,4,0.1,469,5204.433210731902,5213.636888524684,0.0017684303785093964,469,0,469,PO
query_path_4_17.graph,4,0.1,469,5204.433210731902,2868.038357292387,0.4489239767015757,469,0,469,UN
query_path_4_17.graph,4,0.1,469,5204.433210731902,5482.92466777523,0.05351042962162696,469,0,469,WO
query_path_4_17.graph,5,0.1,469,5204.433210731902,5420.033283547813,0.04142623492051513,469,0,469,8_POSSA
query_path_4_17.graph,5,0.1,469,5204.433210731902,5058.264268330929,0.028085468000542926,469,0,469,MAB
query_path_4_17.graph,5,0.1,469,5204.433210731902,4450.343462602592,0.14489373147768042,469,0,469,PO
query_path_4_17.graph,5,0.1,469,5204.433210731902,1217.9565934115885,0.7659770922028402,469,0,469,UN
query_path_4_17.graph,5,0.1,469,5204.433210731902,5629.552188717566,0.08168401068324582,469,0,469,WO
query_path_4_18.graph,1,0.1,961,453.9140126205758,469.6360962654951,0.034636700361267064,961,0,961,8_POSSA
query_path_4_18.graph,1,0.1,961,453.9140126205758,489.07947647490437,0.07747164193347598,961,0,961,MAB
query_path_4_18.graph,1,0.1,961,453.9140126205758,492.7731209479027,0.08560896391583535,961,0,961,PO
query_path_4_18.graph,1,0.1,961,453.9140126205758,246.44284471226948,0.4570715204637895,961,0,961,UN
query_path_4_18.graph,1,0.1,961,453.9140126205758,437.0831494534683,0.03707940865261706,961,0,961,WO
query_path_4_18.graph,2,0.1,961,453.9140126205758,476.7260709510665,0.0502563430434547,961,0,961,8_POSSA
query_path_4_18.graph,2,0.1,961,453.9140126205758,458.04424026540306,0.009099141092785954,961,0,961,MAB
query_path_4_18.graph,2,0.1,961,453.9140126205758,434.4263593413327,0.042932477820491324,961,0,961,PO
query_path_4_18.graph,2,0.1,961,453.9140126205758,302.76428036615243,0.332991994192452,961,0,961,UN
query_path_4_18.graph,2,0.1,961,453.9140126205758,496.68447583187617,0.09422591508989599,961,0,961,WO
query_path_4_18.graph,3,0.1,961,453.9140126205758,455.2067008297087,0.0028478702423612016,961,0,961,8_POSSA
query_path_4_18.graph,3,0.1,961,453.9140126205758,449.9678611887101,0.008693610071835934,961,0,961,MAB
query_path_4_18.graph,3,0.1,961,453.9140126205758,492.48150299112007,0.08496651193445882,961,0,961,PO
query_path_4_18.graph,3,0.1,961,453.9140126205758,339.89294709474166,0.25119529768988147,961,0,961,UN
query_path_4_18.graph,3,0.1,961,453.9140126205758,555.2736736735278,0.22330145850262165,961,0,961,WO
query_path_4_18.graph,4,0.1,961,453.9140126205758,445.7968617677523,0.01788257385129148,961,0,961,8_POSSA
query_path_4_18.graph,4,0.1,961,453.9140126205758,474.02150118264365,0.044298012405436724,961,0,961,MAB
query_path_4_18.graph,4,0.1,961,453.9140126205758,441.0747934717789,0.028285575663708713,961,0,961,PO
query_path_4_18.graph,4,0.1,961,453.9140126205758,537.4258531289702,0.18398163129235987,961,0,961,UN
query_path_4_18.graph,4,0.1,961,453.9140126205758,461.8527679128779,0.017489557650951004,961,0,961,WO
query_path_4_18.graph,5,0.1,961,453.9140126205758,472.89564382969917,0.04181768062091088,961,0,961,8_POSSA
query_path_4_18.graph,5,0.1,961,453.9140126205758,444.5907469264237,0.020539717732718166,961,0,961,MAB
query_path_4_18.graph,5,0.1,961,453.9140126205758,467.9985903372943,0.031029175846332985,961,0,961,PO
query_path_4_18.graph,5,0.1,961,453.9140126205758,166.5882226285564,0.6329960785594725,961,0,961,UN
query_path_4_18.graph,5,0.1,961,453.9140126205758,392.4731563665068,0.13535791922208637,961,0,961,WO
query_path_4_19.graph,1,0.1,469,5204.433210731902,5184.257843178112,0.0038765734397719297,469,0,469,8_POSSA
query_path_4_19.graph,1,0.1,469,5204.433210731902,5062.350790929432,0.027300267685150884,469,0,469,MAB
query_path_4_19.graph,1,0.1,469,5204.433210731902,5454.661282832469,0.048079793124173195,469,0,469,PO
query_path_4_19.graph,1,0.1,469,5204.433210731902,258.48263380200723,0.9503341433474449,469,0,469,UN
query_path_4_19.graph,1,0.1,469,5204.433210731902,4640.4410143964005,0.10836764994361169,469,0,469,WO
query_path_4_19.graph,2,0.1,469,5204.433210731902,5195.317951519035,0.001751441289336001,469,0,469,8_POSSA
query_path_4_19.graph,2,0.1,469,5204.433210731902,5373.026619963531,0.03239419210606393,469,0,469,MAB
query_path_4_19.graph,2,0.1,469,5204.433210731902,5067.212974335386,0.02636602889120731,469,0,469,PO
query_path_4_19.graph,2,0.1,469,5204.433210731902,3141.832648218654,0.39631607881143,469,0,469,UN
query_path_4_19.graph,2,0.1,469,5204.433210731902,5417.716680483422,0.040981113814990394,469,0,469,WO
query_path_4_19.graph,3,0.1,469,5204.433210731902,5184.435680992068,0.003842402991856604,469,0,469,8_POSSA
query_path_4_19.graph,3,0.1,469,5204.433210731902,5734.139630528422,0.10177984774676863,469,0,469,MAB
query_path_4_19.graph,3,0.1,469,5204.433210731902,5043.10702997293,0.030997838616951923,469,0,469,PO
query_path_4_19.graph,3,0.1,469,5204.433210731902,96.53636710733998,0.9814511276831691,469,0,469,UN
query_path_4_19.graph,3,0.1,469,5204.433210731902,4226.634310538841,0.1878780763631997,469,0,469,WO
query_path_4_19.graph,4,0.1,469,5204.433210731902,5279.582377783239,0.014439452675917546,469,0,469,8_POSSA
query_path_4_19.graph,4,0.1,469,5204.433210731902,5093.258159142744,0.02136160597851605,469,0,469,MAB
query_path_4_19.graph,4,0.1,469,5204.433210731902,6113.347631048699,0.17464234499974993,469,0,469,PO
query_path_4_19.graph,4,0.1,469,5204.433210731902,8945.553969062912,0.7188334650191224,469,0,469,UN
query_path_4_19.graph,4,0.1,469,5204.433210731902,5710.639722850181,0.09726448426207981,469,0,469,WO
query_path_4_19.graph,5,0.1,469,5204.433210731902,5250.931915345089,0.008934441605918367,469,0,469,8_POSSA
query_path_4_19.graph,5,0.1,469,5204.433210731902,4647.742635869428,0.10696468804989935,469,0,469,MAB
query_path_4_19.graph,5,0.1,469,5204.433210731902,2117.4760375995747,0.593139934386478,469,0,469,PO
query_path_4_19.graph,5,0.1,469,5204.433210731902,47813.64185127736,8.18709875124967,469,0,469,UN
query_path_4_19.graph,5,0.1,469,5204.433210731902,5326.435680915271,0.02344202821774934,469,0,469,WO
query_path_4_2.graph,1,0.1,1032,507.7540548636967,566.8343404760964,0.11635610793548345,1032,0,1032,8_POSSA
query_path_4_2.graph,1,0.1,1032,507.7540548636967,592.5585264685066,0.16701879737341552,1032,0,1032,MAB
query_path_4_2.graph,1,0.1,1032,507.7540548636967,576.7451081926591,0.1358749431306514,1032,0,1032,PO
query_path_4_2.graph,1,0.1,1032,507.7540548636967,281.7728143347413,0.4450604349966611,1032,0,1032,UN
query_path_4_2.graph,1,0.1,1032,507.7540548636967,559.2567157716232,0.10143229859927384,1032,0,1032,WO
query_path_4_2.graph,2,0.1,1032,507.7540548636967,571.4965952669554,0.1255382203109535,1032,0,1032,8_POSSA
query_path_4_2.graph,2,0.1,1032,507.7540548636967,629.6697148302118,0.24010770332349696,1032,0,1032,MAB
query_path_4_2.graph,2,0.1,1032,507.7540548636967,582.3689508625821,0.14695086190678533,1032,0,1032,PO
query_path_4_2.graph,2,0.1,1032,507.7540548636967,365.6855878807785,0.2797977989975,1032,0,1032,UN
query_path_4_2.graph,2,0.1,1032,507.7540548636967,583.5469493399936,0.14927087977001585,1032,0,1032,WO
query_path_4_2.graph,3,0.1,1032,507.7540548636967,579.7775712155122,0.14184724998631432,1032,0,1032,8_POSSA
query_path_4_2.graph,3,0.1,1032,507.7540548636967,507.3989013465265,0.0006994597360045646,1032,0,1032,MAB
query_path_4_2.graph,3,0.1,1032,507.7540548636967,597.3082238490838,0.17637312420759954,1032,0,1032,PO
query_path_4_2.graph,3,0.1,1032,507.7540548636967,466.2420080496778,0.08175620936235072,1032,0,1032,UN
query_path_4_2.graph,3,0.1,1032,507.7540548636967,539.9370298382316,0.0633829994389198,1032,0,1032,WO
query_path_4_2.graph,4,0.1,1032,507.7540548636967,589.6551098250876,0.16130064186956955,1032,0,1032,8_POSSA
query_path_4_2.graph,4,0.1,1032,507.7540548636967,602.6687565894283,0.18693046528443943,1032,0,1032,MAB
query_path_4_2.graph,4,0.1,1032,507.7540548636967,501.0976692818842,0.013109468093956194,1032,0,1032,PO
query_path_4_2.graph,4,0.1,1032,507.7540548636967,708.9476220539725,0.39624216737035206,1032,0,1032,UN
query_path_4_2.graph,4,0.1,1032,507.7540548636967,791.4520104461898,0.5587310487528258,1032,0,1032,WO
query_path_4_2.graph,5,0.1,1032,507.7540548636967,590.0331357910632,0.1620451479199979,1032,0,1032,8_POSSA
query_path_4_2.graph,5,0.1,1032,507.7540548636967,581.6710252672542,0.14557632715193194,1032,0,1032,MAB
query_path_4_2.graph,5,0.1,1032,507.7540548636967,683.5279535679019,0.34617921220026615,1032,0,1032,PO
query_path_4_2.graph,5,0.1,1032,507.7540548636967,143.78822326089352,0.7168152142093822,1032,0,1032,UN
query_path_4_2.graph,5,0.1,1032,507.7540548636967,506.9517719021982,0.0015800621458628972,1032,0,1032,WO
query_path_4_20.graph,1,0.1,360,5121.468583985834,4881.427504833606,0.04686957953872945,360,0,360,8_POSSA
query_path_4_20.graph,1,0.1,360,5121.468583985834,4813.7313951593815,0.06008768457326998,360,0,360,MAB
query_path_4_20.graph,1,0.1,360,5121.468583985834,5470.995271533554,0.06824735558090594,360,0,360,PO
query_path_4_20.graph,1,0.1,360,5121.468583985834,2691.950648726752,0.4743791542246043,360,0,360,UN
query_path_4_20.graph,1,0.1,360,5121.468583985834,4676.178598927633,0.08694576130966898,360,0,360,WO
query_path_4_20.graph,2,0.1,360,5121.468583985834,5035.9824227508425,0.016691728130930162,360,0,360,8_POSSA
query_path_4_20.graph,2,0.1,360,5121.468583985834,4770.416138382137,0.06854526974965576,360,0,360,MAB
query_path_4_20.graph,2,0.1,360,5121.468583985834,2830.956825050198,0.4472372955870057,360,0,360,PO
query_path_4_20.graph,2,0.1,360,5121.468583985834,785.645557584141,0.8465976028749347,360,0,360,UN
query_path_4_20.graph,2,0.1,360,5121.468583985834,6073.965489110819,0.18598120627027165,360,0,360,WO
query_path_4_20.graph,3,0.1,360,5121.468583985834,5194.276561448448,0.014216230416852509,360,0,360,8_POSSA
query_path_4_20.graph,3,0.1,360,5121.468583985834,5630.777472204038,0.09944586789241398,360,0,360,MAB
query_path_4_20.graph,3,0.1,360,5121.468583985834,5870.754097107838,0.14630286232057,360,0,360,PO
query_path_4_20.graph,3,0.1,360,5121.468583985834,5555.9143782343535,0.08482836263156532,360,0,360,UN
query_path_4_20.graph,3,0.1,360,5121.468583985834,5538.4679460212465,0.08142183344428107,360,0,360,WO
query_path_4_20.graph,4,0.1,360,5121.468583985834,5068.707377462126,0.010301968206675236,360,0,360,8_POSSA
query_path_4_20.graph,4,0.1,360,5121.468583985834,5125.421547697866,0.000771841835443962,360,0,360,MAB
query_path_4_20.graph,4,0.1,360,5121.468583985834,7361.383195935284,0.4373578740585018,360,0,360,PO
query_path_4_20.graph,4,0.1,360,5121.468583985834,951.4913931724894,0.8142151264682792,360,0,360,UN
query_path_4_20.graph,4,0.1,360,5121.468583985834,4366.983383932598,0.1473181349608221,360,0,360,WO
query_path_4_20.graph,5,0.1,360,5121.468583985834,5108.73397991098,0.0024865141445312975,360,0,360,8_POSSA
query_path_4_20.graph,5,0.1,360,5121.468583985834,5332.272553063624,0.04116084392999053,360,0,360,MAB
query_path_4_20.graph,5,0.1,360,5121.468583985834,4975.572503328971,0.028487157201952003,360,0,360,PO
query_path_4_20.graph,5,0.1,360,5121.468583985834,4777.786825728625,0.06710609517978039,360,0,360,UN
query_path_4_20.graph,5,0.1,360,5121.468583985834,4025.759395163542,0.21394433468720903,360,0,360,WO
query_path_4_21.graph,1,0.1,703,1298.3528072837632,1288.5201357392061,0.007573189266735357,703,0,703,8_POSSA
query_path_4_21.graph,1,0.1,703,1298.3528072837632,1370.3340338921973,0.05544042128196527,703,0,703,MAB
query_path_4_21.graph,1,0.1,703,1298.3528072837632,1494.5680094547429,0.1511262586488139,703,0,703,PO
query_path_4_21.graph,1,0.1,703,1298.3528072837632,600.355278995841,0.5376023561332127,703,0,703,UN
query_path_4_21.graph,1,0.1,703,1298.3528072837632,1304.3386626735664,0.004610345782920116,703,0,703,WO
query_path_4_21.graph,2,0.1,703,1298.3528072837632,1236.3837031659477,0.04772901769855516,703,0,703,8_POSSA
query_path_4_21.graph,2,0.1,703,1298.3528072837632,1217.4275111073712,0.06232920337399889,703,0,703,MAB
query_path_4_21.graph,2,0.1,703,1298.3528072837632,1309.6851637298007,0.00872825658978277,703,0,703,PO
query_path_4_21.graph,2,0.1,703,1298.3528072837632,914.6312374432694,0.2955449148242409,703,0,703,UN
query_path_4_21.graph,2,0.1,703,1298.3528072837632,1240.7471971789782,0.044368225478943285,703,0,703,WO
query_path_4_21.graph,3,0.1,703,1298.3528072837632,1252.2191417245306,0.03553245720302114,703,0,703,8_POSSA
query_path_4_21.graph,3,0.1,703,1298.3528072837632,1334.595667779921,0.02791449311222288,703,0,703,MAB
query_path_4_21.graph,3,0.1,703,1298.3528072837632,1663.2467172561073,0.28104372549994744,703,0,703,PO
query_path_4_21.graph,3,0.1,703,1298.3528072837632,1706.5029348807855,0.31435995309387305,703,0,703,UN
query_path_4_21.graph,3,0.1,703,1298.3528072837632,939.2326189182102,0.27659676657291277,703,0,703,WO
query_path_4_21.graph,4,0.1,703,1298.3528072837632,1210.0103094221483,0.06804198162934852,703,0,703,8_POSSA
query_path_4_21.graph,4,0.1,703,1298.3528072837632,1307.7314284191561,0.0072234766103472115,703,0,703,MAB
query_path_4_21.graph,4,0.1,703,1298.3528072837632,1342.5049979693033,0.03400631202693608,703,0,703,PO
query_path_4_21.graph,4,0.1,703,1298.3528072837632,908.7062558532654,0.3001083752001609,703,0,703,UN
query_path_4_21.graph,4,0.1,703,1298.3528072837632,1497.6155003515405,0.15347345648263935,703,0,703,WO
query_path_4_21.graph,5,0.1,703,1298.3528072837632,1312.327297939894,0.010763245997338895,703,0,703,8_POSSA
query_path_4_21.graph,5,0.1,703,1298.3528072837632,1349.4666047934854,0.0393681880787515,703,0,703,MAB
query_path_4_21.graph,5,0.1,703,1298.3528072837632,934.766063746758,0.2800369371847794,703,0,703,PO
query_path_4_21.graph,5,0.1,703,1298.3528072837632,1127.2667497816135,0.13177162366219447,703,0,703,UN
query_path_4_21.graph,5,0.1,703,1298.3528072837632,1125.2194685993982,0.133348453296428,703,0,703,WO
query_path_4_3.graph,1,0.1,627,3712.790942316635,3672.584137042118,0.010829267227588547,627,0,627,8_POSSA
query_path_4_3.graph,1,0.1,627,3712.790942316635,3577.1583408383367,0.03653117118241759,627,0,627,MAB
query_path_4_3.graph,1,0.1,627,3712.790942316635,4006.307043212102,0.07905538056293697,627,0,627,PO
query_path_4_3.graph,1,0.1,627,3712.790942316635,3527.248071998884,0.04997396115224841,627,0,627,UN
query_path_4_3.graph,1,0.1,627,3712.790942316635,3427.0204204873794,0.07696919279030191,627,0,627,WO
query_path_4_3.graph,2,0.1,627,3712.790942316635,3515.0568169443018,0.05325754356881595,627,0,627,8_POSSA
query_path_4_3.graph,2,0.1,627,3712.790942316635,3571.8217137788542,0.037968533840965935,627,0,627,MAB
query_path_4_3.graph,2,0.1,627,3712.790942316635,3776.90482867119,0.017268380404567095,627,0,627,PO
query_path_4_3.graph,2,0.1,627,3712.790942316635,19439.3404673603,4.235775665631989,627,0,627,UN
query_path_4_3.graph,2,0.1,627,3712.790942316635,3617.8173409926612,0.025580110164973146,627,0,627,WO
query_path_4_3.graph,3,0.1,627,3712.790942316635,3715.69447168708,0.0007820341666296305,627,0,627,8_POSSA
query_path_4_3.graph,3,0.1,627,3712.790942316635,3625.682801048482,0.023461633747091953,627,0,627,MAB
query_path_4_3.graph,3,0.1,627,3712.790942316635,3864.5390044935393,0.04087169585751556,627,0,627,PO
query_path_4_3.graph,3,0.1,627,3712.790942316635,12758.127235420343,2.4362632945499954,627,0,627,UN
query_path_4_3.graph,3,0.1,627,3712.790942316635,3354.5187774310807,0.09649672455352598,627,0,627,WO
query_path_4_3.graph,4,0.1,627,3712.790942316635,3665.2366294844505,0.012808238753812694,627,0,627,8_POSSA
query_path_4_3.graph,4,0.1,627,3712.790942316635,3513.231521110966,0.05374916721843547,627,0,627,MAB
query_path_4_3.graph,4,0.1,627,3712.790942316635,3369.189240209132,0.09254539440701964,627,0,627,PO
query_path_4_3.graph,4,0.1,627,3712.790942316635,2266.1004156323393,0.3896504137078125,627,0,627,UN
query_path_4_3.graph,4,0.1,627,3712.790942316635,3877.1571438554333,0.044270254935560714,627,0,627,WO
query_path_4_3.graph,5,0.1,627,3712.790942316635,3733.297290518509,0.0055231626343815775,627,0,627,8_POSSA
query_path_4_3.graph,5,0.1,627,3712.790942316635,3831.747977969544,0.03203978826200335,627,0,627,MAB
query_path_4_3.graph,5,0.1,627,3712.790942316635,2345.316811809815,0.3683143359678555,627,0,627,PO
query_path_4_3.graph,5,0.1,627,3712.790942316635,45812.81962043922,11.339186432041291,627,0,627,UN
query_path_4_3.graph,5,0.1,627,3712.790942316635,3229.9011644207544,0.13006112797575847,627,0,627,WO
query_path_4_9.graph,1,0.1,512,5874.683194573747,5771.425292464895,0.017576760939930734,512,0,512,8_POSSA
query_path_4_9.graph,1,0.1,512,5874.683194573747,5781.7941978938,0.01581174568966469,512,0,512,MAB
query_path_4_9.graph,1,0.1,512,5874.683194573747,2801.7280580489983,0.5230844004257348,512,0,512,PO
query_path_4_9.graph,1,0.1,512,5874.683194573747,17280.36450058447,1.941497256659862,512,0,512,UN
query_path_4_9.graph,1,0.1,512,5874.683194573747,5638.618718952005,0.04018335420023784,512,0,512,WO
query_path_4_9.graph,2,0.1,512,5874.683194573747,5720.565896172421,0.026234146301485448,512,0,512,8_POSSA
query_path_4_9.graph,2,0.1,512,5874.683194573747,5221.940131555607,0.11111119381229906,512,0,512,MAB
query_path_4_9.graph,2,0.1,512,5874.683194573747,4766.3766648558985,0.18865809321284846,512,0,512,PO
query_path_4_9.graph,2,0.1,512,5874.683194573747,3573.3116232617026,0.3917439451778006,512,0,512,UN
query_path_4_9.graph,2,0.1,512,5874.683194573747,5635.15179198126,0.04077350125258391,512,0,512,WO
query_path_4_9.graph,3,0.1,512,5874.683194573747,5739.284953635165,0.02304775193046063,512,0,512,8_POSSA
query_path_4_9.graph,3,0.1,512,5874.683194573747,5446.108309909632,0.0729528504720008,512,0,512,MAB
query_path_4_9.graph,3,0.1,512,5874.683194573747,6074.186250159417,0.033959798167490056,512,0,512,PO
query_path_4_9.graph,3,0.1,512,5874.683194573747,415.86483272693727,0.9292106792905772,512,0,512,UN
query_path_4_9.graph,3,0.1,512,5874.683194573747,5745.199212618889,0.022041015262654166,512,0,512,WO
query_path_4_9.graph,4,0.1,512,5874.683194573747,5731.54508648549,0.0243652471711953,512,0,512,8_POSSA
query_path_4_9.graph,4,0.1,512,5874.683194573747,5462.265345195346,0.07020256849924061,512,0,512,MAB
query_path_4_9.graph,4,0.1,512,5874.683194573747,7210.32603574679,0.2273557223318413,512,0,512,PO
query_path_4_9.graph,4,0.1,512,5874.683194573747,2475.8040415501414,0.5785638204564016,512,0,512,UN
query_path_4_9.graph,4,0.1,512,5874.683194573747,5636.491993596821,0.04054536952680873,512,0,512,WO
query_path_4_9.graph,5,0.1,512,5874.683194573747,5616.630170182626,0.04392628774083952,512,0,512,8_POSSA
query_path_4_9.graph,5,0.1,512,5874.683194573747,5558.932334950676,0.05374772547985561,512,0,512,MAB
query_path_4_9.graph,5,0.1,512,5874.683194573747,7633.314044418214,0.2993575639055493,512,0,512,PO
query_path_4_9.graph,5,0.1,512,5874.683194573747,3183.6818110358618,0.4580674896688004,512,0,512,UN
query_path_4_9.graph,5,0.1,512,5874.683194573747,6341.327513998341,0.07943310370431858,512,0,512,WO
query_path_6_100.graph,1,0.1,449,2732.941012501577,2529.3989134647786,0.07447731147716491,449,0,449,8_POSSA
query_path_6_100.graph,1,0.1,449,2732.941012501577,2588.3731875773656,0.052898260248903935,449,0,449,MAB
query_path_6_100.graph,1,0.1,449,2732.941012501577,2433.7899036614212,0.10946123881624874,449,0,449,PO
query_path_6_100.graph,1,0.1,449,2732.941012501577,256.1642063457861,0.9062679343703404,449,0,449,UN
query_path_6_100.graph,1,0.1,449,2732.941012501577,3046.9681146243497,0.11490445665906647,449,0,449,WO
query_path_6_100.graph,2,0.1,449,2732.941012501577,2607.777537191094,0.04579808884931464,449,0,449,8_POSSA
query_path_6_100.graph,2,0.1,449,2732.941012501577,2554.3283701359287,0.06535546927233404,449,0,449,MAB
query_path_6_100.graph,2,0.1,449,2732.941012501577,2442.042847195674,0.10644143579214382,449,0,449,PO
query_path_6_100.graph,2,0.1,449,2732.941012501577,473.16388272326094,0.8268664122061844,449,0,449,UN
query_path_6_100.graph,2,0.1,449,2732.941012501577,3123.7538022640097,0.14300081413199076,449,0,449,WO
query_path_6_100.graph,3,0.1,449,2732.941012501577,2652.030442033832,0.029605677582365403,449,0,449,8_POSSA
query_path_6_100.graph,3,0.1,449,2732.941012501577,2431.5459820209344,0.11028230360697136,449,0,449,MAB
query_path_6_100.graph,3,0.1,449,2732.941012501577,2887.2816434234674,0.05647419033776211,449,0,449,PO
query_path_6_100.graph,3,0.1,449,2732.941012501577,3901.554034015574,0.4276027240135402,449,0,449,UN
query_path_6_100.graph,3,0.1,449,2732.941012501577,3080.881032716043,0.12731340289557946,449,0,449,WO
query_path_6_100.graph,4,0.1,449,2732.941012501577,2594.2438263291187,0.05075015726208552,449,0,449,8_POSSA
query_path_6_100.graph,4,0.1,449,2732.941012501577,2401.956435184265,0.12110930159240711,449,0,449,MAB
query_path_6_100.graph,4,0.1,449,2732.941012501577,2828.7475228528406,0.0350561940096789,449,0,449,PO
query_path_6_100.graph,4,0.1,449,2732.941012501577,1181.168866621418,0.567803014694326,449,0,449,UN
query_path_6_100.graph,4,0.1,449,2732.941012501577,2649.499724396311,0.030531682800167156,449,0,449,WO
query_path_6_100.graph,5,0.1,449,2732.941012501577,2636.6374251115135,0.03523807756901154,449,0,449,8_POSSA
query_path_6_100.graph,5,0.1,449,2732.941012501577,2732.1133420263886,0.0003028497400427856,449,0,449,MAB
query_path_6_100.graph,5,0.1,449,2732.941012501577,2735.4404184200253,0.0009145480663559709,449,0,449,PO
query_path_6_100.graph,5,0.1,449,2732.941012501577,11583.251708496542,3.2383833589931386,449,0,449,UN
query_path_6_100.graph,5,0.1,449,2732.941012501577,2508.7050300809674,0.08204933124969166,449,0,449,WO
query_path_6_101.graph,1,0.1,410,2936.26155161499,3170.7302862407837,0.07985280960302474,410,0,410,8_POSSA
query_path_6_101.graph,1,0.1,410,2936.26155161499,2827.142533931643,0.03716256735484952,410,0,410,MAB
query_path_6_101.graph,1,0.1,410,2936.26155161499,2764.075595040164,0.05864121896093383,410,0,410,PO
query_path_6_101.graph,1,0.1,410,2936.26155161499,1030.4789990846762,0.6490506785685026,410,0,410,UN
query_path_6_101.graph,1,0.1,410,2936.26155161499,2925.4653633341172,0.003676848295389289,410,0,410,WO
query_path_6_101.graph,2,0.1,410,2936.26155161499,2984.4234847091298,0.01640246696267573,410,0,410,8_POSSA
query_path_6_101.graph,2,0.1,410,2936.26155161499,3262.991598421418,0.11127416310264374,410,0,410,MAB
query_path_6_101.graph,2,0.1,410,2936.26155161499,3449.835421915409,0.1749073988377995,410,0,410,PO
query_path_6_101.graph,2,0.1,410,2936.26155161499,11000.216768671171,2.746334097049658,410,0,410,UN
query_path_6_101.graph,2,0.1,410,2936.26155161499,2696.163791859118,0.08176988171364169,410,0,410,WO
query_path_6_101.graph,3,0.1,410,2936.26155161499,3182.953375987346,0.08401561646872767,410,0,410,8_POSSA
query_path_6_101.graph,3,0.1,410,2936.26155161499,3075.9037451413897,0.04755781835906081,410,0,410,MAB
query_path_6_101.graph,3,0.1,410,2936.26155161499,2621.9491025686634,0.10704511281477963,410,0,410,PO
query_path_6_101.graph,3,0.1,410,2936.26155161499,6816.7480012325705,1.321573838503335,410,0,410,UN
query_path_6_101.graph,3,0.1,410,2936.26155161499,3154.8145565771006,0.07443240362627201,410,0,410,WO
query_path_6_101.graph,4,0.1,410,2936.26155161499,3116.3259156551653,0.06132436122427077,410,0,410,8_POSSA
query_path_6_101.graph,4,0.1,410,2936.26155161499,3015.5133229922644,0.026990705692987327,410,0,410,MAB
query_path_6_101.graph,4,0.1,410,2936.26155161499,3596.120504622831,0.22472758009071378,410,0,410,PO
query_path_6_101.graph,4,0.1,410,2936.26155161499,281.4165743295208,0.9041582061466094,410,0,410,UN
query_path_6_101.graph,4,0.1,410,2936.26155161499,3581.8306384739094,0.2198608930133783,410,0,410,WO
query_path_6_101.graph,5,0.1,410,2936.26155161499,3153.1499234080557,0.07386548097998073,410,0,410,8_POSSA
query_path_6_101.graph,5,0.1,410,2936.26155161499,2831.5738632838834,0.035653393436128555,410,0,410,MAB
query_path_6_101.graph,5,0.1,410,2936.26155161499,3237.631485545435,0.10263729188725954,410,0,410,PO
query_path_6_101.graph,5,0.1,410,2936.26155161499,12233.00762586301,3.1661845890856233,410,0,410,UN
query_path_6_101.graph,5,0.1,410,2936.26155161499,2554.4077694531206,0.1300476049048981,410,0,410,WO
query_path_6_102.graph,1,0.1,376,2872.5452500209376,2900.3044793125387,0.009663635165154918,376,0,376,8_POSSA
query_path_6_102.graph,1,0.1,376,2872.5452500209376,2937.1436520792577,0.022488210432141744,376,0,376,MAB
query_path_6_102.graph,1,0.1,376,2872.5452500209376,3346.7161953330283,0.16506996549789232,376,0,376,PO
query_path_6_102.graph,1,0.1,376,2872.5452500209376,1042.5904518986995,0.6370499465966288,376,0,376,UN
query_path_6_102.graph,1,0.1,376,2872.5452500209376,3185.1805085088595,0.10883562529977313,376,0,376,WO
query_path_6_102.graph,2,0.1,376,2872.5452500209376,2903.2714220551707,0.01069649713403439,376,0,376,8_POSSA
query_path_6_102.graph,2,0.1,376,2872.5452500209376,3059.4876145022095,0.06507899726902797,376,0,376,MAB
query_path_6_102.graph,2,0.1,376,2872.5452500209376,2666.3497207427995,0.07178147299042031,376,0,376,PO
query_path_6_102.graph,2,0.1,376,2872.5452500209376,138.9211570052078,0.951638305087032,376,0,376,UN
query_path_6_102.graph,2,0.1,376,2872.5452500209376,2589.743667854532,0.09844982673966388,376,0,376,WO
query_path_6_102.graph,3,0.1,376,2872.5452500209376,2986.68783700765,0.039735696760871075,376,0,376,8_POSSA
query_path_6_102.graph,3,0.1,376,2872.5452500209376,2859.4352210054594,0.00456390687505536,376,0,376,MAB
query_path_6_102.graph,3,0.1,376,2872.5452500209376,3349.44684404794,0.16602056800446444,376,0,376,PO
query_path_6_102.graph,3,0.1,376,2872.5452500209376,986.0240506284575,0.6567420302182287,376,0,376,UN
query_path_6_102.graph,3,0.1,376,2872.5452500209376,3828.0333121997332,0.3326276799893165,376,0,376,WO
query_path_6_102.graph,4,0.1,376,2872.5452500209376,2888.7084253809026,0.005626778328329951,376,0,376,8_POSSA
query_path_6_102.graph,4,0.1,376,2872.5452500209376,2903.7546526107203,0.010864720961159873,376,0,376,MAB
query_path_6_102.graph,4,0.1,376,2872.5452500209376,3116.409434811784,0.08489481054791707,376,0,376,PO
query_path_6_102.graph,4,0.1,376,2872.5452500209376,904.9826949623683,0.6849544163122332,376,0,376,UN
query_path_6_102.graph,4,0.1,376,2872.5452500209376,2768.5206077784746,0.03621340420719386,376,0,376,WO
query_path_6_102.graph,5,0.1,376,2872.5452500209376,2969.5305737111576,0.03376285323599795,376,0,376,8_POSSA
query_path_6_102.graph,5,0.1,376,2872.5452500209376,3155.4977263017654,0.09850235650030766,376,0,376,MAB
query_path_6_102.graph,5,0.1,376,2872.5452500209376,3805.674674636821,0.3248441167668574,376,0,376,PO
query_path_6_102.graph,5,0.1,376,2872.5452500209376,3025.7548185250307,0.05333582421477134,376,0,376,UN
query_path_6_102.graph,5,0.1,376,2872.5452500209376,3486.5037625382,0.2137332780093847,376,0,376,WO
query_path_6_103.graph,1,0.1,279,1709.7493949898221,1922.3152769634357,0.1243257535850036,279,0,279,8_POSSA
query_path_6_103.graph,1,0.1,279,1709.7493949898221,2002.4201631921069,0.17117758255093693,279,0,279,MAB
query_path_6_103.graph,1,0.1,279,1709.7493949898221,2089.4077695509764,0.22205498400741605,279,0,279,PO
query_path_6_103.graph,1,0.1,279,1709.7493949898221,2107.8811894964288,0.23285973703121365,279,0,279,UN
query_path_6_103.graph,1,0.1,279,1709.7493949898221,3344.2986363262344,0.9560168561113265,279,0,279,WO
query_path_6_103.graph,2,0.1,279,1709.7493949898221,1942.376430352534,0.1360591417925881,279,0,279,8_POSSA
query_path_6_103.graph,2,0.1,279,1709.7493949898221,1921.608529044798,0.1239123901291025,279,0,279,MAB
query_path_6_103.graph,2,0.1,279,1709.7493949898221,1838.1663541338844,0.0751086442962752,279,0,279,PO
query_path_6_103.graph,2,0.1,279,1709.7493949898221,1682.3455604054113,0.016027983203102066,279,0,279,UN
query_path_6_103.graph,2,0.1,279,1709.7493949898221,1518.1464468370623,0.11206493110290026,279,0,279,WO
query_path_6_103.graph,3,0.1,279,1709.7493949898221,1740.0147651186564,0.01770164108115651,279,0,279,8_POSSA
query_path_6_103.graph,3,0.1,279,1709.7493949898221,2173.473678507086,0.27122354005571925,279,0,279,MAB
query_path_6_103.graph,3,0.1,279,1709.7493949898221,1600.4123187871915,0.06394918256618627,279,0,279,PO
query_path_6_103.graph,3,0.1,279,1709.7493949898221,1114.236278445096,0.34830432944722345,279,0,279,UN
query_path_6_103.graph,3,0.1,279,1709.7493949898221,2919.7106048975616,0.7076833677808917,279,0,279,WO
query_path_6_103.graph,4,0.1,279,1709.7493949898221,1801.8703112286294,0.053879777064846174,279,0,279,8_POSSA
query_path_6_103.graph,4,0.1,279,1709.7493949898221,1824.4174002275356,0.06706714187104368,279,0,279,MAB
query_path_6_103.graph,4,0.1,279,1709.7493949898221,1249.4978633077608,0.2691923933593795,279,0,279,PO
query_path_6_103.graph,4,0.1,279,1709.7493949898221,429.41727053657274,0.74884198128982,279,0,279,UN
query_path_6_103.graph,4,0.1,279,1709.7493949898221,1836.5909790263734,0.07418723726894859,279,0,279,WO
query_path_6_103.graph,5,0.1,279,1709.7493949898221,1728.1283478899052,0.010749501040292783,279,0,279,8_POSSA
query_path_6_103.graph,5,0.1,279,1709.7493949898221,2100.337154800333,0.22844737419125444,279,0,279,MAB
query_path_6_103.graph,5,0.1,279,1709.7493949898221,2064.612306286763,0.2075525877282463,279,0,279,PO
query_path_6_103.graph,5,0.1,279,1709.7493949898221,35.47578765724988,0.9792508845090359,279,0,279,UN
query_path_6_103.graph,5,0.1,279,1709.7493949898221,2083.0542937034616,0.2183389564620151,279,0,279,WO
query_path_6_104.graph,1,0.1,287,1440.986907367272,1525.6317366702406,0.0587408732655437,287,0,287,8_POSSA
query_path_6_104.graph,1,0.1,287,1440.986907367272,1516.5106315942267,0.05241111063593142,287,0,287,MAB
query_path_6_104.graph,1,0.1,287,1440.986907367272,1466.7943390751693,0.017909553220749524,287,0,287,PO
query_path_6_104.graph,1,0.1,287,1440.986907367272,510.7163323957109,0.645578783690127,287,0,287,UN
query_path_6_104.graph,1,0.1,287,1440.986907367272,1907.0653619833638,0.32344392043619036,287,0,287,WO
query_path_6_104.graph,2,0.1,287,1440.986907367272,1522.9715499762053,0.056894786614489046,287,0,287,8_POSSA
query_path_6_104.graph,2,0.1,287,1440.986907367272,1436.4034630116757,0.003180767522704459,287,0,287,MAB
query_path_6_104.graph,2,0.1,287,1440.986907367272,1597.0340677854613,0.10829186554046658,287,0,287,PO
query_path_6_104.graph,2,0.1,287,1440.986907367272,450.61152361794785,0.687289647592129,287,0,287,UN
query_path_6_104.graph,2,0.1,287,1440.986907367272,1163.487523231047,0.19257592329081258,287,0,287,WO
query_path_6_104.graph,3,0.1,287,1440.986907367272,1476.4424550398353,0.024605044980833164,287,0,287,8_POSSA
query_path_6_104.graph,3,0.1,287,1440.986907367272,1701.012698260398,0.180449794209582,287,0,287,MAB
query_path_6_104.graph,3,0.1,287,1440.986907367272,1423.0078847147724,0.012476881337768494,287,0,287,PO
query_path_6_104.graph,3,0.1,287,1440.986907367272,1066.581745129424,0.259825512864581,287,0,287,UN
query_path_6_104.graph,3,0.1,287,1440.986907367272,1035.961389881824,0.2810750850092331,287,0,287,WO
query_path_6_104.graph,4,0.1,287,1440.986907367272,1538.6368351430613,0.06776600625344947,287,0,287,8_POSSA
query_path_6_104.graph,4,0.1,287,1440.986907367272,1284.7279041059699,0.10843887787071718,287,0,287,MAB
query_path_6_104.graph,4,0.1,287,1440.986907367272,1343.631395278214,0.06756169094341695,287,0,287,PO
query_path_6_104.graph,4,0.1,287,1440.986907367272,2661.5350682016638,0.8470223806990527,287,0,287,UN
query_path_6_104.graph,4,0.1,287,1440.986907367272,1477.9553591147853,0.025654953253569767,287,0,287,WO
query_path_6_104.graph,5,0.1,287,1440.986907367272,1413.8514183807797,0.01883118357825303,287,0,287,8_POSSA
query_path_6_104.graph,5,0.1,287,1440.986907367272,1374.5336297895872,0.046116503375521256,287,0,287,MAB
query_path_6_104.graph,5,0.1,287,1440.986907367272,1325.8512222509587,0.07990057683915372,287,0,287,PO
query_path_6_104.graph,5,0.1,287,1440.986907367272,2430.4358493019304,0.6866467258487536,287,0,287,UN
query_path_6_104.graph,5,0.1,287,1440.986907367272,1460.5139234262535,0.013551140512898978,287,0,287,WO
query_path_6_105.graph,1,0.1,375,2872.5452500209376,2869.290438736857,0.0011330757223256055,375,0,375,8_POSSA
query_path_6_105.graph,1,0.1,375,2872.5452500209376,2907.0657102879595,0.012017377364819684,375,0,375,MAB
query_path_6_105.graph,1,0.1,375,2872.5452500209376,3179.602941815413,0.1068939442441289,375,0,375,PO
query_path_6_105.graph,1,0.1,375,2872.5452500209376,636.2220003196963,0.7785162826190262,375,0,375,UN
query_path_6_105.graph,1,0.1,375,2872.5452500209376,3248.3674976949374,0.13083248999167565,375,0,375,WO
query_path_6_105.graph,2,0.1,375,2872.5452500209376,2974.585122592398,0.0355224595924874,375,0,375,8_POSSA
query_path_6_105.graph,2,0.1,375,2872.5452500209376,2529.3691306179676,0.11946761131107288,375,0,375,MAB
query_path_6_105.graph,2,0.1,375,2872.5452500209376,3795.7778078819897,0.32139878661765997,375,0,375,PO
query_path_6_105.graph,2,0.1,375,2872.5452500209376,627.3733532071319,0.7815967030623594,375,0,375,UN
query_path_6_105.graph,2,0.1,375,2872.5452500209376,2915.4559901447556,0.01493822947558622,375,0,375,WO
query_path_6_105.graph,3,0.1,375,2872.5452500209376,2852.1022754560213,0.007116676252451482,375,0,375,8_POSSA
query_path_6_105.graph,3,0.1,375,2872.5452500209376,2647.9077214993094,0.07820156306327665,375,0,375,MAB
query_path_6_105.graph,3,0.1,375,2872.5452500209376,3286.449920409784,0.14408986956283099,375,0,375,PO
query_path_6_105.graph,3,0.1,375,2872.5452500209376,916.0725449128897,0.6810937808877988,375,0,375,UN
query_path_6_105.graph,3,0.1,375,2872.5452500209376,2580.0637548890186,0.10181963021462835,375,0,375,WO
query_path_6_105.graph,4,0.1,375,2872.5452500209376,2842.000257606481,0.010633424282605884,375,0,375,8_POSSA
query_path_6_105.graph,4,0.1,375,2872.5452500209376,2682.768941766258,0.06606555919468846,375,0,375,MAB
query_path_6_105.graph,4,0.1,375,2872.5452500209376,2526.807581397655,0.12035934633954412,375,0,375,PO
query_path_6_105.graph,4,0.1,375,2872.5452500209376,1117.2790230463736,0.6110491129641109,375,0,375,UN
query_path_6_105.graph,4,0.1,375,2872.5452500209376,2652.5803106368103,0.07657492580230861,375,0,375,WO
query_path_6_105.graph,5,0.1,375,2872.5452500209376,2953.636928664916,0.028229904696327184,375,0,375,8_POSSA
query_path_6_105.graph,5,0.1,375,2872.5452500209376,2857.7088166329004,0.005164908503331351,375,0,375,MAB
query_path_6_105.graph,5,0.1,375,2872.5452500209376,2481.969423817323,0.13596855478630593,375,0,375,PO
query_path_6_105.graph,5,0.1,375,2872.5452500209376,1586.262832017597,0.4477849106098381,375,0,375,UN
query_path_6_105.graph,5,0.1,375,2872.5452500209376,2352.375881697644,0.18108308940285692,375,0,375,WO
query_path_6_107.graph,1,0.1,278,1709.7493949898221,1523.3831990133797,0.10900205405690572,278,0,278,8_POSSA
query_path_6_107.graph,1,0.1,278,1709.7493949898221,1484.5108650120947,0.13173774509747277,278,0,278,MAB
query_path_6_107.graph,1,0.1,278,1709.7493949898221,1840.770487771005,0.07663175267973285,278,0,278,PO
query_path_6_107.graph,1,0.1,278,1709.7493949898221,666.6897721389037,0.6100657943833503,278,0,278,UN
query_path_6_107.graph,1,0.1,278,1709.7493949898221,1383.2428660613753,0.1909674773889249,278,0,278,WO
query_path_6_107.graph,2,0.1,278,1709.7493949898221,1557.8688062685396,0.08883207630682426,278,0,278,8_POSSA
query_path_6_107.graph,2,0.1,278,1709.7493949898221,1466.8717295778395,0.14205454093079442,278,0,278,MAB
query_path_6_107.graph,2,0.1,278,1709.7493949898221,1830.822026622948,0.07081308640196746,278,0,278,PO
query_path_6_107.graph,2,0.1,278,1709.7493949898221,902.6476562826441,0.4720585022999716,278,0,278,UN
query_path_6_107.graph,2,0.1,278,1709.7493949898221,962.0509236919396,0.43731465762696375,278,0,278,WO
query_path_6_107.graph,3,0.1,278,1709.7493949898221,1583.752272939048,0.07369332746658125,278,0,278,8_POSSA
query_path_6_107.graph,3,0.1,278,1709.7493949898221,1195.6831422732917,0.3006676032305838,278,0,278,MAB
query_path_6_107.graph,3,0.1,278,1709.7493949898221,1729.1422496770422,0.011342512969472637,278,0,278,PO
query_path_6_107.graph,3,0.1,278,1709.7493949898221,2014.9121049417254,0.17848388240179483,278,0,278,UN
query_path_6_107.graph,3,0.1,278,1709.7493949898221,1412.255175154137,0.1739987279465924,278,0,278,WO
query_path_6_107.graph,4,0.1,278,1709.7493949898221,1636.8546411177372,0.0426347592727289,278,0,278,8_POSSA
query_path_6_107.graph,4,0.1,278,1709.7493949898221,1495.3706212446345,0.12538607960522993,278,0,278,MAB
query_path_6_107.graph,4,0.1,278,1709.7493949898221,894.5691136082057,0.47678348872085374,278,0,278,PO
query_path_6_107.graph,4,0.1,278,1709.7493949898221,578.0233833782049,0.6619250838327416,278,0,278,UN
query_path_6_107.graph,4,0.1,278,1709.7493949898221,1899.8767349311183,0.11120187584124164,278,0,278,WO
query_path_6_107.graph,5,0.1,278,1709.7493949898221,1544.9086253339926,0.09641224037795947,278,0,278,8_POSSA
query_path_6_107.graph,5,0.1,278,1709.7493949898221,1784.380612131813,0.04365038371160537,278,0,278,MAB
query_path_6_107.graph,5,0.1,278,1709.7493949898221,1520.6949667701626,0.11057435012034901,278,0,278,PO
query_path_6_107.graph,5,0.1,278,1709.7493949898221,532.7142020114937,0.6884255648386032,278,0,278,UN
query_path_6_107.graph,5,0.1,278,1709.7493949898221,1731.1848086876132,0.012537167002722461,278,0,278,WO
query_path_6_110.graph,1,0.1,289,1440.986907367272,1462.7072112899014,0.015073213928302187,289,0,289,8_POSSA
query_path_6_110.graph,1,0.1,289,1440.986907367272,0.045743002138594786,0.9999682557822666,289,0,289,MAB
query_path_6_110.graph,1,0.1,289,1440.986907367272,1428.101601145566,0.00894200089940282,289,0,289,PO
query_path_6_110.graph,1,0.1,289,1440.986907367272,6669.770775637716,3.6286130300958774,289,0,289,UN
query_path_6_110.graph,1,0.1,289,1440.986907367272,1160.8480525649218,0.19440763366418962,289,0,289,WO
query_path_6_110.graph,2,0.1,289,1440.986907367272,1432.42791783928,0.005939671959705269,289,0,289,8_POSSA
query_path_6_110.graph,2,0.1,289,1440.986907367272,1249.4759871648153,0.13290260947086124,289,0,289,MAB
query_path_6_110.graph,2,0.1,289,1440.986907367272,1630.3749287356036,0.13142938384801117,289,0,289,PO
query_path_6_110.graph,2,0.1,289,1440.986907367272,1111.482153469542,0.22866602896465266,289,0,289,UN
query_path_6_110.graph,2,0.1,289,1440.986907367272,2370.2068433109675,0.6448496729518587,289,0,289,WO
query_path_6_110.graph,3,0.1,289,1440.986907367272,1493.7083413412333,0.036587031918482275,289,0,289,8_POSSA
query_path_6_110.graph,3,0.1,289,1440.986907367272,1865.7111507961754,0.29474538682998025,289,0,289,MAB
query_path_6_110.graph,3,0.1,289,1440.986907367272,1579.431431695699,0.09607618474575154,289,0,289,PO
query_path_6_110.graph,3,0.1,289,1440.986907367272,581.7846951832664,0.5962595550252394,289,0,289,UN
query_path_6_110.graph,3,0.1,289,1440.986907367272,1406.3675554190634,0.024024751211278644,289,0,289,WO
query_path_6_110.graph,4,0.1,289,1440.986907367272,1474.9780485742626,0.0235887925373962,289,0,289,8_POSSA
query_path_6_110.graph,4,0.1,289,1440.986907367272,1408.101493312147,0.02282145235809773,289,0,289,MAB
query_path_6_110.graph,4,0.1,289,1440.986907367272,1442.5835288614574,0.0011080055523214527,289,0,289,PO
query_path_6_110.graph,4,0.1,289,1440.986907367272,563.4201577915635,0.6090039715760154,289,0,289,UN
query_path_6_110.graph,4,0.1,289,1440.986907367272,1785.864472322369,0.23933428068767065,289,0,289,WO
query_path_6_110.graph,5,0.1,289,1440.986907367272,1510.491304517963,0.04823388525970569,289,0,289,8_POSSA
query_path_6_110.graph,5,0.1,289,1440.986907367272,1371.571668771686,0.048172012001420364,289,0,289,MAB
query_path_6_110.graph,5,0.1,289,1440.986907367272,1608.653846540828,0.11635562982309731,289,0,289,PO
query_path_6_110.graph,5,0.1,289,1440.986907367272,2500.249434681437,0.7350951781022569,289,0,289,UN
query_path_6_110.graph,5,0.1,289,1440.986907367272,1161.2415674430888,0.19413454660409551,289,0,289,WO
query_path_6_113.graph,1,0.1,417,2936.26155161499,2977.4872878344822,0.014040212526986064,417,0,417,8_POSSA
query_path_6_113.graph,1,0.1,417,2936.26155161499,2967.459955348161,0.010625212769622541,417,0,417,MAB
query_path_6_113.graph,1,0.1,417,2936.26155161499,2715.4416803043828,0.07520442829391433,417,0,417,PO
query_path_6_113.graph,1,0.1,417,2936.26155161499,4779.621290521667,0.6277913961352661,417,0,417,UN
query_path_6_113.graph,1,0.1,417,2936.26155161499,3630.8871895397187,0.23656803922752517,417,0,417,WO
query_path_6_113.graph,2,0.1,417,2936.26155161499,2780.64024805195,0.052999809733382135,417,0,417,8_POSSA
query_path_6_113.graph,2,0.1,417,2936.26155161499,2846.472317595721,0.03057944002634349,417,0,417,MAB
query_path_6_113.graph,2,0.1,417,2936.26155161499,3834.7776378309777,0.3060068288949906,417,0,417,PO
query_path_6_113.graph,2,0.1,417,2936.26155161499,3569.3326188273068,0.2156044535147483,417,0,417,UN
query_path_6_113.graph,2,0.1,417,2936.26155161499,2831.1447493928986,0.035799536374501596,417,0,417,WO
query_path_6_113.graph,3,0.1,417,2936.26155161499,3075.4919044447333,0.04741755813720496,417,0,417,8_POSSA
query_path_6_113.graph,3,0.1,417,2936.26155161499,3272.0505714785363,0.11435936954555603,417,0,417,MAB
query_path_6_113.graph,3,0.1,417,2936.26155161499,3202.847627121328,0.09079098398428152,417,0,417,PO
query_path_6_113.graph,3,0.1,417,2936.26155161499,910.5279745186344,0.6899022929282884,417,0,417,UN
query_path_6_113.graph,3,0.1,417,2936.26155161499,2201.057690224418,0.25038772890861793,417,0,417,WO
query_path_6_113.graph,4,0.1,417,2936.26155161499,3039.1673285022644,0.035046529431506074,417,0,417,8_POSSA
query_path_6_113.graph,4,0.1,417,2936.26155161499,3440.8105082158827,0.17183379196018247,417,0,417,MAB
query_path_6_113.graph,4,0.1,417,2936.26155161499,3342.654213153597,0.13840478935368847,417,0,417,PO
query_path_6_113.graph,4,0.1,417,2936.26155161499,8799.912036021145,1.9969782600535213,417,0,417,UN
query_path_6_113.graph,4,0.1,417,2936.26155161499,2899.815654339004,0.012412347004966216,417,0,417,WO
query_path_6_113.graph,5,0.1,417,2936.26155161499,3045.515616085278,0.037208560119651686,417,0,417,8_POSSA
query_path_6_113.graph,5,0.1,417,2936.26155161499,2903.0345367733516,0.011316095060865027,417,0,417,MAB
query_path_6_113.graph,5,0.1,417,2936.26155161499,3246.994208931875,0.10582594631121243,417,0,417,PO
query_path_6_113.graph,5,0.1,417,2936.26155161499,1054.2154359710735,0.6409667812490211,417,0,417,UN
query_path_6_113.graph,5,0.1,417,2936.26155161499,2791.5890518645565,0.049270985301313255,417,0,417,WO
query_path_6_114.graph,1,0.1,586,281.45127146247205,263.2518580702493,0.06466275066961076,586,0,586,8_POSSA
query_path_6_114.graph,1,0.1,586,281.45127146247205,277.29765349575183,0.014757858243586053,586,0,586,MAB
query_path_6_114.graph,1,0.1,586,281.45127146247205,248.4710512440145,0.11717914808871295,586,0,586,PO
query_path_6_114.graph,1,0.1,586,281.45127146247205,196.52434421887372,0.3017464685886923,586,0,586,UN
query_path_6_114.graph,1,0.1,586,281.45127146247205,178.56732920344683,0.3655479746970817,586,0,586,WO
query_path_6_114.graph,2,0.1,586,281.45127146247205,264.2831392215076,0.060998595429168606,586,0,586,8_POSSA
query_path_6_114.graph,2,0.1,586,281.45127146247205,256.697326383755,0.08795108634646073,586,0,586,MAB
query_path_6_114.graph,2,0.1,586,281.45127146247205,344.8239299389664,0.22516387347336705,586,0,586,PO
query_path_6_114.graph,2,0.1,586,281.45127146247205,128.13864384919495,0.5447217446083537,586,0,586,UN
query_path_6_114.graph,2,0.1,586,281.45127146247205,334.0931481365186,0.1870372672346079,586,0,586,WO
query_path_6_114.graph,3,0.1,586,281.45127146247205,270.1511290779896,0.040149551735065396,586,0,586,8_POSSA
query_path_6_114.graph,3,0.1,586,281.45127146247205,273.02678458372895,0.029932310609108028,586,0,586,MAB
query_path_6_114.graph,3,0.1,586,281.45127146247205,247.37642481297064,0.1210683699257861,586,0,586,PO
query_path_6_114.graph,3,0.1,586,281.45127146247205,235.5999954026529,0.16291017561074633,586,0,586,UN
query_path_6_114.graph,3,0.1,586,281.45127146247205,226.2707951704995,0.19605694444102081,586,0,586,WO
query_path_6_114.graph,4,0.1,586,281.45127146247205,257.9321038792528,0.08356390596855143,586,0,586,8_POSSA
query_path_6_114.graph,4,0.1,586,281.45127146247205,272.52611759823805,0.03171118687031428,586,0,586,MAB
query_path_6_114.graph,4,0.1,586,281.45127146247205,248.56825094434973,0.1168337962989336,586,0,586,PO
query_path_6_114.graph,4,0.1,586,281.45127146247205,382.8166873845865,0.3601526310234851,586,0,586,UN
query_path_6_114.graph,4,0.1,586,281.45127146247205,163.62973878349138,0.4186214262481691,586,0,586,WO
query_path_6_114.graph,5,0.1,586,281.45127146247205,256.030769285973,0.09031937231766439,586,0,586,8_POSSA
query_path_6_114.graph,5,0.1,586,281.45127146247205,255.19768882838954,0.09327931793544264,586,0,586,MAB
query_path_6_114.graph,5,0.1,586,281.45127146247205,243.48057935047606,0.13491035913496982,586,0,586,PO
query_path_6_114.graph,5,0.1,586,281.45127146247205,315.5597032489342,0.12118769835086747,586,0,586,UN
query_path_6_114.graph,5,0.1,586,281.45127146247205,305.8067101601935,0.08653518803154156,586,0,586,WO
query_path_6_115.graph,1,0.1,347,1734.8857739363905,1645.0328279272892,0.05179185129014479,347,0,347,8_POSSA
query_path_6_115.graph,1,0.1,347,1734.8857739363905,1680.0486158616995,0.031608512155971796,347,0,347,MAB
query_path_6_115.graph,1,0.1,347,1734.8857739363905,1691.4716853320456,0.02502417695537382,347,0,347,PO
query_path_6_115.graph,1,0.1,347,1734.8857739363905,2399.756351893647,0.38323593861092675,347,0,347,UN
query_path_6_115.graph,1,0.1,347,1734.8857739363905,2580.6648845631307,0.4875128514701572,347,0,347,WO
query_path_6_115.graph,2,0.1,347,1734.8857739363905,1730.201996933448,0.0026997610294048884,347,0,347,8_POSSA
query_path_6_115.graph,2,0.1,347,1734.8857739363905,1786.6407245725045,0.029831906753540312,347,0,347,MAB
query_path_6_115.graph,2,0.1,347,1734.8857739363905,1926.2200789551885,0.11028639919311094,347,0,347,PO
query_path_6_115.graph,2,0.1,347,1734.8857739363905,3616.677943949069,1.0846778492758995,347,0,347,UN
query_path_6_115.graph,2,0.1,347,1734.8857739363905,1471.8661570486074,0.15160630217803991,347,0,347,WO
query_path_6_115.graph,3,0.1,347,1734.8857739363905,1662.0139096356133,0.04200383990436075,347,0,347,8_POSSA
query_path_6_115.graph,3,0.1,347,1734.8857739363905,1660.0444462981943,0.0431390520128504,347,0,347,MAB
query_path_6_115.graph,3,0.1,347,1734.8857739363905,1688.042173155923,0.02700097117874291,347,0,347,PO
query_path_6_115.graph,3,0.1,347,1734.8857739363905,1942.1787160322035,0.11948506651563183,347,0,347,UN
query_path_6_115.graph,3,0.1,347,1734.8857739363905,1615.6444750814308,0.06873149843427773,347,0,347,WO
query_path_6_115.graph,4,0.1,347,1734.8857739363905,1714.3888614164719,0.01181456025972932,347,0,347,8_POSSA
query_path_6_115.graph,4,0.1,347,1734.8857739363905,1754.6188792337796,0.011374296563983824,347,0,347,MAB
query_path_6_115.graph,4,0.1,347,1734.8857739363905,1635.1852234303808,0.05746807772813358,347,0,347,PO
query_path_6_115.graph,4,0.1,347,1734.8857739363905,1098.979543898074,0.36654069080033386,347,0,347,UN
query_path_6_115.graph,4,0.1,347,1734.8857739363905,2250.0120691043767,0.29692231206621983,347,0,347,WO
query_path_6_115.graph,5,0.1,347,1734.8857739363905,1685.213984844282,0.028631158222829255,347,0,347,8_POSSA
query_path_6_115.graph,5,0.1,347,1734.8857739363905,1610.5129552237272,0.07168934150083324,347,0,347,MAB
query_path_6_115.graph,5,0.1,347,1734.8857739363905,1602.293124746885,0.07642730788474777,347,0,347,PO
query_path_6_115.graph,5,0.1,347,1734.8857739363905,1170.6211381629105,0.3252459869407914,347,0,347,UN
query_path_6_115.graph,5,0.1,347,1734.8857739363905,2145.049135018275,0.2364209605288534,347,0,347,WO
query_path_6_116.graph,1,0.1,559,3179.014672838812,3316.809473175257,0.043345128763874585,559,0,559,8_POSSA
query_path_6_116.graph,1,0.1,559,3179.014672838812,3250.2903725482925,0.022420689126870914,559,0,559,MAB
query_path_6_116.graph,1,0.1,559,3179.014672838812,3218.576391104796,0.012444647897977744,559,0,559,PO
query_path_6_116.graph,1,0.1,559,3179.014672838812,5414.622932159471,0.7032393648325928,559,0,559,UN
query_path_6_116.graph,1,0.1,559,3179.014672838812,3660.993239502759,0.15161256435269838,559,0,559,WO
query_path_6_116.graph,2,0.1,559,3179.014672838812,3268.167808953521,0.028044266947373542,559,0,559,8_POSSA
query_path_6_116.graph,2,0.1,559,3179.014672838812,2977.4489592381465,0.06340509067882678,559,0,559,MAB
query_path_6_116.graph,2,0.1,559,3179.014672838812,2076.1992138756436,0.3469048030465273,559,0,559,PO
query_path_6_116.graph,2,0.1,559,3179.014672838812,2059.8796048570534,0.3520383462031611,559,0,559,UN
query_path_6_116.graph,2,0.1,559,3179.014672838812,2432.3796640334735,0.23486365608328724,559,0,559,WO
query_path_6_116.graph,3,0.1,559,3179.014672838812,3342.793887491053,0.05151886087584121,559,0,559,8_POSSA
query_path_6_116.graph,3,0.1,559,3179.014672838812,3197.0658199871395,0.00567822077153483,559,0,559,MAB
query_path_6_116.graph,3,0.1,559,3179.014672838812,2648.127736455625,0.1669973218176792,559,0,559,PO
query_path_6_116.graph,3,0.1,559,3179.014672838812,533.5688405359971,0.8321590506974514,559,0,559,UN
query_path_6_116.graph,3,0.1,559,3179.014672838812,3193.232806514811,0.004472497027924076,559,0,559,WO
query_path_6_116.graph,4,0.1,559,3179.014672838812,3312.6298290638824,0.04203036788935419,559,0,559,8_POSSA
query_path_6_116.graph,4,0.1,559,3179.014672838812,3264.3383247330944,0.02683965337539303,559,0,559,MAB
query_path_6_116.graph,4,0.1,559,3179.014672838812,3217.088815076422,0.01197671170344437,559,0,559,PO
query_path_6_116.graph,4,0.1,559,3179.014672838812,335.11115991145965,0.894586469582976,559,0,559,UN
query_path_6_116.graph,4,0.1,559,3179.014672838812,3076.4852094436496,0.03225196293403871,559,0,559,WO
query_path_6_116.graph,5,0.1,559,3179.014672838812,3171.779025912105,0.002276065910776578,559,0,559,8_POSSA
query_path_6_116.graph,5,0.1,559,3179.014672838812,2991.8759360922913,0.05886689934004261,559,0,559,MAB
query_path_6_116.graph,5,0.1,559,3179.014672838812,3109.961308926915,0.021721624785781032,559,0,559,PO
query_path_6_116.graph,5,0.1,559,3179.014672838812,346.82368863537437,0.8909021428562122,559,0,559,UN
query_path_6_116.graph,5,0.1,559,3179.014672838812,2722.14194395557,0.14371519980285652,559,0,559,WO
query_path_6_117.graph,1,0.1,585,281.45127146247205,228.44826617910638,0.18832036184435197,585,0,585,8_POSSA
query_path_6_117.graph,1,0.1,585,281.45127146247205,258.747850130936,0.0806655490080572,585,0,585,MAB
query_path_6_117.graph,1,0.1,585,281.45127146247205,220.32908882157273,0.21716790378418735,585,0,585,PO
query_path_6_117.graph,1,0.1,585,281.45127146247205,120.29723695907938,0.5725823644924642,585,0,585,UN
query_path_6_117.graph,1,0.1,585,281.45127146247205,201.89580604842413,0.28266159538261537,585,0,585,WO
query_path_6_117.graph,2,0.1,585,281.45127146247205,242.7647591141056,0.13745367767338298,585,0,585,8_POSSA
query_path_6_117.graph,2,0.1,585,281.45127146247205,216.32669337636918,0.23138846645710182,585,0,585,MAB
query_path_6_117.graph,2,0.1,585,281.45127146247205,226.71649701329835,0.19447336004119592,585,0,585,PO
query_path_6_117.graph,2,0.1,585,281.45127146247205,134.49158119773264,0.5221496762160999,585,0,585,UN
query_path_6_117.graph,2,0.1,585,281.45127146247205,237.71609771197677,0.15539163679467266,585,0,585,WO
query_path_6_117.graph,3,0.1,585,281.45127146247205,238.18657143495682,0.15372003758485073,585,0,585,8_POSSA
query_path_6_117.graph,3,0.1,585,281.45127146247205,235.84812403094693,0.1620285713919957,585,0,585,MAB
query_path_6_117.graph,3,0.1,585,281.45127146247205,218.04028265917495,0.22530006161919985,585,0,585,PO
query_path_6_117.graph,3,0.1,585,281.45127146247205,275.2512416515996,0.022028785937458866,585,0,585,UN
query_path_6_117.graph,3,0.1,585,281.45127146247205,249.10566585981894,0.11492435416823471,585,0,585,WO
query_path_6_117.graph,4,0.1,585,281.45127146247205,231.5917199782186,0.17715162992575637,585,0,585,8_POSSA
query_path_6_117.graph,4,0.1,585,281.45127146247205,231.63677525745567,0.17699154793713026,585,0,585,MAB
query_path_6_117.graph,4,0.1,585,281.45127146247205,229.2067626480528,0.18562541410080427,585,0,585,PO
query_path_6_117.graph,4,0.1,585,281.45127146247205,328.83022525986064,0.16833803432899386,585,0,585,UN
query_path_6_117.graph,4,0.1,585,281.45127146247205,253.19005004185107,0.10041248445519728,585,0,585,WO
query_path_6_117.graph,5,0.1,585,281.45127146247205,237.46486858534635,0.1562842571240284,585,0,585,8_POSSA
query_path_6_117.graph,5,0.1,585,281.45127146247205,251.2120227802955,0.10744044084451243,585,0,585,MAB
query_path_6_117.graph,5,0.1,585,281.45127146247205,229.34278595885732,0.1851421215219585,585,0,585,PO
query_path_6_117.graph,5,0.1,585,281.45127146247205,125.18993728023722,0.5551985371047446,585,0,585,UN
query_path_6_117.graph,5,0.1,585,281.45127146247205,203.79399100837944,0.2759173197213544,585,0,585,WO
query_path_6_118.graph,1,0.1,600,2471.0802903756594,2355.07044367068,0.04694701631380144,600,0,600,8_POSSA
query_path_6_118.graph,1,0.1,600,2471.0802903756594,2178.9902458319575,0.11820338079718877,600,0,600,MAB
query_path_6_118.graph,1,0.1,600,2471.0802903756594,2530.918282529484,0.024215316834050628,600,0,600,PO
query_path_6_118.graph,1,0.1,600,2471.0802903756594,1321.0605831218531,0.46539147745740694,600,0,600,UN
query_path_6_118.graph,1,0.1,600,2471.0802903756594,2680.503767099231,0.0847497661404335,600,0,600,WO
query_path_6_118.graph,2,0.1,600,2471.0802903756594,2341.7100847154384,0.05235370382908677,600,0,600,8_POSSA
query_path_6_118.graph,2,0.1,600,2471.0802903756594,0.5621672438737637,0.9997725014253631,600,0,600,MAB
query_path_6_118.graph,2,0.1,600,2471.0802903756594,2485.7012381926074,0.005916824262608374,600,0,600,PO
query_path_6_118.graph,2,0.1,600,2471.0802903756594,848.3017478840717,0.656708140488988,600,0,600,UN
query_path_6_118.graph,2,0.1,600,2471.0802903756594,2044.5876421363973,0.17259360203727966,600,0,600,WO
query_path_6_118.graph,3,0.1,600,2471.0802903756594,2274.1237010737136,0.07970464985255658,600,0,600,8_POSSA
query_path_6_118.graph,3,0.1,600,2471.0802903756594,2426.6633074324404,0.017974722681498374,600,0,600,MAB
query_path_6_118.graph,3,0.1,600,2471.0802903756594,2342.9179076302084,0.05186492047410058,600,0,600,PO
query_path_6_118.graph,3,0.1,600,2471.0802903756594,3083.822480060127,0.24796530977604014,600,0,600,UN
query_path_6_118.graph,3,0.1,600,2471.0802903756594,2684.1822036903195,0.08623836066543344,600,0,600,WO
query_path_6_118.graph,4,0.1,600,2471.0802903756594,2368.549410842341,0.04149233027055205,600,0,600,8_POSSA
query_path_6_118.graph,4,0.1,600,2471.0802903756594,1943.9797420008592,0.21330773849305767,600,0,600,MAB
query_path_6_118.graph,4,0.1,600,2471.0802903756594,2348.5495635122984,0.049585894614834064,600,0,600,PO
query_path_6_118.graph,4,0.1,600,2471.0802903756594,742.6516989608489,0.6994627403029671,600,0,600,UN
query_path_6_118.graph,4,0.1,600,2471.0802903756594,2790.903993042185,0.1294266737961417,600,0,600,WO
query_path_6_118.graph,5,0.1,600,2471.0802903756594,2434.9582610577095,0.014617910012328476,600,0,600,8_POSSA
query_path_6_118.graph,5,0.1,600,2471.0802903756594,2214.210909883054,0.10395023645854734,600,0,600,MAB
query_path_6_118.graph,5,0.1,600,2471.0802903756594,2417.4208153126447,0.021714986466448358,600,0,600,PO
query_path_6_118.graph,5,0.1,600,2471.0802903756594,3363.7936081089338,0.36126439161455254,600,0,600,UN
query_path_6_118.graph,5,0.1,600,2471.0802903756594,2402.8798343993294,0.02759944961803001,600,0,600,WO
query_path_6_119.graph,1,0.1,412,1990.2806816762702,2018.1426766381717,0.013999027985557957,412,0,412,8_POSSA
query_path_6_119.graph,1,0.1,412,1990.2806816762702,2066.3580999757646,0.0382244670311626,412,0,412,MAB
query_path_6_119.graph,1,0.1,412,1990.2806816762702,1865.9054746107881,0.062491289902251265,412,0,412,PO
query_path_6_119.graph,1,0.1,412,1990.2806816762702,3080.734282819133,0.5478893561004935,412,0,412,UN
query_path_6_119.graph,1,0.1,412,1990.2806816762702,2333.6673751803837,0.1725317924579882,412,0,412,WO
query_path_6_119.graph,2,0.1,412,1990.2806816762702,2071.789080965345,0.040953218327188956,412,0,412,8_POSSA
query_path_6_119.graph,2,0.1,412,1990.2806816762702,1997.8459337969252,0.003801098101541821,412,0,412,MAB
query_path_6_119.graph,2,0.1,412,1990.2806816762702,1986.485600065276,0.0019068072387648752,412,0,412,PO
query_path_6_119.graph,2,0.1,412,1990.2806816762702,587.3064245410645,0.7049127643411489,412,0,412,UN
query_path_6_119.graph,2,0.1,412,1990.2806816762702,2148.597204533519,0.07954482215237602,412,0,412,WO
query_path_6_119.graph,3,0.1,412,1990.2806816762702,1933.013769991666,0.028773284196464344,412,0,412,8_POSSA
query_path_6_119.graph,3,0.1,412,1990.2806816762702,1695.3508720612276,0.14818503356352955,412,0,412,MAB
query_path_6_119.graph,3,0.1,412,1990.2806816762702,2212.3716691637487,0.11158777228366969,412,0,412,PO
query_path_6_119.graph,3,0.1,412,1990.2806816762702,915.0509390282801,0.540240254827978,412,0,412,UN
query_path_6_119.graph,3,0.1,412,1990.2806816762702,2572.008162998981,0.29228414196974645,412,0,412,WO
query_path_6_119.graph,4,0.1,412,1990.2806816762702,1950.1334986545105,0.020171618702517182,412,0,412,8_POSSA
query_path_6_119.graph,4,0.1,412,1990.2806816762702,1964.7301192894063,0.012837667883780357,412,0,412,MAB
query_path_6_119.graph,4,0.1,412,1990.2806816762702,2376.0669293242245,0.19383509632572743,412,0,412,PO
query_path_6_119.graph,4,0.1,412,1990.2806816762702,6431.4342665066715,2.231420736641998,412,0,412,UN
query_path_6_119.graph,4,0.1,412,1990.2806816762702,2385.986740788102,0.1988192232155703,412,0,412,WO
query_path_6_119.graph,5,0.1,412,1990.2806816762702,2018.7630783387353,0.014310743667810944,412,0,412,8_POSSA
query_path_6_119.graph,5,0.1,412,1990.2806816762702,1670.7191317603108,0.16056104692068643,412,0,412,MAB
query_path_6_119.graph,5,0.1,412,1990.2806816762702,2037.3713962374927,0.023660338461186987,412,0,412,PO
query_path_6_119.graph,5,0.1,412,1990.2806816762702,1250.0230492964947,0.37193629983702087,412,0,412,UN
query_path_6_119.graph,5,0.1,412,1990.2806816762702,2252.061549042439,0.1315296228196766,412,0,412,WO
query_path_6_120.graph,1,0.1,380,2872.5452500209376,2751.4964008432926,0.04213992770932424,380,0,380,8_POSSA
query_path_6_120.graph,1,0.1,380,2872.5452500209376,2924.8250648070257,0.01819982288728333,380,0,380,MAB
query_path_6_120.graph,1,0.1,380,2872.5452500209376,3284.277630237966,0.14333364468811327,380,0,380,PO
query_path_6_120.graph,1,0.1,380,2872.5452500209376,25410.75830190058,7.846077638538631,380,0,380,UN
query_path_6_120.graph,1,0.1,380,2872.5452500209376,2486.656373118699,0.13433691841736037,380,0,380,WO
query_path_6_120.graph,2,0.1,380,2872.5452500209376,2825.640853195078,0.016328514520534663,380,0,380,8_POSSA
query_path_6_120.graph,2,0.1,380,2872.5452500209376,3105.41553824054,0.08106757873279985,380,0,380,MAB
query_path_6_120.graph,2,0.1,380,2872.5452500209376,3305.6449337182717,0.1507721013948091,380,0,380,PO
query_path_6_120.graph,2,0.1,380,2872.5452500209376,14030.546334970082,3.884360423867236,380,0,380,UN
query_path_6_120.graph,2,0.1,380,2872.5452500209376,3802.01748770496,0.3235709646966388,380,0,380,WO
query_path_6_120.graph,3,0.1,380,2872.5452500209376,2862.2339063005998,0.0035896192480388907,380,0,380,8_POSSA
query_path_6_120.graph,3,0.1,380,2872.5452500209376,3194.71464837623,0.11215468175930181,380,0,380,MAB
query_path_6_120.graph,3,0.1,380,2872.5452500209376,2440.4527342527845,0.1504214827477491,380,0,380,PO
query_path_6_120.graph,3,0.1,380,2872.5452500209376,188.2886375853332,0.9344523336633389,380,0,380,UN
query_path_6_120.graph,3,0.1,380,2872.5452500209376,2284.7154404979206,0.20463726707829316,380,0,380,WO
query_path_6_120.graph,4,0.1,380,2872.5452500209376,2871.0612048312782,0.0005166307439886414,380,0,380,8_POSSA
query_path_6_120.graph,4,0.1,380,2872.5452500209376,2786.1562170983134,0.0300740372747808,380,0,380,MAB
query_path_6_120.graph,4,0.1,380,2872.5452500209376,3318.614221800905,0.15528701306853773,380,0,380,PO
query_path_6_120.graph,4,0.1,380,2872.5452500209376,10546.060149054802,2.6713295113377007,380,0,380,UN
query_path_6_120.graph,4,0.1,380,2872.5452500209376,4411.297217043824,0.535675449154951,380,0,380,WO
query_path_6_120.graph,5,0.1,380,2872.5452500209376,2927.7946973360563,0.019233621233544006,380,0,380,8_POSSA
query_path_6_120.graph,5,0.1,380,2872.5452500209376,2887.158652443885,0.005087266222469693,380,0,380,MAB
query_path_6_120.graph,5,0.1,380,2872.5452500209376,2708.781120523718,0.05701011306820175,380,0,380,PO
query_path_6_120.graph,5,0.1,380,2872.5452500209376,669.1803146743872,0.7670427246813571,380,0,380,UN
query_path_6_120.graph,5,0.1,380,2872.5452500209376,2700.0970772301866,0.06003323108295475,380,0,380,WO
query_path_6_122.graph,1,0.1,412,2936.26155161499,2789.0582560589883,0.05013289619074892,412,0,412,8_POSSA
query_path_6_122.graph,1,0.1,412,2936.26155161499,2828.3302980253784,0.03675805158782522,412,0,412,MAB
query_path_6_122.graph,1,0.1,412,2936.26155161499,2092.0579845842362,0.28750966226643826,412,0,412,PO
query_path_6_122.graph,1,0.1,412,2936.26155161499,12165.455619013803,3.1431784618514698,412,0,412,UN
query_path_6_122.graph,1,0.1,412,2936.26155161499,2544.246417547422,0.13350824753740126,412,0,412,WO
query_path_6_122.graph,2,0.1,412,2936.26155161499,2940.260381437804,0.001361877936457888,412,0,412,8_POSSA
query_path_6_122.graph,2,0.1,412,2936.26155161499,2839.2188084708378,0.0330497612144862,412,0,412,MAB
query_path_6_122.graph,2,0.1,412,2936.26155161499,3263.9415237251606,0.11159767832328885,412,0,412,PO
query_path_6_122.graph,2,0.1,412,2936.26155161499,3512.689387790711,0.19631351841210354,412,0,412,UN
query_path_6_122.graph,2,0.1,412,2936.26155161499,1780.84307067125,0.3934998502801093,412,0,412,WO
query_path_6_122.graph,3,0.1,412,2936.26155161499,2960.631374030128,0.008299608868881002,412,0,412,8_POSSA
query_path_6_122.graph,3,0.1,412,2936.26155161499,3007.424734171541,0.024235982151320987,412,0,412,MAB
query_path_6_122.graph,3,0.1,412,2936.26155161499,2851.985822697331,0.02870171046966367,412,0,412,PO
query_path_6_122.graph,3,0.1,412,2936.26155161499,221.40577088023767,0.9245960324077871,412,0,412,UN
query_path_6_122.graph,3,0.1,412,2936.26155161499,3128.761842759095,0.06555965392055316,412,0,412,WO
query_path_6_122.graph,4,0.1,412,2936.26155161499,2906.377955977198,0.010177429739307657,412,0,412,8_POSSA
query_path_6_122.graph,4,0.1,412,2936.26155161499,2924.395069006247,0.004041357488135261,412,0,412,MAB
query_path_6_122.graph,4,0.1,412,2936.26155161499,2967.4605461068018,0.01062541396377033,412,0,412,PO
query_path_6_122.graph,4,0.1,412,2936.26155161499,1898.5548931609133,0.35341083899127507,412,0,412,UN
query_path_6_122.graph,4,0.1,412,2936.26155161499,2429.0816515971137,0.17272981003307397,412,0,412,WO
query_path_6_122.graph,5,0.1,412,2936.26155161499,2773.623561486922,0.055389476471745,412,0,412,8_POSSA
query_path_6_122.graph,5,0.1,412,2936.26155161499,3096.980765185237,0.05473600043628574,412,0,412,MAB
query_path_6_122.graph,5,0.1,412,2936.26155161499,2978.7418039422423,0.014467461968395696,412,0,412,PO
query_path_6_122.graph,5,0.1,412,2936.26155161499,479.31328115738967,0.8367606997088662,412,0,412,UN
query_path_6_122.graph,5,0.1,412,2936.26155161499,2139.289386997628,0.27142410531480576,412,0,412,WO
query_path_6_123.graph,1,0.1,409,1990.2806816762702,1798.5476355835392,0.0963346767407942,409,0,409,8_POSSA
query_path_6_123.graph,1,0.1,409,1990.2806816762702,1881.9365475436684,0.054436610438961454,409,0,409,MAB
query_path_6_123.graph,1,0.1,409,1990.2806816762702,1400.270666768376,0.2964456321863965,409,0,409,PO
query_path_6_123.graph,1,0.1,409,1990.2806816762702,3747.8304976550558,0.8830663092697698,409,0,409,UN
query_path_6_123.graph,1,0.1,409,1990.2806816762702,1512.508358185402,0.24005273622435758,409,0,409,WO
query_path_6_123.graph,2,0.1,409,1990.2806816762702,1800.599720222812,0.09530362385555767,409,0,409,8_POSSA
query_path_6_123.graph,2,0.1,409,1990.2806816762702,1637.3849788277419,0.17730951523445915,409,0,409,MAB
query_path_6_123.graph,2,0.1,409,1990.2806816762702,1948.661467767224,0.020911228397189383,409,0,409,PO
query_path_6_123.graph,2,0.1,409,1990.2806816762702,1546.4351536482477,0.22300649959291338,409,0,409,UN
query_path_6_123.graph,2,0.1,409,1990.2806816762702,1870.590452702237,0.060137361567126714,409,0,409,WO
query_path_6_123.graph,3,0.1,409,1990.2806816762702,1788.8105457703255,0.10122699665469342,409,0,409,8_POSSA
query_path_6_123.graph,3,0.1,409,1990.2806816762702,1789.047134638382,0.1011081245427171,409,0,409,MAB
query_path_6_123.graph,3,0.1,409,1990.2806816762702,1738.6192290855397,0.12644520690356809,409,0,409,PO
query_path_6_123.graph,3,0.1,409,1990.2806816762702,779.5666092729894,0.6083132311687734,409,0,409,UN
query_path_6_123.graph,3,0.1,409,1990.2806816762702,1396.7664727105694,0.2982062853897705,409,0,409,WO
query_path_6_123.graph,4,0.1,409,1990.2806816762702,1741.2537974505433,0.1251214899076393,409,0,409,8_POSSA
query_path_6_123.graph,4,0.1,409,1990.2806816762702,1857.337089067671,0.06679640406127559,409,0,409,MAB
query_path_6_123.graph,4,0.1,409,1990.2806816762702,1353.9932908888018,0.3196973153814513,409,0,409,PO
query_path_6_123.graph,4,0.1,409,1990.2806816762702,4252.618100769679,1.1366926483896755,409,0,409,UN
query_path_6_123.graph,4,0.1,409,1990.2806816762702,1976.9757225341602,0.006684966228433748,409,0,409,WO
query_path_6_123.graph,5,0.1,409,1990.2806816762702,1819.7073655561685,0.08570314613938777,409,0,409,8_POSSA
query_path_6_123.graph,5,0.1,409,1990.2806816762702,1755.319008234184,0.11805454155551316,409,0,409,MAB
query_path_6_123.graph,5,0.1,409,1990.2806816762702,1819.9734084363095,0.08556947510364377,409,0,409,PO
query_path_6_123.graph,5,0.1,409,1990.2806816762702,433.1218435322775,0.7823815266259379,409,0,409,UN
query_path_6_123.graph,5,0.1,409,1990.2806816762702,1790.639852294787,0.10030787678315807,409,0,409,WO
query_path_6_124.graph,1,0.1,379,2872.5452500209376,2679.593047006508,0.06717116223426699,379,0,379,8_POSSA
query_path_6_124.graph,1,0.1,379,2872.5452500209376,2795.418703607698,0.026849549685136424,379,0,379,MAB
query_path_6_124.graph,1,0.1,379,2872.5452500209376,2719.2416841140575,0.05336854690305145,379,0,379,PO
query_path_6_124.graph,1,0.1,379,2872.5452500209376,2294.5721875854315,0.20120590352103013,379,0,379,UN
query_path_6_124.graph,1,0.1,379,2872.5452500209376,2981.130244859196,0.037800969310219534,379,0,379,WO
query_path_6_124.graph,2,0.1,379,2872.5452500209376,2555.59532562663,0.11033766113588553,379,0,379,8_POSSA
query_path_6_124.graph,2,0.1,379,2872.5452500209376,2270.2536399627356,0.2096717571477114,379,0,379,MAB
query_path_6_124.graph,2,0.1,379,2872.5452500209376,2238.822329180542,0.2206137295263761,379,0,379,PO
query_path_6_124.graph,2,0.1,379,2872.5452500209376,10376.737144754803,2.6123842242969606,379,0,379,UN
query_path_6_124.graph,2,0.1,379,2872.5452500209376,2745.3873687183464,0.04426662427742937,379,0,379,WO
query_path_6_124.graph,3,0.1,379,2872.5452500209376,2749.484200635878,0.04284042153353808,379,0,379,8_POSSA
query_path_6_124.graph,3,0.1,379,2872.5452500209376,2819.4390449764487,0.018487508610735306,379,0,379,MAB
query_path_6_124.graph,3,0.1,379,2872.5452500209376,1998.6538553673313,0.30422197688521585,379,0,379,PO
query_path_6_124.graph,3,0.1,379,2872.5452500209376,649.2070841490608,0.7739958720774446,379,0,379,UN
query_path_6_124.graph,3,0.1,379,2872.5452500209376,2380.4698993533048,0.17130290659965972,379,0,379,WO
query_path_6_124.graph,4,0.1,379,2872.5452500209376,2617.9587324151325,0.08862750468559177,379,0,379,8_POSSA
query_path_6_124.graph,4,0.1,379,2872.5452500209376,2843.715276037989,0.010036386365972275,379,0,379,MAB
query_path_6_124.graph,4,0.1,379,2872.5452500209376,3269.0235935479473,0.13802335873529573,379,0,379,PO
query_path_6_124.graph,4,0.1,379,2872.5452500209376,567.6265743192212,0.8023959503109364,379,0,379,UN
query_path_6_124.graph,4,0.1,379,2872.5452500209376,3042.725405697306,0.059243681426821064,379,0,379,WO
query_path_6_124.graph,5,0.1,379,2872.5452500209376,2697.4575529880894,0.060952111035177586,379,0,379,8_POSSA
query_path_6_124.graph,5,0.1,379,2872.5452500209376,2133.9132198239454,0.25713503736507143,379,0,379,MAB
query_path_6_124.graph,5,0.1,379,2872.5452500209376,2484.105910740906,0.13522479385736408,379,0,379,PO
query_path_6_124.graph,5,0.1,379,2872.5452500209376,232.59492713664383,0.9190282808826254,379,0,379,UN
query_path_6_124.graph,5,0.1,379,2872.5452500209376,2458.984459625797,0.14397015691645798,379,0,379,WO
query_path_6_125.graph,1,0.1,379,2872.5452500209376,2879.122834567712,0.002289810594533294,379,0,379,8_POSSA
query_path_6_125.graph,1,0.1,379,2872.5452500209376,3023.317185456277,0.05248722728884443,379,0,379,MAB
query_path_6_125.graph,1,0.1,379,2872.5452500209376,2705.2760926563064,0.058230295019168786,379,0,379,PO
query_path_6_125.graph,1,0.1,379,2872.5452500209376,4766.586469220863,0.6593599245081067,379,0,379,UN
query_path_6_125.graph,1,0.1,379,2872.5452500209376,2494.756825257886,0.13151696209495678,379,0,379,WO
query_path_6_125.graph,2,0.1,379,2872.5452500209376,2793.777831288931,0.02742077561056091,379,0,379,8_POSSA
query_path_6_125.graph,2,0.1,379,2872.5452500209376,3219.068039907941,0.12063266536340123,379,0,379,MAB
query_path_6_125.graph,2,0.1,379,2872.5452500209376,2937.0560481239295,0.02245771345204107,379,0,379,PO
query_path_6_125.graph,2,0.1,379,2872.5452500209376,576.7480114663846,0.7992205652940783,379,0,379,UN
query_path_6_125.graph,2,0.1,379,2872.5452500209376,2826.933699786224,0.015878444468152737,379,0,379,WO
query_path_6_125.graph,3,0.1,379,2872.5452500209376,2875.5496635417935,0.0010459064207374998,379,0,379,8_POSSA
query_path_6_125.graph,3,0.1,379,2872.5452500209376,2645.1586047197884,0.07915859473388341,379,0,379,MAB
query_path_6_125.graph,3,0.1,379,2872.5452500209376,3107.882798920587,0.08192648972124426,379,0,379,PO
query_path_6_125.graph,3,0.1,379,2872.5452500209376,1060.4409435995635,0.6308357740955224,379,0,379,UN
query_path_6_125.graph,3,0.1,379,2872.5452500209376,3325.5654624016447,0.15770690205050908,379,0,379,WO
query_path_6_125.graph,4,0.1,379,2872.5452500209376,2849.132856263928,0.008150400331148533,379,0,379,8_POSSA
query_path_6_125.graph,4,0.1,379,2872.5452500209376,2697.8547201340484,0.06081384788825028,379,0,379,MAB
query_path_6_125.graph,4,0.1,379,2872.5452500209376,3135.361436302953,0.09149244429834467,379,0,379,PO
query_path_6_125.graph,4,0.1,379,2872.5452500209376,17006.527495059705,4.920368876673308,379,0,379,UN
query_path_6_125.graph,4,0.1,379,2872.5452500209376,4467.933025345076,0.5553916949828762,379,0,379,WO
query_path_6_125.graph,5,0.1,379,2872.5452500209376,2832.0930288391073,0.014082361690050116,379,0,379,8_POSSA
query_path_6_125.graph,5,0.1,379,2872.5452500209376,2423.614810298643,0.1562831567993654,379,0,379,MAB
query_path_6_125.graph,5,0.1,379,2872.5452500209376,2951.875869007035,0.02761683875494009,379,0,379,PO
query_path_6_125.graph,5,0.1,379,2872.5452500209376,191.52680240254088,0.9333250529643894,379,0,379,UN
query_path_6_125.graph,5,0.1,379,2872.5452500209376,3884.827434806737,0.3523990387195541,379,0,379,WO
query_path_6_127.graph,1,0.1,510,2818.542957887325,2906.5625143490633,0.031228743991794455,510,0,510,8_POSSA
query_path_6_127.graph,1,0.1,510,2818.542957887325,2768.2049042581625,0.017859601354770195,510,0,510,MAB
query_path_6_127.graph,1,0.1,510,2818.542957887325,2410.76736140609,0.14467602678899327,510,0,510,PO
query_path_6_127.graph,1,0.1,510,2818.542957887325,1610.985274909961,0.4284333079253489,510,0,510,UN
query_path_6_127.graph,1,0.1,510,2818.542957887325,2580.986604213366,0.08428338940486561,510,0,510,WO
query_path_6_127.graph,2,0.1,510,2818.542957887325,2716.873752896584,0.03607154707585102,510,0,510,8_POSSA
query_path_6_127.graph,2,0.1,510,2818.542957887325,2328.643474979651,0.17381302688211805,510,0,510,MAB
query_path_6_127.graph,2,0.1,510,2818.542957887325,2250.987420227165,0.2013648704810157,510,0,510,PO
query_path_6_127.graph,2,0.1,510,2818.542957887325,4598.68537082741,0.6315825018591925,510,0,510,UN
query_path_6_127.graph,2,0.1,510,2818.542957887325,2622.9718945431678,0.06938729203927053,510,0,510,WO
query_path_6_127.graph,3,0.1,510,2818.542957887325,2790.360984181478,0.009998773879597321,510,0,510,8_POSSA
query_path_6_127.graph,3,0.1,510,2818.542957887325,2559.2630185196067,0.09199077084922802,510,0,510,MAB
query_path_6_127.graph,3,0.1,510,2818.542957887325,3141.78130011434,0.11468278009475592,510,0,510,PO
query_path_6_127.graph,3,0.1,510,2818.542957887325,10028.321089582862,2.5579805734448406,510,0,510,UN
query_path_6_127.graph,3,0.1,510,2818.542957887325,2442.0263776955517,0.1335855389885546,510,0,510,WO
query_path_6_127.graph,4,0.1,510,2818.542957887325,2796.8817993331095,0.007685232716996405,510,0,510,8_POSSA
query_path_6_127.graph,4,0.1,510,2818.542957887325,2967.6597243157826,0.05290562132862789,510,0,510,MAB
query_path_6_127.graph,4,0.1,510,2818.542957887325,3617.83890241226,0.2835848012492445,510,0,510,PO
query_path_6_127.graph,4,0.1,510,2818.542957887325,1073.7883065494414,0.619027163114692,510,0,510,UN
query_path_6_127.graph,4,0.1,510,2818.542957887325,2602.528820774342,0.07664035650352449,510,0,510,WO
query_path_6_127.graph,5,0.1,510,2818.542957887325,2866.5221377720486,0.01702268888627727,510,0,510,8_POSSA
query_path_6_127.graph,5,0.1,510,2818.542957887325,2952.836299877357,0.04764637048168078,510,0,510,MAB
query_path_6_127.graph,5,0.1,510,2818.542957887325,2798.526347193755,0.007101758246244216,510,0,510,PO
query_path_6_127.graph,5,0.1,510,2818.542957887325,8010.9557708634275,1.8422329872410894,510,0,510,UN
query_path_6_127.graph,5,0.1,510,2818.542957887325,3166.848960942382,0.12357661680492324,510,0,510,WO
query_path_6_128.graph,1,0.1,559,3179.014672838812,3161.4131265133765,0.005536793043398509,559,0,559,8_POSSA
query_path_6_128.graph,1,0.1,559,3179.014672838812,3520.618235258258,0.10745579922548743,559,0,559,MAB
query_path_6_128.graph,1,0.1,559,3179.014672838812,3259.5399080412144,0.025330249618034754,559,0,559,PO
query_path_6_128.graph,1,0.1,559,3179.014672838812,3136.0864347359934,0.013503630061727437,559,0,559,UN
query_path_6_128.graph,1,0.1,559,3179.014672838812,3598.4945591941832,0.13195279969588244,559,0,559,WO
query_path_6_128.graph,2,0.1,559,3179.014672838812,2985.52252694604,0.0608654459968209,559,0,559,8_POSSA
query_path_6_128.graph,2,0.1,559,3179.014672838812,3355.800044908084,0.0556101151654658,559,0,559,MAB
query_path_6_128.graph,2,0.1,559,3179.014672838812,3234.083994120234,0.01732276411050523,559,0,559,PO
query_path_6_128.graph,2,0.1,559,3179.014672838812,1487.0130127851273,0.5322409092697747,559,0,559,UN
query_path_6_128.graph,2,0.1,559,3179.014672838812,2512.8895593240313,0.2095382318320479,559,0,559,WO
query_path_6_128.graph,3,0.1,559,3179.014672838812,3130.9826056172824,0.015109105230595839,559,0,559,8_POSSA
query_path_6_128.graph,3,0.1,559,3179.014672838812,2844.876634368491,0.10510742253729231,559,0,559,MAB
query_path_6_128.graph,3,0.1,559,3179.014672838812,2111.1013693795385,0.33592588061433615,559,0,559,PO
query_path_6_128.graph,3,0.1,559,3179.014672838812,3760.218766551529,0.1828252315657638,559,0,559,UN
query_path_6_128.graph,3,0.1,559,3179.014672838812,3266.003486171369,0.027363451347293396,559,0,559,WO
query_path_6_128.graph,4,0.1,559,3179.014672838812,3160.445743982038,0.005841095675155343,559,0,559,8_POSSA
query_path_6_128.graph,4,0.1,559,3179.014672838812,3308.019283183813,0.04058006131497395,559,0,559,MAB
query_path_6_128.graph,4,0.1,559,3179.014672838812,3112.233194464142,0.021006973936057823,559,0,559,PO
query_path_6_128.graph,4,0.1,559,3179.014672838812,1649.0559162958073,0.48126822742116343,559,0,559,UN
query_path_6_128.graph,4,0.1,559,3179.014672838812,2567.8748512847114,0.19224190022638749,559,0,559,WO
query_path_6_128.graph,5,0.1,559,3179.014672838812,3053.341468086796,0.03953212478877678,559,0,559,8_POSSA
query_path_6_128.graph,5,0.1,559,3179.014672838812,1131333.0250592586,354.875370669175,559,0,559,MAB
query_path_6_128.graph,5,0.1,559,3179.014672838812,3298.8193424367823,0.03768610148973813,559,0,559,PO
query_path_6_128.graph,5,0.1,559,3179.014672838812,782.0821280435747,0.753985996124646,559,0,559,UN
query_path_6_128.graph,5,0.1,559,3179.014672838812,2821.52769401209,0.1124521323795879,559,0,559,WO
query_path_6_129.graph,1,0.1,602,2471.0802903756594,2597.194579394331,0.05103609522922437,602,0,602,8_POSSA
query_path_6_129.graph,1,0.1,602,2471.0802903756594,2416.301339071988,0.02216801757394285,602,0,602,MAB
query_path_6_129.graph,1,0.1,602,2471.0802903756594,1571.3249293878293,0.36411417487816516,602,0,602,PO
query_path_6_129.graph,1,0.1,602,2471.0802903756594,747.4281837224847,0.697529786209877,602,0,602,UN
query_path_6_129.graph,1,0.1,602,2471.0802903756594,2802.0168620577583,0.13392384414663805,602,0,602,WO
query_path_6_129.graph,2,0.1,602,2471.0802903756594,2535.49738869142,0.026068395497569084,602,0,602,8_POSSA
query_path_6_129.graph,2,0.1,602,2471.0802903756594,2514.0529650137614,0.017390238109814403,602,0,602,MAB
query_path_6_129.graph,2,0.1,602,2471.0802903756594,1692.1376139534138,0.31522353986475643,602,0,602,PO
query_path_6_129.graph,2,0.1,602,2471.0802903756594,550.1980858662271,0.7773451198614899,602,0,602,UN
query_path_6_129.graph,2,0.1,602,2471.0802903756594,3282.440889957003,0.3283424673578691,602,0,602,WO
query_path_6_129.graph,3,0.1,602,2471.0802903756594,2628.1589902519368,0.06356681346537627,602,0,602,8_POSSA
query_path_6_129.graph,3,0.1,602,2471.0802903756594,2666.6306461162794,0.07913557341792889,602,0,602,MAB
query_path_6_129.graph,3,0.1,602,2471.0802903756594,2853.4093067887516,0.15472140581679344,602,0,602,PO
query_path_6_129.graph,3,0.1,602,2471.0802903756594,1149.9773953303427,0.5346256453870544,602,0,602,UN
query_path_6_129.graph,3,0.1,602,2471.0802903756594,2899.3543903219606,0.17331452224128016,602,0,602,WO
query_path_6_129.graph,4,0.1,602,2471.0802903756594,2513.3288659767945,0.017097208765609318,602,0,602,8_POSSA
query_path_6_129.graph,4,0.1,602,2471.0802903756594,2478.029797871827,0.0028123357720243663,602,0,602,MAB
query_path_6_129.graph,4,0.1,602,2471.0802903756594,3423.086641751005,0.38525917392616144,602,0,602,PO
query_path_6_129.graph,4,0.1,602,2471.0802903756594,2042.0532911461528,0.17361920650675616,602,0,602,UN
query_path_6_129.graph,4,0.1,602,2471.0802903756594,2348.636003136706,0.04955091411470847,602,0,602,WO
query_path_6_129.graph,5,0.1,602,2471.0802903756594,2603.3372153158184,0.05352190515835203,602,0,602,8_POSSA
query_path_6_129.graph,5,0.1,602,2471.0802903756594,2522.547663856112,0.020827883934369698,602,0,602,MAB
query_path_6_129.graph,5,0.1,602,2471.0802903756594,2664.990795075336,0.07847195635646374,602,0,602,PO
query_path_6_129.graph,5,0.1,602,2471.0802903756594,658.5601975110685,0.7334929989624285,602,0,602,UN
query_path_6_129.graph,5,0.1,602,2471.0802903756594,2569.2792456687584,0.0397392815100195,602,0,602,WO
query_path_6_130.graph,1,0.1,410,1990.2806816762702,1942.4895638649994,0.02401225025759675,410,0,410,8_POSSA
query_path_6_130.graph,1,0.1,410,1990.2806816762702,1763.691101216765,0.11384805296339666,410,0,410,MAB
query_path_6_130.graph,1,0.1,410,1990.2806816762702,2227.7566383106273,0.11931782226532399,410,0,410,PO
query_path_6_130.graph,1,0.1,410,1990.2806816762702,1636.9238410979324,0.1775412100572321,410,0,410,UN
query_path_6_130.graph,1,0.1,410,1990.2806816762702,1956.0061840339774,0.01722093670397576,410,0,410,WO
query_path_6_130.graph,2,0.1,410,1990.2806816762702,1911.596730147101,0.03953409800616635,410,0,410,8_POSSA
query_path_6_130.graph,2,0.1,410,1990.2806816762702,1972.325329392975,0.009021517642513,410,0,410,MAB
query_path_6_130.graph,2,0.1,410,1990.2806816762702,1827.1758699758009,0.0819506581167727,410,0,410,PO
query_path_6_130.graph,2,0.1,410,1990.2806816762702,664.5920911546663,0.6660812229785962,410,0,410,UN
query_path_6_130.graph,2,0.1,410,1990.2806816762702,1590.0774364620172,0.2010787970253475,410,0,410,WO
query_path_6_130.graph,3,0.1,410,1990.2806816762702,1992.6954135894528,0.0012132619963676654,410,0,410,8_POSSA
query_path_6_130.graph,3,0.1,410,1990.2806816762702,2079.5559656327882,0.044855625027384514,410,0,410,MAB
query_path_6_130.graph,3,0.1,410,1990.2806816762702,1954.5168286965945,0.01796925092472603,410,0,410,PO
query_path_6_130.graph,3,0.1,410,1990.2806816762702,2018.726451224234,0.01429234067830376,410,0,410,UN
query_path_6_130.graph,3,0.1,410,1990.2806816762702,2111.5088091365205,0.0609100658898767,410,0,410,WO
query_path_6_130.graph,4,0.1,410,1990.2806816762702,1979.6006644994623,0.005366085937091517,410,0,410,8_POSSA
query_path_6_130.graph,4,0.1,410,1990.2806816762702,2033.6973114597254,0.021814325076445228,410,0,410,MAB
query_path_6_130.graph,4,0.1,410,1990.2806816762702,1692.3865560438203,0.14967442952898238,410,0,410,PO
query_path_6_130.graph,4,0.1,410,1990.2806816762702,2936.9708337918887,0.4756566050363758,410,0,410,UN
query_path_6_130.graph,4,0.1,410,1990.2806816762702,2039.6517881680436,0.02480610244892276,410,0,410,WO
query_path_6_130.graph,5,0.1,410,1990.2806816762702,1983.93135718612,0.003190165361401468,410,0,410,8_POSSA
query_path_6_130.graph,5,0.1,410,1990.2806816762702,2074.250677739141,0.04219002718357734,410,0,410,MAB
query_path_6_130.graph,5,0.1,410,1990.2806816762702,1877.3950342273085,0.05671845608926184,410,0,410,PO
query_path_6_130.graph,5,0.1,410,1990.2806816762702,1222.393031828679,0.38581877265715836,410,0,410,UN
query_path_6_130.graph,5,0.1,410,1990.2806816762702,2079.6981970897255,0.044927088041745604,410,0,410,WO
query_path_6_131.graph,1,0.1,506,2818.542957887325,2763.269646556253,0.0196105974458884,506,0,506,8_POSSA
query_path_6_131.graph,1,0.1,506,2818.542957887325,2510.6758281973816,0.10922917773114556,506,0,506,MAB
query_path_6_131.graph,1,0.1,506,2818.542957887325,3028.513899114331,0.07449627142968658,506,0,506,PO
query_path_6_131.graph,1,0.1,506,2818.542957887325,2250.5369754212875,0.20152468525503464,506,0,506,UN
query_path_6_131.graph,1,0.1,506,2818.542957887325,2859.9398147711336,0.01468732515428402,506,0,506,WO
query_path_6_131.graph,2,0.1,506,2818.542957887325,2876.938605183898,0.020718381152630742,506,0,506,8_POSSA
query_path_6_131.graph,2,0.1,506,2818.542957887325,2762.7512762800675,0.01979451171788308,506,0,506,MAB
query_path_6_131.graph,2,0.1,506,2818.542957887325,2254.197730232411,0.20022587417930518,506,0,506,PO
query_path_6_131.graph,2,0.1,506,2818.542957887325,9642.940173433342,2.4212500279439886,506,0,506,UN
query_path_6_131.graph,2,0.1,506,2818.542957887325,2067.0118277021575,0.2666381678101111,506,0,506,WO
query_path_6_131.graph,3,0.1,506,2818.542957887325,2931.4230575086494,0.04004909675243523,506,0,506,8_POSSA
query_path_6_131.graph,3,0.1,506,2818.542957887325,2506.8224051176694,0.11059634620694578,506,0,506,MAB
query_path_6_131.graph,3,0.1,506,2818.542957887325,3182.5640879743396,0.12915223770790826,506,0,506,PO
query_path_6_131.graph,3,0.1,506,2818.542957887325,2868.6503099088095,0.01777774998293556,506,0,506,UN
query_path_6_131.graph,3,0.1,506,2818.542957887325,2335.160977189635,0.17150066112883197,506,0,506,WO
query_path_6_131.graph,4,0.1,506,2818.542957887325,2861.5621045605512,0.015262902611735183,506,0,506,8_POSSA
query_path_6_131.graph,4,0.1,506,2818.542957887325,3020.375218262076,0.0716087224464505,506,0,506,MAB
query_path_6_131.graph,4,0.1,506,2818.542957887325,2964.3761529566987,0.051740632393513286,506,0,506,PO
query_path_6_131.graph,4,0.1,506,2818.542957887325,6466.5941592846375,1.2943039208214715,506,0,506,UN
query_path_6_131.graph,4,0.1,506,2818.542957887325,2836.787749511285,0.006473128810367838,506,0,506,WO
query_path_6_131.graph,5,0.1,506,2818.542957887325,2834.1440523445617,0.005535162915853069,506,0,506,8_POSSA
query_path_6_131.graph,5,0.1,506,2818.542957887325,2706.6150832635335,0.03971125375633389,506,0,506,MAB
query_path_6_131.graph,5,0.1,506,2818.542957887325,3152.75493336463,0.11857615103649784,506,0,506,PO
query_path_6_131.graph,5,0.1,506,2818.542957887325,7967.785112394184,1.8269163292677078,506,0,506,UN
query_path_6_131.graph,5,0.1,506,2818.542957887325,2476.3758548461997,0.12139857655304322,506,0,506,WO
query_path_6_132.graph,1,0.1,409,1990.2806816762702,1952.5086898862367,0.01897822359317728,409,0,409,8_POSSA
query_path_6_132.graph,1,0.1,409,1990.2806816762702,2241.1872096968914,0.12606590132267206,409,0,409,MAB
query_path_6_132.graph,1,0.1,409,1990.2806816762702,2138.5301203429585,0.07448669930405419,409,0,409,PO
query_path_6_132.graph,1,0.1,409,1990.2806816762702,1787.1169551751327,0.10207792718463574,409,0,409,UN
query_path_6_132.graph,1,0.1,409,1990.2806816762702,3231.2812509884375,0.6235304300230466,409,0,409,WO
query_path_6_132.graph,2,0.1,409,1990.2806816762702,2048.7302633914096,0.029367506931691427,409,0,409,8_POSSA
query_path_6_132.graph,2,0.1,409,1990.2806816762702,2094.888926154549,0.0525595437072599,409,0,409,MAB
query_path_6_132.graph,2,0.1,409,1990.2806816762702,2233.443341660323,0.12217505913751533,409,0,409,PO
query_path_6_132.graph,2,0.1,409,1990.2806816762702,1666.9595797284708,0.16245000261746464,409,0,409,UN
query_path_6_132.graph,2,0.1,409,1990.2806816762702,1642.0460046568987,0.17496762151460893,409,0,409,WO
query_path_6_132.graph,3,0.1,409,1990.2806816762702,2134.249449130695,0.07233591160276473,409,0,409,8_POSSA
query_path_6_132.graph,3,0.1,409,1990.2806816762702,2289.8783651993754,0.1505303680437553,409,0,409,MAB
query_path_6_132.graph,3,0.1,409,1990.2806816762702,2066.885471293688,0.03848944037023927,409,0,409,PO
query_path_6_132.graph,3,0.1,409,1990.2806816762702,646.0348267132666,0.6754051663863019,409,0,409,UN
query_path_6_132.graph,3,0.1,409,1990.2806816762702,1477.5875031419525,0.25759842983679726,409,0,409,WO
query_path_6_132.graph,4,0.1,409,1990.2806816762702,2157.831398058699,0.0841844660027112,409,0,409,8_POSSA
query_path_6_132.graph,4,0.1,409,1990.2806816762702,1908.6373147789875,0.04102103168107946,409,0,409,MAB
query_path_6_132.graph,4,0.1,409,1990.2806816762702,1652.8230068346277,0.16955280626922742,409,0,409,PO
query_path_6_132.graph,4,0.1,409,1990.2806816762702,6567.460498590974,2.2997659873077168,409,0,409,UN
query_path_6_132.graph,4,0.1,409,1990.2806816762702,1915.9671960539183,0.037338193706308295,409,0,409,WO
query_path_6_132.graph,5,0.1,409,1990.2806816762702,2023.8544663537673,0.016868869293963255,409,0,409,8_POSSA
query_path_6_132.graph,5,0.1,409,1990.2806816762702,1790.6870029784668,0.10028418631371129,409,0,409,MAB
query_path_6_132.graph,5,0.1,409,1990.2806816762702,2594.768080567117,0.3037196735395787,409,0,409,PO
query_path_6_132.graph,5,0.1,409,1990.2806816762702,2060.695675795411,0.035379429025977946,409,0,409,UN
query_path_6_132.graph,5,0.1,409,1990.2806816762702,2068.8638262787545,0.03948344840301586,409,0,409,WO
query_path_6_22.graph,1,0.1,461,2480.791833792202,2362.012512816956,0.04787960011690166,461,0,461,8_POSSA
query_path_6_22.graph,1,0.1,461,2480.791833792202,2303.8954371789323,0.07130642490984876,461,0,461,MAB
query_path_6_22.graph,1,0.1,461,2480.791833792202,2304.322380451599,0.07113432531372332,461,0,461,PO
query_path_6_22.graph,1,0.1,461,2480.791833792202,2984.2366520984974,0.20293714750613187,461,0,461,UN
query_path_6_22.graph,1,0.1,461,2480.791833792202,2466.371997896282,0.005812594067547055,461,0,461,WO
query_path_6_22.graph,2,0.1,461,2480.791833792202,2555.430366779176,0.03008657637867167,461,0,461,8_POSSA
query_path_6_22.graph,2,0.1,461,2480.791833792202,2359.2477541586836,0.04899406632104352,461,0,461,MAB
query_path_6_22.graph,2,0.1,461,2480.791833792202,2996.6474276258373,0.2079398951604437,461,0,461,PO
query_path_6_22.graph,2,0.1,461,2480.791833792202,229.45704614528896,0.9075065295605496,461,0,461,UN
query_path_6_22.graph,2,0.1,461,2480.791833792202,2934.302057487969,0.18280865710627542,461,0,461,WO
query_path_6_22.graph,3,0.1,461,2480.791833792202,2412.7671354512,0.027420558796752297,461,0,461,8_POSSA
query_path_6_22.graph,3,0.1,461,2480.791833792202,2232.224863542232,0.10019662547421566,461,0,461,MAB
query_path_6_22.graph,3,0.1,461,2480.791833792202,2978.013363911266,0.20042855807010557,461,0,461,PO
query_path_6_22.graph,3,0.1,461,2480.791833792202,5498.8648701851325,1.216576495972831,461,0,461,UN
query_path_6_22.graph,3,0.1,461,2480.791833792202,2127.691235585664,0.14233382801280003,461,0,461,WO
query_path_6_22.graph,4,0.1,461,2480.791833792202,2480.5669352459186,9.065595235356716e-05,461,0,461,8_POSSA
query_path_6_22.graph,4,0.1,461,2480.791833792202,2488.12873689836,0.00295748438309818,461,0,461,MAB
query_path_6_22.graph,4,0.1,461,2480.791833792202,3402.2783687681276,0.3714485522017048,461,0,461,PO
query_path_6_22.graph,4,0.1,461,2480.791833792202,632.7495300115777,0.7449404978714637,461,0,461,UN
query_path_6_22.graph,4,0.1,461,2480.791833792202,2553.290333963707,0.029223935351593715,461,0,461,WO
query_path_6_22.graph,5,0.1,461,2480.791833792202,2510.672249427559,0.012044708962815795,461,0,461,8_POSSA
query_path_6_22.graph,5,0.1,461,2480.791833792202,2672.63973467756,0.07733333295929738,461,0,461,MAB
query_path_6_22.graph,5,0.1,461,2480.791833792202,2543.706476960297,0.025360710363159417,461,0,461,PO
query_path_6_22.graph,5,0.1,461,2480.791833792202,2367.592790009537,0.0456302065496668,461,0,461,UN
query_path_6_22.graph,5,0.1,461,2480.791833792202,4596.998860371686,0.853036920612801,461,0,461,WO
query_path_6_27.graph,1,0.1,488,2390.0285692512807,2304.148446063896,0.035932676409089294,488,0,488,8_POSSA
query_path_6_27.graph,1,0.1,488,2390.0285692512807,2388.144893266489,0.0007881395264584233,488,0,488,MAB
query_path_6_27.graph,1,0.1,488,2390.0285692512807,2346.093645900414,0.018382593378216537,488,0,488,PO
query_path_6_27.graph,1,0.1,488,2390.0285692512807,8096.046138088274,2.3874265112339246,488,0,488,UN
query_path_6_27.graph,1,0.1,488,2390.0285692512807,2279.7185579660536,0.04615426472487051,488,0,488,WO
query_path_6_27.graph,2,0.1,488,2390.0285692512807,2319.8685424607684,0.029355308841555492,488,0,488,8_POSSA
query_path_6_27.graph,2,0.1,488,2390.0285692512807,2383.7074669198755,0.0026447810761464656,488,0,488,MAB
query_path_6_27.graph,2,0.1,488,2390.0285692512807,2330.563649984466,0.024880421946354928,488,0,488,PO
query_path_6_27.graph,2,0.1,488,2390.0285692512807,764.7755168978034,0.6800140689793583,488,0,488,UN
query_path_6_27.graph,2,0.1,488,2390.0285692512807,2396.718366473155,0.002799044876676982,488,0,488,WO
query_path_6_27.graph,3,0.1,488,2390.0285692512807,2308.8297953689007,0.03397397626414858,488,0,488,8_POSSA
query_path_6_27.graph,3,0.1,488,2390.0285692512807,2095.1841628216644,0.12336438577467786,488,0,488,MAB
query_path_6_27.graph,3,0.1,488,2390.0285692512807,2323.870487986646,0.02768087466224724,488,0,488,PO
query_path_6_27.graph,3,0.1,488,2390.0285692512807,1334.406293834905,0.44167768075971925,488,0,488,UN
query_path_6_27.graph,3,0.1,488,2390.0285692512807,2409.9606198652345,0.008339670441762922,488,0,488,WO
query_path_6_27.graph,4,0.1,488,2390.0285692512807,2232.7128620880553,0.06582168480626462,488,0,488,8_POSSA
query_path_6_27.graph,4,0.1,488,2390.0285692512807,2607.6032838335636,0.09103435723801498,488,0,488,MAB
query_path_6_27.graph,4,0.1,488,2390.0285692512807,2614.9348147114506,0.09410190671094187,488,0,488,PO
query_path_6_27.graph,4,0.1,488,2390.0285692512807,3811.2795852822005,0.5946585887365154,488,0,488,UN
query_path_6_27.graph,4,0.1,488,2390.0285692512807,2382.3605745251616,0.0032083276429290724,488,0,488,WO
query_path_6_27.graph,5,0.1,488,2390.0285692512807,2326.958218154087,0.026388952796891386,488,0,488,8_POSSA
query_path_6_27.graph,5,0.1,488,2390.0285692512807,2162.342532369553,0.0952649854528955,488,0,488,MAB
query_path_6_27.graph,5,0.1,488,2390.0285692512807,2318.130494332447,0.03008251693884853,488,0,488,PO
query_path_6_27.graph,5,0.1,488,2390.0285692512807,1482.4175456747441,0.3797490269586451,488,0,488,UN
query_path_6_27.graph,5,0.1,488,2390.0285692512807,2950.7945288854635,0.23462730397814982,488,0,488,WO
query_path_6_28.graph,1,0.1,377,2872.5452500209376,3149.515016802576,0.09641963578454325,377,0,377,8_POSSA
query_path_6_28.graph,1,0.1,377,2872.5452500209376,3028.5535191327053,0.05431011717243814,377,0,377,MAB
query_path_6_28.graph,1,0.1,377,2872.5452500209376,1536.1465293827948,0.46523156445608715,377,0,377,PO
query_path_6_28.graph,1,0.1,377,2872.5452500209376,95.22393701523993,0.9668503265476684,377,0,377,UN
query_path_6_28.graph,1,0.1,377,2872.5452500209376,3218.596729126895,0.12046859108779398,377,0,377,WO
query_path_6_28.graph,2,0.1,377,2872.5452500209376,3177.541866673457,0.10617643591525548,377,0,377,8_POSSA
query_path_6_28.graph,2,0.1,377,2872.5452500209376,3393.0105178762487,0.18118609893143287,377,0,377,MAB
query_path_6_28.graph,2,0.1,377,2872.5452500209376,1049.541563759562,0.6346301024320115,377,0,377,PO
query_path_6_28.graph,2,0.1,377,2872.5452500209376,5321.018653591801,0.8523706993137938,377,0,377,UN
query_path_6_28.graph,2,0.1,377,2872.5452500209376,2683.1386247218943,0.06593686393544636,377,0,377,WO
query_path_6_28.graph,3,0.1,377,2872.5452500209376,3121.438036635641,0.0866453841285491,377,0,377,8_POSSA
query_path_6_28.graph,3,0.1,377,2872.5452500209376,2829.473910916365,0.014994137726553995,377,0,377,MAB
query_path_6_28.graph,3,0.1,377,2872.5452500209376,3268.255046663327,0.13775580963937997,377,0,377,PO
query_path_6_28.graph,3,0.1,377,2872.5452500209376,14629.132607006199,4.092742266427159,377,0,377,UN
query_path_6_28.graph,3,0.1,377,2872.5452500209376,2791.5548933069213,0.028194632169302125,377,0,377,WO
query_path_6_28.graph,4,0.1,377,2872.5452500209376,3126.074271520148,0.08825936562613335,377,0,377,8_POSSA
query_path_6_28.graph,4,0.1,377,2872.5452500209376,3215.5241564466464,0.11939895687394617,377,0,377,MAB
query_path_6_28.graph,4,0.1,377,2872.5452500209376,2706.4707629568334,0.057814402423388714,377,0,377,PO
query_path_6_28.graph,4,0.1,377,2872.5452500209376,1831.7469748997646,0.36232615486686826,377,0,377,UN
query_path_6_28.graph,4,0.1,377,2872.5452500209376,3535.352875691278,0.23073879364146105,377,0,377,WO
query_path_6_28.graph,5,0.1,377,2872.5452500209376,2941.338485244365,0.023948529696068685,377,0,377,8_POSSA
query_path_6_28.graph,5,0.1,377,2872.5452500209376,3046.423740017932,0.06053115786277929,377,0,377,MAB
query_path_6_28.graph,5,0.1,377,2872.5452500209376,2219.6679670575486,0.22728180973254652,377,0,377,PO
query_path_6_28.graph,5,0.1,377,2872.5452500209376,135.19715659462886,0.952934716487532,377,0,377,UN
query_path_6_28.graph,5,0.1,377,2872.5452500209376,3028.053360122603,0.05413600015544816,377,0,377,WO
query_path_6_29.graph,1,0.1,488,2390.0285692512807,2392.416276271708,0.000999028652270507,488,0,488,8_POSSA
query_path_6_29.graph,1,0.1,488,2390.0285692512807,2096.0177039244513,0.12301562797591728,488,0,488,MAB
query_path_6_29.graph,1,0.1,488,2390.0285692512807,2149.8795548994963,0.10047955804436907,488,0,488,PO
query_path_6_29.graph,1,0.1,488,2390.0285692512807,2001.332065596198,0.1626325763029891,488,0,488,UN
query_path_6_29.graph,1,0.1,488,2390.0285692512807,1723.373200573948,0.27893196644346996,488,0,488,WO
query_path_6_29.graph,2,0.1,488,2390.0285692512807,2344.6245873432927,0.018997254883112828,488,0,488,8_POSSA
query_path_6_29.graph,2,0.1,488,2390.0285692512807,2367.7804169606316,0.009308739057298713,488,0,488,MAB
query_path_6_29.graph,2,0.1,488,2390.0285692512807,2451.205574955454,0.02559676754129257,488,0,488,PO
query_path_6_29.graph,2,0.1,488,2390.0285692512807,553.4919312965988,0.7684161861420803,488,0,488,UN
query_path_6_29.graph,2,0.1,488,2390.0285692512807,2030.2333704213495,0.1505401246909126,488,0,488,WO
query_path_6_29.graph,3,0.1,488,2390.0285692512807,2362.284985742914,0.01160805517779134,488,0,488,8_POSSA
query_path_6_29.graph,3,0.1,488,2390.0285692512807,2495.368189335279,0.044074627993672025,488,0,488,MAB
query_path_6_29.graph,3,0.1,488,2390.0285692512807,2352.9486737009324,0.015514415194611764,488,0,488,PO
query_path_6_29.graph,3,0.1,488,2390.0285692512807,2515.4072041609743,0.05245905280076659,488,0,488,UN
query_path_6_29.graph,3,0.1,488,2390.0285692512807,2072.5112874544325,0.13285083110797968,488,0,488,WO
query_path_6_29.graph,4,0.1,488,2390.0285692512807,2267.947568534273,0.051079306033254494,488,0,488,8_POSSA
query_path_6_29.graph,4,0.1,488,2390.0285692512807,2028.2037398087662,0.15138933236930413,488,0,488,MAB
query_path_6_29.graph,4,0.1,488,2390.0285692512807,1939.4455553307625,0.1885262041288784,488,0,488,PO
query_path_6_29.graph,4,0.1,488,2390.0285692512807,3479.9879824779746,0.45604451229139203,488,0,488,UN
query_path_6_29.graph,4,0.1,488,2390.0285692512807,2229.4740103363984,0.067176836704165,488,0,488,WO
query_path_6_29.graph,5,0.1,488,2390.0285692512807,2258.2212536091347,0.05514884522214604,488,0,488,8_POSSA
query_path_6_29.graph,5,0.1,488,2390.0285692512807,2554.4019320168077,0.0687746434834542,488,0,488,MAB
query_path_6_29.graph,5,0.1,488,2390.0285692512807,2355.515585662013,0.014440406291912827,488,0,488,PO
query_path_6_29.graph,5,0.1,488,2390.0285692512807,835.7549295438148,0.6503159249658551,488,0,488,UN
query_path_6_29.graph,5,0.1,488,2390.0285692512807,2605.509016040361,0.09015810503745714,488,0,488,WO
query_path_6_30.graph,1,0.1,289,1440.986907367272,1476.7983612293833,0.02485203278324025,289,0,289,8_POSSA
query_path_6_30.graph,1,0.1,289,1440.986907367272,1376.0306624518294,0.04507760936851233,289,0,289,MAB
query_path_6_30.graph,1,0.1,289,1440.986907367272,1686.3652878384705,0.17028494791775214,289,0,289,PO
query_path_6_30.graph,1,0.1,289,1440.986907367272,2610.739894070465,0.8117721130724002,289,0,289,UN
query_path_6_30.graph,1,0.1,289,1440.986907367272,1244.7988605574492,0.13614838955633843,289,0,289,WO
query_path_6_30.graph,2,0.1,289,1440.986907367272,1373.1143872976115,0.04710141342898499,289,0,289,8_POSSA
query_path_6_30.graph,2,0.1,289,1440.986907367272,1242.0797183648274,0.13803538948584493,289,0,289,MAB
query_path_6_30.graph,2,0.1,289,1440.986907367272,843.4657837976148,0.41466103579063524,289,0,289,PO
query_path_6_30.graph,2,0.1,289,1440.986907367272,1366.1495258257257,0.05193481020467868,289,0,289,UN
query_path_6_30.graph,2,0.1,289,1440.986907367272,1068.484407050668,0.2585051247947683,289,0,289,WO
query_path_6_30.graph,3,0.1,289,1440.986907367272,1460.8654899538478,0.013795116725171863,289,0,289,8_POSSA
query_path_6_30.graph,3,0.1,289,1440.986907367272,1319.4263351052807,0.08435924826276607,289,0,289,MAB
query_path_6_30.graph,3,0.1,289,1440.986907367272,1499.354660969163,0.040505401751727774,289,0,289,PO
query_path_6_30.graph,3,0.1,289,1440.986907367272,1885.134685204321,0.30822471430258924,289,0,289,UN
query_path_6_30.graph,3,0.1,289,1440.986907367272,1241.270351814237,0.13859706464503777,289,0,289,WO
query_path_6_30.graph,4,0.1,289,1440.986907367272,1378.75146826936,0.043189454935172185,289,0,289,8_POSSA
query_path_6_30.graph,4,0.1,289,1440.986907367272,1312.8863529012979,0.0888977920694767,289,0,289,MAB
query_path_6_30.graph,4,0.1,289,1440.986907367272,730.8344589828911,0.49282366463818295,289,0,289,PO
query_path_6_30.graph,4,0.1,289,1440.986907367272,2731.4885088882497,0.8955678881765585,289,0,289,UN
query_path_6_30.graph,4,0.1,289,1440.986907367272,1689.519384685129,0.17247379282018155,289,0,289,WO
query_path_6_30.graph,5,0.1,289,1440.986907367272,1451.9816234615002,0.007629990278201793,289,0,289,8_POSSA
query_path_6_30.graph,5,0.1,289,1440.986907367272,1269.8126625317145,0.11878959063430913,289,0,289,MAB
query_path_6_30.graph,5,0.1,289,1440.986907367272,1449.2769344043923,0.005753020374256204,289,0,289,PO
query_path_6_30.graph,5,0.1,289,1440.986907367272,2551.942089807324,0.7709682695658922,289,0,289,UN
query_path_6_30.graph,5,0.1,289,1440.986907367272,1902.350958382512,0.3201722712791102,289,0,289,WO
query_path_6_31.graph,1,0.1,487,2390.0285692512807,2262.122194010802,0.05351667209591037,487,0,487,8_POSSA
query_path_6_31.graph,1,0.1,487,2390.0285692512807,2221.157267169233,0.0706566039647592,487,0,487,MAB
query_path_6_31.graph,1,0.1,487,2390.0285692512807,3134.704532611867,0.31157617651150893,487,0,487,PO
query_path_6_31.graph,1,0.1,487,2390.0285692512807,526.3334447847948,0.7797794337874053,487,0,487,UN
query_path_6_31.graph,1,0.1,487,2390.0285692512807,2262.7867175700435,0.05323863208928001,487,0,487,WO
query_path_6_31.graph,2,0.1,487,2390.0285692512807,2269.740528754544,0.05032912243991259,487,0,487,8_POSSA
query_path_6_31.graph,2,0.1,487,2390.0285692512807,2135.635175821879,0.10643947804736707,487,0,487,MAB
query_path_6_31.graph,2,0.1,487,2390.0285692512807,2331.658332793956,0.024422401141259216,487,0,487,PO
query_path_6_31.graph,2,0.1,487,2390.0285692512807,2721.5299425097423,0.13870184546049605,487,0,487,UN
query_path_6_31.graph,2,0.1,487,2390.0285692512807,2521.586419269907,0.05504446754786659,487,0,487,WO
query_path_6_31.graph,3,0.1,487,2390.0285692512807,2297.187076594787,0.038845348482833414,487,0,487,8_POSSA
query_path_6_31.graph,3,0.1,487,2390.0285692512807,2768.5109471774445,0.15835893461504943,487,0,487,MAB
query_path_6_31.graph,3,0.1,487,2390.0285692512807,2331.0362154002573,0.024682698194483838,487,0,487,PO
query_path_6_31.graph,3,0.1,487,2390.0285692512807,1256.748282724471,0.47417018403333566,487,0,487,UN
query_path_6_31.graph,3,0.1,487,2390.0285692512807,2603.61401077953,0.08936522528480013,487,0,487,WO
query_path_6_31.graph,4,0.1,487,2390.0285692512807,2273.3387175232706,0.04882362212287919,487,0,487,8_POSSA
query_path_6_31.graph,4,0.1,487,2390.0285692512807,2285.2360614557374,0.04384571345453475,487,0,487,MAB
query_path_6_31.graph,4,0.1,487,2390.0285692512807,2307.0869702021296,0.034703183098407094,487,0,487,PO
query_path_6_31.graph,4,0.1,487,2390.0285692512807,4007.842907296362,0.6769016734188623,487,0,487,UN
query_path_6_31.graph,4,0.1,487,2390.0285692512807,2418.5143215719954,0.011918582349682282,487,0,487,WO
query_path_6_31.graph,5,0.1,487,2390.0285692512807,2341.795932321031,0.02018077840189136,487,0,487,8_POSSA
query_path_6_31.graph,5,0.1,487,2390.0285692512807,2579.4512567842316,0.07925540722397766,487,0,487,MAB
query_path_6_31.graph,5,0.1,487,2390.0285692512807,2419.0455012168336,0.012140830590423845,487,0,487,PO
query_path_6_31.graph,5,0.1,487,2390.0285692512807,111.81096050999496,0.9532177305541492,487,0,487,UN
query_path_6_31.graph,5,0.1,487,2390.0285692512807,2225.633712675413,0.06878363660203755,487,0,487,WO
query_path_6_32.graph,1,0.1,280,1709.7493949898221,1693.2386601456408,0.00965681572548802,280,0,280,8_POSSA
query_path_6_32.graph,1,0.1,280,1709.7493949898221,1630.0759365182444,0.046599495051759934,280,0,280,MAB
query_path_6_32.graph,1,0.1,280,1709.7493949898221,1879.9037862339499,0.09952007688538508,280,0,280,PO
query_path_6_32.graph,1,0.1,280,1709.7493949898221,7191.506258509459,3.2061756416368077,280,0,280,UN
query_path_6_32.graph,1,0.1,280,1709.7493949898221,1584.0345464958982,0.07352823101579298,280,0,280,WO
query_path_6_32.graph,2,0.1,280,1709.7493949898221,1685.4255115090232,0.014226578206184268,280,0,280,8_POSSA
query_path_6_32.graph,2,0.1,280,1709.7493949898221,1765.8491993063594,0.0328117117519853,280,0,280,MAB
query_path_6_32.graph,2,0.1,280,1709.7493949898221,1787.5422543044756,0.04549956826574374,280,0,280,PO
query_path_6_32.graph,2,0.1,280,1709.7493949898221,4616.02637680275,1.6998262963738193,280,0,280,UN
query_path_6_32.graph,2,0.1,280,1709.7493949898221,1640.6412313859626,0.04042005442807655,280,0,280,WO
query_path_6_32.graph,3,0.1,280,1709.7493949898221,1721.345413171874,0.006782291145142327,280,0,280,8_POSSA
query_path_6_32.graph,3,0.1,280,1709.7493949898221,1362.3126449809643,0.20320916680945872,280,0,280,MAB
query_path_6_32.graph,3,0.1,280,1709.7493949898221,1618.245394074974,0.053518954990121714,280,0,280,PO
query_path_6_32.graph,3,0.1,280,1709.7493949898221,2039.4613377279454,0.1928422631435328,280,0,280,UN
query_path_6_32.graph,3,0.1,280,1709.7493949898221,2616.302352262181,0.5302256341946274,280,0,280,WO
query_path_6_32.graph,4,0.1,280,1709.7493949898221,1709.4830708081959,0.00015576796365987029,280,0,280,8_POSSA
query_path_6_32.graph,4,0.1,280,1709.7493949898221,1740.3581125360245,0.017902458474848327,280,0,280,MAB
query_path_6_32.graph,4,0.1,280,1709.7493949898221,1907.0627055948646,0.1154048138184702,280,0,280,PO
query_path_6_32.graph,4,0.1,280,1709.7493949898221,5836.15564957285,2.4134567713109742,280,0,280,UN
query_path_6_32.graph,4,0.1,280,1709.7493949898221,1859.028824074103,0.0873107073596418,280,0,280,WO
query_path_6_32.graph,5,0.1,280,1709.7493949898221,1676.6609659085304,0.01935279473018246,280,0,280,8_POSSA
query_path_6_32.graph,5,0.1,280,1709.7493949898221,1875.2441155584913,0.09679472386633269,280,0,280,MAB
query_path_6_32.graph,5,0.1,280,1709.7493949898221,1697.03521555423,0.007436282459200854,280,0,280,PO
query_path_6_32.graph,5,0.1,280,1709.7493949898221,2030.4712204181856,0.1875841140041887,280,0,280,UN
query_path_6_32.graph,5,0.1,280,1709.7493949898221,1880.2695964226923,0.09973403232810342,280,0,280,WO
query_path_6_34.graph,1,0.1,290,1440.986907367272,1356.9153562646698,0.058343036062835224,290,0,290,8_POSSA
query_path_6_34.graph,1,0.1,290,1440.986907367272,1591.9507403097982,0.10476419471315111,290,0,290,MAB
query_path_6_34.graph,1,0.1,290,1440.986907367272,1241.5464621627816,0.13840545266915313,290,0,290,PO
query_path_6_34.graph,1,0.1,290,1440.986907367272,1196.2720461110346,0.16982448626361152,290,0,290,UN
query_path_6_34.graph,1,0.1,290,1440.986907367272,1318.3331545802773,0.08511788147408418,290,0,290,WO
query_path_6_34.graph,2,0.1,290,1440.986907367272,1417.831832598378,0.016068900175643462,290,0,290,8_POSSA
query_path_6_34.graph,2,0.1,290,1440.986907367272,1423.0174257524923,0.012470260154972837,290,0,290,MAB
query_path_6_34.graph,2,0.1,290,1440.986907367272,1460.232667682146,0.013355957792869012,290,0,290,PO
query_path_6_34.graph,2,0.1,290,1440.986907367272,2851.7371927903982,0.9790167268074705,290,0,290,UN
query_path_6_34.graph,2,0.1,290,1440.986907367272,1351.7163204103579,0.06195100489845128,290,0,290,WO
query_path_6_34.graph,3,0.1,290,1440.986907367272,1345.0644530915765,0.06656719348751662,290,0,290,8_POSSA
query_path_6_34.graph,3,0.1,290,1440.986907367272,1511.0132391651339,0.04859609163680902,290,0,290,MAB
query_path_6_34.graph,3,0.1,290,1440.986907367272,1420.1530408461028,0.014458054000805033,290,0,290,PO
query_path_6_34.graph,3,0.1,290,1440.986907367272,502.1617749998599,0.6515153798882704,290,0,290,UN
query_path_6_34.graph,3,0.1,290,1440.986907367272,2123.499060167091,0.47364216101504364,290,0,290,WO
query_path_6_34.graph,4,0.1,290,1440.986907367272,1362.486236479152,0.054477018831172494,290,0,290,8_POSSA
query_path_6_34.graph,4,0.1,290,1440.986907367272,1317.8869082485069,0.08542756251940732,290,0,290,MAB
query_path_6_34.graph,4,0.1,290,1440.986907367272,1122.6572108013252,0.22091088748859283,290,0,290,PO
query_path_6_34.graph,4,0.1,290,1440.986907367272,170.04182037749126,0.8819962766433714,290,0,290,UN
query_path_6_34.graph,4,0.1,290,1440.986907367272,1846.5093659915312,0.28141994667055065,290,0,290,WO
query_path_6_34.graph,5,0.1,290,1440.986907367272,1347.0077026778445,0.06521863884324278,290,0,290,8_POSSA
query_path_6_34.graph,5,0.1,290,1440.986907367272,1406.7642889067802,0.023749430536476924,290,0,290,MAB
query_path_6_34.graph,5,0.1,290,1440.986907367272,1514.153061466029,0.05077503044939796,290,0,290,PO
query_path_6_34.graph,5,0.1,290,1440.986907367272,998.4807043034056,0.30708551257577976,290,0,290,UN
query_path_6_34.graph,5,0.1,290,1440.986907367272,1648.6990780892265,0.14414577235920295,290,0,290,WO
query_path_6_36.graph,1,0.1,468,2480.791833792202,2423.329673170381,0.02316283044756036,468,0,468,8_POSSA
query_path_6_36.graph,1,0.1,468,2480.791833792202,2370.055696035022,0.044637416267170646,468,0,468,MAB
query_path_6_36.graph,1,0.1,468,2480.791833792202,2746.983682696887,0.1073011629910832,468,0,468,PO
query_path_6_36.graph,1,0.1,468,2480.791833792202,262.99830016069194,0.8939861472541749,468,0,468,UN
query_path_6_36.graph,1,0.1,468,2480.791833792202,3028.987814854926,0.22097621154481858,468,0,468,WO
query_path_6_36.graph,2,0.1,468,2480.791833792202,2409.307067691122,0.028815302085143706,468,0,468,8_POSSA
query_path_6_36.graph,2,0.1,468,2480.791833792202,2487.2839085953915,0.002616936542098174,468,0,468,MAB
query_path_6_36.graph,2,0.1,468,2480.791833792202,2878.1613127171845,0.16017848555940842,468,0,468,PO
query_path_6_36.graph,2,0.1,468,2480.791833792202,574.3711873024654,0.7684726386637338,468,0,468,UN
query_path_6_36.graph,2,0.1,468,2480.791833792202,2574.7373432224585,0.03786916264015957,468,0,468,WO
query_path_6_36.graph,3,0.1,468,2480.791833792202,2412.6990772382687,0.027447992865183242,468,0,468,8_POSSA
query_path_6_36.graph,3,0.1,468,2480.791833792202,2379.77819131501,0.04071830659115792,468,0,468,MAB
query_path_6_36.graph,3,0.1,468,2480.791833792202,1944.6219595482382,0.21612852273234096,468,0,468,PO
query_path_6_36.graph,3,0.1,468,2480.791833792202,1747.3570661467757,0.2956454296789099,468,0,468,UN
query_path_6_36.graph,3,0.1,468,2480.791833792202,1921.0118667682646,0.22564568272068333,468,0,468,WO
query_path_6_36.graph,4,0.1,468,2480.791833792202,2410.335512862654,0.028400738816463527,468,0,468,8_POSSA
query_path_6_36.graph,4,0.1,468,2480.791833792202,2279.869440688189,0.08099123447890334,468,0,468,MAB
query_path_6_36.graph,4,0.1,468,2480.791833792202,3146.3370126284067,0.26827933314293256,468,0,468,PO
query_path_6_36.graph,4,0.1,468,2480.791833792202,2205.5166200824183,0.11096264102457598,468,0,468,UN
query_path_6_36.graph,4,0.1,468,2480.791833792202,1894.8958239147087,0.23617298392258798,468,0,468,WO
query_path_6_36.graph,5,0.1,468,2480.791833792202,2378.07930288654,0.04140312359407152,468,0,468,8_POSSA
query_path_6_36.graph,5,0.1,468,2480.791833792202,2151.5179717806423,0.13272933969160292,468,0,468,MAB
query_path_6_36.graph,5,0.1,468,2480.791833792202,2500.432268175277,0.007917002190809423,468,0,468,PO
query_path_6_36.graph,5,0.1,468,2480.791833792202,2786.610717584653,0.123274705933294,468,0,468,UN
query_path_6_36.graph,5,0.1,468,2480.791833792202,2188.5862007667515,0.11778724399409901,468,0,468,WO
query_path_6_37.graph,1,0.1,412,2936.26155161499,2802.3523750015293,0.04560532985891823,412,0,412,8_POSSA
query_path_6_37.graph,1,0.1,412,2936.26155161499,2884.091374112776,0.017767551216109966,412,0,412,MAB
query_path_6_37.graph,1,0.1,412,2936.26155161499,2985.52117697491,0.01677630704690676,412,0,412,PO
query_path_6_37.graph,1,0.1,412,2936.26155161499,16410.51014993776,4.588912929405667,412,0,412,UN
query_path_6_37.graph,1,0.1,412,2936.26155161499,3417.26423491623,0.16381465848527058,412,0,412,WO
query_path_6_37.graph,2,0.1,412,2936.26155161499,2894.024729768258,0.014384557064918445,412,0,412,8_POSSA
query_path_6_37.graph,2,0.1,412,2936.26155161499,2608.438581357963,0.11164637907570571,412,0,412,MAB
query_path_6_37.graph,2,0.1,412,2936.26155161499,2633.4246154746575,0.10313690753256208,412,0,412,PO
query_path_6_37.graph,2,0.1,412,2936.26155161499,1282.456407411551,0.5632349554466018,412,0,412,UN
query_path_6_37.graph,2,0.1,412,2936.26155161499,2519.4052733962553,0.14196837403311605,412,0,412,WO
query_path_6_37.graph,3,0.1,412,2936.26155161499,2847.4846566502956,0.030234668609772045,412,0,412,8_POSSA
query_path_6_37.graph,3,0.1,412,2936.26155161499,2759.503510752443,0.060198329663557065,412,0,412,MAB
query_path_6_37.graph,3,0.1,412,2936.26155161499,2617.804425880428,0.10845666168921686,412,0,412,PO
query_path_6_37.graph,3,0.1,412,2936.26155161499,441.71961337577517,0.8495639418999229,412,0,412,UN
query_path_6_37.graph,3,0.1,412,2936.26155161499,3612.7973990849946,0.23040721528976169,412,0,412,WO
query_path_6_37.graph,4,0.1,412,2936.26155161499,2844.1007760290604,0.03138711384046821,412,0,412,8_POSSA
query_path_6_37.graph,4,0.1,412,2936.26155161499,2772.5946567193637,0.0557398896585377,412,0,412,MAB
query_path_6_37.graph,4,0.1,412,2936.26155161499,2763.3499132583456,0.058888363763623226,412,0,412,PO
query_path_6_37.graph,4,0.1,412,2936.26155161499,10056.581748740584,2.4249611527996566,412,0,412,UN
query_path_6_37.graph,4,0.1,412,2936.26155161499,1985.982657155856,0.32363564272279,412,0,412,WO
query_path_6_37.graph,5,0.1,412,2936.26155161499,2778.570132339683,0.053704827210836935,412,0,412,8_POSSA
query_path_6_37.graph,5,0.1,412,2936.26155161499,2583.859011708335,0.12001742137475051,412,0,412,MAB
query_path_6_37.graph,5,0.1,412,2936.26155161499,2313.2365775141852,0.2121830644678541,412,0,412,PO
query_path_6_37.graph,5,0.1,412,2936.26155161499,125.63300091110257,0.9572132799811371,412,0,412,UN
query_path_6_37.graph,5,0.1,412,2936.26155161499,3970.972740429119,0.35239067454499123,412,0,412,WO
query_path_6_38.graph,1,0.1,276,1709.7493949898221,1752.2801823958932,0.024875451063589522,276,0,276,8_POSSA
query_path_6_38.graph,1,0.1,276,1709.7493949898221,0.01584618979520945,0.9999907318640723,276,0,276,MAB
query_path_6_38.graph,1,0.1,276,1709.7493949898221,1983.5834912723144,0.1601603703355148,276,0,276,PO
query_path_6_38.graph,1,0.1,276,1709.7493949898221,720.3601444662435,0.5786750113337331,276,0,276,UN
query_path_6_38.graph,1,0.1,276,1709.7493949898221,1390.6036499408744,0.18666229447669874,276,0,276,WO
query_path_6_38.graph,2,0.1,276,1709.7493949898221,1866.3467965838747,0.09159085071352506,276,0,276,8_POSSA
query_path_6_38.graph,2,0.1,276,1709.7493949898221,1955.1807172898357,0.14354812642087503,276,0,276,MAB
query_path_6_38.graph,2,0.1,276,1709.7493949898221,2057.2036044835972,0.20321937853111127,276,0,276,PO
query_path_6_38.graph,2,0.1,276,1709.7493949898221,1377.9296065070391,0.19407510214955115,276,0,276,UN
query_path_6_38.graph,2,0.1,276,1709.7493949898221,1819.2430456619393,0.06404076000434494,276,0,276,WO
query_path_6_38.graph,3,0.1,276,1709.7493949898221,1856.7185088913861,0.08595944781863128,276,0,276,8_POSSA
query_path_6_38.graph,3,0.1,276,1709.7493949898221,1960.796234792938,0.14683253612416713,276,0,276,MAB
query_path_6_38.graph,3,0.1,276,1709.7493949898221,1379.2878264138462,0.19328070508130993,276,0,276,PO
query_path_6_38.graph,3,0.1,276,1709.7493949898221,106.92326220051264,0.9374626114716952,276,0,276,UN
query_path_6_38.graph,3,0.1,276,1709.7493949898221,1537.226944879156,0.10090510961209792,276,0,276,WO
query_path_6_38.graph,4,0.1,276,1709.7493949898221,1800.5215781731358,0.05309092867604381,276,0,276,8_POSSA
query_path_6_38.graph,4,0.1,276,1709.7493949898221,1662.0115715734994,0.02792094768754511,276,0,276,MAB
query_path_6_38.graph,4,0.1,276,1709.7493949898221,1988.5201572501721,0.163047732654416,276,0,276,PO
query_path_6_38.graph,4,0.1,276,1709.7493949898221,1177.9921363493286,0.3110147371297412,276,0,276,UN
query_path_6_38.graph,4,0.1,276,1709.7493949898221,1631.5687486823826,0.045726377524411915,276,0,276,WO
query_path_6_38.graph,5,0.1,276,1709.7493949898221,1809.918380191643,0.05858693998977393,276,0,276,8_POSSA
query_path_6_38.graph,5,0.1,276,1709.7493949898221,2130.330070828483,0.24598966203533257,276,0,276,MAB
query_path_6_38.graph,5,0.1,276,1709.7493949898221,2238.1565232527337,0.30905530939875375,276,0,276,PO
query_path_6_38.graph,5,0.1,276,1709.7493949898221,590.1602263550485,0.6548264745205179,276,0,276,UN
query_path_6_38.graph,5,0.1,276,1709.7493949898221,1453.9756356801463,0.1495972217093245,276,0,276,WO
query_path_6_39.graph,1,0.1,288,1440.986907367272,1654.1565627431912,0.14793309660626058,288,0,288,8_POSSA
query_path_6_39.graph,1,0.1,288,1440.986907367272,1600.576360790451,0.11075010647720178,288,0,288,MAB
query_path_6_39.graph,1,0.1,288,1440.986907367272,1612.7991033406665,0.11923230883984982,288,0,288,PO
query_path_6_39.graph,1,0.1,288,1440.986907367272,3752.1976956962676,1.6039082496257027,288,0,288,UN
query_path_6_39.graph,1,0.1,288,1440.986907367272,1765.3591443855464,0.22510422222427595,288,0,288,WO
query_path_6_39.graph,2,0.1,288,1440.986907367272,1625.163820837699,0.12781303739041183,288,0,288,8_POSSA
query_path_6_39.graph,2,0.1,288,1440.986907367272,1519.1461513269073,0.05424007918464354,288,0,288,MAB
query_path_6_39.graph,2,0.1,288,1440.986907367272,1466.369516617241,0.017614739676118214,288,0,288,PO
query_path_6_39.graph,2,0.1,288,1440.986907367272,628.2140494832414,0.5640390302844541,288,0,288,UN
query_path_6_39.graph,2,0.1,288,1440.986907367272,1604.7640964955995,0.11365626453022644,288,0,288,WO
query_path_6_39.graph,3,0.1,288,1440.986907367272,1658.1720138208802,0.15071969449771916,288,0,288,8_POSSA
query_path_6_39.graph,3,0.1,288,1440.986907367272,1671.9519115124176,0.16028251399391685,288,0,288,MAB
query_path_6_39.graph,3,0.1,288,1440.986907367272,1511.544892083524,0.04896504219123251,288,0,288,PO
query_path_6_39.graph,3,0.1,288,1440.986907367272,3294.9184830212116,1.2865707288355108,288,0,288,UN
query_path_6_39.graph,3,0.1,288,1440.986907367272,2080.2035019921404,0.44359639310862115,288,0,288,WO
query_path_6_39.graph,4,0.1,288,1440.986907367272,1672.0578644553307,0.16035604203388124,288,0,288,8_POSSA
query_path_6_39.graph,4,0.1,288,1440.986907367272,1505.9698136003956,0.04509611149198398,288,0,288,MAB
query_path_6_39.graph,4,0.1,288,1440.986907367272,1653.744648901767,0.1476472412391381,288,0,288,PO
query_path_6_39.graph,4,0.1,288,1440.986907367272,2235.6571809350776,0.5514764010033187,288,0,288,UN
query_path_6_39.graph,4,0.1,288,1440.986907367272,1305.688042639592,0.09389319502900637,288,0,288,WO
query_path_6_39.graph,5,0.1,288,1440.986907367272,1636.7000198850026,0.13581879996071905,288,0,288,8_POSSA
query_path_6_39.graph,5,0.1,288,1440.986907367272,1452.4246561939513,0.007937441185760999,288,0,288,MAB
query_path_6_39.graph,5,0.1,288,1440.986907367272,857.9030430817028,0.40464202783832476,288,0,288,PO
query_path_6_39.graph,5,0.1,288,1440.986907367272,2254.4860157995604,0.5645430255286474,288,0,288,UN
query_path_6_39.graph,5,0.1,288,1440.986907367272,1602.2909852341313,0.11194000239847217,288,0,288,WO
query_path_6_40.graph,1,0.1,412,1990.2806816762702,1940.9368650887914,0.024792390863142024,412,0,412,8_POSSA
query_path_6_40.graph,1,0.1,412,1990.2806816762702,2008.082468717666,0.008944360062020294,412,0,412,MAB
query_path_6_40.graph,1,0.1,412,1990.2806816762702,2113.556483594021,0.061938902915906466,412,0,412,PO
query_path_6_40.graph,1,0.1,412,1990.2806816762702,4503.886479447917,1.262940358570238,412,0,412,UN
query_path_6_40.graph,1,0.1,412,1990.2806816762702,2279.5241214278853,0.14532796424874417,412,0,412,WO
query_path_6_40.graph,2,0.1,412,1990.2806816762702,1996.4692955263183,0.0031094176349216684,412,0,412,8_POSSA
query_path_6_40.graph,2,0.1,412,1990.2806816762702,2129.610352932584,0.07000503624391642,412,0,412,MAB
query_path_6_40.graph,2,0.1,412,1990.2806816762702,1965.5317317147794,0.012434904377731548,412,0,412,PO
query_path_6_40.graph,2,0.1,412,1990.2806816762702,3634.1854545862075,0.8259663011577817,412,0,412,UN
query_path_6_40.graph,2,0.1,412,1990.2806816762702,2290.5409645671093,0.15086328559344278,412,0,412,WO
query_path_6_40.graph,3,0.1,412,1990.2806816762702,2039.7770705107264,0.02486904952158252,412,0,412,8_POSSA
query_path_6_40.graph,3,0.1,412,1990.2806816762702,2108.0374424853208,0.059165906544333485,412,0,412,MAB
query_path_6_40.graph,3,0.1,412,1990.2806816762702,1946.447166826531,0.02202378551593106,412,0,412,PO
query_path_6_40.graph,3,0.1,412,1990.2806816762702,641.5258821380003,0.6776706481431105,412,0,412,UN
query_path_6_40.graph,3,0.1,412,1990.2806816762702,2267.892794050465,0.13948390040161676,412,0,412,WO
query_path_6_40.graph,4,0.1,412,1990.2806816762702,2074.70790941344,0.042419759441197476,412,0,412,8_POSSA
query_path_6_40.graph,4,0.1,412,1990.2806816762702,2134.7082930882834,0.07256645393873402,412,0,412,MAB
query_path_6_40.graph,4,0.1,412,1990.2806816762702,1845.6602086938242,0.07266335563315753,412,0,412,PO
query_path_6_40.graph,4,0.1,412,1990.2806816762702,2015.1277461511495,0.012484201200180668,412,0,412,UN
query_path_6_40.graph,4,0.1,412,1990.2806816762702,1622.3534961627188,0.18486195886887313,412,0,412,WO
query_path_6_40.graph,5,0.1,412,1990.2806816762702,2078.0801760807212,0.04411412682280764,412,0,412,8_POSSA
query_path_6_40.graph,5,0.1,412,1990.2806816762702,1858.7220332106722,0.066100550378048,412,0,412,MAB
query_path_6_40.graph,5,0.1,412,1990.2806816762702,2000.6524359374093,0.0052112017951175356,412,0,412,PO
query_path_6_40.graph,5,0.1,412,1990.2806816762702,1522.6448058175229,0.23495976229086005,412,0,412,UN
query_path_6_40.graph,5,0.1,412,1990.2806816762702,2177.2195871959743,0.09392590062335275,412,0,412,WO
query_path_6_42.graph,1,0.1,295,1440.986907367272,1636.380390941989,0.1355969874366916,295,0,295,8_POSSA
query_path_6_42.graph,1,0.1,295,1440.986907367272,1836.747891209487,0.2746457874244554,295,0,295,MAB
query_path_6_42.graph,1,0.1,295,1440.986907367272,1634.2356396298082,0.13410859687518453,295,0,295,PO
query_path_6_42.graph,1,0.1,295,1440.986907367272,753.6672034731469,0.47697845162929314,295,0,295,UN
query_path_6_42.graph,1,0.1,295,1440.986907367272,1566.8177707918728,0.08732269723012115,295,0,295,WO
query_path_6_42.graph,2,0.1,295,1440.986907367272,1650.6645921469876,0.14550977785273803,295,0,295,8_POSSA
query_path_6_42.graph,2,0.1,295,1440.986907367272,1668.7680333037576,0.15807300175450517,295,0,295,MAB
query_path_6_42.graph,2,0.1,295,1440.986907367272,1645.036122234548,0.14160379516568986,295,0,295,PO
query_path_6_42.graph,2,0.1,295,1440.986907367272,849.6552864594173,0.4103657138622001,295,0,295,UN
query_path_6_42.graph,2,0.1,295,1440.986907367272,1698.472324241229,0.1786868538204771,295,0,295,WO
query_path_6_42.graph,3,0.1,295,1440.986907367272,1670.2646272866625,0.15911159133172706,295,0,295,8_POSSA
query_path_6_42.graph,3,0.1,295,1440.986907367272,1894.6024247819907,0.3147950304721981,295,0,295,MAB
query_path_6_42.graph,3,0.1,295,1440.986907367272,1605.2562914234109,0.11399783246904321,295,0,295,PO
query_path_6_42.graph,3,0.1,295,1440.986907367272,960.2366556078786,0.33362569035255085,295,0,295,UN
query_path_6_42.graph,3,0.1,295,1440.986907367272,1170.178863369211,0.1879323417954127,295,0,295,WO
query_path_6_42.graph,4,0.1,295,1440.986907367272,1598.081069238015,0.1090184519148471,295,0,295,8_POSSA
query_path_6_42.graph,4,0.1,295,1440.986907367272,1524.4225034135563,0.057901703075653815,295,0,295,MAB
query_path_6_42.graph,4,0.1,295,1440.986907367272,1605.697670007511,0.11430413544920466,295,0,295,PO
query_path_6_42.graph,4,0.1,295,1440.986907367272,3655.1185424943974,1.5365383431362418,295,0,295,UN
query_path_6_42.graph,4,0.1,295,1440.986907367272,1264.1810914182067,0.12269772545823814,295,0,295,WO
query_path_6_42.graph,5,0.1,295,1440.986907367272,1691.9448862512716,0.17415701530731303,295,0,295,8_POSSA
query_path_6_42.graph,5,0.1,295,1440.986907367272,1582.7065600451863,0.09834902173874752,295,0,295,MAB
query_path_6_42.graph,5,0.1,295,1440.986907367272,1768.8971473843687,0.22755948603044499,295,0,295,PO
query_path_6_42.graph,5,0.1,295,1440.986907367272,555.8942133350505,0.6142267424548037,295,0,295,UN
query_path_6_42.graph,5,0.1,295,1440.986907367272,2029.7611291350704,0.40859095856985084,295,0,295,WO
query_path_6_45.graph,1,0.1,291,1440.986907367272,1381.989088239539,0.04094264758832811,291,0,291,8_POSSA
query_path_6_45.graph,1,0.1,291,1440.986907367272,1155.995868085892,0.19777489845627222,291,0,291,MAB
query_path_6_45.graph,1,0.1,291,1440.986907367272,1330.5521171651117,0.07663830228959403,291,0,291,PO
query_path_6_45.graph,1,0.1,291,1440.986907367272,1648.1682382333415,0.1437773860448159,291,0,291,UN
query_path_6_45.graph,1,0.1,291,1440.986907367272,1343.7977037817352,0.06744627802559594,291,0,291,WO
query_path_6_45.graph,2,0.1,291,1440.986907367272,1417.8550366051477,0.016052797318184424,291,0,291,8_POSSA
query_path_6_45.graph,2,0.1,291,1440.986907367272,1229.7918755696014,0.14656276938943907,291,0,291,MAB
query_path_6_45.graph,2,0.1,291,1440.986907367272,1164.3567016128832,0.19197274058499306,291,0,291,PO
query_path_6_45.graph,2,0.1,291,1440.986907367272,4732.624888963069,2.2842941630952933,291,0,291,UN
query_path_6_45.graph,2,0.1,291,1440.986907367272,1226.3530720240733,0.1489491918669416,291,0,291,WO
query_path_6_45.graph,3,0.1,291,1440.986907367272,1359.203208155253,0.056755338160178255,291,0,291,8_POSSA
query_path_6_45.graph,3,0.1,291,1440.986907367272,1403.0170839015464,0.026349874014537436,291,0,291,MAB
query_path_6_45.graph,3,0.1,291,1440.986907367272,1277.157975176044,0.11369217260311446,291,0,291,PO
query_path_6_45.graph,3,0.1,291,1440.986907367272,92.17001195270589,0.9360368845258259,291,0,291,UN
query_path_6_45.graph,3,0.1,291,1440.986907367272,1807.3932881056246,0.25427460781568695,291,0,291,WO
query_path_6_45.graph,4,0.1,291,1440.986907367272,1381.3116401243412,0.041412775465086794,291,0,291,8_POSSA
query_path_6_45.graph,4,0.1,291,1440.986907367272,1350.7478547109713,0.06262308990799241,291,0,291,MAB
query_path_6_45.graph,4,0.1,291,1440.986907367272,1354.1195631472765,0.06028322934502212,291,0,291,PO
query_path_6_45.graph,4,0.1,291,1440.986907367272,2179.815387514457,0.5127239368864551,291,0,291,UN
query_path_6_45.graph,4,0.1,291,1440.986907367272,1148.5530669112309,0.2029399704889247,291,0,291,WO
query_path_6_45.graph,5,0.1,291,1440.986907367272,1407.460082440638,0.02326657151097125,291,0,291,8_POSSA
query_path_6_45.graph,5,0.1,291,1440.986907367272,1338.2668402419822,0.07128452493226498,291,0,291,MAB
query_path_6_45.graph,5,0.1,291,1440.986907367272,1100.51481670979,0.23627701883810662,291,0,291,PO
query_path_6_45.graph,5,0.1,291,1440.986907367272,664.2934008265604,0.5390010849992765,291,0,291,UN
query_path_6_45.graph,5,0.1,291,1440.986907367272,940.7211475111012,0.34716884469836845,291,0,291,WO
query_path_6_48.graph,1,0.1,610,2471.0802903756594,2532.791692900496,0.0249734509903177,610,0,610,8_POSSA
query_path_6_48.graph,1,0.1,610,2471.0802903756594,2656.4683530444904,0.07502308338214615,610,0,610,MAB
query_path_6_48.graph,1,0.1,610,2471.0802903756594,2724.123225652981,0.10240174561015722,610,0,610,PO
query_path_6_48.graph,1,0.1,610,2471.0802903756594,656.5930207967125,0.7342890786050114,610,0,610,UN
query_path_6_48.graph,1,0.1,610,2471.0802903756594,3478.99580027555,0.4078845652346914,610,0,610,WO
query_path_6_48.graph,2,0.1,610,2471.0802903756594,2655.7544944950237,0.07473419817180027,610,0,610,8_POSSA
query_path_6_48.graph,2,0.1,610,2471.0802903756594,2451.384063400661,0.007970694862368915,610,0,610,MAB
query_path_6_48.graph,2,0.1,610,2471.0802903756594,2144.134080729656,0.13230901922506946,610,0,610,PO
query_path_6_48.graph,2,0.1,610,2471.0802903756594,2483.587715718823,0.005061521226921403,610,0,610,UN
query_path_6_48.graph,2,0.1,610,2471.0802903756594,2055.2645145002725,0.16827287138135588,610,0,610,WO
query_path_6_48.graph,3,0.1,610,2471.0802903756594,2513.650279420938,0.01722727877806319,610,0,610,8_POSSA
query_path_6_48.graph,3,0.1,610,2471.0802903756594,2532.6954222870695,0.024934492072713366,610,0,610,MAB
query_path_6_48.graph,3,0.1,610,2471.0802903756594,2235.98029887225,0.09514057168400182,610,0,610,PO
query_path_6_48.graph,3,0.1,610,2471.0802903756594,3095.763424533787,0.2527975867846698,610,0,610,UN
query_path_6_48.graph,3,0.1,610,2471.0802903756594,2299.494217445693,0.0694376761444209,610,0,610,WO
query_path_6_48.graph,4,0.1,610,2471.0802903756594,2519.988642550887,0.019792295849598865,610,0,610,8_POSSA
query_path_6_48.graph,4,0.1,610,2471.0802903756594,2566.2152156629136,0.03849932584456475,610,0,610,MAB
query_path_6_48.graph,4,0.1,610,2471.0802903756594,2770.357520855488,0.12111190059078647,610,0,610,PO
query_path_6_48.graph,4,0.1,610,2471.0802903756594,925.3370070484178,0.6255334111755041,610,0,610,UN
query_path_6_48.graph,4,0.1,610,2471.0802903756594,2301.345836720961,0.06868836043724626,610,0,610,WO
query_path_6_48.graph,5,0.1,610,2471.0802903756594,2600.5386895006454,0.05238939407561924,610,0,610,8_POSSA
query_path_6_48.graph,5,0.1,610,2471.0802903756594,2503.111225023311,0.012962320476758812,610,0,610,MAB
query_path_6_48.graph,5,0.1,610,2471.0802903756594,2474.992507249699,0.0015832010353030019,610,0,610,PO
query_path_6_48.graph,5,0.1,610,2471.0802903756594,1386.1877437132193,0.4390357330305573,610,0,610,UN
query_path_6_48.graph,5,0.1,610,2471.0802903756594,2269.8893389938803,0.08141821703057393,610,0,610,WO
query_path_6_49.graph,1,0.1,280,1709.7493949898221,1683.4544436289343,0.01537941843286591,280,0,280,8_POSSA
query_path_6_49.graph,1,0.1,280,1709.7493949898221,1600.794697112467,0.06372553673458307,280,0,280,MAB
query_path_6_49.graph,1,0.1,280,1709.7493949898221,1569.193182512633,0.08220866338018257,280,0,280,PO
query_path_6_49.graph,1,0.1,280,1709.7493949898221,1186.1059149688926,0.30626914187271675,280,0,280,UN
query_path_6_49.graph,1,0.1,280,1709.7493949898221,1379.1394406280183,0.19336749311367465,280,0,280,WO
query_path_6_49.graph,2,0.1,280,1709.7493949898221,1729.0964562118054,0.011315729240014404,280,0,280,8_POSSA
query_path_6_49.graph,2,0.1,280,1709.7493949898221,1517.0595679610274,0.11270062594754818,280,0,280,MAB
query_path_6_49.graph,2,0.1,280,1709.7493949898221,2115.652129488094,0.2374048124758589,280,0,280,PO
query_path_6_49.graph,2,0.1,280,1709.7493949898221,754.497974928198,0.5587084416352787,280,0,280,UN
query_path_6_49.graph,2,0.1,280,1709.7493949898221,1322.5449004200646,0.22646856650711816,280,0,280,WO
query_path_6_49.graph,3,0.1,280,1709.7493949898221,1673.6736874598685,0.02109999724852566,280,0,280,8_POSSA
query_path_6_49.graph,3,0.1,280,1709.7493949898221,1779.6415972987131,0.040878623799312445,280,0,280,MAB
query_path_6_49.graph,3,0.1,280,1709.7493949898221,1862.6421531081833,0.08942407499390943,280,0,280,PO
query_path_6_49.graph,3,0.1,280,1709.7493949898221,980.2254112987882,0.4266847444595099,280,0,280,UN
query_path_6_49.graph,3,0.1,280,1709.7493949898221,2144.0552923783944,0.25401728385530886,280,0,280,WO
query_path_6_49.graph,4,0.1,280,1709.7493949898221,1666.2153394586583,0.025462243565480547,280,0,280,8_POSSA
query_path_6_49.graph,4,0.1,280,1709.7493949898221,1519.2173446074348,0.1114385833039125,280,0,280,MAB
query_path_6_49.graph,4,0.1,280,1709.7493949898221,1660.4890078407118,0.02881146634323188,280,0,280,PO
query_path_6_49.graph,4,0.1,280,1709.7493949898221,1023.182692705176,0.4015598451425293,280,0,280,UN
query_path_6_49.graph,4,0.1,280,1709.7493949898221,2088.837777083284,0.22172160622154719,280,0,280,WO
query_path_6_49.graph,5,0.1,280,1709.7493949898221,1698.4561196030613,0.006605222624937981,280,0,280,8_POSSA
query_path_6_49.graph,5,0.1,280,1709.7493949898221,1475.7573008776062,0.13685753877024115,280,0,280,MAB
query_path_6_49.graph,5,0.1,280,1709.7493949898221,1595.7863674543892,0.06665481378112222,280,0,280,PO
query_path_6_49.graph,5,0.1,280,1709.7493949898221,3820.6404420906174,1.2346201456695711,280,0,280,UN
query_path_6_49.graph,5,0.1,280,1709.7493949898221,1417.837273494155,0.17073386447807742,280,0,280,WO
query_path_6_5.graph,1,0.1,599,2471.0802903756594,2521.7235102487152,0.020494364375896884,599,0,599,8_POSSA
query_path_6_5.graph,1,0.1,599,2471.0802903756594,2427.5557017689216,0.01761358737563362,599,0,599,MAB
query_path_6_5.graph,1,0.1,599,2471.0802903756594,2327.1578844962796,0.058242707224013486,599,0,599,PO
query_path_6_5.graph,1,0.1,599,2471.0802903756594,625.4094072035526,0.7469085040905423,599,0,599,UN
query_path_6_5.graph,1,0.1,599,2471.0802903756594,2444.735260352448,0.010661341165570194,599,0,599,WO
query_path_6_5.graph,2,0.1,599,2471.0802903756594,2537.464600709121,0.02686448942675582,599,0,599,8_POSSA
query_path_6_5.graph,2,0.1,599,2471.0802903756594,2242.657940115619,0.09243825510231195,599,0,599,MAB
query_path_6_5.graph,2,0.1,599,2471.0802903756594,2616.121483190392,0.05869545938253721,599,0,599,PO
query_path_6_5.graph,2,0.1,599,2471.0802903756594,906.7214252995943,0.6330667891160459,599,0,599,UN
query_path_6_5.graph,2,0.1,599,2471.0802903756594,2149.2621837580737,0.13023377179244233,599,0,599,WO
query_path_6_5.graph,3,0.1,599,2471.0802903756594,2522.9284778864785,0.02098199225365398,599,0,599,8_POSSA
query_path_6_5.graph,3,0.1,599,2471.0802903756594,2489.4080159929604,0.007416887945196941,599,0,599,MAB
query_path_6_5.graph,3,0.1,599,2471.0802903756594,2652.968243704058,0.07360665456189909,599,0,599,PO
query_path_6_5.graph,3,0.1,599,2471.0802903756594,399.86752863810716,0.8381810861445872,599,0,599,UN
query_path_6_5.graph,3,0.1,599,2471.0802903756594,3235.809109493721,0.30947145752265526,599,0,599,WO
query_path_6_5.graph,4,0.1,599,2471.0802903756594,2399.4558058250195,0.028985089974454592,599,0,599,8_POSSA
query_path_6_5.graph,4,0.1,599,2471.0802903756594,2778.227395518989,0.124296691750407,599,0,599,MAB
query_path_6_5.graph,4,0.1,599,2471.0802903756594,2789.3416771783504,0.12879443377143696,599,0,599,PO
query_path_6_5.graph,4,0.1,599,2471.0802903756594,2689.3400833568294,0.08832565814686241,599,0,599,UN
query_path_6_5.graph,4,0.1,599,2471.0802903756594,2278.71511003883,0.07784659247457537,599,0,599,WO
query_path_6_5.graph,5,0.1,599,2471.0802903756594,2503.839373608981,0.013256988597623259,599,0,599,8_POSSA
query_path_6_5.graph,5,0.1,599,2471.0802903756594,2515.756730655219,0.01807972021531034,599,0,599,MAB
query_path_6_5.graph,5,0.1,599,2471.0802903756594,2509.464926772205,0.015533544800646889,599,0,599,PO
query_path_6_5.graph,5,0.1,599,2471.0802903756594,541.0198215535005,0.7810593918535712,599,0,599,UN
query_path_6_5.graph,5,0.1,599,2471.0802903756594,2140.15067947556,0.13392102724828525,599,0,599,WO
query_path_6_50.graph,1,0.1,181,2315.4937853527836,2354.0996154983095,0.016672828227713876,181,0,181,8_POSSA
query_path_6_50.graph,1,0.1,181,2315.4937853527836,0.019758840863027313,0.9999914666836991,181,0,181,MAB
query_path_6_50.graph,1,0.1,181,2315.4937853527836,2514.232707233623,0.08583003899125558,181,0,181,PO
query_path_6_50.graph,1,0.1,181,2315.4937853527836,275.3525146346918,0.8810825939691566,181,0,181,UN
query_path_6_50.graph,1,0.1,181,2315.4937853527836,6317.949148955824,1.7285537058754123,181,0,181,WO
query_path_6_50.graph,2,0.1,181,2315.4937853527836,2414.3660362140267,0.04270028772553117,181,0,181,8_POSSA
query_path_6_50.graph,2,0.1,181,2315.4937853527836,2346.7861633704792,0.01351434334034632,181,0,181,MAB
query_path_6_50.graph,2,0.1,181,2315.4937853527836,2260.1516807310686,0.023900778733156113,181,0,181,PO
query_path_6_50.graph,2,0.1,181,2315.4937853527836,1337.133158800808,0.4225278567970394,181,0,181,UN
query_path_6_50.graph,2,0.1,181,2315.4937853527836,2749.1913108627523,0.18730239236806742,181,0,181,WO
query_path_6_50.graph,3,0.1,181,2315.4937853527836,2428.6692650966693,0.04887747074071397,181,0,181,8_POSSA
query_path_6_50.graph,3,0.1,181,2315.4937853527836,2270.795731601771,0.019303897092603294,181,0,181,MAB
query_path_6_50.graph,3,0.1,181,2315.4937853527836,2565.8957908179873,0.10814194667642048,181,0,181,PO
query_path_6_50.graph,3,0.1,181,2315.4937853527836,126.9630973690168,0.9451680249922705,181,0,181,UN
query_path_6_50.graph,3,0.1,181,2315.4937853527836,10502.734697818678,3.535850955099197,181,0,181,WO
query_path_6_50.graph,4,0.1,181,2315.4937853527836,2461.0518932684586,0.06286266404014472,181,0,181,8_POSSA
query_path_6_50.graph,4,0.1,181,2315.4937853527836,3592.8451028595537,0.5516539606311902,181,0,181,MAB
query_path_6_50.graph,4,0.1,181,2315.4937853527836,2540.8388428384333,0.09732051923918968,181,0,181,PO
query_path_6_50.graph,4,0.1,181,2315.4937853527836,10790.141498820452,3.6599742858633886,181,0,181,UN
query_path_6_50.graph,4,0.1,181,2315.4937853527836,3938.6005944560006,0.7009765344094517,181,0,181,WO
query_path_6_50.graph,5,0.1,181,2315.4937853527836,2475.869404672093,0.06926195195763608,181,0,181,8_POSSA
query_path_6_50.graph,5,0.1,181,2315.4937853527836,2968.1157504448374,0.2818500180049595,181,0,181,MAB
query_path_6_50.graph,5,0.1,181,2315.4937853527836,2543.6412321744456,0.09853079643956028,181,0,181,PO
query_path_6_50.graph,5,0.1,181,2315.4937853527836,8252.643704696886,2.5640966764415354,181,0,181,UN
query_path_6_50.graph,5,0.1,181,2315.4937853527836,8403.79870424396,2.6293764886799624,181,0,181,WO
query_path_6_51.graph,1,0.1,408,1990.2806816762702,1945.174902248723,0.02266302428738742,408,0,408,8_POSSA
query_path_6_51.graph,1,0.1,408,1990.2806816762702,1948.727131536523,0.02087823618161714,408,0,408,MAB
query_path_6_51.graph,1,0.1,408,1990.2806816762702,2158.7926974831166,0.08466746291529137,408,0,408,PO
query_path_6_51.graph,1,0.1,408,1990.2806816762702,2177.0307671026662,0.09383102953554766,408,0,408,UN
query_path_6_51.graph,1,0.1,408,1990.2806816762702,1730.4065735591887,0.13057158746986794,408,0,408,WO
query_path_6_51.graph,2,0.1,408,1990.2806816762702,1819.6362678044782,0.08573886861428537,408,0,408,8_POSSA
query_path_6_51.graph,2,0.1,408,1990.2806816762702,1675947.7060671775,841.0660068185193,408,0,408,MAB
query_path_6_51.graph,2,0.1,408,1990.2806816762702,2580.5888583503015,0.29659544108967445,408,0,408,PO
query_path_6_51.graph,2,0.1,408,1990.2806816762702,324.763383789351,0.8368253348488384,408,0,408,UN
query_path_6_51.graph,2,0.1,408,1990.2806816762702,2123.3404074330056,0.06685475419711592,408,0,408,WO
query_path_6_51.graph,3,0.1,408,1990.2806816762702,1964.4612561018234,0.01297275595957698,408,0,408,8_POSSA
query_path_6_51.graph,3,0.1,408,1990.2806816762702,2308.3258186763537,0.15979913784432503,408,0,408,MAB
query_path_6_51.graph,3,0.1,408,1990.2806816762702,1825.0965727277837,0.08299538375128265,408,0,408,PO
query_path_6_51.graph,3,0.1,408,1990.2806816762702,1288.5715749822746,0.3525679132367383,408,0,408,UN
query_path_6_51.graph,3,0.1,408,1990.2806816762702,1843.7430276490147,0.0736266273276779,408,0,408,WO
query_path_6_51.graph,4,0.1,408,1990.2806816762702,1851.6223821130068,0.06966771111222439,408,0,408,8_POSSA
query_path_6_51.graph,4,0.1,408,1990.2806816762702,1640.8194552473308,0.17558389107942976,408,0,408,MAB
query_path_6_51.graph,4,0.1,408,1990.2806816762702,826.1122316855024,0.5849267697309268,408,0,408,PO
query_path_6_51.graph,4,0.1,408,1990.2806816762702,209.75625667580223,0.8946097107775072,408,0,408,UN
query_path_6_51.graph,4,0.1,408,1990.2806816762702,2223.4469983049917,0.1171524794343792,408,0,408,WO
query_path_6_51.graph,5,0.1,408,1990.2806816762702,1967.850339464104,0.011269939169220424,408,0,408,8_POSSA
query_path_6_51.graph,5,0.1,408,1990.2806816762702,2178.0751031188856,0.094355747494092,408,0,408,MAB
query_path_6_51.graph,5,0.1,408,1990.2806816762702,2061.2191390937433,0.03564243881306565,408,0,408,PO
query_path_6_51.graph,5,0.1,408,1990.2806816762702,1608.922893638933,0.19161005357101044,408,0,408,UN
query_path_6_51.graph,5,0.1,408,1990.2806816762702,2183.3314861555496,0.09699677349864369,408,0,408,WO
query_path_6_52.graph,1,0.1,490,2390.0285692512807,2308.3858280875397,0.034159734412428824,490,0,490,8_POSSA
query_path_6_52.graph,1,0.1,490,2390.0285692512807,2513.8636176009322,0.05181320840379957,490,0,490,MAB
query_path_6_52.graph,1,0.1,490,2390.0285692512807,2228.27007333244,0.06768057001490758,490,0,490,PO
query_path_6_52.graph,1,0.1,490,2390.0285692512807,2159.921751866511,0.09627785221699457,490,0,490,UN
query_path_6_52.graph,1,0.1,490,2390.0285692512807,1953.5782876893786,0.1826129976758512,490,0,490,WO
query_path_6_52.graph,2,0.1,490,2390.0285692512807,2190.522925918921,0.08347416675226545,490,0,490,8_POSSA
query_path_6_52.graph,2,0.1,490,2390.0285692512807,1959.969078794435,0.17993905846555194,490,0,490,MAB
query_path_6_52.graph,2,0.1,490,2390.0285692512807,2256.8087514739163,0.05573984323505299,490,0,490,PO
query_path_6_52.graph,2,0.1,490,2390.0285692512807,1703.0408915572414,0.2874391070183946,490,0,490,UN
query_path_6_52.graph,2,0.1,490,2390.0285692512807,1768.9562576522565,0.2598597856064902,490,0,490,WO
query_path_6_52.graph,3,0.1,490,2390.0285692512807,2305.2765070055025,0.035460690025277956,490,0,490,8_POSSA
query_path_6_52.graph,3,0.1,490,2390.0285692512807,2123.0370931991074,0.11171057931571637,490,0,490,MAB
query_path_6_52.graph,3,0.1,490,2390.0285692512807,2444.372265174413,0.02273767628650409,490,0,490,PO
query_path_6_52.graph,3,0.1,490,2390.0285692512807,5263.040003604202,1.2020824651702569,490,0,490,UN
query_path_6_52.graph,3,0.1,490,2390.0285692512807,2403.7458150512966,0.005739364782703451,490,0,490,WO
query_path_6_52.graph,4,0.1,490,2390.0285692512807,2249.4787768097203,0.05880674158032769,490,0,490,8_POSSA
query_path_6_52.graph,4,0.1,490,2390.0285692512807,2104.9619511651345,0.11927330984811135,490,0,490,MAB
query_path_6_52.graph,4,0.1,490,2390.0285692512807,2226.3913002242693,0.06846665815307541,490,0,490,PO
query_path_6_52.graph,4,0.1,490,2390.0285692512807,400.3606347504498,0.8324870924551878,490,0,490,UN
query_path_6_52.graph,4,0.1,490,2390.0285692512807,2612.7069154424667,0.09316974242736517,490,0,490,WO
query_path_6_52.graph,5,0.1,490,2390.0285692512807,2252.3447590023843,0.057607600185310054,490,0,490,8_POSSA
query_path_6_52.graph,5,0.1,490,2390.0285692512807,2210.399883749002,0.07515754740896277,490,0,490,MAB
query_path_6_52.graph,5,0.1,490,2390.0285692512807,2221.2947870268777,0.07059906496316985,490,0,490,PO
query_path_6_52.graph,5,0.1,490,2390.0285692512807,2098.416034032938,0.12201215457005832,490,0,490,UN
query_path_6_52.graph,5,0.1,490,2390.0285692512807,2628.0210308195883,0.09957724548994115,490,0,490,WO
query_path_6_53.graph,1,0.1,567,3179.014672838812,3320.1875767321,0.044407754735910784,567,0,567,8_POSSA
query_path_6_53.graph,1,0.1,567,3179.014672838812,3237.7125551395643,0.018464174702388453,567,0,567,MAB
query_path_6_53.graph,1,0.1,567,3179.014672838812,3811.7856123241822,0.1990462469052762,567,0,567,PO
query_path_6_53.graph,1,0.1,567,3179.014672838812,1638.5354699560905,0.4845775692841005,567,0,567,UN
query_path_6_53.graph,1,0.1,567,3179.014672838812,3536.6549377091155,0.11250035047838768,567,0,567,WO
query_path_6_53.graph,2,0.1,567,3179.014672838812,3318.575545631987,0.04390066959601326,567,0,567,8_POSSA
query_path_6_53.graph,2,0.1,567,3179.014672838812,3180.607858769747,0.0005011571492723435,567,0,567,MAB
query_path_6_53.graph,2,0.1,567,3179.014672838812,4077.663410241416,0.282681531821973,567,0,567,PO
query_path_6_53.graph,2,0.1,567,3179.014672838812,16200.690928410739,4.096135940116239,567,0,567,UN
query_path_6_53.graph,2,0.1,567,3179.014672838812,3354.2492306752524,0.05512228657943198,567,0,567,WO
query_path_6_53.graph,3,0.1,567,3179.014672838812,3330.6169142677645,0.0476884371513686,567,0,567,8_POSSA
query_path_6_53.graph,3,0.1,567,3179.014672838812,3296.1634964096597,0.036850670923841755,567,0,567,MAB
query_path_6_53.graph,3,0.1,567,3179.014672838812,3309.341540733635,0.04099599445335149,567,0,567,PO
query_path_6_53.graph,3,0.1,567,3179.014672838812,3611.9910857812897,0.13619830592220453,567,0,567,UN
query_path_6_53.graph,3,0.1,567,3179.014672838812,3372.5372283659667,0.060875011738886306,567,0,567,WO
query_path_6_53.graph,4,0.1,567,3179.014672838812,3263.3642892662874,0.026533257977117884,567,0,567,8_POSSA
query_path_6_53.graph,4,0.1,567,3179.014672838812,3344.767391943847,0.05213965211334498,567,0,567,MAB
query_path_6_53.graph,4,0.1,567,3179.014672838812,3688.3234333254204,0.16020962873751166,567,0,567,PO
query_path_6_53.graph,4,0.1,567,3179.014672838812,383.4803961682384,0.8793713034907775,567,0,567,UN
query_path_6_53.graph,4,0.1,567,3179.014672838812,3356.6832092387135,0.055887925877751925,567,0,567,WO
query_path_6_53.graph,5,0.1,567,3179.014672838812,3196.385410047186,0.0054641890636075,567,0,567,8_POSSA
query_path_6_53.graph,5,0.1,567,3179.014672838812,3175.6294042516715,0.001064879824577116,567,0,567,MAB
query_path_6_53.graph,5,0.1,567,3179.014672838812,3655.8652960584673,0.14999950371220988,567,0,567,PO
query_path_6_53.graph,5,0.1,567,3179.014672838812,914.3051695251538,0.7123935358534558,567,0,567,UN
query_path_6_53.graph,5,0.1,567,3179.014672838812,4237.143311132489,0.3328479881940222,567,0,567,WO
query_path_6_54.graph,1,0.1,181,2315.4937853527836,2413.793511217637,0.042453029451718714,181,0,181,8_POSSA
query_path_6_54.graph,1,0.1,181,2315.4937853527836,2588.57423763389,0.11793616290768856,181,0,181,MAB
query_path_6_54.graph,1,0.1,181,2315.4937853527836,2880.6798011618753,0.2440887638672635,181,0,181,PO
query_path_6_54.graph,1,0.1,181,2315.4937853527836,2567.5672537336536,0.10886380692335337,181,0,181,UN
query_path_6_54.graph,1,0.1,181,2315.4937853527836,4518.726424713623,0.9515174056168583,181,0,181,WO
query_path_6_54.graph,2,0.1,181,2315.4937853527836,2492.701357853308,0.07653122354354552,181,0,181,8_POSSA
query_path_6_54.graph,2,0.1,181,2315.4937853527836,2704.34257289511,0.16793341878180962,181,0,181,MAB
query_path_6_54.graph,2,0.1,181,2315.4937853527836,2553.1897195438396,0.1026545334281004,181,0,181,PO
query_path_6_54.graph,2,0.1,181,2315.4937853527836,1691.3390222183737,0.2695557928432596,181,0,181,UN
query_path_6_54.graph,2,0.1,181,2315.4937853527836,1749.484883480612,0.2444441464073874,181,0,181,WO
query_path_6_54.graph,3,0.1,181,2315.4937853527836,2438.8775005174666,0.053286135313848224,181,0,181,8_POSSA
query_path_6_54.graph,3,0.1,181,2315.4937853527836,2664.836787349094,0.15087192382297201,181,0,181,MAB
query_path_6_54.graph,3,0.1,181,2315.4937853527836,2596.0567068527835,0.12116764176814837,181,0,181,PO
query_path_6_54.graph,3,0.1,181,2315.4937853527836,24.77862405359462,0.9892987732420886,181,0,181,UN
query_path_6_54.graph,3,0.1,181,2315.4937853527836,1924.443097351759,0.16888436085413416,181,0,181,WO
query_path_6_54.graph,4,0.1,181,2315.4937853527836,2594.911525509738,0.12067306849384744,181,0,181,8_POSSA
query_path_6_54.graph,4,0.1,181,2315.4937853527836,2803.2380063765054,0.2106437184625871,181,0,181,MAB
query_path_6_54.graph,4,0.1,181,2315.4937853527836,2645.9813019908906,0.14272874266762703,181,0,181,PO
query_path_6_54.graph,4,0.1,181,2315.4937853527836,107.73912289828274,0.953470346765855,181,0,181,UN
query_path_6_54.graph,4,0.1,181,2315.4937853527836,1955.8459728290597,0.15532229660850877,181,0,181,WO
query_path_6_54.graph,5,0.1,181,2315.4937853527836,2607.9742457654283,0.12631450892366922,181,0,181,8_POSSA
query_path_6_54.graph,5,0.1,181,2315.4937853527836,2623.535335188625,0.1330349283528347,181,0,181,MAB
query_path_6_54.graph,5,0.1,181,2315.4937853527836,1668.356127852285,0.27948149185030186,181,0,181,PO
query_path_6_54.graph,5,0.1,181,2315.4937853527836,331.1696702731931,0.8569766533738561,181,0,181,UN
query_path_6_54.graph,5,0.1,181,2315.4937853527836,3946.940163281275,0.7045781717267394,181,0,181,WO
query_path_6_55.graph,1,0.1,476,2480.791833792202,2502.190919265295,0.008625909349428182,476,0,476,8_POSSA
query_path_6_55.graph,1,0.1,476,2480.791833792202,2731.8760230809194,0.10121130917498374,476,0,476,MAB
query_path_6_55.graph,1,0.1,476,2480.791833792202,2512.5527776044064,0.01280274442199121,476,0,476,PO
query_path_6_55.graph,1,0.1,476,2480.791833792202,2675.974736694901,0.07867766260917482,476,0,476,UN
query_path_6_55.graph,1,0.1,476,2480.791833792202,2674.2893229559745,0.0779982772145728,476,0,476,WO
query_path_6_55.graph,2,0.1,476,2480.791833792202,2495.1226689406285,0.005776718124116072,476,0,476,8_POSSA
query_path_6_55.graph,2,0.1,476,2480.791833792202,2271.0333204704325,0.08455304893564053,476,0,476,MAB
query_path_6_55.graph,2,0.1,476,2480.791833792202,2595.0309356801595,0.04604945095829694,476,0,476,PO
query_path_6_55.graph,2,0.1,476,2480.791833792202,329.79066101464036,0.8670623401277028,476,0,476,UN
query_path_6_55.graph,2,0.1,476,2480.791833792202,2171.631947140275,0.12462145450524857,476,0,476,WO
query_path_6_55.graph,3,0.1,476,2480.791833792202,2423.154981136774,0.023233248300129534,476,0,476,8_POSSA
query_path_6_55.graph,3,0.1,476,2480.791833792202,2560.4059491663947,0.032092219221994386,476,0,476,MAB
query_path_6_55.graph,3,0.1,476,2480.791833792202,2315.716250107234,0.0665414894697671,476,0,476,PO
query_path_6_55.graph,3,0.1,476,2480.791833792202,105.11626983280063,0.9576279362093363,476,0,476,UN
query_path_6_55.graph,3,0.1,476,2480.791833792202,2591.2404566644195,0.04452151985012906,476,0,476,WO
query_path_6_55.graph,4,0.1,476,2480.791833792202,2421.6611869349363,0.02383539241455703,476,0,476,8_POSSA
query_path_6_55.graph,4,0.1,476,2480.791833792202,2222.414967507994,0.104150966141019,476,0,476,MAB
query_path_6_55.graph,4,0.1,476,2480.791833792202,2438.1521438712457,0.017187935456791682,476,0,476,PO
query_path_6_55.graph,4,0.1,476,2480.791833792202,1036.424742897586,0.5822201892235027,476,0,476,UN
query_path_6_55.graph,4,0.1,476,2480.791833792202,3467.0494078971733,0.39755757039773576,476,0,476,WO
query_path_6_55.graph,5,0.1,476,2480.791833792202,2398.113881558187,0.033327242982588816,476,0,476,8_POSSA
query_path_6_55.graph,5,0.1,476,2480.791833792202,2380.701377757843,0.0403461728110246,476,0,476,MAB
query_path_6_55.graph,5,0.1,476,2480.791833792202,2230.862566831576,0.10074576333096753,476,0,476,PO
query_path_6_55.graph,5,0.1,476,2480.791833792202,1087.864683610355,0.5614848981716385,476,0,476,UN
query_path_6_55.graph,5,0.1,476,2480.791833792202,2380.867319853531,0.04027928203307716,476,0,476,WO
query_path_6_57.graph,1,0.1,559,3179.014672838812,3308.644508598302,0.04077673401983142,559,0,559,8_POSSA
query_path_6_57.graph,1,0.1,559,3179.014672838812,3328.827679017914,0.04712561016439754,559,0,559,MAB
query_path_6_57.graph,1,0.1,559,3179.014672838812,2932.549261775257,0.07752886866780809,559,0,559,PO
query_path_6_57.graph,1,0.1,559,3179.014672838812,13041.236603190984,3.1022888993290985,559,0,559,UN
query_path_6_57.graph,1,0.1,559,3179.014672838812,3664.901991717125,0.15284211269286865,559,0,559,WO
query_path_6_57.graph,2,0.1,559,3179.014672838812,3341.5761578079137,0.05113580832388436,559,0,559,8_POSSA
query_path_6_57.graph,2,0.1,559,3179.014672838812,3193.81903632526,0.004656903163403115,559,0,559,MAB
query_path_6_57.graph,2,0.1,559,3179.014672838812,3110.55053553505,0.021536275969001626,559,0,559,PO
query_path_6_57.graph,2,0.1,559,3179.014672838812,999.3440531660227,0.6856434599989992,559,0,559,UN
query_path_6_57.graph,2,0.1,559,3179.014672838812,3473.485205502761,0.09262949780630957,559,0,559,WO
query_path_6_57.graph,3,0.1,559,3179.014672838812,3201.137112823667,0.006958898357364212,559,0,559,8_POSSA
query_path_6_57.graph,3,0.1,559,3179.014672838812,3714.5480316754984,0.16845891383019723,559,0,559,MAB
query_path_6_57.graph,3,0.1,559,3179.014672838812,3546.379716736123,0.1155594049426829,559,0,559,PO
query_path_6_57.graph,3,0.1,559,3179.014672838812,5292.550541214381,0.6648399223927498,559,0,559,UN
query_path_6_57.graph,3,0.1,559,3179.014672838812,3857.0271639711195,0.21327755952974334,559,0,559,WO
query_path_6_57.graph,4,0.1,559,3179.014672838812,3159.632457747889,0.006096925332406584,559,0,559,8_POSSA
query_path_6_57.graph,4,0.1,559,3179.014672838812,3379.686975302535,0.06312405670167143,559,0,559,MAB
query_path_6_57.graph,4,0.1,559,3179.014672838812,3258.23437105439,0.02491957614805089,559,0,559,PO
query_path_6_57.graph,4,0.1,559,3179.014672838812,480.2628995316345,0.8489271208355994,559,0,559,UN
query_path_6_57.graph,4,0.1,559,3179.014672838812,2981.6471312068743,0.06208450162820157,559,0,559,WO
query_path_6_57.graph,5,0.1,559,3179.014672838812,3270.3125499349935,0.02871892283990425,559,0,559,8_POSSA
query_path_6_57.graph,5,0.1,559,3179.014672838812,3163.944184306654,0.004740616223296843,559,0,559,MAB
query_path_6_57.graph,5,0.1,559,3179.014672838812,2839.2103360576125,0.10688982963320505,559,0,559,PO
query_path_6_57.graph,5,0.1,559,3179.014672838812,745.7279940729343,0.7654216570799874,559,0,559,UN
query_path_6_57.graph,5,0.1,559,3179.014672838812,3505.3577161935277,0.10265540645123733,559,0,559,WO
query_path_6_58.graph,1,0.1,289,1440.986907367272,1434.729098630803,0.004342724215240839,289,0,289,8_POSSA
query_path_6_58.graph,1,0.1,289,1440.986907367272,1321.8864420533462,0.0826520107191855,289,0,289,MAB
query_path_6_58.graph,1,0.1,289,1440.986907367272,1644.157328205775,0.14099393950060365,289,0,289,PO
query_path_6_58.graph,1,0.1,289,1440.986907367272,260.44550288945874,0.8192589387468475,289,0,289,UN
query_path_6_58.graph,1,0.1,289,1440.986907367272,1589.9575411482904,0.10338097662052494,289,0,289,WO
query_path_6_58.graph,2,0.1,289,1440.986907367272,1426.2976144899465,0.010193911410453576,289,0,289,8_POSSA
query_path_6_58.graph,2,0.1,289,1440.986907367272,1365.7336092773342,0.05222344332567731,289,0,289,MAB
query_path_6_58.graph,2,0.1,289,1440.986907367272,1699.5377036146367,0.17942619389911404,289,0,289,PO
query_path_6_58.graph,2,0.1,289,1440.986907367272,6786.488785338118,3.709611690877362,289,0,289,UN
query_path_6_58.graph,2,0.1,289,1440.986907367272,1824.5829778044445,0.26620371668609716,289,0,289,WO
query_path_6_58.graph,3,0.1,289,1440.986907367272,1346.072158486452,0.06586787735235711,289,0,289,8_POSSA
query_path_6_58.graph,3,0.1,289,1440.986907367272,1372.3889215899892,0.04760486401823967,289,0,289,MAB
query_path_6_58.graph,3,0.1,289,1440.986907367272,1579.3326685872066,0.09600764622677714,289,0,289,PO
query_path_6_58.graph,3,0.1,289,1440.986907367272,141.03650492370332,0.9021250615098362,289,0,289,UN
query_path_6_58.graph,3,0.1,289,1440.986907367272,2406.9433881084838,0.6703436900103725,289,0,289,WO
query_path_6_58.graph,4,0.1,289,1440.986907367272,1344.4533682645763,0.06699126731072484,289,0,289,8_POSSA
query_path_6_58.graph,4,0.1,289,1440.986907367272,1492.0583725486747,0.03544200500385667,289,0,289,MAB
query_path_6_58.graph,4,0.1,289,1440.986907367272,1238.976087349431,0.14018921267433368,289,0,289,PO
query_path_6_58.graph,4,0.1,289,1440.986907367272,1856.5373563144058,0.2883790593950347,289,0,289,UN
query_path_6_58.graph,4,0.1,289,1440.986907367272,1229.4851117322612,0.146775653931118,289,0,289,WO
query_path_6_58.graph,5,0.1,289,1440.986907367272,1342.971524790246,0.06801962049475048,289,0,289,8_POSSA
query_path_6_58.graph,5,0.1,289,1440.986907367272,2122678.2229486587,1472.0725255698947,289,0,289,MAB
query_path_6_58.graph,5,0.1,289,1440.986907367272,1449.8532335720415,0.006152954034099224,289,0,289,PO
query_path_6_58.graph,5,0.1,289,1440.986907367272,4112.114772352024,1.8536794826713496,289,0,289,UN
query_path_6_58.graph,5,0.1,289,1440.986907367272,1175.1299468308127,0.1844964441919796,289,0,289,WO
query_path_6_59.graph,1,0.1,184,2315.4937853527836,2389.4064073112645,0.031920889801576285,184,0,184,8_POSSA
query_path_6_59.graph,1,0.1,184,2315.4937853527836,2201.47084245918,0.049243467468962056,184,0,184,MAB
query_path_6_59.graph,1,0.1,184,2315.4937853527836,3043.894984310641,0.31457704769735756,184,0,184,PO
query_path_6_59.graph,1,0.1,184,2315.4937853527836,883.5619329122484,0.6184131702268288,184,0,184,UN
query_path_6_59.graph,1,0.1,184,2315.4937853527836,1692.0232550743106,0.2692602909247206,184,0,184,WO
query_path_6_59.graph,2,0.1,184,2315.4937853527836,2568.905197747763,0.10944162925333448,184,0,184,8_POSSA
query_path_6_59.graph,2,0.1,184,2315.4937853527836,2750.2126811166727,0.18774349493564127,184,0,184,MAB
query_path_6_59.graph,2,0.1,184,2315.4937853527836,2572.846936295855,0.11114396098621425,184,0,184,PO
query_path_6_59.graph,2,0.1,184,2315.4937853527836,464.3696711163339,0.7994511261253143,184,0,184,UN
query_path_6_59.graph,2,0.1,184,2315.4937853527836,2685.6642793672563,0.15986676205139302,184,0,184,WO
query_path_6_59.graph,3,0.1,184,2315.4937853527836,2410.1254676387694,0.04086889927522216,184,0,184,8_POSSA
query_path_6_59.graph,3,0.1,184,2315.4937853527836,2105.849352985015,0.09053983806561063,184,0,184,MAB
query_path_6_59.graph,3,0.1,184,2315.4937853527836,2622.292001705209,0.13249796578732,184,0,184,PO
query_path_6_59.graph,3,0.1,184,2315.4937853527836,4524.328958713372,0.9539369906035207,184,0,184,UN
query_path_6_59.graph,3,0.1,184,2315.4937853527836,2126.583127363189,0.08158547398597864,184,0,184,WO
query_path_6_59.graph,4,0.1,184,2315.4937853527836,2355.3291615415324,0.017203836365589538,184,0,184,8_POSSA
query_path_6_59.graph,4,0.1,184,2315.4937853527836,2810.594455086211,0.21382077242673098,184,0,184,MAB
query_path_6_59.graph,4,0.1,184,2315.4937853527836,2298.216332467566,0.007461671024344821,184,0,184,PO
query_path_6_59.graph,4,0.1,184,2315.4937853527836,215.39042641676764,0.906978620379259,184,0,184,UN
query_path_6_59.graph,4,0.1,184,2315.4937853527836,2532.480497317794,0.09371077276804293,184,0,184,WO
query_path_6_59.graph,5,0.1,184,2315.4937853527836,2465.6967136347257,0.06486863805555737,184,0,184,8_POSSA
query_path_6_59.graph,5,0.1,184,2315.4937853527836,2334.5318981746364,0.008222053085299984,184,0,184,MAB
query_path_6_59.graph,5,0.1,184,2315.4937853527836,3255.070946292015,0.4057783125494675,184,0,184,PO
query_path_6_59.graph,5,0.1,184,2315.4937853527836,2040.055038775956,0.11895464730641125,184,0,184,UN
query_path_6_59.graph,5,0.1,184,2315.4937853527836,3664.2862020180783,0.5825074656634397,184,0,184,WO
query_path_6_60.graph,1,0.1,280,1709.7493949898221,1518.7139264067619,0.11173302306341654,280,0,280,8_POSSA
query_path_6_60.graph,1,0.1,280,1709.7493949898221,1592.6715287127195,0.06847662389598308,280,0,280,MAB
query_path_6_60.graph,1,0.1,280,1709.7493949898221,1492.9885781388018,0.12677929144832986,280,0,280,PO
query_path_6_60.graph,1,0.1,280,1709.7493949898221,1455.3293556076947,0.14880545659362085,280,0,280,UN
query_path_6_60.graph,1,0.1,280,1709.7493949898221,1572.6608727939981,0.08018047709070256,280,0,280,WO
query_path_6_60.graph,2,0.1,280,1709.7493949898221,1568.0380563592541,0.08288427476320971,280,0,280,8_POSSA
query_path_6_60.graph,2,0.1,280,1709.7493949898221,1459.422513882803,0.14641144593503963,280,0,280,MAB
query_path_6_60.graph,2,0.1,280,1709.7493949898221,1641.5698627095303,0.039876915576096864,280,0,280,PO
query_path_6_60.graph,2,0.1,280,1709.7493949898221,226.71419265567295,0.8673991677844562,280,0,280,UN
query_path_6_60.graph,2,0.1,280,1709.7493949898221,1571.7392998888718,0.08071948760758119,280,0,280,WO
query_path_6_60.graph,3,0.1,280,1709.7493949898221,1507.4916337060365,0.11829672926130184,280,0,280,8_POSSA
query_path_6_60.graph,3,0.1,280,1709.7493949898221,1569.2027285436818,0.08220308008763878,280,0,280,MAB
query_path_6_60.graph,3,0.1,280,1709.7493949898221,1459.6398112759305,0.14628435281030208,280,0,280,PO
query_path_6_60.graph,3,0.1,280,1709.7493949898221,730.2912232166699,0.5728665116907281,280,0,280,UN
query_path_6_60.graph,3,0.1,280,1709.7493949898221,1321.1696943278685,0.2272728984730928,280,0,280,WO
query_path_6_60.graph,4,0.1,280,1709.7493949898221,1658.0510123826182,0.030237403656172484,280,0,280,8_POSSA
query_path_6_60.graph,4,0.1,280,1709.7493949898221,1417.1433145258673,0.17113974791942926,280,0,280,MAB
query_path_6_60.graph,4,0.1,280,1709.7493949898221,1410.7365452499,0.17488694578055522,280,0,280,PO
query_path_6_60.graph,4,0.1,280,1709.7493949898221,7548.114267109758,3.414748903686373,280,0,280,UN
query_path_6_60.graph,4,0.1,280,1709.7493949898221,2010.4199418735195,0.17585650140586084,280,0,280,WO
query_path_6_60.graph,5,0.1,280,1709.7493949898221,1606.6127427677188,0.060322672155539644,280,0,280,8_POSSA
query_path_6_60.graph,5,0.1,280,1709.7493949898221,1554.8624844305516,0.09059041694247393,280,0,280,MAB
query_path_6_60.graph,5,0.1,280,1709.7493949898221,1605.6382359604515,0.06089264270802116,280,0,280,PO
query_path_6_60.graph,5,0.1,280,1709.7493949898221,1633.3858092593525,0.04466361324896049,280,0,280,UN
query_path_6_60.graph,5,0.1,280,1709.7493949898221,1570.470797902645,0.08146141036535136,280,0,280,WO
query_path_6_62.graph,1,0.1,405,1990.2806816762702,1916.38710122765,0.03712721583891625,405,0,405,8_POSSA
query_path_6_62.graph,1,0.1,405,1990.2806816762702,1858.9772407728913,0.06597232345781073,405,0,405,MAB
query_path_6_62.graph,1,0.1,405,1990.2806816762702,1910.783320289568,0.039942789034030715,405,0,405,PO
query_path_6_62.graph,1,0.1,405,1990.2806816762702,203.1707466355965,0.8979185456071048,405,0,405,UN
query_path_6_62.graph,1,0.1,405,1990.2806816762702,1915.9657260271958,0.037338932309027,405,0,405,WO
query_path_6_62.graph,2,0.1,405,1990.2806816762702,1999.0263178700318,0.00439417227644282,405,0,405,8_POSSA
query_path_6_62.graph,2,0.1,405,1990.2806816762702,1778.0734232608336,0.10662177469195436,405,0,405,MAB
query_path_6_62.graph,2,0.1,405,1990.2806816762702,2121.413602372855,0.06588664699601121,405,0,405,PO
query_path_6_62.graph,2,0.1,405,1990.2806816762702,6395.666105626333,2.2134493212483592,405,0,405,UN
query_path_6_62.graph,2,0.1,405,1990.2806816762702,2194.667758788454,0.10269258953970425,405,0,405,WO
query_path_6_62.graph,3,0.1,405,1990.2806816762702,1960.5584636288386,0.014933681626452174,405,0,405,8_POSSA
query_path_6_62.graph,3,0.1,405,1990.2806816762702,1988.8465430900874,0.0007205710226634738,405,0,405,MAB
query_path_6_62.graph,3,0.1,405,1990.2806816762702,1978.70196260084,0.005817631242683946,405,0,405,PO
query_path_6_62.graph,3,0.1,405,1990.2806816762702,1214.3789410951651,0.3898453859923008,405,0,405,UN
query_path_6_62.graph,3,0.1,405,1990.2806816762702,2427.691582139467,0.21977347441005,405,0,405,WO
query_path_6_62.graph,4,0.1,405,1990.2806816762702,2028.729390142565,0.019318234267295554,405,0,405,8_POSSA
query_path_6_62.graph,4,0.1,405,1990.2806816762702,1981.9609992618978,0.004180155337369484,405,0,405,MAB
query_path_6_62.graph,4,0.1,405,1990.2806816762702,1684.6953938760876,0.15353879008804433,405,0,405,PO
query_path_6_62.graph,4,0.1,405,1990.2806816762702,2187.950643164787,0.09931763057762966,405,0,405,UN
query_path_6_62.graph,4,0.1,405,1990.2806816762702,1876.9110182387503,0.056961645903148075,405,0,405,WO
query_path_6_62.graph,5,0.1,405,1990.2806816762702,2044.288187302081,0.027135622690325368,405,0,405,8_POSSA
query_path_6_62.graph,5,0.1,405,1990.2806816762702,1978.3320395495757,0.006003496007724404,405,0,405,MAB
query_path_6_62.graph,5,0.1,405,1990.2806816762702,2038.6127768321694,0.024284059831798474,405,0,405,PO
query_path_6_62.graph,5,0.1,405,1990.2806816762702,333.2597575465074,0.8325564024136402,405,0,405,UN
query_path_6_62.graph,5,0.1,405,1990.2806816762702,1510.586306740683,0.24101845501086563,405,0,405,WO
query_path_6_63.graph,1,0.1,381,2872.5452500209376,2810.572345472467,0.021574213512570016,381,0,381,8_POSSA
query_path_6_63.graph,1,0.1,381,2872.5452500209376,3276.170193553245,0.1405112568825036,381,0,381,MAB
query_path_6_63.graph,1,0.1,381,2872.5452500209376,3048.515487089245,0.06125934380564587,381,0,381,PO
query_path_6_63.graph,1,0.1,381,2872.5452500209376,425.49136377113604,0.8518765322258945,381,0,381,UN
query_path_6_63.graph,1,0.1,381,2872.5452500209376,2917.977804649479,0.01581613192279918,381,0,381,WO
query_path_6_63.graph,2,0.1,381,2872.5452500209376,2817.5988129054067,0.01912813631573964,381,0,381,8_POSSA
query_path_6_63.graph,2,0.1,381,2872.5452500209376,2758.309565397166,0.039768106219715445,381,0,381,MAB
query_path_6_63.graph,2,0.1,381,2872.5452500209376,2716.098037929014,0.05446292346161762,381,0,381,PO
query_path_6_63.graph,2,0.1,381,2872.5452500209376,1987.77434230475,0.3080093891331176,381,0,381,UN
query_path_6_63.graph,2,0.1,381,2872.5452500209376,2547.1113691769615,0.1132911242535184,381,0,381,WO
query_path_6_63.graph,3,0.1,381,2872.5452500209376,2706.7836323782817,0.057705485280500866,381,0,381,8_POSSA
query_path_6_63.graph,3,0.1,381,2872.5452500209376,2710.7909183710767,0.05631045556155534,381,0,381,MAB
query_path_6_63.graph,3,0.1,381,2872.5452500209376,2862.998588661125,0.003323415483095768,381,0,381,PO
query_path_6_63.graph,3,0.1,381,2872.5452500209376,2221.0877681158404,0.22678754386909966,381,0,381,UN
query_path_6_63.graph,3,0.1,381,2872.5452500209376,3032.795689366978,0.055786915574218485,381,0,381,WO
query_path_6_63.graph,4,0.1,381,2872.5452500209376,2814.4018831743647,0.02024106211943889,381,0,381,8_POSSA
query_path_6_63.graph,4,0.1,381,2872.5452500209376,2477.0647335172835,0.13767599187541835,381,0,381,MAB
query_path_6_63.graph,4,0.1,381,2872.5452500209376,3259.8651292482077,0.13483508370301459,381,0,381,PO
query_path_6_63.graph,4,0.1,381,2872.5452500209376,1438.3530759465673,0.49927574650526974,381,0,381,UN
query_path_6_63.graph,4,0.1,381,2872.5452500209376,2458.3546946721626,0.14418939278528545,381,0,381,WO
query_path_6_63.graph,5,0.1,381,2872.5452500209376,2751.991494485058,0.04196757406519565,381,0,381,8_POSSA
query_path_6_63.graph,5,0.1,381,2872.5452500209376,2771.4856458108748,0.03518120531237105,381,0,381,MAB
query_path_6_63.graph,5,0.1,381,2872.5452500209376,3016.303062899137,0.0500454476312084,381,0,381,PO
query_path_6_63.graph,5,0.1,381,2872.5452500209376,3497.4331189404684,0.21753804188636403,381,0,381,UN
query_path_6_63.graph,5,0.1,381,2872.5452500209376,4351.06176348142,0.514706082854467,381,0,381,WO
query_path_6_66.graph,1,0.1,182,2315.4937853527836,2043.937390639938,0.11727796309825629,182,0,182,8_POSSA
query_path_6_66.graph,1,0.1,182,2315.4937853527836,2230.3261739330273,0.03678161952258501,182,0,182,MAB
query_path_6_66.graph,1,0.1,182,2315.4937853527836,1923.366623019763,0.16934926140312528,182,0,182,PO
query_path_6_66.graph,1,0.1,182,2315.4937853527836,2527.359024423596,0.09149894524054325,182,0,182,UN
query_path_6_66.graph,1,0.1,182,2315.4937853527836,1662.1488566190167,0.2821622467167299,182,0,182,WO
query_path_6_66.graph,2,0.1,182,2315.4937853527836,1989.0855414552739,0.14096701358573452,182,0,182,8_POSSA
query_path_6_66.graph,2,0.1,182,2315.4937853527836,2592.852827475437,0.11978397172868929,182,0,182,MAB
query_path_6_66.graph,2,0.1,182,2315.4937853527836,1845.1411633358716,0.20313275077317905,182,0,182,PO
query_path_6_66.graph,2,0.1,182,2315.4937853527836,1640.4268861647517,0.2915433863214537,182,0,182,UN
query_path_6_66.graph,2,0.1,182,2315.4937853527836,2297.0718776568856,0.007955930528697683,182,0,182,WO
query_path_6_66.graph,3,0.1,182,2315.4937853527836,2189.7163910809086,0.05431990146875381,182,0,182,8_POSSA
query_path_6_66.graph,3,0.1,182,2315.4937853527836,1835.443580522726,0.20732087810674824,182,0,182,MAB
query_path_6_66.graph,3,0.1,182,2315.4937853527836,2173.147185127933,0.06147569953558004,182,0,182,PO
query_path_6_66.graph,3,0.1,182,2315.4937853527836,340.9211275147124,0.8527652591117749,182,0,182,UN
query_path_6_66.graph,3,0.1,182,2315.4937853527836,1534.1845481020157,0.33742661811192437,182,0,182,WO
query_path_6_66.graph,4,0.1,182,2315.4937853527836,2091.3716828155066,0.09679235761936206,182,0,182,8_POSSA
query_path_6_66.graph,4,0.1,182,2315.4937853527836,1938.9357838339433,0.16262535615549867,182,0,182,MAB
query_path_6_66.graph,4,0.1,182,2315.4937853527836,2221.8667209703467,0.0404350316009041,182,0,182,PO
query_path_6_66.graph,4,0.1,182,2315.4937853527836,689.9553856278468,0.7020266735361906,182,0,182,UN
query_path_6_66.graph,4,0.1,182,2315.4937853527836,1632.3383001681896,0.29503663084999815,182,0,182,WO
query_path_6_66.graph,5,0.1,182,2315.4937853527836,2033.7625587406285,0.1216722015815003,182,0,182,8_POSSA
query_path_6_66.graph,5,0.1,182,2315.4937853527836,2151.780952172049,0.07070320560406576,182,0,182,MAB
query_path_6_66.graph,5,0.1,182,2315.4937853527836,2221.3677301566604,0.04065053242273432,182,0,182,PO
query_path_6_66.graph,5,0.1,182,2315.4937853527836,917.7122484300539,0.6036645599157877,182,0,182,UN
query_path_6_66.graph,5,0.1,182,2315.4937853527836,1805.6779076536209,0.2201758782183422,182,0,182,WO
query_path_6_67.graph,1,0.1,181,2315.4937853527836,2051.088602444862,0.1141895454785846,181,0,181,8_POSSA
query_path_6_67.graph,1,0.1,181,2315.4937853527836,1803.1893379363194,0.2212506250965431,181,0,181,MAB
query_path_6_67.graph,1,0.1,181,2315.4937853527836,2017.589802841731,0.12865678344529205,181,0,181,PO
query_path_6_67.graph,1,0.1,181,2315.4937853527836,107.09070727479076,0.9537503801771272,181,0,181,UN
query_path_6_67.graph,1,0.1,181,2315.4937853527836,1719.0210865915851,0.25760064766069807,181,0,181,WO
query_path_6_67.graph,2,0.1,181,2315.4937853527836,2093.1242040681745,0.0960354904389127,181,0,181,8_POSSA
query_path_6_67.graph,2,0.1,181,2315.4937853527836,0.07885111823397888,0.9999659463053916,181,0,181,MAB
query_path_6_67.graph,2,0.1,181,2315.4937853527836,2171.570382769046,0.06215667841311431,181,0,181,PO
query_path_6_67.graph,2,0.1,181,2315.4937853527836,2137.4525528162867,0.07689125907516564,181,0,181,UN
query_path_6_67.graph,2,0.1,181,2315.4937853527836,2065.6369618724602,0.10790649711990295,181,0,181,WO
query_path_6_67.graph,3,0.1,181,2315.4937853527836,2237.488825837334,0.033688261229155046,181,0,181,8_POSSA
query_path_6_67.graph,3,0.1,181,2315.4937853527836,2154.8533139541887,0.06937633450573914,181,0,181,MAB
query_path_6_67.graph,3,0.1,181,2315.4937853527836,2210.521778160438,0.045334609773678314,181,0,181,PO
query_path_6_67.graph,3,0.1,181,2315.4937853527836,221.0202586134166,0.9045472460295365,181,0,181,UN
query_path_6_67.graph,3,0.1,181,2315.4937853527836,1605.758234431282,0.3065158522173998,181,0,181,WO
query_path_6_67.graph,4,0.1,181,2315.4937853527836,2189.6436427906547,0.05435131951475078,181,0,181,8_POSSA
query_path_6_67.graph,4,0.1,181,2315.4937853527836,1905.9446650564828,0.1768733403160064,181,0,181,MAB
query_path_6_67.graph,4,0.1,181,2315.4937853527836,2041.1835072103217,0.11846729189155154,181,0,181,PO
query_path_6_67.graph,4,0.1,181,2315.4937853527836,1161.909384415907,0.49820233085234517,181,0,181,UN
query_path_6_67.graph,4,0.1,181,2315.4937853527836,1460.2830977028405,0.3693426832150383,181,0,181,WO
query_path_6_67.graph,5,0.1,181,2315.4937853527836,2208.7525214100315,0.04609870456918079,181,0,181,8_POSSA
query_path_6_67.graph,5,0.1,181,2315.4937853527836,2783.841511688806,0.20226688980927923,181,0,181,MAB
query_path_6_67.graph,5,0.1,181,2315.4937853527836,2253.7887759644095,0.026648747571124575,181,0,181,PO
query_path_6_67.graph,5,0.1,181,2315.4937853527836,141.66092621693414,0.9388204247780562,181,0,181,UN
query_path_6_67.graph,5,0.1,181,2315.4937853527836,2154.0010142763153,0.06974442000148298,181,0,181,WO
query_path_6_68.graph,1,0.1,555,3179.014672838812,3294.1320109765993,0.03621164102240178,555,0,555,8_POSSA
query_path_6_68.graph,1,0.1,555,3179.014672838812,3654.8613186453053,0.1496836896891606,555,0,555,MAB
query_path_6_68.graph,1,0.1,555,3179.014672838812,3238.6794195111893,0.01876831434033532,555,0,555,PO
query_path_6_68.graph,1,0.1,555,3179.014672838812,6402.1815892217555,1.0138886567342276,555,0,555,UN
query_path_6_68.graph,1,0.1,555,3179.014672838812,3357.5750150837284,0.05616845488966068,555,0,555,WO
query_path_6_68.graph,2,0.1,555,3179.014672838812,3260.772360643043,0.025717933453645425,555,0,555,8_POSSA
query_path_6_68.graph,2,0.1,555,3179.014672838812,2915.3689798415235,0.08293314757237566,555,0,555,MAB
query_path_6_68.graph,2,0.1,555,3179.014672838812,1975.3223053873203,0.3786369335554569,555,0,555,PO
query_path_6_68.graph,2,0.1,555,3179.014672838812,307.3400566701335,0.903322227702811,555,0,555,UN
query_path_6_68.graph,2,0.1,555,3179.014672838812,3633.7251212173796,0.1430350266274543,555,0,555,WO
query_path_6_68.graph,3,0.1,555,3179.014672838812,3217.3262356133305,0.012051395390480104,555,0,555,8_POSSA
query_path_6_68.graph,3,0.1,555,3179.014672838812,3059.7315663838544,0.03752203708718329,555,0,555,MAB
query_path_6_68.graph,3,0.1,555,3179.014672838812,2838.4721523160147,0.10712203483436526,555,0,555,PO
query_path_6_68.graph,3,0.1,555,3179.014672838812,1425.8906798514438,0.5514677261372484,555,0,555,UN
query_path_6_68.graph,3,0.1,555,3179.014672838812,2783.865679669786,0.12429920394678899,555,0,555,WO
query_path_6_68.graph,4,0.1,555,3179.014672838812,3230.2500262007434,0.01611674013324977,555,0,555,8_POSSA
query_path_6_68.graph,4,0.1,555,3179.014672838812,3414.615392578318,0.07411124011237033,555,0,555,MAB
query_path_6_68.graph,4,0.1,555,3179.014672838812,3144.705864229126,0.010792277526372383,555,0,555,PO
query_path_6_68.graph,4,0.1,555,3179.014672838812,3145.2486171162373,0.01062154761696094,555,0,555,UN
query_path_6_68.graph,4,0.1,555,3179.014672838812,2936.4058452929175,0.07631573066293797,555,0,555,WO
query_path_6_68.graph,5,0.1,555,3179.014672838812,3122.038167689115,0.01792269335416997,555,0,555,8_POSSA
query_path_6_68.graph,5,0.1,555,3179.014672838812,3003.100968406594,0.05533592088618138,555,0,555,MAB
query_path_6_68.graph,5,0.1,555,3179.014672838812,3451.7314033560024,0.08578655922769247,555,0,555,PO
query_path_6_68.graph,5,0.1,555,3179.014672838812,632.777901717426,0.8009515630349814,555,0,555,UN
query_path_6_68.graph,5,0.1,555,3179.014672838812,3904.0304327563963,0.2280630429648681,555,0,555,WO
query_path_6_69.graph,1,0.1,291,1440.986907367272,1313.3398206674428,0.0885830995737805,291,0,291,8_POSSA
query_path_6_69.graph,1,0.1,291,1440.986907367272,1395.9998844300467,0.03121959173065487,291,0,291,MAB
query_path_6_69.graph,1,0.1,291,1440.986907367272,1500.8078543274573,0.041513872648211755,291,0,291,PO
query_path_6_69.graph,1,0.1,291,1440.986907367272,1925.8925011696767,0.33650936821372135,291,0,291,UN
query_path_6_69.graph,1,0.1,291,1440.986907367272,1632.0624232930136,0.13260045247381366,291,0,291,WO
query_path_6_69.graph,2,0.1,291,1440.986907367272,1292.9514185012852,0.10273201519675998,291,0,291,8_POSSA
query_path_6_69.graph,2,0.1,291,1440.986907367272,1220.8636917991207,0.15275865064612085,291,0,291,MAB
query_path_6_69.graph,2,0.1,291,1440.986907367272,1242.4949911748913,0.13774720309918118,291,0,291,PO
query_path_6_69.graph,2,0.1,291,1440.986907367272,797.1112252029444,0.4468296546432254,291,0,291,UN
query_path_6_69.graph,2,0.1,291,1440.986907367272,1409.7317978821773,0.021690071800998315,291,0,291,WO
query_path_6_69.graph,3,0.1,291,1440.986907367272,1403.8222084547972,0.02579114266928058,291,0,291,8_POSSA
query_path_6_69.graph,3,0.1,291,1440.986907367272,1723.8979599677873,0.19633145253026812,291,0,291,MAB
query_path_6_69.graph,3,0.1,291,1440.986907367272,1464.6799993044526,0.016442267321129755,291,0,291,PO
query_path_6_69.graph,3,0.1,291,1440.986907367272,587.2157784711452,0.5924905525033487,291,0,291,UN
query_path_6_69.graph,3,0.1,291,1440.986907367272,1643.7244374371198,0.14069352679980676,291,0,291,WO
query_path_6_69.graph,4,0.1,291,1440.986907367272,1293.105058013334,0.10262539416414454,291,0,291,8_POSSA
query_path_6_69.graph,4,0.1,291,1440.986907367272,1249.499335030127,0.1328864067800579,291,0,291,MAB
query_path_6_69.graph,4,0.1,291,1440.986907367272,1133.1017052362645,0.21366273389223453,291,0,291,PO
query_path_6_69.graph,4,0.1,291,1440.986907367272,1073.4587757700472,0.25505306794820926,291,0,291,UN
query_path_6_69.graph,4,0.1,291,1440.986907367272,1054.8722155519179,0.26795156142035853,291,0,291,WO
query_path_6_69.graph,5,0.1,291,1440.986907367272,1390.313419371375,0.03516582124155381,291,0,291,8_POSSA
query_path_6_69.graph,5,0.1,291,1440.986907367272,1119.662766139195,0.22298893875111345,291,0,291,MAB
query_path_6_69.graph,5,0.1,291,1440.986907367272,1561.445205912048,0.08359430465947625,291,0,291,PO
query_path_6_69.graph,5,0.1,291,1440.986907367272,4593.179441739429,2.1875233690577467,291,0,291,UN
query_path_6_69.graph,5,0.1,291,1440.986907367272,1105.3659799497957,0.23291046275407604,291,0,291,WO
query_path_6_70.graph,1,0.1,281,1709.7493949898221,1598.3098259137091,0.0651788907793568,281,0,281,8_POSSA
query_path_6_70.graph,1,0.1,281,1709.7493949898221,1638.9332053121764,0.041419046490183034,281,0,281,MAB
query_path_6_70.graph,1,0.1,281,1709.7493949898221,2121.5508450328903,0.24085485934359377,281,0,281,PO
query_path_6_70.graph,1,0.1,281,1709.7493949898221,1612.523352552929,0.056865668572131205,281,0,281,UN
query_path_6_70.graph,1,0.1,281,1709.7493949898221,1395.2752845030734,0.1839299440071571,281,0,281,WO
query_path_6_70.graph,2,0.1,281,1709.7493949898221,1777.4940244238942,0.039622549148189835,281,0,281,8_POSSA
query_path_6_70.graph,2,0.1,281,1709.7493949898221,1790.3615874216384,0.0471485427443571,281,0,281,MAB
query_path_6_70.graph,2,0.1,281,1709.7493949898221,1611.6538405327037,0.057374229664635935,281,0,281,PO
query_path_6_70.graph,2,0.1,281,1709.7493949898221,5209.029324456963,2.046662475636069,281,0,281,UN
query_path_6_70.graph,2,0.1,281,1709.7493949898221,2459.248269090737,0.43836767908631213,281,0,281,WO
query_path_6_70.graph,3,0.1,281,1709.7493949898221,1729.3806091111255,0.011481924882576293,281,0,281,8_POSSA
query_path_6_70.graph,3,0.1,281,1709.7493949898221,1856.5781905283718,0.0858773782688917,281,0,281,MAB
query_path_6_70.graph,3,0.1,281,1709.7493949898221,1836.3564831568187,0.07405008508147493,281,0,281,PO
query_path_6_70.graph,3,0.1,281,1709.7493949898221,17488.93579510935,9.22894691254648,281,0,281,UN
query_path_6_70.graph,3,0.1,281,1709.7493949898221,1373.9281743094182,0.19641546396476603,281,0,281,WO
query_path_6_70.graph,4,0.1,281,1709.7493949898221,1688.7518728066639,0.012281052559333263,281,0,281,8_POSSA
query_path_6_70.graph,4,0.1,281,1709.7493949898221,1989.468897175636,0.16360263264633523,281,0,281,MAB
query_path_6_70.graph,4,0.1,281,1709.7493949898221,1645.6587721703045,0.037485389968451584,281,0,281,PO
query_path_6_70.graph,4,0.1,281,1709.7493949898221,552.3974300427001,0.6769132180064387,281,0,281,UN
query_path_6_70.graph,4,0.1,281,1709.7493949898221,1358.4139585609894,0.20548943456764562,281,0,281,WO
query_path_6_70.graph,5,0.1,281,1709.7493949898221,1672.2079709475759,0.021957267042910542,281,0,281,8_POSSA
query_path_6_70.graph,5,0.1,281,1709.7493949898221,1669.8641035115168,0.023328150660666146,281,0,281,MAB
query_path_6_70.graph,5,0.1,281,1709.7493949898221,2188.9153566214823,0.28025508477194844,281,0,281,PO
query_path_6_70.graph,5,0.1,281,1709.7493949898221,413.5948948026155,0.7580961888247502,281,0,281,UN
query_path_6_70.graph,5,0.1,281,1709.7493949898221,1535.349013107033,0.10200347629532415,281,0,281,WO
query_path_6_71.graph,1,0.1,287,1440.986907367272,1506.2062914418361,0.04526021974323284,287,0,287,8_POSSA
query_path_6_71.graph,1,0.1,287,1440.986907367272,1628.9250262965136,0.13042319674688127,287,0,287,MAB
query_path_6_71.graph,1,0.1,287,1440.986907367272,1470.9682698350243,0.020806131072022938,287,0,287,PO
query_path_6_71.graph,1,0.1,287,1440.986907367272,1500.9519445373128,0.041613866762744485,287,0,287,UN
query_path_6_71.graph,1,0.1,287,1440.986907367272,1271.9242681250903,0.11732420216854317,287,0,287,WO
query_path_6_71.graph,2,0.1,287,1440.986907367272,1425.734528997467,0.010584675191582116,287,0,287,8_POSSA
query_path_6_71.graph,2,0.1,287,1440.986907367272,1262.530075578971,0.12384347899062252,287,0,287,MAB
query_path_6_71.graph,2,0.1,287,1440.986907367272,1626.571661790636,0.1287900351311541,287,0,287,PO
query_path_6_71.graph,2,0.1,287,1440.986907367272,3187.656586145155,1.212134315619219,287,0,287,UN
query_path_6_71.graph,2,0.1,287,1440.986907367272,1306.0143499800229,0.09366674790532838,287,0,287,WO
query_path_6_71.graph,3,0.1,287,1440.986907367272,1532.849968631797,0.06375010126383582,287,0,287,8_POSSA
query_path_6_71.graph,3,0.1,287,1440.986907367272,1557.9173935880133,0.08114611286397948,287,0,287,MAB
query_path_6_71.graph,3,0.1,287,1440.986907367272,1228.0260422131178,0.14778820270007886,287,0,287,PO
query_path_6_71.graph,3,0.1,287,1440.986907367272,545.6830758717454,0.6213129535862852,287,0,287,UN
query_path_6_71.graph,3,0.1,287,1440.986907367272,1725.769464640462,0.1976302184407052,287,0,287,WO
query_path_6_71.graph,4,0.1,287,1440.986907367272,1530.925343272144,0.062414471252339364,287,0,287,8_POSSA
query_path_6_71.graph,4,0.1,287,1440.986907367272,1494.078026829204,0.036843582124511595,287,0,287,MAB
query_path_6_71.graph,4,0.1,287,1440.986907367272,1442.538694415294,0.0010768918441162452,287,0,287,PO
query_path_6_71.graph,4,0.1,287,1440.986907367272,559.5977902598305,0.6116565755047468,287,0,287,UN
query_path_6_71.graph,4,0.1,287,1440.986907367272,1343.7228386857958,0.06749823206872894,287,0,287,WO
query_path_6_71.graph,5,0.1,287,1440.986907367272,1425.3916791710308,0.010822602284939626,287,0,287,8_POSSA
query_path_6_71.graph,5,0.1,287,1440.986907367272,1531.9849028864087,0.06314977259952553,287,0,287,MAB
query_path_6_71.graph,5,0.1,287,1440.986907367272,1397.6460553625452,0.030077200412536555,287,0,287,PO
query_path_6_71.graph,5,0.1,287,1440.986907367272,4065.981518819483,1.821664442634082,287,0,287,UN
query_path_6_71.graph,5,0.1,287,1440.986907367272,1292.2505938617842,0.10321836565276891,287,0,287,WO
query_path_6_73.graph,1,0.1,490,2390.0285692512807,2418.0124457692955,0.011708594984193523,490,0,490,8_POSSA
query_path_6_73.graph,1,0.1,490,2390.0285692512807,2499.3322460291333,0.045733209294688035,490,0,490,MAB
query_path_6_73.graph,1,0.1,490,2390.0285692512807,2512.626482212443,0.05129558472163718,490,0,490,PO
query_path_6_73.graph,1,0.1,490,2390.0285692512807,1697.3637912941058,0.2898144343831691,490,0,490,UN
query_path_6_73.graph,1,0.1,490,2390.0285692512807,2455.9424593058484,0.027578703829141415,490,0,490,WO
query_path_6_73.graph,2,0.1,490,2390.0285692512807,2391.7918372655486,0.0007377602246906305,490,0,490,8_POSSA
query_path_6_73.graph,2,0.1,490,2390.0285692512807,2361.0346538859753,0.01213120032886814,490,0,490,MAB
query_path_6_73.graph,2,0.1,490,2390.0285692512807,2369.343422034223,0.008654769856386222,490,0,490,PO
query_path_6_73.graph,2,0.1,490,2390.0285692512807,2596.5754125588164,0.08642024031212323,490,0,490,UN
query_path_6_73.graph,2,0.1,490,2390.0285692512807,2172.6070547521936,0.09097025755102096,490,0,490,WO
query_path_6_73.graph,3,0.1,490,2390.0285692512807,2360.55519665424,0.01233180765126752,490,0,490,8_POSSA
query_path_6_73.graph,3,0.1,490,2390.0285692512807,2471.897953271968,0.034254562926138786,490,0,490,MAB
query_path_6_73.graph,3,0.1,490,2390.0285692512807,2358.4664767138474,0.013205738602246359,490,0,490,PO
query_path_6_73.graph,3,0.1,490,2390.0285692512807,2497.9637596690263,0.04516062770394341,490,0,490,UN
query_path_6_73.graph,3,0.1,490,2390.0285692512807,2204.00161905485,0.07783461360660934,490,0,490,WO
query_path_6_73.graph,4,0.1,490,2390.0285692512807,2370.345000829787,0.008235704239995803,490,0,490,8_POSSA
query_path_6_73.graph,4,0.1,490,2390.0285692512807,2284.015230750912,0.04435651517487061,490,0,490,MAB
query_path_6_73.graph,4,0.1,490,2390.0285692512807,2373.67608836801,0.006841960424093804,490,0,490,PO
query_path_6_73.graph,4,0.1,490,2390.0285692512807,534.364532743261,0.7764191861059384,490,0,490,UN
query_path_6_73.graph,4,0.1,490,2390.0285692512807,2706.9285075096377,0.13259253145983588,490,0,490,WO
query_path_6_73.graph,5,0.1,490,2390.0285692512807,2337.195912768237,0.022105449768575095,490,0,490,8_POSSA
query_path_6_73.graph,5,0.1,490,2390.0285692512807,2305.221718412219,0.03548361384886241,490,0,490,MAB
query_path_6_73.graph,5,0.1,490,2390.0285692512807,2427.859868199841,0.01582880616377386,490,0,490,PO
query_path_6_73.graph,5,0.1,490,2390.0285692512807,907.1841352786811,0.6204295852568521,490,0,490,UN
query_path_6_73.graph,5,0.1,490,2390.0285692512807,2270.9272735466566,0.049832582437261304,490,0,490,WO
query_path_6_75.graph,1,0.1,384,2872.5452500209376,2868.7853125952715,0.0013089219136369257,384,0,384,8_POSSA
query_path_6_75.graph,1,0.1,384,2872.5452500209376,3244.9828690183836,0.12965422180720437,384,0,384,MAB
query_path_6_75.graph,1,0.1,384,2872.5452500209376,2804.556852546928,0.023668346903678562,384,0,384,PO
query_path_6_75.graph,1,0.1,384,2872.5452500209376,1714.9666902611848,0.4029800957013002,384,0,384,UN
query_path_6_75.graph,1,0.1,384,2872.5452500209376,4211.600946727348,0.46615651979604156,384,0,384,WO
query_path_6_75.graph,2,0.1,384,2872.5452500209376,2948.5623468880813,0.026463324421639515,384,0,384,8_POSSA
query_path_6_75.graph,2,0.1,384,2872.5452500209376,2968.987610415437,0.03357383504882866,384,0,384,MAB
query_path_6_75.graph,2,0.1,384,2872.5452500209376,3475.7917941509872,0.21000419197074532,384,0,384,PO
query_path_6_75.graph,2,0.1,384,2872.5452500209376,592.6593699227458,0.7936814503032019,384,0,384,UN
query_path_6_75.graph,2,0.1,384,2872.5452500209376,3429.2888276732965,0.19381542471726107,384,0,384,WO
query_path_6_75.graph,3,0.1,384,2872.5452500209376,2974.354340999525,0.03544211913732093,384,0,384,8_POSSA
query_path_6_75.graph,3,0.1,384,2872.5452500209376,2950.788942060027,0.027238454133496723,384,0,384,MAB
query_path_6_75.graph,3,0.1,384,2872.5452500209376,3156.7060442180477,0.09892300014944548,384,0,384,PO
query_path_6_75.graph,3,0.1,384,2872.5452500209376,239.3081251387559,0.9166912600812775,384,0,384,UN
query_path_6_75.graph,3,0.1,384,2872.5452500209376,5454.145453146014,0.8987152432520461,384,0,384,WO
query_path_6_75.graph,4,0.1,384,2872.5452500209376,2804.4525536381007,0.023704655786480868,384,0,384,8_POSSA
query_path_6_75.graph,4,0.1,384,2872.5452500209376,2934.0025449563836,0.021394717780337174,384,0,384,MAB
query_path_6_75.graph,4,0.1,384,2872.5452500209376,1951.5394524597168,0.3206235994209343,384,0,384,PO
query_path_6_75.graph,4,0.1,384,2872.5452500209376,6100.973787155345,1.1238912727696373,384,0,384,UN
query_path_6_75.graph,4,0.1,384,2872.5452500209376,2539.226312333562,0.11603609644963682,384,0,384,WO
query_path_6_75.graph,5,0.1,384,2872.5452500209376,2791.441268262934,0.028234187697273837,384,0,384,8_POSSA
query_path_6_75.graph,5,0.1,384,2872.5452500209376,3151.2946498545257,0.09703916755760639,384,0,384,MAB
query_path_6_75.graph,5,0.1,384,2872.5452500209376,2920.885419427065,0.016828340443296706,384,0,384,PO
query_path_6_75.graph,5,0.1,384,2872.5452500209376,1500.5258263243445,0.47763196199836805,384,0,384,UN
query_path_6_75.graph,5,0.1,384,2872.5452500209376,3548.3762134375283,0.23527252126373455,384,0,384,WO
query_path_6_76.graph,1,0.1,449,2732.941012501577,2725.359899488635,0.0027739760859318827,449,0,449,8_POSSA
query_path_6_76.graph,1,0.1,449,2732.941012501577,2921.141369524368,0.06886367329623533,449,0,449,MAB
query_path_6_76.graph,1,0.1,449,2732.941012501577,2949.034775753888,0.07907004295512078,449,0,449,PO
query_path_6_76.graph,1,0.1,449,2732.941012501577,392.11475030747386,0.8565227904613445,449,0,449,UN
query_path_6_76.graph,1,0.1,449,2732.941012501577,2616.85781909277,0.04247555760544975,449,0,449,WO
query_path_6_76.graph,2,0.1,449,2732.941012501577,2611.6687359311086,0.04437427519134881,449,0,449,8_POSSA
query_path_6_76.graph,2,0.1,449,2732.941012501577,2725.3241427238345,0.0027870597070701053,449,0,449,MAB
query_path_6_76.graph,2,0.1,449,2732.941012501577,2641.4540179024502,0.033475656510926606,449,0,449,PO
query_path_6_76.graph,2,0.1,449,2732.941012501577,7158.611524969617,1.619380181358922,449,0,449,UN
query_path_6_76.graph,2,0.1,449,2732.941012501577,3063.544290590115,0.12096978184901355,449,0,449,WO
query_path_6_76.graph,3,0.1,449,2732.941012501577,2764.7573717742025,0.011641802412523584,449,0,449,8_POSSA
query_path_6_76.graph,3,0.1,449,2732.941012501577,2711.625645366389,0.007799424516549311,449,0,449,MAB
query_path_6_76.graph,3,0.1,449,2732.941012501577,2654.376047078011,0.02874740620605344,449,0,449,PO
query_path_6_76.graph,3,0.1,449,2732.941012501577,737.8090319565306,0.7300311171805415,449,0,449,UN
query_path_6_76.graph,3,0.1,449,2732.941012501577,2686.284527972407,0.017071895923016417,449,0,449,WO
query_path_6_76.graph,4,0.1,449,2732.941012501577,2689.885561401391,0.015754255544936015,449,0,449,8_POSSA
query_path_6_76.graph,4,0.1,449,2732.941012501577,2320.9374926236255,0.1507546331930623,449,0,449,MAB
query_path_6_76.graph,4,0.1,449,2732.941012501577,2659.7461733474597,0.02678244382856948,449,0,449,PO
query_path_6_76.graph,4,0.1,449,2732.941012501577,624.4605184272142,0.7715060385238177,449,0,449,UN
query_path_6_76.graph,4,0.1,449,2732.941012501577,2614.5466960731337,0.04332121179595894,449,0,449,WO
query_path_6_76.graph,5,0.1,449,2732.941012501577,2700.540196256124,0.01185565882953144,449,0,449,8_POSSA
query_path_6_76.graph,5,0.1,449,2732.941012501577,2980.463037878002,0.09056983822342277,449,0,449,MAB
query_path_6_76.graph,5,0.1,449,2732.941012501577,2727.520699095388,0.001983326160862729,449,0,449,PO
query_path_6_76.graph,5,0.1,449,2732.941012501577,97.6528747059584,0.9642682098664938,449,0,449,UN
query_path_6_76.graph,5,0.1,449,2732.941012501577,2956.6633317577193,0.0818613787245118,449,0,449,WO
query_path_6_77.graph,1,0.1,179,2315.4937853527836,2356.8445438256686,0.017858289551221956,179,0,179,8_POSSA
query_path_6_77.graph,1,0.1,179,2315.4937853527836,2804.9518473342114,0.21138388065544086,179,0,179,MAB
query_path_6_77.graph,1,0.1,179,2315.4937853527836,2390.7695532773114,0.032509596182336106,179,0,179,PO
query_path_6_77.graph,1,0.1,179,2315.4937853527836,14609.20078834298,5.309324119441397,179,0,179,UN
query_path_6_77.graph,1,0.1,179,2315.4937853527836,3766.0719133256707,0.6264659992390695,179,0,179,WO
query_path_6_77.graph,2,0.1,179,2315.4937853527836,2310.978447753567,0.0019500538622818273,179,0,179,8_POSSA
query_path_6_77.graph,2,0.1,179,2315.4937853527836,2616.205460648953,0.12986935106386108,179,0,179,MAB
query_path_6_77.graph,2,0.1,179,2315.4937853527836,2234.5947979485222,0.03493811467601747,179,0,179,PO
query_path_6_77.graph,2,0.1,179,2315.4937853527836,8682.948714843438,2.749933931919633,179,0,179,UN
query_path_6_77.graph,2,0.1,179,2315.4937853527836,1889.9494265851056,0.18378125713813695,179,0,179,WO
query_path_6_77.graph,3,0.1,179,2315.4937853527836,2395.2725306032175,0.03445431197228589,179,0,179,8_POSSA
query_path_6_77.graph,3,0.1,179,2315.4937853527836,2183.0314199092304,0.057206962195915145,179,0,179,MAB
query_path_6_77.graph,3,0.1,179,2315.4937853527836,2678.632280589644,0.1568298293582046,179,0,179,PO
query_path_6_77.graph,3,0.1,179,2315.4937853527836,171.63867265822108,0.9258738357477084,179,0,179,UN
query_path_6_77.graph,3,0.1,179,2315.4937853527836,4665.622566734124,1.0149579308947616,179,0,179,WO
query_path_6_77.graph,4,0.1,179,2315.4937853527836,2454.0811326573735,0.05985217847754882,179,0,179,8_POSSA
query_path_6_77.graph,4,0.1,179,2315.4937853527836,2563.4425954540798,0.10708247703783808,179,0,179,MAB
query_path_6_77.graph,4,0.1,179,2315.4937853527836,2462.7417324506337,0.06359246050639507,179,0,179,PO
query_path_6_77.graph,4,0.1,179,2315.4937853527836,260.4477716499101,0.8875195548796393,179,0,179,UN
query_path_6_77.graph,4,0.1,179,2315.4937853527836,4065.931551498155,0.7559673781973371,179,0,179,WO
query_path_6_77.graph,5,0.1,179,2315.4937853527836,2476.879318897287,0.06969810697199297,179,0,179,8_POSSA
query_path_6_77.graph,5,0.1,179,2315.4937853527836,2346.20046155754,0.013261394350958364,179,0,179,MAB
query_path_6_77.graph,5,0.1,179,2315.4937853527836,2480.2708834131836,0.07116283321628304,179,0,179,PO
query_path_6_77.graph,5,0.1,179,2315.4937853527836,831.7325928153562,0.6407968796648551,179,0,179,UN
query_path_6_77.graph,5,0.1,179,2315.4937853527836,2916.039542159406,0.25935969278152254,179,0,179,WO
query_path_6_78.graph,1,0.1,182,2315.4937853527836,2471.4725763967517,0.0673630791110949,182,0,182,8_POSSA
query_path_6_78.graph,1,0.1,182,2315.4937853527836,2876.417544352604,0.24224800884721853,182,0,182,MAB
query_path_6_78.graph,1,0.1,182,2315.4937853527836,2102.4983362936696,0.09198705278609179,182,0,182,PO
query_path_6_78.graph,1,0.1,182,2315.4937853527836,14215.610891450347,5.139343142000482,182,0,182,UN
query_path_6_78.graph,1,0.1,182,2315.4937853527836,3131.211319876,0.3522866438611215,182,0,182,WO
query_path_6_78.graph,2,0.1,182,2315.4937853527836,2243.850194588322,0.03094095575538152,182,0,182,8_POSSA
query_path_6_78.graph,2,0.1,182,2315.4937853527836,2978.545087430654,0.286354170446132,182,0,182,MAB
query_path_6_78.graph,2,0.1,182,2315.4937853527836,2359.1324385697485,0.018846370261501804,182,0,182,PO
query_path_6_78.graph,2,0.1,182,2315.4937853527836,677.3173617463594,0.7074846989307877,182,0,182,UN
query_path_6_78.graph,2,0.1,182,2315.4937853527836,1463.2279721989332,0.3680708704748266,182,0,182,WO
query_path_6_78.graph,3,0.1,182,2315.4937853527836,2152.165182249252,0.07053726688307521,182,0,182,8_POSSA
query_path_6_78.graph,3,0.1,182,2315.4937853527836,2111.3526998094862,0.08816308937412883,182,0,182,MAB
query_path_6_78.graph,3,0.1,182,2315.4937853527836,2490.8522203177263,0.07573263036774917,182,0,182,PO
query_path_6_78.graph,3,0.1,182,2315.4937853527836,4033.0969613271627,0.7417869945665558,182,0,182,UN
query_path_6_78.graph,3,0.1,182,2315.4937853527836,8057.251847420381,2.479712145369803,182,0,182,WO
query_path_6_78.graph,4,0.1,182,2315.4937853527836,2504.4076781294098,0.08158687100420946,182,0,182,8_POSSA
query_path_6_78.graph,4,0.1,182,2315.4937853527836,2513.9487845754925,0.08570742036885785,182,0,182,MAB
query_path_6_78.graph,4,0.1,182,2315.4937853527836,2267.717936591831,0.020633114657085373,182,0,182,PO
query_path_6_78.graph,4,0.1,182,2315.4937853527836,2984.6882696956272,0.2890072469967293,182,0,182,UN
query_path_6_78.graph,4,0.1,182,2315.4937853527836,2034.3528769248503,0.12141725890449723,182,0,182,WO
query_path_6_78.graph,5,0.1,182,2315.4937853527836,2581.2052234222706,0.11475368223845343,182,0,182,8_POSSA
query_path_6_78.graph,5,0.1,182,2315.4937853527836,2106.752790736548,0.09014966739996338,182,0,182,MAB
query_path_6_78.graph,5,0.1,182,2315.4937853527836,2618.553737689742,0.1308835092773893,182,0,182,PO
query_path_6_78.graph,5,0.1,182,2315.4937853527836,140.54947636056042,0.9393004303230524,182,0,182,UN
query_path_6_78.graph,5,0.1,182,2315.4937853527836,3583.9206349016786,0.5477997209807411,182,0,182,WO
query_path_6_80.graph,1,0.1,466,2480.791833792202,2339.377671346469,0.05700363912822287,466,0,466,8_POSSA
query_path_6_80.graph,1,0.1,466,2480.791833792202,2119.615300760797,0.1455892139403335,466,0,466,MAB
query_path_6_80.graph,1,0.1,466,2480.791833792202,2336.706134039102,0.058080528075927645,466,0,466,PO
query_path_6_80.graph,1,0.1,466,2480.791833792202,2769.192474855643,0.11625346275934183,466,0,466,UN
query_path_6_80.graph,1,0.1,466,2480.791833792202,2063.0363443604438,0.1683960273253425,466,0,466,WO
query_path_6_80.graph,2,0.1,466,2480.791833792202,2432.6124727726437,0.019420960825201523,466,0,466,8_POSSA
query_path_6_80.graph,2,0.1,466,2480.791833792202,2230.371468884734,0.10094372349036193,466,0,466,MAB
query_path_6_80.graph,2,0.1,466,2480.791833792202,2592.3528007696164,0.044969902535868744,466,0,466,PO
query_path_6_80.graph,2,0.1,466,2480.791833792202,4885.074143127193,0.9691592323809545,466,0,466,UN
query_path_6_80.graph,2,0.1,466,2480.791833792202,2412.10916693881,0.02768578399760438,466,0,466,WO
query_path_6_80.graph,3,0.1,466,2480.791833792202,2353.702605743387,0.051229299579942295,466,0,466,8_POSSA
query_path_6_80.graph,3,0.1,466,2480.791833792202,2430.3169011084497,0.020346299111519976,466,0,466,MAB
query_path_6_80.graph,3,0.1,466,2480.791833792202,2358.7666480256967,0.04918799880922473,466,0,466,PO
query_path_6_80.graph,3,0.1,466,2480.791833792202,2842.698469692992,0.14588351629147797,466,0,466,UN
query_path_6_80.graph,3,0.1,466,2480.791833792202,2721.7672069870373,0.09713647469827173,466,0,466,WO
query_path_6_80.graph,4,0.1,466,2480.791833792202,2365.8232267011344,0.046343512391897684,466,0,466,8_POSSA
query_path_6_80.graph,4,0.1,466,2480.791833792202,2258.0339808980784,0.0897930450511078,466,0,466,MAB
query_path_6_80.graph,4,0.1,466,2480.791833792202,1727.2399829259589,0.3037545676351024,466,0,466,PO
query_path_6_80.graph,4,0.1,466,2480.791833792202,511.7016856396359,0.7937345331964288,466,0,466,UN
query_path_6_80.graph,4,0.1,466,2480.791833792202,2054.4812709480584,0.1718445526291798,466,0,466,WO
query_path_6_80.graph,5,0.1,466,2480.791833792202,2429.035077174224,0.02086299862526598,466,0,466,8_POSSA
query_path_6_80.graph,5,0.1,466,2480.791833792202,2302.252494783523,0.07196869022894153,466,0,466,MAB
query_path_6_80.graph,5,0.1,466,2480.791833792202,2621.074912262546,0.056547702455108415,466,0,466,PO
query_path_6_80.graph,5,0.1,466,2480.791833792202,2012.233675707782,0.1888744358563008,466,0,466,UN
query_path_6_80.graph,5,0.1,466,2480.791833792202,1758.8483596964466,0.2910133225455576,466,0,466,WO
query_path_6_81.graph,1,0.1,490,2390.0285692512807,2444.7924512282652,0.022913484249328573,490,0,490,8_POSSA
query_path_6_81.graph,1,0.1,490,2390.0285692512807,2620.786102817184,0.09655011514703041,490,0,490,MAB
query_path_6_81.graph,1,0.1,490,2390.0285692512807,2478.4746380933434,0.03700628100431871,490,0,490,PO
query_path_6_81.graph,1,0.1,490,2390.0285692512807,10646.787736805683,3.4546696528154808,490,0,490,UN
query_path_6_81.graph,1,0.1,490,2390.0285692512807,2911.065391712012,0.21800443273527711,490,0,490,WO
query_path_6_81.graph,2,0.1,490,2390.0285692512807,2378.1999299593567,0.004949162300444603,490,0,490,8_POSSA
query_path_6_81.graph,2,0.1,490,2390.0285692512807,2356.7953840241344,0.013904932206545649,490,0,490,MAB
query_path_6_81.graph,2,0.1,490,2390.0285692512807,2393.943216203966,0.0016379080162676673,490,0,490,PO
query_path_6_81.graph,2,0.1,490,2390.0285692512807,673.0476754805538,0.718393460170479,490,0,490,UN
query_path_6_81.graph,2,0.1,490,2390.0285692512807,3289.39961034829,0.37630137675666087,490,0,490,WO
query_path_6_81.graph,3,0.1,490,2390.0285692512807,2470.5849389262576,0.033705191105817024,490,0,490,8_POSSA
query_path_6_81.graph,3,0.1,490,2390.0285692512807,2314.259958030058,0.0317019688366983,490,0,490,MAB
query_path_6_81.graph,3,0.1,490,2390.0285692512807,2389.6292806044476,0.0001670643823970023,490,0,490,PO
query_path_6_81.graph,3,0.1,490,2390.0285692512807,503.6495919059849,0.7892704721668821,490,0,490,UN
query_path_6_81.graph,3,0.1,490,2390.0285692512807,2625.679101455978,0.0985973704400191,490,0,490,WO
query_path_6_81.graph,4,0.1,490,2390.0285692512807,2488.51529979037,0.04120734446699194,490,0,490,8_POSSA
query_path_6_81.graph,4,0.1,490,2390.0285692512807,2237.410150731333,0.06385631556185044,490,0,490,MAB
query_path_6_81.graph,4,0.1,490,2390.0285692512807,2209.87864322829,0.07537563707007314,490,0,490,PO
query_path_6_81.graph,4,0.1,490,2390.0285692512807,6647.092153201399,1.7811768606948994,490,0,490,UN
query_path_6_81.graph,4,0.1,490,2390.0285692512807,2960.574327931786,0.23871922119292438,490,0,490,WO
query_path_6_81.graph,5,0.1,490,2390.0285692512807,2460.1944224003973,0.02935774661936252,490,0,490,8_POSSA
query_path_6_81.graph,5,0.1,490,2390.0285692512807,2663.9132129005325,0.1145947153824404,490,0,490,MAB
query_path_6_81.graph,5,0.1,490,2390.0285692512807,2329.783875790253,0.025206683399562977,490,0,490,PO
query_path_6_81.graph,5,0.1,490,2390.0285692512807,547.7992372624522,0.7707980380192442,490,0,490,UN
query_path_6_81.graph,5,0.1,490,2390.0285692512807,2378.6804894978295,0.004748093767350317,490,0,490,WO
query_path_6_83.graph,1,0.1,343,1734.8857739363905,1837.6321546227248,0.059223715030648175,343,0,343,8_POSSA
query_path_6_83.graph,1,0.1,343,1734.8857739363905,1844.1559234989506,0.06298405993302389,343,0,343,MAB
query_path_6_83.graph,1,0.1,343,1734.8857739363905,1711.739761927762,0.013341519284068543,343,0,343,PO
query_path_6_83.graph,1,0.1,343,1734.8857739363905,147.80892533816174,0.9148019266981544,343,0,343,UN
query_path_6_83.graph,1,0.1,343,1734.8857739363905,1518.385125275283,0.12479245141879038,343,0,343,WO
query_path_6_83.graph,2,0.1,343,1734.8857739363905,1833.3316160428515,0.05674485524374961,343,0,343,8_POSSA
query_path_6_83.graph,2,0.1,343,1734.8857739363905,1972.3262776323838,0.13686232676705268,343,0,343,MAB
query_path_6_83.graph,2,0.1,343,1734.8857739363905,1628.2057587127717,0.06149108882342484,343,0,343,PO
query_path_6_83.graph,2,0.1,343,1734.8857739363905,138.09062717549523,0.920403620082622,343,0,343,UN
query_path_6_83.graph,2,0.1,343,1734.8857739363905,2089.7709841913943,0.2045582571409198,343,0,343,WO
query_path_6_83.graph,3,0.1,343,1734.8857739363905,1804.1434818352834,0.039920615489139555,343,0,343,8_POSSA
query_path_6_83.graph,3,0.1,343,1734.8857739363905,1597.3705339438575,0.07926472281833062,343,0,343,MAB
query_path_6_83.graph,3,0.1,343,1734.8857739363905,1733.4919591654595,0.0008034043461941689,343,0,343,PO
query_path_6_83.graph,3,0.1,343,1734.8857739363905,4368.244796215428,1.5178861120660674,343,0,343,UN
query_path_6_83.graph,3,0.1,343,1734.8857739363905,2173.082429476389,0.25257954277055755,343,0,343,WO
query_path_6_83.graph,4,0.1,343,1734.8857739363905,1705.396075395944,0.01699806349413736,343,0,343,8_POSSA
query_path_6_83.graph,4,0.1,343,1734.8857739363905,1720.4810228065594,0.00830299685791258,343,0,343,MAB
query_path_6_83.graph,4,0.1,343,1734.8857739363905,1661.6194568307797,0.04223120519304986,343,0,343,PO
query_path_6_83.graph,4,0.1,343,1734.8857739363905,2052.1482562660763,0.18287226000466253,343,0,343,UN
query_path_6_83.graph,4,0.1,343,1734.8857739363905,1974.395994302967,0.13805532558096711,343,0,343,WO
query_path_6_83.graph,5,0.1,343,1734.8857739363905,1781.4640473098177,0.026848034650571194,343,0,343,8_POSSA
query_path_6_83.graph,5,0.1,343,1734.8857739363905,1713.9566748755642,0.012063675531409159,343,0,343,MAB
query_path_6_83.graph,5,0.1,343,1734.8857739363905,1932.4289585662445,0.11386523977404923,343,0,343,PO
query_path_6_83.graph,5,0.1,343,1734.8857739363905,954.7089671072557,0.44969923585167393,343,0,343,UN
query_path_6_83.graph,5,0.1,343,1734.8857739363905,1317.1795899128736,0.24076869514916668,343,0,343,WO
query_path_6_84.graph,1,0.1,462,2480.791833792202,2453.3555277790897,0.011059495456002209,462,0,462,8_POSSA
query_path_6_84.graph,1,0.1,462,2480.791833792202,2308.2292974422453,0.06955945839525485,462,0,462,MAB
query_path_6_84.graph,1,0.1,462,2480.791833792202,2286.53629928585,0.07830384309569739,462,0,462,PO
query_path_6_84.graph,1,0.1,462,2480.791833792202,3827.495855986574,0.5428524892134,462,0,462,UN
query_path_6_84.graph,1,0.1,462,2480.791833792202,2230.441773315904,0.10091538397786746,462,0,462,WO
query_path_6_84.graph,2,0.1,462,2480.791833792202,2442.0434817624578,0.015619348428163947,462,0,462,8_POSSA
query_path_6_84.graph,2,0.1,462,2480.791833792202,2498.2625893650693,0.0070424109491529175,462,0,462,MAB
query_path_6_84.graph,2,0.1,462,2480.791833792202,2425.2736510563886,0.022379218594470614,462,0,462,PO
query_path_6_84.graph,2,0.1,462,2480.791833792202,1016.6510616650332,0.590190902833248,462,0,462,UN
query_path_6_84.graph,2,0.1,462,2480.791833792202,2228.3468195046357,0.10175985378897039,462,0,462,WO
query_path_6_84.graph,3,0.1,462,2480.791833792202,2465.212258326778,0.006280081727618707,462,0,462,8_POSSA
query_path_6_84.graph,3,0.1,462,2480.791833792202,2663.732084606264,0.07374268502585919,462,0,462,MAB
query_path_6_84.graph,3,0.1,462,2480.791833792202,3076.493881374012,0.24012576930777965,462,0,462,PO
query_path_6_84.graph,3,0.1,462,2480.791833792202,234.6554857012583,0.9054110536382418,462,0,462,UN
query_path_6_84.graph,3,0.1,462,2480.791833792202,1678.77715203028,0.32328979434600197,462,0,462,WO
query_path_6_84.graph,4,0.1,462,2480.791833792202,2464.7560086942062,0.006463994632505275,462,0,462,8_POSSA
query_path_6_84.graph,4,0.1,462,2480.791833792202,2241.4877890536363,0.09646276704029588,462,0,462,MAB
query_path_6_84.graph,4,0.1,462,2480.791833792202,2846.5049932234383,0.14741791489703426,462,0,462,PO
query_path_6_84.graph,4,0.1,462,2480.791833792202,6225.114735581352,1.5093257123736505,462,0,462,UN
query_path_6_84.graph,4,0.1,462,2480.791833792202,2467.448492341724,0.005378662275778694,462,0,462,WO
query_path_6_84.graph,5,0.1,462,2480.791833792202,2511.8286623609356,0.012510855665503366,462,0,462,8_POSSA
query_path_6_84.graph,5,0.1,462,2480.791833792202,2295.042906139554,0.07487485452123062,462,0,462,MAB
query_path_6_84.graph,5,0.1,462,2480.791833792202,2608.668748308536,0.051546813712643615,462,0,462,PO
query_path_6_84.graph,5,0.1,462,2480.791833792202,3025.256332641088,0.2194720618765517,462,0,462,UN
query_path_6_84.graph,5,0.1,462,2480.791833792202,2104.2251610336184,0.1517929346707636,462,0,462,WO
query_path_6_85.graph,1,0.1,413,2177.304297626684,2264.815562983382,0.04019248271915298,413,0,413,8_POSSA
query_path_6_85.graph,1,0.1,413,2177.304297626684,2308.7574715765277,0.06037427753811496,413,0,413,MAB
query_path_6_85.graph,1,0.1,413,2177.304297626684,2488.9858840544025,0.14315021872113118,413,0,413,PO
query_path_6_85.graph,1,0.1,413,2177.304297626684,5825.2495012256195,1.6754411441594486,413,0,413,UN
query_path_6_85.graph,1,0.1,413,2177.304297626684,1936.1699452145474,0.11074903617054305,413,0,413,WO
query_path_6_85.graph,2,0.1,413,2177.304297626684,2207.722652546301,0.01397064937260908,413,0,413,8_POSSA
query_path_6_85.graph,2,0.1,413,2177.304297626684,2261.4591608678215,0.03865094251311984,413,0,413,MAB
query_path_6_85.graph,2,0.1,413,2177.304297626684,2484.8474795775905,0.14124951771148225,413,0,413,PO
query_path_6_85.graph,2,0.1,413,2177.304297626684,734.7987020424332,0.6625190595345896,413,0,413,UN
query_path_6_85.graph,2,0.1,413,2177.304297626684,2202.673591970587,0.011651699016787129,413,0,413,WO
query_path_6_85.graph,3,0.1,413,2177.304297626684,2187.6551400277863,0.004753971418871093,413,0,413,8_POSSA
query_path_6_85.graph,3,0.1,413,2177.304297626684,2353.541100640104,0.08094266070457988,413,0,413,MAB
query_path_6_85.graph,3,0.1,413,2177.304297626684,2273.111504300019,0.04400267191764032,413,0,413,PO
query_path_6_85.graph,3,0.1,413,2177.304297626684,1387.5329960378515,0.362728949944986,413,0,413,UN
query_path_6_85.graph,3,0.1,413,2177.304297626684,1834.9462333076576,0.1572394197229138,413,0,413,WO
query_path_6_85.graph,4,0.1,413,2177.304297626684,2276.8225606525316,0.04570709897294796,413,0,413,8_POSSA
query_path_6_85.graph,4,0.1,413,2177.304297626684,2429.680579110077,0.115912269019305,413,0,413,MAB
query_path_6_85.graph,4,0.1,413,2177.304297626684,2336.6247445434274,0.07317325699049362,413,0,413,PO
query_path_6_85.graph,4,0.1,413,2177.304297626684,1426.0675403995835,0.34503066844903907,413,0,413,UN
query_path_6_85.graph,4,0.1,413,2177.304297626684,1847.0889430496404,0.15166247314947498,413,0,413,WO
query_path_6_85.graph,5,0.1,413,2177.304297626684,2240.0746084541433,0.028829369829417383,413,0,413,8_POSSA
query_path_6_85.graph,5,0.1,413,2177.304297626684,2108.6407337526966,0.03153604388180017,413,0,413,MAB
query_path_6_85.graph,5,0.1,413,2177.304297626684,2323.9197900689833,0.06733808067256103,413,0,413,PO
query_path_6_85.graph,5,0.1,413,2177.304297626684,142.64780859841474,0.9344842111624432,413,0,413,UN
query_path_6_85.graph,5,0.1,413,2177.304297626684,2434.5614063065354,0.11815395255512438,413,0,413,WO
query_path_6_86.graph,1,0.1,439,2732.941012501577,2671.8613583326255,0.02234942279747293,439,0,439,8_POSSA
query_path_6_86.graph,1,0.1,439,2732.941012501577,2398.7240648012666,0.12229204588443986,439,0,439,MAB
query_path_6_86.graph,1,0.1,439,2732.941012501577,2850.731179432035,0.04310014976233956,439,0,439,PO
query_path_6_86.graph,1,0.1,439,2732.941012501577,97.65271640494262,0.9642682677898134,439,0,439,UN
query_path_6_86.graph,1,0.1,439,2732.941012501577,2740.2962401477403,0.0026913232347560642,439,0,439,WO
query_path_6_86.graph,2,0.1,439,2732.941012501577,2746.386223091156,0.004919685616365323,439,0,439,8_POSSA
query_path_6_86.graph,2,0.1,439,2732.941012501577,2639.681025389927,0.03412440542442777,439,0,439,MAB
query_path_6_86.graph,2,0.1,439,2732.941012501577,2442.4627620515716,0.10628778635222656,439,0,439,PO
query_path_6_86.graph,2,0.1,439,2732.941012501577,1183.0196137655832,0.5671258148807554,439,0,439,UN
query_path_6_86.graph,2,0.1,439,2732.941012501577,2504.167853209877,0.0837095122965329,439,0,439,WO
query_path_6_86.graph,3,0.1,439,2732.941012501577,2739.2435836483774,0.0023061497185522255,439,0,439,8_POSSA
query_path_6_86.graph,3,0.1,439,2732.941012501577,2492.852961414698,0.08784970110537307,439,0,439,MAB
query_path_6_86.graph,3,0.1,439,2732.941012501577,2391.9977011194273,0.12475326390966257,439,0,439,PO
query_path_6_86.graph,3,0.1,439,2732.941012501577,570.5414775364605,0.7912353486860589,439,0,439,UN
query_path_6_86.graph,3,0.1,439,2732.941012501577,2321.0496872695044,0.15071358047902067,439,0,439,WO
query_path_6_86.graph,4,0.1,439,2732.941012501577,2682.477384733125,0.018464953153987274,439,0,439,8_POSSA
query_path_6_86.graph,4,0.1,439,2732.941012501577,2959.2456079669464,0.0828062495422187,439,0,439,MAB
query_path_6_86.graph,4,0.1,439,2732.941012501577,2845.048625428807,0.04102086814695398,439,0,439,PO
query_path_6_86.graph,4,0.1,439,2732.941012501577,14478.505753852236,4.297774700449698,439,0,439,UN
query_path_6_86.graph,4,0.1,439,2732.941012501577,3396.112873437767,0.24265868085061987,439,0,439,WO
query_path_6_86.graph,5,0.1,439,2732.941012501577,2733.800318039112,0.000314425204790061,439,0,439,8_POSSA
query_path_6_86.graph,5,0.1,439,2732.941012501577,2566.7212277242506,0.060820846120340645,439,0,439,MAB
query_path_6_86.graph,5,0.1,439,2732.941012501577,3082.397088528155,0.12786813708310013,439,0,439,PO
query_path_6_86.graph,5,0.1,439,2732.941012501577,3606.165917376016,0.31951838729045196,439,0,439,UN
query_path_6_86.graph,5,0.1,439,2732.941012501577,2742.5111796588117,0.003501783285280162,439,0,439,WO
query_path_6_87.graph,1,0.1,186,2315.4937853527836,2379.4065104301053,0.02760220108627246,186,0,186,8_POSSA
query_path_6_87.graph,1,0.1,186,2315.4937853527836,2631.543476654422,0.13649343103440287,186,0,186,MAB
query_path_6_87.graph,1,0.1,186,2315.4937853527836,2439.640796343074,0.0536157824199798,186,0,186,PO
query_path_6_87.graph,1,0.1,186,2315.4937853527836,8369.245821994833,2.614454020536148,186,0,186,UN
query_path_6_87.graph,1,0.1,186,2315.4937853527836,2937.310490329596,0.26854604789279274,186,0,186,WO
query_path_6_87.graph,2,0.1,186,2315.4937853527836,2290.7803442332274,0.010673075987457618,186,0,186,8_POSSA
query_path_6_87.graph,2,0.1,186,2315.4937853527836,0.0,1.0,186,0,186,MAB
query_path_6_87.graph,2,0.1,186,2315.4937853527836,2527.202964922061,0.0914315473047239,186,0,186,PO
query_path_6_87.graph,2,0.1,186,2315.4937853527836,24.1190220997295,0.9895836377310532,186,0,186,UN
query_path_6_87.graph,2,0.1,186,2315.4937853527836,2536.340575677682,0.09537783764392642,186,0,186,WO
query_path_6_87.graph,3,0.1,186,2315.4937853527836,2451.728900746864,0.05883631226128464,186,0,186,8_POSSA
query_path_6_87.graph,3,0.1,186,2315.4937853527836,2424.034350696283,0.046875774847723276,186,0,186,MAB
query_path_6_87.graph,3,0.1,186,2315.4937853527836,2472.4645083444057,0.06779146805946032,186,0,186,PO
query_path_6_87.graph,3,0.1,186,2315.4937853527836,82.53659735619866,0.9643546452690549,186,0,186,UN
query_path_6_87.graph,3,0.1,186,2315.4937853527836,2189.216387461484,0.0545358396943658,186,0,186,WO
query_path_6_87.graph,4,0.1,186,2315.4937853527836,2306.3866323397306,0.003933136452648888,186,0,186,8_POSSA
query_path_6_87.graph,4,0.1,186,2315.4937853527836,2076.362654760782,0.10327435646974462,186,0,186,MAB
query_path_6_87.graph,4,0.1,186,2315.4937853527836,2677.7048726984385,0.15642930662863744,186,0,186,PO
query_path_6_87.graph,4,0.1,186,2315.4937853527836,2762.33285645285,0.19297787535715072,186,0,186,UN
query_path_6_87.graph,4,0.1,186,2315.4937853527836,1428.1693447748537,0.3832117564689292,186,0,186,WO
query_path_6_87.graph,5,0.1,186,2315.4937853527836,2294.9436004623158,0.008875076677148935,186,0,186,8_POSSA
query_path_6_87.graph,5,0.1,186,2315.4937853527836,2427.53306297276,0.04838677535163689,186,0,186,MAB
query_path_6_87.graph,5,0.1,186,2315.4937853527836,2565.239859537434,0.10785866745334388,186,0,186,PO
query_path_6_87.graph,5,0.1,186,2315.4937853527836,2925.9161093775574,0.26362511870519717,186,0,186,UN
query_path_6_87.graph,5,0.1,186,2315.4937853527836,3219.393753284564,0.39037028458016965,186,0,186,WO
query_path_6_89.graph,1,0.1,384,2872.5452500209376,3216.065442495046,0.11958739117220338,384,0,384,8_POSSA
query_path_6_89.graph,1,0.1,384,2872.5452500209376,3185.327414644663,0.10888676675204523,384,0,384,MAB
query_path_6_89.graph,1,0.1,384,2872.5452500209376,3613.8320520165216,0.25805922534733994,384,0,384,PO
query_path_6_89.graph,1,0.1,384,2872.5452500209376,972.0439348995626,0.6616088345718915,384,0,384,UN
query_path_6_89.graph,1,0.1,384,2872.5452500209376,2959.531214190311,0.030281842964436964,384,0,384,WO
query_path_6_89.graph,2,0.1,384,2872.5452500209376,3180.2857515787637,0.10713164624842132,384,0,384,8_POSSA
query_path_6_89.graph,2,0.1,384,2872.5452500209376,3455.981214971757,0.20310766730186988,384,0,384,MAB
query_path_6_89.graph,2,0.1,384,2872.5452500209376,3264.931087765277,0.13659866201985132,384,0,384,PO
query_path_6_89.graph,2,0.1,384,2872.5452500209376,1927.3216044978994,0.3290543971469722,384,0,384,UN
query_path_6_89.graph,2,0.1,384,2872.5452500209376,2532.912026691788,0.11823424655422714,384,0,384,WO
query_path_6_89.graph,3,0.1,384,2872.5452500209376,3104.5977785885734,0.08078289752474549,384,0,384,8_POSSA
query_path_6_89.graph,3,0.1,384,2872.5452500209376,3017.6671826446054,0.05052032953096563,384,0,384,MAB
query_path_6_89.graph,3,0.1,384,2872.5452500209376,3227.518375929343,0.12357442442580086,384,0,384,PO
query_path_6_89.graph,3,0.1,384,2872.5452500209376,104.14017685421707,0.9637463754997566,384,0,384,UN
query_path_6_89.graph,3,0.1,384,2872.5452500209376,3185.5509629032317,0.1089645891148321,384,0,384,WO
query_path_6_89.graph,4,0.1,384,2872.5452500209376,3122.0354213711666,0.08685334768822547,384,0,384,8_POSSA
query_path_6_89.graph,4,0.1,384,2872.5452500209376,2996.964639420556,0.0433132913741608,384,0,384,MAB
query_path_6_89.graph,4,0.1,384,2872.5452500209376,3335.1889172902675,0.16105705115209507,384,0,384,PO
query_path_6_89.graph,4,0.1,384,2872.5452500209376,205.19203954245594,0.9285678651916935,384,0,384,UN
query_path_6_89.graph,4,0.1,384,2872.5452500209376,2434.0245716317095,0.15265927608486995,384,0,384,WO
query_path_6_89.graph,5,0.1,384,2872.5452500209376,3168.0069934229755,0.10285712414796053,384,0,384,8_POSSA
query_path_6_89.graph,5,0.1,384,2872.5452500209376,3198.737918112891,0.11355527579228758,384,0,384,MAB
query_path_6_89.graph,5,0.1,384,2872.5452500209376,3360.7563192625357,0.16995766010580324,384,0,384,PO
query_path_6_89.graph,5,0.1,384,2872.5452500209376,1712.3488417877427,0.40389142981289444,384,0,384,UN
query_path_6_89.graph,5,0.1,384,2872.5452500209376,3743.0521894970093,0.3030437690997998,384,0,384,WO
query_path_6_90.graph,1,0.1,343,1734.8857739363905,1824.4980247698643,0.05165311294826459,343,0,343,8_POSSA
query_path_6_90.graph,1,0.1,343,1734.8857739363905,1649.6880111758387,0.049108571895912924,343,0,343,MAB
query_path_6_90.graph,1,0.1,343,1734.8857739363905,1894.0805652800132,0.09176096417138502,343,0,343,PO
query_path_6_90.graph,1,0.1,343,1734.8857739363905,91.08719903477663,0.9474967168425716,343,0,343,UN
query_path_6_90.graph,1,0.1,343,1734.8857739363905,1939.7892476180284,0.11810776061453294,343,0,343,WO
query_path_6_90.graph,2,0.1,343,1734.8857739363905,1779.78811104284,0.025882013548689038,343,0,343,8_POSSA
query_path_6_90.graph,2,0.1,343,1734.8857739363905,1803.0770458767631,0.03930591452464863,343,0,343,MAB
query_path_6_90.graph,2,0.1,343,1734.8857739363905,2420.293037639447,0.3950734244294904,343,0,343,PO
query_path_6_90.graph,2,0.1,343,1734.8857739363905,383.23510752185285,0.7791006685977332,343,0,343,UN
query_path_6_90.graph,2,0.1,343,1734.8857739363905,1864.5376554059064,0.07473222930137972,343,0,343,WO
query_path_6_90.graph,3,0.1,343,1734.8857739363905,1679.3414437921092,0.03201613096305083,343,0,343,8_POSSA
query_path_6_90.graph,3,0.1,343,1734.8857739363905,1719.6908218374056,0.008758474089339115,343,0,343,MAB
query_path_6_90.graph,3,0.1,343,1734.8857739363905,1733.182546237869,0.0009817520692771027,343,0,343,PO
query_path_6_90.graph,3,0.1,343,1734.8857739363905,226.06369038385515,0.8696953460682745,343,0,343,UN
query_path_6_90.graph,3,0.1,343,1734.8857739363905,2015.9122287726289,0.16198556646101256,343,0,343,WO
query_path_6_90.graph,4,0.1,343,1734.8857739363905,1803.9995608014194,0.03983765842301673,343,0,343,8_POSSA
query_path_6_90.graph,4,0.1,343,1734.8857739363905,1639.3299597706236,0.055079023415446134,343,0,343,MAB
query_path_6_90.graph,4,0.1,343,1734.8857739363905,1878.6040272966952,0.08284018205660505,343,0,343,PO
query_path_6_90.graph,4,0.1,343,1734.8857739363905,2659.028070128953,0.5326819264277661,343,0,343,UN
query_path_6_90.graph,4,0.1,343,1734.8857739363905,2184.7852220121067,0.25932511225503413,343,0,343,WO
query_path_6_90.graph,5,0.1,343,1734.8857739363905,1819.4146187752563,0.048723003040755254,343,0,343,8_POSSA
query_path_6_90.graph,5,0.1,343,1734.8857739363905,269268.4737635426,154.20818592718214,343,0,343,MAB
query_path_6_90.graph,5,0.1,343,1734.8857739363905,1891.3921313177627,0.09021133248805495,343,0,343,PO
query_path_6_90.graph,5,0.1,343,1734.8857739363905,631.8649102445473,0.6357887535091895,343,0,343,UN
query_path_6_90.graph,5,0.1,343,1734.8857739363905,1679.3983056626128,0.03198335539283301,343,0,343,WO
query_path_6_91.graph,1,0.1,593,281.45127146247205,248.65994258596805,0.11650801471286408,593,0,593,8_POSSA
query_path_6_91.graph,1,0.1,593,281.45127146247205,245.09351278220805,0.12917958583502737,593,0,593,MAB
query_path_6_91.graph,1,0.1,593,281.45127146247205,230.58623143111726,0.18072414371074177,593,0,593,PO
query_path_6_91.graph,1,0.1,593,281.45127146247205,107.35704524020255,0.6185590326795974,593,0,593,UN
query_path_6_91.graph,1,0.1,593,281.45127146247205,216.34667894259175,0.23131745748237334,593,0,593,WO
query_path_6_91.graph,2,0.1,593,281.45127146247205,255.8094248819315,0.09110581184196057,593,0,593,8_POSSA
query_path_6_91.graph,2,0.1,593,281.45127146247205,225.0369606010691,0.20044077459044304,593,0,593,MAB
query_path_6_91.graph,2,0.1,593,281.45127146247205,265.93005473617717,0.0551470833499661,593,0,593,PO
query_path_6_91.graph,2,0.1,593,281.45127146247205,253.35111203239973,0.09984022912406393,593,0,593,UN
query_path_6_91.graph,2,0.1,593,281.45127146247205,196.48801875063737,0.30187553344616336,593,0,593,WO
query_path_6_91.graph,3,0.1,593,281.45127146247205,250.90299745205542,0.10853841182412231,593,0,593,8_POSSA
query_path_6_91.graph,3,0.1,593,281.45127146247205,253.31758021169392,0.0999593681158033,593,0,593,MAB
query_path_6_91.graph,3,0.1,593,281.45127146247205,238.48032609303158,0.1526763234934261,593,0,593,PO
query_path_6_91.graph,3,0.1,593,281.45127146247205,367.2462593304234,0.3048306991904673,593,0,593,UN
query_path_6_91.graph,3,0.1,593,281.45127146247205,245.4797734158394,0.12780719681854058,593,0,593,WO
query_path_6_91.graph,4,0.1,593,281.45127146247205,246.68065220644928,0.12354045897660473,593,0,593,8_POSSA
query_path_6_91.graph,4,0.1,593,281.45127146247205,281.0250886084233,0.0015142331808779461,593,0,593,MAB
query_path_6_91.graph,4,0.1,593,281.45127146247205,240.0937333352537,0.14694386673869714,593,0,593,PO
query_path_6_91.graph,4,0.1,593,281.45127146247205,163.56549529192168,0.4188496842028619,593,0,593,UN
query_path_6_91.graph,4,0.1,593,281.45127146247205,294.97854013027097,0.048062560163643145,593,0,593,WO
query_path_6_91.graph,5,0.1,593,281.45127146247205,245.9303319114734,0.12620635666851102,593,0,593,8_POSSA
query_path_6_91.graph,5,0.1,593,281.45127146247205,249.91678973937022,0.11204242055558294,593,0,593,MAB
query_path_6_91.graph,5,0.1,593,281.45127146247205,240.5979932257004,0.14515222483981177,593,0,593,PO
query_path_6_91.graph,5,0.1,593,281.45127146247205,221.87162741237495,0.21168724426260513,593,0,593,UN
query_path_6_91.graph,5,0.1,593,281.45127146247205,393.17069430326154,0.396940551237431,593,0,593,WO
query_path_6_92.graph,1,0.1,287,1440.986907367272,1524.3367670144862,0.05784220468699269,287,0,287,8_POSSA
query_path_6_92.graph,1,0.1,287,1440.986907367272,1505.0483524365156,0.0444566461650134,287,0,287,MAB
query_path_6_92.graph,1,0.1,287,1440.986907367272,1571.4791501720438,0.09055754923074581,287,0,287,PO
query_path_6_92.graph,1,0.1,287,1440.986907367272,2503.119915676439,0.7370872024435791,287,0,287,UN
query_path_6_92.graph,1,0.1,287,1440.986907367272,1173.775792303642,0.1854361852265771,287,0,287,WO
query_path_6_92.graph,2,0.1,287,1440.986907367272,1516.808977814513,0.05261815361374122,287,0,287,8_POSSA
query_path_6_92.graph,2,0.1,287,1440.986907367272,1708.286728630719,0.18549774456439175,287,0,287,MAB
query_path_6_92.graph,2,0.1,287,1440.986907367272,1637.415483499061,0.13631530940879286,287,0,287,PO
query_path_6_92.graph,2,0.1,287,1440.986907367272,2603.1740392428183,0.80652164564,287,0,287,UN
query_path_6_92.graph,2,0.1,287,1440.986907367272,1825.1848461119196,0.26662139453202205,287,0,287,WO
query_path_6_92.graph,3,0.1,287,1440.986907367272,1515.4278784770063,0.051659713720605814,287,0,287,8_POSSA
query_path_6_92.graph,3,0.1,287,1440.986907367272,1339.085414197829,0.07071646012080708,287,0,287,MAB
query_path_6_92.graph,3,0.1,287,1440.986907367272,1602.964468857003,0.11240737904112487,287,0,287,PO
query_path_6_92.graph,3,0.1,287,1440.986907367272,572.6814516146916,0.6025769223254093,287,0,287,UN
query_path_6_92.graph,3,0.1,287,1440.986907367272,1354.2444976812865,0.06019652867246831,287,0,287,WO
query_path_6_92.graph,4,0.1,287,1440.986907367272,1451.8817792687573,0.007560701520453577,287,0,287,8_POSSA
query_path_6_92.graph,4,0.1,287,1440.986907367272,833769.5073342102,577.6100505642574,287,0,287,MAB
query_path_6_92.graph,4,0.1,287,1440.986907367272,1884.236770639853,0.30760158958169326,287,0,287,PO
query_path_6_92.graph,4,0.1,287,1440.986907367272,345.7861435275135,0.7600351941023006,287,0,287,UN
query_path_6_92.graph,4,0.1,287,1440.986907367272,2684.024565117389,0.8626293905898048,287,0,287,WO
query_path_6_92.graph,5,0.1,287,1440.986907367272,1491.6905328666044,0.03518673572959076,287,0,287,8_POSSA
query_path_6_92.graph,5,0.1,287,1440.986907367272,1346.4813012118802,0.06558394505336371,287,0,287,MAB
query_path_6_92.graph,5,0.1,287,1440.986907367272,1694.3948850331187,0.17585723809859669,287,0,287,PO
query_path_6_92.graph,5,0.1,287,1440.986907367272,4889.644622107385,2.3932609637938476,287,0,287,UN
query_path_6_92.graph,5,0.1,287,1440.986907367272,1359.430295532342,0.05659774659850065,287,0,287,WO
query_path_6_93.graph,1,0.1,486,2390.0285692512807,2395.4590791928895,0.002272152731341603,486,0,486,8_POSSA
query_path_6_93.graph,1,0.1,486,2390.0285692512807,2432.312151349254,0.01769166387463693,486,0,486,MAB
query_path_6_93.graph,1,0.1,486,2390.0285692512807,2562.604247352196,0.07220653356247446,486,0,486,PO
query_path_6_93.graph,1,0.1,486,2390.0285692512807,1189.4725845415987,0.5023186752473748,486,0,486,UN
query_path_6_93.graph,1,0.1,486,2390.0285692512807,2205.5193238537545,0.07719959826895587,486,0,486,WO
query_path_6_93.graph,2,0.1,486,2390.0285692512807,2400.349244337505,0.004318222476084151,486,0,486,8_POSSA
query_path_6_93.graph,2,0.1,486,2390.0285692512807,2540.8925907733733,0.0631222670151401,486,0,486,MAB
query_path_6_93.graph,2,0.1,486,2390.0285692512807,2334.83052212737,0.02309514113515495,486,0,486,PO
query_path_6_93.graph,2,0.1,486,2390.0285692512807,510.73740067423716,0.7863048972530756,486,0,486,UN
query_path_6_93.graph,2,0.1,486,2390.0285692512807,2751.3016075748574,0.15115846018390983,486,0,486,WO
query_path_6_93.graph,3,0.1,486,2390.0285692512807,2406.106903864378,0.006727256242854994,486,0,486,8_POSSA
query_path_6_93.graph,3,0.1,486,2390.0285692512807,2455.0565980155684,0.02720805500022072,486,0,486,MAB
query_path_6_93.graph,3,0.1,486,2390.0285692512807,2210.2824844978586,0.07520666784737673,486,0,486,PO
query_path_6_93.graph,3,0.1,486,2390.0285692512807,3861.641309486251,0.61573018798515,486,0,486,UN
query_path_6_93.graph,3,0.1,486,2390.0285692512807,2123.554121229019,0.11149425218198941,486,0,486,WO
query_path_6_93.graph,4,0.1,486,2390.0285692512807,2425.6267655587253,0.01489446476307033,486,0,486,8_POSSA
query_path_6_93.graph,4,0.1,486,2390.0285692512807,2363.4862396457706,0.01110544449007358,486,0,486,MAB
query_path_6_93.graph,4,0.1,486,2390.0285692512807,2355.988369063267,0.01424259133382558,486,0,486,PO
query_path_6_93.graph,4,0.1,486,2390.0285692512807,798.8438556191709,0.6657597043413489,486,0,486,UN
query_path_6_93.graph,4,0.1,486,2390.0285692512807,2052.0814740716796,0.14139876800111603,486,0,486,WO
query_path_6_93.graph,5,0.1,486,2390.0285692512807,2331.1191669313357,0.024647990855774342,486,0,486,8_POSSA
query_path_6_93.graph,5,0.1,486,2390.0285692512807,2421.8639144894914,0.013320068909546012,486,0,486,MAB
query_path_6_93.graph,5,0.1,486,2390.0285692512807,2455.963563680494,0.02758753400586705,486,0,486,PO
query_path_6_93.graph,5,0.1,486,2390.0285692512807,18152.031331172042,6.594901401893489,486,0,486,UN
query_path_6_93.graph,5,0.1,486,2390.0285692512807,1972.9744511576562,0.17449754511690804,486,0,486,WO
query_path_6_94.graph,1,0.1,416,1990.2806816762702,1990.4545729403424,8.737022153362692e-05,416,0,416,8_POSSA
query_path_6_94.graph,1,0.1,416,1990.2806816762702,2204.2056276628846,0.10748481254736432,416,0,416,MAB
query_path_6_94.graph,1,0.1,416,1990.2806816762702,2195.0676792985387,0.10289352627881165,416,0,416,PO
query_path_6_94.graph,1,0.1,416,1990.2806816762702,418.21228198687237,0.7898727120063075,416,0,416,UN
query_path_6_94.graph,1,0.1,416,1990.2806816762702,1772.797518556672,0.1092726091962204,416,0,416,WO
query_path_6_94.graph,2,0.1,416,1990.2806816762702,1927.8757495672785,0.03135483988943335,416,0,416,8_POSSA
query_path_6_94.graph,2,0.1,416,1990.2806816762702,2003.598424812477,0.006691389440101646,416,0,416,MAB
query_path_6_94.graph,2,0.1,416,1990.2806816762702,2238.376614452275,0.1246537410829168,416,0,416,PO
query_path_6_94.graph,2,0.1,416,1990.2806816762702,1577.480211671941,0.20740816800606082,416,0,416,UN
query_path_6_94.graph,2,0.1,416,1990.2806816762702,1850.8129333063982,0.07007441194294682,416,0,416,WO
query_path_6_94.graph,3,0.1,416,1990.2806816762702,2032.8285204423926,0.021377808244758417,416,0,416,8_POSSA
query_path_6_94.graph,3,0.1,416,1990.2806816762702,1999.0713630364487,0.004416804846226381,416,0,416,MAB
query_path_6_94.graph,3,0.1,416,1990.2806816762702,2177.45920773135,0.09404629597139677,416,0,416,PO
query_path_6_94.graph,3,0.1,416,1990.2806816762702,1583.7976440715624,0.20423402656069412,416,0,416,UN
query_path_6_94.graph,3,0.1,416,1990.2806816762702,3162.6433830937212,0.5890439033101875,416,0,416,WO
query_path_6_94.graph,4,0.1,416,1990.2806816762702,1990.1437931394555,6.877850851639853e-05,416,0,416,8_POSSA
query_path_6_94.graph,4,0.1,416,1990.2806816762702,1932.5894206042187,0.028986495022130385,416,0,416,MAB
query_path_6_94.graph,4,0.1,416,1990.2806816762702,1814.159192118311,0.08849077980781321,416,0,416,PO
query_path_6_94.graph,4,0.1,416,1990.2806816762702,4858.75528009374,1.4412412404071369,416,0,416,UN
query_path_6_94.graph,4,0.1,416,1990.2806816762702,2536.631738504005,0.27450955126971477,416,0,416,WO
query_path_6_94.graph,5,0.1,416,1990.2806816762702,1963.3203533447345,0.013545993075121936,416,0,416,8_POSSA
query_path_6_94.graph,5,0.1,416,1990.2806816762702,1875.6080684616134,0.05761630219817858,416,0,416,MAB
query_path_6_94.graph,5,0.1,416,1990.2806816762702,1979.3564672150262,0.005488780834692779,416,0,416,PO
query_path_6_94.graph,5,0.1,416,1990.2806816762702,290.7408579758435,0.8539196703999692,416,0,416,UN
query_path_6_94.graph,5,0.1,416,1990.2806816762702,2466.676121909274,0.23936093266592445,416,0,416,WO
query_path_6_95.graph,1,0.1,278,1709.7493949898221,1617.7430298123663,0.05381277832123666,278,0,278,8_POSSA
query_path_6_95.graph,1,0.1,278,1709.7493949898221,1810.987857464823,0.05921245696688992,278,0,278,MAB
query_path_6_95.graph,1,0.1,278,1709.7493949898221,1715.5431621883067,0.0033886645700606267,278,0,278,PO
query_path_6_95.graph,1,0.1,278,1709.7493949898221,3812.7350893054404,1.229996454730804,278,0,278,UN
query_path_6_95.graph,1,0.1,278,1709.7493949898221,1261.980125556916,0.2618917548647951,278,0,278,WO
query_path_6_95.graph,2,0.1,278,1709.7493949898221,1716.5133122663462,0.003956086954231319,278,0,278,8_POSSA
query_path_6_95.graph,2,0.1,278,1709.7493949898221,1739.3524963058746,0.017314292610835367,278,0,278,MAB
query_path_6_95.graph,2,0.1,278,1709.7493949898221,1020.8352936919117,0.40293279431282464,278,0,278,PO
query_path_6_95.graph,2,0.1,278,1709.7493949898221,294.53442040905594,0.8277324026128349,278,0,278,UN
query_path_6_95.graph,2,0.1,278,1709.7493949898221,2147.157105903969,0.25583147576826637,278,0,278,WO
query_path_6_95.graph,3,0.1,278,1709.7493949898221,1764.8866882243892,0.03224875727176106,278,0,278,8_POSSA
query_path_6_95.graph,3,0.1,278,1709.7493949898221,2142.2934171278102,0.2529867964308085,278,0,278,MAB
query_path_6_95.graph,3,0.1,278,1709.7493949898221,1613.9391774295757,0.05603757944936531,278,0,278,PO
query_path_6_95.graph,3,0.1,278,1709.7493949898221,10922.722162446784,5.388493070653671,278,0,278,UN
query_path_6_95.graph,3,0.1,278,1709.7493949898221,1133.8419956440503,0.33683731723104376,278,0,278,WO
query_path_6_95.graph,4,0.1,278,1709.7493949898221,1726.4619448017752,0.009774853473220591,278,0,278,8_POSSA
query_path_6_95.graph,4,0.1,278,1709.7493949898221,1498.887865875086,0.1233289099166439,278,0,278,MAB
query_path_6_95.graph,4,0.1,278,1709.7493949898221,1676.0727740090383,0.019696817018604228,278,0,278,PO
query_path_6_95.graph,4,0.1,278,1709.7493949898221,2702.7165651801197,0.5807676687004815,278,0,278,UN
query_path_6_95.graph,4,0.1,278,1709.7493949898221,2607.8491957690576,0.5252815432548124,278,0,278,WO
query_path_6_95.graph,5,0.1,278,1709.7493949898221,1783.6499163555989,0.04322301360791922,278,0,278,8_POSSA
query_path_6_95.graph,5,0.1,278,1709.7493949898221,0.025088660661105103,0.9999853261181231,278,0,278,MAB
query_path_6_95.graph,5,0.1,278,1709.7493949898221,2094.725624852791,0.22516529673359564,278,0,278,PO
query_path_6_95.graph,5,0.1,278,1709.7493949898221,1326.762493280038,0.22400177641944075,278,0,278,UN
query_path_6_95.graph,5,0.1,278,1709.7493949898221,2417.815682599858,0.41413454491337953,278,0,278,WO
query_path_6_96.graph,1,0.1,379,2872.5452500209376,2915.5986629973927,0.014987897223252195,379,0,379,8_POSSA
query_path_6_96.graph,1,0.1,379,2872.5452500209376,3090.3482702307733,0.07582231131372019,379,0,379,MAB
query_path_6_96.graph,1,0.1,379,2872.5452500209376,3029.0454740231758,0.05448137814403357,379,0,379,PO
query_path_6_96.graph,1,0.1,379,2872.5452500209376,683.358027832727,0.7621071320537958,379,0,379,UN
query_path_6_96.graph,1,0.1,379,2872.5452500209376,4668.338780318926,0.6251576124988455,379,0,379,WO
query_path_6_96.graph,2,0.1,379,2872.5452500209376,2779.6924239617947,0.03232423442536409,379,0,379,8_POSSA
query_path_6_96.graph,2,0.1,379,2872.5452500209376,2529.8247951402823,0.11930898386305917,379,0,379,MAB
query_path_6_96.graph,2,0.1,379,2872.5452500209376,2845.2352415338996,0.009507250925582083,379,0,379,PO
query_path_6_96.graph,2,0.1,379,2872.5452500209376,1092.3137879121884,0.619740093596706,379,0,379,UN
query_path_6_96.graph,2,0.1,379,2872.5452500209376,3504.250191615275,0.21991122388402168,379,0,379,WO
query_path_6_96.graph,3,0.1,379,2872.5452500209376,2767.801849650331,0.03646362067572067,379,0,379,8_POSSA
query_path_6_96.graph,3,0.1,379,2872.5452500209376,2281.954115812,0.20559854860585147,379,0,379,MAB
query_path_6_96.graph,3,0.1,379,2872.5452500209376,2841.3079543300873,0.010874431200212625,379,0,379,PO
query_path_6_96.graph,3,0.1,379,2872.5452500209376,3170.302987858296,0.10365641336204823,379,0,379,UN
query_path_6_96.graph,3,0.1,379,2872.5452500209376,2662.693576378643,0.07305426211850458,379,0,379,WO
query_path_6_96.graph,4,0.1,379,2872.5452500209376,2788.7823152857127,0.02915983124534396,379,0,379,8_POSSA
query_path_6_96.graph,4,0.1,379,2872.5452500209376,2515.536874743899,0.12428294220062734,379,0,379,MAB
query_path_6_96.graph,4,0.1,379,2872.5452500209376,3501.7514719048327,0.21904136127335466,379,0,379,PO
query_path_6_96.graph,4,0.1,379,2872.5452500209376,3528.603207981976,0.22838907688443083,379,0,379,UN
query_path_6_96.graph,4,0.1,379,2872.5452500209376,2302.542771186521,0.1984311574657569,379,0,379,WO
query_path_6_96.graph,5,0.1,379,2872.5452500209376,2959.7365296136277,0.030353318052014865,379,0,379,8_POSSA
query_path_6_96.graph,5,0.1,379,2872.5452500209376,2465.074462296827,0.14185008494509904,379,0,379,MAB
query_path_6_96.graph,5,0.1,379,2872.5452500209376,3170.598416185576,0.10375925885326463,379,0,379,PO
query_path_6_96.graph,5,0.1,379,2872.5452500209376,3065.074541839025,0.06702393698295414,379,0,379,UN
query_path_6_96.graph,5,0.1,379,2872.5452500209376,2791.970888232609,0.028049814633117197,379,0,379,WO
query_path_6_98.graph,1,0.1,411,2936.26155161499,2737.692577114473,0.06762646004450829,411,0,411,8_POSSA
query_path_6_98.graph,1,0.1,411,2936.26155161499,2320.2837076695964,0.20978302958283673,411,0,411,MAB
query_path_6_98.graph,1,0.1,411,2936.26155161499,3107.797973021156,0.058420007342948825,411,0,411,PO
query_path_6_98.graph,1,0.1,411,2936.26155161499,4224.519576578597,0.4387408963125388,411,0,411,UN
query_path_6_98.graph,1,0.1,411,2936.26155161499,2577.5918652447035,0.1221518179036239,411,0,411,WO
query_path_6_98.graph,2,0.1,411,2936.26155161499,2824.3322113415943,0.03811967643408085,411,0,411,8_POSSA
query_path_6_98.graph,2,0.1,411,2936.26155161499,2750.6905578656792,0.0631997492346156,411,0,411,MAB
query_path_6_98.graph,2,0.1,411,2936.26155161499,3082.3469115423254,0.04975216184232167,411,0,411,PO
query_path_6_98.graph,2,0.1,411,2936.26155161499,1960.324739496479,0.3323739370498961,411,0,411,UN
query_path_6_98.graph,2,0.1,411,2936.26155161499,2548.453185810217,0.13207555219032596,411,0,411,WO
query_path_6_98.graph,3,0.1,411,2936.26155161499,2606.85421866891,0.11218596407561193,411,0,411,8_POSSA
query_path_6_98.graph,3,0.1,411,2936.26155161499,2879.661271884599,0.019276307214273817,411,0,411,MAB
query_path_6_98.graph,3,0.1,411,2936.26155161499,3963.6847465822507,0.3499086089255781,411,0,411,PO
query_path_6_98.graph,3,0.1,411,2936.26155161499,297.10180229233634,0.8988163019302808,411,0,411,UN
query_path_6_98.graph,3,0.1,411,2936.26155161499,3495.534643004751,0.19047114215085922,411,0,411,WO
query_path_6_98.graph,4,0.1,411,2936.26155161499,2677.2594052183576,0.08820813195410913,411,0,411,8_POSSA
query_path_6_98.graph,4,0.1,411,2936.26155161499,2651.198364281231,0.09708371761942311,411,0,411,MAB
query_path_6_98.graph,4,0.1,411,2936.26155161499,3288.525537282456,0.119970234080038,411,0,411,PO
query_path_6_98.graph,4,0.1,411,2936.26155161499,2305.8630462302676,0.21469426149655954,411,0,411,UN
query_path_6_98.graph,4,0.1,411,2936.26155161499,2711.2358287112784,0.07663681145160378,411,0,411,WO
query_path_6_98.graph,5,0.1,411,2936.26155161499,2729.9916843988917,0.07024914626649882,411,0,411,8_POSSA
query_path_6_98.graph,5,0.1,411,2936.26155161499,2704.682366837793,0.07886871816641296,411,0,411,MAB
query_path_6_98.graph,5,0.1,411,2936.26155161499,2788.701338302103,0.0502544513555771,411,0,411,PO
query_path_6_98.graph,5,0.1,411,2936.26155161499,469.86704159791594,0.8399777971620132,411,0,411,UN
query_path_6_98.graph,5,0.1,411,2936.26155161499,2149.0365824317323,0.2681045115855812,411,0,411,WO
query_path_6_99.graph,1,0.1,409,1990.2806816762702,1881.5423494583736,0.05463467199325583,409,0,409,8_POSSA
query_path_6_99.graph,1,0.1,409,1990.2806816762702,1710.971590616995,0.1403365332491864,409,0,409,MAB
query_path_6_99.graph,1,0.1,409,1990.2806816762702,1987.6143807060703,0.0013396607798827117,409,0,409,PO
query_path_6_99.graph,1,0.1,409,1990.2806816762702,482.3856977051907,0.7576293122139376,409,0,409,UN
query_path_6_99.graph,1,0.1,409,1990.2806816762702,1658.7883427422055,0.16655557278226335,409,0,409,WO
query_path_6_99.graph,2,0.1,409,1990.2806816762702,1920.3349916313857,0.03514363109125607,409,0,409,8_POSSA
query_path_6_99.graph,2,0.1,409,1990.2806816762702,1798.6411780629285,0.09628767709885902,409,0,409,MAB
query_path_6_99.graph,2,0.1,409,1990.2806816762702,1956.7980101076976,0.016823090269043155,409,0,409,PO
query_path_6_99.graph,2,0.1,409,1990.2806816762702,1785.8812144068138,0.10269881487133033,409,0,409,UN
query_path_6_99.graph,2,0.1,409,1990.2806816762702,1429.9897959370624,0.281513502541418,409,0,409,WO
query_path_6_99.graph,3,0.1,409,1990.2806816762702,1697.1531024382364,0.147279517877425,409,0,409,8_POSSA
query_path_6_99.graph,3,0.1,409,1990.2806816762702,1626.60799110291,0.18272432321810247,409,0,409,MAB
query_path_6_99.graph,3,0.1,409,1990.2806816762702,1572.6274676483256,0.20984638894057162,409,0,409,PO
query_path_6_99.graph,3,0.1,409,1990.2806816762702,1318.1786035994996,0.3376921075828899,409,0,409,UN
query_path_6_99.graph,3,0.1,409,1990.2806816762702,1632.9925169798962,0.17951647121221911,409,0,409,WO
query_path_6_99.graph,4,0.1,409,1990.2806816762702,1822.0963901860846,0.08450280055400834,409,0,409,8_POSSA
query_path_6_99.graph,4,0.1,409,1990.2806816762702,1772.9062624005965,0.10921797175491595,409,0,409,MAB
query_path_6_99.graph,4,0.1,409,1990.2806816762702,1698.8227076037065,0.14644063862745713,409,0,409,PO
query_path_6_99.graph,4,0.1,409,1990.2806816762702,918.5980708880621,0.5384580278825832,409,0,409,UN
query_path_6_99.graph,4,0.1,409,1990.2806816762702,1587.9753095389349,0.20213499324050238,409,0,409,WO
query_path_6_99.graph,5,0.1,409,1990.2806816762702,1916.6650221643658,0.03698757677228882,409,0,409,8_POSSA
query_path_6_99.graph,5,0.1,409,1990.2806816762702,1809.1806442658622,0.09099220983136937,409,0,409,MAB
query_path_6_99.graph,5,0.1,409,1990.2806816762702,1595.4711460495562,0.19836877243575232,409,0,409,PO
query_path_6_99.graph,5,0.1,409,1990.2806816762702,550.0105672225985,0.7236517581231989,409,0,409,UN
query_path_6_99.graph,5,0.1,409,1990.2806816762702,1807.4509812801048,0.0918612646343837,409,0,409,WO
query_path_8_169.graph,1,0.1,143,1683.9488359362972,1775.3038748031206,0.05425048369479042,143,0,143,8_POSSA
query_path_8_169.graph,1,0.1,143,1683.9488359362972,1418.266907031113,0.15777315987006313,143,0,143,MAB
query_path_8_169.graph,1,0.1,143,1683.9488359362972,1749.4782877536404,0.038914158446451845,143,0,143,PO
query_path_8_169.graph,1,0.1,143,1683.9488359362972,987.4013668017352,0.41363933052471435,143,0,143,UN
query_path_8_169.graph,1,0.1,143,1683.9488359362972,2861.1292645638964,0.6990594984277368,143,0,143,WO
query_path_8_169.graph,2,0.1,143,1683.9488359362972,1858.2872855730611,0.10352954075343358,143,0,143,8_POSSA
query_path_8_169.graph,2,0.1,143,1683.9488359362972,1602.1000701898618,0.04860525688176653,143,0,143,MAB
query_path_8_169.graph,2,0.1,143,1683.9488359362972,1771.5998307658867,0.05205086577399156,143,0,143,PO
query_path_8_169.graph,2,0.1,143,1683.9488359362972,106.10015620921831,0.9369932423450233,143,0,143,UN
query_path_8_169.graph,2,0.1,143,1683.9488359362972,2853.9632219492537,0.6948039994115459,143,0,143,WO
query_path_8_169.graph,3,0.1,143,1683.9488359362972,1737.7533994544904,0.03195142415848824,143,0,143,8_POSSA
query_path_8_169.graph,3,0.1,143,1683.9488359362972,2203.6342457979563,0.3086111636953075,143,0,143,MAB
query_path_8_169.graph,3,0.1,143,1683.9488359362972,1720.055963761095,0.021441938765747442,143,0,143,PO
query_path_8_169.graph,3,0.1,143,1683.9488359362972,51.2941183546903,0.969539384297166,143,0,143,UN
query_path_8_169.graph,3,0.1,143,1683.9488359362972,1046.087100113463,0.37878926141373814,143,0,143,WO
query_path_8_169.graph,4,0.1,143,1683.9488359362972,1791.7427181612827,0.06401256375764572,143,0,143,8_POSSA
query_path_8_169.graph,4,0.1,143,1683.9488359362972,2181.582793697262,0.2955160793138194,143,0,143,MAB
query_path_8_169.graph,4,0.1,143,1683.9488359362972,1619.5399524325128,0.03824871761496972,143,0,143,PO
query_path_8_169.graph,4,0.1,143,1683.9488359362972,697.0242704988897,0.586077524670555,143,0,143,UN
query_path_8_169.graph,4,0.1,143,1683.9488359362972,1334.4037746264974,0.20757463282157756,143,0,143,WO
query_path_8_169.graph,5,0.1,143,1683.9488359362972,1688.4188727488001,0.002654496809588364,143,0,143,8_POSSA
query_path_8_169.graph,5,0.1,143,1683.9488359362972,1200.4480856706052,0.2871231832865393,143,0,143,MAB
query_path_8_169.graph,5,0.1,143,1683.9488359362972,1750.2725775499157,0.039385841302441736,143,0,143,PO
query_path_8_169.graph,5,0.1,143,1683.9488359362972,668.1700959805016,0.603212353177589,143,0,143,UN
query_path_8_169.graph,5,0.1,143,1683.9488359362972,2317.2593685150073,0.37608656454611417,143,0,143,WO
query_path_8_179.graph,1,0.1,253,2219.649717821244,2069.4352451652403,0.06767485493316965,253,0,253,8_POSSA
query_path_8_179.graph,1,0.1,253,2219.649717821244,1834.3504039013703,0.17358563868269916,253,0,253,MAB
query_path_8_179.graph,1,0.1,253,2219.649717821244,1618.1103132617318,0.27100645643762616,253,0,253,PO
query_path_8_179.graph,1,0.1,253,2219.649717821244,4008.794879922276,0.8060484263513501,253,0,253,UN
query_path_8_179.graph,1,0.1,253,2219.649717821244,1684.8305156801637,0.24094756836950212,253,0,253,WO
query_path_8_179.graph,2,0.1,253,2219.649717821244,2015.8787961343169,0.09180318860713925,253,0,253,8_POSSA
query_path_8_179.graph,2,0.1,253,2219.649717821244,2026.8481332235453,0.08686126601405744,253,0,253,MAB
query_path_8_179.graph,2,0.1,253,2219.649717821244,1953.823701372611,0.11976034520868527,253,0,253,PO
query_path_8_179.graph,2,0.1,253,2219.649717821244,1010.7200378373083,0.5446488562035783,253,0,253,UN
query_path_8_179.graph,2,0.1,253,2219.649717821244,2259.140392007849,0.017791399187691816,253,0,253,WO
query_path_8_179.graph,3,0.1,253,2219.649717821244,2011.3366403676707,0.09384952759935854,253,0,253,8_POSSA
query_path_8_179.graph,3,0.1,253,2219.649717821244,1772.6448899197094,0.20138530161430335,253,0,253,MAB
query_path_8_179.graph,3,0.1,253,2219.649717821244,1693.5313403318287,0.2370276594839661,253,0,253,PO
query_path_8_179.graph,3,0.1,253,2219.649717821244,3950.751244162424,0.7798985184204599,253,0,253,UN
query_path_8_179.graph,3,0.1,253,2219.649717821244,2200.0512128560963,0.00882954855795223,253,0,253,WO
query_path_8_179.graph,4,0.1,253,2219.649717821244,1998.7119725829639,0.0995372123197652,253,0,253,8_POSSA
query_path_8_179.graph,4,0.1,253,2219.649717821244,2061.5564512130545,0.0712244212854315,253,0,253,MAB
query_path_8_179.graph,4,0.1,253,2219.649717821244,2477.837032316531,0.11631894547249444,253,0,253,PO
query_path_8_179.graph,4,0.1,253,2219.649717821244,7519.925963966594,2.387888595029299,253,0,253,UN
query_path_8_179.graph,4,0.1,253,2219.649717821244,2207.998166577843,0.00524927476162212,253,0,253,WO
query_path_8_179.graph,5,0.1,253,2219.649717821244,1936.0093213941595,0.1277861070374199,253,0,253,8_POSSA
query_path_8_179.graph,5,0.1,253,2219.649717821244,2047.4887297133773,0.07756223278187145,253,0,253,MAB
query_path_8_179.graph,5,0.1,253,2219.649717821244,2150.6864573941793,0.031069434007252872,253,0,253,PO
query_path_8_179.graph,5,0.1,253,2219.649717821244,11696.944068885061,4.269725207077497,253,0,253,UN
query_path_8_179.graph,5,0.1,253,2219.649717821244,2314.7865308191763,0.0428611831110525,253,0,253,WO
query_path_8_185.graph,1,0.1,250,2219.649717821244,2094.737975289642,0.05627543009543533,250,0,250,8_POSSA
query_path_8_185.graph,1,0.1,250,2219.649717821244,1851.2170432482121,0.1659868544189381,250,0,250,MAB
query_path_8_185.graph,1,0.1,250,2219.649717821244,2085.1299176352795,0.060604066986752254,250,0,250,PO
query_path_8_185.graph,1,0.1,250,2219.649717821244,2198.1212839054615,0.009699023112941555,250,0,250,UN
query_path_8_185.graph,1,0.1,250,2219.649717821244,2824.143171581006,0.27233731922040316,250,0,250,WO
query_path_8_185.graph,2,0.1,250,2219.649717821244,1966.127426412918,0.11421725210641676,250,0,250,8_POSSA
query_path_8_185.graph,2,0.1,250,2219.649717821244,1869.6703207430307,0.15767325549985642,250,0,250,MAB
query_path_8_185.graph,2,0.1,250,2219.649717821244,1715.9563384869584,0.22692471487289403,250,0,250,PO
query_path_8_185.graph,2,0.1,250,2219.649717821244,2619.147198622785,0.17998221863298242,250,0,250,UN
query_path_8_185.graph,2,0.1,250,2219.649717821244,2285.7321693075687,0.02977156753867892,250,0,250,WO
query_path_8_185.graph,3,0.1,250,2219.649717821244,1986.609751702972,0.10498952345824117,250,0,250,8_POSSA
query_path_8_185.graph,3,0.1,250,2219.649717821244,2041.695669884083,0.08017213099364008,250,0,250,MAB
query_path_8_185.graph,3,0.1,250,2219.649717821244,2299.8680152427096,0.036140070560415294,250,0,250,PO
query_path_8_185.graph,3,0.1,250,2219.649717821244,1031.9032683346516,0.5351053546649047,250,0,250,UN
query_path_8_185.graph,3,0.1,250,2219.649717821244,3418.1203128539623,0.5399368131874019,250,0,250,WO
query_path_8_185.graph,4,0.1,250,2219.649717821244,1887.5700092038244,0.14960906036263288,250,0,250,8_POSSA
query_path_8_185.graph,4,0.1,250,2219.649717821244,1824.2379850240457,0.17814150116682606,250,0,250,MAB
query_path_8_185.graph,4,0.1,250,2219.649717821244,1896.1595562659606,0.14573928442764097,250,0,250,PO
query_path_8_185.graph,4,0.1,250,2219.649717821244,3783.1941877764693,0.7044104560290548,250,0,250,UN
query_path_8_185.graph,4,0.1,250,2219.649717821244,1989.8333258807713,0.10353723386861914,250,0,250,WO
query_path_8_185.graph,5,0.1,250,2219.649717821244,2045.5069994373478,0.07845504494953852,250,0,250,8_POSSA
query_path_8_185.graph,5,0.1,250,2219.649717821244,2051.816299080375,0.07561256958400195,250,0,250,MAB
query_path_8_185.graph,5,0.1,250,2219.649717821244,2058.6074805767394,0.07255299606578458,250,0,250,PO
query_path_8_185.graph,5,0.1,250,2219.649717821244,400.2379942151237,0.8196841641265866,250,0,250,UN
query_path_8_185.graph,5,0.1,250,2219.649717821244,2259.2625016981533,0.017846412232914093,250,0,250,WO
query_path_8_209.graph,1,0.1,237,867.6090245058293,939.9104359119121,0.08333409331151677,237,0,237,8_POSSA
query_path_8_209.graph,1,0.1,237,867.6090245058293,992.7124446967234,0.1441933136439541,237,0,237,MAB
query_path_8_209.graph,1,0.1,237,867.6090245058293,1328.2689909037379,0.5309534057236094,237,0,237,PO
query_path_8_209.graph,1,0.1,237,867.6090245058293,1662.1763653850012,0.9158126741843651,237,0,237,UN
query_path_8_209.graph,1,0.1,237,867.6090245058293,1020.0672105468068,0.17572222249280342,237,0,237,WO
query_path_8_209.graph,2,0.1,237,867.6090245058293,960.7873302091989,0.10739665341360627,237,0,237,8_POSSA
query_path_8_209.graph,2,0.1,237,867.6090245058293,1023.5097383675109,0.17969005561056617,237,0,237,MAB
query_path_8_209.graph,2,0.1,237,867.6090245058293,951.3336567167762,0.09650041648498822,237,0,237,PO
query_path_8_209.graph,2,0.1,237,867.6090245058293,2091.401965588396,1.4105350526749205,237,0,237,UN
query_path_8_209.graph,2,0.1,237,867.6090245058293,2228.2131181928335,1.5682226155519459,237,0,237,WO
query_path_8_209.graph,3,0.1,237,867.6090245058293,892.7302163261804,0.02895450728472951,237,0,237,8_POSSA
query_path_8_209.graph,3,0.1,237,867.6090245058293,1006.0809345684854,0.1596017401288865,237,0,237,MAB
query_path_8_209.graph,3,0.1,237,867.6090245058293,895.3724339985974,0.03199990860927425,237,0,237,PO
query_path_8_209.graph,3,0.1,237,867.6090245058293,944.4969990666018,0.08862053343044253,237,0,237,UN
query_path_8_209.graph,3,0.1,237,867.6090245058293,1177.4317721920604,0.35709949866265994,237,0,237,WO
query_path_8_209.graph,4,0.1,237,867.6090245058293,853.0276178065235,0.01680642580638332,237,0,237,8_POSSA
query_path_8_209.graph,4,0.1,237,867.6090245058293,971.5085264739647,0.11975382808784661,237,0,237,MAB
query_path_8_209.graph,4,0.1,237,867.6090245058293,893.8833277695734,0.03028357534513811,237,0,237,PO
query_path_8_209.graph,4,0.1,237,867.6090245058293,1394.9192209955331,0.6077739875862262,237,0,237,UN
query_path_8_209.graph,4,0.1,237,867.6090245058293,684.1168574891192,0.2114917685661732,237,0,237,WO
query_path_8_209.graph,5,0.1,237,867.6090245058293,970.9042145714442,0.11905730248074528,237,0,237,8_POSSA
query_path_8_209.graph,5,0.1,237,867.6090245058293,960.5264550180699,0.10709597052101234,237,0,237,MAB
query_path_8_209.graph,5,0.1,237,867.6090245058293,978.5388162075798,0.12785689010661636,237,0,237,PO
query_path_8_209.graph,5,0.1,237,867.6090245058293,1495.272173640035,0.7234400881107806,237,0,237,UN
query_path_8_209.graph,5,0.1,237,867.6090245058293,993.350480266433,0.14492870891035647,237,0,237,WO
query_path_8_221.graph,1,0.1,235,867.6090245058293,956.8089571705142,0.10281120890310143,235,0,235,8_POSSA
query_path_8_221.graph,1,0.1,235,867.6090245058293,811.2776455328554,0.06492714734618969,235,0,235,MAB
query_path_8_221.graph,1,0.1,235,867.6090245058293,1061.1034849179732,0.22302034089877523,235,0,235,PO
query_path_8_221.graph,1,0.1,235,867.6090245058293,286.5775308747332,0.6696927731497936,235,0,235,UN
query_path_8_221.graph,1,0.1,235,867.6090245058293,1349.8464261579677,0.5558234043575215,235,0,235,WO
query_path_8_221.graph,2,0.1,235,867.6090245058293,906.4121911992053,0.04472425435578815,235,0,235,8_POSSA
query_path_8_221.graph,2,0.1,235,867.6090245058293,989.8117985574254,0.14085004950380736,235,0,235,MAB
query_path_8_221.graph,2,0.1,235,867.6090245058293,861.9226593366799,0.0065540641101425445,235,0,235,PO
query_path_8_221.graph,2,0.1,235,867.6090245058293,371.0352849825259,0.5723473655730364,235,0,235,UN
query_path_8_221.graph,2,0.1,235,867.6090245058293,1160.8404229287162,0.3379764273313142,235,0,235,WO
query_path_8_221.graph,3,0.1,235,867.6090245058293,964.2979874833268,0.11144301205553887,235,0,235,8_POSSA
query_path_8_221.graph,3,0.1,235,867.6090245058293,1030.1052019760555,0.18729194012565778,235,0,235,MAB
query_path_8_221.graph,3,0.1,235,867.6090245058293,944.5570543587413,0.08868975273365773,235,0,235,PO
query_path_8_221.graph,3,0.1,235,867.6090245058293,207.2000585496487,0.7611826840232958,235,0,235,UN
query_path_8_221.graph,3,0.1,235,867.6090245058293,983.9266072853184,0.13406681983943278,235,0,235,WO
query_path_8_221.graph,4,0.1,235,867.6090245058293,948.29479591736,0.0929978471091717,235,0,235,8_POSSA
query_path_8_221.graph,4,0.1,235,867.6090245058293,1081.2295173736125,0.24621746297470404,235,0,235,MAB
query_path_8_221.graph,4,0.1,235,867.6090245058293,888.4712823286035,0.02404569020551259,235,0,235,PO
query_path_8_221.graph,4,0.1,235,867.6090245058293,915.2633614094304,0.05492605028024457,235,0,235,UN
query_path_8_221.graph,4,0.1,235,867.6090245058293,751.2805211425247,0.13407940682678213,235,0,235,WO
query_path_8_221.graph,5,0.1,235,867.6090245058293,1000.8211691367537,0.15353937184643632,235,0,235,8_POSSA
query_path_8_221.graph,5,0.1,235,867.6090245058293,996.6615802270235,0.14874505920993572,235,0,235,MAB
query_path_8_221.graph,5,0.1,235,867.6090245058293,941.4808623549392,0.08514415567678725,235,0,235,PO
query_path_8_221.graph,5,0.1,235,867.6090245058293,3914.0340465040827,3.5112878450445217,235,0,235,UN
query_path_8_221.graph,5,0.1,235,867.6090245058293,766.1123960790802,0.1169842931089373,235,0,235,WO
query_path_8_254.graph,1,0.1,186,2493.9058589849806,2466.620949014146,0.010940633493655446,186,0,186,8_POSSA
query_path_8_254.graph,1,0.1,186,2493.9058589849806,2077.441370512818,0.16699286661993867,186,0,186,MAB
query_path_8_254.graph,1,0.1,186,2493.9058589849806,2497.0383578358974,0.0012560613864517503,186,0,186,PO
query_path_8_254.graph,1,0.1,186,2493.9058589849806,1197.976716518672,0.5196383567556763,186,0,186,UN
query_path_8_254.graph,1,0.1,186,2493.9058589849806,2912.7379680292297,0.16794222906822703,186,0,186,WO
query_path_8_254.graph,2,0.1,186,2493.9058589849806,2537.8339289537275,0.017614165270306428,186,0,186,8_POSSA
query_path_8_254.graph,2,0.1,186,2493.9058589849806,2251.5694611595395,0.09717142968823689,186,0,186,MAB
query_path_8_254.graph,2,0.1,186,2493.9058589849806,2464.536309927942,0.011776526748684858,186,0,186,PO
query_path_8_254.graph,2,0.1,186,2493.9058589849806,1174.7248698691367,0.5289618228222738,186,0,186,UN
query_path_8_254.graph,2,0.1,186,2493.9058589849806,1723.615119149998,0.3088692129495581,186,0,186,WO
query_path_8_254.graph,3,0.1,186,2493.9058589849806,2490.998669049209,0.001165717593267378,186,0,186,8_POSSA
query_path_8_254.graph,3,0.1,186,2493.9058589849806,2203.256191386908,0.1165439611727633,186,0,186,MAB
query_path_8_254.graph,3,0.1,186,2493.9058589849806,2478.6427241585257,0.006120172809035787,186,0,186,PO
query_path_8_254.graph,3,0.1,186,2493.9058589849806,274.93456732220034,0.8897574395875157,186,0,186,UN
query_path_8_254.graph,3,0.1,186,2493.9058589849806,2856.83554236132,0.14552661724129876,186,0,186,WO
query_path_8_254.graph,4,0.1,186,2493.9058589849806,2466.3624469696215,0.011044286983057672,186,0,186,8_POSSA
query_path_8_254.graph,4,0.1,186,2493.9058589849806,2495.9905866519985,0.0008359287739379108,186,0,186,MAB
query_path_8_254.graph,4,0.1,186,2493.9058589849806,2464.183450372392,0.011918015471797095,186,0,186,PO
query_path_8_254.graph,4,0.1,186,2493.9058589849806,2487.230954999001,0.0026764859475073926,186,0,186,UN
query_path_8_254.graph,4,0.1,186,2493.9058589849806,2189.948451781816,0.12188006460150635,186,0,186,WO
query_path_8_254.graph,5,0.1,186,2493.9058589849806,2476.6779503303533,0.006908002799126931,186,0,186,8_POSSA
query_path_8_254.graph,5,0.1,186,2493.9058589849806,2249.048212019667,0.09818239372715157,186,0,186,MAB
query_path_8_254.graph,5,0.1,186,2493.9058589849806,2497.5234842440823,0.0014505861342232413,186,0,186,PO
query_path_8_254.graph,5,0.1,186,2493.9058589849806,652.2444330669568,0.7384646935580719,186,0,186,UN
query_path_8_254.graph,5,0.1,186,2493.9058589849806,1924.3704458114044,0.22837085494693737,186,0,186,WO
query_path_8_275.graph,1,0.1,196,1773.2199658852742,1965.2467727287,0.10829271637913075,196,0,196,8_POSSA
query_path_8_275.graph,1,0.1,196,1773.2199658852742,2050.831262722344,0.1565577323614633,196,0,196,MAB
query_path_8_275.graph,1,0.1,196,1773.2199658852742,2083.399581291213,0.17492449970868829,196,0,196,PO
query_path_8_275.graph,1,0.1,196,1773.2199658852742,1445.8508436074817,0.18461845037615202,196,0,196,UN
query_path_8_275.graph,1,0.1,196,1773.2199658852742,3445.284613669765,0.9429538804847136,196,0,196,WO
query_path_8_275.graph,2,0.1,196,1773.2199658852742,2062.6706024963455,0.16323447862068485,196,0,196,8_POSSA
query_path_8_275.graph,2,0.1,196,1773.2199658852742,2034.261890590288,0.14721350409264622,196,0,196,MAB
query_path_8_275.graph,2,0.1,196,1773.2199658852742,2137.8710377567136,0.20564345026951497,196,0,196,PO
query_path_8_275.graph,2,0.1,196,1773.2199658852742,1948.9742198118777,0.09911587806809899,196,0,196,UN
query_path_8_275.graph,2,0.1,196,1773.2199658852742,2845.018356789235,0.6044362298666477,196,0,196,WO
query_path_8_275.graph,3,0.1,196,1773.2199658852742,1907.3444131591234,0.0756389223301397,196,0,196,8_POSSA
query_path_8_275.graph,3,0.1,196,1773.2199658852742,2426.660221859065,0.3685049055081912,196,0,196,MAB
query_path_8_275.graph,3,0.1,196,1773.2199658852742,2050.4522939920134,0.15634401452745425,196,0,196,PO
query_path_8_275.graph,3,0.1,196,1773.2199658852742,179.2459301010953,0.8989150057242856,196,0,196,UN
query_path_8_275.graph,3,0.1,196,1773.2199658852742,1171.6256210203533,0.3392666202946666,196,0,196,WO
query_path_8_275.graph,4,0.1,196,1773.2199658852742,1837.3648418455502,0.03617423511710345,196,0,196,8_POSSA
query_path_8_275.graph,4,0.1,196,1773.2199658852742,2308.760396785401,0.30201579116145366,196,0,196,MAB
query_path_8_275.graph,4,0.1,196,1773.2199658852742,1986.1928712815422,0.12010518124858922,196,0,196,PO
query_path_8_275.graph,4,0.1,196,1773.2199658852742,241.82517281977684,0.8636237029402912,196,0,196,UN
query_path_8_275.graph,4,0.1,196,1773.2199658852742,3824.133684503692,1.1566042330199604,196,0,196,WO
query_path_8_275.graph,5,0.1,196,1773.2199658852742,1971.6416476966515,0.11189907943108228,196,0,196,8_POSSA
query_path_8_275.graph,5,0.1,196,1773.2199658852742,2047.308894447557,0.15457130747196654,196,0,196,MAB
query_path_8_275.graph,5,0.1,196,1773.2199658852742,2048.490175394415,0.1552374859323858,196,0,196,PO
query_path_8_275.graph,5,0.1,196,1773.2199658852742,1963.7001522835214,0.10742050623321889,196,0,196,UN
query_path_8_275.graph,5,0.1,196,1773.2199658852742,1487.8676909138155,0.1609232246767521,196,0,196,WO
query_path_8_280.graph,1,0.1,238,867.6090245058293,774.6758304131956,0.10711413951182258,238,0,238,8_POSSA
query_path_8_280.graph,1,0.1,238,867.6090245058293,615.7421850281327,0.29029993045675656,238,0,238,MAB
query_path_8_280.graph,1,0.1,238,867.6090245058293,866.9901286208234,0.0007133350017405017,238,0,238,PO
query_path_8_280.graph,1,0.1,238,867.6090245058293,17.88509198596405,0.9793857699945536,238,0,238,UN
query_path_8_280.graph,1,0.1,238,867.6090245058293,692.9693942443711,0.201288397571624,238,0,238,WO
query_path_8_280.graph,2,0.1,238,867.6090245058293,787.783955071328,0.09200580812304007,238,0,238,8_POSSA
query_path_8_280.graph,2,0.1,238,867.6090245058293,809.5384364309801,0.06693174740537639,238,0,238,MAB
query_path_8_280.graph,2,0.1,238,867.6090245058293,722.1184384874589,0.1676914161897274,238,0,238,PO
query_path_8_280.graph,2,0.1,238,867.6090245058293,379.67297399445323,0.5623916265616227,238,0,238,UN
query_path_8_280.graph,2,0.1,238,867.6090245058293,751.6415829546175,0.13366324954637746,238,0,238,WO
query_path_8_280.graph,3,0.1,238,867.6090245058293,746.3335553452815,0.13978124447198276,238,0,238,8_POSSA
query_path_8_280.graph,3,0.1,238,867.6090245058293,755.543931210257,0.12916543066089253,238,0,238,MAB
query_path_8_280.graph,3,0.1,238,867.6090245058293,738.1517818683551,0.14921149847560677,238,0,238,PO
query_path_8_280.graph,3,0.1,238,867.6090245058293,53.14290802800155,0.9387478616208832,238,0,238,UN
query_path_8_280.graph,3,0.1,238,867.6090245058293,1061.2288031041971,0.2231647817502236,238,0,238,WO
query_path_8_280.graph,4,0.1,238,867.6090245058293,760.2574854216211,0.1237326215519176,238,0,238,8_POSSA
query_path_8_280.graph,4,0.1,238,867.6090245058293,811.9328575522483,0.06417195462586729,238,0,238,MAB
query_path_8_280.graph,4,0.1,238,867.6090245058293,912.2792728869739,0.05148661104186618,238,0,238,PO
query_path_8_280.graph,4,0.1,238,867.6090245058293,1036.7500456385092,0.19495073974019436,238,0,238,UN
query_path_8_280.graph,4,0.1,238,867.6090245058293,778.5384172776071,0.10266214932348687,238,0,238,WO
query_path_8_280.graph,5,0.1,238,867.6090245058293,789.5390431371958,0.08998290608272597,238,0,238,8_POSSA
query_path_8_280.graph,5,0.1,238,867.6090245058293,917.0889194938753,0.05703017556350182,238,0,238,MAB
query_path_8_280.graph,5,0.1,238,867.6090245058293,1080.1029255195067,0.24491896120456924,238,0,238,PO
query_path_8_280.graph,5,0.1,238,867.6090245058293,70.03269977427583,0.9192808076032117,238,0,238,UN
query_path_8_280.graph,5,0.1,238,867.6090245058293,874.2440468333815,0.007647479613678914,238,0,238,WO
query_path_8_295.graph,1,0.1,219,1166.4019895797971,1037.8144552213491,0.11024289696622722,219,0,219,8_POSSA
query_path_8_295.graph,1,0.1,219,1166.4019895797971,999.8917419806878,0.14275545574051668,219,0,219,MAB
query_path_8_295.graph,1,0.1,219,1166.4019895797971,1052.0650764881889,0.09802530698082809,219,0,219,PO
query_path_8_295.graph,1,0.1,219,1166.4019895797971,685.584610627492,0.4122227013051669,219,0,219,UN
query_path_8_295.graph,1,0.1,219,1166.4019895797971,1471.8711703990548,0.2618901404045998,219,0,219,WO
query_path_8_295.graph,2,0.1,219,1166.4019895797971,1097.444711358489,0.05911965071848888,219,0,219,8_POSSA
query_path_8_295.graph,2,0.1,219,1166.4019895797971,1006.0876990489954,0.13744343027788888,219,0,219,MAB
query_path_8_295.graph,2,0.1,219,1166.4019895797971,1234.1100769237903,0.05804867271221423,219,0,219,PO
query_path_8_295.graph,2,0.1,219,1166.4019895797971,2483.8333163597104,1.1294830929210993,219,0,219,UN
query_path_8_295.graph,2,0.1,219,1166.4019895797971,1464.640475945277,0.25569099592578887,219,0,219,WO
query_path_8_295.graph,3,0.1,219,1166.4019895797971,1107.9760485293236,0.05009074193325218,219,0,219,8_POSSA
query_path_8_295.graph,3,0.1,219,1166.4019895797971,1073.62884701551,0.07953788093049222,219,0,219,MAB
query_path_8_295.graph,3,0.1,219,1166.4019895797971,897.7353785887015,0.23033792242405585,219,0,219,PO
query_path_8_295.graph,3,0.1,219,1166.4019895797971,563.9162297602745,0.5165335494982922,219,0,219,UN
query_path_8_295.graph,3,0.1,219,1166.4019895797971,926.2756839814464,0.20586925240487425,219,0,219,WO
query_path_8_295.graph,4,0.1,219,1166.4019895797971,1041.399816408375,0.10716903287901183,219,0,219,8_POSSA
query_path_8_295.graph,4,0.1,219,1166.4019895797971,1107.324926894921,0.050648972834964924,219,0,219,MAB
query_path_8_295.graph,4,0.1,219,1166.4019895797971,1292.5208333609512,0.10812639630920817,219,0,219,PO
query_path_8_295.graph,4,0.1,219,1166.4019895797971,109.50526235907626,0.9061170476925147,219,0,219,UN
query_path_8_295.graph,4,0.1,219,1166.4019895797971,1442.6134876175706,0.23680643595033665,219,0,219,WO
query_path_8_295.graph,5,0.1,219,1166.4019895797971,1018.5698183272543,0.12674204311482715,219,0,219,8_POSSA
query_path_8_295.graph,5,0.1,219,1166.4019895797971,986.4338614739853,0.15429339945711715,219,0,219,MAB
query_path_8_295.graph,5,0.1,219,1166.4019895797971,993.0182257935996,0.1486483779478634,219,0,219,PO
query_path_8_295.graph,5,0.1,219,1166.4019895797971,742.5084688966894,0.36341975105496677,219,0,219,UN
query_path_8_295.graph,5,0.1,219,1166.4019895797971,2039.7543388978693,0.7487575956833734,219,0,219,WO
query_path_8_7.graph,1,0.1,451,283.8995404713451,305.4055363722459,0.0757521335370792,451,0,451,8_POSSA
query_path_8_7.graph,1,0.1,451,283.8995404713451,266.5344901590506,0.06116617971083757,451,0,451,MAB
query_path_8_7.graph,1,0.1,451,283.8995404713451,274.30959879477473,0.033779349063576006,451,0,451,PO
query_path_8_7.graph,1,0.1,451,283.8995404713451,354.4105977073475,0.24836622531666017,451,0,451,UN
query_path_8_7.graph,1,0.1,451,283.8995404713451,233.30121859394566,0.17822614926883443,451,0,451,WO
query_path_8_7.graph,2,0.1,451,283.8995404713451,278.2706801262503,0.019826944192123393,451,0,451,8_POSSA
query_path_8_7.graph,2,0.1,451,283.8995404713451,304.62782239260645,0.07301273502185714,451,0,451,MAB
query_path_8_7.graph,2,0.1,451,283.8995404713451,274.85717268189603,0.031850589734793044,451,0,451,PO
query_path_8_7.graph,2,0.1,451,283.8995404713451,91.51205544993557,0.6776604312285874,451,0,451,UN
query_path_8_7.graph,2,0.1,451,283.8995404713451,220.52025639133925,0.2232454620207564,451,0,451,WO
query_path_8_7.graph,3,0.1,451,283.8995404713451,311.97933825918534,0.09890751404958474,451,0,451,8_POSSA
query_path_8_7.graph,3,0.1,451,283.8995404713451,228.25103958717185,0.19601476209430516,451,0,451,MAB
query_path_8_7.graph,3,0.1,451,283.8995404713451,273.53619933304066,0.036503550238576266,451,0,451,PO
query_path_8_7.graph,3,0.1,451,283.8995404713451,446.4154027872291,0.5724414419483261,451,0,451,UN
query_path_8_7.graph,3,0.1,451,283.8995404713451,295.9769633216418,0.042541184921416536,451,0,451,WO
query_path_8_7.graph,4,0.1,451,283.8995404713451,288.8125716486547,0.01730552705070493,451,0,451,8_POSSA
query_path_8_7.graph,4,0.1,451,283.8995404713451,254.31640890001552,0.104202815975729,451,0,451,MAB
query_path_8_7.graph,4,0.1,451,283.8995404713451,276.25713638081834,0.026919395775838368,451,0,451,PO
query_path_8_7.graph,4,0.1,451,283.8995404713451,408.43507974432214,0.4386605877072449,451,0,451,UN
query_path_8_7.graph,4,0.1,451,283.8995404713451,247.01542258134072,0.12991961110175604,451,0,451,WO
query_path_8_7.graph,5,0.1,451,283.8995404713451,290.53308258439074,0.02336580785594884,451,0,451,8_POSSA
query_path_8_7.graph,5,0.1,451,283.8995404713451,289.7508261420609,0.020610409094009585,451,0,451,MAB
query_path_8_7.graph,5,0.1,451,283.8995404713451,382.0465781587363,0.3457104492823138,451,0,451,PO
query_path_8_7.graph,5,0.1,451,283.8995404713451,210.98449498979207,0.25683396796097524,451,0,451,UN
query_path_8_7.graph,5,0.1,451,283.8995404713451,349.046482976969,0.22947181385874546,451,0,451,WO
query_star_4_10.graph,1,0.1,271,1346.537704918033,1470.656136556036,0.09217597931693902,271,0,271,8_POSSA
query_star_4_10.graph,1,0.1,271,1346.537704918033,1546.2865753583956,0.14834257496898082,271,0,271,MAB
query_star_4_10.graph,1,0.1,271,1346.537704918033,817.5596571601534,0.39284310110727994,271,0,271,PO
query_star_4_10.graph,1,0.1,271,1346.537704918033,318.8682748162028,0.7631939501942034,271,0,271,UN
query_star_4_10.graph,1,0.1,271,1346.537704918033,1120.8235024374626,0.16762560874172483,271,0,271,WO
query_star_4_10.graph,2,0.1,271,1346.537704918033,1483.797569470654,0.10193540370336417,271,0,271,8_POSSA
query_star_4_10.graph,2,0.1,271,1346.537704918033,1162.0285143900642,0.13702489715221175,271,0,271,MAB
query_star_4_10.graph,2,0.1,271,1346.537704918033,1261.4159769772136,0.06321525764182061,271,0,271,PO
query_star_4_10.graph,2,0.1,271,1346.537704918033,460.7348962064607,0.6578373598275833,271,0,271,UN
query_star_4_10.graph,2,0.1,271,1346.537704918033,1180.7728268208566,0.12310452020150954,271,0,271,WO
query_star_4_10.graph,3,0.1,271,1346.537704918033,1424.9574539803637,0.0582380640184928,271,0,271,8_POSSA
query_star_4_10.graph,3,0.1,271,1346.537704918033,1441.4379429586538,0.07047722295039466,271,0,271,MAB
query_star_4_10.graph,3,0.1,271,1346.537704918033,1576.218140784284,0.17057111362524557,271,0,271,PO
query_star_4_10.graph,3,0.1,271,1346.537704918033,22.648370642654566,0.9831802922711078,271,0,271,UN
query_star_4_10.graph,3,0.1,271,1346.537704918033,1582.395176248928,0.1751584604496852,271,0,271,WO
query_star_4_10.graph,4,0.1,271,1346.537704918033,1446.795855118895,0.07445625164054726,271,0,271,8_POSSA
query_star_4_10.graph,4,0.1,271,1346.537704918033,1471.6495356578014,0.09291372256626439,271,0,271,MAB
query_star_4_10.graph,4,0.1,271,1346.537704918033,1611.957561096061,0.19711282885627393,271,0,271,PO
query_star_4_10.graph,4,0.1,271,1346.537704918033,341.1402250451444,0.7466537893449404,271,0,271,UN
query_star_4_10.graph,4,0.1,271,1346.537704918033,1113.6362070619173,0.1729632204174282,271,0,271,WO
query_star_4_10.graph,5,0.1,271,1346.537704918033,1434.0406298606079,0.06498364258422418,271,0,271,8_POSSA
query_star_4_10.graph,5,0.1,271,1346.537704918033,1047.4588702037315,0.22210951362294534,271,0,271,MAB
query_star_4_10.graph,5,0.1,271,1346.537704918033,1224.5041709288298,0.090627639718883,271,0,271,PO
query_star_4_10.graph,5,0.1,271,1346.537704918033,5461.11574769581,3.0556723571496587,271,0,271,UN
query_star_4_10.graph,5,0.1,271,1346.537704918033,1047.3452720429702,0.2221938767717427,271,0,271,WO
query_star_4_6.graph,1,0.1,702,1298.3528072837632,1253.1771523581206,0.03479459101733143,702,0,702,8_POSSA
query_star_4_6.graph,1,0.1,702,1298.3528072837632,1280.3335208229844,0.013878574729218903,702,0,702,MAB
query_star_4_6.graph,1,0.1,702,1298.3528072837632,1575.5009180878737,0.21346132518781394,702,0,702,PO
query_star_4_6.graph,1,0.1,702,1298.3528072837632,1130.043886845452,0.12963265415540182,702,0,702,UN
query_star_4_6.graph,1,0.1,702,1298.3528072837632,1210.5205115918002,0.0676490205121625,702,0,702,WO
query_star_4_6.graph,2,0.1,702,1298.3528072837632,1179.537733658487,0.09151216291806302,702,0,702,8_POSSA
query_star_4_6.graph,2,0.1,702,1298.3528072837632,1286.8031638090793,0.008895612509858996,702,0,702,MAB
query_star_4_6.graph,2,0.1,702,1298.3528072837632,1397.3628348320317,0.07625818421065668,702,0,702,PO
query_star_4_6.graph,2,0.1,702,1298.3528072837632,403.59659682465644,0.6891472067064681,702,0,702,UN
query_star_4_6.graph,2,0.1,702,1298.3528072837632,1133.6554473828833,0.1268510061186199,702,0,702,WO
query_star_4_6.graph,3,0.1,702,1298.3528072837632,1263.2249899929375,0.027055679391424732,702,0,702,8_POSSA
query_star_4_6.graph,3,0.1,702,1298.3528072837632,1300.5969643011433,0.0017284647168245393,702,0,702,MAB
query_star_4_6.graph,3,0.1,702,1298.3528072837632,963.6075833138199,0.25782300626765053,702,0,702,PO
query_star_4_6.graph,3,0.1,702,1298.3528072837632,1261.8022600899083,0.028151475460911932,702,0,702,UN
query_star_4_6.graph,3,0.1,702,1298.3528072837632,1298.646634520127,0.0002263076990440474,702,0,702,WO
query_star_4_6.graph,4,0.1,702,1298.3528072837632,1285.6586292801944,0.009777140644942148,702,0,702,8_POSSA
query_star_4_6.graph,4,0.1,702,1298.3528072837632,1252.2155894342966,0.03553519320067451,702,0,702,MAB
query_star_4_6.graph,4,0.1,702,1298.3528072837632,1777.005833477297,0.36866175627170744,702,0,702,PO
query_star_4_6.graph,4,0.1,702,1298.3528072837632,646.4594019010311,0.5020926528795625,702,0,702,UN
query_star_4_6.graph,4,0.1,702,1298.3528072837632,1326.3200042739109,0.02154052183139402,702,0,702,WO
query_star_4_6.graph,5,0.1,702,1298.3528072837632,1145.9327566728446,0.11739494053992237,702,0,702,8_POSSA
query_star_4_6.graph,5,0.1,702,1298.3528072837632,1152.2865649564148,0.11250119498176175,702,0,702,MAB
query_star_4_6.graph,5,0.1,702,1298.3528072837632,1345.512970321404,0.03632307241380937,702,0,702,PO
query_star_4_6.graph,5,0.1,702,1298.3528072837632,2309.8082742034644,0.7790297531190543,702,0,702,UN
query_star_4_6.graph,5,0.1,702,1298.3528072837632,1375.6466483024922,0.05953223236789742,702,0,702,WO
query_star_4_7.graph,1,0.1,705,1298.3528072837632,1344.7752162388379,0.035754849294155455,705,0,705,8_POSSA
query_star_4_7.graph,1,0.1,705,1298.3528072837632,1319.0886693730686,0.015970899414224762,705,0,705,MAB
query_star_4_7.graph,1,0.1,705,1298.3528072837632,1583.3949250740254,0.21954134206910095,705,0,705,PO
query_star_4_7.graph,1,0.1,705,1298.3528072837632,155.95655080862505,0.8798812233980562,705,0,705,UN
query_star_4_7.graph,1,0.1,705,1298.3528072837632,1701.875789783103,0.31079609504872224,705,0,705,WO
query_star_4_7.graph,2,0.1,705,1298.3528072837632,1370.7475852011285,0.05575894126098106,705,0,705,8_POSSA
query_star_4_7.graph,2,0.1,705,1298.3528072837632,1360.5313763752677,0.047890349019682824,705,0,705,MAB
query_star_4_7.graph,2,0.1,705,1298.3528072837632,1095.9239316144524,0.15591207145984068,705,0,705,PO
query_star_4_7.graph,2,0.1,705,1298.3528072837632,1484.9107022145845,0.14368813614006215,705,0,705,UN
query_star_4_7.graph,2,0.1,705,1298.3528072837632,1125.0166804857618,0.13350464205536838,705,0,705,WO
query_star_4_7.graph,3,0.1,705,1298.3528072837632,1346.1757527679624,0.03683355187889787,705,0,705,8_POSSA
query_star_4_7.graph,3,0.1,705,1298.3528072837632,1365.1781973864022,0.05146936158473129,705,0,705,MAB
query_star_4_7.graph,3,0.1,705,1298.3528072837632,1221.1244608050451,0.05948178803593818,705,0,705,PO
query_star_4_7.graph,3,0.1,705,1298.3528072837632,1438.9797441572566,0.10831180560828754,705,0,705,UN
query_star_4_7.graph,3,0.1,705,1298.3528072837632,1103.4801750350255,0.1500922023316788,705,0,705,WO
query_star_4_7.graph,4,0.1,705,1298.3528072837632,1279.875000838108,0.014231729882659538,705,0,705,8_POSSA
query_star_4_7.graph,4,0.1,705,1298.3528072837632,1349.8891623666304,0.039693644742590836,705,0,705,MAB
query_star_4_7.graph,4,0.1,705,1298.3528072837632,1029.9342234862247,0.20673778520885036,705,0,705,PO
query_star_4_7.graph,4,0.1,705,1298.3528072837632,1470.640758132529,0.13269732994162287,705,0,705,UN
query_star_4_7.graph,4,0.1,705,1298.3528072837632,1329.430922570087,0.023936571871663398,705,0,705,WO
query_star_4_7.graph,5,0.1,705,1298.3528072837632,1381.2349310427503,0.06383636504193474,705,0,705,8_POSSA
query_star_4_7.graph,5,0.1,705,1298.3528072837632,1374.8411463779357,0.05891182940805663,705,0,705,MAB
query_star_4_7.graph,5,0.1,705,1298.3528072837632,1356.1395397956744,0.04450772716608877,705,0,705,PO
query_star_4_7.graph,5,0.1,705,1298.3528072837632,1110.724942603209,0.14451223398444654,705,0,705,UN
query_star_4_7.graph,5,0.1,705,1298.3528072837632,1119.7091821652589,0.13759251269478764,705,0,705,WO
query_star_4_8.graph,1,0.1,271,1346.537704918033,1296.1668442568443,0.03740768674892379,271,0,271,8_POSSA
query_star_4_8.graph,1,0.1,271,1346.537704918033,1259.5548263817461,0.06459743252535333,271,0,271,MAB
query_star_4_8.graph,1,0.1,271,1346.537704918033,1627.0300820131715,0.2083063668181597,271,0,271,PO
query_star_4_8.graph,1,0.1,271,1346.537704918033,1084.1198380935098,0.1948834153444646,271,0,271,UN
query_star_4_8.graph,1,0.1,271,1346.537704918033,957.9530031695776,0.2885806318896279,271,0,271,WO
query_star_4_8.graph,2,0.1,271,1346.537704918033,1314.5880914817205,0.023727232679501685,271,0,271,8_POSSA
query_star_4_8.graph,2,0.1,271,1346.537704918033,1190.250822752703,0.11606573035015269,271,0,271,MAB
query_star_4_8.graph,2,0.1,271,1346.537704918033,1601.2383820916543,0.1891522801354647,271,0,271,PO
query_star_4_8.graph,2,0.1,271,1346.537704918033,583.4059172904713,0.566736293265561,271,0,271,UN
query_star_4_8.graph,2,0.1,271,1346.537704918033,1168.2590353790374,0.13239782955045268,271,0,271,WO
query_star_4_8.graph,3,0.1,271,1346.537704918033,1160.7274637637177,0.13799111638364853,271,0,271,8_POSSA
query_star_4_8.graph,3,0.1,271,1346.537704918033,1359.0303124659272,0.009277577228076766,271,0,271,MAB
query_star_4_8.graph,3,0.1,271,1346.537704918033,1594.5552081034377,0.18418905187694115,271,0,271,PO
query_star_4_8.graph,3,0.1,271,1346.537704918033,5497.639108579912,3.0827962622216862,271,0,271,UN
query_star_4_8.graph,3,0.1,271,1346.537704918033,915.1482559723258,0.32036937946120625,271,0,271,WO
query_star_4_8.graph,4,0.1,271,1346.537704918033,1471.0943625672749,0.0925014258377741,271,0,271,8_POSSA
query_star_4_8.graph,4,0.1,271,1346.537704918033,1408.5853258788136,0.046079378790627845,271,0,271,MAB
query_star_4_8.graph,4,0.1,271,1346.537704918033,1564.1421193878475,0.16160291217620285,271,0,271,PO
query_star_4_8.graph,4,0.1,271,1346.537704918033,451.57707331508504,0.6646383746509544,271,0,271,UN
query_star_4_8.graph,4,0.1,271,1346.537704918033,2179.8811970832103,0.6188786909727901,271,0,271,WO
query_star_4_8.graph,5,0.1,271,1346.537704918033,1394.7787538244804,0.035825991897779116,271,0,271,8_POSSA
query_star_4_8.graph,5,0.1,271,1346.537704918033,1129.5402306847793,0.16115217081608774,271,0,271,MAB
query_star_4_8.graph,5,0.1,271,1346.537704918033,1529.0287562547796,0.1355261354139767,271,0,271,PO
query_star_4_8.graph,5,0.1,271,1346.537704918033,4652.440459009341,2.4551133934214984,271,0,271,UN
query_star_4_8.graph,5,0.1,271,1346.537704918033,1315.1269146308566,0.023327078159380857,271,0,271,WO
query_star_4_9.graph,1,0.1,269,1346.537704918033,1459.3853982540454,0.08380581763425766,269,0,269,8_POSSA
query_star_4_9.graph,1,0.1,269,1346.537704918033,1343.4950705226267,0.0022595983642295053,269,0,269,MAB
query_star_4_9.graph,1,0.1,269,1346.537704918033,1259.5804104738602,0.06457843261764884,269,0,269,PO
query_star_4_9.graph,1,0.1,269,1346.537704918033,1529.880183298169,0.13615844377064554,269,0,269,UN
query_star_4_9.graph,1,0.1,269,1346.537704918033,1562.520076210637,0.1603983093111763,269,0,269,WO
query_star_4_9.graph,2,0.1,269,1346.537704918033,1200.1798827611856,0.10869195984805823,269,0,269,8_POSSA
query_star_4_9.graph,2,0.1,269,1346.537704918033,1438.8408782589026,0.06854852486027377,269,0,269,MAB
query_star_4_9.graph,2,0.1,269,1346.537704918033,981.0308868796042,0.27144194826737367,269,0,269,PO
query_star_4_9.graph,2,0.1,269,1346.537704918033,489.0233203352918,0.6368290924574891,269,0,269,UN
query_star_4_9.graph,2,0.1,269,1346.537704918033,1360.0670307614682,0.01004749127634633,269,0,269,WO
query_star_4_9.graph,3,0.1,269,1346.537704918033,1534.3116002460952,0.13944941507560127,269,0,269,8_POSSA
query_star_4_9.graph,3,0.1,269,1346.537704918033,127366.10268611685,93.58784720318688,269,0,269,MAB
query_star_4_9.graph,3,0.1,269,1346.537704918033,1546.3253045763859,0.14837133704363262,269,0,269,PO
query_star_4_9.graph,3,0.1,269,1346.537704918033,1838.7979684450602,0.36557480843582646,269,0,269,UN
query_star_4_9.graph,3,0.1,269,1346.537704918033,1509.0100226040654,0.12065931543738138,269,0,269,WO
query_star_4_9.graph,4,0.1,269,1346.537704918033,1262.8924350636082,0.062118772871285,269,0,269,8_POSSA
query_star_4_9.graph,4,0.1,269,1346.537704918033,1613.2747677589077,0.19809104629351007,269,0,269,MAB
query_star_4_9.graph,4,0.1,269,1346.537704918033,1536.2798389192797,0.14091111842486195,269,0,269,PO
query_star_4_9.graph,4,0.1,269,1346.537704918033,450.4478795506526,0.6654769651785781,269,0,269,UN
query_star_4_9.graph,4,0.1,269,1346.537704918033,1504.7778691553794,0.11751632624871729,269,0,269,WO
query_star_4_9.graph,5,0.1,269,1346.537704918033,1220.194573124905,0.09382814259985295,269,0,269,8_POSSA
query_star_4_9.graph,5,0.1,269,1346.537704918033,1304.9440712811524,0.03088931968630789,269,0,269,MAB
query_star_4_9.graph,5,0.1,269,1346.537704918033,1538.3672221052036,0.1424613038955696,269,0,269,PO
query_star_4_9.graph,5,0.1,269,1346.537704918033,8047.735906324062,4.976613857102462,269,0,269,UN
query_star_4_9.graph,5,0.1,269,1346.537704918033,1618.3187795971282,0.2018369583610281,269,0,269,WO
query_tree_6_6.graph,1,0.1,363,2693.8172175002237,2693.137122884361,0.0002524650193207635,363,0,363,8_POSSA
query_tree_6_6.graph,1,0.1,363,2693.8172175002237,2343.952181230707,0.12987705104735361,363,0,363,MAB
query_tree_6_6.graph,1,0.1,363,2693.8172175002237,2648.7847757964737,0.01671696261023184,363,0,363,PO
query_tree_6_6.graph,1,0.1,363,2693.8172175002237,2093.2699040586535,0.2229354350919395,363,0,363,UN
query_tree_6_6.graph,1,0.1,363,2693.8172175002237,2330.3192286485105,0.13493788163883952,363,0,363,WO
query_tree_6_6.graph,2,0.1,363,2693.8172175002237,2557.324335923852,0.05066894690911247,363,0,363,8_POSSA
query_tree_6_6.graph,2,0.1,363,2693.8172175002237,2334.941667714598,0.1332219377967487,363,0,363,MAB
query_tree_6_6.graph,2,0.1,363,2693.8172175002237,2365.6238455665916,0.12183208637970806,363,0,363,PO
query_tree_6_6.graph,2,0.1,363,2693.8172175002237,779.4509992515718,0.7106518607914766,363,0,363,UN
query_tree_6_6.graph,2,0.1,363,2693.8172175002237,3413.233263469396,0.2670619377200238,363,0,363,WO
query_tree_6_6.graph,3,0.1,363,2693.8172175002237,2617.677883844161,0.02826447658045544,363,0,363,8_POSSA
query_tree_6_6.graph,3,0.1,363,2693.8172175002237,2660.5516846288606,0.012348845591770503,363,0,363,MAB
query_tree_6_6.graph,3,0.1,363,2693.8172175002237,2569.6242473064726,0.04610296845195688,363,0,363,PO
query_tree_6_6.graph,3,0.1,363,2693.8172175002237,8561.242001307355,2.178107982119111,363,0,363,UN
query_tree_6_6.graph,3,0.1,363,2693.8172175002237,2260.0466712504003,0.16102449098322588,363,0,363,WO
query_tree_6_6.graph,4,0.1,363,2693.8172175002237,2660.9817531975946,0.012189195350492042,363,0,363,8_POSSA
query_tree_6_6.graph,4,0.1,363,2693.8172175002237,2583.965914542216,0.04077904849830388,363,0,363,MAB
query_tree_6_6.graph,4,0.1,363,2693.8172175002237,2813.601081968493,0.044466218305421946,363,0,363,PO
query_tree_6_6.graph,4,0.1,363,2693.8172175002237,690.1028678716145,0.7438197130123001,363,0,363,UN
query_tree_6_6.graph,4,0.1,363,2693.8172175002237,4154.725264721085,0.5423189211688748,363,0,363,WO
query_tree_6_6.graph,5,0.1,363,2693.8172175002237,2644.360365457221,0.018359394142152267,363,0,363,8_POSSA
query_tree_6_6.graph,5,0.1,363,2693.8172175002237,2193.8889577792843,0.18558358617399323,363,0,363,MAB
query_tree_6_6.graph,5,0.1,363,2693.8172175002237,2693.815073880227,7.957555482460662e-07,363,0,363,PO
query_tree_6_6.graph,5,0.1,363,2693.8172175002237,1423.097780762425,0.4717170224032445,363,0,363,UN
query_tree_6_6.graph,5,0.1,363,2693.8172175002237,2350.8141433394976,0.12732975048656864,363,0,363,WO
