query_basename,run_id,budget_frac,budget_n,T_true,T_hat,Qerror,n_post,n_comment,oracle_cost,method
query_cycle_4_3.graph,1,0.01,27,2440.0,3252.861518405106,0.33313996655946965,27,0,27,8_POSSA
query_cycle_4_3.graph,2,0.01,27,2440.0,770.8514098063059,0.6840772910629893,27,0,27,8_POSSA
query_cycle_4_3.graph,3,0.01,27,2440.0,2848.9052079367284,0.16758410161341328,27,0,27,8_POSSA
query_cycle_4_3.graph,4,0.01,27,2440.0,1341.1315997135523,0.45035590175674084,27,0,27,8_POSSA
query_cycle_4_3.graph,5,0.01,27,2440.0,2260.473106536198,0.07357659568188607,27,0,27,8_POSSA
query_cycle_4_3.graph,1,0.05,135,2440.0,2360.828585322599,0.03244730109729554,135,0,135,8_POSSA
query_cycle_4_3.graph,2,0.05,135,2440.0,2114.666580656082,0.13333336858357303,135,0,135,8_POSSA
query_cycle_4_3.graph,3,0.05,135,2440.0,2301.469274892438,0.05677488733916472,135,0,135,8_POSSA
query_cycle_4_3.graph,4,0.05,135,2440.0,2521.7029478450445,0.033484814690592,135,0,135,8_POSSA
query_cycle_4_3.graph,5,0.05,135,2440.0,2418.3308831651552,0.008880785588051136,135,0,135,8_POSSA
query_cycle_4_3.graph,1,0.1,271,2440.0,2260.5970000975212,0.07352581963216342,271,0,271,8_POSSA
query_cycle_4_3.graph,2,0.1,271,2440.0,2769.1754781086993,0.13490798283143413,271,0,271,8_POSSA
query_cycle_4_3.graph,3,0.1,271,2440.0,2317.291567606251,0.05029034114497902,271,0,271,8_POSSA
query_cycle_4_3.graph,4,0.1,271,2440.0,2265.3600684143667,0.07157374245312842,271,0,271,8_POSSA
query_cycle_4_3.graph,5,0.1,271,2440.0,2452.233258074494,0.005013630358399257,271,0,271,8_POSSA
query_cycle_6_104.graph,1,0.01,33,81954.0,40822.575595868584,0.5018842814765773,33,0,33,8_POSSA
query_cycle_6_104.graph,2,0.01,33,81954.0,57018.48193516812,0.3042623674845874,33,0,33,8_POSSA
query_cycle_6_104.graph,3,0.01,33,81954.0,65801.49504065179,0.1970923317879324,33,0,33,8_POSSA
query_cycle_6_104.graph,4,0.01,33,81954.0,77935.98786069735,0.04902765135689105,33,0,33,8_POSSA
query_cycle_6_104.graph,5,0.01,33,81954.0,67055.93956914966,0.18178564110171974,33,0,33,8_POSSA
query_cycle_6_104.graph,1,0.05,166,81954.0,79692.41754630225,0.02759575437071705,166,0,166,8_POSSA
query_cycle_6_104.graph,2,0.05,166,81954.0,82126.77650255684,0.0021082131751572458,166,0,166,8_POSSA
query_cycle_6_104.graph,3,0.05,166,81954.0,81568.55005073734,0.004703247544508672,166,0,166,8_POSSA
query_cycle_6_104.graph,4,0.05,166,81954.0,84096.17761106479,0.02613878042639519,166,0,166,8_POSSA
query_cycle_6_104.graph,5,0.05,166,81954.0,77281.37977707697,0.05701515756306008,166,0,166,8_POSSA
query_cycle_6_104.graph,1,0.1,333,81954.0,80813.24642222078,0.013919437462225417,333,0,333,8_POSSA
query_cycle_6_104.graph,2,0.1,333,81954.0,81437.32720245111,0.006304424403310274,333,0,333,8_POSSA
query_cycle_6_104.graph,3,0.1,333,81954.0,79663.12313055535,0.027953203863687534,333,0,333,8_POSSA
query_cycle_6_104.graph,4,0.1,333,81954.0,82390.72495945156,0.005328903524557187,333,0,333,8_POSSA
query_cycle_6_104.graph,5,0.1,333,81954.0,80572.71161386449,0.016854435245814817,333,0,333,8_POSSA
query_cycle_4_12.graph,1,0.01,34,12558.0,11731.565960070879,0.06580936772807146,34,0,34,8_POSSA
query_cycle_4_12.graph,2,0.01,34,12558.0,18231.776107995807,0.45180571014459364,34,0,34,8_POSSA
query_cycle_4_12.graph,3,0.01,34,12558.0,19639.70295215143,0.563919649000751,34,0,34,8_POSSA
query_cycle_4_12.graph,4,0.01,34,12558.0,13091.472389829476,0.04248068082731932,34,0,34,8_POSSA
query_cycle_4_12.graph,5,0.01,34,12558.0,12453.894075165092,0.008290008348057681,34,0,34,8_POSSA
query_cycle_4_12.graph,1,0.05,170,12558.0,13078.416435633775,0.04144102847856149,170,0,170,8_POSSA
query_cycle_4_12.graph,2,0.05,170,12558.0,13444.942933473169,0.07062772204755284,170,0,170,8_POSSA
query_cycle_4_12.graph,3,0.05,170,12558.0,12538.44198634603,0.0015574146881645319,170,0,170,8_POSSA
query_cycle_4_12.graph,4,0.05,170,12558.0,15733.02952080503,0.25282923401855634,170,0,170,8_POSSA
query_cycle_4_12.graph,5,0.05,170,12558.0,12705.376762033331,0.011735687373254582,170,0,170,8_POSSA
query_cycle_4_12.graph,1,0.1,341,12558.0,12286.360594674317,0.021630785580958965,341,0,341,8_POSSA
query_cycle_4_12.graph,2,0.1,341,12558.0,13470.704539121532,0.07267913195744008,341,0,341,8_POSSA
query_cycle_4_12.graph,3,0.1,341,12558.0,12528.62130145436,0.0023394408779774545,341,0,341,8_POSSA
query_cycle_4_12.graph,4,0.1,341,12558.0,12553.698851664334,0.00034250265453622053,341,0,341,8_POSSA
query_cycle_4_12.graph,5,0.1,341,12558.0,13278.016272857622,0.05733526619347201,341,0,341,8_POSSA
query_cycle_4_9.graph,1,0.01,33,900.0,773.8773370244194,0.14013629219508958,33,0,33,8_POSSA
query_cycle_4_9.graph,2,0.01,33,900.0,1023.5086243702032,0.1372318048557813,33,0,33,8_POSSA
query_cycle_4_9.graph,3,0.01,33,900.0,996.9450232836301,0.1077166925373668,33,0,33,8_POSSA
query_cycle_4_9.graph,4,0.01,33,900.0,1182.5121568841441,0.31390239653793794,33,0,33,8_POSSA
query_cycle_4_9.graph,5,0.01,33,900.0,632.4276884354852,0.2973025684050165,33,0,33,8_POSSA
query_cycle_4_9.graph,1,0.05,169,900.0,875.0724089762513,0.027697323359720815,169,0,169,8_POSSA
query_cycle_4_9.graph,2,0.05,169,900.0,957.1484154729948,0.06349823941443863,169,0,169,8_POSSA
query_cycle_4_9.graph,3,0.05,169,900.0,899.3952944999359,0.0006718950000712691,169,0,169,8_POSSA
query_cycle_4_9.graph,4,0.05,169,900.0,966.9565660756087,0.07439618452845416,169,0,169,8_POSSA
query_cycle_4_9.graph,5,0.05,169,900.0,990.9557383711132,0.10106193152345908,169,0,169,8_POSSA
query_cycle_4_9.graph,1,0.1,339,900.0,902.1799108037358,0.002422123115261962,339,0,339,8_POSSA
query_cycle_4_9.graph,2,0.1,339,900.0,937.3970302169544,0.04155225579661596,339,0,339,8_POSSA
query_cycle_4_9.graph,3,0.1,339,900.0,889.4113991883528,0.011765112012941345,339,0,339,8_POSSA
query_cycle_4_9.graph,4,0.1,339,900.0,924.8551877891746,0.02761687532130509,339,0,339,8_POSSA
query_cycle_4_9.graph,5,0.1,339,900.0,975.1537118658924,0.08350412429543604,339,0,339,8_POSSA
query_cycle_4_8.graph,1,0.01,35,93742.0,79077.39839592144,0.15643576629556188,35,0,35,8_POSSA
query_cycle_4_8.graph,2,0.01,35,93742.0,92732.02957029027,0.010773937292886157,35,0,35,8_POSSA
query_cycle_4_8.graph,3,0.01,35,93742.0,87037.80997372547,0.07151746310377988,35,0,35,8_POSSA
query_cycle_4_8.graph,4,0.01,35,93742.0,128940.377061384,0.37548139640058886,35,0,35,8_POSSA
query_cycle_4_8.graph,5,0.01,35,93742.0,98527.13680591693,0.05104581517267535,35,0,35,8_POSSA
query_cycle_4_8.graph,1,0.05,176,93742.0,89273.40162685717,0.047669117078180834,176,0,176,8_POSSA
query_cycle_4_8.graph,2,0.05,176,93742.0,93287.23980555315,0.0048511893755930945,176,0,176,8_POSSA
query_cycle_4_8.graph,3,0.05,176,93742.0,90033.33720911134,0.039562445764850955,176,0,176,8_POSSA
query_cycle_4_8.graph,4,0.05,176,93742.0,98322.12594452471,0.04885884602979147,176,0,176,8_POSSA
query_cycle_4_8.graph,5,0.05,176,93742.0,92215.4912591995,0.01628414948262791,176,0,176,8_POSSA
query_cycle_4_8.graph,1,0.1,352,93742.0,93105.60386506231,0.006788804750674099,352,0,352,8_POSSA
query_cycle_4_8.graph,2,0.1,352,93742.0,93422.32529229607,0.0034101545486967706,352,0,352,8_POSSA
query_cycle_4_8.graph,3,0.1,352,93742.0,94046.75164329234,0.0032509616105090987,352,0,352,8_POSSA
query_cycle_4_8.graph,4,0.1,352,93742.0,95976.02914563785,0.02383167785664747,352,0,352,8_POSSA
query_cycle_4_8.graph,5,0.1,352,93742.0,92288.99209160802,0.01550007369580321,352,0,352,8_POSSA
query_cycle_4_10.graph,1,0.01,36,93742.0,71950.41724905887,0.2324633862189961,36,0,36,8_POSSA
query_cycle_4_10.graph,2,0.01,36,93742.0,92114.063284268,0.017366140211772674,36,0,36,8_POSSA
query_cycle_4_10.graph,3,0.01,36,93742.0,93652.7627679748,0.0009519450409123276,36,0,36,8_POSSA
query_cycle_4_10.graph,4,0.01,36,93742.0,88703.87288645108,0.05374460875113527,36,0,36,8_POSSA
query_cycle_4_10.graph,5,0.01,36,93742.0,92239.55471254136,0.01602745074202217,36,0,36,8_POSSA
query_cycle_4_10.graph,1,0.05,180,93742.0,89993.26330666372,0.039989937203561685,180,0,180,8_POSSA
query_cycle_4_10.graph,2,0.05,180,93742.0,89316.01532472731,0.04721453217632105,180,0,180,8_POSSA
query_cycle_4_10.graph,3,0.05,180,93742.0,94524.0258495408,0.00834232093982212,180,0,180,8_POSSA
query_cycle_4_10.graph,4,0.05,180,93742.0,91409.57809359522,0.024881290205081813,180,0,180,8_POSSA
query_cycle_4_10.graph,5,0.05,180,93742.0,87497.49504399479,0.06661373723629978,180,0,180,8_POSSA
query_cycle_4_10.graph,1,0.1,361,93742.0,89858.91436619387,0.04142311486640063,361,0,361,8_POSSA
query_cycle_4_10.graph,2,0.1,361,93742.0,93746.6189874335,4.927340395442738e-05,361,0,361,8_POSSA
query_cycle_4_10.graph,3,0.1,361,93742.0,92356.44350622392,0.014780530538884163,361,0,361,8_POSSA
query_cycle_4_10.graph,4,0.1,361,93742.0,93567.38076154115,0.001862764166103244,361,0,361,8_POSSA
query_cycle_4_10.graph,5,0.1,361,93742.0,90775.98666509415,0.03164017553397458,361,0,361,8_POSSA
query_cycle_4_7.graph,1,0.01,46,70146.0,72596.56859522725,0.034935257822644866,46,0,46,8_POSSA
query_cycle_4_7.graph,2,0.01,46,70146.0,50390.57849903459,0.28163290139089053,46,0,46,8_POSSA
query_cycle_4_7.graph,3,0.01,46,70146.0,75844.73285960882,0.0812410238589345,46,0,46,8_POSSA
query_cycle_4_7.graph,4,0.01,46,70146.0,58556.6685137778,0.16521728232860325,46,0,46,8_POSSA
query_cycle_4_7.graph,5,0.01,46,70146.0,61714.33625282293,0.12020163298230928,46,0,46,8_POSSA
query_cycle_4_7.graph,1,0.05,233,70146.0,72096.512774003,0.027806471844481512,233,0,233,8_POSSA
query_cycle_4_7.graph,2,0.05,233,70146.0,72300.59553702813,0.030715871710833547,233,0,233,8_POSSA
query_cycle_4_7.graph,3,0.05,233,70146.0,66751.24804804812,0.04839551723479433,233,0,233,8_POSSA
query_cycle_4_7.graph,4,0.05,233,70146.0,72881.66993248276,0.0389996568939464,233,0,233,8_POSSA
query_cycle_4_7.graph,5,0.05,233,70146.0,71214.92635433158,0.015238593139046783,233,0,233,8_POSSA
query_cycle_4_7.graph,1,0.1,467,70146.0,69744.22713446329,0.005727666089822799,467,0,467,8_POSSA
query_cycle_4_7.graph,2,0.1,467,70146.0,69381.5536097628,0.010897932743665977,467,0,467,8_POSSA
query_cycle_4_7.graph,3,0.1,467,70146.0,71351.28650621288,0.017182540789394747,467,0,467,8_POSSA
query_cycle_4_7.graph,4,0.1,467,70146.0,71724.03639846225,0.0224964559413545,467,0,467,8_POSSA
query_cycle_4_7.graph,5,0.1,467,70146.0,71170.02630374763,0.01459849889869166,467,0,467,8_POSSA
query_cycle_4_13.graph,1,0.01,48,283607.0,344831.8782775062,0.21587929168711004,48,0,48,8_POSSA
query_cycle_4_13.graph,2,0.01,48,283607.0,303299.49693078856,0.06943586346877391,48,0,48,8_POSSA
query_cycle_4_13.graph,3,0.01,48,283607.0,319561.7381655106,0.12677662457383135,48,0,48,8_POSSA
query_cycle_4_13.graph,4,0.01,48,283607.0,287625.1901623713,0.014168162853425058,48,0,48,8_POSSA
query_cycle_4_13.graph,5,0.01,48,283607.0,290293.01804160705,0.023574940116453582,48,0,48,8_POSSA
query_cycle_4_13.graph,1,0.05,242,283607.0,291881.96098908153,0.029177562574553992,242,0,242,8_POSSA
query_cycle_4_13.graph,2,0.05,242,283607.0,284469.02818679105,0.003039516608514785,242,0,242,8_POSSA
query_cycle_4_13.graph,3,0.05,242,283607.0,278445.1882913569,0.018200579353270904,242,0,242,8_POSSA
query_cycle_4_13.graph,4,0.05,242,283607.0,279715.65056080394,0.013720921695148765,242,0,242,8_POSSA
query_cycle_4_13.graph,5,0.05,242,283607.0,284541.9243243829,0.003296548831245038,242,0,242,8_POSSA
query_cycle_4_13.graph,1,0.1,484,283607.0,294952.7478912388,0.04000517579339993,484,0,484,8_POSSA
query_cycle_4_13.graph,2,0.1,484,283607.0,291464.97566813865,0.02770726980694641,484,0,484,8_POSSA
query_cycle_4_13.graph,3,0.1,484,283607.0,291010.27217624633,0.026103982540086574,484,0,484,8_POSSA
query_cycle_4_13.graph,4,0.1,484,283607.0,288223.239772612,0.01627688940192589,484,0,484,8_POSSA
query_cycle_4_13.graph,5,0.1,484,283607.0,284601.1400722333,0.0035053439168753818,484,0,484,8_POSSA
query_cycle_4_14.graph,1,0.01,47,283607.0,252311.8549195083,0.11034687112973833,47,0,47,8_POSSA
query_cycle_4_14.graph,2,0.01,47,283607.0,471176.70977705694,0.6613719329108835,47,0,47,8_POSSA
query_cycle_4_14.graph,3,0.01,47,283607.0,320101.93142510613,0.12868134927948227,47,0,47,8_POSSA
query_cycle_4_14.graph,4,0.01,47,283607.0,360837.9312955942,0.27231673158841,47,0,47,8_POSSA
query_cycle_4_14.graph,5,0.01,47,283607.0,186978.6781246133,0.34071204827591245,47,0,47,8_POSSA
query_cycle_4_14.graph,1,0.05,239,283607.0,291889.8586459759,0.029205409760604924,239,0,239,8_POSSA
query_cycle_4_14.graph,2,0.05,239,283607.0,286275.96609521646,0.009410790619471508,239,0,239,8_POSSA
query_cycle_4_14.graph,3,0.05,239,283607.0,280307.93738852383,0.011632514752725316,239,0,239,8_POSSA
query_cycle_4_14.graph,4,0.05,239,283607.0,278533.2696140391,0.017890004075925118,239,0,239,8_POSSA
query_cycle_4_14.graph,5,0.05,239,283607.0,296515.68545768555,0.045516103120464425,239,0,239,8_POSSA
query_cycle_4_14.graph,1,0.1,479,283607.0,285459.1953455673,0.006530852008474073,479,0,479,8_POSSA
query_cycle_4_14.graph,2,0.1,479,283607.0,288411.5911112296,0.016941017362863457,479,0,479,8_POSSA
query_cycle_4_14.graph,3,0.1,479,283607.0,286013.9272544769,0.00848684007967672,479,0,479,8_POSSA
query_cycle_4_14.graph,4,0.1,479,283607.0,288819.966160426,0.018380950260134532,479,0,479,8_POSSA
query_cycle_4_14.graph,5,0.1,479,283607.0,280780.3382797963,0.009966826348445918,479,0,479,8_POSSA
query_cycle_4_1.graph,1,0.01,50,375950.0,375702.0261554445,0.0006595926175169507,50,0,50,8_POSSA
query_cycle_4_1.graph,2,0.01,50,375950.0,364911.0817716978,0.02936272969358215,50,0,50,8_POSSA
query_cycle_4_1.graph,3,0.01,50,375950.0,246503.17034600652,0.3443192702593257,50,0,50,8_POSSA
query_cycle_4_1.graph,4,0.01,50,375950.0,405324.04231254477,0.07813284296460904,50,0,50,8_POSSA
query_cycle_4_1.graph,5,0.01,50,375950.0,385906.6166976318,0.026483885350796054,50,0,50,8_POSSA
query_cycle_4_1.graph,1,0.05,253,375950.0,388095.2657313586,0.03230553459597981,253,0,253,8_POSSA
query_cycle_4_1.graph,2,0.05,253,375950.0,376241.4756079078,0.0007753041838218034,253,0,253,8_POSSA
query_cycle_4_1.graph,3,0.05,253,375950.0,372293.6066771472,0.00972574364371004,253,0,253,8_POSSA
query_cycle_4_1.graph,4,0.05,253,375950.0,376121.7718930304,0.0004569008991365388,253,0,253,8_POSSA
query_cycle_4_1.graph,5,0.05,253,375950.0,397927.04881078744,0.058457371487664424,253,0,253,8_POSSA
query_cycle_4_1.graph,1,0.1,507,375950.0,384650.8041727522,0.023143514224636764,507,0,507,8_POSSA
query_cycle_4_1.graph,2,0.1,507,375950.0,375648.28789437015,0.0008025325325970189,507,0,507,8_POSSA
query_cycle_4_1.graph,3,0.1,507,375950.0,375049.5719835792,0.0023950738566852056,507,0,507,8_POSSA
query_cycle_4_1.graph,4,0.1,507,375950.0,374115.4716314975,0.004879713707946551,507,0,507,8_POSSA
query_cycle_4_1.graph,5,0.1,507,375950.0,373479.2318584226,0.006572065810819066,507,0,507,8_POSSA
query_cycle_4_0.graph,1,0.01,51,375950.0,307002.4419579448,0.1833955527119437,51,0,51,8_POSSA
query_cycle_4_0.graph,2,0.01,51,375950.0,382791.6196869874,0.018198217015527134,51,0,51,8_POSSA
query_cycle_4_0.graph,3,0.01,51,375950.0,433843.66696965345,0.15399299632837732,51,0,51,8_POSSA
query_cycle_4_0.graph,4,0.01,51,375950.0,410892.4405267824,0.09294438230291906,51,0,51,8_POSSA
query_cycle_4_0.graph,5,0.01,51,375950.0,414969.03013803455,0.10378781789608871,51,0,51,8_POSSA
query_cycle_4_0.graph,1,0.05,256,375950.0,388800.36682993604,0.03418105287920214,256,0,256,8_POSSA
query_cycle_4_0.graph,2,0.05,256,375950.0,418775.2165338561,0.11391200035604766,256,0,256,8_POSSA
query_cycle_4_0.graph,3,0.05,256,375950.0,382200.20164821245,0.016625087506882418,256,0,256,8_POSSA
query_cycle_4_0.graph,4,0.05,256,375950.0,367081.7942456482,0.023588790409234745,256,0,256,8_POSSA
query_cycle_4_0.graph,5,0.05,256,375950.0,381462.42217329505,0.014662647089493426,256,0,256,8_POSSA
query_cycle_4_0.graph,1,0.1,513,375950.0,392456.2458247406,0.04390542844724197,513,0,513,8_POSSA
query_cycle_4_0.graph,2,0.1,513,375950.0,383427.9541050417,0.019890820867247475,513,0,513,8_POSSA
query_cycle_4_0.graph,3,0.1,513,375950.0,384153.08251686534,0.021819610365381936,513,0,513,8_POSSA
query_cycle_4_0.graph,4,0.1,513,375950.0,383458.69658356725,0.019972593652260263,513,0,513,8_POSSA
query_cycle_4_0.graph,5,0.1,513,375950.0,386754.9633466428,0.02874042651055404,513,0,513,8_POSSA
query_cycle_6_116.graph,1,0.01,17,380975.0,277597.3889176757,0.27135011767786416,17,0,17,8_POSSA
query_cycle_6_116.graph,2,0.01,17,380975.0,282764.9123183938,0.25778617411012844,17,0,17,8_POSSA
query_cycle_6_116.graph,3,0.01,17,380975.0,292907.025059184,0.2311647088150561,17,0,17,8_POSSA
query_cycle_6_116.graph,4,0.01,17,380975.0,226393.60797204165,0.4057520625446771,17,0,17,8_POSSA
query_cycle_6_116.graph,5,0.01,17,380975.0,558060.170299374,0.4648209732905677,17,0,17,8_POSSA
query_cycle_6_116.graph,1,0.05,88,380975.0,332123.6978692456,0.1282270546118627,88,0,88,8_POSSA
query_cycle_6_116.graph,2,0.05,88,380975.0,319960.43212319276,0.1601537315488083,88,0,88,8_POSSA
query_cycle_6_116.graph,3,0.05,88,380975.0,306101.3169369156,0.19653174896800152,88,0,88,8_POSSA
query_cycle_6_116.graph,4,0.05,88,380975.0,330904.97163291625,0.13142602104359538,88,0,88,8_POSSA
query_cycle_6_116.graph,5,0.05,88,380975.0,350446.51610404224,0.0801325123589678,88,0,88,8_POSSA
query_cycle_6_116.graph,1,0.1,177,380975.0,391914.0198424433,0.028713222238843202,177,0,177,8_POSSA
query_cycle_6_116.graph,2,0.1,177,380975.0,397781.0172389118,0.04411317603231662,177,0,177,8_POSSA
query_cycle_6_116.graph,3,0.1,177,380975.0,372571.0382009208,0.022059089964116287,177,0,177,8_POSSA
query_cycle_6_116.graph,4,0.1,177,380975.0,343952.3956804845,0.09717856636135054,177,0,177,8_POSSA
query_cycle_6_116.graph,5,0.1,177,380975.0,337434.64968068665,0.11428663381931453,177,0,177,8_POSSA
query_cycle_6_118.graph,1,0.01,18,380975.0,47635.094842030376,0.8749652999749843,18,0,18,8_POSSA
query_cycle_6_118.graph,2,0.01,18,380975.0,547625.2134144854,0.4374308377570325,18,0,18,8_POSSA
query_cycle_6_118.graph,3,0.01,18,380975.0,660986.7331580624,0.7349871596773081,18,0,18,8_POSSA
query_cycle_6_118.graph,4,0.01,18,380975.0,254404.33029466963,0.33222828192225307,18,0,18,8_POSSA
query_cycle_6_118.graph,5,0.01,18,380975.0,508249.538729164,0.33407582841174355,18,0,18,8_POSSA
query_cycle_6_118.graph,1,0.05,90,380975.0,484115.6089365383,0.27072802398198903,90,0,90,8_POSSA
query_cycle_6_118.graph,2,0.05,90,380975.0,367801.1735955488,0.03457924116924002,90,0,90,8_POSSA
query_cycle_6_118.graph,3,0.05,90,380975.0,349068.6440314925,0.08374921180788102,90,0,90,8_POSSA
query_cycle_6_118.graph,4,0.05,90,380975.0,344045.3463385918,0.09693458537019024,90,0,90,8_POSSA
query_cycle_6_118.graph,5,0.05,90,380975.0,320151.02850465535,0.15965344575193818,90,0,90,8_POSSA
query_cycle_6_118.graph,1,0.1,181,380975.0,341559.71079865866,0.103458991275914,181,0,181,8_POSSA
query_cycle_6_118.graph,2,0.1,181,380975.0,427281.1045126181,0.1215463075336127,181,0,181,8_POSSA
query_cycle_6_118.graph,3,0.1,181,380975.0,338274.3134136744,0.11208264738191635,181,0,181,8_POSSA
query_cycle_6_118.graph,4,0.1,181,380975.0,345072.55504994676,0.09423832259348576,181,0,181,8_POSSA
query_cycle_6_118.graph,5,0.1,181,380975.0,401112.0502317706,0.05285661849667462,181,0,181,8_POSSA
query_cycle_4_4.graph,1,0.01,70,2636.0,2871.5992260868215,0.08937755162626007,70,0,70,8_POSSA
query_cycle_4_4.graph,2,0.01,70,2636.0,2249.5232474922623,0.1466148529999005,70,0,70,8_POSSA
query_cycle_4_4.graph,3,0.01,70,2636.0,3088.5248457902894,0.171671034063084,70,0,70,8_POSSA
query_cycle_4_4.graph,4,0.01,70,2636.0,2071.381196768997,0.21419529712860502,70,0,70,8_POSSA
query_cycle_4_4.graph,5,0.01,70,2636.0,2951.706156592567,0.11976713072555649,70,0,70,8_POSSA
query_cycle_4_4.graph,1,0.05,352,2636.0,2567.9782057377015,0.025804929538049505,352,0,352,8_POSSA
query_cycle_4_4.graph,2,0.05,352,2636.0,3014.6294032754554,0.1436378616371227,352,0,352,8_POSSA
query_cycle_4_4.graph,3,0.05,352,2636.0,2171.2139463395283,0.17632247862688608,352,0,352,8_POSSA
query_cycle_4_4.graph,4,0.05,352,2636.0,2489.047632426906,0.055748242630157,352,0,352,8_POSSA
query_cycle_4_4.graph,5,0.05,352,2636.0,2882.0066017069557,0.09332572143662964,352,0,352,8_POSSA
query_cycle_4_4.graph,1,0.1,705,2636.0,2458.3434581392744,0.0673962601899566,705,0,705,8_POSSA
query_cycle_4_4.graph,2,0.1,705,2636.0,2512.7742353560993,0.0467472551759866,705,0,705,8_POSSA
query_cycle_4_4.graph,3,0.1,705,2636.0,2549.382870047846,0.03285930574816155,705,0,705,8_POSSA
query_cycle_4_4.graph,4,0.1,705,2636.0,2534.8090263126865,0.0383880780300886,705,0,705,8_POSSA
query_cycle_4_4.graph,5,0.1,705,2636.0,2489.661026790881,0.05551554370603912,705,0,705,8_POSSA
query_cycle_4_6.graph,1,0.01,70,2636.0,2153.1927502992166,0.18315904768618488,70,0,70,8_POSSA
query_cycle_4_6.graph,2,0.01,70,2636.0,2496.9787410302906,0.052739476088660614,70,0,70,8_POSSA
query_cycle_4_6.graph,3,0.01,70,2636.0,2702.7408407463654,0.025318983591185656,70,0,70,8_POSSA
query_cycle_4_6.graph,4,0.01,70,2636.0,2672.158413595228,0.013717152350238244,70,0,70,8_POSSA
query_cycle_4_6.graph,5,0.01,70,2636.0,2226.6564222140823,0.155289672908163,70,0,70,8_POSSA
query_cycle_4_6.graph,1,0.05,350,2636.0,2774.859357898033,0.05267805686571816,350,0,350,8_POSSA
query_cycle_4_6.graph,2,0.05,350,2636.0,2607.74324658881,0.010719557439753395,350,0,350,8_POSSA
query_cycle_4_6.graph,3,0.05,350,2636.0,2678.3927185445045,0.016082214925836318,350,0,350,8_POSSA
query_cycle_4_6.graph,4,0.05,350,2636.0,2632.51578432293,0.0013217813645941187,350,0,350,8_POSSA
query_cycle_4_6.graph,5,0.05,350,2636.0,2615.949516585405,0.007606404937251504,350,0,350,8_POSSA
query_cycle_4_6.graph,1,0.1,701,2636.0,2591.792389182743,0.016770717305484396,701,0,701,8_POSSA
query_cycle_4_6.graph,2,0.1,701,2636.0,2516.4438493173957,0.04535514062314276,701,0,701,8_POSSA
query_cycle_4_6.graph,3,0.1,701,2636.0,2735.637191730598,0.03779863115728293,701,0,701,8_POSSA
query_cycle_4_6.graph,4,0.1,701,2636.0,2730.5925614137495,0.03588488672752259,701,0,701,8_POSSA
query_cycle_4_6.graph,5,0.1,701,2636.0,2612.6477835262413,0.008858959208557945,701,0,701,8_POSSA
query_cycle_6_106.graph,1,0.01,33,81954.0,105392.27222422624,0.2859930232109017,33,0,33,8_POSSA
query_cycle_6_106.graph,2,0.01,33,81954.0,97626.83283118447,0.19123938832984927,33,0,33,8_POSSA
query_cycle_6_106.graph,3,0.01,33,81954.0,71297.90591602074,0.13002530790418113,33,0,33,8_POSSA
query_cycle_6_106.graph,4,0.01,33,81954.0,127783.389508888,0.5592086964503014,33,0,33,8_POSSA
query_cycle_6_106.graph,5,0.01,33,81954.0,61903.6902108703,0.24465321752604755,33,0,33,8_POSSA
query_cycle_6_106.graph,1,0.05,168,81954.0,83309.554185741,0.016540427382934316,168,0,168,8_POSSA
query_cycle_6_106.graph,2,0.05,168,81954.0,77225.58561580509,0.05769595607529726,168,0,168,8_POSSA
query_cycle_6_106.graph,3,0.05,168,81954.0,89847.82733007292,0.09632022024639333,168,0,168,8_POSSA
query_cycle_6_106.graph,4,0.05,168,81954.0,77819.11844943775,0.050453688051373305,168,0,168,8_POSSA
query_cycle_6_106.graph,5,0.05,168,81954.0,77412.16877380823,0.05541927454659656,168,0,168,8_POSSA
query_cycle_6_106.graph,1,0.1,336,81954.0,80207.32514098413,0.021312868914462598,336,0,336,8_POSSA
query_cycle_6_106.graph,2,0.1,336,81954.0,80633.20045081833,0.016116352456032275,336,0,336,8_POSSA
query_cycle_6_106.graph,3,0.1,336,81954.0,81872.6024211262,0.0009932105678039213,336,0,336,8_POSSA
query_cycle_6_106.graph,4,0.1,336,81954.0,81015.40268252054,0.011452733453882221,336,0,336,8_POSSA
query_cycle_6_106.graph,5,0.1,336,81954.0,86342.66231400399,0.053550312541230306,336,0,336,8_POSSA
query_cycle_6_109.graph,1,0.01,33,81954.0,73611.16714686247,0.10179897080237121,33,0,33,8_POSSA
query_cycle_6_109.graph,2,0.01,33,81954.0,71106.2411368251,0.13236399520676104,33,0,33,8_POSSA
query_cycle_6_109.graph,3,0.01,33,81954.0,100637.14591240502,0.22797112907734846,33,0,33,8_POSSA
query_cycle_6_109.graph,4,0.01,33,81954.0,148802.04239195207,0.8156776044116464,33,0,33,8_POSSA
query_cycle_6_109.graph,5,0.01,33,81954.0,77211.10180592108,0.05787268704491451,33,0,33,8_POSSA
query_cycle_6_109.graph,1,0.05,168,81954.0,85777.00683841394,0.04664820311899291,168,0,168,8_POSSA
query_cycle_6_109.graph,2,0.05,168,81954.0,86218.52860741314,0.052035637155149764,168,0,168,8_POSSA
query_cycle_6_109.graph,3,0.05,168,81954.0,84009.8934725745,0.02508594421961717,168,0,168,8_POSSA
query_cycle_6_109.graph,4,0.05,168,81954.0,85475.68412597607,0.0429714733384102,168,0,168,8_POSSA
query_cycle_6_109.graph,5,0.05,168,81954.0,82595.00546069283,0.007821527450677594,168,0,168,8_POSSA
query_cycle_6_109.graph,1,0.1,336,81954.0,81692.67597070796,0.0031886671705107523,336,0,336,8_POSSA
query_cycle_6_109.graph,2,0.1,336,81954.0,81793.00845152674,0.0019644135548388462,336,0,336,8_POSSA
query_cycle_6_109.graph,3,0.1,336,81954.0,82745.81955641098,0.009661756063291326,336,0,336,8_POSSA
query_cycle_6_109.graph,4,0.1,336,81954.0,82334.36424970656,0.0046411920065714835,336,0,336,8_POSSA
query_cycle_6_109.graph,5,0.1,336,81954.0,80785.70890443413,0.014255449344337964,336,0,336,8_POSSA
query_cycle_6_123.graph,1,0.01,18,380975.0,595548.2897527455,0.5632214443277,18,0,18,8_POSSA
query_cycle_6_123.graph,2,0.01,18,380975.0,442183.4469884293,0.1606626340007331,18,0,18,8_POSSA
query_cycle_6_123.graph,3,0.01,18,380975.0,338773.03046243737,0.1107735928540262,18,0,18,8_POSSA
query_cycle_6_123.graph,4,0.01,18,380975.0,353395.9356703379,0.07239074566483923,18,0,18,8_POSSA
query_cycle_6_123.graph,5,0.01,18,380975.0,1096202.23242769,1.8773600168716844,18,0,18,8_POSSA
query_cycle_6_123.graph,1,0.05,90,380975.0,371212.6064634249,0.025624761563291767,90,0,90,8_POSSA
query_cycle_6_123.graph,2,0.05,90,380975.0,348911.7129915261,0.08416113133007122,90,0,90,8_POSSA
query_cycle_6_123.graph,3,0.05,90,380975.0,342910.11580721085,0.09991438858924903,90,0,90,8_POSSA
query_cycle_6_123.graph,4,0.05,90,380975.0,354527.7628643761,0.06941987567589442,90,0,90,8_POSSA
query_cycle_6_123.graph,5,0.05,90,380975.0,358373.2764326248,0.059326001882998136,90,0,90,8_POSSA
query_cycle_6_123.graph,1,0.1,181,380975.0,357285.80949104694,0.06218043312278512,181,0,181,8_POSSA
query_cycle_6_123.graph,2,0.1,181,380975.0,360594.8878129517,0.05349461824804332,181,0,181,8_POSSA
query_cycle_6_123.graph,3,0.1,181,380975.0,403738.41046868364,0.059750404800009545,181,0,181,8_POSSA
query_cycle_6_123.graph,4,0.1,181,380975.0,361055.6972636882,0.052285065257068844,181,0,181,8_POSSA
query_cycle_6_123.graph,5,0.1,181,380975.0,367360.26305134466,0.035736562631813996,181,0,181,8_POSSA
query_cycle_6_113.graph,1,0.01,35,561906.0,416361.1109196319,0.2590199945904975,35,0,35,8_POSSA
query_cycle_6_113.graph,2,0.01,35,561906.0,692832.8201445707,0.23300484448390063,35,0,35,8_POSSA
query_cycle_6_113.graph,3,0.01,35,561906.0,623755.6777997517,0.11007121796128133,35,0,35,8_POSSA
query_cycle_6_113.graph,4,0.01,35,561906.0,488021.9783935681,0.13148822330858173,35,0,35,8_POSSA
query_cycle_6_113.graph,5,0.01,35,561906.0,617537.4074182735,0.09900482895408397,35,0,35,8_POSSA
query_cycle_6_113.graph,1,0.05,177,561906.0,541861.4113418249,0.035672494435323845,177,0,177,8_POSSA
query_cycle_6_113.graph,2,0.05,177,561906.0,541719.0699817011,0.03592581324687565,177,0,177,8_POSSA
query_cycle_6_113.graph,3,0.05,177,561906.0,679807.9296597212,0.2098250057122031,177,0,177,8_POSSA
query_cycle_6_113.graph,4,0.05,177,561906.0,565632.6203105835,0.006632106278600871,177,0,177,8_POSSA
query_cycle_6_113.graph,5,0.05,177,561906.0,544417.9081679456,0.031122806718658334,177,0,177,8_POSSA
query_cycle_6_113.graph,1,0.1,355,561906.0,586920.5103155669,0.04451725077782922,355,0,355,8_POSSA
query_cycle_6_113.graph,2,0.1,355,561906.0,603333.152210423,0.07372612538471386,355,0,355,8_POSSA
query_cycle_6_113.graph,3,0.1,355,561906.0,556501.1426646733,0.009618792707902616,355,0,355,8_POSSA
query_cycle_6_113.graph,4,0.1,355,561906.0,552114.3038074633,0.017425861607700818,355,0,355,8_POSSA
query_cycle_6_113.graph,5,0.1,355,561906.0,554164.7626910987,0.013776747906057719,355,0,355,8_POSSA
query_cycle_6_112.graph,1,0.01,38,3999965.0,4664746.116782587,0.16619673341706415,38,0,38,8_POSSA
query_cycle_6_112.graph,2,0.01,38,3999965.0,2080098.2846193516,0.47997087859034976,38,0,38,8_POSSA
query_cycle_6_112.graph,3,0.01,38,3999965.0,4740757.339675357,0.18519970541626155,38,0,38,8_POSSA
query_cycle_6_112.graph,4,0.01,38,3999965.0,4679716.37475118,0.16993933065693836,38,0,38,8_POSSA
query_cycle_6_112.graph,5,0.01,38,3999965.0,1324059.3553268712,0.6689822647630989,38,0,38,8_POSSA
query_cycle_6_112.graph,1,0.05,192,3999965.0,3704765.7296439297,0.07380046334307182,192,0,192,8_POSSA
query_cycle_6_112.graph,2,0.05,192,3999965.0,3436565.921270267,0.14085100212870186,192,0,192,8_POSSA
query_cycle_6_112.graph,3,0.05,192,3999965.0,4005920.101371493,0.001488788369771533,192,0,192,8_POSSA
query_cycle_6_112.graph,4,0.05,192,3999965.0,3969604.883642165,0.007590095502794402,192,0,192,8_POSSA
query_cycle_6_112.graph,5,0.05,192,3999965.0,3368861.6690520644,0.15777721328760017,192,0,192,8_POSSA
query_cycle_6_112.graph,1,0.1,384,3999965.0,3760503.1104391613,0.059865996217676576,384,0,384,8_POSSA
query_cycle_6_112.graph,2,0.1,384,3999965.0,3686032.041835807,0.07848392627540321,384,0,384,8_POSSA
query_cycle_6_112.graph,3,0.1,384,3999965.0,3690790.2686489406,0.07729435916340753,384,0,384,8_POSSA
query_cycle_6_112.graph,4,0.1,384,3999965.0,3750328.3072349364,0.06240971927630957,384,0,384,8_POSSA
query_cycle_6_112.graph,5,0.1,384,3999965.0,3625680.6922157295,0.093571895700155,384,0,384,8_POSSA
query_cycle_6_122.graph,1,0.01,27,1643774.0,2079130.1515893247,0.2648515864038029,27,0,27,8_POSSA
query_cycle_6_122.graph,2,0.01,27,1643774.0,2056011.7742248205,0.250787379667047,27,0,27,8_POSSA
query_cycle_6_122.graph,3,0.01,27,1643774.0,1739469.580085755,0.05821699338580309,27,0,27,8_POSSA
query_cycle_6_122.graph,4,0.01,27,1643774.0,1242863.8446353304,0.24389615322098393,27,0,27,8_POSSA
query_cycle_6_122.graph,5,0.01,27,1643774.0,1032225.8104093566,0.3720390939330123,27,0,27,8_POSSA
query_cycle_6_122.graph,1,0.05,139,1643774.0,1405569.6234392477,0.1449130942336065,139,0,139,8_POSSA
query_cycle_6_122.graph,2,0.05,139,1643774.0,1711937.8248913037,0.041467881163288665,139,0,139,8_POSSA
query_cycle_6_122.graph,3,0.05,139,1643774.0,1465513.4719918282,0.10844588611826919,139,0,139,8_POSSA
query_cycle_6_122.graph,4,0.05,139,1643774.0,1612656.4511339408,0.018930551807036226,139,0,139,8_POSSA
query_cycle_6_122.graph,5,0.05,139,1643774.0,1798327.1450996473,0.09402335424434706,139,0,139,8_POSSA
query_cycle_6_122.graph,1,0.1,278,1643774.0,1631936.138238573,0.007201635846185071,278,0,278,8_POSSA
query_cycle_6_122.graph,2,0.1,278,1643774.0,1593651.183407824,0.030492523054979563,278,0,278,8_POSSA
query_cycle_6_122.graph,3,0.1,278,1643774.0,1620284.638063558,0.01428989747765939,278,0,278,8_POSSA
query_cycle_6_122.graph,4,0.1,278,1643774.0,1610257.6583184004,0.020389872136680358,278,0,278,8_POSSA
query_cycle_6_122.graph,5,0.1,278,1643774.0,1638375.7219981425,0.0032840755492284557,278,0,278,8_POSSA
query_cycle_4_11.graph,1,0.01,92,11634.0,10474.155885320437,0.09969435402093545,92,0,92,8_POSSA
query_cycle_4_11.graph,2,0.01,92,11634.0,10444.640474911439,0.10223134993025279,92,0,92,8_POSSA
query_cycle_4_11.graph,3,0.01,92,11634.0,10980.034128362568,0.05621161007713877,92,0,92,8_POSSA
query_cycle_4_11.graph,4,0.01,92,11634.0,11888.370681515451,0.021864421653382413,92,0,92,8_POSSA
query_cycle_4_11.graph,5,0.01,92,11634.0,12499.211211850634,0.0743691947610997,92,0,92,8_POSSA
query_cycle_4_11.graph,1,0.05,463,11634.0,13893.839685899356,0.1942444289065976,463,0,463,8_POSSA
query_cycle_4_11.graph,2,0.05,463,11634.0,11556.754759967162,0.006639611486405227,463,0,463,8_POSSA
query_cycle_4_11.graph,3,0.05,463,11634.0,11085.280620671194,0.04716515208258605,463,0,463,8_POSSA
query_cycle_4_11.graph,4,0.05,463,11634.0,10712.72144896914,0.07918846063528111,463,0,463,8_POSSA
query_cycle_4_11.graph,5,0.05,463,11634.0,11598.293434012085,0.0030691564369877415,463,0,463,8_POSSA
query_cycle_4_11.graph,1,0.1,927,11634.0,11593.903058364464,0.00344653099841297,927,0,927,8_POSSA
query_cycle_4_11.graph,2,0.1,927,11634.0,11272.519767981094,0.0310710187398063,927,0,927,8_POSSA
query_cycle_4_11.graph,3,0.1,927,11634.0,11685.753222106,0.004448446115351484,927,0,927,8_POSSA
query_cycle_4_11.graph,4,0.1,927,11634.0,11634.39384142431,3.385262371577768e-05,927,0,927,8_POSSA
query_cycle_4_11.graph,5,0.1,927,11634.0,11958.499599025732,0.027892349924852337,927,0,927,8_POSSA
query_cycle_4_2.graph,1,0.01,96,296183.0,276455.98320095177,0.06660414945843694,96,0,96,8_POSSA
query_cycle_4_2.graph,2,0.01,96,296183.0,264509.07642928883,0.10694038338024521,96,0,96,8_POSSA
query_cycle_4_2.graph,3,0.01,96,296183.0,315465.4485831598,0.06510315778812366,96,0,96,8_POSSA
query_cycle_4_2.graph,4,0.01,96,296183.0,255718.14448597044,0.13662112786361663,96,0,96,8_POSSA
query_cycle_4_2.graph,5,0.01,96,296183.0,277283.4154807194,0.06381049729147381,96,0,96,8_POSSA
query_cycle_4_2.graph,1,0.05,482,296183.0,279525.660869877,0.05624002434347336,482,0,482,8_POSSA
query_cycle_4_2.graph,2,0.05,482,296183.0,320419.0128226422,0.08182783219375259,482,0,482,8_POSSA
query_cycle_4_2.graph,3,0.05,482,296183.0,297016.78955513274,0.002815116178621792,482,0,482,8_POSSA
query_cycle_4_2.graph,4,0.05,482,296183.0,276895.1475848354,0.06512140269753694,482,0,482,8_POSSA
query_cycle_4_2.graph,5,0.05,482,296183.0,288441.3182433926,0.02613817051149922,482,0,482,8_POSSA
query_cycle_4_2.graph,1,0.1,965,296183.0,290236.11761187273,0.020078405540247986,965,0,965,8_POSSA
query_cycle_4_2.graph,2,0.1,965,296183.0,279408.70949497697,0.05663488621907075,965,0,965,8_POSSA
query_cycle_4_2.graph,3,0.1,965,296183.0,297347.82959044713,0.003932803673563745,965,0,965,8_POSSA
query_cycle_4_2.graph,4,0.1,965,296183.0,286448.45243768254,0.0328666654140091,965,0,965,8_POSSA
query_cycle_4_2.graph,5,0.1,965,296183.0,296708.0451051985,0.001772705068145419,965,0,965,8_POSSA
query_cycle_4_5.graph,1,0.01,96,296183.0,242507.81261915335,0.18122305257508584,96,0,96,8_POSSA
query_cycle_4_5.graph,2,0.01,96,296183.0,480993.6136948621,0.6239744134364974,96,0,96,8_POSSA
query_cycle_4_5.graph,3,0.01,96,296183.0,283338.36548591603,0.04336722402732084,96,0,96,8_POSSA
query_cycle_4_5.graph,4,0.01,96,296183.0,291895.7396312775,0.014475038637337359,96,0,96,8_POSSA
query_cycle_4_5.graph,5,0.01,96,296183.0,321065.1129280198,0.08400925417063025,96,0,96,8_POSSA
query_cycle_4_5.graph,1,0.05,481,296183.0,297001.9782143794,0.0027651087820009927,481,0,481,8_POSSA
query_cycle_4_5.graph,2,0.05,481,296183.0,298304.14240686386,0.007161594037685684,481,0,481,8_POSSA
query_cycle_4_5.graph,3,0.05,481,296183.0,286673.8866780404,0.03210553381510628,481,0,481,8_POSSA
query_cycle_4_5.graph,4,0.05,481,296183.0,331769.21258329484,0.12014940959911553,481,0,481,8_POSSA
query_cycle_4_5.graph,5,0.05,481,296183.0,290713.49589205446,0.01846663754484741,481,0,481,8_POSSA
query_cycle_4_5.graph,1,0.1,962,296183.0,299566.12592618953,0.011422417647837763,962,0,962,8_POSSA
query_cycle_4_5.graph,2,0.1,962,296183.0,285554.8974174657,0.03588356719505951,962,0,962,8_POSSA
query_cycle_4_5.graph,3,0.1,962,296183.0,285204.4917813758,0.037066638593789045,962,0,962,8_POSSA
query_cycle_4_5.graph,4,0.1,962,296183.0,285290.67126009194,0.036775671594615686,962,0,962,8_POSSA
query_cycle_4_5.graph,5,0.1,962,296183.0,288672.5432076794,0.025357487743457897,962,0,962,8_POSSA
query_cycle_6_126.graph,1,0.01,18,380975.0,355463.29368972,0.0669642530619595,18,0,18,8_POSSA
query_cycle_6_126.graph,2,0.01,18,380975.0,1167581.7503261282,2.064720126848555,18,0,18,8_POSSA
query_cycle_6_126.graph,3,0.01,18,380975.0,194707.6692738485,0.48892271337004134,18,0,18,8_POSSA
query_cycle_6_126.graph,4,0.01,18,380975.0,427274.960412733,0.12153018022897309,18,0,18,8_POSSA
query_cycle_6_126.graph,5,0.01,18,380975.0,253736.669733343,0.33398078684075594,18,0,18,8_POSSA
query_cycle_6_126.graph,1,0.05,90,380975.0,507904.3424663726,0.3331697420207956,90,0,90,8_POSSA
query_cycle_6_126.graph,2,0.05,90,380975.0,372516.0742835281,0.022203361681138963,90,0,90,8_POSSA
query_cycle_6_126.graph,3,0.05,90,380975.0,374770.04721473565,0.016287034018674065,90,0,90,8_POSSA
query_cycle_6_126.graph,4,0.05,90,380975.0,355718.9450237848,0.06629320815333074,90,0,90,8_POSSA
query_cycle_6_126.graph,5,0.05,90,380975.0,324096.7531440104,0.1492965335152953,90,0,90,8_POSSA
query_cycle_6_126.graph,1,0.1,181,380975.0,375198.43950675114,0.015162571017124126,181,0,181,8_POSSA
query_cycle_6_126.graph,2,0.1,181,380975.0,426316.1705326473,0.11901350622126725,181,0,181,8_POSSA
query_cycle_6_126.graph,3,0.1,181,380975.0,464301.3820862566,0.21871876654965963,181,0,181,8_POSSA
query_cycle_6_126.graph,4,0.1,181,380975.0,363453.7800437452,0.04599047170091166,181,0,181,8_POSSA
query_cycle_6_126.graph,5,0.1,181,380975.0,353753.2688790951,0.0714528016822755,181,0,181,8_POSSA
query_cycle_6_120.graph,1,0.01,43,236262.0,245316.40677270477,0.038323584718256705,43,0,43,8_POSSA
query_cycle_6_120.graph,2,0.01,43,236262.0,230618.7815398411,0.02388542575682467,43,0,43,8_POSSA
query_cycle_6_120.graph,3,0.01,43,236262.0,219138.0324660989,0.0724787208010645,43,0,43,8_POSSA
query_cycle_6_120.graph,4,0.01,43,236262.0,228975.3393144959,0.0308414416431931,43,0,43,8_POSSA
query_cycle_6_120.graph,5,0.01,43,236262.0,160691.36354817392,0.31985946301913165,43,0,43,8_POSSA
query_cycle_6_120.graph,1,0.05,215,236262.0,236876.4405066431,0.002600674279584071,215,0,215,8_POSSA
query_cycle_6_120.graph,2,0.05,215,236262.0,236351.84643692625,0.0003802830625587316,215,0,215,8_POSSA
query_cycle_6_120.graph,3,0.05,215,236262.0,246191.1171146785,0.0420258743034364,215,0,215,8_POSSA
query_cycle_6_120.graph,4,0.05,215,236262.0,239899.14760306367,0.015394551824092191,215,0,215,8_POSSA
query_cycle_6_120.graph,5,0.05,215,236262.0,235256.06184507,0.004257723014830937,215,0,215,8_POSSA
query_cycle_6_120.graph,1,0.1,431,236262.0,244690.4623525787,0.035674219098199046,431,0,431,8_POSSA
query_cycle_6_120.graph,2,0.1,431,236262.0,235177.30201087796,0.004591081041902802,431,0,431,8_POSSA
query_cycle_6_120.graph,3,0.1,431,236262.0,239276.87636781472,0.012760733286837167,431,0,431,8_POSSA
query_cycle_6_120.graph,4,0.1,431,236262.0,232435.77178903527,0.01619485237137049,431,0,431,8_POSSA
query_cycle_6_120.graph,5,0.1,431,236262.0,238543.00004927817,0.009654536274467199,431,0,431,8_POSSA
query_cycle_6_121.graph,1,0.01,42,71286.0,71498.91417158116,0.002986759975046384,42,0,42,8_POSSA
query_cycle_6_121.graph,2,0.01,42,71286.0,62600.53041449415,0.12183976637075797,42,0,42,8_POSSA
query_cycle_6_121.graph,3,0.01,42,71286.0,81777.516738306,0.14717499562755665,42,0,42,8_POSSA
query_cycle_6_121.graph,4,0.01,42,71286.0,89309.85958204581,0.2528387001942291,42,0,42,8_POSSA
query_cycle_6_121.graph,5,0.01,42,71286.0,70007.9212060427,0.01792888917820197,42,0,42,8_POSSA
query_cycle_6_121.graph,1,0.05,210,71286.0,69016.6837292878,0.03183396839087893,210,0,210,8_POSSA
query_cycle_6_121.graph,2,0.05,210,71286.0,83485.73108156628,0.17113782624310914,210,0,210,8_POSSA
query_cycle_6_121.graph,3,0.05,210,71286.0,70382.22553803114,0.012678148051073986,210,0,210,8_POSSA
query_cycle_6_121.graph,4,0.05,210,71286.0,71956.13069356006,0.009400593294055758,210,0,210,8_POSSA
query_cycle_6_121.graph,5,0.05,210,71286.0,84995.09478088489,0.19231118004776376,210,0,210,8_POSSA
query_cycle_6_121.graph,1,0.1,420,71286.0,69354.24681690987,0.027098633435599248,420,0,420,8_POSSA
query_cycle_6_121.graph,2,0.1,420,71286.0,69280.09357878848,0.02813885505164435,420,0,420,8_POSSA
query_cycle_6_121.graph,3,0.1,420,71286.0,68272.86305696257,0.042268284698782826,420,0,420,8_POSSA
query_cycle_6_121.graph,4,0.1,420,71286.0,69987.03267347958,0.01822191351065312,420,0,420,8_POSSA
query_cycle_6_121.graph,5,0.1,420,71286.0,74137.08691771141,0.039995046961695244,420,0,420,8_POSSA
query_cycle_6_127.graph,1,0.01,21,483.0,690.5906102239824,0.4297942240662161,21,0,21,8_POSSA
query_cycle_6_127.graph,2,0.01,21,483.0,385.6616020745564,0.20152877417276105,21,0,21,8_POSSA
query_cycle_6_127.graph,3,0.01,21,483.0,135.04523546185294,0.7204032392094142,21,0,21,8_POSSA
query_cycle_6_127.graph,4,0.01,21,483.0,369.78235961131395,0.2344050525645674,21,0,21,8_POSSA
query_cycle_6_127.graph,5,0.01,21,483.0,669.7182824565642,0.3865802949411268,21,0,21,8_POSSA
query_cycle_6_127.graph,1,0.05,105,483.0,416.9301436589922,0.13679059283852543,105,0,105,8_POSSA
query_cycle_6_127.graph,2,0.05,105,483.0,382.7389068548745,0.20757990299197832,105,0,105,8_POSSA
query_cycle_6_127.graph,3,0.05,105,483.0,497.8180253597329,0.030679141531538154,105,0,105,8_POSSA
query_cycle_6_127.graph,4,0.05,105,483.0,390.41310238325593,0.1916912994135488,105,0,105,8_POSSA
query_cycle_6_127.graph,5,0.05,105,483.0,363.12670602929876,0.2481848736453442,105,0,105,8_POSSA
query_cycle_6_127.graph,1,0.1,211,483.0,423.02835906214244,0.12416488807009847,211,0,211,8_POSSA
query_cycle_6_127.graph,2,0.1,211,483.0,448.5898011174022,0.07124264779005755,211,0,211,8_POSSA
query_cycle_6_127.graph,3,0.1,211,483.0,550.4037488424315,0.13955227503609,211,0,211,8_POSSA
query_cycle_6_127.graph,4,0.1,211,483.0,593.5502580930307,0.22888252193174063,211,0,211,8_POSSA
query_cycle_6_127.graph,5,0.1,211,483.0,488.8532032699613,0.012118433271141375,211,0,211,8_POSSA
query_cycle_6_130.graph,1,0.01,24,31196.0,38664.558967436424,0.23940758326184203,24,0,24,8_POSSA
query_cycle_6_130.graph,2,0.01,24,31196.0,19236.280707024413,0.38337348676034066,24,0,24,8_POSSA
query_cycle_6_130.graph,3,0.01,24,31196.0,51327.64808833844,0.6453278653782037,24,0,24,8_POSSA
query_cycle_6_130.graph,4,0.01,24,31196.0,34588.6453709205,0.10875257632133932,24,0,24,8_POSSA
query_cycle_6_130.graph,5,0.01,24,31196.0,40514.2904739175,0.29870145127316,24,0,24,8_POSSA
query_cycle_6_130.graph,1,0.05,123,31196.0,30257.313358342082,0.030089967997753486,123,0,123,8_POSSA
query_cycle_6_130.graph,2,0.05,123,31196.0,31613.873448995895,0.013395097095649929,123,0,123,8_POSSA
query_cycle_6_130.graph,3,0.05,123,31196.0,28918.723216704635,0.07299899933630481,123,0,123,8_POSSA
query_cycle_6_130.graph,4,0.05,123,31196.0,31964.129210628016,0.024622682735864092,123,0,123,8_POSSA
query_cycle_6_130.graph,5,0.05,123,31196.0,30249.66779383554,0.030335049562907463,123,0,123,8_POSSA
query_cycle_6_130.graph,1,0.1,247,31196.0,32253.584616261716,0.033901289148022706,247,0,247,8_POSSA
query_cycle_6_130.graph,2,0.1,247,31196.0,31457.310054559595,0.008376396158468883,247,0,247,8_POSSA
query_cycle_6_130.graph,3,0.1,247,31196.0,30791.62970465156,0.012962248216067411,247,0,247,8_POSSA
query_cycle_6_130.graph,4,0.1,247,31196.0,30718.68732196664,0.015300444865795572,247,0,247,8_POSSA
query_cycle_6_130.graph,5,0.1,247,31196.0,30405.436362853514,0.02534182706585736,247,0,247,8_POSSA
query_cycle_6_119.graph,1,0.01,56,702727.0,701389.8678306793,0.0019027761411198286,56,0,56,8_POSSA
query_cycle_6_119.graph,2,0.01,56,702727.0,693598.5411608382,0.01299004996131042,56,0,56,8_POSSA
query_cycle_6_119.graph,3,0.01,56,702727.0,758415.9566298561,0.07924692893521401,56,0,56,8_POSSA
query_cycle_6_119.graph,4,0.01,56,702727.0,572827.5900114437,0.1848504611158477,56,0,56,8_POSSA
query_cycle_6_119.graph,5,0.01,56,702727.0,908015.5605072763,0.2921313120276812,56,0,56,8_POSSA
query_cycle_6_119.graph,1,0.05,281,702727.0,696389.4006926666,0.009018579487245193,281,0,281,8_POSSA
query_cycle_6_119.graph,2,0.05,281,702727.0,673353.7341670141,0.041798971482504395,281,0,281,8_POSSA
query_cycle_6_119.graph,3,0.05,281,702727.0,679859.530998838,0.0325410422556156,281,0,281,8_POSSA
query_cycle_6_119.graph,4,0.05,281,702727.0,693712.8255844179,0.012827420058688642,281,0,281,8_POSSA
query_cycle_6_119.graph,5,0.05,281,702727.0,667190.2431006869,0.05056979011666418,281,0,281,8_POSSA
query_cycle_6_119.graph,1,0.1,562,702727.0,679715.9521184782,0.032745358982253066,562,0,562,8_POSSA
query_cycle_6_119.graph,2,0.1,562,702727.0,725999.3539291752,0.03311720473124724,562,0,562,8_POSSA
query_cycle_6_119.graph,3,0.1,562,702727.0,671816.9242773183,0.0439858945546161,562,0,562,8_POSSA
query_cycle_6_119.graph,4,0.1,562,702727.0,685230.1987062029,0.0248984332376543,562,0,562,8_POSSA
query_cycle_6_119.graph,5,0.1,562,702727.0,681016.7605598876,0.030894272512814187,562,0,562,8_POSSA
query_cycle_6_125.graph,1,0.01,38,3999965.0,5035878.597742283,0.258980665516394,38,0,38,8_POSSA
query_cycle_6_125.graph,2,0.01,38,3999965.0,6830925.002198897,0.707746193328916,38,0,38,8_POSSA
query_cycle_6_125.graph,3,0.01,38,3999965.0,3360175.6118784794,0.15994874658191274,38,0,38,8_POSSA
query_cycle_6_125.graph,4,0.01,38,3999965.0,1893619.0028919652,0.5265911069491945,38,0,38,8_POSSA
query_cycle_6_125.graph,5,0.01,38,3999965.0,3837152.2596574184,0.04070354124163127,38,0,38,8_POSSA
query_cycle_6_125.graph,1,0.05,191,3999965.0,4025830.1910019154,0.00646635433107924,191,0,191,8_POSSA
query_cycle_6_125.graph,2,0.05,191,3999965.0,3608500.2632975243,0.0978670405122234,191,0,191,8_POSSA
query_cycle_6_125.graph,3,0.05,191,3999965.0,4199418.6349270865,0.04986384504041574,191,0,191,8_POSSA
query_cycle_6_125.graph,4,0.05,191,3999965.0,4081759.953040963,0.020448917188266157,191,0,191,8_POSSA
query_cycle_6_125.graph,5,0.05,191,3999965.0,3892585.6293841945,0.026845077548379923,191,0,191,8_POSSA
query_cycle_6_125.graph,1,0.1,382,3999965.0,3918790.3413105626,0.02029384224347899,382,0,382,8_POSSA
query_cycle_6_125.graph,2,0.1,382,3999965.0,3841930.447257137,0.0395089838893248,382,0,382,8_POSSA
query_cycle_6_125.graph,3,0.1,382,3999965.0,3893806.91509903,0.026539753448085197,382,0,382,8_POSSA
query_cycle_6_125.graph,4,0.1,382,3999965.0,3843419.0807814347,0.03913682225183604,382,0,382,8_POSSA
query_cycle_6_125.graph,5,0.1,382,3999965.0,4110350.8013947313,0.02759669181973624,382,0,382,8_POSSA
query_cycle_6_124.graph,1,0.01,40,1657561.0,1653231.4728177611,0.0026119866371366574,40,0,40,8_POSSA
query_cycle_6_124.graph,2,0.01,40,1657561.0,1462878.996056222,0.11745088352330811,40,0,40,8_POSSA
query_cycle_6_124.graph,3,0.01,40,1657561.0,2059062.5206821903,0.2422242805436363,40,0,40,8_POSSA
query_cycle_6_124.graph,4,0.01,40,1657561.0,2373288.506261887,0.4317955757054413,40,0,40,8_POSSA
query_cycle_6_124.graph,5,0.01,40,1657561.0,1805202.4483175664,0.08907150223585522,40,0,40,8_POSSA
query_cycle_6_124.graph,1,0.05,204,1657561.0,1797982.9693531815,0.08471601911071842,204,0,204,8_POSSA
query_cycle_6_124.graph,2,0.05,204,1657561.0,1575040.9444706987,0.04978402335075529,204,0,204,8_POSSA
query_cycle_6_124.graph,3,0.05,204,1657561.0,1569837.6600247782,0.0529231442916561,204,0,204,8_POSSA
query_cycle_6_124.graph,4,0.05,204,1657561.0,1493753.502319854,0.09882441592203606,204,0,204,8_POSSA
query_cycle_6_124.graph,5,0.05,204,1657561.0,1586596.9643019803,0.04281232226024844,204,0,204,8_POSSA
query_cycle_6_124.graph,1,0.1,408,1657561.0,1686403.6036415403,0.017400628780201922,408,0,408,8_POSSA
query_cycle_6_124.graph,2,0.1,408,1657561.0,1609963.0369390994,0.02871566298971837,408,0,408,8_POSSA
query_cycle_6_124.graph,3,0.1,408,1657561.0,1703217.0744701698,0.027544129277999325,408,0,408,8_POSSA
query_cycle_6_124.graph,4,0.1,408,1657561.0,1588930.7377040456,0.041404365990726374,408,0,408,8_POSSA
query_cycle_6_124.graph,5,0.1,408,1657561.0,1597613.370777769,0.036166167774357015,408,0,408,8_POSSA
query_cycle_6_129.graph,1,0.01,29,1509704.0,493517.50708503317,0.6731031334055992,29,0,29,8_POSSA
query_cycle_6_129.graph,2,0.01,29,1509704.0,1878699.614367771,0.24441586851977007,29,0,29,8_POSSA
query_cycle_6_129.graph,3,0.01,29,1509704.0,1277630.241504571,0.15372136425115723,29,0,29,8_POSSA
query_cycle_6_129.graph,4,0.01,29,1509704.0,965820.0120520421,0.3602586917355706,29,0,29,8_POSSA
query_cycle_6_129.graph,5,0.01,29,1509704.0,1525190.6901174095,0.010258097029225234,29,0,29,8_POSSA
query_cycle_6_129.graph,1,0.05,147,1509704.0,1571597.5111352608,0.04099711674292498,147,0,147,8_POSSA
query_cycle_6_129.graph,2,0.05,147,1509704.0,1483857.9204404168,0.017119964946494953,147,0,147,8_POSSA
query_cycle_6_129.graph,3,0.05,147,1509704.0,1588253.1410500812,0.05202949786851014,147,0,147,8_POSSA
query_cycle_6_129.graph,4,0.05,147,1509704.0,1468786.8343759207,0.02710277353976627,147,0,147,8_POSSA
query_cycle_6_129.graph,5,0.05,147,1509704.0,1296094.107171746,0.1414912412156648,147,0,147,8_POSSA
query_cycle_6_129.graph,1,0.1,295,1509704.0,1598103.5123760798,0.058554201602486186,295,0,295,8_POSSA
query_cycle_6_129.graph,2,0.1,295,1509704.0,1517030.1220107242,0.004852687686277677,295,0,295,8_POSSA
query_cycle_6_129.graph,3,0.1,295,1509704.0,1497579.1829563915,0.008031254499960602,295,0,295,8_POSSA
query_cycle_6_129.graph,4,0.1,295,1509704.0,1515767.7108756579,0.004016489905079309,295,0,295,8_POSSA
query_cycle_6_129.graph,5,0.1,295,1509704.0,1503453.804898116,0.00414001360656391,295,0,295,8_POSSA
query_cycle_6_128.graph,1,0.01,37,3999965.0,4572735.155161357,0.14319379173601682,37,0,37,8_POSSA
query_cycle_6_128.graph,2,0.01,37,3999965.0,4239530.730986192,0.05989195680116998,37,0,37,8_POSSA
query_cycle_6_128.graph,3,0.01,37,3999965.0,4423205.6913202945,0.10581109867718705,37,0,37,8_POSSA
query_cycle_6_128.graph,4,0.01,37,3999965.0,3672199.659715388,0.08194205206410857,37,0,37,8_POSSA
query_cycle_6_128.graph,5,0.01,37,3999965.0,1682666.9677272197,0.5793295772019956,37,0,37,8_POSSA
query_cycle_6_128.graph,1,0.05,189,3999965.0,4170728.5748094725,0.04269126725095658,189,0,189,8_POSSA
query_cycle_6_128.graph,2,0.05,189,3999965.0,4329638.240394295,0.08241903126509736,189,0,189,8_POSSA
query_cycle_6_128.graph,3,0.05,189,3999965.0,4187063.2193201953,0.046774964110984786,189,0,189,8_POSSA
query_cycle_6_128.graph,4,0.05,189,3999965.0,4851033.841212008,0.21276907203238232,189,0,189,8_POSSA
query_cycle_6_128.graph,5,0.05,189,3999965.0,4269859.467106011,0.06747420717581548,189,0,189,8_POSSA
query_cycle_6_128.graph,1,0.1,379,3999965.0,4060477.6186241633,0.015128287028552331,379,0,379,8_POSSA
query_cycle_6_128.graph,2,0.1,379,3999965.0,4195014.240067927,0.04876273669092784,379,0,379,8_POSSA
query_cycle_6_128.graph,3,0.1,379,3999965.0,4419523.179250421,0.10489046260415304,379,0,379,8_POSSA
query_cycle_6_128.graph,4,0.1,379,3999965.0,4337372.2711098995,0.08435255586233867,379,0,379,8_POSSA
query_cycle_6_128.graph,5,0.1,379,3999965.0,4324654.065491505,0.08117297663642181,379,0,379,8_POSSA
query_cycle_6_132.graph,1,0.01,30,48378.0,36500.5058704407,0.24551436871221013,30,0,30,8_POSSA
query_cycle_6_132.graph,2,0.01,30,48378.0,61598.289283265,0.2732706867432511,30,0,30,8_POSSA
query_cycle_6_132.graph,3,0.01,30,48378.0,32325.666257981302,0.3318106110632663,30,0,30,8_POSSA
query_cycle_6_132.graph,4,0.01,30,48378.0,23160.064608091347,0.5212686632748078,30,0,30,8_POSSA
query_cycle_6_132.graph,5,0.01,30,48378.0,30371.87752367609,0.37219650412013544,30,0,30,8_POSSA
query_cycle_6_132.graph,1,0.05,150,48378.0,49275.0815481787,0.018543171445258164,150,0,150,8_POSSA
query_cycle_6_132.graph,2,0.05,150,48378.0,47616.69053834341,0.01573668737146196,150,0,150,8_POSSA
query_cycle_6_132.graph,3,0.05,150,48378.0,49520.30914954819,0.023612161510359938,150,0,150,8_POSSA
query_cycle_6_132.graph,4,0.05,150,48378.0,47118.56776538436,0.02603316041621482,150,0,150,8_POSSA
query_cycle_6_132.graph,5,0.05,150,48378.0,49557.43648638913,0.02437960408427656,150,0,150,8_POSSA
query_cycle_6_132.graph,1,0.1,300,48378.0,48696.2090859659,0.006577557690807809,300,0,300,8_POSSA
query_cycle_6_132.graph,2,0.1,300,48378.0,47577.44698062873,0.016547873400538867,300,0,300,8_POSSA
query_cycle_6_132.graph,3,0.1,300,48378.0,46646.015031968556,0.0358010866102659,300,0,300,8_POSSA
query_cycle_6_132.graph,4,0.1,300,48378.0,47696.02718515412,0.014096755030093878,300,0,300,8_POSSA
query_cycle_6_132.graph,5,0.1,300,48378.0,46110.02871302134,0.04688022007893381,300,0,300,8_POSSA
query_cycle_6_133.graph,1,0.01,28,1643774.0,2432335.5818281174,0.47972627735206747,28,0,28,8_POSSA
query_cycle_6_133.graph,2,0.01,28,1643774.0,1252419.7728703094,0.2380827456388108,28,0,28,8_POSSA
query_cycle_6_133.graph,3,0.01,28,1643774.0,768279.9502684335,0.5326121776664958,28,0,28,8_POSSA
query_cycle_6_133.graph,4,0.01,28,1643774.0,892368.4834538494,0.4571221570277608,28,0,28,8_POSSA
query_cycle_6_133.graph,5,0.01,28,1643774.0,1854525.2378472027,0.1282118088296826,28,0,28,8_POSSA
query_cycle_6_133.graph,1,0.05,141,1643774.0,1675021.4617572504,0.019009585111609238,141,0,141,8_POSSA
query_cycle_6_133.graph,2,0.05,141,1643774.0,1547874.76301563,0.058340889309826074,141,0,141,8_POSSA
query_cycle_6_133.graph,3,0.05,141,1643774.0,1916274.2184630479,0.1657771801129887,141,0,141,8_POSSA
query_cycle_6_133.graph,4,0.05,141,1643774.0,1652971.6007263074,0.00559541684337833,141,0,141,8_POSSA
query_cycle_6_133.graph,5,0.05,141,1643774.0,1575185.7271295455,0.04172609669605096,141,0,141,8_POSSA
query_cycle_6_133.graph,1,0.1,282,1643774.0,1751458.8722621452,0.06551075285419113,282,0,282,8_POSSA
query_cycle_6_133.graph,2,0.1,282,1643774.0,1664262.8436923153,0.012464513791017059,282,0,282,8_POSSA
query_cycle_6_133.graph,3,0.1,282,1643774.0,1654260.2871312178,0.006379397125893082,282,0,282,8_POSSA
query_cycle_6_133.graph,4,0.1,282,1643774.0,1773193.9057785887,0.07873339387202177,282,0,282,8_POSSA
query_cycle_6_133.graph,5,0.1,282,1643774.0,1620074.7135137958,0.014417606365719525,282,0,282,8_POSSA
query_cycle_6_143.graph,1,0.01,17,373882.0,371202.2039592286,0.007167491456586336,17,0,17,8_POSSA
query_cycle_6_143.graph,2,0.01,17,373882.0,366847.23987135413,0.018815455487682924,17,0,17,8_POSSA
query_cycle_6_143.graph,3,0.01,17,373882.0,202306.5881340071,0.45890257318082417,17,0,17,8_POSSA
query_cycle_6_143.graph,4,0.01,17,373882.0,442534.9576978833,0.18362199222718212,17,0,17,8_POSSA
query_cycle_6_143.graph,5,0.01,17,373882.0,303918.6653408924,0.1871267797302561,17,0,17,8_POSSA
query_cycle_6_143.graph,1,0.05,85,373882.0,399199.3576385354,0.06771483419510803,85,0,85,8_POSSA
query_cycle_6_143.graph,2,0.05,85,373882.0,397494.1162558109,0.06315392625430187,85,0,85,8_POSSA
query_cycle_6_143.graph,3,0.05,85,373882.0,346614.08857050346,0.07293186467788378,85,0,85,8_POSSA
query_cycle_6_143.graph,4,0.05,85,373882.0,389055.1807434967,0.04058280618884218,85,0,85,8_POSSA
query_cycle_6_143.graph,5,0.05,85,373882.0,384194.45454386895,0.027582110248337587,85,0,85,8_POSSA
query_cycle_6_143.graph,1,0.1,171,373882.0,376103.37149162474,0.005941370516967227,171,0,171,8_POSSA
query_cycle_6_143.graph,2,0.1,171,373882.0,375216.40383991494,0.00356905076980155,171,0,171,8_POSSA
query_cycle_6_143.graph,3,0.1,171,373882.0,403496.73868844134,0.07920878429141104,171,0,171,8_POSSA
query_cycle_6_143.graph,4,0.1,171,373882.0,395524.4840805008,0.05788586794898065,171,0,171,8_POSSA
query_cycle_6_143.graph,5,0.1,171,373882.0,392522.68032607273,0.049857121567961904,171,0,171,8_POSSA
query_cycle_6_138.graph,1,0.01,33,81954.0,57142.64182078066,0.30274737266294927,33,0,33,8_POSSA
query_cycle_6_138.graph,2,0.01,33,81954.0,66099.89654099506,0.19345124654080262,33,0,33,8_POSSA
query_cycle_6_138.graph,3,0.01,33,81954.0,122091.64672252306,0.48975823904291504,33,0,33,8_POSSA
query_cycle_6_138.graph,4,0.01,33,81954.0,139148.2870175649,0.6978828003217037,33,0,33,8_POSSA
query_cycle_6_138.graph,5,0.01,33,81954.0,82360.19076211598,0.0049563262576076475,33,0,33,8_POSSA
query_cycle_6_138.graph,1,0.05,166,81954.0,77700.56283885102,0.051900299694328245,166,0,166,8_POSSA
query_cycle_6_138.graph,2,0.05,166,81954.0,78642.66295057928,0.04040482526076481,166,0,166,8_POSSA
query_cycle_6_138.graph,3,0.05,166,81954.0,81422.22908674536,0.006488651112265958,166,0,166,8_POSSA
query_cycle_6_138.graph,4,0.05,166,81954.0,82805.88638867295,0.01039468956576802,166,0,166,8_POSSA
query_cycle_6_138.graph,5,0.05,166,81954.0,80277.22265597049,0.02045998174621755,166,0,166,8_POSSA
query_cycle_6_138.graph,1,0.1,333,81954.0,78818.58883841554,0.03825818339049295,333,0,333,8_POSSA
query_cycle_6_138.graph,2,0.1,333,81954.0,80573.31933241835,0.016847019884101422,333,0,333,8_POSSA
query_cycle_6_138.graph,3,0.1,333,81954.0,79854.15709561635,0.02562221373433452,333,0,333,8_POSSA
query_cycle_6_138.graph,4,0.1,333,81954.0,78272.75726117729,0.04491840226008136,333,0,333,8_POSSA
query_cycle_6_138.graph,5,0.1,333,81954.0,79729.14960718254,0.027147550977590616,333,0,333,8_POSSA
query_cycle_6_136.graph,1,0.01,36,482985.0,417892.30578655074,0.1347716682991175,36,0,36,8_POSSA
query_cycle_6_136.graph,2,0.01,36,482985.0,305042.32743174676,0.3684227720700503,36,0,36,8_POSSA
query_cycle_6_136.graph,3,0.01,36,482985.0,590458.1862415958,0.2225186832750412,36,0,36,8_POSSA
query_cycle_6_136.graph,4,0.01,36,482985.0,357488.4428320117,0.2598353099329965,36,0,36,8_POSSA
query_cycle_6_136.graph,5,0.01,36,482985.0,690265.0693007794,0.42916461028971786,36,0,36,8_POSSA
query_cycle_6_136.graph,1,0.05,182,482985.0,486843.2956566991,0.007988437853554676,182,0,182,8_POSSA
query_cycle_6_136.graph,2,0.05,182,482985.0,454164.3181782354,0.059672001867065484,182,0,182,8_POSSA
query_cycle_6_136.graph,3,0.05,182,482985.0,455240.89132321905,0.057443002736691506,182,0,182,8_POSSA
query_cycle_6_136.graph,4,0.05,182,482985.0,524189.9660278694,0.08531313814687698,182,0,182,8_POSSA
query_cycle_6_136.graph,5,0.05,182,482985.0,480862.87752179353,0.004393764771590147,182,0,182,8_POSSA
query_cycle_6_136.graph,1,0.1,364,482985.0,487040.9155169103,0.008397601409795993,364,0,364,8_POSSA
query_cycle_6_136.graph,2,0.1,364,482985.0,463203.0430528288,0.040957704581242045,364,0,364,8_POSSA
query_cycle_6_136.graph,3,0.1,364,482985.0,474133.551616042,0.018326549238502274,364,0,364,8_POSSA
query_cycle_6_136.graph,4,0.1,364,482985.0,458447.83507941593,0.05080316142444189,364,0,364,8_POSSA
query_cycle_6_136.graph,5,0.1,364,482985.0,507637.1773805741,0.05104128985491083,364,0,364,8_POSSA
query_cycle_6_135.graph,1,0.01,41,1657561.0,1466107.7018208024,0.11550301809658745,41,0,41,8_POSSA
query_cycle_6_135.graph,2,0.01,41,1657561.0,2137987.741839841,0.2898395545261025,41,0,41,8_POSSA
query_cycle_6_135.graph,3,0.01,41,1657561.0,978167.8310143095,0.40987521363358,41,0,41,8_POSSA
query_cycle_6_135.graph,4,0.01,41,1657561.0,1353637.6635037428,0.18335574768968213,41,0,41,8_POSSA
query_cycle_6_135.graph,5,0.01,41,1657561.0,2270514.4320171857,0.36979238291512995,41,0,41,8_POSSA
query_cycle_6_135.graph,1,0.05,206,1657561.0,1426374.6824047589,0.1394737916705576,206,0,206,8_POSSA
query_cycle_6_135.graph,2,0.05,206,1657561.0,1598681.640179414,0.035521685066544115,206,0,206,8_POSSA
query_cycle_6_135.graph,3,0.05,206,1657561.0,1454546.5349909954,0.12247782435096179,206,0,206,8_POSSA
query_cycle_6_135.graph,4,0.05,206,1657561.0,1519001.038329173,0.08359267723530349,206,0,206,8_POSSA
query_cycle_6_135.graph,5,0.05,206,1657561.0,1600974.1595300399,0.03413861720320406,206,0,206,8_POSSA
query_cycle_6_135.graph,1,0.1,412,1657561.0,1569460.2267296072,0.053150848306875456,412,0,412,8_POSSA
query_cycle_6_135.graph,2,0.1,412,1657561.0,1539243.9293816406,0.0713802210708139,412,0,412,8_POSSA
query_cycle_6_135.graph,3,0.1,412,1657561.0,1573459.8942102059,0.050737864724009624,412,0,412,8_POSSA
query_cycle_6_135.graph,4,0.1,412,1657561.0,1560444.340447602,0.05859009686666005,412,0,412,8_POSSA
query_cycle_6_135.graph,5,0.1,412,1657561.0,1486809.5069747646,0.103013700868466,412,0,412,8_POSSA
query_cycle_6_145.graph,1,0.01,27,1643774.0,1431451.52831567,0.12916767857645267,27,0,27,8_POSSA
query_cycle_6_145.graph,2,0.01,27,1643774.0,1937105.98322021,0.17845031203815737,27,0,27,8_POSSA
query_cycle_6_145.graph,3,0.01,27,1643774.0,2149621.5285564815,0.3077354481555746,27,0,27,8_POSSA
query_cycle_6_145.graph,4,0.01,27,1643774.0,1347869.871848365,0.18001509219128356,27,0,27,8_POSSA
query_cycle_6_145.graph,5,0.01,27,1643774.0,2309553.099094499,0.40503080052032636,27,0,27,8_POSSA
query_cycle_6_145.graph,1,0.05,136,1643774.0,1601070.5846967923,0.02597888475131478,136,0,136,8_POSSA
query_cycle_6_145.graph,2,0.05,136,1643774.0,2068637.5457740002,0.2584683452676586,136,0,136,8_POSSA
query_cycle_6_145.graph,3,0.05,136,1643774.0,1698725.624780857,0.03343015814878262,136,0,136,8_POSSA
query_cycle_6_145.graph,4,0.05,136,1643774.0,1569646.9137142363,0.04509566782645525,136,0,136,8_POSSA
query_cycle_6_145.graph,5,0.05,136,1643774.0,1720598.1255334637,0.04673642820330755,136,0,136,8_POSSA
query_cycle_6_145.graph,1,0.1,273,1643774.0,1598549.4411084536,0.027512637924402287,273,0,273,8_POSSA
query_cycle_6_145.graph,2,0.1,273,1643774.0,1644103.0010204776,0.0002001497897385036,273,0,273,8_POSSA
query_cycle_6_145.graph,3,0.1,273,1643774.0,1773508.8556312455,0.0789249955475908,273,0,273,8_POSSA
query_cycle_6_145.graph,4,0.1,273,1643774.0,1683489.2505564378,0.024161016390597347,273,0,273,8_POSSA
query_cycle_6_145.graph,5,0.1,273,1643774.0,1640016.2027812728,0.00228607899792014,273,0,273,8_POSSA
query_cycle_6_154.graph,1,0.01,17,373882.0,254524.01883549363,0.3192397097600483,17,0,17,8_POSSA
query_cycle_6_154.graph,2,0.01,17,373882.0,188827.416367116,0.49495451407899815,17,0,17,8_POSSA
query_cycle_6_154.graph,3,0.01,17,373882.0,308995.77060888766,0.17354734753508416,17,0,17,8_POSSA
query_cycle_6_154.graph,4,0.01,17,373882.0,149475.82060839157,0.600205892210934,17,0,17,8_POSSA
query_cycle_6_154.graph,5,0.01,17,373882.0,434150.3590079726,0.1611962036363681,17,0,17,8_POSSA
query_cycle_6_154.graph,1,0.05,86,373882.0,396428.9562482504,0.06030500598651548,86,0,86,8_POSSA
query_cycle_6_154.graph,2,0.05,86,373882.0,384301.31826563494,0.027867932303868435,86,0,86,8_POSSA
query_cycle_6_154.graph,3,0.05,86,373882.0,377335.44843407103,0.009236733605980051,86,0,86,8_POSSA
query_cycle_6_154.graph,4,0.05,86,373882.0,364834.22453957156,0.024199548147352486,86,0,86,8_POSSA
query_cycle_6_154.graph,5,0.05,86,373882.0,356517.7500095359,0.04644312909009814,86,0,86,8_POSSA
query_cycle_6_154.graph,1,0.1,173,373882.0,359316.7281092148,0.0389568684525738,173,0,173,8_POSSA
query_cycle_6_154.graph,2,0.1,173,373882.0,373534.71986901393,0.0009288495594494147,173,0,173,8_POSSA
query_cycle_6_154.graph,3,0.1,173,373882.0,369413.20932121883,0.011952409259555598,173,0,173,8_POSSA
query_cycle_6_154.graph,4,0.1,173,373882.0,353030.303098191,0.055770796405841996,173,0,173,8_POSSA
query_cycle_6_154.graph,5,0.1,173,373882.0,392969.72869685676,0.051052815318353824,173,0,173,8_POSSA
query_cycle_6_155.graph,1,0.01,18,70965.0,32890.91685334008,0.5365191734891837,18,0,18,8_POSSA
query_cycle_6_155.graph,2,0.01,18,70965.0,74516.27634951024,0.05004264566349948,18,0,18,8_POSSA
query_cycle_6_155.graph,3,0.01,18,70965.0,46308.951023096924,0.3474395684760526,18,0,18,8_POSSA
query_cycle_6_155.graph,4,0.01,18,70965.0,53656.876929699254,0.2438966119960649,18,0,18,8_POSSA
query_cycle_6_155.graph,5,0.01,18,70965.0,36114.43908542066,0.4910950597418353,18,0,18,8_POSSA
query_cycle_6_155.graph,1,0.05,93,70965.0,71506.11770579474,0.007625135007323825,93,0,93,8_POSSA
query_cycle_6_155.graph,2,0.05,93,70965.0,72199.22012806246,0.017391955584618583,93,0,93,8_POSSA
query_cycle_6_155.graph,3,0.05,93,70965.0,56782.40566665945,0.199853369031784,93,0,93,8_POSSA
query_cycle_6_155.graph,4,0.05,93,70965.0,70014.75724544523,0.01339030162128893,93,0,93,8_POSSA
query_cycle_6_155.graph,5,0.05,93,70965.0,68828.20286185015,0.030110577582609033,93,0,93,8_POSSA
query_cycle_6_155.graph,1,0.1,187,70965.0,82136.0919035469,0.15741692247652925,187,0,187,8_POSSA
query_cycle_6_155.graph,2,0.1,187,70965.0,69654.91012739536,0.018461070564428146,187,0,187,8_POSSA
query_cycle_6_155.graph,3,0.1,187,70965.0,64488.19179934076,0.09126764180454079,187,0,187,8_POSSA
query_cycle_6_155.graph,4,0.1,187,70965.0,71172.55169835432,0.002924705113144793,187,0,187,8_POSSA
query_cycle_6_155.graph,5,0.1,187,70965.0,71740.33111291846,0.010925542350714556,187,0,187,8_POSSA
query_cycle_6_140.graph,1,0.01,42,236262.0,179681.3860243217,0.23948249814053174,42,0,42,8_POSSA
query_cycle_6_140.graph,2,0.01,42,236262.0,184134.11558996135,0.22063592287392236,42,0,42,8_POSSA
query_cycle_6_140.graph,3,0.01,42,236262.0,285789.3776686261,0.20962904601089502,42,0,42,8_POSSA
query_cycle_6_140.graph,4,0.01,42,236262.0,171794.64454020569,0.2728638353175471,42,0,42,8_POSSA
query_cycle_6_140.graph,5,0.01,42,236262.0,178249.03555124757,0.24554504934671015,42,0,42,8_POSSA
query_cycle_6_140.graph,1,0.05,214,236262.0,239521.17417936324,0.013794745576365387,214,0,214,8_POSSA
query_cycle_6_140.graph,2,0.05,214,236262.0,243115.50988401432,0.029008092219715054,214,0,214,8_POSSA
query_cycle_6_140.graph,3,0.05,214,236262.0,229038.81240762566,0.030572786111919544,214,0,214,8_POSSA
query_cycle_6_140.graph,4,0.05,214,236262.0,232360.6992831772,0.016512603452196257,214,0,214,8_POSSA
query_cycle_6_140.graph,5,0.05,214,236262.0,239512.68016083632,0.013758793884908773,214,0,214,8_POSSA
query_cycle_6_140.graph,1,0.1,429,236262.0,223783.07634516072,0.052818158039969525,429,0,429,8_POSSA
query_cycle_6_140.graph,2,0.1,429,236262.0,236246.46092082164,6.577053939422124e-05,429,0,429,8_POSSA
query_cycle_6_140.graph,3,0.1,429,236262.0,235377.0615886519,0.0037455808016020006,429,0,429,8_POSSA
query_cycle_6_140.graph,4,0.1,429,236262.0,227608.3222064542,0.03662746355125155,429,0,429,8_POSSA
query_cycle_6_140.graph,5,0.1,429,236262.0,230517.2839012898,0.02431502357006288,429,0,429,8_POSSA
query_cycle_6_147.graph,1,0.01,41,1657561.0,1765879.272620352,0.06534798575759926,41,0,41,8_POSSA
query_cycle_6_147.graph,2,0.01,41,1657561.0,1634155.1847718577,0.014120635818616818,41,0,41,8_POSSA
query_cycle_6_147.graph,3,0.01,41,1657561.0,909836.0869896526,0.4510994847310883,41,0,41,8_POSSA
query_cycle_6_147.graph,4,0.01,41,1657561.0,1225480.1792967569,0.2606726513855256,41,0,41,8_POSSA
query_cycle_6_147.graph,5,0.01,41,1657561.0,1602170.8886917392,0.03341663522987137,41,0,41,8_POSSA
query_cycle_6_147.graph,1,0.05,207,1657561.0,1538846.7734156195,0.07161982369540577,207,0,207,8_POSSA
query_cycle_6_147.graph,2,0.05,207,1657561.0,1629134.9145227782,0.01714934501790387,207,0,207,8_POSSA
query_cycle_6_147.graph,3,0.05,207,1657561.0,1713782.7013068916,0.03391833018929115,207,0,207,8_POSSA
query_cycle_6_147.graph,4,0.05,207,1657561.0,1619027.7453016099,0.023246960261728008,207,0,207,8_POSSA
query_cycle_6_147.graph,5,0.05,207,1657561.0,1618905.855059799,0.023320496162856728,207,0,207,8_POSSA
query_cycle_6_147.graph,1,0.1,414,1657561.0,1655394.9952210998,0.0013067421222508154,414,0,414,8_POSSA
query_cycle_6_147.graph,2,0.1,414,1657561.0,1648861.082509661,0.005248625836599019,414,0,414,8_POSSA
query_cycle_6_147.graph,3,0.1,414,1657561.0,1682801.2356136537,0.015227334386881489,414,0,414,8_POSSA
query_cycle_6_147.graph,4,0.1,414,1657561.0,1608099.9747587077,0.02983964103963131,414,0,414,8_POSSA
query_cycle_6_147.graph,5,0.1,414,1657561.0,1651264.8260237915,0.003798456875016092,414,0,414,8_POSSA
query_cycle_6_156.graph,1,0.01,29,1509704.0,1777381.2657692693,0.17730446880267212,29,0,29,8_POSSA
query_cycle_6_156.graph,2,0.01,29,1509704.0,822591.0990321117,0.45513087397787133,29,0,29,8_POSSA
query_cycle_6_156.graph,3,0.01,29,1509704.0,1635414.0363386904,0.0832680024287479,29,0,29,8_POSSA
query_cycle_6_156.graph,4,0.01,29,1509704.0,1229433.1008614427,0.18564625856363715,29,0,29,8_POSSA
query_cycle_6_156.graph,5,0.01,29,1509704.0,1602357.2954434773,0.06137182881112943,29,0,29,8_POSSA
query_cycle_6_156.graph,1,0.05,147,1509704.0,1609759.5212551535,0.06627492624723354,147,0,147,8_POSSA
query_cycle_6_156.graph,2,0.05,147,1509704.0,1390632.0507209278,0.07887105636540158,147,0,147,8_POSSA
query_cycle_6_156.graph,3,0.05,147,1509704.0,1561078.7805485954,0.03402970419936316,147,0,147,8_POSSA
query_cycle_6_156.graph,4,0.05,147,1509704.0,1549595.2546092314,0.026423229062936423,147,0,147,8_POSSA
query_cycle_6_156.graph,5,0.05,147,1509704.0,1544890.475671999,0.02330687053356083,147,0,147,8_POSSA
query_cycle_6_156.graph,1,0.1,294,1509704.0,1489483.6209954917,0.013393604974556772,294,0,294,8_POSSA
query_cycle_6_156.graph,2,0.1,294,1509704.0,1492923.2291901535,0.011115272139337556,294,0,294,8_POSSA
query_cycle_6_156.graph,3,0.1,294,1509704.0,1530358.4926240593,0.01368115380502358,294,0,294,8_POSSA
query_cycle_6_156.graph,4,0.1,294,1509704.0,1567808.597201578,0.038487410248352054,294,0,294,8_POSSA
query_cycle_6_156.graph,5,0.1,294,1509704.0,1490703.2946428338,0.012585715714581296,294,0,294,8_POSSA
query_cycle_6_153.graph,1,0.01,34,81954.0,102407.47785733339,0.24957266097241612,34,0,34,8_POSSA
query_cycle_6_153.graph,2,0.01,34,81954.0,55253.929827279266,0.3257933739990816,34,0,34,8_POSSA
query_cycle_6_153.graph,3,0.01,34,81954.0,75031.13903668306,0.08447252072280718,34,0,34,8_POSSA
query_cycle_6_153.graph,4,0.01,34,81954.0,94685.76927739107,0.1553526280278091,34,0,34,8_POSSA
query_cycle_6_153.graph,5,0.01,34,81954.0,92831.98048923409,0.1327327584893244,34,0,34,8_POSSA
query_cycle_6_153.graph,1,0.05,170,81954.0,88922.98043491854,0.08503526899136764,170,0,170,8_POSSA
query_cycle_6_153.graph,2,0.05,170,81954.0,90431.45295755811,0.10344160086826892,170,0,170,8_POSSA
query_cycle_6_153.graph,3,0.05,170,81954.0,82173.08909122064,0.0026733178517294796,170,0,170,8_POSSA
query_cycle_6_153.graph,4,0.05,170,81954.0,82878.12470661014,0.011276139134272093,170,0,170,8_POSSA
query_cycle_6_153.graph,5,0.05,170,81954.0,92946.84616759051,0.13413434570113128,170,0,170,8_POSSA
query_cycle_6_153.graph,1,0.1,340,81954.0,83168.5165594395,0.014819490927099263,340,0,340,8_POSSA
query_cycle_6_153.graph,2,0.1,340,81954.0,84220.0716551852,0.027650531458930556,340,0,340,8_POSSA
query_cycle_6_153.graph,3,0.1,340,81954.0,84775.55023402398,0.0344284627232835,340,0,340,8_POSSA
query_cycle_6_153.graph,4,0.1,340,81954.0,84643.33812784227,0.032815214972329296,340,0,340,8_POSSA
query_cycle_6_153.graph,5,0.1,340,81954.0,86219.2228044258,0.052044107724159815,340,0,340,8_POSSA
query_cycle_6_164.graph,1,0.01,24,31196.0,27959.498963641563,0.10374730851257973,24,0,24,8_POSSA
query_cycle_6_164.graph,2,0.01,24,31196.0,22455.392310440206,0.28018360333247194,24,0,24,8_POSSA
query_cycle_6_164.graph,3,0.01,24,31196.0,33784.312165882635,0.0829693603629515,24,0,24,8_POSSA
query_cycle_6_164.graph,4,0.01,24,31196.0,37716.961470421185,0.2090319743050771,24,0,24,8_POSSA
query_cycle_6_164.graph,5,0.01,24,31196.0,19380.16102139334,0.3787613469228958,24,0,24,8_POSSA
query_cycle_6_164.graph,1,0.05,123,31196.0,30494.608525831496,0.02248337845135607,123,0,123,8_POSSA
query_cycle_6_164.graph,2,0.05,123,31196.0,30473.298721009003,0.02316647259235148,123,0,123,8_POSSA
query_cycle_6_164.graph,3,0.05,123,31196.0,32321.391636587592,0.036074869745723555,123,0,123,8_POSSA
query_cycle_6_164.graph,4,0.05,123,31196.0,33533.2407144447,0.07492116663818114,123,0,123,8_POSSA
query_cycle_6_164.graph,5,0.05,123,31196.0,29781.765719993717,0.045333833825050754,123,0,123,8_POSSA
query_cycle_6_164.graph,1,0.1,246,31196.0,30441.685404324515,0.024179849842142748,246,0,246,8_POSSA
query_cycle_6_164.graph,2,0.1,246,31196.0,31422.162767150196,0.007249736092774573,246,0,246,8_POSSA
query_cycle_6_164.graph,3,0.1,246,31196.0,30673.322520965005,0.01675463133206166,246,0,246,8_POSSA
query_cycle_6_164.graph,4,0.1,246,31196.0,31844.229449628303,0.02077924893025718,246,0,246,8_POSSA
query_cycle_6_164.graph,5,0.1,246,31196.0,30539.736135757594,0.02103679523792814,246,0,246,8_POSSA
query_cycle_6_161.graph,1,0.01,24,1179.0,929.3245406150137,0.21176883747666353,24,0,24,8_POSSA
query_cycle_6_161.graph,2,0.01,24,1179.0,1142.52586741274,0.03093649922583554,24,0,24,8_POSSA
query_cycle_6_161.graph,3,0.01,24,1179.0,585.5561550835903,0.5033450762649786,24,0,24,8_POSSA
query_cycle_6_161.graph,4,0.01,24,1179.0,1252.8027190366922,0.0625977260701376,24,0,24,8_POSSA
query_cycle_6_161.graph,5,0.01,24,1179.0,1092.4330196554063,0.07342407153909561,24,0,24,8_POSSA
query_cycle_6_161.graph,1,0.05,121,1179.0,1155.0482146866616,0.020315339536334524,121,0,121,8_POSSA
query_cycle_6_161.graph,2,0.05,121,1179.0,1343.8303571635713,0.13980522236095955,121,0,121,8_POSSA
query_cycle_6_161.graph,3,0.05,121,1179.0,1165.5873470540355,0.011376295967739194,121,0,121,8_POSSA
query_cycle_6_161.graph,4,0.05,121,1179.0,1094.5094207361894,0.07166291710246867,121,0,121,8_POSSA
query_cycle_6_161.graph,5,0.05,121,1179.0,1936.960230198266,0.6428839950791059,121,0,121,8_POSSA
query_cycle_6_161.graph,1,0.1,242,1179.0,1209.119221144164,0.025546413184193324,242,0,242,8_POSSA
query_cycle_6_161.graph,2,0.1,242,1179.0,1116.6138794290405,0.05291443644695464,242,0,242,8_POSSA
query_cycle_6_161.graph,3,0.1,242,1179.0,1079.7840177783355,0.08415265667656022,242,0,242,8_POSSA
query_cycle_6_161.graph,4,0.1,242,1179.0,1331.8181870919689,0.12961678294484213,242,0,242,8_POSSA
query_cycle_6_161.graph,5,0.1,242,1179.0,1075.2305564451603,0.08801479521190811,242,0,242,8_POSSA
query_cycle_6_142.graph,1,0.01,55,702727.0,804971.9324173436,0.14549737297320808,55,0,55,8_POSSA
query_cycle_6_142.graph,2,0.01,55,702727.0,556664.4451982302,0.20785106421379823,55,0,55,8_POSSA
query_cycle_6_142.graph,3,0.01,55,702727.0,693205.946724736,0.013548722726270635,55,0,55,8_POSSA
query_cycle_6_142.graph,4,0.01,55,702727.0,881038.0520126786,0.25374156964607675,55,0,55,8_POSSA
query_cycle_6_142.graph,5,0.01,55,702727.0,1090893.677273944,0.5523719414138691,55,0,55,8_POSSA
query_cycle_6_142.graph,1,0.05,279,702727.0,759734.901789757,0.08112382445780077,279,0,279,8_POSSA
query_cycle_6_142.graph,2,0.05,279,702727.0,727234.0325556996,0.03487418664104208,279,0,279,8_POSSA
query_cycle_6_142.graph,3,0.05,279,702727.0,683310.7034434889,0.027629928203286736,279,0,279,8_POSSA
query_cycle_6_142.graph,4,0.05,279,702727.0,690369.9709731488,0.017584394831636145,279,0,279,8_POSSA
query_cycle_6_142.graph,5,0.05,279,702727.0,656942.0451943327,0.06515325980881236,279,0,279,8_POSSA
query_cycle_6_142.graph,1,0.1,558,702727.0,680430.4654569151,0.03172858669595008,558,0,558,8_POSSA
query_cycle_6_142.graph,2,0.1,558,702727.0,691328.5223740262,0.016220349617950863,558,0,558,8_POSSA
query_cycle_6_142.graph,3,0.1,558,702727.0,696406.7686718693,0.008993864371414077,558,0,558,8_POSSA
query_cycle_6_142.graph,4,0.1,558,702727.0,680664.3853762115,0.031395712166728346,558,0,558,8_POSSA
query_cycle_6_142.graph,5,0.1,558,702727.0,682832.7336601246,0.028310092453933615,558,0,558,8_POSSA
query_cycle_6_157.graph,1,0.01,33,81954.0,92981.99248953476,0.1345631999601577,33,0,33,8_POSSA
query_cycle_6_157.graph,2,0.01,33,81954.0,64680.027648161624,0.21077643985453273,33,0,33,8_POSSA
query_cycle_6_157.graph,3,0.01,33,81954.0,152604.39438899426,0.8620737778387175,33,0,33,8_POSSA
query_cycle_6_157.graph,4,0.01,33,81954.0,69877.4696781741,0.14735742394301568,33,0,33,8_POSSA
query_cycle_6_157.graph,5,0.01,33,81954.0,85099.870473949,0.03838580757435886,33,0,33,8_POSSA
query_cycle_6_157.graph,1,0.05,167,81954.0,78478.12790281046,0.042412476476920445,167,0,167,8_POSSA
query_cycle_6_157.graph,2,0.05,167,81954.0,80390.8040749717,0.019074065024627183,167,0,167,8_POSSA
query_cycle_6_157.graph,3,0.05,167,81954.0,85690.66703422222,0.04559468768116529,167,0,167,8_POSSA
query_cycle_6_157.graph,4,0.05,167,81954.0,79493.90557327494,0.030017990906179806,167,0,167,8_POSSA
query_cycle_6_157.graph,5,0.05,167,81954.0,80328.1518907052,0.019838544906835613,167,0,167,8_POSSA
query_cycle_6_157.graph,1,0.1,334,81954.0,82121.37876023995,0.0020423501017638357,334,0,334,8_POSSA
query_cycle_6_157.graph,2,0.1,334,81954.0,82955.24502557667,0.012217158718020772,334,0,334,8_POSSA
query_cycle_6_157.graph,3,0.1,334,81954.0,84702.21385815693,0.03353361468820229,334,0,334,8_POSSA
query_cycle_6_157.graph,4,0.1,334,81954.0,79482.68642891374,0.03015488653496175,334,0,334,8_POSSA
query_cycle_6_157.graph,5,0.1,334,81954.0,80216.83456989241,0.02119683517714316,334,0,334,8_POSSA
query_cycle_6_172.graph,1,0.01,18,70965.0,33024.61487395973,0.5346351740441101,18,0,18,8_POSSA
query_cycle_6_172.graph,2,0.01,18,70965.0,37846.438675218946,0.4666886680022695,18,0,18,8_POSSA
query_cycle_6_172.graph,3,0.01,18,70965.0,50528.502070860704,0.28797996095454514,18,0,18,8_POSSA
query_cycle_6_172.graph,4,0.01,18,70965.0,45697.9402489986,0.35604959840768546,18,0,18,8_POSSA
query_cycle_6_172.graph,5,0.01,18,70965.0,135220.64717018936,0.9054554663593231,18,0,18,8_POSSA
query_cycle_6_172.graph,1,0.05,93,70965.0,67127.11277222136,0.0540814095367948,93,0,93,8_POSSA
query_cycle_6_172.graph,2,0.05,93,70965.0,74724.92874533021,0.05298286120383583,93,0,93,8_POSSA
query_cycle_6_172.graph,3,0.05,93,70965.0,97807.38538578943,0.3782482263903252,93,0,93,8_POSSA
query_cycle_6_172.graph,4,0.05,93,70965.0,66845.80176528812,0.05804549051943741,93,0,93,8_POSSA
query_cycle_6_172.graph,5,0.05,93,70965.0,72979.01932394762,0.02838045971884198,93,0,93,8_POSSA
query_cycle_6_172.graph,1,0.1,187,70965.0,69124.93669969925,0.025929166494761548,187,0,187,8_POSSA
query_cycle_6_172.graph,2,0.1,187,70965.0,70572.24877503612,0.005534435636777033,187,0,187,8_POSSA
query_cycle_6_172.graph,3,0.1,187,70965.0,70769.52922092708,0.0027544674004497333,187,0,187,8_POSSA
query_cycle_6_172.graph,4,0.1,187,70965.0,73927.62494048783,0.04174769168587096,187,0,187,8_POSSA
query_cycle_6_172.graph,5,0.1,187,70965.0,70753.1772553754,0.002984890363201605,187,0,187,8_POSSA
query_cycle_6_160.graph,1,0.01,38,3999965.0,3210836.8223882588,0.19728377063592836,38,0,38,8_POSSA
query_cycle_6_160.graph,2,0.01,38,3999965.0,4766379.0759862615,0.19160519554202637,38,0,38,8_POSSA
query_cycle_6_160.graph,3,0.01,38,3999965.0,2887250.21048826,0.27818113146283535,38,0,38,8_POSSA
query_cycle_6_160.graph,4,0.01,38,3999965.0,3811591.1145797367,0.0470938834265458,38,0,38,8_POSSA
query_cycle_6_160.graph,5,0.01,38,3999965.0,1930567.2955071195,0.5173539529703086,38,0,38,8_POSSA
query_cycle_6_160.graph,1,0.05,191,3999965.0,4026468.2694987897,0.006625875351106743,191,0,191,8_POSSA
query_cycle_6_160.graph,2,0.05,191,3999965.0,4148871.8932814375,0.037227049057038615,191,0,191,8_POSSA
query_cycle_6_160.graph,3,0.05,191,3999965.0,3960462.916443231,0.00987560730075612,191,0,191,8_POSSA
query_cycle_6_160.graph,4,0.05,191,3999965.0,4069452.281563397,0.01737197239560772,191,0,191,8_POSSA
query_cycle_6_160.graph,5,0.05,191,3999965.0,3746109.949275544,0.06346431799389647,191,0,191,8_POSSA
query_cycle_6_160.graph,1,0.1,382,3999965.0,3896511.8493196247,0.02586351397584111,382,0,382,8_POSSA
query_cycle_6_160.graph,2,0.1,382,3999965.0,3789133.998378936,0.052708211602117465,382,0,382,8_POSSA
query_cycle_6_160.graph,3,0.1,382,3999965.0,3803696.0904137124,0.04906765673856835,382,0,382,8_POSSA
query_cycle_6_160.graph,4,0.1,382,3999965.0,4109360.7742718225,0.027349182873305775,382,0,382,8_POSSA
query_cycle_6_160.graph,5,0.1,382,3999965.0,3887438.1952673155,0.028131947337710333,382,0,382,8_POSSA
query_cycle_6_173.graph,1,0.01,24,31196.0,39578.24756648239,0.26869622921151387,24,0,24,8_POSSA
query_cycle_6_173.graph,2,0.01,24,31196.0,29446.770761338288,0.05607222844793281,24,0,24,8_POSSA
query_cycle_6_173.graph,3,0.01,24,31196.0,35539.97775116262,0.1392479084229588,24,0,24,8_POSSA
query_cycle_6_173.graph,4,0.01,24,31196.0,21199.059185275302,0.32045585378653346,24,0,24,8_POSSA
query_cycle_6_173.graph,5,0.01,24,31196.0,26430.63176893534,0.15275574532198558,24,0,24,8_POSSA
query_cycle_6_173.graph,1,0.05,121,31196.0,31943.6076199402,0.02396485510771257,121,0,121,8_POSSA
query_cycle_6_173.graph,2,0.05,121,31196.0,33660.471467300136,0.07899959825939659,121,0,121,8_POSSA
query_cycle_6_173.graph,3,0.05,121,31196.0,29949.792274704956,0.039947676794943064,121,0,121,8_POSSA
query_cycle_6_173.graph,4,0.05,121,31196.0,34038.45616049137,0.09111604566262882,121,0,121,8_POSSA
query_cycle_6_173.graph,5,0.05,121,31196.0,32133.307483255823,0.03004575853493471,121,0,121,8_POSSA
query_cycle_6_173.graph,1,0.1,242,31196.0,31283.03472143582,0.002789932088595299,242,0,242,8_POSSA
query_cycle_6_173.graph,2,0.1,242,31196.0,32954.692521975565,0.05637557770148625,242,0,242,8_POSSA
query_cycle_6_173.graph,3,0.1,242,31196.0,31005.993654507547,0.006090727833454704,242,0,242,8_POSSA
query_cycle_6_173.graph,4,0.1,242,31196.0,31343.291997736007,0.004721502684190506,242,0,242,8_POSSA
query_cycle_6_173.graph,5,0.1,242,31196.0,32426.344653169755,0.039439179804133716,242,0,242,8_POSSA
query_cycle_6_180.graph,1,0.01,19,38944.0,26119.303509842666,0.32931122869138596,19,0,19,8_POSSA
query_cycle_6_180.graph,2,0.01,19,38944.0,60648.76502324559,0.5573327091014172,19,0,19,8_POSSA
query_cycle_6_180.graph,3,0.01,19,38944.0,18041.98876134136,0.5367196805325246,19,0,19,8_POSSA
query_cycle_6_180.graph,4,0.01,19,38944.0,47651.445643543615,0.22358888772451765,19,0,19,8_POSSA
query_cycle_6_180.graph,5,0.01,19,38944.0,33226.22910895973,0.14682032896056574,19,0,19,8_POSSA
query_cycle_6_180.graph,1,0.05,95,38944.0,35322.738961266296,0.09298636603157623,95,0,95,8_POSSA
query_cycle_6_180.graph,2,0.05,95,38944.0,34730.43768591435,0.10819541685717049,95,0,95,8_POSSA
query_cycle_6_180.graph,3,0.05,95,38944.0,45525.34717982663,0.16899515149513744,95,0,95,8_POSSA
query_cycle_6_180.graph,4,0.05,95,38944.0,34024.71270728112,0.12631694979249383,95,0,95,8_POSSA
query_cycle_6_180.graph,5,0.05,95,38944.0,42035.94062913847,0.07939453135626728,95,0,95,8_POSSA
query_cycle_6_180.graph,1,0.1,190,38944.0,36688.74967536007,0.05791008434264401,190,0,190,8_POSSA
query_cycle_6_180.graph,2,0.1,190,38944.0,35806.20896034059,0.08057187345058055,190,0,190,8_POSSA
query_cycle_6_180.graph,3,0.1,190,38944.0,36215.37805273401,0.07006527185871987,190,0,190,8_POSSA
query_cycle_6_180.graph,4,0.1,190,38944.0,38161.18439791957,0.020101057982755518,190,0,190,8_POSSA
query_cycle_6_180.graph,5,0.1,190,38944.0,36824.515479543305,0.05442390407910578,190,0,190,8_POSSA
query_cycle_6_165.graph,1,0.01,47,989027.0,816408.6732369377,0.17453348266838242,47,0,47,8_POSSA
query_cycle_6_165.graph,2,0.01,47,989027.0,1128477.6934329928,0.14099786298351086,47,0,47,8_POSSA
query_cycle_6_165.graph,3,0.01,47,989027.0,1258603.211283233,0.27256708996137924,47,0,47,8_POSSA
query_cycle_6_165.graph,4,0.01,47,989027.0,1192436.0680783207,0.20566583933332527,47,0,47,8_POSSA
query_cycle_6_165.graph,5,0.01,47,989027.0,791619.2640103677,0.19959792400979176,47,0,47,8_POSSA
query_cycle_6_165.graph,1,0.05,236,989027.0,984749.426148383,0.0043250324324988635,236,0,236,8_POSSA
query_cycle_6_165.graph,2,0.05,236,989027.0,938427.253401272,0.051161137763405855,236,0,236,8_POSSA
query_cycle_6_165.graph,3,0.05,236,989027.0,942980.8651671873,0.046557004846998824,236,0,236,8_POSSA
query_cycle_6_165.graph,4,0.05,236,989027.0,1063743.0175580962,0.07554497254179735,236,0,236,8_POSSA
query_cycle_6_165.graph,5,0.05,236,989027.0,982627.6378457466,0.006470361430227293,236,0,236,8_POSSA
query_cycle_6_165.graph,1,0.1,472,989027.0,956161.4496367665,0.03323018518527153,472,0,472,8_POSSA
query_cycle_6_165.graph,2,0.1,472,989027.0,975732.0761611619,0.013442427596858448,472,0,472,8_POSSA
query_cycle_6_165.graph,3,0.1,472,989027.0,979642.6934718993,0.009488422993609621,472,0,472,8_POSSA
query_cycle_6_165.graph,4,0.1,472,989027.0,951640.668611548,0.037801123112363944,472,0,472,8_POSSA
query_cycle_6_165.graph,5,0.1,472,989027.0,958868.9506309668,0.0304926451644224,472,0,472,8_POSSA
query_cycle_6_181.graph,1,0.01,18,70965.0,109556.81748084199,0.5438148028019726,18,0,18,8_POSSA
query_cycle_6_181.graph,2,0.01,18,70965.0,93572.60938071083,0.3185740770902674,18,0,18,8_POSSA
query_cycle_6_181.graph,3,0.01,18,70965.0,88301.58251717985,0.24429764696934897,18,0,18,8_POSSA
query_cycle_6_181.graph,4,0.01,18,70965.0,63763.411908421826,0.10148084395939089,18,0,18,8_POSSA
query_cycle_6_181.graph,5,0.01,18,70965.0,107239.41795748813,0.5111592751002343,18,0,18,8_POSSA
query_cycle_6_181.graph,1,0.05,94,70965.0,73963.79442016332,0.04225737222804653,94,0,94,8_POSSA
query_cycle_6_181.graph,2,0.05,94,70965.0,65812.96225404236,0.0725997004996497,94,0,94,8_POSSA
query_cycle_6_181.graph,3,0.05,94,70965.0,92853.5879464705,0.3084420199601283,94,0,94,8_POSSA
query_cycle_6_181.graph,4,0.05,94,70965.0,74302.17236448175,0.04702560930714794,94,0,94,8_POSSA
query_cycle_6_181.graph,5,0.05,94,70965.0,79872.43546500591,0.12551871295717482,94,0,94,8_POSSA
query_cycle_6_181.graph,1,0.1,189,70965.0,83390.02211027645,0.17508662171882544,189,0,189,8_POSSA
query_cycle_6_181.graph,2,0.1,189,70965.0,73448.91953277314,0.03500203667685681,189,0,189,8_POSSA
query_cycle_6_181.graph,3,0.1,189,70965.0,87106.79012223342,0.22746128545386343,189,0,189,8_POSSA
query_cycle_6_181.graph,4,0.1,189,70965.0,73581.82478767689,0.03687486490068185,189,0,189,8_POSSA
query_cycle_6_181.graph,5,0.1,189,70965.0,71311.02174883711,0.0048759493952950424,189,0,189,8_POSSA
query_cycle_6_175.graph,1,0.01,35,917724.0,936587.380167207,0.020554524200311838,35,0,35,8_POSSA
query_cycle_6_175.graph,2,0.01,35,917724.0,990167.9195118695,0.07893867819940369,35,0,35,8_POSSA
query_cycle_6_175.graph,3,0.01,35,917724.0,821704.2193278582,0.10462816780659742,35,0,35,8_POSSA
query_cycle_6_175.graph,4,0.01,35,917724.0,641824.2073895539,0.3006348233351706,35,0,35,8_POSSA
query_cycle_6_175.graph,5,0.01,35,917724.0,764283.8850222959,0.16719636293450332,35,0,35,8_POSSA
query_cycle_6_175.graph,1,0.05,175,917724.0,875867.4247866462,0.045609110378887166,175,0,175,8_POSSA
query_cycle_6_175.graph,2,0.05,175,917724.0,955968.1960423626,0.041672873371909856,175,0,175,8_POSSA
query_cycle_6_175.graph,3,0.05,175,917724.0,879949.5318011267,0.041161033381357945,175,0,175,8_POSSA
query_cycle_6_175.graph,4,0.05,175,917724.0,841890.2988766448,0.08263236128003103,175,0,175,8_POSSA
query_cycle_6_175.graph,5,0.05,175,917724.0,867766.4192061746,0.05443638914730948,175,0,175,8_POSSA
query_cycle_6_175.graph,1,0.1,350,917724.0,896459.7751008586,0.023170610008173862,350,0,350,8_POSSA
query_cycle_6_175.graph,2,0.1,350,917724.0,869615.2153338044,0.05242184433031677,350,0,350,8_POSSA
query_cycle_6_175.graph,3,0.1,350,917724.0,960485.8458375451,0.046595540530208555,350,0,350,8_POSSA
query_cycle_6_175.graph,4,0.1,350,917724.0,900908.190704712,0.018323384040613577,350,0,350,8_POSSA
query_cycle_6_175.graph,5,0.1,350,917724.0,939339.311930187,0.02355317277328156,350,0,350,8_POSSA
query_cycle_6_174.graph,1,0.01,39,3999965.0,4658492.775135502,0.1646333843259884,39,0,39,8_POSSA
query_cycle_6_174.graph,2,0.01,39,3999965.0,4553174.270331882,0.1383035277388382,39,0,39,8_POSSA
query_cycle_6_174.graph,3,0.01,39,3999965.0,3071279.4419064973,0.23217342104080976,39,0,39,8_POSSA
query_cycle_6_174.graph,4,0.01,39,3999965.0,4108776.039743111,0.02720299796200992,39,0,39,8_POSSA
query_cycle_6_174.graph,5,0.01,39,3999965.0,3169072.84316618,0.207724856800952,39,0,39,8_POSSA
query_cycle_6_174.graph,1,0.05,195,3999965.0,4019512.2773512546,0.004886862097857006,195,0,195,8_POSSA
query_cycle_6_174.graph,2,0.05,195,3999965.0,3729312.309721738,0.06766376462750597,195,0,195,8_POSSA
query_cycle_6_174.graph,3,0.05,195,3999965.0,3780656.831608492,0.0548275218386931,195,0,195,8_POSSA
query_cycle_6_174.graph,4,0.05,195,3999965.0,4275367.6741456445,0.06885127098503226,195,0,195,8_POSSA
query_cycle_6_174.graph,5,0.05,195,3999965.0,3675643.844355569,0.08108099836984344,195,0,195,8_POSSA
query_cycle_6_174.graph,1,0.1,391,3999965.0,4038132.41586095,0.009541937457190255,391,0,391,8_POSSA
query_cycle_6_174.graph,2,0.1,391,3999965.0,3997331.5141566284,0.0006583772216435894,391,0,391,8_POSSA
query_cycle_6_174.graph,3,0.1,391,3999965.0,4158435.6253767675,0.03961800300171813,391,0,391,8_POSSA
query_cycle_6_174.graph,4,0.1,391,3999965.0,4067847.528520775,0.016970780624524222,391,0,391,8_POSSA
query_cycle_6_174.graph,5,0.1,391,3999965.0,3989154.2463709717,0.0027027120559875726,391,0,391,8_POSSA
query_cycle_6_167.graph,1,0.01,41,71286.0,77605.4181784621,0.088648797498276,41,0,41,8_POSSA
query_cycle_6_167.graph,2,0.01,41,71286.0,93579.73792875015,0.3127365531626147,41,0,41,8_POSSA
query_cycle_6_167.graph,3,0.01,41,71286.0,79936.06356001325,0.12134309064912117,41,0,41,8_POSSA
query_cycle_6_167.graph,4,0.01,41,71286.0,66088.28800568449,0.07291350327294997,41,0,41,8_POSSA
query_cycle_6_167.graph,5,0.01,41,71286.0,61894.48275790421,0.13174420281816612,41,0,41,8_POSSA
query_cycle_6_167.graph,1,0.05,209,71286.0,79379.9676396622,0.11354217714084384,209,0,209,8_POSSA
query_cycle_6_167.graph,2,0.05,209,71286.0,77394.1565341299,0.08568521917529247,209,0,209,8_POSSA
query_cycle_6_167.graph,3,0.05,209,71286.0,65868.96545321059,0.07599016001444053,209,0,209,8_POSSA
query_cycle_6_167.graph,4,0.05,209,71286.0,64414.78959815067,0.09638933874602765,209,0,209,8_POSSA
query_cycle_6_167.graph,5,0.05,209,71286.0,69292.99219284988,0.027957913295038567,209,0,209,8_POSSA
query_cycle_6_167.graph,1,0.1,419,71286.0,67608.00018052108,0.05159498105489047,419,0,419,8_POSSA
query_cycle_6_167.graph,2,0.1,419,71286.0,66961.67364441064,0.06066164963091441,419,0,419,8_POSSA
query_cycle_6_167.graph,3,0.1,419,71286.0,76059.73849264851,0.06696600303914528,419,0,419,8_POSSA
query_cycle_6_167.graph,4,0.1,419,71286.0,68669.36844874237,0.03670610710739312,419,0,419,8_POSSA
query_cycle_6_167.graph,5,0.1,419,71286.0,70900.443883488,0.005408581159161709,419,0,419,8_POSSA
query_cycle_6_178.graph,1,0.01,29,1509704.0,1694775.4844477442,0.1225879274664068,29,0,29,8_POSSA
query_cycle_6_178.graph,2,0.01,29,1509704.0,1300408.677758644,0.13863334947867656,29,0,29,8_POSSA
query_cycle_6_178.graph,3,0.01,29,1509704.0,1124191.804768268,0.2553561461264804,29,0,29,8_POSSA
query_cycle_6_178.graph,4,0.01,29,1509704.0,1266458.8644360995,0.16112107775027454,29,0,29,8_POSSA
query_cycle_6_178.graph,5,0.01,29,1509704.0,1892534.0514809084,0.2535795437257293,29,0,29,8_POSSA
query_cycle_6_178.graph,1,0.05,145,1509704.0,1504402.473711879,0.003511632934748141,145,0,145,8_POSSA
query_cycle_6_178.graph,2,0.05,145,1509704.0,1369486.5282013775,0.0928774592891206,145,0,145,8_POSSA
query_cycle_6_178.graph,3,0.05,145,1509704.0,1435038.682100234,0.049456925264665066,145,0,145,8_POSSA
query_cycle_6_178.graph,4,0.05,145,1509704.0,1657704.5315389843,0.09803281407413922,145,0,145,8_POSSA
query_cycle_6_178.graph,5,0.05,145,1509704.0,1539077.773817979,0.019456644360734972,145,0,145,8_POSSA
query_cycle_6_178.graph,1,0.1,291,1509704.0,1431354.3000247309,0.05189739179022454,291,0,291,8_POSSA
query_cycle_6_178.graph,2,0.1,291,1509704.0,1450420.0048122015,0.03926862165550234,291,0,291,8_POSSA
query_cycle_6_178.graph,3,0.1,291,1509704.0,1583940.040063722,0.049172579567731196,291,0,291,8_POSSA
query_cycle_6_178.graph,4,0.1,291,1509704.0,1527533.586924441,0.011809988530494009,291,0,291,8_POSSA
query_cycle_6_178.graph,5,0.1,291,1509704.0,1621365.6740625314,0.07396262715242952,291,0,291,8_POSSA
query_cycle_6_186.graph,1,0.01,21,483.0,608.0077765088494,0.2588152722750504,21,0,21,8_POSSA
query_cycle_6_186.graph,2,0.01,21,483.0,287.09024201406976,0.40561026498122205,21,0,21,8_POSSA
query_cycle_6_186.graph,3,0.01,21,483.0,328.45814867426543,0.3199624251050405,21,0,21,8_POSSA
query_cycle_6_186.graph,4,0.01,21,483.0,321.67263197462705,0.3340111139241676,21,0,21,8_POSSA
query_cycle_6_186.graph,5,0.01,21,483.0,443.0500084240894,0.08271219787973207,21,0,21,8_POSSA
query_cycle_6_186.graph,1,0.05,105,483.0,682.413559986358,0.41286451342931263,105,0,105,8_POSSA
query_cycle_6_186.graph,2,0.05,105,483.0,497.1145086346812,0.02922258516497146,105,0,105,8_POSSA
query_cycle_6_186.graph,3,0.05,105,483.0,426.6382811385003,0.11669092931987515,105,0,105,8_POSSA
query_cycle_6_186.graph,4,0.05,105,483.0,431.06041231883523,0.10753537822187323,105,0,105,8_POSSA
query_cycle_6_186.graph,5,0.05,105,483.0,476.30723080228836,0.013856665005614164,105,0,105,8_POSSA
query_cycle_6_186.graph,1,0.1,211,483.0,446.9860020876871,0.07456314267559608,211,0,211,8_POSSA
query_cycle_6_186.graph,2,0.1,211,483.0,562.147804949137,0.1638670909920021,211,0,211,8_POSSA
query_cycle_6_186.graph,3,0.1,211,483.0,446.2654100989014,0.0760550515550696,211,0,211,8_POSSA
query_cycle_6_186.graph,4,0.1,211,483.0,570.1357267730904,0.18040523141426576,211,0,211,8_POSSA
query_cycle_6_186.graph,5,0.1,211,483.0,459.79636447344205,0.04804065326409512,211,0,211,8_POSSA
query_cycle_6_184.graph,1,0.01,20,2679.0,2081.528870249842,0.22302020520722585,20,0,20,8_POSSA
query_cycle_6_184.graph,2,0.01,20,2679.0,2572.12470214959,0.0398937282009742,20,0,20,8_POSSA
query_cycle_6_184.graph,3,0.01,20,2679.0,2836.541201049513,0.05880597276950836,20,0,20,8_POSSA
query_cycle_6_184.graph,4,0.01,20,2679.0,2210.7635567568177,0.1747803072949542,20,0,20,8_POSSA
query_cycle_6_184.graph,5,0.01,20,2679.0,2677.1369163499976,0.0006954399589408022,20,0,20,8_POSSA
query_cycle_6_184.graph,1,0.05,102,2679.0,2390.3256802947685,0.10775450530243803,102,0,102,8_POSSA
query_cycle_6_184.graph,2,0.05,102,2679.0,1858.444829455643,0.3062915903487708,102,0,102,8_POSSA
query_cycle_6_184.graph,3,0.05,102,2679.0,2727.326527045281,0.01803901718748831,102,0,102,8_POSSA
query_cycle_6_184.graph,4,0.05,102,2679.0,2687.6845385955603,0.0032417090688914886,102,0,102,8_POSSA
query_cycle_6_184.graph,5,0.05,102,2679.0,2237.6932182217056,0.16472817535583964,102,0,102,8_POSSA
query_cycle_6_184.graph,1,0.1,204,2679.0,2379.4562507093997,0.1118117765175813,204,0,204,8_POSSA
query_cycle_6_184.graph,2,0.1,204,2679.0,2732.342141612912,0.019911213741288614,204,0,204,8_POSSA
query_cycle_6_184.graph,3,0.1,204,2679.0,2677.5500198120926,0.0005412393385245933,204,0,204,8_POSSA
query_cycle_6_184.graph,4,0.1,204,2679.0,2568.6089345163073,0.04120607147580915,204,0,204,8_POSSA
query_cycle_6_184.graph,5,0.1,204,2679.0,2809.356142735124,0.048658507926511455,204,0,204,8_POSSA
query_cycle_6_202.graph,1,0.01,17,373882.0,285548.6279832171,0.2362600286100504,17,0,17,8_POSSA
query_cycle_6_202.graph,2,0.01,17,373882.0,491270.8974851727,0.31397311848436865,17,0,17,8_POSSA
query_cycle_6_202.graph,3,0.01,17,373882.0,478699.66402292653,0.2803495862944098,17,0,17,8_POSSA
query_cycle_6_202.graph,4,0.01,17,373882.0,291349.912154914,0.220743678072456,17,0,17,8_POSSA
query_cycle_6_202.graph,5,0.01,17,373882.0,411777.8297767566,0.10135772724216888,17,0,17,8_POSSA
query_cycle_6_202.graph,1,0.05,86,373882.0,307922.47883610235,0.17641801735279486,86,0,86,8_POSSA
query_cycle_6_202.graph,2,0.05,86,373882.0,306601.0569007571,0.17995234619276382,86,0,86,8_POSSA
query_cycle_6_202.graph,3,0.05,86,373882.0,330007.8469986494,0.1173475936294087,86,0,86,8_POSSA
query_cycle_6_202.graph,4,0.05,86,373882.0,344526.35693864705,0.07851579659184703,86,0,86,8_POSSA
query_cycle_6_202.graph,5,0.05,86,373882.0,345476.9464895895,0.07597331112599826,86,0,86,8_POSSA
query_cycle_6_202.graph,1,0.1,173,373882.0,379237.7352429996,0.014324667255978155,173,0,173,8_POSSA
query_cycle_6_202.graph,2,0.1,173,373882.0,358974.0015189112,0.039873538926957657,173,0,173,8_POSSA
query_cycle_6_202.graph,3,0.1,173,373882.0,375480.39655626134,0.004275136423420611,173,0,173,8_POSSA
query_cycle_6_202.graph,4,0.1,173,373882.0,342973.34666718147,0.08266954101245455,173,0,173,8_POSSA
query_cycle_6_202.graph,5,0.1,173,373882.0,359529.2157368829,0.038388540403435104,173,0,173,8_POSSA
query_cycle_6_176.graph,1,0.01,41,71286.0,57699.45112617944,0.19059210607721797,41,0,41,8_POSSA
query_cycle_6_176.graph,2,0.01,41,71286.0,65659.76105835452,0.0789248792420038,41,0,41,8_POSSA
query_cycle_6_176.graph,3,0.01,41,71286.0,37936.748107819585,0.46782330180092047,41,0,41,8_POSSA
query_cycle_6_176.graph,4,0.01,41,71286.0,67479.97013415387,0.053390986530961554,41,0,41,8_POSSA
query_cycle_6_176.graph,5,0.01,41,71286.0,70254.0386725413,0.014476353385779855,41,0,41,8_POSSA
query_cycle_6_176.graph,1,0.05,208,71286.0,66543.39527587981,0.06652925853772394,208,0,208,8_POSSA
query_cycle_6_176.graph,2,0.05,208,71286.0,67535.66677857898,0.052609674009216734,208,0,208,8_POSSA
query_cycle_6_176.graph,3,0.05,208,71286.0,66483.83631947522,0.06736475157148365,208,0,208,8_POSSA
query_cycle_6_176.graph,4,0.05,208,71286.0,67257.22643372705,0.05651563513555191,208,0,208,8_POSSA
query_cycle_6_176.graph,5,0.05,208,71286.0,69762.3341375106,0.021373984548009487,208,0,208,8_POSSA
query_cycle_6_176.graph,1,0.1,417,71286.0,67437.69184067563,0.053984066427129725,417,0,417,8_POSSA
query_cycle_6_176.graph,2,0.1,417,71286.0,72956.50261171727,0.023433810449699343,417,0,417,8_POSSA
query_cycle_6_176.graph,3,0.1,417,71286.0,70253.31071399777,0.014486565188146823,417,0,417,8_POSSA
query_cycle_6_176.graph,4,0.1,417,71286.0,69932.97599491845,0.018980220591442193,417,0,417,8_POSSA
query_cycle_6_176.graph,5,0.1,417,71286.0,71842.62100103083,0.007808279339994217,417,0,417,8_POSSA
query_cycle_6_182.graph,1,0.01,38,3999965.0,2931415.134518223,0.26713980384372793,38,0,38,8_POSSA
query_cycle_6_182.graph,2,0.01,38,3999965.0,4613533.655503263,0.1533935060689938,38,0,38,8_POSSA
query_cycle_6_182.graph,3,0.01,38,3999965.0,5120315.801092663,0.2800901510619875,38,0,38,8_POSSA
query_cycle_6_182.graph,4,0.01,38,3999965.0,3251185.938417153,0.1871964033642412,38,0,38,8_POSSA
query_cycle_6_182.graph,5,0.01,38,3999965.0,2596392.3058052883,0.350896243890812,38,0,38,8_POSSA
query_cycle_6_182.graph,1,0.05,193,3999965.0,3932255.775472384,0.016927454247128677,193,0,193,8_POSSA
query_cycle_6_182.graph,2,0.05,193,3999965.0,4040433.515968514,0.010117217517781815,193,0,193,8_POSSA
query_cycle_6_182.graph,3,0.05,193,3999965.0,4023480.469491406,0.005878918813391087,193,0,193,8_POSSA
query_cycle_6_182.graph,4,0.05,193,3999965.0,4728064.850586158,0.1820265553788991,193,0,193,8_POSSA
query_cycle_6_182.graph,5,0.05,193,3999965.0,4128354.1766116368,0.0320975750066905,193,0,193,8_POSSA
query_cycle_6_182.graph,1,0.1,386,3999965.0,4363447.485794794,0.09087141657359347,386,0,386,8_POSSA
query_cycle_6_182.graph,2,0.1,386,3999965.0,4108203.4710609107,0.0270598545389549,386,0,386,8_POSSA
query_cycle_6_182.graph,3,0.1,386,3999965.0,4281261.530039204,0.07032474785134477,386,0,386,8_POSSA
query_cycle_6_182.graph,4,0.1,386,3999965.0,4054898.0701898453,0.013733387714603824,386,0,386,8_POSSA
query_cycle_6_182.graph,5,0.1,386,3999965.0,4171994.640584124,0.043007786464162506,386,0,386,8_POSSA
query_cycle_6_190.graph,1,0.01,38,3999965.0,4465563.03291224,0.116400526732669,38,0,38,8_POSSA
query_cycle_6_190.graph,2,0.01,38,3999965.0,3836262.7131793336,0.04092592980705241,38,0,38,8_POSSA
query_cycle_6_190.graph,3,0.01,38,3999965.0,3644197.0967819514,0.08894275405361013,38,0,38,8_POSSA
query_cycle_6_190.graph,4,0.01,38,3999965.0,3490900.964561818,0.12726712244686686,38,0,38,8_POSSA
query_cycle_6_190.graph,5,0.01,38,3999965.0,2746027.2884830744,0.3134871708919767,38,0,38,8_POSSA
query_cycle_6_190.graph,1,0.05,190,3999965.0,4251977.548624928,0.06300368843850586,190,0,190,8_POSSA
query_cycle_6_190.graph,2,0.05,190,3999965.0,4031382.3165190993,0.00785439785575606,190,0,190,8_POSSA
query_cycle_6_190.graph,3,0.05,190,3999965.0,4151097.064645477,0.037783346765653474,190,0,190,8_POSSA
query_cycle_6_190.graph,4,0.05,190,3999965.0,3946844.9567384482,0.013280127016499336,190,0,190,8_POSSA
query_cycle_6_190.graph,5,0.05,190,3999965.0,4015720.158979679,0.0039388242096315825,190,0,190,8_POSSA
query_cycle_6_190.graph,1,0.1,380,3999965.0,3972301.017056481,0.006916056251371954,380,0,380,8_POSSA
query_cycle_6_190.graph,2,0.1,380,3999965.0,3929371.972079775,0.017648411403656073,380,0,380,8_POSSA
query_cycle_6_190.graph,3,0.1,380,3999965.0,3986262.3504622886,0.0034256923592359944,380,0,380,8_POSSA
query_cycle_6_190.graph,4,0.1,380,3999965.0,3974597.1129601733,0.00634202725269514,380,0,380,8_POSSA
query_cycle_6_190.graph,5,0.1,380,3999965.0,4175049.03132422,0.04377139083072474,380,0,380,8_POSSA
query_cycle_6_45.graph,1,0.01,29,1509704.0,1048309.6672842305,0.30561907017254347,29,0,29,8_POSSA
query_cycle_6_45.graph,2,0.01,29,1509704.0,527785.1617180868,0.6504048729300003,29,0,29,8_POSSA
query_cycle_6_45.graph,3,0.01,29,1509704.0,1095875.2567458546,0.27411250367896317,29,0,29,8_POSSA
query_cycle_6_45.graph,4,0.01,29,1509704.0,2410488.0777596044,0.5966627085571771,29,0,29,8_POSSA
query_cycle_6_45.graph,5,0.01,29,1509704.0,990016.4128106893,0.3442314435076748,29,0,29,8_POSSA
query_cycle_6_45.graph,1,0.05,145,1509704.0,1388342.9766183775,0.08038729670294475,145,0,145,8_POSSA
query_cycle_6_45.graph,2,0.05,145,1509704.0,1467723.5918819357,0.027807045697742262,145,0,145,8_POSSA
query_cycle_6_45.graph,3,0.05,145,1509704.0,1954065.5927455467,0.29433689832281473,145,0,145,8_POSSA
query_cycle_6_45.graph,4,0.05,145,1509704.0,1471246.416318993,0.02547359196306489,145,0,145,8_POSSA
query_cycle_6_45.graph,5,0.05,145,1509704.0,1847070.9527439072,0.223465628191955,145,0,145,8_POSSA
query_cycle_6_45.graph,1,0.1,290,1509704.0,1411853.327124708,0.06481447547021926,290,0,290,8_POSSA
query_cycle_6_45.graph,2,0.1,290,1509704.0,1415296.8901838027,0.06253352300596494,290,0,290,8_POSSA
query_cycle_6_45.graph,3,0.1,290,1509704.0,1573585.7697504219,0.04231410246672319,290,0,290,8_POSSA
query_cycle_6_45.graph,4,0.1,290,1509704.0,1553292.6537337755,0.02887231784096451,290,0,290,8_POSSA
query_cycle_6_45.graph,5,0.1,290,1509704.0,1407406.2927273759,0.06776010878465191,290,0,290,8_POSSA
query_cycle_6_187.graph,1,0.01,41,71286.0,64763.92869377955,0.09149161555172758,41,0,41,8_POSSA
query_cycle_6_187.graph,2,0.01,41,71286.0,72109.83398399074,0.011556743034968186,41,0,41,8_POSSA
query_cycle_6_187.graph,3,0.01,41,71286.0,56496.62536122462,0.20746534577301823,41,0,41,8_POSSA
query_cycle_6_187.graph,4,0.01,41,71286.0,68055.45227255681,0.04531812315802809,41,0,41,8_POSSA
query_cycle_6_187.graph,5,0.01,41,71286.0,55120.01777964722,0.22677639677289763,41,0,41,8_POSSA
query_cycle_6_187.graph,1,0.05,208,71286.0,75505.99107574769,0.059198034337004324,208,0,208,8_POSSA
query_cycle_6_187.graph,2,0.05,208,71286.0,70888.68823177976,0.005573489440005651,208,0,208,8_POSSA
query_cycle_6_187.graph,3,0.05,208,71286.0,74410.35883616039,0.04382850540302992,208,0,208,8_POSSA
query_cycle_6_187.graph,4,0.05,208,71286.0,80958.64285852465,0.1356878329338811,208,0,208,8_POSSA
query_cycle_6_187.graph,5,0.05,208,71286.0,67361.47358416766,0.055053256120870024,208,0,208,8_POSSA
query_cycle_6_187.graph,1,0.1,417,71286.0,74733.01618667392,0.048354742679823835,417,0,417,8_POSSA
query_cycle_6_187.graph,2,0.1,417,71286.0,71090.73058048722,0.002739239395011422,417,0,417,8_POSSA
query_cycle_6_187.graph,3,0.1,417,71286.0,70292.78021994983,0.01393288696308075,417,0,417,8_POSSA
query_cycle_6_187.graph,4,0.1,417,71286.0,70942.8218906528,0.0048141024794096255,417,0,417,8_POSSA
query_cycle_6_187.graph,5,0.1,417,71286.0,68193.80863096015,0.04337726017787294,417,0,417,8_POSSA
query_cycle_6_62.graph,1,0.01,17,249806.0,113797.51861464872,0.5444564237262166,17,0,17,8_POSSA
query_cycle_6_62.graph,2,0.01,17,249806.0,120130.51088834793,0.5191047817572519,17,0,17,8_POSSA
query_cycle_6_62.graph,3,0.01,17,249806.0,158316.18411972103,0.3662434684526351,17,0,17,8_POSSA
query_cycle_6_62.graph,4,0.01,17,249806.0,487066.04826634633,0.9497772201882514,17,0,17,8_POSSA
query_cycle_6_62.graph,5,0.01,17,249806.0,150801.81855062212,0.3963242734336961,17,0,17,8_POSSA
query_cycle_6_62.graph,1,0.05,89,249806.0,246227.33608472152,0.014325772460543292,89,0,89,8_POSSA
query_cycle_6_62.graph,2,0.05,89,249806.0,243199.23163415317,0.02644759679850296,89,0,89,8_POSSA
query_cycle_6_62.graph,3,0.05,89,249806.0,260161.88603312167,0.04145571376636939,89,0,89,8_POSSA
query_cycle_6_62.graph,4,0.05,89,249806.0,246220.70257942355,0.014352327088126176,89,0,89,8_POSSA
query_cycle_6_62.graph,5,0.05,89,249806.0,260362.8311746081,0.04226011855042748,89,0,89,8_POSSA
query_cycle_6_62.graph,1,0.1,179,249806.0,248369.03553302714,0.005752321669506972,179,0,179,8_POSSA
query_cycle_6_62.graph,2,0.1,179,249806.0,252568.56061442115,0.011058824105190223,179,0,179,8_POSSA
query_cycle_6_62.graph,3,0.1,179,249806.0,242222.50643919222,0.030357531687820866,179,0,179,8_POSSA
query_cycle_6_62.graph,4,0.1,179,249806.0,262859.57604156114,0.0522548539328965,179,0,179,8_POSSA
query_cycle_6_62.graph,5,0.1,179,249806.0,246231.08306209097,0.014310772911415382,179,0,179,8_POSSA
query_cycle_6_39.graph,1,0.01,38,3999965.0,2669867.280502775,0.3325273394885267,38,0,38,8_POSSA
query_cycle_6_39.graph,2,0.01,38,3999965.0,3552436.3576278333,0.11188313957051292,38,0,38,8_POSSA
query_cycle_6_39.graph,3,0.01,38,3999965.0,3272724.246183592,0.18181177930717096,38,0,38,8_POSSA
query_cycle_6_39.graph,4,0.01,38,3999965.0,4545073.265640573,0.13627825884490805,38,0,38,8_POSSA
query_cycle_6_39.graph,5,0.01,38,3999965.0,3091675.328499638,0.22707440477613228,38,0,38,8_POSSA
query_cycle_6_39.graph,1,0.05,190,3999965.0,3921760.474193749,0.019551302525459842,190,0,190,8_POSSA
query_cycle_6_39.graph,2,0.05,190,3999965.0,4013345.6719779056,0.0033451972649524574,190,0,190,8_POSSA
query_cycle_6_39.graph,3,0.05,190,3999965.0,3950242.6544711553,0.012430695150793756,190,0,190,8_POSSA
query_cycle_6_39.graph,4,0.05,190,3999965.0,4348228.659712016,0.08706667676142557,190,0,190,8_POSSA
query_cycle_6_39.graph,5,0.05,190,3999965.0,3732374.737343721,0.06689815102289118,190,0,190,8_POSSA
query_cycle_6_39.graph,1,0.1,380,3999965.0,3967695.8674312923,0.008067353731522073,380,0,380,8_POSSA
query_cycle_6_39.graph,2,0.1,380,3999965.0,4082531.0062199207,0.02064168216969916,380,0,380,8_POSSA
query_cycle_6_39.graph,3,0.1,380,3999965.0,3919407.1608119663,0.020139636018823594,380,0,380,8_POSSA
query_cycle_6_39.graph,4,0.1,380,3999965.0,4133964.6904984917,0.03350021575151076,380,0,380,8_POSSA
query_cycle_6_39.graph,5,0.1,380,3999965.0,3927365.4054129515,0.0181500574597649,380,0,380,8_POSSA
query_cycle_6_61.graph,1,0.01,17,373882.0,440768.77017726173,0.1788980752677629,17,0,17,8_POSSA
query_cycle_6_61.graph,2,0.01,17,373882.0,393429.1798856461,0.05228168215010644,17,0,17,8_POSSA
query_cycle_6_61.graph,3,0.01,17,373882.0,350572.864830595,0.062343560720775605,17,0,17,8_POSSA
query_cycle_6_61.graph,4,0.01,17,373882.0,363026.2826779522,0.029035142965020515,17,0,17,8_POSSA
query_cycle_6_61.graph,5,0.01,17,373882.0,374123.65685836494,0.0006463452596405685,17,0,17,8_POSSA
query_cycle_6_61.graph,1,0.05,86,373882.0,352105.1120351965,0.058245350043071055,86,0,86,8_POSSA
query_cycle_6_61.graph,2,0.05,86,373882.0,357005.4455912509,0.045138718656552335,86,0,86,8_POSSA
query_cycle_6_61.graph,3,0.05,86,373882.0,331917.777800046,0.11223921504633541,86,0,86,8_POSSA
query_cycle_6_61.graph,4,0.05,86,373882.0,396983.3374066635,0.06178777637506891,86,0,86,8_POSSA
query_cycle_6_61.graph,5,0.05,86,373882.0,351888.1790351167,0.05882556786602006,86,0,86,8_POSSA
query_cycle_6_61.graph,1,0.1,173,373882.0,357044.2779889809,0.045034855946579744,173,0,173,8_POSSA
query_cycle_6_61.graph,2,0.1,173,373882.0,385863.87183431606,0.032047201615258446,173,0,173,8_POSSA
query_cycle_6_61.graph,3,0.1,173,373882.0,369856.33406935993,0.01076720978982692,173,0,173,8_POSSA
query_cycle_6_61.graph,4,0.1,173,373882.0,355756.9981900685,0.04847786684015672,173,0,173,8_POSSA
query_cycle_6_61.graph,5,0.1,173,373882.0,353590.1956006264,0.05427328515246412,173,0,173,8_POSSA
query_cycle_6_60.graph,1,0.01,18,537440.0,180715.22813988387,0.6637480869680638,18,0,18,8_POSSA
query_cycle_6_60.graph,2,0.01,18,537440.0,570830.0971812268,0.06212804625860901,18,0,18,8_POSSA
query_cycle_6_60.graph,3,0.01,18,537440.0,561298.0556274144,0.04439203562707349,18,0,18,8_POSSA
query_cycle_6_60.graph,4,0.01,18,537440.0,1127905.086389168,1.098662336984906,18,0,18,8_POSSA
query_cycle_6_60.graph,5,0.01,18,537440.0,931716.6888708682,0.7336199182622585,18,0,18,8_POSSA
query_cycle_6_60.graph,1,0.05,92,537440.0,514291.39844483737,0.04307197371829904,92,0,92,8_POSSA
query_cycle_6_60.graph,2,0.05,92,537440.0,540148.9759836199,0.005040517980834926,92,0,92,8_POSSA
query_cycle_6_60.graph,3,0.05,92,537440.0,561830.4667341665,0.04538267850209603,92,0,92,8_POSSA
query_cycle_6_60.graph,4,0.05,92,537440.0,525763.0261844873,0.021727027790102573,92,0,92,8_POSSA
query_cycle_6_60.graph,5,0.05,92,537440.0,486459.71340356825,0.09485763358966907,92,0,92,8_POSSA
query_cycle_6_60.graph,1,0.1,184,537440.0,572009.8799846405,0.06432323605358833,184,0,184,8_POSSA
query_cycle_6_60.graph,2,0.1,184,537440.0,580323.2766239101,0.07979174721626611,184,0,184,8_POSSA
query_cycle_6_60.graph,3,0.1,184,537440.0,574808.7211857538,0.06953096380201292,184,0,184,8_POSSA
query_cycle_6_60.graph,4,0.1,184,537440.0,533090.0858707004,0.008093766986639583,184,0,184,8_POSSA
query_cycle_6_60.graph,5,0.1,184,537440.0,530986.184084607,0.012008439854482258,184,0,184,8_POSSA
query_cycle_6_54.graph,1,0.01,28,1509704.0,1122228.1899208957,0.2566568082744063,28,0,28,8_POSSA
query_cycle_6_54.graph,2,0.01,28,1509704.0,1178307.499479165,0.2195109110930586,28,0,28,8_POSSA
query_cycle_6_54.graph,3,0.01,28,1509704.0,1657025.0525820833,0.0975827397834829,28,0,28,8_POSSA
query_cycle_6_54.graph,4,0.01,28,1509704.0,1787418.4901820857,0.18395294056456474,28,0,28,8_POSSA
query_cycle_6_54.graph,5,0.01,28,1509704.0,1733976.5957902719,0.14855401839716387,28,0,28,8_POSSA
query_cycle_6_54.graph,1,0.05,143,1509704.0,1467263.598761427,0.02811173663087136,143,0,143,8_POSSA
query_cycle_6_54.graph,2,0.05,143,1509704.0,1451466.8364582043,0.03857521973962822,143,0,143,8_POSSA
query_cycle_6_54.graph,3,0.05,143,1509704.0,1633572.311834264,0.08204807818901194,143,0,143,8_POSSA
query_cycle_6_54.graph,4,0.05,143,1509704.0,1596928.2213808736,0.057775710590204164,143,0,143,8_POSSA
query_cycle_6_54.graph,5,0.05,143,1509704.0,1517313.0573636624,0.005040098829745701,143,0,143,8_POSSA
query_cycle_6_54.graph,1,0.1,287,1509704.0,1462175.7700071381,0.03148182027262421,287,0,287,8_POSSA
query_cycle_6_54.graph,2,0.1,287,1509704.0,1498534.301976399,0.007398601330857552,287,0,287,8_POSSA
query_cycle_6_54.graph,3,0.1,287,1509704.0,1476404.0128928563,0.022057295408334177,287,0,287,8_POSSA
query_cycle_6_54.graph,4,0.1,287,1509704.0,1485357.4164345907,0.016126726540705526,287,0,287,8_POSSA
query_cycle_6_54.graph,5,0.1,287,1509704.0,1552155.875815056,0.028119337178053466,287,0,287,8_POSSA
query_cycle_6_72.graph,1,0.01,20,2679.0,2380.08334235604,0.11157769975511767,20,0,20,8_POSSA
query_cycle_6_72.graph,2,0.01,20,2679.0,3531.686507124277,0.31828537033380994,20,0,20,8_POSSA
query_cycle_6_72.graph,3,0.01,20,2679.0,4662.108151566732,0.7402419378748533,20,0,20,8_POSSA
query_cycle_6_72.graph,4,0.01,20,2679.0,3056.919752892644,0.1410674702846748,20,0,20,8_POSSA
query_cycle_6_72.graph,5,0.01,20,2679.0,2305.5823429983607,0.1393869567008732,20,0,20,8_POSSA
query_cycle_6_72.graph,1,0.05,100,2679.0,3438.4195082308843,0.2834712610044361,100,0,100,8_POSSA
query_cycle_6_72.graph,2,0.05,100,2679.0,2638.099261152821,0.015267166422985864,100,0,100,8_POSSA
query_cycle_6_72.graph,3,0.05,100,2679.0,2976.2747656677216,0.11096482481064635,100,0,100,8_POSSA
query_cycle_6_72.graph,4,0.05,100,2679.0,2537.9461678922635,0.05265167305253323,100,0,100,8_POSSA
query_cycle_6_72.graph,5,0.05,100,2679.0,2133.906965750051,0.20346884443820423,100,0,100,8_POSSA
query_cycle_6_72.graph,1,0.1,201,2679.0,2970.2106129440544,0.10870123663458546,201,0,201,8_POSSA
query_cycle_6_72.graph,2,0.1,201,2679.0,3019.691003050764,0.12717096045194617,201,0,201,8_POSSA
query_cycle_6_72.graph,3,0.1,201,2679.0,3090.309449084519,0.15353096270418784,201,0,201,8_POSSA
query_cycle_6_72.graph,4,0.1,201,2679.0,2609.8746279406414,0.02580267714048473,201,0,201,8_POSSA
query_cycle_6_72.graph,5,0.1,201,2679.0,2817.867470982785,0.05183556214363012,201,0,201,8_POSSA
query_cycle_6_73.graph,1,0.01,12,434.0,555.6583597308767,0.2803188012232181,12,0,12,8_POSSA
query_cycle_6_73.graph,2,0.01,12,434.0,512.7899109661712,0.18154357365477233,12,0,12,8_POSSA
query_cycle_6_73.graph,3,0.01,12,434.0,227.0127193329538,0.4769292181268346,12,0,12,8_POSSA
query_cycle_6_73.graph,4,0.01,12,434.0,47.60191108347516,0.8903181772270158,12,0,12,8_POSSA
query_cycle_6_73.graph,5,0.01,12,434.0,577.5091327097534,0.33066620440035355,12,0,12,8_POSSA
query_cycle_6_73.graph,1,0.05,64,434.0,390.63371188626337,0.09992232284271113,64,0,64,8_POSSA
query_cycle_6_73.graph,2,0.05,64,434.0,443.2521413862374,0.02131829812497093,64,0,64,8_POSSA
query_cycle_6_73.graph,3,0.05,64,434.0,478.17477661275666,0.10178519956856373,64,0,64,8_POSSA
query_cycle_6_73.graph,4,0.05,64,434.0,471.0562441069019,0.08538305093756195,64,0,64,8_POSSA
query_cycle_6_73.graph,5,0.05,64,434.0,283.8748058169374,0.34591058567525945,64,0,64,8_POSSA
query_cycle_6_73.graph,1,0.1,129,434.0,463.12525952339763,0.06710889291105444,129,0,129,8_POSSA
query_cycle_6_73.graph,2,0.1,129,434.0,444.771168860522,0.02481836142977415,129,0,129,8_POSSA
query_cycle_6_73.graph,3,0.1,129,434.0,428.8414795301697,0.01188599186596845,129,0,129,8_POSSA
query_cycle_6_73.graph,4,0.1,129,434.0,387.9596721986076,0.10608370461150318,129,0,129,8_POSSA
query_cycle_6_73.graph,5,0.1,129,434.0,426.58785787561436,0.017078668489367833,129,0,129,8_POSSA
query_cycle_6_58.graph,1,0.01,41,581304.0,432896.16873949155,0.25530158275275666,41,0,41,8_POSSA
query_cycle_6_58.graph,2,0.01,41,581304.0,438775.9545816806,0.2451867618635334,41,0,41,8_POSSA
query_cycle_6_58.graph,3,0.01,41,581304.0,660354.4710020996,0.13598817658591644,41,0,41,8_POSSA
query_cycle_6_58.graph,4,0.01,41,581304.0,488823.5606245677,0.1590913521589948,41,0,41,8_POSSA
query_cycle_6_58.graph,5,0.01,41,581304.0,552147.2291722146,0.050157526574366194,41,0,41,8_POSSA
query_cycle_6_58.graph,1,0.05,208,581304.0,623840.9789762881,0.07317510111110213,208,0,208,8_POSSA
query_cycle_6_58.graph,2,0.05,208,581304.0,567038.9090993452,0.024539812044394652,208,0,208,8_POSSA
query_cycle_6_58.graph,3,0.05,208,581304.0,564357.66901673,0.02915226969583894,208,0,208,8_POSSA
query_cycle_6_58.graph,4,0.05,208,581304.0,575480.526938518,0.01001794768568934,208,0,208,8_POSSA
query_cycle_6_58.graph,5,0.05,208,581304.0,640715.1454247393,0.10220322830178244,208,0,208,8_POSSA
query_cycle_6_58.graph,1,0.1,416,581304.0,578657.4040251835,0.004552860422113859,416,0,416,8_POSSA
query_cycle_6_58.graph,2,0.1,416,581304.0,572086.216677713,0.01585707877855137,416,0,416,8_POSSA
query_cycle_6_58.graph,3,0.1,416,581304.0,611971.7771967838,0.052756865937244206,416,0,416,8_POSSA
query_cycle_6_58.graph,4,0.1,416,581304.0,604438.366868591,0.03979736397580449,416,0,416,8_POSSA
query_cycle_6_58.graph,5,0.1,416,581304.0,592614.0579855603,0.019456356717931184,416,0,416,8_POSSA
query_cycle_6_66.graph,1,0.01,36,356812.0,387021.7814626528,0.08466582251340421,36,0,36,8_POSSA
query_cycle_6_66.graph,2,0.01,36,356812.0,549999.7377697905,0.5414272439542125,36,0,36,8_POSSA
query_cycle_6_66.graph,3,0.01,36,356812.0,426960.63035578304,0.1965982936554349,36,0,36,8_POSSA
query_cycle_6_66.graph,4,0.01,36,356812.0,408125.8832074227,0.14381210051069662,36,0,36,8_POSSA
query_cycle_6_66.graph,5,0.01,36,356812.0,462261.065831969,0.29553116440021365,36,0,36,8_POSSA
query_cycle_6_66.graph,1,0.05,182,356812.0,349624.5461803848,0.0201435316626548,182,0,182,8_POSSA
query_cycle_6_66.graph,2,0.05,182,356812.0,355103.7287250493,0.004787594797682546,182,0,182,8_POSSA
query_cycle_6_66.graph,3,0.05,182,356812.0,352170.52354786533,0.013008184848420642,182,0,182,8_POSSA
query_cycle_6_66.graph,4,0.05,182,356812.0,462289.08691547177,0.2956096961858675,182,0,182,8_POSSA
query_cycle_6_66.graph,5,0.05,182,356812.0,401143.6333527506,0.12424367272611521,182,0,182,8_POSSA
query_cycle_6_66.graph,1,0.1,365,356812.0,393126.8848722867,0.10177596289442815,365,0,365,8_POSSA
query_cycle_6_66.graph,2,0.1,365,356812.0,366750.97254396486,0.02785492792833442,365,0,365,8_POSSA
query_cycle_6_66.graph,3,0.1,365,356812.0,358451.37428753317,0.004594504353926343,365,0,365,8_POSSA
query_cycle_6_66.graph,4,0.1,365,356812.0,374149.2477075836,0.048589306714974814,365,0,365,8_POSSA
query_cycle_6_66.graph,5,0.1,365,356812.0,365909.49803934526,0.025496614573907988,365,0,365,8_POSSA
query_cycle_6_59.graph,1,0.01,42,71286.0,49289.168518608385,0.3085715495523892,42,0,42,8_POSSA
query_cycle_6_59.graph,2,0.01,42,71286.0,57597.18338367899,0.1920267179575374,42,0,42,8_POSSA
query_cycle_6_59.graph,3,0.01,42,71286.0,66702.0150170308,0.06430414082665875,42,0,42,8_POSSA
query_cycle_6_59.graph,4,0.01,42,71286.0,40213.99763615928,0.43587804567293326,42,0,42,8_POSSA
query_cycle_6_59.graph,5,0.01,42,71286.0,69342.61123371382,0.027261857395367697,42,0,42,8_POSSA
query_cycle_6_59.graph,1,0.05,210,71286.0,81433.22217944005,0.14234523159442322,210,0,210,8_POSSA
query_cycle_6_59.graph,2,0.05,210,71286.0,68318.0806671819,0.04163397206770052,210,0,210,8_POSSA
query_cycle_6_59.graph,3,0.05,210,71286.0,79519.44322782187,0.11549874067589531,210,0,210,8_POSSA
query_cycle_6_59.graph,4,0.05,210,71286.0,77192.3698638354,0.0828545557870465,210,0,210,8_POSSA
query_cycle_6_59.graph,5,0.05,210,71286.0,66769.09498176511,0.06336314308889386,210,0,210,8_POSSA
query_cycle_6_59.graph,1,0.1,420,71286.0,70108.0691015633,0.016524014511077833,420,0,420,8_POSSA
query_cycle_6_59.graph,2,0.1,420,71286.0,69425.60951792543,0.026097557473761558,420,0,420,8_POSSA
query_cycle_6_59.graph,3,0.1,420,71286.0,76432.24396889831,0.07219150981817347,420,0,420,8_POSSA
query_cycle_6_59.graph,4,0.1,420,71286.0,68244.85386817754,0.042661197595915905,420,0,420,8_POSSA
query_cycle_6_59.graph,5,0.1,420,71286.0,70946.812740168,0.004758118842858404,420,0,420,8_POSSA
query_cycle_6_68.graph,1,0.01,38,3999965.0,7096133.678524225,0.7740489425593037,38,0,38,8_POSSA
query_cycle_6_68.graph,2,0.01,38,3999965.0,4308643.8598288605,0.07717039019812935,38,0,38,8_POSSA
query_cycle_6_68.graph,3,0.01,38,3999965.0,3645533.11761677,0.08860874592233435,38,0,38,8_POSSA
query_cycle_6_68.graph,4,0.01,38,3999965.0,3474519.806057145,0.13136244790713297,38,0,38,8_POSSA
query_cycle_6_68.graph,5,0.01,38,3999965.0,4402322.964891839,0.10059037138870937,38,0,38,8_POSSA
query_cycle_6_68.graph,1,0.05,190,3999965.0,3963011.8539191196,0.00923836735593447,190,0,190,8_POSSA
query_cycle_6_68.graph,2,0.05,190,3999965.0,4084279.727140574,0.02107886622522292,190,0,190,8_POSSA
query_cycle_6_68.graph,3,0.05,190,3999965.0,4418535.274966845,0.10464348437219959,190,0,190,8_POSSA
query_cycle_6_68.graph,4,0.05,190,3999965.0,4103160.0210282756,0.025798980998152633,190,0,190,8_POSSA
query_cycle_6_68.graph,5,0.05,190,3999965.0,3888848.947876565,0.02777925609934958,190,0,190,8_POSSA
query_cycle_6_68.graph,1,0.1,381,3999965.0,3995563.361506247,0.0011004192521067155,381,0,381,8_POSSA
query_cycle_6_68.graph,2,0.1,381,3999965.0,3981308.0291044475,0.0046642835363690785,381,0,381,8_POSSA
query_cycle_6_68.graph,3,0.1,381,3999965.0,3955766.799569621,0.011049646792004125,381,0,381,8_POSSA
query_cycle_6_68.graph,4,0.1,381,3999965.0,4054015.596806335,0.013512767438298785,381,0,381,8_POSSA
query_cycle_6_68.graph,5,0.1,381,3999965.0,3978566.152855687,0.005349758596466008,381,0,381,8_POSSA
query_cycle_6_89.graph,1,0.01,20,2679.0,4301.425040826109,0.6056084512228849,20,0,20,8_POSSA
query_cycle_6_89.graph,2,0.01,20,2679.0,2566.199386537268,0.04210549214734309,20,0,20,8_POSSA
query_cycle_6_89.graph,3,0.01,20,2679.0,3769.1147239410357,0.40691105783539966,20,0,20,8_POSSA
query_cycle_6_89.graph,4,0.01,20,2679.0,1162.7548616217812,0.5659742957738779,20,0,20,8_POSSA
query_cycle_6_89.graph,5,0.01,20,2679.0,1716.2855305501737,0.35935590498313785,20,0,20,8_POSSA
query_cycle_6_89.graph,1,0.05,101,2679.0,2705.235933153625,0.009793181468318386,101,0,101,8_POSSA
query_cycle_6_89.graph,2,0.05,101,2679.0,2207.32698978469,0.1760630870531206,101,0,101,8_POSSA
query_cycle_6_89.graph,3,0.05,101,2679.0,2265.5887839333072,0.15431549685206897,101,0,101,8_POSSA
query_cycle_6_89.graph,4,0.05,101,2679.0,2578.7614593421476,0.0374164018879628,101,0,101,8_POSSA
query_cycle_6_89.graph,5,0.05,101,2679.0,2938.298291153731,0.0967892090906051,101,0,101,8_POSSA
query_cycle_6_89.graph,1,0.1,203,2679.0,2711.1177066004375,0.011988692273399585,203,0,203,8_POSSA
query_cycle_6_89.graph,2,0.1,203,2679.0,2577.5180354863223,0.037880539198834516,203,0,203,8_POSSA
query_cycle_6_89.graph,3,0.1,203,2679.0,2688.3142161703026,0.0034767510900719084,203,0,203,8_POSSA
query_cycle_6_89.graph,4,0.1,203,2679.0,2770.517575702304,0.03416109582019557,203,0,203,8_POSSA
query_cycle_6_89.graph,5,0.1,203,2679.0,2591.286453910522,0.032741151955758815,203,0,203,8_POSSA
query_cycle_6_82.graph,1,0.01,25,33346.0,51386.798548304556,0.5410183694687386,25,0,25,8_POSSA
query_cycle_6_82.graph,2,0.01,25,33346.0,37899.76526848617,0.13656106484994204,25,0,25,8_POSSA
query_cycle_6_82.graph,3,0.01,25,33346.0,41133.35148133045,0.23353180235501858,25,0,25,8_POSSA
query_cycle_6_82.graph,4,0.01,25,33346.0,32877.95021261572,0.014036159880773804,25,0,25,8_POSSA
query_cycle_6_82.graph,5,0.01,25,33346.0,20409.992570013146,0.3879328084324013,25,0,25,8_POSSA
query_cycle_6_82.graph,1,0.05,129,33346.0,31874.169751624773,0.044138134959972014,129,0,129,8_POSSA
query_cycle_6_82.graph,2,0.05,129,33346.0,33783.1373745437,0.013109139763201022,129,0,129,8_POSSA
query_cycle_6_82.graph,3,0.05,129,33346.0,32210.09921768396,0.034064079119415794,129,0,129,8_POSSA
query_cycle_6_82.graph,4,0.05,129,33346.0,31206.540088091268,0.064159416778886,129,0,129,8_POSSA
query_cycle_6_82.graph,5,0.05,129,33346.0,34902.051386736326,0.04666380935453506,129,0,129,8_POSSA
query_cycle_6_82.graph,1,0.1,259,33346.0,34970.59882414339,0.04871945133279518,259,0,259,8_POSSA
query_cycle_6_82.graph,2,0.1,259,33346.0,33039.1941814684,0.00920067829819459,259,0,259,8_POSSA
query_cycle_6_82.graph,3,0.1,259,33346.0,33368.9163432543,0.0006872291505517644,259,0,259,8_POSSA
query_cycle_6_82.graph,4,0.1,259,33346.0,33528.12713358805,0.005461738546993701,259,0,259,8_POSSA
query_cycle_6_82.graph,5,0.1,259,33346.0,33437.451214243716,0.0027424942794852785,259,0,259,8_POSSA
query_cycle_6_63.graph,1,0.01,50,218958.0,172951.1300035244,0.21011732842132103,50,0,50,8_POSSA
query_cycle_6_63.graph,2,0.01,50,218958.0,145966.47373746664,0.33335857224916815,50,0,50,8_POSSA
query_cycle_6_63.graph,3,0.01,50,218958.0,215504.52198510294,0.015772330834667198,50,0,50,8_POSSA
query_cycle_6_63.graph,4,0.01,50,218958.0,277379.8169547283,0.2668174579358976,50,0,50,8_POSSA
query_cycle_6_63.graph,5,0.01,50,218958.0,184021.83131619595,0.15955648427462824,50,0,50,8_POSSA
query_cycle_6_63.graph,1,0.05,252,218958.0,238140.74883399054,0.08760926220549393,252,0,252,8_POSSA
query_cycle_6_63.graph,2,0.05,252,218958.0,209650.34828244877,0.04250884515546921,252,0,252,8_POSSA
query_cycle_6_63.graph,3,0.05,252,218958.0,203996.39940290293,0.06833091550478664,252,0,252,8_POSSA
query_cycle_6_63.graph,4,0.05,252,218958.0,200328.93663454716,0.08508053309517276,252,0,252,8_POSSA
query_cycle_6_63.graph,5,0.05,252,218958.0,241123.43648634676,0.10123145300170244,252,0,252,8_POSSA
query_cycle_6_63.graph,1,0.1,505,218958.0,213526.90919840365,0.024804258358207282,505,0,505,8_POSSA
query_cycle_6_63.graph,2,0.1,505,218958.0,224376.5997252648,0.0247472105393034,505,0,505,8_POSSA
query_cycle_6_63.graph,3,0.1,505,218958.0,219237.62707695566,0.0012770808874563052,505,0,505,8_POSSA
query_cycle_6_63.graph,4,0.1,505,218958.0,212282.71099034318,0.0304866184823428,505,0,505,8_POSSA
query_cycle_6_63.graph,5,0.1,505,218958.0,210125.5662391473,0.040338483914050635,505,0,505,8_POSSA
query_cycle_6_88.graph,1,0.01,24,1179.0,1221.5732638864874,0.03610963858056611,24,0,24,8_POSSA
query_cycle_6_88.graph,2,0.01,24,1179.0,1246.6091279846498,0.05734446818036457,24,0,24,8_POSSA
query_cycle_6_88.graph,3,0.01,24,1179.0,1496.247442857149,0.26908180055737835,24,0,24,8_POSSA
query_cycle_6_88.graph,4,0.01,24,1179.0,2172.405224332379,0.8425828874744521,24,0,24,8_POSSA
query_cycle_6_88.graph,5,0.01,24,1179.0,1274.221540026082,0.080764664992436,24,0,24,8_POSSA
query_cycle_6_88.graph,1,0.05,120,1179.0,1011.5818035751362,0.14200016660293793,120,0,120,8_POSSA
query_cycle_6_88.graph,2,0.05,120,1179.0,1586.544061176038,0.3456692630840017,120,0,120,8_POSSA
query_cycle_6_88.graph,3,0.05,120,1179.0,1160.4182604919272,0.015760593306253446,120,0,120,8_POSSA
query_cycle_6_88.graph,4,0.05,120,1179.0,1094.6388730513138,0.07155311870117574,120,0,120,8_POSSA
query_cycle_6_88.graph,5,0.05,120,1179.0,1156.0695338985524,0.019449080662805398,120,0,120,8_POSSA
query_cycle_6_88.graph,1,0.1,241,1179.0,1233.2715465529768,0.04603184610091333,241,0,241,8_POSSA
query_cycle_6_88.graph,2,0.1,241,1179.0,1125.969033731376,0.044979615155745604,241,0,241,8_POSSA
query_cycle_6_88.graph,3,0.1,241,1179.0,1244.5807595465108,0.05562405389865205,241,0,241,8_POSSA
query_cycle_6_88.graph,4,0.1,241,1179.0,1359.3206652198805,0.15294373640363065,241,0,241,8_POSSA
query_cycle_6_88.graph,5,0.1,241,1179.0,1123.0875251114448,0.047423642823201995,241,0,241,8_POSSA
query_cycle_6_96.graph,1,0.01,25,33346.0,28555.93471555958,0.1436473725316506,25,0,25,8_POSSA
query_cycle_6_96.graph,2,0.01,25,33346.0,34491.032062161416,0.034337913457728526,25,0,25,8_POSSA
query_cycle_6_96.graph,3,0.01,25,33346.0,34514.08539827628,0.03502925083297182,25,0,25,8_POSSA
query_cycle_6_96.graph,4,0.01,25,33346.0,27421.630648902203,0.1776635683769507,25,0,25,8_POSSA
query_cycle_6_96.graph,5,0.01,25,33346.0,28052.466423052603,0.15874568394852145,25,0,25,8_POSSA
query_cycle_6_96.graph,1,0.05,129,33346.0,31156.065751059334,0.06567307170097361,129,0,129,8_POSSA
query_cycle_6_96.graph,2,0.05,129,33346.0,34185.72164862354,0.025182080268204315,129,0,129,8_POSSA
query_cycle_6_96.graph,3,0.05,129,33346.0,33249.03199032599,0.002907935274815934,129,0,129,8_POSSA
query_cycle_6_96.graph,4,0.05,129,33346.0,31492.416576275216,0.0555863798873863,129,0,129,8_POSSA
query_cycle_6_96.graph,5,0.05,129,33346.0,34595.25316334234,0.03746335882391718,129,0,129,8_POSSA
query_cycle_6_96.graph,1,0.1,259,33346.0,32133.831539988078,0.03635124032903264,259,0,259,8_POSSA
query_cycle_6_96.graph,2,0.1,259,33346.0,32483.061998686295,0.025878306283023605,259,0,259,8_POSSA
query_cycle_6_96.graph,3,0.1,259,33346.0,32646.175304171957,0.020986765903797857,259,0,259,8_POSSA
query_cycle_6_96.graph,4,0.1,259,33346.0,32592.79288415196,0.022587630175974312,259,0,259,8_POSSA
query_cycle_6_96.graph,5,0.1,259,33346.0,32415.51710353198,0.027903883418341633,259,0,259,8_POSSA
query_cycle_8_222.graph,1,0.01,27,1745210.0,914803.983646817,0.4758201112491809,27,0,27,8_POSSA
query_cycle_8_222.graph,2,0.01,27,1745210.0,1714156.0299123565,0.017793830019105714,27,0,27,8_POSSA
query_cycle_8_222.graph,3,0.01,27,1745210.0,2093631.97468918,0.19964472739050318,27,0,27,8_POSSA
query_cycle_8_222.graph,4,0.01,27,1745210.0,2444186.020943076,0.40051112527608473,27,0,27,8_POSSA
query_cycle_8_222.graph,5,0.01,27,1745210.0,1961714.641941762,0.12405649861149207,27,0,27,8_POSSA
query_cycle_8_222.graph,1,0.05,135,1745210.0,1754818.578474481,0.0055056861205705285,135,0,135,8_POSSA
query_cycle_8_222.graph,2,0.05,135,1745210.0,1664859.7794499036,0.04604043097970809,135,0,135,8_POSSA
query_cycle_8_222.graph,3,0.05,135,1745210.0,2065019.7841369,0.183250029587786,135,0,135,8_POSSA
query_cycle_8_222.graph,4,0.05,135,1745210.0,1726599.825020078,0.010663573426648882,135,0,135,8_POSSA
query_cycle_8_222.graph,5,0.05,135,1745210.0,1776626.321185875,0.0180014560917454,135,0,135,8_POSSA
query_cycle_8_222.graph,1,0.1,270,1745210.0,1748630.3861822966,0.0019598708363443686,270,0,270,8_POSSA
query_cycle_8_222.graph,2,0.1,270,1745210.0,1655083.991122654,0.05164192783524393,270,0,270,8_POSSA
query_cycle_8_222.graph,3,0.1,270,1745210.0,1829017.7525500152,0.048021586256103976,270,0,270,8_POSSA
query_cycle_8_222.graph,4,0.1,270,1745210.0,1775685.7936485868,0.01746253668531973,270,0,270,8_POSSA
query_cycle_8_222.graph,5,0.1,270,1745210.0,1887869.4895302209,0.08174345180821842,270,0,270,8_POSSA
query_cycle_6_76.graph,1,0.01,37,3999965.0,2767451.763587868,0.30813100524932896,37,0,37,8_POSSA
query_cycle_6_76.graph,2,0.01,37,3999965.0,3335135.160987272,0.16620891408118024,37,0,37,8_POSSA
query_cycle_6_76.graph,3,0.01,37,3999965.0,4221686.337599614,0.05543081941957335,37,0,37,8_POSSA
query_cycle_6_76.graph,4,0.01,37,3999965.0,4586300.16354383,0.1465850735053506,37,0,37,8_POSSA
query_cycle_6_76.graph,5,0.01,37,3999965.0,4312320.273267682,0.07808950160005942,37,0,37,8_POSSA
query_cycle_6_76.graph,1,0.05,189,3999965.0,4156276.687886149,0.03907826390634647,189,0,189,8_POSSA
query_cycle_6_76.graph,2,0.05,189,3999965.0,4057811.8525611414,0.014461839681382553,189,0,189,8_POSSA
query_cycle_6_76.graph,3,0.05,189,3999965.0,3868666.992199026,0.0328247891671487,189,0,189,8_POSSA
query_cycle_6_76.graph,4,0.05,189,3999965.0,3642527.4220043337,0.08936017640046008,189,0,189,8_POSSA
query_cycle_6_76.graph,5,0.05,189,3999965.0,4076609.062095828,0.019161183184309837,189,0,189,8_POSSA
query_cycle_6_76.graph,1,0.1,378,3999965.0,4004995.258652203,0.001257575666837781,378,0,378,8_POSSA
query_cycle_6_76.graph,2,0.1,378,3999965.0,4057923.343692925,0.014489712708217403,378,0,378,8_POSSA
query_cycle_6_76.graph,3,0.1,378,3999965.0,3951234.0769769507,0.012182837355589175,378,0,378,8_POSSA
query_cycle_6_76.graph,4,0.1,378,3999965.0,4124012.995531632,0.031012270240272626,378,0,378,8_POSSA
query_cycle_6_76.graph,5,0.1,378,3999965.0,3914221.061567304,0.021436172174680482,378,0,378,8_POSSA
query_cycle_8_223.graph,1,0.01,19,17340.0,21025.909714317484,0.21256688087182724,19,0,19,8_POSSA
query_cycle_8_223.graph,2,0.01,19,17340.0,4118.957492627358,0.7624591988104177,19,0,19,8_POSSA
query_cycle_8_223.graph,3,0.01,19,17340.0,15767.415291848072,0.09069115963967288,19,0,19,8_POSSA
query_cycle_8_223.graph,4,0.01,19,17340.0,18030.603807864012,0.039827209219377865,19,0,19,8_POSSA
query_cycle_8_223.graph,5,0.01,19,17340.0,22914.522758990995,0.3214834347745672,19,0,19,8_POSSA
query_cycle_8_223.graph,1,0.05,96,17340.0,17731.713182139247,0.02259014891229797,96,0,96,8_POSSA
query_cycle_8_223.graph,2,0.05,96,17340.0,16790.49890591344,0.03168979781352718,96,0,96,8_POSSA
query_cycle_8_223.graph,3,0.05,96,17340.0,18059.326072129148,0.04148362584366483,96,0,96,8_POSSA
query_cycle_8_223.graph,4,0.05,96,17340.0,18252.984065871406,0.05265190691299917,96,0,96,8_POSSA
query_cycle_8_223.graph,5,0.05,96,17340.0,17649.20017382653,0.01783161325412524,96,0,96,8_POSSA
query_cycle_8_223.graph,1,0.1,192,17340.0,18399.34406998836,0.06109250691974402,192,0,192,8_POSSA
query_cycle_8_223.graph,2,0.1,192,17340.0,18096.266824497445,0.04361400371957582,192,0,192,8_POSSA
query_cycle_8_223.graph,3,0.1,192,17340.0,17803.94011385352,0.026755485228000076,192,0,192,8_POSSA
query_cycle_8_223.graph,4,0.1,192,17340.0,19678.682670027763,0.13487212629917897,192,0,192,8_POSSA
query_cycle_8_223.graph,5,0.1,192,17340.0,17620.830369592673,0.01619552304456017,192,0,192,8_POSSA
query_cycle_6_87.graph,1,0.01,38,3999965.0,4804351.583318614,0.2010984054407012,38,0,38,8_POSSA
query_cycle_6_87.graph,2,0.01,38,3999965.0,3548640.353901163,0.11283214880601125,38,0,38,8_POSSA
query_cycle_6_87.graph,3,0.01,38,3999965.0,4577469.728023245,0.1443774453084577,38,0,38,8_POSSA
query_cycle_6_87.graph,4,0.01,38,3999965.0,4551593.87043737,0.1379084243080551,38,0,38,8_POSSA
query_cycle_6_87.graph,5,0.01,38,3999965.0,4012131.532374693,0.003041659708195717,38,0,38,8_POSSA
query_cycle_6_87.graph,1,0.05,192,3999965.0,4201571.579553673,0.05040208590666995,192,0,192,8_POSSA
query_cycle_6_87.graph,2,0.05,192,3999965.0,4303633.304867906,0.07591774049720575,192,0,192,8_POSSA
query_cycle_6_87.graph,3,0.05,192,3999965.0,3806107.3120838758,0.04846484604643397,192,0,192,8_POSSA
query_cycle_6_87.graph,4,0.05,192,3999965.0,4197931.866079934,0.04949214957629228,192,0,192,8_POSSA
query_cycle_6_87.graph,5,0.05,192,3999965.0,3958731.850371113,0.010308377605525786,192,0,192,8_POSSA
query_cycle_6_87.graph,1,0.1,384,3999965.0,4181770.3766951007,0.04545174187651659,384,0,384,8_POSSA
query_cycle_6_87.graph,2,0.1,384,3999965.0,3999643.1535528842,8.046231582420447e-05,384,0,384,8_POSSA
query_cycle_6_87.graph,3,0.1,384,3999965.0,4024457.689962416,0.006123226068832091,384,0,384,8_POSSA
query_cycle_6_87.graph,4,0.1,384,3999965.0,4006431.4650763865,0.0016166304146127436,384,0,384,8_POSSA
query_cycle_6_87.graph,5,0.1,384,3999965.0,4016775.186821288,0.004202583477927423,384,0,384,8_POSSA
query_cycle_8_232.graph,1,0.01,19,88626.0,112436.15201222558,0.26865876844521447,19,0,19,8_POSSA
query_cycle_8_232.graph,2,0.01,19,88626.0,112803.32294586848,0.2728016941514734,19,0,19,8_POSSA
query_cycle_8_232.graph,3,0.01,19,88626.0,47274.807853039296,0.46658082444159393,19,0,19,8_POSSA
query_cycle_8_232.graph,4,0.01,19,88626.0,87432.51208904799,0.013466566368244212,19,0,19,8_POSSA
query_cycle_8_232.graph,5,0.01,19,88626.0,138854.99419533522,0.5667523547868032,19,0,19,8_POSSA
query_cycle_8_232.graph,1,0.05,96,88626.0,91606.13085160484,0.033625920741146446,96,0,96,8_POSSA
query_cycle_8_232.graph,2,0.05,96,88626.0,95429.30188614872,0.0767641762704931,96,0,96,8_POSSA
query_cycle_8_232.graph,3,0.05,96,88626.0,94794.95288973468,0.06960658147422512,96,0,96,8_POSSA
query_cycle_8_232.graph,4,0.05,96,88626.0,88796.44152178237,0.0019231548505220795,96,0,96,8_POSSA
query_cycle_8_232.graph,5,0.05,96,88626.0,125574.94815425234,0.41690867413910526,96,0,96,8_POSSA
query_cycle_8_232.graph,1,0.1,193,88626.0,94778.32216477505,0.06941893084168356,193,0,193,8_POSSA
query_cycle_8_232.graph,2,0.1,193,88626.0,98983.69137980412,0.1168696700720344,193,0,193,8_POSSA
query_cycle_8_232.graph,3,0.1,193,88626.0,91049.32274404062,0.02734324852797846,193,0,193,8_POSSA
query_cycle_8_232.graph,4,0.1,193,88626.0,88485.37623584562,0.0015867100416851131,193,0,193,8_POSSA
query_cycle_8_232.graph,5,0.1,193,88626.0,93160.32525969938,0.05116247218309959,193,0,193,8_POSSA
query_cycle_6_92.graph,1,0.01,37,3999965.0,3904688.355604632,0.023819369518325327,37,0,37,8_POSSA
query_cycle_6_92.graph,2,0.01,37,3999965.0,2342651.3197115464,0.41433204547751135,37,0,37,8_POSSA
query_cycle_6_92.graph,3,0.01,37,3999965.0,2718835.3205391406,0.3202852223609105,37,0,37,8_POSSA
query_cycle_6_92.graph,4,0.01,37,3999965.0,6666067.774721405,0.6665315258312021,37,0,37,8_POSSA
query_cycle_6_92.graph,5,0.01,37,3999965.0,3899339.7225796,0.02515653947482045,37,0,37,8_POSSA
query_cycle_6_92.graph,1,0.05,189,3999965.0,4168210.597760695,0.042061767480639216,189,0,189,8_POSSA
query_cycle_6_92.graph,2,0.05,189,3999965.0,4714954.773272144,0.17874900737185043,189,0,189,8_POSSA
query_cycle_6_92.graph,3,0.05,189,3999965.0,4252028.257196329,0.06301636569228196,189,0,189,8_POSSA
query_cycle_6_92.graph,4,0.05,189,3999965.0,4371056.0784415305,0.09277358137921969,189,0,189,8_POSSA
query_cycle_6_92.graph,5,0.05,189,3999965.0,3983570.2916539884,0.00409871295024121,189,0,189,8_POSSA
query_cycle_6_92.graph,1,0.1,379,3999965.0,4189868.3845175696,0.04747626154668092,379,0,379,8_POSSA
query_cycle_6_92.graph,2,0.1,379,3999965.0,4011706.7302211984,0.0029354582405592064,379,0,379,8_POSSA
query_cycle_6_92.graph,3,0.1,379,3999965.0,4294006.732084365,0.07351107624300829,379,0,379,8_POSSA
query_cycle_6_92.graph,4,0.1,379,3999965.0,4061693.7271312936,0.015432316815595542,379,0,379,8_POSSA
query_cycle_6_92.graph,5,0.1,379,3999965.0,4176365.0188990296,0.04410039060317517,379,0,379,8_POSSA
query_cycle_8_249.graph,1,0.01,22,396355.0,207281.317956123,0.4770311514775315,22,0,22,8_POSSA
query_cycle_8_249.graph,2,0.01,22,396355.0,182775.86943306788,0.5388581715051711,22,0,22,8_POSSA
query_cycle_8_249.graph,3,0.01,22,396355.0,362627.9733544174,0.08509297636104647,22,0,22,8_POSSA
query_cycle_8_249.graph,4,0.01,22,396355.0,346400.5477624967,0.1260346210783346,22,0,22,8_POSSA
query_cycle_8_249.graph,5,0.01,22,396355.0,317915.9866686387,0.1979009053282065,22,0,22,8_POSSA
query_cycle_8_249.graph,1,0.05,111,396355.0,431373.20793762075,0.08835061482161384,111,0,111,8_POSSA
query_cycle_8_249.graph,2,0.05,111,396355.0,362093.3295227605,0.08644187780459303,111,0,111,8_POSSA
query_cycle_8_249.graph,3,0.05,111,396355.0,334852.29134082614,0.15517076524624102,111,0,111,8_POSSA
query_cycle_8_249.graph,4,0.05,111,396355.0,364770.64786128164,0.07968702839302735,111,0,111,8_POSSA
query_cycle_8_249.graph,5,0.05,111,396355.0,408599.2812067281,0.030892208264631644,111,0,111,8_POSSA
query_cycle_8_249.graph,1,0.1,222,396355.0,384016.47554253205,0.031129983114803528,222,0,222,8_POSSA
query_cycle_8_249.graph,2,0.1,222,396355.0,378095.8368097071,0.04606769989098887,222,0,222,8_POSSA
query_cycle_8_249.graph,3,0.1,222,396355.0,432503.34885277675,0.09120194990040935,222,0,222,8_POSSA
query_cycle_8_249.graph,4,0.1,222,396355.0,430110.06532768405,0.08516371769672149,222,0,222,8_POSSA
query_cycle_8_249.graph,5,0.1,222,396355.0,377951.35081918514,0.04643223670904834,222,0,222,8_POSSA
query_cycle_6_65.graph,1,0.01,73,79225.0,92295.92861040522,0.164984898837554,73,0,73,8_POSSA
query_cycle_6_65.graph,2,0.01,73,79225.0,89519.45253305532,0.12993944503698726,73,0,73,8_POSSA
query_cycle_6_65.graph,3,0.01,73,79225.0,86250.38695073742,0.08867638940659411,73,0,73,8_POSSA
query_cycle_6_65.graph,4,0.01,73,79225.0,66962.70831437936,0.15477805851209395,73,0,73,8_POSSA
query_cycle_6_65.graph,5,0.01,73,79225.0,69981.69485657905,0.11667157012838054,73,0,73,8_POSSA
query_cycle_6_65.graph,1,0.05,368,79225.0,75111.03114345699,0.05192765991218695,368,0,368,8_POSSA
query_cycle_6_65.graph,2,0.05,368,79225.0,79389.57172604642,0.0020772701299642195,368,0,368,8_POSSA
query_cycle_6_65.graph,3,0.05,368,79225.0,81724.91092273555,0.03155457144506849,368,0,368,8_POSSA
query_cycle_6_65.graph,4,0.05,368,79225.0,77435.42349810101,0.022588532684114756,368,0,368,8_POSSA
query_cycle_6_65.graph,5,0.05,368,79225.0,79263.2761169659,0.00048313180139988784,368,0,368,8_POSSA
query_cycle_6_65.graph,1,0.1,736,79225.0,75706.55384768755,0.04441080659277309,736,0,736,8_POSSA
query_cycle_6_65.graph,2,0.1,736,79225.0,79974.32001545746,0.009458125786777643,736,0,736,8_POSSA
query_cycle_6_65.graph,3,0.1,736,79225.0,79880.34537236889,0.008271951686574783,736,0,736,8_POSSA
query_cycle_6_65.graph,4,0.1,736,79225.0,75320.50517475084,0.04928362038812445,736,0,736,8_POSSA
query_cycle_6_65.graph,5,0.1,736,79225.0,76167.55417923564,0.03859193210179062,736,0,736,8_POSSA
query_cycle_8_250.graph,1,0.01,22,396355.0,309435.7055408854,0.21929657619839438,22,0,22,8_POSSA
query_cycle_8_250.graph,2,0.01,22,396355.0,474800.99311026436,0.19791851524583862,22,0,22,8_POSSA
query_cycle_8_250.graph,3,0.01,22,396355.0,419547.2832358476,0.05851391615054081,22,0,22,8_POSSA
query_cycle_8_250.graph,4,0.01,22,396355.0,232576.45030873094,0.4132117664499478,22,0,22,8_POSSA
query_cycle_8_250.graph,5,0.01,22,396355.0,479056.6370582683,0.2086554655757296,22,0,22,8_POSSA
query_cycle_8_250.graph,1,0.05,112,396355.0,381887.5254736632,0.036501304452666986,112,0,112,8_POSSA
query_cycle_8_250.graph,2,0.05,112,396355.0,383118.8496611336,0.033394684913439714,112,0,112,8_POSSA
query_cycle_8_250.graph,3,0.05,112,396355.0,396524.221354261,0.00042694391205102113,112,0,112,8_POSSA
query_cycle_8_250.graph,4,0.05,112,396355.0,415907.10161600285,0.04932977158356234,112,0,112,8_POSSA
query_cycle_8_250.graph,5,0.05,112,396355.0,382203.8650439456,0.03570318264196084,112,0,112,8_POSSA
query_cycle_8_250.graph,1,0.1,225,396355.0,445724.7202009368,0.12455934755695469,225,0,225,8_POSSA
query_cycle_8_250.graph,2,0.1,225,396355.0,398552.2341630833,0.005543601476159783,225,0,225,8_POSSA
query_cycle_8_250.graph,3,0.1,225,396355.0,389159.85582940874,0.018153282210622443,225,0,225,8_POSSA
query_cycle_8_250.graph,4,0.1,225,396355.0,407602.95720695076,0.028378492025963483,225,0,225,8_POSSA
query_cycle_8_250.graph,5,0.1,225,396355.0,391866.739029782,0.011323840925982997,225,0,225,8_POSSA
query_cycle_8_251.graph,1,0.01,23,1330345.0,1649482.7474633104,0.23989096622553577,23,0,23,8_POSSA
query_cycle_8_251.graph,2,0.01,23,1330345.0,1526318.841673137,0.1473105410048799,23,0,23,8_POSSA
query_cycle_8_251.graph,3,0.01,23,1330345.0,776714.115368408,0.41615587282366,23,0,23,8_POSSA
query_cycle_8_251.graph,4,0.01,23,1330345.0,1448053.7362334742,0.08847985765607735,23,0,23,8_POSSA
query_cycle_8_251.graph,5,0.01,23,1330345.0,1162539.6486656694,0.12613671741866256,23,0,23,8_POSSA
query_cycle_8_251.graph,1,0.05,119,1330345.0,1225222.924958085,0.07901865684609259,119,0,119,8_POSSA
query_cycle_8_251.graph,2,0.05,119,1330345.0,1292526.92584645,0.02842726823008315,119,0,119,8_POSSA
query_cycle_8_251.graph,3,0.05,119,1330345.0,1389172.4684323713,0.04421970874650656,119,0,119,8_POSSA
query_cycle_8_251.graph,4,0.05,119,1330345.0,1390579.2655938072,0.045277176667561585,119,0,119,8_POSSA
query_cycle_8_251.graph,5,0.05,119,1330345.0,1478984.2024678264,0.1117298163016559,119,0,119,8_POSSA
query_cycle_8_251.graph,1,0.1,238,1330345.0,1310924.4768906538,0.014598110346824442,238,0,238,8_POSSA
query_cycle_8_251.graph,2,0.1,238,1330345.0,1329788.5135452878,0.00041830236120121245,238,0,238,8_POSSA
query_cycle_8_251.graph,3,0.1,238,1330345.0,1456466.8464246355,0.0948038639786187,238,0,238,8_POSSA
query_cycle_8_251.graph,4,0.1,238,1330345.0,1343345.2146690404,0.009772062637165851,238,0,238,8_POSSA
query_cycle_8_251.graph,5,0.1,238,1330345.0,1462327.894263065,0.09920952404306023,238,0,238,8_POSSA
query_cycle_8_261.graph,1,0.01,24,224284.0,168273.627861782,0.24972968262657164,24,0,24,8_POSSA
query_cycle_8_261.graph,2,0.01,24,224284.0,283681.6188368448,0.264832171875144,24,0,24,8_POSSA
query_cycle_8_261.graph,3,0.01,24,224284.0,150854.36586436763,0.32739577560428906,24,0,24,8_POSSA
query_cycle_8_261.graph,4,0.01,24,224284.0,221714.6710088859,0.011455694526199389,24,0,24,8_POSSA
query_cycle_8_261.graph,5,0.01,24,224284.0,313179.4188080948,0.3963520304974711,24,0,24,8_POSSA
query_cycle_8_261.graph,1,0.05,121,224284.0,216164.1213349788,0.036203557387157415,121,0,121,8_POSSA
query_cycle_8_261.graph,2,0.05,121,224284.0,224364.92710261792,0.0003608242345326436,121,0,121,8_POSSA
query_cycle_8_261.graph,3,0.05,121,224284.0,207039.73022782322,0.07688586690168168,121,0,121,8_POSSA
query_cycle_8_261.graph,4,0.05,121,224284.0,236582.5421350605,0.05483468341504745,121,0,121,8_POSSA
query_cycle_8_261.graph,5,0.05,121,224284.0,221069.45283843743,0.014332485427237663,121,0,121,8_POSSA
query_cycle_8_261.graph,1,0.1,242,224284.0,218325.57995997072,0.02656640705547108,242,0,242,8_POSSA
query_cycle_8_261.graph,2,0.1,242,224284.0,213709.31414460606,0.04714864125570232,242,0,242,8_POSSA
query_cycle_8_261.graph,3,0.1,242,224284.0,225854.7114286128,0.007003225502544947,242,0,242,8_POSSA
query_cycle_8_261.graph,4,0.1,242,224284.0,219677.06244090255,0.020540642930826327,242,0,242,8_POSSA
query_cycle_8_261.graph,5,0.1,242,224284.0,216204.38083401098,0.036024055064066175,242,0,242,8_POSSA
query_cycle_8_225.graph,1,0.01,43,1542731.0,1336052.9366013536,0.13396895725738733,43,0,43,8_POSSA
query_cycle_8_225.graph,2,0.01,43,1542731.0,1116883.1118494421,0.2760350885219509,43,0,43,8_POSSA
query_cycle_8_225.graph,3,0.01,43,1542731.0,2114142.2487900862,0.3703894254993815,43,0,43,8_POSSA
query_cycle_8_225.graph,4,0.01,43,1542731.0,1510793.350316413,0.02070202108052993,43,0,43,8_POSSA
query_cycle_8_225.graph,5,0.01,43,1542731.0,1746868.6872949658,0.1323222825592834,43,0,43,8_POSSA
query_cycle_8_225.graph,1,0.05,216,1542731.0,1518906.4759233354,0.015443083775891316,216,0,216,8_POSSA
query_cycle_8_225.graph,2,0.05,216,1542731.0,1643004.4206813648,0.06499734605797436,216,0,216,8_POSSA
query_cycle_8_225.graph,3,0.05,216,1542731.0,1586017.979727774,0.028058669805542204,216,0,216,8_POSSA
query_cycle_8_225.graph,4,0.05,216,1542731.0,1516790.5515526196,0.01681462837486279,216,0,216,8_POSSA
query_cycle_8_225.graph,5,0.05,216,1542731.0,1527697.705450844,0.009744598733775351,216,0,216,8_POSSA
query_cycle_8_225.graph,1,0.1,432,1542731.0,1521793.2956752367,0.013571843908473524,432,0,432,8_POSSA
query_cycle_8_225.graph,2,0.1,432,1542731.0,1524370.2756710213,0.011901442525611195,432,0,432,8_POSSA
query_cycle_8_225.graph,3,0.1,432,1542731.0,1538788.4821035808,0.002555544613039576,432,0,432,8_POSSA
query_cycle_8_225.graph,4,0.1,432,1542731.0,1587674.2608580154,0.02913227312993347,432,0,432,8_POSSA
query_cycle_8_225.graph,5,0.1,432,1542731.0,1548030.6956992783,0.0034352688182698508,432,0,432,8_POSSA
query_cycle_8_264.graph,1,0.01,22,396355.0,524260.8763885681,0.32270534341327367,22,0,22,8_POSSA
query_cycle_8_264.graph,2,0.01,22,396355.0,565840.7235795022,0.42761091339708646,22,0,22,8_POSSA
query_cycle_8_264.graph,3,0.01,22,396355.0,402601.6441426694,0.01576022541072875,22,0,22,8_POSSA
query_cycle_8_264.graph,4,0.01,22,396355.0,438572.09968000976,0.10651335212122912,22,0,22,8_POSSA
query_cycle_8_264.graph,5,0.01,22,396355.0,455461.5343533729,0.1491252396295565,22,0,22,8_POSSA
query_cycle_8_264.graph,1,0.05,110,396355.0,385986.4253713676,0.026159817912306895,110,0,110,8_POSSA
query_cycle_8_264.graph,2,0.05,110,396355.0,363628.2717972038,0.08256923263941716,110,0,110,8_POSSA
query_cycle_8_264.graph,3,0.05,110,396355.0,379393.7222826912,0.042793146843886874,110,0,110,8_POSSA
query_cycle_8_264.graph,4,0.05,110,396355.0,366774.93348512216,0.07463023429722808,110,0,110,8_POSSA
query_cycle_8_264.graph,5,0.05,110,396355.0,382668.4677036185,0.034530994427675904,110,0,110,8_POSSA
query_cycle_8_264.graph,1,0.1,221,396355.0,380025.7554634621,0.0411985329730618,221,0,221,8_POSSA
query_cycle_8_264.graph,2,0.1,221,396355.0,408259.74776912027,0.03003556854113173,221,0,221,8_POSSA
query_cycle_8_264.graph,3,0.1,221,396355.0,422072.4226323134,0.06488481949846323,221,0,221,8_POSSA
query_cycle_8_264.graph,4,0.1,221,396355.0,387618.8964170461,0.022041108559129864,221,0,221,8_POSSA
query_cycle_8_264.graph,5,0.1,221,396355.0,393751.6516817454,0.006568223734416306,221,0,221,8_POSSA
query_cycle_8_270.graph,1,0.01,14,438248.0,530746.2022171479,0.21106360375209451,14,0,14,8_POSSA
query_cycle_8_270.graph,2,0.01,14,438248.0,267021.57598292513,0.39070668666388636,14,0,14,8_POSSA
query_cycle_8_270.graph,3,0.01,14,438248.0,578275.1807959084,0.3195158467258457,14,0,14,8_POSSA
query_cycle_8_270.graph,4,0.01,14,438248.0,184781.86190561653,0.5783623384348211,14,0,14,8_POSSA
query_cycle_8_270.graph,5,0.01,14,438248.0,437870.08230557863,0.0008623375221823458,14,0,14,8_POSSA
query_cycle_8_270.graph,1,0.05,73,438248.0,453911.94816796767,0.0357422011463091,73,0,73,8_POSSA
query_cycle_8_270.graph,2,0.05,73,438248.0,524646.2980901939,0.1971447629885222,73,0,73,8_POSSA
query_cycle_8_270.graph,3,0.05,73,438248.0,443687.5278416395,0.012411985546173563,73,0,73,8_POSSA
query_cycle_8_270.graph,4,0.05,73,438248.0,455910.7556864146,0.04030310620108843,73,0,73,8_POSSA
query_cycle_8_270.graph,5,0.05,73,438248.0,433961.1674557952,0.009781750388375483,73,0,73,8_POSSA
query_cycle_8_270.graph,1,0.1,147,438248.0,435190.35294961836,0.006976978903227483,147,0,147,8_POSSA
query_cycle_8_270.graph,2,0.1,147,438248.0,440196.9304548418,0.004447094920779593,147,0,147,8_POSSA
query_cycle_8_270.graph,3,0.1,147,438248.0,431906.0849964159,0.01447106433705143,147,0,147,8_POSSA
query_cycle_8_270.graph,4,0.1,147,438248.0,437447.2085651833,0.0018272563361766056,147,0,147,8_POSSA
query_cycle_8_270.graph,5,0.1,147,438248.0,436252.16002557334,0.004554133674144923,147,0,147,8_POSSA
query_cycle_8_268.graph,1,0.01,18,250957.0,302598.1996718891,0.20577708400996614,18,0,18,8_POSSA
query_cycle_8_268.graph,2,0.01,18,250957.0,313154.8442257751,0.2478426352951904,18,0,18,8_POSSA
query_cycle_8_268.graph,3,0.01,18,250957.0,246842.7934664726,0.01639406963554477,18,0,18,8_POSSA
query_cycle_8_268.graph,4,0.01,18,250957.0,223844.74498584,0.10803546031455591,18,0,18,8_POSSA
query_cycle_8_268.graph,5,0.01,18,250957.0,183926.18361172627,0.2671008036766208,18,0,18,8_POSSA
query_cycle_8_268.graph,1,0.05,91,250957.0,224947.0771260326,0.10364294629744304,91,0,91,8_POSSA
query_cycle_8_268.graph,2,0.05,91,250957.0,217805.87782138464,0.13209881445273639,91,0,91,8_POSSA
query_cycle_8_268.graph,3,0.05,91,250957.0,236035.06165605527,0.05946013996001198,91,0,91,8_POSSA
query_cycle_8_268.graph,4,0.05,91,250957.0,210129.53761123164,0.1626870833998189,91,0,91,8_POSSA
query_cycle_8_268.graph,5,0.05,91,250957.0,237951.5412715751,0.051823454728997055,91,0,91,8_POSSA
query_cycle_8_268.graph,1,0.1,183,250957.0,250927.10146757716,0.00011913806916261163,183,0,183,8_POSSA
query_cycle_8_268.graph,2,0.1,183,250957.0,242902.20676662025,0.03209630826547875,183,0,183,8_POSSA
query_cycle_8_268.graph,3,0.1,183,250957.0,241842.85326269822,0.036317563316830295,183,0,183,8_POSSA
query_cycle_8_268.graph,4,0.1,183,250957.0,241974.29239803873,0.03579381169667024,183,0,183,8_POSSA
query_cycle_8_268.graph,5,0.1,183,250957.0,261081.05103516227,0.04034177582279939,183,0,183,8_POSSA
query_cycle_8_262.graph,1,0.01,24,809416.0,1116327.7691868874,0.3791768005412389,24,0,24,8_POSSA
query_cycle_8_262.graph,2,0.01,24,809416.0,961346.0360248317,0.1877032774553897,24,0,24,8_POSSA
query_cycle_8_262.graph,3,0.01,24,809416.0,894823.439306025,0.1055173598075959,24,0,24,8_POSSA
query_cycle_8_262.graph,4,0.01,24,809416.0,505571.37984001526,0.37538746473999124,24,0,24,8_POSSA
query_cycle_8_262.graph,5,0.01,24,809416.0,842064.7348243423,0.040336161904808286,24,0,24,8_POSSA
query_cycle_8_262.graph,1,0.05,122,809416.0,693294.4843612523,0.14346333114090618,122,0,122,8_POSSA
query_cycle_8_262.graph,2,0.05,122,809416.0,835171.1680491853,0.03181944519157677,122,0,122,8_POSSA
query_cycle_8_262.graph,3,0.05,122,809416.0,759606.8367689727,0.06153716164620827,122,0,122,8_POSSA
query_cycle_8_262.graph,4,0.05,122,809416.0,732303.2425411914,0.09526962335660352,122,0,122,8_POSSA
query_cycle_8_262.graph,5,0.05,122,809416.0,716035.3666688146,0.11536791134742264,122,0,122,8_POSSA
query_cycle_8_262.graph,1,0.1,244,809416.0,761428.5126120185,0.05928655646537936,244,0,244,8_POSSA
query_cycle_8_262.graph,2,0.1,244,809416.0,756248.8649671001,0.06568579696089515,244,0,244,8_POSSA
query_cycle_8_262.graph,3,0.1,244,809416.0,736908.140434492,0.08958046241426902,244,0,244,8_POSSA
query_cycle_8_262.graph,4,0.1,244,809416.0,785947.9805234219,0.028993767699894868,244,0,244,8_POSSA
query_cycle_8_262.graph,5,0.1,244,809416.0,793555.3147887876,0.019595220765604306,244,0,244,8_POSSA
query_cycle_8_274.graph,1,0.01,19,694230.0,558965.6290816554,0.1948408609802869,19,0,19,8_POSSA
query_cycle_8_274.graph,2,0.01,19,694230.0,992688.3149052174,0.429912730514696,19,0,19,8_POSSA
query_cycle_8_274.graph,3,0.01,19,694230.0,588805.2778975711,0.15185849373036156,19,0,19,8_POSSA
query_cycle_8_274.graph,4,0.01,19,694230.0,947592.2274552509,0.36495430542507656,19,0,19,8_POSSA
query_cycle_8_274.graph,5,0.01,19,694230.0,651544.7520522859,0.06148574384240678,19,0,19,8_POSSA
query_cycle_8_274.graph,1,0.05,99,694230.0,728488.5482155543,0.049347547953206186,99,0,99,8_POSSA
query_cycle_8_274.graph,2,0.05,99,694230.0,716118.0124046472,0.03152847385541851,99,0,99,8_POSSA
query_cycle_8_274.graph,3,0.05,99,694230.0,725604.4861518705,0.04519321572370894,99,0,99,8_POSSA
query_cycle_8_274.graph,4,0.05,99,694230.0,718997.8297495211,0.03567669180173876,99,0,99,8_POSSA
query_cycle_8_274.graph,5,0.05,99,694230.0,724475.9345820805,0.043567599472913096,99,0,99,8_POSSA
query_cycle_8_274.graph,1,0.1,199,694230.0,698058.2774181762,0.0055144223357909885,199,0,199,8_POSSA
query_cycle_8_274.graph,2,0.1,199,694230.0,689073.0092590486,0.007428360544706198,199,0,199,8_POSSA
query_cycle_8_274.graph,3,0.1,199,694230.0,727086.8272343003,0.04732844624159186,199,0,199,8_POSSA
query_cycle_8_274.graph,4,0.1,199,694230.0,677979.405793727,0.023408084073394946,199,0,199,8_POSSA
query_cycle_8_274.graph,5,0.1,199,694230.0,697178.762131825,0.004247529106816146,199,0,199,8_POSSA
query_cycle_8_265.graph,1,0.01,24,1330345.0,911444.2580939054,0.31488128410757704,24,0,24,8_POSSA
query_cycle_8_265.graph,2,0.01,24,1330345.0,1656647.0705816746,0.24527627839520919,24,0,24,8_POSSA
query_cycle_8_265.graph,3,0.01,24,1330345.0,1121593.691052442,0.1569151678305688,24,0,24,8_POSSA
query_cycle_8_265.graph,4,0.01,24,1330345.0,987570.7263810472,0.2576581816137565,24,0,24,8_POSSA
query_cycle_8_265.graph,5,0.01,24,1330345.0,1329801.16681044,0.0004087910952122197,24,0,24,8_POSSA
query_cycle_8_265.graph,1,0.05,121,1330345.0,1495545.3073483673,0.12417854567677354,121,0,121,8_POSSA
query_cycle_8_265.graph,2,0.05,121,1330345.0,1394817.1855204978,0.04846275629291488,121,0,121,8_POSSA
query_cycle_8_265.graph,3,0.05,121,1330345.0,1362127.7033251608,0.023890572238901023,121,0,121,8_POSSA
query_cycle_8_265.graph,4,0.05,121,1330345.0,1332067.5157655308,0.0012947887694776585,121,0,121,8_POSSA
query_cycle_8_265.graph,5,0.05,121,1330345.0,1286475.375641407,0.03297612601136774,121,0,121,8_POSSA
query_cycle_8_265.graph,1,0.1,242,1330345.0,1309436.1063281887,0.015716895746450226,242,0,242,8_POSSA
query_cycle_8_265.graph,2,0.1,242,1330345.0,1292985.9477588923,0.028082228475401254,242,0,242,8_POSSA
query_cycle_8_265.graph,3,0.1,242,1330345.0,1357460.3701495058,0.020382209238585323,242,0,242,8_POSSA
query_cycle_8_265.graph,4,0.1,242,1330345.0,1319918.1508587482,0.007837703108029693,242,0,242,8_POSSA
query_cycle_8_265.graph,5,0.1,242,1330345.0,1355676.9894890457,0.01904166925800878,242,0,242,8_POSSA
query_cycle_8_254.graph,1,0.01,32,346202.0,280810.48349214694,0.18888254980575808,32,0,32,8_POSSA
query_cycle_8_254.graph,2,0.01,32,346202.0,251524.73960241894,0.27347404231512545,32,0,32,8_POSSA
query_cycle_8_254.graph,3,0.01,32,346202.0,298762.46482394944,0.1370284838794997,32,0,32,8_POSSA
query_cycle_8_254.graph,4,0.01,32,346202.0,257433.22254958545,0.25640746572929835,32,0,32,8_POSSA
query_cycle_8_254.graph,5,0.01,32,346202.0,316679.06163038005,0.08527662569719398,32,0,32,8_POSSA
query_cycle_8_254.graph,1,0.05,160,346202.0,350911.18174464285,0.013602410571408735,160,0,160,8_POSSA
query_cycle_8_254.graph,2,0.05,160,346202.0,348169.1000500361,0.005681943056470202,160,0,160,8_POSSA
query_cycle_8_254.graph,3,0.05,160,346202.0,351315.08636881685,0.014769083855139042,160,0,160,8_POSSA
query_cycle_8_254.graph,4,0.05,160,346202.0,337761.7329718272,0.024379602163398222,160,0,160,8_POSSA
query_cycle_8_254.graph,5,0.05,160,346202.0,367966.2912041419,0.06286587369264741,160,0,160,8_POSSA
query_cycle_8_254.graph,1,0.1,321,346202.0,341088.7280373841,0.014769619940427537,321,0,321,8_POSSA
query_cycle_8_254.graph,2,0.1,321,346202.0,343241.43356307124,0.008551557867744135,321,0,321,8_POSSA
query_cycle_8_254.graph,3,0.1,321,346202.0,340303.7835847342,0.017036921841196203,321,0,321,8_POSSA
query_cycle_8_254.graph,4,0.1,321,346202.0,341302.9521934853,0.014150836235823935,321,0,321,8_POSSA
query_cycle_8_254.graph,5,0.1,321,346202.0,339359.0966590424,0.019765637809595536,321,0,321,8_POSSA
query_cycle_8_281.graph,1,0.01,26,417444.0,467329.42013791547,0.11950206527801446,26,0,26,8_POSSA
query_cycle_8_281.graph,2,0.01,26,417444.0,502811.33382988535,0.2045000858315974,26,0,26,8_POSSA
query_cycle_8_281.graph,3,0.01,26,417444.0,637531.1599753127,0.5272255918765455,26,0,26,8_POSSA
query_cycle_8_281.graph,4,0.01,26,417444.0,424158.57705568563,0.016084976800925705,26,0,26,8_POSSA
query_cycle_8_281.graph,5,0.01,26,417444.0,603844.5652146825,0.44652831329395676,26,0,26,8_POSSA
query_cycle_8_281.graph,1,0.05,130,417444.0,442273.35933292133,0.059479497448571145,130,0,130,8_POSSA
query_cycle_8_281.graph,2,0.05,130,417444.0,441783.8845945484,0.05830694558922485,130,0,130,8_POSSA
query_cycle_8_281.graph,3,0.05,130,417444.0,418348.68557368126,0.002167202244328,130,0,130,8_POSSA
query_cycle_8_281.graph,4,0.05,130,417444.0,431232.69401660643,0.03303124255374716,130,0,130,8_POSSA
query_cycle_8_281.graph,5,0.05,130,417444.0,454281.9208260059,0.08824637754047471,130,0,130,8_POSSA
query_cycle_8_281.graph,1,0.1,260,417444.0,438092.1167129929,0.04946320156234823,260,0,260,8_POSSA
query_cycle_8_281.graph,2,0.1,260,417444.0,445212.13787094946,0.06651943223749643,260,0,260,8_POSSA
query_cycle_8_281.graph,3,0.1,260,417444.0,422844.1674761898,0.012936268041197834,260,0,260,8_POSSA
query_cycle_8_281.graph,4,0.1,260,417444.0,447763.34153251257,0.07263091943473272,260,0,260,8_POSSA
query_cycle_8_281.graph,5,0.1,260,417444.0,422964.92850048566,0.013225554806119299,260,0,260,8_POSSA
query_cycle_8_292.graph,1,0.01,21,45134.0,25284.7461633372,0.43978494785888245,21,0,21,8_POSSA
query_cycle_8_292.graph,2,0.01,21,45134.0,74209.22790317728,0.6441978974426658,21,0,21,8_POSSA
query_cycle_8_292.graph,3,0.01,21,45134.0,64685.474783582664,0.43318728195113804,21,0,21,8_POSSA
query_cycle_8_292.graph,4,0.01,21,45134.0,22099.945755708,0.510348168659813,21,0,21,8_POSSA
query_cycle_8_292.graph,5,0.01,21,45134.0,28029.7036730428,0.378966994437834,21,0,21,8_POSSA
query_cycle_8_292.graph,1,0.05,107,45134.0,45670.468731038345,0.011886133093418379,107,0,107,8_POSSA
query_cycle_8_292.graph,2,0.05,107,45134.0,37566.64625081842,0.16766415006827626,107,0,107,8_POSSA
query_cycle_8_292.graph,3,0.05,107,45134.0,41289.04455094684,0.08518977819500065,107,0,107,8_POSSA
query_cycle_8_292.graph,4,0.05,107,45134.0,43638.22026504748,0.033140863538629876,107,0,107,8_POSSA
query_cycle_8_292.graph,5,0.05,107,45134.0,36456.26776034491,0.19226596888498887,107,0,107,8_POSSA
query_cycle_8_292.graph,1,0.1,214,45134.0,44376.45753263724,0.016784297145450364,214,0,214,8_POSSA
query_cycle_8_292.graph,2,0.1,214,45134.0,40851.25000457061,0.09488966179442081,214,0,214,8_POSSA
query_cycle_8_292.graph,3,0.1,214,45134.0,43071.24752065292,0.045702851051249174,214,0,214,8_POSSA
query_cycle_8_292.graph,4,0.1,214,45134.0,41755.632433730774,0.07485194235541334,214,0,214,8_POSSA
query_cycle_8_292.graph,5,0.1,214,45134.0,43153.39574526549,0.043882754790945035,214,0,214,8_POSSA
query_cycle_8_302.graph,1,0.01,24,1330345.0,1740990.8699153676,0.3086762230213723,24,0,24,8_POSSA
query_cycle_8_302.graph,2,0.01,24,1330345.0,1945665.8947615263,0.46252731040559125,24,0,24,8_POSSA
query_cycle_8_302.graph,3,0.01,24,1330345.0,1076670.7482467946,0.19068305721689144,24,0,24,8_POSSA
query_cycle_8_302.graph,4,0.01,24,1330345.0,1666296.9522305834,0.2525299469164641,24,0,24,8_POSSA
query_cycle_8_302.graph,5,0.01,24,1330345.0,1731136.6083047958,0.30126892520721754,24,0,24,8_POSSA
query_cycle_8_302.graph,1,0.05,120,1330345.0,1243958.5297425773,0.06493538913396349,120,0,120,8_POSSA
query_cycle_8_302.graph,2,0.05,120,1330345.0,1299798.7659927602,0.022961137154076428,120,0,120,8_POSSA
query_cycle_8_302.graph,3,0.05,120,1330345.0,1349466.4488728908,0.014373300815119979,120,0,120,8_POSSA
query_cycle_8_302.graph,4,0.05,120,1330345.0,1383871.036784213,0.04023470361764282,120,0,120,8_POSSA
query_cycle_8_302.graph,5,0.05,120,1330345.0,1178313.3248531378,0.1142798861549915,120,0,120,8_POSSA
query_cycle_8_302.graph,1,0.1,240,1330345.0,1270201.345395102,0.0452090657723358,240,0,240,8_POSSA
query_cycle_8_302.graph,2,0.1,240,1330345.0,1273054.4693962205,0.043064416075363515,240,0,240,8_POSSA
query_cycle_8_302.graph,3,0.1,240,1330345.0,1357311.1465585632,0.02027004014640054,240,0,240,8_POSSA
query_cycle_8_302.graph,4,0.1,240,1330345.0,1260628.1377796459,0.0524050995947323,240,0,240,8_POSSA
query_cycle_8_302.graph,5,0.1,240,1330345.0,1322881.2485154206,0.005610387895304907,240,0,240,8_POSSA
query_cycle_8_316.graph,1,0.01,19,694230.0,509335.39269676915,0.2663304773680637,19,0,19,8_POSSA
query_cycle_8_316.graph,2,0.01,19,694230.0,934150.2674969626,0.34559190397557377,19,0,19,8_POSSA
query_cycle_8_316.graph,3,0.01,19,694230.0,586754.7072278862,0.15481222760772914,19,0,19,8_POSSA
query_cycle_8_316.graph,4,0.01,19,694230.0,369310.3679232064,0.4680287974832456,19,0,19,8_POSSA
query_cycle_8_316.graph,5,0.01,19,694230.0,803513.9661101114,0.15741752172927048,19,0,19,8_POSSA
query_cycle_8_316.graph,1,0.05,99,694230.0,692062.3684177356,0.003122353661271393,99,0,99,8_POSSA
query_cycle_8_316.graph,2,0.05,99,694230.0,734741.4183587136,0.05835446229450416,99,0,99,8_POSSA
query_cycle_8_316.graph,3,0.05,99,694230.0,606189.816178781,0.12681702580012247,99,0,99,8_POSSA
query_cycle_8_316.graph,4,0.05,99,694230.0,540418.1541460059,0.22155747497802478,99,0,99,8_POSSA
query_cycle_8_316.graph,5,0.05,99,694230.0,602876.7511711894,0.13158931309337055,99,0,99,8_POSSA
query_cycle_8_316.graph,1,0.1,198,694230.0,680130.652256787,0.020309332272032243,198,0,198,8_POSSA
query_cycle_8_316.graph,2,0.1,198,694230.0,682754.8168183074,0.016529368050491353,198,0,198,8_POSSA
query_cycle_8_316.graph,3,0.1,198,694230.0,683265.7900635921,0.015793339291600567,198,0,198,8_POSSA
query_cycle_8_316.graph,4,0.1,198,694230.0,677096.0820274749,0.024680463207474634,198,0,198,8_POSSA
query_cycle_8_316.graph,5,0.1,198,694230.0,671016.0810200395,0.03343836909952104,198,0,198,8_POSSA
query_cycle_8_314.graph,1,0.01,23,3952096.0,5511816.924640951,0.39465663906973686,23,0,23,8_POSSA
query_cycle_8_314.graph,2,0.01,23,3952096.0,5125859.850440042,0.2969978083629654,23,0,23,8_POSSA
query_cycle_8_314.graph,3,0.01,23,3952096.0,4248502.110681417,0.07499972436940232,23,0,23,8_POSSA
query_cycle_8_314.graph,4,0.01,23,3952096.0,6723156.933340944,0.701162353682943,23,0,23,8_POSSA
query_cycle_8_314.graph,5,0.01,23,3952096.0,3798933.3435764997,0.03875479148874427,23,0,23,8_POSSA
query_cycle_8_314.graph,1,0.05,116,3952096.0,4198779.508765896,0.06241839994926638,116,0,116,8_POSSA
query_cycle_8_314.graph,2,0.05,116,3952096.0,4165678.628641714,0.05404287462696095,116,0,116,8_POSSA
query_cycle_8_314.graph,3,0.05,116,3952096.0,3870006.0788037367,0.020771236628933935,116,0,116,8_POSSA
query_cycle_8_314.graph,4,0.05,116,3952096.0,4009811.115635272,0.014603672490565036,116,0,116,8_POSSA
query_cycle_8_314.graph,5,0.05,116,3952096.0,3779890.5319941514,0.04357319964035504,116,0,116,8_POSSA
query_cycle_8_314.graph,1,0.1,233,3952096.0,3981437.1328433515,0.0074241953746446085,233,0,233,8_POSSA
query_cycle_8_314.graph,2,0.1,233,3952096.0,4023341.549598676,0.01802728213046347,233,0,233,8_POSSA
query_cycle_8_314.graph,3,0.1,233,3952096.0,4012372.512699065,0.01525178353437386,233,0,233,8_POSSA
query_cycle_8_314.graph,4,0.1,233,3952096.0,3931972.701801234,0.005091803994327586,233,0,233,8_POSSA
query_cycle_8_314.graph,5,0.1,233,3952096.0,3963529.4766155765,0.0028930159124617772,233,0,233,8_POSSA
query_cycle_8_332.graph,1,0.01,12,7857.0,23673.769902845845,2.013080043635719,12,0,12,8_POSSA
query_cycle_8_332.graph,2,0.01,12,7857.0,16078.971534114342,1.0464517671012272,12,0,12,8_POSSA
query_cycle_8_332.graph,3,0.01,12,7857.0,5336.760766268981,0.3207635527212701,12,0,12,8_POSSA
query_cycle_8_332.graph,4,0.01,12,7857.0,12888.65234326777,0.6404037601206274,12,0,12,8_POSSA
query_cycle_8_332.graph,5,0.01,12,7857.0,13577.820344970623,0.728117646044371,12,0,12,8_POSSA
query_cycle_8_332.graph,1,0.05,64,7857.0,8630.218447711473,0.098411409916186,64,0,64,8_POSSA
query_cycle_8_332.graph,2,0.05,64,7857.0,7855.174255980624,0.0002323716455868186,64,0,64,8_POSSA
query_cycle_8_332.graph,3,0.05,64,7857.0,8598.785714772986,0.0944108075312443,64,0,64,8_POSSA
query_cycle_8_332.graph,4,0.05,64,7857.0,8465.049249170392,0.07738949333974694,64,0,64,8_POSSA
query_cycle_8_332.graph,5,0.05,64,7857.0,8637.855386103542,0.09938340156593377,64,0,64,8_POSSA
query_cycle_8_332.graph,1,0.1,129,7857.0,7261.062822054009,0.07584792897365288,129,0,129,8_POSSA
query_cycle_8_332.graph,2,0.1,129,7857.0,7857.815561679254,0.00010380064646222897,129,0,129,8_POSSA
query_cycle_8_332.graph,3,0.1,129,7857.0,7483.053381437151,0.04759407134565979,129,0,129,8_POSSA
query_cycle_8_332.graph,4,0.1,129,7857.0,7386.11536736066,0.05993186109702691,129,0,129,8_POSSA
query_cycle_8_332.graph,5,0.1,129,7857.0,7509.90749615556,0.04417621278407028,129,0,129,8_POSSA
query_cycle_8_304.graph,1,0.01,32,20293.0,19668.304375482312,0.030783798576735227,32,0,32,8_POSSA
query_cycle_8_304.graph,2,0.01,32,20293.0,13834.888622232193,0.31824330447779076,32,0,32,8_POSSA
query_cycle_8_304.graph,3,0.01,32,20293.0,28791.89050946349,0.4188089740040157,32,0,32,8_POSSA
query_cycle_8_304.graph,4,0.01,32,20293.0,19991.544028112912,0.014855170348745271,32,0,32,8_POSSA
query_cycle_8_304.graph,5,0.01,32,20293.0,19478.796106957503,0.04012240147058084,32,0,32,8_POSSA
query_cycle_8_304.graph,1,0.05,163,20293.0,19475.77490625441,0.040271280428994735,163,0,163,8_POSSA
query_cycle_8_304.graph,2,0.05,163,20293.0,20474.16793709458,0.008927607406227691,163,0,163,8_POSSA
query_cycle_8_304.graph,3,0.05,163,20293.0,16924.257890851517,0.16600513029855038,163,0,163,8_POSSA
query_cycle_8_304.graph,4,0.05,163,20293.0,16575.773470135573,0.18317777213149494,163,0,163,8_POSSA
query_cycle_8_304.graph,5,0.05,163,20293.0,19646.658512625036,0.03185046505568247,163,0,163,8_POSSA
query_cycle_8_304.graph,1,0.1,327,20293.0,19268.94453877091,0.0504634830349919,327,0,327,8_POSSA
query_cycle_8_304.graph,2,0.1,327,20293.0,18948.7108496359,0.0662439831648401,327,0,327,8_POSSA
query_cycle_8_304.graph,3,0.1,327,20293.0,19291.59813537718,0.049347157375588695,327,0,327,8_POSSA
query_cycle_8_304.graph,4,0.1,327,20293.0,20716.151336530347,0.020852083798864,327,0,327,8_POSSA
query_cycle_8_304.graph,5,0.1,327,20293.0,19722.224433283307,0.028126721860577193,327,0,327,8_POSSA
query_cycle_8_337.graph,1,0.01,18,470730.0,493475.712924736,0.04832008353989767,18,0,18,8_POSSA
query_cycle_8_337.graph,2,0.01,18,470730.0,474976.74836827384,0.009021622518798119,18,0,18,8_POSSA
query_cycle_8_337.graph,3,0.01,18,470730.0,453551.98508466093,0.03649228839321706,18,0,18,8_POSSA
query_cycle_8_337.graph,4,0.01,18,470730.0,482372.8611130583,0.024733628859554917,18,0,18,8_POSSA
query_cycle_8_337.graph,5,0.01,18,470730.0,812947.874431084,0.726993976230714,18,0,18,8_POSSA
query_cycle_8_337.graph,1,0.05,94,470730.0,477831.295023895,0.015085707356435718,94,0,94,8_POSSA
query_cycle_8_337.graph,2,0.05,94,470730.0,448401.3914990701,0.0474340035709003,94,0,94,8_POSSA
query_cycle_8_337.graph,3,0.05,94,470730.0,458238.39181663713,0.026536673216839526,94,0,94,8_POSSA
query_cycle_8_337.graph,4,0.05,94,470730.0,480470.39949007425,0.02069211541663853,94,0,94,8_POSSA
query_cycle_8_337.graph,5,0.05,94,470730.0,486447.2933037282,0.03338918977700214,94,0,94,8_POSSA
query_cycle_8_337.graph,1,0.1,189,470730.0,481508.04186500865,0.02289644141016857,189,0,189,8_POSSA
query_cycle_8_337.graph,2,0.1,189,470730.0,468891.0993963791,0.003906486953499708,189,0,189,8_POSSA
query_cycle_8_337.graph,3,0.1,189,470730.0,464405.51428806246,0.013435484698101964,189,0,189,8_POSSA
query_cycle_8_337.graph,4,0.1,189,470730.0,466186.8038887278,0.009651384256946031,189,0,189,8_POSSA
query_cycle_8_337.graph,5,0.1,189,470730.0,467418.5014708062,0.007034815136476975,189,0,189,8_POSSA
query_cycle_8_318.graph,1,0.01,23,1330345.0,1193235.721573475,0.10306294865356351,23,0,23,8_POSSA
query_cycle_8_318.graph,2,0.01,23,1330345.0,532972.4397584212,0.5993727643893718,23,0,23,8_POSSA
query_cycle_8_318.graph,3,0.01,23,1330345.0,2245889.9066528967,0.6882011107290941,23,0,23,8_POSSA
query_cycle_8_318.graph,4,0.01,23,1330345.0,1709899.9794561137,0.28530567593828193,23,0,23,8_POSSA
query_cycle_8_318.graph,5,0.01,23,1330345.0,2015965.6264806348,0.5153705440924232,23,0,23,8_POSSA
query_cycle_8_318.graph,1,0.05,119,1330345.0,1288247.1430092636,0.03164431556531309,119,0,119,8_POSSA
query_cycle_8_318.graph,2,0.05,119,1330345.0,1154672.6150771554,0.13205024630666826,119,0,119,8_POSSA
query_cycle_8_318.graph,3,0.05,119,1330345.0,1213132.9666206,0.0881064937135855,119,0,119,8_POSSA
query_cycle_8_318.graph,4,0.05,119,1330345.0,1479160.5963387191,0.11186240887793703,119,0,119,8_POSSA
query_cycle_8_318.graph,5,0.05,119,1330345.0,1521606.8829538408,0.14376863366558357,119,0,119,8_POSSA
query_cycle_8_318.graph,1,0.1,239,1330345.0,1327962.2531519898,0.0017910743814651276,239,0,239,8_POSSA
query_cycle_8_318.graph,2,0.1,239,1330345.0,1304904.255996593,0.019123418363963453,239,0,239,8_POSSA
query_cycle_8_318.graph,3,0.1,239,1330345.0,1352365.4295607721,0.016552420282537346,239,0,239,8_POSSA
query_cycle_8_318.graph,4,0.1,239,1330345.0,1344438.6831696732,0.010594006193636386,239,0,239,8_POSSA
query_cycle_8_318.graph,5,0.1,239,1330345.0,1294889.7023197736,0.02665120527399012,239,0,239,8_POSSA
query_cycle_8_309.graph,1,0.01,38,412368.0,458343.1159845677,0.1114905035904039,38,0,38,8_POSSA
query_cycle_8_309.graph,2,0.01,38,412368.0,464855.2944599629,0.12728265641359884,38,0,38,8_POSSA
query_cycle_8_309.graph,3,0.01,38,412368.0,369502.1108676767,0.10395057117022496,38,0,38,8_POSSA
query_cycle_8_309.graph,4,0.01,38,412368.0,582961.847371387,0.41369322394411534,38,0,38,8_POSSA
query_cycle_8_309.graph,5,0.01,38,412368.0,474322.96723143174,0.15024193737494604,38,0,38,8_POSSA
query_cycle_8_309.graph,1,0.05,190,412368.0,420116.4826364616,0.018790213199039733,190,0,190,8_POSSA
query_cycle_8_309.graph,2,0.05,190,412368.0,413408.1951725399,0.002522492464352016,190,0,190,8_POSSA
query_cycle_8_309.graph,3,0.05,190,412368.0,442396.680769071,0.0728201042977898,190,0,190,8_POSSA
query_cycle_8_309.graph,4,0.05,190,412368.0,437239.28941035003,0.060313335201446355,190,0,190,8_POSSA
query_cycle_8_309.graph,5,0.05,190,412368.0,460782.2306831773,0.11740540168775779,190,0,190,8_POSSA
query_cycle_8_309.graph,1,0.1,381,412368.0,428495.8475679392,0.03911032759074225,381,0,381,8_POSSA
query_cycle_8_309.graph,2,0.1,381,412368.0,434081.1222889069,0.052654721726484326,381,0,381,8_POSSA
query_cycle_8_309.graph,3,0.1,381,412368.0,429719.30016403063,0.04207722268466669,381,0,381,8_POSSA
query_cycle_8_309.graph,4,0.1,381,412368.0,418029.6465655909,0.013729597266497223,381,0,381,8_POSSA
query_cycle_8_309.graph,5,0.1,381,412368.0,423882.21273605304,0.02792217809348214,381,0,381,8_POSSA
query_cycle_8_342.graph,1,0.01,19,694230.0,609794.5231580855,0.1216246443425298,19,0,19,8_POSSA
query_cycle_8_342.graph,2,0.01,19,694230.0,553293.8398625455,0.20301076032072154,19,0,19,8_POSSA
query_cycle_8_342.graph,3,0.01,19,694230.0,559186.9774231069,0.1945220209107833,19,0,19,8_POSSA
query_cycle_8_342.graph,4,0.01,19,694230.0,850705.3044562734,0.2253940400966156,19,0,19,8_POSSA
query_cycle_8_342.graph,5,0.01,19,694230.0,541486.1262698403,0.22001912007570937,19,0,19,8_POSSA
query_cycle_8_342.graph,1,0.05,97,694230.0,822346.5270697379,0.18454478641046612,97,0,97,8_POSSA
query_cycle_8_342.graph,2,0.05,97,694230.0,631684.4428788434,0.09009342310351987,97,0,97,8_POSSA
query_cycle_8_342.graph,3,0.05,97,694230.0,681054.7272859666,0.018978253192793993,97,0,97,8_POSSA
query_cycle_8_342.graph,4,0.05,97,694230.0,661608.3463435608,0.04698969168206381,97,0,97,8_POSSA
query_cycle_8_342.graph,5,0.05,97,694230.0,802831.079488491,0.15643386123977795,97,0,97,8_POSSA
query_cycle_8_342.graph,1,0.1,195,694230.0,695994.1030283041,0.0025410930502917763,195,0,195,8_POSSA
query_cycle_8_342.graph,2,0.1,195,694230.0,722391.2450940278,0.040564719320726327,195,0,195,8_POSSA
query_cycle_8_342.graph,3,0.1,195,694230.0,701105.7311343502,0.009904111223009923,195,0,195,8_POSSA
query_cycle_8_342.graph,4,0.1,195,694230.0,691995.9707589371,0.00321799582424115,195,0,195,8_POSSA
query_cycle_8_342.graph,5,0.1,195,694230.0,683944.332201712,0.014815936790815797,195,0,195,8_POSSA
query_cycle_8_329.graph,1,0.01,24,1330345.0,1094158.7378785831,0.17753760274321087,24,0,24,8_POSSA
query_cycle_8_329.graph,2,0.01,24,1330345.0,765996.7302615258,0.42421196737573647,24,0,24,8_POSSA
query_cycle_8_329.graph,3,0.01,24,1330345.0,1400324.612076546,0.052602604645070314,24,0,24,8_POSSA
query_cycle_8_329.graph,4,0.01,24,1330345.0,1505129.6350084378,0.13138293826671862,24,0,24,8_POSSA
query_cycle_8_329.graph,5,0.01,24,1330345.0,1052538.558639388,0.2088228552447763,24,0,24,8_POSSA
query_cycle_8_329.graph,1,0.05,122,1330345.0,1369056.1613511187,0.029098588224196507,122,0,122,8_POSSA
query_cycle_8_329.graph,2,0.05,122,1330345.0,1204108.6318226403,0.09488994822948911,122,0,122,8_POSSA
query_cycle_8_329.graph,3,0.05,122,1330345.0,1323231.4762647387,0.00534712704994666,122,0,122,8_POSSA
query_cycle_8_329.graph,4,0.05,122,1330345.0,1225861.9930662476,0.07853827911838843,122,0,122,8_POSSA
query_cycle_8_329.graph,5,0.05,122,1330345.0,1631221.809448969,0.22616449826847101,122,0,122,8_POSSA
query_cycle_8_329.graph,1,0.1,244,1330345.0,1300056.0041361153,0.022767775174022294,244,0,244,8_POSSA
query_cycle_8_329.graph,2,0.1,244,1330345.0,1331829.5295814066,0.0011158981928797564,244,0,244,8_POSSA
query_cycle_8_329.graph,3,0.1,244,1330345.0,1349394.3802327006,0.014319127919976105,244,0,244,8_POSSA
query_cycle_8_329.graph,4,0.1,244,1330345.0,1399947.9378120843,0.05231946435855687,244,0,244,8_POSSA
query_cycle_8_329.graph,5,0.1,244,1330345.0,1222511.5179992993,0.08105678000872005,244,0,244,8_POSSA
query_cycle_8_355.graph,1,0.01,19,694230.0,682109.2658367036,0.01745924861111794,19,0,19,8_POSSA
query_cycle_8_355.graph,2,0.01,19,694230.0,684737.2502292234,0.013673782133841236,19,0,19,8_POSSA
query_cycle_8_355.graph,3,0.01,19,694230.0,827998.1934730056,0.1926856999452711,19,0,19,8_POSSA
query_cycle_8_355.graph,4,0.01,19,694230.0,580301.1341321834,0.16410824347524108,19,0,19,8_POSSA
query_cycle_8_355.graph,5,0.01,19,694230.0,684487.0168446151,0.014034229513828116,19,0,19,8_POSSA
query_cycle_8_355.graph,1,0.05,97,694230.0,652555.5767048702,0.06002970671842155,97,0,97,8_POSSA
query_cycle_8_355.graph,2,0.05,97,694230.0,670723.8550193261,0.03385930452540788,97,0,97,8_POSSA
query_cycle_8_355.graph,3,0.05,97,694230.0,747512.8365565686,0.07675098534573359,97,0,97,8_POSSA
query_cycle_8_355.graph,4,0.05,97,694230.0,640431.7515678137,0.0774934077066481,97,0,97,8_POSSA
query_cycle_8_355.graph,5,0.05,97,694230.0,737060.5430340039,0.061695033395278126,97,0,97,8_POSSA
query_cycle_8_355.graph,1,0.1,194,694230.0,686568.8712414977,0.011035433154001281,194,0,194,8_POSSA
query_cycle_8_355.graph,2,0.1,194,694230.0,693188.9588159181,0.0014995623699378142,194,0,194,8_POSSA
query_cycle_8_355.graph,3,0.1,194,694230.0,752032.3968350714,0.08326116248947954,194,0,194,8_POSSA
query_cycle_8_355.graph,4,0.1,194,694230.0,781291.7646834594,0.12540766703176098,194,0,194,8_POSSA
query_cycle_8_355.graph,5,0.1,194,694230.0,689406.4749454982,0.006948021627561233,194,0,194,8_POSSA
query_cycle_8_326.graph,1,0.01,31,888985.0,1042614.8115310353,0.17281485236650262,31,0,31,8_POSSA
query_cycle_8_326.graph,2,0.01,31,888985.0,1044231.4682552689,0.17463339455139162,31,0,31,8_POSSA
query_cycle_8_326.graph,3,0.01,31,888985.0,807385.5077514454,0.09178950403949965,31,0,31,8_POSSA
query_cycle_8_326.graph,4,0.01,31,888985.0,653444.9875903123,0.2649538658241565,31,0,31,8_POSSA
query_cycle_8_326.graph,5,0.01,31,888985.0,674247.2878884111,0.24155380812003455,31,0,31,8_POSSA
query_cycle_8_326.graph,1,0.05,155,888985.0,810455.6600325888,0.08833595613808022,155,0,155,8_POSSA
query_cycle_8_326.graph,2,0.05,155,888985.0,819192.7263375078,0.07850781921235135,155,0,155,8_POSSA
query_cycle_8_326.graph,3,0.05,155,888985.0,857344.4179519822,0.035591806439948664,155,0,155,8_POSSA
query_cycle_8_326.graph,4,0.05,155,888985.0,875323.4558049254,0.015367575600347124,155,0,155,8_POSSA
query_cycle_8_326.graph,5,0.05,155,888985.0,885287.3670560741,0.004159387328161795,155,0,155,8_POSSA
query_cycle_8_326.graph,1,0.1,310,888985.0,895451.2037900564,0.00727369279577991,310,0,310,8_POSSA
query_cycle_8_326.graph,2,0.1,310,888985.0,869947.3058123062,0.02141509045450009,310,0,310,8_POSSA
query_cycle_8_326.graph,3,0.1,310,888985.0,953302.7476160909,0.07234964326292449,310,0,310,8_POSSA
query_cycle_8_326.graph,4,0.1,310,888985.0,917319.8716599173,0.03187328431854001,310,0,310,8_POSSA
query_cycle_8_326.graph,5,0.1,310,888985.0,1001302.2329454687,0.12634322620231922,310,0,310,8_POSSA
query_cycle_8_375.graph,1,0.01,14,438248.0,618257.266784335,0.4107474917953648,14,0,14,8_POSSA
query_cycle_8_375.graph,2,0.01,14,438248.0,629641.5532219303,0.43672430500978965,14,0,14,8_POSSA
query_cycle_8_375.graph,3,0.01,14,438248.0,190607.87880803272,0.5650684571109675,14,0,14,8_POSSA
query_cycle_8_375.graph,4,0.01,14,438248.0,474568.31449022406,0.08287616712506174,14,0,14,8_POSSA
query_cycle_8_375.graph,5,0.01,14,438248.0,466008.09639147506,0.06334334986463158,14,0,14,8_POSSA
query_cycle_8_375.graph,1,0.05,73,438248.0,440533.4382243066,0.005214942736319666,73,0,73,8_POSSA
query_cycle_8_375.graph,2,0.05,73,438248.0,510382.08739419526,0.16459650105464316,73,0,73,8_POSSA
query_cycle_8_375.graph,3,0.05,73,438248.0,417853.8230999455,0.04653569873691267,73,0,73,8_POSSA
query_cycle_8_375.graph,4,0.05,73,438248.0,485675.73982306436,0.1082212350611169,73,0,73,8_POSSA
query_cycle_8_375.graph,5,0.05,73,438248.0,466541.10519887356,0.06455957631038489,73,0,73,8_POSSA
query_cycle_8_375.graph,1,0.1,147,438248.0,442522.29625710426,0.009753144925029341,147,0,147,8_POSSA
query_cycle_8_375.graph,2,0.1,147,438248.0,452798.55051230994,0.03320163585985548,147,0,147,8_POSSA
query_cycle_8_375.graph,3,0.1,147,438248.0,444130.9210434021,0.01342372593463543,147,0,147,8_POSSA
query_cycle_8_375.graph,4,0.1,147,438248.0,439921.2984441349,0.00381815420523284,147,0,147,8_POSSA
query_cycle_8_375.graph,5,0.1,147,438248.0,451669.03993372736,0.03062430389580182,147,0,147,8_POSSA
query_cycle_8_335.graph,1,0.01,30,888985.0,816998.4476892154,0.080976115807111,30,0,30,8_POSSA
query_cycle_8_335.graph,2,0.01,30,888985.0,905207.4208700254,0.018248250386705522,30,0,30,8_POSSA
query_cycle_8_335.graph,3,0.01,30,888985.0,607280.4692571466,0.3168833340752132,30,0,30,8_POSSA
query_cycle_8_335.graph,4,0.01,30,888985.0,892102.2761857216,0.0035065565625085064,30,0,30,8_POSSA
query_cycle_8_335.graph,5,0.01,30,888985.0,561183.5533289913,0.368736757842943,30,0,30,8_POSSA
query_cycle_8_335.graph,1,0.05,150,888985.0,829260.1753118441,0.06718316359461173,150,0,150,8_POSSA
query_cycle_8_335.graph,2,0.05,150,888985.0,986793.0157948092,0.11002212162725941,150,0,150,8_POSSA
query_cycle_8_335.graph,3,0.05,150,888985.0,867411.1595456365,0.024267946539439356,150,0,150,8_POSSA
query_cycle_8_335.graph,4,0.05,150,888985.0,755517.1357888236,0.15013511387838535,150,0,150,8_POSSA
query_cycle_8_335.graph,5,0.05,150,888985.0,996556.9303420363,0.12100533793262687,150,0,150,8_POSSA
query_cycle_8_335.graph,1,0.1,300,888985.0,893722.8343211415,0.00532948736046331,300,0,300,8_POSSA
query_cycle_8_335.graph,2,0.1,300,888985.0,845524.2077791946,0.048888105222028966,300,0,300,8_POSSA
query_cycle_8_335.graph,3,0.1,300,888985.0,884379.4752200516,0.005180655219096392,300,0,300,8_POSSA
query_cycle_8_335.graph,4,0.1,300,888985.0,824465.3260965496,0.07257678577641959,300,0,300,8_POSSA
query_cycle_8_335.graph,5,0.1,300,888985.0,827683.8890956214,0.06895629386815141,300,0,300,8_POSSA
query_cycle_8_372.graph,1,0.01,20,360868.0,434279.7148116322,0.20343093544352,20,0,20,8_POSSA
query_cycle_8_372.graph,2,0.01,20,360868.0,242494.1121082852,0.32802544944886997,20,0,20,8_POSSA
query_cycle_8_372.graph,3,0.01,20,360868.0,349335.1198013227,0.0319587222992266,20,0,20,8_POSSA
query_cycle_8_372.graph,4,0.01,20,360868.0,294746.43507173867,0.18322922766291644,20,0,20,8_POSSA
query_cycle_8_372.graph,5,0.01,20,360868.0,432186.59457873105,0.1976306975922804,20,0,20,8_POSSA
query_cycle_8_372.graph,1,0.05,104,360868.0,414055.76923236507,0.14738843353349443,104,0,104,8_POSSA
query_cycle_8_372.graph,2,0.05,104,360868.0,293398.9191304531,0.18696332417822284,104,0,104,8_POSSA
query_cycle_8_372.graph,3,0.05,104,360868.0,322617.8556828487,0.10599483555524812,104,0,104,8_POSSA
query_cycle_8_372.graph,4,0.05,104,360868.0,291611.9850965711,0.19191509056893077,104,0,104,8_POSSA
query_cycle_8_372.graph,5,0.05,104,360868.0,335372.9688833889,0.07064918783768882,104,0,104,8_POSSA
query_cycle_8_372.graph,1,0.1,209,360868.0,331623.70542548504,0.08103875814567921,209,0,209,8_POSSA
query_cycle_8_372.graph,2,0.1,209,360868.0,329397.185366411,0.08720865976919263,209,0,209,8_POSSA
query_cycle_8_372.graph,3,0.1,209,360868.0,339777.32278454624,0.05844429878917987,209,0,209,8_POSSA
query_cycle_8_372.graph,4,0.1,209,360868.0,345633.1417036486,0.04221726031776547,209,0,209,8_POSSA
query_cycle_8_372.graph,5,0.1,209,360868.0,331445.61400858604,0.08153226662218307,209,0,209,8_POSSA
query_cycle_8_347.graph,1,0.01,34,2334314.0,1459400.855779366,0.37480525080200605,34,0,34,8_POSSA
query_cycle_8_347.graph,2,0.01,34,2334314.0,2921674.3550676117,0.25162011411815705,34,0,34,8_POSSA
query_cycle_8_347.graph,3,0.01,34,2334314.0,2097767.2663120613,0.101334582103324,34,0,34,8_POSSA
query_cycle_8_347.graph,4,0.01,34,2334314.0,2307228.2688879287,0.011603293777988442,34,0,34,8_POSSA
query_cycle_8_347.graph,5,0.01,34,2334314.0,1738975.7749661612,0.2550377648567582,34,0,34,8_POSSA
query_cycle_8_347.graph,1,0.05,172,2334314.0,2302478.520478326,0.01363804506234984,172,0,172,8_POSSA
query_cycle_8_347.graph,2,0.05,172,2334314.0,2286931.7110523786,0.02029816423481218,172,0,172,8_POSSA
query_cycle_8_347.graph,3,0.05,172,2334314.0,2327736.5469828052,0.0028177241867181346,172,0,172,8_POSSA
query_cycle_8_347.graph,4,0.05,172,2334314.0,2326746.5510206176,0.003241829924929724,172,0,172,8_POSSA
query_cycle_8_347.graph,5,0.05,172,2334314.0,2259463.8205210976,0.03206517181446128,172,0,172,8_POSSA
query_cycle_8_347.graph,1,0.1,344,2334314.0,2194459.430975959,0.05991249207434854,344,0,344,8_POSSA
query_cycle_8_347.graph,2,0.1,344,2334314.0,2311980.6396825677,0.009567419086477793,344,0,344,8_POSSA
query_cycle_8_347.graph,3,0.1,344,2334314.0,2194555.1612788844,0.059871482037598886,344,0,344,8_POSSA
query_cycle_8_347.graph,4,0.1,344,2334314.0,2244569.3288118304,0.03844584369890667,344,0,344,8_POSSA
query_cycle_8_347.graph,5,0.1,344,2334314.0,2203407.2637271956,0.05607931763798891,344,0,344,8_POSSA
query_cycle_8_362.graph,1,0.01,25,417444.0,446288.653645256,0.06909825903655582,25,0,25,8_POSSA
query_cycle_8_362.graph,2,0.01,25,417444.0,740182.0692992902,0.7731290168245086,25,0,25,8_POSSA
query_cycle_8_362.graph,3,0.01,25,417444.0,671276.2065087425,0.6080628934868929,25,0,25,8_POSSA
query_cycle_8_362.graph,4,0.01,25,417444.0,240443.13029887227,0.4240110522636036,25,0,25,8_POSSA
query_cycle_8_362.graph,5,0.01,25,417444.0,238448.97943947656,0.42878810226167685,25,0,25,8_POSSA
query_cycle_8_362.graph,1,0.05,128,417444.0,442717.4401011454,0.060543306649863016,128,0,128,8_POSSA
query_cycle_8_362.graph,2,0.05,128,417444.0,402389.5382210294,0.03606342833762279,128,0,128,8_POSSA
query_cycle_8_362.graph,3,0.05,128,417444.0,382903.26321520127,0.08274340219238685,128,0,128,8_POSSA
query_cycle_8_362.graph,4,0.05,128,417444.0,450099.66629355727,0.07822765758654399,128,0,128,8_POSSA
query_cycle_8_362.graph,5,0.05,128,417444.0,413953.0675128587,0.008362636634234252,128,0,128,8_POSSA
query_cycle_8_362.graph,1,0.1,257,417444.0,400645.72312037344,0.04024079129087149,257,0,257,8_POSSA
query_cycle_8_362.graph,2,0.1,257,417444.0,410647.23756250914,0.0162818544223677,257,0,257,8_POSSA
query_cycle_8_362.graph,3,0.1,257,417444.0,396694.0167043988,0.04970722610841505,257,0,257,8_POSSA
query_cycle_8_362.graph,4,0.1,257,417444.0,419328.4543719773,0.004514268673108984,257,0,257,8_POSSA
query_cycle_8_362.graph,5,0.1,257,417444.0,430874.74799897114,0.03217377180884416,257,0,257,8_POSSA
query_cycle_8_376.graph,1,0.01,19,694230.0,329736.2046316394,0.5250331955812347,19,0,19,8_POSSA
query_cycle_8_376.graph,2,0.01,19,694230.0,621922.7515779663,0.10415460066841499,19,0,19,8_POSSA
query_cycle_8_376.graph,3,0.01,19,694230.0,1016842.415969054,0.4647053800167869,19,0,19,8_POSSA
query_cycle_8_376.graph,4,0.01,19,694230.0,392597.54667099996,0.43448490173141474,19,0,19,8_POSSA
query_cycle_8_376.graph,5,0.01,19,694230.0,303401.91844207747,0.5629662814311144,19,0,19,8_POSSA
query_cycle_8_376.graph,1,0.05,97,694230.0,620469.1616326869,0.10624841676002643,97,0,97,8_POSSA
query_cycle_8_376.graph,2,0.05,97,694230.0,631244.0977955143,0.09072771589312724,97,0,97,8_POSSA
query_cycle_8_376.graph,3,0.05,97,694230.0,642919.273349154,0.07391026986855359,97,0,97,8_POSSA
query_cycle_8_376.graph,4,0.05,97,694230.0,677095.5564042004,0.024681220338792068,97,0,97,8_POSSA
query_cycle_8_376.graph,5,0.05,97,694230.0,736381.6222724903,0.06071708550839101,97,0,97,8_POSSA
query_cycle_8_376.graph,1,0.1,194,694230.0,698727.7518047614,0.006478763240945156,194,0,194,8_POSSA
query_cycle_8_376.graph,2,0.1,194,694230.0,692191.8448257588,0.002935850041400067,194,0,194,8_POSSA
query_cycle_8_376.graph,3,0.1,194,694230.0,698653.7226563413,0.006372128338362314,194,0,194,8_POSSA
query_cycle_8_376.graph,4,0.1,194,694230.0,715904.1617967479,0.031220433857292167,194,0,194,8_POSSA
query_cycle_8_376.graph,5,0.1,194,694230.0,687442.1585891244,0.009777510927035065,194,0,194,8_POSSA
query_cycle_8_378.graph,1,0.01,22,406518.0,340246.2841065339,0.16302283267522247,22,0,22,8_POSSA
query_cycle_8_378.graph,2,0.01,22,406518.0,592835.4618304782,0.4583252447135875,22,0,22,8_POSSA
query_cycle_8_378.graph,3,0.01,22,406518.0,281265.09649307164,0.3081115805620621,22,0,22,8_POSSA
query_cycle_8_378.graph,4,0.01,22,406518.0,469913.56068032945,0.15594773338531,22,0,22,8_POSSA
query_cycle_8_378.graph,5,0.01,22,406518.0,409961.064966755,0.008469649478633143,22,0,22,8_POSSA
query_cycle_8_378.graph,1,0.05,110,406518.0,344382.94922324206,0.1528469853161679,110,0,110,8_POSSA
query_cycle_8_378.graph,2,0.05,110,406518.0,411344.62029641523,0.011873078920036093,110,0,110,8_POSSA
query_cycle_8_378.graph,3,0.05,110,406518.0,355836.5939565757,0.1246719851111741,110,0,110,8_POSSA
query_cycle_8_378.graph,4,0.05,110,406518.0,418744.1378936149,0.030075268238097412,110,0,110,8_POSSA
query_cycle_8_378.graph,5,0.05,110,406518.0,431048.10636655084,0.06034199313819029,110,0,110,8_POSSA
query_cycle_8_378.graph,1,0.1,221,406518.0,376971.6960158232,0.07268141628212471,221,0,221,8_POSSA
query_cycle_8_378.graph,2,0.1,221,406518.0,382838.8417154382,0.0582487326134681,221,0,221,8_POSSA
query_cycle_8_378.graph,3,0.1,221,406518.0,415963.83771918673,0.023235964260344518,221,0,221,8_POSSA
query_cycle_8_378.graph,4,0.1,221,406518.0,386263.5325280817,0.04982428200453196,221,0,221,8_POSSA
query_cycle_8_378.graph,5,0.1,221,406518.0,396209.52758770477,0.02535797286293653,221,0,221,8_POSSA
query_cycle_8_387.graph,1,0.01,17,150678.0,244769.90662742066,0.6244568326326382,17,0,17,8_POSSA
query_cycle_8_387.graph,2,0.01,17,150678.0,195197.6161235753,0.2954619527971921,17,0,17,8_POSSA
query_cycle_8_387.graph,3,0.01,17,150678.0,85082.79074436115,0.4353336867733767,17,0,17,8_POSSA
query_cycle_8_387.graph,4,0.01,17,150678.0,87978.30216806817,0.41611713609108053,17,0,17,8_POSSA
query_cycle_8_387.graph,5,0.01,17,150678.0,139080.13004195777,0.07697122312508943,17,0,17,8_POSSA
query_cycle_8_387.graph,1,0.05,87,150678.0,144374.49237263872,0.04183429317724737,87,0,87,8_POSSA
query_cycle_8_387.graph,2,0.05,87,150678.0,175379.05207252418,0.1639327046584384,87,0,87,8_POSSA
query_cycle_8_387.graph,3,0.05,87,150678.0,141909.04871349188,0.058196626491645226,87,0,87,8_POSSA
query_cycle_8_387.graph,4,0.05,87,150678.0,133445.1981974967,0.11436840018120292,87,0,87,8_POSSA
query_cycle_8_387.graph,5,0.05,87,150678.0,149532.1510303715,0.007604620247338765,87,0,87,8_POSSA
query_cycle_8_387.graph,1,0.1,175,150678.0,148073.78810100237,0.01728329217933361,175,0,175,8_POSSA
query_cycle_8_387.graph,2,0.1,175,150678.0,142926.4069017117,0.05144475702019064,175,0,175,8_POSSA
query_cycle_8_387.graph,3,0.1,175,150678.0,144635.07393973036,0.04010489958898874,175,0,175,8_POSSA
query_cycle_8_387.graph,4,0.1,175,150678.0,144069.53668338858,0.04385818312302673,175,0,175,8_POSSA
query_cycle_8_387.graph,5,0.1,175,150678.0,150726.1710186188,0.00031969510226309935,175,0,175,8_POSSA
query_cycle_8_383.graph,1,0.01,21,363155.0,358379.6292885075,0.0131496763406603,21,0,21,8_POSSA
query_cycle_8_383.graph,2,0.01,21,363155.0,485902.2573098451,0.33800238826353796,21,0,21,8_POSSA
query_cycle_8_383.graph,3,0.01,21,363155.0,520260.21383638034,0.43261200819589524,21,0,21,8_POSSA
query_cycle_8_383.graph,4,0.01,21,363155.0,252019.83583945513,0.30602680442385444,21,0,21,8_POSSA
query_cycle_8_383.graph,5,0.01,21,363155.0,279874.9914874876,0.22932359051234974,21,0,21,8_POSSA
query_cycle_8_383.graph,1,0.05,106,363155.0,335724.99895921815,0.0755324889944565,106,0,106,8_POSSA
query_cycle_8_383.graph,2,0.05,106,363155.0,412036.8646412145,0.1346033088934876,106,0,106,8_POSSA
query_cycle_8_383.graph,3,0.05,106,363155.0,363451.3883587585,0.000816148362981293,106,0,106,8_POSSA
query_cycle_8_383.graph,4,0.05,106,363155.0,350490.87178910023,0.03487251507180066,106,0,106,8_POSSA
query_cycle_8_383.graph,5,0.05,106,363155.0,332348.9404016149,0.08482895622636374,106,0,106,8_POSSA
query_cycle_8_383.graph,1,0.1,212,363155.0,344150.5576817339,0.05233149018536461,212,0,212,8_POSSA
query_cycle_8_383.graph,2,0.1,212,363155.0,333381.3253696073,0.08198613437896406,212,0,212,8_POSSA
query_cycle_8_383.graph,3,0.1,212,363155.0,361664.90561717935,0.0041031911520443085,212,0,212,8_POSSA
query_cycle_8_383.graph,4,0.1,212,363155.0,344239.79323731805,0.052085767131615834,212,0,212,8_POSSA
query_cycle_8_383.graph,5,0.1,212,363155.0,325686.7342360367,0.10317430784090342,212,0,212,8_POSSA
query_cycle_8_543.graph,1,0.01,19,694230.0,301983.7216017393,0.5650091157084262,19,0,19,8_POSSA
query_cycle_8_543.graph,2,0.01,19,694230.0,411230.4805877902,0.4076451887878798,19,0,19,8_POSSA
query_cycle_8_543.graph,3,0.01,19,694230.0,721935.9447179909,0.03990888425736562,19,0,19,8_POSSA
query_cycle_8_543.graph,4,0.01,19,694230.0,1010800.7902938124,0.4560027516728064,19,0,19,8_POSSA
query_cycle_8_543.graph,5,0.01,19,694230.0,452551.6360934752,0.3481243448230771,19,0,19,8_POSSA
query_cycle_8_543.graph,1,0.05,97,694230.0,634067.4154800967,0.08666088258920429,97,0,97,8_POSSA
query_cycle_8_543.graph,2,0.05,97,694230.0,647363.5003168788,0.06750860620128951,97,0,97,8_POSSA
query_cycle_8_543.graph,3,0.05,97,694230.0,598545.7469168482,0.13782788569083987,97,0,97,8_POSSA
query_cycle_8_543.graph,4,0.05,97,694230.0,732910.6250155063,0.055717305526275566,97,0,97,8_POSSA
query_cycle_8_543.graph,5,0.05,97,694230.0,669297.2750012462,0.03591421430758358,97,0,97,8_POSSA
query_cycle_8_543.graph,1,0.1,194,694230.0,735502.5111969721,0.05945077452281247,194,0,194,8_POSSA
query_cycle_8_543.graph,2,0.1,194,694230.0,742909.104055386,0.07011956276073641,194,0,194,8_POSSA
query_cycle_8_543.graph,3,0.1,194,694230.0,763069.4224111141,0.09915938869123214,194,0,194,8_POSSA
query_cycle_8_543.graph,4,0.1,194,694230.0,646340.2702869694,0.06898251258665086,194,0,194,8_POSSA
query_cycle_8_543.graph,5,0.1,194,694230.0,657301.9295156933,0.05319284744869375,194,0,194,8_POSSA
query_cycle_8_592.graph,1,0.01,26,1256144.0,1883231.128194131,0.4992159562869631,26,0,26,8_POSSA
query_cycle_8_592.graph,2,0.01,26,1256144.0,1252879.152228809,0.0025991031053693193,26,0,26,8_POSSA
query_cycle_8_592.graph,3,0.01,26,1256144.0,1415201.262557352,0.1266234305599931,26,0,26,8_POSSA
query_cycle_8_592.graph,4,0.01,26,1256144.0,1767548.6642757207,0.407122642209588,26,0,26,8_POSSA
query_cycle_8_592.graph,5,0.01,26,1256144.0,1504039.407841354,0.19734632959386336,26,0,26,8_POSSA
query_cycle_8_592.graph,1,0.05,132,1256144.0,1391230.785941311,0.10754084399663648,132,0,132,8_POSSA
query_cycle_8_592.graph,2,0.05,132,1256144.0,1225550.6287588961,0.02435498735901605,132,0,132,8_POSSA
query_cycle_8_592.graph,3,0.05,132,1256144.0,1324473.5275922024,0.05439625360802775,132,0,132,8_POSSA
query_cycle_8_592.graph,4,0.05,132,1256144.0,1702108.7134980632,0.3550267433495389,132,0,132,8_POSSA
query_cycle_8_592.graph,5,0.05,132,1256144.0,1392569.863928656,0.10860686667185936,132,0,132,8_POSSA
query_cycle_8_592.graph,1,0.1,265,1256144.0,1375849.0226417452,0.09529562107668003,265,0,265,8_POSSA
query_cycle_8_592.graph,2,0.1,265,1256144.0,1364174.696674378,0.08600184109017588,265,0,265,8_POSSA
query_cycle_8_592.graph,3,0.1,265,1256144.0,1435618.1400455812,0.14287704279571542,265,0,265,8_POSSA
query_cycle_8_592.graph,4,0.1,265,1256144.0,1421373.5425679213,0.13153710288623066,265,0,265,8_POSSA
query_cycle_8_592.graph,5,0.1,265,1256144.0,1348965.5342313615,0.07389402348087597,265,0,265,8_POSSA
query_path_4_11.graph,1,0.01,36,93742.0,106174.73529555365,0.13262716067028277,36,0,36,8_POSSA
query_path_4_11.graph,2,0.01,36,93742.0,82425.97958022442,0.12071451878320903,36,0,36,8_POSSA
query_path_4_11.graph,3,0.01,36,93742.0,84154.87665531336,0.10227137616742377,36,0,36,8_POSSA
query_path_4_11.graph,4,0.01,36,93742.0,108291.00306942785,0.155202610029953,36,0,36,8_POSSA
query_path_4_11.graph,5,0.01,36,93742.0,127278.89373109274,0.35775739509603743,36,0,36,8_POSSA
query_path_4_11.graph,1,0.05,180,93742.0,93091.2165743493,0.006942282281695557,180,0,180,8_POSSA
query_path_4_11.graph,2,0.05,180,93742.0,95449.5335575414,0.018215245648070304,180,0,180,8_POSSA
query_path_4_11.graph,3,0.05,180,93742.0,92467.25942976253,0.013598393145414726,180,0,180,8_POSSA
query_path_4_11.graph,4,0.05,180,93742.0,94869.34440748286,0.01202603323465318,180,0,180,8_POSSA
query_path_4_11.graph,5,0.05,180,93742.0,93301.54979884558,0.0046985364207551,180,0,180,8_POSSA
query_path_4_11.graph,1,0.1,361,93742.0,92374.22092298494,0.014590888577319243,361,0,361,8_POSSA
query_path_4_11.graph,2,0.1,361,93742.0,95409.86302608493,0.017792057200453706,361,0,361,8_POSSA
query_path_4_11.graph,3,0.1,361,93742.0,95681.48048763006,0.020689557376950163,361,0,361,8_POSSA
query_path_4_11.graph,4,0.1,361,93742.0,94785.95817575592,0.011136504189754015,361,0,361,8_POSSA
query_path_4_11.graph,5,0.1,361,93742.0,95139.22996785649,0.014905058222104165,361,0,361,8_POSSA
query_path_4_16.graph,1,0.01,36,93742.0,93524.34563530359,0.002321844687508404,36,0,36,8_POSSA
query_path_4_16.graph,2,0.01,36,93742.0,73732.71365883414,0.21345060209048092,36,0,36,8_POSSA
query_path_4_16.graph,3,0.01,36,93742.0,53563.41837040092,0.42860811194127585,36,0,36,8_POSSA
query_path_4_16.graph,4,0.01,36,93742.0,51148.91623435356,0.4543649993135035,36,0,36,8_POSSA
query_path_4_16.graph,5,0.01,36,93742.0,116033.25712602619,0.23779370107343764,36,0,36,8_POSSA
query_path_4_16.graph,1,0.05,181,93742.0,91962.05934651283,0.018987653916997364,181,0,181,8_POSSA
query_path_4_16.graph,2,0.05,181,93742.0,90828.97757214122,0.031074890954521824,181,0,181,8_POSSA
query_path_4_16.graph,3,0.05,181,93742.0,104081.28673153168,0.1102951369880276,181,0,181,8_POSSA
query_path_4_16.graph,4,0.05,181,93742.0,91651.65572256554,0.022298908466156668,181,0,181,8_POSSA
query_path_4_16.graph,5,0.05,181,93742.0,86377.25861420207,0.07856394557186668,181,0,181,8_POSSA
query_path_4_16.graph,1,0.1,363,93742.0,92640.3191182666,0.011752265598487284,363,0,363,8_POSSA
query_path_4_16.graph,2,0.1,363,93742.0,90310.84921877745,0.036602065042590795,363,0,363,8_POSSA
query_path_4_16.graph,3,0.1,363,93742.0,90909.23203219927,0.03021877032494214,363,0,363,8_POSSA
query_path_4_16.graph,4,0.1,363,93742.0,89344.68200159007,0.04690872819451181,363,0,363,8_POSSA
query_path_4_16.graph,5,0.1,363,93742.0,92670.02020612688,0.011435426957747016,363,0,363,8_POSSA
query_path_4_10.graph,1,0.01,51,375950.0,357365.96001341165,0.04943221169460926,51,0,51,8_POSSA
query_path_4_10.graph,2,0.01,51,375950.0,316884.2980007542,0.1571105253338098,51,0,51,8_POSSA
query_path_4_10.graph,3,0.01,51,375950.0,325991.93324109,0.1328848696872191,51,0,51,8_POSSA
query_path_4_10.graph,4,0.01,51,375950.0,452900.2786547457,0.20468221480182397,51,0,51,8_POSSA
query_path_4_10.graph,5,0.01,51,375950.0,460304.4338402329,0.22437673584315176,51,0,51,8_POSSA
query_path_4_10.graph,1,0.05,258,375950.0,361594.85928734276,0.038183643337298165,258,0,258,8_POSSA
query_path_4_10.graph,2,0.05,258,375950.0,373980.7716213187,0.005238006061128585,258,0,258,8_POSSA
query_path_4_10.graph,3,0.05,258,375950.0,378635.9845121364,0.007144525900083458,258,0,258,8_POSSA
query_path_4_10.graph,4,0.05,258,375950.0,369010.9100211249,0.018457480991821058,258,0,258,8_POSSA
query_path_4_10.graph,5,0.05,258,375950.0,346756.64845649595,0.07765221849582138,258,0,258,8_POSSA
query_path_4_10.graph,1,0.1,517,375950.0,381779.6602535543,0.015506477599559228,517,0,517,8_POSSA
query_path_4_10.graph,2,0.1,517,375950.0,371532.799071983,0.011749437233719838,517,0,517,8_POSSA
query_path_4_10.graph,3,0.1,517,375950.0,372913.60108050297,0.008076603057579557,517,0,517,8_POSSA
query_path_4_10.graph,4,0.1,517,375950.0,367423.43625663937,0.022680047196064985,517,0,517,8_POSSA
query_path_4_10.graph,5,0.1,517,375950.0,371640.3980968934,0.011463231555011597,517,0,517,8_POSSA
query_path_4_15.graph,1,0.01,48,283607.0,273949.3582180104,0.034052903426183424,48,0,48,8_POSSA
query_path_4_15.graph,2,0.01,48,283607.0,271454.1249644383,0.042851110993599166,48,0,48,8_POSSA
query_path_4_15.graph,3,0.01,48,283607.0,287497.50542754715,0.013717945704961966,48,0,48,8_POSSA
query_path_4_15.graph,4,0.01,48,283607.0,293705.2965707135,0.03560665488056894,48,0,48,8_POSSA
query_path_4_15.graph,5,0.01,48,283607.0,269179.27123942506,0.05087225900832823,48,0,48,8_POSSA
query_path_4_15.graph,1,0.05,240,283607.0,287177.0217707724,0.012587918389787303,240,0,240,8_POSSA
query_path_4_15.graph,2,0.05,240,283607.0,273498.1261992941,0.035643950257595494,240,0,240,8_POSSA
query_path_4_15.graph,3,0.05,240,283607.0,288644.1631065862,0.017761067627337132,240,0,240,8_POSSA
query_path_4_15.graph,4,0.05,240,283607.0,289057.5991494369,0.019218845618891364,240,0,240,8_POSSA
query_path_4_15.graph,5,0.05,240,283607.0,285489.72054573515,0.006638484049177743,240,0,240,8_POSSA
query_path_4_15.graph,1,0.1,480,283607.0,277962.92087859835,0.019901057172078438,480,0,480,8_POSSA
query_path_4_15.graph,2,0.1,480,283607.0,288130.7495970408,0.015950768482586183,480,0,480,8_POSSA
query_path_4_15.graph,3,0.1,480,283607.0,283417.8616535271,0.0006669029554026223,480,0,480,8_POSSA
query_path_4_15.graph,4,0.1,480,283607.0,286940.11685278825,0.011752590213881373,480,0,480,8_POSSA
query_path_4_15.graph,5,0.1,480,283607.0,286798.28113186033,0.011252476602694343,480,0,480,8_POSSA
query_path_4_17.graph,1,0.01,46,70146.0,78563.46177682352,0.1199991699715382,46,0,46,8_POSSA
query_path_4_17.graph,2,0.01,46,70146.0,60456.76660157708,0.13812952126169586,46,0,46,8_POSSA
query_path_4_17.graph,3,0.01,46,70146.0,98249.69675850714,0.4006457497007262,46,0,46,8_POSSA
query_path_4_17.graph,4,0.01,46,70146.0,67980.94435195684,0.030864990848275813,46,0,46,8_POSSA
query_path_4_17.graph,5,0.01,46,70146.0,91491.09273563647,0.3042952233290062,46,0,46,8_POSSA
query_path_4_17.graph,1,0.05,233,70146.0,70243.07841022019,0.0013839479117866583,233,0,233,8_POSSA
query_path_4_17.graph,2,0.05,233,70146.0,66482.91609870683,0.05222085224094272,233,0,233,8_POSSA
query_path_4_17.graph,3,0.05,233,70146.0,65892.72632258052,0.06063458611210159,233,0,233,8_POSSA
query_path_4_17.graph,4,0.05,233,70146.0,70425.88451531238,0.003990028160014597,233,0,233,8_POSSA
query_path_4_17.graph,5,0.05,233,70146.0,71364.96427022378,0.017377530724827873,233,0,233,8_POSSA
query_path_4_17.graph,1,0.1,466,70146.0,66946.80708829968,0.04560763139309892,466,0,466,8_POSSA
query_path_4_17.graph,2,0.1,466,70146.0,66784.22712746309,0.04792536812557963,466,0,466,8_POSSA
query_path_4_17.graph,3,0.1,466,70146.0,70028.25167271178,0.001678617844042763,466,0,466,8_POSSA
query_path_4_17.graph,4,0.1,466,70146.0,67548.53342621989,0.03702943252331012,466,0,466,8_POSSA
query_path_4_17.graph,5,0.1,466,70146.0,68555.78976549713,0.022670005909144766,466,0,466,8_POSSA
query_path_4_20.graph,1,0.01,36,93742.0,70896.4074214765,0.2437071171782499,36,0,36,8_POSSA
query_path_4_20.graph,2,0.01,36,93742.0,74583.57915654947,0.20437392890540554,36,0,36,8_POSSA
query_path_4_20.graph,3,0.01,36,93742.0,82020.86509758362,0.12503610870705104,36,0,36,8_POSSA
query_path_4_20.graph,4,0.01,36,93742.0,101136.35317969724,0.07887983166240574,36,0,36,8_POSSA
query_path_4_20.graph,5,0.01,36,93742.0,85689.45991714121,0.08590109111026849,36,0,36,8_POSSA
query_path_4_20.graph,1,0.05,181,93742.0,92998.07192282524,0.007935910020852532,181,0,181,8_POSSA
query_path_4_20.graph,2,0.05,181,93742.0,92042.94950639695,0.018124751910595555,181,0,181,8_POSSA
query_path_4_20.graph,3,0.05,181,93742.0,98446.71553462089,0.05018791507137558,181,0,181,8_POSSA
query_path_4_20.graph,4,0.05,181,93742.0,91162.005499311,0.027522289909421654,181,0,181,8_POSSA
query_path_4_20.graph,5,0.05,181,93742.0,92412.59887703662,0.014181488798653497,181,0,181,8_POSSA
query_path_4_20.graph,1,0.1,362,93742.0,93062.3534732791,0.007250181633855675,362,0,362,8_POSSA
query_path_4_20.graph,2,0.1,362,93742.0,90865.81184946709,0.030681958466140122,362,0,362,8_POSSA
query_path_4_20.graph,3,0.1,362,93742.0,94379.33732414691,0.00679884495900353,362,0,362,8_POSSA
query_path_4_20.graph,4,0.1,362,93742.0,93430.1745790494,0.0033264216781229076,362,0,362,8_POSSA
query_path_4_20.graph,5,0.1,362,93742.0,92307.25619937672,0.01530523992045491,362,0,362,8_POSSA
query_path_4_19.graph,1,0.01,46,70146.0,79213.95599512209,0.12927260278735905,46,0,46,8_POSSA
query_path_4_19.graph,2,0.01,46,70146.0,71311.77707595908,0.016619295126722528,46,0,46,8_POSSA
query_path_4_19.graph,3,0.01,46,70146.0,61383.38482135039,0.12491967009736281,46,0,46,8_POSSA
query_path_4_19.graph,4,0.01,46,70146.0,68281.43241418271,0.026581238927626535,46,0,46,8_POSSA
query_path_4_19.graph,5,0.01,46,70146.0,77990.97012010022,0.11183774014341825,46,0,46,8_POSSA
query_path_4_19.graph,1,0.05,232,70146.0,67413.0659707441,0.038960653911212416,232,0,232,8_POSSA
query_path_4_19.graph,2,0.05,232,70146.0,67485.57231441821,0.03792700489809523,232,0,232,8_POSSA
query_path_4_19.graph,3,0.05,232,70146.0,66946.96726763205,0.04560534787967884,232,0,232,8_POSSA
query_path_4_19.graph,4,0.05,232,70146.0,70060.5774900336,0.0012177816264135318,232,0,232,8_POSSA
query_path_4_19.graph,5,0.05,232,70146.0,69454.31217895843,0.009860688008461984,232,0,232,8_POSSA
query_path_4_19.graph,1,0.1,464,70146.0,69157.4944438921,0.014092115817122946,464,0,464,8_POSSA
query_path_4_19.graph,2,0.1,464,70146.0,70588.14053997124,0.00630314686469989,464,0,464,8_POSSA
query_path_4_19.graph,3,0.1,464,70146.0,70639.46117136092,0.007034772779073921,464,0,464,8_POSSA
query_path_4_19.graph,4,0.1,464,70146.0,70099.33648419351,0.0006652341659750971,464,0,464,8_POSSA
query_path_4_19.graph,5,0.1,464,70146.0,70134.35707696313,0.00016598128242332712,464,0,464,8_POSSA
query_path_4_1.graph,1,0.01,74,2612357.0,2685655.488705379,0.02805837360872919,74,0,74,8_POSSA
query_path_4_1.graph,2,0.01,74,2612357.0,2595918.117853075,0.006292739524852538,74,0,74,8_POSSA
query_path_4_1.graph,3,0.01,74,2612357.0,2541874.97147335,0.026980243713493144,74,0,74,8_POSSA
query_path_4_1.graph,4,0.01,74,2612357.0,2572365.2959791883,0.015308667238364325,74,0,74,8_POSSA
query_path_4_1.graph,5,0.01,74,2612357.0,3852569.8571137898,0.4747486109723096,74,0,74,8_POSSA
query_path_4_1.graph,1,0.05,372,2612357.0,2480210.6181058735,0.050585116006015465,372,0,372,8_POSSA
query_path_4_1.graph,2,0.05,372,2612357.0,2573839.510949986,0.014744343537278383,372,0,372,8_POSSA
query_path_4_1.graph,3,0.05,372,2612357.0,2481446.187536062,0.05011214488063377,372,0,372,8_POSSA
query_path_4_1.graph,4,0.05,372,2612357.0,2699178.609029103,0.033234970958832606,372,0,372,8_POSSA
query_path_4_1.graph,5,0.05,372,2612357.0,2570230.2450968865,0.01612595633105026,372,0,372,8_POSSA
query_path_4_1.graph,1,0.1,745,2612357.0,2600579.7460916927,0.0045082865428834155,745,0,745,8_POSSA
query_path_4_1.graph,2,0.1,745,2612357.0,2647398.3914985317,0.013413707046369114,745,0,745,8_POSSA
query_path_4_1.graph,3,0.1,745,2612357.0,2609244.473770244,0.0011914628168186634,745,0,745,8_POSSA
query_path_4_1.graph,4,0.1,745,2612357.0,2564652.1212060833,0.01826124024929084,745,0,745,8_POSSA
query_path_4_1.graph,5,0.1,745,2612357.0,2586434.599303892,0.009922993180529353,745,0,745,8_POSSA
query_path_4_0.graph,1,0.01,74,2612357.0,3504703.9593267813,0.3415869114852148,74,0,74,8_POSSA
query_path_4_0.graph,2,0.01,74,2612357.0,2542604.1898416257,0.02670110178600178,74,0,74,8_POSSA
query_path_4_0.graph,3,0.01,74,2612357.0,2739882.7353417412,0.04881635065258739,74,0,74,8_POSSA
query_path_4_0.graph,4,0.01,74,2612357.0,2565477.0888190735,0.017945445886962036,74,0,74,8_POSSA
query_path_4_0.graph,5,0.01,74,2612357.0,3063026.858341172,0.17251465184167855,74,0,74,8_POSSA
query_path_4_0.graph,1,0.05,373,2612357.0,2911605.6281856634,0.11455119961998432,373,0,373,8_POSSA
query_path_4_0.graph,2,0.05,373,2612357.0,2665283.796345841,0.020260169779950113,373,0,373,8_POSSA
query_path_4_0.graph,3,0.05,373,2612357.0,2591576.2639420424,0.007954784150082717,373,0,373,8_POSSA
query_path_4_0.graph,4,0.05,373,2612357.0,2610654.8540951307,0.0006515747674874861,373,0,373,8_POSSA
query_path_4_0.graph,5,0.05,373,2612357.0,2703482.3882493475,0.03488244074196117,373,0,373,8_POSSA
query_path_4_0.graph,1,0.1,746,2612357.0,2603693.1210931,0.0033164988196100545,746,0,746,8_POSSA
query_path_4_0.graph,2,0.1,746,2612357.0,2642399.827646897,0.011500276434996126,746,0,746,8_POSSA
query_path_4_0.graph,3,0.1,746,2612357.0,2650741.602920961,0.014693475248965245,746,0,746,8_POSSA
query_path_4_0.graph,4,0.1,746,2612357.0,2605338.9136025035,0.0026864959105882226,746,0,746,8_POSSA
query_path_4_0.graph,5,0.1,746,2612357.0,2592530.4447951447,0.007589527466902601,746,0,746,8_POSSA
query_path_4_14.graph,1,0.01,62,1836474.0,1451233.4222335287,0.2097718659596985,62,0,62,8_POSSA
query_path_4_14.graph,2,0.01,62,1836474.0,2162577.115152842,0.17757023249599063,62,0,62,8_POSSA
query_path_4_14.graph,3,0.01,62,1836474.0,2183313.2886744803,0.18886152958031546,62,0,62,8_POSSA
query_path_4_14.graph,4,0.01,62,1836474.0,1719372.711717436,0.06376419610763012,62,0,62,8_POSSA
query_path_4_14.graph,5,0.01,62,1836474.0,1552889.0594338847,0.15441816250386084,62,0,62,8_POSSA
query_path_4_14.graph,1,0.05,313,1836474.0,1890313.6009752727,0.029316832677877668,313,0,313,8_POSSA
query_path_4_14.graph,2,0.05,313,1836474.0,1801461.0928367227,0.01906528878888417,313,0,313,8_POSSA
query_path_4_14.graph,3,0.05,313,1836474.0,1901425.0860777022,0.03536727777126288,313,0,313,8_POSSA
query_path_4_14.graph,4,0.05,313,1836474.0,1743699.2770000715,0.05051785268940835,313,0,313,8_POSSA
query_path_4_14.graph,5,0.05,313,1836474.0,1797203.416904482,0.021383685854260905,313,0,313,8_POSSA
query_path_4_14.graph,1,0.1,626,1836474.0,1833971.7428377839,0.0013625333994470488,626,0,626,8_POSSA
query_path_4_14.graph,2,0.1,626,1836474.0,1839883.2953519868,0.0018564354039244625,626,0,626,8_POSSA
query_path_4_14.graph,3,0.1,626,1836474.0,1792572.3340866752,0.023905411083045447,626,0,626,8_POSSA
query_path_4_14.graph,4,0.1,626,1836474.0,1851953.0861218874,0.008428698757449022,626,0,626,8_POSSA
query_path_4_14.graph,5,0.1,626,1836474.0,1805573.1212495132,0.01682619996280196,626,0,626,8_POSSA
query_path_4_9.graph,1,0.01,51,375950.0,271686.2002665188,0.27733421926713975,51,0,51,8_POSSA
query_path_4_9.graph,2,0.01,51,375950.0,355341.7493801408,0.05481646660422716,51,0,51,8_POSSA
query_path_4_9.graph,3,0.01,51,375950.0,361556.4716766713,0.038285751624760486,51,0,51,8_POSSA
query_path_4_9.graph,4,0.01,51,375950.0,322801.7261574184,0.14137059141529887,51,0,51,8_POSSA
query_path_4_9.graph,5,0.01,51,375950.0,281752.6292384382,0.2505582411532432,51,0,51,8_POSSA
query_path_4_9.graph,1,0.05,255,375950.0,381887.0983593111,0.015792255244875958,255,0,255,8_POSSA
query_path_4_9.graph,2,0.05,255,375950.0,374269.7311880657,0.0044693943660972955,255,0,255,8_POSSA
query_path_4_9.graph,3,0.05,255,375950.0,372333.34663483,0.009620038210320524,255,0,255,8_POSSA
query_path_4_9.graph,4,0.05,255,375950.0,381924.62359649636,0.015892069680798926,255,0,255,8_POSSA
query_path_4_9.graph,5,0.05,255,375950.0,370690.5026117979,0.013989885325713831,255,0,255,8_POSSA
query_path_4_9.graph,1,0.1,511,375950.0,380633.6007950268,0.012458041747644128,511,0,511,8_POSSA
query_path_4_9.graph,2,0.1,511,375950.0,385939.6621328157,0.02657178383512619,511,0,511,8_POSSA
query_path_4_9.graph,3,0.1,511,375950.0,384455.4121700211,0.022623785530046805,511,0,511,8_POSSA
query_path_4_9.graph,4,0.1,511,375950.0,372421.8218842773,0.00938470040091162,511,0,511,8_POSSA
query_path_4_9.graph,5,0.1,511,375950.0,384278.6652789173,0.022153651493329686,511,0,511,8_POSSA
query_path_6_103.graph,1,0.01,28,1643774.0,2264192.298860809,0.37743527933937926,28,0,28,8_POSSA
query_path_6_103.graph,2,0.01,28,1643774.0,1880343.8538135588,0.14391872229002212,28,0,28,8_POSSA
query_path_6_103.graph,3,0.01,28,1643774.0,2122184.326787726,0.2910438580898141,28,0,28,8_POSSA
query_path_6_103.graph,4,0.01,28,1643774.0,1633804.028594159,0.006065293285963244,28,0,28,8_POSSA
query_path_6_103.graph,5,0.01,28,1643774.0,1802473.0564172387,0.09654554483599245,28,0,28,8_POSSA
query_path_6_103.graph,1,0.05,140,1643774.0,1498666.3662483464,0.0882771194529501,140,0,140,8_POSSA
query_path_6_103.graph,2,0.05,140,1643774.0,1826683.8099485221,0.11127430531722861,140,0,140,8_POSSA
query_path_6_103.graph,3,0.05,140,1643774.0,1440463.1322536957,0.12368541402060396,140,0,140,8_POSSA
query_path_6_103.graph,4,0.05,140,1643774.0,1643663.3087299783,6.733971338013724e-05,140,0,140,8_POSSA
query_path_6_103.graph,5,0.05,140,1643774.0,1591130.3686690326,0.032026076170426965,140,0,140,8_POSSA
query_path_6_103.graph,1,0.1,280,1643774.0,1660969.449902069,0.010460957468647792,280,0,280,8_POSSA
query_path_6_103.graph,2,0.1,280,1643774.0,1573165.5853159958,0.04295506236502351,280,0,280,8_POSSA
query_path_6_103.graph,3,0.1,280,1643774.0,1582469.0059789184,0.03729526931383609,280,0,280,8_POSSA
query_path_6_103.graph,4,0.1,280,1643774.0,1581011.170194469,0.03818215265938692,280,0,280,8_POSSA
query_path_6_103.graph,5,0.1,280,1643774.0,1676351.1213097956,0.019818491659921406,280,0,280,8_POSSA
query_path_4_21.graph,1,0.01,70,2636.0,1867.9940640927412,0.29135278296936984,70,0,70,8_POSSA
query_path_4_21.graph,2,0.01,70,2636.0,1956.8133378854727,0.2576580660525521,70,0,70,8_POSSA
query_path_4_21.graph,3,0.01,70,2636.0,2541.9241314304236,0.03568887275021867,70,0,70,8_POSSA
query_path_4_21.graph,4,0.01,70,2636.0,1999.5362451013614,0.24145058987050025,70,0,70,8_POSSA
query_path_4_21.graph,5,0.01,70,2636.0,2774.1498154489473,0.05240888294724858,70,0,70,8_POSSA
query_path_4_21.graph,1,0.05,352,2636.0,2450.536648196353,0.07035787245965369,352,0,352,8_POSSA
query_path_4_21.graph,2,0.05,352,2636.0,2580.407527763943,0.021089708739020066,352,0,352,8_POSSA
query_path_4_21.graph,3,0.05,352,2636.0,2704.5961034027296,0.02602280098737844,352,0,352,8_POSSA
query_path_4_21.graph,4,0.05,352,2636.0,3037.047576036235,0.15214247952816204,352,0,352,8_POSSA
query_path_4_21.graph,5,0.05,352,2636.0,2569.8044705937664,0.025112112824823073,352,0,352,8_POSSA
query_path_4_21.graph,1,0.1,705,2636.0,2551.017111951759,0.032239335374901736,705,0,705,8_POSSA
query_path_4_21.graph,2,0.1,705,2636.0,2527.293590000906,0.04123915402090058,705,0,705,8_POSSA
query_path_4_21.graph,3,0.1,705,2636.0,2577.352978161182,0.022248490834149502,705,0,705,8_POSSA
query_path_4_21.graph,4,0.1,705,2636.0,2637.5733331585093,0.0005968638689337199,705,0,705,8_POSSA
query_path_4_21.graph,5,0.1,705,2636.0,2734.2436796409806,0.03726998468929463,705,0,705,8_POSSA
query_path_4_3.graph,1,0.01,62,1836474.0,2341335.608446138,0.2749081165571296,62,0,62,8_POSSA
query_path_4_3.graph,2,0.01,62,1836474.0,1692079.333576072,0.07862603359695154,62,0,62,8_POSSA
query_path_4_3.graph,3,0.01,62,1836474.0,1705459.0317170015,0.07134049721531507,62,0,62,8_POSSA
query_path_4_3.graph,4,0.01,62,1836474.0,1540209.1757427272,0.1613226347104684,62,0,62,8_POSSA
query_path_4_3.graph,5,0.01,62,1836474.0,1564020.2985918352,0.1483569608979843,62,0,62,8_POSSA
query_path_4_3.graph,1,0.05,310,1836474.0,1832210.5628376,0.0023215341803913317,310,0,310,8_POSSA
query_path_4_3.graph,2,0.05,310,1836474.0,1840216.0902826574,0.0020376494753845775,310,0,310,8_POSSA
query_path_4_3.graph,3,0.05,310,1836474.0,1899557.8564205854,0.03435053064763532,310,0,310,8_POSSA
query_path_4_3.graph,4,0.05,310,1836474.0,1852561.6512740091,0.008760075707039218,310,0,310,8_POSSA
query_path_4_3.graph,5,0.05,310,1836474.0,1867983.651999705,0.017157690225783215,310,0,310,8_POSSA
query_path_4_3.graph,1,0.1,621,1836474.0,1859806.3421545906,0.012704967320305459,621,0,621,8_POSSA
query_path_4_3.graph,2,0.1,621,1836474.0,1906672.7099848022,0.03822472302074637,621,0,621,8_POSSA
query_path_4_3.graph,3,0.1,621,1836474.0,1876947.9164653104,0.022038927022822202,621,0,621,8_POSSA
query_path_4_3.graph,4,0.1,621,1836474.0,1854203.174502153,0.009653920775438666,621,0,621,8_POSSA
query_path_4_3.graph,5,0.1,621,1836474.0,1867869.1760574111,0.017095355587615792,621,0,621,8_POSSA
query_path_4_12.graph,1,0.01,103,46734.0,52254.35922716787,0.11812297742902109,103,0,103,8_POSSA
query_path_4_12.graph,2,0.01,103,46734.0,46946.980519149096,0.004557292745091281,103,0,103,8_POSSA
query_path_4_12.graph,3,0.01,103,46734.0,39513.070253945705,0.15451127115278587,103,0,103,8_POSSA
query_path_4_12.graph,4,0.01,103,46734.0,46498.197875720594,0.005045622550592838,103,0,103,8_POSSA
query_path_4_12.graph,5,0.01,103,46734.0,42841.637528550345,0.08328759514378514,103,0,103,8_POSSA
query_path_4_12.graph,1,0.05,518,46734.0,44629.560009901164,0.04503017054176479,518,0,518,8_POSSA
query_path_4_12.graph,2,0.05,518,46734.0,45034.53891909243,0.03636455430537869,518,0,518,8_POSSA
query_path_4_12.graph,3,0.05,518,46734.0,45209.747812987844,0.03261548737561853,518,0,518,8_POSSA
query_path_4_12.graph,4,0.05,518,46734.0,44219.66551354299,0.053800969025912825,518,0,518,8_POSSA
query_path_4_12.graph,5,0.05,518,46734.0,45364.27299976773,0.029309004156123364,518,0,518,8_POSSA
query_path_4_12.graph,1,0.1,1037,46734.0,49067.767639345344,0.04993725423343484,1037,0,1037,8_POSSA
query_path_4_12.graph,2,0.1,1037,46734.0,46940.31896511579,0.004414750826288958,1037,0,1037,8_POSSA
query_path_4_12.graph,3,0.1,1037,46734.0,46651.272338024275,0.0017701814947516778,1037,0,1037,8_POSSA
query_path_4_12.graph,4,0.1,1037,46734.0,47140.453742381535,0.008697174271013278,1037,0,1037,8_POSSA
query_path_4_12.graph,5,0.1,1037,46734.0,46272.31991197444,0.009878890915084551,1037,0,1037,8_POSSA
query_path_6_104.graph,1,0.01,28,1509704.0,1792758.1873096267,0.18748985715718228,28,0,28,8_POSSA
query_path_6_104.graph,2,0.01,28,1509704.0,1516013.1236638403,0.004179046795822459,28,0,28,8_POSSA
query_path_6_104.graph,3,0.01,28,1509704.0,1884283.7743764138,0.2481147128022538,28,0,28,8_POSSA
query_path_6_104.graph,4,0.01,28,1509704.0,1433969.255128533,0.05016529390626698,28,0,28,8_POSSA
query_path_6_104.graph,5,0.01,28,1509704.0,1955769.1538088664,0.29546530565519225,28,0,28,8_POSSA
query_path_6_104.graph,1,0.05,144,1509704.0,1459301.0391686566,0.03338598879736917,144,0,144,8_POSSA
query_path_6_104.graph,2,0.05,144,1509704.0,1509161.6741749723,0.00035922659344325497,144,0,144,8_POSSA
query_path_6_104.graph,3,0.05,144,1509704.0,1575940.714844879,0.043873974530688795,144,0,144,8_POSSA
query_path_6_104.graph,4,0.05,144,1509704.0,1712135.2502113772,0.13408671515169673,144,0,144,8_POSSA
query_path_6_104.graph,5,0.05,144,1509704.0,1401929.2782080986,0.07138798187717685,144,0,144,8_POSSA
query_path_6_104.graph,1,0.1,289,1509704.0,1518555.7572895084,0.005863240270614874,289,0,289,8_POSSA
query_path_6_104.graph,2,0.1,289,1509704.0,1497325.212170212,0.008199480050253517,289,0,289,8_POSSA
query_path_6_104.graph,3,0.1,289,1509704.0,1645638.3686805614,0.09004041102134022,289,0,289,8_POSSA
query_path_6_104.graph,4,0.1,289,1509704.0,1512347.794087248,0.0017512002930693189,289,0,289,8_POSSA
query_path_6_104.graph,5,0.1,289,1509704.0,1631751.2152291255,0.08084181748814699,289,0,289,8_POSSA
query_path_6_101.graph,1,0.01,41,581304.0,668262.5963519318,0.149592289665875,41,0,41,8_POSSA
query_path_6_101.graph,2,0.01,41,581304.0,632255.3865326662,0.08765015642876389,41,0,41,8_POSSA
query_path_6_101.graph,3,0.01,41,581304.0,692106.7024445642,0.1906105969416419,41,0,41,8_POSSA
query_path_6_101.graph,4,0.01,41,581304.0,644694.9244222423,0.10904952386744686,41,0,41,8_POSSA
query_path_6_101.graph,5,0.01,41,581304.0,733400.1225365372,0.26164644065159925,41,0,41,8_POSSA
query_path_6_101.graph,1,0.05,206,581304.0,547831.1158910607,0.05758240801532301,206,0,206,8_POSSA
query_path_6_101.graph,2,0.05,206,581304.0,561103.8220609722,0.034749765938352016,206,0,206,8_POSSA
query_path_6_101.graph,3,0.05,206,581304.0,571880.6843174628,0.01621064999129054,206,0,206,8_POSSA
query_path_6_101.graph,4,0.05,206,581304.0,537814.9014128462,0.07481300418912278,206,0,206,8_POSSA
query_path_6_101.graph,5,0.05,206,581304.0,544991.5675351915,0.06246719868572805,206,0,206,8_POSSA
query_path_6_101.graph,1,0.1,412,581304.0,566100.2447058728,0.02615456851170327,412,0,412,8_POSSA
query_path_6_101.graph,2,0.1,412,581304.0,580003.3104786982,0.0022375375385371003,412,0,412,8_POSSA
query_path_6_101.graph,3,0.1,412,581304.0,577466.6746495957,0.006601236789019603,412,0,412,8_POSSA
query_path_6_101.graph,4,0.1,412,581304.0,613578.4866702822,0.0555208405073459,412,0,412,8_POSSA
query_path_6_101.graph,5,0.1,412,581304.0,568639.5678264007,0.021786246393624087,412,0,412,8_POSSA
query_path_4_13.graph,1,0.01,96,296183.0,388469.59851521923,0.31158641284347594,96,0,96,8_POSSA
query_path_4_13.graph,2,0.01,96,296183.0,256529.53846287107,0.13388162567442738,96,0,96,8_POSSA
query_path_4_13.graph,3,0.01,96,296183.0,253349.06361865037,0.14461983429619402,96,0,96,8_POSSA
query_path_4_13.graph,4,0.01,96,296183.0,512174.27555065614,0.7292494017234484,96,0,96,8_POSSA
query_path_4_13.graph,5,0.01,96,296183.0,262450.8117660514,0.11388968385744153,96,0,96,8_POSSA
query_path_4_13.graph,1,0.05,481,296183.0,311875.3740794275,0.05298202151854599,481,0,481,8_POSSA
query_path_4_13.graph,2,0.05,481,296183.0,282381.8712294352,0.04659662698589993,481,0,481,8_POSSA
query_path_4_13.graph,3,0.05,481,296183.0,283350.554071384,0.043326071815789506,481,0,481,8_POSSA
query_path_4_13.graph,4,0.05,481,296183.0,299301.29326488124,0.010528265514500298,481,0,481,8_POSSA
query_path_4_13.graph,5,0.05,481,296183.0,287726.214824738,0.02855256775460448,481,0,481,8_POSSA
query_path_4_13.graph,1,0.1,963,296183.0,296911.4321079321,0.0024593987768781766,963,0,963,8_POSSA
query_path_4_13.graph,2,0.1,963,296183.0,291802.44347889663,0.014790033597820834,963,0,963,8_POSSA
query_path_4_13.graph,3,0.1,963,296183.0,295589.21979319653,0.002004774773715795,963,0,963,8_POSSA
query_path_4_13.graph,4,0.1,963,296183.0,308965.02250304766,0.04315582765738634,963,0,963,8_POSSA
query_path_4_13.graph,5,0.1,963,296183.0,303231.1176988664,0.02379649641899234,963,0,963,8_POSSA
query_path_6_102.graph,1,0.01,37,3999965.0,5239085.754084407,0.30978289912146917,37,0,37,8_POSSA
query_path_6_102.graph,2,0.01,37,3999965.0,4323798.901248624,0.08095918370501333,37,0,37,8_POSSA
query_path_6_102.graph,3,0.01,37,3999965.0,6117921.142818001,0.5294936687741021,37,0,37,8_POSSA
query_path_6_102.graph,4,0.01,37,3999965.0,3620006.6624511625,0.09499041555334548,37,0,37,8_POSSA
query_path_6_102.graph,5,0.01,37,3999965.0,4197654.02857791,0.04942268959301139,37,0,37,8_POSSA
query_path_6_102.graph,1,0.05,186,3999965.0,4164409.57307572,0.04111150299458123,186,0,186,8_POSSA
query_path_6_102.graph,2,0.05,186,3999965.0,3914876.891940694,0.021272213146691574,186,0,186,8_POSSA
query_path_6_102.graph,3,0.05,186,3999965.0,3656954.951733029,0.08575326240778883,186,0,186,8_POSSA
query_path_6_102.graph,4,0.05,186,3999965.0,3787685.934107116,0.05307023083774084,186,0,186,8_POSSA
query_path_6_102.graph,5,0.05,186,3999965.0,3986069.7743505635,0.0034738368084311915,186,0,186,8_POSSA
query_path_6_102.graph,1,0.1,373,3999965.0,3957922.574173946,0.010510698425124736,373,0,373,8_POSSA
query_path_6_102.graph,2,0.1,373,3999965.0,3952401.4824257754,0.011890983439661253,373,0,373,8_POSSA
query_path_6_102.graph,3,0.1,373,3999965.0,3838232.064716047,0.04043358761487984,373,0,373,8_POSSA
query_path_6_102.graph,4,0.1,373,3999965.0,4122705.9841541043,0.03068551453677826,373,0,373,8_POSSA
query_path_6_102.graph,5,0.1,373,3999965.0,3850905.970626746,0.0372650834127934,373,0,373,8_POSSA
query_path_6_100.graph,1,0.01,44,998754.0,1372101.8955654558,0.37381366739502997,44,0,44,8_POSSA
query_path_6_100.graph,2,0.01,44,998754.0,772723.6225444826,0.22631236265939103,44,0,44,8_POSSA
query_path_6_100.graph,3,0.01,44,998754.0,865004.1960613995,0.13391666410207165,44,0,44,8_POSSA
query_path_6_100.graph,4,0.01,44,998754.0,860914.8961532065,0.13801106563457421,44,0,44,8_POSSA
query_path_6_100.graph,5,0.01,44,998754.0,745834.0175324845,0.25323551391785715,44,0,44,8_POSSA
query_path_6_100.graph,1,0.05,223,998754.0,922841.7821609125,0.07600692246447821,223,0,223,8_POSSA
query_path_6_100.graph,2,0.05,223,998754.0,1000197.7492902811,0.0014455504461369786,223,0,223,8_POSSA
query_path_6_100.graph,3,0.05,223,998754.0,1020432.3652291708,0.02170541017024289,223,0,223,8_POSSA
query_path_6_100.graph,4,0.05,223,998754.0,946197.0525441305,0.052622515109696205,223,0,223,8_POSSA
query_path_6_100.graph,5,0.05,223,998754.0,1056098.6488126651,0.0574161893846384,223,0,223,8_POSSA
query_path_6_100.graph,1,0.1,447,998754.0,969405.7550897683,0.029384858443852715,447,0,447,8_POSSA
query_path_6_100.graph,2,0.1,447,998754.0,956905.753563186,0.0419004544030001,447,0,447,8_POSSA
query_path_6_100.graph,3,0.1,447,998754.0,1000211.1295922683,0.0014589474407794732,447,0,447,8_POSSA
query_path_6_100.graph,4,0.1,447,998754.0,959036.447373533,0.03976710243610235,447,0,447,8_POSSA
query_path_6_100.graph,5,0.1,447,998754.0,970814.3540316067,0.02797450219813218,447,0,447,8_POSSA
query_path_6_110.graph,1,0.01,28,1509704.0,1851336.143065825,0.22629081135495774,28,0,28,8_POSSA
query_path_6_110.graph,2,0.01,28,1509704.0,1290498.4476466242,0.14519770256512257,28,0,28,8_POSSA
query_path_6_110.graph,3,0.01,28,1509704.0,2028016.1296978595,0.3433203659113704,28,0,28,8_POSSA
query_path_6_110.graph,4,0.01,28,1509704.0,1403621.6276440842,0.07026700091932978,28,0,28,8_POSSA
query_path_6_110.graph,5,0.01,28,1509704.0,1477302.5475313126,0.021462122686756766,28,0,28,8_POSSA
query_path_6_110.graph,1,0.05,141,1509704.0,1597965.4816999591,0.05846277263619831,141,0,141,8_POSSA
query_path_6_110.graph,2,0.05,141,1509704.0,1450584.9250520905,0.039159381539632575,141,0,141,8_POSSA
query_path_6_110.graph,3,0.05,141,1509704.0,1472892.4975621325,0.024383258200195174,141,0,141,8_POSSA
query_path_6_110.graph,4,0.05,141,1509704.0,1411804.7864950807,0.06484662788528037,141,0,141,8_POSSA
query_path_6_110.graph,5,0.05,141,1509704.0,1670932.8845427705,0.10679503037865068,141,0,141,8_POSSA
query_path_6_110.graph,1,0.1,283,1509704.0,1454896.790221097,0.03630328182140542,283,0,283,8_POSSA
query_path_6_110.graph,2,0.1,283,1509704.0,1438265.8911916548,0.04731928166603862,283,0,283,8_POSSA
query_path_6_110.graph,3,0.1,283,1509704.0,1593594.0558254207,0.05556722100850276,283,0,283,8_POSSA
query_path_6_110.graph,4,0.1,283,1509704.0,1507795.2261322152,0.0012643364976079857,283,0,283,8_POSSA
query_path_6_110.graph,5,0.1,283,1509704.0,1616362.411637949,0.07064855868299287,283,0,283,8_POSSA
query_path_6_107.graph,1,0.01,27,1643774.0,1145396.4088404353,0.303191065900522,27,0,27,8_POSSA
query_path_6_107.graph,2,0.01,27,1643774.0,1466241.0475031203,0.10800326109117174,27,0,27,8_POSSA
query_path_6_107.graph,3,0.01,27,1643774.0,1200870.126698469,0.2694432892243891,27,0,27,8_POSSA
query_path_6_107.graph,4,0.01,27,1643774.0,2163479.8238565326,0.3161662271434714,27,0,27,8_POSSA
query_path_6_107.graph,5,0.01,27,1643774.0,1965983.884290774,0.19601836036509512,27,0,27,8_POSSA
query_path_6_107.graph,1,0.05,139,1643774.0,1462331.963145636,0.11038137654833571,139,0,139,8_POSSA
query_path_6_107.graph,2,0.05,139,1643774.0,1460456.2332912846,0.11152248831573887,139,0,139,8_POSSA
query_path_6_107.graph,3,0.05,139,1643774.0,1548591.5748999584,0.05790481240124345,139,0,139,8_POSSA
query_path_6_107.graph,4,0.05,139,1643774.0,1448338.8746722639,0.11889415779038733,139,0,139,8_POSSA
query_path_6_107.graph,5,0.05,139,1643774.0,1574010.1431313644,0.0424412704353735,139,0,139,8_POSSA
query_path_6_107.graph,1,0.1,279,1643774.0,1617948.0937899882,0.015711348524804384,279,0,279,8_POSSA
query_path_6_107.graph,2,0.1,279,1643774.0,1536025.558371788,0.0655494256681345,279,0,279,8_POSSA
query_path_6_107.graph,3,0.1,279,1643774.0,1614863.897416003,0.017587638315240996,279,0,279,8_POSSA
query_path_6_107.graph,4,0.1,279,1643774.0,1536256.6282793118,0.06540885287192046,279,0,279,8_POSSA
query_path_6_107.graph,5,0.1,279,1643774.0,1674582.7788676163,0.018742709683701238,279,0,279,8_POSSA
query_path_4_18.graph,1,0.01,96,296183.0,285957.9099740583,0.03452287952361116,96,0,96,8_POSSA
query_path_4_18.graph,2,0.01,96,296183.0,353398.5907447302,0.19317648462177167,96,0,96,8_POSSA
query_path_4_18.graph,3,0.01,96,296183.0,264321.6320609404,0.10757325011583926,96,0,96,8_POSSA
query_path_4_18.graph,4,0.01,96,296183.0,293384.753755729,0.009447693636268776,96,0,96,8_POSSA
query_path_4_18.graph,5,0.01,96,296183.0,261363.9947753186,0.11755909429197962,96,0,96,8_POSSA
query_path_4_18.graph,1,0.05,483,296183.0,275129.0634352671,0.07108421673334704,483,0,483,8_POSSA
query_path_4_18.graph,2,0.05,483,296183.0,298654.5267279376,0.00834459347071786,483,0,483,8_POSSA
query_path_4_18.graph,3,0.05,483,296183.0,300687.36522400525,0.015208047808298406,483,0,483,8_POSSA
query_path_4_18.graph,4,0.05,483,296183.0,298273.62935872166,0.007058573107577627,483,0,483,8_POSSA
query_path_4_18.graph,5,0.05,483,296183.0,312386.8752328019,0.05470899826391754,483,0,483,8_POSSA
query_path_4_18.graph,1,0.1,967,296183.0,309375.81847250834,0.044542794395722715,967,0,967,8_POSSA
query_path_4_18.graph,2,0.1,967,296183.0,290281.3383438631,0.019925727189396135,967,0,967,8_POSSA
query_path_4_18.graph,3,0.1,967,296183.0,292462.3573009744,0.012561972493443483,967,0,967,8_POSSA
query_path_4_18.graph,4,0.1,967,296183.0,307764.18105492776,0.03910143747253474,967,0,967,8_POSSA
query_path_4_18.graph,5,0.1,967,296183.0,291271.84592754924,0.016581485339978205,967,0,967,8_POSSA
query_path_6_105.graph,1,0.01,37,3999965.0,2567502.5034840303,0.358118757668122,37,0,37,8_POSSA
query_path_6_105.graph,2,0.01,37,3999965.0,4113466.745413649,0.02837568464065283,37,0,37,8_POSSA
query_path_6_105.graph,3,0.01,37,3999965.0,4846318.183753403,0.21159014735214005,37,0,37,8_POSSA
query_path_6_105.graph,4,0.01,37,3999965.0,3864996.326065356,0.033742463730218664,37,0,37,8_POSSA
query_path_6_105.graph,5,0.01,37,3999965.0,3283228.122443901,0.17918578726466333,37,0,37,8_POSSA
query_path_6_105.graph,1,0.05,189,3999965.0,4253458.846034879,0.06337401603135999,189,0,189,8_POSSA
query_path_6_105.graph,2,0.05,189,3999965.0,4135822.5554456166,0.03396468605240711,189,0,189,8_POSSA
query_path_6_105.graph,3,0.05,189,3999965.0,3961029.6055754153,0.009733933778066731,189,0,189,8_POSSA
query_path_6_105.graph,4,0.05,189,3999965.0,4046597.6819761433,0.011658272503920228,189,0,189,8_POSSA
query_path_6_105.graph,5,0.05,189,3999965.0,4121194.3342995443,0.03030759876637529,189,0,189,8_POSSA
query_path_6_105.graph,1,0.1,379,3999965.0,4320018.957162466,0.08001418941477385,379,0,379,8_POSSA
query_path_6_105.graph,2,0.1,379,3999965.0,4188140.816771048,0.04704436583096305,379,0,379,8_POSSA
query_path_6_105.graph,3,0.1,379,3999965.0,4201901.351136278,0.05048452952370292,379,0,379,8_POSSA
query_path_6_105.graph,4,0.1,379,3999965.0,3950283.3145196065,0.012420530049736303,379,0,379,8_POSSA
query_path_6_105.graph,5,0.1,379,3999965.0,4049572.042357839,0.012401869105814471,379,0,379,8_POSSA
query_path_4_2.graph,1,0.01,103,46734.0,55690.00705894769,0.1916379308201243,103,0,103,8_POSSA
query_path_4_2.graph,2,0.01,103,46734.0,36651.05596587532,0.21575178743793985,103,0,103,8_POSSA
query_path_4_2.graph,3,0.01,103,46734.0,48204.52185710537,0.03146578202390915,103,0,103,8_POSSA
query_path_4_2.graph,4,0.01,103,46734.0,44191.66744767559,0.05440006317294503,103,0,103,8_POSSA
query_path_4_2.graph,5,0.01,103,46734.0,60711.164570417575,0.2990791408913762,103,0,103,8_POSSA
query_path_4_2.graph,1,0.05,516,46734.0,48690.56528737073,0.04186599236895471,516,0,516,8_POSSA
query_path_4_2.graph,2,0.05,516,46734.0,48928.14702474799,0.04694969454247418,516,0,516,8_POSSA
query_path_4_2.graph,3,0.05,516,46734.0,46431.972503031415,0.006462693049355612,516,0,516,8_POSSA
query_path_4_2.graph,4,0.05,516,46734.0,47369.23072504136,0.013592474965578761,516,0,516,8_POSSA
query_path_4_2.graph,5,0.05,516,46734.0,49834.09079972016,0.06633480548894076,516,0,516,8_POSSA
query_path_4_2.graph,1,0.1,1032,46734.0,47690.15534056732,0.020459522843482656,1032,0,1032,8_POSSA
query_path_4_2.graph,2,0.1,1032,46734.0,47618.91813551776,0.018935210671411757,1032,0,1032,8_POSSA
query_path_4_2.graph,3,0.1,1032,46734.0,46879.81512253195,0.003120107898573897,1032,0,1032,8_POSSA
query_path_4_2.graph,4,0.1,1032,46734.0,47269.84187227,0.011465782348397329,1032,0,1032,8_POSSA
query_path_4_2.graph,5,0.1,1032,46734.0,47458.88844341662,0.01551094371157225,1032,0,1032,8_POSSA
query_path_6_113.graph,1,0.01,41,581304.0,364249.5002065538,0.3733924070597247,41,0,41,8_POSSA
query_path_6_113.graph,2,0.01,41,581304.0,526894.4461642615,0.09359913889417319,41,0,41,8_POSSA
query_path_6_113.graph,3,0.01,41,581304.0,420016.07683812507,0.277458822168564,41,0,41,8_POSSA
query_path_6_113.graph,4,0.01,41,581304.0,554939.9710016492,0.04535325578071171,41,0,41,8_POSSA
query_path_6_113.graph,5,0.01,41,581304.0,756386.0904643713,0.30118851833871996,41,0,41,8_POSSA
query_path_6_113.graph,1,0.05,208,581304.0,710669.966142911,0.22254442794632584,208,0,208,8_POSSA
query_path_6_113.graph,2,0.05,208,581304.0,672683.9044397445,0.1571981346072701,208,0,208,8_POSSA
query_path_6_113.graph,3,0.05,208,581304.0,542855.0055533154,0.06614266278347407,208,0,208,8_POSSA
query_path_6_113.graph,4,0.05,208,581304.0,576495.2300139081,0.008272384133073022,208,0,208,8_POSSA
query_path_6_113.graph,5,0.05,208,581304.0,597312.2102813434,0.027538448524942943,208,0,208,8_POSSA
query_path_6_113.graph,1,0.1,416,581304.0,606154.1022497967,0.04274889257565187,416,0,416,8_POSSA
query_path_6_113.graph,2,0.1,416,581304.0,565331.3034000843,0.027477355393934567,416,0,416,8_POSSA
query_path_6_113.graph,3,0.1,416,581304.0,616093.2198508912,0.05984686128237747,416,0,416,8_POSSA
query_path_6_113.graph,4,0.1,416,581304.0,609083.1139277834,0.04778758434103919,416,0,416,8_POSSA
query_path_6_113.graph,5,0.1,416,581304.0,575943.5679834563,0.009221391933555756,416,0,416,8_POSSA
query_path_6_115.graph,1,0.01,35,917724.0,895943.5714464164,0.023733092469613484,35,0,35,8_POSSA
query_path_6_115.graph,2,0.01,35,917724.0,739075.7485735251,0.19466446494422604,35,0,35,8_POSSA
query_path_6_115.graph,3,0.01,35,917724.0,801809.5862097044,0.12630639908109148,35,0,35,8_POSSA
query_path_6_115.graph,4,0.01,35,917724.0,1051169.6333826256,0.14540933154480612,35,0,35,8_POSSA
query_path_6_115.graph,5,0.01,35,917724.0,959347.1919179837,0.045354803751436926,35,0,35,8_POSSA
query_path_6_115.graph,1,0.05,175,917724.0,856499.7574005276,0.06671313227012958,175,0,175,8_POSSA
query_path_6_115.graph,2,0.05,175,917724.0,939408.5439427793,0.02362861158995439,175,0,175,8_POSSA
query_path_6_115.graph,3,0.05,175,917724.0,848130.1295625939,0.07583311587950857,175,0,175,8_POSSA
query_path_6_115.graph,4,0.05,175,917724.0,907553.6453475181,0.011082149592341327,175,0,175,8_POSSA
query_path_6_115.graph,5,0.05,175,917724.0,914097.1717181357,0.003951981512812448,175,0,175,8_POSSA
query_path_6_115.graph,1,0.1,350,917724.0,912135.2037542674,0.006089844273150291,350,0,350,8_POSSA
query_path_6_115.graph,2,0.1,350,917724.0,920812.0453627885,0.0033648955053899488,350,0,350,8_POSSA
query_path_6_115.graph,3,0.1,350,917724.0,916636.4887273057,0.001185009079738934,350,0,350,8_POSSA
query_path_6_115.graph,4,0.1,350,917724.0,952351.5951249397,0.03773203612953316,350,0,350,8_POSSA
query_path_6_115.graph,5,0.1,350,917724.0,903227.412191791,0.01579623918325009,350,0,350,8_POSSA
query_path_6_120.graph,1,0.01,37,3999965.0,3479949.3867133437,0.13000504086577166,37,0,37,8_POSSA
query_path_6_120.graph,2,0.01,37,3999965.0,3584809.7452820363,0.10378972183955704,37,0,37,8_POSSA
query_path_6_120.graph,3,0.01,37,3999965.0,3714996.876126635,0.07124265434156676,37,0,37,8_POSSA
query_path_6_120.graph,4,0.01,37,3999965.0,2958849.0964789167,0.2602812533412376,37,0,37,8_POSSA
query_path_6_120.graph,5,0.01,37,3999965.0,2590997.434777934,0.35224497344903416,37,0,37,8_POSSA
query_path_6_120.graph,1,0.05,188,3999965.0,3765622.7495183214,0.05858607524857808,188,0,188,8_POSSA
query_path_6_120.graph,2,0.05,188,3999965.0,4457581.121557215,0.11440503143332885,188,0,188,8_POSSA
query_path_6_120.graph,3,0.05,188,3999965.0,4171845.964713097,0.04297061717117452,188,0,188,8_POSSA
query_path_6_120.graph,4,0.05,188,3999965.0,3920082.599733157,0.019970774810990324,188,0,188,8_POSSA
query_path_6_120.graph,5,0.05,188,3999965.0,3775070.0491664363,0.05622422967040054,188,0,188,8_POSSA
query_path_6_120.graph,1,0.1,376,3999965.0,4102980.950339498,0.025754212934237675,376,0,376,8_POSSA
query_path_6_120.graph,2,0.1,376,3999965.0,4074878.8502013716,0.018728626425824124,376,0,376,8_POSSA
query_path_6_120.graph,3,0.1,376,3999965.0,4009467.105761328,0.002375547226370176,376,0,376,8_POSSA
query_path_6_120.graph,4,0.1,376,3999965.0,4172898.3392200177,0.04323371309999404,376,0,376,8_POSSA
query_path_6_120.graph,5,0.1,376,3999965.0,3927435.1762055955,0.018132614608978956,376,0,376,8_POSSA
query_path_6_124.graph,1,0.01,38,3999965.0,3781879.8948140303,0.054521753361834346,38,0,38,8_POSSA
query_path_6_124.graph,2,0.01,38,3999965.0,3748803.225929997,0.06279099293868898,38,0,38,8_POSSA
query_path_6_124.graph,3,0.01,38,3999965.0,3418577.2036637766,0.14534822088098856,38,0,38,8_POSSA
query_path_6_124.graph,4,0.01,38,3999965.0,2639042.329956817,0.3402336445551856,38,0,38,8_POSSA
query_path_6_124.graph,5,0.01,38,3999965.0,4287716.960905831,0.0719386196893801,38,0,38,8_POSSA
query_path_6_124.graph,1,0.05,192,3999965.0,3989870.428699677,0.002523664907148718,192,0,192,8_POSSA
query_path_6_124.graph,2,0.05,192,3999965.0,4136453.4415893587,0.03412240896841816,192,0,192,8_POSSA
query_path_6_124.graph,3,0.05,192,3999965.0,4115298.131599429,0.028833535193290207,192,0,192,8_POSSA
query_path_6_124.graph,4,0.05,192,3999965.0,3541556.8414136213,0.11460304242321587,192,0,192,8_POSSA
query_path_6_124.graph,5,0.05,192,3999965.0,4152270.43107083,0.038076690938753266,192,0,192,8_POSSA
query_path_6_124.graph,1,0.1,384,3999965.0,3999965.5316629843,1.3291690909433047e-07,384,0,384,8_POSSA
query_path_6_124.graph,2,0.1,384,3999965.0,3870794.5762827927,0.03229288849207612,384,0,384,8_POSSA
query_path_6_124.graph,3,0.1,384,3999965.0,4003736.416850232,0.0009428624626045611,384,0,384,8_POSSA
query_path_6_124.graph,4,0.1,384,3999965.0,3979979.6508284737,0.004996381011215414,384,0,384,8_POSSA
query_path_6_124.graph,5,0.1,384,3999965.0,4012360.6503075524,0.0030989396926104163,384,0,384,8_POSSA
query_path_6_119.graph,1,0.01,40,1657561.0,1422473.4067159393,0.1418274158743242,40,0,40,8_POSSA
query_path_6_119.graph,2,0.01,40,1657561.0,879455.2448959238,0.4694281266898028,40,0,40,8_POSSA
query_path_6_119.graph,3,0.01,40,1657561.0,1279351.8765316,0.2281720693648077,40,0,40,8_POSSA
query_path_6_119.graph,4,0.01,40,1657561.0,1384002.3641201162,0.16503684382045897,40,0,40,8_POSSA
query_path_6_119.graph,5,0.01,40,1657561.0,1419970.501758153,0.14333740854294166,40,0,40,8_POSSA
query_path_6_119.graph,1,0.05,204,1657561.0,1496111.019568195,0.09740213508390032,204,0,204,8_POSSA
query_path_6_119.graph,2,0.05,204,1657561.0,1792229.5809219214,0.08124502260967857,204,0,204,8_POSSA
query_path_6_119.graph,3,0.05,204,1657561.0,1623125.488057294,0.020774808253033263,204,0,204,8_POSSA
query_path_6_119.graph,4,0.05,204,1657561.0,1698684.9564922377,0.024809920414535423,204,0,204,8_POSSA
query_path_6_119.graph,5,0.05,204,1657561.0,1591309.8315747147,0.039969068061619005,204,0,204,8_POSSA
query_path_6_119.graph,1,0.1,408,1657561.0,1801608.7488367865,0.08690343754274292,408,0,408,8_POSSA
query_path_6_119.graph,2,0.1,408,1657561.0,1758610.345188058,0.06096267056721169,408,0,408,8_POSSA
query_path_6_119.graph,3,0.1,408,1657561.0,1774692.1269416898,0.07066474593797137,408,0,408,8_POSSA
query_path_6_119.graph,4,0.1,408,1657561.0,1622870.5048098362,0.020928638638435533,408,0,408,8_POSSA
query_path_6_119.graph,5,0.1,408,1657561.0,1720821.210925799,0.038164635223559853,408,0,408,8_POSSA
query_path_6_122.graph,1,0.01,41,581304.0,494310.24633065745,0.14965276975445302,41,0,41,8_POSSA
query_path_6_122.graph,2,0.01,41,581304.0,621957.9670719848,0.06993581167854475,41,0,41,8_POSSA
query_path_6_122.graph,3,0.01,41,581304.0,716105.9182309593,0.2318957348151042,41,0,41,8_POSSA
query_path_6_122.graph,4,0.01,41,581304.0,703275.7826563101,0.20982443378388954,41,0,41,8_POSSA
query_path_6_122.graph,5,0.01,41,581304.0,662990.0026496182,0.1405220033745135,41,0,41,8_POSSA
query_path_6_122.graph,1,0.05,206,581304.0,599292.8384195273,0.03094566426435614,206,0,206,8_POSSA
query_path_6_122.graph,2,0.05,206,581304.0,572254.0587830283,0.01556834499155644,206,0,206,8_POSSA
query_path_6_122.graph,3,0.05,206,581304.0,582118.1010009984,0.0014004737641550755,206,0,206,8_POSSA
query_path_6_122.graph,4,0.05,206,581304.0,569280.9363494364,0.02068291917923082,206,0,206,8_POSSA
query_path_6_122.graph,5,0.05,206,581304.0,606879.3583855503,0.04399652915780783,206,0,206,8_POSSA
query_path_6_122.graph,1,0.1,412,581304.0,593633.1280875098,0.02120943273658838,412,0,412,8_POSSA
query_path_6_122.graph,2,0.1,412,581304.0,556917.421509105,0.04195150642502888,412,0,412,8_POSSA
query_path_6_122.graph,3,0.1,412,581304.0,610581.3389062515,0.050364936257537324,412,0,412,8_POSSA
query_path_6_122.graph,4,0.1,412,581304.0,602704.199261487,0.03681412696538643,412,0,412,8_POSSA
query_path_6_122.graph,5,0.1,412,581304.0,565125.7412823174,0.02783097779764557,412,0,412,8_POSSA
query_path_6_125.graph,1,0.01,37,3999965.0,3417924.5880649867,0.14551137620829513,37,0,37,8_POSSA
query_path_6_125.graph,2,0.01,37,3999965.0,6085294.659487465,0.5213369765704113,37,0,37,8_POSSA
query_path_6_125.graph,3,0.01,37,3999965.0,3831478.0400976366,0.0421221085440406,37,0,37,8_POSSA
query_path_6_125.graph,4,0.01,37,3999965.0,3027785.263817259,0.2430470607074664,37,0,37,8_POSSA
query_path_6_125.graph,5,0.01,37,3999965.0,3055283.431849695,0.23617245854658858,37,0,37,8_POSSA
query_path_6_125.graph,1,0.05,187,3999965.0,3984615.2184381643,0.0038374789683998907,187,0,187,8_POSSA
query_path_6_125.graph,2,0.05,187,3999965.0,3801991.0662401346,0.04949391651173581,187,0,187,8_POSSA
query_path_6_125.graph,3,0.05,187,3999965.0,4054336.953826667,0.01359310739635642,187,0,187,8_POSSA
query_path_6_125.graph,4,0.05,187,3999965.0,4378206.559303753,0.09456121723658908,187,0,187,8_POSSA
query_path_6_125.graph,5,0.05,187,3999965.0,3650532.5196905932,0.08735888446759078,187,0,187,8_POSSA
query_path_6_125.graph,1,0.1,375,3999965.0,3966846.3467076086,0.008279735770785857,375,0,375,8_POSSA
query_path_6_125.graph,2,0.1,375,3999965.0,4010237.3777233097,0.0025681169018503106,375,0,375,8_POSSA
query_path_6_125.graph,3,0.1,375,3999965.0,3956576.276138383,0.0108472758790682,375,0,375,8_POSSA
query_path_6_125.graph,4,0.1,375,3999965.0,3975132.17851659,0.006208259693124806,375,0,375,8_POSSA
query_path_6_125.graph,5,0.1,375,3999965.0,3980240.479859121,0.004931173182985065,375,0,375,8_POSSA
query_path_6_123.graph,1,0.01,40,1657561.0,1436849.276376892,0.13315451052667618,40,0,40,8_POSSA
query_path_6_123.graph,2,0.01,40,1657561.0,1638692.741044853,0.011383146053235376,40,0,40,8_POSSA
query_path_6_123.graph,3,0.01,40,1657561.0,1449228.1122798289,0.12568640775221612,40,0,40,8_POSSA
query_path_6_123.graph,4,0.01,40,1657561.0,1767719.0936248926,0.06645794249797904,40,0,40,8_POSSA
query_path_6_123.graph,5,0.01,40,1657561.0,1767132.6654775434,0.06610415271446624,40,0,40,8_POSSA
query_path_6_123.graph,1,0.05,203,1657561.0,1818060.4609542126,0.09682869043987677,203,0,203,8_POSSA
query_path_6_123.graph,2,0.05,203,1657561.0,1671681.9542152006,0.008519115866746755,203,0,203,8_POSSA
query_path_6_123.graph,3,0.05,203,1657561.0,1508941.3859576322,0.0896616257515517,203,0,203,8_POSSA
query_path_6_123.graph,4,0.05,203,1657561.0,1637559.0560675352,0.012067093719304938,203,0,203,8_POSSA
query_path_6_123.graph,5,0.05,203,1657561.0,1522967.3222842582,0.08119983380143585,203,0,203,8_POSSA
query_path_6_123.graph,1,0.1,407,1657561.0,1640918.4723987621,0.010040371124343462,407,0,407,8_POSSA
query_path_6_123.graph,2,0.1,407,1657561.0,1731404.6596656204,0.04454958801855281,407,0,407,8_POSSA
query_path_6_123.graph,3,0.1,407,1657561.0,1675507.9393399584,0.01082731757079128,407,0,407,8_POSSA
query_path_6_123.graph,4,0.1,407,1657561.0,1681100.4237939753,0.014201241338312897,407,0,407,8_POSSA
query_path_6_123.graph,5,0.1,407,1657561.0,1584351.533047113,0.04416698206152708,407,0,407,8_POSSA
query_path_6_114.graph,1,0.01,59,1972571.0,2142320.0357617056,0.08605471527347082,59,0,59,8_POSSA
query_path_6_114.graph,2,0.01,59,1972571.0,2291579.7858412326,0.16172233386845525,59,0,59,8_POSSA
query_path_6_114.graph,3,0.01,59,1972571.0,1672895.3547448034,0.15192134795411502,59,0,59,8_POSSA
query_path_6_114.graph,4,0.01,59,1972571.0,2509815.450927065,0.2723574720134612,59,0,59,8_POSSA
query_path_6_114.graph,5,0.01,59,1972571.0,1918876.6172174073,0.027220507035028232,59,0,59,8_POSSA
query_path_6_114.graph,1,0.05,295,1972571.0,1983487.5995942827,0.005534198563338245,295,0,295,8_POSSA
query_path_6_114.graph,2,0.05,295,1972571.0,1857926.0790313724,0.05811954092837599,295,0,295,8_POSSA
query_path_6_114.graph,3,0.05,295,1972571.0,1852614.9328373456,0.06081204030813307,295,0,295,8_POSSA
query_path_6_114.graph,4,0.05,295,1972571.0,1833331.9169506563,0.07058761537574246,295,0,295,8_POSSA
query_path_6_114.graph,5,0.05,295,1972571.0,1957883.920172568,0.007445653326259007,295,0,295,8_POSSA
query_path_6_114.graph,1,0.1,590,1972571.0,1985431.5236586868,0.006519675924814256,590,0,590,8_POSSA
query_path_6_114.graph,2,0.1,590,1972571.0,1997074.5717431586,0.012422149440075223,590,0,590,8_POSSA
query_path_6_114.graph,3,0.1,590,1972571.0,1876051.6587668895,0.048930731128618704,590,0,590,8_POSSA
query_path_6_114.graph,4,0.1,590,1972571.0,1956739.0632881639,0.008026041502098602,590,0,590,8_POSSA
query_path_6_114.graph,5,0.1,590,1972571.0,1983555.112176021,0.005568424242281315,590,0,590,8_POSSA
query_path_6_116.graph,1,0.01,55,702727.0,634875.498099053,0.09655456799147742,55,0,55,8_POSSA
query_path_6_116.graph,2,0.01,55,702727.0,459055.6046710305,0.34675114991877287,55,0,55,8_POSSA
query_path_6_116.graph,3,0.01,55,702727.0,753685.9273440848,0.07251596614913734,55,0,55,8_POSSA
query_path_6_116.graph,4,0.01,55,702727.0,417219.25197654916,0.406285439471446,55,0,55,8_POSSA
query_path_6_116.graph,5,0.01,55,702727.0,752349.098753145,0.0706136220084684,55,0,55,8_POSSA
query_path_6_116.graph,1,0.05,277,702727.0,689928.5004978563,0.018212619555166808,277,0,277,8_POSSA
query_path_6_116.graph,2,0.05,277,702727.0,673405.8397819721,0.04172482374809547,277,0,277,8_POSSA
query_path_6_116.graph,3,0.05,277,702727.0,790816.8857868223,0.12535434925201722,277,0,277,8_POSSA
query_path_6_116.graph,4,0.05,277,702727.0,715852.2416329628,0.01867758266433883,277,0,277,8_POSSA
query_path_6_116.graph,5,0.05,277,702727.0,667090.995345785,0.05071102242295365,277,0,277,8_POSSA
query_path_6_116.graph,1,0.1,554,702727.0,699222.507033561,0.0049869906328332235,554,0,554,8_POSSA
query_path_6_116.graph,2,0.1,554,702727.0,717765.0582855389,0.0213995737826196,554,0,554,8_POSSA
query_path_6_116.graph,3,0.1,554,702727.0,684919.2355764844,0.025340942390879598,554,0,554,8_POSSA
query_path_6_116.graph,4,0.1,554,702727.0,671744.331348248,0.044089196304898,554,0,554,8_POSSA
query_path_6_116.graph,5,0.1,554,702727.0,685665.2685131899,0.024279316842543603,554,0,554,8_POSSA
query_path_6_117.graph,1,0.01,58,1972571.0,1805152.529756596,0.084873229021112,58,0,58,8_POSSA
query_path_6_117.graph,2,0.01,58,1972571.0,2118086.7244533594,0.07376957506389345,58,0,58,8_POSSA
query_path_6_117.graph,3,0.01,58,1972571.0,1900096.110874998,0.036741333581910146,58,0,58,8_POSSA
query_path_6_117.graph,4,0.01,58,1972571.0,2511365.661048979,0.2731433550675636,58,0,58,8_POSSA
query_path_6_117.graph,5,0.01,58,1972571.0,2271265.7579282764,0.15142408457200093,58,0,58,8_POSSA
query_path_6_117.graph,1,0.05,293,1972571.0,2031505.0902624854,0.02987679037281063,293,0,293,8_POSSA
query_path_6_117.graph,2,0.05,293,1972571.0,2167486.4288492226,0.09881288371836684,293,0,293,8_POSSA
query_path_6_117.graph,3,0.05,293,1972571.0,1999684.6205065926,0.013745320450616256,293,0,293,8_POSSA
query_path_6_117.graph,4,0.05,293,1972571.0,2200744.069132724,0.11567293097826331,293,0,293,8_POSSA
query_path_6_117.graph,5,0.05,293,1972571.0,2055205.9682171291,0.04189201210862834,293,0,293,8_POSSA
query_path_6_117.graph,1,0.1,587,1972571.0,2041202.3086880287,0.03479282048049409,587,0,587,8_POSSA
query_path_6_117.graph,2,0.1,587,1972571.0,2087145.8703106444,0.05808402856507795,587,0,587,8_POSSA
query_path_6_117.graph,3,0.1,587,1972571.0,1998854.1071940584,0.013324289566286012,587,0,587,8_POSSA
query_path_6_117.graph,4,0.1,587,1972571.0,2074029.9667817426,0.05143488715069959,587,0,587,8_POSSA
query_path_6_117.graph,5,0.1,587,1972571.0,2032417.2636443684,0.030339219041732028,587,0,587,8_POSSA
query_path_6_127.graph,1,0.01,51,364997.0,225662.76738982857,0.38174076118480815,51,0,51,8_POSSA
query_path_6_127.graph,2,0.01,51,364997.0,464885.36789313704,0.2736690106853948,51,0,51,8_POSSA
query_path_6_127.graph,3,0.01,51,364997.0,370559.7044157418,0.015240411334180238,51,0,51,8_POSSA
query_path_6_127.graph,4,0.01,51,364997.0,420652.0936702316,0.1524809619537464,51,0,51,8_POSSA
query_path_6_127.graph,5,0.01,51,364997.0,284336.81164550665,0.2209886337545058,51,0,51,8_POSSA
query_path_6_127.graph,1,0.05,255,364997.0,389418.3240079691,0.0669082869392601,255,0,255,8_POSSA
query_path_6_127.graph,2,0.05,255,364997.0,356311.98103028955,0.023794768093191043,255,0,255,8_POSSA
query_path_6_127.graph,3,0.05,255,364997.0,359887.59567833884,0.013998483060576281,255,0,255,8_POSSA
query_path_6_127.graph,4,0.05,255,364997.0,391314.2393730257,0.07210261830378255,255,0,255,8_POSSA
query_path_6_127.graph,5,0.05,255,364997.0,380365.5155025637,0.042105868000459394,255,0,255,8_POSSA
query_path_6_127.graph,1,0.1,511,364997.0,370022.0658290632,0.013767416798119391,511,0,511,8_POSSA
query_path_6_127.graph,2,0.1,511,364997.0,383631.4594381975,0.0510537331490327,511,0,511,8_POSSA
query_path_6_127.graph,3,0.1,511,364997.0,367812.6211262408,0.00771409388636295,511,0,511,8_POSSA
query_path_6_127.graph,4,0.1,511,364997.0,369497.8205163857,0.012331116465027712,511,0,511,8_POSSA
query_path_6_127.graph,5,0.1,511,364997.0,373302.9413826959,0.022756190825392868,511,0,511,8_POSSA
query_path_6_130.graph,1,0.01,40,1657561.0,1493228.1471589243,0.09914136061422521,40,0,40,8_POSSA
query_path_6_130.graph,2,0.01,40,1657561.0,1772160.960480814,0.06913770321624006,40,0,40,8_POSSA
query_path_6_130.graph,3,0.01,40,1657561.0,1668547.7255030966,0.006628248072376576,40,0,40,8_POSSA
query_path_6_130.graph,4,0.01,40,1657561.0,1118254.4935373664,0.325361483808218,40,0,40,8_POSSA
query_path_6_130.graph,5,0.01,40,1657561.0,1511324.858585746,0.08822368613538445,40,0,40,8_POSSA
query_path_6_130.graph,1,0.05,203,1657561.0,1485337.1062730271,0.10390199439234686,203,0,203,8_POSSA
query_path_6_130.graph,2,0.05,203,1657561.0,1555434.9733395365,0.06161222824406676,203,0,203,8_POSSA
query_path_6_130.graph,3,0.05,203,1657561.0,1610406.1484018909,0.028448335595558243,203,0,203,8_POSSA
query_path_6_130.graph,4,0.05,203,1657561.0,1562395.2150314297,0.05741314194082169,203,0,203,8_POSSA
query_path_6_130.graph,5,0.05,203,1657561.0,1659470.979486003,0.0011522830749535326,203,0,203,8_POSSA
query_path_6_130.graph,1,0.1,406,1657561.0,1713861.521584008,0.03396588215094822,406,0,406,8_POSSA
query_path_6_130.graph,2,0.1,406,1657561.0,1569765.7437809557,0.052966531077314395,406,0,406,8_POSSA
query_path_6_130.graph,3,0.1,406,1657561.0,1691915.1823318042,0.020725742420221148,406,0,406,8_POSSA
query_path_6_130.graph,4,0.1,406,1657561.0,1565068.0474974092,0.05580063267812819,406,0,406,8_POSSA
query_path_6_130.graph,5,0.1,406,1657561.0,1617795.021201663,0.02399065783904004,406,0,406,8_POSSA
query_path_6_118.graph,1,0.01,59,544536.0,437357.86868881475,0.19682469352106244,59,0,59,8_POSSA
query_path_6_118.graph,2,0.01,59,544536.0,398094.68337504397,0.26892862294679515,59,0,59,8_POSSA
query_path_6_118.graph,3,0.01,59,544536.0,497517.01837807667,0.08634687444342216,59,0,59,8_POSSA
query_path_6_118.graph,4,0.01,59,544536.0,685770.5887600258,0.25936685317412583,59,0,59,8_POSSA
query_path_6_118.graph,5,0.01,59,544536.0,758891.7078731881,0.3936483682863724,59,0,59,8_POSSA
query_path_6_118.graph,1,0.05,299,544536.0,523266.2177915344,0.03906037839273367,299,0,299,8_POSSA
query_path_6_118.graph,2,0.05,299,544536.0,515904.2448472905,0.05258009599495624,299,0,299,8_POSSA
query_path_6_118.graph,3,0.05,299,544536.0,591385.9715894053,0.08603650004665499,299,0,299,8_POSSA
query_path_6_118.graph,4,0.05,299,544536.0,529412.4433778307,0.02777329069550834,299,0,299,8_POSSA
query_path_6_118.graph,5,0.05,299,544536.0,495790.0337449303,0.08951835370860643,299,0,299,8_POSSA
query_path_6_118.graph,1,0.1,599,544536.0,529432.4994817687,0.027736459147294768,599,0,599,8_POSSA
query_path_6_118.graph,2,0.1,599,544536.0,527258.3179708947,0.03172918232973625,599,0,599,8_POSSA
query_path_6_118.graph,3,0.1,599,544536.0,537943.1564829487,0.012107268421282177,599,0,599,8_POSSA
query_path_6_118.graph,4,0.1,599,544536.0,517079.5171208009,0.05042179558229224,599,0,599,8_POSSA
query_path_6_118.graph,5,0.1,599,544536.0,527799.1238727843,0.03073603237842068,599,0,599,8_POSSA
query_path_6_128.graph,1,0.01,55,702727.0,851275.9545659928,0.21138927999919288,55,0,55,8_POSSA
query_path_6_128.graph,2,0.01,55,702727.0,405032.2574905008,0.42362787043830563,55,0,55,8_POSSA
query_path_6_128.graph,3,0.01,55,702727.0,551726.4196605042,0.2148780114318872,55,0,55,8_POSSA
query_path_6_128.graph,4,0.01,55,702727.0,727636.4756495884,0.03544687431902914,55,0,55,8_POSSA
query_path_6_128.graph,5,0.01,55,702727.0,413728.3656320911,0.41125306750403623,55,0,55,8_POSSA
query_path_6_128.graph,1,0.05,275,702727.0,765511.9452727986,0.08934471746894405,275,0,275,8_POSSA
query_path_6_128.graph,2,0.05,275,702727.0,786815.4023846849,0.11966012745302926,275,0,275,8_POSSA
query_path_6_128.graph,3,0.05,275,702727.0,705851.5934755437,0.004446383126795557,275,0,275,8_POSSA
query_path_6_128.graph,4,0.05,275,702727.0,630073.0609987949,0.10338856910465251,275,0,275,8_POSSA
query_path_6_128.graph,5,0.05,275,702727.0,724393.385875352,0.030831867674576272,275,0,275,8_POSSA
query_path_6_128.graph,1,0.1,550,702727.0,687347.2716360231,0.02188577977504341,550,0,550,8_POSSA
query_path_6_128.graph,2,0.1,550,702727.0,668914.525854602,0.04811608796217878,550,0,550,8_POSSA
query_path_6_128.graph,3,0.1,550,702727.0,668060.0363387875,0.04933205022891176,550,0,550,8_POSSA
query_path_6_128.graph,4,0.1,550,702727.0,671964.9172476355,0.04377529645561428,550,0,550,8_POSSA
query_path_6_128.graph,5,0.1,550,702727.0,692541.4672454131,0.014494295444158105,550,0,550,8_POSSA
query_path_6_131.graph,1,0.01,50,364997.0,492975.56085818773,0.3506290760148377,50,0,50,8_POSSA
query_path_6_131.graph,2,0.01,50,364997.0,345632.2558534631,0.05305452961678293,50,0,50,8_POSSA
query_path_6_131.graph,3,0.01,50,364997.0,360659.93037287716,0.011882480204283424,50,0,50,8_POSSA
query_path_6_131.graph,4,0.01,50,364997.0,325119.6586036885,0.10925388810404324,50,0,50,8_POSSA
query_path_6_131.graph,5,0.01,50,364997.0,559177.0626736059,0.5320045443485998,50,0,50,8_POSSA
query_path_6_131.graph,1,0.05,253,364997.0,370001.7129563286,0.013711655044640326,253,0,253,8_POSSA
query_path_6_131.graph,2,0.05,253,364997.0,384969.10721252894,0.05471855169365484,253,0,253,8_POSSA
query_path_6_131.graph,3,0.05,253,364997.0,355991.8841166843,0.024671753146781154,253,0,253,8_POSSA
query_path_6_131.graph,4,0.05,253,364997.0,364907.9988670619,0.00024384072454863886,253,0,253,8_POSSA
query_path_6_131.graph,5,0.05,253,364997.0,385783.3190783714,0.056949287469133705,253,0,253,8_POSSA
query_path_6_131.graph,1,0.1,506,364997.0,374087.2218143244,0.02490492199750787,506,0,506,8_POSSA
query_path_6_131.graph,2,0.1,506,364997.0,369791.9633741026,0.013136993931738082,506,0,506,8_POSSA
query_path_6_131.graph,3,0.1,506,364997.0,369485.60144766036,0.012297639289255417,506,0,506,8_POSSA
query_path_6_131.graph,4,0.1,506,364997.0,370610.9630087361,0.01538084698980015,506,0,506,8_POSSA
query_path_6_131.graph,5,0.1,506,364997.0,368918.76562863553,0.010744651678330327,506,0,506,8_POSSA
query_path_6_129.graph,1,0.01,60,544536.0,552615.3139585019,0.014837061201650412,60,0,60,8_POSSA
query_path_6_129.graph,2,0.01,60,544536.0,478527.9723093327,0.12121884997625007,60,0,60,8_POSSA
query_path_6_129.graph,3,0.01,60,544536.0,699310.4135857048,0.2842317378202814,60,0,60,8_POSSA
query_path_6_129.graph,4,0.01,60,544536.0,600547.7788110177,0.10286147988566,60,0,60,8_POSSA
query_path_6_129.graph,5,0.01,60,544536.0,391576.2792218047,0.2808991889942911,60,0,60,8_POSSA
query_path_6_129.graph,1,0.05,300,544536.0,521814.28687257355,0.04172674190030862,300,0,300,8_POSSA
query_path_6_129.graph,2,0.05,300,544536.0,518259.6428105661,0.04825458223043817,300,0,300,8_POSSA
query_path_6_129.graph,3,0.05,300,544536.0,578353.8419584476,0.06210395999244787,300,0,300,8_POSSA
query_path_6_129.graph,4,0.05,300,544536.0,547805.4666469733,0.006004133146336104,300,0,300,8_POSSA
query_path_6_129.graph,5,0.05,300,544536.0,514514.27603868046,0.055132670679844016,300,0,300,8_POSSA
query_path_6_129.graph,1,0.1,601,544536.0,551851.3056594497,0.013434016592933543,601,0,601,8_POSSA
query_path_6_129.graph,2,0.1,601,544536.0,547879.0958783956,0.006139347772040051,601,0,601,8_POSSA
query_path_6_129.graph,3,0.1,601,544536.0,528603.8076131407,0.029258290336836003,601,0,601,8_POSSA
query_path_6_129.graph,4,0.1,601,544536.0,542628.8701240282,0.00350230265027807,601,0,601,8_POSSA
query_path_6_129.graph,5,0.1,601,544536.0,540798.1667468806,0.006864253700617358,601,0,601,8_POSSA
query_path_6_132.graph,1,0.01,40,1657561.0,1773856.20418193,0.07016043704088722,40,0,40,8_POSSA
query_path_6_132.graph,2,0.01,40,1657561.0,1498917.3863089958,0.09570906512098452,40,0,40,8_POSSA
query_path_6_132.graph,3,0.01,40,1657561.0,880012.9200803849,0.46909168345515795,40,0,40,8_POSSA
query_path_6_132.graph,4,0.01,40,1657561.0,3195088.6128790528,0.9275843319666985,40,0,40,8_POSSA
query_path_6_132.graph,5,0.01,40,1657561.0,1604399.4898616855,0.032072128952306704,40,0,40,8_POSSA
query_path_6_132.graph,1,0.05,204,1657561.0,1540182.0557682808,0.07081425312957969,204,0,204,8_POSSA
query_path_6_132.graph,2,0.05,204,1657561.0,1595530.4604118657,0.037422779365666944,204,0,204,8_POSSA
query_path_6_132.graph,3,0.05,204,1657561.0,1598038.7767692865,0.035909522021037844,204,0,204,8_POSSA
query_path_6_132.graph,4,0.05,204,1657561.0,1678772.3690629483,0.012796735120425898,204,0,204,8_POSSA
query_path_6_132.graph,5,0.05,204,1657561.0,1688552.7932375665,0.018697226369084746,204,0,204,8_POSSA
query_path_6_132.graph,1,0.1,408,1657561.0,1706352.5769153596,0.029435765510505852,408,0,408,8_POSSA
query_path_6_132.graph,2,0.1,408,1657561.0,1629372.39874845,0.017006071723182446,408,0,408,8_POSSA
query_path_6_132.graph,3,0.1,408,1657561.0,1654114.6847778456,0.002079148352401131,408,0,408,8_POSSA
query_path_6_132.graph,4,0.1,408,1657561.0,1654020.2812206063,0.002136101645365513,408,0,408,8_POSSA
query_path_6_132.graph,5,0.1,408,1657561.0,1728433.620355933,0.04275717174567511,408,0,408,8_POSSA
query_path_6_30.graph,1,0.01,29,1509704.0,1184665.3339716615,0.21529959914548713,29,0,29,8_POSSA
query_path_6_30.graph,2,0.01,29,1509704.0,1383530.1022078558,0.08357525567405545,29,0,29,8_POSSA
query_path_6_30.graph,3,0.01,29,1509704.0,1176749.1734849461,0.22054311740251986,29,0,29,8_POSSA
query_path_6_30.graph,4,0.01,29,1509704.0,1705318.6919662934,0.12957155307682391,29,0,29,8_POSSA
query_path_6_30.graph,5,0.01,29,1509704.0,1726946.3871826641,0.14389733827469764,29,0,29,8_POSSA
query_path_6_30.graph,1,0.05,145,1509704.0,1678019.1677809989,0.11148885329905654,145,0,145,8_POSSA
query_path_6_30.graph,2,0.05,145,1509704.0,1609421.9234133642,0.06605130768240941,145,0,145,8_POSSA
query_path_6_30.graph,3,0.05,145,1509704.0,1587427.2401610836,0.05148243639884616,145,0,145,8_POSSA
query_path_6_30.graph,4,0.05,145,1509704.0,1574661.611588268,0.04302672019698436,145,0,145,8_POSSA
query_path_6_30.graph,5,0.05,145,1509704.0,1510442.3077528914,0.0004890413967846966,145,0,145,8_POSSA
query_path_6_30.graph,1,0.1,291,1509704.0,1608433.7428912837,0.06539675518597268,291,0,291,8_POSSA
query_path_6_30.graph,2,0.1,291,1509704.0,1490782.2502728843,0.01253341696591897,291,0,291,8_POSSA
query_path_6_30.graph,3,0.1,291,1509704.0,1500989.8978815954,0.005772060031903328,291,0,291,8_POSSA
query_path_6_30.graph,4,0.1,291,1509704.0,1614725.6777369156,0.06956441642660789,291,0,291,8_POSSA
query_path_6_30.graph,5,0.1,291,1509704.0,1522401.5401174775,0.008410615668685737,291,0,291,8_POSSA
query_path_6_28.graph,1,0.01,38,3999965.0,4872396.476034612,0.21810977746920596,38,0,38,8_POSSA
query_path_6_28.graph,2,0.01,38,3999965.0,3588239.081114021,0.10293238037982304,38,0,38,8_POSSA
query_path_6_28.graph,3,0.01,38,3999965.0,3010188.4753131513,0.24744629632680504,38,0,38,8_POSSA
query_path_6_28.graph,4,0.01,38,3999965.0,4177544.10969197,0.04439516588069397,38,0,38,8_POSSA
query_path_6_28.graph,5,0.01,38,3999965.0,4762015.774666526,0.19051436066728744,38,0,38,8_POSSA
query_path_6_28.graph,1,0.05,190,3999965.0,3984163.1206234796,0.003950504411043697,190,0,190,8_POSSA
query_path_6_28.graph,2,0.05,190,3999965.0,4208490.06020357,0.05213172120345302,190,0,190,8_POSSA
query_path_6_28.graph,3,0.05,190,3999965.0,3975061.021343463,0.006226049142064218,190,0,190,8_POSSA
query_path_6_28.graph,4,0.05,190,3999965.0,4105895.3066577036,0.0264828083889993,190,0,190,8_POSSA
query_path_6_28.graph,5,0.05,190,3999965.0,3951522.126233985,0.012110824411217302,190,0,190,8_POSSA
query_path_6_28.graph,1,0.1,381,3999965.0,3890421.6563822934,0.02738607553258755,381,0,381,8_POSSA
query_path_6_28.graph,2,0.1,381,3999965.0,4038908.077595602,0.009735854587628089,381,0,381,8_POSSA
query_path_6_28.graph,3,0.1,381,3999965.0,3893969.7004323667,0.026499056758654965,381,0,381,8_POSSA
query_path_6_28.graph,4,0.1,381,3999965.0,4002611.7257696185,0.000661687232167913,381,0,381,8_POSSA
query_path_6_28.graph,5,0.1,381,3999965.0,4254670.129614599,0.06367683957599606,381,0,381,8_POSSA
query_path_6_32.graph,1,0.01,27,1643774.0,1469555.6414149017,0.10598680754477093,27,0,27,8_POSSA
query_path_6_32.graph,2,0.01,27,1643774.0,1580546.6589753607,0.03846474091002736,27,0,27,8_POSSA
query_path_6_32.graph,3,0.01,27,1643774.0,1557035.2792890826,0.05276803302091247,27,0,27,8_POSSA
query_path_6_32.graph,4,0.01,27,1643774.0,2746029.3055557287,0.6705637791787246,27,0,27,8_POSSA
query_path_6_32.graph,5,0.01,27,1643774.0,2406105.9901092583,0.4637693442707199,27,0,27,8_POSSA
query_path_6_32.graph,1,0.05,139,1643774.0,1609510.3682485274,0.020844490636469853,139,0,139,8_POSSA
query_path_6_32.graph,2,0.05,139,1643774.0,1645088.565333498,0.0007997238875282997,139,0,139,8_POSSA
query_path_6_32.graph,3,0.05,139,1643774.0,1645019.6421564277,0.000757794049807167,139,0,139,8_POSSA
query_path_6_32.graph,4,0.05,139,1643774.0,1452524.1932637584,0.11634799354183821,139,0,139,8_POSSA
query_path_6_32.graph,5,0.05,139,1643774.0,1558874.301951401,0.051649252299038106,139,0,139,8_POSSA
query_path_6_32.graph,1,0.1,278,1643774.0,1614894.4955574707,0.01756902374811214,278,0,278,8_POSSA
query_path_6_32.graph,2,0.1,278,1643774.0,1766127.7561868362,0.0744346584061046,278,0,278,8_POSSA
query_path_6_32.graph,3,0.1,278,1643774.0,1605330.8580300603,0.023387121325644338,278,0,278,8_POSSA
query_path_6_32.graph,4,0.1,278,1643774.0,1621410.4762242213,0.013604986923858578,278,0,278,8_POSSA
query_path_6_32.graph,5,0.1,278,1643774.0,1616993.3514844861,0.016292171865179682,278,0,278,8_POSSA
query_path_6_34.graph,1,0.01,28,1509704.0,1925638.2846372859,0.2755071753385338,28,0,28,8_POSSA
query_path_6_34.graph,2,0.01,28,1509704.0,1534130.7396689926,0.01617982046082714,28,0,28,8_POSSA
query_path_6_34.graph,3,0.01,28,1509704.0,1262543.3400533246,0.16371464866402646,28,0,28,8_POSSA
query_path_6_34.graph,4,0.01,28,1509704.0,1912559.2181909028,0.26684384368783737,28,0,28,8_POSSA
query_path_6_34.graph,5,0.01,28,1509704.0,2319861.7703479202,0.5366335191189268,28,0,28,8_POSSA
query_path_6_34.graph,1,0.05,144,1509704.0,1603432.324197292,0.06208390796957026,144,0,144,8_POSSA
query_path_6_34.graph,2,0.05,144,1509704.0,1504582.6422115862,0.0033922926536683767,144,0,144,8_POSSA
query_path_6_34.graph,3,0.05,144,1509704.0,1651225.8219337007,0.09374143668805322,144,0,144,8_POSSA
query_path_6_34.graph,4,0.05,144,1509704.0,1594350.9868255202,0.05606859809970708,144,0,144,8_POSSA
query_path_6_34.graph,5,0.05,144,1509704.0,1664210.8853235047,0.10234250245313299,144,0,144,8_POSSA
query_path_6_34.graph,1,0.1,289,1509704.0,1580808.3610965933,0.047098213356123665,289,0,289,8_POSSA
query_path_6_34.graph,2,0.1,289,1509704.0,1545252.1442857338,0.02354643313241126,289,0,289,8_POSSA
query_path_6_34.graph,3,0.1,289,1509704.0,1637506.1521089019,0.08465378121068891,289,0,289,8_POSSA
query_path_6_34.graph,4,0.1,289,1509704.0,1598933.1961389082,0.059103768777792304,289,0,289,8_POSSA
query_path_6_34.graph,5,0.1,289,1509704.0,1575942.4322882344,0.043875112133394595,289,0,289,8_POSSA
query_path_6_22.graph,1,0.01,46,989027.0,1102165.0361017494,0.11439327349177464,46,0,46,8_POSSA
query_path_6_22.graph,2,0.01,46,989027.0,791514.9137836498,0.19970343197541646,46,0,46,8_POSSA
query_path_6_22.graph,3,0.01,46,989027.0,813952.6319716171,0.17701677307938296,46,0,46,8_POSSA
query_path_6_22.graph,4,0.01,46,989027.0,1222710.1703199514,0.23627582494709584,46,0,46,8_POSSA
query_path_6_22.graph,5,0.01,46,989027.0,1217127.0499795873,0.2306307613235911,46,0,46,8_POSSA
query_path_6_22.graph,1,0.05,233,989027.0,994520.6822221801,0.005554633212419953,233,0,233,8_POSSA
query_path_6_22.graph,2,0.05,233,989027.0,1065313.2791216793,0.07713265575325977,233,0,233,8_POSSA
query_path_6_22.graph,3,0.05,233,989027.0,894057.2305043604,0.09602343464398808,233,0,233,8_POSSA
query_path_6_22.graph,4,0.05,233,989027.0,963435.0260618794,0.025875910301862988,233,0,233,8_POSSA
query_path_6_22.graph,5,0.05,233,989027.0,943350.826526437,0.0461829388616924,233,0,233,8_POSSA
query_path_6_22.graph,1,0.1,466,989027.0,971493.7608303241,0.017727765945394672,466,0,466,8_POSSA
query_path_6_22.graph,2,0.1,466,989027.0,971657.481213715,0.017562229126489932,466,0,466,8_POSSA
query_path_6_22.graph,3,0.1,466,989027.0,946725.0243734326,0.04277130515806685,466,0,466,8_POSSA
query_path_6_22.graph,4,0.1,466,989027.0,975201.3711929738,0.01397902060007077,466,0,466,8_POSSA
query_path_6_22.graph,5,0.1,466,989027.0,978462.0920210233,0.010682122913708854,466,0,466,8_POSSA
query_path_6_39.graph,1,0.01,29,1509704.0,1424545.741733994,0.05640725484333743,29,0,29,8_POSSA
query_path_6_39.graph,2,0.01,29,1509704.0,2023312.017712947,0.3402044491588729,29,0,29,8_POSSA
query_path_6_39.graph,3,0.01,29,1509704.0,1006324.3057128167,0.3334293969461453,29,0,29,8_POSSA
query_path_6_39.graph,4,0.01,29,1509704.0,2425204.781501091,0.6064107808557777,29,0,29,8_POSSA
query_path_6_39.graph,5,0.01,29,1509704.0,1905001.894803374,0.26183801248680144,29,0,29,8_POSSA
query_path_6_39.graph,1,0.05,145,1509704.0,1359662.3277140236,0.0993848279437402,145,0,145,8_POSSA
query_path_6_39.graph,2,0.05,145,1509704.0,1435534.9058010424,0.04912823586541305,145,0,145,8_POSSA
query_path_6_39.graph,3,0.05,145,1509704.0,1515329.1224914768,0.003725977073304982,145,0,145,8_POSSA
query_path_6_39.graph,4,0.05,145,1509704.0,1547317.2505054746,0.024914321287798556,145,0,145,8_POSSA
query_path_6_39.graph,5,0.05,145,1509704.0,1573229.6810936844,0.04207823592815837,145,0,145,8_POSSA
query_path_6_39.graph,1,0.1,290,1509704.0,1485240.4453009516,0.016204206055656208,290,0,290,8_POSSA
query_path_6_39.graph,2,0.1,290,1509704.0,1572473.8347695766,0.04157757730626438,290,0,290,8_POSSA
query_path_6_39.graph,3,0.1,290,1509704.0,1608941.682038564,0.06573320468023136,290,0,290,8_POSSA
query_path_6_39.graph,4,0.1,290,1509704.0,1614836.763264491,0.06963799742498596,290,0,290,8_POSSA
query_path_6_39.graph,5,0.1,290,1509704.0,1635169.2931865745,0.08310588909254693,290,0,290,8_POSSA
query_path_6_38.graph,1,0.01,27,1643774.0,1584547.2600328035,0.03603095070684685,27,0,27,8_POSSA
query_path_6_38.graph,2,0.01,27,1643774.0,1551177.7555871871,0.0563314935099429,27,0,27,8_POSSA
query_path_6_38.graph,3,0.01,27,1643774.0,1503923.1994308583,0.08507909272755364,27,0,27,8_POSSA
query_path_6_38.graph,4,0.01,27,1643774.0,2233458.5649442663,0.35873822371218084,27,0,27,8_POSSA
query_path_6_38.graph,5,0.01,27,1643774.0,1777710.8224905762,0.08148128787204093,27,0,27,8_POSSA
query_path_6_38.graph,1,0.05,137,1643774.0,1661560.4304472802,0.010820484109908159,137,0,137,8_POSSA
query_path_6_38.graph,2,0.05,137,1643774.0,1909596.317408344,0.16171463802709132,137,0,137,8_POSSA
query_path_6_38.graph,3,0.05,137,1643774.0,1599336.7893837404,0.02703364976953012,137,0,137,8_POSSA
query_path_6_38.graph,4,0.05,137,1643774.0,1812858.749178551,0.10286374475965121,137,0,137,8_POSSA
query_path_6_38.graph,5,0.05,137,1643774.0,1592677.982488982,0.031084575806052468,137,0,137,8_POSSA
query_path_6_38.graph,1,0.1,274,1643774.0,1768032.2548150853,0.07559327183364947,274,0,274,8_POSSA
query_path_6_38.graph,2,0.1,274,1643774.0,1787175.380879437,0.08723911004763252,274,0,274,8_POSSA
query_path_6_38.graph,3,0.1,274,1643774.0,1757594.1739901816,0.06924320131002294,274,0,274,8_POSSA
query_path_6_38.graph,4,0.1,274,1643774.0,1689658.6157538285,0.027914187567043006,274,0,274,8_POSSA
query_path_6_38.graph,5,0.1,274,1643774.0,1718621.7628725208,0.045534095850476304,274,0,274,8_POSSA
query_path_6_27.graph,1,0.01,48,1430349.0,1278300.4722490078,0.10630169822259618,48,0,48,8_POSSA
query_path_6_27.graph,2,0.01,48,1430349.0,1312324.559563443,0.08251443559338101,48,0,48,8_POSSA
query_path_6_27.graph,3,0.01,48,1430349.0,1540804.7644616729,0.07722294661070331,48,0,48,8_POSSA
query_path_6_27.graph,4,0.01,48,1430349.0,1285526.328662173,0.10124988470494062,48,0,48,8_POSSA
query_path_6_27.graph,5,0.01,48,1430349.0,1437397.8450253403,0.004928059533260993,48,0,48,8_POSSA
query_path_6_27.graph,1,0.05,242,1430349.0,1379527.3995287064,0.03553090921956358,242,0,242,8_POSSA
query_path_6_27.graph,2,0.05,242,1430349.0,1333856.981736647,0.0674604717193867,242,0,242,8_POSSA
query_path_6_27.graph,3,0.05,242,1430349.0,1328699.674457993,0.07106610033076341,242,0,242,8_POSSA
query_path_6_27.graph,4,0.05,242,1430349.0,1316476.0109593056,0.07961203107821548,242,0,242,8_POSSA
query_path_6_27.graph,5,0.05,242,1430349.0,1348522.0884611115,0.05720765459261234,242,0,242,8_POSSA
query_path_6_27.graph,1,0.1,484,1430349.0,1374929.4507274667,0.038745473498099606,484,0,484,8_POSSA
query_path_6_27.graph,2,0.1,484,1430349.0,1410225.8195066657,0.014068720636246335,484,0,484,8_POSSA
query_path_6_27.graph,3,0.1,484,1430349.0,1380120.3771364167,0.03511634074172336,484,0,484,8_POSSA
query_path_6_27.graph,4,0.1,484,1430349.0,1382128.6640370828,0.033712286975358594,484,0,484,8_POSSA
query_path_6_27.graph,5,0.1,484,1430349.0,1358515.3637649736,0.050221055305401975,484,0,484,8_POSSA
query_path_6_29.graph,1,0.01,48,1430349.0,1873731.7022077667,0.30998218071796935,48,0,48,8_POSSA
query_path_6_29.graph,2,0.01,48,1430349.0,1645473.1909276738,0.15039979118919497,48,0,48,8_POSSA
query_path_6_29.graph,3,0.01,48,1430349.0,1283804.7041427752,0.10245352417992032,48,0,48,8_POSSA
query_path_6_29.graph,4,0.01,48,1430349.0,1395778.0922799485,0.024169561219011215,48,0,48,8_POSSA
query_path_6_29.graph,5,0.01,48,1430349.0,1367157.3119193914,0.044179209466087374,48,0,48,8_POSSA
query_path_6_29.graph,1,0.05,243,1430349.0,1362354.6175513235,0.04753691752759397,243,0,243,8_POSSA
query_path_6_29.graph,2,0.05,243,1430349.0,1522811.2809400612,0.06464316117259578,243,0,243,8_POSSA
query_path_6_29.graph,3,0.05,243,1430349.0,1441307.3804401255,0.007661333311048894,243,0,243,8_POSSA
query_path_6_29.graph,4,0.05,243,1430349.0,1360970.183315265,0.048504817135352984,243,0,243,8_POSSA
query_path_6_29.graph,5,0.05,243,1430349.0,1625814.8843857422,0.13665607791227333,243,0,243,8_POSSA
query_path_6_29.graph,1,0.1,487,1430349.0,1388001.1379044023,0.029606663895033775,487,0,487,8_POSSA
query_path_6_29.graph,2,0.1,487,1430349.0,1388459.8502943912,0.029285964268586786,487,0,487,8_POSSA
query_path_6_29.graph,3,0.1,487,1430349.0,1411545.6541070857,0.013145984576431582,487,0,487,8_POSSA
query_path_6_29.graph,4,0.1,487,1430349.0,1472041.1509042513,0.02914823648232093,487,0,487,8_POSSA
query_path_6_29.graph,5,0.1,487,1430349.0,1402874.371417841,0.01920833907120504,487,0,487,8_POSSA
query_path_6_31.graph,1,0.01,49,1430349.0,1251909.9047838422,0.12475213756653646,49,0,49,8_POSSA
query_path_6_31.graph,2,0.01,49,1430349.0,1594219.8590383935,0.11456704555209496,49,0,49,8_POSSA
query_path_6_31.graph,3,0.01,49,1430349.0,1297975.7689041593,0.09254610664658813,49,0,49,8_POSSA
query_path_6_31.graph,4,0.01,49,1430349.0,1616616.1977804597,0.13022499947946944,49,0,49,8_POSSA
query_path_6_31.graph,5,0.01,49,1430349.0,1654672.0429233992,0.1568309852514311,49,0,49,8_POSSA
query_path_6_31.graph,1,0.05,246,1430349.0,1399196.1958889714,0.021779862195190514,246,0,246,8_POSSA
query_path_6_31.graph,2,0.05,246,1430349.0,1339423.9783312078,0.06356841698689777,246,0,246,8_POSSA
query_path_6_31.graph,3,0.05,246,1430349.0,1431210.8802577322,0.0006025664070322942,246,0,246,8_POSSA
query_path_6_31.graph,4,0.05,246,1430349.0,1431143.934414315,0.0005557625546737456,246,0,246,8_POSSA
query_path_6_31.graph,5,0.05,246,1430349.0,1441212.6970954966,0.007595137337458606,246,0,246,8_POSSA
query_path_6_31.graph,1,0.1,493,1430349.0,1419290.7933101119,0.007731124844277967,493,0,493,8_POSSA
query_path_6_31.graph,2,0.1,493,1430349.0,1405680.553180946,0.017246453011855123,493,0,493,8_POSSA
query_path_6_31.graph,3,0.1,493,1430349.0,1503882.6128108387,0.05140956005201439,493,0,493,8_POSSA
query_path_6_31.graph,4,0.1,493,1430349.0,1410590.404655054,0.013813828195039127,493,0,493,8_POSSA
query_path_6_31.graph,5,0.1,493,1430349.0,1468113.6903267533,0.02640243068422693,493,0,493,8_POSSA
query_path_6_37.graph,1,0.01,40,581304.0,538485.9869867952,0.07365855561497046,40,0,40,8_POSSA
query_path_6_37.graph,2,0.01,40,581304.0,564689.6982337395,0.028581089698781578,40,0,40,8_POSSA
query_path_6_37.graph,3,0.01,40,581304.0,495659.33797709126,0.1473319674781332,40,0,40,8_POSSA
query_path_6_37.graph,4,0.01,40,581304.0,220812.2345387472,0.6201432735044878,40,0,40,8_POSSA
query_path_6_37.graph,5,0.01,40,581304.0,688932.8256195115,0.18515067093897777,40,0,40,8_POSSA
query_path_6_37.graph,1,0.05,204,581304.0,560043.122785198,0.03657445538788992,204,0,204,8_POSSA
query_path_6_37.graph,2,0.05,204,581304.0,592605.0826804028,0.01944091676713525,204,0,204,8_POSSA
query_path_6_37.graph,3,0.05,204,581304.0,547067.0528644084,0.05889680293889539,204,0,204,8_POSSA
query_path_6_37.graph,4,0.05,204,581304.0,594013.4953213801,0.021863767187874316,204,0,204,8_POSSA
query_path_6_37.graph,5,0.05,204,581304.0,599616.6907745309,0.031502777848648675,204,0,204,8_POSSA
query_path_6_37.graph,1,0.1,409,581304.0,611678.7712644355,0.0522528165373634,409,0,409,8_POSSA
query_path_6_37.graph,2,0.1,409,581304.0,579316.3787836097,0.0034192457240794522,409,0,409,8_POSSA
query_path_6_37.graph,3,0.1,409,581304.0,573228.6168723105,0.013891841665788432,409,0,409,8_POSSA
query_path_6_37.graph,4,0.1,409,581304.0,592390.6303942585,0.01907200087090152,409,0,409,8_POSSA
query_path_6_37.graph,5,0.1,409,581304.0,590798.660401734,0.016333382191992585,409,0,409,8_POSSA
query_path_6_42.graph,1,0.01,28,1509704.0,1558571.293789708,0.03236879135890748,28,0,28,8_POSSA
query_path_6_42.graph,2,0.01,28,1509704.0,1164180.3077945346,0.22886850151120047,28,0,28,8_POSSA
query_path_6_42.graph,3,0.01,28,1509704.0,1734901.754044449,0.1491668261092565,28,0,28,8_POSSA
query_path_6_42.graph,4,0.01,28,1509704.0,1718172.512845321,0.13808568623075854,28,0,28,8_POSSA
query_path_6_42.graph,5,0.01,28,1509704.0,1259255.502700008,0.16589245130170682,28,0,28,8_POSSA
query_path_6_42.graph,1,0.05,143,1509704.0,1498651.5858342978,0.0073209146731426705,143,0,143,8_POSSA
query_path_6_42.graph,2,0.05,143,1509704.0,1314106.2433321555,0.12956033544843526,143,0,143,8_POSSA
query_path_6_42.graph,3,0.05,143,1509704.0,1448091.927617233,0.04081069691990416,143,0,143,8_POSSA
query_path_6_42.graph,4,0.05,143,1509704.0,1421228.4220999395,0.05860458599835494,143,0,143,8_POSSA
query_path_6_42.graph,5,0.05,143,1509704.0,1425229.3021497356,0.055954477069852356,143,0,143,8_POSSA
query_path_6_42.graph,1,0.1,287,1509704.0,1412507.8445494692,0.06438093523666283,287,0,287,8_POSSA
query_path_6_42.graph,2,0.1,287,1509704.0,1439789.518585293,0.04631005906767612,287,0,287,8_POSSA
query_path_6_42.graph,3,0.1,287,1509704.0,1511326.1254446367,0.0010744658851249518,287,0,287,8_POSSA
query_path_6_42.graph,4,0.1,287,1509704.0,1532227.5140436788,0.014919159016389148,287,0,287,8_POSSA
query_path_6_42.graph,5,0.1,287,1509704.0,1406048.2576827195,0.0686596460745156,287,0,287,8_POSSA
query_path_6_45.graph,1,0.01,28,1509704.0,1443634.2704696164,0.043763366547603766,28,0,28,8_POSSA
query_path_6_45.graph,2,0.01,28,1509704.0,1280435.2016909341,0.1518634105156149,28,0,28,8_POSSA
query_path_6_45.graph,3,0.01,28,1509704.0,1442682.5977367908,0.04439373695983399,28,0,28,8_POSSA
query_path_6_45.graph,4,0.01,28,1509704.0,1219994.7443484282,0.19189805130778734,28,0,28,8_POSSA
query_path_6_45.graph,5,0.01,28,1509704.0,1303804.415259952,0.13638407577912495,28,0,28,8_POSSA
query_path_6_45.graph,1,0.05,143,1509704.0,1412359.081325063,0.06447947324438233,143,0,143,8_POSSA
query_path_6_45.graph,2,0.05,143,1509704.0,1495055.3191666843,0.00970301518265548,143,0,143,8_POSSA
query_path_6_45.graph,3,0.05,143,1509704.0,1388874.5176357694,0.0800352137665599,143,0,143,8_POSSA
query_path_6_45.graph,4,0.05,143,1509704.0,1549377.632615243,0.026279080280136428,143,0,143,8_POSSA
query_path_6_45.graph,5,0.05,143,1509704.0,1679034.6712090983,0.11216150398296508,143,0,143,8_POSSA
query_path_6_45.graph,1,0.1,286,1509704.0,1390417.2591175386,0.07901333034983112,286,0,286,8_POSSA
query_path_6_45.graph,2,0.1,286,1509704.0,1406097.4907649541,0.06862703499165788,286,0,286,8_POSSA
query_path_6_45.graph,3,0.1,286,1509704.0,1489461.5020168838,0.01340825617678445,286,0,286,8_POSSA
query_path_6_45.graph,4,0.1,286,1509704.0,1508619.5993125346,0.0007182869539098023,286,0,286,8_POSSA
query_path_6_45.graph,5,0.1,286,1509704.0,1479870.058490483,0.019761450926484205,286,0,286,8_POSSA
query_path_6_40.graph,1,0.01,41,1657561.0,1121825.1771902489,0.3232073044731091,41,0,41,8_POSSA
query_path_6_40.graph,2,0.01,41,1657561.0,1573289.7532975127,0.05084051006417703,41,0,41,8_POSSA
query_path_6_40.graph,3,0.01,41,1657561.0,2087587.0598621839,0.2594330222912966,41,0,41,8_POSSA
query_path_6_40.graph,4,0.01,41,1657561.0,1058286.4833771428,0.36153994732191286,41,0,41,8_POSSA
query_path_6_40.graph,5,0.01,41,1657561.0,1726932.6925810329,0.04185166795130488,41,0,41,8_POSSA
query_path_6_40.graph,1,0.05,206,1657561.0,1606573.856376881,0.03076034222759765,206,0,206,8_POSSA
query_path_6_40.graph,2,0.05,206,1657561.0,1549269.8364354884,0.06533163097135584,206,0,206,8_POSSA
query_path_6_40.graph,3,0.05,206,1657561.0,1776018.2716240897,0.07146480378344428,206,0,206,8_POSSA
query_path_6_40.graph,4,0.05,206,1657561.0,1675276.7004385719,0.010687812055527284,206,0,206,8_POSSA
query_path_6_40.graph,5,0.05,206,1657561.0,1586668.9493920682,0.04276889393991039,206,0,206,8_POSSA
query_path_6_40.graph,1,0.1,413,1657561.0,1565269.3198198373,0.05567920588151064,413,0,413,8_POSSA
query_path_6_40.graph,2,0.1,413,1657561.0,1615676.48960326,0.02526875957912857,413,0,413,8_POSSA
query_path_6_40.graph,3,0.1,413,1657561.0,1587041.5377793391,0.04254411283847827,413,0,413,8_POSSA
query_path_6_40.graph,4,0.1,413,1657561.0,1609099.6454328657,0.02923654367298355,413,0,413,8_POSSA
query_path_6_40.graph,5,0.1,413,1657561.0,1569926.5612095087,0.05286951055827889,413,0,413,8_POSSA
query_path_6_36.graph,1,0.01,47,989027.0,1106949.751526598,0.11923107410272711,47,0,47,8_POSSA
query_path_6_36.graph,2,0.01,47,989027.0,696685.1574866766,0.29558530001033684,47,0,47,8_POSSA
query_path_6_36.graph,3,0.01,47,989027.0,1004729.6088408673,0.0158768252442727,47,0,47,8_POSSA
query_path_6_36.graph,4,0.01,47,989027.0,967654.2399923832,0.021609885278780893,47,0,47,8_POSSA
query_path_6_36.graph,5,0.01,47,989027.0,1143463.6885363148,0.15615012384526888,47,0,47,8_POSSA
query_path_6_36.graph,1,0.05,235,989027.0,921795.0588120241,0.06797786227067201,235,0,235,8_POSSA
query_path_6_36.graph,2,0.05,235,989027.0,917076.6375987219,0.07274863315286449,235,0,235,8_POSSA
query_path_6_36.graph,3,0.05,235,989027.0,993632.8149298381,0.004656915260996979,235,0,235,8_POSSA
query_path_6_36.graph,4,0.05,235,989027.0,1062581.9277399038,0.07437100073092423,235,0,235,8_POSSA
query_path_6_36.graph,5,0.05,235,989027.0,1124306.090779349,0.1367799774721509,235,0,235,8_POSSA
query_path_6_36.graph,1,0.1,471,989027.0,996918.0911280456,0.007978640753028558,471,0,471,8_POSSA
query_path_6_36.graph,2,0.1,471,989027.0,997109.7297789673,0.008172405585456547,471,0,471,8_POSSA
query_path_6_36.graph,3,0.1,471,989027.0,997964.1410169343,0.009036296296192419,471,0,471,8_POSSA
query_path_6_36.graph,4,0.1,471,989027.0,952129.4310136638,0.03730693801719896,471,0,471,8_POSSA
query_path_6_36.graph,5,0.1,471,989027.0,1017860.0861168235,0.029152981785960833,471,0,471,8_POSSA
query_path_6_50.graph,1,0.01,18,537440.0,172132.32252064964,0.6797180661643167,18,0,18,8_POSSA
query_path_6_50.graph,2,0.01,18,537440.0,374840.2478297606,0.30254493928669135,18,0,18,8_POSSA
query_path_6_50.graph,3,0.01,18,537440.0,545841.8921034448,0.01563317226749923,18,0,18,8_POSSA
query_path_6_50.graph,4,0.01,18,537440.0,448275.7660427942,0.16590546657711705,18,0,18,8_POSSA
query_path_6_50.graph,5,0.01,18,537440.0,363924.42281043495,0.32285571820029224,18,0,18,8_POSSA
query_path_6_50.graph,1,0.05,90,537440.0,617731.4652098202,0.149396146936998,90,0,90,8_POSSA
query_path_6_50.graph,2,0.05,90,537440.0,596572.6759152983,0.11002656280756602,90,0,90,8_POSSA
query_path_6_50.graph,3,0.05,90,537440.0,523426.68038275576,0.026074202919850104,90,0,90,8_POSSA
query_path_6_50.graph,4,0.05,90,537440.0,426769.9855855542,0.2059206877315529,90,0,90,8_POSSA
query_path_6_50.graph,5,0.05,90,537440.0,505829.4074230574,0.05881697040961332,90,0,90,8_POSSA
query_path_6_50.graph,1,0.1,180,537440.0,527566.1312139877,0.018372039271383388,180,0,180,8_POSSA
query_path_6_50.graph,2,0.1,180,537440.0,568635.1886171657,0.05804403955263037,180,0,180,8_POSSA
query_path_6_50.graph,3,0.1,180,537440.0,579782.2392198386,0.0787850536242904,180,0,180,8_POSSA
query_path_6_50.graph,4,0.1,180,537440.0,521668.88017617544,0.029344893985979004,180,0,180,8_POSSA
query_path_6_50.graph,5,0.1,180,537440.0,556469.1830664135,0.035407083704996845,180,0,180,8_POSSA
query_path_6_49.graph,1,0.01,28,1643774.0,1784540.9386160965,0.08563643093034475,28,0,28,8_POSSA
query_path_6_49.graph,2,0.01,28,1643774.0,1584391.3665540093,0.03612578946131934,28,0,28,8_POSSA
query_path_6_49.graph,3,0.01,28,1643774.0,1243075.9995217244,0.2437670874939472,28,0,28,8_POSSA
query_path_6_49.graph,4,0.01,28,1643774.0,1243390.4560242577,0.2435757859509533,28,0,28,8_POSSA
query_path_6_49.graph,5,0.01,28,1643774.0,1570472.6665143247,0.044593316043248815,28,0,28,8_POSSA
query_path_6_49.graph,1,0.05,140,1643774.0,1644043.0452601253,0.00016367533500670134,140,0,140,8_POSSA
query_path_6_49.graph,2,0.05,140,1643774.0,1454307.5427103818,0.1152630819623733,140,0,140,8_POSSA
query_path_6_49.graph,3,0.05,140,1643774.0,1529368.140668293,0.0695995065816268,140,0,140,8_POSSA
query_path_6_49.graph,4,0.05,140,1643774.0,1540849.8467624318,0.06261454022120329,140,0,140,8_POSSA
query_path_6_49.graph,5,0.05,140,1643774.0,1548544.0996352471,0.057933694269864874,140,0,140,8_POSSA
query_path_6_49.graph,1,0.1,280,1643774.0,1764648.084683435,0.07353449116693356,280,0,280,8_POSSA
query_path_6_49.graph,2,0.1,280,1643774.0,1633160.455230297,0.0064568150911882925,280,0,280,8_POSSA
query_path_6_49.graph,3,0.1,280,1643774.0,1608343.1541926202,0.02155457247004747,280,0,280,8_POSSA
query_path_6_49.graph,4,0.1,280,1643774.0,1685798.6456711798,0.025565951080367345,280,0,280,8_POSSA
query_path_6_49.graph,5,0.1,280,1643774.0,1582581.1851723404,0.0372270244131247,280,0,280,8_POSSA
query_path_6_54.graph,1,0.01,18,537440.0,759815.6346001626,0.4137682989732112,18,0,18,8_POSSA
query_path_6_54.graph,2,0.01,18,537440.0,668571.631339207,0.24399306218221,18,0,18,8_POSSA
query_path_6_54.graph,3,0.01,18,537440.0,149602.61095143302,0.7216384881076343,18,0,18,8_POSSA
query_path_6_54.graph,4,0.01,18,537440.0,764450.2514328796,0.4223918045416783,18,0,18,8_POSSA
query_path_6_54.graph,5,0.01,18,537440.0,485446.67400422343,0.09674256846490133,18,0,18,8_POSSA
query_path_6_54.graph,1,0.05,91,537440.0,592505.0218266414,0.1024579894065224,91,0,91,8_POSSA
query_path_6_54.graph,2,0.05,91,537440.0,541621.9357462625,0.0077812141750940545,91,0,91,8_POSSA
query_path_6_54.graph,3,0.05,91,537440.0,482756.8723617046,0.10174740927042164,91,0,91,8_POSSA
query_path_6_54.graph,4,0.05,91,537440.0,465763.66638038866,0.13336620575247718,91,0,91,8_POSSA
query_path_6_54.graph,5,0.05,91,537440.0,554086.46577352,0.030973626402054078,91,0,91,8_POSSA
query_path_6_54.graph,1,0.1,183,537440.0,570225.3377928205,0.06100278690239009,183,0,183,8_POSSA
query_path_6_54.graph,2,0.1,183,537440.0,512043.43308271636,0.04725470176630626,183,0,183,8_POSSA
query_path_6_54.graph,3,0.1,183,537440.0,506940.2869362743,0.0567499870938629,183,0,183,8_POSSA
query_path_6_54.graph,4,0.1,183,537440.0,537949.8581819874,0.0009486792609173553,183,0,183,8_POSSA
query_path_6_54.graph,5,0.1,183,537440.0,527405.5479994618,0.01867083209388627,183,0,183,8_POSSA
query_path_6_59.graph,1,0.01,18,537440.0,500643.48909329687,0.06846626768886412,18,0,18,8_POSSA
query_path_6_59.graph,2,0.01,18,537440.0,509669.01297608356,0.05167272072029705,18,0,18,8_POSSA
query_path_6_59.graph,3,0.01,18,537440.0,672844.0518139149,0.2519426388320834,18,0,18,8_POSSA
query_path_6_59.graph,4,0.01,18,537440.0,504703.432787617,0.060912040808988856,18,0,18,8_POSSA
query_path_6_59.graph,5,0.01,18,537440.0,951450.0600294108,0.7703372656099485,18,0,18,8_POSSA
query_path_6_59.graph,1,0.05,90,537440.0,608983.295855019,0.13311866599996094,90,0,90,8_POSSA
query_path_6_59.graph,2,0.05,90,537440.0,570808.4798780035,0.06208782353007494,90,0,90,8_POSSA
query_path_6_59.graph,3,0.05,90,537440.0,520767.78596870863,0.031021535485433478,90,0,90,8_POSSA
query_path_6_59.graph,4,0.05,90,537440.0,485528.4370904567,0.09659043411272566,90,0,90,8_POSSA
query_path_6_59.graph,5,0.05,90,537440.0,594625.5518424253,0.1064036019693831,90,0,90,8_POSSA
query_path_6_59.graph,1,0.1,180,537440.0,517044.8848737478,0.037948636361737446,180,0,180,8_POSSA
query_path_6_59.graph,2,0.1,180,537440.0,521993.25481431815,0.028741338913519373,180,0,180,8_POSSA
query_path_6_59.graph,3,0.1,180,537440.0,528657.6222152787,0.01634113163278007,180,0,180,8_POSSA
query_path_6_59.graph,4,0.1,180,537440.0,568578.5913704039,0.057938730593933986,180,0,180,8_POSSA
query_path_6_59.graph,5,0.1,180,537440.0,522549.4612726665,0.027706420674556188,180,0,180,8_POSSA
query_path_6_58.graph,1,0.01,28,1509704.0,1056837.4085870122,0.2999704520972242,28,0,28,8_POSSA
query_path_6_58.graph,2,0.01,28,1509704.0,2093089.316001764,0.38642364066185425,28,0,28,8_POSSA
query_path_6_58.graph,3,0.01,28,1509704.0,1618249.0461543752,0.07189823048384,28,0,28,8_POSSA
query_path_6_58.graph,4,0.01,28,1509704.0,1317627.4130993187,0.12722797773648428,28,0,28,8_POSSA
query_path_6_58.graph,5,0.01,28,1509704.0,1760193.2662034717,0.165919455869145,28,0,28,8_POSSA
query_path_6_58.graph,1,0.05,142,1509704.0,1383685.3833472016,0.08347240032006166,142,0,142,8_POSSA
query_path_6_58.graph,2,0.05,142,1509704.0,1453153.4981966633,0.03745800620740004,142,0,142,8_POSSA
query_path_6_58.graph,3,0.05,142,1509704.0,1464337.1366120172,0.030050171018943334,142,0,142,8_POSSA
query_path_6_58.graph,4,0.05,142,1509704.0,1476784.7997720311,0.02180506922414517,142,0,142,8_POSSA
query_path_6_58.graph,5,0.05,142,1509704.0,1609575.2970939963,0.0661528995710393,142,0,142,8_POSSA
query_path_6_58.graph,1,0.1,284,1509704.0,1589243.2349117496,0.05268531772569299,284,0,284,8_POSSA
query_path_6_58.graph,2,0.1,284,1509704.0,1575784.2160549297,0.043770312627461845,284,0,284,8_POSSA
query_path_6_58.graph,3,0.1,284,1509704.0,1454720.6661150982,0.03641994317091419,284,0,284,8_POSSA
query_path_6_58.graph,4,0.1,284,1509704.0,1536521.1035871808,0.017763153298382225,284,0,284,8_POSSA
query_path_6_58.graph,5,0.1,284,1509704.0,1599224.496309144,0.059296720621488684,284,0,284,8_POSSA
query_path_6_66.graph,1,0.01,17,537440.0,245588.39968524838,0.543040339972372,17,0,17,8_POSSA
query_path_6_66.graph,2,0.01,17,537440.0,643327.0626319669,0.1970211793539128,17,0,17,8_POSSA
query_path_6_66.graph,3,0.01,17,537440.0,550913.7060282137,0.025070158581820715,17,0,17,8_POSSA
query_path_6_66.graph,4,0.01,17,537440.0,662686.5134580472,0.2330427833024099,17,0,17,8_POSSA
query_path_6_66.graph,5,0.01,17,537440.0,477459.97057504975,0.11160321045130665,17,0,17,8_POSSA
query_path_6_66.graph,1,0.05,89,537440.0,613466.1753487568,0.14145983802611795,89,0,89,8_POSSA
query_path_6_66.graph,2,0.05,89,537440.0,532752.5315837061,0.008721845073485134,89,0,89,8_POSSA
query_path_6_66.graph,3,0.05,89,537440.0,542183.0079211313,0.008825185920533135,89,0,89,8_POSSA
query_path_6_66.graph,4,0.05,89,537440.0,537695.1354057594,0.0004747235147354933,89,0,89,8_POSSA
query_path_6_66.graph,5,0.05,89,537440.0,529530.9647066728,0.014716126997110708,89,0,89,8_POSSA
query_path_6_66.graph,1,0.1,179,537440.0,532036.2494318433,0.010054611804399956,179,0,179,8_POSSA
query_path_6_66.graph,2,0.1,179,537440.0,509306.6378955024,0.05234698218312298,179,0,179,8_POSSA
query_path_6_66.graph,3,0.1,179,537440.0,536990.0213078316,0.0008372631217780029,179,0,179,8_POSSA
query_path_6_66.graph,4,0.1,179,537440.0,538113.2416710219,0.0012526824780848306,179,0,179,8_POSSA
query_path_6_66.graph,5,0.1,179,537440.0,506125.7180279158,0.05826563332108551,179,0,179,8_POSSA
query_path_6_51.graph,1,0.01,41,1657561.0,2558236.168349827,0.5433737692608762,41,0,41,8_POSSA
query_path_6_51.graph,2,0.01,41,1657561.0,2783270.7628883203,0.6791362507252042,41,0,41,8_POSSA
query_path_6_51.graph,3,0.01,41,1657561.0,2515648.7647042517,0.5176809569628217,41,0,41,8_POSSA
query_path_6_51.graph,4,0.01,41,1657561.0,1041621.570516359,0.3715938233848655,41,0,41,8_POSSA
query_path_6_51.graph,5,0.01,41,1657561.0,1330446.5660660677,0.19734684511395498,41,0,41,8_POSSA
query_path_6_51.graph,1,0.05,205,1657561.0,1820592.746698654,0.09835640842095948,205,0,205,8_POSSA
query_path_6_51.graph,2,0.05,205,1657561.0,1765831.2478452337,0.0653190126005822,205,0,205,8_POSSA
query_path_6_51.graph,3,0.05,205,1657561.0,1557105.5037028808,0.06060440387842088,205,0,205,8_POSSA
query_path_6_51.graph,4,0.05,205,1657561.0,1471690.7150821176,0.11213480826218909,205,0,205,8_POSSA
query_path_6_51.graph,5,0.05,205,1657561.0,1650516.344008095,0.004250013116805296,205,0,205,8_POSSA
query_path_6_51.graph,1,0.1,410,1657561.0,1656469.434154481,0.0006585373603258471,410,0,410,8_POSSA
query_path_6_51.graph,2,0.1,410,1657561.0,1604872.3863115925,0.031786832393141166,410,0,410,8_POSSA
query_path_6_51.graph,3,0.1,410,1657561.0,1610673.046178301,0.02828731722192963,410,0,410,8_POSSA
query_path_6_51.graph,4,0.1,410,1657561.0,1567259.544030541,0.0544785114813023,410,0,410,8_POSSA
query_path_6_51.graph,5,0.1,410,1657561.0,1661099.779959192,0.002134931962800786,410,0,410,8_POSSA
query_path_6_60.graph,1,0.01,27,1643774.0,1059298.6601378287,0.3555691596668224,27,0,27,8_POSSA
query_path_6_60.graph,2,0.01,27,1643774.0,1254935.0206332852,0.2365525792272629,27,0,27,8_POSSA
query_path_6_60.graph,3,0.01,27,1643774.0,2459764.6493256637,0.49641291888402156,27,0,27,8_POSSA
query_path_6_60.graph,4,0.01,27,1643774.0,599305.920410308,0.6354085656481316,27,0,27,8_POSSA
query_path_6_60.graph,5,0.01,27,1643774.0,1049358.8349031883,0.3616161133445423,27,0,27,8_POSSA
query_path_6_60.graph,1,0.05,137,1643774.0,1595779.085509048,0.029198000753724005,137,0,137,8_POSSA
query_path_6_60.graph,2,0.05,137,1643774.0,1740078.1158830514,0.05858719987239816,137,0,137,8_POSSA
query_path_6_60.graph,3,0.05,137,1643774.0,1742238.0643369323,0.0599012177689465,137,0,137,8_POSSA
query_path_6_60.graph,4,0.05,137,1643774.0,1717105.1569985282,0.044611459360306326,137,0,137,8_POSSA
query_path_6_60.graph,5,0.05,137,1643774.0,1625866.8857950019,0.010893902814497692,137,0,137,8_POSSA
query_path_6_60.graph,1,0.1,275,1643774.0,1609295.7001876882,0.020975085268602478,275,0,275,8_POSSA
query_path_6_60.graph,2,0.1,275,1643774.0,1607423.337986286,0.022114148303668247,275,0,275,8_POSSA
query_path_6_60.graph,3,0.1,275,1643774.0,1691996.7573070924,0.02933661032909173,275,0,275,8_POSSA
query_path_6_60.graph,4,0.1,275,1643774.0,1552313.3979510167,0.05564061850898197,275,0,275,8_POSSA
query_path_6_60.graph,5,0.1,275,1643774.0,1733319.12815189,0.0544753282092854,275,0,275,8_POSSA
query_path_6_67.graph,1,0.01,18,537440.0,466639.68790127814,0.13173621631944377,18,0,18,8_POSSA
query_path_6_67.graph,2,0.01,18,537440.0,267068.7663478363,0.5030724055748804,18,0,18,8_POSSA
query_path_6_67.graph,3,0.01,18,537440.0,336917.50810994185,0.3731067503164226,18,0,18,8_POSSA
query_path_6_67.graph,4,0.01,18,537440.0,297815.7562600887,0.44586231717012376,18,0,18,8_POSSA
query_path_6_67.graph,5,0.01,18,537440.0,1461158.4757012406,1.7187378604146335,18,0,18,8_POSSA
query_path_6_67.graph,1,0.05,90,537440.0,613625.5092779555,0.14175630633736885,90,0,90,8_POSSA
query_path_6_67.graph,2,0.05,90,537440.0,529617.024317461,0.014555998218478436,90,0,90,8_POSSA
query_path_6_67.graph,3,0.05,90,537440.0,555592.3765913898,0.03377563372914142,90,0,90,8_POSSA
query_path_6_67.graph,4,0.05,90,537440.0,553482.3230544936,0.029849514465788995,90,0,90,8_POSSA
query_path_6_67.graph,5,0.05,90,537440.0,532561.1454236053,0.009077952099573273,90,0,90,8_POSSA
query_path_6_67.graph,1,0.1,180,537440.0,523102.25022959604,0.026677861287592954,180,0,180,8_POSSA
query_path_6_67.graph,2,0.1,180,537440.0,560334.5396921602,0.04259924771539187,180,0,180,8_POSSA
query_path_6_67.graph,3,0.1,180,537440.0,533866.8401650658,0.006648481383845947,180,0,180,8_POSSA
query_path_6_67.graph,4,0.1,180,537440.0,507411.1649046851,0.05587383725683777,180,0,180,8_POSSA
query_path_6_67.graph,5,0.1,180,537440.0,529688.1496247676,0.014423657292409206,180,0,180,8_POSSA
query_path_6_55.graph,1,0.01,46,989027.0,1082521.2585739456,0.09453155330839867,46,0,46,8_POSSA
query_path_6_55.graph,2,0.01,46,989027.0,963080.0346133399,0.026234840289152947,46,0,46,8_POSSA
query_path_6_55.graph,3,0.01,46,989027.0,798328.077433145,0.19281467802886573,46,0,46,8_POSSA
query_path_6_55.graph,4,0.01,46,989027.0,1167343.4844435882,0.18029485994172878,46,0,46,8_POSSA
query_path_6_55.graph,5,0.01,46,989027.0,1551260.4050986543,0.5684712400153427,46,0,46,8_POSSA
query_path_6_55.graph,1,0.05,233,989027.0,987660.0558553629,0.0013821100380849978,233,0,233,8_POSSA
query_path_6_55.graph,2,0.05,233,989027.0,936315.1635059591,0.05329666075247785,233,0,233,8_POSSA
query_path_6_55.graph,3,0.05,233,989027.0,957942.6621837335,0.03142921054356095,233,0,233,8_POSSA
query_path_6_55.graph,4,0.05,233,989027.0,939700.5674241551,0.04987369664917634,233,0,233,8_POSSA
query_path_6_55.graph,5,0.05,233,989027.0,919889.1951378888,0.06990487101172287,233,0,233,8_POSSA
query_path_6_55.graph,1,0.1,466,989027.0,984504.0847849068,0.004573095795254505,466,0,466,8_POSSA
query_path_6_55.graph,2,0.1,466,989027.0,999251.9612176549,0.0103384045305688,466,0,466,8_POSSA
query_path_6_55.graph,3,0.1,466,989027.0,968756.6779811094,0.020495216024325566,466,0,466,8_POSSA
query_path_6_55.graph,4,0.1,466,989027.0,998368.6570273394,0.009445300307614904,466,0,466,8_POSSA
query_path_6_55.graph,5,0.1,466,989027.0,985123.2301965805,0.003947081124599709,466,0,466,8_POSSA
query_path_6_48.graph,1,0.01,60,544536.0,544487.1349127688,8.973711055128675e-05,60,0,60,8_POSSA
query_path_6_48.graph,2,0.01,60,544536.0,532576.9389376965,0.021961929169611354,60,0,60,8_POSSA
query_path_6_48.graph,3,0.01,60,544536.0,494055.1805278706,0.09270428304488482,60,0,60,8_POSSA
query_path_6_48.graph,4,0.01,60,544536.0,583804.8958034568,0.07211441631674816,60,0,60,8_POSSA
query_path_6_48.graph,5,0.01,60,544536.0,435876.6994030144,0.1995447511220298,60,0,60,8_POSSA
query_path_6_48.graph,1,0.05,303,544536.0,617970.1483178529,0.13485637004321638,303,0,303,8_POSSA
query_path_6_48.graph,2,0.05,303,544536.0,536508.4137113902,0.014742067170232593,303,0,303,8_POSSA
query_path_6_48.graph,3,0.05,303,544536.0,504439.12169742666,0.07363494480176397,303,0,303,8_POSSA
query_path_6_48.graph,4,0.05,303,544536.0,511936.74267117865,0.059866119648326915,303,0,303,8_POSSA
query_path_6_48.graph,5,0.05,303,544536.0,502166.399873317,0.07780862996511344,303,0,303,8_POSSA
query_path_6_48.graph,1,0.1,606,544536.0,530789.2205624727,0.025244941450202178,606,0,606,8_POSSA
query_path_6_48.graph,2,0.1,606,544536.0,534921.0026966278,0.01765722983121823,606,0,606,8_POSSA
query_path_6_48.graph,3,0.1,606,544536.0,529150.296883548,0.028254703300520025,606,0,606,8_POSSA
query_path_6_48.graph,4,0.1,606,544536.0,539657.6510883938,0.008958726166141892,606,0,606,8_POSSA
query_path_6_48.graph,5,0.1,606,544536.0,545907.3442552902,0.0025183720732701365,606,0,606,8_POSSA
query_path_6_52.graph,1,0.01,48,1430349.0,1623270.499074061,0.1348772216249747,48,0,48,8_POSSA
query_path_6_52.graph,2,0.01,48,1430349.0,1821686.4501186898,0.27359577985421024,48,0,48,8_POSSA
query_path_6_52.graph,3,0.01,48,1430349.0,1872974.8924448986,0.30945307225362384,48,0,48,8_POSSA
query_path_6_52.graph,4,0.01,48,1430349.0,1160520.363683985,0.18864531405692941,48,0,48,8_POSSA
query_path_6_52.graph,5,0.01,48,1430349.0,1940987.0202184678,0.3570023960714957,48,0,48,8_POSSA
query_path_6_52.graph,1,0.05,243,1430349.0,1502600.9685244309,0.05051352398920185,243,0,243,8_POSSA
query_path_6_52.graph,2,0.05,243,1430349.0,1558271.5981666618,0.08943453532435916,243,0,243,8_POSSA
query_path_6_52.graph,3,0.05,243,1430349.0,1408386.2495929394,0.015354819283308205,243,0,243,8_POSSA
query_path_6_52.graph,4,0.05,243,1430349.0,1530107.0208254897,0.06974383232727793,243,0,243,8_POSSA
query_path_6_52.graph,5,0.05,243,1430349.0,1532759.568085256,0.0715983078851777,243,0,243,8_POSSA
query_path_6_52.graph,1,0.1,487,1430349.0,1499617.5058122578,0.04842769548708585,487,0,487,8_POSSA
query_path_6_52.graph,2,0.1,487,1430349.0,1503136.16166018,0.050887693604973305,487,0,487,8_POSSA
query_path_6_52.graph,3,0.1,487,1430349.0,1495784.2111219899,0.04574772389255341,487,0,487,8_POSSA
query_path_6_52.graph,4,0.1,487,1430349.0,1491225.132367652,0.04256033483272398,487,0,487,8_POSSA
query_path_6_52.graph,5,0.1,487,1430349.0,1472373.2357046134,0.02938040695285793,487,0,487,8_POSSA
query_path_6_5.graph,1,0.01,60,544536.0,467276.9926867606,0.1418804400686812,60,0,60,8_POSSA
query_path_6_5.graph,2,0.01,60,544536.0,535834.3878793651,0.015979865648248923,60,0,60,8_POSSA
query_path_6_5.graph,3,0.01,60,544536.0,297531.37966699817,0.45360567590205575,60,0,60,8_POSSA
query_path_6_5.graph,4,0.01,60,544536.0,459988.6386611275,0.15526496198391387,60,0,60,8_POSSA
query_path_6_5.graph,5,0.01,60,544536.0,419675.21429838234,0.22929757757359964,60,0,60,8_POSSA
query_path_6_5.graph,1,0.05,302,544536.0,562917.2934751007,0.03375588294456318,302,0,302,8_POSSA
query_path_6_5.graph,2,0.05,302,544536.0,577300.4633735326,0.060169508303459525,302,0,302,8_POSSA
query_path_6_5.graph,3,0.05,302,544536.0,597358.8609126876,0.09700526854549123,302,0,302,8_POSSA
query_path_6_5.graph,4,0.05,302,544536.0,550319.316040212,0.010620631216691009,302,0,302,8_POSSA
query_path_6_5.graph,5,0.05,302,544536.0,556282.0745688488,0.021570795262110906,302,0,302,8_POSSA
query_path_6_5.graph,1,0.1,605,544536.0,540115.6197961447,0.008117700581514061,605,0,605,8_POSSA
query_path_6_5.graph,2,0.1,605,544536.0,547980.5990884567,0.006325750893341697,605,0,605,8_POSSA
query_path_6_5.graph,3,0.1,605,544536.0,532555.1533321316,0.022001936819362602,605,0,605,8_POSSA
query_path_6_5.graph,4,0.1,605,544536.0,553146.0625530713,0.015811741653575337,605,0,605,8_POSSA
query_path_6_5.graph,5,0.1,605,544536.0,525557.4974047141,0.0348526132253623,605,0,605,8_POSSA
query_path_6_63.graph,1,0.01,37,3999965.0,4887442.6220777,0.22187134689371027,37,0,37,8_POSSA
query_path_6_63.graph,2,0.01,37,3999965.0,3239737.8320288155,0.1900584550042774,37,0,37,8_POSSA
query_path_6_63.graph,3,0.01,37,3999965.0,4849503.479944192,0.2123864783677337,37,0,37,8_POSSA
query_path_6_63.graph,4,0.01,37,3999965.0,3971355.885699751,0.007152341158047419,37,0,37,8_POSSA
query_path_6_63.graph,5,0.01,37,3999965.0,4325178.251767007,0.08130402435196475,37,0,37,8_POSSA
query_path_6_63.graph,1,0.05,188,3999965.0,4029719.071174849,0.007438582881312418,188,0,188,8_POSSA
query_path_6_63.graph,2,0.05,188,3999965.0,3456549.1413487084,0.1358551533954151,188,0,188,8_POSSA
query_path_6_63.graph,3,0.05,188,3999965.0,4142933.850346869,0.035742525333813883,188,0,188,8_POSSA
query_path_6_63.graph,4,0.05,188,3999965.0,3960407.6970966677,0.00988941225819033,188,0,188,8_POSSA
query_path_6_63.graph,5,0.05,188,3999965.0,3635627.69222726,0.0910851239380194,188,0,188,8_POSSA
query_path_6_63.graph,1,0.1,377,3999965.0,4015416.912429818,0.00386301190880869,377,0,377,8_POSSA
query_path_6_63.graph,2,0.1,377,3999965.0,3973082.696542494,0.006720634669929862,377,0,377,8_POSSA
query_path_6_63.graph,3,0.1,377,3999965.0,3947447.7137232795,0.013129436451749068,377,0,377,8_POSSA
query_path_6_63.graph,4,0.1,377,3999965.0,3832248.060027797,0.04192960187706723,377,0,377,8_POSSA
query_path_6_63.graph,5,0.1,377,3999965.0,3935571.097054121,0.016098616599364974,377,0,377,8_POSSA
query_path_6_53.graph,1,0.01,55,702727.0,817824.3303096312,0.16378669143156757,55,0,55,8_POSSA
query_path_6_53.graph,2,0.01,55,702727.0,844786.3866947799,0.20215444503310653,55,0,55,8_POSSA
query_path_6_53.graph,3,0.01,55,702727.0,682824.3624339206,0.02832200494086521,55,0,55,8_POSSA
query_path_6_53.graph,4,0.01,55,702727.0,825055.0789496849,0.17407624717662032,55,0,55,8_POSSA
query_path_6_53.graph,5,0.01,55,702727.0,383404.9671681786,0.4544041040572248,55,0,55,8_POSSA
query_path_6_53.graph,1,0.05,279,702727.0,748051.1463350827,0.0644975165819482,279,0,279,8_POSSA
query_path_6_53.graph,2,0.05,279,702727.0,706575.0402878728,0.0054758679940756175,279,0,279,8_POSSA
query_path_6_53.graph,3,0.05,279,702727.0,708058.6752020419,0.007587121602047259,279,0,279,8_POSSA
query_path_6_53.graph,4,0.05,279,702727.0,751622.4876512312,0.06957963426939798,279,0,279,8_POSSA
query_path_6_53.graph,5,0.05,279,702727.0,664473.9228999766,0.05443518905638092,279,0,279,8_POSSA
query_path_6_53.graph,1,0.1,559,702727.0,703607.1867932735,0.001252530204864119,559,0,559,8_POSSA
query_path_6_53.graph,2,0.1,559,702727.0,688868.2679213693,0.019721359900261,559,0,559,8_POSSA
query_path_6_53.graph,3,0.1,559,702727.0,690983.8565622927,0.01671081862189347,559,0,559,8_POSSA
query_path_6_53.graph,4,0.1,559,702727.0,676581.9813159438,0.03720508630528817,559,0,559,8_POSSA
query_path_6_53.graph,5,0.1,559,702727.0,692413.5213033393,0.01467636606628281,559,0,559,8_POSSA
query_path_6_62.graph,1,0.01,40,1657561.0,2117522.52538999,0.27749297032808434,40,0,40,8_POSSA
query_path_6_62.graph,2,0.01,40,1657561.0,1465806.3972982003,0.11568479392420533,40,0,40,8_POSSA
query_path_6_62.graph,3,0.01,40,1657561.0,1672105.0148099486,0.008774346651464787,40,0,40,8_POSSA
query_path_6_62.graph,4,0.01,40,1657561.0,1460874.581089735,0.11866013915039324,40,0,40,8_POSSA
query_path_6_62.graph,5,0.01,40,1657561.0,1641465.5960899503,0.00971029356388676,40,0,40,8_POSSA
query_path_6_62.graph,1,0.05,201,1657561.0,1770446.6636114044,0.06810347469046651,201,0,201,8_POSSA
query_path_6_62.graph,2,0.05,201,1657561.0,1682545.867529524,0.015073271831036097,201,0,201,8_POSSA
query_path_6_62.graph,3,0.05,201,1657561.0,1907514.2523097768,0.1507958092099035,201,0,201,8_POSSA
query_path_6_62.graph,4,0.05,201,1657561.0,1731971.9300158634,0.04489181997879015,201,0,201,8_POSSA
query_path_6_62.graph,5,0.05,201,1657561.0,1730642.242317146,0.0440896246455762,201,0,201,8_POSSA
query_path_6_62.graph,1,0.1,403,1657561.0,1682473.3787089675,0.015029539612097216,403,0,403,8_POSSA
query_path_6_62.graph,2,0.1,403,1657561.0,1772492.5859906618,0.06933777157562332,403,0,403,8_POSSA
query_path_6_62.graph,3,0.1,403,1657561.0,1657963.0565835035,0.0002425591477499133,403,0,403,8_POSSA
query_path_6_62.graph,4,0.1,403,1657561.0,1703150.4043815087,0.027503907477015147,403,0,403,8_POSSA
query_path_6_62.graph,5,0.1,403,1657561.0,1688336.5466110427,0.01856676563399036,403,0,403,8_POSSA
query_path_6_69.graph,1,0.01,28,1509704.0,1129451.9685505345,0.2518719109504019,28,0,28,8_POSSA
query_path_6_69.graph,2,0.01,28,1509704.0,1339067.0572920574,0.11302675405771102,28,0,28,8_POSSA
query_path_6_69.graph,3,0.01,28,1509704.0,1581884.062137246,0.04781073782492853,28,0,28,8_POSSA
query_path_6_69.graph,4,0.01,28,1509704.0,948253.5193087475,0.3718944115477289,28,0,28,8_POSSA
query_path_6_69.graph,5,0.01,28,1509704.0,1879853.8498562747,0.24518041275394029,28,0,28,8_POSSA
query_path_6_69.graph,1,0.05,144,1509704.0,1524298.7961740904,0.009667322981253515,144,0,144,8_POSSA
query_path_6_69.graph,2,0.05,144,1509704.0,1575764.5908333168,0.04375731324373307,144,0,144,8_POSSA
query_path_6_69.graph,3,0.05,144,1509704.0,1654782.1126641417,0.09609705787633979,144,0,144,8_POSSA
query_path_6_69.graph,4,0.05,144,1509704.0,1364014.0194236329,0.09650234786181074,144,0,144,8_POSSA
query_path_6_69.graph,5,0.05,144,1509704.0,1516711.1392478012,0.004641399405314654,144,0,144,8_POSSA
query_path_6_69.graph,1,0.1,289,1509704.0,1492060.2668527965,0.011686882426756143,289,0,289,8_POSSA
query_path_6_69.graph,2,0.1,289,1509704.0,1533012.733699927,0.015439273990084882,289,0,289,8_POSSA
query_path_6_69.graph,3,0.1,289,1509704.0,1653136.5281545655,0.09500705314059278,289,0,289,8_POSSA
query_path_6_69.graph,4,0.1,289,1509704.0,1568702.2960261493,0.03907937981627478,289,0,289,8_POSSA
query_path_6_69.graph,5,0.1,289,1509704.0,1527510.9086754199,0.011794966877891206,289,0,289,8_POSSA
query_path_6_57.graph,1,0.01,55,702727.0,829144.9509534051,0.1798962484057182,55,0,55,8_POSSA
query_path_6_57.graph,2,0.01,55,702727.0,619361.3939753325,0.11863156819741878,55,0,55,8_POSSA
query_path_6_57.graph,3,0.01,55,702727.0,563165.7156900055,0.19859957609426498,55,0,55,8_POSSA
query_path_6_57.graph,4,0.01,55,702727.0,619904.3463224876,0.11785893195723578,55,0,55,8_POSSA
query_path_6_57.graph,5,0.01,55,702727.0,648134.9838926367,0.07768595216544018,55,0,55,8_POSSA
query_path_6_57.graph,1,0.05,279,702727.0,700117.8784839821,0.003712852239942313,279,0,279,8_POSSA
query_path_6_57.graph,2,0.05,279,702727.0,696178.5866031179,0.009318573780261932,279,0,279,8_POSSA
query_path_6_57.graph,3,0.05,279,702727.0,677804.0784887217,0.035466008152921766,279,0,279,8_POSSA
query_path_6_57.graph,4,0.05,279,702727.0,686987.1910363748,0.02239818444947359,279,0,279,8_POSSA
query_path_6_57.graph,5,0.05,279,702727.0,654202.6572824637,0.06905148474092536,279,0,279,8_POSSA
query_path_6_57.graph,1,0.1,558,702727.0,709908.4036496747,0.010219336455941964,558,0,558,8_POSSA
query_path_6_57.graph,2,0.1,558,702727.0,733819.3195135009,0.04424523252059605,558,0,558,8_POSSA
query_path_6_57.graph,3,0.1,558,702727.0,718633.8909085018,0.02263594668840362,558,0,558,8_POSSA
query_path_6_57.graph,4,0.1,558,702727.0,702393.918081439,0.000473984802862301,558,0,558,8_POSSA
query_path_6_57.graph,5,0.1,558,702727.0,698590.6712878419,0.005886110412945764,558,0,558,8_POSSA
query_path_6_70.graph,1,0.01,27,1643774.0,1298534.9012521405,0.21002832429997037,27,0,27,8_POSSA
query_path_6_70.graph,2,0.01,27,1643774.0,1481295.3453787803,0.09884488659707462,27,0,27,8_POSSA
query_path_6_70.graph,3,0.01,27,1643774.0,1420903.5808708582,0.1355845871325023,27,0,27,8_POSSA
query_path_6_70.graph,4,0.01,27,1643774.0,1141373.4995489302,0.30563842745478986,27,0,27,8_POSSA
query_path_6_70.graph,5,0.01,27,1643774.0,749254.0212372962,0.5441867183461375,27,0,27,8_POSSA
query_path_6_70.graph,1,0.05,138,1643774.0,1539441.8765714802,0.06347108752694702,138,0,138,8_POSSA
query_path_6_70.graph,2,0.05,138,1643774.0,1520085.8061375534,0.07524647175490462,138,0,138,8_POSSA
query_path_6_70.graph,3,0.05,138,1643774.0,1487186.3896355275,0.0952610336727996,138,0,138,8_POSSA
query_path_6_70.graph,4,0.05,138,1643774.0,1531194.6111665734,0.06848836204577188,138,0,138,8_POSSA
query_path_6_70.graph,5,0.05,138,1643774.0,1573499.9628138272,0.04275164176229384,138,0,138,8_POSSA
query_path_6_70.graph,1,0.1,276,1643774.0,1646475.8348514137,0.0016436778117999995,276,0,276,8_POSSA
query_path_6_70.graph,2,0.1,276,1643774.0,1543546.1939583907,0.06097420085827447,276,0,276,8_POSSA
query_path_6_70.graph,3,0.1,276,1643774.0,1678861.124203001,0.021345467322759038,276,0,276,8_POSSA
query_path_6_70.graph,4,0.1,276,1643774.0,1642554.4497756464,0.0007419208628154231,276,0,276,8_POSSA
query_path_6_70.graph,5,0.1,276,1643774.0,1675622.0695637087,0.019374968556327532,276,0,276,8_POSSA
query_path_6_77.graph,1,0.01,18,537440.0,403943.5395532445,0.24839323542489491,18,0,18,8_POSSA
query_path_6_77.graph,2,0.01,18,537440.0,344105.132398428,0.35973293316755733,18,0,18,8_POSSA
query_path_6_77.graph,3,0.01,18,537440.0,574962.5184399956,0.06981713017266224,18,0,18,8_POSSA
query_path_6_77.graph,4,0.01,18,537440.0,360132.68760107807,0.32991089684229297,18,0,18,8_POSSA
query_path_6_77.graph,5,0.01,18,537440.0,708633.6213010604,0.3185353179909579,18,0,18,8_POSSA
query_path_6_77.graph,1,0.05,91,537440.0,602577.9702960821,0.12120045083373417,91,0,91,8_POSSA
query_path_6_77.graph,2,0.05,91,537440.0,460378.4269008641,0.14338637447740377,91,0,91,8_POSSA
query_path_6_77.graph,3,0.05,91,537440.0,497431.6151048552,0.07444251431814675,91,0,91,8_POSSA
query_path_6_77.graph,4,0.05,91,537440.0,564809.1419472095,0.05092501850850232,91,0,91,8_POSSA
query_path_6_77.graph,5,0.05,91,537440.0,493092.60124784184,0.08251599946442051,91,0,91,8_POSSA
query_path_6_77.graph,1,0.1,182,537440.0,562553.6737465727,0.04672833013280123,182,0,182,8_POSSA
query_path_6_77.graph,2,0.1,182,537440.0,529645.2890642704,0.014503406772345854,182,0,182,8_POSSA
query_path_6_77.graph,3,0.1,182,537440.0,522775.32929354574,0.027286154187359066,182,0,182,8_POSSA
query_path_6_77.graph,4,0.1,182,537440.0,525456.541618106,0.02229729529230062,182,0,182,8_POSSA
query_path_6_77.graph,5,0.1,182,537440.0,540879.9915525559,0.006400698780433041,182,0,182,8_POSSA
query_path_6_78.graph,1,0.01,18,537440.0,556011.6993272133,0.03455585614619928,18,0,18,8_POSSA
query_path_6_78.graph,2,0.01,18,537440.0,577746.8999418063,0.0749979531516194,18,0,18,8_POSSA
query_path_6_78.graph,3,0.01,18,537440.0,840583.089614603,0.5640501072019257,18,0,18,8_POSSA
query_path_6_78.graph,4,0.01,18,537440.0,409160.08380259265,0.23868695332950163,18,0,18,8_POSSA
query_path_6_78.graph,5,0.01,18,537440.0,621044.8809237351,0.15556132949489263,18,0,18,8_POSSA
query_path_6_78.graph,1,0.05,90,537440.0,521760.5619671516,0.029174304169485733,90,0,90,8_POSSA
query_path_6_78.graph,2,0.05,90,537440.0,511653.4064040078,0.04798041380617779,90,0,90,8_POSSA
query_path_6_78.graph,3,0.05,90,537440.0,518512.6465792769,0.035217612051062656,90,0,90,8_POSSA
query_path_6_78.graph,4,0.05,90,537440.0,535549.727303046,0.0035171790282709984,90,0,90,8_POSSA
query_path_6_78.graph,5,0.05,90,537440.0,635611.9280318983,0.18266583810639017,90,0,90,8_POSSA
query_path_6_78.graph,1,0.1,181,537440.0,528031.3682441595,0.017506385374814862,181,0,181,8_POSSA
query_path_6_78.graph,2,0.1,181,537440.0,540552.4969525186,0.005791338479678825,181,0,181,8_POSSA
query_path_6_78.graph,3,0.1,181,537440.0,515705.83228674147,0.04044017511398208,181,0,181,8_POSSA
query_path_6_78.graph,4,0.1,181,537440.0,510680.0566553672,0.04979149922713755,181,0,181,8_POSSA
query_path_6_78.graph,5,0.1,181,537440.0,511083.7321721994,0.04904039116515442,181,0,181,8_POSSA
query_path_6_71.graph,1,0.01,28,1509704.0,1662514.5192673027,0.10121886096036223,28,0,28,8_POSSA
query_path_6_71.graph,2,0.01,28,1509704.0,2151293.532389598,0.42497703681622223,28,0,28,8_POSSA
query_path_6_71.graph,3,0.01,28,1509704.0,950288.562577216,0.3705464365350983,28,0,28,8_POSSA
query_path_6_71.graph,4,0.01,28,1509704.0,1875917.277200076,0.24257289985326663,28,0,28,8_POSSA
query_path_6_71.graph,5,0.01,28,1509704.0,953603.3681117012,0.3683507706731245,28,0,28,8_POSSA
query_path_6_71.graph,1,0.05,144,1509704.0,1683730.7068767413,0.11527207113231551,144,0,144,8_POSSA
query_path_6_71.graph,2,0.05,144,1509704.0,1471653.0704848005,0.025204231766756596,144,0,144,8_POSSA
query_path_6_71.graph,3,0.05,144,1509704.0,1357935.1378838108,0.10052888653417438,144,0,144,8_POSSA
query_path_6_71.graph,4,0.05,144,1509704.0,1666204.4952997859,0.10366303281953672,144,0,144,8_POSSA
query_path_6_71.graph,5,0.05,144,1509704.0,1646252.3213283727,0.09044708189709552,144,0,144,8_POSSA
query_path_6_71.graph,1,0.1,288,1509704.0,1531674.5109296856,0.014552859984265493,288,0,288,8_POSSA
query_path_6_71.graph,2,0.1,288,1509704.0,1519851.4240802967,0.0067214659829321855,288,0,288,8_POSSA
query_path_6_71.graph,3,0.1,288,1509704.0,1500291.6218255777,0.006234585173267282,288,0,288,8_POSSA
query_path_6_71.graph,4,0.1,288,1509704.0,1553938.4778933763,0.029300099816504596,288,0,288,8_POSSA
query_path_6_71.graph,5,0.1,288,1509704.0,1415223.8166460874,0.0625819255654834,288,0,288,8_POSSA
query_path_6_68.graph,1,0.01,56,702727.0,825022.2817520602,0.1740295758552897,56,0,56,8_POSSA
query_path_6_68.graph,2,0.01,56,702727.0,508087.5570208295,0.2769773226006265,56,0,56,8_POSSA
query_path_6_68.graph,3,0.01,56,702727.0,673586.5924506992,0.04146760769018525,56,0,56,8_POSSA
query_path_6_68.graph,4,0.01,56,702727.0,689678.4532247947,0.018568443755833053,56,0,56,8_POSSA
query_path_6_68.graph,5,0.01,56,702727.0,822869.6111839598,0.1709662659666695,56,0,56,8_POSSA
query_path_6_68.graph,1,0.05,280,702727.0,687997.3152740601,0.020960749659455064,280,0,280,8_POSSA
query_path_6_68.graph,2,0.05,280,702727.0,706694.2038341423,0.0056454410235301945,280,0,280,8_POSSA
query_path_6_68.graph,3,0.05,280,702727.0,650482.034796092,0.07434603367155103,280,0,280,8_POSSA
query_path_6_68.graph,4,0.05,280,702727.0,690938.3543603151,0.016775569516590177,280,0,280,8_POSSA
query_path_6_68.graph,5,0.05,280,702727.0,700018.9114497042,0.0038536850730024564,280,0,280,8_POSSA
query_path_6_68.graph,1,0.1,560,702727.0,685048.6553238246,0.02515677450300812,560,0,560,8_POSSA
query_path_6_68.graph,2,0.1,560,702727.0,675659.5213126338,0.0385177724598119,560,0,560,8_POSSA
query_path_6_68.graph,3,0.1,560,702727.0,695588.7288797194,0.01015795767101678,560,0,560,8_POSSA
query_path_6_68.graph,4,0.1,560,702727.0,712576.2565762545,0.014015765121098945,560,0,560,8_POSSA
query_path_6_68.graph,5,0.1,560,702727.0,686304.0166307462,0.023370360565701628,560,0,560,8_POSSA
query_path_6_87.graph,1,0.01,18,537440.0,827765.1284964402,0.5402000753506256,18,0,18,8_POSSA
query_path_6_87.graph,2,0.01,18,537440.0,658265.4584878841,0.22481664648683414,18,0,18,8_POSSA
query_path_6_87.graph,3,0.01,18,537440.0,726684.0325323367,0.3521212275460268,18,0,18,8_POSSA
query_path_6_87.graph,4,0.01,18,537440.0,765984.922710008,0.4252473256735784,18,0,18,8_POSSA
query_path_6_87.graph,5,0.01,18,537440.0,824246.8629221703,0.5336537342255327,18,0,18,8_POSSA
query_path_6_87.graph,1,0.05,91,537440.0,567662.8592569557,0.056234852740688596,91,0,91,8_POSSA
query_path_6_87.graph,2,0.05,91,537440.0,544794.649384553,0.01368459620525633,91,0,91,8_POSSA
query_path_6_87.graph,3,0.05,91,537440.0,612298.5062418991,0.13928718785706143,91,0,91,8_POSSA
query_path_6_87.graph,4,0.05,91,537440.0,585601.2018369864,0.08961223920249023,91,0,91,8_POSSA
query_path_6_87.graph,5,0.05,91,537440.0,571777.0645262856,0.0638900426583165,91,0,91,8_POSSA
query_path_6_87.graph,1,0.1,182,537440.0,546129.6185763602,0.01616853709504348,182,0,182,8_POSSA
query_path_6_87.graph,2,0.1,182,537440.0,545275.9381702679,0.014580117167065814,182,0,182,8_POSSA
query_path_6_87.graph,3,0.1,182,537440.0,606383.2421901937,0.12828081681712142,182,0,182,8_POSSA
query_path_6_87.graph,4,0.1,182,537440.0,568073.1237826603,0.05699822079238677,182,0,182,8_POSSA
query_path_6_87.graph,5,0.1,182,537440.0,535792.4479391905,0.003065555337915771,182,0,182,8_POSSA
query_path_6_75.graph,1,0.01,37,3999965.0,4116085.8619816876,0.02903046951203013,37,0,37,8_POSSA
query_path_6_75.graph,2,0.01,37,3999965.0,5641251.357258036,0.41032517965983095,37,0,37,8_POSSA
query_path_6_75.graph,3,0.01,37,3999965.0,5719898.582228045,0.42998715794464326,37,0,37,8_POSSA
query_path_6_75.graph,4,0.01,37,3999965.0,2949778.4758406356,0.2625489283429641,37,0,37,8_POSSA
query_path_6_75.graph,5,0.01,37,3999965.0,5402804.21169028,0.35071287166019693,37,0,37,8_POSSA
query_path_6_75.graph,1,0.05,189,3999965.0,3899314.6176074157,0.0251628157727841,189,0,189,8_POSSA
query_path_6_75.graph,2,0.05,189,3999965.0,3580352.242661899,0.10490410724546366,189,0,189,8_POSSA
query_path_6_75.graph,3,0.05,189,3999965.0,4499100.829979738,0.1247850493641165,189,0,189,8_POSSA
query_path_6_75.graph,4,0.05,189,3999965.0,4001803.232929892,0.00045956225364269604,189,0,189,8_POSSA
query_path_6_75.graph,5,0.05,189,3999965.0,4020889.9189550937,0.0052312755124341625,189,0,189,8_POSSA
query_path_6_75.graph,1,0.1,378,3999965.0,4242908.003018954,0.06073628219720768,378,0,378,8_POSSA
query_path_6_75.graph,2,0.1,378,3999965.0,4065265.770003357,0.016325335347523534,378,0,378,8_POSSA
query_path_6_75.graph,3,0.1,378,3999965.0,4036262.1628167806,0.009074370104933572,378,0,378,8_POSSA
query_path_6_75.graph,4,0.1,378,3999965.0,3981761.223492249,0.004550983948047317,378,0,378,8_POSSA
query_path_6_75.graph,5,0.1,378,3999965.0,4033900.763403783,0.008484015086077774,378,0,378,8_POSSA
query_path_6_73.graph,1,0.01,48,1430349.0,2185549.3774486687,0.5279832946005966,48,0,48,8_POSSA
query_path_6_73.graph,2,0.01,48,1430349.0,1629631.74718168,0.1393245614753323,48,0,48,8_POSSA
query_path_6_73.graph,3,0.01,48,1430349.0,1636690.9960328494,0.1442598946360989,48,0,48,8_POSSA
query_path_6_73.graph,4,0.01,48,1430349.0,1186782.7437106175,0.17028449440617813,48,0,48,8_POSSA
query_path_6_73.graph,5,0.01,48,1430349.0,1680694.3669044736,0.17502397450165913,48,0,48,8_POSSA
query_path_6_73.graph,1,0.05,244,1430349.0,1389239.9254041198,0.028740590300605117,244,0,244,8_POSSA
query_path_6_73.graph,2,0.05,244,1430349.0,1411695.2564351656,0.013041393089962206,244,0,244,8_POSSA
query_path_6_73.graph,3,0.05,244,1430349.0,1388045.3127840762,0.029575779908206878,244,0,244,8_POSSA
query_path_6_73.graph,4,0.05,244,1430349.0,1502561.7071928065,0.0504860752115788,244,0,244,8_POSSA
query_path_6_73.graph,5,0.05,244,1430349.0,1525844.0346058127,0.06676345046265823,244,0,244,8_POSSA
query_path_6_73.graph,1,0.1,489,1430349.0,1444414.6389940688,0.00983371120899084,489,0,489,8_POSSA
query_path_6_73.graph,2,0.1,489,1430349.0,1441769.800628034,0.00798462517052407,489,0,489,8_POSSA
query_path_6_73.graph,3,0.1,489,1430349.0,1432030.7391684977,0.0011757544267152519,489,0,489,8_POSSA
query_path_6_73.graph,4,0.1,489,1430349.0,1463055.4049201352,0.022866031241420913,489,0,489,8_POSSA
query_path_6_73.graph,5,0.1,489,1430349.0,1412050.6085171248,0.012792955763156555,489,0,489,8_POSSA
query_path_6_76.graph,1,0.01,44,998754.0,934518.8432841718,0.06431529357161847,44,0,44,8_POSSA
query_path_6_76.graph,2,0.01,44,998754.0,1182518.0956532971,0.18399335136910305,44,0,44,8_POSSA
query_path_6_76.graph,3,0.01,44,998754.0,999174.8014692155,0.00042132644196222606,44,0,44,8_POSSA
query_path_6_76.graph,4,0.01,44,998754.0,1114477.0708254,0.11586744165770556,44,0,44,8_POSSA
query_path_6_76.graph,5,0.01,44,998754.0,1156229.485557104,0.1576719448003252,44,0,44,8_POSSA
query_path_6_76.graph,1,0.05,223,998754.0,994131.7249796247,0.004628041560159224,223,0,223,8_POSSA
query_path_6_76.graph,2,0.05,223,998754.0,1014770.9603927113,0.016036942422970355,223,0,223,8_POSSA
query_path_6_76.graph,3,0.05,223,998754.0,1114125.305987076,0.11551523797359099,223,0,223,8_POSSA
query_path_6_76.graph,4,0.05,223,998754.0,968208.7224733057,0.03058338442368626,223,0,223,8_POSSA
query_path_6_76.graph,5,0.05,223,998754.0,1035686.1351084649,0.03697820995807262,223,0,223,8_POSSA
query_path_6_76.graph,1,0.1,446,998754.0,1019479.3648993284,0.020751220920595507,446,0,446,8_POSSA
query_path_6_76.graph,2,0.1,446,998754.0,1006240.1735536123,0.00749551296276392,446,0,446,8_POSSA
query_path_6_76.graph,3,0.1,446,998754.0,1047130.3665273034,0.048436718678777115,446,0,446,8_POSSA
query_path_6_76.graph,4,0.1,446,998754.0,1000214.532713534,0.001462354807624261,446,0,446,8_POSSA
query_path_6_76.graph,5,0.1,446,998754.0,1058121.022893919,0.059441086487682565,446,0,446,8_POSSA
query_path_6_83.graph,1,0.01,34,917724.0,1162132.711863307,0.26632049708115624,34,0,34,8_POSSA
query_path_6_83.graph,2,0.01,34,917724.0,926456.6343096131,0.009515534419512998,34,0,34,8_POSSA
query_path_6_83.graph,3,0.01,34,917724.0,1241021.6046899748,0.3522819548033775,34,0,34,8_POSSA
query_path_6_83.graph,4,0.01,34,917724.0,944919.6050552807,0.02963375160209467,34,0,34,8_POSSA
query_path_6_83.graph,5,0.01,34,917724.0,718027.8712912446,0.21759933128996883,34,0,34,8_POSSA
query_path_6_83.graph,1,0.05,173,917724.0,1017528.771940907,0.1087524919702514,173,0,173,8_POSSA
query_path_6_83.graph,2,0.05,173,917724.0,882914.8711717004,0.037929844733601364,173,0,173,8_POSSA
query_path_6_83.graph,3,0.05,173,917724.0,889325.2550002355,0.030944755721507216,173,0,173,8_POSSA
query_path_6_83.graph,4,0.05,173,917724.0,868480.7926592437,0.05365797052355208,173,0,173,8_POSSA
query_path_6_83.graph,5,0.05,173,917724.0,964908.6142033774,0.051414819927753215,173,0,173,8_POSSA
query_path_6_83.graph,1,0.1,346,917724.0,934704.3229209135,0.018502646679081573,346,0,346,8_POSSA
query_path_6_83.graph,2,0.1,346,917724.0,1005111.5435099916,0.09522203136236124,346,0,346,8_POSSA
query_path_6_83.graph,3,0.1,346,917724.0,995924.9276215344,0.08521181490462758,346,0,346,8_POSSA
query_path_6_83.graph,4,0.1,346,917724.0,980424.6017316945,0.06832185028580982,346,0,346,8_POSSA
query_path_6_83.graph,5,0.1,346,917724.0,925780.6220885732,0.008778916197651117,346,0,346,8_POSSA
query_path_6_80.graph,1,0.01,46,989027.0,1273246.9289266127,0.28737327588287553,46,0,46,8_POSSA
query_path_6_80.graph,2,0.01,46,989027.0,883314.6960715345,0.10688515473133238,46,0,46,8_POSSA
query_path_6_80.graph,3,0.01,46,989027.0,1174887.3016406926,0.187922373848937,46,0,46,8_POSSA
query_path_6_80.graph,4,0.01,46,989027.0,810517.7091854129,0.18048980544978765,46,0,46,8_POSSA
query_path_6_80.graph,5,0.01,46,989027.0,954239.9810215313,0.03517297200022722,46,0,46,8_POSSA
query_path_6_80.graph,1,0.05,233,989027.0,989564.9806041068,0.0005439493604388891,233,0,233,8_POSSA
query_path_6_80.graph,2,0.05,233,989027.0,1087489.139396404,0.09955455148990262,233,0,233,8_POSSA
query_path_6_80.graph,3,0.05,233,989027.0,947228.6341334071,0.04226210797742918,233,0,233,8_POSSA
query_path_6_80.graph,4,0.05,233,989027.0,993574.0135051179,0.0045974614496043596,233,0,233,8_POSSA
query_path_6_80.graph,5,0.05,233,989027.0,1020863.6251134037,0.03218984427462916,233,0,233,8_POSSA
query_path_6_80.graph,1,0.1,466,989027.0,1039877.5724831856,0.05141474649649157,466,0,466,8_POSSA
query_path_6_80.graph,2,0.1,466,989027.0,1076094.0896468314,0.08803307659632284,466,0,466,8_POSSA
query_path_6_80.graph,3,0.1,466,989027.0,1016877.1098227428,0.028159099622904894,466,0,466,8_POSSA
query_path_6_80.graph,4,0.1,466,989027.0,992445.0189531827,0.003455940993706678,466,0,466,8_POSSA
query_path_6_80.graph,5,0.1,466,989027.0,1014550.5120508901,0.02580668884761501,466,0,466,8_POSSA
query_path_6_81.graph,1,0.01,48,1430349.0,1682404.192557814,0.17621936503455735,48,0,48,8_POSSA
query_path_6_81.graph,2,0.01,48,1430349.0,1596096.1473265116,0.11587881511890565,48,0,48,8_POSSA
query_path_6_81.graph,3,0.01,48,1430349.0,1497414.3218876012,0.046887383350218144,48,0,48,8_POSSA
query_path_6_81.graph,4,0.01,48,1430349.0,1689218.9192896825,0.18098374542834128,48,0,48,8_POSSA
query_path_6_81.graph,5,0.01,48,1430349.0,1750991.3747384762,0.2241707266817233,48,0,48,8_POSSA
query_path_6_81.graph,1,0.05,243,1430349.0,1379091.1455763238,0.0358359074768998,243,0,243,8_POSSA
query_path_6_81.graph,2,0.05,243,1430349.0,1366430.3922005263,0.044687420901803464,243,0,243,8_POSSA
query_path_6_81.graph,3,0.05,243,1430349.0,1561495.4943244264,0.09168845807871114,243,0,243,8_POSSA
query_path_6_81.graph,4,0.05,243,1430349.0,1416230.2971602874,0.009870809739240292,243,0,243,8_POSSA
query_path_6_81.graph,5,0.05,243,1430349.0,1439614.6392560562,0.006477887044389981,243,0,243,8_POSSA
query_path_6_81.graph,1,0.1,486,1430349.0,1391631.7185843494,0.027068415761223746,486,0,486,8_POSSA
query_path_6_81.graph,2,0.1,486,1430349.0,1436578.1704490702,0.004355000387367116,486,0,486,8_POSSA
query_path_6_81.graph,3,0.1,486,1430349.0,1396904.869796269,0.023381797172390018,486,0,486,8_POSSA
query_path_6_81.graph,4,0.1,486,1430349.0,1379676.4205958308,0.03542672411010825,486,0,486,8_POSSA
query_path_6_81.graph,5,0.1,486,1430349.0,1402182.4269615873,0.01969209824903763,486,0,486,8_POSSA
query_path_6_85.graph,1,0.01,41,233850.0,228704.02949513943,0.022005432990637452,41,0,41,8_POSSA
query_path_6_85.graph,2,0.01,41,233850.0,175932.15348934117,0.2476709279908438,41,0,41,8_POSSA
query_path_6_85.graph,3,0.01,41,233850.0,217250.42722179423,0.07098384767246425,41,0,41,8_POSSA
query_path_6_85.graph,4,0.01,41,233850.0,273358.1074185009,0.16894636484285172,41,0,41,8_POSSA
query_path_6_85.graph,5,0.01,41,233850.0,343108.2233140843,0.46721498103093556,41,0,41,8_POSSA
query_path_6_85.graph,1,0.05,205,233850.0,249886.6840238464,0.06857679719412618,205,0,205,8_POSSA
query_path_6_85.graph,2,0.05,205,233850.0,226991.88820721308,0.029326969394000084,205,0,205,8_POSSA
query_path_6_85.graph,3,0.05,205,233850.0,240041.8032107506,0.02647767034744751,205,0,205,8_POSSA
query_path_6_85.graph,4,0.05,205,233850.0,239204.38299709724,0.022896655963640128,205,0,205,8_POSSA
query_path_6_85.graph,5,0.05,205,233850.0,241856.9546199138,0.03423970331372161,205,0,205,8_POSSA
query_path_6_85.graph,1,0.1,411,233850.0,253466.0069620478,0.08388286064591748,411,0,411,8_POSSA
query_path_6_85.graph,2,0.1,411,233850.0,231756.93700115022,0.008950451138977045,411,0,411,8_POSSA
query_path_6_85.graph,3,0.1,411,233850.0,234755.52452598908,0.0038722451400003415,411,0,411,8_POSSA
query_path_6_85.graph,4,0.1,411,233850.0,238590.8334665033,0.020272967571106706,411,0,411,8_POSSA
query_path_6_85.graph,5,0.1,411,233850.0,241042.70196859064,0.030757759113066673,411,0,411,8_POSSA
query_path_6_84.graph,1,0.01,47,989027.0,943756.5032574531,0.045772761251762495,47,0,47,8_POSSA
query_path_6_84.graph,2,0.01,47,989027.0,915165.1437563592,0.07468133452741003,47,0,47,8_POSSA
query_path_6_84.graph,3,0.01,47,989027.0,1027852.3447828951,0.039256101990031676,47,0,47,8_POSSA
query_path_6_84.graph,4,0.01,47,989027.0,776270.1916519238,0.21511729037536506,47,0,47,8_POSSA
query_path_6_84.graph,5,0.01,47,989027.0,783216.4835977773,0.20809393110827376,47,0,47,8_POSSA
query_path_6_84.graph,1,0.05,236,989027.0,947059.9568882806,0.04243265665317471,236,0,236,8_POSSA
query_path_6_84.graph,2,0.05,236,989027.0,1012323.5254344931,0.023554994387911643,236,0,236,8_POSSA
query_path_6_84.graph,3,0.05,236,989027.0,1010114.4244252472,0.02132138397156725,236,0,236,8_POSSA
query_path_6_84.graph,4,0.05,236,989027.0,1027811.0391308733,0.03921433806243235,236,0,236,8_POSSA
query_path_6_84.graph,5,0.05,236,989027.0,1038229.8927192835,0.04974878614970417,236,0,236,8_POSSA
query_path_6_84.graph,1,0.1,472,989027.0,990467.2423483303,0.0014562214664820357,472,0,472,8_POSSA
query_path_6_84.graph,2,0.1,472,989027.0,975163.8610679845,0.014016946890242141,472,0,472,8_POSSA
query_path_6_84.graph,3,0.1,472,989027.0,1005033.9294124092,0.01618452217422699,472,0,472,8_POSSA
query_path_6_84.graph,4,0.1,472,989027.0,941904.7311758037,0.04764507826803141,472,0,472,8_POSSA
query_path_6_84.graph,5,0.1,472,989027.0,990591.2772678462,0.0015816325215046328,472,0,472,8_POSSA
query_path_6_86.graph,1,0.01,44,998754.0,1054199.9712383752,0.05551514310668611,44,0,44,8_POSSA
query_path_6_86.graph,2,0.01,44,998754.0,1045799.4577024259,0.04710414947266883,44,0,44,8_POSSA
query_path_6_86.graph,3,0.01,44,998754.0,990690.9903963954,0.008073068647138894,44,0,44,8_POSSA
query_path_6_86.graph,4,0.01,44,998754.0,991884.0468334503,0.006878523807213464,44,0,44,8_POSSA
query_path_6_86.graph,5,0.01,44,998754.0,794312.5702700162,0.2046964815459901,44,0,44,8_POSSA
query_path_6_86.graph,1,0.05,221,998754.0,964076.7684727107,0.03472049326189358,221,0,221,8_POSSA
query_path_6_86.graph,2,0.05,221,998754.0,972242.8895317586,0.026544184522155994,221,0,221,8_POSSA
query_path_6_86.graph,3,0.05,221,998754.0,950262.3247742687,0.04855217123108527,221,0,221,8_POSSA
query_path_6_86.graph,4,0.05,221,998754.0,936185.7059872679,0.0626463513665348,221,0,221,8_POSSA
query_path_6_86.graph,5,0.05,221,998754.0,1027759.4570483924,0.029041642935490008,221,0,221,8_POSSA
query_path_6_86.graph,1,0.1,442,998754.0,966488.4107112081,0.03230584236838288,442,0,442,8_POSSA
query_path_6_86.graph,2,0.1,442,998754.0,998998.7689241093,0.0002450742866704799,442,0,442,8_POSSA
query_path_6_86.graph,3,0.1,442,998754.0,964621.6953150207,0.03417488659367498,442,0,442,8_POSSA
query_path_6_86.graph,4,0.1,442,998754.0,985594.2607543813,0.013176156736912886,442,0,442,8_POSSA
query_path_6_86.graph,5,0.1,442,998754.0,974453.2296542318,0.024331086880020697,442,0,442,8_POSSA
query_path_6_90.graph,1,0.01,34,917724.0,886626.9671493121,0.03388495108626107,34,0,34,8_POSSA
query_path_6_90.graph,2,0.01,34,917724.0,1216114.3230903633,0.32514167994992316,34,0,34,8_POSSA
query_path_6_90.graph,3,0.01,34,917724.0,729946.1357536742,0.20461256788133012,34,0,34,8_POSSA
query_path_6_90.graph,4,0.01,34,917724.0,762791.3384417868,0.1688227196392523,34,0,34,8_POSSA
query_path_6_90.graph,5,0.01,34,917724.0,994145.9656679023,0.08327336505082385,34,0,34,8_POSSA
query_path_6_90.graph,1,0.05,172,917724.0,971114.0537909813,0.058176590991388805,172,0,172,8_POSSA
query_path_6_90.graph,2,0.05,172,917724.0,911528.6957011503,0.006750727123677336,172,0,172,8_POSSA
query_path_6_90.graph,3,0.05,172,917724.0,1097829.2584502362,0.1962520958918326,172,0,172,8_POSSA
query_path_6_90.graph,4,0.05,172,917724.0,1032780.1904574491,0.12537123411553916,172,0,172,8_POSSA
query_path_6_90.graph,5,0.05,172,917724.0,981328.2768781511,0.06930654192126512,172,0,172,8_POSSA
query_path_6_90.graph,1,0.1,344,917724.0,955084.6556160583,0.040710121579100325,344,0,344,8_POSSA
query_path_6_90.graph,2,0.1,344,917724.0,917695.5645413906,3.098476078795875e-05,344,0,344,8_POSSA
query_path_6_90.graph,3,0.1,344,917724.0,928532.9393240252,0.011777984801558183,344,0,344,8_POSSA
query_path_6_90.graph,4,0.1,344,917724.0,935029.9687865728,0.018857487421678854,344,0,344,8_POSSA
query_path_6_90.graph,5,0.1,344,917724.0,953636.3407054043,0.039131962011894963,344,0,344,8_POSSA
query_path_6_89.graph,1,0.01,38,3999965.0,4637464.831794115,0.159376352491613,38,0,38,8_POSSA
query_path_6_89.graph,2,0.01,38,3999965.0,3456968.8990136757,0.13575021306094534,38,0,38,8_POSSA
query_path_6_89.graph,3,0.01,38,3999965.0,3299064.843582154,0.1752265723369695,38,0,38,8_POSSA
query_path_6_89.graph,4,0.01,38,3999965.0,4855345.957404322,0.2138471105132975,38,0,38,8_POSSA
query_path_6_89.graph,5,0.01,38,3999965.0,4044411.5200334536,0.011111727235976712,38,0,38,8_POSSA
query_path_6_89.graph,1,0.05,191,3999965.0,4121179.3733288846,0.030303858490982945,191,0,191,8_POSSA
query_path_6_89.graph,2,0.05,191,3999965.0,4042058.234650274,0.010523400742324947,191,0,191,8_POSSA
query_path_6_89.graph,3,0.05,191,3999965.0,4117243.9534676555,0.029319994916869388,191,0,191,8_POSSA
query_path_6_89.graph,4,0.05,191,3999965.0,3895413.486262084,0.026138107142916506,191,0,191,8_POSSA
query_path_6_89.graph,5,0.05,191,3999965.0,4401765.801283523,0.10045107926782446,191,0,191,8_POSSA
query_path_6_89.graph,1,0.1,382,3999965.0,4163234.220945185,0.04081766239084218,382,0,382,8_POSSA
query_path_6_89.graph,2,0.1,382,3999965.0,4045088.249083206,0.011280910978772579,382,0,382,8_POSSA
query_path_6_89.graph,3,0.1,382,3999965.0,4383235.482661741,0.09581845907695213,382,0,382,8_POSSA
query_path_6_89.graph,4,0.1,382,3999965.0,4349623.257578167,0.08741532927867297,382,0,382,8_POSSA
query_path_6_89.graph,5,0.1,382,3999965.0,4245859.663167917,0.06147420369126159,382,0,382,8_POSSA
query_path_6_92.graph,1,0.01,28,1509704.0,1451851.3932452688,0.0383204964381966,28,0,28,8_POSSA
query_path_6_92.graph,2,0.01,28,1509704.0,1740222.6849512178,0.15269131230441058,28,0,28,8_POSSA
query_path_6_92.graph,3,0.01,28,1509704.0,1373051.940470514,0.0905157961623511,28,0,28,8_POSSA
query_path_6_92.graph,4,0.01,28,1509704.0,1589565.094939294,0.05289851185351171,28,0,28,8_POSSA
query_path_6_92.graph,5,0.01,28,1509704.0,1431221.9030806157,0.0519850890766563,28,0,28,8_POSSA
query_path_6_92.graph,1,0.05,144,1509704.0,1412417.618704982,0.0644406991668684,144,0,144,8_POSSA
query_path_6_92.graph,2,0.05,144,1509704.0,1385810.0914350841,0.08206503298985489,144,0,144,8_POSSA
query_path_6_92.graph,3,0.05,144,1509704.0,1373345.9441897625,0.09032105353780445,144,0,144,8_POSSA
query_path_6_92.graph,4,0.05,144,1509704.0,1529279.7688749651,0.01296662715006726,144,0,144,8_POSSA
query_path_6_92.graph,5,0.05,144,1509704.0,1619102.5171640133,0.07246355389136767,144,0,144,8_POSSA
query_path_6_92.graph,1,0.1,288,1509704.0,1524045.2885783808,0.009499404239758808,288,0,288,8_POSSA
query_path_6_92.graph,2,0.1,288,1509704.0,1622251.8329418083,0.0745496024000786,288,0,288,8_POSSA
query_path_6_92.graph,3,0.1,288,1509704.0,1456361.4593266803,0.03533311210231921,288,0,288,8_POSSA
query_path_6_92.graph,4,0.1,288,1509704.0,1743475.8390724845,0.1548461414108226,288,0,288,8_POSSA
query_path_6_92.graph,5,0.1,288,1509704.0,1460488.0115040084,0.03259976028148005,288,0,288,8_POSSA
query_path_8_169.graph,1,0.01,14,116918.0,175409.3541559592,0.5002767251916661,14,0,14,8_POSSA
query_path_8_169.graph,2,0.01,14,116918.0,80331.25562415023,0.31292653291922345,14,0,14,8_POSSA
query_path_8_169.graph,3,0.01,14,116918.0,16853.577059942563,0.855851305530863,14,0,14,8_POSSA
query_path_8_169.graph,4,0.01,14,116918.0,73036.19241105045,0.37532123016943114,14,0,14,8_POSSA
query_path_8_169.graph,5,0.01,14,116918.0,140324.24128569098,0.20019365098351818,14,0,14,8_POSSA
query_path_8_169.graph,1,0.05,71,116918.0,128975.88453238505,0.10313112208885762,71,0,71,8_POSSA
query_path_8_169.graph,2,0.05,71,116918.0,118787.42623503455,0.01598920812051654,71,0,71,8_POSSA
query_path_8_169.graph,3,0.05,71,116918.0,114330.2486714453,0.022133044771161865,71,0,71,8_POSSA
query_path_8_169.graph,4,0.05,71,116918.0,99271.24734329236,0.15093272769554425,71,0,71,8_POSSA
query_path_8_169.graph,5,0.05,71,116918.0,116581.94015132837,0.002874320880203506,71,0,71,8_POSSA
query_path_8_169.graph,1,0.1,143,116918.0,118174.3317266311,0.010745408975787355,143,0,143,8_POSSA
query_path_8_169.graph,2,0.1,143,116918.0,113533.72273775519,0.02894573343920363,143,0,143,8_POSSA
query_path_8_169.graph,3,0.1,143,116918.0,133832.91746811467,0.14467333916176012,143,0,143,8_POSSA
query_path_8_169.graph,4,0.1,143,116918.0,115362.28035715618,0.013306074709145027,143,0,143,8_POSSA
query_path_8_169.graph,5,0.1,143,116918.0,114028.77624578259,0.024711539320014127,143,0,143,8_POSSA
query_path_6_95.graph,1,0.01,27,1643774.0,1027633.527047428,0.37483283769701436,27,0,27,8_POSSA
query_path_6_95.graph,2,0.01,27,1643774.0,1633201.6636570601,0.006431745691889441,27,0,27,8_POSSA
query_path_6_95.graph,3,0.01,27,1643774.0,879958.1606667505,0.46467205305184867,27,0,27,8_POSSA
query_path_6_95.graph,4,0.01,27,1643774.0,811146.1903663456,0.5065342374521403,27,0,27,8_POSSA
query_path_6_95.graph,5,0.01,27,1643774.0,660982.7819401008,0.5978870684533879,27,0,27,8_POSSA
query_path_6_95.graph,1,0.05,137,1643774.0,1694332.2067061376,0.030757395302600982,137,0,137,8_POSSA
query_path_6_95.graph,2,0.05,137,1643774.0,1585540.8505805773,0.03542649379989143,137,0,137,8_POSSA
query_path_6_95.graph,3,0.05,137,1643774.0,1581542.6560494541,0.037858819978017585,137,0,137,8_POSSA
query_path_6_95.graph,4,0.05,137,1643774.0,1705272.2393087181,0.03741283127042898,137,0,137,8_POSSA
query_path_6_95.graph,5,0.05,137,1643774.0,1631597.2638676395,0.0074077921492617166,137,0,137,8_POSSA
query_path_6_95.graph,1,0.1,275,1643774.0,1741968.0572799793,0.059736957318937606,275,0,275,8_POSSA
query_path_6_95.graph,2,0.1,275,1643774.0,1673373.3531653243,0.01800694813601159,275,0,275,8_POSSA
query_path_6_95.graph,3,0.1,275,1643774.0,1639896.1087021101,0.002359138967941988,275,0,275,8_POSSA
query_path_6_95.graph,4,0.1,275,1643774.0,1617483.6454557325,0.0159938985190589,275,0,275,8_POSSA
query_path_6_95.graph,5,0.1,275,1643774.0,1657508.1945819966,0.00835528155451823,275,0,275,8_POSSA
query_path_6_94.graph,1,0.01,40,1657561.0,1615802.3587435337,0.025192823224283314,40,0,40,8_POSSA
query_path_6_94.graph,2,0.01,40,1657561.0,1712687.0309795449,0.033257316611301095,40,0,40,8_POSSA
query_path_6_94.graph,3,0.01,40,1657561.0,1540759.2441076175,0.07046603768572166,40,0,40,8_POSSA
query_path_6_94.graph,4,0.01,40,1657561.0,2002371.092961017,0.2080225662651432,40,0,40,8_POSSA
query_path_6_94.graph,5,0.01,40,1657561.0,1052593.6552053033,0.364974408057801,40,0,40,8_POSSA
query_path_6_94.graph,1,0.05,203,1657561.0,1741757.6073327514,0.05079548042741799,203,0,203,8_POSSA
query_path_6_94.graph,2,0.05,203,1657561.0,1558716.2463065558,0.05963264923187997,203,0,203,8_POSSA
query_path_6_94.graph,3,0.05,203,1657561.0,1503563.4469724575,0.09290611508568465,203,0,203,8_POSSA
query_path_6_94.graph,4,0.05,203,1657561.0,1564556.1171218427,0.056109478250367446,203,0,203,8_POSSA
query_path_6_94.graph,5,0.05,203,1657561.0,1681675.4484583726,0.014548151445631633,203,0,203,8_POSSA
query_path_6_94.graph,1,0.1,406,1657561.0,1589043.981362483,0.04133604653917231,406,0,406,8_POSSA
query_path_6_94.graph,2,0.1,406,1657561.0,1677497.5345806167,0.012027632515857182,406,0,406,8_POSSA
query_path_6_94.graph,3,0.1,406,1657561.0,1614909.6452467125,0.02573139374857849,406,0,406,8_POSSA
query_path_6_94.graph,4,0.1,406,1657561.0,1590890.1357903732,0.040222268869517804,406,0,406,8_POSSA
query_path_6_94.graph,5,0.1,406,1657561.0,1627608.0856420444,0.01807047484705273,406,0,406,8_POSSA
query_path_6_93.graph,1,0.01,48,1430349.0,1257904.2357991466,0.12056132048951229,48,0,48,8_POSSA
query_path_6_93.graph,2,0.01,48,1430349.0,1492901.1572254207,0.0437320942129653,48,0,48,8_POSSA
query_path_6_93.graph,3,0.01,48,1430349.0,2458188.041043693,0.7185931832326888,48,0,48,8_POSSA
query_path_6_93.graph,4,0.01,48,1430349.0,1344609.1037343133,0.05994333988815787,48,0,48,8_POSSA
query_path_6_93.graph,5,0.01,48,1430349.0,1446238.178708138,0.011108602661404975,48,0,48,8_POSSA
query_path_6_93.graph,1,0.05,242,1430349.0,1435231.6887100576,0.003413634511617544,242,0,242,8_POSSA
query_path_6_93.graph,2,0.05,242,1430349.0,1411628.9039294734,0.013087782122074147,242,0,242,8_POSSA
query_path_6_93.graph,3,0.05,242,1430349.0,1360512.1904170203,0.04882501374348474,242,0,242,8_POSSA
query_path_6_93.graph,4,0.05,242,1430349.0,1485919.4881970582,0.038850999439338375,242,0,242,8_POSSA
query_path_6_93.graph,5,0.05,242,1430349.0,1458919.7919398332,0.01997469983887373,242,0,242,8_POSSA
query_path_6_93.graph,1,0.1,484,1430349.0,1497559.9636695627,0.04698920589979279,484,0,484,8_POSSA
query_path_6_93.graph,2,0.1,484,1430349.0,1429090.7500917483,0.0008796803495172772,484,0,484,8_POSSA
query_path_6_93.graph,3,0.1,484,1430349.0,1468294.696532595,0.026528977566031068,484,0,484,8_POSSA
query_path_6_93.graph,4,0.1,484,1430349.0,1450173.9607377406,0.013860226236911846,484,0,484,8_POSSA
query_path_6_93.graph,5,0.1,484,1430349.0,1416344.5512543747,0.009790931266163242,484,0,484,8_POSSA
query_path_8_179.graph,1,0.01,24,809416.0,738132.4068344618,0.08806793189847761,24,0,24,8_POSSA
query_path_8_179.graph,2,0.01,24,809416.0,857369.3626393364,0.05924439674942969,24,0,24,8_POSSA
query_path_8_179.graph,3,0.01,24,809416.0,749521.1280097794,0.07399763779097598,24,0,24,8_POSSA
query_path_8_179.graph,4,0.01,24,809416.0,764585.3108176759,0.05538646281062408,24,0,24,8_POSSA
query_path_8_179.graph,5,0.01,24,809416.0,526026.9913740081,0.35011540249512224,24,0,24,8_POSSA
query_path_8_179.graph,1,0.05,124,809416.0,819974.0727535677,0.013044062328354906,124,0,124,8_POSSA
query_path_8_179.graph,2,0.05,124,809416.0,895494.1801458877,0.10634603238123247,124,0,124,8_POSSA
query_path_8_179.graph,3,0.05,124,809416.0,823098.3708474278,0.0169040034388099,124,0,124,8_POSSA
query_path_8_179.graph,4,0.05,124,809416.0,844306.3900110961,0.0431056341993439,124,0,124,8_POSSA
query_path_8_179.graph,5,0.05,124,809416.0,774773.0314655869,0.04279995519536696,124,0,124,8_POSSA
query_path_8_179.graph,1,0.1,249,809416.0,804722.8343853466,0.005798212062342947,249,0,249,8_POSSA
query_path_8_179.graph,2,0.1,249,809416.0,796591.2340118384,0.015844468095715374,249,0,249,8_POSSA
query_path_8_179.graph,3,0.1,249,809416.0,792363.1455506037,0.02106809656517323,249,0,249,8_POSSA
query_path_8_179.graph,4,0.1,249,809416.0,820417.4302213979,0.013591812147768138,249,0,249,8_POSSA
query_path_8_179.graph,5,0.1,249,809416.0,804764.0025947301,0.00574735044188635,249,0,249,8_POSSA
query_path_6_91.graph,1,0.01,59,1972571.0,1754636.1773375834,0.11048262529582793,59,0,59,8_POSSA
query_path_6_91.graph,2,0.01,59,1972571.0,1520898.7318853172,0.22897643132474457,59,0,59,8_POSSA
query_path_6_91.graph,3,0.01,59,1972571.0,2285523.7958765174,0.1586522340014719,59,0,59,8_POSSA
query_path_6_91.graph,4,0.01,59,1972571.0,2349750.1308571515,0.19121194160167188,59,0,59,8_POSSA
query_path_6_91.graph,5,0.01,59,1972571.0,1580835.9907021562,0.19859108204360898,59,0,59,8_POSSA
query_path_6_91.graph,1,0.05,295,1972571.0,1942101.4670615331,0.015446608988202135,295,0,295,8_POSSA
query_path_6_91.graph,2,0.05,295,1972571.0,2090133.6934695044,0.05959871328814241,295,0,295,8_POSSA
query_path_6_91.graph,3,0.05,295,1972571.0,2035799.0367587113,0.032053617719570715,295,0,295,8_POSSA
query_path_6_91.graph,4,0.05,295,1972571.0,2076976.6565855471,0.0529287192124122,295,0,295,8_POSSA
query_path_6_91.graph,5,0.05,295,1972571.0,2021374.5542598497,0.024741088792165,295,0,295,8_POSSA
query_path_6_91.graph,1,0.1,590,1972571.0,1964276.384955849,0.004204976674680388,590,0,590,8_POSSA
query_path_6_91.graph,2,0.1,590,1972571.0,1990441.6126720316,0.009059553583638623,590,0,590,8_POSSA
query_path_6_91.graph,3,0.1,590,1972571.0,1947388.8574681017,0.01276615266669658,590,0,590,8_POSSA
query_path_6_91.graph,4,0.1,590,1972571.0,1973481.4006779776,0.00046152999206497283,590,0,590,8_POSSA
query_path_6_91.graph,5,0.1,590,1972571.0,1929452.135558289,0.021859220500408345,590,0,590,8_POSSA
query_path_6_96.graph,1,0.01,37,3999965.0,3889696.5968388612,0.02756734200452723,37,0,37,8_POSSA
query_path_6_96.graph,2,0.01,37,3999965.0,3372779.6157890987,0.15679771803275813,37,0,37,8_POSSA
query_path_6_96.graph,3,0.01,37,3999965.0,4331310.3308314625,0.08283705753211903,37,0,37,8_POSSA
query_path_6_96.graph,4,0.01,37,3999965.0,4060772.9610444773,0.015202123279698021,37,0,37,8_POSSA
query_path_6_96.graph,5,0.01,37,3999965.0,6556717.779596169,0.6391937878446857,37,0,37,8_POSSA
query_path_6_96.graph,1,0.05,189,3999965.0,4200352.7076367205,0.05009736526112616,189,0,189,8_POSSA
query_path_6_96.graph,2,0.05,189,3999965.0,3908599.5546007873,0.02284156121346378,189,0,189,8_POSSA
query_path_6_96.graph,3,0.05,189,3999965.0,4055340.655625346,0.013844035041643143,189,0,189,8_POSSA
query_path_6_96.graph,4,0.05,189,3999965.0,3585009.353760877,0.10373981928319943,189,0,189,8_POSSA
query_path_6_96.graph,5,0.05,189,3999965.0,3888510.0404916364,0.027863983686948167,189,0,189,8_POSSA
query_path_6_96.graph,1,0.1,378,3999965.0,3934368.302977132,0.016399317749747275,378,0,378,8_POSSA
query_path_6_96.graph,2,0.1,378,3999965.0,3812226.418708246,0.04693505600467849,378,0,378,8_POSSA
query_path_6_96.graph,3,0.1,378,3999965.0,3909430.8789489977,0.022633728307873267,378,0,378,8_POSSA
query_path_6_96.graph,4,0.1,378,3999965.0,3797178.961533837,0.05069695321488137,378,0,378,8_POSSA
query_path_6_96.graph,5,0.1,378,3999965.0,3920382.7780621187,0.019895729572104084,378,0,378,8_POSSA
query_path_8_254.graph,1,0.01,19,470730.0,631885.9753827237,0.34235331375252,19,0,19,8_POSSA
query_path_8_254.graph,2,0.01,19,470730.0,715914.442032492,0.5208600302349373,19,0,19,8_POSSA
query_path_8_254.graph,3,0.01,19,470730.0,244990.18665396,0.4795526381280989,19,0,19,8_POSSA
query_path_8_254.graph,4,0.01,19,470730.0,307324.69128822745,0.3471317075856065,19,0,19,8_POSSA
query_path_8_254.graph,5,0.01,19,470730.0,552224.8946906084,0.17312449746268216,19,0,19,8_POSSA
query_path_8_254.graph,1,0.05,95,470730.0,456623.5714192727,0.02996713313518856,95,0,95,8_POSSA
query_path_8_254.graph,2,0.05,95,470730.0,536568.5843059447,0.1398648573618523,95,0,95,8_POSSA
query_path_8_254.graph,3,0.05,95,470730.0,494657.6762182882,0.05083099912537589,95,0,95,8_POSSA
query_path_8_254.graph,4,0.05,95,470730.0,516157.10107550095,0.09650351810061171,95,0,95,8_POSSA
query_path_8_254.graph,5,0.05,95,470730.0,488782.0921677993,0.03834914317719139,95,0,95,8_POSSA
query_path_8_254.graph,1,0.1,190,470730.0,463702.4067219448,0.014929138312950514,190,0,190,8_POSSA
query_path_8_254.graph,2,0.1,190,470730.0,476461.8015775151,0.012176410208644201,190,0,190,8_POSSA
query_path_8_254.graph,3,0.1,190,470730.0,485733.2706924981,0.031872348676519606,190,0,190,8_POSSA
query_path_8_254.graph,4,0.1,190,470730.0,499140.07652744936,0.0603532312099279,190,0,190,8_POSSA
query_path_8_254.graph,5,0.1,190,470730.0,459346.3028153967,0.02418307136703272,190,0,190,8_POSSA
query_path_8_185.graph,1,0.01,25,809416.0,732745.6365127403,0.09472306389700688,25,0,25,8_POSSA
query_path_8_185.graph,2,0.01,25,809416.0,880130.3664976226,0.0873646758868401,25,0,25,8_POSSA
query_path_8_185.graph,3,0.01,25,809416.0,853142.878036655,0.05402274978089761,25,0,25,8_POSSA
query_path_8_185.graph,4,0.01,25,809416.0,753562.7373745311,0.0690043965346236,25,0,25,8_POSSA
query_path_8_185.graph,5,0.01,25,809416.0,653539.9652081914,0.19257839577152983,25,0,25,8_POSSA
query_path_8_185.graph,1,0.05,127,809416.0,894084.5605308822,0.10460450563231047,127,0,127,8_POSSA
query_path_8_185.graph,2,0.05,127,809416.0,828725.7668631412,0.023856418532795506,127,0,127,8_POSSA
query_path_8_185.graph,3,0.05,127,809416.0,771526.9896333765,0.046810305660653515,127,0,127,8_POSSA
query_path_8_185.graph,4,0.05,127,809416.0,911532.0782129585,0.12616019230279427,127,0,127,8_POSSA
query_path_8_185.graph,5,0.05,127,809416.0,887585.7308757573,0.09657547030915782,127,0,127,8_POSSA
query_path_8_185.graph,1,0.1,254,809416.0,797373.4485211126,0.014878074412770989,254,0,254,8_POSSA
query_path_8_185.graph,2,0.1,254,809416.0,801952.6353473426,0.00922067843069252,254,0,254,8_POSSA
query_path_8_185.graph,3,0.1,254,809416.0,840403.7039069333,0.038284026887204246,254,0,254,8_POSSA
query_path_8_185.graph,4,0.1,254,809416.0,784552.5246817251,0.030717795692542432,254,0,254,8_POSSA
query_path_8_185.graph,5,0.1,254,809416.0,792427.0924809033,0.02098909277688697,254,0,254,8_POSSA
query_path_8_275.graph,1,0.01,19,1322596.0,1616330.019564393,0.22208899736910817,19,0,19,8_POSSA
query_path_8_275.graph,2,0.01,19,1322596.0,840347.1856973656,0.3646229190944434,19,0,19,8_POSSA
query_path_8_275.graph,3,0.01,19,1322596.0,1999175.200764371,0.5115539444882421,19,0,19,8_POSSA
query_path_8_275.graph,4,0.01,19,1322596.0,830203.2181558965,0.37229265916735227,19,0,19,8_POSSA
query_path_8_275.graph,5,0.01,19,1322596.0,1017867.4703098696,0.23040182314942007,19,0,19,8_POSSA
query_path_8_275.graph,1,0.05,98,1322596.0,1362700.6727814598,0.03032269323471397,98,0,98,8_POSSA
query_path_8_275.graph,2,0.05,98,1322596.0,1408020.617919139,0.06458859539809518,98,0,98,8_POSSA
query_path_8_275.graph,3,0.05,98,1322596.0,1116218.5648660194,0.156039663762767,98,0,98,8_POSSA
query_path_8_275.graph,4,0.05,98,1322596.0,1329172.7385140571,0.004972598219000457,98,0,98,8_POSSA
query_path_8_275.graph,5,0.05,98,1322596.0,1409218.2188292854,0.06549408801273053,98,0,98,8_POSSA
query_path_8_275.graph,1,0.1,196,1322596.0,1263221.9579020499,0.0448920472298042,196,0,196,8_POSSA
query_path_8_275.graph,2,0.1,196,1322596.0,1432349.2930278806,0.08298323375231786,196,0,196,8_POSSA
query_path_8_275.graph,3,0.1,196,1322596.0,1364941.6361605604,0.03201706050869685,196,0,196,8_POSSA
query_path_8_275.graph,4,0.1,196,1322596.0,1287455.8909354126,0.02656904229605064,196,0,196,8_POSSA
query_path_8_275.graph,5,0.1,196,1322596.0,1259008.2677559243,0.048077971084197854,196,0,196,8_POSSA
query_path_8_209.graph,1,0.01,23,1970878.0,2376068.7043979582,0.2055889326472558,23,0,23,8_POSSA
query_path_8_209.graph,2,0.01,23,1970878.0,2427081.5440786676,0.23147223931601432,23,0,23,8_POSSA
query_path_8_209.graph,3,0.01,23,1970878.0,3308725.9543060903,0.6788081019251776,23,0,23,8_POSSA
query_path_8_209.graph,4,0.01,23,1970878.0,1866888.9860798134,0.05276278588537015,23,0,23,8_POSSA
query_path_8_209.graph,5,0.01,23,1970878.0,1090695.6219684873,0.44659404490359766,23,0,23,8_POSSA
query_path_8_209.graph,1,0.05,118,1970878.0,1830281.1700084612,0.07133715531430092,118,0,118,8_POSSA
query_path_8_209.graph,2,0.05,118,1970878.0,1841709.4350015328,0.0655385899068675,118,0,118,8_POSSA
query_path_8_209.graph,3,0.05,118,1970878.0,1746008.0871397697,0.11409631284139876,118,0,118,8_POSSA
query_path_8_209.graph,4,0.05,118,1970878.0,2031058.6546496975,0.03053494668350729,118,0,118,8_POSSA
query_path_8_209.graph,5,0.05,118,1970878.0,1812735.393756325,0.08023967300039632,118,0,118,8_POSSA
query_path_8_209.graph,1,0.1,236,1970878.0,1910601.352583984,0.030583652268692474,236,0,236,8_POSSA
query_path_8_209.graph,2,0.1,236,1970878.0,1862627.6235590247,0.054924950423605796,236,0,236,8_POSSA
query_path_8_209.graph,3,0.1,236,1970878.0,2031760.8722212825,0.030891243507351774,236,0,236,8_POSSA
query_path_8_209.graph,4,0.1,236,1970878.0,1890180.0191084435,0.040945193406977234,236,0,236,8_POSSA
query_path_8_209.graph,5,0.1,236,1970878.0,1920974.0991055802,0.025320644349584174,236,0,236,8_POSSA
query_path_8_221.graph,1,0.01,23,1970878.0,2575846.8039902947,0.30695395858611985,23,0,23,8_POSSA
query_path_8_221.graph,2,0.01,23,1970878.0,1226661.823678394,0.3776064151721243,23,0,23,8_POSSA
query_path_8_221.graph,3,0.01,23,1970878.0,2677347.4315547943,0.3584541669016521,23,0,23,8_POSSA
query_path_8_221.graph,4,0.01,23,1970878.0,1945215.1317434171,0.013021033395564251,23,0,23,8_POSSA
query_path_8_221.graph,5,0.01,23,1970878.0,1848398.4977610847,0.062144639211009156,23,0,23,8_POSSA
query_path_8_221.graph,1,0.05,117,1970878.0,2061158.558811558,0.045807279198183726,117,0,117,8_POSSA
query_path_8_221.graph,2,0.05,117,1970878.0,2159339.368072902,0.09562305128622972,117,0,117,8_POSSA
query_path_8_221.graph,3,0.05,117,1970878.0,2196326.4934024867,0.11438987771058719,117,0,117,8_POSSA
query_path_8_221.graph,4,0.05,117,1970878.0,1983379.0950374203,0.006342906581442525,117,0,117,8_POSSA
query_path_8_221.graph,5,0.05,117,1970878.0,2446474.00994979,0.24131174529818175,117,0,117,8_POSSA
query_path_8_221.graph,1,0.1,235,1970878.0,2058448.6455306814,0.04443230150759274,235,0,235,8_POSSA
query_path_8_221.graph,2,0.1,235,1970878.0,1971012.7723818112,6.838189974781286e-05,235,0,235,8_POSSA
query_path_8_221.graph,3,0.1,235,1970878.0,1947738.3524231692,0.011740781304997476,235,0,235,8_POSSA
query_path_8_221.graph,4,0.1,235,1970878.0,2152957.660973412,0.09238504918793146,235,0,235,8_POSSA
query_path_8_221.graph,5,0.1,235,1970878.0,1949025.6333526657,0.011087630308590538,235,0,235,8_POSSA
query_path_8_295.graph,1,0.01,22,406518.0,186167.6084746059,0.5420433819053377,22,0,22,8_POSSA
query_path_8_295.graph,2,0.01,22,406518.0,328149.9837114468,0.19277871161560667,22,0,22,8_POSSA
query_path_8_295.graph,3,0.01,22,406518.0,435223.2562195251,0.07061250970319918,22,0,22,8_POSSA
query_path_8_295.graph,4,0.01,22,406518.0,420324.76679791097,0.03396348205469615,22,0,22,8_POSSA
query_path_8_295.graph,5,0.01,22,406518.0,238957.7979352848,0.4121839674127965,22,0,22,8_POSSA
query_path_8_295.graph,1,0.05,111,406518.0,418078.7896926802,0.028438567769890084,111,0,111,8_POSSA
query_path_8_295.graph,2,0.05,111,406518.0,402232.51035418897,0.010541943150883923,111,0,111,8_POSSA
query_path_8_295.graph,3,0.05,111,406518.0,413285.913539915,0.016648496597727522,111,0,111,8_POSSA
query_path_8_295.graph,4,0.05,111,406518.0,350161.8980505135,0.1386312585161948,111,0,111,8_POSSA
query_path_8_295.graph,5,0.05,111,406518.0,395196.8564489651,0.027849058469821535,111,0,111,8_POSSA
query_path_8_295.graph,1,0.1,223,406518.0,437512.25155129476,0.07624324519773973,223,0,223,8_POSSA
query_path_8_295.graph,2,0.1,223,406518.0,381076.1789808965,0.06258473430230277,223,0,223,8_POSSA
query_path_8_295.graph,3,0.1,223,406518.0,388933.2017403295,0.04325712086468618,223,0,223,8_POSSA
query_path_8_295.graph,4,0.1,223,406518.0,395261.19197777455,0.02769079849410223,223,0,223,8_POSSA
query_path_8_295.graph,5,0.1,223,406518.0,421989.2340190466,0.038057931060977844,223,0,223,8_POSSA
query_path_6_99.graph,1,0.01,41,1657561.0,1379092.6193876853,0.16799887341239006,41,0,41,8_POSSA
query_path_6_99.graph,2,0.01,41,1657561.0,1744227.9571420106,0.05228583270359918,41,0,41,8_POSSA
query_path_6_99.graph,3,0.01,41,1657561.0,1670270.6463446366,0.0076676794064511455,41,0,41,8_POSSA
query_path_6_99.graph,4,0.01,41,1657561.0,2234993.838821141,0.3483629494306038,41,0,41,8_POSSA
query_path_6_99.graph,5,0.01,41,1657561.0,1793731.9751192955,0.08215141109093152,41,0,41,8_POSSA
query_path_6_99.graph,1,0.05,206,1657561.0,1636185.2848661756,0.012895884455428419,206,0,206,8_POSSA
query_path_6_99.graph,2,0.05,206,1657561.0,1601237.3211504468,0.03397985283772557,206,0,206,8_POSSA
query_path_6_99.graph,3,0.05,206,1657561.0,1682707.181385343,0.015170591842679071,206,0,206,8_POSSA
query_path_6_99.graph,4,0.05,206,1657561.0,1598285.581426703,0.035760625746682685,206,0,206,8_POSSA
query_path_6_99.graph,5,0.05,206,1657561.0,1763380.8326806098,0.06384068681672034,206,0,206,8_POSSA
query_path_6_99.graph,1,0.1,413,1657561.0,1663958.2803542055,0.0038594539532515056,413,0,413,8_POSSA
query_path_6_99.graph,2,0.1,413,1657561.0,1673490.1799707324,0.009610011318275722,413,0,413,8_POSSA
query_path_6_99.graph,3,0.1,413,1657561.0,1652691.1714938183,0.0029379482903987937,413,0,413,8_POSSA
query_path_6_99.graph,4,0.1,413,1657561.0,1720319.295472662,0.037861831614439505,413,0,413,8_POSSA
query_path_6_99.graph,5,0.1,413,1657561.0,1718313.1763199354,0.036651547858531516,413,0,413,8_POSSA
query_path_8_280.graph,1,0.01,23,1970878.0,1930942.9851871151,0.02026255040285845,23,0,23,8_POSSA
query_path_8_280.graph,2,0.01,23,1970878.0,1647397.5773676408,0.164130109845642,23,0,23,8_POSSA
query_path_8_280.graph,3,0.01,23,1970878.0,1224757.9253435587,0.37857243048856465,23,0,23,8_POSSA
query_path_8_280.graph,4,0.01,23,1970878.0,2550490.4925527875,0.2940884684657232,23,0,23,8_POSSA
query_path_8_280.graph,5,0.01,23,1970878.0,1200055.6580499741,0.3911060664079795,23,0,23,8_POSSA
query_path_8_280.graph,1,0.05,118,1970878.0,1725263.5471201811,0.12462184512680077,118,0,118,8_POSSA
query_path_8_280.graph,2,0.05,118,1970878.0,2322528.9146553944,0.17842348164391422,118,0,118,8_POSSA
query_path_8_280.graph,3,0.05,118,1970878.0,1701269.0799650976,0.13679635169447443,118,0,118,8_POSSA
query_path_8_280.graph,4,0.05,118,1970878.0,1921496.780534087,0.025055442024271932,118,0,118,8_POSSA
query_path_8_280.graph,5,0.05,118,1970878.0,1953510.6006826279,0.00881201135604138,118,0,118,8_POSSA
query_path_8_280.graph,1,0.1,236,1970878.0,1892212.3638017983,0.03991400593958717,236,0,236,8_POSSA
query_path_8_280.graph,2,0.1,236,1970878.0,1892861.962609163,0.03958440724937667,236,0,236,8_POSSA
query_path_8_280.graph,3,0.1,236,1970878.0,1977841.2232703653,0.0035330564704488406,236,0,236,8_POSSA
query_path_8_280.graph,4,0.1,236,1970878.0,1793926.024779385,0.08978332257025298,236,0,236,8_POSSA
query_path_8_280.graph,5,0.1,236,1970878.0,1933960.0021253414,0.018731751977879175,236,0,236,8_POSSA
query_path_6_98.graph,1,0.01,41,581304.0,679073.8341080388,0.16819054076359152,41,0,41,8_POSSA
query_path_6_98.graph,2,0.01,41,581304.0,683003.6066472142,0.1749508117047434,41,0,41,8_POSSA
query_path_6_98.graph,3,0.01,41,581304.0,562057.3098569227,0.033109509212180345,41,0,41,8_POSSA
query_path_6_98.graph,4,0.01,41,581304.0,392260.9976288408,0.32520506029746776,41,0,41,8_POSSA
query_path_6_98.graph,5,0.01,41,581304.0,476085.44630522054,0.181004351758769,41,0,41,8_POSSA
query_path_6_98.graph,1,0.05,207,581304.0,582170.7105846354,0.0014909764677954749,207,0,207,8_POSSA
query_path_6_98.graph,2,0.05,207,581304.0,631813.2047256741,0.08688948420391761,207,0,207,8_POSSA
query_path_6_98.graph,3,0.05,207,581304.0,558332.5868711508,0.03951703949886674,207,0,207,8_POSSA
query_path_6_98.graph,4,0.05,207,581304.0,568821.0780081025,0.021473999820915586,207,0,207,8_POSSA
query_path_6_98.graph,5,0.05,207,581304.0,543489.5205663303,0.06505112545874397,207,0,207,8_POSSA
query_path_6_98.graph,1,0.1,414,581304.0,604382.9932416042,0.039702106370512136,414,0,414,8_POSSA
query_path_6_98.graph,2,0.1,414,581304.0,578779.4828059603,0.004342851922642291,414,0,414,8_POSSA
query_path_6_98.graph,3,0.1,414,581304.0,619255.158384216,0.06528625019648242,414,0,414,8_POSSA
query_path_6_98.graph,4,0.1,414,581304.0,563175.5839860857,0.03118577545297173,414,0,414,8_POSSA
query_path_6_98.graph,5,0.1,414,581304.0,569882.2429291772,0.019648509335601954,414,0,414,8_POSSA
query_star_4_10.graph,1,0.01,27,2440.0,3003.8477062579586,0.23108512551555682,27,0,27,8_POSSA
query_star_4_10.graph,2,0.01,27,2440.0,2575.3786198333037,0.05548304091528839,27,0,27,8_POSSA
query_star_4_10.graph,3,0.01,27,2440.0,3864.7251613333465,0.5839037546448141,27,0,27,8_POSSA
query_star_4_10.graph,4,0.01,27,2440.0,2038.3052160273776,0.16462900982484524,27,0,27,8_POSSA
query_star_4_10.graph,5,0.01,27,2440.0,1258.755402210445,0.4841166384383422,27,0,27,8_POSSA
query_star_4_10.graph,1,0.05,135,2440.0,2091.6779770859835,0.14275492742377727,135,0,135,8_POSSA
query_star_4_10.graph,2,0.05,135,2440.0,2388.6100994292606,0.02106143466013911,135,0,135,8_POSSA
query_star_4_10.graph,3,0.05,135,2440.0,2862.4904112491267,0.17315180788898638,135,0,135,8_POSSA
query_star_4_10.graph,4,0.05,135,2440.0,2516.6717382178103,0.03142284353188948,135,0,135,8_POSSA
query_star_4_10.graph,5,0.05,135,2440.0,2149.494535448479,0.11905961661947585,135,0,135,8_POSSA
query_star_4_10.graph,1,0.1,271,2440.0,2125.0795654458716,0.12906575186644606,271,0,271,8_POSSA
query_star_4_10.graph,2,0.1,271,2440.0,2810.6681952617464,0.15191319477940426,271,0,271,8_POSSA
query_star_4_10.graph,3,0.1,271,2440.0,2155.0988525216376,0.1167627653599846,271,0,271,8_POSSA
query_star_4_10.graph,4,0.1,271,2440.0,2830.0049917368315,0.15983811136755388,271,0,271,8_POSSA
query_star_4_10.graph,5,0.1,271,2440.0,2416.6953775367065,0.00955107478003833,271,0,271,8_POSSA
query_star_4_9.graph,1,0.01,26,2440.0,1397.1102475465996,0.4274138329727051,26,0,26,8_POSSA
query_star_4_9.graph,2,0.01,26,2440.0,869.9213652149119,0.6434748503217574,26,0,26,8_POSSA
query_star_4_9.graph,3,0.01,26,2440.0,2603.0127986378693,0.06680852403191365,26,0,26,8_POSSA
query_star_4_9.graph,4,0.01,26,2440.0,2176.3334976908245,0.10806004192998996,26,0,26,8_POSSA
query_star_4_9.graph,5,0.01,26,2440.0,2836.9974042357167,0.16270385419496583,26,0,26,8_POSSA
query_star_4_9.graph,1,0.05,134,2440.0,2388.3796945983772,0.02115586286951753,134,0,134,8_POSSA
query_star_4_9.graph,2,0.05,134,2440.0,2562.4048549134877,0.05016592414487202,134,0,134,8_POSSA
query_star_4_9.graph,3,0.05,134,2440.0,1973.5553786065107,0.19116582843995464,134,0,134,8_POSSA
query_star_4_9.graph,4,0.05,134,2440.0,2506.1506164422653,0.0271109083779776,134,0,134,8_POSSA
query_star_4_9.graph,5,0.05,134,2440.0,2215.208749313132,0.09212756175691307,134,0,134,8_POSSA
query_star_4_9.graph,1,0.1,268,2440.0,2334.7025128706373,0.04315470783990275,268,0,268,8_POSSA
query_star_4_9.graph,2,0.1,268,2440.0,2469.528506765287,0.012101847034953749,268,0,268,8_POSSA
query_star_4_9.graph,3,0.1,268,2440.0,2457.6903189574605,0.007250130720270687,268,0,268,8_POSSA
query_star_4_9.graph,4,0.1,268,2440.0,2212.6826947726577,0.09316283001120587,268,0,268,8_POSSA
query_star_4_9.graph,5,0.1,268,2440.0,2255.295388118301,0.07569861142692576,268,0,268,8_POSSA
query_star_4_8.graph,1,0.01,27,2440.0,2229.3150087968074,0.08634630787016088,27,0,27,8_POSSA
query_star_4_8.graph,2,0.01,27,2440.0,1893.8967372603654,0.2238128125982109,27,0,27,8_POSSA
query_star_4_8.graph,3,0.01,27,2440.0,1818.6579981394639,0.25464836141825253,27,0,27,8_POSSA
query_star_4_8.graph,4,0.01,27,2440.0,2443.14201990583,0.0012877130761597476,27,0,27,8_POSSA
query_star_4_8.graph,5,0.01,27,2440.0,2821.4702315288137,0.15634025882328428,27,0,27,8_POSSA
query_star_4_8.graph,1,0.05,136,2440.0,2069.7073550866726,0.15175928070218336,136,0,136,8_POSSA
query_star_4_8.graph,2,0.05,136,2440.0,2102.8153703642693,0.13819042198185685,136,0,136,8_POSSA
query_star_4_8.graph,3,0.05,136,2440.0,2128.3763993932744,0.12771459041259248,136,0,136,8_POSSA
query_star_4_8.graph,4,0.05,136,2440.0,3246.694898885613,0.33061266347771023,136,0,136,8_POSSA
query_star_4_8.graph,5,0.05,136,2440.0,1968.5602177548467,0.19321302551030872,136,0,136,8_POSSA
query_star_4_8.graph,1,0.1,272,2440.0,2122.7366701535902,0.13002595485508597,272,0,272,8_POSSA
query_star_4_8.graph,2,0.1,272,2440.0,2141.0234049412184,0.12253139141753346,272,0,272,8_POSSA
query_star_4_8.graph,3,0.1,272,2440.0,2217.2927175663544,0.09127347640723178,272,0,272,8_POSSA
query_star_4_8.graph,4,0.1,272,2440.0,2126.947005269281,0.12830040767652423,272,0,272,8_POSSA
query_star_4_8.graph,5,0.1,272,2440.0,2410.460284061296,0.012106440958485214,272,0,272,8_POSSA
query_path_8_7.graph,1,0.01,46,609320.0,485280.6347530376,0.20357015237799908,46,0,46,8_POSSA
query_path_8_7.graph,2,0.01,46,609320.0,793881.2142892802,0.3028970233855449,46,0,46,8_POSSA
query_path_8_7.graph,3,0.01,46,609320.0,570552.2715075278,0.06362457902657422,46,0,46,8_POSSA
query_path_8_7.graph,4,0.01,46,609320.0,725303.4206309916,0.1903489474020081,46,0,46,8_POSSA
query_path_8_7.graph,5,0.01,46,609320.0,616867.9544732517,0.01238750487962271,46,0,46,8_POSSA
query_path_8_7.graph,1,0.05,230,609320.0,591045.5796051349,0.0299914993679267,230,0,230,8_POSSA
query_path_8_7.graph,2,0.05,230,609320.0,663094.6035479382,0.08825346869943243,230,0,230,8_POSSA
query_path_8_7.graph,3,0.05,230,609320.0,611535.5583661286,0.0036361162708077738,230,0,230,8_POSSA
query_path_8_7.graph,4,0.05,230,609320.0,687695.7645943253,0.12862824885827698,230,0,230,8_POSSA
query_path_8_7.graph,5,0.05,230,609320.0,630357.7075520651,0.03452653376233365,230,0,230,8_POSSA
query_path_8_7.graph,1,0.1,460,609320.0,612262.7201251825,0.004829515074480621,460,0,460,8_POSSA
query_path_8_7.graph,2,0.1,460,609320.0,618460.0332696051,0.015000382835956696,460,0,460,8_POSSA
query_path_8_7.graph,3,0.1,460,609320.0,616875.4950378772,0.012399880256478096,460,0,460,8_POSSA
query_path_8_7.graph,4,0.1,460,609320.0,617717.6472252652,0.013781998334643797,460,0,460,8_POSSA
query_path_8_7.graph,5,0.1,460,609320.0,605431.8225865426,0.00638117477426873,460,0,460,8_POSSA
query_tree_6_6.graph,1,0.01,36,1117700.0,1589770.2375060783,0.42235862709678657,36,0,36,8_POSSA
query_tree_6_6.graph,2,0.01,36,1117700.0,1232067.945406906,0.10232436736772486,36,0,36,8_POSSA
query_tree_6_6.graph,3,0.01,36,1117700.0,946752.3798937773,0.1529458889739847,36,0,36,8_POSSA
query_tree_6_6.graph,4,0.01,36,1117700.0,734541.023841999,0.342810213973339,36,0,36,8_POSSA
query_tree_6_6.graph,5,0.01,36,1117700.0,1404275.9467377025,0.25639791244314436,36,0,36,8_POSSA
query_tree_6_6.graph,1,0.05,184,1117700.0,1135252.006541453,0.01570368304684,184,0,184,8_POSSA
query_tree_6_6.graph,2,0.05,184,1117700.0,1102909.5518011923,0.013232932091623566,184,0,184,8_POSSA
query_tree_6_6.graph,3,0.05,184,1117700.0,1107731.7764802321,0.008918514377532313,184,0,184,8_POSSA
query_tree_6_6.graph,4,0.05,184,1117700.0,1093490.7093458017,0.021659918273417077,184,0,184,8_POSSA
query_tree_6_6.graph,5,0.05,184,1117700.0,1018473.9234705511,0.08877702114113703,184,0,184,8_POSSA
query_tree_6_6.graph,1,0.1,369,1117700.0,1193722.127595418,0.06801657653701162,369,0,369,8_POSSA
query_tree_6_6.graph,2,0.1,369,1117700.0,1150348.4587927505,0.029210395269527147,369,0,369,8_POSSA
query_tree_6_6.graph,3,0.1,369,1117700.0,1166030.6433356644,0.043241158929645175,369,0,369,8_POSSA
query_tree_6_6.graph,4,0.1,369,1117700.0,1082891.6385889906,0.031142848180199918,369,0,369,8_POSSA
query_tree_6_6.graph,5,0.1,369,1117700.0,1121153.0109842808,0.0030893898043131834,369,0,369,8_POSSA
query_star_4_6.graph,1,0.01,70,2636.0,2574.127539072542,0.023472102021038763,70,0,70,8_POSSA
query_star_4_6.graph,2,0.01,70,2636.0,2042.250966325029,0.22524621914831983,70,0,70,8_POSSA
query_star_4_6.graph,3,0.01,70,2636.0,3275.878225059444,0.24274591238977392,70,0,70,8_POSSA
query_star_4_6.graph,4,0.01,70,2636.0,2408.097788487391,0.08645759162086837,70,0,70,8_POSSA
query_star_4_6.graph,5,0.01,70,2636.0,2411.3904880855043,0.0852084643074718,70,0,70,8_POSSA
query_star_4_6.graph,1,0.05,352,2636.0,2624.006248299608,0.004549981676931654,352,0,352,8_POSSA
query_star_4_6.graph,2,0.05,352,2636.0,2572.4829472095284,0.024095998782424716,352,0,352,8_POSSA
query_star_4_6.graph,3,0.05,352,2636.0,2587.955072790154,0.018226451900548488,352,0,352,8_POSSA
query_star_4_6.graph,4,0.05,352,2636.0,2474.347236171623,0.06132502421410353,352,0,352,8_POSSA
query_star_4_6.graph,5,0.05,352,2636.0,2682.555736394038,0.017661508495462035,352,0,352,8_POSSA
query_star_4_6.graph,1,0.1,705,2636.0,2559.0842035113965,0.02917898197594974,705,0,705,8_POSSA
query_star_4_6.graph,2,0.1,705,2636.0,2595.905669726245,0.015210292213108906,705,0,705,8_POSSA
query_star_4_6.graph,3,0.1,705,2636.0,2629.166254484735,0.0025924679496453096,705,0,705,8_POSSA
query_star_4_6.graph,4,0.1,705,2636.0,2619.53416785402,0.006246522058414313,705,0,705,8_POSSA
query_star_4_6.graph,5,0.1,705,2636.0,2670.3099745370837,0.01301592357249002,705,0,705,8_POSSA
query_star_4_7.graph,1,0.01,70,2636.0,2052.3570067921037,0.22141236464639466,70,0,70,8_POSSA
query_star_4_7.graph,2,0.01,70,2636.0,2130.4614298020115,0.19178246213884237,70,0,70,8_POSSA
query_star_4_7.graph,3,0.01,70,2636.0,2597.539947345206,0.014590308290892943,70,0,70,8_POSSA
query_star_4_7.graph,4,0.01,70,2636.0,2893.6068550480213,0.09772642452504603,70,0,70,8_POSSA
query_star_4_7.graph,5,0.01,70,2636.0,2706.980420367683,0.026927321839030013,70,0,70,8_POSSA
query_star_4_7.graph,1,0.05,351,2636.0,2723.765821703645,0.03329507651883349,351,0,351,8_POSSA
query_star_4_7.graph,2,0.05,351,2636.0,2758.1444152508325,0.04633703158225815,351,0,351,8_POSSA
query_star_4_7.graph,3,0.05,351,2636.0,2567.23694302515,0.026086136940383104,351,0,351,8_POSSA
query_star_4_7.graph,4,0.05,351,2636.0,2741.361478439563,0.03997021185112411,351,0,351,8_POSSA
query_star_4_7.graph,5,0.05,351,2636.0,2431.057464878893,0.07774754746627735,351,0,351,8_POSSA
query_star_4_7.graph,1,0.1,702,2636.0,2594.4613059431285,0.01575822991535336,702,0,702,8_POSSA
query_star_4_7.graph,2,0.1,702,2636.0,2724.4133708663685,0.03354073249862234,702,0,702,8_POSSA
query_star_4_7.graph,3,0.1,702,2636.0,2481.8876299388535,0.05846448029633783,702,0,702,8_POSSA
query_star_4_7.graph,4,0.1,702,2636.0,2720.342103233321,0.03199624553616116,702,0,702,8_POSSA
query_star_4_7.graph,5,0.1,702,2636.0,2622.1138275929006,0.005267895450341186,702,0,702,8_POSSA
